path	ext	bytes	sha256_16
.DS_Store		12292	437bf2f40f9a289b
.gitattributes		84	cd351d763a71906a
BMS_Dashboard/.DS_Store		10244	6d7dff0aa50f3a9e
BMS_Dashboard/.github/workflows/release.yml	.yml	9995	9f6d2a152becd80f
BMS_Dashboard/.vscode/c_cpp_properties.json	.json	339	66b7d821741afe76
BMS_Dashboard/.vscode/launch.json	.json	765	d08914e8608454a7
BMS_Dashboard/.vscode/settings.json	.json	1452	e4252112c437eb00
BMS_Dashboard/BMS Logo.png	.png	179172	fa904d5c7b7ed1ae
BMS_Dashboard/BMSDashboard.spec	.spec	858	6117b4ef76667378
BMS_Dashboard/BMS_Firmware/.osx.project	.project	0	e3b0c44298fc1c14
BMS_Dashboard/BMS_Firmware/BMS=Firmware.ioc	.ioc	4961	394c988604b832f9
BMS_Dashboard/BMS_Firmware/Core/Inc/main.h	.h	3255	8f8bf6abd4d5b90d
BMS_Dashboard/BMS_Firmware/Core/Inc/mcp4725.h	.h	830	b8e620b2161acf3d
BMS_Dashboard/BMS_Firmware/Core/Inc/sensors.h	.h	1872	0e50884b4abb57eb
BMS_Dashboard/BMS_Firmware/Core/Inc/stm32f3xx_hal_conf.h	.h	13698	1a724bff3c9d242a
BMS_Dashboard/BMS_Firmware/Core/Inc/stm32f3xx_it.h	.h	1965	7176a61ea14c1c2e
BMS_Dashboard/BMS_Firmware/Core/Src/main.c	.c	7309	0ecb4b247b62ef16
BMS_Dashboard/BMS_Firmware/Core/Src/mcp4725.c	.c	595	15e3d04a65901cfa
BMS_Dashboard/BMS_Firmware/Core/Src/sensors.c	.c	7706	a46dcae4b833131a
BMS_Dashboard/BMS_Firmware/Core/Src/stm32f3xx_hal_msp.c	.c	3962	f3345218c788a6dc
BMS_Dashboard/BMS_Firmware/Core/Src/stm32f3xx_it.c	.c	5802	825bd80002ca8ce3
BMS_Dashboard/BMS_Firmware/Core/Src/system_stm32f3xx.c	.c	10989	a4640b7b931c8e65
BMS_Dashboard/BMS_Firmware/Drivers/CMSIS/Core/Include/cmsis_armcc.h	.h	28208	57b8d88cd03152f6
BMS_Dashboard/BMS_Firmware/Drivers/CMSIS/Core/Include/cmsis_armclang.h	.h	56497	da29dbad3cf27f6c
BMS_Dashboard/BMS_Firmware/Drivers/CMSIS/Core/Include/cmsis_compiler.h	.h	9014	cd3cbd1c771a5252
BMS_Dashboard/BMS_Firmware/Drivers/CMSIS/Core/Include/cmsis_gcc.h	.h	62344	8c16d51f7884a9fc
BMS_Dashboard/BMS_Firmware/Drivers/CMSIS/Core/Include/cmsis_iccarm.h	.h	28414	a600765888c69ee6
BMS_Dashboard/BMS_Firmware/Drivers/CMSIS/Core/Include/cmsis_version.h	.h	1716	280b9fc8739aefa8
BMS_Dashboard/BMS_Firmware/Drivers/CMSIS/Core/Include/core_armv8mbl.h	.h	97995	220d90f3f99126e6
BMS_Dashboard/BMS_Firmware/Drivers/CMSIS/Core/Include/core_armv8mml.h	.h	168914	825a8799d71f3fa2
BMS_Dashboard/BMS_Firmware/Drivers/CMSIS/Core/Include/core_cm0.h	.h	42208	1beaa04c859225f7
BMS_Dashboard/BMS_Firmware/Drivers/CMSIS/Core/Include/core_cm0plus.h	.h	50464	c953256e1c1b1cd6
BMS_Dashboard/BMS_Firmware/Drivers/CMSIS/Core/Include/core_cm1.h	.h	43456	460281028a261740
BMS_Dashboard/BMS_Firmware/Drivers/CMSIS/Core/Include/core_cm23.h	.h	104628	6303efec943ca0f9
BMS_Dashboard/BMS_Firmware/Drivers/CMSIS/Core/Include/core_cm3.h	.h	111854	368296087a925cf7
BMS_Dashboard/BMS_Firmware/Drivers/CMSIS/Core/Include/core_cm33.h	.h	175600	7f1b6a76b119e1e1
BMS_Dashboard/BMS_Firmware/Drivers/CMSIS/Core/Include/core_cm4.h	.h	123607	738dff259c25e68e
BMS_Dashboard/BMS_Firmware/Drivers/CMSIS/Core/Include/core_cm7.h	.h	148588	6b75e3bef1eb81e0
BMS_Dashboard/BMS_Firmware/Drivers/CMSIS/Core/Include/core_sc000.h	.h	47249	d1528d13fbf91da6
BMS_Dashboard/BMS_Firmware/Drivers/CMSIS/Core/Include/core_sc300.h	.h	110523	fa514ea0cf5327b0
BMS_Dashboard/BMS_Firmware/Drivers/CMSIS/Core/Include/mpu_armv7.h	.h	11711	b0b6da4ec744b5f5
BMS_Dashboard/BMS_Firmware/Drivers/CMSIS/Core/Include/mpu_armv8.h	.h	10958	8280a1d4d3d25f60
BMS_Dashboard/BMS_Firmware/Drivers/CMSIS/Core/Include/tz_context.h	.h	2757	7fcc21fc190f6fd9
BMS_Dashboard/BMS_Firmware/Drivers/CMSIS/Core/Template/ARMv8-M/main_s.c	.c	1877	201200cc4594e26c
BMS_Dashboard/BMS_Firmware/Drivers/CMSIS/Core/Template/ARMv8-M/tz_context.c	.c	6001	e7e04f69a91598e6
BMS_Dashboard/BMS_Firmware/Drivers/CMSIS/Core_A/Include/cmsis_armcc.h	.h	16600	9ec2b06470952cb5
BMS_Dashboard/BMS_Firmware/Drivers/CMSIS/Core_A/Include/cmsis_armclang.h	.h	16510	8324379be10273cf
BMS_Dashboard/BMS_Firmware/Drivers/CMSIS/Core_A/Include/cmsis_compiler.h	.h	5456	5143af4fb785f777
BMS_Dashboard/BMS_Firmware/Drivers/CMSIS/Core_A/Include/cmsis_cp15.h	.h	12551	5d0183058de6b224
BMS_Dashboard/BMS_Firmware/Drivers/CMSIS/Core_A/Include/cmsis_gcc.h	.h	21749	82f7fc9703bcb489
BMS_Dashboard/BMS_Firmware/Drivers/CMSIS/Core_A/Include/cmsis_iccarm.h	.h	16564	dc20a991d69cc349
BMS_Dashboard/BMS_Firmware/Drivers/CMSIS/Core_A/Include/core_ca.h	.h	108936	bbe6487f7d9b423c
BMS_Dashboard/BMS_Firmware/Drivers/CMSIS/Core_A/Include/irq_ctrl.h	.h	8476	aaf874ab6ec9ad81
BMS_Dashboard/BMS_Firmware/Drivers/CMSIS/Core_A/Source/irq_ctrl_gic.c	.c	9564	2d4abe8031f19ad5
BMS_Dashboard/BMS_Firmware/Drivers/CMSIS/DSP/DSP_Lib_TestSuite/Common/JTest/inc/arr_desc/arr_desc.h	.h	9200	80d79e48f64e2c7f
BMS_Dashboard/BMS_Firmware/Drivers/CMSIS/DSP/DSP_Lib_TestSuite/Common/JTest/inc/jtest.h	.h	482	03e722f5ab48989c
BMS_Dashboard/BMS_Firmware/Drivers/CMSIS/DSP/DSP_Lib_TestSuite/Common/JTest/inc/jtest_cycle.h	.h	3078	e77f8a2ae0153473
BMS_Dashboard/BMS_Firmware/Drivers/CMSIS/DSP/DSP_Lib_TestSuite/Common/JTest/inc/jtest_define.h	.h	1286	6d4620f3d6cad956
BMS_Dashboard/BMS_Firmware/Drivers/CMSIS/DSP/DSP_Lib_TestSuite/Common/JTest/inc/jtest_fw.h	.h	8264	ea9b2e6a1b3ba324
BMS_Dashboard/BMS_Firmware/Drivers/CMSIS/DSP/DSP_Lib_TestSuite/Common/JTest/inc/jtest_group.h	.h	2215	e63e48079722700d
BMS_Dashboard/BMS_Firmware/Drivers/CMSIS/DSP/DSP_Lib_TestSuite/Common/JTest/inc/jtest_group_call.h	.h	6672	b88c7186c60c914d
BMS_Dashboard/BMS_Firmware/Drivers/CMSIS/DSP/DSP_Lib_TestSuite/Common/JTest/inc/jtest_group_define.h	.h	2834	880a9f85d5ccc58b
BMS_Dashboard/BMS_Firmware/Drivers/CMSIS/DSP/DSP_Lib_TestSuite/Common/JTest/inc/jtest_pf.h	.h	2740	32f566f267bf577b
BMS_Dashboard/BMS_Firmware/Drivers/CMSIS/DSP/DSP_Lib_TestSuite/Common/JTest/inc/jtest_systick.h	.h	3003	66de89a99c4af1f2
BMS_Dashboard/BMS_Firmware/Drivers/CMSIS/DSP/DSP_Lib_TestSuite/Common/JTest/inc/jtest_test.h	.h	3706	92b80431b0d78f54
BMS_Dashboard/BMS_Firmware/Drivers/CMSIS/DSP/DSP_Lib_TestSuite/Common/JTest/inc/jtest_test_call.h	.h	6155	73e9de27fd613fce
BMS_Dashboard/BMS_Firmware/Drivers/CMSIS/DSP/DSP_Lib_TestSuite/Common/JTest/inc/jtest_test_define.h	.h	5207	5f449510bc631467
BMS_Dashboard/BMS_Firmware/Drivers/CMSIS/DSP/DSP_Lib_TestSuite/Common/JTest/inc/jtest_test_ret.h	.h	446	39b1212b900005ae
BMS_Dashboard/BMS_Firmware/Drivers/CMSIS/DSP/DSP_Lib_TestSuite/Common/JTest/inc/jtest_util.h	.h	1078	4b817e94c3e22382
BMS_Dashboard/BMS_Firmware/Drivers/CMSIS/DSP/DSP_Lib_TestSuite/Common/JTest/inc/opt_arg/opt_arg.h	.h	514	00607ac6216633a1
BMS_Dashboard/BMS_Firmware/Drivers/CMSIS/DSP/DSP_Lib_TestSuite/Common/JTest/inc/opt_arg/pp_narg.h	.h	1182	a61e8474ffe6f52d
BMS_Dashboard/BMS_Firmware/Drivers/CMSIS/DSP/DSP_Lib_TestSuite/Common/JTest/inc/opt_arg/splice.h	.h	169	3db00d6cc93b2464
BMS_Dashboard/BMS_Firmware/Drivers/CMSIS/DSP/DSP_Lib_TestSuite/Common/JTest/inc/util/util.h	.h	1238	2fb93286ab4e8a21
BMS_Dashboard/BMS_Firmware/Drivers/CMSIS/DSP/DSP_Lib_TestSuite/Common/JTest/src/jtest_cycle.c	.c	445	b3d28eb1bda43b4c
BMS_Dashboard/BMS_Firmware/Drivers/CMSIS/DSP/DSP_Lib_TestSuite/Common/JTest/src/jtest_dump_str_segments.c	.c	1071	f52cf4980a2d5bda
BMS_Dashboard/BMS_Firmware/Drivers/CMSIS/DSP/DSP_Lib_TestSuite/Common/JTest/src/jtest_fw.c	.c	322	22fc486d43e51141
BMS_Dashboard/BMS_Firmware/Drivers/CMSIS/DSP/DSP_Lib_TestSuite/Common/JTest/src/jtest_trigger_action.c	.c	486	9d4ac839040c0e12
BMS_Dashboard/BMS_Firmware/Drivers/CMSIS/DSP/DSP_Lib_TestSuite/Common/inc/all_tests.h	.h	310	39cdff6ded38c4de
BMS_Dashboard/BMS_Firmware/Drivers/CMSIS/DSP/DSP_Lib_TestSuite/Common/inc/basic_math_tests/basic_math_templates.h	.h	13581	63f16370e76b8f25
BMS_Dashboard/BMS_Firmware/Drivers/CMSIS/DSP/DSP_Lib_TestSuite/Common/inc/basic_math_tests/basic_math_test_data.h	.h	1515	cd459221da44488d
BMS_Dashboard/BMS_Firmware/Drivers/CMSIS/DSP/DSP_Lib_TestSuite/Common/inc/basic_math_tests/basic_math_test_group.h	.h	353	dc1ec425710ac6ea
BMS_Dashboard/BMS_Firmware/Drivers/CMSIS/DSP/DSP_Lib_TestSuite/Common/inc/basic_math_tests/basic_math_tests.h	.h	615	07e86cf5f25fcf29
BMS_Dashboard/BMS_Firmware/Drivers/CMSIS/DSP/DSP_Lib_TestSuite/Common/inc/complex_math_tests/complex_math_templates.h	.h	10636	898eaeacfcb91d5c
BMS_Dashboard/BMS_Firmware/Drivers/CMSIS/DSP/DSP_Lib_TestSuite/Common/inc/complex_math_tests/complex_math_test_data.h	.h	1786	1167520ab98850d9
BMS_Dashboard/BMS_Firmware/Drivers/CMSIS/DSP/DSP_Lib_TestSuite/Common/inc/complex_math_tests/complex_math_test_group.h	.h	361	e2fb8cda7d68f85e
BMS_Dashboard/BMS_Firmware/Drivers/CMSIS/DSP/DSP_Lib_TestSuite/Common/inc/complex_math_tests/complex_math_tests.h	.h	569	7c3356fa8944b560
BMS_Dashboard/BMS_Firmware/Drivers/CMSIS/DSP/DSP_Lib_TestSuite/Common/inc/controller_tests/controller_templates.h	.h	1904	b34441fc066c8969
BMS_Dashboard/BMS_Firmware/Drivers/CMSIS/DSP/DSP_Lib_TestSuite/Common/inc/controller_tests/controller_test_data.h	.h	1496	40b6519e7873644b
BMS_Dashboard/BMS_Firmware/Drivers/CMSIS/DSP/DSP_Lib_TestSuite/Common/inc/controller_tests/controller_test_group.h	.h	352	4971d928dd14c8af
BMS_Dashboard/BMS_Firmware/Drivers/CMSIS/DSP/DSP_Lib_TestSuite/Common/inc/controller_tests/controller_tests.h	.h	411	e380292248a61fed
BMS_Dashboard/BMS_Firmware/Drivers/CMSIS/DSP/DSP_Lib_TestSuite/Common/inc/fast_math_tests/fast_math_templates.h	.h	5664	c41d6ff8799af78f
BMS_Dashboard/BMS_Firmware/Drivers/CMSIS/DSP/DSP_Lib_TestSuite/Common/inc/fast_math_tests/fast_math_test_data.h	.h	1221	82e5f70487f84d30
BMS_Dashboard/BMS_Firmware/Drivers/CMSIS/DSP/DSP_Lib_TestSuite/Common/inc/fast_math_tests/fast_math_test_group.h	.h	349	93935a7d6ce8eed5
BMS_Dashboard/BMS_Firmware/Drivers/CMSIS/DSP/DSP_Lib_TestSuite/Common/inc/filtering_tests/filtering_templates.h	.h	3942	c4528b151d650525
BMS_Dashboard/BMS_Firmware/Drivers/CMSIS/DSP/DSP_Lib_TestSuite/Common/inc/filtering_tests/filtering_test_data.h	.h	3562	cb4cfd12c03f3b4b
BMS_Dashboard/BMS_Firmware/Drivers/CMSIS/DSP/DSP_Lib_TestSuite/Common/inc/filtering_tests/filtering_test_group.h	.h	349	f1e9b5c6e59f0407
BMS_Dashboard/BMS_Firmware/Drivers/CMSIS/DSP/DSP_Lib_TestSuite/Common/inc/filtering_tests/filtering_tests.h	.h	509	162b7bce8eebdddb
BMS_Dashboard/BMS_Firmware/Drivers/CMSIS/DSP/DSP_Lib_TestSuite/Common/inc/intrinsics_tests/intrinsics_templates.h	.h	10670	3acc2d0df93ac114
BMS_Dashboard/BMS_Firmware/Drivers/CMSIS/DSP/DSP_Lib_TestSuite/Common/inc/intrinsics_tests/intrinsics_test_data.h	.h	1115	129627bdc7688ba8
BMS_Dashboard/BMS_Firmware/Drivers/CMSIS/DSP/DSP_Lib_TestSuite/Common/inc/intrinsics_tests/intrinsics_test_group.h	.h	353	569fd6f68870bf46
BMS_Dashboard/BMS_Firmware/Drivers/CMSIS/DSP/DSP_Lib_TestSuite/Common/inc/math_helper.h	.h	2001	3a0d0230de8adf95
BMS_Dashboard/BMS_Firmware/Drivers/CMSIS/DSP/DSP_Lib_TestSuite/Common/inc/matrix_tests/matrix_templates.h	.h	20903	e271e3dc552ebe12
BMS_Dashboard/BMS_Firmware/Drivers/CMSIS/DSP/DSP_Lib_TestSuite/Common/inc/matrix_tests/matrix_test_data.h	.h	2224	dc6a1a270b42f685
BMS_Dashboard/BMS_Firmware/Drivers/CMSIS/DSP/DSP_Lib_TestSuite/Common/inc/matrix_tests/matrix_test_group.h	.h	337	4d03b8e169cc9d0d
BMS_Dashboard/BMS_Firmware/Drivers/CMSIS/DSP/DSP_Lib_TestSuite/Common/inc/matrix_tests/matrix_tests.h	.h	646	217d28138788a79b
BMS_Dashboard/BMS_Firmware/Drivers/CMSIS/DSP/DSP_Lib_TestSuite/Common/inc/statistics_tests/statistics_templates.h	.h	6968	cf7bb185baa75bfe
BMS_Dashboard/BMS_Firmware/Drivers/CMSIS/DSP/DSP_Lib_TestSuite/Common/inc/statistics_tests/statistics_test_data.h	.h	1492	45fb388eb7a531be
BMS_Dashboard/BMS_Firmware/Drivers/CMSIS/DSP/DSP_Lib_TestSuite/Common/inc/statistics_tests/statistics_test_group.h	.h	353	4c54464c5a646471
BMS_Dashboard/BMS_Firmware/Drivers/CMSIS/DSP/DSP_Lib_TestSuite/Common/inc/statistics_tests/statistics_tests.h	.h	536	3539a8141fbfb7c4
BMS_Dashboard/BMS_Firmware/Drivers/CMSIS/DSP/DSP_Lib_TestSuite/Common/inc/support_tests/support_templates.h	.h	5659	95f8c6d6f89c5e27
BMS_Dashboard/BMS_Firmware/Drivers/CMSIS/DSP/DSP_Lib_TestSuite/Common/inc/support_tests/support_test_data.h	.h	896	da16522b688edebc
BMS_Dashboard/BMS_Firmware/Drivers/CMSIS/DSP/DSP_Lib_TestSuite/Common/inc/support_tests/support_test_group.h	.h	341	94dddd9796065c3c
BMS_Dashboard/BMS_Firmware/Drivers/CMSIS/DSP/DSP_Lib_TestSuite/Common/inc/support_tests/support_tests.h	.h	397	fea2b6e7a778443f
BMS_Dashboard/BMS_Firmware/Drivers/CMSIS/DSP/DSP_Lib_TestSuite/Common/inc/templates/template.h	.h	3732	ef9463f7d8f232b1
BMS_Dashboard/BMS_Firmware/Drivers/CMSIS/DSP/DSP_Lib_TestSuite/Common/inc/templates/test_templates.h	.h	25669	8b9245d799949c3e
BMS_Dashboard/BMS_Firmware/Drivers/CMSIS/DSP/DSP_Lib_TestSuite/Common/inc/transform_tests/transform_templates.h	.h	9225	5951aa51a856ae2a
BMS_Dashboard/BMS_Firmware/Drivers/CMSIS/DSP/DSP_Lib_TestSuite/Common/inc/transform_tests/transform_test_data.h	.h	2095	f1f266ded9e25d35
BMS_Dashboard/BMS_Firmware/Drivers/CMSIS/DSP/DSP_Lib_TestSuite/Common/inc/transform_tests/transform_test_group.h	.h	349	35a01575edbfe109
BMS_Dashboard/BMS_Firmware/Drivers/CMSIS/DSP/DSP_Lib_TestSuite/Common/inc/transform_tests/transform_tests.h	.h	481	1e54567a7ae19728
BMS_Dashboard/BMS_Firmware/Drivers/CMSIS/DSP/DSP_Lib_TestSuite/Common/inc/type_abbrev.h	.h	1075	40acedba082b70af
BMS_Dashboard/BMS_Firmware/Drivers/CMSIS/DSP/DSP_Lib_TestSuite/Common/platform/ARMCC/Retarget.c	.c	1326	2e0c3cf302e41f97
BMS_Dashboard/BMS_Firmware/Drivers/CMSIS/DSP/DSP_Lib_TestSuite/Common/platform/ARMCC/startup_armv6-m.s	.s	6589	8bcfb8e5b5419b8b
BMS_Dashboard/BMS_Firmware/Drivers/CMSIS/DSP/DSP_Lib_TestSuite/Common/platform/ARMCC/startup_armv7-m.s	.s	7301	943ef7ae66cbb2be
BMS_Dashboard/BMS_Firmware/Drivers/CMSIS/DSP/DSP_Lib_TestSuite/Common/platform/ARMCLANG/startup_armv6-m.S	.s	5959	456dabd24cb1852a
BMS_Dashboard/BMS_Firmware/Drivers/CMSIS/DSP/DSP_Lib_TestSuite/Common/platform/ARMCLANG/startup_armv7-m.S	.s	6693	bc61aa62c720cb55
BMS_Dashboard/BMS_Firmware/Drivers/CMSIS/DSP/DSP_Lib_TestSuite/Common/platform/GCC/Retarget.c	.c	2141	0d06b01b5d8a2a31
BMS_Dashboard/BMS_Firmware/Drivers/CMSIS/DSP/DSP_Lib_TestSuite/Common/platform/GCC/startup_armv6-m.S	.s	7553	a50e96b9bbb5ade9
BMS_Dashboard/BMS_Firmware/Drivers/CMSIS/DSP/DSP_Lib_TestSuite/Common/platform/GCC/startup_armv7-m.S	.s	7604	309a1567de8fa2b3
BMS_Dashboard/BMS_Firmware/Drivers/CMSIS/DSP/DSP_Lib_TestSuite/Common/platform/startup_generic.S	.s	1974	922baa2c5a52c68f
BMS_Dashboard/BMS_Firmware/Drivers/CMSIS/DSP/DSP_Lib_TestSuite/Common/platform/system_ARMCM0.c	.c	2103	b047d0a67697ddb0
BMS_Dashboard/BMS_Firmware/Drivers/CMSIS/DSP/DSP_Lib_TestSuite/Common/platform/system_ARMCM23.c	.c	2816	2c9d189decd6dce3
BMS_Dashboard/BMS_Firmware/Drivers/CMSIS/DSP/DSP_Lib_TestSuite/Common/platform/system_ARMCM3.c	.c	2480	4740e947496dafcb
BMS_Dashboard/BMS_Firmware/Drivers/CMSIS/DSP/DSP_Lib_TestSuite/Common/platform/system_ARMCM33.c	.c	3350	16eaf5f3b43c5e48
BMS_Dashboard/BMS_Firmware/Drivers/CMSIS/DSP/DSP_Lib_TestSuite/Common/platform/system_ARMCM4.c	.c	2890	a1243b49235b9fa5
BMS_Dashboard/BMS_Firmware/Drivers/CMSIS/DSP/DSP_Lib_TestSuite/Common/platform/system_ARMCM7.c	.c	2943	2ac5b2838053c5b0
BMS_Dashboard/BMS_Firmware/Drivers/CMSIS/DSP/DSP_Lib_TestSuite/Common/platform/system_ARMSC000.c	.c	2113	de84cc08a5d07d85
BMS_Dashboard/BMS_Firmware/Drivers/CMSIS/DSP/DSP_Lib_TestSuite/Common/platform/system_ARMSC300.c	.c	2570	a4a4777f5293381d
BMS_Dashboard/BMS_Firmware/Drivers/CMSIS/DSP/DSP_Lib_TestSuite/Common/platform/system_ARMv8MBL.c	.c	2689	cd772931e9e77342
BMS_Dashboard/BMS_Firmware/Drivers/CMSIS/DSP/DSP_Lib_TestSuite/Common/platform/system_ARMv8MML.c	.c	3350	a3095444edafb70b
BMS_Dashboard/BMS_Firmware/Drivers/CMSIS/DSP/DSP_Lib_TestSuite/Common/platform/system_generic.c	.c	712	c73408223d1cce3e
BMS_Dashboard/BMS_Firmware/Drivers/CMSIS/DSP/DSP_Lib_TestSuite/Common/src/all_tests.c	.c	882	58f67950977d2906
BMS_Dashboard/BMS_Firmware/Drivers/CMSIS/DSP/DSP_Lib_TestSuite/Common/src/basic_math_tests/abs_tests.c	.c	1082	30ae87157090d732
BMS_Dashboard/BMS_Firmware/Drivers/CMSIS/DSP/DSP_Lib_TestSuite/Common/src/basic_math_tests/add_tests.c	.c	1132	74c12aa707db5bc1
BMS_Dashboard/BMS_Firmware/Drivers/CMSIS/DSP/DSP_Lib_TestSuite/Common/src/basic_math_tests/basic_math_test_common_data.c	.c	3609	b94c112ca1841c56
BMS_Dashboard/BMS_Firmware/Drivers/CMSIS/DSP/DSP_Lib_TestSuite/Common/src/basic_math_tests/basic_math_test_group.c	.c	435	1b91d2020a866774
BMS_Dashboard/BMS_Firmware/Drivers/CMSIS/DSP/DSP_Lib_TestSuite/Common/src/basic_math_tests/dot_prod_tests.c	.c	1186	6e00df14f9161d20
BMS_Dashboard/BMS_Firmware/Drivers/CMSIS/DSP/DSP_Lib_TestSuite/Common/src/basic_math_tests/mult_tests.c	.c	1263	02c6bfa1e5a36cc0
BMS_Dashboard/BMS_Firmware/Drivers/CMSIS/DSP/DSP_Lib_TestSuite/Common/src/basic_math_tests/negate_tests.c	.c	1108	1d184a418152b7ab
BMS_Dashboard/BMS_Firmware/Drivers/CMSIS/DSP/DSP_Lib_TestSuite/Common/src/basic_math_tests/offset_tests.c	.c	1179	052bf72e8ed8da8c
BMS_Dashboard/BMS_Firmware/Drivers/CMSIS/DSP/DSP_Lib_TestSuite/Common/src/basic_math_tests/scale_tests.c	.c	1699	bf99c87d59ee02de
BMS_Dashboard/BMS_Firmware/Drivers/CMSIS/DSP/DSP_Lib_TestSuite/Common/src/basic_math_tests/shift_tests.c	.c	1100	480dfa22066e8ca9
BMS_Dashboard/BMS_Firmware/Drivers/CMSIS/DSP/DSP_Lib_TestSuite/Common/src/basic_math_tests/sub_tests.c	.c	1132	56156ab2ca635bc5
BMS_Dashboard/BMS_Firmware/Drivers/CMSIS/DSP/DSP_Lib_TestSuite/Common/src/complex_math_tests/cmplx_conj_tests.c	.c	1157	897e5f8636759d8d
BMS_Dashboard/BMS_Firmware/Drivers/CMSIS/DSP/DSP_Lib_TestSuite/Common/src/complex_math_tests/cmplx_dot_prod_tests.c	.c	1387	849a2dc63f6a6d2c
BMS_Dashboard/BMS_Firmware/Drivers/CMSIS/DSP/DSP_Lib_TestSuite/Common/src/complex_math_tests/cmplx_mag_squared_tests.c	.c	1199	c380b95afa077f76
BMS_Dashboard/BMS_Firmware/Drivers/CMSIS/DSP/DSP_Lib_TestSuite/Common/src/complex_math_tests/cmplx_mag_tests.c	.c	1315	3ab69424e719d5da
BMS_Dashboard/BMS_Firmware/Drivers/CMSIS/DSP/DSP_Lib_TestSuite/Common/src/complex_math_tests/cmplx_mult_cmplx_tests.c	.c	1171	19ba7975154c0c67
BMS_Dashboard/BMS_Firmware/Drivers/CMSIS/DSP/DSP_Lib_TestSuite/Common/src/complex_math_tests/cmplx_mult_real_test.c	.c	1410	5d53e1b0b92789bc
BMS_Dashboard/BMS_Firmware/Drivers/CMSIS/DSP/DSP_Lib_TestSuite/Common/src/complex_math_tests/complex_math_test_common_data.c	.c	5238	cd348ffe2bb4aea6
BMS_Dashboard/BMS_Firmware/Drivers/CMSIS/DSP/DSP_Lib_TestSuite/Common/src/complex_math_tests/complex_math_test_group.c	.c	387	e2e30914bf2710fe
BMS_Dashboard/BMS_Firmware/Drivers/CMSIS/DSP/DSP_Lib_TestSuite/Common/src/controller_tests/controller_test_common_data.c	.c	33334	6ee619ae230e7b75
BMS_Dashboard/BMS_Firmware/Drivers/CMSIS/DSP/DSP_Lib_TestSuite/Common/src/controller_tests/controller_test_group.c	.c	277	7d7529c3b08888ed
BMS_Dashboard/BMS_Firmware/Drivers/CMSIS/DSP/DSP_Lib_TestSuite/Common/src/controller_tests/pid_reset_tests.c	.c	2388	aac9693ddd657611
BMS_Dashboard/BMS_Firmware/Drivers/CMSIS/DSP/DSP_Lib_TestSuite/Common/src/controller_tests/pid_tests.c	.c	4346	0e0fd4453e82a178
BMS_Dashboard/BMS_Firmware/Drivers/CMSIS/DSP/DSP_Lib_TestSuite/Common/src/controller_tests/sin_cos_tests.c	.c	5236	c4331f2d5d788ca0
BMS_Dashboard/BMS_Firmware/Drivers/CMSIS/DSP/DSP_Lib_TestSuite/Common/src/fast_math_tests/fast_math_tests.c	.c	1143	a50f44417e2b95ce
BMS_Dashboard/BMS_Firmware/Drivers/CMSIS/DSP/DSP_Lib_TestSuite/Common/src/fast_math_tests/fast_math_tests_common_data.c	.c	26745	0ad5a52114633cf0
BMS_Dashboard/BMS_Firmware/Drivers/CMSIS/DSP/DSP_Lib_TestSuite/Common/src/filtering_tests/biquad_tests.c	.c	14100	ca6595cf31b47688
BMS_Dashboard/BMS_Firmware/Drivers/CMSIS/DSP/DSP_Lib_TestSuite/Common/src/filtering_tests/conv_tests.c	.c	26080	444e1b75ac91a650
BMS_Dashboard/BMS_Firmware/Drivers/CMSIS/DSP/DSP_Lib_TestSuite/Common/src/filtering_tests/correlate_tests.c	.c	15757	154d0bf990d3fc73
BMS_Dashboard/BMS_Firmware/Drivers/CMSIS/DSP/DSP_Lib_TestSuite/Common/src/filtering_tests/filtering_test_common_data.c	.c	65507	21deef1181c909ce
BMS_Dashboard/BMS_Firmware/Drivers/CMSIS/DSP/DSP_Lib_TestSuite/Common/src/filtering_tests/filtering_test_group.c	.c	379	3dbf190a196c5e9e
BMS_Dashboard/BMS_Firmware/Drivers/CMSIS/DSP/DSP_Lib_TestSuite/Common/src/filtering_tests/fir_tests.c	.c	26959	61ae3efd31c0badb
BMS_Dashboard/BMS_Firmware/Drivers/CMSIS/DSP/DSP_Lib_TestSuite/Common/src/filtering_tests/iir_tests.c	.c	5283	38fab68fab14f08a
BMS_Dashboard/BMS_Firmware/Drivers/CMSIS/DSP/DSP_Lib_TestSuite/Common/src/filtering_tests/lms_tests.c	.c	17135	5ca7bbe88cbbd182
BMS_Dashboard/BMS_Firmware/Drivers/CMSIS/DSP/DSP_Lib_TestSuite/Common/src/intrinsics_tests/intrinsics_tests.c	.c	2282	a878d74d2bb4973f
BMS_Dashboard/BMS_Firmware/Drivers/CMSIS/DSP/DSP_Lib_TestSuite/Common/src/intrinsics_tests/intrinsics_tests_common_data.c	.c	22057	0480a0930cf9947b
BMS_Dashboard/BMS_Firmware/Drivers/CMSIS/DSP/DSP_Lib_TestSuite/Common/src/main.c	.c	693	85b0e661ce7186ce
BMS_Dashboard/BMS_Firmware/Drivers/CMSIS/DSP/DSP_Lib_TestSuite/Common/src/math_helper.c	.c	11027	75d391ecb162e0ae
BMS_Dashboard/BMS_Firmware/Drivers/CMSIS/DSP/DSP_Lib_TestSuite/Common/src/matrix_tests/mat_add_tests.c	.c	1084	8a27aa3d3c23a382
BMS_Dashboard/BMS_Firmware/Drivers/CMSIS/DSP/DSP_Lib_TestSuite/Common/src/matrix_tests/mat_cmplx_mult_tests.c	.c	2400	827bd09d88a2f337
BMS_Dashboard/BMS_Firmware/Drivers/CMSIS/DSP/DSP_Lib_TestSuite/Common/src/matrix_tests/mat_init_tests.c	.c	2701	74db980d2f80c655
BMS_Dashboard/BMS_Firmware/Drivers/CMSIS/DSP/DSP_Lib_TestSuite/Common/src/matrix_tests/mat_inverse_tests.c	.c	3511	417d783b43646962
BMS_Dashboard/BMS_Firmware/Drivers/CMSIS/DSP/DSP_Lib_TestSuite/Common/src/matrix_tests/mat_mult_fast_tests.c	.c	2185	68e4d1042976b192
BMS_Dashboard/BMS_Firmware/Drivers/CMSIS/DSP/DSP_Lib_TestSuite/Common/src/matrix_tests/mat_mult_tests.c	.c	2198	281fb1060f7b78cc
BMS_Dashboard/BMS_Firmware/Drivers/CMSIS/DSP/DSP_Lib_TestSuite/Common/src/matrix_tests/mat_scale_tests.c	.c	4637	04b4572567164850
BMS_Dashboard/BMS_Firmware/Drivers/CMSIS/DSP/DSP_Lib_TestSuite/Common/src/matrix_tests/mat_sub_tests.c	.c	1139	29dd1b06657320e8
BMS_Dashboard/BMS_Firmware/Drivers/CMSIS/DSP/DSP_Lib_TestSuite/Common/src/matrix_tests/mat_trans_tests.c	.c	1113	6e16bfd889186bb1
BMS_Dashboard/BMS_Firmware/Drivers/CMSIS/DSP/DSP_Lib_TestSuite/Common/src/matrix_tests/matrix_test_common_data.c	.c	12303	4266b80f9b727666
BMS_Dashboard/BMS_Firmware/Drivers/CMSIS/DSP/DSP_Lib_TestSuite/Common/src/matrix_tests/matrix_test_group.c	.c	522	1f72d9485a3b0bd7
BMS_Dashboard/BMS_Firmware/Drivers/CMSIS/DSP/DSP_Lib_TestSuite/Common/src/statistics_tests/max_tests.c	.c	1187	e436da2e38772ee2
BMS_Dashboard/BMS_Firmware/Drivers/CMSIS/DSP/DSP_Lib_TestSuite/Common/src/statistics_tests/mean_tests.c	.c	1196	6de161212c312ebf
BMS_Dashboard/BMS_Firmware/Drivers/CMSIS/DSP/DSP_Lib_TestSuite/Common/src/statistics_tests/min_tests.c	.c	1187	7bccfce21bc2d634
BMS_Dashboard/BMS_Firmware/Drivers/CMSIS/DSP/DSP_Lib_TestSuite/Common/src/statistics_tests/power_tests.c	.c	1266	982e04c9c44326d8
BMS_Dashboard/BMS_Firmware/Drivers/CMSIS/DSP/DSP_Lib_TestSuite/Common/src/statistics_tests/rms_tests.c	.c	1127	c5fda04a81d38a1a
BMS_Dashboard/BMS_Firmware/Drivers/CMSIS/DSP/DSP_Lib_TestSuite/Common/src/statistics_tests/statistics_test_common_data.c	.c	3432	eb4a4840a2132de6
BMS_Dashboard/BMS_Firmware/Drivers/CMSIS/DSP/DSP_Lib_TestSuite/Common/src/statistics_tests/statistics_test_group.c	.c	351	246fd3c5df2c2ba0
BMS_Dashboard/BMS_Firmware/Drivers/CMSIS/DSP/DSP_Lib_TestSuite/Common/src/statistics_tests/std_tests.c	.c	1127	498e0ea3f168288a
BMS_Dashboard/BMS_Firmware/Drivers/CMSIS/DSP/DSP_Lib_TestSuite/Common/src/statistics_tests/var_tests.c	.c	1127	cc54527d721baab1
BMS_Dashboard/BMS_Firmware/Drivers/CMSIS/DSP/DSP_Lib_TestSuite/Common/src/support_tests/copy_tests.c	.c	1132	00a47a3f3a870c74
BMS_Dashboard/BMS_Firmware/Drivers/CMSIS/DSP/DSP_Lib_TestSuite/Common/src/support_tests/fill_tests.c	.c	1187	00df982f4a7ea90a
BMS_Dashboard/BMS_Firmware/Drivers/CMSIS/DSP/DSP_Lib_TestSuite/Common/src/support_tests/support_test_common_data.c	.c	3060	9a76755368b31261
BMS_Dashboard/BMS_Firmware/Drivers/CMSIS/DSP/DSP_Lib_TestSuite/Common/src/support_tests/support_test_group.c	.c	211	83302fc65d96107a
BMS_Dashboard/BMS_Firmware/Drivers/CMSIS/DSP/DSP_Lib_TestSuite/Common/src/support_tests/x_to_y_tests.c	.c	2926	c29f8159a31df372
BMS_Dashboard/BMS_Firmware/Drivers/CMSIS/DSP/DSP_Lib_TestSuite/Common/src/transform_tests/cfft_family_tests.c	.c	10199	943fcb26a8a81241
BMS_Dashboard/BMS_Firmware/Drivers/CMSIS/DSP/DSP_Lib_TestSuite/Common/src/transform_tests/cfft_tests.c	.c	8597	4289f065acc0c557
BMS_Dashboard/BMS_Firmware/Drivers/CMSIS/DSP/DSP_Lib_TestSuite/Common/src/transform_tests/dct4_tests.c	.c	13149	cbc0a1c3da19da62
BMS_Dashboard/BMS_Firmware/Drivers/CMSIS/DSP/DSP_Lib_TestSuite/Common/src/transform_tests/rfft_fast_tests.c	.c	4485	d21b2527c2ddf50d
BMS_Dashboard/BMS_Firmware/Drivers/CMSIS/DSP/DSP_Lib_TestSuite/Common/src/transform_tests/rfft_tests.c	.c	5961	e812d50df38b2f97
BMS_Dashboard/BMS_Firmware/Drivers/CMSIS/DSP/DSP_Lib_TestSuite/Common/src/transform_tests/transform_test_group.c	.c	282	b0c1545887f323de
BMS_Dashboard/BMS_Firmware/Drivers/CMSIS/DSP/DSP_Lib_TestSuite/Common/src/transform_tests/transform_tests_common_data.c	.c	279592	f370097041730fe3
BMS_Dashboard/BMS_Firmware/Drivers/CMSIS/DSP/DSP_Lib_TestSuite/DspLibTest_FVP/ARMCM23_config.txt	.txt	24218	bc2998f8ebce6b23
BMS_Dashboard/BMS_Firmware/Drivers/CMSIS/DSP/DSP_Lib_TestSuite/DspLibTest_FVP/ARMCM33_DSP_FP_config.txt	.txt	27330	05b23eeb636e8655
BMS_Dashboard/BMS_Firmware/Drivers/CMSIS/DSP/DSP_Lib_TestSuite/DspLibTest_FVP/ARMCM33_DSP_config.txt	.txt	27330	ded7506d7052375a
BMS_Dashboard/BMS_Firmware/Drivers/CMSIS/DSP/DSP_Lib_TestSuite/DspLibTest_FVP/ARMCM33_FP_config.txt	.txt	27330	15814a1fe9aaed02
BMS_Dashboard/BMS_Firmware/Drivers/CMSIS/DSP/DSP_Lib_TestSuite/DspLibTest_FVP/ARMCM33_config.txt	.txt	27330	b7a506d94aba0746
BMS_Dashboard/BMS_Firmware/Drivers/CMSIS/DSP/DSP_Lib_TestSuite/DspLibTest_MPS2/HowTo.txt	.txt	622	a69e8a24db030421
BMS_Dashboard/BMS_Firmware/Drivers/CMSIS/DSP/DSP_Lib_TestSuite/HowTo.txt	.txt	7527	0fd7037c6a613820
BMS_Dashboard/BMS_Firmware/Drivers/CMSIS/DSP/DSP_Lib_TestSuite/RefLibs/inc/ref.h	.h	29220	0825f785fbe69cdf
BMS_Dashboard/BMS_Firmware/Drivers/CMSIS/DSP/DSP_Lib_TestSuite/RefLibs/src/BasicMathFunctions/abs.c	.c	755	e1832e49484c1d19
BMS_Dashboard/BMS_Firmware/Drivers/CMSIS/DSP/DSP_Lib_TestSuite/RefLibs/src/BasicMathFunctions/add.c	.c	847	6cc02ed67ec9527b
BMS_Dashboard/BMS_Firmware/Drivers/CMSIS/DSP/DSP_Lib_TestSuite/RefLibs/src/BasicMathFunctions/dot_prod.c	.c	1012	323542b597c5bfaa
BMS_Dashboard/BMS_Firmware/Drivers/CMSIS/DSP/DSP_Lib_TestSuite/RefLibs/src/BasicMathFunctions/mult.c	.c	1138	f6c3ddc8b7b20fb7
BMS_Dashboard/BMS_Firmware/Drivers/CMSIS/DSP/DSP_Lib_TestSuite/RefLibs/src/BasicMathFunctions/negate.c	.c	671	82d936e31ceb0e23
BMS_Dashboard/BMS_Firmware/Drivers/CMSIS/DSP/DSP_Lib_TestSuite/RefLibs/src/BasicMathFunctions/offset.c	.c	839	0ba82e28f6b894be
BMS_Dashboard/BMS_Firmware/Drivers/CMSIS/DSP/DSP_Lib_TestSuite/RefLibs/src/BasicMathFunctions/scale.c	.c	1331	399da5f995f5e212
BMS_Dashboard/BMS_Firmware/Drivers/CMSIS/DSP/DSP_Lib_TestSuite/RefLibs/src/BasicMathFunctions/shift.c	.c	966	940d3cbf8f21fde1
BMS_Dashboard/BMS_Firmware/Drivers/CMSIS/DSP/DSP_Lib_TestSuite/RefLibs/src/BasicMathFunctions/sub.c	.c	847	78a9ff40a67a4be0
BMS_Dashboard/BMS_Firmware/Drivers/CMSIS/DSP/DSP_Lib_TestSuite/RefLibs/src/ComplexMathFunctions/cmplx_conj.c	.c	608	71a05ad0192c9b9c
BMS_Dashboard/BMS_Firmware/Drivers/CMSIS/DSP/DSP_Lib_TestSuite/RefLibs/src/ComplexMathFunctions/cmplx_dot_prod.c	.c	1565	563f14424db03756
BMS_Dashboard/BMS_Firmware/Drivers/CMSIS/DSP/DSP_Lib_TestSuite/RefLibs/src/ComplexMathFunctions/cmplx_mag.c	.c	963	09ff6dcf2106d511
BMS_Dashboard/BMS_Firmware/Drivers/CMSIS/DSP/DSP_Lib_TestSuite/RefLibs/src/ComplexMathFunctions/cmplx_mag_squared.c	.c	835	ca6a35ce0e4e4a37
BMS_Dashboard/BMS_Firmware/Drivers/CMSIS/DSP/DSP_Lib_TestSuite/RefLibs/src/ComplexMathFunctions/cmplx_mult_cmplx.c	.c	1251	765eb28fab557838
BMS_Dashboard/BMS_Firmware/Drivers/CMSIS/DSP/DSP_Lib_TestSuite/RefLibs/src/ComplexMathFunctions/cmplx_mult_real.c	.c	1143	f8aaf894a769d93b
BMS_Dashboard/BMS_Firmware/Drivers/CMSIS/DSP/DSP_Lib_TestSuite/RefLibs/src/ControllerFunctions/pid.c	.c	1715	2a8e00de06609788
BMS_Dashboard/BMS_Firmware/Drivers/CMSIS/DSP/DSP_Lib_TestSuite/RefLibs/src/ControllerFunctions/sin_cos.c	.c	601	75b07109b88499b1
BMS_Dashboard/BMS_Firmware/Drivers/CMSIS/DSP/DSP_Lib_TestSuite/RefLibs/src/FastMathFunctions/cos.c	.c	260	e5b7b9382d4026fe
BMS_Dashboard/BMS_Firmware/Drivers/CMSIS/DSP/DSP_Lib_TestSuite/RefLibs/src/FastMathFunctions/sin.c	.c	260	ebb59f204ade0c85
BMS_Dashboard/BMS_Firmware/Drivers/CMSIS/DSP/DSP_Lib_TestSuite/RefLibs/src/FastMathFunctions/sqrt.c	.c	328	d0a647cb106c03d8
BMS_Dashboard/BMS_Firmware/Drivers/CMSIS/DSP/DSP_Lib_TestSuite/RefLibs/src/FilteringFunctions/biquad.c	.c	23310	b81d6776db408742
BMS_Dashboard/BMS_Firmware/Drivers/CMSIS/DSP/DSP_Lib_TestSuite/RefLibs/src/FilteringFunctions/conv.c	.c	8967	f45bcbb001b0869d
BMS_Dashboard/BMS_Firmware/Drivers/CMSIS/DSP/DSP_Lib_TestSuite/RefLibs/src/FilteringFunctions/correlate.c	.c	15130	1c285e5fce8e7bdc
BMS_Dashboard/BMS_Firmware/Drivers/CMSIS/DSP/DSP_Lib_TestSuite/RefLibs/src/FilteringFunctions/fir.c	.c	10027	4cbff887065af8bf
BMS_Dashboard/BMS_Firmware/Drivers/CMSIS/DSP/DSP_Lib_TestSuite/RefLibs/src/FilteringFunctions/fir_decimate.c	.c	11352	ded9d576130eb88f
BMS_Dashboard/BMS_Firmware/Drivers/CMSIS/DSP/DSP_Lib_TestSuite/RefLibs/src/FilteringFunctions/fir_interpolate.c	.c	8561	61ca6ce1cac51dde
BMS_Dashboard/BMS_Firmware/Drivers/CMSIS/DSP/DSP_Lib_TestSuite/RefLibs/src/FilteringFunctions/fir_lattice.c	.c	6356	a9660b8d37e51937
BMS_Dashboard/BMS_Firmware/Drivers/CMSIS/DSP/DSP_Lib_TestSuite/RefLibs/src/FilteringFunctions/fir_sparse.c	.c	16054	936af6f3230677bc
BMS_Dashboard/BMS_Firmware/Drivers/CMSIS/DSP/DSP_Lib_TestSuite/RefLibs/src/FilteringFunctions/iir_lattice.c	.c	7900	4d5d8fff14754d19
BMS_Dashboard/BMS_Firmware/Drivers/CMSIS/DSP/DSP_Lib_TestSuite/RefLibs/src/FilteringFunctions/lms.c	.c	22162	2daf6afdbcaef95b
BMS_Dashboard/BMS_Firmware/Drivers/CMSIS/DSP/DSP_Lib_TestSuite/RefLibs/src/HelperFunctions/mat_helper.c	.c	3916	d153e6e43daf802e
BMS_Dashboard/BMS_Firmware/Drivers/CMSIS/DSP/DSP_Lib_TestSuite/RefLibs/src/HelperFunctions/ref_helper.c	.c	1276	7bc3bfa4b671867f
BMS_Dashboard/BMS_Firmware/Drivers/CMSIS/DSP/DSP_Lib_TestSuite/RefLibs/src/Intrinsics/intrinsics.c	.c	5139	78722060f642ec7f
BMS_Dashboard/BMS_Firmware/Drivers/CMSIS/DSP/DSP_Lib_TestSuite/RefLibs/src/MatrixFunctions/mat_add.c	.c	1569	85472877d8b09e7e
BMS_Dashboard/BMS_Firmware/Drivers/CMSIS/DSP/DSP_Lib_TestSuite/RefLibs/src/MatrixFunctions/mat_cmplx_mult.c	.c	2693	e0d207e2cad2943e
BMS_Dashboard/BMS_Firmware/Drivers/CMSIS/DSP/DSP_Lib_TestSuite/RefLibs/src/MatrixFunctions/mat_inverse.c	.c	1240	8513acc155e183b8
BMS_Dashboard/BMS_Firmware/Drivers/CMSIS/DSP/DSP_Lib_TestSuite/RefLibs/src/MatrixFunctions/mat_mult.c	.c	1746	4283f8f0bbd63502
BMS_Dashboard/BMS_Firmware/Drivers/CMSIS/DSP/DSP_Lib_TestSuite/RefLibs/src/MatrixFunctions/mat_scale.c	.c	1629	1800ba9eae1504f2
BMS_Dashboard/BMS_Firmware/Drivers/CMSIS/DSP/DSP_Lib_TestSuite/RefLibs/src/MatrixFunctions/mat_sub.c	.c	1569	62cca9b7ee18297c
BMS_Dashboard/BMS_Firmware/Drivers/CMSIS/DSP/DSP_Lib_TestSuite/RefLibs/src/MatrixFunctions/mat_trans.c	.c	1410	418f210a40709c66
BMS_Dashboard/BMS_Firmware/Drivers/CMSIS/DSP/DSP_Lib_TestSuite/RefLibs/src/StatisticsFunctions/max.c	.c	1182	66c071b90cddf1c2
BMS_Dashboard/BMS_Firmware/Drivers/CMSIS/DSP/DSP_Lib_TestSuite/RefLibs/src/StatisticsFunctions/mean.c	.c	917	ae979172047c22f6
BMS_Dashboard/BMS_Firmware/Drivers/CMSIS/DSP/DSP_Lib_TestSuite/RefLibs/src/StatisticsFunctions/min.c	.c	1181	12a56433c54f8024
BMS_Dashboard/BMS_Firmware/Drivers/CMSIS/DSP/DSP_Lib_TestSuite/RefLibs/src/StatisticsFunctions/power.c	.c	897	144da402eaec2488
BMS_Dashboard/BMS_Firmware/Drivers/CMSIS/DSP/DSP_Lib_TestSuite/RefLibs/src/StatisticsFunctions/rms.c	.c	1331	5aa1cdeb4a6467b2
BMS_Dashboard/BMS_Firmware/Drivers/CMSIS/DSP/DSP_Lib_TestSuite/RefLibs/src/StatisticsFunctions/std.c	.c	1382	543b0482522dab53
BMS_Dashboard/BMS_Firmware/Drivers/CMSIS/DSP/DSP_Lib_TestSuite/RefLibs/src/StatisticsFunctions/var.c	.c	1170	d3d80531c7abec49
BMS_Dashboard/BMS_Firmware/Drivers/CMSIS/DSP/DSP_Lib_TestSuite/RefLibs/src/SupportFunctions/copy.c	.c	659	8b774d1edb51a22d
BMS_Dashboard/BMS_Firmware/Drivers/CMSIS/DSP/DSP_Lib_TestSuite/RefLibs/src/SupportFunctions/fill.c	.c	647	192e2f5c1891abb6
BMS_Dashboard/BMS_Firmware/Drivers/CMSIS/DSP/DSP_Lib_TestSuite/RefLibs/src/SupportFunctions/fixed_to_fixed.c	.c	1037	a8b09c39a330ed14
BMS_Dashboard/BMS_Firmware/Drivers/CMSIS/DSP/DSP_Lib_TestSuite/RefLibs/src/SupportFunctions/fixed_to_float.c	.c	799	dd29133f061b3064
BMS_Dashboard/BMS_Firmware/Drivers/CMSIS/DSP/DSP_Lib_TestSuite/RefLibs/src/SupportFunctions/float_to_fixed.c	.c	870	0b19f11bac722754
BMS_Dashboard/BMS_Firmware/Drivers/CMSIS/DSP/DSP_Lib_TestSuite/RefLibs/src/TransformFunctions/bitreversal.c	.c	683	ea5432353bce0cc0
BMS_Dashboard/BMS_Firmware/Drivers/CMSIS/DSP/DSP_Lib_TestSuite/RefLibs/src/TransformFunctions/cfft.c	.c	14239	680e930dfa5d040e
BMS_Dashboard/BMS_Firmware/Drivers/CMSIS/DSP/DSP_Lib_TestSuite/RefLibs/src/TransformFunctions/dct4.c	.c	1897	76c570ef39344776
BMS_Dashboard/BMS_Firmware/Drivers/CMSIS/DSP/DSP_Lib_TestSuite/RefLibs/src/TransformFunctions/rfft.c	.c	6436	8cb275f9b8242a74
BMS_Dashboard/BMS_Firmware/Drivers/CMSIS/DSP/Examples/ARM/arm_class_marks_example/Abstract.txt	.txt	187	b609b14f50e0ea29
BMS_Dashboard/BMS_Firmware/Drivers/CMSIS/DSP/Examples/ARM/arm_class_marks_example/arm_class_marks_example_f32.c	.c	8441	5bc31c9c02538cf2
BMS_Dashboard/BMS_Firmware/Drivers/CMSIS/DSP/Examples/ARM/arm_convolution_example/Abstract.txt	.txt	188	a289869ab25bb1ef
BMS_Dashboard/BMS_Firmware/Drivers/CMSIS/DSP/Examples/ARM/arm_convolution_example/arm_convolution_example_f32.c	.c	11101	da5a2c4a10c67012
BMS_Dashboard/BMS_Firmware/Drivers/CMSIS/DSP/Examples/ARM/arm_convolution_example/math_helper.c	.c	11694	72e5392c04ee1c2e
BMS_Dashboard/BMS_Firmware/Drivers/CMSIS/DSP/Examples/ARM/arm_convolution_example/math_helper.h	.h	3085	c18fef4f459b38de
BMS_Dashboard/BMS_Firmware/Drivers/CMSIS/DSP/Examples/ARM/arm_dotproduct_example/Abstract.txt	.txt	187	db92b80c5d4742a1
BMS_Dashboard/BMS_Firmware/Drivers/CMSIS/DSP/Examples/ARM/arm_dotproduct_example/arm_dotproduct_example_f32.c	.c	6954	deb154e8fadfe0e7
BMS_Dashboard/BMS_Firmware/Drivers/CMSIS/DSP/Examples/ARM/arm_fft_bin_example/Abstract.txt	.txt	184	145a4c6f6aaadfe6
BMS_Dashboard/BMS_Firmware/Drivers/CMSIS/DSP/Examples/ARM/arm_fft_bin_example/arm_fft_bin_data.c	.c	44305	65137f20a324af33
BMS_Dashboard/BMS_Firmware/Drivers/CMSIS/DSP/Examples/ARM/arm_fft_bin_example/arm_fft_bin_example_f32.c	.c	5831	c791110de0566170
BMS_Dashboard/BMS_Firmware/Drivers/CMSIS/DSP/Examples/ARM/arm_fir_example/Abstract.txt	.txt	180	dcf61258a11179b2
BMS_Dashboard/BMS_Firmware/Drivers/CMSIS/DSP/Examples/ARM/arm_fir_example/arm_fir_data.c	.c	12715	c1a0869abf91b5c4
BMS_Dashboard/BMS_Firmware/Drivers/CMSIS/DSP/Examples/ARM/arm_fir_example/arm_fir_example_f32.c	.c	9184	ae1aad8b06c901de
BMS_Dashboard/BMS_Firmware/Drivers/CMSIS/DSP/Examples/ARM/arm_fir_example/math_helper.c	.c	11694	72e5392c04ee1c2e
BMS_Dashboard/BMS_Firmware/Drivers/CMSIS/DSP/Examples/ARM/arm_fir_example/math_helper.h	.h	3085	c18fef4f459b38de
BMS_Dashboard/BMS_Firmware/Drivers/CMSIS/DSP/Examples/ARM/arm_graphic_equalizer_example/Abstract.txt	.txt	194	321983720067e186
BMS_Dashboard/BMS_Firmware/Drivers/CMSIS/DSP/Examples/ARM/arm_graphic_equalizer_example/arm_graphic_equalizer_data.c	.c	16568	054f1c79bef48584
BMS_Dashboard/BMS_Firmware/Drivers/CMSIS/DSP/Examples/ARM/arm_graphic_equalizer_example/arm_graphic_equalizer_example_q31.c	.c	23359	842241a4bcbad456
BMS_Dashboard/BMS_Firmware/Drivers/CMSIS/DSP/Examples/ARM/arm_graphic_equalizer_example/math_helper.c	.c	11694	72e5392c04ee1c2e
BMS_Dashboard/BMS_Firmware/Drivers/CMSIS/DSP/Examples/ARM/arm_graphic_equalizer_example/math_helper.h	.h	3085	c18fef4f459b38de
BMS_Dashboard/BMS_Firmware/Drivers/CMSIS/DSP/Examples/ARM/arm_linear_interp_example/Abstract.txt	.txt	190	ccc6d63eacbd66ce
BMS_Dashboard/BMS_Firmware/Drivers/CMSIS/DSP/Examples/ARM/arm_linear_interp_example/arm_linear_interp_data.c	.c	4322086	27cb92ec615f3735
BMS_Dashboard/BMS_Firmware/Drivers/CMSIS/DSP/Examples/ARM/arm_linear_interp_example/arm_linear_interp_example_f32.c	.c	8732	89b8fecfd0bf2c70
BMS_Dashboard/BMS_Firmware/Drivers/CMSIS/DSP/Examples/ARM/arm_linear_interp_example/math_helper.c	.c	11694	72e5392c04ee1c2e
BMS_Dashboard/BMS_Firmware/Drivers/CMSIS/DSP/Examples/ARM/arm_linear_interp_example/math_helper.h	.h	3085	c18fef4f459b38de
BMS_Dashboard/BMS_Firmware/Drivers/CMSIS/DSP/Examples/ARM/arm_matrix_example/Abstract.txt	.txt	183	1ea364ba27c35979
BMS_Dashboard/BMS_Firmware/Drivers/CMSIS/DSP/Examples/ARM/arm_matrix_example/arm_matrix_example_f32.c	.c	8343	a51cdf0513c410be
BMS_Dashboard/BMS_Firmware/Drivers/CMSIS/DSP/Examples/ARM/arm_matrix_example/math_helper.c	.c	11694	72e5392c04ee1c2e
BMS_Dashboard/BMS_Firmware/Drivers/CMSIS/DSP/Examples/ARM/arm_matrix_example/math_helper.h	.h	3085	c18fef4f459b38de
BMS_Dashboard/BMS_Firmware/Drivers/CMSIS/DSP/Examples/ARM/arm_signal_converge_example/Abstract.txt	.txt	192	f8261207518676d6
BMS_Dashboard/BMS_Firmware/Drivers/CMSIS/DSP/Examples/ARM/arm_signal_converge_example/arm_signal_converge_data.c	.c	20234	1056ee0e9c932f14
BMS_Dashboard/BMS_Firmware/Drivers/CMSIS/DSP/Examples/ARM/arm_signal_converge_example/arm_signal_converge_example_f32.c	.c	10165	b7325f4a838da6ef
BMS_Dashboard/BMS_Firmware/Drivers/CMSIS/DSP/Examples/ARM/arm_signal_converge_example/math_helper.c	.c	11694	72e5392c04ee1c2e
BMS_Dashboard/BMS_Firmware/Drivers/CMSIS/DSP/Examples/ARM/arm_signal_converge_example/math_helper.h	.h	3085	c18fef4f459b38de
BMS_Dashboard/BMS_Firmware/Drivers/CMSIS/DSP/Examples/ARM/arm_sin_cos_example/Abstract.txt	.txt	184	7604750106cad094
BMS_Dashboard/BMS_Firmware/Drivers/CMSIS/DSP/Examples/ARM/arm_sin_cos_example/arm_sin_cos_example_f32.c	.c	5849	951b7447a381c916
BMS_Dashboard/BMS_Firmware/Drivers/CMSIS/DSP/Examples/ARM/arm_variance_example/Abstract.txt	.txt	185	4e29c33c7677abc3
BMS_Dashboard/BMS_Firmware/Drivers/CMSIS/DSP/Examples/ARM/arm_variance_example/arm_variance_example_f32.c	.c	7432	89589849e2418130
BMS_Dashboard/BMS_Firmware/Drivers/CMSIS/DSP/Include/arm_common_tables.h	.h	6156	361cfd423ad0d6e4
BMS_Dashboard/BMS_Firmware/Drivers/CMSIS/DSP/Include/arm_const_structs.h	.h	3027	7dec892e089bb12d
BMS_Dashboard/BMS_Firmware/Drivers/CMSIS/DSP/Include/arm_math.h	.h	253482	0528708fb7182dc5
BMS_Dashboard/BMS_Firmware/Drivers/CMSIS/DSP/Source/BasicMathFunctions/arm_abs_f32.c	.c	3999	369dd6a1b593813c
BMS_Dashboard/BMS_Firmware/Drivers/CMSIS/DSP/Source/BasicMathFunctions/arm_abs_q15.c	.c	4442	946d34d3eeb914ec
BMS_Dashboard/BMS_Firmware/Drivers/CMSIS/DSP/Source/BasicMathFunctions/arm_abs_q31.c	.c	3415	3971d10fc76d634a
BMS_Dashboard/BMS_Firmware/Drivers/CMSIS/DSP/Source/BasicMathFunctions/arm_abs_q7.c	.c	3988	b7956da767121ca6
BMS_Dashboard/BMS_Firmware/Drivers/CMSIS/DSP/Source/BasicMathFunctions/arm_add_f32.c	.c	3738	4318049b8ba5a1dc
BMS_Dashboard/BMS_Firmware/Drivers/CMSIS/DSP/Source/BasicMathFunctions/arm_add_q15.c	.c	3404	6435a6256e71cc8a
BMS_Dashboard/BMS_Firmware/Drivers/CMSIS/DSP/Source/BasicMathFunctions/arm_add_q31.c	.c	3533	f1548ae3d0855d2c
BMS_Dashboard/BMS_Firmware/Drivers/CMSIS/DSP/Source/BasicMathFunctions/arm_add_q7.c	.c	3208	71a35fbde34c92da
BMS_Dashboard/BMS_Firmware/Drivers/CMSIS/DSP/Source/BasicMathFunctions/arm_dot_prod_f32.c	.c	3599	3b88e9dbf814b29c
BMS_Dashboard/BMS_Firmware/Drivers/CMSIS/DSP/Source/BasicMathFunctions/arm_dot_prod_q15.c	.c	3882	cb926dd57d6759be
BMS_Dashboard/BMS_Firmware/Drivers/CMSIS/DSP/Source/BasicMathFunctions/arm_dot_prod_q31.c	.c	3964	ae9c1c7ab7ecf05c
BMS_Dashboard/BMS_Firmware/Drivers/CMSIS/DSP/Source/BasicMathFunctions/arm_dot_prod_q7.c	.c	4378	124cd63351724fb5
BMS_Dashboard/BMS_Firmware/Drivers/CMSIS/DSP/Source/BasicMathFunctions/arm_mult_f32.c	.c	4434	291f5d1a7ce95319
BMS_Dashboard/BMS_Firmware/Drivers/CMSIS/DSP/Source/BasicMathFunctions/arm_mult_q15.c	.c	4273	125b7c52f07de060
BMS_Dashboard/BMS_Firmware/Drivers/CMSIS/DSP/Source/BasicMathFunctions/arm_mult_q31.c	.c	4175	a7fd93916c88d396
BMS_Dashboard/BMS_Firmware/Drivers/CMSIS/DSP/Source/BasicMathFunctions/arm_mult_q7.c	.c	3507	723bf3e01aba2e21
BMS_Dashboard/BMS_Firmware/Drivers/CMSIS/DSP/Source/BasicMathFunctions/arm_negate_f32.c	.c	3445	5fa282133c69965a
BMS_Dashboard/BMS_Firmware/Drivers/CMSIS/DSP/Source/BasicMathFunctions/arm_negate_q15.c	.c	3509	7cfea6537de6716b
BMS_Dashboard/BMS_Firmware/Drivers/CMSIS/DSP/Source/BasicMathFunctions/arm_negate_q31.c	.c	3160	ea9711afc210597e
BMS_Dashboard/BMS_Firmware/Drivers/CMSIS/DSP/Source/BasicMathFunctions/arm_negate_q7.c	.c	3086	098d887b2b338b12
BMS_Dashboard/BMS_Firmware/Drivers/CMSIS/DSP/Source/BasicMathFunctions/arm_offset_f32.c	.c	3951	c1a791aaf5c7472f
BMS_Dashboard/BMS_Firmware/Drivers/CMSIS/DSP/Source/BasicMathFunctions/arm_offset_q15.c	.c	3513	ca6abf767be48f49
BMS_Dashboard/BMS_Firmware/Drivers/CMSIS/DSP/Source/BasicMathFunctions/arm_offset_q31.c	.c	3406	ee0ff521ef0b4850
BMS_Dashboard/BMS_Firmware/Drivers/CMSIS/DSP/Source/BasicMathFunctions/arm_offset_q7.c	.c	3441	15bb002b60302a4c
BMS_Dashboard/BMS_Firmware/Drivers/CMSIS/DSP/Source/BasicMathFunctions/arm_scale_f32.c	.c	4397	88d31314341505d1
BMS_Dashboard/BMS_Firmware/Drivers/CMSIS/DSP/Source/BasicMathFunctions/arm_scale_q15.c	.c	4468	757f64d50b395cec
BMS_Dashboard/BMS_Firmware/Drivers/CMSIS/DSP/Source/BasicMathFunctions/arm_scale_q31.c	.c	5960	e1c346c95942b5b3
BMS_Dashboard/BMS_Firmware/Drivers/CMSIS/DSP/Source/BasicMathFunctions/arm_scale_q7.c	.c	4143	cb2bad5759a4c71a
BMS_Dashboard/BMS_Firmware/Drivers/CMSIS/DSP/Source/BasicMathFunctions/arm_shift_q15.c	.c	6656	3a45cb2a0819182b
BMS_Dashboard/BMS_Firmware/Drivers/CMSIS/DSP/Source/BasicMathFunctions/arm_shift_q31.c	.c	5443	f2fbc889475506f7
BMS_Dashboard/BMS_Firmware/Drivers/CMSIS/DSP/Source/BasicMathFunctions/arm_shift_q7.c	.c	6186	0756ee46af82bbc8
BMS_Dashboard/BMS_Firmware/Drivers/CMSIS/DSP/Source/BasicMathFunctions/arm_sub_f32.c	.c	3738	23336c255504261e
BMS_Dashboard/BMS_Firmware/Drivers/CMSIS/DSP/Source/BasicMathFunctions/arm_sub_q15.c	.c	3452	2807b7bc182437eb
BMS_Dashboard/BMS_Firmware/Drivers/CMSIS/DSP/Source/BasicMathFunctions/arm_sub_q31.c	.c	3549	feca45d30d00d7f1
BMS_Dashboard/BMS_Firmware/Drivers/CMSIS/DSP/Source/BasicMathFunctions/arm_sub_q7.c	.c	3234	3c6366e45cdb290b
BMS_Dashboard/BMS_Firmware/Drivers/CMSIS/DSP/Source/CommonTables/arm_common_tables.c	.c	1010725	c2e65ea18e547b3f
BMS_Dashboard/BMS_Firmware/Drivers/CMSIS/DSP/Source/CommonTables/arm_const_structs.c	.c	10412	0b512b76e4010cb6
BMS_Dashboard/BMS_Firmware/Drivers/CMSIS/DSP/Source/ComplexMathFunctions/arm_cmplx_conj_f32.c	.c	4631	a381e8bdbc186bb2
BMS_Dashboard/BMS_Firmware/Drivers/CMSIS/DSP/Source/ComplexMathFunctions/arm_cmplx_conj_q15.c	.c	4079	9726afac323fe95f
BMS_Dashboard/BMS_Firmware/Drivers/CMSIS/DSP/Source/ComplexMathFunctions/arm_cmplx_conj_q31.c	.c	4666	24e9f6dbaf196d43
BMS_Dashboard/BMS_Firmware/Drivers/CMSIS/DSP/Source/ComplexMathFunctions/arm_cmplx_dot_prod_f32.c	.c	5094	4a6de64ed2f2014b
BMS_Dashboard/BMS_Firmware/Drivers/CMSIS/DSP/Source/ComplexMathFunctions/arm_cmplx_dot_prod_q15.c	.c	4889	d1cf5492f80e9242
BMS_Dashboard/BMS_Firmware/Drivers/CMSIS/DSP/Source/ComplexMathFunctions/arm_cmplx_dot_prod_q31.c	.c	5044	725e5f4fda7a76c1
BMS_Dashboard/BMS_Firmware/Drivers/CMSIS/DSP/Source/ComplexMathFunctions/arm_cmplx_mag_f32.c	.c	4408	b93ef47dc24c32d5
BMS_Dashboard/BMS_Firmware/Drivers/CMSIS/DSP/Source/ComplexMathFunctions/arm_cmplx_mag_q15.c	.c	3916	86fc5da287922b26
BMS_Dashboard/BMS_Firmware/Drivers/CMSIS/DSP/Source/ComplexMathFunctions/arm_cmplx_mag_q31.c	.c	4964	1c2c1afdd5028029
BMS_Dashboard/BMS_Firmware/Drivers/CMSIS/DSP/Source/ComplexMathFunctions/arm_cmplx_mag_squared_f32.c	.c	6017	26007aa1a82e22ee
BMS_Dashboard/BMS_Firmware/Drivers/CMSIS/DSP/Source/ComplexMathFunctions/arm_cmplx_mag_squared_q15.c	.c	3880	3afc4d4f9366ba85
BMS_Dashboard/BMS_Firmware/Drivers/CMSIS/DSP/Source/ComplexMathFunctions/arm_cmplx_mag_squared_q31.c	.c	4475	1e48a8e9182e38e0
BMS_Dashboard/BMS_Firmware/Drivers/CMSIS/DSP/Source/ComplexMathFunctions/arm_cmplx_mult_cmplx_f32.c	.c	6199	578081b722cba8e5
BMS_Dashboard/BMS_Firmware/Drivers/CMSIS/DSP/Source/ComplexMathFunctions/arm_cmplx_mult_cmplx_q15.c	.c	5724	7f661158fd0adafa
BMS_Dashboard/BMS_Firmware/Drivers/CMSIS/DSP/Source/ComplexMathFunctions/arm_cmplx_mult_cmplx_q31.c	.c	8903	f0e24469a42b7310
BMS_Dashboard/BMS_Firmware/Drivers/CMSIS/DSP/Source/ComplexMathFunctions/arm_cmplx_mult_real_f32.c	.c	6704	4697f4e065d88d05
BMS_Dashboard/BMS_Firmware/Drivers/CMSIS/DSP/Source/ComplexMathFunctions/arm_cmplx_mult_real_q15.c	.c	6436	8946c389ab322dac
BMS_Dashboard/BMS_Firmware/Drivers/CMSIS/DSP/Source/ComplexMathFunctions/arm_cmplx_mult_real_q31.c	.c	6285	bc78e7f60d697822
BMS_Dashboard/BMS_Firmware/Drivers/CMSIS/DSP/Source/ControllerFunctions/arm_pid_init_f32.c	.c	2311	7736bb81b6be9006
BMS_Dashboard/BMS_Firmware/Drivers/CMSIS/DSP/Source/ControllerFunctions/arm_pid_init_q15.c	.c	3120	cb3560923b67eb70
BMS_Dashboard/BMS_Firmware/Drivers/CMSIS/DSP/Source/ControllerFunctions/arm_pid_init_q31.c	.c	2773	885f6ba3b1221c2d
BMS_Dashboard/BMS_Firmware/Drivers/CMSIS/DSP/Source/ControllerFunctions/arm_pid_reset_f32.c	.c	1584	6a5ce0ba37e34e3c
BMS_Dashboard/BMS_Firmware/Drivers/CMSIS/DSP/Source/ControllerFunctions/arm_pid_reset_q15.c	.c	1553	636f09fbf02368ba
BMS_Dashboard/BMS_Firmware/Drivers/CMSIS/DSP/Source/ControllerFunctions/arm_pid_reset_q31.c	.c	1558	ea662660842fa78b
BMS_Dashboard/BMS_Firmware/Drivers/CMSIS/DSP/Source/ControllerFunctions/arm_sin_cos_f32.c	.c	5078	6ee5cd1924619ed0
BMS_Dashboard/BMS_Firmware/Drivers/CMSIS/DSP/Source/ControllerFunctions/arm_sin_cos_q31.c	.c	3594	46097a4fff453061
BMS_Dashboard/BMS_Firmware/Drivers/CMSIS/DSP/Source/FastMathFunctions/arm_cos_f32.c	.c	3538	f5b0014d84b39a0d
BMS_Dashboard/BMS_Firmware/Drivers/CMSIS/DSP/Source/FastMathFunctions/arm_cos_q15.c	.c	2588	ebceb3fbcdc69ebe
BMS_Dashboard/BMS_Firmware/Drivers/CMSIS/DSP/Source/FastMathFunctions/arm_cos_q31.c	.c	2600	e58ab18d90d97a19
BMS_Dashboard/BMS_Firmware/Drivers/CMSIS/DSP/Source/FastMathFunctions/arm_sin_f32.c	.c	3643	f332d9ceb930272c
BMS_Dashboard/BMS_Firmware/Drivers/CMSIS/DSP/Source/FastMathFunctions/arm_sin_q15.c	.c	2384	5892772c2fcad563
BMS_Dashboard/BMS_Firmware/Drivers/CMSIS/DSP/Source/FastMathFunctions/arm_sin_q31.c	.c	2386	5d38971ce8337400
BMS_Dashboard/BMS_Firmware/Drivers/CMSIS/DSP/Source/FastMathFunctions/arm_sqrt_q15.c	.c	4389	9ce420babd32fab9
BMS_Dashboard/BMS_Firmware/Drivers/CMSIS/DSP/Source/FastMathFunctions/arm_sqrt_q31.c	.c	4381	80dc600f6cd7b31d
BMS_Dashboard/BMS_Firmware/Drivers/CMSIS/DSP/Source/FilteringFunctions/arm_biquad_cascade_df1_32x64_init_q31.c	.c	3497	dead7ce75bf7b862
BMS_Dashboard/BMS_Firmware/Drivers/CMSIS/DSP/Source/FilteringFunctions/arm_biquad_cascade_df1_32x64_q31.c	.c	20419	c80602249837bfae
BMS_Dashboard/BMS_Firmware/Drivers/CMSIS/DSP/Source/FilteringFunctions/arm_biquad_cascade_df1_f32.c	.c	15756	9cac1c67c3794d07
BMS_Dashboard/BMS_Firmware/Drivers/CMSIS/DSP/Source/FilteringFunctions/arm_biquad_cascade_df1_fast_q15.c	.c	9547	1e4cfe76d08210be
BMS_Dashboard/BMS_Firmware/Drivers/CMSIS/DSP/Source/FilteringFunctions/arm_biquad_cascade_df1_fast_q31.c	.c	11231	b79f34bc5e454b14
BMS_Dashboard/BMS_Firmware/Drivers/CMSIS/DSP/Source/FilteringFunctions/arm_biquad_cascade_df1_init_f32.c	.c	3321	2049a3622d661ce5
BMS_Dashboard/BMS_Firmware/Drivers/CMSIS/DSP/Source/FilteringFunctions/arm_biquad_cascade_df1_init_q15.c	.c	3561	255736204aa5e37d
BMS_Dashboard/BMS_Firmware/Drivers/CMSIS/DSP/Source/FilteringFunctions/arm_biquad_cascade_df1_init_q31.c	.c	3420	f79025f5a4b582f2
BMS_Dashboard/BMS_Firmware/Drivers/CMSIS/DSP/Source/FilteringFunctions/arm_biquad_cascade_df1_q15.c	.c	13494	6e109325182a68cf
BMS_Dashboard/BMS_Firmware/Drivers/CMSIS/DSP/Source/FilteringFunctions/arm_biquad_cascade_df1_q31.c	.c	12040	d389813f7f768bf0
BMS_Dashboard/BMS_Firmware/Drivers/CMSIS/DSP/Source/FilteringFunctions/arm_biquad_cascade_df2T_f32.c	.c	17837	9fdda9325b245301
BMS_Dashboard/BMS_Firmware/Drivers/CMSIS/DSP/Source/FilteringFunctions/arm_biquad_cascade_df2T_f64.c	.c	17839	3a492ecf10fbcb90
BMS_Dashboard/BMS_Firmware/Drivers/CMSIS/DSP/Source/FilteringFunctions/arm_biquad_cascade_df2T_init_f32.c	.c	3164	5bef919c7324c695
BMS_Dashboard/BMS_Firmware/Drivers/CMSIS/DSP/Source/FilteringFunctions/arm_biquad_cascade_df2T_init_f64.c	.c	3164	49d2491e91884e86
BMS_Dashboard/BMS_Firmware/Drivers/CMSIS/DSP/Source/FilteringFunctions/arm_biquad_cascade_stereo_df2T_f32.c	.c	22071	331d21f34b0fce5c
BMS_Dashboard/BMS_Firmware/Drivers/CMSIS/DSP/Source/FilteringFunctions/arm_biquad_cascade_stereo_df2T_init_f32.c	.c	3202	e3295a3937bdd1b5
BMS_Dashboard/BMS_Firmware/Drivers/CMSIS/DSP/Source/FilteringFunctions/arm_conv_f32.c	.c	19111	6ecbbe7ae0d93243
BMS_Dashboard/BMS_Firmware/Drivers/CMSIS/DSP/Source/FilteringFunctions/arm_conv_fast_opt_q15.c	.c	13992	4d283139bbe7753a
BMS_Dashboard/BMS_Firmware/Drivers/CMSIS/DSP/Source/FilteringFunctions/arm_conv_fast_q15.c	.c	39401	1655bcb6f6328224
BMS_Dashboard/BMS_Firmware/Drivers/CMSIS/DSP/Source/FilteringFunctions/arm_conv_fast_q31.c	.c	18503	a9cece6c1fee6d3a
BMS_Dashboard/BMS_Firmware/Drivers/CMSIS/DSP/Source/FilteringFunctions/arm_conv_opt_q15.c	.c	13626	057c4cc39bf8cb59
BMS_Dashboard/BMS_Firmware/Drivers/CMSIS/DSP/Source/FilteringFunctions/arm_conv_opt_q7.c	.c	11248	a671a4dc15ec7ec3
BMS_Dashboard/BMS_Firmware/Drivers/CMSIS/DSP/Source/FilteringFunctions/arm_conv_partial_f32.c	.c	21485	f2cc558b4b627cfc
BMS_Dashboard/BMS_Firmware/Drivers/CMSIS/DSP/Source/FilteringFunctions/arm_conv_partial_fast_opt_q15.c	.c	21062	5e509310934bfeae
BMS_Dashboard/BMS_Firmware/Drivers/CMSIS/DSP/Source/FilteringFunctions/arm_conv_partial_fast_q15.c	.c	43963	55aa037d1e3572b7
BMS_Dashboard/BMS_Firmware/Drivers/CMSIS/DSP/Source/FilteringFunctions/arm_conv_partial_fast_q31.c	.c	21019	dc9faa909ab59b7c
BMS_Dashboard/BMS_Firmware/Drivers/CMSIS/DSP/Source/FilteringFunctions/arm_conv_partial_opt_q15.c	.c	20674	ac55edcac1f728f2
BMS_Dashboard/BMS_Firmware/Drivers/CMSIS/DSP/Source/FilteringFunctions/arm_conv_partial_opt_q7.c	.c	20992	0cc99ea3fe63e52b
BMS_Dashboard/BMS_Firmware/Drivers/CMSIS/DSP/Source/FilteringFunctions/arm_conv_partial_q15.c	.c	25144	4c0fa42e9bf73131
BMS_Dashboard/BMS_Firmware/Drivers/CMSIS/DSP/Source/FilteringFunctions/arm_conv_partial_q31.c	.c	19443	c2020752b1c5eebd
BMS_Dashboard/BMS_Firmware/Drivers/CMSIS/DSP/Source/FilteringFunctions/arm_conv_partial_q7.c	.c	24122	004a70220ee53541
BMS_Dashboard/BMS_Firmware/Drivers/CMSIS/DSP/Source/FilteringFunctions/arm_conv_q15.c	.c	21965	5bb1c35c57ab2a14
BMS_Dashboard/BMS_Firmware/Drivers/CMSIS/DSP/Source/FilteringFunctions/arm_conv_q31.c	.c	17025	a1c8d5296b19bfb5
BMS_Dashboard/BMS_Firmware/Drivers/CMSIS/DSP/Source/FilteringFunctions/arm_conv_q7.c	.c	21091	7f5781c868c7a5b2
BMS_Dashboard/BMS_Firmware/Drivers/CMSIS/DSP/Source/FilteringFunctions/arm_correlate_f32.c	.c	22851	67cb538a27ea50b9
BMS_Dashboard/BMS_Firmware/Drivers/CMSIS/DSP/Source/FilteringFunctions/arm_correlate_fast_opt_q15.c	.c	13147	1730b1dffdf9aa57
BMS_Dashboard/BMS_Firmware/Drivers/CMSIS/DSP/Source/FilteringFunctions/arm_correlate_fast_q15.c	.c	37356	b5d91fce550cd7b6
BMS_Dashboard/BMS_Firmware/Drivers/CMSIS/DSP/Source/FilteringFunctions/arm_correlate_fast_q31.c	.c	19720	4f50625631467cb5
BMS_Dashboard/BMS_Firmware/Drivers/CMSIS/DSP/Source/FilteringFunctions/arm_correlate_opt_q15.c	.c	12860	15aebfd3cbb8726f
BMS_Dashboard/BMS_Firmware/Drivers/CMSIS/DSP/Source/FilteringFunctions/arm_correlate_opt_q7.c	.c	12755	b1cb8461bbc31c69
BMS_Dashboard/BMS_Firmware/Drivers/CMSIS/DSP/Source/FilteringFunctions/arm_correlate_q15.c	.c	22309	09d5b131fbf7aa5a
BMS_Dashboard/BMS_Firmware/Drivers/CMSIS/DSP/Source/FilteringFunctions/arm_correlate_q31.c	.c	20712	6031300ac2c04fad
BMS_Dashboard/BMS_Firmware/Drivers/CMSIS/DSP/Source/FilteringFunctions/arm_correlate_q7.c	.c	24282	a5e6950045b8aeb8
BMS_Dashboard/BMS_Firmware/Drivers/CMSIS/DSP/Source/FilteringFunctions/arm_fir_decimate_f32.c	.c	15948	d87949c3d3db9083
BMS_Dashboard/BMS_Firmware/Drivers/CMSIS/DSP/Source/FilteringFunctions/arm_fir_decimate_fast_q15.c	.c	16175	73d8ea6ce2fc6fa9
BMS_Dashboard/BMS_Firmware/Drivers/CMSIS/DSP/Source/FilteringFunctions/arm_fir_decimate_fast_q31.c	.c	10390	30c77fc75370a791
BMS_Dashboard/BMS_Firmware/Drivers/CMSIS/DSP/Source/FilteringFunctions/arm_fir_decimate_init_f32.c	.c	3289	83346825ea05f784
BMS_Dashboard/BMS_Firmware/Drivers/CMSIS/DSP/Source/FilteringFunctions/arm_fir_decimate_init_q15.c	.c	3276	e9b188ebbeecc13d
BMS_Dashboard/BMS_Firmware/Drivers/CMSIS/DSP/Source/FilteringFunctions/arm_fir_decimate_init_q31.c	.c	3261	42ce5fa8a8be0978
BMS_Dashboard/BMS_Firmware/Drivers/CMSIS/DSP/Source/FilteringFunctions/arm_fir_decimate_q15.c	.c	18648	6cfeb59a8c015ace
BMS_Dashboard/BMS_Firmware/Drivers/CMSIS/DSP/Source/FilteringFunctions/arm_fir_decimate_q31.c	.c	8424	4973b1e8857c203f
BMS_Dashboard/BMS_Firmware/Drivers/CMSIS/DSP/Source/FilteringFunctions/arm_fir_f32.c	.c	29163	d4f0f5465cc062be
BMS_Dashboard/BMS_Firmware/Drivers/CMSIS/DSP/Source/FilteringFunctions/arm_fir_fast_q15.c	.c	10597	e4b3675a73170bb2
BMS_Dashboard/BMS_Firmware/Drivers/CMSIS/DSP/Source/FilteringFunctions/arm_fir_fast_q31.c	.c	9657	33be0b02db7e6953
BMS_Dashboard/BMS_Firmware/Drivers/CMSIS/DSP/Source/FilteringFunctions/arm_fir_init_f32.c	.c	2604	017a4329a410cbfa
BMS_Dashboard/BMS_Firmware/Drivers/CMSIS/DSP/Source/FilteringFunctions/arm_fir_init_q15.c	.c	4318	44641514835aac29
BMS_Dashboard/BMS_Firmware/Drivers/CMSIS/DSP/Source/FilteringFunctions/arm_fir_init_q31.c	.c	2575	bd254495266971d0
BMS_Dashboard/BMS_Firmware/Drivers/CMSIS/DSP/Source/FilteringFunctions/arm_fir_init_q7.c	.c	2539	9f95e45014add44b
BMS_Dashboard/BMS_Firmware/Drivers/CMSIS/DSP/Source/FilteringFunctions/arm_fir_interpolate_f32.c	.c	18690	405e9128a890a334
BMS_Dashboard/BMS_Firmware/Drivers/CMSIS/DSP/Source/FilteringFunctions/arm_fir_interpolate_init_f32.c	.c	3579	b00474ac541fda25
BMS_Dashboard/BMS_Firmware/Drivers/CMSIS/DSP/Source/FilteringFunctions/arm_fir_interpolate_init_q15.c	.c	3516	88cd0b8871cf4801
BMS_Dashboard/BMS_Firmware/Drivers/CMSIS/DSP/Source/FilteringFunctions/arm_fir_interpolate_init_q31.c	.c	3518	81a6a0bf790221c1
BMS_Dashboard/BMS_Firmware/Drivers/CMSIS/DSP/Source/FilteringFunctions/arm_fir_interpolate_q15.c	.c	14386	a5e711c3f9f4eea6
BMS_Dashboard/BMS_Firmware/Drivers/CMSIS/DSP/Source/FilteringFunctions/arm_fir_interpolate_q31.c	.c	13896	253c696ca25d6d04
BMS_Dashboard/BMS_Firmware/Drivers/CMSIS/DSP/Source/FilteringFunctions/arm_fir_lattice_f32.c	.c	16279	a660739606c3883f
BMS_Dashboard/BMS_Firmware/Drivers/CMSIS/DSP/Source/FilteringFunctions/arm_fir_lattice_init_f32.c	.c	2117	f8d422d4c705358a
BMS_Dashboard/BMS_Firmware/Drivers/CMSIS/DSP/Source/FilteringFunctions/arm_fir_lattice_init_q15.c	.c	2088	a8e4cb5b5d21045f
BMS_Dashboard/BMS_Firmware/Drivers/CMSIS/DSP/Source/FilteringFunctions/arm_fir_lattice_init_q31.c	.c	2089	098d8ff729c63448
BMS_Dashboard/BMS_Firmware/Drivers/CMSIS/DSP/Source/FilteringFunctions/arm_fir_lattice_q15.c	.c	16026	a0e11217e6ee335f
BMS_Dashboard/BMS_Firmware/Drivers/CMSIS/DSP/Source/FilteringFunctions/arm_fir_lattice_q31.c	.c	9092	ef4043e5c00256e7
BMS_Dashboard/BMS_Firmware/Drivers/CMSIS/DSP/Source/FilteringFunctions/arm_fir_q15.c	.c	21078	dd5313406a4480df
BMS_Dashboard/BMS_Firmware/Drivers/CMSIS/DSP/Source/FilteringFunctions/arm_fir_q31.c	.c	10848	f923fccf38f3af35
BMS_Dashboard/BMS_Firmware/Drivers/CMSIS/DSP/Source/FilteringFunctions/arm_fir_q7.c	.c	11674	2e0feb6523963b56
BMS_Dashboard/BMS_Firmware/Drivers/CMSIS/DSP/Source/FilteringFunctions/arm_fir_sparse_f32.c	.c	14509	53ac3fc194277186
BMS_Dashboard/BMS_Firmware/Drivers/CMSIS/DSP/Source/FilteringFunctions/arm_fir_sparse_init_f32.c	.c	3014	a44248590d5dde81
BMS_Dashboard/BMS_Firmware/Drivers/CMSIS/DSP/Source/FilteringFunctions/arm_fir_sparse_init_q15.c	.c	2963	b343fbed576608b7
BMS_Dashboard/BMS_Firmware/Drivers/CMSIS/DSP/Source/FilteringFunctions/arm_fir_sparse_init_q31.c	.c	2959	a4c2c1695ca809e7
BMS_Dashboard/BMS_Firmware/Drivers/CMSIS/DSP/Source/FilteringFunctions/arm_fir_sparse_init_q7.c	.c	2959	b276401b61d2bc50
BMS_Dashboard/BMS_Firmware/Drivers/CMSIS/DSP/Source/FilteringFunctions/arm_fir_sparse_q15.c	.c	14082	f4528afbd7c60fc9
BMS_Dashboard/BMS_Firmware/Drivers/CMSIS/DSP/Source/FilteringFunctions/arm_fir_sparse_q31.c	.c	12934	b8a76c7e29d48054
BMS_Dashboard/BMS_Firmware/Drivers/CMSIS/DSP/Source/FilteringFunctions/arm_fir_sparse_q7.c	.c	14291	5d0dc73e43b2a3b9
BMS_Dashboard/BMS_Firmware/Drivers/CMSIS/DSP/Source/FilteringFunctions/arm_iir_lattice_f32.c	.c	13425	663df4c3ba15edca
BMS_Dashboard/BMS_Firmware/Drivers/CMSIS/DSP/Source/FilteringFunctions/arm_iir_lattice_init_f32.c	.c	2469	511adc4b81db3fef
BMS_Dashboard/BMS_Firmware/Drivers/CMSIS/DSP/Source/FilteringFunctions/arm_iir_lattice_init_q15.c	.c	2432	8c27660d9902182a
BMS_Dashboard/BMS_Firmware/Drivers/CMSIS/DSP/Source/FilteringFunctions/arm_iir_lattice_init_q31.c	.c	2442	0827091cbc0d10d8
BMS_Dashboard/BMS_Firmware/Drivers/CMSIS/DSP/Source/FilteringFunctions/arm_iir_lattice_q15.c	.c	13166	28bb1986dd70519f
BMS_Dashboard/BMS_Firmware/Drivers/CMSIS/DSP/Source/FilteringFunctions/arm_iir_lattice_q31.c	.c	10363	a4b3b0f6f9d9c182
BMS_Dashboard/BMS_Firmware/Drivers/CMSIS/DSP/Source/FilteringFunctions/arm_lms_f32.c	.c	14892	e0def41c6c29b094
BMS_Dashboard/BMS_Firmware/Drivers/CMSIS/DSP/Source/FilteringFunctions/arm_lms_init_f32.c	.c	2711	2c0dee95cd1a23c3
BMS_Dashboard/BMS_Firmware/Drivers/CMSIS/DSP/Source/FilteringFunctions/arm_lms_init_q15.c	.c	2869	1b47499bff78f9a5
BMS_Dashboard/BMS_Firmware/Drivers/CMSIS/DSP/Source/FilteringFunctions/arm_lms_init_q31.c	.c	2874	0917817ed15db37f
BMS_Dashboard/BMS_Firmware/Drivers/CMSIS/DSP/Source/FilteringFunctions/arm_lms_norm_f32.c	.c	14922	9e470008859f6ad6
BMS_Dashboard/BMS_Firmware/Drivers/CMSIS/DSP/Source/FilteringFunctions/arm_lms_norm_init_f32.c	.c	2898	a21b3912ae4013a9
BMS_Dashboard/BMS_Firmware/Drivers/CMSIS/DSP/Source/FilteringFunctions/arm_lms_norm_init_q15.c	.c	3151	3d209df7b5e2f849
BMS_Dashboard/BMS_Firmware/Drivers/CMSIS/DSP/Source/FilteringFunctions/arm_lms_norm_init_q31.c	.c	3117	3b1a0d0a5db9f34d
BMS_Dashboard/BMS_Firmware/Drivers/CMSIS/DSP/Source/FilteringFunctions/arm_lms_norm_q15.c	.c	12590	126a4962e6b80c9a
BMS_Dashboard/BMS_Firmware/Drivers/CMSIS/DSP/Source/FilteringFunctions/arm_lms_norm_q31.c	.c	12757	a0a09f76e874c67c
BMS_Dashboard/BMS_Firmware/Drivers/CMSIS/DSP/Source/FilteringFunctions/arm_lms_q15.c	.c	11004	a9ab0afe103cde4b
BMS_Dashboard/BMS_Firmware/Drivers/CMSIS/DSP/Source/FilteringFunctions/arm_lms_q31.c	.c	10605	aa088870c1798f5b
BMS_Dashboard/BMS_Firmware/Drivers/CMSIS/DSP/Source/MatrixFunctions/arm_mat_add_f32.c	.c	5528	3a8ae371b811f275
BMS_Dashboard/BMS_Firmware/Drivers/CMSIS/DSP/Source/MatrixFunctions/arm_mat_add_q15.c	.c	4848	74ce83e4131c6103
BMS_Dashboard/BMS_Firmware/Drivers/CMSIS/DSP/Source/MatrixFunctions/arm_mat_add_q31.c	.c	5611	d4fa46b88c595ec9
BMS_Dashboard/BMS_Firmware/Drivers/CMSIS/DSP/Source/MatrixFunctions/arm_mat_cmplx_mult_f32.c	.c	8169	c22c239680a94901
BMS_Dashboard/BMS_Firmware/Drivers/CMSIS/DSP/Source/MatrixFunctions/arm_mat_cmplx_mult_q15.c	.c	12863	c4ddd0a67580ed1b
BMS_Dashboard/BMS_Firmware/Drivers/CMSIS/DSP/Source/MatrixFunctions/arm_mat_cmplx_mult_q31.c	.c	8941	40bba7d68ba325f5
BMS_Dashboard/BMS_Firmware/Drivers/CMSIS/DSP/Source/MatrixFunctions/arm_mat_init_f32.c	.c	2163	2710df0f00873935
BMS_Dashboard/BMS_Firmware/Drivers/CMSIS/DSP/Source/MatrixFunctions/arm_mat_init_q15.c	.c	1884	d5b37a511709b44b
BMS_Dashboard/BMS_Firmware/Drivers/CMSIS/DSP/Source/MatrixFunctions/arm_mat_init_q31.c	.c	1947	e33e782480713302
BMS_Dashboard/BMS_Firmware/Drivers/CMSIS/DSP/Source/MatrixFunctions/arm_mat_inverse_f32.c	.c	22709	c19184f4de8ee9ba
BMS_Dashboard/BMS_Firmware/Drivers/CMSIS/DSP/Source/MatrixFunctions/arm_mat_inverse_f64.c	.c	22709	633570be7e51d5e7
BMS_Dashboard/BMS_Firmware/Drivers/CMSIS/DSP/Source/MatrixFunctions/arm_mat_mult_f32.c	.c	8813	9e79578da6616f99
BMS_Dashboard/BMS_Firmware/Drivers/CMSIS/DSP/Source/MatrixFunctions/arm_mat_mult_fast_q15.c	.c	15205	cba736aac8ec663d
BMS_Dashboard/BMS_Firmware/Drivers/CMSIS/DSP/Source/MatrixFunctions/arm_mat_mult_fast_q31.c	.c	10847	3a29f39a22d1fa78
BMS_Dashboard/BMS_Firmware/Drivers/CMSIS/DSP/Source/MatrixFunctions/arm_mat_mult_q15.c	.c	14532	70ae2fad0c7a384a
BMS_Dashboard/BMS_Firmware/Drivers/CMSIS/DSP/Source/MatrixFunctions/arm_mat_mult_q31.c	.c	9221	9350c9b39ed80072
BMS_Dashboard/BMS_Firmware/Drivers/CMSIS/DSP/Source/MatrixFunctions/arm_mat_scale_f32.c	.c	5191	818e833064eff243
BMS_Dashboard/BMS_Firmware/Drivers/CMSIS/DSP/Source/MatrixFunctions/arm_mat_scale_q15.c	.c	5580	21b85c4259c9e527
BMS_Dashboard/BMS_Firmware/Drivers/CMSIS/DSP/Source/MatrixFunctions/arm_mat_scale_q31.c	.c	5687	f2ce018150f845aa
BMS_Dashboard/BMS_Firmware/Drivers/CMSIS/DSP/Source/MatrixFunctions/arm_mat_sub_f32.c	.c	5654	dbc4e9515e651905
BMS_Dashboard/BMS_Firmware/Drivers/CMSIS/DSP/Source/MatrixFunctions/arm_mat_sub_q15.c	.c	4699	d3d7910246ff7668
BMS_Dashboard/BMS_Firmware/Drivers/CMSIS/DSP/Source/MatrixFunctions/arm_mat_sub_q31.c	.c	5681	9f76c4264cd3c4b6
BMS_Dashboard/BMS_Firmware/Drivers/CMSIS/DSP/Source/MatrixFunctions/arm_mat_trans_f32.c	.c	6125	41671523b15ac6a4
BMS_Dashboard/BMS_Firmware/Drivers/CMSIS/DSP/Source/MatrixFunctions/arm_mat_trans_q15.c	.c	7433	adbd3d2c722c6668
BMS_Dashboard/BMS_Firmware/Drivers/CMSIS/DSP/Source/MatrixFunctions/arm_mat_trans_q31.c	.c	5856	aca1ff9e237308d1
BMS_Dashboard/BMS_Firmware/Drivers/CMSIS/DSP/Source/StatisticsFunctions/arm_max_f32.c	.c	4569	d472c15708b2a5ca
BMS_Dashboard/BMS_Firmware/Drivers/CMSIS/DSP/Source/StatisticsFunctions/arm_max_q15.c	.c	4280	eddac72aaf79e21a
BMS_Dashboard/BMS_Firmware/Drivers/CMSIS/DSP/Source/StatisticsFunctions/arm_max_q31.c	.c	4280	f9a7d17ca70ecb77
BMS_Dashboard/BMS_Firmware/Drivers/CMSIS/DSP/Source/StatisticsFunctions/arm_max_q7.c	.c	4274	b2341af86f8fe437
BMS_Dashboard/BMS_Firmware/Drivers/CMSIS/DSP/Source/StatisticsFunctions/arm_mean_f32.c	.c	3365	c83263b690dda16b
BMS_Dashboard/BMS_Firmware/Drivers/CMSIS/DSP/Source/StatisticsFunctions/arm_mean_q15.c	.c	3434	838965b7c749ce90
BMS_Dashboard/BMS_Firmware/Drivers/CMSIS/DSP/Source/StatisticsFunctions/arm_mean_q31.c	.c	3410	36d29f08a29ef9b0
BMS_Dashboard/BMS_Firmware/Drivers/CMSIS/DSP/Source/StatisticsFunctions/arm_mean_q7.c	.c	3394	72bbab18b0aaf12c
BMS_Dashboard/BMS_Firmware/Drivers/CMSIS/DSP/Source/StatisticsFunctions/arm_min_f32.c	.c	4569	f5cdc9e77b8e8915
BMS_Dashboard/BMS_Firmware/Drivers/CMSIS/DSP/Source/StatisticsFunctions/arm_min_q15.c	.c	4282	b71d9cda6aa1b62d
BMS_Dashboard/BMS_Firmware/Drivers/CMSIS/DSP/Source/StatisticsFunctions/arm_min_q31.c	.c	4282	5e40e7327bbf9cb8
BMS_Dashboard/BMS_Firmware/Drivers/CMSIS/DSP/Source/StatisticsFunctions/arm_min_q7.c	.c	4276	0999d4071b44ded1
BMS_Dashboard/BMS_Firmware/Drivers/CMSIS/DSP/Source/StatisticsFunctions/arm_power_f32.c	.c	3664	5f7344ec2a674e78
BMS_Dashboard/BMS_Firmware/Drivers/CMSIS/DSP/Source/StatisticsFunctions/arm_power_q15.c	.c	4365	a8fe0f77ab1d9913
BMS_Dashboard/BMS_Firmware/Drivers/CMSIS/DSP/Source/StatisticsFunctions/arm_power_q31.c	.c	3970	6f915b81b9beb13c
BMS_Dashboard/BMS_Firmware/Drivers/CMSIS/DSP/Source/StatisticsFunctions/arm_power_q7.c	.c	4011	f7f8a3b6330bf22b
BMS_Dashboard/BMS_Firmware/Drivers/CMSIS/DSP/Source/StatisticsFunctions/arm_rms_f32.c	.c	3714	ab4d00eb5ad2a073
BMS_Dashboard/BMS_Firmware/Drivers/CMSIS/DSP/Source/StatisticsFunctions/arm_rms_q15.c	.c	4686	ae31b75cc68551d1
BMS_Dashboard/BMS_Firmware/Drivers/CMSIS/DSP/Source/StatisticsFunctions/arm_rms_q31.c	.c	4495	3e58f3bae3dec33a
BMS_Dashboard/BMS_Firmware/Drivers/CMSIS/DSP/Source/StatisticsFunctions/arm_std_f32.c	.c	5754	c487c50e525b3f9a
BMS_Dashboard/BMS_Firmware/Drivers/CMSIS/DSP/Source/StatisticsFunctions/arm_std_q15.c	.c	5971	0f83f6a98f0b519e
BMS_Dashboard/BMS_Firmware/Drivers/CMSIS/DSP/Source/StatisticsFunctions/arm_std_q31.c	.c	5678	2fe87512c46dc667
BMS_Dashboard/BMS_Firmware/Drivers/CMSIS/DSP/Source/StatisticsFunctions/arm_var_f32.c	.c	5052	67bf8d330b41f32c
BMS_Dashboard/BMS_Firmware/Drivers/CMSIS/DSP/Source/StatisticsFunctions/arm_var_q15.c	.c	5746	46c34001293bb288
BMS_Dashboard/BMS_Firmware/Drivers/CMSIS/DSP/Source/StatisticsFunctions/arm_var_q31.c	.c	5645	ec9ecc76b38f8e62
BMS_Dashboard/BMS_Firmware/Drivers/CMSIS/DSP/Source/SupportFunctions/arm_copy_f32.c	.c	3108	0bf5ba1b30af2ef5
BMS_Dashboard/BMS_Firmware/Drivers/CMSIS/DSP/Source/SupportFunctions/arm_copy_q15.c	.c	2651	fe894dd693dbe140
BMS_Dashboard/BMS_Firmware/Drivers/CMSIS/DSP/Source/SupportFunctions/arm_copy_q31.c	.c	2797	e80cc57223446204
BMS_Dashboard/BMS_Firmware/Drivers/CMSIS/DSP/Source/SupportFunctions/arm_copy_q7.c	.c	2711	f6028ebddd9d3670
BMS_Dashboard/BMS_Firmware/Drivers/CMSIS/DSP/Source/SupportFunctions/arm_fill_f32.c	.c	3062	0b7a4571721e97b7
BMS_Dashboard/BMS_Firmware/Drivers/CMSIS/DSP/Source/SupportFunctions/arm_fill_q15.c	.c	2865	9ca054c28b4e9c0a
BMS_Dashboard/BMS_Firmware/Drivers/CMSIS/DSP/Source/SupportFunctions/arm_fill_q31.c	.c	2756	21ed640f1c56df65
BMS_Dashboard/BMS_Firmware/Drivers/CMSIS/DSP/Source/SupportFunctions/arm_fill_q7.c	.c	2829	9d5002cfaab22562
BMS_Dashboard/BMS_Firmware/Drivers/CMSIS/DSP/Source/SupportFunctions/arm_float_to_q15.c	.c	5434	08cd62db82f0b874
BMS_Dashboard/BMS_Firmware/Drivers/CMSIS/DSP/Source/SupportFunctions/arm_float_to_q31.c	.c	5564	092fb18055d0a946
BMS_Dashboard/BMS_Firmware/Drivers/CMSIS/DSP/Source/SupportFunctions/arm_float_to_q7.c	.c	5299	17d8f84635d80ed1
BMS_Dashboard/BMS_Firmware/Drivers/CMSIS/DSP/Source/SupportFunctions/arm_q15_to_float.c	.c	3328	d760dd255eb72e36
BMS_Dashboard/BMS_Firmware/Drivers/CMSIS/DSP/Source/SupportFunctions/arm_q15_to_q31.c	.c	3886	86be88c9dcf0f7a5
BMS_Dashboard/BMS_Firmware/Drivers/CMSIS/DSP/Source/SupportFunctions/arm_q15_to_q7.c	.c	3788	e2ed16a1aeed6aa1
BMS_Dashboard/BMS_Firmware/Drivers/CMSIS/DSP/Source/SupportFunctions/arm_q31_to_float.c	.c	3361	72b8bf46fe0da826
BMS_Dashboard/BMS_Firmware/Drivers/CMSIS/DSP/Source/SupportFunctions/arm_q31_to_q15.c	.c	3470	a7ddfe0ed3bb3d81
BMS_Dashboard/BMS_Firmware/Drivers/CMSIS/DSP/Source/SupportFunctions/arm_q31_to_q7.c	.c	3303	92e7a1b67a4acdf3
BMS_Dashboard/BMS_Firmware/Drivers/CMSIS/DSP/Source/SupportFunctions/arm_q7_to_float.c	.c	3293	fb1872a5df5f33f8
BMS_Dashboard/BMS_Firmware/Drivers/CMSIS/DSP/Source/SupportFunctions/arm_q7_to_q15.c	.c	3617	8673c19d42da8fc8
BMS_Dashboard/BMS_Firmware/Drivers/CMSIS/DSP/Source/SupportFunctions/arm_q7_to_q31.c	.c	3453	a02df5972ed40510
BMS_Dashboard/BMS_Firmware/Drivers/CMSIS/DSP/Source/TransformFunctions/arm_bitreversal.c	.c	7205	2a0b792c263773ae
BMS_Dashboard/BMS_Firmware/Drivers/CMSIS/DSP/Source/TransformFunctions/arm_bitreversal2.S	.s	5576	2a50807958809354
BMS_Dashboard/BMS_Firmware/Drivers/CMSIS/DSP/Source/TransformFunctions/arm_cfft_f32.c	.c	18097	8254afd22a875226
BMS_Dashboard/BMS_Firmware/Drivers/CMSIS/DSP/Source/TransformFunctions/arm_cfft_q15.c	.c	8781	aad1365566188bfd
BMS_Dashboard/BMS_Firmware/Drivers/CMSIS/DSP/Source/TransformFunctions/arm_cfft_q31.c	.c	6450	2eb6460a5cd4c6b2
BMS_Dashboard/BMS_Firmware/Drivers/CMSIS/DSP/Source/TransformFunctions/arm_cfft_radix2_f32.c	.c	11786	83855cf163b11091
BMS_Dashboard/BMS_Firmware/Drivers/CMSIS/DSP/Source/TransformFunctions/arm_cfft_radix2_init_f32.c	.c	6662	ea0dd9d180ba354f
BMS_Dashboard/BMS_Firmware/Drivers/CMSIS/DSP/Source/TransformFunctions/arm_cfft_radix2_init_q15.c	.c	5817	95e3bead40b95a1d
BMS_Dashboard/BMS_Firmware/Drivers/CMSIS/DSP/Source/TransformFunctions/arm_cfft_radix2_init_q31.c	.c	6137	aa16d09b10e072e3
BMS_Dashboard/BMS_Firmware/Drivers/CMSIS/DSP/Source/TransformFunctions/arm_cfft_radix2_q15.c	.c	17399	3d01404aa3ee77d9
BMS_Dashboard/BMS_Firmware/Drivers/CMSIS/DSP/Source/TransformFunctions/arm_cfft_radix2_q31.c	.c	8757	2c9b1928e74d3301
BMS_Dashboard/BMS_Firmware/Drivers/CMSIS/DSP/Source/TransformFunctions/arm_cfft_radix4_f32.c	.c	35034	52a3bb4283571354
BMS_Dashboard/BMS_Firmware/Drivers/CMSIS/DSP/Source/TransformFunctions/arm_cfft_radix4_init_f32.c	.c	5253	5634548cd9e68911
BMS_Dashboard/BMS_Firmware/Drivers/CMSIS/DSP/Source/TransformFunctions/arm_cfft_radix4_init_q15.c	.c	4780	bd61e32886a6c391
BMS_Dashboard/BMS_Firmware/Drivers/CMSIS/DSP/Source/TransformFunctions/arm_cfft_radix4_init_q31.c	.c	4930	9cf580fd2040db8a
BMS_Dashboard/BMS_Firmware/Drivers/CMSIS/DSP/Source/TransformFunctions/arm_cfft_radix4_q15.c	.c	56268	d61f127ea1b16bae
BMS_Dashboard/BMS_Firmware/Drivers/CMSIS/DSP/Source/TransformFunctions/arm_cfft_radix4_q31.c	.c	39982	b676f073b4bcc927
BMS_Dashboard/BMS_Firmware/Drivers/CMSIS/DSP/Source/TransformFunctions/arm_cfft_radix8_f32.c	.c	9051	a2599566b391253e
BMS_Dashboard/BMS_Firmware/Drivers/CMSIS/DSP/Source/TransformFunctions/arm_dct4_f32.c	.c	16898	9d1ff9d8ad549092
BMS_Dashboard/BMS_Firmware/Drivers/CMSIS/DSP/Source/TransformFunctions/arm_dct4_init_f32.c	.c	828380	1a346400b85fc0fa
BMS_Dashboard/BMS_Firmware/Drivers/CMSIS/DSP/Source/TransformFunctions/arm_dct4_init_q15.c	.c	505673	94b265f501ce7d12
BMS_Dashboard/BMS_Firmware/Drivers/CMSIS/DSP/Source/TransformFunctions/arm_dct4_init_q31.c	.c	652544	0ef696f0043104f7
BMS_Dashboard/BMS_Firmware/Drivers/CMSIS/DSP/Source/TransformFunctions/arm_dct4_q15.c	.c	12846	adbe082df135f008
BMS_Dashboard/BMS_Firmware/Drivers/CMSIS/DSP/Source/TransformFunctions/arm_dct4_q31.c	.c	12915	7f2f75ada2760721
BMS_Dashboard/BMS_Firmware/Drivers/CMSIS/DSP/Source/TransformFunctions/arm_rfft_f32.c	.c	9396	3e09ca3b39c6042f
BMS_Dashboard/BMS_Firmware/Drivers/CMSIS/DSP/Source/TransformFunctions/arm_rfft_fast_f32.c	.c	11340	4683701be2215f04
BMS_Dashboard/BMS_Firmware/Drivers/CMSIS/DSP/Source/TransformFunctions/arm_rfft_fast_init_f32.c	.c	4924	3fff36d41185540a
BMS_Dashboard/BMS_Firmware/Drivers/CMSIS/DSP/Source/TransformFunctions/arm_rfft_init_f32.c	.c	349419	904ab9e0c57368c3
BMS_Dashboard/BMS_Firmware/Drivers/CMSIS/DSP/Source/TransformFunctions/arm_rfft_init_q15.c	.c	258499	f8cd8fb34f958f33
BMS_Dashboard/BMS_Firmware/Drivers/CMSIS/DSP/Source/TransformFunctions/arm_rfft_init_q31.c	.c	334218	0162537981926017
BMS_Dashboard/BMS_Firmware/Drivers/CMSIS/DSP/Source/TransformFunctions/arm_rfft_q15.c	.c	13004	3cbf01774a5730bc
BMS_Dashboard/BMS_Firmware/Drivers/CMSIS/DSP/Source/TransformFunctions/arm_rfft_q31.c	.c	9347	2919409745168b4e
BMS_Dashboard/BMS_Firmware/Drivers/CMSIS/Device/ST/STM32F3xx/Include/stm32f303xc.h	.h	1150439	85d2ba335a5fc5e8
BMS_Dashboard/BMS_Firmware/Drivers/CMSIS/Device/ST/STM32F3xx/Include/stm32f3xx.h	.h	10797	85429c595f6ec13a
BMS_Dashboard/BMS_Firmware/Drivers/CMSIS/Device/ST/STM32F3xx/Include/system_stm32f3xx.h	.h	2384	29eac64446753fc5
BMS_Dashboard/BMS_Firmware/Drivers/CMSIS/Device/ST/STM32F3xx/LICENSE.txt	.txt	377	d65cad1327eb8dae
BMS_Dashboard/BMS_Firmware/Drivers/CMSIS/Include/cmsis_armcc.h	.h	28208	57b8d88cd03152f6
BMS_Dashboard/BMS_Firmware/Drivers/CMSIS/Include/cmsis_armclang.h	.h	56497	da29dbad3cf27f6c
BMS_Dashboard/BMS_Firmware/Drivers/CMSIS/Include/cmsis_compiler.h	.h	9014	cd3cbd1c771a5252
BMS_Dashboard/BMS_Firmware/Drivers/CMSIS/Include/cmsis_gcc.h	.h	62344	8c16d51f7884a9fc
BMS_Dashboard/BMS_Firmware/Drivers/CMSIS/Include/cmsis_iccarm.h	.h	28414	a600765888c69ee6
BMS_Dashboard/BMS_Firmware/Drivers/CMSIS/Include/cmsis_version.h	.h	1716	280b9fc8739aefa8
BMS_Dashboard/BMS_Firmware/Drivers/CMSIS/Include/core_armv8mbl.h	.h	97995	220d90f3f99126e6
BMS_Dashboard/BMS_Firmware/Drivers/CMSIS/Include/core_armv8mml.h	.h	168914	825a8799d71f3fa2
BMS_Dashboard/BMS_Firmware/Drivers/CMSIS/Include/core_cm0.h	.h	42208	1beaa04c859225f7
BMS_Dashboard/BMS_Firmware/Drivers/CMSIS/Include/core_cm0plus.h	.h	50464	c953256e1c1b1cd6
BMS_Dashboard/BMS_Firmware/Drivers/CMSIS/Include/core_cm1.h	.h	43456	460281028a261740
BMS_Dashboard/BMS_Firmware/Drivers/CMSIS/Include/core_cm23.h	.h	104628	6303efec943ca0f9
BMS_Dashboard/BMS_Firmware/Drivers/CMSIS/Include/core_cm3.h	.h	111854	368296087a925cf7
BMS_Dashboard/BMS_Firmware/Drivers/CMSIS/Include/core_cm33.h	.h	175600	7f1b6a76b119e1e1
BMS_Dashboard/BMS_Firmware/Drivers/CMSIS/Include/core_cm4.h	.h	123607	738dff259c25e68e
BMS_Dashboard/BMS_Firmware/Drivers/CMSIS/Include/core_cm7.h	.h	148588	6b75e3bef1eb81e0
BMS_Dashboard/BMS_Firmware/Drivers/CMSIS/Include/core_sc000.h	.h	47249	d1528d13fbf91da6
BMS_Dashboard/BMS_Firmware/Drivers/CMSIS/Include/core_sc300.h	.h	110523	fa514ea0cf5327b0
BMS_Dashboard/BMS_Firmware/Drivers/CMSIS/Include/mpu_armv7.h	.h	11711	b0b6da4ec744b5f5
BMS_Dashboard/BMS_Firmware/Drivers/CMSIS/Include/mpu_armv8.h	.h	10958	8280a1d4d3d25f60
BMS_Dashboard/BMS_Firmware/Drivers/CMSIS/Include/tz_context.h	.h	2757	7fcc21fc190f6fd9
BMS_Dashboard/BMS_Firmware/Drivers/CMSIS/LICENSE.txt	.txt	11558	e03ba41d7fab2070
BMS_Dashboard/BMS_Firmware/Drivers/CMSIS/Lib/ARM/arm_cortexM4b_math.lib	.lib	13573204	e303b81c765f6d8a
BMS_Dashboard/BMS_Firmware/Drivers/CMSIS/Lib/ARM/arm_cortexM4bf_math.lib	.lib	13682084	6dae037fe9f9a108
BMS_Dashboard/BMS_Firmware/Drivers/CMSIS/Lib/ARM/arm_cortexM4l_math.lib	.lib	13550380	79d37b4b54c9a733
BMS_Dashboard/BMS_Firmware/Drivers/CMSIS/Lib/ARM/arm_cortexM4lf_math.lib	.lib	13707672	33c452bf92001d66
BMS_Dashboard/BMS_Firmware/Drivers/CMSIS/Lib/GCC/libarm_cortexM4l_math.a	.a	3137666	2d152403f083ecfd
BMS_Dashboard/BMS_Firmware/Drivers/CMSIS/Lib/GCC/libarm_cortexM4lf_math.a	.a	3097502	73e7c4f8ce6ac7c3
BMS_Dashboard/BMS_Firmware/Drivers/CMSIS/Lib/IAR/iar_cortexM4b_math.a	.a	2967784	1f63e27cf6773f23
BMS_Dashboard/BMS_Firmware/Drivers/CMSIS/Lib/IAR/iar_cortexM4bf_math.a	.a	2937102	81d05b06372b1674
BMS_Dashboard/BMS_Firmware/Drivers/CMSIS/Lib/IAR/iar_cortexM4l_math.a	.a	2960894	8b0f2eb400525dfd
BMS_Dashboard/BMS_Firmware/Drivers/CMSIS/Lib/IAR/iar_cortexM4lf_math.a	.a	2932562	7c8f0f9db93f760b
BMS_Dashboard/BMS_Firmware/Drivers/CMSIS/NN/Examples/ARM/arm_nn_examples/cifar10/RTE/Compiler/EventRecorderConf.h	.h	1761	bbc67fd19e995ca9
BMS_Dashboard/BMS_Firmware/Drivers/CMSIS/NN/Examples/ARM/arm_nn_examples/cifar10/RTE/_ARMCM0/RTE_Components.h	.h	593	77f7e4cd37494a5c
BMS_Dashboard/BMS_Firmware/Drivers/CMSIS/NN/Examples/ARM/arm_nn_examples/cifar10/RTE/_ARMCM3/RTE_Components.h	.h	507	dbad058fd005ce9b
BMS_Dashboard/BMS_Firmware/Drivers/CMSIS/NN/Examples/ARM/arm_nn_examples/cifar10/RTE/_ARMCM4_FP/RTE_Components.h	.h	513	dff1875623795c08
BMS_Dashboard/BMS_Firmware/Drivers/CMSIS/NN/Examples/ARM/arm_nn_examples/cifar10/RTE/_ARMCM7_SP/RTE_Components.h	.h	513	b98d97f3fac9eef9
BMS_Dashboard/BMS_Firmware/Drivers/CMSIS/NN/Examples/ARM/arm_nn_examples/cifar10/arm_nnexamples_cifar10.cpp	.cpp	8278	9427a0d96d8b5765
BMS_Dashboard/BMS_Firmware/Drivers/CMSIS/NN/Examples/ARM/arm_nn_examples/cifar10/arm_nnexamples_cifar10_inputs.h	.h	22344	c4adde1fa827c9ac
BMS_Dashboard/BMS_Firmware/Drivers/CMSIS/NN/Examples/ARM/arm_nn_examples/cifar10/arm_nnexamples_cifar10_parameter.h	.h	917	6c57ad87174e92f5
BMS_Dashboard/BMS_Firmware/Drivers/CMSIS/NN/Examples/ARM/arm_nn_examples/cifar10/arm_nnexamples_cifar10_weights.h	.h	101698	7dd52997904c2367
BMS_Dashboard/BMS_Firmware/Drivers/CMSIS/NN/Examples/ARM/arm_nn_examples/cifar10/readme.txt	.txt	128	a85ff8bf2a93843b
BMS_Dashboard/BMS_Firmware/Drivers/CMSIS/NN/Examples/ARM/arm_nn_examples/gru/RTE/Compiler/EventRecorderConf.h	.h	1761	bbc67fd19e995ca9
BMS_Dashboard/BMS_Firmware/Drivers/CMSIS/NN/Examples/ARM/arm_nn_examples/gru/RTE/_ARMCM0/RTE_Components.h	.h	589	beb636d23069d8b5
BMS_Dashboard/BMS_Firmware/Drivers/CMSIS/NN/Examples/ARM/arm_nn_examples/gru/RTE/_ARMCM3/RTE_Components.h	.h	503	ca7df832f40c5824
BMS_Dashboard/BMS_Firmware/Drivers/CMSIS/NN/Examples/ARM/arm_nn_examples/gru/RTE/_ARMCM4_FP/RTE_Components.h	.h	509	ebb6ec39896ff206
BMS_Dashboard/BMS_Firmware/Drivers/CMSIS/NN/Examples/ARM/arm_nn_examples/gru/RTE/_ARMCM7_SP/RTE_Components.h	.h	509	61f9f181a39affea
BMS_Dashboard/BMS_Firmware/Drivers/CMSIS/NN/Examples/ARM/arm_nn_examples/gru/arm_nnexamples_gru.cpp	.cpp	9021	3d60d147fcc3e802
BMS_Dashboard/BMS_Firmware/Drivers/CMSIS/NN/Examples/ARM/arm_nn_examples/gru/arm_nnexamples_gru_test_data.h	.h	45793	631be84390771b3b
BMS_Dashboard/BMS_Firmware/Drivers/CMSIS/NN/Examples/ARM/arm_nn_examples/gru/readme.txt	.txt	125	72387f3db104fa20
BMS_Dashboard/BMS_Firmware/Drivers/CMSIS/NN/Include/arm_nn_tables.h	.h	1910	6393969ed2ebf0aa
BMS_Dashboard/BMS_Firmware/Drivers/CMSIS/NN/Include/arm_nnfunctions.h	.h	49688	ace3d835bfbc73a2
BMS_Dashboard/BMS_Firmware/Drivers/CMSIS/NN/Include/arm_nnsupportfunctions.h	.h	5754	a1441c0e82bad530
BMS_Dashboard/BMS_Firmware/Drivers/CMSIS/NN/NN_Lib_Tests/nn_test/RTE/_ARMCM0/RTE_Components.h	.h	357	af2cb142215a6194
BMS_Dashboard/BMS_Firmware/Drivers/CMSIS/NN/NN_Lib_Tests/nn_test/RTE/_ARMCM3/RTE_Components.h	.h	801	b71d830af1ab2a13
BMS_Dashboard/BMS_Firmware/Drivers/CMSIS/NN/NN_Lib_Tests/nn_test/RTE/_ARMCM4_FP/RTE_Components.h	.h	807	4037b0785e1cb0b8
BMS_Dashboard/BMS_Firmware/Drivers/CMSIS/NN/NN_Lib_Tests/nn_test/RTE/_ARMCM7_SP/RTE_Components.h	.h	807	2babcc1b143383a4
BMS_Dashboard/BMS_Firmware/Drivers/CMSIS/NN/NN_Lib_Tests/nn_test/Ref_Implementations/arm_convolve_HWC_q15_ref.c	.c	3152	59e9f1eff15aa450
BMS_Dashboard/BMS_Firmware/Drivers/CMSIS/NN/NN_Lib_Tests/nn_test/Ref_Implementations/arm_convolve_HWC_q15_ref_nonsquare.c	.c	3311	cb2e28b87cb710e3
BMS_Dashboard/BMS_Firmware/Drivers/CMSIS/NN/NN_Lib_Tests/nn_test/Ref_Implementations/arm_convolve_HWC_q7_ref.c	.c	3190	787240977dfab535
BMS_Dashboard/BMS_Firmware/Drivers/CMSIS/NN/NN_Lib_Tests/nn_test/Ref_Implementations/arm_convolve_HWC_q7_ref_nonsquare.c	.c	3857	c5d8903f37bc5740
BMS_Dashboard/BMS_Firmware/Drivers/CMSIS/NN/NN_Lib_Tests/nn_test/Ref_Implementations/arm_depthwise_separable_conv_HWC_q7_ref.c	.c	3585	5f8084aaadb95d0d
BMS_Dashboard/BMS_Firmware/Drivers/CMSIS/NN/NN_Lib_Tests/nn_test/Ref_Implementations/arm_depthwise_separable_conv_HWC_q7_ref_nonsquare.c	.c	4316	2c634f2efaffcf3a
BMS_Dashboard/BMS_Firmware/Drivers/CMSIS/NN/NN_Lib_Tests/nn_test/Ref_Implementations/arm_fully_connected_mat_q7_vec_q15_opt_ref.c	.c	4040	f45b9731a6af57b1
BMS_Dashboard/BMS_Firmware/Drivers/CMSIS/NN/NN_Lib_Tests/nn_test/Ref_Implementations/arm_fully_connected_mat_q7_vec_q15_ref.c	.c	1865	06c234231897e6ef
BMS_Dashboard/BMS_Firmware/Drivers/CMSIS/NN/NN_Lib_Tests/nn_test/Ref_Implementations/arm_fully_connected_q15_opt_ref.c	.c	3933	9aee4c74a8682403
BMS_Dashboard/BMS_Firmware/Drivers/CMSIS/NN/NN_Lib_Tests/nn_test/Ref_Implementations/arm_fully_connected_q15_ref.c	.c	1778	9df364871efa15fe
BMS_Dashboard/BMS_Firmware/Drivers/CMSIS/NN/NN_Lib_Tests/nn_test/Ref_Implementations/arm_fully_connected_q7_opt_ref.c	.c	4418	6242d8d4bbca7188
BMS_Dashboard/BMS_Firmware/Drivers/CMSIS/NN/NN_Lib_Tests/nn_test/Ref_Implementations/arm_fully_connected_q7_ref.c	.c	1763	2f536cccdd92cf9d
BMS_Dashboard/BMS_Firmware/Drivers/CMSIS/NN/NN_Lib_Tests/nn_test/Ref_Implementations/arm_nn_mult_ref.c	.c	1830	06e4d282bb51be37
BMS_Dashboard/BMS_Firmware/Drivers/CMSIS/NN/NN_Lib_Tests/nn_test/Ref_Implementations/arm_pool_ref.c	.c	4118	0ca98dbeb210cb51
BMS_Dashboard/BMS_Firmware/Drivers/CMSIS/NN/NN_Lib_Tests/nn_test/Ref_Implementations/arm_relu_ref.c	.c	1097	23940707eef1afdd
BMS_Dashboard/BMS_Firmware/Drivers/CMSIS/NN/NN_Lib_Tests/nn_test/Ref_Implementations/fully_connected_testing_weights.h	.h	235665	ce2aa9a4db2a9660
BMS_Dashboard/BMS_Firmware/Drivers/CMSIS/NN/NN_Lib_Tests/nn_test/Ref_Implementations/ref_functions.h	.h	17288	0b4dbfc65ba6d66b
BMS_Dashboard/BMS_Firmware/Drivers/CMSIS/NN/NN_Lib_Tests/nn_test/arm_nnexamples_nn_test.cpp	.cpp	31613	2502be8b4e63fd43
BMS_Dashboard/BMS_Firmware/Drivers/CMSIS/NN/NN_Lib_Tests/nn_test/arm_nnexamples_nn_test.h	.h	1571	cd609e8905d30a4f
BMS_Dashboard/BMS_Firmware/Drivers/CMSIS/NN/NN_Lib_Tests/nn_test/readme.txt	.txt	140	5a848971c501fe8b
BMS_Dashboard/BMS_Firmware/Drivers/CMSIS/NN/Source/ActivationFunctions/arm_nn_activations_q15.c	.c	3031	1d692f709568a9d9
BMS_Dashboard/BMS_Firmware/Drivers/CMSIS/NN/Source/ActivationFunctions/arm_nn_activations_q7.c	.c	2632	1a3ffb23e588f6a5
BMS_Dashboard/BMS_Firmware/Drivers/CMSIS/NN/Source/ActivationFunctions/arm_relu_q15.c	.c	2470	7d45c6cfebe5f012
BMS_Dashboard/BMS_Firmware/Drivers/CMSIS/NN/Source/ActivationFunctions/arm_relu_q7.c	.c	2496	f3c90342ae3dbf11
BMS_Dashboard/BMS_Firmware/Drivers/CMSIS/NN/Source/ConvolutionFunctions/arm_convolve_1x1_HWC_q7_fast_nonsquare.c	.c	9374	76d3fc3afc73c2fb
BMS_Dashboard/BMS_Firmware/Drivers/CMSIS/NN/Source/ConvolutionFunctions/arm_convolve_HWC_q15_basic.c	.c	7735	c001bd1d12af1ee8
BMS_Dashboard/BMS_Firmware/Drivers/CMSIS/NN/Source/ConvolutionFunctions/arm_convolve_HWC_q15_fast.c	.c	9920	95ce3051e37020a7
BMS_Dashboard/BMS_Firmware/Drivers/CMSIS/NN/Source/ConvolutionFunctions/arm_convolve_HWC_q15_fast_nonsquare.c	.c	10810	76f40254f20dacee
BMS_Dashboard/BMS_Firmware/Drivers/CMSIS/NN/Source/ConvolutionFunctions/arm_convolve_HWC_q7_RGB.c	.c	10526	a3cffee0b0de6eb1
BMS_Dashboard/BMS_Firmware/Drivers/CMSIS/NN/Source/ConvolutionFunctions/arm_convolve_HWC_q7_basic.c	.c	8472	0b08735cadbaefca
BMS_Dashboard/BMS_Firmware/Drivers/CMSIS/NN/Source/ConvolutionFunctions/arm_convolve_HWC_q7_basic_nonsquare.c	.c	9270	5f02d095f810ee94
BMS_Dashboard/BMS_Firmware/Drivers/CMSIS/NN/Source/ConvolutionFunctions/arm_convolve_HWC_q7_fast.c	.c	16476	544f0a6294b2ff57
BMS_Dashboard/BMS_Firmware/Drivers/CMSIS/NN/Source/ConvolutionFunctions/arm_convolve_HWC_q7_fast_nonsquare.c	.c	15615	837175e4c8b28b6e
BMS_Dashboard/BMS_Firmware/Drivers/CMSIS/NN/Source/ConvolutionFunctions/arm_depthwise_separable_conv_HWC_q7.c	.c	17346	6f6030b4b555a289
BMS_Dashboard/BMS_Firmware/Drivers/CMSIS/NN/Source/ConvolutionFunctions/arm_depthwise_separable_conv_HWC_q7_nonsquare.c	.c	17969	df463a564432c84d
BMS_Dashboard/BMS_Firmware/Drivers/CMSIS/NN/Source/ConvolutionFunctions/arm_nn_mat_mult_kernel_q7_q15.c	.c	6595	ac66c62bbbba0540
BMS_Dashboard/BMS_Firmware/Drivers/CMSIS/NN/Source/ConvolutionFunctions/arm_nn_mat_mult_kernel_q7_q15_reordered.c	.c	5287	727bc0328c073da5
BMS_Dashboard/BMS_Firmware/Drivers/CMSIS/NN/Source/FullyConnectedFunctions/arm_fully_connected_mat_q7_vec_q15.c	.c	5848	049e395890aeff57
BMS_Dashboard/BMS_Firmware/Drivers/CMSIS/NN/Source/FullyConnectedFunctions/arm_fully_connected_mat_q7_vec_q15_opt.c	.c	12680	dcb19a9b481184c8
BMS_Dashboard/BMS_Firmware/Drivers/CMSIS/NN/Source/FullyConnectedFunctions/arm_fully_connected_q15.c	.c	5598	e8fa6851237b0058
BMS_Dashboard/BMS_Firmware/Drivers/CMSIS/NN/Source/FullyConnectedFunctions/arm_fully_connected_q15_opt.c	.c	9848	88c7b0c872237f8d
BMS_Dashboard/BMS_Firmware/Drivers/CMSIS/NN/Source/FullyConnectedFunctions/arm_fully_connected_q7.c	.c	5779	21aaa5087d77738e
BMS_Dashboard/BMS_Firmware/Drivers/CMSIS/NN/Source/FullyConnectedFunctions/arm_fully_connected_q7_opt.c	.c	15890	3480b841bd12198b
BMS_Dashboard/BMS_Firmware/Drivers/CMSIS/NN/Source/NNSupportFunctions/arm_nn_mult_q15.c	.c	4640	5e4a638951987449
BMS_Dashboard/BMS_Firmware/Drivers/CMSIS/NN/Source/NNSupportFunctions/arm_nn_mult_q7.c	.c	3870	fcbd38467695a321
BMS_Dashboard/BMS_Firmware/Drivers/CMSIS/NN/Source/NNSupportFunctions/arm_nntables.c	.c	15836	8b16291e1e656c87
BMS_Dashboard/BMS_Firmware/Drivers/CMSIS/NN/Source/NNSupportFunctions/arm_q7_to_q15_no_shift.c	.c	3792	528a18ed7f46846c
BMS_Dashboard/BMS_Firmware/Drivers/CMSIS/NN/Source/NNSupportFunctions/arm_q7_to_q15_reordered_no_shift.c	.c	4282	1b4b77f52e52e06b
BMS_Dashboard/BMS_Firmware/Drivers/CMSIS/NN/Source/PoolingFunctions/arm_pool_q7_HWC.c	.c	13982	e79d4444b7b5f4a2
BMS_Dashboard/BMS_Firmware/Drivers/CMSIS/NN/Source/SoftmaxFunctions/arm_softmax_q15.c	.c	3180	8e69c7e883ef01de
BMS_Dashboard/BMS_Firmware/Drivers/CMSIS/NN/Source/SoftmaxFunctions/arm_softmax_q7.c	.c	3232	d776fa47b04194fa
BMS_Dashboard/BMS_Firmware/Drivers/CMSIS/RTOS/Template/cmsis_os.h	.h	36870	fc2f0701bb5da95b
BMS_Dashboard/BMS_Firmware/Drivers/CMSIS/RTOS2/Include/cmsis_os2.h	.h	36730	9582815aaec33b29
BMS_Dashboard/BMS_Firmware/Drivers/CMSIS/RTOS2/Include/os_tick.h	.h	2289	db2c6e37e6af1e16
BMS_Dashboard/BMS_Firmware/Drivers/CMSIS/RTOS2/Source/os_systick.c	.c	3673	018218c3ac800f18
BMS_Dashboard/BMS_Firmware/Drivers/CMSIS/RTOS2/Source/os_tick_gtim.c	.c	4469	886119c7ba41e545
BMS_Dashboard/BMS_Firmware/Drivers/CMSIS/RTOS2/Source/os_tick_ptim.c	.c	4065	10e0c8c7ed275ca9
BMS_Dashboard/BMS_Firmware/Drivers/CMSIS/RTOS2/Template/cmsis_os.h	.h	41000	b0f2e4c7eec3f0a8
BMS_Dashboard/BMS_Firmware/Drivers/CMSIS/RTOS2/Template/cmsis_os1.c	.c	9061	d59bcf9879641680
BMS_Dashboard/BMS_Firmware/Drivers/CMSIS/docs/General/html/LICENSE.txt	.txt	11558	e03ba41d7fab2070
BMS_Dashboard/BMS_Firmware/Drivers/STM32F3xx_HAL_Driver/Inc/Legacy/stm32_hal_legacy.h	.h	241309	15d4df18dbf6f7a5
BMS_Dashboard/BMS_Firmware/Drivers/STM32F3xx_HAL_Driver/Inc/stm32f3xx_hal.h	.h	54997	4a4cf49bd6e1a8c4
BMS_Dashboard/BMS_Firmware/Drivers/STM32F3xx_HAL_Driver/Inc/stm32f3xx_hal_cortex.h	.h	17800	f124520b210313c8
BMS_Dashboard/BMS_Firmware/Drivers/STM32F3xx_HAL_Driver/Inc/stm32f3xx_hal_def.h	.h	6710	ead710c9a44e63d2
BMS_Dashboard/BMS_Firmware/Drivers/STM32F3xx_HAL_Driver/Inc/stm32f3xx_hal_dma.h	.h	18288	050169fad97cb845
BMS_Dashboard/BMS_Firmware/Drivers/STM32F3xx_HAL_Driver/Inc/stm32f3xx_hal_dma_ex.h	.h	12577	31a15ee598592914
BMS_Dashboard/BMS_Firmware/Drivers/STM32F3xx_HAL_Driver/Inc/stm32f3xx_hal_exti.h	.h	17186	182f07247d4530df
BMS_Dashboard/BMS_Firmware/Drivers/STM32F3xx_HAL_Driver/Inc/stm32f3xx_hal_flash.h	.h	11395	675ac889fe77f536
BMS_Dashboard/BMS_Firmware/Drivers/STM32F3xx_HAL_Driver/Inc/stm32f3xx_hal_flash_ex.h	.h	20768	af47bede4f0cedfe
BMS_Dashboard/BMS_Firmware/Drivers/STM32F3xx_HAL_Driver/Inc/stm32f3xx_hal_gpio.h	.h	14043	f755ff1f36403f54
BMS_Dashboard/BMS_Firmware/Drivers/STM32F3xx_HAL_Driver/Inc/stm32f3xx_hal_gpio_ex.h	.h	77671	b168e36176d80cea
BMS_Dashboard/BMS_Firmware/Drivers/STM32F3xx_HAL_Driver/Inc/stm32f3xx_hal_i2c.h	.h	39660	6fcb1150df2c62c1
BMS_Dashboard/BMS_Firmware/Drivers/STM32F3xx_HAL_Driver/Inc/stm32f3xx_hal_i2c_ex.h	.h	6310	df5afbc3216a255b
BMS_Dashboard/BMS_Firmware/Drivers/STM32F3xx_HAL_Driver/Inc/stm32f3xx_hal_pcd.h	.h	35020	a73a03e942a019fe
BMS_Dashboard/BMS_Firmware/Drivers/STM32F3xx_HAL_Driver/Inc/stm32f3xx_hal_pcd_ex.h	.h	2242	2eb9bd1f92c3102e
BMS_Dashboard/BMS_Firmware/Drivers/STM32F3xx_HAL_Driver/Inc/stm32f3xx_hal_pwr.h	.h	7400	84e0f0040e2d5f93
BMS_Dashboard/BMS_Firmware/Drivers/STM32F3xx_HAL_Driver/Inc/stm32f3xx_hal_pwr_ex.h	.h	11670	045a2a2d4bbe9c6f
BMS_Dashboard/BMS_Firmware/Drivers/STM32F3xx_HAL_Driver/Inc/stm32f3xx_hal_rcc.h	.h	88635	d811f3df2ba661de
BMS_Dashboard/BMS_Firmware/Drivers/STM32F3xx_HAL_Driver/Inc/stm32f3xx_hal_rcc_ex.h	.h	201722	73036b9a82cd2985
BMS_Dashboard/BMS_Firmware/Drivers/STM32F3xx_HAL_Driver/Inc/stm32f3xx_hal_spi.h	.h	38699	a0abe18c4f3d2fb7
BMS_Dashboard/BMS_Firmware/Drivers/STM32F3xx_HAL_Driver/Inc/stm32f3xx_hal_spi_ex.h	.h	1937	250f922244e4fd72
BMS_Dashboard/BMS_Firmware/Drivers/STM32F3xx_HAL_Driver/Inc/stm32f3xx_ll_bus.h	.h	48884	006925149cac1cfd
BMS_Dashboard/BMS_Firmware/Drivers/STM32F3xx_HAL_Driver/Inc/stm32f3xx_ll_cortex.h	.h	24809	409c0c99aabd6a03
BMS_Dashboard/BMS_Firmware/Drivers/STM32F3xx_HAL_Driver/Inc/stm32f3xx_ll_dma.h	.h	81336	064a6959baf87fd6
BMS_Dashboard/BMS_Firmware/Drivers/STM32F3xx_HAL_Driver/Inc/stm32f3xx_ll_exti.h	.h	52323	02e2f35cb970967a
BMS_Dashboard/BMS_Firmware/Drivers/STM32F3xx_HAL_Driver/Inc/stm32f3xx_ll_gpio.h	.h	38087	112db935a7b497a2
BMS_Dashboard/BMS_Firmware/Drivers/STM32F3xx_HAL_Driver/Inc/stm32f3xx_ll_pwr.h	.h	17317	dc0e7d06fd61471c
BMS_Dashboard/BMS_Firmware/Drivers/STM32F3xx_HAL_Driver/Inc/stm32f3xx_ll_rcc.h	.h	115919	5a904b8920849c09
BMS_Dashboard/BMS_Firmware/Drivers/STM32F3xx_HAL_Driver/Inc/stm32f3xx_ll_spi.h	.h	77572	e8d0935d399f4b7b
BMS_Dashboard/BMS_Firmware/Drivers/STM32F3xx_HAL_Driver/Inc/stm32f3xx_ll_system.h	.h	86295	e08fb33fb35ae092
BMS_Dashboard/BMS_Firmware/Drivers/STM32F3xx_HAL_Driver/Inc/stm32f3xx_ll_usb.h	.h	9277	f0c1fc79184527a1
BMS_Dashboard/BMS_Firmware/Drivers/STM32F3xx_HAL_Driver/Inc/stm32f3xx_ll_utils.h	.h	9229	25c08d1a87d0b426
BMS_Dashboard/BMS_Firmware/Drivers/STM32F3xx_HAL_Driver/LICENSE.txt	.txt	383	bdc7b0f98db48462
BMS_Dashboard/BMS_Firmware/Drivers/STM32F3xx_HAL_Driver/Src/stm32f3xx_hal.c	.c	16525	2bc9a39029befed8
BMS_Dashboard/BMS_Firmware/Drivers/STM32F3xx_HAL_Driver/Src/stm32f3xx_hal_cortex.c	.c	21845	8d453d2d6ceeb88e
BMS_Dashboard/BMS_Firmware/Drivers/STM32F3xx_HAL_Driver/Src/stm32f3xx_hal_dma.c	.c	27705	fb4f733aa960a323
BMS_Dashboard/BMS_Firmware/Drivers/STM32F3xx_HAL_Driver/Src/stm32f3xx_hal_exti.c	.c	18078	6af25e401a439e88
BMS_Dashboard/BMS_Firmware/Drivers/STM32F3xx_HAL_Driver/Src/stm32f3xx_hal_flash.c	.c	21332	baf6d2c7bb54aac6
BMS_Dashboard/BMS_Firmware/Drivers/STM32F3xx_HAL_Driver/Src/stm32f3xx_hal_flash_ex.c	.c	31579	9c93d2dd6cb83830
BMS_Dashboard/BMS_Firmware/Drivers/STM32F3xx_HAL_Driver/Src/stm32f3xx_hal_gpio.c	.c	19289	e567fac54b0179d3
BMS_Dashboard/BMS_Firmware/Drivers/STM32F3xx_HAL_Driver/Src/stm32f3xx_hal_i2c.c	.c	252269	3adae569e37361bc
BMS_Dashboard/BMS_Firmware/Drivers/STM32F3xx_HAL_Driver/Src/stm32f3xx_hal_i2c_ex.c	.c	11491	d474dc0b1234d0e5
BMS_Dashboard/BMS_Firmware/Drivers/STM32F3xx_HAL_Driver/Src/stm32f3xx_hal_pcd.c	.c	55191	b1520f88a60449ad
BMS_Dashboard/BMS_Firmware/Drivers/STM32F3xx_HAL_Driver/Src/stm32f3xx_hal_pcd_ex.c	.c	5770	fb530f4af4a75eb6
BMS_Dashboard/BMS_Firmware/Drivers/STM32F3xx_HAL_Driver/Src/stm32f3xx_hal_pwr.c	.c	17269	87c992961a12184e
BMS_Dashboard/BMS_Firmware/Drivers/STM32F3xx_HAL_Driver/Src/stm32f3xx_hal_pwr_ex.c	.c	8730	a7834a2c86d4590f
BMS_Dashboard/BMS_Firmware/Drivers/STM32F3xx_HAL_Driver/Src/stm32f3xx_hal_rcc.c	.c	46097	5a96175ae5fe9fb2
BMS_Dashboard/BMS_Firmware/Drivers/STM32F3xx_HAL_Driver/Src/stm32f3xx_hal_rcc_ex 2.c	.c	63705	e7b983d74338a0c3
BMS_Dashboard/BMS_Firmware/Drivers/STM32F3xx_HAL_Driver/Src/stm32f3xx_hal_rcc_ex.c	.c	63705	e7b983d74338a0c3
BMS_Dashboard/BMS_Firmware/Drivers/STM32F3xx_HAL_Driver/Src/stm32f3xx_hal_spi.c	.c	147887	16a1e80f4f72feed
BMS_Dashboard/BMS_Firmware/Drivers/STM32F3xx_HAL_Driver/Src/stm32f3xx_hal_spi_ex.c	.c	3145	0c122781718a76b1
BMS_Dashboard/BMS_Firmware/Drivers/STM32F3xx_HAL_Driver/Src/stm32f3xx_ll_usb.c	.c	25931	169dcd9384339aba
BMS_Dashboard/BMS_Firmware/EWARM/BMS=Firmware.ewd	.ewd	34188	5f81f5fd0f26666c
BMS_Dashboard/BMS_Firmware/EWARM/BMS=Firmware.ewp	.ewp	33328	8d3a74b019528ffb
BMS_Dashboard/BMS_Firmware/EWARM/Project.eww	.eww	156	bae61850299bbb6b
BMS_Dashboard/BMS_Firmware/EWARM/startup_stm32f303xc.s	.s	19274	f33f85c612c37f57
BMS_Dashboard/BMS_Firmware/EWARM/stm32f303xc_flash.icf	.icf	1594	f1405fb44017a087
BMS_Dashboard/BMS_Firmware/Middlewares/ST/STM32_USB_Device_Library/Class/CDC/Inc/usbd_cdc 2.h	.h	5117	2bc428e2226229a2
BMS_Dashboard/BMS_Firmware/Middlewares/ST/STM32_USB_Device_Library/Class/CDC/Inc/usbd_cdc.h	.h	5117	2bc428e2226229a2
BMS_Dashboard/BMS_Firmware/Middlewares/ST/STM32_USB_Device_Library/Class/CDC/Src/usbd_cdc.c	.c	29877	9bf6b6c49a7faab7
BMS_Dashboard/BMS_Firmware/Middlewares/ST/STM32_USB_Device_Library/Core/Inc/usbd_core.h	.h	5178	5df2712273bfd522
BMS_Dashboard/BMS_Firmware/Middlewares/ST/STM32_USB_Device_Library/Core/Inc/usbd_ctlreq 2.h	.h	2286	e0e1fd6d50790b5f
BMS_Dashboard/BMS_Firmware/Middlewares/ST/STM32_USB_Device_Library/Core/Inc/usbd_ctlreq.h	.h	2286	e0e1fd6d50790b5f
BMS_Dashboard/BMS_Firmware/Middlewares/ST/STM32_USB_Device_Library/Core/Inc/usbd_def.h	.h	11741	1fb60258c3705a07
BMS_Dashboard/BMS_Firmware/Middlewares/ST/STM32_USB_Device_Library/Core/Inc/usbd_ioreq 2.h	.h	2764	b3c4df07bf76dd33
BMS_Dashboard/BMS_Firmware/Middlewares/ST/STM32_USB_Device_Library/Core/Inc/usbd_ioreq.h	.h	2764	b3c4df07bf76dd33
BMS_Dashboard/BMS_Firmware/Middlewares/ST/STM32_USB_Device_Library/Core/Src/usbd_core.c	.c	13327	9696a4d61c9e05cd
BMS_Dashboard/BMS_Firmware/Middlewares/ST/STM32_USB_Device_Library/Core/Src/usbd_ctlreq.c	.c	21638	339046117dd385d4
BMS_Dashboard/BMS_Firmware/Middlewares/ST/STM32_USB_Device_Library/Core/Src/usbd_ioreq.c	.c	4822	a89f4e80bb59bcd3
BMS_Dashboard/BMS_Firmware/USB_DEVICE/App/usb_device.c	.c	2474	35fc6fe328f3b683
BMS_Dashboard/BMS_Firmware/USB_DEVICE/App/usb_device.h	.h	2336	e0a7cf203a02f058
BMS_Dashboard/BMS_Firmware/USB_DEVICE/App/usbd_cdc_if.c	.c	9862	a61f8bff60044ffd
BMS_Dashboard/BMS_Firmware/USB_DEVICE/App/usbd_cdc_if.h	.h	2775	d45aedfed245c9ef
BMS_Dashboard/BMS_Firmware/USB_DEVICE/App/usbd_desc.c	.c	10641	f489492589fe4fbc
BMS_Dashboard/BMS_Firmware/USB_DEVICE/App/usbd_desc.h	.h	2977	1e47de8ed0f3d14a
BMS_Dashboard/BMS_Firmware/USB_DEVICE/Target/usbd_conf.c	.c	19872	4da162a573bd0725
BMS_Dashboard/BMS_Firmware/USB_DEVICE/Target/usbd_conf.h	.h	4031	119d0442b430ba60
BMS_Dashboard/README.md	.md	1863	5df59b1274f9abb2
BMS_Dashboard/Schematic PDF_[No Variations] (1).pdf	.pdf	2649335	64733aa1bd1c33fe
BMS_Dashboard/Senior Design Block Diagrams.pdf	.pdf	471372	cb89c6e6382e303a
BMS_Dashboard/USB-Connection-Firmware/.cproject		24289	8b7ad383ce60f70a
BMS_Dashboard/USB-Connection-Firmware/.metadata/.lock		0	e3b0c44298fc1c14
BMS_Dashboard/USB-Connection-Firmware/.metadata/.log4j2.xml	.xml	822	9c5cf2020169fdc9
BMS_Dashboard/USB-Connection-Firmware/.metadata/.plugins/com.st.stm32cube.ide.mcu.informationcenter/2.4.100.202510291430	.202510291430	0	e3b0c44298fc1c14
BMS_Dashboard/USB-Connection-Firmware/.metadata/.plugins/org.eclipse.cdt.make.core/specs.c	.c	1	01ba4719c80b6fe9
BMS_Dashboard/USB-Connection-Firmware/.metadata/.plugins/org.eclipse.cdt.make.core/specs.cpp	.cpp	1	01ba4719c80b6fe9
BMS_Dashboard/USB-Connection-Firmware/.metadata/.plugins/org.eclipse.cdt.make.ui/dialog_settings.xml	.xml	144	9ca224bd3a604e6f
BMS_Dashboard/USB-Connection-Firmware/.metadata/.plugins/org.eclipse.core.resources/.root/.indexes/history.version	.version	1	dbc1b4c900ffe48d
BMS_Dashboard/USB-Connection-Firmware/.metadata/.plugins/org.eclipse.core.resources/.root/.indexes/properties.version	.version	1	4bf5122f344554c5
BMS_Dashboard/USB-Connection-Firmware/.metadata/.plugins/org.eclipse.core.resources/.root/1.tree	.tree	81	703901365bd905e4
BMS_Dashboard/USB-Connection-Firmware/.metadata/.plugins/org.eclipse.core.resources/.safetable/org.eclipse.core.resources	.resources	441	88cf3e1f14801e42
BMS_Dashboard/USB-Connection-Firmware/.metadata/.plugins/org.eclipse.core.runtime/.settings/com.st.stm32cube.ide.mcu.ide.oss.prefs	.prefs	77	0262d0c46b6695ef
BMS_Dashboard/USB-Connection-Firmware/.metadata/.plugins/org.eclipse.core.runtime/.settings/org.eclipse.cdt.debug.core.prefs	.prefs	781	8b4e7e4ea536fb73
BMS_Dashboard/USB-Connection-Firmware/.metadata/.plugins/org.eclipse.core.runtime/.settings/org.eclipse.cdt.ui.prefs	.prefs	117	c69992de927ce7f3
BMS_Dashboard/USB-Connection-Firmware/.metadata/.plugins/org.eclipse.core.runtime/.settings/org.eclipse.core.resources.prefs	.prefs	40	ce0cb7e5c0fdda11
BMS_Dashboard/USB-Connection-Firmware/.metadata/.plugins/org.eclipse.core.runtime/.settings/org.eclipse.debug.core.prefs	.prefs	635	8728d2503e4d5b7c
BMS_Dashboard/USB-Connection-Firmware/.metadata/.plugins/org.eclipse.core.runtime/.settings/org.eclipse.debug.ui.prefs	.prefs	163	5ebd9c7ecb89f18b
BMS_Dashboard/USB-Connection-Firmware/.metadata/.plugins/org.eclipse.core.runtime/.settings/org.eclipse.ui.ide.prefs	.prefs	96	cee2303748ab7db7
BMS_Dashboard/USB-Connection-Firmware/.metadata/.plugins/org.eclipse.core.runtime/.settings/org.eclipse.ui.navigator.prefs	.prefs	489	3ececffe86a08d26
BMS_Dashboard/USB-Connection-Firmware/.metadata/.plugins/org.eclipse.core.runtime/.settings/org.eclipse.ui.prefs	.prefs	46	1f7588a0c5fa37dc
BMS_Dashboard/USB-Connection-Firmware/.metadata/.plugins/org.eclipse.core.runtime/.settings/org.eclipse.ui.workbench.prefs	.prefs	818	e4cc140e0dcdb599
BMS_Dashboard/USB-Connection-Firmware/.metadata/.plugins/org.eclipse.e4.workbench/workbench.xmi	.xmi	267436	be3eb1b9fd4fa6fb
BMS_Dashboard/USB-Connection-Firmware/.metadata/.plugins/org.eclipse.ui.ide/dialog_settings.xml	.xml	211	5a170d43880e415d
BMS_Dashboard/USB-Connection-Firmware/.metadata/.plugins/org.eclipse.ui.workbench/workingsets.xml	.xml	254	e9ada3143c476824
BMS_Dashboard/USB-Connection-Firmware/.metadata/version.ini	.ini	100	8517f06bb3a3b8d2
BMS_Dashboard/USB-Connection-Firmware/.mxproject		10330	278d65dd382f9cd1
BMS_Dashboard/USB-Connection-Firmware/.project		1130	5bed5f4ff4349128
BMS_Dashboard/USB-Connection-Firmware/.settings/language.settings.xml	.xml	2145	a8de6e60ec0dd3f1
BMS_Dashboard/USB-Connection-Firmware/.settings/org.eclipse.core.resources.prefs	.prefs	55	4238e4eafab8309d
BMS_Dashboard/USB-Connection-Firmware/Core/Inc/main.h	.h	2081	76b526f347039d44
BMS_Dashboard/USB-Connection-Firmware/Core/Inc/stm32f3xx_hal_conf.h	.h	13346	62cb0ac699782074
BMS_Dashboard/USB-Connection-Firmware/Core/Inc/stm32f3xx_it.h	.h	1935	074397cf5d4848f6
BMS_Dashboard/USB-Connection-Firmware/Core/Src/main.c	.c	6836	c10dc9f37ae8623a
BMS_Dashboard/USB-Connection-Firmware/Core/Src/stm32f3xx_hal_msp.c	.c	2149	a93f9625c1664c04
BMS_Dashboard/USB-Connection-Firmware/Core/Src/stm32f3xx_it.c	.c	5922	cacdc082afc78a60
BMS_Dashboard/USB-Connection-Firmware/Core/Src/system_stm32f3xx.c	.c	10702	f1482dd9661a091b
BMS_Dashboard/USB-Connection-Firmware/Debug/Src/main.cyclo	.cyclo	26	800563c6bb5aeaf3
BMS_Dashboard/USB-Connection-Firmware/Debug/Src/main.d	.d	26	0dd7c54498b0ad5b
BMS_Dashboard/USB-Connection-Firmware/Debug/Src/main.o	.o	29644	b4c7e2eda36d354f
BMS_Dashboard/USB-Connection-Firmware/Debug/Src/main.su	.su	33	16cc82a8a66517c1
BMS_Dashboard/USB-Connection-Firmware/Debug/Src/subdir.mk	.mk	1201	90fadec8ccd83a53
BMS_Dashboard/USB-Connection-Firmware/Debug/Src/syscalls.cyclo	.cyclo	604	15a4292c978b0cfd
BMS_Dashboard/USB-Connection-Firmware/Debug/Src/syscalls.d	.d	34	100caef025431116
BMS_Dashboard/USB-Connection-Firmware/Debug/Src/syscalls.o	.o	83696	8192da2fd7ead062
BMS_Dashboard/USB-Connection-Firmware/Debug/Src/syscalls.su	.su	745	8a4b3e4a81fedffa
BMS_Dashboard/USB-Connection-Firmware/Debug/Src/sysmem.cyclo	.cyclo	29	017bd9fc797a46c2
BMS_Dashboard/USB-Connection-Firmware/Debug/Src/sysmem.d	.d	30	1db3049186232587
BMS_Dashboard/USB-Connection-Firmware/Debug/Src/sysmem.o	.o	56148	f25c350dd4935e5f
BMS_Dashboard/USB-Connection-Firmware/Debug/Src/sysmem.su	.su	37	c9e650f357cd3c23
BMS_Dashboard/USB-Connection-Firmware/Debug/Startup/startup_stm32f303rctx.d	.d	68	e289d364b9c00041
BMS_Dashboard/USB-Connection-Firmware/Debug/Startup/startup_stm32f303rctx.o	.o	6988	4812b930c4e9ff0b
BMS_Dashboard/USB-Connection-Firmware/Debug/Startup/subdir.mk	.mk	914	d9a4b540ded6fb38
BMS_Dashboard/USB-Connection-Firmware/Debug/USB-Connection-Firmware.elf	.elf	32432	bf0aefd986ada494
BMS_Dashboard/USB-Connection-Firmware/Debug/USB-Connection-Firmware.list	.list	8830	42c543e7634bd48e
BMS_Dashboard/USB-Connection-Firmware/Debug/USB-Connection-Firmware.map	.map	97151	7c38d56efd1b9ae8
BMS_Dashboard/USB-Connection-Firmware/Debug/makefile		3225	4d1b0cf38f073658
BMS_Dashboard/USB-Connection-Firmware/Debug/objects.list	.list	87	631b7f01e7685ba3
BMS_Dashboard/USB-Connection-Firmware/Debug/objects.mk	.mk	276	072df126a2015259
BMS_Dashboard/USB-Connection-Firmware/Debug/sources.mk	.mk	562	7cdb6c3094da76d4
BMS_Dashboard/USB-Connection-Firmware/Drivers/CMSIS/Device/ST/STM32F3xx/Include/stm32f303xc.h	.h	1136954	2b7712e4946b779e
BMS_Dashboard/USB-Connection-Firmware/Drivers/CMSIS/Device/ST/STM32F3xx/Include/stm32f3xx.h	.h	10517	4d05e31f53bd83aa
BMS_Dashboard/USB-Connection-Firmware/Drivers/CMSIS/Device/ST/STM32F3xx/Include/system_stm32f3xx.h	.h	2280	c019b08dc845d4db
BMS_Dashboard/USB-Connection-Firmware/Drivers/CMSIS/Device/ST/STM32F3xx/LICENSE.txt	.txt	371	135fb2d86e9ecdf6
BMS_Dashboard/USB-Connection-Firmware/Drivers/CMSIS/Include/cmsis_armcc.h	.h	27343	3371c679298b7db7
BMS_Dashboard/USB-Connection-Firmware/Drivers/CMSIS/Include/cmsis_armclang.h	.h	54628	3a33c83dd7533cd2
BMS_Dashboard/USB-Connection-Firmware/Drivers/CMSIS/Include/cmsis_compiler.h	.h	8748	03ab80c426a8360e
BMS_Dashboard/USB-Connection-Firmware/Drivers/CMSIS/Include/cmsis_gcc.h	.h	60259	341982e6d6c91119
BMS_Dashboard/USB-Connection-Firmware/Drivers/CMSIS/Include/cmsis_iccarm.h	.h	27479	03e120db362480dc
BMS_Dashboard/USB-Connection-Firmware/Drivers/CMSIS/Include/cmsis_version.h	.h	1677	c2570d56ee85d4f2
BMS_Dashboard/USB-Connection-Firmware/Drivers/CMSIS/Include/core_armv8mbl.h	.h	96077	6b1a61685f498b80
BMS_Dashboard/USB-Connection-Firmware/Drivers/CMSIS/Include/core_armv8mml.h	.h	165987	2a9f702aebde491b
BMS_Dashboard/USB-Connection-Firmware/Drivers/CMSIS/Include/core_cm0.h	.h	41259	1fedf79e11c6c7f7
BMS_Dashboard/USB-Connection-Firmware/Drivers/CMSIS/Include/core_cm0plus.h	.h	49381	9fd6ebad79f26eeb
BMS_Dashboard/USB-Connection-Firmware/Drivers/CMSIS/Include/core_cm1.h	.h	42480	1ca25034076f4952
BMS_Dashboard/USB-Connection-Firmware/Drivers/CMSIS/Include/core_cm23.h	.h	102635	492e9eebccc63417
BMS_Dashboard/USB-Connection-Firmware/Drivers/CMSIS/Include/core_cm3.h	.h	109913	655bb08e9474438d
BMS_Dashboard/USB-Connection-Firmware/Drivers/CMSIS/Include/core_cm33.h	.h	172598	f4b8df5e3327f384
BMS_Dashboard/USB-Connection-Firmware/Drivers/CMSIS/Include/core_cm4.h	.h	121478	53712d8aefacaebf
BMS_Dashboard/USB-Connection-Firmware/Drivers/CMSIS/Include/core_cm7.h	.h	145917	4e67355b28417feb
BMS_Dashboard/USB-Connection-Firmware/Drivers/CMSIS/Include/core_sc000.h	.h	46227	cb3a0b87bdbb70f5
BMS_Dashboard/USB-Connection-Firmware/Drivers/CMSIS/Include/core_sc300.h	.h	108608	2a3ec02d4b947d6e
BMS_Dashboard/USB-Connection-Firmware/Drivers/CMSIS/Include/mpu_armv7.h	.h	11441	e4968e627df085e4
BMS_Dashboard/USB-Connection-Firmware/Drivers/CMSIS/Include/mpu_armv8.h	.h	10625	8e5a84b186f303eb
BMS_Dashboard/USB-Connection-Firmware/Drivers/CMSIS/Include/tz_context.h	.h	2687	45565c8cb04c653a
BMS_Dashboard/USB-Connection-Firmware/Drivers/CMSIS/LICENSE.txt	.txt	11357	b40930bbcf80744c
BMS_Dashboard/USB-Connection-Firmware/Drivers/STM32F3xx_HAL_Driver/Inc/Legacy/stm32_hal_legacy.h	.h	236949	3ac002c4df98f17e
BMS_Dashboard/USB-Connection-Firmware/Drivers/STM32F3xx_HAL_Driver/Inc/stm32f3xx_hal.h	.h	54053	5316ac732e29b8a3
BMS_Dashboard/USB-Connection-Firmware/Drivers/STM32F3xx_HAL_Driver/Inc/stm32f3xx_hal_cortex.h	.h	17374	a433e2066d8db241
BMS_Dashboard/USB-Connection-Firmware/Drivers/STM32F3xx_HAL_Driver/Inc/stm32f3xx_hal_def.h	.h	6532	a25603f1add26d5e
BMS_Dashboard/USB-Connection-Firmware/Drivers/STM32F3xx_HAL_Driver/Inc/stm32f3xx_hal_dma.h	.h	17836	2384950475edc037
BMS_Dashboard/USB-Connection-Firmware/Drivers/STM32F3xx_HAL_Driver/Inc/stm32f3xx_hal_dma_ex.h	.h	12305	8595b2640952b4f7
BMS_Dashboard/USB-Connection-Firmware/Drivers/STM32F3xx_HAL_Driver/Inc/stm32f3xx_hal_exti.h	.h	16784	f5b82a9b3e0eb305
BMS_Dashboard/USB-Connection-Firmware/Drivers/STM32F3xx_HAL_Driver/Inc/stm32f3xx_hal_flash.h	.h	11017	8f388ee868ace005
BMS_Dashboard/USB-Connection-Firmware/Drivers/STM32F3xx_HAL_Driver/Inc/stm32f3xx_hal_flash_ex.h	.h	20296	b2ac61f5c0401972
BMS_Dashboard/USB-Connection-Firmware/Drivers/STM32F3xx_HAL_Driver/Inc/stm32f3xx_hal_gpio.h	.h	13720	14a1adb683f068e5
BMS_Dashboard/USB-Connection-Firmware/Drivers/STM32F3xx_HAL_Driver/Inc/stm32f3xx_hal_gpio_ex.h	.h	76151	b9a631d90772bf27
BMS_Dashboard/USB-Connection-Firmware/Drivers/STM32F3xx_HAL_Driver/Inc/stm32f3xx_hal_i2c.h	.h	38822	bc5e10a887e61089
BMS_Dashboard/USB-Connection-Firmware/Drivers/STM32F3xx_HAL_Driver/Inc/stm32f3xx_hal_i2c_ex.h	.h	6133	5ce31f50b8536e1a
BMS_Dashboard/USB-Connection-Firmware/Drivers/STM32F3xx_HAL_Driver/Inc/stm32f3xx_hal_pcd.h	.h	34034	74caff49568d6773
BMS_Dashboard/USB-Connection-Firmware/Drivers/STM32F3xx_HAL_Driver/Inc/stm32f3xx_hal_pcd_ex.h	.h	2161	c5f7c54a82b82a60
BMS_Dashboard/USB-Connection-Firmware/Drivers/STM32F3xx_HAL_Driver/Inc/stm32f3xx_hal_pwr.h	.h	7184	c540e599207379a5
BMS_Dashboard/USB-Connection-Firmware/Drivers/STM32F3xx_HAL_Driver/Inc/stm32f3xx_hal_pwr_ex.h	.h	11351	4c481951abc461db
BMS_Dashboard/USB-Connection-Firmware/Drivers/STM32F3xx_HAL_Driver/Inc/stm32f3xx_hal_rcc.h	.h	86898	92f9ed57784f0565
BMS_Dashboard/USB-Connection-Firmware/Drivers/STM32F3xx_HAL_Driver/Inc/stm32f3xx_hal_rcc_ex.h	.h	197898	c6da7257c9565440
BMS_Dashboard/USB-Connection-Firmware/Drivers/STM32F3xx_HAL_Driver/Inc/stm32f3xx_ll_bus.h	.h	47824	409ddec665b62830
BMS_Dashboard/USB-Connection-Firmware/Drivers/STM32F3xx_HAL_Driver/Inc/stm32f3xx_ll_cortex.h	.h	24171	7dc06007a11c4cd3
BMS_Dashboard/USB-Connection-Firmware/Drivers/STM32F3xx_HAL_Driver/Inc/stm32f3xx_ll_dma.h	.h	79342	2e249b0d6c7641bc
BMS_Dashboard/USB-Connection-Firmware/Drivers/STM32F3xx_HAL_Driver/Inc/stm32f3xx_ll_exti.h	.h	50942	69a475422611e05e
BMS_Dashboard/USB-Connection-Firmware/Drivers/STM32F3xx_HAL_Driver/Inc/stm32f3xx_ll_gpio.h	.h	37109	67177f032c45226f
BMS_Dashboard/USB-Connection-Firmware/Drivers/STM32F3xx_HAL_Driver/Inc/stm32f3xx_ll_pwr.h	.h	16766	8946fe4890312f3e
BMS_Dashboard/USB-Connection-Firmware/Drivers/STM32F3xx_HAL_Driver/Inc/stm32f3xx_ll_rcc.h	.h	113080	a303ef0fe2e05ab9
BMS_Dashboard/USB-Connection-Firmware/Drivers/STM32F3xx_HAL_Driver/Inc/stm32f3xx_ll_system.h	.h	84570	d09cf99af00e08d0
BMS_Dashboard/USB-Connection-Firmware/Drivers/STM32F3xx_HAL_Driver/Inc/stm32f3xx_ll_usb.h	.h	9023	ae67b77047115c87
BMS_Dashboard/USB-Connection-Firmware/Drivers/STM32F3xx_HAL_Driver/Inc/stm32f3xx_ll_utils.h	.h	8949	7f35b631d8d516f7
BMS_Dashboard/USB-Connection-Firmware/Drivers/STM32F3xx_HAL_Driver/LICENSE.txt	.txt	377	d5a162f3eaf2b7b6
BMS_Dashboard/USB-Connection-Firmware/Drivers/STM32F3xx_HAL_Driver/Src/stm32f3xx_hal.c	.c	15993	e9e09d1b63157caa
BMS_Dashboard/USB-Connection-Firmware/Drivers/STM32F3xx_HAL_Driver/Src/stm32f3xx_hal_cortex.c	.c	21308	78da62d8316c2cf9
BMS_Dashboard/USB-Connection-Firmware/Drivers/STM32F3xx_HAL_Driver/Src/stm32f3xx_hal_dma.c	.c	26802	4ed64563fa93bda5
BMS_Dashboard/USB-Connection-Firmware/Drivers/STM32F3xx_HAL_Driver/Src/stm32f3xx_hal_exti.c	.c	17459	7fdc8c6a166b14b7
BMS_Dashboard/USB-Connection-Firmware/Drivers/STM32F3xx_HAL_Driver/Src/stm32f3xx_hal_flash.c	.c	20640	a868c9980c1d2f3c
BMS_Dashboard/USB-Connection-Firmware/Drivers/STM32F3xx_HAL_Driver/Src/stm32f3xx_hal_flash_ex.c	.c	30599	cb59fa4c85dd4cba
BMS_Dashboard/USB-Connection-Firmware/Drivers/STM32F3xx_HAL_Driver/Src/stm32f3xx_hal_gpio.c	.c	18748	7f8727697699e658
BMS_Dashboard/USB-Connection-Firmware/Drivers/STM32F3xx_HAL_Driver/Src/stm32f3xx_hal_i2c.c	.c	244721	ad0d4d9003d81d13
BMS_Dashboard/USB-Connection-Firmware/Drivers/STM32F3xx_HAL_Driver/Src/stm32f3xx_hal_i2c_ex.c	.c	11127	c70b7f8b556a2f77
BMS_Dashboard/USB-Connection-Firmware/Drivers/STM32F3xx_HAL_Driver/Src/stm32f3xx_hal_pcd.c	.c	53118	9161983ef2d510d3
BMS_Dashboard/USB-Connection-Firmware/Drivers/STM32F3xx_HAL_Driver/Src/stm32f3xx_hal_pcd_ex.c	.c	5584	1734f16fe1d5d16a
BMS_Dashboard/USB-Connection-Firmware/Drivers/STM32F3xx_HAL_Driver/Src/stm32f3xx_hal_pwr.c	.c	16809	d1d9cc9909f0ec84
BMS_Dashboard/USB-Connection-Firmware/Drivers/STM32F3xx_HAL_Driver/Src/stm32f3xx_hal_pwr_ex.c	.c	8461	9598bf161a6f07c8
BMS_Dashboard/USB-Connection-Firmware/Drivers/STM32F3xx_HAL_Driver/Src/stm32f3xx_hal_rcc.c	.c	44873	997d42220c2e449b
BMS_Dashboard/USB-Connection-Firmware/Drivers/STM32F3xx_HAL_Driver/Src/stm32f3xx_hal_rcc_ex.c	.c	62124	21495dc2c0f0cddc
BMS_Dashboard/USB-Connection-Firmware/Drivers/STM32F3xx_HAL_Driver/Src/stm32f3xx_ll_usb.c	.c	25006	8a4f5986bb900efc
BMS_Dashboard/USB-Connection-Firmware/Middlewares/ST/STM32_USB_Device_Library/Class/CDC/Inc/usbd_cdc.h	.h	4938	fd6aa54104746bb5
BMS_Dashboard/USB-Connection-Firmware/Middlewares/ST/STM32_USB_Device_Library/Class/CDC/Src/usbd_cdc.c	.c	28932	a62db8e4092ae29d
BMS_Dashboard/USB-Connection-Firmware/Middlewares/ST/STM32_USB_Device_Library/Core/Inc/usbd_core.h	.h	5017	414668f32e26209f
BMS_Dashboard/USB-Connection-Firmware/Middlewares/ST/STM32_USB_Device_Library/Core/Inc/usbd_ctlreq.h	.h	2181	846df05bf1db8543
BMS_Dashboard/USB-Connection-Firmware/Middlewares/ST/STM32_USB_Device_Library/Core/Inc/usbd_def.h	.h	11393	069774f3ca8bd2e3
BMS_Dashboard/USB-Connection-Firmware/Middlewares/ST/STM32_USB_Device_Library/Core/Inc/usbd_ioreq.h	.h	2645	40be9e1b9ca9431f
BMS_Dashboard/USB-Connection-Firmware/Middlewares/ST/STM32_USB_Device_Library/Core/Src/usbd_core.c	.c	12716	7cfe78e921567d81
BMS_Dashboard/USB-Connection-Firmware/Middlewares/ST/STM32_USB_Device_Library/Core/Src/usbd_ctlreq.c	.c	20720	b5e6fa278e9a615f
BMS_Dashboard/USB-Connection-Firmware/Middlewares/ST/STM32_USB_Device_Library/Core/Src/usbd_ioreq.c	.c	4606	cc3f35a61073e161
BMS_Dashboard/USB-Connection-Firmware/STM32CubeIDE/.cproject		25796	15c58d754d602ab2
BMS_Dashboard/USB-Connection-Firmware/STM32CubeIDE/.project		7010	99d5835f2bd24070
BMS_Dashboard/USB-Connection-Firmware/STM32CubeIDE/.settings/language.settings.xml	.xml	2168	d02b48d12049d345
BMS_Dashboard/USB-Connection-Firmware/STM32CubeIDE/.settings/org.eclipse.core.resources.prefs	.prefs	55	4238e4eafab8309d
BMS_Dashboard/USB-Connection-Firmware/STM32CubeIDE/.settings/stm32cubeide.project.prefs	.prefs	162	715b6c570eb9d0ab
BMS_Dashboard/USB-Connection-Firmware/STM32CubeIDE/Application/User/Core/syscalls.c	.c	2847	1589f3d61a3625fb
BMS_Dashboard/USB-Connection-Firmware/STM32CubeIDE/Application/User/Core/sysmem.c	.c	2726	ae7da85ddcf68727
BMS_Dashboard/USB-Connection-Firmware/STM32CubeIDE/Application/User/Startup/startup_stm32f303rctx.s	.s	12140	12988bc3e912377b
BMS_Dashboard/USB-Connection-Firmware/STM32CubeIDE/Debug/Application/User/Core/main.cyclo	.cyclo	427	24d2087b4c8a93b7
BMS_Dashboard/USB-Connection-Firmware/STM32CubeIDE/Debug/Application/User/Core/main.d	.d	4770	07a9e9c91da2be19
BMS_Dashboard/USB-Connection-Firmware/STM32CubeIDE/Debug/Application/User/Core/main.o	.o	968924	40e6f53d68bf3450
BMS_Dashboard/USB-Connection-Firmware/STM32CubeIDE/Debug/Application/User/Core/main.su	.su	478	bf3d60ae0f218664
BMS_Dashboard/USB-Connection-Firmware/STM32CubeIDE/Debug/Application/User/Core/stm32f3xx_hal_msp.cyclo	.cyclo	118	5da0e9ae04e786c4
BMS_Dashboard/USB-Connection-Firmware/STM32CubeIDE/Debug/Application/User/Core/stm32f3xx_hal_msp.d	.d	3599	4307a18007ae5c33
BMS_Dashboard/USB-Connection-Firmware/STM32CubeIDE/Debug/Application/User/Core/stm32f3xx_hal_msp.o	.o	930572	71c2a9ad907da5ca
BMS_Dashboard/USB-Connection-Firmware/STM32CubeIDE/Debug/Application/User/Core/stm32f3xx_hal_msp.su	.su	126	833855e13bea5f55
BMS_Dashboard/USB-Connection-Firmware/STM32CubeIDE/Debug/Application/User/Core/stm32f3xx_it.cyclo	.cyclo	1314	40cf425c56689385
BMS_Dashboard/USB-Connection-Firmware/STM32CubeIDE/Debug/Application/User/Core/stm32f3xx_it.d	.d	3653	97c7b50853c3b1e4
BMS_Dashboard/USB-Connection-Firmware/STM32CubeIDE/Debug/Application/User/Core/stm32f3xx_it.o	.o	936348	fde28778b54993b7
BMS_Dashboard/USB-Connection-Firmware/STM32CubeIDE/Debug/Application/User/Core/stm32f3xx_it.su	.su	1391	f447765eedbbbaf5
BMS_Dashboard/USB-Connection-Firmware/STM32CubeIDE/Debug/Application/User/Core/subdir.mk	.mk	5256	d99f90bddabd0eed
BMS_Dashboard/USB-Connection-Firmware/STM32CubeIDE/Debug/Application/User/Core/syscalls.cyclo	.cyclo	928	57b98affc8adf713
BMS_Dashboard/USB-Connection-Firmware/STM32CubeIDE/Debug/Application/User/Core/syscalls.d	.d	70	abf0f44e71e4c5bf
BMS_Dashboard/USB-Connection-Firmware/STM32CubeIDE/Debug/Application/User/Core/syscalls.o	.o	83728	643e81b87149a984
BMS_Dashboard/USB-Connection-Firmware/STM32CubeIDE/Debug/Application/User/Core/syscalls.su	.su	1069	2c9f14a0aee0c25c
BMS_Dashboard/USB-Connection-Firmware/STM32CubeIDE/Debug/Application/User/Core/sysmem.cyclo	.cyclo	47	9f7dff945085e809
BMS_Dashboard/USB-Connection-Firmware/STM32CubeIDE/Debug/Application/User/Core/sysmem.d	.d	66	9690fcdd47e8faa8
BMS_Dashboard/USB-Connection-Firmware/STM32CubeIDE/Debug/Application/User/Core/sysmem.o	.o	56180	e792013cd4c3eba5
BMS_Dashboard/USB-Connection-Firmware/STM32CubeIDE/Debug/Application/User/Core/sysmem.su	.su	55	e97abe0338676954
BMS_Dashboard/USB-Connection-Firmware/STM32CubeIDE/Debug/Application/User/Startup/startup_stm32f303rctx.d	.d	105	2666a551f8057196
BMS_Dashboard/USB-Connection-Firmware/STM32CubeIDE/Debug/Application/User/Startup/startup_stm32f303rctx.o	.o	6760	62f017b806974f0a
BMS_Dashboard/USB-Connection-Firmware/STM32CubeIDE/Debug/Application/User/Startup/subdir.mk	.mk	1119	dbb64a141b8ac8f1
BMS_Dashboard/USB-Connection-Firmware/STM32CubeIDE/Debug/Application/User/USB_DEVICE/App/subdir.mk	.mk	4259	24047435ec689f58
BMS_Dashboard/USB-Connection-Firmware/STM32CubeIDE/Debug/Application/User/USB_DEVICE/App/usb_device.cyclo	.cyclo	124	ba221ae2250cda77
BMS_Dashboard/USB-Connection-Firmware/STM32CubeIDE/Debug/Application/User/USB_DEVICE/App/usb_device.d	.d	5390	cb27cb5a76b0947c
BMS_Dashboard/USB-Connection-Firmware/STM32CubeIDE/Debug/Application/User/USB_DEVICE/App/usb_device.o	.o	968812	f5ef63b6298357a6
BMS_Dashboard/USB-Connection-Firmware/STM32CubeIDE/Debug/Application/User/USB_DEVICE/App/usb_device.su	.su	132	27d4cbf49f4af5b9
BMS_Dashboard/USB-Connection-Firmware/STM32CubeIDE/Debug/Application/User/USB_DEVICE/App/usbd_cdc_if.cyclo	.cyclo	611	d4f5c7643a7c4013
BMS_Dashboard/USB-Connection-Firmware/STM32CubeIDE/Debug/Application/User/USB_DEVICE/App/usbd_cdc_if.d	.d	4720	135741642fe59d39
BMS_Dashboard/USB-Connection-Firmware/STM32CubeIDE/Debug/Application/User/USB_DEVICE/App/usbd_cdc_if.o	.o	970352	199977274b5a7050
BMS_Dashboard/USB-Connection-Firmware/STM32CubeIDE/Debug/Application/User/USB_DEVICE/App/usbd_cdc_if.su	.su	649	443123697fb7c4ab
BMS_Dashboard/USB-Connection-Firmware/STM32CubeIDE/Debug/Application/User/USB_DEVICE/App/usbd_desc.cyclo	.cyclo	1184	3e8d726c1c76cb40
BMS_Dashboard/USB-Connection-Firmware/STM32CubeIDE/Debug/Application/User/USB_DEVICE/App/usbd_desc.d	.d	4700	1c407f36621c2a92
BMS_Dashboard/USB-Connection-Firmware/STM32CubeIDE/Debug/Application/User/USB_DEVICE/App/usbd_desc.o	.o	969060	45457ec659ae3ab3
BMS_Dashboard/USB-Connection-Firmware/STM32CubeIDE/Debug/Application/User/USB_DEVICE/App/usbd_desc.su	.su	1256	df1cd5449b8ece07
BMS_Dashboard/USB-Connection-Firmware/STM32CubeIDE/Debug/Application/User/USB_DEVICE/Target/subdir.mk	.mk	1855	0303e86e5ef6c7b3
BMS_Dashboard/USB-Connection-Firmware/STM32CubeIDE/Debug/Application/User/USB_DEVICE/Target/usbd_conf.cyclo	.cyclo	4132	2f9cc8b661371756
BMS_Dashboard/USB-Connection-Firmware/STM32CubeIDE/Debug/Application/User/USB_DEVICE/Target/usbd_conf.d	.d	4794	aa11828f6124eb71
BMS_Dashboard/USB-Connection-Firmware/STM32CubeIDE/Debug/Application/User/USB_DEVICE/Target/usbd_conf.o	.o	991176	cf83cd132da48546
BMS_Dashboard/USB-Connection-Firmware/STM32CubeIDE/Debug/Application/User/USB_DEVICE/Target/usbd_conf.su	.su	4388	d8e7709359099080
BMS_Dashboard/USB-Connection-Firmware/STM32CubeIDE/Debug/Drivers/CMSIS/subdir.mk	.mk	1651	2c4ffe2a1f55f63a
BMS_Dashboard/USB-Connection-Firmware/STM32CubeIDE/Debug/Drivers/CMSIS/system_stm32f3xx.cyclo	.cyclo	245	fafc7ae40e0ced14
BMS_Dashboard/USB-Connection-Firmware/STM32CubeIDE/Debug/Drivers/CMSIS/system_stm32f3xx.d	.d	3541	592e55b7addab25b
BMS_Dashboard/USB-Connection-Firmware/STM32CubeIDE/Debug/Drivers/CMSIS/system_stm32f3xx.o	.o	932264	41236aa67d671c60
BMS_Dashboard/USB-Connection-Firmware/STM32CubeIDE/Debug/Drivers/CMSIS/system_stm32f3xx.su	.su	260	9a38990aa23f8e00
BMS_Dashboard/USB-Connection-Firmware/STM32CubeIDE/Debug/Drivers/STM32F3xx_HAL_Driver/stm32f3xx_hal.cyclo	.cyclo	3634	3c5e920a04edae0e
BMS_Dashboard/USB-Connection-Firmware/STM32CubeIDE/Debug/Drivers/STM32F3xx_HAL_Driver/stm32f3xx_hal.d	.d	3574	a1604ff2fe8cc71d
BMS_Dashboard/USB-Connection-Firmware/STM32CubeIDE/Debug/Drivers/STM32F3xx_HAL_Driver/stm32f3xx_hal.o	.o	943820	be1be2e1ef87b925
BMS_Dashboard/USB-Connection-Firmware/STM32CubeIDE/Debug/Drivers/STM32F3xx_HAL_Driver/stm32f3xx_hal.su	.su	3812	d6d854e7e729473b
BMS_Dashboard/USB-Connection-Firmware/STM32CubeIDE/Debug/Drivers/STM32F3xx_HAL_Driver/stm32f3xx_hal_cortex.cyclo	.cyclo	4090	daef3c4b4ff4de56
BMS_Dashboard/USB-Connection-Firmware/STM32CubeIDE/Debug/Drivers/STM32F3xx_HAL_Driver/stm32f3xx_hal_cortex.d	.d	3588	39b6d39dac51fea7
BMS_Dashboard/USB-Connection-Firmware/STM32CubeIDE/Debug/Drivers/STM32F3xx_HAL_Driver/stm32f3xx_hal_cortex.o	.o	949572	f464fcc2136848e1
BMS_Dashboard/USB-Connection-Firmware/STM32CubeIDE/Debug/Drivers/STM32F3xx_HAL_Driver/stm32f3xx_hal_cortex.su	.su	4395	2e27ec9297f65026
BMS_Dashboard/USB-Connection-Firmware/STM32CubeIDE/Debug/Drivers/STM32F3xx_HAL_Driver/stm32f3xx_hal_dma.cyclo	.cyclo	2106	dbe7157028b70be8
BMS_Dashboard/USB-Connection-Firmware/STM32CubeIDE/Debug/Drivers/STM32F3xx_HAL_Driver/stm32f3xx_hal_dma.d	.d	3582	93ad63e67a78fb94
BMS_Dashboard/USB-Connection-Firmware/STM32CubeIDE/Debug/Drivers/STM32F3xx_HAL_Driver/stm32f3xx_hal_dma.o	.o	940536	bf7e6704a4fad516
BMS_Dashboard/USB-Connection-Firmware/STM32CubeIDE/Debug/Drivers/STM32F3xx_HAL_Driver/stm32f3xx_hal_dma.su	.su	2216	4eca8af06f57e45b
BMS_Dashboard/USB-Connection-Firmware/STM32CubeIDE/Debug/Drivers/STM32F3xx_HAL_Driver/stm32f3xx_hal_exti.cyclo	.cyclo	1393	37ff255b6f1eb079
BMS_Dashboard/USB-Connection-Firmware/STM32CubeIDE/Debug/Drivers/STM32F3xx_HAL_Driver/stm32f3xx_hal_exti.d	.d	3584	7e90618589ddcef7
BMS_Dashboard/USB-Connection-Firmware/STM32CubeIDE/Debug/Drivers/STM32F3xx_HAL_Driver/stm32f3xx_hal_exti.o	.o	936960	3db7d433536c6d68
BMS_Dashboard/USB-Connection-Firmware/STM32CubeIDE/Debug/Drivers/STM32F3xx_HAL_Driver/stm32f3xx_hal_exti.su	.su	1465	878050d6bdf7c936
BMS_Dashboard/USB-Connection-Firmware/STM32CubeIDE/Debug/Drivers/STM32F3xx_HAL_Driver/stm32f3xx_hal_flash.cyclo	.cyclo	2180	a90ef1370726c7db
BMS_Dashboard/USB-Connection-Firmware/STM32CubeIDE/Debug/Drivers/STM32F3xx_HAL_Driver/stm32f3xx_hal_flash.d	.d	3586	96edb1ec64a3893e
BMS_Dashboard/USB-Connection-Firmware/STM32CubeIDE/Debug/Drivers/STM32F3xx_HAL_Driver/stm32f3xx_hal_flash.o	.o	938760	e1812c3c9a20c580
BMS_Dashboard/USB-Connection-Firmware/STM32CubeIDE/Debug/Drivers/STM32F3xx_HAL_Driver/stm32f3xx_hal_flash.su	.su	2286	f58831a4f8e1363c
BMS_Dashboard/USB-Connection-Firmware/STM32CubeIDE/Debug/Drivers/STM32F3xx_HAL_Driver/stm32f3xx_hal_flash_ex.cyclo	.cyclo	2510	8bdacd14d156d183
BMS_Dashboard/USB-Connection-Firmware/STM32CubeIDE/Debug/Drivers/STM32F3xx_HAL_Driver/stm32f3xx_hal_flash_ex.d	.d	3592	9d848d7a7ab1b442
BMS_Dashboard/USB-Connection-Firmware/STM32CubeIDE/Debug/Drivers/STM32F3xx_HAL_Driver/stm32f3xx_hal_flash_ex.o	.o	942364	dfb487ac1ec09159
BMS_Dashboard/USB-Connection-Firmware/STM32CubeIDE/Debug/Drivers/STM32F3xx_HAL_Driver/stm32f3xx_hal_flash_ex.su	.su	2673	a4dccd03e26cc902
BMS_Dashboard/USB-Connection-Firmware/STM32CubeIDE/Debug/Drivers/STM32F3xx_HAL_Driver/stm32f3xx_hal_gpio.cyclo	.cyclo	1209	af135d1f010091b0
BMS_Dashboard/USB-Connection-Firmware/STM32CubeIDE/Debug/Drivers/STM32F3xx_HAL_Driver/stm32f3xx_hal_gpio.d	.d	3584	183e79aa8ce83338
BMS_Dashboard/USB-Connection-Firmware/STM32CubeIDE/Debug/Drivers/STM32F3xx_HAL_Driver/stm32f3xx_hal_gpio.o	.o	936788	ae554fbf68d4ebfd
BMS_Dashboard/USB-Connection-Firmware/STM32CubeIDE/Debug/Drivers/STM32F3xx_HAL_Driver/stm32f3xx_hal_gpio.su	.su	1272	9026acf9b1885719
BMS_Dashboard/USB-Connection-Firmware/STM32CubeIDE/Debug/Drivers/STM32F3xx_HAL_Driver/stm32f3xx_hal_i2c.cyclo	.cyclo	12621	e34bae8e486730ad
BMS_Dashboard/USB-Connection-Firmware/STM32CubeIDE/Debug/Drivers/STM32F3xx_HAL_Driver/stm32f3xx_hal_i2c.d	.d	3582	7cdda2b382852912
BMS_Dashboard/USB-Connection-Firmware/STM32CubeIDE/Debug/Drivers/STM32F3xx_HAL_Driver/stm32f3xx_hal_i2c.o	.o	1007340	11e9e2add74d1af7
BMS_Dashboard/USB-Connection-Firmware/STM32CubeIDE/Debug/Drivers/STM32F3xx_HAL_Driver/stm32f3xx_hal_i2c.su	.su	13241	eda21dd1388c2d58
BMS_Dashboard/USB-Connection-Firmware/STM32CubeIDE/Debug/Drivers/STM32F3xx_HAL_Driver/stm32f3xx_hal_i2c_ex.cyclo	.cyclo	972	1a953f98e6b4cc01
BMS_Dashboard/USB-Connection-Firmware/STM32CubeIDE/Debug/Drivers/STM32F3xx_HAL_Driver/stm32f3xx_hal_i2c_ex.d	.d	3588	36085f9ca7de9876
BMS_Dashboard/USB-Connection-Firmware/STM32CubeIDE/Debug/Drivers/STM32F3xx_HAL_Driver/stm32f3xx_hal_i2c_ex.o	.o	936736	7ba9436ff7e49f09
BMS_Dashboard/USB-Connection-Firmware/STM32CubeIDE/Debug/Drivers/STM32F3xx_HAL_Driver/stm32f3xx_hal_i2c_ex.su	.su	1020	d2ef958479e153b4
BMS_Dashboard/USB-Connection-Firmware/STM32CubeIDE/Debug/Drivers/STM32F3xx_HAL_Driver/stm32f3xx_hal_pcd.cyclo	.cyclo	5702	4c41de2b8d905825
BMS_Dashboard/USB-Connection-Firmware/STM32CubeIDE/Debug/Drivers/STM32F3xx_HAL_Driver/stm32f3xx_hal_pcd.d	.d	3582	f46ca61a1daf2a6d
BMS_Dashboard/USB-Connection-Firmware/STM32CubeIDE/Debug/Drivers/STM32F3xx_HAL_Driver/stm32f3xx_hal_pcd.o	.o	961620	fecc4e98ecdad465
BMS_Dashboard/USB-Connection-Firmware/STM32CubeIDE/Debug/Drivers/STM32F3xx_HAL_Driver/stm32f3xx_hal_pcd.su	.su	5996	8f629299d400d375
BMS_Dashboard/USB-Connection-Firmware/STM32CubeIDE/Debug/Drivers/STM32F3xx_HAL_Driver/stm32f3xx_hal_pcd_ex.cyclo	.cyclo	634	f0f267c7ff37ce49
BMS_Dashboard/USB-Connection-Firmware/STM32CubeIDE/Debug/Drivers/STM32F3xx_HAL_Driver/stm32f3xx_hal_pcd_ex.d	.d	3588	682c642081c90739
BMS_Dashboard/USB-Connection-Firmware/STM32CubeIDE/Debug/Drivers/STM32F3xx_HAL_Driver/stm32f3xx_hal_pcd_ex.o	.o	934600	5c09853e67f0936c
BMS_Dashboard/USB-Connection-Firmware/STM32CubeIDE/Debug/Drivers/STM32F3xx_HAL_Driver/stm32f3xx_hal_pcd_ex.su	.su	666	bf56041b40c767e3
BMS_Dashboard/USB-Connection-Firmware/STM32CubeIDE/Debug/Drivers/STM32F3xx_HAL_Driver/stm32f3xx_hal_pwr.cyclo	.cyclo	1856	e712203a9d2fd45e
BMS_Dashboard/USB-Connection-Firmware/STM32CubeIDE/Debug/Drivers/STM32F3xx_HAL_Driver/stm32f3xx_hal_pwr.d	.d	3582	5f4643183ccc6acb
BMS_Dashboard/USB-Connection-Firmware/STM32CubeIDE/Debug/Drivers/STM32F3xx_HAL_Driver/stm32f3xx_hal_pwr.o	.o	935388	6c662940fe8fc7bd
BMS_Dashboard/USB-Connection-Firmware/STM32CubeIDE/Debug/Drivers/STM32F3xx_HAL_Driver/stm32f3xx_hal_pwr.su	.su	2004	5008e5281caf0e79
BMS_Dashboard/USB-Connection-Firmware/STM32CubeIDE/Debug/Drivers/STM32F3xx_HAL_Driver/stm32f3xx_hal_pwr_ex.cyclo	.cyclo	769	a6b4a2907fa8e208
BMS_Dashboard/USB-Connection-Firmware/STM32CubeIDE/Debug/Drivers/STM32F3xx_HAL_Driver/stm32f3xx_hal_pwr_ex.d	.d	3588	95f5e9f743e12bec
BMS_Dashboard/USB-Connection-Firmware/STM32CubeIDE/Debug/Drivers/STM32F3xx_HAL_Driver/stm32f3xx_hal_pwr_ex.o	.o	932212	cc6433604360a2cf
BMS_Dashboard/USB-Connection-Firmware/STM32CubeIDE/Debug/Drivers/STM32F3xx_HAL_Driver/stm32f3xx_hal_pwr_ex.su	.su	805	84229e4654114f70
BMS_Dashboard/USB-Connection-Firmware/STM32CubeIDE/Debug/Drivers/STM32F3xx_HAL_Driver/stm32f3xx_hal_rcc.cyclo	.cyclo	2132	0a897fc76a1075b6
BMS_Dashboard/USB-Connection-Firmware/STM32CubeIDE/Debug/Drivers/STM32F3xx_HAL_Driver/stm32f3xx_hal_rcc.d	.d	3582	9312e4ce25e0a274
BMS_Dashboard/USB-Connection-Firmware/STM32CubeIDE/Debug/Drivers/STM32F3xx_HAL_Driver/stm32f3xx_hal_rcc.o	.o	952828	03722fcf1327d3c2
BMS_Dashboard/USB-Connection-Firmware/STM32CubeIDE/Debug/Drivers/STM32F3xx_HAL_Driver/stm32f3xx_hal_rcc.su	.su	2381	b6c71aa34d7268e0
BMS_Dashboard/USB-Connection-Firmware/STM32CubeIDE/Debug/Drivers/STM32F3xx_HAL_Driver/stm32f3xx_hal_rcc_ex.cyclo	.cyclo	642	5fd8321fa3c04084
BMS_Dashboard/USB-Connection-Firmware/STM32CubeIDE/Debug/Drivers/STM32F3xx_HAL_Driver/stm32f3xx_hal_rcc_ex.d	.d	3588	d011ca1529da8e10
BMS_Dashboard/USB-Connection-Firmware/STM32CubeIDE/Debug/Drivers/STM32F3xx_HAL_Driver/stm32f3xx_hal_rcc_ex.o	.o	938920	69dd684bb85a7a8c
BMS_Dashboard/USB-Connection-Firmware/STM32CubeIDE/Debug/Drivers/STM32F3xx_HAL_Driver/stm32f3xx_hal_rcc_ex.su	.su	692	8e5d64024a2f3f18
BMS_Dashboard/USB-Connection-Firmware/STM32CubeIDE/Debug/Drivers/STM32F3xx_HAL_Driver/stm32f3xx_ll_usb.cyclo	.cyclo	3267	38180302a446d24a
BMS_Dashboard/USB-Connection-Firmware/STM32CubeIDE/Debug/Drivers/STM32F3xx_HAL_Driver/stm32f3xx_ll_usb.d	.d	3580	128039904dfaf18c
BMS_Dashboard/USB-Connection-Firmware/STM32CubeIDE/Debug/Drivers/STM32F3xx_HAL_Driver/stm32f3xx_ll_usb.o	.o	957656	e476e29376e33d38
BMS_Dashboard/USB-Connection-Firmware/STM32CubeIDE/Debug/Drivers/STM32F3xx_HAL_Driver/stm32f3xx_ll_usb.su	.su	3442	987200e760c8b552
BMS_Dashboard/USB-Connection-Firmware/STM32CubeIDE/Debug/Drivers/STM32F3xx_HAL_Driver/subdir.mk	.mk	21424	06ad4635bc12ac49
BMS_Dashboard/USB-Connection-Firmware/STM32CubeIDE/Debug/Middlewares/USB_Device_Library/subdir.mk	.mk	5687	876332ed9c90bad3
BMS_Dashboard/USB-Connection-Firmware/STM32CubeIDE/Debug/Middlewares/USB_Device_Library/usbd_cdc.cyclo	.cyclo	2488	b22c96c178b92df5
BMS_Dashboard/USB-Connection-Firmware/STM32CubeIDE/Debug/Middlewares/USB_Device_Library/usbd_cdc.d	.d	4692	d33a573fe83d20c6
BMS_Dashboard/USB-Connection-Firmware/STM32CubeIDE/Debug/Middlewares/USB_Device_Library/usbd_cdc.o	.o	979764	d6bdeaffd420d98f
BMS_Dashboard/USB-Connection-Firmware/STM32CubeIDE/Debug/Middlewares/USB_Device_Library/usbd_cdc.su	.su	2607	e5892e76d24b7ec5
BMS_Dashboard/USB-Connection-Firmware/STM32CubeIDE/Debug/Middlewares/USB_Device_Library/usbd_core.cyclo	.cyclo	3148	15ca12fc31ed5316
BMS_Dashboard/USB-Connection-Firmware/STM32CubeIDE/Debug/Middlewares/USB_Device_Library/usbd_core.d	.d	4399	4522177fd1af336f
BMS_Dashboard/USB-Connection-Firmware/STM32CubeIDE/Debug/Middlewares/USB_Device_Library/usbd_core.o	.o	975008	df4e430a5164a5f0
BMS_Dashboard/USB-Connection-Firmware/STM32CubeIDE/Debug/Middlewares/USB_Device_Library/usbd_core.su	.su	3306	0f51a9dcd50edadd
BMS_Dashboard/USB-Connection-Firmware/STM32CubeIDE/Debug/Middlewares/USB_Device_Library/usbd_ctlreq.cyclo	.cyclo	2208	c185702dc07137dc
BMS_Dashboard/USB-Connection-Firmware/STM32CubeIDE/Debug/Middlewares/USB_Device_Library/usbd_ctlreq.d	.d	4547	0ca3240c047be566
BMS_Dashboard/USB-Connection-Firmware/STM32CubeIDE/Debug/Middlewares/USB_Device_Library/usbd_ctlreq.o	.o	975596	0b701b01f331a034
BMS_Dashboard/USB-Connection-Firmware/STM32CubeIDE/Debug/Middlewares/USB_Device_Library/usbd_ctlreq.su	.su	2317	6cca4f7c237d106d
BMS_Dashboard/USB-Connection-Firmware/STM32CubeIDE/Debug/Middlewares/USB_Device_Library/usbd_ioreq.cyclo	.cyclo	1122	b95ed88f11b8c7c7
BMS_Dashboard/USB-Connection-Firmware/STM32CubeIDE/Debug/Middlewares/USB_Device_Library/usbd_ioreq.d	.d	4403	383f5a36e47f9024
BMS_Dashboard/USB-Connection-Firmware/STM32CubeIDE/Debug/Middlewares/USB_Device_Library/usbd_ioreq.o	.o	967488	428c9999cf4730d3
BMS_Dashboard/USB-Connection-Firmware/STM32CubeIDE/Debug/Middlewares/USB_Device_Library/usbd_ioreq.su	.su	1178	2b12c90b65d99404
BMS_Dashboard/USB-Connection-Firmware/STM32CubeIDE/Debug/USB-Connection-Firmware.elf	.elf	1039624	b88cfcf90f4a3571
BMS_Dashboard/USB-Connection-Firmware/STM32CubeIDE/Debug/USB-Connection-Firmware.list	.list	726685	d634a3e6c4465495
BMS_Dashboard/USB-Connection-Firmware/STM32CubeIDE/Debug/USB-Connection-Firmware.map	.map	428222	784af798f755bd44
BMS_Dashboard/USB-Connection-Firmware/STM32CubeIDE/Debug/makefile		3383	fc1b4ba972172683
BMS_Dashboard/USB-Connection-Firmware/STM32CubeIDE/Debug/objects.list	.list	1537	67fb4af788d5a81f
BMS_Dashboard/USB-Connection-Firmware/STM32CubeIDE/Debug/objects.mk	.mk	276	072df126a2015259
BMS_Dashboard/USB-Connection-Firmware/STM32CubeIDE/Debug/sources.mk	.mk	748	65e2e59c724dd42b
BMS_Dashboard/USB-Connection-Firmware/STM32CubeIDE/STM32F303RCTX_FLASH.ld	.ld	5861	b7e08c75a5da909c
BMS_Dashboard/USB-Connection-Firmware/STM32CubeIDE/USB-Connection-Firmware.launch	.launch	9858	2e3d4eb986ab0bed
BMS_Dashboard/USB-Connection-Firmware/STM32F303RCTX_FLASH.ld	.ld	5861	3f1d453d4fa082bd
BMS_Dashboard/USB-Connection-Firmware/Src/main.c	.c	903	c6caf2630a165245
BMS_Dashboard/USB-Connection-Firmware/Src/syscalls.c	.c	2847	1589f3d61a3625fb
BMS_Dashboard/USB-Connection-Firmware/Src/sysmem.c	.c	2726	ae7da85ddcf68727
BMS_Dashboard/USB-Connection-Firmware/Startup/startup_stm32f303rctx.s	.s	21442	7cf82fcb313aa45a
BMS_Dashboard/USB-Connection-Firmware/USB-Connection-Firmware.ioc	.ioc	5952	8179f74faaf51eec
BMS_Dashboard/USB-Connection-Firmware/USB-Connection-Firmware.launch	.launch	9602	ce2b7f245408883d
BMS_Dashboard/USB-Connection-Firmware/USB_DEVICE/App/usb_device.c	.c	3257	70c6aed65223215c
BMS_Dashboard/USB-Connection-Firmware/USB_DEVICE/App/usb_device.h	.h	2234	745afff60d786135
BMS_Dashboard/USB-Connection-Firmware/USB_DEVICE/App/usbd_cdc_if.c	.c	8208	948f38bd4373be05
BMS_Dashboard/USB-Connection-Firmware/USB_DEVICE/App/usbd_cdc_if.h	.h	2643	4449dba4fb829852
BMS_Dashboard/USB-Connection-Firmware/USB_DEVICE/App/usbd_desc.c	.c	10247	0f096435a5117b1b
BMS_Dashboard/USB-Connection-Firmware/USB_DEVICE/App/usbd_desc.h	.h	2834	33ddc356c1feebb9
BMS_Dashboard/USB-Connection-Firmware/USB_DEVICE/Target/usbd_conf.c	.c	19334	2ca2684d7cf9e19e
BMS_Dashboard/USB-Connection-Firmware/USB_DEVICE/Target/usbd_conf.h	.h	3858	ad7a34c3d0ffb4c8
BMS_Dashboard/USB-Connection-Firmware.ioc	.ioc	14602	0f7891a5befc60ef
BMS_Dashboard/assets/icons/.gitkeep		1	01ba4719c80b6fe9
BMS_Dashboard/assets/icons/app_icon.icns	.icns	856608	142589ab8907f6f4
BMS_Dashboard/assets/icons/app_icon.ico	.ico	73532	2cbf43bde469eb3b
BMS_Dashboard/assets/icons/app_icon.png	.png	461396	d94bd7711fef6614
BMS_Dashboard/backend/data_stream.py	.py	45792	e6513bbe40426925
BMS_Dashboard/backend/mock_data.py	.py	0	e3b0c44298fc1c14
BMS_Dashboard/backend/requirements.txt	.txt	77	9309750c875d651f
BMS_Dashboard/backend/settings_store.py	.py	6289	9a96b88d276703da
BMS_Dashboard/backend/update_helper.py	.py	9944	f4848538f9d3d4b8
BMS_Dashboard/backend/updater.py	.py	21407	cde24ea6cf59e865
BMS_Dashboard/backend/version.py	.py	22	7254873a0949bd76
BMS_Dashboard/build/BMSDashboard/Analysis-00.toc	.toc	326507	02610739ef13b912
BMS_Dashboard/build/BMSDashboard/BMSDashboard.exe	.exe	132	e8ff894e5da2a8e5
BMS_Dashboard/build/BMSDashboard/BMSDashboard.pkg	.pkg	1384486	4885d07dac5f6e9b
BMS_Dashboard/build/BMSDashboard/COLLECT-00.toc	.toc	292427	e55e4229c475f9c0
BMS_Dashboard/build/BMSDashboard/EXE-00.toc	.toc	4255	d6654afd6908c9b7
BMS_Dashboard/build/BMSDashboard/PKG-00.toc	.toc	2476	2f9293ba59b572f0
BMS_Dashboard/build/BMSDashboard/PYZ-00.pyz	.pyz	1358480	728409fbe0678a79
BMS_Dashboard/build/BMSDashboard/PYZ-00.toc	.toc	18440	dbbd375c2dee9b23
BMS_Dashboard/build/BMSDashboard/base_library.zip	.zip	842269	5174c4eb9cfba934
BMS_Dashboard/build/BMSDashboard/warn-BMSDashboard.txt	.txt	3673	ddee254a5c509798
BMS_Dashboard/build/BMSDashboard/xref-BMSDashboard.html	.html	384356	b487bc7c15286b1c
BMS_Dashboard/dist/BMSDashboard/BMSDashboard.exe	.exe	132	e8ff894e5da2a8e5
BMS_Dashboard/dist/BMSDashboard/_internal/PyQt6/Qt6/bin/MSVCP140.dll	.dll	131	71c4669894c4cd1f
BMS_Dashboard/dist/BMSDashboard/_internal/PyQt6/Qt6/bin/MSVCP140_1.dll	.dll	130	6c5745611a47f63a
BMS_Dashboard/dist/BMSDashboard/_internal/PyQt6/Qt6/bin/MSVCP140_2.dll	.dll	131	4456d3d26849ba8f
BMS_Dashboard/dist/BMSDashboard/_internal/PyQt6/Qt6/bin/Qt6Core.dll	.dll	132	b95007c3ee759cf2
BMS_Dashboard/dist/BMSDashboard/_internal/PyQt6/Qt6/bin/Qt6Gui.dll	.dll	132	567c38a4253525c3
BMS_Dashboard/dist/BMSDashboard/_internal/PyQt6/Qt6/bin/Qt6Multimedia.dll	.dll	131	ebc7b55e71759113
BMS_Dashboard/dist/BMSDashboard/_internal/PyQt6/Qt6/bin/Qt6MultimediaQuick.dll	.dll	131	16e5d24de0a0942d
BMS_Dashboard/dist/BMSDashboard/_internal/PyQt6/Qt6/bin/Qt6Network.dll	.dll	132	cb42cf3fa1a10585
BMS_Dashboard/dist/BMSDashboard/_internal/PyQt6/Qt6/bin/Qt6OpenGL.dll	.dll	132	cf736cf73cf89f8e
BMS_Dashboard/dist/BMSDashboard/_internal/PyQt6/Qt6/bin/Qt6Pdf.dll	.dll	132	9acf9ef952d57d65
BMS_Dashboard/dist/BMSDashboard/_internal/PyQt6/Qt6/bin/Qt6PdfQuick.dll	.dll	131	13db7d383965b791
BMS_Dashboard/dist/BMSDashboard/_internal/PyQt6/Qt6/bin/Qt6Positioning.dll	.dll	131	2d309bc62adfbd29
BMS_Dashboard/dist/BMSDashboard/_internal/PyQt6/Qt6/bin/Qt6PositioningQuick.dll	.dll	131	f6523eaa3a1092c5
BMS_Dashboard/dist/BMSDashboard/_internal/PyQt6/Qt6/bin/Qt6PrintSupport.dll	.dll	131	6963262e8edf033d
BMS_Dashboard/dist/BMSDashboard/_internal/PyQt6/Qt6/bin/Qt6Qml.dll	.dll	132	c85391e8405f9a04
BMS_Dashboard/dist/BMSDashboard/_internal/PyQt6/Qt6/bin/Qt6QmlModels.dll	.dll	131	2060cce4e4029415
BMS_Dashboard/dist/BMSDashboard/_internal/PyQt6/Qt6/bin/Qt6QmlWorkerScript.dll	.dll	130	c458acb457c67240
BMS_Dashboard/dist/BMSDashboard/_internal/PyQt6/Qt6/bin/Qt6Quick.dll	.dll	132	65591aa24ad76a63
BMS_Dashboard/dist/BMSDashboard/_internal/PyQt6/Qt6/bin/Qt6Quick3D.dll	.dll	132	3dd06b21b3eebfb8
BMS_Dashboard/dist/BMSDashboard/_internal/PyQt6/Qt6/bin/Qt6Quick3DAssetImport.dll	.dll	130	1fb4a8f2b153fa62
BMS_Dashboard/dist/BMSDashboard/_internal/PyQt6/Qt6/bin/Qt6Quick3DAssetUtils.dll	.dll	131	dc8608680e056765
BMS_Dashboard/dist/BMSDashboard/_internal/PyQt6/Qt6/bin/Qt6Quick3DEffects.dll	.dll	131	a3ba6ec2962ea377
BMS_Dashboard/dist/BMSDashboard/_internal/PyQt6/Qt6/bin/Qt6Quick3DHelpers.dll	.dll	131	37082bc1f3a936f0
BMS_Dashboard/dist/BMSDashboard/_internal/PyQt6/Qt6/bin/Qt6Quick3DHelpersImpl.dll	.dll	131	a4df1cd966b1fb63
BMS_Dashboard/dist/BMSDashboard/_internal/PyQt6/Qt6/bin/Qt6Quick3DParticles.dll	.dll	131	57c82a4180ad9437
BMS_Dashboard/dist/BMSDashboard/_internal/PyQt6/Qt6/bin/Qt6Quick3DPhysics.dll	.dll	132	73ecf75b0c81691e
BMS_Dashboard/dist/BMSDashboard/_internal/PyQt6/Qt6/bin/Qt6Quick3DPhysicsHelpers.dll	.dll	130	1b326ae63d23d948
BMS_Dashboard/dist/BMSDashboard/_internal/PyQt6/Qt6/bin/Qt6Quick3DRuntimeRender.dll	.dll	132	54e5c4fe81474c52
BMS_Dashboard/dist/BMSDashboard/_internal/PyQt6/Qt6/bin/Qt6Quick3DSpatialAudio.dll	.dll	130	6cabb6b70214b621
BMS_Dashboard/dist/BMSDashboard/_internal/PyQt6/Qt6/bin/Qt6Quick3DUtils.dll	.dll	131	78730a148bfb3de3
BMS_Dashboard/dist/BMSDashboard/_internal/PyQt6/Qt6/bin/Qt6QuickControls2.dll	.dll	130	df333d06125f5fe1
BMS_Dashboard/dist/BMSDashboard/_internal/PyQt6/Qt6/bin/Qt6QuickControls2Basic.dll	.dll	132	09828bd6f156553e
BMS_Dashboard/dist/BMSDashboard/_internal/PyQt6/Qt6/bin/Qt6QuickControls2BasicStyleImpl.dll	.dll	130	4281535643fd4298
BMS_Dashboard/dist/BMSDashboard/_internal/PyQt6/Qt6/bin/Qt6QuickControls2Fusion.dll	.dll	132	a2be827f54727831
BMS_Dashboard/dist/BMSDashboard/_internal/PyQt6/Qt6/bin/Qt6QuickControls2FusionStyleImpl.dll	.dll	131	1cd2107eb808642a
BMS_Dashboard/dist/BMSDashboard/_internal/PyQt6/Qt6/bin/Qt6QuickControls2Imagine.dll	.dll	132	923429322d230c3b
BMS_Dashboard/dist/BMSDashboard/_internal/PyQt6/Qt6/bin/Qt6QuickControls2ImagineStyleImpl.dll	.dll	130	f8d5b23962f57b68
BMS_Dashboard/dist/BMSDashboard/_internal/PyQt6/Qt6/bin/Qt6QuickControls2Impl.dll	.dll	131	de2f52c945d92053
BMS_Dashboard/dist/BMSDashboard/_internal/PyQt6/Qt6/bin/Qt6QuickControls2Material.dll	.dll	132	bb7cc8501056ba45
BMS_Dashboard/dist/BMSDashboard/_internal/PyQt6/Qt6/bin/Qt6QuickControls2MaterialStyleImpl.dll	.dll	131	a31c3a366b86f2ef
BMS_Dashboard/dist/BMSDashboard/_internal/PyQt6/Qt6/bin/Qt6QuickControls2Universal.dll	.dll	131	10c0907b8e32b518
BMS_Dashboard/dist/BMSDashboard/_internal/PyQt6/Qt6/bin/Qt6QuickControls2UniversalStyleImpl.dll	.dll	131	ebfa318de925c702
BMS_Dashboard/dist/BMSDashboard/_internal/PyQt6/Qt6/bin/Qt6QuickDialogs2.dll	.dll	131	4379c7076ae231ad
BMS_Dashboard/dist/BMSDashboard/_internal/PyQt6/Qt6/bin/Qt6QuickDialogs2QuickImpl.dll	.dll	132	4b4b66b7f96ebefb
BMS_Dashboard/dist/BMSDashboard/_internal/PyQt6/Qt6/bin/Qt6QuickDialogs2Utils.dll	.dll	130	9fc3b51366473f50
BMS_Dashboard/dist/BMSDashboard/_internal/PyQt6/Qt6/bin/Qt6QuickLayouts.dll	.dll	131	457effcb6dcb839e
BMS_Dashboard/dist/BMSDashboard/_internal/PyQt6/Qt6/bin/Qt6QuickParticles.dll	.dll	131	2f38f765b760e834
BMS_Dashboard/dist/BMSDashboard/_internal/PyQt6/Qt6/bin/Qt6QuickShapes.dll	.dll	131	e5254bb8ef03b4ff
BMS_Dashboard/dist/BMSDashboard/_internal/PyQt6/Qt6/bin/Qt6QuickTemplates2.dll	.dll	132	3199336fca722b97
BMS_Dashboard/dist/BMSDashboard/_internal/PyQt6/Qt6/bin/Qt6QuickTest.dll	.dll	131	7e22f5577db4c18f
BMS_Dashboard/dist/BMSDashboard/_internal/PyQt6/Qt6/bin/Qt6QuickTimeline.dll	.dll	130	ef1272147d6ceaf0
BMS_Dashboard/dist/BMSDashboard/_internal/PyQt6/Qt6/bin/Qt6QuickTimelineBlendTrees.dll	.dll	130	29a658df30299c8e
BMS_Dashboard/dist/BMSDashboard/_internal/PyQt6/Qt6/bin/Qt6QuickWidgets.dll	.dll	131	017bac6960ef1181
BMS_Dashboard/dist/BMSDashboard/_internal/PyQt6/Qt6/bin/Qt6RemoteObjects.dll	.dll	131	35c92bb6a92512ef
BMS_Dashboard/dist/BMSDashboard/_internal/PyQt6/Qt6/bin/Qt6RemoteObjectsQml.dll	.dll	130	d2d390818ba59d1f
BMS_Dashboard/dist/BMSDashboard/_internal/PyQt6/Qt6/bin/Qt6Sensors.dll	.dll	131	a325a600974b9ebc
BMS_Dashboard/dist/BMSDashboard/_internal/PyQt6/Qt6/bin/Qt6SensorsQuick.dll	.dll	131	1f54fdf529e3ed8c
BMS_Dashboard/dist/BMSDashboard/_internal/PyQt6/Qt6/bin/Qt6SerialPort.dll	.dll	131	c29124f598f52d50
BMS_Dashboard/dist/BMSDashboard/_internal/PyQt6/Qt6/bin/Qt6ShaderTools.dll	.dll	132	34f462a83910f76f
BMS_Dashboard/dist/BMSDashboard/_internal/PyQt6/Qt6/bin/Qt6SpatialAudio.dll	.dll	131	4a173cc3ea44fb5f
BMS_Dashboard/dist/BMSDashboard/_internal/PyQt6/Qt6/bin/Qt6Svg.dll	.dll	131	78cc2819f82ea7c9
BMS_Dashboard/dist/BMSDashboard/_internal/PyQt6/Qt6/bin/Qt6Test.dll	.dll	131	a006bd3b11c1215a
BMS_Dashboard/dist/BMSDashboard/_internal/PyQt6/Qt6/bin/Qt6TextToSpeech.dll	.dll	131	2241091fcff434da
BMS_Dashboard/dist/BMSDashboard/_internal/PyQt6/Qt6/bin/Qt6WebChannel.dll	.dll	131	cfa9b66fc7009158
BMS_Dashboard/dist/BMSDashboard/_internal/PyQt6/Qt6/bin/Qt6WebChannelQuick.dll	.dll	130	a1d71a679219fbd9
BMS_Dashboard/dist/BMSDashboard/_internal/PyQt6/Qt6/bin/Qt6WebEngineCore.dll	.dll	134	225f70c3e3abd2c9
BMS_Dashboard/dist/BMSDashboard/_internal/PyQt6/Qt6/bin/Qt6WebEngineQuick.dll	.dll	131	f2287b85f915bd37
BMS_Dashboard/dist/BMSDashboard/_internal/PyQt6/Qt6/bin/Qt6WebEngineQuickDelegatesQml.dll	.dll	131	b0798ac33fc3289e
BMS_Dashboard/dist/BMSDashboard/_internal/PyQt6/Qt6/bin/Qt6WebEngineWidgets.dll	.dll	131	67615daad35119de
BMS_Dashboard/dist/BMSDashboard/_internal/PyQt6/Qt6/bin/Qt6WebSockets.dll	.dll	131	cb1b31edf86617b4
BMS_Dashboard/dist/BMSDashboard/_internal/PyQt6/Qt6/bin/Qt6Widgets.dll	.dll	132	00fc176477a37489
BMS_Dashboard/dist/BMSDashboard/_internal/PyQt6/Qt6/bin/QtWebEngineProcess.exe	.exe	131	0897d3ef222b0d8b
BMS_Dashboard/dist/BMSDashboard/_internal/PyQt6/Qt6/bin/VCRUNTIME140.dll	.dll	131	94ac6f38c8de7a29
BMS_Dashboard/dist/BMSDashboard/_internal/PyQt6/Qt6/bin/VCRUNTIME140_1.dll	.dll	130	733e8ae6a4eb0609
BMS_Dashboard/dist/BMSDashboard/_internal/PyQt6/Qt6/bin/opengl32sw.dll	.dll	133	6e57e3ca853d97d6
BMS_Dashboard/dist/BMSDashboard/_internal/PyQt6/Qt6/bin/qt.conf	.conf	20	1869cf5f539f76e2
BMS_Dashboard/dist/BMSDashboard/_internal/PyQt6/Qt6/plugins/generic/qtuiotouchplugin.dll	.dll	131	bbfb2751102ce9ff
BMS_Dashboard/dist/BMSDashboard/_internal/PyQt6/Qt6/plugins/iconengines/qsvgicon.dll	.dll	130	f6ee8954fdaffc19
BMS_Dashboard/dist/BMSDashboard/_internal/PyQt6/Qt6/plugins/imageformats/qgif.dll	.dll	130	448321cee36f3bea
BMS_Dashboard/dist/BMSDashboard/_internal/PyQt6/Qt6/plugins/imageformats/qicns.dll	.dll	130	c5bb49c71dfec765
BMS_Dashboard/dist/BMSDashboard/_internal/PyQt6/Qt6/plugins/imageformats/qico.dll	.dll	130	1601354547e1032a
BMS_Dashboard/dist/BMSDashboard/_internal/PyQt6/Qt6/plugins/imageformats/qjpeg.dll	.dll	131	862151d745a1b569
BMS_Dashboard/dist/BMSDashboard/_internal/PyQt6/Qt6/plugins/imageformats/qpdf.dll	.dll	130	560eff5cd7adc5f5
BMS_Dashboard/dist/BMSDashboard/_internal/PyQt6/Qt6/plugins/imageformats/qsvg.dll	.dll	130	eb523e011e7017dd
BMS_Dashboard/dist/BMSDashboard/_internal/PyQt6/Qt6/plugins/imageformats/qtga.dll	.dll	130	446f83028659be59
BMS_Dashboard/dist/BMSDashboard/_internal/PyQt6/Qt6/plugins/imageformats/qtiff.dll	.dll	131	448408f8460b522a
BMS_Dashboard/dist/BMSDashboard/_internal/PyQt6/Qt6/plugins/imageformats/qwbmp.dll	.dll	130	02a1c66bce1f4194
BMS_Dashboard/dist/BMSDashboard/_internal/PyQt6/Qt6/plugins/imageformats/qwebp.dll	.dll	131	0f10301175b6cd57
BMS_Dashboard/dist/BMSDashboard/_internal/PyQt6/Qt6/plugins/networkinformation/qnetworklistmanager.dll	.dll	130	fdc5c7f80afeeb8f
BMS_Dashboard/dist/BMSDashboard/_internal/PyQt6/Qt6/plugins/platforms/qminimal.dll	.dll	130	6571b8e82af294ba
BMS_Dashboard/dist/BMSDashboard/_internal/PyQt6/Qt6/plugins/platforms/qoffscreen.dll	.dll	131	cdbcf39238cd9555
BMS_Dashboard/dist/BMSDashboard/_internal/PyQt6/Qt6/plugins/platforms/qwindows.dll	.dll	131	b8c75c20660b0de8
BMS_Dashboard/dist/BMSDashboard/_internal/PyQt6/Qt6/plugins/position/qtposition_nmea.dll	.dll	130	1844e9c0debf9c4b
BMS_Dashboard/dist/BMSDashboard/_internal/PyQt6/Qt6/plugins/position/qtposition_positionpoll.dll	.dll	130	2b4a8de96d6cc3ab
BMS_Dashboard/dist/BMSDashboard/_internal/PyQt6/Qt6/plugins/position/qtposition_winrt.dll	.dll	130	6a32abc50e613a41
BMS_Dashboard/dist/BMSDashboard/_internal/PyQt6/Qt6/plugins/styles/qmodernwindowsstyle.dll	.dll	131	48dbdcc583255cc5
BMS_Dashboard/dist/BMSDashboard/_internal/PyQt6/Qt6/plugins/tls/qcertonlybackend.dll	.dll	131	e9461598746f0eb5
BMS_Dashboard/dist/BMSDashboard/_internal/PyQt6/Qt6/plugins/tls/qopensslbackend.dll	.dll	131	e8a3b26547cb8a66
BMS_Dashboard/dist/BMSDashboard/_internal/PyQt6/Qt6/plugins/tls/qschannelbackend.dll	.dll	131	3947789fc01e3fd8
BMS_Dashboard/dist/BMSDashboard/_internal/PyQt6/Qt6/qml/QtMultimedia/Video.qml	.qml	10711	c985572cb4f1d692
BMS_Dashboard/dist/BMSDashboard/_internal/PyQt6/Qt6/qml/QtMultimedia/plugins.qmltypes	.qmltypes	69480	c0bf03c972f09e24
BMS_Dashboard/dist/BMSDashboard/_internal/PyQt6/Qt6/qml/QtMultimedia/qmldir		243	756b4df2e8acc966
BMS_Dashboard/dist/BMSDashboard/_internal/PyQt6/Qt6/qml/QtMultimedia/quickmultimediaplugin.dll	.dll	130	e5dbec9a4c122fb0
BMS_Dashboard/dist/BMSDashboard/_internal/PyQt6/Qt6/qml/QtPositioning/plugins.qmltypes	.qmltypes	41012	ccebf804c0ffe1eb
BMS_Dashboard/dist/BMSDashboard/_internal/PyQt6/Qt6/qml/QtPositioning/positioningquickplugin.dll	.dll	130	745f0dd85c870141
BMS_Dashboard/dist/BMSDashboard/_internal/PyQt6/Qt6/qml/QtPositioning/qmldir		226	4177a575095a6f5c
BMS_Dashboard/dist/BMSDashboard/_internal/PyQt6/Qt6/qml/QtQml/Base/plugins.qmltypes	.qmltypes	129476	3619b9c75fb2eaeb
BMS_Dashboard/dist/BMSDashboard/_internal/PyQt6/Qt6/qml/QtQml/Base/qmldir		203	e2e2407ebd9a3299
BMS_Dashboard/dist/BMSDashboard/_internal/PyQt6/Qt6/qml/QtQml/Base/qmlplugin.dll	.dll	130	c509b52510f4661f
BMS_Dashboard/dist/BMSDashboard/_internal/PyQt6/Qt6/qml/QtQml/Models/modelsplugin.dll	.dll	130	0ce8132b5ca1590a
BMS_Dashboard/dist/BMSDashboard/_internal/PyQt6/Qt6/qml/QtQml/Models/plugins.qmltypes	.qmltypes	51048	d52188f7a7a2893a
BMS_Dashboard/dist/BMSDashboard/_internal/PyQt6/Qt6/qml/QtQml/Models/qmldir		221	5fbfc739a60945e0
BMS_Dashboard/dist/BMSDashboard/_internal/PyQt6/Qt6/qml/QtQml/WorkerScript/plugins.qmltypes	.qmltypes	1358	520febb8b3efd6a0
BMS_Dashboard/dist/BMSDashboard/_internal/PyQt6/Qt6/qml/QtQml/WorkerScript/qmldir		251	7717787e3c86bad7
BMS_Dashboard/dist/BMSDashboard/_internal/PyQt6/Qt6/qml/QtQml/WorkerScript/workerscriptplugin.dll	.dll	130	bd6dff11f9467081
BMS_Dashboard/dist/BMSDashboard/_internal/PyQt6/Qt6/qml/QtQml/qmldir		230	24564d14ee8eb126
BMS_Dashboard/dist/BMSDashboard/_internal/PyQt6/Qt6/qml/QtQml/qmlmetaplugin.dll	.dll	130	800c74e21f8ef693
BMS_Dashboard/dist/BMSDashboard/_internal/PyQt6/Qt6/qml/QtQuick/Controls/Basic/AbstractButton.qml	.qml	547	5594fba24be25eb7
BMS_Dashboard/dist/BMSDashboard/_internal/PyQt6/Qt6/qml/QtQuick/Controls/Basic/Action.qml	.qml	204	6dc0acacad3c61a6
BMS_Dashboard/dist/BMSDashboard/_internal/PyQt6/Qt6/qml/QtQuick/Controls/Basic/ActionGroup.qml	.qml	209	709bc56c84a30186
BMS_Dashboard/dist/BMSDashboard/_internal/PyQt6/Qt6/qml/QtQuick/Controls/Basic/ApplicationWindow.qml	.qml	293	2a2633fd792f558f
BMS_Dashboard/dist/BMSDashboard/_internal/PyQt6/Qt6/qml/QtQuick/Controls/Basic/BusyIndicator.qml	.qml	905	906c25574340c4f6
BMS_Dashboard/dist/BMSDashboard/_internal/PyQt6/Qt6/qml/QtQuick/Controls/Basic/Button.qml	.qml	1881	edf2f8a25b46c2de
BMS_Dashboard/dist/BMSDashboard/_internal/PyQt6/Qt6/qml/QtQuick/Controls/Basic/ButtonGroup.qml	.qml	209	6be60ec225390c87
BMS_Dashboard/dist/BMSDashboard/_internal/PyQt6/Qt6/qml/QtQuick/Controls/Basic/Calendar.qml	.qml	208	ae878b4c539ea140
BMS_Dashboard/dist/BMSDashboard/_internal/PyQt6/Qt6/qml/QtQuick/Controls/Basic/CalendarModel.qml	.qml	195	308196e7e6486685
BMS_Dashboard/dist/BMSDashboard/_internal/PyQt6/Qt6/qml/QtQuick/Controls/Basic/CheckBox.qml	.qml	2297	422311435eeaf355
BMS_Dashboard/dist/BMSDashboard/_internal/PyQt6/Qt6/qml/QtQuick/Controls/Basic/CheckDelegate.qml	.qml	2736	2e44c04497e5e2cb
BMS_Dashboard/dist/BMSDashboard/_internal/PyQt6/Qt6/qml/QtQuick/Controls/Basic/ComboBox.qml	.qml	4151	5e94ef575f1532e1
BMS_Dashboard/dist/BMSDashboard/_internal/PyQt6/Qt6/qml/QtQuick/Controls/Basic/Container.qml	.qml	526	fe106a5202791d02
BMS_Dashboard/dist/BMSDashboard/_internal/PyQt6/Qt6/qml/QtQuick/Controls/Basic/Control.qml	.qml	540	c16195d42a23d636
BMS_Dashboard/dist/BMSDashboard/_internal/PyQt6/Qt6/qml/QtQuick/Controls/Basic/DayOfWeekRow.qml	.qml	1086	ce2c2589399f77eb
BMS_Dashboard/dist/BMSDashboard/_internal/PyQt6/Qt6/qml/QtQuick/Controls/Basic/DelayButton.qml	.qml	2422	b0f2cb276f6809ca
BMS_Dashboard/dist/BMSDashboard/_internal/PyQt6/Qt6/qml/QtQuick/Controls/Basic/Dial.qml	.qml	1879	a2172f4edcac0208
BMS_Dashboard/dist/BMSDashboard/_internal/PyQt6/Qt6/qml/QtQuick/Controls/Basic/Dialog.qml	.qml	1588	7e0698b5c5db4f0b
BMS_Dashboard/dist/BMSDashboard/_internal/PyQt6/Qt6/qml/QtQuick/Controls/Basic/DialogButtonBox.qml	.qml	1301	751b58fb8d2807c9
BMS_Dashboard/dist/BMSDashboard/_internal/PyQt6/Qt6/qml/QtQuick/Controls/Basic/Drawer.qml	.qml	1586	b651ebac2ac8e11f
BMS_Dashboard/dist/BMSDashboard/_internal/PyQt6/Qt6/qml/QtQuick/Controls/Basic/Frame.qml	.qml	674	19248caa7abf83c4
BMS_Dashboard/dist/BMSDashboard/_internal/PyQt6/Qt6/qml/QtQuick/Controls/Basic/GroupBox.qml	.qml	1282	3eeec2c9cfc1d035
BMS_Dashboard/dist/BMSDashboard/_internal/PyQt6/Qt6/qml/QtQuick/Controls/Basic/HorizontalHeaderView.qml	.qml	1472	81a3c703413e7aeb
BMS_Dashboard/dist/BMSDashboard/_internal/PyQt6/Qt6/qml/QtQuick/Controls/Basic/ItemDelegate.qml	.qml	1574	962d4ac8c845e4b0
BMS_Dashboard/dist/BMSDashboard/_internal/PyQt6/Qt6/qml/QtQuick/Controls/Basic/Label.qml	.qml	323	953901f333b9c449
BMS_Dashboard/dist/BMSDashboard/_internal/PyQt6/Qt6/qml/QtQuick/Controls/Basic/Menu.qml	.qml	1375	e1d84101d1a6a01e
BMS_Dashboard/dist/BMSDashboard/_internal/PyQt6/Qt6/qml/QtQuick/Controls/Basic/MenuBar.qml	.qml	816	83e1d5bd1538e8c5
BMS_Dashboard/dist/BMSDashboard/_internal/PyQt6/Qt6/qml/QtQuick/Controls/Basic/MenuBarItem.qml	.qml	1281	0bb468aeadb35c4a
BMS_Dashboard/dist/BMSDashboard/_internal/PyQt6/Qt6/qml/QtQuick/Controls/Basic/MenuItem.qml	.qml	2646	921ff56d7c94886b
BMS_Dashboard/dist/BMSDashboard/_internal/PyQt6/Qt6/qml/QtQuick/Controls/Basic/MenuSeparator.qml	.qml	748	df960bc31a87e3d2
BMS_Dashboard/dist/BMSDashboard/_internal/PyQt6/Qt6/qml/QtQuick/Controls/Basic/MonthGrid.qml	.qml	1151	af017fae224eccbd
BMS_Dashboard/dist/BMSDashboard/_internal/PyQt6/Qt6/qml/QtQuick/Controls/Basic/Page.qml	.qml	911	f90e8cc91d5d2825
BMS_Dashboard/dist/BMSDashboard/_internal/PyQt6/Qt6/qml/QtQuick/Controls/Basic/PageIndicator.qml	.qml	1101	2d5052779fa3766a
BMS_Dashboard/dist/BMSDashboard/_internal/PyQt6/Qt6/qml/QtQuick/Controls/Basic/Pane.qml	.qml	640	405998ff95969b08
BMS_Dashboard/dist/BMSDashboard/_internal/PyQt6/Qt6/qml/QtQuick/Controls/Basic/Popup.qml	.qml	892	8701f9efcebed882
BMS_Dashboard/dist/BMSDashboard/_internal/PyQt6/Qt6/qml/QtQuick/Controls/Basic/ProgressBar.qml	.qml	1038	c54c473738113e3f
BMS_Dashboard/dist/BMSDashboard/_internal/PyQt6/Qt6/qml/QtQuick/Controls/Basic/RadioButton.qml	.qml	1991	4645740bf06c41a5
BMS_Dashboard/dist/BMSDashboard/_internal/PyQt6/Qt6/qml/QtQuick/Controls/Basic/RadioDelegate.qml	.qml	2430	d117d81ed79f95f5
BMS_Dashboard/dist/BMSDashboard/_internal/PyQt6/Qt6/qml/QtQuick/Controls/Basic/RangeSlider.qml	.qml	3273	eade5b9dd9722def
BMS_Dashboard/dist/BMSDashboard/_internal/PyQt6/Qt6/qml/QtQuick/Controls/Basic/RoundButton.qml	.qml	1916	81486b2e50914160
BMS_Dashboard/dist/BMSDashboard/_internal/PyQt6/Qt6/qml/QtQuick/Controls/Basic/ScrollBar.qml	.qml	1491	27769b4b121c91cd
BMS_Dashboard/dist/BMSDashboard/_internal/PyQt6/Qt6/qml/QtQuick/Controls/Basic/ScrollIndicator.qml	.qml	1260	9aa836aeb3e45dfd
BMS_Dashboard/dist/BMSDashboard/_internal/PyQt6/Qt6/qml/QtQuick/Controls/Basic/ScrollView.qml	.qml	1024	69ce788d3767d82f
BMS_Dashboard/dist/BMSDashboard/_internal/PyQt6/Qt6/qml/QtQuick/Controls/Basic/SelectionRectangle.qml	.qml	787	6bf7d931cd8fc95c
BMS_Dashboard/dist/BMSDashboard/_internal/PyQt6/Qt6/qml/QtQuick/Controls/Basic/Slider.qml	.qml	2204	338eca29c01e35b9
BMS_Dashboard/dist/BMSDashboard/_internal/PyQt6/Qt6/qml/QtQuick/Controls/Basic/SpinBox.qml	.qml	3406	6d9b53b6736d433d
BMS_Dashboard/dist/BMSDashboard/_internal/PyQt6/Qt6/qml/QtQuick/Controls/Basic/SplitView.qml	.qml	914	ce4e11132eac128e
BMS_Dashboard/dist/BMSDashboard/_internal/PyQt6/Qt6/qml/QtQuick/Controls/Basic/StackView.qml	.qml	1181	663299e39b9abd4c
BMS_Dashboard/dist/BMSDashboard/_internal/PyQt6/Qt6/qml/QtQuick/Controls/Basic/SwipeDelegate.qml	.qml	1548	671b44df30edee26
BMS_Dashboard/dist/BMSDashboard/_internal/PyQt6/Qt6/qml/QtQuick/Controls/Basic/SwipeView.qml	.qml	1124	81447ebf342a5c5d
BMS_Dashboard/dist/BMSDashboard/_internal/PyQt6/Qt6/qml/QtQuick/Controls/Basic/Switch.qml	.qml	2219	95dcd91c7da7c1d9
BMS_Dashboard/dist/BMSDashboard/_internal/PyQt6/Qt6/qml/QtQuick/Controls/Basic/SwitchDelegate.qml	.qml	2744	72888039ae35ce91
BMS_Dashboard/dist/BMSDashboard/_internal/PyQt6/Qt6/qml/QtQuick/Controls/Basic/TabBar.qml	.qml	1102	f7751abf5b764d77
BMS_Dashboard/dist/BMSDashboard/_internal/PyQt6/Qt6/qml/QtQuick/Controls/Basic/TabButton.qml	.qml	1278	1dfa5483c15bd605
BMS_Dashboard/dist/BMSDashboard/_internal/PyQt6/Qt6/qml/QtQuick/Controls/Basic/TextArea.qml	.qml	1596	014800c32ddb34df
BMS_Dashboard/dist/BMSDashboard/_internal/PyQt6/Qt6/qml/QtQuick/Controls/Basic/TextField.qml	.qml	1846	66658790bd494013
BMS_Dashboard/dist/BMSDashboard/_internal/PyQt6/Qt6/qml/QtQuick/Controls/Basic/ToolBar.qml	.qml	653	6e258726afa1394f
BMS_Dashboard/dist/BMSDashboard/_internal/PyQt6/Qt6/qml/QtQuick/Controls/Basic/ToolButton.qml	.qml	1287	c3a541449fdeadb2
BMS_Dashboard/dist/BMSDashboard/_internal/PyQt6/Qt6/qml/QtQuick/Controls/Basic/ToolSeparator.qml	.qml	814	a644fc83bb88e855
BMS_Dashboard/dist/BMSDashboard/_internal/PyQt6/Qt6/qml/QtQuick/Controls/Basic/ToolTip.qml	.qml	1058	005eae491087fe07
BMS_Dashboard/dist/BMSDashboard/_internal/PyQt6/Qt6/qml/QtQuick/Controls/Basic/TreeViewDelegate.qml	.qml	3961	5e8df20158b911d2
BMS_Dashboard/dist/BMSDashboard/_internal/PyQt6/Qt6/qml/QtQuick/Controls/Basic/Tumbler.qml	.qml	1755	ec3d70f86fd05320
BMS_Dashboard/dist/BMSDashboard/_internal/PyQt6/Qt6/qml/QtQuick/Controls/Basic/VerticalHeaderView.qml	.qml	1463	82f713c9cdd7b32b
BMS_Dashboard/dist/BMSDashboard/_internal/PyQt6/Qt6/qml/QtQuick/Controls/Basic/WeekNumberColumn.qml	.qml	1092	94907a7f25e5a7f4
BMS_Dashboard/dist/BMSDashboard/_internal/PyQt6/Qt6/qml/QtQuick/Controls/Basic/impl/plugins.qmltypes	.qmltypes	4205	30002e27f8c263cb
BMS_Dashboard/dist/BMSDashboard/_internal/PyQt6/Qt6/qml/QtQuick/Controls/Basic/impl/qmldir		297	95dbb76acfcdcaa3
BMS_Dashboard/dist/BMSDashboard/_internal/PyQt6/Qt6/qml/QtQuick/Controls/Basic/impl/qtquickcontrols2basicstyleimplplugin.dll	.dll	130	04eefa680a092d10
BMS_Dashboard/dist/BMSDashboard/_internal/PyQt6/Qt6/qml/QtQuick/Controls/Basic/plugins.qmltypes	.qmltypes	10158	19055c8d1e1e3d98
BMS_Dashboard/dist/BMSDashboard/_internal/PyQt6/Qt6/qml/QtQuick/Controls/Basic/qmldir		3917	624c7682ada3c3df
BMS_Dashboard/dist/BMSDashboard/_internal/PyQt6/Qt6/qml/QtQuick/Controls/Basic/qtquickcontrols2basicstyleplugin.dll	.dll	130	2c22634a45d43006
BMS_Dashboard/dist/BMSDashboard/_internal/PyQt6/Qt6/qml/QtQuick/Controls/Fusion/ApplicationWindow.qml	.qml	353	252f003a71990445
BMS_Dashboard/dist/BMSDashboard/_internal/PyQt6/Qt6/qml/QtQuick/Controls/Fusion/BusyIndicator.qml	.qml	1155	8e8597ef9323625e
BMS_Dashboard/dist/BMSDashboard/_internal/PyQt6/Qt6/qml/QtQuick/Controls/Fusion/Button.qml	.qml	1239	12168645ba4ea8d6
BMS_Dashboard/dist/BMSDashboard/_internal/PyQt6/Qt6/qml/QtQuick/Controls/Fusion/CheckBox.qml	.qml	1533	601f9a538f0bbd67
BMS_Dashboard/dist/BMSDashboard/_internal/PyQt6/Qt6/qml/QtQuick/Controls/Fusion/CheckDelegate.qml	.qml	1943	196860e291349d19
BMS_Dashboard/dist/BMSDashboard/_internal/PyQt6/Qt6/qml/QtQuick/Controls/Fusion/ComboBox.qml	.qml	4918	c3bb9d6db89e0c59
BMS_Dashboard/dist/BMSDashboard/_internal/PyQt6/Qt6/qml/QtQuick/Controls/Fusion/DelayButton.qml	.qml	2791	81c7e7a80d0dbd45
BMS_Dashboard/dist/BMSDashboard/_internal/PyQt6/Qt6/qml/QtQuick/Controls/Fusion/Dial.qml	.qml	1459	3fd775bb1dd6f9e8
BMS_Dashboard/dist/BMSDashboard/_internal/PyQt6/Qt6/qml/QtQuick/Controls/Fusion/Dialog.qml	.qml	1858	8f9084a5e5faa39a
BMS_Dashboard/dist/BMSDashboard/_internal/PyQt6/Qt6/qml/QtQuick/Controls/Fusion/DialogButtonBox.qml	.qml	1183	0969c3403e4e9672
BMS_Dashboard/dist/BMSDashboard/_internal/PyQt6/Qt6/qml/QtQuick/Controls/Fusion/Drawer.qml	.qml	1938	5dae3c777411471f
BMS_Dashboard/dist/BMSDashboard/_internal/PyQt6/Qt6/qml/QtQuick/Controls/Fusion/Frame.qml	.qml	770	acf1d1979ebcdf1d
BMS_Dashboard/dist/BMSDashboard/_internal/PyQt6/Qt6/qml/QtQuick/Controls/Fusion/GroupBox.qml	.qml	1418	a136a8d4024ab3a6
BMS_Dashboard/dist/BMSDashboard/_internal/PyQt6/Qt6/qml/QtQuick/Controls/Fusion/HorizontalHeaderView.qml	.qml	1764	28cffaa0053f99ee
BMS_Dashboard/dist/BMSDashboard/_internal/PyQt6/Qt6/qml/QtQuick/Controls/Fusion/ItemDelegate.qml	.qml	1534	009f11af11c2fcb4
BMS_Dashboard/dist/BMSDashboard/_internal/PyQt6/Qt6/qml/QtQuick/Controls/Fusion/Label.qml	.qml	390	a8329d4ceefd83c5
BMS_Dashboard/dist/BMSDashboard/_internal/PyQt6/Qt6/qml/QtQuick/Controls/Fusion/Menu.qml	.qml	1633	bb431e056c7a16a9
BMS_Dashboard/dist/BMSDashboard/_internal/PyQt6/Qt6/qml/QtQuick/Controls/Fusion/MenuBar.qml	.qml	1179	82fb18ababfa4405
BMS_Dashboard/dist/BMSDashboard/_internal/PyQt6/Qt6/qml/QtQuick/Controls/Fusion/MenuBarItem.qml	.qml	1352	765c636b39ad65ea
BMS_Dashboard/dist/BMSDashboard/_internal/PyQt6/Qt6/qml/QtQuick/Controls/Fusion/MenuItem.qml	.qml	2561	1a769475267d08cf
BMS_Dashboard/dist/BMSDashboard/_internal/PyQt6/Qt6/qml/QtQuick/Controls/Fusion/MenuSeparator.qml	.qml	820	454198ed3925e797
BMS_Dashboard/dist/BMSDashboard/_internal/PyQt6/Qt6/qml/QtQuick/Controls/Fusion/Page.qml	.qml	978	c7590c392f411029
BMS_Dashboard/dist/BMSDashboard/_internal/PyQt6/Qt6/qml/QtQuick/Controls/Fusion/PageIndicator.qml	.qml	1163	c6029178d7bfd953
BMS_Dashboard/dist/BMSDashboard/_internal/PyQt6/Qt6/qml/QtQuick/Controls/Fusion/Pane.qml	.qml	706	7da6246ad2c1afcd
BMS_Dashboard/dist/BMSDashboard/_internal/PyQt6/Qt6/qml/QtQuick/Controls/Fusion/Popup.qml	.qml	914	1c0c15f01426e721
BMS_Dashboard/dist/BMSDashboard/_internal/PyQt6/Qt6/qml/QtQuick/Controls/Fusion/ProgressBar.qml	.qml	2680	74d97d7891db521c
BMS_Dashboard/dist/BMSDashboard/_internal/PyQt6/Qt6/qml/QtQuick/Controls/Fusion/RadioButton.qml	.qml	1484	5d6d3deee5d58857
BMS_Dashboard/dist/BMSDashboard/_internal/PyQt6/Qt6/qml/QtQuick/Controls/Fusion/RadioDelegate.qml	.qml	1943	a2a8c59993c9e7e0
BMS_Dashboard/dist/BMSDashboard/_internal/PyQt6/Qt6/qml/QtQuick/Controls/Fusion/RangeSlider.qml	.qml	2127	ad338d419b7a0f0f
BMS_Dashboard/dist/BMSDashboard/_internal/PyQt6/Qt6/qml/QtQuick/Controls/Fusion/RoundButton.qml	.qml	2411	146509ee5ea3d4af
BMS_Dashboard/dist/BMSDashboard/_internal/PyQt6/Qt6/qml/QtQuick/Controls/Fusion/ScrollBar.qml	.qml	1558	a9cfa41105882454
BMS_Dashboard/dist/BMSDashboard/_internal/PyQt6/Qt6/qml/QtQuick/Controls/Fusion/ScrollIndicator.qml	.qml	1327	e830d87a4e3e0c8c
BMS_Dashboard/dist/BMSDashboard/_internal/PyQt6/Qt6/qml/QtQuick/Controls/Fusion/ScrollView.qml	.qml	1024	5744512d0163200f
BMS_Dashboard/dist/BMSDashboard/_internal/PyQt6/Qt6/qml/QtQuick/Controls/Fusion/SelectionRectangle.qml	.qml	936	12aee112250c8c9a
BMS_Dashboard/dist/BMSDashboard/_internal/PyQt6/Qt6/qml/QtQuick/Controls/Fusion/Slider.qml	.qml	1317	5158b27bff52b964
BMS_Dashboard/dist/BMSDashboard/_internal/PyQt6/Qt6/qml/QtQuick/Controls/Fusion/SpinBox.qml	.qml	4985	5033e95702774781
BMS_Dashboard/dist/BMSDashboard/_internal/PyQt6/Qt6/qml/QtQuick/Controls/Fusion/SplitView.qml	.qml	954	f04691e38eda1075
BMS_Dashboard/dist/BMSDashboard/_internal/PyQt6/Qt6/qml/QtQuick/Controls/Fusion/SwipeDelegate.qml	.qml	1639	0a44de3bc0a9cb26
BMS_Dashboard/dist/BMSDashboard/_internal/PyQt6/Qt6/qml/QtQuick/Controls/Fusion/Switch.qml	.qml	1474	489fc3d28ca1ff66
BMS_Dashboard/dist/BMSDashboard/_internal/PyQt6/Qt6/qml/QtQuick/Controls/Fusion/SwitchDelegate.qml	.qml	2022	871dee1fbc97a41f
BMS_Dashboard/dist/BMSDashboard/_internal/PyQt6/Qt6/qml/QtQuick/Controls/Fusion/TabBar.qml	.qml	1395	97112c201f20e53b
BMS_Dashboard/dist/BMSDashboard/_internal/PyQt6/Qt6/qml/QtQuick/Controls/Fusion/TabButton.qml	.qml	2120	20b880a7d3bbbb5f
BMS_Dashboard/dist/BMSDashboard/_internal/PyQt6/Qt6/qml/QtQuick/Controls/Fusion/TextArea.qml	.qml	1663	2c63fe6542eaa10a
BMS_Dashboard/dist/BMSDashboard/_internal/PyQt6/Qt6/qml/QtQuick/Controls/Fusion/TextField.qml	.qml	2365	65389922f5d37ef0
BMS_Dashboard/dist/BMSDashboard/_internal/PyQt6/Qt6/qml/QtQuick/Controls/Fusion/ToolBar.qml	.qml	1523	56be7f05abb6370a
BMS_Dashboard/dist/BMSDashboard/_internal/PyQt6/Qt6/qml/QtQuick/Controls/Fusion/ToolButton.qml	.qml	1226	fce083edd0958f07
BMS_Dashboard/dist/BMSDashboard/_internal/PyQt6/Qt6/qml/QtQuick/Controls/Fusion/ToolSeparator.qml	.qml	1060	a7b3f73a35b16439
BMS_Dashboard/dist/BMSDashboard/_internal/PyQt6/Qt6/qml/QtQuick/Controls/Fusion/ToolTip.qml	.qml	1337	0ae98471af4a9d2d
BMS_Dashboard/dist/BMSDashboard/_internal/PyQt6/Qt6/qml/QtQuick/Controls/Fusion/TreeViewDelegate.qml	.qml	3859	0663504b15f642ce
BMS_Dashboard/dist/BMSDashboard/_internal/PyQt6/Qt6/qml/QtQuick/Controls/Fusion/Tumbler.qml	.qml	1607	f5df286159fdfc39
BMS_Dashboard/dist/BMSDashboard/_internal/PyQt6/Qt6/qml/QtQuick/Controls/Fusion/VerticalHeaderView.qml	.qml	1724	eb8b854ace749712
BMS_Dashboard/dist/BMSDashboard/_internal/PyQt6/Qt6/qml/QtQuick/Controls/Fusion/impl/ButtonPanel.qml	.qml	1482	983b94698fa7063f
BMS_Dashboard/dist/BMSDashboard/_internal/PyQt6/Qt6/qml/QtQuick/Controls/Fusion/impl/CheckIndicator.qml	.qml	2052	e230d5b880abf845
BMS_Dashboard/dist/BMSDashboard/_internal/PyQt6/Qt6/qml/QtQuick/Controls/Fusion/impl/RadioIndicator.qml	.qml	1485	ddda0c54b2faaea3
BMS_Dashboard/dist/BMSDashboard/_internal/PyQt6/Qt6/qml/QtQuick/Controls/Fusion/impl/SliderGroove.qml	.qml	2036	a35676403d1c5b20
BMS_Dashboard/dist/BMSDashboard/_internal/PyQt6/Qt6/qml/QtQuick/Controls/Fusion/impl/SliderHandle.qml	.qml	1522	de88a9f38077ca31
BMS_Dashboard/dist/BMSDashboard/_internal/PyQt6/Qt6/qml/QtQuick/Controls/Fusion/impl/SwitchIndicator.qml	.qml	3479	41ee2e39f1ece591
BMS_Dashboard/dist/BMSDashboard/_internal/PyQt6/Qt6/qml/QtQuick/Controls/Fusion/impl/plugins.qmltypes	.qmltypes	2737	702200247ed4558e
BMS_Dashboard/dist/BMSDashboard/_internal/PyQt6/Qt6/qml/QtQuick/Controls/Fusion/impl/qmldir		734	3e4a381eb01b8ff1
BMS_Dashboard/dist/BMSDashboard/_internal/PyQt6/Qt6/qml/QtQuick/Controls/Fusion/impl/qtquickcontrols2fusionstyleimplplugin.dll	.dll	130	428c363c047a9429
BMS_Dashboard/dist/BMSDashboard/_internal/PyQt6/Qt6/qml/QtQuick/Controls/Fusion/plugins.qmltypes	.qmltypes	5142	9ebb8f225137d39a
BMS_Dashboard/dist/BMSDashboard/_internal/PyQt6/Qt6/qml/QtQuick/Controls/Fusion/qmldir		3329	a198198bd2e56125
BMS_Dashboard/dist/BMSDashboard/_internal/PyQt6/Qt6/qml/QtQuick/Controls/Fusion/qtquickcontrols2fusionstyleplugin.dll	.dll	130	d06f1ba76b460e4d
BMS_Dashboard/dist/BMSDashboard/_internal/PyQt6/Qt6/qml/QtQuick/Controls/Imagine/ApplicationWindow.qml	.qml	612	80ca4c574e8fac2a
BMS_Dashboard/dist/BMSDashboard/_internal/PyQt6/Qt6/qml/QtQuick/Controls/Imagine/BusyIndicator.qml	.qml	2075	787a37d9f7f3c8bd
BMS_Dashboard/dist/BMSDashboard/_internal/PyQt6/Qt6/qml/QtQuick/Controls/Imagine/Button.qml	.qml	2646	bbfc36aa109a9830
BMS_Dashboard/dist/BMSDashboard/_internal/PyQt6/Qt6/qml/QtQuick/Controls/Imagine/CheckBox.qml	.qml	2999	465273cf261b9659
BMS_Dashboard/dist/BMSDashboard/_internal/PyQt6/Qt6/qml/QtQuick/Controls/Imagine/CheckDelegate.qml	.qml	3298	5664bb36a447038b
BMS_Dashboard/dist/BMSDashboard/_internal/PyQt6/Qt6/qml/QtQuick/Controls/Imagine/ComboBox.qml	.qml	5819	ac6135a0fd8314e8
BMS_Dashboard/dist/BMSDashboard/_internal/PyQt6/Qt6/qml/QtQuick/Controls/Imagine/DelayButton.qml	.qml	3857	1b2b591bfb4d9805
BMS_Dashboard/dist/BMSDashboard/_internal/PyQt6/Qt6/qml/QtQuick/Controls/Imagine/Dial.qml	.qml	2591	c96374781cadf684
BMS_Dashboard/dist/BMSDashboard/_internal/PyQt6/Qt6/qml/QtQuick/Controls/Imagine/Dialog.qml	.qml	2624	5cb71fc08ce6e6bd
BMS_Dashboard/dist/BMSDashboard/_internal/PyQt6/Qt6/qml/QtQuick/Controls/Imagine/DialogButtonBox.qml	.qml	1808	97f2c55935564cb8
BMS_Dashboard/dist/BMSDashboard/_internal/PyQt6/Qt6/qml/QtQuick/Controls/Imagine/Drawer.qml	.qml	2133	f131de22ea0332be
BMS_Dashboard/dist/BMSDashboard/_internal/PyQt6/Qt6/qml/QtQuick/Controls/Imagine/Frame.qml	.qml	1338	c8b7d5c40c8564fa
BMS_Dashboard/dist/BMSDashboard/_internal/PyQt6/Qt6/qml/QtQuick/Controls/Imagine/GroupBox.qml	.qml	2288	00826c19a88cb439
BMS_Dashboard/dist/BMSDashboard/_internal/PyQt6/Qt6/qml/QtQuick/Controls/Imagine/HorizontalHeaderView.qml	.qml	1472	81a3c703413e7aeb
BMS_Dashboard/dist/BMSDashboard/_internal/PyQt6/Qt6/qml/QtQuick/Controls/Imagine/ItemDelegate.qml	.qml	2185	451f98d7c2ca88dc
BMS_Dashboard/dist/BMSDashboard/_internal/PyQt6/Qt6/qml/QtQuick/Controls/Imagine/Label.qml	.qml	942	c1ea55a2c46b870c
BMS_Dashboard/dist/BMSDashboard/_internal/PyQt6/Qt6/qml/QtQuick/Controls/Imagine/Menu.qml	.qml	2408	cb7ca9b9c0ab8840
BMS_Dashboard/dist/BMSDashboard/_internal/PyQt6/Qt6/qml/QtQuick/Controls/Imagine/MenuItem.qml	.qml	4038	6d0b56d4f9c6a7cb
BMS_Dashboard/dist/BMSDashboard/_internal/PyQt6/Qt6/qml/QtQuick/Controls/Imagine/MenuSeparator.qml	.qml	1651	97b88d5795cfa2c3
BMS_Dashboard/dist/BMSDashboard/_internal/PyQt6/Qt6/qml/QtQuick/Controls/Imagine/Page.qml	.qml	1624	c5a8b4c6fa70f9c6
BMS_Dashboard/dist/BMSDashboard/_internal/PyQt6/Qt6/qml/QtQuick/Controls/Imagine/PageIndicator.qml	.qml	2053	9b1a79c2ea092969
BMS_Dashboard/dist/BMSDashboard/_internal/PyQt6/Qt6/qml/QtQuick/Controls/Imagine/Pane.qml	.qml	1336	2df6df64bee04dc6
BMS_Dashboard/dist/BMSDashboard/_internal/PyQt6/Qt6/qml/QtQuick/Controls/Imagine/Popup.qml	.qml	1782	f7a9108b69e2a4f8
BMS_Dashboard/dist/BMSDashboard/_internal/PyQt6/Qt6/qml/QtQuick/Controls/Imagine/ProgressBar.qml	.qml	4278	90f1655e47c100d0
BMS_Dashboard/dist/BMSDashboard/_internal/PyQt6/Qt6/qml/QtQuick/Controls/Imagine/RadioButton.qml	.qml	2806	6954b39fecbdb84b
BMS_Dashboard/dist/BMSDashboard/_internal/PyQt6/Qt6/qml/QtQuick/Controls/Imagine/RadioDelegate.qml	.qml	3096	31d79dbc1d9bc7fe
BMS_Dashboard/dist/BMSDashboard/_internal/PyQt6/Qt6/qml/QtQuick/Controls/Imagine/RangeSlider.qml	.qml	5009	1f4f0a3c034c5ef4
BMS_Dashboard/dist/BMSDashboard/_internal/PyQt6/Qt6/qml/QtQuick/Controls/Imagine/RoundButton.qml	.qml	2662	ddb20312c30e84f5
BMS_Dashboard/dist/BMSDashboard/_internal/PyQt6/Qt6/qml/QtQuick/Controls/Imagine/ScrollBar.qml	.qml	3184	6b3a9f03a2cd9302
BMS_Dashboard/dist/BMSDashboard/_internal/PyQt6/Qt6/qml/QtQuick/Controls/Imagine/ScrollIndicator.qml	.qml	2705	09e2fc330e33ff64
BMS_Dashboard/dist/BMSDashboard/_internal/PyQt6/Qt6/qml/QtQuick/Controls/Imagine/ScrollView.qml	.qml	1825	a41ce0e82fa261a8
BMS_Dashboard/dist/BMSDashboard/_internal/PyQt6/Qt6/qml/QtQuick/Controls/Imagine/SelectionRectangle.qml	.qml	1173	726f06403d4fb8f6
BMS_Dashboard/dist/BMSDashboard/_internal/PyQt6/Qt6/qml/QtQuick/Controls/Imagine/Slider.qml	.qml	3849	e88da50f49f76fbe
BMS_Dashboard/dist/BMSDashboard/_internal/PyQt6/Qt6/qml/QtQuick/Controls/Imagine/SpinBox.qml	.qml	4387	f990247acc58d523
BMS_Dashboard/dist/BMSDashboard/_internal/PyQt6/Qt6/qml/QtQuick/Controls/Imagine/SplitView.qml	.qml	1121	53ec0ac0b8b02a27
BMS_Dashboard/dist/BMSDashboard/_internal/PyQt6/Qt6/qml/QtQuick/Controls/Imagine/StackView.qml	.qml	2090	c9426d09b08aacea
BMS_Dashboard/dist/BMSDashboard/_internal/PyQt6/Qt6/qml/QtQuick/Controls/Imagine/SwipeDelegate.qml	.qml	2291	6ff12c2f6af60ddd
BMS_Dashboard/dist/BMSDashboard/_internal/PyQt6/Qt6/qml/QtQuick/Controls/Imagine/SwipeView.qml	.qml	2069	b8f5bee3a88358ff
BMS_Dashboard/dist/BMSDashboard/_internal/PyQt6/Qt6/qml/QtQuick/Controls/Imagine/Switch.qml	.qml	4170	7ef76ae83e885513
BMS_Dashboard/dist/BMSDashboard/_internal/PyQt6/Qt6/qml/QtQuick/Controls/Imagine/SwitchDelegate.qml	.qml	4622	301fd90dd8517019
BMS_Dashboard/dist/BMSDashboard/_internal/PyQt6/Qt6/qml/QtQuick/Controls/Imagine/TabBar.qml	.qml	1964	b779ef206202d9b1
BMS_Dashboard/dist/BMSDashboard/_internal/PyQt6/Qt6/qml/QtQuick/Controls/Imagine/TabButton.qml	.qml	1962	6b2834327580dcbd
BMS_Dashboard/dist/BMSDashboard/_internal/PyQt6/Qt6/qml/QtQuick/Controls/Imagine/TextArea.qml	.qml	2524	1ea43be633c60b21
BMS_Dashboard/dist/BMSDashboard/_internal/PyQt6/Qt6/qml/QtQuick/Controls/Imagine/TextField.qml	.qml	2462	fb3d4e3d90a55e08
BMS_Dashboard/dist/BMSDashboard/_internal/PyQt6/Qt6/qml/QtQuick/Controls/Imagine/ToolBar.qml	.qml	1478	c5b64f0f47af89f5
BMS_Dashboard/dist/BMSDashboard/_internal/PyQt6/Qt6/qml/QtQuick/Controls/Imagine/ToolButton.qml	.qml	2108	69ed56af5a7e9fce
BMS_Dashboard/dist/BMSDashboard/_internal/PyQt6/Qt6/qml/QtQuick/Controls/Imagine/ToolSeparator.qml	.qml	1851	5f70099e9b2f1d70
BMS_Dashboard/dist/BMSDashboard/_internal/PyQt6/Qt6/qml/QtQuick/Controls/Imagine/ToolTip.qml	.qml	1923	7974a2627d2ec77c
BMS_Dashboard/dist/BMSDashboard/_internal/PyQt6/Qt6/qml/QtQuick/Controls/Imagine/Tumbler.qml	.qml	2324	cfd3976256a79734
BMS_Dashboard/dist/BMSDashboard/_internal/PyQt6/Qt6/qml/QtQuick/Controls/Imagine/VerticalHeaderView.qml	.qml	1463	82f713c9cdd7b32b
BMS_Dashboard/dist/BMSDashboard/_internal/PyQt6/Qt6/qml/QtQuick/Controls/Imagine/impl/OpacityMask.qml	.qml	876	4814e75b575ade19
BMS_Dashboard/dist/BMSDashboard/_internal/PyQt6/Qt6/qml/QtQuick/Controls/Imagine/impl/QuickControls2ImagineStyleImpl.qmltypes	.qmltypes	215	a96c7bf5832767bd
BMS_Dashboard/dist/BMSDashboard/_internal/PyQt6/Qt6/qml/QtQuick/Controls/Imagine/impl/qmldir		375	74a6003b37020994
BMS_Dashboard/dist/BMSDashboard/_internal/PyQt6/Qt6/qml/QtQuick/Controls/Imagine/impl/qtquickcontrols2imaginestyleimplplugin.dll	.dll	130	cbc9b1a5666294af
BMS_Dashboard/dist/BMSDashboard/_internal/PyQt6/Qt6/qml/QtQuick/Controls/Imagine/plugins.qmltypes	.qmltypes	1347	2e1f7def68a0692c
BMS_Dashboard/dist/BMSDashboard/_internal/PyQt6/Qt6/qml/QtQuick/Controls/Imagine/qmldir		3229	e22e6ffe6b2b6f1b
BMS_Dashboard/dist/BMSDashboard/_internal/PyQt6/Qt6/qml/QtQuick/Controls/Imagine/qtquickcontrols2imaginestyleplugin.dll	.dll	130	c2b7017b3f55cb2e
BMS_Dashboard/dist/BMSDashboard/_internal/PyQt6/Qt6/qml/QtQuick/Controls/Material/ApplicationWindow.qml	.qml	322	9854c2a9dcf12601
BMS_Dashboard/dist/BMSDashboard/_internal/PyQt6/Qt6/qml/QtQuick/Controls/Material/BusyIndicator.qml	.qml	967	be409540e710b611
BMS_Dashboard/dist/BMSDashboard/_internal/PyQt6/Qt6/qml/QtQuick/Controls/Material/Button.qml	.qml	3365	79c2e25910be807f
BMS_Dashboard/dist/BMSDashboard/_internal/PyQt6/Qt6/qml/QtQuick/Controls/Material/CheckBox.qml	.qml	1969	51d67f569de20cd6
BMS_Dashboard/dist/BMSDashboard/_internal/PyQt6/Qt6/qml/QtQuick/Controls/Material/CheckDelegate.qml	.qml	2334	994a4581969b9932
BMS_Dashboard/dist/BMSDashboard/_internal/PyQt6/Qt6/qml/QtQuick/Controls/Material/ComboBox.qml	.qml	4897	0c0e5a62c9f6cb34
BMS_Dashboard/dist/BMSDashboard/_internal/PyQt6/Qt6/qml/QtQuick/Controls/Material/DelayButton.qml	.qml	2822	fd46b2e73feaeecb
BMS_Dashboard/dist/BMSDashboard/_internal/PyQt6/Qt6/qml/QtQuick/Controls/Material/Dial.qml	.qml	1834	c2622cd6d10c3176
BMS_Dashboard/dist/BMSDashboard/_internal/PyQt6/Qt6/qml/QtQuick/Controls/Material/Dialog.qml	.qml	3340	93f0f04d252838cc
BMS_Dashboard/dist/BMSDashboard/_internal/PyQt6/Qt6/qml/QtQuick/Controls/Material/DialogButtonBox.qml	.qml	1608	de0ba2132936d7d0
BMS_Dashboard/dist/BMSDashboard/_internal/PyQt6/Qt6/qml/QtQuick/Controls/Material/Drawer.qml	.qml	2201	577f55a32234ca23
BMS_Dashboard/dist/BMSDashboard/_internal/PyQt6/Qt6/qml/QtQuick/Controls/Material/Frame.qml	.qml	1175	aea6cc8ea8123d16
BMS_Dashboard/dist/BMSDashboard/_internal/PyQt6/Qt6/qml/QtQuick/Controls/Material/GroupBox.qml	.qml	1896	709a6d502b0530a2
BMS_Dashboard/dist/BMSDashboard/_internal/PyQt6/Qt6/qml/QtQuick/Controls/Material/HorizontalHeaderView.qml	.qml	1593	52ea32297b574cc6
BMS_Dashboard/dist/BMSDashboard/_internal/PyQt6/Qt6/qml/QtQuick/Controls/Material/ItemDelegate.qml	.qml	1848	fb3e95a866a1830c
BMS_Dashboard/dist/BMSDashboard/_internal/PyQt6/Qt6/qml/QtQuick/Controls/Material/Label.qml	.qml	355	8327586c8089f71e
BMS_Dashboard/dist/BMSDashboard/_internal/PyQt6/Qt6/qml/QtQuick/Controls/Material/Menu.qml	.qml	2584	086a616cdd4abb32
BMS_Dashboard/dist/BMSDashboard/_internal/PyQt6/Qt6/qml/QtQuick/Controls/Material/MenuBar.qml	.qml	893	4eb57422819cdf1f
BMS_Dashboard/dist/BMSDashboard/_internal/PyQt6/Qt6/qml/QtQuick/Controls/Material/MenuBarItem.qml	.qml	1707	caf6cb4bc005a847
BMS_Dashboard/dist/BMSDashboard/_internal/PyQt6/Qt6/qml/QtQuick/Controls/Material/MenuItem.qml	.qml	3028	1967bfa09cf31605
BMS_Dashboard/dist/BMSDashboard/_internal/PyQt6/Qt6/qml/QtQuick/Controls/Material/MenuSeparator.qml	.qml	737	d83c8364aaced4c7
BMS_Dashboard/dist/BMSDashboard/_internal/PyQt6/Qt6/qml/QtQuick/Controls/Material/Page.qml	.qml	1137	8aecd94f73863710
BMS_Dashboard/dist/BMSDashboard/_internal/PyQt6/Qt6/qml/QtQuick/Controls/Material/PageIndicator.qml	.qml	1369	d31aa5ca74f3db70
BMS_Dashboard/dist/BMSDashboard/_internal/PyQt6/Qt6/qml/QtQuick/Controls/Material/Pane.qml	.qml	1078	f8b9215ac8595571
BMS_Dashboard/dist/BMSDashboard/_internal/PyQt6/Qt6/qml/QtQuick/Controls/Material/Popup.qml	.qml	1956	048b3e472823fc79
BMS_Dashboard/dist/BMSDashboard/_internal/PyQt6/Qt6/qml/QtQuick/Controls/Material/ProgressBar.qml	.qml	1141	395ec5c8c2723f6e
BMS_Dashboard/dist/BMSDashboard/_internal/PyQt6/Qt6/qml/QtQuick/Controls/Material/RadioButton.qml	.qml	1959	46763e6db3824fa2
BMS_Dashboard/dist/BMSDashboard/_internal/PyQt6/Qt6/qml/QtQuick/Controls/Material/RadioDelegate.qml	.qml	2321	8c06ef90f598608b
BMS_Dashboard/dist/BMSDashboard/_internal/PyQt6/Qt6/qml/QtQuick/Controls/Material/RangeSlider.qml	.qml	5807	c2b0cdd5931f13c7
BMS_Dashboard/dist/BMSDashboard/_internal/PyQt6/Qt6/qml/QtQuick/Controls/Material/RoundButton.qml	.qml	2877	71a7e174a03f4567
BMS_Dashboard/dist/BMSDashboard/_internal/PyQt6/Qt6/qml/QtQuick/Controls/Material/ScrollBar.qml	.qml	2076	5fa77b490cdaa4d9
BMS_Dashboard/dist/BMSDashboard/_internal/PyQt6/Qt6/qml/QtQuick/Controls/Material/ScrollIndicator.qml	.qml	1276	c66af7f116fc3716
BMS_Dashboard/dist/BMSDashboard/_internal/PyQt6/Qt6/qml/QtQuick/Controls/Material/ScrollView.qml	.qml	1024	5744512d0163200f
BMS_Dashboard/dist/BMSDashboard/_internal/PyQt6/Qt6/qml/QtQuick/Controls/Material/SelectionRectangle.qml	.qml	848	5f0db579bb6105a6
BMS_Dashboard/dist/BMSDashboard/_internal/PyQt6/Qt6/qml/QtQuick/Controls/Material/Slider.qml	.qml	4834	9dcc445f2d59820b
BMS_Dashboard/dist/BMSDashboard/_internal/PyQt6/Qt6/qml/QtQuick/Controls/Material/SpinBox.qml	.qml	4546	f7c8d659575897fa
BMS_Dashboard/dist/BMSDashboard/_internal/PyQt6/Qt6/qml/QtQuick/Controls/Material/SplitView.qml	.qml	1600	23e4643da77856c2
BMS_Dashboard/dist/BMSDashboard/_internal/PyQt6/Qt6/qml/QtQuick/Controls/Material/StackView.qml	.qml	1678	58736ae551c0f473
BMS_Dashboard/dist/BMSDashboard/_internal/PyQt6/Qt6/qml/QtQuick/Controls/Material/SwipeDelegate.qml	.qml	2155	b40cb458f814d1d2
BMS_Dashboard/dist/BMSDashboard/_internal/PyQt6/Qt6/qml/QtQuick/Controls/Material/SwipeView.qml	.qml	1157	7fe4180886b9c620
BMS_Dashboard/dist/BMSDashboard/_internal/PyQt6/Qt6/qml/QtQuick/Controls/Material/Switch.qml	.qml	2367	235acc1c01097930
BMS_Dashboard/dist/BMSDashboard/_internal/PyQt6/Qt6/qml/QtQuick/Controls/Material/SwitchDelegate.qml	.qml	2373	8cb10e96223f3ddc
BMS_Dashboard/dist/BMSDashboard/_internal/PyQt6/Qt6/qml/QtQuick/Controls/Material/TabBar.qml	.qml	1736	81c20ed0a2d18a2f
BMS_Dashboard/dist/BMSDashboard/_internal/PyQt6/Qt6/qml/QtQuick/Controls/Material/TabButton.qml	.qml	1496	0ecd0b83b3ff5af5
BMS_Dashboard/dist/BMSDashboard/_internal/PyQt6/Qt6/qml/QtQuick/Controls/Material/TextArea.qml	.qml	4256	e8a0c55cccf1c870
BMS_Dashboard/dist/BMSDashboard/_internal/PyQt6/Qt6/qml/QtQuick/Controls/Material/TextField.qml	.qml	3724	bacecb701c7ce15e
BMS_Dashboard/dist/BMSDashboard/_internal/PyQt6/Qt6/qml/QtQuick/Controls/Material/ToolBar.qml	.qml	978	cbd963bf6edb5c8c
BMS_Dashboard/dist/BMSDashboard/_internal/PyQt6/Qt6/qml/QtQuick/Controls/Material/ToolButton.qml	.qml	1869	5b55bbbc12491dc0
BMS_Dashboard/dist/BMSDashboard/_internal/PyQt6/Qt6/qml/QtQuick/Controls/Material/ToolSeparator.qml	.qml	841	def7296678a7d926
BMS_Dashboard/dist/BMSDashboard/_internal/PyQt6/Qt6/qml/QtQuick/Controls/Material/ToolTip.qml	.qml	1516	1654e60b328c0396
BMS_Dashboard/dist/BMSDashboard/_internal/PyQt6/Qt6/qml/QtQuick/Controls/Material/TreeViewDelegate.qml	.qml	4458	7c85268af85a479d
BMS_Dashboard/dist/BMSDashboard/_internal/PyQt6/Qt6/qml/QtQuick/Controls/Material/Tumbler.qml	.qml	1574	f14bfb734dbbf24c
BMS_Dashboard/dist/BMSDashboard/_internal/PyQt6/Qt6/qml/QtQuick/Controls/Material/VerticalHeaderView.qml	.qml	1584	3164fd0040b90abc
BMS_Dashboard/dist/BMSDashboard/_internal/PyQt6/Qt6/qml/QtQuick/Controls/Material/impl/BoxShadow.qml	.qml	1674	8e261daa4e56ffbc
BMS_Dashboard/dist/BMSDashboard/_internal/PyQt6/Qt6/qml/QtQuick/Controls/Material/impl/CheckIndicator.qml	.qml	2425	dddd1b2bed0f85e2
BMS_Dashboard/dist/BMSDashboard/_internal/PyQt6/Qt6/qml/QtQuick/Controls/Material/impl/CursorDelegate.qml	.qml	958	647579603420900d
BMS_Dashboard/dist/BMSDashboard/_internal/PyQt6/Qt6/qml/QtQuick/Controls/Material/impl/ElevationEffect.qml	.qml	8360	8e87b8131c413dc1
BMS_Dashboard/dist/BMSDashboard/_internal/PyQt6/Qt6/qml/QtQuick/Controls/Material/impl/RadioIndicator.qml	.qml	1470	2b3c9bf73764a2a3
BMS_Dashboard/dist/BMSDashboard/_internal/PyQt6/Qt6/qml/QtQuick/Controls/Material/impl/RectangularGlow.qml	.qml	6474	c7203d9d18f5ee14
BMS_Dashboard/dist/BMSDashboard/_internal/PyQt6/Qt6/qml/QtQuick/Controls/Material/impl/RoundedElevationEffect.qml	.qml	1728	0dfdba3a27984357
BMS_Dashboard/dist/BMSDashboard/_internal/PyQt6/Qt6/qml/QtQuick/Controls/Material/impl/SliderHandle.qml	.qml	1196	37d92806c50bfbbb
BMS_Dashboard/dist/BMSDashboard/_internal/PyQt6/Qt6/qml/QtQuick/Controls/Material/impl/SwitchIndicator.qml	.qml	4122	89fc6b27d6ad2bca
BMS_Dashboard/dist/BMSDashboard/_internal/PyQt6/Qt6/qml/QtQuick/Controls/Material/impl/plugins.qmltypes	.qmltypes	10908	b79ffa7c8743a654
BMS_Dashboard/dist/BMSDashboard/_internal/PyQt6/Qt6/qml/QtQuick/Controls/Material/impl/qmldir		1047	ebfda309aaf97d0f
BMS_Dashboard/dist/BMSDashboard/_internal/PyQt6/Qt6/qml/QtQuick/Controls/Material/impl/qtquickcontrols2materialstyleimplplugin.dll	.dll	130	d462c59589841b52
BMS_Dashboard/dist/BMSDashboard/_internal/PyQt6/Qt6/qml/QtQuick/Controls/Material/plugins.qmltypes	.qmltypes	21644	8900c9f85be7675f
BMS_Dashboard/dist/BMSDashboard/_internal/PyQt6/Qt6/qml/QtQuick/Controls/Material/qmldir		3451	0a1fdec78d593c92
BMS_Dashboard/dist/BMSDashboard/_internal/PyQt6/Qt6/qml/QtQuick/Controls/Material/qtquickcontrols2materialstyleplugin.dll	.dll	130	2e597ce96e3efc27
BMS_Dashboard/dist/BMSDashboard/_internal/PyQt6/Qt6/qml/QtQuick/Controls/Universal/ApplicationWindow.qml	.qml	594	434c1436e8bacbfc
BMS_Dashboard/dist/BMSDashboard/_internal/PyQt6/Qt6/qml/QtQuick/Controls/Universal/BusyIndicator.qml	.qml	942	c7d3c791f386ed53
BMS_Dashboard/dist/BMSDashboard/_internal/PyQt6/Qt6/qml/QtQuick/Controls/Universal/Button.qml	.qml	1891	c1c51d992c442823
BMS_Dashboard/dist/BMSDashboard/_internal/PyQt6/Qt6/qml/QtQuick/Controls/Universal/CheckBox.qml	.qml	1545	1f8e563a0ee31e1a
BMS_Dashboard/dist/BMSDashboard/_internal/PyQt6/Qt6/qml/QtQuick/Controls/Universal/CheckDelegate.qml	.qml	2459	c5d6893db1af7b68
BMS_Dashboard/dist/BMSDashboard/_internal/PyQt6/Qt6/qml/QtQuick/Controls/Universal/ComboBox.qml	.qml	5333	63c06ce350c524b9
BMS_Dashboard/dist/BMSDashboard/_internal/PyQt6/Qt6/qml/QtQuick/Controls/Universal/DelayButton.qml	.qml	1907	d11d1a2fd0536f3c
BMS_Dashboard/dist/BMSDashboard/_internal/PyQt6/Qt6/qml/QtQuick/Controls/Universal/Dial.qml	.qml	1943	d1891c176184c776
BMS_Dashboard/dist/BMSDashboard/_internal/PyQt6/Qt6/qml/QtQuick/Controls/Universal/Dialog.qml	.qml	1817	f08bce7c2e1ea045
BMS_Dashboard/dist/BMSDashboard/_internal/PyQt6/Qt6/qml/QtQuick/Controls/Universal/DialogButtonBox.qml	.qml	1480	84c9ad87fee0243a
BMS_Dashboard/dist/BMSDashboard/_internal/PyQt6/Qt6/qml/QtQuick/Controls/Universal/Drawer.qml	.qml	1587	7c3e519a8ff6321c
BMS_Dashboard/dist/BMSDashboard/_internal/PyQt6/Qt6/qml/QtQuick/Controls/Universal/Frame.qml	.qml	700	c6f23c5ea1cb80b3
BMS_Dashboard/dist/BMSDashboard/_internal/PyQt6/Qt6/qml/QtQuick/Controls/Universal/GroupBox.qml	.qml	1349	0b6ca748bb35817e
BMS_Dashboard/dist/BMSDashboard/_internal/PyQt6/Qt6/qml/QtQuick/Controls/Universal/HorizontalHeaderView.qml	.qml	1618	15d0d4ba073af507
BMS_Dashboard/dist/BMSDashboard/_internal/PyQt6/Qt6/qml/QtQuick/Controls/Universal/ItemDelegate.qml	.qml	1934	b8bfec80e78cc170
BMS_Dashboard/dist/BMSDashboard/_internal/PyQt6/Qt6/qml/QtQuick/Controls/Universal/Label.qml	.qml	359	72ea0ec5d3944615
BMS_Dashboard/dist/BMSDashboard/_internal/PyQt6/Qt6/qml/QtQuick/Controls/Universal/Menu.qml	.qml	1452	997672fbaac245e8
BMS_Dashboard/dist/BMSDashboard/_internal/PyQt6/Qt6/qml/QtQuick/Controls/Universal/MenuBar.qml	.qml	863	faa746fafa2ba79b
BMS_Dashboard/dist/BMSDashboard/_internal/PyQt6/Qt6/qml/QtQuick/Controls/Universal/MenuBarItem.qml	.qml	1847	f892ee268ea5e0f0
BMS_Dashboard/dist/BMSDashboard/_internal/PyQt6/Qt6/qml/QtQuick/Controls/Universal/MenuItem.qml	.qml	3313	34f9886cbd02998a
BMS_Dashboard/dist/BMSDashboard/_internal/PyQt6/Qt6/qml/QtQuick/Controls/Universal/MenuSeparator.qml	.qml	864	273a37cf26ac061d
BMS_Dashboard/dist/BMSDashboard/_internal/PyQt6/Qt6/qml/QtQuick/Controls/Universal/Page.qml	.qml	922	b9b0ef7f2fd8fa93
BMS_Dashboard/dist/BMSDashboard/_internal/PyQt6/Qt6/qml/QtQuick/Controls/Universal/PageIndicator.qml	.qml	1130	553ba411460c669a
BMS_Dashboard/dist/BMSDashboard/_internal/PyQt6/Qt6/qml/QtQuick/Controls/Universal/Pane.qml	.qml	651	a3a0779c9bd18517
BMS_Dashboard/dist/BMSDashboard/_internal/PyQt6/Qt6/qml/QtQuick/Controls/Universal/Popup.qml	.qml	947	700885d035463f0b
BMS_Dashboard/dist/BMSDashboard/_internal/PyQt6/Qt6/qml/QtQuick/Controls/Universal/ProgressBar.qml	.qml	1103	1745120ba9d39441
BMS_Dashboard/dist/BMSDashboard/_internal/PyQt6/Qt6/qml/QtQuick/Controls/Universal/RadioButton.qml	.qml	1548	2d05f8458ca0825f
BMS_Dashboard/dist/BMSDashboard/_internal/PyQt6/Qt6/qml/QtQuick/Controls/Universal/RadioDelegate.qml	.qml	2459	28f3477c367b54f3
BMS_Dashboard/dist/BMSDashboard/_internal/PyQt6/Qt6/qml/QtQuick/Controls/Universal/RangeSlider.qml	.qml	4030	8619975d27f0544a
BMS_Dashboard/dist/BMSDashboard/_internal/PyQt6/Qt6/qml/QtQuick/Controls/Universal/RoundButton.qml	.qml	1929	0f9b601705b40058
BMS_Dashboard/dist/BMSDashboard/_internal/PyQt6/Qt6/qml/QtQuick/Controls/Universal/ScrollBar.qml	.qml	2125	87db396e27c50e22
BMS_Dashboard/dist/BMSDashboard/_internal/PyQt6/Qt6/qml/QtQuick/Controls/Universal/ScrollIndicator.qml	.qml	1385	8327347a446bb1bc
BMS_Dashboard/dist/BMSDashboard/_internal/PyQt6/Qt6/qml/QtQuick/Controls/Universal/ScrollView.qml	.qml	1024	5744512d0163200f
BMS_Dashboard/dist/BMSDashboard/_internal/PyQt6/Qt6/qml/QtQuick/Controls/Universal/SelectionRectangle.qml	.qml	983	45e81eed45093c4b
BMS_Dashboard/dist/BMSDashboard/_internal/PyQt6/Qt6/qml/QtQuick/Controls/Universal/Slider.qml	.qml	2966	ab5e1eb18a3799bc
BMS_Dashboard/dist/BMSDashboard/_internal/PyQt6/Qt6/qml/QtQuick/Controls/Universal/SpinBox.qml	.qml	4871	462dddf3d48215c2
BMS_Dashboard/dist/BMSDashboard/_internal/PyQt6/Qt6/qml/QtQuick/Controls/Universal/SplitView.qml	.qml	996	34cddd23c94fd3d4
BMS_Dashboard/dist/BMSDashboard/_internal/PyQt6/Qt6/qml/QtQuick/Controls/Universal/StackView.qml	.qml	1705	43fb8e86875f8d15
BMS_Dashboard/dist/BMSDashboard/_internal/PyQt6/Qt6/qml/QtQuick/Controls/Universal/SwipeDelegate.qml	.qml	2118	484d781374d7439c
BMS_Dashboard/dist/BMSDashboard/_internal/PyQt6/Qt6/qml/QtQuick/Controls/Universal/Switch.qml	.qml	1544	ef01a81ddec31e25
BMS_Dashboard/dist/BMSDashboard/_internal/PyQt6/Qt6/qml/QtQuick/Controls/Universal/SwitchDelegate.qml	.qml	2461	c1adb7c235aacf2c
BMS_Dashboard/dist/BMSDashboard/_internal/PyQt6/Qt6/qml/QtQuick/Controls/Universal/TabBar.qml	.qml	1182	eb301a1fcd62ace3
BMS_Dashboard/dist/BMSDashboard/_internal/PyQt6/Qt6/qml/QtQuick/Controls/Universal/TabButton.qml	.qml	1395	42d27355f692c13a
BMS_Dashboard/dist/BMSDashboard/_internal/PyQt6/Qt6/qml/QtQuick/Controls/Universal/TextArea.qml	.qml	2601	3819788d39b99526
BMS_Dashboard/dist/BMSDashboard/_internal/PyQt6/Qt6/qml/QtQuick/Controls/Universal/TextField.qml	.qml	2584	c6eb4822baa7ab20
BMS_Dashboard/dist/BMSDashboard/_internal/PyQt6/Qt6/qml/QtQuick/Controls/Universal/ToolBar.qml	.qml	699	5d124f522e77b8ac
BMS_Dashboard/dist/BMSDashboard/_internal/PyQt6/Qt6/qml/QtQuick/Controls/Universal/ToolButton.qml	.qml	1603	33231e0fa3578319
BMS_Dashboard/dist/BMSDashboard/_internal/PyQt6/Qt6/qml/QtQuick/Controls/Universal/ToolSeparator.qml	.qml	914	e4abf27d26dab355
BMS_Dashboard/dist/BMSDashboard/_internal/PyQt6/Qt6/qml/QtQuick/Controls/Universal/ToolTip.qml	.qml	1240	d724b6fe6c47c064
BMS_Dashboard/dist/BMSDashboard/_internal/PyQt6/Qt6/qml/QtQuick/Controls/Universal/Tumbler.qml	.qml	1666	c613317c3ef9e027
BMS_Dashboard/dist/BMSDashboard/_internal/PyQt6/Qt6/qml/QtQuick/Controls/Universal/VerticalHeaderView.qml	.qml	1609	07e8e5c8335bfd51
BMS_Dashboard/dist/BMSDashboard/_internal/PyQt6/Qt6/qml/QtQuick/Controls/Universal/impl/CheckIndicator.qml	.qml	2250	d46a6fc38bb83462
BMS_Dashboard/dist/BMSDashboard/_internal/PyQt6/Qt6/qml/QtQuick/Controls/Universal/impl/RadioIndicator.qml	.qml	1780	5da6a498db70ee6b
BMS_Dashboard/dist/BMSDashboard/_internal/PyQt6/Qt6/qml/QtQuick/Controls/Universal/impl/SwitchIndicator.qml	.qml	2084	de0223b09ee32d85
BMS_Dashboard/dist/BMSDashboard/_internal/PyQt6/Qt6/qml/QtQuick/Controls/Universal/impl/plugins.qmltypes	.qmltypes	3600	702cf3556be5ed83
BMS_Dashboard/dist/BMSDashboard/_internal/PyQt6/Qt6/qml/QtQuick/Controls/Universal/impl/qmldir		549	e37f9c19b700ce1b
BMS_Dashboard/dist/BMSDashboard/_internal/PyQt6/Qt6/qml/QtQuick/Controls/Universal/impl/qtquickcontrols2universalstyleimplplugin.dll	.dll	130	5ee4ec95178906d8
BMS_Dashboard/dist/BMSDashboard/_internal/PyQt6/Qt6/qml/QtQuick/Controls/Universal/plugins.qmltypes	.qmltypes	8862	1a62f7e28aa72222
BMS_Dashboard/dist/BMSDashboard/_internal/PyQt6/Qt6/qml/QtQuick/Controls/Universal/qmldir		3316	85ee8212063b212f
BMS_Dashboard/dist/BMSDashboard/_internal/PyQt6/Qt6/qml/QtQuick/Controls/Universal/qtquickcontrols2universalstyleplugin.dll	.dll	130	702e861173685bbc
BMS_Dashboard/dist/BMSDashboard/_internal/PyQt6/Qt6/qml/QtQuick/Controls/Windows/ApplicationWindow.qml	.qml	253	963603207998f106
BMS_Dashboard/dist/BMSDashboard/_internal/PyQt6/Qt6/qml/QtQuick/Controls/Windows/Button.qml	.qml	1486	46aa8157856a03d4
BMS_Dashboard/dist/BMSDashboard/_internal/PyQt6/Qt6/qml/QtQuick/Controls/Windows/CheckBox.qml	.qml	3021	60016f5c85a04b70
BMS_Dashboard/dist/BMSDashboard/_internal/PyQt6/Qt6/qml/QtQuick/Controls/Windows/CheckDelegate.qml	.qml	2793	c422956aff28098d
BMS_Dashboard/dist/BMSDashboard/_internal/PyQt6/Qt6/qml/QtQuick/Controls/Windows/ComboBox.qml	.qml	3831	5e5132d714154c69
BMS_Dashboard/dist/BMSDashboard/_internal/PyQt6/Qt6/qml/QtQuick/Controls/Windows/DelayButton.qml	.qml	2796	40e38c921f1123df
BMS_Dashboard/dist/BMSDashboard/_internal/PyQt6/Qt6/qml/QtQuick/Controls/Windows/Frame.qml	.qml	232	a7b01d73295e39fb
BMS_Dashboard/dist/BMSDashboard/_internal/PyQt6/Qt6/qml/QtQuick/Controls/Windows/GroupBox.qml	.qml	235	5f2a2b9ef0dfe1d4
BMS_Dashboard/dist/BMSDashboard/_internal/PyQt6/Qt6/qml/QtQuick/Controls/Windows/ItemDelegate.qml	.qml	379	d1e2316ccab03de8
BMS_Dashboard/dist/BMSDashboard/_internal/PyQt6/Qt6/qml/QtQuick/Controls/Windows/ProgressBar.qml	.qml	238	93d46ca3c5134e06
BMS_Dashboard/dist/BMSDashboard/_internal/PyQt6/Qt6/qml/QtQuick/Controls/Windows/RadioButton.qml	.qml	238	133f2d1cc5648252
BMS_Dashboard/dist/BMSDashboard/_internal/PyQt6/Qt6/qml/QtQuick/Controls/Windows/RadioDelegate.qml	.qml	442	a48eb109a1f15a6d
BMS_Dashboard/dist/BMSDashboard/_internal/PyQt6/Qt6/qml/QtQuick/Controls/Windows/RangeSlider.qml	.qml	4571	6e4e0250e7ce06ea
BMS_Dashboard/dist/BMSDashboard/_internal/PyQt6/Qt6/qml/QtQuick/Controls/Windows/ScrollBar.qml	.qml	3652	d908207cbc101623
BMS_Dashboard/dist/BMSDashboard/_internal/PyQt6/Qt6/qml/QtQuick/Controls/Windows/ScrollView.qml	.qml	1347	239bc55cbbe43d0f
BMS_Dashboard/dist/BMSDashboard/_internal/PyQt6/Qt6/qml/QtQuick/Controls/Windows/SelectionRectangle.qml	.qml	915	68f3e5615988adda
BMS_Dashboard/dist/BMSDashboard/_internal/PyQt6/Qt6/qml/QtQuick/Controls/Windows/Slider.qml	.qml	233	01c8abcc978068d1
BMS_Dashboard/dist/BMSDashboard/_internal/PyQt6/Qt6/qml/QtQuick/Controls/Windows/SpinBox.qml	.qml	3397	afcf7080da4d7f04
BMS_Dashboard/dist/BMSDashboard/_internal/PyQt6/Qt6/qml/QtQuick/Controls/Windows/Switch.qml	.qml	1375	698909596363142b
BMS_Dashboard/dist/BMSDashboard/_internal/PyQt6/Qt6/qml/QtQuick/Controls/Windows/SwitchDelegate.qml	.qml	1651	f17e9220d896e6da
BMS_Dashboard/dist/BMSDashboard/_internal/PyQt6/Qt6/qml/QtQuick/Controls/Windows/TextArea.qml	.qml	235	18023e9a06a1a424
BMS_Dashboard/dist/BMSDashboard/_internal/PyQt6/Qt6/qml/QtQuick/Controls/Windows/TextField.qml	.qml	236	17e1cc642f58ad68
BMS_Dashboard/dist/BMSDashboard/_internal/PyQt6/Qt6/qml/QtQuick/Controls/Windows/plugins.qmltypes	.qmltypes	215	a96c7bf5832767bd
BMS_Dashboard/dist/BMSDashboard/_internal/PyQt6/Qt6/qml/QtQuick/Controls/Windows/qmldir		1615	97f90b117875307f
BMS_Dashboard/dist/BMSDashboard/_internal/PyQt6/Qt6/qml/QtQuick/Controls/Windows/qtquickcontrols2windowsstyleplugin.dll	.dll	131	e8cc5232028dad77
BMS_Dashboard/dist/BMSDashboard/_internal/PyQt6/Qt6/qml/QtQuick/Controls/designer/AbstractButtonSection.qml	.qml	2758	c9edf38dc9d94dc0
BMS_Dashboard/dist/BMSDashboard/_internal/PyQt6/Qt6/qml/QtQuick/Controls/designer/BusyIndicatorSpecifics.qml	.qml	947	10b9e132618e2ff9
BMS_Dashboard/dist/BMSDashboard/_internal/PyQt6/Qt6/qml/QtQuick/Controls/designer/ButtonSection.qml	.qml	1208	22a2349855e4c27a
BMS_Dashboard/dist/BMSDashboard/_internal/PyQt6/Qt6/qml/QtQuick/Controls/designer/ButtonSpecifics.qml	.qml	523	f6a488786bf43679
BMS_Dashboard/dist/BMSDashboard/_internal/PyQt6/Qt6/qml/QtQuick/Controls/designer/CheckBoxSpecifics.qml	.qml	556	c27ac4aabb5c6a50
BMS_Dashboard/dist/BMSDashboard/_internal/PyQt6/Qt6/qml/QtQuick/Controls/designer/CheckDelegateSpecifics.qml	.qml	622	e7ceaa9380bbc13f
BMS_Dashboard/dist/BMSDashboard/_internal/PyQt6/Qt6/qml/QtQuick/Controls/designer/CheckSection.qml	.qml	987	73c1fa58c5b9b9ab
BMS_Dashboard/dist/BMSDashboard/_internal/PyQt6/Qt6/qml/QtQuick/Controls/designer/ComboBoxSpecifics.qml	.qml	2365	7c31482e9d52d093
BMS_Dashboard/dist/BMSDashboard/_internal/PyQt6/Qt6/qml/QtQuick/Controls/designer/ContainerSection.qml	.qml	671	a8977c5101b1b53a
BMS_Dashboard/dist/BMSDashboard/_internal/PyQt6/Qt6/qml/QtQuick/Controls/designer/ControlSection.qml	.qml	2517	fcd66bebee4078a9
BMS_Dashboard/dist/BMSDashboard/_internal/PyQt6/Qt6/qml/QtQuick/Controls/designer/ControlSpecifics.qml	.qml	405	f4ec3d66453519b0
BMS_Dashboard/dist/BMSDashboard/_internal/PyQt6/Qt6/qml/QtQuick/Controls/designer/DelayButtonSpecifics.qml	.qml	1049	7d306017b44353d6
BMS_Dashboard/dist/BMSDashboard/_internal/PyQt6/Qt6/qml/QtQuick/Controls/designer/DialSpecifics.qml	.qml	4171	e667e2417add6b8a
BMS_Dashboard/dist/BMSDashboard/_internal/PyQt6/Qt6/qml/QtQuick/Controls/designer/FrameSpecifics.qml	.qml	458	cf82043478d7a936
BMS_Dashboard/dist/BMSDashboard/_internal/PyQt6/Qt6/qml/QtQuick/Controls/designer/GroupBoxSpecifics.qml	.qml	896	086fbe6453c40393
BMS_Dashboard/dist/BMSDashboard/_internal/PyQt6/Qt6/qml/QtQuick/Controls/designer/InsetSection.qml	.qml	2350	5bb0d18a5da1e4f8
BMS_Dashboard/dist/BMSDashboard/_internal/PyQt6/Qt6/qml/QtQuick/Controls/designer/ItemDelegateSection.qml	.qml	657	85d8985e5cc7da9f
BMS_Dashboard/dist/BMSDashboard/_internal/PyQt6/Qt6/qml/QtQuick/Controls/designer/ItemDelegateSpecifics.qml	.qml	529	bc529996a7f9b665
BMS_Dashboard/dist/BMSDashboard/_internal/PyQt6/Qt6/qml/QtQuick/Controls/designer/LabelSpecifics.qml	.qml	1131	77cb080a7dddb4ef
BMS_Dashboard/dist/BMSDashboard/_internal/PyQt6/Qt6/qml/QtQuick/Controls/designer/PaddingSection.qml	.qml	1974	cd181569256a4d90
BMS_Dashboard/dist/BMSDashboard/_internal/PyQt6/Qt6/qml/QtQuick/Controls/designer/PageIndicatorSpecifics.qml	.qml	1760	2c94e215ee79da75
BMS_Dashboard/dist/BMSDashboard/_internal/PyQt6/Qt6/qml/QtQuick/Controls/designer/PageSpecifics.qml	.qml	1805	3a2d776b619510ea
BMS_Dashboard/dist/BMSDashboard/_internal/PyQt6/Qt6/qml/QtQuick/Controls/designer/PaneSection.qml	.qml	1140	278acf41ddd2d7fb
BMS_Dashboard/dist/BMSDashboard/_internal/PyQt6/Qt6/qml/QtQuick/Controls/designer/PaneSpecifics.qml	.qml	458	cf82043478d7a936
BMS_Dashboard/dist/BMSDashboard/_internal/PyQt6/Qt6/qml/QtQuick/Controls/designer/ProgressBarSpecifics.qml	.qml	2596	3757b83f45040888
BMS_Dashboard/dist/BMSDashboard/_internal/PyQt6/Qt6/qml/QtQuick/Controls/designer/RadioButtonSpecifics.qml	.qml	468	1c751e2dc4863d21
BMS_Dashboard/dist/BMSDashboard/_internal/PyQt6/Qt6/qml/QtQuick/Controls/designer/RadioDelegateSpecifics.qml	.qml	529	bc529996a7f9b665
BMS_Dashboard/dist/BMSDashboard/_internal/PyQt6/Qt6/qml/QtQuick/Controls/designer/RangeSliderSpecifics.qml	.qml	4971	7c9fd80ccd3b8766
BMS_Dashboard/dist/BMSDashboard/_internal/PyQt6/Qt6/qml/QtQuick/Controls/designer/RoundButtonSpecifics.qml	.qml	1067	be818733df7d4bf4
BMS_Dashboard/dist/BMSDashboard/_internal/PyQt6/Qt6/qml/QtQuick/Controls/designer/ScrollViewSpecifics.qml	.qml	1499	11cabb438842c142
BMS_Dashboard/dist/BMSDashboard/_internal/PyQt6/Qt6/qml/QtQuick/Controls/designer/SliderSpecifics.qml	.qml	4668	6cecd020a10d8bfd
BMS_Dashboard/dist/BMSDashboard/_internal/PyQt6/Qt6/qml/QtQuick/Controls/designer/SpinBoxSpecifics.qml	.qml	3173	8ac9196cd63cc43a
BMS_Dashboard/dist/BMSDashboard/_internal/PyQt6/Qt6/qml/QtQuick/Controls/designer/StackViewSpecifics.qml	.qml	405	f4ec3d66453519b0
BMS_Dashboard/dist/BMSDashboard/_internal/PyQt6/Qt6/qml/QtQuick/Controls/designer/SwipeDelegateSpecifics.qml	.qml	529	bc529996a7f9b665
BMS_Dashboard/dist/BMSDashboard/_internal/PyQt6/Qt6/qml/QtQuick/Controls/designer/SwipeViewSpecifics.qml	.qml	1403	124b28159521cae2
BMS_Dashboard/dist/BMSDashboard/_internal/PyQt6/Qt6/qml/QtQuick/Controls/designer/SwitchDelegateSpecifics.qml	.qml	476	a3d2a22216134cc6
BMS_Dashboard/dist/BMSDashboard/_internal/PyQt6/Qt6/qml/QtQuick/Controls/designer/SwitchSpecifics.qml	.qml	468	1c751e2dc4863d21
BMS_Dashboard/dist/BMSDashboard/_internal/PyQt6/Qt6/qml/QtQuick/Controls/designer/TabBarSpecifics.qml	.qml	1962	ea77faff77e982c5
BMS_Dashboard/dist/BMSDashboard/_internal/PyQt6/Qt6/qml/QtQuick/Controls/designer/TabButtonSpecifics.qml	.qml	468	1c751e2dc4863d21
BMS_Dashboard/dist/BMSDashboard/_internal/PyQt6/Qt6/qml/QtQuick/Controls/designer/TextAreaSpecifics.qml	.qml	1727	4b28082d90651d6a
BMS_Dashboard/dist/BMSDashboard/_internal/PyQt6/Qt6/qml/QtQuick/Controls/designer/TextFieldSpecifics.qml	.qml	1631	6698c269a8182dcb
BMS_Dashboard/dist/BMSDashboard/_internal/PyQt6/Qt6/qml/QtQuick/Controls/designer/ToolBarSpecifics.qml	.qml	985	2fd9f745bc770257
BMS_Dashboard/dist/BMSDashboard/_internal/PyQt6/Qt6/qml/QtQuick/Controls/designer/ToolButtonSpecifics.qml	.qml	523	f6a488786bf43679
BMS_Dashboard/dist/BMSDashboard/_internal/PyQt6/Qt6/qml/QtQuick/Controls/designer/ToolSeparatorSpecifics.qml	.qml	901	5a81bef653915dfa
BMS_Dashboard/dist/BMSDashboard/_internal/PyQt6/Qt6/qml/QtQuick/Controls/designer/TumblerSpecifics.qml	.qml	1802	55389f8a5899a2bf
BMS_Dashboard/dist/BMSDashboard/_internal/PyQt6/Qt6/qml/QtQuick/Controls/designer/images/busyindicator-icon.png	.png	320	02e0fa98254896d8
BMS_Dashboard/dist/BMSDashboard/_internal/PyQt6/Qt6/qml/QtQuick/Controls/designer/images/busyindicator-icon16.png	.png	229	2733397b655e5ce5
BMS_Dashboard/dist/BMSDashboard/_internal/PyQt6/Qt6/qml/QtQuick/Controls/designer/images/busyindicator-icon@2x.png	.png	643	e0cdd5067406a7af
BMS_Dashboard/dist/BMSDashboard/_internal/PyQt6/Qt6/qml/QtQuick/Controls/designer/images/button-icon.png	.png	162	8b570afcf93f9ff7
BMS_Dashboard/dist/BMSDashboard/_internal/PyQt6/Qt6/qml/QtQuick/Controls/designer/images/button-icon16.png	.png	145	bebdee848cf1b604
BMS_Dashboard/dist/BMSDashboard/_internal/PyQt6/Qt6/qml/QtQuick/Controls/designer/images/button-icon@2x.png	.png	259	82c19b31bb0aed75
BMS_Dashboard/dist/BMSDashboard/_internal/PyQt6/Qt6/qml/QtQuick/Controls/designer/images/checkbox-icon.png	.png	258	1311dd9623d476fa
BMS_Dashboard/dist/BMSDashboard/_internal/PyQt6/Qt6/qml/QtQuick/Controls/designer/images/checkbox-icon16.png	.png	230	c79b4b9c3c7c95c8
BMS_Dashboard/dist/BMSDashboard/_internal/PyQt6/Qt6/qml/QtQuick/Controls/designer/images/checkbox-icon@2x.png	.png	336	81497dec610fba40
BMS_Dashboard/dist/BMSDashboard/_internal/PyQt6/Qt6/qml/QtQuick/Controls/designer/images/combobox-icon.png	.png	156	1339f0ee67af4817
BMS_Dashboard/dist/BMSDashboard/_internal/PyQt6/Qt6/qml/QtQuick/Controls/designer/images/combobox-icon16.png	.png	155	5c8669bbaf53135c
BMS_Dashboard/dist/BMSDashboard/_internal/PyQt6/Qt6/qml/QtQuick/Controls/designer/images/combobox-icon@2x.png	.png	185	2a55b72a3bc42ab0
BMS_Dashboard/dist/BMSDashboard/_internal/PyQt6/Qt6/qml/QtQuick/Controls/designer/images/control-icon.png	.png	293	4b419bed449885a9
BMS_Dashboard/dist/BMSDashboard/_internal/PyQt6/Qt6/qml/QtQuick/Controls/designer/images/control-icon16.png	.png	229	9879d4655024afc5
BMS_Dashboard/dist/BMSDashboard/_internal/PyQt6/Qt6/qml/QtQuick/Controls/designer/images/control-icon@2x.png	.png	509	8c807c9b566f1a00
BMS_Dashboard/dist/BMSDashboard/_internal/PyQt6/Qt6/qml/QtQuick/Controls/designer/images/delaybutton-icon.png	.png	189	9a87ace858844ce3
BMS_Dashboard/dist/BMSDashboard/_internal/PyQt6/Qt6/qml/QtQuick/Controls/designer/images/delaybutton-icon16.png	.png	160	f62ab5573950155f
BMS_Dashboard/dist/BMSDashboard/_internal/PyQt6/Qt6/qml/QtQuick/Controls/designer/images/delaybutton-icon@2x.png	.png	286	53f0385b1e5aca0f
BMS_Dashboard/dist/BMSDashboard/_internal/PyQt6/Qt6/qml/QtQuick/Controls/designer/images/dial-icon.png	.png	267	b920792965b82f5e
BMS_Dashboard/dist/BMSDashboard/_internal/PyQt6/Qt6/qml/QtQuick/Controls/designer/images/dial-icon16.png	.png	243	5d34c18970adba1c
BMS_Dashboard/dist/BMSDashboard/_internal/PyQt6/Qt6/qml/QtQuick/Controls/designer/images/dial-icon@2x.png	.png	505	8e5865dea50e264b
BMS_Dashboard/dist/BMSDashboard/_internal/PyQt6/Qt6/qml/QtQuick/Controls/designer/images/frame-icon.png	.png	121	34fa2c4574d3640e
BMS_Dashboard/dist/BMSDashboard/_internal/PyQt6/Qt6/qml/QtQuick/Controls/designer/images/frame-icon16.png	.png	117	2f8a816d42fd5f91
BMS_Dashboard/dist/BMSDashboard/_internal/PyQt6/Qt6/qml/QtQuick/Controls/designer/images/frame-icon@2x.png	.png	125	457668fc7504283b
BMS_Dashboard/dist/BMSDashboard/_internal/PyQt6/Qt6/qml/QtQuick/Controls/designer/images/groupbox-icon.png	.png	133	ff9230939eafdfc0
BMS_Dashboard/dist/BMSDashboard/_internal/PyQt6/Qt6/qml/QtQuick/Controls/designer/images/groupbox-icon16.png	.png	125	9baa51f7c2e36e6f
BMS_Dashboard/dist/BMSDashboard/_internal/PyQt6/Qt6/qml/QtQuick/Controls/designer/images/groupbox-icon@2x.png	.png	136	8bfaae84606a3b98
BMS_Dashboard/dist/BMSDashboard/_internal/PyQt6/Qt6/qml/QtQuick/Controls/designer/images/itemdelegate-icon.png	.png	127	ab5fbd265a69f34a
BMS_Dashboard/dist/BMSDashboard/_internal/PyQt6/Qt6/qml/QtQuick/Controls/designer/images/itemdelegate-icon16.png	.png	124	2ed49e5d10f3eff6
BMS_Dashboard/dist/BMSDashboard/_internal/PyQt6/Qt6/qml/QtQuick/Controls/designer/images/itemdelegate-icon@2x.png	.png	133	35cd190647589d00
BMS_Dashboard/dist/BMSDashboard/_internal/PyQt6/Qt6/qml/QtQuick/Controls/designer/images/label-icon.png	.png	206	e66830233371d21e
BMS_Dashboard/dist/BMSDashboard/_internal/PyQt6/Qt6/qml/QtQuick/Controls/designer/images/label-icon16.png	.png	182	8ce5fa2c227d57ad
BMS_Dashboard/dist/BMSDashboard/_internal/PyQt6/Qt6/qml/QtQuick/Controls/designer/images/label-icon@2x.png	.png	284	ccbc36be31ba5b57
BMS_Dashboard/dist/BMSDashboard/_internal/PyQt6/Qt6/qml/QtQuick/Controls/designer/images/page-icon.png	.png	190	671571e519d51393
BMS_Dashboard/dist/BMSDashboard/_internal/PyQt6/Qt6/qml/QtQuick/Controls/designer/images/page-icon16.png	.png	148	a1104b7c497367b0
BMS_Dashboard/dist/BMSDashboard/_internal/PyQt6/Qt6/qml/QtQuick/Controls/designer/images/page-icon@2x.png	.png	195	470c07cf07f02ed2
BMS_Dashboard/dist/BMSDashboard/_internal/PyQt6/Qt6/qml/QtQuick/Controls/designer/images/pageindicator-icon.png	.png	179	f464fa5bbc20f604
BMS_Dashboard/dist/BMSDashboard/_internal/PyQt6/Qt6/qml/QtQuick/Controls/designer/images/pageindicator-icon16.png	.png	158	c55198faacceef55
BMS_Dashboard/dist/BMSDashboard/_internal/PyQt6/Qt6/qml/QtQuick/Controls/designer/images/pageindicator-icon@2x.png	.png	207	f76d3db6e89f93b8
BMS_Dashboard/dist/BMSDashboard/_internal/PyQt6/Qt6/qml/QtQuick/Controls/designer/images/pane-icon.png	.png	93	f685a48ecce386e1
BMS_Dashboard/dist/BMSDashboard/_internal/PyQt6/Qt6/qml/QtQuick/Controls/designer/images/pane-icon16.png	.png	92	52a9fd93b93d89d5
BMS_Dashboard/dist/BMSDashboard/_internal/PyQt6/Qt6/qml/QtQuick/Controls/designer/images/pane-icon@2x.png	.png	96	b72e9b5cdd7cc922
BMS_Dashboard/dist/BMSDashboard/_internal/PyQt6/Qt6/qml/QtQuick/Controls/designer/images/progressbar-icon.png	.png	101	6b3f1da3dd4ca2cb
BMS_Dashboard/dist/BMSDashboard/_internal/PyQt6/Qt6/qml/QtQuick/Controls/designer/images/progressbar-icon16.png	.png	92	d2697968299a96ae
BMS_Dashboard/dist/BMSDashboard/_internal/PyQt6/Qt6/qml/QtQuick/Controls/designer/images/progressbar-icon@2x.png	.png	127	a7e67f219846d4f8
BMS_Dashboard/dist/BMSDashboard/_internal/PyQt6/Qt6/qml/QtQuick/Controls/designer/images/radiobutton-icon.png	.png	279	a78117cb020ca15f
BMS_Dashboard/dist/BMSDashboard/_internal/PyQt6/Qt6/qml/QtQuick/Controls/designer/images/radiobutton-icon16.png	.png	218	56d1aabb240390f3
BMS_Dashboard/dist/BMSDashboard/_internal/PyQt6/Qt6/qml/QtQuick/Controls/designer/images/radiobutton-icon@2x.png	.png	482	33a57b2b210e4000
BMS_Dashboard/dist/BMSDashboard/_internal/PyQt6/Qt6/qml/QtQuick/Controls/designer/images/rangeslider-icon.png	.png	269	6f1b5f8d94399a1b
BMS_Dashboard/dist/BMSDashboard/_internal/PyQt6/Qt6/qml/QtQuick/Controls/designer/images/rangeslider-icon16.png	.png	231	6864eb590ecdea19
BMS_Dashboard/dist/BMSDashboard/_internal/PyQt6/Qt6/qml/QtQuick/Controls/designer/images/rangeslider-icon@2x.png	.png	282	2cdbda8732e15356
BMS_Dashboard/dist/BMSDashboard/_internal/PyQt6/Qt6/qml/QtQuick/Controls/designer/images/roundbutton-icon.png	.png	229	99b9b80312b8deaf
BMS_Dashboard/dist/BMSDashboard/_internal/PyQt6/Qt6/qml/QtQuick/Controls/designer/images/roundbutton-icon16.png	.png	186	dbeb399381f205c5
BMS_Dashboard/dist/BMSDashboard/_internal/PyQt6/Qt6/qml/QtQuick/Controls/designer/images/roundbutton-icon@2x.png	.png	381	d29e2d78a95efcab
BMS_Dashboard/dist/BMSDashboard/_internal/PyQt6/Qt6/qml/QtQuick/Controls/designer/images/scrollview-icon.png	.png	110	95c391220b616e97
BMS_Dashboard/dist/BMSDashboard/_internal/PyQt6/Qt6/qml/QtQuick/Controls/designer/images/scrollview-icon16.png	.png	116	382824cb4968e384
BMS_Dashboard/dist/BMSDashboard/_internal/PyQt6/Qt6/qml/QtQuick/Controls/designer/images/scrollview-icon@2x.png	.png	145	046e91e191b4db9f
BMS_Dashboard/dist/BMSDashboard/_internal/PyQt6/Qt6/qml/QtQuick/Controls/designer/images/slider-icon.png	.png	190	62687a61fc08e488
BMS_Dashboard/dist/BMSDashboard/_internal/PyQt6/Qt6/qml/QtQuick/Controls/designer/images/slider-icon16.png	.png	156	a1f3e4c5b3955e27
BMS_Dashboard/dist/BMSDashboard/_internal/PyQt6/Qt6/qml/QtQuick/Controls/designer/images/slider-icon@2x.png	.png	227	e2549f3edf7f059c
BMS_Dashboard/dist/BMSDashboard/_internal/PyQt6/Qt6/qml/QtQuick/Controls/designer/images/spinbox-icon.png	.png	144	a4b625cf8a9514fb
BMS_Dashboard/dist/BMSDashboard/_internal/PyQt6/Qt6/qml/QtQuick/Controls/designer/images/spinbox-icon16.png	.png	151	8ad23fc81cf56182
BMS_Dashboard/dist/BMSDashboard/_internal/PyQt6/Qt6/qml/QtQuick/Controls/designer/images/spinbox-icon@2x.png	.png	178	de0d8d23a147190e
BMS_Dashboard/dist/BMSDashboard/_internal/PyQt6/Qt6/qml/QtQuick/Controls/designer/images/stackview-icon.png	.png	162	8d0ec44ba53cf381
BMS_Dashboard/dist/BMSDashboard/_internal/PyQt6/Qt6/qml/QtQuick/Controls/designer/images/stackview-icon16.png	.png	151	0becb6fb56908d6e
BMS_Dashboard/dist/BMSDashboard/_internal/PyQt6/Qt6/qml/QtQuick/Controls/designer/images/stackview-icon@2x.png	.png	167	8b196affa121b342
BMS_Dashboard/dist/BMSDashboard/_internal/PyQt6/Qt6/qml/QtQuick/Controls/designer/images/swipeview-icon.png	.png	163	e5856ad4fa95cbba
BMS_Dashboard/dist/BMSDashboard/_internal/PyQt6/Qt6/qml/QtQuick/Controls/designer/images/swipeview-icon16.png	.png	152	98dd3480608943db
BMS_Dashboard/dist/BMSDashboard/_internal/PyQt6/Qt6/qml/QtQuick/Controls/designer/images/swipeview-icon@2x.png	.png	184	c6ccb895a1fb5142
BMS_Dashboard/dist/BMSDashboard/_internal/PyQt6/Qt6/qml/QtQuick/Controls/designer/images/switch-icon.png	.png	205	c8f6d4cb1869750b
BMS_Dashboard/dist/BMSDashboard/_internal/PyQt6/Qt6/qml/QtQuick/Controls/designer/images/switch-icon16.png	.png	160	8690393a518700ce
BMS_Dashboard/dist/BMSDashboard/_internal/PyQt6/Qt6/qml/QtQuick/Controls/designer/images/switch-icon@2x.png	.png	314	77cbb8f223a8305b
BMS_Dashboard/dist/BMSDashboard/_internal/PyQt6/Qt6/qml/QtQuick/Controls/designer/images/textarea-icon.png	.png	149	5a266d70001496c2
BMS_Dashboard/dist/BMSDashboard/_internal/PyQt6/Qt6/qml/QtQuick/Controls/designer/images/textarea-icon16.png	.png	133	41e8e252abeca49b
BMS_Dashboard/dist/BMSDashboard/_internal/PyQt6/Qt6/qml/QtQuick/Controls/designer/images/textarea-icon@2x.png	.png	163	f51ce133dd7cb2ed
BMS_Dashboard/dist/BMSDashboard/_internal/PyQt6/Qt6/qml/QtQuick/Controls/designer/images/textfield-icon.png	.png	154	dd0453fd04ffa9ae
BMS_Dashboard/dist/BMSDashboard/_internal/PyQt6/Qt6/qml/QtQuick/Controls/designer/images/textfield-icon16.png	.png	147	9a8f3eb2a14ec551
BMS_Dashboard/dist/BMSDashboard/_internal/PyQt6/Qt6/qml/QtQuick/Controls/designer/images/textfield-icon@2x.png	.png	172	85b8ddbc37078a49
BMS_Dashboard/dist/BMSDashboard/_internal/PyQt6/Qt6/qml/QtQuick/Controls/designer/images/toolbar-icon.png	.png	131	091c60f6ba74899a
BMS_Dashboard/dist/BMSDashboard/_internal/PyQt6/Qt6/qml/QtQuick/Controls/designer/images/toolbar-icon16.png	.png	114	b5265d124540a03e
BMS_Dashboard/dist/BMSDashboard/_internal/PyQt6/Qt6/qml/QtQuick/Controls/designer/images/toolbar-icon@2x.png	.png	140	286a7e5f47c1f8f6
BMS_Dashboard/dist/BMSDashboard/_internal/PyQt6/Qt6/qml/QtQuick/Controls/designer/images/toolbutton-icon.png	.png	141	925d6c1f934919b5
BMS_Dashboard/dist/BMSDashboard/_internal/PyQt6/Qt6/qml/QtQuick/Controls/designer/images/toolbutton-icon16.png	.png	128	158c753531d79b92
BMS_Dashboard/dist/BMSDashboard/_internal/PyQt6/Qt6/qml/QtQuick/Controls/designer/images/toolbutton-icon@2x.png	.png	158	ab648e389ec42827
BMS_Dashboard/dist/BMSDashboard/_internal/PyQt6/Qt6/qml/QtQuick/Controls/designer/images/toolseparator-icon.png	.png	111	b1198feb502554a2
BMS_Dashboard/dist/BMSDashboard/_internal/PyQt6/Qt6/qml/QtQuick/Controls/designer/images/toolseparator-icon16.png	.png	123	b7b0010f45f586a2
BMS_Dashboard/dist/BMSDashboard/_internal/PyQt6/Qt6/qml/QtQuick/Controls/designer/images/toolseparator-icon@2x.png	.png	131	5b41b2f5367516b0
BMS_Dashboard/dist/BMSDashboard/_internal/PyQt6/Qt6/qml/QtQuick/Controls/designer/images/tumbler-icon.png	.png	132	66bc18b0f169cf3c
BMS_Dashboard/dist/BMSDashboard/_internal/PyQt6/Qt6/qml/QtQuick/Controls/designer/images/tumbler-icon16.png	.png	127	dfa7fd0dca712c77
BMS_Dashboard/dist/BMSDashboard/_internal/PyQt6/Qt6/qml/QtQuick/Controls/designer/images/tumbler-icon@2x.png	.png	153	7d2ee15dc2297ae4
BMS_Dashboard/dist/BMSDashboard/_internal/PyQt6/Qt6/qml/QtQuick/Controls/designer/qtquickcontrols2.metainfo	.metainfo	17947	1e7a65119d07a906
BMS_Dashboard/dist/BMSDashboard/_internal/PyQt6/Qt6/qml/QtQuick/Controls/impl/plugins.qmltypes	.qmltypes	48440	e9c50e9e1cd2e941
BMS_Dashboard/dist/BMSDashboard/_internal/PyQt6/Qt6/qml/QtQuick/Controls/impl/qmldir		286	8b5cee0fe880ec55
BMS_Dashboard/dist/BMSDashboard/_internal/PyQt6/Qt6/qml/QtQuick/Controls/impl/qtquickcontrols2implplugin.dll	.dll	130	4c3fe406a8355c50
BMS_Dashboard/dist/BMSDashboard/_internal/PyQt6/Qt6/qml/QtQuick/Controls/plugins.qmltypes	.qmltypes	215	a96c7bf5832767bd
BMS_Dashboard/dist/BMSDashboard/_internal/PyQt6/Qt6/qml/QtQuick/Controls/qmldir		582	767d1872b649b2b3
BMS_Dashboard/dist/BMSDashboard/_internal/PyQt6/Qt6/qml/QtQuick/Controls/qtquickcontrols2plugin.dll	.dll	130	f22eeb64b5f6df89
BMS_Dashboard/dist/BMSDashboard/_internal/PyQt6/Qt6/qml/QtQuick/Dialogs/plugins.qmltypes	.qmltypes	16302	1fd4c968bcc93d77
BMS_Dashboard/dist/BMSDashboard/_internal/PyQt6/Qt6/qml/QtQuick/Dialogs/qmldir		264	26126f1faf745cbe
BMS_Dashboard/dist/BMSDashboard/_internal/PyQt6/Qt6/qml/QtQuick/Dialogs/qtquickdialogsplugin.dll	.dll	130	503eb64ee75c7e4d
BMS_Dashboard/dist/BMSDashboard/_internal/PyQt6/Qt6/qml/QtQuick/Dialogs/quickimpl/plugins.qmltypes	.qmltypes	76463	f92f35957669f256
BMS_Dashboard/dist/BMSDashboard/_internal/PyQt6/Qt6/qml/QtQuick/Dialogs/quickimpl/qml/+Fusion/ColorDialog.qml	.qml	8082	a597ad581422eb4a
BMS_Dashboard/dist/BMSDashboard/_internal/PyQt6/Qt6/qml/QtQuick/Dialogs/quickimpl/qml/+Fusion/FileDialog.qml	.qml	6719	b3fe5b9d9a9f1bd2
BMS_Dashboard/dist/BMSDashboard/_internal/PyQt6/Qt6/qml/QtQuick/Dialogs/quickimpl/qml/+Fusion/FileDialogDelegate.qml	.qml	2099	6b515ce33f1254af
BMS_Dashboard/dist/BMSDashboard/_internal/PyQt6/Qt6/qml/QtQuick/Dialogs/quickimpl/qml/+Fusion/FolderBreadcrumbBar.qml	.qml	2529	7cf252d3c528e1ec
BMS_Dashboard/dist/BMSDashboard/_internal/PyQt6/Qt6/qml/QtQuick/Dialogs/quickimpl/qml/+Fusion/FolderDialog.qml	.qml	3850	a342732a31c483a5
BMS_Dashboard/dist/BMSDashboard/_internal/PyQt6/Qt6/qml/QtQuick/Dialogs/quickimpl/qml/+Fusion/FolderDialogDelegate.qml	.qml	1895	6c15c400ab3e06a3
BMS_Dashboard/dist/BMSDashboard/_internal/PyQt6/Qt6/qml/QtQuick/Dialogs/quickimpl/qml/+Fusion/FontDialog.qml	.qml	3500	73ebbfce53c84572
BMS_Dashboard/dist/BMSDashboard/_internal/PyQt6/Qt6/qml/QtQuick/Dialogs/quickimpl/qml/+Fusion/MessageDialog.qml	.qml	3863	cbeff54811cf838e
BMS_Dashboard/dist/BMSDashboard/_internal/PyQt6/Qt6/qml/QtQuick/Dialogs/quickimpl/qml/+Imagine/ColorDialog.qml	.qml	8985	35770179ea451c5b
BMS_Dashboard/dist/BMSDashboard/_internal/PyQt6/Qt6/qml/QtQuick/Dialogs/quickimpl/qml/+Imagine/FileDialog.qml	.qml	6504	ee58e3100b860d8b
BMS_Dashboard/dist/BMSDashboard/_internal/PyQt6/Qt6/qml/QtQuick/Dialogs/quickimpl/qml/+Imagine/FileDialogDelegate.qml	.qml	2570	6b27ca6ab3943bff
BMS_Dashboard/dist/BMSDashboard/_internal/PyQt6/Qt6/qml/QtQuick/Dialogs/quickimpl/qml/+Imagine/FolderBreadcrumbBar.qml	.qml	2049	2c7072f95049e347
BMS_Dashboard/dist/BMSDashboard/_internal/PyQt6/Qt6/qml/QtQuick/Dialogs/quickimpl/qml/+Imagine/FolderDialog.qml	.qml	4383	2c7b9fa76f0c1c87
BMS_Dashboard/dist/BMSDashboard/_internal/PyQt6/Qt6/qml/QtQuick/Dialogs/quickimpl/qml/+Imagine/FolderDialogDelegate.qml	.qml	2367	d6102acb3158e363
BMS_Dashboard/dist/BMSDashboard/_internal/PyQt6/Qt6/qml/QtQuick/Dialogs/quickimpl/qml/+Imagine/FontDialog.qml	.qml	4186	ae53719a06fb576c
BMS_Dashboard/dist/BMSDashboard/_internal/PyQt6/Qt6/qml/QtQuick/Dialogs/quickimpl/qml/+Imagine/MessageDialog.qml	.qml	4833	7d132f5970c2113b
BMS_Dashboard/dist/BMSDashboard/_internal/PyQt6/Qt6/qml/QtQuick/Dialogs/quickimpl/qml/+Material/ColorDialog.qml	.qml	8139	23907defa0aa7b64
BMS_Dashboard/dist/BMSDashboard/_internal/PyQt6/Qt6/qml/QtQuick/Dialogs/quickimpl/qml/+Material/FileDialog.qml	.qml	5629	a9a9187602633c4e
BMS_Dashboard/dist/BMSDashboard/_internal/PyQt6/Qt6/qml/QtQuick/Dialogs/quickimpl/qml/+Material/FileDialogDelegate.qml	.qml	2134	484a879b7c46b114
BMS_Dashboard/dist/BMSDashboard/_internal/PyQt6/Qt6/qml/QtQuick/Dialogs/quickimpl/qml/+Material/FolderBreadcrumbBar.qml	.qml	2557	179485c31afd30d2
BMS_Dashboard/dist/BMSDashboard/_internal/PyQt6/Qt6/qml/QtQuick/Dialogs/quickimpl/qml/+Material/FolderDialog.qml	.qml	3202	5825ef3cd4ee3090
BMS_Dashboard/dist/BMSDashboard/_internal/PyQt6/Qt6/qml/QtQuick/Dialogs/quickimpl/qml/+Material/FolderDialogDelegate.qml	.qml	1919	82992d7f3a642814
BMS_Dashboard/dist/BMSDashboard/_internal/PyQt6/Qt6/qml/QtQuick/Dialogs/quickimpl/qml/+Material/FontDialog.qml	.qml	3150	59317bc48bbae826
BMS_Dashboard/dist/BMSDashboard/_internal/PyQt6/Qt6/qml/QtQuick/Dialogs/quickimpl/qml/+Material/MessageDialog.qml	.qml	3974	597c0ecf3d1ef59b
BMS_Dashboard/dist/BMSDashboard/_internal/PyQt6/Qt6/qml/QtQuick/Dialogs/quickimpl/qml/+Universal/ColorDialog.qml	.qml	8497	b287ddadd6ad4a9f
BMS_Dashboard/dist/BMSDashboard/_internal/PyQt6/Qt6/qml/QtQuick/Dialogs/quickimpl/qml/+Universal/FileDialog.qml	.qml	5622	605930da2295d8c9
BMS_Dashboard/dist/BMSDashboard/_internal/PyQt6/Qt6/qml/QtQuick/Dialogs/quickimpl/qml/+Universal/FileDialogDelegate.qml	.qml	2136	cc4caf125aea3985
BMS_Dashboard/dist/BMSDashboard/_internal/PyQt6/Qt6/qml/QtQuick/Dialogs/quickimpl/qml/+Universal/FolderBreadcrumbBar.qml	.qml	2493	8e76bc95fbdb4863
BMS_Dashboard/dist/BMSDashboard/_internal/PyQt6/Qt6/qml/QtQuick/Dialogs/quickimpl/qml/+Universal/FolderDialog.qml	.qml	3532	74215e89a9b76d01
BMS_Dashboard/dist/BMSDashboard/_internal/PyQt6/Qt6/qml/QtQuick/Dialogs/quickimpl/qml/+Universal/FolderDialogDelegate.qml	.qml	1936	ed67f18773bc21e4
BMS_Dashboard/dist/BMSDashboard/_internal/PyQt6/Qt6/qml/QtQuick/Dialogs/quickimpl/qml/+Universal/FontDialog.qml	.qml	3317	10c5ce21930a7846
BMS_Dashboard/dist/BMSDashboard/_internal/PyQt6/Qt6/qml/QtQuick/Dialogs/quickimpl/qml/+Universal/MessageDialog.qml	.qml	3902	f706454b492a17ab
BMS_Dashboard/dist/BMSDashboard/_internal/PyQt6/Qt6/qml/QtQuick/Dialogs/quickimpl/qml/ColorDialog.qml	.qml	8663	fc603ee2619832ed
BMS_Dashboard/dist/BMSDashboard/_internal/PyQt6/Qt6/qml/QtQuick/Dialogs/quickimpl/qml/ColorInputs.qml	.qml	10790	2104d727fa8cfb91
BMS_Dashboard/dist/BMSDashboard/_internal/PyQt6/Qt6/qml/QtQuick/Dialogs/quickimpl/qml/FileDialog.qml	.qml	6446	784cbabdb5787b28
BMS_Dashboard/dist/BMSDashboard/_internal/PyQt6/Qt6/qml/QtQuick/Dialogs/quickimpl/qml/FileDialogDelegate.qml	.qml	2058	487c1b9356dfcaa1
BMS_Dashboard/dist/BMSDashboard/_internal/PyQt6/Qt6/qml/QtQuick/Dialogs/quickimpl/qml/FileDialogDelegateLabel.qml	.qml	2378	50bb768f22c96a07
BMS_Dashboard/dist/BMSDashboard/_internal/PyQt6/Qt6/qml/QtQuick/Dialogs/quickimpl/qml/FolderBreadcrumbBar.qml	.qml	2366	9cd370668a53fd32
BMS_Dashboard/dist/BMSDashboard/_internal/PyQt6/Qt6/qml/QtQuick/Dialogs/quickimpl/qml/FolderDialog.qml	.qml	3363	a7c7d5820ae80faa
BMS_Dashboard/dist/BMSDashboard/_internal/PyQt6/Qt6/qml/QtQuick/Dialogs/quickimpl/qml/FolderDialogDelegate.qml	.qml	1864	fecf288d839a098d
BMS_Dashboard/dist/BMSDashboard/_internal/PyQt6/Qt6/qml/QtQuick/Dialogs/quickimpl/qml/FolderDialogDelegateLabel.qml	.qml	1635	7770bcde29ee008c
BMS_Dashboard/dist/BMSDashboard/_internal/PyQt6/Qt6/qml/QtQuick/Dialogs/quickimpl/qml/FontDialog.qml	.qml	3600	f36a048092de835a
BMS_Dashboard/dist/BMSDashboard/_internal/PyQt6/Qt6/qml/QtQuick/Dialogs/quickimpl/qml/FontDialogContent.qml	.qml	6430	ad292890846b7c77
BMS_Dashboard/dist/BMSDashboard/_internal/PyQt6/Qt6/qml/QtQuick/Dialogs/quickimpl/qml/HueGradient.qml	.qml	694	66071945a357a678
BMS_Dashboard/dist/BMSDashboard/_internal/PyQt6/Qt6/qml/QtQuick/Dialogs/quickimpl/qml/MessageDialog.qml	.qml	3957	5c7adb848fbf5e22
BMS_Dashboard/dist/BMSDashboard/_internal/PyQt6/Qt6/qml/QtQuick/Dialogs/quickimpl/qml/PickerHandle.qml	.qml	782	fe70e9c4eefa85f1
BMS_Dashboard/dist/BMSDashboard/_internal/PyQt6/Qt6/qml/QtQuick/Dialogs/quickimpl/qml/SaturationLightnessPicker.qml	.qml	1301	4e319295132a1dd2
BMS_Dashboard/dist/BMSDashboard/_internal/PyQt6/Qt6/qml/QtQuick/Dialogs/quickimpl/qmldir		2675	d9085ac218d5649a
BMS_Dashboard/dist/BMSDashboard/_internal/PyQt6/Qt6/qml/QtQuick/Dialogs/quickimpl/qtquickdialogs2quickimplplugin.dll	.dll	130	e8823038de104971
BMS_Dashboard/dist/BMSDashboard/_internal/PyQt6/Qt6/qml/QtQuick/Layouts/plugins.qmltypes	.qmltypes	19728	744c83e1020b9205
BMS_Dashboard/dist/BMSDashboard/_internal/PyQt6/Qt6/qml/QtQuick/Layouts/qmldir		241	0601e05b583c24ee
BMS_Dashboard/dist/BMSDashboard/_internal/PyQt6/Qt6/qml/QtQuick/Layouts/qquicklayoutsplugin.dll	.dll	130	fcc688127c494e1d
BMS_Dashboard/dist/BMSDashboard/_internal/PyQt6/Qt6/qml/QtQuick/NativeStyle/controls/DefaultButton.qml	.qml	1709	ad09d35458d6738d
BMS_Dashboard/dist/BMSDashboard/_internal/PyQt6/Qt6/qml/QtQuick/NativeStyle/controls/DefaultCheckBox.qml	.qml	2446	f7062f9b6a8c149e
BMS_Dashboard/dist/BMSDashboard/_internal/PyQt6/Qt6/qml/QtQuick/NativeStyle/controls/DefaultComboBox.qml	.qml	3825	2e7cf66bccfe71bf
BMS_Dashboard/dist/BMSDashboard/_internal/PyQt6/Qt6/qml/QtQuick/NativeStyle/controls/DefaultDial.qml	.qml	1002	8d90f2707eee7219
BMS_Dashboard/dist/BMSDashboard/_internal/PyQt6/Qt6/qml/QtQuick/NativeStyle/controls/DefaultFrame.qml	.qml	1250	494c0dff46947492
BMS_Dashboard/dist/BMSDashboard/_internal/PyQt6/Qt6/qml/QtQuick/NativeStyle/controls/DefaultGroupBox.qml	.qml	2280	22651659c35df230
BMS_Dashboard/dist/BMSDashboard/_internal/PyQt6/Qt6/qml/QtQuick/NativeStyle/controls/DefaultItemDelegate.qml	.qml	1057	414ace297f0102e5
BMS_Dashboard/dist/BMSDashboard/_internal/PyQt6/Qt6/qml/QtQuick/NativeStyle/controls/DefaultItemDelegateIconLabel.qml	.qml	836	49deb298077f8e6b
BMS_Dashboard/dist/BMSDashboard/_internal/PyQt6/Qt6/qml/QtQuick/NativeStyle/controls/DefaultProgressBar.qml	.qml	954	f8adf43eb913a206
BMS_Dashboard/dist/BMSDashboard/_internal/PyQt6/Qt6/qml/QtQuick/NativeStyle/controls/DefaultRadioButton.qml	.qml	2309	64e24d33ba6f68ef
BMS_Dashboard/dist/BMSDashboard/_internal/PyQt6/Qt6/qml/QtQuick/NativeStyle/controls/DefaultRadioDelegate.qml	.qml	1998	c0c2366eedd26a72
BMS_Dashboard/dist/BMSDashboard/_internal/PyQt6/Qt6/qml/QtQuick/NativeStyle/controls/DefaultScrollBar.qml	.qml	1206	a2d05e6442247051
BMS_Dashboard/dist/BMSDashboard/_internal/PyQt6/Qt6/qml/QtQuick/NativeStyle/controls/DefaultSlider.qml	.qml	1797	bffc0b6562f1508d
BMS_Dashboard/dist/BMSDashboard/_internal/PyQt6/Qt6/qml/QtQuick/NativeStyle/controls/DefaultSpinBox.qml	.qml	2551	c3a8cd452b2507ab
BMS_Dashboard/dist/BMSDashboard/_internal/PyQt6/Qt6/qml/QtQuick/NativeStyle/controls/DefaultTextArea.qml	.qml	1923	f855652cb5855ecd
BMS_Dashboard/dist/BMSDashboard/_internal/PyQt6/Qt6/qml/QtQuick/NativeStyle/controls/DefaultTextField.qml	.qml	2291	403f2d2fbb287dc5
BMS_Dashboard/dist/BMSDashboard/_internal/PyQt6/Qt6/qml/QtQuick/NativeStyle/controls/DefaultTreeViewDelegate.qml	.qml	3956	fb3a5afec96c0b32
BMS_Dashboard/dist/BMSDashboard/_internal/PyQt6/Qt6/qml/QtQuick/NativeStyle/plugins.qmltypes	.qmltypes	10888	870ca734084247f9
BMS_Dashboard/dist/BMSDashboard/_internal/PyQt6/Qt6/qml/QtQuick/NativeStyle/qmldir		2190	c1708099a000fe27
BMS_Dashboard/dist/BMSDashboard/_internal/PyQt6/Qt6/qml/QtQuick/NativeStyle/qtquickcontrols2nativestyleplugin.dll	.dll	131	d4a0a464c9c4e13b
BMS_Dashboard/dist/BMSDashboard/_internal/PyQt6/Qt6/qml/QtQuick/NativeStyle/util/WindowsFocusFrame.qml	.qml	1894	d62667e0b1a1881d
BMS_Dashboard/dist/BMSDashboard/_internal/PyQt6/Qt6/qml/QtQuick/Particles/particlesplugin.dll	.dll	130	a77291c076006143
BMS_Dashboard/dist/BMSDashboard/_internal/PyQt6/Qt6/qml/QtQuick/Particles/plugins.qmltypes	.qmltypes	75504	2e352a8ae10e37df
BMS_Dashboard/dist/BMSDashboard/_internal/PyQt6/Qt6/qml/QtQuick/Particles/qmldir		222	f07408fe1e3b1264
BMS_Dashboard/dist/BMSDashboard/_internal/PyQt6/Qt6/qml/QtQuick/Pdf/+Material/PdfStyle.qml	.qml	680	be01da1d34b3c1a8
BMS_Dashboard/dist/BMSDashboard/_internal/PyQt6/Qt6/qml/QtQuick/Pdf/+Universal/PdfStyle.qml	.qml	673	5a853ed5aae6b30c
BMS_Dashboard/dist/BMSDashboard/_internal/PyQt6/Qt6/qml/QtQuick/Pdf/PdfLinkDelegate.qml	.qml	2600	def670c14a51e0ab
BMS_Dashboard/dist/BMSDashboard/_internal/PyQt6/Qt6/qml/QtQuick/Pdf/PdfMultiPageView.qml	.qml	29022	f0b60f1249d29757
BMS_Dashboard/dist/BMSDashboard/_internal/PyQt6/Qt6/qml/QtQuick/Pdf/PdfPageView.qml	.qml	14395	5829de189a789532
BMS_Dashboard/dist/BMSDashboard/_internal/PyQt6/Qt6/qml/QtQuick/Pdf/PdfScrollablePageView.qml	.qml	18344	40b127ab719573f1
BMS_Dashboard/dist/BMSDashboard/_internal/PyQt6/Qt6/qml/QtQuick/Pdf/PdfStyle.qml	.qml	2425	c9aa4c77b27ac4cd
BMS_Dashboard/dist/BMSDashboard/_internal/PyQt6/Qt6/qml/QtQuick/Pdf/pdfquickplugin.dll	.dll	130	779b99ec09919cd7
BMS_Dashboard/dist/BMSDashboard/_internal/PyQt6/Qt6/qml/QtQuick/Pdf/plugins.qmltypes	.qmltypes	22405	a8699d3d02b8fd38
BMS_Dashboard/dist/BMSDashboard/_internal/PyQt6/Qt6/qml/QtQuick/Pdf/qmldir		732	95f4aad30cdbc642
BMS_Dashboard/dist/BMSDashboard/_internal/PyQt6/Qt6/qml/QtQuick/Shapes/plugins.qmltypes	.qmltypes	15567	e2623f9b3a75db49
BMS_Dashboard/dist/BMSDashboard/_internal/PyQt6/Qt6/qml/QtQuick/Shapes/qmldir		199	fbebfff93729f32b
BMS_Dashboard/dist/BMSDashboard/_internal/PyQt6/Qt6/qml/QtQuick/Shapes/qmlshapesplugin.dll	.dll	130	dc5879d9386fd2e6
BMS_Dashboard/dist/BMSDashboard/_internal/PyQt6/Qt6/qml/QtQuick/Templates/plugins.qmltypes	.qmltypes	245581	036fd1f173431914
BMS_Dashboard/dist/BMSDashboard/_internal/PyQt6/Qt6/qml/QtQuick/Templates/qmldir		229	6c4901deefe4a212
BMS_Dashboard/dist/BMSDashboard/_internal/PyQt6/Qt6/qml/QtQuick/Templates/qtquicktemplates2plugin.dll	.dll	130	9d80d778ad72c6a7
BMS_Dashboard/dist/BMSDashboard/_internal/PyQt6/Qt6/qml/QtQuick/Timeline/BlendTrees/plugins.qmltypes	.qmltypes	3364	69ec08c04b84e842
BMS_Dashboard/dist/BMSDashboard/_internal/PyQt6/Qt6/qml/QtQuick/Timeline/BlendTrees/qmldir		303	bff05c23874b89cc
BMS_Dashboard/dist/BMSDashboard/_internal/PyQt6/Qt6/qml/QtQuick/Timeline/BlendTrees/qtquicktimelineblendtreesplugin.dll	.dll	130	ba50fd17cbb2c728
BMS_Dashboard/dist/BMSDashboard/_internal/PyQt6/Qt6/qml/QtQuick/Timeline/plugins.qmltypes	.qmltypes	5416	9296499b50027415
BMS_Dashboard/dist/BMSDashboard/_internal/PyQt6/Qt6/qml/QtQuick/Timeline/qmldir		243	e32bc6c8c3b4f764
BMS_Dashboard/dist/BMSDashboard/_internal/PyQt6/Qt6/qml/QtQuick/Timeline/qtquicktimelineplugin.dll	.dll	130	c510146b76491d0c
BMS_Dashboard/dist/BMSDashboard/_internal/PyQt6/Qt6/qml/QtQuick/Window/qmldir		205	c0509023b1bcce5f
BMS_Dashboard/dist/BMSDashboard/_internal/PyQt6/Qt6/qml/QtQuick/Window/quickwindow.qmltypes	.qmltypes	215	a96c7bf5832767bd
BMS_Dashboard/dist/BMSDashboard/_internal/PyQt6/Qt6/qml/QtQuick/Window/quickwindowplugin.dll	.dll	130	81af91b00acc1581
BMS_Dashboard/dist/BMSDashboard/_internal/PyQt6/Qt6/qml/QtQuick/plugins.qmltypes	.qmltypes	528462	b2378388dc7ff55f
BMS_Dashboard/dist/BMSDashboard/_internal/PyQt6/Qt6/qml/QtQuick/qmldir		206	c2fa2b26d9f8094c
BMS_Dashboard/dist/BMSDashboard/_internal/PyQt6/Qt6/qml/QtQuick/qtquick2plugin.dll	.dll	130	9fffde5910ca3675
BMS_Dashboard/dist/BMSDashboard/_internal/PyQt6/Qt6/qml/QtQuick/tooling/Component.qml	.qml	1022	2fb2980f9890fcbb
BMS_Dashboard/dist/BMSDashboard/_internal/PyQt6/Qt6/qml/QtQuick/tooling/Enum.qml	.qml	313	ff78334d79db1b19
BMS_Dashboard/dist/BMSDashboard/_internal/PyQt6/Qt6/qml/QtQuick/tooling/Member.qml	.qml	204	f926beb43452bc42
BMS_Dashboard/dist/BMSDashboard/_internal/PyQt6/Qt6/qml/QtQuick/tooling/Method.qml	.qml	492	436663498bef3c88
BMS_Dashboard/dist/BMSDashboard/_internal/PyQt6/Qt6/qml/QtQuick/tooling/Module.qml	.qml	252	5b8bd510de0d54e5
BMS_Dashboard/dist/BMSDashboard/_internal/PyQt6/Qt6/qml/QtQuick/tooling/Parameter.qml	.qml	323	6690cede0da282dc
BMS_Dashboard/dist/BMSDashboard/_internal/PyQt6/Qt6/qml/QtQuick/tooling/Property.qml	.qml	623	9f1d8487f0be78b4
BMS_Dashboard/dist/BMSDashboard/_internal/PyQt6/Qt6/qml/QtQuick/tooling/Signal.qml	.qml	304	30951c5ba0e4712d
BMS_Dashboard/dist/BMSDashboard/_internal/PyQt6/Qt6/qml/QtQuick/tooling/qmldir		567	514a5e9b9bbe55ee
BMS_Dashboard/dist/BMSDashboard/_internal/PyQt6/Qt6/qml/QtQuick/tooling/quicktooling.qmltypes	.qmltypes	215	a96c7bf5832767bd
BMS_Dashboard/dist/BMSDashboard/_internal/PyQt6/Qt6/qml/QtQuick/tooling/quicktoolingplugin.dll	.dll	130	8585b17daa052f68
BMS_Dashboard/dist/BMSDashboard/_internal/PyQt6/Qt6/qml/QtQuick3D/AssetUtils/designer/NodeSection.qml	.qml	11909	c42fe33aba7b9c44
BMS_Dashboard/dist/BMSDashboard/_internal/PyQt6/Qt6/qml/QtQuick3D/AssetUtils/designer/RuntimeLoaderSection.qml	.qml	1463	8739b84f8b9c7c35
BMS_Dashboard/dist/BMSDashboard/_internal/PyQt6/Qt6/qml/QtQuick3D/AssetUtils/designer/RuntimeLoaderSpecifics.qml	.qml	336	eb3720199d9abdc7
BMS_Dashboard/dist/BMSDashboard/_internal/PyQt6/Qt6/qml/QtQuick3D/AssetUtils/designer/assetutils.metainfo	.metainfo	551	7061387f46d8dfb3
BMS_Dashboard/dist/BMSDashboard/_internal/PyQt6/Qt6/qml/QtQuick3D/AssetUtils/designer/images/dummy.png	.png	375	fbc370c541a931e2
BMS_Dashboard/dist/BMSDashboard/_internal/PyQt6/Qt6/qml/QtQuick3D/AssetUtils/designer/images/dummy16.png	.png	253	20367abdb3621f0b
BMS_Dashboard/dist/BMSDashboard/_internal/PyQt6/Qt6/qml/QtQuick3D/AssetUtils/designer/images/dummy@2x.png	.png	499	ac0ced9846290510
BMS_Dashboard/dist/BMSDashboard/_internal/PyQt6/Qt6/qml/QtQuick3D/AssetUtils/designer/images/runtimeloader.png	.png	744	3b0c1111157bd3a6
BMS_Dashboard/dist/BMSDashboard/_internal/PyQt6/Qt6/qml/QtQuick3D/AssetUtils/designer/images/runtimeloader16.png	.png	476	1e22fc524e78e023
BMS_Dashboard/dist/BMSDashboard/_internal/PyQt6/Qt6/qml/QtQuick3D/AssetUtils/designer/images/runtimeloader@2x.png	.png	1441	cbcf7e6058c00b73
BMS_Dashboard/dist/BMSDashboard/_internal/PyQt6/Qt6/qml/QtQuick3D/AssetUtils/plugins.qmltypes	.qmltypes	2475	1ed57202958d255e
BMS_Dashboard/dist/BMSDashboard/_internal/PyQt6/Qt6/qml/QtQuick3D/AssetUtils/qmldir		270	1a4a95e7e453c8e6
BMS_Dashboard/dist/BMSDashboard/_internal/PyQt6/Qt6/qml/QtQuick3D/AssetUtils/qtquick3dassetutilsplugin.dll	.dll	130	831bd613f1ded6d8
BMS_Dashboard/dist/BMSDashboard/_internal/PyQt6/Qt6/qml/QtQuick3D/Effects/AdditiveColorGradient.qml	.qml	530	d90536b85d335c4a
BMS_Dashboard/dist/BMSDashboard/_internal/PyQt6/Qt6/qml/QtQuick3D/Effects/Blur.qml	.qml	389	905d490454479f05
BMS_Dashboard/dist/BMSDashboard/_internal/PyQt6/Qt6/qml/QtQuick3D/Effects/BrushStrokes.qml	.qml	1034	0ce2ec7fbd09146b
BMS_Dashboard/dist/BMSDashboard/_internal/PyQt6/Qt6/qml/QtQuick3D/Effects/ChromaticAberration.qml	.qml	728	833a8542b8e59c12
BMS_Dashboard/dist/BMSDashboard/_internal/PyQt6/Qt6/qml/QtQuick3D/Effects/ColorMaster.qml	.qml	576	52652617f98a2533
BMS_Dashboard/dist/BMSDashboard/_internal/PyQt6/Qt6/qml/QtQuick3D/Effects/DepthOfFieldHQBlur.qml	.qml	1722	201328ca77892d27
BMS_Dashboard/dist/BMSDashboard/_internal/PyQt6/Qt6/qml/QtQuick3D/Effects/Desaturate.qml	.qml	406	cb619aaac8221783
BMS_Dashboard/dist/BMSDashboard/_internal/PyQt6/Qt6/qml/QtQuick3D/Effects/DistortionRipple.qml	.qml	818	a11ce2f35d022370
BMS_Dashboard/dist/BMSDashboard/_internal/PyQt6/Qt6/qml/QtQuick3D/Effects/DistortionSphere.qml	.qml	697	cd24a628474efee0
BMS_Dashboard/dist/BMSDashboard/_internal/PyQt6/Qt6/qml/QtQuick3D/Effects/DistortionSpiral.qml	.qml	707	a48fa2edaaf64b7d
BMS_Dashboard/dist/BMSDashboard/_internal/PyQt6/Qt6/qml/QtQuick3D/Effects/EdgeDetect.qml	.qml	561	7250887edcb9b91e
BMS_Dashboard/dist/BMSDashboard/_internal/PyQt6/Qt6/qml/QtQuick3D/Effects/Emboss.qml	.qml	408	14536a20dbcfb720
BMS_Dashboard/dist/BMSDashboard/_internal/PyQt6/Qt6/qml/QtQuick3D/Effects/Flip.qml	.qml	438	32d078b466e901a7
BMS_Dashboard/dist/BMSDashboard/_internal/PyQt6/Qt6/qml/QtQuick3D/Effects/Fxaa.qml	.qml	1243	ef0a70481ef1c2ab
BMS_Dashboard/dist/BMSDashboard/_internal/PyQt6/Qt6/qml/QtQuick3D/Effects/GaussianBlur.qml	.qml	1176	f430da98964e5646
BMS_Dashboard/dist/BMSDashboard/_internal/PyQt6/Qt6/qml/QtQuick3D/Effects/HDRBloomTonemap.qml	.qml	3666	6441a916880a542b
BMS_Dashboard/dist/BMSDashboard/_internal/PyQt6/Qt6/qml/QtQuick3D/Effects/MotionBlur.qml	.qml	3120	bacfba5ec6c449cd
BMS_Dashboard/dist/BMSDashboard/_internal/PyQt6/Qt6/qml/QtQuick3D/Effects/Quick3DEffects.qmltypes	.qmltypes	215	a96c7bf5832767bd
BMS_Dashboard/dist/BMSDashboard/_internal/PyQt6/Qt6/qml/QtQuick3D/Effects/SCurveTonemap.qml	.qml	1029	cb466281e5c7281d
BMS_Dashboard/dist/BMSDashboard/_internal/PyQt6/Qt6/qml/QtQuick3D/Effects/Scatter.qml	.qml	783	b4cff12a29ac7c95
BMS_Dashboard/dist/BMSDashboard/_internal/PyQt6/Qt6/qml/QtQuick3D/Effects/TiltShift.qml	.qml	1888	8debc09cf855b2db
BMS_Dashboard/dist/BMSDashboard/_internal/PyQt6/Qt6/qml/QtQuick3D/Effects/Vignette.qml	.qml	531	2006f4a5a3afb862
BMS_Dashboard/dist/BMSDashboard/_internal/PyQt6/Qt6/qml/QtQuick3D/Effects/designer/AdditiveColorGradientSection.qml	.qml	693	245ab58b48b4e72b
BMS_Dashboard/dist/BMSDashboard/_internal/PyQt6/Qt6/qml/QtQuick3D/Effects/designer/AdditiveColorGradientSpecifics.qml	.qml	291	5f978a4b90a434dd
BMS_Dashboard/dist/BMSDashboard/_internal/PyQt6/Qt6/qml/QtQuick3D/Effects/designer/BlurSection.qml	.qml	860	fb940ba17dfdb063
BMS_Dashboard/dist/BMSDashboard/_internal/PyQt6/Qt6/qml/QtQuick3D/Effects/designer/BlurSpecifics.qml	.qml	274	7d42bdf405b6d2e2
BMS_Dashboard/dist/BMSDashboard/_internal/PyQt6/Qt6/qml/QtQuick3D/Effects/designer/BrushStrokesSection.qml	.qml	2881	0b195730d2191a57
BMS_Dashboard/dist/BMSDashboard/_internal/PyQt6/Qt6/qml/QtQuick3D/Effects/designer/BrushStrokesSpecifics.qml	.qml	282	64011bfd74a54bb1
BMS_Dashboard/dist/BMSDashboard/_internal/PyQt6/Qt6/qml/QtQuick3D/Effects/designer/ChromaticAberrationSection.qml	.qml	2291	db3806a242f54e06
BMS_Dashboard/dist/BMSDashboard/_internal/PyQt6/Qt6/qml/QtQuick3D/Effects/designer/ChromaticAberrationSpecifics.qml	.qml	289	0e047ded4fb1d707
BMS_Dashboard/dist/BMSDashboard/_internal/PyQt6/Qt6/qml/QtQuick3D/Effects/designer/ColorMasterSection.qml	.qml	2517	62396025f1fcba65
BMS_Dashboard/dist/BMSDashboard/_internal/PyQt6/Qt6/qml/QtQuick3D/Effects/designer/ColorMasterSpecifics.qml	.qml	281	6f1beae7c27addd0
BMS_Dashboard/dist/BMSDashboard/_internal/PyQt6/Qt6/qml/QtQuick3D/Effects/designer/DepthOfFieldHQBlurSection.qml	.qml	1900	512a69b361632736
BMS_Dashboard/dist/BMSDashboard/_internal/PyQt6/Qt6/qml/QtQuick3D/Effects/designer/DepthOfFieldHQBlurSpecifics.qml	.qml	288	5b9300c2b16b8840
BMS_Dashboard/dist/BMSDashboard/_internal/PyQt6/Qt6/qml/QtQuick3D/Effects/designer/DesaturateSection.qml	.qml	870	bc86fa983e969417
BMS_Dashboard/dist/BMSDashboard/_internal/PyQt6/Qt6/qml/QtQuick3D/Effects/designer/DesaturateSpecifics.qml	.qml	280	d2d01c3ebe582161
BMS_Dashboard/dist/BMSDashboard/_internal/PyQt6/Qt6/qml/QtQuick3D/Effects/designer/DistortionRippleSection.qml	.qml	3694	88589de588ae3b55
BMS_Dashboard/dist/BMSDashboard/_internal/PyQt6/Qt6/qml/QtQuick3D/Effects/designer/DistortionRippleSpecifics.qml	.qml	286	25287db34cf2e4da
BMS_Dashboard/dist/BMSDashboard/_internal/PyQt6/Qt6/qml/QtQuick3D/Effects/designer/DistortionSphereSection.qml	.qml	2691	757d224462fc5c15
BMS_Dashboard/dist/BMSDashboard/_internal/PyQt6/Qt6/qml/QtQuick3D/Effects/designer/DistortionSphereSpecifics.qml	.qml	286	d879cac7489601e1
BMS_Dashboard/dist/BMSDashboard/_internal/PyQt6/Qt6/qml/QtQuick3D/Effects/designer/DistortionSpiralSection.qml	.qml	2669	4ee86ba822904749
BMS_Dashboard/dist/BMSDashboard/_internal/PyQt6/Qt6/qml/QtQuick3D/Effects/designer/DistortionSpiralSpecifics.qml	.qml	286	a4baf6923c9774ed
BMS_Dashboard/dist/BMSDashboard/_internal/PyQt6/Qt6/qml/QtQuick3D/Effects/designer/EdgeDetectSection.qml	.qml	865	4ca208d18f354ce6
BMS_Dashboard/dist/BMSDashboard/_internal/PyQt6/Qt6/qml/QtQuick3D/Effects/designer/EdgeDetectSpecifics.qml	.qml	280	ce15d4f7470ee678
BMS_Dashboard/dist/BMSDashboard/_internal/PyQt6/Qt6/qml/QtQuick3D/Effects/designer/EmbossSection.qml	.qml	866	bf06c4008756b294
BMS_Dashboard/dist/BMSDashboard/_internal/PyQt6/Qt6/qml/QtQuick3D/Effects/designer/EmbossSpecifics.qml	.qml	276	d38b164705dd3813
BMS_Dashboard/dist/BMSDashboard/_internal/PyQt6/Qt6/qml/QtQuick3D/Effects/designer/FlipSection.qml	.qml	1308	21895155d852ee33
BMS_Dashboard/dist/BMSDashboard/_internal/PyQt6/Qt6/qml/QtQuick3D/Effects/designer/FlipSpecifics.qml	.qml	274	a2cb072b1ff34c8e
BMS_Dashboard/dist/BMSDashboard/_internal/PyQt6/Qt6/qml/QtQuick3D/Effects/designer/FxaaSection.qml	.qml	270	fab61c28839468fa
BMS_Dashboard/dist/BMSDashboard/_internal/PyQt6/Qt6/qml/QtQuick3D/Effects/designer/FxaaSpecifics.qml	.qml	274	b99fb51a0b77bec9
BMS_Dashboard/dist/BMSDashboard/_internal/PyQt6/Qt6/qml/QtQuick3D/Effects/designer/GaussianBlurSection.qml	.qml	828	6ac9cb11b8e8333c
BMS_Dashboard/dist/BMSDashboard/_internal/PyQt6/Qt6/qml/QtQuick3D/Effects/designer/GaussianBlurSpecifics.qml	.qml	282	56bc6daf0697621e
BMS_Dashboard/dist/BMSDashboard/_internal/PyQt6/Qt6/qml/QtQuick3D/Effects/designer/HDRBloomTonemapSection.qml	.qml	3628	e1e6fc7d4ce84267
BMS_Dashboard/dist/BMSDashboard/_internal/PyQt6/Qt6/qml/QtQuick3D/Effects/designer/HDRBloomTonemapSpecifics.qml	.qml	285	83b32fdd790519f0
BMS_Dashboard/dist/BMSDashboard/_internal/PyQt6/Qt6/qml/QtQuick3D/Effects/designer/MotionBlurSection.qml	.qml	1440	6ed4b5eb65ee755f
BMS_Dashboard/dist/BMSDashboard/_internal/PyQt6/Qt6/qml/QtQuick3D/Effects/designer/MotionBlurSpecifics.qml	.qml	280	5cf98467e5d3b982
BMS_Dashboard/dist/BMSDashboard/_internal/PyQt6/Qt6/qml/QtQuick3D/Effects/designer/SCurveTonemapSection.qml	.qml	6686	a46670ec8ec3cdcf
BMS_Dashboard/dist/BMSDashboard/_internal/PyQt6/Qt6/qml/QtQuick3D/Effects/designer/SCurveTonemapSpecifics.qml	.qml	283	9a0b4dee0fd156fd
BMS_Dashboard/dist/BMSDashboard/_internal/PyQt6/Qt6/qml/QtQuick3D/Effects/designer/ScatterSection.qml	.qml	2868	5ce462f027edc4c0
BMS_Dashboard/dist/BMSDashboard/_internal/PyQt6/Qt6/qml/QtQuick3D/Effects/designer/ScatterSpecifics.qml	.qml	277	7ed4fd878275f37c
BMS_Dashboard/dist/BMSDashboard/_internal/PyQt6/Qt6/qml/QtQuick3D/Effects/designer/TiltShiftSection.qml	.qml	2977	8ba1756e64cce4ed
BMS_Dashboard/dist/BMSDashboard/_internal/PyQt6/Qt6/qml/QtQuick3D/Effects/designer/TiltShiftSpecifics.qml	.qml	279	2c4819ea82b19176
BMS_Dashboard/dist/BMSDashboard/_internal/PyQt6/Qt6/qml/QtQuick3D/Effects/designer/VignetteSection.qml	.qml	1614	feddcbf3274bde0f
BMS_Dashboard/dist/BMSDashboard/_internal/PyQt6/Qt6/qml/QtQuick3D/Effects/designer/VignetteSpecifics.qml	.qml	278	9a121e36f0e6e50e
BMS_Dashboard/dist/BMSDashboard/_internal/PyQt6/Qt6/qml/QtQuick3D/Effects/designer/effectlib.metainfo	.metainfo	11035	e6a71da1e90c63ed
BMS_Dashboard/dist/BMSDashboard/_internal/PyQt6/Qt6/qml/QtQuick3D/Effects/designer/images/effect.png	.png	411	740f9dd817e0c149
BMS_Dashboard/dist/BMSDashboard/_internal/PyQt6/Qt6/qml/QtQuick3D/Effects/designer/images/effect16.png	.png	321	b33107a111e79a9f
BMS_Dashboard/dist/BMSDashboard/_internal/PyQt6/Qt6/qml/QtQuick3D/Effects/designer/images/effect@2x.png	.png	714	7c48754241a74a3a
BMS_Dashboard/dist/BMSDashboard/_internal/PyQt6/Qt6/qml/QtQuick3D/Effects/qmldir		979	89f5256db2ecd1bb
BMS_Dashboard/dist/BMSDashboard/_internal/PyQt6/Qt6/qml/QtQuick3D/Effects/qtquick3deffectplugin.dll	.dll	130	dc4e8c3c81bff89a
BMS_Dashboard/dist/BMSDashboard/_internal/PyQt6/Qt6/qml/QtQuick3D/Helpers/AxisHelper.qml	.qml	2299	9adae99f3ef005ad
BMS_Dashboard/dist/BMSDashboard/_internal/PyQt6/Qt6/qml/QtQuick3D/Helpers/DebugView.qml	.qml	23677	440aceaf9454b882
BMS_Dashboard/dist/BMSDashboard/_internal/PyQt6/Qt6/qml/QtQuick3D/Helpers/ExtendedSceneEnvironment.qml	.qml	4046	f56d84b416dea907
BMS_Dashboard/dist/BMSDashboard/_internal/PyQt6/Qt6/qml/QtQuick3D/Helpers/LodManager.qml	.qml	2621	22355dfe0e66dea5
BMS_Dashboard/dist/BMSDashboard/_internal/PyQt6/Qt6/qml/QtQuick3D/Helpers/OrbitCameraController.qml	.qml	6609	72c3479dcf921183
BMS_Dashboard/dist/BMSDashboard/_internal/PyQt6/Qt6/qml/QtQuick3D/Helpers/WasdController.qml	.qml	8189	1f7f1947c3ad9c98
BMS_Dashboard/dist/BMSDashboard/_internal/PyQt6/Qt6/qml/QtQuick3D/Helpers/designer/AxisHelperSection.qml	.qml	3411	132ee142b7ccccbf
BMS_Dashboard/dist/BMSDashboard/_internal/PyQt6/Qt6/qml/QtQuick3D/Helpers/designer/AxisHelperSpecifics.qml	.qml	333	ff77e52045edcef6
BMS_Dashboard/dist/BMSDashboard/_internal/PyQt6/Qt6/qml/QtQuick3D/Helpers/designer/DebugViewSection.qml	.qml	1582	556c5999b86cd86d
BMS_Dashboard/dist/BMSDashboard/_internal/PyQt6/Qt6/qml/QtQuick3D/Helpers/designer/DebugViewSpecifics.qml	.qml	279	06e34d5d4b9ecf4f
BMS_Dashboard/dist/BMSDashboard/_internal/PyQt6/Qt6/qml/QtQuick3D/Helpers/designer/ExtendedSceneEnvironmentSection.qml	.qml	70085	4e34802943aebe18
BMS_Dashboard/dist/BMSDashboard/_internal/PyQt6/Qt6/qml/QtQuick3D/Helpers/designer/ExtendedSceneEnvironmentSpecifics.qml	.qml	294	285d2fe399705648
BMS_Dashboard/dist/BMSDashboard/_internal/PyQt6/Qt6/qml/QtQuick3D/Helpers/designer/GridGeometrySection.qml	.qml	2933	0957391391333b54
BMS_Dashboard/dist/BMSDashboard/_internal/PyQt6/Qt6/qml/QtQuick3D/Helpers/designer/GridGeometrySpecifics.qml	.qml	282	4e62f3c2df3a9257
BMS_Dashboard/dist/BMSDashboard/_internal/PyQt6/Qt6/qml/QtQuick3D/Helpers/designer/HeightFieldGeometrySection.qml	.qml	4122	6f82af36be3fb19c
BMS_Dashboard/dist/BMSDashboard/_internal/PyQt6/Qt6/qml/QtQuick3D/Helpers/designer/HeightFieldGeometrySpecifics.qml	.qml	289	94a2a16267610114
BMS_Dashboard/dist/BMSDashboard/_internal/PyQt6/Qt6/qml/QtQuick3D/Helpers/designer/InfiniteGridSection.qml	.qml	1946	2c4f0dc6cdefdaba
BMS_Dashboard/dist/BMSDashboard/_internal/PyQt6/Qt6/qml/QtQuick3D/Helpers/designer/InfiniteGridSpecifics.qml	.qml	282	dd3a2d7f7b4f8603
BMS_Dashboard/dist/BMSDashboard/_internal/PyQt6/Qt6/qml/QtQuick3D/Helpers/designer/InstanceModelSection.qml	.qml	856	0dba3d80f7e36be9
BMS_Dashboard/dist/BMSDashboard/_internal/PyQt6/Qt6/qml/QtQuick3D/Helpers/designer/InstanceModelSpecifics.qml	.qml	283	2312bf051e2f4b61
BMS_Dashboard/dist/BMSDashboard/_internal/PyQt6/Qt6/qml/QtQuick3D/Helpers/designer/InstanceRepeaterSection.qml	.qml	856	5e7a08f7d5349f32
BMS_Dashboard/dist/BMSDashboard/_internal/PyQt6/Qt6/qml/QtQuick3D/Helpers/designer/InstanceRepeaterSpecifics.qml	.qml	398	701e95a85c4e74b3
BMS_Dashboard/dist/BMSDashboard/_internal/PyQt6/Qt6/qml/QtQuick3D/Helpers/designer/LodManagerSection.qml	.qml	2664	c709cb917999f4a1
BMS_Dashboard/dist/BMSDashboard/_internal/PyQt6/Qt6/qml/QtQuick3D/Helpers/designer/LodManagerSpecifics.qml	.qml	333	a1e6ad0034df6f8c
BMS_Dashboard/dist/BMSDashboard/_internal/PyQt6/Qt6/qml/QtQuick3D/Helpers/designer/LookAtNodeSection.qml	.qml	930	46688e7c149527bf
BMS_Dashboard/dist/BMSDashboard/_internal/PyQt6/Qt6/qml/QtQuick3D/Helpers/designer/LookAtNodeSpecifics.qml	.qml	333	e602e1e65c8778c2
BMS_Dashboard/dist/BMSDashboard/_internal/PyQt6/Qt6/qml/QtQuick3D/Helpers/designer/NodeSection.qml	.qml	11909	c42fe33aba7b9c44
BMS_Dashboard/dist/BMSDashboard/_internal/PyQt6/Qt6/qml/QtQuick3D/Helpers/designer/OrbitCameraControllerSection.qml	.qml	5455	19fcd1eafa9de4b5
BMS_Dashboard/dist/BMSDashboard/_internal/PyQt6/Qt6/qml/QtQuick3D/Helpers/designer/OrbitCameraControllerSpecifics.qml	.qml	291	f10c7dcac8e36f75
BMS_Dashboard/dist/BMSDashboard/_internal/PyQt6/Qt6/qml/QtQuick3D/Helpers/designer/ProceduralSkyTextureDataSection.qml	.qml	10159	044e64ff2de57944
BMS_Dashboard/dist/BMSDashboard/_internal/PyQt6/Qt6/qml/QtQuick3D/Helpers/designer/ProceduralSkyTextureDataSpecifics.qml	.qml	294	1027d6bc6bef4e6e
BMS_Dashboard/dist/BMSDashboard/_internal/PyQt6/Qt6/qml/QtQuick3D/Helpers/designer/Repeater3DSection.qml	.qml	1533	7e0fb7a3683d2000
BMS_Dashboard/dist/BMSDashboard/_internal/PyQt6/Qt6/qml/QtQuick3D/Helpers/designer/WasdControllerSection.qml	.qml	9947	2aac189f8f3cd4ac
BMS_Dashboard/dist/BMSDashboard/_internal/PyQt6/Qt6/qml/QtQuick3D/Helpers/designer/WasdControllerSpecifics.qml	.qml	284	a58c7a9186df34fb
BMS_Dashboard/dist/BMSDashboard/_internal/PyQt6/Qt6/qml/QtQuick3D/Helpers/designer/helpers.metainfo	.metainfo	7013	79c521492d7ef722
BMS_Dashboard/dist/BMSDashboard/_internal/PyQt6/Qt6/qml/QtQuick3D/Helpers/designer/images/axishelper.png	.png	573	b94024abe09f747a
BMS_Dashboard/dist/BMSDashboard/_internal/PyQt6/Qt6/qml/QtQuick3D/Helpers/designer/images/axishelper16.png	.png	260	661466499edb590c
BMS_Dashboard/dist/BMSDashboard/_internal/PyQt6/Qt6/qml/QtQuick3D/Helpers/designer/images/axishelper@2x.png	.png	1255	d7f9caeaf4c57fd5
BMS_Dashboard/dist/BMSDashboard/_internal/PyQt6/Qt6/qml/QtQuick3D/Helpers/designer/images/debugview.png	.png	257	428a2c3169c87d11
BMS_Dashboard/dist/BMSDashboard/_internal/PyQt6/Qt6/qml/QtQuick3D/Helpers/designer/images/debugview16.png	.png	224	fea33ce882ad92be
BMS_Dashboard/dist/BMSDashboard/_internal/PyQt6/Qt6/qml/QtQuick3D/Helpers/designer/images/debugview@2x.png	.png	391	866516c9597671b6
BMS_Dashboard/dist/BMSDashboard/_internal/PyQt6/Qt6/qml/QtQuick3D/Helpers/designer/images/dummy.png	.png	375	fbc370c541a931e2
BMS_Dashboard/dist/BMSDashboard/_internal/PyQt6/Qt6/qml/QtQuick3D/Helpers/designer/images/dummy16.png	.png	253	20367abdb3621f0b
BMS_Dashboard/dist/BMSDashboard/_internal/PyQt6/Qt6/qml/QtQuick3D/Helpers/designer/images/dummy@2x.png	.png	499	ac0ced9846290510
BMS_Dashboard/dist/BMSDashboard/_internal/PyQt6/Qt6/qml/QtQuick3D/Helpers/designer/images/extendedsceneenvironment.png	.png	821	6dcf0bf81eab2fa6
BMS_Dashboard/dist/BMSDashboard/_internal/PyQt6/Qt6/qml/QtQuick3D/Helpers/designer/images/extendedsceneenvironment16.png	.png	673	8b5f433fb8a6de9d
BMS_Dashboard/dist/BMSDashboard/_internal/PyQt6/Qt6/qml/QtQuick3D/Helpers/designer/images/extendedsceneenvironment@2x.png	.png	1138	1629f2634f3a8371
BMS_Dashboard/dist/BMSDashboard/_internal/PyQt6/Qt6/qml/QtQuick3D/Helpers/designer/images/gridgeometry.png	.png	550	f91584e9fe68349b
BMS_Dashboard/dist/BMSDashboard/_internal/PyQt6/Qt6/qml/QtQuick3D/Helpers/designer/images/gridgeometry16.png	.png	373	15646d68d59ffcf7
BMS_Dashboard/dist/BMSDashboard/_internal/PyQt6/Qt6/qml/QtQuick3D/Helpers/designer/images/gridgeometry@2x.png	.png	1115	d1ab734f939f0fb5
BMS_Dashboard/dist/BMSDashboard/_internal/PyQt6/Qt6/qml/QtQuick3D/Helpers/designer/images/heightfieldgeometry.png	.png	3197	d6f86affb82de047
BMS_Dashboard/dist/BMSDashboard/_internal/PyQt6/Qt6/qml/QtQuick3D/Helpers/designer/images/heightfieldgeometry16.png	.png	3032	909fa25685f38d4f
BMS_Dashboard/dist/BMSDashboard/_internal/PyQt6/Qt6/qml/QtQuick3D/Helpers/designer/images/heightfieldgeometry@2x.png	.png	3745	702adbc09401eab8
BMS_Dashboard/dist/BMSDashboard/_internal/PyQt6/Qt6/qml/QtQuick3D/Helpers/designer/images/infinitegrid.png	.png	1152	a691d92e68e77286
BMS_Dashboard/dist/BMSDashboard/_internal/PyQt6/Qt6/qml/QtQuick3D/Helpers/designer/images/infinitegrid16.png	.png	890	508edc03522177ec
BMS_Dashboard/dist/BMSDashboard/_internal/PyQt6/Qt6/qml/QtQuick3D/Helpers/designer/images/infinitegrid@2x.png	.png	2103	4c505e53c4febec9
BMS_Dashboard/dist/BMSDashboard/_internal/PyQt6/Qt6/qml/QtQuick3D/Helpers/designer/images/instancemodel.png	.png	693	64046065657d87e6
BMS_Dashboard/dist/BMSDashboard/_internal/PyQt6/Qt6/qml/QtQuick3D/Helpers/designer/images/instancemodel16.png	.png	317	8fc38250549d12d4
BMS_Dashboard/dist/BMSDashboard/_internal/PyQt6/Qt6/qml/QtQuick3D/Helpers/designer/images/instancemodel@2x.png	.png	1218	bcac8c5117c0a13c
BMS_Dashboard/dist/BMSDashboard/_internal/PyQt6/Qt6/qml/QtQuick3D/Helpers/designer/images/instancerepeater.png	.png	805	90a2e4be5dd0af44
BMS_Dashboard/dist/BMSDashboard/_internal/PyQt6/Qt6/qml/QtQuick3D/Helpers/designer/images/instancerepeater16.png	.png	315	a38a0f4b44a56ca4
BMS_Dashboard/dist/BMSDashboard/_internal/PyQt6/Qt6/qml/QtQuick3D/Helpers/designer/images/instancerepeater@2x.png	.png	1618	487f30b676c2039a
BMS_Dashboard/dist/BMSDashboard/_internal/PyQt6/Qt6/qml/QtQuick3D/Helpers/designer/images/lodmanager.png	.png	1023	bcbf051e83a4a8e4
BMS_Dashboard/dist/BMSDashboard/_internal/PyQt6/Qt6/qml/QtQuick3D/Helpers/designer/images/lodmanager16.png	.png	811	c13190439f7d9870
BMS_Dashboard/dist/BMSDashboard/_internal/PyQt6/Qt6/qml/QtQuick3D/Helpers/designer/images/lodmanager@2x.png	.png	1594	03fee875400b4ea6
BMS_Dashboard/dist/BMSDashboard/_internal/PyQt6/Qt6/qml/QtQuick3D/Helpers/designer/images/lookatnode.png	.png	399	a6b1e91f3c377771
BMS_Dashboard/dist/BMSDashboard/_internal/PyQt6/Qt6/qml/QtQuick3D/Helpers/designer/images/lookatnode16.png	.png	241	48bb2d3b0f0ac0a6
BMS_Dashboard/dist/BMSDashboard/_internal/PyQt6/Qt6/qml/QtQuick3D/Helpers/designer/images/lookatnode@2x.png	.png	838	f7a38ef6d29c5436
BMS_Dashboard/dist/BMSDashboard/_internal/PyQt6/Qt6/qml/QtQuick3D/Helpers/designer/images/orbitcameracontroller.png	.png	953	49776022b535eb06
BMS_Dashboard/dist/BMSDashboard/_internal/PyQt6/Qt6/qml/QtQuick3D/Helpers/designer/images/orbitcameracontroller16.png	.png	752	5aa9df64c2475a0e
BMS_Dashboard/dist/BMSDashboard/_internal/PyQt6/Qt6/qml/QtQuick3D/Helpers/designer/images/orbitcameracontroller@2x.png	.png	1442	235e8212f708ef15
BMS_Dashboard/dist/BMSDashboard/_internal/PyQt6/Qt6/qml/QtQuick3D/Helpers/designer/images/proceduralskytexturedata.png	.png	792	c9f226296e32f846
BMS_Dashboard/dist/BMSDashboard/_internal/PyQt6/Qt6/qml/QtQuick3D/Helpers/designer/images/proceduralskytexturedata16.png	.png	740	b5edf99fde72ea77
BMS_Dashboard/dist/BMSDashboard/_internal/PyQt6/Qt6/qml/QtQuick3D/Helpers/designer/images/proceduralskytexturedata@2x.png	.png	1062	7242d61314a27746
BMS_Dashboard/dist/BMSDashboard/_internal/PyQt6/Qt6/qml/QtQuick3D/Helpers/designer/images/wasdcontroller.png	.png	241	6ef3348532a26015
BMS_Dashboard/dist/BMSDashboard/_internal/PyQt6/Qt6/qml/QtQuick3D/Helpers/designer/images/wasdcontroller16.png	.png	202	00eb041be39034b5
BMS_Dashboard/dist/BMSDashboard/_internal/PyQt6/Qt6/qml/QtQuick3D/Helpers/designer/images/wasdcontroller@2x.png	.png	334	410090257293b3b6
BMS_Dashboard/dist/BMSDashboard/_internal/PyQt6/Qt6/qml/QtQuick3D/Helpers/impl/DepthOfFieldBlur.qml	.qml	1770	a933a84d6c92537b
BMS_Dashboard/dist/BMSDashboard/_internal/PyQt6/Qt6/qml/QtQuick3D/Helpers/impl/LightmapperOutputWindow.qml	.qml	837	5fdb5f0589fc0061
BMS_Dashboard/dist/BMSDashboard/_internal/PyQt6/Qt6/qml/QtQuick3D/Helpers/impl/SceneEffect.qml	.qml	19822	7fe557ab3f798a11
BMS_Dashboard/dist/BMSDashboard/_internal/PyQt6/Qt6/qml/QtQuick3D/Helpers/impl/plugins.qmltypes	.qmltypes	4640	49dc5493c6a097bc
BMS_Dashboard/dist/BMSDashboard/_internal/PyQt6/Qt6/qml/QtQuick3D/Helpers/impl/qmldir		380	a2da2bef5dcc076b
BMS_Dashboard/dist/BMSDashboard/_internal/PyQt6/Qt6/qml/QtQuick3D/Helpers/impl/qtquick3dhelpersimplplugin.dll	.dll	130	ff667ff24b5b4c50
BMS_Dashboard/dist/BMSDashboard/_internal/PyQt6/Qt6/qml/QtQuick3D/Helpers/meshes/axisGrid.mesh	.mesh	128684	b5a6bb5880c2863a
BMS_Dashboard/dist/BMSDashboard/_internal/PyQt6/Qt6/qml/QtQuick3D/Helpers/plugins.qmltypes	.qmltypes	27176	82d7b3e9317b910e
BMS_Dashboard/dist/BMSDashboard/_internal/PyQt6/Qt6/qml/QtQuick3D/Helpers/qmldir		763	b5b7b017c1d8339b
BMS_Dashboard/dist/BMSDashboard/_internal/PyQt6/Qt6/qml/QtQuick3D/Helpers/qtquick3dhelpersplugin.dll	.dll	130	c725d292ea796a38
BMS_Dashboard/dist/BMSDashboard/_internal/PyQt6/Qt6/qml/QtQuick3D/MaterialEditor/AboutDialog.qml	.qml	768	648f5470ea5e6728
BMS_Dashboard/dist/BMSDashboard/_internal/PyQt6/Qt6/qml/QtQuick3D/MaterialEditor/EditorView.qml	.qml	4400	9edf508b4db3051c
BMS_Dashboard/dist/BMSDashboard/_internal/PyQt6/Qt6/qml/QtQuick3D/MaterialEditor/FrostedGlass.qml	.qml	1428	a72693da9e107dc7
BMS_Dashboard/dist/BMSDashboard/_internal/PyQt6/Qt6/qml/QtQuick3D/MaterialEditor/MaterialPropertiesPane.qml	.qml	6930	f89a63a48fc702be
BMS_Dashboard/dist/BMSDashboard/_internal/PyQt6/Qt6/qml/QtQuick3D/MaterialEditor/Preview.qml	.qml	2235	f1c9a46091c5bef3
BMS_Dashboard/dist/BMSDashboard/_internal/PyQt6/Qt6/qml/QtQuick3D/MaterialEditor/PreviewControls.qml	.qml	3626	1df521ff83ec1d4f
BMS_Dashboard/dist/BMSDashboard/_internal/PyQt6/Qt6/qml/QtQuick3D/MaterialEditor/SaveChangesDialog.qml	.qml	3597	e9b9c9f54f608919
BMS_Dashboard/dist/BMSDashboard/_internal/PyQt6/Qt6/qml/QtQuick3D/MaterialEditor/ShaderEditor.qml	.qml	2959	1efc1413b0e58912
BMS_Dashboard/dist/BMSDashboard/_internal/PyQt6/Qt6/qml/QtQuick3D/MaterialEditor/UniformManagerPane.qml	.qml	43925	e29e6fd1fa238926
BMS_Dashboard/dist/BMSDashboard/_internal/PyQt6/Qt6/qml/QtQuick3D/MaterialEditor/main.qml	.qml	10253	0b782024f8453c43
BMS_Dashboard/dist/BMSDashboard/_internal/PyQt6/Qt6/qml/QtQuick3D/MaterialEditor/plugins.qmltypes	.qmltypes	9108	f73a820ec018307d
BMS_Dashboard/dist/BMSDashboard/_internal/PyQt6/Qt6/qml/QtQuick3D/MaterialEditor/qmldir		472	7c85deacf8bcd958
BMS_Dashboard/dist/BMSDashboard/_internal/PyQt6/Qt6/qml/QtQuick3D/Particles3D/designer/Affector3DSection.qml	.qml	2451	cd2fdf13a14c10e8
BMS_Dashboard/dist/BMSDashboard/_internal/PyQt6/Qt6/qml/QtQuick3D/Particles3D/designer/Affector3DSpecifics.qml	.qml	333	cdbfc6c9c06dbefa
BMS_Dashboard/dist/BMSDashboard/_internal/PyQt6/Qt6/qml/QtQuick3D/Particles3D/designer/Attractor3DSection.qml	.qml	5840	1a02b97421c67ce6
BMS_Dashboard/dist/BMSDashboard/_internal/PyQt6/Qt6/qml/QtQuick3D/Particles3D/designer/Attractor3DSpecifics.qml	.qml	393	380cc1922acfaa05
BMS_Dashboard/dist/BMSDashboard/_internal/PyQt6/Qt6/qml/QtQuick3D/Particles3D/designer/DynamicBurst3DSection.qml	.qml	2098	e834b482363815f7
BMS_Dashboard/dist/BMSDashboard/_internal/PyQt6/Qt6/qml/QtQuick3D/Particles3D/designer/DynamicBurst3DSpecifics.qml	.qml	344	eec07c749c7bda37
BMS_Dashboard/dist/BMSDashboard/_internal/PyQt6/Qt6/qml/QtQuick3D/Particles3D/designer/EmitBurst3DSection.qml	.qml	1970	31041f0f58d95eb0
BMS_Dashboard/dist/BMSDashboard/_internal/PyQt6/Qt6/qml/QtQuick3D/Particles3D/designer/EmitBurst3DSpecifics.qml	.qml	281	215d586eb784bfba
BMS_Dashboard/dist/BMSDashboard/_internal/PyQt6/Qt6/qml/QtQuick3D/Particles3D/designer/Gravity3DSection.qml	.qml	2947	fbc3f86ad06ff96f
BMS_Dashboard/dist/BMSDashboard/_internal/PyQt6/Qt6/qml/QtQuick3D/Particles3D/designer/Gravity3DSpecifics.qml	.qml	338	cd10b9c9892705ac
BMS_Dashboard/dist/BMSDashboard/_internal/PyQt6/Qt6/qml/QtQuick3D/Particles3D/designer/LineParticle3DSection.qml	.qml	5438	f017962592324c26
BMS_Dashboard/dist/BMSDashboard/_internal/PyQt6/Qt6/qml/QtQuick3D/Particles3D/designer/LineParticle3DSpecifics.qml	.qml	408	31d52c26552267ab
BMS_Dashboard/dist/BMSDashboard/_internal/PyQt6/Qt6/qml/QtQuick3D/Particles3D/designer/ModelBlendParticle3DSection.qml	.qml	3606	ed3c8e8eca9d4dcc
BMS_Dashboard/dist/BMSDashboard/_internal/PyQt6/Qt6/qml/QtQuick3D/Particles3D/designer/ModelBlendParticle3DSpecifics.qml	.qml	349	c428b4be2f4dfbeb
BMS_Dashboard/dist/BMSDashboard/_internal/PyQt6/Qt6/qml/QtQuick3D/Particles3D/designer/ModelParticle3DSection.qml	.qml	865	bcbe9c8db31b27f8
BMS_Dashboard/dist/BMSDashboard/_internal/PyQt6/Qt6/qml/QtQuick3D/Particles3D/designer/ModelParticle3DSpecifics.qml	.qml	344	6ff1152ad68d1eea
BMS_Dashboard/dist/BMSDashboard/_internal/PyQt6/Qt6/qml/QtQuick3D/Particles3D/designer/NodeSection.qml	.qml	11906	018983cfabb23778
BMS_Dashboard/dist/BMSDashboard/_internal/PyQt6/Qt6/qml/QtQuick3D/Particles3D/designer/NodeSpecifics.qml	.qml	274	0530208b2c0e02f6
BMS_Dashboard/dist/BMSDashboard/_internal/PyQt6/Qt6/qml/QtQuick3D/Particles3D/designer/Particle3DSection.qml	.qml	10980	a500033d2af33736
BMS_Dashboard/dist/BMSDashboard/_internal/PyQt6/Qt6/qml/QtQuick3D/Particles3D/designer/Particle3DSpecifics.qml	.qml	280	37e577c8c3bc3ed8
BMS_Dashboard/dist/BMSDashboard/_internal/PyQt6/Qt6/qml/QtQuick3D/Particles3D/designer/ParticleCustomShape3DSection.qml	.qml	1284	2ff6f360ea0b7cfe
BMS_Dashboard/dist/BMSDashboard/_internal/PyQt6/Qt6/qml/QtQuick3D/Particles3D/designer/ParticleCustomShape3DSpecifics.qml	.qml	291	8930a11c913f0da7
BMS_Dashboard/dist/BMSDashboard/_internal/PyQt6/Qt6/qml/QtQuick3D/Particles3D/designer/ParticleEmitter3DSection.qml	.qml	20320	5eb200364165e507
BMS_Dashboard/dist/BMSDashboard/_internal/PyQt6/Qt6/qml/QtQuick3D/Particles3D/designer/ParticleEmitter3DSpecifics.qml	.qml	340	8ed8d59600bb2d32
BMS_Dashboard/dist/BMSDashboard/_internal/PyQt6/Qt6/qml/QtQuick3D/Particles3D/designer/ParticleModelShape3DSection.qml	.qml	1422	d3675a3dbf6d15d5
BMS_Dashboard/dist/BMSDashboard/_internal/PyQt6/Qt6/qml/QtQuick3D/Particles3D/designer/ParticleModelShape3DSpecifics.qml	.qml	290	57d3a910f125abee
BMS_Dashboard/dist/BMSDashboard/_internal/PyQt6/Qt6/qml/QtQuick3D/Particles3D/designer/ParticleShape3DSection.qml	.qml	3431	485a331469bd486b
BMS_Dashboard/dist/BMSDashboard/_internal/PyQt6/Qt6/qml/QtQuick3D/Particles3D/designer/ParticleShape3DSpecifics.qml	.qml	285	6d1a13d41fc74727
BMS_Dashboard/dist/BMSDashboard/_internal/PyQt6/Qt6/qml/QtQuick3D/Particles3D/designer/ParticleSystem3DSection.qml	.qml	4177	d8194ef76431b70d
BMS_Dashboard/dist/BMSDashboard/_internal/PyQt6/Qt6/qml/QtQuick3D/Particles3D/designer/ParticleSystem3DSpecifics.qml	.qml	339	4b4fe21c5135294f
BMS_Dashboard/dist/BMSDashboard/_internal/PyQt6/Qt6/qml/QtQuick3D/Particles3D/designer/PointRotator3DSection.qml	.qml	5083	65708ad9e967a47b
BMS_Dashboard/dist/BMSDashboard/_internal/PyQt6/Qt6/qml/QtQuick3D/Particles3D/designer/PointRotator3DSpecifics.qml	.qml	343	a2b1782fdbeb7cb7
BMS_Dashboard/dist/BMSDashboard/_internal/PyQt6/Qt6/qml/QtQuick3D/Particles3D/designer/Repeller3DSection.qml	.qml	1944	55c2347bb9ef0a97
BMS_Dashboard/dist/BMSDashboard/_internal/PyQt6/Qt6/qml/QtQuick3D/Particles3D/designer/Repeller3DSpecifics.qml	.qml	392	92efd611b972729f
BMS_Dashboard/dist/BMSDashboard/_internal/PyQt6/Qt6/qml/QtQuick3D/Particles3D/designer/ScaleAffector3DSection.qml	.qml	3092	51c7436b582d31b8
BMS_Dashboard/dist/BMSDashboard/_internal/PyQt6/Qt6/qml/QtQuick3D/Particles3D/designer/ScaleAffector3DSpecifics.qml	.qml	397	7e824fdf71c5c9c7
BMS_Dashboard/dist/BMSDashboard/_internal/PyQt6/Qt6/qml/QtQuick3D/Particles3D/designer/SpriteParticle3DSection.qml	.qml	6348	3e30897877278269
BMS_Dashboard/dist/BMSDashboard/_internal/PyQt6/Qt6/qml/QtQuick3D/Particles3D/designer/SpriteParticle3DSpecifics.qml	.qml	345	25f20939f551f3fa
BMS_Dashboard/dist/BMSDashboard/_internal/PyQt6/Qt6/qml/QtQuick3D/Particles3D/designer/SpriteSequence3DSection.qml	.qml	4414	cfb368e08044f023
BMS_Dashboard/dist/BMSDashboard/_internal/PyQt6/Qt6/qml/QtQuick3D/Particles3D/designer/SpriteSequence3DSpecifics.qml	.qml	286	8c6fd2900190a501
BMS_Dashboard/dist/BMSDashboard/_internal/PyQt6/Qt6/qml/QtQuick3D/Particles3D/designer/TargetDirection3DSection.qml	.qml	6170	334ee3d7e9258487
BMS_Dashboard/dist/BMSDashboard/_internal/PyQt6/Qt6/qml/QtQuick3D/Particles3D/designer/TargetDirection3DSpecifics.qml	.qml	287	9085346a99ef818d
BMS_Dashboard/dist/BMSDashboard/_internal/PyQt6/Qt6/qml/QtQuick3D/Particles3D/designer/TrailEmitter3DSection.qml	.qml	862	13381b8dcd21f858
BMS_Dashboard/dist/BMSDashboard/_internal/PyQt6/Qt6/qml/QtQuick3D/Particles3D/designer/TrailEmitter3DSpecifics.qml	.qml	350	69009cf0e5480458
BMS_Dashboard/dist/BMSDashboard/_internal/PyQt6/Qt6/qml/QtQuick3D/Particles3D/designer/VectorDirection3DSection.qml	.qml	5070	7233f6902c8ae97a
BMS_Dashboard/dist/BMSDashboard/_internal/PyQt6/Qt6/qml/QtQuick3D/Particles3D/designer/VectorDirection3DSpecifics.qml	.qml	287	946912027a2483d7
BMS_Dashboard/dist/BMSDashboard/_internal/PyQt6/Qt6/qml/QtQuick3D/Particles3D/designer/Wander3DSection.qml	.qml	16637	00dd210f5427ef39
BMS_Dashboard/dist/BMSDashboard/_internal/PyQt6/Qt6/qml/QtQuick3D/Particles3D/designer/Wander3DSpecifics.qml	.qml	337	56041afcf1a31023
BMS_Dashboard/dist/BMSDashboard/_internal/PyQt6/Qt6/qml/QtQuick3D/Particles3D/designer/images/attractor-16px.png	.png	288	650e8c5cc5d18f1f
BMS_Dashboard/dist/BMSDashboard/_internal/PyQt6/Qt6/qml/QtQuick3D/Particles3D/designer/images/attractor-24px.png	.png	371	250a2dbe1c533bf1
BMS_Dashboard/dist/BMSDashboard/_internal/PyQt6/Qt6/qml/QtQuick3D/Particles3D/designer/images/attractor-24px@2x.png	.png	586	bc86e717730d778f
BMS_Dashboard/dist/BMSDashboard/_internal/PyQt6/Qt6/qml/QtQuick3D/Particles3D/designer/images/dummy.png	.png	375	fbc370c541a931e2
BMS_Dashboard/dist/BMSDashboard/_internal/PyQt6/Qt6/qml/QtQuick3D/Particles3D/designer/images/dummy16.png	.png	253	20367abdb3621f0b
BMS_Dashboard/dist/BMSDashboard/_internal/PyQt6/Qt6/qml/QtQuick3D/Particles3D/designer/images/dummy@2x.png	.png	499	ac0ced9846290510
BMS_Dashboard/dist/BMSDashboard/_internal/PyQt6/Qt6/qml/QtQuick3D/Particles3D/designer/images/emit-burst-16px.png	.png	381	c6125902c4a88d55
BMS_Dashboard/dist/BMSDashboard/_internal/PyQt6/Qt6/qml/QtQuick3D/Particles3D/designer/images/emit-burst-24px.png	.png	650	d82033cceaed7d08
BMS_Dashboard/dist/BMSDashboard/_internal/PyQt6/Qt6/qml/QtQuick3D/Particles3D/designer/images/emit-burst-24px@2x.png	.png	1529	193e33d3617d7e22
BMS_Dashboard/dist/BMSDashboard/_internal/PyQt6/Qt6/qml/QtQuick3D/Particles3D/designer/images/emitter-16px.png	.png	318	2e97e9c0e7dfb0a0
BMS_Dashboard/dist/BMSDashboard/_internal/PyQt6/Qt6/qml/QtQuick3D/Particles3D/designer/images/emitter-24px.png	.png	675	00cdfa3996f7675b
BMS_Dashboard/dist/BMSDashboard/_internal/PyQt6/Qt6/qml/QtQuick3D/Particles3D/designer/images/emitter-24px@2x.png	.png	1512	9a87b59c92e0ecd1
BMS_Dashboard/dist/BMSDashboard/_internal/PyQt6/Qt6/qml/QtQuick3D/Particles3D/designer/images/gravity-16px.png	.png	328	2608678dee26bf57
BMS_Dashboard/dist/BMSDashboard/_internal/PyQt6/Qt6/qml/QtQuick3D/Particles3D/designer/images/gravity-24px.png	.png	448	bcc88bec4b40b5e5
BMS_Dashboard/dist/BMSDashboard/_internal/PyQt6/Qt6/qml/QtQuick3D/Particles3D/designer/images/gravity-24px@2x.png	.png	873	b320084658436698
BMS_Dashboard/dist/BMSDashboard/_internal/PyQt6/Qt6/qml/QtQuick3D/Particles3D/designer/images/line-particle-16px.png	.png	515	614ca672ce33ca84
BMS_Dashboard/dist/BMSDashboard/_internal/PyQt6/Qt6/qml/QtQuick3D/Particles3D/designer/images/line-particle-24px.png	.png	923	d02651e6ed59cd44
BMS_Dashboard/dist/BMSDashboard/_internal/PyQt6/Qt6/qml/QtQuick3D/Particles3D/designer/images/line-particle-24px@2x.png	.png	2268	cecda26cf6c157f2
BMS_Dashboard/dist/BMSDashboard/_internal/PyQt6/Qt6/qml/QtQuick3D/Particles3D/designer/images/model-blend-particle-16px.png	.png	384	63cb4a6ed6b52a8e
BMS_Dashboard/dist/BMSDashboard/_internal/PyQt6/Qt6/qml/QtQuick3D/Particles3D/designer/images/model-blend-particle-24px.png	.png	515	c34270b55346b008
BMS_Dashboard/dist/BMSDashboard/_internal/PyQt6/Qt6/qml/QtQuick3D/Particles3D/designer/images/model-blend-particle-24px@2x.png	.png	1055	64b59358cc239a18
BMS_Dashboard/dist/BMSDashboard/_internal/PyQt6/Qt6/qml/QtQuick3D/Particles3D/designer/images/model-particle-16px.png	.png	448	1077156323f7f70c
BMS_Dashboard/dist/BMSDashboard/_internal/PyQt6/Qt6/qml/QtQuick3D/Particles3D/designer/images/model-particle-24px.png	.png	811	1faa89f2d4c7cdb3
BMS_Dashboard/dist/BMSDashboard/_internal/PyQt6/Qt6/qml/QtQuick3D/Particles3D/designer/images/model-particle-24px@2x.png	.png	1725	2cf39b14a5d4b43f
BMS_Dashboard/dist/BMSDashboard/_internal/PyQt6/Qt6/qml/QtQuick3D/Particles3D/designer/images/model-shape-16px.png	.png	367	1380acb665690876
BMS_Dashboard/dist/BMSDashboard/_internal/PyQt6/Qt6/qml/QtQuick3D/Particles3D/designer/images/model-shape-24px.png	.png	496	19613328d7033573
BMS_Dashboard/dist/BMSDashboard/_internal/PyQt6/Qt6/qml/QtQuick3D/Particles3D/designer/images/model-shape-24px@2x.png	.png	997	602be80f9cf97576
BMS_Dashboard/dist/BMSDashboard/_internal/PyQt6/Qt6/qml/QtQuick3D/Particles3D/designer/images/particle-custom-shape-16px.png	.png	364	2bbc93e98109e3e7
BMS_Dashboard/dist/BMSDashboard/_internal/PyQt6/Qt6/qml/QtQuick3D/Particles3D/designer/images/particle-custom-shape-24px.png	.png	911	0912c9abb7b9a70b
BMS_Dashboard/dist/BMSDashboard/_internal/PyQt6/Qt6/qml/QtQuick3D/Particles3D/designer/images/particle-custom-shape-24px@2x.png	.png	1850	041e04ddcaca0205
BMS_Dashboard/dist/BMSDashboard/_internal/PyQt6/Qt6/qml/QtQuick3D/Particles3D/designer/images/particle-shape-16px.png	.png	331	1724d9a3bd3b0c25
BMS_Dashboard/dist/BMSDashboard/_internal/PyQt6/Qt6/qml/QtQuick3D/Particles3D/designer/images/particle-shape-24px.png	.png	719	df7d8b0e00be5cf4
BMS_Dashboard/dist/BMSDashboard/_internal/PyQt6/Qt6/qml/QtQuick3D/Particles3D/designer/images/particle-shape-24px@2x.png	.png	1475	661d2e9ccda9614f
BMS_Dashboard/dist/BMSDashboard/_internal/PyQt6/Qt6/qml/QtQuick3D/Particles3D/designer/images/particle-system-16px.png	.png	334	9703c98b1e53f383
BMS_Dashboard/dist/BMSDashboard/_internal/PyQt6/Qt6/qml/QtQuick3D/Particles3D/designer/images/particle-system-24px.png	.png	811	a980c3f637194ff4
BMS_Dashboard/dist/BMSDashboard/_internal/PyQt6/Qt6/qml/QtQuick3D/Particles3D/designer/images/particle-system-24px@2x.png	.png	1702	eae926d52c86e6f0
BMS_Dashboard/dist/BMSDashboard/_internal/PyQt6/Qt6/qml/QtQuick3D/Particles3D/designer/images/point-rotator-16px.png	.png	421	845b389f401e9dd7
BMS_Dashboard/dist/BMSDashboard/_internal/PyQt6/Qt6/qml/QtQuick3D/Particles3D/designer/images/point-rotator-24px.png	.png	600	38e9bfaeaad0965c
BMS_Dashboard/dist/BMSDashboard/_internal/PyQt6/Qt6/qml/QtQuick3D/Particles3D/designer/images/point-rotator-24px@2x.png	.png	1125	b0d833cc645cba7a
BMS_Dashboard/dist/BMSDashboard/_internal/PyQt6/Qt6/qml/QtQuick3D/Particles3D/designer/images/repeller-16px.png	.png	758	44bcdc44467b0c95
BMS_Dashboard/dist/BMSDashboard/_internal/PyQt6/Qt6/qml/QtQuick3D/Particles3D/designer/images/repeller-24px.png	.png	758	c9fb5dc155b0db05
BMS_Dashboard/dist/BMSDashboard/_internal/PyQt6/Qt6/qml/QtQuick3D/Particles3D/designer/images/repeller-24px@2x.png	.png	1625	09ab631442b7c312
BMS_Dashboard/dist/BMSDashboard/_internal/PyQt6/Qt6/qml/QtQuick3D/Particles3D/designer/images/scale-affector-16px.png	.png	795	e55be95bbf0dc141
BMS_Dashboard/dist/BMSDashboard/_internal/PyQt6/Qt6/qml/QtQuick3D/Particles3D/designer/images/scale-affector-24px.png	.png	795	2ab5ac609f75627a
BMS_Dashboard/dist/BMSDashboard/_internal/PyQt6/Qt6/qml/QtQuick3D/Particles3D/designer/images/scale-affector-24px@2x.png	.png	1658	5ffd4135e3c870b0
BMS_Dashboard/dist/BMSDashboard/_internal/PyQt6/Qt6/qml/QtQuick3D/Particles3D/designer/images/sprite-particle-16px.png	.png	393	44328a9d75f5caad
BMS_Dashboard/dist/BMSDashboard/_internal/PyQt6/Qt6/qml/QtQuick3D/Particles3D/designer/images/sprite-particle-24px.png	.png	774	a59629ac5c1f9b60
BMS_Dashboard/dist/BMSDashboard/_internal/PyQt6/Qt6/qml/QtQuick3D/Particles3D/designer/images/sprite-particle-24px@2x.png	.png	1489	7306c2785f21f5fb
BMS_Dashboard/dist/BMSDashboard/_internal/PyQt6/Qt6/qml/QtQuick3D/Particles3D/designer/images/sprite-sequence-16px.png	.png	299	e79c2bdb023a10c2
BMS_Dashboard/dist/BMSDashboard/_internal/PyQt6/Qt6/qml/QtQuick3D/Particles3D/designer/images/sprite-sequence-24px.png	.png	389	c0b0e4ebaa4ad180
BMS_Dashboard/dist/BMSDashboard/_internal/PyQt6/Qt6/qml/QtQuick3D/Particles3D/designer/images/sprite-sequence-24px@2x.png	.png	515	f357c40a0e5c9e6b
BMS_Dashboard/dist/BMSDashboard/_internal/PyQt6/Qt6/qml/QtQuick3D/Particles3D/designer/images/target-direction-16px.png	.png	253	9a5131eadcd800c9
BMS_Dashboard/dist/BMSDashboard/_internal/PyQt6/Qt6/qml/QtQuick3D/Particles3D/designer/images/target-direction-24px.png	.png	436	962f3290862d8b21
BMS_Dashboard/dist/BMSDashboard/_internal/PyQt6/Qt6/qml/QtQuick3D/Particles3D/designer/images/target-direction-24px@2x.png	.png	879	03b8b9fc08d2ff68
BMS_Dashboard/dist/BMSDashboard/_internal/PyQt6/Qt6/qml/QtQuick3D/Particles3D/designer/images/trail-emitter-16px.png	.png	359	8df5956f6e3a7448
BMS_Dashboard/dist/BMSDashboard/_internal/PyQt6/Qt6/qml/QtQuick3D/Particles3D/designer/images/trail-emitter-24px.png	.png	646	980fdc73ecfa830f
BMS_Dashboard/dist/BMSDashboard/_internal/PyQt6/Qt6/qml/QtQuick3D/Particles3D/designer/images/trail-emitter-24px@2x.png	.png	1364	db874deb86b9ac2b
BMS_Dashboard/dist/BMSDashboard/_internal/PyQt6/Qt6/qml/QtQuick3D/Particles3D/designer/images/vector-direction-16px.png	.png	323	e10aa6b32b04e72c
BMS_Dashboard/dist/BMSDashboard/_internal/PyQt6/Qt6/qml/QtQuick3D/Particles3D/designer/images/vector-direction-24px.png	.png	444	931f7e06b6337ae8
BMS_Dashboard/dist/BMSDashboard/_internal/PyQt6/Qt6/qml/QtQuick3D/Particles3D/designer/images/vector-direction-24px@2x.png	.png	694	fa6f9e767642f017
BMS_Dashboard/dist/BMSDashboard/_internal/PyQt6/Qt6/qml/QtQuick3D/Particles3D/designer/images/wander-16px.png	.png	334	40e8d28fb1ec5764
BMS_Dashboard/dist/BMSDashboard/_internal/PyQt6/Qt6/qml/QtQuick3D/Particles3D/designer/images/wander-24px.png	.png	458	a446903fb14040c5
BMS_Dashboard/dist/BMSDashboard/_internal/PyQt6/Qt6/qml/QtQuick3D/Particles3D/designer/images/wander-24px@2x.png	.png	864	008b84a8d07d0aef
BMS_Dashboard/dist/BMSDashboard/_internal/PyQt6/Qt6/qml/QtQuick3D/Particles3D/designer/particles3d.metainfo	.metainfo	17202	447b7a8adfb1676e
BMS_Dashboard/dist/BMSDashboard/_internal/PyQt6/Qt6/qml/QtQuick3D/Particles3D/designer/source/particlesystem_animatedsprite_template.qml	.qml	954	3a664fdf282126ed
BMS_Dashboard/dist/BMSDashboard/_internal/PyQt6/Qt6/qml/QtQuick3D/Particles3D/designer/source/particlesystem_attractor_template.qml	.qml	812	cd01552faf33ff87
BMS_Dashboard/dist/BMSDashboard/_internal/PyQt6/Qt6/qml/QtQuick3D/Particles3D/designer/source/particlesystem_burst_template.qml	.qml	793	df0fd2c4ec75f7a8
BMS_Dashboard/dist/BMSDashboard/_internal/PyQt6/Qt6/qml/QtQuick3D/Particles3D/designer/source/particlesystem_modelblend_template.qml	.qml	1136	f7f8831b9facd748
BMS_Dashboard/dist/BMSDashboard/_internal/PyQt6/Qt6/qml/QtQuick3D/Particles3D/designer/source/particlesystem_modelshape_template.qml	.qml	1394	a16febb21d8834ed
BMS_Dashboard/dist/BMSDashboard/_internal/PyQt6/Qt6/qml/QtQuick3D/Particles3D/designer/source/particlesystem_particletrail_template.qml	.qml	1161	5390ad3e2e5bd9a8
BMS_Dashboard/dist/BMSDashboard/_internal/PyQt6/Qt6/qml/QtQuick3D/Particles3D/designer/source/particlesystem_sprite_template.qml	.qml	662	a76e0b70329d7ab1
BMS_Dashboard/dist/BMSDashboard/_internal/PyQt6/Qt6/qml/QtQuick3D/Particles3D/designer/source/particlesystem_template.qml	.qml	1007	ff000b1c3d9e2191
BMS_Dashboard/dist/BMSDashboard/_internal/PyQt6/Qt6/qml/QtQuick3D/Particles3D/designer/source/particlesystem_wander_template.qml	.qml	1283	47450bd27409db45
BMS_Dashboard/dist/BMSDashboard/_internal/PyQt6/Qt6/qml/QtQuick3D/Particles3D/plugins.qmltypes	.qmltypes	62723	6fe1489b0b959f11
BMS_Dashboard/dist/BMSDashboard/_internal/PyQt6/Qt6/qml/QtQuick3D/Particles3D/qmldir		275	8b678388b3e298ad
BMS_Dashboard/dist/BMSDashboard/_internal/PyQt6/Qt6/qml/QtQuick3D/Particles3D/qtquick3dparticles3dplugin.dll	.dll	130	72576622589d7628
BMS_Dashboard/dist/BMSDashboard/_internal/PyQt6/Qt6/qml/QtQuick3D/Physics/Helpers/plugins.qmltypes	.qmltypes	2331	1d3e85ca66489054
BMS_Dashboard/dist/BMSDashboard/_internal/PyQt6/Qt6/qml/QtQuick3D/Physics/Helpers/qmldir		344	e39a84787ae90bcd
BMS_Dashboard/dist/BMSDashboard/_internal/PyQt6/Qt6/qml/QtQuick3D/Physics/Helpers/qtquick3dphysicshelpersplugin.dll	.dll	130	9cc2f7aab07e9ddd
BMS_Dashboard/dist/BMSDashboard/_internal/PyQt6/Qt6/qml/QtQuick3D/Physics/designer/BoxShapeSection.qml	.qml	2377	5e7045f9ac04512c
BMS_Dashboard/dist/BMSDashboard/_internal/PyQt6/Qt6/qml/QtQuick3D/Physics/designer/BoxShapeSpecifics.qml	.qml	394	f24b5c373bd929ff
BMS_Dashboard/dist/BMSDashboard/_internal/PyQt6/Qt6/qml/QtQuick3D/Physics/designer/CapsuleShapeSection.qml	.qml	1397	6eaad1a91906b637
BMS_Dashboard/dist/BMSDashboard/_internal/PyQt6/Qt6/qml/QtQuick3D/Physics/designer/CapsuleShapeSpecifics.qml	.qml	398	35933a821279de46
BMS_Dashboard/dist/BMSDashboard/_internal/PyQt6/Qt6/qml/QtQuick3D/Physics/designer/CharacterControllerSection.qml	.qml	5546	f3cd14a06242097d
BMS_Dashboard/dist/BMSDashboard/_internal/PyQt6/Qt6/qml/QtQuick3D/Physics/designer/CharacterControllerSpecifics.qml	.qml	462	d4578eafecabdc58
BMS_Dashboard/dist/BMSDashboard/_internal/PyQt6/Qt6/qml/QtQuick3D/Physics/designer/CollisionShapeSection.qml	.qml	961	14a421ed37b44d1d
BMS_Dashboard/dist/BMSDashboard/_internal/PyQt6/Qt6/qml/QtQuick3D/Physics/designer/ConvexMeshShapeSection.qml	.qml	719	2c1936da7fdbaf00
BMS_Dashboard/dist/BMSDashboard/_internal/PyQt6/Qt6/qml/QtQuick3D/Physics/designer/ConvexMeshShapeSpecifics.qml	.qml	401	e497f78c2337b783
BMS_Dashboard/dist/BMSDashboard/_internal/PyQt6/Qt6/qml/QtQuick3D/Physics/designer/DynamicRigidBodySection.qml	.qml	24653	475a3810207c7eeb
BMS_Dashboard/dist/BMSDashboard/_internal/PyQt6/Qt6/qml/QtQuick3D/Physics/designer/DynamicRigidBodySpecifics.qml	.qml	459	4ab26fff876c9828
BMS_Dashboard/dist/BMSDashboard/_internal/PyQt6/Qt6/qml/QtQuick3D/Physics/designer/HeightFieldShapeSection.qml	.qml	2720	15e4d418691815c5
BMS_Dashboard/dist/BMSDashboard/_internal/PyQt6/Qt6/qml/QtQuick3D/Physics/designer/HeightFieldShapeSpecifics.qml	.qml	402	3efb62f597781be0
BMS_Dashboard/dist/BMSDashboard/_internal/PyQt6/Qt6/qml/QtQuick3D/Physics/designer/NodeSection.qml	.qml	11906	f5976be72a0c8402
BMS_Dashboard/dist/BMSDashboard/_internal/PyQt6/Qt6/qml/QtQuick3D/Physics/designer/PhysicsBodySection.qml	.qml	964	2ee3717d2163debf
BMS_Dashboard/dist/BMSDashboard/_internal/PyQt6/Qt6/qml/QtQuick3D/Physics/designer/PhysicsMaterialSection.qml	.qml	2144	a8a76bde919a26f3
BMS_Dashboard/dist/BMSDashboard/_internal/PyQt6/Qt6/qml/QtQuick3D/Physics/designer/PhysicsMaterialSpecifics.qml	.qml	284	2ceb81072e69f20f
BMS_Dashboard/dist/BMSDashboard/_internal/PyQt6/Qt6/qml/QtQuick3D/Physics/designer/PhysicsNodeSection.qml	.qml	3816	71428ba6fe998b9a
BMS_Dashboard/dist/BMSDashboard/_internal/PyQt6/Qt6/qml/QtQuick3D/Physics/designer/PhysicsWorldSection.qml	.qml	8286	8716e751c63d13f1
BMS_Dashboard/dist/BMSDashboard/_internal/PyQt6/Qt6/qml/QtQuick3D/Physics/designer/PhysicsWorldSpecifics.qml	.qml	282	898895c236cb161a
BMS_Dashboard/dist/BMSDashboard/_internal/PyQt6/Qt6/qml/QtQuick3D/Physics/designer/PlaneShapeSpecifics.qml	.qml	337	ad556e5ece854a4e
BMS_Dashboard/dist/BMSDashboard/_internal/PyQt6/Qt6/qml/QtQuick3D/Physics/designer/SphereShapeSection.qml	.qml	861	c3497af4bbaef482
BMS_Dashboard/dist/BMSDashboard/_internal/PyQt6/Qt6/qml/QtQuick3D/Physics/designer/SphereShapeSpecifics.qml	.qml	397	04ae2fdc1c479b48
BMS_Dashboard/dist/BMSDashboard/_internal/PyQt6/Qt6/qml/QtQuick3D/Physics/designer/StaticRigidBodySpecifics.qml	.qml	394	df6c69932b967680
BMS_Dashboard/dist/BMSDashboard/_internal/PyQt6/Qt6/qml/QtQuick3D/Physics/designer/TriangleMeshShapeSection.qml	.qml	721	ceb75d4bac78180f
BMS_Dashboard/dist/BMSDashboard/_internal/PyQt6/Qt6/qml/QtQuick3D/Physics/designer/TriangleMeshShapeSpecifics.qml	.qml	403	d3055d83951e1aa2
BMS_Dashboard/dist/BMSDashboard/_internal/PyQt6/Qt6/qml/QtQuick3D/Physics/designer/TriggerBodySpecifics.qml	.qml	334	16aa7796a5d6939d
BMS_Dashboard/dist/BMSDashboard/_internal/PyQt6/Qt6/qml/QtQuick3D/Physics/designer/images/boxshape.png	.png	890	dca11356eb3d0074
BMS_Dashboard/dist/BMSDashboard/_internal/PyQt6/Qt6/qml/QtQuick3D/Physics/designer/images/boxshape16.png	.png	771	a28024e5a22da5e7
BMS_Dashboard/dist/BMSDashboard/_internal/PyQt6/Qt6/qml/QtQuick3D/Physics/designer/images/boxshape@2x.png	.png	1147	2415f132e3bdcee9
BMS_Dashboard/dist/BMSDashboard/_internal/PyQt6/Qt6/qml/QtQuick3D/Physics/designer/images/capsuleshape.png	.png	821	336646c5c1c4cd1c
BMS_Dashboard/dist/BMSDashboard/_internal/PyQt6/Qt6/qml/QtQuick3D/Physics/designer/images/capsuleshape16.png	.png	697	e07f87d39387d2c8
BMS_Dashboard/dist/BMSDashboard/_internal/PyQt6/Qt6/qml/QtQuick3D/Physics/designer/images/capsuleshape@2x.png	.png	1294	02e8ff10b0221be6
BMS_Dashboard/dist/BMSDashboard/_internal/PyQt6/Qt6/qml/QtQuick3D/Physics/designer/images/charactercontroller.png	.png	846	ded3d0707de26bd9
BMS_Dashboard/dist/BMSDashboard/_internal/PyQt6/Qt6/qml/QtQuick3D/Physics/designer/images/charactercontroller16.png	.png	698	5f70078f652e6b0d
BMS_Dashboard/dist/BMSDashboard/_internal/PyQt6/Qt6/qml/QtQuick3D/Physics/designer/images/charactercontroller@2x.png	.png	1249	b53e54b5e4cfd35c
BMS_Dashboard/dist/BMSDashboard/_internal/PyQt6/Qt6/qml/QtQuick3D/Physics/designer/images/convexmeshshape.png	.png	1162	a1e971e916f8d4bf
BMS_Dashboard/dist/BMSDashboard/_internal/PyQt6/Qt6/qml/QtQuick3D/Physics/designer/images/convexmeshshape16.png	.png	860	e2b394d563251706
BMS_Dashboard/dist/BMSDashboard/_internal/PyQt6/Qt6/qml/QtQuick3D/Physics/designer/images/convexmeshshape@2x.png	.png	2321	b88599393a86fcdf
BMS_Dashboard/dist/BMSDashboard/_internal/PyQt6/Qt6/qml/QtQuick3D/Physics/designer/images/dynamicrigidbody.png	.png	831	db9a430701ebea5e
BMS_Dashboard/dist/BMSDashboard/_internal/PyQt6/Qt6/qml/QtQuick3D/Physics/designer/images/dynamicrigidbody16.png	.png	728	70bae820c477fd90
BMS_Dashboard/dist/BMSDashboard/_internal/PyQt6/Qt6/qml/QtQuick3D/Physics/designer/images/dynamicrigidbody@2x.png	.png	1230	a2fd4018b459bbf3
BMS_Dashboard/dist/BMSDashboard/_internal/PyQt6/Qt6/qml/QtQuick3D/Physics/designer/images/heightfieldshape.png	.png	873	cfb4fb4e665fc3b3
BMS_Dashboard/dist/BMSDashboard/_internal/PyQt6/Qt6/qml/QtQuick3D/Physics/designer/images/heightfieldshape16.png	.png	725	47a2f0da98882645
BMS_Dashboard/dist/BMSDashboard/_internal/PyQt6/Qt6/qml/QtQuick3D/Physics/designer/images/heightfieldshape@2x.png	.png	1546	f8a4c8b38a5f8688
BMS_Dashboard/dist/BMSDashboard/_internal/PyQt6/Qt6/qml/QtQuick3D/Physics/designer/images/physicsmaterial.png	.png	1032	6ff77b864d883524
BMS_Dashboard/dist/BMSDashboard/_internal/PyQt6/Qt6/qml/QtQuick3D/Physics/designer/images/physicsmaterial16.png	.png	779	b35442da7785b36e
BMS_Dashboard/dist/BMSDashboard/_internal/PyQt6/Qt6/qml/QtQuick3D/Physics/designer/images/physicsmaterial@2x.png	.png	2014	ff2d4a6cf9053087
BMS_Dashboard/dist/BMSDashboard/_internal/PyQt6/Qt6/qml/QtQuick3D/Physics/designer/images/physicsworld.png	.png	860	a51133c854ce0e51
BMS_Dashboard/dist/BMSDashboard/_internal/PyQt6/Qt6/qml/QtQuick3D/Physics/designer/images/physicsworld16.png	.png	735	6f115d99ed80183b
BMS_Dashboard/dist/BMSDashboard/_internal/PyQt6/Qt6/qml/QtQuick3D/Physics/designer/images/physicsworld@2x.png	.png	1265	2b7f685a83939e5a
BMS_Dashboard/dist/BMSDashboard/_internal/PyQt6/Qt6/qml/QtQuick3D/Physics/designer/images/planeshape.png	.png	890	8fa474066519b88d
BMS_Dashboard/dist/BMSDashboard/_internal/PyQt6/Qt6/qml/QtQuick3D/Physics/designer/images/planeshape16.png	.png	716	be24832b0d24200a
BMS_Dashboard/dist/BMSDashboard/_internal/PyQt6/Qt6/qml/QtQuick3D/Physics/designer/images/planeshape@2x.png	.png	1501	53dca3b9a173c436
BMS_Dashboard/dist/BMSDashboard/_internal/PyQt6/Qt6/qml/QtQuick3D/Physics/designer/images/sphereshape.png	.png	984	504ee98cf374c879
BMS_Dashboard/dist/BMSDashboard/_internal/PyQt6/Qt6/qml/QtQuick3D/Physics/designer/images/sphereshape16.png	.png	768	68abcc8258479a95
BMS_Dashboard/dist/BMSDashboard/_internal/PyQt6/Qt6/qml/QtQuick3D/Physics/designer/images/sphereshape@2x.png	.png	1932	e3ced859ca2e1a97
BMS_Dashboard/dist/BMSDashboard/_internal/PyQt6/Qt6/qml/QtQuick3D/Physics/designer/images/staticrigidbody.png	.png	792	4f2edffbb219e52d
BMS_Dashboard/dist/BMSDashboard/_internal/PyQt6/Qt6/qml/QtQuick3D/Physics/designer/images/staticrigidbody16.png	.png	715	852bd915b635ce5e
BMS_Dashboard/dist/BMSDashboard/_internal/PyQt6/Qt6/qml/QtQuick3D/Physics/designer/images/staticrigidbody@2x.png	.png	1203	3c2a7a45da8b5328
BMS_Dashboard/dist/BMSDashboard/_internal/PyQt6/Qt6/qml/QtQuick3D/Physics/designer/images/trianglemeshshape.png	.png	1038	5f3f0788a8e21dd2
BMS_Dashboard/dist/BMSDashboard/_internal/PyQt6/Qt6/qml/QtQuick3D/Physics/designer/images/trianglemeshshape16.png	.png	813	7be91463760084ee
BMS_Dashboard/dist/BMSDashboard/_internal/PyQt6/Qt6/qml/QtQuick3D/Physics/designer/images/trianglemeshshape@2x.png	.png	1781	539b7d8b0e22b9c3
BMS_Dashboard/dist/BMSDashboard/_internal/PyQt6/Qt6/qml/QtQuick3D/Physics/designer/images/triggerbody.png	.png	1158	1e4195ea9ced8bd7
BMS_Dashboard/dist/BMSDashboard/_internal/PyQt6/Qt6/qml/QtQuick3D/Physics/designer/images/triggerbody16.png	.png	915	bc090a9ec206a230
BMS_Dashboard/dist/BMSDashboard/_internal/PyQt6/Qt6/qml/QtQuick3D/Physics/designer/images/triggerbody@2x.png	.png	1944	6772c6db91b17687
BMS_Dashboard/dist/BMSDashboard/_internal/PyQt6/Qt6/qml/QtQuick3D/Physics/designer/physics.metainfo	.metainfo	7046	21ad1bf7f56fc258
BMS_Dashboard/dist/BMSDashboard/_internal/PyQt6/Qt6/qml/QtQuick3D/Physics/plugins.qmltypes	.qmltypes	31906	a179589a6d9784ef
BMS_Dashboard/dist/BMSDashboard/_internal/PyQt6/Qt6/qml/QtQuick3D/Physics/qmldir		239	41c79d5a7744a9d1
BMS_Dashboard/dist/BMSDashboard/_internal/PyQt6/Qt6/qml/QtQuick3D/Physics/qquick3dphysicsplugin.dll	.dll	130	53f144d7e1953edd
BMS_Dashboard/dist/BMSDashboard/_internal/PyQt6/Qt6/qml/QtQuick3D/Quick3D.qmltypes	.qmltypes	190337	a957c9055b3e1f32
BMS_Dashboard/dist/BMSDashboard/_internal/PyQt6/Qt6/qml/QtQuick3D/SpatialAudio/plugins.qmltypes	.qmltypes	11478	7c4e0620ddb72103
BMS_Dashboard/dist/BMSDashboard/_internal/PyQt6/Qt6/qml/QtQuick3D/SpatialAudio/qmldir		274	2a6cc7d7ea2c1cbd
BMS_Dashboard/dist/BMSDashboard/_internal/PyQt6/Qt6/qml/QtQuick3D/SpatialAudio/quick3dspatialaudioplugin.dll	.dll	130	8858da1c623b72a6
BMS_Dashboard/dist/BMSDashboard/_internal/PyQt6/Qt6/qml/QtQuick3D/designer/AbstractLightSection.qml	.qml	3063	e6f7ba3e76028801
BMS_Dashboard/dist/BMSDashboard/_internal/PyQt6/Qt6/qml/QtQuick3D/designer/BufferInputSection.qml	.qml	1346	9c1ed78b35e66c9e
BMS_Dashboard/dist/BMSDashboard/_internal/PyQt6/Qt6/qml/QtQuick3D/designer/BufferInputSpecifics.qml	.qml	281	1bb8e82ac91aa75d
BMS_Dashboard/dist/BMSDashboard/_internal/PyQt6/Qt6/qml/QtQuick3D/designer/BufferSection.qml	.qml	3832	cc77f5a6642489f0
BMS_Dashboard/dist/BMSDashboard/_internal/PyQt6/Qt6/qml/QtQuick3D/designer/BufferSpecifics.qml	.qml	276	12fdf1de639235cb
BMS_Dashboard/dist/BMSDashboard/_internal/PyQt6/Qt6/qml/QtQuick3D/designer/CameraSection.qml	.qml	2033	cff006b16a69375d
BMS_Dashboard/dist/BMSDashboard/_internal/PyQt6/Qt6/qml/QtQuick3D/designer/CubeMapTextureSpecifics.qml	.qml	364	3487b13925b3f857
BMS_Dashboard/dist/BMSDashboard/_internal/PyQt6/Qt6/qml/QtQuick3D/designer/CustomCameraSpecifics.qml	.qml	455	40d6b7c45cd69dd4
BMS_Dashboard/dist/BMSDashboard/_internal/PyQt6/Qt6/qml/QtQuick3D/designer/CustomMaterialSection.qml	.qml	4382	b0288abc334308f9
BMS_Dashboard/dist/BMSDashboard/_internal/PyQt6/Qt6/qml/QtQuick3D/designer/CustomMaterialSpecifics.qml	.qml	341	6dd3003c86205589
BMS_Dashboard/dist/BMSDashboard/_internal/PyQt6/Qt6/qml/QtQuick3D/designer/DebugSettingsSection.qml	.qml	1655	f3d3187845876aff
BMS_Dashboard/dist/BMSDashboard/_internal/PyQt6/Qt6/qml/QtQuick3D/designer/DebugSettingsSpecifics.qml	.qml	282	8a5b2b47c23cb049
BMS_Dashboard/dist/BMSDashboard/_internal/PyQt6/Qt6/qml/QtQuick3D/designer/DefaultMaterialSection.qml	.qml	22112	ba7e0ef69ca93760
BMS_Dashboard/dist/BMSDashboard/_internal/PyQt6/Qt6/qml/QtQuick3D/designer/DefaultMaterialSpecifics.qml	.qml	342	ccaad2626e51ee99
BMS_Dashboard/dist/BMSDashboard/_internal/PyQt6/Qt6/qml/QtQuick3D/designer/DirectionalLightSection.qml	.qml	221	67c461cf7a08a17e
BMS_Dashboard/dist/BMSDashboard/_internal/PyQt6/Qt6/qml/QtQuick3D/designer/DirectionalLightSpecifics.qml	.qml	283	cd52b2d03fcb13a5
BMS_Dashboard/dist/BMSDashboard/_internal/PyQt6/Qt6/qml/QtQuick3D/designer/EffectSection.qml	.qml	1101	235c61e6578c9d59
BMS_Dashboard/dist/BMSDashboard/_internal/PyQt6/Qt6/qml/QtQuick3D/designer/EffectSpecifics.qml	.qml	276	6d21dc7085e6df78
BMS_Dashboard/dist/BMSDashboard/_internal/PyQt6/Qt6/qml/QtQuick3D/designer/FileInstancingSection.qml	.qml	655	7cf3cfa306695336
BMS_Dashboard/dist/BMSDashboard/_internal/PyQt6/Qt6/qml/QtQuick3D/designer/FileInstancingSpecifics.qml	.qml	343	323cec8321711c9b
BMS_Dashboard/dist/BMSDashboard/_internal/PyQt6/Qt6/qml/QtQuick3D/designer/FogSection.qml	.qml	8366	7a5b36b6a2195ca5
BMS_Dashboard/dist/BMSDashboard/_internal/PyQt6/Qt6/qml/QtQuick3D/designer/FogSpecifics.qml	.qml	272	8a95a8fa71d3fbc8
BMS_Dashboard/dist/BMSDashboard/_internal/PyQt6/Qt6/qml/QtQuick3D/designer/FrustumCameraSection.qml	.qml	2516	c3f66ca463439e35
BMS_Dashboard/dist/BMSDashboard/_internal/PyQt6/Qt6/qml/QtQuick3D/designer/FrustumCameraSpecifics.qml	.qml	457	e3786064507734c6
BMS_Dashboard/dist/BMSDashboard/_internal/PyQt6/Qt6/qml/QtQuick3D/designer/InstanceListEntrySection.qml	.qml	8356	ca8f82fc4ef86d4f
BMS_Dashboard/dist/BMSDashboard/_internal/PyQt6/Qt6/qml/QtQuick3D/designer/InstanceListEntrySpecifics.qml	.qml	287	05b797f8d80bd7d0
BMS_Dashboard/dist/BMSDashboard/_internal/PyQt6/Qt6/qml/QtQuick3D/designer/InstanceListSection.qml	.qml	1192	edc87c215d28c3f1
BMS_Dashboard/dist/BMSDashboard/_internal/PyQt6/Qt6/qml/QtQuick3D/designer/InstanceListSpecifics.qml	.qml	341	c278032524a4e395
BMS_Dashboard/dist/BMSDashboard/_internal/PyQt6/Qt6/qml/QtQuick3D/designer/InstancingSection.qml	.qml	2132	b0236b8d8c3e16a9
BMS_Dashboard/dist/BMSDashboard/_internal/PyQt6/Qt6/qml/QtQuick3D/designer/JointSection.qml	.qml	1371	3c8e6e7df006f027
BMS_Dashboard/dist/BMSDashboard/_internal/PyQt6/Qt6/qml/QtQuick3D/designer/JointSpecifics.qml	.qml	275	c15db3202b6d7fde
BMS_Dashboard/dist/BMSDashboard/_internal/PyQt6/Qt6/qml/QtQuick3D/designer/LightmapperSection.qml	.qml	5680	55527c88c3e593fb
BMS_Dashboard/dist/BMSDashboard/_internal/PyQt6/Qt6/qml/QtQuick3D/designer/LightmapperSpecifics.qml	.qml	281	67457cf44be78063
BMS_Dashboard/dist/BMSDashboard/_internal/PyQt6/Qt6/qml/QtQuick3D/designer/Loader3DSection.qml	.qml	2209	fd98e0618e45c356
BMS_Dashboard/dist/BMSDashboard/_internal/PyQt6/Qt6/qml/QtQuick3D/designer/Loader3DSpecifics.qml	.qml	331	e1345a1c7958e27e
BMS_Dashboard/dist/BMSDashboard/_internal/PyQt6/Qt6/qml/QtQuick3D/designer/MaterialSection.qml	.qml	2225	c4cfd0074d49b53e
BMS_Dashboard/dist/BMSDashboard/_internal/PyQt6/Qt6/qml/QtQuick3D/designer/ModelSection.qml	.qml	12958	df6b09371b70f44e
BMS_Dashboard/dist/BMSDashboard/_internal/PyQt6/Qt6/qml/QtQuick3D/designer/ModelSpecifics.qml	.qml	328	3cf4a6c422b6d2d4
BMS_Dashboard/dist/BMSDashboard/_internal/PyQt6/Qt6/qml/QtQuick3D/designer/MorphTargetSection.qml	.qml	1449	df49d97953548bb3
BMS_Dashboard/dist/BMSDashboard/_internal/PyQt6/Qt6/qml/QtQuick3D/designer/MorphTargetSpecifics.qml	.qml	281	f88a7d0ebcc4c165
BMS_Dashboard/dist/BMSDashboard/_internal/PyQt6/Qt6/qml/QtQuick3D/designer/NodeSection.qml	.qml	11909	f0f8885681ca42fe
BMS_Dashboard/dist/BMSDashboard/_internal/PyQt6/Qt6/qml/QtQuick3D/designer/NodeSpecifics.qml	.qml	274	0530208b2c0e02f6
BMS_Dashboard/dist/BMSDashboard/_internal/PyQt6/Qt6/qml/QtQuick3D/designer/Object3DSection.qml	.qml	226	68a5a4e82c0d9985
BMS_Dashboard/dist/BMSDashboard/_internal/PyQt6/Qt6/qml/QtQuick3D/designer/OrthographicCameraSection.qml	.qml	2702	84bbcd7e1f92da10
BMS_Dashboard/dist/BMSDashboard/_internal/PyQt6/Qt6/qml/QtQuick3D/designer/OrthographicCameraSpecifics.qml	.qml	396	73adeb459d55770a
BMS_Dashboard/dist/BMSDashboard/_internal/PyQt6/Qt6/qml/QtQuick3D/designer/PassSection.qml	.qml	2401	63b798a906d7a597
BMS_Dashboard/dist/BMSDashboard/_internal/PyQt6/Qt6/qml/QtQuick3D/designer/PassSpecifics.qml	.qml	274	b98d549b89d151f5
BMS_Dashboard/dist/BMSDashboard/_internal/PyQt6/Qt6/qml/QtQuick3D/designer/PerspectiveCameraSection.qml	.qml	2639	1e190052cb50a77e
BMS_Dashboard/dist/BMSDashboard/_internal/PyQt6/Qt6/qml/QtQuick3D/designer/PerspectiveCameraSpecifics.qml	.qml	395	b251b4411bb8152a
BMS_Dashboard/dist/BMSDashboard/_internal/PyQt6/Qt6/qml/QtQuick3D/designer/PointLightSection.qml	.qml	2068	b1c55b99d2a0128b
BMS_Dashboard/dist/BMSDashboard/_internal/PyQt6/Qt6/qml/QtQuick3D/designer/PointLightSpecifics.qml	.qml	342	fdb5c50452f4e251
BMS_Dashboard/dist/BMSDashboard/_internal/PyQt6/Qt6/qml/QtQuick3D/designer/PrincipledMaterialSection.qml	.qml	35915	2886777b34eff69a
BMS_Dashboard/dist/BMSDashboard/_internal/PyQt6/Qt6/qml/QtQuick3D/designer/PrincipledMaterialSpecifics.qml	.qml	345	d3b4c16454311331
BMS_Dashboard/dist/BMSDashboard/_internal/PyQt6/Qt6/qml/QtQuick3D/designer/ReflectionProbeSection.qml	.qml	8327	87c2bac4506e9cd6
BMS_Dashboard/dist/BMSDashboard/_internal/PyQt6/Qt6/qml/QtQuick3D/designer/ReflectionProbeSpecifics.qml	.qml	338	f9fe3b2a76bbe0c5
BMS_Dashboard/dist/BMSDashboard/_internal/PyQt6/Qt6/qml/QtQuick3D/designer/Repeater3DSection.qml	.qml	1533	2d170d48cd2e5a3a
BMS_Dashboard/dist/BMSDashboard/_internal/PyQt6/Qt6/qml/QtQuick3D/designer/Repeater3DSpecifics.qml	.qml	333	48acc694fe5b3cf5
BMS_Dashboard/dist/BMSDashboard/_internal/PyQt6/Qt6/qml/QtQuick3D/designer/ResourceLoaderSection.qml	.qml	3122	e0602f214e6d1b5f
BMS_Dashboard/dist/BMSDashboard/_internal/PyQt6/Qt6/qml/QtQuick3D/designer/ResourceLoaderSpecifics.qml	.qml	284	0972e6705e214a85
BMS_Dashboard/dist/BMSDashboard/_internal/PyQt6/Qt6/qml/QtQuick3D/designer/SceneEnvironmentSection.qml	.qml	25382	235bca1336966200
BMS_Dashboard/dist/BMSDashboard/_internal/PyQt6/Qt6/qml/QtQuick3D/designer/SceneEnvironmentSpecifics.qml	.qml	286	cfdd4867d67a7928
BMS_Dashboard/dist/BMSDashboard/_internal/PyQt6/Qt6/qml/QtQuick3D/designer/SetUniformValueSection.qml	.qml	1425	53f6bac41cebf3c0
BMS_Dashboard/dist/BMSDashboard/_internal/PyQt6/Qt6/qml/QtQuick3D/designer/SetUniformValueSpecifics.qml	.qml	285	07df5bf9a1d4eeb1
BMS_Dashboard/dist/BMSDashboard/_internal/PyQt6/Qt6/qml/QtQuick3D/designer/ShaderSection.qml	.qml	1181	20c8a23d50ce6beb
BMS_Dashboard/dist/BMSDashboard/_internal/PyQt6/Qt6/qml/QtQuick3D/designer/ShaderSpecifics.qml	.qml	276	a6f0c7965401b751
BMS_Dashboard/dist/BMSDashboard/_internal/PyQt6/Qt6/qml/QtQuick3D/designer/ShadowSection.qml	.qml	4781	1c411006f004e3b3
BMS_Dashboard/dist/BMSDashboard/_internal/PyQt6/Qt6/qml/QtQuick3D/designer/SkinSection.qml	.qml	313	658b1996ace4bf88
BMS_Dashboard/dist/BMSDashboard/_internal/PyQt6/Qt6/qml/QtQuick3D/designer/SkinSpecifics.qml	.qml	274	70a553e707848ad1
BMS_Dashboard/dist/BMSDashboard/_internal/PyQt6/Qt6/qml/QtQuick3D/designer/SpecularGlossyMaterialSection.qml	.qml	31457	1bc19eb9ac193812
BMS_Dashboard/dist/BMSDashboard/_internal/PyQt6/Qt6/qml/QtQuick3D/designer/SpecularGlossyMaterialSpecifics.qml	.qml	349	6828dcab720456c0
BMS_Dashboard/dist/BMSDashboard/_internal/PyQt6/Qt6/qml/QtQuick3D/designer/SpotLightSection.qml	.qml	3147	3540fc7b552e12b5
BMS_Dashboard/dist/BMSDashboard/_internal/PyQt6/Qt6/qml/QtQuick3D/designer/SpotLightSpecifics.qml	.qml	341	dd78c2a44ad96527
BMS_Dashboard/dist/BMSDashboard/_internal/PyQt6/Qt6/qml/QtQuick3D/designer/TextureInputSection.qml	.qml	1304	38611d80d7967916
BMS_Dashboard/dist/BMSDashboard/_internal/PyQt6/Qt6/qml/QtQuick3D/designer/TextureInputSpecifics.qml	.qml	282	820d5495f95609a8
BMS_Dashboard/dist/BMSDashboard/_internal/PyQt6/Qt6/qml/QtQuick3D/designer/TextureSection.qml	.qml	12876	52e5f46d079fe0dc
BMS_Dashboard/dist/BMSDashboard/_internal/PyQt6/Qt6/qml/QtQuick3D/designer/TextureSpecifics.qml	.qml	277	0eb797356e7c53b7
BMS_Dashboard/dist/BMSDashboard/_internal/PyQt6/Qt6/qml/QtQuick3D/designer/View3DSection.qml	.qml	2450	ac8debee2744ebc6
BMS_Dashboard/dist/BMSDashboard/_internal/PyQt6/Qt6/qml/QtQuick3D/designer/View3DSpecifics.qml	.qml	276	d412a57c4abc0698
BMS_Dashboard/dist/BMSDashboard/_internal/PyQt6/Qt6/qml/QtQuick3D/designer/images/camera.png	.png	276	6b729b7342a702fc
BMS_Dashboard/dist/BMSDashboard/_internal/PyQt6/Qt6/qml/QtQuick3D/designer/images/camera16.png	.png	241	52d40de87fc0f290
BMS_Dashboard/dist/BMSDashboard/_internal/PyQt6/Qt6/qml/QtQuick3D/designer/images/camera@2x.png	.png	385	9337189d349ac1dd
BMS_Dashboard/dist/BMSDashboard/_internal/PyQt6/Qt6/qml/QtQuick3D/designer/images/cone.png	.png	412	9ed3eba5db89d20f
BMS_Dashboard/dist/BMSDashboard/_internal/PyQt6/Qt6/qml/QtQuick3D/designer/images/cone16.png	.png	277	0debc338d32740c8
BMS_Dashboard/dist/BMSDashboard/_internal/PyQt6/Qt6/qml/QtQuick3D/designer/images/cone@2x.png	.png	731	23a24f3b15cddf7a
BMS_Dashboard/dist/BMSDashboard/_internal/PyQt6/Qt6/qml/QtQuick3D/designer/images/cube.png	.png	369	c73d67b48492c645
BMS_Dashboard/dist/BMSDashboard/_internal/PyQt6/Qt6/qml/QtQuick3D/designer/images/cube16.png	.png	190	3b33e04d7ef0ed53
BMS_Dashboard/dist/BMSDashboard/_internal/PyQt6/Qt6/qml/QtQuick3D/designer/images/cube@2x.png	.png	733	33be3f86bb9c8460
BMS_Dashboard/dist/BMSDashboard/_internal/PyQt6/Qt6/qml/QtQuick3D/designer/images/cubemaptexture.png	.png	3182	4db299b5a86276d2
BMS_Dashboard/dist/BMSDashboard/_internal/PyQt6/Qt6/qml/QtQuick3D/designer/images/cubemaptexture16.png	.png	258	91934bfe7e438886
BMS_Dashboard/dist/BMSDashboard/_internal/PyQt6/Qt6/qml/QtQuick3D/designer/images/cubemaptexture@2x.png	.png	3237	03654b6aefb74c54
BMS_Dashboard/dist/BMSDashboard/_internal/PyQt6/Qt6/qml/QtQuick3D/designer/images/custommaterial.png	.png	563	d95a7e080272f584
BMS_Dashboard/dist/BMSDashboard/_internal/PyQt6/Qt6/qml/QtQuick3D/designer/images/custommaterial16.png	.png	347	094b15191562f794
BMS_Dashboard/dist/BMSDashboard/_internal/PyQt6/Qt6/qml/QtQuick3D/designer/images/custommaterial@2x.png	.png	1171	20a9093e74843412
BMS_Dashboard/dist/BMSDashboard/_internal/PyQt6/Qt6/qml/QtQuick3D/designer/images/cylinder.png	.png	445	9f6d91bddf473139
BMS_Dashboard/dist/BMSDashboard/_internal/PyQt6/Qt6/qml/QtQuick3D/designer/images/cylinder16.png	.png	336	756333e9861e4486
BMS_Dashboard/dist/BMSDashboard/_internal/PyQt6/Qt6/qml/QtQuick3D/designer/images/cylinder@2x.png	.png	789	e196eaecfc364668
BMS_Dashboard/dist/BMSDashboard/_internal/PyQt6/Qt6/qml/QtQuick3D/designer/images/debugsettings.png	.png	907	9a6c3ec3a01e7836
BMS_Dashboard/dist/BMSDashboard/_internal/PyQt6/Qt6/qml/QtQuick3D/designer/images/debugsettings16.png	.png	731	87c3ea0fb24dcbbf
BMS_Dashboard/dist/BMSDashboard/_internal/PyQt6/Qt6/qml/QtQuick3D/designer/images/debugsettings@2x.png	.png	1359	d289959a7af243c1
BMS_Dashboard/dist/BMSDashboard/_internal/PyQt6/Qt6/qml/QtQuick3D/designer/images/dummy.png	.png	375	fbc370c541a931e2
BMS_Dashboard/dist/BMSDashboard/_internal/PyQt6/Qt6/qml/QtQuick3D/designer/images/dummy16.png	.png	253	20367abdb3621f0b
BMS_Dashboard/dist/BMSDashboard/_internal/PyQt6/Qt6/qml/QtQuick3D/designer/images/dummy@2x.png	.png	499	ac0ced9846290510
BMS_Dashboard/dist/BMSDashboard/_internal/PyQt6/Qt6/qml/QtQuick3D/designer/images/effect.png	.png	411	740f9dd817e0c149
BMS_Dashboard/dist/BMSDashboard/_internal/PyQt6/Qt6/qml/QtQuick3D/designer/images/effect16.png	.png	321	b33107a111e79a9f
BMS_Dashboard/dist/BMSDashboard/_internal/PyQt6/Qt6/qml/QtQuick3D/designer/images/effect@2x.png	.png	714	7c48754241a74a3a
BMS_Dashboard/dist/BMSDashboard/_internal/PyQt6/Qt6/qml/QtQuick3D/designer/images/fileinstancing.png	.png	597	fa62e3ff27e0690a
BMS_Dashboard/dist/BMSDashboard/_internal/PyQt6/Qt6/qml/QtQuick3D/designer/images/fileinstancing16.png	.png	406	894835058ee9469a
BMS_Dashboard/dist/BMSDashboard/_internal/PyQt6/Qt6/qml/QtQuick3D/designer/images/fileinstancing@2x.png	.png	1223	b39e0c2c6e481fb7
BMS_Dashboard/dist/BMSDashboard/_internal/PyQt6/Qt6/qml/QtQuick3D/designer/images/fog.png	.png	793	def5f5f30d476076
BMS_Dashboard/dist/BMSDashboard/_internal/PyQt6/Qt6/qml/QtQuick3D/designer/images/fog16.png	.png	748	d721d22e03088211
BMS_Dashboard/dist/BMSDashboard/_internal/PyQt6/Qt6/qml/QtQuick3D/designer/images/fog@2x.png	.png	1175	a8a66701d2725e66
BMS_Dashboard/dist/BMSDashboard/_internal/PyQt6/Qt6/qml/QtQuick3D/designer/images/group.png	.png	496	f1ebe725da4eefdd
BMS_Dashboard/dist/BMSDashboard/_internal/PyQt6/Qt6/qml/QtQuick3D/designer/images/group16.png	.png	284	eb34affa8c6104e9
BMS_Dashboard/dist/BMSDashboard/_internal/PyQt6/Qt6/qml/QtQuick3D/designer/images/group@2x.png	.png	822	b756535f7a9763e5
BMS_Dashboard/dist/BMSDashboard/_internal/PyQt6/Qt6/qml/QtQuick3D/designer/images/instancelist.png	.png	602	ea87ebfd0d09d3fd
BMS_Dashboard/dist/BMSDashboard/_internal/PyQt6/Qt6/qml/QtQuick3D/designer/images/instancelist16.png	.png	395	a33bc23eae61ac3e
BMS_Dashboard/dist/BMSDashboard/_internal/PyQt6/Qt6/qml/QtQuick3D/designer/images/instancelist@2x.png	.png	1119	7ddd9f62eeb0b0c9
BMS_Dashboard/dist/BMSDashboard/_internal/PyQt6/Qt6/qml/QtQuick3D/designer/images/instancelistentry.png	.png	462	9abf5f81a50586da
BMS_Dashboard/dist/BMSDashboard/_internal/PyQt6/Qt6/qml/QtQuick3D/designer/images/instancelistentry16.png	.png	308	da11556c8ae2a1bd
BMS_Dashboard/dist/BMSDashboard/_internal/PyQt6/Qt6/qml/QtQuick3D/designer/images/instancelistentry@2x.png	.png	742	38eb4f81600fb6d3
BMS_Dashboard/dist/BMSDashboard/_internal/PyQt6/Qt6/qml/QtQuick3D/designer/images/joint.png	.png	530	a94896f60bd5ba93
BMS_Dashboard/dist/BMSDashboard/_internal/PyQt6/Qt6/qml/QtQuick3D/designer/images/joint16.png	.png	349	da10520d14da218f
BMS_Dashboard/dist/BMSDashboard/_internal/PyQt6/Qt6/qml/QtQuick3D/designer/images/joint@2x.png	.png	1217	80c29b57f4ab3775
BMS_Dashboard/dist/BMSDashboard/_internal/PyQt6/Qt6/qml/QtQuick3D/designer/images/lightdirectional.png	.png	269	ac39ebbe88958e24
BMS_Dashboard/dist/BMSDashboard/_internal/PyQt6/Qt6/qml/QtQuick3D/designer/images/lightdirectional16.png	.png	223	2fd0ffdcd7d6fe84
BMS_Dashboard/dist/BMSDashboard/_internal/PyQt6/Qt6/qml/QtQuick3D/designer/images/lightdirectional@2x.png	.png	457	344a33c29632393d
BMS_Dashboard/dist/BMSDashboard/_internal/PyQt6/Qt6/qml/QtQuick3D/designer/images/lightmapper.png	.png	913	34bb921c85ad5e88
BMS_Dashboard/dist/BMSDashboard/_internal/PyQt6/Qt6/qml/QtQuick3D/designer/images/lightmapper16.png	.png	760	9a8c1b8df5209a84
BMS_Dashboard/dist/BMSDashboard/_internal/PyQt6/Qt6/qml/QtQuick3D/designer/images/lightmapper@2x.png	.png	1402	daddda5755d7025e
BMS_Dashboard/dist/BMSDashboard/_internal/PyQt6/Qt6/qml/QtQuick3D/designer/images/lightpoint.png	.png	559	201b5e77534f3c87
BMS_Dashboard/dist/BMSDashboard/_internal/PyQt6/Qt6/qml/QtQuick3D/designer/images/lightpoint16.png	.png	367	55e9532536b3a095
BMS_Dashboard/dist/BMSDashboard/_internal/PyQt6/Qt6/qml/QtQuick3D/designer/images/lightpoint@2x.png	.png	1033	27ae7add140de901
BMS_Dashboard/dist/BMSDashboard/_internal/PyQt6/Qt6/qml/QtQuick3D/designer/images/lightspot.png	.png	491	784db6a900e28477
BMS_Dashboard/dist/BMSDashboard/_internal/PyQt6/Qt6/qml/QtQuick3D/designer/images/lightspot16.png	.png	358	7c02e9912c07fb68
BMS_Dashboard/dist/BMSDashboard/_internal/PyQt6/Qt6/qml/QtQuick3D/designer/images/lightspot@2x.png	.png	964	9d6f896aa1a2c5cd
BMS_Dashboard/dist/BMSDashboard/_internal/PyQt6/Qt6/qml/QtQuick3D/designer/images/loader3d.png	.png	546	7db9b2b5064d335f
BMS_Dashboard/dist/BMSDashboard/_internal/PyQt6/Qt6/qml/QtQuick3D/designer/images/loader3d16.png	.png	376	05eea9635f5dc43f
BMS_Dashboard/dist/BMSDashboard/_internal/PyQt6/Qt6/qml/QtQuick3D/designer/images/loader3d@2x.png	.png	887	9fe448f495218c0d
BMS_Dashboard/dist/BMSDashboard/_internal/PyQt6/Qt6/qml/QtQuick3D/designer/images/material.png	.png	333	cc1e1674b239730b
BMS_Dashboard/dist/BMSDashboard/_internal/PyQt6/Qt6/qml/QtQuick3D/designer/images/material16.png	.png	314	28dc5a98224ba341
BMS_Dashboard/dist/BMSDashboard/_internal/PyQt6/Qt6/qml/QtQuick3D/designer/images/material@2x.png	.png	621	8abe051df801948a
BMS_Dashboard/dist/BMSDashboard/_internal/PyQt6/Qt6/qml/QtQuick3D/designer/images/model16.png	.png	190	3b33e04d7ef0ed53
BMS_Dashboard/dist/BMSDashboard/_internal/PyQt6/Qt6/qml/QtQuick3D/designer/images/morphtarget.png	.png	394	6f3b89971c208746
BMS_Dashboard/dist/BMSDashboard/_internal/PyQt6/Qt6/qml/QtQuick3D/designer/images/morphtarget16.png	.png	265	5172b94ee6ae042f
BMS_Dashboard/dist/BMSDashboard/_internal/PyQt6/Qt6/qml/QtQuick3D/designer/images/morphtarget@2x.png	.png	703	7deb876818fe000d
BMS_Dashboard/dist/BMSDashboard/_internal/PyQt6/Qt6/qml/QtQuick3D/designer/images/plane.png	.png	154	a3f434324f162a42
BMS_Dashboard/dist/BMSDashboard/_internal/PyQt6/Qt6/qml/QtQuick3D/designer/images/plane16.png	.png	204	9a5f6892a99dee0d
BMS_Dashboard/dist/BMSDashboard/_internal/PyQt6/Qt6/qml/QtQuick3D/designer/images/plane@2x.png	.png	181	e9e25cc1b2ed6213
BMS_Dashboard/dist/BMSDashboard/_internal/PyQt6/Qt6/qml/QtQuick3D/designer/images/reflectionProbe.png	.png	3210	2adaff33d032bcc7
BMS_Dashboard/dist/BMSDashboard/_internal/PyQt6/Qt6/qml/QtQuick3D/designer/images/reflectionProbe16.png	.png	3033	74f444703617d1f8
BMS_Dashboard/dist/BMSDashboard/_internal/PyQt6/Qt6/qml/QtQuick3D/designer/images/reflectionProbe@2x.png	.png	3786	0c23b11554e2bed2
BMS_Dashboard/dist/BMSDashboard/_internal/PyQt6/Qt6/qml/QtQuick3D/designer/images/repeater3d.png	.png	588	cbbe0d2ccc5fccd0
BMS_Dashboard/dist/BMSDashboard/_internal/PyQt6/Qt6/qml/QtQuick3D/designer/images/repeater3d16.png	.png	379	41c9240ffb0bc65a
BMS_Dashboard/dist/BMSDashboard/_internal/PyQt6/Qt6/qml/QtQuick3D/designer/images/repeater3d@2x.png	.png	919	2faa3bbd6206cbb2
BMS_Dashboard/dist/BMSDashboard/_internal/PyQt6/Qt6/qml/QtQuick3D/designer/images/resourceloader.png	.png	900	2aa505af77be3014
BMS_Dashboard/dist/BMSDashboard/_internal/PyQt6/Qt6/qml/QtQuick3D/designer/images/resourceloader16.png	.png	719	b77aa81c80179ffa
BMS_Dashboard/dist/BMSDashboard/_internal/PyQt6/Qt6/qml/QtQuick3D/designer/images/resourceloader@2x.png	.png	1318	9b8019abbb1db2bf
BMS_Dashboard/dist/BMSDashboard/_internal/PyQt6/Qt6/qml/QtQuick3D/designer/images/scene.png	.png	172	f188787b3b5601fb
BMS_Dashboard/dist/BMSDashboard/_internal/PyQt6/Qt6/qml/QtQuick3D/designer/images/scene16.png	.png	219	2156bce7bfcd291b
BMS_Dashboard/dist/BMSDashboard/_internal/PyQt6/Qt6/qml/QtQuick3D/designer/images/scene@2x.png	.png	201	43c5f674a0635921
BMS_Dashboard/dist/BMSDashboard/_internal/PyQt6/Qt6/qml/QtQuick3D/designer/images/shadercommand.png	.png	160	a52be37e748bf1ce
BMS_Dashboard/dist/BMSDashboard/_internal/PyQt6/Qt6/qml/QtQuick3D/designer/images/shadercommand16.png	.png	112	218ce40ede337ec7
BMS_Dashboard/dist/BMSDashboard/_internal/PyQt6/Qt6/qml/QtQuick3D/designer/images/shadercommand@2x.png	.png	145	325759e7b7c208ec
BMS_Dashboard/dist/BMSDashboard/_internal/PyQt6/Qt6/qml/QtQuick3D/designer/images/shaderutil.png	.png	304	3c097b468e0ce8e5
BMS_Dashboard/dist/BMSDashboard/_internal/PyQt6/Qt6/qml/QtQuick3D/designer/images/shaderutil16.png	.png	191	32237a87af29a627
BMS_Dashboard/dist/BMSDashboard/_internal/PyQt6/Qt6/qml/QtQuick3D/designer/images/shaderutil@2x.png	.png	525	6bfbbd3cea48d977
BMS_Dashboard/dist/BMSDashboard/_internal/PyQt6/Qt6/qml/QtQuick3D/designer/images/skeleton.png	.png	524	8dec0124c3ee0849
BMS_Dashboard/dist/BMSDashboard/_internal/PyQt6/Qt6/qml/QtQuick3D/designer/images/skeleton16.png	.png	349	ad2a7f5437a11dfb
BMS_Dashboard/dist/BMSDashboard/_internal/PyQt6/Qt6/qml/QtQuick3D/designer/images/skeleton@2x.png	.png	1157	d254e496728b8a6c
BMS_Dashboard/dist/BMSDashboard/_internal/PyQt6/Qt6/qml/QtQuick3D/designer/images/skin.png	.png	863	521edb9cde5eea7a
BMS_Dashboard/dist/BMSDashboard/_internal/PyQt6/Qt6/qml/QtQuick3D/designer/images/skin16.png	.png	743	5e2d4ed3f31d319b
BMS_Dashboard/dist/BMSDashboard/_internal/PyQt6/Qt6/qml/QtQuick3D/designer/images/skin@2x.png	.png	1354	8c74969e9fc2c6f6
BMS_Dashboard/dist/BMSDashboard/_internal/PyQt6/Qt6/qml/QtQuick3D/designer/images/sphere.png	.png	233	629cd8166c5982c5
BMS_Dashboard/dist/BMSDashboard/_internal/PyQt6/Qt6/qml/QtQuick3D/designer/images/sphere16.png	.png	212	80e55974310acc26
BMS_Dashboard/dist/BMSDashboard/_internal/PyQt6/Qt6/qml/QtQuick3D/designer/images/sphere@2x.png	.png	381	698ef5f1a2e719aa
BMS_Dashboard/dist/BMSDashboard/_internal/PyQt6/Qt6/qml/QtQuick3D/designer/images/texture.png	.png	278	5ec0cac93f6a7c64
BMS_Dashboard/dist/BMSDashboard/_internal/PyQt6/Qt6/qml/QtQuick3D/designer/images/texture16.png	.png	300	104e671505378d6d
BMS_Dashboard/dist/BMSDashboard/_internal/PyQt6/Qt6/qml/QtQuick3D/designer/images/texture@2x.png	.png	433	d7dd82e076410a19
BMS_Dashboard/dist/BMSDashboard/_internal/PyQt6/Qt6/qml/QtQuick3D/designer/images/view3D.png	.png	255	e20d60904087b088
BMS_Dashboard/dist/BMSDashboard/_internal/PyQt6/Qt6/qml/QtQuick3D/designer/images/view3D16.png	.png	242	642fd00521beae88
BMS_Dashboard/dist/BMSDashboard/_internal/PyQt6/Qt6/qml/QtQuick3D/designer/images/view3D@2x.png	.png	411	e53661499352a9a0
BMS_Dashboard/dist/BMSDashboard/_internal/PyQt6/Qt6/qml/QtQuick3D/designer/propertyGroups.json	.json	3900	2d3ed1a734d01e45
BMS_Dashboard/dist/BMSDashboard/_internal/PyQt6/Qt6/qml/QtQuick3D/designer/quick3d.metainfo	.metainfo	25869	b160a63a9096e61f
BMS_Dashboard/dist/BMSDashboard/_internal/PyQt6/Qt6/qml/QtQuick3D/designer/source/custom_material_default_shader.frag	.frag	62	5f71177975664e75
BMS_Dashboard/dist/BMSDashboard/_internal/PyQt6/Qt6/qml/QtQuick3D/designer/source/effect_default_shader.frag	.frag	145	2f7973f02c842fd4
BMS_Dashboard/dist/BMSDashboard/_internal/PyQt6/Qt6/qml/QtQuick3D/designer/source/effect_template.qml	.qml	369	64c511a560bdd869
BMS_Dashboard/dist/BMSDashboard/_internal/PyQt6/Qt6/qml/QtQuick3D/designer/source/view3D_template.qml	.qml	718	1c5980d46c585185
BMS_Dashboard/dist/BMSDashboard/_internal/PyQt6/Qt6/qml/QtQuick3D/qmldir		204	7985d58c36d13fba
BMS_Dashboard/dist/BMSDashboard/_internal/PyQt6/Qt6/qml/QtQuick3D/qquick3dplugin.dll	.dll	130	7a3f8012e67270f2
BMS_Dashboard/dist/BMSDashboard/_internal/PyQt6/Qt6/qml/QtRemoteObjects/declarative_remoteobjectsplugin.dll	.dll	130	20539023d33bff2a
BMS_Dashboard/dist/BMSDashboard/_internal/PyQt6/Qt6/qml/QtRemoteObjects/plugins.qmltypes	.qmltypes	5406	a8237341adfa84cf
BMS_Dashboard/dist/BMSDashboard/_internal/PyQt6/Qt6/qml/QtRemoteObjects/qmldir		221	b0544b5178d66501
BMS_Dashboard/dist/BMSDashboard/_internal/PyQt6/Qt6/qml/QtSensors/plugins.qmltypes	.qmltypes	33360	89d57482592d75a4
BMS_Dashboard/dist/BMSDashboard/_internal/PyQt6/Qt6/qml/QtSensors/qmldir		197	d4ea08a8594b8a42
BMS_Dashboard/dist/BMSDashboard/_internal/PyQt6/Qt6/qml/QtSensors/sensorsquickplugin.dll	.dll	130	f8ef9d8f8630744f
BMS_Dashboard/dist/BMSDashboard/_internal/PyQt6/Qt6/qml/QtTest/SignalSpy.qml	.qml	7827	29effab6df9f1e6a
BMS_Dashboard/dist/BMSDashboard/_internal/PyQt6/Qt6/qml/QtTest/TestCase.qml	.qml	80385	45e331e10f311aae
BMS_Dashboard/dist/BMSDashboard/_internal/PyQt6/Qt6/qml/QtTest/TestSchedule.qml	.qml	676	d3abca7d066c3ba5
BMS_Dashboard/dist/BMSDashboard/_internal/PyQt6/Qt6/qml/QtTest/plugins.qmltypes	.qmltypes	17707	2254ed742e7be47f
BMS_Dashboard/dist/BMSDashboard/_internal/PyQt6/Qt6/qml/QtTest/qmldir		392	197facc90016f881
BMS_Dashboard/dist/BMSDashboard/_internal/PyQt6/Qt6/qml/QtTest/quicktestplugin.dll	.dll	130	bbae7c586d351066
BMS_Dashboard/dist/BMSDashboard/_internal/PyQt6/Qt6/qml/QtTest/testlogger.js	.js	1438	3638cbb13dcf0f6e
BMS_Dashboard/dist/BMSDashboard/_internal/PyQt6/Qt6/qml/QtTextToSpeech/plugins.qmltypes	.qmltypes	10914	8d9a51f66eea10eb
BMS_Dashboard/dist/BMSDashboard/_internal/PyQt6/Qt6/qml/QtTextToSpeech/qmldir		198	fc10abf42adcbe27
BMS_Dashboard/dist/BMSDashboard/_internal/PyQt6/Qt6/qml/QtTextToSpeech/texttospeechqmlplugin.dll	.dll	130	883524bc33d1a45e
BMS_Dashboard/dist/BMSDashboard/_internal/PyQt6/Qt6/qml/QtWebChannel/plugins.qmltypes	.qmltypes	3573	a347a65fcd6cd51c
BMS_Dashboard/dist/BMSDashboard/_internal/PyQt6/Qt6/qml/QtWebChannel/qmldir		198	be66d8fe51a5a983
BMS_Dashboard/dist/BMSDashboard/_internal/PyQt6/Qt6/qml/QtWebChannel/webchannelquickplugin.dll	.dll	130	645e815106a9e616
BMS_Dashboard/dist/BMSDashboard/_internal/PyQt6/Qt6/qml/QtWebEngine/ControlsDelegates/AlertDialog.qml	.qml	1817	d83d8cb926e988aa
BMS_Dashboard/dist/BMSDashboard/_internal/PyQt6/Qt6/qml/QtWebEngine/ControlsDelegates/AuthenticationDialog.qml	.qml	2804	969067e6f6a42915
BMS_Dashboard/dist/BMSDashboard/_internal/PyQt6/Qt6/qml/QtWebEngine/ControlsDelegates/AutofillPopup.qml	.qml	931	be83a1cd5c4218cb
BMS_Dashboard/dist/BMSDashboard/_internal/PyQt6/Qt6/qml/QtWebEngine/ControlsDelegates/ColorDialog.qml	.qml	319	df2d7cb5870b8f02
BMS_Dashboard/dist/BMSDashboard/_internal/PyQt6/Qt6/qml/QtWebEngine/ControlsDelegates/ConfirmDialog.qml	.qml	2096	d8aa3f322eef53a1
BMS_Dashboard/dist/BMSDashboard/_internal/PyQt6/Qt6/qml/QtWebEngine/ControlsDelegates/DirectoryPicker.qml	.qml	343	7fcf50250577b193
BMS_Dashboard/dist/BMSDashboard/_internal/PyQt6/Qt6/qml/QtWebEngine/ControlsDelegates/FilePicker.qml	.qml	334	1684cdc4ea81aacf
BMS_Dashboard/dist/BMSDashboard/_internal/PyQt6/Qt6/qml/QtWebEngine/ControlsDelegates/Menu.qml	.qml	558	f330fe678e7037eb
BMS_Dashboard/dist/BMSDashboard/_internal/PyQt6/Qt6/qml/QtWebEngine/ControlsDelegates/MenuItem.qml	.qml	205	25585a58037b8c23
BMS_Dashboard/dist/BMSDashboard/_internal/PyQt6/Qt6/qml/QtWebEngine/ControlsDelegates/MenuSeparator.qml	.qml	180	5c14cff7deaf0d04
BMS_Dashboard/dist/BMSDashboard/_internal/PyQt6/Qt6/qml/QtWebEngine/ControlsDelegates/PromptDialog.qml	.qml	2086	8608440ae6059c09
BMS_Dashboard/dist/BMSDashboard/_internal/PyQt6/Qt6/qml/QtWebEngine/ControlsDelegates/ToolTip.qml	.qml	249	fd255edf45f63379
BMS_Dashboard/dist/BMSDashboard/_internal/PyQt6/Qt6/qml/QtWebEngine/ControlsDelegates/TouchHandle.qml	.qml	171	82b57d102b05e3a6
BMS_Dashboard/dist/BMSDashboard/_internal/PyQt6/Qt6/qml/QtWebEngine/ControlsDelegates/TouchSelectionMenu.qml	.qml	3618	8585de713927e916
BMS_Dashboard/dist/BMSDashboard/_internal/PyQt6/Qt6/qml/QtWebEngine/ControlsDelegates/WebEngineQuickDelegatesQml.qmltypes	.qmltypes	215	a96c7bf5832767bd
BMS_Dashboard/dist/BMSDashboard/_internal/PyQt6/Qt6/qml/QtWebEngine/ControlsDelegates/qmldir		1257	bd776cd7c8d543b0
BMS_Dashboard/dist/BMSDashboard/_internal/PyQt6/Qt6/qml/QtWebEngine/ControlsDelegates/qtwebenginequickdelegatesplugin.dll	.dll	130	df381e2b96e15c31
BMS_Dashboard/dist/BMSDashboard/_internal/PyQt6/Qt6/qml/QtWebEngine/plugins.qmltypes	.qmltypes	100626	28d2928cdd0e70cf
BMS_Dashboard/dist/BMSDashboard/_internal/PyQt6/Qt6/qml/QtWebEngine/qmldir		235	58297d569cab27d2
BMS_Dashboard/dist/BMSDashboard/_internal/PyQt6/Qt6/qml/QtWebEngine/qtwebenginequickplugin.dll	.dll	130	86693075db79abbd
BMS_Dashboard/dist/BMSDashboard/_internal/PyQt6/Qt6/qml/QtWebSockets/plugins.qmltypes	.qmltypes	3496	15890741a8e0d919
BMS_Dashboard/dist/BMSDashboard/_internal/PyQt6/Qt6/qml/QtWebSockets/qmldir		190	7750268426f0c51b
BMS_Dashboard/dist/BMSDashboard/_internal/PyQt6/Qt6/qml/QtWebSockets/qmlwebsocketsplugin.dll	.dll	130	81e4b46734afecef
BMS_Dashboard/dist/BMSDashboard/_internal/PyQt6/Qt6/resources/icudtl.dat	.dat	10717392	f5170aa2b388d23b
BMS_Dashboard/dist/BMSDashboard/_internal/PyQt6/Qt6/resources/qtwebengine_devtools_resources.pak	.pak	9541011	6a3fcc1b697017dd
BMS_Dashboard/dist/BMSDashboard/_internal/PyQt6/Qt6/resources/qtwebengine_resources.pak	.pak	2318143	7e9c3c381c6a1bf3
BMS_Dashboard/dist/BMSDashboard/_internal/PyQt6/Qt6/resources/qtwebengine_resources_100p.pak	.pak	148530	c471280e5c2b50d0
BMS_Dashboard/dist/BMSDashboard/_internal/PyQt6/Qt6/resources/qtwebengine_resources_200p.pak	.pak	193758	70418cc40f2078d5
BMS_Dashboard/dist/BMSDashboard/_internal/PyQt6/Qt6/resources/v8_context_snapshot.bin	.bin	626377	0f773364ce4b48c0
BMS_Dashboard/dist/BMSDashboard/_internal/PyQt6/Qt6/resources/v8_context_snapshot.debug.bin	.bin	1885697	c6b0a9d4c11095ec
BMS_Dashboard/dist/BMSDashboard/_internal/PyQt6/Qt6/translations/qt_ar.qm	.qm	104	b11333c520ccd8e3
BMS_Dashboard/dist/BMSDashboard/_internal/PyQt6/Qt6/translations/qt_bg.qm	.qm	91	1e22ee126ec9f760
BMS_Dashboard/dist/BMSDashboard/_internal/PyQt6/Qt6/translations/qt_ca.qm	.qm	91	17ab2623c7f6e8de
BMS_Dashboard/dist/BMSDashboard/_internal/PyQt6/Qt6/translations/qt_cs.qm	.qm	95	c585918fb1d4821a
BMS_Dashboard/dist/BMSDashboard/_internal/PyQt6/Qt6/translations/qt_da.qm	.qm	91	f6773c672acb73fd
BMS_Dashboard/dist/BMSDashboard/_internal/PyQt6/Qt6/translations/qt_de.qm	.qm	91	0401c316aa3b50a1
BMS_Dashboard/dist/BMSDashboard/_internal/PyQt6/Qt6/translations/qt_en.qm	.qm	33	494ac9a2b2cb2fde
BMS_Dashboard/dist/BMSDashboard/_internal/PyQt6/Qt6/translations/qt_es.qm	.qm	91	648ed4519bc45d7a
BMS_Dashboard/dist/BMSDashboard/_internal/PyQt6/Qt6/translations/qt_fa.qm	.qm	84	3f4c989c6b2990d8
BMS_Dashboard/dist/BMSDashboard/_internal/PyQt6/Qt6/translations/qt_fi.qm	.qm	91	342d01c7eeb234e4
BMS_Dashboard/dist/BMSDashboard/_internal/PyQt6/Qt6/translations/qt_fr.qm	.qm	91	c896a38892a92346
BMS_Dashboard/dist/BMSDashboard/_internal/PyQt6/Qt6/translations/qt_gd.qm	.qm	70	49df855a004a1795
BMS_Dashboard/dist/BMSDashboard/_internal/PyQt6/Qt6/translations/qt_gl.qm	.qm	323590	204a01ac7deb6b5b
BMS_Dashboard/dist/BMSDashboard/_internal/PyQt6/Qt6/translations/qt_he.qm	.qm	57	36f01fff2f25e116
BMS_Dashboard/dist/BMSDashboard/_internal/PyQt6/Qt6/translations/qt_help_ar.qm	.qm	8743	222088c9752d1cc3
BMS_Dashboard/dist/BMSDashboard/_internal/PyQt6/Qt6/translations/qt_help_bg.qm	.qm	10599	cbcdd1e0bbae332d
BMS_Dashboard/dist/BMSDashboard/_internal/PyQt6/Qt6/translations/qt_help_ca.qm	.qm	7426	8c98b5ee246e1839
BMS_Dashboard/dist/BMSDashboard/_internal/PyQt6/Qt6/translations/qt_help_cs.qm	.qm	15297	4ac56fc63e400943
BMS_Dashboard/dist/BMSDashboard/_internal/PyQt6/Qt6/translations/qt_help_da.qm	.qm	4795	6bb092552a398687
BMS_Dashboard/dist/BMSDashboard/_internal/PyQt6/Qt6/translations/qt_help_de.qm	.qm	7570	9962523fbae9f1e4
BMS_Dashboard/dist/BMSDashboard/_internal/PyQt6/Qt6/translations/qt_help_en.qm	.qm	33	494ac9a2b2cb2fde
BMS_Dashboard/dist/BMSDashboard/_internal/PyQt6/Qt6/translations/qt_help_es.qm	.qm	10704	fd16b279f8cf6907
BMS_Dashboard/dist/BMSDashboard/_internal/PyQt6/Qt6/translations/qt_help_fr.qm	.qm	3573	875ee2dcdc64e3de
BMS_Dashboard/dist/BMSDashboard/_internal/PyQt6/Qt6/translations/qt_help_gl.qm	.qm	10891	7399a24860997477
BMS_Dashboard/dist/BMSDashboard/_internal/PyQt6/Qt6/translations/qt_help_hr.qm	.qm	5170	8c8cc3c5b1ab2b07
BMS_Dashboard/dist/BMSDashboard/_internal/PyQt6/Qt6/translations/qt_help_hu.qm	.qm	7259	8e71cba20ba79902
BMS_Dashboard/dist/BMSDashboard/_internal/PyQt6/Qt6/translations/qt_help_it.qm	.qm	10612	316fe8d0815e2b4b
BMS_Dashboard/dist/BMSDashboard/_internal/PyQt6/Qt6/translations/qt_help_ja.qm	.qm	7917	ae603b2c0d434d40
BMS_Dashboard/dist/BMSDashboard/_internal/PyQt6/Qt6/translations/qt_help_ka.qm	.qm	7091	159c74f94b384b5e
BMS_Dashboard/dist/BMSDashboard/_internal/PyQt6/Qt6/translations/qt_help_ko.qm	.qm	5708	f11c64694e8e34e1
BMS_Dashboard/dist/BMSDashboard/_internal/PyQt6/Qt6/translations/qt_help_nl.qm	.qm	5087	44a8a0daf775d143
BMS_Dashboard/dist/BMSDashboard/_internal/PyQt6/Qt6/translations/qt_help_nn.qm	.qm	6934	4c8a7213942078e4
BMS_Dashboard/dist/BMSDashboard/_internal/PyQt6/Qt6/translations/qt_help_pl.qm	.qm	9673	cc6cb4d8c5408622
BMS_Dashboard/dist/BMSDashboard/_internal/PyQt6/Qt6/translations/qt_help_pt_BR.qm	.qm	15776	17a164045c0fc53d
BMS_Dashboard/dist/BMSDashboard/_internal/PyQt6/Qt6/translations/qt_help_ru.qm	.qm	7288	557b644e6da5f1ec
BMS_Dashboard/dist/BMSDashboard/_internal/PyQt6/Qt6/translations/qt_help_sk.qm	.qm	10388	f41e33e1d790bd0d
BMS_Dashboard/dist/BMSDashboard/_internal/PyQt6/Qt6/translations/qt_help_sl.qm	.qm	10363	2ec955e662407ebc
BMS_Dashboard/dist/BMSDashboard/_internal/PyQt6/Qt6/translations/qt_help_tr.qm	.qm	6735	6ec2b8c5c775bc76
BMS_Dashboard/dist/BMSDashboard/_internal/PyQt6/Qt6/translations/qt_help_uk.qm	.qm	9750	497cfc473684692e
BMS_Dashboard/dist/BMSDashboard/_internal/PyQt6/Qt6/translations/qt_help_zh_CN.qm	.qm	5115	e256d1f6034a5a55
BMS_Dashboard/dist/BMSDashboard/_internal/PyQt6/Qt6/translations/qt_help_zh_TW.qm	.qm	5160	67e6df0a6c65e0fc
BMS_Dashboard/dist/BMSDashboard/_internal/PyQt6/Qt6/translations/qt_hr.qm	.qm	102	fc9e4146f33be3d0
BMS_Dashboard/dist/BMSDashboard/_internal/PyQt6/Qt6/translations/qt_hu.qm	.qm	84	c2fa649f167cdb80
BMS_Dashboard/dist/BMSDashboard/_internal/PyQt6/Qt6/translations/qt_it.qm	.qm	91	9e7a18bc20ebeec5
BMS_Dashboard/dist/BMSDashboard/_internal/PyQt6/Qt6/translations/qt_ja.qm	.qm	84	0f5fe50452947d1e
BMS_Dashboard/dist/BMSDashboard/_internal/PyQt6/Qt6/translations/qt_ka.qm	.qm	94	00b67c6dfc255079
BMS_Dashboard/dist/BMSDashboard/_internal/PyQt6/Qt6/translations/qt_ko.qm	.qm	84	1d254b535e1cb35c
BMS_Dashboard/dist/BMSDashboard/_internal/PyQt6/Qt6/translations/qt_lt.qm	.qm	165383	47eb5f97467df769
BMS_Dashboard/dist/BMSDashboard/_internal/PyQt6/Qt6/translations/qt_lv.qm	.qm	63	addeca2852823382
BMS_Dashboard/dist/BMSDashboard/_internal/PyQt6/Qt6/translations/qt_nl.qm	.qm	91	39e870cbd25c0f97
BMS_Dashboard/dist/BMSDashboard/_internal/PyQt6/Qt6/translations/qt_nn.qm	.qm	91	4e544e23f75eafe1
BMS_Dashboard/dist/BMSDashboard/_internal/PyQt6/Qt6/translations/qt_pl.qm	.qm	99	e6890afa0caf0f6d
BMS_Dashboard/dist/BMSDashboard/_internal/PyQt6/Qt6/translations/qt_pt_BR.qm	.qm	106	0e24c58e35271853
BMS_Dashboard/dist/BMSDashboard/_internal/PyQt6/Qt6/translations/qt_pt_PT.qm	.qm	70334	2c1e7bbf5168a64b
BMS_Dashboard/dist/BMSDashboard/_internal/PyQt6/Qt6/translations/qt_ru.qm	.qm	102	1b388e2d6d1bd405
BMS_Dashboard/dist/BMSDashboard/_internal/PyQt6/Qt6/translations/qt_sk.qm	.qm	95	840c3b01c89df976
BMS_Dashboard/dist/BMSDashboard/_internal/PyQt6/Qt6/translations/qt_sl.qm	.qm	228428	c44e0313a9414cc0
BMS_Dashboard/dist/BMSDashboard/_internal/PyQt6/Qt6/translations/qt_sv.qm	.qm	65865	0032c8cbaf79e836
BMS_Dashboard/dist/BMSDashboard/_internal/PyQt6/Qt6/translations/qt_tr.qm	.qm	84	59e8a0c411be3b08
BMS_Dashboard/dist/BMSDashboard/_internal/PyQt6/Qt6/translations/qt_uk.qm	.qm	102	053ec1f677c4dba4
BMS_Dashboard/dist/BMSDashboard/_internal/PyQt6/Qt6/translations/qt_zh_CN.qm	.qm	99	c0e29d32c9540a7e
BMS_Dashboard/dist/BMSDashboard/_internal/PyQt6/Qt6/translations/qt_zh_TW.qm	.qm	99	24e2269544916895
BMS_Dashboard/dist/BMSDashboard/_internal/PyQt6/Qt6/translations/qtbase_ar.qm	.qm	160017	e03fe68d83201543
BMS_Dashboard/dist/BMSDashboard/_internal/PyQt6/Qt6/translations/qtbase_bg.qm	.qm	165337	e448ac9e3f16c29e
BMS_Dashboard/dist/BMSDashboard/_internal/PyQt6/Qt6/translations/qtbase_ca.qm	.qm	209899	005b0aa0c9a5b930
BMS_Dashboard/dist/BMSDashboard/_internal/PyQt6/Qt6/translations/qtbase_cs.qm	.qm	174701	03028b42df547927
BMS_Dashboard/dist/BMSDashboard/_internal/PyQt6/Qt6/translations/qtbase_da.qm	.qm	181387	7d1e5ca3310b54d1
BMS_Dashboard/dist/BMSDashboard/_internal/PyQt6/Qt6/translations/qtbase_de.qm	.qm	219567	8e6c0b5a773e36d6
BMS_Dashboard/dist/BMSDashboard/_internal/PyQt6/Qt6/translations/qtbase_en.qm	.qm	33	494ac9a2b2cb2fde
BMS_Dashboard/dist/BMSDashboard/_internal/PyQt6/Qt6/translations/qtbase_es.qm	.qm	165170	4ffda56ba3bb5414
BMS_Dashboard/dist/BMSDashboard/_internal/PyQt6/Qt6/translations/qtbase_fa.qm	.qm	148156	f78e59b5bdd58618
BMS_Dashboard/dist/BMSDashboard/_internal/PyQt6/Qt6/translations/qtbase_fi.qm	.qm	179941	e47fe13713e184d0
BMS_Dashboard/dist/BMSDashboard/_internal/PyQt6/Qt6/translations/qtbase_fr.qm	.qm	159463	314243a55c32679a
BMS_Dashboard/dist/BMSDashboard/_internal/PyQt6/Qt6/translations/qtbase_gd.qm	.qm	189580	63b439dd44139aa3
BMS_Dashboard/dist/BMSDashboard/_internal/PyQt6/Qt6/translations/qtbase_he.qm	.qm	138690	e1ebca16afe89943
BMS_Dashboard/dist/BMSDashboard/_internal/PyQt6/Qt6/translations/qtbase_hr.qm	.qm	149711	bb9eec9a9a652c13
BMS_Dashboard/dist/BMSDashboard/_internal/PyQt6/Qt6/translations/qtbase_hu.qm	.qm	203396	6cf10d2b00cf6910
BMS_Dashboard/dist/BMSDashboard/_internal/PyQt6/Qt6/translations/qtbase_it.qm	.qm	161166	7808ed542a7833c4
BMS_Dashboard/dist/BMSDashboard/_internal/PyQt6/Qt6/translations/qtbase_ja.qm	.qm	129913	2b9581c69b975f59
BMS_Dashboard/dist/BMSDashboard/_internal/PyQt6/Qt6/translations/qtbase_ka.qm	.qm	201105	e55e4b72fa620beb
BMS_Dashboard/dist/BMSDashboard/_internal/PyQt6/Qt6/translations/qtbase_ko.qm	.qm	156799	0179ed1b136e1cb3
BMS_Dashboard/dist/BMSDashboard/_internal/PyQt6/Qt6/translations/qtbase_lv.qm	.qm	153608	846e047573ae40c8
BMS_Dashboard/dist/BMSDashboard/_internal/PyQt6/Qt6/translations/qtbase_nl.qm	.qm	202861	f61513bcdbb6ad80
BMS_Dashboard/dist/BMSDashboard/_internal/PyQt6/Qt6/translations/qtbase_nn.qm	.qm	196424	983734b40aa4d250
BMS_Dashboard/dist/BMSDashboard/_internal/PyQt6/Qt6/translations/qtbase_pl.qm	.qm	162962	3cf6b5c14d5eb0cf
BMS_Dashboard/dist/BMSDashboard/_internal/PyQt6/Qt6/translations/qtbase_pt_BR.qm	.qm	208516	8344f5bc333c45d3
BMS_Dashboard/dist/BMSDashboard/_internal/PyQt6/Qt6/translations/qtbase_ru.qm	.qm	203767	3da6605668f9178d
BMS_Dashboard/dist/BMSDashboard/_internal/PyQt6/Qt6/translations/qtbase_sk.qm	.qm	125763	d586ae2c314074cf
BMS_Dashboard/dist/BMSDashboard/_internal/PyQt6/Qt6/translations/qtbase_tr.qm	.qm	190755	4013c3340dab7ae2
BMS_Dashboard/dist/BMSDashboard/_internal/PyQt6/Qt6/translations/qtbase_uk.qm	.qm	158274	51b8ff55b37dc590
BMS_Dashboard/dist/BMSDashboard/_internal/PyQt6/Qt6/translations/qtbase_zh_CN.qm	.qm	136673	98fd4b97dbec8af5
BMS_Dashboard/dist/BMSDashboard/_internal/PyQt6/Qt6/translations/qtbase_zh_TW.qm	.qm	126185	21012b2b427f8d09
BMS_Dashboard/dist/BMSDashboard/_internal/PyQt6/Qt6/translations/qtdeclarative_ar.qm	.qm	640	c5ceec934c9ccfe3
BMS_Dashboard/dist/BMSDashboard/_internal/PyQt6/Qt6/translations/qtdeclarative_bg.qm	.qm	70819	c9d7f74f94df83ac
BMS_Dashboard/dist/BMSDashboard/_internal/PyQt6/Qt6/translations/qtdeclarative_ca.qm	.qm	99189	3a03b9ede8149ad4
BMS_Dashboard/dist/BMSDashboard/_internal/PyQt6/Qt6/translations/qtdeclarative_da.qm	.qm	70134	b5afe4ab5f6fc9f0
BMS_Dashboard/dist/BMSDashboard/_internal/PyQt6/Qt6/translations/qtdeclarative_de.qm	.qm	104975	cb56c00525363606
BMS_Dashboard/dist/BMSDashboard/_internal/PyQt6/Qt6/translations/qtdeclarative_en.qm	.qm	33	494ac9a2b2cb2fde
BMS_Dashboard/dist/BMSDashboard/_internal/PyQt6/Qt6/translations/qtdeclarative_es.qm	.qm	59875	e21fbd29b7f7eeee
BMS_Dashboard/dist/BMSDashboard/_internal/PyQt6/Qt6/translations/qtdeclarative_fa.qm	.qm	29899	0c5409752ea59ab1
BMS_Dashboard/dist/BMSDashboard/_internal/PyQt6/Qt6/translations/qtdeclarative_fi.qm	.qm	65815	ecbdfe57ceaccd55
BMS_Dashboard/dist/BMSDashboard/_internal/PyQt6/Qt6/translations/qtdeclarative_fr.qm	.qm	54514	81f3353c0b247998
BMS_Dashboard/dist/BMSDashboard/_internal/PyQt6/Qt6/translations/qtdeclarative_hr.qm	.qm	60894	a63b1e7c5627e1de
BMS_Dashboard/dist/BMSDashboard/_internal/PyQt6/Qt6/translations/qtdeclarative_hu.qm	.qm	98148	49cf685dee958d96
BMS_Dashboard/dist/BMSDashboard/_internal/PyQt6/Qt6/translations/qtdeclarative_ja.qm	.qm	45301	48510e832351af87
BMS_Dashboard/dist/BMSDashboard/_internal/PyQt6/Qt6/translations/qtdeclarative_ka.qm	.qm	94893	a4cbe159075447b3
BMS_Dashboard/dist/BMSDashboard/_internal/PyQt6/Qt6/translations/qtdeclarative_ko.qm	.qm	50236	1fb83338961974ca
BMS_Dashboard/dist/BMSDashboard/_internal/PyQt6/Qt6/translations/qtdeclarative_lv.qm	.qm	53940	17ade65ceb98dada
BMS_Dashboard/dist/BMSDashboard/_internal/PyQt6/Qt6/translations/qtdeclarative_nl.qm	.qm	74976	4cb5dc8dc9177717
BMS_Dashboard/dist/BMSDashboard/_internal/PyQt6/Qt6/translations/qtdeclarative_nn.qm	.qm	861	ecec4a3480bd3752
BMS_Dashboard/dist/BMSDashboard/_internal/PyQt6/Qt6/translations/qtdeclarative_pl.qm	.qm	64190	a2bd73094da6595e
BMS_Dashboard/dist/BMSDashboard/_internal/PyQt6/Qt6/translations/qtdeclarative_pt_BR.qm	.qm	83041	a341e3bad713908f
BMS_Dashboard/dist/BMSDashboard/_internal/PyQt6/Qt6/translations/qtdeclarative_ru.qm	.qm	67138	5ab39dabf085583a
BMS_Dashboard/dist/BMSDashboard/_internal/PyQt6/Qt6/translations/qtdeclarative_sk.qm	.qm	48654	f95360e7cf10169e
BMS_Dashboard/dist/BMSDashboard/_internal/PyQt6/Qt6/translations/qtdeclarative_tr.qm	.qm	70623	5a10cac3eb68487c
BMS_Dashboard/dist/BMSDashboard/_internal/PyQt6/Qt6/translations/qtdeclarative_uk.qm	.qm	73366	1aacd6a5f2583d80
BMS_Dashboard/dist/BMSDashboard/_internal/PyQt6/Qt6/translations/qtdeclarative_zh_CN.qm	.qm	63092	9f9a15dcddf7cdfc
BMS_Dashboard/dist/BMSDashboard/_internal/PyQt6/Qt6/translations/qtdeclarative_zh_TW.qm	.qm	647	c6c8b3d2874d0acf
BMS_Dashboard/dist/BMSDashboard/_internal/PyQt6/Qt6/translations/qtlocation_bg.qm	.qm	42381	ef1ddd08a34d1e33
BMS_Dashboard/dist/BMSDashboard/_internal/PyQt6/Qt6/translations/qtlocation_ca.qm	.qm	45940	fff9e051c55dbf4f
BMS_Dashboard/dist/BMSDashboard/_internal/PyQt6/Qt6/translations/qtlocation_da.qm	.qm	44056	e37e59e61d4987de
BMS_Dashboard/dist/BMSDashboard/_internal/PyQt6/Qt6/translations/qtlocation_de.qm	.qm	46702	40aba328bebdba9a
BMS_Dashboard/dist/BMSDashboard/_internal/PyQt6/Qt6/translations/qtlocation_en.qm	.qm	33	494ac9a2b2cb2fde
BMS_Dashboard/dist/BMSDashboard/_internal/PyQt6/Qt6/translations/qtlocation_es.qm	.qm	23400	0312ec0ac787f1c0
BMS_Dashboard/dist/BMSDashboard/_internal/PyQt6/Qt6/translations/qtlocation_fi.qm	.qm	43724	d0e2a47a4e99022a
BMS_Dashboard/dist/BMSDashboard/_internal/PyQt6/Qt6/translations/qtlocation_fr.qm	.qm	22158	741113418d11e506
BMS_Dashboard/dist/BMSDashboard/_internal/PyQt6/Qt6/translations/qtlocation_hr.qm	.qm	43758	36cfba3b2a2259cb
BMS_Dashboard/dist/BMSDashboard/_internal/PyQt6/Qt6/translations/qtlocation_hu.qm	.qm	44873	cb3bd76c56c417d3
BMS_Dashboard/dist/BMSDashboard/_internal/PyQt6/Qt6/translations/qtlocation_ka.qm	.qm	43966	066470ff7f294666
BMS_Dashboard/dist/BMSDashboard/_internal/PyQt6/Qt6/translations/qtlocation_ko.qm	.qm	35336	51b1df77a487781e
BMS_Dashboard/dist/BMSDashboard/_internal/PyQt6/Qt6/translations/qtlocation_nl.qm	.qm	44290	f40c6bf944c52f13
BMS_Dashboard/dist/BMSDashboard/_internal/PyQt6/Qt6/translations/qtlocation_pl.qm	.qm	42325	621b346772270f90
BMS_Dashboard/dist/BMSDashboard/_internal/PyQt6/Qt6/translations/qtlocation_pt_BR.qm	.qm	51109	8f060faca207e772
BMS_Dashboard/dist/BMSDashboard/_internal/PyQt6/Qt6/translations/qtlocation_ru.qm	.qm	43278	8a8e223275e037f7
BMS_Dashboard/dist/BMSDashboard/_internal/PyQt6/Qt6/translations/qtlocation_tr.qm	.qm	44365	ba09e9ed9857ee5c
BMS_Dashboard/dist/BMSDashboard/_internal/PyQt6/Qt6/translations/qtlocation_uk.qm	.qm	24159	1910621ce710a23f
BMS_Dashboard/dist/BMSDashboard/_internal/PyQt6/Qt6/translations/qtlocation_zh_CN.qm	.qm	32577	6dbd2ce62c3235ba
BMS_Dashboard/dist/BMSDashboard/_internal/PyQt6/Qt6/translations/qtwebengine_ca.qm	.qm	13967	a746c73f5eaa5e10
BMS_Dashboard/dist/BMSDashboard/_internal/PyQt6/Qt6/translations/qtwebengine_de.qm	.qm	14219	dad28940fc26bea2
BMS_Dashboard/dist/BMSDashboard/_internal/PyQt6/Qt6/translations/qtwebengine_en.qm	.qm	33	494ac9a2b2cb2fde
BMS_Dashboard/dist/BMSDashboard/_internal/PyQt6/Qt6/translations/qtwebengine_es.qm	.qm	8435	a7ca4ad4d17d1361
BMS_Dashboard/dist/BMSDashboard/_internal/PyQt6/Qt6/translations/qtwebengine_ka.qm	.qm	13387	15a3b600bc4a07cb
BMS_Dashboard/dist/BMSDashboard/_internal/PyQt6/Qt6/translations/qtwebengine_ko.qm	.qm	5922	384dde8013a57875
BMS_Dashboard/dist/BMSDashboard/_internal/PyQt6/Qt6/translations/qtwebengine_locales/en-US.pak	.pak	412921	2ba506930a8da5c3
BMS_Dashboard/dist/BMSDashboard/_internal/PyQt6/Qt6/translations/qtwebengine_pl.qm	.qm	8770	eb2b5cbe262b43df
BMS_Dashboard/dist/BMSDashboard/_internal/PyQt6/Qt6/translations/qtwebengine_ru.qm	.qm	14376	b75b2997f6aedc21
BMS_Dashboard/dist/BMSDashboard/_internal/PyQt6/Qt6/translations/qtwebengine_uk.qm	.qm	9249	8cc9a4149bdaedc5
BMS_Dashboard/dist/BMSDashboard/_internal/PyQt6/Qt6/translations/qtwebengine_zh_CN.qm	.qm	9733	7bb6a9681ac9a293
BMS_Dashboard/dist/BMSDashboard/_internal/PyQt6/QtCore.pyd	.pyd	2496512	7ec13026cac563d9
BMS_Dashboard/dist/BMSDashboard/_internal/PyQt6/QtGui.pyd	.pyd	2221568	af423b8bcecee280
BMS_Dashboard/dist/BMSDashboard/_internal/PyQt6/QtNetwork.pyd	.pyd	740352	557b9e43592882c6
BMS_Dashboard/dist/BMSDashboard/_internal/PyQt6/QtOpenGL.pyd	.pyd	1130496	1356cbf50d1b9cfa
BMS_Dashboard/dist/BMSDashboard/_internal/PyQt6/QtPositioning.pyd	.pyd	210432	bc07b39b5a77ae90
BMS_Dashboard/dist/BMSDashboard/_internal/PyQt6/QtPrintSupport.pyd	.pyd	257024	96a5a6855a5248f5
BMS_Dashboard/dist/BMSDashboard/_internal/PyQt6/QtQml.pyd	.pyd	745984	7e028379f8405710
BMS_Dashboard/dist/BMSDashboard/_internal/PyQt6/QtQuick.pyd	.pyd	977408	b292b667dd082e2b
BMS_Dashboard/dist/BMSDashboard/_internal/PyQt6/QtQuickWidgets.pyd	.pyd	67584	c16921fc9ee482dd
BMS_Dashboard/dist/BMSDashboard/_internal/PyQt6/QtWebChannel.pyd	.pyd	45056	f24d695cf7ac5619
BMS_Dashboard/dist/BMSDashboard/_internal/PyQt6/QtWebEngineCore.pyd	.pyd	326144	1ed902bf626de208
BMS_Dashboard/dist/BMSDashboard/_internal/PyQt6/QtWebEngineWidgets.pyd	.pyd	76288	5611a1044a07d1cb
BMS_Dashboard/dist/BMSDashboard/_internal/PyQt6/QtWidgets.pyd	.pyd	5039104	3daad2162489819f
BMS_Dashboard/dist/BMSDashboard/_internal/PyQt6/sip.cp38-win_amd64.pyd	.pyd	110592	740aa497eaddeab0
BMS_Dashboard/dist/BMSDashboard/_internal/VCRUNTIME140.dll	.dll	131	943c9ba3750535aa
BMS_Dashboard/dist/BMSDashboard/_internal/VCRUNTIME140_1.dll	.dll	130	2dcf63cf5ab350dc
BMS_Dashboard/dist/BMSDashboard/_internal/_bz2.pyd	.pyd	86088	4c22e0d2786dd7e9
BMS_Dashboard/dist/BMSDashboard/_internal/_ctypes.pyd	.pyd	126024	cc839990fb102052
BMS_Dashboard/dist/BMSDashboard/_internal/_hashlib.pyd	.pyd	46152	1e12f3528c9a3311
BMS_Dashboard/dist/BMSDashboard/_internal/_lzma.pyd	.pyd	253000	e414ee3efa6a4e1e
BMS_Dashboard/dist/BMSDashboard/_internal/_queue.pyd	.pyd	28232	2b4b4b0b1ea2c6ce
BMS_Dashboard/dist/BMSDashboard/_internal/_socket.pyd	.pyd	78920	4e7ee0ecf839c42d
BMS_Dashboard/dist/BMSDashboard/_internal/_ssl.pyd	.pyd	153672	87362816a16c4509
BMS_Dashboard/dist/BMSDashboard/_internal/api-ms-win-core-console-l1-1-0.dll	.dll	130	90d0fbeb2a705aae
BMS_Dashboard/dist/BMSDashboard/_internal/api-ms-win-core-datetime-l1-1-0.dll	.dll	130	9e49e388da871f56
BMS_Dashboard/dist/BMSDashboard/_internal/api-ms-win-core-debug-l1-1-0.dll	.dll	130	ad5df57650818da7
BMS_Dashboard/dist/BMSDashboard/_internal/api-ms-win-core-errorhandling-l1-1-0.dll	.dll	130	1f2726152485c0ae
BMS_Dashboard/dist/BMSDashboard/_internal/api-ms-win-core-file-l1-1-0.dll	.dll	130	428023ac3d55e750
BMS_Dashboard/dist/BMSDashboard/_internal/api-ms-win-core-file-l1-2-0.dll	.dll	130	a9a257a4db11321d
BMS_Dashboard/dist/BMSDashboard/_internal/api-ms-win-core-file-l2-1-0.dll	.dll	130	36dec78f19955fdf
BMS_Dashboard/dist/BMSDashboard/_internal/api-ms-win-core-handle-l1-1-0.dll	.dll	130	0b472e7726072beb
BMS_Dashboard/dist/BMSDashboard/_internal/api-ms-win-core-heap-l1-1-0.dll	.dll	130	f28399a6b95903f5
BMS_Dashboard/dist/BMSDashboard/_internal/api-ms-win-core-interlocked-l1-1-0.dll	.dll	130	be449623057190c4
BMS_Dashboard/dist/BMSDashboard/_internal/api-ms-win-core-libraryloader-l1-1-0.dll	.dll	130	a093c1ebc757a58a
BMS_Dashboard/dist/BMSDashboard/_internal/api-ms-win-core-localization-l1-2-0.dll	.dll	130	33146c62ea6c7e3e
BMS_Dashboard/dist/BMSDashboard/_internal/api-ms-win-core-memory-l1-1-0.dll	.dll	130	46ba7fda5f6af051
BMS_Dashboard/dist/BMSDashboard/_internal/api-ms-win-core-namedpipe-l1-1-0.dll	.dll	130	7357273785949e9a
BMS_Dashboard/dist/BMSDashboard/_internal/api-ms-win-core-processenvironment-l1-1-0.dll	.dll	130	21632ee00d1c1494
BMS_Dashboard/dist/BMSDashboard/_internal/api-ms-win-core-processthreads-l1-1-0.dll	.dll	130	62eea8f5ff985247
BMS_Dashboard/dist/BMSDashboard/_internal/api-ms-win-core-processthreads-l1-1-1.dll	.dll	130	47a173b1db7914ba
BMS_Dashboard/dist/BMSDashboard/_internal/api-ms-win-core-profile-l1-1-0.dll	.dll	130	d402d07f3bcaea02
BMS_Dashboard/dist/BMSDashboard/_internal/api-ms-win-core-rtlsupport-l1-1-0.dll	.dll	130	361041472140bb28
BMS_Dashboard/dist/BMSDashboard/_internal/api-ms-win-core-string-l1-1-0.dll	.dll	130	dbb7182415be95b7
BMS_Dashboard/dist/BMSDashboard/_internal/api-ms-win-core-synch-l1-1-0.dll	.dll	130	d47339bab2cd6ce4
BMS_Dashboard/dist/BMSDashboard/_internal/api-ms-win-core-synch-l1-2-0.dll	.dll	130	13b21798b9541529
BMS_Dashboard/dist/BMSDashboard/_internal/api-ms-win-core-sysinfo-l1-1-0.dll	.dll	130	2fab8d422e817390
BMS_Dashboard/dist/BMSDashboard/_internal/api-ms-win-core-timezone-l1-1-0.dll	.dll	130	f929dea7a686d81e
BMS_Dashboard/dist/BMSDashboard/_internal/api-ms-win-core-util-l1-1-0.dll	.dll	130	18749d41c06f1dbe
BMS_Dashboard/dist/BMSDashboard/_internal/api-ms-win-crt-conio-l1-1-0.dll	.dll	130	5ca374a9aed0497b
BMS_Dashboard/dist/BMSDashboard/_internal/api-ms-win-crt-convert-l1-1-0.dll	.dll	130	0fe73f99f8396a2f
BMS_Dashboard/dist/BMSDashboard/_internal/api-ms-win-crt-environment-l1-1-0.dll	.dll	130	a395670c4951255c
BMS_Dashboard/dist/BMSDashboard/_internal/api-ms-win-crt-filesystem-l1-1-0.dll	.dll	130	a13d2d2a03784355
BMS_Dashboard/dist/BMSDashboard/_internal/api-ms-win-crt-heap-l1-1-0.dll	.dll	130	54cb48484aa94eea
BMS_Dashboard/dist/BMSDashboard/_internal/api-ms-win-crt-locale-l1-1-0.dll	.dll	130	0480cf82741a4c1c
BMS_Dashboard/dist/BMSDashboard/_internal/api-ms-win-crt-math-l1-1-0.dll	.dll	130	37cc3f5d34a91faa
BMS_Dashboard/dist/BMSDashboard/_internal/api-ms-win-crt-process-l1-1-0.dll	.dll	130	e66cb26055dad64e
BMS_Dashboard/dist/BMSDashboard/_internal/api-ms-win-crt-runtime-l1-1-0.dll	.dll	130	9749614f3afeb8dd
BMS_Dashboard/dist/BMSDashboard/_internal/api-ms-win-crt-stdio-l1-1-0.dll	.dll	130	298b8e1570b4b88f
BMS_Dashboard/dist/BMSDashboard/_internal/api-ms-win-crt-string-l1-1-0.dll	.dll	130	743424c8bf1f692d
BMS_Dashboard/dist/BMSDashboard/_internal/api-ms-win-crt-time-l1-1-0.dll	.dll	130	65eab1e8979078f7
BMS_Dashboard/dist/BMSDashboard/_internal/api-ms-win-crt-utility-l1-1-0.dll	.dll	130	d6697d49147fa65e
BMS_Dashboard/dist/BMSDashboard/_internal/assets/icons/.gitkeep		1	01ba4719c80b6fe9
BMS_Dashboard/dist/BMSDashboard/_internal/assets/icons/app_icon.icns	.icns	856608	142589ab8907f6f4
BMS_Dashboard/dist/BMSDashboard/_internal/assets/icons/app_icon.ico	.ico	73532	2cbf43bde469eb3b
BMS_Dashboard/dist/BMSDashboard/_internal/assets/icons/app_icon.png	.png	461396	d94bd7711fef6614
BMS_Dashboard/dist/BMSDashboard/_internal/base_library.zip	.zip	842269	5174c4eb9cfba934
BMS_Dashboard/dist/BMSDashboard/_internal/certifi/cacert.pem	.pem	281225	b1cdd2d665758ef4
BMS_Dashboard/dist/BMSDashboard/_internal/certifi/py.typed	.typed	0	e3b0c44298fc1c14
BMS_Dashboard/dist/BMSDashboard/_internal/charset_normalizer/md.cp38-win_amd64.pyd	.pyd	10752	ead0352889d03560
BMS_Dashboard/dist/BMSDashboard/_internal/charset_normalizer/md__mypyc.cp38-win_amd64.pyd	.pyd	121856	9617d1157b63d57f
BMS_Dashboard/dist/BMSDashboard/_internal/frontend/anime-toolbox.css	.css	2513	4197016983976310
BMS_Dashboard/dist/BMSDashboard/_internal/frontend/anime-toolbox.html	.html	2552	a3076cb5eec72a9a
BMS_Dashboard/dist/BMSDashboard/_internal/frontend/anime-toolbox.js	.js	3580	25f4f39c739df6e2
BMS_Dashboard/dist/BMSDashboard/_internal/frontend/battery_design.fbx	.fbx	9055440	93f9f6c5821fae62
BMS_Dashboard/dist/BMSDashboard/_internal/frontend/index.html	.html	9114	67138928c540db6b
BMS_Dashboard/dist/BMSDashboard/_internal/frontend/qwebchannel.js	.js	10708	c243fb84c33539cd
BMS_Dashboard/dist/BMSDashboard/_internal/frontend/scene.js	.js	32836	a832e25efa0ce4cf
BMS_Dashboard/dist/BMSDashboard/_internal/frontend/style.css	.css	18935	48cbf1cb4dda62da
BMS_Dashboard/dist/BMSDashboard/_internal/libcrypto-1_1.dll	.dll	132	a79013ea29200a7a
BMS_Dashboard/dist/BMSDashboard/_internal/libffi-7.dll	.dll	130	32c5398259cac5f5
BMS_Dashboard/dist/BMSDashboard/_internal/libssl-1_1.dll	.dll	131	6bd62f6e1df6d82f
BMS_Dashboard/dist/BMSDashboard/_internal/python3.dll	.dll	130	522cc0e21f120ec4
BMS_Dashboard/dist/BMSDashboard/_internal/python38.dll	.dll	132	1ef05d90c137eaf0
BMS_Dashboard/dist/BMSDashboard/_internal/select.pyd	.pyd	26696	36552bc64127d486
BMS_Dashboard/dist/BMSDashboard/_internal/ucrtbase.dll	.dll	132	571b1beb3d74dc37
BMS_Dashboard/dist/BMSDashboard/_internal/unicodedata.pyd	.pyd	1096264	4061c7fe871fc3b9
BMS_Dashboard/dist/BMSDashboard-0.1.9-windows-x64-setup.exe	.exe	134	7feb519a646e19bf
BMS_Dashboard/dist/release/windows-x64/BMSDashboard-0.1.9-windows-x64-setup.exe	.exe	134	7feb519a646e19bf
BMS_Dashboard/dist/release/windows-x64/BMSDashboard-windows-x64-setup.exe	.exe	134	7feb519a646e19bf
BMS_Dashboard/dist/release/windows-x64/sha256.txt	.txt	107	9d96f16472efbbbd
BMS_Dashboard/docs/download-app.md	.md	2261	dab6fa5964554244
BMS_Dashboard/docs/release.md	.md	1863	708427e97b1828fc
BMS_Dashboard/filelist.txt	.txt	151508	de2791a620bf4f51
BMS_Dashboard/firmware.pdf	.pdf	59881	00c38f9a399645e7
BMS_Dashboard/firmware_file.c	.c	16849	636086eead23b537
BMS_Dashboard/firmware_staging/Core/Inc/sensors.h	.h	1383	e843b9abdaa82a1c
BMS_Dashboard/firmware_staging/Core/Src/sensors.c	.c	5828	ffbe87853f98604d
BMS_Dashboard/firmware_update.pdf	.pdf	90074	37a6506e45ee5a26
BMS_Dashboard/frontend/E-Load.glb	.glb	13975472	8b3578f505964ff4
BMS_Dashboard/frontend/anime-toolbox.css	.css	2513	4197016983976310
BMS_Dashboard/frontend/anime-toolbox.html	.html	2552	a3076cb5eec72a9a
BMS_Dashboard/frontend/anime-toolbox.js	.js	3580	25f4f39c739df6e2
BMS_Dashboard/frontend/assets/branding/bms-logo.png	.png	179172	fa904d5c7b7ed1ae
BMS_Dashboard/frontend/battery_design.fbx	.fbx	34796412	59ae8b2f50981d03
BMS_Dashboard/frontend/index.html	.html	23096	a57a2c0883a433a4
BMS_Dashboard/frontend/qwebchannel.js	.js	10708	c243fb84c33539cd
BMS_Dashboard/frontend/scene.js	.js	196542	2a6e4b2a84bed039
BMS_Dashboard/frontend/style.css	.css	37655	f541c4bf8d91ba06
BMS_Dashboard/frontend/vendor/three/addons/controls/OrbitControls.js	.js	30973	7aa4372a5ec60b49
BMS_Dashboard/frontend/vendor/three/addons/curves/NURBSCurve.js	.js	1878	34dee29770443235
BMS_Dashboard/frontend/vendor/three/addons/curves/NURBSUtils.js	.js	7861	86bcf40027218547
BMS_Dashboard/frontend/vendor/three/addons/libs/fflate.module.js	.js	83291	5686c3d02432a47d
BMS_Dashboard/frontend/vendor/three/addons/loaders/FBXLoader.js	.js	101466	e8c2a47dffc04ca5
BMS_Dashboard/frontend/vendor/three/addons/loaders/GLTFLoader.js	.js	102783	ea134ba6d4995338
BMS_Dashboard/frontend/vendor/three/addons/utils/BufferGeometryUtils.js	.js	31105	889ea11dacd78b15
BMS_Dashboard/frontend/vendor/three/build/three.module.js	.js	1272972	76dea8151bc9352a
BMS_Dashboard/gui_launcher.py	.py	64211	4cebc7bf51182d47
BMS_Dashboard/packaging/windows/installer.nsi	.nsi	5232	c644c1923861ea99
BMS_Dashboard/patch_makefiles.py	.py	2063	7c3d4f14195fe72c
BMS_Dashboard/project_details.pdf	.pdf	92286	3b87218a131866fa
BMS_Dashboard/requirements-dev.txt	.txt	50	56af18fa55068997
BMS_Dashboard/requirements.txt	.txt	50	3e475e2d66ab19df
BMS_Dashboard/scripts/build_linux.sh	.sh	3260	e873a95a3241779a
BMS_Dashboard/scripts/build_macos.sh	.sh	2724	5cdb1e43f7727f3e
BMS_Dashboard/scripts/build_release_manifest.py	.py	3934	ca78ae444c1b3068
BMS_Dashboard/scripts/build_windows.ps1	.ps1	4938	fd346fa5310c2d5b
BMS_Dashboard/scripts/generate_icons.py	.py	3313	4f90dc540852c3aa
BMS_Dashboard/scripts/optimize_pyinstaller_bundle.py	.py	2994	cbf530f71c8a816a
BMS_Dashboard/serial_dump_com5.py	.py	2492	4a8a2c55053b2127
BMS_Dashboard/stm32f303rc.pdf	.pdf	2208566	46c415ce4e7e8ebd
BMS_Dashboard/tools/nsis/nsis-3.11/Bin/GenPat.exe	.exe	130	ac20f4ee947d97ee
BMS_Dashboard/tools/nsis/nsis-3.11/Bin/MakeLangId.exe	.exe	130	4bbcf5bc53f1be56
BMS_Dashboard/tools/nsis/nsis-3.11/Bin/RegTool-x86.bin	.bin	5120	e7815a8f282e8585
BMS_Dashboard/tools/nsis/nsis-3.11/Bin/makensis.exe	.exe	131	24db7bc92321c299
BMS_Dashboard/tools/nsis/nsis-3.11/Bin/zip2exe.exe	.exe	130	972d22825906f938
BMS_Dashboard/tools/nsis/nsis-3.11/Bin/zlib1.dll	.dll	130	ee38e33844e74d20
BMS_Dashboard/tools/nsis/nsis-3.11/COPYING		15488	dc0f74a312c08ffc
BMS_Dashboard/tools/nsis/nsis-3.11/Contrib/Graphics/Checks/big.bmp	.bmp	886	c22b2ada7263ec33
BMS_Dashboard/tools/nsis/nsis-3.11/Contrib/Graphics/Checks/classic-cross.bmp	.bmp	886	438a514508b56db7
BMS_Dashboard/tools/nsis/nsis-3.11/Contrib/Graphics/Checks/classic.bmp	.bmp	886	c0a5e0e33a8c8af0
BMS_Dashboard/tools/nsis/nsis-3.11/Contrib/Graphics/Checks/colorful.bmp	.bmp	2512	4318c3d4f25b1fcf
BMS_Dashboard/tools/nsis/nsis-3.11/Contrib/Graphics/Checks/grey-cross.bmp	.bmp	886	ca1c42c656e4f687
BMS_Dashboard/tools/nsis/nsis-3.11/Contrib/Graphics/Checks/grey.bmp	.bmp	886	1d5ffd9b69b50071
BMS_Dashboard/tools/nsis/nsis-3.11/Contrib/Graphics/Checks/modern.bmp	.bmp	1652	5ac685bb79e6fe75
BMS_Dashboard/tools/nsis/nsis-3.11/Contrib/Graphics/Checks/red-round.bmp	.bmp	886	4b74ffb1131596fa
BMS_Dashboard/tools/nsis/nsis-3.11/Contrib/Graphics/Checks/red.bmp	.bmp	886	e12080d15e31fc42
BMS_Dashboard/tools/nsis/nsis-3.11/Contrib/Graphics/Checks/simple-round.bmp	.bmp	1616	2e84996353100d02
BMS_Dashboard/tools/nsis/nsis-3.11/Contrib/Graphics/Checks/simple-round2.bmp	.bmp	1844	dfcd7729376479d5
BMS_Dashboard/tools/nsis/nsis-3.11/Contrib/Graphics/Checks/simple.bmp	.bmp	1616	b22aca4a5b82422a
BMS_Dashboard/tools/nsis/nsis-3.11/Contrib/Graphics/Header/nsis-r.bmp	.bmp	9744	2a54f3e88dc3176c
BMS_Dashboard/tools/nsis/nsis-3.11/Contrib/Graphics/Header/nsis.bmp	.bmp	9744	766a893fe962aefd
BMS_Dashboard/tools/nsis/nsis-3.11/Contrib/Graphics/Header/nsis3-branding-r.bmp	.bmp	25820	0f3b85a4a7bd2c6b
BMS_Dashboard/tools/nsis/nsis-3.11/Contrib/Graphics/Header/nsis3-branding.bmp	.bmp	25820	4b6dadddb9bd51c4
BMS_Dashboard/tools/nsis/nsis-3.11/Contrib/Graphics/Header/nsis3-grey-right.bmp	.bmp	8932	533588be2790810f
BMS_Dashboard/tools/nsis/nsis-3.11/Contrib/Graphics/Header/nsis3-grey.bmp	.bmp	8956	51016cfd0222dadd
BMS_Dashboard/tools/nsis/nsis-3.11/Contrib/Graphics/Header/nsis3-metro-right.bmp	.bmp	25820	ed4326ae071f3db1
BMS_Dashboard/tools/nsis/nsis-3.11/Contrib/Graphics/Header/nsis3-metro.bmp	.bmp	25820	b74ed1397c5a50c2
BMS_Dashboard/tools/nsis/nsis-3.11/Contrib/Graphics/Header/nsis3-vintage-right.bmp	.bmp	8996	38ff3142812ae83d
BMS_Dashboard/tools/nsis/nsis-3.11/Contrib/Graphics/Header/nsis3-vintage.bmp	.bmp	9008	6ec748997c1c8ea0
BMS_Dashboard/tools/nsis/nsis-3.11/Contrib/Graphics/Header/orange-nsis.bmp	.bmp	9740	552f10c2b0a34eae
BMS_Dashboard/tools/nsis/nsis-3.11/Contrib/Graphics/Header/orange-r-nsis.bmp	.bmp	9740	6cfebb59f0ba1b9f
BMS_Dashboard/tools/nsis/nsis-3.11/Contrib/Graphics/Header/orange-r.bmp	.bmp	9744	bd146e39af28cec2
BMS_Dashboard/tools/nsis/nsis-3.11/Contrib/Graphics/Header/orange-uninstall-nsis.bmp	.bmp	9740	87d1eed1ee12e91b
BMS_Dashboard/tools/nsis/nsis-3.11/Contrib/Graphics/Header/orange-uninstall-r-nsis.bmp	.bmp	9740	bd6cde334e9a7097
BMS_Dashboard/tools/nsis/nsis-3.11/Contrib/Graphics/Header/orange-uninstall-r.bmp	.bmp	9744	7e3e16598f8fed5a
BMS_Dashboard/tools/nsis/nsis-3.11/Contrib/Graphics/Header/orange-uninstall.bmp	.bmp	9744	b9f6b1effac717dc
BMS_Dashboard/tools/nsis/nsis-3.11/Contrib/Graphics/Header/orange.bmp	.bmp	9744	4c9e804ce1a391f8
BMS_Dashboard/tools/nsis/nsis-3.11/Contrib/Graphics/Header/win.bmp	.bmp	9744	8e58b3e6e3896a4b
BMS_Dashboard/tools/nsis/nsis-3.11/Contrib/Graphics/Icons/arrow-install.ico	.ico	4710	ad8e1efce449a4c6
BMS_Dashboard/tools/nsis/nsis-3.11/Contrib/Graphics/Icons/arrow-uninstall.ico	.ico	4710	cd58c15fb0848994
BMS_Dashboard/tools/nsis/nsis-3.11/Contrib/Graphics/Icons/arrow2-install.ico	.ico	4710	7446a65155c7d718
BMS_Dashboard/tools/nsis/nsis-3.11/Contrib/Graphics/Icons/arrow2-uninstall.ico	.ico	4710	e725e4c212b71d42
BMS_Dashboard/tools/nsis/nsis-3.11/Contrib/Graphics/Icons/box-install.ico	.ico	4710	6a2ca9ce7cea0ba7
BMS_Dashboard/tools/nsis/nsis-3.11/Contrib/Graphics/Icons/box-uninstall.ico	.ico	4710	797f66b21534d429
BMS_Dashboard/tools/nsis/nsis-3.11/Contrib/Graphics/Icons/classic-install.ico	.ico	1078	a09769e39fa641ae
BMS_Dashboard/tools/nsis/nsis-3.11/Contrib/Graphics/Icons/classic-uninstall.ico	.ico	1078	d9673909834dcedf
BMS_Dashboard/tools/nsis/nsis-3.11/Contrib/Graphics/Icons/llama-blue.ico	.ico	2238	87df44f81ac4ff83
BMS_Dashboard/tools/nsis/nsis-3.11/Contrib/Graphics/Icons/llama-grey.ico	.ico	2238	7f17ec9f401f9e91
BMS_Dashboard/tools/nsis/nsis-3.11/Contrib/Graphics/Icons/modern-install-blue-full.ico	.ico	23558	5a2bd76e8d1e601f
BMS_Dashboard/tools/nsis/nsis-3.11/Contrib/Graphics/Icons/modern-install-blue.ico	.ico	13902	666d7f1da2d3aa65
BMS_Dashboard/tools/nsis/nsis-3.11/Contrib/Graphics/Icons/modern-install-colorful.ico	.ico	23558	f5681d2ed2efef52
BMS_Dashboard/tools/nsis/nsis-3.11/Contrib/Graphics/Icons/modern-install-full.ico	.ico	23558	13a9fc72823ead4f
BMS_Dashboard/tools/nsis/nsis-3.11/Contrib/Graphics/Icons/modern-install.ico	.ico	13902	95c36884a12b4bde
BMS_Dashboard/tools/nsis/nsis-3.11/Contrib/Graphics/Icons/modern-uninstall-blue-full.ico	.ico	23558	ff5435163d7d1e79
BMS_Dashboard/tools/nsis/nsis-3.11/Contrib/Graphics/Icons/modern-uninstall-blue.ico	.ico	13902	2a766a15db31e4fe
BMS_Dashboard/tools/nsis/nsis-3.11/Contrib/Graphics/Icons/modern-uninstall-colorful.ico	.ico	23558	fb365bd8f0ca0b17
BMS_Dashboard/tools/nsis/nsis-3.11/Contrib/Graphics/Icons/modern-uninstall-full.ico	.ico	23558	47bd1830e3e05311
BMS_Dashboard/tools/nsis/nsis-3.11/Contrib/Graphics/Icons/modern-uninstall.ico	.ico	13902	5037c877cb134c1c
BMS_Dashboard/tools/nsis/nsis-3.11/Contrib/Graphics/Icons/nsis-menu.ico	.ico	39119	e007305cc3e89bb7
BMS_Dashboard/tools/nsis/nsis-3.11/Contrib/Graphics/Icons/nsis1-install.ico	.ico	1078	dd1a02e00f70f5e8
BMS_Dashboard/tools/nsis/nsis-3.11/Contrib/Graphics/Icons/nsis1-uninstall.ico	.ico	1078	04fa9188e475bf16
BMS_Dashboard/tools/nsis/nsis-3.11/Contrib/Graphics/Icons/nsis3-install-alt.ico	.ico	13111	453dc599a43ba980
BMS_Dashboard/tools/nsis/nsis-3.11/Contrib/Graphics/Icons/nsis3-install.ico	.ico	11697	747ef2a4ef0eecc6
BMS_Dashboard/tools/nsis/nsis-3.11/Contrib/Graphics/Icons/nsis3-uninstall.ico	.ico	12533	96899982c23b4395
BMS_Dashboard/tools/nsis/nsis-3.11/Contrib/Graphics/Icons/orange-install-nsis.ico	.ico	25214	af57f376d93c091c
BMS_Dashboard/tools/nsis/nsis-3.11/Contrib/Graphics/Icons/orange-install.ico	.ico	25214	20f5116dd02ab300
BMS_Dashboard/tools/nsis/nsis-3.11/Contrib/Graphics/Icons/orange-uninstall-nsis.ico	.ico	25214	9f45b9a6aaa741ab
BMS_Dashboard/tools/nsis/nsis-3.11/Contrib/Graphics/Icons/orange-uninstall.ico	.ico	25214	48498bf6cee860bc
BMS_Dashboard/tools/nsis/nsis-3.11/Contrib/Graphics/Icons/pixel-install.ico	.ico	5390	e8080918da76cbc0
BMS_Dashboard/tools/nsis/nsis-3.11/Contrib/Graphics/Icons/pixel-uninstall.ico	.ico	5390	652f01a3a81456cc
BMS_Dashboard/tools/nsis/nsis-3.11/Contrib/Graphics/Icons/win-install.ico	.ico	1078	1a3ec42f39363530
BMS_Dashboard/tools/nsis/nsis-3.11/Contrib/Graphics/Icons/win-uninstall.ico	.ico	1078	5f5bae653fd5a00b
BMS_Dashboard/tools/nsis/nsis-3.11/Contrib/Graphics/Wizard/arrow.bmp	.bmp	52576	f1dfb50efbd9dc69
BMS_Dashboard/tools/nsis/nsis-3.11/Contrib/Graphics/Wizard/llama.bmp	.bmp	26494	c9af52dc2c1444a2
BMS_Dashboard/tools/nsis/nsis-3.11/Contrib/Graphics/Wizard/nsis.bmp	.bmp	26494	c1cd4e5a3d2ebfdc
BMS_Dashboard/tools/nsis/nsis-3.11/Contrib/Graphics/Wizard/nsis3-branding.bmp	.bmp	154544	411961864a8edb7c
BMS_Dashboard/tools/nsis/nsis-3.11/Contrib/Graphics/Wizard/nsis3-grey.bmp	.bmp	51832	2e138faec4410e66
BMS_Dashboard/tools/nsis/nsis-3.11/Contrib/Graphics/Wizard/nsis3-metro.bmp	.bmp	154544	2079f7a3eba60e0d
BMS_Dashboard/tools/nsis/nsis-3.11/Contrib/Graphics/Wizard/nsis3-vintage.bmp	.bmp	51920	34b4a33ada04c991
BMS_Dashboard/tools/nsis/nsis-3.11/Contrib/Graphics/Wizard/nullsoft.bmp	.bmp	26494	b7a5b209189b7742
BMS_Dashboard/tools/nsis/nsis-3.11/Contrib/Graphics/Wizard/orange-nsis.bmp	.bmp	52572	076221b4527ff13c
BMS_Dashboard/tools/nsis/nsis-3.11/Contrib/Graphics/Wizard/orange-uninstall-nsis.bmp	.bmp	52572	b0278ae60eddd3e0
BMS_Dashboard/tools/nsis/nsis-3.11/Contrib/Graphics/Wizard/orange-uninstall.bmp	.bmp	52576	498d402163d5d457
BMS_Dashboard/tools/nsis/nsis-3.11/Contrib/Graphics/Wizard/orange.bmp	.bmp	52576	a7b2f12e01cbea88
BMS_Dashboard/tools/nsis/nsis-3.11/Contrib/Graphics/Wizard/win.bmp	.bmp	26494	3ad2dc318056d0a2
BMS_Dashboard/tools/nsis/nsis-3.11/Contrib/Language files/Afrikaans.nlf	.nlf	4876	8db12941460eda9e
BMS_Dashboard/tools/nsis/nsis-3.11/Contrib/Language files/Afrikaans.nsh	.nsh	7010	5053f038f8641b62
BMS_Dashboard/tools/nsis/nsis-3.11/Contrib/Language files/Albanian.nlf	.nlf	5537	842f88c081ed8c8a
BMS_Dashboard/tools/nsis/nsis-3.11/Contrib/Language files/Albanian.nsh	.nsh	7936	ce04a41b45b0799e
BMS_Dashboard/tools/nsis/nsis-3.11/Contrib/Language files/Arabic.nlf	.nlf	6290	686b85e458dcdd30
BMS_Dashboard/tools/nsis/nsis-3.11/Contrib/Language files/Arabic.nsh	.nsh	8568	138dd690611539cf
BMS_Dashboard/tools/nsis/nsis-3.11/Contrib/Language files/Armenian.nlf	.nlf	7040	0a9a265d93ee99fe
BMS_Dashboard/tools/nsis/nsis-3.11/Contrib/Language files/Armenian.nsh	.nsh	9799	6cc2dfe15b83e89d
BMS_Dashboard/tools/nsis/nsis-3.11/Contrib/Language files/Asturian.nlf	.nlf	5417	1cdde491460905ee
BMS_Dashboard/tools/nsis/nsis-3.11/Contrib/Language files/Asturian.nsh	.nsh	7897	e1199d5a15916e41
BMS_Dashboard/tools/nsis/nsis-3.11/Contrib/Language files/Basque.nlf	.nlf	5249	4ef56a6886873c6c
BMS_Dashboard/tools/nsis/nsis-3.11/Contrib/Language files/Basque.nsh	.nsh	7716	c20e884e715548a1
BMS_Dashboard/tools/nsis/nsis-3.11/Contrib/Language files/Belarusian.nlf	.nlf	8498	09f05a37db6f4e60
BMS_Dashboard/tools/nsis/nsis-3.11/Contrib/Language files/Belarusian.nsh	.nsh	10561	53270f15fdc26e66
BMS_Dashboard/tools/nsis/nsis-3.11/Contrib/Language files/Bosnian.nlf	.nlf	5332	237cd0f56ba5c874
BMS_Dashboard/tools/nsis/nsis-3.11/Contrib/Language files/Bosnian.nsh	.nsh	7598	f6e7452f72fe6a22
BMS_Dashboard/tools/nsis/nsis-3.11/Contrib/Language files/Breton.nlf	.nlf	5554	def6fb144908a129
BMS_Dashboard/tools/nsis/nsis-3.11/Contrib/Language files/Breton.nsh	.nsh	7444	1d6c8ce5528eed26
BMS_Dashboard/tools/nsis/nsis-3.11/Contrib/Language files/Bulgarian.nlf	.nlf	8143	ff6aab84349dd67f
BMS_Dashboard/tools/nsis/nsis-3.11/Contrib/Language files/Bulgarian.nsh	.nsh	10121	92835ce57d223795
BMS_Dashboard/tools/nsis/nsis-3.11/Contrib/Language files/Catalan.nlf	.nlf	5830	4a2f5586c36d9780
BMS_Dashboard/tools/nsis/nsis-3.11/Contrib/Language files/Catalan.nsh	.nsh	7907	1a3f86ae4b54250c
BMS_Dashboard/tools/nsis/nsis-3.11/Contrib/Language files/Corsican.nlf	.nlf	6214	6c2e03bd10981b4b
BMS_Dashboard/tools/nsis/nsis-3.11/Contrib/Language files/Corsican.nsh	.nsh	8436	ebc54bc3b61e88c1
BMS_Dashboard/tools/nsis/nsis-3.11/Contrib/Language files/Croatian.nlf	.nlf	5231	84420e45a4e0f0e1
BMS_Dashboard/tools/nsis/nsis-3.11/Contrib/Language files/Croatian.nsh	.nsh	7489	e9b2f227787a0c8b
BMS_Dashboard/tools/nsis/nsis-3.11/Contrib/Language files/Czech.nlf	.nlf	5869	cb34da78591160e3
BMS_Dashboard/tools/nsis/nsis-3.11/Contrib/Language files/Czech.nsh	.nsh	8167	690a6fc502e72bc0
BMS_Dashboard/tools/nsis/nsis-3.11/Contrib/Language files/Danish.nlf	.nlf	5387	ee02dfa602931717
BMS_Dashboard/tools/nsis/nsis-3.11/Contrib/Language files/Danish.nsh	.nsh	7861	bd24163f67f7df03
BMS_Dashboard/tools/nsis/nsis-3.11/Contrib/Language files/Dutch.nlf	.nlf	5278	a23625928bdbecf7
BMS_Dashboard/tools/nsis/nsis-3.11/Contrib/Language files/Dutch.nsh	.nsh	7796	a21e2349b92ddd97
BMS_Dashboard/tools/nsis/nsis-3.11/Contrib/Language files/English.nlf	.nlf	4945	1af27bb146b37053
BMS_Dashboard/tools/nsis/nsis-3.11/Contrib/Language files/English.nsh	.nsh	7616	d85f67c5ddeeff44
BMS_Dashboard/tools/nsis/nsis-3.11/Contrib/Language files/Esperanto.nlf	.nlf	5341	a51547e4d35c2f32
BMS_Dashboard/tools/nsis/nsis-3.11/Contrib/Language files/Esperanto.nsh	.nsh	7865	6eba3bd70a87bf8c
BMS_Dashboard/tools/nsis/nsis-3.11/Contrib/Language files/Estonian.nlf	.nlf	4897	a1803d376d4383d4
BMS_Dashboard/tools/nsis/nsis-3.11/Contrib/Language files/Estonian.nsh	.nsh	6695	17ba536f1df47f86
BMS_Dashboard/tools/nsis/nsis-3.11/Contrib/Language files/Farsi.nlf	.nlf	6951	f1495ed20b9ed1c2
BMS_Dashboard/tools/nsis/nsis-3.11/Contrib/Language files/Farsi.nsh	.nsh	9385	133822c755cb44aa
BMS_Dashboard/tools/nsis/nsis-3.11/Contrib/Language files/Finnish.nlf	.nlf	5019	cbfc5046fdba5b7a
BMS_Dashboard/tools/nsis/nsis-3.11/Contrib/Language files/Finnish.nsh	.nsh	7122	e85ca23d66404efe
BMS_Dashboard/tools/nsis/nsis-3.11/Contrib/Language files/French.nlf	.nlf	5820	08636d861bfbbf0e
BMS_Dashboard/tools/nsis/nsis-3.11/Contrib/Language files/French.nsh	.nsh	8511	f64481709d633913
BMS_Dashboard/tools/nsis/nsis-3.11/Contrib/Language files/Galician.nlf	.nlf	5428	0876dba60597d4c7
BMS_Dashboard/tools/nsis/nsis-3.11/Contrib/Language files/Galician.nsh	.nsh	7298	7587bb6e37a6770b
BMS_Dashboard/tools/nsis/nsis-3.11/Contrib/Language files/Georgian.nlf	.nlf	9878	bed051768b5acce8
BMS_Dashboard/tools/nsis/nsis-3.11/Contrib/Language files/Georgian.nsh	.nsh	11613	dc29a977e990412b
BMS_Dashboard/tools/nsis/nsis-3.11/Contrib/Language files/German.nlf	.nlf	5777	e2aa56d86cd597c6
BMS_Dashboard/tools/nsis/nsis-3.11/Contrib/Language files/German.nsh	.nsh	8694	28229bef48cea2f3
BMS_Dashboard/tools/nsis/nsis-3.11/Contrib/Language files/Greek.nlf	.nlf	8477	b4a4176de414cebf
BMS_Dashboard/tools/nsis/nsis-3.11/Contrib/Language files/Greek.nsh	.nsh	10777	c97f2e91b5c4db8d
BMS_Dashboard/tools/nsis/nsis-3.11/Contrib/Language files/Hebrew.nlf	.nlf	5949	c954912110444c97
BMS_Dashboard/tools/nsis/nsis-3.11/Contrib/Language files/Hebrew.nsh	.nsh	8674	8b745ca2d4030a29
BMS_Dashboard/tools/nsis/nsis-3.11/Contrib/Language files/Hindi.nlf	.nlf	10610	f1fd207f4c6ece71
BMS_Dashboard/tools/nsis/nsis-3.11/Contrib/Language files/Hindi.nsh	.nsh	13301	d0b71a695db4b50d
BMS_Dashboard/tools/nsis/nsis-3.11/Contrib/Language files/Hungarian.nlf	.nlf	5806	1e096270dcd8d8fd
BMS_Dashboard/tools/nsis/nsis-3.11/Contrib/Language files/Hungarian.nsh	.nsh	7534	6d46e05dcc816cc8
BMS_Dashboard/tools/nsis/nsis-3.11/Contrib/Language files/Icelandic.nlf	.nlf	5694	d00b9681b6c18526
BMS_Dashboard/tools/nsis/nsis-3.11/Contrib/Language files/Icelandic.nsh	.nsh	7542	4a7479192d33ada3
BMS_Dashboard/tools/nsis/nsis-3.11/Contrib/Language files/Indonesian.nlf	.nlf	5564	2c07be712cc8e8dd
BMS_Dashboard/tools/nsis/nsis-3.11/Contrib/Language files/Indonesian.nsh	.nsh	8091	313849fccbf78455
BMS_Dashboard/tools/nsis/nsis-3.11/Contrib/Language files/Irish.nlf	.nlf	5873	d87c9e139f92703e
BMS_Dashboard/tools/nsis/nsis-3.11/Contrib/Language files/Irish.nsh	.nsh	7654	d76b23b630237df3
BMS_Dashboard/tools/nsis/nsis-3.11/Contrib/Language files/Italian.nlf	.nlf	5598	1371f958c8ccc3a0
BMS_Dashboard/tools/nsis/nsis-3.11/Contrib/Language files/Italian.nsh	.nsh	8466	cd2455066b261c7b
BMS_Dashboard/tools/nsis/nsis-3.11/Contrib/Language files/Japanese.nlf	.nlf	6614	3d4cdcf393b15802
BMS_Dashboard/tools/nsis/nsis-3.11/Contrib/Language files/Japanese.nsh	.nsh	9655	7454128269009564
BMS_Dashboard/tools/nsis/nsis-3.11/Contrib/Language files/Korean.nlf	.nlf	5499	f6ed4431ff6e6996
BMS_Dashboard/tools/nsis/nsis-3.11/Contrib/Language files/Korean.nsh	.nsh	7874	c2fd7f2dd2d6014e
BMS_Dashboard/tools/nsis/nsis-3.11/Contrib/Language files/Kurdish.nlf	.nlf	5853	865d5c15fb58435f
BMS_Dashboard/tools/nsis/nsis-3.11/Contrib/Language files/Kurdish.nsh	.nsh	7852	cfc0e8475daf71e8
BMS_Dashboard/tools/nsis/nsis-3.11/Contrib/Language files/Latvian.nlf	.nlf	5605	84b7069796f18de4
BMS_Dashboard/tools/nsis/nsis-3.11/Contrib/Language files/Latvian.nsh	.nsh	7548	00f1b2396cf58c41
BMS_Dashboard/tools/nsis/nsis-3.11/Contrib/Language files/Lithuanian.nlf	.nlf	5330	b552f3f7ebc19410
BMS_Dashboard/tools/nsis/nsis-3.11/Contrib/Language files/Lithuanian.nsh	.nsh	7119	29ff966c37f8dc61
BMS_Dashboard/tools/nsis/nsis-3.11/Contrib/Language files/Luxembourgish.nlf	.nlf	5714	e641014e6ba4845a
BMS_Dashboard/tools/nsis/nsis-3.11/Contrib/Language files/Luxembourgish.nsh	.nsh	7713	a699be758fbd8906
BMS_Dashboard/tools/nsis/nsis-3.11/Contrib/Language files/Macedonian.nlf	.nlf	8255	9f05cffba5a82082
BMS_Dashboard/tools/nsis/nsis-3.11/Contrib/Language files/Macedonian.nsh	.nsh	10196	174f260ed1b71038
BMS_Dashboard/tools/nsis/nsis-3.11/Contrib/Language files/Malay.nlf	.nlf	4793	c6bc3b1413a63ea9
BMS_Dashboard/tools/nsis/nsis-3.11/Contrib/Language files/Malay.nsh	.nsh	6802	ca1ede4cc5231b63
BMS_Dashboard/tools/nsis/nsis-3.11/Contrib/Language files/Mongolian.nlf	.nlf	7228	53e0c247f0891dcd
BMS_Dashboard/tools/nsis/nsis-3.11/Contrib/Language files/Mongolian.nsh	.nsh	9853	bd6125ec32e379cd
BMS_Dashboard/tools/nsis/nsis-3.11/Contrib/Language files/Norwegian.nlf	.nlf	5074	790be7026f30fa05
BMS_Dashboard/tools/nsis/nsis-3.11/Contrib/Language files/Norwegian.nsh	.nsh	7869	3476a686b32419c0
BMS_Dashboard/tools/nsis/nsis-3.11/Contrib/Language files/NorwegianNynorsk.nlf	.nlf	5025	2f995b7184a01fa2
BMS_Dashboard/tools/nsis/nsis-3.11/Contrib/Language files/NorwegianNynorsk.nsh	.nsh	7655	4107b9a2c6cb449f
BMS_Dashboard/tools/nsis/nsis-3.11/Contrib/Language files/Pashto.nlf	.nlf	6257	66cc2502775e5e9a
BMS_Dashboard/tools/nsis/nsis-3.11/Contrib/Language files/Pashto.nsh	.nsh	8532	bfde24291e4dcaf9
BMS_Dashboard/tools/nsis/nsis-3.11/Contrib/Language files/Polish.nlf	.nlf	5607	06bc02413e4bdd73
BMS_Dashboard/tools/nsis/nsis-3.11/Contrib/Language files/Polish.nsh	.nsh	8339	256252b66e88a7dc
BMS_Dashboard/tools/nsis/nsis-3.11/Contrib/Language files/Portuguese.nlf	.nlf	5426	14325f19d8fdead0
BMS_Dashboard/tools/nsis/nsis-3.11/Contrib/Language files/Portuguese.nsh	.nsh	8005	8ff23a99c8c4f791
BMS_Dashboard/tools/nsis/nsis-3.11/Contrib/Language files/PortugueseBR.nlf	.nlf	5363	7d6008fe6a5f388d
BMS_Dashboard/tools/nsis/nsis-3.11/Contrib/Language files/PortugueseBR.nsh	.nsh	8100	e63dc9bce1297b71
BMS_Dashboard/tools/nsis/nsis-3.11/Contrib/Language files/Romanian.nlf	.nlf	6242	679348a978000fcd
BMS_Dashboard/tools/nsis/nsis-3.11/Contrib/Language files/Romanian.nsh	.nsh	8081	a7587a93e42784b4
BMS_Dashboard/tools/nsis/nsis-3.11/Contrib/Language files/Russian.nlf	.nlf	7684	0a0c8234cc4dbb91
BMS_Dashboard/tools/nsis/nsis-3.11/Contrib/Language files/Russian.nsh	.nsh	10387	7b10b84b217b1107
BMS_Dashboard/tools/nsis/nsis-3.11/Contrib/Language files/ScotsGaelic.nlf	.nlf	6038	6266a612b8eb4205
BMS_Dashboard/tools/nsis/nsis-3.11/Contrib/Language files/ScotsGaelic.nsh	.nsh	8398	0f3cebc745b85ad4
BMS_Dashboard/tools/nsis/nsis-3.11/Contrib/Language files/Serbian.nlf	.nlf	8193	04b62a3cd1b8e703
BMS_Dashboard/tools/nsis/nsis-3.11/Contrib/Language files/Serbian.nsh	.nsh	10263	7a6247e86fd0df6e
BMS_Dashboard/tools/nsis/nsis-3.11/Contrib/Language files/SerbianLatin.nlf	.nlf	5555	43cc8d4530216a77
BMS_Dashboard/tools/nsis/nsis-3.11/Contrib/Language files/SerbianLatin.nsh	.nsh	7574	5610e96c6108f1a6
BMS_Dashboard/tools/nsis/nsis-3.11/Contrib/Language files/SimpChinese.nlf	.nlf	5050	4d03518f6b472fa4
BMS_Dashboard/tools/nsis/nsis-3.11/Contrib/Language files/SimpChinese.nsh	.nsh	7553	256e3e07d35d172f
BMS_Dashboard/tools/nsis/nsis-3.11/Contrib/Language files/Slovak.nlf	.nlf	6298	f7ec33d378a99185
BMS_Dashboard/tools/nsis/nsis-3.11/Contrib/Language files/Slovak.nsh	.nsh	8774	c703cf3952251ac7
BMS_Dashboard/tools/nsis/nsis-3.11/Contrib/Language files/Slovenian.nlf	.nlf	5171	8b1947583a4e281b
BMS_Dashboard/tools/nsis/nsis-3.11/Contrib/Language files/Slovenian.nsh	.nsh	7961	3fb68baeceda8e07
BMS_Dashboard/tools/nsis/nsis-3.11/Contrib/Language files/Spanish.nlf	.nlf	5554	69a21d34f8fd911a
BMS_Dashboard/tools/nsis/nsis-3.11/Contrib/Language files/Spanish.nsh	.nsh	8083	beb106f197639933
BMS_Dashboard/tools/nsis/nsis-3.11/Contrib/Language files/SpanishInternational.nlf	.nlf	5554	26eafd82568c0ee3
BMS_Dashboard/tools/nsis/nsis-3.11/Contrib/Language files/SpanishInternational.nsh	.nsh	8196	c5a7bf92ba766bd4
BMS_Dashboard/tools/nsis/nsis-3.11/Contrib/Language files/Swedish.nlf	.nlf	5345	994679c93a66a6ab
BMS_Dashboard/tools/nsis/nsis-3.11/Contrib/Language files/Swedish.nsh	.nsh	7964	28ebff21ad87f20e
BMS_Dashboard/tools/nsis/nsis-3.11/Contrib/Language files/Tatar.nlf	.nlf	7493	a4473ab620767e23
BMS_Dashboard/tools/nsis/nsis-3.11/Contrib/Language files/Tatar.nsh	.nsh	10183	15f27aebf9ce2c76
BMS_Dashboard/tools/nsis/nsis-3.11/Contrib/Language files/Thai.nlf	.nlf	9985	b13695dd61cbdebe
BMS_Dashboard/tools/nsis/nsis-3.11/Contrib/Language files/Thai.nsh	.nsh	12621	3678a2567d47f477
BMS_Dashboard/tools/nsis/nsis-3.11/Contrib/Language files/TradChinese.nlf	.nlf	5076	a92595266f734e27
BMS_Dashboard/tools/nsis/nsis-3.11/Contrib/Language files/TradChinese.nsh	.nsh	7519	1d74f01a256c9981
BMS_Dashboard/tools/nsis/nsis-3.11/Contrib/Language files/Turkish.nlf	.nlf	5743	1774d493a5ffa87c
BMS_Dashboard/tools/nsis/nsis-3.11/Contrib/Language files/Turkish.nsh	.nsh	7951	7c2b74589797fa13
BMS_Dashboard/tools/nsis/nsis-3.11/Contrib/Language files/Ukrainian.nlf	.nlf	7881	b405f8f5079ec7e0
BMS_Dashboard/tools/nsis/nsis-3.11/Contrib/Language files/Ukrainian.nsh	.nsh	10062	d7e0f38ceb7844f5
BMS_Dashboard/tools/nsis/nsis-3.11/Contrib/Language files/Uzbek.nlf	.nlf	5495	46b94d7d4f46a89b
BMS_Dashboard/tools/nsis/nsis-3.11/Contrib/Language files/Uzbek.nsh	.nsh	7483	ff50a5d2c5397cde
BMS_Dashboard/tools/nsis/nsis-3.11/Contrib/Language files/Vietnamese.nlf	.nlf	6420	9a7fd2ef0744d46c
BMS_Dashboard/tools/nsis/nsis-3.11/Contrib/Language files/Vietnamese.nsh	.nsh	9114	c97345007ce05caa
BMS_Dashboard/tools/nsis/nsis-3.11/Contrib/Language files/Welsh.nlf	.nlf	4737	d4aa0d517d4b0cfd
BMS_Dashboard/tools/nsis/nsis-3.11/Contrib/Language files/Welsh.nsh	.nsh	6891	cb7b2724e497f868
BMS_Dashboard/tools/nsis/nsis-3.11/Contrib/Modern UI/System.nsh	.nsh	66886	1e899bf9d654ee23
BMS_Dashboard/tools/nsis/nsis-3.11/Contrib/Modern UI/ioSpecial.ini	.ini	193	4868ee046975b352
BMS_Dashboard/tools/nsis/nsis-3.11/Contrib/Modern UI 2/Deprecated.nsh	.nsh	1805	100b5b74b1d0d209
BMS_Dashboard/tools/nsis/nsis-3.11/Contrib/Modern UI 2/Interface.nsh	.nsh	9932	a7c989dfe337798e
BMS_Dashboard/tools/nsis/nsis-3.11/Contrib/Modern UI 2/Localization.nsh	.nsh	4623	270325977996013f
BMS_Dashboard/tools/nsis/nsis-3.11/Contrib/Modern UI 2/MUI2.nsh	.nsh	2237	59a25e20a04b3ea6
BMS_Dashboard/tools/nsis/nsis-3.11/Contrib/Modern UI 2/Pages/Components.nsh	.nsh	6756	13805fd49072918d
BMS_Dashboard/tools/nsis/nsis-3.11/Contrib/Modern UI 2/Pages/Directory.nsh	.nsh	3472	aa0b7e92aca98ba6
BMS_Dashboard/tools/nsis/nsis-3.11/Contrib/Modern UI 2/Pages/Finish.nsh	.nsh	17546	ac6e9bf4f6152ebc
BMS_Dashboard/tools/nsis/nsis-3.11/Contrib/Modern UI 2/Pages/InstallFiles.nsh	.nsh	4824	bbd10b77c7622bd7
BMS_Dashboard/tools/nsis/nsis-3.11/Contrib/Modern UI 2/Pages/License.nsh	.nsh	4334	10f270377e058dc9
BMS_Dashboard/tools/nsis/nsis-3.11/Contrib/Modern UI 2/Pages/StartMenu.nsh	.nsh	7960	47c390a1c47a062b
BMS_Dashboard/tools/nsis/nsis-3.11/Contrib/Modern UI 2/Pages/UninstallConfirm.nsh	.nsh	2272	198b24698ecfd7b8
BMS_Dashboard/tools/nsis/nsis-3.11/Contrib/Modern UI 2/Pages/Welcome.nsh	.nsh	5186	ef5a1b6e27319832
BMS_Dashboard/tools/nsis/nsis-3.11/Contrib/Modern UI 2/Pages.nsh	.nsh	9068	16521f235fba1e9e
BMS_Dashboard/tools/nsis/nsis-3.11/Contrib/UIs/default.exe	.exe	129	7621f6ff5b56de2f
BMS_Dashboard/tools/nsis/nsis-3.11/Contrib/UIs/modern.exe	.exe	129	65b565d35d28b634
BMS_Dashboard/tools/nsis/nsis-3.11/Contrib/UIs/modern_headerbmp.exe	.exe	129	ca64921b2bc92c09
BMS_Dashboard/tools/nsis/nsis-3.11/Contrib/UIs/modern_headerbmpr.exe	.exe	129	e7ab87f2d36ebe87
BMS_Dashboard/tools/nsis/nsis-3.11/Contrib/UIs/modern_nodesc.exe	.exe	129	36aef1fe406ca054
BMS_Dashboard/tools/nsis/nsis-3.11/Contrib/UIs/modern_smalldesc.exe	.exe	129	5eecc9f93f61de8d
BMS_Dashboard/tools/nsis/nsis-3.11/Contrib/UIs/sdbarker_tiny.exe	.exe	129	4e527c9f41f1d606
BMS_Dashboard/tools/nsis/nsis-3.11/Contrib/zip2exe/Base.nsh	.nsh	1667	2629f61064a08fae
BMS_Dashboard/tools/nsis/nsis-3.11/Contrib/zip2exe/Classic.nsh	.nsh	115	96a49d7b55d69c09
BMS_Dashboard/tools/nsis/nsis-3.11/Contrib/zip2exe/Modern.nsh	.nsh	206	a36050e49f4082d3
BMS_Dashboard/tools/nsis/nsis-3.11/Docs/AdvSplash/advsplash.txt	.txt	1969	1943d1a7d0d6358c
BMS_Dashboard/tools/nsis/nsis-3.11/Docs/Banner/Readme.txt	.txt	1169	04fc2a4168aa90a7
BMS_Dashboard/tools/nsis/nsis-3.11/Docs/BgImage/BgImage.txt	.txt	3042	3d5f606319238105
BMS_Dashboard/tools/nsis/nsis-3.11/Docs/Dialer/Dialer.txt	.txt	2873	5a695b1fae8ad13a
BMS_Dashboard/tools/nsis/nsis-3.11/Docs/InstallOptions/Changelog.txt	.txt	6170	f87f1b3c92fd232f
BMS_Dashboard/tools/nsis/nsis-3.11/Docs/InstallOptions/Readme.html	.html	52108	aa7f4654fc8ee1df
BMS_Dashboard/tools/nsis/nsis-3.11/Docs/Math/Math.txt	.txt	10062	16adef40e6789476
BMS_Dashboard/tools/nsis/nsis-3.11/Docs/Modern UI/Changelog.txt	.txt	11471	4e4d9c877affe3b0
BMS_Dashboard/tools/nsis/nsis-3.11/Docs/Modern UI/License.txt	.txt	830	60a810a36630b3cb
BMS_Dashboard/tools/nsis/nsis-3.11/Docs/Modern UI/Readme.html	.html	80650	2823669b65e65367
BMS_Dashboard/tools/nsis/nsis-3.11/Docs/Modern UI/images/closed.gif	.gif	203	b601482dd9f13043
BMS_Dashboard/tools/nsis/nsis-3.11/Docs/Modern UI/images/header.gif	.gif	6023	7ab302133999a944
BMS_Dashboard/tools/nsis/nsis-3.11/Docs/Modern UI/images/open.gif	.gif	138	dbf447ca33cd86e0
BMS_Dashboard/tools/nsis/nsis-3.11/Docs/Modern UI/images/screen1.png	.png	15647	2b24d171b68922e9
BMS_Dashboard/tools/nsis/nsis-3.11/Docs/Modern UI/images/screen2.png	.png	18437	f211103afc4c7976
BMS_Dashboard/tools/nsis/nsis-3.11/Docs/Modern UI 2/License.txt	.txt	831	d74602745bb9ab1c
BMS_Dashboard/tools/nsis/nsis-3.11/Docs/Modern UI 2/Readme.html	.html	77484	20e354474e9e885e
BMS_Dashboard/tools/nsis/nsis-3.11/Docs/Modern UI 2/images/closed.gif	.gif	203	b601482dd9f13043
BMS_Dashboard/tools/nsis/nsis-3.11/Docs/Modern UI 2/images/header.gif	.gif	6023	7ab302133999a944
BMS_Dashboard/tools/nsis/nsis-3.11/Docs/Modern UI 2/images/open.gif	.gif	138	dbf447ca33cd86e0
BMS_Dashboard/tools/nsis/nsis-3.11/Docs/Modern UI 2/images/screen1.png	.png	15647	2b24d171b68922e9
BMS_Dashboard/tools/nsis/nsis-3.11/Docs/Modern UI 2/images/screen2.png	.png	18437	f211103afc4c7976
BMS_Dashboard/tools/nsis/nsis-3.11/Docs/MultiUser/Readme.html	.html	16224	385a476146c3ef5d
BMS_Dashboard/tools/nsis/nsis-3.11/Docs/NSISdl/License.txt	.txt	926	daab4a8b00759c9a
BMS_Dashboard/tools/nsis/nsis-3.11/Docs/NSISdl/ReadMe.txt	.txt	2877	a9a91f9075c0aa99
BMS_Dashboard/tools/nsis/nsis-3.11/Docs/Splash/splash.txt	.txt	1194	ef6f776c3904c3f5
BMS_Dashboard/tools/nsis/nsis-3.11/Docs/StartMenu/Readme.txt	.txt	2218	bd0a616a8ae1110d
BMS_Dashboard/tools/nsis/nsis-3.11/Docs/StrFunc/StrFunc.txt	.txt	23607	f1c92c099c8e2791
BMS_Dashboard/tools/nsis/nsis-3.11/Docs/System/System.html	.html	31131	266ea005292cea22
BMS_Dashboard/tools/nsis/nsis-3.11/Docs/System/WhatsNew.txt	.txt	2160	a7ae6694ab8a958f
BMS_Dashboard/tools/nsis/nsis-3.11/Docs/VPatch/Readme.html	.html	13721	8c29048b1c4aff77
BMS_Dashboard/tools/nsis/nsis-3.11/Docs/makensisw/License.txt	.txt	893	45a364e0b59ad660
BMS_Dashboard/tools/nsis/nsis-3.11/Docs/makensisw/Readme.txt	.txt	7151	b81a666da35fec3e
BMS_Dashboard/tools/nsis/nsis-3.11/Docs/nsDialogs/Readme.html	.html	39832	d31c6a356b6d265d
BMS_Dashboard/tools/nsis/nsis-3.11/Docs/nsExec/nsExec.txt	.txt	1578	329bef737b3b70d5
BMS_Dashboard/tools/nsis/nsis-3.11/Examples/AdvSplash/Example.nsi	.nsi	1137	44a73c016ea1c4ad
BMS_Dashboard/tools/nsis/nsis-3.11/Examples/AppGen.nsi	.nsi	1969	2089cc6e5eb0b8ee
BMS_Dashboard/tools/nsis/nsis-3.11/Examples/Banner/Example.nsi	.nsi	661	7cb30b11a3540277
BMS_Dashboard/tools/nsis/nsis-3.11/Examples/BgImage/Example.nsi	.nsi	2746	2c364620cfcf2870
BMS_Dashboard/tools/nsis/nsis-3.11/Examples/FileFunc.ini	.ini	1443	519728ed7e91857b
BMS_Dashboard/tools/nsis/nsis-3.11/Examples/FileFunc.nsi	.nsi	18653	2f6a09db75159839
BMS_Dashboard/tools/nsis/nsis-3.11/Examples/FileFuncTest.nsi	.nsi	13711	85176f962d7a4bcc
BMS_Dashboard/tools/nsis/nsis-3.11/Examples/InstallOptions/test.ini	.ini	938	8623f2d8fae3b56d
BMS_Dashboard/tools/nsis/nsis-3.11/Examples/InstallOptions/test.nsi	.nsi	2097	507687f234d59443
BMS_Dashboard/tools/nsis/nsis-3.11/Examples/InstallOptions/testimgs.ini	.ini	1871	4f89571ffec3b368
BMS_Dashboard/tools/nsis/nsis-3.11/Examples/InstallOptions/testimgs.nsi	.nsi	1913	c390b3e48420a3a5
BMS_Dashboard/tools/nsis/nsis-3.11/Examples/InstallOptions/testlink.ini	.ini	570	263f43dd4cc823e1
BMS_Dashboard/tools/nsis/nsis-3.11/Examples/InstallOptions/testlink.nsi	.nsi	1224	b29275035137e877
BMS_Dashboard/tools/nsis/nsis-3.11/Examples/InstallOptions/testnotify.ini	.ini	1290	0f331de15ade97d9
BMS_Dashboard/tools/nsis/nsis-3.11/Examples/InstallOptions/testnotify.nsi	.nsi	4245	d9b61a1be930a70d
BMS_Dashboard/tools/nsis/nsis-3.11/Examples/Library.nsi	.nsi	8236	5b33ad3ab342940b
BMS_Dashboard/tools/nsis/nsis-3.11/Examples/LogicLib.nsi	.nsi	11890	3025e7a26451b39f
BMS_Dashboard/tools/nsis/nsis-3.11/Examples/Math/math.nsi	.nsi	1180	99a251cd74d8d471
BMS_Dashboard/tools/nsis/nsis-3.11/Examples/Math/mathtest.ini	.ini	1021	d574891eff1aaf64
BMS_Dashboard/tools/nsis/nsis-3.11/Examples/Math/mathtest.nsi	.nsi	5530	e648a527804d61f5
BMS_Dashboard/tools/nsis/nsis-3.11/Examples/Math/mathtest.txt	.txt	475	9953a6d326abbceb
BMS_Dashboard/tools/nsis/nsis-3.11/Examples/Memento.nsi	.nsi	1453	545d9d001a1b9b92
BMS_Dashboard/tools/nsis/nsis-3.11/Examples/Modern UI/Basic.nsi	.nsi	1881	83c7cb3f5aa4da1a
BMS_Dashboard/tools/nsis/nsis-3.11/Examples/Modern UI/HeaderBitmap.nsi	.nsi	2018	33f2fc969e33b3fc
BMS_Dashboard/tools/nsis/nsis-3.11/Examples/Modern UI/MultiLanguage.nsi	.nsi	5792	81da6444a32c7990
BMS_Dashboard/tools/nsis/nsis-3.11/Examples/Modern UI/StartMenu.nsi	.nsi	2708	72243d5d62387c99
BMS_Dashboard/tools/nsis/nsis-3.11/Examples/Modern UI/WelcomeFinish.nsi	.nsi	2021	694dcafba56b9782
BMS_Dashboard/tools/nsis/nsis-3.11/Examples/MultiUser.nsi	.nsi	1828	e9db12795365fe14
BMS_Dashboard/tools/nsis/nsis-3.11/Examples/NSISMenu.nsi	.nsi	12660	2895bcde47ed08d8
BMS_Dashboard/tools/nsis/nsis-3.11/Examples/Plugin/exdll-vs2008.sln	.sln	862	715acd02f430fede
BMS_Dashboard/tools/nsis/nsis-3.11/Examples/Plugin/exdll-vs2008.vcproj	.vcproj	6037	eed23bb16f80a0e6
BMS_Dashboard/tools/nsis/nsis-3.11/Examples/Plugin/exdll.c	.c	1285	11228585743a3dc4
BMS_Dashboard/tools/nsis/nsis-3.11/Examples/Plugin/exdll.dpr	.dpr	2777	3cfad5f65b6b77a1
BMS_Dashboard/tools/nsis/nsis-3.11/Examples/Plugin/exdll.dsp	.dsp	4234	232d183b7f58e647
BMS_Dashboard/tools/nsis/nsis-3.11/Examples/Plugin/exdll.dsw	.dsw	504	94a44eb3dd5d7bca
BMS_Dashboard/tools/nsis/nsis-3.11/Examples/Plugin/exdll_with_unit.dpr	.dpr	2280	396b4b2a6846e6c4
BMS_Dashboard/tools/nsis/nsis-3.11/Examples/Plugin/extdll.inc	.inc	2951	4832a6c0b1462991
BMS_Dashboard/tools/nsis/nsis-3.11/Examples/Plugin/nsis/api.h	.h	3245	9bf30148ff0fd3e8
BMS_Dashboard/tools/nsis/nsis-3.11/Examples/Plugin/nsis/nsis_tchar.h	.h	4825	fe945cd4c72454ee
BMS_Dashboard/tools/nsis/nsis-3.11/Examples/Plugin/nsis/pluginapi-x86-ansi.lib	.lib	7004	9095b3b1ce33bcf7
BMS_Dashboard/tools/nsis/nsis-3.11/Examples/Plugin/nsis/pluginapi-x86-unicode.lib	.lib	7012	cc37fca4695d3b0b
BMS_Dashboard/tools/nsis/nsis-3.11/Examples/Plugin/nsis/pluginapi.h	.h	3040	096a9c13ec61c6ab
BMS_Dashboard/tools/nsis/nsis-3.11/Examples/Plugin/nsis.pas	.pas	6471	6065cd68b5f969fd
BMS_Dashboard/tools/nsis/nsis-3.11/Examples/Splash/Example.nsi	.nsi	533	fd8dd6d2e6a4aaa1
BMS_Dashboard/tools/nsis/nsis-3.11/Examples/StartMenu/Example.nsi	.nsi	1182	9880210bd2c74d41
BMS_Dashboard/tools/nsis/nsis-3.11/Examples/StrFunc.nsi	.nsi	21040	d385f690064305ff
BMS_Dashboard/tools/nsis/nsis-3.11/Examples/System/Resource.dll	.dll	130	879e71818eabde30
BMS_Dashboard/tools/nsis/nsis-3.11/Examples/System/SysFunc.nsh	.nsh	10059	94bc9c3d3afd8e77
BMS_Dashboard/tools/nsis/nsis-3.11/Examples/System/System.nsh	.nsh	14163	2399f3c694d639f9
BMS_Dashboard/tools/nsis/nsis-3.11/Examples/System/System.nsi	.nsi	5271	3f28d59eb76b016b
BMS_Dashboard/tools/nsis/nsis-3.11/Examples/TextFunc.ini	.ini	1877	fecdf4964fb94b12
BMS_Dashboard/tools/nsis/nsis-3.11/Examples/TextFunc.nsi	.nsi	23393	8e77bc742b0d4fd2
BMS_Dashboard/tools/nsis/nsis-3.11/Examples/TextFuncTest.nsi	.nsi	8664	3dfa51b4dc9dc439
BMS_Dashboard/tools/nsis/nsis-3.11/Examples/UserInfo/UserInfo.nsi	.nsi	1372	08af705430e30b68
BMS_Dashboard/tools/nsis/nsis-3.11/Examples/VPatch/example.nsi	.nsi	1609	1cf15fac45d8cb18
BMS_Dashboard/tools/nsis/nsis-3.11/Examples/VPatch/newfile.txt	.txt	120	077973a64091edbf
BMS_Dashboard/tools/nsis/nsis-3.11/Examples/VPatch/oldfile.txt	.txt	120	c48f4eac3fbab070
BMS_Dashboard/tools/nsis/nsis-3.11/Examples/VPatch/patch.pat	.pat	99	31fcf403adb523c7
BMS_Dashboard/tools/nsis/nsis-3.11/Examples/VersionInfo.nsi	.nsi	1000	ef949e262d1c239e
BMS_Dashboard/tools/nsis/nsis-3.11/Examples/WordFunc.ini	.ini	1689	5e8c6deea76321ee
BMS_Dashboard/tools/nsis/nsis-3.11/Examples/WordFunc.nsi	.nsi	15902	8490e0e5c9d38df4
BMS_Dashboard/tools/nsis/nsis-3.11/Examples/WordFuncTest.nsi	.nsi	15830	3583f65f32ade979
BMS_Dashboard/tools/nsis/nsis-3.11/Examples/bigtest.nsi	.nsi	8302	2553891b8c124391
BMS_Dashboard/tools/nsis/nsis-3.11/Examples/example1.nsi	.nsi	973	e5e88d9ac95308e3
BMS_Dashboard/tools/nsis/nsis-3.11/Examples/example2.nsi	.nsi	2678	1937de9b9bb62a65
BMS_Dashboard/tools/nsis/nsis-3.11/Examples/gfx.nsi	.nsi	3178	a259905238dc330d
BMS_Dashboard/tools/nsis/nsis-3.11/Examples/install-per-user.nsi	.nsi	8772	7077c4739c0d2ea1
BMS_Dashboard/tools/nsis/nsis-3.11/Examples/install-shared.nsi	.nsi	2829	4ffd851660c494bb
BMS_Dashboard/tools/nsis/nsis-3.11/Examples/languages.nsi	.nsi	7175	6206ecdd31783a4c
BMS_Dashboard/tools/nsis/nsis-3.11/Examples/makensis.nsi	.nsi	34104	c5415219c53fc63e
BMS_Dashboard/tools/nsis/nsis-3.11/Examples/nsDialogs/InstallOptions.nsi	.nsi	1088	09535107c1dae24b
BMS_Dashboard/tools/nsis/nsis-3.11/Examples/nsDialogs/example.nsi	.nsi	7281	5e3c33b48986218d
BMS_Dashboard/tools/nsis/nsis-3.11/Examples/nsDialogs/timer.nsi	.nsi	1928	1749921eab797bff
BMS_Dashboard/tools/nsis/nsis-3.11/Examples/nsDialogs/welcome.nsi	.nsi	5395	c80ad1ff951c35c4
BMS_Dashboard/tools/nsis/nsis-3.11/Examples/nsExec/test.nsi	.nsi	782	86337496adbe2ee6
BMS_Dashboard/tools/nsis/nsis-3.11/Examples/one-section.nsi	.nsi	1513	e7080fd68a952dd2
BMS_Dashboard/tools/nsis/nsis-3.11/Examples/primes.nsi	.nsi	1587	a3ddb9f061bac6df
BMS_Dashboard/tools/nsis/nsis-3.11/Examples/rtest.nsi	.nsi	1233	093397222fea2282
BMS_Dashboard/tools/nsis/nsis-3.11/Examples/silent.nsi	.nsi	2155	108b9bda301c7324
BMS_Dashboard/tools/nsis/nsis-3.11/Examples/unicode.nsi	.nsi	986	e4dab298560e0e79
BMS_Dashboard/tools/nsis/nsis-3.11/Examples/waplugin.nsi	.nsi	4504	f7f2083e1f26090f
BMS_Dashboard/tools/nsis/nsis-3.11/Include/Colors.nsh	.nsh	1784	f9f08980af4a0c2a
BMS_Dashboard/tools/nsis/nsis-3.11/Include/FileFunc.nsh	.nsh	38510	34cedfa096e73caf
BMS_Dashboard/tools/nsis/nsis-3.11/Include/InstallOptions.nsh	.nsh	4576	cd3e2d1ae1db18f6
BMS_Dashboard/tools/nsis/nsis-3.11/Include/Integration.nsh	.nsh	1196	001534e5771e3e36
BMS_Dashboard/tools/nsis/nsis-3.11/Include/LangFile.nsh	.nsh	5303	5a0b32e72e9b78d0
BMS_Dashboard/tools/nsis/nsis-3.11/Include/Library.nsh	.nsh	20900	9055b293eed9fa17
BMS_Dashboard/tools/nsis/nsis-3.11/Include/LogicLib.nsh	.nsh	33310	1f9cd8c70de5d8b4
BMS_Dashboard/tools/nsis/nsis-3.11/Include/MUI.nsh	.nsh	50	a8a897943521449d
BMS_Dashboard/tools/nsis/nsis-3.11/Include/MUI2.nsh	.nsh	50	2c847d2009b55ff4
BMS_Dashboard/tools/nsis/nsis-3.11/Include/Memento.nsh	.nsh	11537	59292c3822c20d40
BMS_Dashboard/tools/nsis/nsis-3.11/Include/MultiUser.nsh	.nsh	14491	b730da1b023f7d8f
BMS_Dashboard/tools/nsis/nsis-3.11/Include/Sections.nsh	.nsh	6363	b247820a09835d8d
BMS_Dashboard/tools/nsis/nsis-3.11/Include/StrFunc.nsh	.nsh	44351	34a8aa5df21fcfaa
BMS_Dashboard/tools/nsis/nsis-3.11/Include/TextFunc.nsh	.nsh	23137	360c304818e85611
BMS_Dashboard/tools/nsis/nsis-3.11/Include/UpgradeDLL.nsh	.nsh	4925	11ab6cb095d5c560
BMS_Dashboard/tools/nsis/nsis-3.11/Include/Util.nsh	.nsh	5028	48b034ac0307b27b
BMS_Dashboard/tools/nsis/nsis-3.11/Include/VB6RunTime.nsh	.nsh	3374	6510401a3bc3c5db
BMS_Dashboard/tools/nsis/nsis-3.11/Include/VPatchLib.nsh	.nsh	677	bbb84ce2b9188bb3
BMS_Dashboard/tools/nsis/nsis-3.11/Include/Win/COM.nsh	.nsh	16856	0091b5ecd9139f58
BMS_Dashboard/tools/nsis/nsis-3.11/Include/Win/Propkey.nsh	.nsh	8293	456f6b34b7a0cc3f
BMS_Dashboard/tools/nsis/nsis-3.11/Include/Win/RestartManager.nsh	.nsh	3461	67149978412da9b2
BMS_Dashboard/tools/nsis/nsis-3.11/Include/Win/WinDef.nsh	.nsh	1730	ad8d51ab4813e216
BMS_Dashboard/tools/nsis/nsis-3.11/Include/Win/WinError.nsh	.nsh	8083	b6f3584f9d1b3bf6
BMS_Dashboard/tools/nsis/nsis-3.11/Include/Win/WinNT.nsh	.nsh	10160	3ef4f864b6fb5267
BMS_Dashboard/tools/nsis/nsis-3.11/Include/Win/WinUser.nsh	.nsh	6130	eaac5ef935eb3dea
BMS_Dashboard/tools/nsis/nsis-3.11/Include/WinCore.nsh	.nsh	11657	7df9217fe0ea5870
BMS_Dashboard/tools/nsis/nsis-3.11/Include/WinMessages.nsh	.nsh	35867	ead3b6612ba62012
BMS_Dashboard/tools/nsis/nsis-3.11/Include/WinVer.nsh	.nsh	23910	7e5c39d4f53554c6
BMS_Dashboard/tools/nsis/nsis-3.11/Include/WordFunc.nsh	.nsh	41776	53e9e928a5afc4d0
BMS_Dashboard/tools/nsis/nsis-3.11/Include/nsDialogs.nsh	.nsh	44242	2e069e250ade383c
BMS_Dashboard/tools/nsis/nsis-3.11/Include/x64.nsh	.nsh	3842	94976d048f50174b
BMS_Dashboard/tools/nsis/nsis-3.11/NSIS.chm	.chm	414860	3ab384cdc93ff8fa
BMS_Dashboard/tools/nsis/nsis-3.11/NSIS.exe	.exe	130	9355f5c7e8d271e4
BMS_Dashboard/tools/nsis/nsis-3.11/Plugins/x86-ansi/AdvSplash.dll	.dll	129	19d7c2dc59690087
BMS_Dashboard/tools/nsis/nsis-3.11/Plugins/x86-ansi/Banner.dll	.dll	129	1a1b025f943afeb6
BMS_Dashboard/tools/nsis/nsis-3.11/Plugins/x86-ansi/BgImage.dll	.dll	129	f5e71b0a15353006
BMS_Dashboard/tools/nsis/nsis-3.11/Plugins/x86-ansi/Dialer.dll	.dll	129	2a7dd4b770567ef8
BMS_Dashboard/tools/nsis/nsis-3.11/Plugins/x86-ansi/InstallOptions.dll	.dll	130	691acbcbe0ec7391
BMS_Dashboard/tools/nsis/nsis-3.11/Plugins/x86-ansi/LangDLL.dll	.dll	129	68c32428a9c1ebdf
BMS_Dashboard/tools/nsis/nsis-3.11/Plugins/x86-ansi/Math.dll	.dll	130	6a0b32ecb2bd092f
BMS_Dashboard/tools/nsis/nsis-3.11/Plugins/x86-ansi/NSISdl.dll	.dll	130	905849885b40844c
BMS_Dashboard/tools/nsis/nsis-3.11/Plugins/x86-ansi/Splash.dll	.dll	129	c76e61d467f35249
BMS_Dashboard/tools/nsis/nsis-3.11/Plugins/x86-ansi/StartMenu.dll	.dll	129	c0c7157ec27af69b
BMS_Dashboard/tools/nsis/nsis-3.11/Plugins/x86-ansi/System.dll	.dll	130	38e782f68a298056
BMS_Dashboard/tools/nsis/nsis-3.11/Plugins/x86-ansi/TypeLib.dll	.dll	129	71320ab73786882a
BMS_Dashboard/tools/nsis/nsis-3.11/Plugins/x86-ansi/UserInfo.dll	.dll	129	79ccb9fa3ebf2ffd
BMS_Dashboard/tools/nsis/nsis-3.11/Plugins/x86-ansi/VPatch.dll	.dll	129	17a784bfac60f1d7
BMS_Dashboard/tools/nsis/nsis-3.11/Plugins/x86-ansi/nsDialogs.dll	.dll	129	986b2326b88b0aba
BMS_Dashboard/tools/nsis/nsis-3.11/Plugins/x86-ansi/nsExec.dll	.dll	129	1be64a16f82423c5
BMS_Dashboard/tools/nsis/nsis-3.11/Plugins/x86-unicode/AdvSplash.dll	.dll	129	e624ea110a6bebf0
BMS_Dashboard/tools/nsis/nsis-3.11/Plugins/x86-unicode/Banner.dll	.dll	129	241b31553a9a2c30
BMS_Dashboard/tools/nsis/nsis-3.11/Plugins/x86-unicode/BgImage.dll	.dll	129	6d3439b6022e0acb
BMS_Dashboard/tools/nsis/nsis-3.11/Plugins/x86-unicode/Dialer.dll	.dll	129	b98d601404390495
BMS_Dashboard/tools/nsis/nsis-3.11/Plugins/x86-unicode/InstallOptions.dll	.dll	130	0edaaa7afd63d720
BMS_Dashboard/tools/nsis/nsis-3.11/Plugins/x86-unicode/LangDLL.dll	.dll	129	cce8154151ecb958
BMS_Dashboard/tools/nsis/nsis-3.11/Plugins/x86-unicode/Math.dll	.dll	130	1231d3be156eed4e
BMS_Dashboard/tools/nsis/nsis-3.11/Plugins/x86-unicode/NSISdl.dll	.dll	130	b4d68b0d2eb2bfdb
BMS_Dashboard/tools/nsis/nsis-3.11/Plugins/x86-unicode/Splash.dll	.dll	129	cd1691eb6080a1c0
BMS_Dashboard/tools/nsis/nsis-3.11/Plugins/x86-unicode/StartMenu.dll	.dll	129	3cfb2b1dde66077a
BMS_Dashboard/tools/nsis/nsis-3.11/Plugins/x86-unicode/System.dll	.dll	130	8f517ca6fd8ece03
BMS_Dashboard/tools/nsis/nsis-3.11/Plugins/x86-unicode/TypeLib.dll	.dll	129	6fe43157ad039f55
BMS_Dashboard/tools/nsis/nsis-3.11/Plugins/x86-unicode/UserInfo.dll	.dll	129	ea85b0d72bf32110
BMS_Dashboard/tools/nsis/nsis-3.11/Plugins/x86-unicode/VPatch.dll	.dll	129	397347c54a0d67a1
BMS_Dashboard/tools/nsis/nsis-3.11/Plugins/x86-unicode/nsDialogs.dll	.dll	129	0ef314477eb7dc6d
BMS_Dashboard/tools/nsis/nsis-3.11/Plugins/x86-unicode/nsExec.dll	.dll	129	076adf1e6a78099d
BMS_Dashboard/tools/nsis/nsis-3.11/Stubs/bzip2-x86-ansi		37888	4e411c6ad6c4ef84
BMS_Dashboard/tools/nsis/nsis-3.11/Stubs/bzip2-x86-unicode		38912	f858e22d841ac580
BMS_Dashboard/tools/nsis/nsis-3.11/Stubs/bzip2_solid-x86-ansi		38400	802681be2acefd2c
BMS_Dashboard/tools/nsis/nsis-3.11/Stubs/bzip2_solid-x86-unicode		39424	ec69630d3b5faa18
BMS_Dashboard/tools/nsis/nsis-3.11/Stubs/lzma-x86-ansi		37376	5f44b3d3d7780c6c
BMS_Dashboard/tools/nsis/nsis-3.11/Stubs/lzma-x86-unicode		38400	e916a205c5421f42
BMS_Dashboard/tools/nsis/nsis-3.11/Stubs/lzma_solid-x86-ansi		38400	71c09439fce137e5
BMS_Dashboard/tools/nsis/nsis-3.11/Stubs/lzma_solid-x86-unicode		38912	a0d065b62d34be5f
BMS_Dashboard/tools/nsis/nsis-3.11/Stubs/uninst		766	ba82bb5d90262417
BMS_Dashboard/tools/nsis/nsis-3.11/Stubs/zlib-x86-ansi		38912	08e4a2dc53cf12ed
BMS_Dashboard/tools/nsis/nsis-3.11/Stubs/zlib-x86-unicode		39936	01621a30a5676e79
BMS_Dashboard/tools/nsis/nsis-3.11/Stubs/zlib_solid-x86-ansi		38912	eb28945f6478dca9
BMS_Dashboard/tools/nsis/nsis-3.11/Stubs/zlib_solid-x86-unicode		40960	e6c2afdd03c7bc5f
BMS_Dashboard/tools/nsis/nsis-3.11/makensis.exe	.exe	129	4930ec247edd5407
BMS_Dashboard/tools/nsis/nsis-3.11/makensisw.exe	.exe	132	d20e8ac4b9b9cd86
BMS_Dashboard/tools/nsis/nsis-3.11/nsisconf.nsh	.nsh	1665	8273545fbb4f930f
BMS_Dashboard/tools/nsis-3.11.zip	.zip	2361546	c7d27f780ddb6cff
BMS_Dashboard/tools/nsis-extract/nsis-3.11/Bin/GenPat.exe	.exe	130	ac20f4ee947d97ee
BMS_Dashboard/tools/nsis-extract/nsis-3.11/Bin/MakeLangId.exe	.exe	130	4bbcf5bc53f1be56
BMS_Dashboard/tools/nsis-extract/nsis-3.11/Bin/RegTool-x86.bin	.bin	5120	e7815a8f282e8585
BMS_Dashboard/tools/nsis-extract/nsis-3.11/Bin/makensis.exe	.exe	131	24db7bc92321c299
BMS_Dashboard/tools/nsis-extract/nsis-3.11/Bin/zip2exe.exe	.exe	130	972d22825906f938
BMS_Dashboard/tools/nsis-extract/nsis-3.11/Bin/zlib1.dll	.dll	130	ee38e33844e74d20
BMS_Dashboard/tools/nsis-extract/nsis-3.11/COPYING		15488	dc0f74a312c08ffc
BMS_Dashboard/tools/nsis-extract/nsis-3.11/Contrib/Graphics/Checks/big.bmp	.bmp	886	c22b2ada7263ec33
BMS_Dashboard/tools/nsis-extract/nsis-3.11/Contrib/Graphics/Checks/classic-cross.bmp	.bmp	886	438a514508b56db7
BMS_Dashboard/tools/nsis-extract/nsis-3.11/Contrib/Graphics/Checks/classic.bmp	.bmp	886	c0a5e0e33a8c8af0
BMS_Dashboard/tools/nsis-extract/nsis-3.11/Contrib/Graphics/Checks/colorful.bmp	.bmp	2512	4318c3d4f25b1fcf
BMS_Dashboard/tools/nsis-extract/nsis-3.11/Contrib/Graphics/Checks/grey-cross.bmp	.bmp	886	ca1c42c656e4f687
BMS_Dashboard/tools/nsis-extract/nsis-3.11/Contrib/Graphics/Checks/grey.bmp	.bmp	886	1d5ffd9b69b50071
BMS_Dashboard/tools/nsis-extract/nsis-3.11/Contrib/Graphics/Checks/modern.bmp	.bmp	1652	5ac685bb79e6fe75
BMS_Dashboard/tools/nsis-extract/nsis-3.11/Contrib/Graphics/Checks/red-round.bmp	.bmp	886	4b74ffb1131596fa
BMS_Dashboard/tools/nsis-extract/nsis-3.11/Contrib/Graphics/Checks/red.bmp	.bmp	886	e12080d15e31fc42
BMS_Dashboard/tools/nsis-extract/nsis-3.11/Contrib/Graphics/Checks/simple-round.bmp	.bmp	1616	2e84996353100d02
BMS_Dashboard/tools/nsis-extract/nsis-3.11/Contrib/Graphics/Checks/simple-round2.bmp	.bmp	1844	dfcd7729376479d5
BMS_Dashboard/tools/nsis-extract/nsis-3.11/Contrib/Graphics/Checks/simple.bmp	.bmp	1616	b22aca4a5b82422a
BMS_Dashboard/tools/nsis-extract/nsis-3.11/Contrib/Graphics/Header/nsis-r.bmp	.bmp	9744	2a54f3e88dc3176c
BMS_Dashboard/tools/nsis-extract/nsis-3.11/Contrib/Graphics/Header/nsis.bmp	.bmp	9744	766a893fe962aefd
BMS_Dashboard/tools/nsis-extract/nsis-3.11/Contrib/Graphics/Header/nsis3-branding-r.bmp	.bmp	25820	0f3b85a4a7bd2c6b
BMS_Dashboard/tools/nsis-extract/nsis-3.11/Contrib/Graphics/Header/nsis3-branding.bmp	.bmp	25820	4b6dadddb9bd51c4
BMS_Dashboard/tools/nsis-extract/nsis-3.11/Contrib/Graphics/Header/nsis3-grey-right.bmp	.bmp	8932	533588be2790810f
BMS_Dashboard/tools/nsis-extract/nsis-3.11/Contrib/Graphics/Header/nsis3-grey.bmp	.bmp	8956	51016cfd0222dadd
BMS_Dashboard/tools/nsis-extract/nsis-3.11/Contrib/Graphics/Header/nsis3-metro-right.bmp	.bmp	25820	ed4326ae071f3db1
BMS_Dashboard/tools/nsis-extract/nsis-3.11/Contrib/Graphics/Header/nsis3-metro.bmp	.bmp	25820	b74ed1397c5a50c2
BMS_Dashboard/tools/nsis-extract/nsis-3.11/Contrib/Graphics/Header/nsis3-vintage-right.bmp	.bmp	8996	38ff3142812ae83d
BMS_Dashboard/tools/nsis-extract/nsis-3.11/Contrib/Graphics/Header/nsis3-vintage.bmp	.bmp	9008	6ec748997c1c8ea0
BMS_Dashboard/tools/nsis-extract/nsis-3.11/Contrib/Graphics/Header/orange-nsis.bmp	.bmp	9740	552f10c2b0a34eae
BMS_Dashboard/tools/nsis-extract/nsis-3.11/Contrib/Graphics/Header/orange-r-nsis.bmp	.bmp	9740	6cfebb59f0ba1b9f
BMS_Dashboard/tools/nsis-extract/nsis-3.11/Contrib/Graphics/Header/orange-r.bmp	.bmp	9744	bd146e39af28cec2
BMS_Dashboard/tools/nsis-extract/nsis-3.11/Contrib/Graphics/Header/orange-uninstall-nsis.bmp	.bmp	9740	87d1eed1ee12e91b
BMS_Dashboard/tools/nsis-extract/nsis-3.11/Contrib/Graphics/Header/orange-uninstall-r-nsis.bmp	.bmp	9740	bd6cde334e9a7097
BMS_Dashboard/tools/nsis-extract/nsis-3.11/Contrib/Graphics/Header/orange-uninstall-r.bmp	.bmp	9744	7e3e16598f8fed5a
BMS_Dashboard/tools/nsis-extract/nsis-3.11/Contrib/Graphics/Header/orange-uninstall.bmp	.bmp	9744	b9f6b1effac717dc
BMS_Dashboard/tools/nsis-extract/nsis-3.11/Contrib/Graphics/Header/orange.bmp	.bmp	9744	4c9e804ce1a391f8
BMS_Dashboard/tools/nsis-extract/nsis-3.11/Contrib/Graphics/Header/win.bmp	.bmp	9744	8e58b3e6e3896a4b
BMS_Dashboard/tools/nsis-extract/nsis-3.11/Contrib/Graphics/Icons/arrow-install.ico	.ico	4710	ad8e1efce449a4c6
BMS_Dashboard/tools/nsis-extract/nsis-3.11/Contrib/Graphics/Icons/arrow-uninstall.ico	.ico	4710	cd58c15fb0848994
BMS_Dashboard/tools/nsis-extract/nsis-3.11/Contrib/Graphics/Icons/arrow2-install.ico	.ico	4710	7446a65155c7d718
BMS_Dashboard/tools/nsis-extract/nsis-3.11/Contrib/Graphics/Icons/arrow2-uninstall.ico	.ico	4710	e725e4c212b71d42
BMS_Dashboard/tools/nsis-extract/nsis-3.11/Contrib/Graphics/Icons/box-install.ico	.ico	4710	6a2ca9ce7cea0ba7
BMS_Dashboard/tools/nsis-extract/nsis-3.11/Contrib/Graphics/Icons/box-uninstall.ico	.ico	4710	797f66b21534d429
BMS_Dashboard/tools/nsis-extract/nsis-3.11/Contrib/Graphics/Icons/classic-install.ico	.ico	1078	a09769e39fa641ae
BMS_Dashboard/tools/nsis-extract/nsis-3.11/Contrib/Graphics/Icons/classic-uninstall.ico	.ico	1078	d9673909834dcedf
BMS_Dashboard/tools/nsis-extract/nsis-3.11/Contrib/Graphics/Icons/llama-blue.ico	.ico	2238	87df44f81ac4ff83
BMS_Dashboard/tools/nsis-extract/nsis-3.11/Contrib/Graphics/Icons/llama-grey.ico	.ico	2238	7f17ec9f401f9e91
BMS_Dashboard/tools/nsis-extract/nsis-3.11/Contrib/Graphics/Icons/modern-install-blue-full.ico	.ico	23558	5a2bd76e8d1e601f
BMS_Dashboard/tools/nsis-extract/nsis-3.11/Contrib/Graphics/Icons/modern-install-blue.ico	.ico	13902	666d7f1da2d3aa65
BMS_Dashboard/tools/nsis-extract/nsis-3.11/Contrib/Graphics/Icons/modern-install-colorful.ico	.ico	23558	f5681d2ed2efef52
BMS_Dashboard/tools/nsis-extract/nsis-3.11/Contrib/Graphics/Icons/modern-install-full.ico	.ico	23558	13a9fc72823ead4f
BMS_Dashboard/tools/nsis-extract/nsis-3.11/Contrib/Graphics/Icons/modern-install.ico	.ico	13902	95c36884a12b4bde
BMS_Dashboard/tools/nsis-extract/nsis-3.11/Contrib/Graphics/Icons/modern-uninstall-blue-full.ico	.ico	23558	ff5435163d7d1e79
BMS_Dashboard/tools/nsis-extract/nsis-3.11/Contrib/Graphics/Icons/modern-uninstall-blue.ico	.ico	13902	2a766a15db31e4fe
BMS_Dashboard/tools/nsis-extract/nsis-3.11/Contrib/Graphics/Icons/modern-uninstall-colorful.ico	.ico	23558	fb365bd8f0ca0b17
BMS_Dashboard/tools/nsis-extract/nsis-3.11/Contrib/Graphics/Icons/modern-uninstall-full.ico	.ico	23558	47bd1830e3e05311
BMS_Dashboard/tools/nsis-extract/nsis-3.11/Contrib/Graphics/Icons/modern-uninstall.ico	.ico	13902	5037c877cb134c1c
BMS_Dashboard/tools/nsis-extract/nsis-3.11/Contrib/Graphics/Icons/nsis-menu.ico	.ico	39119	e007305cc3e89bb7
BMS_Dashboard/tools/nsis-extract/nsis-3.11/Contrib/Graphics/Icons/nsis1-install.ico	.ico	1078	dd1a02e00f70f5e8
BMS_Dashboard/tools/nsis-extract/nsis-3.11/Contrib/Graphics/Icons/nsis1-uninstall.ico	.ico	1078	04fa9188e475bf16
BMS_Dashboard/tools/nsis-extract/nsis-3.11/Contrib/Graphics/Icons/nsis3-install-alt.ico	.ico	13111	453dc599a43ba980
BMS_Dashboard/tools/nsis-extract/nsis-3.11/Contrib/Graphics/Icons/nsis3-install.ico	.ico	11697	747ef2a4ef0eecc6
BMS_Dashboard/tools/nsis-extract/nsis-3.11/Contrib/Graphics/Icons/nsis3-uninstall.ico	.ico	12533	96899982c23b4395
BMS_Dashboard/tools/nsis-extract/nsis-3.11/Contrib/Graphics/Icons/orange-install-nsis.ico	.ico	25214	af57f376d93c091c
BMS_Dashboard/tools/nsis-extract/nsis-3.11/Contrib/Graphics/Icons/orange-install.ico	.ico	25214	20f5116dd02ab300
BMS_Dashboard/tools/nsis-extract/nsis-3.11/Contrib/Graphics/Icons/orange-uninstall-nsis.ico	.ico	25214	9f45b9a6aaa741ab
BMS_Dashboard/tools/nsis-extract/nsis-3.11/Contrib/Graphics/Icons/orange-uninstall.ico	.ico	25214	48498bf6cee860bc
BMS_Dashboard/tools/nsis-extract/nsis-3.11/Contrib/Graphics/Icons/pixel-install.ico	.ico	5390	e8080918da76cbc0
BMS_Dashboard/tools/nsis-extract/nsis-3.11/Contrib/Graphics/Icons/pixel-uninstall.ico	.ico	5390	652f01a3a81456cc
BMS_Dashboard/tools/nsis-extract/nsis-3.11/Contrib/Graphics/Icons/win-install.ico	.ico	1078	1a3ec42f39363530
BMS_Dashboard/tools/nsis-extract/nsis-3.11/Contrib/Graphics/Icons/win-uninstall.ico	.ico	1078	5f5bae653fd5a00b
BMS_Dashboard/tools/nsis-extract/nsis-3.11/Contrib/Graphics/Wizard/arrow.bmp	.bmp	52576	f1dfb50efbd9dc69
BMS_Dashboard/tools/nsis-extract/nsis-3.11/Contrib/Graphics/Wizard/llama.bmp	.bmp	26494	c9af52dc2c1444a2
BMS_Dashboard/tools/nsis-extract/nsis-3.11/Contrib/Graphics/Wizard/nsis.bmp	.bmp	26494	c1cd4e5a3d2ebfdc
BMS_Dashboard/tools/nsis-extract/nsis-3.11/Contrib/Graphics/Wizard/nsis3-branding.bmp	.bmp	154544	411961864a8edb7c
BMS_Dashboard/tools/nsis-extract/nsis-3.11/Contrib/Graphics/Wizard/nsis3-grey.bmp	.bmp	51832	2e138faec4410e66
BMS_Dashboard/tools/nsis-extract/nsis-3.11/Contrib/Graphics/Wizard/nsis3-metro.bmp	.bmp	154544	2079f7a3eba60e0d
BMS_Dashboard/tools/nsis-extract/nsis-3.11/Contrib/Graphics/Wizard/nsis3-vintage.bmp	.bmp	51920	34b4a33ada04c991
BMS_Dashboard/tools/nsis-extract/nsis-3.11/Contrib/Graphics/Wizard/nullsoft.bmp	.bmp	26494	b7a5b209189b7742
BMS_Dashboard/tools/nsis-extract/nsis-3.11/Contrib/Graphics/Wizard/orange-nsis.bmp	.bmp	52572	076221b4527ff13c
BMS_Dashboard/tools/nsis-extract/nsis-3.11/Contrib/Graphics/Wizard/orange-uninstall-nsis.bmp	.bmp	52572	b0278ae60eddd3e0
BMS_Dashboard/tools/nsis-extract/nsis-3.11/Contrib/Graphics/Wizard/orange-uninstall.bmp	.bmp	52576	498d402163d5d457
BMS_Dashboard/tools/nsis-extract/nsis-3.11/Contrib/Graphics/Wizard/orange.bmp	.bmp	52576	a7b2f12e01cbea88
BMS_Dashboard/tools/nsis-extract/nsis-3.11/Contrib/Graphics/Wizard/win.bmp	.bmp	26494	3ad2dc318056d0a2
BMS_Dashboard/tools/nsis-extract/nsis-3.11/Contrib/Language files/Afrikaans.nlf	.nlf	4876	8db12941460eda9e
BMS_Dashboard/tools/nsis-extract/nsis-3.11/Contrib/Language files/Afrikaans.nsh	.nsh	7010	5053f038f8641b62
BMS_Dashboard/tools/nsis-extract/nsis-3.11/Contrib/Language files/Albanian.nlf	.nlf	5537	842f88c081ed8c8a
BMS_Dashboard/tools/nsis-extract/nsis-3.11/Contrib/Language files/Albanian.nsh	.nsh	7936	ce04a41b45b0799e
BMS_Dashboard/tools/nsis-extract/nsis-3.11/Contrib/Language files/Arabic.nlf	.nlf	6290	686b85e458dcdd30
BMS_Dashboard/tools/nsis-extract/nsis-3.11/Contrib/Language files/Arabic.nsh	.nsh	8568	138dd690611539cf
BMS_Dashboard/tools/nsis-extract/nsis-3.11/Contrib/Language files/Armenian.nlf	.nlf	7040	0a9a265d93ee99fe
BMS_Dashboard/tools/nsis-extract/nsis-3.11/Contrib/Language files/Armenian.nsh	.nsh	9799	6cc2dfe15b83e89d
BMS_Dashboard/tools/nsis-extract/nsis-3.11/Contrib/Language files/Asturian.nlf	.nlf	5417	1cdde491460905ee
BMS_Dashboard/tools/nsis-extract/nsis-3.11/Contrib/Language files/Asturian.nsh	.nsh	7897	e1199d5a15916e41
BMS_Dashboard/tools/nsis-extract/nsis-3.11/Contrib/Language files/Basque.nlf	.nlf	5249	4ef56a6886873c6c
BMS_Dashboard/tools/nsis-extract/nsis-3.11/Contrib/Language files/Basque.nsh	.nsh	7716	c20e884e715548a1
BMS_Dashboard/tools/nsis-extract/nsis-3.11/Contrib/Language files/Belarusian.nlf	.nlf	8498	09f05a37db6f4e60
BMS_Dashboard/tools/nsis-extract/nsis-3.11/Contrib/Language files/Belarusian.nsh	.nsh	10561	53270f15fdc26e66
BMS_Dashboard/tools/nsis-extract/nsis-3.11/Contrib/Language files/Bosnian.nlf	.nlf	5332	237cd0f56ba5c874
BMS_Dashboard/tools/nsis-extract/nsis-3.11/Contrib/Language files/Bosnian.nsh	.nsh	7598	f6e7452f72fe6a22
BMS_Dashboard/tools/nsis-extract/nsis-3.11/Contrib/Language files/Breton.nlf	.nlf	5554	def6fb144908a129
BMS_Dashboard/tools/nsis-extract/nsis-3.11/Contrib/Language files/Breton.nsh	.nsh	7444	1d6c8ce5528eed26
BMS_Dashboard/tools/nsis-extract/nsis-3.11/Contrib/Language files/Bulgarian.nlf	.nlf	8143	ff6aab84349dd67f
BMS_Dashboard/tools/nsis-extract/nsis-3.11/Contrib/Language files/Bulgarian.nsh	.nsh	10121	92835ce57d223795
BMS_Dashboard/tools/nsis-extract/nsis-3.11/Contrib/Language files/Catalan.nlf	.nlf	5830	4a2f5586c36d9780
BMS_Dashboard/tools/nsis-extract/nsis-3.11/Contrib/Language files/Catalan.nsh	.nsh	7907	1a3f86ae4b54250c
BMS_Dashboard/tools/nsis-extract/nsis-3.11/Contrib/Language files/Corsican.nlf	.nlf	6214	6c2e03bd10981b4b
BMS_Dashboard/tools/nsis-extract/nsis-3.11/Contrib/Language files/Corsican.nsh	.nsh	8436	ebc54bc3b61e88c1
BMS_Dashboard/tools/nsis-extract/nsis-3.11/Contrib/Language files/Croatian.nlf	.nlf	5231	84420e45a4e0f0e1
BMS_Dashboard/tools/nsis-extract/nsis-3.11/Contrib/Language files/Croatian.nsh	.nsh	7489	e9b2f227787a0c8b
BMS_Dashboard/tools/nsis-extract/nsis-3.11/Contrib/Language files/Czech.nlf	.nlf	5869	cb34da78591160e3
BMS_Dashboard/tools/nsis-extract/nsis-3.11/Contrib/Language files/Czech.nsh	.nsh	8167	690a6fc502e72bc0
BMS_Dashboard/tools/nsis-extract/nsis-3.11/Contrib/Language files/Danish.nlf	.nlf	5387	ee02dfa602931717
BMS_Dashboard/tools/nsis-extract/nsis-3.11/Contrib/Language files/Danish.nsh	.nsh	7861	bd24163f67f7df03
BMS_Dashboard/tools/nsis-extract/nsis-3.11/Contrib/Language files/Dutch.nlf	.nlf	5278	a23625928bdbecf7
BMS_Dashboard/tools/nsis-extract/nsis-3.11/Contrib/Language files/Dutch.nsh	.nsh	7796	a21e2349b92ddd97
BMS_Dashboard/tools/nsis-extract/nsis-3.11/Contrib/Language files/English.nlf	.nlf	4945	1af27bb146b37053
BMS_Dashboard/tools/nsis-extract/nsis-3.11/Contrib/Language files/English.nsh	.nsh	7616	d85f67c5ddeeff44
BMS_Dashboard/tools/nsis-extract/nsis-3.11/Contrib/Language files/Esperanto.nlf	.nlf	5341	a51547e4d35c2f32
BMS_Dashboard/tools/nsis-extract/nsis-3.11/Contrib/Language files/Esperanto.nsh	.nsh	7865	6eba3bd70a87bf8c
BMS_Dashboard/tools/nsis-extract/nsis-3.11/Contrib/Language files/Estonian.nlf	.nlf	4897	a1803d376d4383d4
BMS_Dashboard/tools/nsis-extract/nsis-3.11/Contrib/Language files/Estonian.nsh	.nsh	6695	17ba536f1df47f86
BMS_Dashboard/tools/nsis-extract/nsis-3.11/Contrib/Language files/Farsi.nlf	.nlf	6951	f1495ed20b9ed1c2
BMS_Dashboard/tools/nsis-extract/nsis-3.11/Contrib/Language files/Farsi.nsh	.nsh	9385	133822c755cb44aa
BMS_Dashboard/tools/nsis-extract/nsis-3.11/Contrib/Language files/Finnish.nlf	.nlf	5019	cbfc5046fdba5b7a
BMS_Dashboard/tools/nsis-extract/nsis-3.11/Contrib/Language files/Finnish.nsh	.nsh	7122	e85ca23d66404efe
BMS_Dashboard/tools/nsis-extract/nsis-3.11/Contrib/Language files/French.nlf	.nlf	5820	08636d861bfbbf0e
BMS_Dashboard/tools/nsis-extract/nsis-3.11/Contrib/Language files/French.nsh	.nsh	8511	f64481709d633913
BMS_Dashboard/tools/nsis-extract/nsis-3.11/Contrib/Language files/Galician.nlf	.nlf	5428	0876dba60597d4c7
BMS_Dashboard/tools/nsis-extract/nsis-3.11/Contrib/Language files/Galician.nsh	.nsh	7298	7587bb6e37a6770b
BMS_Dashboard/tools/nsis-extract/nsis-3.11/Contrib/Language files/Georgian.nlf	.nlf	9878	bed051768b5acce8
BMS_Dashboard/tools/nsis-extract/nsis-3.11/Contrib/Language files/Georgian.nsh	.nsh	11613	dc29a977e990412b
BMS_Dashboard/tools/nsis-extract/nsis-3.11/Contrib/Language files/German.nlf	.nlf	5777	e2aa56d86cd597c6
BMS_Dashboard/tools/nsis-extract/nsis-3.11/Contrib/Language files/German.nsh	.nsh	8694	28229bef48cea2f3
BMS_Dashboard/tools/nsis-extract/nsis-3.11/Contrib/Language files/Greek.nlf	.nlf	8477	b4a4176de414cebf
BMS_Dashboard/tools/nsis-extract/nsis-3.11/Contrib/Language files/Greek.nsh	.nsh	10777	c97f2e91b5c4db8d
BMS_Dashboard/tools/nsis-extract/nsis-3.11/Contrib/Language files/Hebrew.nlf	.nlf	5949	c954912110444c97
BMS_Dashboard/tools/nsis-extract/nsis-3.11/Contrib/Language files/Hebrew.nsh	.nsh	8674	8b745ca2d4030a29
BMS_Dashboard/tools/nsis-extract/nsis-3.11/Contrib/Language files/Hindi.nlf	.nlf	10610	f1fd207f4c6ece71
BMS_Dashboard/tools/nsis-extract/nsis-3.11/Contrib/Language files/Hindi.nsh	.nsh	13301	d0b71a695db4b50d
BMS_Dashboard/tools/nsis-extract/nsis-3.11/Contrib/Language files/Hungarian.nlf	.nlf	5806	1e096270dcd8d8fd
BMS_Dashboard/tools/nsis-extract/nsis-3.11/Contrib/Language files/Hungarian.nsh	.nsh	7534	6d46e05dcc816cc8
BMS_Dashboard/tools/nsis-extract/nsis-3.11/Contrib/Language files/Icelandic.nlf	.nlf	5694	d00b9681b6c18526
BMS_Dashboard/tools/nsis-extract/nsis-3.11/Contrib/Language files/Icelandic.nsh	.nsh	7542	4a7479192d33ada3
BMS_Dashboard/tools/nsis-extract/nsis-3.11/Contrib/Language files/Indonesian.nlf	.nlf	5564	2c07be712cc8e8dd
BMS_Dashboard/tools/nsis-extract/nsis-3.11/Contrib/Language files/Indonesian.nsh	.nsh	8091	313849fccbf78455
BMS_Dashboard/tools/nsis-extract/nsis-3.11/Contrib/Language files/Irish.nlf	.nlf	5873	d87c9e139f92703e
BMS_Dashboard/tools/nsis-extract/nsis-3.11/Contrib/Language files/Irish.nsh	.nsh	7654	d76b23b630237df3
BMS_Dashboard/tools/nsis-extract/nsis-3.11/Contrib/Language files/Italian.nlf	.nlf	5598	1371f958c8ccc3a0
BMS_Dashboard/tools/nsis-extract/nsis-3.11/Contrib/Language files/Italian.nsh	.nsh	8466	cd2455066b261c7b
BMS_Dashboard/tools/nsis-extract/nsis-3.11/Contrib/Language files/Japanese.nlf	.nlf	6614	3d4cdcf393b15802
BMS_Dashboard/tools/nsis-extract/nsis-3.11/Contrib/Language files/Japanese.nsh	.nsh	9655	7454128269009564
BMS_Dashboard/tools/nsis-extract/nsis-3.11/Contrib/Language files/Korean.nlf	.nlf	5499	f6ed4431ff6e6996
BMS_Dashboard/tools/nsis-extract/nsis-3.11/Contrib/Language files/Korean.nsh	.nsh	7874	c2fd7f2dd2d6014e
BMS_Dashboard/tools/nsis-extract/nsis-3.11/Contrib/Language files/Kurdish.nlf	.nlf	5853	865d5c15fb58435f
BMS_Dashboard/tools/nsis-extract/nsis-3.11/Contrib/Language files/Kurdish.nsh	.nsh	7852	cfc0e8475daf71e8
BMS_Dashboard/tools/nsis-extract/nsis-3.11/Contrib/Language files/Latvian.nlf	.nlf	5605	84b7069796f18de4
BMS_Dashboard/tools/nsis-extract/nsis-3.11/Contrib/Language files/Latvian.nsh	.nsh	7548	00f1b2396cf58c41
BMS_Dashboard/tools/nsis-extract/nsis-3.11/Contrib/Language files/Lithuanian.nlf	.nlf	5330	b552f3f7ebc19410
BMS_Dashboard/tools/nsis-extract/nsis-3.11/Contrib/Language files/Lithuanian.nsh	.nsh	7119	29ff966c37f8dc61
BMS_Dashboard/tools/nsis-extract/nsis-3.11/Contrib/Language files/Luxembourgish.nlf	.nlf	5714	e641014e6ba4845a
BMS_Dashboard/tools/nsis-extract/nsis-3.11/Contrib/Language files/Luxembourgish.nsh	.nsh	7713	a699be758fbd8906
BMS_Dashboard/tools/nsis-extract/nsis-3.11/Contrib/Language files/Macedonian.nlf	.nlf	8255	9f05cffba5a82082
BMS_Dashboard/tools/nsis-extract/nsis-3.11/Contrib/Language files/Macedonian.nsh	.nsh	10196	174f260ed1b71038
BMS_Dashboard/tools/nsis-extract/nsis-3.11/Contrib/Language files/Malay.nlf	.nlf	4793	c6bc3b1413a63ea9
BMS_Dashboard/tools/nsis-extract/nsis-3.11/Contrib/Language files/Malay.nsh	.nsh	6802	ca1ede4cc5231b63
BMS_Dashboard/tools/nsis-extract/nsis-3.11/Contrib/Language files/Mongolian.nlf	.nlf	7228	53e0c247f0891dcd
BMS_Dashboard/tools/nsis-extract/nsis-3.11/Contrib/Language files/Mongolian.nsh	.nsh	9853	bd6125ec32e379cd
BMS_Dashboard/tools/nsis-extract/nsis-3.11/Contrib/Language files/Norwegian.nlf	.nlf	5074	790be7026f30fa05
BMS_Dashboard/tools/nsis-extract/nsis-3.11/Contrib/Language files/Norwegian.nsh	.nsh	7869	3476a686b32419c0
BMS_Dashboard/tools/nsis-extract/nsis-3.11/Contrib/Language files/NorwegianNynorsk.nlf	.nlf	5025	2f995b7184a01fa2
BMS_Dashboard/tools/nsis-extract/nsis-3.11/Contrib/Language files/NorwegianNynorsk.nsh	.nsh	7655	4107b9a2c6cb449f
BMS_Dashboard/tools/nsis-extract/nsis-3.11/Contrib/Language files/Pashto.nlf	.nlf	6257	66cc2502775e5e9a
BMS_Dashboard/tools/nsis-extract/nsis-3.11/Contrib/Language files/Pashto.nsh	.nsh	8532	bfde24291e4dcaf9
BMS_Dashboard/tools/nsis-extract/nsis-3.11/Contrib/Language files/Polish.nlf	.nlf	5607	06bc02413e4bdd73
BMS_Dashboard/tools/nsis-extract/nsis-3.11/Contrib/Language files/Polish.nsh	.nsh	8339	256252b66e88a7dc
BMS_Dashboard/tools/nsis-extract/nsis-3.11/Contrib/Language files/Portuguese.nlf	.nlf	5426	14325f19d8fdead0
BMS_Dashboard/tools/nsis-extract/nsis-3.11/Contrib/Language files/Portuguese.nsh	.nsh	8005	8ff23a99c8c4f791
BMS_Dashboard/tools/nsis-extract/nsis-3.11/Contrib/Language files/PortugueseBR.nlf	.nlf	5363	7d6008fe6a5f388d
BMS_Dashboard/tools/nsis-extract/nsis-3.11/Contrib/Language files/PortugueseBR.nsh	.nsh	8100	e63dc9bce1297b71
BMS_Dashboard/tools/nsis-extract/nsis-3.11/Contrib/Language files/Romanian.nlf	.nlf	6242	679348a978000fcd
BMS_Dashboard/tools/nsis-extract/nsis-3.11/Contrib/Language files/Romanian.nsh	.nsh	8081	a7587a93e42784b4
BMS_Dashboard/tools/nsis-extract/nsis-3.11/Contrib/Language files/Russian.nlf	.nlf	7684	0a0c8234cc4dbb91
BMS_Dashboard/tools/nsis-extract/nsis-3.11/Contrib/Language files/Russian.nsh	.nsh	10387	7b10b84b217b1107
BMS_Dashboard/tools/nsis-extract/nsis-3.11/Contrib/Language files/ScotsGaelic.nlf	.nlf	6038	6266a612b8eb4205
BMS_Dashboard/tools/nsis-extract/nsis-3.11/Contrib/Language files/ScotsGaelic.nsh	.nsh	8398	0f3cebc745b85ad4
BMS_Dashboard/tools/nsis-extract/nsis-3.11/Contrib/Language files/Serbian.nlf	.nlf	8193	04b62a3cd1b8e703
BMS_Dashboard/tools/nsis-extract/nsis-3.11/Contrib/Language files/Serbian.nsh	.nsh	10263	7a6247e86fd0df6e
BMS_Dashboard/tools/nsis-extract/nsis-3.11/Contrib/Language files/SerbianLatin.nlf	.nlf	5555	43cc8d4530216a77
BMS_Dashboard/tools/nsis-extract/nsis-3.11/Contrib/Language files/SerbianLatin.nsh	.nsh	7574	5610e96c6108f1a6
BMS_Dashboard/tools/nsis-extract/nsis-3.11/Contrib/Language files/SimpChinese.nlf	.nlf	5050	4d03518f6b472fa4
BMS_Dashboard/tools/nsis-extract/nsis-3.11/Contrib/Language files/SimpChinese.nsh	.nsh	7553	256e3e07d35d172f
BMS_Dashboard/tools/nsis-extract/nsis-3.11/Contrib/Language files/Slovak.nlf	.nlf	6298	f7ec33d378a99185
BMS_Dashboard/tools/nsis-extract/nsis-3.11/Contrib/Language files/Slovak.nsh	.nsh	8774	c703cf3952251ac7
BMS_Dashboard/tools/nsis-extract/nsis-3.11/Contrib/Language files/Slovenian.nlf	.nlf	5171	8b1947583a4e281b
BMS_Dashboard/tools/nsis-extract/nsis-3.11/Contrib/Language files/Slovenian.nsh	.nsh	7961	3fb68baeceda8e07
BMS_Dashboard/tools/nsis-extract/nsis-3.11/Contrib/Language files/Spanish.nlf	.nlf	5554	69a21d34f8fd911a
BMS_Dashboard/tools/nsis-extract/nsis-3.11/Contrib/Language files/Spanish.nsh	.nsh	8083	beb106f197639933
BMS_Dashboard/tools/nsis-extract/nsis-3.11/Contrib/Language files/SpanishInternational.nlf	.nlf	5554	26eafd82568c0ee3
BMS_Dashboard/tools/nsis-extract/nsis-3.11/Contrib/Language files/SpanishInternational.nsh	.nsh	8196	c5a7bf92ba766bd4
BMS_Dashboard/tools/nsis-extract/nsis-3.11/Contrib/Language files/Swedish.nlf	.nlf	5345	994679c93a66a6ab
BMS_Dashboard/tools/nsis-extract/nsis-3.11/Contrib/Language files/Swedish.nsh	.nsh	7964	28ebff21ad87f20e
BMS_Dashboard/tools/nsis-extract/nsis-3.11/Contrib/Language files/Tatar.nlf	.nlf	7493	a4473ab620767e23
BMS_Dashboard/tools/nsis-extract/nsis-3.11/Contrib/Language files/Tatar.nsh	.nsh	10183	15f27aebf9ce2c76
BMS_Dashboard/tools/nsis-extract/nsis-3.11/Contrib/Language files/Thai.nlf	.nlf	9985	b13695dd61cbdebe
BMS_Dashboard/tools/nsis-extract/nsis-3.11/Contrib/Language files/Thai.nsh	.nsh	12621	3678a2567d47f477
BMS_Dashboard/tools/nsis-extract/nsis-3.11/Contrib/Language files/TradChinese.nlf	.nlf	5076	a92595266f734e27
BMS_Dashboard/tools/nsis-extract/nsis-3.11/Contrib/Language files/TradChinese.nsh	.nsh	7519	1d74f01a256c9981
BMS_Dashboard/tools/nsis-extract/nsis-3.11/Contrib/Language files/Turkish.nlf	.nlf	5743	1774d493a5ffa87c
BMS_Dashboard/tools/nsis-extract/nsis-3.11/Contrib/Language files/Turkish.nsh	.nsh	7951	7c2b74589797fa13
BMS_Dashboard/tools/nsis-extract/nsis-3.11/Contrib/Language files/Ukrainian.nlf	.nlf	7881	b405f8f5079ec7e0
BMS_Dashboard/tools/nsis-extract/nsis-3.11/Contrib/Language files/Ukrainian.nsh	.nsh	10062	d7e0f38ceb7844f5
BMS_Dashboard/tools/nsis-extract/nsis-3.11/Contrib/Language files/Uzbek.nlf	.nlf	5495	46b94d7d4f46a89b
BMS_Dashboard/tools/nsis-extract/nsis-3.11/Contrib/Language files/Uzbek.nsh	.nsh	7483	ff50a5d2c5397cde
BMS_Dashboard/tools/nsis-extract/nsis-3.11/Contrib/Language files/Vietnamese.nlf	.nlf	6420	9a7fd2ef0744d46c
BMS_Dashboard/tools/nsis-extract/nsis-3.11/Contrib/Language files/Vietnamese.nsh	.nsh	9114	c97345007ce05caa
BMS_Dashboard/tools/nsis-extract/nsis-3.11/Contrib/Language files/Welsh.nlf	.nlf	4737	d4aa0d517d4b0cfd
BMS_Dashboard/tools/nsis-extract/nsis-3.11/Contrib/Language files/Welsh.nsh	.nsh	6891	cb7b2724e497f868
BMS_Dashboard/tools/nsis-extract/nsis-3.11/Contrib/Modern UI/System.nsh	.nsh	66886	1e899bf9d654ee23
BMS_Dashboard/tools/nsis-extract/nsis-3.11/Contrib/Modern UI/ioSpecial.ini	.ini	193	4868ee046975b352
BMS_Dashboard/tools/nsis-extract/nsis-3.11/Contrib/Modern UI 2/Deprecated.nsh	.nsh	1805	100b5b74b1d0d209
BMS_Dashboard/tools/nsis-extract/nsis-3.11/Contrib/Modern UI 2/Interface.nsh	.nsh	9932	a7c989dfe337798e
BMS_Dashboard/tools/nsis-extract/nsis-3.11/Contrib/Modern UI 2/Localization.nsh	.nsh	4623	270325977996013f
BMS_Dashboard/tools/nsis-extract/nsis-3.11/Contrib/Modern UI 2/MUI2.nsh	.nsh	2237	59a25e20a04b3ea6
BMS_Dashboard/tools/nsis-extract/nsis-3.11/Contrib/Modern UI 2/Pages/Components.nsh	.nsh	6756	13805fd49072918d
BMS_Dashboard/tools/nsis-extract/nsis-3.11/Contrib/Modern UI 2/Pages/Directory.nsh	.nsh	3472	aa0b7e92aca98ba6
BMS_Dashboard/tools/nsis-extract/nsis-3.11/Contrib/Modern UI 2/Pages/Finish.nsh	.nsh	17546	ac6e9bf4f6152ebc
BMS_Dashboard/tools/nsis-extract/nsis-3.11/Contrib/Modern UI 2/Pages/InstallFiles.nsh	.nsh	4824	bbd10b77c7622bd7
BMS_Dashboard/tools/nsis-extract/nsis-3.11/Contrib/Modern UI 2/Pages/License.nsh	.nsh	4334	10f270377e058dc9
BMS_Dashboard/tools/nsis-extract/nsis-3.11/Contrib/Modern UI 2/Pages/StartMenu.nsh	.nsh	7960	47c390a1c47a062b
BMS_Dashboard/tools/nsis-extract/nsis-3.11/Contrib/Modern UI 2/Pages/UninstallConfirm.nsh	.nsh	2272	198b24698ecfd7b8
BMS_Dashboard/tools/nsis-extract/nsis-3.11/Contrib/Modern UI 2/Pages/Welcome.nsh	.nsh	5186	ef5a1b6e27319832
BMS_Dashboard/tools/nsis-extract/nsis-3.11/Contrib/Modern UI 2/Pages.nsh	.nsh	9068	16521f235fba1e9e
BMS_Dashboard/tools/nsis-extract/nsis-3.11/Contrib/UIs/default.exe	.exe	129	7621f6ff5b56de2f
BMS_Dashboard/tools/nsis-extract/nsis-3.11/Contrib/UIs/modern.exe	.exe	129	65b565d35d28b634
BMS_Dashboard/tools/nsis-extract/nsis-3.11/Contrib/UIs/modern_headerbmp.exe	.exe	129	ca64921b2bc92c09
BMS_Dashboard/tools/nsis-extract/nsis-3.11/Contrib/UIs/modern_headerbmpr.exe	.exe	129	e7ab87f2d36ebe87
BMS_Dashboard/tools/nsis-extract/nsis-3.11/Contrib/UIs/modern_nodesc.exe	.exe	129	36aef1fe406ca054
BMS_Dashboard/tools/nsis-extract/nsis-3.11/Contrib/UIs/modern_smalldesc.exe	.exe	129	5eecc9f93f61de8d
BMS_Dashboard/tools/nsis-extract/nsis-3.11/Contrib/UIs/sdbarker_tiny.exe	.exe	129	4e527c9f41f1d606
BMS_Dashboard/tools/nsis-extract/nsis-3.11/Contrib/zip2exe/Base.nsh	.nsh	1667	2629f61064a08fae
BMS_Dashboard/tools/nsis-extract/nsis-3.11/Contrib/zip2exe/Classic.nsh	.nsh	115	96a49d7b55d69c09
BMS_Dashboard/tools/nsis-extract/nsis-3.11/Contrib/zip2exe/Modern.nsh	.nsh	206	a36050e49f4082d3
BMS_Dashboard/tools/nsis-extract/nsis-3.11/Docs/AdvSplash/advsplash.txt	.txt	1969	1943d1a7d0d6358c
BMS_Dashboard/tools/nsis-extract/nsis-3.11/Docs/Banner/Readme.txt	.txt	1169	04fc2a4168aa90a7
BMS_Dashboard/tools/nsis-extract/nsis-3.11/Docs/BgImage/BgImage.txt	.txt	3042	3d5f606319238105
BMS_Dashboard/tools/nsis-extract/nsis-3.11/Docs/Dialer/Dialer.txt	.txt	2873	5a695b1fae8ad13a
BMS_Dashboard/tools/nsis-extract/nsis-3.11/Docs/InstallOptions/Changelog.txt	.txt	6170	f87f1b3c92fd232f
BMS_Dashboard/tools/nsis-extract/nsis-3.11/Docs/InstallOptions/Readme.html	.html	52108	aa7f4654fc8ee1df
BMS_Dashboard/tools/nsis-extract/nsis-3.11/Docs/Math/Math.txt	.txt	10062	16adef40e6789476
BMS_Dashboard/tools/nsis-extract/nsis-3.11/Docs/Modern UI/Changelog.txt	.txt	11471	4e4d9c877affe3b0
BMS_Dashboard/tools/nsis-extract/nsis-3.11/Docs/Modern UI/License.txt	.txt	830	60a810a36630b3cb
BMS_Dashboard/tools/nsis-extract/nsis-3.11/Docs/Modern UI/Readme.html	.html	80650	2823669b65e65367
BMS_Dashboard/tools/nsis-extract/nsis-3.11/Docs/Modern UI/images/closed.gif	.gif	203	b601482dd9f13043
BMS_Dashboard/tools/nsis-extract/nsis-3.11/Docs/Modern UI/images/header.gif	.gif	6023	7ab302133999a944
BMS_Dashboard/tools/nsis-extract/nsis-3.11/Docs/Modern UI/images/open.gif	.gif	138	dbf447ca33cd86e0
BMS_Dashboard/tools/nsis-extract/nsis-3.11/Docs/Modern UI/images/screen1.png	.png	15647	2b24d171b68922e9
BMS_Dashboard/tools/nsis-extract/nsis-3.11/Docs/Modern UI/images/screen2.png	.png	18437	f211103afc4c7976
BMS_Dashboard/tools/nsis-extract/nsis-3.11/Docs/Modern UI 2/License.txt	.txt	831	d74602745bb9ab1c
BMS_Dashboard/tools/nsis-extract/nsis-3.11/Docs/Modern UI 2/Readme.html	.html	77484	20e354474e9e885e
BMS_Dashboard/tools/nsis-extract/nsis-3.11/Docs/Modern UI 2/images/closed.gif	.gif	203	b601482dd9f13043
BMS_Dashboard/tools/nsis-extract/nsis-3.11/Docs/Modern UI 2/images/header.gif	.gif	6023	7ab302133999a944
BMS_Dashboard/tools/nsis-extract/nsis-3.11/Docs/Modern UI 2/images/open.gif	.gif	138	dbf447ca33cd86e0
BMS_Dashboard/tools/nsis-extract/nsis-3.11/Docs/Modern UI 2/images/screen1.png	.png	15647	2b24d171b68922e9
BMS_Dashboard/tools/nsis-extract/nsis-3.11/Docs/Modern UI 2/images/screen2.png	.png	18437	f211103afc4c7976
BMS_Dashboard/tools/nsis-extract/nsis-3.11/Docs/MultiUser/Readme.html	.html	16224	385a476146c3ef5d
BMS_Dashboard/tools/nsis-extract/nsis-3.11/Docs/NSISdl/License.txt	.txt	926	daab4a8b00759c9a
BMS_Dashboard/tools/nsis-extract/nsis-3.11/Docs/NSISdl/ReadMe.txt	.txt	2877	a9a91f9075c0aa99
BMS_Dashboard/tools/nsis-extract/nsis-3.11/Docs/Splash/splash.txt	.txt	1194	ef6f776c3904c3f5
BMS_Dashboard/tools/nsis-extract/nsis-3.11/Docs/StartMenu/Readme.txt	.txt	2218	bd0a616a8ae1110d
BMS_Dashboard/tools/nsis-extract/nsis-3.11/Docs/StrFunc/StrFunc.txt	.txt	23607	f1c92c099c8e2791
BMS_Dashboard/tools/nsis-extract/nsis-3.11/Docs/System/System.html	.html	31131	266ea005292cea22
BMS_Dashboard/tools/nsis-extract/nsis-3.11/Docs/System/WhatsNew.txt	.txt	2160	a7ae6694ab8a958f
BMS_Dashboard/tools/nsis-extract/nsis-3.11/Docs/VPatch/Readme.html	.html	13721	8c29048b1c4aff77
BMS_Dashboard/tools/nsis-extract/nsis-3.11/Docs/makensisw/License.txt	.txt	893	45a364e0b59ad660
BMS_Dashboard/tools/nsis-extract/nsis-3.11/Docs/makensisw/Readme.txt	.txt	7151	b81a666da35fec3e
BMS_Dashboard/tools/nsis-extract/nsis-3.11/Docs/nsDialogs/Readme.html	.html	39832	d31c6a356b6d265d
BMS_Dashboard/tools/nsis-extract/nsis-3.11/Docs/nsExec/nsExec.txt	.txt	1578	329bef737b3b70d5
BMS_Dashboard/tools/nsis-extract/nsis-3.11/Examples/AdvSplash/Example.nsi	.nsi	1137	44a73c016ea1c4ad
BMS_Dashboard/tools/nsis-extract/nsis-3.11/Examples/AppGen.nsi	.nsi	1969	2089cc6e5eb0b8ee
BMS_Dashboard/tools/nsis-extract/nsis-3.11/Examples/Banner/Example.nsi	.nsi	661	7cb30b11a3540277
BMS_Dashboard/tools/nsis-extract/nsis-3.11/Examples/BgImage/Example.nsi	.nsi	2746	2c364620cfcf2870
BMS_Dashboard/tools/nsis-extract/nsis-3.11/Examples/FileFunc.ini	.ini	1443	519728ed7e91857b
BMS_Dashboard/tools/nsis-extract/nsis-3.11/Examples/FileFunc.nsi	.nsi	18653	2f6a09db75159839
BMS_Dashboard/tools/nsis-extract/nsis-3.11/Examples/FileFuncTest.nsi	.nsi	13711	85176f962d7a4bcc
BMS_Dashboard/tools/nsis-extract/nsis-3.11/Examples/InstallOptions/test.ini	.ini	938	8623f2d8fae3b56d
BMS_Dashboard/tools/nsis-extract/nsis-3.11/Examples/InstallOptions/test.nsi	.nsi	2097	507687f234d59443
BMS_Dashboard/tools/nsis-extract/nsis-3.11/Examples/InstallOptions/testimgs.ini	.ini	1871	4f89571ffec3b368
BMS_Dashboard/tools/nsis-extract/nsis-3.11/Examples/InstallOptions/testimgs.nsi	.nsi	1913	c390b3e48420a3a5
BMS_Dashboard/tools/nsis-extract/nsis-3.11/Examples/InstallOptions/testlink.ini	.ini	570	263f43dd4cc823e1
BMS_Dashboard/tools/nsis-extract/nsis-3.11/Examples/InstallOptions/testlink.nsi	.nsi	1224	b29275035137e877
BMS_Dashboard/tools/nsis-extract/nsis-3.11/Examples/InstallOptions/testnotify.ini	.ini	1290	0f331de15ade97d9
BMS_Dashboard/tools/nsis-extract/nsis-3.11/Examples/InstallOptions/testnotify.nsi	.nsi	4245	d9b61a1be930a70d
BMS_Dashboard/tools/nsis-extract/nsis-3.11/Examples/Library.nsi	.nsi	8236	5b33ad3ab342940b
BMS_Dashboard/tools/nsis-extract/nsis-3.11/Examples/LogicLib.nsi	.nsi	11890	3025e7a26451b39f
BMS_Dashboard/tools/nsis-extract/nsis-3.11/Examples/Math/math.nsi	.nsi	1180	99a251cd74d8d471
BMS_Dashboard/tools/nsis-extract/nsis-3.11/Examples/Math/mathtest.ini	.ini	1021	d574891eff1aaf64
BMS_Dashboard/tools/nsis-extract/nsis-3.11/Examples/Math/mathtest.nsi	.nsi	5530	e648a527804d61f5
BMS_Dashboard/tools/nsis-extract/nsis-3.11/Examples/Math/mathtest.txt	.txt	475	9953a6d326abbceb
BMS_Dashboard/tools/nsis-extract/nsis-3.11/Examples/Memento.nsi	.nsi	1453	545d9d001a1b9b92
BMS_Dashboard/tools/nsis-extract/nsis-3.11/Examples/Modern UI/Basic.nsi	.nsi	1881	83c7cb3f5aa4da1a
BMS_Dashboard/tools/nsis-extract/nsis-3.11/Examples/Modern UI/HeaderBitmap.nsi	.nsi	2018	33f2fc969e33b3fc
BMS_Dashboard/tools/nsis-extract/nsis-3.11/Examples/Modern UI/MultiLanguage.nsi	.nsi	5792	81da6444a32c7990
BMS_Dashboard/tools/nsis-extract/nsis-3.11/Examples/Modern UI/StartMenu.nsi	.nsi	2708	72243d5d62387c99
BMS_Dashboard/tools/nsis-extract/nsis-3.11/Examples/Modern UI/WelcomeFinish.nsi	.nsi	2021	694dcafba56b9782
BMS_Dashboard/tools/nsis-extract/nsis-3.11/Examples/MultiUser.nsi	.nsi	1828	e9db12795365fe14
BMS_Dashboard/tools/nsis-extract/nsis-3.11/Examples/NSISMenu.nsi	.nsi	12660	2895bcde47ed08d8
BMS_Dashboard/tools/nsis-extract/nsis-3.11/Examples/Plugin/exdll-vs2008.sln	.sln	862	715acd02f430fede
BMS_Dashboard/tools/nsis-extract/nsis-3.11/Examples/Plugin/exdll-vs2008.vcproj	.vcproj	6037	eed23bb16f80a0e6
BMS_Dashboard/tools/nsis-extract/nsis-3.11/Examples/Plugin/exdll.c	.c	1285	11228585743a3dc4
BMS_Dashboard/tools/nsis-extract/nsis-3.11/Examples/Plugin/exdll.dpr	.dpr	2777	3cfad5f65b6b77a1
BMS_Dashboard/tools/nsis-extract/nsis-3.11/Examples/Plugin/exdll.dsp	.dsp	4234	232d183b7f58e647
BMS_Dashboard/tools/nsis-extract/nsis-3.11/Examples/Plugin/exdll.dsw	.dsw	504	94a44eb3dd5d7bca
BMS_Dashboard/tools/nsis-extract/nsis-3.11/Examples/Plugin/exdll_with_unit.dpr	.dpr	2280	396b4b2a6846e6c4
BMS_Dashboard/tools/nsis-extract/nsis-3.11/Examples/Plugin/extdll.inc	.inc	2951	4832a6c0b1462991
BMS_Dashboard/tools/nsis-extract/nsis-3.11/Examples/Plugin/nsis/api.h	.h	3245	9bf30148ff0fd3e8
BMS_Dashboard/tools/nsis-extract/nsis-3.11/Examples/Plugin/nsis/nsis_tchar.h	.h	4825	fe945cd4c72454ee
BMS_Dashboard/tools/nsis-extract/nsis-3.11/Examples/Plugin/nsis/pluginapi-x86-ansi.lib	.lib	7004	9095b3b1ce33bcf7
BMS_Dashboard/tools/nsis-extract/nsis-3.11/Examples/Plugin/nsis/pluginapi-x86-unicode.lib	.lib	7012	cc37fca4695d3b0b
BMS_Dashboard/tools/nsis-extract/nsis-3.11/Examples/Plugin/nsis/pluginapi.h	.h	3040	096a9c13ec61c6ab
BMS_Dashboard/tools/nsis-extract/nsis-3.11/Examples/Plugin/nsis.pas	.pas	6471	6065cd68b5f969fd
BMS_Dashboard/tools/nsis-extract/nsis-3.11/Examples/Splash/Example.nsi	.nsi	533	fd8dd6d2e6a4aaa1
BMS_Dashboard/tools/nsis-extract/nsis-3.11/Examples/StartMenu/Example.nsi	.nsi	1182	9880210bd2c74d41
BMS_Dashboard/tools/nsis-extract/nsis-3.11/Examples/StrFunc.nsi	.nsi	21040	d385f690064305ff
BMS_Dashboard/tools/nsis-extract/nsis-3.11/Examples/System/Resource.dll	.dll	130	879e71818eabde30
BMS_Dashboard/tools/nsis-extract/nsis-3.11/Examples/System/SysFunc.nsh	.nsh	10059	94bc9c3d3afd8e77
BMS_Dashboard/tools/nsis-extract/nsis-3.11/Examples/System/System.nsh	.nsh	14163	2399f3c694d639f9
BMS_Dashboard/tools/nsis-extract/nsis-3.11/Examples/System/System.nsi	.nsi	5271	3f28d59eb76b016b
BMS_Dashboard/tools/nsis-extract/nsis-3.11/Examples/TextFunc.ini	.ini	1877	fecdf4964fb94b12
BMS_Dashboard/tools/nsis-extract/nsis-3.11/Examples/TextFunc.nsi	.nsi	23393	8e77bc742b0d4fd2
BMS_Dashboard/tools/nsis-extract/nsis-3.11/Examples/TextFuncTest.nsi	.nsi	8664	3dfa51b4dc9dc439
BMS_Dashboard/tools/nsis-extract/nsis-3.11/Examples/UserInfo/UserInfo.nsi	.nsi	1372	08af705430e30b68
BMS_Dashboard/tools/nsis-extract/nsis-3.11/Examples/VPatch/example.nsi	.nsi	1609	1cf15fac45d8cb18
BMS_Dashboard/tools/nsis-extract/nsis-3.11/Examples/VPatch/newfile.txt	.txt	120	077973a64091edbf
BMS_Dashboard/tools/nsis-extract/nsis-3.11/Examples/VPatch/oldfile.txt	.txt	120	c48f4eac3fbab070
BMS_Dashboard/tools/nsis-extract/nsis-3.11/Examples/VPatch/patch.pat	.pat	99	31fcf403adb523c7
BMS_Dashboard/tools/nsis-extract/nsis-3.11/Examples/VersionInfo.nsi	.nsi	1000	ef949e262d1c239e
BMS_Dashboard/tools/nsis-extract/nsis-3.11/Examples/WordFunc.ini	.ini	1689	5e8c6deea76321ee
BMS_Dashboard/tools/nsis-extract/nsis-3.11/Examples/WordFunc.nsi	.nsi	15902	8490e0e5c9d38df4
BMS_Dashboard/tools/nsis-extract/nsis-3.11/Examples/WordFuncTest.nsi	.nsi	15830	3583f65f32ade979
BMS_Dashboard/tools/nsis-extract/nsis-3.11/Examples/bigtest.nsi	.nsi	8302	2553891b8c124391
BMS_Dashboard/tools/nsis-extract/nsis-3.11/Examples/example1.nsi	.nsi	973	e5e88d9ac95308e3
BMS_Dashboard/tools/nsis-extract/nsis-3.11/Examples/example2.nsi	.nsi	2678	1937de9b9bb62a65
BMS_Dashboard/tools/nsis-extract/nsis-3.11/Examples/gfx.nsi	.nsi	3178	a259905238dc330d
BMS_Dashboard/tools/nsis-extract/nsis-3.11/Examples/install-per-user.nsi	.nsi	8772	7077c4739c0d2ea1
BMS_Dashboard/tools/nsis-extract/nsis-3.11/Examples/install-shared.nsi	.nsi	2829	4ffd851660c494bb
BMS_Dashboard/tools/nsis-extract/nsis-3.11/Examples/languages.nsi	.nsi	7175	6206ecdd31783a4c
BMS_Dashboard/tools/nsis-extract/nsis-3.11/Examples/makensis.nsi	.nsi	34104	c5415219c53fc63e
BMS_Dashboard/tools/nsis-extract/nsis-3.11/Examples/nsDialogs/InstallOptions.nsi	.nsi	1088	09535107c1dae24b
BMS_Dashboard/tools/nsis-extract/nsis-3.11/Examples/nsDialogs/example.nsi	.nsi	7281	5e3c33b48986218d
BMS_Dashboard/tools/nsis-extract/nsis-3.11/Examples/nsDialogs/timer.nsi	.nsi	1928	1749921eab797bff
BMS_Dashboard/tools/nsis-extract/nsis-3.11/Examples/nsDialogs/welcome.nsi	.nsi	5395	c80ad1ff951c35c4
BMS_Dashboard/tools/nsis-extract/nsis-3.11/Examples/nsExec/test.nsi	.nsi	782	86337496adbe2ee6
BMS_Dashboard/tools/nsis-extract/nsis-3.11/Examples/one-section.nsi	.nsi	1513	e7080fd68a952dd2
BMS_Dashboard/tools/nsis-extract/nsis-3.11/Examples/primes.nsi	.nsi	1587	a3ddb9f061bac6df
BMS_Dashboard/tools/nsis-extract/nsis-3.11/Examples/rtest.nsi	.nsi	1233	093397222fea2282
BMS_Dashboard/tools/nsis-extract/nsis-3.11/Examples/silent.nsi	.nsi	2155	108b9bda301c7324
BMS_Dashboard/tools/nsis-extract/nsis-3.11/Examples/unicode.nsi	.nsi	986	e4dab298560e0e79
BMS_Dashboard/tools/nsis-extract/nsis-3.11/Examples/waplugin.nsi	.nsi	4504	f7f2083e1f26090f
BMS_Dashboard/tools/nsis-extract/nsis-3.11/Include/Colors.nsh	.nsh	1784	f9f08980af4a0c2a
BMS_Dashboard/tools/nsis-extract/nsis-3.11/Include/FileFunc.nsh	.nsh	38510	34cedfa096e73caf
BMS_Dashboard/tools/nsis-extract/nsis-3.11/Include/InstallOptions.nsh	.nsh	4576	cd3e2d1ae1db18f6
BMS_Dashboard/tools/nsis-extract/nsis-3.11/Include/Integration.nsh	.nsh	1196	001534e5771e3e36
BMS_Dashboard/tools/nsis-extract/nsis-3.11/Include/LangFile.nsh	.nsh	5303	5a0b32e72e9b78d0
BMS_Dashboard/tools/nsis-extract/nsis-3.11/Include/Library.nsh	.nsh	20900	9055b293eed9fa17
BMS_Dashboard/tools/nsis-extract/nsis-3.11/Include/LogicLib.nsh	.nsh	33310	1f9cd8c70de5d8b4
BMS_Dashboard/tools/nsis-extract/nsis-3.11/Include/MUI.nsh	.nsh	50	a8a897943521449d
BMS_Dashboard/tools/nsis-extract/nsis-3.11/Include/MUI2.nsh	.nsh	50	2c847d2009b55ff4
BMS_Dashboard/tools/nsis-extract/nsis-3.11/Include/Memento.nsh	.nsh	11537	59292c3822c20d40
BMS_Dashboard/tools/nsis-extract/nsis-3.11/Include/MultiUser.nsh	.nsh	14491	b730da1b023f7d8f
BMS_Dashboard/tools/nsis-extract/nsis-3.11/Include/Sections.nsh	.nsh	6363	b247820a09835d8d
BMS_Dashboard/tools/nsis-extract/nsis-3.11/Include/StrFunc.nsh	.nsh	44351	34a8aa5df21fcfaa
BMS_Dashboard/tools/nsis-extract/nsis-3.11/Include/TextFunc.nsh	.nsh	23137	360c304818e85611
BMS_Dashboard/tools/nsis-extract/nsis-3.11/Include/UpgradeDLL.nsh	.nsh	4925	11ab6cb095d5c560
BMS_Dashboard/tools/nsis-extract/nsis-3.11/Include/Util.nsh	.nsh	5028	48b034ac0307b27b
BMS_Dashboard/tools/nsis-extract/nsis-3.11/Include/VB6RunTime.nsh	.nsh	3374	6510401a3bc3c5db
BMS_Dashboard/tools/nsis-extract/nsis-3.11/Include/VPatchLib.nsh	.nsh	677	bbb84ce2b9188bb3
BMS_Dashboard/tools/nsis-extract/nsis-3.11/Include/Win/COM.nsh	.nsh	16856	0091b5ecd9139f58
BMS_Dashboard/tools/nsis-extract/nsis-3.11/Include/Win/Propkey.nsh	.nsh	8293	456f6b34b7a0cc3f
BMS_Dashboard/tools/nsis-extract/nsis-3.11/Include/Win/RestartManager.nsh	.nsh	3461	67149978412da9b2
BMS_Dashboard/tools/nsis-extract/nsis-3.11/Include/Win/WinDef.nsh	.nsh	1730	ad8d51ab4813e216
BMS_Dashboard/tools/nsis-extract/nsis-3.11/Include/Win/WinError.nsh	.nsh	8083	b6f3584f9d1b3bf6
BMS_Dashboard/tools/nsis-extract/nsis-3.11/Include/Win/WinNT.nsh	.nsh	10160	3ef4f864b6fb5267
BMS_Dashboard/tools/nsis-extract/nsis-3.11/Include/Win/WinUser.nsh	.nsh	6130	eaac5ef935eb3dea
BMS_Dashboard/tools/nsis-extract/nsis-3.11/Include/WinCore.nsh	.nsh	11657	7df9217fe0ea5870
BMS_Dashboard/tools/nsis-extract/nsis-3.11/Include/WinMessages.nsh	.nsh	35867	ead3b6612ba62012
BMS_Dashboard/tools/nsis-extract/nsis-3.11/Include/WinVer.nsh	.nsh	23910	7e5c39d4f53554c6
BMS_Dashboard/tools/nsis-extract/nsis-3.11/Include/WordFunc.nsh	.nsh	41776	53e9e928a5afc4d0
BMS_Dashboard/tools/nsis-extract/nsis-3.11/Include/nsDialogs.nsh	.nsh	44242	2e069e250ade383c
BMS_Dashboard/tools/nsis-extract/nsis-3.11/Include/x64.nsh	.nsh	3842	94976d048f50174b
BMS_Dashboard/tools/nsis-extract/nsis-3.11/NSIS.chm	.chm	414860	3ab384cdc93ff8fa
BMS_Dashboard/tools/nsis-extract/nsis-3.11/NSIS.exe	.exe	130	9355f5c7e8d271e4
BMS_Dashboard/tools/nsis-extract/nsis-3.11/Plugins/x86-ansi/AdvSplash.dll	.dll	129	19d7c2dc59690087
BMS_Dashboard/tools/nsis-extract/nsis-3.11/Plugins/x86-ansi/Banner.dll	.dll	129	1a1b025f943afeb6
BMS_Dashboard/tools/nsis-extract/nsis-3.11/Plugins/x86-ansi/BgImage.dll	.dll	129	f5e71b0a15353006
BMS_Dashboard/tools/nsis-extract/nsis-3.11/Plugins/x86-ansi/Dialer.dll	.dll	129	2a7dd4b770567ef8
BMS_Dashboard/tools/nsis-extract/nsis-3.11/Plugins/x86-ansi/InstallOptions.dll	.dll	130	691acbcbe0ec7391
BMS_Dashboard/tools/nsis-extract/nsis-3.11/Plugins/x86-ansi/LangDLL.dll	.dll	129	68c32428a9c1ebdf
BMS_Dashboard/tools/nsis-extract/nsis-3.11/Plugins/x86-ansi/Math.dll	.dll	130	6a0b32ecb2bd092f
BMS_Dashboard/tools/nsis-extract/nsis-3.11/Plugins/x86-ansi/NSISdl.dll	.dll	130	905849885b40844c
BMS_Dashboard/tools/nsis-extract/nsis-3.11/Plugins/x86-ansi/Splash.dll	.dll	129	c76e61d467f35249
BMS_Dashboard/tools/nsis-extract/nsis-3.11/Plugins/x86-ansi/StartMenu.dll	.dll	129	c0c7157ec27af69b
BMS_Dashboard/tools/nsis-extract/nsis-3.11/Plugins/x86-ansi/System.dll	.dll	130	38e782f68a298056
BMS_Dashboard/tools/nsis-extract/nsis-3.11/Plugins/x86-ansi/TypeLib.dll	.dll	129	71320ab73786882a
BMS_Dashboard/tools/nsis-extract/nsis-3.11/Plugins/x86-ansi/UserInfo.dll	.dll	129	79ccb9fa3ebf2ffd
BMS_Dashboard/tools/nsis-extract/nsis-3.11/Plugins/x86-ansi/VPatch.dll	.dll	129	17a784bfac60f1d7
BMS_Dashboard/tools/nsis-extract/nsis-3.11/Plugins/x86-ansi/nsDialogs.dll	.dll	129	986b2326b88b0aba
BMS_Dashboard/tools/nsis-extract/nsis-3.11/Plugins/x86-ansi/nsExec.dll	.dll	129	1be64a16f82423c5
BMS_Dashboard/tools/nsis-extract/nsis-3.11/Plugins/x86-unicode/AdvSplash.dll	.dll	129	e624ea110a6bebf0
BMS_Dashboard/tools/nsis-extract/nsis-3.11/Plugins/x86-unicode/Banner.dll	.dll	129	241b31553a9a2c30
BMS_Dashboard/tools/nsis-extract/nsis-3.11/Plugins/x86-unicode/BgImage.dll	.dll	129	6d3439b6022e0acb
BMS_Dashboard/tools/nsis-extract/nsis-3.11/Plugins/x86-unicode/Dialer.dll	.dll	129	b98d601404390495
BMS_Dashboard/tools/nsis-extract/nsis-3.11/Plugins/x86-unicode/InstallOptions.dll	.dll	130	0edaaa7afd63d720
BMS_Dashboard/tools/nsis-extract/nsis-3.11/Plugins/x86-unicode/LangDLL.dll	.dll	129	cce8154151ecb958
BMS_Dashboard/tools/nsis-extract/nsis-3.11/Plugins/x86-unicode/Math.dll	.dll	130	1231d3be156eed4e
BMS_Dashboard/tools/nsis-extract/nsis-3.11/Plugins/x86-unicode/NSISdl.dll	.dll	130	b4d68b0d2eb2bfdb
BMS_Dashboard/tools/nsis-extract/nsis-3.11/Plugins/x86-unicode/Splash.dll	.dll	129	cd1691eb6080a1c0
BMS_Dashboard/tools/nsis-extract/nsis-3.11/Plugins/x86-unicode/StartMenu.dll	.dll	129	3cfb2b1dde66077a
BMS_Dashboard/tools/nsis-extract/nsis-3.11/Plugins/x86-unicode/System.dll	.dll	130	8f517ca6fd8ece03
BMS_Dashboard/tools/nsis-extract/nsis-3.11/Plugins/x86-unicode/TypeLib.dll	.dll	129	6fe43157ad039f55
BMS_Dashboard/tools/nsis-extract/nsis-3.11/Plugins/x86-unicode/UserInfo.dll	.dll	129	ea85b0d72bf32110
BMS_Dashboard/tools/nsis-extract/nsis-3.11/Plugins/x86-unicode/VPatch.dll	.dll	129	397347c54a0d67a1
BMS_Dashboard/tools/nsis-extract/nsis-3.11/Plugins/x86-unicode/nsDialogs.dll	.dll	129	0ef314477eb7dc6d
BMS_Dashboard/tools/nsis-extract/nsis-3.11/Plugins/x86-unicode/nsExec.dll	.dll	129	076adf1e6a78099d
BMS_Dashboard/tools/nsis-extract/nsis-3.11/Stubs/bzip2-x86-ansi		37888	4e411c6ad6c4ef84
BMS_Dashboard/tools/nsis-extract/nsis-3.11/Stubs/bzip2-x86-unicode		38912	f858e22d841ac580
BMS_Dashboard/tools/nsis-extract/nsis-3.11/Stubs/bzip2_solid-x86-ansi		38400	802681be2acefd2c
BMS_Dashboard/tools/nsis-extract/nsis-3.11/Stubs/bzip2_solid-x86-unicode		39424	ec69630d3b5faa18
BMS_Dashboard/tools/nsis-extract/nsis-3.11/Stubs/lzma-x86-ansi		37376	5f44b3d3d7780c6c
BMS_Dashboard/tools/nsis-extract/nsis-3.11/Stubs/lzma-x86-unicode		38400	e916a205c5421f42
BMS_Dashboard/tools/nsis-extract/nsis-3.11/Stubs/lzma_solid-x86-ansi		38400	71c09439fce137e5
BMS_Dashboard/tools/nsis-extract/nsis-3.11/Stubs/lzma_solid-x86-unicode		38912	a0d065b62d34be5f
BMS_Dashboard/tools/nsis-extract/nsis-3.11/Stubs/uninst		766	ba82bb5d90262417
BMS_Dashboard/tools/nsis-extract/nsis-3.11/Stubs/zlib-x86-ansi		38912	08e4a2dc53cf12ed
BMS_Dashboard/tools/nsis-extract/nsis-3.11/Stubs/zlib-x86-unicode		39936	01621a30a5676e79
BMS_Dashboard/tools/nsis-extract/nsis-3.11/Stubs/zlib_solid-x86-ansi		38912	eb28945f6478dca9
BMS_Dashboard/tools/nsis-extract/nsis-3.11/Stubs/zlib_solid-x86-unicode		40960	e6c2afdd03c7bc5f
BMS_Dashboard/tools/nsis-extract/nsis-3.11/makensis.exe	.exe	129	4930ec247edd5407
BMS_Dashboard/tools/nsis-extract/nsis-3.11/makensisw.exe	.exe	132	d20e8ac4b9b9cd86
BMS_Dashboard/tools/nsis-extract/nsis-3.11/nsisconf.nsh	.nsh	1665	8273545fbb4f930f
Electronic_Load_Firmware/.cproject		26571	46308cc4fb8e5cac
Electronic_Load_Firmware/.mxproject		11769	aab8ca8b4da66a1c
Electronic_Load_Firmware/.osx.project	.project	0	e3b0c44298fc1c14
Electronic_Load_Firmware/.project		1198	0984b72087cea9b8
Electronic_Load_Firmware/.settings/com.st.stm32cube.ide.mcu.sfrview.prefs	.prefs	113	cda56fc7e48ea925
Electronic_Load_Firmware/.settings/language.settings.xml	.xml	2172	fc5a703065157446
Electronic_Load_Firmware/.settings/org.eclipse.core.resources.prefs	.prefs	55	4238e4eafab8309d
Electronic_Load_Firmware/.settings/stm32cubeide.project.prefs	.prefs	162	f2708db05a99c162
Electronic_Load_Firmware/Core/Inc/main.h	.h	3132	8df3ef3c8f6147a3
Electronic_Load_Firmware/Core/Inc/stm32f3xx_hal_conf.h	.h	13692	aee55efc1b7e07ee
Electronic_Load_Firmware/Core/Inc/stm32f3xx_it.h	.h	2064	f434fd96136db9f0
Electronic_Load_Firmware/Core/Src/main.c	.c	23557	7589a5b7d5579232
Electronic_Load_Firmware/Core/Src/stm32f3xx_hal_msp.c	.c	10215	e82b9889d016214f
Electronic_Load_Firmware/Core/Src/stm32f3xx_it.c	.c	6943	01fa02c4f9d25bbd
Electronic_Load_Firmware/Core/Src/syscalls.c	.c	2847	1589f3d61a3625fb
Electronic_Load_Firmware/Core/Src/sysmem.c	.c	2726	ae7da85ddcf68727
Electronic_Load_Firmware/Core/Src/system_stm32f3xx.c	.c	10989	a4640b7b931c8e65
Electronic_Load_Firmware/Core/Startup/startup_stm32f303rctx.s	.s	12605	53abd5b8e5ee34f6
Electronic_Load_Firmware/Debug/Core/Src/main.cyclo	.cyclo	603	8394e52aa6324917
Electronic_Load_Firmware/Debug/Core/Src/main.d	.d	4920	62ec3491e37530a9
Electronic_Load_Firmware/Debug/Core/Src/main.o	.o	1076852	48d53e503427d1b3
Electronic_Load_Firmware/Debug/Core/Src/main.su	.su	715	a074e358850cf68b
Electronic_Load_Firmware/Debug/Core/Src/stm32f3xx_hal_msp.cyclo	.cyclo	462	d4026e8d16723bf5
Electronic_Load_Firmware/Debug/Core/Src/stm32f3xx_hal_msp.d	.d	3809	837d7aeea6194060
Electronic_Load_Firmware/Debug/Core/Src/stm32f3xx_hal_msp.o	.o	1027824	68e5487681271bcd
Electronic_Load_Firmware/Debug/Core/Src/stm32f3xx_hal_msp.su	.su	526	1a0bde818b1d6707
Electronic_Load_Firmware/Debug/Core/Src/stm32f3xx_it.cyclo	.cyclo	683	3231659359cac555
Electronic_Load_Firmware/Debug/Core/Src/stm32f3xx_it.d	.d	3857	9eb455e7aa3e7323
Electronic_Load_Firmware/Debug/Core/Src/stm32f3xx_it.o	.o	1022488	31741d4c87fe6e22
Electronic_Load_Firmware/Debug/Core/Src/stm32f3xx_it.su	.su	774	afabb5439de9b9c1
Electronic_Load_Firmware/Debug/Core/Src/subdir.mk	.mk	2315	fb47b90e9051482d
Electronic_Load_Firmware/Debug/Core/Src/syscalls.cyclo	.cyclo	694	7cdddd7d8806f0c0
Electronic_Load_Firmware/Debug/Core/Src/syscalls.d	.d	44	7eb6f0b38779ab7b
Electronic_Load_Firmware/Debug/Core/Src/syscalls.o	.o	83596	5ed8d27e16b8bf0d
Electronic_Load_Firmware/Debug/Core/Src/syscalls.su	.su	835	33a66e56675a9b39
Electronic_Load_Firmware/Debug/Core/Src/sysmem.cyclo	.cyclo	34	9a73431ebcb60beb
Electronic_Load_Firmware/Debug/Core/Src/sysmem.d	.d	40	01db9ebcb871969a
Electronic_Load_Firmware/Debug/Core/Src/sysmem.o	.o	56048	70d021e611558e29
Electronic_Load_Firmware/Debug/Core/Src/sysmem.su	.su	42	63edaa06e39d453e
Electronic_Load_Firmware/Debug/Core/Src/system_stm32f3xx.cyclo	.cyclo	111	476968cb72fd0f7b
Electronic_Load_Firmware/Debug/Core/Src/system_stm32f3xx.d	.d	3768	4af90b250d3aea22
Electronic_Load_Firmware/Debug/Core/Src/system_stm32f3xx.o	.o	1012644	da8528c48680e791
Electronic_Load_Firmware/Debug/Core/Src/system_stm32f3xx.su	.su	126	a0ba2894d75abaef
Electronic_Load_Firmware/Debug/Core/Startup/startup_stm32f303rctx.d	.d	81	7e2be716fb708c39
Electronic_Load_Firmware/Debug/Core/Startup/startup_stm32f303rctx.o	.o	6716	7cd0c877a3f5670a
Electronic_Load_Firmware/Debug/Core/Startup/subdir.mk	.mk	978	008cc377913ed6ff
Electronic_Load_Firmware/Debug/Drivers/STM32F3xx_HAL_Driver/Src/stm32f3xx_hal.cyclo	.cyclo	1959	9b12764db1180814
Electronic_Load_Firmware/Debug/Drivers/STM32F3xx_HAL_Driver/Src/stm32f3xx_hal.d	.d	3813	f6afb79449a4fb3d
Electronic_Load_Firmware/Debug/Drivers/STM32F3xx_HAL_Driver/Src/stm32f3xx_hal.o	.o	1024196	c7ac331822784c8a
Electronic_Load_Firmware/Debug/Drivers/STM32F3xx_HAL_Driver/Src/stm32f3xx_hal.su	.su	2137	7620052657bbc2be
Electronic_Load_Firmware/Debug/Drivers/STM32F3xx_HAL_Driver/Src/stm32f3xx_hal_adc.cyclo	.cyclo	1866	25a2f128f07b0ab5
Electronic_Load_Firmware/Debug/Drivers/STM32F3xx_HAL_Driver/Src/stm32f3xx_hal_adc.d	.d	3821	1126884e31026e86
Electronic_Load_Firmware/Debug/Drivers/STM32F3xx_HAL_Driver/Src/stm32f3xx_hal_adc.o	.o	1021940	303ea5975acba275
Electronic_Load_Firmware/Debug/Drivers/STM32F3xx_HAL_Driver/Src/stm32f3xx_hal_adc.su	.su	2042	b70f1dc66460f9ba
Electronic_Load_Firmware/Debug/Drivers/STM32F3xx_HAL_Driver/Src/stm32f3xx_hal_adc_ex.cyclo	.cyclo	3915	d510c5dc0e367c80
Electronic_Load_Firmware/Debug/Drivers/STM32F3xx_HAL_Driver/Src/stm32f3xx_hal_adc_ex.d	.d	3827	492ff1b6872b708c
Electronic_Load_Firmware/Debug/Drivers/STM32F3xx_HAL_Driver/Src/stm32f3xx_hal_adc_ex.o	.o	1058948	d4e91e548d9f87cf
Electronic_Load_Firmware/Debug/Drivers/STM32F3xx_HAL_Driver/Src/stm32f3xx_hal_adc_ex.su	.su	4240	23aa785c86c537c3
Electronic_Load_Firmware/Debug/Drivers/STM32F3xx_HAL_Driver/Src/stm32f3xx_hal_cortex.cyclo	.cyclo	2708	059d3b38b04a1c09
Electronic_Load_Firmware/Debug/Drivers/STM32F3xx_HAL_Driver/Src/stm32f3xx_hal_cortex.d	.d	3827	f0e2e2f50ee66c36
Electronic_Load_Firmware/Debug/Drivers/STM32F3xx_HAL_Driver/Src/stm32f3xx_hal_cortex.o	.o	1029948	cae1da609574aef7
Electronic_Load_Firmware/Debug/Drivers/STM32F3xx_HAL_Driver/Src/stm32f3xx_hal_cortex.su	.su	3013	abf9f66e66a6e649
Electronic_Load_Firmware/Debug/Drivers/STM32F3xx_HAL_Driver/Src/stm32f3xx_hal_dma.cyclo	.cyclo	1168	b74d75bd4b0a519a
Electronic_Load_Firmware/Debug/Drivers/STM32F3xx_HAL_Driver/Src/stm32f3xx_hal_dma.d	.d	3821	550677c910ff3bf9
Electronic_Load_Firmware/Debug/Drivers/STM32F3xx_HAL_Driver/Src/stm32f3xx_hal_dma.o	.o	1020908	990311b76d46553f
Electronic_Load_Firmware/Debug/Drivers/STM32F3xx_HAL_Driver/Src/stm32f3xx_hal_dma.su	.su	1278	6272968219d5f72c
Electronic_Load_Firmware/Debug/Drivers/STM32F3xx_HAL_Driver/Src/stm32f3xx_hal_exti.cyclo	.cyclo	790	51559dfa618fad36
Electronic_Load_Firmware/Debug/Drivers/STM32F3xx_HAL_Driver/Src/stm32f3xx_hal_exti.d	.d	3823	3b03daea890062dc
Electronic_Load_Firmware/Debug/Drivers/STM32F3xx_HAL_Driver/Src/stm32f3xx_hal_exti.o	.o	1017336	fbee5098d808d2c9
Electronic_Load_Firmware/Debug/Drivers/STM32F3xx_HAL_Driver/Src/stm32f3xx_hal_exti.su	.su	862	4ff5dcf54da1b381
Electronic_Load_Firmware/Debug/Drivers/STM32F3xx_HAL_Driver/Src/stm32f3xx_hal_flash.cyclo	.cyclo	1242	67009d13115ee67c
Electronic_Load_Firmware/Debug/Drivers/STM32F3xx_HAL_Driver/Src/stm32f3xx_hal_flash.d	.d	3825	799618122b271ed6
Electronic_Load_Firmware/Debug/Drivers/STM32F3xx_HAL_Driver/Src/stm32f3xx_hal_flash.o	.o	1019136	d92804fcf69e962d
Electronic_Load_Firmware/Debug/Drivers/STM32F3xx_HAL_Driver/Src/stm32f3xx_hal_flash.su	.su	1348	16f0767ad1baa719
Electronic_Load_Firmware/Debug/Drivers/STM32F3xx_HAL_Driver/Src/stm32f3xx_hal_flash_ex.cyclo	.cyclo	1438	036e4cb576cf530c
Electronic_Load_Firmware/Debug/Drivers/STM32F3xx_HAL_Driver/Src/stm32f3xx_hal_flash_ex.d	.d	3831	0dc80df73e4249c1
Electronic_Load_Firmware/Debug/Drivers/STM32F3xx_HAL_Driver/Src/stm32f3xx_hal_flash_ex.o	.o	1022744	85a1585e4da1e6dd
Electronic_Load_Firmware/Debug/Drivers/STM32F3xx_HAL_Driver/Src/stm32f3xx_hal_flash_ex.su	.su	1601	f013787542f8cfaa
Electronic_Load_Firmware/Debug/Drivers/STM32F3xx_HAL_Driver/Src/stm32f3xx_hal_gpio.cyclo	.cyclo	673	8186441796711c2b
Electronic_Load_Firmware/Debug/Drivers/STM32F3xx_HAL_Driver/Src/stm32f3xx_hal_gpio.d	.d	3823	06df8e29a4d92bcc
Electronic_Load_Firmware/Debug/Drivers/STM32F3xx_HAL_Driver/Src/stm32f3xx_hal_gpio.o	.o	1017164	21775d2234ae10e6
Electronic_Load_Firmware/Debug/Drivers/STM32F3xx_HAL_Driver/Src/stm32f3xx_hal_gpio.su	.su	736	1021d9e05ae6af7d
Electronic_Load_Firmware/Debug/Drivers/STM32F3xx_HAL_Driver/Src/stm32f3xx_hal_i2c.cyclo	.cyclo	7194	529b56d373fb4c4d
Electronic_Load_Firmware/Debug/Drivers/STM32F3xx_HAL_Driver/Src/stm32f3xx_hal_i2c.d	.d	3821	6d462cb51bfc10bf
Electronic_Load_Firmware/Debug/Drivers/STM32F3xx_HAL_Driver/Src/stm32f3xx_hal_i2c.o	.o	1087716	a11b8ce60ecac18a
Electronic_Load_Firmware/Debug/Drivers/STM32F3xx_HAL_Driver/Src/stm32f3xx_hal_i2c.su	.su	7814	503c6dea7751eb22
Electronic_Load_Firmware/Debug/Drivers/STM32F3xx_HAL_Driver/Src/stm32f3xx_hal_i2c_ex.cyclo	.cyclo	570	97dd2a3e5618fe33
Electronic_Load_Firmware/Debug/Drivers/STM32F3xx_HAL_Driver/Src/stm32f3xx_hal_i2c_ex.d	.d	3827	9744228a53a65c7a
Electronic_Load_Firmware/Debug/Drivers/STM32F3xx_HAL_Driver/Src/stm32f3xx_hal_i2c_ex.o	.o	1017116	f8b9208546f7a2ab
Electronic_Load_Firmware/Debug/Drivers/STM32F3xx_HAL_Driver/Src/stm32f3xx_hal_i2c_ex.su	.su	618	10d5e1e7c1a7ece4
Electronic_Load_Firmware/Debug/Drivers/STM32F3xx_HAL_Driver/Src/stm32f3xx_hal_pcd.cyclo	.cyclo	3223	582cf35d4c93f472
Electronic_Load_Firmware/Debug/Drivers/STM32F3xx_HAL_Driver/Src/stm32f3xx_hal_pcd.d	.d	3821	91af0a99497f2c0a
Electronic_Load_Firmware/Debug/Drivers/STM32F3xx_HAL_Driver/Src/stm32f3xx_hal_pcd.o	.o	1041996	6d4d1faf3c975076
Electronic_Load_Firmware/Debug/Drivers/STM32F3xx_HAL_Driver/Src/stm32f3xx_hal_pcd.su	.su	3517	ac7789f28550aa24
Electronic_Load_Firmware/Debug/Drivers/STM32F3xx_HAL_Driver/Src/stm32f3xx_hal_pcd_ex.cyclo	.cyclo	366	a5415792aeefb35a
Electronic_Load_Firmware/Debug/Drivers/STM32F3xx_HAL_Driver/Src/stm32f3xx_hal_pcd_ex.d	.d	3827	3e9e674e91aa621e
Electronic_Load_Firmware/Debug/Drivers/STM32F3xx_HAL_Driver/Src/stm32f3xx_hal_pcd_ex.o	.o	1014976	fa9c5bc9685b5c45
Electronic_Load_Firmware/Debug/Drivers/STM32F3xx_HAL_Driver/Src/stm32f3xx_hal_pcd_ex.su	.su	398	4be735081f5a1c67
Electronic_Load_Firmware/Debug/Drivers/STM32F3xx_HAL_Driver/Src/stm32f3xx_hal_pwr.cyclo	.cyclo	1052	5f7360f506a9bbca
Electronic_Load_Firmware/Debug/Drivers/STM32F3xx_HAL_Driver/Src/stm32f3xx_hal_pwr.d	.d	3821	8d838b1930265b9c
Electronic_Load_Firmware/Debug/Drivers/STM32F3xx_HAL_Driver/Src/stm32f3xx_hal_pwr.o	.o	1015768	66319b858e3cad28
Electronic_Load_Firmware/Debug/Drivers/STM32F3xx_HAL_Driver/Src/stm32f3xx_hal_pwr.su	.su	1200	305a11cf6a49a344
Electronic_Load_Firmware/Debug/Drivers/STM32F3xx_HAL_Driver/Src/stm32f3xx_hal_pwr_ex.cyclo	.cyclo	434	9b9b54349da8f10f
Electronic_Load_Firmware/Debug/Drivers/STM32F3xx_HAL_Driver/Src/stm32f3xx_hal_pwr_ex.d	.d	3827	83b6207a19309bc1
Electronic_Load_Firmware/Debug/Drivers/STM32F3xx_HAL_Driver/Src/stm32f3xx_hal_pwr_ex.o	.o	1012584	ca2230e27e101587
Electronic_Load_Firmware/Debug/Drivers/STM32F3xx_HAL_Driver/Src/stm32f3xx_hal_pwr_ex.su	.su	470	7675a48847b77926
Electronic_Load_Firmware/Debug/Drivers/STM32F3xx_HAL_Driver/Src/stm32f3xx_hal_rcc.cyclo	.cyclo	1194	680995cde561be0e
Electronic_Load_Firmware/Debug/Drivers/STM32F3xx_HAL_Driver/Src/stm32f3xx_hal_rcc.d	.d	3821	0743dcb93005b4a9
Electronic_Load_Firmware/Debug/Drivers/STM32F3xx_HAL_Driver/Src/stm32f3xx_hal_rcc.o	.o	1033204	30f68a9c00157cc9
Electronic_Load_Firmware/Debug/Drivers/STM32F3xx_HAL_Driver/Src/stm32f3xx_hal_rcc.su	.su	1443	003f6f42267a1ae2
Electronic_Load_Firmware/Debug/Drivers/STM32F3xx_HAL_Driver/Src/stm32f3xx_hal_rcc_ex.cyclo	.cyclo	374	09bc610409efeb6c
Electronic_Load_Firmware/Debug/Drivers/STM32F3xx_HAL_Driver/Src/stm32f3xx_hal_rcc_ex.d	.d	3827	375093c0b565905d
Electronic_Load_Firmware/Debug/Drivers/STM32F3xx_HAL_Driver/Src/stm32f3xx_hal_rcc_ex.o	.o	1019300	71771937e68e9bb8
Electronic_Load_Firmware/Debug/Drivers/STM32F3xx_HAL_Driver/Src/stm32f3xx_hal_rcc_ex.su	.su	424	c78c5def28f5fde4
Electronic_Load_Firmware/Debug/Drivers/STM32F3xx_HAL_Driver/Src/stm32f3xx_hal_tim.cyclo	.cyclo	10735	1bfa5b47036253ec
Electronic_Load_Firmware/Debug/Drivers/STM32F3xx_HAL_Driver/Src/stm32f3xx_hal_tim.d	.d	3821	9754267339eb8586
Electronic_Load_Firmware/Debug/Drivers/STM32F3xx_HAL_Driver/Src/stm32f3xx_hal_tim.o	.o	1109360	1e7ec05e7603e1ac
Electronic_Load_Firmware/Debug/Drivers/STM32F3xx_HAL_Driver/Src/stm32f3xx_hal_tim.su	.su	11662	da011bee09c16994
Electronic_Load_Firmware/Debug/Drivers/STM32F3xx_HAL_Driver/Src/stm32f3xx_hal_tim_ex.cyclo	.cyclo	4178	d194d89c94552ef0
Electronic_Load_Firmware/Debug/Drivers/STM32F3xx_HAL_Driver/Src/stm32f3xx_hal_tim_ex.d	.d	3827	646e264e0da96574
Electronic_Load_Firmware/Debug/Drivers/STM32F3xx_HAL_Driver/Src/stm32f3xx_hal_tim_ex.o	.o	1048836	ced5e64966b0e285
Electronic_Load_Firmware/Debug/Drivers/STM32F3xx_HAL_Driver/Src/stm32f3xx_hal_tim_ex.su	.su	4516	adeba882d849ef39
Electronic_Load_Firmware/Debug/Drivers/STM32F3xx_HAL_Driver/Src/stm32f3xx_ll_usb.cyclo	.cyclo	1793	09ab58649edca33f
Electronic_Load_Firmware/Debug/Drivers/STM32F3xx_HAL_Driver/Src/stm32f3xx_ll_usb.d	.d	3819	dc85e6be83936694
Electronic_Load_Firmware/Debug/Drivers/STM32F3xx_HAL_Driver/Src/stm32f3xx_ll_usb.o	.o	1038032	52f43a54ee4a199e
Electronic_Load_Firmware/Debug/Drivers/STM32F3xx_HAL_Driver/Src/stm32f3xx_ll_usb.su	.su	1968	4ed27a81e0cfe388
Electronic_Load_Firmware/Debug/Drivers/STM32F3xx_HAL_Driver/Src/subdir.mk	.mk	9530	10ef885d9b2b85b6
Electronic_Load_Firmware/Debug/Electronic_Load_Firmware.elf	.elf	1296256	f9693a6ae72134f2
Electronic_Load_Firmware/Debug/Electronic_Load_Firmware.list	.list	1221874	a1d52f38c197fabf
Electronic_Load_Firmware/Debug/Electronic_Load_Firmware.map	.map	549438	6f7cc571686e4e7f
Electronic_Load_Firmware/Debug/Middlewares/ST/STM32_USB_Device_Library/Class/CDC/Src/subdir.mk	.mk	2091	eddc9de4d19d4c51
Electronic_Load_Firmware/Debug/Middlewares/ST/STM32_USB_Device_Library/Class/CDC/Src/usbd_cdc.cyclo	.cyclo	1483	c3834677544f4949
Electronic_Load_Firmware/Debug/Middlewares/ST/STM32_USB_Device_Library/Class/CDC/Src/usbd_cdc.d	.d	4896	8e8539f72e4a11fd
Electronic_Load_Firmware/Debug/Middlewares/ST/STM32_USB_Device_Library/Class/CDC/Src/usbd_cdc.o	.o	1061208	8ed8d0d76b005f31
Electronic_Load_Firmware/Debug/Middlewares/ST/STM32_USB_Device_Library/Class/CDC/Src/usbd_cdc.su	.su	1602	2d26d009b18c22c5
Electronic_Load_Firmware/Debug/Middlewares/ST/STM32_USB_Device_Library/Core/Src/subdir.mk	.mk	2941	25129bce580538d5
Electronic_Load_Firmware/Debug/Middlewares/ST/STM32_USB_Device_Library/Core/Src/usbd_core.cyclo	.cyclo	1808	e9863826c11795cd
Electronic_Load_Firmware/Debug/Middlewares/ST/STM32_USB_Device_Library/Core/Src/usbd_core.d	.d	4610	3d54a7ff9b43a7e1
Electronic_Load_Firmware/Debug/Middlewares/ST/STM32_USB_Device_Library/Core/Src/usbd_core.o	.o	1056456	71dd95b63b130df5
Electronic_Load_Firmware/Debug/Middlewares/ST/STM32_USB_Device_Library/Core/Src/usbd_core.su	.su	1966	2b22db6f6b07aa54
Electronic_Load_Firmware/Debug/Middlewares/ST/STM32_USB_Device_Library/Core/Src/usbd_ctlreq.cyclo	.cyclo	1270	b4f430927bfa6977
Electronic_Load_Firmware/Debug/Middlewares/ST/STM32_USB_Device_Library/Core/Src/usbd_ctlreq.d	.d	4752	e6876e5d4c2c7bb6
Electronic_Load_Firmware/Debug/Middlewares/ST/STM32_USB_Device_Library/Core/Src/usbd_ctlreq.o	.o	1057040	9d12016de5b54ca6
Electronic_Load_Firmware/Debug/Middlewares/ST/STM32_USB_Device_Library/Core/Src/usbd_ctlreq.su	.su	1379	ec5a3a8804980e15
Electronic_Load_Firmware/Debug/Middlewares/ST/STM32_USB_Device_Library/Core/Src/usbd_ioreq.cyclo	.cyclo	653	294be9ad886e3d03
Electronic_Load_Firmware/Debug/Middlewares/ST/STM32_USB_Device_Library/Core/Src/usbd_ioreq.d	.d	4614	91b93d0fedf8a082
Electronic_Load_Firmware/Debug/Middlewares/ST/STM32_USB_Device_Library/Core/Src/usbd_ioreq.o	.o	1048932	5437302b8436dd4b
Electronic_Load_Firmware/Debug/Middlewares/ST/STM32_USB_Device_Library/Core/Src/usbd_ioreq.su	.su	709	da520b286577a730
Electronic_Load_Firmware/Debug/USB_DEVICE/App/subdir.mk	.mk	1928	7cddd935cc9fb5f8
Electronic_Load_Firmware/Debug/USB_DEVICE/App/usb_device.cyclo	.cyclo	57	4fee2bb104868bf0
Electronic_Load_Firmware/Debug/USB_DEVICE/App/usb_device.d	.d	5143	a18dbeb52fcc8eab
Electronic_Load_Firmware/Debug/USB_DEVICE/App/usb_device.o	.o	1053556	296d2cb1e03af6ed
Electronic_Load_Firmware/Debug/USB_DEVICE/App/usb_device.su	.su	65	66b48ba09f3f92ac
Electronic_Load_Firmware/Debug/USB_DEVICE/App/usbd_cdc_if.cyclo	.cyclo	331	adab967768b76fb4
Electronic_Load_Firmware/Debug/USB_DEVICE/App/usbd_cdc_if.d	.d	4753	a8a28ef8972d4fb8
Electronic_Load_Firmware/Debug/USB_DEVICE/App/usbd_cdc_if.o	.o	1053836	97966c9976cd700d
Electronic_Load_Firmware/Debug/USB_DEVICE/App/usbd_cdc_if.su	.su	377	ca274fdc265db20e
Electronic_Load_Firmware/Debug/USB_DEVICE/App/usbd_desc.cyclo	.cyclo	581	d01c42bdcaa2438b
Electronic_Load_Firmware/Debug/USB_DEVICE/App/usbd_desc.d	.d	4733	abfe170534e077e0
Electronic_Load_Firmware/Debug/USB_DEVICE/App/usbd_desc.o	.o	1050504	97a71841976ea53a
Electronic_Load_Firmware/Debug/USB_DEVICE/App/usbd_desc.su	.su	653	ba7801524a68a570
Electronic_Load_Firmware/Debug/USB_DEVICE/Target/subdir.mk	.mk	1522	01ef47a3ea8c5c9f
Electronic_Load_Firmware/Debug/USB_DEVICE/Target/usbd_conf.cyclo	.cyclo	1988	a9836a9d0b6326f0
Electronic_Load_Firmware/Debug/USB_DEVICE/Target/usbd_conf.d	.d	4949	c7d5a9b7227b77ba
Electronic_Load_Firmware/Debug/USB_DEVICE/Target/usbd_conf.o	.o	1073048	93c7733df0a99492
Electronic_Load_Firmware/Debug/USB_DEVICE/Target/usbd_conf.su	.su	2244	a7969e2302ee934b
Electronic_Load_Firmware/Debug/makefile		3380	428c7f062cf603b0
Electronic_Load_Firmware/Debug/objects.list	.list	1762	3db0448d88596334
Electronic_Load_Firmware/Debug/objects.mk	.mk	276	072df126a2015259
Electronic_Load_Firmware/Debug/sources.mk	.mk	751	12ffb82c33436f50
Electronic_Load_Firmware/Drivers/CMSIS/Device/ST/STM32F3xx/Include/stm32f303xc.h	.h	1150439	85d2ba335a5fc5e8
Electronic_Load_Firmware/Drivers/CMSIS/Device/ST/STM32F3xx/Include/stm32f3xx.h	.h	10797	85429c595f6ec13a
Electronic_Load_Firmware/Drivers/CMSIS/Device/ST/STM32F3xx/Include/system_stm32f3xx.h	.h	2384	29eac64446753fc5
Electronic_Load_Firmware/Drivers/CMSIS/Device/ST/STM32F3xx/LICENSE.txt	.txt	377	d65cad1327eb8dae
Electronic_Load_Firmware/Drivers/CMSIS/Include/cmsis_armcc.h	.h	28208	57b8d88cd03152f6
Electronic_Load_Firmware/Drivers/CMSIS/Include/cmsis_armclang.h	.h	56497	da29dbad3cf27f6c
Electronic_Load_Firmware/Drivers/CMSIS/Include/cmsis_compiler.h	.h	9014	cd3cbd1c771a5252
Electronic_Load_Firmware/Drivers/CMSIS/Include/cmsis_gcc.h	.h	62344	8c16d51f7884a9fc
Electronic_Load_Firmware/Drivers/CMSIS/Include/cmsis_iccarm.h	.h	28414	a600765888c69ee6
Electronic_Load_Firmware/Drivers/CMSIS/Include/cmsis_version.h	.h	1716	280b9fc8739aefa8
Electronic_Load_Firmware/Drivers/CMSIS/Include/core_armv8mbl.h	.h	97995	220d90f3f99126e6
Electronic_Load_Firmware/Drivers/CMSIS/Include/core_armv8mml.h	.h	168914	825a8799d71f3fa2
Electronic_Load_Firmware/Drivers/CMSIS/Include/core_cm0.h	.h	42208	1beaa04c859225f7
Electronic_Load_Firmware/Drivers/CMSIS/Include/core_cm0plus.h	.h	50464	c953256e1c1b1cd6
Electronic_Load_Firmware/Drivers/CMSIS/Include/core_cm1.h	.h	43456	460281028a261740
Electronic_Load_Firmware/Drivers/CMSIS/Include/core_cm23.h	.h	104628	6303efec943ca0f9
Electronic_Load_Firmware/Drivers/CMSIS/Include/core_cm3.h	.h	111854	368296087a925cf7
Electronic_Load_Firmware/Drivers/CMSIS/Include/core_cm33.h	.h	175600	7f1b6a76b119e1e1
Electronic_Load_Firmware/Drivers/CMSIS/Include/core_cm4.h	.h	123607	738dff259c25e68e
Electronic_Load_Firmware/Drivers/CMSIS/Include/core_cm7.h	.h	148588	6b75e3bef1eb81e0
Electronic_Load_Firmware/Drivers/CMSIS/Include/core_sc000.h	.h	47249	d1528d13fbf91da6
Electronic_Load_Firmware/Drivers/CMSIS/Include/core_sc300.h	.h	110523	fa514ea0cf5327b0
Electronic_Load_Firmware/Drivers/CMSIS/Include/mpu_armv7.h	.h	11711	b0b6da4ec744b5f5
Electronic_Load_Firmware/Drivers/CMSIS/Include/mpu_armv8.h	.h	10958	8280a1d4d3d25f60
Electronic_Load_Firmware/Drivers/CMSIS/Include/tz_context.h	.h	2757	7fcc21fc190f6fd9
Electronic_Load_Firmware/Drivers/CMSIS/LICENSE.txt	.txt	11558	e03ba41d7fab2070
Electronic_Load_Firmware/Drivers/STM32F3xx_HAL_Driver/Inc/Legacy/stm32_hal_legacy.h	.h	241309	15d4df18dbf6f7a5
Electronic_Load_Firmware/Drivers/STM32F3xx_HAL_Driver/Inc/stm32f3xx_hal.h	.h	54997	4a4cf49bd6e1a8c4
Electronic_Load_Firmware/Drivers/STM32F3xx_HAL_Driver/Inc/stm32f3xx_hal_adc.h	.h	12129	6d2f2f61bc67acfb
Electronic_Load_Firmware/Drivers/STM32F3xx_HAL_Driver/Inc/stm32f3xx_hal_adc_ex.h	.h	260710	6a423d17ce1aa997
Electronic_Load_Firmware/Drivers/STM32F3xx_HAL_Driver/Inc/stm32f3xx_hal_cortex.h	.h	17800	f124520b210313c8
Electronic_Load_Firmware/Drivers/STM32F3xx_HAL_Driver/Inc/stm32f3xx_hal_def.h	.h	6710	ead710c9a44e63d2
Electronic_Load_Firmware/Drivers/STM32F3xx_HAL_Driver/Inc/stm32f3xx_hal_dma.h	.h	18288	050169fad97cb845
Electronic_Load_Firmware/Drivers/STM32F3xx_HAL_Driver/Inc/stm32f3xx_hal_dma_ex.h	.h	12577	31a15ee598592914
Electronic_Load_Firmware/Drivers/STM32F3xx_HAL_Driver/Inc/stm32f3xx_hal_exti.h	.h	17186	182f07247d4530df
Electronic_Load_Firmware/Drivers/STM32F3xx_HAL_Driver/Inc/stm32f3xx_hal_flash.h	.h	11395	675ac889fe77f536
Electronic_Load_Firmware/Drivers/STM32F3xx_HAL_Driver/Inc/stm32f3xx_hal_flash_ex.h	.h	20768	af47bede4f0cedfe
Electronic_Load_Firmware/Drivers/STM32F3xx_HAL_Driver/Inc/stm32f3xx_hal_gpio.h	.h	14043	f755ff1f36403f54
Electronic_Load_Firmware/Drivers/STM32F3xx_HAL_Driver/Inc/stm32f3xx_hal_gpio_ex.h	.h	77671	b168e36176d80cea
Electronic_Load_Firmware/Drivers/STM32F3xx_HAL_Driver/Inc/stm32f3xx_hal_i2c.h	.h	39660	6fcb1150df2c62c1
Electronic_Load_Firmware/Drivers/STM32F3xx_HAL_Driver/Inc/stm32f3xx_hal_i2c_ex.h	.h	6310	df5afbc3216a255b
Electronic_Load_Firmware/Drivers/STM32F3xx_HAL_Driver/Inc/stm32f3xx_hal_pcd.h	.h	35020	a73a03e942a019fe
Electronic_Load_Firmware/Drivers/STM32F3xx_HAL_Driver/Inc/stm32f3xx_hal_pcd_ex.h	.h	2242	2eb9bd1f92c3102e
Electronic_Load_Firmware/Drivers/STM32F3xx_HAL_Driver/Inc/stm32f3xx_hal_pwr.h	.h	7400	84e0f0040e2d5f93
Electronic_Load_Firmware/Drivers/STM32F3xx_HAL_Driver/Inc/stm32f3xx_hal_pwr_ex.h	.h	11670	045a2a2d4bbe9c6f
Electronic_Load_Firmware/Drivers/STM32F3xx_HAL_Driver/Inc/stm32f3xx_hal_rcc.h	.h	88635	d811f3df2ba661de
Electronic_Load_Firmware/Drivers/STM32F3xx_HAL_Driver/Inc/stm32f3xx_hal_rcc_ex.h	.h	201722	73036b9a82cd2985
Electronic_Load_Firmware/Drivers/STM32F3xx_HAL_Driver/Inc/stm32f3xx_hal_tim.h	.h	152663	7e8f4364fc587c1e
Electronic_Load_Firmware/Drivers/STM32F3xx_HAL_Driver/Inc/stm32f3xx_hal_tim_ex.h	.h	15723	e3a14488fa98c656
Electronic_Load_Firmware/Drivers/STM32F3xx_HAL_Driver/Inc/stm32f3xx_ll_adc.h	.h	671788	f11cded7b6b66f78
Electronic_Load_Firmware/Drivers/STM32F3xx_HAL_Driver/Inc/stm32f3xx_ll_bus.h	.h	48884	006925149cac1cfd
Electronic_Load_Firmware/Drivers/STM32F3xx_HAL_Driver/Inc/stm32f3xx_ll_cortex.h	.h	24809	409c0c99aabd6a03
Electronic_Load_Firmware/Drivers/STM32F3xx_HAL_Driver/Inc/stm32f3xx_ll_dma.h	.h	81336	064a6959baf87fd6
Electronic_Load_Firmware/Drivers/STM32F3xx_HAL_Driver/Inc/stm32f3xx_ll_exti.h	.h	52323	02e2f35cb970967a
Electronic_Load_Firmware/Drivers/STM32F3xx_HAL_Driver/Inc/stm32f3xx_ll_gpio.h	.h	38087	112db935a7b497a2
Electronic_Load_Firmware/Drivers/STM32F3xx_HAL_Driver/Inc/stm32f3xx_ll_i2c.h	.h	86839	3294a3b8c0fcc9e5
Electronic_Load_Firmware/Drivers/STM32F3xx_HAL_Driver/Inc/stm32f3xx_ll_pwr.h	.h	17317	dc0e7d06fd61471c
Electronic_Load_Firmware/Drivers/STM32F3xx_HAL_Driver/Inc/stm32f3xx_ll_rcc.h	.h	115919	5a904b8920849c09
Electronic_Load_Firmware/Drivers/STM32F3xx_HAL_Driver/Inc/stm32f3xx_ll_system.h	.h	86295	e08fb33fb35ae092
Electronic_Load_Firmware/Drivers/STM32F3xx_HAL_Driver/Inc/stm32f3xx_ll_tim.h	.h	228158	d4481e651f5504fd
Electronic_Load_Firmware/Drivers/STM32F3xx_HAL_Driver/Inc/stm32f3xx_ll_usb.h	.h	9277	f0c1fc79184527a1
Electronic_Load_Firmware/Drivers/STM32F3xx_HAL_Driver/Inc/stm32f3xx_ll_utils.h	.h	9229	25c08d1a87d0b426
Electronic_Load_Firmware/Drivers/STM32F3xx_HAL_Driver/LICENSE.txt	.txt	383	bdc7b0f98db48462
Electronic_Load_Firmware/Drivers/STM32F3xx_HAL_Driver/Src/stm32f3xx_hal.c	.c	16525	2bc9a39029befed8
Electronic_Load_Firmware/Drivers/STM32F3xx_HAL_Driver/Src/stm32f3xx_hal_adc.c	.c	50486	3994e0468926ed8b
Electronic_Load_Firmware/Drivers/STM32F3xx_HAL_Driver/Src/stm32f3xx_hal_adc_ex.c	.c	324511	800e6420c37f9873
Electronic_Load_Firmware/Drivers/STM32F3xx_HAL_Driver/Src/stm32f3xx_hal_cortex.c	.c	21845	8d453d2d6ceeb88e
Electronic_Load_Firmware/Drivers/STM32F3xx_HAL_Driver/Src/stm32f3xx_hal_dma.c	.c	27705	fb4f733aa960a323
Electronic_Load_Firmware/Drivers/STM32F3xx_HAL_Driver/Src/stm32f3xx_hal_exti.c	.c	18078	6af25e401a439e88
Electronic_Load_Firmware/Drivers/STM32F3xx_HAL_Driver/Src/stm32f3xx_hal_flash.c	.c	21332	baf6d2c7bb54aac6
Electronic_Load_Firmware/Drivers/STM32F3xx_HAL_Driver/Src/stm32f3xx_hal_flash_ex.c	.c	31579	9c93d2dd6cb83830
Electronic_Load_Firmware/Drivers/STM32F3xx_HAL_Driver/Src/stm32f3xx_hal_gpio.c	.c	19289	e567fac54b0179d3
Electronic_Load_Firmware/Drivers/STM32F3xx_HAL_Driver/Src/stm32f3xx_hal_i2c.c	.c	252269	3adae569e37361bc
Electronic_Load_Firmware/Drivers/STM32F3xx_HAL_Driver/Src/stm32f3xx_hal_i2c_ex.c	.c	11491	d474dc0b1234d0e5
Electronic_Load_Firmware/Drivers/STM32F3xx_HAL_Driver/Src/stm32f3xx_hal_pcd.c	.c	55191	b1520f88a60449ad
Electronic_Load_Firmware/Drivers/STM32F3xx_HAL_Driver/Src/stm32f3xx_hal_pcd_ex.c	.c	5770	fb530f4af4a75eb6
Electronic_Load_Firmware/Drivers/STM32F3xx_HAL_Driver/Src/stm32f3xx_hal_pwr.c	.c	17269	87c992961a12184e
Electronic_Load_Firmware/Drivers/STM32F3xx_HAL_Driver/Src/stm32f3xx_hal_pwr_ex.c	.c	8730	a7834a2c86d4590f
Electronic_Load_Firmware/Drivers/STM32F3xx_HAL_Driver/Src/stm32f3xx_hal_rcc.c	.c	46097	5a96175ae5fe9fb2
Electronic_Load_Firmware/Drivers/STM32F3xx_HAL_Driver/Src/stm32f3xx_hal_rcc_ex.c	.c	63705	e7b983d74338a0c3
Electronic_Load_Firmware/Drivers/STM32F3xx_HAL_Driver/Src/stm32f3xx_hal_tim.c	.c	262105	6c6252c10514b823
Electronic_Load_Firmware/Drivers/STM32F3xx_HAL_Driver/Src/stm32f3xx_hal_tim_ex.c	.c	89689	fac4f3ab6871a767
Electronic_Load_Firmware/Drivers/STM32F3xx_HAL_Driver/Src/stm32f3xx_ll_usb.c	.c	25931	169dcd9384339aba
Electronic_Load_Firmware/E-Load Schematics.pdf	.pdf	2649337	b2efb7e6605a6a5f
Electronic_Load_Firmware/Electronic_Load_Firmware.ioc	.ioc	12194	3a3e066b0581a04d
Electronic_Load_Firmware/Electronic_Load_Firmware.launch	.launch	9869	b81e21cf78ae3add
Electronic_Load_Firmware/Middlewares/ST/STM32_USB_Device_Library/Class/CDC/Inc/usbd_cdc.h	.h	5117	2bc428e2226229a2
Electronic_Load_Firmware/Middlewares/ST/STM32_USB_Device_Library/Class/CDC/Src/usbd_cdc.c	.c	29877	9bf6b6c49a7faab7
Electronic_Load_Firmware/Middlewares/ST/STM32_USB_Device_Library/Core/Inc/usbd_core.h	.h	5178	5df2712273bfd522
Electronic_Load_Firmware/Middlewares/ST/STM32_USB_Device_Library/Core/Inc/usbd_ctlreq.h	.h	2286	e0e1fd6d50790b5f
Electronic_Load_Firmware/Middlewares/ST/STM32_USB_Device_Library/Core/Inc/usbd_def.h	.h	11741	1fb60258c3705a07
Electronic_Load_Firmware/Middlewares/ST/STM32_USB_Device_Library/Core/Inc/usbd_ioreq.h	.h	2764	b3c4df07bf76dd33
Electronic_Load_Firmware/Middlewares/ST/STM32_USB_Device_Library/Core/Src/usbd_core.c	.c	13327	9696a4d61c9e05cd
Electronic_Load_Firmware/Middlewares/ST/STM32_USB_Device_Library/Core/Src/usbd_ctlreq.c	.c	21638	339046117dd385d4
Electronic_Load_Firmware/Middlewares/ST/STM32_USB_Device_Library/Core/Src/usbd_ioreq.c	.c	4822	a89f4e80bb59bcd3
Electronic_Load_Firmware/STM32F303RCTX_FLASH.ld	.ld	5861	3f1d453d4fa082bd
Electronic_Load_Firmware/USB_DEVICE/App/usb_device.c	.c	4026	7189e3ce6ee9aff3
Electronic_Load_Firmware/USB_DEVICE/App/usb_device.h	.h	2336	e0a7cf203a02f058
Electronic_Load_Firmware/USB_DEVICE/App/usbd_cdc_if.c	.c	10268	ce23400fbc9f0264
Electronic_Load_Firmware/USB_DEVICE/App/usbd_cdc_if.h	.h	2806	9f44d9090dc15f49
Electronic_Load_Firmware/USB_DEVICE/App/usbd_desc.c	.c	10641	f489492589fe4fbc
Electronic_Load_Firmware/USB_DEVICE/App/usbd_desc.h	.h	2977	1e47de8ed0f3d14a
Electronic_Load_Firmware/USB_DEVICE/Target/usbd_conf.c	.c	20529	0ef6c44a95f58ecf
Electronic_Load_Firmware/USB_DEVICE/Target/usbd_conf.h	.h	4031	119d0442b430ba60
Electronic_Load_Firmware/tmp/pdfs/crop-p01-power_stage_mid.png	.png	73459	a1d0266c9df026c8
Electronic_Load_Firmware/tmp/pdfs/crop-p01-vshunt_labels.png	.png	72793	6a8be35725c6f0db
Electronic_Load_Firmware/tmp/pdfs/crop-p02-adc_dac.png	.png	36922	cb4acdf573f98e92
Electronic_Load_Firmware/tmp/pdfs/crop-p02-dac_iset.png	.png	98818	bb1110fbc5bd1d49
Electronic_Load_Firmware/tmp/pdfs/crop-p03-usb_conn.png	.png	66939	ec318df52ebb2cc2
Electronic_Load_Firmware/tmp/pdfs/crop-p03-usb_core.png	.png	62327	b3484fc1cc0ae895
Electronic_Load_Firmware/tmp/pdfs/crop-p03-usb_devdet_r38.png	.png	63166	37f56e3404480fbe
Electronic_Load_Firmware/tmp/pdfs/crop-p03-usb_esd.png	.png	36625	7539797f87336b9a
Electronic_Load_Firmware/tmp/pdfs/crop-p03-usb_esd_detail.png	.png	150912	c0838fa368cdcf7d
Electronic_Load_Firmware/tmp/pdfs/crop-p03-usb_harness_full.png	.png	151186	8762fc0f4a7908c7
Electronic_Load_Firmware/tmp/pdfs/crop-p03-usb_left_to_esd.png	.png	102612	84f5b2f7e21205ac
Electronic_Load_Firmware/tmp/pdfs/crop-p03-usb_typec_pins.png	.png	176482	fa2a9519f7e5a70c
Electronic_Load_Firmware/tmp/pdfs/crop-p03-usb_vsense_div.png	.png	45529	4e7a7967f51cdc91
Electronic_Load_Firmware/tmp/pdfs/crop-p05-mcu_full.png	.png	186562	827e56d30417d572
Electronic_Load_Firmware/tmp/pdfs/crop-p05-mcu_usb_nets.png	.png	51574	483b813b7e695716
Electronic_Load_Firmware/tmp/pdfs/crop-p05-mcu_usb_pins.png	.png	101286	bb8b315e6284631e
Electronic_Load_Firmware/tmp/pdfs/crop-p05-stm32_left_pins.png	.png	101430	3c24885cf07cb045
Electronic_Load_Firmware/tmp/pdfs/crop-p05-stm32_symbol_all.png	.png	232565	954147a6fb3b70dd
Electronic_Load_Firmware/tmp/pdfs/crop-p05-stm32_symbol_center.png	.png	261465	e5916c4ababaaf9c
Electronic_Load_Firmware/tmp/pdfs/crop-p05-stm32_usb_pinblock.png	.png	170342	be17f1b3fc5738d1
Electronic_Load_Firmware/tmp/pdfs/crop-p05-stm32_with_usb_harness.png	.png	226942	936b69b8c5052aab
Electronic_Load_Firmware/tmp/pdfs/crop-p05_nrst_area.png	.png	127726	87048f215bca13a1
Electronic_Load_Firmware/tmp/pdfs/crop-p05_nrst_bottom.png	.png	175118	fabd8a904719d11b
Electronic_Load_Firmware/tmp/pdfs/crop-p05_nrst_to_gnd.png	.png	114257	a1eae824a3e4c81d
Electronic_Load_Firmware/tmp/pdfs/crop-p05_osc_nrst.png	.png	156486	0b67faed43ecf2c8
Electronic_Load_Firmware/tmp/pdfs/crop-p05_swd_header.png	.png	50990	800ad3e739cbf592
Electronic_Load_Firmware/tmp/pdfs/e-load-page-01-zoom5.png	.png	789369	7160767ea414f65a
Electronic_Load_Firmware/tmp/pdfs/e-load-page-01.png	.png	355282	395582b18ea04e99
Electronic_Load_Firmware/tmp/pdfs/e-load-page-01.txt	.txt	5277	67db0ceb5193bfe6
Electronic_Load_Firmware/tmp/pdfs/e-load-page-02-zoom5.png	.png	1009486	5a21442932d5b0bb
Electronic_Load_Firmware/tmp/pdfs/e-load-page-02.png	.png	475403	c53c5d50ae116938
Electronic_Load_Firmware/tmp/pdfs/e-load-page-02.txt	.txt	5677	98def8227c51da35
Electronic_Load_Firmware/tmp/pdfs/e-load-page-03-zoom5.png	.png	509877	ccbb041e551adf57
Electronic_Load_Firmware/tmp/pdfs/e-load-page-03.png	.png	220607	ade48b9af7112907
Electronic_Load_Firmware/tmp/pdfs/e-load-page-03.txt	.txt	2365	fb18f6bb582ed0d9
Electronic_Load_Firmware/tmp/pdfs/e-load-page-04.png	.png	389958	a93318224fd12412
Electronic_Load_Firmware/tmp/pdfs/e-load-page-04.txt	.txt	4928	a193bb931e7a30bd
Electronic_Load_Firmware/tmp/pdfs/e-load-page-05-zoom5.png	.png	880875	2a94533c406b70dd
Electronic_Load_Firmware/tmp/pdfs/e-load-page-05.png	.png	393883	ebae3c89f59df8e4
Electronic_Load_Firmware/tmp/pdfs/e-load-page-05.txt	.txt	4837	da50f6bdde79ce89
Electronic_Load_Firmware/tmp/pdfs/e-load-page-06.png	.png	454177	f6cbe7fd58b77e7a
Electronic_Load_Firmware/tmp/pdfs/e-load-page-06.txt	.txt	1233	6a67c66567a32eae
Electronic_Load_Firmware/tmp/pdfs/e-load-page-07.png	.png	182699	a9da74662a197a7a
Electronic_Load_Firmware/tmp/pdfs/e-load-page-07.txt	.txt	1567	5bfc273938be7d3e
Eload_Firmware_Workspace.code-workspace	.code-workspace	143	97e5410bc81df55d
Final Report/ee175 Syllabus 2025-26, v5.pdf	.pdf	400707	6544183fbe7914c0
Final Report/main.tex	.tex	17671	e3bac9b5bf8ad31e
Project Details/.DS_Store		6148	d23ab6ef263d739e
Project Details/Firmware/.vscode/settings.json	.json	423	de82927f8aeca0d8
Project Details/Firmware/firmware.fdb_latexmk	.fdb_latexmk	9542	0968fc6a9481cc8c
Project Details/Firmware/firmware.fls	.fls	10943	f73e5577d9a7d3cc
Project Details/Firmware/firmware.out	.out	1299	c325feb2abd0d454
Project Details/Firmware/firmware.pdf	.pdf	59881	00c38f9a399645e7
Project Details/Firmware/firmware.synctex.gz	.gz	11669	1326e57ce4dbb54c
Project Details/Firmware/firmware.tex	.tex	4178	7a8953165e2a5fd5
Project Details/Firmware/firmware_update.fdb_latexmk	.fdb_latexmk	11118	40188e5dac6b3e18
Project Details/Firmware/firmware_update.fls	.fls	12707	e521f5b10585be70
Project Details/Firmware/firmware_update.out	.out	4570	38ee9fab09953401
Project Details/Firmware/firmware_update.pdf	.pdf	90074	37a6506e45ee5a26
Project Details/Firmware/firmware_update.tex	.tex	7447	225756d3abafceae
Project Details/Firmware/firmware_update.toc	.toc	2327	8406081678440bd0
Project Details/project_details copy.pdf	.pdf	92286	3b87218a131866fa
Project Details/project_details.pdf	.pdf	92286	3b87218a131866fa
Project Details/project_details.synctex.gz	.gz	21791	2d017edf8cd12f5e
Project Details/project_details.tex	.tex	8313	c0b350acc6f024ae
Senior Design Block Diagrams.pdf	.pdf	471372	cb89c6e6382e303a
USB-Connection-Firmware/.cproject		25653	8c0a9f2bf44d0fbf
USB-Connection-Firmware/.metadata/.lock		0	e3b0c44298fc1c14
USB-Connection-Firmware/.metadata/.log4j2.xml	.xml	822	9c5cf2020169fdc9
USB-Connection-Firmware/.metadata/.plugins/com.st.stm32cube.ide.mcu.informationcenter/2.4.100.202510291430	.202510291430	0	e3b0c44298fc1c14
USB-Connection-Firmware/.metadata/.plugins/org.eclipse.cdt.make.core/specs.c	.c	1	01ba4719c80b6fe9
USB-Connection-Firmware/.metadata/.plugins/org.eclipse.cdt.make.core/specs.cpp	.cpp	1	01ba4719c80b6fe9
USB-Connection-Firmware/.metadata/.plugins/org.eclipse.cdt.make.ui/dialog_settings.xml	.xml	144	9ca224bd3a604e6f
USB-Connection-Firmware/.metadata/.plugins/org.eclipse.core.resources/.root/.indexes/history.version	.version	1	dbc1b4c900ffe48d
USB-Connection-Firmware/.metadata/.plugins/org.eclipse.core.resources/.root/.indexes/properties.version	.version	1	4bf5122f344554c5
USB-Connection-Firmware/.metadata/.plugins/org.eclipse.core.resources/.root/1.tree	.tree	81	703901365bd905e4
USB-Connection-Firmware/.metadata/.plugins/org.eclipse.core.resources/.safetable/org.eclipse.core.resources	.resources	441	88cf3e1f14801e42
USB-Connection-Firmware/.metadata/.plugins/org.eclipse.core.runtime/.settings/com.st.stm32cube.ide.mcu.ide.oss.prefs	.prefs	77	0262d0c46b6695ef
USB-Connection-Firmware/.metadata/.plugins/org.eclipse.core.runtime/.settings/org.eclipse.cdt.debug.core.prefs	.prefs	781	8b4e7e4ea536fb73
USB-Connection-Firmware/.metadata/.plugins/org.eclipse.core.runtime/.settings/org.eclipse.cdt.ui.prefs	.prefs	117	c69992de927ce7f3
USB-Connection-Firmware/.metadata/.plugins/org.eclipse.core.runtime/.settings/org.eclipse.core.resources.prefs	.prefs	40	ce0cb7e5c0fdda11
USB-Connection-Firmware/.metadata/.plugins/org.eclipse.core.runtime/.settings/org.eclipse.debug.core.prefs	.prefs	635	8728d2503e4d5b7c
USB-Connection-Firmware/.metadata/.plugins/org.eclipse.core.runtime/.settings/org.eclipse.debug.ui.prefs	.prefs	163	5ebd9c7ecb89f18b
USB-Connection-Firmware/.metadata/.plugins/org.eclipse.core.runtime/.settings/org.eclipse.ui.ide.prefs	.prefs	96	cee2303748ab7db7
USB-Connection-Firmware/.metadata/.plugins/org.eclipse.core.runtime/.settings/org.eclipse.ui.navigator.prefs	.prefs	489	3ececffe86a08d26
USB-Connection-Firmware/.metadata/.plugins/org.eclipse.core.runtime/.settings/org.eclipse.ui.prefs	.prefs	46	1f7588a0c5fa37dc
USB-Connection-Firmware/.metadata/.plugins/org.eclipse.core.runtime/.settings/org.eclipse.ui.workbench.prefs	.prefs	818	e4cc140e0dcdb599
USB-Connection-Firmware/.metadata/.plugins/org.eclipse.e4.workbench/workbench.xmi	.xmi	267436	be3eb1b9fd4fa6fb
USB-Connection-Firmware/.metadata/.plugins/org.eclipse.ui.ide/dialog_settings.xml	.xml	211	5a170d43880e415d
USB-Connection-Firmware/.metadata/.plugins/org.eclipse.ui.workbench/workingsets.xml	.xml	254	e9ada3143c476824
USB-Connection-Firmware/.metadata/version.ini	.ini	100	8517f06bb3a3b8d2
USB-Connection-Firmware/.mxproject		11769	aab8ca8b4da66a1c
USB-Connection-Firmware/.project		1130	5bed5f4ff4349128
USB-Connection-Firmware/.settings/language.settings.xml	.xml	2149	dbb7a56646517a31
USB-Connection-Firmware/.settings/org.eclipse.cdt.core.prefs	.prefs	226	91bbadd679f05a2e
USB-Connection-Firmware/.settings/org.eclipse.core.resources.prefs	.prefs	55	4238e4eafab8309d
USB-Connection-Firmware/Core/Inc/main.h	.h	2338	0cd0e5e09bc0aff6
USB-Connection-Firmware/Core/Inc/stm32f3xx_hal_conf.h	.h	13692	aee55efc1b7e07ee
USB-Connection-Firmware/Core/Inc/stm32f3xx_it.h	.h	2108	f4237515e3d4cff8
USB-Connection-Firmware/Core/Src/main.c	.c	39304	bf9f97003eb734eb
USB-Connection-Firmware/Core/Src/stm32f3xx_hal_msp.c	.c	12333	d27f394c6f13786d
USB-Connection-Firmware/Core/Src/stm32f3xx_it.c	.c	6834	0946ed1924bfbb63
USB-Connection-Firmware/Core/Src/system_stm32f3xx.c	.c	10702	f1482dd9661a091b
USB-Connection-Firmware/Debug/.metadata/.plugins/org.eclipse.cdt.make.core/specs.cyclo	.cyclo	0	e3b0c44298fc1c14
USB-Connection-Firmware/Debug/.metadata/.plugins/org.eclipse.cdt.make.core/specs.d	.d	113	4a1ab0f7be6fea07
USB-Connection-Firmware/Debug/.metadata/.plugins/org.eclipse.cdt.make.core/specs.o	.o	20148	97d493650ccf4acb
USB-Connection-Firmware/Debug/.metadata/.plugins/org.eclipse.cdt.make.core/specs.su	.su	0	e3b0c44298fc1c14
USB-Connection-Firmware/Debug/.metadata/.plugins/org.eclipse.cdt.make.core/subdir.mk	.mk	1954	9ed70ef62d18729f
USB-Connection-Firmware/Debug/Core/Src/main.cyclo	.cyclo	1004	cea22e18aa5d2525
USB-Connection-Firmware/Debug/Core/Src/main.d	.d	4920	62ec3491e37530a9
USB-Connection-Firmware/Debug/Core/Src/main.o	.o	1092684	ac69ee0c08481dc4
USB-Connection-Firmware/Debug/Core/Src/main.su	.su	1216	73699405f20c86b4
USB-Connection-Firmware/Debug/Core/Src/stm32f3xx_hal_msp.cyclo	.cyclo	462	772448be17e657ae
USB-Connection-Firmware/Debug/Core/Src/stm32f3xx_hal_msp.d	.d	3809	837d7aeea6194060
USB-Connection-Firmware/Debug/Core/Src/stm32f3xx_hal_msp.o	.o	1027872	447a25d70349ffba
USB-Connection-Firmware/Debug/Core/Src/stm32f3xx_hal_msp.su	.su	526	902887efa0499b1e
USB-Connection-Firmware/Debug/Core/Src/stm32f3xx_it.cyclo	.cyclo	748	64c44972215e51be
USB-Connection-Firmware/Debug/Core/Src/stm32f3xx_it.d	.d	3857	9eb455e7aa3e7323
USB-Connection-Firmware/Debug/Core/Src/stm32f3xx_it.o	.o	1021708	ff9d56a605bb6a05
USB-Connection-Firmware/Debug/Core/Src/stm32f3xx_it.su	.su	846	bcabbaec8ffdaec9
USB-Connection-Firmware/Debug/Core/Src/subdir.mk	.mk	1989	09a2fa793fac12ff
USB-Connection-Firmware/Debug/Core/Src/system_stm32f3xx.cyclo	.cyclo	111	476968cb72fd0f7b
USB-Connection-Firmware/Debug/Core/Src/system_stm32f3xx.d	.d	3768	4af90b250d3aea22
USB-Connection-Firmware/Debug/Core/Src/system_stm32f3xx.o	.o	1012620	8cf9a3e8ebcd38ef
USB-Connection-Firmware/Debug/Core/Src/system_stm32f3xx.su	.su	126	a0ba2894d75abaef
USB-Connection-Firmware/Debug/Drivers/STM32F3xx_HAL_Driver/Src/stm32f3xx_hal.cyclo	.cyclo	1959	9b12764db1180814
USB-Connection-Firmware/Debug/Drivers/STM32F3xx_HAL_Driver/Src/stm32f3xx_hal.d	.d	3813	f6afb79449a4fb3d
USB-Connection-Firmware/Debug/Drivers/STM32F3xx_HAL_Driver/Src/stm32f3xx_hal.o	.o	1024172	88442b2872a6d44a
USB-Connection-Firmware/Debug/Drivers/STM32F3xx_HAL_Driver/Src/stm32f3xx_hal.su	.su	2137	7620052657bbc2be
USB-Connection-Firmware/Debug/Drivers/STM32F3xx_HAL_Driver/Src/stm32f3xx_hal_adc.cyclo	.cyclo	1866	25a2f128f07b0ab5
USB-Connection-Firmware/Debug/Drivers/STM32F3xx_HAL_Driver/Src/stm32f3xx_hal_adc.d	.d	3821	1126884e31026e86
USB-Connection-Firmware/Debug/Drivers/STM32F3xx_HAL_Driver/Src/stm32f3xx_hal_adc.o	.o	1021920	376eb566240eb23d
USB-Connection-Firmware/Debug/Drivers/STM32F3xx_HAL_Driver/Src/stm32f3xx_hal_adc.su	.su	2042	b70f1dc66460f9ba
USB-Connection-Firmware/Debug/Drivers/STM32F3xx_HAL_Driver/Src/stm32f3xx_hal_adc_ex.cyclo	.cyclo	3915	d510c5dc0e367c80
USB-Connection-Firmware/Debug/Drivers/STM32F3xx_HAL_Driver/Src/stm32f3xx_hal_adc_ex.d	.d	3827	492ff1b6872b708c
USB-Connection-Firmware/Debug/Drivers/STM32F3xx_HAL_Driver/Src/stm32f3xx_hal_adc_ex.o	.o	1058924	886e47c67d7d4f23
USB-Connection-Firmware/Debug/Drivers/STM32F3xx_HAL_Driver/Src/stm32f3xx_hal_adc_ex.su	.su	4240	23aa785c86c537c3
USB-Connection-Firmware/Debug/Drivers/STM32F3xx_HAL_Driver/Src/stm32f3xx_hal_cortex.cyclo	.cyclo	2708	059d3b38b04a1c09
USB-Connection-Firmware/Debug/Drivers/STM32F3xx_HAL_Driver/Src/stm32f3xx_hal_cortex.d	.d	3827	f0e2e2f50ee66c36
USB-Connection-Firmware/Debug/Drivers/STM32F3xx_HAL_Driver/Src/stm32f3xx_hal_cortex.o	.o	1029924	615d0e68aec0bd9b
USB-Connection-Firmware/Debug/Drivers/STM32F3xx_HAL_Driver/Src/stm32f3xx_hal_cortex.su	.su	3013	abf9f66e66a6e649
USB-Connection-Firmware/Debug/Drivers/STM32F3xx_HAL_Driver/Src/stm32f3xx_hal_dma.cyclo	.cyclo	1168	b74d75bd4b0a519a
USB-Connection-Firmware/Debug/Drivers/STM32F3xx_HAL_Driver/Src/stm32f3xx_hal_dma.d	.d	3821	550677c910ff3bf9
USB-Connection-Firmware/Debug/Drivers/STM32F3xx_HAL_Driver/Src/stm32f3xx_hal_dma.o	.o	1020888	404e2463062cf5c3
USB-Connection-Firmware/Debug/Drivers/STM32F3xx_HAL_Driver/Src/stm32f3xx_hal_dma.su	.su	1278	6272968219d5f72c
USB-Connection-Firmware/Debug/Drivers/STM32F3xx_HAL_Driver/Src/stm32f3xx_hal_exti.cyclo	.cyclo	790	51559dfa618fad36
USB-Connection-Firmware/Debug/Drivers/STM32F3xx_HAL_Driver/Src/stm32f3xx_hal_exti.d	.d	3823	3b03daea890062dc
USB-Connection-Firmware/Debug/Drivers/STM32F3xx_HAL_Driver/Src/stm32f3xx_hal_exti.o	.o	1017316	8ee2d80ae165bc42
USB-Connection-Firmware/Debug/Drivers/STM32F3xx_HAL_Driver/Src/stm32f3xx_hal_exti.su	.su	862	4ff5dcf54da1b381
USB-Connection-Firmware/Debug/Drivers/STM32F3xx_HAL_Driver/Src/stm32f3xx_hal_flash.cyclo	.cyclo	1242	67009d13115ee67c
USB-Connection-Firmware/Debug/Drivers/STM32F3xx_HAL_Driver/Src/stm32f3xx_hal_flash.d	.d	3825	799618122b271ed6
USB-Connection-Firmware/Debug/Drivers/STM32F3xx_HAL_Driver/Src/stm32f3xx_hal_flash.o	.o	1019112	d7eecb7938970416
USB-Connection-Firmware/Debug/Drivers/STM32F3xx_HAL_Driver/Src/stm32f3xx_hal_flash.su	.su	1348	16f0767ad1baa719
USB-Connection-Firmware/Debug/Drivers/STM32F3xx_HAL_Driver/Src/stm32f3xx_hal_flash_ex.cyclo	.cyclo	1438	036e4cb576cf530c
USB-Connection-Firmware/Debug/Drivers/STM32F3xx_HAL_Driver/Src/stm32f3xx_hal_flash_ex.d	.d	3831	0dc80df73e4249c1
USB-Connection-Firmware/Debug/Drivers/STM32F3xx_HAL_Driver/Src/stm32f3xx_hal_flash_ex.o	.o	1022720	fd2616c9e92e0ede
USB-Connection-Firmware/Debug/Drivers/STM32F3xx_HAL_Driver/Src/stm32f3xx_hal_flash_ex.su	.su	1601	f013787542f8cfaa
USB-Connection-Firmware/Debug/Drivers/STM32F3xx_HAL_Driver/Src/stm32f3xx_hal_gpio 2.cyclo	.cyclo	673	8186441796711c2b
USB-Connection-Firmware/Debug/Drivers/STM32F3xx_HAL_Driver/Src/stm32f3xx_hal_gpio.cyclo	.cyclo	673	8186441796711c2b
USB-Connection-Firmware/Debug/Drivers/STM32F3xx_HAL_Driver/Src/stm32f3xx_hal_gpio.d	.d	3823	06df8e29a4d92bcc
USB-Connection-Firmware/Debug/Drivers/STM32F3xx_HAL_Driver/Src/stm32f3xx_hal_gpio.o	.o	1017140	991431737aa77a3b
USB-Connection-Firmware/Debug/Drivers/STM32F3xx_HAL_Driver/Src/stm32f3xx_hal_gpio.su	.su	736	1021d9e05ae6af7d
USB-Connection-Firmware/Debug/Drivers/STM32F3xx_HAL_Driver/Src/stm32f3xx_hal_i2c.cyclo	.cyclo	7194	529b56d373fb4c4d
USB-Connection-Firmware/Debug/Drivers/STM32F3xx_HAL_Driver/Src/stm32f3xx_hal_i2c.d	.d	3821	6d462cb51bfc10bf
USB-Connection-Firmware/Debug/Drivers/STM32F3xx_HAL_Driver/Src/stm32f3xx_hal_i2c.o	.o	1087692	05569eecefe3926c
USB-Connection-Firmware/Debug/Drivers/STM32F3xx_HAL_Driver/Src/stm32f3xx_hal_i2c.su	.su	7814	503c6dea7751eb22
USB-Connection-Firmware/Debug/Drivers/STM32F3xx_HAL_Driver/Src/stm32f3xx_hal_i2c_ex 2.d	.d	3589	caac1d06de4351b0
USB-Connection-Firmware/Debug/Drivers/STM32F3xx_HAL_Driver/Src/stm32f3xx_hal_i2c_ex.cyclo	.cyclo	570	97dd2a3e5618fe33
USB-Connection-Firmware/Debug/Drivers/STM32F3xx_HAL_Driver/Src/stm32f3xx_hal_i2c_ex.d	.d	3827	9744228a53a65c7a
USB-Connection-Firmware/Debug/Drivers/STM32F3xx_HAL_Driver/Src/stm32f3xx_hal_i2c_ex.o	.o	1017092	bed2ee0fd8c12fc6
USB-Connection-Firmware/Debug/Drivers/STM32F3xx_HAL_Driver/Src/stm32f3xx_hal_i2c_ex.su	.su	618	10d5e1e7c1a7ece4
USB-Connection-Firmware/Debug/Drivers/STM32F3xx_HAL_Driver/Src/stm32f3xx_hal_pcd.cyclo	.cyclo	3223	582cf35d4c93f472
USB-Connection-Firmware/Debug/Drivers/STM32F3xx_HAL_Driver/Src/stm32f3xx_hal_pcd.d	.d	3821	91af0a99497f2c0a
USB-Connection-Firmware/Debug/Drivers/STM32F3xx_HAL_Driver/Src/stm32f3xx_hal_pcd.o	.o	1041972	9a5442fb4f04409c
USB-Connection-Firmware/Debug/Drivers/STM32F3xx_HAL_Driver/Src/stm32f3xx_hal_pcd.su	.su	3517	ac7789f28550aa24
USB-Connection-Firmware/Debug/Drivers/STM32F3xx_HAL_Driver/Src/stm32f3xx_hal_pcd_ex.cyclo	.cyclo	366	a5415792aeefb35a
USB-Connection-Firmware/Debug/Drivers/STM32F3xx_HAL_Driver/Src/stm32f3xx_hal_pcd_ex.d	.d	3827	3e9e674e91aa621e
USB-Connection-Firmware/Debug/Drivers/STM32F3xx_HAL_Driver/Src/stm32f3xx_hal_pcd_ex.o	.o	1014956	5f872a23fb64dd70
USB-Connection-Firmware/Debug/Drivers/STM32F3xx_HAL_Driver/Src/stm32f3xx_hal_pcd_ex.su	.su	398	4be735081f5a1c67
USB-Connection-Firmware/Debug/Drivers/STM32F3xx_HAL_Driver/Src/stm32f3xx_hal_pwr.cyclo	.cyclo	1052	5f7360f506a9bbca
USB-Connection-Firmware/Debug/Drivers/STM32F3xx_HAL_Driver/Src/stm32f3xx_hal_pwr.d	.d	3821	8d838b1930265b9c
USB-Connection-Firmware/Debug/Drivers/STM32F3xx_HAL_Driver/Src/stm32f3xx_hal_pwr.o	.o	1015744	861dda282ac23b89
USB-Connection-Firmware/Debug/Drivers/STM32F3xx_HAL_Driver/Src/stm32f3xx_hal_pwr.su	.su	1200	305a11cf6a49a344
USB-Connection-Firmware/Debug/Drivers/STM32F3xx_HAL_Driver/Src/stm32f3xx_hal_pwr_ex.cyclo	.cyclo	434	9b9b54349da8f10f
USB-Connection-Firmware/Debug/Drivers/STM32F3xx_HAL_Driver/Src/stm32f3xx_hal_pwr_ex.d	.d	3827	83b6207a19309bc1
USB-Connection-Firmware/Debug/Drivers/STM32F3xx_HAL_Driver/Src/stm32f3xx_hal_pwr_ex.o	.o	1012564	99446b01e78d8feb
USB-Connection-Firmware/Debug/Drivers/STM32F3xx_HAL_Driver/Src/stm32f3xx_hal_pwr_ex.su	.su	470	7675a48847b77926
USB-Connection-Firmware/Debug/Drivers/STM32F3xx_HAL_Driver/Src/stm32f3xx_hal_rcc.cyclo	.cyclo	1194	680995cde561be0e
USB-Connection-Firmware/Debug/Drivers/STM32F3xx_HAL_Driver/Src/stm32f3xx_hal_rcc.d	.d	3821	0743dcb93005b4a9
USB-Connection-Firmware/Debug/Drivers/STM32F3xx_HAL_Driver/Src/stm32f3xx_hal_rcc.o	.o	1033180	00c3d55f1ad1d377
USB-Connection-Firmware/Debug/Drivers/STM32F3xx_HAL_Driver/Src/stm32f3xx_hal_rcc.su	.su	1443	003f6f42267a1ae2
USB-Connection-Firmware/Debug/Drivers/STM32F3xx_HAL_Driver/Src/stm32f3xx_hal_rcc_ex.cyclo	.cyclo	374	09bc610409efeb6c
USB-Connection-Firmware/Debug/Drivers/STM32F3xx_HAL_Driver/Src/stm32f3xx_hal_rcc_ex.d	.d	3827	375093c0b565905d
USB-Connection-Firmware/Debug/Drivers/STM32F3xx_HAL_Driver/Src/stm32f3xx_hal_rcc_ex.o	.o	1019276	705d8e822636d940
USB-Connection-Firmware/Debug/Drivers/STM32F3xx_HAL_Driver/Src/stm32f3xx_hal_rcc_ex.su	.su	424	c78c5def28f5fde4
USB-Connection-Firmware/Debug/Drivers/STM32F3xx_HAL_Driver/Src/stm32f3xx_hal_tim.cyclo	.cyclo	10735	1bfa5b47036253ec
USB-Connection-Firmware/Debug/Drivers/STM32F3xx_HAL_Driver/Src/stm32f3xx_hal_tim.d	.d	3821	9754267339eb8586
USB-Connection-Firmware/Debug/Drivers/STM32F3xx_HAL_Driver/Src/stm32f3xx_hal_tim.o	.o	1109336	dd8022e23797f04b
USB-Connection-Firmware/Debug/Drivers/STM32F3xx_HAL_Driver/Src/stm32f3xx_hal_tim.su	.su	11662	da011bee09c16994
USB-Connection-Firmware/Debug/Drivers/STM32F3xx_HAL_Driver/Src/stm32f3xx_hal_tim_ex.cyclo	.cyclo	4178	d194d89c94552ef0
USB-Connection-Firmware/Debug/Drivers/STM32F3xx_HAL_Driver/Src/stm32f3xx_hal_tim_ex.d	.d	3827	646e264e0da96574
USB-Connection-Firmware/Debug/Drivers/STM32F3xx_HAL_Driver/Src/stm32f3xx_hal_tim_ex.o	.o	1048812	0bad32521f8c23ae
USB-Connection-Firmware/Debug/Drivers/STM32F3xx_HAL_Driver/Src/stm32f3xx_hal_tim_ex.su	.su	4516	adeba882d849ef39
USB-Connection-Firmware/Debug/Drivers/STM32F3xx_HAL_Driver/Src/stm32f3xx_ll_usb.cyclo	.cyclo	1793	09ab58649edca33f
USB-Connection-Firmware/Debug/Drivers/STM32F3xx_HAL_Driver/Src/stm32f3xx_ll_usb.d	.d	3819	dc85e6be83936694
USB-Connection-Firmware/Debug/Drivers/STM32F3xx_HAL_Driver/Src/stm32f3xx_ll_usb.o	.o	1038008	2a6d36eec18b535b
USB-Connection-Firmware/Debug/Drivers/STM32F3xx_HAL_Driver/Src/stm32f3xx_ll_usb.su	.su	1968	4ed27a81e0cfe388
USB-Connection-Firmware/Debug/Drivers/STM32F3xx_HAL_Driver/Src/subdir.mk	.mk	9522	fbe0c01ffaa51cfb
USB-Connection-Firmware/Debug/Middlewares/ST/STM32_USB_Device_Library/Class/CDC/Src/subdir.mk	.mk	2083	5ef9988572a8b21e
USB-Connection-Firmware/Debug/Middlewares/ST/STM32_USB_Device_Library/Class/CDC/Src/usbd_cdc.cyclo	.cyclo	1483	c3834677544f4949
USB-Connection-Firmware/Debug/Middlewares/ST/STM32_USB_Device_Library/Class/CDC/Src/usbd_cdc.d	.d	4896	8e8539f72e4a11fd
USB-Connection-Firmware/Debug/Middlewares/ST/STM32_USB_Device_Library/Class/CDC/Src/usbd_cdc.o	.o	1060268	a34722907f343939
USB-Connection-Firmware/Debug/Middlewares/ST/STM32_USB_Device_Library/Class/CDC/Src/usbd_cdc.su	.su	1602	2d26d009b18c22c5
USB-Connection-Firmware/Debug/Middlewares/ST/STM32_USB_Device_Library/Core/Src/subdir.mk	.mk	2933	5dd8bca71f3eaa0a
USB-Connection-Firmware/Debug/Middlewares/ST/STM32_USB_Device_Library/Core/Src/usbd_core.cyclo	.cyclo	1808	e9863826c11795cd
USB-Connection-Firmware/Debug/Middlewares/ST/STM32_USB_Device_Library/Core/Src/usbd_core.d	.d	4610	3d54a7ff9b43a7e1
USB-Connection-Firmware/Debug/Middlewares/ST/STM32_USB_Device_Library/Core/Src/usbd_core.o	.o	1055512	4ebe2334bca01257
USB-Connection-Firmware/Debug/Middlewares/ST/STM32_USB_Device_Library/Core/Src/usbd_core.su	.su	1966	2b22db6f6b07aa54
USB-Connection-Firmware/Debug/Middlewares/ST/STM32_USB_Device_Library/Core/Src/usbd_ctlreq.cyclo	.cyclo	1270	b4f430927bfa6977
USB-Connection-Firmware/Debug/Middlewares/ST/STM32_USB_Device_Library/Core/Src/usbd_ctlreq.d	.d	4752	e6876e5d4c2c7bb6
USB-Connection-Firmware/Debug/Middlewares/ST/STM32_USB_Device_Library/Core/Src/usbd_ctlreq.o	.o	1056100	0a0a0ba503c28070
USB-Connection-Firmware/Debug/Middlewares/ST/STM32_USB_Device_Library/Core/Src/usbd_ctlreq.su	.su	1379	ec5a3a8804980e15
USB-Connection-Firmware/Debug/Middlewares/ST/STM32_USB_Device_Library/Core/Src/usbd_ioreq.cyclo	.cyclo	653	294be9ad886e3d03
USB-Connection-Firmware/Debug/Middlewares/ST/STM32_USB_Device_Library/Core/Src/usbd_ioreq.d	.d	4614	91b93d0fedf8a082
USB-Connection-Firmware/Debug/Middlewares/ST/STM32_USB_Device_Library/Core/Src/usbd_ioreq.o	.o	1047988	894bf3e42996a96d
USB-Connection-Firmware/Debug/Middlewares/ST/STM32_USB_Device_Library/Core/Src/usbd_ioreq.su	.su	709	da520b286577a730
USB-Connection-Firmware/Debug/STM32CubeIDE/Application/User/Core/subdir.mk	.mk	2114	e5aef44b5b6d6705
USB-Connection-Firmware/Debug/STM32CubeIDE/Application/User/Core/syscalls.cyclo	.cyclo	1162	a43d7dfd651e88b8
USB-Connection-Firmware/Debug/STM32CubeIDE/Application/User/Core/syscalls.d	.d	99	5e35b9ef3826bd1a
USB-Connection-Firmware/Debug/STM32CubeIDE/Application/User/Core/syscalls.o	.o	83624	d49151927d9fea11
USB-Connection-Firmware/Debug/STM32CubeIDE/Application/User/Core/syscalls.su	.su	1303	0a800a7d1f6def05
USB-Connection-Firmware/Debug/STM32CubeIDE/Application/User/Core/sysmem.cyclo	.cyclo	60	ba80ca4cc255df12
USB-Connection-Firmware/Debug/STM32CubeIDE/Application/User/Core/sysmem.d	.d	95	60ecab31796f6e5e
USB-Connection-Firmware/Debug/STM32CubeIDE/Application/User/Core/sysmem.o	.o	56076	d2ee6ebeaf5315f4
USB-Connection-Firmware/Debug/STM32CubeIDE/Application/User/Core/sysmem.su	.su	68	c166fae14717855b
USB-Connection-Firmware/Debug/STM32CubeIDE/Application/User/Startup/startup_stm32f303rctx.d	.d	131	2463266512b35a36
USB-Connection-Firmware/Debug/STM32CubeIDE/Application/User/Startup/startup_stm32f303rctx.o	.o	6764	25157b79cee37e5a
USB-Connection-Firmware/Debug/STM32CubeIDE/Application/User/Startup/subdir.mk	.mk	1263	734c5cf67c18f7fd
USB-Connection-Firmware/Debug/STM32CubeIDE/Debug/Application/User/Core/subdir.mk	.mk	710	a4c3dfc645124f19
USB-Connection-Firmware/Debug/STM32CubeIDE/Debug/Application/User/Startup/subdir.mk	.mk	491	35ec6d6be42498b9
USB-Connection-Firmware/Debug/STM32CubeIDE/Debug/Application/User/USB_DEVICE/App/subdir.mk	.mk	625	cce162351f9c3be1
USB-Connection-Firmware/Debug/STM32CubeIDE/Debug/Application/User/USB_DEVICE/Target/subdir.mk	.mk	489	e99a461156c00ced
USB-Connection-Firmware/Debug/STM32CubeIDE/Debug/Drivers/CMSIS/subdir.mk	.mk	475	28f8304621f622ad
USB-Connection-Firmware/Debug/STM32CubeIDE/Debug/Drivers/STM32F3xx_HAL_Driver/subdir.mk	.mk	1754	53fdb3c71b88fd3d
USB-Connection-Firmware/Debug/STM32CubeIDE/Debug/Middlewares/USB_Device_Library/subdir.mk	.mk	688	d27555adc2e01a55
USB-Connection-Firmware/Debug/STM32CubeIDE/Debug/subdir.mk	.mk	472	7f268606d17d972a
USB-Connection-Firmware/Debug/Src/subdir.mk	.mk	1508	7ed2c25c230d8be1
USB-Connection-Firmware/Debug/Startup/subdir.mk	.mk	906	11483c9d63c7c055
USB-Connection-Firmware/Debug/USB-Connection-Firmware.elf	.elf	1337408	f1dd4893fdfb2db4
USB-Connection-Firmware/Debug/USB-Connection-Firmware.list	.list	1542198	dcc391c971ab771e
USB-Connection-Firmware/Debug/USB-Connection-Firmware.map	.map	673344	d16823cc3d037405
USB-Connection-Firmware/Debug/USB_DEVICE/App/subdir.mk	.mk	1920	321b5b09a36e1fe1
USB-Connection-Firmware/Debug/USB_DEVICE/App/usb_device.cyclo	.cyclo	57	4fee2bb104868bf0
USB-Connection-Firmware/Debug/USB_DEVICE/App/usb_device.d	.d	5143	a18dbeb52fcc8eab
USB-Connection-Firmware/Debug/USB_DEVICE/App/usb_device.o	.o	1048140	1fbf904cbdefcefa
USB-Connection-Firmware/Debug/USB_DEVICE/App/usb_device.su	.su	64	483f9cf546b87cb9
USB-Connection-Firmware/Debug/USB_DEVICE/App/usbd_cdc_if.cyclo	.cyclo	276	934fe101897f86d2
USB-Connection-Firmware/Debug/USB_DEVICE/App/usbd_cdc_if.d	.d	4753	a8a28ef8972d4fb8
USB-Connection-Firmware/Debug/USB_DEVICE/App/usbd_cdc_if.o	.o	1052040	a4f7d7dab7081531
USB-Connection-Firmware/Debug/USB_DEVICE/App/usbd_cdc_if.su	.su	314	b5ef7bdd133a7847
USB-Connection-Firmware/Debug/USB_DEVICE/App/usbd_desc.cyclo	.cyclo	581	d01c42bdcaa2438b
USB-Connection-Firmware/Debug/USB_DEVICE/App/usbd_desc.d	.d	4733	abfe170534e077e0
USB-Connection-Firmware/Debug/USB_DEVICE/App/usbd_desc.o	.o	1049560	d5072cee60971036
USB-Connection-Firmware/Debug/USB_DEVICE/App/usbd_desc.su	.su	653	ba7801524a68a570
USB-Connection-Firmware/Debug/USB_DEVICE/Target/subdir.mk	.mk	1514	c27db7e1532d635b
USB-Connection-Firmware/Debug/USB_DEVICE/Target/usbd_conf.cyclo	.cyclo	1988	d6b4523135718568
USB-Connection-Firmware/Debug/USB_DEVICE/Target/usbd_conf.d	.d	4949	c7d5a9b7227b77ba
USB-Connection-Firmware/Debug/USB_DEVICE/Target/usbd_conf.o	.o	1071956	2a32efde87d9083a
USB-Connection-Firmware/Debug/USB_DEVICE/Target/usbd_conf.su	.su	2244	f2cd23ff5bfa2b59
USB-Connection-Firmware/Debug/makefile		4016	0b6c60540ea54d35
USB-Connection-Firmware/Debug/objects.list	.list	1896	4e266942e3e80d27
USB-Connection-Firmware/Debug/objects.mk	.mk	276	072df126a2015259
USB-Connection-Firmware/Debug/sources.mk	.mk	1216	46d53256889dc268
USB-Connection-Firmware/Drivers/CMSIS/Device/ST/STM32F3xx/Include/stm32f303xc.h	.h	1150439	85d2ba335a5fc5e8
USB-Connection-Firmware/Drivers/CMSIS/Device/ST/STM32F3xx/Include/stm32f3xx.h	.h	10797	85429c595f6ec13a
USB-Connection-Firmware/Drivers/CMSIS/Device/ST/STM32F3xx/Include/system_stm32f3xx.h	.h	2384	29eac64446753fc5
USB-Connection-Firmware/Drivers/CMSIS/Device/ST/STM32F3xx/LICENSE.txt	.txt	377	d65cad1327eb8dae
USB-Connection-Firmware/Drivers/CMSIS/Include/cmsis_armcc.h	.h	28208	57b8d88cd03152f6
USB-Connection-Firmware/Drivers/CMSIS/Include/cmsis_armclang.h	.h	56497	da29dbad3cf27f6c
USB-Connection-Firmware/Drivers/CMSIS/Include/cmsis_compiler.h	.h	9014	cd3cbd1c771a5252
USB-Connection-Firmware/Drivers/CMSIS/Include/cmsis_gcc.h	.h	62344	8c16d51f7884a9fc
USB-Connection-Firmware/Drivers/CMSIS/Include/cmsis_iccarm.h	.h	28414	a600765888c69ee6
USB-Connection-Firmware/Drivers/CMSIS/Include/cmsis_version.h	.h	1716	280b9fc8739aefa8
USB-Connection-Firmware/Drivers/CMSIS/Include/core_armv8mbl.h	.h	97995	220d90f3f99126e6
USB-Connection-Firmware/Drivers/CMSIS/Include/core_armv8mml.h	.h	168914	825a8799d71f3fa2
USB-Connection-Firmware/Drivers/CMSIS/Include/core_cm0.h	.h	42208	1beaa04c859225f7
USB-Connection-Firmware/Drivers/CMSIS/Include/core_cm0plus.h	.h	50464	c953256e1c1b1cd6
USB-Connection-Firmware/Drivers/CMSIS/Include/core_cm1.h	.h	43456	460281028a261740
USB-Connection-Firmware/Drivers/CMSIS/Include/core_cm23.h	.h	104628	6303efec943ca0f9
USB-Connection-Firmware/Drivers/CMSIS/Include/core_cm3.h	.h	111854	368296087a925cf7
USB-Connection-Firmware/Drivers/CMSIS/Include/core_cm33.h	.h	175600	7f1b6a76b119e1e1
USB-Connection-Firmware/Drivers/CMSIS/Include/core_cm4.h	.h	123607	738dff259c25e68e
USB-Connection-Firmware/Drivers/CMSIS/Include/core_cm7.h	.h	148588	6b75e3bef1eb81e0
USB-Connection-Firmware/Drivers/CMSIS/Include/core_sc000.h	.h	47249	d1528d13fbf91da6
USB-Connection-Firmware/Drivers/CMSIS/Include/core_sc300.h	.h	110523	fa514ea0cf5327b0
USB-Connection-Firmware/Drivers/CMSIS/Include/mpu_armv7.h	.h	11711	b0b6da4ec744b5f5
USB-Connection-Firmware/Drivers/CMSIS/Include/mpu_armv8.h	.h	10958	8280a1d4d3d25f60
USB-Connection-Firmware/Drivers/CMSIS/Include/tz_context.h	.h	2757	7fcc21fc190f6fd9
USB-Connection-Firmware/Drivers/CMSIS/LICENSE.txt	.txt	11558	e03ba41d7fab2070
USB-Connection-Firmware/Drivers/STM32F3xx_HAL_Driver/Inc/Legacy/stm32_hal_legacy.h	.h	241309	15d4df18dbf6f7a5
USB-Connection-Firmware/Drivers/STM32F3xx_HAL_Driver/Inc/stm32f3xx_hal.h	.h	54997	4a4cf49bd6e1a8c4
USB-Connection-Firmware/Drivers/STM32F3xx_HAL_Driver/Inc/stm32f3xx_hal_adc.h	.h	12129	6d2f2f61bc67acfb
USB-Connection-Firmware/Drivers/STM32F3xx_HAL_Driver/Inc/stm32f3xx_hal_adc_ex.h	.h	260710	6a423d17ce1aa997
USB-Connection-Firmware/Drivers/STM32F3xx_HAL_Driver/Inc/stm32f3xx_hal_cortex.h	.h	17800	f124520b210313c8
USB-Connection-Firmware/Drivers/STM32F3xx_HAL_Driver/Inc/stm32f3xx_hal_def.h	.h	6710	ead710c9a44e63d2
USB-Connection-Firmware/Drivers/STM32F3xx_HAL_Driver/Inc/stm32f3xx_hal_dma.h	.h	18288	050169fad97cb845
USB-Connection-Firmware/Drivers/STM32F3xx_HAL_Driver/Inc/stm32f3xx_hal_dma_ex.h	.h	12577	31a15ee598592914
USB-Connection-Firmware/Drivers/STM32F3xx_HAL_Driver/Inc/stm32f3xx_hal_exti.h	.h	17186	182f07247d4530df
USB-Connection-Firmware/Drivers/STM32F3xx_HAL_Driver/Inc/stm32f3xx_hal_flash.h	.h	11395	675ac889fe77f536
USB-Connection-Firmware/Drivers/STM32F3xx_HAL_Driver/Inc/stm32f3xx_hal_flash_ex.h	.h	20768	af47bede4f0cedfe
USB-Connection-Firmware/Drivers/STM32F3xx_HAL_Driver/Inc/stm32f3xx_hal_gpio.h	.h	14043	f755ff1f36403f54
USB-Connection-Firmware/Drivers/STM32F3xx_HAL_Driver/Inc/stm32f3xx_hal_gpio_ex.h	.h	77671	b168e36176d80cea
USB-Connection-Firmware/Drivers/STM32F3xx_HAL_Driver/Inc/stm32f3xx_hal_i2c.h	.h	39660	6fcb1150df2c62c1
USB-Connection-Firmware/Drivers/STM32F3xx_HAL_Driver/Inc/stm32f3xx_hal_i2c_ex.h	.h	6310	df5afbc3216a255b
USB-Connection-Firmware/Drivers/STM32F3xx_HAL_Driver/Inc/stm32f3xx_hal_pcd.h	.h	35020	a73a03e942a019fe
USB-Connection-Firmware/Drivers/STM32F3xx_HAL_Driver/Inc/stm32f3xx_hal_pcd_ex.h	.h	2242	2eb9bd1f92c3102e
USB-Connection-Firmware/Drivers/STM32F3xx_HAL_Driver/Inc/stm32f3xx_hal_pwr.h	.h	7400	84e0f0040e2d5f93
USB-Connection-Firmware/Drivers/STM32F3xx_HAL_Driver/Inc/stm32f3xx_hal_pwr_ex.h	.h	11670	045a2a2d4bbe9c6f
USB-Connection-Firmware/Drivers/STM32F3xx_HAL_Driver/Inc/stm32f3xx_hal_rcc.h	.h	88635	d811f3df2ba661de
USB-Connection-Firmware/Drivers/STM32F3xx_HAL_Driver/Inc/stm32f3xx_hal_rcc_ex.h	.h	201722	73036b9a82cd2985
USB-Connection-Firmware/Drivers/STM32F3xx_HAL_Driver/Inc/stm32f3xx_hal_tim.h	.h	152663	7e8f4364fc587c1e
USB-Connection-Firmware/Drivers/STM32F3xx_HAL_Driver/Inc/stm32f3xx_hal_tim_ex.h	.h	15723	e3a14488fa98c656
USB-Connection-Firmware/Drivers/STM32F3xx_HAL_Driver/Inc/stm32f3xx_ll_adc.h	.h	671788	f11cded7b6b66f78
USB-Connection-Firmware/Drivers/STM32F3xx_HAL_Driver/Inc/stm32f3xx_ll_bus.h	.h	48884	006925149cac1cfd
USB-Connection-Firmware/Drivers/STM32F3xx_HAL_Driver/Inc/stm32f3xx_ll_cortex.h	.h	24809	409c0c99aabd6a03
USB-Connection-Firmware/Drivers/STM32F3xx_HAL_Driver/Inc/stm32f3xx_ll_dma.h	.h	81336	064a6959baf87fd6
USB-Connection-Firmware/Drivers/STM32F3xx_HAL_Driver/Inc/stm32f3xx_ll_exti.h	.h	52323	02e2f35cb970967a
USB-Connection-Firmware/Drivers/STM32F3xx_HAL_Driver/Inc/stm32f3xx_ll_gpio.h	.h	38087	112db935a7b497a2
USB-Connection-Firmware/Drivers/STM32F3xx_HAL_Driver/Inc/stm32f3xx_ll_i2c.h	.h	86839	3294a3b8c0fcc9e5
USB-Connection-Firmware/Drivers/STM32F3xx_HAL_Driver/Inc/stm32f3xx_ll_pwr.h	.h	17317	dc0e7d06fd61471c
USB-Connection-Firmware/Drivers/STM32F3xx_HAL_Driver/Inc/stm32f3xx_ll_rcc.h	.h	115919	5a904b8920849c09
USB-Connection-Firmware/Drivers/STM32F3xx_HAL_Driver/Inc/stm32f3xx_ll_system.h	.h	86295	e08fb33fb35ae092
USB-Connection-Firmware/Drivers/STM32F3xx_HAL_Driver/Inc/stm32f3xx_ll_tim.h	.h	228158	d4481e651f5504fd
USB-Connection-Firmware/Drivers/STM32F3xx_HAL_Driver/Inc/stm32f3xx_ll_usb.h	.h	9277	f0c1fc79184527a1
USB-Connection-Firmware/Drivers/STM32F3xx_HAL_Driver/Inc/stm32f3xx_ll_utils.h	.h	9229	25c08d1a87d0b426
USB-Connection-Firmware/Drivers/STM32F3xx_HAL_Driver/LICENSE.txt	.txt	383	bdc7b0f98db48462
USB-Connection-Firmware/Drivers/STM32F3xx_HAL_Driver/Src/stm32f3xx_hal.c	.c	16525	2bc9a39029befed8
USB-Connection-Firmware/Drivers/STM32F3xx_HAL_Driver/Src/stm32f3xx_hal_adc.c	.c	50486	3994e0468926ed8b
USB-Connection-Firmware/Drivers/STM32F3xx_HAL_Driver/Src/stm32f3xx_hal_adc_ex.c	.c	324511	800e6420c37f9873
USB-Connection-Firmware/Drivers/STM32F3xx_HAL_Driver/Src/stm32f3xx_hal_cortex.c	.c	21845	8d453d2d6ceeb88e
USB-Connection-Firmware/Drivers/STM32F3xx_HAL_Driver/Src/stm32f3xx_hal_dma.c	.c	27705	fb4f733aa960a323
USB-Connection-Firmware/Drivers/STM32F3xx_HAL_Driver/Src/stm32f3xx_hal_exti.c	.c	18078	6af25e401a439e88
USB-Connection-Firmware/Drivers/STM32F3xx_HAL_Driver/Src/stm32f3xx_hal_flash.c	.c	21332	baf6d2c7bb54aac6
USB-Connection-Firmware/Drivers/STM32F3xx_HAL_Driver/Src/stm32f3xx_hal_flash_ex.c	.c	31579	9c93d2dd6cb83830
USB-Connection-Firmware/Drivers/STM32F3xx_HAL_Driver/Src/stm32f3xx_hal_gpio.c	.c	19289	e567fac54b0179d3
USB-Connection-Firmware/Drivers/STM32F3xx_HAL_Driver/Src/stm32f3xx_hal_i2c.c	.c	252269	3adae569e37361bc
USB-Connection-Firmware/Drivers/STM32F3xx_HAL_Driver/Src/stm32f3xx_hal_i2c_ex.c	.c	11491	d474dc0b1234d0e5
USB-Connection-Firmware/Drivers/STM32F3xx_HAL_Driver/Src/stm32f3xx_hal_pcd.c	.c	55191	b1520f88a60449ad
USB-Connection-Firmware/Drivers/STM32F3xx_HAL_Driver/Src/stm32f3xx_hal_pcd_ex.c	.c	5770	fb530f4af4a75eb6
USB-Connection-Firmware/Drivers/STM32F3xx_HAL_Driver/Src/stm32f3xx_hal_pwr.c	.c	17269	87c992961a12184e
USB-Connection-Firmware/Drivers/STM32F3xx_HAL_Driver/Src/stm32f3xx_hal_pwr_ex.c	.c	8730	a7834a2c86d4590f
USB-Connection-Firmware/Drivers/STM32F3xx_HAL_Driver/Src/stm32f3xx_hal_rcc.c	.c	46097	5a96175ae5fe9fb2
USB-Connection-Firmware/Drivers/STM32F3xx_HAL_Driver/Src/stm32f3xx_hal_rcc_ex.c	.c	63705	e7b983d74338a0c3
USB-Connection-Firmware/Drivers/STM32F3xx_HAL_Driver/Src/stm32f3xx_hal_tim.c	.c	262105	6c6252c10514b823
USB-Connection-Firmware/Drivers/STM32F3xx_HAL_Driver/Src/stm32f3xx_hal_tim_ex.c	.c	89689	fac4f3ab6871a767
USB-Connection-Firmware/Drivers/STM32F3xx_HAL_Driver/Src/stm32f3xx_ll_usb.c	.c	25931	169dcd9384339aba
USB-Connection-Firmware/Middlewares/ST/STM32_USB_Device_Library/Class/CDC/Inc/usbd_cdc.h	.h	5117	2bc428e2226229a2
USB-Connection-Firmware/Middlewares/ST/STM32_USB_Device_Library/Class/CDC/Src/usbd_cdc.c	.c	29877	9bf6b6c49a7faab7
USB-Connection-Firmware/Middlewares/ST/STM32_USB_Device_Library/Core/Inc/usbd_core.h	.h	5178	5df2712273bfd522
USB-Connection-Firmware/Middlewares/ST/STM32_USB_Device_Library/Core/Inc/usbd_ctlreq.h	.h	2286	e0e1fd6d50790b5f
USB-Connection-Firmware/Middlewares/ST/STM32_USB_Device_Library/Core/Inc/usbd_def.h	.h	11741	1fb60258c3705a07
USB-Connection-Firmware/Middlewares/ST/STM32_USB_Device_Library/Core/Inc/usbd_ioreq.h	.h	2764	b3c4df07bf76dd33
USB-Connection-Firmware/Middlewares/ST/STM32_USB_Device_Library/Core/Src/usbd_core.c	.c	13327	9696a4d61c9e05cd
USB-Connection-Firmware/Middlewares/ST/STM32_USB_Device_Library/Core/Src/usbd_ctlreq.c	.c	21638	339046117dd385d4
USB-Connection-Firmware/Middlewares/ST/STM32_USB_Device_Library/Core/Src/usbd_ioreq.c	.c	4822	a89f4e80bb59bcd3
USB-Connection-Firmware/Release/Src/main.cyclo	.cyclo	26	800563c6bb5aeaf3
USB-Connection-Firmware/Release/Src/main.d	.d	26	0dd7c54498b0ad5b
USB-Connection-Firmware/Release/Src/main.o	.o	840	6cc62010207c7867
USB-Connection-Firmware/Release/Src/main.su	.su	33	2ecee03c158a2df4
USB-Connection-Firmware/Release/Src/subdir.mk	.mk	1189	e8e6e31973fd7e37
USB-Connection-Firmware/Release/Src/syscalls.cyclo	.cyclo	604	15a4292c978b0cfd
USB-Connection-Firmware/Release/Src/syscalls.d	.d	34	100caef025431116
USB-Connection-Firmware/Release/Src/syscalls.o	.o	3748	452f6c5ab42e152b
USB-Connection-Firmware/Release/Src/syscalls.su	.su	732	4b075ba1ba11ce5b
USB-Connection-Firmware/Release/Src/sysmem.cyclo	.cyclo	29	017bd9fc797a46c2
USB-Connection-Firmware/Release/Src/sysmem.d	.d	30	1db3049186232587
USB-Connection-Firmware/Release/Src/sysmem.o	.o	1224	16888a460bf760cf
USB-Connection-Firmware/Release/Src/sysmem.su	.su	36	22cff7de74e02dd7
USB-Connection-Firmware/Release/Startup/startup_stm32f303rctx.d	.d	68	e289d364b9c00041
USB-Connection-Firmware/Release/Startup/startup_stm32f303rctx.o	.o	5644	23b77ea973588d63
USB-Connection-Firmware/Release/Startup/subdir.mk	.mk	902	8a30cc8f3cb92a63
USB-Connection-Firmware/Release/USB-Connection-Firmware.elf	.elf	10680	695e4b8ec3562940
USB-Connection-Firmware/Release/USB-Connection-Firmware.list	.list	6464	344414d28b469401
USB-Connection-Firmware/Release/USB-Connection-Firmware.map	.map	86277	ce6639c4ad18c186
USB-Connection-Firmware/Release/makefile		3086	c1cd788518c3b3f4
USB-Connection-Firmware/Release/objects.list	.list	87	631b7f01e7685ba3
USB-Connection-Firmware/Release/objects.mk	.mk	276	072df126a2015259
USB-Connection-Firmware/Release/sources.mk	.mk	562	7cdb6c3094da76d4
USB-Connection-Firmware/STM32CubeIDE/.cproject		27223	4774ef35f1fbfb71
USB-Connection-Firmware/STM32CubeIDE/.osx.project	.project	0	e3b0c44298fc1c14
USB-Connection-Firmware/STM32CubeIDE/.project		7846	63f01398f2df5ed4
USB-Connection-Firmware/STM32CubeIDE/.settings/com.st.stm32cube.ide.mcu.sfrview.prefs	.prefs	113	cda56fc7e48ea925
USB-Connection-Firmware/STM32CubeIDE/.settings/language.settings.xml	.xml	2172	575124c562984e62
USB-Connection-Firmware/STM32CubeIDE/.settings/org.eclipse.core.resources.prefs	.prefs	55	4238e4eafab8309d
USB-Connection-Firmware/STM32CubeIDE/.settings/stm32cubeide.project.prefs	.prefs	162	715b6c570eb9d0ab
USB-Connection-Firmware/STM32CubeIDE/Application/User/Core/syscalls.c	.c	2847	1589f3d61a3625fb
USB-Connection-Firmware/STM32CubeIDE/Application/User/Core/sysmem.c	.c	2726	ae7da85ddcf68727
USB-Connection-Firmware/STM32CubeIDE/Application/User/Startup/startup_stm32f303rctx.s	.s	12140	12988bc3e912377b
USB-Connection-Firmware/STM32CubeIDE/Debug/Application/User/Core/main.cyclo	.cyclo	1814	d2264ed10eb302d4
USB-Connection-Firmware/STM32CubeIDE/Debug/Application/User/Core/main.d	.d	5020	12130d2efb28e3da
USB-Connection-Firmware/STM32CubeIDE/Debug/Application/User/Core/main.o	.o	1034624	9444baa708331484
USB-Connection-Firmware/STM32CubeIDE/Debug/Application/User/Core/main.su	.su	1970	c81d1194484539ed
USB-Connection-Firmware/STM32CubeIDE/Debug/Application/User/Core/stm32f3xx_hal_msp.cyclo	.cyclo	613	a07aa63fd6c5ce62
USB-Connection-Firmware/STM32CubeIDE/Debug/Application/User/Core/stm32f3xx_hal_msp.d	.d	3849	3dcaf6311d31a314
USB-Connection-Firmware/STM32CubeIDE/Debug/Application/User/Core/stm32f3xx_hal_msp.o	.o	979976	33a64eed1a9d2a60
USB-Connection-Firmware/STM32CubeIDE/Debug/Application/User/Core/stm32f3xx_hal_msp.su	.su	653	2a3fa95685a30c0c
USB-Connection-Firmware/STM32CubeIDE/Debug/Application/User/Core/stm32f3xx_it.cyclo	.cyclo	1568	a10b73a6295e41af
USB-Connection-Firmware/STM32CubeIDE/Debug/Application/User/Core/stm32f3xx_it.d	.d	3903	3088b0aae0cc44a1
USB-Connection-Firmware/STM32CubeIDE/Debug/Application/User/Core/stm32f3xx_it.o	.o	977648	cf4d575d40386e22
USB-Connection-Firmware/STM32CubeIDE/Debug/Application/User/Core/stm32f3xx_it.su	.su	1659	cf5f11186380722a
USB-Connection-Firmware/STM32CubeIDE/Debug/Application/User/Core/subdir.mk	.mk	5256	d99f90bddabd0eed
USB-Connection-Firmware/STM32CubeIDE/Debug/Application/User/Core/syscalls.cyclo	.cyclo	928	57b98affc8adf713
USB-Connection-Firmware/STM32CubeIDE/Debug/Application/User/Core/syscalls.d	.d	70	abf0f44e71e4c5bf
USB-Connection-Firmware/STM32CubeIDE/Debug/Application/User/Core/syscalls.o	.o	83728	643e81b87149a984
USB-Connection-Firmware/STM32CubeIDE/Debug/Application/User/Core/syscalls.su	.su	1069	2c9f14a0aee0c25c
USB-Connection-Firmware/STM32CubeIDE/Debug/Application/User/Core/sysmem.cyclo	.cyclo	47	9f7dff945085e809
USB-Connection-Firmware/STM32CubeIDE/Debug/Application/User/Core/sysmem.d	.d	66	9690fcdd47e8faa8
USB-Connection-Firmware/STM32CubeIDE/Debug/Application/User/Core/sysmem.o	.o	56180	e792013cd4c3eba5
USB-Connection-Firmware/STM32CubeIDE/Debug/Application/User/Core/sysmem.su	.su	55	e97abe0338676954
USB-Connection-Firmware/STM32CubeIDE/Debug/Application/User/Startup/startup_stm32f303rctx.d	.d	105	2666a551f8057196
USB-Connection-Firmware/STM32CubeIDE/Debug/Application/User/Startup/startup_stm32f303rctx.o	.o	6760	62f017b806974f0a
USB-Connection-Firmware/STM32CubeIDE/Debug/Application/User/Startup/subdir.mk	.mk	1119	dbb64a141b8ac8f1
USB-Connection-Firmware/STM32CubeIDE/Debug/Application/User/USB_DEVICE/App/subdir.mk	.mk	4259	24047435ec689f58
USB-Connection-Firmware/STM32CubeIDE/Debug/Application/User/USB_DEVICE/App/usb_device.cyclo	.cyclo	124	ba221ae2250cda77
USB-Connection-Firmware/STM32CubeIDE/Debug/Application/User/USB_DEVICE/App/usb_device.d	.d	5640	5aa0c59f7f8f70d2
USB-Connection-Firmware/STM32CubeIDE/Debug/Application/User/USB_DEVICE/App/usb_device.o	.o	1006768	8119f7ac65283fe8
USB-Connection-Firmware/STM32CubeIDE/Debug/Application/User/USB_DEVICE/App/usb_device.su	.su	131	a1d79b1dfe0f84f0
USB-Connection-Firmware/STM32CubeIDE/Debug/Application/User/USB_DEVICE/App/usbd_cdc_if.cyclo	.cyclo	611	d4f5c7643a7c4013
USB-Connection-Firmware/STM32CubeIDE/Debug/Application/User/USB_DEVICE/App/usbd_cdc_if.d	.d	4970	8731ce31ba0b045a
USB-Connection-Firmware/STM32CubeIDE/Debug/Application/User/USB_DEVICE/App/usbd_cdc_if.o	.o	1009484	38f20571a6225cc5
USB-Connection-Firmware/STM32CubeIDE/Debug/Application/User/USB_DEVICE/App/usbd_cdc_if.su	.su	649	443123697fb7c4ab
USB-Connection-Firmware/STM32CubeIDE/Debug/Application/User/USB_DEVICE/App/usbd_desc.cyclo	.cyclo	1184	3e8d726c1c76cb40
USB-Connection-Firmware/STM32CubeIDE/Debug/Application/User/USB_DEVICE/App/usbd_desc.d	.d	4950	7e0239b37a05b1be
USB-Connection-Firmware/STM32CubeIDE/Debug/Application/User/USB_DEVICE/App/usbd_desc.o	.o	1008184	7ea33a95e10ef8ec
USB-Connection-Firmware/STM32CubeIDE/Debug/Application/User/USB_DEVICE/App/usbd_desc.su	.su	1256	df1cd5449b8ece07
USB-Connection-Firmware/STM32CubeIDE/Debug/Application/User/USB_DEVICE/Target/subdir.mk	.mk	1855	0303e86e5ef6c7b3
USB-Connection-Firmware/STM32CubeIDE/Debug/Application/User/USB_DEVICE/Target/usbd_conf.cyclo	.cyclo	4132	e690bfb1f085aec7
USB-Connection-Firmware/STM32CubeIDE/Debug/Application/User/USB_DEVICE/Target/usbd_conf.d	.d	5044	a77dcda718c2b9d2
USB-Connection-Firmware/STM32CubeIDE/Debug/Application/User/USB_DEVICE/Target/usbd_conf.o	.o	1030608	9fbe0e351ee10f6f
USB-Connection-Firmware/STM32CubeIDE/Debug/Application/User/USB_DEVICE/Target/usbd_conf.su	.su	4388	d8e7709359099080
USB-Connection-Firmware/STM32CubeIDE/Debug/Drivers/CMSIS/subdir.mk	.mk	1651	2c4ffe2a1f55f63a
USB-Connection-Firmware/STM32CubeIDE/Debug/Drivers/CMSIS/system_stm32f3xx.cyclo	.cyclo	245	fafc7ae40e0ced14
USB-Connection-Firmware/STM32CubeIDE/Debug/Drivers/CMSIS/system_stm32f3xx.d	.d	3791	3936e51f459c5235
USB-Connection-Firmware/STM32CubeIDE/Debug/Drivers/CMSIS/system_stm32f3xx.o	.o	971392	7eb938ed57c81bea
USB-Connection-Firmware/STM32CubeIDE/Debug/Drivers/CMSIS/system_stm32f3xx.su	.su	260	9a38990aa23f8e00
USB-Connection-Firmware/STM32CubeIDE/Debug/Drivers/STM32F3xx_HAL_Driver/stm32f3xx_hal.cyclo	.cyclo	3634	3c5e920a04edae0e
USB-Connection-Firmware/STM32CubeIDE/Debug/Drivers/STM32F3xx_HAL_Driver/stm32f3xx_hal.d	.d	3824	0948fd3f073d80ce
USB-Connection-Firmware/STM32CubeIDE/Debug/Drivers/STM32F3xx_HAL_Driver/stm32f3xx_hal.o	.o	982948	670060c9a0147fa4
USB-Connection-Firmware/STM32CubeIDE/Debug/Drivers/STM32F3xx_HAL_Driver/stm32f3xx_hal.su	.su	3812	d6d854e7e729473b
USB-Connection-Firmware/STM32CubeIDE/Debug/Drivers/STM32F3xx_HAL_Driver/stm32f3xx_hal_adc.cyclo	.cyclo	3340	3d916d1d718f8a42
USB-Connection-Firmware/STM32CubeIDE/Debug/Drivers/STM32F3xx_HAL_Driver/stm32f3xx_hal_adc.d	.d	3832	97d786753096e7c6
USB-Connection-Firmware/STM32CubeIDE/Debug/Drivers/STM32F3xx_HAL_Driver/stm32f3xx_hal_adc.o	.o	980696	21f43c9e7d75b411
USB-Connection-Firmware/STM32CubeIDE/Debug/Drivers/STM32F3xx_HAL_Driver/stm32f3xx_hal_adc.su	.su	3516	9f92f4da160b4869
USB-Connection-Firmware/STM32CubeIDE/Debug/Drivers/STM32F3xx_HAL_Driver/stm32f3xx_hal_adc_ex.cyclo	.cyclo	6729	90589ef607cd27c2
USB-Connection-Firmware/STM32CubeIDE/Debug/Drivers/STM32F3xx_HAL_Driver/stm32f3xx_hal_adc_ex.d	.d	3838	a2a89fd707ba0bfe
USB-Connection-Firmware/STM32CubeIDE/Debug/Drivers/STM32F3xx_HAL_Driver/stm32f3xx_hal_adc_ex.o	.o	1017700	be22e9dc5d16cb4f
USB-Connection-Firmware/STM32CubeIDE/Debug/Drivers/STM32F3xx_HAL_Driver/stm32f3xx_hal_adc_ex.su	.su	7054	7bc94528f8d4cc4f
USB-Connection-Firmware/STM32CubeIDE/Debug/Drivers/STM32F3xx_HAL_Driver/stm32f3xx_hal_cortex.cyclo	.cyclo	4090	daef3c4b4ff4de56
USB-Connection-Firmware/STM32CubeIDE/Debug/Drivers/STM32F3xx_HAL_Driver/stm32f3xx_hal_cortex.d	.d	3838	fc4dc015f63df33b
USB-Connection-Firmware/STM32CubeIDE/Debug/Drivers/STM32F3xx_HAL_Driver/stm32f3xx_hal_cortex.o	.o	988700	8f28b8f4930c6a57
USB-Connection-Firmware/STM32CubeIDE/Debug/Drivers/STM32F3xx_HAL_Driver/stm32f3xx_hal_cortex.su	.su	4395	2e27ec9297f65026
USB-Connection-Firmware/STM32CubeIDE/Debug/Drivers/STM32F3xx_HAL_Driver/stm32f3xx_hal_dma.cyclo	.cyclo	2106	dbe7157028b70be8
USB-Connection-Firmware/STM32CubeIDE/Debug/Drivers/STM32F3xx_HAL_Driver/stm32f3xx_hal_dma.d	.d	3832	1b272f48bb2df34b
USB-Connection-Firmware/STM32CubeIDE/Debug/Drivers/STM32F3xx_HAL_Driver/stm32f3xx_hal_dma.o	.o	979660	78aaf9933504235a
USB-Connection-Firmware/STM32CubeIDE/Debug/Drivers/STM32F3xx_HAL_Driver/stm32f3xx_hal_dma.su	.su	2216	4eca8af06f57e45b
USB-Connection-Firmware/STM32CubeIDE/Debug/Drivers/STM32F3xx_HAL_Driver/stm32f3xx_hal_exti.cyclo	.cyclo	1393	37ff255b6f1eb079
USB-Connection-Firmware/STM32CubeIDE/Debug/Drivers/STM32F3xx_HAL_Driver/stm32f3xx_hal_exti.d	.d	3834	2e02c175a06f1a03
USB-Connection-Firmware/STM32CubeIDE/Debug/Drivers/STM32F3xx_HAL_Driver/stm32f3xx_hal_exti.o	.o	976088	2055e05785dfa9b3
USB-Connection-Firmware/STM32CubeIDE/Debug/Drivers/STM32F3xx_HAL_Driver/stm32f3xx_hal_exti.su	.su	1465	878050d6bdf7c936
USB-Connection-Firmware/STM32CubeIDE/Debug/Drivers/STM32F3xx_HAL_Driver/stm32f3xx_hal_flash.cyclo	.cyclo	2180	a90ef1370726c7db
USB-Connection-Firmware/STM32CubeIDE/Debug/Drivers/STM32F3xx_HAL_Driver/stm32f3xx_hal_flash.d	.d	3836	1882b436918dedc5
USB-Connection-Firmware/STM32CubeIDE/Debug/Drivers/STM32F3xx_HAL_Driver/stm32f3xx_hal_flash.o	.o	977884	7a323f4c6cf3b51e
USB-Connection-Firmware/STM32CubeIDE/Debug/Drivers/STM32F3xx_HAL_Driver/stm32f3xx_hal_flash.su	.su	2286	f58831a4f8e1363c
USB-Connection-Firmware/STM32CubeIDE/Debug/Drivers/STM32F3xx_HAL_Driver/stm32f3xx_hal_flash_ex.cyclo	.cyclo	2510	8bdacd14d156d183
USB-Connection-Firmware/STM32CubeIDE/Debug/Drivers/STM32F3xx_HAL_Driver/stm32f3xx_hal_flash_ex.d	.d	3842	5041884b408e140f
USB-Connection-Firmware/STM32CubeIDE/Debug/Drivers/STM32F3xx_HAL_Driver/stm32f3xx_hal_flash_ex.o	.o	981492	685779d2f756776f
USB-Connection-Firmware/STM32CubeIDE/Debug/Drivers/STM32F3xx_HAL_Driver/stm32f3xx_hal_flash_ex.su	.su	2673	a4dccd03e26cc902
USB-Connection-Firmware/STM32CubeIDE/Debug/Drivers/STM32F3xx_HAL_Driver/stm32f3xx_hal_gpio.cyclo	.cyclo	1209	af135d1f010091b0
USB-Connection-Firmware/STM32CubeIDE/Debug/Drivers/STM32F3xx_HAL_Driver/stm32f3xx_hal_gpio.d	.d	3834	2e86a205702daa85
USB-Connection-Firmware/STM32CubeIDE/Debug/Drivers/STM32F3xx_HAL_Driver/stm32f3xx_hal_gpio.o	.o	975920	9873d7700061f496
USB-Connection-Firmware/STM32CubeIDE/Debug/Drivers/STM32F3xx_HAL_Driver/stm32f3xx_hal_gpio.su	.su	1272	9026acf9b1885719
USB-Connection-Firmware/STM32CubeIDE/Debug/Drivers/STM32F3xx_HAL_Driver/stm32f3xx_hal_i2c.cyclo	.cyclo	12621	e34bae8e486730ad
USB-Connection-Firmware/STM32CubeIDE/Debug/Drivers/STM32F3xx_HAL_Driver/stm32f3xx_hal_i2c.d	.d	3832	e24dedf69913e7a2
USB-Connection-Firmware/STM32CubeIDE/Debug/Drivers/STM32F3xx_HAL_Driver/stm32f3xx_hal_i2c.o	.o	1046464	080251ebf6d27d7b
USB-Connection-Firmware/STM32CubeIDE/Debug/Drivers/STM32F3xx_HAL_Driver/stm32f3xx_hal_i2c.su	.su	13241	eda21dd1388c2d58
USB-Connection-Firmware/STM32CubeIDE/Debug/Drivers/STM32F3xx_HAL_Driver/stm32f3xx_hal_i2c_ex.cyclo	.cyclo	972	1a953f98e6b4cc01
USB-Connection-Firmware/STM32CubeIDE/Debug/Drivers/STM32F3xx_HAL_Driver/stm32f3xx_hal_i2c_ex.d	.d	3838	e021b8cab7fb2a42
USB-Connection-Firmware/STM32CubeIDE/Debug/Drivers/STM32F3xx_HAL_Driver/stm32f3xx_hal_i2c_ex.o	.o	975864	26331e13405f5005
USB-Connection-Firmware/STM32CubeIDE/Debug/Drivers/STM32F3xx_HAL_Driver/stm32f3xx_hal_i2c_ex.su	.su	1020	d2ef958479e153b4
USB-Connection-Firmware/STM32CubeIDE/Debug/Drivers/STM32F3xx_HAL_Driver/stm32f3xx_hal_pcd.cyclo	.cyclo	5702	4c41de2b8d905825
USB-Connection-Firmware/STM32CubeIDE/Debug/Drivers/STM32F3xx_HAL_Driver/stm32f3xx_hal_pcd.d	.d	3832	7f185cc97ecc6401
USB-Connection-Firmware/STM32CubeIDE/Debug/Drivers/STM32F3xx_HAL_Driver/stm32f3xx_hal_pcd.o	.o	1000744	d382b3d05a186dee
USB-Connection-Firmware/STM32CubeIDE/Debug/Drivers/STM32F3xx_HAL_Driver/stm32f3xx_hal_pcd.su	.su	5996	8f629299d400d375
USB-Connection-Firmware/STM32CubeIDE/Debug/Drivers/STM32F3xx_HAL_Driver/stm32f3xx_hal_pcd_ex.cyclo	.cyclo	634	f0f267c7ff37ce49
USB-Connection-Firmware/STM32CubeIDE/Debug/Drivers/STM32F3xx_HAL_Driver/stm32f3xx_hal_pcd_ex.d	.d	3838	1ba187c5bfa87498
USB-Connection-Firmware/STM32CubeIDE/Debug/Drivers/STM32F3xx_HAL_Driver/stm32f3xx_hal_pcd_ex.o	.o	973728	ae5271a7a2e6759b
USB-Connection-Firmware/STM32CubeIDE/Debug/Drivers/STM32F3xx_HAL_Driver/stm32f3xx_hal_pcd_ex.su	.su	666	bf56041b40c767e3
USB-Connection-Firmware/STM32CubeIDE/Debug/Drivers/STM32F3xx_HAL_Driver/stm32f3xx_hal_pwr.cyclo	.cyclo	1856	e712203a9d2fd45e
USB-Connection-Firmware/STM32CubeIDE/Debug/Drivers/STM32F3xx_HAL_Driver/stm32f3xx_hal_pwr.d	.d	3832	986c9912c32bb4c4
USB-Connection-Firmware/STM32CubeIDE/Debug/Drivers/STM32F3xx_HAL_Driver/stm32f3xx_hal_pwr.o	.o	974516	17b9adb5161014fc
USB-Connection-Firmware/STM32CubeIDE/Debug/Drivers/STM32F3xx_HAL_Driver/stm32f3xx_hal_pwr.su	.su	2004	5008e5281caf0e79
USB-Connection-Firmware/STM32CubeIDE/Debug/Drivers/STM32F3xx_HAL_Driver/stm32f3xx_hal_pwr_ex.cyclo	.cyclo	769	a6b4a2907fa8e208
USB-Connection-Firmware/STM32CubeIDE/Debug/Drivers/STM32F3xx_HAL_Driver/stm32f3xx_hal_pwr_ex.d	.d	3838	3a892fd8b3efa8cd
USB-Connection-Firmware/STM32CubeIDE/Debug/Drivers/STM32F3xx_HAL_Driver/stm32f3xx_hal_pwr_ex.o	.o	971336	1f5914b6afb97319
USB-Connection-Firmware/STM32CubeIDE/Debug/Drivers/STM32F3xx_HAL_Driver/stm32f3xx_hal_pwr_ex.su	.su	805	84229e4654114f70
USB-Connection-Firmware/STM32CubeIDE/Debug/Drivers/STM32F3xx_HAL_Driver/stm32f3xx_hal_rcc.cyclo	.cyclo	2132	0a897fc76a1075b6
USB-Connection-Firmware/STM32CubeIDE/Debug/Drivers/STM32F3xx_HAL_Driver/stm32f3xx_hal_rcc.d	.d	3832	232ba6ac4be1f281
USB-Connection-Firmware/STM32CubeIDE/Debug/Drivers/STM32F3xx_HAL_Driver/stm32f3xx_hal_rcc.o	.o	991952	9c5bf4c70c9aadee
USB-Connection-Firmware/STM32CubeIDE/Debug/Drivers/STM32F3xx_HAL_Driver/stm32f3xx_hal_rcc.su	.su	2381	b6c71aa34d7268e0
USB-Connection-Firmware/STM32CubeIDE/Debug/Drivers/STM32F3xx_HAL_Driver/stm32f3xx_hal_rcc_ex.cyclo	.cyclo	642	5fd8321fa3c04084
USB-Connection-Firmware/STM32CubeIDE/Debug/Drivers/STM32F3xx_HAL_Driver/stm32f3xx_hal_rcc_ex.d	.d	3838	f4aca2f3bc0070fc
USB-Connection-Firmware/STM32CubeIDE/Debug/Drivers/STM32F3xx_HAL_Driver/stm32f3xx_hal_rcc_ex.o	.o	978048	8753434e8c9a7ac1
USB-Connection-Firmware/STM32CubeIDE/Debug/Drivers/STM32F3xx_HAL_Driver/stm32f3xx_hal_rcc_ex.su	.su	692	8e5d64024a2f3f18
USB-Connection-Firmware/STM32CubeIDE/Debug/Drivers/STM32F3xx_HAL_Driver/stm32f3xx_ll_usb.cyclo	.cyclo	3267	38180302a446d24a
USB-Connection-Firmware/STM32CubeIDE/Debug/Drivers/STM32F3xx_HAL_Driver/stm32f3xx_ll_usb.d	.d	3830	549e4184544ef323
USB-Connection-Firmware/STM32CubeIDE/Debug/Drivers/STM32F3xx_HAL_Driver/stm32f3xx_ll_usb.o	.o	996780	d491cdcefa3c551d
USB-Connection-Firmware/STM32CubeIDE/Debug/Drivers/STM32F3xx_HAL_Driver/stm32f3xx_ll_usb.su	.su	3442	987200e760c8b552
USB-Connection-Firmware/STM32CubeIDE/Debug/Drivers/STM32F3xx_HAL_Driver/subdir.mk	.mk	24035	09090e8b6fc4cc41
USB-Connection-Firmware/STM32CubeIDE/Debug/Middlewares/USB_Device_Library/subdir.mk	.mk	5687	876332ed9c90bad3
USB-Connection-Firmware/STM32CubeIDE/Debug/Middlewares/USB_Device_Library/usbd_cdc.cyclo	.cyclo	2488	b22c96c178b92df5
USB-Connection-Firmware/STM32CubeIDE/Debug/Middlewares/USB_Device_Library/usbd_cdc.d	.d	4942	63d17ef382c1bac1
USB-Connection-Firmware/STM32CubeIDE/Debug/Middlewares/USB_Device_Library/usbd_cdc.o	.o	1018892	e262f68bc5b391e3
USB-Connection-Firmware/STM32CubeIDE/Debug/Middlewares/USB_Device_Library/usbd_cdc.su	.su	2607	e5892e76d24b7ec5
USB-Connection-Firmware/STM32CubeIDE/Debug/Middlewares/USB_Device_Library/usbd_core.cyclo	.cyclo	3148	15ca12fc31ed5316
USB-Connection-Firmware/STM32CubeIDE/Debug/Middlewares/USB_Device_Library/usbd_core.d	.d	4649	c3b6e8246e43615f
USB-Connection-Firmware/STM32CubeIDE/Debug/Middlewares/USB_Device_Library/usbd_core.o	.o	1014136	c101c04b12e8d3e0
USB-Connection-Firmware/STM32CubeIDE/Debug/Middlewares/USB_Device_Library/usbd_core.su	.su	3306	0f51a9dcd50edadd
USB-Connection-Firmware/STM32CubeIDE/Debug/Middlewares/USB_Device_Library/usbd_ctlreq.cyclo	.cyclo	2208	c185702dc07137dc
USB-Connection-Firmware/STM32CubeIDE/Debug/Middlewares/USB_Device_Library/usbd_ctlreq.d	.d	4797	d7291c1e76d91ef0
USB-Connection-Firmware/STM32CubeIDE/Debug/Middlewares/USB_Device_Library/usbd_ctlreq.o	.o	1014728	dc767f089dd0e0e6
USB-Connection-Firmware/STM32CubeIDE/Debug/Middlewares/USB_Device_Library/usbd_ctlreq.su	.su	2317	6cca4f7c237d106d
USB-Connection-Firmware/STM32CubeIDE/Debug/Middlewares/USB_Device_Library/usbd_ioreq.cyclo	.cyclo	1122	b95ed88f11b8c7c7
USB-Connection-Firmware/STM32CubeIDE/Debug/Middlewares/USB_Device_Library/usbd_ioreq.d	.d	4653	bfc2d2b5d47e42eb
USB-Connection-Firmware/STM32CubeIDE/Debug/Middlewares/USB_Device_Library/usbd_ioreq.o	.o	1006616	76d1e31a8b989285
USB-Connection-Firmware/STM32CubeIDE/Debug/Middlewares/USB_Device_Library/usbd_ioreq.su	.su	1178	2b12c90b65d99404
USB-Connection-Firmware/STM32CubeIDE/Debug/USB-Connection-Firmware.elf	.elf	1225248	799533dc937756af
USB-Connection-Firmware/STM32CubeIDE/Debug/USB-Connection-Firmware.list	.list	1287316	6ddadd06d7377e62
USB-Connection-Firmware/STM32CubeIDE/Debug/USB-Connection-Firmware.map	.map	593404	616df17d6b4c3b39
USB-Connection-Firmware/STM32CubeIDE/Debug/makefile		3400	ce39ef651618f671
USB-Connection-Firmware/STM32CubeIDE/Debug/objects.list	.list	1646	bcdb57fb1e8a0b72
USB-Connection-Firmware/STM32CubeIDE/Debug/objects.mk	.mk	276	072df126a2015259
USB-Connection-Firmware/STM32CubeIDE/Debug/sources.mk	.mk	748	65e2e59c724dd42b
USB-Connection-Firmware/STM32CubeIDE/STM32F303RCTX_FLASH.ld	.ld	5868	bb2a3bb31dfa50b3
USB-Connection-Firmware/STM32CubeIDE/USB-Connection-Firmware.ioc	.ioc	13870	d47da3fae56180c3
USB-Connection-Firmware/STM32CubeIDE/USB-Connection-Firmware.launch	.launch	9852	e9aa6b342e971376
USB-Connection-Firmware/STM32F303RCTX_FLASH.ld	.ld	5868	96e7e573275c3fdf
USB-Connection-Firmware/Senior-Design-BMS-Schematics (1).pdf	.pdf	1476741	175a93f5c62b8a8c
USB-Connection-Firmware/Src/main.c	.c	903	c6caf2630a165245
USB-Connection-Firmware/Src/syscalls.c	.c	2847	1589f3d61a3625fb
USB-Connection-Firmware/Src/sysmem.c	.c	2726	ae7da85ddcf68727
USB-Connection-Firmware/Startup/startup_stm32f303rctx.s	.s	21442	7cf82fcb313aa45a
USB-Connection-Firmware/USB-Connection-Firmware.ioc	.ioc	14932	254c47816e78ad12
USB-Connection-Firmware/USB-Connection-Firmware.pdf	.pdf	254442	9a65856eb40b23a7
USB-Connection-Firmware/USB-Connection-Firmware.txt	.txt	3167	df19ca67dc77d8f3
USB-Connection-Firmware/USB_DEVICE/App/usb_device.c	.c	2677	6bc7d485fe5c2897
USB-Connection-Firmware/USB_DEVICE/App/usb_device.h	.h	2336	e0a7cf203a02f058
USB-Connection-Firmware/USB_DEVICE/App/usbd_cdc_if.c	.c	9424	b4e5bf71be969c47
USB-Connection-Firmware/USB_DEVICE/App/usbd_cdc_if.h	.h	2775	d45aedfed245c9ef
USB-Connection-Firmware/USB_DEVICE/App/usbd_desc.c	.c	10641	f489492589fe4fbc
USB-Connection-Firmware/USB_DEVICE/App/usbd_desc.h	.h	2977	1e47de8ed0f3d14a
USB-Connection-Firmware/USB_DEVICE/Target/usbd_conf.c	.c	20154	e3c11e390f546646
USB-Connection-Firmware/USB_DEVICE/Target/usbd_conf.h	.h	4031	119d0442b430ba60
Weekly Reports/.DS_Store		12292	897abb372f612480
Weekly Reports/Feburary 15th 2026/2026-02-15_21-16-33.png	.png	359346	b36cc63cf9a7f9b0
Weekly Reports/Feburary 15th 2026/BMS_GUI.png	.png	930564	8b3e3685b3c32f36
Weekly Reports/Feburary 15th 2026/BMS_enclosure.png	.png	21992161	fbdecf4b86ca7607
Weekly Reports/Feburary 15th 2026/Battery_Pack.png	.png	12670004	11e3e88a076083bf
Weekly Reports/Feburary 15th 2026/Kaushik Vada - Feb 15th Snr.Design Review.out	.out	1880	2f26c786bbf5ecf7
Weekly Reports/Feburary 15th 2026/Kaushik Vada - Feb 15th Snr.Design Review.pdf	.pdf	54477132	353a1ffb93fc26cb
Weekly Reports/Feburary 15th 2026/Kaushik Vada - Feb 15th Snr.Design Review.tex	.tex	5776	5efd99e7ce539658
Weekly Reports/Feburary 15th 2026/bms_block_diagram.png	.png	354076	718ffe6acd533819
Weekly Reports/Feburary 15th 2026/bms_enclosure_render.png	.png	1062240	b970d85327629eee
Weekly Reports/Feburary 15th 2026/firmware.png	.png	2599434	c775f62b13a02582
Weekly Reports/Feburary 1st 2026/BMS_enclosure.png	.png	21992161	fbdecf4b86ca7607
Weekly Reports/Feburary 1st 2026/Battery_Pack.png	.png	12670004	11e3e88a076083bf
Weekly Reports/Feburary 1st 2026/Kaushik Vada - Feb 1st Snr.Design Review.out	.out	1223	f50e95495c4d5803
Weekly Reports/Feburary 1st 2026/Kaushik Vada - Feb 1st Snr.Design Review.pdf	.pdf	51990295	ac6b7b809bae1590
Weekly Reports/Feburary 1st 2026/Kaushik Vada - Feb 1st Snr.Design Review.tex	.tex	3000	0043cedefcb89331
Weekly Reports/Feburary 1st 2026/bms_block_diagram.png	.png	354076	718ffe6acd533819
Weekly Reports/Feburary 1st 2026/bms_enclosure_render.png	.png	1062240	b970d85327629eee
Weekly Reports/Feburary 1st 2026/firmware.png	.png	2599434	c775f62b13a02582
Weekly Reports/Feburary 22nd 2026/BMS_GUI.png	.png	930564	8b3e3685b3c32f36
Weekly Reports/Feburary 22nd 2026/BMS_enclosure.png	.png	21992161	fbdecf4b86ca7607
Weekly Reports/Feburary 22nd 2026/Battery_Pack.png	.png	12670004	11e3e88a076083bf
Weekly Reports/Feburary 22nd 2026/Kaushik Vada - Feb 22nd Snr.Design Review.pdf	.pdf	54245306	52cde4a80b07d0c4
Weekly Reports/Feburary 22nd 2026/Kaushik Vada - Feb 22nd Snr.Design Review.tex	.tex	6477	a96054d8a9490feb
Weekly Reports/Feburary 22nd 2026/bms_block_diagram.png	.png	354076	718ffe6acd533819
Weekly Reports/Feburary 22nd 2026/bms_enclosure_render.png	.png	1062240	b970d85327629eee
Weekly Reports/Feburary 22nd 2026/firmware.png	.png	2599434	c775f62b13a02582
Weekly Reports/Feburary 8th 2026/BMS_GUI.png	.png	930564	8b3e3685b3c32f36
Weekly Reports/Feburary 8th 2026/BMS_enclosure.png	.png	21992161	fbdecf4b86ca7607
Weekly Reports/Feburary 8th 2026/Battery_Pack.png	.png	12670004	11e3e88a076083bf
Weekly Reports/Feburary 8th 2026/Kaushik Vada - Feb 8th Snr.Design Review.out	.out	1442	0f39494f6d2f180b
Weekly Reports/Feburary 8th 2026/Kaushik Vada - Feb 8th Snr.Design Review.pdf	.pdf	52425047	6508805fbc787673
Weekly Reports/Feburary 8th 2026/Kaushik Vada - Feb 8th Snr.Design Review.tex	.tex	3811	6f863e5b99fbf888
Weekly Reports/Feburary 8th 2026/bms_block_diagram.png	.png	354076	718ffe6acd533819
Weekly Reports/Feburary 8th 2026/bms_enclosure_render.png	.png	1062240	b970d85327629eee
Weekly Reports/Feburary 8th 2026/firmware.png	.png	2599434	c775f62b13a02582
Weekly Reports/January 25th 2026/BMS_enclosure.png	.png	21992161	fbdecf4b86ca7607
Weekly Reports/January 25th 2026/Battery_Pack.png	.png	12670004	11e3e88a076083bf
Weekly Reports/January 25th 2026/Kaushik Vada - Jan 26 Snr.Design Review.out	.out	1223	f50e95495c4d5803
Weekly Reports/January 25th 2026/Kaushik Vada - Jan 26 Snr.Design Review.pdf	.pdf	51990814	5ffa64f9df281eb1
Weekly Reports/January 25th 2026/Kaushik Vada - Jan 26 Snr.Design Review.tex	.tex	2930	18e1ccdd10c4c15e
Weekly Reports/January 25th 2026/bms_block_diagram.png	.png	354076	718ffe6acd533819
Weekly Reports/January 25th 2026/bms_enclosure_render.png	.png	1062240	b970d85327629eee
Weekly Reports/January 25th 2026/review.out	.out	1223	f50e95495c4d5803
Weekly Reports/January 25th 2026/wpr_format.pdf	.pdf	29135	a48de19bc864d903
Weekly Reports/October 25th 2025/bms_block_diagram.png	.png	354076	718ffe6acd533819
Weekly Reports/October 25th 2025/bms_enclosure_render.png	.png	1062240	b970d85327629eee
Weekly Reports/October 25th 2025/review.pdf	.pdf	969115	a13671677dabd6b7
Weekly Reports/October 25th 2025/review.synctex.gz	.gz	6720	d380f7895b187113
Weekly Reports/October 25th 2025/review.tex	.tex	2482	2c0704fe442fc8f6
Weekly Reports/October 25th 2025/wpr_format.pdf	.pdf	29135	a48de19bc864d903
[FIRMWARE] USB-Connection-Firmware 		912	56c3598e840c7f4c
