<?xml version="1.0" encoding="UTF-8"?>
<gpx version="1.1" creator="Apple Health Export" xmlns="http://www.topografix.com/GPX/1/1" xmlns:xsi="http://www.w3.org/2001/XMLSchema-instance" xsi:schemaLocation="http://www.topografix.com/GPX/1/1 http://www.topografix.com/GPX/1/1/gpx.xsd">
  <metadata>
    <time>2026-01-11T07:57:33Z</time>
  </metadata>
  <trk>
    <name>Route 2024-09-27 11:32am</name>
    <trkseg>
      <trkpt lon="-117.327446" lat="33.975838"><ele>0.000000</ele><time>2024-09-27T17:51:35Z</time><extensions><speed>0.803939</speed><course>77.597795</course><hAcc>5.103175</hAcc><vAcc>-1.000000</vAcc></extensions></trkpt>
      <trkpt lon="-117.327438" lat="33.975839"><ele>0.000000</ele><time>2024-09-27T17:51:36Z</time><extensions><speed>0.715485</speed><course>79.260603</course><hAcc>4.249210</hAcc><vAcc>-1.000000</vAcc></extensions></trkpt>
      <trkpt lon="-117.327431" lat="33.975840"><ele>0.000000</ele><time>2024-09-27T17:51:37Z</time><extensions><speed>0.575191</speed><course>83.063760</course><hAcc>3.777657</hAcc><vAcc>-1.000000</vAcc></extensions></trkpt>
      <trkpt lon="-117.327426" lat="33.975841"><ele>0.000000</ele><time>2024-09-27T17:51:38Z</time><extensions><speed>0.386637</speed><course>87.396923</course><hAcc>3.582195</hAcc><vAcc>-1.000000</vAcc></extensions></trkpt>
      <trkpt lon="-117.327424" lat="33.975840"><ele>0.000000</ele><time>2024-09-27T17:51:39Z</time><extensions><speed>0.106096</speed><course>108.607142</course><hAcc>3.547065</hAcc><vAcc>-1.000000</vAcc></extensions></trkpt>
      <trkpt lon="-117.327424" lat="33.975840"><ele>0.000000</ele><time>2024-09-27T17:51:40Z</time><extensions><speed>0.104423</speed><course>228.143073</course><hAcc>3.599734</hAcc><vAcc>-1.000000</vAcc></extensions></trkpt>
      <trkpt lon="-117.327425" lat="33.975839"><ele>0.000000</ele><time>2024-09-27T17:51:41Z</time><extensions><speed>0.157225</speed><course>232.297774</course><hAcc>3.691804</hAcc><vAcc>-1.000000</vAcc></extensions></trkpt>
      <trkpt lon="-117.327426" lat="33.975838"><ele>0.000000</ele><time>2024-09-27T17:51:42Z</time><extensions><speed>0.130451</speed><course>208.505686</course><hAcc>3.797108</hAcc><vAcc>-1.000000</vAcc></extensions></trkpt>
      <trkpt lon="-117.327426" lat="33.975837"><ele>0.000000</ele><time>2024-09-27T17:51:43Z</time><extensions><speed>0.161699</speed><course>141.428333</course><hAcc>3.903815</hAcc><vAcc>-1.000000</vAcc></extensions></trkpt>
      <trkpt lon="-117.327425" lat="33.975836"><ele>0.000000</ele><time>2024-09-27T17:51:44Z</time><extensions><speed>0.247702</speed><course>122.675462</course><hAcc>4.007106</hAcc><vAcc>-1.000000</vAcc></extensions></trkpt>
      <trkpt lon="-117.327423" lat="33.975834"><ele>0.000000</ele><time>2024-09-27T17:51:45Z</time><extensions><speed>0.318509</speed><course>115.690805</course><hAcc>4.105318</hAcc><vAcc>-1.000000</vAcc></extensions></trkpt>
      <trkpt lon="-117.327420" lat="33.975833"><ele>0.000000</ele><time>2024-09-27T17:51:46Z</time><extensions><speed>0.367097</speed><course>112.583228</course><hAcc>4.198117</hAcc><vAcc>-1.000000</vAcc></extensions></trkpt>
      <trkpt lon="-117.327416" lat="33.975832"><ele>0.000000</ele><time>2024-09-27T17:51:47Z</time><extensions><speed>0.395834</speed><course>111.233844</course><hAcc>4.285864</hAcc><vAcc>-1.000000</vAcc></extensions></trkpt>
      <trkpt lon="-117.327413" lat="33.975830"><ele>0.000000</ele><time>2024-09-27T17:51:47Z</time><extensions><speed>0.404182</speed><course>111.188183</course><hAcc>4.368930</hAcc><vAcc>-1.000000</vAcc></extensions></trkpt>
      <trkpt lon="-117.327409" lat="33.975829"><ele>0.000000</ele><time>2024-09-27T17:51:48Z</time><extensions><speed>0.411161</speed><course>111.357220</course><hAcc>4.447572</hAcc><vAcc>-1.000000</vAcc></extensions></trkpt>
      <trkpt lon="-117.327405" lat="33.975827"><ele>0.000000</ele><time>2024-09-27T17:51:49Z</time><extensions><speed>0.442283</speed><course>110.492994</course><hAcc>4.521740</hAcc><vAcc>-1.000000</vAcc></extensions></trkpt>
      <trkpt lon="-117.327401" lat="33.975826"><ele>0.000000</ele><time>2024-09-27T17:51:50Z</time><extensions><speed>0.470877</speed><course>110.002195</course><hAcc>4.591231</hAcc><vAcc>-1.000000</vAcc></extensions></trkpt>
      <trkpt lon="-117.327397" lat="33.975824"><ele>0.000000</ele><time>2024-09-27T17:51:51Z</time><extensions><speed>0.520411</speed><course>108.906911</course><hAcc>4.655881</hAcc><vAcc>-1.000000</vAcc></extensions></trkpt>
      <trkpt lon="-117.327392" lat="33.975822"><ele>0.000000</ele><time>2024-09-27T17:51:52Z</time><extensions><speed>0.589449</speed><course>107.474384</course><hAcc>4.715763</hAcc><vAcc>-1.000000</vAcc></extensions></trkpt>
      <trkpt lon="-117.327385" lat="33.975820"><ele>0.000000</ele><time>2024-09-27T17:51:53Z</time><extensions><speed>0.687481</speed><course>105.633282</course><hAcc>4.771181</hAcc><vAcc>-1.000000</vAcc></extensions></trkpt>
      <trkpt lon="-117.327379" lat="33.975818"><ele>0.000000</ele><time>2024-09-27T17:51:54Z</time><extensions><speed>0.739721</speed><course>105.104068</course><hAcc>4.822658</hAcc><vAcc>-1.000000</vAcc></extensions></trkpt>
      <trkpt lon="-117.327371" lat="33.975817"><ele>0.000000</ele><time>2024-09-27T17:51:55Z</time><extensions><speed>0.787235</speed><course>104.670961</course><hAcc>4.871310</hAcc><vAcc>-1.000000</vAcc></extensions></trkpt>
      <trkpt lon="-117.327364" lat="33.975814"><ele>0.000000</ele><time>2024-09-27T17:51:56Z</time><extensions><speed>0.811510</speed><course>104.588343</course><hAcc>4.915646</hAcc><vAcc>-1.000000</vAcc></extensions></trkpt>
      <trkpt lon="-117.327356" lat="33.975812"><ele>0.000000</ele><time>2024-09-27T17:51:57Z</time><extensions><speed>0.816802</speed><course>104.767420</course><hAcc>4.952096</hAcc><vAcc>-1.000000</vAcc></extensions></trkpt>
      <trkpt lon="-117.327348" lat="33.975810"><ele>0.000000</ele><time>2024-09-27T17:51:58Z</time><extensions><speed>0.803471</speed><course>105.172610</course><hAcc>4.986227</hAcc><vAcc>-1.000000</vAcc></extensions></trkpt>
      <trkpt lon="-117.327340" lat="33.975808"><ele>0.000000</ele><time>2024-09-27T17:51:59Z</time><extensions><speed>0.796986</speed><course>105.508951</course><hAcc>5.017479</hAcc><vAcc>-1.000000</vAcc></extensions></trkpt>
      <trkpt lon="-117.327333" lat="33.975806"><ele>0.000000</ele><time>2024-09-27T17:52:00Z</time><extensions><speed>0.783329</speed><course>105.997148</course><hAcc>5.045792</hAcc><vAcc>-1.000000</vAcc></extensions></trkpt>
      <trkpt lon="-117.327325" lat="33.975804"><ele>0.000000</ele><time>2024-09-27T17:52:01Z</time><extensions><speed>0.789163</speed><course>105.992613</course><hAcc>5.071251</hAcc><vAcc>-1.000000</vAcc></extensions></trkpt>
      <trkpt lon="-117.327318" lat="33.975802"><ele>0.000000</ele><time>2024-09-27T17:52:02Z</time><extensions><speed>0.788361</speed><course>105.897349</course><hAcc>5.094015</hAcc><vAcc>-1.000000</vAcc></extensions></trkpt>
      <trkpt lon="-117.327310" lat="33.975799"><ele>0.000000</ele><time>2024-09-27T17:52:03Z</time><extensions><speed>0.793802</speed><course>105.709652</course><hAcc>5.114285</hAcc><vAcc>-1.000000</vAcc></extensions></trkpt>
      <trkpt lon="-117.327302" lat="33.975797"><ele>0.000000</ele><time>2024-09-27T17:52:04Z</time><extensions><speed>0.824660</speed><course>105.000225</course><hAcc>5.132327</hAcc><vAcc>-1.000000</vAcc></extensions></trkpt>
      <trkpt lon="-117.327293" lat="33.975795"><ele>0.000000</ele><time>2024-09-27T17:52:05Z</time><extensions><speed>0.860550</speed><course>104.149443</course><hAcc>5.148338</hAcc><vAcc>-1.000000</vAcc></extensions></trkpt>
      <trkpt lon="-117.327284" lat="33.975793"><ele>0.000000</ele><time>2024-09-27T17:52:06Z</time><extensions><speed>0.894975</speed><course>103.237508</course><hAcc>5.162487</hAcc><vAcc>-1.000000</vAcc></extensions></trkpt>
      <trkpt lon="-117.327274" lat="33.975791"><ele>0.000000</ele><time>2024-09-27T17:52:07Z</time><extensions><speed>0.939365</speed><course>102.078489</course><hAcc>5.174968</hAcc><vAcc>-1.000000</vAcc></extensions></trkpt>
      <trkpt lon="-117.327264" lat="33.975789"><ele>0.000000</ele><time>2024-09-27T17:52:08Z</time><extensions><speed>0.979637</speed><course>101.446227</course><hAcc>5.185973</hAcc><vAcc>-1.000000</vAcc></extensions></trkpt>
      <trkpt lon="-117.327254" lat="33.975787"><ele>0.000000</ele><time>2024-09-27T17:52:09Z</time><extensions><speed>1.017471</speed><course>100.919450</course><hAcc>5.195670</hAcc><vAcc>-1.000000</vAcc></extensions></trkpt>
      <trkpt lon="-117.327243" lat="33.975785"><ele>0.000000</ele><time>2024-09-27T17:52:10Z</time><extensions><speed>1.069010</speed><course>100.334505</course><hAcc>5.204209</hAcc><vAcc>-1.000000</vAcc></extensions></trkpt>
      <trkpt lon="-117.327231" lat="33.975784"><ele>0.000000</ele><time>2024-09-27T17:52:11Z</time><extensions><speed>1.112692</speed><course>99.993617</course><hAcc>5.211935</hAcc><vAcc>-1.000000</vAcc></extensions></trkpt>
      <trkpt lon="-117.327220" lat="33.975782"><ele>0.000000</ele><time>2024-09-27T17:52:12Z</time><extensions><speed>1.134281</speed><course>100.135995</course><hAcc>5.218864</hAcc><vAcc>-1.000000</vAcc></extensions></trkpt>
      <trkpt lon="-117.327208" lat="33.975780"><ele>0.000000</ele><time>2024-09-27T17:52:13Z</time><extensions><speed>1.132876</speed><course>100.776863</course><hAcc>5.225185</hAcc><vAcc>-1.000000</vAcc></extensions></trkpt>
      <trkpt lon="-117.327196" lat="33.975777"><ele>0.000000</ele><time>2024-09-27T17:52:14Z</time><extensions><speed>1.133573</speed><course>101.756584</course><hAcc>5.230902</hAcc><vAcc>-1.000000</vAcc></extensions></trkpt>
      <trkpt lon="-117.327184" lat="33.975775"><ele>0.000000</ele><time>2024-09-27T17:52:15Z</time><extensions><speed>1.135609</speed><course>103.063431</course><hAcc>5.235944</hAcc><vAcc>-1.000000</vAcc></extensions></trkpt>
      <trkpt lon="-117.327172" lat="33.975772"><ele>0.000000</ele><time>2024-09-27T17:52:16Z</time><extensions><speed>1.139968</speed><course>104.673091</course><hAcc>5.240135</hAcc><vAcc>-1.000000</vAcc></extensions></trkpt>
      <trkpt lon="-117.327160" lat="33.975769"><ele>0.000000</ele><time>2024-09-27T17:52:17Z</time><extensions><speed>1.145253</speed><course>106.765959</course><hAcc>5.243320</hAcc><vAcc>-1.000000</vAcc></extensions></trkpt>
      <trkpt lon="-117.327148" lat="33.975766"><ele>0.000000</ele><time>2024-09-27T17:52:18Z</time><extensions><speed>1.149540</speed><course>109.520850</course><hAcc>5.245219</hAcc><vAcc>-1.000000</vAcc></extensions></trkpt>
      <trkpt lon="-117.327137" lat="33.975762"><ele>0.000000</ele><time>2024-09-27T17:52:19Z</time><extensions><speed>1.142927</speed><course>111.121376</course><hAcc>5.245477</hAcc><vAcc>-1.000000</vAcc></extensions></trkpt>
      <trkpt lon="-117.327125" lat="33.975759"><ele>0.000000</ele><time>2024-09-27T17:52:20Z</time><extensions><speed>1.136126</speed><course>111.589315</course><hAcc>5.243660</hAcc><vAcc>-1.000000</vAcc></extensions></trkpt>
      <trkpt lon="-117.327114" lat="33.975755"><ele>0.000000</ele><time>2024-09-27T17:52:21Z</time><extensions><speed>1.135899</speed><course>110.657995</course><hAcc>5.239182</hAcc><vAcc>-1.000000</vAcc></extensions></trkpt>
      <trkpt lon="-117.327102" lat="33.975751"><ele>0.000000</ele><time>2024-09-27T17:52:22Z</time><extensions><speed>1.165040</speed><course>107.559160</course><hAcc>5.231200</hAcc><vAcc>-1.000000</vAcc></extensions></trkpt>
      <trkpt lon="-117.327090" lat="33.975748"><ele>0.000000</ele><time>2024-09-27T17:52:23Z</time><extensions><speed>1.183394</speed><course>103.761964</course><hAcc>5.219551</hAcc><vAcc>-1.000000</vAcc></extensions></trkpt>
      <trkpt lon="-117.327077" lat="33.975746"><ele>0.000000</ele><time>2024-09-27T17:52:24Z</time><extensions><speed>1.186662</speed><course>99.249477</course><hAcc>5.204294</hAcc><vAcc>-1.000000</vAcc></extensions></trkpt>
      <trkpt lon="-117.327065" lat="33.975745"><ele>0.000000</ele><time>2024-09-27T17:52:25Z</time><extensions><speed>1.165890</speed><course>95.355446</course><hAcc>5.185993</hAcc><vAcc>-1.000000</vAcc></extensions></trkpt>
      <trkpt lon="-117.327052" lat="33.975744"><ele>0.000000</ele><time>2024-09-27T17:52:26Z</time><extensions><speed>1.123440</speed><course>92.554169</course><hAcc>5.165329</hAcc><vAcc>-1.000000</vAcc></extensions></trkpt>
      <trkpt lon="-117.327040" lat="33.975743"><ele>0.000000</ele><time>2024-09-27T17:52:27Z</time><extensions><speed>1.075250</speed><course>89.066698</course><hAcc>5.143363</hAcc><vAcc>-1.000000</vAcc></extensions></trkpt>
      <trkpt lon="-117.327028" lat="33.975744"><ele>0.000000</ele><time>2024-09-27T17:52:28Z</time><extensions><speed>1.049760</speed><course>83.683457</course><hAcc>5.121251</hAcc><vAcc>-1.000000</vAcc></extensions></trkpt>
      <trkpt lon="-117.327017" lat="33.975747"><ele>0.000000</ele><time>2024-09-27T17:52:29Z</time><extensions><speed>1.035484</speed><course>75.116986</course><hAcc>5.100081</hAcc><vAcc>-1.000000</vAcc></extensions></trkpt>
      <trkpt lon="-117.327006" lat="33.975751"><ele>0.000000</ele><time>2024-09-27T17:52:30Z</time><extensions><speed>1.037127</speed><course>65.706820</course><hAcc>5.081183</hAcc><vAcc>-1.000000</vAcc></extensions></trkpt>
      <trkpt lon="-117.326996" lat="33.975756"><ele>0.000000</ele><time>2024-09-27T17:52:31Z</time><extensions><speed>1.051826</speed><course>56.243615</course><hAcc>5.065822</hAcc><vAcc>-1.000000</vAcc></extensions></trkpt>
      <trkpt lon="-117.326987" lat="33.975761"><ele>0.000000</ele><time>2024-09-27T17:52:32Z</time><extensions><speed>1.090175</speed><course>48.455573</course><hAcc>5.055261</hAcc><vAcc>-1.000000</vAcc></extensions></trkpt>
      <trkpt lon="-117.326978" lat="33.975768"><ele>0.000000</ele><time>2024-09-27T17:52:33Z</time><extensions><speed>1.164568</speed><course>39.735296</course><hAcc>5.050194</hAcc><vAcc>-1.000000</vAcc></extensions></trkpt>
      <trkpt lon="-117.326970" lat="33.975777"><ele>0.000000</ele><time>2024-09-27T17:52:34Z</time><extensions><speed>1.231847</speed><course>31.665192</course><hAcc>5.050717</hAcc><vAcc>-1.000000</vAcc></extensions></trkpt>
      <trkpt lon="-117.326963" lat="33.975786"><ele>0.000000</ele><time>2024-09-27T17:52:35Z</time><extensions><speed>1.288336</speed><course>24.201865</course><hAcc>5.056183</hAcc><vAcc>-1.000000</vAcc></extensions></trkpt>
      <trkpt lon="-117.326958" lat="33.975797"><ele>0.000000</ele><time>2024-09-27T17:52:36Z</time><extensions><speed>1.338438</speed><course>18.334230</course><hAcc>5.065361</hAcc><vAcc>-1.000000</vAcc></extensions></trkpt>
      <trkpt lon="-117.326953" lat="33.975808"><ele>0.000000</ele><time>2024-09-27T17:52:37Z</time><extensions><speed>1.372533</speed><course>14.792244</course><hAcc>5.076903</hAcc><vAcc>-1.000000</vAcc></extensions></trkpt>
      <trkpt lon="-117.326950" lat="33.975820"><ele>0.000000</ele><time>2024-09-27T17:52:38Z</time><extensions><speed>1.375574</speed><course>12.861908</course><hAcc>5.089578</hAcc><vAcc>-1.000000</vAcc></extensions></trkpt>
      <trkpt lon="-117.326946" lat="33.975832"><ele>0.000000</ele><time>2024-09-27T17:52:39Z</time><extensions><speed>1.336451</speed><course>12.110243</course><hAcc>5.102571</hAcc><vAcc>-1.000000</vAcc></extensions></trkpt>
      <trkpt lon="-117.326943" lat="33.975843"><ele>0.000000</ele><time>2024-09-27T17:52:40Z</time><extensions><speed>1.263364</speed><course>12.162423</course><hAcc>5.115666</hAcc><vAcc>-1.000000</vAcc></extensions></trkpt>
      <trkpt lon="-117.326940" lat="33.975854"><ele>0.000000</ele><time>2024-09-27T17:52:41Z</time><extensions><speed>1.199627</speed><course>12.345438</course><hAcc>5.128982</hAcc><vAcc>-1.000000</vAcc></extensions></trkpt>
      <trkpt lon="-117.326937" lat="33.975864"><ele>0.000000</ele><time>2024-09-27T17:52:42Z</time><extensions><speed>1.158245</speed><course>12.121848</course><hAcc>5.142561</hAcc><vAcc>-1.000000</vAcc></extensions></trkpt>
      <trkpt lon="-117.326935" lat="33.975874"><ele>0.000000</ele><time>2024-09-27T17:52:43Z</time><extensions><speed>1.140912</speed><course>11.305925</course><hAcc>5.156213</hAcc><vAcc>-1.000000</vAcc></extensions></trkpt>
      <trkpt lon="-117.326932" lat="33.975884"><ele>0.000000</ele><time>2024-09-27T17:52:44Z</time><extensions><speed>1.133306</speed><course>10.219678</course><hAcc>5.169458</hAcc><vAcc>-1.000000</vAcc></extensions></trkpt>
      <trkpt lon="-117.326930" lat="33.975894"><ele>0.000000</ele><time>2024-09-27T17:52:45Z</time><extensions><speed>1.151868</speed><course>8.867497</course><hAcc>5.181687</hAcc><vAcc>-1.000000</vAcc></extensions></trkpt>
      <trkpt lon="-117.326929" lat="33.975904"><ele>0.000000</ele><time>2024-09-27T17:52:46Z</time><extensions><speed>1.186838</speed><course>7.450180</course><hAcc>5.192453</hAcc><vAcc>-1.000000</vAcc></extensions></trkpt>
      <trkpt lon="-117.326927" lat="33.975915"><ele>0.000000</ele><time>2024-09-27T17:52:47Z</time><extensions><speed>1.205146</speed><course>6.235659</course><hAcc>5.201350</hAcc><vAcc>-1.000000</vAcc></extensions></trkpt>
      <trkpt lon="-117.326926" lat="33.975925"><ele>0.000000</ele><time>2024-09-27T17:52:48Z</time><extensions><speed>1.228247</speed><course>5.121017</course><hAcc>5.208132</hAcc><vAcc>-1.000000</vAcc></extensions></trkpt>
      <trkpt lon="-117.326925" lat="33.975936"><ele>0.000000</ele><time>2024-09-27T17:52:49Z</time><extensions><speed>1.244710</speed><course>4.174505</course><hAcc>5.212697</hAcc><vAcc>-1.000000</vAcc></extensions></trkpt>
      <trkpt lon="-117.326924" lat="33.975947"><ele>0.000000</ele><time>2024-09-27T17:52:50Z</time><extensions><speed>1.253773</speed><course>3.384061</course><hAcc>5.215135</hAcc><vAcc>-1.000000</vAcc></extensions></trkpt>
      <trkpt lon="-117.326923" lat="33.975959"><ele>0.000000</ele><time>2024-09-27T17:52:51Z</time><extensions><speed>1.257732</speed><course>2.725551</course><hAcc>5.215591</hAcc><vAcc>-1.000000</vAcc></extensions></trkpt>
      <trkpt lon="-117.326922" lat="33.975970"><ele>0.000000</ele><time>2024-09-27T17:52:52Z</time><extensions><speed>1.261488</speed><course>2.173949</course><hAcc>5.214372</hAcc><vAcc>-1.000000</vAcc></extensions></trkpt>
      <trkpt lon="-117.326922" lat="33.975981"><ele>0.000000</ele><time>2024-09-27T17:52:53Z</time><extensions><speed>1.270358</speed><course>1.710798</course><hAcc>5.211776</hAcc><vAcc>-1.000000</vAcc></extensions></trkpt>
      <trkpt lon="-117.326922" lat="33.975993"><ele>0.000000</ele><time>2024-09-27T17:52:54Z</time><extensions><speed>1.284631</speed><course>1.328487</course><hAcc>5.208083</hAcc><vAcc>-1.000000</vAcc></extensions></trkpt>
      <trkpt lon="-117.326921" lat="33.976004"><ele>0.000000</ele><time>2024-09-27T17:52:55Z</time><extensions><speed>1.301784</speed><course>1.135554</course><hAcc>5.203492</hAcc><vAcc>-1.000000</vAcc></extensions></trkpt>
      <trkpt lon="-117.326921" lat="33.976016"><ele>0.000000</ele><time>2024-09-27T17:52:56Z</time><extensions><speed>1.313468</speed><course>1.138871</course><hAcc>5.198010</hAcc><vAcc>-1.000000</vAcc></extensions></trkpt>
      <trkpt lon="-117.326920" lat="33.976028"><ele>0.000000</ele><time>2024-09-27T17:52:57Z</time><extensions><speed>1.332412</speed><course>1.309962</course><hAcc>5.191548</hAcc><vAcc>-1.000000</vAcc></extensions></trkpt>
      <trkpt lon="-117.326919" lat="33.976040"><ele>0.000000</ele><time>2024-09-27T17:52:58Z</time><extensions><speed>1.355552</speed><course>1.641172</course><hAcc>5.183891</hAcc><vAcc>-1.000000</vAcc></extensions></trkpt>
      <trkpt lon="-117.326919" lat="33.976052"><ele>0.000000</ele><time>2024-09-27T17:52:59Z</time><extensions><speed>1.376038</speed><course>2.138592</course><hAcc>5.174818</hAcc><vAcc>-1.000000</vAcc></extensions></trkpt>
      <trkpt lon="-117.326918" lat="33.976065"><ele>0.000000</ele><time>2024-09-27T17:53:00Z</time><extensions><speed>1.402595</speed><course>2.778963</course><hAcc>5.164122</hAcc><vAcc>-1.000000</vAcc></extensions></trkpt>
      <trkpt lon="-117.326916" lat="33.976077"><ele>0.000000</ele><time>2024-09-27T17:53:01Z</time><extensions><speed>1.417045</speed><course>3.579860</course><hAcc>5.151607</hAcc><vAcc>-1.000000</vAcc></extensions></trkpt>
      <trkpt lon="-117.326915" lat="33.976090"><ele>0.000000</ele><time>2024-09-27T17:53:02Z</time><extensions><speed>1.420905</speed><course>4.561097</course><hAcc>5.137185</hAcc><vAcc>-1.000000</vAcc></extensions></trkpt>
      <trkpt lon="-117.326913" lat="33.976103"><ele>0.000000</ele><time>2024-09-27T17:53:03Z</time><extensions><speed>1.427168</speed><course>5.508472</course><hAcc>5.120659</hAcc><vAcc>-1.000000</vAcc></extensions></trkpt>
      <trkpt lon="-117.326911" lat="33.976115"><ele>0.000000</ele><time>2024-09-27T17:53:04Z</time><extensions><speed>1.429675</speed><course>6.323401</course><hAcc>5.101942</hAcc><vAcc>-1.000000</vAcc></extensions></trkpt>
      <trkpt lon="-117.326910" lat="33.976128"><ele>0.000000</ele><time>2024-09-27T17:53:05Z</time><extensions><speed>1.428398</speed><course>6.873404</course><hAcc>5.080962</hAcc><vAcc>-1.000000</vAcc></extensions></trkpt>
      <trkpt lon="-117.326908" lat="33.976141"><ele>0.000000</ele><time>2024-09-27T17:53:06Z</time><extensions><speed>1.423472</speed><course>7.072244</course><hAcc>5.057621</hAcc><vAcc>-1.000000</vAcc></extensions></trkpt>
      <trkpt lon="-117.326906" lat="33.976153"><ele>0.000000</ele><time>2024-09-27T17:53:07Z</time><extensions><speed>1.405845</speed><course>6.873671</course><hAcc>5.031868</hAcc><vAcc>-1.000000</vAcc></extensions></trkpt>
      <trkpt lon="-117.326905" lat="33.976166"><ele>0.000000</ele><time>2024-09-27T17:53:08Z</time><extensions><speed>1.389550</speed><course>6.134688</course><hAcc>5.003651</hAcc><vAcc>-1.000000</vAcc></extensions></trkpt>
      <trkpt lon="-117.326904" lat="33.976178"><ele>0.000000</ele><time>2024-09-27T17:53:09Z</time><extensions><speed>1.378524</speed><course>5.004332</course><hAcc>4.972873</hAcc><vAcc>-1.000000</vAcc></extensions></trkpt>
      <trkpt lon="-117.326903" lat="33.976190"><ele>0.000000</ele><time>2024-09-27T17:53:10Z</time><extensions><speed>1.366328</speed><course>3.523776</course><hAcc>4.939401</hAcc><vAcc>-1.000000</vAcc></extensions></trkpt>
      <trkpt lon="-117.326903" lat="33.976202"><ele>0.000000</ele><time>2024-09-27T17:53:11Z</time><extensions><speed>1.358200</speed><course>1.732819</course><hAcc>4.903109</hAcc><vAcc>-1.000000</vAcc></extensions></trkpt>
      <trkpt lon="-117.326903" lat="33.976215"><ele>0.000000</ele><time>2024-09-27T17:53:12Z</time><extensions><speed>1.367970</speed><course>359.716503</course><hAcc>4.863902</hAcc><vAcc>-1.000000</vAcc></extensions></trkpt>
      <trkpt lon="-117.326903" lat="33.976227"><ele>0.000000</ele><time>2024-09-27T17:53:13Z</time><extensions><speed>1.368823</speed><course>357.691132</course><hAcc>4.821742</hAcc><vAcc>-1.000000</vAcc></extensions></trkpt>
      <trkpt lon="-117.326904" lat="33.976239"><ele>0.000000</ele><time>2024-09-27T17:53:14Z</time><extensions><speed>1.364524</speed><course>355.863130</course><hAcc>4.776608</hAcc><vAcc>-1.000000</vAcc></extensions></trkpt>
      <trkpt lon="-117.326904" lat="33.976251"><ele>0.000000</ele><time>2024-09-27T17:53:15Z</time><extensions><speed>1.363373</speed><course>356.785100</course><hAcc>4.728465</hAcc><vAcc>-1.000000</vAcc></extensions></trkpt>
      <trkpt lon="-117.326903" lat="33.976264"><ele>0.000000</ele><time>2024-09-27T17:53:16Z</time><extensions><speed>1.368875</speed><course>358.618029</course><hAcc>4.677213</hAcc><vAcc>-1.000000</vAcc></extensions></trkpt>
      <trkpt lon="-117.326902" lat="33.976276"><ele>0.000000</ele><time>2024-09-27T17:53:17Z</time><extensions><speed>1.371800</speed><course>1.387563</course><hAcc>4.622709</hAcc><vAcc>-1.000000</vAcc></extensions></trkpt>
      <trkpt lon="-117.326901" lat="33.976288"><ele>0.000000</ele><time>2024-09-27T17:53:18Z</time><extensions><speed>1.378891</speed><course>5.198956</course><hAcc>4.564766</hAcc><vAcc>-1.000000</vAcc></extensions></trkpt>
      <trkpt lon="-117.326898" lat="33.976301"><ele>0.000000</ele><time>2024-09-27T17:53:19Z</time><extensions><speed>1.391530</speed><course>9.734057</course><hAcc>4.503125</hAcc><vAcc>-1.000000</vAcc></extensions></trkpt>
      <trkpt lon="-117.326895" lat="33.976313"><ele>0.000000</ele><time>2024-09-27T17:53:20Z</time><extensions><speed>1.411738</speed><course>14.723217</course><hAcc>4.437435</hAcc><vAcc>-1.000000</vAcc></extensions></trkpt>
      <trkpt lon="-117.326890" lat="33.976325"><ele>0.000000</ele><time>2024-09-27T17:53:21Z</time><extensions><speed>1.447057</speed><course>20.173953</course><hAcc>4.367232</hAcc><vAcc>-1.000000</vAcc></extensions></trkpt>
      <trkpt lon="-117.326883" lat="33.976337"><ele>0.000000</ele><time>2024-09-27T17:53:22Z</time><extensions><speed>1.500771</speed><course>25.388412</course><hAcc>4.291930</hAcc><vAcc>-1.000000</vAcc></extensions></trkpt>
      <trkpt lon="-117.326875" lat="33.976349"><ele>0.000000</ele><time>2024-09-27T17:53:23Z</time><extensions><speed>1.564834</speed><course>30.010933</course><hAcc>4.210816</hAcc><vAcc>-1.000000</vAcc></extensions></trkpt>
      <trkpt lon="-117.326866" lat="33.976362"><ele>0.000000</ele><time>2024-09-27T17:53:24Z</time><extensions><speed>1.634192</speed><course>33.294858</course><hAcc>4.123030</hAcc><vAcc>-1.000000</vAcc></extensions></trkpt>
      <trkpt lon="-117.326856" lat="33.976374"><ele>0.000000</ele><time>2024-09-27T17:53:25Z</time><extensions><speed>1.668280</speed><course>34.929605</course><hAcc>4.027759</hAcc><vAcc>-1.000000</vAcc></extensions></trkpt>
      <trkpt lon="-117.326846" lat="33.976386"><ele>0.000000</ele><time>2024-09-27T17:53:26Z</time><extensions><speed>1.644271</speed><course>33.752057</course><hAcc>3.924195</hAcc><vAcc>-1.000000</vAcc></extensions></trkpt>
      <trkpt lon="-117.326837" lat="33.976399"><ele>0.000000</ele><time>2024-09-27T17:53:27Z</time><extensions><speed>1.589696</speed><course>30.954999</course><hAcc>3.811626</hAcc><vAcc>-1.000000</vAcc></extensions></trkpt>
      <trkpt lon="-117.326828" lat="33.976411"><ele>0.000000</ele><time>2024-09-27T17:53:28Z</time><extensions><speed>1.520417</speed><course>27.185494</course><hAcc>3.689539</hAcc><vAcc>-1.000000</vAcc></extensions></trkpt>
      <trkpt lon="-117.326821" lat="33.976423"><ele>0.000000</ele><time>2024-09-27T17:53:29Z</time><extensions><speed>1.479496</speed><course>24.008878</course><hAcc>3.557463</hAcc><vAcc>-1.000000</vAcc></extensions></trkpt>
      <trkpt lon="-117.326815" lat="33.976435"><ele>0.000000</ele><time>2024-09-27T17:53:30Z</time><extensions><speed>1.450138</speed><course>21.688246</course><hAcc>3.415941</hAcc><vAcc>-1.000000</vAcc></extensions></trkpt>
      <trkpt lon="-117.326810" lat="33.976447"><ele>0.000000</ele><time>2024-09-27T17:53:31Z</time><extensions><speed>1.407314</speed><course>18.724136</course><hAcc>3.267524</hAcc><vAcc>-1.000000</vAcc></extensions></trkpt>
      <trkpt lon="-117.326805" lat="33.976459"><ele>0.000000</ele><time>2024-09-27T17:53:32Z</time><extensions><speed>1.375161</speed><course>16.619433</course><hAcc>3.118068</hAcc><vAcc>-1.000000</vAcc></extensions></trkpt>
      <trkpt lon="-117.326801" lat="33.976471"><ele>0.000000</ele><time>2024-09-27T17:53:33Z</time><extensions><speed>1.353967</speed><course>15.256580</course><hAcc>2.977887</hAcc><vAcc>-1.000000</vAcc></extensions></trkpt>
      <trkpt lon="-117.326797" lat="33.976482"><ele>0.000000</ele><time>2024-09-27T17:53:34Z</time><extensions><speed>1.296841</speed><course>14.592291</course><hAcc>2.860371</hAcc><vAcc>-1.000000</vAcc></extensions></trkpt>
      <trkpt lon="-117.326794" lat="33.976493"><ele>0.000000</ele><time>2024-09-27T17:53:35Z</time><extensions><speed>1.263285</speed><course>13.445649</course><hAcc>2.779853</hAcc><vAcc>-1.000000</vAcc></extensions></trkpt>
      <trkpt lon="-117.326791" lat="33.976504"><ele>0.000000</ele><time>2024-09-27T17:53:36Z</time><extensions><speed>1.251559</speed><course>11.401938</course><hAcc>2.752052</hAcc><vAcc>-1.000000</vAcc></extensions></trkpt>
      <trkpt lon="-117.326789" lat="33.976515"><ele>0.000000</ele><time>2024-09-27T17:53:37Z</time><extensions><speed>1.228878</speed><course>8.739495</course><hAcc>2.788859</hAcc><vAcc>-1.000000</vAcc></extensions></trkpt>
      <trkpt lon="-117.326787" lat="33.976526"><ele>0.000000</ele><time>2024-09-27T17:53:38Z</time><extensions><speed>1.220602</speed><course>5.646756</course><hAcc>2.887100</hAcc><vAcc>-1.000000</vAcc></extensions></trkpt>
      <trkpt lon="-117.326786" lat="33.976537"><ele>0.000000</ele><time>2024-09-27T17:53:39Z</time><extensions><speed>1.206811</speed><course>2.812423</course><hAcc>3.027419</hAcc><vAcc>-1.000000</vAcc></extensions></trkpt>
      <trkpt lon="-117.326786" lat="33.976548"><ele>0.000000</ele><time>2024-09-27T17:53:40Z</time><extensions><speed>1.202528</speed><course>0.594079</course><hAcc>3.186993</hAcc><vAcc>-1.000000</vAcc></extensions></trkpt>
      <trkpt lon="-117.326786" lat="33.976559"><ele>0.000000</ele><time>2024-09-27T17:53:41Z</time><extensions><speed>1.204081</speed><course>359.094257</course><hAcc>3.349414</hAcc><vAcc>-1.000000</vAcc></extensions></trkpt>
      <trkpt lon="-117.326786" lat="33.976570"><ele>0.000000</ele><time>2024-09-27T17:53:42Z</time><extensions><speed>1.210475</speed><course>358.231866</course><hAcc>3.505726</hAcc><vAcc>-1.000000</vAcc></extensions></trkpt>
      <trkpt lon="-117.326787" lat="33.976580"><ele>0.000000</ele><time>2024-09-27T17:53:43Z</time><extensions><speed>1.228144</speed><course>357.794591</course><hAcc>3.652143</hAcc><vAcc>-1.000000</vAcc></extensions></trkpt>
      <trkpt lon="-117.326787" lat="33.976592"><ele>0.000000</ele><time>2024-09-27T17:53:44Z</time><extensions><speed>1.249870</speed><course>357.510977</course><hAcc>3.787764</hAcc><vAcc>-1.000000</vAcc></extensions></trkpt>
      <trkpt lon="-117.326788" lat="33.976603"><ele>0.000000</ele><time>2024-09-27T17:53:45Z</time><extensions><speed>1.277093</speed><course>357.382416</course><hAcc>3.913039</hAcc><vAcc>-1.000000</vAcc></extensions></trkpt>
      <trkpt lon="-117.326789" lat="33.976614"><ele>0.000000</ele><time>2024-09-27T17:53:46Z</time><extensions><speed>1.305321</speed><course>357.235974</course><hAcc>4.028913</hAcc><vAcc>-1.000000</vAcc></extensions></trkpt>
      <trkpt lon="-117.326790" lat="33.976626"><ele>0.000000</ele><time>2024-09-27T17:53:47Z</time><extensions><speed>1.320695</speed><course>356.983369</course><hAcc>4.136432</hAcc><vAcc>-1.000000</vAcc></extensions></trkpt>
      <trkpt lon="-117.326791" lat="33.976638"><ele>0.000000</ele><time>2024-09-27T17:53:48Z</time><extensions><speed>1.326814</speed><course>356.604981</course><hAcc>4.236610</hAcc><vAcc>-1.000000</vAcc></extensions></trkpt>
      <trkpt lon="-117.326792" lat="33.976650"><ele>0.000000</ele><time>2024-09-27T17:53:49Z</time><extensions><speed>1.325724</speed><course>356.096144</course><hAcc>4.330347</hAcc><vAcc>-1.000000</vAcc></extensions></trkpt>
      <trkpt lon="-117.326793" lat="33.976662"><ele>0.000000</ele><time>2024-09-27T17:53:50Z</time><extensions><speed>1.318794</speed><course>355.470488</course><hAcc>4.418389</hAcc><vAcc>-1.000000</vAcc></extensions></trkpt>
      <trkpt lon="-117.326794" lat="33.976673"><ele>0.000000</ele><time>2024-09-27T17:53:51Z</time><extensions><speed>1.306708</speed><course>354.778426</course><hAcc>4.501338</hAcc><vAcc>-1.000000</vAcc></extensions></trkpt>
      <trkpt lon="-117.326796" lat="33.976685"><ele>0.000000</ele><time>2024-09-27T17:53:52Z</time><extensions><speed>1.294217</speed><course>354.103209</course><hAcc>4.579662</hAcc><vAcc>-1.000000</vAcc></extensions></trkpt>
      <trkpt lon="-117.326798" lat="33.976696"><ele>0.000000</ele><time>2024-09-27T17:53:53Z</time><extensions><speed>1.281352</speed><course>353.522933</course><hAcc>4.653747</hAcc><vAcc>-1.000000</vAcc></extensions></trkpt>
      <trkpt lon="-117.326799" lat="33.976708"><ele>0.000000</ele><time>2024-09-27T17:53:54Z</time><extensions><speed>1.275028</speed><course>353.112122</course><hAcc>4.723909</hAcc><vAcc>-1.000000</vAcc></extensions></trkpt>
      <trkpt lon="-117.326801" lat="33.976719"><ele>0.000000</ele><time>2024-09-27T17:53:55Z</time><extensions><speed>1.272938</speed><course>352.815846</course><hAcc>4.790432</hAcc><vAcc>-1.000000</vAcc></extensions></trkpt>
      <trkpt lon="-117.326803" lat="33.976730"><ele>0.000000</ele><time>2024-09-27T17:53:56Z</time><extensions><speed>1.270230</speed><course>352.517173</course><hAcc>4.853558</hAcc><vAcc>-1.000000</vAcc></extensions></trkpt>
      <trkpt lon="-117.326805" lat="33.976742"><ele>0.000000</ele><time>2024-09-27T17:53:57Z</time><extensions><speed>1.262824</speed><course>352.228139</course><hAcc>4.913516</hAcc><vAcc>-1.000000</vAcc></extensions></trkpt>
      <trkpt lon="-117.326808" lat="33.976753"><ele>0.000000</ele><time>2024-09-27T17:53:58Z</time><extensions><speed>1.250874</speed><course>351.911766</course><hAcc>4.970519</hAcc><vAcc>-1.000000</vAcc></extensions></trkpt>
      <trkpt lon="-117.326810" lat="33.976764"><ele>0.000000</ele><time>2024-09-27T17:53:59Z</time><extensions><speed>1.235397</speed><course>351.553023</course><hAcc>5.024769</hAcc><vAcc>-1.000000</vAcc></extensions></trkpt>
      <trkpt lon="-117.326812" lat="33.976775"><ele>0.000000</ele><time>2024-09-27T17:54:00Z</time><extensions><speed>1.217930</speed><course>351.244801</course><hAcc>5.076465</hAcc><vAcc>-1.000000</vAcc></extensions></trkpt>
      <trkpt lon="-117.326814" lat="33.976785"><ele>0.000000</ele><time>2024-09-27T17:54:01Z</time><extensions><speed>1.205299</speed><course>350.965801</course><hAcc>5.125754</hAcc><vAcc>-1.000000</vAcc></extensions></trkpt>
      <trkpt lon="-117.326817" lat="33.976796"><ele>0.000000</ele><time>2024-09-27T17:54:02Z</time><extensions><speed>1.194511</speed><course>350.741117</course><hAcc>5.172773</hAcc><vAcc>-1.000000</vAcc></extensions></trkpt>
      <trkpt lon="-117.326819" lat="33.976806"><ele>0.000000</ele><time>2024-09-27T17:54:03Z</time><extensions><speed>1.187671</speed><course>350.657294</course><hAcc>5.217629</hAcc><vAcc>-1.000000</vAcc></extensions></trkpt>
      <trkpt lon="-117.326821" lat="33.976817"><ele>0.000000</ele><time>2024-09-27T17:54:04Z</time><extensions><speed>1.181478</speed><course>350.667070</course><hAcc>5.260411</hAcc><vAcc>-1.000000</vAcc></extensions></trkpt>
      <trkpt lon="-117.326823" lat="33.976827"><ele>0.000000</ele><time>2024-09-27T17:54:05Z</time><extensions><speed>1.179208</speed><course>350.847503</course><hAcc>5.301203</hAcc><vAcc>-1.000000</vAcc></extensions></trkpt>
      <trkpt lon="-117.326826" lat="33.976838"><ele>0.000000</ele><time>2024-09-27T17:54:06Z</time><extensions><speed>1.178718</speed><course>351.180933</course><hAcc>5.340078</hAcc><vAcc>-1.000000</vAcc></extensions></trkpt>
      <trkpt lon="-117.326828" lat="33.976848"><ele>0.000000</ele><time>2024-09-27T17:54:07Z</time><extensions><speed>1.177469</speed><course>351.652199</course><hAcc>5.377101</hAcc><vAcc>-1.000000</vAcc></extensions></trkpt>
      <trkpt lon="-117.326829" lat="33.976859"><ele>0.000000</ele><time>2024-09-27T17:54:08Z</time><extensions><speed>1.174164</speed><course>352.246218</course><hAcc>5.412334</hAcc><vAcc>-1.000000</vAcc></extensions></trkpt>
      <trkpt lon="-117.326831" lat="33.976869"><ele>0.000000</ele><time>2024-09-27T17:54:09Z</time><extensions><speed>1.173834</speed><course>352.915036</course><hAcc>5.445832</hAcc><vAcc>-1.000000</vAcc></extensions></trkpt>
      <trkpt lon="-117.326833" lat="33.976880"><ele>0.000000</ele><time>2024-09-27T17:54:10Z</time><extensions><speed>1.180844</speed><course>353.620613</course><hAcc>5.477649</hAcc><vAcc>-1.000000</vAcc></extensions></trkpt>
      <trkpt lon="-117.326834" lat="33.976890"><ele>0.000000</ele><time>2024-09-27T17:54:11Z</time><extensions><speed>1.188489</speed><course>354.356395</course><hAcc>5.507835</hAcc><vAcc>-1.000000</vAcc></extensions></trkpt>
      <trkpt lon="-117.326836" lat="33.976901"><ele>0.000000</ele><time>2024-09-27T17:54:12Z</time><extensions><speed>1.192128</speed><course>355.051850</course><hAcc>5.536417</hAcc><vAcc>-1.000000</vAcc></extensions></trkpt>
      <trkpt lon="-117.326837" lat="33.976911"><ele>0.000000</ele><time>2024-09-27T17:54:13Z</time><extensions><speed>1.191459</speed><course>355.600079</course><hAcc>5.563425</hAcc><vAcc>-1.000000</vAcc></extensions></trkpt>
      <trkpt lon="-117.326838" lat="33.976922"><ele>0.000000</ele><time>2024-09-27T17:54:14Z</time><extensions><speed>1.182383</speed><course>355.971204</course><hAcc>5.588899</hAcc><vAcc>-1.000000</vAcc></extensions></trkpt>
      <trkpt lon="-117.326839" lat="33.976933"><ele>0.000000</ele><time>2024-09-27T17:54:15Z</time><extensions><speed>1.171086</speed><course>356.200894</course><hAcc>5.612883</hAcc><vAcc>-1.000000</vAcc></extensions></trkpt>
      <trkpt lon="-117.326840" lat="33.976943"><ele>0.000000</ele><time>2024-09-27T17:54:16Z</time><extensions><speed>1.159522</speed><course>356.299534</course><hAcc>5.635416</hAcc><vAcc>-1.000000</vAcc></extensions></trkpt>
      <trkpt lon="-117.326841" lat="33.976953"><ele>0.000000</ele><time>2024-09-27T17:54:17Z</time><extensions><speed>1.149121</speed><course>356.293447</course><hAcc>5.656539</hAcc><vAcc>-1.000000</vAcc></extensions></trkpt>
      <trkpt lon="-117.326842" lat="33.976963"><ele>0.000000</ele><time>2024-09-27T17:54:18Z</time><extensions><speed>1.139120</speed><course>356.212952</course><hAcc>5.676306</hAcc><vAcc>-1.000000</vAcc></extensions></trkpt>
      <trkpt lon="-117.326843" lat="33.976974"><ele>0.000000</ele><time>2024-09-27T17:54:19Z</time><extensions><speed>1.133178</speed><course>356.118795</course><hAcc>5.694762</hAcc><vAcc>-1.000000</vAcc></extensions></trkpt>
      <trkpt lon="-117.326844" lat="33.976984"><ele>0.000000</ele><time>2024-09-27T17:54:20Z</time><extensions><speed>1.130291</speed><course>356.045044</course><hAcc>5.711934</hAcc><vAcc>-1.000000</vAcc></extensions></trkpt>
      <trkpt lon="-117.326845" lat="33.976994"><ele>0.000000</ele><time>2024-09-27T17:54:21Z</time><extensions><speed>1.131630</speed><course>355.997118</course><hAcc>5.727841</hAcc><vAcc>-1.000000</vAcc></extensions></trkpt>
      <trkpt lon="-117.326846" lat="33.977004"><ele>0.000000</ele><time>2024-09-27T17:54:22Z</time><extensions><speed>1.132808</speed><course>355.951433</course><hAcc>5.742495</hAcc><vAcc>-1.000000</vAcc></extensions></trkpt>
      <trkpt lon="-117.326847" lat="33.977014"><ele>0.000000</ele><time>2024-09-27T17:54:23Z</time><extensions><speed>1.135093</speed><course>355.922487</course><hAcc>5.755922</hAcc><vAcc>-1.000000</vAcc></extensions></trkpt>
      <trkpt lon="-117.326848" lat="33.977024"><ele>0.000000</ele><time>2024-09-27T17:54:24Z</time><extensions><speed>1.140431</speed><course>355.931096</course><hAcc>5.768143</hAcc><vAcc>-1.000000</vAcc></extensions></trkpt>
      <trkpt lon="-117.326849" lat="33.977035"><ele>0.000000</ele><time>2024-09-27T17:54:25Z</time><extensions><speed>1.147542</speed><course>355.909696</course><hAcc>5.779171</hAcc><vAcc>-1.000000</vAcc></extensions></trkpt>
      <trkpt lon="-117.326850" lat="33.977045"><ele>0.000000</ele><time>2024-09-27T17:54:26Z</time><extensions><speed>1.153518</speed><course>355.888070</course><hAcc>5.789030</hAcc><vAcc>-1.000000</vAcc></extensions></trkpt>
      <trkpt lon="-117.326851" lat="33.977055"><ele>0.000000</ele><time>2024-09-27T17:54:27Z</time><extensions><speed>1.161432</speed><course>355.888371</course><hAcc>5.797730</hAcc><vAcc>-1.000000</vAcc></extensions></trkpt>
      <trkpt lon="-117.326852" lat="33.977065"><ele>0.000000</ele><time>2024-09-27T17:54:28Z</time><extensions><speed>1.169256</speed><course>355.906630</course><hAcc>5.805283</hAcc><vAcc>-1.000000</vAcc></extensions></trkpt>
      <trkpt lon="-117.326853" lat="33.977076"><ele>0.000000</ele><time>2024-09-27T17:54:29Z</time><extensions><speed>1.173028</speed><course>355.971257</course><hAcc>5.811694</hAcc><vAcc>-1.000000</vAcc></extensions></trkpt>
      <trkpt lon="-117.326854" lat="33.977086"><ele>0.000000</ele><time>2024-09-27T17:54:30Z</time><extensions><speed>1.173983</speed><course>356.068224</course><hAcc>5.816963</hAcc><vAcc>-1.000000</vAcc></extensions></trkpt>
      <trkpt lon="-117.326855" lat="33.977097"><ele>0.000000</ele><time>2024-09-27T17:54:31Z</time><extensions><speed>1.174259</speed><course>356.229127</course><hAcc>5.821098</hAcc><vAcc>-1.000000</vAcc></extensions></trkpt>
      <trkpt lon="-117.326856" lat="33.977107"><ele>0.000000</ele><time>2024-09-27T17:54:32Z</time><extensions><speed>1.176383</speed><course>356.471781</course><hAcc>5.824110</hAcc><vAcc>-1.000000</vAcc></extensions></trkpt>
      <trkpt lon="-117.326857" lat="33.977118"><ele>0.000000</ele><time>2024-09-27T17:54:33Z</time><extensions><speed>1.181321</speed><course>356.789448</course><hAcc>5.826013</hAcc><vAcc>-1.000000</vAcc></extensions></trkpt>
      <trkpt lon="-117.326857" lat="33.977128"><ele>0.000000</ele><time>2024-09-27T17:54:34Z</time><extensions><speed>1.185898</speed><course>357.167894</course><hAcc>5.826815</hAcc><vAcc>-1.000000</vAcc></extensions></trkpt>
      <trkpt lon="-117.326858" lat="33.977139"><ele>0.000000</ele><time>2024-09-27T17:54:35Z</time><extensions><speed>1.189728</speed><course>357.615158</course><hAcc>5.826512</hAcc><vAcc>-1.000000</vAcc></extensions></trkpt>
      <trkpt lon="-117.326858" lat="33.977150"><ele>0.000000</ele><time>2024-09-27T17:54:36Z</time><extensions><speed>1.197061</speed><course>358.124208</course><hAcc>5.825096</hAcc><vAcc>-1.000000</vAcc></extensions></trkpt>
      <trkpt lon="-117.326859" lat="33.977160"><ele>0.000000</ele><time>2024-09-27T17:54:37Z</time><extensions><speed>1.206024</speed><course>358.654053</course><hAcc>5.822571</hAcc><vAcc>-1.000000</vAcc></extensions></trkpt>
      <trkpt lon="-117.326859" lat="33.977171"><ele>0.000000</ele><time>2024-09-27T17:54:38Z</time><extensions><speed>1.213520</speed><course>359.163543</course><hAcc>5.818925</hAcc><vAcc>-1.000000</vAcc></extensions></trkpt>
      <trkpt lon="-117.326859" lat="33.977182"><ele>0.000000</ele><time>2024-09-27T17:54:39Z</time><extensions><speed>1.225812</speed><course>359.619232</course><hAcc>5.814157</hAcc><vAcc>-1.000000</vAcc></extensions></trkpt>
      <trkpt lon="-117.326859" lat="33.977193"><ele>0.000000</ele><time>2024-09-27T17:54:40Z</time><extensions><speed>1.239617</speed><course>359.990612</course><hAcc>5.808275</hAcc><vAcc>-1.000000</vAcc></extensions></trkpt>
      <trkpt lon="-117.326859" lat="33.977204"><ele>0.000000</ele><time>2024-09-27T17:54:41Z</time><extensions><speed>1.255051</speed><course>0.266674</course><hAcc>5.801286</hAcc><vAcc>-1.000000</vAcc></extensions></trkpt>
      <trkpt lon="-117.326859" lat="33.977215"><ele>0.000000</ele><time>2024-09-27T17:54:42Z</time><extensions><speed>1.263279</speed><course>0.454568</course><hAcc>5.793194</hAcc><vAcc>-1.000000</vAcc></extensions></trkpt>
      <trkpt lon="-117.326859" lat="33.977227"><ele>0.000000</ele><time>2024-09-27T17:54:43Z</time><extensions><speed>1.263700</speed><course>0.701868</course><hAcc>5.784002</hAcc><vAcc>-1.000000</vAcc></extensions></trkpt>
      <trkpt lon="-117.326858" lat="33.977238"><ele>0.000000</ele><time>2024-09-27T17:54:44Z</time><extensions><speed>1.265020</speed><course>1.047787</course><hAcc>5.773712</hAcc><vAcc>-1.000000</vAcc></extensions></trkpt>
      <trkpt lon="-117.326857" lat="33.977249"><ele>0.000000</ele><time>2024-09-27T17:54:45Z</time><extensions><speed>1.263892</speed><course>1.485349</course><hAcc>5.762319</hAcc><vAcc>-1.000000</vAcc></extensions></trkpt>
      <trkpt lon="-117.326857" lat="33.977261"><ele>0.000000</ele><time>2024-09-27T17:54:46Z</time><extensions><speed>1.269546</speed><course>2.018490</course><hAcc>5.749822</hAcc><vAcc>-1.000000</vAcc></extensions></trkpt>
      <trkpt lon="-117.326856" lat="33.977272"><ele>0.000000</ele><time>2024-09-27T17:54:47Z</time><extensions><speed>1.272460</speed><course>2.658362</course><hAcc>5.736212</hAcc><vAcc>-1.000000</vAcc></extensions></trkpt>
      <trkpt lon="-117.326854" lat="33.977283"><ele>0.000000</ele><time>2024-09-27T17:54:48Z</time><extensions><speed>1.273804</speed><course>3.410132</course><hAcc>5.721495</hAcc><vAcc>-1.000000</vAcc></extensions></trkpt>
      <trkpt lon="-117.326853" lat="33.977295"><ele>0.000000</ele><time>2024-09-27T17:54:49Z</time><extensions><speed>1.276784</speed><course>4.263761</course><hAcc>5.705699</hAcc><vAcc>-1.000000</vAcc></extensions></trkpt>
      <trkpt lon="-117.326851" lat="33.977306"><ele>0.000000</ele><time>2024-09-27T17:54:50Z</time><extensions><speed>1.284385</speed><course>5.204999</course><hAcc>5.688802</hAcc><vAcc>-1.000000</vAcc></extensions></trkpt>
      <trkpt lon="-117.326849" lat="33.977317"><ele>0.000000</ele><time>2024-09-27T17:54:51Z</time><extensions><speed>1.294229</speed><course>6.224465</course><hAcc>5.670772</hAcc><vAcc>-1.000000</vAcc></extensions></trkpt>
      <trkpt lon="-117.326847" lat="33.977329"><ele>0.000000</ele><time>2024-09-27T17:54:52Z</time><extensions><speed>1.298436</speed><course>7.280466</course><hAcc>5.651608</hAcc><vAcc>-1.000000</vAcc></extensions></trkpt>
      <trkpt lon="-117.326845" lat="33.977340"><ele>0.000000</ele><time>2024-09-27T17:54:53Z</time><extensions><speed>1.289749</speed><course>8.364784</course><hAcc>5.631321</hAcc><vAcc>-1.000000</vAcc></extensions></trkpt>
      <trkpt lon="-117.326842" lat="33.977352"><ele>0.000000</ele><time>2024-09-27T17:54:54Z</time><extensions><speed>1.273174</speed><course>9.412567</course><hAcc>5.609909</hAcc><vAcc>-1.000000</vAcc></extensions></trkpt>
      <trkpt lon="-117.326839" lat="33.977363"><ele>0.000000</ele><time>2024-09-27T17:54:55Z</time><extensions><speed>1.241371</speed><course>10.479054</course><hAcc>5.587369</hAcc><vAcc>-1.000000</vAcc></extensions></trkpt>
      <trkpt lon="-117.326836" lat="33.977373"><ele>0.000000</ele><time>2024-09-27T17:54:56Z</time><extensions><speed>1.192972</speed><course>11.645162</course><hAcc>5.563675</hAcc><vAcc>-1.000000</vAcc></extensions></trkpt>
      <trkpt lon="-117.326833" lat="33.977383"><ele>0.000000</ele><time>2024-09-27T17:54:57Z</time><extensions><speed>1.137617</speed><course>12.866752</course><hAcc>5.538841</hAcc><vAcc>-1.000000</vAcc></extensions></trkpt>
      <trkpt lon="-117.326830" lat="33.977393"><ele>0.000000</ele><time>2024-09-27T17:54:58Z</time><extensions><speed>1.087041</speed><course>13.831142</course><hAcc>5.512862</hAcc><vAcc>-1.000000</vAcc></extensions></trkpt>
      <trkpt lon="-117.326827" lat="33.977402"><ele>0.000000</ele><time>2024-09-27T17:54:59Z</time><extensions><speed>1.045210</speed><course>14.390783</course><hAcc>5.485662</hAcc><vAcc>-1.000000</vAcc></extensions></trkpt>
      <trkpt lon="-117.326824" lat="33.977411"><ele>0.000000</ele><time>2024-09-27T17:55:00Z</time><extensions><speed>1.016818</speed><course>14.603354</course><hAcc>5.457177</hAcc><vAcc>-1.000000</vAcc></extensions></trkpt>
      <trkpt lon="-117.326821" lat="33.977419"><ele>0.000000</ele><time>2024-09-27T17:55:01Z</time><extensions><speed>0.992967</speed><course>14.627648</course><hAcc>5.427336</hAcc><vAcc>-1.000000</vAcc></extensions></trkpt>
      <trkpt lon="-117.326818" lat="33.977428"><ele>0.000000</ele><time>2024-09-27T17:55:02Z</time><extensions><speed>0.961052</speed><course>14.700642</course><hAcc>5.396063</hAcc><vAcc>-1.000000</vAcc></extensions></trkpt>
      <trkpt lon="-117.326815" lat="33.977436"><ele>0.000000</ele><time>2024-09-27T17:55:03Z</time><extensions><speed>0.960510</speed><course>14.211417</course><hAcc>5.363252</hAcc><vAcc>-1.000000</vAcc></extensions></trkpt>
      <trkpt lon="-117.326813" lat="33.977445"><ele>0.000000</ele><time>2024-09-27T17:55:04Z</time><extensions><speed>0.987825</speed><course>13.111219</course><hAcc>5.328778</hAcc><vAcc>-1.000000</vAcc></extensions></trkpt>
      <trkpt lon="-117.326810" lat="33.977454"><ele>0.000000</ele><time>2024-09-27T17:55:05Z</time><extensions><speed>1.033678</speed><course>11.576493</course><hAcc>5.292473</hAcc><vAcc>-1.000000</vAcc></extensions></trkpt>
      <trkpt lon="-117.326808" lat="33.977463"><ele>0.000000</ele><time>2024-09-27T17:55:06Z</time><extensions><speed>1.082345</speed><course>10.072810</course><hAcc>5.254208</hAcc><vAcc>-1.000000</vAcc></extensions></trkpt>
      <trkpt lon="-117.326806" lat="33.977473"><ele>0.000000</ele><time>2024-09-27T17:55:07Z</time><extensions><speed>1.121218</speed><course>8.767471</course><hAcc>5.213883</hAcc><vAcc>-1.000000</vAcc></extensions></trkpt>
      <trkpt lon="-117.326804" lat="33.977483"><ele>0.000000</ele><time>2024-09-27T17:55:08Z</time><extensions><speed>1.154019</speed><course>7.693436</course><hAcc>5.171416</hAcc><vAcc>-1.000000</vAcc></extensions></trkpt>
      <trkpt lon="-117.326802" lat="33.977493"><ele>0.000000</ele><time>2024-09-27T17:55:09Z</time><extensions><speed>1.177764</speed><course>6.900213</course><hAcc>5.126743</hAcc><vAcc>-1.000000</vAcc></extensions></trkpt>
      <trkpt lon="-117.326801" lat="33.977504"><ele>0.000000</ele><time>2024-09-27T17:55:10Z</time><extensions><speed>1.197868</speed><course>6.197047</course><hAcc>5.079815</hAcc><vAcc>-1.000000</vAcc></extensions></trkpt>
      <trkpt lon="-117.326799" lat="33.977514"><ele>0.000000</ele><time>2024-09-27T17:55:11Z</time><extensions><speed>1.205502</speed><course>5.541427</course><hAcc>5.030566</hAcc><vAcc>-1.000000</vAcc></extensions></trkpt>
      <trkpt lon="-117.326798" lat="33.977525"><ele>0.000000</ele><time>2024-09-27T17:55:12Z</time><extensions><speed>1.205025</speed><course>5.062517</course><hAcc>4.978915</hAcc><vAcc>-1.000000</vAcc></extensions></trkpt>
      <trkpt lon="-117.326797" lat="33.977536"><ele>0.000000</ele><time>2024-09-27T17:55:13Z</time><extensions><speed>1.202339</speed><course>4.685187</course><hAcc>4.924771</hAcc><vAcc>-1.000000</vAcc></extensions></trkpt>
      <trkpt lon="-117.326796" lat="33.977547"><ele>0.000000</ele><time>2024-09-27T17:55:14Z</time><extensions><speed>1.197363</speed><course>4.433888</course><hAcc>4.867981</hAcc><vAcc>-1.000000</vAcc></extensions></trkpt>
      <trkpt lon="-117.326795" lat="33.977557"><ele>0.000000</ele><time>2024-09-27T17:55:15Z</time><extensions><speed>1.196661</speed><course>4.376901</course><hAcc>4.808378</hAcc><vAcc>-1.000000</vAcc></extensions></trkpt>
      <trkpt lon="-117.326794" lat="33.977568"><ele>0.000000</ele><time>2024-09-27T17:55:16Z</time><extensions><speed>1.203279</speed><course>4.427554</course><hAcc>4.745803</hAcc><vAcc>-1.000000</vAcc></extensions></trkpt>
      <trkpt lon="-117.326792" lat="33.977579"><ele>0.000000</ele><time>2024-09-27T17:55:17Z</time><extensions><speed>1.207632</speed><course>4.557651</course><hAcc>4.680069</hAcc><vAcc>-1.000000</vAcc></extensions></trkpt>
      <trkpt lon="-117.326791" lat="33.977589"><ele>0.000000</ele><time>2024-09-27T17:55:18Z</time><extensions><speed>1.205688</speed><course>4.770537</course><hAcc>4.610952</hAcc><vAcc>-1.000000</vAcc></extensions></trkpt>
      <trkpt lon="-117.326790" lat="33.977600"><ele>0.000000</ele><time>2024-09-27T17:55:19Z</time><extensions><speed>1.198607</speed><course>5.072617</course><hAcc>4.538164</hAcc><vAcc>-1.000000</vAcc></extensions></trkpt>
      <trkpt lon="-117.326789" lat="33.977611"><ele>0.000000</ele><time>2024-09-27T17:55:20Z</time><extensions><speed>1.189881</speed><course>5.537971</course><hAcc>4.461357</hAcc><vAcc>-1.000000</vAcc></extensions></trkpt>
      <trkpt lon="-117.326787" lat="33.977621"><ele>0.000000</ele><time>2024-09-27T17:55:21Z</time><extensions><speed>1.184605</speed><course>6.162693</course><hAcc>4.380127</hAcc><vAcc>-1.000000</vAcc></extensions></trkpt>
      <trkpt lon="-117.326786" lat="33.977632"><ele>0.000000</ele><time>2024-09-27T17:55:22Z</time><extensions><speed>1.187646</speed><course>6.761912</course><hAcc>4.293991</hAcc><vAcc>-1.000000</vAcc></extensions></trkpt>
      <trkpt lon="-117.326784" lat="33.977643"><ele>0.000000</ele><time>2024-09-27T17:55:23Z</time><extensions><speed>1.188489</speed><course>7.290815</course><hAcc>4.202289</hAcc><vAcc>-1.000000</vAcc></extensions></trkpt>
      <trkpt lon="-117.326782" lat="33.977653"><ele>0.000000</ele><time>2024-09-27T17:55:24Z</time><extensions><speed>1.195819</speed><course>7.684562</course><hAcc>4.103953</hAcc><vAcc>-1.000000</vAcc></extensions></trkpt>
      <trkpt lon="-117.326781" lat="33.977664"><ele>0.000000</ele><time>2024-09-27T17:55:25Z</time><extensions><speed>1.206291</speed><course>7.945909</course><hAcc>3.997303</hAcc><vAcc>-1.000000</vAcc></extensions></trkpt>
      <trkpt lon="-117.326779" lat="33.977674"><ele>0.000000</ele><time>2024-09-27T17:55:26Z</time><extensions><speed>1.227230</speed><course>8.022399</course><hAcc>3.881538</hAcc><vAcc>-1.000000</vAcc></extensions></trkpt>
      <trkpt lon="-117.326777" lat="33.977685"><ele>0.000000</ele><time>2024-09-27T17:55:27Z</time><extensions><speed>1.251827</speed><course>7.947416</course><hAcc>3.755564</hAcc><vAcc>-1.000000</vAcc></extensions></trkpt>
      <trkpt lon="-117.326775" lat="33.977697"><ele>0.000000</ele><time>2024-09-27T17:55:28Z</time><extensions><speed>1.275183</speed><course>7.670027</course><hAcc>3.618530</hAcc><vAcc>-1.000000</vAcc></extensions></trkpt>
      <trkpt lon="-117.326773" lat="33.977708"><ele>0.000000</ele><time>2024-09-27T17:55:29Z</time><extensions><speed>1.303331</speed><course>7.121695</course><hAcc>3.469050</hAcc><vAcc>-1.000000</vAcc></extensions></trkpt>
      <trkpt lon="-117.326772" lat="33.977720"><ele>0.000000</ele><time>2024-09-27T17:55:30Z</time><extensions><speed>1.331114</speed><course>6.323148</course><hAcc>3.307535</hAcc><vAcc>-1.000000</vAcc></extensions></trkpt>
      <trkpt lon="-117.326770" lat="33.977732"><ele>0.000000</ele><time>2024-09-27T17:55:31Z</time><extensions><speed>1.352938</speed><course>5.329403</course><hAcc>3.137024</hAcc><vAcc>-1.000000</vAcc></extensions></trkpt>
      <trkpt lon="-117.326769" lat="33.977744"><ele>0.000000</ele><time>2024-09-27T17:55:32Z</time><extensions><speed>1.371349</speed><course>4.245217</course><hAcc>2.965017</hAcc><vAcc>-1.000000</vAcc></extensions></trkpt>
      <trkpt lon="-117.326768" lat="33.977756"><ele>0.000000</ele><time>2024-09-27T17:55:33Z</time><extensions><speed>1.400396</speed><course>3.175696</course><hAcc>2.804525</hAcc><vAcc>-1.000000</vAcc></extensions></trkpt>
      <trkpt lon="-117.326767" lat="33.977767"><ele>0.000000</ele><time>2024-09-27T17:55:33Z</time><extensions><speed>1.432705</speed><course>2.460863</course><hAcc>2.709879</hAcc><vAcc>-1.000000</vAcc></extensions></trkpt>
      <trkpt lon="-117.326767" lat="33.977782"><ele>0.000000</ele><time>2024-09-27T17:55:35Z</time><extensions><speed>1.491872</speed><course>1.519036</course><hAcc>2.648073</hAcc><vAcc>-1.000000</vAcc></extensions></trkpt>
      <trkpt lon="-117.326766" lat="33.977796"><ele>0.000000</ele><time>2024-09-27T17:55:36Z</time><extensions><speed>1.500855</speed><course>0.996041</course><hAcc>2.642946</hAcc><vAcc>-1.000000</vAcc></extensions></trkpt>
      <trkpt lon="-117.326766" lat="33.977808"><ele>0.000000</ele><time>2024-09-27T17:55:36Z</time><extensions><speed>1.503297</speed><course>0.689110</course><hAcc>2.718457</hAcc><vAcc>-1.000000</vAcc></extensions></trkpt>
      <trkpt lon="-117.326766" lat="33.977823"><ele>0.000000</ele><time>2024-09-27T17:55:38Z</time><extensions><speed>1.492797</speed><course>0.312118</course><hAcc>2.886268</hAcc><vAcc>-1.000000</vAcc></extensions></trkpt>
      <trkpt lon="-117.326766" lat="33.977836"><ele>0.000000</ele><time>2024-09-27T17:55:39Z</time><extensions><speed>1.448186</speed><course>0.125529</course><hAcc>3.057477</hAcc><vAcc>-1.000000</vAcc></extensions></trkpt>
      <trkpt lon="-117.326766" lat="33.977849"><ele>0.000000</ele><time>2024-09-27T17:55:40Z</time><extensions><speed>1.412740</speed><course>0.008220</course><hAcc>3.236489</hAcc><vAcc>-1.000000</vAcc></extensions></trkpt>
      <trkpt lon="-117.326766" lat="33.977861"><ele>0.000000</ele><time>2024-09-27T17:55:41Z</time><extensions><speed>1.389052</speed><course>359.937973</course><hAcc>3.406668</hAcc><vAcc>-1.000000</vAcc></extensions></trkpt>
      <trkpt lon="-117.326766" lat="33.977874"><ele>0.000000</ele><time>2024-09-27T17:55:42Z</time><extensions><speed>1.367088</speed><course>359.902685</course><hAcc>3.563273</hAcc><vAcc>-1.000000</vAcc></extensions></trkpt>
      <trkpt lon="-117.326766" lat="33.977886"><ele>0.000000</ele><time>2024-09-27T17:55:43Z</time><extensions><speed>1.351414</speed><course>359.978411</course><hAcc>3.706195</hAcc><vAcc>-1.000000</vAcc></extensions></trkpt>
      <trkpt lon="-117.326766" lat="33.977898"><ele>0.000000</ele><time>2024-09-27T17:55:44Z</time><extensions><speed>1.338792</speed><course>0.175512</course><hAcc>3.836781</hAcc><vAcc>-1.000000</vAcc></extensions></trkpt>
      <trkpt lon="-117.326766" lat="33.977910"><ele>0.000000</ele><time>2024-09-27T17:55:45Z</time><extensions><speed>1.324802</speed><course>0.396078</course><hAcc>3.956619</hAcc><vAcc>-1.000000</vAcc></extensions></trkpt>
      <trkpt lon="-117.326765" lat="33.977922"><ele>0.000000</ele><time>2024-09-27T17:55:46Z</time><extensions><speed>1.303405</speed><course>0.663460</course><hAcc>4.067144</hAcc><vAcc>-1.000000</vAcc></extensions></trkpt>
      <trkpt lon="-117.326765" lat="33.977934"><ele>0.000000</ele><time>2024-09-27T17:55:47Z</time><extensions><speed>1.276838</speed><course>0.979404</course><hAcc>4.169554</hAcc><vAcc>-1.000000</vAcc></extensions></trkpt>
      <trkpt lon="-117.326765" lat="33.977945"><ele>0.000000</ele><time>2024-09-27T17:55:48Z</time><extensions><speed>1.244234</speed><course>1.346465</course><hAcc>4.264834</hAcc><vAcc>-1.000000</vAcc></extensions></trkpt>
      <trkpt lon="-117.326764" lat="33.977956"><ele>0.000000</ele><time>2024-09-27T17:55:49Z</time><extensions><speed>1.199375</speed><course>1.780119</course><hAcc>4.353816</hAcc><vAcc>-1.000000</vAcc></extensions></trkpt>
      <trkpt lon="-117.326764" lat="33.977966"><ele>0.000000</ele><time>2024-09-27T17:55:50Z</time><extensions><speed>1.157090</speed><course>2.340966</course><hAcc>4.437194</hAcc><vAcc>-1.000000</vAcc></extensions></trkpt>
      <trkpt lon="-117.326763" lat="33.977976"><ele>0.000000</ele><time>2024-09-27T17:55:51Z</time><extensions><speed>1.100110</speed><course>3.122921</course><hAcc>4.515546</hAcc><vAcc>-1.000000</vAcc></extensions></trkpt>
      <trkpt lon="-117.326762" lat="33.977986"><ele>0.000000</ele><time>2024-09-27T17:55:52Z</time><extensions><speed>1.022197</speed><course>3.995656</course><hAcc>4.589319</hAcc><vAcc>-1.000000</vAcc></extensions></trkpt>
      <trkpt lon="-117.326761" lat="33.977994"><ele>0.000000</ele><time>2024-09-27T17:55:53Z</time><extensions><speed>0.925871</speed><course>4.949874</course><hAcc>4.658924</hAcc><vAcc>-1.000000</vAcc></extensions></trkpt>
      <trkpt lon="-117.326760" lat="33.978002"><ele>0.000000</ele><time>2024-09-27T17:55:54Z</time><extensions><speed>0.827550</speed><course>5.928181</course><hAcc>4.724760</hAcc><vAcc>-1.000000</vAcc></extensions></trkpt>
      <trkpt lon="-117.326759" lat="33.978009"><ele>0.000000</ele><time>2024-09-27T17:55:55Z</time><extensions><speed>0.737508</speed><course>6.975254</course><hAcc>4.787225</hAcc><vAcc>-1.000000</vAcc></extensions></trkpt>
      <trkpt lon="-117.326758" lat="33.978015"><ele>0.000000</ele><time>2024-09-27T17:55:56Z</time><extensions><speed>0.706285</speed><course>7.654301</course><hAcc>4.846698</hAcc><vAcc>-1.000000</vAcc></extensions></trkpt>
      <trkpt lon="-117.326757" lat="33.978021"><ele>0.000000</ele><time>2024-09-27T17:55:57Z</time><extensions><speed>0.726261</speed><course>7.870478</course><hAcc>4.903500</hAcc><vAcc>-1.000000</vAcc></extensions></trkpt>
      <trkpt lon="-117.326756" lat="33.978028"><ele>0.000000</ele><time>2024-09-27T17:55:58Z</time><extensions><speed>0.797543</speed><course>7.605126</course><hAcc>4.957887</hAcc><vAcc>-1.000000</vAcc></extensions></trkpt>
      <trkpt lon="-117.326754" lat="33.978036"><ele>0.000000</ele><time>2024-09-27T17:55:59Z</time><extensions><speed>0.923176</speed><course>6.945307</course><hAcc>5.010047</hAcc><vAcc>-1.000000</vAcc></extensions></trkpt>
      <trkpt lon="-117.326753" lat="33.978045"><ele>0.000000</ele><time>2024-09-27T17:56:00Z</time><extensions><speed>1.009673</speed><course>6.584151</course><hAcc>5.060112</hAcc><vAcc>-1.000000</vAcc></extensions></trkpt>
      <trkpt lon="-117.326752" lat="33.978054"><ele>0.000000</ele><time>2024-09-27T17:56:01Z</time><extensions><speed>1.082879</speed><course>6.203636</course><hAcc>5.108184</hAcc><vAcc>-1.000000</vAcc></extensions></trkpt>
      <trkpt lon="-117.326750" lat="33.978064"><ele>0.000000</ele><time>2024-09-27T17:56:02Z</time><extensions><speed>1.140002</speed><course>5.826026</course><hAcc>5.154354</hAcc><vAcc>-1.000000</vAcc></extensions></trkpt>
      <trkpt lon="-117.326749" lat="33.978074"><ele>0.000000</ele><time>2024-09-27T17:56:03Z</time><extensions><speed>1.225265</speed><course>5.260131</course><hAcc>5.198697</hAcc><vAcc>-1.000000</vAcc></extensions></trkpt>
      <trkpt lon="-117.326748" lat="33.978086"><ele>0.000000</ele><time>2024-09-27T17:56:04Z</time><extensions><speed>1.285867</speed><course>4.772592</course><hAcc>5.241269</hAcc><vAcc>-1.000000</vAcc></extensions></trkpt>
      <trkpt lon="-117.326747" lat="33.978097"><ele>0.000000</ele><time>2024-09-27T17:56:05Z</time><extensions><speed>1.323920</speed><course>4.325444</course><hAcc>5.282101</hAcc><vAcc>-1.000000</vAcc></extensions></trkpt>
      <trkpt lon="-117.326746" lat="33.978109"><ele>0.000000</ele><time>2024-09-27T17:56:06Z</time><extensions><speed>1.353949</speed><course>3.902013</course><hAcc>5.321210</hAcc><vAcc>-1.000000</vAcc></extensions></trkpt>
      <trkpt lon="-117.326745" lat="33.978121"><ele>0.000000</ele><time>2024-09-27T17:56:07Z</time><extensions><speed>1.381624</speed><course>3.485766</course><hAcc>5.358979</hAcc><vAcc>-1.000000</vAcc></extensions></trkpt>
      <trkpt lon="-117.326744" lat="33.978134"><ele>0.000000</ele><time>2024-09-27T17:56:07Z</time><extensions><speed>1.396219</speed><course>3.088659</course><hAcc>5.395239</hAcc><vAcc>-1.000000</vAcc></extensions></trkpt>
      <trkpt lon="-117.326743" lat="33.978146"><ele>0.000000</ele><time>2024-09-27T17:56:08Z</time><extensions><speed>1.399419</speed><course>2.704160</course><hAcc>5.429994</hAcc><vAcc>-1.000000</vAcc></extensions></trkpt>
      <trkpt lon="-117.326742" lat="33.978159"><ele>0.000000</ele><time>2024-09-27T17:56:09Z</time><extensions><speed>1.395790</speed><course>2.309415</course><hAcc>5.463269</hAcc><vAcc>-1.000000</vAcc></extensions></trkpt>
      <trkpt lon="-117.326742" lat="33.978171"><ele>0.000000</ele><time>2024-09-27T17:56:10Z</time><extensions><speed>1.393855</speed><course>1.831930</course><hAcc>5.495082</hAcc><vAcc>-1.000000</vAcc></extensions></trkpt>
      <trkpt lon="-117.326742" lat="33.978184"><ele>0.000000</ele><time>2024-09-27T17:56:11Z</time><extensions><speed>1.396077</speed><course>1.330691</course><hAcc>5.525431</hAcc><vAcc>-1.000000</vAcc></extensions></trkpt>
      <trkpt lon="-117.326742" lat="33.978197"><ele>0.000000</ele><time>2024-09-27T17:56:12Z</time><extensions><speed>1.402441</speed><course>0.832201</course><hAcc>5.554300</hAcc><vAcc>-1.000000</vAcc></extensions></trkpt>
      <trkpt lon="-117.326742" lat="33.978209"><ele>0.000000</ele><time>2024-09-27T17:56:13Z</time><extensions><speed>1.412624</speed><course>0.278303</course><hAcc>5.581799</hAcc><vAcc>-1.000000</vAcc></extensions></trkpt>
      <trkpt lon="-117.326742" lat="33.978222"><ele>0.000000</ele><time>2024-09-27T17:56:14Z</time><extensions><speed>1.413290</speed><course>359.666519</course><hAcc>5.608382</hAcc><vAcc>-1.000000</vAcc></extensions></trkpt>
      <trkpt lon="-117.326742" lat="33.978234"><ele>0.000000</ele><time>2024-09-27T17:56:15Z</time><extensions><speed>1.402340</speed><course>359.129433</course><hAcc>5.635418</hAcc><vAcc>-1.000000</vAcc></extensions></trkpt>
      <trkpt lon="-117.326743" lat="33.978247"><ele>0.000000</ele><time>2024-09-27T17:56:17Z</time><extensions><speed>1.388100</speed><course>358.576357</course><hAcc>5.660369</hAcc><vAcc>-1.000000</vAcc></extensions></trkpt>
      <trkpt lon="-117.326744" lat="33.978260"><ele>0.000000</ele><time>2024-09-27T17:56:18Z</time><extensions><speed>1.378057</speed><course>358.043181</course><hAcc>5.677345</hAcc><vAcc>-1.000000</vAcc></extensions></trkpt>
      <trkpt lon="-117.326744" lat="33.978272"><ele>0.000000</ele><time>2024-09-27T17:56:19Z</time><extensions><speed>1.361468</speed><course>357.538916</course><hAcc>5.694735</hAcc><vAcc>-1.000000</vAcc></extensions></trkpt>
      <trkpt lon="-117.326745" lat="33.978284"><ele>0.000000</ele><time>2024-09-27T17:56:20Z</time><extensions><speed>1.342908</speed><course>357.092663</course><hAcc>5.711295</hAcc><vAcc>-1.000000</vAcc></extensions></trkpt>
      <trkpt lon="-117.326746" lat="33.978296"><ele>0.000000</ele><time>2024-09-27T17:56:20Z</time><extensions><speed>1.326345</speed><course>356.742380</course><hAcc>5.726700</hAcc><vAcc>-1.000000</vAcc></extensions></trkpt>
      <trkpt lon="-117.326747" lat="33.978308"><ele>0.000000</ele><time>2024-09-27T17:56:21Z</time><extensions><speed>1.319412</speed><course>356.566272</course><hAcc>5.740949</hAcc><vAcc>-1.000000</vAcc></extensions></trkpt>
      <trkpt lon="-117.326748" lat="33.978320"><ele>0.000000</ele><time>2024-09-27T17:56:22Z</time><extensions><speed>1.320023</speed><course>356.561226</course><hAcc>5.754117</hAcc><vAcc>-1.000000</vAcc></extensions></trkpt>
      <trkpt lon="-117.326749" lat="33.978331"><ele>0.000000</ele><time>2024-09-27T17:56:23Z</time><extensions><speed>1.322055</speed><course>356.742713</course><hAcc>5.766268</hAcc><vAcc>-1.000000</vAcc></extensions></trkpt>
      <trkpt lon="-117.326749" lat="33.978343"><ele>0.000000</ele><time>2024-09-27T17:56:24Z</time><extensions><speed>1.332238</speed><course>357.077161</course><hAcc>5.777426</hAcc><vAcc>-1.000000</vAcc></extensions></trkpt>
      <trkpt lon="-117.326750" lat="33.978355"><ele>0.000000</ele><time>2024-09-27T17:56:25Z</time><extensions><speed>1.356686</speed><course>357.512463</course><hAcc>5.787579</hAcc><vAcc>-1.000000</vAcc></extensions></trkpt>
      <trkpt lon="-117.326751" lat="33.978368"><ele>0.000000</ele><time>2024-09-27T17:56:26Z</time><extensions><speed>1.379984</speed><course>357.948133</course><hAcc>5.796703</hAcc><vAcc>-1.000000</vAcc></extensions></trkpt>
      <trkpt lon="-117.326751" lat="33.978380"><ele>0.000000</ele><time>2024-09-27T17:56:27Z</time><extensions><speed>1.409055</speed><course>358.371625</course><hAcc>5.804769</hAcc><vAcc>-1.000000</vAcc></extensions></trkpt>
      <trkpt lon="-117.326752" lat="33.978393"><ele>0.000000</ele><time>2024-09-27T17:56:28Z</time><extensions><speed>1.436484</speed><course>358.745682</course><hAcc>5.811763</hAcc><vAcc>-1.000000</vAcc></extensions></trkpt>
      <trkpt lon="-117.326752" lat="33.978406"><ele>0.000000</ele><time>2024-09-27T17:56:29Z</time><extensions><speed>1.452356</speed><course>359.036528</course><hAcc>5.817693</hAcc><vAcc>-1.000000</vAcc></extensions></trkpt>
      <trkpt lon="-117.326752" lat="33.978419"><ele>0.000000</ele><time>2024-09-27T17:56:30Z</time><extensions><speed>1.454367</speed><course>359.236333</course><hAcc>5.822556</hAcc><vAcc>-1.000000</vAcc></extensions></trkpt>
      <trkpt lon="-117.326753" lat="33.978432"><ele>0.000000</ele><time>2024-09-27T17:56:31Z</time><extensions><speed>1.449088</speed><course>359.343755</course><hAcc>5.826326</hAcc><vAcc>-1.000000</vAcc></extensions></trkpt>
      <trkpt lon="-117.326753" lat="33.978445"><ele>0.000000</ele><time>2024-09-27T17:56:32Z</time><extensions><speed>1.446226</speed><course>359.358314</course><hAcc>5.828989</hAcc><vAcc>-1.000000</vAcc></extensions></trkpt>
      <trkpt lon="-117.326753" lat="33.978458"><ele>0.000000</ele><time>2024-09-27T17:56:33Z</time><extensions><speed>1.446800</speed><course>359.248913</course><hAcc>5.830561</hAcc><vAcc>-1.000000</vAcc></extensions></trkpt>
      <trkpt lon="-117.326754" lat="33.978471"><ele>0.000000</ele><time>2024-09-27T17:56:34Z</time><extensions><speed>1.438272</speed><course>358.990872</course><hAcc>5.831075</hAcc><vAcc>-1.000000</vAcc></extensions></trkpt>
      <trkpt lon="-117.326754" lat="33.978484"><ele>0.000000</ele><time>2024-09-27T17:56:35Z</time><extensions><speed>1.418558</speed><course>358.619744</course><hAcc>5.830542</hAcc><vAcc>-1.000000</vAcc></extensions></trkpt>
      <trkpt lon="-117.326755" lat="33.978496"><ele>0.000000</ele><time>2024-09-27T17:56:36Z</time><extensions><speed>1.388055</speed><course>358.078320</course><hAcc>5.829016</hAcc><vAcc>-1.000000</vAcc></extensions></trkpt>
      <trkpt lon="-117.326756" lat="33.978508"><ele>0.000000</ele><time>2024-09-27T17:56:37Z</time><extensions><speed>1.347866</speed><course>357.378450</course><hAcc>5.826514</hAcc><vAcc>-1.000000</vAcc></extensions></trkpt>
      <trkpt lon="-117.326757" lat="33.978520"><ele>0.000000</ele><time>2024-09-27T17:56:38Z</time><extensions><speed>1.308949</speed><course>356.664716</course><hAcc>5.823016</hAcc><vAcc>-1.000000</vAcc></extensions></trkpt>
      <trkpt lon="-117.326759" lat="33.978532"><ele>0.000000</ele><time>2024-09-27T17:56:39Z</time><extensions><speed>1.288058</speed><course>355.909635</course><hAcc>5.818518</hAcc><vAcc>-1.000000</vAcc></extensions></trkpt>
      <trkpt lon="-117.326760" lat="33.978543"><ele>0.000000</ele><time>2024-09-27T17:56:40Z</time><extensions><speed>1.274389</speed><course>355.053485</course><hAcc>5.813046</hAcc><vAcc>-1.000000</vAcc></extensions></trkpt>
      <trkpt lon="-117.326762" lat="33.978554"><ele>0.000000</ele><time>2024-09-27T17:56:41Z</time><extensions><speed>1.267235</speed><course>354.214317</course><hAcc>5.806586</hAcc><vAcc>-1.000000</vAcc></extensions></trkpt>
      <trkpt lon="-117.326764" lat="33.978566"><ele>0.000000</ele><time>2024-09-27T17:56:42Z</time><extensions><speed>1.261470</speed><course>353.364614</course><hAcc>5.799142</hAcc><vAcc>-1.000000</vAcc></extensions></trkpt>
      <trkpt lon="-117.326766" lat="33.978577"><ele>0.000000</ele><time>2024-09-27T17:56:43Z</time><extensions><speed>1.258432</speed><course>352.628582</course><hAcc>5.790713</hAcc><vAcc>-1.000000</vAcc></extensions></trkpt>
      <trkpt lon="-117.326768" lat="33.978588"><ele>0.000000</ele><time>2024-09-27T17:56:44Z</time><extensions><speed>1.256309</speed><course>352.091486</course><hAcc>5.781279</hAcc><vAcc>-1.000000</vAcc></extensions></trkpt>
      <trkpt lon="-117.326770" lat="33.978599"><ele>0.000000</ele><time>2024-09-27T17:56:45Z</time><extensions><speed>1.253825</speed><course>351.745786</course><hAcc>5.770800</hAcc><vAcc>-1.000000</vAcc></extensions></trkpt>
      <trkpt lon="-117.326773" lat="33.978610"><ele>0.000000</ele><time>2024-09-27T17:56:46Z</time><extensions><speed>1.251410</speed><course>351.610718</course><hAcc>5.759212</hAcc><vAcc>-1.000000</vAcc></extensions></trkpt>
      <trkpt lon="-117.326775" lat="33.978621"><ele>0.000000</ele><time>2024-09-27T17:56:47Z</time><extensions><speed>1.259253</speed><course>351.763442</course><hAcc>5.746436</hAcc><vAcc>-1.000000</vAcc></extensions></trkpt>
      <trkpt lon="-117.326777" lat="33.978632"><ele>0.000000</ele><time>2024-09-27T17:56:48Z</time><extensions><speed>1.277077</speed><course>352.138547</course><hAcc>5.732395</hAcc><vAcc>-1.000000</vAcc></extensions></trkpt>
      <trkpt lon="-117.326779" lat="33.978644"><ele>0.000000</ele><time>2024-09-27T17:56:49Z</time><extensions><speed>1.289486</speed><course>352.608390</course><hAcc>5.717030</hAcc><vAcc>-1.000000</vAcc></extensions></trkpt>
      <trkpt lon="-117.326780" lat="33.978655"><ele>0.000000</ele><time>2024-09-27T17:56:50Z</time><extensions><speed>1.302526</speed><course>353.236011</course><hAcc>5.700302</hAcc><vAcc>-1.000000</vAcc></extensions></trkpt>
      <trkpt lon="-117.326782" lat="33.978667"><ele>0.000000</ele><time>2024-09-27T17:56:51Z</time><extensions><speed>1.321213</speed><course>354.104224</course><hAcc>5.682225</hAcc><vAcc>-1.000000</vAcc></extensions></trkpt>
      <trkpt lon="-117.326783" lat="33.978679"><ele>0.000000</ele><time>2024-09-27T17:56:52Z</time><extensions><speed>1.333801</speed><course>355.034108</course><hAcc>5.662907</hAcc><vAcc>-1.000000</vAcc></extensions></trkpt>
      <trkpt lon="-117.326784" lat="33.978691"><ele>0.000000</ele><time>2024-09-27T17:56:53Z</time><extensions><speed>1.341669</speed><course>355.996791</course><hAcc>5.642305</hAcc><vAcc>-1.000000</vAcc></extensions></trkpt>
      <trkpt lon="-117.326785" lat="33.978703"><ele>0.000000</ele><time>2024-09-27T17:56:54Z</time><extensions><speed>1.338259</speed><course>356.991180</course><hAcc>5.620369</hAcc><vAcc>-1.000000</vAcc></extensions></trkpt>
      <trkpt lon="-117.326785" lat="33.978714"><ele>0.000000</ele><time>2024-09-27T17:56:55Z</time><extensions><speed>1.327721</speed><course>358.022530</course><hAcc>5.597091</hAcc><vAcc>-1.000000</vAcc></extensions></trkpt>
      <trkpt lon="-117.326785" lat="33.978726"><ele>0.000000</ele><time>2024-09-27T17:56:56Z</time><extensions><speed>1.308802</speed><course>359.089217</course><hAcc>5.572507</hAcc><vAcc>-1.000000</vAcc></extensions></trkpt>
      <trkpt lon="-117.326785" lat="33.978737"><ele>0.000000</ele><time>2024-09-27T17:56:57Z</time><extensions><speed>1.286686</speed><course>0.166396</course><hAcc>5.546663</hAcc><vAcc>-1.000000</vAcc></extensions></trkpt>
      <trkpt lon="-117.326785" lat="33.978748"><ele>0.000000</ele><time>2024-09-27T17:56:58Z</time><extensions><speed>1.255300</speed><course>1.186705</course><hAcc>5.519603</hAcc><vAcc>-1.000000</vAcc></extensions></trkpt>
      <trkpt lon="-117.326784" lat="33.978759"><ele>0.000000</ele><time>2024-09-27T17:56:59Z</time><extensions><speed>1.212210</speed><course>2.188714</course><hAcc>5.491367</hAcc><vAcc>-1.000000</vAcc></extensions></trkpt>
      <trkpt lon="-117.326784" lat="33.978770"><ele>0.000000</ele><time>2024-09-27T17:57:00Z</time><extensions><speed>1.152344</speed><course>3.210635</course><hAcc>5.461959</hAcc><vAcc>-1.000000</vAcc></extensions></trkpt>
      <trkpt lon="-117.326783" lat="33.978779"><ele>0.000000</ele><time>2024-09-27T17:57:01Z</time><extensions><speed>1.073695</speed><course>4.248014</course><hAcc>5.431317</hAcc><vAcc>-1.000000</vAcc></extensions></trkpt>
      <trkpt lon="-117.326781" lat="33.978789"><ele>0.000000</ele><time>2024-09-27T17:57:02Z</time><extensions><speed>1.000779</speed><course>5.296641</course><hAcc>5.399301</hAcc><vAcc>-1.000000</vAcc></extensions></trkpt>
      <trkpt lon="-117.326780" lat="33.978797"><ele>0.000000</ele><time>2024-09-27T17:57:03Z</time><extensions><speed>0.986695</speed><course>6.053402</course><hAcc>5.365889</hAcc><vAcc>-1.000000</vAcc></extensions></trkpt>
      <trkpt lon="-117.326779" lat="33.978806"><ele>0.000000</ele><time>2024-09-27T17:57:04Z</time><extensions><speed>1.045371</speed><course>6.294043</course><hAcc>5.330781</hAcc><vAcc>-1.000000</vAcc></extensions></trkpt>
      <trkpt lon="-117.326777" lat="33.978816"><ele>0.000000</ele><time>2024-09-27T17:57:05Z</time><extensions><speed>1.080275</speed><course>6.578796</course><hAcc>5.293813</hAcc><vAcc>-1.000000</vAcc></extensions></trkpt>
      <trkpt lon="-117.326775" lat="33.978825"><ele>0.000000</ele><time>2024-09-27T17:57:06Z</time><extensions><speed>1.100480</speed><course>6.897193</course><hAcc>5.254947</hAcc><vAcc>-1.000000</vAcc></extensions></trkpt>
      <trkpt lon="-117.326773" lat="33.978834"><ele>0.000000</ele><time>2024-09-27T17:57:07Z</time><extensions><speed>1.104117</speed><course>7.450940</course><hAcc>5.214169</hAcc><vAcc>-1.000000</vAcc></extensions></trkpt>
      <trkpt lon="-117.326771" lat="33.978843"><ele>0.000000</ele><time>2024-09-27T17:57:08Z</time><extensions><speed>1.096670</speed><course>8.296686</course><hAcc>5.171515</hAcc><vAcc>-1.000000</vAcc></extensions></trkpt>
      <trkpt lon="-117.326769" lat="33.978852"><ele>0.000000</ele><time>2024-09-27T17:57:09Z</time><extensions><speed>1.075261</speed><course>9.513752</course><hAcc>5.127052</hAcc><vAcc>-1.000000</vAcc></extensions></trkpt>
      <trkpt lon="-117.326766" lat="33.978861"><ele>0.000000</ele><time>2024-09-27T17:57:10Z</time><extensions><speed>1.046125</speed><course>10.924148</course><hAcc>5.080844</hAcc><vAcc>-1.000000</vAcc></extensions></trkpt>
      <trkpt lon="-117.326764" lat="33.978870"><ele>0.000000</ele><time>2024-09-27T17:57:11Z</time><extensions><speed>1.002148</speed><course>12.537822</course><hAcc>5.032921</hAcc><vAcc>-1.000000</vAcc></extensions></trkpt>
      <trkpt lon="-117.326761" lat="33.978878"><ele>0.000000</ele><time>2024-09-27T17:57:12Z</time><extensions><speed>0.940769</speed><course>14.538288</course><hAcc>4.983219</hAcc><vAcc>-1.000000</vAcc></extensions></trkpt>
      <trkpt lon="-117.326758" lat="33.978886"><ele>0.000000</ele><time>2024-09-27T17:57:13Z</time><extensions><speed>0.865927</speed><course>16.912362</course><hAcc>4.931504</hAcc><vAcc>-1.000000</vAcc></extensions></trkpt>
      <trkpt lon="-117.326755" lat="33.978893"><ele>0.000000</ele><time>2024-09-27T17:57:14Z</time><extensions><speed>0.828333</speed><course>18.583297</course><hAcc>4.877379</hAcc><vAcc>-1.000000</vAcc></extensions></trkpt>
      <trkpt lon="-117.326752" lat="33.978900"><ele>0.000000</ele><time>2024-09-27T17:57:15Z</time><extensions><speed>0.828720</speed><course>19.111277</course><hAcc>4.820403</hAcc><vAcc>-1.000000</vAcc></extensions></trkpt>
      <trkpt lon="-117.326749" lat="33.978907"><ele>0.000000</ele><time>2024-09-27T17:57:16Z</time><extensions><speed>0.874615</speed><course>18.175871</course><hAcc>4.760188</hAcc><vAcc>-1.000000</vAcc></extensions></trkpt>
      <trkpt lon="-117.326746" lat="33.978915"><ele>0.000000</ele><time>2024-09-27T17:57:17Z</time><extensions><speed>0.974721</speed><course>15.893341</course><hAcc>4.696407</hAcc><vAcc>-1.000000</vAcc></extensions></trkpt>
      <trkpt lon="-117.326743" lat="33.978924"><ele>0.000000</ele><time>2024-09-27T17:57:18Z</time><extensions><speed>1.052423</speed><course>13.893518</course><hAcc>4.628789</hAcc><vAcc>-1.000000</vAcc></extensions></trkpt>
      <trkpt lon="-117.326741" lat="33.978933"><ele>0.000000</ele><time>2024-09-27T17:57:19Z</time><extensions><speed>1.114622</speed><course>11.968335</course><hAcc>4.557092</hAcc><vAcc>-1.000000</vAcc></extensions></trkpt>
      <trkpt lon="-117.326738" lat="33.978943"><ele>0.000000</ele><time>2024-09-27T17:57:20Z</time><extensions><speed>1.164189</speed><course>10.177619</course><hAcc>4.481046</hAcc><vAcc>-1.000000</vAcc></extensions></trkpt>
      <trkpt lon="-117.326736" lat="33.978954"><ele>0.000000</ele><time>2024-09-27T17:57:21Z</time><extensions><speed>1.206063</speed><course>8.558181</course><hAcc>4.400312</hAcc><vAcc>-1.000000</vAcc></extensions></trkpt>
      <trkpt lon="-117.326735" lat="33.978965"><ele>0.000000</ele><time>2024-09-27T17:57:22Z</time><extensions><speed>1.239350</speed><course>7.155075</course><hAcc>4.314425</hAcc><vAcc>-1.000000</vAcc></extensions></trkpt>
      <trkpt lon="-117.326733" lat="33.978976"><ele>0.000000</ele><time>2024-09-27T17:57:23Z</time><extensions><speed>1.261716</speed><course>5.967244</course><hAcc>4.223759</hAcc><vAcc>-1.000000</vAcc></extensions></trkpt>
      <trkpt lon="-117.326732" lat="33.978988"><ele>0.000000</ele><time>2024-09-27T17:57:24Z</time><extensions><speed>1.280907</speed><course>4.953190</course><hAcc>4.126055</hAcc><vAcc>-1.000000</vAcc></extensions></trkpt>
      <trkpt lon="-117.326731" lat="33.979000"><ele>0.000000</ele><time>2024-09-27T17:57:25Z</time><extensions><speed>1.289884</speed><course>4.126478</course><hAcc>4.020803</hAcc><vAcc>-1.000000</vAcc></extensions></trkpt>
      <trkpt lon="-117.326730" lat="33.979011"><ele>0.000000</ele><time>2024-09-27T17:57:26Z</time><extensions><speed>1.277079</speed><course>3.476899</course><hAcc>3.908024</hAcc><vAcc>-1.000000</vAcc></extensions></trkpt>
      <trkpt lon="-117.326729" lat="33.979022"><ele>0.000000</ele><time>2024-09-27T17:57:27Z</time><extensions><speed>1.238667</speed><course>2.958708</course><hAcc>3.787466</hAcc><vAcc>-1.000000</vAcc></extensions></trkpt>
      <trkpt lon="-117.326728" lat="33.979033"><ele>0.000000</ele><time>2024-09-27T17:57:28Z</time><extensions><speed>1.175937</speed><course>2.502728</course><hAcc>3.659484</hAcc><vAcc>-1.000000</vAcc></extensions></trkpt>
      <trkpt lon="-117.326728" lat="33.979043"><ele>0.000000</ele><time>2024-09-27T17:57:29Z</time><extensions><speed>1.088048</speed><course>2.083200</course><hAcc>3.525566</hAcc><vAcc>-1.000000</vAcc></extensions></trkpt>
      <trkpt lon="-117.326727" lat="33.979052"><ele>0.000000</ele><time>2024-09-27T17:57:30Z</time><extensions><speed>0.971098</speed><course>1.667985</course><hAcc>3.389245</hAcc><vAcc>-1.000000</vAcc></extensions></trkpt>
      <trkpt lon="-117.326727" lat="33.979060"><ele>0.000000</ele><time>2024-09-27T17:57:31Z</time><extensions><speed>0.829478</speed><course>0.734823</course><hAcc>3.257397</hAcc><vAcc>-1.000000</vAcc></extensions></trkpt>
      <trkpt lon="-117.326727" lat="33.979067"><ele>0.000000</ele><time>2024-09-27T17:57:32Z</time><extensions><speed>0.754808</speed><course>0.276417</course><hAcc>3.141766</hAcc><vAcc>-1.000000</vAcc></extensions></trkpt>
      <trkpt lon="-117.326727" lat="33.979074"><ele>0.000000</ele><time>2024-09-27T17:57:33Z</time><extensions><speed>0.743947</speed><course>359.936337</course><hAcc>3.060187</hAcc><vAcc>-1.000000</vAcc></extensions></trkpt>
      <trkpt lon="-117.326727" lat="33.979081"><ele>0.000000</ele><time>2024-09-27T17:57:34Z</time><extensions><speed>0.753063</speed><course>359.904729</course><hAcc>3.031598</hAcc><vAcc>-1.000000</vAcc></extensions></trkpt>
      <trkpt lon="-117.326727" lat="33.979088"><ele>0.000000</ele><time>2024-09-27T17:57:35Z</time><extensions><speed>0.817322</speed><course>0.315951</course><hAcc>3.056493</hAcc><vAcc>-1.000000</vAcc></extensions></trkpt>
      <trkpt lon="-117.326727" lat="33.979095"><ele>0.000000</ele><time>2024-09-27T17:57:36Z</time><extensions><speed>0.913292</speed><course>1.187216</course><hAcc>3.119325</hAcc><vAcc>-1.000000</vAcc></extensions></trkpt>
      <trkpt lon="-117.326727" lat="33.979104"><ele>0.000000</ele><time>2024-09-27T17:57:37Z</time><extensions><speed>0.981103</speed><course>2.515392</course><hAcc>3.202121</hAcc><vAcc>-1.000000</vAcc></extensions></trkpt>
      <trkpt lon="-117.326727" lat="33.979113"><ele>0.000000</ele><time>2024-09-27T17:57:38Z</time><extensions><speed>1.013092</speed><course>3.272075</course><hAcc>3.290803</hAcc><vAcc>-1.000000</vAcc></extensions></trkpt>
      <trkpt lon="-117.326726" lat="33.979122"><ele>0.000000</ele><time>2024-09-27T17:57:39Z</time><extensions><speed>1.006170</speed><course>4.090673</course><hAcc>3.376485</hAcc><vAcc>-1.000000</vAcc></extensions></trkpt>
      <trkpt lon="-117.326726" lat="33.979131"><ele>0.000000</ele><time>2024-09-27T17:57:40Z</time><extensions><speed>0.947188</speed><course>4.781282</course><hAcc>3.454195</hAcc><vAcc>-1.000000</vAcc></extensions></trkpt>
      <trkpt lon="-117.326725" lat="33.979139"><ele>0.000000</ele><time>2024-09-27T17:57:41Z</time><extensions><speed>0.872881</speed><course>5.494291</course><hAcc>3.520901</hAcc><vAcc>-1.000000</vAcc></extensions></trkpt>
      <trkpt lon="-117.326725" lat="33.979147"><ele>0.000000</ele><time>2024-09-27T17:57:42Z</time><extensions><speed>0.859134</speed><course>358.182015</course><hAcc>3.574538</hAcc><vAcc>-1.000000</vAcc></extensions></trkpt>
      <trkpt lon="-117.326726" lat="33.979155"><ele>0.000000</ele><time>2024-09-27T17:57:43Z</time><extensions><speed>0.858810</speed><course>352.068827</course><hAcc>3.614391</hAcc><vAcc>-1.000000</vAcc></extensions></trkpt>
      <trkpt lon="-117.326728" lat="33.979163"><ele>0.000000</ele><time>2024-09-27T17:57:44Z</time><extensions><speed>0.855057</speed><course>347.558864</course><hAcc>3.640958</hAcc><vAcc>-1.000000</vAcc></extensions></trkpt>
      <trkpt lon="-117.326731" lat="33.979170"><ele>0.000000</ele><time>2024-09-27T17:57:45Z</time><extensions><speed>0.830343</speed><course>344.872819</course><hAcc>3.655284</hAcc><vAcc>-1.000000</vAcc></extensions></trkpt>
      <trkpt lon="-117.326733" lat="33.979177"><ele>0.000000</ele><time>2024-09-27T17:57:46Z</time><extensions><speed>0.770418</speed><course>344.613489</course><hAcc>3.658686</hAcc><vAcc>-1.000000</vAcc></extensions></trkpt>
      <trkpt lon="-117.326735" lat="33.979183"><ele>0.000000</ele><time>2024-09-27T17:57:47Z</time><extensions><speed>0.671549</speed><course>349.673976</course><hAcc>3.652818</hAcc><vAcc>-1.000000</vAcc></extensions></trkpt>
      <trkpt lon="-117.326735" lat="33.979189"><ele>0.000000</ele><time>2024-09-27T17:57:48Z</time><extensions><speed>0.551243</speed><course>5.522932</course><hAcc>3.639929</hAcc><vAcc>-1.000000</vAcc></extensions></trkpt>
      <trkpt lon="-117.326734" lat="33.979194"><ele>0.000000</ele><time>2024-09-27T17:57:49Z</time><extensions><speed>0.555897</speed><course>24.387299</course><hAcc>3.623215</hAcc><vAcc>-1.000000</vAcc></extensions></trkpt>
      <trkpt lon="-117.326730" lat="33.979199"><ele>0.000000</ele><time>2024-09-27T17:57:50Z</time><extensions><speed>0.666987</speed><course>39.327369</course><hAcc>3.606943</hAcc><vAcc>-1.000000</vAcc></extensions></trkpt>
      <trkpt lon="-117.326725" lat="33.979204"><ele>0.000000</ele><time>2024-09-27T17:57:51Z</time><extensions><speed>0.825719</speed><course>47.397487</course><hAcc>3.595715</hAcc><vAcc>-1.000000</vAcc></extensions></trkpt>
      <trkpt lon="-117.326717" lat="33.979209"><ele>0.000000</ele><time>2024-09-27T17:57:52Z</time><extensions><speed>0.978709</speed><course>51.047909</course><hAcc>3.592880</hAcc><vAcc>-1.000000</vAcc></extensions></trkpt>
      <trkpt lon="-117.326708" lat="33.979215"><ele>0.000000</ele><time>2024-09-27T17:57:53Z</time><extensions><speed>1.125465</speed><course>53.194350</course><hAcc>3.599087</hAcc><vAcc>-1.000000</vAcc></extensions></trkpt>
      <trkpt lon="-117.326698" lat="33.979222"><ele>0.000000</ele><time>2024-09-27T17:57:54Z</time><extensions><speed>1.273790</speed><course>54.771248</course><hAcc>3.612174</hAcc><vAcc>-1.000000</vAcc></extensions></trkpt>
      <trkpt lon="-117.326686" lat="33.979229"><ele>0.000000</ele><time>2024-09-27T17:57:55Z</time><extensions><speed>1.418247</speed><course>56.131721</course><hAcc>3.628470</hAcc><vAcc>-1.000000</vAcc></extensions></trkpt>
      <trkpt lon="-117.326672" lat="33.979236"><ele>0.000000</ele><time>2024-09-27T17:57:56Z</time><extensions><speed>1.549226</speed><course>57.579191</course><hAcc>3.644050</hAcc><vAcc>-1.000000</vAcc></extensions></trkpt>
      <trkpt lon="-117.326658" lat="33.979244"><ele>0.000000</ele><time>2024-09-27T17:57:57Z</time><extensions><speed>1.644376</speed><course>59.421603</course><hAcc>3.655410</hAcc><vAcc>-1.000000</vAcc></extensions></trkpt>
      <trkpt lon="-117.326642" lat="33.979251"><ele>0.000000</ele><time>2024-09-27T17:57:58Z</time><extensions><speed>1.694281</speed><course>61.835311</course><hAcc>3.659731</hAcc><vAcc>-1.000000</vAcc></extensions></trkpt>
      <trkpt lon="-117.326625" lat="33.979258"><ele>0.000000</ele><time>2024-09-27T17:57:59Z</time><extensions><speed>1.715885</speed><course>64.685390</course><hAcc>3.654787</hAcc><vAcc>-1.000000</vAcc></extensions></trkpt>
      <trkpt lon="-117.326609" lat="33.979264"><ele>0.000000</ele><time>2024-09-27T17:58:00Z</time><extensions><speed>1.700377</speed><course>67.388567</course><hAcc>3.638843</hAcc><vAcc>-1.000000</vAcc></extensions></trkpt>
      <trkpt lon="-117.326591" lat="33.979270"><ele>0.000000</ele><time>2024-09-27T17:58:01Z</time><extensions><speed>1.691368</speed><course>70.231764</course><hAcc>3.610465</hAcc><vAcc>-1.000000</vAcc></extensions></trkpt>
      <trkpt lon="-117.326574" lat="33.979275"><ele>0.000000</ele><time>2024-09-27T17:58:02Z</time><extensions><speed>1.673355</speed><course>72.778886</course><hAcc>3.568282</hAcc><vAcc>-1.000000</vAcc></extensions></trkpt>
      <trkpt lon="-117.326556" lat="33.979279"><ele>0.000000</ele><time>2024-09-27T17:58:03Z</time><extensions><speed>1.638885</speed><course>74.913296</course><hAcc>3.511154</hAcc><vAcc>-1.000000</vAcc></extensions></trkpt>
      <trkpt lon="-117.326539" lat="33.979282"><ele>0.000000</ele><time>2024-09-27T17:58:04Z</time><extensions><speed>1.594976</speed><course>76.728627</course><hAcc>3.437822</hAcc><vAcc>-1.000000</vAcc></extensions></trkpt>
      <trkpt lon="-117.326522" lat="33.979285"><ele>0.000000</ele><time>2024-09-27T17:58:05Z</time><extensions><speed>1.546241</speed><course>78.294573</course><hAcc>3.346827</hAcc><vAcc>-1.000000</vAcc></extensions></trkpt>
      <trkpt lon="-117.326506" lat="33.979288"><ele>0.000000</ele><time>2024-09-27T17:58:06Z</time><extensions><speed>1.493223</speed><course>79.672605</course><hAcc>3.237089</hAcc><vAcc>-1.000000</vAcc></extensions></trkpt>
      <trkpt lon="-117.326491" lat="33.979290"><ele>0.000000</ele><time>2024-09-27T17:58:07Z</time><extensions><speed>1.418171</speed><course>80.852205</course><hAcc>3.109847</hAcc><vAcc>-1.000000</vAcc></extensions></trkpt>
      <trkpt lon="-117.326477" lat="33.979292"><ele>0.000000</ele><time>2024-09-27T17:58:08Z</time><extensions><speed>1.322579</speed><course>81.966564</course><hAcc>2.968033</hAcc><vAcc>-1.000000</vAcc></extensions></trkpt>
      <trkpt lon="-117.326463" lat="33.979294"><ele>0.000000</ele><time>2024-09-27T17:58:09Z</time><extensions><speed>1.202017</speed><course>83.128328</course><hAcc>2.820860</hAcc><vAcc>-1.000000</vAcc></extensions></trkpt>
      <trkpt lon="-117.326451" lat="33.979295"><ele>0.000000</ele><time>2024-09-27T17:58:10Z</time><extensions><speed>1.021910</speed><course>84.237648</course><hAcc>2.685532</hAcc><vAcc>-1.000000</vAcc></extensions></trkpt>
      <trkpt lon="-117.326442" lat="33.979295"><ele>0.000000</ele><time>2024-09-27T17:58:11Z</time><extensions><speed>0.662012</speed><course>84.337197</course><hAcc>2.577448</hAcc><vAcc>-1.000000</vAcc></extensions></trkpt>
      <trkpt lon="-117.326437" lat="33.979296"><ele>0.000000</ele><time>2024-09-27T17:58:12Z</time><extensions><speed>0.417319</speed><course>85.413767</course><hAcc>2.497805</hAcc><vAcc>-1.000000</vAcc></extensions></trkpt>
      <trkpt lon="-117.326433" lat="33.979296"><ele>0.000000</ele><time>2024-09-27T17:58:13Z</time><extensions><speed>0.304294</speed><course>88.822265</course><hAcc>2.437107</hAcc><vAcc>-1.000000</vAcc></extensions></trkpt>
      <trkpt lon="-117.326430" lat="33.979296"><ele>0.000000</ele><time>2024-09-27T17:58:14Z</time><extensions><speed>0.311149</speed><course>93.101315</course><hAcc>2.384234</hAcc><vAcc>-1.000000</vAcc></extensions></trkpt>
      <trkpt lon="-117.326425" lat="33.979296"><ele>0.000000</ele><time>2024-09-27T17:58:15Z</time><extensions><speed>0.438609</speed><course>95.114353</course><hAcc>2.333224</hAcc><vAcc>-1.000000</vAcc></extensions></trkpt>
      <trkpt lon="-117.326419" lat="33.979295"><ele>0.000000</ele><time>2024-09-27T17:58:16Z</time><extensions><speed>0.671034</speed><course>95.287429</course><hAcc>2.290191</hAcc><vAcc>-1.000000</vAcc></extensions></trkpt>
      <trkpt lon="-117.326411" lat="33.979295"><ele>0.000000</ele><time>2024-09-27T17:58:17Z</time><extensions><speed>0.987084</speed><course>94.891720</course><hAcc>2.262248</hAcc><vAcc>-1.000000</vAcc></extensions></trkpt>
      <trkpt lon="-117.326399" lat="33.979294"><ele>0.000000</ele><time>2024-09-27T17:58:18Z</time><extensions><speed>1.181866</speed><course>95.061805</course><hAcc>2.243241</hAcc><vAcc>-1.000000</vAcc></extensions></trkpt>
      <trkpt lon="-117.326386" lat="33.979293"><ele>0.000000</ele><time>2024-09-27T17:58:19Z</time><extensions><speed>1.278637</speed><course>95.587488</course><hAcc>2.228664</hAcc><vAcc>-1.000000</vAcc></extensions></trkpt>
      <trkpt lon="-117.326371" lat="33.979292"><ele>0.000000</ele><time>2024-09-27T17:58:20Z</time><extensions><speed>1.381493</speed><course>96.043121</course><hAcc>2.220299</hAcc><vAcc>-1.000000</vAcc></extensions></trkpt>
      <trkpt lon="-117.326356" lat="33.979290"><ele>0.000000</ele><time>2024-09-27T17:58:21Z</time><extensions><speed>1.459750</speed><course>96.613304</course><hAcc>2.214895</hAcc><vAcc>-1.000000</vAcc></extensions></trkpt>
      <trkpt lon="-117.326340" lat="33.979289"><ele>0.000000</ele><time>2024-09-27T17:58:22Z</time><extensions><speed>1.495642</speed><course>97.350061</course><hAcc>2.206893</hAcc><vAcc>-1.000000</vAcc></extensions></trkpt>
      <trkpt lon="-117.326324" lat="33.979287"><ele>0.000000</ele><time>2024-09-27T17:58:23Z</time><extensions><speed>1.478684</speed><course>98.175131</course><hAcc>2.190282</hAcc><vAcc>-1.000000</vAcc></extensions></trkpt>
      <trkpt lon="-117.326309" lat="33.979285"><ele>0.000000</ele><time>2024-09-27T17:58:24Z</time><extensions><speed>1.441649</speed><course>98.732040</course><hAcc>2.161647</hAcc><vAcc>-1.000000</vAcc></extensions></trkpt>
      <trkpt lon="-117.326294" lat="33.979283"><ele>0.000000</ele><time>2024-09-27T17:58:25Z</time><extensions><speed>1.403606</speed><course>98.966455</course><hAcc>2.125172</hAcc><vAcc>-1.000000</vAcc></extensions></trkpt>
      <trkpt lon="-117.326279" lat="33.979281"><ele>0.000000</ele><time>2024-09-27T17:58:26Z</time><extensions><speed>1.424889</speed><course>98.791633</course><hAcc>2.089559</hAcc><vAcc>-1.000000</vAcc></extensions></trkpt>
      <trkpt lon="-117.326264" lat="33.979279"><ele>0.000000</ele><time>2024-09-27T17:58:27Z</time><extensions><speed>1.406256</speed><course>99.023027</course><hAcc>2.058905</hAcc><vAcc>-1.000000</vAcc></extensions></trkpt>
      <trkpt lon="-117.326249" lat="33.979277"><ele>0.000000</ele><time>2024-09-27T17:58:28Z</time><extensions><speed>1.370866</speed><course>99.606462</course><hAcc>2.024244</hAcc><vAcc>-1.000000</vAcc></extensions></trkpt>
      <trkpt lon="-117.326235" lat="33.979275"><ele>0.000000</ele><time>2024-09-27T17:58:29Z</time><extensions><speed>1.316309</speed><course>100.493878</course><hAcc>1.971128</hAcc><vAcc>-1.000000</vAcc></extensions></trkpt>
      <trkpt lon="-117.326221" lat="33.979273"><ele>0.000000</ele><time>2024-09-27T17:58:30Z</time><extensions><speed>1.296458</speed><course>100.722628</course><hAcc>1.894352</hAcc><vAcc>-1.000000</vAcc></extensions></trkpt>
      <trkpt lon="-117.326207" lat="33.979271"><ele>0.000000</ele><time>2024-09-27T17:58:31Z</time><extensions><speed>1.293818</speed><course>99.959640</course><hAcc>1.809343</hAcc><vAcc>-1.000000</vAcc></extensions></trkpt>
      <trkpt lon="-117.326193" lat="33.979269"><ele>0.000000</ele><time>2024-09-27T17:58:32Z</time><extensions><speed>1.292406</speed><course>98.666206</course><hAcc>1.740987</hAcc><vAcc>-1.000000</vAcc></extensions></trkpt>
      <trkpt lon="-117.326179" lat="33.979267"><ele>0.000000</ele><time>2024-09-27T17:58:33Z</time><extensions><speed>1.295813</speed><course>97.383020</course><hAcc>1.698286</hAcc><vAcc>-1.000000</vAcc></extensions></trkpt>
      <trkpt lon="-117.326166" lat="33.979266"><ele>0.000000</ele><time>2024-09-27T17:58:34Z</time><extensions><speed>1.301165</speed><course>96.382081</course><hAcc>1.674669</hAcc><vAcc>-1.000000</vAcc></extensions></trkpt>
      <trkpt lon="-117.326152" lat="33.979265"><ele>0.000000</ele><time>2024-09-27T17:58:35Z</time><extensions><speed>1.317274</speed><course>95.771135</course><hAcc>1.660529</hAcc><vAcc>-1.000000</vAcc></extensions></trkpt>
      <trkpt lon="-117.326137" lat="33.979263"><ele>0.000000</ele><time>2024-09-27T17:58:36Z</time><extensions><speed>1.337193</speed><course>95.532969</course><hAcc>1.649437</hAcc><vAcc>-1.000000</vAcc></extensions></trkpt>
      <trkpt lon="-117.326123" lat="33.979262"><ele>0.000000</ele><time>2024-09-27T17:58:37Z</time><extensions><speed>1.348391</speed><course>95.169585</course><hAcc>1.641827</hAcc><vAcc>-1.000000</vAcc></extensions></trkpt>
      <trkpt lon="-117.326108" lat="33.979261"><ele>0.000000</ele><time>2024-09-27T17:58:38Z</time><extensions><speed>1.343126</speed><course>94.226875</course><hAcc>1.639849</hAcc><vAcc>-1.000000</vAcc></extensions></trkpt>
      <trkpt lon="-117.326094" lat="33.979261"><ele>0.000000</ele><time>2024-09-27T17:58:39Z</time><extensions><speed>1.323859</speed><course>92.954035</course><hAcc>1.638322</hAcc><vAcc>-1.000000</vAcc></extensions></trkpt>
      <trkpt lon="-117.326080" lat="33.979260"><ele>0.000000</ele><time>2024-09-27T17:58:40Z</time><extensions><speed>1.300863</speed><course>92.017028</course><hAcc>1.631921</hAcc><vAcc>-1.000000</vAcc></extensions></trkpt>
      <trkpt lon="-117.326066" lat="33.979260"><ele>0.000000</ele><time>2024-09-27T17:58:41Z</time><extensions><speed>1.284311</speed><course>91.737977</course><hAcc>1.620440</hAcc><vAcc>-1.000000</vAcc></extensions></trkpt>
      <trkpt lon="-117.326052" lat="33.979259"><ele>0.000000</ele><time>2024-09-27T17:58:42Z</time><extensions><speed>1.272553</speed><course>91.909612</course><hAcc>1.607702</hAcc><vAcc>-1.000000</vAcc></extensions></trkpt>
      <trkpt lon="-117.326039" lat="33.979259"><ele>0.000000</ele><time>2024-09-27T17:58:43Z</time><extensions><speed>1.269264</speed><course>92.039379</course><hAcc>1.599644</hAcc><vAcc>-1.000000</vAcc></extensions></trkpt>
      <trkpt lon="-117.326025" lat="33.979259"><ele>0.000000</ele><time>2024-09-27T17:58:44Z</time><extensions><speed>1.271084</speed><course>92.008737</course><hAcc>1.598961</hAcc><vAcc>-1.000000</vAcc></extensions></trkpt>
      <trkpt lon="-117.326011" lat="33.979258"><ele>0.000000</ele><time>2024-09-27T17:58:45Z</time><extensions><speed>1.265209</speed><course>92.408337</course><hAcc>1.604095</hAcc><vAcc>-1.000000</vAcc></extensions></trkpt>
      <trkpt lon="-117.325998" lat="33.979258"><ele>0.000000</ele><time>2024-09-27T17:58:46Z</time><extensions><speed>1.266713</speed><course>92.855225</course><hAcc>1.613055</hAcc><vAcc>-1.000000</vAcc></extensions></trkpt>
      <trkpt lon="-117.325984" lat="33.979257"><ele>0.000000</ele><time>2024-09-27T17:58:47Z</time><extensions><speed>1.270504</speed><course>93.018089</course><hAcc>1.622802</hAcc><vAcc>-1.000000</vAcc></extensions></trkpt>
      <trkpt lon="-117.325970" lat="33.979256"><ele>0.000000</ele><time>2024-09-27T17:58:48Z</time><extensions><speed>1.283995</speed><course>92.617946</course><hAcc>1.631005</hAcc><vAcc>-1.000000</vAcc></extensions></trkpt>
      <trkpt lon="-117.325956" lat="33.979256"><ele>0.000000</ele><time>2024-09-27T17:58:49Z</time><extensions><speed>1.318859</speed><course>91.461813</course><hAcc>1.636102</hAcc><vAcc>-1.000000</vAcc></extensions></trkpt>
      <trkpt lon="-117.325942" lat="33.979256"><ele>0.000000</ele><time>2024-09-27T17:58:50Z</time><extensions><speed>1.394044</speed><course>89.510629</course><hAcc>1.636951</hAcc><vAcc>-1.000000</vAcc></extensions></trkpt>
      <trkpt lon="-117.325926" lat="33.979256"><ele>0.000000</ele><time>2024-09-27T17:58:51Z</time><extensions><speed>1.528715</speed><course>87.097354</course><hAcc>1.628082</hAcc><vAcc>-1.000000</vAcc></extensions></trkpt>
      <trkpt lon="-117.325908" lat="33.979257"><ele>0.000000</ele><time>2024-09-27T17:58:52Z</time><extensions><speed>1.692550</speed><course>84.599972</course><hAcc>1.593042</hAcc><vAcc>-1.000000</vAcc></extensions></trkpt>
      <trkpt lon="-117.325890" lat="33.979259"><ele>0.000000</ele><time>2024-09-27T17:58:53Z</time><extensions><speed>1.829203</speed><course>82.396794</course><hAcc>1.503373</hAcc><vAcc>-1.000000</vAcc></extensions></trkpt>
      <trkpt lon="-117.325870" lat="33.979262"><ele>0.000000</ele><time>2024-09-27T17:58:54Z</time><extensions><speed>1.814864</speed><course>80.792281</course><hAcc>1.349906</hAcc><vAcc>-1.000000</vAcc></extensions></trkpt>
      <trkpt lon="-117.325853" lat="33.979264"><ele>0.000000</ele><time>2024-09-27T17:58:55Z</time><extensions><speed>1.434737</speed><course>80.171904</course><hAcc>1.253064</hAcc><vAcc>-1.000000</vAcc></extensions></trkpt>
      <trkpt lon="-117.325841" lat="33.979266"><ele>0.000000</ele><time>2024-09-27T17:58:56Z</time><extensions><speed>0.727777</speed><course>77.941647</course><hAcc>1.349009</hAcc><vAcc>-1.000000</vAcc></extensions></trkpt>
      <trkpt lon="-117.325836" lat="33.979267"><ele>0.000000</ele><time>2024-09-27T17:58:57Z</time><extensions><speed>0.326595</speed><course>71.449971</course><hAcc>1.478209</hAcc><vAcc>-1.000000</vAcc></extensions></trkpt>
      <trkpt lon="-117.325833" lat="33.979268"><ele>0.000000</ele><time>2024-09-27T17:58:58Z</time><extensions><speed>0.275782</speed><course>64.820436</course><hAcc>1.492660</hAcc><vAcc>-1.000000</vAcc></extensions></trkpt>
      <trkpt lon="-117.325829" lat="33.979269"><ele>0.000000</ele><time>2024-09-27T17:58:59Z</time><extensions><speed>0.560668</speed><course>68.996541</course><hAcc>1.393081</hAcc><vAcc>-1.000000</vAcc></extensions></trkpt>
      <trkpt lon="-117.325820" lat="33.979272"><ele>0.000000</ele><time>2024-09-27T17:59:00Z</time><extensions><speed>1.158014</speed><course>72.346405</course><hAcc>1.314770</hAcc><vAcc>-1.000000</vAcc></extensions></trkpt>
      <trkpt lon="-117.325805" lat="33.979276"><ele>0.000000</ele><time>2024-09-27T17:59:01Z</time><extensions><speed>1.739967</speed><course>74.290861</course><hAcc>1.397135</hAcc><vAcc>-1.000000</vAcc></extensions></trkpt>
      <trkpt lon="-117.325787" lat="33.979280"><ele>0.000000</ele><time>2024-09-27T17:59:02Z</time><extensions><speed>1.744603</speed><course>73.755341</course><hAcc>1.527072</hAcc><vAcc>-1.000000</vAcc></extensions></trkpt>
      <trkpt lon="-117.325770" lat="33.979284"><ele>0.000000</ele><time>2024-09-27T17:59:03Z</time><extensions><speed>1.533043</speed><course>72.966271</course><hAcc>1.598106</hAcc><vAcc>-1.000000</vAcc></extensions></trkpt>
      <trkpt lon="-117.325755" lat="33.979288"><ele>0.000000</ele><time>2024-09-27T17:59:04Z</time><extensions><speed>1.289658</speed><course>72.233234</course><hAcc>1.613949</hAcc><vAcc>-1.000000</vAcc></extensions></trkpt>
      <trkpt lon="-117.325743" lat="33.979291"><ele>0.000000</ele><time>2024-09-27T17:59:05Z</time><extensions><speed>1.087507</speed><course>71.610148</course><hAcc>1.599360</hAcc><vAcc>-1.000000</vAcc></extensions></trkpt>
      <trkpt lon="-117.325733" lat="33.979294"><ele>0.000000</ele><time>2024-09-27T17:59:06Z</time><extensions><speed>0.934865</speed><course>70.347097</course><hAcc>1.572206</hAcc><vAcc>-1.000000</vAcc></extensions></trkpt>
      <trkpt lon="-117.325724" lat="33.979297"><ele>0.000000</ele><time>2024-09-27T17:59:07Z</time><extensions><speed>0.839674</speed><course>67.966101</course><hAcc>1.541651</hAcc><vAcc>-1.000000</vAcc></extensions></trkpt>
      <trkpt lon="-117.325716" lat="33.979300"><ele>0.000000</ele><time>2024-09-27T17:59:08Z</time><extensions><speed>0.812213</speed><course>63.819285</course><hAcc>1.517504</hAcc><vAcc>-1.000000</vAcc></extensions></trkpt>
      <trkpt lon="-117.325708" lat="33.979304"><ele>0.000000</ele><time>2024-09-27T17:59:09Z</time><extensions><speed>0.860634</speed><course>58.204996</course><hAcc>1.501671</hAcc><vAcc>-1.000000</vAcc></extensions></trkpt>
      <trkpt lon="-117.325700" lat="33.979308"><ele>0.000000</ele><time>2024-09-27T17:59:10Z</time><extensions><speed>0.928023</speed><course>50.232372</course><hAcc>1.485057</hAcc><vAcc>-1.000000</vAcc></extensions></trkpt>
      <trkpt lon="-117.325693" lat="33.979314"><ele>0.000000</ele><time>2024-09-27T17:59:11Z</time><extensions><speed>0.938991</speed><course>42.721608</course><hAcc>1.474046</hAcc><vAcc>-1.000000</vAcc></extensions></trkpt>
      <trkpt lon="-117.325687" lat="33.979321"><ele>0.000000</ele><time>2024-09-27T17:59:12Z</time><extensions><speed>0.922847</speed><course>35.531647</course><hAcc>1.475691</hAcc><vAcc>-1.000000</vAcc></extensions></trkpt>
      <trkpt lon="-117.325681" lat="33.979327"><ele>0.000000</ele><time>2024-09-27T17:59:13Z</time><extensions><speed>0.865677</speed><course>29.508921</course><hAcc>1.482378</hAcc><vAcc>-1.000000</vAcc></extensions></trkpt>
      <trkpt lon="-117.325677" lat="33.979334"><ele>0.000000</ele><time>2024-09-27T17:59:14Z</time><extensions><speed>0.779056</speed><course>24.965976</course><hAcc>1.486635</hAcc><vAcc>-1.000000</vAcc></extensions></trkpt>
      <trkpt lon="-117.325674" lat="33.979340"><ele>0.000000</ele><time>2024-09-27T17:59:15Z</time><extensions><speed>0.699225</speed><course>22.029847</course><hAcc>1.485523</hAcc><vAcc>-1.000000</vAcc></extensions></trkpt>
      <trkpt lon="-117.325671" lat="33.979346"><ele>0.000000</ele><time>2024-09-27T17:59:16Z</time><extensions><speed>0.715547</speed><course>23.532338</course><hAcc>1.472675</hAcc><vAcc>-1.000000</vAcc></extensions></trkpt>
      <trkpt lon="-117.325668" lat="33.979352"><ele>0.000000</ele><time>2024-09-27T17:59:17Z</time><extensions><speed>0.832064</speed><course>27.232818</course><hAcc>1.446988</hAcc><vAcc>-1.000000</vAcc></extensions></trkpt>
      <trkpt lon="-117.325663" lat="33.979359"><ele>0.000000</ele><time>2024-09-27T17:59:18Z</time><extensions><speed>0.954579</speed><course>27.867167</course><hAcc>1.442905</hAcc><vAcc>-1.000000</vAcc></extensions></trkpt>
      <trkpt lon="-117.325658" lat="33.979367"><ele>0.000000</ele><time>2024-09-27T17:59:19Z</time><extensions><speed>1.038587</speed><course>28.233162</course><hAcc>1.488513</hAcc><vAcc>-1.000000</vAcc></extensions></trkpt>
      <trkpt lon="-117.325653" lat="33.979375"><ele>0.000000</ele><time>2024-09-27T17:59:20Z</time><extensions><speed>1.107325</speed><course>29.906270</course><hAcc>1.538318</hAcc><vAcc>-1.000000</vAcc></extensions></trkpt>
      <trkpt lon="-117.325646" lat="33.979384"><ele>0.000000</ele><time>2024-09-27T17:59:21Z</time><extensions><speed>1.166245</speed><course>30.904285</course><hAcc>1.555333</hAcc><vAcc>-1.000000</vAcc></extensions></trkpt>
      <trkpt lon="-117.325640" lat="33.979393"><ele>0.000000</ele><time>2024-09-27T17:59:22Z</time><extensions><speed>1.209747</speed><course>30.577152</course><hAcc>1.546962</hAcc><vAcc>-1.000000</vAcc></extensions></trkpt>
      <trkpt lon="-117.325633" lat="33.979403"><ele>0.000000</ele><time>2024-09-27T17:59:23Z</time><extensions><speed>1.233352</speed><course>28.620931</course><hAcc>1.538606</hAcc><vAcc>-1.000000</vAcc></extensions></trkpt>
      <trkpt lon="-117.325627" lat="33.979413"><ele>0.000000</ele><time>2024-09-27T17:59:24Z</time><extensions><speed>1.243156</speed><course>25.842816</course><hAcc>1.545761</hAcc><vAcc>-1.000000</vAcc></extensions></trkpt>
      <trkpt lon="-117.325622" lat="33.979423"><ele>0.000000</ele><time>2024-09-27T17:59:25Z</time><extensions><speed>1.235303</speed><course>22.342630</course><hAcc>1.557458</hAcc><vAcc>-1.000000</vAcc></extensions></trkpt>
      <trkpt lon="-117.325617" lat="33.979433"><ele>0.000000</ele><time>2024-09-27T17:59:26Z</time><extensions><speed>1.199313</speed><course>18.585525</course><hAcc>1.563931</hAcc><vAcc>-1.000000</vAcc></extensions></trkpt>
      <trkpt lon="-117.325614" lat="33.979443"><ele>0.000000</ele><time>2024-09-27T17:59:27Z</time><extensions><speed>1.155907</speed><course>14.133600</course><hAcc>1.563342</hAcc><vAcc>-1.000000</vAcc></extensions></trkpt>
      <trkpt lon="-117.325611" lat="33.979453"><ele>0.000000</ele><time>2024-09-27T17:59:28Z</time><extensions><speed>1.126229</speed><course>9.715684</course><hAcc>1.561184</hAcc><vAcc>-1.000000</vAcc></extensions></trkpt>
      <trkpt lon="-117.325609" lat="33.979463"><ele>0.000000</ele><time>2024-09-27T17:59:29Z</time><extensions><speed>1.128294</speed><course>6.328977</course><hAcc>1.572424</hAcc><vAcc>-1.000000</vAcc></extensions></trkpt>
      <trkpt lon="-117.325608" lat="33.979474"><ele>0.000000</ele><time>2024-09-27T17:59:30Z</time><extensions><speed>1.139496</speed><course>4.226391</course><hAcc>1.612900</hAcc><vAcc>-1.000000</vAcc></extensions></trkpt>
      <trkpt lon="-117.325607" lat="33.979484"><ele>0.000000</ele><time>2024-09-27T17:59:31Z</time><extensions><speed>1.153451</speed><course>3.009981</course><hAcc>1.679955</hAcc><vAcc>-1.000000</vAcc></extensions></trkpt>
      <trkpt lon="-117.325607" lat="33.979494"><ele>0.000000</ele><time>2024-09-27T17:59:32Z</time><extensions><speed>1.159739</speed><course>2.210135</course><hAcc>1.752256</hAcc><vAcc>-1.000000</vAcc></extensions></trkpt>
      <trkpt lon="-117.325606" lat="33.979505"><ele>0.000000</ele><time>2024-09-27T17:59:33Z</time><extensions><speed>1.165409</speed><course>1.496328</course><hAcc>1.799945</hAcc><vAcc>-1.000000</vAcc></extensions></trkpt>
      <trkpt lon="-117.325606" lat="33.979515"><ele>0.000000</ele><time>2024-09-27T17:59:34Z</time><extensions><speed>1.183064</speed><course>0.891579</course><hAcc>1.812183</hAcc><vAcc>-1.000000</vAcc></extensions></trkpt>
      <trkpt lon="-117.325606" lat="33.979526"><ele>0.000000</ele><time>2024-09-27T17:59:35Z</time><extensions><speed>1.216361</speed><course>0.268077</course><hAcc>1.812012</hAcc><vAcc>-1.000000</vAcc></extensions></trkpt>
      <trkpt lon="-117.325606" lat="33.979537"><ele>0.000000</ele><time>2024-09-27T17:59:36Z</time><extensions><speed>1.244400</speed><course>359.528696</course><hAcc>1.834058</hAcc><vAcc>-1.000000</vAcc></extensions></trkpt>
      <trkpt lon="-117.325606" lat="33.979548"><ele>0.000000</ele><time>2024-09-27T17:59:37Z</time><extensions><speed>1.246507</speed><course>358.660961</course><hAcc>1.883650</hAcc><vAcc>-1.000000</vAcc></extensions></trkpt>
      <trkpt lon="-117.325607" lat="33.979559"><ele>0.000000</ele><time>2024-09-27T17:59:38Z</time><extensions><speed>1.220994</speed><course>358.143525</course><hAcc>1.933499</hAcc><vAcc>-1.000000</vAcc></extensions></trkpt>
      <trkpt lon="-117.325607" lat="33.979570"><ele>0.000000</ele><time>2024-09-27T17:59:39Z</time><extensions><speed>1.198669</speed><course>357.989797</course><hAcc>1.961761</hAcc><vAcc>-1.000000</vAcc></extensions></trkpt>
      <trkpt lon="-117.325607" lat="33.979581"><ele>0.000000</ele><time>2024-09-27T17:59:40Z</time><extensions><speed>1.174955</speed><course>358.190837</course><hAcc>1.966226</hAcc><vAcc>-1.000000</vAcc></extensions></trkpt>
      <trkpt lon="-117.325608" lat="33.979591"><ele>0.000000</ele><time>2024-09-27T17:59:41Z</time><extensions><speed>1.147677</speed><course>358.736679</course><hAcc>1.946827</hAcc><vAcc>-1.000000</vAcc></extensions></trkpt>
      <trkpt lon="-117.325608" lat="33.979601"><ele>0.000000</ele><time>2024-09-27T17:59:42Z</time><extensions><speed>1.140946</speed><course>359.240505</course><hAcc>1.905168</hAcc><vAcc>-1.000000</vAcc></extensions></trkpt>
      <trkpt lon="-117.325608" lat="33.979610"><ele>0.000000</ele><time>2024-09-27T17:59:43Z</time><extensions><speed>1.143767</speed><course>359.498842</course><hAcc>1.899174</hAcc><vAcc>-1.000000</vAcc></extensions></trkpt>
      <trkpt lon="-117.325608" lat="33.979622"><ele>0.000000</ele><time>2024-09-27T17:59:44Z</time><extensions><speed>1.160797</speed><course>359.859965</course><hAcc>1.902983</hAcc><vAcc>-1.000000</vAcc></extensions></trkpt>
      <trkpt lon="-117.325608" lat="33.979633"><ele>0.000000</ele><time>2024-09-27T17:59:45Z</time><extensions><speed>1.167967</speed><course>359.992064</course><hAcc>1.869620</hAcc><vAcc>-1.000000</vAcc></extensions></trkpt>
      <trkpt lon="-117.325608" lat="33.979641"><ele>0.000000</ele><time>2024-09-27T17:59:46Z</time><extensions><speed>1.168888</speed><course>0.070162</course><hAcc>1.870535</hAcc><vAcc>-1.000000</vAcc></extensions></trkpt>
      <trkpt lon="-117.325608" lat="33.979653"><ele>0.000000</ele><time>2024-09-27T17:59:47Z</time><extensions><speed>1.147953</speed><course>0.166140</course><hAcc>1.878790</hAcc><vAcc>-1.000000</vAcc></extensions></trkpt>
      <trkpt lon="-117.325608" lat="33.979663"><ele>0.000000</ele><time>2024-09-27T17:59:48Z</time><extensions><speed>1.075426</speed><course>0.244910</course><hAcc>1.848002</hAcc><vAcc>-1.000000</vAcc></extensions></trkpt>
      <trkpt lon="-117.325608" lat="33.979671"><ele>0.000000</ele><time>2024-09-27T17:59:49Z</time><extensions><speed>1.024260</speed><course>0.273421</course><hAcc>1.851870</hAcc><vAcc>-1.000000</vAcc></extensions></trkpt>
      <trkpt lon="-117.325608" lat="33.979682"><ele>0.000000</ele><time>2024-09-27T17:59:50Z</time><extensions><speed>1.042378</speed><course>0.065856</course><hAcc>1.870865</hAcc><vAcc>-1.000000</vAcc></extensions></trkpt>
      <trkpt lon="-117.325608" lat="33.979691"><ele>0.000000</ele><time>2024-09-27T17:59:51Z</time><extensions><speed>1.042026</speed><course>359.648439</course><hAcc>1.853245</hAcc><vAcc>-1.000000</vAcc></extensions></trkpt>
      <trkpt lon="-117.325608" lat="33.979699"><ele>0.000000</ele><time>2024-09-27T17:59:52Z</time><extensions><speed>1.068916</speed><course>359.154042</course><hAcc>1.859344</hAcc><vAcc>-1.000000</vAcc></extensions></trkpt>
      <trkpt lon="-117.325609" lat="33.979711"><ele>0.000000</ele><time>2024-09-27T17:59:53Z</time><extensions><speed>1.146867</speed><course>357.587708</course><hAcc>1.870029</hAcc><vAcc>-1.000000</vAcc></extensions></trkpt>
      <trkpt lon="-117.325609" lat="33.979721"><ele>0.000000</ele><time>2024-09-27T17:59:54Z</time><extensions><speed>1.193626</speed><course>355.852386</course><hAcc>1.836602</hAcc><vAcc>-1.000000</vAcc></extensions></trkpt>
      <trkpt lon="-117.325610" lat="33.979731"><ele>0.000000</ele><time>2024-09-27T17:59:55Z</time><extensions><speed>1.261558</speed><course>354.447169</course><hAcc>1.824508</hAcc><vAcc>-1.000000</vAcc></extensions></trkpt>
      <trkpt lon="-117.325612" lat="33.979744"><ele>0.000000</ele><time>2024-09-27T17:59:56Z</time><extensions><speed>1.285516</speed><course>352.072634</course><hAcc>1.798733</hAcc><vAcc>-1.000000</vAcc></extensions></trkpt>
      <trkpt lon="-117.325614" lat="33.979755"><ele>0.000000</ele><time>2024-09-27T17:59:57Z</time><extensions><speed>1.271522</speed><course>350.868461</course><hAcc>1.708889</hAcc><vAcc>-1.000000</vAcc></extensions></trkpt>
      <trkpt lon="-117.325616" lat="33.979765"><ele>0.000000</ele><time>2024-09-27T17:59:58Z</time><extensions><speed>1.255211</speed><course>350.476764</course><hAcc>1.617921</hAcc><vAcc>-1.000000</vAcc></extensions></trkpt>
      <trkpt lon="-117.325618" lat="33.979776"><ele>0.000000</ele><time>2024-09-27T17:59:59Z</time><extensions><speed>1.227245</speed><course>350.908724</course><hAcc>1.538287</hAcc><vAcc>-1.000000</vAcc></extensions></trkpt>
      <trkpt lon="-117.325620" lat="33.979787"><ele>0.000000</ele><time>2024-09-27T18:00:00Z</time><extensions><speed>1.200681</speed><course>352.907218</course><hAcc>1.489042</hAcc><vAcc>-1.000000</vAcc></extensions></trkpt>
      <trkpt lon="-117.325621" lat="33.979797"><ele>0.000000</ele><time>2024-09-27T18:00:01Z</time><extensions><speed>1.167613</speed><course>356.804160</course><hAcc>1.470366</hAcc><vAcc>-1.000000</vAcc></extensions></trkpt>
      <trkpt lon="-117.325621" lat="33.979808"><ele>0.000000</ele><time>2024-09-27T18:00:02Z</time><extensions><speed>1.132643</speed><course>2.578762</course><hAcc>1.469901</hAcc><vAcc>-1.000000</vAcc></extensions></trkpt>
      <trkpt lon="-117.325620" lat="33.979818"><ele>0.000000</ele><time>2024-09-27T18:00:03Z</time><extensions><speed>1.108209</speed><course>8.432114</course><hAcc>1.481171</hAcc><vAcc>-1.000000</vAcc></extensions></trkpt>
      <trkpt lon="-117.325618" lat="33.979828"><ele>0.000000</ele><time>2024-09-27T18:00:04Z</time><extensions><speed>1.128131</speed><course>11.827167</course><hAcc>1.498014</hAcc><vAcc>-1.000000</vAcc></extensions></trkpt>
      <trkpt lon="-117.325615" lat="33.979838"><ele>0.000000</ele><time>2024-09-27T18:00:05Z</time><extensions><speed>1.159525</speed><course>12.495253</course><hAcc>1.515894</hAcc><vAcc>-1.000000</vAcc></extensions></trkpt>
      <trkpt lon="-117.325613" lat="33.979848"><ele>0.000000</ele><time>2024-09-27T18:00:06Z</time><extensions><speed>1.169878</speed><course>11.158035</course><hAcc>1.535162</hAcc><vAcc>-1.000000</vAcc></extensions></trkpt>
      <trkpt lon="-117.325611" lat="33.979858"><ele>0.000000</ele><time>2024-09-27T18:00:07Z</time><extensions><speed>1.157184</speed><course>8.428030</course><hAcc>1.564952</hAcc><vAcc>-1.000000</vAcc></extensions></trkpt>
      <trkpt lon="-117.325609" lat="33.979869"><ele>0.000000</ele><time>2024-09-27T18:00:08Z</time><extensions><speed>1.148494</speed><course>5.254357</course><hAcc>1.622939</hAcc><vAcc>-1.000000</vAcc></extensions></trkpt>
      <trkpt lon="-117.325608" lat="33.979879"><ele>0.000000</ele><time>2024-09-27T18:00:09Z</time><extensions><speed>1.144464</speed><course>2.750260</course><hAcc>1.719513</hAcc><vAcc>-1.000000</vAcc></extensions></trkpt>
      <trkpt lon="-117.325608" lat="33.979890"><ele>0.000000</ele><time>2024-09-27T18:00:10Z</time><extensions><speed>1.136013</speed><course>0.883559</course><hAcc>1.816740</hAcc><vAcc>-1.000000</vAcc></extensions></trkpt>
      <trkpt lon="-117.325608" lat="33.979900"><ele>0.000000</ele><time>2024-09-27T18:00:11Z</time><extensions><speed>1.111300</speed><course>0.031257</course><hAcc>1.856891</hAcc><vAcc>-1.000000</vAcc></extensions></trkpt>
      <trkpt lon="-117.325608" lat="33.979909"><ele>0.000000</ele><time>2024-09-27T18:00:12Z</time><extensions><speed>1.093878</speed><course>359.699666</course><hAcc>1.884806</hAcc><vAcc>-1.000000</vAcc></extensions></trkpt>
      <trkpt lon="-117.325608" lat="33.979920"><ele>0.000000</ele><time>2024-09-27T18:00:13Z</time><extensions><speed>1.088984</speed><course>359.577835</course><hAcc>1.912412</hAcc><vAcc>-1.000000</vAcc></extensions></trkpt>
      <trkpt lon="-117.325608" lat="33.979930"><ele>0.000000</ele><time>2024-09-27T18:00:14Z</time><extensions><speed>1.098659</speed><course>359.620206</course><hAcc>1.911551</hAcc><vAcc>-1.000000</vAcc></extensions></trkpt>
      <trkpt lon="-117.325608" lat="33.979939"><ele>0.000000</ele><time>2024-09-27T18:00:15Z</time><extensions><speed>1.115084</speed><course>359.707977</course><hAcc>1.918060</hAcc><vAcc>-1.000000</vAcc></extensions></trkpt>
      <trkpt lon="-117.325608" lat="33.979950"><ele>0.000000</ele><time>2024-09-27T18:00:16Z</time><extensions><speed>1.136292</speed><course>359.822474</course><hAcc>1.933332</hAcc><vAcc>-1.000000</vAcc></extensions></trkpt>
      <trkpt lon="-117.325608" lat="33.979960"><ele>0.000000</ele><time>2024-09-27T18:00:17Z</time><extensions><speed>1.132252</speed><course>359.898216</course><hAcc>1.928688</hAcc><vAcc>-1.000000</vAcc></extensions></trkpt>
      <trkpt lon="-117.325608" lat="33.979970"><ele>0.000000</ele><time>2024-09-27T18:00:18Z</time><extensions><speed>1.129322</speed><course>359.946428</course><hAcc>1.930857</hAcc><vAcc>-1.000000</vAcc></extensions></trkpt>
      <trkpt lon="-117.325608" lat="33.979980"><ele>0.000000</ele><time>2024-09-27T18:00:19Z</time><extensions><speed>1.133730</speed><course>359.983891</course><hAcc>1.941603</hAcc><vAcc>-1.000000</vAcc></extensions></trkpt>
      <trkpt lon="-117.325608" lat="33.979990"><ele>0.000000</ele><time>2024-09-27T18:00:20Z</time><extensions><speed>1.130187</speed><course>0.001571</course><hAcc>1.936438</hAcc><vAcc>-1.000000</vAcc></extensions></trkpt>
      <trkpt lon="-117.325608" lat="33.980000"><ele>0.000000</ele><time>2024-09-27T18:00:21Z</time><extensions><speed>1.136839</speed><course>0.008242</course><hAcc>1.937288</hAcc><vAcc>-1.000000</vAcc></extensions></trkpt>
      <trkpt lon="-117.325608" lat="33.980011"><ele>0.000000</ele><time>2024-09-27T18:00:22Z</time><extensions><speed>1.150519</speed><course>0.009691</course><hAcc>1.947491</hAcc><vAcc>-1.000000</vAcc></extensions></trkpt>
      <trkpt lon="-117.325608" lat="33.980021"><ele>0.000000</ele><time>2024-09-27T18:00:23Z</time><extensions><speed>1.159074</speed><course>0.008374</course><hAcc>1.945697</hAcc><vAcc>-1.000000</vAcc></extensions></trkpt>
      <trkpt lon="-117.325608" lat="33.980031"><ele>0.000000</ele><time>2024-09-27T18:00:24Z</time><extensions><speed>1.175621</speed><course>0.006165</course><hAcc>1.947894</hAcc><vAcc>-1.000000</vAcc></extensions></trkpt>
      <trkpt lon="-117.325608" lat="33.980042"><ele>0.000000</ele><time>2024-09-27T18:00:25Z</time><extensions><speed>1.203150</speed><course>0.003738</course><hAcc>1.958480</hAcc><vAcc>-1.000000</vAcc></extensions></trkpt>
      <trkpt lon="-117.325608" lat="33.980053"><ele>0.000000</ele><time>2024-09-27T18:00:26Z</time><extensions><speed>1.217172</speed><course>0.002044</course><hAcc>1.959365</hAcc><vAcc>-1.000000</vAcc></extensions></trkpt>
      <trkpt lon="-117.325608" lat="33.980064"><ele>0.000000</ele><time>2024-09-27T18:00:27Z</time><extensions><speed>1.232769</speed><course>0.000938</course><hAcc>1.963582</hAcc><vAcc>-1.000000</vAcc></extensions></trkpt>
      <trkpt lon="-117.325608" lat="33.980075"><ele>0.000000</ele><time>2024-09-27T18:00:28Z</time><extensions><speed>1.241135</speed><course>0.000227</course><hAcc>1.979639</hAcc><vAcc>-1.000000</vAcc></extensions></trkpt>
      <trkpt lon="-117.325608" lat="33.980087"><ele>0.000000</ele><time>2024-09-27T18:00:29Z</time><extensions><speed>1.226121</speed><course>359.999876</course><hAcc>1.994081</hAcc><vAcc>-1.000000</vAcc></extensions></trkpt>
      <trkpt lon="-117.325608" lat="33.980097"><ele>0.000000</ele><time>2024-09-27T18:00:30Z</time><extensions><speed>1.213960</speed><course>359.999732</course><hAcc>2.018316</hAcc><vAcc>-1.000000</vAcc></extensions></trkpt>
      <trkpt lon="-117.325608" lat="33.980108"><ele>0.000000</ele><time>2024-09-27T18:00:31Z</time><extensions><speed>1.201834</speed><course>359.999705</course><hAcc>2.060670</hAcc><vAcc>-1.000000</vAcc></extensions></trkpt>
      <trkpt lon="-117.325608" lat="33.980119"><ele>0.000000</ele><time>2024-09-27T18:00:31Z</time><extensions><speed>1.174811</speed><course>359.999727</course><hAcc>2.093999</hAcc><vAcc>-1.000000</vAcc></extensions></trkpt>
      <trkpt lon="-117.325608" lat="33.980129"><ele>0.000000</ele><time>2024-09-27T18:00:32Z</time><extensions><speed>1.157090</speed><course>359.999774</course><hAcc>2.102102</hAcc><vAcc>-1.000000</vAcc></extensions></trkpt>
      <trkpt lon="-117.325608" lat="33.980140"><ele>0.000000</ele><time>2024-09-27T18:00:33Z</time><extensions><speed>1.143658</speed><course>359.999824</course><hAcc>2.092254</hAcc><vAcc>-1.000000</vAcc></extensions></trkpt>
      <trkpt lon="-117.325608" lat="33.980150"><ele>0.000000</ele><time>2024-09-27T18:00:34Z</time><extensions><speed>1.127599</speed><course>0.506220</course><hAcc>2.072371</hAcc><vAcc>-1.000000</vAcc></extensions></trkpt>
      <trkpt lon="-117.325608" lat="33.980160"><ele>0.000000</ele><time>2024-09-27T18:00:35Z</time><extensions><speed>1.119917</speed><course>0.194274</course><hAcc>2.046329</hAcc><vAcc>-1.000000</vAcc></extensions></trkpt>
      <trkpt lon="-117.325608" lat="33.980170"><ele>0.000000</ele><time>2024-09-27T18:00:36Z</time><extensions><speed>1.133683</speed><course>359.802041</course><hAcc>2.026383</hAcc><vAcc>-1.000000</vAcc></extensions></trkpt>
      <trkpt lon="-117.325608" lat="33.980180"><ele>0.000000</ele><time>2024-09-27T18:00:37Z</time><extensions><speed>1.140912</speed><course>359.234507</course><hAcc>2.025294</hAcc><vAcc>-1.000000</vAcc></extensions></trkpt>
      <trkpt lon="-117.325608" lat="33.980191"><ele>0.000000</ele><time>2024-09-27T18:00:38Z</time><extensions><speed>1.168649</speed><course>358.463564</course><hAcc>2.040520</hAcc><vAcc>-1.000000</vAcc></extensions></trkpt>
      <trkpt lon="-117.325609" lat="33.980201"><ele>0.000000</ele><time>2024-09-27T18:00:39Z</time><extensions><speed>1.216018</speed><course>357.500463</course><hAcc>2.059962</hAcc><vAcc>-1.000000</vAcc></extensions></trkpt>
      <trkpt lon="-117.325610" lat="33.980212"><ele>0.000000</ele><time>2024-09-27T18:00:40Z</time><extensions><speed>1.241772</speed><course>356.335874</course><hAcc>2.072310</hAcc><vAcc>-1.000000</vAcc></extensions></trkpt>
      <trkpt lon="-117.325611" lat="33.980224"><ele>0.000000</ele><time>2024-09-27T18:00:41Z</time><extensions><speed>1.235690</speed><course>355.074197</course><hAcc>2.073730</hAcc><vAcc>-1.000000</vAcc></extensions></trkpt>
      <trkpt lon="-117.325612" lat="33.980234"><ele>0.000000</ele><time>2024-09-27T18:00:42Z</time><extensions><speed>1.194125</speed><course>354.089514</course><hAcc>2.069615</hAcc><vAcc>-1.000000</vAcc></extensions></trkpt>
      <trkpt lon="-117.325613" lat="33.980245"><ele>0.000000</ele><time>2024-09-27T18:00:43Z</time><extensions><speed>1.093890</speed><course>354.224934</course><hAcc>2.066798</hAcc><vAcc>-1.000000</vAcc></extensions></trkpt>
      <trkpt lon="-117.325614" lat="33.980254"><ele>0.000000</ele><time>2024-09-27T18:00:44Z</time><extensions><speed>0.991675</speed><course>357.963115</course><hAcc>2.069441</hAcc><vAcc>-1.000000</vAcc></extensions></trkpt>
      <trkpt lon="-117.325614" lat="33.980263"><ele>0.000000</ele><time>2024-09-27T18:00:45Z</time><extensions><speed>1.065645</speed><course>4.491337</course><hAcc>2.077427</hAcc><vAcc>-1.000000</vAcc></extensions></trkpt>
      <trkpt lon="-117.325613" lat="33.980273"><ele>0.000000</ele><time>2024-09-27T18:00:46Z</time><extensions><speed>1.123490</speed><course>6.219486</course><hAcc>2.084668</hAcc><vAcc>-1.000000</vAcc></extensions></trkpt>
      <trkpt lon="-117.325611" lat="33.980283"><ele>0.000000</ele><time>2024-09-27T18:00:47Z</time><extensions><speed>1.167936</speed><course>5.742761</course><hAcc>2.086833</hAcc><vAcc>-1.000000</vAcc></extensions></trkpt>
      <trkpt lon="-117.325610" lat="33.980294"><ele>0.000000</ele><time>2024-09-27T18:00:48Z</time><extensions><speed>1.190899</speed><course>4.484713</course><hAcc>2.086990</hAcc><vAcc>-1.000000</vAcc></extensions></trkpt>
      <trkpt lon="-117.325609" lat="33.980305"><ele>0.000000</ele><time>2024-09-27T18:00:49Z</time><extensions><speed>1.189115</speed><course>3.157331</course><hAcc>2.086745</hAcc><vAcc>-1.000000</vAcc></extensions></trkpt>
      <trkpt lon="-117.325609" lat="33.980315"><ele>0.000000</ele><time>2024-09-27T18:00:50Z</time><extensions><speed>1.179675</speed><course>2.001181</course><hAcc>2.085479</hAcc><vAcc>-1.000000</vAcc></extensions></trkpt>
      <trkpt lon="-117.325608" lat="33.980326"><ele>0.000000</ele><time>2024-09-27T18:00:51Z</time><extensions><speed>1.158030</speed><course>1.124971</course><hAcc>2.084521</hAcc><vAcc>-1.000000</vAcc></extensions></trkpt>
      <trkpt lon="-117.325608" lat="33.980336"><ele>0.000000</ele><time>2024-09-27T18:00:52Z</time><extensions><speed>1.119072</speed><course>0.527014</course><hAcc>2.081036</hAcc><vAcc>-1.000000</vAcc></extensions></trkpt>
      <trkpt lon="-117.325608" lat="33.980346"><ele>0.000000</ele><time>2024-09-27T18:00:53Z</time><extensions><speed>1.083327</speed><course>0.149856</course><hAcc>2.070858</hAcc><vAcc>-1.000000</vAcc></extensions></trkpt>
      <trkpt lon="-117.325608" lat="33.980355"><ele>0.000000</ele><time>2024-09-27T18:00:54Z</time><extensions><speed>1.056470</speed><course>359.945013</course><hAcc>2.056154</hAcc><vAcc>-1.000000</vAcc></extensions></trkpt>
      <trkpt lon="-117.325608" lat="33.980365"><ele>0.000000</ele><time>2024-09-27T18:00:55Z</time><extensions><speed>1.022508</speed><course>359.857339</course><hAcc>2.038428</hAcc><vAcc>-1.000000</vAcc></extensions></trkpt>
      <trkpt lon="-117.325608" lat="33.980374"><ele>0.000000</ele><time>2024-09-27T18:00:56Z</time><extensions><speed>0.985052</speed><course>359.840020</course><hAcc>2.018462</hAcc><vAcc>-1.000000</vAcc></extensions></trkpt>
      <trkpt lon="-117.325608" lat="33.980382"><ele>0.000000</ele><time>2024-09-27T18:00:57Z</time><extensions><speed>0.936729</speed><course>359.859301</course><hAcc>2.005413</hAcc><vAcc>-1.000000</vAcc></extensions></trkpt>
      <trkpt lon="-117.325608" lat="33.980391"><ele>0.000000</ele><time>2024-09-27T18:00:58Z</time><extensions><speed>0.850970</speed><course>359.888487</course><hAcc>2.004353</hAcc><vAcc>-1.000000</vAcc></extensions></trkpt>
      <trkpt lon="-117.325608" lat="33.980398"><ele>0.000000</ele><time>2024-09-27T18:00:59Z</time><extensions><speed>0.731109</speed><course>359.916877</course><hAcc>2.008707</hAcc><vAcc>-1.000000</vAcc></extensions></trkpt>
      <trkpt lon="-117.325608" lat="33.980404"><ele>0.000000</ele><time>2024-09-27T18:01:00Z</time><extensions><speed>0.680712</speed><course>359.949560</course><hAcc>2.015141</hAcc><vAcc>-1.000000</vAcc></extensions></trkpt>
      <trkpt lon="-117.325608" lat="33.980410"><ele>0.000000</ele><time>2024-09-27T18:01:01Z</time><extensions><speed>0.635738</speed><course>0.032241</course><hAcc>2.022306</hAcc><vAcc>-1.000000</vAcc></extensions></trkpt>
      <trkpt lon="-117.325608" lat="33.980415"><ele>0.000000</ele><time>2024-09-27T18:01:02Z</time><extensions><speed>0.604076</speed><course>0.098766</course><hAcc>2.024484</hAcc><vAcc>-1.000000</vAcc></extensions></trkpt>
      <trkpt lon="-117.325608" lat="33.980421"><ele>0.000000</ele><time>2024-09-27T18:01:03Z</time><extensions><speed>0.566654</speed><course>0.179218</course><hAcc>2.023549</hAcc><vAcc>-1.000000</vAcc></extensions></trkpt>
      <trkpt lon="-117.325608" lat="33.980425"><ele>0.000000</ele><time>2024-09-27T18:01:04Z</time><extensions><speed>0.478130</speed><course>0.231788</course><hAcc>2.021273</hAcc><vAcc>-1.000000</vAcc></extensions></trkpt>
      <trkpt lon="-117.325608" lat="33.980429"><ele>0.000000</ele><time>2024-09-27T18:01:05Z</time><extensions><speed>0.388242</speed><course>0.088883</course><hAcc>2.013931</hAcc><vAcc>-1.000000</vAcc></extensions></trkpt>
      <trkpt lon="-117.325608" lat="33.980432"><ele>0.000000</ele><time>2024-09-27T18:01:06Z</time><extensions><speed>0.290292</speed><course>359.085859</course><hAcc>2.005205</hAcc><vAcc>-1.000000</vAcc></extensions></trkpt>
      <trkpt lon="-117.325608" lat="33.980434"><ele>0.000000</ele><time>2024-09-27T18:01:07Z</time><extensions><speed>0.178791</speed><course>354.272960</course><hAcc>1.997128</hAcc><vAcc>-1.000000</vAcc></extensions></trkpt>
      <trkpt lon="-117.325609" lat="33.980436"><ele>0.000000</ele><time>2024-09-27T18:01:08Z</time><extensions><speed>0.101679</speed><course>337.179206</course><hAcc>1.987416</hAcc><vAcc>-1.000000</vAcc></extensions></trkpt>
      <trkpt lon="-117.325609" lat="33.980436"><ele>0.000000</ele><time>2024-09-27T18:01:09Z</time><extensions><speed>0.075823</speed><course>293.064441</course><hAcc>1.980034</hAcc><vAcc>-1.000000</vAcc></extensions></trkpt>
      <trkpt lon="-117.325610" lat="33.980436"><ele>0.000000</ele><time>2024-09-27T18:01:10Z</time><extensions><speed>0.104759</speed><course>267.864580</course><hAcc>1.973929</hAcc><vAcc>-1.000000</vAcc></extensions></trkpt>
      <trkpt lon="-117.325611" lat="33.980436"><ele>0.000000</ele><time>2024-09-27T18:01:11Z</time><extensions><speed>0.122542</speed><course>262.332650</course><hAcc>1.962655</hAcc><vAcc>-1.000000</vAcc></extensions></trkpt>
      <trkpt lon="-117.325612" lat="33.980436"><ele>0.000000</ele><time>2024-09-27T18:01:12Z</time><extensions><speed>0.138325</speed><course>262.910299</course><hAcc>1.943367</hAcc><vAcc>-1.000000</vAcc></extensions></trkpt>
      <trkpt lon="-117.325614" lat="33.980436"><ele>0.000000</ele><time>2024-09-27T18:01:13Z</time><extensions><speed>0.139784</speed><course>264.172557</course><hAcc>1.909254</hAcc><vAcc>-1.000000</vAcc></extensions></trkpt>
      <trkpt lon="-117.325616" lat="33.980436"><ele>0.000000</ele><time>2024-09-27T18:01:14Z</time><extensions><speed>0.133215</speed><course>268.986909</course><hAcc>1.854854</hAcc><vAcc>-1.000000</vAcc></extensions></trkpt>
      <trkpt lon="-117.325617" lat="33.980436"><ele>0.000000</ele><time>2024-09-27T18:01:15Z</time><extensions><speed>0.109323</speed><course>274.092018</course><hAcc>1.797436</hAcc><vAcc>-1.000000</vAcc></extensions></trkpt>
      <trkpt lon="-117.325618" lat="33.980436"><ele>0.000000</ele><time>2024-09-27T18:01:16Z</time><extensions><speed>0.088895</speed><course>272.214025</course><hAcc>1.768810</hAcc><vAcc>-1.000000</vAcc></extensions></trkpt>
      <trkpt lon="-117.325619" lat="33.980436"><ele>0.000000</ele><time>2024-09-27T18:01:17Z</time><extensions><speed>0.116125</speed><course>258.333272</course><hAcc>1.782231</hAcc><vAcc>-1.000000</vAcc></extensions></trkpt>
      <trkpt lon="-117.325621" lat="33.980436"><ele>0.000000</ele><time>2024-09-27T18:01:18Z</time><extensions><speed>0.215817</speed><course>249.480906</course><hAcc>1.818393</hAcc><vAcc>-1.000000</vAcc></extensions></trkpt>
      <trkpt lon="-117.325624" lat="33.980435"><ele>0.000000</ele><time>2024-09-27T18:01:19Z</time><extensions><speed>0.350002</speed><course>245.116016</course><hAcc>1.841396</hAcc><vAcc>-1.000000</vAcc></extensions></trkpt>
      <trkpt lon="-117.325627" lat="33.980433"><ele>0.000000</ele><time>2024-09-27T18:01:20Z</time><extensions><speed>0.460198</speed><course>234.407414</course><hAcc>1.838894</hAcc><vAcc>-1.000000</vAcc></extensions></trkpt>
      <trkpt lon="-117.325631" lat="33.980430"><ele>0.000000</ele><time>2024-09-27T18:01:21Z</time><extensions><speed>0.508645</speed><course>206.432175</course><hAcc>1.840146</hAcc><vAcc>-1.000000</vAcc></extensions></trkpt>
      <trkpt lon="-117.325631" lat="33.980424"><ele>0.000000</ele><time>2024-09-27T18:01:22Z</time><extensions><speed>0.719416</speed><course>175.623561</course><hAcc>1.877483</hAcc><vAcc>-1.000000</vAcc></extensions></trkpt>
      <trkpt lon="-117.325629" lat="33.980416"><ele>0.000000</ele><time>2024-09-27T18:01:23Z</time><extensions><speed>1.161079</speed><course>163.481064</course><hAcc>1.941547</hAcc><vAcc>-1.000000</vAcc></extensions></trkpt>
      <trkpt lon="-117.325625" lat="33.980404"><ele>0.000000</ele><time>2024-09-27T18:01:24Z</time><extensions><speed>1.698672</speed><course>163.705202</course><hAcc>2.003672</hAcc><vAcc>-1.000000</vAcc></extensions></trkpt>
      <trkpt lon="-117.325620" lat="33.980387"><ele>0.000000</ele><time>2024-09-27T18:01:25Z</time><extensions><speed>2.026606</speed><course>167.033133</course><hAcc>2.046525</hAcc><vAcc>-1.000000</vAcc></extensions></trkpt>
      <trkpt lon="-117.325616" lat="33.980369"><ele>0.000000</ele><time>2024-09-27T18:01:26Z</time><extensions><speed>2.161172</speed><course>170.336298</course><hAcc>2.067743</hAcc><vAcc>-1.000000</vAcc></extensions></trkpt>
      <trkpt lon="-117.325612" lat="33.980350"><ele>0.000000</ele><time>2024-09-27T18:01:27Z</time><extensions><speed>2.158181</speed><course>173.207942</course><hAcc>2.077545</hAcc><vAcc>-1.000000</vAcc></extensions></trkpt>
      <trkpt lon="-117.325610" lat="33.980331"><ele>0.000000</ele><time>2024-09-27T18:01:28Z</time><extensions><speed>1.964737</speed><course>175.300808</course><hAcc>2.089151</hAcc><vAcc>-1.000000</vAcc></extensions></trkpt>
      <trkpt lon="-117.325609" lat="33.980315"><ele>0.000000</ele><time>2024-09-27T18:01:29Z</time><extensions><speed>1.734487</speed><course>177.025472</course><hAcc>2.117396</hAcc><vAcc>-1.000000</vAcc></extensions></trkpt>
      <trkpt lon="-117.325608" lat="33.980300"><ele>0.000000</ele><time>2024-09-27T18:01:30Z</time><extensions><speed>1.496771</speed><course>178.380581</course><hAcc>2.175625</hAcc><vAcc>-1.000000</vAcc></extensions></trkpt>
      <trkpt lon="-117.325608" lat="33.980288"><ele>0.000000</ele><time>2024-09-27T18:01:31Z</time><extensions><speed>1.352852</speed><course>179.430578</course><hAcc>2.258655</hAcc><vAcc>-1.000000</vAcc></extensions></trkpt>
      <trkpt lon="-117.325608" lat="33.980276"><ele>0.000000</ele><time>2024-09-27T18:01:32Z</time><extensions><speed>1.241063</speed><course>180.099652</course><hAcc>2.347710</hAcc><vAcc>-1.000000</vAcc></extensions></trkpt>
      <trkpt lon="-117.325608" lat="33.980265"><ele>0.000000</ele><time>2024-09-27T18:01:33Z</time><extensions><speed>1.129251</speed><course>180.470691</course><hAcc>2.426461</hAcc><vAcc>-1.000000</vAcc></extensions></trkpt>
      <trkpt lon="-117.325608" lat="33.980256"><ele>0.000000</ele><time>2024-09-27T18:01:34Z</time><extensions><speed>1.047173</speed><course>180.623193</course><hAcc>2.485247</hAcc><vAcc>-1.000000</vAcc></extensions></trkpt>
      <trkpt lon="-117.325608" lat="33.980246"><ele>0.000000</ele><time>2024-09-27T18:01:35Z</time><extensions><speed>1.055409</speed><course>180.585513</course><hAcc>2.522972</hAcc><vAcc>-1.000000</vAcc></extensions></trkpt>
      <trkpt lon="-117.325608" lat="33.980236"><ele>0.000000</ele><time>2024-09-27T18:01:36Z</time><extensions><speed>1.141021</speed><course>180.448535</course><hAcc>2.545432</hAcc><vAcc>-1.000000</vAcc></extensions></trkpt>
      <trkpt lon="-117.325608" lat="33.980225"><ele>0.000000</ele><time>2024-09-27T18:01:37Z</time><extensions><speed>1.248613</speed><course>180.309217</course><hAcc>2.558955</hAcc><vAcc>-1.000000</vAcc></extensions></trkpt>
      <trkpt lon="-117.325608" lat="33.980213"><ele>0.000000</ele><time>2024-09-27T18:01:38Z</time><extensions><speed>1.434414</speed><course>180.187745</course><hAcc>2.566055</hAcc><vAcc>-1.000000</vAcc></extensions></trkpt>
      <trkpt lon="-117.325608" lat="33.980200"><ele>0.000000</ele><time>2024-09-27T18:01:39Z</time><extensions><speed>1.567867</speed><course>180.110761</course><hAcc>2.563530</hAcc><vAcc>-1.000000</vAcc></extensions></trkpt>
      <trkpt lon="-117.325608" lat="33.980186"><ele>0.000000</ele><time>2024-09-27T18:01:40Z</time><extensions><speed>1.580983</speed><course>180.064459</course><hAcc>2.546060</hAcc><vAcc>-1.000000</vAcc></extensions></trkpt>
      <trkpt lon="-117.325608" lat="33.980172"><ele>0.000000</ele><time>2024-09-27T18:01:41Z</time><extensions><speed>1.553571</speed><course>180.033483</course><hAcc>2.509749</hAcc><vAcc>-1.000000</vAcc></extensions></trkpt>
      <trkpt lon="-117.325608" lat="33.980158"><ele>0.000000</ele><time>2024-09-27T18:01:42Z</time><extensions><speed>1.485935</speed><course>180.013465</course><hAcc>2.455211</hAcc><vAcc>-1.000000</vAcc></extensions></trkpt>
      <trkpt lon="-117.325608" lat="33.980146"><ele>0.000000</ele><time>2024-09-27T18:01:43Z</time><extensions><speed>1.319159</speed><course>180.001138</course><hAcc>2.387063</hAcc><vAcc>-1.000000</vAcc></extensions></trkpt>
      <trkpt lon="-117.325608" lat="33.980135"><ele>0.000000</ele><time>2024-09-27T18:01:44Z</time><extensions><speed>1.126449</speed><course>179.993323</course><hAcc>2.312647</hAcc><vAcc>-1.000000</vAcc></extensions></trkpt>
      <trkpt lon="-117.325608" lat="33.980125"><ele>0.000000</ele><time>2024-09-27T18:01:45Z</time><extensions><speed>0.942254</speed><course>179.988889</course><hAcc>2.240994</hAcc><vAcc>-1.000000</vAcc></extensions></trkpt>
      <trkpt lon="-117.325608" lat="33.980117"><ele>0.000000</ele><time>2024-09-27T18:01:46Z</time><extensions><speed>0.921874</speed><course>179.989140</course><hAcc>2.180894</hAcc><vAcc>-1.000000</vAcc></extensions></trkpt>
      <trkpt lon="-117.325608" lat="33.980108"><ele>0.000000</ele><time>2024-09-27T18:01:47Z</time><extensions><speed>1.081260</speed><course>179.992648</course><hAcc>2.145836</hAcc><vAcc>-1.000000</vAcc></extensions></trkpt>
      <trkpt lon="-117.325608" lat="33.980097"><ele>0.000000</ele><time>2024-09-27T18:01:48Z</time><extensions><speed>1.363347</speed><course>179.995949</course><hAcc>2.143724</hAcc><vAcc>-1.000000</vAcc></extensions></trkpt>
      <trkpt lon="-117.325608" lat="33.980084"><ele>0.000000</ele><time>2024-09-27T18:01:49Z</time><extensions><speed>1.452922</speed><course>179.997634</course><hAcc>2.158145</hAcc><vAcc>-1.000000</vAcc></extensions></trkpt>
      <trkpt lon="-117.325608" lat="33.980071"><ele>0.000000</ele><time>2024-09-27T18:01:50Z</time><extensions><speed>1.497535</speed><course>179.998748</course><hAcc>2.170692</hAcc><vAcc>-1.000000</vAcc></extensions></trkpt>
      <trkpt lon="-117.325608" lat="33.980057"><ele>0.000000</ele><time>2024-09-27T18:01:51Z</time><extensions><speed>1.507292</speed><course>179.999456</course><hAcc>2.177731</hAcc><vAcc>-1.000000</vAcc></extensions></trkpt>
      <trkpt lon="-117.325608" lat="33.980044"><ele>0.000000</ele><time>2024-09-27T18:01:52Z</time><extensions><speed>1.462711</speed><course>179.999876</course><hAcc>2.179406</hAcc><vAcc>-1.000000</vAcc></extensions></trkpt>
      <trkpt lon="-117.325608" lat="33.980031"><ele>0.000000</ele><time>2024-09-27T18:01:53Z</time><extensions><speed>1.427933</speed><course>180.000107</course><hAcc>2.175918</hAcc><vAcc>-1.000000</vAcc></extensions></trkpt>
      <trkpt lon="-117.325608" lat="33.980018"><ele>0.000000</ele><time>2024-09-27T18:01:54Z</time><extensions><speed>1.400201</speed><course>180.000205</course><hAcc>2.170834</hAcc><vAcc>-1.000000</vAcc></extensions></trkpt>
      <trkpt lon="-117.325608" lat="33.980006"><ele>0.000000</ele><time>2024-09-27T18:01:55Z</time><extensions><speed>1.347633</speed><course>180.000226</course><hAcc>2.166125</hAcc><vAcc>-1.000000</vAcc></extensions></trkpt>
      <trkpt lon="-117.325608" lat="33.979994"><ele>0.000000</ele><time>2024-09-27T18:01:56Z</time><extensions><speed>1.314728</speed><course>179.992401</course><hAcc>2.162712</hAcc><vAcc>-1.000000</vAcc></extensions></trkpt>
      <trkpt lon="-117.325608" lat="33.979982"><ele>0.000000</ele><time>2024-09-27T18:01:57Z</time><extensions><speed>1.301247</speed><course>179.984772</course><hAcc>2.165182</hAcc><vAcc>-1.000000</vAcc></extensions></trkpt>
      <trkpt lon="-117.325608" lat="33.979971"><ele>0.000000</ele><time>2024-09-27T18:01:58Z</time><extensions><speed>1.271715</speed><course>179.981544</course><hAcc>2.176075</hAcc><vAcc>-1.000000</vAcc></extensions></trkpt>
      <trkpt lon="-117.325608" lat="33.979960"><ele>0.000000</ele><time>2024-09-27T18:01:59Z</time><extensions><speed>1.256286</speed><course>179.996275</course><hAcc>2.195320</hAcc><vAcc>-1.000000</vAcc></extensions></trkpt>
      <trkpt lon="-117.325608" lat="33.979948"><ele>0.000000</ele><time>2024-09-27T18:02:00Z</time><extensions><speed>1.253948</speed><course>180.055740</course><hAcc>2.222673</hAcc><vAcc>-1.000000</vAcc></extensions></trkpt>
      <trkpt lon="-117.325608" lat="33.979937"><ele>0.000000</ele><time>2024-09-27T18:02:01Z</time><extensions><speed>1.232387</speed><course>180.180949</course><hAcc>2.249502</hAcc><vAcc>-1.000000</vAcc></extensions></trkpt>
      <trkpt lon="-117.325608" lat="33.979926"><ele>0.000000</ele><time>2024-09-27T18:02:02Z</time><extensions><speed>1.223443</speed><course>180.399194</course><hAcc>2.260119</hAcc><vAcc>-1.000000</vAcc></extensions></trkpt>
      <trkpt lon="-117.325608" lat="33.979915"><ele>0.000000</ele><time>2024-09-27T18:02:03Z</time><extensions><speed>1.223224</speed><course>180.740444</course><hAcc>2.244197</hAcc><vAcc>-1.000000</vAcc></extensions></trkpt>
      <trkpt lon="-117.325609" lat="33.979904"><ele>0.000000</ele><time>2024-09-27T18:02:04Z</time><extensions><speed>1.206621</speed><course>181.238106</course><hAcc>2.203680</hAcc><vAcc>-1.000000</vAcc></extensions></trkpt>
      <trkpt lon="-117.325609" lat="33.979893"><ele>0.000000</ele><time>2024-09-27T18:02:05Z</time><extensions><speed>1.212910</speed><course>181.849045</course><hAcc>2.154511</hAcc><vAcc>-1.000000</vAcc></extensions></trkpt>
      <trkpt lon="-117.325609" lat="33.979882"><ele>0.000000</ele><time>2024-09-27T18:02:06Z</time><extensions><speed>1.253215</speed><course>182.464328</course><hAcc>2.118982</hAcc><vAcc>-1.000000</vAcc></extensions></trkpt>
      <trkpt lon="-117.325610" lat="33.979871"><ele>0.000000</ele><time>2024-09-27T18:02:07Z</time><extensions><speed>1.305251</speed><course>182.639953</course><hAcc>2.105588</hAcc><vAcc>-1.000000</vAcc></extensions></trkpt>
      <trkpt lon="-117.325611" lat="33.979859"><ele>0.000000</ele><time>2024-09-27T18:02:08Z</time><extensions><speed>1.350055</speed><course>183.082359</course><hAcc>2.106527</hAcc><vAcc>-1.000000</vAcc></extensions></trkpt>
      <trkpt lon="-117.325612" lat="33.979847"><ele>0.000000</ele><time>2024-09-27T18:02:09Z</time><extensions><speed>1.365190</speed><course>183.446926</course><hAcc>2.116724</hAcc><vAcc>-1.000000</vAcc></extensions></trkpt>
      <trkpt lon="-117.325613" lat="33.979835"><ele>0.000000</ele><time>2024-09-27T18:02:10Z</time><extensions><speed>1.336677</speed><course>183.827332</course><hAcc>2.131829</hAcc><vAcc>-1.000000</vAcc></extensions></trkpt>
      <trkpt lon="-117.325614" lat="33.979823"><ele>0.000000</ele><time>2024-09-27T18:02:11Z</time><extensions><speed>1.316131</speed><course>184.053757</course><hAcc>2.143813</hAcc><vAcc>-1.000000</vAcc></extensions></trkpt>
      <trkpt lon="-117.325615" lat="33.979811"><ele>0.000000</ele><time>2024-09-27T18:02:12Z</time><extensions><speed>1.286561</speed><course>184.142197</course><hAcc>2.148104</hAcc><vAcc>-1.000000</vAcc></extensions></trkpt>
      <trkpt lon="-117.325616" lat="33.979800"><ele>0.000000</ele><time>2024-09-27T18:02:13Z</time><extensions><speed>1.216316</speed><course>184.118812</course><hAcc>2.140690</hAcc><vAcc>-1.000000</vAcc></extensions></trkpt>
      <trkpt lon="-117.325616" lat="33.979789"><ele>0.000000</ele><time>2024-09-27T18:02:14Z</time><extensions><speed>1.139650</speed><course>183.717311</course><hAcc>2.119144</hAcc><vAcc>-1.000000</vAcc></extensions></trkpt>
      <trkpt lon="-117.325617" lat="33.979779"><ele>0.000000</ele><time>2024-09-27T18:02:15Z</time><extensions><speed>1.067728</speed><course>182.620435</course><hAcc>2.093971</hAcc><vAcc>-1.000000</vAcc></extensions></trkpt>
      <trkpt lon="-117.325617" lat="33.979770"><ele>0.000000</ele><time>2024-09-27T18:02:16Z</time><extensions><speed>0.956137</speed><course>180.404913</course><hAcc>2.086020</hAcc><vAcc>-1.000000</vAcc></extensions></trkpt>
      <trkpt lon="-117.325617" lat="33.979762"><ele>0.000000</ele><time>2024-09-27T18:02:17Z</time><extensions><speed>0.837382</speed><course>174.998929</course><hAcc>2.106135</hAcc><vAcc>-1.000000</vAcc></extensions></trkpt>
      <trkpt lon="-117.325616" lat="33.979755"><ele>0.000000</ele><time>2024-09-27T18:02:18Z</time><extensions><speed>0.897576</speed><course>170.384735</course><hAcc>2.145420</hAcc><vAcc>-1.000000</vAcc></extensions></trkpt>
      <trkpt lon="-117.325614" lat="33.979746"><ele>0.000000</ele><time>2024-09-27T18:02:19Z</time><extensions><speed>1.068923</speed><course>170.770498</course><hAcc>2.190410</hAcc><vAcc>-1.000000</vAcc></extensions></trkpt>
      <trkpt lon="-117.325612" lat="33.979736"><ele>0.000000</ele><time>2024-09-27T18:02:20Z</time><extensions><speed>1.180200</speed><course>172.428765</course><hAcc>2.234797</hAcc><vAcc>-1.000000</vAcc></extensions></trkpt>
      <trkpt lon="-117.325611" lat="33.979725"><ele>0.000000</ele><time>2024-09-27T18:02:21Z</time><extensions><speed>1.242717</speed><course>174.377274</course><hAcc>2.278261</hAcc><vAcc>-1.000000</vAcc></extensions></trkpt>
      <trkpt lon="-117.325610" lat="33.979714"><ele>0.000000</ele><time>2024-09-27T18:02:22Z</time><extensions><speed>1.249707</speed><course>176.045354</course><hAcc>2.315831</hAcc><vAcc>-1.000000</vAcc></extensions></trkpt>
      <trkpt lon="-117.325609" lat="33.979703"><ele>0.000000</ele><time>2024-09-27T18:02:23Z</time><extensions><speed>1.248760</speed><course>177.438948</course><hAcc>2.337580</hAcc><vAcc>-1.000000</vAcc></extensions></trkpt>
      <trkpt lon="-117.325608" lat="33.979692"><ele>0.000000</ele><time>2024-09-27T18:02:24Z</time><extensions><speed>1.230846</speed><course>178.500196</course><hAcc>2.337708</hAcc><vAcc>-1.000000</vAcc></extensions></trkpt>
      <trkpt lon="-117.325608" lat="33.979681"><ele>0.000000</ele><time>2024-09-27T18:02:25Z</time><extensions><speed>1.206994</speed><course>179.259312</course><hAcc>2.317883</hAcc><vAcc>-1.000000</vAcc></extensions></trkpt>
      <trkpt lon="-117.325608" lat="33.979670"><ele>0.000000</ele><time>2024-09-27T18:02:26Z</time><extensions><speed>1.212584</speed><course>179.778205</course><hAcc>2.286882</hAcc><vAcc>-1.000000</vAcc></extensions></trkpt>
      <trkpt lon="-117.325608" lat="33.979659"><ele>0.000000</ele><time>2024-09-27T18:02:27Z</time><extensions><speed>1.258633</speed><course>180.041716</course><hAcc>2.256109</hAcc><vAcc>-1.000000</vAcc></extensions></trkpt>
      <trkpt lon="-117.325608" lat="33.979647"><ele>0.000000</ele><time>2024-09-27T18:02:28Z</time><extensions><speed>1.293196</speed><course>180.130033</course><hAcc>2.230054</hAcc><vAcc>-1.000000</vAcc></extensions></trkpt>
      <trkpt lon="-117.325608" lat="33.979636"><ele>0.000000</ele><time>2024-09-27T18:02:29Z</time><extensions><speed>1.292930</speed><course>180.092744</course><hAcc>2.207510</hAcc><vAcc>-1.000000</vAcc></extensions></trkpt>
      <trkpt lon="-117.325608" lat="33.979624"><ele>0.000000</ele><time>2024-09-27T18:02:30Z</time><extensions><speed>1.250782</speed><course>179.929053</course><hAcc>2.190409</hAcc><vAcc>-1.000000</vAcc></extensions></trkpt>
      <trkpt lon="-117.325608" lat="33.979613"><ele>0.000000</ele><time>2024-09-27T18:02:31Z</time><extensions><speed>1.133868</speed><course>179.588175</course><hAcc>2.179375</hAcc><vAcc>-1.000000</vAcc></extensions></trkpt>
      <trkpt lon="-117.325608" lat="33.979603"><ele>0.000000</ele><time>2024-09-27T18:02:32Z</time><extensions><speed>1.150251</speed><course>179.105493</course><hAcc>2.170975</hAcc><vAcc>-1.000000</vAcc></extensions></trkpt>
      <trkpt lon="-117.325608" lat="33.979592"><ele>0.000000</ele><time>2024-09-27T18:02:33Z</time><extensions><speed>1.275910</speed><course>178.579093</course><hAcc>2.161574</hAcc><vAcc>-1.000000</vAcc></extensions></trkpt>
      <trkpt lon="-117.325607" lat="33.979580"><ele>0.000000</ele><time>2024-09-27T18:02:34Z</time><extensions><speed>1.407817</speed><course>178.021586</course><hAcc>2.145465</hAcc><vAcc>-1.000000</vAcc></extensions></trkpt>
      <trkpt lon="-117.325607" lat="33.979567"><ele>0.000000</ele><time>2024-09-27T18:02:35Z</time><extensions><speed>1.474374</speed><course>177.716258</course><hAcc>2.118879</hAcc><vAcc>-1.000000</vAcc></extensions></trkpt>
      <trkpt lon="-117.325606" lat="33.979554"><ele>0.000000</ele><time>2024-09-27T18:02:36Z</time><extensions><speed>1.509561</speed><course>177.604120</course><hAcc>2.089188</hAcc><vAcc>-1.000000</vAcc></extensions></trkpt>
      <trkpt lon="-117.325605" lat="33.979541"><ele>0.000000</ele><time>2024-09-27T18:02:37Z</time><extensions><speed>1.447865</speed><course>177.716975</course><hAcc>2.067339</hAcc><vAcc>-1.000000</vAcc></extensions></trkpt>
      <trkpt lon="-117.325605" lat="33.979528"><ele>0.000000</ele><time>2024-09-27T18:02:38Z</time><extensions><speed>1.378147</speed><course>177.653269</course><hAcc>2.055657</hAcc><vAcc>-1.000000</vAcc></extensions></trkpt>
      <trkpt lon="-117.325604" lat="33.979516"><ele>0.000000</ele><time>2024-09-27T18:02:39Z</time><extensions><speed>1.282355</speed><course>177.398615</course><hAcc>2.056306</hAcc><vAcc>-1.000000</vAcc></extensions></trkpt>
      <trkpt lon="-117.325604" lat="33.979505"><ele>0.000000</ele><time>2024-09-27T18:02:40Z</time><extensions><speed>1.162432</speed><course>177.216276</course><hAcc>2.071101</hAcc><vAcc>-1.000000</vAcc></extensions></trkpt>
      <trkpt lon="-117.325603" lat="33.979495"><ele>0.000000</ele><time>2024-09-27T18:02:41Z</time><extensions><speed>1.039445</speed><course>176.796312</course><hAcc>2.090992</hAcc><vAcc>-1.000000</vAcc></extensions></trkpt>
      <trkpt lon="-117.325603" lat="33.979486"><ele>0.000000</ele><time>2024-09-27T18:02:42Z</time><extensions><speed>1.010525</speed><course>176.904126</course><hAcc>2.107870</hAcc><vAcc>-1.000000</vAcc></extensions></trkpt>
      <trkpt lon="-117.325602" lat="33.979477"><ele>0.000000</ele><time>2024-09-27T18:02:43Z</time><extensions><speed>0.998941</speed><course>176.851347</course><hAcc>2.116493</hAcc><vAcc>-1.000000</vAcc></extensions></trkpt>
      <trkpt lon="-117.325601" lat="33.979468"><ele>0.000000</ele><time>2024-09-27T18:02:44Z</time><extensions><speed>1.071650</speed><course>176.957149</course><hAcc>2.114669</hAcc><vAcc>-1.000000</vAcc></extensions></trkpt>
      <trkpt lon="-117.325601" lat="33.979457"><ele>0.000000</ele><time>2024-09-27T18:02:45Z</time><extensions><speed>1.203059</speed><course>177.185524</course><hAcc>2.106328</hAcc><vAcc>-1.000000</vAcc></extensions></trkpt>
      <trkpt lon="-117.325600" lat="33.979447"><ele>0.000000</ele><time>2024-09-27T18:02:46Z</time><extensions><speed>1.226478</speed><course>176.555329</course><hAcc>2.093987</hAcc><vAcc>-1.000000</vAcc></extensions></trkpt>
      <trkpt lon="-117.325599" lat="33.979436"><ele>0.000000</ele><time>2024-09-27T18:02:47Z</time><extensions><speed>1.234202</speed><course>175.111516</course><hAcc>2.079635</hAcc><vAcc>-1.000000</vAcc></extensions></trkpt>
      <trkpt lon="-117.325598" lat="33.979425"><ele>0.000000</ele><time>2024-09-27T18:02:48Z</time><extensions><speed>1.241328</speed><course>172.742137</course><hAcc>2.069422</hAcc><vAcc>-1.000000</vAcc></extensions></trkpt>
      <trkpt lon="-117.325596" lat="33.979414"><ele>0.000000</ele><time>2024-09-27T18:02:49Z</time><extensions><speed>1.230795</speed><course>169.873892</course><hAcc>2.064328</hAcc><vAcc>-1.000000</vAcc></extensions></trkpt>
      <trkpt lon="-117.325593" lat="33.979403"><ele>0.000000</ele><time>2024-09-27T18:02:50Z</time><extensions><speed>1.225629</speed><course>168.363348</course><hAcc>2.059576</hAcc><vAcc>-1.000000</vAcc></extensions></trkpt>
      <trkpt lon="-117.325590" lat="33.979392"><ele>0.000000</ele><time>2024-09-27T18:02:51Z</time><extensions><speed>1.211295</speed><course>168.222802</course><hAcc>2.056837</hAcc><vAcc>-1.000000</vAcc></extensions></trkpt>
      <trkpt lon="-117.325588" lat="33.979381"><ele>0.000000</ele><time>2024-09-27T18:02:52Z</time><extensions><speed>1.221140</speed><course>167.054090</course><hAcc>2.059163</hAcc><vAcc>-1.000000</vAcc></extensions></trkpt>
      <trkpt lon="-117.325585" lat="33.979371"><ele>0.000000</ele><time>2024-09-27T18:02:53Z</time><extensions><speed>1.227539</speed><course>167.968398</course><hAcc>2.063787</hAcc><vAcc>-1.000000</vAcc></extensions></trkpt>
      <trkpt lon="-117.325582" lat="33.979360"><ele>0.000000</ele><time>2024-09-27T18:02:54Z</time><extensions><speed>1.249002</speed><course>168.688253</course><hAcc>2.067976</hAcc><vAcc>-1.000000</vAcc></extensions></trkpt>
      <trkpt lon="-117.325579" lat="33.979349"><ele>0.000000</ele><time>2024-09-27T18:02:55Z</time><extensions><speed>1.272674</speed><course>167.970148</course><hAcc>2.069285</hAcc><vAcc>-1.000000</vAcc></extensions></trkpt>
      <trkpt lon="-117.325576" lat="33.979337"><ele>0.000000</ele><time>2024-09-27T18:02:56Z</time><extensions><speed>1.309602</speed><course>166.445906</course><hAcc>2.067694</hAcc><vAcc>-1.000000</vAcc></extensions></trkpt>
      <trkpt lon="-117.325573" lat="33.979326"><ele>0.000000</ele><time>2024-09-27T18:02:57Z</time><extensions><speed>1.354029</speed><course>165.983313</course><hAcc>2.068194</hAcc><vAcc>-1.000000</vAcc></extensions></trkpt>
      <trkpt lon="-117.325569" lat="33.979314"><ele>0.000000</ele><time>2024-09-27T18:02:58Z</time><extensions><speed>1.386452</speed><course>166.005890</course><hAcc>2.070412</hAcc><vAcc>-1.000000</vAcc></extensions></trkpt>
      <trkpt lon="-117.325566" lat="33.979301"><ele>0.000000</ele><time>2024-09-27T18:02:59Z</time><extensions><speed>1.411569</speed><course>165.633918</course><hAcc>2.069061</hAcc><vAcc>-1.000000</vAcc></extensions></trkpt>
      <trkpt lon="-117.325562" lat="33.979289"><ele>0.000000</ele><time>2024-09-27T18:03:00Z</time><extensions><speed>1.450403</speed><course>163.219875</course><hAcc>2.062731</hAcc><vAcc>-1.000000</vAcc></extensions></trkpt>
      <trkpt lon="-117.325557" lat="33.979277"><ele>0.000000</ele><time>2024-09-27T18:03:01Z</time><extensions><speed>1.454316</speed><course>159.118156</course><hAcc>2.050321</hAcc><vAcc>-1.000000</vAcc></extensions></trkpt>
      <trkpt lon="-117.325551" lat="33.979265"><ele>0.000000</ele><time>2024-09-27T18:03:02Z</time><extensions><speed>1.402670</speed><course>155.427207</course><hAcc>2.031154</hAcc><vAcc>-1.000000</vAcc></extensions></trkpt>
      <trkpt lon="-117.325544" lat="33.979254"><ele>0.000000</ele><time>2024-09-27T18:03:03Z</time><extensions><speed>1.298093</speed><course>151.634204</course><hAcc>2.013256</hAcc><vAcc>-1.000000</vAcc></extensions></trkpt>
      <trkpt lon="-117.325538" lat="33.979245"><ele>0.000000</ele><time>2024-09-27T18:03:04Z</time><extensions><speed>1.037034</speed><course>149.126955</course><hAcc>2.005233</hAcc><vAcc>-1.000000</vAcc></extensions></trkpt>
      <trkpt lon="-117.325533" lat="33.979238"><ele>0.000000</ele><time>2024-09-27T18:03:05Z</time><extensions><speed>0.789706</speed><course>149.281336</course><hAcc>2.003401</hAcc><vAcc>-1.000000</vAcc></extensions></trkpt>
      <trkpt lon="-117.325529" lat="33.979232"><ele>0.000000</ele><time>2024-09-27T18:03:06Z</time><extensions><speed>0.777223</speed><course>145.931121</course><hAcc>2.002064</hAcc><vAcc>-1.000000</vAcc></extensions></trkpt>
      <trkpt lon="-117.325523" lat="33.979226"><ele>0.000000</ele><time>2024-09-27T18:03:07Z</time><extensions><speed>0.951822</speed><course>138.635303</course><hAcc>2.006796</hAcc><vAcc>-1.000000</vAcc></extensions></trkpt>
      <trkpt lon="-117.325515" lat="33.979219"><ele>0.000000</ele><time>2024-09-27T18:03:08Z</time><extensions><speed>1.243753</speed><course>136.522403</course><hAcc>2.028276</hAcc><vAcc>-1.000000</vAcc></extensions></trkpt>
      <trkpt lon="-117.325504" lat="33.979209"><ele>0.000000</ele><time>2024-09-27T18:03:09Z</time><extensions><speed>1.570718</speed><course>136.478091</course><hAcc>2.068373</hAcc><vAcc>-1.000000</vAcc></extensions></trkpt>
      <trkpt lon="-117.325492" lat="33.979199"><ele>0.000000</ele><time>2024-09-27T18:03:10Z</time><extensions><speed>1.597931</speed><course>134.724653</course><hAcc>2.112445</hAcc><vAcc>-1.000000</vAcc></extensions></trkpt>
      <trkpt lon="-117.325480" lat="33.979189"><ele>0.000000</ele><time>2024-09-27T18:03:11Z</time><extensions><speed>1.561839</speed><course>132.108487</course><hAcc>2.149795</hAcc><vAcc>-1.000000</vAcc></extensions></trkpt>
      <trkpt lon="-117.325468" lat="33.979180"><ele>0.000000</ele><time>2024-09-27T18:03:12Z</time><extensions><speed>1.483235</speed><course>129.353647</course><hAcc>2.183230</hAcc><vAcc>-1.000000</vAcc></extensions></trkpt>
      <trkpt lon="-117.325456" lat="33.979173"><ele>0.000000</ele><time>2024-09-27T18:03:13Z</time><extensions><speed>1.352444</speed><course>126.460575</course><hAcc>2.218005</hAcc><vAcc>-1.000000</vAcc></extensions></trkpt>
      <trkpt lon="-117.325444" lat="33.979166"><ele>0.000000</ele><time>2024-09-27T18:03:14Z</time><extensions><speed>1.225008</speed><course>122.438905</course><hAcc>2.258666</hAcc><vAcc>-1.000000</vAcc></extensions></trkpt>
      <trkpt lon="-117.325433" lat="33.979161"><ele>0.000000</ele><time>2024-09-27T18:03:15Z</time><extensions><speed>1.113033</speed><course>115.774637</course><hAcc>2.307147</hAcc><vAcc>-1.000000</vAcc></extensions></trkpt>
      <trkpt lon="-117.325422" lat="33.979157"><ele>0.000000</ele><time>2024-09-27T18:03:16Z</time><extensions><speed>1.034076</speed><course>109.524951</course><hAcc>2.356303</hAcc><vAcc>-1.000000</vAcc></extensions></trkpt>
      <trkpt lon="-117.325412" lat="33.979155"><ele>0.000000</ele><time>2024-09-27T18:03:17Z</time><extensions><speed>1.001032</speed><course>103.667673</course><hAcc>2.395153</hAcc><vAcc>-1.000000</vAcc></extensions></trkpt>
      <trkpt lon="-117.325401" lat="33.979153"><ele>0.000000</ele><time>2024-09-27T18:03:18Z</time><extensions><speed>0.993686</speed><course>97.845572</course><hAcc>2.418179</hAcc><vAcc>-1.000000</vAcc></extensions></trkpt>
      <trkpt lon="-117.325391" lat="33.979152"><ele>0.000000</ele><time>2024-09-27T18:03:19Z</time><extensions><speed>1.001015</speed><course>92.949348</course><hAcc>2.427045</hAcc><vAcc>-1.000000</vAcc></extensions></trkpt>
      <trkpt lon="-117.325380" lat="33.979152"><ele>0.000000</ele><time>2024-09-27T18:03:20Z</time><extensions><speed>1.005207</speed><course>88.147677</course><hAcc>2.430670</hAcc><vAcc>-1.000000</vAcc></extensions></trkpt>
      <trkpt lon="-117.325369" lat="33.979153"><ele>0.000000</ele><time>2024-09-27T18:03:21Z</time><extensions><speed>1.002388</speed><course>83.129548</course><hAcc>2.440905</hAcc><vAcc>-1.000000</vAcc></extensions></trkpt>
      <trkpt lon="-117.325358" lat="33.979154"><ele>0.000000</ele><time>2024-09-27T18:03:22Z</time><extensions><speed>1.004028</speed><course>80.787691</course><hAcc>2.461802</hAcc><vAcc>-1.000000</vAcc></extensions></trkpt>
      <trkpt lon="-117.325348" lat="33.979155"><ele>0.000000</ele><time>2024-09-27T18:03:23Z</time><extensions><speed>1.003306</speed><course>80.192217</course><hAcc>2.486963</hAcc><vAcc>-1.000000</vAcc></extensions></trkpt>
      <trkpt lon="-117.325337" lat="33.979157"><ele>0.000000</ele><time>2024-09-27T18:03:24Z</time><extensions><speed>1.007874</speed><course>81.112875</course><hAcc>2.506943</hAcc><vAcc>-1.000000</vAcc></extensions></trkpt>
      <trkpt lon="-117.325326" lat="33.979158"><ele>0.000000</ele><time>2024-09-27T18:03:25Z</time><extensions><speed>1.018342</speed><course>81.973182</course><hAcc>2.513750</hAcc><vAcc>-1.000000</vAcc></extensions></trkpt>
      <trkpt lon="-117.325316" lat="33.979160"><ele>0.000000</ele><time>2024-09-27T18:03:26Z</time><extensions><speed>1.028532</speed><course>82.085841</course><hAcc>2.503603</hAcc><vAcc>-1.000000</vAcc></extensions></trkpt>
      <trkpt lon="-117.325305" lat="33.979161"><ele>0.000000</ele><time>2024-09-27T18:03:27Z</time><extensions><speed>1.035648</speed><course>81.583410</course><hAcc>2.478292</hAcc><vAcc>-1.000000</vAcc></extensions></trkpt>
      <trkpt lon="-117.325293" lat="33.979162"><ele>0.000000</ele><time>2024-09-27T18:03:28Z</time><extensions><speed>1.043960</speed><course>81.733888</course><hAcc>2.443186</hAcc><vAcc>-1.000000</vAcc></extensions></trkpt>
      <trkpt lon="-117.325282" lat="33.979164"><ele>0.000000</ele><time>2024-09-27T18:03:29Z</time><extensions><speed>1.054956</speed><course>82.812950</course><hAcc>2.405967</hAcc><vAcc>-1.000000</vAcc></extensions></trkpt>
      <trkpt lon="-117.325271" lat="33.979165"><ele>0.000000</ele><time>2024-09-27T18:03:30Z</time><extensions><speed>1.078421</speed><course>84.945996</course><hAcc>2.374876</hAcc><vAcc>-1.000000</vAcc></extensions></trkpt>
      <trkpt lon="-117.325259" lat="33.979165"><ele>0.000000</ele><time>2024-09-27T18:03:31Z</time><extensions><speed>1.111679</speed><course>87.063922</course><hAcc>2.353142</hAcc><vAcc>-1.000000</vAcc></extensions></trkpt>
      <trkpt lon="-117.325247" lat="33.979166"><ele>0.000000</ele><time>2024-09-27T18:03:32Z</time><extensions><speed>1.155912</speed><course>89.228640</course><hAcc>2.339257</hAcc><vAcc>-1.000000</vAcc></extensions></trkpt>
      <trkpt lon="-117.325234" lat="33.979166"><ele>0.000000</ele><time>2024-09-27T18:03:33Z</time><extensions><speed>1.203734</speed><course>91.392706</course><hAcc>2.331822</hAcc><vAcc>-1.000000</vAcc></extensions></trkpt>
      <trkpt lon="-117.325221" lat="33.979165"><ele>0.000000</ele><time>2024-09-27T18:03:34Z</time><extensions><speed>1.238292</speed><course>93.082730</course><hAcc>2.328094</hAcc><vAcc>-1.000000</vAcc></extensions></trkpt>
      <trkpt lon="-117.325207" lat="33.979164"><ele>0.000000</ele><time>2024-09-27T18:03:35Z</time><extensions><speed>1.254940</speed><course>94.857935</course><hAcc>2.324895</hAcc><vAcc>-1.000000</vAcc></extensions></trkpt>
      <trkpt lon="-117.325194" lat="33.979163"><ele>0.000000</ele><time>2024-09-27T18:03:36Z</time><extensions><speed>1.256045</speed><course>97.143074</course><hAcc>2.321810</hAcc><vAcc>-1.000000</vAcc></extensions></trkpt>
      <trkpt lon="-117.325181" lat="33.979162"><ele>0.000000</ele><time>2024-09-27T18:03:37Z</time><extensions><speed>1.238827</speed><course>99.144716</course><hAcc>2.317772</hAcc><vAcc>-1.000000</vAcc></extensions></trkpt>
      <trkpt lon="-117.325168" lat="33.979160"><ele>0.000000</ele><time>2024-09-27T18:03:38Z</time><extensions><speed>1.209379</speed><course>100.949912</course><hAcc>2.311004</hAcc><vAcc>-1.000000</vAcc></extensions></trkpt>
      <trkpt lon="-117.325155" lat="33.979157"><ele>0.000000</ele><time>2024-09-27T18:03:39Z</time><extensions><speed>1.175644</speed><course>102.749443</course><hAcc>2.302531</hAcc><vAcc>-1.000000</vAcc></extensions></trkpt>
      <trkpt lon="-117.325143" lat="33.979155"><ele>0.000000</ele><time>2024-09-27T18:03:40Z</time><extensions><speed>1.145863</speed><course>103.803363</course><hAcc>2.293040</hAcc><vAcc>-1.000000</vAcc></extensions></trkpt>
      <trkpt lon="-117.325131" lat="33.979153"><ele>0.000000</ele><time>2024-09-27T18:03:41Z</time><extensions><speed>1.130735</speed><course>104.377080</course><hAcc>2.282252</hAcc><vAcc>-1.000000</vAcc></extensions></trkpt>
      <trkpt lon="-117.325119" lat="33.979150"><ele>0.000000</ele><time>2024-09-27T18:03:42Z</time><extensions><speed>1.124131</speed><course>104.597515</course><hAcc>2.272115</hAcc><vAcc>-1.000000</vAcc></extensions></trkpt>
      <trkpt lon="-117.325108" lat="33.979148"><ele>0.000000</ele><time>2024-09-27T18:03:43Z</time><extensions><speed>1.128158</speed><course>104.382195</course><hAcc>2.263589</hAcc><vAcc>-1.000000</vAcc></extensions></trkpt>
      <trkpt lon="-117.325096" lat="33.979145"><ele>0.000000</ele><time>2024-09-27T18:03:44Z</time><extensions><speed>1.146850</speed><course>103.911087</course><hAcc>2.256152</hAcc><vAcc>-1.000000</vAcc></extensions></trkpt>
      <trkpt lon="-117.325083" lat="33.979143"><ele>0.000000</ele><time>2024-09-27T18:03:45Z</time><extensions><speed>1.183062</speed><course>103.358271</course><hAcc>2.250761</hAcc><vAcc>-1.000000</vAcc></extensions></trkpt>
      <trkpt lon="-117.325071" lat="33.979140"><ele>0.000000</ele><time>2024-09-27T18:03:46Z</time><extensions><speed>1.225222</speed><course>103.649520</course><hAcc>2.246490</hAcc><vAcc>-1.000000</vAcc></extensions></trkpt>
      <trkpt lon="-117.325058" lat="33.979137"><ele>0.000000</ele><time>2024-09-27T18:03:47Z</time><extensions><speed>1.255264</speed><course>105.376642</course><hAcc>2.241991</hAcc><vAcc>-1.000000</vAcc></extensions></trkpt>
      <trkpt lon="-117.325045" lat="33.979134"><ele>0.000000</ele><time>2024-09-27T18:03:48Z</time><extensions><speed>1.275689</speed><course>108.825631</course><hAcc>2.240750</hAcc><vAcc>-1.000000</vAcc></extensions></trkpt>
      <trkpt lon="-117.325032" lat="33.979130"><ele>0.000000</ele><time>2024-09-27T18:03:49Z</time><extensions><speed>1.284222</speed><course>112.436352</course><hAcc>2.245777</hAcc><vAcc>-1.000000</vAcc></extensions></trkpt>
      <trkpt lon="-117.325019" lat="33.979125"><ele>0.000000</ele><time>2024-09-27T18:03:50Z</time><extensions><speed>1.286384</speed><course>115.477401</course><hAcc>2.257737</hAcc><vAcc>-1.000000</vAcc></extensions></trkpt>
      <trkpt lon="-117.325007" lat="33.979120"><ele>0.000000</ele><time>2024-09-27T18:03:51Z</time><extensions><speed>1.286819</speed><course>117.598427</course><hAcc>2.277573</hAcc><vAcc>-1.000000</vAcc></extensions></trkpt>
      <trkpt lon="-117.324995" lat="33.979115"><ele>0.000000</ele><time>2024-09-27T18:03:52Z</time><extensions><speed>1.280868</speed><course>117.209594</course><hAcc>2.299874</hAcc><vAcc>-1.000000</vAcc></extensions></trkpt>
      <trkpt lon="-117.324982" lat="33.979110"><ele>0.000000</ele><time>2024-09-27T18:03:53Z</time><extensions><speed>1.268318</speed><course>114.958213</course><hAcc>2.311544</hAcc><vAcc>-1.000000</vAcc></extensions></trkpt>
      <trkpt lon="-117.324970" lat="33.979105"><ele>0.000000</ele><time>2024-09-27T18:03:54Z</time><extensions><speed>1.248084</speed><course>111.915822</course><hAcc>2.300639</hAcc><vAcc>-1.000000</vAcc></extensions></trkpt>
      <trkpt lon="-117.324957" lat="33.979101"><ele>0.000000</ele><time>2024-09-27T18:03:55Z</time><extensions><speed>1.220955</speed><course>109.410329</course><hAcc>2.262559</hAcc><vAcc>-1.000000</vAcc></extensions></trkpt>
      <trkpt lon="-117.324945" lat="33.979098"><ele>0.000000</ele><time>2024-09-27T18:03:56Z</time><extensions><speed>1.189698</speed><course>107.412687</course><hAcc>2.203903</hAcc><vAcc>-1.000000</vAcc></extensions></trkpt>
      <trkpt lon="-117.324935" lat="33.979095"><ele>0.000000</ele><time>2024-09-27T18:03:57Z</time><extensions><speed>1.178482</speed><course>105.909965</course><hAcc>2.182855</hAcc><vAcc>-1.000000</vAcc></extensions></trkpt>
      <trkpt lon="-117.324921" lat="33.979092"><ele>0.000000</ele><time>2024-09-27T18:03:58Z</time><extensions><speed>1.165080</speed><course>102.149766</course><hAcc>2.163771</hAcc><vAcc>-1.000000</vAcc></extensions></trkpt>
      <trkpt lon="-117.324908" lat="33.979090"><ele>0.000000</ele><time>2024-09-27T18:03:59Z</time><extensions><speed>1.152193</speed><course>101.359688</course><hAcc>2.123378</hAcc><vAcc>-1.000000</vAcc></extensions></trkpt>
      <trkpt lon="-117.324898" lat="33.979088"><ele>0.000000</ele><time>2024-09-27T18:04:00Z</time><extensions><speed>1.130877</speed><course>101.854420</course><hAcc>2.126901</hAcc><vAcc>-1.000000</vAcc></extensions></trkpt>
      <trkpt lon="-117.324885" lat="33.979086"><ele>0.000000</ele><time>2024-09-27T18:04:01Z</time><extensions><speed>1.104495</speed><course>104.307274</course><hAcc>2.149505</hAcc><vAcc>-1.000000</vAcc></extensions></trkpt>
      <trkpt lon="-117.324873" lat="33.979083"><ele>0.000000</ele><time>2024-09-27T18:04:02Z</time><extensions><speed>1.101503</speed><course>105.088144</course><hAcc>2.153003</hAcc><vAcc>-1.000000</vAcc></extensions></trkpt>
      <trkpt lon="-117.324864" lat="33.979081"><ele>0.000000</ele><time>2024-09-27T18:04:03Z</time><extensions><speed>1.104407</speed><course>105.089306</course><hAcc>2.195530</hAcc><vAcc>-1.000000</vAcc></extensions></trkpt>
      <trkpt lon="-117.324850" lat="33.979078"><ele>0.000000</ele><time>2024-09-27T18:04:04Z</time><extensions><speed>1.110281</speed><course>105.346557</course><hAcc>2.266723</hAcc><vAcc>-1.000000</vAcc></extensions></trkpt>
      <trkpt lon="-117.324839" lat="33.979075"><ele>0.000000</ele><time>2024-09-27T18:04:05Z</time><extensions><speed>1.106084</speed><course>105.765681</course><hAcc>2.290131</hAcc><vAcc>-1.000000</vAcc></extensions></trkpt>
      <trkpt lon="-117.324829" lat="33.979073"><ele>0.000000</ele><time>2024-09-27T18:04:06Z</time><extensions><speed>1.090046</speed><course>106.073919</course><hAcc>2.315875</hAcc><vAcc>-1.000000</vAcc></extensions></trkpt>
      <trkpt lon="-117.324816" lat="33.979070"><ele>0.000000</ele><time>2024-09-27T18:04:07Z</time><extensions><speed>1.079947</speed><course>106.661463</course><hAcc>2.317146</hAcc><vAcc>-1.000000</vAcc></extensions></trkpt>
      <trkpt lon="-117.324805" lat="33.979067"><ele>0.000000</ele><time>2024-09-27T18:04:08Z</time><extensions><speed>1.098592</speed><course>107.100929</course><hAcc>2.271443</hAcc><vAcc>-1.000000</vAcc></extensions></trkpt>
      <trkpt lon="-117.324795" lat="33.979065"><ele>0.000000</ele><time>2024-09-27T18:04:09Z</time><extensions><speed>1.133208</speed><course>107.422096</course><hAcc>2.257470</hAcc><vAcc>-1.000000</vAcc></extensions></trkpt>
      <trkpt lon="-117.324780" lat="33.979061"><ele>0.000000</ele><time>2024-09-27T18:04:10Z</time><extensions><speed>1.227520</speed><course>107.777258</course><hAcc>2.250396</hAcc><vAcc>-1.000000</vAcc></extensions></trkpt>
      <trkpt lon="-117.324767" lat="33.979057"><ele>0.000000</ele><time>2024-09-27T18:04:11Z</time><extensions><speed>1.270631</speed><course>108.335642</course><hAcc>2.224930</hAcc><vAcc>-1.000000</vAcc></extensions></trkpt>
      <trkpt lon="-117.324755" lat="33.979054"><ele>0.000000</ele><time>2024-09-27T18:04:12Z</time><extensions><speed>1.288497</speed><course>108.970366</course><hAcc>2.227469</hAcc><vAcc>-1.000000</vAcc></extensions></trkpt>
      <trkpt lon="-117.324741" lat="33.979050"><ele>0.000000</ele><time>2024-09-27T18:04:13Z</time><extensions><speed>1.233263</speed><course>111.291985</course><hAcc>2.229923</hAcc><vAcc>-1.000000</vAcc></extensions></trkpt>
      <trkpt lon="-117.324729" lat="33.979046"><ele>0.000000</ele><time>2024-09-27T18:04:14Z</time><extensions><speed>1.061328</speed><course>115.420068</course><hAcc>2.201570</hAcc><vAcc>-1.000000</vAcc></extensions></trkpt>
      <trkpt lon="-117.324722" lat="33.979043"><ele>0.000000</ele><time>2024-09-27T18:04:15Z</time><extensions><speed>0.841132</speed><course>123.040216</course><hAcc>2.195081</hAcc><vAcc>-1.000000</vAcc></extensions></trkpt>
      <trkpt lon="-117.324717" lat="33.979038"><ele>0.000000</ele><time>2024-09-27T18:04:16Z</time><extensions><speed>0.453592</speed><course>170.878686</course><hAcc>2.196588</hAcc><vAcc>-1.000000</vAcc></extensions></trkpt>
      <trkpt lon="-117.324721" lat="33.979035"><ele>0.000000</ele><time>2024-09-27T18:04:17Z</time><extensions><speed>0.797430</speed><course>240.055965</course><hAcc>2.189525</hAcc><vAcc>-1.000000</vAcc></extensions></trkpt>
      <trkpt lon="-117.324730" lat="33.979032"><ele>0.000000</ele><time>2024-09-27T18:04:18Z</time><extensions><speed>1.299178</speed><course>252.117805</course><hAcc>2.206841</hAcc><vAcc>-1.000000</vAcc></extensions></trkpt>
      <trkpt lon="-117.324749" lat="33.979028"><ele>0.000000</ele><time>2024-09-27T18:04:19Z</time><extensions><speed>1.910278</speed><course>255.633794</course><hAcc>2.224024</hAcc><vAcc>-1.000000</vAcc></extensions></trkpt>
      <trkpt lon="-117.324771" lat="33.979023"><ele>0.000000</ele><time>2024-09-27T18:04:20Z</time><extensions><speed>2.169954</speed><course>254.828625</course><hAcc>2.217303</hAcc><vAcc>-1.000000</vAcc></extensions></trkpt>
      <trkpt lon="-117.324791" lat="33.979018"><ele>0.000000</ele><time>2024-09-27T18:04:21Z</time><extensions><speed>2.087317</speed><course>249.694824</course><hAcc>2.235856</hAcc><vAcc>-1.000000</vAcc></extensions></trkpt>
      <trkpt lon="-117.324812" lat="33.979010"><ele>0.000000</ele><time>2024-09-27T18:04:22Z</time><extensions><speed>1.868592</speed><course>239.086728</course><hAcc>2.270307</hAcc><vAcc>-1.000000</vAcc></extensions></trkpt>
      <trkpt lon="-117.324827" lat="33.979000"><ele>0.000000</ele><time>2024-09-27T18:04:23Z</time><extensions><speed>1.619762</speed><course>223.084829</course><hAcc>2.291204</hAcc><vAcc>-1.000000</vAcc></extensions></trkpt>
      <trkpt lon="-117.324835" lat="33.978989"><ele>0.000000</ele><time>2024-09-27T18:04:24Z</time><extensions><speed>1.520192</speed><course>202.932143</course><hAcc>2.334708</hAcc><vAcc>-1.000000</vAcc></extensions></trkpt>
      <trkpt lon="-117.324837" lat="33.978973"><ele>0.000000</ele><time>2024-09-27T18:04:25Z</time><extensions><speed>1.777811</speed><course>172.805827</course><hAcc>2.400511</hAcc><vAcc>-1.000000</vAcc></extensions></trkpt>
      <trkpt lon="-117.324831" lat="33.978956"><ele>0.000000</ele><time>2024-09-27T18:04:26Z</time><extensions><speed>2.268410</speed><course>156.582727</course><hAcc>2.450868</hAcc><vAcc>-1.000000</vAcc></extensions></trkpt>
      <trkpt lon="-117.324819" lat="33.978938"><ele>0.000000</ele><time>2024-09-27T18:04:27Z</time><extensions><speed>2.641364</speed><course>148.851442</course><hAcc>2.507616</hAcc><vAcc>-1.000000</vAcc></extensions></trkpt>
      <trkpt lon="-117.324800" lat="33.978915"><ele>0.000000</ele><time>2024-09-27T18:04:28Z</time><extensions><speed>2.918132</speed><course>142.722836</course><hAcc>2.563288</hAcc><vAcc>-1.000000</vAcc></extensions></trkpt>
      <trkpt lon="-117.324780" lat="33.978895"><ele>0.000000</ele><time>2024-09-27T18:04:29Z</time><extensions><speed>2.865945</speed><course>138.839248</course><hAcc>2.588140</hAcc><vAcc>-1.000000</vAcc></extensions></trkpt>
      <trkpt lon="-117.324761" lat="33.978879"><ele>0.000000</ele><time>2024-09-27T18:04:30Z</time><extensions><speed>2.613996</speed><course>135.702640</course><hAcc>2.612634</hAcc><vAcc>-1.000000</vAcc></extensions></trkpt>
      <trkpt lon="-117.324742" lat="33.978863"><ele>0.000000</ele><time>2024-09-27T18:04:31Z</time><extensions><speed>2.066609</speed><course>131.465045</course><hAcc>2.631666</hAcc><vAcc>-1.000000</vAcc></extensions></trkpt>
      <trkpt lon="-117.324727" lat="33.978853"><ele>0.000000</ele><time>2024-09-27T18:04:32Z</time><extensions><speed>1.445215</speed><course>127.688133</course><hAcc>2.631156</hAcc><vAcc>-1.000000</vAcc></extensions></trkpt>
      <trkpt lon="-117.324718" lat="33.978848"><ele>0.000000</ele><time>2024-09-27T18:04:33Z</time><extensions><speed>0.810578</speed><course>124.565588</course><hAcc>2.636707</hAcc><vAcc>-1.000000</vAcc></extensions></trkpt>
      <trkpt lon="-117.324714" lat="33.978845"><ele>0.000000</ele><time>2024-09-27T18:04:34Z</time><extensions><speed>0.060188</speed><course>191.776898</course><hAcc>2.640853</hAcc><vAcc>-1.000000</vAcc></extensions></trkpt>
      <trkpt lon="-117.324717" lat="33.978845"><ele>0.000000</ele><time>2024-09-27T18:04:35Z</time><extensions><speed>0.639441</speed><course>273.643471</course><hAcc>2.632967</hAcc><vAcc>-1.000000</vAcc></extensions></trkpt>
      <trkpt lon="-117.324727" lat="33.978845"><ele>0.000000</ele><time>2024-09-27T18:04:36Z</time><extensions><speed>1.155497</speed><course>266.084178</course><hAcc>2.632602</hAcc><vAcc>-1.000000</vAcc></extensions></trkpt>
      <trkpt lon="-117.324742" lat="33.978843"><ele>0.000000</ele><time>2024-09-27T18:04:37Z</time><extensions><speed>1.653857</speed><course>258.893065</course><hAcc>2.633586</hAcc><vAcc>-1.000000</vAcc></extensions></trkpt>
      <trkpt lon="-117.324762" lat="33.978839"><ele>0.000000</ele><time>2024-09-27T18:04:38Z</time><extensions><speed>1.990468</speed><course>254.019877</course><hAcc>2.627459</hAcc><vAcc>-1.000000</vAcc></extensions></trkpt>
      <trkpt lon="-117.324783" lat="33.978834"><ele>0.000000</ele><time>2024-09-27T18:04:39Z</time><extensions><speed>2.195514</speed><course>250.481105</course><hAcc>2.627819</hAcc><vAcc>-1.000000</vAcc></extensions></trkpt>
      <trkpt lon="-117.324806" lat="33.978826"><ele>0.000000</ele><time>2024-09-27T18:04:40Z</time><extensions><speed>2.292731</speed><course>247.154000</course><hAcc>2.629794</hAcc><vAcc>-1.000000</vAcc></extensions></trkpt>
      <trkpt lon="-117.324828" lat="33.978818"><ele>0.000000</ele><time>2024-09-27T18:04:41Z</time><extensions><speed>2.258165</speed><course>243.927241</course><hAcc>2.627063</hAcc><vAcc>-1.000000</vAcc></extensions></trkpt>
      <trkpt lon="-117.324849" lat="33.978809"><ele>0.000000</ele><time>2024-09-27T18:04:42Z</time><extensions><speed>2.122754</speed><course>240.194845</course><hAcc>2.630317</hAcc><vAcc>-1.000000</vAcc></extensions></trkpt>
      <trkpt lon="-117.324868" lat="33.978799"><ele>0.000000</ele><time>2024-09-27T18:04:43Z</time><extensions><speed>1.888143</speed><course>234.555030</course><hAcc>2.638827</hAcc><vAcc>-1.000000</vAcc></extensions></trkpt>
      <trkpt lon="-117.324882" lat="33.978789"><ele>0.000000</ele><time>2024-09-27T18:04:44Z</time><extensions><speed>1.613994</speed><course>226.662686</course><hAcc>2.649222</hAcc><vAcc>-1.000000</vAcc></extensions></trkpt>
      <trkpt lon="-117.324893" lat="33.978779"><ele>0.000000</ele><time>2024-09-27T18:04:45Z</time><extensions><speed>1.373842</speed><course>215.672541</course><hAcc>2.666328</hAcc><vAcc>-1.000000</vAcc></extensions></trkpt>
      <trkpt lon="-117.324900" lat="33.978769"><ele>0.000000</ele><time>2024-09-27T18:04:46Z</time><extensions><speed>1.227202</speed><course>202.010954</course><hAcc>2.685835</hAcc><vAcc>-1.000000</vAcc></extensions></trkpt>
      <trkpt lon="-117.324903" lat="33.978759"><ele>0.000000</ele><time>2024-09-27T18:04:47Z</time><extensions><speed>1.158272</speed><course>189.824742</course><hAcc>2.698578</hAcc><vAcc>-1.000000</vAcc></extensions></trkpt>
      <trkpt lon="-117.324904" lat="33.978749"><ele>0.000000</ele><time>2024-09-27T18:04:47Z</time><extensions><speed>1.134640</speed><course>180.343491</course><hAcc>2.702630</hAcc><vAcc>-1.000000</vAcc></extensions></trkpt>
      <trkpt lon="-117.324904" lat="33.978738"><ele>0.000000</ele><time>2024-09-27T18:04:48Z</time><extensions><speed>1.138163</speed><course>173.703119</course><hAcc>2.700598</hAcc><vAcc>-1.000000</vAcc></extensions></trkpt>
      <trkpt lon="-117.324902" lat="33.978728"><ele>0.000000</ele><time>2024-09-27T18:04:49Z</time><extensions><speed>1.142615</speed><course>169.523487</course><hAcc>2.696521</hAcc><vAcc>-1.000000</vAcc></extensions></trkpt>
      <trkpt lon="-117.324899" lat="33.978718"><ele>0.000000</ele><time>2024-09-27T18:04:50Z</time><extensions><speed>1.132547</speed><course>167.105567</course><hAcc>2.692994</hAcc><vAcc>-1.000000</vAcc></extensions></trkpt>
      <trkpt lon="-117.324896" lat="33.978709"><ele>0.000000</ele><time>2024-09-27T18:04:51Z</time><extensions><speed>1.108528</speed><course>165.836127</course><hAcc>2.691342</hAcc><vAcc>-1.000000</vAcc></extensions></trkpt>
      <trkpt lon="-117.324894" lat="33.978699"><ele>0.000000</ele><time>2024-09-27T18:04:52Z</time><extensions><speed>1.093183</speed><course>165.315821</course><hAcc>2.691332</hAcc><vAcc>-1.000000</vAcc></extensions></trkpt>
      <trkpt lon="-117.324891" lat="33.978690"><ele>0.000000</ele><time>2024-09-27T18:04:53Z</time><extensions><speed>1.088699</speed><course>165.263213</course><hAcc>2.692244</hAcc><vAcc>-1.000000</vAcc></extensions></trkpt>
      <trkpt lon="-117.324888" lat="33.978680"><ele>0.000000</ele><time>2024-09-27T18:04:54Z</time><extensions><speed>1.096398</speed><course>165.463688</course><hAcc>2.694238</hAcc><vAcc>-1.000000</vAcc></extensions></trkpt>
      <trkpt lon="-117.324885" lat="33.978670"><ele>0.000000</ele><time>2024-09-27T18:04:55Z</time><extensions><speed>1.117686</speed><course>165.764503</course><hAcc>2.697451</hAcc><vAcc>-1.000000</vAcc></extensions></trkpt>
      <trkpt lon="-117.324882" lat="33.978660"><ele>0.000000</ele><time>2024-09-27T18:04:56Z</time><extensions><speed>1.154754</speed><course>166.071653</course><hAcc>2.702078</hAcc><vAcc>-1.000000</vAcc></extensions></trkpt>
      <trkpt lon="-117.324879" lat="33.978650"><ele>0.000000</ele><time>2024-09-27T18:04:57Z</time><extensions><speed>1.199236</speed><course>166.330764</course><hAcc>2.708993</hAcc><vAcc>-1.000000</vAcc></extensions></trkpt>
      <trkpt lon="-117.324875" lat="33.978639"><ele>0.000000</ele><time>2024-09-27T18:04:58Z</time><extensions><speed>1.223464</speed><course>166.520544</course><hAcc>2.718761</hAcc><vAcc>-1.000000</vAcc></extensions></trkpt>
      <trkpt lon="-117.324872" lat="33.978629"><ele>0.000000</ele><time>2024-09-27T18:04:59Z</time><extensions><speed>1.244114</speed><course>166.656079</course><hAcc>2.731827</hAcc><vAcc>-1.000000</vAcc></extensions></trkpt>
      <trkpt lon="-117.324869" lat="33.978618"><ele>0.000000</ele><time>2024-09-27T18:05:00Z</time><extensions><speed>1.262408</speed><course>166.746513</course><hAcc>2.749522</hAcc><vAcc>-1.000000</vAcc></extensions></trkpt>
      <trkpt lon="-117.324866" lat="33.978607"><ele>0.000000</ele><time>2024-09-27T18:05:01Z</time><extensions><speed>1.250483</speed><course>166.802234</course><hAcc>2.773282</hAcc><vAcc>-1.000000</vAcc></extensions></trkpt>
      <trkpt lon="-117.324863" lat="33.978596"><ele>0.000000</ele><time>2024-09-27T18:05:02Z</time><extensions><speed>1.209832</speed><course>166.835350</course><hAcc>2.805134</hAcc><vAcc>-1.000000</vAcc></extensions></trkpt>
      <trkpt lon="-117.324860" lat="33.978586"><ele>0.000000</ele><time>2024-09-27T18:05:03Z</time><extensions><speed>1.146604</speed><course>166.854295</course><hAcc>2.848186</hAcc><vAcc>-1.000000</vAcc></extensions></trkpt>
      <trkpt lon="-117.324858" lat="33.978576"><ele>0.000000</ele><time>2024-09-27T18:05:04Z</time><extensions><speed>1.059883</speed><course>166.865080</course><hAcc>2.904772</hAcc><vAcc>-1.000000</vAcc></extensions></trkpt>
      <trkpt lon="-117.324855" lat="33.978567"><ele>0.000000</ele><time>2024-09-27T18:05:05Z</time><extensions><speed>0.973971</speed><course>166.873645</course><hAcc>2.975700</hAcc><vAcc>-1.000000</vAcc></extensions></trkpt>
      <trkpt lon="-117.324852" lat="33.978559"><ele>0.000000</ele><time>2024-09-27T18:05:06Z</time><extensions><speed>0.887629</speed><course>161.837387</course><hAcc>3.059254</hAcc><vAcc>-1.000000</vAcc></extensions></trkpt>
      <trkpt lon="-117.324848" lat="33.978552"><ele>0.000000</ele><time>2024-09-27T18:05:07Z</time><extensions><speed>0.851003</speed><course>153.383700</course><hAcc>3.149723</hAcc><vAcc>-1.000000</vAcc></extensions></trkpt>
      <trkpt lon="-117.324842" lat="33.978545"><ele>0.000000</ele><time>2024-09-27T18:05:08Z</time><extensions><speed>0.878113</speed><course>142.456231</course><hAcc>3.239823</hAcc><vAcc>-1.000000</vAcc></extensions></trkpt>
      <trkpt lon="-117.324835" lat="33.978540"><ele>0.000000</ele><time>2024-09-27T18:05:09Z</time><extensions><speed>0.975123</speed><course>130.929310</course><hAcc>3.323796</hAcc><vAcc>-1.000000</vAcc></extensions></trkpt>
      <trkpt lon="-117.324825" lat="33.978534"><ele>0.000000</ele><time>2024-09-27T18:05:10Z</time><extensions><speed>1.146446</speed><course>120.655874</course><hAcc>3.398135</hAcc><vAcc>-1.000000</vAcc></extensions></trkpt>
      <trkpt lon="-117.324812" lat="33.978529"><ele>0.000000</ele><time>2024-09-27T18:05:11Z</time><extensions><speed>1.384251</speed><course>112.455764</course><hAcc>3.461128</hAcc><vAcc>-1.000000</vAcc></extensions></trkpt>
      <trkpt lon="-117.324796" lat="33.978525"><ele>0.000000</ele><time>2024-09-27T18:05:12Z</time><extensions><speed>1.667286</speed><course>106.107053</course><hAcc>3.512168</hAcc><vAcc>-1.000000</vAcc></extensions></trkpt>
      <trkpt lon="-117.324777" lat="33.978521"><ele>0.000000</ele><time>2024-09-27T18:05:13Z</time><extensions><speed>1.963908</speed><course>101.218611</course><hAcc>3.551207</hAcc><vAcc>-1.000000</vAcc></extensions></trkpt>
      <trkpt lon="-117.324754" lat="33.978518"><ele>0.000000</ele><time>2024-09-27T18:05:14Z</time><extensions><speed>2.225561</speed><course>97.521167</course><hAcc>3.578444</hAcc><vAcc>-1.000000</vAcc></extensions></trkpt>
      <trkpt lon="-117.324730" lat="33.978516"><ele>0.000000</ele><time>2024-09-27T18:05:15Z</time><extensions><speed>2.375678</speed><course>94.804679</course><hAcc>3.594183</hAcc><vAcc>-1.000000</vAcc></extensions></trkpt>
      <trkpt lon="-117.324705" lat="33.978515"><ele>0.000000</ele><time>2024-09-27T18:05:16Z</time><extensions><speed>2.291186</speed><course>93.907266</course><hAcc>3.598755</hAcc><vAcc>-1.000000</vAcc></extensions></trkpt>
      <trkpt lon="-117.324681" lat="33.978513"><ele>0.000000</ele><time>2024-09-27T18:05:17Z</time><extensions><speed>2.023098</speed><course>94.988526</course><hAcc>3.592411</hAcc><vAcc>-1.000000</vAcc></extensions></trkpt>
      <trkpt lon="-117.324661" lat="33.978511"><ele>0.000000</ele><time>2024-09-27T18:05:18Z</time><extensions><speed>1.686693</speed><course>97.795303</course><hAcc>3.575138</hAcc><vAcc>-1.000000</vAcc></extensions></trkpt>
      <trkpt lon="-117.324645" lat="33.978509"><ele>0.000000</ele><time>2024-09-27T18:05:19Z</time><extensions><speed>1.355775</speed><course>102.668782</course><hAcc>3.546578</hAcc><vAcc>-1.000000</vAcc></extensions></trkpt>
      <trkpt lon="-117.324633" lat="33.978506"><ele>0.000000</ele><time>2024-09-27T18:05:20Z</time><extensions><speed>1.067891</speed><course>110.531053</course><hAcc>3.506125</hAcc><vAcc>-1.000000</vAcc></extensions></trkpt>
      <trkpt lon="-117.324624" lat="33.978502"><ele>0.000000</ele><time>2024-09-27T18:05:21Z</time><extensions><speed>0.855895</speed><course>122.138353</course><hAcc>3.453136</hAcc><vAcc>-1.000000</vAcc></extensions></trkpt>
      <trkpt lon="-117.324617" lat="33.978498"><ele>0.000000</ele><time>2024-09-27T18:05:22Z</time><extensions><speed>0.733542</speed><course>136.180929</course><hAcc>3.386929</hAcc><vAcc>-1.000000</vAcc></extensions></trkpt>
      <trkpt lon="-117.324613" lat="33.978493"><ele>0.000000</ele><time>2024-09-27T18:05:23Z</time><extensions><speed>0.690808</speed><course>148.983826</course><hAcc>3.307353</hAcc><vAcc>-1.000000</vAcc></extensions></trkpt>
      <trkpt lon="-117.324610" lat="33.978487"><ele>0.000000</ele><time>2024-09-27T18:05:24Z</time><extensions><speed>0.693713</speed><course>157.345575</course><hAcc>3.215020</hAcc><vAcc>-1.000000</vAcc></extensions></trkpt>
      <trkpt lon="-117.324607" lat="33.978481"><ele>0.000000</ele><time>2024-09-27T18:05:25Z</time><extensions><speed>0.711146</speed><course>161.335384</course><hAcc>3.112257</hAcc><vAcc>-1.000000</vAcc></extensions></trkpt>
      <trkpt lon="-117.324605" lat="33.978475"><ele>0.000000</ele><time>2024-09-27T18:05:26Z</time><extensions><speed>0.724124</speed><course>161.153203</course><hAcc>3.004264</hAcc><vAcc>-1.000000</vAcc></extensions></trkpt>
      <trkpt lon="-117.324602" lat="33.978469"><ele>0.000000</ele><time>2024-09-27T18:05:27Z</time><extensions><speed>0.737102</speed><course>158.034930</course><hAcc>2.899568</hAcc><vAcc>-1.000000</vAcc></extensions></trkpt>
      <trkpt lon="-117.324599" lat="33.978463"><ele>0.000000</ele><time>2024-09-27T18:05:28Z</time><extensions><speed>0.755275</speed><course>151.289486</course><hAcc>2.808150</hAcc><vAcc>-1.000000</vAcc></extensions></trkpt>
      <trkpt lon="-117.324594" lat="33.978457"><ele>0.000000</ele><time>2024-09-27T18:05:29Z</time><extensions><speed>0.792677</speed><course>141.290654</course><hAcc>2.738461</hAcc><vAcc>-1.000000</vAcc></extensions></trkpt>
      <trkpt lon="-117.324588" lat="33.978452"><ele>0.000000</ele><time>2024-09-27T18:05:30Z</time><extensions><speed>0.865085</speed><course>130.020198</course><hAcc>2.695844</hAcc><vAcc>-1.000000</vAcc></extensions></trkpt>
      <trkpt lon="-117.324580" lat="33.978447"><ele>0.000000</ele><time>2024-09-27T18:05:31Z</time><extensions><speed>0.947218</speed><course>121.018965</course><hAcc>2.679542</hAcc><vAcc>-1.000000</vAcc></extensions></trkpt>
      <trkpt lon="-117.324570" lat="33.978443"><ele>0.000000</ele><time>2024-09-27T18:05:32Z</time><extensions><speed>1.031540</speed><course>115.121101</course><hAcc>2.681905</hAcc><vAcc>-1.000000</vAcc></extensions></trkpt>
      <trkpt lon="-117.324560" lat="33.978439"><ele>0.000000</ele><time>2024-09-27T18:05:33Z</time><extensions><speed>1.112108</speed><course>111.917615</course><hAcc>2.692875</hAcc><vAcc>-1.000000</vAcc></extensions></trkpt>
      <trkpt lon="-117.324548" lat="33.978436"><ele>0.000000</ele><time>2024-09-27T18:05:34Z</time><extensions><speed>1.186947</speed><course>112.536979</course><hAcc>2.703564</hAcc><vAcc>-1.000000</vAcc></extensions></trkpt>
      <trkpt lon="-117.324536" lat="33.978431"><ele>0.000000</ele><time>2024-09-27T18:05:35Z</time><extensions><speed>1.268430</speed><course>116.247371</course><hAcc>2.708898</hAcc><vAcc>-1.000000</vAcc></extensions></trkpt>
      <trkpt lon="-117.324524" lat="33.978425"><ele>0.000000</ele><time>2024-09-27T18:05:36Z</time><extensions><speed>1.369572</speed><course>122.230038</course><hAcc>2.708240</hAcc><vAcc>-1.000000</vAcc></extensions></trkpt>
      <trkpt lon="-117.324511" lat="33.978418"><ele>0.000000</ele><time>2024-09-27T18:05:37Z</time><extensions><speed>1.452554</speed><course>126.291717</course><hAcc>2.702679</hAcc><vAcc>-1.000000</vAcc></extensions></trkpt>
      <trkpt lon="-117.324499" lat="33.978410"><ele>0.000000</ele><time>2024-09-27T18:05:38Z</time><extensions><speed>1.516025</speed><course>128.501531</course><hAcc>2.693398</hAcc><vAcc>-1.000000</vAcc></extensions></trkpt>
      <trkpt lon="-117.324486" lat="33.978401"><ele>0.000000</ele><time>2024-09-27T18:05:39Z</time><extensions><speed>1.560632</speed><course>129.471391</course><hAcc>2.681951</hAcc><vAcc>-1.000000</vAcc></extensions></trkpt>
      <trkpt lon="-117.324473" lat="33.978392"><ele>0.000000</ele><time>2024-09-27T18:05:40Z</time><extensions><speed>1.560385</speed><course>129.817415</course><hAcc>2.669454</hAcc><vAcc>-1.000000</vAcc></extensions></trkpt>
      <trkpt lon="-117.324460" lat="33.978383"><ele>0.000000</ele><time>2024-09-27T18:05:41Z</time><extensions><speed>1.540927</speed><course>129.319825</course><hAcc>2.656485</hAcc><vAcc>-1.000000</vAcc></extensions></trkpt>
      <trkpt lon="-117.324447" lat="33.978375"><ele>0.000000</ele><time>2024-09-27T18:05:42Z</time><extensions><speed>1.507714</speed><course>128.082688</course><hAcc>2.643718</hAcc><vAcc>-1.000000</vAcc></extensions></trkpt>
      <trkpt lon="-117.324434" lat="33.978367"><ele>0.000000</ele><time>2024-09-27T18:05:43Z</time><extensions><speed>1.443959</speed><course>126.536140</course><hAcc>2.631115</hAcc><vAcc>-1.000000</vAcc></extensions></trkpt>
      <trkpt lon="-117.324422" lat="33.978359"><ele>0.000000</ele><time>2024-09-27T18:05:44Z</time><extensions><speed>1.372068</speed><course>124.336326</course><hAcc>2.618332</hAcc><vAcc>-1.000000</vAcc></extensions></trkpt>
      <trkpt lon="-117.324410" lat="33.978353"><ele>0.000000</ele><time>2024-09-27T18:05:45Z</time><extensions><speed>1.310720</speed><course>121.242746</course><hAcc>2.605293</hAcc><vAcc>-1.000000</vAcc></extensions></trkpt>
      <trkpt lon="-117.324398" lat="33.978347"><ele>0.000000</ele><time>2024-09-27T18:05:46Z</time><extensions><speed>1.270882</speed><course>117.353328</course><hAcc>2.590952</hAcc><vAcc>-1.000000</vAcc></extensions></trkpt>
      <trkpt lon="-117.324385" lat="33.978342"><ele>0.000000</ele><time>2024-09-27T18:05:47Z</time><extensions><speed>1.258068</speed><course>113.249751</course><hAcc>2.574522</hAcc><vAcc>-1.000000</vAcc></extensions></trkpt>
      <trkpt lon="-117.324373" lat="33.978338"><ele>0.000000</ele><time>2024-09-27T18:05:48Z</time><extensions><speed>1.264362</speed><course>109.888407</course><hAcc>2.556833</hAcc><vAcc>-1.000000</vAcc></extensions></trkpt>
      <trkpt lon="-117.324360" lat="33.978334"><ele>0.000000</ele><time>2024-09-27T18:05:49Z</time><extensions><speed>1.266589</speed><course>106.851559</course><hAcc>2.538430</hAcc><vAcc>-1.000000</vAcc></extensions></trkpt>
      <trkpt lon="-117.324347" lat="33.978331"><ele>0.000000</ele><time>2024-09-27T18:05:50Z</time><extensions><speed>1.269078</speed><course>104.023950</course><hAcc>2.519530</hAcc><vAcc>-1.000000</vAcc></extensions></trkpt>
      <trkpt lon="-117.324333" lat="33.978329"><ele>0.000000</ele><time>2024-09-27T18:05:51Z</time><extensions><speed>1.270341</speed><course>101.132829</course><hAcc>2.501181</hAcc><vAcc>-1.000000</vAcc></extensions></trkpt>
      <trkpt lon="-117.324320" lat="33.978327"><ele>0.000000</ele><time>2024-09-27T18:05:52Z</time><extensions><speed>1.263836</speed><course>97.799253</course><hAcc>2.483243</hAcc><vAcc>-1.000000</vAcc></extensions></trkpt>
      <trkpt lon="-117.324306" lat="33.978326"><ele>0.000000</ele><time>2024-09-27T18:05:53Z</time><extensions><speed>1.257772</speed><course>93.779081</course><hAcc>2.465008</hAcc><vAcc>-1.000000</vAcc></extensions></trkpt>
      <trkpt lon="-117.324293" lat="33.978325"><ele>0.000000</ele><time>2024-09-27T18:05:54Z</time><extensions><speed>1.253391</speed><course>88.837770</course><hAcc>2.447531</hAcc><vAcc>-1.000000</vAcc></extensions></trkpt>
      <trkpt lon="-117.324279" lat="33.978326"><ele>0.000000</ele><time>2024-09-27T18:05:55Z</time><extensions><speed>1.259928</speed><course>83.365068</course><hAcc>2.431421</hAcc><vAcc>-1.000000</vAcc></extensions></trkpt>
      <trkpt lon="-117.324266" lat="33.978328"><ele>0.000000</ele><time>2024-09-27T18:05:56Z</time><extensions><speed>1.275750</speed><course>78.396009</course><hAcc>2.415847</hAcc><vAcc>-1.000000</vAcc></extensions></trkpt>
      <trkpt lon="-117.324252" lat="33.978331"><ele>0.000000</ele><time>2024-09-27T18:05:57Z</time><extensions><speed>1.273055</speed><course>75.572790</course><hAcc>2.400724</hAcc><vAcc>-1.000000</vAcc></extensions></trkpt>
      <trkpt lon="-117.324239" lat="33.978333"><ele>0.000000</ele><time>2024-09-27T18:05:58Z</time><extensions><speed>1.202115</speed><course>77.797012</course><hAcc>2.385990</hAcc><vAcc>-1.000000</vAcc></extensions></trkpt>
      <trkpt lon="-117.324227" lat="33.978335"><ele>0.000000</ele><time>2024-09-27T18:05:59Z</time><extensions><speed>1.116557</speed><course>83.748416</course><hAcc>2.372063</hAcc><vAcc>-1.000000</vAcc></extensions></trkpt>
      <trkpt lon="-117.324215" lat="33.978336"><ele>0.000000</ele><time>2024-09-27T18:06:00Z</time><extensions><speed>1.063634</speed><course>90.459588</course><hAcc>2.361249</hAcc><vAcc>-1.000000</vAcc></extensions></trkpt>
      <trkpt lon="-117.324204" lat="33.978335"><ele>0.000000</ele><time>2024-09-27T18:06:01Z</time><extensions><speed>1.055339</speed><course>96.336459</course><hAcc>2.354189</hAcc><vAcc>-1.000000</vAcc></extensions></trkpt>
      <trkpt lon="-117.324193" lat="33.978334"><ele>0.000000</ele><time>2024-09-27T18:06:02Z</time><extensions><speed>1.085492</speed><course>101.101348</course><hAcc>2.348771</hAcc><vAcc>-1.000000</vAcc></extensions></trkpt>
      <trkpt lon="-117.324181" lat="33.978331"><ele>0.000000</ele><time>2024-09-27T18:06:03Z</time><extensions><speed>1.145950</speed><course>105.045112</course><hAcc>2.343113</hAcc><vAcc>-1.000000</vAcc></extensions></trkpt>
      <trkpt lon="-117.324169" lat="33.978328"><ele>0.000000</ele><time>2024-09-27T18:06:04Z</time><extensions><speed>1.205199</speed><course>109.718115</course><hAcc>2.334910</hAcc><vAcc>-1.000000</vAcc></extensions></trkpt>
      <trkpt lon="-117.324157" lat="33.978324"><ele>0.000000</ele><time>2024-09-27T18:06:05Z</time><extensions><speed>1.255601</speed><course>114.433352</course><hAcc>2.323280</hAcc><vAcc>-1.000000</vAcc></extensions></trkpt>
      <trkpt lon="-117.324144" lat="33.978319"><ele>0.000000</ele><time>2024-09-27T18:06:06Z</time><extensions><speed>1.319538</speed><course>119.551103</course><hAcc>2.311144</hAcc><vAcc>-1.000000</vAcc></extensions></trkpt>
      <trkpt lon="-117.324132" lat="33.978312"><ele>0.000000</ele><time>2024-09-27T18:06:07Z</time><extensions><speed>1.360145</speed><course>124.543214</course><hAcc>2.300254</hAcc><vAcc>-1.000000</vAcc></extensions></trkpt>
      <trkpt lon="-117.324120" lat="33.978305"><ele>0.000000</ele><time>2024-09-27T18:06:08Z</time><extensions><speed>1.400658</speed><course>129.057556</course><hAcc>2.290618</hAcc><vAcc>-1.000000</vAcc></extensions></trkpt>
      <trkpt lon="-117.324108" lat="33.978297"><ele>0.000000</ele><time>2024-09-27T18:06:09Z</time><extensions><speed>1.428462</speed><course>133.020821</course><hAcc>2.282740</hAcc><vAcc>-1.000000</vAcc></extensions></trkpt>
      <trkpt lon="-117.324097" lat="33.978288"><ele>0.000000</ele><time>2024-09-27T18:06:10Z</time><extensions><speed>1.438138</speed><course>136.279045</course><hAcc>2.275495</hAcc><vAcc>-1.000000</vAcc></extensions></trkpt>
      <trkpt lon="-117.324087" lat="33.978278"><ele>0.000000</ele><time>2024-09-27T18:06:11Z</time><extensions><speed>1.438244</speed><course>138.049825</course><hAcc>2.265981</hAcc><vAcc>-1.000000</vAcc></extensions></trkpt>
      <trkpt lon="-117.324076" lat="33.978268"><ele>0.000000</ele><time>2024-09-27T18:06:12Z</time><extensions><speed>1.443679</speed><course>138.512934</course><hAcc>2.253135</hAcc><vAcc>-1.000000</vAcc></extensions></trkpt>
      <trkpt lon="-117.324066" lat="33.978259"><ele>0.000000</ele><time>2024-09-27T18:06:13Z</time><extensions><speed>1.396260</speed><course>138.674729</course><hAcc>2.236558</hAcc><vAcc>-1.000000</vAcc></extensions></trkpt>
      <trkpt lon="-117.324057" lat="33.978250"><ele>0.000000</ele><time>2024-09-27T18:06:14Z</time><extensions><speed>1.317512</speed><course>139.321206</course><hAcc>2.217814</hAcc><vAcc>-1.000000</vAcc></extensions></trkpt>
      <trkpt lon="-117.324048" lat="33.978241"><ele>0.000000</ele><time>2024-09-27T18:06:15Z</time><extensions><speed>1.197846</speed><course>142.049150</course><hAcc>2.204155</hAcc><vAcc>-1.000000</vAcc></extensions></trkpt>
      <trkpt lon="-117.324041" lat="33.978233"><ele>0.000000</ele><time>2024-09-27T18:06:16Z</time><extensions><speed>0.960522</speed><course>146.603231</course><hAcc>2.200328</hAcc><vAcc>-1.000000</vAcc></extensions></trkpt>
      <trkpt lon="-117.324036" lat="33.978226"><ele>0.000000</ele><time>2024-09-27T18:06:17Z</time><extensions><speed>0.973496</speed><course>151.443167</course><hAcc>2.201830</hAcc><vAcc>-1.000000</vAcc></extensions></trkpt>
      <trkpt lon="-117.324031" lat="33.978218"><ele>0.000000</ele><time>2024-09-27T18:06:18Z</time><extensions><speed>1.058857</speed><course>156.301254</course><hAcc>2.204496</hAcc><vAcc>-1.000000</vAcc></extensions></trkpt>
      <trkpt lon="-117.324026" lat="33.978208"><ele>0.000000</ele><time>2024-09-27T18:06:19Z</time><extensions><speed>1.150152</speed><course>157.906162</course><hAcc>2.208455</hAcc><vAcc>-1.000000</vAcc></extensions></trkpt>
      <trkpt lon="-117.324022" lat="33.978199"><ele>0.000000</ele><time>2024-09-27T18:06:20Z</time><extensions><speed>1.113851</speed><course>164.765480</course><hAcc>2.215416</hAcc><vAcc>-1.000000</vAcc></extensions></trkpt>
      <trkpt lon="-117.324019" lat="33.978189"><ele>0.000000</ele><time>2024-09-27T18:06:21Z</time><extensions><speed>1.234395</speed><course>169.768853</course><hAcc>2.224772</hAcc><vAcc>-1.000000</vAcc></extensions></trkpt>
      <trkpt lon="-117.324017" lat="33.978177"><ele>0.000000</ele><time>2024-09-27T18:06:22Z</time><extensions><speed>1.359503</speed><course>174.890417</course><hAcc>2.233398</hAcc><vAcc>-1.000000</vAcc></extensions></trkpt>
      <trkpt lon="-117.324017" lat="33.978164"><ele>0.000000</ele><time>2024-09-27T18:06:23Z</time><extensions><speed>1.435159</speed><course>183.013541</course><hAcc>2.240212</hAcc><vAcc>-1.000000</vAcc></extensions></trkpt>
      <trkpt lon="-117.324019" lat="33.978152"><ele>0.000000</ele><time>2024-09-27T18:06:24Z</time><extensions><speed>1.498377</speed><course>193.405176</course><hAcc>2.248692</hAcc><vAcc>-1.000000</vAcc></extensions></trkpt>
      <trkpt lon="-117.324024" lat="33.978139"><ele>0.000000</ele><time>2024-09-27T18:06:25Z</time><extensions><speed>1.540690</speed><course>202.723034</course><hAcc>2.262537</hAcc><vAcc>-1.000000</vAcc></extensions></trkpt>
      <trkpt lon="-117.324032" lat="33.978126"><ele>0.000000</ele><time>2024-09-27T18:06:26Z</time><extensions><speed>1.611322</speed><course>211.098012</course><hAcc>2.285445</hAcc><vAcc>-1.000000</vAcc></extensions></trkpt>
      <trkpt lon="-117.324042" lat="33.978114"><ele>0.000000</ele><time>2024-09-27T18:06:27Z</time><extensions><speed>1.708709</speed><course>217.948967</course><hAcc>2.321611</hAcc><vAcc>-1.000000</vAcc></extensions></trkpt>
      <trkpt lon="-117.324054" lat="33.978102"><ele>0.000000</ele><time>2024-09-27T18:06:28Z</time><extensions><speed>1.775375</speed><course>221.859091</course><hAcc>2.367825</hAcc><vAcc>-1.000000</vAcc></extensions></trkpt>
      <trkpt lon="-117.324067" lat="33.978090"><ele>0.000000</ele><time>2024-09-27T18:06:29Z</time><extensions><speed>1.826171</speed><course>223.532037</course><hAcc>2.413006</hAcc><vAcc>-1.000000</vAcc></extensions></trkpt>
      <trkpt lon="-117.324081" lat="33.978078"><ele>0.000000</ele><time>2024-09-27T18:06:30Z</time><extensions><speed>1.844707</speed><course>223.444002</course><hAcc>2.446303</hAcc><vAcc>-1.000000</vAcc></extensions></trkpt>
      <trkpt lon="-117.324095" lat="33.978066"><ele>0.000000</ele><time>2024-09-27T18:06:31Z</time><extensions><speed>1.822587</speed><course>222.536367</course><hAcc>2.460885</hAcc><vAcc>-1.000000</vAcc></extensions></trkpt>
      <trkpt lon="-117.324107" lat="33.978054"><ele>0.000000</ele><time>2024-09-27T18:06:32Z</time><extensions><speed>1.780393</speed><course>220.366887</course><hAcc>2.455298</hAcc><vAcc>-1.000000</vAcc></extensions></trkpt>
      <trkpt lon="-117.324119" lat="33.978042"><ele>0.000000</ele><time>2024-09-27T18:06:33Z</time><extensions><speed>1.714814</speed><course>217.118085</course><hAcc>2.434403</hAcc><vAcc>-1.000000</vAcc></extensions></trkpt>
      <trkpt lon="-117.324130" lat="33.978029"><ele>0.000000</ele><time>2024-09-27T18:06:34Z</time><extensions><speed>1.613571</speed><course>212.968402</course><hAcc>2.408171</hAcc><vAcc>-1.000000</vAcc></extensions></trkpt>
      <trkpt lon="-117.324138" lat="33.978017"><ele>0.000000</ele><time>2024-09-27T18:06:35Z</time><extensions><speed>1.511161</speed><course>207.621315</course><hAcc>2.390584</hAcc><vAcc>-1.000000</vAcc></extensions></trkpt>
      <trkpt lon="-117.324145" lat="33.978005"><ele>0.000000</ele><time>2024-09-27T18:06:36Z</time><extensions><speed>1.422844</speed><course>201.159689</course><hAcc>2.393706</hAcc><vAcc>-1.000000</vAcc></extensions></trkpt>
      <trkpt lon="-117.324149" lat="33.977993"><ele>0.000000</ele><time>2024-09-27T18:06:37Z</time><extensions><speed>1.352787</speed><course>194.626292</course><hAcc>2.416679</hAcc><vAcc>-1.000000</vAcc></extensions></trkpt>
      <trkpt lon="-117.324152" lat="33.977982"><ele>0.000000</ele><time>2024-09-27T18:06:38Z</time><extensions><speed>1.313874</speed><course>188.936859</course><hAcc>2.447167</hAcc><vAcc>-1.000000</vAcc></extensions></trkpt>
      <trkpt lon="-117.324154" lat="33.977970"><ele>0.000000</ele><time>2024-09-27T18:06:39Z</time><extensions><speed>1.284791</speed><course>184.637059</course><hAcc>2.472027</hAcc><vAcc>-1.000000</vAcc></extensions></trkpt>
      <trkpt lon="-117.324155" lat="33.977959"><ele>0.000000</ele><time>2024-09-27T18:06:40Z</time><extensions><speed>1.248352</speed><course>181.663840</course><hAcc>2.482026</hAcc><vAcc>-1.000000</vAcc></extensions></trkpt>
      <trkpt lon="-117.324155" lat="33.977948"><ele>0.000000</ele><time>2024-09-27T18:06:41Z</time><extensions><speed>1.228544</speed><course>179.694525</course><hAcc>2.472575</hAcc><vAcc>-1.000000</vAcc></extensions></trkpt>
      <trkpt lon="-117.324155" lat="33.977937"><ele>0.000000</ele><time>2024-09-27T18:06:42Z</time><extensions><speed>1.222845</speed><course>178.572760</course><hAcc>2.444266</hAcc><vAcc>-1.000000</vAcc></extensions></trkpt>
      <trkpt lon="-117.324154" lat="33.977926"><ele>0.000000</ele><time>2024-09-27T18:06:43Z</time><extensions><speed>1.213681</speed><course>178.034113</course><hAcc>2.402350</hAcc><vAcc>-1.000000</vAcc></extensions></trkpt>
      <trkpt lon="-117.324154" lat="33.977915"><ele>0.000000</ele><time>2024-09-27T18:06:44Z</time><extensions><speed>1.198833</speed><course>177.818647</course><hAcc>2.356783</hAcc><vAcc>-1.000000</vAcc></extensions></trkpt>
      <trkpt lon="-117.324153" lat="33.977904"><ele>0.000000</ele><time>2024-09-27T18:06:45Z</time><extensions><speed>1.189124</speed><course>177.701950</course><hAcc>2.320106</hAcc><vAcc>-1.000000</vAcc></extensions></trkpt>
      <trkpt lon="-117.324153" lat="33.977893"><ele>0.000000</ele><time>2024-09-27T18:06:46Z</time><extensions><speed>1.172570</speed><course>177.472464</course><hAcc>2.299727</hAcc><vAcc>-1.000000</vAcc></extensions></trkpt>
      <trkpt lon="-117.324152" lat="33.977883"><ele>0.000000</ele><time>2024-09-27T18:06:47Z</time><extensions><speed>1.136232</speed><course>176.928967</course><hAcc>2.296212</hAcc><vAcc>-1.000000</vAcc></extensions></trkpt>
      <trkpt lon="-117.324151" lat="33.977873"><ele>0.000000</ele><time>2024-09-27T18:06:48Z</time><extensions><speed>1.099667</speed><course>176.367750</course><hAcc>2.307276</hAcc><vAcc>-1.000000</vAcc></extensions></trkpt>
      <trkpt lon="-117.324151" lat="33.977863"><ele>0.000000</ele><time>2024-09-27T18:06:49Z</time><extensions><speed>1.073525</speed><course>175.878761</course><hAcc>2.324929</hAcc><vAcc>-1.000000</vAcc></extensions></trkpt>
      <trkpt lon="-117.324150" lat="33.977854"><ele>0.000000</ele><time>2024-09-27T18:06:50Z</time><extensions><speed>1.042157</speed><course>175.512266</course><hAcc>2.337176</hAcc><vAcc>-1.000000</vAcc></extensions></trkpt>
      <trkpt lon="-117.324149" lat="33.977845"><ele>0.000000</ele><time>2024-09-27T18:06:51Z</time><extensions><speed>1.009424</speed><course>175.257890</course><hAcc>2.336710</hAcc><vAcc>-1.000000</vAcc></extensions></trkpt>
      <trkpt lon="-117.324148" lat="33.977836"><ele>0.000000</ele><time>2024-09-27T18:06:52Z</time><extensions><speed>0.969105</speed><course>175.097093</course><hAcc>2.324119</hAcc><vAcc>-1.000000</vAcc></extensions></trkpt>
      <trkpt lon="-117.324147" lat="33.977827"><ele>0.000000</ele><time>2024-09-27T18:06:53Z</time><extensions><speed>0.945987</speed><course>175.006416</course><hAcc>2.306417</hAcc><vAcc>-1.000000</vAcc></extensions></trkpt>
      <trkpt lon="-117.324146" lat="33.977819"><ele>0.000000</ele><time>2024-09-27T18:06:54Z</time><extensions><speed>0.943617</speed><course>174.967929</course><hAcc>2.294073</hAcc><vAcc>-1.000000</vAcc></extensions></trkpt>
      <trkpt lon="-117.324145" lat="33.977810"><ele>0.000000</ele><time>2024-09-27T18:06:55Z</time><extensions><speed>0.948846</speed><course>174.931846</course><hAcc>2.294830</hAcc><vAcc>-1.000000</vAcc></extensions></trkpt>
      <trkpt lon="-117.324144" lat="33.977802"><ele>0.000000</ele><time>2024-09-27T18:06:56Z</time><extensions><speed>0.976129</speed><course>174.950510</course><hAcc>2.312433</hAcc><vAcc>-1.000000</vAcc></extensions></trkpt>
      <trkpt lon="-117.324143" lat="33.977793"><ele>0.000000</ele><time>2024-09-27T18:06:57Z</time><extensions><speed>1.009763</speed><course>174.975887</course><hAcc>2.348024</hAcc><vAcc>-1.000000</vAcc></extensions></trkpt>
      <trkpt lon="-117.324144" lat="33.977784"><ele>0.000000</ele><time>2024-09-27T18:06:58Z</time><extensions><speed>1.001647</speed><course>176.012540</course><hAcc>2.398297</hAcc><vAcc>-1.000000</vAcc></extensions></trkpt>
      <trkpt lon="-117.324144" lat="33.977774"><ele>0.000000</ele><time>2024-09-27T18:06:59Z</time><extensions><speed>1.105618</speed><course>174.584344</course><hAcc>2.457115</hAcc><vAcc>-1.000000</vAcc></extensions></trkpt>
      <trkpt lon="-117.324142" lat="33.977764"><ele>0.000000</ele><time>2024-09-27T18:07:00Z</time><extensions><speed>1.281913</speed><course>170.903168</course><hAcc>2.515939</hAcc><vAcc>-1.000000</vAcc></extensions></trkpt>
      <trkpt lon="-117.324139" lat="33.977752"><ele>0.000000</ele><time>2024-09-27T18:07:01Z</time><extensions><speed>1.333608</speed><course>164.367838</course><hAcc>2.565036</hAcc><vAcc>-1.000000</vAcc></extensions></trkpt>
      <trkpt lon="-117.324134" lat="33.977741"><ele>0.000000</ele><time>2024-09-27T18:07:02Z</time><extensions><speed>1.395430</speed><course>154.495216</course><hAcc>2.599788</hAcc><vAcc>-1.000000</vAcc></extensions></trkpt>
      <trkpt lon="-117.324125" lat="33.977730"><ele>0.000000</ele><time>2024-09-27T18:07:03Z</time><extensions><speed>1.525619</speed><course>141.955098</course><hAcc>2.620798</hAcc><vAcc>-1.000000</vAcc></extensions></trkpt>
      <trkpt lon="-117.324112" lat="33.977719"><ele>0.000000</ele><time>2024-09-27T18:07:04Z</time><extensions><speed>1.770483</speed><course>128.649598</course><hAcc>2.629490</hAcc><vAcc>-1.000000</vAcc></extensions></trkpt>
      <trkpt lon="-117.324094" lat="33.977710"><ele>0.000000</ele><time>2024-09-27T18:07:05Z</time><extensions><speed>2.172029</speed><course>117.950914</course><hAcc>2.626935</hAcc><vAcc>-1.000000</vAcc></extensions></trkpt>
      <trkpt lon="-117.324070" lat="33.977701"><ele>0.000000</ele><time>2024-09-27T18:07:06Z</time><extensions><speed>2.667800</speed><course>110.801371</course><hAcc>2.614076</hAcc><vAcc>-1.000000</vAcc></extensions></trkpt>
      <trkpt lon="-117.324041" lat="33.977693"><ele>0.000000</ele><time>2024-09-27T18:07:07Z</time><extensions><speed>3.102839</speed><course>106.731057</course><hAcc>2.591325</hAcc><vAcc>-1.000000</vAcc></extensions></trkpt>
      <trkpt lon="-117.324008" lat="33.977685"><ele>0.000000</ele><time>2024-09-27T18:07:08Z</time><extensions><speed>3.229911</speed><course>105.191715</course><hAcc>2.559809</hAcc><vAcc>-1.000000</vAcc></extensions></trkpt>
      <trkpt lon="-117.323976" lat="33.977677"><ele>0.000000</ele><time>2024-09-27T18:07:09Z</time><extensions><speed>2.965015</speed><course>105.605397</course><hAcc>2.524011</hAcc><vAcc>-1.000000</vAcc></extensions></trkpt>
      <trkpt lon="-117.323947" lat="33.977670"><ele>0.000000</ele><time>2024-09-27T18:07:10Z</time><extensions><speed>2.526224</speed><course>107.803078</course><hAcc>2.491678</hAcc><vAcc>-1.000000</vAcc></extensions></trkpt>
      <trkpt lon="-117.323924" lat="33.977663"><ele>0.000000</ele><time>2024-09-27T18:07:11Z</time><extensions><speed>2.075104</speed><course>112.040500</course><hAcc>2.471561</hAcc><vAcc>-1.000000</vAcc></extensions></trkpt>
      <trkpt lon="-117.323905" lat="33.977656"><ele>0.000000</ele><time>2024-09-27T18:07:12Z</time><extensions><speed>1.700628</speed><course>118.730823</course><hAcc>2.470056</hAcc><vAcc>-1.000000</vAcc></extensions></trkpt>
      <trkpt lon="-117.323891" lat="33.977649"><ele>0.000000</ele><time>2024-09-27T18:07:13Z</time><extensions><speed>1.440811</speed><course>126.535594</course><hAcc>2.485548</hAcc><vAcc>-1.000000</vAcc></extensions></trkpt>
      <trkpt lon="-117.323880" lat="33.977641"><ele>0.000000</ele><time>2024-09-27T18:07:14Z</time><extensions><speed>1.270066</speed><course>134.219279</course><hAcc>2.509795</hAcc><vAcc>-1.000000</vAcc></extensions></trkpt>
      <trkpt lon="-117.323871" lat="33.977633"><ele>0.000000</ele><time>2024-09-27T18:07:15Z</time><extensions><speed>1.161296</speed><course>141.500512</course><hAcc>2.534590</hAcc><vAcc>-1.000000</vAcc></extensions></trkpt>
      <trkpt lon="-117.323864" lat="33.977625"><ele>0.000000</ele><time>2024-09-27T18:07:16Z</time><extensions><speed>1.096621</speed><course>147.876390</course><hAcc>2.554546</hAcc><vAcc>-1.000000</vAcc></extensions></trkpt>
      <trkpt lon="-117.323859" lat="33.977616"><ele>0.000000</ele><time>2024-09-27T18:07:17Z</time><extensions><speed>1.062840</speed><course>153.569432</course><hAcc>2.567525</hAcc><vAcc>-1.000000</vAcc></extensions></trkpt>
      <trkpt lon="-117.323854" lat="33.977608"><ele>0.000000</ele><time>2024-09-27T18:07:18Z</time><extensions><speed>1.050107</speed><course>158.856898</course><hAcc>2.573007</hAcc><vAcc>-1.000000</vAcc></extensions></trkpt>
      <trkpt lon="-117.323850" lat="33.977599"><ele>0.000000</ele><time>2024-09-27T18:07:19Z</time><extensions><speed>1.046560</speed><course>162.276854</course><hAcc>2.569710</hAcc><vAcc>-1.000000</vAcc></extensions></trkpt>
      <trkpt lon="-117.323847" lat="33.977590"><ele>0.000000</ele><time>2024-09-27T18:07:20Z</time><extensions><speed>1.045921</speed><course>164.359582</course><hAcc>2.557287</hAcc><vAcc>-1.000000</vAcc></extensions></trkpt>
      <trkpt lon="-117.323844" lat="33.977581"><ele>0.000000</ele><time>2024-09-27T18:07:21Z</time><extensions><speed>1.046490</speed><course>165.775475</course><hAcc>2.538921</hAcc><vAcc>-1.000000</vAcc></extensions></trkpt>
      <trkpt lon="-117.323841" lat="33.977572"><ele>0.000000</ele><time>2024-09-27T18:07:22Z</time><extensions><speed>1.052650</speed><course>166.658890</course><hAcc>2.520803</hAcc><vAcc>-1.000000</vAcc></extensions></trkpt>
      <trkpt lon="-117.323839" lat="33.977562"><ele>0.000000</ele><time>2024-09-27T18:07:23Z</time><extensions><speed>1.079167</speed><course>166.915424</course><hAcc>2.510674</hAcc><vAcc>-1.000000</vAcc></extensions></trkpt>
      <trkpt lon="-117.323836" lat="33.977553"><ele>0.000000</ele><time>2024-09-27T18:07:24Z</time><extensions><speed>1.125747</speed><course>166.865139</course><hAcc>2.514546</hAcc><vAcc>-1.000000</vAcc></extensions></trkpt>
      <trkpt lon="-117.323833" lat="33.977543"><ele>0.000000</ele><time>2024-09-27T18:07:25Z</time><extensions><speed>1.181719</speed><course>165.682101</course><hAcc>2.531090</hAcc><vAcc>-1.000000</vAcc></extensions></trkpt>
      <trkpt lon="-117.323830" lat="33.977532"><ele>0.000000</ele><time>2024-09-27T18:07:26Z</time><extensions><speed>1.231554</speed><course>163.733779</course><hAcc>2.553572</hAcc><vAcc>-1.000000</vAcc></extensions></trkpt>
      <trkpt lon="-117.323825" lat="33.977521"><ele>0.000000</ele><time>2024-09-27T18:07:27Z</time><extensions><speed>1.284090</speed><course>161.358993</course><hAcc>2.576816</hAcc><vAcc>-1.000000</vAcc></extensions></trkpt>
      <trkpt lon="-117.323821" lat="33.977510"><ele>0.000000</ele><time>2024-09-27T18:07:28Z</time><extensions><speed>1.318750</speed><course>161.427408</course><hAcc>2.598603</hAcc><vAcc>-1.000000</vAcc></extensions></trkpt>
      <trkpt lon="-117.323817" lat="33.977499"><ele>0.000000</ele><time>2024-09-27T18:07:29Z</time><extensions><speed>1.353218</speed><course>163.810471</course><hAcc>2.618419</hAcc><vAcc>-1.000000</vAcc></extensions></trkpt>
      <trkpt lon="-117.323813" lat="33.977487"><ele>0.000000</ele><time>2024-09-27T18:07:30Z</time><extensions><speed>1.379264</speed><course>167.797429</course><hAcc>2.636254</hAcc><vAcc>-1.000000</vAcc></extensions></trkpt>
      <trkpt lon="-117.323810" lat="33.977474"><ele>0.000000</ele><time>2024-09-27T18:07:31Z</time><extensions><speed>1.394194</speed><course>171.373418</course><hAcc>2.651187</hAcc><vAcc>-1.000000</vAcc></extensions></trkpt>
      <trkpt lon="-117.323808" lat="33.977462"><ele>0.000000</ele><time>2024-09-27T18:07:32Z</time><extensions><speed>1.417253</speed><course>174.512239</course><hAcc>2.662367</hAcc><vAcc>-1.000000</vAcc></extensions></trkpt>
      <trkpt lon="-117.323808" lat="33.977449"><ele>0.000000</ele><time>2024-09-27T18:07:33Z</time><extensions><speed>1.435005</speed><course>177.416909</course><hAcc>2.670017</hAcc><vAcc>-1.000000</vAcc></extensions></trkpt>
      <trkpt lon="-117.323807" lat="33.977436"><ele>0.000000</ele><time>2024-09-27T18:07:34Z</time><extensions><speed>1.457784</speed><course>178.090665</course><hAcc>2.674049</hAcc><vAcc>-1.000000</vAcc></extensions></trkpt>
      <trkpt lon="-117.323806" lat="33.977423"><ele>0.000000</ele><time>2024-09-27T18:07:35Z</time><extensions><speed>1.451268</speed><course>177.942600</course><hAcc>2.674511</hAcc><vAcc>-1.000000</vAcc></extensions></trkpt>
      <trkpt lon="-117.323806" lat="33.977410"><ele>0.000000</ele><time>2024-09-27T18:07:36Z</time><extensions><speed>1.416378</speed><course>177.345608</course><hAcc>2.672842</hAcc><vAcc>-1.000000</vAcc></extensions></trkpt>
      <trkpt lon="-117.323805" lat="33.977398"><ele>0.000000</ele><time>2024-09-27T18:07:37Z</time><extensions><speed>1.305566</speed><course>176.601987</course><hAcc>2.670517</hAcc><vAcc>-1.000000</vAcc></extensions></trkpt>
      <trkpt lon="-117.323804" lat="33.977387"><ele>0.000000</ele><time>2024-09-27T18:07:38Z</time><extensions><speed>1.141830</speed><course>175.920412</course><hAcc>2.668304</hAcc><vAcc>-1.000000</vAcc></extensions></trkpt>
      <trkpt lon="-117.323803" lat="33.977378"><ele>0.000000</ele><time>2024-09-27T18:07:39Z</time><extensions><speed>0.936767</speed><course>176.005620</course><hAcc>2.666498</hAcc><vAcc>-1.000000</vAcc></extensions></trkpt>
      <trkpt lon="-117.323803" lat="33.977370"><ele>0.000000</ele><time>2024-09-27T18:07:40Z</time><extensions><speed>0.806047</speed><course>175.660805</course><hAcc>2.663416</hAcc><vAcc>-1.000000</vAcc></extensions></trkpt>
      <trkpt lon="-117.323802" lat="33.977363"><ele>0.000000</ele><time>2024-09-27T18:07:41Z</time><extensions><speed>0.736772</speed><course>174.709096</course><hAcc>2.657929</hAcc><vAcc>-1.000000</vAcc></extensions></trkpt>
      <trkpt lon="-117.323802" lat="33.977356"><ele>0.000000</ele><time>2024-09-27T18:07:42Z</time><extensions><speed>0.713383</speed><course>173.119096</course><hAcc>2.651296</hAcc><vAcc>-1.000000</vAcc></extensions></trkpt>
      <trkpt lon="-117.323800" lat="33.977350"><ele>0.000000</ele><time>2024-09-27T18:07:43Z</time><extensions><speed>0.706366</speed><course>168.619668</course><hAcc>2.644977</hAcc><vAcc>-1.000000</vAcc></extensions></trkpt>
      <trkpt lon="-117.323799" lat="33.977344"><ele>0.000000</ele><time>2024-09-27T18:07:44Z</time><extensions><speed>0.594076</speed><course>169.660520</course><hAcc>2.638221</hAcc><vAcc>-1.000000</vAcc></extensions></trkpt>
      <trkpt lon="-117.323798" lat="33.977339"><ele>0.000000</ele><time>2024-09-27T18:07:45Z</time><extensions><speed>0.580741</speed><course>166.982889</course><hAcc>2.628481</hAcc><vAcc>-1.000000</vAcc></extensions></trkpt>
      <trkpt lon="-117.323796" lat="33.977334"><ele>0.000000</ele><time>2024-09-27T18:07:46Z</time><extensions><speed>0.576101</speed><course>160.872258</course><hAcc>2.613836</hAcc><vAcc>-1.000000</vAcc></extensions></trkpt>
      <trkpt lon="-117.323794" lat="33.977329"><ele>0.000000</ele><time>2024-09-27T18:07:47Z</time><extensions><speed>0.626214</speed><course>152.543083</course><hAcc>2.596680</hAcc><vAcc>-1.000000</vAcc></extensions></trkpt>
      <trkpt lon="-117.323790" lat="33.977324"><ele>0.000000</ele><time>2024-09-27T18:07:48Z</time><extensions><speed>0.737589</speed><course>143.863194</course><hAcc>2.585447</hAcc><vAcc>-1.000000</vAcc></extensions></trkpt>
      <trkpt lon="-117.323784" lat="33.977319"><ele>0.000000</ele><time>2024-09-27T18:07:49Z</time><extensions><speed>0.924136</speed><course>135.579614</course><hAcc>2.587540</hAcc><vAcc>-1.000000</vAcc></extensions></trkpt>
      <trkpt lon="-117.323776" lat="33.977313"><ele>0.000000</ele><time>2024-09-27T18:07:50Z</time><extensions><speed>1.041877</speed><course>129.945156</course><hAcc>2.601829</hAcc><vAcc>-1.000000</vAcc></extensions></trkpt>
      <trkpt lon="-117.323767" lat="33.977307"><ele>0.000000</ele><time>2024-09-27T18:07:51Z</time><extensions><speed>1.101129</speed><course>125.323187</course><hAcc>2.622834</hAcc><vAcc>-1.000000</vAcc></extensions></trkpt>
      <trkpt lon="-117.323757" lat="33.977301"><ele>0.000000</ele><time>2024-09-27T18:07:52Z</time><extensions><speed>1.121935</speed><course>121.654581</course><hAcc>2.644978</hAcc><vAcc>-1.000000</vAcc></extensions></trkpt>
      <trkpt lon="-117.323746" lat="33.977296"><ele>0.000000</ele><time>2024-09-27T18:07:53Z</time><extensions><speed>1.134771</speed><course>119.153606</course><hAcc>2.664108</hAcc><vAcc>-1.000000</vAcc></extensions></trkpt>
      <trkpt lon="-117.323736" lat="33.977291"><ele>0.000000</ele><time>2024-09-27T18:07:54Z</time><extensions><speed>1.144449</speed><course>117.600387</course><hAcc>2.678247</hAcc><vAcc>-1.000000</vAcc></extensions></trkpt>
      <trkpt lon="-117.323725" lat="33.977286"><ele>0.000000</ele><time>2024-09-27T18:07:55Z</time><extensions><speed>1.146669</speed><course>117.163939</course><hAcc>2.686328</hAcc><vAcc>-1.000000</vAcc></extensions></trkpt>
      <trkpt lon="-117.323714" lat="33.977282"><ele>0.000000</ele><time>2024-09-27T18:07:56Z</time><extensions><speed>1.142049</speed><course>117.730331</course><hAcc>2.688525</hAcc><vAcc>-1.000000</vAcc></extensions></trkpt>
      <trkpt lon="-117.323703" lat="33.977277"><ele>0.000000</ele><time>2024-09-27T18:07:57Z</time><extensions><speed>1.139234</speed><course>119.122509</course><hAcc>2.686931</hAcc><vAcc>-1.000000</vAcc></extensions></trkpt>
      <trkpt lon="-117.323692" lat="33.977272"><ele>0.000000</ele><time>2024-09-27T18:07:58Z</time><extensions><speed>1.137680</speed><course>119.529344</course><hAcc>2.683926</hAcc><vAcc>-1.000000</vAcc></extensions></trkpt>
      <trkpt lon="-117.323681" lat="33.977267"><ele>0.000000</ele><time>2024-09-27T18:07:59Z</time><extensions><speed>1.146529</speed><course>118.661484</course><hAcc>2.681011</hAcc><vAcc>-1.000000</vAcc></extensions></trkpt>
      <trkpt lon="-117.323670" lat="33.977262"><ele>0.000000</ele><time>2024-09-27T18:08:00Z</time><extensions><speed>1.167693</speed><course>116.994549</course><hAcc>2.679016</hAcc><vAcc>-1.000000</vAcc></extensions></trkpt>
      <trkpt lon="-117.323659" lat="33.977257"><ele>0.000000</ele><time>2024-09-27T18:08:01Z</time><extensions><speed>1.200416</speed><course>114.837911</course><hAcc>2.677496</hAcc><vAcc>-1.000000</vAcc></extensions></trkpt>
      <trkpt lon="-117.323647" lat="33.977253"><ele>0.000000</ele><time>2024-09-27T18:08:02Z</time><extensions><speed>1.230384</speed><course>112.911192</course><hAcc>2.675168</hAcc><vAcc>-1.000000</vAcc></extensions></trkpt>
      <trkpt lon="-117.323634" lat="33.977248"><ele>0.000000</ele><time>2024-09-27T18:08:03Z</time><extensions><speed>1.245125</speed><course>110.547376</course><hAcc>2.671233</hAcc><vAcc>-1.000000</vAcc></extensions></trkpt>
      <trkpt lon="-117.323622" lat="33.977245"><ele>0.000000</ele><time>2024-09-27T18:08:04Z</time><extensions><speed>1.225794</speed><course>108.094486</course><hAcc>2.664334</hAcc><vAcc>-1.000000</vAcc></extensions></trkpt>
      <trkpt lon="-117.323609" lat="33.977242"><ele>0.000000</ele><time>2024-09-27T18:08:05Z</time><extensions><speed>1.171643</speed><course>104.892118</course><hAcc>2.653011</hAcc><vAcc>-1.000000</vAcc></extensions></trkpt>
      <trkpt lon="-117.323598" lat="33.977239"><ele>0.000000</ele><time>2024-09-27T18:08:06Z</time><extensions><speed>1.079222</speed><course>100.102185</course><hAcc>2.636299</hAcc><vAcc>-1.000000</vAcc></extensions></trkpt>
      <trkpt lon="-117.323587" lat="33.977238"><ele>0.000000</ele><time>2024-09-27T18:08:07Z</time><extensions><speed>0.946273</speed><course>96.532762</course><hAcc>2.613743</hAcc><vAcc>-1.000000</vAcc></extensions></trkpt>
      <trkpt lon="-117.323578" lat="33.977237"><ele>0.000000</ele><time>2024-09-27T18:08:08Z</time><extensions><speed>0.779129</speed><course>93.221419</course><hAcc>2.585838</hAcc><vAcc>-1.000000</vAcc></extensions></trkpt>
      <trkpt lon="-117.323570" lat="33.977237"><ele>0.000000</ele><time>2024-09-27T18:08:09Z</time><extensions><speed>0.622809</speed><course>89.459016</course><hAcc>2.554427</hAcc><vAcc>-1.000000</vAcc></extensions></trkpt>
      <trkpt lon="-117.323564" lat="33.977238"><ele>0.000000</ele><time>2024-09-27T18:08:10Z</time><extensions><speed>0.567871</speed><course>84.466903</course><hAcc>2.522037</hAcc><vAcc>-1.000000</vAcc></extensions></trkpt>
      <trkpt lon="-117.323557" lat="33.977238"><ele>0.000000</ele><time>2024-09-27T18:08:11Z</time><extensions><speed>0.608707</speed><course>79.207578</course><hAcc>2.493395</hAcc><vAcc>-1.000000</vAcc></extensions></trkpt>
      <trkpt lon="-117.323550" lat="33.977240"><ele>0.000000</ele><time>2024-09-27T18:08:12Z</time><extensions><speed>0.726191</speed><course>74.842176</course><hAcc>2.476286</hAcc><vAcc>-1.000000</vAcc></extensions></trkpt>
      <trkpt lon="-117.323543" lat="33.977241"><ele>0.000000</ele><time>2024-09-27T18:08:13Z</time><extensions><speed>0.804979</speed><course>75.694783</course><hAcc>2.473825</hAcc><vAcc>-1.000000</vAcc></extensions></trkpt>
      <trkpt lon="-117.323534" lat="33.977243"><ele>0.000000</ele><time>2024-09-27T18:08:14Z</time><extensions><speed>0.885956</speed><course>77.579437</course><hAcc>2.477683</hAcc><vAcc>-1.000000</vAcc></extensions></trkpt>
      <trkpt lon="-117.323526" lat="33.977244"><ele>0.000000</ele><time>2024-09-27T18:08:15Z</time><extensions><speed>0.922363</speed><course>78.662999</course><hAcc>2.506446</hAcc><vAcc>-1.000000</vAcc></extensions></trkpt>
      <trkpt lon="-117.323514" lat="33.977246"><ele>0.000000</ele><time>2024-09-27T18:08:16Z</time><extensions><speed>0.962619</speed><course>80.205130</course><hAcc>2.534520</hAcc><vAcc>-1.000000</vAcc></extensions></trkpt>
      <trkpt lon="-117.323504" lat="33.977248"><ele>0.000000</ele><time>2024-09-27T18:08:17Z</time><extensions><speed>0.968763</speed><course>80.210026</course><hAcc>2.511417</hAcc><vAcc>-1.000000</vAcc></extensions></trkpt>
      <trkpt lon="-117.323495" lat="33.977249"><ele>0.000000</ele><time>2024-09-27T18:08:18Z</time><extensions><speed>0.959960</speed><course>79.683227</course><hAcc>2.509998</hAcc><vAcc>-1.000000</vAcc></extensions></trkpt>
      <trkpt lon="-117.323484" lat="33.977251"><ele>0.000000</ele><time>2024-09-27T18:08:19Z</time><extensions><speed>0.938404</speed><course>78.398175</course><hAcc>2.491583</hAcc><vAcc>-1.000000</vAcc></extensions></trkpt>
      <trkpt lon="-117.323474" lat="33.977253"><ele>0.000000</ele><time>2024-09-27T18:08:20Z</time><extensions><speed>0.944405</speed><course>76.781423</course><hAcc>2.439742</hAcc><vAcc>-1.000000</vAcc></extensions></trkpt>
      <trkpt lon="-117.323465" lat="33.977255"><ele>0.000000</ele><time>2024-09-27T18:08:21Z</time><extensions><speed>0.957965</speed><course>75.544198</course><hAcc>2.428331</hAcc><vAcc>-1.000000</vAcc></extensions></trkpt>
      <trkpt lon="-117.323454" lat="33.977258"><ele>0.000000</ele><time>2024-09-27T18:08:22Z</time><extensions><speed>0.997911</speed><course>72.683339</course><hAcc>2.426459</hAcc><vAcc>-1.000000</vAcc></extensions></trkpt>
      <trkpt lon="-117.323443" lat="33.977260"><ele>0.000000</ele><time>2024-09-27T18:08:23Z</time><extensions><speed>1.021081</speed><course>71.267966</course><hAcc>2.411418</hAcc><vAcc>-1.000000</vAcc></extensions></trkpt>
      <trkpt lon="-117.323434" lat="33.977263"><ele>0.000000</ele><time>2024-09-27T18:08:24Z</time><extensions><speed>1.040368</speed><course>71.000856</course><hAcc>2.435757</hAcc><vAcc>-1.000000</vAcc></extensions></trkpt>
      <trkpt lon="-117.323422" lat="33.977266"><ele>0.000000</ele><time>2024-09-27T18:08:25Z</time><extensions><speed>1.073640</speed><course>73.789355</course><hAcc>2.483212</hAcc><vAcc>-1.000000</vAcc></extensions></trkpt>
      <trkpt lon="-117.323410" lat="33.977268"><ele>0.000000</ele><time>2024-09-27T18:08:26Z</time><extensions><speed>1.086535</speed><course>78.823318</course><hAcc>2.505341</hAcc><vAcc>-1.000000</vAcc></extensions></trkpt>
      <trkpt lon="-117.323400" lat="33.977270"><ele>0.000000</ele><time>2024-09-27T18:08:27Z</time><extensions><speed>1.082948</speed><course>83.621107</course><hAcc>2.547638</hAcc><vAcc>-1.000000</vAcc></extensions></trkpt>
      <trkpt lon="-117.323387" lat="33.977270"><ele>0.000000</ele><time>2024-09-27T18:08:28Z</time><extensions><speed>1.073994</speed><course>92.018093</course><hAcc>2.595611</hAcc><vAcc>-1.000000</vAcc></extensions></trkpt>
      <trkpt lon="-117.323376" lat="33.977269"><ele>0.000000</ele><time>2024-09-27T18:08:29Z</time><extensions><speed>1.046782</speed><course>98.028171</course><hAcc>2.604171</hAcc><vAcc>-1.000000</vAcc></extensions></trkpt>
      <trkpt lon="-117.323367" lat="33.977268"><ele>0.000000</ele><time>2024-09-27T18:08:30Z</time><extensions><speed>0.992008</speed><course>101.459151</course><hAcc>2.627986</hAcc><vAcc>-1.000000</vAcc></extensions></trkpt>
      <trkpt lon="-117.323356" lat="33.977266"><ele>0.000000</ele><time>2024-09-27T18:08:31Z</time><extensions><speed>0.861300</speed><course>104.989034</course><hAcc>2.650791</hAcc><vAcc>-1.000000</vAcc></extensions></trkpt>
      <trkpt lon="-117.323347" lat="33.977264"><ele>0.000000</ele><time>2024-09-27T18:08:32Z</time><extensions><speed>0.761709</speed><course>108.129453</course><hAcc>2.642014</hAcc><vAcc>-1.000000</vAcc></extensions></trkpt>
      <trkpt lon="-117.323341" lat="33.977262"><ele>0.000000</ele><time>2024-09-27T18:08:33Z</time><extensions><speed>0.694564</speed><course>110.310661</course><hAcc>2.651995</hAcc><vAcc>-1.000000</vAcc></extensions></trkpt>
      <trkpt lon="-117.323333" lat="33.977260"><ele>0.000000</ele><time>2024-09-27T18:08:34Z</time><extensions><speed>0.602249</speed><course>114.485868</course><hAcc>2.662136</hAcc><vAcc>-1.000000</vAcc></extensions></trkpt>
      <trkpt lon="-117.323327" lat="33.977257"><ele>0.000000</ele><time>2024-09-27T18:08:35Z</time><extensions><speed>0.620973</speed><course>117.583594</course><hAcc>2.649140</hAcc><vAcc>-1.000000</vAcc></extensions></trkpt>
      <trkpt lon="-117.323322" lat="33.977255"><ele>0.000000</ele><time>2024-09-27T18:08:36Z</time><extensions><speed>0.698116</speed><course>119.036791</course><hAcc>2.657025</hAcc><vAcc>-1.000000</vAcc></extensions></trkpt>
      <trkpt lon="-117.323313" lat="33.977251"><ele>0.000000</ele><time>2024-09-27T18:08:37Z</time><extensions><speed>0.897272</speed><course>120.010927</course><hAcc>2.668032</hAcc><vAcc>-1.000000</vAcc></extensions></trkpt>
      <trkpt lon="-117.323305" lat="33.977246"><ele>0.000000</ele><time>2024-09-27T18:08:38Z</time><extensions><speed>1.003533</speed><course>119.521792</course><hAcc>2.658991</hAcc><vAcc>-1.000000</vAcc></extensions></trkpt>
      <trkpt lon="-117.323296" lat="33.977242"><ele>0.000000</ele><time>2024-09-27T18:08:39Z</time><extensions><speed>1.051828</speed><course>118.891109</course><hAcc>2.667505</hAcc><vAcc>-1.000000</vAcc></extensions></trkpt>
      <trkpt lon="-117.323285" lat="33.977237"><ele>0.000000</ele><time>2024-09-27T18:08:40Z</time><extensions><speed>1.055005</speed><course>117.054638</course><hAcc>2.675947</hAcc><vAcc>-1.000000</vAcc></extensions></trkpt>
      <trkpt lon="-117.323275" lat="33.977233"><ele>0.000000</ele><time>2024-09-27T18:08:41Z</time><extensions><speed>1.003461</speed><course>116.568589</course><hAcc>2.663884</hAcc><vAcc>-1.000000</vAcc></extensions></trkpt>
      <trkpt lon="-117.323266" lat="33.977230"><ele>0.000000</ele><time>2024-09-27T18:08:42Z</time><extensions><speed>0.930367</speed><course>116.938922</course><hAcc>2.667945</hAcc><vAcc>-1.000000</vAcc></extensions></trkpt>
      <trkpt lon="-117.323257" lat="33.977226"><ele>0.000000</ele><time>2024-09-27T18:08:43Z</time><extensions><speed>0.802936</speed><course>118.442991</course><hAcc>2.675582</hAcc><vAcc>-1.000000</vAcc></extensions></trkpt>
      <trkpt lon="-117.323250" lat="33.977223"><ele>0.000000</ele><time>2024-09-27T18:08:44Z</time><extensions><speed>0.724313</speed><course>116.926098</course><hAcc>2.671594</hAcc><vAcc>-1.000000</vAcc></extensions></trkpt>
      <trkpt lon="-117.323244" lat="33.977220"><ele>0.000000</ele><time>2024-09-27T18:08:45Z</time><extensions><speed>0.682214</speed><course>115.093606</course><hAcc>2.686003</hAcc><vAcc>-1.000000</vAcc></extensions></trkpt>
      <trkpt lon="-117.323237" lat="33.977217"><ele>0.000000</ele><time>2024-09-27T18:08:46Z</time><extensions><speed>0.639790</speed><course>113.756328</course><hAcc>2.708444</hAcc><vAcc>-1.000000</vAcc></extensions></trkpt>
      <trkpt lon="-117.323231" lat="33.977215"><ele>0.000000</ele><time>2024-09-27T18:08:47Z</time><extensions><speed>0.599398</speed><course>110.428677</course><hAcc>2.721550</hAcc><vAcc>-1.000000</vAcc></extensions></trkpt>
      <trkpt lon="-117.323225" lat="33.977213"><ele>0.000000</ele><time>2024-09-27T18:08:48Z</time><extensions><speed>0.575141</speed><course>106.351516</course><hAcc>2.751385</hAcc><vAcc>-1.000000</vAcc></extensions></trkpt>
      <trkpt lon="-117.323219" lat="33.977212"><ele>0.000000</ele><time>2024-09-27T18:08:49Z</time><extensions><speed>0.560461</speed><course>99.573284</course><hAcc>2.793437</hAcc><vAcc>-1.000000</vAcc></extensions></trkpt>
      <trkpt lon="-117.323213" lat="33.977211"><ele>0.000000</ele><time>2024-09-27T18:08:50Z</time><extensions><speed>0.593187</speed><course>98.085687</course><hAcc>2.830459</hAcc><vAcc>-1.000000</vAcc></extensions></trkpt>
      <trkpt lon="-117.323206" lat="33.977211"><ele>0.000000</ele><time>2024-09-27T18:08:51Z</time><extensions><speed>0.664812</speed><course>96.514863</course><hAcc>2.886155</hAcc><vAcc>-1.000000</vAcc></extensions></trkpt>
      <trkpt lon="-117.323198" lat="33.977210"><ele>0.000000</ele><time>2024-09-27T18:08:52Z</time><extensions><speed>0.802750</speed><course>94.183942</course><hAcc>2.965302</hAcc><vAcc>-1.000000</vAcc></extensions></trkpt>
      <trkpt lon="-117.323189" lat="33.977210"><ele>0.000000</ele><time>2024-09-27T18:08:53Z</time><extensions><speed>0.963852</speed><course>91.836682</course><hAcc>3.049425</hAcc><vAcc>-1.000000</vAcc></extensions></trkpt>
      <trkpt lon="-117.323178" lat="33.977210"><ele>0.000000</ele><time>2024-09-27T18:08:54Z</time><extensions><speed>1.054986</speed><course>86.145843</course><hAcc>3.153420</hAcc><vAcc>-1.000000</vAcc></extensions></trkpt>
      <trkpt lon="-117.323166" lat="33.977211"><ele>0.000000</ele><time>2024-09-27T18:08:55Z</time><extensions><speed>1.121481</speed><course>77.082626</course><hAcc>3.280291</hAcc><vAcc>-1.000000</vAcc></extensions></trkpt>
      <trkpt lon="-117.323154" lat="33.977214"><ele>0.000000</ele><time>2024-09-27T18:08:56Z</time><extensions><speed>1.163569</speed><course>71.728557</course><hAcc>3.399673</hAcc><vAcc>-1.000000</vAcc></extensions></trkpt>
      <trkpt lon="-117.323142" lat="33.977218"><ele>0.000000</ele><time>2024-09-27T18:08:57Z</time><extensions><speed>1.196364</speed><course>68.091041</course><hAcc>3.515427</hAcc><vAcc>-1.000000</vAcc></extensions></trkpt>
      <trkpt lon="-117.323130" lat="33.977222"><ele>0.000000</ele><time>2024-09-27T18:08:58Z</time><extensions><speed>1.209208</speed><course>65.282821</course><hAcc>3.622177</hAcc><vAcc>-1.000000</vAcc></extensions></trkpt>
      <trkpt lon="-117.323119" lat="33.977227"><ele>0.000000</ele><time>2024-09-27T18:08:59Z</time><extensions><speed>1.208583</speed><course>62.836368</course><hAcc>3.718264</hAcc><vAcc>-1.000000</vAcc></extensions></trkpt>
      <trkpt lon="-117.323107" lat="33.977232"><ele>0.000000</ele><time>2024-09-27T18:09:00Z</time><extensions><speed>1.199222</speed><course>60.676245</course><hAcc>3.803790</hAcc><vAcc>-1.000000</vAcc></extensions></trkpt>
      <trkpt lon="-117.323096" lat="33.977237"><ele>0.000000</ele><time>2024-09-27T18:09:01Z</time><extensions><speed>1.196189</speed><course>58.985658</course><hAcc>3.879507</hAcc><vAcc>-1.000000</vAcc></extensions></trkpt>
      <trkpt lon="-117.323085" lat="33.977243"><ele>0.000000</ele><time>2024-09-27T18:09:02Z</time><extensions><speed>1.200418</speed><course>58.102479</course><hAcc>3.946276</hAcc><vAcc>-1.000000</vAcc></extensions></trkpt>
      <trkpt lon="-117.323074" lat="33.977249"><ele>0.000000</ele><time>2024-09-27T18:09:03Z</time><extensions><speed>1.208176</speed><course>57.733415</course><hAcc>4.004889</hAcc><vAcc>-1.000000</vAcc></extensions></trkpt>
      <trkpt lon="-117.323063" lat="33.977255"><ele>0.000000</ele><time>2024-09-27T18:09:04Z</time><extensions><speed>1.220689</speed><course>57.355218</course><hAcc>4.056027</hAcc><vAcc>-1.000000</vAcc></extensions></trkpt>
      <trkpt lon="-117.323052" lat="33.977261"><ele>0.000000</ele><time>2024-09-27T18:09:05Z</time><extensions><speed>1.228211</speed><course>56.873407</course><hAcc>4.100218</hAcc><vAcc>-1.000000</vAcc></extensions></trkpt>
      <trkpt lon="-117.323041" lat="33.977267"><ele>0.000000</ele><time>2024-09-27T18:09:05Z</time><extensions><speed>1.228019</speed><course>56.755271</course><hAcc>4.137861</hAcc><vAcc>-1.000000</vAcc></extensions></trkpt>
      <trkpt lon="-117.323030" lat="33.977273"><ele>0.000000</ele><time>2024-09-27T18:09:06Z</time><extensions><speed>1.223089</speed><course>56.887387</course><hAcc>4.169244</hAcc><vAcc>-1.000000</vAcc></extensions></trkpt>
      <trkpt lon="-117.323019" lat="33.977278"><ele>0.000000</ele><time>2024-09-27T18:09:07Z</time><extensions><speed>1.216807</speed><course>57.084942</course><hAcc>4.194595</hAcc><vAcc>-1.000000</vAcc></extensions></trkpt>
      <trkpt lon="-117.323008" lat="33.977284"><ele>0.000000</ele><time>2024-09-27T18:09:08Z</time><extensions><speed>1.209480</speed><course>57.169607</course><hAcc>4.214087</hAcc><vAcc>-1.000000</vAcc></extensions></trkpt>
      <trkpt lon="-117.322997" lat="33.977290"><ele>0.000000</ele><time>2024-09-27T18:09:09Z</time><extensions><speed>1.197461</speed><course>57.656191</course><hAcc>4.227859</hAcc><vAcc>-1.000000</vAcc></extensions></trkpt>
      <trkpt lon="-117.322986" lat="33.977296"><ele>0.000000</ele><time>2024-09-27T18:09:10Z</time><extensions><speed>1.178626</speed><course>58.111648</course><hAcc>4.236028</hAcc><vAcc>-1.000000</vAcc></extensions></trkpt>
      <trkpt lon="-117.322975" lat="33.977302"><ele>0.000000</ele><time>2024-09-27T18:09:11Z</time><extensions><speed>1.151864</speed><course>58.528412</course><hAcc>4.238730</hAcc><vAcc>-1.000000</vAcc></extensions></trkpt>
      <trkpt lon="-117.322965" lat="33.977307"><ele>0.000000</ele><time>2024-09-27T18:09:12Z</time><extensions><speed>1.119622</speed><course>58.057921</course><hAcc>4.236142</hAcc><vAcc>-1.000000</vAcc></extensions></trkpt>
      <trkpt lon="-117.322955" lat="33.977313"><ele>0.000000</ele><time>2024-09-27T18:09:13Z</time><extensions><speed>1.087563</speed><course>57.307773</course><hAcc>4.228455</hAcc><vAcc>-1.000000</vAcc></extensions></trkpt>
      <trkpt lon="-117.322945" lat="33.977318"><ele>0.000000</ele><time>2024-09-27T18:09:14Z</time><extensions><speed>1.070317</speed><course>57.203916</course><hAcc>4.215804</hAcc><vAcc>-1.000000</vAcc></extensions></trkpt>
      <trkpt lon="-117.322936" lat="33.977324"><ele>0.000000</ele><time>2024-09-27T18:09:15Z</time><extensions><speed>1.056034</speed><course>56.674822</course><hAcc>4.198238</hAcc><vAcc>-1.000000</vAcc></extensions></trkpt>
      <trkpt lon="-117.322926" lat="33.977329"><ele>0.000000</ele><time>2024-09-27T18:09:16Z</time><extensions><speed>1.034157</speed><course>57.079020</course><hAcc>4.175653</hAcc><vAcc>-1.000000</vAcc></extensions></trkpt>
      <trkpt lon="-117.322917" lat="33.977334"><ele>0.000000</ele><time>2024-09-27T18:09:17Z</time><extensions><speed>0.997736</speed><course>58.785328</course><hAcc>4.147747</hAcc><vAcc>-1.000000</vAcc></extensions></trkpt>
      <trkpt lon="-117.322907" lat="33.977338"><ele>0.000000</ele><time>2024-09-27T18:09:18Z</time><extensions><speed>0.960876</speed><course>62.638960</course><hAcc>4.114045</hAcc><vAcc>-1.000000</vAcc></extensions></trkpt>
      <trkpt lon="-117.322898" lat="33.977342"><ele>0.000000</ele><time>2024-09-27T18:09:19Z</time><extensions><speed>0.938116</speed><course>68.937373</course><hAcc>4.073976</hAcc><vAcc>-1.000000</vAcc></extensions></trkpt>
      <trkpt lon="-117.322888" lat="33.977344"><ele>0.000000</ele><time>2024-09-27T18:09:20Z</time><extensions><speed>0.939276</speed><course>78.998800</course><hAcc>4.027033</hAcc><vAcc>-1.000000</vAcc></extensions></trkpt>
      <trkpt lon="-117.322878" lat="33.977344"><ele>0.000000</ele><time>2024-09-27T18:09:21Z</time><extensions><speed>0.977136</speed><course>92.764589</course><hAcc>3.972994</hAcc><vAcc>-1.000000</vAcc></extensions></trkpt>
      <trkpt lon="-117.322867" lat="33.977342"><ele>0.000000</ele><time>2024-09-27T18:09:22Z</time><extensions><speed>1.043165</speed><course>105.655569</course><hAcc>3.911989</hAcc><vAcc>-1.000000</vAcc></extensions></trkpt>
      <trkpt lon="-117.322856" lat="33.977338"><ele>0.000000</ele><time>2024-09-27T18:09:23Z</time><extensions><speed>1.100223</speed><course>116.037859</course><hAcc>3.844385</hAcc><vAcc>-1.000000</vAcc></extensions></trkpt>
      <trkpt lon="-117.322845" lat="33.977334"><ele>0.000000</ele><time>2024-09-27T18:09:24Z</time><extensions><speed>1.121945</speed><course>123.307969</course><hAcc>3.770446</hAcc><vAcc>-1.000000</vAcc></extensions></trkpt>
      <trkpt lon="-117.322836" lat="33.977328"><ele>0.000000</ele><time>2024-09-27T18:09:25Z</time><extensions><speed>1.117900</speed><course>129.166999</course><hAcc>3.690196</hAcc><vAcc>-1.000000</vAcc></extensions></trkpt>
      <trkpt lon="-117.322827" lat="33.977321"><ele>0.000000</ele><time>2024-09-27T18:09:26Z</time><extensions><speed>1.081193</speed><course>133.764302</course><hAcc>3.603428</hAcc><vAcc>-1.000000</vAcc></extensions></trkpt>
      <trkpt lon="-117.322820" lat="33.977315"><ele>0.000000</ele><time>2024-09-27T18:09:27Z</time><extensions><speed>1.006101</speed><course>136.781915</course><hAcc>3.510114</hAcc><vAcc>-1.000000</vAcc></extensions></trkpt>
      <trkpt lon="-117.322813" lat="33.977309"><ele>0.000000</ele><time>2024-09-27T18:09:28Z</time><extensions><speed>0.889612</speed><course>138.346304</course><hAcc>3.410970</hAcc><vAcc>-1.000000</vAcc></extensions></trkpt>
      <trkpt lon="-117.322807" lat="33.977303"><ele>0.000000</ele><time>2024-09-27T18:09:29Z</time><extensions><speed>0.728756</speed><course>138.249175</course><hAcc>3.308025</hAcc><vAcc>-1.000000</vAcc></extensions></trkpt>
      <trkpt lon="-117.322803" lat="33.977299"><ele>0.000000</ele><time>2024-09-27T18:09:30Z</time><extensions><speed>0.522445</speed><course>136.117503</course><hAcc>3.205190</hAcc><vAcc>-1.000000</vAcc></extensions></trkpt>
      <trkpt lon="-117.322800" lat="33.977297"><ele>0.000000</ele><time>2024-09-27T18:09:31Z</time><extensions><speed>0.292248</speed><course>125.401400</course><hAcc>3.107845</hAcc><vAcc>-1.000000</vAcc></extensions></trkpt>
      <trkpt lon="-117.322797" lat="33.977295"><ele>0.000000</ele><time>2024-09-27T18:09:32Z</time><extensions><speed>0.233178</speed><course>107.396246</course><hAcc>3.020711</hAcc><vAcc>-1.000000</vAcc></extensions></trkpt>
      <trkpt lon="-117.322794" lat="33.977295"><ele>0.000000</ele><time>2024-09-27T18:09:33Z</time><extensions><speed>0.311459</speed><course>108.478444</course><hAcc>2.945977</hAcc><vAcc>-1.000000</vAcc></extensions></trkpt>
      <trkpt lon="-117.322790" lat="33.977293"><ele>0.000000</ele><time>2024-09-27T18:09:34Z</time><extensions><speed>0.504400</speed><course>119.160982</course><hAcc>2.885163</hAcc><vAcc>-1.000000</vAcc></extensions></trkpt>
      <trkpt lon="-117.322784" lat="33.977290"><ele>0.000000</ele><time>2024-09-27T18:09:35Z</time><extensions><speed>0.693791</speed><course>118.899565</course><hAcc>2.838934</hAcc><vAcc>-1.000000</vAcc></extensions></trkpt>
      <trkpt lon="-117.322777" lat="33.977287"><ele>0.000000</ele><time>2024-09-27T18:09:36Z</time><extensions><speed>0.835120</speed><course>117.244389</course><hAcc>2.804832</hAcc><vAcc>-1.000000</vAcc></extensions></trkpt>
      <trkpt lon="-117.322768" lat="33.977283"><ele>0.000000</ele><time>2024-09-27T18:09:37Z</time><extensions><speed>0.927517</speed><course>117.602119</course><hAcc>2.778458</hAcc><vAcc>-1.000000</vAcc></extensions></trkpt>
      <trkpt lon="-117.322760" lat="33.977280"><ele>0.000000</ele><time>2024-09-27T18:09:38Z</time><extensions><speed>0.963117</speed><course>115.995118</course><hAcc>2.755761</hAcc><vAcc>-1.000000</vAcc></extensions></trkpt>
      <trkpt lon="-117.322750" lat="33.977276"><ele>0.000000</ele><time>2024-09-27T18:09:39Z</time><extensions><speed>0.960401</speed><course>112.170194</course><hAcc>2.734526</hAcc><vAcc>-1.000000</vAcc></extensions></trkpt>
      <trkpt lon="-117.322741" lat="33.977273"><ele>0.000000</ele><time>2024-09-27T18:09:40Z</time><extensions><speed>0.899902</speed><course>107.162162</course><hAcc>2.716110</hAcc><vAcc>-1.000000</vAcc></extensions></trkpt>
      <trkpt lon="-117.322732" lat="33.977271"><ele>0.000000</ele><time>2024-09-27T18:09:41Z</time><extensions><speed>0.731567</speed><course>102.405572</course><hAcc>2.704267</hAcc><vAcc>-1.000000</vAcc></extensions></trkpt>
      <trkpt lon="-117.322726" lat="33.977270"><ele>0.000000</ele><time>2024-09-27T18:09:42Z</time><extensions><speed>0.505201</speed><course>95.827267</course><hAcc>2.700525</hAcc><vAcc>-1.000000</vAcc></extensions></trkpt>
      <trkpt lon="-117.322721" lat="33.977270"><ele>0.000000</ele><time>2024-09-27T18:09:43Z</time><extensions><speed>0.382338</speed><course>85.441331</course><hAcc>2.700603</hAcc><vAcc>-1.000000</vAcc></extensions></trkpt>
      <trkpt lon="-117.322717" lat="33.977271"><ele>0.000000</ele><time>2024-09-27T18:09:44Z</time><extensions><speed>0.364040</speed><course>74.165004</course><hAcc>2.698656</hAcc><vAcc>-1.000000</vAcc></extensions></trkpt>
      <trkpt lon="-117.322713" lat="33.977272"><ele>0.000000</ele><time>2024-09-27T18:09:45Z</time><extensions><speed>0.437404</speed><course>67.430902</course><hAcc>2.692748</hAcc><vAcc>-1.000000</vAcc></extensions></trkpt>
      <trkpt lon="-117.322708" lat="33.977274"><ele>0.000000</ele><time>2024-09-27T18:09:46Z</time><extensions><speed>0.584153</speed><course>66.286621</course><hAcc>2.685154</hAcc><vAcc>-1.000000</vAcc></extensions></trkpt>
      <trkpt lon="-117.322701" lat="33.977277"><ele>0.000000</ele><time>2024-09-27T18:09:47Z</time><extensions><speed>0.774612</speed><course>66.874640</course><hAcc>2.677946</hAcc><vAcc>-1.000000</vAcc></extensions></trkpt>
      <trkpt lon="-117.322693" lat="33.977279"><ele>0.000000</ele><time>2024-09-27T18:09:48Z</time><extensions><speed>0.849894</speed><course>70.640788</course><hAcc>2.672077</hAcc><vAcc>-1.000000</vAcc></extensions></trkpt>
      <trkpt lon="-117.322684" lat="33.977282"><ele>0.000000</ele><time>2024-09-27T18:09:49Z</time><extensions><speed>0.865463</speed><course>76.678096</course><hAcc>2.669202</hAcc><vAcc>-1.000000</vAcc></extensions></trkpt>
      <trkpt lon="-117.322675" lat="33.977283"><ele>0.000000</ele><time>2024-09-27T18:09:50Z</time><extensions><speed>0.966661</speed><course>81.639854</course><hAcc>2.669934</hAcc><vAcc>-1.000000</vAcc></extensions></trkpt>
      <trkpt lon="-117.322664" lat="33.977284"><ele>0.000000</ele><time>2024-09-27T18:09:51Z</time><extensions><speed>1.010721</speed><course>87.511592</course><hAcc>2.671290</hAcc><vAcc>-1.000000</vAcc></extensions></trkpt>
      <trkpt lon="-117.322653" lat="33.977284"><ele>0.000000</ele><time>2024-09-27T18:09:52Z</time><extensions><speed>1.029847</speed><course>95.476623</course><hAcc>2.668816</hAcc><vAcc>-1.000000</vAcc></extensions></trkpt>
      <trkpt lon="-117.322642" lat="33.977282"><ele>0.000000</ele><time>2024-09-27T18:09:53Z</time><extensions><speed>1.064375</speed><course>103.537251</course><hAcc>2.658329</hAcc><vAcc>-1.000000</vAcc></extensions></trkpt>
      <trkpt lon="-117.322630" lat="33.977279"><ele>0.000000</ele><time>2024-09-27T18:09:54Z</time><extensions><speed>1.127185</speed><course>111.391091</course><hAcc>2.637787</hAcc><vAcc>-1.000000</vAcc></extensions></trkpt>
      <trkpt lon="-117.322619" lat="33.977275"><ele>0.000000</ele><time>2024-09-27T18:09:55Z</time><extensions><speed>1.223631</speed><course>118.852299</course><hAcc>2.609327</hAcc><vAcc>-1.000000</vAcc></extensions></trkpt>
      <trkpt lon="-117.322607" lat="33.977269"><ele>0.000000</ele><time>2024-09-27T18:09:56Z</time><extensions><speed>1.299843</speed><course>123.734972</course><hAcc>2.578130</hAcc><vAcc>-1.000000</vAcc></extensions></trkpt>
      <trkpt lon="-117.322596" lat="33.977262"><ele>0.000000</ele><time>2024-09-27T18:09:57Z</time><extensions><speed>1.335863</speed><course>126.548965</course><hAcc>2.550511</hAcc><vAcc>-1.000000</vAcc></extensions></trkpt>
      <trkpt lon="-117.322584" lat="33.977255"><ele>0.000000</ele><time>2024-09-27T18:09:58Z</time><extensions><speed>1.321776</speed><course>127.347884</course><hAcc>2.531604</hAcc><vAcc>-1.000000</vAcc></extensions></trkpt>
      <trkpt lon="-117.322573" lat="33.977248"><ele>0.000000</ele><time>2024-09-27T18:09:59Z</time><extensions><speed>1.264479</speed><course>128.692607</course><hAcc>2.520891</hAcc><vAcc>-1.000000</vAcc></extensions></trkpt>
      <trkpt lon="-117.322563" lat="33.977241"><ele>0.000000</ele><time>2024-09-27T18:10:00Z</time><extensions><speed>1.181428</speed><course>130.468708</course><hAcc>2.512891</hAcc><vAcc>-1.000000</vAcc></extensions></trkpt>
      <trkpt lon="-117.322554" lat="33.977234"><ele>0.000000</ele><time>2024-09-27T18:10:01Z</time><extensions><speed>1.084502</speed><course>132.878914</course><hAcc>2.503364</hAcc><vAcc>-1.000000</vAcc></extensions></trkpt>
      <trkpt lon="-117.322546" lat="33.977227"><ele>0.000000</ele><time>2024-09-27T18:10:02Z</time><extensions><speed>1.011816</speed><course>134.025146</course><hAcc>2.491673</hAcc><vAcc>-1.000000</vAcc></extensions></trkpt>
      <trkpt lon="-117.322538" lat="33.977221"><ele>0.000000</ele><time>2024-09-27T18:10:03Z</time><extensions><speed>0.977799</speed><course>133.416828</course><hAcc>2.480329</hAcc><vAcc>-1.000000</vAcc></extensions></trkpt>
      <trkpt lon="-117.322530" lat="33.977215"><ele>0.000000</ele><time>2024-09-27T18:10:04Z</time><extensions><speed>0.975201</speed><course>131.089767</course><hAcc>2.473790</hAcc><vAcc>-1.000000</vAcc></extensions></trkpt>
      <trkpt lon="-117.322522" lat="33.977210"><ele>0.000000</ele><time>2024-09-27T18:10:05Z</time><extensions><speed>0.982555</speed><course>127.708946</course><hAcc>2.474891</hAcc><vAcc>-1.000000</vAcc></extensions></trkpt>
      <trkpt lon="-117.322514" lat="33.977204"><ele>0.000000</ele><time>2024-09-27T18:10:06Z</time><extensions><speed>0.988312</speed><course>123.365389</course><hAcc>2.484884</hAcc><vAcc>-1.000000</vAcc></extensions></trkpt>
      <trkpt lon="-117.322504" lat="33.977200"><ele>0.000000</ele><time>2024-09-27T18:10:07Z</time><extensions><speed>0.989958</speed><course>118.136468</course><hAcc>2.505073</hAcc><vAcc>-1.000000</vAcc></extensions></trkpt>
      <trkpt lon="-117.322495" lat="33.977196"><ele>0.000000</ele><time>2024-09-27T18:10:08Z</time><extensions><speed>0.982706</speed><course>112.093374</course><hAcc>2.533307</hAcc><vAcc>-1.000000</vAcc></extensions></trkpt>
      <trkpt lon="-117.322485" lat="33.977193"><ele>0.000000</ele><time>2024-09-27T18:10:09Z</time><extensions><speed>0.976867</speed><course>106.200329</course><hAcc>2.563808</hAcc><vAcc>-1.000000</vAcc></extensions></trkpt>
      <trkpt lon="-117.322475" lat="33.977191"><ele>0.000000</ele><time>2024-09-27T18:10:10Z</time><extensions><speed>0.984607</speed><course>100.065556</course><hAcc>2.590969</hAcc><vAcc>-1.000000</vAcc></extensions></trkpt>
      <trkpt lon="-117.322464" lat="33.977190"><ele>0.000000</ele><time>2024-09-27T18:10:11Z</time><extensions><speed>1.008568</speed><course>93.440005</course><hAcc>2.610469</hAcc><vAcc>-1.000000</vAcc></extensions></trkpt>
      <trkpt lon="-117.322453" lat="33.977190"><ele>0.000000</ele><time>2024-09-27T18:10:12Z</time><extensions><speed>1.034074</speed><course>87.169146</course><hAcc>2.620283</hAcc><vAcc>-1.000000</vAcc></extensions></trkpt>
      <trkpt lon="-117.322442" lat="33.977191"><ele>0.000000</ele><time>2024-09-27T18:10:13Z</time><extensions><speed>1.071196</speed><course>80.799001</course><hAcc>2.620814</hAcc><vAcc>-1.000000</vAcc></extensions></trkpt>
      <trkpt lon="-117.322430" lat="33.977193"><ele>0.000000</ele><time>2024-09-27T18:10:14Z</time><extensions><speed>1.104239</speed><course>75.350294</course><hAcc>2.612623</hAcc><vAcc>-1.000000</vAcc></extensions></trkpt>
      <trkpt lon="-117.322419" lat="33.977196"><ele>0.000000</ele><time>2024-09-27T18:10:15Z</time><extensions><speed>1.138665</speed><course>70.372236</course><hAcc>2.596314</hAcc><vAcc>-1.000000</vAcc></extensions></trkpt>
      <trkpt lon="-117.322407" lat="33.977200"><ele>0.000000</ele><time>2024-09-27T18:10:16Z</time><extensions><speed>1.171849</speed><course>67.706519</course><hAcc>2.575032</hAcc><vAcc>-1.000000</vAcc></extensions></trkpt>
      <trkpt lon="-117.322395" lat="33.977204"><ele>0.000000</ele><time>2024-09-27T18:10:17Z</time><extensions><speed>1.183752</speed><course>67.063052</course><hAcc>2.554624</hAcc><vAcc>-1.000000</vAcc></extensions></trkpt>
      <trkpt lon="-117.322384" lat="33.977208"><ele>0.000000</ele><time>2024-09-27T18:10:18Z</time><extensions><speed>1.182243</speed><course>68.142641</course><hAcc>2.542296</hAcc><vAcc>-1.000000</vAcc></extensions></trkpt>
      <trkpt lon="-117.322372" lat="33.977212"><ele>0.000000</ele><time>2024-09-27T18:10:19Z</time><extensions><speed>1.175299</speed><course>70.772642</course><hAcc>2.544341</hAcc><vAcc>-1.000000</vAcc></extensions></trkpt>
      <trkpt lon="-117.322360" lat="33.977215"><ele>0.000000</ele><time>2024-09-27T18:10:20Z</time><extensions><speed>1.158197</speed><course>73.303745</course><hAcc>2.561127</hAcc><vAcc>-1.000000</vAcc></extensions></trkpt>
      <trkpt lon="-117.322348" lat="33.977218"><ele>0.000000</ele><time>2024-09-27T18:10:21Z</time><extensions><speed>1.161823</speed><course>75.699989</course><hAcc>2.586961</hAcc><vAcc>-1.000000</vAcc></extensions></trkpt>
      <trkpt lon="-117.322335" lat="33.977220"><ele>0.000000</ele><time>2024-09-27T18:10:22Z</time><extensions><speed>1.171404</speed><course>78.047476</course><hAcc>2.614953</hAcc><vAcc>-1.000000</vAcc></extensions></trkpt>
      <trkpt lon="-117.322323" lat="33.977222"><ele>0.000000</ele><time>2024-09-27T18:10:23Z</time><extensions><speed>1.157501</speed><course>79.909456</course><hAcc>2.639796</hAcc><vAcc>-1.000000</vAcc></extensions></trkpt>
      <trkpt lon="-117.322311" lat="33.977224"><ele>0.000000</ele><time>2024-09-27T18:10:24Z</time><extensions><speed>1.146362</speed><course>81.624286</course><hAcc>2.659153</hAcc><vAcc>-1.000000</vAcc></extensions></trkpt>
      <trkpt lon="-117.322298" lat="33.977225"><ele>0.000000</ele><time>2024-09-27T18:10:25Z</time><extensions><speed>1.136446</speed><course>83.382453</course><hAcc>2.673148</hAcc><vAcc>-1.000000</vAcc></extensions></trkpt>
      <trkpt lon="-117.322286" lat="33.977226"><ele>0.000000</ele><time>2024-09-27T18:10:26Z</time><extensions><speed>1.110232</speed><course>85.453496</course><hAcc>2.682460</hAcc><vAcc>-1.000000</vAcc></extensions></trkpt>
      <trkpt lon="-117.322274" lat="33.977227"><ele>0.000000</ele><time>2024-09-27T18:10:27Z</time><extensions><speed>1.075894</speed><course>87.064647</course><hAcc>2.688444</hAcc><vAcc>-1.000000</vAcc></extensions></trkpt>
      <trkpt lon="-117.322263" lat="33.977227"><ele>0.000000</ele><time>2024-09-27T18:10:28Z</time><extensions><speed>1.026238</speed><course>88.589717</course><hAcc>2.693253</hAcc><vAcc>-1.000000</vAcc></extensions></trkpt>
      <trkpt lon="-117.322252" lat="33.977228"><ele>0.000000</ele><time>2024-09-27T18:10:29Z</time><extensions><speed>0.965387</speed><course>90.418134</course><hAcc>2.698174</hAcc><vAcc>-1.000000</vAcc></extensions></trkpt>
      <trkpt lon="-117.322242" lat="33.977227"><ele>0.000000</ele><time>2024-09-27T18:10:30Z</time><extensions><speed>0.906654</speed><course>92.927021</course><hAcc>2.703064</hAcc><vAcc>-1.000000</vAcc></extensions></trkpt>
      <trkpt lon="-117.322233" lat="33.977227"><ele>0.000000</ele><time>2024-09-27T18:10:31Z</time><extensions><speed>0.846284</speed><course>96.624732</course><hAcc>2.707011</hAcc><vAcc>-1.000000</vAcc></extensions></trkpt>
      <trkpt lon="-117.322224" lat="33.977226"><ele>0.000000</ele><time>2024-09-27T18:10:32Z</time><extensions><speed>0.792597</speed><course>100.555928</course><hAcc>2.709024</hAcc><vAcc>-1.000000</vAcc></extensions></trkpt>
      <trkpt lon="-117.322216" lat="33.977224"><ele>0.000000</ele><time>2024-09-27T18:10:33Z</time><extensions><speed>0.738894</speed><course>105.238157</course><hAcc>2.710172</hAcc><vAcc>-1.000000</vAcc></extensions></trkpt>
      <trkpt lon="-117.322209" lat="33.977222"><ele>0.000000</ele><time>2024-09-27T18:10:34Z</time><extensions><speed>0.695810</speed><course>109.516633</course><hAcc>2.714032</hAcc><vAcc>-1.000000</vAcc></extensions></trkpt>
      <trkpt lon="-117.322202" lat="33.977220"><ele>0.000000</ele><time>2024-09-27T18:10:35Z</time><extensions><speed>0.691512</speed><course>113.588054</course><hAcc>2.724144</hAcc><vAcc>-1.000000</vAcc></extensions></trkpt>
      <trkpt lon="-117.322195" lat="33.977217"><ele>0.000000</ele><time>2024-09-27T18:10:36Z</time><extensions><speed>0.739092</speed><course>117.136427</course><hAcc>2.742066</hAcc><vAcc>-1.000000</vAcc></extensions></trkpt>
      <trkpt lon="-117.322188" lat="33.977214"><ele>0.000000</ele><time>2024-09-27T18:10:37Z</time><extensions><speed>0.836604</speed><course>119.776429</course><hAcc>2.767621</hAcc><vAcc>-1.000000</vAcc></extensions></trkpt>
      <trkpt lon="-117.322180" lat="33.977210"><ele>0.000000</ele><time>2024-09-27T18:10:38Z</time><extensions><speed>0.923282</speed><course>121.400571</course><hAcc>2.800225</hAcc><vAcc>-1.000000</vAcc></extensions></trkpt>
      <trkpt lon="-117.322171" lat="33.977205"><ele>0.000000</ele><time>2024-09-27T18:10:39Z</time><extensions><speed>0.981087</speed><course>122.464036</course><hAcc>2.841671</hAcc><vAcc>-1.000000</vAcc></extensions></trkpt>
      <trkpt lon="-117.322162" lat="33.977200"><ele>0.000000</ele><time>2024-09-27T18:10:40Z</time><extensions><speed>1.017360</speed><course>122.828736</course><hAcc>2.896851</hAcc><vAcc>-1.000000</vAcc></extensions></trkpt>
      <trkpt lon="-117.322153" lat="33.977195"><ele>0.000000</ele><time>2024-09-27T18:10:41Z</time><extensions><speed>1.038341</speed><course>122.567277</course><hAcc>2.970897</hAcc><vAcc>-1.000000</vAcc></extensions></trkpt>
      <trkpt lon="-117.322143" lat="33.977190"><ele>0.000000</ele><time>2024-09-27T18:10:42Z</time><extensions><speed>1.058761</speed><course>121.633305</course><hAcc>3.066542</hAcc><vAcc>-1.000000</vAcc></extensions></trkpt>
      <trkpt lon="-117.322133" lat="33.977185"><ele>0.000000</ele><time>2024-09-27T18:10:43Z</time><extensions><speed>1.078589</speed><course>120.038730</course><hAcc>3.181639</hAcc><vAcc>-1.000000</vAcc></extensions></trkpt>
      <trkpt lon="-117.322123" lat="33.977181"><ele>0.000000</ele><time>2024-09-27T18:10:44Z</time><extensions><speed>1.093054</speed><course>117.534869</course><hAcc>3.308289</hAcc><vAcc>-1.000000</vAcc></extensions></trkpt>
      <trkpt lon="-117.322112" lat="33.977176"><ele>0.000000</ele><time>2024-09-27T18:10:45Z</time><extensions><speed>1.103185</speed><course>113.738824</course><hAcc>3.437104</hAcc><vAcc>-1.000000</vAcc></extensions></trkpt>
      <trkpt lon="-117.322101" lat="33.977173"><ele>0.000000</ele><time>2024-09-27T18:10:46Z</time><extensions><speed>1.108381</speed><course>109.602047</course><hAcc>3.561122</hAcc><vAcc>-1.000000</vAcc></extensions></trkpt>
      <trkpt lon="-117.322089" lat="33.977170"><ele>0.000000</ele><time>2024-09-27T18:10:47Z</time><extensions><speed>1.107055</speed><course>106.042106</course><hAcc>3.676384</hAcc><vAcc>-1.000000</vAcc></extensions></trkpt>
      <trkpt lon="-117.322078" lat="33.977167"><ele>0.000000</ele><time>2024-09-27T18:10:48Z</time><extensions><speed>1.101573</speed><course>102.727190</course><hAcc>3.781224</hAcc><vAcc>-1.000000</vAcc></extensions></trkpt>
      <trkpt lon="-117.322067" lat="33.977164"><ele>0.000000</ele><time>2024-09-27T18:10:49Z</time><extensions><speed>1.091403</speed><course>103.764206</course><hAcc>3.875439</hAcc><vAcc>-1.000000</vAcc></extensions></trkpt>
      <trkpt lon="-117.322056" lat="33.977160"><ele>0.000000</ele><time>2024-09-27T18:10:50Z</time><extensions><speed>1.074948</speed><course>106.320693</course><hAcc>3.959619</hAcc><vAcc>-1.000000</vAcc></extensions></trkpt>
      <trkpt lon="-117.322045" lat="33.977157"><ele>0.000000</ele><time>2024-09-27T18:10:51Z</time><extensions><speed>1.048404</speed><course>110.293203</course><hAcc>4.034714</hAcc><vAcc>-1.000000</vAcc></extensions></trkpt>
      <trkpt lon="-117.322035" lat="33.977152"><ele>0.000000</ele><time>2024-09-27T18:10:52Z</time><extensions><speed>1.015409</speed><course>115.763749</course><hAcc>4.101776</hAcc><vAcc>-1.000000</vAcc></extensions></trkpt>
      <trkpt lon="-117.322026" lat="33.977147"><ele>0.000000</ele><time>2024-09-27T18:10:53Z</time><extensions><speed>0.976167</speed><course>122.929620</course><hAcc>4.161816</hAcc><vAcc>-1.000000</vAcc></extensions></trkpt>
      <trkpt lon="-117.322018" lat="33.977141"><ele>0.000000</ele><time>2024-09-27T18:10:54Z</time><extensions><speed>0.941396</speed><course>132.491938</course><hAcc>4.215694</hAcc><vAcc>-1.000000</vAcc></extensions></trkpt>
      <trkpt lon="-117.322011" lat="33.977135"><ele>0.000000</ele><time>2024-09-27T18:10:55Z</time><extensions><speed>0.919253</speed><course>144.419590</course><hAcc>4.263979</hAcc><vAcc>-1.000000</vAcc></extensions></trkpt>
      <trkpt lon="-117.322006" lat="33.977127"><ele>0.000000</ele><time>2024-09-27T18:10:56Z</time><extensions><speed>0.979235</speed><course>151.524187</course><hAcc>4.306903</hAcc><vAcc>-1.000000</vAcc></extensions></trkpt>
      <trkpt lon="-117.322001" lat="33.977119"><ele>0.000000</ele><time>2024-09-27T18:10:57Z</time><extensions><speed>1.073044</speed><course>153.210961</course><hAcc>4.344525</hAcc><vAcc>-1.000000</vAcc></extensions></trkpt>
      <trkpt lon="-117.321995" lat="33.977110"><ele>0.000000</ele><time>2024-09-27T18:10:58Z</time><extensions><speed>1.167207</speed><course>150.113820</course><hAcc>4.376908</hAcc><vAcc>-1.000000</vAcc></extensions></trkpt>
      <trkpt lon="-117.321987" lat="33.977101"><ele>0.000000</ele><time>2024-09-27T18:10:59Z</time><extensions><speed>1.248846</speed><course>141.968445</course><hAcc>4.404195</hAcc><vAcc>-1.000000</vAcc></extensions></trkpt>
      <trkpt lon="-117.321978" lat="33.977092"><ele>0.000000</ele><time>2024-09-27T18:11:00Z</time><extensions><speed>1.271094</speed><course>134.235006</course><hAcc>4.426462</hAcc><vAcc>-1.000000</vAcc></extensions></trkpt>
      <trkpt lon="-117.321967" lat="33.977085"><ele>0.000000</ele><time>2024-09-27T18:11:01Z</time><extensions><speed>1.268998</speed><course>127.108280</course><hAcc>4.443761</hAcc><vAcc>-1.000000</vAcc></extensions></trkpt>
      <trkpt lon="-117.321956" lat="33.977078"><ele>0.000000</ele><time>2024-09-27T18:11:02Z</time><extensions><speed>1.247375</speed><course>120.537552</course><hAcc>4.456161</hAcc><vAcc>-1.000000</vAcc></extensions></trkpt>
      <trkpt lon="-117.321945" lat="33.977073"><ele>0.000000</ele><time>2024-09-27T18:11:03Z</time><extensions><speed>1.219032</speed><course>114.322111</course><hAcc>4.463765</hAcc><vAcc>-1.000000</vAcc></extensions></trkpt>
      <trkpt lon="-117.321933" lat="33.977069"><ele>0.000000</ele><time>2024-09-27T18:11:04Z</time><extensions><speed>1.177323</speed><course>108.520815</course><hAcc>4.466706</hAcc><vAcc>-1.000000</vAcc></extensions></trkpt>
      <trkpt lon="-117.321921" lat="33.977066"><ele>0.000000</ele><time>2024-09-27T18:11:05Z</time><extensions><speed>1.128090</speed><course>103.852738</course><hAcc>4.465149</hAcc><vAcc>-1.000000</vAcc></extensions></trkpt>
      <trkpt lon="-117.321910" lat="33.977064"><ele>0.000000</ele><time>2024-09-27T18:11:06Z</time><extensions><speed>1.070963</speed><course>100.466308</course><hAcc>4.459272</hAcc><vAcc>-1.000000</vAcc></extensions></trkpt>
      <trkpt lon="-117.321899" lat="33.977063"><ele>0.000000</ele><time>2024-09-27T18:11:07Z</time><extensions><speed>0.990865</speed><course>97.942196</course><hAcc>4.449238</hAcc><vAcc>-1.000000</vAcc></extensions></trkpt>
      <trkpt lon="-117.321889" lat="33.977062"><ele>0.000000</ele><time>2024-09-27T18:11:08Z</time><extensions><speed>0.885128</speed><course>96.236841</course><hAcc>4.435145</hAcc><vAcc>-1.000000</vAcc></extensions></trkpt>
      <trkpt lon="-117.321880" lat="33.977061"><ele>0.000000</ele><time>2024-09-27T18:11:09Z</time><extensions><speed>0.748197</speed><course>95.558523</course><hAcc>4.416910</hAcc><vAcc>-1.000000</vAcc></extensions></trkpt>
      <trkpt lon="-117.321872" lat="33.977061"><ele>0.000000</ele><time>2024-09-27T18:11:10Z</time><extensions><speed>0.705305</speed><course>94.602831</course><hAcc>4.394240</hAcc><vAcc>-1.000000</vAcc></extensions></trkpt>
      <trkpt lon="-117.321864" lat="33.977061"><ele>0.000000</ele><time>2024-09-27T18:11:11Z</time><extensions><speed>0.750075</speed><course>93.565641</course><hAcc>4.366765</hAcc><vAcc>-1.000000</vAcc></extensions></trkpt>
      <trkpt lon="-117.321855" lat="33.977060"><ele>0.000000</ele><time>2024-09-27T18:11:12Z</time><extensions><speed>0.880410</speed><course>92.888058</course><hAcc>4.334173</hAcc><vAcc>-1.000000</vAcc></extensions></trkpt>
      <trkpt lon="-117.321845" lat="33.977060"><ele>0.000000</ele><time>2024-09-27T18:11:13Z</time><extensions><speed>0.977954</speed><course>93.474341</course><hAcc>4.296254</hAcc><vAcc>-1.000000</vAcc></extensions></trkpt>
      <trkpt lon="-117.321834" lat="33.977059"><ele>0.000000</ele><time>2024-09-27T18:11:14Z</time><extensions><speed>1.048680</speed><course>95.067897</course><hAcc>4.252913</hAcc><vAcc>-1.000000</vAcc></extensions></trkpt>
      <trkpt lon="-117.321823" lat="33.977058"><ele>0.000000</ele><time>2024-09-27T18:11:15Z</time><extensions><speed>1.091318</speed><course>97.644556</course><hAcc>4.204184</hAcc><vAcc>-1.000000</vAcc></extensions></trkpt>
      <trkpt lon="-117.321811" lat="33.977056"><ele>0.000000</ele><time>2024-09-27T18:11:16Z</time><extensions><speed>1.106522</speed><course>101.528906</course><hAcc>4.150231</hAcc><vAcc>-1.000000</vAcc></extensions></trkpt>
      <trkpt lon="-117.321800" lat="33.977054"><ele>0.000000</ele><time>2024-09-27T18:11:17Z</time><extensions><speed>1.101757</speed><course>106.570429</course><hAcc>4.091324</hAcc><vAcc>-1.000000</vAcc></extensions></trkpt>
      <trkpt lon="-117.321789" lat="33.977051"><ele>0.000000</ele><time>2024-09-27T18:11:18Z</time><extensions><speed>1.085609</speed><course>112.450027</course><hAcc>4.027749</hAcc><vAcc>-1.000000</vAcc></extensions></trkpt>
      <trkpt lon="-117.321778" lat="33.977046"><ele>0.000000</ele><time>2024-09-27T18:11:19Z</time><extensions><speed>1.067369</speed><course>118.942212</course><hAcc>3.959644</hAcc><vAcc>-1.000000</vAcc></extensions></trkpt>
      <trkpt lon="-117.321769" lat="33.977041"><ele>0.000000</ele><time>2024-09-27T18:11:20Z</time><extensions><speed>1.050411</speed><course>125.899512</course><hAcc>3.886778</hAcc><vAcc>-1.000000</vAcc></extensions></trkpt>
      <trkpt lon="-117.321760" lat="33.977035"><ele>0.000000</ele><time>2024-09-27T18:11:21Z</time><extensions><speed>1.039022</speed><course>131.877934</course><hAcc>3.808456</hAcc><vAcc>-1.000000</vAcc></extensions></trkpt>
      <trkpt lon="-117.321752" lat="33.977028"><ele>0.000000</ele><time>2024-09-27T18:11:22Z</time><extensions><speed>1.035102</speed><course>135.846295</course><hAcc>3.723518</hAcc><vAcc>-1.000000</vAcc></extensions></trkpt>
      <trkpt lon="-117.321744" lat="33.977022"><ele>0.000000</ele><time>2024-09-27T18:11:23Z</time><extensions><speed>1.046139</speed><course>137.249382</course><hAcc>3.630722</hAcc><vAcc>-1.000000</vAcc></extensions></trkpt>
      <trkpt lon="-117.321736" lat="33.977015"><ele>0.000000</ele><time>2024-09-27T18:11:24Z</time><extensions><speed>1.054956</speed><course>136.624479</course><hAcc>3.528944</hAcc><vAcc>-1.000000</vAcc></extensions></trkpt>
      <trkpt lon="-117.321728" lat="33.977008"><ele>0.000000</ele><time>2024-09-27T18:11:25Z</time><extensions><speed>1.040563</speed><course>134.611194</course><hAcc>3.417973</hAcc><vAcc>-1.000000</vAcc></extensions></trkpt>
      <trkpt lon="-117.321720" lat="33.977002"><ele>0.000000</ele><time>2024-09-27T18:11:26Z</time><extensions><speed>1.007936</speed><course>130.030757</course><hAcc>3.298854</hAcc><vAcc>-1.000000</vAcc></extensions></trkpt>
      <trkpt lon="-117.321712" lat="33.976996"><ele>0.000000</ele><time>2024-09-27T18:11:27Z</time><extensions><speed>0.979582</speed><course>124.495869</course><hAcc>3.173835</hAcc><vAcc>-1.000000</vAcc></extensions></trkpt>
      <trkpt lon="-117.321703" lat="33.976992"><ele>0.000000</ele><time>2024-09-27T18:11:28Z</time><extensions><speed>0.953029</speed><course>117.497444</course><hAcc>3.047207</hAcc><vAcc>-1.000000</vAcc></extensions></trkpt>
      <trkpt lon="-117.321693" lat="33.976989"><ele>0.000000</ele><time>2024-09-27T18:11:29Z</time><extensions><speed>0.930965</speed><course>108.141132</course><hAcc>2.925081</hAcc><vAcc>-1.000000</vAcc></extensions></trkpt>
      <trkpt lon="-117.321684" lat="33.976986"><ele>0.000000</ele><time>2024-09-27T18:11:30Z</time><extensions><speed>0.912054</speed><course>101.042492</course><hAcc>2.810784</hAcc><vAcc>-1.000000</vAcc></extensions></trkpt>
      <trkpt lon="-117.321674" lat="33.976985"><ele>0.000000</ele><time>2024-09-27T18:11:31Z</time><extensions><speed>0.880681</speed><course>95.743237</course><hAcc>2.704385</hAcc><vAcc>-1.000000</vAcc></extensions></trkpt>
      <trkpt lon="-117.321665" lat="33.976985"><ele>0.000000</ele><time>2024-09-27T18:11:32Z</time><extensions><speed>0.836692</speed><course>92.634252</course><hAcc>2.604646</hAcc><vAcc>-1.000000</vAcc></extensions></trkpt>
      <trkpt lon="-117.321657" lat="33.976984"><ele>0.000000</ele><time>2024-09-27T18:11:33Z</time><extensions><speed>0.801837</speed><course>89.675042</course><hAcc>2.510211</hAcc><vAcc>-1.000000</vAcc></extensions></trkpt>
      <trkpt lon="-117.321648" lat="33.976985"><ele>0.000000</ele><time>2024-09-27T18:11:34Z</time><extensions><speed>0.779609</speed><course>87.705398</course><hAcc>2.420162</hAcc><vAcc>-1.000000</vAcc></extensions></trkpt>
      <trkpt lon="-117.321640" lat="33.976985"><ele>0.000000</ele><time>2024-09-27T18:11:35Z</time><extensions><speed>0.770556</speed><course>86.867105</course><hAcc>2.336759</hAcc><vAcc>-1.000000</vAcc></extensions></trkpt>
      <trkpt lon="-117.321631" lat="33.976985"><ele>0.000000</ele><time>2024-09-27T18:11:36Z</time><extensions><speed>0.774785</speed><course>87.549422</course><hAcc>2.263638</hAcc><vAcc>-1.000000</vAcc></extensions></trkpt>
      <trkpt lon="-117.321623" lat="33.976986"><ele>0.000000</ele><time>2024-09-27T18:11:37Z</time><extensions><speed>0.802816</speed><course>89.338909</course><hAcc>2.203754</hAcc><vAcc>-1.000000</vAcc></extensions></trkpt>
      <trkpt lon="-117.321614" lat="33.976986"><ele>0.000000</ele><time>2024-09-27T18:11:38Z</time><extensions><speed>0.862096</speed><course>89.357467</course><hAcc>2.162204</hAcc><vAcc>-1.000000</vAcc></extensions></trkpt>
      <trkpt lon="-117.321604" lat="33.976986"><ele>0.000000</ele><time>2024-09-27T18:11:39Z</time><extensions><speed>0.954132</speed><course>86.374499</course><hAcc>2.138629</hAcc><vAcc>-1.000000</vAcc></extensions></trkpt>
      <trkpt lon="-117.321593" lat="33.976987"><ele>0.000000</ele><time>2024-09-27T18:11:40Z</time><extensions><speed>1.053405</speed><course>86.176219</course><hAcc>2.120700</hAcc><vAcc>-1.000000</vAcc></extensions></trkpt>
      <trkpt lon="-117.321581" lat="33.976987"><ele>0.000000</ele><time>2024-09-27T18:11:41Z</time><extensions><speed>1.148302</speed><course>88.580949</course><hAcc>2.097228</hAcc><vAcc>-1.000000</vAcc></extensions></trkpt>
      <trkpt lon="-117.321569" lat="33.976987"><ele>0.000000</ele><time>2024-09-27T18:11:42Z</time><extensions><speed>1.202937</speed><course>90.902841</course><hAcc>2.058007</hAcc><vAcc>-1.000000</vAcc></extensions></trkpt>
      <trkpt lon="-117.321556" lat="33.976987"><ele>0.000000</ele><time>2024-09-27T18:11:43Z</time><extensions><speed>1.212561</speed><course>94.960162</course><hAcc>1.993937</hAcc><vAcc>-1.000000</vAcc></extensions></trkpt>
      <trkpt lon="-117.321543" lat="33.976985"><ele>0.000000</ele><time>2024-09-27T18:11:44Z</time><extensions><speed>1.185820</speed><course>103.148659</course><hAcc>1.909248</hAcc><vAcc>-1.000000</vAcc></extensions></trkpt>
      <trkpt lon="-117.321531" lat="33.976982"><ele>0.000000</ele><time>2024-09-27T18:11:45Z</time><extensions><speed>1.113392</speed><course>115.237814</course><hAcc>1.823916</hAcc><vAcc>-1.000000</vAcc></extensions></trkpt>
      <trkpt lon="-117.321521" lat="33.976976"><ele>0.000000</ele><time>2024-09-27T18:11:46Z</time><extensions><speed>1.074938</speed><course>130.579738</course><hAcc>1.774509</hAcc><vAcc>-1.000000</vAcc></extensions></trkpt>
      <trkpt lon="-117.321514" lat="33.976969"><ele>0.000000</ele><time>2024-09-27T18:11:47Z</time><extensions><speed>1.074646</speed><course>145.339249</course><hAcc>1.793527</hAcc><vAcc>-1.000000</vAcc></extensions></trkpt>
      <trkpt lon="-117.321508" lat="33.976961"><ele>0.000000</ele><time>2024-09-27T18:11:48Z</time><extensions><speed>1.120271</speed><course>157.543485</course><hAcc>1.863449</hAcc><vAcc>-1.000000</vAcc></extensions></trkpt>
      <trkpt lon="-117.321504" lat="33.976951"><ele>0.000000</ele><time>2024-09-27T18:11:49Z</time><extensions><speed>1.179960</speed><course>164.921723</course><hAcc>1.935478</hAcc><vAcc>-1.000000</vAcc></extensions></trkpt>
      <trkpt lon="-117.321501" lat="33.976940"><ele>0.000000</ele><time>2024-09-27T18:11:50Z</time><extensions><speed>1.235673</speed><course>169.141522</course><hAcc>1.984433</hAcc><vAcc>-1.000000</vAcc></extensions></trkpt>
      <trkpt lon="-117.321499" lat="33.976929"><ele>0.000000</ele><time>2024-09-27T18:11:51Z</time><extensions><speed>1.276200</speed><course>172.177223</course><hAcc>2.013123</hAcc><vAcc>-1.000000</vAcc></extensions></trkpt>
      <trkpt lon="-117.321497" lat="33.976918"><ele>0.000000</ele><time>2024-09-27T18:11:52Z</time><extensions><speed>1.289302</speed><course>173.824592</course><hAcc>2.027354</hAcc><vAcc>-1.000000</vAcc></extensions></trkpt>
      <trkpt lon="-117.321496" lat="33.976906"><ele>0.000000</ele><time>2024-09-27T18:11:53Z</time><extensions><speed>1.286158</speed><course>175.436780</course><hAcc>2.032440</hAcc><vAcc>-1.000000</vAcc></extensions></trkpt>
      <trkpt lon="-117.321495" lat="33.976895"><ele>0.000000</ele><time>2024-09-27T18:11:54Z</time><extensions><speed>1.275572</speed><course>177.247972</course><hAcc>2.036729</hAcc><vAcc>-1.000000</vAcc></extensions></trkpt>
      <trkpt lon="-117.321495" lat="33.976883"><ele>0.000000</ele><time>2024-09-27T18:11:55Z</time><extensions><speed>1.262128</speed><course>179.371200</course><hAcc>2.042117</hAcc><vAcc>-1.000000</vAcc></extensions></trkpt>
      <trkpt lon="-117.321495" lat="33.976872"><ele>0.000000</ele><time>2024-09-27T18:11:56Z</time><extensions><speed>1.260943</speed><course>181.419209</course><hAcc>2.047252</hAcc><vAcc>-1.000000</vAcc></extensions></trkpt>
      <trkpt lon="-117.321495" lat="33.976861"><ele>0.000000</ele><time>2024-09-27T18:11:57Z</time><extensions><speed>1.270541</speed><course>181.246832</course><hAcc>2.054394</hAcc><vAcc>-1.000000</vAcc></extensions></trkpt>
      <trkpt lon="-117.321495" lat="33.976849"><ele>0.000000</ele><time>2024-09-27T18:11:58Z</time><extensions><speed>1.272130</speed><course>181.706659</course><hAcc>2.060678</hAcc><vAcc>-1.000000</vAcc></extensions></trkpt>
      <trkpt lon="-117.321496" lat="33.976838"><ele>0.000000</ele><time>2024-09-27T18:11:59Z</time><extensions><speed>1.288721</speed><course>182.746698</course><hAcc>2.062643</hAcc><vAcc>-1.000000</vAcc></extensions></trkpt>
      <trkpt lon="-117.321497" lat="33.976826"><ele>0.000000</ele><time>2024-09-27T18:12:00Z</time><extensions><speed>1.307179</speed><course>183.293763</course><hAcc>2.068496</hAcc><vAcc>-1.000000</vAcc></extensions></trkpt>
      <trkpt lon="-117.321497" lat="33.976815"><ele>0.000000</ele><time>2024-09-27T18:12:01Z</time><extensions><speed>1.286819</speed><course>181.466125</course><hAcc>2.088517</hAcc><vAcc>-1.000000</vAcc></extensions></trkpt>
      <trkpt lon="-117.321497" lat="33.976803"><ele>0.000000</ele><time>2024-09-27T18:12:02Z</time><extensions><speed>1.260035</speed><course>178.689303</course><hAcc>2.123576</hAcc><vAcc>-1.000000</vAcc></extensions></trkpt>
      <trkpt lon="-117.321497" lat="33.976792"><ele>0.000000</ele><time>2024-09-27T18:12:03Z</time><extensions><speed>1.194850</speed><course>179.205798</course><hAcc>2.168595</hAcc><vAcc>-1.000000</vAcc></extensions></trkpt>
      <trkpt lon="-117.321497" lat="33.976782"><ele>0.000000</ele><time>2024-09-27T18:12:04Z</time><extensions><speed>1.048607</speed><course>180.476310</course><hAcc>2.213087</hAcc><vAcc>-1.000000</vAcc></extensions></trkpt>
      <trkpt lon="-117.321497" lat="33.976773"><ele>0.000000</ele><time>2024-09-27T18:12:05Z</time><extensions><speed>0.865287</speed><course>181.019929</course><hAcc>2.243142</hAcc><vAcc>-1.000000</vAcc></extensions></trkpt>
      <trkpt lon="-117.321497" lat="33.976766"><ele>0.000000</ele><time>2024-09-27T18:12:06Z</time><extensions><speed>0.802195</speed><course>179.291826</course><hAcc>2.249725</hAcc><vAcc>-1.000000</vAcc></extensions></trkpt>
      <trkpt lon="-117.321497" lat="33.976758"><ele>0.000000</ele><time>2024-09-27T18:12:07Z</time><extensions><speed>0.885094</speed><course>179.332472</course><hAcc>2.235919</hAcc><vAcc>-1.000000</vAcc></extensions></trkpt>
      <trkpt lon="-117.321497" lat="33.976750"><ele>0.000000</ele><time>2024-09-27T18:12:08Z</time><extensions><speed>1.082980</speed><course>178.334454</course><hAcc>2.216180</hAcc><vAcc>-1.000000</vAcc></extensions></trkpt>
      <trkpt lon="-117.321496" lat="33.976739"><ele>0.000000</ele><time>2024-09-27T18:12:09Z</time><extensions><speed>1.202867</speed><course>175.888561</course><hAcc>2.201879</hAcc><vAcc>-1.000000</vAcc></extensions></trkpt>
      <trkpt lon="-117.321495" lat="33.976728"><ele>0.000000</ele><time>2024-09-27T18:12:10Z</time><extensions><speed>1.232019</speed><course>174.941229</course><hAcc>2.192740</hAcc><vAcc>-1.000000</vAcc></extensions></trkpt>
      <trkpt lon="-117.321494" lat="33.976717"><ele>0.000000</ele><time>2024-09-27T18:12:11Z</time><extensions><speed>1.247473</speed><course>174.358976</course><hAcc>2.184531</hAcc><vAcc>-1.000000</vAcc></extensions></trkpt>
      <trkpt lon="-117.321493" lat="33.976706"><ele>0.000000</ele><time>2024-09-27T18:12:12Z</time><extensions><speed>1.258819</speed><course>173.996188</course><hAcc>2.176682</hAcc><vAcc>-1.000000</vAcc></extensions></trkpt>
      <trkpt lon="-117.321491" lat="33.976695"><ele>0.000000</ele><time>2024-09-27T18:12:13Z</time><extensions><speed>1.260665</speed><course>172.789167</course><hAcc>2.167735</hAcc><vAcc>-1.000000</vAcc></extensions></trkpt>
      <trkpt lon="-117.321489" lat="33.976684"><ele>0.000000</ele><time>2024-09-27T18:12:14Z</time><extensions><speed>1.272253</speed><course>172.100783</course><hAcc>2.155947</hAcc><vAcc>-1.000000</vAcc></extensions></trkpt>
      <trkpt lon="-117.321487" lat="33.976672"><ele>0.000000</ele><time>2024-09-27T18:12:15Z</time><extensions><speed>1.296724</speed><course>171.640631</course><hAcc>2.146099</hAcc><vAcc>-1.000000</vAcc></extensions></trkpt>
      <trkpt lon="-117.321485" lat="33.976661"><ele>0.000000</ele><time>2024-09-27T18:12:16Z</time><extensions><speed>1.303359</speed><course>173.393610</course><hAcc>2.142108</hAcc><vAcc>-1.000000</vAcc></extensions></trkpt>
      <trkpt lon="-117.321484" lat="33.976649"><ele>0.000000</ele><time>2024-09-27T18:12:17Z</time><extensions><speed>1.320579</speed><course>175.129576</course><hAcc>2.141512</hAcc><vAcc>-1.000000</vAcc></extensions></trkpt>
      <trkpt lon="-117.321483" lat="33.976637"><ele>0.000000</ele><time>2024-09-27T18:12:18Z</time><extensions><speed>1.336349</speed><course>176.935047</course><hAcc>2.142061</hAcc><vAcc>-1.000000</vAcc></extensions></trkpt>
      <trkpt lon="-117.321482" lat="33.976625"><ele>0.000000</ele><time>2024-09-27T18:12:19Z</time><extensions><speed>1.326532</speed><course>178.036912</course><hAcc>2.141016</hAcc><vAcc>-1.000000</vAcc></extensions></trkpt>
      <trkpt lon="-117.321482" lat="33.976613"><ele>0.000000</ele><time>2024-09-27T18:12:20Z</time><extensions><speed>1.324554</speed><course>179.441890</course><hAcc>2.136692</hAcc><vAcc>-1.000000</vAcc></extensions></trkpt>
      <trkpt lon="-117.321482" lat="33.976601"><ele>0.000000</ele><time>2024-09-27T18:12:21Z</time><extensions><speed>1.336789</speed><course>180.916727</course><hAcc>2.131124</hAcc><vAcc>-1.000000</vAcc></extensions></trkpt>
      <trkpt lon="-117.321482" lat="33.976589"><ele>0.000000</ele><time>2024-09-27T18:12:22Z</time><extensions><speed>1.318653</speed><course>182.031743</course><hAcc>2.123296</hAcc><vAcc>-1.000000</vAcc></extensions></trkpt>
      <trkpt lon="-117.321483" lat="33.976578"><ele>0.000000</ele><time>2024-09-27T18:12:23Z</time><extensions><speed>1.296582</speed><course>183.390885</course><hAcc>2.112519</hAcc><vAcc>-1.000000</vAcc></extensions></trkpt>
      <trkpt lon="-117.321484" lat="33.976566"><ele>0.000000</ele><time>2024-09-27T18:12:24Z</time><extensions><speed>1.267388</speed><course>184.734997</course><hAcc>2.108797</hAcc><vAcc>-1.000000</vAcc></extensions></trkpt>
      <trkpt lon="-117.321485" lat="33.976555"><ele>0.000000</ele><time>2024-09-27T18:12:25Z</time><extensions><speed>1.217420</speed><course>182.940917</course><hAcc>2.122660</hAcc><vAcc>-1.000000</vAcc></extensions></trkpt>
      <trkpt lon="-117.321485" lat="33.976544"><ele>0.000000</ele><time>2024-09-27T18:12:26Z</time><extensions><speed>1.198254</speed><course>180.595574</course><hAcc>2.153676</hAcc><vAcc>-1.000000</vAcc></extensions></trkpt>
      <trkpt lon="-117.321485" lat="33.976533"><ele>0.000000</ele><time>2024-09-27T18:12:27Z</time><extensions><speed>1.197651</speed><course>179.194308</course><hAcc>2.197114</hAcc><vAcc>-1.000000</vAcc></extensions></trkpt>
      <trkpt lon="-117.321485" lat="33.976523"><ele>0.000000</ele><time>2024-09-27T18:12:28Z</time><extensions><speed>1.198641</speed><course>180.363424</course><hAcc>2.242862</hAcc><vAcc>-1.000000</vAcc></extensions></trkpt>
      <trkpt lon="-117.321485" lat="33.976512"><ele>0.000000</ele><time>2024-09-27T18:12:29Z</time><extensions><speed>1.233495</speed><course>180.562727</course><hAcc>2.274444</hAcc><vAcc>-1.000000</vAcc></extensions></trkpt>
      <trkpt lon="-117.321486" lat="33.976500"><ele>0.000000</ele><time>2024-09-27T18:12:30Z</time><extensions><speed>1.269753</speed><course>179.771791</course><hAcc>2.279181</hAcc><vAcc>-1.000000</vAcc></extensions></trkpt>
      <trkpt lon="-117.321485" lat="33.976489"><ele>0.000000</ele><time>2024-09-27T18:12:31Z</time><extensions><speed>1.279687</speed><course>179.137805</course><hAcc>2.253376</hAcc><vAcc>-1.000000</vAcc></extensions></trkpt>
      <trkpt lon="-117.321485" lat="33.976477"><ele>0.000000</ele><time>2024-09-27T18:12:32Z</time><extensions><speed>1.291592</speed><course>178.374169</course><hAcc>2.204389</hAcc><vAcc>-1.000000</vAcc></extensions></trkpt>
      <trkpt lon="-117.321485" lat="33.976468"><ele>0.000000</ele><time>2024-09-27T18:12:33Z</time><extensions><speed>1.291590</speed><course>178.013693</course><hAcc>2.190041</hAcc><vAcc>-1.000000</vAcc></extensions></trkpt>
      <trkpt lon="-117.321484" lat="33.976454"><ele>0.000000</ele><time>2024-09-27T18:12:34Z</time><extensions><speed>1.267379</speed><course>177.620789</course><hAcc>2.179729</hAcc><vAcc>-1.000000</vAcc></extensions></trkpt>
      <trkpt lon="-117.321484" lat="33.976443"><ele>0.000000</ele><time>2024-09-27T18:12:35Z</time><extensions><speed>1.224671</speed><course>177.576302</course><hAcc>2.144548</hAcc><vAcc>-1.000000</vAcc></extensions></trkpt>
      <trkpt lon="-117.321483" lat="33.976434"><ele>0.000000</ele><time>2024-09-27T18:12:36Z</time><extensions><speed>1.193024</speed><course>177.544676</course><hAcc>2.146662</hAcc><vAcc>-1.000000</vAcc></extensions></trkpt>
      <trkpt lon="-117.321483" lat="33.976422"><ele>0.000000</ele><time>2024-09-27T18:12:37Z</time><extensions><speed>1.104011</speed><course>177.070440</course><hAcc>2.150522</hAcc><vAcc>-1.000000</vAcc></extensions></trkpt>
      <trkpt lon="-117.321482" lat="33.976413"><ele>0.000000</ele><time>2024-09-27T18:12:38Z</time><extensions><speed>1.002915</speed><course>176.178391</course><hAcc>2.120744</hAcc><vAcc>-1.000000</vAcc></extensions></trkpt>
      <trkpt lon="-117.321481" lat="33.976406"><ele>0.000000</ele><time>2024-09-27T18:12:39Z</time><extensions><speed>0.916227</speed><course>175.047659</course><hAcc>2.127616</hAcc><vAcc>-1.000000</vAcc></extensions></trkpt>
      <trkpt lon="-117.321480" lat="33.976397"><ele>0.000000</ele><time>2024-09-27T18:12:40Z</time><extensions><speed>0.739758</speed><course>171.776469</course><hAcc>2.151986</hAcc><vAcc>-1.000000</vAcc></extensions></trkpt>
      <trkpt lon="-117.321479" lat="33.976391"><ele>0.000000</ele><time>2024-09-27T18:12:41Z</time><extensions><speed>0.664641</speed><course>169.006736</course><hAcc>2.151649</hAcc><vAcc>-1.000000</vAcc></extensions></trkpt>
      <trkpt lon="-117.321478" lat="33.976386"><ele>0.000000</ele><time>2024-09-27T18:12:42Z</time><extensions><speed>0.697155</speed><course>167.989974</course><hAcc>2.178114</hAcc><vAcc>-1.000000</vAcc></extensions></trkpt>
      <trkpt lon="-117.321476" lat="33.976378"><ele>0.000000</ele><time>2024-09-27T18:12:43Z</time><extensions><speed>0.883467</speed><course>168.414950</course><hAcc>2.210977</hAcc><vAcc>-1.000000</vAcc></extensions></trkpt>
      <trkpt lon="-117.321474" lat="33.976369"><ele>0.000000</ele><time>2024-09-27T18:12:44Z</time><extensions><speed>0.975244</speed><course>168.556481</course><hAcc>2.206049</hAcc><vAcc>-1.000000</vAcc></extensions></trkpt>
      <trkpt lon="-117.321472" lat="33.976362"><ele>0.000000</ele><time>2024-09-27T18:12:45Z</time><extensions><speed>1.005586</speed><course>168.409266</course><hAcc>2.223199</hAcc><vAcc>-1.000000</vAcc></extensions></trkpt>
      <trkpt lon="-117.321469" lat="33.976352"><ele>0.000000</ele><time>2024-09-27T18:12:46Z</time><extensions><speed>1.007276</speed><course>167.957207</course><hAcc>2.243413</hAcc><vAcc>-1.000000</vAcc></extensions></trkpt>
      <trkpt lon="-117.321467" lat="33.976343"><ele>0.000000</ele><time>2024-09-27T18:12:47Z</time><extensions><speed>1.006225</speed><course>167.741623</course><hAcc>2.231601</hAcc><vAcc>-1.000000</vAcc></extensions></trkpt>
      <trkpt lon="-117.321465" lat="33.976335"><ele>0.000000</ele><time>2024-09-27T18:12:48Z</time><extensions><speed>1.008764</speed><course>167.505085</course><hAcc>2.242759</hAcc><vAcc>-1.000000</vAcc></extensions></trkpt>
      <trkpt lon="-117.321462" lat="33.976325"><ele>0.000000</ele><time>2024-09-27T18:12:49Z</time><extensions><speed>1.021734</speed><course>167.117458</course><hAcc>2.257428</hAcc><vAcc>-1.000000</vAcc></extensions></trkpt>
      <trkpt lon="-117.321460" lat="33.976316"><ele>0.000000</ele><time>2024-09-27T18:12:50Z</time><extensions><speed>1.044357</speed><course>166.914291</course><hAcc>2.244530</hAcc><vAcc>-1.000000</vAcc></extensions></trkpt>
      <trkpt lon="-117.321458" lat="33.976308"><ele>0.000000</ele><time>2024-09-27T18:12:51Z</time><extensions><speed>1.074471</speed><course>166.789469</course><hAcc>2.254576</hAcc><vAcc>-1.000000</vAcc></extensions></trkpt>
      <trkpt lon="-117.321455" lat="33.976297"><ele>0.000000</ele><time>2024-09-27T18:12:52Z</time><extensions><speed>1.138981</speed><course>167.187545</course><hAcc>2.274035</hAcc><vAcc>-1.000000</vAcc></extensions></trkpt>
      <trkpt lon="-117.321452" lat="33.976287"><ele>0.000000</ele><time>2024-09-27T18:12:53Z</time><extensions><speed>1.170775</speed><course>167.962503</course><hAcc>2.280057</hAcc><vAcc>-1.000000</vAcc></extensions></trkpt>
      <trkpt lon="-117.321450" lat="33.976278"><ele>0.000000</ele><time>2024-09-27T18:12:54Z</time><extensions><speed>1.183028</speed><course>168.778180</course><hAcc>2.318428</hAcc><vAcc>-1.000000</vAcc></extensions></trkpt>
      <trkpt lon="-117.321447" lat="33.976266"><ele>0.000000</ele><time>2024-09-27T18:12:55Z</time><extensions><speed>1.183412</speed><course>170.077152</course><hAcc>2.384830</hAcc><vAcc>-1.000000</vAcc></extensions></trkpt>
      <trkpt lon="-117.321445" lat="33.976256"><ele>0.000000</ele><time>2024-09-27T18:12:56Z</time><extensions><speed>1.166725</speed><course>170.922664</course><hAcc>2.430399</hAcc><vAcc>-1.000000</vAcc></extensions></trkpt>
      <trkpt lon="-117.321443" lat="33.976247"><ele>0.000000</ele><time>2024-09-27T18:12:57Z</time><extensions><speed>1.152260</speed><course>171.388328</course><hAcc>2.482674</hAcc><vAcc>-1.000000</vAcc></extensions></trkpt>
      <trkpt lon="-117.321441" lat="33.976236"><ele>0.000000</ele><time>2024-09-27T18:12:58Z</time><extensions><speed>1.122870</speed><course>171.859833</course><hAcc>2.533248</hAcc><vAcc>-1.000000</vAcc></extensions></trkpt>
      <trkpt lon="-117.321440" lat="33.976226"><ele>0.000000</ele><time>2024-09-27T18:12:59Z</time><extensions><speed>1.099020</speed><course>172.250263</course><hAcc>2.549449</hAcc><vAcc>-1.000000</vAcc></extensions></trkpt>
      <trkpt lon="-117.321438" lat="33.976217"><ele>0.000000</ele><time>2024-09-27T18:13:00Z</time><extensions><speed>1.093315</speed><course>172.628268</course><hAcc>2.571794</hAcc><vAcc>-1.000000</vAcc></extensions></trkpt>
      <trkpt lon="-117.321437" lat="33.976206"><ele>0.000000</ele><time>2024-09-27T18:13:01Z</time><extensions><speed>1.074503</speed><course>172.956641</course><hAcc>2.591354</hAcc><vAcc>-1.000000</vAcc></extensions></trkpt>
      <trkpt lon="-117.321435" lat="33.976197"><ele>0.000000</ele><time>2024-09-27T18:13:02Z</time><extensions><speed>1.061946</speed><course>173.085720</course><hAcc>2.587932</hAcc><vAcc>-1.000000</vAcc></extensions></trkpt>
      <trkpt lon="-117.321434" lat="33.976188"><ele>0.000000</ele><time>2024-09-27T18:13:03Z</time><extensions><speed>1.068980</speed><course>173.066879</course><hAcc>2.594687</hAcc><vAcc>-1.000000</vAcc></extensions></trkpt>
      <trkpt lon="-117.321432" lat="33.976177"><ele>0.000000</ele><time>2024-09-27T18:13:04Z</time><extensions><speed>1.092134</speed><course>172.788305</course><hAcc>2.598572</hAcc><vAcc>-1.000000</vAcc></extensions></trkpt>
      <trkpt lon="-117.321431" lat="33.976168"><ele>0.000000</ele><time>2024-09-27T18:13:05Z</time><extensions><speed>1.098216</speed><course>172.094799</course><hAcc>2.582698</hAcc><vAcc>-1.000000</vAcc></extensions></trkpt>
      <trkpt lon="-117.321429" lat="33.976159"><ele>0.000000</ele><time>2024-09-27T18:13:06Z</time><extensions><speed>1.087649</speed><course>171.015132</course><hAcc>2.573708</hAcc><vAcc>-1.000000</vAcc></extensions></trkpt>
      <trkpt lon="-117.321427" lat="33.976149"><ele>0.000000</ele><time>2024-09-27T18:13:07Z</time><extensions><speed>1.055501</speed><course>169.192934</course><hAcc>2.556573</hAcc><vAcc>-1.000000</vAcc></extensions></trkpt>
      <trkpt lon="-117.321425" lat="33.976139"><ele>0.000000</ele><time>2024-09-27T18:13:08Z</time><extensions><speed>1.021893</speed><course>167.527386</course><hAcc>2.520595</hAcc><vAcc>-1.000000</vAcc></extensions></trkpt>
      <trkpt lon="-117.321423" lat="33.976131"><ele>0.000000</ele><time>2024-09-27T18:13:09Z</time><extensions><speed>0.986380</speed><course>166.183875</course><hAcc>2.491107</hAcc><vAcc>-1.000000</vAcc></extensions></trkpt>
      <trkpt lon="-117.321420" lat="33.976122"><ele>0.000000</ele><time>2024-09-27T18:13:10Z</time><extensions><speed>0.933561</speed><course>165.254314</course><hAcc>2.460053</hAcc><vAcc>-1.000000</vAcc></extensions></trkpt>
      <trkpt lon="-117.321417" lat="33.976114"><ele>0.000000</ele><time>2024-09-27T18:13:11Z</time><extensions><speed>0.906685</speed><course>165.981409</course><hAcc>2.431422</hAcc><vAcc>-1.000000</vAcc></extensions></trkpt>
      <trkpt lon="-117.321415" lat="33.976107"><ele>0.000000</ele><time>2024-09-27T18:13:12Z</time><extensions><speed>0.912600</speed><course>168.092446</course><hAcc>2.431144</hAcc><vAcc>-1.000000</vAcc></extensions></trkpt>
      <trkpt lon="-117.321413" lat="33.976098"><ele>0.000000</ele><time>2024-09-27T18:13:13Z</time><extensions><speed>0.951733</speed><course>171.075124</course><hAcc>2.453446</hAcc><vAcc>-1.000000</vAcc></extensions></trkpt>
      <trkpt lon="-117.321412" lat="33.976089"><ele>0.000000</ele><time>2024-09-27T18:13:14Z</time><extensions><speed>0.990624</speed><course>173.475990</course><hAcc>2.475739</hAcc><vAcc>-1.000000</vAcc></extensions></trkpt>
      <trkpt lon="-117.321411" lat="33.976081"><ele>0.000000</ele><time>2024-09-27T18:13:15Z</time><extensions><speed>1.040228</speed><course>175.201788</course><hAcc>2.498611</hAcc><vAcc>-1.000000</vAcc></extensions></trkpt>
      <trkpt lon="-117.321410" lat="33.976071"><ele>0.000000</ele><time>2024-09-27T18:13:16Z</time><extensions><speed>1.106076</speed><course>176.458562</course><hAcc>2.511105</hAcc><vAcc>-1.000000</vAcc></extensions></trkpt>
      <trkpt lon="-117.321409" lat="33.976061"><ele>0.000000</ele><time>2024-09-27T18:13:17Z</time><extensions><speed>1.128406</speed><course>177.003497</course><hAcc>2.500770</hAcc><vAcc>-1.000000</vAcc></extensions></trkpt>
      <trkpt lon="-117.321409" lat="33.976051"><ele>0.000000</ele><time>2024-09-27T18:13:18Z</time><extensions><speed>1.124177</speed><course>177.482134</course><hAcc>2.478069</hAcc><vAcc>-1.000000</vAcc></extensions></trkpt>
      <trkpt lon="-117.321409" lat="33.976041"><ele>0.000000</ele><time>2024-09-27T18:13:19Z</time><extensions><speed>1.095588</speed><course>177.502664</course><hAcc>2.442572</hAcc><vAcc>-1.000000</vAcc></extensions></trkpt>
      <trkpt lon="-117.321408" lat="33.976031"><ele>0.000000</ele><time>2024-09-27T18:13:20Z</time><extensions><speed>1.023308</speed><course>177.314436</course><hAcc>2.400756</hAcc><vAcc>-1.000000</vAcc></extensions></trkpt>
      <trkpt lon="-117.321408" lat="33.976023"><ele>0.000000</ele><time>2024-09-27T18:13:21Z</time><extensions><speed>0.921313</speed><course>177.148756</course><hAcc>2.372208</hAcc><vAcc>-1.000000</vAcc></extensions></trkpt>
      <trkpt lon="-117.321407" lat="33.976015"><ele>0.000000</ele><time>2024-09-27T18:13:22Z</time><extensions><speed>0.802642</speed><course>177.940274</course><hAcc>2.366348</hAcc><vAcc>-1.000000</vAcc></extensions></trkpt>
      <trkpt lon="-117.321407" lat="33.976008"><ele>0.000000</ele><time>2024-09-27T18:13:23Z</time><extensions><speed>0.796850</speed><course>175.327413</course><hAcc>2.378898</hAcc><vAcc>-1.000000</vAcc></extensions></trkpt>
      <trkpt lon="-117.321406" lat="33.976000"><ele>0.000000</ele><time>2024-09-27T18:13:23Z</time><extensions><speed>0.896873</speed><course>170.775708</course><hAcc>2.404937</hAcc><vAcc>-1.000000</vAcc></extensions></trkpt>
      <trkpt lon="-117.321403" lat="33.975992"><ele>0.000000</ele><time>2024-09-27T18:13:24Z</time><extensions><speed>0.973524</speed><course>164.875098</course><hAcc>2.440679</hAcc><vAcc>-1.000000</vAcc></extensions></trkpt>
      <trkpt lon="-117.321400" lat="33.975983"><ele>0.000000</ele><time>2024-09-27T18:13:25Z</time><extensions><speed>1.015710</speed><course>157.902695</course><hAcc>2.480178</hAcc><vAcc>-1.000000</vAcc></extensions></trkpt>
      <trkpt lon="-117.321395" lat="33.975975"><ele>0.000000</ele><time>2024-09-27T18:13:26Z</time><extensions><speed>1.061515</speed><course>151.485729</course><hAcc>2.516543</hAcc><vAcc>-1.000000</vAcc></extensions></trkpt>
      <trkpt lon="-117.321389" lat="33.975967"><ele>0.000000</ele><time>2024-09-27T18:13:27Z</time><extensions><speed>1.109633</speed><course>147.719964</course><hAcc>2.545642</hAcc><vAcc>-1.000000</vAcc></extensions></trkpt>
      <trkpt lon="-117.321383" lat="33.975958"><ele>0.000000</ele><time>2024-09-27T18:13:28Z</time><extensions><speed>1.120056</speed><course>148.926328</course><hAcc>2.565576</hAcc><vAcc>-1.000000</vAcc></extensions></trkpt>
      <trkpt lon="-117.321377" lat="33.975949"><ele>0.000000</ele><time>2024-09-27T18:13:29Z</time><extensions><speed>1.102374</speed><course>152.653089</course><hAcc>2.575829</hAcc><vAcc>-1.000000</vAcc></extensions></trkpt>
      <trkpt lon="-117.321372" lat="33.975941"><ele>0.000000</ele><time>2024-09-27T18:13:30Z</time><extensions><speed>1.070982</speed><course>158.710664</course><hAcc>2.576387</hAcc><vAcc>-1.000000</vAcc></extensions></trkpt>
      <trkpt lon="-117.321368" lat="33.975932"><ele>0.000000</ele><time>2024-09-27T18:13:31Z</time><extensions><speed>1.043774</speed><course>165.372392</course><hAcc>2.565931</hAcc><vAcc>-1.000000</vAcc></extensions></trkpt>
      <trkpt lon="-117.321366" lat="33.975922"><ele>0.000000</ele><time>2024-09-27T18:13:32Z</time><extensions><speed>1.038272</speed><course>172.610351</course><hAcc>2.542993</hAcc><vAcc>-1.000000</vAcc></extensions></trkpt>
      <trkpt lon="-117.321366" lat="33.975913"><ele>0.000000</ele><time>2024-09-27T18:13:33Z</time><extensions><speed>1.069302</speed><course>180.468630</course><hAcc>2.507601</hAcc><vAcc>-1.000000</vAcc></extensions></trkpt>
      <trkpt lon="-117.321366" lat="33.975903"><ele>0.000000</ele><time>2024-09-27T18:13:34Z</time><extensions><speed>1.124886</speed><course>186.634142</course><hAcc>2.460957</hAcc><vAcc>-1.000000</vAcc></extensions></trkpt>
      <trkpt lon="-117.321368" lat="33.975893"><ele>0.000000</ele><time>2024-09-27T18:13:35Z</time><extensions><speed>1.167403</speed><course>191.167668</course><hAcc>2.407041</hAcc><vAcc>-1.000000</vAcc></extensions></trkpt>
      <trkpt lon="-117.321371" lat="33.975883"><ele>0.000000</ele><time>2024-09-27T18:13:36Z</time><extensions><speed>1.196555</speed><course>193.784481</course><hAcc>2.353392</hAcc><vAcc>-1.000000</vAcc></extensions></trkpt>
      <trkpt lon="-117.321374" lat="33.975872"><ele>0.000000</ele><time>2024-09-27T18:13:37Z</time><extensions><speed>1.214469</speed><course>195.278158</course><hAcc>2.305747</hAcc><vAcc>-1.000000</vAcc></extensions></trkpt>
      <trkpt lon="-117.321378" lat="33.975861"><ele>0.000000</ele><time>2024-09-27T18:13:38Z</time><extensions><speed>1.242025</speed><course>195.156699</course><hAcc>2.266495</hAcc><vAcc>-1.000000</vAcc></extensions></trkpt>
      <trkpt lon="-117.321381" lat="33.975850"><ele>0.000000</ele><time>2024-09-27T18:13:39Z</time><extensions><speed>1.285156</speed><course>192.581978</course><hAcc>2.236807</hAcc><vAcc>-1.000000</vAcc></extensions></trkpt>
      <trkpt lon="-117.321384" lat="33.975839"><ele>0.000000</ele><time>2024-09-27T18:13:40Z</time><extensions><speed>1.299121</speed><course>189.859882</course><hAcc>2.213916</hAcc><vAcc>-1.000000</vAcc></extensions></trkpt>
      <trkpt lon="-117.321386" lat="33.975828"><ele>0.000000</ele><time>2024-09-27T18:13:41Z</time><extensions><speed>1.288666</speed><course>187.456111</course><hAcc>2.192975</hAcc><vAcc>-1.000000</vAcc></extensions></trkpt>
      <trkpt lon="-117.321388" lat="33.975816"><ele>0.000000</ele><time>2024-09-27T18:13:42Z</time><extensions><speed>1.255757</speed><course>185.190234</course><hAcc>2.172958</hAcc><vAcc>-1.000000</vAcc></extensions></trkpt>
      <trkpt lon="-117.321389" lat="33.975805"><ele>0.000000</ele><time>2024-09-27T18:13:43Z</time><extensions><speed>1.179494</speed><course>181.148428</course><hAcc>2.152067</hAcc><vAcc>-1.000000</vAcc></extensions></trkpt>
      <trkpt lon="-117.321388" lat="33.975795"><ele>0.000000</ele><time>2024-09-27T18:13:44Z</time><extensions><speed>1.068054</speed><course>175.684606</course><hAcc>2.127570</hAcc><vAcc>-1.000000</vAcc></extensions></trkpt>
      <trkpt lon="-117.321387" lat="33.975786"><ele>0.000000</ele><time>2024-09-27T18:13:45Z</time><extensions><speed>0.922301</speed><course>168.988224</course><hAcc>2.104016</hAcc><vAcc>-1.000000</vAcc></extensions></trkpt>
      <trkpt lon="-117.321385" lat="33.975779"><ele>0.000000</ele><time>2024-09-27T18:13:46Z</time><extensions><speed>0.707281</speed><course>163.499436</course><hAcc>2.086432</hAcc><vAcc>-1.000000</vAcc></extensions></trkpt>
      <trkpt lon="-117.321382" lat="33.975774"><ele>0.000000</ele><time>2024-09-27T18:13:47Z</time><extensions><speed>0.682894</speed><course>154.686808</course><hAcc>2.071984</hAcc><vAcc>-1.000000</vAcc></extensions></trkpt>
      <trkpt lon="-117.321378" lat="33.975768"><ele>0.000000</ele><time>2024-09-27T18:13:48Z</time><extensions><speed>0.784137</speed><course>148.474790</course><hAcc>2.061160</hAcc><vAcc>-1.000000</vAcc></extensions></trkpt>
      <trkpt lon="-117.321373" lat="33.975761"><ele>0.000000</ele><time>2024-09-27T18:13:49Z</time><extensions><speed>0.982588</speed><course>143.625998</course><hAcc>2.059386</hAcc><vAcc>-1.000000</vAcc></extensions></trkpt>
      <trkpt lon="-117.321366" lat="33.975753"><ele>0.000000</ele><time>2024-09-27T18:13:50Z</time><extensions><speed>1.222252</speed><course>142.131410</course><hAcc>2.066266</hAcc><vAcc>-1.000000</vAcc></extensions></trkpt>
      <trkpt lon="-117.321358" lat="33.975744"><ele>0.000000</ele><time>2024-09-27T18:13:51Z</time><extensions><speed>1.293068</speed><course>144.559946</course><hAcc>2.076346</hAcc><vAcc>-1.000000</vAcc></extensions></trkpt>
      <trkpt lon="-117.321350" lat="33.975735"><ele>0.000000</ele><time>2024-09-27T18:13:52Z</time><extensions><speed>1.255714</speed><course>150.850279</course><hAcc>2.088093</hAcc><vAcc>-1.000000</vAcc></extensions></trkpt>
      <trkpt lon="-117.321345" lat="33.975725"><ele>0.000000</ele><time>2024-09-27T18:13:53Z</time><extensions><speed>1.217271</speed><course>159.910105</course><hAcc>2.103518</hAcc><vAcc>-1.000000</vAcc></extensions></trkpt>
      <trkpt lon="-117.321341" lat="33.975714"><ele>0.000000</ele><time>2024-09-27T18:13:54Z</time><extensions><speed>1.199935</speed><course>169.315440</course><hAcc>2.120453</hAcc><vAcc>-1.000000</vAcc></extensions></trkpt>
      <trkpt lon="-117.321340" lat="33.975704"><ele>0.000000</ele><time>2024-09-27T18:13:55Z</time><extensions><speed>1.179763</speed><course>176.058623</course><hAcc>2.128341</hAcc><vAcc>-1.000000</vAcc></extensions></trkpt>
      <trkpt lon="-117.321339" lat="33.975693"><ele>0.000000</ele><time>2024-09-27T18:13:56Z</time><extensions><speed>1.158435</speed><course>179.916853</course><hAcc>2.119868</hAcc><vAcc>-1.000000</vAcc></extensions></trkpt>
      <trkpt lon="-117.321339" lat="33.975683"><ele>0.000000</ele><time>2024-09-27T18:13:57Z</time><extensions><speed>1.131740</speed><course>180.196951</course><hAcc>2.100171</hAcc><vAcc>-1.000000</vAcc></extensions></trkpt>
      <trkpt lon="-117.321339" lat="33.975673"><ele>0.000000</ele><time>2024-09-27T18:13:58Z</time><extensions><speed>1.044767</speed><course>178.704994</course><hAcc>2.081262</hAcc><vAcc>-1.000000</vAcc></extensions></trkpt>
      <trkpt lon="-117.321339" lat="33.975663"><ele>0.000000</ele><time>2024-09-27T18:13:59Z</time><extensions><speed>1.080880</speed><course>173.754865</course><hAcc>2.075551</hAcc><vAcc>-1.000000</vAcc></extensions></trkpt>
      <trkpt lon="-117.321337" lat="33.975653"><ele>0.000000</ele><time>2024-09-27T18:14:00Z</time><extensions><speed>1.227785</speed><course>168.136101</course><hAcc>2.085435</hAcc><vAcc>-1.000000</vAcc></extensions></trkpt>
      <trkpt lon="-117.321333" lat="33.975642"><ele>0.000000</ele><time>2024-09-27T18:14:01Z</time><extensions><speed>1.307096</speed><course>159.861789</course><hAcc>2.098412</hAcc><vAcc>-1.000000</vAcc></extensions></trkpt>
      <trkpt lon="-117.321327" lat="33.975631"><ele>0.000000</ele><time>2024-09-27T18:14:02Z</time><extensions><speed>1.372297</speed><course>151.884477</course><hAcc>2.104242</hAcc><vAcc>-1.000000</vAcc></extensions></trkpt>
      <trkpt lon="-117.321319" lat="33.975621"><ele>0.000000</ele><time>2024-09-27T18:14:03Z</time><extensions><speed>1.415515</speed><course>144.968955</course><hAcc>2.103934</hAcc><vAcc>-1.000000</vAcc></extensions></trkpt>
      <trkpt lon="-117.321310" lat="33.975610"><ele>0.000000</ele><time>2024-09-27T18:14:04Z</time><extensions><speed>1.427800</speed><course>139.742009</course><hAcc>2.098571</hAcc><vAcc>-1.000000</vAcc></extensions></trkpt>
      <trkpt lon="-117.321299" lat="33.975601"><ele>0.000000</ele><time>2024-09-27T18:14:05Z</time><extensions><speed>1.416995</speed><course>134.998881</course><hAcc>2.089258</hAcc><vAcc>-1.000000</vAcc></extensions></trkpt>
      <trkpt lon="-117.321288" lat="33.975593"><ele>0.000000</ele><time>2024-09-27T18:14:06Z</time><extensions><speed>1.377342</speed><course>129.186623</course><hAcc>2.080854</hAcc><vAcc>-1.000000</vAcc></extensions></trkpt>
      <trkpt lon="-117.321277" lat="33.975586"><ele>0.000000</ele><time>2024-09-27T18:14:07Z</time><extensions><speed>1.285883</speed><course>122.789837</course><hAcc>2.074217</hAcc><vAcc>-1.000000</vAcc></extensions></trkpt>
      <trkpt lon="-117.321265" lat="33.975580"><ele>0.000000</ele><time>2024-09-27T18:14:08Z</time><extensions><speed>1.205805</speed><course>116.802554</course><hAcc>2.065851</hAcc><vAcc>-1.000000</vAcc></extensions></trkpt>
      <trkpt lon="-117.321254" lat="33.975576"><ele>0.000000</ele><time>2024-09-27T18:14:09Z</time><extensions><speed>1.086519</speed><course>110.487390</course><hAcc>2.056923</hAcc><vAcc>-1.000000</vAcc></extensions></trkpt>
      <trkpt lon="-117.321244" lat="33.975573"><ele>0.000000</ele><time>2024-09-27T18:14:10Z</time><extensions><speed>0.878998</speed><course>104.237748</course><hAcc>2.047511</hAcc><vAcc>-1.000000</vAcc></extensions></trkpt>
      <trkpt lon="-117.321235" lat="33.975571"><ele>0.000000</ele><time>2024-09-27T18:14:11Z</time><extensions><speed>0.861820</speed><course>100.934459</course><hAcc>2.034777</hAcc><vAcc>-1.000000</vAcc></extensions></trkpt>
      <trkpt lon="-117.321225" lat="33.975570"><ele>0.000000</ele><time>2024-09-27T18:14:12Z</time><extensions><speed>0.978301</speed><course>96.973795</course><hAcc>2.031222</hAcc><vAcc>-1.000000</vAcc></extensions></trkpt>
      <trkpt lon="-117.321213" lat="33.975569"><ele>0.000000</ele><time>2024-09-27T18:14:13Z</time><extensions><speed>1.208767</speed><course>95.660602</course><hAcc>2.051679</hAcc><vAcc>-1.000000</vAcc></extensions></trkpt>
      <trkpt lon="-117.321199" lat="33.975568"><ele>0.000000</ele><time>2024-09-27T18:14:14Z</time><extensions><speed>1.371960</speed><course>93.002726</course><hAcc>2.087003</hAcc><vAcc>-1.000000</vAcc></extensions></trkpt>
      <trkpt lon="-117.321184" lat="33.975568"><ele>0.000000</ele><time>2024-09-27T18:14:15Z</time><extensions><speed>1.470843</speed><course>90.762642</course><hAcc>2.124846</hAcc><vAcc>-1.000000</vAcc></extensions></trkpt>
      <trkpt lon="-117.321168" lat="33.975568"><ele>0.000000</ele><time>2024-09-27T18:14:16Z</time><extensions><speed>1.473217</speed><course>89.839421</course><hAcc>2.161754</hAcc><vAcc>-1.000000</vAcc></extensions></trkpt>
      <trkpt lon="-117.321152" lat="33.975568"><ele>0.000000</ele><time>2024-09-27T18:14:17Z</time><extensions><speed>1.459375</speed><course>89.572599</course><hAcc>2.201209</hAcc><vAcc>-1.000000</vAcc></extensions></trkpt>
      <trkpt lon="-117.321136" lat="33.975568"><ele>0.000000</ele><time>2024-09-27T18:14:18Z</time><extensions><speed>1.424206</speed><course>87.968170</course><hAcc>2.252325</hAcc><vAcc>-1.000000</vAcc></extensions></trkpt>
      <trkpt lon="-117.321122" lat="33.975569"><ele>0.000000</ele><time>2024-09-27T18:14:19Z</time><extensions><speed>1.317566</speed><course>84.045569</course><hAcc>2.317643</hAcc><vAcc>-1.000000</vAcc></extensions></trkpt>
      <trkpt lon="-117.321108" lat="33.975570"><ele>0.000000</ele><time>2024-09-27T18:14:20Z</time><extensions><speed>1.187961</speed><course>80.781094</course><hAcc>2.389889</hAcc><vAcc>-1.000000</vAcc></extensions></trkpt>
      <trkpt lon="-117.321096" lat="33.975572"><ele>0.000000</ele><time>2024-09-27T18:14:21Z</time><extensions><speed>1.027551</speed><course>79.956087</course><hAcc>2.460545</hAcc><vAcc>-1.000000</vAcc></extensions></trkpt>
      <trkpt lon="-117.321087" lat="33.975573"><ele>0.000000</ele><time>2024-09-27T18:14:22Z</time><extensions><speed>0.815630</speed><course>83.190923</course><hAcc>2.525731</hAcc><vAcc>-1.000000</vAcc></extensions></trkpt>
      <trkpt lon="-117.321079" lat="33.975574"><ele>0.000000</ele><time>2024-09-27T18:14:23Z</time><extensions><speed>0.590398</speed><course>89.867042</course><hAcc>2.588089</hAcc><vAcc>-1.000000</vAcc></extensions></trkpt>
      <trkpt lon="-117.321074" lat="33.975574"><ele>0.000000</ele><time>2024-09-27T18:14:24Z</time><extensions><speed>0.399935</speed><course>94.503766</course><hAcc>2.650735</hAcc><vAcc>-1.000000</vAcc></extensions></trkpt>
      <trkpt lon="-117.321070" lat="33.975573"><ele>0.000000</ele><time>2024-09-27T18:14:25Z</time><extensions><speed>0.291227</speed><course>93.633365</course><hAcc>2.712778</hAcc><vAcc>-1.000000</vAcc></extensions></trkpt>
      <trkpt lon="-117.321067" lat="33.975573"><ele>0.000000</ele><time>2024-09-27T18:14:26Z</time><extensions><speed>0.254206</speed><course>93.799916</course><hAcc>2.774958</hAcc><vAcc>-1.000000</vAcc></extensions></trkpt>
      <trkpt lon="-117.321064" lat="33.975573"><ele>0.000000</ele><time>2024-09-27T18:14:27Z</time><extensions><speed>0.273803</speed><course>94.433480</course><hAcc>2.843078</hAcc><vAcc>-1.000000</vAcc></extensions></trkpt>
      <trkpt lon="-117.321061" lat="33.975573"><ele>0.000000</ele><time>2024-09-27T18:14:28Z</time><extensions><speed>0.329189</speed><course>95.812335</course><hAcc>2.923348</hAcc><vAcc>-1.000000</vAcc></extensions></trkpt>
      <trkpt lon="-117.321057" lat="33.975572"><ele>0.000000</ele><time>2024-09-27T18:14:29Z</time><extensions><speed>0.336354</speed><course>92.545390</course><hAcc>3.017893</hAcc><vAcc>-1.000000</vAcc></extensions></trkpt>
      <trkpt lon="-117.321054" lat="33.975572"><ele>0.000000</ele><time>2024-09-27T18:14:30Z</time><extensions><speed>0.284374</speed><course>94.311732</course><hAcc>3.124594</hAcc><vAcc>-1.000000</vAcc></extensions></trkpt>
      <trkpt lon="-117.321051" lat="33.975572"><ele>0.000000</ele><time>2024-09-27T18:14:31Z</time><extensions><speed>0.223575</speed><course>92.632229</course><hAcc>3.238766</hAcc><vAcc>-1.000000</vAcc></extensions></trkpt>
      <trkpt lon="-117.321049" lat="33.975572"><ele>0.000000</ele><time>2024-09-27T18:14:32Z</time><extensions><speed>0.177960</speed><course>88.612161</course><hAcc>3.356835</hAcc><vAcc>-1.000000</vAcc></extensions></trkpt>
      <trkpt lon="-117.321048" lat="33.975572"><ele>0.000000</ele><time>2024-09-27T18:14:33Z</time><extensions><speed>0.151627</speed><course>80.033895</course><hAcc>3.478239</hAcc><vAcc>-1.000000</vAcc></extensions></trkpt>
      <trkpt lon="-117.321046" lat="33.975572"><ele>0.000000</ele><time>2024-09-27T18:14:34Z</time><extensions><speed>0.150277</speed><course>66.993104</course><hAcc>3.603904</hAcc><vAcc>-1.000000</vAcc></extensions></trkpt>
      <trkpt lon="-117.321045" lat="33.975573"><ele>0.000000</ele><time>2024-09-27T18:14:35Z</time><extensions><speed>0.178617</speed><course>53.114493</course><hAcc>3.733257</hAcc><vAcc>-1.000000</vAcc></extensions></trkpt>
      <trkpt lon="-117.321043" lat="33.975574"><ele>0.000000</ele><time>2024-09-27T18:14:36Z</time><extensions><speed>0.243559</speed><course>46.296307</course><hAcc>3.863238</hAcc><vAcc>-1.000000</vAcc></extensions></trkpt>
      <trkpt lon="-117.321040" lat="33.975576"><ele>0.000000</ele><time>2024-09-27T18:14:37Z</time><extensions><speed>0.344426</speed><course>43.060812</course><hAcc>3.990776</hAcc><vAcc>-1.000000</vAcc></extensions></trkpt>
      <trkpt lon="-117.321037" lat="33.975579"><ele>0.000000</ele><time>2024-09-27T18:14:38Z</time><extensions><speed>0.484823</speed><course>41.453492</course><hAcc>4.114204</hAcc><vAcc>-1.000000</vAcc></extensions></trkpt>
      <trkpt lon="-117.321034" lat="33.975583"><ele>0.000000</ele><time>2024-09-27T18:14:39Z</time><extensions><speed>0.603294</speed><course>38.583568</course><hAcc>4.232836</hAcc><vAcc>-1.000000</vAcc></extensions></trkpt>
      <trkpt lon="-117.321029" lat="33.975587"><ele>0.000000</ele><time>2024-09-27T18:14:40Z</time><extensions><speed>0.683628</speed><course>37.625282</course><hAcc>4.346563</hAcc><vAcc>-1.000000</vAcc></extensions></trkpt>
      <trkpt lon="-117.321025" lat="33.975593"><ele>0.000000</ele><time>2024-09-27T18:14:41Z</time><extensions><speed>0.746554</speed><course>36.010436</course><hAcc>4.455589</hAcc><vAcc>-1.000000</vAcc></extensions></trkpt>
      <trkpt lon="-117.321020" lat="33.975598"><ele>0.000000</ele><time>2024-09-27T18:14:42Z</time><extensions><speed>0.806916</speed><course>34.713511</course><hAcc>4.560247</hAcc><vAcc>-1.000000</vAcc></extensions></trkpt>
      <trkpt lon="-117.321015" lat="33.975604"><ele>0.000000</ele><time>2024-09-27T18:14:43Z</time><extensions><speed>0.837017</speed><course>33.392309</course><hAcc>4.660888</hAcc><vAcc>-1.000000</vAcc></extensions></trkpt>
      <trkpt lon="-117.321010" lat="33.975611"><ele>0.000000</ele><time>2024-09-27T18:14:44Z</time><extensions><speed>0.847547</speed><course>32.356686</course><hAcc>4.757822</hAcc><vAcc>-1.000000</vAcc></extensions></trkpt>
      <trkpt lon="-117.321005" lat="33.975618"><ele>0.000000</ele><time>2024-09-27T18:14:45Z</time><extensions><speed>0.840478</speed><course>31.239081</course><hAcc>4.851342</hAcc><vAcc>-1.000000</vAcc></extensions></trkpt>
      <trkpt lon="-117.321001" lat="33.975624"><ele>0.000000</ele><time>2024-09-27T18:14:46Z</time><extensions><speed>0.852835</speed><course>26.964351</course><hAcc>4.941720</hAcc><vAcc>-1.000000</vAcc></extensions></trkpt>
      <trkpt lon="-117.320997" lat="33.975632"><ele>0.000000</ele><time>2024-09-27T18:14:47Z</time><extensions><speed>0.854518</speed><course>23.297129</course><hAcc>5.029221</hAcc><vAcc>-1.000000</vAcc></extensions></trkpt>
      <trkpt lon="-117.320994" lat="33.975639"><ele>0.000000</ele><time>2024-09-27T18:14:48Z</time><extensions><speed>0.840064</speed><course>20.796567</course><hAcc>5.114024</hAcc><vAcc>-1.000000</vAcc></extensions></trkpt>
      <trkpt lon="-117.320991" lat="33.975645"><ele>0.000000</ele><time>2024-09-27T18:14:49Z</time><extensions><speed>0.814765</speed><course>18.672660</course><hAcc>5.196275</hAcc><vAcc>-1.000000</vAcc></extensions></trkpt>
      <trkpt lon="-117.320988" lat="33.975652"><ele>0.000000</ele><time>2024-09-27T18:14:50Z</time><extensions><speed>0.776492</speed><course>16.678105</course><hAcc>5.276091</hAcc><vAcc>-1.000000</vAcc></extensions></trkpt>
      <trkpt lon="-117.320986" lat="33.975659"><ele>0.000000</ele><time>2024-09-27T18:14:51Z</time><extensions><speed>0.710765</speed><course>16.521129</course><hAcc>5.353590</hAcc><vAcc>-1.000000</vAcc></extensions></trkpt>
      <trkpt lon="-117.320984" lat="33.975664"><ele>0.000000</ele><time>2024-09-27T18:14:52Z</time><extensions><speed>0.615957</speed><course>18.125609</course><hAcc>5.428873</hAcc><vAcc>-1.000000</vAcc></extensions></trkpt>
      <trkpt lon="-117.320982" lat="33.975669"><ele>0.000000</ele><time>2024-09-27T18:14:53Z</time><extensions><speed>0.501437</speed><course>23.189682</course><hAcc>5.502044</hAcc><vAcc>-1.000000</vAcc></extensions></trkpt>
      <trkpt lon="-117.320979" lat="33.975672"><ele>0.000000</ele><time>2024-09-27T18:14:54Z</time><extensions><speed>0.369248</speed><course>35.103380</course><hAcc>5.573238</hAcc><vAcc>-1.000000</vAcc></extensions></trkpt>
      <trkpt lon="-117.320977" lat="33.975674"><ele>0.000000</ele><time>2024-09-27T18:14:55Z</time><extensions><speed>0.313012</speed><course>54.220061</course><hAcc>5.642606</hAcc><vAcc>-1.000000</vAcc></extensions></trkpt>
      <trkpt lon="-117.320973" lat="33.975675"><ele>0.000000</ele><time>2024-09-27T18:14:56Z</time><extensions><speed>0.337128</speed><course>73.881429</course><hAcc>5.710319</hAcc><vAcc>-1.000000</vAcc></extensions></trkpt>
      <trkpt lon="-117.320969" lat="33.975676"><ele>0.000000</ele><time>2024-09-27T18:14:57Z</time><extensions><speed>0.426993</speed><course>86.980300</course><hAcc>5.776517</hAcc><vAcc>-1.000000</vAcc></extensions></trkpt>
      <trkpt lon="-117.320964" lat="33.975676"><ele>0.000000</ele><time>2024-09-27T18:14:58Z</time><extensions><speed>0.473355</speed><course>88.864247</course><hAcc>5.841308</hAcc><vAcc>-1.000000</vAcc></extensions></trkpt>
      <trkpt lon="-117.320959" lat="33.975676"><ele>0.000000</ele><time>2024-09-27T18:14:59Z</time><extensions><speed>0.487863</speed><course>87.161349</course><hAcc>5.904799</hAcc><vAcc>-1.000000</vAcc></extensions></trkpt>
      <trkpt lon="-117.320954" lat="33.975676"><ele>0.000000</ele><time>2024-09-27T18:15:00Z</time><extensions><speed>0.500001</speed><course>87.426513</course><hAcc>5.967051</hAcc><vAcc>-1.000000</vAcc></extensions></trkpt>
      <trkpt lon="-117.320948" lat="33.975676"><ele>0.000000</ele><time>2024-09-27T18:15:01Z</time><extensions><speed>0.500794</speed><course>86.953307</course><hAcc>6.028121</hAcc><vAcc>-1.000000</vAcc></extensions></trkpt>
      <trkpt lon="-117.320943" lat="33.975677"><ele>0.000000</ele><time>2024-09-27T18:15:02Z</time><extensions><speed>0.473899</speed><course>83.460076</course><hAcc>6.088051</hAcc><vAcc>-1.000000</vAcc></extensions></trkpt>
      <trkpt lon="-117.320938" lat="33.975678"><ele>0.000000</ele><time>2024-09-27T18:15:03Z</time><extensions><speed>0.415192</speed><course>77.033064</course><hAcc>6.146868</hAcc><vAcc>-1.000000</vAcc></extensions></trkpt>
      <trkpt lon="-117.320934" lat="33.975679"><ele>0.000000</ele><time>2024-09-27T18:15:04Z</time><extensions><speed>0.339356</speed><course>67.480585</course><hAcc>6.204621</hAcc><vAcc>-1.000000</vAcc></extensions></trkpt>
      <trkpt lon="-117.320931" lat="33.975680"><ele>0.000000</ele><time>2024-09-27T18:15:05Z</time><extensions><speed>0.261602</speed><course>57.020689</course><hAcc>6.261397</hAcc><vAcc>-1.000000</vAcc></extensions></trkpt>
      <trkpt lon="-117.320929" lat="33.975681"><ele>0.000000</ele><time>2024-09-27T18:15:06Z</time><extensions><speed>0.184517</speed><course>46.657034</course><hAcc>6.317250</hAcc><vAcc>-1.000000</vAcc></extensions></trkpt>
      <trkpt lon="-117.320929" lat="33.975683"><ele>0.000000</ele><time>2024-09-27T18:15:07Z</time><extensions><speed>0.138230</speed><course>26.785534</course><hAcc>6.372236</hAcc><vAcc>-1.000000</vAcc></extensions></trkpt>
      <trkpt lon="-117.320929" lat="33.975684"><ele>0.000000</ele><time>2024-09-27T18:15:08Z</time><extensions><speed>0.130179</speed><course>359.702190</course><hAcc>6.426430</hAcc><vAcc>-1.000000</vAcc></extensions></trkpt>
      <trkpt lon="-117.320929" lat="33.975685"><ele>0.000000</ele><time>2024-09-27T18:15:09Z</time><extensions><speed>0.158546</speed><course>337.512102</course><hAcc>6.479896</hAcc><vAcc>-1.000000</vAcc></extensions></trkpt>
      <trkpt lon="-117.320930" lat="33.975686"><ele>0.000000</ele><time>2024-09-27T18:15:10Z</time><extensions><speed>0.194371</speed><course>304.010617</course><hAcc>6.532669</hAcc><vAcc>-1.000000</vAcc></extensions></trkpt>
      <trkpt lon="-117.320933" lat="33.975686"><ele>0.000000</ele><time>2024-09-27T18:15:11Z</time><extensions><speed>0.260976</speed><course>274.434597</course><hAcc>6.584766</hAcc><vAcc>-1.000000</vAcc></extensions></trkpt>
      <trkpt lon="-117.320936" lat="33.975686"><ele>0.000000</ele><time>2024-09-27T18:15:12Z</time><extensions><speed>0.338009</speed><course>256.144014</course><hAcc>6.636201</hAcc><vAcc>-1.000000</vAcc></extensions></trkpt>
      <trkpt lon="-117.320940" lat="33.975685"><ele>0.000000</ele><time>2024-09-27T18:15:13Z</time><extensions><speed>0.412280</speed><course>248.745605</course><hAcc>6.686996</hAcc><vAcc>-1.000000</vAcc></extensions></trkpt>
      <trkpt lon="-117.320945" lat="33.975683"><ele>0.000000</ele><time>2024-09-27T18:15:14Z</time><extensions><speed>0.477024</speed><course>247.507418</course><hAcc>6.737162</hAcc><vAcc>-1.000000</vAcc></extensions></trkpt>
      <trkpt lon="-117.320949" lat="33.975681"><ele>0.000000</ele><time>2024-09-27T18:15:15Z</time><extensions><speed>0.523924</speed><course>242.610012</course><hAcc>6.786701</hAcc><vAcc>-1.000000</vAcc></extensions></trkpt>
      <trkpt lon="-117.320954" lat="33.975679"><ele>0.000000</ele><time>2024-09-27T18:15:16Z</time><extensions><speed>0.532924</speed><course>234.093177</course><hAcc>6.835605</hAcc><vAcc>-1.000000</vAcc></extensions></trkpt>
      <trkpt lon="-117.320959" lat="33.975675"><ele>0.000000</ele><time>2024-09-27T18:15:17Z</time><extensions><speed>0.523364</speed><course>223.355217</course><hAcc>6.883863</hAcc><vAcc>-1.000000</vAcc></extensions></trkpt>
      <trkpt lon="-117.320962" lat="33.975672"><ele>0.000000</ele><time>2024-09-27T18:15:18Z</time><extensions><speed>0.510192</speed><course>215.758750</course><hAcc>6.931465</hAcc><vAcc>-1.000000</vAcc></extensions></trkpt>
      <trkpt lon="-117.320965" lat="33.975668"><ele>0.000000</ele><time>2024-09-27T18:15:19Z</time><extensions><speed>0.476232</speed><course>212.183363</course><hAcc>6.978409</hAcc><vAcc>-1.000000</vAcc></extensions></trkpt>
      <trkpt lon="-117.320968" lat="33.975665"><ele>0.000000</ele><time>2024-09-27T18:15:20Z</time><extensions><speed>0.410191</speed><course>210.836355</course><hAcc>7.024695</hAcc><vAcc>-1.000000</vAcc></extensions></trkpt>
      <trkpt lon="-117.320970" lat="33.975662"><ele>0.000000</ele><time>2024-09-27T18:15:21Z</time><extensions><speed>0.319547</speed><course>211.819364</course><hAcc>7.070333</hAcc><vAcc>-1.000000</vAcc></extensions></trkpt>
      <trkpt lon="-117.320971" lat="33.975660"><ele>0.000000</ele><time>2024-09-27T18:15:22Z</time><extensions><speed>0.226412</speed><course>211.452312</course><hAcc>7.115344</hAcc><vAcc>-1.000000</vAcc></extensions></trkpt>
      <trkpt lon="-117.320972" lat="33.975659"><ele>0.000000</ele><time>2024-09-27T18:15:23Z</time><extensions><speed>0.157870</speed><course>210.984440</course><hAcc>7.159756</hAcc><vAcc>-1.000000</vAcc></extensions></trkpt>
      <trkpt lon="-117.320973" lat="33.975658"><ele>0.000000</ele><time>2024-09-27T18:15:24Z</time><extensions><speed>0.107302</speed><course>210.360787</course><hAcc>7.203601</hAcc><vAcc>-1.000000</vAcc></extensions></trkpt>
      <trkpt lon="-117.320973" lat="33.975657"><ele>0.000000</ele><time>2024-09-27T18:15:25Z</time><extensions><speed>0.069715</speed><course>209.458479</course><hAcc>7.246908</hAcc><vAcc>-1.000000</vAcc></extensions></trkpt>
      <trkpt lon="-117.320973" lat="33.975657"><ele>0.000000</ele><time>2024-09-27T18:15:26Z</time><extensions><speed>0.041312</speed><course>207.916852</course><hAcc>7.289707</hAcc><vAcc>-1.000000</vAcc></extensions></trkpt>
      <trkpt lon="-117.320974" lat="33.975656"><ele>0.000000</ele><time>2024-09-27T18:15:27Z</time><extensions><speed>0.019182</speed><course>203.995877</course><hAcc>7.332025</hAcc><vAcc>-1.000000</vAcc></extensions></trkpt>
      <trkpt lon="-117.320974" lat="33.975656"><ele>0.000000</ele><time>2024-09-27T18:15:28Z</time><extensions><speed>0.002404</speed><course>138.077893</course><hAcc>7.373884</hAcc><vAcc>-1.000000</vAcc></extensions></trkpt>
      <trkpt lon="-117.320974" lat="33.975656"><ele>0.000000</ele><time>2024-09-27T18:15:29Z</time><extensions><speed>0.010774</speed><course>42.746321</course><hAcc>7.415305</hAcc><vAcc>-1.000000</vAcc></extensions></trkpt>
      <trkpt lon="-117.320973" lat="33.975656"><ele>0.000000</ele><time>2024-09-27T18:15:30Z</time><extensions><speed>0.010606</speed><course>42.465700</course><hAcc>7.456305</hAcc><vAcc>-1.000000</vAcc></extensions></trkpt>
      <trkpt lon="-117.320973" lat="33.975656"><ele>0.000000</ele><time>2024-09-27T18:15:31Z</time><extensions><speed>0.010120</speed><course>42.274464</course><hAcc>7.496902</hAcc><vAcc>-1.000000</vAcc></extensions></trkpt>
      <trkpt lon="-117.320973" lat="33.975657"><ele>0.000000</ele><time>2024-09-27T18:15:32Z</time><extensions><speed>0.009450</speed><course>42.136975</course><hAcc>7.537109</hAcc><vAcc>-1.000000</vAcc></extensions></trkpt>
      <trkpt lon="-117.320973" lat="33.975657"><ele>0.000000</ele><time>2024-09-27T18:15:33Z</time><extensions><speed>0.008688</speed><course>42.034308</course><hAcc>7.576938</hAcc><vAcc>-1.000000</vAcc></extensions></trkpt>
      <trkpt lon="-117.320973" lat="33.975657"><ele>0.000000</ele><time>2024-09-27T18:15:34Z</time><extensions><speed>0.007875</speed><course>41.185574</course><hAcc>7.616402</hAcc><vAcc>-1.000000</vAcc></extensions></trkpt>
      <trkpt lon="-117.320973" lat="33.975657"><ele>0.000000</ele><time>2024-09-27T18:15:35Z</time><extensions><speed>0.006981</speed><course>38.666214</course><hAcc>7.655510</hAcc><vAcc>-1.000000</vAcc></extensions></trkpt>
      <trkpt lon="-117.320973" lat="33.975657"><ele>0.000000</ele><time>2024-09-27T18:15:36Z</time><extensions><speed>0.006045</speed><course>34.758447</course><hAcc>7.694273</hAcc><vAcc>-1.000000</vAcc></extensions></trkpt>
      <trkpt lon="-117.320973" lat="33.975657"><ele>0.000000</ele><time>2024-09-27T18:15:37Z</time><extensions><speed>0.005178</speed><course>28.787949</course><hAcc>7.732700</hAcc><vAcc>-1.000000</vAcc></extensions></trkpt>
      <trkpt lon="-117.320973" lat="33.975657"><ele>0.000000</ele><time>2024-09-27T18:15:38Z</time><extensions><speed>0.004430</speed><course>19.215279</course><hAcc>7.770798</hAcc><vAcc>-1.000000</vAcc></extensions></trkpt>
      <trkpt lon="-117.320973" lat="33.975657"><ele>0.000000</ele><time>2024-09-27T18:15:39Z</time><extensions><speed>0.003925</speed><course>4.060732</course><hAcc>7.808576</hAcc><vAcc>-1.000000</vAcc></extensions></trkpt>
      <trkpt lon="-117.320973" lat="33.975657"><ele>0.000000</ele><time>2024-09-27T18:15:40Z</time><extensions><speed>0.003914</speed><course>343.274899</course><hAcc>7.846040</hAcc><vAcc>-1.000000</vAcc></extensions></trkpt>
      <trkpt lon="-117.320973" lat="33.975657"><ele>0.000000</ele><time>2024-09-27T18:15:41Z</time><extensions><speed>0.004681</speed><course>322.327611</course><hAcc>7.883198</hAcc><vAcc>-1.000000</vAcc></extensions></trkpt>
      <trkpt lon="-117.320973" lat="33.975657"><ele>0.000000</ele><time>2024-09-27T18:15:42Z</time><extensions><speed>0.006340</speed><course>306.951359</course><hAcc>7.920055</hAcc><vAcc>-1.000000</vAcc></extensions></trkpt>
      <trkpt lon="-117.320973" lat="33.975657"><ele>0.000000</ele><time>2024-09-27T18:15:43Z</time><extensions><speed>0.008930</speed><course>297.350143</course><hAcc>7.956620</hAcc><vAcc>-1.000000</vAcc></extensions></trkpt>
      <trkpt lon="-117.320973" lat="33.975657"><ele>0.000000</ele><time>2024-09-27T18:15:44Z</time><extensions><speed>0.012586</speed><course>291.773891</course><hAcc>7.992897</hAcc><vAcc>-1.000000</vAcc></extensions></trkpt>
      <trkpt lon="-117.320973" lat="33.975657"><ele>0.000000</ele><time>2024-09-27T18:15:45Z</time><extensions><speed>0.010875</speed><course>289.087019</course><hAcc>8.028921</hAcc><vAcc>-1.000000</vAcc></extensions></trkpt>
      <trkpt lon="-117.320974" lat="33.975657"><ele>0.000000</ele><time>2024-09-27T18:15:46Z</time><extensions><speed>0.009100</speed><course>333.878708</course><hAcc>8.064781</hAcc><vAcc>-1.000000</vAcc></extensions></trkpt>
      <trkpt lon="-117.320974" lat="33.975657"><ele>0.000000</ele><time>2024-09-27T18:15:47Z</time><extensions><speed>0.015280</speed><course>10.245718</course><hAcc>8.100383</hAcc><vAcc>-1.000000</vAcc></extensions></trkpt>
      <trkpt lon="-117.320973" lat="33.975657"><ele>0.000000</ele><time>2024-09-27T18:15:48Z</time><extensions><speed>0.024996</speed><course>22.274609</course><hAcc>8.135733</hAcc><vAcc>-1.000000</vAcc></extensions></trkpt>
      <trkpt lon="-117.320973" lat="33.975658"><ele>0.000000</ele><time>2024-09-27T18:15:49Z</time><extensions><speed>0.037410</speed><course>26.999340</course><hAcc>8.170836</hAcc><vAcc>-1.000000</vAcc></extensions></trkpt>
      <trkpt lon="-117.320973" lat="33.975658"><ele>0.000000</ele><time>2024-09-27T18:15:50Z</time><extensions><speed>0.053475</speed><course>29.127931</course><hAcc>8.205701</hAcc><vAcc>-1.000000</vAcc></extensions></trkpt>
      <trkpt lon="-117.320972" lat="33.975659"><ele>0.000000</ele><time>2024-09-27T18:15:51Z</time><extensions><speed>0.072705</speed><course>30.810443</course><hAcc>8.240381</hAcc><vAcc>-1.000000</vAcc></extensions></trkpt>
      <trkpt lon="-117.320972" lat="33.975660"><ele>0.000000</ele><time>2024-09-27T18:15:52Z</time><extensions><speed>0.095967</speed><course>32.384919</course><hAcc>8.274894</hAcc><vAcc>-1.000000</vAcc></extensions></trkpt>
      <trkpt lon="-117.320971" lat="33.975661"><ele>0.000000</ele><time>2024-09-27T18:15:53Z</time><extensions><speed>0.126012</speed><course>33.923208</course><hAcc>8.309241</hAcc><vAcc>-1.000000</vAcc></extensions></trkpt>
      <trkpt lon="-117.320970" lat="33.975662"><ele>0.000000</ele><time>2024-09-27T18:15:54Z</time><extensions><speed>0.166879</speed><course>35.265775</course><hAcc>8.343404</hAcc><vAcc>-1.000000</vAcc></extensions></trkpt>
      <trkpt lon="-117.320969" lat="33.975663"><ele>0.000000</ele><time>2024-09-27T18:15:55Z</time><extensions><speed>0.221206</speed><course>36.435659</course><hAcc>8.377378</hAcc><vAcc>-1.000000</vAcc></extensions></trkpt>
      <trkpt lon="-117.320968" lat="33.975664"><ele>0.000000</ele><time>2024-09-27T18:15:56Z</time><extensions><speed>0.228596</speed><course>39.604448</course><hAcc>8.411137</hAcc><vAcc>-1.000000</vAcc></extensions></trkpt>
      <trkpt lon="-117.320966" lat="33.975665"><ele>0.000000</ele><time>2024-09-27T18:15:57Z</time><extensions><speed>0.127422</speed><course>52.646605</course><hAcc>8.444675</hAcc><vAcc>-1.000000</vAcc></extensions></trkpt>
      <trkpt lon="-117.320966" lat="33.975665"><ele>0.000000</ele><time>2024-09-27T18:15:58Z</time><extensions><speed>0.068589</speed><course>100.878324</course><hAcc>8.477986</hAcc><vAcc>-1.000000</vAcc></extensions></trkpt>
      <trkpt lon="-117.320965" lat="33.975665"><ele>0.000000</ele><time>2024-09-27T18:15:59Z</time><extensions><speed>0.111305</speed><course>158.620355</course><hAcc>8.511070</hAcc><vAcc>-1.000000</vAcc></extensions></trkpt>
      <trkpt lon="-117.320965" lat="33.975663"><ele>0.000000</ele><time>2024-09-27T18:16:00Z</time><extensions><speed>0.204636</speed><course>174.869118</course><hAcc>8.543927</hAcc><vAcc>-1.000000</vAcc></extensions></trkpt>
      <trkpt lon="-117.320964" lat="33.975661"><ele>0.000000</ele><time>2024-09-27T18:16:01Z</time><extensions><speed>0.323853</speed><course>180.331290</course><hAcc>8.576559</hAcc><vAcc>-1.000000</vAcc></extensions></trkpt>
      <trkpt lon="-117.320965" lat="33.975658"><ele>0.000000</ele><time>2024-09-27T18:16:02Z</time><extensions><speed>0.385519</speed><course>181.398132</course><hAcc>8.608958</hAcc><vAcc>-1.000000</vAcc></extensions></trkpt>
      <trkpt lon="-117.320965" lat="33.975654"><ele>0.000000</ele><time>2024-09-27T18:16:03Z</time><extensions><speed>0.392757</speed><course>179.535570</course><hAcc>8.641118</hAcc><vAcc>-1.000000</vAcc></extensions></trkpt>
      <trkpt lon="-117.320965" lat="33.975651"><ele>0.000000</ele><time>2024-09-27T18:16:04Z</time><extensions><speed>0.352383</speed><course>177.031943</course><hAcc>8.673032</hAcc><vAcc>-1.000000</vAcc></extensions></trkpt>
      <trkpt lon="-117.320964" lat="33.975648"><ele>0.000000</ele><time>2024-09-27T18:16:05Z</time><extensions><speed>0.291972</speed><course>174.676385</course><hAcc>8.704697</hAcc><vAcc>-1.000000</vAcc></extensions></trkpt>
      <trkpt lon="-117.320964" lat="33.975646"><ele>0.000000</ele><time>2024-09-27T18:16:06Z</time><extensions><speed>0.212249</speed><course>175.078530</course><hAcc>8.736115</hAcc><vAcc>-1.000000</vAcc></extensions></trkpt>
      <trkpt lon="-117.320964" lat="33.975644"><ele>0.000000</ele><time>2024-09-27T18:16:07Z</time><extensions><speed>0.154877</speed><course>175.857042</course><hAcc>8.767294</hAcc><vAcc>-1.000000</vAcc></extensions></trkpt>
      <trkpt lon="-117.320964" lat="33.975643"><ele>0.000000</ele><time>2024-09-27T18:16:08Z</time><extensions><speed>0.116002</speed><course>177.430493</course><hAcc>8.798263</hAcc><vAcc>-1.000000</vAcc></extensions></trkpt>
      <trkpt lon="-117.320964" lat="33.975643"><ele>0.000000</ele><time>2024-09-27T18:16:09Z</time><extensions><speed>0.092565</speed><course>180.278545</course><hAcc>8.829048</hAcc><vAcc>-1.000000</vAcc></extensions></trkpt>
      <trkpt lon="-117.320964" lat="33.975642"><ele>0.000000</ele><time>2024-09-27T18:16:10Z</time><extensions><speed>0.081597</speed><course>184.348546</course><hAcc>8.859643</hAcc><vAcc>-1.000000</vAcc></extensions></trkpt>
      <trkpt lon="-117.320964" lat="33.975641"><ele>0.000000</ele><time>2024-09-27T18:16:11Z</time><extensions><speed>0.082315</speed><course>188.907740</course><hAcc>8.890047</hAcc><vAcc>-1.000000</vAcc></extensions></trkpt>
      <trkpt lon="-117.320964" lat="33.975640"><ele>0.000000</ele><time>2024-09-27T18:16:12Z</time><extensions><speed>0.075955</speed><course>189.926146</course><hAcc>8.920272</hAcc><vAcc>-1.000000</vAcc></extensions></trkpt>
      <trkpt lon="-117.320964" lat="33.975639"><ele>0.000000</ele><time>2024-09-27T18:16:13Z</time><extensions><speed>0.075590</speed><course>190.746886</course><hAcc>8.950338</hAcc><vAcc>-1.000000</vAcc></extensions></trkpt>
      <trkpt lon="-117.320965" lat="33.975638"><ele>0.000000</ele><time>2024-09-27T18:16:14Z</time><extensions><speed>0.083526</speed><course>191.366770</course><hAcc>8.980229</hAcc><vAcc>-1.000000</vAcc></extensions></trkpt>
      <trkpt lon="-117.320965" lat="33.975638"><ele>0.000000</ele><time>2024-09-27T18:16:15Z</time><extensions><speed>0.100546</speed><course>191.728401</course><hAcc>9.009948</hAcc><vAcc>-1.000000</vAcc></extensions></trkpt>
      <trkpt lon="-117.320965" lat="33.975637"><ele>0.000000</ele><time>2024-09-27T18:16:16Z</time><extensions><speed>0.128302</speed><course>191.882789</course><hAcc>9.039500</hAcc><vAcc>-1.000000</vAcc></extensions></trkpt>
      <trkpt lon="-117.320965" lat="33.975635"><ele>0.000000</ele><time>2024-09-27T18:16:17Z</time><extensions><speed>0.169617</speed><course>189.199028</course><hAcc>9.068888</hAcc><vAcc>-1.000000</vAcc></extensions></trkpt>
      <trkpt lon="-117.320965" lat="33.975634"><ele>0.000000</ele><time>2024-09-27T18:16:18Z</time><extensions><speed>0.228569</speed><course>186.170448</course><hAcc>9.098112</hAcc><vAcc>-1.000000</vAcc></extensions></trkpt>
      <trkpt lon="-117.320966" lat="33.975631"><ele>0.000000</ele><time>2024-09-27T18:16:19Z</time><extensions><speed>0.250453</speed><course>183.312958</course><hAcc>9.127171</hAcc><vAcc>-1.000000</vAcc></extensions></trkpt>
      <trkpt lon="-117.320966" lat="33.975629"><ele>0.000000</ele><time>2024-09-27T18:16:20Z</time><extensions><speed>0.217074</speed><course>178.403600</course><hAcc>9.156062</hAcc><vAcc>-1.000000</vAcc></extensions></trkpt>
      <trkpt lon="-117.320965" lat="33.975628"><ele>0.000000</ele><time>2024-09-27T18:16:21Z</time><extensions><speed>0.150566</speed><course>166.570081</course><hAcc>9.184786</hAcc><vAcc>-1.000000</vAcc></extensions></trkpt>
      <trkpt lon="-117.320965" lat="33.975627"><ele>0.000000</ele><time>2024-09-27T18:16:22Z</time><extensions><speed>0.079514</speed><course>128.329990</course><hAcc>9.213345</hAcc><vAcc>-1.000000</vAcc></extensions></trkpt>
      <trkpt lon="-117.320964" lat="33.975627"><ele>0.000000</ele><time>2024-09-27T18:16:23Z</time><extensions><speed>0.057021</speed><course>69.640112</course><hAcc>9.241748</hAcc><vAcc>-1.000000</vAcc></extensions></trkpt>
      <trkpt lon="-117.320964" lat="33.975627"><ele>0.000000</ele><time>2024-09-27T18:16:24Z</time><extensions><speed>0.040750</speed><course>54.542985</course><hAcc>9.270000</hAcc><vAcc>-1.000000</vAcc></extensions></trkpt>
      <trkpt lon="-117.320964" lat="33.975627"><ele>0.000000</ele><time>2024-09-27T18:16:25Z</time><extensions><speed>0.035937</speed><course>28.174500</course><hAcc>9.298120</hAcc><vAcc>-1.000000</vAcc></extensions></trkpt>
      <trkpt lon="-117.320963" lat="33.975627"><ele>0.000000</ele><time>2024-09-27T18:16:26Z</time><extensions><speed>0.043688</speed><course>2.577225</course><hAcc>9.326095</hAcc><vAcc>-1.000000</vAcc></extensions></trkpt>
      <trkpt lon="-117.320964" lat="33.975628"><ele>0.000000</ele><time>2024-09-27T18:16:27Z</time><extensions><speed>0.060262</speed><course>347.971624</course><hAcc>9.353912</hAcc><vAcc>-1.000000</vAcc></extensions></trkpt>
      <trkpt lon="-117.320964" lat="33.975629"><ele>0.000000</ele><time>2024-09-27T18:16:28Z</time><extensions><speed>0.084355</speed><course>340.479185</course><hAcc>9.381574</hAcc><vAcc>-1.000000</vAcc></extensions></trkpt>
      <trkpt lon="-117.320964" lat="33.975630"><ele>0.000000</ele><time>2024-09-27T18:16:29Z</time><extensions><speed>0.117169</speed><course>336.602410</course><hAcc>9.409085</hAcc><vAcc>-1.000000</vAcc></extensions></trkpt>
      <trkpt lon="-117.320965" lat="33.975631"><ele>0.000000</ele><time>2024-09-27T18:16:30Z</time><extensions><speed>0.161903</speed><course>334.645021</course><hAcc>9.436450</hAcc><vAcc>-1.000000</vAcc></extensions></trkpt>
      <trkpt lon="-117.320966" lat="33.975633"><ele>0.000000</ele><time>2024-09-27T18:16:31Z</time><extensions><speed>0.207358</speed><course>335.658401</course><hAcc>9.463673</hAcc><vAcc>-1.000000</vAcc></extensions></trkpt>
      <trkpt lon="-117.320967" lat="33.975634"><ele>0.000000</ele><time>2024-09-27T18:16:32Z</time><extensions><speed>0.246370</speed><course>331.345965</course><hAcc>9.490760</hAcc><vAcc>-1.000000</vAcc></extensions></trkpt>
      <trkpt lon="-117.320968" lat="33.975637"><ele>0.000000</ele><time>2024-09-27T18:16:33Z</time><extensions><speed>0.283470</speed><course>332.300565</course><hAcc>9.517706</hAcc><vAcc>-1.000000</vAcc></extensions></trkpt>
      <trkpt lon="-117.320969" lat="33.975639"><ele>0.000000</ele><time>2024-09-27T18:16:34Z</time><extensions><speed>0.307661</speed><course>340.521288</course><hAcc>9.544511</hAcc><vAcc>-1.000000</vAcc></extensions></trkpt>
      <trkpt lon="-117.320970" lat="33.975642"><ele>0.000000</ele><time>2024-09-27T18:16:35Z</time><extensions><speed>0.306369</speed><course>346.054730</course><hAcc>9.571170</hAcc><vAcc>-1.000000</vAcc></extensions></trkpt>
      <trkpt lon="-117.320971" lat="33.975644"><ele>0.000000</ele><time>2024-09-27T18:16:36Z</time><extensions><speed>0.260992</speed><course>345.788546</course><hAcc>9.597682</hAcc><vAcc>-1.000000</vAcc></extensions></trkpt>
      <trkpt lon="-117.320972" lat="33.975646"><ele>0.000000</ele><time>2024-09-27T18:16:37Z</time><extensions><speed>0.186129</speed><course>346.464664</course><hAcc>9.624045</hAcc><vAcc>-1.000000</vAcc></extensions></trkpt>
      <trkpt lon="-117.320972" lat="33.975648"><ele>0.000000</ele><time>2024-09-27T18:16:38Z</time><extensions><speed>0.128070</speed><course>346.994596</course><hAcc>9.650300</hAcc><vAcc>-1.000000</vAcc></extensions></trkpt>
      <trkpt lon="-117.320972" lat="33.975649"><ele>0.000000</ele><time>2024-09-27T18:16:39Z</time><extensions><speed>0.081052</speed><course>347.124686</course><hAcc>9.676468</hAcc><vAcc>-1.000000</vAcc></extensions></trkpt>
      <trkpt lon="-117.320972" lat="33.975649"><ele>0.000000</ele><time>2024-09-27T18:16:40Z</time><extensions><speed>0.040576</speed><course>346.092165</course><hAcc>9.702549</hAcc><vAcc>-1.000000</vAcc></extensions></trkpt>
      <trkpt lon="-117.320973" lat="33.975650"><ele>0.000000</ele><time>2024-09-27T18:16:41Z</time><extensions><speed>0.001918</speed><course>1.760818</course><hAcc>9.728527</hAcc><vAcc>-1.000000</vAcc></extensions></trkpt>
      <trkpt lon="-117.320973" lat="33.975649"><ele>0.000000</ele><time>2024-09-27T18:16:42Z</time><extensions><speed>0.036840</speed><course>164.826086</course><hAcc>9.754402</hAcc><vAcc>-1.000000</vAcc></extensions></trkpt>
      <trkpt lon="-117.320973" lat="33.975648"><ele>0.000000</ele><time>2024-09-27T18:16:43Z</time><extensions><speed>0.064619</speed><course>175.911682</course><hAcc>9.780177</hAcc><vAcc>-1.000000</vAcc></extensions></trkpt>
      <trkpt lon="-117.320973" lat="33.975647"><ele>0.000000</ele><time>2024-09-27T18:16:44Z</time><extensions><speed>0.099543</speed><course>179.435360</course><hAcc>9.805849</hAcc><vAcc>-1.000000</vAcc></extensions></trkpt>
      <trkpt lon="-117.320973" lat="33.975646"><ele>0.000000</ele><time>2024-09-27T18:16:45Z</time><extensions><speed>0.144958</speed><course>180.641554</course><hAcc>9.831421</hAcc><vAcc>-1.000000</vAcc></extensions></trkpt>
      <trkpt lon="-117.320973" lat="33.975645"><ele>0.000000</ele><time>2024-09-27T18:16:46Z</time><extensions><speed>0.204378</speed><course>181.453919</course><hAcc>9.856885</hAcc><vAcc>-1.000000</vAcc></extensions></trkpt>
      <trkpt lon="-117.320972" lat="33.975642"><ele>0.000000</ele><time>2024-09-27T18:16:47Z</time><extensions><speed>0.284230</speed><course>181.916818</course><hAcc>9.882240</hAcc><vAcc>-1.000000</vAcc></extensions></trkpt>
      <trkpt lon="-117.320972" lat="33.975639"><ele>0.000000</ele><time>2024-09-27T18:16:48Z</time><extensions><speed>0.392736</speed><course>182.186592</course><hAcc>9.907486</hAcc><vAcc>-1.000000</vAcc></extensions></trkpt>
      <trkpt lon="-117.320972" lat="33.975635"><ele>0.000000</ele><time>2024-09-27T18:16:49Z</time><extensions><speed>0.456990</speed><course>179.462899</course><hAcc>9.932617</hAcc><vAcc>-1.000000</vAcc></extensions></trkpt>
      <trkpt lon="-117.320972" lat="33.975631"><ele>0.000000</ele><time>2024-09-27T18:16:50Z</time><extensions><speed>0.471635</speed><course>173.836815</course><hAcc>9.957627</hAcc><vAcc>-1.000000</vAcc></extensions></trkpt>
      <trkpt lon="-117.320971" lat="33.975627"><ele>0.000000</ele><time>2024-09-27T18:16:51Z</time><extensions><speed>0.450128</speed><course>164.627545</course><hAcc>9.982510</hAcc><vAcc>-1.000000</vAcc></extensions></trkpt>
      <trkpt lon="-117.320970" lat="33.975623"><ele>0.000000</ele><time>2024-09-27T18:16:52Z</time><extensions><speed>0.413719</speed><course>154.677786</course><hAcc>10.007261</hAcc><vAcc>-1.000000</vAcc></extensions></trkpt>
      <trkpt lon="-117.320967" lat="33.975620"><ele>0.000000</ele><time>2024-09-27T18:16:53Z</time><extensions><speed>0.370392</speed><course>144.647828</course><hAcc>10.031876</hAcc><vAcc>-1.000000</vAcc></extensions></trkpt>
      <trkpt lon="-117.320965" lat="33.975618"><ele>0.000000</ele><time>2024-09-27T18:16:54Z</time><extensions><speed>0.319617</speed><course>138.683946</course><hAcc>10.056353</hAcc><vAcc>-1.000000</vAcc></extensions></trkpt>
      <trkpt lon="-117.320963" lat="33.975616"><ele>0.000000</ele><time>2024-09-27T18:16:55Z</time><extensions><speed>0.263418</speed><course>135.948209</course><hAcc>10.080693</hAcc><vAcc>-1.000000</vAcc></extensions></trkpt>
      <trkpt lon="-117.320961" lat="33.975615"><ele>0.000000</ele><time>2024-09-27T18:16:56Z</time><extensions><speed>0.189214</speed><course>135.707016</course><hAcc>10.104896</hAcc><vAcc>-1.000000</vAcc></extensions></trkpt>
      <trkpt lon="-117.320960" lat="33.975614"><ele>0.000000</ele><time>2024-09-27T18:16:57Z</time><extensions><speed>0.135448</speed><course>135.395605</course><hAcc>10.128967</hAcc><vAcc>-1.000000</vAcc></extensions></trkpt>
      <trkpt lon="-117.320959" lat="33.975613"><ele>0.000000</ele><time>2024-09-27T18:16:58Z</time><extensions><speed>0.096411</speed><course>134.977377</course><hAcc>10.152908</hAcc><vAcc>-1.000000</vAcc></extensions></trkpt>
      <trkpt lon="-117.320959" lat="33.975612"><ele>0.000000</ele><time>2024-09-27T18:16:59Z</time><extensions><speed>0.068095</speed><course>134.324508</course><hAcc>10.176722</hAcc><vAcc>-1.000000</vAcc></extensions></trkpt>
      <trkpt lon="-117.320958" lat="33.975612"><ele>0.000000</ele><time>2024-09-27T18:17:00Z</time><extensions><speed>0.047628</speed><course>133.427008</course><hAcc>10.200418</hAcc><vAcc>-1.000000</vAcc></extensions></trkpt>
      <trkpt lon="-117.320958" lat="33.975612"><ele>0.000000</ele><time>2024-09-27T18:17:01Z</time><extensions><speed>0.032812</speed><course>132.102025</course><hAcc>10.224018</hAcc><vAcc>-1.000000</vAcc></extensions></trkpt>
      <trkpt lon="-117.320958" lat="33.975612"><ele>0.000000</ele><time>2024-09-27T18:17:02Z</time><extensions><speed>0.022063</speed><course>129.997160</course><hAcc>10.246628</hAcc><vAcc>-1.000000</vAcc></extensions></trkpt>
      <trkpt lon="-117.320958" lat="33.975612"><ele>0.000000</ele><time>2024-09-27T18:17:03Z</time><extensions><speed>0.014238</speed><course>126.306191</course><hAcc>10.268215</hAcc><vAcc>-1.000000</vAcc></extensions></trkpt>
      <trkpt lon="-117.320957" lat="33.975612"><ele>0.000000</ele><time>2024-09-27T18:17:04Z</time><extensions><speed>0.008532</speed><course>118.755709</course><hAcc>10.288742</hAcc><vAcc>-1.000000</vAcc></extensions></trkpt>
      <trkpt lon="-117.320958" lat="33.975611"><ele>0.000000</ele><time>2024-09-27T18:17:05Z</time><extensions><speed>0.005293</speed><course>83.509472</course><hAcc>10.309702</hAcc><vAcc>-1.000000</vAcc></extensions></trkpt>
      <trkpt lon="-117.320958" lat="33.975611"><ele>0.000000</ele><time>2024-09-27T18:17:06Z</time><extensions><speed>0.004717</speed><course>40.391597</course><hAcc>10.329003</hAcc><vAcc>-1.000000</vAcc></extensions></trkpt>
      <trkpt lon="-117.320958" lat="33.975611"><ele>0.000000</ele><time>2024-09-27T18:17:07Z</time><extensions><speed>0.007093</speed><course>12.871478</course><hAcc>10.348228</hAcc><vAcc>-1.000000</vAcc></extensions></trkpt>
      <trkpt lon="-117.320958" lat="33.975611"><ele>0.000000</ele><time>2024-09-27T18:17:08Z</time><extensions><speed>0.010370</speed><course>1.511024</course><hAcc>10.367276</hAcc><vAcc>-1.000000</vAcc></extensions></trkpt>
      <trkpt lon="-117.320958" lat="33.975611"><ele>0.000000</ele><time>2024-09-27T18:17:09Z</time><extensions><speed>0.013377</speed><course>6.296250</course><hAcc>10.386039</hAcc><vAcc>-1.000000</vAcc></extensions></trkpt>
      <trkpt lon="-117.320958" lat="33.975611"><ele>0.000000</ele><time>2024-09-27T18:17:10Z</time><extensions><speed>0.015056</speed><course>12.856240</course><hAcc>10.404440</hAcc><vAcc>-1.000000</vAcc></extensions></trkpt>
      <trkpt lon="-117.320958" lat="33.975611"><ele>0.000000</ele><time>2024-09-27T18:17:11Z</time><extensions><speed>0.019644</speed><course>19.208133</course><hAcc>10.422778</hAcc><vAcc>-1.000000</vAcc></extensions></trkpt>
      <trkpt lon="-117.320958" lat="33.975611"><ele>0.000000</ele><time>2024-09-27T18:17:12Z</time><extensions><speed>0.028273</speed><course>23.820669</course><hAcc>10.440026</hAcc><vAcc>-1.000000</vAcc></extensions></trkpt>
      <trkpt lon="-117.320958" lat="33.975611"><ele>0.000000</ele><time>2024-09-27T18:17:13Z</time><extensions><speed>0.042103</speed><course>26.615324</course><hAcc>10.456352</hAcc><vAcc>-1.000000</vAcc></extensions></trkpt>
      <trkpt lon="-117.320958" lat="33.975612"><ele>0.000000</ele><time>2024-09-27T18:17:14Z</time><extensions><speed>0.062835</speed><course>28.209100</course><hAcc>10.472549</hAcc><vAcc>-1.000000</vAcc></extensions></trkpt>
      <trkpt lon="-117.320957" lat="33.975612"><ele>0.000000</ele><time>2024-09-27T18:17:15Z</time><extensions><speed>0.091695</speed><course>29.085933</course><hAcc>10.489717</hAcc><vAcc>-1.000000</vAcc></extensions></trkpt>
      <trkpt lon="-117.320957" lat="33.975613"><ele>0.000000</ele><time>2024-09-27T18:17:16Z</time><extensions><speed>0.051710</speed><course>28.281894</course><hAcc>10.516087</hAcc><vAcc>-1.000000</vAcc></extensions></trkpt>
      <trkpt lon="-117.320957" lat="33.975613"><ele>0.000000</ele><time>2024-09-27T18:17:17Z</time><extensions><speed>0.022235</speed><course>24.445585</course><hAcc>10.542187</hAcc><vAcc>-1.000000</vAcc></extensions></trkpt>
      <trkpt lon="-117.320957" lat="33.975613"><ele>0.000000</ele><time>2024-09-27T18:17:18Z</time><extensions><speed>0.003742</speed><course>258.693330</course><hAcc>10.566248</hAcc><vAcc>-1.000000</vAcc></extensions></trkpt>
      <trkpt lon="-117.320957" lat="33.975613"><ele>0.000000</ele><time>2024-09-27T18:17:19Z</time><extensions><speed>0.006497</speed><course>229.274792</course><hAcc>10.588152</hAcc><vAcc>-1.000000</vAcc></extensions></trkpt>
      <trkpt lon="-117.320957" lat="33.975613"><ele>0.000000</ele><time>2024-09-27T18:17:20Z</time><extensions><speed>0.008717</speed><course>217.968671</course><hAcc>10.608361</hAcc><vAcc>-1.000000</vAcc></extensions></trkpt>
      <trkpt lon="-117.320957" lat="33.975613"><ele>0.000000</ele><time>2024-09-27T18:17:21Z</time><extensions><speed>0.010201</speed><course>212.781973</course><hAcc>10.627427</hAcc><vAcc>-1.000000</vAcc></extensions></trkpt>
      <trkpt lon="-117.320957" lat="33.975613"><ele>0.000000</ele><time>2024-09-27T18:17:22Z</time><extensions><speed>0.011209</speed><course>208.647522</course><hAcc>10.645835</hAcc><vAcc>-1.000000</vAcc></extensions></trkpt>
      <trkpt lon="-117.320957" lat="33.975612"><ele>0.000000</ele><time>2024-09-27T18:17:23Z</time><extensions><speed>0.011977</speed><course>204.526818</course><hAcc>10.663944</hAcc><vAcc>-1.000000</vAcc></extensions></trkpt>
      <trkpt lon="-117.320958" lat="33.975612"><ele>0.000000</ele><time>2024-09-27T18:17:24Z</time><extensions><speed>0.012730</speed><course>199.942733</course><hAcc>10.682003</hAcc><vAcc>-1.000000</vAcc></extensions></trkpt>
      <trkpt lon="-117.320958" lat="33.975612"><ele>0.000000</ele><time>2024-09-27T18:17:25Z</time><extensions><speed>0.013827</speed><course>194.518034</course><hAcc>10.700166</hAcc><vAcc>-1.000000</vAcc></extensions></trkpt>
      <trkpt lon="-117.320958" lat="33.975612"><ele>0.000000</ele><time>2024-09-27T18:17:26Z</time><extensions><speed>0.015823</speed><course>189.379169</course><hAcc>10.718524</hAcc><vAcc>-1.000000</vAcc></extensions></trkpt>
      <trkpt lon="-117.320958" lat="33.975612"><ele>0.000000</ele><time>2024-09-27T18:17:27Z</time><extensions><speed>0.018743</speed><course>185.239659</course><hAcc>10.737114</hAcc><vAcc>-1.000000</vAcc></extensions></trkpt>
      <trkpt lon="-117.320958" lat="33.975612"><ele>0.000000</ele><time>2024-09-27T18:17:28Z</time><extensions><speed>0.022700</speed><course>180.640840</course><hAcc>10.755945</hAcc><vAcc>-1.000000</vAcc></extensions></trkpt>
      <trkpt lon="-117.320958" lat="33.975611"><ele>0.000000</ele><time>2024-09-27T18:17:29Z</time><extensions><speed>0.029256</speed><course>177.740063</course><hAcc>10.775008</hAcc><vAcc>-1.000000</vAcc></extensions></trkpt>
      <trkpt lon="-117.320958" lat="33.975611"><ele>0.000000</ele><time>2024-09-27T18:17:30Z</time><extensions><speed>0.030864</speed><course>174.604348</course><hAcc>10.794282</hAcc><vAcc>-1.000000</vAcc></extensions></trkpt>
      <trkpt lon="-117.320958" lat="33.975611"><ele>0.000000</ele><time>2024-09-27T18:17:31Z</time><extensions><speed>0.027261</speed><course>183.688485</course><hAcc>10.813750</hAcc><vAcc>-1.000000</vAcc></extensions></trkpt>
      <trkpt lon="-117.320958" lat="33.975611"><ele>0.000000</ele><time>2024-09-27T18:17:32Z</time><extensions><speed>0.025919</speed><course>192.306028</course><hAcc>10.833376</hAcc><vAcc>-1.000000</vAcc></extensions></trkpt>
      <trkpt lon="-117.320958" lat="33.975610"><ele>0.000000</ele><time>2024-09-27T18:17:33Z</time><extensions><speed>0.027253</speed><course>200.328306</course><hAcc>10.853135</hAcc><vAcc>-1.000000</vAcc></extensions></trkpt>
      <trkpt lon="-117.320958" lat="33.975610"><ele>0.000000</ele><time>2024-09-27T18:17:34Z</time><extensions><speed>0.031289</speed><course>206.636286</course><hAcc>10.873001</hAcc><vAcc>-1.000000</vAcc></extensions></trkpt>
      <trkpt lon="-117.320958" lat="33.975610"><ele>0.000000</ele><time>2024-09-27T18:17:35Z</time><extensions><speed>0.040155</speed><course>208.859305</course><hAcc>10.892961</hAcc><vAcc>-1.000000</vAcc></extensions></trkpt>
      <trkpt lon="-117.320959" lat="33.975610"><ele>0.000000</ele><time>2024-09-27T18:17:36Z</time><extensions><speed>0.051387</speed><course>211.384540</course><hAcc>10.912997</hAcc><vAcc>-1.000000</vAcc></extensions></trkpt>
      <trkpt lon="-117.320959" lat="33.975609"><ele>0.000000</ele><time>2024-09-27T18:17:37Z</time><extensions><speed>0.058622</speed><course>212.624116</course><hAcc>10.933094</hAcc><vAcc>-1.000000</vAcc></extensions></trkpt>
      <trkpt lon="-117.320959" lat="33.975609"><ele>0.000000</ele><time>2024-09-27T18:17:38Z</time><extensions><speed>0.063390</speed><course>206.707310</course><hAcc>10.953265</hAcc><vAcc>-1.000000</vAcc></extensions></trkpt>
      <trkpt lon="-117.320960" lat="33.975608"><ele>0.000000</ele><time>2024-09-27T18:17:39Z</time><extensions><speed>0.077375</speed><course>200.251116</course><hAcc>10.973520</hAcc><vAcc>-1.000000</vAcc></extensions></trkpt>
      <trkpt lon="-117.320960" lat="33.975607"><ele>0.000000</ele><time>2024-09-27T18:17:40Z</time><extensions><speed>0.096980</speed><course>197.329355</course><hAcc>10.993783</hAcc><vAcc>-1.000000</vAcc></extensions></trkpt>
      <trkpt lon="-117.320960" lat="33.975606"><ele>0.000000</ele><time>2024-09-27T18:17:40Z</time><extensions><speed>0.126327</speed><course>195.567993</course><hAcc>11.014044</hAcc><vAcc>-1.000000</vAcc></extensions></trkpt>
      <trkpt lon="-117.320960" lat="33.975605"><ele>0.000000</ele><time>2024-09-27T18:17:41Z</time><extensions><speed>0.138463</speed><course>186.783652</course><hAcc>11.034294</hAcc><vAcc>-1.000000</vAcc></extensions></trkpt>
      <trkpt lon="-117.320961" lat="33.975603"><ele>0.000000</ele><time>2024-09-27T18:17:42Z</time><extensions><speed>0.167291</speed><course>180.168037</course><hAcc>11.054526</hAcc><vAcc>-1.000000</vAcc></extensions></trkpt>
      <trkpt lon="-117.320960" lat="33.975601"><ele>0.000000</ele><time>2024-09-27T18:17:43Z</time><extensions><speed>0.214785</speed><course>175.903161</course><hAcc>11.074734</hAcc><vAcc>-1.000000</vAcc></extensions></trkpt>
      <trkpt lon="-117.320960" lat="33.975599"><ele>0.000000</ele><time>2024-09-27T18:17:44Z</time><extensions><speed>0.285155</speed><course>173.394412</course><hAcc>11.094910</hAcc><vAcc>-1.000000</vAcc></extensions></trkpt>
      <trkpt lon="-117.320960" lat="33.975596"><ele>0.000000</ele><time>2024-09-27T18:17:45Z</time><extensions><speed>0.338101</speed><course>171.998471</course><hAcc>11.115049</hAcc><vAcc>-1.000000</vAcc></extensions></trkpt>
      <trkpt lon="-117.320959" lat="33.975593"><ele>0.000000</ele><time>2024-09-27T18:17:46Z</time><extensions><speed>0.379873</speed><course>170.268334</course><hAcc>11.135145</hAcc><vAcc>-1.000000</vAcc></extensions></trkpt>
      <trkpt lon="-117.320958" lat="33.975590"><ele>0.000000</ele><time>2024-09-27T18:17:47Z</time><extensions><speed>0.406761</speed><course>167.158415</course><hAcc>11.155477</hAcc><vAcc>-1.000000</vAcc></extensions></trkpt>
      <trkpt lon="-117.320957" lat="33.975586"><ele>0.000000</ele><time>2024-09-27T18:17:48Z</time><extensions><speed>0.380869</speed><course>165.336183</course><hAcc>11.175819</hAcc><vAcc>-1.000000</vAcc></extensions></trkpt>
      <trkpt lon="-117.320956" lat="33.975583"><ele>0.000000</ele><time>2024-09-27T18:17:49Z</time><extensions><speed>0.274473</speed><course>165.350236</course><hAcc>11.196137</hAcc><vAcc>-1.000000</vAcc></extensions></trkpt>
      <trkpt lon="-117.320956" lat="33.975581"><ele>0.000000</ele><time>2024-09-27T18:17:50Z</time><extensions><speed>0.197464</speed><course>165.368414</course><hAcc>11.216405</hAcc><vAcc>-1.000000</vAcc></extensions></trkpt>
      <trkpt lon="-117.320955" lat="33.975580"><ele>0.000000</ele><time>2024-09-27T18:17:51Z</time><extensions><speed>0.141756</speed><course>165.392027</course><hAcc>11.236594</hAcc><vAcc>-1.000000</vAcc></extensions></trkpt>
      <trkpt lon="-117.320955" lat="33.975579"><ele>0.000000</ele><time>2024-09-27T18:17:52Z</time><extensions><speed>0.101488</speed><course>165.422866</course><hAcc>11.256688</hAcc><vAcc>-1.000000</vAcc></extensions></trkpt>
      <trkpt lon="-117.320955" lat="33.975578"><ele>0.000000</ele><time>2024-09-27T18:17:53Z</time><extensions><speed>0.072412</speed><course>165.463412</course><hAcc>11.276713</hAcc><vAcc>-1.000000</vAcc></extensions></trkpt>
      <trkpt lon="-117.320955" lat="33.975578"><ele>0.000000</ele><time>2024-09-27T18:17:54Z</time><extensions><speed>0.051451</speed><course>165.517155</course><hAcc>11.296828</hAcc><vAcc>-1.000000</vAcc></extensions></trkpt>
      <trkpt lon="-117.320954" lat="33.975577"><ele>0.000000</ele><time>2024-09-27T18:17:55Z</time><extensions><speed>0.036376</speed><course>165.589075</course><hAcc>11.317506</hAcc><vAcc>-1.000000</vAcc></extensions></trkpt>
      <trkpt lon="-117.320954" lat="33.975577"><ele>0.000000</ele><time>2024-09-27T18:17:56Z</time><extensions><speed>0.025753</speed><course>165.668492</course><hAcc>11.522425</hAcc><vAcc>-1.000000</vAcc></extensions></trkpt>
      <trkpt lon="-117.320954" lat="33.975577"><ele>0.000000</ele><time>2024-09-27T18:17:57Z</time><extensions><speed>0.017326</speed><course>165.782430</course><hAcc>11.764265</hAcc><vAcc>-1.000000</vAcc></extensions></trkpt>
      <trkpt lon="-117.320954" lat="33.975577"><ele>0.000000</ele><time>2024-09-27T18:17:58Z</time><extensions><speed>0.012016</speed><course>165.913332</course><hAcc>12.017907</hAcc><vAcc>-1.000000</vAcc></extensions></trkpt>
      <trkpt lon="-117.320954" lat="33.975577"><ele>0.000000</ele><time>2024-09-27T18:17:59Z</time><extensions><speed>0.008283</speed><course>166.076808</course><hAcc>12.302473</hAcc><vAcc>-1.000000</vAcc></extensions></trkpt>
      <trkpt lon="-117.320954" lat="33.975576"><ele>0.000000</ele><time>2024-09-27T18:18:00Z</time><extensions><speed>0.005691</speed><course>166.277169</course><hAcc>12.620583</hAcc><vAcc>-1.000000</vAcc></extensions></trkpt>
      <trkpt lon="-117.320954" lat="33.975576"><ele>0.000000</ele><time>2024-09-27T18:18:01Z</time><extensions><speed>0.003926</speed><course>166.513179</course><hAcc>12.977216</hAcc><vAcc>-1.000000</vAcc></extensions></trkpt>
      <trkpt lon="-117.320954" lat="33.975576"><ele>0.000000</ele><time>2024-09-27T18:18:02Z</time><extensions><speed>0.002759</speed><course>166.769461</course><hAcc>13.381138</hAcc><vAcc>-1.000000</vAcc></extensions></trkpt>
      <trkpt lon="-117.320954" lat="33.975576"><ele>0.000000</ele><time>2024-09-27T18:18:03Z</time><extensions><speed>0.002028</speed><course>167.006024</course><hAcc>13.848271</hAcc><vAcc>-1.000000</vAcc></extensions></trkpt>
      <trkpt lon="-117.320954" lat="33.975576"><ele>0.000000</ele><time>2024-09-27T18:18:04Z</time><extensions><speed>0.001615</speed><course>167.164231</course><hAcc>14.408270</hAcc><vAcc>-1.000000</vAcc></extensions></trkpt>
      <trkpt lon="-117.320954" lat="33.975576"><ele>0.000000</ele><time>2024-09-27T18:18:05Z</time><extensions><speed>0.001437</speed><course>167.215715</course><hAcc>15.116483</hAcc><vAcc>-1.000000</vAcc></extensions></trkpt>
      <trkpt lon="-117.321278" lat="33.975562"><ele>333.718766</ele><time>2024-09-27T18:19:02Z</time><extensions><speed>0.807311</speed><course>270.981825</course><hAcc>4.066058</hAcc><vAcc>1.438630</vAcc></extensions></trkpt>
      <trkpt lon="-117.321288" lat="33.975561"><ele>333.700940</ele><time>2024-09-27T18:19:03Z</time><extensions><speed>0.804091</speed><course>268.926220</course><hAcc>3.609417</hAcc><vAcc>1.252902</vAcc></extensions></trkpt>
      <trkpt lon="-117.321297" lat="33.975559"><ele>333.675000</ele><time>2024-09-27T18:19:04Z</time><extensions><speed>0.715842</speed><course>264.488192</course><hAcc>3.270174</hAcc><vAcc>1.108416</vAcc></extensions></trkpt>
      <trkpt lon="-117.321300" lat="33.975557"><ele>333.642108</ele><time>2024-09-27T18:19:05Z</time><extensions><speed>0.111801</speed><course>261.987358</course><hAcc>3.004755</hAcc><vAcc>0.999255</vAcc></extensions></trkpt>
      <trkpt lon="-117.321300" lat="33.975554"><ele>333.602113</ele><time>2024-09-27T18:19:06Z</time><extensions><speed>0.037113</speed><course>248.792423</course><hAcc>2.787865</hAcc><vAcc>0.919665</vAcc></extensions></trkpt>
      <trkpt lon="-117.321299" lat="33.975552"><ele>333.554774</ele><time>2024-09-27T18:19:07Z</time><extensions><speed>0.107733</speed><course>247.848912</course><hAcc>2.606803</hAcc><vAcc>0.863920</vAcc></extensions></trkpt>
      <trkpt lon="-117.321302" lat="33.975549"><ele>333.500244</ele><time>2024-09-27T18:19:08Z</time><extensions><speed>0.719649</speed><course>250.701903</course><hAcc>2.464161</hAcc><vAcc>0.826519</vAcc></extensions></trkpt>
      <trkpt lon="-117.321309" lat="33.975545"><ele>333.439483</ele><time>2024-09-27T18:19:09Z</time><extensions><speed>0.860629</speed><course>246.040647</course><hAcc>2.346409</hAcc><vAcc>0.802501</vAcc></extensions></trkpt>
      <trkpt lon="-117.321317" lat="33.975540"><ele>333.373477</ele><time>2024-09-27T18:19:10Z</time><extensions><speed>0.939467</speed><course>236.119514</course><hAcc>2.245228</hAcc><vAcc>0.787723</vAcc></extensions></trkpt>
      <trkpt lon="-117.321324" lat="33.975534"><ele>333.303112</ele><time>2024-09-27T18:19:11Z</time><extensions><speed>0.950739</speed><course>230.969759</course><hAcc>2.147929</hAcc><vAcc>0.778975</vAcc></extensions></trkpt>
      <trkpt lon="-117.321332" lat="33.975528"><ele>333.228139</ele><time>2024-09-27T18:19:12Z</time><extensions><speed>0.951123</speed><course>228.011183</course><hAcc>2.047108</hAcc><vAcc>0.773932</vAcc></extensions></trkpt>
      <trkpt lon="-117.321338" lat="33.975521"><ele>333.149420</ele><time>2024-09-27T18:19:13Z</time><extensions><speed>0.942273</speed><course>224.796319</course><hAcc>1.953197</hAcc><vAcc>0.771012</vAcc></extensions></trkpt>
      <trkpt lon="-117.321344" lat="33.975514"><ele>333.068049</ele><time>2024-09-27T18:19:14Z</time><extensions><speed>0.920940</speed><course>216.356296</course><hAcc>1.875551</hAcc><vAcc>0.769205</vAcc></extensions></trkpt>
      <trkpt lon="-117.321347" lat="33.975506"><ele>332.984044</ele><time>2024-09-27T18:19:15Z</time><extensions><speed>1.065994</speed><course>176.903515</course><hAcc>1.810005</hAcc><vAcc>0.767910</vAcc></extensions></trkpt>
      <trkpt lon="-117.321345" lat="33.975495"><ele>332.897968</ele><time>2024-09-27T18:19:16Z</time><extensions><speed>1.155660</speed><course>170.454661</course><hAcc>1.750437</hAcc><vAcc>0.766801</vAcc></extensions></trkpt>
      <trkpt lon="-117.321342" lat="33.975484"><ele>332.810408</ele><time>2024-09-27T18:19:17Z</time><extensions><speed>1.176387</speed><course>166.373393</course><hAcc>1.692954</hAcc><vAcc>0.765728</vAcc></extensions></trkpt>
      <trkpt lon="-117.321338" lat="33.975473"><ele>332.721744</ele><time>2024-09-27T18:19:18Z</time><extensions><speed>1.189344</speed><course>164.619446</course><hAcc>1.645469</hAcc><vAcc>0.764645</vAcc></extensions></trkpt>
      <trkpt lon="-117.321334" lat="33.975462"><ele>332.632660</ele><time>2024-09-27T18:19:19Z</time><extensions><speed>1.202846</speed><course>165.382672</course><hAcc>1.604218</hAcc><vAcc>0.763558</vAcc></extensions></trkpt>
      <trkpt lon="-117.321330" lat="33.975451"><ele>332.543493</ele><time>2024-09-27T18:19:20Z</time><extensions><speed>1.205524</speed><course>166.217824</course><hAcc>1.566287</hAcc><vAcc>0.762497</vAcc></extensions></trkpt>
      <trkpt lon="-117.321326" lat="33.975440"><ele>332.453779</ele><time>2024-09-27T18:19:21Z</time><extensions><speed>1.210416</speed><course>166.494207</course><hAcc>1.531643</hAcc><vAcc>0.761497</vAcc></extensions></trkpt>
      <trkpt lon="-117.321320" lat="33.975426"><ele>332.362472</ele><time>2024-09-27T18:19:22Z</time><extensions><speed>1.205122</speed><course>167.510657</course><hAcc>1.451474</hAcc><vAcc>0.760586</vAcc></extensions></trkpt>
      <trkpt lon="-117.321315" lat="33.975414"><ele>332.265762</ele><time>2024-09-27T18:19:23Z</time><extensions><speed>1.238242</speed><course>167.670696</course><hAcc>1.390728</hAcc><vAcc>0.759783</vAcc></extensions></trkpt>
      <trkpt lon="-117.321312" lat="33.975403"><ele>332.167232</ele><time>2024-09-27T18:19:24Z</time><extensions><speed>1.233842</speed><course>172.450533</course><hAcc>1.367076</hAcc><vAcc>0.759096</vAcc></extensions></trkpt>
      <trkpt lon="-117.321311" lat="33.975392"><ele>332.040936</ele><time>2024-09-27T18:19:25Z</time><extensions><speed>1.229769</speed><course>174.348853</course><hAcc>1.352564</hAcc><vAcc>0.758526</vAcc></extensions></trkpt>
      <trkpt lon="-117.321309" lat="33.975381"><ele>331.907405</ele><time>2024-09-27T18:19:26Z</time><extensions><speed>1.248229</speed><course>173.439479</course><hAcc>1.340374</hAcc><vAcc>0.758065</vAcc></extensions></trkpt>
      <trkpt lon="-117.321308" lat="33.975369"><ele>331.779224</ele><time>2024-09-27T18:19:27Z</time><extensions><speed>1.299781</speed><course>170.140482</course><hAcc>1.325145</hAcc><vAcc>0.757703</vAcc></extensions></trkpt>
      <trkpt lon="-117.321305" lat="33.975358"><ele>331.647787</ele><time>2024-09-27T18:19:28Z</time><extensions><speed>1.322614</speed><course>169.117680</course><hAcc>1.312578</hAcc><vAcc>0.757424</vAcc></extensions></trkpt>
      <trkpt lon="-117.321302" lat="33.975346"><ele>331.519900</ele><time>2024-09-27T18:19:29Z</time><extensions><speed>1.322145</speed><course>169.442857</course><hAcc>1.305848</hAcc><vAcc>0.757216</vAcc></extensions></trkpt>
      <trkpt lon="-117.321300" lat="33.975334"><ele>331.388651</ele><time>2024-09-27T18:19:30Z</time><extensions><speed>1.333128</speed><course>168.028468</course><hAcc>1.301656</hAcc><vAcc>0.757065</vAcc></extensions></trkpt>
      <trkpt lon="-117.321296" lat="33.975323"><ele>331.252078</ele><time>2024-09-27T18:19:31Z</time><extensions><speed>1.363971</speed><course>166.416396</course><hAcc>1.275419</hAcc><vAcc>0.756957</vAcc></extensions></trkpt>
      <trkpt lon="-117.321293" lat="33.975310"><ele>331.108095</ele><time>2024-09-27T18:19:32Z</time><extensions><speed>1.521349</speed><course>165.714355</course><hAcc>1.157660</hAcc><vAcc>0.756883</vAcc></extensions></trkpt>
      <trkpt lon="-117.321290" lat="33.975297"><ele>330.971681</ele><time>2024-09-27T18:19:33Z</time><extensions><speed>1.332448</speed><course>175.793198</course><hAcc>1.091083</hAcc><vAcc>0.756833</vAcc></extensions></trkpt>
      <trkpt lon="-117.321292" lat="33.975286"><ele>330.832575</ele><time>2024-09-27T18:19:34Z</time><extensions><speed>1.209960</speed><course>198.266814</course><hAcc>1.087024</hAcc><vAcc>0.756801</vAcc></extensions></trkpt>
      <trkpt lon="-117.321299" lat="33.975276"><ele>330.691862</ele><time>2024-09-27T18:19:35Z</time><extensions><speed>1.386129</speed><course>223.755403</course><hAcc>1.100664</hAcc><vAcc>0.756781</vAcc></extensions></trkpt>
      <trkpt lon="-117.321312" lat="33.975268"><ele>330.551581</ele><time>2024-09-27T18:19:36Z</time><extensions><speed>1.671568</speed><course>241.861543</course><hAcc>1.107014</hAcc><vAcc>0.756768</vAcc></extensions></trkpt>
      <trkpt lon="-117.321330" lat="33.975262"><ele>330.423637</ele><time>2024-09-27T18:19:37Z</time><extensions><speed>1.911755</speed><course>253.398695</course><hAcc>1.099914</hAcc><vAcc>0.756761</vAcc></extensions></trkpt>
      <trkpt lon="-117.321349" lat="33.975259"><ele>330.300159</ele><time>2024-09-27T18:19:38Z</time><extensions><speed>1.695766</speed><course>260.938506</course><hAcc>1.106471</hAcc><vAcc>0.756757</vAcc></extensions></trkpt>
      <trkpt lon="-117.321367" lat="33.975257"><ele>330.182396</ele><time>2024-09-27T18:19:39Z</time><extensions><speed>1.751431</speed><course>263.575289</course><hAcc>1.082509</hAcc><vAcc>0.756754</vAcc></extensions></trkpt>
      <trkpt lon="-117.321386" lat="33.975255"><ele>330.070098</ele><time>2024-09-27T18:19:40Z</time><extensions><speed>1.659161</speed><course>264.950540</course><hAcc>1.075915</hAcc><vAcc>0.756753</vAcc></extensions></trkpt>
      <trkpt lon="-117.321403" lat="33.975254"><ele>329.971560</ele><time>2024-09-27T18:19:41Z</time><extensions><speed>1.460306</speed><course>263.491521</course><hAcc>1.087367</hAcc><vAcc>0.756752</vAcc></extensions></trkpt>
      <trkpt lon="-117.321417" lat="33.975252"><ele>329.885059</ele><time>2024-09-27T18:19:42Z</time><extensions><speed>1.328392</speed><course>260.930735</course><hAcc>1.099639</hAcc><vAcc>0.756751</vAcc></extensions></trkpt>
      <trkpt lon="-117.321431" lat="33.975249"><ele>329.805901</ele><time>2024-09-27T18:19:43Z</time><extensions><speed>1.304699</speed><course>254.834712</course><hAcc>1.111544</hAcc><vAcc>0.756750</vAcc></extensions></trkpt>
      <trkpt lon="-117.321445" lat="33.975246"><ele>329.734974</ele><time>2024-09-27T18:19:44Z</time><extensions><speed>1.331820</speed><course>250.138693</course><hAcc>1.116129</hAcc><vAcc>0.756749</vAcc></extensions></trkpt>
      <trkpt lon="-117.321458" lat="33.975241"><ele>329.663876</ele><time>2024-09-27T18:19:45Z</time><extensions><speed>1.291932</speed><course>246.001604</course><hAcc>1.123877</hAcc><vAcc>0.756748</vAcc></extensions></trkpt>
      <trkpt lon="-117.321471" lat="33.975236"><ele>329.604001</ele><time>2024-09-27T18:19:46Z</time><extensions><speed>1.275446</speed><course>242.887568</course><hAcc>1.120206</hAcc><vAcc>0.756747</vAcc></extensions></trkpt>
      <trkpt lon="-117.321483" lat="33.975231"><ele>329.550588</ele><time>2024-09-27T18:19:47Z</time><extensions><speed>1.264273</speed><course>242.082996</course><hAcc>1.121764</hAcc><vAcc>0.756746</vAcc></extensions></trkpt>
      <trkpt lon="-117.321495" lat="33.975226"><ele>329.503662</ele><time>2024-09-27T18:19:48Z</time><extensions><speed>1.244438</speed><course>245.517143</course><hAcc>1.125838</hAcc><vAcc>0.756746</vAcc></extensions></trkpt>
      <trkpt lon="-117.321507" lat="33.975222"><ele>329.462528</ele><time>2024-09-27T18:19:49Z</time><extensions><speed>1.231437</speed><course>251.671705</course><hAcc>1.125617</hAcc><vAcc>0.756745</vAcc></extensions></trkpt>
      <trkpt lon="-117.321520" lat="33.975219"><ele>329.429849</ele><time>2024-09-27T18:19:50Z</time><extensions><speed>1.202713</speed><course>255.309646</course><hAcc>1.131287</hAcc><vAcc>0.756744</vAcc></extensions></trkpt>
      <trkpt lon="-117.321532" lat="33.975216"><ele>329.399500</ele><time>2024-09-27T18:19:51Z</time><extensions><speed>1.149250</speed><course>255.069191</course><hAcc>1.139157</hAcc><vAcc>0.756744</vAcc></extensions></trkpt>
      <trkpt lon="-117.321545" lat="33.975213"><ele>329.371988</ele><time>2024-09-27T18:19:52Z</time><extensions><speed>1.182378</speed><course>253.753036</course><hAcc>1.143203</hAcc><vAcc>0.756743</vAcc></extensions></trkpt>
      <trkpt lon="-117.321557" lat="33.975210"><ele>329.354863</ele><time>2024-09-27T18:19:53Z</time><extensions><speed>1.197954</speed><course>252.784334</course><hAcc>1.147574</hAcc><vAcc>0.756743</vAcc></extensions></trkpt>
      <trkpt lon="-117.321570" lat="33.975207"><ele>329.341781</ele><time>2024-09-27T18:19:54Z</time><extensions><speed>1.254709</speed><course>251.839803</course><hAcc>1.151806</hAcc><vAcc>0.756743</vAcc></extensions></trkpt>
      <trkpt lon="-117.321582" lat="33.975204"><ele>329.328168</ele><time>2024-09-27T18:19:55Z</time><extensions><speed>1.237276</speed><course>253.246805</course><hAcc>1.159586</hAcc><vAcc>0.756743</vAcc></extensions></trkpt>
      <trkpt lon="-117.321595" lat="33.975201"><ele>329.319588</ele><time>2024-09-27T18:19:56Z</time><extensions><speed>1.225042</speed><course>254.982762</course><hAcc>1.158974</hAcc><vAcc>0.756743</vAcc></extensions></trkpt>
      <trkpt lon="-117.321608" lat="33.975198"><ele>329.311316</ele><time>2024-09-27T18:19:57Z</time><extensions><speed>1.161039</speed><course>255.736849</course><hAcc>1.152900</hAcc><vAcc>0.756743</vAcc></extensions></trkpt>
      <trkpt lon="-117.321620" lat="33.975195"><ele>329.298544</ele><time>2024-09-27T18:19:58Z</time><extensions><speed>1.214441</speed><course>252.665504</course><hAcc>1.140240</hAcc><vAcc>0.756742</vAcc></extensions></trkpt>
      <trkpt lon="-117.321633" lat="33.975191"><ele>329.282634</ele><time>2024-09-27T18:19:59Z</time><extensions><speed>1.310440</speed><course>250.698789</course><hAcc>1.143047</hAcc><vAcc>0.756742</vAcc></extensions></trkpt>
      <trkpt lon="-117.321647" lat="33.975187"><ele>329.267028</ele><time>2024-09-27T18:20:00Z</time><extensions><speed>1.351130</speed><course>250.414360</course><hAcc>1.153179</hAcc><vAcc>0.756742</vAcc></extensions></trkpt>
      <trkpt lon="-117.321660" lat="33.975183"><ele>329.251128</ele><time>2024-09-27T18:20:01Z</time><extensions><speed>1.336098</speed><course>249.081589</course><hAcc>1.139602</hAcc><vAcc>0.756742</vAcc></extensions></trkpt>
      <trkpt lon="-117.321673" lat="33.975179"><ele>329.243022</ele><time>2024-09-27T18:20:02Z</time><extensions><speed>1.277216</speed><course>245.875035</course><hAcc>1.140855</hAcc><vAcc>0.756742</vAcc></extensions></trkpt>
      <trkpt lon="-117.321685" lat="33.975174"><ele>329.235507</ele><time>2024-09-27T18:20:03Z</time><extensions><speed>1.220638</speed><course>244.393948</course><hAcc>1.144694</hAcc><vAcc>0.756742</vAcc></extensions></trkpt>
      <trkpt lon="-117.321697" lat="33.975169"><ele>329.233788</ele><time>2024-09-27T18:20:04Z</time><extensions><speed>1.193070</speed><course>245.548654</course><hAcc>1.141776</hAcc><vAcc>0.756742</vAcc></extensions></trkpt>
      <trkpt lon="-117.321709" lat="33.975165"><ele>329.228717</ele><time>2024-09-27T18:20:05Z</time><extensions><speed>1.189269</speed><course>246.741663</course><hAcc>1.129686</hAcc><vAcc>0.756742</vAcc></extensions></trkpt>
      <trkpt lon="-117.321721" lat="33.975161"><ele>329.210522</ele><time>2024-09-27T18:20:06Z</time><extensions><speed>1.213997</speed><course>245.665519</course><hAcc>1.124934</hAcc><vAcc>0.756742</vAcc></extensions></trkpt>
      <trkpt lon="-117.321733" lat="33.975156"><ele>329.200228</ele><time>2024-09-27T18:20:07Z</time><extensions><speed>1.235615</speed><course>244.630553</course><hAcc>1.124565</hAcc><vAcc>0.756742</vAcc></extensions></trkpt>
      <trkpt lon="-117.321745" lat="33.975151"><ele>329.176460</ele><time>2024-09-27T18:20:08Z</time><extensions><speed>1.197144</speed><course>245.032017</course><hAcc>1.113563</hAcc><vAcc>0.756742</vAcc></extensions></trkpt>
      <trkpt lon="-117.321756" lat="33.975147"><ele>329.144585</ele><time>2024-09-27T18:20:09Z</time><extensions><speed>1.136658</speed><course>246.373067</course><hAcc>1.092803</hAcc><vAcc>0.756742</vAcc></extensions></trkpt>
      <trkpt lon="-117.321768" lat="33.975143"><ele>329.115918</ele><time>2024-09-27T18:20:10Z</time><extensions><speed>1.154242</speed><course>245.477936</course><hAcc>1.107605</hAcc><vAcc>0.756742</vAcc></extensions></trkpt>
      <trkpt lon="-117.321779" lat="33.975138"><ele>329.087225</ele><time>2024-09-27T18:20:11Z</time><extensions><speed>1.197873</speed><course>244.170511</course><hAcc>1.112393</hAcc><vAcc>0.756742</vAcc></extensions></trkpt>
      <trkpt lon="-117.321791" lat="33.975133"><ele>329.061120</ele><time>2024-09-27T18:20:12Z</time><extensions><speed>1.192803</speed><course>242.073659</course><hAcc>1.097275</hAcc><vAcc>0.756742</vAcc></extensions></trkpt>
      <trkpt lon="-117.321802" lat="33.975128"><ele>329.031968</ele><time>2024-09-27T18:20:13Z</time><extensions><speed>1.124119</speed><course>239.868915</course><hAcc>1.096518</hAcc><vAcc>0.756742</vAcc></extensions></trkpt>
      <trkpt lon="-117.321812" lat="33.975123"><ele>329.000361</ele><time>2024-09-27T18:20:14Z</time><extensions><speed>1.106620</speed><course>238.088066</course><hAcc>1.111344</hAcc><vAcc>0.756742</vAcc></extensions></trkpt>
      <trkpt lon="-117.321823" lat="33.975117"><ele>328.959763</ele><time>2024-09-27T18:20:15Z</time><extensions><speed>1.296940</speed><course>237.578670</course><hAcc>1.122105</hAcc><vAcc>0.756742</vAcc></extensions></trkpt>
      <trkpt lon="-117.321835" lat="33.975111"><ele>328.917177</ele><time>2024-09-27T18:20:16Z</time><extensions><speed>1.303251</speed><course>236.974283</course><hAcc>1.112116</hAcc><vAcc>0.756742</vAcc></extensions></trkpt>
      <trkpt lon="-117.321846" lat="33.975105"><ele>328.882325</ele><time>2024-09-27T18:20:17Z</time><extensions><speed>1.211378</speed><course>237.036135</course><hAcc>1.141848</hAcc><vAcc>0.756742</vAcc></extensions></trkpt>
      <trkpt lon="-117.321857" lat="33.975099"><ele>328.840478</ele><time>2024-09-27T18:20:18Z</time><extensions><speed>1.064843</speed><course>237.912982</course><hAcc>1.148462</hAcc><vAcc>0.756742</vAcc></extensions></trkpt>
      <trkpt lon="-117.321866" lat="33.975094"><ele>328.800072</ele><time>2024-09-27T18:20:19Z</time><extensions><speed>1.088458</speed><course>236.517216</course><hAcc>1.138188</hAcc><vAcc>0.756742</vAcc></extensions></trkpt>
      <trkpt lon="-117.321877" lat="33.975088"><ele>328.754015</ele><time>2024-09-27T18:20:20Z</time><extensions><speed>1.186246</speed><course>234.119923</course><hAcc>1.151939</hAcc><vAcc>0.756742</vAcc></extensions></trkpt>
      <trkpt lon="-117.321887" lat="33.975082"><ele>328.706723</ele><time>2024-09-27T18:20:21Z</time><extensions><speed>1.202456</speed><course>232.934480</course><hAcc>1.156271</hAcc><vAcc>0.756742</vAcc></extensions></trkpt>
      <trkpt lon="-117.321897" lat="33.975075"><ele>328.658378</ele><time>2024-09-27T18:20:22Z</time><extensions><speed>1.201624</speed><course>229.728496</course><hAcc>1.155333</hAcc><vAcc>0.756742</vAcc></extensions></trkpt>
      <trkpt lon="-117.321907" lat="33.975068"><ele>328.608997</ele><time>2024-09-27T18:20:23Z</time><extensions><speed>1.312914</speed><course>229.840699</course><hAcc>1.140681</hAcc><vAcc>0.756742</vAcc></extensions></trkpt>
      <trkpt lon="-117.321919" lat="33.975060"><ele>328.554636</ele><time>2024-09-27T18:20:24Z</time><extensions><speed>1.357718</speed><course>231.540272</course><hAcc>1.139747</hAcc><vAcc>0.756742</vAcc></extensions></trkpt>
      <trkpt lon="-117.321930" lat="33.975053"><ele>328.496392</ele><time>2024-09-27T18:20:25Z</time><extensions><speed>1.343344</speed><course>233.793806</course><hAcc>1.159755</hAcc><vAcc>0.756742</vAcc></extensions></trkpt>
      <trkpt lon="-117.321942" lat="33.975046"><ele>328.439490</ele><time>2024-09-27T18:20:26Z</time><extensions><speed>1.328933</speed><course>235.275549</course><hAcc>1.146928</hAcc><vAcc>0.756742</vAcc></extensions></trkpt>
      <trkpt lon="-117.321954" lat="33.975039"><ele>328.379785</ele><time>2024-09-27T18:20:27Z</time><extensions><speed>1.287050</speed><course>237.196876</course><hAcc>1.147197</hAcc><vAcc>0.756742</vAcc></extensions></trkpt>
      <trkpt lon="-117.321966" lat="33.975033"><ele>328.320128</ele><time>2024-09-27T18:20:28Z</time><extensions><speed>1.268190</speed><course>238.780612</course><hAcc>1.156270</hAcc><vAcc>0.756742</vAcc></extensions></trkpt>
      <trkpt lon="-117.321977" lat="33.975028"><ele>328.258732</ele><time>2024-09-27T18:20:29Z</time><extensions><speed>1.187863</speed><course>239.666637</course><hAcc>1.161924</hAcc><vAcc>0.756742</vAcc></extensions></trkpt>
      <trkpt lon="-117.321988" lat="33.975022"><ele>328.195768</ele><time>2024-09-27T18:20:30Z</time><extensions><speed>1.121357</speed><course>240.576991</course><hAcc>1.162669</hAcc><vAcc>0.756742</vAcc></extensions></trkpt>
      <trkpt lon="-117.321999" lat="33.975017"><ele>328.133420</ele><time>2024-09-27T18:20:31Z</time><extensions><speed>1.231463</speed><course>241.048589</course><hAcc>1.155895</hAcc><vAcc>0.756742</vAcc></extensions></trkpt>
      <trkpt lon="-117.322011" lat="33.975012"><ele>328.077241</ele><time>2024-09-27T18:20:32Z</time><extensions><speed>1.294702</speed><course>242.028398</course><hAcc>1.143918</hAcc><vAcc>0.756742</vAcc></extensions></trkpt>
      <trkpt lon="-117.322024" lat="33.975006"><ele>328.024225</ele><time>2024-09-27T18:20:33Z</time><extensions><speed>1.342514</speed><course>242.972297</course><hAcc>1.146022</hAcc><vAcc>0.756742</vAcc></extensions></trkpt>
      <trkpt lon="-117.322037" lat="33.975001"><ele>327.983238</ele><time>2024-09-27T18:20:34Z</time><extensions><speed>1.327415</speed><course>245.167255</course><hAcc>1.162693</hAcc><vAcc>0.756742</vAcc></extensions></trkpt>
      <trkpt lon="-117.322050" lat="33.974996"><ele>327.939365</ele><time>2024-09-27T18:20:35Z</time><extensions><speed>1.308722</speed><course>248.787714</course><hAcc>1.131566</hAcc><vAcc>0.756742</vAcc></extensions></trkpt>
      <trkpt lon="-117.322063" lat="33.974992"><ele>327.896544</ele><time>2024-09-27T18:20:36Z</time><extensions><speed>1.234180</speed><course>250.688735</course><hAcc>1.127763</hAcc><vAcc>0.756742</vAcc></extensions></trkpt>
      <trkpt lon="-117.322075" lat="33.974989"><ele>327.854846</ele><time>2024-09-27T18:20:37Z</time><extensions><speed>1.220392</speed><course>250.031780</course><hAcc>1.139138</hAcc><vAcc>0.756742</vAcc></extensions></trkpt>
      <trkpt lon="-117.322088" lat="33.974985"><ele>327.822635</ele><time>2024-09-27T18:20:38Z</time><extensions><speed>1.259424</speed><course>249.907986</course><hAcc>1.147616</hAcc><vAcc>0.756742</vAcc></extensions></trkpt>
      <trkpt lon="-117.322100" lat="33.974981"><ele>327.799906</ele><time>2024-09-27T18:20:39Z</time><extensions><speed>1.212392</speed><course>251.592126</course><hAcc>1.140120</hAcc><vAcc>0.756742</vAcc></extensions></trkpt>
      <trkpt lon="-117.322113" lat="33.974978"><ele>327.781190</ele><time>2024-09-27T18:20:40Z</time><extensions><speed>1.175897</speed><course>250.828893</course><hAcc>1.138246</hAcc><vAcc>0.756742</vAcc></extensions></trkpt>
      <trkpt lon="-117.322125" lat="33.974974"><ele>327.762889</ele><time>2024-09-27T18:20:41Z</time><extensions><speed>1.291511</speed><course>249.932078</course><hAcc>1.141770</hAcc><vAcc>0.756742</vAcc></extensions></trkpt>
      <trkpt lon="-117.322139" lat="33.974970"><ele>327.753921</ele><time>2024-09-27T18:20:42Z</time><extensions><speed>1.407056</speed><course>249.696175</course><hAcc>1.116025</hAcc><vAcc>0.756742</vAcc></extensions></trkpt>
      <trkpt lon="-117.322153" lat="33.974965"><ele>327.738780</ele><time>2024-09-27T18:20:43Z</time><extensions><speed>1.426730</speed><course>250.960659</course><hAcc>1.111598</hAcc><vAcc>0.756742</vAcc></extensions></trkpt>
      <trkpt lon="-117.322168" lat="33.974962"><ele>327.732863</ele><time>2024-09-27T18:20:44Z</time><extensions><speed>1.338425</speed><course>253.419816</course><hAcc>1.142012</hAcc><vAcc>0.756742</vAcc></extensions></trkpt>
      <trkpt lon="-117.322181" lat="33.974959"><ele>327.715995</ele><time>2024-09-27T18:20:45Z</time><extensions><speed>1.316687</speed><course>258.329556</course><hAcc>1.119858</hAcc><vAcc>0.756742</vAcc></extensions></trkpt>
      <trkpt lon="-117.322195" lat="33.974957"><ele>327.693672</ele><time>2024-09-27T18:20:46Z</time><extensions><speed>1.276673</speed><course>263.689935</course><hAcc>1.125269</hAcc><vAcc>0.756742</vAcc></extensions></trkpt>
      <trkpt lon="-117.322209" lat="33.974956"><ele>327.679802</ele><time>2024-09-27T18:20:47Z</time><extensions><speed>1.217669</speed><course>269.497179</course><hAcc>1.140825</hAcc><vAcc>0.756742</vAcc></extensions></trkpt>
      <trkpt lon="-117.322222" lat="33.974956"><ele>327.665687</ele><time>2024-09-27T18:20:48Z</time><extensions><speed>1.253477</speed><course>271.099215</course><hAcc>1.158474</hAcc><vAcc>0.756742</vAcc></extensions></trkpt>
      <trkpt lon="-117.322236" lat="33.974956"><ele>327.649905</ele><time>2024-09-27T18:20:49Z</time><extensions><speed>1.290531</speed><course>270.508042</course><hAcc>1.170781</hAcc><vAcc>0.756742</vAcc></extensions></trkpt>
      <trkpt lon="-117.322250" lat="33.974956"><ele>327.638596</ele><time>2024-09-27T18:20:50Z</time><extensions><speed>1.295061</speed><course>270.397047</course><hAcc>1.183020</hAcc><vAcc>0.756742</vAcc></extensions></trkpt>
      <trkpt lon="-117.322264" lat="33.974956"><ele>327.633773</ele><time>2024-09-27T18:20:51Z</time><extensions><speed>1.246835</speed><course>265.925435</course><hAcc>1.192174</hAcc><vAcc>0.756742</vAcc></extensions></trkpt>
      <trkpt lon="-117.322277" lat="33.974955"><ele>327.624794</ele><time>2024-09-27T18:20:52Z</time><extensions><speed>1.301604</speed><course>262.809869</course><hAcc>1.200481</hAcc><vAcc>0.756742</vAcc></extensions></trkpt>
      <trkpt lon="-117.322292" lat="33.974953"><ele>327.612544</ele><time>2024-09-27T18:20:53Z</time><extensions><speed>1.349593</speed><course>259.064973</course><hAcc>1.205430</hAcc><vAcc>0.756742</vAcc></extensions></trkpt>
      <trkpt lon="-117.322306" lat="33.974950"><ele>327.607679</ele><time>2024-09-27T18:20:54Z</time><extensions><speed>1.414261</speed><course>255.979266</course><hAcc>1.204615</hAcc><vAcc>0.756742</vAcc></extensions></trkpt>
      <trkpt lon="-117.322321" lat="33.974947"><ele>327.606830</ele><time>2024-09-27T18:20:55Z</time><extensions><speed>1.465931</speed><course>254.175979</course><hAcc>1.199479</hAcc><vAcc>0.756742</vAcc></extensions></trkpt>
      <trkpt lon="-117.322336" lat="33.974944"><ele>327.611888</ele><time>2024-09-27T18:20:56Z</time><extensions><speed>1.406340</speed><course>254.134682</course><hAcc>1.194490</hAcc><vAcc>0.756742</vAcc></extensions></trkpt>
      <trkpt lon="-117.322351" lat="33.974940"><ele>327.616314</ele><time>2024-09-27T18:20:57Z</time><extensions><speed>1.354542</speed><course>255.614082</course><hAcc>1.186077</hAcc><vAcc>0.756742</vAcc></extensions></trkpt>
      <trkpt lon="-117.322364" lat="33.974938"><ele>327.618860</ele><time>2024-09-27T18:20:58Z</time><extensions><speed>1.297783</speed><course>257.646579</course><hAcc>1.179388</hAcc><vAcc>0.756742</vAcc></extensions></trkpt>
      <trkpt lon="-117.322378" lat="33.974935"><ele>327.617875</ele><time>2024-09-27T18:20:59Z</time><extensions><speed>1.309647</speed><course>259.302376</course><hAcc>1.182183</hAcc><vAcc>0.756742</vAcc></extensions></trkpt>
      <trkpt lon="-117.322393" lat="33.974933"><ele>327.626622</ele><time>2024-09-27T18:21:00Z</time><extensions><speed>1.391465</speed><course>263.364118</course><hAcc>1.176858</hAcc><vAcc>0.756742</vAcc></extensions></trkpt>
      <trkpt lon="-117.322408" lat="33.974932"><ele>327.641170</ele><time>2024-09-27T18:21:01Z</time><extensions><speed>1.361479</speed><course>268.115805</course><hAcc>1.185249</hAcc><vAcc>0.756742</vAcc></extensions></trkpt>
      <trkpt lon="-117.322422" lat="33.974932"><ele>327.652941</ele><time>2024-09-27T18:21:02Z</time><extensions><speed>1.318078</speed><course>271.521818</course><hAcc>1.195233</hAcc><vAcc>0.756742</vAcc></extensions></trkpt>
      <trkpt lon="-117.322436" lat="33.974933"><ele>327.665942</ele><time>2024-09-27T18:21:03Z</time><extensions><speed>1.234224</speed><course>270.450448</course><hAcc>1.196310</hAcc><vAcc>0.756742</vAcc></extensions></trkpt>
      <trkpt lon="-117.322449" lat="33.974932"><ele>327.675451</ele><time>2024-09-27T18:21:04Z</time><extensions><speed>1.190186</speed><course>268.099380</course><hAcc>1.209539</hAcc><vAcc>0.756742</vAcc></extensions></trkpt>
      <trkpt lon="-117.322462" lat="33.974932"><ele>327.681339</ele><time>2024-09-27T18:21:05Z</time><extensions><speed>1.162464</speed><course>270.241675</course><hAcc>1.216994</hAcc><vAcc>0.756742</vAcc></extensions></trkpt>
      <trkpt lon="-117.322474" lat="33.974932"><ele>327.685657</ele><time>2024-09-27T18:21:06Z</time><extensions><speed>1.142074</speed><course>270.802012</course><hAcc>1.217522</hAcc><vAcc>0.756742</vAcc></extensions></trkpt>
      <trkpt lon="-117.322486" lat="33.974932"><ele>327.677908</ele><time>2024-09-27T18:21:07Z</time><extensions><speed>1.138228</speed><course>270.143107</course><hAcc>1.215546</hAcc><vAcc>0.756742</vAcc></extensions></trkpt>
      <trkpt lon="-117.322499" lat="33.974932"><ele>327.663841</ele><time>2024-09-27T18:21:08Z</time><extensions><speed>1.156983</speed><course>270.042569</course><hAcc>1.215809</hAcc><vAcc>0.756742</vAcc></extensions></trkpt>
      <trkpt lon="-117.322512" lat="33.974932"><ele>327.651621</ele><time>2024-09-27T18:21:09Z</time><extensions><speed>1.225250</speed><course>270.353973</course><hAcc>1.224116</hAcc><vAcc>0.756742</vAcc></extensions></trkpt>
      <trkpt lon="-117.322525" lat="33.974932"><ele>327.632312</ele><time>2024-09-27T18:21:10Z</time><extensions><speed>1.236984</speed><course>267.137417</course><hAcc>1.214605</hAcc><vAcc>0.756923</vAcc></extensions></trkpt>
      <trkpt lon="-117.322539" lat="33.974931"><ele>327.608177</ele><time>2024-09-27T18:21:11Z</time><extensions><speed>1.254221</speed><course>265.167608</course><hAcc>1.213280</hAcc><vAcc>0.757006</vAcc></extensions></trkpt>
      <trkpt lon="-117.322552" lat="33.974931"><ele>327.582028</ele><time>2024-09-27T18:21:12Z</time><extensions><speed>1.247889</speed><course>265.970133</course><hAcc>1.228345</hAcc><vAcc>0.757105</vAcc></extensions></trkpt>
      <trkpt lon="-117.322565" lat="33.974930"><ele>327.550053</ele><time>2024-09-27T18:21:13Z</time><extensions><speed>1.204768</speed><course>268.859425</course><hAcc>1.238065</hAcc><vAcc>0.757220</vAcc></extensions></trkpt>
      <trkpt lon="-117.322579" lat="33.974930"><ele>327.517933</ele><time>2024-09-27T18:21:14Z</time><extensions><speed>1.265622</speed><course>270.734627</course><hAcc>1.229295</hAcc><vAcc>0.757350</vAcc></extensions></trkpt>
      <trkpt lon="-117.322593" lat="33.974930"><ele>327.488872</ele><time>2024-09-27T18:21:15Z</time><extensions><speed>1.311711</speed><course>271.330011</course><hAcc>1.241096</hAcc><vAcc>0.757490</vAcc></extensions></trkpt>
      <trkpt lon="-117.322607" lat="33.974931"><ele>327.465862</ele><time>2024-09-27T18:21:16Z</time><extensions><speed>1.322967</speed><course>271.939050</course><hAcc>1.264545</hAcc><vAcc>0.757635</vAcc></extensions></trkpt>
      <trkpt lon="-117.322621" lat="33.974931"><ele>327.450296</ele><time>2024-09-27T18:21:17Z</time><extensions><speed>1.332915</speed><course>275.007695</course><hAcc>1.279402</hAcc><vAcc>0.757774</vAcc></extensions></trkpt>
      <trkpt lon="-117.322636" lat="33.974933"><ele>327.430410</ele><time>2024-09-27T18:21:18Z</time><extensions><speed>1.346523</speed><course>278.862505</course><hAcc>1.296861</hAcc><vAcc>0.757893</vAcc></extensions></trkpt>
      <trkpt lon="-117.322650" lat="33.974935"><ele>327.400509</ele><time>2024-09-27T18:21:19Z</time><extensions><speed>1.411300</speed><course>282.207465</course><hAcc>1.315523</hAcc><vAcc>0.757974</vAcc></extensions></trkpt>
      <trkpt lon="-117.322665" lat="33.974938"><ele>327.373807</ele><time>2024-09-27T18:21:20Z</time><extensions><speed>1.371284</speed><course>284.189758</course><hAcc>1.332088</hAcc><vAcc>0.758244</vAcc></extensions></trkpt>
      <trkpt lon="-117.322679" lat="33.974941"><ele>327.357109</ele><time>2024-09-27T18:21:21Z</time><extensions><speed>1.322775</speed><course>285.146746</course><hAcc>1.319302</hAcc><vAcc>0.758836</vAcc></extensions></trkpt>
      <trkpt lon="-117.322693" lat="33.974944"><ele>327.349420</ele><time>2024-09-27T18:21:22Z</time><extensions><speed>1.263912</speed><course>283.559580</course><hAcc>1.312267</hAcc><vAcc>0.759601</vAcc></extensions></trkpt>
      <trkpt lon="-117.322706" lat="33.974946"><ele>327.348629</ele><time>2024-09-27T18:21:23Z</time><extensions><speed>1.221827</speed><course>278.933106</course><hAcc>1.306129</hAcc><vAcc>0.760890</vAcc></extensions></trkpt>
      <trkpt lon="-117.322719" lat="33.974947"><ele>327.358060</ele><time>2024-09-27T18:21:24Z</time><extensions><speed>1.226392</speed><course>275.887510</course><hAcc>1.301491</hAcc><vAcc>0.762268</vAcc></extensions></trkpt>
      <trkpt lon="-117.322732" lat="33.974948"><ele>327.383610</ele><time>2024-09-27T18:21:25Z</time><extensions><speed>1.256182</speed><course>272.417745</course><hAcc>1.300990</hAcc><vAcc>0.763530</vAcc></extensions></trkpt>
      <trkpt lon="-117.322746" lat="33.974948"><ele>327.408672</ele><time>2024-09-27T18:21:26Z</time><extensions><speed>1.306539</speed><course>267.268317</course><hAcc>1.316203</hAcc><vAcc>0.764950</vAcc></extensions></trkpt>
      <trkpt lon="-117.322760" lat="33.974947"><ele>327.433505</ele><time>2024-09-27T18:21:27Z</time><extensions><speed>1.313544</speed><course>262.388530</course><hAcc>1.310988</hAcc><vAcc>0.766504</vAcc></extensions></trkpt>
      <trkpt lon="-117.322774" lat="33.974945"><ele>327.462859</ele><time>2024-09-27T18:21:28Z</time><extensions><speed>1.292032</speed><course>259.962840</course><hAcc>1.305391</hAcc><vAcc>0.768116</vAcc></extensions></trkpt>
      <trkpt lon="-117.322788" lat="33.974943"><ele>327.504618</ele><time>2024-09-27T18:21:29Z</time><extensions><speed>1.285249</speed><course>257.754354</course><hAcc>1.304818</hAcc><vAcc>0.769766</vAcc></extensions></trkpt>
      <trkpt lon="-117.322802" lat="33.974940"><ele>327.543138</ele><time>2024-09-27T18:21:30Z</time><extensions><speed>1.286891</speed><course>259.267022</course><hAcc>1.302964</hAcc><vAcc>0.771272</vAcc></extensions></trkpt>
      <trkpt lon="-117.322816" lat="33.974938"><ele>327.589314</ele><time>2024-09-27T18:21:31Z</time><extensions><speed>1.381495</speed><course>260.648833</course><hAcc>1.305091</hAcc><vAcc>0.772519</vAcc></extensions></trkpt>
      <trkpt lon="-117.322831" lat="33.974936"><ele>327.637053</ele><time>2024-09-27T18:21:32Z</time><extensions><speed>1.439422</speed><course>261.174635</course><hAcc>1.306361</hAcc><vAcc>0.773205</vAcc></extensions></trkpt>
      <trkpt lon="-117.322846" lat="33.974934"><ele>327.680358</ele><time>2024-09-27T18:21:33Z</time><extensions><speed>1.371832</speed><course>261.217855</course><hAcc>1.323226</hAcc><vAcc>0.773165</vAcc></extensions></trkpt>
      <trkpt lon="-117.322860" lat="33.974932"><ele>327.724250</ele><time>2024-09-27T18:21:34Z</time><extensions><speed>1.275128</speed><course>263.229666</course><hAcc>1.292575</hAcc><vAcc>0.772541</vAcc></extensions></trkpt>
      <trkpt lon="-117.322874" lat="33.974931"><ele>327.759830</ele><time>2024-09-27T18:21:35Z</time><extensions><speed>1.269557</speed><course>266.198702</course><hAcc>1.288810</hAcc><vAcc>0.771480</vAcc></extensions></trkpt>
      <trkpt lon="-117.322888" lat="33.974931"><ele>327.796408</ele><time>2024-09-27T18:21:36Z</time><extensions><speed>1.354794</speed><course>265.922058</course><hAcc>1.305046</hAcc><vAcc>0.770180</vAcc></extensions></trkpt>
      <trkpt lon="-117.322903" lat="33.974930"><ele>327.816356</ele><time>2024-09-27T18:21:37Z</time><extensions><speed>1.394687</speed><course>264.517765</course><hAcc>1.317624</hAcc><vAcc>0.768809</vAcc></extensions></trkpt>
      <trkpt lon="-117.322918" lat="33.974928"><ele>327.828886</ele><time>2024-09-27T18:21:38Z</time><extensions><speed>1.372839</speed><course>263.720580</course><hAcc>1.329022</hAcc><vAcc>0.767472</vAcc></extensions></trkpt>
      <trkpt lon="-117.322933" lat="33.974927"><ele>327.831948</ele><time>2024-09-27T18:21:39Z</time><extensions><speed>1.327091</speed><course>262.616284</course><hAcc>1.333544</hAcc><vAcc>0.766214</vAcc></extensions></trkpt>
      <trkpt lon="-117.322947" lat="33.974925"><ele>327.828946</ele><time>2024-09-27T18:21:40Z</time><extensions><speed>1.274289</speed><course>263.300095</course><hAcc>1.336007</hAcc><vAcc>0.765031</vAcc></extensions></trkpt>
      <trkpt lon="-117.322960" lat="33.974924"><ele>327.814459</ele><time>2024-09-27T18:21:41Z</time><extensions><speed>1.286676</speed><course>265.924260</course><hAcc>1.341485</hAcc><vAcc>0.763900</vAcc></extensions></trkpt>
      <trkpt lon="-117.322975" lat="33.974924"><ele>327.798013</ele><time>2024-09-27T18:21:42Z</time><extensions><speed>1.391760</speed><course>267.579355</course><hAcc>1.342180</hAcc><vAcc>0.762806</vAcc></extensions></trkpt>
      <trkpt lon="-117.322990" lat="33.974923"><ele>327.780918</ele><time>2024-09-27T18:21:43Z</time><extensions><speed>1.365296</speed><course>267.777065</course><hAcc>1.336308</hAcc><vAcc>0.761763</vAcc></extensions></trkpt>
      <trkpt lon="-117.323004" lat="33.974923"><ele>327.766345</ele><time>2024-09-27T18:21:44Z</time><extensions><speed>1.324537</speed><course>268.220735</course><hAcc>1.329026</hAcc><vAcc>0.760802</vAcc></extensions></trkpt>
      <trkpt lon="-117.323018" lat="33.974923"><ele>327.744551</ele><time>2024-09-27T18:21:45Z</time><extensions><speed>1.199210</speed><course>270.704681</course><hAcc>1.321132</hAcc><vAcc>0.759950</vAcc></extensions></trkpt>
      <trkpt lon="-117.323031" lat="33.974923"><ele>327.712479</ele><time>2024-09-27T18:21:46Z</time><extensions><speed>1.158568</speed><course>272.806506</course><hAcc>1.321721</hAcc><vAcc>0.759219</vAcc></extensions></trkpt>
      <trkpt lon="-117.323043" lat="33.974924"><ele>327.684008</ele><time>2024-09-27T18:21:47Z</time><extensions><speed>1.149336</speed><course>275.304954</course><hAcc>1.311161</hAcc><vAcc>0.758612</vAcc></extensions></trkpt>
      <trkpt lon="-117.323056" lat="33.974925"><ele>327.659167</ele><time>2024-09-27T18:21:48Z</time><extensions><speed>1.169520</speed><course>277.133730</course><hAcc>1.304199</hAcc><vAcc>0.758326</vAcc></extensions></trkpt>
      <trkpt lon="-117.323068" lat="33.974926"><ele>327.635999</ele><time>2024-09-27T18:21:49Z</time><extensions><speed>1.225334</speed><course>278.514341</course><hAcc>1.299865</hAcc><vAcc>0.758441</vAcc></extensions></trkpt>
      <trkpt lon="-117.323082" lat="33.974928"><ele>327.604197</ele><time>2024-09-27T18:21:50Z</time><extensions><speed>1.230137</speed><course>278.614403</course><hAcc>1.294592</hAcc><vAcc>0.758638</vAcc></extensions></trkpt>
      <trkpt lon="-117.323095" lat="33.974929"><ele>327.577320</ele><time>2024-09-27T18:21:51Z</time><extensions><speed>1.252398</speed><course>275.425543</course><hAcc>1.292261</hAcc><vAcc>0.759355</vAcc></extensions></trkpt>
      <trkpt lon="-117.323109" lat="33.974930"><ele>327.563732</ele><time>2024-09-27T18:21:52Z</time><extensions><speed>1.290672</speed><course>269.458512</course><hAcc>1.293420</hAcc><vAcc>0.760341</vAcc></extensions></trkpt>
      <trkpt lon="-117.323123" lat="33.974929"><ele>327.550178</ele><time>2024-09-27T18:21:53Z</time><extensions><speed>1.360256</speed><course>263.025380</course><hAcc>1.290576</hAcc><vAcc>0.761520</vAcc></extensions></trkpt>
      <trkpt lon="-117.323137" lat="33.974926"><ele>327.533460</ele><time>2024-09-27T18:21:54Z</time><extensions><speed>1.326908</speed><course>255.191265</course><hAcc>1.296030</hAcc><vAcc>0.763460</vAcc></extensions></trkpt>
      <trkpt lon="-117.323150" lat="33.974923"><ele>327.507148</ele><time>2024-09-27T18:21:55Z</time><extensions><speed>1.225116</speed><course>248.352542</course><hAcc>1.310824</hAcc><vAcc>0.765725</vAcc></extensions></trkpt>
      <trkpt lon="-117.323162" lat="33.974919"><ele>327.473858</ele><time>2024-09-27T18:21:56Z</time><extensions><speed>1.183771</speed><course>249.247063</course><hAcc>1.327798</hAcc><vAcc>0.768191</vAcc></extensions></trkpt>
      <trkpt lon="-117.323175" lat="33.974916"><ele>327.443422</ele><time>2024-09-27T18:21:57Z</time><extensions><speed>1.199131</speed><course>255.195035</course><hAcc>1.357686</hAcc><vAcc>0.771048</vAcc></extensions></trkpt>
      <trkpt lon="-117.323187" lat="33.974913"><ele>327.418095</ele><time>2024-09-27T18:21:58Z</time><extensions><speed>1.198385</speed><course>262.300934</course><hAcc>1.376413</hAcc><vAcc>0.773911</vAcc></extensions></trkpt>
      <trkpt lon="-117.323201" lat="33.974912"><ele>327.380990</ele><time>2024-09-27T18:21:59Z</time><extensions><speed>1.246001</speed><course>265.182473</course><hAcc>1.383978</hAcc><vAcc>0.776730</vAcc></extensions></trkpt>
      <trkpt lon="-117.323214" lat="33.974911"><ele>327.338319</ele><time>2024-09-27T18:22:00Z</time><extensions><speed>1.196650</speed><course>265.197112</course><hAcc>1.388242</hAcc><vAcc>0.779390</vAcc></extensions></trkpt>
      <trkpt lon="-117.323227" lat="33.974910"><ele>327.280939</ele><time>2024-09-27T18:22:01Z</time><extensions><speed>1.190474</speed><course>263.989307</course><hAcc>1.395355</hAcc><vAcc>0.781724</vAcc></extensions></trkpt>
      <trkpt lon="-117.323240" lat="33.974909"><ele>327.212366</ele><time>2024-09-27T18:22:02Z</time><extensions><speed>1.270568</speed><course>261.536458</course><hAcc>1.396789</hAcc><vAcc>0.783456</vAcc></extensions></trkpt>
      <trkpt lon="-117.323254" lat="33.974907"><ele>327.151360</ele><time>2024-09-27T18:22:03Z</time><extensions><speed>1.281145</speed><course>260.404427</course><hAcc>1.405868</hAcc><vAcc>0.784589</vAcc></extensions></trkpt>
      <trkpt lon="-117.323267" lat="33.974905"><ele>327.084703</ele><time>2024-09-27T18:22:04Z</time><extensions><speed>1.274899</speed><course>260.861718</course><hAcc>1.415637</hAcc><vAcc>0.785123</vAcc></extensions></trkpt>
      <trkpt lon="-117.323281" lat="33.974903"><ele>327.012987</ele><time>2024-09-27T18:22:05Z</time><extensions><speed>1.247916</speed><course>261.118333</course><hAcc>1.413541</hAcc><vAcc>0.784983</vAcc></extensions></trkpt>
      <trkpt lon="-117.323294" lat="33.974902"><ele>326.942255</ele><time>2024-09-27T18:22:06Z</time><extensions><speed>1.238363</speed><course>262.168083</course><hAcc>1.416049</hAcc><vAcc>0.784176</vAcc></extensions></trkpt>
      <trkpt lon="-117.323308" lat="33.974900"><ele>326.870101</ele><time>2024-09-27T18:22:07Z</time><extensions><speed>1.279172</speed><course>263.571768</course><hAcc>1.428741</hAcc><vAcc>0.782757</vAcc></extensions></trkpt>
      <trkpt lon="-117.323322" lat="33.974899"><ele>326.801604</ele><time>2024-09-27T18:22:08Z</time><extensions><speed>1.332920</speed><course>264.926838</course><hAcc>1.431691</hAcc><vAcc>0.780815</vAcc></extensions></trkpt>
      <trkpt lon="-117.323337" lat="33.974898"><ele>326.743136</ele><time>2024-09-27T18:22:09Z</time><extensions><speed>1.426140</speed><course>264.394747</course><hAcc>1.433097</hAcc><vAcc>0.778467</vAcc></extensions></trkpt>
      <trkpt lon="-117.323352" lat="33.974897"><ele>326.695236</ele><time>2024-09-27T18:22:10Z</time><extensions><speed>1.450991</speed><course>266.014936</course><hAcc>1.438843</hAcc><vAcc>0.775850</vAcc></extensions></trkpt>
      <trkpt lon="-117.323368" lat="33.974896"><ele>326.650525</ele><time>2024-09-27T18:22:11Z</time><extensions><speed>1.437546</speed><course>266.915046</course><hAcc>1.443497</hAcc><vAcc>0.773350</vAcc></extensions></trkpt>
      <trkpt lon="-117.323383" lat="33.974895"><ele>326.615473</ele><time>2024-09-27T18:22:12Z</time><extensions><speed>1.316167</speed><course>266.423278</course><hAcc>1.447197</hAcc><vAcc>0.771212</vAcc></extensions></trkpt>
      <trkpt lon="-117.323396" lat="33.974894"><ele>326.588866</ele><time>2024-09-27T18:22:13Z</time><extensions><speed>1.164505</speed><course>264.335318</course><hAcc>1.452003</hAcc><vAcc>0.769489</vAcc></extensions></trkpt>
      <trkpt lon="-117.323409" lat="33.974893"><ele>326.575303</ele><time>2024-09-27T18:22:14Z</time><extensions><speed>1.144715</speed><course>266.455050</course><hAcc>1.454476</hAcc><vAcc>0.768634</vAcc></extensions></trkpt>
      <trkpt lon="-117.323422" lat="33.974892"><ele>326.561869</ele><time>2024-09-27T18:22:15Z</time><extensions><speed>1.259129</speed><course>266.018171</course><hAcc>1.453571</hAcc><vAcc>0.768914</vAcc></extensions></trkpt>
      <trkpt lon="-117.323436" lat="33.974891"><ele>326.546727</ele><time>2024-09-27T18:22:16Z</time><extensions><speed>1.362748</speed><course>262.323107</course><hAcc>1.453318</hAcc><vAcc>0.770579</vAcc></extensions></trkpt>
      <trkpt lon="-117.323450" lat="33.974889"><ele>326.535520</ele><time>2024-09-27T18:22:17Z</time><extensions><speed>1.364551</speed><course>257.637715</course><hAcc>1.453317</hAcc><vAcc>0.773228</vAcc></extensions></trkpt>
      <trkpt lon="-117.323465" lat="33.974886"><ele>326.532147</ele><time>2024-09-27T18:22:18Z</time><extensions><speed>1.371903</speed><course>255.180736</course><hAcc>1.456159</hAcc><vAcc>0.777535</vAcc></extensions></trkpt>
      <trkpt lon="-117.323479" lat="33.974883"><ele>326.525683</ele><time>2024-09-27T18:22:19Z</time><extensions><speed>1.384994</speed><course>255.618823</course><hAcc>1.460965</hAcc><vAcc>0.783234</vAcc></extensions></trkpt>
      <trkpt lon="-117.323494" lat="33.974880"><ele>326.507501</ele><time>2024-09-27T18:22:20Z</time><extensions><speed>1.390549</speed><course>258.016286</course><hAcc>1.468498</hAcc><vAcc>0.790173</vAcc></extensions></trkpt>
      <trkpt lon="-117.323508" lat="33.974878"><ele>326.487065</ele><time>2024-09-27T18:22:21Z</time><extensions><speed>1.350490</speed><course>259.405241</course><hAcc>1.481327</hAcc><vAcc>0.798217</vAcc></extensions></trkpt>
      <trkpt lon="-117.323522" lat="33.974875"><ele>326.461738</ele><time>2024-09-27T18:22:22Z</time><extensions><speed>1.276885</speed><course>259.350900</course><hAcc>1.494059</hAcc><vAcc>0.806752</vAcc></extensions></trkpt>
      <trkpt lon="-117.323536" lat="33.974874"><ele>326.434809</ele><time>2024-09-27T18:22:23Z</time><extensions><speed>1.259697</speed><course>262.359437</course><hAcc>1.506797</hAcc><vAcc>0.815386</vAcc></extensions></trkpt>
      <trkpt lon="-117.323550" lat="33.974873"><ele>326.404031</ele><time>2024-09-27T18:22:24Z</time><extensions><speed>1.324664</speed><course>268.200691</course><hAcc>1.520161</hAcc><vAcc>0.823840</vAcc></extensions></trkpt>
      <trkpt lon="-117.323564" lat="33.974872"><ele>326.375623</ele><time>2024-09-27T18:22:25Z</time><extensions><speed>1.303810</speed><course>267.781253</course><hAcc>1.528595</hAcc><vAcc>0.831830</vAcc></extensions></trkpt>
      <trkpt lon="-117.323577" lat="33.974871"><ele>326.347092</ele><time>2024-09-27T18:22:26Z</time><extensions><speed>1.161187</speed><course>258.740864</course><hAcc>1.533304</hAcc><vAcc>0.838855</vAcc></extensions></trkpt>
      <trkpt lon="-117.323588" lat="33.974868"><ele>326.311979</ele><time>2024-09-27T18:22:27Z</time><extensions><speed>1.042244</speed><course>248.703155</course><hAcc>1.528684</hAcc><vAcc>0.845216</vAcc></extensions></trkpt>
      <trkpt lon="-117.323599" lat="33.974864"><ele>326.264127</ele><time>2024-09-27T18:22:28Z</time><extensions><speed>1.093431</speed><course>246.558736</course><hAcc>1.550554</hAcc><vAcc>0.850509</vAcc></extensions></trkpt>
      <trkpt lon="-117.323610" lat="33.974861"><ele>326.220861</ele><time>2024-09-27T18:22:29Z</time><extensions><speed>1.105708</speed><course>250.570624</course><hAcc>1.550474</hAcc><vAcc>0.854252</vAcc></extensions></trkpt>
      <trkpt lon="-117.323621" lat="33.974858"><ele>326.171476</ele><time>2024-09-27T18:22:30Z</time><extensions><speed>1.039751</speed><course>254.150697</course><hAcc>1.539710</hAcc><vAcc>0.857011</vAcc></extensions></trkpt>
      <trkpt lon="-117.323632" lat="33.974855"><ele>326.128341</ele><time>2024-09-27T18:22:31Z</time><extensions><speed>1.013401</speed><course>255.412392</course><hAcc>1.535498</hAcc><vAcc>0.858610</vAcc></extensions></trkpt>
      <trkpt lon="-117.323642" lat="33.974853"><ele>326.078785</ele><time>2024-09-27T18:22:32Z</time><extensions><speed>1.032596</speed><course>254.724897</course><hAcc>1.532318</hAcc><vAcc>0.859323</vAcc></extensions></trkpt>
      <trkpt lon="-117.323653" lat="33.974850"><ele>326.020905</ele><time>2024-09-27T18:22:33Z</time><extensions><speed>1.081632</speed><course>253.779407</course><hAcc>1.528017</hAcc><vAcc>0.859055</vAcc></extensions></trkpt>
      <trkpt lon="-117.323664" lat="33.974847"><ele>325.960617</ele><time>2024-09-27T18:22:34Z</time><extensions><speed>1.053987</speed><course>251.077288</course><hAcc>1.522807</hAcc><vAcc>0.857961</vAcc></extensions></trkpt>
      <trkpt lon="-117.323675" lat="33.974844"><ele>325.898519</ele><time>2024-09-27T18:22:35Z</time><extensions><speed>1.027072</speed><course>246.381452</course><hAcc>1.522188</hAcc><vAcc>0.856243</vAcc></extensions></trkpt>
      <trkpt lon="-117.323685" lat="33.974840"><ele>325.834385</ele><time>2024-09-27T18:22:36Z</time><extensions><speed>1.044529</speed><course>242.861505</course><hAcc>1.522527</hAcc><vAcc>0.853767</vAcc></extensions></trkpt>
      <trkpt lon="-117.323695" lat="33.974836"><ele>325.772203</ele><time>2024-09-27T18:22:37Z</time><extensions><speed>1.060245</speed><course>239.521903</course><hAcc>1.521908</hAcc><vAcc>0.850962</vAcc></extensions></trkpt>
      <trkpt lon="-117.323705" lat="33.974831"><ele>325.710990</ele><time>2024-09-27T18:22:38Z</time><extensions><speed>1.070153</speed><course>237.489411</course><hAcc>1.516393</hAcc><vAcc>0.847812</vAcc></extensions></trkpt>
      <trkpt lon="-117.323715" lat="33.974825"><ele>325.651031</ele><time>2024-09-27T18:22:39Z</time><extensions><speed>1.046699</speed><course>235.655916</course><hAcc>1.514982</hAcc><vAcc>0.844393</vAcc></extensions></trkpt>
      <trkpt lon="-117.323724" lat="33.974820"><ele>325.585400</ele><time>2024-09-27T18:22:40Z</time><extensions><speed>1.069496</speed><course>236.341890</course><hAcc>1.511024</hAcc><vAcc>0.840749</vAcc></extensions></trkpt>
      <trkpt lon="-117.323734" lat="33.974814"><ele>325.511545</ele><time>2024-09-27T18:22:41Z</time><extensions><speed>1.123147</speed><course>236.426095</course><hAcc>1.510012</hAcc><vAcc>0.836892</vAcc></extensions></trkpt>
      <trkpt lon="-117.323745" lat="33.974809"><ele>325.439642</ele><time>2024-09-27T18:22:42Z</time><extensions><speed>1.234405</speed><course>238.423874</course><hAcc>1.501662</hAcc><vAcc>0.833493</vAcc></extensions></trkpt>
      <trkpt lon="-117.323757" lat="33.974803"><ele>325.373026</ele><time>2024-09-27T18:22:43Z</time><extensions><speed>1.336779</speed><course>241.255505</course><hAcc>1.491177</hAcc><vAcc>0.830281</vAcc></extensions></trkpt>
      <trkpt lon="-117.323770" lat="33.974797"><ele>325.313241</ele><time>2024-09-27T18:22:44Z</time><extensions><speed>1.412503</speed><course>242.491260</course><hAcc>1.485198</hAcc><vAcc>0.826737</vAcc></extensions></trkpt>
      <trkpt lon="-117.323784" lat="33.974791"><ele>325.272520</ele><time>2024-09-27T18:22:45Z</time><extensions><speed>1.415617</speed><course>242.374212</course><hAcc>1.475692</hAcc><vAcc>0.823780</vAcc></extensions></trkpt>
      <trkpt lon="-117.323797" lat="33.974785"><ele>325.237027</ele><time>2024-09-27T18:22:46Z</time><extensions><speed>1.395651</speed><course>242.966013</course><hAcc>1.464150</hAcc><vAcc>0.821362</vAcc></extensions></trkpt>
      <trkpt lon="-117.323810" lat="33.974780"><ele>325.200621</ele><time>2024-09-27T18:22:47Z</time><extensions><speed>1.334378</speed><course>242.643476</course><hAcc>1.452537</hAcc><vAcc>0.818572</vAcc></extensions></trkpt>
      <trkpt lon="-117.323823" lat="33.974774"><ele>325.153255</ele><time>2024-09-27T18:22:48Z</time><extensions><speed>1.259703</speed><course>240.191466</course><hAcc>1.438825</hAcc><vAcc>0.816695</vAcc></extensions></trkpt>
      <trkpt lon="-117.323834" lat="33.974768"><ele>325.106851</ele><time>2024-09-27T18:22:49Z</time><extensions><speed>1.251203</speed><course>237.815057</course><hAcc>1.421907</hAcc><vAcc>0.815858</vAcc></extensions></trkpt>
      <trkpt lon="-117.323846" lat="33.974762"><ele>325.058133</ele><time>2024-09-27T18:22:50Z</time><extensions><speed>1.343079</speed><course>236.788841</course><hAcc>1.402776</hAcc><vAcc>0.815456</vAcc></extensions></trkpt>
      <trkpt lon="-117.323858" lat="33.974755"><ele>325.016456</ele><time>2024-09-27T18:22:51Z</time><extensions><speed>1.378894</speed><course>235.501911</course><hAcc>1.388264</hAcc><vAcc>0.815109</vAcc></extensions></trkpt>
      <trkpt lon="-117.323871" lat="33.974748"><ele>324.971906</ele><time>2024-09-27T18:22:52Z</time><extensions><speed>1.353608</speed><course>238.185334</course><hAcc>1.380286</hAcc><vAcc>0.815355</vAcc></extensions></trkpt>
      <trkpt lon="-117.323884" lat="33.974743"><ele>324.927636</ele><time>2024-09-27T18:22:53Z</time><extensions><speed>1.351997</speed><course>246.422014</course><hAcc>1.354766</hAcc><vAcc>0.815997</vAcc></extensions></trkpt>
      <trkpt lon="-117.323898" lat="33.974739"><ele>324.881926</ele><time>2024-09-27T18:22:54Z</time><extensions><speed>1.445558</speed><course>257.036342</course><hAcc>1.327469</hAcc><vAcc>0.816139</vAcc></extensions></trkpt>
      <trkpt lon="-117.323913" lat="33.974737"><ele>324.827389</ele><time>2024-09-27T18:22:55Z</time><extensions><speed>1.500421</speed><course>265.158560</course><hAcc>1.326755</hAcc><vAcc>0.815148</vAcc></extensions></trkpt>
      <trkpt lon="-117.323929" lat="33.974736"><ele>324.778407</ele><time>2024-09-27T18:22:56Z</time><extensions><speed>1.359193</speed><course>267.475477</course><hAcc>1.337690</hAcc><vAcc>0.813751</vAcc></extensions></trkpt>
      <trkpt lon="-117.323943" lat="33.974735"><ele>324.741420</ele><time>2024-09-27T18:22:57Z</time><extensions><speed>1.381436</speed><course>263.902254</course><hAcc>1.307388</hAcc><vAcc>0.811951</vAcc></extensions></trkpt>
      <trkpt lon="-117.323957" lat="33.974733"><ele>324.692040</ele><time>2024-09-27T18:22:58Z</time><extensions><speed>1.304246</speed><course>260.257435</course><hAcc>1.326512</hAcc><vAcc>0.809768</vAcc></extensions></trkpt>
      <trkpt lon="-117.323971" lat="33.974731"><ele>324.646110</ele><time>2024-09-27T18:22:59Z</time><extensions><speed>1.213415</speed><course>252.621280</course><hAcc>1.338860</hAcc><vAcc>0.807176</vAcc></extensions></trkpt>
      <trkpt lon="-117.323982" lat="33.974726"><ele>324.599543</ele><time>2024-09-27T18:23:00Z</time><extensions><speed>1.170142</speed><course>235.039701</course><hAcc>1.322760</hAcc><vAcc>0.804120</vAcc></extensions></trkpt>
      <trkpt lon="-117.323991" lat="33.974719"><ele>324.544428</ele><time>2024-09-27T18:23:01Z</time><extensions><speed>1.178509</speed><course>218.632961</course><hAcc>1.329068</hAcc><vAcc>0.800582</vAcc></extensions></trkpt>
      <trkpt lon="-117.323998" lat="33.974710"><ele>324.491024</ele><time>2024-09-27T18:23:02Z</time><extensions><speed>1.248884</speed><course>209.248291</course><hAcc>1.344668</hAcc><vAcc>0.796572</vAcc></extensions></trkpt>
      <trkpt lon="-117.324004" lat="33.974700"><ele>324.434884</ele><time>2024-09-27T18:23:03Z</time><extensions><speed>1.234055</speed><course>202.315555</course><hAcc>1.354932</hAcc><vAcc>0.792131</vAcc></extensions></trkpt>
      <trkpt lon="-117.324008" lat="33.974689"><ele>324.383103</ele><time>2024-09-27T18:23:04Z</time><extensions><speed>1.215399</speed><course>195.371632</course><hAcc>1.350935</hAcc><vAcc>0.787371</vAcc></extensions></trkpt>
      <trkpt lon="-117.324011" lat="33.974679"><ele>324.330902</ele><time>2024-09-27T18:23:05Z</time><extensions><speed>1.191727</speed><course>188.872738</course><hAcc>1.344245</hAcc><vAcc>0.782519</vAcc></extensions></trkpt>
      <trkpt lon="-117.324012" lat="33.974668"><ele>324.285417</ele><time>2024-09-27T18:23:06Z</time><extensions><speed>1.123019</speed><course>179.168250</course><hAcc>1.344073</hAcc><vAcc>0.777845</vAcc></extensions></trkpt>
      <trkpt lon="-117.324010" lat="33.974658"><ele>324.243973</ele><time>2024-09-27T18:23:07Z</time><extensions><speed>1.109602</speed><course>168.497009</course><hAcc>1.339676</hAcc><vAcc>0.773564</vAcc></extensions></trkpt>
      <trkpt lon="-117.324007" lat="33.974648"><ele>324.200815</ele><time>2024-09-27T18:23:08Z</time><extensions><speed>1.249718</speed><course>160.388696</course><hAcc>1.331993</hAcc><vAcc>0.769809</vAcc></extensions></trkpt>
      <trkpt lon="-117.324001" lat="33.974638"><ele>324.162896</ele><time>2024-09-27T18:23:09Z</time><extensions><speed>1.335418</speed><course>150.815579</course><hAcc>1.331764</hAcc><vAcc>0.766634</vAcc></extensions></trkpt>
      <trkpt lon="-117.323994" lat="33.974627"><ele>324.129070</ele><time>2024-09-27T18:23:10Z</time><extensions><speed>1.393878</speed><course>147.721182</course><hAcc>1.330412</hAcc><vAcc>0.764041</vAcc></extensions></trkpt>
      <trkpt lon="-117.323985" lat="33.974617"><ele>324.092896</ele><time>2024-09-27T18:23:11Z</time><extensions><speed>1.370438</speed><course>145.357063</course><hAcc>1.322605</hAcc><vAcc>0.761987</vAcc></extensions></trkpt>
      <trkpt lon="-117.323977" lat="33.974607"><ele>324.059361</ele><time>2024-09-27T18:23:12Z</time><extensions><speed>1.380126</speed><course>145.018455</course><hAcc>1.318774</hAcc><vAcc>0.760410</vAcc></extensions></trkpt>
      <trkpt lon="-117.323968" lat="33.974596"><ele>324.029804</ele><time>2024-09-27T18:23:13Z</time><extensions><speed>1.466336</speed><course>144.205961</course><hAcc>1.313331</hAcc><vAcc>0.759235</vAcc></extensions></trkpt>
      <trkpt lon="-117.323958" lat="33.974585"><ele>324.002351</ele><time>2024-09-27T18:23:14Z</time><extensions><speed>1.513093</speed><course>143.238158</course><hAcc>1.310108</hAcc><vAcc>0.758386</vAcc></extensions></trkpt>
      <trkpt lon="-117.323948" lat="33.974575"><ele>323.980195</ele><time>2024-09-27T18:23:15Z</time><extensions><speed>1.501555</speed><course>142.483793</course><hAcc>1.313880</hAcc><vAcc>0.757791</vAcc></extensions></trkpt>
      <trkpt lon="-117.323939" lat="33.974564"><ele>323.958442</ele><time>2024-09-27T18:23:16Z</time><extensions><speed>1.372891</speed><course>143.818524</course><hAcc>1.332905</hAcc><vAcc>0.757390</vAcc></extensions></trkpt>
      <trkpt lon="-117.323930" lat="33.974554"><ele>323.942330</ele><time>2024-09-27T18:23:17Z</time><extensions><speed>1.317003</speed><course>146.415908</course><hAcc>1.315619</hAcc><vAcc>0.757129</vAcc></extensions></trkpt>
      <trkpt lon="-117.323923" lat="33.974544"><ele>323.931319</ele><time>2024-09-27T18:23:18Z</time><extensions><speed>1.316886</speed><course>148.839627</course><hAcc>1.308890</hAcc><vAcc>0.756967</vAcc></extensions></trkpt>
      <trkpt lon="-117.323916" lat="33.974534"><ele>323.924453</ele><time>2024-09-27T18:23:19Z</time><extensions><speed>1.364219</speed><course>151.009222</course><hAcc>1.314112</hAcc><vAcc>0.756872</vAcc></extensions></trkpt>
      <trkpt lon="-117.323908" lat="33.974523"><ele>323.927824</ele><time>2024-09-27T18:23:20Z</time><extensions><speed>1.356044</speed><course>152.060090</course><hAcc>1.314253</hAcc><vAcc>0.756883</vAcc></extensions></trkpt>
      <trkpt lon="-117.323901" lat="33.974512"><ele>323.931193</ele><time>2024-09-27T18:23:21Z</time><extensions><speed>1.313068</speed><course>148.942152</course><hAcc>1.307935</hAcc><vAcc>0.757224</vAcc></extensions></trkpt>
      <trkpt lon="-117.323894" lat="33.974503"><ele>323.936743</ele><time>2024-09-27T18:23:22Z</time><extensions><speed>1.283524</speed><course>145.471485</course><hAcc>1.301425</hAcc><vAcc>0.757831</vAcc></extensions></trkpt>
      <trkpt lon="-117.323886" lat="33.974493"><ele>323.956667</ele><time>2024-09-27T18:23:23Z</time><extensions><speed>1.301031</speed><course>144.433782</course><hAcc>1.298099</hAcc><vAcc>0.758760</vAcc></extensions></trkpt>
      <trkpt lon="-117.323877" lat="33.974483"><ele>323.988812</ele><time>2024-09-27T18:23:24Z</time><extensions><speed>1.468852</speed><course>146.159051</course><hAcc>1.307080</hAcc><vAcc>0.759959</vAcc></extensions></trkpt>
      <trkpt lon="-117.323869" lat="33.974472"><ele>324.026214</ele><time>2024-09-27T18:23:25Z</time><extensions><speed>1.435061</speed><course>147.815185</course><hAcc>1.333421</hAcc><vAcc>0.760966</vAcc></extensions></trkpt>
      <trkpt lon="-117.323861" lat="33.974461"><ele>324.077668</ele><time>2024-09-27T18:23:26Z</time><extensions><speed>1.452873</speed><course>150.297489</course><hAcc>1.324890</hAcc><vAcc>0.762102</vAcc></extensions></trkpt>
      <trkpt lon="-117.323853" lat="33.974449"><ele>324.142231</ele><time>2024-09-27T18:23:27Z</time><extensions><speed>1.445529</speed><course>152.415501</course><hAcc>1.334304</hAcc><vAcc>0.763342</vAcc></extensions></trkpt>
      <trkpt lon="-117.323847" lat="33.974438"><ele>324.214705</ele><time>2024-09-27T18:23:28Z</time><extensions><speed>1.379207</speed><course>156.785718</course><hAcc>1.358199</hAcc><vAcc>0.764635</vAcc></extensions></trkpt>
      <trkpt lon="-117.323842" lat="33.974426"><ele>324.296739</ele><time>2024-09-27T18:23:29Z</time><extensions><speed>1.328447</speed><course>160.830780</course><hAcc>1.382169</hAcc><vAcc>0.765901</vAcc></extensions></trkpt>
      <trkpt lon="-117.323837" lat="33.974415"><ele>324.383046</ele><time>2024-09-27T18:23:30Z</time><extensions><speed>1.327835</speed><course>163.931632</course><hAcc>1.405878</hAcc><vAcc>0.767026</vAcc></extensions></trkpt>
      <trkpt lon="-117.323834" lat="33.974403"><ele>324.475926</ele><time>2024-09-27T18:23:31Z</time><extensions><speed>1.278060</speed><course>170.007899</course><hAcc>1.426135</hAcc><vAcc>0.767867</vAcc></extensions></trkpt>
      <trkpt lon="-117.323833" lat="33.974392"><ele>324.576387</ele><time>2024-09-27T18:23:32Z</time><extensions><speed>1.214284</speed><course>183.713816</course><hAcc>1.450710</hAcc><vAcc>0.768280</vAcc></extensions></trkpt>
      <trkpt lon="-117.323836" lat="33.974382"><ele>324.671912</ele><time>2024-09-27T18:23:33Z</time><extensions><speed>1.133634</speed><course>199.003286</course><hAcc>1.473777</hAcc><vAcc>0.768176</vAcc></extensions></trkpt>
      <trkpt lon="-117.323841" lat="33.974373"><ele>324.772149</ele><time>2024-09-27T18:23:34Z</time><extensions><speed>0.930123</speed><course>211.053136</course><hAcc>1.467695</hAcc><vAcc>0.767583</vAcc></extensions></trkpt>
      <trkpt lon="-117.323847" lat="33.974367"><ele>324.873752</ele><time>2024-09-27T18:23:35Z</time><extensions><speed>0.924886</speed><course>220.224622</course><hAcc>1.465899</hAcc><vAcc>0.767390</vAcc></extensions></trkpt>
      <trkpt lon="-117.323854" lat="33.974359"><ele>324.968121</ele><time>2024-09-27T18:23:36Z</time><extensions><speed>1.201613</speed><course>220.185602</course><hAcc>1.462697</hAcc><vAcc>0.767373</vAcc></extensions></trkpt>
      <trkpt lon="-117.323863" lat="33.974350"><ele>325.064460</ele><time>2024-09-27T18:23:37Z</time><extensions><speed>1.416595</speed><course>218.340498</course><hAcc>1.479300</hAcc><vAcc>0.767967</vAcc></extensions></trkpt>
      <trkpt lon="-117.323873" lat="33.974339"><ele>325.156525</ele><time>2024-09-27T18:23:38Z</time><extensions><speed>1.593912</speed><course>216.816498</course><hAcc>1.476386</hAcc><vAcc>0.769493</vAcc></extensions></trkpt>
      <trkpt lon="-117.323883" lat="33.974327"><ele>325.260585</ele><time>2024-09-27T18:23:39Z</time><extensions><speed>1.674977</speed><course>215.161686</course><hAcc>1.463664</hAcc><vAcc>0.771848</vAcc></extensions></trkpt>
      <trkpt lon="-117.323893" lat="33.974315"><ele>325.355170</ele><time>2024-09-27T18:23:40Z</time><extensions><speed>1.536533</speed><course>213.481503</course><hAcc>1.456445</hAcc><vAcc>0.774205</vAcc></extensions></trkpt>
      <trkpt lon="-117.323902" lat="33.974304"><ele>325.447824</ele><time>2024-09-27T18:23:41Z</time><extensions><speed>1.483721</speed><course>211.390152</course><hAcc>1.420186</hAcc><vAcc>0.776971</vAcc></extensions></trkpt>
      <trkpt lon="-117.323910" lat="33.974293"><ele>325.536828</ele><time>2024-09-27T18:23:42Z</time><extensions><speed>1.428978</speed><course>207.646885</course><hAcc>1.392204</hAcc><vAcc>0.780967</vAcc></extensions></trkpt>
      <trkpt lon="-117.323916" lat="33.974281"><ele>325.625836</ele><time>2024-09-27T18:23:43Z</time><extensions><speed>1.406166</speed><course>202.890599</course><hAcc>1.389157</hAcc><vAcc>0.785347</vAcc></extensions></trkpt>
      <trkpt lon="-117.323921" lat="33.974269"><ele>325.712213</ele><time>2024-09-27T18:23:44Z</time><extensions><speed>1.359718</speed><course>195.568760</course><hAcc>1.419584</hAcc><vAcc>0.790180</vAcc></extensions></trkpt>
      <trkpt lon="-117.323925" lat="33.974258"><ele>325.804963</ele><time>2024-09-27T18:23:45Z</time><extensions><speed>1.258325</speed><course>193.114089</course><hAcc>1.394529</hAcc><vAcc>0.794664</vAcc></extensions></trkpt>
      <trkpt lon="-117.323927" lat="33.974247"><ele>325.892801</ele><time>2024-09-27T18:23:46Z</time><extensions><speed>1.189445</speed><course>187.943554</course><hAcc>1.378081</hAcc><vAcc>0.798255</vAcc></extensions></trkpt>
      <trkpt lon="-117.323928" lat="33.974236"><ele>325.977721</ele><time>2024-09-27T18:23:47Z</time><extensions><speed>1.155725</speed><course>182.262660</course><hAcc>1.391888</hAcc><vAcc>0.801992</vAcc></extensions></trkpt>
      <trkpt lon="-117.323928" lat="33.974226"><ele>326.064341</ele><time>2024-09-27T18:23:48Z</time><extensions><speed>1.204651</speed><course>180.151001</course><hAcc>1.393109</hAcc><vAcc>0.804869</vAcc></extensions></trkpt>
      <trkpt lon="-117.323928" lat="33.974215"><ele>326.148947</ele><time>2024-09-27T18:23:49Z</time><extensions><speed>1.193653</speed><course>178.460623</course><hAcc>1.376784</hAcc><vAcc>0.807135</vAcc></extensions></trkpt>
      <trkpt lon="-117.323928" lat="33.974204"><ele>326.228796</ele><time>2024-09-27T18:23:50Z</time><extensions><speed>1.264191</speed><course>177.710783</course><hAcc>1.373192</hAcc><vAcc>0.808782</vAcc></extensions></trkpt>
      <trkpt lon="-117.323928" lat="33.974193"><ele>326.299165</ele><time>2024-09-27T18:23:51Z</time><extensions><speed>1.253490</speed><course>177.719736</course><hAcc>1.377533</hAcc><vAcc>0.809421</vAcc></extensions></trkpt>
      <trkpt lon="-117.323928" lat="33.974182"><ele>326.368650</ele><time>2024-09-27T18:23:52Z</time><extensions><speed>1.126327</speed><course>178.658191</course><hAcc>1.389575</hAcc><vAcc>0.810326</vAcc></extensions></trkpt>
      <trkpt lon="-117.323928" lat="33.974172"><ele>326.429809</ele><time>2024-09-27T18:23:53Z</time><extensions><speed>1.130300</speed><course>182.498747</course><hAcc>1.362020</hAcc><vAcc>0.810526</vAcc></extensions></trkpt>
      <trkpt lon="-117.323930" lat="33.974162"><ele>326.495250</ele><time>2024-09-27T18:23:54Z</time><extensions><speed>1.202408</speed><course>185.540009</course><hAcc>1.347890</hAcc><vAcc>0.811114</vAcc></extensions></trkpt>
      <trkpt lon="-117.323932" lat="33.974150"><ele>326.554601</ele><time>2024-09-27T18:23:55Z</time><extensions><speed>1.356645</speed><course>189.008138</course><hAcc>1.328563</hAcc><vAcc>0.811138</vAcc></extensions></trkpt>
      <trkpt lon="-117.323935" lat="33.974138"><ele>326.610563</ele><time>2024-09-27T18:23:56Z</time><extensions><speed>1.479675</speed><course>193.312901</course><hAcc>1.319612</hAcc><vAcc>0.811167</vAcc></extensions></trkpt>
      <trkpt lon="-117.323939" lat="33.974125"><ele>326.663087</ele><time>2024-09-27T18:23:57Z</time><extensions><speed>1.419098</speed><course>198.615181</course><hAcc>1.333447</hAcc><vAcc>0.811037</vAcc></extensions></trkpt>
      <trkpt lon="-117.323945" lat="33.974113"><ele>326.710760</ele><time>2024-09-27T18:23:58Z</time><extensions><speed>1.417441</speed><course>208.259682</course><hAcc>1.339921</hAcc><vAcc>0.810264</vAcc></extensions></trkpt>
      <trkpt lon="-117.323955" lat="33.974103"><ele>326.762141</ele><time>2024-09-27T18:23:59Z</time><extensions><speed>1.413969</speed><course>224.987930</course><hAcc>1.360419</hAcc><vAcc>0.808898</vAcc></extensions></trkpt>
      <trkpt lon="-117.323969" lat="33.974096"><ele>326.803781</ele><time>2024-09-27T18:24:00Z</time><extensions><speed>1.687078</speed><course>247.123756</course><hAcc>1.335930</hAcc><vAcc>0.807273</vAcc></extensions></trkpt>
      <trkpt lon="-117.323987" lat="33.974091"><ele>326.840728</ele><time>2024-09-27T18:24:01Z</time><extensions><speed>1.872296</speed><course>260.195277</course><hAcc>1.333533</hAcc><vAcc>0.805325</vAcc></extensions></trkpt>
      <trkpt lon="-117.324007" lat="33.974090"><ele>326.868830</ele><time>2024-09-27T18:24:02Z</time><extensions><speed>1.803376</speed><course>267.654400</course><hAcc>1.352832</hAcc><vAcc>0.803474</vAcc></extensions></trkpt>
      <trkpt lon="-117.324026" lat="33.974090"><ele>326.894080</ele><time>2024-09-27T18:24:03Z</time><extensions><speed>1.746660</speed><course>272.350431</course><hAcc>1.359735</hAcc><vAcc>0.801813</vAcc></extensions></trkpt>
      <trkpt lon="-117.324044" lat="33.974091"><ele>326.930102</ele><time>2024-09-27T18:24:04Z</time><extensions><speed>1.625984</speed><course>274.167157</course><hAcc>1.375445</hAcc><vAcc>0.800410</vAcc></extensions></trkpt>
      <trkpt lon="-117.324062" lat="33.974092"><ele>326.961015</ele><time>2024-09-27T18:24:05Z</time><extensions><speed>1.602539</speed><course>272.189152</course><hAcc>1.362965</hAcc><vAcc>0.799369</vAcc></extensions></trkpt>
      <trkpt lon="-117.324078" lat="33.974093"><ele>326.996173</ele><time>2024-09-27T18:24:06Z</time><extensions><speed>1.493862</speed><course>270.876229</course><hAcc>1.376362</hAcc><vAcc>0.798842</vAcc></extensions></trkpt>
      <trkpt lon="-117.324094" lat="33.974093"><ele>327.023734</ele><time>2024-09-27T18:24:07Z</time><extensions><speed>1.328836</speed><course>272.248603</course><hAcc>1.389394</hAcc><vAcc>0.799044</vAcc></extensions></trkpt>
      <trkpt lon="-117.324108" lat="33.974094"><ele>327.046697</ele><time>2024-09-27T18:24:08Z</time><extensions><speed>1.305600</speed><course>279.069958</course><hAcc>1.371084</hAcc><vAcc>0.799716</vAcc></extensions></trkpt>
      <trkpt lon="-117.324122" lat="33.974097"><ele>327.076446</ele><time>2024-09-27T18:24:09Z</time><extensions><speed>1.347030</speed><course>286.169879</course><hAcc>1.375094</hAcc><vAcc>0.801852</vAcc></extensions></trkpt>
      <trkpt lon="-117.324136" lat="33.974101"><ele>327.110243</ele><time>2024-09-27T18:24:10Z</time><extensions><speed>1.396746</speed><course>292.199128</course><hAcc>1.399533</hAcc><vAcc>0.804845</vAcc></extensions></trkpt>
      <trkpt lon="-117.324150" lat="33.974107"><ele>327.162334</ele><time>2024-09-27T18:24:11Z</time><extensions><speed>1.391980</speed><course>300.870808</course><hAcc>1.425296</hAcc><vAcc>0.808019</vAcc></extensions></trkpt>
      <trkpt lon="-117.324161" lat="33.974114"><ele>327.210155</ele><time>2024-09-27T18:24:12Z</time><extensions><speed>1.326656</speed><course>318.022906</course><hAcc>1.438058</hAcc><vAcc>0.810541</vAcc></extensions></trkpt>
      <trkpt lon="-117.324170" lat="33.974124"><ele>327.270711</ele><time>2024-09-27T18:24:13Z</time><extensions><speed>1.378061</speed><course>330.120956</course><hAcc>1.434623</hAcc><vAcc>0.812362</vAcc></extensions></trkpt>
      <trkpt lon="-117.324178" lat="33.974135"><ele>327.344139</ele><time>2024-09-27T18:24:14Z</time><extensions><speed>1.366553</speed><course>328.772143</course><hAcc>1.431627</hAcc><vAcc>0.813536</vAcc></extensions></trkpt>
      <trkpt lon="-117.324186" lat="33.974144"><ele>327.410845</ele><time>2024-09-27T18:24:15Z</time><extensions><speed>1.298762</speed><course>319.561044</course><hAcc>1.436696</hAcc><vAcc>0.814132</vAcc></extensions></trkpt>
      <trkpt lon="-117.324196" lat="33.974153"><ele>327.477340</ele><time>2024-09-27T18:24:16Z</time><extensions><speed>1.369605</speed><course>310.086612</course><hAcc>1.435579</hAcc><vAcc>0.814333</vAcc></extensions></trkpt>
      <trkpt lon="-117.324209" lat="33.974160"><ele>327.538655</ele><time>2024-09-27T18:24:17Z</time><extensions><speed>1.455893</speed><course>302.577230</course><hAcc>1.436499</hAcc><vAcc>0.813585</vAcc></extensions></trkpt>
      <trkpt lon="-117.324223" lat="33.974167"><ele>327.600206</ele><time>2024-09-27T18:24:18Z</time><extensions><speed>1.480483</speed><course>296.856076</course><hAcc>1.437186</hAcc><vAcc>0.812172</vAcc></extensions></trkpt>
      <trkpt lon="-117.324237" lat="33.974172"><ele>327.661625</ele><time>2024-09-27T18:24:19Z</time><extensions><speed>1.363904</speed><course>292.024632</course><hAcc>1.474776</hAcc><vAcc>0.810360</vAcc></extensions></trkpt>
      <trkpt lon="-117.324250" lat="33.974176"><ele>327.714749</ele><time>2024-09-27T18:24:20Z</time><extensions><speed>1.324459</speed><course>290.519071</course><hAcc>1.473412</hAcc><vAcc>0.808618</vAcc></extensions></trkpt>
      <trkpt lon="-117.324264" lat="33.974180"><ele>327.759614</ele><time>2024-09-27T18:24:21Z</time><extensions><speed>1.346894</speed><course>288.615100</course><hAcc>1.450821</hAcc><vAcc>0.807480</vAcc></extensions></trkpt>
      <trkpt lon="-117.324278" lat="33.974184"><ele>327.801501</ele><time>2024-09-27T18:24:22Z</time><extensions><speed>1.372376</speed><course>287.628141</course><hAcc>1.474597</hAcc><vAcc>0.807029</vAcc></extensions></trkpt>
      <trkpt lon="-117.324292" lat="33.974187"><ele>327.841018</ele><time>2024-09-27T18:24:23Z</time><extensions><speed>1.292097</speed><course>280.071767</course><hAcc>1.505303</hAcc><vAcc>0.808037</vAcc></extensions></trkpt>
      <trkpt lon="-117.324305" lat="33.974188"><ele>327.879230</ele><time>2024-09-27T18:24:24Z</time><extensions><speed>1.262006</speed><course>270.882531</course><hAcc>1.531424</hAcc><vAcc>0.809515</vAcc></extensions></trkpt>
      <trkpt lon="-117.324319" lat="33.974188"><ele>327.918759</ele><time>2024-09-27T18:24:25Z</time><extensions><speed>1.224175</speed><course>268.057727</course><hAcc>1.558573</hAcc><vAcc>0.811552</vAcc></extensions></trkpt>
      <trkpt lon="-117.324332" lat="33.974188"><ele>327.946585</ele><time>2024-09-27T18:24:26Z</time><extensions><speed>1.158726</speed><course>267.447146</course><hAcc>1.578865</hAcc><vAcc>0.813341</vAcc></extensions></trkpt>
      <trkpt lon="-117.324344" lat="33.974187"><ele>327.977798</ele><time>2024-09-27T18:24:27Z</time><extensions><speed>1.186532</speed><course>267.778811</course><hAcc>1.593873</hAcc><vAcc>0.815318</vAcc></extensions></trkpt>
      <trkpt lon="-117.324357" lat="33.974187"><ele>328.006158</ele><time>2024-09-27T18:24:28Z</time><extensions><speed>1.220258</speed><course>268.335476</course><hAcc>1.611277</hAcc><vAcc>0.817385</vAcc></extensions></trkpt>
      <trkpt lon="-117.324370" lat="33.974186"><ele>328.018664</ele><time>2024-09-27T18:24:29Z</time><extensions><speed>1.169213</speed><course>271.578084</course><hAcc>1.616815</hAcc><vAcc>0.819123</vAcc></extensions></trkpt>
      <trkpt lon="-117.324383" lat="33.974187"><ele>328.071911</ele><time>2024-09-27T18:24:30Z</time><extensions><speed>1.199241</speed><course>274.420240</course><hAcc>1.617464</hAcc><vAcc>0.820078</vAcc></extensions></trkpt>
      <trkpt lon="-117.324396" lat="33.974187"><ele>328.116193</ele><time>2024-09-27T18:24:31Z</time><extensions><speed>1.291956</speed><course>272.889406</course><hAcc>1.620898</hAcc><vAcc>0.819819</vAcc></extensions></trkpt>
      <trkpt lon="-117.324410" lat="33.974188"><ele>328.148823</ele><time>2024-09-27T18:24:32Z</time><extensions><speed>1.357727</speed><course>270.355427</course><hAcc>1.636913</hAcc><vAcc>0.818367</vAcc></extensions></trkpt>
      <trkpt lon="-117.324424" lat="33.974187"><ele>328.174359</ele><time>2024-09-27T18:24:33Z</time><extensions><speed>1.230102</speed><course>267.002101</course><hAcc>1.648413</hAcc><vAcc>0.816104</vAcc></extensions></trkpt>
      <trkpt lon="-117.324437" lat="33.974186"><ele>328.205610</ele><time>2024-09-27T18:24:34Z</time><extensions><speed>1.152490</speed><course>262.890378</course><hAcc>1.619608</hAcc><vAcc>0.812916</vAcc></extensions></trkpt>
      <trkpt lon="-117.324449" lat="33.974185"><ele>328.236350</ele><time>2024-09-27T18:24:35Z</time><extensions><speed>1.077665</speed><course>259.039349</course><hAcc>1.602925</hAcc><vAcc>0.808917</vAcc></extensions></trkpt>
      <trkpt lon="-117.324460" lat="33.974183"><ele>328.273905</ele><time>2024-09-27T18:24:36Z</time><extensions><speed>1.020727</speed><course>255.964507</course><hAcc>1.600562</hAcc><vAcc>0.804788</vAcc></extensions></trkpt>
      <trkpt lon="-117.324471" lat="33.974180"><ele>328.306102</ele><time>2024-09-27T18:24:37Z</time><extensions><speed>1.035140</speed><course>252.377372</course><hAcc>1.601094</hAcc><vAcc>0.800870</vAcc></extensions></trkpt>
      <trkpt lon="-117.324482" lat="33.974177"><ele>328.337100</ele><time>2024-09-27T18:24:38Z</time><extensions><speed>1.068713</speed><course>251.522117</course><hAcc>1.601885</hAcc><vAcc>0.797746</vAcc></extensions></trkpt>
      <trkpt lon="-117.324494" lat="33.974175"><ele>328.363687</ele><time>2024-09-27T18:24:39Z</time><extensions><speed>1.084910</speed><course>253.990355</course><hAcc>1.604136</hAcc><vAcc>0.795858</vAcc></extensions></trkpt>
      <trkpt lon="-117.324505" lat="33.974173"><ele>328.392074</ele><time>2024-09-27T18:24:40Z</time><extensions><speed>1.130648</speed><course>259.026358</course><hAcc>1.622622</hAcc><vAcc>0.795423</vAcc></extensions></trkpt>
      <trkpt lon="-117.324518" lat="33.974171"><ele>328.424391</ele><time>2024-09-27T18:24:41Z</time><extensions><speed>1.223615</speed><course>262.794713</course><hAcc>1.649743</hAcc><vAcc>0.796005</vAcc></extensions></trkpt>
      <trkpt lon="-117.324532" lat="33.974170"><ele>328.442515</ele><time>2024-09-27T18:24:42Z</time><extensions><speed>1.345933</speed><course>266.818984</course><hAcc>1.665005</hAcc><vAcc>0.797389</vAcc></extensions></trkpt>
      <trkpt lon="-117.324547" lat="33.974170"><ele>328.458545</ele><time>2024-09-27T18:24:43Z</time><extensions><speed>1.393228</speed><course>270.715836</course><hAcc>1.674516</hAcc><vAcc>0.798719</vAcc></extensions></trkpt>
      <trkpt lon="-117.324562" lat="33.974170"><ele>328.465963</ele><time>2024-09-27T18:24:44Z</time><extensions><speed>1.381498</speed><course>272.734711</course><hAcc>1.683615</hAcc><vAcc>0.799662</vAcc></extensions></trkpt>
      <trkpt lon="-117.324577" lat="33.974171"><ele>328.481520</ele><time>2024-09-27T18:24:45Z</time><extensions><speed>1.359198</speed><course>278.950079</course><hAcc>1.677758</hAcc><vAcc>0.800146</vAcc></extensions></trkpt>
      <trkpt lon="-117.324591" lat="33.974174"><ele>328.493362</ele><time>2024-09-27T18:24:46Z</time><extensions><speed>1.341550</speed><course>284.420312</course><hAcc>1.665365</hAcc><vAcc>0.799993</vAcc></extensions></trkpt>
      <trkpt lon="-117.324605" lat="33.974177"><ele>328.502801</ele><time>2024-09-27T18:24:47Z</time><extensions><speed>1.423857</speed><course>287.645782</course><hAcc>1.652476</hAcc><vAcc>0.799186</vAcc></extensions></trkpt>
      <trkpt lon="-117.324620" lat="33.974181"><ele>328.504578</ele><time>2024-09-27T18:24:48Z</time><extensions><speed>1.495575</speed><course>287.402545</course><hAcc>1.634031</hAcc><vAcc>0.797640</vAcc></extensions></trkpt>
      <trkpt lon="-117.324636" lat="33.974185"><ele>328.497040</ele><time>2024-09-27T18:24:49Z</time><extensions><speed>1.456133</speed><course>284.142788</course><hAcc>1.615735</hAcc><vAcc>0.795410</vAcc></extensions></trkpt>
      <trkpt lon="-117.324651" lat="33.974188"><ele>328.499333</ele><time>2024-09-27T18:24:50Z</time><extensions><speed>1.412828</speed><course>279.512113</course><hAcc>1.599981</hAcc><vAcc>0.792529</vAcc></extensions></trkpt>
      <trkpt lon="-117.324665" lat="33.974189"><ele>328.493569</ele><time>2024-09-27T18:24:51Z</time><extensions><speed>1.271791</speed><course>274.670777</course><hAcc>1.573479</hAcc><vAcc>0.789071</vAcc></extensions></trkpt>
      <trkpt lon="-117.324679" lat="33.974190"><ele>328.488347</ele><time>2024-09-27T18:24:52Z</time><extensions><speed>1.233351</speed><course>270.559928</course><hAcc>1.546121</hAcc><vAcc>0.785179</vAcc></extensions></trkpt>
      <trkpt lon="-117.324692" lat="33.974190"><ele>328.482744</ele><time>2024-09-27T18:24:53Z</time><extensions><speed>1.241665</speed><course>270.123515</course><hAcc>1.516673</hAcc><vAcc>0.781066</vAcc></extensions></trkpt>
      <trkpt lon="-117.324706" lat="33.974190"><ele>328.482820</ele><time>2024-09-27T18:24:54Z</time><extensions><speed>1.296786</speed><course>272.734968</course><hAcc>1.485131</hAcc><vAcc>0.776978</vAcc></extensions></trkpt>
      <trkpt lon="-117.324720" lat="33.974191"><ele>328.487181</ele><time>2024-09-27T18:24:55Z</time><extensions><speed>1.363418</speed><course>276.820757</course><hAcc>1.454689</hAcc><vAcc>0.773223</vAcc></extensions></trkpt>
      <trkpt lon="-117.324735" lat="33.974193"><ele>328.488090</ele><time>2024-09-27T18:24:56Z</time><extensions><speed>1.402534</speed><course>280.981002</course><hAcc>1.445910</hAcc><vAcc>0.769952</vAcc></extensions></trkpt>
      <trkpt lon="-117.324749" lat="33.974196"><ele>328.490456</ele><time>2024-09-27T18:24:57Z</time><extensions><speed>1.242901</speed><course>285.010040</course><hAcc>1.467885</hAcc><vAcc>0.767212</vAcc></extensions></trkpt>
      <trkpt lon="-117.324761" lat="33.974200"><ele>328.491215</ele><time>2024-09-27T18:24:58Z</time><extensions><speed>1.135018</speed><course>291.849211</course><hAcc>1.420806</hAcc><vAcc>0.765010</vAcc></extensions></trkpt>
      <trkpt lon="-117.324772" lat="33.974204"><ele>328.494114</ele><time>2024-09-27T18:24:59Z</time><extensions><speed>1.089606</speed><course>294.890368</course><hAcc>1.397450</hAcc><vAcc>0.763268</vAcc></extensions></trkpt>
      <trkpt lon="-117.324783" lat="33.974208"><ele>328.500371</ele><time>2024-09-27T18:25:00Z</time><extensions><speed>1.029963</speed><course>294.119879</course><hAcc>1.400830</hAcc><vAcc>0.761993</vAcc></extensions></trkpt>
      <trkpt lon="-117.324793" lat="33.974211"><ele>328.494608</ele><time>2024-09-27T18:25:01Z</time><extensions><speed>1.011763</speed><course>291.560827</course><hAcc>1.395062</hAcc><vAcc>0.761120</vAcc></extensions></trkpt>
      <trkpt lon="-117.324803" lat="33.974214"><ele>328.493702</ele><time>2024-09-27T18:25:02Z</time><extensions><speed>0.972384</speed><course>289.292966</course><hAcc>1.396836</hAcc><vAcc>0.760782</vAcc></extensions></trkpt>
      <trkpt lon="-117.324813" lat="33.974217"><ele>328.484041</ele><time>2024-09-27T18:25:03Z</time><extensions><speed>1.029842</speed><course>289.965118</course><hAcc>1.399726</hAcc><vAcc>0.760651</vAcc></extensions></trkpt>
      <trkpt lon="-117.324824" lat="33.974221"><ele>328.467380</ele><time>2024-09-27T18:25:04Z</time><extensions><speed>1.097717</speed><course>291.381788</course><hAcc>1.411898</hAcc><vAcc>0.760653</vAcc></extensions></trkpt>
      <trkpt lon="-117.324835" lat="33.974224"><ele>328.442172</ele><time>2024-09-27T18:25:05Z</time><extensions><speed>1.117646</speed><course>290.394799</course><hAcc>1.421786</hAcc><vAcc>0.760748</vAcc></extensions></trkpt>
      <trkpt lon="-117.324847" lat="33.974228"><ele>328.420318</ele><time>2024-09-27T18:25:06Z</time><extensions><speed>1.149748</speed><course>292.447471</course><hAcc>1.405628</hAcc><vAcc>0.760856</vAcc></extensions></trkpt>
      <trkpt lon="-117.324858" lat="33.974232"><ele>328.405770</ele><time>2024-09-27T18:25:07Z</time><extensions><speed>1.170783</speed><course>293.506435</course><hAcc>1.405251</hAcc><vAcc>0.760917</vAcc></extensions></trkpt>
      <trkpt lon="-117.324871" lat="33.974236"><ele>328.390544</ele><time>2024-09-27T18:25:08Z</time><extensions><speed>1.266298</speed><course>292.523465</course><hAcc>1.402882</hAcc><vAcc>0.760900</vAcc></extensions></trkpt>
      <trkpt lon="-117.324884" lat="33.974241"><ele>328.368204</ele><time>2024-09-27T18:25:09Z</time><extensions><speed>1.346840</speed><course>289.832434</course><hAcc>1.396481</hAcc><vAcc>0.760808</vAcc></extensions></trkpt>
      <trkpt lon="-117.324898" lat="33.974245"><ele>328.346037</ele><time>2024-09-27T18:25:10Z</time><extensions><speed>1.449796</speed><course>286.778192</course><hAcc>1.387699</hAcc><vAcc>0.760649</vAcc></extensions></trkpt>
      <trkpt lon="-117.324914" lat="33.974248"><ele>328.331392</ele><time>2024-09-27T18:25:11Z</time><extensions><speed>1.518040</speed><course>284.800279</course><hAcc>1.388377</hAcc><vAcc>0.760431</vAcc></extensions></trkpt>
      <trkpt lon="-117.324929" lat="33.974251"><ele>328.311068</ele><time>2024-09-27T18:25:12Z</time><extensions><speed>1.354762</speed><course>282.679990</course><hAcc>1.419613</hAcc><vAcc>0.760147</vAcc></extensions></trkpt>
      <trkpt lon="-117.324943" lat="33.974254"><ele>328.292260</ele><time>2024-09-27T18:25:13Z</time><extensions><speed>1.415537</speed><course>282.691009</course><hAcc>1.391757</hAcc><vAcc>0.759791</vAcc></extensions></trkpt>
      <trkpt lon="-117.324958" lat="33.974257"><ele>328.289395</ele><time>2024-09-27T18:25:14Z</time><extensions><speed>1.374873</speed><course>281.480999</course><hAcc>1.381102</hAcc><vAcc>0.759385</vAcc></extensions></trkpt>
      <trkpt lon="-117.324972" lat="33.974259"><ele>328.299421</ele><time>2024-09-27T18:25:15Z</time><extensions><speed>1.281525</speed><course>279.395782</course><hAcc>1.385564</hAcc><vAcc>0.758963</vAcc></extensions></trkpt>
      <trkpt lon="-117.324986" lat="33.974260"><ele>328.314497</ele><time>2024-09-27T18:25:16Z</time><extensions><speed>1.260515</speed><course>275.856074</course><hAcc>1.392335</hAcc><vAcc>0.758554</vAcc></extensions></trkpt>
      <trkpt lon="-117.325000" lat="33.974261"><ele>328.328000</ele><time>2024-09-27T18:25:17Z</time><extensions><speed>1.287540</speed><course>272.893733</course><hAcc>1.388826</hAcc><vAcc>0.758180</vAcc></extensions></trkpt>
      <trkpt lon="-117.325014" lat="33.974261"><ele>328.348450</ele><time>2024-09-27T18:25:18Z</time><extensions><speed>1.322500</speed><course>270.485039</course><hAcc>1.386868</hAcc><vAcc>0.757854</vAcc></extensions></trkpt>
      <trkpt lon="-117.325028" lat="33.974261"><ele>328.377372</ele><time>2024-09-27T18:25:19Z</time><extensions><speed>1.338457</speed><course>267.605811</course><hAcc>1.396383</hAcc><vAcc>0.757579</vAcc></extensions></trkpt>
      <trkpt lon="-117.325043" lat="33.974260"><ele>328.412547</ele><time>2024-09-27T18:25:20Z</time><extensions><speed>1.366455</speed><course>266.615391</course><hAcc>1.413403</hAcc><vAcc>0.757355</vAcc></extensions></trkpt>
      <trkpt lon="-117.325057" lat="33.974259"><ele>328.448527</ele><time>2024-09-27T18:25:21Z</time><extensions><speed>1.325450</speed><course>265.131343</course><hAcc>1.402782</hAcc><vAcc>0.757179</vAcc></extensions></trkpt>
      <trkpt lon="-117.325071" lat="33.974258"><ele>328.490651</ele><time>2024-09-27T18:25:22Z</time><extensions><speed>1.267827</speed><course>263.972513</course><hAcc>1.407911</hAcc><vAcc>0.757045</vAcc></extensions></trkpt>
      <trkpt lon="-117.325085" lat="33.974257"><ele>328.538012</ele><time>2024-09-27T18:25:23Z</time><extensions><speed>1.273542</speed><course>262.692979</course><hAcc>1.416260</hAcc><vAcc>0.757317</vAcc></extensions></trkpt>
      <trkpt lon="-117.325099" lat="33.974255"><ele>328.584575</ele><time>2024-09-27T18:25:24Z</time><extensions><speed>1.272973</speed><course>259.788866</course><hAcc>1.424049</hAcc><vAcc>0.757750</vAcc></extensions></trkpt>
      <trkpt lon="-117.325112" lat="33.974253"><ele>328.634641</ele><time>2024-09-27T18:25:25Z</time><extensions><speed>1.266460</speed><course>255.943400</course><hAcc>1.435846</hAcc><vAcc>0.758478</vAcc></extensions></trkpt>
      <trkpt lon="-117.325126" lat="33.974250"><ele>328.682955</ele><time>2024-09-27T18:25:26Z</time><extensions><speed>1.241907</speed><course>252.812900</course><hAcc>1.452515</hAcc><vAcc>0.759621</vAcc></extensions></trkpt>
      <trkpt lon="-117.325138" lat="33.974246"><ele>328.731972</ele><time>2024-09-27T18:25:27Z</time><extensions><speed>1.245475</speed><course>249.577393</course><hAcc>1.462940</hAcc><vAcc>0.760883</vAcc></extensions></trkpt>
      <trkpt lon="-117.325152" lat="33.974242"><ele>328.785476</ele><time>2024-09-27T18:25:28Z</time><extensions><speed>1.367569</speed><course>251.500913</course><hAcc>1.471739</hAcc><vAcc>0.762389</vAcc></extensions></trkpt>
      <trkpt lon="-117.325167" lat="33.974238"><ele>328.832337</ele><time>2024-09-27T18:25:29Z</time><extensions><speed>1.491636</speed><course>252.962724</course><hAcc>1.463419</hAcc><vAcc>0.763959</vAcc></extensions></trkpt>
      <trkpt lon="-117.325183" lat="33.974234"><ele>328.890797</ele><time>2024-09-27T18:25:30Z</time><extensions><speed>1.593226</speed><course>255.749827</course><hAcc>1.453998</hAcc><vAcc>0.765722</vAcc></extensions></trkpt>
      <trkpt lon="-117.325200" lat="33.974231"><ele>328.938378</ele><time>2024-09-27T18:25:31Z</time><extensions><speed>1.675588</speed><course>259.434479</course><hAcc>1.450141</hAcc><vAcc>0.767517</vAcc></extensions></trkpt>
      <trkpt lon="-117.325217" lat="33.974228"><ele>328.981172</ele><time>2024-09-27T18:25:32Z</time><extensions><speed>1.650463</speed><course>258.276827</course><hAcc>1.461941</hAcc><vAcc>0.769333</vAcc></extensions></trkpt>
      <trkpt lon="-117.325234" lat="33.974226"><ele>329.026663</ele><time>2024-09-27T18:25:33Z</time><extensions><speed>1.404013</speed><course>256.978164</course><hAcc>1.494303</hAcc><vAcc>0.771070</vAcc></extensions></trkpt>
      <trkpt lon="-117.325248" lat="33.974223"><ele>329.065449</ele><time>2024-09-27T18:25:34Z</time><extensions><speed>1.345890</speed><course>260.689128</course><hAcc>1.472631</hAcc><vAcc>0.772697</vAcc></extensions></trkpt>
      <trkpt lon="-117.325262" lat="33.974222"><ele>329.098823</ele><time>2024-09-27T18:25:35Z</time><extensions><speed>1.348343</speed><course>266.279463</course><hAcc>1.470135</hAcc><vAcc>0.773969</vAcc></extensions></trkpt>
      <trkpt lon="-117.325277" lat="33.974221"><ele>329.133557</ele><time>2024-09-27T18:25:36Z</time><extensions><speed>1.311309</speed><course>268.597406</course><hAcc>1.475404</hAcc><vAcc>0.774887</vAcc></extensions></trkpt>
      <trkpt lon="-117.325291" lat="33.974221"><ele>329.167328</ele><time>2024-09-27T18:25:37Z</time><extensions><speed>1.281094</speed><course>266.229764</course><hAcc>1.476733</hAcc><vAcc>0.775453</vAcc></extensions></trkpt>
      <trkpt lon="-117.325304" lat="33.974219"><ele>329.192895</ele><time>2024-09-27T18:25:38Z</time><extensions><speed>1.237714</speed><course>261.221711</course><hAcc>1.474496</hAcc><vAcc>0.775525</vAcc></extensions></trkpt>
      <trkpt lon="-117.325317" lat="33.974217"><ele>329.225942</ele><time>2024-09-27T18:25:39Z</time><extensions><speed>1.136959</speed><course>256.418712</course><hAcc>1.465978</hAcc><vAcc>0.775495</vAcc></extensions></trkpt>
      <trkpt lon="-117.325328" lat="33.974215"><ele>329.252503</ele><time>2024-09-27T18:25:40Z</time><extensions><speed>1.041270</speed><course>255.178862</course><hAcc>1.457745</hAcc><vAcc>0.775435</vAcc></extensions></trkpt>
      <trkpt lon="-117.325339" lat="33.974212"><ele>329.282203</ele><time>2024-09-27T18:25:41Z</time><extensions><speed>1.003429</speed><course>255.312050</course><hAcc>1.454429</hAcc><vAcc>0.775723</vAcc></extensions></trkpt>
      <trkpt lon="-117.325349" lat="33.974210"><ele>329.307494</ele><time>2024-09-27T18:25:42Z</time><extensions><speed>1.003699</speed><course>254.435736</course><hAcc>1.450973</hAcc><vAcc>0.775876</vAcc></extensions></trkpt>
      <trkpt lon="-117.325360" lat="33.974208"><ele>329.323592</ele><time>2024-09-27T18:25:43Z</time><extensions><speed>1.027551</speed><course>253.837805</course><hAcc>1.449538</hAcc><vAcc>0.776002</vAcc></extensions></trkpt>
      <trkpt lon="-117.325370" lat="33.974205"><ele>329.336023</ele><time>2024-09-27T18:25:44Z</time><extensions><speed>1.012220</speed><course>250.785796</course><hAcc>1.447877</hAcc><vAcc>0.776031</vAcc></extensions></trkpt>
      <trkpt lon="-117.325380" lat="33.974201"><ele>329.350214</ele><time>2024-09-27T18:25:45Z</time><extensions><speed>1.018183</speed><course>244.867900</course><hAcc>1.445166</hAcc><vAcc>0.776116</vAcc></extensions></trkpt>
      <trkpt lon="-117.325390" lat="33.974197"><ele>329.353683</ele><time>2024-09-27T18:25:46Z</time><extensions><speed>1.004706</speed><course>239.919257</course><hAcc>1.439149</hAcc><vAcc>0.776216</vAcc></extensions></trkpt>
      <trkpt lon="-117.325399" lat="33.974192"><ele>329.347136</ele><time>2024-09-27T18:25:47Z</time><extensions><speed>1.053654</speed><course>234.721010</course><hAcc>1.427688</hAcc><vAcc>0.776322</vAcc></extensions></trkpt>
      <trkpt lon="-117.325409" lat="33.974186"><ele>329.331606</ele><time>2024-09-27T18:25:48Z</time><extensions><speed>1.153612</speed><course>229.868276</course><hAcc>1.413458</hAcc><vAcc>0.776833</vAcc></extensions></trkpt>
      <trkpt lon="-117.325419" lat="33.974179"><ele>329.319683</ele><time>2024-09-27T18:25:49Z</time><extensions><speed>1.260970</speed><course>227.158026</course><hAcc>1.399697</hAcc><vAcc>0.777249</vAcc></extensions></trkpt>
      <trkpt lon="-117.325429" lat="33.974171"><ele>329.306971</ele><time>2024-09-27T18:25:50Z</time><extensions><speed>1.357073</speed><course>228.604987</course><hAcc>1.397471</hAcc><vAcc>0.777705</vAcc></extensions></trkpt>
      <trkpt lon="-117.325440" lat="33.974163"><ele>329.300028</ele><time>2024-09-27T18:25:51Z</time><extensions><speed>1.253630</speed><course>232.045787</course><hAcc>1.409406</hAcc><vAcc>0.778797</vAcc></extensions></trkpt>
      <trkpt lon="-117.325450" lat="33.974156"><ele>329.302342</ele><time>2024-09-27T18:25:52Z</time><extensions><speed>1.201173</speed><course>232.506581</course><hAcc>1.383476</hAcc><vAcc>0.780286</vAcc></extensions></trkpt>
      <trkpt lon="-117.325460" lat="33.974150"><ele>329.293571</ele><time>2024-09-27T18:25:53Z</time><extensions><speed>1.142057</speed><course>234.487626</course><hAcc>1.375217</hAcc><vAcc>0.782295</vAcc></extensions></trkpt>
      <trkpt lon="-117.325471" lat="33.974144"><ele>329.290796</ele><time>2024-09-27T18:25:54Z</time><extensions><speed>1.146011</speed><course>238.369302</course><hAcc>1.381942</hAcc><vAcc>0.784411</vAcc></extensions></trkpt>
      <trkpt lon="-117.325481" lat="33.974139"><ele>329.286287</ele><time>2024-09-27T18:25:55Z</time><extensions><speed>1.126612</speed><course>236.262693</course><hAcc>1.392469</hAcc><vAcc>0.786439</vAcc></extensions></trkpt>
      <trkpt lon="-117.325490" lat="33.974133"><ele>329.281995</ele><time>2024-09-27T18:25:56Z</time><extensions><speed>1.065632</speed><course>229.122585</course><hAcc>1.404903</hAcc><vAcc>0.788953</vAcc></extensions></trkpt>
      <trkpt lon="-117.325498" lat="33.974126"><ele>329.275207</ele><time>2024-09-27T18:25:57Z</time><extensions><speed>1.061234</speed><course>218.109898</course><hAcc>1.417612</hAcc><vAcc>0.792116</vAcc></extensions></trkpt>
      <trkpt lon="-117.325505" lat="33.974117"><ele>329.280247</ele><time>2024-09-27T18:25:58Z</time><extensions><speed>1.124366</speed><course>206.346202</course><hAcc>1.430713</hAcc><vAcc>0.795615</vAcc></extensions></trkpt>
      <trkpt lon="-117.325510" lat="33.974108"><ele>329.284316</ele><time>2024-09-27T18:25:59Z</time><extensions><speed>1.179437</speed><course>200.177259</course><hAcc>1.450945</hAcc><vAcc>0.799222</vAcc></extensions></trkpt>
      <trkpt lon="-117.325514" lat="33.974098"><ele>329.296655</ele><time>2024-09-27T18:26:00Z</time><extensions><speed>1.180288</speed><course>197.000740</course><hAcc>1.470854</hAcc><vAcc>0.802683</vAcc></extensions></trkpt>
      <trkpt lon="-117.325518" lat="33.974088"><ele>329.319129</ele><time>2024-09-27T18:26:01Z</time><extensions><speed>1.186063</speed><course>198.634849</course><hAcc>1.487912</hAcc><vAcc>0.806518</vAcc></extensions></trkpt>
      <trkpt lon="-117.325523" lat="33.974078"><ele>329.342048</ele><time>2024-09-27T18:26:02Z</time><extensions><speed>1.167163</speed><course>204.614240</course><hAcc>1.509736</hAcc><vAcc>0.810476</vAcc></extensions></trkpt>
      <trkpt lon="-117.325528" lat="33.974068"><ele>329.362021</ele><time>2024-09-27T18:26:03Z</time><extensions><speed>1.160429</speed><course>211.195761</course><hAcc>1.538844</hAcc><vAcc>0.814493</vAcc></extensions></trkpt>
      <trkpt lon="-117.325536" lat="33.974059"><ele>329.388978</ele><time>2024-09-27T18:26:04Z</time><extensions><speed>1.272428</speed><course>212.692510</course><hAcc>1.564487</hAcc><vAcc>0.819034</vAcc></extensions></trkpt>
      <trkpt lon="-117.325543" lat="33.974049"><ele>329.423941</ele><time>2024-09-27T18:26:05Z</time><extensions><speed>1.401186</speed><course>211.883460</course><hAcc>1.579202</hAcc><vAcc>0.823778</vAcc></extensions></trkpt>
      <trkpt lon="-117.325552" lat="33.974038"><ele>329.458351</ele><time>2024-09-27T18:26:06Z</time><extensions><speed>1.463165</speed><course>211.645786</course><hAcc>1.589003</hAcc><vAcc>0.828889</vAcc></extensions></trkpt>
      <trkpt lon="-117.325560" lat="33.974027"><ele>329.500645</ele><time>2024-09-27T18:26:07Z</time><extensions><speed>1.457689</speed><course>212.061995</course><hAcc>1.592095</hAcc><vAcc>0.835003</vAcc></extensions></trkpt>
      <trkpt lon="-117.325568" lat="33.974016"><ele>329.555067</ele><time>2024-09-27T18:26:08Z</time><extensions><speed>1.397155</speed><course>215.942327</course><hAcc>1.589886</hAcc><vAcc>0.841586</vAcc></extensions></trkpt>
      <trkpt lon="-117.325578" lat="33.974006"><ele>329.614197</ele><time>2024-09-27T18:26:09Z</time><extensions><speed>1.384770</speed><course>220.375908</course><hAcc>1.589939</hAcc><vAcc>0.848187</vAcc></extensions></trkpt>
      <trkpt lon="-117.325587" lat="33.973997"><ele>329.659486</ele><time>2024-09-27T18:26:10Z</time><extensions><speed>1.349168</speed><course>222.788847</course><hAcc>1.588889</hAcc><vAcc>0.854567</vAcc></extensions></trkpt>
      <trkpt lon="-117.325597" lat="33.973988"><ele>329.699478</ele><time>2024-09-27T18:26:11Z</time><extensions><speed>1.353590</speed><course>222.204536</course><hAcc>1.591393</hAcc><vAcc>0.861701</vAcc></extensions></trkpt>
      <trkpt lon="-117.325607" lat="33.973979"><ele>329.748940</ele><time>2024-09-27T18:26:12Z</time><extensions><speed>1.338413</speed><course>222.405877</course><hAcc>1.598670</hAcc><vAcc>0.869051</vAcc></extensions></trkpt>
      <trkpt lon="-117.325617" lat="33.973970"><ele>329.807150</ele><time>2024-09-27T18:26:13Z</time><extensions><speed>1.264384</speed><course>222.341138</course><hAcc>1.607134</hAcc><vAcc>0.875981</vAcc></extensions></trkpt>
      <trkpt lon="-117.325626" lat="33.973961"><ele>329.854217</ele><time>2024-09-27T18:26:14Z</time><extensions><speed>1.235020</speed><course>219.417072</course><hAcc>1.618391</hAcc><vAcc>0.882278</vAcc></extensions></trkpt>
      <trkpt lon="-117.325634" lat="33.973952"><ele>329.890436</ele><time>2024-09-27T18:26:15Z</time><extensions><speed>1.246406</speed><course>213.537208</course><hAcc>1.630063</hAcc><vAcc>0.889302</vAcc></extensions></trkpt>
      <trkpt lon="-117.325640" lat="33.973943"><ele>329.932050</ele><time>2024-09-27T18:26:16Z</time><extensions><speed>1.264161</speed><course>206.648283</course><hAcc>1.640758</hAcc><vAcc>0.896855</vAcc></extensions></trkpt>
      <trkpt lon="-117.325646" lat="33.973932"><ele>329.978040</ele><time>2024-09-27T18:26:17Z</time><extensions><speed>1.318747</speed><course>202.830842</course><hAcc>1.647982</hAcc><vAcc>0.904657</vAcc></extensions></trkpt>
      <trkpt lon="-117.325652" lat="33.973921"><ele>330.043615</ele><time>2024-09-27T18:26:18Z</time><extensions><speed>1.336588</speed><course>200.602222</course><hAcc>1.656054</hAcc><vAcc>0.913015</vAcc></extensions></trkpt>
      <trkpt lon="-117.325657" lat="33.973910"><ele>330.105991</ele><time>2024-09-27T18:26:19Z</time><extensions><speed>1.309586</speed><course>197.565507</course><hAcc>1.666371</hAcc><vAcc>0.922083</vAcc></extensions></trkpt>
      <trkpt lon="-117.325661" lat="33.973898"><ele>330.154315</ele><time>2024-09-27T18:26:20Z</time><extensions><speed>1.266269</speed><course>195.701050</course><hAcc>1.675755</hAcc><vAcc>0.932010</vAcc></extensions></trkpt>
      <trkpt lon="-117.325665" lat="33.973888"><ele>330.180888</ele><time>2024-09-27T18:26:21Z</time><extensions><speed>1.145695</speed><course>195.113510</course><hAcc>1.687865</hAcc><vAcc>0.942354</vAcc></extensions></trkpt>
      <trkpt lon="-117.325668" lat="33.973878"><ele>330.193399</ele><time>2024-09-27T18:26:22Z</time><extensions><speed>1.158645</speed><course>195.827549</course><hAcc>1.698226</hAcc><vAcc>0.953876</vAcc></extensions></trkpt>
      <trkpt lon="-117.325672" lat="33.973867"><ele>330.183472</ele><time>2024-09-27T18:26:23Z</time><extensions><speed>1.289885</speed><course>197.016408</course><hAcc>1.696909</hAcc><vAcc>0.964494</vAcc></extensions></trkpt>
      <trkpt lon="-117.325677" lat="33.973856"><ele>330.159865</ele><time>2024-09-27T18:26:24Z</time><extensions><speed>1.299094</speed><course>200.212800</course><hAcc>1.682354</hAcc><vAcc>0.974647</vAcc></extensions></trkpt>
      <trkpt lon="-117.325683" lat="33.973845"><ele>330.117151</ele><time>2024-09-27T18:26:25Z</time><extensions><speed>1.237559</speed><course>203.139656</course><hAcc>1.671295</hAcc><vAcc>0.983409</vAcc></extensions></trkpt>
      <trkpt lon="-117.325688" lat="33.973835"><ele>330.068871</ele><time>2024-09-27T18:26:26Z</time><extensions><speed>1.232311</speed><course>205.087038</course><hAcc>1.683224</hAcc><vAcc>0.990309</vAcc></extensions></trkpt>
      <trkpt lon="-117.325695" lat="33.973825"><ele>330.004282</ele><time>2024-09-27T18:26:27Z</time><extensions><speed>1.386844</speed><course>206.874561</course><hAcc>1.701458</hAcc><vAcc>0.995999</vAcc></extensions></trkpt>
      <trkpt lon="-117.325702" lat="33.973814"><ele>329.915386</ele><time>2024-09-27T18:26:28Z</time><extensions><speed>1.336400</speed><course>209.125097</course><hAcc>1.722652</hAcc><vAcc>1.001176</vAcc></extensions></trkpt>
      <trkpt lon="-117.325710" lat="33.973803"><ele>329.820739</ele><time>2024-09-27T18:26:29Z</time><extensions><speed>1.380942</speed><course>215.906484</course><hAcc>1.700881</hAcc><vAcc>1.003567</vAcc></extensions></trkpt>
      <trkpt lon="-117.325719" lat="33.973794"><ele>329.698971</ele><time>2024-09-27T18:26:30Z</time><extensions><speed>1.353998</speed><course>222.169010</course><hAcc>1.696522</hAcc><vAcc>1.003061</vAcc></extensions></trkpt>
      <trkpt lon="-117.325730" lat="33.973785"><ele>329.583007</ele><time>2024-09-27T18:26:31Z</time><extensions><speed>1.412152</speed><course>227.166466</course><hAcc>1.695420</hAcc><vAcc>1.002394</vAcc></extensions></trkpt>
      <trkpt lon="-117.325741" lat="33.973776"><ele>329.458933</ele><time>2024-09-27T18:26:32Z</time><extensions><speed>1.432260</speed><course>228.170809</course><hAcc>1.708348</hAcc><vAcc>1.000000</vAcc></extensions></trkpt>
      <trkpt lon="-117.325754" lat="33.973767"><ele>329.331659</ele><time>2024-09-27T18:26:33Z</time><extensions><speed>1.546007</speed><course>228.373149</course><hAcc>1.704443</hAcc><vAcc>0.995950</vAcc></extensions></trkpt>
      <trkpt lon="-117.325766" lat="33.973758"><ele>329.209582</ele><time>2024-09-27T18:26:34Z</time><extensions><speed>1.529375</speed><course>227.645287</course><hAcc>1.700452</hAcc><vAcc>0.991171</vAcc></extensions></trkpt>
      <trkpt lon="-117.325779" lat="33.973749"><ele>329.091035</ele><time>2024-09-27T18:26:35Z</time><extensions><speed>1.497341</speed><course>229.820835</course><hAcc>1.686641</hAcc><vAcc>0.984644</vAcc></extensions></trkpt>
      <trkpt lon="-117.325791" lat="33.973741"><ele>328.977788</ele><time>2024-09-27T18:26:36Z</time><extensions><speed>1.470058</speed><course>233.098243</course><hAcc>1.668462</hAcc><vAcc>0.977744</vAcc></extensions></trkpt>
      <trkpt lon="-117.325804" lat="33.973733"><ele>328.849399</ele><time>2024-09-27T18:26:37Z</time><extensions><speed>1.431543</speed><course>236.975582</course><hAcc>1.646155</hAcc><vAcc>0.969185</vAcc></extensions></trkpt>
      <trkpt lon="-117.325818" lat="33.973726"><ele>328.721929</ele><time>2024-09-27T18:26:38Z</time><extensions><speed>1.408481</speed><course>238.343633</course><hAcc>1.619447</hAcc><vAcc>0.961176</vAcc></extensions></trkpt>
      <trkpt lon="-117.325831" lat="33.973720"><ele>328.598907</ele><time>2024-09-27T18:26:39Z</time><extensions><speed>1.358382</speed><course>239.679516</course><hAcc>1.595132</hAcc><vAcc>0.953142</vAcc></extensions></trkpt>
      <trkpt lon="-117.325844" lat="33.973714"><ele>328.497755</ele><time>2024-09-27T18:26:40Z</time><extensions><speed>1.302186</speed><course>243.010976</course><hAcc>1.572669</hAcc><vAcc>0.944777</vAcc></extensions></trkpt>
      <trkpt lon="-117.325856" lat="33.973709"><ele>328.410210</ele><time>2024-09-27T18:26:41Z</time><extensions><speed>1.223114</speed><course>243.173847</course><hAcc>1.571422</hAcc><vAcc>0.936211</vAcc></extensions></trkpt>
      <trkpt lon="-117.325869" lat="33.973704"><ele>328.316331</ele><time>2024-09-27T18:26:42Z</time><extensions><speed>1.427047</speed><course>245.399180</course><hAcc>1.532478</hAcc><vAcc>0.929905</vAcc></extensions></trkpt>
      <trkpt lon="-117.325885" lat="33.973699"><ele>328.223613</ele><time>2024-09-27T18:26:43Z</time><extensions><speed>1.595843</speed><course>247.243940</course><hAcc>1.507394</hAcc><vAcc>0.923649</vAcc></extensions></trkpt>
      <trkpt lon="-117.325900" lat="33.973694"><ele>328.143806</ele><time>2024-09-27T18:26:44Z</time><extensions><speed>1.515963</speed><course>249.226210</course><hAcc>1.503961</hAcc><vAcc>0.918465</vAcc></extensions></trkpt>
      <trkpt lon="-117.325916" lat="33.973689"><ele>328.079754</ele><time>2024-09-27T18:26:45Z</time><extensions><speed>1.559301</speed><course>250.737775</course><hAcc>1.497110</hAcc><vAcc>0.914136</vAcc></extensions></trkpt>
      <trkpt lon="-117.325932" lat="33.973685"><ele>328.024345</ele><time>2024-09-27T18:26:46Z</time><extensions><speed>1.406611</speed><course>251.386790</course><hAcc>1.509102</hAcc><vAcc>0.910496</vAcc></extensions></trkpt>
      <trkpt lon="-117.325946" lat="33.973681"><ele>327.972038</ele><time>2024-09-27T18:26:47Z</time><extensions><speed>1.444349</speed><course>256.453067</course><hAcc>1.477553</hAcc><vAcc>0.907488</vAcc></extensions></trkpt>
      <trkpt lon="-117.325962" lat="33.973679"><ele>327.929703</ele><time>2024-09-27T18:26:48Z</time><extensions><speed>1.512975</speed><course>260.266401</course><hAcc>1.478260</hAcc><vAcc>0.904908</vAcc></extensions></trkpt>
      <trkpt lon="-117.325979" lat="33.973677"><ele>327.902356</ele><time>2024-09-27T18:26:49Z</time><extensions><speed>1.598432</speed><course>264.220168</course><hAcc>1.485385</hAcc><vAcc>0.902215</vAcc></extensions></trkpt>
      <trkpt lon="-117.325997" lat="33.973676"><ele>327.868202</ele><time>2024-09-27T18:26:50Z</time><extensions><speed>1.683494</speed><course>267.422030</course><hAcc>1.479685</hAcc><vAcc>0.899947</vAcc></extensions></trkpt>
      <trkpt lon="-117.326015" lat="33.973675"><ele>327.831954</ele><time>2024-09-27T18:26:51Z</time><extensions><speed>1.700930</speed><course>269.757900</course><hAcc>1.492280</hAcc><vAcc>0.898057</vAcc></extensions></trkpt>
      <trkpt lon="-117.326032" lat="33.973676"><ele>327.809656</ele><time>2024-09-27T18:26:52Z</time><extensions><speed>1.495572</speed><course>272.008396</course><hAcc>1.517239</hAcc><vAcc>0.896940</vAcc></extensions></trkpt>
      <trkpt lon="-117.326049" lat="33.973676"><ele>327.791517</ele><time>2024-09-27T18:26:53Z</time><extensions><speed>1.487314</speed><course>272.208461</course><hAcc>1.508153</hAcc><vAcc>0.895448</vAcc></extensions></trkpt>
      <trkpt lon="-117.326065" lat="33.973677"><ele>327.785873</ele><time>2024-09-27T18:26:54Z</time><extensions><speed>1.484805</speed><course>273.686240</course><hAcc>1.514320</hAcc><vAcc>0.893792</vAcc></extensions></trkpt>
      <trkpt lon="-117.326080" lat="33.973678"><ele>327.779795</ele><time>2024-09-27T18:26:55Z</time><extensions><speed>1.434797</speed><course>274.768874</course><hAcc>1.517345</hAcc><vAcc>0.891998</vAcc></extensions></trkpt>
      <trkpt lon="-117.326096" lat="33.973679"><ele>327.783480</ele><time>2024-09-27T18:26:56Z</time><extensions><speed>1.379354</speed><course>275.277065</course><hAcc>1.520560</hAcc><vAcc>0.889934</vAcc></extensions></trkpt>
      <trkpt lon="-117.326110" lat="33.973680"><ele>327.794251</ele><time>2024-09-27T18:26:57Z</time><extensions><speed>1.290699</speed><course>275.644027</course><hAcc>1.520825</hAcc><vAcc>0.887677</vAcc></extensions></trkpt>
      <trkpt lon="-117.326124" lat="33.973681"><ele>327.812173</ele><time>2024-09-27T18:26:58Z</time><extensions><speed>1.294652</speed><course>275.103910</course><hAcc>1.516242</hAcc><vAcc>0.884367</vAcc></extensions></trkpt>
      <trkpt lon="-117.326139" lat="33.973681"><ele>327.841691</ele><time>2024-09-27T18:26:59Z</time><extensions><speed>1.378151</speed><course>272.455563</course><hAcc>1.507597</hAcc><vAcc>0.881407</vAcc></extensions></trkpt>
      <trkpt lon="-117.326154" lat="33.973682"><ele>327.875767</ele><time>2024-09-27T18:27:00Z</time><extensions><speed>1.481273</speed><course>270.731723</course><hAcc>1.495795</hAcc><vAcc>0.877596</vAcc></extensions></trkpt>
      <trkpt lon="-117.326171" lat="33.973682"><ele>327.913496</ele><time>2024-09-27T18:27:01Z</time><extensions><speed>1.529554</speed><course>269.074235</course><hAcc>1.491798</hAcc><vAcc>0.874101</vAcc></extensions></trkpt>
      <trkpt lon="-117.326187" lat="33.973681"><ele>327.947415</ele><time>2024-09-27T18:27:02Z</time><extensions><speed>1.419463</speed><course>268.101497</course><hAcc>1.503807</hAcc><vAcc>0.870691</vAcc></extensions></trkpt>
      <trkpt lon="-117.326202" lat="33.973681"><ele>327.981772</ele><time>2024-09-27T18:27:03Z</time><extensions><speed>1.402067</speed><course>266.917768</course><hAcc>1.476564</hAcc><vAcc>0.867283</vAcc></extensions></trkpt>
      <trkpt lon="-117.326217" lat="33.973680"><ele>328.021606</ele><time>2024-09-27T18:27:04Z</time><extensions><speed>1.347430</speed><course>265.496825</course><hAcc>1.455594</hAcc><vAcc>0.863843</vAcc></extensions></trkpt>
      <trkpt lon="-117.326231" lat="33.973679"><ele>328.063333</ele><time>2024-09-27T18:27:05Z</time><extensions><speed>1.353284</speed><course>265.924115</course><hAcc>1.446572</hAcc><vAcc>0.860354</vAcc></extensions></trkpt>
      <trkpt lon="-117.326246" lat="33.973679"><ele>328.096664</ele><time>2024-09-27T18:27:06Z</time><extensions><speed>1.439919</speed><course>267.694997</course><hAcc>1.444123</hAcc><vAcc>0.856699</vAcc></extensions></trkpt>
      <trkpt lon="-117.326262" lat="33.973678"><ele>328.119003</ele><time>2024-09-27T18:27:07Z</time><extensions><speed>1.474173</speed><course>267.627784</course><hAcc>1.435994</hAcc><vAcc>0.852430</vAcc></extensions></trkpt>
      <trkpt lon="-117.326278" lat="33.973678"><ele>328.141242</ele><time>2024-09-27T18:27:08Z</time><extensions><speed>1.502669</speed><course>267.071241</course><hAcc>1.423388</hAcc><vAcc>0.847799</vAcc></extensions></trkpt>
      <trkpt lon="-117.326293" lat="33.973677"><ele>328.159363</ele><time>2024-09-27T18:27:09Z</time><extensions><speed>1.395628</speed><course>267.607846</course><hAcc>1.428212</hAcc><vAcc>0.843480</vAcc></extensions></trkpt>
      <trkpt lon="-117.326308" lat="33.973677"><ele>328.169450</ele><time>2024-09-27T18:27:10Z</time><extensions><speed>1.351985</speed><course>270.999533</course><hAcc>1.409404</hAcc><vAcc>0.838948</vAcc></extensions></trkpt>
      <trkpt lon="-117.326323" lat="33.973677"><ele>328.177938</ele><time>2024-09-27T18:27:11Z</time><extensions><speed>1.319741</speed><course>274.191021</course><hAcc>1.415188</hAcc><vAcc>0.834381</vAcc></extensions></trkpt>
      <trkpt lon="-117.326337" lat="33.973679"><ele>328.182579</ele><time>2024-09-27T18:27:12Z</time><extensions><speed>1.287421</speed><course>278.615250</course><hAcc>1.405919</hAcc><vAcc>0.829916</vAcc></extensions></trkpt>
      <trkpt lon="-117.326350" lat="33.973680"><ele>328.179492</ele><time>2024-09-27T18:27:13Z</time><extensions><speed>1.205177</speed><course>280.347320</course><hAcc>1.401019</hAcc><vAcc>0.825629</vAcc></extensions></trkpt>
      <trkpt lon="-117.326362" lat="33.973682"><ele>328.165347</ele><time>2024-09-27T18:27:14Z</time><extensions><speed>1.133540</speed><course>281.917170</course><hAcc>1.401751</hAcc><vAcc>0.821520</vAcc></extensions></trkpt>
      <trkpt lon="-117.326375" lat="33.973684"><ele>328.147895</ele><time>2024-09-27T18:27:15Z</time><extensions><speed>1.163940</speed><course>281.010403</course><hAcc>1.407909</hAcc><vAcc>0.817318</vAcc></extensions></trkpt>
      <trkpt lon="-117.326387" lat="33.973686"><ele>328.129894</ele><time>2024-09-27T18:27:16Z</time><extensions><speed>1.176795</speed><course>277.381204</course><hAcc>1.393791</hAcc><vAcc>0.813541</vAcc></extensions></trkpt>
      <trkpt lon="-117.326400" lat="33.973687"><ele>328.114438</ele><time>2024-09-27T18:27:17Z</time><extensions><speed>1.220376</speed><course>271.113230</course><hAcc>1.372188</hAcc><vAcc>0.810539</vAcc></extensions></trkpt>
      <trkpt lon="-117.326413" lat="33.973687"><ele>328.102541</ele><time>2024-09-27T18:27:18Z</time><extensions><speed>1.183270</speed><course>264.962973</course><hAcc>1.368759</hAcc><vAcc>0.807776</vAcc></extensions></trkpt>
      <trkpt lon="-117.326425" lat="33.973685"><ele>328.088764</ele><time>2024-09-27T18:27:19Z</time><extensions><speed>1.086119</speed><course>260.927988</course><hAcc>1.373173</hAcc><vAcc>0.805357</vAcc></extensions></trkpt>
      <trkpt lon="-117.326437" lat="33.973683"><ele>328.075693</ele><time>2024-09-27T18:27:20Z</time><extensions><speed>1.129859</speed><course>256.856871</course><hAcc>1.347759</hAcc><vAcc>0.803520</vAcc></extensions></trkpt>
      <trkpt lon="-117.326449" lat="33.973681"><ele>328.063869</ele><time>2024-09-27T18:27:21Z</time><extensions><speed>1.220421</speed><course>254.599397</course><hAcc>1.326467</hAcc><vAcc>0.801966</vAcc></extensions></trkpt>
      <trkpt lon="-117.326463" lat="33.973678"><ele>328.050771</ele><time>2024-09-27T18:27:22Z</time><extensions><speed>1.341128</speed><course>254.325464</course><hAcc>1.314081</hAcc><vAcc>0.800573</vAcc></extensions></trkpt>
      <trkpt lon="-117.326477" lat="33.973674"><ele>328.043952</ele><time>2024-09-27T18:27:23Z</time><extensions><speed>1.420260</speed><course>255.412841</course><hAcc>1.314973</hAcc><vAcc>0.799493</vAcc></extensions></trkpt>
      <trkpt lon="-117.326492" lat="33.973672"><ele>328.039690</ele><time>2024-09-27T18:27:24Z</time><extensions><speed>1.403305</speed><course>259.205527</course><hAcc>1.318393</hAcc><vAcc>0.798397</vAcc></extensions></trkpt>
      <trkpt lon="-117.326507" lat="33.973670"><ele>328.024477</ele><time>2024-09-27T18:27:25Z</time><extensions><speed>1.434805</speed><course>262.344044</course><hAcc>1.295711</hAcc><vAcc>0.797336</vAcc></extensions></trkpt>
      <trkpt lon="-117.326523" lat="33.973668"><ele>328.009855</ele><time>2024-09-27T18:27:26Z</time><extensions><speed>1.394906</speed><course>264.696669</course><hAcc>1.304136</hAcc><vAcc>0.796186</vAcc></extensions></trkpt>
      <trkpt lon="-117.326537" lat="33.973667"><ele>327.993372</ele><time>2024-09-27T18:27:27Z</time><extensions><speed>1.318228</speed><course>265.743657</course><hAcc>1.321895</hAcc><vAcc>0.794933</vAcc></extensions></trkpt>
      <trkpt lon="-117.326551" lat="33.973666"><ele>327.984897</ele><time>2024-09-27T18:27:28Z</time><extensions><speed>1.315261</speed><course>268.170020</course><hAcc>1.324436</hAcc><vAcc>0.794029</vAcc></extensions></trkpt>
      <trkpt lon="-117.326565" lat="33.973667"><ele>327.975277</ele><time>2024-09-27T18:27:29Z</time><extensions><speed>1.286067</speed><course>273.665335</course><hAcc>1.337022</hAcc><vAcc>0.793247</vAcc></extensions></trkpt>
      <trkpt lon="-117.326579" lat="33.973668"><ele>327.976225</ele><time>2024-09-27T18:27:30Z</time><extensions><speed>1.193047</speed><course>277.631838</course><hAcc>1.348787</hAcc><vAcc>0.792754</vAcc></extensions></trkpt>
      <trkpt lon="-117.326591" lat="33.973669"><ele>327.977552</ele><time>2024-09-27T18:27:31Z</time><extensions><speed>1.132237</speed><course>279.001364</course><hAcc>1.355949</hAcc><vAcc>0.791817</vAcc></extensions></trkpt>
      <trkpt lon="-117.326603" lat="33.973671"><ele>327.973469</ele><time>2024-09-27T18:27:32Z</time><extensions><speed>1.161453</speed><course>278.026896</course><hAcc>1.362334</hAcc><vAcc>0.790724</vAcc></extensions></trkpt>
      <trkpt lon="-117.326616" lat="33.973672"><ele>327.962373</ele><time>2024-09-27T18:27:33Z</time><extensions><speed>1.213675</speed><course>278.898644</course><hAcc>1.367990</hAcc><vAcc>0.789528</vAcc></extensions></trkpt>
      <trkpt lon="-117.326629" lat="33.973674"><ele>327.948891</ele><time>2024-09-27T18:27:34Z</time><extensions><speed>1.253919</speed><course>282.773118</course><hAcc>1.366189</hAcc><vAcc>0.788437</vAcc></extensions></trkpt>
      <trkpt lon="-117.326642" lat="33.973677"><ele>327.933640</ele><time>2024-09-27T18:27:35Z</time><extensions><speed>1.239969</speed><course>284.215652</course><hAcc>1.359301</hAcc><vAcc>0.787699</vAcc></extensions></trkpt>
      <trkpt lon="-117.326656" lat="33.973679"><ele>327.919345</ele><time>2024-09-27T18:27:36Z</time><extensions><speed>1.230558</speed><course>279.515214</course><hAcc>1.351487</hAcc><vAcc>0.787043</vAcc></extensions></trkpt>
      <trkpt lon="-117.326669" lat="33.973681"><ele>327.908100</ele><time>2024-09-27T18:27:37Z</time><extensions><speed>1.205484</speed><course>274.706512</course><hAcc>1.342632</hAcc><vAcc>0.786385</vAcc></extensions></trkpt>
      <trkpt lon="-117.326682" lat="33.973682"><ele>327.900672</ele><time>2024-09-27T18:27:38Z</time><extensions><speed>1.176245</speed><course>275.042154</course><hAcc>1.338429</hAcc><vAcc>0.785637</vAcc></extensions></trkpt>
      <trkpt lon="-117.326694" lat="33.973683"><ele>327.896245</ele><time>2024-09-27T18:27:39Z</time><extensions><speed>1.153931</speed><course>276.860939</course><hAcc>1.339106</hAcc><vAcc>0.785062</vAcc></extensions></trkpt>
      <trkpt lon="-117.326707" lat="33.973684"><ele>327.875162</ele><time>2024-09-27T18:27:40Z</time><extensions><speed>1.232608</speed><course>277.127072</course><hAcc>1.343991</hAcc><vAcc>0.784224</vAcc></extensions></trkpt>
      <trkpt lon="-117.326721" lat="33.973685"><ele>327.865812</ele><time>2024-09-27T18:27:41Z</time><extensions><speed>1.306139</speed><course>276.556957</course><hAcc>1.339207</hAcc><vAcc>0.783704</vAcc></extensions></trkpt>
      <trkpt lon="-117.326734" lat="33.973687"><ele>327.834179</ele><time>2024-09-27T18:27:42Z</time><extensions><speed>1.289474</speed><course>275.151632</course><hAcc>1.339084</hAcc><vAcc>0.783484</vAcc></extensions></trkpt>
      <trkpt lon="-117.326749" lat="33.973687"><ele>327.809020</ele><time>2024-09-27T18:27:43Z</time><extensions><speed>1.322728</speed><course>272.402145</course><hAcc>1.343118</hAcc><vAcc>0.783458</vAcc></extensions></trkpt>
      <trkpt lon="-117.326763" lat="33.973688"><ele>327.787445</ele><time>2024-09-27T18:27:44Z</time><extensions><speed>1.376482</speed><course>272.489997</course><hAcc>1.339785</hAcc><vAcc>0.783717</vAcc></extensions></trkpt>
      <trkpt lon="-117.326778" lat="33.973689"><ele>327.755140</ele><time>2024-09-27T18:27:45Z</time><extensions><speed>1.381773</speed><course>273.973383</course><hAcc>1.330297</hAcc><vAcc>0.784148</vAcc></extensions></trkpt>
      <trkpt lon="-117.326793" lat="33.973690"><ele>327.711668</ele><time>2024-09-27T18:27:46Z</time><extensions><speed>1.338402</speed><course>275.545729</course><hAcc>1.324814</hAcc><vAcc>0.784570</vAcc></extensions></trkpt>
      <trkpt lon="-117.326807" lat="33.973691"><ele>327.659367</ele><time>2024-09-27T18:27:47Z</time><extensions><speed>1.238238</speed><course>276.582305</course><hAcc>1.318152</hAcc><vAcc>0.784761</vAcc></extensions></trkpt>
      <trkpt lon="-117.326820" lat="33.973692"><ele>327.597655</ele><time>2024-09-27T18:27:48Z</time><extensions><speed>1.204145</speed><course>278.457384</course><hAcc>1.314394</hAcc><vAcc>0.784680</vAcc></extensions></trkpt>
      <trkpt lon="-117.326833" lat="33.973694"><ele>327.532036</ele><time>2024-09-27T18:27:49Z</time><extensions><speed>1.230932</speed><course>282.497650</course><hAcc>1.324312</hAcc><vAcc>0.784841</vAcc></extensions></trkpt>
      <trkpt lon="-117.326846" lat="33.973697"><ele>327.465029</ele><time>2024-09-27T18:27:50Z</time><extensions><speed>1.221781</speed><course>289.219461</course><hAcc>1.321985</hAcc><vAcc>0.784821</vAcc></extensions></trkpt>
      <trkpt lon="-117.326858" lat="33.973701"><ele>327.405016</ele><time>2024-09-27T18:27:51Z</time><extensions><speed>1.228793</speed><course>289.510385</course><hAcc>1.330779</hAcc><vAcc>0.784557</vAcc></extensions></trkpt>
      <trkpt lon="-117.326871" lat="33.973704"><ele>327.350466</ele><time>2024-09-27T18:27:52Z</time><extensions><speed>1.268861</speed><course>287.305567</course><hAcc>1.335621</hAcc><vAcc>0.783987</vAcc></extensions></trkpt>
      <trkpt lon="-117.326884" lat="33.973707"><ele>327.287619</ele><time>2024-09-27T18:27:53Z</time><extensions><speed>1.305541</speed><course>281.037161</course><hAcc>1.348063</hAcc><vAcc>0.783492</vAcc></extensions></trkpt>
      <trkpt lon="-117.326898" lat="33.973709"><ele>327.223142</ele><time>2024-09-27T18:27:54Z</time><extensions><speed>1.319712</speed><course>276.136552</course><hAcc>1.349291</hAcc><vAcc>0.783012</vAcc></extensions></trkpt>
      <trkpt lon="-117.326913" lat="33.973710"><ele>327.161404</ele><time>2024-09-27T18:27:55Z</time><extensions><speed>1.319731</speed><course>271.765335</course><hAcc>1.341889</hAcc><vAcc>0.782456</vAcc></extensions></trkpt>
      <trkpt lon="-117.326927" lat="33.973710"><ele>327.109055</ele><time>2024-09-27T18:27:56Z</time><extensions><speed>1.343087</speed><course>266.723806</course><hAcc>1.333561</hAcc><vAcc>0.781939</vAcc></extensions></trkpt>
      <trkpt lon="-117.326942" lat="33.973709"><ele>327.052925</ele><time>2024-09-27T18:27:57Z</time><extensions><speed>1.362297</speed><course>263.672981</course><hAcc>1.331694</hAcc><vAcc>0.781352</vAcc></extensions></trkpt>
      <trkpt lon="-117.326956" lat="33.973707"><ele>326.992650</ele><time>2024-09-27T18:27:58Z</time><extensions><speed>1.337517</speed><course>262.186196</course><hAcc>1.325953</hAcc><vAcc>0.780463</vAcc></extensions></trkpt>
      <trkpt lon="-117.326970" lat="33.973705"><ele>326.938290</ele><time>2024-09-27T18:27:59Z</time><extensions><speed>1.326230</speed><course>262.176110</course><hAcc>1.325692</hAcc><vAcc>0.779525</vAcc></extensions></trkpt>
      <trkpt lon="-117.326985" lat="33.973704"><ele>326.888211</ele><time>2024-09-27T18:28:00Z</time><extensions><speed>1.380287</speed><course>262.522469</course><hAcc>1.323383</hAcc><vAcc>0.778529</vAcc></extensions></trkpt>
      <trkpt lon="-117.326999" lat="33.973702"><ele>326.844764</ele><time>2024-09-27T18:28:01Z</time><extensions><speed>1.349974</speed><course>262.165255</course><hAcc>1.314572</hAcc><vAcc>0.777485</vAcc></extensions></trkpt>
      <trkpt lon="-117.327014" lat="33.973700"><ele>326.808249</ele><time>2024-09-27T18:28:02Z</time><extensions><speed>1.307029</speed><course>262.613028</course><hAcc>1.307255</hAcc><vAcc>0.776408</vAcc></extensions></trkpt>
      <trkpt lon="-117.327028" lat="33.973699"><ele>326.771116</ele><time>2024-09-27T18:28:03Z</time><extensions><speed>1.265512</speed><course>261.998579</course><hAcc>1.305804</hAcc><vAcc>0.775281</vAcc></extensions></trkpt>
      <trkpt lon="-117.327041" lat="33.973697"><ele>326.732526</ele><time>2024-09-27T18:28:04Z</time><extensions><speed>1.194912</speed><course>261.942832</course><hAcc>1.304681</hAcc><vAcc>0.774046</vAcc></extensions></trkpt>
      <trkpt lon="-117.327053" lat="33.973696"><ele>326.692247</ele><time>2024-09-27T18:28:05Z</time><extensions><speed>1.114398</speed><course>261.616543</course><hAcc>1.299478</hAcc><vAcc>0.772639</vAcc></extensions></trkpt>
      <trkpt lon="-117.327065" lat="33.973694"><ele>326.648971</ele><time>2024-09-27T18:28:06Z</time><extensions><speed>1.097085</speed><course>261.924583</course><hAcc>1.295605</hAcc><vAcc>0.771032</vAcc></extensions></trkpt>
      <trkpt lon="-117.327077" lat="33.973693"><ele>326.604447</ele><time>2024-09-27T18:28:07Z</time><extensions><speed>1.193745</speed><course>260.502530</course><hAcc>1.288325</hAcc><vAcc>0.769252</vAcc></extensions></trkpt>
      <trkpt lon="-117.327090" lat="33.973691"><ele>326.558688</ele><time>2024-09-27T18:28:08Z</time><extensions><speed>1.282063</speed><course>256.678011</course><hAcc>1.278865</hAcc><vAcc>0.767383</vAcc></extensions></trkpt>
      <trkpt lon="-117.327104" lat="33.973688"><ele>326.510033</ele><time>2024-09-27T18:28:09Z</time><extensions><speed>1.306325</speed><course>254.006598</course><hAcc>1.273619</hAcc><vAcc>0.765542</vAcc></extensions></trkpt>
      <trkpt lon="-117.327117" lat="33.973685"><ele>326.473128</ele><time>2024-09-27T18:28:10Z</time><extensions><speed>1.296305</speed><course>256.433557</course><hAcc>1.263818</hAcc><vAcc>0.763825</vAcc></extensions></trkpt>
      <trkpt lon="-117.327131" lat="33.973682"><ele>326.447279</ele><time>2024-09-27T18:28:11Z</time><extensions><speed>1.292548</speed><course>258.375108</course><hAcc>1.254625</hAcc><vAcc>0.762297</vAcc></extensions></trkpt>
      <trkpt lon="-117.327145" lat="33.973680"><ele>326.415660</ele><time>2024-09-27T18:28:12Z</time><extensions><speed>1.257218</speed><course>259.308529</course><hAcc>1.246761</hAcc><vAcc>0.760988</vAcc></extensions></trkpt>
      <trkpt lon="-117.327158" lat="33.973678"><ele>326.377242</ele><time>2024-09-27T18:28:13Z</time><extensions><speed>1.208504</speed><course>259.523586</course><hAcc>1.237393</hAcc><vAcc>0.759906</vAcc></extensions></trkpt>
      <trkpt lon="-117.327171" lat="33.973676"><ele>326.344139</ele><time>2024-09-27T18:28:14Z</time><extensions><speed>1.219759</speed><course>261.739487</course><hAcc>1.228771</hAcc><vAcc>0.759040</vAcc></extensions></trkpt>
      <trkpt lon="-117.327184" lat="33.973675"><ele>326.319253</ele><time>2024-09-27T18:28:15Z</time><extensions><speed>1.328911</speed><course>265.805719</course><hAcc>1.218772</hAcc><vAcc>0.758367</vAcc></extensions></trkpt>
      <trkpt lon="-117.327199" lat="33.973675"><ele>326.293068</ele><time>2024-09-27T18:28:16Z</time><extensions><speed>1.446563</speed><course>270.480053</course><hAcc>1.208630</hAcc><vAcc>0.757859</vAcc></extensions></trkpt>
      <trkpt lon="-117.327215" lat="33.973675"><ele>326.268737</ele><time>2024-09-27T18:28:17Z</time><extensions><speed>1.504938</speed><course>275.099883</course><hAcc>1.207101</hAcc><vAcc>0.757488</vAcc></extensions></trkpt>
      <trkpt lon="-117.327231" lat="33.973677"><ele>326.254963</ele><time>2024-09-27T18:28:18Z</time><extensions><speed>1.393506</speed><course>279.648685</course><hAcc>1.216759</hAcc><vAcc>0.757225</vAcc></extensions></trkpt>
      <trkpt lon="-117.327246" lat="33.973679"><ele>326.248853</ele><time>2024-09-27T18:28:19Z</time><extensions><speed>1.454221</speed><course>281.938263</course><hAcc>1.192891</hAcc><vAcc>0.757044</vAcc></extensions></trkpt>
      <trkpt lon="-117.327261" lat="33.973682"><ele>326.240416</ele><time>2024-09-27T18:28:20Z</time><extensions><speed>1.427093</speed><course>282.273346</course><hAcc>1.199376</hAcc><vAcc>0.756925</vAcc></extensions></trkpt>
      <trkpt lon="-117.327276" lat="33.973684"><ele>326.236372</ele><time>2024-09-27T18:28:21Z</time><extensions><speed>1.309046</speed><course>279.966551</course><hAcc>1.240398</hAcc><vAcc>0.756850</vAcc></extensions></trkpt>
      <trkpt lon="-117.327290" lat="33.973686"><ele>326.233704</ele><time>2024-09-27T18:28:22Z</time><extensions><speed>1.278103</speed><course>278.592623</course><hAcc>1.223329</hAcc><vAcc>0.756804</vAcc></extensions></trkpt>
      <trkpt lon="-117.327303" lat="33.973688"><ele>326.231848</ele><time>2024-09-27T18:28:23Z</time><extensions><speed>1.260151</speed><course>277.114001</course><hAcc>1.222520</hAcc><vAcc>0.756779</vAcc></extensions></trkpt>
      <trkpt lon="-117.327317" lat="33.973689"><ele>326.233234</ele><time>2024-09-27T18:28:24Z</time><extensions><speed>1.310714</speed><course>275.218181</course><hAcc>1.243063</hAcc><vAcc>0.756766</vAcc></extensions></trkpt>
      <trkpt lon="-117.327332" lat="33.973690"><ele>326.235814</ele><time>2024-09-27T18:28:25Z</time><extensions><speed>1.353891</speed><course>273.286510</course><hAcc>1.261328</hAcc><vAcc>0.756760</vAcc></extensions></trkpt>
      <trkpt lon="-117.327346" lat="33.973691"><ele>326.237388</ele><time>2024-09-27T18:28:26Z</time><extensions><speed>1.371512</speed><course>272.287427</course><hAcc>1.275964</hAcc><vAcc>0.756758</vAcc></extensions></trkpt>
      <trkpt lon="-117.327362" lat="33.973691"><ele>326.232485</ele><time>2024-09-27T18:28:27Z</time><extensions><speed>1.455172</speed><course>271.635839</course><hAcc>1.275179</hAcc><vAcc>0.756757</vAcc></extensions></trkpt>
      <trkpt lon="-117.327377" lat="33.973691"><ele>326.240151</ele><time>2024-09-27T18:28:28Z</time><extensions><speed>1.422486</speed><course>271.538657</course><hAcc>1.279545</hAcc><vAcc>0.756758</vAcc></extensions></trkpt>
      <trkpt lon="-117.327392" lat="33.973691"><ele>326.254942</ele><time>2024-09-27T18:28:29Z</time><extensions><speed>1.317085</speed><course>270.332140</course><hAcc>1.285063</hAcc><vAcc>0.756978</vAcc></extensions></trkpt>
      <trkpt lon="-117.327406" lat="33.973691"><ele>326.273834</ele><time>2024-09-27T18:28:30Z</time><extensions><speed>1.206815</speed><course>269.890588</course><hAcc>1.284276</hAcc><vAcc>0.757177</vAcc></extensions></trkpt>
      <trkpt lon="-117.327419" lat="33.973691"><ele>326.283812</ele><time>2024-09-27T18:28:31Z</time><extensions><speed>1.203545</speed><course>269.272102</course><hAcc>1.282869</hAcc><vAcc>0.757341</vAcc></extensions></trkpt>
      <trkpt lon="-117.327432" lat="33.973691"><ele>326.293508</ele><time>2024-09-27T18:28:32Z</time><extensions><speed>1.241092</speed><course>268.390798</course><hAcc>1.280124</hAcc><vAcc>0.757533</vAcc></extensions></trkpt>
      <trkpt lon="-117.327446" lat="33.973691"><ele>326.294210</ele><time>2024-09-27T18:28:33Z</time><extensions><speed>1.348596</speed><course>266.192221</course><hAcc>1.277166</hAcc><vAcc>0.757751</vAcc></extensions></trkpt>
      <trkpt lon="-117.327461" lat="33.973689"><ele>326.292832</ele><time>2024-09-27T18:28:34Z</time><extensions><speed>1.453129</speed><course>263.352857</course><hAcc>1.274463</hAcc><vAcc>0.757990</vAcc></extensions></trkpt>
      <trkpt lon="-117.327477" lat="33.973687"><ele>326.290097</ele><time>2024-09-27T18:28:35Z</time><extensions><speed>1.584174</speed><course>260.798256</course><hAcc>1.274582</hAcc><vAcc>0.758240</vAcc></extensions></trkpt>
      <trkpt lon="-117.327495" lat="33.973685"><ele>326.280871</ele><time>2024-09-27T18:28:36Z</time><extensions><speed>1.615386</speed><course>259.702859</course><hAcc>1.278659</hAcc><vAcc>0.758486</vAcc></extensions></trkpt>
      <trkpt lon="-117.327512" lat="33.973682"><ele>326.265448</ele><time>2024-09-27T18:28:37Z</time><extensions><speed>1.584523</speed><course>259.431256</course><hAcc>1.288204</hAcc><vAcc>0.758704</vAcc></extensions></trkpt>
      <trkpt lon="-117.327528" lat="33.973680"><ele>326.244388</ele><time>2024-09-27T18:28:38Z</time><extensions><speed>1.492571</speed><course>261.852424</course><hAcc>1.305665</hAcc><vAcc>0.758866</vAcc></extensions></trkpt>
      <trkpt lon="-117.327544" lat="33.973679"><ele>326.216177</ele><time>2024-09-27T18:28:39Z</time><extensions><speed>1.403280</speed><course>266.401658</course><hAcc>1.303064</hAcc><vAcc>0.758936</vAcc></extensions></trkpt>
      <trkpt lon="-117.327559" lat="33.973678"><ele>326.187861</ele><time>2024-09-27T18:28:40Z</time><extensions><speed>1.372144</speed><course>269.518021</course><hAcc>1.301032</hAcc><vAcc>0.758889</vAcc></extensions></trkpt>
      <trkpt lon="-117.327573" lat="33.973678"><ele>326.141049</ele><time>2024-09-27T18:28:41Z</time><extensions><speed>1.373631</speed><course>270.143184</course><hAcc>1.298514</hAcc><vAcc>0.758737</vAcc></extensions></trkpt>
      <trkpt lon="-117.327588" lat="33.973678"><ele>326.091672</ele><time>2024-09-27T18:28:42Z</time><extensions><speed>1.332420</speed><course>270.889611</course><hAcc>1.294591</hAcc><vAcc>0.758515</vAcc></extensions></trkpt>
      <trkpt lon="-117.327602" lat="33.973678"><ele>326.038645</ele><time>2024-09-27T18:28:43Z</time><extensions><speed>1.317057</speed><course>270.544552</course><hAcc>1.290262</hAcc><vAcc>0.758258</vAcc></extensions></trkpt>
      <trkpt lon="-117.327616" lat="33.973678"><ele>325.974077</ele><time>2024-09-27T18:28:44Z</time><extensions><speed>1.280527</speed><course>267.249986</course><hAcc>1.295203</hAcc><vAcc>0.758045</vAcc></extensions></trkpt>
      <trkpt lon="-117.327630" lat="33.973677"><ele>325.915709</ele><time>2024-09-27T18:28:45Z</time><extensions><speed>1.272948</speed><course>263.065233</course><hAcc>1.306001</hAcc><vAcc>0.758230</vAcc></extensions></trkpt>
      <trkpt lon="-117.327644" lat="33.973675"><ele>325.866439</ele><time>2024-09-27T18:28:46Z</time><extensions><speed>1.231497</speed><course>259.524029</course><hAcc>1.318484</hAcc><vAcc>0.759056</vAcc></extensions></trkpt>
      <trkpt lon="-117.327657" lat="33.973673"><ele>325.814184</ele><time>2024-09-27T18:28:47Z</time><extensions><speed>1.262453</speed><course>257.871909</course><hAcc>1.332840</hAcc><vAcc>0.760730</vAcc></extensions></trkpt>
      <trkpt lon="-117.327670" lat="33.973671"><ele>325.761490</ele><time>2024-09-27T18:28:48Z</time><extensions><speed>1.242925</speed><course>257.582381</course><hAcc>1.343286</hAcc><vAcc>0.763067</vAcc></extensions></trkpt>
      <trkpt lon="-117.327683" lat="33.973669"><ele>325.710214</ele><time>2024-09-27T18:28:49Z</time><extensions><speed>1.125481</speed><course>261.678934</course><hAcc>1.352427</hAcc><vAcc>0.766582</vAcc></extensions></trkpt>
      <trkpt lon="-117.327695" lat="33.973668"><ele>325.664257</ele><time>2024-09-27T18:28:50Z</time><extensions><speed>1.097717</speed><course>269.206333</course><hAcc>1.357556</hAcc><vAcc>0.771456</vAcc></extensions></trkpt>
      <trkpt lon="-117.327707" lat="33.973668"><ele>325.619853</ele><time>2024-09-27T18:28:51Z</time><extensions><speed>1.114947</speed><course>276.873649</course><hAcc>1.362759</hAcc><vAcc>0.778147</vAcc></extensions></trkpt>
      <trkpt lon="-117.327719" lat="33.973670"><ele>325.575734</ele><time>2024-09-27T18:28:52Z</time><extensions><speed>1.202415</speed><course>281.172398</course><hAcc>1.378830</hAcc><vAcc>0.787302</vAcc></extensions></trkpt>
      <trkpt lon="-117.327732" lat="33.973671"><ele>325.530562</ele><time>2024-09-27T18:28:53Z</time><extensions><speed>1.183197</speed><course>275.869683</course><hAcc>1.393859</hAcc><vAcc>0.798889</vAcc></extensions></trkpt>
      <trkpt lon="-117.327745" lat="33.973671"><ele>325.486351</ele><time>2024-09-27T18:28:54Z</time><extensions><speed>1.241725</speed><course>260.018213</course><hAcc>1.415258</hAcc><vAcc>0.812566</vAcc></extensions></trkpt>
      <trkpt lon="-117.327758" lat="33.973668"><ele>325.445191</ele><time>2024-09-27T18:28:55Z</time><extensions><speed>1.266012</speed><course>254.152040</course><hAcc>1.438619</hAcc><vAcc>0.827494</vAcc></extensions></trkpt>
      <trkpt lon="-117.327771" lat="33.973665"><ele>325.395740</ele><time>2024-09-27T18:28:56Z</time><extensions><speed>1.245867</speed><course>254.112381</course><hAcc>1.466107</hAcc><vAcc>0.843608</vAcc></extensions></trkpt>
      <trkpt lon="-117.327784" lat="33.973663"><ele>325.371786</ele><time>2024-09-27T18:28:57Z</time><extensions><speed>1.270179</speed><course>256.809709</course><hAcc>1.509097</hAcc><vAcc>0.860676</vAcc></extensions></trkpt>
      <trkpt lon="-117.327798" lat="33.973660"><ele>325.341916</ele><time>2024-09-27T18:28:58Z</time><extensions><speed>1.244070</speed><course>258.737533</course><hAcc>1.545658</hAcc><vAcc>0.878150</vAcc></extensions></trkpt>
      <trkpt lon="-117.327811" lat="33.973658"><ele>325.305130</ele><time>2024-09-27T18:28:59Z</time><extensions><speed>1.174031</speed><course>260.158590</course><hAcc>1.579506</hAcc><vAcc>0.896703</vAcc></extensions></trkpt>
      <trkpt lon="-117.327823" lat="33.973657"><ele>325.242601</ele><time>2024-09-27T18:29:00Z</time><extensions><speed>1.116360</speed><course>260.821577</course><hAcc>1.613653</hAcc><vAcc>0.915145</vAcc></extensions></trkpt>
      <trkpt lon="-117.327835" lat="33.973655"><ele>325.195991</ele><time>2024-09-27T18:29:01Z</time><extensions><speed>1.094012</speed><course>264.945737</course><hAcc>1.649329</hAcc><vAcc>0.933257</vAcc></extensions></trkpt>
      <trkpt lon="-117.327847" lat="33.973655"><ele>325.143520</ele><time>2024-09-27T18:29:02Z</time><extensions><speed>1.119330</speed><course>270.749415</course><hAcc>1.682292</hAcc><vAcc>0.950204</vAcc></extensions></trkpt>
      <trkpt lon="-117.327859" lat="33.973655"><ele>325.088748</ele><time>2024-09-27T18:29:03Z</time><extensions><speed>1.129609</speed><course>273.046510</course><hAcc>1.709000</hAcc><vAcc>0.967258</vAcc></extensions></trkpt>
      <trkpt lon="-117.327872" lat="33.973656"><ele>325.035012</ele><time>2024-09-27T18:29:04Z</time><extensions><speed>1.163540</speed><course>274.497790</course><hAcc>1.736938</hAcc><vAcc>0.983977</vAcc></extensions></trkpt>
      <trkpt lon="-117.327885" lat="33.973657"><ele>324.975963</ele><time>2024-09-27T18:29:05Z</time><extensions><speed>1.184134</speed><course>274.884870</course><hAcc>1.760978</hAcc><vAcc>0.999885</vAcc></extensions></trkpt>
      <trkpt lon="-117.327898" lat="33.973658"><ele>324.934174</ele><time>2024-09-27T18:29:06Z</time><extensions><speed>1.244329</speed><course>276.769750</course><hAcc>1.778133</hAcc><vAcc>1.014457</vAcc></extensions></trkpt>
      <trkpt lon="-117.327912" lat="33.973660"><ele>324.901724</ele><time>2024-09-27T18:29:07Z</time><extensions><speed>1.281167</speed><course>280.254394</course><hAcc>1.792875</hAcc><vAcc>1.028874</vAcc></extensions></trkpt>
      <trkpt lon="-117.327925" lat="33.973662"><ele>324.872170</ele><time>2024-09-27T18:29:08Z</time><extensions><speed>1.260025</speed><course>283.478081</course><hAcc>1.823923</hAcc><vAcc>1.042379</vAcc></extensions></trkpt>
      <trkpt lon="-117.327938" lat="33.973665"><ele>324.839339</ele><time>2024-09-27T18:29:09Z</time><extensions><speed>1.225850</speed><course>284.740450</course><hAcc>1.843905</hAcc><vAcc>1.055127</vAcc></extensions></trkpt>
      <trkpt lon="-117.327951" lat="33.973668"><ele>324.816910</ele><time>2024-09-27T18:29:10Z</time><extensions><speed>1.154322</speed><course>286.109328</course><hAcc>1.843855</hAcc><vAcc>1.069199</vAcc></extensions></trkpt>
      <trkpt lon="-117.327962" lat="33.973671"><ele>324.808952</ele><time>2024-09-27T18:29:11Z</time><extensions><speed>1.081254</speed><course>288.037065</course><hAcc>1.846461</hAcc><vAcc>1.079961</vAcc></extensions></trkpt>
      <trkpt lon="-117.327973" lat="33.973675"><ele>324.809838</ele><time>2024-09-27T18:29:12Z</time><extensions><speed>1.083820</speed><course>291.054580</course><hAcc>1.860906</hAcc><vAcc>1.088871</vAcc></extensions></trkpt>
      <trkpt lon="-117.327984" lat="33.973679"><ele>324.813046</ele><time>2024-09-27T18:29:13Z</time><extensions><speed>1.178049</speed><course>293.126935</course><hAcc>1.883146</hAcc><vAcc>1.095712</vAcc></extensions></trkpt>
      <trkpt lon="-117.327996" lat="33.973684"><ele>324.834889</ele><time>2024-09-27T18:29:14Z</time><extensions><speed>1.245159</speed><course>294.031162</course><hAcc>1.884281</hAcc><vAcc>1.100157</vAcc></extensions></trkpt>
      <trkpt lon="-117.328008" lat="33.973689"><ele>324.849871</ele><time>2024-09-27T18:29:15Z</time><extensions><speed>1.226194</speed><course>297.541408</course><hAcc>1.871673</hAcc><vAcc>1.101753</vAcc></extensions></trkpt>
      <trkpt lon="-117.328020" lat="33.973694"><ele>324.870703</ele><time>2024-09-27T18:29:16Z</time><extensions><speed>1.217572</speed><course>300.607941</course><hAcc>1.856790</hAcc><vAcc>1.101174</vAcc></extensions></trkpt>
      <trkpt lon="-117.328031" lat="33.973701"><ele>324.890826</ele><time>2024-09-27T18:29:17Z</time><extensions><speed>1.247684</speed><course>302.999901</course><hAcc>1.840328</hAcc><vAcc>1.098635</vAcc></extensions></trkpt>
      <trkpt lon="-117.328042" lat="33.973707"><ele>324.909225</ele><time>2024-09-27T18:29:18Z</time><extensions><speed>1.384504</speed><course>302.850684</course><hAcc>1.822498</hAcc><vAcc>1.093553</vAcc></extensions></trkpt>
      <trkpt lon="-117.328055" lat="33.973714"><ele>324.934444</ele><time>2024-09-27T18:29:19Z</time><extensions><speed>1.440619</speed><course>302.833309</course><hAcc>1.812803</hAcc><vAcc>1.085877</vAcc></extensions></trkpt>
      <trkpt lon="-117.328067" lat="33.973721"><ele>324.963233</ele><time>2024-09-27T18:29:20Z</time><extensions><speed>1.270900</speed><course>307.496868</course><hAcc>1.817120</hAcc><vAcc>1.076624</vAcc></extensions></trkpt>
      <trkpt lon="-117.328077" lat="33.973729"><ele>324.981967</ele><time>2024-09-27T18:29:21Z</time><extensions><speed>1.168888</speed><course>314.504600</course><hAcc>1.780441</hAcc><vAcc>1.065567</vAcc></extensions></trkpt>
      <trkpt lon="-117.328086" lat="33.973736"><ele>324.992136</ele><time>2024-09-27T18:29:22Z</time><extensions><speed>1.239381</speed><course>314.711934</course><hAcc>1.751853</hAcc><vAcc>1.054197</vAcc></extensions></trkpt>
      <trkpt lon="-117.328096" lat="33.973744"><ele>324.999062</ele><time>2024-09-27T18:29:23Z</time><extensions><speed>1.328060</speed><course>314.824104</course><hAcc>1.732198</hAcc><vAcc>1.040783</vAcc></extensions></trkpt>
      <trkpt lon="-117.328106" lat="33.973753"><ele>324.991432</ele><time>2024-09-27T18:29:24Z</time><extensions><speed>1.305982</speed><course>315.231920</course><hAcc>1.714152</hAcc><vAcc>1.026606</vAcc></extensions></trkpt>
      <trkpt lon="-117.328117" lat="33.973762"><ele>324.994238</ele><time>2024-09-27T18:29:25Z</time><extensions><speed>1.369601</speed><course>314.212913</course><hAcc>1.695120</hAcc><vAcc>1.011690</vAcc></extensions></trkpt>
      <trkpt lon="-117.328127" lat="33.973770"><ele>324.992855</ele><time>2024-09-27T18:29:26Z</time><extensions><speed>1.380970</speed><course>312.774053</course><hAcc>1.675219</hAcc><vAcc>0.996280</vAcc></extensions></trkpt>
      <trkpt lon="-117.328138" lat="33.973778"><ele>324.983214</ele><time>2024-09-27T18:29:27Z</time><extensions><speed>1.313269</speed><course>314.495832</course><hAcc>1.654619</hAcc><vAcc>0.980626</vAcc></extensions></trkpt>
      <trkpt lon="-117.328148" lat="33.973787"><ele>324.974714</ele><time>2024-09-27T18:29:28Z</time><extensions><speed>1.243217</speed><course>316.763571</course><hAcc>1.632741</hAcc><vAcc>0.964932</vAcc></extensions></trkpt>
      <trkpt lon="-117.328157" lat="33.973795"><ele>324.964610</ele><time>2024-09-27T18:29:29Z</time><extensions><speed>1.218685</speed><course>314.533380</course><hAcc>1.610130</hAcc><vAcc>0.949491</vAcc></extensions></trkpt>
      <trkpt lon="-117.328167" lat="33.973802"><ele>324.958606</ele><time>2024-09-27T18:29:30Z</time><extensions><speed>1.213187</speed><course>310.360264</course><hAcc>1.588647</hAcc><vAcc>0.934213</vAcc></extensions></trkpt>
      <trkpt lon="-117.328177" lat="33.973809"><ele>324.955895</ele><time>2024-09-27T18:29:31Z</time><extensions><speed>1.165083</speed><course>304.709157</course><hAcc>1.567084</hAcc><vAcc>0.919345</vAcc></extensions></trkpt>
      <trkpt lon="-117.328187" lat="33.973814"><ele>324.959559</ele><time>2024-09-27T18:29:32Z</time><extensions><speed>1.123278</speed><course>301.116092</course><hAcc>1.543612</hAcc><vAcc>0.905352</vAcc></extensions></trkpt>
      <trkpt lon="-117.328198" lat="33.973819"><ele>324.959066</ele><time>2024-09-27T18:29:33Z</time><extensions><speed>1.108797</speed><course>299.870491</course><hAcc>1.522647</hAcc><vAcc>0.892067</vAcc></extensions></trkpt>
      <trkpt lon="-117.328208" lat="33.973824"><ele>324.965738</ele><time>2024-09-27T18:29:34Z</time><extensions><speed>1.099556</speed><course>303.114173</course><hAcc>1.503897</hAcc><vAcc>0.879721</vAcc></extensions></trkpt>
      <trkpt lon="-117.328217" lat="33.973830"><ele>324.961140</ele><time>2024-09-27T18:29:35Z</time><extensions><speed>1.064501</speed><course>304.666344</course><hAcc>1.488976</hAcc><vAcc>0.868121</vAcc></extensions></trkpt>
      <trkpt lon="-117.328227" lat="33.973835"><ele>324.955118</ele><time>2024-09-27T18:29:36Z</time><extensions><speed>1.024205</speed><course>299.246404</course><hAcc>1.471143</hAcc><vAcc>0.857592</vAcc></extensions></trkpt>
      <trkpt lon="-117.328237" lat="33.973839"><ele>324.947683</ele><time>2024-09-27T18:29:37Z</time><extensions><speed>1.064384</speed><course>293.594999</course><hAcc>1.448948</hAcc><vAcc>0.848000</vAcc></extensions></trkpt>
      <trkpt lon="-117.328248" lat="33.973843"><ele>324.947088</ele><time>2024-09-27T18:29:38Z</time><extensions><speed>1.107194</speed><course>291.371592</course><hAcc>1.427538</hAcc><vAcc>0.839448</vAcc></extensions></trkpt>
      <trkpt lon="-117.328259" lat="33.973847"><ele>324.939649</ele><time>2024-09-27T18:29:39Z</time><extensions><speed>1.121680</speed><course>292.353928</course><hAcc>1.412360</hAcc><vAcc>0.831932</vAcc></extensions></trkpt>
      <trkpt lon="-117.328270" lat="33.973851"><ele>324.916806</ele><time>2024-09-27T18:29:40Z</time><extensions><speed>1.106491</speed><course>295.633795</course><hAcc>1.396661</hAcc><vAcc>0.825511</vAcc></extensions></trkpt>
      <trkpt lon="-117.328281" lat="33.973855"><ele>324.878440</ele><time>2024-09-27T18:29:41Z</time><extensions><speed>1.026963</speed><course>297.605367</course><hAcc>1.382764</hAcc><vAcc>0.820391</vAcc></extensions></trkpt>
      <trkpt lon="-117.328290" lat="33.973859"><ele>324.828235</ele><time>2024-09-27T18:29:42Z</time><extensions><speed>0.998338</speed><course>295.907970</course><hAcc>1.374519</hAcc><vAcc>0.816547</vAcc></extensions></trkpt>
      <trkpt lon="-117.328300" lat="33.973863"><ele>324.765456</ele><time>2024-09-27T18:29:43Z</time><extensions><speed>1.021698</speed><course>292.709510</course><hAcc>1.375944</hAcc><vAcc>0.813849</vAcc></extensions></trkpt>
      <trkpt lon="-117.328311" lat="33.973866"><ele>324.691963</ele><time>2024-09-27T18:29:44Z</time><extensions><speed>1.019789</speed><course>290.315340</course><hAcc>1.388568</hAcc><vAcc>0.811990</vAcc></extensions></trkpt>
      <trkpt lon="-117.328321" lat="33.973869"><ele>324.611483</ele><time>2024-09-27T18:29:45Z</time><extensions><speed>1.072911</speed><course>290.068541</course><hAcc>1.385969</hAcc><vAcc>0.810622</vAcc></extensions></trkpt>
      <trkpt lon="-117.328333" lat="33.973873"><ele>324.535677</ele><time>2024-09-27T18:29:46Z</time><extensions><speed>1.193706</speed><course>294.489185</course><hAcc>1.402824</hAcc><vAcc>0.810315</vAcc></extensions></trkpt>
      <trkpt lon="-117.328344" lat="33.973878"><ele>324.458484</ele><time>2024-09-27T18:29:47Z</time><extensions><speed>1.214671</speed><course>301.474713</course><hAcc>1.426592</hAcc><vAcc>0.810246</vAcc></extensions></trkpt>
      <trkpt lon="-117.328355" lat="33.973884"><ele>324.390299</ele><time>2024-09-27T18:29:48Z</time><extensions><speed>1.142257</speed><course>308.613928</course><hAcc>1.443442</hAcc><vAcc>0.810699</vAcc></extensions></trkpt>
      <trkpt lon="-117.328363" lat="33.973891"><ele>324.330612</ele><time>2024-09-27T18:29:49Z</time><extensions><speed>1.005170</speed><course>313.597352</course><hAcc>1.448370</hAcc><vAcc>0.811524</vAcc></extensions></trkpt>
      <trkpt lon="-117.328371" lat="33.973896"><ele>324.271514</ele><time>2024-09-27T18:29:50Z</time><extensions><speed>0.839887</speed><course>314.534686</course><hAcc>1.437170</hAcc><vAcc>0.813145</vAcc></extensions></trkpt>
      <trkpt lon="-117.328377" lat="33.973901"><ele>324.230729</ele><time>2024-09-27T18:29:51Z</time><extensions><speed>0.687955</speed><course>312.912519</course><hAcc>1.422315</hAcc><vAcc>0.815371</vAcc></extensions></trkpt>
      <trkpt lon="-117.328382" lat="33.973905"><ele>324.201475</ele><time>2024-09-27T18:29:52Z</time><extensions><speed>0.732215</speed><course>308.266002</course><hAcc>1.410783</hAcc><vAcc>0.818332</vAcc></extensions></trkpt>
      <trkpt lon="-117.328390" lat="33.973909"><ele>324.187754</ele><time>2024-09-27T18:29:53Z</time><extensions><speed>0.922060</speed><course>303.392164</course><hAcc>1.401627</hAcc><vAcc>0.822332</vAcc></extensions></trkpt>
      <trkpt lon="-117.328399" lat="33.973914"><ele>324.181703</ele><time>2024-09-27T18:29:54Z</time><extensions><speed>1.166332</speed><course>297.338588</course><hAcc>1.389816</hAcc><vAcc>0.826837</vAcc></extensions></trkpt>
      <trkpt lon="-117.328412" lat="33.973918"><ele>324.174349</ele><time>2024-09-27T18:29:55Z</time><extensions><speed>1.332774</speed><course>286.471957</course><hAcc>1.379293</hAcc><vAcc>0.831922</vAcc></extensions></trkpt>
      <trkpt lon="-117.328426" lat="33.973920"><ele>324.169080</ele><time>2024-09-27T18:29:56Z</time><extensions><speed>1.304187</speed><course>273.134934</course><hAcc>1.392401</hAcc><vAcc>0.837409</vAcc></extensions></trkpt>
      <trkpt lon="-117.328440" lat="33.973920"><ele>324.152804</ele><time>2024-09-27T18:29:57Z</time><extensions><speed>1.226203</speed><course>260.738916</course><hAcc>1.360732</hAcc><vAcc>0.843217</vAcc></extensions></trkpt>
      <trkpt lon="-117.328452" lat="33.973917"><ele>324.150010</ele><time>2024-09-27T18:29:58Z</time><extensions><speed>1.229316</speed><course>251.266548</course><hAcc>1.353307</hAcc><vAcc>0.848834</vAcc></extensions></trkpt>
      <trkpt lon="-117.328465" lat="33.973913"><ele>324.149834</ele><time>2024-09-27T18:29:59Z</time><extensions><speed>1.278337</speed><course>247.698743</course><hAcc>1.362272</hAcc><vAcc>0.854092</vAcc></extensions></trkpt>
      <trkpt lon="-117.328478" lat="33.973908"><ele>324.149590</ele><time>2024-09-27T18:30:00Z</time><extensions><speed>1.407370</speed><course>246.987101</course><hAcc>1.376002</hAcc><vAcc>0.858699</vAcc></extensions></trkpt>
      <trkpt lon="-117.328493" lat="33.973903"><ele>324.151669</ele><time>2024-09-27T18:30:01Z</time><extensions><speed>1.463194</speed><course>247.516502</course><hAcc>1.390492</hAcc><vAcc>0.863423</vAcc></extensions></trkpt>
      <trkpt lon="-117.328507" lat="33.973898"><ele>324.153024</ele><time>2024-09-27T18:30:02Z</time><extensions><speed>1.417711</speed><course>249.701081</course><hAcc>1.409349</hAcc><vAcc>0.867994</vAcc></extensions></trkpt>
      <trkpt lon="-117.328521" lat="33.973894"><ele>324.145286</ele><time>2024-09-27T18:30:03Z</time><extensions><speed>1.317479</speed><course>252.083595</course><hAcc>1.431451</hAcc><vAcc>0.872151</vAcc></extensions></trkpt>
      <trkpt lon="-117.328534" lat="33.973891"><ele>324.134322</ele><time>2024-09-27T18:30:04Z</time><extensions><speed>1.162037</speed><course>256.378820</course><hAcc>1.453362</hAcc><vAcc>0.875263</vAcc></extensions></trkpt>
      <trkpt lon="-117.328546" lat="33.973889"><ele>324.132679</ele><time>2024-09-27T18:30:05Z</time><extensions><speed>1.063985</speed><course>262.761173</course><hAcc>1.471252</hAcc><vAcc>0.877431</vAcc></extensions></trkpt>
      <trkpt lon="-117.328557" lat="33.973889"><ele>324.146714</ele><time>2024-09-27T18:30:06Z</time><extensions><speed>1.012270</speed><course>267.663769</course><hAcc>1.485514</hAcc><vAcc>0.878675</vAcc></extensions></trkpt>
      <trkpt lon="-117.328568" lat="33.973888"><ele>324.163170</ele><time>2024-09-27T18:30:07Z</time><extensions><speed>0.985108</speed><course>267.975525</course><hAcc>1.497351</hAcc><vAcc>0.879274</vAcc></extensions></trkpt>
      <trkpt lon="-117.328579" lat="33.973888"><ele>324.187315</ele><time>2024-09-27T18:30:08Z</time><extensions><speed>0.988445</speed><course>265.934153</course><hAcc>1.520824</hAcc><vAcc>0.878697</vAcc></extensions></trkpt>
      <trkpt lon="-117.328589" lat="33.973887"><ele>324.205303</ele><time>2024-09-27T18:30:09Z</time><extensions><speed>0.954615</speed><course>264.392583</course><hAcc>1.533418</hAcc><vAcc>0.877004</vAcc></extensions></trkpt>
      <trkpt lon="-117.328600" lat="33.973886"><ele>324.216618</ele><time>2024-09-27T18:30:10Z</time><extensions><speed>0.949294</speed><course>267.748503</course><hAcc>1.544738</hAcc><vAcc>0.873860</vAcc></extensions></trkpt>
      <trkpt lon="-117.328610" lat="33.973886"><ele>324.240944</ele><time>2024-09-27T18:30:11Z</time><extensions><speed>0.969451</speed><course>272.275203</course><hAcc>1.557967</hAcc><vAcc>0.869779</vAcc></extensions></trkpt>
      <trkpt lon="-117.328621" lat="33.973887"><ele>324.286417</ele><time>2024-09-27T18:30:12Z</time><extensions><speed>1.025808</speed><course>277.990956</course><hAcc>1.570649</hAcc><vAcc>0.864876</vAcc></extensions></trkpt>
      <trkpt lon="-117.328632" lat="33.973889"><ele>324.307051</ele><time>2024-09-27T18:30:13Z</time><extensions><speed>1.092244</speed><course>283.478069</course><hAcc>1.576967</hAcc><vAcc>0.859026</vAcc></extensions></trkpt>
      <trkpt lon="-117.328644" lat="33.973891"><ele>324.339979</ele><time>2024-09-27T18:30:14Z</time><extensions><speed>1.053456</speed><course>287.863383</course><hAcc>1.585336</hAcc><vAcc>0.852176</vAcc></extensions></trkpt>
      <trkpt lon="-117.328654" lat="33.973894"><ele>324.376567</ele><time>2024-09-27T18:30:15Z</time><extensions><speed>1.029140</speed><course>288.648410</course><hAcc>1.587597</hAcc><vAcc>0.844376</vAcc></extensions></trkpt>
      <trkpt lon="-117.328665" lat="33.973897"><ele>324.408207</ele><time>2024-09-27T18:30:16Z</time><extensions><speed>1.111874</speed><course>284.827678</course><hAcc>1.581889</hAcc><vAcc>0.835762</vAcc></extensions></trkpt>
      <trkpt lon="-117.328677" lat="33.973899"><ele>324.434142</ele><time>2024-09-27T18:30:17Z</time><extensions><speed>1.245554</speed><course>282.208064</course><hAcc>1.593143</hAcc><vAcc>0.826550</vAcc></extensions></trkpt>
      <trkpt lon="-117.328691" lat="33.973901"><ele>324.457572</ele><time>2024-09-27T18:30:18Z</time><extensions><speed>1.393426</speed><course>278.022212</course><hAcc>1.597388</hAcc><vAcc>0.817025</vAcc></extensions></trkpt>
      <trkpt lon="-117.328706" lat="33.973903"><ele>324.458313</ele><time>2024-09-27T18:30:19Z</time><extensions><speed>1.429525</speed><course>271.661537</course><hAcc>1.597075</hAcc><vAcc>0.807535</vAcc></extensions></trkpt>
      <trkpt lon="-117.328722" lat="33.973902"><ele>324.449701</ele><time>2024-09-27T18:30:20Z</time><extensions><speed>1.420755</speed><course>265.903205</course><hAcc>1.599241</hAcc><vAcc>0.798456</vAcc></extensions></trkpt>
      <trkpt lon="-117.328736" lat="33.973901"><ele>324.447227</ele><time>2024-09-27T18:30:21Z</time><extensions><speed>1.334396</speed><course>261.283146</course><hAcc>1.596950</hAcc><vAcc>0.790129</vAcc></extensions></trkpt>
      <trkpt lon="-117.328750" lat="33.973899"><ele>324.445638</ele><time>2024-09-27T18:30:22Z</time><extensions><speed>1.241790</speed><course>262.644238</course><hAcc>1.586073</hAcc><vAcc>0.782793</vAcc></extensions></trkpt>
      <trkpt lon="-117.328763" lat="33.973898"><ele>324.442723</ele><time>2024-09-27T18:30:23Z</time><extensions><speed>1.163332</speed><course>267.846304</course><hAcc>1.578744</hAcc><vAcc>0.776563</vAcc></extensions></trkpt>
      <trkpt lon="-117.328775" lat="33.973898"><ele>324.436189</ele><time>2024-09-27T18:30:24Z</time><extensions><speed>1.040457</speed><course>272.380308</course><hAcc>1.573104</hAcc><vAcc>0.771447</vAcc></extensions></trkpt>
      <trkpt lon="-117.328787" lat="33.973899"><ele>324.423173</ele><time>2024-09-27T18:30:25Z</time><extensions><speed>1.037414</speed><course>276.213181</course><hAcc>1.564773</hAcc><vAcc>0.767375</vAcc></extensions></trkpt>
      <trkpt lon="-117.328798" lat="33.973900"><ele>324.402806</ele><time>2024-09-27T18:30:26Z</time><extensions><speed>1.066782</speed><course>279.846563</course><hAcc>1.565508</hAcc><vAcc>0.764231</vAcc></extensions></trkpt>
      <trkpt lon="-117.328811" lat="33.973902"><ele>324.389583</ele><time>2024-09-27T18:30:27Z</time><extensions><speed>1.203791</speed><course>280.690925</course><hAcc>1.592969</hAcc><vAcc>0.761874</vAcc></extensions></trkpt>
      <trkpt lon="-117.328824" lat="33.973904"><ele>324.365296</ele><time>2024-09-27T18:30:28Z</time><extensions><speed>1.238791</speed><course>278.559501</course><hAcc>1.643416</hAcc><vAcc>0.760160</vAcc></extensions></trkpt>
      <trkpt lon="-117.328837" lat="33.973905"><ele>324.334430</ele><time>2024-09-27T18:30:29Z</time><extensions><speed>1.208846</speed><course>277.899699</course><hAcc>1.630587</hAcc><vAcc>0.758953</vAcc></extensions></trkpt>
      <trkpt lon="-117.328851" lat="33.973906"><ele>324.311665</ele><time>2024-09-27T18:30:30Z</time><extensions><speed>1.252333</speed><course>275.340290</course><hAcc>1.655861</hAcc><vAcc>0.758129</vAcc></extensions></trkpt>
      <trkpt lon="-117.328865" lat="33.973906"><ele>324.299230</ele><time>2024-09-27T18:30:31Z</time><extensions><speed>1.375260</speed><course>270.848416</course><hAcc>1.709841</hAcc><vAcc>0.757588</vAcc></extensions></trkpt>
      <trkpt lon="-117.328881" lat="33.973906"><ele>324.297510</ele><time>2024-09-27T18:30:32Z</time><extensions><speed>1.530883</speed><course>268.332319</course><hAcc>1.758026</hAcc><vAcc>0.757248</vAcc></extensions></trkpt>
      <trkpt lon="-117.328898" lat="33.973906"><ele>324.300526</ele><time>2024-09-27T18:30:33Z</time><extensions><speed>1.666947</speed><course>268.520070</course><hAcc>1.791553</hAcc><vAcc>0.757044</vAcc></extensions></trkpt>
      <trkpt lon="-117.328917" lat="33.973905"><ele>324.308916</ele><time>2024-09-27T18:30:34Z</time><extensions><speed>1.678448</speed><course>269.558076</course><hAcc>1.817512</hAcc><vAcc>0.756929</vAcc></extensions></trkpt>
      <trkpt lon="-117.328935" lat="33.973905"><ele>324.318944</ele><time>2024-09-27T18:30:35Z</time><extensions><speed>1.676211</speed><course>267.278577</course><hAcc>1.832574</hAcc><vAcc>0.757077</vAcc></extensions></trkpt>
      <trkpt lon="-117.328953" lat="33.973904"><ele>324.335949</ele><time>2024-09-27T18:30:36Z</time><extensions><speed>1.661128</speed><course>262.260033</course><hAcc>1.836580</hAcc><vAcc>0.757896</vAcc></extensions></trkpt>
      <trkpt lon="-117.328971" lat="33.973901"><ele>324.357650</ele><time>2024-09-27T18:30:37Z</time><extensions><speed>1.622646</speed><course>258.365538</course><hAcc>1.837264</hAcc><vAcc>0.759452</vAcc></extensions></trkpt>
      <trkpt lon="-117.328987" lat="33.973898"><ele>324.384268</ele><time>2024-09-27T18:30:38Z</time><extensions><speed>1.537530</speed><course>252.941956</course><hAcc>1.837664</hAcc><vAcc>0.762012</vAcc></extensions></trkpt>
      <trkpt lon="-117.329002" lat="33.973893"><ele>324.416355</ele><time>2024-09-27T18:30:39Z</time><extensions><speed>1.435520</speed><course>247.586012</course><hAcc>1.835582</hAcc><vAcc>0.765789</vAcc></extensions></trkpt>
      <trkpt lon="-117.329016" lat="33.973888"><ele>324.454132</ele><time>2024-09-27T18:30:40Z</time><extensions><speed>1.376310</speed><course>246.053828</course><hAcc>1.837408</hAcc><vAcc>0.771328</vAcc></extensions></trkpt>
      <trkpt lon="-117.329030" lat="33.973884"><ele>324.501659</ele><time>2024-09-27T18:30:41Z</time><extensions><speed>1.267121</speed><course>250.411650</course><hAcc>1.832909</hAcc><vAcc>0.777990</vAcc></extensions></trkpt>
      <trkpt lon="-117.329042" lat="33.973881"><ele>324.557044</ele><time>2024-09-27T18:30:42Z</time><extensions><speed>1.058176</speed><course>259.032730</course><hAcc>1.814313</hAcc><vAcc>0.787046</vAcc></extensions></trkpt>
      <trkpt lon="-117.329052" lat="33.973881"><ele>324.629909</ele><time>2024-09-27T18:30:43Z</time><extensions><speed>0.899009</speed><course>270.911265</course><hAcc>1.808366</hAcc><vAcc>0.797791</vAcc></extensions></trkpt>
      <trkpt lon="-117.329062" lat="33.973882"><ele>324.725903</ele><time>2024-09-27T18:30:44Z</time><extensions><speed>0.975758</speed><course>281.634973</course><hAcc>1.802032</hAcc><vAcc>0.810229</vAcc></extensions></trkpt>
      <trkpt lon="-117.329073" lat="33.973884"><ele>324.834817</ele><time>2024-09-27T18:30:45Z</time><extensions><speed>1.014346</speed><course>286.388854</course><hAcc>1.802358</hAcc><vAcc>0.823802</vAcc></extensions></trkpt>
      <trkpt lon="-117.329083" lat="33.973887"><ele>324.956146</ele><time>2024-09-27T18:30:46Z</time><extensions><speed>1.057849</speed><course>288.926595</course><hAcc>1.802899</hAcc><vAcc>0.838240</vAcc></extensions></trkpt>
      <trkpt lon="-117.329094" lat="33.973890"><ele>325.080249</ele><time>2024-09-27T18:30:47Z</time><extensions><speed>1.066904</speed><course>290.878265</course><hAcc>1.787261</hAcc><vAcc>0.852603</vAcc></extensions></trkpt>
      <trkpt lon="-117.329106" lat="33.973894"><ele>325.197434</ele><time>2024-09-27T18:30:48Z</time><extensions><speed>1.138643</speed><course>287.340450</course><hAcc>1.767021</hAcc><vAcc>0.866368</vAcc></extensions></trkpt>
      <trkpt lon="-117.329118" lat="33.973897"><ele>325.312263</ele><time>2024-09-27T18:30:49Z</time><extensions><speed>1.269976</speed><course>284.718157</course><hAcc>1.748932</hAcc><vAcc>0.878825</vAcc></extensions></trkpt>
      <trkpt lon="-117.329132" lat="33.973900"><ele>325.409493</ele><time>2024-09-27T18:30:50Z</time><extensions><speed>1.340135</speed><course>284.522878</course><hAcc>1.737864</hAcc><vAcc>0.889541</vAcc></extensions></trkpt>
      <trkpt lon="-117.329146" lat="33.973903"><ele>325.490150</ele><time>2024-09-27T18:30:51Z</time><extensions><speed>1.347743</speed><course>284.684465</course><hAcc>1.735258</hAcc><vAcc>0.898579</vAcc></extensions></trkpt>
      <trkpt lon="-117.329160" lat="33.973906"><ele>325.556468</ele><time>2024-09-27T18:30:52Z</time><extensions><speed>1.249471</speed><course>284.400244</course><hAcc>1.735950</hAcc><vAcc>0.905462</vAcc></extensions></trkpt>
      <trkpt lon="-117.329172" lat="33.973908"><ele>325.619227</ele><time>2024-09-27T18:30:53Z</time><extensions><speed>1.114121</speed><course>285.987109</course><hAcc>1.727624</hAcc><vAcc>0.910534</vAcc></extensions></trkpt>
      <trkpt lon="-117.329183" lat="33.973911"><ele>325.667515</ele><time>2024-09-27T18:30:54Z</time><extensions><speed>1.015828</speed><course>288.604949</course><hAcc>1.707852</hAcc><vAcc>0.913232</vAcc></extensions></trkpt>
      <trkpt lon="-117.329193" lat="33.973914"><ele>325.661842</ele><time>2024-09-27T18:30:55Z</time><extensions><speed>0.969802</speed><course>290.359471</course><hAcc>1.687217</hAcc><vAcc>0.913743</vAcc></extensions></trkpt>
      <trkpt lon="-117.329203" lat="33.973917"><ele>325.620571</ele><time>2024-09-27T18:30:56Z</time><extensions><speed>0.973918</speed><course>289.707614</course><hAcc>1.665461</hAcc><vAcc>0.912615</vAcc></extensions></trkpt>
      <trkpt lon="-117.329214" lat="33.973920"><ele>325.573971</ele><time>2024-09-27T18:30:57Z</time><extensions><speed>1.063240</speed><course>285.399477</course><hAcc>1.651366</hAcc><vAcc>0.910336</vAcc></extensions></trkpt>
      <trkpt lon="-117.329226" lat="33.973922"><ele>325.518661</ele><time>2024-09-27T18:30:58Z</time><extensions><speed>1.187380</speed><course>281.794257</course><hAcc>1.642504</hAcc><vAcc>0.906868</vAcc></extensions></trkpt>
      <trkpt lon="-117.329239" lat="33.973924"><ele>325.470147</ele><time>2024-09-27T18:30:59Z</time><extensions><speed>1.180644</speed><course>279.303531</course><hAcc>1.623301</hAcc><vAcc>0.903084</vAcc></extensions></trkpt>
      <trkpt lon="-117.329251" lat="33.973925"><ele>325.393112</ele><time>2024-09-27T18:31:00Z</time><extensions><speed>1.177888</speed><course>278.904953</course><hAcc>1.606068</hAcc><vAcc>0.899190</vAcc></extensions></trkpt>
      <trkpt lon="-117.329264" lat="33.973927"><ele>325.290434</ele><time>2024-09-27T18:31:01Z</time><extensions><speed>1.238902</speed><course>279.166059</course><hAcc>1.593589</hAcc><vAcc>0.894983</vAcc></extensions></trkpt>
      <trkpt lon="-117.329278" lat="33.973929"><ele>325.184898</ele><time>2024-09-27T18:31:02Z</time><extensions><speed>1.269365</speed><course>279.270474</course><hAcc>1.590969</hAcc><vAcc>0.890853</vAcc></extensions></trkpt>
      <trkpt lon="-117.329291" lat="33.973931"><ele>325.056409</ele><time>2024-09-27T18:31:03Z</time><extensions><speed>1.216042</speed><course>279.870894</course><hAcc>1.595232</hAcc><vAcc>0.887092</vAcc></extensions></trkpt>
      <trkpt lon="-117.329304" lat="33.973932"><ele>324.923734</ele><time>2024-09-27T18:31:04Z</time><extensions><speed>1.147348</speed><course>279.544569</course><hAcc>1.591340</hAcc><vAcc>0.884721</vAcc></extensions></trkpt>
      <trkpt lon="-117.329316" lat="33.973934"><ele>324.792804</ele><time>2024-09-27T18:31:05Z</time><extensions><speed>1.174183</speed><course>276.888495</course><hAcc>1.575833</hAcc><vAcc>0.882835</vAcc></extensions></trkpt>
      <trkpt lon="-117.329330" lat="33.973935"><ele>324.655770</ele><time>2024-09-27T18:31:06Z</time><extensions><speed>1.256750</speed><course>278.033204</course><hAcc>1.574586</hAcc><vAcc>0.882279</vAcc></extensions></trkpt>
      <trkpt lon="-117.329343" lat="33.973937"><ele>324.530471</ele><time>2024-09-27T18:31:07Z</time><extensions><speed>1.283823</speed><course>278.452132</course><hAcc>1.587165</hAcc><vAcc>0.881127</vAcc></extensions></trkpt>
      <trkpt lon="-117.329357" lat="33.973939"><ele>324.421463</ele><time>2024-09-27T18:31:08Z</time><extensions><speed>1.286874</speed><course>279.939239</course><hAcc>1.603960</hAcc><vAcc>0.880311</vAcc></extensions></trkpt>
      <trkpt lon="-117.329371" lat="33.973941"><ele>324.339405</ele><time>2024-09-27T18:31:09Z</time><extensions><speed>1.275806</speed><course>281.724265</course><hAcc>1.610216</hAcc><vAcc>0.880317</vAcc></extensions></trkpt>
      <trkpt lon="-117.329385" lat="33.973943"><ele>324.235256</ele><time>2024-09-27T18:31:10Z</time><extensions><speed>1.318771</speed><course>285.316406</course><hAcc>1.595433</hAcc><vAcc>0.879489</vAcc></extensions></trkpt>
      <trkpt lon="-117.329398" lat="33.973947"><ele>324.141588</ele><time>2024-09-27T18:31:11Z</time><extensions><speed>1.326857</speed><course>287.888281</course><hAcc>1.584189</hAcc><vAcc>0.878033</vAcc></extensions></trkpt>
      <trkpt lon="-117.329412" lat="33.973950"><ele>324.060626</ele><time>2024-09-27T18:31:12Z</time><extensions><speed>1.269989</speed><course>287.935167</course><hAcc>1.580789</hAcc><vAcc>0.876194</vAcc></extensions></trkpt>
      <trkpt lon="-117.329425" lat="33.973953"><ele>324.004598</ele><time>2024-09-27T18:31:13Z</time><extensions><speed>1.251003</speed><course>285.344032</course><hAcc>1.572649</hAcc><vAcc>0.873929</vAcc></extensions></trkpt>
      <trkpt lon="-117.329438" lat="33.973956"><ele>323.945562</ele><time>2024-09-27T18:31:14Z</time><extensions><speed>1.224244</speed><course>285.598667</course><hAcc>1.581241</hAcc><vAcc>0.870759</vAcc></extensions></trkpt>
      <trkpt lon="-117.329451" lat="33.973959"><ele>323.888827</ele><time>2024-09-27T18:31:15Z</time><extensions><speed>1.297671</speed><course>285.020337</course><hAcc>1.589790</hAcc><vAcc>0.867017</vAcc></extensions></trkpt>
      <trkpt lon="-117.329465" lat="33.973961"><ele>323.841373</ele><time>2024-09-27T18:31:16Z</time><extensions><speed>1.317719</speed><course>280.278242</course><hAcc>1.595419</hAcc><vAcc>0.862611</vAcc></extensions></trkpt>
      <trkpt lon="-117.329479" lat="33.973962"><ele>323.799347</ele><time>2024-09-27T18:31:17Z</time><extensions><speed>1.318383</speed><course>269.997792</course><hAcc>1.608422</hAcc><vAcc>0.857773</vAcc></extensions></trkpt>
      <trkpt lon="-117.329493" lat="33.973961"><ele>323.771410</ele><time>2024-09-27T18:31:18Z</time><extensions><speed>1.400215</speed><course>257.400392</course><hAcc>1.620187</hAcc><vAcc>0.852117</vAcc></extensions></trkpt>
      <trkpt lon="-117.329508" lat="33.973957"><ele>323.749588</ele><time>2024-09-27T18:31:19Z</time><extensions><speed>1.454003</speed><course>249.560722</course><hAcc>1.623353</hAcc><vAcc>0.845882</vAcc></extensions></trkpt>
      <trkpt lon="-117.329523" lat="33.973952"><ele>323.712272</ele><time>2024-09-27T18:31:20Z</time><extensions><speed>1.398869</speed><course>249.407705</course><hAcc>1.634159</hAcc><vAcc>0.840043</vAcc></extensions></trkpt>
      <trkpt lon="-117.329537" lat="33.973948"><ele>323.673722</ele><time>2024-09-27T18:31:21Z</time><extensions><speed>1.338781</speed><course>254.237089</course><hAcc>1.651527</hAcc><vAcc>0.834796</vAcc></extensions></trkpt>
      <trkpt lon="-117.329551" lat="33.973944"><ele>323.632323</ele><time>2024-09-27T18:31:22Z</time><extensions><speed>1.378452</speed><course>255.806375</course><hAcc>1.663448</hAcc><vAcc>0.830487</vAcc></extensions></trkpt>
      <trkpt lon="-117.329566" lat="33.973940"><ele>323.592303</ele><time>2024-09-27T18:31:23Z</time><extensions><speed>1.410285</speed><course>252.701959</course><hAcc>1.667442</hAcc><vAcc>0.826662</vAcc></extensions></trkpt>
      <trkpt lon="-117.329580" lat="33.973936"><ele>323.544612</ele><time>2024-09-27T18:31:24Z</time><extensions><speed>1.366696</speed><course>248.564083</course><hAcc>1.672496</hAcc><vAcc>0.823689</vAcc></extensions></trkpt>
      <trkpt lon="-117.329594" lat="33.973931"><ele>323.496821</ele><time>2024-09-27T18:31:25Z</time><extensions><speed>1.354104</speed><course>246.147900</course><hAcc>1.679259</hAcc><vAcc>0.821743</vAcc></extensions></trkpt>
      <trkpt lon="-117.329607" lat="33.973925"><ele>323.451564</ele><time>2024-09-27T18:31:26Z</time><extensions><speed>1.366117</speed><course>245.067186</course><hAcc>1.689869</hAcc><vAcc>0.820608</vAcc></extensions></trkpt>
      <trkpt lon="-117.329621" lat="33.973920"><ele>323.403132</ele><time>2024-09-27T18:31:27Z</time><extensions><speed>1.351932</speed><course>242.916840</course><hAcc>1.700474</hAcc><vAcc>0.820475</vAcc></extensions></trkpt>
      <trkpt lon="-117.329634" lat="33.973914"><ele>323.361767</ele><time>2024-09-27T18:31:28Z</time><extensions><speed>1.402892</speed><course>240.709381</course><hAcc>1.709818</hAcc><vAcc>0.821201</vAcc></extensions></trkpt>
      <trkpt lon="-117.329648" lat="33.973907"><ele>323.320409</ele><time>2024-09-27T18:31:29Z</time><extensions><speed>1.457619</speed><course>240.417672</course><hAcc>1.723178</hAcc><vAcc>0.822698</vAcc></extensions></trkpt>
      <trkpt lon="-117.329663" lat="33.973901"><ele>323.270677</ele><time>2024-09-27T18:31:30Z</time><extensions><speed>1.564381</speed><course>242.097343</course><hAcc>1.740958</hAcc><vAcc>0.825275</vAcc></extensions></trkpt>
      <trkpt lon="-117.329678" lat="33.973895"><ele>323.224779</ele><time>2024-09-27T18:31:31Z</time><extensions><speed>1.512194</speed><course>244.174008</course><hAcc>1.765587</hAcc><vAcc>0.828806</vAcc></extensions></trkpt>
      <trkpt lon="-117.329693" lat="33.973890"><ele>323.184540</ele><time>2024-09-27T18:31:32Z</time><extensions><speed>1.417644</speed><course>247.639491</course><hAcc>1.787059</hAcc><vAcc>0.833208</vAcc></extensions></trkpt>
      <trkpt lon="-117.329707" lat="33.973886"><ele>323.149751</ele><time>2024-09-27T18:31:33Z</time><extensions><speed>1.294931</speed><course>254.338379</course><hAcc>1.802956</hAcc><vAcc>0.838009</vAcc></extensions></trkpt>
      <trkpt lon="-117.329721" lat="33.973884"><ele>323.116689</ele><time>2024-09-27T18:31:34Z</time><extensions><speed>1.266077</speed><course>261.812166</course><hAcc>1.813101</hAcc><vAcc>0.843107</vAcc></extensions></trkpt>
      <trkpt lon="-117.329735" lat="33.973883"><ele>323.105062</ele><time>2024-09-27T18:31:35Z</time><extensions><speed>1.362577</speed><course>266.870593</course><hAcc>1.821837</hAcc><vAcc>0.848503</vAcc></extensions></trkpt>
      <trkpt lon="-117.329751" lat="33.973883"><ele>323.096036</ele><time>2024-09-27T18:31:36Z</time><extensions><speed>1.449454</speed><course>270.338168</course><hAcc>1.827976</hAcc><vAcc>0.855202</vAcc></extensions></trkpt>
      <trkpt lon="-117.329767" lat="33.973884"><ele>323.091987</ele><time>2024-09-27T18:31:37Z</time><extensions><speed>1.552482</speed><course>274.977936</course><hAcc>1.831060</hAcc><vAcc>0.862493</vAcc></extensions></trkpt>
      <trkpt lon="-117.329784" lat="33.973886"><ele>323.090891</ele><time>2024-09-27T18:31:38Z</time><extensions><speed>1.616732</speed><course>278.660475</course><hAcc>1.831106</hAcc><vAcc>0.870293</vAcc></extensions></trkpt>
      <trkpt lon="-117.329801" lat="33.973889"><ele>323.107428</ele><time>2024-09-27T18:31:39Z</time><extensions><speed>1.610224</speed><course>281.842637</course><hAcc>1.828850</hAcc><vAcc>0.878743</vAcc></extensions></trkpt>
      <trkpt lon="-117.329818" lat="33.973893"><ele>323.139192</ele><time>2024-09-27T18:31:40Z</time><extensions><speed>1.601590</speed><course>284.886245</course><hAcc>1.824615</hAcc><vAcc>0.887908</vAcc></extensions></trkpt>
      <trkpt lon="-117.329834" lat="33.973897"><ele>323.170800</ele><time>2024-09-27T18:31:41Z</time><extensions><speed>1.546576</speed><course>288.720109</course><hAcc>1.819427</hAcc><vAcc>0.897260</vAcc></extensions></trkpt>
      <trkpt lon="-117.329849" lat="33.973902"><ele>323.205002</ele><time>2024-09-27T18:31:42Z</time><extensions><speed>1.514743</speed><course>291.971594</course><hAcc>1.808370</hAcc><vAcc>0.906338</vAcc></extensions></trkpt>
      <trkpt lon="-117.329864" lat="33.973907"><ele>323.234404</ele><time>2024-09-27T18:31:43Z</time><extensions><speed>1.426582</speed><course>293.978874</course><hAcc>1.791688</hAcc><vAcc>0.915182</vAcc></extensions></trkpt>
      <trkpt lon="-117.329877" lat="33.973913"><ele>323.276812</ele><time>2024-09-27T18:31:44Z</time><extensions><speed>1.292425</speed><course>294.835195</course><hAcc>1.773521</hAcc><vAcc>0.923723</vAcc></extensions></trkpt>
      <trkpt lon="-117.329890" lat="33.973917"><ele>323.314628</ele><time>2024-09-27T18:31:45Z</time><extensions><speed>1.217757</speed><course>290.968046</course><hAcc>1.759779</hAcc><vAcc>0.932643</vAcc></extensions></trkpt>
      <trkpt lon="-117.329902" lat="33.973921"><ele>323.324418</ele><time>2024-09-27T18:31:46Z</time><extensions><speed>1.201157</speed><course>288.549762</course><hAcc>1.745442</hAcc><vAcc>0.940675</vAcc></extensions></trkpt>
      <trkpt lon="-117.329915" lat="33.973925"><ele>323.339134</ele><time>2024-09-27T18:31:47Z</time><extensions><speed>1.234769</speed><course>286.812893</course><hAcc>1.729289</hAcc><vAcc>0.947330</vAcc></extensions></trkpt>
      <trkpt lon="-117.329928" lat="33.973928"><ele>323.352167</ele><time>2024-09-27T18:31:48Z</time><extensions><speed>1.258744</speed><course>288.191684</course><hAcc>1.714220</hAcc><vAcc>0.952543</vAcc></extensions></trkpt>
      <trkpt lon="-117.329940" lat="33.973931"><ele>323.364274</ele><time>2024-09-27T18:31:49Z</time><extensions><speed>1.231190</speed><course>287.008549</course><hAcc>1.699886</hAcc><vAcc>0.956661</vAcc></extensions></trkpt>
      <trkpt lon="-117.329953" lat="33.973934"><ele>323.372213</ele><time>2024-09-27T18:31:50Z</time><extensions><speed>1.166040</speed><course>283.910192</course><hAcc>1.684425</hAcc><vAcc>0.959981</vAcc></extensions></trkpt>
      <trkpt lon="-117.329965" lat="33.973937"><ele>323.380035</ele><time>2024-09-27T18:31:51Z</time><extensions><speed>1.181332</speed><course>280.910727</course><hAcc>1.671097</hAcc><vAcc>0.962040</vAcc></extensions></trkpt>
      <trkpt lon="-117.329979" lat="33.973939"><ele>323.367454</ele><time>2024-09-27T18:31:52Z</time><extensions><speed>1.294833</speed><course>278.440982</course><hAcc>1.653366</hAcc><vAcc>0.962812</vAcc></extensions></trkpt>
      <trkpt lon="-117.329993" lat="33.973941"><ele>323.338343</ele><time>2024-09-27T18:31:53Z</time><extensions><speed>1.412620</speed><course>279.958175</course><hAcc>1.638189</hAcc><vAcc>0.962044</vAcc></extensions></trkpt>
      <trkpt lon="-117.330008" lat="33.973943"><ele>323.303611</ele><time>2024-09-27T18:31:54Z</time><extensions><speed>1.428014</speed><course>281.041108</course><hAcc>1.635778</hAcc><vAcc>0.960497</vAcc></extensions></trkpt>
      <trkpt lon="-117.330023" lat="33.973945"><ele>323.265668</ele><time>2024-09-27T18:31:55Z</time><extensions><speed>1.324308</speed><course>280.879789</course><hAcc>1.646829</hAcc><vAcc>0.958001</vAcc></extensions></trkpt>
      <trkpt lon="-117.330037" lat="33.973948"><ele>323.234265</ele><time>2024-09-27T18:31:56Z</time><extensions><speed>1.336901</speed><course>281.203393</course><hAcc>1.607211</hAcc><vAcc>0.955235</vAcc></extensions></trkpt>
      <trkpt lon="-117.330051" lat="33.973950"><ele>323.193836</ele><time>2024-09-27T18:31:57Z</time><extensions><speed>1.302119</speed><course>279.015682</course><hAcc>1.591655</hAcc><vAcc>0.951848</vAcc></extensions></trkpt>
      <trkpt lon="-117.330065" lat="33.973951"><ele>323.147016</ele><time>2024-09-27T18:31:58Z</time><extensions><speed>1.239898</speed><course>276.582409</course><hAcc>1.589066</hAcc><vAcc>0.947961</vAcc></extensions></trkpt>
      <trkpt lon="-117.330078" lat="33.973952"><ele>323.076407</ele><time>2024-09-27T18:31:59Z</time><extensions><speed>1.190687</speed><course>274.453402</course><hAcc>1.587228</hAcc><vAcc>0.943269</vAcc></extensions></trkpt>
      <trkpt lon="-117.330091" lat="33.973953"><ele>322.992378</ele><time>2024-09-27T18:32:00Z</time><extensions><speed>1.171500</speed><course>273.844101</course><hAcc>1.585347</hAcc><vAcc>0.938299</vAcc></extensions></trkpt>
      <trkpt lon="-117.330104" lat="33.973953"><ele>322.890853</ele><time>2024-09-27T18:32:01Z</time><extensions><speed>1.233799</speed><course>272.718573</course><hAcc>1.583043</hAcc><vAcc>0.932808</vAcc></extensions></trkpt>
      <trkpt lon="-117.330117" lat="33.973954"><ele>322.762055</ele><time>2024-09-27T18:32:02Z</time><extensions><speed>1.275151</speed><course>273.176648</course><hAcc>1.578019</hAcc><vAcc>0.927674</vAcc></extensions></trkpt>
      <trkpt lon="-117.330131" lat="33.973955"><ele>322.633245</ele><time>2024-09-27T18:32:03Z</time><extensions><speed>1.250586</speed><course>277.757202</course><hAcc>1.571157</hAcc><vAcc>0.922343</vAcc></extensions></trkpt>
      <trkpt lon="-117.330144" lat="33.973957"><ele>322.496056</ele><time>2024-09-27T18:32:04Z</time><extensions><speed>1.219444</speed><course>281.085148</course><hAcc>1.567159</hAcc><vAcc>0.916881</vAcc></extensions></trkpt>
      <trkpt lon="-117.330157" lat="33.973959"><ele>322.366925</ele><time>2024-09-27T18:32:05Z</time><extensions><speed>1.188731</speed><course>283.006076</course><hAcc>1.569536</hAcc><vAcc>0.911328</vAcc></extensions></trkpt>
      <trkpt lon="-117.330169" lat="33.973961"><ele>322.230998</ele><time>2024-09-27T18:32:06Z</time><extensions><speed>1.189684</speed><course>283.116843</course><hAcc>1.575483</hAcc><vAcc>0.905743</vAcc></extensions></trkpt>
      <trkpt lon="-117.330182" lat="33.973963"><ele>322.084032</ele><time>2024-09-27T18:32:07Z</time><extensions><speed>1.173251</speed><course>278.661845</course><hAcc>1.577495</hAcc><vAcc>0.900190</vAcc></extensions></trkpt>
      <trkpt lon="-117.330195" lat="33.973964"><ele>321.946199</ele><time>2024-09-27T18:32:08Z</time><extensions><speed>1.189859</speed><course>273.931503</course><hAcc>1.579240</hAcc><vAcc>0.894169</vAcc></extensions></trkpt>
      <trkpt lon="-117.330208" lat="33.973965"><ele>321.812186</ele><time>2024-09-27T18:32:09Z</time><extensions><speed>1.151797</speed><course>270.317536</course><hAcc>1.572317</hAcc><vAcc>0.887905</vAcc></extensions></trkpt>
      <trkpt lon="-117.330220" lat="33.973964"><ele>321.692647</ele><time>2024-09-27T18:32:10Z</time><extensions><speed>1.078049</speed><course>266.641349</course><hAcc>1.566025</hAcc><vAcc>0.881431</vAcc></extensions></trkpt>
      <trkpt lon="-117.330231" lat="33.973964"><ele>321.582499</ele><time>2024-09-27T18:32:11Z</time><extensions><speed>1.096082</speed><course>268.235845</course><hAcc>1.558107</hAcc><vAcc>0.874923</vAcc></extensions></trkpt>
      <trkpt lon="-117.330244" lat="33.973964"><ele>321.478219</ele><time>2024-09-27T18:32:12Z</time><extensions><speed>1.188505</speed><course>271.095879</course><hAcc>1.545118</hAcc><vAcc>0.868102</vAcc></extensions></trkpt>
      <trkpt lon="-117.330257" lat="33.973964"><ele>321.378577</ele><time>2024-09-27T18:32:13Z</time><extensions><speed>1.250029</speed><course>272.865534</course><hAcc>1.534958</hAcc><vAcc>0.861582</vAcc></extensions></trkpt>
      <trkpt lon="-117.330271" lat="33.973965"><ele>321.300804</ele><time>2024-09-27T18:32:14Z</time><extensions><speed>1.267073</speed><course>273.379511</course><hAcc>1.521448</hAcc><vAcc>0.855004</vAcc></extensions></trkpt>
      <trkpt lon="-117.330284" lat="33.973965"><ele>321.244294</ele><time>2024-09-27T18:32:15Z</time><extensions><speed>1.239746</speed><course>271.819666</course><hAcc>1.506202</hAcc><vAcc>0.848243</vAcc></extensions></trkpt>
      <trkpt lon="-117.330298" lat="33.973966"><ele>321.209057</ele><time>2024-09-27T18:32:16Z</time><extensions><speed>1.251310</speed><course>272.061192</course><hAcc>1.485102</hAcc><vAcc>0.841229</vAcc></extensions></trkpt>
      <trkpt lon="-117.330311" lat="33.973966"><ele>321.195140</ele><time>2024-09-27T18:32:17Z</time><extensions><speed>1.288510</speed><course>273.839224</course><hAcc>1.467317</hAcc><vAcc>0.834077</vAcc></extensions></trkpt>
      <trkpt lon="-117.330326" lat="33.973968"><ele>321.201197</ele><time>2024-09-27T18:32:18Z</time><extensions><speed>1.366654</speed><course>279.354049</course><hAcc>1.462607</hAcc><vAcc>0.827013</vAcc></extensions></trkpt>
      <trkpt lon="-117.330340" lat="33.973971"><ele>321.222178</ele><time>2024-09-27T18:32:19Z</time><extensions><speed>1.363083</speed><course>286.675960</course><hAcc>1.457737</hAcc><vAcc>0.820117</vAcc></extensions></trkpt>
      <trkpt lon="-117.330354" lat="33.973975"><ele>321.255514</ele><time>2024-09-27T18:32:20Z</time><extensions><speed>1.309355</speed><course>296.003478</course><hAcc>1.458935</hAcc><vAcc>0.813458</vAcc></extensions></trkpt>
      <trkpt lon="-117.330365" lat="33.973981"><ele>321.300154</ele><time>2024-09-27T18:32:21Z</time><extensions><speed>1.244749</speed><course>308.587472</course><hAcc>1.468165</hAcc><vAcc>0.807074</vAcc></extensions></trkpt>
      <trkpt lon="-117.330375" lat="33.973989"><ele>321.345768</ele><time>2024-09-27T18:32:22Z</time><extensions><speed>1.264238</speed><course>317.363604</course><hAcc>1.487187</hAcc><vAcc>0.800975</vAcc></extensions></trkpt>
      <trkpt lon="-117.330384" lat="33.973997"><ele>321.405895</ele><time>2024-09-27T18:32:23Z</time><extensions><speed>1.199832</speed><course>322.852540</course><hAcc>1.515954</hAcc><vAcc>0.795149</vAcc></extensions></trkpt>
      <trkpt lon="-117.330391" lat="33.974005"><ele>321.469124</ele><time>2024-09-27T18:32:24Z</time><extensions><speed>1.038669</speed><course>324.297144</course><hAcc>1.546969</hAcc><vAcc>0.789581</vAcc></extensions></trkpt>
      <trkpt lon="-117.330397" lat="33.974012"><ele>321.536550</ele><time>2024-09-27T18:32:25Z</time><extensions><speed>0.802142</speed><course>321.282214</course><hAcc>1.569482</hAcc><vAcc>0.784294</vAcc></extensions></trkpt>
      <trkpt lon="-117.330402" lat="33.974017"><ele>321.601884</ele><time>2024-09-27T18:32:26Z</time><extensions><speed>0.653830</speed><course>320.184205</course><hAcc>1.604391</hAcc><vAcc>0.779369</vAcc></extensions></trkpt>
      <trkpt lon="-117.330406" lat="33.974021"><ele>321.668021</ele><time>2024-09-27T18:32:27Z</time><extensions><speed>0.596125</speed><course>322.405859</course><hAcc>1.642112</hAcc><vAcc>0.774911</vAcc></extensions></trkpt>
      <trkpt lon="-117.330410" lat="33.974026"><ele>321.731086</ele><time>2024-09-27T18:32:28Z</time><extensions><speed>0.619554</speed><course>324.212272</course><hAcc>1.676981</hAcc><vAcc>0.771004</vAcc></extensions></trkpt>
      <trkpt lon="-117.330414" lat="33.974031"><ele>321.785161</ele><time>2024-09-27T18:32:29Z</time><extensions><speed>0.726091</speed><course>325.835053</course><hAcc>1.724360</hAcc><vAcc>0.767689</vAcc></extensions></trkpt>
      <trkpt lon="-117.330419" lat="33.974037"><ele>321.839734</ele><time>2024-09-27T18:32:30Z</time><extensions><speed>0.905369</speed><course>327.867102</course><hAcc>1.787581</hAcc><vAcc>0.764958</vAcc></extensions></trkpt>
      <trkpt lon="-117.330424" lat="33.974044"><ele>321.896245</ele><time>2024-09-27T18:32:31Z</time><extensions><speed>1.055917</speed><course>329.955217</course><hAcc>1.852551</hAcc><vAcc>0.762771</vAcc></extensions></trkpt>
      <trkpt lon="-117.330430" lat="33.974053"><ele>321.948927</ele><time>2024-09-27T18:32:32Z</time><extensions><speed>1.031889</speed><course>330.016850</course><hAcc>1.889932</hAcc><vAcc>0.761133</vAcc></extensions></trkpt>
      <trkpt lon="-117.330435" lat="33.974060"><ele>321.993551</ele><time>2024-09-27T18:32:33Z</time><extensions><speed>0.838554</speed><course>328.704997</course><hAcc>1.912463</hAcc><vAcc>0.764894</vAcc></extensions></trkpt>
      <trkpt lon="-117.330440" lat="33.974066"><ele>322.035028</ele><time>2024-09-27T18:32:34Z</time><extensions><speed>0.744862</speed><course>327.963982</course><hAcc>1.961811</hAcc><vAcc>0.772655</vAcc></extensions></trkpt>
      <trkpt lon="-117.330444" lat="33.974071"><ele>322.073943</ele><time>2024-09-27T18:32:35Z</time><extensions><speed>0.707875</speed><course>327.889661</course><hAcc>2.060108</hAcc><vAcc>0.786522</vAcc></extensions></trkpt>
      <trkpt lon="-117.330448" lat="33.974077"><ele>322.110948</ele><time>2024-09-27T18:32:36Z</time><extensions><speed>0.695884</speed><course>328.841876</course><hAcc>2.217206</hAcc><vAcc>0.809308</vAcc></extensions></trkpt>
      <trkpt lon="-117.330452" lat="33.974082"><ele>322.146674</ele><time>2024-09-27T18:32:37Z</time><extensions><speed>0.738324</speed><course>331.101298</course><hAcc>2.393094</hAcc><vAcc>0.844450</vAcc></extensions></trkpt>
      <trkpt lon="-117.330455" lat="33.974088"><ele>322.181651</ele><time>2024-09-27T18:32:38Z</time><extensions><speed>0.638926</speed><course>333.393570</course><hAcc>2.524010</hAcc><vAcc>0.895743</vAcc></extensions></trkpt>
      <trkpt lon="-117.330458" lat="33.974093"><ele>322.216294</ele><time>2024-09-27T18:32:39Z</time><extensions><speed>0.563655</speed><course>334.660291</course><hAcc>2.736936</hAcc><vAcc>0.966895</vAcc></extensions></trkpt>
      <trkpt lon="-117.330461" lat="33.974097"><ele>322.250843</ele><time>2024-09-27T18:32:40Z</time><extensions><speed>0.542818</speed><course>335.121406</course><hAcc>3.114775</hAcc><vAcc>1.061039</vAcc></extensions></trkpt>
      <trkpt lon="-117.330463" lat="33.974102"><ele>322.285306</ele><time>2024-09-27T18:32:41Z</time><extensions><speed>0.516438</speed><course>334.829397</course><hAcc>3.707230</hAcc><vAcc>1.180362</vAcc></extensions></trkpt>
      <trkpt lon="-117.330465" lat="33.974106"><ele>322.321175</ele><time>2024-09-27T18:32:42Z</time><extensions><speed>0.428485</speed><course>334.792475</course><hAcc>4.633843</hAcc><vAcc>1.333216</vAcc></extensions></trkpt>
    </trkseg>
  </trk>
</gpx>