<?xml version="1.0" encoding="UTF-8"?>
<gpx version="1.1" creator="Apple Health Export" xmlns="http://www.topografix.com/GPX/1/1" xmlns:xsi="http://www.w3.org/2001/XMLSchema-instance" xsi:schemaLocation="http://www.topografix.com/GPX/1/1 http://www.topografix.com/GPX/1/1/gpx.xsd">
  <metadata>
    <time>2026-01-11T08:02:43Z</time>
  </metadata>
  <trk>
    <name>Route 2025-10-09 5:55pm</name>
    <trkseg>
      <trkpt lon="-117.331939" lat="33.979282"><ele>0.000000</ele><time>2025-10-10T00:40:10Z</time><extensions><speed>1.262487</speed><course>104.679655</course><hAcc>2.739386</hAcc><vAcc>-1.000000</vAcc></extensions></trkpt>
      <trkpt lon="-117.331928" lat="33.979281"><ele>0.000000</ele><time>2025-10-10T00:40:11Z</time><extensions><speed>0.716770</speed><course>105.575700</course><hAcc>2.330139</hAcc><vAcc>-1.000000</vAcc></extensions></trkpt>
      <trkpt lon="-117.331921" lat="33.979279"><ele>0.000000</ele><time>2025-10-10T00:40:12Z</time><extensions><speed>0.718825</speed><course>105.534721</course><hAcc>2.025491</hAcc><vAcc>-1.000000</vAcc></extensions></trkpt>
      <trkpt lon="-117.331910" lat="33.979277"><ele>0.000000</ele><time>2025-10-10T00:40:13Z</time><extensions><speed>1.361599</speed><course>103.887816</course><hAcc>1.919650</hAcc><vAcc>-1.000000</vAcc></extensions></trkpt>
      <trkpt lon="-117.331897" lat="33.979275"><ele>0.000000</ele><time>2025-10-10T00:40:14Z</time><extensions><speed>0.912547</speed><course>97.069937</course><hAcc>1.865234</hAcc><vAcc>-1.000000</vAcc></extensions></trkpt>
      <trkpt lon="-117.331886" lat="33.979274"><ele>0.000000</ele><time>2025-10-10T00:40:16Z</time><extensions><speed>0.660231</speed><course>88.136268</course><hAcc>1.830032</hAcc><vAcc>-1.000000</vAcc></extensions></trkpt>
      <trkpt lon="-117.331878" lat="33.979274"><ele>0.000000</ele><time>2025-10-10T00:40:17Z</time><extensions><speed>0.681181</speed><course>90.204374</course><hAcc>1.817480</hAcc><vAcc>-1.000000</vAcc></extensions></trkpt>
      <trkpt lon="-117.331871" lat="33.979274"><ele>0.000000</ele><time>2025-10-10T00:40:18Z</time><extensions><speed>0.686312</speed><course>91.387337</course><hAcc>1.814244</hAcc><vAcc>-1.000000</vAcc></extensions></trkpt>
      <trkpt lon="-117.331863" lat="33.979274"><ele>0.000000</ele><time>2025-10-10T00:40:19Z</time><extensions><speed>0.755459</speed><course>95.779765</course><hAcc>1.818394</hAcc><vAcc>-1.000000</vAcc></extensions></trkpt>
      <trkpt lon="-117.331853" lat="33.979273"><ele>0.000000</ele><time>2025-10-10T00:40:20Z</time><extensions><speed>0.886609</speed><course>90.938684</course><hAcc>1.864915</hAcc><vAcc>-1.000000</vAcc></extensions></trkpt>
      <trkpt lon="-117.331844" lat="33.979273"><ele>0.000000</ele><time>2025-10-10T00:40:21Z</time><extensions><speed>0.877817</speed><course>91.385514</course><hAcc>2.185617</hAcc><vAcc>-1.000000</vAcc></extensions></trkpt>
      <trkpt lon="-117.331835" lat="33.979273"><ele>0.000000</ele><time>2025-10-10T00:40:21Z</time><extensions><speed>0.761962</speed><course>94.963977</course><hAcc>2.396983</hAcc><vAcc>-1.000000</vAcc></extensions></trkpt>
      <trkpt lon="-117.331826" lat="33.979273"><ele>0.000000</ele><time>2025-10-10T00:40:22Z</time><extensions><speed>0.902292</speed><course>90.550501</course><hAcc>2.467926</hAcc><vAcc>-1.000000</vAcc></extensions></trkpt>
      <trkpt lon="-117.331815" lat="33.979273"><ele>0.000000</ele><time>2025-10-10T00:40:23Z</time><extensions><speed>1.034848</speed><course>88.629701</course><hAcc>2.822972</hAcc><vAcc>-1.000000</vAcc></extensions></trkpt>
      <trkpt lon="-117.331802" lat="33.979273"><ele>0.000000</ele><time>2025-10-10T00:40:24Z</time><extensions><speed>1.145167</speed><course>87.945807</course><hAcc>3.390465</hAcc><vAcc>-1.000000</vAcc></extensions></trkpt>
      <trkpt lon="-117.331788" lat="33.979273"><ele>0.000000</ele><time>2025-10-10T00:40:25Z</time><extensions><speed>1.229245</speed><course>87.875385</course><hAcc>4.005650</hAcc><vAcc>-1.000000</vAcc></extensions></trkpt>
      <trkpt lon="-117.331772" lat="33.979274"><ele>0.000000</ele><time>2025-10-10T00:40:26Z</time><extensions><speed>1.288323</speed><course>88.115310</course><hAcc>4.574538</hAcc><vAcc>-1.000000</vAcc></extensions></trkpt>
      <trkpt lon="-117.331755" lat="33.979274"><ele>0.000000</ele><time>2025-10-10T00:40:27Z</time><extensions><speed>1.325995</speed><course>88.512850</course><hAcc>5.061301</hAcc><vAcc>-1.000000</vAcc></extensions></trkpt>
      <trkpt lon="-117.331738" lat="33.979274"><ele>0.000000</ele><time>2025-10-10T00:40:28Z</time><extensions><speed>1.346593</speed><course>88.986937</course><hAcc>5.459407</hAcc><vAcc>-1.000000</vAcc></extensions></trkpt>
      <trkpt lon="-117.331721" lat="33.979274"><ele>0.000000</ele><time>2025-10-10T00:40:29Z</time><extensions><speed>1.354330</speed><course>89.492000</course><hAcc>5.775295</hAcc><vAcc>-1.000000</vAcc></extensions></trkpt>
      <trkpt lon="-117.331704" lat="33.979274"><ele>0.000000</ele><time>2025-10-10T00:40:30Z</time><extensions><speed>1.352890</speed><course>90.000932</course><hAcc>6.020342</hAcc><vAcc>-1.000000</vAcc></extensions></trkpt>
      <trkpt lon="-117.331686" lat="33.979274"><ele>0.000000</ele><time>2025-10-10T00:40:31Z</time><extensions><speed>1.345284</speed><course>90.496816</course><hAcc>6.206994</hAcc><vAcc>-1.000000</vAcc></extensions></trkpt>
      <trkpt lon="-117.331668" lat="33.979274"><ele>0.000000</ele><time>2025-10-10T00:40:32Z</time><extensions><speed>1.333858</speed><course>90.968794</course><hAcc>6.346961</hAcc><vAcc>-1.000000</vAcc></extensions></trkpt>
      <trkpt lon="-117.331651" lat="33.979273"><ele>0.000000</ele><time>2025-10-10T00:40:33Z</time><extensions><speed>1.320361</speed><course>91.409933</course><hAcc>6.450460</hAcc><vAcc>-1.000000</vAcc></extensions></trkpt>
      <trkpt lon="-117.331633" lat="33.979273"><ele>0.000000</ele><time>2025-10-10T00:40:34Z</time><extensions><speed>1.306050</speed><course>91.816055</course><hAcc>6.526000</hAcc><vAcc>-1.000000</vAcc></extensions></trkpt>
      <trkpt lon="-117.331616" lat="33.979272"><ele>0.000000</ele><time>2025-10-10T00:40:35Z</time><extensions><speed>1.291787</speed><course>92.185049</course><hAcc>6.580443</hAcc><vAcc>-1.000000</vAcc></extensions></trkpt>
      <trkpt lon="-117.331599" lat="33.979271"><ele>0.000000</ele><time>2025-10-10T00:40:36Z</time><extensions><speed>1.278131</speed><course>92.516386</course><hAcc>6.619183</hAcc><vAcc>-1.000000</vAcc></extensions></trkpt>
      <trkpt lon="-117.331582" lat="33.979271"><ele>0.000000</ele><time>2025-10-10T00:40:37Z</time><extensions><speed>1.265423</speed><course>92.810761</course><hAcc>6.646379</hAcc><vAcc>-1.000000</vAcc></extensions></trkpt>
      <trkpt lon="-117.331565" lat="33.979270"><ele>0.000000</ele><time>2025-10-10T00:40:38Z</time><extensions><speed>1.253837</speed><course>93.069778</course><hAcc>6.665180</hAcc><vAcc>-1.000000</vAcc></extensions></trkpt>
      <trkpt lon="-117.331548" lat="33.979269"><ele>0.000000</ele><time>2025-10-10T00:40:39Z</time><extensions><speed>1.243441</speed><course>93.295688</course><hAcc>6.677937</hAcc><vAcc>-1.000000</vAcc></extensions></trkpt>
      <trkpt lon="-117.331532" lat="33.979268"><ele>0.000000</ele><time>2025-10-10T00:40:40Z</time><extensions><speed>1.234224</speed><course>93.491149</course><hAcc>6.686382</hAcc><vAcc>-1.000000</vAcc></extensions></trkpt>
      <trkpt lon="-117.331515" lat="33.979267"><ele>0.000000</ele><time>2025-10-10T00:40:41Z</time><extensions><speed>1.226130</speed><course>93.659041</course><hAcc>6.691776</hAcc><vAcc>-1.000000</vAcc></extensions></trkpt>
      <trkpt lon="-117.331499" lat="33.979266"><ele>0.000000</ele><time>2025-10-10T00:40:42Z</time><extensions><speed>1.219074</speed><course>93.802305</course><hAcc>6.695026</hAcc><vAcc>-1.000000</vAcc></extensions></trkpt>
      <trkpt lon="-117.331482" lat="33.979265"><ele>0.000000</ele><time>2025-10-10T00:40:43Z</time><extensions><speed>1.212957</speed><course>93.923827</course><hAcc>6.696781</hAcc><vAcc>-1.000000</vAcc></extensions></trkpt>
      <trkpt lon="-117.331466" lat="33.979264"><ele>0.000000</ele><time>2025-10-10T00:40:44Z</time><extensions><speed>1.207677</speed><course>94.026353</course><hAcc>6.697500</hAcc><vAcc>-1.000000</vAcc></extensions></trkpt>
      <trkpt lon="-117.331450" lat="33.979263"><ele>0.000000</ele><time>2025-10-10T00:40:45Z</time><extensions><speed>1.203130</speed><course>94.112433</course><hAcc>6.697505</hAcc><vAcc>-1.000000</vAcc></extensions></trkpt>
      <trkpt lon="-117.331433" lat="33.979262"><ele>0.000000</ele><time>2025-10-10T00:40:46Z</time><extensions><speed>1.199222</speed><course>94.184387</course><hAcc>6.697019</hAcc><vAcc>-1.000000</vAcc></extensions></trkpt>
      <trkpt lon="-117.331417" lat="33.979261"><ele>0.000000</ele><time>2025-10-10T00:40:47Z</time><extensions><speed>1.195864</speed><course>94.244297</course><hAcc>6.696198</hAcc><vAcc>-1.000000</vAcc></extensions></trkpt>
      <trkpt lon="-117.331401" lat="33.979260"><ele>0.000000</ele><time>2025-10-10T00:40:48Z</time><extensions><speed>1.192976</speed><course>94.293999</course><hAcc>6.695149</hAcc><vAcc>-1.000000</vAcc></extensions></trkpt>
      <trkpt lon="-117.331385" lat="33.979259"><ele>0.000000</ele><time>2025-10-10T00:40:49Z</time><extensions><speed>1.190486</speed><course>94.335099</course><hAcc>6.693945</hAcc><vAcc>-1.000000</vAcc></extensions></trkpt>
      <trkpt lon="-117.331369" lat="33.979258"><ele>0.000000</ele><time>2025-10-10T00:40:50Z</time><extensions><speed>1.188334</speed><course>94.368986</course><hAcc>6.692636</hAcc><vAcc>-1.000000</vAcc></extensions></trkpt>
      <trkpt lon="-117.331353" lat="33.979257"><ele>0.000000</ele><time>2025-10-10T00:40:51Z</time><extensions><speed>1.186464</speed><course>94.396852</course><hAcc>6.691255</hAcc><vAcc>-1.000000</vAcc></extensions></trkpt>
      <trkpt lon="-117.331337" lat="33.979256"><ele>0.000000</ele><time>2025-10-10T00:40:52Z</time><extensions><speed>1.184832</speed><course>94.419710</course><hAcc>6.689826</hAcc><vAcc>-1.000000</vAcc></extensions></trkpt>
      <trkpt lon="-117.331320" lat="33.979255"><ele>0.000000</ele><time>2025-10-10T00:40:53Z</time><extensions><speed>1.183397</speed><course>94.438420</course><hAcc>6.688364</hAcc><vAcc>-1.000000</vAcc></extensions></trkpt>
      <trkpt lon="-117.331304" lat="33.979254"><ele>0.000000</ele><time>2025-10-10T00:40:54Z</time><extensions><speed>1.182126</speed><course>94.453704</course><hAcc>6.686878</hAcc><vAcc>-1.000000</vAcc></extensions></trkpt>
      <trkpt lon="-117.331288" lat="33.979253"><ele>0.000000</ele><time>2025-10-10T00:40:55Z</time><extensions><speed>1.180990</speed><course>94.466166</course><hAcc>6.685377</hAcc><vAcc>-1.000000</vAcc></extensions></trkpt>
      <trkpt lon="-117.331272" lat="33.979252"><ele>0.000000</ele><time>2025-10-10T00:40:56Z</time><extensions><speed>1.179966</speed><course>94.476310</course><hAcc>6.683864</hAcc><vAcc>-1.000000</vAcc></extensions></trkpt>
      <trkpt lon="-117.331256" lat="33.979251"><ele>0.000000</ele><time>2025-10-10T00:40:57Z</time><extensions><speed>1.179035</speed><course>94.484555</course><hAcc>6.682342</hAcc><vAcc>-1.000000</vAcc></extensions></trkpt>
      <trkpt lon="-117.331240" lat="33.979250"><ele>0.000000</ele><time>2025-10-10T00:40:58Z</time><extensions><speed>1.178178</speed><course>94.491246</course><hAcc>6.680814</hAcc><vAcc>-1.000000</vAcc></extensions></trkpt>
      <trkpt lon="-117.331224" lat="33.979249"><ele>0.000000</ele><time>2025-10-10T00:40:59Z</time><extensions><speed>1.177383</speed><course>94.496671</course><hAcc>6.679280</hAcc><vAcc>-1.000000</vAcc></extensions></trkpt>
      <trkpt lon="-117.331208" lat="33.979248"><ele>0.000000</ele><time>2025-10-10T00:41:00Z</time><extensions><speed>1.176639</speed><course>94.501063</course><hAcc>6.677742</hAcc><vAcc>-1.000000</vAcc></extensions></trkpt>
      <trkpt lon="-117.331192" lat="33.979247"><ele>0.000000</ele><time>2025-10-10T00:41:01Z</time><extensions><speed>1.175935</speed><course>94.504615</course><hAcc>6.676201</hAcc><vAcc>-1.000000</vAcc></extensions></trkpt>
      <trkpt lon="-117.331176" lat="33.979246"><ele>0.000000</ele><time>2025-10-10T00:41:02Z</time><extensions><speed>1.175264</speed><course>94.507485</course><hAcc>6.674656</hAcc><vAcc>-1.000000</vAcc></extensions></trkpt>
      <trkpt lon="-117.331160" lat="33.979245"><ele>0.000000</ele><time>2025-10-10T00:41:03Z</time><extensions><speed>1.174621</speed><course>94.509802</course><hAcc>6.673108</hAcc><vAcc>-1.000000</vAcc></extensions></trkpt>
      <trkpt lon="-117.331143" lat="33.979244"><ele>0.000000</ele><time>2025-10-10T00:41:04Z</time><extensions><speed>1.176081</speed><course>94.511665</course><hAcc>6.632871</hAcc><vAcc>-1.000000</vAcc></extensions></trkpt>
      <trkpt lon="-117.331132" lat="33.979241"><ele>0.000000</ele><time>2025-10-10T00:41:05Z</time><extensions><speed>1.093025</speed><course>96.261287</course><hAcc>6.558729</hAcc><vAcc>-1.000000</vAcc></extensions></trkpt>
      <trkpt lon="-117.331153" lat="33.979237"><ele>0.000000</ele><time>2025-10-10T00:41:06Z</time><extensions><speed>0.598913</speed><course>105.448045</course><hAcc>6.108883</hAcc><vAcc>-1.000000</vAcc></extensions></trkpt>
      <trkpt lon="-117.331168" lat="33.979234"><ele>0.000000</ele><time>2025-10-10T00:41:07Z</time><extensions><speed>0.271564</speed><course>133.844969</course><hAcc>5.630172</hAcc><vAcc>-1.000000</vAcc></extensions></trkpt>
      <trkpt lon="-117.331175" lat="33.979231"><ele>0.000000</ele><time>2025-10-10T00:41:08Z</time><extensions><speed>0.208603</speed><course>194.592473</course><hAcc>5.206285</hAcc><vAcc>-1.000000</vAcc></extensions></trkpt>
      <trkpt lon="-117.331180" lat="33.979229"><ele>0.000000</ele><time>2025-10-10T00:41:09Z</time><extensions><speed>0.318122</speed><course>229.546372</course><hAcc>4.779833</hAcc><vAcc>-1.000000</vAcc></extensions></trkpt>
      <trkpt lon="-117.331185" lat="33.979227"><ele>0.000000</ele><time>2025-10-10T00:41:10Z</time><extensions><speed>0.431873</speed><course>242.340450</course><hAcc>4.356851</hAcc><vAcc>-1.000000</vAcc></extensions></trkpt>
      <trkpt lon="-117.331190" lat="33.979225"><ele>0.000000</ele><time>2025-10-10T00:41:11Z</time><extensions><speed>0.496682</speed><course>248.672020</course><hAcc>3.973068</hAcc><vAcc>-1.000000</vAcc></extensions></trkpt>
      <trkpt lon="-117.331196" lat="33.979223"><ele>0.000000</ele><time>2025-10-10T00:41:12Z</time><extensions><speed>0.475479</speed><course>252.665501</course><hAcc>3.690945</hAcc><vAcc>-1.000000</vAcc></extensions></trkpt>
      <trkpt lon="-117.331200" lat="33.979222"><ele>0.000000</ele><time>2025-10-10T00:41:13Z</time><extensions><speed>0.318803</speed><course>256.172424</course><hAcc>3.551056</hAcc><vAcc>-1.000000</vAcc></extensions></trkpt>
      <trkpt lon="-117.331201" lat="33.979222"><ele>0.000000</ele><time>2025-10-10T00:41:13Z</time><extensions><speed>0.319377</speed><course>256.157747</course><hAcc>3.539899</hAcc><vAcc>-1.000000</vAcc></extensions></trkpt>
      <trkpt lon="-117.331203" lat="33.979221"><ele>0.000000</ele><time>2025-10-10T00:41:14Z</time><extensions><speed>0.181672</speed><course>259.541563</course><hAcc>3.479469</hAcc><vAcc>-1.000000</vAcc></extensions></trkpt>
      <trkpt lon="-117.331205" lat="33.979221"><ele>0.000000</ele><time>2025-10-10T00:41:15Z</time><extensions><speed>0.061750</speed><course>260.904994</course><hAcc>3.439964</hAcc><vAcc>-1.000000</vAcc></extensions></trkpt>
      <trkpt lon="-117.331207" lat="33.979221"><ele>0.000000</ele><time>2025-10-10T00:41:16Z</time><extensions><speed>0.309927</speed><course>259.341090</course><hAcc>3.222328</hAcc><vAcc>-1.000000</vAcc></extensions></trkpt>
      <trkpt lon="-117.331210" lat="33.979220"><ele>0.000000</ele><time>2025-10-10T00:41:17Z</time><extensions><speed>0.366719</speed><course>256.748637</course><hAcc>2.926483</hAcc><vAcc>-1.000000</vAcc></extensions></trkpt>
      <trkpt lon="-117.331214" lat="33.979219"><ele>0.000000</ele><time>2025-10-10T00:41:18Z</time><extensions><speed>0.322026</speed><course>252.553533</course><hAcc>2.734228</hAcc><vAcc>-1.000000</vAcc></extensions></trkpt>
      <trkpt lon="-117.331217" lat="33.979219"><ele>0.000000</ele><time>2025-10-10T00:41:19Z</time><extensions><speed>0.235884</speed><course>244.870599</course><hAcc>2.654635</hAcc><vAcc>-1.000000</vAcc></extensions></trkpt>
      <trkpt lon="-117.331219" lat="33.979218"><ele>0.000000</ele><time>2025-10-10T00:41:20Z</time><extensions><speed>0.148597</speed><course>228.277196</course><hAcc>2.641001</hAcc><vAcc>-1.000000</vAcc></extensions></trkpt>
      <trkpt lon="-117.331219" lat="33.979217"><ele>0.000000</ele><time>2025-10-10T00:41:21Z</time><extensions><speed>0.097035</speed><course>190.588143</course><hAcc>2.651813</hAcc><vAcc>-1.000000</vAcc></extensions></trkpt>
      <trkpt lon="-117.331219" lat="33.979216"><ele>0.000000</ele><time>2025-10-10T00:41:22Z</time><extensions><speed>0.108013</speed><course>147.662412</course><hAcc>2.665634</hAcc><vAcc>-1.000000</vAcc></extensions></trkpt>
      <trkpt lon="-117.331218" lat="33.979215"><ele>0.000000</ele><time>2025-10-10T00:41:23Z</time><extensions><speed>0.143964</speed><course>127.388952</course><hAcc>2.675409</hAcc><vAcc>-1.000000</vAcc></extensions></trkpt>
      <trkpt lon="-117.331217" lat="33.979214"><ele>0.000000</ele><time>2025-10-10T00:41:24Z</time><extensions><speed>0.175392</speed><course>118.708070</course><hAcc>2.680694</hAcc><vAcc>-1.000000</vAcc></extensions></trkpt>
      <trkpt lon="-117.331215" lat="33.979214"><ele>0.000000</ele><time>2025-10-10T00:41:25Z</time><extensions><speed>0.197172</speed><course>114.528251</course><hAcc>2.682974</hAcc><vAcc>-1.000000</vAcc></extensions></trkpt>
      <trkpt lon="-117.331213" lat="33.979213"><ele>0.000000</ele><time>2025-10-10T00:41:26Z</time><extensions><speed>0.210411</speed><course>112.398940</course><hAcc>2.683706</hAcc><vAcc>-1.000000</vAcc></extensions></trkpt>
      <trkpt lon="-117.331211" lat="33.979212"><ele>0.000000</ele><time>2025-10-10T00:41:27Z</time><extensions><speed>0.217365</speed><course>111.338047</course><hAcc>2.683811</hAcc><vAcc>-1.000000</vAcc></extensions></trkpt>
      <trkpt lon="-117.331208" lat="33.979212"><ele>0.000000</ele><time>2025-10-10T00:41:28Z</time><extensions><speed>0.220169</speed><course>110.875621</course><hAcc>2.683740</hAcc><vAcc>-1.000000</vAcc></extensions></trkpt>
      <trkpt lon="-117.331206" lat="33.979211"><ele>0.000000</ele><time>2025-10-10T00:41:29Z</time><extensions><speed>0.220502</speed><course>110.753240</course><hAcc>2.683663</hAcc><vAcc>-1.000000</vAcc></extensions></trkpt>
      <trkpt lon="-117.331204" lat="33.979210"><ele>0.000000</ele><time>2025-10-10T00:41:30Z</time><extensions><speed>0.219552</speed><course>110.815364</course><hAcc>2.683619</hAcc><vAcc>-1.000000</vAcc></extensions></trkpt>
      <trkpt lon="-117.331202" lat="33.979209"><ele>0.000000</ele><time>2025-10-10T00:41:31Z</time><extensions><speed>0.218087</speed><course>110.964872</course><hAcc>2.683602</hAcc><vAcc>-1.000000</vAcc></extensions></trkpt>
      <trkpt lon="-117.331199" lat="33.979209"><ele>0.000000</ele><time>2025-10-10T00:41:32Z</time><extensions><speed>0.216560</speed><course>111.142113</course><hAcc>2.683600</hAcc><vAcc>-1.000000</vAcc></extensions></trkpt>
      <trkpt lon="-117.331197" lat="33.979208"><ele>0.000000</ele><time>2025-10-10T00:41:33Z</time><extensions><speed>0.215202</speed><course>111.312987</course><hAcc>2.683603</hAcc><vAcc>-1.000000</vAcc></extensions></trkpt>
      <trkpt lon="-117.331195" lat="33.979207"><ele>0.000000</ele><time>2025-10-10T00:41:34Z</time><extensions><speed>0.214105</speed><course>111.460784</course><hAcc>2.683606</hAcc><vAcc>-1.000000</vAcc></extensions></trkpt>
      <trkpt lon="-117.331193" lat="33.979207"><ele>0.000000</ele><time>2025-10-10T00:41:35Z</time><extensions><speed>0.213278</speed><course>111.580011</course><hAcc>2.683608</hAcc><vAcc>-1.000000</vAcc></extensions></trkpt>
      <trkpt lon="-117.331191" lat="33.979206"><ele>0.000000</ele><time>2025-10-10T00:41:36Z</time><extensions><speed>0.212688</speed><course>111.671728</course><hAcc>2.683609</hAcc><vAcc>-1.000000</vAcc></extensions></trkpt>
      <trkpt lon="-117.331189" lat="33.979205"><ele>0.000000</ele><time>2025-10-10T00:41:37Z</time><extensions><speed>0.212288</speed><course>111.740214</course><hAcc>2.683610</hAcc><vAcc>-1.000000</vAcc></extensions></trkpt>
      <trkpt lon="-117.331186" lat="33.979205"><ele>0.000000</ele><time>2025-10-10T00:41:38Z</time><extensions><speed>0.212026</speed><course>111.790797</course><hAcc>2.683610</hAcc><vAcc>-1.000000</vAcc></extensions></trkpt>
      <trkpt lon="-117.331184" lat="33.979204"><ele>0.000000</ele><time>2025-10-10T00:41:39Z</time><extensions><speed>0.211860</speed><course>111.828597</course><hAcc>2.683610</hAcc><vAcc>-1.000000</vAcc></extensions></trkpt>
      <trkpt lon="-117.331182" lat="33.979203"><ele>0.000000</ele><time>2025-10-10T00:41:40Z</time><extensions><speed>0.211756</speed><course>111.857920</course><hAcc>2.683610</hAcc><vAcc>-1.000000</vAcc></extensions></trkpt>
      <trkpt lon="-117.331180" lat="33.979203"><ele>0.000000</ele><time>2025-10-10T00:41:41Z</time><extensions><speed>0.211686</speed><course>111.882071</course><hAcc>2.683610</hAcc><vAcc>-1.000000</vAcc></extensions></trkpt>
      <trkpt lon="-117.331178" lat="33.979202"><ele>0.000000</ele><time>2025-10-10T00:41:42Z</time><extensions><speed>0.211634</speed><course>111.903401</course><hAcc>2.683610</hAcc><vAcc>-1.000000</vAcc></extensions></trkpt>
      <trkpt lon="-117.331176" lat="33.979201"><ele>0.000000</ele><time>2025-10-10T00:41:43Z</time><extensions><speed>0.211590</speed><course>111.923465</course><hAcc>2.683610</hAcc><vAcc>-1.000000</vAcc></extensions></trkpt>
      <trkpt lon="-117.331174" lat="33.979200"><ele>0.000000</ele><time>2025-10-10T00:41:44Z</time><extensions><speed>0.211545</speed><course>111.943209</course><hAcc>2.683610</hAcc><vAcc>-1.000000</vAcc></extensions></trkpt>
      <trkpt lon="-117.331171" lat="33.979200"><ele>0.000000</ele><time>2025-10-10T00:41:45Z</time><extensions><speed>0.211498</speed><course>111.963149</course><hAcc>2.683610</hAcc><vAcc>-1.000000</vAcc></extensions></trkpt>
      <trkpt lon="-117.331169" lat="33.979199"><ele>0.000000</ele><time>2025-10-10T00:41:46Z</time><extensions><speed>0.211447</speed><course>111.983514</course><hAcc>2.683610</hAcc><vAcc>-1.000000</vAcc></extensions></trkpt>
      <trkpt lon="-117.331167" lat="33.979198"><ele>0.000000</ele><time>2025-10-10T00:41:47Z</time><extensions><speed>0.211392</speed><course>112.004365</course><hAcc>2.683610</hAcc><vAcc>-1.000000</vAcc></extensions></trkpt>
      <trkpt lon="-117.331165" lat="33.979198"><ele>0.000000</ele><time>2025-10-10T00:41:48Z</time><extensions><speed>0.211334</speed><course>112.025665</course><hAcc>2.683610</hAcc><vAcc>-1.000000</vAcc></extensions></trkpt>
      <trkpt lon="-117.331163" lat="33.979197"><ele>0.000000</ele><time>2025-10-10T00:41:49Z</time><extensions><speed>0.211272</speed><course>112.047338</course><hAcc>2.683610</hAcc><vAcc>-1.000000</vAcc></extensions></trkpt>
      <trkpt lon="-117.331161" lat="33.979196"><ele>0.000000</ele><time>2025-10-10T00:41:50Z</time><extensions><speed>0.211209</speed><course>112.069297</course><hAcc>2.683610</hAcc><vAcc>-1.000000</vAcc></extensions></trkpt>
      <trkpt lon="-117.331158" lat="33.979196"><ele>0.000000</ele><time>2025-10-10T00:41:51Z</time><extensions><speed>0.211144</speed><course>112.091461</course><hAcc>2.683610</hAcc><vAcc>-1.000000</vAcc></extensions></trkpt>
      <trkpt lon="-117.331156" lat="33.979195"><ele>0.000000</ele><time>2025-10-10T00:41:52Z</time><extensions><speed>0.211078</speed><course>112.113766</course><hAcc>2.683610</hAcc><vAcc>-1.000000</vAcc></extensions></trkpt>
      <trkpt lon="-117.331154" lat="33.979194"><ele>0.000000</ele><time>2025-10-10T00:41:53Z</time><extensions><speed>0.211012</speed><course>112.136160</course><hAcc>2.683610</hAcc><vAcc>-1.000000</vAcc></extensions></trkpt>
      <trkpt lon="-117.331152" lat="33.979194"><ele>0.000000</ele><time>2025-10-10T00:41:54Z</time><extensions><speed>0.210946</speed><course>112.158609</course><hAcc>2.683610</hAcc><vAcc>-1.000000</vAcc></extensions></trkpt>
      <trkpt lon="-117.331150" lat="33.979193"><ele>0.000000</ele><time>2025-10-10T00:41:55Z</time><extensions><speed>0.210880</speed><course>112.181091</course><hAcc>2.683610</hAcc><vAcc>-1.000000</vAcc></extensions></trkpt>
      <trkpt lon="-117.331148" lat="33.979192"><ele>0.000000</ele><time>2025-10-10T00:41:56Z</time><extensions><speed>0.210813</speed><course>112.203590</course><hAcc>2.683610</hAcc><vAcc>-1.000000</vAcc></extensions></trkpt>
      <trkpt lon="-117.331146" lat="33.979192"><ele>0.000000</ele><time>2025-10-10T00:41:57Z</time><extensions><speed>0.210747</speed><course>112.226100</course><hAcc>2.683610</hAcc><vAcc>-1.000000</vAcc></extensions></trkpt>
      <trkpt lon="-117.331144" lat="33.979190"><ele>0.000000</ele><time>2025-10-10T00:41:58Z</time><extensions><speed>0.195188</speed><course>120.661108</course><hAcc>2.680069</hAcc><vAcc>-1.000000</vAcc></extensions></trkpt>
      <trkpt lon="-117.331142" lat="33.979190"><ele>0.000000</ele><time>2025-10-10T00:41:59Z</time><extensions><speed>0.163897</speed><course>126.215970</course><hAcc>2.676308</hAcc><vAcc>-1.000000</vAcc></extensions></trkpt>
      <trkpt lon="-117.331142" lat="33.979189"><ele>0.000000</ele><time>2025-10-10T00:42:00Z</time><extensions><speed>0.095297</speed><course>136.826622</course><hAcc>2.666069</hAcc><vAcc>-1.000000</vAcc></extensions></trkpt>
      <trkpt lon="-117.331142" lat="33.979189"><ele>0.000000</ele><time>2025-10-10T00:42:01Z</time><extensions><speed>0.024580</speed><course>234.274085</course><hAcc>2.640251</hAcc><vAcc>-1.000000</vAcc></extensions></trkpt>
      <trkpt lon="-117.331144" lat="33.979189"><ele>0.000000</ele><time>2025-10-10T00:42:02Z</time><extensions><speed>0.146740</speed><course>296.470958</course><hAcc>2.582581</hAcc><vAcc>-1.000000</vAcc></extensions></trkpt>
      <trkpt lon="-117.331147" lat="33.979191"><ele>0.000000</ele><time>2025-10-10T00:42:03Z</time><extensions><speed>0.302844</speed><course>305.063502</course><hAcc>2.469050</hAcc><vAcc>-1.000000</vAcc></extensions></trkpt>
      <trkpt lon="-117.331151" lat="33.979193"><ele>0.000000</ele><time>2025-10-10T00:42:04Z</time><extensions><speed>0.448517</speed><course>313.126365</course><hAcc>2.272164</hAcc><vAcc>-1.000000</vAcc></extensions></trkpt>
      <trkpt lon="-117.331156" lat="33.979197"><ele>0.000000</ele><time>2025-10-10T00:42:05Z</time><extensions><speed>0.546140</speed><course>326.838883</course><hAcc>1.981594</hAcc><vAcc>-1.000000</vAcc></extensions></trkpt>
      <trkpt lon="-117.331158" lat="33.979202"><ele>0.000000</ele><time>2025-10-10T00:42:06Z</time><extensions><speed>0.603440</speed><course>359.005777</course><hAcc>1.685550</hAcc><vAcc>-1.000000</vAcc></extensions></trkpt>
      <trkpt lon="-117.331155" lat="33.979207"><ele>0.000000</ele><time>2025-10-10T00:42:07Z</time><extensions><speed>0.951130</speed><course>41.634545</course><hAcc>1.535969</hAcc><vAcc>-1.000000</vAcc></extensions></trkpt>
      <trkpt lon="-117.331147" lat="33.979212"><ele>0.000000</ele><time>2025-10-10T00:42:08Z</time><extensions><speed>1.421918</speed><course>59.487408</course><hAcc>1.531604</hAcc><vAcc>-1.000000</vAcc></extensions></trkpt>
      <trkpt lon="-117.331132" lat="33.979217"><ele>0.000000</ele><time>2025-10-10T00:42:09Z</time><extensions><speed>1.626515</speed><course>77.356653</course><hAcc>1.509893</hAcc><vAcc>-1.000000</vAcc></extensions></trkpt>
      <trkpt lon="-117.331115" lat="33.979220"><ele>0.000000</ele><time>2025-10-10T00:42:10Z</time><extensions><speed>1.641905</speed><course>76.009751</course><hAcc>1.488083</hAcc><vAcc>-1.000000</vAcc></extensions></trkpt>
      <trkpt lon="-117.331097" lat="33.979223"><ele>0.000000</ele><time>2025-10-10T00:42:11Z</time><extensions><speed>1.633766</speed><course>84.598739</course><hAcc>1.473028</hAcc><vAcc>-1.000000</vAcc></extensions></trkpt>
      <trkpt lon="-117.331081" lat="33.979225"><ele>0.000000</ele><time>2025-10-10T00:42:12Z</time><extensions><speed>1.429286</speed><course>80.389929</course><hAcc>1.465173</hAcc><vAcc>-1.000000</vAcc></extensions></trkpt>
      <trkpt lon="-117.331069" lat="33.979227"><ele>0.000000</ele><time>2025-10-10T00:42:13Z</time><extensions><speed>0.768480</speed><course>70.255167</course><hAcc>1.472148</hAcc><vAcc>-1.000000</vAcc></extensions></trkpt>
      <trkpt lon="-117.331062" lat="33.979230"><ele>0.000000</ele><time>2025-10-10T00:42:14Z</time><extensions><speed>0.747414</speed><course>51.938909</course><hAcc>1.482989</hAcc><vAcc>-1.000000</vAcc></extensions></trkpt>
      <trkpt lon="-117.331054" lat="33.979234"><ele>0.000000</ele><time>2025-10-10T00:42:16Z</time><extensions><speed>0.573056</speed><course>72.726765</course><hAcc>1.515607</hAcc><vAcc>-1.000000</vAcc></extensions></trkpt>
      <trkpt lon="-117.331047" lat="33.979235"><ele>0.000000</ele><time>2025-10-10T00:42:17Z</time><extensions><speed>0.665855</speed><course>80.863265</course><hAcc>1.600591</hAcc><vAcc>-1.000000</vAcc></extensions></trkpt>
      <trkpt lon="-117.331039" lat="33.979236"><ele>0.000000</ele><time>2025-10-10T00:42:18Z</time><extensions><speed>0.773557</speed><course>85.661463</course><hAcc>2.070096</hAcc><vAcc>-1.000000</vAcc></extensions></trkpt>
      <trkpt lon="-117.331030" lat="33.979236"><ele>0.000000</ele><time>2025-10-10T00:42:19Z</time><extensions><speed>0.873598</speed><course>88.366191</course><hAcc>2.699181</hAcc><vAcc>-1.000000</vAcc></extensions></trkpt>
      <trkpt lon="-117.331019" lat="33.979236"><ele>0.000000</ele><time>2025-10-10T00:42:20Z</time><extensions><speed>0.957360</speed><course>89.896701</course><hAcc>3.288949</hAcc><vAcc>-1.000000</vAcc></extensions></trkpt>
      <trkpt lon="-117.331007" lat="33.979236"><ele>0.000000</ele><time>2025-10-10T00:42:21Z</time><extensions><speed>1.023334</speed><course>90.764880</course><hAcc>3.774247</hAcc><vAcc>-1.000000</vAcc></extensions></trkpt>
      <trkpt lon="-117.330995" lat="33.979236"><ele>0.000000</ele><time>2025-10-10T00:42:22Z</time><extensions><speed>1.073147</speed><course>91.247441</course><hAcc>4.147522</hAcc><vAcc>-1.000000</vAcc></extensions></trkpt>
      <trkpt lon="-117.330982" lat="33.979236"><ele>0.000000</ele><time>2025-10-10T00:42:23Z</time><extensions><speed>1.109524</speed><course>91.498858</course><hAcc>4.421881</hAcc><vAcc>-1.000000</vAcc></extensions></trkpt>
      <trkpt lon="-117.330969" lat="33.979235"><ele>0.000000</ele><time>2025-10-10T00:42:24Z</time><extensions><speed>1.135310</speed><course>91.609457</course><hAcc>4.616399</hAcc><vAcc>-1.000000</vAcc></extensions></trkpt>
      <trkpt lon="-117.330956" lat="33.979235"><ele>0.000000</ele><time>2025-10-10T00:42:25Z</time><extensions><speed>1.153048</speed><course>91.634440</course><hAcc>4.750038</hAcc><vAcc>-1.000000</vAcc></extensions></trkpt>
      <trkpt lon="-117.330942" lat="33.979235"><ele>0.000000</ele><time>2025-10-10T00:42:26Z</time><extensions><speed>1.164843</speed><course>91.608723</course><hAcc>4.839233</hAcc><vAcc>-1.000000</vAcc></extensions></trkpt>
      <trkpt lon="-117.330928" lat="33.979234"><ele>0.000000</ele><time>2025-10-10T00:42:27Z</time><extensions><speed>1.172351</speed><course>91.554871</course><hAcc>4.897162</hAcc><vAcc>-1.000000</vAcc></extensions></trkpt>
      <trkpt lon="-117.330914" lat="33.979234"><ele>0.000000</ele><time>2025-10-10T00:42:28Z</time><extensions><speed>1.176843</speed><course>91.487555</course><hAcc>4.933823</hAcc><vAcc>-1.000000</vAcc></extensions></trkpt>
      <trkpt lon="-117.330900" lat="33.979234"><ele>0.000000</ele><time>2025-10-10T00:42:29Z</time><extensions><speed>1.179265</speed><course>91.416214</course><hAcc>4.956474</hAcc><vAcc>-1.000000</vAcc></extensions></trkpt>
      <trkpt lon="-117.330886" lat="33.979234"><ele>0.000000</ele><time>2025-10-10T00:42:30Z</time><extensions><speed>1.180311</speed><course>91.346735</course><hAcc>4.970177</hAcc><vAcc>-1.000000</vAcc></extensions></trkpt>
      <trkpt lon="-117.330872" lat="33.979233"><ele>0.000000</ele><time>2025-10-10T00:42:31Z</time><extensions><speed>1.180479</speed><course>91.282565</course><hAcc>4.978341</hAcc><vAcc>-1.000000</vAcc></extensions></trkpt>
      <trkpt lon="-117.330859" lat="33.979233"><ele>0.000000</ele><time>2025-10-10T00:42:32Z</time><extensions><speed>1.180120</speed><course>91.225490</course><hAcc>4.983182</hAcc><vAcc>-1.000000</vAcc></extensions></trkpt>
      <trkpt lon="-117.330845" lat="33.979233"><ele>0.000000</ele><time>2025-10-10T00:42:33Z</time><extensions><speed>1.179477</speed><course>91.176182</course><hAcc>4.986092</hAcc><vAcc>-1.000000</vAcc></extensions></trkpt>
      <trkpt lon="-117.330831" lat="33.979233"><ele>0.000000</ele><time>2025-10-10T00:42:34Z</time><extensions><speed>1.178714</speed><course>91.134587</course><hAcc>4.987919</hAcc><vAcc>-1.000000</vAcc></extensions></trkpt>
      <trkpt lon="-117.330817" lat="33.979232"><ele>0.000000</ele><time>2025-10-10T00:42:35Z</time><extensions><speed>1.177934</speed><course>91.100214</course><hAcc>4.989162</hAcc><vAcc>-1.000000</vAcc></extensions></trkpt>
      <trkpt lon="-117.330803" lat="33.979232"><ele>0.000000</ele><time>2025-10-10T00:42:36Z</time><extensions><speed>1.177203</speed><course>91.072328</course><hAcc>4.990103</hAcc><vAcc>-1.000000</vAcc></extensions></trkpt>
      <trkpt lon="-117.330789" lat="33.979232"><ele>0.000000</ele><time>2025-10-10T00:42:37Z</time><extensions><speed>1.176556</speed><course>91.050090</course><hAcc>4.990895</hAcc><vAcc>-1.000000</vAcc></extensions></trkpt>
      <trkpt lon="-117.330775" lat="33.979232"><ele>0.000000</ele><time>2025-10-10T00:42:38Z</time><extensions><speed>1.176009</speed><course>91.032644</course><hAcc>4.991620</hAcc><vAcc>-1.000000</vAcc></extensions></trkpt>
      <trkpt lon="-117.330761" lat="33.979232"><ele>0.000000</ele><time>2025-10-10T00:42:39Z</time><extensions><speed>1.175567</speed><course>91.019179</course><hAcc>4.992315</hAcc><vAcc>-1.000000</vAcc></extensions></trkpt>
      <trkpt lon="-117.330748" lat="33.979231"><ele>0.000000</ele><time>2025-10-10T00:42:40Z</time><extensions><speed>1.175225</speed><course>91.008958</course><hAcc>4.993000</hAcc><vAcc>-1.000000</vAcc></extensions></trkpt>
      <trkpt lon="-117.330734" lat="33.979231"><ele>0.000000</ele><time>2025-10-10T00:42:41Z</time><extensions><speed>1.174975</speed><course>91.001333</course><hAcc>4.993681</hAcc><vAcc>-1.000000</vAcc></extensions></trkpt>
      <trkpt lon="-117.330720" lat="33.979231"><ele>0.000000</ele><time>2025-10-10T00:42:42Z</time><extensions><speed>1.174805</speed><course>90.995753</course><hAcc>4.994362</hAcc><vAcc>-1.000000</vAcc></extensions></trkpt>
      <trkpt lon="-117.330706" lat="33.979231"><ele>0.000000</ele><time>2025-10-10T00:42:43Z</time><extensions><speed>1.174705</speed><course>90.991757</course><hAcc>4.995042</hAcc><vAcc>-1.000000</vAcc></extensions></trkpt>
      <trkpt lon="-117.330692" lat="33.979231"><ele>0.000000</ele><time>2025-10-10T00:42:44Z</time><extensions><speed>1.174662</speed><course>90.988968</course><hAcc>4.995722</hAcc><vAcc>-1.000000</vAcc></extensions></trkpt>
      <trkpt lon="-117.330678" lat="33.979230"><ele>0.000000</ele><time>2025-10-10T00:42:45Z</time><extensions><speed>1.174667</speed><course>90.987082</course><hAcc>4.996402</hAcc><vAcc>-1.000000</vAcc></extensions></trkpt>
      <trkpt lon="-117.330665" lat="33.979230"><ele>0.000000</ele><time>2025-10-10T00:42:46Z</time><extensions><speed>1.174710</speed><course>90.985860</course><hAcc>4.997080</hAcc><vAcc>-1.000000</vAcc></extensions></trkpt>
      <trkpt lon="-117.330651" lat="33.979230"><ele>0.000000</ele><time>2025-10-10T00:42:47Z</time><extensions><speed>1.174783</speed><course>90.985115</course><hAcc>4.997757</hAcc><vAcc>-1.000000</vAcc></extensions></trkpt>
      <trkpt lon="-117.330637" lat="33.979230"><ele>0.000000</ele><time>2025-10-10T00:42:48Z</time><extensions><speed>1.174880</speed><course>90.984707</course><hAcc>4.998433</hAcc><vAcc>-1.000000</vAcc></extensions></trkpt>
      <trkpt lon="-117.330623" lat="33.979230"><ele>0.000000</ele><time>2025-10-10T00:42:49Z</time><extensions><speed>1.174995</speed><course>90.984527</course><hAcc>4.999108</hAcc><vAcc>-1.000000</vAcc></extensions></trkpt>
      <trkpt lon="-117.330609" lat="33.979229"><ele>0.000000</ele><time>2025-10-10T00:42:50Z</time><extensions><speed>1.175123</speed><course>90.984496</course><hAcc>4.999782</hAcc><vAcc>-1.000000</vAcc></extensions></trkpt>
      <trkpt lon="-117.330596" lat="33.979229"><ele>0.000000</ele><time>2025-10-10T00:42:51Z</time><extensions><speed>1.175261</speed><course>90.984558</course><hAcc>5.000454</hAcc><vAcc>-1.000000</vAcc></extensions></trkpt>
      <trkpt lon="-117.330582" lat="33.979229"><ele>0.000000</ele><time>2025-10-10T00:42:52Z</time><extensions><speed>1.175406</speed><course>90.984673</course><hAcc>5.001126</hAcc><vAcc>-1.000000</vAcc></extensions></trkpt>
      <trkpt lon="-117.330568" lat="33.979229"><ele>0.000000</ele><time>2025-10-10T00:42:53Z</time><extensions><speed>1.175556</speed><course>90.984811</course><hAcc>5.001797</hAcc><vAcc>-1.000000</vAcc></extensions></trkpt>
      <trkpt lon="-117.330554" lat="33.979229"><ele>0.000000</ele><time>2025-10-10T00:42:54Z</time><extensions><speed>1.175710</speed><course>90.984957</course><hAcc>5.002467</hAcc><vAcc>-1.000000</vAcc></extensions></trkpt>
      <trkpt lon="-117.330540" lat="33.979228"><ele>0.000000</ele><time>2025-10-10T00:42:55Z</time><extensions><speed>1.175866</speed><course>90.985096</course><hAcc>5.003135</hAcc><vAcc>-1.000000</vAcc></extensions></trkpt>
      <trkpt lon="-117.330526" lat="33.979228"><ele>0.000000</ele><time>2025-10-10T00:42:56Z</time><extensions><speed>1.176022</speed><course>90.985224</course><hAcc>5.003803</hAcc><vAcc>-1.000000</vAcc></extensions></trkpt>
      <trkpt lon="-117.330513" lat="33.979228"><ele>0.000000</ele><time>2025-10-10T00:42:57Z</time><extensions><speed>1.176180</speed><course>90.985337</course><hAcc>5.004471</hAcc><vAcc>-1.000000</vAcc></extensions></trkpt>
      <trkpt lon="-117.330499" lat="33.979228"><ele>0.000000</ele><time>2025-10-10T00:42:58Z</time><extensions><speed>1.176338</speed><course>90.985434</course><hAcc>5.005137</hAcc><vAcc>-1.000000</vAcc></extensions></trkpt>
      <trkpt lon="-117.330485" lat="33.979228"><ele>0.000000</ele><time>2025-10-10T00:42:59Z</time><extensions><speed>1.176495</speed><course>90.985515</course><hAcc>5.005802</hAcc><vAcc>-1.000000</vAcc></extensions></trkpt>
      <trkpt lon="-117.330471" lat="33.979227"><ele>0.000000</ele><time>2025-10-10T00:43:00Z</time><extensions><speed>1.176652</speed><course>90.985581</course><hAcc>5.006466</hAcc><vAcc>-1.000000</vAcc></extensions></trkpt>
      <trkpt lon="-117.330457" lat="33.979227"><ele>0.000000</ele><time>2025-10-10T00:43:01Z</time><extensions><speed>1.176809</speed><course>90.985635</course><hAcc>5.007130</hAcc><vAcc>-1.000000</vAcc></extensions></trkpt>
      <trkpt lon="-117.330443" lat="33.979227"><ele>0.000000</ele><time>2025-10-10T00:43:02Z</time><extensions><speed>1.176965</speed><course>90.985677</course><hAcc>5.007793</hAcc><vAcc>-1.000000</vAcc></extensions></trkpt>
      <trkpt lon="-117.330430" lat="33.979227"><ele>0.000000</ele><time>2025-10-10T00:43:03Z</time><extensions><speed>1.177121</speed><course>90.985709</course><hAcc>5.008454</hAcc><vAcc>-1.000000</vAcc></extensions></trkpt>
      <trkpt lon="-117.330416" lat="33.979227"><ele>0.000000</ele><time>2025-10-10T00:43:04Z</time><extensions><speed>1.177276</speed><course>90.985734</course><hAcc>5.009115</hAcc><vAcc>-1.000000</vAcc></extensions></trkpt>
      <trkpt lon="-117.330402" lat="33.979226"><ele>0.000000</ele><time>2025-10-10T00:43:05Z</time><extensions><speed>1.177431</speed><course>90.985753</course><hAcc>5.009775</hAcc><vAcc>-1.000000</vAcc></extensions></trkpt>
      <trkpt lon="-117.330388" lat="33.979226"><ele>0.000000</ele><time>2025-10-10T00:43:06Z</time><extensions><speed>1.177585</speed><course>90.985767</course><hAcc>5.010434</hAcc><vAcc>-1.000000</vAcc></extensions></trkpt>
      <trkpt lon="-117.330374" lat="33.979226"><ele>0.000000</ele><time>2025-10-10T00:43:07Z</time><extensions><speed>1.177739</speed><course>90.985777</course><hAcc>5.011093</hAcc><vAcc>-1.000000</vAcc></extensions></trkpt>
      <trkpt lon="-117.330361" lat="33.979226"><ele>0.000000</ele><time>2025-10-10T00:43:08Z</time><extensions><speed>1.177892</speed><course>90.985784</course><hAcc>5.011750</hAcc><vAcc>-1.000000</vAcc></extensions></trkpt>
      <trkpt lon="-117.330347" lat="33.979226"><ele>0.000000</ele><time>2025-10-10T00:43:09Z</time><extensions><speed>1.178045</speed><course>90.985789</course><hAcc>5.012406</hAcc><vAcc>-1.000000</vAcc></extensions></trkpt>
      <trkpt lon="-117.330333" lat="33.979225"><ele>0.000000</ele><time>2025-10-10T00:43:10Z</time><extensions><speed>1.178197</speed><course>90.985792</course><hAcc>5.013062</hAcc><vAcc>-1.000000</vAcc></extensions></trkpt>
      <trkpt lon="-117.330319" lat="33.979225"><ele>0.000000</ele><time>2025-10-10T00:43:11Z</time><extensions><speed>1.178350</speed><course>90.985794</course><hAcc>5.013717</hAcc><vAcc>-1.000000</vAcc></extensions></trkpt>
      <trkpt lon="-117.330305" lat="33.979225"><ele>0.000000</ele><time>2025-10-10T00:43:12Z</time><extensions><speed>1.178501</speed><course>90.985795</course><hAcc>5.014371</hAcc><vAcc>-1.000000</vAcc></extensions></trkpt>
      <trkpt lon="-117.330291" lat="33.979225"><ele>0.000000</ele><time>2025-10-10T00:43:13Z</time><extensions><speed>1.178653</speed><course>90.985795</course><hAcc>5.015024</hAcc><vAcc>-1.000000</vAcc></extensions></trkpt>
      <trkpt lon="-117.330278" lat="33.979225"><ele>0.000000</ele><time>2025-10-10T00:43:14Z</time><extensions><speed>1.178804</speed><course>90.985795</course><hAcc>5.015676</hAcc><vAcc>-1.000000</vAcc></extensions></trkpt>
      <trkpt lon="-117.330264" lat="33.979224"><ele>0.000000</ele><time>2025-10-10T00:43:15Z</time><extensions><speed>1.178955</speed><course>90.985795</course><hAcc>5.016327</hAcc><vAcc>-1.000000</vAcc></extensions></trkpt>
      <trkpt lon="-117.330250" lat="33.979224"><ele>0.000000</ele><time>2025-10-10T00:43:16Z</time><extensions><speed>1.179105</speed><course>90.985795</course><hAcc>5.016978</hAcc><vAcc>-1.000000</vAcc></extensions></trkpt>
      <trkpt lon="-117.330236" lat="33.979224"><ele>0.000000</ele><time>2025-10-10T00:43:17Z</time><extensions><speed>1.179255</speed><course>90.985794</course><hAcc>5.017627</hAcc><vAcc>-1.000000</vAcc></extensions></trkpt>
      <trkpt lon="-117.330222" lat="33.979224"><ele>0.000000</ele><time>2025-10-10T00:43:18Z</time><extensions><speed>1.179405</speed><course>90.985794</course><hAcc>5.018276</hAcc><vAcc>-1.000000</vAcc></extensions></trkpt>
      <trkpt lon="-117.330209" lat="33.979224"><ele>0.000000</ele><time>2025-10-10T00:43:19Z</time><extensions><speed>1.179554</speed><course>90.985794</course><hAcc>5.018924</hAcc><vAcc>-1.000000</vAcc></extensions></trkpt>
      <trkpt lon="-117.330195" lat="33.979223"><ele>0.000000</ele><time>2025-10-10T00:43:20Z</time><extensions><speed>1.179704</speed><course>90.985793</course><hAcc>5.019571</hAcc><vAcc>-1.000000</vAcc></extensions></trkpt>
      <trkpt lon="-117.330181" lat="33.979223"><ele>0.000000</ele><time>2025-10-10T00:43:21Z</time><extensions><speed>1.179853</speed><course>90.985793</course><hAcc>5.020217</hAcc><vAcc>-1.000000</vAcc></extensions></trkpt>
      <trkpt lon="-117.330167" lat="33.979223"><ele>0.000000</ele><time>2025-10-10T00:43:22Z</time><extensions><speed>1.180001</speed><course>90.985793</course><hAcc>5.020862</hAcc><vAcc>-1.000000</vAcc></extensions></trkpt>
      <trkpt lon="-117.330153" lat="33.979223"><ele>0.000000</ele><time>2025-10-10T00:43:23Z</time><extensions><speed>1.180150</speed><course>90.985793</course><hAcc>5.021506</hAcc><vAcc>-1.000000</vAcc></extensions></trkpt>
      <trkpt lon="-117.330139" lat="33.979223"><ele>0.000000</ele><time>2025-10-10T00:43:24Z</time><extensions><speed>1.180298</speed><course>90.985792</course><hAcc>5.022150</hAcc><vAcc>-1.000000</vAcc></extensions></trkpt>
      <trkpt lon="-117.330126" lat="33.979222"><ele>0.000000</ele><time>2025-10-10T00:43:25Z</time><extensions><speed>1.180445</speed><course>90.985792</course><hAcc>5.022793</hAcc><vAcc>-1.000000</vAcc></extensions></trkpt>
      <trkpt lon="-117.330112" lat="33.979222"><ele>0.000000</ele><time>2025-10-10T00:43:26Z</time><extensions><speed>1.180593</speed><course>90.985792</course><hAcc>5.023434</hAcc><vAcc>-1.000000</vAcc></extensions></trkpt>
      <trkpt lon="-117.330098" lat="33.979222"><ele>0.000000</ele><time>2025-10-10T00:43:27Z</time><extensions><speed>1.180740</speed><course>90.985792</course><hAcc>5.024075</hAcc><vAcc>-1.000000</vAcc></extensions></trkpt>
      <trkpt lon="-117.330084" lat="33.979222"><ele>0.000000</ele><time>2025-10-10T00:43:28Z</time><extensions><speed>1.180887</speed><course>90.985792</course><hAcc>5.024716</hAcc><vAcc>-1.000000</vAcc></extensions></trkpt>
      <trkpt lon="-117.330070" lat="33.979222"><ele>0.000000</ele><time>2025-10-10T00:43:29Z</time><extensions><speed>1.181034</speed><course>90.985792</course><hAcc>5.025355</hAcc><vAcc>-1.000000</vAcc></extensions></trkpt>
      <trkpt lon="-117.330057" lat="33.979221"><ele>0.000000</ele><time>2025-10-10T00:43:30Z</time><extensions><speed>1.181180</speed><course>90.985792</course><hAcc>5.025993</hAcc><vAcc>-1.000000</vAcc></extensions></trkpt>
      <trkpt lon="-117.330043" lat="33.979221"><ele>0.000000</ele><time>2025-10-10T00:43:31Z</time><extensions><speed>1.181326</speed><course>90.985792</course><hAcc>5.026631</hAcc><vAcc>-1.000000</vAcc></extensions></trkpt>
      <trkpt lon="-117.330029" lat="33.979221"><ele>0.000000</ele><time>2025-10-10T00:43:32Z</time><extensions><speed>1.181472</speed><course>90.985792</course><hAcc>5.027268</hAcc><vAcc>-1.000000</vAcc></extensions></trkpt>
      <trkpt lon="-117.330015" lat="33.979221"><ele>0.000000</ele><time>2025-10-10T00:43:33Z</time><extensions><speed>1.181617</speed><course>90.985792</course><hAcc>5.027904</hAcc><vAcc>-1.000000</vAcc></extensions></trkpt>
      <trkpt lon="-117.330001" lat="33.979221"><ele>0.000000</ele><time>2025-10-10T00:43:34Z</time><extensions><speed>1.181762</speed><course>90.985792</course><hAcc>5.028539</hAcc><vAcc>-1.000000</vAcc></extensions></trkpt>
      <trkpt lon="-117.329987" lat="33.979220"><ele>0.000000</ele><time>2025-10-10T00:43:35Z</time><extensions><speed>1.181907</speed><course>90.985792</course><hAcc>5.029173</hAcc><vAcc>-1.000000</vAcc></extensions></trkpt>
      <trkpt lon="-117.329974" lat="33.979220"><ele>0.000000</ele><time>2025-10-10T00:43:36Z</time><extensions><speed>1.182052</speed><course>90.985792</course><hAcc>5.029806</hAcc><vAcc>-1.000000</vAcc></extensions></trkpt>
      <trkpt lon="-117.329960" lat="33.979220"><ele>0.000000</ele><time>2025-10-10T00:43:37Z</time><extensions><speed>1.182196</speed><course>90.985792</course><hAcc>5.030439</hAcc><vAcc>-1.000000</vAcc></extensions></trkpt>
      <trkpt lon="-117.329946" lat="33.979220"><ele>0.000000</ele><time>2025-10-10T00:43:38Z</time><extensions><speed>1.182340</speed><course>90.985792</course><hAcc>5.031071</hAcc><vAcc>-1.000000</vAcc></extensions></trkpt>
      <trkpt lon="-117.329932" lat="33.979220"><ele>0.000000</ele><time>2025-10-10T00:43:39Z</time><extensions><speed>1.182484</speed><course>90.985792</course><hAcc>5.031702</hAcc><vAcc>-1.000000</vAcc></extensions></trkpt>
      <trkpt lon="-117.329918" lat="33.979219"><ele>0.000000</ele><time>2025-10-10T00:43:40Z</time><extensions><speed>1.182628</speed><course>90.985792</course><hAcc>5.032332</hAcc><vAcc>-1.000000</vAcc></extensions></trkpt>
      <trkpt lon="-117.329904" lat="33.979219"><ele>0.000000</ele><time>2025-10-10T00:43:41Z</time><extensions><speed>1.182771</speed><course>90.985792</course><hAcc>5.032961</hAcc><vAcc>-1.000000</vAcc></extensions></trkpt>
      <trkpt lon="-117.329891" lat="33.979219"><ele>0.000000</ele><time>2025-10-10T00:43:42Z</time><extensions><speed>1.182914</speed><course>90.985792</course><hAcc>5.033590</hAcc><vAcc>-1.000000</vAcc></extensions></trkpt>
      <trkpt lon="-117.329877" lat="33.979219"><ele>0.000000</ele><time>2025-10-10T00:43:43Z</time><extensions><speed>1.183057</speed><course>90.985792</course><hAcc>5.034217</hAcc><vAcc>-1.000000</vAcc></extensions></trkpt>
      <trkpt lon="-117.329863" lat="33.979219"><ele>0.000000</ele><time>2025-10-10T00:43:44Z</time><extensions><speed>1.183199</speed><course>90.985792</course><hAcc>5.034844</hAcc><vAcc>-1.000000</vAcc></extensions></trkpt>
      <trkpt lon="-117.329849" lat="33.979218"><ele>0.000000</ele><time>2025-10-10T00:43:45Z</time><extensions><speed>1.183341</speed><course>90.985792</course><hAcc>5.035470</hAcc><vAcc>-1.000000</vAcc></extensions></trkpt>
      <trkpt lon="-117.329835" lat="33.979218"><ele>0.000000</ele><time>2025-10-10T00:43:46Z</time><extensions><speed>1.183483</speed><course>90.985792</course><hAcc>5.036095</hAcc><vAcc>-1.000000</vAcc></extensions></trkpt>
      <trkpt lon="-117.329822" lat="33.979218"><ele>0.000000</ele><time>2025-10-10T00:43:47Z</time><extensions><speed>1.183624</speed><course>90.985792</course><hAcc>5.036719</hAcc><vAcc>-1.000000</vAcc></extensions></trkpt>
      <trkpt lon="-117.329808" lat="33.979218"><ele>0.000000</ele><time>2025-10-10T00:43:48Z</time><extensions><speed>1.183766</speed><course>90.985792</course><hAcc>5.037343</hAcc><vAcc>-1.000000</vAcc></extensions></trkpt>
      <trkpt lon="-117.329794" lat="33.979218"><ele>0.000000</ele><time>2025-10-10T00:43:49Z</time><extensions><speed>1.183907</speed><course>90.985792</course><hAcc>5.037965</hAcc><vAcc>-1.000000</vAcc></extensions></trkpt>
      <trkpt lon="-117.329780" lat="33.979217"><ele>0.000000</ele><time>2025-10-10T00:43:50Z</time><extensions><speed>1.184048</speed><course>90.985792</course><hAcc>5.038587</hAcc><vAcc>-1.000000</vAcc></extensions></trkpt>
      <trkpt lon="-117.329766" lat="33.979217"><ele>0.000000</ele><time>2025-10-10T00:43:51Z</time><extensions><speed>1.184188</speed><course>90.985792</course><hAcc>5.039208</hAcc><vAcc>-1.000000</vAcc></extensions></trkpt>
      <trkpt lon="-117.329752" lat="33.979217"><ele>0.000000</ele><time>2025-10-10T00:43:52Z</time><extensions><speed>1.184328</speed><course>90.985792</course><hAcc>5.039829</hAcc><vAcc>-1.000000</vAcc></extensions></trkpt>
      <trkpt lon="-117.329739" lat="33.979217"><ele>0.000000</ele><time>2025-10-10T00:43:53Z</time><extensions><speed>1.184468</speed><course>90.985792</course><hAcc>5.040448</hAcc><vAcc>-1.000000</vAcc></extensions></trkpt>
      <trkpt lon="-117.329725" lat="33.979217"><ele>0.000000</ele><time>2025-10-10T00:43:54Z</time><extensions><speed>1.184608</speed><course>90.985792</course><hAcc>5.041066</hAcc><vAcc>-1.000000</vAcc></extensions></trkpt>
      <trkpt lon="-117.329711" lat="33.979216"><ele>0.000000</ele><time>2025-10-10T00:43:55Z</time><extensions><speed>1.184747</speed><course>90.985792</course><hAcc>5.041684</hAcc><vAcc>-1.000000</vAcc></extensions></trkpt>
      <trkpt lon="-117.329695" lat="33.979216"><ele>0.000000</ele><time>2025-10-10T00:43:56Z</time><extensions><speed>1.207607</speed><course>90.985792</course><hAcc>4.999729</hAcc><vAcc>-1.000000</vAcc></extensions></trkpt>
      <trkpt lon="-117.329682" lat="33.979217"><ele>0.000000</ele><time>2025-10-10T00:43:57Z</time><extensions><speed>1.201211</speed><course>88.856480</course><hAcc>4.948783</hAcc><vAcc>-1.000000</vAcc></extensions></trkpt>
      <trkpt lon="-117.329668" lat="33.979219"><ele>0.000000</ele><time>2025-10-10T00:43:58Z</time><extensions><speed>1.206229</speed><course>85.915850</course><hAcc>4.867990</hAcc><vAcc>-1.000000</vAcc></extensions></trkpt>
      <trkpt lon="-117.329655" lat="33.979221"><ele>0.000000</ele><time>2025-10-10T00:43:59Z</time><extensions><speed>1.190238</speed><course>83.687949</course><hAcc>4.772742</hAcc><vAcc>-1.000000</vAcc></extensions></trkpt>
      <trkpt lon="-117.329642" lat="33.979226"><ele>0.000000</ele><time>2025-10-10T00:44:00Z</time><extensions><speed>1.171569</speed><course>78.498623</course><hAcc>4.566514</hAcc><vAcc>-1.000000</vAcc></extensions></trkpt>
      <trkpt lon="-117.329630" lat="33.979230"><ele>0.000000</ele><time>2025-10-10T00:44:01Z</time><extensions><speed>1.135844</speed><course>73.703125</course><hAcc>4.274138</hAcc><vAcc>-1.000000</vAcc></extensions></trkpt>
      <trkpt lon="-117.329618" lat="33.979236"><ele>0.000000</ele><time>2025-10-10T00:44:02Z</time><extensions><speed>1.097187</speed><course>68.681165</course><hAcc>3.901381</hAcc><vAcc>-1.000000</vAcc></extensions></trkpt>
      <trkpt lon="-117.329606" lat="33.979242"><ele>0.000000</ele><time>2025-10-10T00:44:03Z</time><extensions><speed>1.058951</speed><course>64.565249</course><hAcc>3.454090</hAcc><vAcc>-1.000000</vAcc></extensions></trkpt>
      <trkpt lon="-117.329596" lat="33.979246"><ele>0.000000</ele><time>2025-10-10T00:44:04Z</time><extensions><speed>0.943822</speed><course>63.316653</course><hAcc>3.161933</hAcc><vAcc>-1.000000</vAcc></extensions></trkpt>
      <trkpt lon="-117.329588" lat="33.979250"><ele>0.000000</ele><time>2025-10-10T00:44:05Z</time><extensions><speed>0.774464</speed><course>65.094698</course><hAcc>2.985997</hAcc><vAcc>-1.000000</vAcc></extensions></trkpt>
      <trkpt lon="-117.329583" lat="33.979252"><ele>0.000000</ele><time>2025-10-10T00:44:05Z</time><extensions><speed>0.675462</speed><course>68.690843</course><hAcc>2.930096</hAcc><vAcc>-1.000000</vAcc></extensions></trkpt>
      <trkpt lon="-117.329573" lat="33.979254"><ele>0.000000</ele><time>2025-10-10T00:44:06Z</time><extensions><speed>1.284974</speed><course>77.817662</course><hAcc>2.904574</hAcc><vAcc>-1.000000</vAcc></extensions></trkpt>
      <trkpt lon="-117.329560" lat="33.979256"><ele>0.000000</ele><time>2025-10-10T00:44:07Z</time><extensions><speed>1.116471</speed><course>87.704299</course><hAcc>2.878428</hAcc><vAcc>-1.000000</vAcc></extensions></trkpt>
      <trkpt lon="-117.329548" lat="33.979256"><ele>0.000000</ele><time>2025-10-10T00:44:08Z</time><extensions><speed>1.037887</speed><course>88.457062</course><hAcc>2.843515</hAcc><vAcc>-1.000000</vAcc></extensions></trkpt>
      <trkpt lon="-117.329534" lat="33.979256"><ele>0.000000</ele><time>2025-10-10T00:44:10Z</time><extensions><speed>0.976387</speed><course>89.275861</course><hAcc>2.819477</hAcc><vAcc>-1.000000</vAcc></extensions></trkpt>
      <trkpt lon="-117.329523" lat="33.979256"><ele>0.000000</ele><time>2025-10-10T00:44:11Z</time><extensions><speed>0.969156</speed><course>89.808158</course><hAcc>2.816363</hAcc><vAcc>-1.000000</vAcc></extensions></trkpt>
      <trkpt lon="-117.329512" lat="33.979256"><ele>0.000000</ele><time>2025-10-10T00:44:12Z</time><extensions><speed>0.973674</speed><course>89.715938</course><hAcc>2.810863</hAcc><vAcc>-1.000000</vAcc></extensions></trkpt>
      <trkpt lon="-117.329501" lat="33.979257"><ele>0.000000</ele><time>2025-10-10T00:44:13Z</time><extensions><speed>0.983702</speed><course>89.770414</course><hAcc>2.817354</hAcc><vAcc>-1.000000</vAcc></extensions></trkpt>
      <trkpt lon="-117.329493" lat="33.979257"><ele>0.000000</ele><time>2025-10-10T00:44:14Z</time><extensions><speed>0.470967</speed><course>84.654333</course><hAcc>2.867655</hAcc><vAcc>-1.000000</vAcc></extensions></trkpt>
      <trkpt lon="-117.329490" lat="33.979257"><ele>0.000000</ele><time>2025-10-10T00:44:15Z</time><extensions><speed>0.139990</speed><course>59.955897</course><hAcc>3.180611</hAcc><vAcc>-1.000000</vAcc></extensions></trkpt>
      <trkpt lon="-117.329489" lat="33.979258"><ele>0.000000</ele><time>2025-10-10T00:44:16Z</time><extensions><speed>0.139086</speed><course>308.032002</course><hAcc>3.705075</hAcc><vAcc>-1.000000</vAcc></extensions></trkpt>
      <trkpt lon="-117.329490" lat="33.979259"><ele>0.000000</ele><time>2025-10-10T00:44:17Z</time><extensions><speed>0.275627</speed><course>289.808370</course><hAcc>4.297843</hAcc><vAcc>-1.000000</vAcc></extensions></trkpt>
      <trkpt lon="-117.329492" lat="33.979260"><ele>0.000000</ele><time>2025-10-10T00:44:18Z</time><extensions><speed>0.366356</speed><course>285.105182</course><hAcc>4.866382</hAcc><vAcc>-1.000000</vAcc></extensions></trkpt>
      <trkpt lon="-117.329495" lat="33.979261"><ele>0.000000</ele><time>2025-10-10T00:44:19Z</time><extensions><speed>0.421187</speed><course>282.848823</course><hAcc>5.369877</hAcc><vAcc>-1.000000</vAcc></extensions></trkpt>
      <trkpt lon="-117.329497" lat="33.979262"><ele>0.000000</ele><time>2025-10-10T00:44:20Z</time><extensions><speed>0.451545</speed><course>281.411571</course><hAcc>5.796387</hAcc><vAcc>-1.000000</vAcc></extensions></trkpt>
      <trkpt lon="-117.329500" lat="33.979263"><ele>0.000000</ele><time>2025-10-10T00:44:21Z</time><extensions><speed>0.465767</speed><course>280.328136</course><hAcc>6.147777</hAcc><vAcc>-1.000000</vAcc></extensions></trkpt>
      <trkpt lon="-117.329503" lat="33.979263"><ele>0.000000</ele><time>2025-10-10T00:44:22Z</time><extensions><speed>0.469648</speed><course>279.421567</course><hAcc>6.431819</hAcc><vAcc>-1.000000</vAcc></extensions></trkpt>
      <trkpt lon="-117.329506" lat="33.979264"><ele>0.000000</ele><time>2025-10-10T00:44:23Z</time><extensions><speed>0.467141</speed><course>278.614458</course><hAcc>6.658242</hAcc><vAcc>-1.000000</vAcc></extensions></trkpt>
      <trkpt lon="-117.329508" lat="33.979265"><ele>0.000000</ele><time>2025-10-10T00:44:24Z</time><extensions><speed>0.460903</speed><course>277.871017</course><hAcc>6.836807</hAcc><vAcc>-1.000000</vAcc></extensions></trkpt>
      <trkpt lon="-117.329510" lat="33.979265"><ele>0.000000</ele><time>2025-10-10T00:44:25Z</time><extensions><speed>0.452696</speed><course>277.174936</course><hAcc>6.976425</hAcc><vAcc>-1.000000</vAcc></extensions></trkpt>
      <trkpt lon="-117.329512" lat="33.979266"><ele>0.000000</ele><time>2025-10-10T00:44:26Z</time><extensions><speed>0.443666</speed><course>276.519536</course><hAcc>7.084825</hAcc><vAcc>-1.000000</vAcc></extensions></trkpt>
      <trkpt lon="-117.329514" lat="33.979266"><ele>0.000000</ele><time>2025-10-10T00:44:27Z</time><extensions><speed>0.434540</speed><course>275.902859</course><hAcc>7.168491</hAcc><vAcc>-1.000000</vAcc></extensions></trkpt>
      <trkpt lon="-117.329516" lat="33.979267"><ele>0.000000</ele><time>2025-10-10T00:44:28Z</time><extensions><speed>0.425762</speed><course>275.325054</course><hAcc>7.232744</hAcc><vAcc>-1.000000</vAcc></extensions></trkpt>
      <trkpt lon="-117.329518" lat="33.979267"><ele>0.000000</ele><time>2025-10-10T00:44:29Z</time><extensions><speed>0.417588</speed><course>274.786939</course><hAcc>7.281877</hAcc><vAcc>-1.000000</vAcc></extensions></trkpt>
      <trkpt lon="-117.329519" lat="33.979268"><ele>0.000000</ele><time>2025-10-10T00:44:30Z</time><extensions><speed>0.410148</speed><course>274.289219</course><hAcc>7.319308</hAcc><vAcc>-1.000000</vAcc></extensions></trkpt>
      <trkpt lon="-117.329521" lat="33.979268"><ele>0.000000</ele><time>2025-10-10T00:44:31Z</time><extensions><speed>0.403492</speed><course>273.832111</course><hAcc>7.347733</hAcc><vAcc>-1.000000</vAcc></extensions></trkpt>
      <trkpt lon="-117.329522" lat="33.979268"><ele>0.000000</ele><time>2025-10-10T00:44:32Z</time><extensions><speed>0.397617</speed><course>273.415196</course><hAcc>7.369258</hAcc><vAcc>-1.000000</vAcc></extensions></trkpt>
      <trkpt lon="-117.329523" lat="33.979268"><ele>0.000000</ele><time>2025-10-10T00:44:33Z</time><extensions><speed>0.392492</speed><course>273.037422</course><hAcc>7.385518</hAcc><vAcc>-1.000000</vAcc></extensions></trkpt>
      <trkpt lon="-117.329524" lat="33.979269"><ele>0.000000</ele><time>2025-10-10T00:44:34Z</time><extensions><speed>0.388067</speed><course>272.697186</course><hAcc>7.397775</hAcc><vAcc>-1.000000</vAcc></extensions></trkpt>
      <trkpt lon="-117.329525" lat="33.979269"><ele>0.000000</ele><time>2025-10-10T00:44:35Z</time><extensions><speed>0.384284</speed><course>272.392449</course><hAcc>7.406998</hAcc><vAcc>-1.000000</vAcc></extensions></trkpt>
      <trkpt lon="-117.329526" lat="33.979269"><ele>0.000000</ele><time>2025-10-10T00:44:36Z</time><extensions><speed>0.381082</speed><course>272.120869</course><hAcc>7.413925</hAcc><vAcc>-1.000000</vAcc></extensions></trkpt>
      <trkpt lon="-117.329527" lat="33.979269"><ele>0.000000</ele><time>2025-10-10T00:44:37Z</time><extensions><speed>0.378400</speed><course>271.879916</course><hAcc>7.419122</hAcc><vAcc>-1.000000</vAcc></extensions></trkpt>
      <trkpt lon="-117.329528" lat="33.979269"><ele>0.000000</ele><time>2025-10-10T00:44:38Z</time><extensions><speed>0.376180</speed><course>271.666982</course><hAcc>7.423015</hAcc><vAcc>-1.000000</vAcc></extensions></trkpt>
      <trkpt lon="-117.329529" lat="33.979269"><ele>0.000000</ele><time>2025-10-10T00:44:39Z</time><extensions><speed>0.374369</speed><course>271.479469</course><hAcc>7.425929</hAcc><vAcc>-1.000000</vAcc></extensions></trkpt>
      <trkpt lon="-117.329530" lat="33.979269"><ele>0.000000</ele><time>2025-10-10T00:44:40Z</time><extensions><speed>0.372919</speed><course>271.314847</course><hAcc>7.428107</hAcc><vAcc>-1.000000</vAcc></extensions></trkpt>
      <trkpt lon="-117.329530" lat="33.979269"><ele>0.000000</ele><time>2025-10-10T00:44:41Z</time><extensions><speed>0.371783</speed><course>271.170712</course><hAcc>7.429735</hAcc><vAcc>-1.000000</vAcc></extensions></trkpt>
      <trkpt lon="-117.329531" lat="33.979269"><ele>0.000000</ele><time>2025-10-10T00:44:42Z</time><extensions><speed>0.370924</speed><course>271.044809</course><hAcc>7.430950</hAcc><vAcc>-1.000000</vAcc></extensions></trkpt>
      <trkpt lon="-117.329532" lat="33.979269"><ele>0.000000</ele><time>2025-10-10T00:44:43Z</time><extensions><speed>0.370305</speed><course>270.935056</course><hAcc>7.431857</hAcc><vAcc>-1.000000</vAcc></extensions></trkpt>
      <trkpt lon="-117.329533" lat="33.979269"><ele>0.000000</ele><time>2025-10-10T00:44:44Z</time><extensions><speed>0.369895</speed><course>270.839549</course><hAcc>7.432533</hAcc><vAcc>-1.000000</vAcc></extensions></trkpt>
      <trkpt lon="-117.329533" lat="33.979270"><ele>0.000000</ele><time>2025-10-10T00:44:45Z</time><extensions><speed>0.369668</speed><course>270.756565</course><hAcc>7.433037</hAcc><vAcc>-1.000000</vAcc></extensions></trkpt>
      <trkpt lon="-117.329534" lat="33.979270"><ele>0.000000</ele><time>2025-10-10T00:44:46Z</time><extensions><speed>0.369598</speed><course>270.684556</course><hAcc>7.433413</hAcc><vAcc>-1.000000</vAcc></extensions></trkpt>
      <trkpt lon="-117.329535" lat="33.979270"><ele>0.000000</ele><time>2025-10-10T00:44:47Z</time><extensions><speed>0.369666</speed><course>270.622139</course><hAcc>7.433692</hAcc><vAcc>-1.000000</vAcc></extensions></trkpt>
      <trkpt lon="-117.329536" lat="33.979270"><ele>0.000000</ele><time>2025-10-10T00:44:48Z</time><extensions><speed>0.369852</speed><course>270.568087</course><hAcc>7.433901</hAcc><vAcc>-1.000000</vAcc></extensions></trkpt>
      <trkpt lon="-117.329536" lat="33.979270"><ele>0.000000</ele><time>2025-10-10T00:44:49Z</time><extensions><speed>0.370141</speed><course>270.521316</course><hAcc>7.434056</hAcc><vAcc>-1.000000</vAcc></extensions></trkpt>
      <trkpt lon="-117.329537" lat="33.979270"><ele>0.000000</ele><time>2025-10-10T00:44:50Z</time><extensions><speed>0.370519</speed><course>270.480871</course><hAcc>7.434171</hAcc><vAcc>-1.000000</vAcc></extensions></trkpt>
      <trkpt lon="-117.329538" lat="33.979270"><ele>0.000000</ele><time>2025-10-10T00:44:51Z</time><extensions><speed>0.370974</speed><course>270.445916</course><hAcc>7.434257</hAcc><vAcc>-1.000000</vAcc></extensions></trkpt>
      <trkpt lon="-117.329538" lat="33.979270"><ele>0.000000</ele><time>2025-10-10T00:44:52Z</time><extensions><speed>0.371496</speed><course>270.415717</course><hAcc>7.434321</hAcc><vAcc>-1.000000</vAcc></extensions></trkpt>
      <trkpt lon="-117.329539" lat="33.979270"><ele>0.000000</ele><time>2025-10-10T00:44:53Z</time><extensions><speed>0.372074</speed><course>270.389636</course><hAcc>7.434368</hAcc><vAcc>-1.000000</vAcc></extensions></trkpt>
      <trkpt lon="-117.329540" lat="33.979270"><ele>0.000000</ele><time>2025-10-10T00:44:54Z</time><extensions><speed>0.372703</speed><course>270.367116</course><hAcc>7.434404</hAcc><vAcc>-1.000000</vAcc></extensions></trkpt>
      <trkpt lon="-117.329540" lat="33.979270"><ele>0.000000</ele><time>2025-10-10T00:44:55Z</time><extensions><speed>0.373374</speed><course>270.347674</course><hAcc>7.434430</hAcc><vAcc>-1.000000</vAcc></extensions></trkpt>
      <trkpt lon="-117.329541" lat="33.979270"><ele>0.000000</ele><time>2025-10-10T00:44:56Z</time><extensions><speed>0.374082</speed><course>270.330889</course><hAcc>7.434450</hAcc><vAcc>-1.000000</vAcc></extensions></trkpt>
      <trkpt lon="-117.329541" lat="33.979270"><ele>0.000000</ele><time>2025-10-10T00:44:57Z</time><extensions><speed>0.374823</speed><course>270.316398</course><hAcc>7.434464</hAcc><vAcc>-1.000000</vAcc></extensions></trkpt>
      <trkpt lon="-117.329542" lat="33.979270"><ele>0.000000</ele><time>2025-10-10T00:44:58Z</time><extensions><speed>0.375590</speed><course>270.303886</course><hAcc>7.434475</hAcc><vAcc>-1.000000</vAcc></extensions></trkpt>
      <trkpt lon="-117.329543" lat="33.979270"><ele>0.000000</ele><time>2025-10-10T00:44:59Z</time><extensions><speed>0.376382</speed><course>270.293080</course><hAcc>7.434483</hAcc><vAcc>-1.000000</vAcc></extensions></trkpt>
      <trkpt lon="-117.329543" lat="33.979270"><ele>0.000000</ele><time>2025-10-10T00:45:00Z</time><extensions><speed>0.377194</speed><course>270.283746</course><hAcc>7.434489</hAcc><vAcc>-1.000000</vAcc></extensions></trkpt>
      <trkpt lon="-117.329544" lat="33.979270"><ele>0.000000</ele><time>2025-10-10T00:45:01Z</time><extensions><speed>0.378023</speed><course>270.275678</course><hAcc>7.434493</hAcc><vAcc>-1.000000</vAcc></extensions></trkpt>
      <trkpt lon="-117.329545" lat="33.979270"><ele>0.000000</ele><time>2025-10-10T00:45:02Z</time><extensions><speed>0.378868</speed><course>270.268703</course><hAcc>7.434497</hAcc><vAcc>-1.000000</vAcc></extensions></trkpt>
      <trkpt lon="-117.329545" lat="33.979270"><ele>0.000000</ele><time>2025-10-10T00:45:03Z</time><extensions><speed>0.379726</speed><course>270.262668</course><hAcc>7.434499</hAcc><vAcc>-1.000000</vAcc></extensions></trkpt>
      <trkpt lon="-117.329546" lat="33.979270"><ele>0.000000</ele><time>2025-10-10T00:45:04Z</time><extensions><speed>0.380596</speed><course>270.257444</course><hAcc>7.434501</hAcc><vAcc>-1.000000</vAcc></extensions></trkpt>
      <trkpt lon="-117.329547" lat="33.979270"><ele>0.000000</ele><time>2025-10-10T00:45:05Z</time><extensions><speed>0.381475</speed><course>270.252917</course><hAcc>7.434502</hAcc><vAcc>-1.000000</vAcc></extensions></trkpt>
      <trkpt lon="-117.329547" lat="33.979270"><ele>0.000000</ele><time>2025-10-10T00:45:06Z</time><extensions><speed>0.382363</speed><course>270.248990</course><hAcc>7.434503</hAcc><vAcc>-1.000000</vAcc></extensions></trkpt>
      <trkpt lon="-117.329548" lat="33.979270"><ele>0.000000</ele><time>2025-10-10T00:45:07Z</time><extensions><speed>0.383258</speed><course>270.245580</course><hAcc>7.434504</hAcc><vAcc>-1.000000</vAcc></extensions></trkpt>
      <trkpt lon="-117.329548" lat="33.979270"><ele>0.000000</ele><time>2025-10-10T00:45:08Z</time><extensions><speed>0.384159</speed><course>270.242615</course><hAcc>7.434505</hAcc><vAcc>-1.000000</vAcc></extensions></trkpt>
      <trkpt lon="-117.329549" lat="33.979270"><ele>0.000000</ele><time>2025-10-10T00:45:09Z</time><extensions><speed>0.385066</speed><course>270.240034</course><hAcc>7.434505</hAcc><vAcc>-1.000000</vAcc></extensions></trkpt>
      <trkpt lon="-117.329550" lat="33.979270"><ele>0.000000</ele><time>2025-10-10T00:45:10Z</time><extensions><speed>0.385977</speed><course>270.237782</course><hAcc>7.434505</hAcc><vAcc>-1.000000</vAcc></extensions></trkpt>
      <trkpt lon="-117.329550" lat="33.979270"><ele>0.000000</ele><time>2025-10-10T00:45:11Z</time><extensions><speed>0.386892</speed><course>270.235813</course><hAcc>7.434506</hAcc><vAcc>-1.000000</vAcc></extensions></trkpt>
      <trkpt lon="-117.329551" lat="33.979270"><ele>0.000000</ele><time>2025-10-10T00:45:12Z</time><extensions><speed>0.387811</speed><course>270.234090</course><hAcc>7.434506</hAcc><vAcc>-1.000000</vAcc></extensions></trkpt>
      <trkpt lon="-117.329552" lat="33.979270"><ele>0.000000</ele><time>2025-10-10T00:45:13Z</time><extensions><speed>0.388733</speed><course>270.232576</course><hAcc>7.434506</hAcc><vAcc>-1.000000</vAcc></extensions></trkpt>
      <trkpt lon="-117.329552" lat="33.979270"><ele>0.000000</ele><time>2025-10-10T00:45:14Z</time><extensions><speed>0.389657</speed><course>270.231244</course><hAcc>7.434506</hAcc><vAcc>-1.000000</vAcc></extensions></trkpt>
      <trkpt lon="-117.329553" lat="33.979270"><ele>0.000000</ele><time>2025-10-10T00:45:15Z</time><extensions><speed>0.390584</speed><course>270.230067</course><hAcc>7.434506</hAcc><vAcc>-1.000000</vAcc></extensions></trkpt>
      <trkpt lon="-117.329553" lat="33.979270"><ele>0.000000</ele><time>2025-10-10T00:45:16Z</time><extensions><speed>0.391512</speed><course>270.229025</course><hAcc>7.434506</hAcc><vAcc>-1.000000</vAcc></extensions></trkpt>
      <trkpt lon="-117.329554" lat="33.979270"><ele>0.000000</ele><time>2025-10-10T00:45:17Z</time><extensions><speed>0.392442</speed><course>270.228098</course><hAcc>7.434506</hAcc><vAcc>-1.000000</vAcc></extensions></trkpt>
      <trkpt lon="-117.329555" lat="33.979270"><ele>0.000000</ele><time>2025-10-10T00:45:18Z</time><extensions><speed>0.393374</speed><course>270.227271</course><hAcc>7.434506</hAcc><vAcc>-1.000000</vAcc></extensions></trkpt>
      <trkpt lon="-117.329555" lat="33.979270"><ele>0.000000</ele><time>2025-10-10T00:45:19Z</time><extensions><speed>0.394307</speed><course>270.226530</course><hAcc>7.434506</hAcc><vAcc>-1.000000</vAcc></extensions></trkpt>
      <trkpt lon="-117.329555" lat="33.979270"><ele>0.000000</ele><time>2025-10-10T00:45:20Z</time><extensions><speed>0.393261</speed><course>270.226414</course><hAcc>7.393286</hAcc><vAcc>-1.000000</vAcc></extensions></trkpt>
      <trkpt lon="-117.329528" lat="33.979270"><ele>0.000000</ele><time>2025-10-10T00:45:21Z</time><extensions><speed>0.094992</speed><course>270.650095</course><hAcc>6.629187</hAcc><vAcc>-1.000000</vAcc></extensions></trkpt>
      <trkpt lon="-117.329519" lat="33.979270"><ele>0.000000</ele><time>2025-10-10T00:45:22Z</time><extensions><speed>0.007029</speed><course>277.701631</course><hAcc>6.248083</hAcc><vAcc>-1.000000</vAcc></extensions></trkpt>
      <trkpt lon="-117.329513" lat="33.979270"><ele>0.000000</ele><time>2025-10-10T00:45:23Z</time><extensions><speed>0.021263</speed><course>87.551165</course><hAcc>5.919255</hAcc><vAcc>-1.000000</vAcc></extensions></trkpt>
      <trkpt lon="-117.329509" lat="33.979270"><ele>0.000000</ele><time>2025-10-10T00:45:24Z</time><extensions><speed>0.004465</speed><course>77.645849</course><hAcc>5.588845</hAcc><vAcc>-1.000000</vAcc></extensions></trkpt>
      <trkpt lon="-117.329507" lat="33.979270"><ele>0.000000</ele><time>2025-10-10T00:45:25Z</time><extensions><speed>0.059798</speed><course>271.042725</course><hAcc>5.244536</hAcc><vAcc>-1.000000</vAcc></extensions></trkpt>
      <trkpt lon="-117.329507" lat="33.979270"><ele>0.000000</ele><time>2025-10-10T00:45:26Z</time><extensions><speed>0.180053</speed><course>270.421452</course><hAcc>4.897880</hAcc><vAcc>-1.000000</vAcc></extensions></trkpt>
      <trkpt lon="-117.329510" lat="33.979270"><ele>0.000000</ele><time>2025-10-10T00:45:27Z</time><extensions><speed>0.372098</speed><course>270.260839</course><hAcc>4.582537</hAcc><vAcc>-1.000000</vAcc></extensions></trkpt>
      <trkpt lon="-117.329515" lat="33.979270"><ele>0.000000</ele><time>2025-10-10T00:45:28Z</time><extensions><speed>0.659942</speed><course>270.194674</course><hAcc>4.340062</hAcc><vAcc>-1.000000</vAcc></extensions></trkpt>
      <trkpt lon="-117.329524" lat="33.979270"><ele>0.000000</ele><time>2025-10-10T00:45:29Z</time><extensions><speed>1.077948</speed><course>270.161255</course><hAcc>4.164906</hAcc><vAcc>-1.000000</vAcc></extensions></trkpt>
      <trkpt lon="-117.329528" lat="33.979270"><ele>0.000000</ele><time>2025-10-10T00:45:29Z</time><extensions><speed>1.124496</speed><course>270.159333</course><hAcc>4.106982</hAcc><vAcc>-1.000000</vAcc></extensions></trkpt>
      <trkpt lon="-117.329538" lat="33.979270"><ele>0.000000</ele><time>2025-10-10T00:45:30Z</time><extensions><speed>0.660638</speed><course>270.205601</course><hAcc>3.807037</hAcc><vAcc>-1.000000</vAcc></extensions></trkpt>
      <trkpt lon="-117.329543" lat="33.979270"><ele>0.000000</ele><time>2025-10-10T00:45:31Z</time><extensions><speed>0.345094</speed><course>270.311926</course><hAcc>3.430508</hAcc><vAcc>-1.000000</vAcc></extensions></trkpt>
      <trkpt lon="-117.329546" lat="33.979270"><ele>0.000000</ele><time>2025-10-10T00:45:32Z</time><extensions><speed>0.147581</speed><course>270.616437</course><hAcc>3.147773</hAcc><vAcc>-1.000000</vAcc></extensions></trkpt>
      <trkpt lon="-117.329547" lat="33.979270"><ele>0.000000</ele><time>2025-10-10T00:45:33Z</time><extensions><speed>0.036763</speed><course>272.242387</course><hAcc>2.990344</hAcc><vAcc>-1.000000</vAcc></extensions></trkpt>
      <trkpt lon="-117.329547" lat="33.979270"><ele>0.000000</ele><time>2025-10-10T00:45:34Z</time><extensions><speed>0.015078</speed><course>84.742822</course><hAcc>2.925528</hAcc><vAcc>-1.000000</vAcc></extensions></trkpt>
      <trkpt lon="-117.329547" lat="33.979270"><ele>0.000000</ele><time>2025-10-10T00:45:35Z</time><extensions><speed>0.029630</speed><course>87.330928</course><hAcc>2.909580</hAcc><vAcc>-1.000000</vAcc></extensions></trkpt>
      <trkpt lon="-117.329547" lat="33.979270"><ele>0.000000</ele><time>2025-10-10T00:45:36Z</time><extensions><speed>0.023153</speed><course>86.516593</course><hAcc>2.912109</hAcc><vAcc>-1.000000</vAcc></extensions></trkpt>
      <trkpt lon="-117.329547" lat="33.979270"><ele>0.000000</ele><time>2025-10-10T00:45:37Z</time><extensions><speed>0.006707</speed><course>77.555328</course><hAcc>2.918149</hAcc><vAcc>-1.000000</vAcc></extensions></trkpt>
      <trkpt lon="-117.329547" lat="33.979270"><ele>0.000000</ele><time>2025-10-10T00:45:38Z</time><extensions><speed>0.013217</speed><course>276.450500</course><hAcc>2.922502</hAcc><vAcc>-1.000000</vAcc></extensions></trkpt>
      <trkpt lon="-117.329547" lat="33.979270"><ele>0.000000</ele><time>2025-10-10T00:45:39Z</time><extensions><speed>0.031989</speed><course>272.723510</course><hAcc>2.924457</hAcc><vAcc>-1.000000</vAcc></extensions></trkpt>
      <trkpt lon="-117.329547" lat="33.979270"><ele>0.000000</ele><time>2025-10-10T00:45:40Z</time><extensions><speed>0.047989</speed><course>271.849098</course><hAcc>2.924730</hAcc><vAcc>-1.000000</vAcc></extensions></trkpt>
      <trkpt lon="-117.329548" lat="33.979270"><ele>0.000000</ele><time>2025-10-10T00:45:41Z</time><extensions><speed>0.060537</speed><course>271.486020</course><hAcc>2.924142</hAcc><vAcc>-1.000000</vAcc></extensions></trkpt>
      <trkpt lon="-117.329549" lat="33.979270"><ele>0.000000</ele><time>2025-10-10T00:45:42Z</time><extensions><speed>0.069731</speed><course>271.302488</course><hAcc>2.923234</hAcc><vAcc>-1.000000</vAcc></extensions></trkpt>
      <trkpt lon="-117.329550" lat="33.979270"><ele>0.000000</ele><time>2025-10-10T00:45:43Z</time><extensions><speed>0.076046</speed><course>271.201831</course><hAcc>2.922271</hAcc><vAcc>-1.000000</vAcc></extensions></trkpt>
      <trkpt lon="-117.329551" lat="33.979270"><ele>0.000000</ele><time>2025-10-10T00:45:44Z</time><extensions><speed>0.080092</speed><course>271.145472</course><hAcc>2.921342</hAcc><vAcc>-1.000000</vAcc></extensions></trkpt>
      <trkpt lon="-117.329551" lat="33.979270"><ele>0.000000</ele><time>2025-10-10T00:45:45Z</time><extensions><speed>0.082469</speed><course>271.114761</course><hAcc>2.920460</hAcc><vAcc>-1.000000</vAcc></extensions></trkpt>
      <trkpt lon="-117.329552" lat="33.979270"><ele>0.000000</ele><time>2025-10-10T00:45:46Z</time><extensions><speed>0.083699</speed><course>271.099408</course><hAcc>2.919608</hAcc><vAcc>-1.000000</vAcc></extensions></trkpt>
      <trkpt lon="-117.329553" lat="33.979270"><ele>0.000000</ele><time>2025-10-10T00:45:47Z</time><extensions><speed>0.084196</speed><course>271.093194</course><hAcc>2.918771</hAcc><vAcc>-1.000000</vAcc></extensions></trkpt>
      <trkpt lon="-117.329554" lat="33.979270"><ele>0.000000</ele><time>2025-10-10T00:45:48Z</time><extensions><speed>0.084265</speed><course>271.092161</course><hAcc>2.917935</hAcc><vAcc>-1.000000</vAcc></extensions></trkpt>
      <trkpt lon="-117.329555" lat="33.979270"><ele>0.000000</ele><time>2025-10-10T00:45:49Z</time><extensions><speed>0.084118</speed><course>271.093754</course><hAcc>2.917097</hAcc><vAcc>-1.000000</vAcc></extensions></trkpt>
      <trkpt lon="-117.329556" lat="33.979270"><ele>0.000000</ele><time>2025-10-10T00:45:50Z</time><extensions><speed>0.083891</speed><course>271.096358</course><hAcc>2.916252</hAcc><vAcc>-1.000000</vAcc></extensions></trkpt>
      <trkpt lon="-117.329557" lat="33.979270"><ele>0.000000</ele><time>2025-10-10T00:45:51Z</time><extensions><speed>0.083664</speed><course>271.099015</course><hAcc>2.915402</hAcc><vAcc>-1.000000</vAcc></extensions></trkpt>
      <trkpt lon="-117.329558" lat="33.979270"><ele>0.000000</ele><time>2025-10-10T00:45:52Z</time><extensions><speed>0.083477</speed><course>271.101221</course><hAcc>2.914545</hAcc><vAcc>-1.000000</vAcc></extensions></trkpt>
      <trkpt lon="-117.329559" lat="33.979270"><ele>0.000000</ele><time>2025-10-10T00:45:53Z</time><extensions><speed>0.083346</speed><course>271.102772</course><hAcc>2.913683</hAcc><vAcc>-1.000000</vAcc></extensions></trkpt>
      <trkpt lon="-117.329560" lat="33.979270"><ele>0.000000</ele><time>2025-10-10T00:45:54Z</time><extensions><speed>0.077977</speed><course>271.183724</course><hAcc>2.910218</hAcc><vAcc>-1.000000</vAcc></extensions></trkpt>
      <trkpt lon="-117.329560" lat="33.979271"><ele>0.000000</ele><time>2025-10-10T00:45:55Z</time><extensions><speed>0.064527</speed><course>271.440623</course><hAcc>2.902119</hAcc><vAcc>-1.000000</vAcc></extensions></trkpt>
      <trkpt lon="-117.329561" lat="33.979271"><ele>0.000000</ele><time>2025-10-10T00:45:56Z</time><extensions><speed>0.049952</speed><course>271.874489</course><hAcc>2.890243</hAcc><vAcc>-1.000000</vAcc></extensions></trkpt>
      <trkpt lon="-117.329561" lat="33.979271"><ele>0.000000</ele><time>2025-10-10T00:45:57Z</time><extensions><speed>0.026137</speed><course>273.589484</course><hAcc>2.864363</hAcc><vAcc>-1.000000</vAcc></extensions></trkpt>
      <trkpt lon="-117.329561" lat="33.979271"><ele>0.000000</ele><time>2025-10-10T00:45:58Z</time><extensions><speed>0.009494</speed><course>80.158455</course><hAcc>2.811529</hAcc><vAcc>-1.000000</vAcc></extensions></trkpt>
      <trkpt lon="-117.329560" lat="33.979271"><ele>0.000000</ele><time>2025-10-10T00:45:59Z</time><extensions><speed>0.054364</speed><course>88.336816</course><hAcc>2.713278</hAcc><vAcc>-1.000000</vAcc></extensions></trkpt>
      <trkpt lon="-117.329557" lat="33.979271"><ele>0.000000</ele><time>2025-10-10T00:46:00Z</time><extensions><speed>0.107950</speed><course>89.201830</course><hAcc>2.548684</hAcc><vAcc>-1.000000</vAcc></extensions></trkpt>
      <trkpt lon="-117.329554" lat="33.979271"><ele>0.000000</ele><time>2025-10-10T00:46:01Z</time><extensions><speed>0.147379</speed><course>89.462240</course><hAcc>2.307594</hAcc><vAcc>-1.000000</vAcc></extensions></trkpt>
      <trkpt lon="-117.329553" lat="33.979271"><ele>0.000000</ele><time>2025-10-10T00:46:02Z</time><extensions><speed>0.070364</speed><course>88.943413</course><hAcc>2.075008</hAcc><vAcc>-1.000000</vAcc></extensions></trkpt>
      <trkpt lon="-117.329553" lat="33.979271"><ele>0.000000</ele><time>2025-10-10T00:46:03Z</time><extensions><speed>0.118537</speed><course>270.582918</course><hAcc>1.935463</hAcc><vAcc>-1.000000</vAcc></extensions></trkpt>
      <trkpt lon="-117.329553" lat="33.979271"><ele>0.000000</ele><time>2025-10-10T00:46:03Z</time><extensions><speed>0.121081</speed><course>270.569312</course><hAcc>1.925822</hAcc><vAcc>-1.000000</vAcc></extensions></trkpt>
      <trkpt lon="-117.329557" lat="33.979271"><ele>0.000000</ele><time>2025-10-10T00:46:04Z</time><extensions><speed>0.524554</speed><course>270.134010</course><hAcc>1.983335</hAcc><vAcc>-1.000000</vAcc></extensions></trkpt>
      <trkpt lon="-117.329563" lat="33.979271"><ele>0.000000</ele><time>2025-10-10T00:46:05Z</time><extensions><speed>0.510837</speed><course>270.137185</course><hAcc>1.966486</hAcc><vAcc>-1.000000</vAcc></extensions></trkpt>
      <trkpt lon="-117.329568" lat="33.979271"><ele>0.000000</ele><time>2025-10-10T00:46:06Z</time><extensions><speed>0.488417</speed><course>270.139988</course><hAcc>1.948959</hAcc><vAcc>-1.000000</vAcc></extensions></trkpt>
      <trkpt lon="-117.329573" lat="33.979271"><ele>0.000000</ele><time>2025-10-10T00:46:07Z</time><extensions><speed>0.426139</speed><course>270.143161</course><hAcc>1.941601</hAcc><vAcc>-1.000000</vAcc></extensions></trkpt>
      <trkpt lon="-117.329577" lat="33.979271"><ele>0.000000</ele><time>2025-10-10T00:46:08Z</time><extensions><speed>0.398451</speed><course>270.146761</course><hAcc>1.947973</hAcc><vAcc>-1.000000</vAcc></extensions></trkpt>
      <trkpt lon="-117.329585" lat="33.979271"><ele>0.000000</ele><time>2025-10-10T00:46:10Z</time><extensions><speed>0.629665</speed><course>270.137643</course><hAcc>2.007019</hAcc><vAcc>-1.000000</vAcc></extensions></trkpt>
      <trkpt lon="-117.329591" lat="33.979271"><ele>0.000000</ele><time>2025-10-10T00:46:11Z</time><extensions><speed>0.639215</speed><course>270.136396</course><hAcc>2.059392</hAcc><vAcc>-1.000000</vAcc></extensions></trkpt>
      <trkpt lon="-117.329597" lat="33.979271"><ele>0.000000</ele><time>2025-10-10T00:46:12Z</time><extensions><speed>0.472025</speed><course>270.162044</course><hAcc>2.192550</hAcc><vAcc>-1.000000</vAcc></extensions></trkpt>
      <trkpt lon="-117.329601" lat="33.979271"><ele>0.000000</ele><time>2025-10-10T00:46:13Z</time><extensions><speed>0.337755</speed><course>270.200765</course><hAcc>2.682775</hAcc><vAcc>-1.000000</vAcc></extensions></trkpt>
      <trkpt lon="-117.329604" lat="33.979271"><ele>0.000000</ele><time>2025-10-10T00:46:14Z</time><extensions><speed>0.234364</speed><course>270.260411</course><hAcc>3.383317</hAcc><vAcc>-1.000000</vAcc></extensions></trkpt>
      <trkpt lon="-117.329605" lat="33.979271"><ele>0.000000</ele><time>2025-10-10T00:46:15Z</time><extensions><speed>0.158005</speed><course>270.353909</course><hAcc>4.111268</hAcc><vAcc>-1.000000</vAcc></extensions></trkpt>
      <trkpt lon="-117.329606" lat="33.979271"><ele>0.000000</ele><time>2025-10-10T00:46:16Z</time><extensions><speed>0.104130</speed><course>270.501259</course><hAcc>4.778467</hAcc><vAcc>-1.000000</vAcc></extensions></trkpt>
      <trkpt lon="-117.329606" lat="33.979271"><ele>0.000000</ele><time>2025-10-10T00:46:17Z</time><extensions><speed>0.068194</speed><course>270.727064</course><hAcc>5.354013</hAcc><vAcc>-1.000000</vAcc></extensions></trkpt>
      <trkpt lon="-117.329605" lat="33.979271"><ele>0.000000</ele><time>2025-10-10T00:46:18Z</time><extensions><speed>0.046067</speed><course>271.038124</course><hAcc>5.833312</hAcc><vAcc>-1.000000</vAcc></extensions></trkpt>
      <trkpt lon="-117.329604" lat="33.979271"><ele>0.000000</ele><time>2025-10-10T00:46:19Z</time><extensions><speed>0.034210</speed><course>271.365239</course><hAcc>6.223201</hAcc><vAcc>-1.000000</vAcc></extensions></trkpt>
      <trkpt lon="-117.329603" lat="33.979271"><ele>0.000000</ele><time>2025-10-10T00:46:20Z</time><extensions><speed>0.029723</speed><course>271.549194</course><hAcc>6.534942</hAcc><vAcc>-1.000000</vAcc></extensions></trkpt>
      <trkpt lon="-117.329602" lat="33.979271"><ele>0.000000</ele><time>2025-10-10T00:46:21Z</time><extensions><speed>0.030314</speed><course>271.507922</course><hAcc>6.780849</hAcc><vAcc>-1.000000</vAcc></extensions></trkpt>
      <trkpt lon="-117.329601" lat="33.979271"><ele>0.000000</ele><time>2025-10-10T00:46:22Z</time><extensions><speed>0.034219</speed><course>271.332262</course><hAcc>6.972665</hAcc><vAcc>-1.000000</vAcc></extensions></trkpt>
      <trkpt lon="-117.329600" lat="33.979271"><ele>0.000000</ele><time>2025-10-10T00:46:23Z</time><extensions><speed>0.040121</speed><course>271.136607</course><hAcc>7.120858</hAcc><vAcc>-1.000000</vAcc></extensions></trkpt>
      <trkpt lon="-117.329599" lat="33.979271"><ele>0.000000</ele><time>2025-10-10T00:46:24Z</time><extensions><speed>0.047058</speed><course>270.970951</course><hAcc>7.234374</hAcc><vAcc>-1.000000</vAcc></extensions></trkpt>
      <trkpt lon="-117.329598" lat="33.979271"><ele>0.000000</ele><time>2025-10-10T00:46:25Z</time><extensions><speed>0.054349</speed><course>270.842969</course><hAcc>7.320651</hAcc><vAcc>-1.000000</vAcc></extensions></trkpt>
      <trkpt lon="-117.329598" lat="33.979271"><ele>0.000000</ele><time>2025-10-10T00:46:26Z</time><extensions><speed>0.061529</speed><course>270.746712</course><hAcc>7.385740</hAcc><vAcc>-1.000000</vAcc></extensions></trkpt>
      <trkpt lon="-117.329597" lat="33.979271"><ele>0.000000</ele><time>2025-10-10T00:46:27Z</time><extensions><speed>0.068291</speed><course>270.674467</course><hAcc>7.434489</hAcc><vAcc>-1.000000</vAcc></extensions></trkpt>
      <trkpt lon="-117.329596" lat="33.979271"><ele>0.000000</ele><time>2025-10-10T00:46:28Z</time><extensions><speed>0.074449</speed><course>270.619882</course><hAcc>7.470729</hAcc><vAcc>-1.000000</vAcc></extensions></trkpt>
      <trkpt lon="-117.329596" lat="33.979271"><ele>0.000000</ele><time>2025-10-10T00:46:29Z</time><extensions><speed>0.079902</speed><course>270.578289</course><hAcc>7.497455</hAcc><vAcc>-1.000000</vAcc></extensions></trkpt>
      <trkpt lon="-117.329596" lat="33.979271"><ele>0.000000</ele><time>2025-10-10T00:46:30Z</time><extensions><speed>0.084609</speed><course>270.546365</course><hAcc>7.516983</hAcc><vAcc>-1.000000</vAcc></extensions></trkpt>
      <trkpt lon="-117.329595" lat="33.979271"><ele>0.000000</ele><time>2025-10-10T00:46:31Z</time><extensions><speed>0.088569</speed><course>270.521754</course><hAcc>7.531096</hAcc><vAcc>-1.000000</vAcc></extensions></trkpt>
      <trkpt lon="-117.329595" lat="33.979271"><ele>0.000000</ele><time>2025-10-10T00:46:32Z</time><extensions><speed>0.091808</speed><course>270.502773</course><hAcc>7.541151</hAcc><vAcc>-1.000000</vAcc></extensions></trkpt>
      <trkpt lon="-117.329595" lat="33.979271"><ele>0.000000</ele><time>2025-10-10T00:46:33Z</time><extensions><speed>0.094369</speed><course>270.488204</course><hAcc>7.548176</hAcc><vAcc>-1.000000</vAcc></extensions></trkpt>
      <trkpt lon="-117.329595" lat="33.979271"><ele>0.000000</ele><time>2025-10-10T00:46:34Z</time><extensions><speed>0.096304</speed><course>270.477154</course><hAcc>7.552948</hAcc><vAcc>-1.000000</vAcc></extensions></trkpt>
      <trkpt lon="-117.329595" lat="33.979271"><ele>0.000000</ele><time>2025-10-10T00:46:35Z</time><extensions><speed>0.097669</speed><course>270.468959</course><hAcc>7.556049</hAcc><vAcc>-1.000000</vAcc></extensions></trkpt>
      <trkpt lon="-117.329595" lat="33.979271"><ele>0.000000</ele><time>2025-10-10T00:46:36Z</time><extensions><speed>0.098521</speed><course>270.463120</course><hAcc>7.557913</hAcc><vAcc>-1.000000</vAcc></extensions></trkpt>
      <trkpt lon="-117.329595" lat="33.979271"><ele>0.000000</ele><time>2025-10-10T00:46:37Z</time><extensions><speed>0.098914</speed><course>270.459257</course><hAcc>7.558864</hAcc><vAcc>-1.000000</vAcc></extensions></trkpt>
      <trkpt lon="-117.329595" lat="33.979271"><ele>0.000000</ele><time>2025-10-10T00:46:38Z</time><extensions><speed>0.098902</speed><course>270.457077</course><hAcc>7.559142</hAcc><vAcc>-1.000000</vAcc></extensions></trkpt>
      <trkpt lon="-117.329596" lat="33.979271"><ele>0.000000</ele><time>2025-10-10T00:46:39Z</time><extensions><speed>0.098532</speed><course>270.456357</course><hAcc>7.558924</hAcc><vAcc>-1.000000</vAcc></extensions></trkpt>
      <trkpt lon="-117.329596" lat="33.979271"><ele>0.000000</ele><time>2025-10-10T00:46:40Z</time><extensions><speed>0.097848</speed><course>270.456924</course><hAcc>7.558342</hAcc><vAcc>-1.000000</vAcc></extensions></trkpt>
      <trkpt lon="-117.329596" lat="33.979271"><ele>0.000000</ele><time>2025-10-10T00:46:41Z</time><extensions><speed>0.096889</speed><course>270.458643</course><hAcc>7.557493</hAcc><vAcc>-1.000000</vAcc></extensions></trkpt>
      <trkpt lon="-117.329596" lat="33.979271"><ele>0.000000</ele><time>2025-10-10T00:46:42Z</time><extensions><speed>0.095690</speed><course>270.461414</course><hAcc>7.556446</hAcc><vAcc>-1.000000</vAcc></extensions></trkpt>
      <trkpt lon="-117.329596" lat="33.979271"><ele>0.000000</ele><time>2025-10-10T00:46:43Z</time><extensions><speed>0.094283</speed><course>270.465161</course><hAcc>7.555255</hAcc><vAcc>-1.000000</vAcc></extensions></trkpt>
      <trkpt lon="-117.329596" lat="33.979271"><ele>0.000000</ele><time>2025-10-10T00:46:44Z</time><extensions><speed>0.092696</speed><course>270.469829</course><hAcc>7.553957</hAcc><vAcc>-1.000000</vAcc></extensions></trkpt>
      <trkpt lon="-117.329597" lat="33.979271"><ele>0.000000</ele><time>2025-10-10T00:46:45Z</time><extensions><speed>0.090951</speed><course>270.475384</course><hAcc>7.552581</hAcc><vAcc>-1.000000</vAcc></extensions></trkpt>
      <trkpt lon="-117.329597" lat="33.979271"><ele>0.000000</ele><time>2025-10-10T00:46:46Z</time><extensions><speed>0.089071</speed><course>270.481805</course><hAcc>7.551147</hAcc><vAcc>-1.000000</vAcc></extensions></trkpt>
      <trkpt lon="-117.329597" lat="33.979271"><ele>0.000000</ele><time>2025-10-10T00:46:47Z</time><extensions><speed>0.087072</speed><course>270.489087</course><hAcc>7.549670</hAcc><vAcc>-1.000000</vAcc></extensions></trkpt>
      <trkpt lon="-117.329597" lat="33.979271"><ele>0.000000</ele><time>2025-10-10T00:46:48Z</time><extensions><speed>0.084972</speed><course>270.497239</course><hAcc>7.548161</hAcc><vAcc>-1.000000</vAcc></extensions></trkpt>
      <trkpt lon="-117.329598" lat="33.979271"><ele>0.000000</ele><time>2025-10-10T00:46:49Z</time><extensions><speed>0.082783</speed><course>270.506282</course><hAcc>7.546627</hAcc><vAcc>-1.000000</vAcc></extensions></trkpt>
      <trkpt lon="-117.329598" lat="33.979271"><ele>0.000000</ele><time>2025-10-10T00:46:50Z</time><extensions><speed>0.080518</speed><course>270.516252</course><hAcc>7.545075</hAcc><vAcc>-1.000000</vAcc></extensions></trkpt>
      <trkpt lon="-117.329598" lat="33.979271"><ele>0.000000</ele><time>2025-10-10T00:46:51Z</time><extensions><speed>0.078186</speed><course>270.527196</course><hAcc>7.543509</hAcc><vAcc>-1.000000</vAcc></extensions></trkpt>
      <trkpt lon="-117.329598" lat="33.979271"><ele>0.000000</ele><time>2025-10-10T00:46:52Z</time><extensions><speed>0.075795</speed><course>270.539180</course><hAcc>7.541933</hAcc><vAcc>-1.000000</vAcc></extensions></trkpt>
      <trkpt lon="-117.329599" lat="33.979271"><ele>0.000000</ele><time>2025-10-10T00:46:53Z</time><extensions><speed>0.073354</speed><course>270.552281</course><hAcc>7.540347</hAcc><vAcc>-1.000000</vAcc></extensions></trkpt>
      <trkpt lon="-117.329599" lat="33.979271"><ele>0.000000</ele><time>2025-10-10T00:46:54Z</time><extensions><speed>0.070869</speed><course>270.566597</course><hAcc>7.538754</hAcc><vAcc>-1.000000</vAcc></extensions></trkpt>
      <trkpt lon="-117.329599" lat="33.979271"><ele>0.000000</ele><time>2025-10-10T00:46:55Z</time><extensions><speed>0.068345</speed><course>270.582247</course><hAcc>7.537156</hAcc><vAcc>-1.000000</vAcc></extensions></trkpt>
      <trkpt lon="-117.329600" lat="33.979271"><ele>0.000000</ele><time>2025-10-10T00:46:56Z</time><extensions><speed>0.065787</speed><course>270.599372</course><hAcc>7.535553</hAcc><vAcc>-1.000000</vAcc></extensions></trkpt>
      <trkpt lon="-117.329600" lat="33.979271"><ele>0.000000</ele><time>2025-10-10T00:46:57Z</time><extensions><speed>0.063199</speed><course>270.618145</course><hAcc>7.533945</hAcc><vAcc>-1.000000</vAcc></extensions></trkpt>
      <trkpt lon="-117.329600" lat="33.979271"><ele>0.000000</ele><time>2025-10-10T00:46:58Z</time><extensions><speed>0.060583</speed><course>270.638772</course><hAcc>7.532333</hAcc><vAcc>-1.000000</vAcc></extensions></trkpt>
      <trkpt lon="-117.329600" lat="33.979271"><ele>0.000000</ele><time>2025-10-10T00:46:59Z</time><extensions><speed>0.057944</speed><course>270.661503</course><hAcc>7.530718</hAcc><vAcc>-1.000000</vAcc></extensions></trkpt>
      <trkpt lon="-117.329601" lat="33.979271"><ele>0.000000</ele><time>2025-10-10T00:47:00Z</time><extensions><speed>0.055283</speed><course>270.686639</course><hAcc>7.529100</hAcc><vAcc>-1.000000</vAcc></extensions></trkpt>
      <trkpt lon="-117.329601" lat="33.979271"><ele>0.000000</ele><time>2025-10-10T00:47:01Z</time><extensions><speed>0.052603</speed><course>270.714551</course><hAcc>7.527478</hAcc><vAcc>-1.000000</vAcc></extensions></trkpt>
      <trkpt lon="-117.329601" lat="33.979271"><ele>0.000000</ele><time>2025-10-10T00:47:02Z</time><extensions><speed>0.049905</speed><course>270.745692</course><hAcc>7.525854</hAcc><vAcc>-1.000000</vAcc></extensions></trkpt>
      <trkpt lon="-117.329602" lat="33.979271"><ele>0.000000</ele><time>2025-10-10T00:47:03Z</time><extensions><speed>0.047191</speed><course>270.780629</course><hAcc>7.524227</hAcc><vAcc>-1.000000</vAcc></extensions></trkpt>
      <trkpt lon="-117.329602" lat="33.979271"><ele>0.000000</ele><time>2025-10-10T00:47:04Z</time><extensions><speed>0.044463</speed><course>270.820073</course><hAcc>7.522596</hAcc><vAcc>-1.000000</vAcc></extensions></trkpt>
      <trkpt lon="-117.329602" lat="33.979271"><ele>0.000000</ele><time>2025-10-10T00:47:05Z</time><extensions><speed>0.041720</speed><course>270.864927</course><hAcc>7.520964</hAcc><vAcc>-1.000000</vAcc></extensions></trkpt>
      <trkpt lon="-117.329602" lat="33.979271"><ele>0.000000</ele><time>2025-10-10T00:47:06Z</time><extensions><speed>0.038965</speed><course>270.916360</course><hAcc>7.519328</hAcc><vAcc>-1.000000</vAcc></extensions></trkpt>
      <trkpt lon="-117.329603" lat="33.979271"><ele>0.000000</ele><time>2025-10-10T00:47:07Z</time><extensions><speed>0.036198</speed><course>270.975910</course><hAcc>7.517690</hAcc><vAcc>-1.000000</vAcc></extensions></trkpt>
      <trkpt lon="-117.329603" lat="33.979271"><ele>0.000000</ele><time>2025-10-10T00:47:08Z</time><extensions><speed>0.033420</speed><course>271.045635</course><hAcc>7.516049</hAcc><vAcc>-1.000000</vAcc></extensions></trkpt>
      <trkpt lon="-117.329603" lat="33.979271"><ele>0.000000</ele><time>2025-10-10T00:47:09Z</time><extensions><speed>0.030566</speed><course>271.129689</course><hAcc>7.505104</hAcc><vAcc>-1.000000</vAcc></extensions></trkpt>
      <trkpt lon="-117.329604" lat="33.979271"><ele>0.000000</ele><time>2025-10-10T00:47:10Z</time><extensions><speed>0.030819</speed><course>271.207396</course><hAcc>7.519334</hAcc><vAcc>-1.000000</vAcc></extensions></trkpt>
      <trkpt lon="-117.329604" lat="33.979271"><ele>0.000000</ele><time>2025-10-10T00:47:11Z</time><extensions><speed>0.032536</speed><course>271.270255</course><hAcc>7.534681</hAcc><vAcc>-1.000000</vAcc></extensions></trkpt>
      <trkpt lon="-117.329605" lat="33.979271"><ele>0.000000</ele><time>2025-10-10T00:47:12Z</time><extensions><speed>0.034236</speed><course>271.343759</course><hAcc>7.540513</hAcc><vAcc>-1.000000</vAcc></extensions></trkpt>
      <trkpt lon="-117.329605" lat="33.979271"><ele>0.000000</ele><time>2025-10-10T00:47:13Z</time><extensions><speed>0.036470</speed><course>271.426608</course><hAcc>7.526256</hAcc><vAcc>-1.000000</vAcc></extensions></trkpt>
      <trkpt lon="-117.329606" lat="33.979271"><ele>0.000000</ele><time>2025-10-10T00:47:14Z</time><extensions><speed>0.039538</speed><course>271.509569</course><hAcc>7.466718</hAcc><vAcc>-1.000000</vAcc></extensions></trkpt>
      <trkpt lon="-117.329607" lat="33.979271"><ele>0.000000</ele><time>2025-10-10T00:47:15Z</time><extensions><speed>0.041806</speed><course>271.602065</course><hAcc>7.372395</hAcc><vAcc>-1.000000</vAcc></extensions></trkpt>
      <trkpt lon="-117.329607" lat="33.979271"><ele>0.000000</ele><time>2025-10-10T00:47:16Z</time><extensions><speed>0.044341</speed><course>271.648265</course><hAcc>7.247660</hAcc><vAcc>-1.000000</vAcc></extensions></trkpt>
      <trkpt lon="-117.329607" lat="33.979271"><ele>0.000000</ele><time>2025-10-10T00:47:17Z</time><extensions><speed>0.046726</speed><course>271.687514</course><hAcc>6.986791</hAcc><vAcc>-1.000000</vAcc></extensions></trkpt>
      <trkpt lon="-117.329608" lat="33.979271"><ele>0.000000</ele><time>2025-10-10T00:47:18Z</time><extensions><speed>0.049903</speed><course>271.532051</course><hAcc>6.708910</hAcc><vAcc>-1.000000</vAcc></extensions></trkpt>
      <trkpt lon="-117.329608" lat="33.979271"><ele>0.000000</ele><time>2025-10-10T00:47:18Z</time><extensions><speed>0.049950</speed><course>271.593858</course><hAcc>6.265630</hAcc><vAcc>-1.000000</vAcc></extensions></trkpt>
      <trkpt lon="-117.329607" lat="33.979271"><ele>0.000000</ele><time>2025-10-10T00:47:19Z</time><extensions><speed>0.070880</speed><course>270.711234</course><hAcc>5.879436</hAcc><vAcc>-1.000000</vAcc></extensions></trkpt>
      <trkpt lon="-117.329607" lat="33.979271"><ele>0.000000</ele><time>2025-10-10T00:47:20Z</time><extensions><speed>0.063790</speed><course>270.638760</course><hAcc>5.473687</hAcc><vAcc>-1.000000</vAcc></extensions></trkpt>
      <trkpt lon="-117.329606" lat="33.979271"><ele>0.000000</ele><time>2025-10-10T00:47:22Z</time><extensions><speed>0.126945</speed><course>270.332392</course><hAcc>5.026580</hAcc><vAcc>-1.000000</vAcc></extensions></trkpt>
      <trkpt lon="-117.329603" lat="33.979271"><ele>0.000000</ele><time>2025-10-10T00:47:23Z</time><extensions><speed>0.168308</speed><course>270.257191</course><hAcc>4.182185</hAcc><vAcc>-1.000000</vAcc></extensions></trkpt>
      <trkpt lon="-117.329604" lat="33.979271"><ele>0.000000</ele><time>2025-10-10T00:47:24Z</time><extensions><speed>0.164983</speed><course>270.197249</course><hAcc>4.058438</hAcc><vAcc>-1.000000</vAcc></extensions></trkpt>
      <trkpt lon="-117.329606" lat="33.979271"><ele>0.000000</ele><time>2025-10-10T00:47:25Z</time><extensions><speed>0.256062</speed><course>270.166029</course><hAcc>3.947378</hAcc><vAcc>-1.000000</vAcc></extensions></trkpt>
      <trkpt lon="-117.329607" lat="33.979271"><ele>0.000000</ele><time>2025-10-10T00:47:26Z</time><extensions><speed>0.208964</speed><course>270.159762</course><hAcc>3.856431</hAcc><vAcc>-1.000000</vAcc></extensions></trkpt>
      <trkpt lon="-117.329609" lat="33.979271"><ele>0.000000</ele><time>2025-10-10T00:47:27Z</time><extensions><speed>0.232691</speed><course>270.153600</course><hAcc>3.781651</hAcc><vAcc>-1.000000</vAcc></extensions></trkpt>
      <trkpt lon="-117.329610" lat="33.979271"><ele>0.000000</ele><time>2025-10-10T00:47:28Z</time><extensions><speed>0.176823</speed><course>270.159672</course><hAcc>3.720601</hAcc><vAcc>-1.000000</vAcc></extensions></trkpt>
      <trkpt lon="-117.329612" lat="33.979271"><ele>0.000000</ele><time>2025-10-10T00:47:29Z</time><extensions><speed>0.312960</speed><course>270.153946</course><hAcc>3.664833</hAcc><vAcc>-1.000000</vAcc></extensions></trkpt>
      <trkpt lon="-117.329615" lat="33.979271"><ele>0.000000</ele><time>2025-10-10T00:47:30Z</time><extensions><speed>0.358179</speed><course>270.152659</course><hAcc>3.619885</hAcc><vAcc>-1.000000</vAcc></extensions></trkpt>
      <trkpt lon="-117.329618" lat="33.979272"><ele>0.000000</ele><time>2025-10-10T00:47:31Z</time><extensions><speed>0.374771</speed><course>270.155331</course><hAcc>3.583565</hAcc><vAcc>-1.000000</vAcc></extensions></trkpt>
      <trkpt lon="-117.329622" lat="33.979272"><ele>0.000000</ele><time>2025-10-10T00:47:32Z</time><extensions><speed>0.453649</speed><course>270.153326</course><hAcc>3.557412</hAcc><vAcc>-1.000000</vAcc></extensions></trkpt>
      <trkpt lon="-117.329627" lat="33.979272"><ele>0.000000</ele><time>2025-10-10T00:47:33Z</time><extensions><speed>0.484309</speed><course>270.161164</course><hAcc>3.532174</hAcc><vAcc>-1.000000</vAcc></extensions></trkpt>
      <trkpt lon="-117.329631" lat="33.979272"><ele>0.000000</ele><time>2025-10-10T00:47:34Z</time><extensions><speed>0.319562</speed><course>270.259699</course><hAcc>3.487989</hAcc><vAcc>-1.000000</vAcc></extensions></trkpt>
      <trkpt lon="-117.329634" lat="33.979272"><ele>0.000000</ele><time>2025-10-10T00:47:35Z</time><extensions><speed>0.201749</speed><course>270.414021</course><hAcc>3.547893</hAcc><vAcc>-1.000000</vAcc></extensions></trkpt>
      <trkpt lon="-117.329635" lat="33.979272"><ele>0.000000</ele><time>2025-10-10T00:47:36Z</time><extensions><speed>0.122009</speed><course>270.667953</course><hAcc>3.724903</hAcc><vAcc>-1.000000</vAcc></extensions></trkpt>
      <trkpt lon="-117.329636" lat="33.979272"><ele>0.000000</ele><time>2025-10-10T00:47:37Z</time><extensions><speed>0.071474</speed><course>271.093077</course><hAcc>3.952748</hAcc><vAcc>-1.000000</vAcc></extensions></trkpt>
      <trkpt lon="-117.329636" lat="33.979272"><ele>0.000000</ele><time>2025-10-10T00:47:38Z</time><extensions><speed>0.042318</speed><course>271.753767</course><hAcc>4.175492</hAcc><vAcc>-1.000000</vAcc></extensions></trkpt>
      <trkpt lon="-117.329636" lat="33.979272"><ele>0.000000</ele><time>2025-10-10T00:47:39Z</time><extensions><speed>0.028140</speed><course>272.496781</course><hAcc>4.365097</hAcc><vAcc>-1.000000</vAcc></extensions></trkpt>
      <trkpt lon="-117.329635" lat="33.979272"><ele>0.000000</ele><time>2025-10-10T00:47:40Z</time><extensions><speed>0.023967</speed><course>272.775885</course><hAcc>4.513579</hAcc><vAcc>-1.000000</vAcc></extensions></trkpt>
      <trkpt lon="-117.329635" lat="33.979272"><ele>0.000000</ele><time>2025-10-10T00:47:41Z</time><extensions><speed>0.026104</speed><course>272.419956</course><hAcc>4.623378</hAcc><vAcc>-1.000000</vAcc></extensions></trkpt>
      <trkpt lon="-117.329635" lat="33.979272"><ele>0.000000</ele><time>2025-10-10T00:47:42Z</time><extensions><speed>0.031909</speed><course>271.888313</course><hAcc>4.701100</hAcc><vAcc>-1.000000</vAcc></extensions></trkpt>
      <trkpt lon="-117.329635" lat="33.979272"><ele>0.000000</ele><time>2025-10-10T00:47:43Z</time><extensions><speed>0.039558</speed><course>271.460976</course><hAcc>4.754165</hAcc><vAcc>-1.000000</vAcc></extensions></trkpt>
      <trkpt lon="-117.329634" lat="33.979272"><ele>0.000000</ele><time>2025-10-10T00:47:44Z</time><extensions><speed>0.047837</speed><course>271.165559</course><hAcc>4.789267</hAcc><vAcc>-1.000000</vAcc></extensions></trkpt>
      <trkpt lon="-117.329634" lat="33.979272"><ele>0.000000</ele><time>2025-10-10T00:47:45Z</time><extensions><speed>0.055988</speed><course>270.966397</course><hAcc>4.811826</hAcc><vAcc>-1.000000</vAcc></extensions></trkpt>
      <trkpt lon="-117.329634" lat="33.979272"><ele>0.000000</ele><time>2025-10-10T00:47:46Z</time><extensions><speed>0.063564</speed><course>270.830492</course><hAcc>4.825936</hAcc><vAcc>-1.000000</vAcc></extensions></trkpt>
      <trkpt lon="-117.329635" lat="33.979272"><ele>0.000000</ele><time>2025-10-10T00:47:47Z</time><extensions><speed>0.070340</speed><course>270.735797</course><hAcc>4.834531</hAcc><vAcc>-1.000000</vAcc></extensions></trkpt>
      <trkpt lon="-117.329635" lat="33.979272"><ele>0.000000</ele><time>2025-10-10T00:47:48Z</time><extensions><speed>0.076234</speed><course>270.668457</course><hAcc>4.839633</hAcc><vAcc>-1.000000</vAcc></extensions></trkpt>
      <trkpt lon="-117.329635" lat="33.979272"><ele>0.000000</ele><time>2025-10-10T00:47:49Z</time><extensions><speed>0.081254</speed><course>270.619735</course><hAcc>4.842582</hAcc><vAcc>-1.000000</vAcc></extensions></trkpt>
      <trkpt lon="-117.329635" lat="33.979272"><ele>0.000000</ele><time>2025-10-10T00:47:50Z</time><extensions><speed>0.085459</speed><course>270.583998</course><hAcc>4.844242</hAcc><vAcc>-1.000000</vAcc></extensions></trkpt>
      <trkpt lon="-117.329636" lat="33.979272"><ele>0.000000</ele><time>2025-10-10T00:47:51Z</time><extensions><speed>0.088936</speed><course>270.557508</course><hAcc>4.845149</hAcc><vAcc>-1.000000</vAcc></extensions></trkpt>
      <trkpt lon="-117.329636" lat="33.979272"><ele>0.000000</ele><time>2025-10-10T00:47:52Z</time><extensions><speed>0.091785</speed><course>270.537716</course><hAcc>4.845629</hAcc><vAcc>-1.000000</vAcc></extensions></trkpt>
      <trkpt lon="-117.329636" lat="33.979272"><ele>0.000000</ele><time>2025-10-10T00:47:53Z</time><extensions><speed>0.094103</speed><course>270.522836</course><hAcc>4.845874</hAcc><vAcc>-1.000000</vAcc></extensions></trkpt>
      <trkpt lon="-117.329637" lat="33.979272"><ele>0.000000</ele><time>2025-10-10T00:47:54Z</time><extensions><speed>0.095981</speed><course>270.511591</course><hAcc>4.845995</hAcc><vAcc>-1.000000</vAcc></extensions></trkpt>
      <trkpt lon="-117.329637" lat="33.979272"><ele>0.000000</ele><time>2025-10-10T00:47:55Z</time><extensions><speed>0.097502</speed><course>270.503051</course><hAcc>4.846051</hAcc><vAcc>-1.000000</vAcc></extensions></trkpt>
      <trkpt lon="-117.329637" lat="33.979272"><ele>0.000000</ele><time>2025-10-10T00:47:56Z</time><extensions><speed>0.098738</speed><course>270.496526</course><hAcc>4.846075</hAcc><vAcc>-1.000000</vAcc></extensions></trkpt>
      <trkpt lon="-117.329638" lat="33.979272"><ele>0.000000</ele><time>2025-10-10T00:47:57Z</time><extensions><speed>0.099747</speed><course>270.491503</course><hAcc>4.846085</hAcc><vAcc>-1.000000</vAcc></extensions></trkpt>
      <trkpt lon="-117.329638" lat="33.979272"><ele>0.000000</ele><time>2025-10-10T00:47:58Z</time><extensions><speed>0.100581</speed><course>270.487595</course><hAcc>4.846088</hAcc><vAcc>-1.000000</vAcc></extensions></trkpt>
      <trkpt lon="-117.329639" lat="33.979272"><ele>0.000000</ele><time>2025-10-10T00:47:59Z</time><extensions><speed>0.101280</speed><course>270.484510</course><hAcc>4.846089</hAcc><vAcc>-1.000000</vAcc></extensions></trkpt>
      <trkpt lon="-117.329639" lat="33.979272"><ele>0.000000</ele><time>2025-10-10T00:48:00Z</time><extensions><speed>0.101876</speed><course>270.482030</course><hAcc>4.846090</hAcc><vAcc>-1.000000</vAcc></extensions></trkpt>
      <trkpt lon="-117.329640" lat="33.979272"><ele>0.000000</ele><time>2025-10-10T00:48:01Z</time><extensions><speed>0.102396</speed><course>270.479988</course><hAcc>4.846090</hAcc><vAcc>-1.000000</vAcc></extensions></trkpt>
      <trkpt lon="-117.329640" lat="33.979272"><ele>0.000000</ele><time>2025-10-10T00:48:02Z</time><extensions><speed>0.102860</speed><course>270.478261</course><hAcc>4.846090</hAcc><vAcc>-1.000000</vAcc></extensions></trkpt>
      <trkpt lon="-117.329641" lat="33.979272"><ele>0.000000</ele><time>2025-10-10T00:48:03Z</time><extensions><speed>0.103283</speed><course>270.476758</course><hAcc>4.846090</hAcc><vAcc>-1.000000</vAcc></extensions></trkpt>
      <trkpt lon="-117.329641" lat="33.979272"><ele>0.000000</ele><time>2025-10-10T00:48:04Z</time><extensions><speed>0.103677</speed><course>270.475411</course><hAcc>4.846090</hAcc><vAcc>-1.000000</vAcc></extensions></trkpt>
      <trkpt lon="-117.329641" lat="33.979272"><ele>0.000000</ele><time>2025-10-10T00:48:05Z</time><extensions><speed>0.104051</speed><course>270.474171</course><hAcc>4.846090</hAcc><vAcc>-1.000000</vAcc></extensions></trkpt>
      <trkpt lon="-117.329642" lat="33.979272"><ele>0.000000</ele><time>2025-10-10T00:48:06Z</time><extensions><speed>0.104411</speed><course>270.473003</course><hAcc>4.846090</hAcc><vAcc>-1.000000</vAcc></extensions></trkpt>
      <trkpt lon="-117.329642" lat="33.979272"><ele>0.000000</ele><time>2025-10-10T00:48:07Z</time><extensions><speed>0.104762</speed><course>270.471882</course><hAcc>4.846090</hAcc><vAcc>-1.000000</vAcc></extensions></trkpt>
      <trkpt lon="-117.329643" lat="33.979272"><ele>0.000000</ele><time>2025-10-10T00:48:08Z</time><extensions><speed>0.105107</speed><course>270.470791</course><hAcc>4.846090</hAcc><vAcc>-1.000000</vAcc></extensions></trkpt>
      <trkpt lon="-117.329643" lat="33.979272"><ele>0.000000</ele><time>2025-10-10T00:48:09Z</time><extensions><speed>0.105450</speed><course>270.469718</course><hAcc>4.846090</hAcc><vAcc>-1.000000</vAcc></extensions></trkpt>
      <trkpt lon="-117.329644" lat="33.979272"><ele>0.000000</ele><time>2025-10-10T00:48:10Z</time><extensions><speed>0.105790</speed><course>270.468656</course><hAcc>4.846090</hAcc><vAcc>-1.000000</vAcc></extensions></trkpt>
      <trkpt lon="-117.329644" lat="33.979272"><ele>0.000000</ele><time>2025-10-10T00:48:11Z</time><extensions><speed>0.106130</speed><course>270.467600</course><hAcc>4.846090</hAcc><vAcc>-1.000000</vAcc></extensions></trkpt>
      <trkpt lon="-117.329645" lat="33.979272"><ele>0.000000</ele><time>2025-10-10T00:48:12Z</time><extensions><speed>0.106470</speed><course>270.466548</course><hAcc>4.846090</hAcc><vAcc>-1.000000</vAcc></extensions></trkpt>
      <trkpt lon="-117.329645" lat="33.979272"><ele>0.000000</ele><time>2025-10-10T00:48:13Z</time><extensions><speed>0.106810</speed><course>270.465498</course><hAcc>4.846090</hAcc><vAcc>-1.000000</vAcc></extensions></trkpt>
      <trkpt lon="-117.329646" lat="33.979272"><ele>0.000000</ele><time>2025-10-10T00:48:14Z</time><extensions><speed>0.107151</speed><course>270.464449</course><hAcc>4.846090</hAcc><vAcc>-1.000000</vAcc></extensions></trkpt>
      <trkpt lon="-117.329646" lat="33.979272"><ele>0.000000</ele><time>2025-10-10T00:48:15Z</time><extensions><speed>0.107493</speed><course>270.463403</course><hAcc>4.846090</hAcc><vAcc>-1.000000</vAcc></extensions></trkpt>
      <trkpt lon="-117.329646" lat="33.979272"><ele>0.000000</ele><time>2025-10-10T00:48:16Z</time><extensions><speed>0.107835</speed><course>270.462358</course><hAcc>4.846090</hAcc><vAcc>-1.000000</vAcc></extensions></trkpt>
      <trkpt lon="-117.329647" lat="33.979272"><ele>0.000000</ele><time>2025-10-10T00:48:17Z</time><extensions><speed>0.108178</speed><course>270.461315</course><hAcc>4.846090</hAcc><vAcc>-1.000000</vAcc></extensions></trkpt>
      <trkpt lon="-117.329647" lat="33.979272"><ele>0.000000</ele><time>2025-10-10T00:48:18Z</time><extensions><speed>0.108522</speed><course>270.460276</course><hAcc>4.846090</hAcc><vAcc>-1.000000</vAcc></extensions></trkpt>
      <trkpt lon="-117.329648" lat="33.979272"><ele>0.000000</ele><time>2025-10-10T00:48:19Z</time><extensions><speed>0.108866</speed><course>270.459240</course><hAcc>4.846090</hAcc><vAcc>-1.000000</vAcc></extensions></trkpt>
      <trkpt lon="-117.329648" lat="33.979272"><ele>0.000000</ele><time>2025-10-10T00:48:20Z</time><extensions><speed>0.109211</speed><course>270.458208</course><hAcc>4.846090</hAcc><vAcc>-1.000000</vAcc></extensions></trkpt>
      <trkpt lon="-117.329649" lat="33.979272"><ele>0.000000</ele><time>2025-10-10T00:48:21Z</time><extensions><speed>0.109556</speed><course>270.457181</course><hAcc>4.846090</hAcc><vAcc>-1.000000</vAcc></extensions></trkpt>
      <trkpt lon="-117.329649" lat="33.979272"><ele>0.000000</ele><time>2025-10-10T00:48:22Z</time><extensions><speed>0.109901</speed><course>270.456158</course><hAcc>4.846090</hAcc><vAcc>-1.000000</vAcc></extensions></trkpt>
      <trkpt lon="-117.329650" lat="33.979272"><ele>0.000000</ele><time>2025-10-10T00:48:23Z</time><extensions><speed>0.110247</speed><course>270.455141</course><hAcc>4.846090</hAcc><vAcc>-1.000000</vAcc></extensions></trkpt>
      <trkpt lon="-117.329650" lat="33.979272"><ele>0.000000</ele><time>2025-10-10T00:48:24Z</time><extensions><speed>0.110593</speed><course>270.454129</course><hAcc>4.846090</hAcc><vAcc>-1.000000</vAcc></extensions></trkpt>
      <trkpt lon="-117.329650" lat="33.979272"><ele>0.000000</ele><time>2025-10-10T00:48:25Z</time><extensions><speed>0.110939</speed><course>270.453122</course><hAcc>4.846090</hAcc><vAcc>-1.000000</vAcc></extensions></trkpt>
      <trkpt lon="-117.329651" lat="33.979272"><ele>0.000000</ele><time>2025-10-10T00:48:26Z</time><extensions><speed>0.111285</speed><course>270.452122</course><hAcc>4.846090</hAcc><vAcc>-1.000000</vAcc></extensions></trkpt>
      <trkpt lon="-117.329651" lat="33.979272"><ele>0.000000</ele><time>2025-10-10T00:48:27Z</time><extensions><speed>0.111631</speed><course>270.451127</course><hAcc>4.846090</hAcc><vAcc>-1.000000</vAcc></extensions></trkpt>
      <trkpt lon="-117.329652" lat="33.979272"><ele>0.000000</ele><time>2025-10-10T00:48:28Z</time><extensions><speed>0.111977</speed><course>270.450138</course><hAcc>4.846090</hAcc><vAcc>-1.000000</vAcc></extensions></trkpt>
      <trkpt lon="-117.329652" lat="33.979272"><ele>0.000000</ele><time>2025-10-10T00:48:29Z</time><extensions><speed>0.112324</speed><course>270.449154</course><hAcc>4.846090</hAcc><vAcc>-1.000000</vAcc></extensions></trkpt>
      <trkpt lon="-117.329653" lat="33.979272"><ele>0.000000</ele><time>2025-10-10T00:48:30Z</time><extensions><speed>0.112670</speed><course>270.448177</course><hAcc>4.846090</hAcc><vAcc>-1.000000</vAcc></extensions></trkpt>
      <trkpt lon="-117.329653" lat="33.979272"><ele>0.000000</ele><time>2025-10-10T00:48:31Z</time><extensions><speed>0.113017</speed><course>270.447205</course><hAcc>4.846090</hAcc><vAcc>-1.000000</vAcc></extensions></trkpt>
      <trkpt lon="-117.329654" lat="33.979272"><ele>0.000000</ele><time>2025-10-10T00:48:32Z</time><extensions><speed>0.113363</speed><course>270.446240</course><hAcc>4.846090</hAcc><vAcc>-1.000000</vAcc></extensions></trkpt>
      <trkpt lon="-117.329654" lat="33.979272"><ele>0.000000</ele><time>2025-10-10T00:48:33Z</time><extensions><speed>0.113709</speed><course>270.445280</course><hAcc>4.846090</hAcc><vAcc>-1.000000</vAcc></extensions></trkpt>
      <trkpt lon="-117.329655" lat="33.979272"><ele>0.000000</ele><time>2025-10-10T00:48:34Z</time><extensions><speed>0.114056</speed><course>270.444326</course><hAcc>4.846090</hAcc><vAcc>-1.000000</vAcc></extensions></trkpt>
      <trkpt lon="-117.329655" lat="33.979272"><ele>0.000000</ele><time>2025-10-10T00:48:35Z</time><extensions><speed>0.114402</speed><course>270.443377</course><hAcc>4.846090</hAcc><vAcc>-1.000000</vAcc></extensions></trkpt>
      <trkpt lon="-117.329655" lat="33.979272"><ele>0.000000</ele><time>2025-10-10T00:48:36Z</time><extensions><speed>0.114749</speed><course>270.442435</course><hAcc>4.846090</hAcc><vAcc>-1.000000</vAcc></extensions></trkpt>
      <trkpt lon="-117.329656" lat="33.979272"><ele>0.000000</ele><time>2025-10-10T00:48:37Z</time><extensions><speed>0.115095</speed><course>270.441498</course><hAcc>4.846090</hAcc><vAcc>-1.000000</vAcc></extensions></trkpt>
      <trkpt lon="-117.329656" lat="33.979272"><ele>0.000000</ele><time>2025-10-10T00:48:38Z</time><extensions><speed>0.115441</speed><course>270.440567</course><hAcc>4.846090</hAcc><vAcc>-1.000000</vAcc></extensions></trkpt>
      <trkpt lon="-117.329657" lat="33.979272"><ele>0.000000</ele><time>2025-10-10T00:48:39Z</time><extensions><speed>0.115788</speed><course>270.439641</course><hAcc>4.846090</hAcc><vAcc>-1.000000</vAcc></extensions></trkpt>
      <trkpt lon="-117.329657" lat="33.979272"><ele>0.000000</ele><time>2025-10-10T00:48:40Z</time><extensions><speed>0.116134</speed><course>270.438721</course><hAcc>4.846090</hAcc><vAcc>-1.000000</vAcc></extensions></trkpt>
      <trkpt lon="-117.329658" lat="33.979272"><ele>0.000000</ele><time>2025-10-10T00:48:41Z</time><extensions><speed>0.116481</speed><course>270.437806</course><hAcc>4.846090</hAcc><vAcc>-1.000000</vAcc></extensions></trkpt>
      <trkpt lon="-117.329658" lat="33.979272"><ele>0.000000</ele><time>2025-10-10T00:48:42Z</time><extensions><speed>0.116827</speed><course>270.436897</course><hAcc>4.846090</hAcc><vAcc>-1.000000</vAcc></extensions></trkpt>
      <trkpt lon="-117.329659" lat="33.979272"><ele>0.000000</ele><time>2025-10-10T00:48:43Z</time><extensions><speed>0.117174</speed><course>270.435993</course><hAcc>4.846090</hAcc><vAcc>-1.000000</vAcc></extensions></trkpt>
      <trkpt lon="-117.329659" lat="33.979272"><ele>0.000000</ele><time>2025-10-10T00:48:44Z</time><extensions><speed>0.117520</speed><course>270.435095</course><hAcc>4.846090</hAcc><vAcc>-1.000000</vAcc></extensions></trkpt>
      <trkpt lon="-117.329659" lat="33.979272"><ele>0.000000</ele><time>2025-10-10T00:48:45Z</time><extensions><speed>0.117866</speed><course>270.434201</course><hAcc>4.846090</hAcc><vAcc>-1.000000</vAcc></extensions></trkpt>
      <trkpt lon="-117.329660" lat="33.979272"><ele>0.000000</ele><time>2025-10-10T00:48:46Z</time><extensions><speed>0.118213</speed><course>270.433313</course><hAcc>4.846090</hAcc><vAcc>-1.000000</vAcc></extensions></trkpt>
      <trkpt lon="-117.329660" lat="33.979272"><ele>0.000000</ele><time>2025-10-10T00:48:47Z</time><extensions><speed>0.118559</speed><course>270.432430</course><hAcc>4.846090</hAcc><vAcc>-1.000000</vAcc></extensions></trkpt>
      <trkpt lon="-117.329661" lat="33.979272"><ele>0.000000</ele><time>2025-10-10T00:48:48Z</time><extensions><speed>0.118906</speed><course>270.431553</course><hAcc>4.846090</hAcc><vAcc>-1.000000</vAcc></extensions></trkpt>
      <trkpt lon="-117.329661" lat="33.979272"><ele>0.000000</ele><time>2025-10-10T00:48:49Z</time><extensions><speed>0.119252</speed><course>270.430680</course><hAcc>4.846090</hAcc><vAcc>-1.000000</vAcc></extensions></trkpt>
      <trkpt lon="-117.329662" lat="33.979272"><ele>0.000000</ele><time>2025-10-10T00:48:50Z</time><extensions><speed>0.119599</speed><course>270.429813</course><hAcc>4.846090</hAcc><vAcc>-1.000000</vAcc></extensions></trkpt>
      <trkpt lon="-117.329662" lat="33.979272"><ele>0.000000</ele><time>2025-10-10T00:48:51Z</time><extensions><speed>0.119945</speed><course>270.428950</course><hAcc>4.846090</hAcc><vAcc>-1.000000</vAcc></extensions></trkpt>
      <trkpt lon="-117.329663" lat="33.979272"><ele>0.000000</ele><time>2025-10-10T00:48:52Z</time><extensions><speed>0.120291</speed><course>270.428093</course><hAcc>4.846090</hAcc><vAcc>-1.000000</vAcc></extensions></trkpt>
      <trkpt lon="-117.329663" lat="33.979272"><ele>0.000000</ele><time>2025-10-10T00:48:53Z</time><extensions><speed>0.120638</speed><course>270.427240</course><hAcc>4.846090</hAcc><vAcc>-1.000000</vAcc></extensions></trkpt>
      <trkpt lon="-117.329664" lat="33.979272"><ele>0.000000</ele><time>2025-10-10T00:48:54Z</time><extensions><speed>0.120984</speed><course>270.426392</course><hAcc>4.846090</hAcc><vAcc>-1.000000</vAcc></extensions></trkpt>
      <trkpt lon="-117.329664" lat="33.979272"><ele>0.000000</ele><time>2025-10-10T00:48:55Z</time><extensions><speed>0.121331</speed><course>270.425549</course><hAcc>4.846090</hAcc><vAcc>-1.000000</vAcc></extensions></trkpt>
      <trkpt lon="-117.329664" lat="33.979272"><ele>0.000000</ele><time>2025-10-10T00:48:56Z</time><extensions><speed>0.121677</speed><course>270.424711</course><hAcc>4.846090</hAcc><vAcc>-1.000000</vAcc></extensions></trkpt>
      <trkpt lon="-117.329665" lat="33.979272"><ele>0.000000</ele><time>2025-10-10T00:48:57Z</time><extensions><speed>0.122024</speed><course>270.423878</course><hAcc>4.846090</hAcc><vAcc>-1.000000</vAcc></extensions></trkpt>
      <trkpt lon="-117.329665" lat="33.979272"><ele>0.000000</ele><time>2025-10-10T00:48:58Z</time><extensions><speed>0.122370</speed><course>270.423049</course><hAcc>4.846090</hAcc><vAcc>-1.000000</vAcc></extensions></trkpt>
      <trkpt lon="-117.329666" lat="33.979272"><ele>0.000000</ele><time>2025-10-10T00:48:59Z</time><extensions><speed>0.122716</speed><course>270.422225</course><hAcc>4.846090</hAcc><vAcc>-1.000000</vAcc></extensions></trkpt>
      <trkpt lon="-117.329666" lat="33.979272"><ele>0.000000</ele><time>2025-10-10T00:49:00Z</time><extensions><speed>0.123063</speed><course>270.421406</course><hAcc>4.846090</hAcc><vAcc>-1.000000</vAcc></extensions></trkpt>
      <trkpt lon="-117.329667" lat="33.979272"><ele>0.000000</ele><time>2025-10-10T00:49:01Z</time><extensions><speed>0.123409</speed><course>270.420591</course><hAcc>4.846090</hAcc><vAcc>-1.000000</vAcc></extensions></trkpt>
      <trkpt lon="-117.329667" lat="33.979272"><ele>0.000000</ele><time>2025-10-10T00:49:02Z</time><extensions><speed>0.123756</speed><course>270.419781</course><hAcc>4.846090</hAcc><vAcc>-1.000000</vAcc></extensions></trkpt>
      <trkpt lon="-117.329668" lat="33.979272"><ele>0.000000</ele><time>2025-10-10T00:49:03Z</time><extensions><speed>0.124102</speed><course>270.418976</course><hAcc>4.846090</hAcc><vAcc>-1.000000</vAcc></extensions></trkpt>
      <trkpt lon="-117.329668" lat="33.979272"><ele>0.000000</ele><time>2025-10-10T00:49:04Z</time><extensions><speed>0.124449</speed><course>270.418174</course><hAcc>4.846090</hAcc><vAcc>-1.000000</vAcc></extensions></trkpt>
      <trkpt lon="-117.329668" lat="33.979272"><ele>0.000000</ele><time>2025-10-10T00:49:05Z</time><extensions><speed>0.124795</speed><course>270.417378</course><hAcc>4.846090</hAcc><vAcc>-1.000000</vAcc></extensions></trkpt>
      <trkpt lon="-117.329669" lat="33.979272"><ele>0.000000</ele><time>2025-10-10T00:49:06Z</time><extensions><speed>0.125141</speed><course>270.416585</course><hAcc>4.846090</hAcc><vAcc>-1.000000</vAcc></extensions></trkpt>
      <trkpt lon="-117.329669" lat="33.979272"><ele>0.000000</ele><time>2025-10-10T00:49:07Z</time><extensions><speed>0.125488</speed><course>270.415797</course><hAcc>4.846090</hAcc><vAcc>-1.000000</vAcc></extensions></trkpt>
      <trkpt lon="-117.329670" lat="33.979272"><ele>0.000000</ele><time>2025-10-10T00:49:08Z</time><extensions><speed>0.125834</speed><course>270.415014</course><hAcc>4.846090</hAcc><vAcc>-1.000000</vAcc></extensions></trkpt>
      <trkpt lon="-117.329670" lat="33.979272"><ele>0.000000</ele><time>2025-10-10T00:49:09Z</time><extensions><speed>0.126181</speed><course>270.414235</course><hAcc>4.846090</hAcc><vAcc>-1.000000</vAcc></extensions></trkpt>
      <trkpt lon="-117.329671" lat="33.979272"><ele>0.000000</ele><time>2025-10-10T00:49:10Z</time><extensions><speed>0.126527</speed><course>270.413460</course><hAcc>4.846090</hAcc><vAcc>-1.000000</vAcc></extensions></trkpt>
      <trkpt lon="-117.329671" lat="33.979272"><ele>0.000000</ele><time>2025-10-10T00:49:11Z</time><extensions><speed>0.126874</speed><course>270.412689</course><hAcc>4.846090</hAcc><vAcc>-1.000000</vAcc></extensions></trkpt>
      <trkpt lon="-117.329672" lat="33.979272"><ele>0.000000</ele><time>2025-10-10T00:49:12Z</time><extensions><speed>0.127220</speed><course>270.411922</course><hAcc>4.846090</hAcc><vAcc>-1.000000</vAcc></extensions></trkpt>
      <trkpt lon="-117.329672" lat="33.979272"><ele>0.000000</ele><time>2025-10-10T00:49:13Z</time><extensions><speed>0.127566</speed><course>270.411160</course><hAcc>4.846090</hAcc><vAcc>-1.000000</vAcc></extensions></trkpt>
      <trkpt lon="-117.329672" lat="33.979272"><ele>0.000000</ele><time>2025-10-10T00:49:14Z</time><extensions><speed>0.127913</speed><course>270.410402</course><hAcc>4.846090</hAcc><vAcc>-1.000000</vAcc></extensions></trkpt>
      <trkpt lon="-117.329673" lat="33.979272"><ele>0.000000</ele><time>2025-10-10T00:49:15Z</time><extensions><speed>0.128259</speed><course>270.409648</course><hAcc>4.846090</hAcc><vAcc>-1.000000</vAcc></extensions></trkpt>
      <trkpt lon="-117.329673" lat="33.979272"><ele>0.000000</ele><time>2025-10-10T00:49:16Z</time><extensions><speed>0.128606</speed><course>270.408897</course><hAcc>4.846090</hAcc><vAcc>-1.000000</vAcc></extensions></trkpt>
      <trkpt lon="-117.329674" lat="33.979272"><ele>0.000000</ele><time>2025-10-10T00:49:17Z</time><extensions><speed>0.128952</speed><course>270.408151</course><hAcc>4.846090</hAcc><vAcc>-1.000000</vAcc></extensions></trkpt>
      <trkpt lon="-117.329674" lat="33.979272"><ele>0.000000</ele><time>2025-10-10T00:49:18Z</time><extensions><speed>0.129299</speed><course>270.407409</course><hAcc>4.846090</hAcc><vAcc>-1.000000</vAcc></extensions></trkpt>
      <trkpt lon="-117.329675" lat="33.979272"><ele>0.000000</ele><time>2025-10-10T00:49:19Z</time><extensions><speed>0.129645</speed><course>270.406671</course><hAcc>4.846090</hAcc><vAcc>-1.000000</vAcc></extensions></trkpt>
      <trkpt lon="-117.329675" lat="33.979272"><ele>0.000000</ele><time>2025-10-10T00:49:20Z</time><extensions><speed>0.129991</speed><course>270.405937</course><hAcc>4.846090</hAcc><vAcc>-1.000000</vAcc></extensions></trkpt>
      <trkpt lon="-117.329676" lat="33.979272"><ele>0.000000</ele><time>2025-10-10T00:49:21Z</time><extensions><speed>0.130338</speed><course>270.405207</course><hAcc>4.846090</hAcc><vAcc>-1.000000</vAcc></extensions></trkpt>
      <trkpt lon="-117.329676" lat="33.979272"><ele>0.000000</ele><time>2025-10-10T00:49:22Z</time><extensions><speed>0.130684</speed><course>270.404480</course><hAcc>4.846090</hAcc><vAcc>-1.000000</vAcc></extensions></trkpt>
      <trkpt lon="-117.329677" lat="33.979272"><ele>0.000000</ele><time>2025-10-10T00:49:23Z</time><extensions><speed>0.131031</speed><course>270.403758</course><hAcc>4.846090</hAcc><vAcc>-1.000000</vAcc></extensions></trkpt>
      <trkpt lon="-117.329677" lat="33.979272"><ele>0.000000</ele><time>2025-10-10T00:49:24Z</time><extensions><speed>0.131377</speed><course>270.403039</course><hAcc>4.846090</hAcc><vAcc>-1.000000</vAcc></extensions></trkpt>
      <trkpt lon="-117.329677" lat="33.979272"><ele>0.000000</ele><time>2025-10-10T00:49:25Z</time><extensions><speed>0.131724</speed><course>270.402324</course><hAcc>4.846090</hAcc><vAcc>-1.000000</vAcc></extensions></trkpt>
      <trkpt lon="-117.329678" lat="33.979272"><ele>0.000000</ele><time>2025-10-10T00:49:26Z</time><extensions><speed>0.132070</speed><course>270.401613</course><hAcc>4.846090</hAcc><vAcc>-1.000000</vAcc></extensions></trkpt>
      <trkpt lon="-117.329678" lat="33.979272"><ele>0.000000</ele><time>2025-10-10T00:49:27Z</time><extensions><speed>0.132416</speed><course>270.400905</course><hAcc>4.846090</hAcc><vAcc>-1.000000</vAcc></extensions></trkpt>
      <trkpt lon="-117.329679" lat="33.979272"><ele>0.000000</ele><time>2025-10-10T00:49:28Z</time><extensions><speed>0.132763</speed><course>270.400201</course><hAcc>4.846090</hAcc><vAcc>-1.000000</vAcc></extensions></trkpt>
      <trkpt lon="-117.329679" lat="33.979272"><ele>0.000000</ele><time>2025-10-10T00:49:29Z</time><extensions><speed>0.133109</speed><course>270.399501</course><hAcc>4.846090</hAcc><vAcc>-1.000000</vAcc></extensions></trkpt>
      <trkpt lon="-117.329680" lat="33.979272"><ele>0.000000</ele><time>2025-10-10T00:49:30Z</time><extensions><speed>0.133456</speed><course>270.398805</course><hAcc>4.846090</hAcc><vAcc>-1.000000</vAcc></extensions></trkpt>
      <trkpt lon="-117.329680" lat="33.979272"><ele>0.000000</ele><time>2025-10-10T00:49:31Z</time><extensions><speed>0.133802</speed><course>270.398112</course><hAcc>4.846090</hAcc><vAcc>-1.000000</vAcc></extensions></trkpt>
      <trkpt lon="-117.329681" lat="33.979272"><ele>0.000000</ele><time>2025-10-10T00:49:32Z</time><extensions><speed>0.134149</speed><course>270.397423</course><hAcc>4.846090</hAcc><vAcc>-1.000000</vAcc></extensions></trkpt>
      <trkpt lon="-117.329681" lat="33.979272"><ele>0.000000</ele><time>2025-10-10T00:49:33Z</time><extensions><speed>0.134495</speed><course>270.396737</course><hAcc>4.846090</hAcc><vAcc>-1.000000</vAcc></extensions></trkpt>
      <trkpt lon="-117.329681" lat="33.979272"><ele>0.000000</ele><time>2025-10-10T00:49:34Z</time><extensions><speed>0.134841</speed><course>270.396054</course><hAcc>4.846090</hAcc><vAcc>-1.000000</vAcc></extensions></trkpt>
      <trkpt lon="-117.329682" lat="33.979272"><ele>0.000000</ele><time>2025-10-10T00:49:35Z</time><extensions><speed>0.135188</speed><course>270.395376</course><hAcc>4.846090</hAcc><vAcc>-1.000000</vAcc></extensions></trkpt>
      <trkpt lon="-117.329682" lat="33.979272"><ele>0.000000</ele><time>2025-10-10T00:49:36Z</time><extensions><speed>0.135534</speed><course>270.394700</course><hAcc>4.846090</hAcc><vAcc>-1.000000</vAcc></extensions></trkpt>
      <trkpt lon="-117.329683" lat="33.979272"><ele>0.000000</ele><time>2025-10-10T00:49:37Z</time><extensions><speed>0.135881</speed><course>270.394029</course><hAcc>4.846090</hAcc><vAcc>-1.000000</vAcc></extensions></trkpt>
      <trkpt lon="-117.329683" lat="33.979272"><ele>0.000000</ele><time>2025-10-10T00:49:38Z</time><extensions><speed>0.136227</speed><course>270.393360</course><hAcc>4.846090</hAcc><vAcc>-1.000000</vAcc></extensions></trkpt>
      <trkpt lon="-117.329684" lat="33.979272"><ele>0.000000</ele><time>2025-10-10T00:49:39Z</time><extensions><speed>0.136574</speed><course>270.392695</course><hAcc>4.846090</hAcc><vAcc>-1.000000</vAcc></extensions></trkpt>
      <trkpt lon="-117.329684" lat="33.979272"><ele>0.000000</ele><time>2025-10-10T00:49:40Z</time><extensions><speed>0.136920</speed><course>270.392033</course><hAcc>4.846090</hAcc><vAcc>-1.000000</vAcc></extensions></trkpt>
      <trkpt lon="-117.329685" lat="33.979272"><ele>0.000000</ele><time>2025-10-10T00:49:41Z</time><extensions><speed>0.137266</speed><course>270.391375</course><hAcc>4.846090</hAcc><vAcc>-1.000000</vAcc></extensions></trkpt>
      <trkpt lon="-117.329685" lat="33.979272"><ele>0.000000</ele><time>2025-10-10T00:49:42Z</time><extensions><speed>0.137613</speed><course>270.390720</course><hAcc>4.846090</hAcc><vAcc>-1.000000</vAcc></extensions></trkpt>
      <trkpt lon="-117.329686" lat="33.979272"><ele>0.000000</ele><time>2025-10-10T00:49:43Z</time><extensions><speed>0.137959</speed><course>270.390068</course><hAcc>4.846090</hAcc><vAcc>-1.000000</vAcc></extensions></trkpt>
      <trkpt lon="-117.329686" lat="33.979272"><ele>0.000000</ele><time>2025-10-10T00:49:44Z</time><extensions><speed>0.138306</speed><course>270.389420</course><hAcc>4.846090</hAcc><vAcc>-1.000000</vAcc></extensions></trkpt>
      <trkpt lon="-117.329686" lat="33.979273"><ele>0.000000</ele><time>2025-10-10T00:49:45Z</time><extensions><speed>0.138652</speed><course>270.388775</course><hAcc>4.846090</hAcc><vAcc>-1.000000</vAcc></extensions></trkpt>
      <trkpt lon="-117.329687" lat="33.979273"><ele>0.000000</ele><time>2025-10-10T00:49:46Z</time><extensions><speed>0.138999</speed><course>270.388133</course><hAcc>4.846090</hAcc><vAcc>-1.000000</vAcc></extensions></trkpt>
      <trkpt lon="-117.329687" lat="33.979273"><ele>0.000000</ele><time>2025-10-10T00:49:47Z</time><extensions><speed>0.139345</speed><course>270.387494</course><hAcc>4.846090</hAcc><vAcc>-1.000000</vAcc></extensions></trkpt>
      <trkpt lon="-117.329688" lat="33.979273"><ele>0.000000</ele><time>2025-10-10T00:49:48Z</time><extensions><speed>0.139691</speed><course>270.386858</course><hAcc>4.846090</hAcc><vAcc>-1.000000</vAcc></extensions></trkpt>
      <trkpt lon="-117.329688" lat="33.979273"><ele>0.000000</ele><time>2025-10-10T00:49:49Z</time><extensions><speed>0.140038</speed><course>270.386226</course><hAcc>4.846090</hAcc><vAcc>-1.000000</vAcc></extensions></trkpt>
      <trkpt lon="-117.329689" lat="33.979273"><ele>0.000000</ele><time>2025-10-10T00:49:50Z</time><extensions><speed>0.140384</speed><course>270.385596</course><hAcc>4.846090</hAcc><vAcc>-1.000000</vAcc></extensions></trkpt>
      <trkpt lon="-117.329689" lat="33.979273"><ele>0.000000</ele><time>2025-10-10T00:49:51Z</time><extensions><speed>0.140731</speed><course>270.384970</course><hAcc>4.846090</hAcc><vAcc>-1.000000</vAcc></extensions></trkpt>
      <trkpt lon="-117.329690" lat="33.979273"><ele>0.000000</ele><time>2025-10-10T00:49:52Z</time><extensions><speed>0.141077</speed><course>270.384347</course><hAcc>4.846090</hAcc><vAcc>-1.000000</vAcc></extensions></trkpt>
      <trkpt lon="-117.329690" lat="33.979273"><ele>0.000000</ele><time>2025-10-10T00:49:53Z</time><extensions><speed>0.141423</speed><course>270.383727</course><hAcc>4.846090</hAcc><vAcc>-1.000000</vAcc></extensions></trkpt>
      <trkpt lon="-117.329690" lat="33.979273"><ele>0.000000</ele><time>2025-10-10T00:49:54Z</time><extensions><speed>0.141770</speed><course>270.383110</course><hAcc>4.846090</hAcc><vAcc>-1.000000</vAcc></extensions></trkpt>
      <trkpt lon="-117.329691" lat="33.979273"><ele>0.000000</ele><time>2025-10-10T00:49:55Z</time><extensions><speed>0.142116</speed><course>270.382495</course><hAcc>4.846090</hAcc><vAcc>-1.000000</vAcc></extensions></trkpt>
      <trkpt lon="-117.329691" lat="33.979273"><ele>0.000000</ele><time>2025-10-10T00:49:56Z</time><extensions><speed>0.142463</speed><course>270.381884</course><hAcc>4.846090</hAcc><vAcc>-1.000000</vAcc></extensions></trkpt>
      <trkpt lon="-117.329692" lat="33.979273"><ele>0.000000</ele><time>2025-10-10T00:49:57Z</time><extensions><speed>0.142809</speed><course>270.381276</course><hAcc>4.846090</hAcc><vAcc>-1.000000</vAcc></extensions></trkpt>
      <trkpt lon="-117.329692" lat="33.979273"><ele>0.000000</ele><time>2025-10-10T00:49:58Z</time><extensions><speed>0.143156</speed><course>270.380671</course><hAcc>4.846090</hAcc><vAcc>-1.000000</vAcc></extensions></trkpt>
      <trkpt lon="-117.329691" lat="33.979273"><ele>0.000000</ele><time>2025-10-10T00:49:59Z</time><extensions><speed>0.123728</speed><course>270.424898</course><hAcc>4.809764</hAcc><vAcc>-1.000000</vAcc></extensions></trkpt>
      <trkpt lon="-117.329690" lat="33.979273"><ele>0.000000</ele><time>2025-10-10T00:50:00Z</time><extensions><speed>0.092460</speed><course>270.574238</course><hAcc>4.767055</hAcc><vAcc>-1.000000</vAcc></extensions></trkpt>
      <trkpt lon="-117.329687" lat="33.979273"><ele>0.000000</ele><time>2025-10-10T00:50:01Z</time><extensions><speed>0.041899</speed><course>271.287770</course><hAcc>4.686190</hAcc><vAcc>-1.000000</vAcc></extensions></trkpt>
      <trkpt lon="-117.329683" lat="33.979273"><ele>0.000000</ele><time>2025-10-10T00:50:02Z</time><extensions><speed>0.024073</speed><course>87.764871</course><hAcc>4.556181</hAcc><vAcc>-1.000000</vAcc></extensions></trkpt>
      <trkpt lon="-117.329677" lat="33.979273"><ele>0.000000</ele><time>2025-10-10T00:50:03Z</time><extensions><speed>0.103508</speed><course>89.486828</course><hAcc>4.357333</hAcc><vAcc>-1.000000</vAcc></extensions></trkpt>
      <trkpt lon="-117.329669" lat="33.979273"><ele>0.000000</ele><time>2025-10-10T00:50:04Z</time><extensions><speed>0.175683</speed><course>89.693033</course><hAcc>4.084018</hAcc><vAcc>-1.000000</vAcc></extensions></trkpt>
      <trkpt lon="-117.329659" lat="33.979273"><ele>0.000000</ele><time>2025-10-10T00:50:05Z</time><extensions><speed>0.209603</speed><course>89.726637</course><hAcc>3.739497</hAcc><vAcc>-1.000000</vAcc></extensions></trkpt>
      <trkpt lon="-117.329648" lat="33.979273"><ele>0.000000</ele><time>2025-10-10T00:50:06Z</time><extensions><speed>0.162006</speed><course>89.593482</course><hAcc>3.351150</hAcc><vAcc>-1.000000</vAcc></extensions></trkpt>
      <trkpt lon="-117.329643" lat="33.979273"><ele>0.000000</ele><time>2025-10-10T00:50:07Z</time><extensions><speed>0.103671</speed><course>270.853934</course><hAcc>3.072254</hAcc><vAcc>-1.000000</vAcc></extensions></trkpt>
      <trkpt lon="-117.329642" lat="33.979273"><ele>0.000000</ele><time>2025-10-10T00:50:08Z</time><extensions><speed>0.611434</speed><course>270.207798</course><hAcc>2.923228</hAcc><vAcc>-1.000000</vAcc></extensions></trkpt>
      <trkpt lon="-117.329644" lat="33.979273"><ele>0.000000</ele><time>2025-10-10T00:50:08Z</time><extensions><speed>1.063237</speed><course>270.150337</course><hAcc>2.867224</hAcc><vAcc>-1.000000</vAcc></extensions></trkpt>
      <trkpt lon="-117.329652" lat="33.979273"><ele>0.000000</ele><time>2025-10-10T00:50:09Z</time><extensions><speed>1.072111</speed><course>270.140305</course><hAcc>2.806180</hAcc><vAcc>-1.000000</vAcc></extensions></trkpt>
      <trkpt lon="-117.329661" lat="33.979273"><ele>0.000000</ele><time>2025-10-10T00:50:10Z</time><extensions><speed>1.072643</speed><course>270.140681</course><hAcc>2.742681</hAcc><vAcc>-1.000000</vAcc></extensions></trkpt>
      <trkpt lon="-117.329672" lat="33.979273"><ele>0.000000</ele><time>2025-10-10T00:50:11Z</time><extensions><speed>1.263631</speed><course>270.139902</course><hAcc>2.695832</hAcc><vAcc>-1.000000</vAcc></extensions></trkpt>
      <trkpt lon="-117.329685" lat="33.979273"><ele>0.000000</ele><time>2025-10-10T00:50:12Z</time><extensions><speed>1.290816</speed><course>270.140869</course><hAcc>2.660884</hAcc><vAcc>-1.000000</vAcc></extensions></trkpt>
      <trkpt lon="-117.329699" lat="33.979273"><ele>0.000000</ele><time>2025-10-10T00:50:13Z</time><extensions><speed>1.516235</speed><course>270.137115</course><hAcc>2.650656</hAcc><vAcc>-1.000000</vAcc></extensions></trkpt>
      <trkpt lon="-117.329715" lat="33.979273"><ele>0.000000</ele><time>2025-10-10T00:50:14Z</time><extensions><speed>1.502308</speed><course>270.139577</course><hAcc>2.641774</hAcc><vAcc>-1.000000</vAcc></extensions></trkpt>
      <trkpt lon="-117.329734" lat="33.979273"><ele>0.000000</ele><time>2025-10-10T00:50:16Z</time><extensions><speed>1.317009</speed><course>270.150401</course><hAcc>2.627238</hAcc><vAcc>-1.000000</vAcc></extensions></trkpt>
      <trkpt lon="-117.329744" lat="33.979273"><ele>0.000000</ele><time>2025-10-10T00:50:17Z</time><extensions><speed>0.408325</speed><course>270.281834</course><hAcc>2.588216</hAcc><vAcc>-1.000000</vAcc></extensions></trkpt>
      <trkpt lon="-117.329745" lat="33.979273"><ele>0.000000</ele><time>2025-10-10T00:50:18Z</time><extensions><speed>0.120473</speed><course>89.465663</course><hAcc>2.652127</hAcc><vAcc>-1.000000</vAcc></extensions></trkpt>
      <trkpt lon="-117.329742" lat="33.979273"><ele>0.000000</ele><time>2025-10-10T00:50:19Z</time><extensions><speed>0.387547</speed><course>89.905716</course><hAcc>2.814135</hAcc><vAcc>-1.000000</vAcc></extensions></trkpt>
      <trkpt lon="-117.329737" lat="33.979273"><ele>0.000000</ele><time>2025-10-10T00:50:20Z</time><extensions><speed>0.485308</speed><course>89.950597</course><hAcc>2.994138</hAcc><vAcc>-1.000000</vAcc></extensions></trkpt>
      <trkpt lon="-117.329732" lat="33.979273"><ele>0.000000</ele><time>2025-10-10T00:50:21Z</time><extensions><speed>0.481603</speed><course>89.956511</course><hAcc>3.144144</hAcc><vAcc>-1.000000</vAcc></extensions></trkpt>
      <trkpt lon="-117.329727" lat="33.979273"><ele>0.000000</ele><time>2025-10-10T00:50:22Z</time><extensions><speed>0.423590</speed><course>89.944857</course><hAcc>3.251212</hAcc><vAcc>-1.000000</vAcc></extensions></trkpt>
      <trkpt lon="-117.329722" lat="33.979273"><ele>0.000000</ele><time>2025-10-10T00:50:23Z</time><extensions><speed>0.342252</speed><course>89.916863</course><hAcc>3.319963</hAcc><vAcc>-1.000000</vAcc></extensions></trkpt>
      <trkpt lon="-117.329719" lat="33.979273"><ele>0.000000</ele><time>2025-10-10T00:50:24Z</time><extensions><speed>0.256639</speed><course>89.865674</course><hAcc>3.360473</hAcc><vAcc>-1.000000</vAcc></extensions></trkpt>
      <trkpt lon="-117.329716" lat="33.979273"><ele>0.000000</ele><time>2025-10-10T00:50:25Z</time><extensions><speed>0.177422</speed><course>89.772423</course><hAcc>3.382524</hAcc><vAcc>-1.000000</vAcc></extensions></trkpt>
      <trkpt lon="-117.329714" lat="33.979273"><ele>0.000000</ele><time>2025-10-10T00:50:26Z</time><extensions><speed>0.109685</speed><course>89.584089</course><hAcc>3.393602</hAcc><vAcc>-1.000000</vAcc></extensions></trkpt>
      <trkpt lon="-117.329713" lat="33.979273"><ele>0.000000</ele><time>2025-10-10T00:50:27Z</time><extensions><speed>0.054998</speed><course>89.091337</course><hAcc>3.398699</hAcc><vAcc>-1.000000</vAcc></extensions></trkpt>
      <trkpt lon="-117.329713" lat="33.979273"><ele>0.000000</ele><time>2025-10-10T00:50:28Z</time><extensions><speed>0.012900</speed><course>85.856479</course><hAcc>3.400810</hAcc><vAcc>-1.000000</vAcc></extensions></trkpt>
      <trkpt lon="-117.329713" lat="33.979273"><ele>0.000000</ele><time>2025-10-10T00:50:29Z</time><extensions><speed>0.018247</speed><course>273.070202</course><hAcc>3.401570</hAcc><vAcc>-1.000000</vAcc></extensions></trkpt>
      <trkpt lon="-117.329713" lat="33.979273"><ele>0.000000</ele><time>2025-10-10T00:50:30Z</time><extensions><speed>0.040223</speed><course>271.438784</course><hAcc>3.401790</hAcc><vAcc>-1.000000</vAcc></extensions></trkpt>
      <trkpt lon="-117.329713" lat="33.979273"><ele>0.000000</ele><time>2025-10-10T00:50:31Z</time><extensions><speed>0.055077</speed><course>271.074215</course><hAcc>3.401831</hAcc><vAcc>-1.000000</vAcc></extensions></trkpt>
      <trkpt lon="-117.329714" lat="33.979273"><ele>0.000000</ele><time>2025-10-10T00:50:32Z</time><extensions><speed>0.064578</speed><course>270.929344</course><hAcc>3.401830</hAcc><vAcc>-1.000000</vAcc></extensions></trkpt>
      <trkpt lon="-117.329714" lat="33.979273"><ele>0.000000</ele><time>2025-10-10T00:50:33Z</time><extensions><speed>0.070224</speed><course>270.862100</course><hAcc>3.401831</hAcc><vAcc>-1.000000</vAcc></extensions></trkpt>
      <trkpt lon="-117.329715" lat="33.979273"><ele>0.000000</ele><time>2025-10-10T00:50:34Z</time><extensions><speed>0.073212</speed><course>270.830946</course><hAcc>3.401838</hAcc><vAcc>-1.000000</vAcc></extensions></trkpt>
      <trkpt lon="-117.329715" lat="33.979273"><ele>0.000000</ele><time>2025-10-10T00:50:35Z</time><extensions><speed>0.074455</speed><course>270.818952</course><hAcc>3.401849</hAcc><vAcc>-1.000000</vAcc></extensions></trkpt>
      <trkpt lon="-117.329716" lat="33.979273"><ele>0.000000</ele><time>2025-10-10T00:50:36Z</time><extensions><speed>0.074621</speed><course>270.817673</course><hAcc>3.401859</hAcc><vAcc>-1.000000</vAcc></extensions></trkpt>
      <trkpt lon="-117.329717" lat="33.979273"><ele>0.000000</ele><time>2025-10-10T00:50:37Z</time><extensions><speed>0.074179</speed><course>270.822294</course><hAcc>3.401867</hAcc><vAcc>-1.000000</vAcc></extensions></trkpt>
      <trkpt lon="-117.329717" lat="33.979273"><ele>0.000000</ele><time>2025-10-10T00:50:38Z</time><extensions><speed>0.073443</speed><course>270.829852</course><hAcc>3.401873</hAcc><vAcc>-1.000000</vAcc></extensions></trkpt>
      <trkpt lon="-117.329718" lat="33.979273"><ele>0.000000</ele><time>2025-10-10T00:50:39Z</time><extensions><speed>0.072612</speed><course>270.838476</course><hAcc>3.401877</hAcc><vAcc>-1.000000</vAcc></extensions></trkpt>
      <trkpt lon="-117.329718" lat="33.979273"><ele>0.000000</ele><time>2025-10-10T00:50:40Z</time><extensions><speed>0.071803</speed><course>270.847013</course><hAcc>3.401879</hAcc><vAcc>-1.000000</vAcc></extensions></trkpt>
      <trkpt lon="-117.329719" lat="33.979273"><ele>0.000000</ele><time>2025-10-10T00:50:41Z</time><extensions><speed>0.071076</speed><course>270.854810</course><hAcc>3.401880</hAcc><vAcc>-1.000000</vAcc></extensions></trkpt>
      <trkpt lon="-117.329720" lat="33.979273"><ele>0.000000</ele><time>2025-10-10T00:50:42Z</time><extensions><speed>0.070456</speed><course>270.861559</course><hAcc>3.401880</hAcc><vAcc>-1.000000</vAcc></extensions></trkpt>
      <trkpt lon="-117.329720" lat="33.979273"><ele>0.000000</ele><time>2025-10-10T00:50:43Z</time><extensions><speed>0.069945</speed><course>270.867185</course><hAcc>3.401881</hAcc><vAcc>-1.000000</vAcc></extensions></trkpt>
      <trkpt lon="-117.329721" lat="33.979273"><ele>0.000000</ele><time>2025-10-10T00:50:44Z</time><extensions><speed>0.069533</speed><course>270.871756</course><hAcc>3.401881</hAcc><vAcc>-1.000000</vAcc></extensions></trkpt>
      <trkpt lon="-117.329721" lat="33.979273"><ele>0.000000</ele><time>2025-10-10T00:50:45Z</time><extensions><speed>0.069205</speed><course>270.875414</course><hAcc>3.401881</hAcc><vAcc>-1.000000</vAcc></extensions></trkpt>
      <trkpt lon="-117.329722" lat="33.979273"><ele>0.000000</ele><time>2025-10-10T00:50:46Z</time><extensions><speed>0.068944</speed><course>270.878327</course><hAcc>3.401881</hAcc><vAcc>-1.000000</vAcc></extensions></trkpt>
      <trkpt lon="-117.329723" lat="33.979273"><ele>0.000000</ele><time>2025-10-10T00:50:47Z</time><extensions><speed>0.068735</speed><course>270.880666</course><hAcc>3.401881</hAcc><vAcc>-1.000000</vAcc></extensions></trkpt>
      <trkpt lon="-117.329723" lat="33.979273"><ele>0.000000</ele><time>2025-10-10T00:50:48Z</time><extensions><speed>0.068563</speed><course>270.882579</course><hAcc>3.401881</hAcc><vAcc>-1.000000</vAcc></extensions></trkpt>
      <trkpt lon="-117.329724" lat="33.979273"><ele>0.000000</ele><time>2025-10-10T00:50:49Z</time><extensions><speed>0.068417</speed><course>270.884193</course><hAcc>3.401881</hAcc><vAcc>-1.000000</vAcc></extensions></trkpt>
      <trkpt lon="-117.329724" lat="33.979273"><ele>0.000000</ele><time>2025-10-10T00:50:50Z</time><extensions><speed>0.068290</speed><course>270.885606</course><hAcc>3.401881</hAcc><vAcc>-1.000000</vAcc></extensions></trkpt>
      <trkpt lon="-117.329725" lat="33.979273"><ele>0.000000</ele><time>2025-10-10T00:50:51Z</time><extensions><speed>0.068173</speed><course>270.886892</course><hAcc>3.401881</hAcc><vAcc>-1.000000</vAcc></extensions></trkpt>
      <trkpt lon="-117.329726" lat="33.979273"><ele>0.000000</ele><time>2025-10-10T00:50:52Z</time><extensions><speed>0.068064</speed><course>270.888106</course><hAcc>3.401881</hAcc><vAcc>-1.000000</vAcc></extensions></trkpt>
      <trkpt lon="-117.329726" lat="33.979273"><ele>0.000000</ele><time>2025-10-10T00:50:53Z</time><extensions><speed>0.067958</speed><course>270.889282</course><hAcc>3.401881</hAcc><vAcc>-1.000000</vAcc></extensions></trkpt>
      <trkpt lon="-117.329727" lat="33.979273"><ele>0.000000</ele><time>2025-10-10T00:50:54Z</time><extensions><speed>0.067853</speed><course>270.890447</course><hAcc>3.401881</hAcc><vAcc>-1.000000</vAcc></extensions></trkpt>
      <trkpt lon="-117.329727" lat="33.979273"><ele>0.000000</ele><time>2025-10-10T00:50:55Z</time><extensions><speed>0.067748</speed><course>270.891614</course><hAcc>3.401881</hAcc><vAcc>-1.000000</vAcc></extensions></trkpt>
      <trkpt lon="-117.329728" lat="33.979273"><ele>0.000000</ele><time>2025-10-10T00:50:56Z</time><extensions><speed>0.067643</speed><course>270.892790</course><hAcc>3.401881</hAcc><vAcc>-1.000000</vAcc></extensions></trkpt>
      <trkpt lon="-117.329728" lat="33.979273"><ele>0.000000</ele><time>2025-10-10T00:50:57Z</time><extensions><speed>0.067537</speed><course>270.893981</course><hAcc>3.401881</hAcc><vAcc>-1.000000</vAcc></extensions></trkpt>
      <trkpt lon="-117.329729" lat="33.979273"><ele>0.000000</ele><time>2025-10-10T00:50:58Z</time><extensions><speed>0.067430</speed><course>270.895188</course><hAcc>3.401881</hAcc><vAcc>-1.000000</vAcc></extensions></trkpt>
      <trkpt lon="-117.329730" lat="33.979273"><ele>0.000000</ele><time>2025-10-10T00:50:59Z</time><extensions><speed>0.067323</speed><course>270.896408</course><hAcc>3.401881</hAcc><vAcc>-1.000000</vAcc></extensions></trkpt>
      <trkpt lon="-117.329730" lat="33.979273"><ele>0.000000</ele><time>2025-10-10T00:51:00Z</time><extensions><speed>0.067214</speed><course>270.897642</course><hAcc>3.401881</hAcc><vAcc>-1.000000</vAcc></extensions></trkpt>
      <trkpt lon="-117.329731" lat="33.979273"><ele>0.000000</ele><time>2025-10-10T00:51:01Z</time><extensions><speed>0.067105</speed><course>270.898888</course><hAcc>3.401881</hAcc><vAcc>-1.000000</vAcc></extensions></trkpt>
      <trkpt lon="-117.329731" lat="33.979273"><ele>0.000000</ele><time>2025-10-10T00:51:02Z</time><extensions><speed>0.066995</speed><course>270.900144</course><hAcc>3.401881</hAcc><vAcc>-1.000000</vAcc></extensions></trkpt>
      <trkpt lon="-117.329732" lat="33.979273"><ele>0.000000</ele><time>2025-10-10T00:51:03Z</time><extensions><speed>0.066885</speed><course>270.901408</course><hAcc>3.401881</hAcc><vAcc>-1.000000</vAcc></extensions></trkpt>
      <trkpt lon="-117.329733" lat="33.979273"><ele>0.000000</ele><time>2025-10-10T00:51:04Z</time><extensions><speed>0.066775</speed><course>270.902680</course><hAcc>3.401881</hAcc><vAcc>-1.000000</vAcc></extensions></trkpt>
      <trkpt lon="-117.329733" lat="33.979273"><ele>0.000000</ele><time>2025-10-10T00:51:05Z</time><extensions><speed>0.066665</speed><course>270.903958</course><hAcc>3.401881</hAcc><vAcc>-1.000000</vAcc></extensions></trkpt>
      <trkpt lon="-117.329734" lat="33.979273"><ele>0.000000</ele><time>2025-10-10T00:51:06Z</time><extensions><speed>0.066554</speed><course>270.905241</course><hAcc>3.401881</hAcc><vAcc>-1.000000</vAcc></extensions></trkpt>
      <trkpt lon="-117.329734" lat="33.979273"><ele>0.000000</ele><time>2025-10-10T00:51:07Z</time><extensions><speed>0.066444</speed><course>270.906530</course><hAcc>3.401881</hAcc><vAcc>-1.000000</vAcc></extensions></trkpt>
      <trkpt lon="-117.329734" lat="33.979273"><ele>0.000000</ele><time>2025-10-10T00:51:08Z</time><extensions><speed>0.044187</speed><course>271.324753</course><hAcc>3.390527</hAcc><vAcc>-1.000000</vAcc></extensions></trkpt>
      <trkpt lon="-117.329734" lat="33.979273"><ele>0.000000</ele><time>2025-10-10T00:51:09Z</time><extensions><speed>0.023318</speed><course>272.462044</course><hAcc>3.381719</hAcc><vAcc>-1.000000</vAcc></extensions></trkpt>
      <trkpt lon="-117.329734" lat="33.979273"><ele>0.000000</ele><time>2025-10-10T00:51:10Z</time><extensions><speed>0.006069</speed><course>258.826434</course><hAcc>3.361885</hAcc><vAcc>-1.000000</vAcc></extensions></trkpt>
      <trkpt lon="-117.329733" lat="33.979273"><ele>0.000000</ele><time>2025-10-10T00:51:11Z</time><extensions><speed>0.022283</speed><course>102.819173</course><hAcc>3.318245</hAcc><vAcc>-1.000000</vAcc></extensions></trkpt>
      <trkpt lon="-117.329732" lat="33.979273"><ele>0.000000</ele><time>2025-10-10T00:51:12Z</time><extensions><speed>0.036532</speed><course>95.401865</course><hAcc>3.232936</hAcc><vAcc>-1.000000</vAcc></extensions></trkpt>
      <trkpt lon="-117.329732" lat="33.979274"><ele>0.000000</ele><time>2025-10-10T00:51:13Z</time><extensions><speed>0.026032</speed><course>54.840608</course><hAcc>3.078807</hAcc><vAcc>-1.000000</vAcc></extensions></trkpt>
      <trkpt lon="-117.329731" lat="33.979275"><ele>0.000000</ele><time>2025-10-10T00:51:14Z</time><extensions><speed>0.049966</speed><course>333.032080</course><hAcc>2.834843</hAcc><vAcc>-1.000000</vAcc></extensions></trkpt>
      <trkpt lon="-117.329732" lat="33.979276"><ele>0.000000</ele><time>2025-10-10T00:51:15Z</time><extensions><speed>0.133020</speed><course>305.624938</course><hAcc>2.488359</hAcc><vAcc>-1.000000</vAcc></extensions></trkpt>
      <trkpt lon="-117.329733" lat="33.979279"><ele>0.000000</ele><time>2025-10-10T00:51:16Z</time><extensions><speed>0.284105</speed><course>291.501208</course><hAcc>2.072541</hAcc><vAcc>-1.000000</vAcc></extensions></trkpt>
      <trkpt lon="-117.329736" lat="33.979281"><ele>0.000000</ele><time>2025-10-10T00:51:17Z</time><extensions><speed>0.531380</speed><course>280.703129</course><hAcc>1.719076</hAcc><vAcc>-1.000000</vAcc></extensions></trkpt>
      <trkpt lon="-117.329742" lat="33.979285"><ele>0.000000</ele><time>2025-10-10T00:51:17Z</time><extensions><speed>0.939598</speed><course>271.076374</course><hAcc>1.583958</hAcc><vAcc>-1.000000</vAcc></extensions></trkpt>
      <trkpt lon="-117.329751" lat="33.979288"><ele>0.000000</ele><time>2025-10-10T00:51:18Z</time><extensions><speed>1.004175</speed><course>270.884393</course><hAcc>1.483864</hAcc><vAcc>-1.000000</vAcc></extensions></trkpt>
      <trkpt lon="-117.329762" lat="33.979291"><ele>0.000000</ele><time>2025-10-10T00:51:19Z</time><extensions><speed>1.018615</speed><course>272.307764</course><hAcc>1.378031</hAcc><vAcc>-1.000000</vAcc></extensions></trkpt>
      <trkpt lon="-117.329773" lat="33.979295"><ele>0.000000</ele><time>2025-10-10T00:51:20Z</time><extensions><speed>0.994432</speed><course>271.904011</course><hAcc>1.295147</hAcc><vAcc>-1.000000</vAcc></extensions></trkpt>
      <trkpt lon="-117.329784" lat="33.979297"><ele>0.000000</ele><time>2025-10-10T00:51:22Z</time><extensions><speed>1.025587</speed><course>271.530527</course><hAcc>1.230759</hAcc><vAcc>-1.000000</vAcc></extensions></trkpt>
      <trkpt lon="-117.329796" lat="33.979300"><ele>0.000000</ele><time>2025-10-10T00:51:23Z</time><extensions><speed>1.120177</speed><course>277.940109</course><hAcc>1.142112</hAcc><vAcc>-1.000000</vAcc></extensions></trkpt>
      <trkpt lon="-117.329807" lat="33.979304"><ele>0.000000</ele><time>2025-10-10T00:51:24Z</time><extensions><speed>1.117949</speed><course>285.896180</course><hAcc>1.029380</hAcc><vAcc>-1.000000</vAcc></extensions></trkpt>
      <trkpt lon="-117.329819" lat="33.979308"><ele>0.000000</ele><time>2025-10-10T00:51:25Z</time><extensions><speed>1.094126</speed><course>284.602747</course><hAcc>0.943198</hAcc><vAcc>-1.000000</vAcc></extensions></trkpt>
      <trkpt lon="-117.329829" lat="33.979310"><ele>0.000000</ele><time>2025-10-10T00:51:26Z</time><extensions><speed>0.954929</speed><course>280.316959</course><hAcc>0.879325</hAcc><vAcc>-1.000000</vAcc></extensions></trkpt>
      <trkpt lon="-117.329839" lat="33.979311"><ele>0.000000</ele><time>2025-10-10T00:51:27Z</time><extensions><speed>0.949791</speed><course>276.137419</course><hAcc>0.843746</hAcc><vAcc>-1.000000</vAcc></extensions></trkpt>
      <trkpt lon="-117.329849" lat="33.979312"><ele>0.000000</ele><time>2025-10-10T00:51:28Z</time><extensions><speed>0.863978</speed><course>276.428432</course><hAcc>0.816896</hAcc><vAcc>-1.000000</vAcc></extensions></trkpt>
      <trkpt lon="-117.329855" lat="33.979317"><ele>0.000000</ele><time>2025-10-10T00:51:29Z</time><extensions><speed>1.112707</speed><course>345.804780</course><hAcc>0.776552</hAcc><vAcc>-1.000000</vAcc></extensions></trkpt>
      <trkpt lon="-117.329858" lat="33.979328"><ele>0.000000</ele><time>2025-10-10T00:51:30Z</time><extensions><speed>1.535912</speed><course>348.662853</course><hAcc>0.734301</hAcc><vAcc>-1.000000</vAcc></extensions></trkpt>
      <trkpt lon="-117.329861" lat="33.979342"><ele>0.000000</ele><time>2025-10-10T00:51:31Z</time><extensions><speed>1.691487</speed><course>345.937995</course><hAcc>0.712381</hAcc><vAcc>-1.000000</vAcc></extensions></trkpt>
      <trkpt lon="-117.329865" lat="33.979356"><ele>0.000000</ele><time>2025-10-10T00:51:32Z</time><extensions><speed>1.652355</speed><course>345.196562</course><hAcc>0.697433</hAcc><vAcc>-1.000000</vAcc></extensions></trkpt>
      <trkpt lon="-117.329871" lat="33.979370"><ele>0.000000</ele><time>2025-10-10T00:51:33Z</time><extensions><speed>1.712341</speed><course>337.950358</course><hAcc>0.661713</hAcc><vAcc>-1.000000</vAcc></extensions></trkpt>
      <trkpt lon="-117.329878" lat="33.979384"><ele>0.000000</ele><time>2025-10-10T00:51:34Z</time><extensions><speed>1.643664</speed><course>334.456187</course><hAcc>0.659114</hAcc><vAcc>-1.000000</vAcc></extensions></trkpt>
      <trkpt lon="-117.329886" lat="33.979396"><ele>0.000000</ele><time>2025-10-10T00:51:35Z</time><extensions><speed>1.593896</speed><course>329.127123</course><hAcc>0.645490</hAcc><vAcc>-1.000000</vAcc></extensions></trkpt>
      <trkpt lon="-117.329894" lat="33.979408"><ele>0.000000</ele><time>2025-10-10T00:51:36Z</time><extensions><speed>1.454163</speed><course>333.808206</course><hAcc>0.647697</hAcc><vAcc>-1.000000</vAcc></extensions></trkpt>
      <trkpt lon="-117.329901" lat="33.979420"><ele>0.000000</ele><time>2025-10-10T00:51:37Z</time><extensions><speed>1.442921</speed><course>330.340674</course><hAcc>0.650688</hAcc><vAcc>-1.000000</vAcc></extensions></trkpt>
      <trkpt lon="-117.329909" lat="33.979432"><ele>0.000000</ele><time>2025-10-10T00:51:38Z</time><extensions><speed>1.485231</speed><course>330.155813</course><hAcc>0.647035</hAcc><vAcc>-1.000000</vAcc></extensions></trkpt>
      <trkpt lon="-117.329917" lat="33.979442"><ele>0.000000</ele><time>2025-10-10T00:51:39Z</time><extensions><speed>1.336697</speed><course>325.251736</course><hAcc>0.638436</hAcc><vAcc>-1.000000</vAcc></extensions></trkpt>
      <trkpt lon="-117.329928" lat="33.979450"><ele>0.000000</ele><time>2025-10-10T00:51:40Z</time><extensions><speed>1.501911</speed><course>291.866118</course><hAcc>0.678453</hAcc><vAcc>-1.000000</vAcc></extensions></trkpt>
      <trkpt lon="-117.329942" lat="33.979452"><ele>0.000000</ele><time>2025-10-10T00:51:41Z</time><extensions><speed>1.179398</speed><course>265.384852</course><hAcc>0.653335</hAcc><vAcc>-1.000000</vAcc></extensions></trkpt>
      <trkpt lon="-117.329954" lat="33.979451"><ele>0.000000</ele><time>2025-10-10T00:51:42Z</time><extensions><speed>1.108482</speed><course>263.927342</course><hAcc>0.677523</hAcc><vAcc>-1.000000</vAcc></extensions></trkpt>
      <trkpt lon="-117.329965" lat="33.979452"><ele>0.000000</ele><time>2025-10-10T00:51:43Z</time><extensions><speed>1.088826</speed><course>282.563148</course><hAcc>0.697821</hAcc><vAcc>-1.000000</vAcc></extensions></trkpt>
      <trkpt lon="-117.329976" lat="33.979455"><ele>0.000000</ele><time>2025-10-10T00:51:44Z</time><extensions><speed>1.140700</speed><course>303.876428</course><hAcc>0.696686</hAcc><vAcc>-1.000000</vAcc></extensions></trkpt>
      <trkpt lon="-117.329985" lat="33.979462"><ele>0.000000</ele><time>2025-10-10T00:51:45Z</time><extensions><speed>1.148620</speed><course>321.515311</course><hAcc>0.682968</hAcc><vAcc>-1.000000</vAcc></extensions></trkpt>
      <trkpt lon="-117.329991" lat="33.979471"><ele>0.000000</ele><time>2025-10-10T00:51:46Z</time><extensions><speed>1.227809</speed><course>329.834846</course><hAcc>0.676870</hAcc><vAcc>-1.000000</vAcc></extensions></trkpt>
      <trkpt lon="-117.329997" lat="33.979481"><ele>0.000000</ele><time>2025-10-10T00:51:47Z</time><extensions><speed>1.331599</speed><course>339.380085</course><hAcc>0.662213</hAcc><vAcc>-1.000000</vAcc></extensions></trkpt>
      <trkpt lon="-117.330000" lat="33.979492"><ele>0.000000</ele><time>2025-10-10T00:51:48Z</time><extensions><speed>1.320425</speed><course>351.386012</course><hAcc>0.645867</hAcc><vAcc>-1.000000</vAcc></extensions></trkpt>
      <trkpt lon="-117.330002" lat="33.979503"><ele>0.000000</ele><time>2025-10-10T00:51:49Z</time><extensions><speed>1.321322</speed><course>358.023809</course><hAcc>0.631091</hAcc><vAcc>-1.000000</vAcc></extensions></trkpt>
      <trkpt lon="-117.330001" lat="33.979515"><ele>0.000000</ele><time>2025-10-10T00:51:50Z</time><extensions><speed>1.312797</speed><course>5.181993</course><hAcc>0.613190</hAcc><vAcc>-1.000000</vAcc></extensions></trkpt>
      <trkpt lon="-117.329999" lat="33.979526"><ele>0.000000</ele><time>2025-10-10T00:51:51Z</time><extensions><speed>1.285292</speed><course>11.920062</course><hAcc>0.594681</hAcc><vAcc>-1.000000</vAcc></extensions></trkpt>
      <trkpt lon="-117.329996" lat="33.979537"><ele>0.000000</ele><time>2025-10-10T00:51:52Z</time><extensions><speed>1.231589</speed><course>14.463281</course><hAcc>0.577176</hAcc><vAcc>-1.000000</vAcc></extensions></trkpt>
      <trkpt lon="-117.329992" lat="33.979547"><ele>0.000000</ele><time>2025-10-10T00:51:53Z</time><extensions><speed>1.224302</speed><course>16.589308</course><hAcc>0.558041</hAcc><vAcc>-1.000000</vAcc></extensions></trkpt>
      <trkpt lon="-117.329990" lat="33.979558"><ele>0.000000</ele><time>2025-10-10T00:51:54Z</time><extensions><speed>1.253963</speed><course>5.632221</course><hAcc>0.547434</hAcc><vAcc>-1.000000</vAcc></extensions></trkpt>
      <trkpt lon="-117.329989" lat="33.979569"><ele>0.000000</ele><time>2025-10-10T00:51:55Z</time><extensions><speed>1.243833</speed><course>1.907053</course><hAcc>0.540544</hAcc><vAcc>-1.000000</vAcc></extensions></trkpt>
      <trkpt lon="-117.329989" lat="33.979580"><ele>0.000000</ele><time>2025-10-10T00:51:56Z</time><extensions><speed>1.245603</speed><course>2.084966</course><hAcc>0.531389</hAcc><vAcc>-1.000000</vAcc></extensions></trkpt>
      <trkpt lon="-117.329988" lat="33.979591"><ele>0.000000</ele><time>2025-10-10T00:51:57Z</time><extensions><speed>1.211859</speed><course>2.634332</course><hAcc>0.523875</hAcc><vAcc>-1.000000</vAcc></extensions></trkpt>
      <trkpt lon="-117.329987" lat="33.979602"><ele>0.000000</ele><time>2025-10-10T00:51:58Z</time><extensions><speed>1.211801</speed><course>6.780992</course><hAcc>0.515169</hAcc><vAcc>-1.000000</vAcc></extensions></trkpt>
      <trkpt lon="-117.329987" lat="33.979612"><ele>0.000000</ele><time>2025-10-10T00:51:59Z</time><extensions><speed>1.206260</speed><course>359.707963</course><hAcc>0.507781</hAcc><vAcc>-1.000000</vAcc></extensions></trkpt>
      <trkpt lon="-117.329987" lat="33.979623"><ele>0.000000</ele><time>2025-10-10T00:52:00Z</time><extensions><speed>1.177674</speed><course>1.044906</course><hAcc>0.502247</hAcc><vAcc>-1.000000</vAcc></extensions></trkpt>
      <trkpt lon="-117.329987" lat="33.979634"><ele>0.000000</ele><time>2025-10-10T00:52:01Z</time><extensions><speed>1.203377</speed><course>357.312119</course><hAcc>0.497147</hAcc><vAcc>-1.000000</vAcc></extensions></trkpt>
      <trkpt lon="-117.329988" lat="33.979645"><ele>0.000000</ele><time>2025-10-10T00:52:02Z</time><extensions><speed>1.194662</speed><course>359.385579</course><hAcc>0.495596</hAcc><vAcc>-1.000000</vAcc></extensions></trkpt>
      <trkpt lon="-117.329988" lat="33.979655"><ele>0.000000</ele><time>2025-10-10T00:52:03Z</time><extensions><speed>1.193707</speed><course>2.269565</course><hAcc>0.506048</hAcc><vAcc>-1.000000</vAcc></extensions></trkpt>
      <trkpt lon="-117.329989" lat="33.979666"><ele>0.000000</ele><time>2025-10-10T00:52:04Z</time><extensions><speed>1.142784</speed><course>353.837389</course><hAcc>0.500895</hAcc><vAcc>-1.000000</vAcc></extensions></trkpt>
      <trkpt lon="-117.329990" lat="33.979676"><ele>0.000000</ele><time>2025-10-10T00:52:05Z</time><extensions><speed>1.165279</speed><course>357.676602</course><hAcc>0.528544</hAcc><vAcc>-1.000000</vAcc></extensions></trkpt>
      <trkpt lon="-117.329991" lat="33.979686"><ele>0.000000</ele><time>2025-10-10T00:52:06Z</time><extensions><speed>1.165644</speed><course>359.764506</course><hAcc>0.527067</hAcc><vAcc>-1.000000</vAcc></extensions></trkpt>
      <trkpt lon="-117.329992" lat="33.979696"><ele>0.000000</ele><time>2025-10-10T00:52:07Z</time><extensions><speed>1.092002</speed><course>354.850701</course><hAcc>0.527707</hAcc><vAcc>-1.000000</vAcc></extensions></trkpt>
      <trkpt lon="-117.329993" lat="33.979706"><ele>0.000000</ele><time>2025-10-10T00:52:08Z</time><extensions><speed>1.130682</speed><course>358.265074</course><hAcc>0.568606</hAcc><vAcc>-1.000000</vAcc></extensions></trkpt>
      <trkpt lon="-117.329994" lat="33.979716"><ele>0.000000</ele><time>2025-10-10T00:52:09Z</time><extensions><speed>1.094604</speed><course>352.209239</course><hAcc>0.569760</hAcc><vAcc>-1.000000</vAcc></extensions></trkpt>
      <trkpt lon="-117.329996" lat="33.979726"><ele>0.000000</ele><time>2025-10-10T00:52:10Z</time><extensions><speed>1.100207</speed><course>356.166716</course><hAcc>0.612918</hAcc><vAcc>-1.000000</vAcc></extensions></trkpt>
      <trkpt lon="-117.329997" lat="33.979736"><ele>0.000000</ele><time>2025-10-10T00:52:11Z</time><extensions><speed>1.076113</speed><course>356.794076</course><hAcc>0.643134</hAcc><vAcc>-1.000000</vAcc></extensions></trkpt>
      <trkpt lon="-117.329998" lat="33.979746"><ele>0.000000</ele><time>2025-10-10T00:52:12Z</time><extensions><speed>1.131726</speed><course>356.627591</course><hAcc>0.675479</hAcc><vAcc>-1.000000</vAcc></extensions></trkpt>
      <trkpt lon="-117.330000" lat="33.979756"><ele>0.000000</ele><time>2025-10-10T00:52:13Z</time><extensions><speed>1.138362</speed><course>357.162488</course><hAcc>0.686832</hAcc><vAcc>-1.000000</vAcc></extensions></trkpt>
      <trkpt lon="-117.330001" lat="33.979766"><ele>0.000000</ele><time>2025-10-10T00:52:14Z</time><extensions><speed>1.083811</speed><course>359.346344</course><hAcc>0.695915</hAcc><vAcc>-1.000000</vAcc></extensions></trkpt>
      <trkpt lon="-117.330001" lat="33.979775"><ele>0.000000</ele><time>2025-10-10T00:52:15Z</time><extensions><speed>1.087658</speed><course>359.249575</course><hAcc>0.698608</hAcc><vAcc>-1.000000</vAcc></extensions></trkpt>
      <trkpt lon="-117.330002" lat="33.979785"><ele>0.000000</ele><time>2025-10-10T00:52:16Z</time><extensions><speed>1.108948</speed><course>359.378007</course><hAcc>0.699166</hAcc><vAcc>-1.000000</vAcc></extensions></trkpt>
      <trkpt lon="-117.330003" lat="33.979795"><ele>0.000000</ele><time>2025-10-10T00:52:17Z</time><extensions><speed>1.165683</speed><course>357.991575</course><hAcc>0.699811</hAcc><vAcc>-1.000000</vAcc></extensions></trkpt>
      <trkpt lon="-117.330005" lat="33.979805"><ele>0.000000</ele><time>2025-10-10T00:52:18Z</time><extensions><speed>1.166394</speed><course>358.761015</course><hAcc>0.697072</hAcc><vAcc>-1.000000</vAcc></extensions></trkpt>
      <trkpt lon="-117.330005" lat="33.979816"><ele>0.000000</ele><time>2025-10-10T00:52:19Z</time><extensions><speed>1.162742</speed><course>0.062859</course><hAcc>0.698865</hAcc><vAcc>-1.000000</vAcc></extensions></trkpt>
      <trkpt lon="-117.330006" lat="33.979826"><ele>0.000000</ele><time>2025-10-10T00:52:20Z</time><extensions><speed>1.151605</speed><course>358.384110</course><hAcc>0.700396</hAcc><vAcc>-1.000000</vAcc></extensions></trkpt>
      <trkpt lon="-117.330008" lat="33.979836"><ele>0.000000</ele><time>2025-10-10T00:52:21Z</time><extensions><speed>1.129694</speed><course>355.934941</course><hAcc>0.704732</hAcc><vAcc>-1.000000</vAcc></extensions></trkpt>
      <trkpt lon="-117.330010" lat="33.979846"><ele>0.000000</ele><time>2025-10-10T00:52:22Z</time><extensions><speed>1.158889</speed><course>357.943345</course><hAcc>0.709777</hAcc><vAcc>-1.000000</vAcc></extensions></trkpt>
      <trkpt lon="-117.330012" lat="33.979857"><ele>0.000000</ele><time>2025-10-10T00:52:23Z</time><extensions><speed>1.162994</speed><course>353.138523</course><hAcc>0.707811</hAcc><vAcc>-1.000000</vAcc></extensions></trkpt>
      <trkpt lon="-117.330014" lat="33.979867"><ele>0.000000</ele><time>2025-10-10T00:52:24Z</time><extensions><speed>1.138483</speed><course>354.691100</course><hAcc>0.712545</hAcc><vAcc>-1.000000</vAcc></extensions></trkpt>
      <trkpt lon="-117.330015" lat="33.979877"><ele>0.000000</ele><time>2025-10-10T00:52:25Z</time><extensions><speed>1.124797</speed><course>354.084089</course><hAcc>0.717387</hAcc><vAcc>-1.000000</vAcc></extensions></trkpt>
      <trkpt lon="-117.330017" lat="33.979887"><ele>0.000000</ele><time>2025-10-10T00:52:26Z</time><extensions><speed>1.121287</speed><course>352.731347</course><hAcc>0.723791</hAcc><vAcc>-1.000000</vAcc></extensions></trkpt>
      <trkpt lon="-117.330019" lat="33.979897"><ele>0.000000</ele><time>2025-10-10T00:52:27Z</time><extensions><speed>1.111430</speed><course>357.683669</course><hAcc>0.731888</hAcc><vAcc>-1.000000</vAcc></extensions></trkpt>
      <trkpt lon="-117.330020" lat="33.979908"><ele>0.000000</ele><time>2025-10-10T00:52:28Z</time><extensions><speed>1.131068</speed><course>353.815042</course><hAcc>0.730081</hAcc><vAcc>-1.000000</vAcc></extensions></trkpt>
      <trkpt lon="-117.330022" lat="33.979918"><ele>0.000000</ele><time>2025-10-10T00:52:29Z</time><extensions><speed>1.109596</speed><course>355.418172</course><hAcc>0.724553</hAcc><vAcc>-1.000000</vAcc></extensions></trkpt>
      <trkpt lon="-117.330022" lat="33.979928"><ele>0.000000</ele><time>2025-10-10T00:52:30Z</time><extensions><speed>1.107198</speed><course>358.681440</course><hAcc>0.726457</hAcc><vAcc>-1.000000</vAcc></extensions></trkpt>
      <trkpt lon="-117.330024" lat="33.979938"><ele>0.000000</ele><time>2025-10-10T00:52:31Z</time><extensions><speed>1.184375</speed><course>349.526577</course><hAcc>0.739395</hAcc><vAcc>-1.000000</vAcc></extensions></trkpt>
      <trkpt lon="-117.330025" lat="33.979948"><ele>0.000000</ele><time>2025-10-10T00:52:32Z</time><extensions><speed>1.182487</speed><course>4.850526</course><hAcc>0.730962</hAcc><vAcc>-1.000000</vAcc></extensions></trkpt>
      <trkpt lon="-117.330025" lat="33.979959"><ele>0.000000</ele><time>2025-10-10T00:52:33Z</time><extensions><speed>1.187873</speed><course>358.389219</course><hAcc>0.718548</hAcc><vAcc>-1.000000</vAcc></extensions></trkpt>
      <trkpt lon="-117.330025" lat="33.979969"><ele>0.000000</ele><time>2025-10-10T00:52:34Z</time><extensions><speed>1.143952</speed><course>356.874306</course><hAcc>0.718045</hAcc><vAcc>-1.000000</vAcc></extensions></trkpt>
      <trkpt lon="-117.330026" lat="33.979980"><ele>0.000000</ele><time>2025-10-10T00:52:35Z</time><extensions><speed>1.161737</speed><course>358.989262</course><hAcc>0.730725</hAcc><vAcc>-1.000000</vAcc></extensions></trkpt>
      <trkpt lon="-117.330025" lat="33.979990"><ele>0.000000</ele><time>2025-10-10T00:52:36Z</time><extensions><speed>1.175579</speed><course>1.211863</course><hAcc>0.736151</hAcc><vAcc>-1.000000</vAcc></extensions></trkpt>
      <trkpt lon="-117.330025" lat="33.980001"><ele>0.000000</ele><time>2025-10-10T00:52:37Z</time><extensions><speed>1.178371</speed><course>2.564784</course><hAcc>0.739018</hAcc><vAcc>-1.000000</vAcc></extensions></trkpt>
      <trkpt lon="-117.330024" lat="33.980011"><ele>0.000000</ele><time>2025-10-10T00:52:38Z</time><extensions><speed>1.175262</speed><course>1.704567</course><hAcc>0.736910</hAcc><vAcc>-1.000000</vAcc></extensions></trkpt>
      <trkpt lon="-117.330023" lat="33.980022"><ele>0.000000</ele><time>2025-10-10T00:52:39Z</time><extensions><speed>1.156267</speed><course>3.707688</course><hAcc>0.739186</hAcc><vAcc>-1.000000</vAcc></extensions></trkpt>
      <trkpt lon="-117.330022" lat="33.980032"><ele>0.000000</ele><time>2025-10-10T00:52:40Z</time><extensions><speed>1.093783</speed><course>1.897280</course><hAcc>0.738320</hAcc><vAcc>-1.000000</vAcc></extensions></trkpt>
      <trkpt lon="-117.330022" lat="33.980042"><ele>0.000000</ele><time>2025-10-10T00:52:41Z</time><extensions><speed>1.091544</speed><course>5.448978</course><hAcc>0.737487</hAcc><vAcc>-1.000000</vAcc></extensions></trkpt>
      <trkpt lon="-117.330021" lat="33.980051"><ele>0.000000</ele><time>2025-10-10T00:52:42Z</time><extensions><speed>1.094139</speed><course>3.702244</course><hAcc>0.739237</hAcc><vAcc>-1.000000</vAcc></extensions></trkpt>
      <trkpt lon="-117.330021" lat="33.980061"><ele>0.000000</ele><time>2025-10-10T00:52:43Z</time><extensions><speed>1.132435</speed><course>358.305527</course><hAcc>0.735744</hAcc><vAcc>-1.000000</vAcc></extensions></trkpt>
      <trkpt lon="-117.330022" lat="33.980072"><ele>0.000000</ele><time>2025-10-10T00:52:44Z</time><extensions><speed>1.182206</speed><course>358.337809</course><hAcc>0.732244</hAcc><vAcc>-1.000000</vAcc></extensions></trkpt>
      <trkpt lon="-117.330022" lat="33.980082"><ele>0.000000</ele><time>2025-10-10T00:52:45Z</time><extensions><speed>1.182716</speed><course>359.799557</course><hAcc>0.730429</hAcc><vAcc>-1.000000</vAcc></extensions></trkpt>
      <trkpt lon="-117.330023" lat="33.980093"><ele>0.000000</ele><time>2025-10-10T00:52:46Z</time><extensions><speed>1.167224</speed><course>358.474309</course><hAcc>0.730321</hAcc><vAcc>-1.000000</vAcc></extensions></trkpt>
      <trkpt lon="-117.330023" lat="33.980104"><ele>0.000000</ele><time>2025-10-10T00:52:47Z</time><extensions><speed>1.165726</speed><course>357.798979</course><hAcc>0.727293</hAcc><vAcc>-1.000000</vAcc></extensions></trkpt>
      <trkpt lon="-117.330024" lat="33.980114"><ele>0.000000</ele><time>2025-10-10T00:52:48Z</time><extensions><speed>1.165940</speed><course>357.353519</course><hAcc>0.724861</hAcc><vAcc>-1.000000</vAcc></extensions></trkpt>
      <trkpt lon="-117.330025" lat="33.980125"><ele>0.000000</ele><time>2025-10-10T00:52:49Z</time><extensions><speed>1.189628</speed><course>357.249883</course><hAcc>0.722595</hAcc><vAcc>-1.000000</vAcc></extensions></trkpt>
      <trkpt lon="-117.330025" lat="33.980136"><ele>0.000000</ele><time>2025-10-10T00:52:50Z</time><extensions><speed>1.190439</speed><course>357.046586</course><hAcc>0.716645</hAcc><vAcc>-1.000000</vAcc></extensions></trkpt>
      <trkpt lon="-117.330026" lat="33.980147"><ele>0.000000</ele><time>2025-10-10T00:52:51Z</time><extensions><speed>1.140834</speed><course>356.435383</course><hAcc>0.720590</hAcc><vAcc>-1.000000</vAcc></extensions></trkpt>
      <trkpt lon="-117.330027" lat="33.980157"><ele>0.000000</ele><time>2025-10-10T00:52:52Z</time><extensions><speed>1.142195</speed><course>357.065874</course><hAcc>0.717962</hAcc><vAcc>-1.000000</vAcc></extensions></trkpt>
      <trkpt lon="-117.330027" lat="33.980168"><ele>0.000000</ele><time>2025-10-10T00:52:53Z</time><extensions><speed>1.187295</speed><course>357.945005</course><hAcc>0.712709</hAcc><vAcc>-1.000000</vAcc></extensions></trkpt>
      <trkpt lon="-117.330028" lat="33.980179"><ele>0.000000</ele><time>2025-10-10T00:52:54Z</time><extensions><speed>1.191561</speed><course>358.097843</course><hAcc>0.708371</hAcc><vAcc>-1.000000</vAcc></extensions></trkpt>
      <trkpt lon="-117.330029" lat="33.980190"><ele>0.000000</ele><time>2025-10-10T00:52:55Z</time><extensions><speed>1.184193</speed><course>355.888000</course><hAcc>0.702092</hAcc><vAcc>-1.000000</vAcc></extensions></trkpt>
      <trkpt lon="-117.330029" lat="33.980200"><ele>0.000000</ele><time>2025-10-10T00:52:56Z</time><extensions><speed>1.180526</speed><course>357.565765</course><hAcc>0.696798</hAcc><vAcc>-1.000000</vAcc></extensions></trkpt>
      <trkpt lon="-117.330030" lat="33.980211"><ele>0.000000</ele><time>2025-10-10T00:52:57Z</time><extensions><speed>1.158589</speed><course>353.320620</course><hAcc>0.695878</hAcc><vAcc>-1.000000</vAcc></extensions></trkpt>
      <trkpt lon="-117.330031" lat="33.980222"><ele>0.000000</ele><time>2025-10-10T00:52:58Z</time><extensions><speed>1.222705</speed><course>357.831149</course><hAcc>0.690672</hAcc><vAcc>-1.000000</vAcc></extensions></trkpt>
      <trkpt lon="-117.330031" lat="33.980234"><ele>0.000000</ele><time>2025-10-10T00:52:59Z</time><extensions><speed>1.260276</speed><course>358.022394</course><hAcc>0.683647</hAcc><vAcc>-1.000000</vAcc></extensions></trkpt>
      <trkpt lon="-117.330032" lat="33.980245"><ele>0.000000</ele><time>2025-10-10T00:53:00Z</time><extensions><speed>1.263001</speed><course>355.432731</course><hAcc>0.676776</hAcc><vAcc>-1.000000</vAcc></extensions></trkpt>
      <trkpt lon="-117.330034" lat="33.980257"><ele>0.000000</ele><time>2025-10-10T00:53:01Z</time><extensions><speed>1.267008</speed><course>350.788879</course><hAcc>0.670754</hAcc><vAcc>-1.000000</vAcc></extensions></trkpt>
      <trkpt lon="-117.330037" lat="33.980268"><ele>0.000000</ele><time>2025-10-10T00:53:02Z</time><extensions><speed>1.266858</speed><course>350.831649</course><hAcc>0.667304</hAcc><vAcc>-1.000000</vAcc></extensions></trkpt>
      <trkpt lon="-117.330039" lat="33.980279"><ele>0.000000</ele><time>2025-10-10T00:53:03Z</time><extensions><speed>1.225288</speed><course>354.157738</course><hAcc>0.665612</hAcc><vAcc>-1.000000</vAcc></extensions></trkpt>
      <trkpt lon="-117.330040" lat="33.980291"><ele>0.000000</ele><time>2025-10-10T00:53:04Z</time><extensions><speed>1.234972</speed><course>356.308919</course><hAcc>0.660366</hAcc><vAcc>-1.000000</vAcc></extensions></trkpt>
      <trkpt lon="-117.330041" lat="33.980302"><ele>0.000000</ele><time>2025-10-10T00:53:05Z</time><extensions><speed>1.233906</speed><course>357.386566</course><hAcc>0.659671</hAcc><vAcc>-1.000000</vAcc></extensions></trkpt>
      <trkpt lon="-117.330041" lat="33.980313"><ele>0.000000</ele><time>2025-10-10T00:53:06Z</time><extensions><speed>1.250433</speed><course>357.594038</course><hAcc>0.655265</hAcc><vAcc>-1.000000</vAcc></extensions></trkpt>
      <trkpt lon="-117.330041" lat="33.980324"><ele>0.000000</ele><time>2025-10-10T00:53:07Z</time><extensions><speed>1.246018</speed><course>3.161008</course><hAcc>0.651849</hAcc><vAcc>-1.000000</vAcc></extensions></trkpt>
      <trkpt lon="-117.330041" lat="33.980335"><ele>0.000000</ele><time>2025-10-10T00:53:08Z</time><extensions><speed>1.287788</speed><course>0.688706</course><hAcc>0.646791</hAcc><vAcc>-1.000000</vAcc></extensions></trkpt>
      <trkpt lon="-117.330041" lat="33.980346"><ele>0.000000</ele><time>2025-10-10T00:53:09Z</time><extensions><speed>1.281749</speed><course>0.384578</course><hAcc>0.637658</hAcc><vAcc>-1.000000</vAcc></extensions></trkpt>
      <trkpt lon="-117.330041" lat="33.980357"><ele>0.000000</ele><time>2025-10-10T00:53:10Z</time><extensions><speed>1.274301</speed><course>357.818979</course><hAcc>0.628772</hAcc><vAcc>-1.000000</vAcc></extensions></trkpt>
      <trkpt lon="-117.330042" lat="33.980368"><ele>0.000000</ele><time>2025-10-10T00:53:11Z</time><extensions><speed>1.269909</speed><course>357.329939</course><hAcc>0.623015</hAcc><vAcc>-1.000000</vAcc></extensions></trkpt>
      <trkpt lon="-117.330042" lat="33.980378"><ele>0.000000</ele><time>2025-10-10T00:53:12Z</time><extensions><speed>1.225048</speed><course>355.795452</course><hAcc>0.617706</hAcc><vAcc>-1.000000</vAcc></extensions></trkpt>
      <trkpt lon="-117.330043" lat="33.980389"><ele>0.000000</ele><time>2025-10-10T00:53:13Z</time><extensions><speed>1.212759</speed><course>1.276486</course><hAcc>0.610471</hAcc><vAcc>-1.000000</vAcc></extensions></trkpt>
      <trkpt lon="-117.330043" lat="33.980399"><ele>0.000000</ele><time>2025-10-10T00:53:14Z</time><extensions><speed>1.182736</speed><course>357.594885</course><hAcc>0.600093</hAcc><vAcc>-1.000000</vAcc></extensions></trkpt>
      <trkpt lon="-117.330044" lat="33.980409"><ele>0.000000</ele><time>2025-10-10T00:53:15Z</time><extensions><speed>1.175541</speed><course>355.438509</course><hAcc>0.594516</hAcc><vAcc>-1.000000</vAcc></extensions></trkpt>
      <trkpt lon="-117.330045" lat="33.980419"><ele>0.000000</ele><time>2025-10-10T00:53:16Z</time><extensions><speed>1.150760</speed><course>347.976013</course><hAcc>0.585100</hAcc><vAcc>-1.000000</vAcc></extensions></trkpt>
      <trkpt lon="-117.330050" lat="33.980428"><ele>0.000000</ele><time>2025-10-10T00:53:17Z</time><extensions><speed>1.082373</speed><course>323.616196</course><hAcc>0.575913</hAcc><vAcc>-1.000000</vAcc></extensions></trkpt>
      <trkpt lon="-117.330058" lat="33.980434"><ele>0.000000</ele><time>2025-10-10T00:53:18Z</time><extensions><speed>1.118412</speed><course>303.643125</course><hAcc>0.572164</hAcc><vAcc>-1.000000</vAcc></extensions></trkpt>
      <trkpt lon="-117.330069" lat="33.980438"><ele>0.000000</ele><time>2025-10-10T00:53:19Z</time><extensions><speed>1.162052</speed><course>286.812392</course><hAcc>0.575134</hAcc><vAcc>-1.000000</vAcc></extensions></trkpt>
      <trkpt lon="-117.330081" lat="33.980441"><ele>0.000000</ele><time>2025-10-10T00:53:20Z</time><extensions><speed>1.114471</speed><course>287.055707</course><hAcc>0.561470</hAcc><vAcc>-1.000000</vAcc></extensions></trkpt>
      <trkpt lon="-117.330092" lat="33.980444"><ele>0.000000</ele><time>2025-10-10T00:53:21Z</time><extensions><speed>1.124928</speed><course>287.082944</course><hAcc>0.566948</hAcc><vAcc>-1.000000</vAcc></extensions></trkpt>
      <trkpt lon="-117.330104" lat="33.980446"><ele>0.000000</ele><time>2025-10-10T00:53:22Z</time><extensions><speed>1.119677</speed><course>285.129460</course><hAcc>0.556191</hAcc><vAcc>-1.000000</vAcc></extensions></trkpt>
      <trkpt lon="-117.330116" lat="33.980448"><ele>0.000000</ele><time>2025-10-10T00:53:23Z</time><extensions><speed>1.150588</speed><course>277.609303</course><hAcc>0.562923</hAcc><vAcc>-1.000000</vAcc></extensions></trkpt>
      <trkpt lon="-117.330128" lat="33.980450"><ele>0.000000</ele><time>2025-10-10T00:53:24Z</time><extensions><speed>1.156213</speed><course>280.616087</course><hAcc>0.556800</hAcc><vAcc>-1.000000</vAcc></extensions></trkpt>
      <trkpt lon="-117.330140" lat="33.980452"><ele>0.000000</ele><time>2025-10-10T00:53:25Z</time><extensions><speed>1.131323</speed><course>280.174621</course><hAcc>0.565954</hAcc><vAcc>-1.000000</vAcc></extensions></trkpt>
      <trkpt lon="-117.330152" lat="33.980453"><ele>0.000000</ele><time>2025-10-10T00:53:26Z</time><extensions><speed>1.148712</speed><course>274.959571</course><hAcc>0.586949</hAcc><vAcc>-1.000000</vAcc></extensions></trkpt>
      <trkpt lon="-117.330165" lat="33.980453"><ele>0.000000</ele><time>2025-10-10T00:53:27Z</time><extensions><speed>1.154109</speed><course>267.196959</course><hAcc>0.596871</hAcc><vAcc>-1.000000</vAcc></extensions></trkpt>
      <trkpt lon="-117.330177" lat="33.980453"><ele>0.000000</ele><time>2025-10-10T00:53:28Z</time><extensions><speed>1.105784</speed><course>267.315323</course><hAcc>0.604063</hAcc><vAcc>-1.000000</vAcc></extensions></trkpt>
      <trkpt lon="-117.330188" lat="33.980453"><ele>0.000000</ele><time>2025-10-10T00:53:29Z</time><extensions><speed>1.082951</speed><course>276.159931</course><hAcc>0.613871</hAcc><vAcc>-1.000000</vAcc></extensions></trkpt>
      <trkpt lon="-117.330200" lat="33.980454"><ele>0.000000</ele><time>2025-10-10T00:53:30Z</time><extensions><speed>1.095135</speed><course>273.997194</course><hAcc>0.624051</hAcc><vAcc>-1.000000</vAcc></extensions></trkpt>
      <trkpt lon="-117.330212" lat="33.980453"><ele>0.000000</ele><time>2025-10-10T00:53:31Z</time><extensions><speed>1.203796</speed><course>256.850904</course><hAcc>0.635344</hAcc><vAcc>-1.000000</vAcc></extensions></trkpt>
      <trkpt lon="-117.330225" lat="33.980452"><ele>0.000000</ele><time>2025-10-10T00:53:32Z</time><extensions><speed>1.203785</speed><course>259.808589</course><hAcc>0.644524</hAcc><vAcc>-1.000000</vAcc></extensions></trkpt>
      <trkpt lon="-117.330238" lat="33.980450"><ele>0.000000</ele><time>2025-10-10T00:53:33Z</time><extensions><speed>1.205069</speed><course>260.068186</course><hAcc>0.652552</hAcc><vAcc>-1.000000</vAcc></extensions></trkpt>
      <trkpt lon="-117.330250" lat="33.980449"><ele>0.000000</ele><time>2025-10-10T00:53:34Z</time><extensions><speed>1.215742</speed><course>258.175420</course><hAcc>0.657895</hAcc><vAcc>-1.000000</vAcc></extensions></trkpt>
      <trkpt lon="-117.330263" lat="33.980448"><ele>0.000000</ele><time>2025-10-10T00:53:35Z</time><extensions><speed>1.215968</speed><course>266.368756</course><hAcc>0.656556</hAcc><vAcc>-1.000000</vAcc></extensions></trkpt>
      <trkpt lon="-117.330276" lat="33.980448"><ele>0.000000</ele><time>2025-10-10T00:53:36Z</time><extensions><speed>1.143538</speed><course>268.124322</course><hAcc>0.654882</hAcc><vAcc>-1.000000</vAcc></extensions></trkpt>
      <trkpt lon="-117.330288" lat="33.980448"><ele>0.000000</ele><time>2025-10-10T00:53:37Z</time><extensions><speed>1.099824</speed><course>265.041158</course><hAcc>0.652705</hAcc><vAcc>-1.000000</vAcc></extensions></trkpt>
      <trkpt lon="-117.330300" lat="33.980447"><ele>0.000000</ele><time>2025-10-10T00:53:38Z</time><extensions><speed>1.075440</speed><course>268.228618</course><hAcc>0.650141</hAcc><vAcc>-1.000000</vAcc></extensions></trkpt>
      <trkpt lon="-117.330311" lat="33.980447"><ele>0.000000</ele><time>2025-10-10T00:53:39Z</time><extensions><speed>1.077187</speed><course>266.596967</course><hAcc>0.651422</hAcc><vAcc>-1.000000</vAcc></extensions></trkpt>
      <trkpt lon="-117.330323" lat="33.980446"><ele>0.000000</ele><time>2025-10-10T00:53:40Z</time><extensions><speed>1.073794</speed><course>265.955103</course><hAcc>0.643779</hAcc><vAcc>-1.000000</vAcc></extensions></trkpt>
      <trkpt lon="-117.330334" lat="33.980445"><ele>0.000000</ele><time>2025-10-10T00:53:41Z</time><extensions><speed>1.071063</speed><course>262.967864</course><hAcc>0.638819</hAcc><vAcc>-1.000000</vAcc></extensions></trkpt>
      <trkpt lon="-117.330346" lat="33.980445"><ele>0.000000</ele><time>2025-10-10T00:53:42Z</time><extensions><speed>1.141312</speed><course>275.564724</course><hAcc>0.636592</hAcc><vAcc>-1.000000</vAcc></extensions></trkpt>
      <trkpt lon="-117.330359" lat="33.980445"><ele>0.000000</ele><time>2025-10-10T00:53:43Z</time><extensions><speed>1.140657</speed><course>275.370369</course><hAcc>0.631205</hAcc><vAcc>-1.000000</vAcc></extensions></trkpt>
      <trkpt lon="-117.330371" lat="33.980446"><ele>0.000000</ele><time>2025-10-10T00:53:44Z</time><extensions><speed>1.135762</speed><course>274.403744</course><hAcc>0.627306</hAcc><vAcc>-1.000000</vAcc></extensions></trkpt>
      <trkpt lon="-117.330383" lat="33.980446"><ele>0.000000</ele><time>2025-10-10T00:53:45Z</time><extensions><speed>1.134590</speed><course>271.442773</course><hAcc>0.625705</hAcc><vAcc>-1.000000</vAcc></extensions></trkpt>
      <trkpt lon="-117.330395" lat="33.980445"><ele>0.000000</ele><time>2025-10-10T00:53:46Z</time><extensions><speed>1.134268</speed><course>267.018855</course><hAcc>0.632635</hAcc><vAcc>-1.000000</vAcc></extensions></trkpt>
      <trkpt lon="-117.330407" lat="33.980444"><ele>0.000000</ele><time>2025-10-10T00:53:47Z</time><extensions><speed>1.145044</speed><course>266.614802</course><hAcc>0.622363</hAcc><vAcc>-1.000000</vAcc></extensions></trkpt>
      <trkpt lon="-117.330420" lat="33.980443"><ele>0.000000</ele><time>2025-10-10T00:53:48Z</time><extensions><speed>1.200534</speed><course>265.895357</course><hAcc>0.656536</hAcc><vAcc>-1.000000</vAcc></extensions></trkpt>
      <trkpt lon="-117.330433" lat="33.980442"><ele>0.000000</ele><time>2025-10-10T00:53:49Z</time><extensions><speed>1.195109</speed><course>264.919169</course><hAcc>0.667258</hAcc><vAcc>-1.000000</vAcc></extensions></trkpt>
      <trkpt lon="-117.330446" lat="33.980440"><ele>0.000000</ele><time>2025-10-10T00:53:50Z</time><extensions><speed>1.191166</speed><course>264.302564</course><hAcc>0.689467</hAcc><vAcc>-1.000000</vAcc></extensions></trkpt>
      <trkpt lon="-117.330459" lat="33.980438"><ele>0.000000</ele><time>2025-10-10T00:53:51Z</time><extensions><speed>1.192024</speed><course>262.634183</course><hAcc>0.708953</hAcc><vAcc>-1.000000</vAcc></extensions></trkpt>
      <trkpt lon="-117.330472" lat="33.980437"><ele>0.000000</ele><time>2025-10-10T00:53:52Z</time><extensions><speed>1.229240</speed><course>267.718162</course><hAcc>0.739986</hAcc><vAcc>-1.000000</vAcc></extensions></trkpt>
      <trkpt lon="-117.330486" lat="33.980435"><ele>0.000000</ele><time>2025-10-10T00:53:53Z</time><extensions><speed>1.247427</speed><course>260.692899</course><hAcc>0.732011</hAcc><vAcc>-1.000000</vAcc></extensions></trkpt>
      <trkpt lon="-117.330499" lat="33.980432"><ele>0.000000</ele><time>2025-10-10T00:53:54Z</time><extensions><speed>1.267572</speed><course>252.996727</course><hAcc>0.740529</hAcc><vAcc>-1.000000</vAcc></extensions></trkpt>
      <trkpt lon="-117.330512" lat="33.980429"><ele>0.000000</ele><time>2025-10-10T00:53:55Z</time><extensions><speed>1.242775</speed><course>254.965756</course><hAcc>0.757394</hAcc><vAcc>-1.000000</vAcc></extensions></trkpt>
      <trkpt lon="-117.330525" lat="33.980426"><ele>0.000000</ele><time>2025-10-10T00:53:56Z</time><extensions><speed>1.211248</speed><course>257.233935</course><hAcc>0.774154</hAcc><vAcc>-1.000000</vAcc></extensions></trkpt>
      <trkpt lon="-117.330538" lat="33.980423"><ele>0.000000</ele><time>2025-10-10T00:53:57Z</time><extensions><speed>1.211974</speed><course>261.438843</course><hAcc>0.781602</hAcc><vAcc>-1.000000</vAcc></extensions></trkpt>
      <trkpt lon="-117.330551" lat="33.980421"><ele>0.000000</ele><time>2025-10-10T00:53:58Z</time><extensions><speed>1.214942</speed><course>259.775293</course><hAcc>0.790831</hAcc><vAcc>-1.000000</vAcc></extensions></trkpt>
      <trkpt lon="-117.330563" lat="33.980418"><ele>321.743156</ele><time>2025-10-10T00:53:59Z</time><extensions><speed>1.248373</speed><course>260.403185</course><hAcc>0.795295</hAcc><vAcc>0.513021</vAcc></extensions></trkpt>
      <trkpt lon="-117.330576" lat="33.980415"><ele>321.763575</ele><time>2025-10-10T00:54:00Z</time><extensions><speed>1.279600</speed><course>259.446560</course><hAcc>0.795503</hAcc><vAcc>0.459318</vAcc></extensions></trkpt>
      <trkpt lon="-117.330590" lat="33.980412"><ele>321.767652</ele><time>2025-10-10T00:54:01Z</time><extensions><speed>1.297123</speed><course>259.889462</course><hAcc>0.794674</hAcc><vAcc>0.405075</vAcc></extensions></trkpt>
      <trkpt lon="-117.330603" lat="33.980411"><ele>321.755905</ele><time>2025-10-10T00:54:02Z</time><extensions><speed>1.255710</speed><course>269.982849</course><hAcc>0.809888</hAcc><vAcc>0.354912</vAcc></extensions></trkpt>
      <trkpt lon="-117.330617" lat="33.980411"><ele>321.730445</ele><time>2025-10-10T00:54:03Z</time><extensions><speed>1.274855</speed><course>267.973039</course><hAcc>0.803656</hAcc><vAcc>0.314471</vAcc></extensions></trkpt>
      <trkpt lon="-117.330631" lat="33.980410"><ele>321.691819</ele><time>2025-10-10T00:54:04Z</time><extensions><speed>1.312655</speed><course>269.654591</course><hAcc>0.798077</hAcc><vAcc>0.286713</vAcc></extensions></trkpt>
      <trkpt lon="-117.330645" lat="33.980409"><ele>321.640438</ele><time>2025-10-10T00:54:05Z</time><extensions><speed>1.298586</speed><course>259.872072</course><hAcc>0.787351</hAcc><vAcc>0.270587</vAcc></extensions></trkpt>
      <trkpt lon="-117.330658" lat="33.980407"><ele>321.578576</ele><time>2025-10-10T00:54:06Z</time><extensions><speed>1.258616</speed><course>260.043895</course><hAcc>0.801724</hAcc><vAcc>0.262761</vAcc></extensions></trkpt>
      <trkpt lon="-117.330671" lat="33.980405"><ele>321.509339</ele><time>2025-10-10T00:54:07Z</time><extensions><speed>1.217346</speed><course>264.929028</course><hAcc>0.821865</hAcc><vAcc>0.259684</vAcc></extensions></trkpt>
      <trkpt lon="-117.330684" lat="33.980405"><ele>321.435464</ele><time>2025-10-10T00:54:08Z</time><extensions><speed>1.211898</speed><course>264.985703</course><hAcc>0.843888</hAcc><vAcc>0.258789</vAcc></extensions></trkpt>
      <trkpt lon="-117.330697" lat="33.980404"><ele>321.359640</ele><time>2025-10-10T00:54:09Z</time><extensions><speed>1.216810</speed><course>263.103697</course><hAcc>0.869732</hAcc><vAcc>0.258643</vAcc></extensions></trkpt>
      <trkpt lon="-117.330710" lat="33.980403"><ele>321.284852</ele><time>2025-10-10T00:54:10Z</time><extensions><speed>1.218748</speed><course>259.943619</course><hAcc>0.884928</hAcc><vAcc>0.258626</vAcc></extensions></trkpt>
      <trkpt lon="-117.330723" lat="33.980401"><ele>321.213894</ele><time>2025-10-10T00:54:11Z</time><extensions><speed>1.215063</speed><course>259.593655</course><hAcc>0.911085</hAcc><vAcc>0.258552</vAcc></extensions></trkpt>
      <trkpt lon="-117.330736" lat="33.980399"><ele>321.148778</ele><time>2025-10-10T00:54:12Z</time><extensions><speed>1.214554</speed><course>261.180308</course><hAcc>0.955805</hAcc><vAcc>0.258419</vAcc></extensions></trkpt>
      <trkpt lon="-117.330749" lat="33.980398"><ele>321.090885</ele><time>2025-10-10T00:54:13Z</time><extensions><speed>1.229732</speed><course>265.706630</course><hAcc>0.994387</hAcc><vAcc>0.258272</vAcc></extensions></trkpt>
      <trkpt lon="-117.330761" lat="33.980397"><ele>321.040804</ele><time>2025-10-10T00:54:14Z</time><extensions><speed>1.194089</speed><course>264.431005</course><hAcc>1.024852</hAcc><vAcc>0.258144</vAcc></extensions></trkpt>
      <trkpt lon="-117.330774" lat="33.980396"><ele>320.997989</ele><time>2025-10-10T00:54:15Z</time><extensions><speed>1.201883</speed><course>265.788654</course><hAcc>1.048891</hAcc><vAcc>0.258051</vAcc></extensions></trkpt>
      <trkpt lon="-117.330787" lat="33.980396"><ele>320.961110</ele><time>2025-10-10T00:54:16Z</time><extensions><speed>1.199158</speed><course>264.071899</course><hAcc>1.068051</hAcc><vAcc>0.257992</vAcc></extensions></trkpt>
      <trkpt lon="-117.330800" lat="33.980394"><ele>320.928584</ele><time>2025-10-10T00:54:17Z</time><extensions><speed>1.193663</speed><course>258.589849</course><hAcc>1.083053</hAcc><vAcc>0.257959</vAcc></extensions></trkpt>
      <trkpt lon="-117.330812" lat="33.980393"><ele>320.899096</ele><time>2025-10-10T00:54:18Z</time><extensions><speed>1.164110</speed><course>261.835803</course><hAcc>1.093577</hAcc><vAcc>0.257941</vAcc></extensions></trkpt>
      <trkpt lon="-117.330825" lat="33.980393"><ele>320.871784</ele><time>2025-10-10T00:54:19Z</time><extensions><speed>1.168687</speed><course>267.261688</course><hAcc>1.105857</hAcc><vAcc>0.257933</vAcc></extensions></trkpt>
      <trkpt lon="-117.330838" lat="33.980393"><ele>320.846260</ele><time>2025-10-10T00:54:20Z</time><extensions><speed>1.142500</speed><course>270.717999</course><hAcc>1.110080</hAcc><vAcc>0.257928</vAcc></extensions></trkpt>
      <trkpt lon="-117.330850" lat="33.980392"><ele>320.822511</ele><time>2025-10-10T00:54:21Z</time><extensions><speed>1.145970</speed><course>269.545106</course><hAcc>1.125438</hAcc><vAcc>0.257925</vAcc></extensions></trkpt>
      <trkpt lon="-117.330863" lat="33.980391"><ele>320.800814</ele><time>2025-10-10T00:54:22Z</time><extensions><speed>1.170751</speed><course>266.486272</course><hAcc>1.135788</hAcc><vAcc>0.257923</vAcc></extensions></trkpt>
      <trkpt lon="-117.330876" lat="33.980391"><ele>320.781448</ele><time>2025-10-10T00:54:23Z</time><extensions><speed>1.215777</speed><course>272.193538</course><hAcc>1.145727</hAcc><vAcc>0.257921</vAcc></extensions></trkpt>
      <trkpt lon="-117.330889" lat="33.980392"><ele>320.763976</ele><time>2025-10-10T00:54:24Z</time><extensions><speed>1.227964</speed><course>273.389120</course><hAcc>1.158057</hAcc><vAcc>0.257919</vAcc></extensions></trkpt>
      <trkpt lon="-117.330902" lat="33.980392"><ele>320.748313</ele><time>2025-10-10T00:54:25Z</time><extensions><speed>1.266255</speed><course>276.221683</course><hAcc>1.175842</hAcc><vAcc>0.257919</vAcc></extensions></trkpt>
      <trkpt lon="-117.330916" lat="33.980393"><ele>320.733713</ele><time>2025-10-10T00:54:26Z</time><extensions><speed>1.272118</speed><course>275.986245</course><hAcc>1.197416</hAcc><vAcc>0.257919</vAcc></extensions></trkpt>
      <trkpt lon="-117.330929" lat="33.980394"><ele>320.718687</ele><time>2025-10-10T00:54:27Z</time><extensions><speed>1.272347</speed><course>274.124513</course><hAcc>1.223970</hAcc><vAcc>0.257920</vAcc></extensions></trkpt>
      <trkpt lon="-117.330943" lat="33.980395"><ele>320.700131</ele><time>2025-10-10T00:54:28Z</time><extensions><speed>1.271271</speed><course>275.478140</course><hAcc>1.256304</hAcc><vAcc>0.257923</vAcc></extensions></trkpt>
      <trkpt lon="-117.330956" lat="33.980395"><ele>320.678202</ele><time>2025-10-10T00:54:29Z</time><extensions><speed>1.269914</speed><course>270.516802</course><hAcc>1.294761</hAcc><vAcc>0.257926</vAcc></extensions></trkpt>
      <trkpt lon="-117.330970" lat="33.980395"><ele>320.653733</ele><time>2025-10-10T00:54:30Z</time><extensions><speed>1.268838</speed><course>265.014003</course><hAcc>1.332627</hAcc><vAcc>0.257931</vAcc></extensions></trkpt>
      <trkpt lon="-117.330980" lat="33.980392"><ele>320.627251</ele><time>2025-10-10T00:54:31Z</time><extensions><speed>0.653153</speed><course>226.411630</course><hAcc>1.368497</hAcc><vAcc>0.257937</vAcc></extensions></trkpt>
      <trkpt lon="-117.330981" lat="33.980387"><ele>320.599069</ele><time>2025-10-10T00:54:32Z</time><extensions><speed>0.683515</speed><course>156.523627</course><hAcc>1.542468</hAcc><vAcc>0.257945</vAcc></extensions></trkpt>
      <trkpt lon="-117.330977" lat="33.980382"><ele>320.571101</ele><time>2025-10-10T00:54:33Z</time><extensions><speed>0.633412</speed><course>145.261404</course><hAcc>1.735400</hAcc><vAcc>0.257954</vAcc></extensions></trkpt>
      <trkpt lon="-117.330974" lat="33.980379"><ele>320.544293</ele><time>2025-10-10T00:54:34Z</time><extensions><speed>0.358084</speed><course>149.776401</course><hAcc>1.894879</hAcc><vAcc>0.257963</vAcc></extensions></trkpt>
      <trkpt lon="-117.330973" lat="33.980377"><ele>320.519755</ele><time>2025-10-10T00:54:35Z</time><extensions><speed>0.249605</speed><course>162.165074</course><hAcc>1.962436</hAcc><vAcc>0.257971</vAcc></extensions></trkpt>
      <trkpt lon="-117.330973" lat="33.980375"><ele>320.498820</ele><time>2025-10-10T00:54:36Z</time><extensions><speed>0.143022</speed><course>184.358198</course><hAcc>2.004217</hAcc><vAcc>0.257979</vAcc></extensions></trkpt>
      <trkpt lon="-117.330973" lat="33.980375"><ele>320.482913</ele><time>2025-10-10T00:54:37Z</time><extensions><speed>0.065580</speed><course>237.411171</course><hAcc>2.037135</hAcc><vAcc>0.257986</vAcc></extensions></trkpt>
      <trkpt lon="-117.330974" lat="33.980375"><ele>320.472040</ele><time>2025-10-10T00:54:38Z</time><extensions><speed>0.223283</speed><course>299.290751</course><hAcc>2.060358</hAcc><vAcc>0.257991</vAcc></extensions></trkpt>
      <trkpt lon="-117.330977" lat="33.980377"><ele>320.464789</ele><time>2025-10-10T00:54:39Z</time><extensions><speed>0.460985</speed><course>299.665168</course><hAcc>2.086296</hAcc><vAcc>0.257995</vAcc></extensions></trkpt>
      <trkpt lon="-117.330984" lat="33.980381"><ele>320.458948</ele><time>2025-10-10T00:54:40Z</time><extensions><speed>0.864395</speed><course>310.245463</course><hAcc>2.104020</hAcc><vAcc>0.257999</vAcc></extensions></trkpt>
      <trkpt lon="-117.330990" lat="33.980387"><ele>320.452451</ele><time>2025-10-10T00:54:41Z</time><extensions><speed>1.022528</speed><course>328.976981</course><hAcc>2.098299</hAcc><vAcc>0.258003</vAcc></extensions></trkpt>
      <trkpt lon="-117.330995" lat="33.980397"><ele>320.443763</ele><time>2025-10-10T00:54:42Z</time><extensions><speed>1.302098</speed><course>339.669655</course><hAcc>2.093375</hAcc><vAcc>0.258007</vAcc></extensions></trkpt>
      <trkpt lon="-117.331000" lat="33.980409"><ele>320.432177</ele><time>2025-10-10T00:54:43Z</time><extensions><speed>1.471438</speed><course>345.399919</course><hAcc>2.101561</hAcc><vAcc>0.258010</vAcc></extensions></trkpt>
      <trkpt lon="-117.331003" lat="33.980421"><ele>320.418123</ele><time>2025-10-10T00:54:44Z</time><extensions><speed>1.375374</speed><course>347.686055</course><hAcc>2.121774</hAcc><vAcc>0.258013</vAcc></extensions></trkpt>
      <trkpt lon="-117.331006" lat="33.980433"><ele>320.402684</ele><time>2025-10-10T00:54:45Z</time><extensions><speed>1.198322</speed><course>347.851368</course><hAcc>2.142573</hAcc><vAcc>0.258015</vAcc></extensions></trkpt>
      <trkpt lon="-117.331008" lat="33.980442"><ele>320.387039</ele><time>2025-10-10T00:54:46Z</time><extensions><speed>0.910688</speed><course>351.854877</course><hAcc>2.168872</hAcc><vAcc>0.258016</vAcc></extensions></trkpt>
      <trkpt lon="-117.331009" lat="33.980449"><ele>320.371884</ele><time>2025-10-10T00:54:47Z</time><extensions><speed>0.687890</speed><course>357.766123</course><hAcc>2.216948</hAcc><vAcc>0.258016</vAcc></extensions></trkpt>
      <trkpt lon="-117.331009" lat="33.980455"><ele>320.357679</ele><time>2025-10-10T00:54:48Z</time><extensions><speed>0.578771</speed><course>352.939730</course><hAcc>2.258968</hAcc><vAcc>0.258015</vAcc></extensions></trkpt>
      <trkpt lon="-117.331011" lat="33.980460"><ele>320.344554</ele><time>2025-10-10T00:54:49Z</time><extensions><speed>0.666441</speed><course>345.298275</course><hAcc>2.315156</hAcc><vAcc>0.258013</vAcc></extensions></trkpt>
      <trkpt lon="-117.331013" lat="33.980467"><ele>320.332381</ele><time>2025-10-10T00:54:50Z</time><extensions><speed>0.953207</speed><course>338.620702</course><hAcc>2.389519</hAcc><vAcc>0.258011</vAcc></extensions></trkpt>
      <trkpt lon="-117.331018" lat="33.980476"><ele>320.330266</ele><time>2025-10-10T00:54:51Z</time><extensions><speed>1.151514</speed><course>337.182982</course><hAcc>2.478402</hAcc><vAcc>0.258731</vAcc></extensions></trkpt>
      <trkpt lon="-117.331022" lat="33.980486"><ele>320.330819</ele><time>2025-10-10T00:54:52Z</time><extensions><speed>1.226631</speed><course>345.667243</course><hAcc>2.551758</hAcc><vAcc>0.259367</vAcc></extensions></trkpt>
      <trkpt lon="-117.331025" lat="33.980498"><ele>320.320181</ele><time>2025-10-10T00:54:53Z</time><extensions><speed>1.351442</speed><course>350.692414</course><hAcc>2.640055</hAcc><vAcc>0.260130</vAcc></extensions></trkpt>
      <trkpt lon="-117.331027" lat="33.980511"><ele>320.303308</ele><time>2025-10-10T00:54:54Z</time><extensions><speed>1.530902</speed><course>352.249963</course><hAcc>2.772247</hAcc><vAcc>0.260628</vAcc></extensions></trkpt>
      <trkpt lon="-117.331029" lat="33.980525"><ele>320.276520</ele><time>2025-10-10T00:54:55Z</time><extensions><speed>1.705495</speed><course>352.171827</course><hAcc>2.969561</hAcc><vAcc>0.261095</vAcc></extensions></trkpt>
      <trkpt lon="-117.331032" lat="33.980541"><ele>320.235580</ele><time>2025-10-10T00:54:56Z</time><extensions><speed>1.797322</speed><course>350.690941</course><hAcc>3.229466</hAcc><vAcc>0.263098</vAcc></extensions></trkpt>
      <trkpt lon="-117.331036" lat="33.980557"><ele>320.176048</ele><time>2025-10-10T00:54:57Z</time><extensions><speed>1.837379</speed><course>348.432305</course><hAcc>3.580367</hAcc><vAcc>0.271075</vAcc></extensions></trkpt>
      <trkpt lon="-117.331040" lat="33.980573"><ele>320.093865</ele><time>2025-10-10T00:54:58Z</time><extensions><speed>1.867260</speed><course>347.113715</course><hAcc>4.059558</hAcc><vAcc>0.293650</vAcc></extensions></trkpt>
      <trkpt lon="-117.331045" lat="33.980589"><ele>319.986238</ele><time>2025-10-10T00:54:59Z</time><extensions><speed>1.888793</speed><course>346.361949</course><hAcc>4.686627</hAcc><vAcc>0.342094</vAcc></extensions></trkpt>
      <trkpt lon="-117.331049" lat="33.980606"><ele>319.852929</ele><time>2025-10-10T00:55:00Z</time><extensions><speed>1.902672</speed><course>345.958239</course><hAcc>5.488101</hAcc><vAcc>0.424751</vAcc></extensions></trkpt>
      <trkpt lon="-117.331054" lat="33.980623"><ele>319.698010</ele><time>2025-10-10T00:55:01Z</time><extensions><speed>1.909781</speed><course>345.768863</course><hAcc>6.507778</hAcc><vAcc>0.542482</vAcc></extensions></trkpt>
      <trkpt lon="-117.331060" lat="33.980641"><ele>319.515849</ele><time>2025-10-10T00:55:02Z</time><extensions><speed>1.912874</speed><course>345.688533</course><hAcc>7.918633</hAcc><vAcc>0.703456</vAcc></extensions></trkpt>
    </trkseg>
  </trk>
</gpx>