<?xml version="1.0" encoding="UTF-8"?>
<gpx version="1.1" creator="Apple Health Export" xmlns="http://www.topografix.com/GPX/1/1" xmlns:xsi="http://www.w3.org/2001/XMLSchema-instance" xsi:schemaLocation="http://www.topografix.com/GPX/1/1 http://www.topografix.com/GPX/1/1/gpx.xsd">
  <metadata>
    <time>2026-01-11T08:02:43Z</time>
  </metadata>
  <trk>
    <name>Route 2025-10-27 4:06pm</name>
    <trkseg>
      <trkpt lon="-117.331750" lat="33.979359"><ele>0.000000</ele><time>2025-10-27T22:51:58Z</time><extensions><speed>0.025007</speed><course>147.199623</course><hAcc>4.573400</hAcc><vAcc>-1.000000</vAcc></extensions></trkpt>
      <trkpt lon="-117.331749" lat="33.979359"><ele>0.000000</ele><time>2025-10-27T22:51:59Z</time><extensions><speed>0.062374</speed><course>138.155655</course><hAcc>4.484959</hAcc><vAcc>-1.000000</vAcc></extensions></trkpt>
      <trkpt lon="-117.331749" lat="33.979358"><ele>0.000000</ele><time>2025-10-27T22:52:00Z</time><extensions><speed>0.202935</speed><course>124.471022</course><hAcc>4.376197</hAcc><vAcc>-1.000000</vAcc></extensions></trkpt>
      <trkpt lon="-117.331745" lat="33.979356"><ele>0.000000</ele><time>2025-10-27T22:52:01Z</time><extensions><speed>0.565232</speed><course>112.079372</course><hAcc>4.262484</hAcc><vAcc>-1.000000</vAcc></extensions></trkpt>
      <trkpt lon="-117.331736" lat="33.979354"><ele>0.000000</ele><time>2025-10-27T22:52:02Z</time><extensions><speed>1.170994</speed><course>101.014265</course><hAcc>4.224878</hAcc><vAcc>-1.000000</vAcc></extensions></trkpt>
      <trkpt lon="-117.331724" lat="33.979352"><ele>0.000000</ele><time>2025-10-27T22:52:03Z</time><extensions><speed>1.304147</speed><course>102.158601</course><hAcc>4.201135</hAcc><vAcc>-1.000000</vAcc></extensions></trkpt>
      <trkpt lon="-117.331709" lat="33.979349"><ele>0.000000</ele><time>2025-10-27T22:52:04Z</time><extensions><speed>1.545340</speed><course>106.360799</course><hAcc>4.181770</hAcc><vAcc>-1.000000</vAcc></extensions></trkpt>
      <trkpt lon="-117.331698" lat="33.979346"><ele>0.000000</ele><time>2025-10-27T22:52:05Z</time><extensions><speed>1.619883</speed><course>105.883000</course><hAcc>4.201157</hAcc><vAcc>-1.000000</vAcc></extensions></trkpt>
      <trkpt lon="-117.331682" lat="33.979342"><ele>0.000000</ele><time>2025-10-27T22:52:06Z</time><extensions><speed>1.540977</speed><course>106.721447</course><hAcc>4.281820</hAcc><vAcc>-1.000000</vAcc></extensions></trkpt>
      <trkpt lon="-117.331668" lat="33.979338"><ele>0.000000</ele><time>2025-10-27T22:52:07Z</time><extensions><speed>1.458327</speed><course>107.477036</course><hAcc>4.607122</hAcc><vAcc>-1.000000</vAcc></extensions></trkpt>
      <trkpt lon="-117.331654" lat="33.979335"><ele>0.000000</ele><time>2025-10-27T22:52:08Z</time><extensions><speed>1.375769</speed><course>108.150074</course><hAcc>5.178371</hAcc><vAcc>-1.000000</vAcc></extensions></trkpt>
      <trkpt lon="-117.331641" lat="33.979331"><ele>0.000000</ele><time>2025-10-27T22:52:09Z</time><extensions><speed>1.295964</speed><course>108.739967</course><hAcc>5.897288</hAcc><vAcc>-1.000000</vAcc></extensions></trkpt>
      <trkpt lon="-117.331630" lat="33.979327"><ele>0.000000</ele><time>2025-10-27T22:52:10Z</time><extensions><speed>1.220633</speed><course>109.246143</course><hAcc>6.669677</hAcc><vAcc>-1.000000</vAcc></extensions></trkpt>
      <trkpt lon="-117.331620" lat="33.979324"><ele>0.000000</ele><time>2025-10-27T22:52:11Z</time><extensions><speed>1.150763</speed><course>109.668765</course><hAcc>7.434062</hAcc><vAcc>-1.000000</vAcc></extensions></trkpt>
      <trkpt lon="-117.331611" lat="33.979321"><ele>0.000000</ele><time>2025-10-27T22:52:12Z</time><extensions><speed>1.086800</speed><course>110.009231</course><hAcc>8.156453</hAcc><vAcc>-1.000000</vAcc></extensions></trkpt>
      <trkpt lon="-117.331603" lat="33.979318"><ele>0.000000</ele><time>2025-10-27T22:52:13Z</time><extensions><speed>1.028799</speed><course>110.270433</course><hAcc>8.820432</hAcc><vAcc>-1.000000</vAcc></extensions></trkpt>
      <trkpt lon="-117.331597" lat="33.979315"><ele>0.000000</ele><time>2025-10-27T22:52:14Z</time><extensions><speed>0.976557</speed><course>110.456793</course><hAcc>9.419908</hAcc><vAcc>-1.000000</vAcc></extensions></trkpt>
      <trkpt lon="-117.331591" lat="33.979313"><ele>0.000000</ele><time>2025-10-27T22:52:15Z</time><extensions><speed>0.929702</speed><course>110.574095</course><hAcc>9.954636</hAcc><vAcc>-1.000000</vAcc></extensions></trkpt>
      <trkpt lon="-117.331585" lat="33.979310"><ele>0.000000</ele><time>2025-10-27T22:52:16Z</time><extensions><speed>0.887774</speed><course>110.629190</course><hAcc>10.427551</hAcc><vAcc>-1.000000</vAcc></extensions></trkpt>
      <trkpt lon="-117.331581" lat="33.979308"><ele>0.000000</ele><time>2025-10-27T22:52:17Z</time><extensions><speed>0.850274</speed><course>110.629613</course><hAcc>10.843202</hAcc><vAcc>-1.000000</vAcc></extensions></trkpt>
      <trkpt lon="-117.331577" lat="33.979306"><ele>0.000000</ele><time>2025-10-27T22:52:18Z</time><extensions><speed>0.816698</speed><course>110.583195</course><hAcc>11.206822</hAcc><vAcc>-1.000000</vAcc></extensions></trkpt>
      <trkpt lon="-117.331574" lat="33.979305"><ele>0.000000</ele><time>2025-10-27T22:52:19Z</time><extensions><speed>0.786563</speed><course>110.497700</course><hAcc>11.523790</hAcc><vAcc>-1.000000</vAcc></extensions></trkpt>
      <trkpt lon="-117.331571" lat="33.979303"><ele>0.000000</ele><time>2025-10-27T22:52:20Z</time><extensions><speed>0.759419</speed><course>110.380535</course><hAcc>11.799319</hAcc><vAcc>-1.000000</vAcc></extensions></trkpt>
      <trkpt lon="-117.331569" lat="33.979301"><ele>0.000000</ele><time>2025-10-27T22:52:21Z</time><extensions><speed>0.734860</speed><course>110.238533</course><hAcc>12.038290</hAcc><vAcc>-1.000000</vAcc></extensions></trkpt>
      <trkpt lon="-117.331566" lat="33.979300"><ele>0.000000</ele><time>2025-10-27T22:52:22Z</time><extensions><speed>0.712519</speed><course>110.077814</course><hAcc>12.245170</hAcc><vAcc>-1.000000</vAcc></extensions></trkpt>
      <trkpt lon="-117.331565" lat="33.979299"><ele>0.000000</ele><time>2025-10-27T22:52:23Z</time><extensions><speed>0.692076</speed><course>109.903727</course><hAcc>12.423988</hAcc><vAcc>-1.000000</vAcc></extensions></trkpt>
      <trkpt lon="-117.331563" lat="33.979298"><ele>0.000000</ele><time>2025-10-27T22:52:24Z</time><extensions><speed>0.673250</speed><course>109.720834</course><hAcc>12.578333</hAcc><vAcc>-1.000000</vAcc></extensions></trkpt>
      <trkpt lon="-117.331562" lat="33.979297"><ele>0.000000</ele><time>2025-10-27T22:52:25Z</time><extensions><speed>0.655800</speed><course>109.532947</course><hAcc>12.711384</hAcc><vAcc>-1.000000</vAcc></extensions></trkpt>
      <trkpt lon="-117.331561" lat="33.979296"><ele>0.000000</ele><time>2025-10-27T22:52:26Z</time><extensions><speed>0.639515</speed><course>109.343188</course><hAcc>12.825934</hAcc><vAcc>-1.000000</vAcc></extensions></trkpt>
      <trkpt lon="-117.331560" lat="33.979295"><ele>0.000000</ele><time>2025-10-27T22:52:27Z</time><extensions><speed>0.624219</speed><course>109.154057</course><hAcc>12.924429</hAcc><vAcc>-1.000000</vAcc></extensions></trkpt>
      <trkpt lon="-117.331560" lat="33.979294"><ele>0.000000</ele><time>2025-10-27T22:52:28Z</time><extensions><speed>0.609760</speed><course>108.967521</course><hAcc>13.009001</hAcc><vAcc>-1.000000</vAcc></extensions></trkpt>
      <trkpt lon="-117.331559" lat="33.979293"><ele>0.000000</ele><time>2025-10-27T22:52:29Z</time><extensions><speed>0.596006</speed><course>108.785084</course><hAcc>13.081509</hAcc><vAcc>-1.000000</vAcc></extensions></trkpt>
      <trkpt lon="-117.331559" lat="33.979293"><ele>0.000000</ele><time>2025-10-27T22:52:30Z</time><extensions><speed>0.582850</speed><course>108.607870</course><hAcc>13.143565</hAcc><vAcc>-1.000000</vAcc></extensions></trkpt>
      <trkpt lon="-117.331558" lat="33.979292"><ele>0.000000</ele><time>2025-10-27T22:52:31Z</time><extensions><speed>0.570198</speed><course>108.436685</course><hAcc>13.196569</hAcc><vAcc>-1.000000</vAcc></extensions></trkpt>
      <trkpt lon="-117.331558" lat="33.979292"><ele>0.000000</ele><time>2025-10-27T22:52:32Z</time><extensions><speed>0.557970</speed><course>108.272078</course><hAcc>13.241734</hAcc><vAcc>-1.000000</vAcc></extensions></trkpt>
      <trkpt lon="-117.331558" lat="33.979291"><ele>0.000000</ele><time>2025-10-27T22:52:33Z</time><extensions><speed>0.546102</speed><course>108.114393</course><hAcc>13.280109</hAcc><vAcc>-1.000000</vAcc></extensions></trkpt>
      <trkpt lon="-117.331558" lat="33.979291"><ele>0.000000</ele><time>2025-10-27T22:52:34Z</time><extensions><speed>0.534535</speed><course>107.963810</course><hAcc>13.312603</hAcc><vAcc>-1.000000</vAcc></extensions></trkpt>
      <trkpt lon="-117.331557" lat="33.979290"><ele>0.000000</ele><time>2025-10-27T22:52:35Z</time><extensions><speed>0.523222</speed><course>107.820383</course><hAcc>13.340002</hAcc><vAcc>-1.000000</vAcc></extensions></trkpt>
      <trkpt lon="-117.331557" lat="33.979290"><ele>0.000000</ele><time>2025-10-27T22:52:36Z</time><extensions><speed>0.512124</speed><course>107.684067</course><hAcc>13.362985</hAcc><vAcc>-1.000000</vAcc></extensions></trkpt>
      <trkpt lon="-117.331557" lat="33.979290"><ele>0.000000</ele><time>2025-10-27T22:52:37Z</time><extensions><speed>0.501204</speed><course>107.554746</course><hAcc>13.382142</hAcc><vAcc>-1.000000</vAcc></extensions></trkpt>
      <trkpt lon="-117.331557" lat="33.979289"><ele>0.000000</ele><time>2025-10-27T22:52:38Z</time><extensions><speed>0.490435</speed><course>107.432248</course><hAcc>13.397980</hAcc><vAcc>-1.000000</vAcc></extensions></trkpt>
      <trkpt lon="-117.331557" lat="33.979289"><ele>0.000000</ele><time>2025-10-27T22:52:39Z</time><extensions><speed>0.479791</speed><course>107.316362</course><hAcc>13.410940</hAcc><vAcc>-1.000000</vAcc></extensions></trkpt>
      <trkpt lon="-117.331558" lat="33.979289"><ele>0.000000</ele><time>2025-10-27T22:52:40Z</time><extensions><speed>0.469251</speed><course>107.206852</course><hAcc>13.421402</hAcc><vAcc>-1.000000</vAcc></extensions></trkpt>
      <trkpt lon="-117.331558" lat="33.979289"><ele>0.000000</ele><time>2025-10-27T22:52:41Z</time><extensions><speed>0.458797</speed><course>107.103465</course><hAcc>13.429696</hAcc><vAcc>-1.000000</vAcc></extensions></trkpt>
      <trkpt lon="-117.331558" lat="33.979288"><ele>0.000000</ele><time>2025-10-27T22:52:42Z</time><extensions><speed>0.448414</speed><course>107.005939</course><hAcc>13.436106</hAcc><vAcc>-1.000000</vAcc></extensions></trkpt>
      <trkpt lon="-117.331558" lat="33.979288"><ele>0.000000</ele><time>2025-10-27T22:52:43Z</time><extensions><speed>0.438090</speed><course>106.914008</course><hAcc>13.440880</hAcc><vAcc>-1.000000</vAcc></extensions></trkpt>
      <trkpt lon="-117.331558" lat="33.979288"><ele>0.000000</ele><time>2025-10-27T22:52:44Z</time><extensions><speed>0.427811</speed><course>106.827407</course><hAcc>13.444231</hAcc><vAcc>-1.000000</vAcc></extensions></trkpt>
      <trkpt lon="-117.331558" lat="33.979288"><ele>0.000000</ele><time>2025-10-27T22:52:45Z</time><extensions><speed>0.417570</speed><course>106.745876</course><hAcc>13.446345</hAcc><vAcc>-1.000000</vAcc></extensions></trkpt>
      <trkpt lon="-117.331559" lat="33.979288"><ele>0.000000</ele><time>2025-10-27T22:52:46Z</time><extensions><speed>0.407357</speed><course>106.669162</course><hAcc>13.447381</hAcc><vAcc>-1.000000</vAcc></extensions></trkpt>
      <trkpt lon="-117.331559" lat="33.979288"><ele>0.000000</ele><time>2025-10-27T22:52:47Z</time><extensions><speed>0.397166</speed><course>106.597022</course><hAcc>13.447478</hAcc><vAcc>-1.000000</vAcc></extensions></trkpt>
      <trkpt lon="-117.331559" lat="33.979288"><ele>0.000000</ele><time>2025-10-27T22:52:48Z</time><extensions><speed>0.386991</speed><course>106.529221</course><hAcc>13.446758</hAcc><vAcc>-1.000000</vAcc></extensions></trkpt>
      <trkpt lon="-117.331559" lat="33.979287"><ele>0.000000</ele><time>2025-10-27T22:52:49Z</time><extensions><speed>0.376826</speed><course>106.465536</course><hAcc>13.445324</hAcc><vAcc>-1.000000</vAcc></extensions></trkpt>
      <trkpt lon="-117.331560" lat="33.979287"><ele>0.000000</ele><time>2025-10-27T22:52:50Z</time><extensions><speed>0.366667</speed><course>106.405757</course><hAcc>13.443268</hAcc><vAcc>-1.000000</vAcc></extensions></trkpt>
      <trkpt lon="-117.331560" lat="33.979287"><ele>0.000000</ele><time>2025-10-27T22:52:51Z</time><extensions><speed>0.356509</speed><course>106.349685</course><hAcc>13.440668</hAcc><vAcc>-1.000000</vAcc></extensions></trkpt>
      <trkpt lon="-117.331560" lat="33.979287"><ele>0.000000</ele><time>2025-10-27T22:52:52Z</time><extensions><speed>0.346350</speed><course>106.297134</course><hAcc>13.437592</hAcc><vAcc>-1.000000</vAcc></extensions></trkpt>
      <trkpt lon="-117.331560" lat="33.979287"><ele>0.000000</ele><time>2025-10-27T22:52:53Z</time><extensions><speed>0.336186</speed><course>106.247930</course><hAcc>13.434099</hAcc><vAcc>-1.000000</vAcc></extensions></trkpt>
      <trkpt lon="-117.331561" lat="33.979287"><ele>0.000000</ele><time>2025-10-27T22:52:54Z</time><extensions><speed>0.326015</speed><course>106.201912</course><hAcc>13.430241</hAcc><vAcc>-1.000000</vAcc></extensions></trkpt>
      <trkpt lon="-117.331561" lat="33.979287"><ele>0.000000</ele><time>2025-10-27T22:52:55Z</time><extensions><speed>0.315835</speed><course>106.158932</course><hAcc>13.426063</hAcc><vAcc>-1.000000</vAcc></extensions></trkpt>
      <trkpt lon="-117.331561" lat="33.979287"><ele>0.000000</ele><time>2025-10-27T22:52:56Z</time><extensions><speed>0.305643</speed><course>106.118855</course><hAcc>13.421604</hAcc><vAcc>-1.000000</vAcc></extensions></trkpt>
      <trkpt lon="-117.331562" lat="33.979287"><ele>0.000000</ele><time>2025-10-27T22:52:57Z</time><extensions><speed>0.295439</speed><course>106.081559</course><hAcc>13.416897</hAcc><vAcc>-1.000000</vAcc></extensions></trkpt>
      <trkpt lon="-117.331562" lat="33.979287"><ele>0.000000</ele><time>2025-10-27T22:52:58Z</time><extensions><speed>0.285220</speed><course>106.046935</course><hAcc>13.411972</hAcc><vAcc>-1.000000</vAcc></extensions></trkpt>
      <trkpt lon="-117.331562" lat="33.979287"><ele>0.000000</ele><time>2025-10-27T22:52:59Z</time><extensions><speed>0.274985</speed><course>106.014888</course><hAcc>13.406854</hAcc><vAcc>-1.000000</vAcc></extensions></trkpt>
      <trkpt lon="-117.331563" lat="33.979287"><ele>0.000000</ele><time>2025-10-27T22:53:00Z</time><extensions><speed>0.264733</speed><course>105.985340</course><hAcc>13.401565</hAcc><vAcc>-1.000000</vAcc></extensions></trkpt>
      <trkpt lon="-117.331563" lat="33.979287"><ele>0.000000</ele><time>2025-10-27T22:53:01Z</time><extensions><speed>0.254463</speed><course>105.958225</course><hAcc>13.396126</hAcc><vAcc>-1.000000</vAcc></extensions></trkpt>
      <trkpt lon="-117.331564" lat="33.979287"><ele>0.000000</ele><time>2025-10-27T22:53:02Z</time><extensions><speed>0.244174</speed><course>105.933495</course><hAcc>13.390552</hAcc><vAcc>-1.000000</vAcc></extensions></trkpt>
      <trkpt lon="-117.331564" lat="33.979287"><ele>0.000000</ele><time>2025-10-27T22:53:03Z</time><extensions><speed>0.233865</speed><course>105.911121</course><hAcc>13.384858</hAcc><vAcc>-1.000000</vAcc></extensions></trkpt>
      <trkpt lon="-117.331564" lat="33.979287"><ele>0.000000</ele><time>2025-10-27T22:53:04Z</time><extensions><speed>0.223536</speed><course>105.891096</course><hAcc>13.379057</hAcc><vAcc>-1.000000</vAcc></extensions></trkpt>
      <trkpt lon="-117.331565" lat="33.979287"><ele>0.000000</ele><time>2025-10-27T22:53:05Z</time><extensions><speed>0.213185</speed><course>105.873435</course><hAcc>13.373160</hAcc><vAcc>-1.000000</vAcc></extensions></trkpt>
      <trkpt lon="-117.331565" lat="33.979287"><ele>0.000000</ele><time>2025-10-27T22:53:06Z</time><extensions><speed>0.202813</speed><course>105.858184</course><hAcc>13.367178</hAcc><vAcc>-1.000000</vAcc></extensions></trkpt>
      <trkpt lon="-117.331566" lat="33.979287"><ele>0.000000</ele><time>2025-10-27T22:53:07Z</time><extensions><speed>0.192419</speed><course>105.845422</course><hAcc>13.361117</hAcc><vAcc>-1.000000</vAcc></extensions></trkpt>
      <trkpt lon="-117.331566" lat="33.979287"><ele>0.000000</ele><time>2025-10-27T22:53:08Z</time><extensions><speed>0.182002</speed><course>105.835272</course><hAcc>13.354986</hAcc><vAcc>-1.000000</vAcc></extensions></trkpt>
      <trkpt lon="-117.331567" lat="33.979288"><ele>0.000000</ele><time>2025-10-27T22:53:09Z</time><extensions><speed>0.171562</speed><course>105.827911</course><hAcc>13.348791</hAcc><vAcc>-1.000000</vAcc></extensions></trkpt>
      <trkpt lon="-117.331567" lat="33.979288"><ele>0.000000</ele><time>2025-10-27T22:53:10Z</time><extensions><speed>0.161098</speed><course>105.823587</course><hAcc>13.342537</hAcc><vAcc>-1.000000</vAcc></extensions></trkpt>
      <trkpt lon="-117.331567" lat="33.979288"><ele>0.000000</ele><time>2025-10-27T22:53:11Z</time><extensions><speed>0.150611</speed><course>105.822642</course><hAcc>13.336230</hAcc><vAcc>-1.000000</vAcc></extensions></trkpt>
      <trkpt lon="-117.331568" lat="33.979288"><ele>0.000000</ele><time>2025-10-27T22:53:12Z</time><extensions><speed>0.140099</speed><course>105.825545</course><hAcc>13.329873</hAcc><vAcc>-1.000000</vAcc></extensions></trkpt>
      <trkpt lon="-117.331568" lat="33.979288"><ele>0.000000</ele><time>2025-10-27T22:53:13Z</time><extensions><speed>0.129563</speed><course>105.832946</course><hAcc>13.323471</hAcc><vAcc>-1.000000</vAcc></extensions></trkpt>
      <trkpt lon="-117.331569" lat="33.979288"><ele>0.000000</ele><time>2025-10-27T22:53:14Z</time><extensions><speed>0.119003</speed><course>105.845749</course><hAcc>13.317027</hAcc><vAcc>-1.000000</vAcc></extensions></trkpt>
      <trkpt lon="-117.331569" lat="33.979288"><ele>0.000000</ele><time>2025-10-27T22:53:15Z</time><extensions><speed>0.108417</speed><course>105.865244</course><hAcc>13.310542</hAcc><vAcc>-1.000000</vAcc></extensions></trkpt>
      <trkpt lon="-117.331570" lat="33.979288"><ele>0.000000</ele><time>2025-10-27T22:53:16Z</time><extensions><speed>0.097806</speed><course>105.893311</course><hAcc>13.304020</hAcc><vAcc>-1.000000</vAcc></extensions></trkpt>
      <trkpt lon="-117.331570" lat="33.979288"><ele>0.000000</ele><time>2025-10-27T22:53:17Z</time><extensions><speed>0.087170</speed><course>105.932785</course><hAcc>13.297464</hAcc><vAcc>-1.000000</vAcc></extensions></trkpt>
      <trkpt lon="-117.331571" lat="33.979288"><ele>0.000000</ele><time>2025-10-27T22:53:18Z</time><extensions><speed>0.076509</speed><course>105.988124</course><hAcc>13.290874</hAcc><vAcc>-1.000000</vAcc></extensions></trkpt>
      <trkpt lon="-117.331571" lat="33.979288"><ele>0.000000</ele><time>2025-10-27T22:53:19Z</time><extensions><speed>0.065821</speed><course>106.066735</course><hAcc>13.284252</hAcc><vAcc>-1.000000</vAcc></extensions></trkpt>
      <trkpt lon="-117.331572" lat="33.979289"><ele>0.000000</ele><time>2025-10-27T22:53:20Z</time><extensions><speed>0.055108</speed><course>106.181863</course><hAcc>13.277600</hAcc><vAcc>-1.000000</vAcc></extensions></trkpt>
      <trkpt lon="-117.331573" lat="33.979289"><ele>0.000000</ele><time>2025-10-27T22:53:21Z</time><extensions><speed>0.044390</speed><course>106.360833</course><hAcc>13.271639</hAcc><vAcc>-1.000000</vAcc></extensions></trkpt>
      <trkpt lon="-117.331574" lat="33.979283"><ele>0.000000</ele><time>2025-10-27T22:53:22Z</time><extensions><speed>0.058154</speed><course>148.811045</course><hAcc>10.994221</hAcc><vAcc>-1.000000</vAcc></extensions></trkpt>
      <trkpt lon="-117.331568" lat="33.979276"><ele>0.000000</ele><time>2025-10-27T22:53:23Z</time><extensions><speed>0.111655</speed><course>148.817435</course><hAcc>10.098816</hAcc><vAcc>-1.000000</vAcc></extensions></trkpt>
      <trkpt lon="-117.331560" lat="33.979269"><ele>0.000000</ele><time>2025-10-27T22:53:24Z</time><extensions><speed>0.172793</speed><course>146.682576</course><hAcc>9.496957</hAcc><vAcc>-1.000000</vAcc></extensions></trkpt>
      <trkpt lon="-117.331553" lat="33.979261"><ele>0.000000</ele><time>2025-10-27T22:53:25Z</time><extensions><speed>0.239919</speed><course>144.993347</course><hAcc>8.990881</hAcc><vAcc>-1.000000</vAcc></extensions></trkpt>
      <trkpt lon="-117.331546" lat="33.979255"><ele>0.000000</ele><time>2025-10-27T22:53:26Z</time><extensions><speed>0.315378</speed><course>143.642710</course><hAcc>8.512660</hAcc><vAcc>-1.000000</vAcc></extensions></trkpt>
      <trkpt lon="-117.331539" lat="33.979248"><ele>0.000000</ele><time>2025-10-27T22:53:27Z</time><extensions><speed>0.404362</speed><course>142.456897</course><hAcc>8.031047</hAcc><vAcc>-1.000000</vAcc></extensions></trkpt>
      <trkpt lon="-117.331531" lat="33.979241"><ele>0.000000</ele><time>2025-10-27T22:53:28Z</time><extensions><speed>0.515032</speed><course>141.335075</course><hAcc>7.529986</hAcc><vAcc>-1.000000</vAcc></extensions></trkpt>
      <trkpt lon="-117.331524" lat="33.979234"><ele>0.000000</ele><time>2025-10-27T22:53:29Z</time><extensions><speed>0.659048</speed><course>140.239260</course><hAcc>7.002423</hAcc><vAcc>-1.000000</vAcc></extensions></trkpt>
      <trkpt lon="-117.331516" lat="33.979227"><ele>0.000000</ele><time>2025-10-27T22:53:30Z</time><extensions><speed>0.852509</speed><course>139.174339</course><hAcc>6.448527</hAcc><vAcc>-1.000000</vAcc></extensions></trkpt>
      <trkpt lon="-117.331511" lat="33.979223"><ele>0.000000</ele><time>2025-10-27T22:53:30Z</time><extensions><speed>0.934003</speed><course>138.799921</course><hAcc>6.263911</hAcc><vAcc>-1.000000</vAcc></extensions></trkpt>
      <trkpt lon="-117.331501" lat="33.979214"><ele>0.000000</ele><time>2025-10-27T22:53:31Z</time><extensions><speed>1.211231</speed><course>137.843150</course><hAcc>5.782157</hAcc><vAcc>-1.000000</vAcc></extensions></trkpt>
      <trkpt lon="-117.331490" lat="33.979203"><ele>0.000000</ele><time>2025-10-27T22:53:32Z</time><extensions><speed>1.543285</speed><course>137.085695</course><hAcc>5.356290</hAcc><vAcc>-1.000000</vAcc></extensions></trkpt>
      <trkpt lon="-117.331475" lat="33.979191"><ele>0.000000</ele><time>2025-10-27T22:53:33Z</time><extensions><speed>1.884052</speed><course>136.561303</course><hAcc>5.014619</hAcc><vAcc>-1.000000</vAcc></extensions></trkpt>
      <trkpt lon="-117.331459" lat="33.979176"><ele>0.000000</ele><time>2025-10-27T22:53:34Z</time><extensions><speed>2.205181</speed><course>136.204171</course><hAcc>4.761754</hAcc><vAcc>-1.000000</vAcc></extensions></trkpt>
      <trkpt lon="-117.331439" lat="33.979160"><ele>0.000000</ele><time>2025-10-27T22:53:35Z</time><extensions><speed>2.491369</speed><course>135.957973</course><hAcc>4.587329</hAcc><vAcc>-1.000000</vAcc></extensions></trkpt>
      <trkpt lon="-117.331418" lat="33.979142"><ele>0.000000</ele><time>2025-10-27T22:53:36Z</time><extensions><speed>2.736273</speed><course>135.785564</course><hAcc>4.474268</hAcc><vAcc>-1.000000</vAcc></extensions></trkpt>
      <trkpt lon="-117.331395" lat="33.979122"><ele>0.000000</ele><time>2025-10-27T22:53:37Z</time><extensions><speed>2.939300</speed><course>135.663402</course><hAcc>4.404944</hAcc><vAcc>-1.000000</vAcc></extensions></trkpt>
      <trkpt lon="-117.331371" lat="33.979102"><ele>0.000000</ele><time>2025-10-27T22:53:38Z</time><extensions><speed>3.103246</speed><course>135.576365</course><hAcc>4.364540</hAcc><vAcc>-1.000000</vAcc></extensions></trkpt>
      <trkpt lon="-117.331345" lat="33.979080"><ele>0.000000</ele><time>2025-10-27T22:53:39Z</time><extensions><speed>3.232646</speed><course>135.514456</course><hAcc>4.342101</hAcc><vAcc>-1.000000</vAcc></extensions></trkpt>
      <trkpt lon="-117.331319" lat="33.979058"><ele>0.000000</ele><time>2025-10-27T22:53:40Z</time><extensions><speed>3.332694</speed><course>135.470850</course><hAcc>4.330226</hAcc><vAcc>-1.000000</vAcc></extensions></trkpt>
      <trkpt lon="-117.331292" lat="33.979035"><ele>0.000000</ele><time>2025-10-27T22:53:41Z</time><extensions><speed>3.408564</speed><course>135.440749</course><hAcc>4.324258</hAcc><vAcc>-1.000000</vAcc></extensions></trkpt>
      <trkpt lon="-117.331265" lat="33.979012"><ele>0.000000</ele><time>2025-10-27T22:53:42Z</time><extensions><speed>3.465034</speed><course>135.420683</course><hAcc>4.321428</hAcc><vAcc>-1.000000</vAcc></extensions></trkpt>
      <trkpt lon="-117.331237" lat="33.978988"><ele>0.000000</ele><time>2025-10-27T22:53:43Z</time><extensions><speed>3.506291</speed><course>135.408096</course><hAcc>4.320180</hAcc><vAcc>-1.000000</vAcc></extensions></trkpt>
      <trkpt lon="-117.331208" lat="33.978965"><ele>0.000000</ele><time>2025-10-27T22:53:44Z</time><extensions><speed>3.535873</speed><course>135.401072</course><hAcc>4.319678</hAcc><vAcc>-1.000000</vAcc></extensions></trkpt>
      <trkpt lon="-117.331180" lat="33.978941"><ele>0.000000</ele><time>2025-10-27T22:53:45Z</time><extensions><speed>3.556681</speed><course>135.398163</course><hAcc>4.319504</hAcc><vAcc>-1.000000</vAcc></extensions></trkpt>
      <trkpt lon="-117.331152" lat="33.978917"><ele>0.000000</ele><time>2025-10-27T22:53:46Z</time><extensions><speed>3.571034</speed><course>135.398267</course><hAcc>4.319457</hAcc><vAcc>-1.000000</vAcc></extensions></trkpt>
      <trkpt lon="-117.331123" lat="33.978893"><ele>0.000000</ele><time>2025-10-27T22:53:47Z</time><extensions><speed>3.580745</speed><course>135.400551</course><hAcc>4.319452</hAcc><vAcc>-1.000000</vAcc></extensions></trkpt>
      <trkpt lon="-117.331095" lat="33.978869"><ele>0.000000</ele><time>2025-10-27T22:53:48Z</time><extensions><speed>3.587201</speed><course>135.404382</course><hAcc>4.319454</hAcc><vAcc>-1.000000</vAcc></extensions></trkpt>
      <trkpt lon="-117.331063" lat="33.978843"><ele>0.000000</ele><time>2025-10-27T22:53:49Z</time><extensions><speed>3.653334</speed><course>135.341745</course><hAcc>4.287818</hAcc><vAcc>-1.000000</vAcc></extensions></trkpt>
      <trkpt lon="-117.331032" lat="33.978817"><ele>0.000000</ele><time>2025-10-27T22:53:50Z</time><extensions><speed>3.713462</speed><course>135.328259</course><hAcc>4.260802</hAcc><vAcc>-1.000000</vAcc></extensions></trkpt>
      <trkpt lon="-117.330999" lat="33.978789"><ele>0.000000</ele><time>2025-10-27T22:53:51Z</time><extensions><speed>3.851499</speed><course>135.436356</course><hAcc>4.203402</hAcc><vAcc>-1.000000</vAcc></extensions></trkpt>
      <trkpt lon="-117.330963" lat="33.978758"><ele>0.000000</ele><time>2025-10-27T22:53:52Z</time><extensions><speed>4.048289</speed><course>135.758021</course><hAcc>4.097729</hAcc><vAcc>-1.000000</vAcc></extensions></trkpt>
      <trkpt lon="-117.330926" lat="33.978723"><ele>0.000000</ele><time>2025-10-27T22:53:53Z</time><extensions><speed>4.256911</speed><course>136.864838</course><hAcc>3.928614</hAcc><vAcc>-1.000000</vAcc></extensions></trkpt>
      <trkpt lon="-117.330889" lat="33.978686"><ele>0.000000</ele><time>2025-10-27T22:53:54Z</time><extensions><speed>4.397375</speed><course>137.926878</course><hAcc>3.686470</hAcc><vAcc>-1.000000</vAcc></extensions></trkpt>
      <trkpt lon="-117.330852" lat="33.978649"><ele>0.000000</ele><time>2025-10-27T22:53:55Z</time><extensions><speed>4.400351</speed><course>139.127908</course><hAcc>3.363645</hAcc><vAcc>-1.000000</vAcc></extensions></trkpt>
      <trkpt lon="-117.330818" lat="33.978612"><ele>0.000000</ele><time>2025-10-27T22:53:56Z</time><extensions><speed>4.145801</speed><course>140.294498</course><hAcc>2.989239</hAcc><vAcc>-1.000000</vAcc></extensions></trkpt>
      <trkpt lon="-117.330792" lat="33.978585"><ele>0.000000</ele><time>2025-10-27T22:53:57Z</time><extensions><speed>3.409853</speed><course>141.363436</course><hAcc>2.759088</hAcc><vAcc>-1.000000</vAcc></extensions></trkpt>
      <trkpt lon="-117.330773" lat="33.978565"><ele>0.000000</ele><time>2025-10-27T22:53:58Z</time><extensions><speed>2.162881</speed><course>143.499576</course><hAcc>2.669419</hAcc><vAcc>-1.000000</vAcc></extensions></trkpt>
      <trkpt lon="-117.330765" lat="33.978556"><ele>0.000000</ele><time>2025-10-27T22:53:58Z</time><extensions><speed>1.372944</speed><course>146.164433</course><hAcc>2.646908</hAcc><vAcc>-1.000000</vAcc></extensions></trkpt>
      <trkpt lon="-117.330757" lat="33.978545"><ele>0.000000</ele><time>2025-10-27T22:53:59Z</time><extensions><speed>1.458134</speed><course>152.410305</course><hAcc>2.593754</hAcc><vAcc>-1.000000</vAcc></extensions></trkpt>
      <trkpt lon="-117.330751" lat="33.978533"><ele>0.000000</ele><time>2025-10-27T22:54:00Z</time><extensions><speed>1.315536</speed><course>165.545025</course><hAcc>2.543697</hAcc><vAcc>-1.000000</vAcc></extensions></trkpt>
      <trkpt lon="-117.330748" lat="33.978521"><ele>0.000000</ele><time>2025-10-27T22:54:01Z</time><extensions><speed>1.413835</speed><course>172.234043</course><hAcc>2.501383</hAcc><vAcc>-1.000000</vAcc></extensions></trkpt>
      <trkpt lon="-117.330746" lat="33.978509"><ele>0.000000</ele><time>2025-10-27T22:54:02Z</time><extensions><speed>1.288828</speed><course>174.237367</course><hAcc>2.476467</hAcc><vAcc>-1.000000</vAcc></extensions></trkpt>
      <trkpt lon="-117.330745" lat="33.978496"><ele>0.000000</ele><time>2025-10-27T22:54:04Z</time><extensions><speed>1.413663</speed><course>174.800340</course><hAcc>2.466670</hAcc><vAcc>-1.000000</vAcc></extensions></trkpt>
      <trkpt lon="-117.330744" lat="33.978483"><ele>0.000000</ele><time>2025-10-27T22:54:05Z</time><extensions><speed>1.432294</speed><course>175.872189</course><hAcc>2.471377</hAcc><vAcc>-1.000000</vAcc></extensions></trkpt>
      <trkpt lon="-117.330742" lat="33.978470"><ele>0.000000</ele><time>2025-10-27T22:54:06Z</time><extensions><speed>1.429663</speed><course>176.243746</course><hAcc>2.492272</hAcc><vAcc>-1.000000</vAcc></extensions></trkpt>
      <trkpt lon="-117.330741" lat="33.978457"><ele>0.000000</ele><time>2025-10-27T22:54:07Z</time><extensions><speed>1.506804</speed><course>172.236640</course><hAcc>2.547414</hAcc><vAcc>-1.000000</vAcc></extensions></trkpt>
      <trkpt lon="-117.330738" lat="33.978444"><ele>0.000000</ele><time>2025-10-27T22:54:08Z</time><extensions><speed>1.515333</speed><course>170.198089</course><hAcc>2.813426</hAcc><vAcc>-1.000000</vAcc></extensions></trkpt>
      <trkpt lon="-117.330735" lat="33.978431"><ele>0.000000</ele><time>2025-10-27T22:54:09Z</time><extensions><speed>1.479321</speed><course>169.305889</course><hAcc>3.220462</hAcc><vAcc>-1.000000</vAcc></extensions></trkpt>
      <trkpt lon="-117.330732" lat="33.978418"><ele>0.000000</ele><time>2025-10-27T22:54:10Z</time><extensions><speed>1.417986</speed><course>169.159148</course><hAcc>3.639844</hAcc><vAcc>-1.000000</vAcc></extensions></trkpt>
      <trkpt lon="-117.330730" lat="33.978406"><ele>0.000000</ele><time>2025-10-27T22:54:11Z</time><extensions><speed>1.345205</speed><course>169.527104</course><hAcc>4.002534</hAcc><vAcc>-1.000000</vAcc></extensions></trkpt>
      <trkpt lon="-117.330727" lat="33.978394"><ele>0.000000</ele><time>2025-10-27T22:54:12Z</time><extensions><speed>1.270331</speed><course>170.253962</course><hAcc>4.287654</hAcc><vAcc>-1.000000</vAcc></extensions></trkpt>
      <trkpt lon="-117.330725" lat="33.978383"><ele>0.000000</ele><time>2025-10-27T22:54:13Z</time><extensions><speed>1.199213</speed><course>171.219387</course><hAcc>4.498074</hAcc><vAcc>-1.000000</vAcc></extensions></trkpt>
      <trkpt lon="-117.330723" lat="33.978373"><ele>0.000000</ele><time>2025-10-27T22:54:14Z</time><extensions><speed>1.135126</speed><course>172.322550</course><hAcc>4.645916</hAcc><vAcc>-1.000000</vAcc></extensions></trkpt>
      <trkpt lon="-117.330722" lat="33.978363"><ele>0.000000</ele><time>2025-10-27T22:54:15Z</time><extensions><speed>1.079541</speed><course>173.477330</course><hAcc>4.745397</hAcc><vAcc>-1.000000</vAcc></extensions></trkpt>
      <trkpt lon="-117.330720" lat="33.978354"><ele>0.000000</ele><time>2025-10-27T22:54:16Z</time><extensions><speed>1.032729</speed><course>174.612646</course><hAcc>4.809599</hAcc><vAcc>-1.000000</vAcc></extensions></trkpt>
      <trkpt lon="-117.330720" lat="33.978344"><ele>0.000000</ele><time>2025-10-27T22:54:17Z</time><extensions><speed>0.994221</speed><course>175.674191</course><hAcc>4.849249</hAcc><vAcc>-1.000000</vAcc></extensions></trkpt>
      <trkpt lon="-117.330719" lat="33.978336"><ele>0.000000</ele><time>2025-10-27T22:54:18Z</time><extensions><speed>0.963147</speed><course>176.625353</course><hAcc>4.872516</hAcc><vAcc>-1.000000</vAcc></extensions></trkpt>
      <trkpt lon="-117.330718" lat="33.978327"><ele>0.000000</ele><time>2025-10-27T22:54:19Z</time><extensions><speed>0.938464</speed><course>177.446343</course><hAcc>4.885271</hAcc><vAcc>-1.000000</vAcc></extensions></trkpt>
      <trkpt lon="-117.330718" lat="33.978319"><ele>0.000000</ele><time>2025-10-27T22:54:20Z</time><extensions><speed>0.919108</speed><course>178.131649</course><hAcc>4.891533</hAcc><vAcc>-1.000000</vAcc></extensions></trkpt>
      <trkpt lon="-117.330718" lat="33.978310"><ele>0.000000</ele><time>2025-10-27T22:54:21Z</time><extensions><speed>0.904078</speed><course>178.686489</course><hAcc>4.893938</hAcc><vAcc>-1.000000</vAcc></extensions></trkpt>
      <trkpt lon="-117.330717" lat="33.978302"><ele>0.000000</ele><time>2025-10-27T22:54:22Z</time><extensions><speed>0.892487</speed><course>179.123080</course><hAcc>4.894139</hAcc><vAcc>-1.000000</vAcc></extensions></trkpt>
      <trkpt lon="-117.330717" lat="33.978294"><ele>0.000000</ele><time>2025-10-27T22:54:23Z</time><extensions><speed>0.883574</speed><course>179.457347</course><hAcc>4.893133</hAcc><vAcc>-1.000000</vAcc></extensions></trkpt>
      <trkpt lon="-117.330717" lat="33.978286"><ele>0.000000</ele><time>2025-10-27T22:54:24Z</time><extensions><speed>0.875867</speed><course>179.705822</course><hAcc>4.895857</hAcc><vAcc>-1.000000</vAcc></extensions></trkpt>
      <trkpt lon="-117.330717" lat="33.978278"><ele>0.000000</ele><time>2025-10-27T22:54:25Z</time><extensions><speed>0.870499</speed><course>179.885314</course><hAcc>4.895341</hAcc><vAcc>-1.000000</vAcc></extensions></trkpt>
      <trkpt lon="-117.330717" lat="33.978270"><ele>0.000000</ele><time>2025-10-27T22:54:26Z</time><extensions><speed>0.868154</speed><course>180.011199</course><hAcc>4.899683</hAcc><vAcc>-1.000000</vAcc></extensions></trkpt>
      <trkpt lon="-117.330717" lat="33.978262"><ele>0.000000</ele><time>2025-10-27T22:54:27Z</time><extensions><speed>0.869776</speed><course>180.095818</course><hAcc>4.910718</hAcc><vAcc>-1.000000</vAcc></extensions></trkpt>
      <trkpt lon="-117.330717" lat="33.978254"><ele>0.000000</ele><time>2025-10-27T22:54:28Z</time><extensions><speed>0.876365</speed><course>180.149360</course><hAcc>4.930914</hAcc><vAcc>-1.000000</vAcc></extensions></trkpt>
      <trkpt lon="-117.330717" lat="33.978245"><ele>0.000000</ele><time>2025-10-27T22:54:29Z</time><extensions><speed>0.888934</speed><course>180.180146</course><hAcc>4.963463</hAcc><vAcc>-1.000000</vAcc></extensions></trkpt>
      <trkpt lon="-117.330717" lat="33.978237"><ele>0.000000</ele><time>2025-10-27T22:54:30Z</time><extensions><speed>0.908426</speed><course>180.194893</course><hAcc>5.012126</hAcc><vAcc>-1.000000</vAcc></extensions></trkpt>
      <trkpt lon="-117.330717" lat="33.978228"><ele>0.000000</ele><time>2025-10-27T22:54:31Z</time><extensions><speed>0.935575</speed><course>180.198932</course><hAcc>5.080584</hAcc><vAcc>-1.000000</vAcc></extensions></trkpt>
      <trkpt lon="-117.330717" lat="33.978218"><ele>0.000000</ele><time>2025-10-27T22:54:32Z</time><extensions><speed>0.970680</speed><course>180.196388</course><hAcc>5.170939</hAcc><vAcc>-1.000000</vAcc></extensions></trkpt>
      <trkpt lon="-117.330717" lat="33.978208"><ele>0.000000</ele><time>2025-10-27T22:54:33Z</time><extensions><speed>1.013305</speed><course>180.190341</course><hAcc>5.280871</hAcc><vAcc>-1.000000</vAcc></extensions></trkpt>
      <trkpt lon="-117.330717" lat="33.978201"><ele>0.000000</ele><time>2025-10-27T22:54:33Z</time><extensions><speed>1.052736</speed><course>180.186896</course><hAcc>5.375363</hAcc><vAcc>-1.000000</vAcc></extensions></trkpt>
      <trkpt lon="-117.330718" lat="33.978190"><ele>0.000000</ele><time>2025-10-27T22:54:34Z</time><extensions><speed>1.089239</speed><course>180.179233</course><hAcc>5.567075</hAcc><vAcc>-1.000000</vAcc></extensions></trkpt>
      <trkpt lon="-117.330718" lat="33.978179"><ele>0.000000</ele><time>2025-10-27T22:54:35Z</time><extensions><speed>1.125559</speed><course>180.172926</course><hAcc>5.740902</hAcc><vAcc>-1.000000</vAcc></extensions></trkpt>
      <trkpt lon="-117.330718" lat="33.978168"><ele>0.000000</ele><time>2025-10-27T22:54:36Z</time><extensions><speed>1.159943</speed><course>180.167782</course><hAcc>5.887273</hAcc><vAcc>-1.000000</vAcc></extensions></trkpt>
      <trkpt lon="-117.330718" lat="33.978156"><ele>0.000000</ele><time>2025-10-27T22:54:37Z</time><extensions><speed>1.191496</speed><course>180.163604</course><hAcc>6.004992</hAcc><vAcc>-1.000000</vAcc></extensions></trkpt>
      <trkpt lon="-117.330718" lat="33.978144"><ele>0.000000</ele><time>2025-10-27T22:54:38Z</time><extensions><speed>1.219851</speed><course>180.160214</course><hAcc>6.096733</hAcc><vAcc>-1.000000</vAcc></extensions></trkpt>
      <trkpt lon="-117.330718" lat="33.978131"><ele>0.000000</ele><time>2025-10-27T22:54:39Z</time><extensions><speed>1.244967</speed><course>180.157461</course><hAcc>6.166589</hAcc><vAcc>-1.000000</vAcc></extensions></trkpt>
      <trkpt lon="-117.330718" lat="33.978119"><ele>0.000000</ele><time>2025-10-27T22:54:40Z</time><extensions><speed>1.266982</speed><course>180.155224</course><hAcc>6.218830</hAcc><vAcc>-1.000000</vAcc></extensions></trkpt>
      <trkpt lon="-117.330718" lat="33.978106"><ele>0.000000</ele><time>2025-10-27T22:54:41Z</time><extensions><speed>1.286137</speed><course>180.153403</course><hAcc>6.257328</hAcc><vAcc>-1.000000</vAcc></extensions></trkpt>
      <trkpt lon="-117.330718" lat="33.978093"><ele>0.000000</ele><time>2025-10-27T22:54:42Z</time><extensions><speed>1.302714</speed><course>180.151920</course><hAcc>6.285355</hAcc><vAcc>-1.000000</vAcc></extensions></trkpt>
      <trkpt lon="-117.330718" lat="33.978080"><ele>0.000000</ele><time>2025-10-27T22:54:43Z</time><extensions><speed>1.317007</speed><course>180.150710</course><hAcc>6.305546</hAcc><vAcc>-1.000000</vAcc></extensions></trkpt>
      <trkpt lon="-117.330718" lat="33.978066"><ele>0.000000</ele><time>2025-10-27T22:54:44Z</time><extensions><speed>1.329303</speed><course>180.149721</course><hAcc>6.319960</hAcc><vAcc>-1.000000</vAcc></extensions></trkpt>
      <trkpt lon="-117.330718" lat="33.978053"><ele>0.000000</ele><time>2025-10-27T22:54:45Z</time><extensions><speed>1.339869</speed><course>180.148914</course><hAcc>6.330168</hAcc><vAcc>-1.000000</vAcc></extensions></trkpt>
      <trkpt lon="-117.330718" lat="33.978040"><ele>0.000000</ele><time>2025-10-27T22:54:46Z</time><extensions><speed>1.348947</speed><course>180.148253</course><hAcc>6.337346</hAcc><vAcc>-1.000000</vAcc></extensions></trkpt>
      <trkpt lon="-117.330718" lat="33.978026"><ele>0.000000</ele><time>2025-10-27T22:54:47Z</time><extensions><speed>1.356755</speed><course>180.147712</course><hAcc>6.342361</hAcc><vAcc>-1.000000</vAcc></extensions></trkpt>
      <trkpt lon="-117.330718" lat="33.978013"><ele>0.000000</ele><time>2025-10-27T22:54:48Z</time><extensions><speed>1.363484</speed><course>180.147269</course><hAcc>6.345845</hAcc><vAcc>-1.000000</vAcc></extensions></trkpt>
      <trkpt lon="-117.330718" lat="33.977999"><ele>0.000000</ele><time>2025-10-27T22:54:49Z</time><extensions><speed>1.369301</speed><course>180.146906</course><hAcc>6.348253</hAcc><vAcc>-1.000000</vAcc></extensions></trkpt>
      <trkpt lon="-117.330718" lat="33.977985"><ele>0.000000</ele><time>2025-10-27T22:54:50Z</time><extensions><speed>1.374349</speed><course>180.146608</course><hAcc>6.349910</hAcc><vAcc>-1.000000</vAcc></extensions></trkpt>
      <trkpt lon="-117.330718" lat="33.977972"><ele>0.000000</ele><time>2025-10-27T22:54:51Z</time><extensions><speed>1.378752</speed><course>180.146363</course><hAcc>6.351044</hAcc><vAcc>-1.000000</vAcc></extensions></trkpt>
      <trkpt lon="-117.330718" lat="33.977958"><ele>0.000000</ele><time>2025-10-27T22:54:52Z</time><extensions><speed>1.382615</speed><course>180.146162</course><hAcc>6.351818</hAcc><vAcc>-1.000000</vAcc></extensions></trkpt>
      <trkpt lon="-117.330718" lat="33.977944"><ele>0.000000</ele><time>2025-10-27T22:54:53Z</time><extensions><speed>1.386028</speed><course>180.145996</course><hAcc>6.352345</hAcc><vAcc>-1.000000</vAcc></extensions></trkpt>
      <trkpt lon="-117.330718" lat="33.977930"><ele>0.000000</ele><time>2025-10-27T22:54:54Z</time><extensions><speed>1.389066</speed><course>180.145860</course><hAcc>6.352701</hAcc><vAcc>-1.000000</vAcc></extensions></trkpt>
      <trkpt lon="-117.330718" lat="33.977917"><ele>0.000000</ele><time>2025-10-27T22:54:55Z</time><extensions><speed>1.391792</speed><course>180.145747</course><hAcc>6.352942</hAcc><vAcc>-1.000000</vAcc></extensions></trkpt>
      <trkpt lon="-117.330718" lat="33.977903"><ele>0.000000</ele><time>2025-10-27T22:54:56Z</time><extensions><speed>1.394261</speed><course>180.145653</course><hAcc>6.353104</hAcc><vAcc>-1.000000</vAcc></extensions></trkpt>
      <trkpt lon="-117.330718" lat="33.977889"><ele>0.000000</ele><time>2025-10-27T22:54:57Z</time><extensions><speed>1.396516</speed><course>180.145575</course><hAcc>6.353213</hAcc><vAcc>-1.000000</vAcc></extensions></trkpt>
      <trkpt lon="-117.330719" lat="33.977875"><ele>0.000000</ele><time>2025-10-27T22:54:58Z</time><extensions><speed>1.398595</speed><course>180.145510</course><hAcc>6.353286</hAcc><vAcc>-1.000000</vAcc></extensions></trkpt>
      <trkpt lon="-117.330719" lat="33.977861"><ele>0.000000</ele><time>2025-10-27T22:54:59Z</time><extensions><speed>1.400529</speed><course>180.145456</course><hAcc>6.353335</hAcc><vAcc>-1.000000</vAcc></extensions></trkpt>
      <trkpt lon="-117.330719" lat="33.977848"><ele>0.000000</ele><time>2025-10-27T22:55:00Z</time><extensions><speed>1.402343</speed><course>180.145410</course><hAcc>6.353367</hAcc><vAcc>-1.000000</vAcc></extensions></trkpt>
      <trkpt lon="-117.330719" lat="33.977834"><ele>0.000000</ele><time>2025-10-27T22:55:01Z</time><extensions><speed>1.404059</speed><course>180.145370</course><hAcc>6.353389</hAcc><vAcc>-1.000000</vAcc></extensions></trkpt>
      <trkpt lon="-117.330719" lat="33.977820"><ele>0.000000</ele><time>2025-10-27T22:55:02Z</time><extensions><speed>1.405695</speed><course>180.145337</course><hAcc>6.353404</hAcc><vAcc>-1.000000</vAcc></extensions></trkpt>
      <trkpt lon="-117.330719" lat="33.977806"><ele>0.000000</ele><time>2025-10-27T22:55:03Z</time><extensions><speed>1.407265</speed><course>180.145308</course><hAcc>6.353413</hAcc><vAcc>-1.000000</vAcc></extensions></trkpt>
      <trkpt lon="-117.330719" lat="33.977792"><ele>0.000000</ele><time>2025-10-27T22:55:04Z</time><extensions><speed>1.408780</speed><course>180.145283</course><hAcc>6.353419</hAcc><vAcc>-1.000000</vAcc></extensions></trkpt>
      <trkpt lon="-117.330719" lat="33.977779"><ele>0.000000</ele><time>2025-10-27T22:55:05Z</time><extensions><speed>1.410252</speed><course>180.145261</course><hAcc>6.353424</hAcc><vAcc>-1.000000</vAcc></extensions></trkpt>
      <trkpt lon="-117.330719" lat="33.977765"><ele>0.000000</ele><time>2025-10-27T22:55:06Z</time><extensions><speed>1.411687</speed><course>180.145241</course><hAcc>6.353426</hAcc><vAcc>-1.000000</vAcc></extensions></trkpt>
      <trkpt lon="-117.330719" lat="33.977751"><ele>0.000000</ele><time>2025-10-27T22:55:07Z</time><extensions><speed>1.413093</speed><course>180.145223</course><hAcc>6.353428</hAcc><vAcc>-1.000000</vAcc></extensions></trkpt>
      <trkpt lon="-117.330719" lat="33.977737"><ele>0.000000</ele><time>2025-10-27T22:55:08Z</time><extensions><speed>1.414475</speed><course>180.145207</course><hAcc>6.353429</hAcc><vAcc>-1.000000</vAcc></extensions></trkpt>
      <trkpt lon="-117.330719" lat="33.977723"><ele>0.000000</ele><time>2025-10-27T22:55:09Z</time><extensions><speed>1.415837</speed><course>180.145192</course><hAcc>6.353430</hAcc><vAcc>-1.000000</vAcc></extensions></trkpt>
      <trkpt lon="-117.330719" lat="33.977709"><ele>0.000000</ele><time>2025-10-27T22:55:10Z</time><extensions><speed>1.417183</speed><course>180.145178</course><hAcc>6.353431</hAcc><vAcc>-1.000000</vAcc></extensions></trkpt>
      <trkpt lon="-117.330719" lat="33.977696"><ele>0.000000</ele><time>2025-10-27T22:55:11Z</time><extensions><speed>1.418517</speed><course>180.145165</course><hAcc>6.353431</hAcc><vAcc>-1.000000</vAcc></extensions></trkpt>
      <trkpt lon="-117.330719" lat="33.977682"><ele>0.000000</ele><time>2025-10-27T22:55:12Z</time><extensions><speed>1.419840</speed><course>180.145153</course><hAcc>6.353431</hAcc><vAcc>-1.000000</vAcc></extensions></trkpt>
      <trkpt lon="-117.330719" lat="33.977668"><ele>0.000000</ele><time>2025-10-27T22:55:13Z</time><extensions><speed>1.421154</speed><course>180.145142</course><hAcc>6.353431</hAcc><vAcc>-1.000000</vAcc></extensions></trkpt>
      <trkpt lon="-117.330719" lat="33.977654"><ele>0.000000</ele><time>2025-10-27T22:55:14Z</time><extensions><speed>1.422462</speed><course>180.145130</course><hAcc>6.353431</hAcc><vAcc>-1.000000</vAcc></extensions></trkpt>
      <trkpt lon="-117.330719" lat="33.977640"><ele>0.000000</ele><time>2025-10-27T22:55:15Z</time><extensions><speed>1.423763</speed><course>180.145120</course><hAcc>6.353432</hAcc><vAcc>-1.000000</vAcc></extensions></trkpt>
      <trkpt lon="-117.330719" lat="33.977626"><ele>0.000000</ele><time>2025-10-27T22:55:16Z</time><extensions><speed>1.425061</speed><course>180.145109</course><hAcc>6.353432</hAcc><vAcc>-1.000000</vAcc></extensions></trkpt>
      <trkpt lon="-117.330719" lat="33.977613"><ele>0.000000</ele><time>2025-10-27T22:55:17Z</time><extensions><speed>1.426354</speed><course>180.145099</course><hAcc>6.353432</hAcc><vAcc>-1.000000</vAcc></extensions></trkpt>
      <trkpt lon="-117.330719" lat="33.977599"><ele>0.000000</ele><time>2025-10-27T22:55:18Z</time><extensions><speed>1.427645</speed><course>180.145089</course><hAcc>6.353432</hAcc><vAcc>-1.000000</vAcc></extensions></trkpt>
      <trkpt lon="-117.330719" lat="33.977585"><ele>0.000000</ele><time>2025-10-27T22:55:19Z</time><extensions><speed>1.428933</speed><course>180.145079</course><hAcc>6.353432</hAcc><vAcc>-1.000000</vAcc></extensions></trkpt>
      <trkpt lon="-117.330719" lat="33.977571"><ele>0.000000</ele><time>2025-10-27T22:55:20Z</time><extensions><speed>1.430219</speed><course>180.145069</course><hAcc>6.353432</hAcc><vAcc>-1.000000</vAcc></extensions></trkpt>
      <trkpt lon="-117.330719" lat="33.977557"><ele>0.000000</ele><time>2025-10-27T22:55:21Z</time><extensions><speed>1.431504</speed><course>180.145060</course><hAcc>6.353432</hAcc><vAcc>-1.000000</vAcc></extensions></trkpt>
      <trkpt lon="-117.330720" lat="33.977543"><ele>0.000000</ele><time>2025-10-27T22:55:22Z</time><extensions><speed>1.432787</speed><course>180.145050</course><hAcc>6.353432</hAcc><vAcc>-1.000000</vAcc></extensions></trkpt>
      <trkpt lon="-117.330720" lat="33.977530"><ele>0.000000</ele><time>2025-10-27T22:55:23Z</time><extensions><speed>1.434069</speed><course>180.145041</course><hAcc>6.353432</hAcc><vAcc>-1.000000</vAcc></extensions></trkpt>
      <trkpt lon="-117.330720" lat="33.977516"><ele>0.000000</ele><time>2025-10-27T22:55:24Z</time><extensions><speed>1.435351</speed><course>180.145032</course><hAcc>6.353432</hAcc><vAcc>-1.000000</vAcc></extensions></trkpt>
      <trkpt lon="-117.330720" lat="33.977502"><ele>0.000000</ele><time>2025-10-27T22:55:25Z</time><extensions><speed>1.436632</speed><course>180.145022</course><hAcc>6.353432</hAcc><vAcc>-1.000000</vAcc></extensions></trkpt>
      <trkpt lon="-117.330720" lat="33.977488"><ele>0.000000</ele><time>2025-10-27T22:55:26Z</time><extensions><speed>1.437912</speed><course>180.145013</course><hAcc>6.353432</hAcc><vAcc>-1.000000</vAcc></extensions></trkpt>
      <trkpt lon="-117.330720" lat="33.977474"><ele>0.000000</ele><time>2025-10-27T22:55:27Z</time><extensions><speed>1.439192</speed><course>180.145004</course><hAcc>6.353432</hAcc><vAcc>-1.000000</vAcc></extensions></trkpt>
      <trkpt lon="-117.330720" lat="33.977461"><ele>0.000000</ele><time>2025-10-27T22:55:28Z</time><extensions><speed>1.432927</speed><course>180.145049</course><hAcc>6.353432</hAcc><vAcc>-1.000000</vAcc></extensions></trkpt>
      <trkpt lon="-117.330720" lat="33.977448"><ele>0.000000</ele><time>2025-10-27T22:55:29Z</time><extensions><speed>1.418029</speed><course>180.145157</course><hAcc>6.353432</hAcc><vAcc>-1.000000</vAcc></extensions></trkpt>
      <trkpt lon="-117.330720" lat="33.977435"><ele>0.000000</ele><time>2025-10-27T22:55:30Z</time><extensions><speed>1.394217</speed><course>180.145335</course><hAcc>6.353432</hAcc><vAcc>-1.000000</vAcc></extensions></trkpt>
      <trkpt lon="-117.330719" lat="33.977421"><ele>0.000000</ele><time>2025-10-27T22:55:31Z</time><extensions><speed>1.395016</speed><course>179.332020</course><hAcc>6.353432</hAcc><vAcc>-1.000000</vAcc></extensions></trkpt>
      <trkpt lon="-117.330719" lat="33.977407"><ele>0.000000</ele><time>2025-10-27T22:55:32Z</time><extensions><speed>1.388030</speed><course>178.494226</course><hAcc>6.353432</hAcc><vAcc>-1.000000</vAcc></extensions></trkpt>
      <trkpt lon="-117.330718" lat="33.977394"><ele>0.000000</ele><time>2025-10-27T22:55:33Z</time><extensions><speed>1.373050</speed><course>177.606660</course><hAcc>6.353432</hAcc><vAcc>-1.000000</vAcc></extensions></trkpt>
      <trkpt lon="-117.330717" lat="33.977381"><ele>0.000000</ele><time>2025-10-27T22:55:34Z</time><extensions><speed>1.349738</speed><course>176.424114</course><hAcc>6.353432</hAcc><vAcc>-1.000000</vAcc></extensions></trkpt>
      <trkpt lon="-117.330716" lat="33.977368"><ele>0.000000</ele><time>2025-10-27T22:55:35Z</time><extensions><speed>1.317801</speed><course>174.662811</course><hAcc>6.353432</hAcc><vAcc>-1.000000</vAcc></extensions></trkpt>
      <trkpt lon="-117.330714" lat="33.977356"><ele>0.000000</ele><time>2025-10-27T22:55:36Z</time><extensions><speed>1.276996</speed><course>172.120757</course><hAcc>6.353432</hAcc><vAcc>-1.000000</vAcc></extensions></trkpt>
      <trkpt lon="-117.330711" lat="33.977345"><ele>0.000000</ele><time>2025-10-27T22:55:37Z</time><extensions><speed>1.227849</speed><course>168.485760</course><hAcc>6.353432</hAcc><vAcc>-1.000000</vAcc></extensions></trkpt>
      <trkpt lon="-117.330707" lat="33.977334"><ele>0.000000</ele><time>2025-10-27T22:55:38Z</time><extensions><speed>1.172889</speed><course>163.286428</course><hAcc>6.353432</hAcc><vAcc>-1.000000</vAcc></extensions></trkpt>
      <trkpt lon="-117.330702" lat="33.977324"><ele>0.000000</ele><time>2025-10-27T22:55:39Z</time><extensions><speed>1.117207</speed><course>155.809918</course><hAcc>6.353432</hAcc><vAcc>-1.000000</vAcc></extensions></trkpt>
      <trkpt lon="-117.330696" lat="33.977316"><ele>0.000000</ele><time>2025-10-27T22:55:40Z</time><extensions><speed>1.071775</speed><course>145.016065</course><hAcc>6.353432</hAcc><vAcc>-1.000000</vAcc></extensions></trkpt>
      <trkpt lon="-117.330687" lat="33.977308"><ele>0.000000</ele><time>2025-10-27T22:55:41Z</time><extensions><speed>1.064116</speed><course>129.782003</course><hAcc>6.353432</hAcc><vAcc>-1.000000</vAcc></extensions></trkpt>
      <trkpt lon="-117.330677" lat="33.977303"><ele>0.000000</ele><time>2025-10-27T22:55:42Z</time><extensions><speed>1.100710</speed><course>118.670454</course><hAcc>6.353432</hAcc><vAcc>-1.000000</vAcc></extensions></trkpt>
      <trkpt lon="-117.330665" lat="33.977299"><ele>0.000000</ele><time>2025-10-27T22:55:43Z</time><extensions><speed>1.152438</speed><course>110.828672</course><hAcc>6.353432</hAcc><vAcc>-1.000000</vAcc></extensions></trkpt>
      <trkpt lon="-117.330651" lat="33.977295"><ele>0.000000</ele><time>2025-10-27T22:55:44Z</time><extensions><speed>1.231867</speed><course>104.978346</course><hAcc>6.353432</hAcc><vAcc>-1.000000</vAcc></extensions></trkpt>
      <trkpt lon="-117.330635" lat="33.977293"><ele>0.000000</ele><time>2025-10-27T22:55:45Z</time><extensions><speed>1.308634</speed><course>100.913118</course><hAcc>6.353432</hAcc><vAcc>-1.000000</vAcc></extensions></trkpt>
      <trkpt lon="-117.330619" lat="33.977291"><ele>0.000000</ele><time>2025-10-27T22:55:46Z</time><extensions><speed>1.379775</speed><course>98.049792</course><hAcc>6.353432</hAcc><vAcc>-1.000000</vAcc></extensions></trkpt>
      <trkpt lon="-117.330602" lat="33.977289"><ele>0.000000</ele><time>2025-10-27T22:55:47Z</time><extensions><speed>1.444784</speed><course>96.005024</course><hAcc>6.353432</hAcc><vAcc>-1.000000</vAcc></extensions></trkpt>
      <trkpt lon="-117.330585" lat="33.977288"><ele>0.000000</ele><time>2025-10-27T22:55:48Z</time><extensions><speed>1.504033</speed><course>94.527932</course><hAcc>6.353432</hAcc><vAcc>-1.000000</vAcc></extensions></trkpt>
      <trkpt lon="-117.330567" lat="33.977287"><ele>0.000000</ele><time>2025-10-27T22:55:49Z</time><extensions><speed>1.557974</speed><course>93.451740</course><hAcc>6.353432</hAcc><vAcc>-1.000000</vAcc></extensions></trkpt>
      <trkpt lon="-117.330547" lat="33.977286"><ele>0.000000</ele><time>2025-10-27T22:55:50Z</time><extensions><speed>1.612156</speed><course>92.660670</course><hAcc>6.311166</hAcc><vAcc>-1.000000</vAcc></extensions></trkpt>
      <trkpt lon="-117.330522" lat="33.977286"><ele>0.000000</ele><time>2025-10-27T22:55:51Z</time><extensions><speed>1.744286</speed><course>91.870478</course><hAcc>6.199803</hAcc><vAcc>-1.000000</vAcc></extensions></trkpt>
      <trkpt lon="-117.330495" lat="33.977286"><ele>0.000000</ele><time>2025-10-27T22:55:52Z</time><extensions><speed>1.881953</speed><course>91.594451</course><hAcc>6.005398</hAcc><vAcc>-1.000000</vAcc></extensions></trkpt>
      <trkpt lon="-117.330461" lat="33.977281"><ele>0.000000</ele><time>2025-10-27T22:55:53Z</time><extensions><speed>2.074270</speed><course>93.133431</course><hAcc>5.645019</hAcc><vAcc>-1.000000</vAcc></extensions></trkpt>
      <trkpt lon="-117.330428" lat="33.977276"><ele>0.000000</ele><time>2025-10-27T22:55:54Z</time><extensions><speed>2.218236</speed><course>94.927209</course><hAcc>5.215876</hAcc><vAcc>-1.000000</vAcc></extensions></trkpt>
      <trkpt lon="-117.330398" lat="33.977271"><ele>0.000000</ele><time>2025-10-27T22:55:55Z</time><extensions><speed>2.273558</speed><course>96.310165</course><hAcc>4.770025</hAcc><vAcc>-1.000000</vAcc></extensions></trkpt>
      <trkpt lon="-117.330369" lat="33.977267"><ele>0.000000</ele><time>2025-10-27T22:55:56Z</time><extensions><speed>2.255884</speed><course>97.600793</course><hAcc>4.271334</hAcc><vAcc>-1.000000</vAcc></extensions></trkpt>
      <trkpt lon="-117.330341" lat="33.977262"><ele>0.000000</ele><time>2025-10-27T22:55:57Z</time><extensions><speed>2.156330</speed><course>99.131627</course><hAcc>3.732054</hAcc><vAcc>-1.000000</vAcc></extensions></trkpt>
      <trkpt lon="-117.330319" lat="33.977259"><ele>0.000000</ele><time>2025-10-27T22:55:58Z</time><extensions><speed>1.915702</speed><course>100.719164</course><hAcc>3.417888</hAcc><vAcc>-1.000000</vAcc></extensions></trkpt>
      <trkpt lon="-117.330301" lat="33.977256"><ele>0.000000</ele><time>2025-10-27T22:55:59Z</time><extensions><speed>1.527576</speed><course>103.431716</course><hAcc>3.243549</hAcc><vAcc>-1.000000</vAcc></extensions></trkpt>
      <trkpt lon="-117.330292" lat="33.977254"><ele>0.000000</ele><time>2025-10-27T22:56:00Z</time><extensions><speed>1.342817</speed><course>105.134282</course><hAcc>3.174898</hAcc><vAcc>-1.000000</vAcc></extensions></trkpt>
      <trkpt lon="-117.330280" lat="33.977249"><ele>0.000000</ele><time>2025-10-27T22:56:01Z</time><extensions><speed>1.231684</speed><course>135.706803</course><hAcc>3.091123</hAcc><vAcc>-1.000000</vAcc></extensions></trkpt>
      <trkpt lon="-117.330272" lat="33.977241"><ele>0.000000</ele><time>2025-10-27T22:56:02Z</time><extensions><speed>1.173266</speed><course>143.045454</course><hAcc>3.014370</hAcc><vAcc>-1.000000</vAcc></extensions></trkpt>
      <trkpt lon="-117.330265" lat="33.977233"><ele>0.000000</ele><time>2025-10-27T22:56:03Z</time><extensions><speed>1.083286</speed><course>146.306083</course><hAcc>2.961080</hAcc><vAcc>-1.000000</vAcc></extensions></trkpt>
      <trkpt lon="-117.330257" lat="33.977224"><ele>0.000000</ele><time>2025-10-27T22:56:04Z</time><extensions><speed>1.395035</speed><course>145.250074</course><hAcc>2.882518</hAcc><vAcc>-1.000000</vAcc></extensions></trkpt>
      <trkpt lon="-117.330251" lat="33.977216"><ele>0.000000</ele><time>2025-10-27T22:56:05Z</time><extensions><speed>1.468961</speed><course>146.875036</course><hAcc>2.870092</hAcc><vAcc>-1.000000</vAcc></extensions></trkpt>
      <trkpt lon="-117.330242" lat="33.977205"><ele>0.000000</ele><time>2025-10-27T22:56:06Z</time><extensions><speed>1.476671</speed><course>147.624949</course><hAcc>2.875105</hAcc><vAcc>-1.000000</vAcc></extensions></trkpt>
      <trkpt lon="-117.330234" lat="33.977194"><ele>0.000000</ele><time>2025-10-27T22:56:07Z</time><extensions><speed>1.463206</speed><course>147.309638</course><hAcc>2.879424</hAcc><vAcc>-1.000000</vAcc></extensions></trkpt>
      <trkpt lon="-117.330224" lat="33.977183"><ele>0.000000</ele><time>2025-10-27T22:56:08Z</time><extensions><speed>1.375414</speed><course>140.975605</course><hAcc>2.873455</hAcc><vAcc>-1.000000</vAcc></extensions></trkpt>
      <trkpt lon="-117.330215" lat="33.977175"><ele>0.000000</ele><time>2025-10-27T22:56:09Z</time><extensions><speed>1.318829</speed><course>134.144151</course><hAcc>3.037572</hAcc><vAcc>-1.000000</vAcc></extensions></trkpt>
      <trkpt lon="-117.330204" lat="33.977167"><ele>0.000000</ele><time>2025-10-27T22:56:10Z</time><extensions><speed>1.293401</speed><course>126.496081</course><hAcc>3.355207</hAcc><vAcc>-1.000000</vAcc></extensions></trkpt>
      <trkpt lon="-117.330192" lat="33.977161"><ele>0.000000</ele><time>2025-10-27T22:56:11Z</time><extensions><speed>1.300916</speed><course>117.566101</course><hAcc>3.716481</hAcc><vAcc>-1.000000</vAcc></extensions></trkpt>
      <trkpt lon="-117.330178" lat="33.977156"><ele>0.000000</ele><time>2025-10-27T22:56:12Z</time><extensions><speed>1.348890</speed><course>106.841645</course><hAcc>4.048005</hAcc><vAcc>-1.000000</vAcc></extensions></trkpt>
      <trkpt lon="-117.330164" lat="33.977154"><ele>0.000000</ele><time>2025-10-27T22:56:13Z</time><extensions><speed>1.410108</speed><course>99.881309</course><hAcc>4.320660</hAcc><vAcc>-1.000000</vAcc></extensions></trkpt>
      <trkpt lon="-117.330148" lat="33.977152"><ele>0.000000</ele><time>2025-10-27T22:56:14Z</time><extensions><speed>1.467593</speed><course>95.437054</course><hAcc>4.530528</hAcc><vAcc>-1.000000</vAcc></extensions></trkpt>
      <trkpt lon="-117.330132" lat="33.977151"><ele>0.000000</ele><time>2025-10-27T22:56:15Z</time><extensions><speed>1.511932</speed><course>92.619073</course><hAcc>4.684779</hAcc><vAcc>-1.000000</vAcc></extensions></trkpt>
      <trkpt lon="-117.330116" lat="33.977151"><ele>0.000000</ele><time>2025-10-27T22:56:16Z</time><extensions><speed>1.536055</speed><course>90.821644</course><hAcc>4.794149</hAcc><vAcc>-1.000000</vAcc></extensions></trkpt>
      <trkpt lon="-117.330099" lat="33.977151"><ele>0.000000</ele><time>2025-10-27T22:56:17Z</time><extensions><speed>1.540813</speed><course>89.740204</course><hAcc>4.869386</hAcc><vAcc>-1.000000</vAcc></extensions></trkpt>
      <trkpt lon="-117.330082" lat="33.977151"><ele>0.000000</ele><time>2025-10-27T22:56:18Z</time><extensions><speed>1.533230</speed><course>89.123120</course><hAcc>4.919768</hAcc><vAcc>-1.000000</vAcc></extensions></trkpt>
      <trkpt lon="-117.330066" lat="33.977151"><ele>0.000000</ele><time>2025-10-27T22:56:19Z</time><extensions><speed>1.518522</speed><course>88.812993</course><hAcc>4.952680</hAcc><vAcc>-1.000000</vAcc></extensions></trkpt>
      <trkpt lon="-117.330050" lat="33.977151"><ele>0.000000</ele><time>2025-10-27T22:56:20Z</time><extensions><speed>1.500357</speed><course>88.705405</course><hAcc>4.973681</hAcc><vAcc>-1.000000</vAcc></extensions></trkpt>
      <trkpt lon="-117.330034" lat="33.977152"><ele>0.000000</ele><time>2025-10-27T22:56:21Z</time><extensions><speed>1.481185</speed><course>88.728308</course><hAcc>4.986782</hAcc><vAcc>-1.000000</vAcc></extensions></trkpt>
      <trkpt lon="-117.330018" lat="33.977152"><ele>0.000000</ele><time>2025-10-27T22:56:22Z</time><extensions><speed>1.462553</speed><course>88.830997</course><hAcc>4.994775</hAcc><vAcc>-1.000000</vAcc></extensions></trkpt>
      <trkpt lon="-117.330002" lat="33.977152"><ele>0.000000</ele><time>2025-10-27T22:56:23Z</time><extensions><speed>1.445358</speed><course>88.977738</course><hAcc>4.999545</hAcc><vAcc>-1.000000</vAcc></extensions></trkpt>
      <trkpt lon="-117.329987" lat="33.977152"><ele>0.000000</ele><time>2025-10-27T22:56:24Z</time><extensions><speed>1.430050</speed><course>89.143733</course><hAcc>5.002329</hAcc><vAcc>-1.000000</vAcc></extensions></trkpt>
      <trkpt lon="-117.329971" lat="33.977153"><ele>0.000000</ele><time>2025-10-27T22:56:25Z</time><extensions><speed>1.416781</speed><course>89.312321</course><hAcc>5.003915</hAcc><vAcc>-1.000000</vAcc></extensions></trkpt>
      <trkpt lon="-117.329956" lat="33.977153"><ele>0.000000</ele><time>2025-10-27T22:56:26Z</time><extensions><speed>1.405520</speed><course>89.472895</course><hAcc>5.004798</hAcc><vAcc>-1.000000</vAcc></extensions></trkpt>
      <trkpt lon="-117.329941" lat="33.977153"><ele>0.000000</ele><time>2025-10-27T22:56:27Z</time><extensions><speed>1.396122</speed><course>89.619279</course><hAcc>5.005277</hAcc><vAcc>-1.000000</vAcc></extensions></trkpt>
      <trkpt lon="-117.329926" lat="33.977153"><ele>0.000000</ele><time>2025-10-27T22:56:28Z</time><extensions><speed>1.388389</speed><course>89.748451</course><hAcc>5.005528</hAcc><vAcc>-1.000000</vAcc></extensions></trkpt>
      <trkpt lon="-117.329911" lat="33.977153"><ele>0.000000</ele><time>2025-10-27T22:56:29Z</time><extensions><speed>1.382102</speed><course>89.859547</course><hAcc>5.005657</hAcc><vAcc>-1.000000</vAcc></extensions></trkpt>
      <trkpt lon="-117.329896" lat="33.977153"><ele>0.000000</ele><time>2025-10-27T22:56:30Z</time><extensions><speed>1.377041</speed><course>89.953099</course><hAcc>5.005719</hAcc><vAcc>-1.000000</vAcc></extensions></trkpt>
      <trkpt lon="-117.329881" lat="33.977153"><ele>0.000000</ele><time>2025-10-27T22:56:31Z</time><extensions><speed>1.373000</speed><course>90.030473</course><hAcc>5.005749</hAcc><vAcc>-1.000000</vAcc></extensions></trkpt>
      <trkpt lon="-117.329866" lat="33.977153"><ele>0.000000</ele><time>2025-10-27T22:56:32Z</time><extensions><speed>1.369797</speed><course>90.093464</course><hAcc>5.005762</hAcc><vAcc>-1.000000</vAcc></extensions></trkpt>
      <trkpt lon="-117.329851" lat="33.977153"><ele>0.000000</ele><time>2025-10-27T22:56:33Z</time><extensions><speed>1.367270</speed><course>90.144021</course><hAcc>5.005767</hAcc><vAcc>-1.000000</vAcc></extensions></trkpt>
      <trkpt lon="-117.329837" lat="33.977153"><ele>0.000000</ele><time>2025-10-27T22:56:34Z</time><extensions><speed>1.365283</speed><course>90.184070</course><hAcc>5.005769</hAcc><vAcc>-1.000000</vAcc></extensions></trkpt>
      <trkpt lon="-117.329822" lat="33.977153"><ele>0.000000</ele><time>2025-10-27T22:56:35Z</time><extensions><speed>1.363721</speed><course>90.215403</course><hAcc>5.005769</hAcc><vAcc>-1.000000</vAcc></extensions></trkpt>
      <trkpt lon="-117.329807" lat="33.977153"><ele>0.000000</ele><time>2025-10-27T22:56:36Z</time><extensions><speed>1.362491</speed><course>90.239623</course><hAcc>5.005769</hAcc><vAcc>-1.000000</vAcc></extensions></trkpt>
      <trkpt lon="-117.329793" lat="33.977153"><ele>0.000000</ele><time>2025-10-27T22:56:37Z</time><extensions><speed>1.361517</speed><course>90.258123</course><hAcc>5.005769</hAcc><vAcc>-1.000000</vAcc></extensions></trkpt>
      <trkpt lon="-117.329778" lat="33.977153"><ele>0.000000</ele><time>2025-10-27T22:56:38Z</time><extensions><speed>1.360737</speed><course>90.272082</course><hAcc>5.005769</hAcc><vAcc>-1.000000</vAcc></extensions></trkpt>
      <trkpt lon="-117.329763" lat="33.977153"><ele>0.000000</ele><time>2025-10-27T22:56:39Z</time><extensions><speed>1.360103</speed><course>90.282482</course><hAcc>5.005769</hAcc><vAcc>-1.000000</vAcc></extensions></trkpt>
      <trkpt lon="-117.329748" lat="33.977153"><ele>0.000000</ele><time>2025-10-27T22:56:40Z</time><extensions><speed>1.359578</speed><course>90.290126</course><hAcc>5.005769</hAcc><vAcc>-1.000000</vAcc></extensions></trkpt>
      <trkpt lon="-117.329734" lat="33.977153"><ele>0.000000</ele><time>2025-10-27T22:56:41Z</time><extensions><speed>1.359126</speed><course>90.295570</course><hAcc>5.005769</hAcc><vAcc>-1.000000</vAcc></extensions></trkpt>
      <trkpt lon="-117.329719" lat="33.977152"><ele>0.000000</ele><time>2025-10-27T22:56:42Z</time><extensions><speed>1.358731</speed><course>90.299496</course><hAcc>5.005769</hAcc><vAcc>-1.000000</vAcc></extensions></trkpt>
      <trkpt lon="-117.329704" lat="33.977152"><ele>0.000000</ele><time>2025-10-27T22:56:43Z</time><extensions><speed>1.358377</speed><course>90.302315</course><hAcc>5.005769</hAcc><vAcc>-1.000000</vAcc></extensions></trkpt>
      <trkpt lon="-117.329690" lat="33.977152"><ele>0.000000</ele><time>2025-10-27T22:56:44Z</time><extensions><speed>1.358050</speed><course>90.304356</course><hAcc>5.005770</hAcc><vAcc>-1.000000</vAcc></extensions></trkpt>
      <trkpt lon="-117.329675" lat="33.977152"><ele>0.000000</ele><time>2025-10-27T22:56:45Z</time><extensions><speed>1.357742</speed><course>90.305886</course><hAcc>5.005770</hAcc><vAcc>-1.000000</vAcc></extensions></trkpt>
      <trkpt lon="-117.329660" lat="33.977152"><ele>0.000000</ele><time>2025-10-27T22:56:46Z</time><extensions><speed>1.357445</speed><course>90.307129</course><hAcc>5.005770</hAcc><vAcc>-1.000000</vAcc></extensions></trkpt>
      <trkpt lon="-117.329645" lat="33.977152"><ele>0.000000</ele><time>2025-10-27T22:56:47Z</time><extensions><speed>1.357157</speed><course>90.308275</course><hAcc>5.005770</hAcc><vAcc>-1.000000</vAcc></extensions></trkpt>
      <trkpt lon="-117.329631" lat="33.977152"><ele>0.000000</ele><time>2025-10-27T22:56:48Z</time><extensions><speed>1.356874</speed><course>90.309500</course><hAcc>5.005770</hAcc><vAcc>-1.000000</vAcc></extensions></trkpt>
      <trkpt lon="-117.329616" lat="33.977152"><ele>0.000000</ele><time>2025-10-27T22:56:49Z</time><extensions><speed>1.356594</speed><course>90.310974</course><hAcc>5.005770</hAcc><vAcc>-1.000000</vAcc></extensions></trkpt>
      <trkpt lon="-117.329601" lat="33.977152"><ele>0.000000</ele><time>2025-10-27T22:56:50Z</time><extensions><speed>1.356318</speed><course>90.312875</course><hAcc>5.005770</hAcc><vAcc>-1.000000</vAcc></extensions></trkpt>
      <trkpt lon="-117.329587" lat="33.977152"><ele>0.000000</ele><time>2025-10-27T22:56:51Z</time><extensions><speed>1.356048</speed><course>90.315396</course><hAcc>5.005770</hAcc><vAcc>-1.000000</vAcc></extensions></trkpt>
      <trkpt lon="-117.329572" lat="33.977152"><ele>0.000000</ele><time>2025-10-27T22:56:52Z</time><extensions><speed>1.355783</speed><course>90.317205</course><hAcc>5.005770</hAcc><vAcc>-1.000000</vAcc></extensions></trkpt>
      <trkpt lon="-117.329557" lat="33.977152"><ele>0.000000</ele><time>2025-10-27T22:56:53Z</time><extensions><speed>1.355521</speed><course>90.318479</course><hAcc>5.005770</hAcc><vAcc>-1.000000</vAcc></extensions></trkpt>
      <trkpt lon="-117.329542" lat="33.977152"><ele>0.000000</ele><time>2025-10-27T22:56:54Z</time><extensions><speed>1.355258</speed><course>90.319357</course><hAcc>5.005770</hAcc><vAcc>-1.000000</vAcc></extensions></trkpt>
      <trkpt lon="-117.329528" lat="33.977152"><ele>0.000000</ele><time>2025-10-27T22:56:55Z</time><extensions><speed>1.354995</speed><course>90.319945</course><hAcc>5.005770</hAcc><vAcc>-1.000000</vAcc></extensions></trkpt>
      <trkpt lon="-117.329513" lat="33.977152"><ele>0.000000</ele><time>2025-10-27T22:56:56Z</time><extensions><speed>1.354730</speed><course>90.320324</course><hAcc>5.005770</hAcc><vAcc>-1.000000</vAcc></extensions></trkpt>
      <trkpt lon="-117.329498" lat="33.977151"><ele>0.000000</ele><time>2025-10-27T22:56:57Z</time><extensions><speed>1.354463</speed><course>90.320556</course><hAcc>5.005770</hAcc><vAcc>-1.000000</vAcc></extensions></trkpt>
      <trkpt lon="-117.329484" lat="33.977151"><ele>0.000000</ele><time>2025-10-27T22:56:58Z</time><extensions><speed>1.354195</speed><course>90.320686</course><hAcc>5.005770</hAcc><vAcc>-1.000000</vAcc></extensions></trkpt>
      <trkpt lon="-117.329469" lat="33.977151"><ele>0.000000</ele><time>2025-10-27T22:56:59Z</time><extensions><speed>1.353925</speed><course>90.320748</course><hAcc>5.005770</hAcc><vAcc>-1.000000</vAcc></extensions></trkpt>
      <trkpt lon="-117.329454" lat="33.977151"><ele>0.000000</ele><time>2025-10-27T22:57:00Z</time><extensions><speed>1.353653</speed><course>90.320764</course><hAcc>5.005770</hAcc><vAcc>-1.000000</vAcc></extensions></trkpt>
      <trkpt lon="-117.329439" lat="33.977151"><ele>0.000000</ele><time>2025-10-27T22:57:01Z</time><extensions><speed>1.353380</speed><course>90.320754</course><hAcc>5.005770</hAcc><vAcc>-1.000000</vAcc></extensions></trkpt>
      <trkpt lon="-117.329425" lat="33.977151"><ele>0.000000</ele><time>2025-10-27T22:57:02Z</time><extensions><speed>1.353105</speed><course>90.320727</course><hAcc>5.005770</hAcc><vAcc>-1.000000</vAcc></extensions></trkpt>
      <trkpt lon="-117.329410" lat="33.977151"><ele>0.000000</ele><time>2025-10-27T22:57:03Z</time><extensions><speed>1.352830</speed><course>90.320693</course><hAcc>5.005770</hAcc><vAcc>-1.000000</vAcc></extensions></trkpt>
      <trkpt lon="-117.329395" lat="33.977151"><ele>0.000000</ele><time>2025-10-27T22:57:04Z</time><extensions><speed>1.352554</speed><course>90.320657</course><hAcc>5.005770</hAcc><vAcc>-1.000000</vAcc></extensions></trkpt>
      <trkpt lon="-117.329381" lat="33.977151"><ele>0.000000</ele><time>2025-10-27T22:57:05Z</time><extensions><speed>1.352277</speed><course>90.320621</course><hAcc>5.005770</hAcc><vAcc>-1.000000</vAcc></extensions></trkpt>
      <trkpt lon="-117.329366" lat="33.977151"><ele>0.000000</ele><time>2025-10-27T22:57:06Z</time><extensions><speed>1.351999</speed><course>90.320588</course><hAcc>5.005770</hAcc><vAcc>-1.000000</vAcc></extensions></trkpt>
      <trkpt lon="-117.329351" lat="33.977151"><ele>0.000000</ele><time>2025-10-27T22:57:07Z</time><extensions><speed>1.351721</speed><course>90.320559</course><hAcc>5.005770</hAcc><vAcc>-1.000000</vAcc></extensions></trkpt>
      <trkpt lon="-117.329336" lat="33.977151"><ele>0.000000</ele><time>2025-10-27T22:57:08Z</time><extensions><speed>1.351443</speed><course>90.320534</course><hAcc>5.005770</hAcc><vAcc>-1.000000</vAcc></extensions></trkpt>
      <trkpt lon="-117.329322" lat="33.977151"><ele>0.000000</ele><time>2025-10-27T22:57:09Z</time><extensions><speed>1.351165</speed><course>90.320514</course><hAcc>5.005770</hAcc><vAcc>-1.000000</vAcc></extensions></trkpt>
      <trkpt lon="-117.329307" lat="33.977151"><ele>0.000000</ele><time>2025-10-27T22:57:10Z</time><extensions><speed>1.350886</speed><course>90.320497</course><hAcc>5.005770</hAcc><vAcc>-1.000000</vAcc></extensions></trkpt>
      <trkpt lon="-117.329292" lat="33.977150"><ele>0.000000</ele><time>2025-10-27T22:57:11Z</time><extensions><speed>1.350607</speed><course>90.320483</course><hAcc>5.005770</hAcc><vAcc>-1.000000</vAcc></extensions></trkpt>
      <trkpt lon="-117.329278" lat="33.977150"><ele>0.000000</ele><time>2025-10-27T22:57:12Z</time><extensions><speed>1.350328</speed><course>90.320473</course><hAcc>5.005770</hAcc><vAcc>-1.000000</vAcc></extensions></trkpt>
      <trkpt lon="-117.329263" lat="33.977150"><ele>0.000000</ele><time>2025-10-27T22:57:13Z</time><extensions><speed>1.350049</speed><course>90.320465</course><hAcc>5.005770</hAcc><vAcc>-1.000000</vAcc></extensions></trkpt>
      <trkpt lon="-117.329248" lat="33.977150"><ele>0.000000</ele><time>2025-10-27T22:57:14Z</time><extensions><speed>1.349770</speed><course>90.320459</course><hAcc>5.005770</hAcc><vAcc>-1.000000</vAcc></extensions></trkpt>
      <trkpt lon="-117.329234" lat="33.977150"><ele>0.000000</ele><time>2025-10-27T22:57:15Z</time><extensions><speed>1.349491</speed><course>90.320456</course><hAcc>5.005770</hAcc><vAcc>-1.000000</vAcc></extensions></trkpt>
      <trkpt lon="-117.329219" lat="33.977150"><ele>0.000000</ele><time>2025-10-27T22:57:16Z</time><extensions><speed>1.349460</speed><course>90.321660</course><hAcc>5.005770</hAcc><vAcc>-1.000000</vAcc></extensions></trkpt>
      <trkpt lon="-117.329204" lat="33.977150"><ele>0.000000</ele><time>2025-10-27T22:57:17Z</time><extensions><speed>1.349452</speed><course>90.321096</course><hAcc>5.005770</hAcc><vAcc>-1.000000</vAcc></extensions></trkpt>
      <trkpt lon="-117.329189" lat="33.977150"><ele>0.000000</ele><time>2025-10-27T22:57:18Z</time><extensions><speed>1.349469</speed><course>90.318621</course><hAcc>5.005770</hAcc><vAcc>-1.000000</vAcc></extensions></trkpt>
      <trkpt lon="-117.329175" lat="33.977150"><ele>0.000000</ele><time>2025-10-27T22:57:19Z</time><extensions><speed>1.349511</speed><course>90.313895</course><hAcc>5.005770</hAcc><vAcc>-1.000000</vAcc></extensions></trkpt>
      <trkpt lon="-117.329160" lat="33.977150"><ele>0.000000</ele><time>2025-10-27T22:57:20Z</time><extensions><speed>1.349580</speed><course>90.306358</course><hAcc>5.005770</hAcc><vAcc>-1.000000</vAcc></extensions></trkpt>
      <trkpt lon="-117.329145" lat="33.977150"><ele>0.000000</ele><time>2025-10-27T22:57:21Z</time><extensions><speed>1.349747</speed><course>90.291746</course><hAcc>5.005770</hAcc><vAcc>-1.000000</vAcc></extensions></trkpt>
      <trkpt lon="-117.329130" lat="33.977150"><ele>0.000000</ele><time>2025-10-27T22:57:22Z</time><extensions><speed>1.349929</speed><course>90.278798</course><hAcc>5.005770</hAcc><vAcc>-1.000000</vAcc></extensions></trkpt>
      <trkpt lon="-117.329116" lat="33.977150"><ele>0.000000</ele><time>2025-10-27T22:57:23Z</time><extensions><speed>1.350106</speed><course>90.266580</course><hAcc>5.005770</hAcc><vAcc>-1.000000</vAcc></extensions></trkpt>
      <trkpt lon="-117.329101" lat="33.977150"><ele>0.000000</ele><time>2025-10-27T22:57:24Z</time><extensions><speed>1.350240</speed><course>90.254442</course><hAcc>5.005770</hAcc><vAcc>-1.000000</vAcc></extensions></trkpt>
      <trkpt lon="-117.329086" lat="33.977150"><ele>0.000000</ele><time>2025-10-27T22:57:25Z</time><extensions><speed>1.349995</speed><course>90.251671</course><hAcc>5.005770</hAcc><vAcc>-1.000000</vAcc></extensions></trkpt>
      <trkpt lon="-117.329071" lat="33.977150"><ele>0.000000</ele><time>2025-10-27T22:57:26Z</time><extensions><speed>1.349533</speed><course>90.241130</course><hAcc>5.005770</hAcc><vAcc>-1.000000</vAcc></extensions></trkpt>
      <trkpt lon="-117.329057" lat="33.977149"><ele>0.000000</ele><time>2025-10-27T22:57:27Z</time><extensions><speed>1.348852</speed><course>90.253675</course><hAcc>5.005770</hAcc><vAcc>-1.000000</vAcc></extensions></trkpt>
      <trkpt lon="-117.329042" lat="33.977149"><ele>0.000000</ele><time>2025-10-27T22:57:28Z</time><extensions><speed>1.348030</speed><course>90.289547</course><hAcc>5.005770</hAcc><vAcc>-1.000000</vAcc></extensions></trkpt>
      <trkpt lon="-117.329027" lat="33.977149"><ele>0.000000</ele><time>2025-10-27T22:57:29Z</time><extensions><speed>1.347118</speed><course>90.350095</course><hAcc>5.005770</hAcc><vAcc>-1.000000</vAcc></extensions></trkpt>
      <trkpt lon="-117.329013" lat="33.977149"><ele>0.000000</ele><time>2025-10-27T22:57:30Z</time><extensions><speed>1.346142</speed><course>90.437700</course><hAcc>5.005770</hAcc><vAcc>-1.000000</vAcc></extensions></trkpt>
      <trkpt lon="-117.328998" lat="33.977149"><ele>0.000000</ele><time>2025-10-27T22:57:31Z</time><extensions><speed>1.345113</speed><course>90.555670</course><hAcc>5.005770</hAcc><vAcc>-1.000000</vAcc></extensions></trkpt>
      <trkpt lon="-117.328983" lat="33.977149"><ele>0.000000</ele><time>2025-10-27T22:57:32Z</time><extensions><speed>1.344068</speed><course>90.598293</course><hAcc>5.005770</hAcc><vAcc>-1.000000</vAcc></extensions></trkpt>
      <trkpt lon="-117.328968" lat="33.977149"><ele>0.000000</ele><time>2025-10-27T22:57:33Z</time><extensions><speed>1.343079</speed><course>90.567894</course><hAcc>5.005770</hAcc><vAcc>-1.000000</vAcc></extensions></trkpt>
      <trkpt lon="-117.328954" lat="33.977149"><ele>0.000000</ele><time>2025-10-27T22:57:34Z</time><extensions><speed>1.342232</speed><course>90.462055</course><hAcc>5.005770</hAcc><vAcc>-1.000000</vAcc></extensions></trkpt>
      <trkpt lon="-117.328939" lat="33.977149"><ele>0.000000</ele><time>2025-10-27T22:57:35Z</time><extensions><speed>1.344009</speed><course>90.274063</course><hAcc>4.958980</hAcc><vAcc>-1.000000</vAcc></extensions></trkpt>
      <trkpt lon="-117.328923" lat="33.977149"><ele>0.000000</ele><time>2025-10-27T22:57:36Z</time><extensions><speed>1.374278</speed><course>90.120879</course><hAcc>4.915930</hAcc><vAcc>-1.000000</vAcc></extensions></trkpt>
      <trkpt lon="-117.328905" lat="33.977149"><ele>0.000000</ele><time>2025-10-27T22:57:37Z</time><extensions><speed>1.426382</speed><course>90.003614</course><hAcc>4.840794</hAcc><vAcc>-1.000000</vAcc></extensions></trkpt>
      <trkpt lon="-117.328886" lat="33.977149"><ele>0.000000</ele><time>2025-10-27T22:57:38Z</time><extensions><speed>1.496310</speed><course>89.917445</course><hAcc>4.722671</hAcc><vAcc>-1.000000</vAcc></extensions></trkpt>
      <trkpt lon="-117.328867" lat="33.977149"><ele>0.000000</ele><time>2025-10-27T22:57:39Z</time><extensions><speed>1.559778</speed><course>89.857674</course><hAcc>4.554457</hAcc><vAcc>-1.000000</vAcc></extensions></trkpt>
      <trkpt lon="-117.328846" lat="33.977149"><ele>0.000000</ele><time>2025-10-27T22:57:40Z</time><extensions><speed>1.616182</speed><course>89.816310</course><hAcc>4.311374</hAcc><vAcc>-1.000000</vAcc></extensions></trkpt>
      <trkpt lon="-117.328823" lat="33.977149"><ele>0.000000</ele><time>2025-10-27T22:57:41Z</time><extensions><speed>1.690709</speed><course>89.786807</course><hAcc>4.031658</hAcc><vAcc>-1.000000</vAcc></extensions></trkpt>
      <trkpt lon="-117.328804" lat="33.977149"><ele>0.000000</ele><time>2025-10-27T22:57:42Z</time><extensions><speed>1.649063</speed><course>89.767324</course><hAcc>3.908527</hAcc><vAcc>-1.000000</vAcc></extensions></trkpt>
      <trkpt lon="-117.328786" lat="33.977149"><ele>0.000000</ele><time>2025-10-27T22:57:43Z</time><extensions><speed>1.540333</speed><course>89.751654</course><hAcc>3.877757</hAcc><vAcc>-1.000000</vAcc></extensions></trkpt>
      <trkpt lon="-117.328770" lat="33.977149"><ele>0.000000</ele><time>2025-10-27T22:57:44Z</time><extensions><speed>1.329516</speed><course>89.735676</course><hAcc>3.905141</hAcc><vAcc>-1.000000</vAcc></extensions></trkpt>
      <trkpt lon="-117.328765" lat="33.977149"><ele>0.000000</ele><time>2025-10-27T22:57:44Z</time><extensions><speed>1.306746</speed><course>89.734168</course><hAcc>3.881691</hAcc><vAcc>-1.000000</vAcc></extensions></trkpt>
      <trkpt lon="-117.328750" lat="33.977149"><ele>0.000000</ele><time>2025-10-27T22:57:45Z</time><extensions><speed>1.266361</speed><course>89.732329</course><hAcc>3.859843</hAcc><vAcc>-1.000000</vAcc></extensions></trkpt>
      <trkpt lon="-117.328736" lat="33.977149"><ele>0.000000</ele><time>2025-10-27T22:57:46Z</time><extensions><speed>1.324515</speed><course>89.732288</course><hAcc>3.824991</hAcc><vAcc>-1.000000</vAcc></extensions></trkpt>
      <trkpt lon="-117.328719" lat="33.977149"><ele>0.000000</ele><time>2025-10-27T22:57:47Z</time><extensions><speed>1.615126</speed><course>89.732221</course><hAcc>3.802831</hAcc><vAcc>-1.000000</vAcc></extensions></trkpt>
      <trkpt lon="-117.328699" lat="33.977149"><ele>0.000000</ele><time>2025-10-27T22:57:48Z</time><extensions><speed>1.794926</speed><course>89.732231</course><hAcc>3.782235</hAcc><vAcc>-1.000000</vAcc></extensions></trkpt>
      <trkpt lon="-117.328676" lat="33.977149"><ele>0.000000</ele><time>2025-10-27T22:57:49Z</time><extensions><speed>1.795091</speed><course>89.732413</course><hAcc>3.730813</hAcc><vAcc>-1.000000</vAcc></extensions></trkpt>
      <trkpt lon="-117.328652" lat="33.977149"><ele>0.000000</ele><time>2025-10-27T22:57:50Z</time><extensions><speed>1.808945</speed><course>89.733618</course><hAcc>3.676335</hAcc><vAcc>-1.000000</vAcc></extensions></trkpt>
      <trkpt lon="-117.328627" lat="33.977150"><ele>0.000000</ele><time>2025-10-27T22:57:51Z</time><extensions><speed>2.083897</speed><course>89.738879</course><hAcc>3.576593</hAcc><vAcc>-1.000000</vAcc></extensions></trkpt>
      <trkpt lon="-117.328598" lat="33.977150"><ele>0.000000</ele><time>2025-10-27T22:57:52Z</time><extensions><speed>2.323847</speed><course>89.742525</course><hAcc>3.506524</hAcc><vAcc>-1.000000</vAcc></extensions></trkpt>
      <trkpt lon="-117.328568" lat="33.977150"><ele>0.000000</ele><time>2025-10-27T22:57:53Z</time><extensions><speed>2.441369</speed><course>89.744980</course><hAcc>3.444400</hAcc><vAcc>-1.000000</vAcc></extensions></trkpt>
      <trkpt lon="-117.328537" lat="33.977150"><ele>0.000000</ele><time>2025-10-27T22:57:54Z</time><extensions><speed>2.388561</speed><course>89.746620</course><hAcc>3.313703</hAcc><vAcc>-1.000000</vAcc></extensions></trkpt>
      <trkpt lon="-117.328508" lat="33.977150"><ele>0.000000</ele><time>2025-10-27T22:57:55Z</time><extensions><speed>2.114446</speed><course>89.747381</course><hAcc>3.119396</hAcc><vAcc>-1.000000</vAcc></extensions></trkpt>
      <trkpt lon="-117.328487" lat="33.977150"><ele>0.000000</ele><time>2025-10-27T22:57:56Z</time><extensions><speed>1.560132</speed><course>89.746448</course><hAcc>3.070452</hAcc><vAcc>-1.000000</vAcc></extensions></trkpt>
      <trkpt lon="-117.328474" lat="33.977150"><ele>0.000000</ele><time>2025-10-27T22:57:57Z</time><extensions><speed>0.751276</speed><course>89.739914</course><hAcc>3.076212</hAcc><vAcc>-1.000000</vAcc></extensions></trkpt>
      <trkpt lon="-117.328473" lat="33.977150"><ele>0.000000</ele><time>2025-10-27T22:57:57Z</time><extensions><speed>0.732745</speed><course>89.739618</course><hAcc>3.050177</hAcc><vAcc>-1.000000</vAcc></extensions></trkpt>
      <trkpt lon="-117.328464" lat="33.977150"><ele>0.000000</ele><time>2025-10-27T22:57:58Z</time><extensions><speed>0.743635</speed><course>89.732294</course><hAcc>3.033237</hAcc><vAcc>-1.000000</vAcc></extensions></trkpt>
      <trkpt lon="-117.328456" lat="33.977150"><ele>0.000000</ele><time>2025-10-27T22:57:59Z</time><extensions><speed>0.830020</speed><course>89.733755</course><hAcc>2.983001</hAcc><vAcc>-1.000000</vAcc></extensions></trkpt>
      <trkpt lon="-117.328445" lat="33.977150"><ele>0.000000</ele><time>2025-10-27T22:58:00Z</time><extensions><speed>1.073542</speed><course>89.732247</course><hAcc>2.951331</hAcc><vAcc>-1.000000</vAcc></extensions></trkpt>
      <trkpt lon="-117.328431" lat="33.977150"><ele>0.000000</ele><time>2025-10-27T22:58:01Z</time><extensions><speed>1.459645</speed><course>89.733480</course><hAcc>2.916241</hAcc><vAcc>-1.000000</vAcc></extensions></trkpt>
      <trkpt lon="-117.328415" lat="33.977150"><ele>0.000000</ele><time>2025-10-27T22:58:02Z</time><extensions><speed>1.538831</speed><course>89.733506</course><hAcc>2.896750</hAcc><vAcc>-1.000000</vAcc></extensions></trkpt>
      <trkpt lon="-117.328398" lat="33.977150"><ele>0.000000</ele><time>2025-10-27T22:58:03Z</time><extensions><speed>1.576772</speed><course>89.734401</course><hAcc>2.894266</hAcc><vAcc>-1.000000</vAcc></extensions></trkpt>
      <trkpt lon="-117.328388" lat="33.977150"><ele>0.000000</ele><time>2025-10-27T22:58:04Z</time><extensions><speed>1.540475</speed><course>89.733644</course><hAcc>2.915617</hAcc><vAcc>-1.000000</vAcc></extensions></trkpt>
      <trkpt lon="-117.328371" lat="33.977151"><ele>0.000000</ele><time>2025-10-27T22:58:05Z</time><extensions><speed>1.610751</speed><course>89.738333</course><hAcc>2.944529</hAcc><vAcc>-1.000000</vAcc></extensions></trkpt>
      <trkpt lon="-117.328354" lat="33.977151"><ele>0.000000</ele><time>2025-10-27T22:58:06Z</time><extensions><speed>1.639573</speed><course>89.741324</course><hAcc>3.135900</hAcc><vAcc>-1.000000</vAcc></extensions></trkpt>
      <trkpt lon="-117.328336" lat="33.977151"><ele>0.000000</ele><time>2025-10-27T22:58:07Z</time><extensions><speed>1.641557</speed><course>89.743207</course><hAcc>3.466512</hAcc><vAcc>-1.000000</vAcc></extensions></trkpt>
      <trkpt lon="-117.328319" lat="33.977151"><ele>0.000000</ele><time>2025-10-27T22:58:08Z</time><extensions><speed>1.627296</speed><course>89.744332</course><hAcc>3.833657</hAcc><vAcc>-1.000000</vAcc></extensions></trkpt>
      <trkpt lon="-117.328301" lat="33.977151"><ele>0.000000</ele><time>2025-10-27T22:58:09Z</time><extensions><speed>1.604167</speed><course>89.744927</course><hAcc>4.169547</hAcc><vAcc>-1.000000</vAcc></extensions></trkpt>
      <trkpt lon="-117.328284" lat="33.977151"><ele>0.000000</ele><time>2025-10-27T22:58:10Z</time><extensions><speed>1.577115</speed><course>89.745154</course><hAcc>4.447080</hAcc><vAcc>-1.000000</vAcc></extensions></trkpt>
      <trkpt lon="-117.328267" lat="33.977151"><ele>0.000000</ele><time>2025-10-27T22:58:11Z</time><extensions><speed>1.549320</speed><course>89.745133</course><hAcc>4.662532</hAcc><vAcc>-1.000000</vAcc></extensions></trkpt>
      <trkpt lon="-117.328251" lat="33.977151"><ele>0.000000</ele><time>2025-10-27T22:58:12Z</time><extensions><speed>1.522714</speed><course>89.744951</course><hAcc>4.822669</hAcc><vAcc>-1.000000</vAcc></extensions></trkpt>
      <trkpt lon="-117.328235" lat="33.977151"><ele>0.000000</ele><time>2025-10-27T22:58:13Z</time><extensions><speed>1.498380</speed><course>89.744676</course><hAcc>4.937752</hAcc><vAcc>-1.000000</vAcc></extensions></trkpt>
      <trkpt lon="-117.328219" lat="33.977151"><ele>0.000000</ele><time>2025-10-27T22:58:14Z</time><extensions><speed>1.477179</speed><course>89.746166</course><hAcc>5.018164</hAcc><vAcc>-1.000000</vAcc></extensions></trkpt>
      <trkpt lon="-117.328203" lat="33.977151"><ele>0.000000</ele><time>2025-10-27T22:58:15Z</time><extensions><speed>1.458925</speed><course>89.746503</course><hAcc>5.072979</hAcc><vAcc>-1.000000</vAcc></extensions></trkpt>
      <trkpt lon="-117.328187" lat="33.977151"><ele>0.000000</ele><time>2025-10-27T22:58:16Z</time><extensions><speed>1.443536</speed><course>89.745623</course><hAcc>5.109514</hAcc><vAcc>-1.000000</vAcc></extensions></trkpt>
      <trkpt lon="-117.328172" lat="33.977151"><ele>0.000000</ele><time>2025-10-27T22:58:17Z</time><extensions><speed>1.430797</speed><course>89.743283</course><hAcc>5.133358</hAcc><vAcc>-1.000000</vAcc></extensions></trkpt>
      <trkpt lon="-117.328157" lat="33.977151"><ele>0.000000</ele><time>2025-10-27T22:58:18Z</time><extensions><speed>1.420427</speed><course>89.739046</course><hAcc>5.148612</hAcc><vAcc>-1.000000</vAcc></extensions></trkpt>
      <trkpt lon="-117.328142" lat="33.977151"><ele>0.000000</ele><time>2025-10-27T22:58:19Z</time><extensions><speed>1.412114</speed><course>89.732239</course><hAcc>5.158185</hAcc><vAcc>-1.000000</vAcc></extensions></trkpt>
      <trkpt lon="-117.328126" lat="33.977151"><ele>0.000000</ele><time>2025-10-27T22:58:20Z</time><extensions><speed>1.405543</speed><course>89.721913</course><hAcc>5.164079</hAcc><vAcc>-1.000000</vAcc></extensions></trkpt>
      <trkpt lon="-117.328111" lat="33.977151"><ele>0.000000</ele><time>2025-10-27T22:58:21Z</time><extensions><speed>1.400406</speed><course>89.706774</course><hAcc>5.167642</hAcc><vAcc>-1.000000</vAcc></extensions></trkpt>
      <trkpt lon="-117.328097" lat="33.977152"><ele>0.000000</ele><time>2025-10-27T22:58:22Z</time><extensions><speed>1.396402</speed><course>89.685095</course><hAcc>5.169754</hAcc><vAcc>-1.000000</vAcc></extensions></trkpt>
      <trkpt lon="-117.328082" lat="33.977152"><ele>0.000000</ele><time>2025-10-27T22:58:23Z</time><extensions><speed>1.393237</speed><course>89.654614</course><hAcc>5.170984</hAcc><vAcc>-1.000000</vAcc></extensions></trkpt>
      <trkpt lon="-117.328067" lat="33.977152"><ele>0.000000</ele><time>2025-10-27T22:58:24Z</time><extensions><speed>1.390609</speed><course>89.612391</course><hAcc>5.171684</hAcc><vAcc>-1.000000</vAcc></extensions></trkpt>
      <trkpt lon="-117.328052" lat="33.977152"><ele>0.000000</ele><time>2025-10-27T22:58:25Z</time><extensions><speed>1.388361</speed><course>89.581477</course><hAcc>5.172076</hAcc><vAcc>-1.000000</vAcc></extensions></trkpt>
      <trkpt lon="-117.328037" lat="33.977152"><ele>0.000000</ele><time>2025-10-27T22:58:26Z</time><extensions><speed>1.386473</speed><course>89.559171</course><hAcc>5.172289</hAcc><vAcc>-1.000000</vAcc></extensions></trkpt>
      <trkpt lon="-117.328022" lat="33.977152"><ele>0.000000</ele><time>2025-10-27T22:58:27Z</time><extensions><speed>1.384913</speed><course>89.543345</course><hAcc>5.172403</hAcc><vAcc>-1.000000</vAcc></extensions></trkpt>
      <trkpt lon="-117.328007" lat="33.977152"><ele>0.000000</ele><time>2025-10-27T22:58:28Z</time><extensions><speed>1.383642</speed><course>89.532341</course><hAcc>5.172462</hAcc><vAcc>-1.000000</vAcc></extensions></trkpt>
      <trkpt lon="-117.327993" lat="33.977152"><ele>0.000000</ele><time>2025-10-27T22:58:29Z</time><extensions><speed>1.382621</speed><course>89.524881</course><hAcc>5.172491</hAcc><vAcc>-1.000000</vAcc></extensions></trkpt>
      <trkpt lon="-117.327978" lat="33.977152"><ele>0.000000</ele><time>2025-10-27T22:58:30Z</time><extensions><speed>1.381811</speed><course>89.519987</course><hAcc>5.172505</hAcc><vAcc>-1.000000</vAcc></extensions></trkpt>
      <trkpt lon="-117.327963" lat="33.977152"><ele>0.000000</ele><time>2025-10-27T22:58:31Z</time><extensions><speed>1.381177</speed><course>89.516923</course><hAcc>5.172512</hAcc><vAcc>-1.000000</vAcc></extensions></trkpt>
      <trkpt lon="-117.327948" lat="33.977152"><ele>0.000000</ele><time>2025-10-27T22:58:32Z</time><extensions><speed>1.380688</speed><course>89.515139</course><hAcc>5.172514</hAcc><vAcc>-1.000000</vAcc></extensions></trkpt>
      <trkpt lon="-117.327934" lat="33.977153"><ele>0.000000</ele><time>2025-10-27T22:58:33Z</time><extensions><speed>1.380317</speed><course>89.514228</course><hAcc>5.172515</hAcc><vAcc>-1.000000</vAcc></extensions></trkpt>
      <trkpt lon="-117.327919" lat="33.977153"><ele>0.000000</ele><time>2025-10-27T22:58:34Z</time><extensions><speed>1.380040</speed><course>89.513896</course><hAcc>5.172516</hAcc><vAcc>-1.000000</vAcc></extensions></trkpt>
      <trkpt lon="-117.327904" lat="33.977153"><ele>0.000000</ele><time>2025-10-27T22:58:35Z</time><extensions><speed>1.379838</speed><course>89.513932</course><hAcc>5.172516</hAcc><vAcc>-1.000000</vAcc></extensions></trkpt>
      <trkpt lon="-117.327889" lat="33.977153"><ele>0.000000</ele><time>2025-10-27T22:58:36Z</time><extensions><speed>1.379695</speed><course>89.514187</course><hAcc>5.172516</hAcc><vAcc>-1.000000</vAcc></extensions></trkpt>
      <trkpt lon="-117.327875" lat="33.977153"><ele>0.000000</ele><time>2025-10-27T22:58:37Z</time><extensions><speed>1.379598</speed><course>89.514560</course><hAcc>5.172516</hAcc><vAcc>-1.000000</vAcc></extensions></trkpt>
      <trkpt lon="-117.327860" lat="33.977153"><ele>0.000000</ele><time>2025-10-27T22:58:38Z</time><extensions><speed>1.379536</speed><course>89.514982</course><hAcc>5.172516</hAcc><vAcc>-1.000000</vAcc></extensions></trkpt>
      <trkpt lon="-117.327845" lat="33.977153"><ele>0.000000</ele><time>2025-10-27T22:58:39Z</time><extensions><speed>1.379501</speed><course>89.515409</course><hAcc>5.172516</hAcc><vAcc>-1.000000</vAcc></extensions></trkpt>
      <trkpt lon="-117.327830" lat="33.977153"><ele>0.000000</ele><time>2025-10-27T22:58:40Z</time><extensions><speed>1.379487</speed><course>89.515815</course><hAcc>5.172516</hAcc><vAcc>-1.000000</vAcc></extensions></trkpt>
      <trkpt lon="-117.327816" lat="33.977153"><ele>0.000000</ele><time>2025-10-27T22:58:41Z</time><extensions><speed>1.379488</speed><course>89.516184</course><hAcc>5.172516</hAcc><vAcc>-1.000000</vAcc></extensions></trkpt>
      <trkpt lon="-117.327801" lat="33.977154"><ele>0.000000</ele><time>2025-10-27T22:58:42Z</time><extensions><speed>1.379501</speed><course>89.516510</course><hAcc>5.172516</hAcc><vAcc>-1.000000</vAcc></extensions></trkpt>
      <trkpt lon="-117.327786" lat="33.977154"><ele>0.000000</ele><time>2025-10-27T22:58:43Z</time><extensions><speed>1.379522</speed><course>89.516792</course><hAcc>5.172516</hAcc><vAcc>-1.000000</vAcc></extensions></trkpt>
      <trkpt lon="-117.327771" lat="33.977154"><ele>0.000000</ele><time>2025-10-27T22:58:44Z</time><extensions><speed>1.379549</speed><course>89.517030</course><hAcc>5.172516</hAcc><vAcc>-1.000000</vAcc></extensions></trkpt>
      <trkpt lon="-117.327757" lat="33.977154"><ele>0.000000</ele><time>2025-10-27T22:58:45Z</time><extensions><speed>1.379580</speed><course>89.517228</course><hAcc>5.172516</hAcc><vAcc>-1.000000</vAcc></extensions></trkpt>
      <trkpt lon="-117.327742" lat="33.977154"><ele>0.000000</ele><time>2025-10-27T22:58:46Z</time><extensions><speed>1.379614</speed><course>89.517391</course><hAcc>5.172516</hAcc><vAcc>-1.000000</vAcc></extensions></trkpt>
      <trkpt lon="-117.327727" lat="33.977154"><ele>0.000000</ele><time>2025-10-27T22:58:47Z</time><extensions><speed>1.379650</speed><course>89.517523</course><hAcc>5.172516</hAcc><vAcc>-1.000000</vAcc></extensions></trkpt>
      <trkpt lon="-117.327713" lat="33.977154"><ele>0.000000</ele><time>2025-10-27T22:58:48Z</time><extensions><speed>1.379687</speed><course>89.517629</course><hAcc>5.172516</hAcc><vAcc>-1.000000</vAcc></extensions></trkpt>
      <trkpt lon="-117.327698" lat="33.977154"><ele>0.000000</ele><time>2025-10-27T22:58:49Z</time><extensions><speed>1.379725</speed><course>89.517713</course><hAcc>5.172516</hAcc><vAcc>-1.000000</vAcc></extensions></trkpt>
      <trkpt lon="-117.327683" lat="33.977154"><ele>0.000000</ele><time>2025-10-27T22:58:50Z</time><extensions><speed>1.379764</speed><course>89.517779</course><hAcc>5.172516</hAcc><vAcc>-1.000000</vAcc></extensions></trkpt>
      <trkpt lon="-117.327668" lat="33.977154"><ele>0.000000</ele><time>2025-10-27T22:58:51Z</time><extensions><speed>1.379803</speed><course>89.517831</course><hAcc>5.172516</hAcc><vAcc>-1.000000</vAcc></extensions></trkpt>
      <trkpt lon="-117.327654" lat="33.977155"><ele>0.000000</ele><time>2025-10-27T22:58:52Z</time><extensions><speed>1.379842</speed><course>89.517870</course><hAcc>5.172516</hAcc><vAcc>-1.000000</vAcc></extensions></trkpt>
      <trkpt lon="-117.327639" lat="33.977155"><ele>0.000000</ele><time>2025-10-27T22:58:53Z</time><extensions><speed>1.379881</speed><course>89.517900</course><hAcc>5.172516</hAcc><vAcc>-1.000000</vAcc></extensions></trkpt>
      <trkpt lon="-117.327624" lat="33.977155"><ele>0.000000</ele><time>2025-10-27T22:58:54Z</time><extensions><speed>1.379920</speed><course>89.517923</course><hAcc>5.172516</hAcc><vAcc>-1.000000</vAcc></extensions></trkpt>
      <trkpt lon="-117.327609" lat="33.977155"><ele>0.000000</ele><time>2025-10-27T22:58:55Z</time><extensions><speed>1.379959</speed><course>89.517940</course><hAcc>5.172516</hAcc><vAcc>-1.000000</vAcc></extensions></trkpt>
      <trkpt lon="-117.327595" lat="33.977155"><ele>0.000000</ele><time>2025-10-27T22:58:56Z</time><extensions><speed>1.379998</speed><course>89.517953</course><hAcc>5.172516</hAcc><vAcc>-1.000000</vAcc></extensions></trkpt>
      <trkpt lon="-117.327580" lat="33.977155"><ele>0.000000</ele><time>2025-10-27T22:58:57Z</time><extensions><speed>1.380036</speed><course>89.517962</course><hAcc>5.172516</hAcc><vAcc>-1.000000</vAcc></extensions></trkpt>
      <trkpt lon="-117.327565" lat="33.977155"><ele>0.000000</ele><time>2025-10-27T22:58:58Z</time><extensions><speed>1.380075</speed><course>89.517968</course><hAcc>5.172516</hAcc><vAcc>-1.000000</vAcc></extensions></trkpt>
      <trkpt lon="-117.327550" lat="33.977155"><ele>0.000000</ele><time>2025-10-27T22:58:59Z</time><extensions><speed>1.380113</speed><course>89.517973</course><hAcc>5.172516</hAcc><vAcc>-1.000000</vAcc></extensions></trkpt>
      <trkpt lon="-117.327536" lat="33.977155"><ele>0.000000</ele><time>2025-10-27T22:59:00Z</time><extensions><speed>1.380152</speed><course>89.517976</course><hAcc>5.172516</hAcc><vAcc>-1.000000</vAcc></extensions></trkpt>
      <trkpt lon="-117.327521" lat="33.977155"><ele>0.000000</ele><time>2025-10-27T22:59:01Z</time><extensions><speed>1.380190</speed><course>89.517978</course><hAcc>5.172516</hAcc><vAcc>-1.000000</vAcc></extensions></trkpt>
      <trkpt lon="-117.327506" lat="33.977156"><ele>0.000000</ele><time>2025-10-27T22:59:02Z</time><extensions><speed>1.380228</speed><course>89.517979</course><hAcc>5.172516</hAcc><vAcc>-1.000000</vAcc></extensions></trkpt>
      <trkpt lon="-117.327491" lat="33.977156"><ele>0.000000</ele><time>2025-10-27T22:59:03Z</time><extensions><speed>1.380266</speed><course>89.517979</course><hAcc>5.172516</hAcc><vAcc>-1.000000</vAcc></extensions></trkpt>
      <trkpt lon="-117.327477" lat="33.977156"><ele>0.000000</ele><time>2025-10-27T22:59:04Z</time><extensions><speed>1.380305</speed><course>89.517980</course><hAcc>5.172516</hAcc><vAcc>-1.000000</vAcc></extensions></trkpt>
      <trkpt lon="-117.327462" lat="33.977156"><ele>0.000000</ele><time>2025-10-27T22:59:05Z</time><extensions><speed>1.380343</speed><course>89.517980</course><hAcc>5.172516</hAcc><vAcc>-1.000000</vAcc></extensions></trkpt>
      <trkpt lon="-117.327447" lat="33.977156"><ele>0.000000</ele><time>2025-10-27T22:59:06Z</time><extensions><speed>1.380381</speed><course>89.517980</course><hAcc>5.172516</hAcc><vAcc>-1.000000</vAcc></extensions></trkpt>
      <trkpt lon="-117.327433" lat="33.977156"><ele>0.000000</ele><time>2025-10-27T22:59:07Z</time><extensions><speed>1.380419</speed><course>89.517979</course><hAcc>5.172516</hAcc><vAcc>-1.000000</vAcc></extensions></trkpt>
      <trkpt lon="-117.327418" lat="33.977156"><ele>0.000000</ele><time>2025-10-27T22:59:08Z</time><extensions><speed>1.380457</speed><course>89.517979</course><hAcc>5.172516</hAcc><vAcc>-1.000000</vAcc></extensions></trkpt>
      <trkpt lon="-117.327403" lat="33.977156"><ele>0.000000</ele><time>2025-10-27T22:59:09Z</time><extensions><speed>1.378241</speed><course>89.518164</course><hAcc>5.125869</hAcc><vAcc>-1.000000</vAcc></extensions></trkpt>
      <trkpt lon="-117.327388" lat="33.977156"><ele>0.000000</ele><time>2025-10-27T22:59:10Z</time><extensions><speed>1.394721</speed><course>89.518330</course><hAcc>5.087622</hAcc><vAcc>-1.000000</vAcc></extensions></trkpt>
      <trkpt lon="-117.327372" lat="33.977157"><ele>0.000000</ele><time>2025-10-27T22:59:11Z</time><extensions><speed>1.421344</speed><course>89.518631</course><hAcc>5.019411</hAcc><vAcc>-1.000000</vAcc></extensions></trkpt>
      <trkpt lon="-117.327351" lat="33.977157"><ele>0.000000</ele><time>2025-10-27T22:59:12Z</time><extensions><speed>1.519751</speed><course>89.520079</course><hAcc>4.783019</hAcc><vAcc>-1.000000</vAcc></extensions></trkpt>
      <trkpt lon="-117.327330" lat="33.977157"><ele>0.000000</ele><time>2025-10-27T22:59:13Z</time><extensions><speed>1.617570</speed><course>89.520804</course><hAcc>4.514364</hAcc><vAcc>-1.000000</vAcc></extensions></trkpt>
      <trkpt lon="-117.327318" lat="33.977157"><ele>0.000000</ele><time>2025-10-27T22:59:14Z</time><extensions><speed>1.564847</speed><course>89.522863</course><hAcc>4.114109</hAcc><vAcc>-1.000000</vAcc></extensions></trkpt>
      <trkpt lon="-117.327307" lat="33.977160"><ele>0.000000</ele><time>2025-10-27T22:59:15Z</time><extensions><speed>1.514291</speed><course>88.002321</course><hAcc>3.615597</hAcc><vAcc>-1.000000</vAcc></extensions></trkpt>
      <trkpt lon="-117.327294" lat="33.977163"><ele>0.000000</ele><time>2025-10-27T22:59:16Z</time><extensions><speed>1.494462</speed><course>86.548732</course><hAcc>3.116764</hAcc><vAcc>-1.000000</vAcc></extensions></trkpt>
      <trkpt lon="-117.327280" lat="33.977168"><ele>0.000000</ele><time>2025-10-27T22:59:17Z</time><extensions><speed>1.496038</speed><course>86.090062</course><hAcc>2.714020</hAcc><vAcc>-1.000000</vAcc></extensions></trkpt>
      <trkpt lon="-117.327265" lat="33.977171"><ele>0.000000</ele><time>2025-10-27T22:59:18Z</time><extensions><speed>1.512446</speed><course>87.921123</course><hAcc>2.483709</hAcc><vAcc>-1.000000</vAcc></extensions></trkpt>
      <trkpt lon="-117.327263" lat="33.977172"><ele>0.000000</ele><time>2025-10-27T22:59:18Z</time><extensions><speed>1.510869</speed><course>88.078456</course><hAcc>2.375855</hAcc><vAcc>-1.000000</vAcc></extensions></trkpt>
      <trkpt lon="-117.327248" lat="33.977172"><ele>0.000000</ele><time>2025-10-27T22:59:19Z</time><extensions><speed>1.514879</speed><course>88.614581</course><hAcc>2.240223</hAcc><vAcc>-1.000000</vAcc></extensions></trkpt>
      <trkpt lon="-117.327233" lat="33.977173"><ele>0.000000</ele><time>2025-10-27T22:59:20Z</time><extensions><speed>1.509469</speed><course>88.277100</course><hAcc>2.082756</hAcc><vAcc>-1.000000</vAcc></extensions></trkpt>
      <trkpt lon="-117.327218" lat="33.977173"><ele>0.000000</ele><time>2025-10-27T22:59:21Z</time><extensions><speed>1.491085</speed><course>86.762398</course><hAcc>1.841214</hAcc><vAcc>-1.000000</vAcc></extensions></trkpt>
      <trkpt lon="-117.327209" lat="33.977171"><ele>0.000000</ele><time>2025-10-27T22:59:22Z</time><extensions><speed>1.519438</speed><course>87.983091</course><hAcc>1.670863</hAcc><vAcc>-1.000000</vAcc></extensions></trkpt>
      <trkpt lon="-117.327194" lat="33.977170"><ele>0.000000</ele><time>2025-10-27T22:59:23Z</time><extensions><speed>1.558675</speed><course>88.460539</course><hAcc>1.550290</hAcc><vAcc>-1.000000</vAcc></extensions></trkpt>
      <trkpt lon="-117.327178" lat="33.977170"><ele>0.000000</ele><time>2025-10-27T22:59:24Z</time><extensions><speed>1.648526</speed><course>88.684882</course><hAcc>1.461630</hAcc><vAcc>-1.000000</vAcc></extensions></trkpt>
      <trkpt lon="-117.327161" lat="33.977169"><ele>0.000000</ele><time>2025-10-27T22:59:25Z</time><extensions><speed>1.665889</speed><course>89.081531</course><hAcc>1.398325</hAcc><vAcc>-1.000000</vAcc></extensions></trkpt>
      <trkpt lon="-117.327144" lat="33.977169"><ele>0.000000</ele><time>2025-10-27T22:59:26Z</time><extensions><speed>1.659925</speed><course>89.676106</course><hAcc>1.328220</hAcc><vAcc>-1.000000</vAcc></extensions></trkpt>
      <trkpt lon="-117.327127" lat="33.977168"><ele>0.000000</ele><time>2025-10-27T22:59:27Z</time><extensions><speed>1.613322</speed><course>91.144852</course><hAcc>1.261910</hAcc><vAcc>-1.000000</vAcc></extensions></trkpt>
      <trkpt lon="-117.327111" lat="33.977167"><ele>0.000000</ele><time>2025-10-27T22:59:28Z</time><extensions><speed>1.451091</speed><course>94.316859</course><hAcc>1.206939</hAcc><vAcc>-1.000000</vAcc></extensions></trkpt>
      <trkpt lon="-117.327097" lat="33.977165"><ele>0.000000</ele><time>2025-10-27T22:59:29Z</time><extensions><speed>1.437167</speed><course>103.289774</course><hAcc>1.150901</hAcc><vAcc>-1.000000</vAcc></extensions></trkpt>
      <trkpt lon="-117.327083" lat="33.977160"><ele>0.000000</ele><time>2025-10-27T22:59:30Z</time><extensions><speed>1.403446</speed><course>120.309843</course><hAcc>1.082910</hAcc><vAcc>-1.000000</vAcc></extensions></trkpt>
      <trkpt lon="-117.327071" lat="33.977153"><ele>0.000000</ele><time>2025-10-27T22:59:31Z</time><extensions><speed>1.413148</speed><course>128.793000</course><hAcc>1.033109</hAcc><vAcc>-1.000000</vAcc></extensions></trkpt>
      <trkpt lon="-117.327061" lat="33.977143"><ele>0.000000</ele><time>2025-10-27T22:59:32Z</time><extensions><speed>1.470575</speed><course>144.793028</course><hAcc>0.999312</hAcc><vAcc>-1.000000</vAcc></extensions></trkpt>
      <trkpt lon="-117.327053" lat="33.977131"><ele>0.000000</ele><time>2025-10-27T22:59:33Z</time><extensions><speed>1.583584</speed><course>151.037782</course><hAcc>0.955877</hAcc><vAcc>-1.000000</vAcc></extensions></trkpt>
      <trkpt lon="-117.327046" lat="33.977118"><ele>0.000000</ele><time>2025-10-27T22:59:34Z</time><extensions><speed>1.650746</speed><course>165.390662</course><hAcc>0.909618</hAcc><vAcc>-1.000000</vAcc></extensions></trkpt>
      <trkpt lon="-117.327043" lat="33.977103"><ele>0.000000</ele><time>2025-10-27T22:59:35Z</time><extensions><speed>1.673166</speed><course>174.876990</course><hAcc>0.881642</hAcc><vAcc>-1.000000</vAcc></extensions></trkpt>
      <trkpt lon="-117.327043" lat="33.977089"><ele>0.000000</ele><time>2025-10-27T22:59:36Z</time><extensions><speed>1.659046</speed><course>183.590928</course><hAcc>0.876144</hAcc><vAcc>-1.000000</vAcc></extensions></trkpt>
      <trkpt lon="-117.327045" lat="33.977074"><ele>0.000000</ele><time>2025-10-27T22:59:37Z</time><extensions><speed>1.612788</speed><course>184.766649</course><hAcc>0.859804</hAcc><vAcc>-1.000000</vAcc></extensions></trkpt>
      <trkpt lon="-117.327046" lat="33.977060"><ele>0.000000</ele><time>2025-10-27T22:59:38Z</time><extensions><speed>1.614870</speed><course>183.968559</course><hAcc>0.848248</hAcc><vAcc>-1.000000</vAcc></extensions></trkpt>
      <trkpt lon="-117.327047" lat="33.977046"><ele>0.000000</ele><time>2025-10-27T22:59:39Z</time><extensions><speed>1.610578</speed><course>184.447697</course><hAcc>0.825210</hAcc><vAcc>-1.000000</vAcc></extensions></trkpt>
      <trkpt lon="-117.327049" lat="33.977032"><ele>0.000000</ele><time>2025-10-27T22:59:40Z</time><extensions><speed>1.624701</speed><course>183.275546</course><hAcc>0.812065</hAcc><vAcc>-1.000000</vAcc></extensions></trkpt>
      <trkpt lon="-117.327049" lat="33.977017"><ele>0.000000</ele><time>2025-10-27T22:59:41Z</time><extensions><speed>1.673640</speed><course>181.863247</course><hAcc>0.805365</hAcc><vAcc>-1.000000</vAcc></extensions></trkpt>
      <trkpt lon="-117.327050" lat="33.977002"><ele>0.000000</ele><time>2025-10-27T22:59:42Z</time><extensions><speed>1.660624</speed><course>181.334239</course><hAcc>0.795198</hAcc><vAcc>-1.000000</vAcc></extensions></trkpt>
      <trkpt lon="-117.327050" lat="33.976988"><ele>0.000000</ele><time>2025-10-27T22:59:43Z</time><extensions><speed>1.625546</speed><course>181.290170</course><hAcc>0.779068</hAcc><vAcc>-1.000000</vAcc></extensions></trkpt>
      <trkpt lon="-117.327051" lat="33.976974"><ele>0.000000</ele><time>2025-10-27T22:59:44Z</time><extensions><speed>1.570337</speed><course>181.024689</course><hAcc>0.758144</hAcc><vAcc>-1.000000</vAcc></extensions></trkpt>
      <trkpt lon="-117.327051" lat="33.976960"><ele>0.000000</ele><time>2025-10-27T22:59:45Z</time><extensions><speed>1.566379</speed><course>180.906609</course><hAcc>0.739291</hAcc><vAcc>-1.000000</vAcc></extensions></trkpt>
      <trkpt lon="-117.327051" lat="33.976946"><ele>0.000000</ele><time>2025-10-27T22:59:46Z</time><extensions><speed>1.591600</speed><course>180.767150</course><hAcc>0.731632</hAcc><vAcc>-1.000000</vAcc></extensions></trkpt>
      <trkpt lon="-117.327051" lat="33.976932"><ele>0.000000</ele><time>2025-10-27T22:59:47Z</time><extensions><speed>1.546188</speed><course>180.418848</course><hAcc>0.720445</hAcc><vAcc>-1.000000</vAcc></extensions></trkpt>
      <trkpt lon="-117.327051" lat="33.976918"><ele>0.000000</ele><time>2025-10-27T22:59:48Z</time><extensions><speed>1.505396</speed><course>180.378636</course><hAcc>0.708167</hAcc><vAcc>-1.000000</vAcc></extensions></trkpt>
      <trkpt lon="-117.327052" lat="33.976904"><ele>0.000000</ele><time>2025-10-27T22:59:49Z</time><extensions><speed>1.512650</speed><course>180.269151</course><hAcc>0.709280</hAcc><vAcc>-1.000000</vAcc></extensions></trkpt>
      <trkpt lon="-117.327052" lat="33.976891"><ele>0.000000</ele><time>2025-10-27T22:59:50Z</time><extensions><speed>1.471991</speed><course>180.344071</course><hAcc>0.692938</hAcc><vAcc>-1.000000</vAcc></extensions></trkpt>
      <trkpt lon="-117.327052" lat="33.976878"><ele>0.000000</ele><time>2025-10-27T22:59:51Z</time><extensions><speed>1.416287</speed><course>180.331770</course><hAcc>0.690069</hAcc><vAcc>-1.000000</vAcc></extensions></trkpt>
      <trkpt lon="-117.327052" lat="33.976865"><ele>0.000000</ele><time>2025-10-27T22:59:52Z</time><extensions><speed>1.431419</speed><course>180.331113</course><hAcc>0.689579</hAcc><vAcc>-1.000000</vAcc></extensions></trkpt>
      <trkpt lon="-117.327052" lat="33.976853"><ele>0.000000</ele><time>2025-10-27T22:59:53Z</time><extensions><speed>1.434643</speed><course>180.343205</course><hAcc>0.690286</hAcc><vAcc>-1.000000</vAcc></extensions></trkpt>
      <trkpt lon="-117.327052" lat="33.976840"><ele>0.000000</ele><time>2025-10-27T22:59:54Z</time><extensions><speed>1.459437</speed><course>180.281017</course><hAcc>0.695845</hAcc><vAcc>-1.000000</vAcc></extensions></trkpt>
      <trkpt lon="-117.327053" lat="33.976827"><ele>0.000000</ele><time>2025-10-27T22:59:55Z</time><extensions><speed>1.488318</speed><course>180.541544</course><hAcc>0.683847</hAcc><vAcc>-1.000000</vAcc></extensions></trkpt>
      <trkpt lon="-117.327053" lat="33.976814"><ele>0.000000</ele><time>2025-10-27T22:59:56Z</time><extensions><speed>1.494229</speed><course>180.749463</course><hAcc>0.687420</hAcc><vAcc>-1.000000</vAcc></extensions></trkpt>
      <trkpt lon="-117.327054" lat="33.976801"><ele>0.000000</ele><time>2025-10-27T22:59:57Z</time><extensions><speed>1.490871</speed><course>180.946765</course><hAcc>0.692805</hAcc><vAcc>-1.000000</vAcc></extensions></trkpt>
      <trkpt lon="-117.327054" lat="33.976788"><ele>0.000000</ele><time>2025-10-27T22:59:58Z</time><extensions><speed>1.487583</speed><course>181.006212</course><hAcc>0.699194</hAcc><vAcc>-1.000000</vAcc></extensions></trkpt>
      <trkpt lon="-117.327055" lat="33.976775"><ele>0.000000</ele><time>2025-10-27T22:59:59Z</time><extensions><speed>1.502619</speed><course>181.388239</course><hAcc>0.700873</hAcc><vAcc>-1.000000</vAcc></extensions></trkpt>
      <trkpt lon="-117.327056" lat="33.976762"><ele>0.000000</ele><time>2025-10-27T23:00:00Z</time><extensions><speed>1.507679</speed><course>181.439460</course><hAcc>0.704087</hAcc><vAcc>-1.000000</vAcc></extensions></trkpt>
      <trkpt lon="-117.327056" lat="33.976749"><ele>0.000000</ele><time>2025-10-27T23:00:01Z</time><extensions><speed>1.495541</speed><course>181.565106</course><hAcc>0.706091</hAcc><vAcc>-1.000000</vAcc></extensions></trkpt>
      <trkpt lon="-117.327057" lat="33.976736"><ele>0.000000</ele><time>2025-10-27T23:00:02Z</time><extensions><speed>1.488938</speed><course>181.845442</course><hAcc>0.705292</hAcc><vAcc>-1.000000</vAcc></extensions></trkpt>
      <trkpt lon="-117.327057" lat="33.976723"><ele>0.000000</ele><time>2025-10-27T23:00:03Z</time><extensions><speed>1.461734</speed><course>182.315880</course><hAcc>0.702647</hAcc><vAcc>-1.000000</vAcc></extensions></trkpt>
      <trkpt lon="-117.327057" lat="33.976710"><ele>0.000000</ele><time>2025-10-27T23:00:04Z</time><extensions><speed>1.506737</speed><course>180.711713</course><hAcc>0.715325</hAcc><vAcc>-1.000000</vAcc></extensions></trkpt>
      <trkpt lon="-117.327058" lat="33.976697"><ele>0.000000</ele><time>2025-10-27T23:00:05Z</time><extensions><speed>1.439692</speed><course>181.763809</course><hAcc>0.700611</hAcc><vAcc>-1.000000</vAcc></extensions></trkpt>
      <trkpt lon="-117.327058" lat="33.976684"><ele>0.000000</ele><time>2025-10-27T23:00:06Z</time><extensions><speed>1.523227</speed><course>182.298474</course><hAcc>0.702133</hAcc><vAcc>-1.000000</vAcc></extensions></trkpt>
      <trkpt lon="-117.327058" lat="33.976671"><ele>0.000000</ele><time>2025-10-27T23:00:07Z</time><extensions><speed>1.456023</speed><course>180.990575</course><hAcc>0.704915</hAcc><vAcc>-1.000000</vAcc></extensions></trkpt>
      <trkpt lon="-117.327058" lat="33.976658"><ele>0.000000</ele><time>2025-10-27T23:00:08Z</time><extensions><speed>1.440264</speed><course>180.658203</course><hAcc>0.702704</hAcc><vAcc>-1.000000</vAcc></extensions></trkpt>
      <trkpt lon="-117.327058" lat="33.976646"><ele>0.000000</ele><time>2025-10-27T23:00:09Z</time><extensions><speed>1.402529</speed><course>180.504944</course><hAcc>0.687625</hAcc><vAcc>-1.000000</vAcc></extensions></trkpt>
      <trkpt lon="-117.327058" lat="33.976634"><ele>0.000000</ele><time>2025-10-27T23:00:10Z</time><extensions><speed>1.306802</speed><course>179.711199</course><hAcc>0.686345</hAcc><vAcc>-1.000000</vAcc></extensions></trkpt>
      <trkpt lon="-117.327058" lat="33.976623"><ele>0.000000</ele><time>2025-10-27T23:00:11Z</time><extensions><speed>1.292977</speed><course>179.191895</course><hAcc>0.676093</hAcc><vAcc>-1.000000</vAcc></extensions></trkpt>
      <trkpt lon="-117.327057" lat="33.976612"><ele>0.000000</ele><time>2025-10-27T23:00:12Z</time><extensions><speed>1.277228</speed><course>178.309840</course><hAcc>0.649550</hAcc><vAcc>-1.000000</vAcc></extensions></trkpt>
      <trkpt lon="-117.327057" lat="33.976601"><ele>0.000000</ele><time>2025-10-27T23:00:13Z</time><extensions><speed>1.267268</speed><course>178.390893</course><hAcc>0.621157</hAcc><vAcc>-1.000000</vAcc></extensions></trkpt>
      <trkpt lon="-117.327056" lat="33.976590"><ele>0.000000</ele><time>2025-10-27T23:00:14Z</time><extensions><speed>1.252973</speed><course>177.988468</course><hAcc>0.574998</hAcc><vAcc>-1.000000</vAcc></extensions></trkpt>
      <trkpt lon="-117.327056" lat="33.976579"><ele>0.000000</ele><time>2025-10-27T23:00:15Z</time><extensions><speed>1.352699</speed><course>180.140495</course><hAcc>0.572894</hAcc><vAcc>-1.000000</vAcc></extensions></trkpt>
      <trkpt lon="-117.327056" lat="33.976567"><ele>0.000000</ele><time>2025-10-27T23:00:16Z</time><extensions><speed>1.311771</speed><course>179.105658</course><hAcc>0.539909</hAcc><vAcc>-1.000000</vAcc></extensions></trkpt>
      <trkpt lon="-117.327055" lat="33.976555"><ele>0.000000</ele><time>2025-10-27T23:00:17Z</time><extensions><speed>1.376704</speed><course>178.399332</course><hAcc>0.505274</hAcc><vAcc>-1.000000</vAcc></extensions></trkpt>
      <trkpt lon="-117.327055" lat="33.976543"><ele>0.000000</ele><time>2025-10-27T23:00:18Z</time><extensions><speed>1.372426</speed><course>180.191042</course><hAcc>0.499234</hAcc><vAcc>-1.000000</vAcc></extensions></trkpt>
      <trkpt lon="-117.327055" lat="33.976531"><ele>0.000000</ele><time>2025-10-27T23:00:19Z</time><extensions><speed>1.392925</speed><course>180.202568</course><hAcc>0.491887</hAcc><vAcc>-1.000000</vAcc></extensions></trkpt>
      <trkpt lon="-117.327055" lat="33.976519"><ele>0.000000</ele><time>2025-10-27T23:00:20Z</time><extensions><speed>1.358302</speed><course>180.209179</course><hAcc>0.485680</hAcc><vAcc>-1.000000</vAcc></extensions></trkpt>
      <trkpt lon="-117.327055" lat="33.976507"><ele>0.000000</ele><time>2025-10-27T23:00:21Z</time><extensions><speed>1.379965</speed><course>180.150767</course><hAcc>0.478463</hAcc><vAcc>-1.000000</vAcc></extensions></trkpt>
      <trkpt lon="-117.327055" lat="33.976495"><ele>0.000000</ele><time>2025-10-27T23:00:22Z</time><extensions><speed>1.354149</speed><course>180.117877</course><hAcc>0.472966</hAcc><vAcc>-1.000000</vAcc></extensions></trkpt>
      <trkpt lon="-117.327055" lat="33.976483"><ele>0.000000</ele><time>2025-10-27T23:00:23Z</time><extensions><speed>1.367155</speed><course>180.248061</course><hAcc>0.473563</hAcc><vAcc>-1.000000</vAcc></extensions></trkpt>
      <trkpt lon="-117.327055" lat="33.976470"><ele>0.000000</ele><time>2025-10-27T23:00:24Z</time><extensions><speed>1.353757</speed><course>180.235054</course><hAcc>0.470661</hAcc><vAcc>-1.000000</vAcc></extensions></trkpt>
      <trkpt lon="-117.327055" lat="33.976459"><ele>0.000000</ele><time>2025-10-27T23:00:25Z</time><extensions><speed>1.247639</speed><course>179.997797</course><hAcc>0.470930</hAcc><vAcc>-1.000000</vAcc></extensions></trkpt>
      <trkpt lon="-117.327055" lat="33.976448"><ele>0.000000</ele><time>2025-10-27T23:00:26Z</time><extensions><speed>1.264048</speed><course>180.093539</course><hAcc>0.496496</hAcc><vAcc>-1.000000</vAcc></extensions></trkpt>
      <trkpt lon="-117.327055" lat="33.976436"><ele>0.000000</ele><time>2025-10-27T23:00:27Z</time><extensions><speed>1.315843</speed><course>180.239325</course><hAcc>0.515176</hAcc><vAcc>-1.000000</vAcc></extensions></trkpt>
      <trkpt lon="-117.327056" lat="33.976424"><ele>0.000000</ele><time>2025-10-27T23:00:28Z</time><extensions><speed>1.275587</speed><course>180.112871</course><hAcc>0.514405</hAcc><vAcc>-1.000000</vAcc></extensions></trkpt>
      <trkpt lon="-117.327056" lat="33.976413"><ele>0.000000</ele><time>2025-10-27T23:00:29Z</time><extensions><speed>1.247883</speed><course>180.129962</course><hAcc>0.532333</hAcc><vAcc>-1.000000</vAcc></extensions></trkpt>
      <trkpt lon="-117.327056" lat="33.976402"><ele>0.000000</ele><time>2025-10-27T23:00:30Z</time><extensions><speed>1.264051</speed><course>180.165457</course><hAcc>0.547842</hAcc><vAcc>-1.000000</vAcc></extensions></trkpt>
      <trkpt lon="-117.327056" lat="33.976390"><ele>0.000000</ele><time>2025-10-27T23:00:31Z</time><extensions><speed>1.267950</speed><course>180.195170</course><hAcc>0.559692</hAcc><vAcc>-1.000000</vAcc></extensions></trkpt>
      <trkpt lon="-117.327056" lat="33.976379"><ele>0.000000</ele><time>2025-10-27T23:00:32Z</time><extensions><speed>1.295564</speed><course>180.222149</course><hAcc>0.571388</hAcc><vAcc>-1.000000</vAcc></extensions></trkpt>
      <trkpt lon="-117.327056" lat="33.976366"><ele>0.000000</ele><time>2025-10-27T23:00:33Z</time><extensions><speed>1.363758</speed><course>180.283115</course><hAcc>0.582939</hAcc><vAcc>-1.000000</vAcc></extensions></trkpt>
      <trkpt lon="-117.327056" lat="33.976354"><ele>0.000000</ele><time>2025-10-27T23:00:34Z</time><extensions><speed>1.371397</speed><course>180.404937</course><hAcc>0.590506</hAcc><vAcc>-1.000000</vAcc></extensions></trkpt>
      <trkpt lon="-117.327056" lat="33.976341"><ele>0.000000</ele><time>2025-10-27T23:00:35Z</time><extensions><speed>1.348638</speed><course>180.509046</course><hAcc>0.603738</hAcc><vAcc>-1.000000</vAcc></extensions></trkpt>
      <trkpt lon="-117.327057" lat="33.976329"><ele>0.000000</ele><time>2025-10-27T23:00:36Z</time><extensions><speed>1.353347</speed><course>180.689582</course><hAcc>0.610431</hAcc><vAcc>-1.000000</vAcc></extensions></trkpt>
      <trkpt lon="-117.327057" lat="33.976317"><ele>0.000000</ele><time>2025-10-27T23:00:37Z</time><extensions><speed>1.360320</speed><course>180.824394</course><hAcc>0.616358</hAcc><vAcc>-1.000000</vAcc></extensions></trkpt>
      <trkpt lon="-117.327057" lat="33.976304"><ele>0.000000</ele><time>2025-10-27T23:00:38Z</time><extensions><speed>1.377354</speed><course>180.887031</course><hAcc>0.622052</hAcc><vAcc>-1.000000</vAcc></extensions></trkpt>
      <trkpt lon="-117.327058" lat="33.976291"><ele>0.000000</ele><time>2025-10-27T23:00:39Z</time><extensions><speed>1.382803</speed><course>180.864839</course><hAcc>0.625945</hAcc><vAcc>-1.000000</vAcc></extensions></trkpt>
      <trkpt lon="-117.327058" lat="33.976279"><ele>0.000000</ele><time>2025-10-27T23:00:40Z</time><extensions><speed>1.404068</speed><course>180.934823</course><hAcc>0.625491</hAcc><vAcc>-1.000000</vAcc></extensions></trkpt>
      <trkpt lon="-117.327058" lat="33.976266"><ele>0.000000</ele><time>2025-10-27T23:00:41Z</time><extensions><speed>1.430467</speed><course>180.704669</course><hAcc>0.627823</hAcc><vAcc>-1.000000</vAcc></extensions></trkpt>
      <trkpt lon="-117.327058" lat="33.976253"><ele>0.000000</ele><time>2025-10-27T23:00:42Z</time><extensions><speed>1.519327</speed><course>180.610038</course><hAcc>0.628138</hAcc><vAcc>-1.000000</vAcc></extensions></trkpt>
      <trkpt lon="-117.327058" lat="33.976239"><ele>0.000000</ele><time>2025-10-27T23:00:43Z</time><extensions><speed>1.526595</speed><course>180.576547</course><hAcc>0.625598</hAcc><vAcc>-1.000000</vAcc></extensions></trkpt>
      <trkpt lon="-117.327058" lat="33.976225"><ele>0.000000</ele><time>2025-10-27T23:00:44Z</time><extensions><speed>1.526252</speed><course>180.539369</course><hAcc>0.623747</hAcc><vAcc>-1.000000</vAcc></extensions></trkpt>
      <trkpt lon="-117.327058" lat="33.976211"><ele>0.000000</ele><time>2025-10-27T23:00:45Z</time><extensions><speed>1.522400</speed><course>180.429632</course><hAcc>0.624331</hAcc><vAcc>-1.000000</vAcc></extensions></trkpt>
      <trkpt lon="-117.327058" lat="33.976198"><ele>0.000000</ele><time>2025-10-27T23:00:46Z</time><extensions><speed>1.519326</speed><course>180.013871</course><hAcc>0.624771</hAcc><vAcc>-1.000000</vAcc></extensions></trkpt>
      <trkpt lon="-117.327058" lat="33.976184"><ele>0.000000</ele><time>2025-10-27T23:00:47Z</time><extensions><speed>1.481481</speed><course>179.836023</course><hAcc>0.628031</hAcc><vAcc>-1.000000</vAcc></extensions></trkpt>
      <trkpt lon="-117.327058" lat="33.976171"><ele>0.000000</ele><time>2025-10-27T23:00:48Z</time><extensions><speed>1.491835</speed><course>179.640008</course><hAcc>0.629310</hAcc><vAcc>-1.000000</vAcc></extensions></trkpt>
      <trkpt lon="-117.327058" lat="33.976157"><ele>0.000000</ele><time>2025-10-27T23:00:49Z</time><extensions><speed>1.488287</speed><course>179.447732</course><hAcc>0.631763</hAcc><vAcc>-1.000000</vAcc></extensions></trkpt>
      <trkpt lon="-117.327058" lat="33.976144"><ele>0.000000</ele><time>2025-10-27T23:00:50Z</time><extensions><speed>1.481605</speed><course>179.540594</course><hAcc>0.637806</hAcc><vAcc>-1.000000</vAcc></extensions></trkpt>
      <trkpt lon="-117.327058" lat="33.976131"><ele>0.000000</ele><time>2025-10-27T23:00:51Z</time><extensions><speed>1.510185</speed><course>179.662620</course><hAcc>0.641065</hAcc><vAcc>-1.000000</vAcc></extensions></trkpt>
      <trkpt lon="-117.327057" lat="33.976117"><ele>0.000000</ele><time>2025-10-27T23:00:52Z</time><extensions><speed>1.504969</speed><course>179.678922</course><hAcc>0.639156</hAcc><vAcc>-1.000000</vAcc></extensions></trkpt>
      <trkpt lon="-117.327057" lat="33.976104"><ele>0.000000</ele><time>2025-10-27T23:00:53Z</time><extensions><speed>1.498554</speed><course>179.718738</course><hAcc>0.640292</hAcc><vAcc>-1.000000</vAcc></extensions></trkpt>
      <trkpt lon="-117.327057" lat="33.976091"><ele>0.000000</ele><time>2025-10-27T23:00:54Z</time><extensions><speed>1.487854</speed><course>179.756643</course><hAcc>0.641556</hAcc><vAcc>-1.000000</vAcc></extensions></trkpt>
      <trkpt lon="-117.327057" lat="33.976078"><ele>0.000000</ele><time>2025-10-27T23:00:55Z</time><extensions><speed>1.462639</speed><course>179.673165</course><hAcc>0.641855</hAcc><vAcc>-1.000000</vAcc></extensions></trkpt>
      <trkpt lon="-117.327056" lat="33.976065"><ele>0.000000</ele><time>2025-10-27T23:00:56Z</time><extensions><speed>1.451324</speed><course>179.564399</course><hAcc>0.640619</hAcc><vAcc>-1.000000</vAcc></extensions></trkpt>
      <trkpt lon="-117.327056" lat="33.976053"><ele>0.000000</ele><time>2025-10-27T23:00:57Z</time><extensions><speed>1.434709</speed><course>179.511121</course><hAcc>0.643918</hAcc><vAcc>-1.000000</vAcc></extensions></trkpt>
      <trkpt lon="-117.327056" lat="33.976040"><ele>0.000000</ele><time>2025-10-27T23:00:58Z</time><extensions><speed>1.412924</speed><course>179.365399</course><hAcc>0.648640</hAcc><vAcc>-1.000000</vAcc></extensions></trkpt>
      <trkpt lon="-117.327055" lat="33.976028"><ele>0.000000</ele><time>2025-10-27T23:00:59Z</time><extensions><speed>1.384284</speed><course>179.174406</course><hAcc>0.656270</hAcc><vAcc>-1.000000</vAcc></extensions></trkpt>
      <trkpt lon="-117.327055" lat="33.976016"><ele>0.000000</ele><time>2025-10-27T23:01:00Z</time><extensions><speed>1.384434</speed><course>179.138374</course><hAcc>0.667359</hAcc><vAcc>-1.000000</vAcc></extensions></trkpt>
      <trkpt lon="-117.327054" lat="33.976004"><ele>0.000000</ele><time>2025-10-27T23:01:01Z</time><extensions><speed>1.342488</speed><course>178.374302</course><hAcc>0.674911</hAcc><vAcc>-1.000000</vAcc></extensions></trkpt>
      <trkpt lon="-117.327053" lat="33.975992"><ele>0.000000</ele><time>2025-10-27T23:01:02Z</time><extensions><speed>1.281834</speed><course>177.168387</course><hAcc>0.689314</hAcc><vAcc>-1.000000</vAcc></extensions></trkpt>
      <trkpt lon="-117.327052" lat="33.975981"><ele>0.000000</ele><time>2025-10-27T23:01:03Z</time><extensions><speed>1.286696</speed><course>177.709161</course><hAcc>0.714259</hAcc><vAcc>-1.000000</vAcc></extensions></trkpt>
      <trkpt lon="-117.327051" lat="33.975970"><ele>0.000000</ele><time>2025-10-27T23:01:04Z</time><extensions><speed>1.180264</speed><course>175.289988</course><hAcc>0.729443</hAcc><vAcc>-1.000000</vAcc></extensions></trkpt>
      <trkpt lon="-117.327049" lat="33.975960"><ele>0.000000</ele><time>2025-10-27T23:01:05Z</time><extensions><speed>1.109564</speed><course>167.923516</course><hAcc>0.742477</hAcc><vAcc>-1.000000</vAcc></extensions></trkpt>
      <trkpt lon="-117.327045" lat="33.975952"><ele>0.000000</ele><time>2025-10-27T23:01:06Z</time><extensions><speed>1.073336</speed><course>149.868811</course><hAcc>0.760825</hAcc><vAcc>-1.000000</vAcc></extensions></trkpt>
      <trkpt lon="-117.327036" lat="33.975945"><ele>0.000000</ele><time>2025-10-27T23:01:07Z</time><extensions><speed>1.140474</speed><course>125.042315</course><hAcc>0.785600</hAcc><vAcc>-1.000000</vAcc></extensions></trkpt>
      <trkpt lon="-117.327024" lat="33.975940"><ele>0.000000</ele><time>2025-10-27T23:01:08Z</time><extensions><speed>1.286279</speed><course>106.113945</course><hAcc>0.790722</hAcc><vAcc>-1.000000</vAcc></extensions></trkpt>
      <trkpt lon="-117.327010" lat="33.975938"><ele>0.000000</ele><time>2025-10-27T23:01:09Z</time><extensions><speed>1.397634</speed><course>98.937173</course><hAcc>0.795895</hAcc><vAcc>-1.000000</vAcc></extensions></trkpt>
      <trkpt lon="-117.326995" lat="33.975937"><ele>0.000000</ele><time>2025-10-27T23:01:10Z</time><extensions><speed>1.386016</speed><course>92.085521</course><hAcc>0.786667</hAcc><vAcc>-1.000000</vAcc></extensions></trkpt>
      <trkpt lon="-117.326980" lat="33.975937"><ele>0.000000</ele><time>2025-10-27T23:01:11Z</time><extensions><speed>1.455168</speed><course>91.930321</course><hAcc>0.773623</hAcc><vAcc>-1.000000</vAcc></extensions></trkpt>
      <trkpt lon="-117.326965" lat="33.975937"><ele>0.000000</ele><time>2025-10-27T23:01:12Z</time><extensions><speed>1.555181</speed><course>88.998406</course><hAcc>0.760414</hAcc><vAcc>-1.000000</vAcc></extensions></trkpt>
      <trkpt lon="-117.326949" lat="33.975937"><ele>0.000000</ele><time>2025-10-27T23:01:13Z</time><extensions><speed>1.597290</speed><course>85.726903</course><hAcc>0.756049</hAcc><vAcc>-1.000000</vAcc></extensions></trkpt>
      <trkpt lon="-117.326932" lat="33.975938"><ele>0.000000</ele><time>2025-10-27T23:01:14Z</time><extensions><speed>1.582005</speed><course>86.396923</course><hAcc>0.752358</hAcc><vAcc>-1.000000</vAcc></extensions></trkpt>
      <trkpt lon="-117.326916" lat="33.975939"><ele>0.000000</ele><time>2025-10-27T23:01:15Z</time><extensions><speed>1.549729</speed><course>84.767095</course><hAcc>0.750963</hAcc><vAcc>-1.000000</vAcc></extensions></trkpt>
      <trkpt lon="-117.326899" lat="33.975940"><ele>0.000000</ele><time>2025-10-27T23:01:16Z</time><extensions><speed>1.517971</speed><course>83.911345</course><hAcc>0.753415</hAcc><vAcc>-1.000000</vAcc></extensions></trkpt>
      <trkpt lon="-117.326883" lat="33.975940"><ele>0.000000</ele><time>2025-10-27T23:01:17Z</time><extensions><speed>1.449616</speed><course>95.258552</course><hAcc>0.754296</hAcc><vAcc>-1.000000</vAcc></extensions></trkpt>
      <trkpt lon="-117.326869" lat="33.975939"><ele>0.000000</ele><time>2025-10-27T23:01:18Z</time><extensions><speed>1.278080</speed><course>95.736514</course><hAcc>0.754888</hAcc><vAcc>-1.000000</vAcc></extensions></trkpt>
      <trkpt lon="-117.326855" lat="33.975938"><ele>0.000000</ele><time>2025-10-27T23:01:19Z</time><extensions><speed>1.259171</speed><course>93.050504</course><hAcc>0.761926</hAcc><vAcc>-1.000000</vAcc></extensions></trkpt>
      <trkpt lon="-117.326843" lat="33.975934"><ele>0.000000</ele><time>2025-10-27T23:01:20Z</time><extensions><speed>1.188864</speed><course>123.961889</course><hAcc>0.741515</hAcc><vAcc>-1.000000</vAcc></extensions></trkpt>
      <trkpt lon="-117.326834" lat="33.975928"><ele>0.000000</ele><time>2025-10-27T23:01:21Z</time><extensions><speed>0.966644</speed><course>136.492368</course><hAcc>0.738323</hAcc><vAcc>-1.000000</vAcc></extensions></trkpt>
      <trkpt lon="-117.326831" lat="33.975921"><ele>0.000000</ele><time>2025-10-27T23:01:22Z</time><extensions><speed>0.876634</speed><course>189.899128</course><hAcc>0.760957</hAcc><vAcc>-1.000000</vAcc></extensions></trkpt>
      <trkpt lon="-117.326832" lat="33.975912"><ele>0.000000</ele><time>2025-10-27T23:01:23Z</time><extensions><speed>1.057270</speed><course>178.658292</course><hAcc>0.753085</hAcc><vAcc>-1.000000</vAcc></extensions></trkpt>
      <trkpt lon="-117.326829" lat="33.975903"><ele>0.000000</ele><time>2025-10-27T23:01:24Z</time><extensions><speed>1.067362</speed><course>157.989543</course><hAcc>0.740404</hAcc><vAcc>-1.000000</vAcc></extensions></trkpt>
      <trkpt lon="-117.326823" lat="33.975894"><ele>0.000000</ele><time>2025-10-27T23:01:25Z</time><extensions><speed>1.219084</speed><course>142.883282</course><hAcc>0.735929</hAcc><vAcc>-1.000000</vAcc></extensions></trkpt>
      <trkpt lon="-117.326813" lat="33.975886"><ele>0.000000</ele><time>2025-10-27T23:01:26Z</time><extensions><speed>1.263034</speed><course>129.366507</course><hAcc>0.732619</hAcc><vAcc>-1.000000</vAcc></extensions></trkpt>
      <trkpt lon="-117.326801" lat="33.975880"><ele>0.000000</ele><time>2025-10-27T23:01:27Z</time><extensions><speed>1.392292</speed><course>124.101324</course><hAcc>0.731802</hAcc><vAcc>-1.000000</vAcc></extensions></trkpt>
      <trkpt lon="-117.326788" lat="33.975873"><ele>0.000000</ele><time>2025-10-27T23:01:28Z</time><extensions><speed>1.476053</speed><course>122.957481</course><hAcc>0.727049</hAcc><vAcc>-1.000000</vAcc></extensions></trkpt>
      <trkpt lon="-117.326774" lat="33.975866"><ele>0.000000</ele><time>2025-10-27T23:01:29Z</time><extensions><speed>1.479592</speed><course>118.267414</course><hAcc>0.726137</hAcc><vAcc>-1.000000</vAcc></extensions></trkpt>
      <trkpt lon="-117.326760" lat="33.975860"><ele>0.000000</ele><time>2025-10-27T23:01:30Z</time><extensions><speed>1.475416</speed><course>119.100706</course><hAcc>0.728941</hAcc><vAcc>-1.000000</vAcc></extensions></trkpt>
      <trkpt lon="-117.326746" lat="33.975855"><ele>0.000000</ele><time>2025-10-27T23:01:31Z</time><extensions><speed>1.462835</speed><course>111.321099</course><hAcc>0.735880</hAcc><vAcc>-1.000000</vAcc></extensions></trkpt>
      <trkpt lon="-117.326730" lat="33.975852"><ele>0.000000</ele><time>2025-10-27T23:01:32Z</time><extensions><speed>1.474937</speed><course>96.955424</course><hAcc>0.734694</hAcc><vAcc>-1.000000</vAcc></extensions></trkpt>
      <trkpt lon="-117.326714" lat="33.975851"><ele>0.000000</ele><time>2025-10-27T23:01:33Z</time><extensions><speed>1.482924</speed><course>90.028629</course><hAcc>0.737519</hAcc><vAcc>-1.000000</vAcc></extensions></trkpt>
      <trkpt lon="-117.326698" lat="33.975851"><ele>0.000000</ele><time>2025-10-27T23:01:34Z</time><extensions><speed>1.514291</speed><course>91.875337</course><hAcc>0.735908</hAcc><vAcc>-1.000000</vAcc></extensions></trkpt>
      <trkpt lon="-117.326681" lat="33.975850"><ele>0.000000</ele><time>2025-10-27T23:01:35Z</time><extensions><speed>1.605899</speed><course>94.490119</course><hAcc>0.740690</hAcc><vAcc>-1.000000</vAcc></extensions></trkpt>
      <trkpt lon="-117.326664" lat="33.975848"><ele>0.000000</ele><time>2025-10-27T23:01:36Z</time><extensions><speed>1.629825</speed><course>102.934495</course><hAcc>0.748242</hAcc><vAcc>-1.000000</vAcc></extensions></trkpt>
      <trkpt lon="-117.326647" lat="33.975845"><ele>0.000000</ele><time>2025-10-27T23:01:37Z</time><extensions><speed>1.624851</speed><course>103.462830</course><hAcc>0.742975</hAcc><vAcc>-1.000000</vAcc></extensions></trkpt>
      <trkpt lon="-117.326629" lat="33.975841"><ele>0.000000</ele><time>2025-10-27T23:01:38Z</time><extensions><speed>1.615108</speed><course>105.963342</course><hAcc>0.747369</hAcc><vAcc>-1.000000</vAcc></extensions></trkpt>
      <trkpt lon="-117.326612" lat="33.975837"><ele>0.000000</ele><time>2025-10-27T23:01:39Z</time><extensions><speed>1.592695</speed><course>100.874402</course><hAcc>0.747272</hAcc><vAcc>-1.000000</vAcc></extensions></trkpt>
      <trkpt lon="-117.326596" lat="33.975835"><ele>0.000000</ele><time>2025-10-27T23:01:40Z</time><extensions><speed>1.523059</speed><course>97.922595</course><hAcc>0.743072</hAcc><vAcc>-1.000000</vAcc></extensions></trkpt>
      <trkpt lon="-117.326579" lat="33.975833"><ele>0.000000</ele><time>2025-10-27T23:01:41Z</time><extensions><speed>1.528629</speed><course>95.269985</course><hAcc>0.735909</hAcc><vAcc>-1.000000</vAcc></extensions></trkpt>
      <trkpt lon="-117.326563" lat="33.975831"><ele>0.000000</ele><time>2025-10-27T23:01:42Z</time><extensions><speed>1.509569</speed><course>100.871049</course><hAcc>0.742768</hAcc><vAcc>-1.000000</vAcc></extensions></trkpt>
      <trkpt lon="-117.326547" lat="33.975828"><ele>0.000000</ele><time>2025-10-27T23:01:43Z</time><extensions><speed>1.510263</speed><course>103.197039</course><hAcc>0.749063</hAcc><vAcc>-1.000000</vAcc></extensions></trkpt>
      <trkpt lon="-117.326531" lat="33.975824"><ele>0.000000</ele><time>2025-10-27T23:01:44Z</time><extensions><speed>1.539664</speed><course>104.018099</course><hAcc>0.747126</hAcc><vAcc>-1.000000</vAcc></extensions></trkpt>
      <trkpt lon="-117.326514" lat="33.975822"><ele>0.000000</ele><time>2025-10-27T23:01:45Z</time><extensions><speed>1.536951</speed><course>97.075552</course><hAcc>0.751460</hAcc><vAcc>-1.000000</vAcc></extensions></trkpt>
      <trkpt lon="-117.326498" lat="33.975819"><ele>0.000000</ele><time>2025-10-27T23:01:46Z</time><extensions><speed>1.539117</speed><course>105.449244</course><hAcc>0.751683</hAcc><vAcc>-1.000000</vAcc></extensions></trkpt>
      <trkpt lon="-117.326483" lat="33.975814"><ele>0.000000</ele><time>2025-10-27T23:01:47Z</time><extensions><speed>1.547439</speed><course>123.903504</course><hAcc>0.754184</hAcc><vAcc>-1.000000</vAcc></extensions></trkpt>
      <trkpt lon="-117.326471" lat="33.975804"><ele>0.000000</ele><time>2025-10-27T23:01:48Z</time><extensions><speed>1.607224</speed><course>140.238725</course><hAcc>0.760140</hAcc><vAcc>-1.000000</vAcc></extensions></trkpt>
      <trkpt lon="-117.326461" lat="33.975793"><ele>0.000000</ele><time>2025-10-27T23:01:49Z</time><extensions><speed>1.606432</speed><course>150.219373</course><hAcc>0.766996</hAcc><vAcc>-1.000000</vAcc></extensions></trkpt>
      <trkpt lon="-117.326453" lat="33.975780"><ele>0.000000</ele><time>2025-10-27T23:01:50Z</time><extensions><speed>1.608614</speed><course>153.302830</course><hAcc>0.760546</hAcc><vAcc>-1.000000</vAcc></extensions></trkpt>
      <trkpt lon="-117.326446" lat="33.975767"><ele>0.000000</ele><time>2025-10-27T23:01:51Z</time><extensions><speed>1.610383</speed><course>162.534588</course><hAcc>0.769110</hAcc><vAcc>-1.000000</vAcc></extensions></trkpt>
      <trkpt lon="-117.326441" lat="33.975753"><ele>0.000000</ele><time>2025-10-27T23:01:52Z</time><extensions><speed>1.586094</speed><course>167.709215</course><hAcc>0.761959</hAcc><vAcc>-1.000000</vAcc></extensions></trkpt>
      <trkpt lon="-117.326437" lat="33.975740"><ele>0.000000</ele><time>2025-10-27T23:01:53Z</time><extensions><speed>1.570953</speed><course>165.974809</course><hAcc>0.765597</hAcc><vAcc>-1.000000</vAcc></extensions></trkpt>
      <trkpt lon="-117.326432" lat="33.975727"><ele>0.000000</ele><time>2025-10-27T23:01:54Z</time><extensions><speed>1.462133</speed><course>164.246335</course><hAcc>0.777032</hAcc><vAcc>-1.000000</vAcc></extensions></trkpt>
      <trkpt lon="-117.326427" lat="33.975715"><ele>0.000000</ele><time>2025-10-27T23:01:55Z</time><extensions><speed>1.444236</speed><course>161.997607</course><hAcc>0.781373</hAcc><vAcc>-1.000000</vAcc></extensions></trkpt>
      <trkpt lon="-117.326422" lat="33.975703"><ele>323.167647</ele><time>2025-10-27T23:01:56Z</time><extensions><speed>1.463974</speed><course>166.115263</course><hAcc>0.790044</hAcc><vAcc>0.543248</vAcc></extensions></trkpt>
      <trkpt lon="-117.326418" lat="33.975690"><ele>323.104072</ele><time>2025-10-27T23:01:57Z</time><extensions><speed>1.460311</speed><course>167.392844</course><hAcc>0.794842</hAcc><vAcc>0.489492</vAcc></extensions></trkpt>
      <trkpt lon="-117.326413" lat="33.975678"><ele>323.049061</ele><time>2025-10-27T23:01:58Z</time><extensions><speed>1.446358</speed><course>161.482141</course><hAcc>0.797812</hAcc><vAcc>0.432661</vAcc></extensions></trkpt>
      <trkpt lon="-117.326409" lat="33.975666"><ele>323.007572</ele><time>2025-10-27T23:01:59Z</time><extensions><speed>1.345440</speed><course>165.402407</course><hAcc>0.813099</hAcc><vAcc>0.375312</vAcc></extensions></trkpt>
      <trkpt lon="-117.326406" lat="33.975654"><ele>322.985798</ele><time>2025-10-27T23:02:00Z</time><extensions><speed>1.386446</speed><course>172.866181</course><hAcc>0.838560</hAcc><vAcc>0.322728</vAcc></extensions></trkpt>
      <trkpt lon="-117.326404" lat="33.975642"><ele>322.987261</ele><time>2025-10-27T23:02:01Z</time><extensions><speed>1.375753</speed><course>174.136216</course><hAcc>0.850384</hAcc><vAcc>0.281443</vAcc></extensions></trkpt>
      <trkpt lon="-117.326403" lat="33.975630"><ele>323.013385</ele><time>2025-10-27T23:02:02Z</time><extensions><speed>1.373517</speed><course>179.416371</course><hAcc>0.868635</hAcc><vAcc>0.254574</vAcc></extensions></trkpt>
      <trkpt lon="-117.326403" lat="33.975618"><ele>323.061841</ele><time>2025-10-27T23:02:03Z</time><extensions><speed>1.285492</speed><course>182.553973</course><hAcc>0.882878</hAcc><vAcc>0.240245</vAcc></extensions></trkpt>
      <trkpt lon="-117.326403" lat="33.975608"><ele>323.127700</ele><time>2025-10-27T23:02:04Z</time><extensions><speed>1.137179</speed><course>183.257938</course><hAcc>0.912625</hAcc><vAcc>0.234117</vAcc></extensions></trkpt>
      <trkpt lon="-117.326403" lat="33.975598"><ele>323.204582</ele><time>2025-10-27T23:02:05Z</time><extensions><speed>1.086718</speed><course>179.240281</course><hAcc>0.941617</hAcc><vAcc>0.232126</vAcc></extensions></trkpt>
      <trkpt lon="-117.326402" lat="33.975589"><ele>323.285450</ele><time>2025-10-27T23:02:06Z</time><extensions><speed>1.088103</speed><course>174.426130</course><hAcc>1.000285</hAcc><vAcc>0.231712</vAcc></extensions></trkpt>
      <trkpt lon="-117.326398" lat="33.975580"><ele>323.364235</ele><time>2025-10-27T23:02:07Z</time><extensions><speed>1.047337</speed><course>158.707063</course><hAcc>1.055506</hAcc><vAcc>0.231669</vAcc></extensions></trkpt>
      <trkpt lon="-117.326391" lat="33.975574"><ele>323.435928</ele><time>2025-10-27T23:02:08Z</time><extensions><speed>1.039114</speed><course>124.718121</course><hAcc>1.124989</hAcc><vAcc>0.231598</vAcc></extensions></trkpt>
      <trkpt lon="-117.326381" lat="33.975569"><ele>323.496913</ele><time>2025-10-27T23:02:09Z</time><extensions><speed>1.016395</speed><course>124.946382</course><hAcc>1.191371</hAcc><vAcc>0.231452</vAcc></extensions></trkpt>
      <trkpt lon="-117.326375" lat="33.975563"><ele>323.546131</ele><time>2025-10-27T23:02:10Z</time><extensions><speed>0.873499</speed><course>165.507716</course><hAcc>1.252794</hAcc><vAcc>0.231283</vAcc></extensions></trkpt>
      <trkpt lon="-117.326375" lat="33.975555"><ele>323.583263</ele><time>2025-10-27T23:02:11Z</time><extensions><speed>0.835907</speed><course>201.056582</course><hAcc>1.307700</hAcc><vAcc>0.231139</vAcc></extensions></trkpt>
      <trkpt lon="-117.326379" lat="33.975549"><ele>323.609668</ele><time>2025-10-27T23:02:12Z</time><extensions><speed>0.838109</speed><course>206.770835</course><hAcc>1.354896</hAcc><vAcc>0.231038</vAcc></extensions></trkpt>
      <trkpt lon="-117.326383" lat="33.975542"><ele>323.626827</ele><time>2025-10-27T23:02:13Z</time><extensions><speed>0.851250</speed><course>215.791752</course><hAcc>1.408687</hAcc><vAcc>0.230977</vAcc></extensions></trkpt>
      <trkpt lon="-117.326388" lat="33.975536"><ele>323.634733</ele><time>2025-10-27T23:02:14Z</time><extensions><speed>0.795543</speed><course>211.419734</course><hAcc>1.459118</hAcc><vAcc>0.230945</vAcc></extensions></trkpt>
      <trkpt lon="-117.326392" lat="33.975530"><ele>323.633279</ele><time>2025-10-27T23:02:15Z</time><extensions><speed>0.696815</speed><course>203.024254</course><hAcc>1.524117</hAcc><vAcc>0.230930</vAcc></extensions></trkpt>
      <trkpt lon="-117.326392" lat="33.975527"><ele>323.621439</ele><time>2025-10-27T23:02:16Z</time><extensions><speed>0.207597</speed><course>127.243783</course><hAcc>1.618346</hAcc><vAcc>0.230924</vAcc></extensions></trkpt>
      <trkpt lon="-117.326388" lat="33.975528"><ele>323.597176</ele><time>2025-10-27T23:02:17Z</time><extensions><speed>0.803529</speed><course>58.037863</course><hAcc>1.749789</hAcc><vAcc>0.230920</vAcc></extensions></trkpt>
      <trkpt lon="-117.326379" lat="33.975533"><ele>323.557830</ele><time>2025-10-27T23:02:18Z</time><extensions><speed>1.157144</speed><course>53.665506</course><hAcc>1.944153</hAcc><vAcc>0.230916</vAcc></extensions></trkpt>
      <trkpt lon="-117.326369" lat="33.975539"><ele>323.502914</ele><time>2025-10-27T23:02:19Z</time><extensions><speed>1.186148</speed><course>54.944632</course><hAcc>2.201028</hAcc><vAcc>0.230911</vAcc></extensions></trkpt>
      <trkpt lon="-117.326359" lat="33.975544"><ele>323.431208</ele><time>2025-10-27T23:02:20Z</time><extensions><speed>1.006640</speed><course>58.698843</course><hAcc>2.482880</hAcc><vAcc>0.230906</vAcc></extensions></trkpt>
      <trkpt lon="-117.326350" lat="33.975547"><ele>323.343262</ele><time>2025-10-27T23:02:21Z</time><extensions><speed>0.734425</speed><course>67.634466</course><hAcc>2.754501</hAcc><vAcc>0.230900</vAcc></extensions></trkpt>
      <trkpt lon="-117.326344" lat="33.975548"><ele>323.241239</ele><time>2025-10-27T23:02:22Z</time><extensions><speed>0.471498</speed><course>88.342797</course><hAcc>2.984992</hAcc><vAcc>0.230892</vAcc></extensions></trkpt>
      <trkpt lon="-117.326340" lat="33.975546"><ele>323.128829</ele><time>2025-10-27T23:02:23Z</time><extensions><speed>0.401401</speed><course>129.763644</course><hAcc>3.147040</hAcc><vAcc>0.230882</vAcc></extensions></trkpt>
      <trkpt lon="-117.326339" lat="33.975543"><ele>323.010912</ele><time>2025-10-27T23:02:24Z</time><extensions><speed>0.588907</speed><course>165.339814</course><hAcc>3.265636</hAcc><vAcc>0.230872</vAcc></extensions></trkpt>
      <trkpt lon="-117.326339" lat="33.975535"><ele>322.892801</ele><time>2025-10-27T23:02:25Z</time><extensions><speed>0.996391</speed><course>180.948795</course><hAcc>3.353573</hAcc><vAcc>0.230860</vAcc></extensions></trkpt>
      <trkpt lon="-117.326340" lat="33.975524"><ele>322.780497</ele><time>2025-10-27T23:02:26Z</time><extensions><speed>1.421424</speed><course>188.910276</course><hAcc>3.450606</hAcc><vAcc>0.230849</vAcc></extensions></trkpt>
      <trkpt lon="-117.326344" lat="33.975510"><ele>322.679966</ele><time>2025-10-27T23:02:27Z</time><extensions><speed>1.821892</speed><course>194.555091</course><hAcc>3.560330</hAcc><vAcc>0.230841</vAcc></extensions></trkpt>
      <trkpt lon="-117.326351" lat="33.975493"><ele>322.593029</ele><time>2025-10-27T23:02:28Z</time><extensions><speed>2.172419</speed><course>199.518596</course><hAcc>3.674207</hAcc><vAcc>0.230834</vAcc></extensions></trkpt>
      <trkpt lon="-117.326360" lat="33.975474"><ele>322.523062</ele><time>2025-10-27T23:02:29Z</time><extensions><speed>2.426322</speed><course>204.307228</course><hAcc>3.795579</hAcc><vAcc>0.230830</vAcc></extensions></trkpt>
      <trkpt lon="-117.326372" lat="33.975454"><ele>322.480270</ele><time>2025-10-27T23:02:30Z</time><extensions><speed>2.577443</speed><course>211.422710</course><hAcc>3.919636</hAcc><vAcc>0.231442</vAcc></extensions></trkpt>
      <trkpt lon="-117.326388" lat="33.975436"><ele>322.456175</ele><time>2025-10-27T23:02:31Z</time><extensions><speed>2.614587</speed><course>222.438936</course><hAcc>4.042950</hAcc><vAcc>0.232116</vAcc></extensions></trkpt>
      <trkpt lon="-117.326409" lat="33.975420"><ele>322.447655</ele><time>2025-10-27T23:02:32Z</time><extensions><speed>2.594874</speed><course>231.542507</course><hAcc>4.195103</hAcc><vAcc>0.232958</vAcc></extensions></trkpt>
      <trkpt lon="-117.326430" lat="33.975406"><ele>322.452261</ele><time>2025-10-27T23:02:33Z</time><extensions><speed>2.458267</speed><course>234.115479</course><hAcc>4.380110</hAcc><vAcc>0.233592</vAcc></extensions></trkpt>
      <trkpt lon="-117.326450" lat="33.975393"><ele>322.466889</ele><time>2025-10-27T23:02:34Z</time><extensions><speed>2.181482</speed><course>228.308144</course><hAcc>4.582335</hAcc><vAcc>0.233949</vAcc></extensions></trkpt>
      <trkpt lon="-117.326466" lat="33.975380"><ele>322.487999</ele><time>2025-10-27T23:02:35Z</time><extensions><speed>1.960779</speed><course>223.408430</course><hAcc>4.814045</hAcc><vAcc>0.234984</vAcc></extensions></trkpt>
      <trkpt lon="-117.326479" lat="33.975368"><ele>322.511251</ele><time>2025-10-27T23:02:36Z</time><extensions><speed>1.721068</speed><course>220.809803</course><hAcc>5.108717</hAcc><vAcc>0.240389</vAcc></extensions></trkpt>
      <trkpt lon="-117.326490" lat="33.975357"><ele>322.531443</ele><time>2025-10-27T23:02:37Z</time><extensions><speed>1.432508</speed><course>219.359864</course><hAcc>5.513944</hAcc><vAcc>0.258639</vAcc></extensions></trkpt>
      <trkpt lon="-117.326499" lat="33.975348"><ele>322.542775</ele><time>2025-10-27T23:02:38Z</time><extensions><speed>1.129104</speed><course>218.341378</course><hAcc>6.051246</hAcc><vAcc>0.302249</vAcc></extensions></trkpt>
      <trkpt lon="-117.326506" lat="33.975341"><ele>322.540115</ele><time>2025-10-27T23:02:39Z</time><extensions><speed>0.814078</speed><course>217.934523</course><hAcc>6.684324</hAcc><vAcc>0.381276</vAcc></extensions></trkpt>
      <trkpt lon="-117.326510" lat="33.975336"><ele>322.522038</ele><time>2025-10-27T23:02:40Z</time><extensions><speed>0.586985</speed><course>217.569158</course><hAcc>7.402067</hAcc><vAcc>0.496943</vAcc></extensions></trkpt>
      <trkpt lon="-117.326514" lat="33.975332"><ele>322.489282</ele><time>2025-10-27T23:02:41Z</time><extensions><speed>0.483742</speed><course>217.412839</course><hAcc>8.357346</hAcc><vAcc>0.656950</vAcc></extensions></trkpt>
      <trkpt lon="-117.325992" lat="33.975354"><ele>328.254708</ele><time>2025-10-27T23:05:25Z</time><extensions><speed>1.712531</speed><course>359.747785</course><hAcc>9.802129</hAcc><vAcc>0.670739</vAcc></extensions></trkpt>
      <trkpt lon="-117.325982" lat="33.975378"><ele>328.093381</ele><time>2025-10-27T23:05:26Z</time><extensions><speed>1.981873</speed><course>4.144784</course><hAcc>8.869204</hAcc><vAcc>0.516032</vAcc></extensions></trkpt>
      <trkpt lon="-117.325975" lat="33.975401"><ele>327.961630</ele><time>2025-10-27T23:05:27Z</time><extensions><speed>2.263826</speed><course>4.505118</course><hAcc>8.188241</hAcc><vAcc>0.395323</vAcc></extensions></trkpt>
      <trkpt lon="-117.325968" lat="33.975424"><ele>327.856170</ele><time>2025-10-27T23:05:28Z</time><extensions><speed>2.535921</speed><course>3.653893</course><hAcc>7.684822</hAcc><vAcc>0.312195</vAcc></extensions></trkpt>
      <trkpt lon="-117.325963" lat="33.975449"><ele>327.775246</ele><time>2025-10-27T23:05:29Z</time><extensions><speed>2.819688</speed><course>3.216774</course><hAcc>7.347560</hAcc><vAcc>0.265924</vAcc></extensions></trkpt>
      <trkpt lon="-117.325956" lat="33.975477"><ele>327.715504</ele><time>2025-10-27T23:05:30Z</time><extensions><speed>3.059971</speed><course>4.417657</course><hAcc>7.130702</hAcc><vAcc>0.246259</vAcc></extensions></trkpt>
      <trkpt lon="-117.325947" lat="33.975508"><ele>327.673675</ele><time>2025-10-27T23:05:31Z</time><extensions><speed>3.318415</speed><course>8.572046</course><hAcc>6.976870</hAcc><vAcc>0.240334</vAcc></extensions></trkpt>
      <trkpt lon="-117.325934" lat="33.975544"><ele>327.646858</ele><time>2025-10-27T23:05:32Z</time><extensions><speed>3.689200</speed><course>15.587348</course><hAcc>6.839726</hAcc><vAcc>0.239237</vAcc></extensions></trkpt>
      <trkpt lon="-117.325918" lat="33.975581"><ele>327.631862</ele><time>2025-10-27T23:05:33Z</time><extensions><speed>4.136137</speed><course>23.201077</course><hAcc>6.691964</hAcc><vAcc>0.238942</vAcc></extensions></trkpt>
      <trkpt lon="-117.325902" lat="33.975617"><ele>327.625849</ele><time>2025-10-27T23:05:34Z</time><extensions><speed>4.329259</speed><course>26.632285</course><hAcc>6.505201</hAcc><vAcc>0.238357</vAcc></extensions></trkpt>
      <trkpt lon="-117.325888" lat="33.975649"><ele>327.626129</ele><time>2025-10-27T23:05:35Z</time><extensions><speed>4.229442</speed><course>27.172472</course><hAcc>6.344370</hAcc><vAcc>0.237534</vAcc></extensions></trkpt>
      <trkpt lon="-117.325872" lat="33.975678"><ele>327.630591</ele><time>2025-10-27T23:05:36Z</time><extensions><speed>3.589142</speed><course>24.941812</course><hAcc>6.202767</hAcc><vAcc>0.236714</vAcc></extensions></trkpt>
      <trkpt lon="-117.325857" lat="33.975704"><ele>327.637652</ele><time>2025-10-27T23:05:37Z</time><extensions><speed>2.851945</speed><course>20.316338</course><hAcc>6.064406</hAcc><vAcc>0.236064</vAcc></extensions></trkpt>
      <trkpt lon="-117.325846" lat="33.975722"><ele>327.646150</ele><time>2025-10-27T23:05:38Z</time><extensions><speed>2.141898</speed><course>13.187917</course><hAcc>5.919910</hAcc><vAcc>0.235601</vAcc></extensions></trkpt>
      <trkpt lon="-117.325839" lat="33.975734"><ele>327.655218</ele><time>2025-10-27T23:05:39Z</time><extensions><speed>1.680027</speed><course>4.756009</course><hAcc>5.753981</hAcc><vAcc>0.235332</vAcc></extensions></trkpt>
      <trkpt lon="-117.325834" lat="33.975743"><ele>327.664257</ele><time>2025-10-27T23:05:40Z</time><extensions><speed>1.319411</speed><course>355.614091</course><hAcc>5.573953</hAcc><vAcc>0.235164</vAcc></extensions></trkpt>
      <trkpt lon="-117.325831" lat="33.975750"><ele>327.672776</ele><time>2025-10-27T23:05:41Z</time><extensions><speed>1.093746</speed><course>342.380964</course><hAcc>5.404184</hAcc><vAcc>0.235073</vAcc></extensions></trkpt>
      <trkpt lon="-117.325832" lat="33.975756"><ele>327.680570</ele><time>2025-10-27T23:05:42Z</time><extensions><speed>0.970895</speed><course>321.716253</course><hAcc>5.268744</hAcc><vAcc>0.235071</vAcc></extensions></trkpt>
      <trkpt lon="-117.325837" lat="33.975758"><ele>327.687384</ele><time>2025-10-27T23:05:43Z</time><extensions><speed>0.976227</speed><course>292.990446</course><hAcc>5.194815</hAcc><vAcc>0.235087</vAcc></extensions></trkpt>
      <trkpt lon="-117.325846" lat="33.975757"><ele>327.693104</ele><time>2025-10-27T23:05:44Z</time><extensions><speed>1.187822</speed><course>269.536467</course><hAcc>5.163076</hAcc><vAcc>0.235102</vAcc></extensions></trkpt>
      <trkpt lon="-117.325860" lat="33.975754"><ele>327.697698</ele><time>2025-10-27T23:05:45Z</time><extensions><speed>1.336130</speed><course>252.338478</course><hAcc>5.104763</hAcc><vAcc>0.235104</vAcc></extensions></trkpt>
      <trkpt lon="-117.325874" lat="33.975745"><ele>327.701076</ele><time>2025-10-27T23:05:46Z</time><extensions><speed>1.556383</speed><course>234.962814</course><hAcc>5.024284</hAcc><vAcc>0.235096</vAcc></extensions></trkpt>
      <trkpt lon="-117.325889" lat="33.975731"><ele>327.703305</ele><time>2025-10-27T23:05:47Z</time><extensions><speed>1.810308</speed><course>220.263690</course><hAcc>4.949438</hAcc><vAcc>0.235101</vAcc></extensions></trkpt>
      <trkpt lon="-117.325902" lat="33.975713"><ele>327.704588</ele><time>2025-10-27T23:05:48Z</time><extensions><speed>2.140626</speed><course>207.573977</course><hAcc>4.896186</hAcc><vAcc>0.235116</vAcc></extensions></trkpt>
      <trkpt lon="-117.325911" lat="33.975694"><ele>327.705192</ele><time>2025-10-27T23:05:49Z</time><extensions><speed>2.390184</speed><course>199.503542</course><hAcc>4.874060</hAcc><vAcc>0.235125</vAcc></extensions></trkpt>
      <trkpt lon="-117.325915" lat="33.975673"><ele>327.705234</ele><time>2025-10-27T23:05:50Z</time><extensions><speed>2.551833</speed><course>193.151754</course><hAcc>4.877797</hAcc><vAcc>0.235137</vAcc></extensions></trkpt>
      <trkpt lon="-117.325913" lat="33.975655"><ele>327.712374</ele><time>2025-10-27T23:05:51Z</time><extensions><speed>2.544556</speed><course>187.038661</course><hAcc>4.907458</hAcc><vAcc>0.235758</vAcc></extensions></trkpt>
      <trkpt lon="-117.325907" lat="33.975637"><ele>327.722801</ele><time>2025-10-27T23:05:52Z</time><extensions><speed>2.471501</speed><course>181.243690</course><hAcc>4.970110</hAcc><vAcc>0.236422</vAcc></extensions></trkpt>
      <trkpt lon="-117.325899" lat="33.975618"><ele>327.735585</ele><time>2025-10-27T23:05:53Z</time><extensions><speed>2.398711</speed><course>176.145542</course><hAcc>5.063669</hAcc><vAcc>0.236927</vAcc></extensions></trkpt>
      <trkpt lon="-117.325889" lat="33.975600"><ele>327.746229</ele><time>2025-10-27T23:05:54Z</time><extensions><speed>2.263171</speed><course>170.560334</course><hAcc>5.180060</hAcc><vAcc>0.237066</vAcc></extensions></trkpt>
      <trkpt lon="-117.325878" lat="33.975582"><ele>327.745108</ele><time>2025-10-27T23:05:55Z</time><extensions><speed>2.112402</speed><course>164.080497</course><hAcc>5.312064</hAcc><vAcc>0.237136</vAcc></extensions></trkpt>
      <trkpt lon="-117.325863" lat="33.975567"><ele>327.720326</ele><time>2025-10-27T23:05:56Z</time><extensions><speed>1.960698</speed><course>154.616920</course><hAcc>5.443627</hAcc><vAcc>0.238541</vAcc></extensions></trkpt>
      <trkpt lon="-117.325844" lat="33.975556"><ele>327.661045</ele><time>2025-10-27T23:05:57Z</time><extensions><speed>1.849807</speed><course>137.272731</course><hAcc>5.563948</hAcc><vAcc>0.244357</vAcc></extensions></trkpt>
      <trkpt lon="-117.325822" lat="33.975551"><ele>327.556505</ele><time>2025-10-27T23:05:58Z</time><extensions><speed>1.944648</speed><course>112.910240</course><hAcc>5.661157</hAcc><vAcc>0.259236</vAcc></extensions></trkpt>
      <trkpt lon="-117.325800" lat="33.975547"><ele>327.395596</ele><time>2025-10-27T23:05:59Z</time><extensions><speed>2.287683</speed><course>94.106332</course><hAcc>5.783247</hAcc><vAcc>0.288624</vAcc></extensions></trkpt>
      <trkpt lon="-117.325773" lat="33.975547"><ele>327.172304</ele><time>2025-10-27T23:06:00Z</time><extensions><speed>2.649767</speed><course>84.720476</course><hAcc>5.925092</hAcc><vAcc>0.336684</vAcc></extensions></trkpt>
      <trkpt lon="-117.325744" lat="33.975550"><ele>326.886105</ele><time>2025-10-27T23:06:01Z</time><extensions><speed>2.864030</speed><course>81.707476</course><hAcc>6.099344</hAcc><vAcc>0.402596</vAcc></extensions></trkpt>
      <trkpt lon="-117.325713" lat="33.975554"><ele>326.548774</ele><time>2025-10-27T23:06:02Z</time><extensions><speed>2.944084</speed><course>81.042290</course><hAcc>6.321093</hAcc><vAcc>0.481200</vAcc></extensions></trkpt>
      <trkpt lon="-117.325681" lat="33.975558"><ele>326.160367</ele><time>2025-10-27T23:06:03Z</time><extensions><speed>2.920556</speed><course>82.418271</course><hAcc>6.615606</hAcc><vAcc>0.571720</vAcc></extensions></trkpt>
      <trkpt lon="-117.325650" lat="33.975561"><ele>325.745830</ele><time>2025-10-27T23:06:04Z</time><extensions><speed>2.844526</speed><course>83.999992</course><hAcc>6.989986</hAcc><vAcc>0.670514</vAcc></extensions></trkpt>
      <trkpt lon="-117.325620" lat="33.975563"><ele>325.292943</ele><time>2025-10-27T23:06:05Z</time><extensions><speed>2.754375</speed><course>84.356333</course><hAcc>7.472867</hAcc><vAcc>0.784208</vAcc></extensions></trkpt>
      <trkpt lon="-117.325591" lat="33.975566"><ele>324.836077</ele><time>2025-10-27T23:06:06Z</time><extensions><speed>2.665401</speed><course>82.764170</course><hAcc>8.048152</hAcc><vAcc>0.908363</vAcc></extensions></trkpt>
      <trkpt lon="-117.325563" lat="33.975570"><ele>324.358898</ele><time>2025-10-27T23:06:07Z</time><extensions><speed>2.622590</speed><course>79.055242</course><hAcc>8.791642</hAcc><vAcc>1.051429</vAcc></extensions></trkpt>
      <trkpt lon="-117.325535" lat="33.975575"><ele>323.874908</ele><time>2025-10-27T23:06:08Z</time><extensions><speed>2.531872</speed><course>77.061387</course><hAcc>9.781614</hAcc><vAcc>1.213307</vAcc></extensions></trkpt>
    </trkseg>
  </trk>
</gpx>