<?xml version="1.0" encoding="UTF-8"?>
<gpx version="1.1" creator="Apple Health Export" xmlns="http://www.topografix.com/GPX/1/1" xmlns:xsi="http://www.w3.org/2001/XMLSchema-instance" xsi:schemaLocation="http://www.topografix.com/GPX/1/1 http://www.topografix.com/GPX/1/1/gpx.xsd">
  <metadata>
    <time>2026-01-11T07:57:34Z</time>
  </metadata>
  <trk>
    <name>Route 2024-10-25 12:10pm</name>
    <trkseg>
      <trkpt lon="-117.332643" lat="33.979555"><ele>0.000000</ele><time>2024-10-25T18:32:10Z</time><extensions><speed>1.139332</speed><course>92.168307</course><hAcc>11.265626</hAcc><vAcc>-1.000000</vAcc></extensions></trkpt>
      <trkpt lon="-117.332631" lat="33.979554"><ele>0.000000</ele><time>2024-10-25T18:32:11Z</time><extensions><speed>1.149745</speed><course>92.443529</course><hAcc>10.351169</hAcc><vAcc>-1.000000</vAcc></extensions></trkpt>
      <trkpt lon="-117.332619" lat="33.979553"><ele>0.000000</ele><time>2024-10-25T18:32:12Z</time><extensions><speed>1.165441</speed><course>92.776849</course><hAcc>9.647920</hAcc><vAcc>-1.000000</vAcc></extensions></trkpt>
      <trkpt lon="-117.332606" lat="33.979552"><ele>0.000000</ele><time>2024-10-25T18:32:13Z</time><extensions><speed>1.180562</speed><course>93.143456</course><hAcc>9.090494</hAcc><vAcc>-1.000000</vAcc></extensions></trkpt>
      <trkpt lon="-117.332593" lat="33.979551"><ele>0.000000</ele><time>2024-10-25T18:32:14Z</time><extensions><speed>1.188176</speed><course>93.437030</course><hAcc>8.639458</hAcc><vAcc>-1.000000</vAcc></extensions></trkpt>
      <trkpt lon="-117.332580" lat="33.979550"><ele>0.000000</ele><time>2024-10-25T18:32:15Z</time><extensions><speed>1.193014</speed><course>93.631570</course><hAcc>8.270038</hAcc><vAcc>-1.000000</vAcc></extensions></trkpt>
      <trkpt lon="-117.332567" lat="33.979549"><ele>0.000000</ele><time>2024-10-25T18:32:16Z</time><extensions><speed>1.198610</speed><course>93.708785</course><hAcc>7.965473</hAcc><vAcc>-1.000000</vAcc></extensions></trkpt>
      <trkpt lon="-117.332554" lat="33.979548"><ele>0.000000</ele><time>2024-10-25T18:32:17Z</time><extensions><speed>1.204178</speed><course>93.660146</course><hAcc>7.713424</hAcc><vAcc>-1.000000</vAcc></extensions></trkpt>
      <trkpt lon="-117.332541" lat="33.979548"><ele>0.000000</ele><time>2024-10-25T18:32:18Z</time><extensions><speed>1.214556</speed><course>93.466993</course><hAcc>7.504090</hAcc><vAcc>-1.000000</vAcc></extensions></trkpt>
      <trkpt lon="-117.332527" lat="33.979547"><ele>0.000000</ele><time>2024-10-25T18:32:19Z</time><extensions><speed>1.231255</speed><course>93.125893</course><hAcc>7.329348</hAcc><vAcc>-1.000000</vAcc></extensions></trkpt>
      <trkpt lon="-117.332512" lat="33.979548"><ele>0.000000</ele><time>2024-10-25T18:32:20Z</time><extensions><speed>1.255215</speed><course>92.550954</course><hAcc>7.182331</hAcc><vAcc>-1.000000</vAcc></extensions></trkpt>
      <trkpt lon="-117.332497" lat="33.979548"><ele>0.000000</ele><time>2024-10-25T18:32:21Z</time><extensions><speed>1.272020</speed><course>92.221439</course><hAcc>7.057277</hAcc><vAcc>-1.000000</vAcc></extensions></trkpt>
      <trkpt lon="-117.332482" lat="33.979548"><ele>0.000000</ele><time>2024-10-25T18:32:22Z</time><extensions><speed>1.278779</speed><course>92.176806</course><hAcc>6.949397</hAcc><vAcc>-1.000000</vAcc></extensions></trkpt>
      <trkpt lon="-117.332468" lat="33.979548"><ele>0.000000</ele><time>2024-10-25T18:32:23Z</time><extensions><speed>1.274892</speed><course>92.539195</course><hAcc>6.854689</hAcc><vAcc>-1.000000</vAcc></extensions></trkpt>
      <trkpt lon="-117.332454" lat="33.979547"><ele>0.000000</ele><time>2024-10-25T18:32:24Z</time><extensions><speed>1.261148</speed><course>93.540425</course><hAcc>6.769911</hAcc><vAcc>-1.000000</vAcc></extensions></trkpt>
      <trkpt lon="-117.332440" lat="33.979546"><ele>0.000000</ele><time>2024-10-25T18:32:25Z</time><extensions><speed>1.234220</speed><course>95.250158</course><hAcc>6.692543</hAcc><vAcc>-1.000000</vAcc></extensions></trkpt>
      <trkpt lon="-117.332427" lat="33.979544"><ele>0.000000</ele><time>2024-10-25T18:32:26Z</time><extensions><speed>1.191815</speed><course>98.057396</course><hAcc>6.620547</hAcc><vAcc>-1.000000</vAcc></extensions></trkpt>
      <trkpt lon="-117.332414" lat="33.979542"><ele>0.000000</ele><time>2024-10-25T18:32:27Z</time><extensions><speed>1.133575</speed><course>102.584047</course><hAcc>6.552332</hAcc><vAcc>-1.000000</vAcc></extensions></trkpt>
      <trkpt lon="-117.332403" lat="33.979539"><ele>0.000000</ele><time>2024-10-25T18:32:28Z</time><extensions><speed>1.059926</speed><course>109.897601</course><hAcc>6.486689</hAcc><vAcc>-1.000000</vAcc></extensions></trkpt>
      <trkpt lon="-117.332393" lat="33.979535"><ele>0.000000</ele><time>2024-10-25T18:32:29Z</time><extensions><speed>0.984198</speed><course>121.779882</course><hAcc>6.422713</hAcc><vAcc>-1.000000</vAcc></extensions></trkpt>
      <trkpt lon="-117.332386" lat="33.979530"><ele>0.000000</ele><time>2024-10-25T18:32:30Z</time><extensions><speed>0.950490</speed><course>140.298406</course><hAcc>6.359719</hAcc><vAcc>-1.000000</vAcc></extensions></trkpt>
      <trkpt lon="-117.332380" lat="33.979522"><ele>0.000000</ele><time>2024-10-25T18:32:31Z</time><extensions><speed>0.982277</speed><course>153.864069</course><hAcc>6.297173</hAcc><vAcc>-1.000000</vAcc></extensions></trkpt>
      <trkpt lon="-117.332377" lat="33.979514"><ele>0.000000</ele><time>2024-10-25T18:32:32Z</time><extensions><speed>1.039023</speed><course>163.338635</course><hAcc>6.234633</hAcc><vAcc>-1.000000</vAcc></extensions></trkpt>
      <trkpt lon="-117.332374" lat="33.979505"><ele>0.000000</ele><time>2024-10-25T18:32:33Z</time><extensions><speed>1.092769</speed><course>169.876541</course><hAcc>6.171759</hAcc><vAcc>-1.000000</vAcc></extensions></trkpt>
      <trkpt lon="-117.332373" lat="33.979495"><ele>0.000000</ele><time>2024-10-25T18:32:34Z</time><extensions><speed>1.126234</speed><course>174.520603</course><hAcc>6.108331</hAcc><vAcc>-1.000000</vAcc></extensions></trkpt>
      <trkpt lon="-117.332373" lat="33.979485"><ele>0.000000</ele><time>2024-10-25T18:32:35Z</time><extensions><speed>1.156275</speed><course>177.999646</course><hAcc>6.044143</hAcc><vAcc>-1.000000</vAcc></extensions></trkpt>
      <trkpt lon="-117.332373" lat="33.979475"><ele>0.000000</ele><time>2024-10-25T18:32:36Z</time><extensions><speed>1.179417</speed><course>180.731525</course><hAcc>5.979054</hAcc><vAcc>-1.000000</vAcc></extensions></trkpt>
      <trkpt lon="-117.332374" lat="33.979464"><ele>0.000000</ele><time>2024-10-25T18:32:37Z</time><extensions><speed>1.190558</speed><course>182.956463</course><hAcc>5.912950</hAcc><vAcc>-1.000000</vAcc></extensions></trkpt>
      <trkpt lon="-117.332375" lat="33.979453"><ele>0.000000</ele><time>2024-10-25T18:32:38Z</time><extensions><speed>1.190247</speed><course>184.856991</course><hAcc>5.845747</hAcc><vAcc>-1.000000</vAcc></extensions></trkpt>
      <trkpt lon="-117.332377" lat="33.979443"><ele>0.000000</ele><time>2024-10-25T18:32:39Z</time><extensions><speed>1.184550</speed><course>186.522209</course><hAcc>5.777340</hAcc><vAcc>-1.000000</vAcc></extensions></trkpt>
      <trkpt lon="-117.332379" lat="33.979433"><ele>0.000000</ele><time>2024-10-25T18:32:40Z</time><extensions><speed>1.181057</speed><course>187.940469</course><hAcc>5.707607</hAcc><vAcc>-1.000000</vAcc></extensions></trkpt>
      <trkpt lon="-117.332381" lat="33.979423"><ele>0.000000</ele><time>2024-10-25T18:32:41Z</time><extensions><speed>1.177972</speed><course>189.135931</course><hAcc>5.636481</hAcc><vAcc>-1.000000</vAcc></extensions></trkpt>
      <trkpt lon="-117.332384" lat="33.979413"><ele>0.000000</ele><time>2024-10-25T18:32:42Z</time><extensions><speed>1.165485</speed><course>190.211428</course><hAcc>5.563864</hAcc><vAcc>-1.000000</vAcc></extensions></trkpt>
      <trkpt lon="-117.332387" lat="33.979403"><ele>0.000000</ele><time>2024-10-25T18:32:43Z</time><extensions><speed>1.137143</speed><course>191.271343</course><hAcc>5.489653</hAcc><vAcc>-1.000000</vAcc></extensions></trkpt>
      <trkpt lon="-117.332388" lat="33.979393"><ele>0.000000</ele><time>2024-10-25T18:32:44Z</time><extensions><speed>1.125256</speed><course>190.293166</course><hAcc>5.413768</hAcc><vAcc>-1.000000</vAcc></extensions></trkpt>
      <trkpt lon="-117.332390" lat="33.979382"><ele>0.000000</ele><time>2024-10-25T18:32:45Z</time><extensions><speed>1.118794</speed><course>189.400445</course><hAcc>5.336128</hAcc><vAcc>-1.000000</vAcc></extensions></trkpt>
      <trkpt lon="-117.332392" lat="33.979372"><ele>0.000000</ele><time>2024-10-25T18:32:46Z</time><extensions><speed>1.107116</speed><course>188.199190</course><hAcc>5.256625</hAcc><vAcc>-1.000000</vAcc></extensions></trkpt>
      <trkpt lon="-117.332394" lat="33.979361"><ele>0.000000</ele><time>2024-10-25T18:32:47Z</time><extensions><speed>1.091855</speed><course>186.599725</course><hAcc>5.175143</hAcc><vAcc>-1.000000</vAcc></extensions></trkpt>
      <trkpt lon="-117.332395" lat="33.979351"><ele>0.000000</ele><time>2024-10-25T18:32:48Z</time><extensions><speed>1.081486</speed><course>184.549079</course><hAcc>5.091517</hAcc><vAcc>-1.000000</vAcc></extensions></trkpt>
      <trkpt lon="-117.332396" lat="33.979341"><ele>0.000000</ele><time>2024-10-25T18:32:49Z</time><extensions><speed>1.071951</speed><course>182.045517</course><hAcc>5.005538</hAcc><vAcc>-1.000000</vAcc></extensions></trkpt>
      <trkpt lon="-117.332396" lat="33.979331"><ele>0.000000</ele><time>2024-10-25T18:32:50Z</time><extensions><speed>1.051787</speed><course>178.529584</course><hAcc>4.916942</hAcc><vAcc>-1.000000</vAcc></extensions></trkpt>
      <trkpt lon="-117.332396" lat="33.979322"><ele>0.000000</ele><time>2024-10-25T18:32:51Z</time><extensions><speed>1.046932</speed><course>174.055756</course><hAcc>4.825412</hAcc><vAcc>-1.000000</vAcc></extensions></trkpt>
      <trkpt lon="-117.332395" lat="33.979312"><ele>0.000000</ele><time>2024-10-25T18:32:52Z</time><extensions><speed>1.056671</speed><course>168.836685</course><hAcc>4.729238</hAcc><vAcc>-1.000000</vAcc></extensions></trkpt>
      <trkpt lon="-117.332391" lat="33.979303"><ele>0.000000</ele><time>2024-10-25T18:32:53Z</time><extensions><speed>1.054099</speed><course>161.566667</course><hAcc>4.628763</hAcc><vAcc>-1.000000</vAcc></extensions></trkpt>
      <trkpt lon="-117.332387" lat="33.979294"><ele>0.000000</ele><time>2024-10-25T18:32:54Z</time><extensions><speed>1.020592</speed><course>152.147626</course><hAcc>4.522763</hAcc><vAcc>-1.000000</vAcc></extensions></trkpt>
      <trkpt lon="-117.332381" lat="33.979287"><ele>0.000000</ele><time>2024-10-25T18:32:55Z</time><extensions><speed>0.968242</speed><course>138.141849</course><hAcc>4.409927</hAcc><vAcc>-1.000000</vAcc></extensions></trkpt>
      <trkpt lon="-117.332374" lat="33.979281"><ele>0.000000</ele><time>2024-10-25T18:32:56Z</time><extensions><speed>0.941118</speed><course>128.054744</course><hAcc>4.288939</hAcc><vAcc>-1.000000</vAcc></extensions></trkpt>
      <trkpt lon="-117.332366" lat="33.979276"><ele>0.000000</ele><time>2024-10-25T18:32:57Z</time><extensions><speed>0.924654</speed><course>120.637158</course><hAcc>4.158459</hAcc><vAcc>-1.000000</vAcc></extensions></trkpt>
      <trkpt lon="-117.332357" lat="33.979272"><ele>0.000000</ele><time>2024-10-25T18:32:58Z</time><extensions><speed>0.921019</speed><course>114.877133</course><hAcc>4.017288</hAcc><vAcc>-1.000000</vAcc></extensions></trkpt>
      <trkpt lon="-117.332348" lat="33.979269"><ele>0.000000</ele><time>2024-10-25T18:32:59Z</time><extensions><speed>0.931438</speed><course>110.276672</course><hAcc>3.865116</hAcc><vAcc>-1.000000</vAcc></extensions></trkpt>
      <trkpt lon="-117.332338" lat="33.979266"><ele>0.000000</ele><time>2024-10-25T18:33:00Z</time><extensions><speed>0.948588</speed><course>106.644283</course><hAcc>3.704266</hAcc><vAcc>-1.000000</vAcc></extensions></trkpt>
      <trkpt lon="-117.332328" lat="33.979264"><ele>0.000000</ele><time>2024-10-25T18:33:01Z</time><extensions><speed>0.988018</speed><course>103.413196</course><hAcc>3.542882</hAcc><vAcc>-1.000000</vAcc></extensions></trkpt>
      <trkpt lon="-117.332318" lat="33.979262"><ele>0.000000</ele><time>2024-10-25T18:33:02Z</time><extensions><speed>1.041424</speed><course>100.529440</course><hAcc>3.399243</hAcc><vAcc>-1.000000</vAcc></extensions></trkpt>
      <trkpt lon="-117.332307" lat="33.979261"><ele>0.000000</ele><time>2024-10-25T18:33:03Z</time><extensions><speed>1.011845</speed><course>98.676548</course><hAcc>3.298063</hAcc><vAcc>-1.000000</vAcc></extensions></trkpt>
      <trkpt lon="-117.332296" lat="33.979259"><ele>0.000000</ele><time>2024-10-25T18:33:04Z</time><extensions><speed>1.063880</speed><course>96.287028</course><hAcc>3.256829</hAcc><vAcc>-1.000000</vAcc></extensions></trkpt>
      <trkpt lon="-117.332284" lat="33.979259"><ele>0.000000</ele><time>2024-10-25T18:33:05Z</time><extensions><speed>1.186211</speed><course>93.879413</course><hAcc>3.278502</hAcc><vAcc>-1.000000</vAcc></extensions></trkpt>
      <trkpt lon="-117.332270" lat="33.979258"><ele>0.000000</ele><time>2024-10-25T18:33:06Z</time><extensions><speed>1.300563</speed><course>91.944238</course><hAcc>3.351971</hAcc><vAcc>-1.000000</vAcc></extensions></trkpt>
      <trkpt lon="-117.332256" lat="33.979258"><ele>0.000000</ele><time>2024-10-25T18:33:07Z</time><extensions><speed>1.398965</speed><course>90.422798</course><hAcc>3.458616</hAcc><vAcc>-1.000000</vAcc></extensions></trkpt>
      <trkpt lon="-117.332240" lat="33.979258"><ele>0.000000</ele><time>2024-10-25T18:33:08Z</time><extensions><speed>1.467961</speed><course>89.265189</course><hAcc>3.581181</hAcc><vAcc>-1.000000</vAcc></extensions></trkpt>
      <trkpt lon="-117.332224" lat="33.979258"><ele>0.000000</ele><time>2024-10-25T18:33:09Z</time><extensions><speed>1.509410</speed><course>88.382475</course><hAcc>3.707715</hAcc><vAcc>-1.000000</vAcc></extensions></trkpt>
      <trkpt lon="-117.332208" lat="33.979259"><ele>0.000000</ele><time>2024-10-25T18:33:10Z</time><extensions><speed>1.528720</speed><course>87.732621</course><hAcc>3.831310</hAcc><vAcc>-1.000000</vAcc></extensions></trkpt>
      <trkpt lon="-117.332191" lat="33.979259"><ele>0.000000</ele><time>2024-10-25T18:33:11Z</time><extensions><speed>1.538821</speed><course>87.312301</course><hAcc>3.948601</hAcc><vAcc>-1.000000</vAcc></extensions></trkpt>
      <trkpt lon="-117.332175" lat="33.979260"><ele>0.000000</ele><time>2024-10-25T18:33:12Z</time><extensions><speed>1.543007</speed><course>87.101360</course><hAcc>4.058314</hAcc><vAcc>-1.000000</vAcc></extensions></trkpt>
      <trkpt lon="-117.332157" lat="33.979261"><ele>0.000000</ele><time>2024-10-25T18:33:13Z</time><extensions><speed>1.543496</speed><course>87.065830</course><hAcc>4.160385</hAcc><vAcc>-1.000000</vAcc></extensions></trkpt>
      <trkpt lon="-117.332141" lat="33.979261"><ele>0.000000</ele><time>2024-10-25T18:33:14Z</time><extensions><speed>1.531056</speed><course>87.155994</course><hAcc>4.255249</hAcc><vAcc>-1.000000</vAcc></extensions></trkpt>
      <trkpt lon="-117.332124" lat="33.979262"><ele>0.000000</ele><time>2024-10-25T18:33:15Z</time><extensions><speed>1.506349</speed><course>87.358180</course><hAcc>4.343567</hAcc><vAcc>-1.000000</vAcc></extensions></trkpt>
      <trkpt lon="-117.332108" lat="33.979263"><ele>0.000000</ele><time>2024-10-25T18:33:16Z</time><extensions><speed>1.476039</speed><course>87.672817</course><hAcc>4.426081</hAcc><vAcc>-1.000000</vAcc></extensions></trkpt>
      <trkpt lon="-117.332092" lat="33.979263"><ele>0.000000</ele><time>2024-10-25T18:33:17Z</time><extensions><speed>1.439287</speed><course>88.070360</course><hAcc>4.503534</hAcc><vAcc>-1.000000</vAcc></extensions></trkpt>
      <trkpt lon="-117.332078" lat="33.979264"><ele>0.000000</ele><time>2024-10-25T18:33:18Z</time><extensions><speed>1.383653</speed><course>88.493922</course><hAcc>4.576591</hAcc><vAcc>-1.000000</vAcc></extensions></trkpt>
      <trkpt lon="-117.332064" lat="33.979264"><ele>0.000000</ele><time>2024-10-25T18:33:19Z</time><extensions><speed>1.309527</speed><course>88.904263</course><hAcc>4.645911</hAcc><vAcc>-1.000000</vAcc></extensions></trkpt>
      <trkpt lon="-117.332050" lat="33.979264"><ele>0.000000</ele><time>2024-10-25T18:33:20Z</time><extensions><speed>1.212075</speed><course>89.281982</course><hAcc>4.712114</hAcc><vAcc>-1.000000</vAcc></extensions></trkpt>
      <trkpt lon="-117.332038" lat="33.979264"><ele>0.000000</ele><time>2024-10-25T18:33:21Z</time><extensions><speed>1.077766</speed><course>89.624583</course><hAcc>4.775765</hAcc><vAcc>-1.000000</vAcc></extensions></trkpt>
      <trkpt lon="-117.332028" lat="33.979264"><ele>0.000000</ele><time>2024-10-25T18:33:22Z</time><extensions><speed>0.910305</speed><course>89.966246</course><hAcc>4.837296</hAcc><vAcc>-1.000000</vAcc></extensions></trkpt>
      <trkpt lon="-117.332019" lat="33.979264"><ele>0.000000</ele><time>2024-10-25T18:33:23Z</time><extensions><speed>0.729417</speed><course>90.377423</course><hAcc>4.896882</hAcc><vAcc>-1.000000</vAcc></extensions></trkpt>
      <trkpt lon="-117.332012" lat="33.979264"><ele>0.000000</ele><time>2024-10-25T18:33:24Z</time><extensions><speed>0.625400</speed><course>90.875690</course><hAcc>4.954349</hAcc><vAcc>-1.000000</vAcc></extensions></trkpt>
      <trkpt lon="-117.332005" lat="33.979264"><ele>0.000000</ele><time>2024-10-25T18:33:25Z</time><extensions><speed>0.594390</speed><course>91.346336</course><hAcc>5.009315</hAcc><vAcc>-1.000000</vAcc></extensions></trkpt>
      <trkpt lon="-117.331998" lat="33.979264"><ele>0.000000</ele><time>2024-10-25T18:33:26Z</time><extensions><speed>0.631181</speed><course>91.650354</course><hAcc>5.061387</hAcc><vAcc>-1.000000</vAcc></extensions></trkpt>
      <trkpt lon="-117.331991" lat="33.979263"><ele>0.000000</ele><time>2024-10-25T18:33:27Z</time><extensions><speed>0.735794</speed><course>91.734402</course><hAcc>5.110266</hAcc><vAcc>-1.000000</vAcc></extensions></trkpt>
      <trkpt lon="-117.331982" lat="33.979263"><ele>0.000000</ele><time>2024-10-25T18:33:28Z</time><extensions><speed>0.913679</speed><course>91.644480</course><hAcc>5.155821</hAcc><vAcc>-1.000000</vAcc></extensions></trkpt>
      <trkpt lon="-117.331972" lat="33.979263"><ele>0.000000</ele><time>2024-10-25T18:33:29Z</time><extensions><speed>1.049418</speed><course>91.610254</course><hAcc>5.198094</hAcc><vAcc>-1.000000</vAcc></extensions></trkpt>
      <trkpt lon="-117.331960" lat="33.979262"><ele>0.000000</ele><time>2024-10-25T18:33:30Z</time><extensions><speed>1.155711</speed><course>91.592381</course><hAcc>5.237237</hAcc><vAcc>-1.000000</vAcc></extensions></trkpt>
      <trkpt lon="-117.331947" lat="33.979262"><ele>0.000000</ele><time>2024-10-25T18:33:31Z</time><extensions><speed>1.233250</speed><course>91.600602</course><hAcc>5.273443</hAcc><vAcc>-1.000000</vAcc></extensions></trkpt>
      <trkpt lon="-117.331933" lat="33.979262"><ele>0.000000</ele><time>2024-10-25T18:33:32Z</time><extensions><speed>1.286958</speed><course>91.601748</course><hAcc>5.306904</hAcc><vAcc>-1.000000</vAcc></extensions></trkpt>
      <trkpt lon="-117.331919" lat="33.979261"><ele>0.000000</ele><time>2024-10-25T18:33:33Z</time><extensions><speed>1.325709</speed><course>91.546458</course><hAcc>5.337807</hAcc><vAcc>-1.000000</vAcc></extensions></trkpt>
      <trkpt lon="-117.331905" lat="33.979261"><ele>0.000000</ele><time>2024-10-25T18:33:34Z</time><extensions><speed>1.350333</speed><course>91.499901</course><hAcc>5.366303</hAcc><vAcc>-1.000000</vAcc></extensions></trkpt>
      <trkpt lon="-117.331890" lat="33.979261"><ele>0.000000</ele><time>2024-10-25T18:33:35Z</time><extensions><speed>1.367825</speed><course>91.453537</course><hAcc>5.392514</hAcc><vAcc>-1.000000</vAcc></extensions></trkpt>
      <trkpt lon="-117.331876" lat="33.979260"><ele>0.000000</ele><time>2024-10-25T18:33:36Z</time><extensions><speed>1.385136</speed><course>91.400967</course><hAcc>5.416548</hAcc><vAcc>-1.000000</vAcc></extensions></trkpt>
      <trkpt lon="-117.331861" lat="33.979260"><ele>0.000000</ele><time>2024-10-25T18:33:37Z</time><extensions><speed>1.404770</speed><course>91.342724</course><hAcc>5.438520</hAcc><vAcc>-1.000000</vAcc></extensions></trkpt>
      <trkpt lon="-117.331845" lat="33.979260"><ele>0.000000</ele><time>2024-10-25T18:33:38Z</time><extensions><speed>1.424872</speed><course>91.284602</course><hAcc>5.458501</hAcc><vAcc>-1.000000</vAcc></extensions></trkpt>
      <trkpt lon="-117.331830" lat="33.979259"><ele>0.000000</ele><time>2024-10-25T18:33:39Z</time><extensions><speed>1.439647</speed><course>91.236913</course><hAcc>5.476543</hAcc><vAcc>-1.000000</vAcc></extensions></trkpt>
      <trkpt lon="-117.331814" lat="33.979259"><ele>0.000000</ele><time>2024-10-25T18:33:40Z</time><extensions><speed>1.449097</speed><course>91.171594</course><hAcc>5.492689</hAcc><vAcc>-1.000000</vAcc></extensions></trkpt>
      <trkpt lon="-117.331798" lat="33.979259"><ele>0.000000</ele><time>2024-10-25T18:33:41Z</time><extensions><speed>1.455356</speed><course>91.095149</course><hAcc>5.506975</hAcc><vAcc>-1.000000</vAcc></extensions></trkpt>
      <trkpt lon="-117.331783" lat="33.979259"><ele>0.000000</ele><time>2024-10-25T18:33:42Z</time><extensions><speed>1.462228</speed><course>91.019547</course><hAcc>5.519441</hAcc><vAcc>-1.000000</vAcc></extensions></trkpt>
      <trkpt lon="-117.331767" lat="33.979258"><ele>0.000000</ele><time>2024-10-25T18:33:43Z</time><extensions><speed>1.471845</speed><course>90.963171</course><hAcc>5.530110</hAcc><vAcc>-1.000000</vAcc></extensions></trkpt>
      <trkpt lon="-117.331751" lat="33.979258"><ele>0.000000</ele><time>2024-10-25T18:33:44Z</time><extensions><speed>1.476813</speed><course>90.936414</course><hAcc>5.538994</hAcc><vAcc>-1.000000</vAcc></extensions></trkpt>
      <trkpt lon="-117.331735" lat="33.979258"><ele>0.000000</ele><time>2024-10-25T18:33:45Z</time><extensions><speed>1.473069</speed><course>90.916867</course><hAcc>5.546109</hAcc><vAcc>-1.000000</vAcc></extensions></trkpt>
      <trkpt lon="-117.331719" lat="33.979258"><ele>0.000000</ele><time>2024-10-25T18:33:46Z</time><extensions><speed>1.473874</speed><course>90.889314</course><hAcc>5.551470</hAcc><vAcc>-1.000000</vAcc></extensions></trkpt>
      <trkpt lon="-117.331704" lat="33.979257"><ele>0.000000</ele><time>2024-10-25T18:33:47Z</time><extensions><speed>1.480514</speed><course>90.874896</course><hAcc>5.555084</hAcc><vAcc>-1.000000</vAcc></extensions></trkpt>
      <trkpt lon="-117.331688" lat="33.979257"><ele>0.000000</ele><time>2024-10-25T18:33:48Z</time><extensions><speed>1.479298</speed><course>90.854712</course><hAcc>5.556946</hAcc><vAcc>-1.000000</vAcc></extensions></trkpt>
      <trkpt lon="-117.331672" lat="33.979257"><ele>0.000000</ele><time>2024-10-25T18:33:49Z</time><extensions><speed>1.476201</speed><course>90.821672</course><hAcc>5.557048</hAcc><vAcc>-1.000000</vAcc></extensions></trkpt>
      <trkpt lon="-117.331656" lat="33.979257"><ele>0.000000</ele><time>2024-10-25T18:33:50Z</time><extensions><speed>1.476140</speed><course>90.782468</course><hAcc>5.555388</hAcc><vAcc>-1.000000</vAcc></extensions></trkpt>
      <trkpt lon="-117.331640" lat="33.979257"><ele>0.000000</ele><time>2024-10-25T18:33:51Z</time><extensions><speed>1.477568</speed><course>90.734274</course><hAcc>5.551964</hAcc><vAcc>-1.000000</vAcc></extensions></trkpt>
      <trkpt lon="-117.331624" lat="33.979256"><ele>0.000000</ele><time>2024-10-25T18:33:52Z</time><extensions><speed>1.481453</speed><course>90.674632</course><hAcc>5.546770</hAcc><vAcc>-1.000000</vAcc></extensions></trkpt>
      <trkpt lon="-117.331608" lat="33.979256"><ele>0.000000</ele><time>2024-10-25T18:33:53Z</time><extensions><speed>1.487198</speed><course>90.603262</course><hAcc>5.539799</hAcc><vAcc>-1.000000</vAcc></extensions></trkpt>
      <trkpt lon="-117.331592" lat="33.979256"><ele>0.000000</ele><time>2024-10-25T18:33:54Z</time><extensions><speed>1.492337</speed><course>90.449560</course><hAcc>5.531039</hAcc><vAcc>-1.000000</vAcc></extensions></trkpt>
      <trkpt lon="-117.331576" lat="33.979256"><ele>0.000000</ele><time>2024-10-25T18:33:55Z</time><extensions><speed>1.499115</speed><course>90.242033</course><hAcc>5.520499</hAcc><vAcc>-1.000000</vAcc></extensions></trkpt>
      <trkpt lon="-117.331560" lat="33.979256"><ele>0.000000</ele><time>2024-10-25T18:33:56Z</time><extensions><speed>1.506897</speed><course>89.979876</course><hAcc>5.508172</hAcc><vAcc>-1.000000</vAcc></extensions></trkpt>
      <trkpt lon="-117.331543" lat="33.979257"><ele>0.000000</ele><time>2024-10-25T18:33:57Z</time><extensions><speed>1.513325</speed><course>89.656817</course><hAcc>5.494024</hAcc><vAcc>-1.000000</vAcc></extensions></trkpt>
      <trkpt lon="-117.331527" lat="33.979257"><ele>0.000000</ele><time>2024-10-25T18:33:58Z</time><extensions><speed>1.514605</speed><course>89.262807</course><hAcc>5.478014</hAcc><vAcc>-1.000000</vAcc></extensions></trkpt>
      <trkpt lon="-117.331510" lat="33.979257"><ele>0.000000</ele><time>2024-10-25T18:33:59Z</time><extensions><speed>1.517241</speed><course>88.796422</course><hAcc>5.460112</hAcc><vAcc>-1.000000</vAcc></extensions></trkpt>
      <trkpt lon="-117.331494" lat="33.979258"><ele>0.000000</ele><time>2024-10-25T18:34:00Z</time><extensions><speed>1.521114</speed><course>88.254915</course><hAcc>5.440293</hAcc><vAcc>-1.000000</vAcc></extensions></trkpt>
      <trkpt lon="-117.331477" lat="33.979259"><ele>0.000000</ele><time>2024-10-25T18:34:01Z</time><extensions><speed>1.525900</speed><course>87.639927</course><hAcc>5.418532</hAcc><vAcc>-1.000000</vAcc></extensions></trkpt>
      <trkpt lon="-117.331460" lat="33.979260"><ele>0.000000</ele><time>2024-10-25T18:34:02Z</time><extensions><speed>1.532383</speed><course>86.960200</course><hAcc>5.394814</hAcc><vAcc>-1.000000</vAcc></extensions></trkpt>
      <trkpt lon="-117.331443" lat="33.979261"><ele>0.000000</ele><time>2024-10-25T18:34:03Z</time><extensions><speed>1.544769</speed><course>86.252433</course><hAcc>5.369100</hAcc><vAcc>-1.000000</vAcc></extensions></trkpt>
      <trkpt lon="-117.331426" lat="33.979262"><ele>0.000000</ele><time>2024-10-25T18:34:04Z</time><extensions><speed>1.563091</speed><course>85.562965</course><hAcc>5.341341</hAcc><vAcc>-1.000000</vAcc></extensions></trkpt>
      <trkpt lon="-117.331409" lat="33.979264"><ele>0.000000</ele><time>2024-10-25T18:34:05Z</time><extensions><speed>1.583815</speed><course>84.922499</course><hAcc>5.311485</hAcc><vAcc>-1.000000</vAcc></extensions></trkpt>
      <trkpt lon="-117.331391" lat="33.979265"><ele>0.000000</ele><time>2024-10-25T18:34:06Z</time><extensions><speed>1.601891</speed><course>84.336963</course><hAcc>5.279459</hAcc><vAcc>-1.000000</vAcc></extensions></trkpt>
      <trkpt lon="-117.331373" lat="33.979267"><ele>0.000000</ele><time>2024-10-25T18:34:07Z</time><extensions><speed>1.622026</speed><course>83.828888</course><hAcc>5.245269</hAcc><vAcc>-1.000000</vAcc></extensions></trkpt>
      <trkpt lon="-117.331355" lat="33.979269"><ele>0.000000</ele><time>2024-10-25T18:34:08Z</time><extensions><speed>1.645146</speed><course>83.609299</course><hAcc>5.208964</hAcc><vAcc>-1.000000</vAcc></extensions></trkpt>
      <trkpt lon="-117.331336" lat="33.979271"><ele>0.000000</ele><time>2024-10-25T18:34:09Z</time><extensions><speed>1.679698</speed><course>83.388129</course><hAcc>5.170644</hAcc><vAcc>-1.000000</vAcc></extensions></trkpt>
      <trkpt lon="-117.331317" lat="33.979273"><ele>0.000000</ele><time>2024-10-25T18:34:10Z</time><extensions><speed>1.706735</speed><course>83.621582</course><hAcc>5.130436</hAcc><vAcc>-1.000000</vAcc></extensions></trkpt>
      <trkpt lon="-117.331298" lat="33.979275"><ele>0.000000</ele><time>2024-10-25T18:34:11Z</time><extensions><speed>1.725750</speed><course>84.301852</course><hAcc>5.088547</hAcc><vAcc>-1.000000</vAcc></extensions></trkpt>
      <trkpt lon="-117.331279" lat="33.979277"><ele>0.000000</ele><time>2024-10-25T18:34:12Z</time><extensions><speed>1.737538</speed><course>85.532964</course><hAcc>5.045324</hAcc><vAcc>-1.000000</vAcc></extensions></trkpt>
      <trkpt lon="-117.331260" lat="33.979277"><ele>0.000000</ele><time>2024-10-25T18:34:13Z</time><extensions><speed>1.731372</speed><course>87.410840</course><hAcc>5.001224</hAcc><vAcc>-1.000000</vAcc></extensions></trkpt>
      <trkpt lon="-117.331241" lat="33.979277"><ele>0.000000</ele><time>2024-10-25T18:34:14Z</time><extensions><speed>1.709914</speed><course>90.135676</course><hAcc>4.956834</hAcc><vAcc>-1.000000</vAcc></extensions></trkpt>
      <trkpt lon="-117.331223" lat="33.979277"><ele>0.000000</ele><time>2024-10-25T18:34:15Z</time><extensions><speed>1.665063</speed><course>94.074796</course><hAcc>4.912965</hAcc><vAcc>-1.000000</vAcc></extensions></trkpt>
      <trkpt lon="-117.331205" lat="33.979274"><ele>0.000000</ele><time>2024-10-25T18:34:16Z</time><extensions><speed>1.580298</speed><course>99.894964</course><hAcc>4.870526</hAcc><vAcc>-1.000000</vAcc></extensions></trkpt>
      <trkpt lon="-117.331189" lat="33.979271"><ele>0.000000</ele><time>2024-10-25T18:34:17Z</time><extensions><speed>1.476821</speed><course>108.446422</course><hAcc>4.830516</hAcc><vAcc>-1.000000</vAcc></extensions></trkpt>
      <trkpt lon="-117.331175" lat="33.979265"><ele>0.000000</ele><time>2024-10-25T18:34:18Z</time><extensions><speed>1.376779</speed><course>121.190278</course><hAcc>4.793768</hAcc><vAcc>-1.000000</vAcc></extensions></trkpt>
      <trkpt lon="-117.331164" lat="33.979257"><ele>0.000000</ele><time>2024-10-25T18:34:19Z</time><extensions><speed>1.347386</speed><course>139.320228</course><hAcc>4.760943</hAcc><vAcc>-1.000000</vAcc></extensions></trkpt>
      <trkpt lon="-117.331156" lat="33.979247"><ele>0.000000</ele><time>2024-10-25T18:34:20Z</time><extensions><speed>1.412701</speed><course>152.396997</course><hAcc>4.732495</hAcc><vAcc>-1.000000</vAcc></extensions></trkpt>
      <trkpt lon="-117.331150" lat="33.979235"><ele>0.000000</ele><time>2024-10-25T18:34:21Z</time><extensions><speed>1.503021</speed><course>161.036261</course><hAcc>4.708674</hAcc><vAcc>-1.000000</vAcc></extensions></trkpt>
      <trkpt lon="-117.331145" lat="33.979222"><ele>0.000000</ele><time>2024-10-25T18:34:22Z</time><extensions><speed>1.572456</speed><course>166.555474</course><hAcc>4.689497</hAcc><vAcc>-1.000000</vAcc></extensions></trkpt>
      <trkpt lon="-117.331142" lat="33.979208"><ele>0.000000</ele><time>2024-10-25T18:34:23Z</time><extensions><speed>1.614249</speed><course>170.180891</course><hAcc>4.674763</hAcc><vAcc>-1.000000</vAcc></extensions></trkpt>
      <trkpt lon="-117.331139" lat="33.979193"><ele>0.000000</ele><time>2024-10-25T18:34:24Z</time><extensions><speed>1.632940</speed><course>172.616650</course><hAcc>4.664056</hAcc><vAcc>-1.000000</vAcc></extensions></trkpt>
      <trkpt lon="-117.331137" lat="33.979178"><ele>0.000000</ele><time>2024-10-25T18:34:25Z</time><extensions><speed>1.622946</speed><course>174.182869</course><hAcc>4.656747</hAcc><vAcc>-1.000000</vAcc></extensions></trkpt>
      <trkpt lon="-117.331136" lat="33.979164"><ele>0.000000</ele><time>2024-10-25T18:34:26Z</time><extensions><speed>1.601781</speed><course>175.097731</course><hAcc>4.651933</hAcc><vAcc>-1.000000</vAcc></extensions></trkpt>
      <trkpt lon="-117.331135" lat="33.979149"><ele>0.000000</ele><time>2024-10-25T18:34:27Z</time><extensions><speed>1.580506</speed><course>177.357194</course><hAcc>4.648530</hAcc><vAcc>-1.000000</vAcc></extensions></trkpt>
      <trkpt lon="-117.331134" lat="33.979135"><ele>0.000000</ele><time>2024-10-25T18:34:28Z</time><extensions><speed>1.572214</speed><course>179.151827</course><hAcc>4.645315</hAcc><vAcc>-1.000000</vAcc></extensions></trkpt>
      <trkpt lon="-117.331134" lat="33.979121"><ele>0.000000</ele><time>2024-10-25T18:34:29Z</time><extensions><speed>1.561705</speed><course>180.544284</course><hAcc>4.641181</hAcc><vAcc>-1.000000</vAcc></extensions></trkpt>
      <trkpt lon="-117.331135" lat="33.979107"><ele>0.000000</ele><time>2024-10-25T18:34:30Z</time><extensions><speed>1.550248</speed><course>181.629350</course><hAcc>4.635221</hAcc><vAcc>-1.000000</vAcc></extensions></trkpt>
      <trkpt lon="-117.331136" lat="33.979093"><ele>0.000000</ele><time>2024-10-25T18:34:31Z</time><extensions><speed>1.542355</speed><course>182.461356</course><hAcc>4.626801</hAcc><vAcc>-1.000000</vAcc></extensions></trkpt>
      <trkpt lon="-117.331136" lat="33.979080"><ele>0.000000</ele><time>2024-10-25T18:34:32Z</time><extensions><speed>1.526188</speed><course>183.096104</course><hAcc>4.615569</hAcc><vAcc>-1.000000</vAcc></extensions></trkpt>
      <trkpt lon="-117.331137" lat="33.979066"><ele>0.000000</ele><time>2024-10-25T18:34:33Z</time><extensions><speed>1.470708</speed><course>183.653805</course><hAcc>4.601413</hAcc><vAcc>-1.000000</vAcc></extensions></trkpt>
      <trkpt lon="-117.331139" lat="33.979054"><ele>0.000000</ele><time>2024-10-25T18:34:34Z</time><extensions><speed>1.384072</speed><course>184.192274</course><hAcc>4.584290</hAcc><vAcc>-1.000000</vAcc></extensions></trkpt>
      <trkpt lon="-117.331140" lat="33.979042"><ele>0.000000</ele><time>2024-10-25T18:34:35Z</time><extensions><speed>1.297510</speed><course>184.691035</course><hAcc>4.564069</hAcc><vAcc>-1.000000</vAcc></extensions></trkpt>
      <trkpt lon="-117.331141" lat="33.979030"><ele>0.000000</ele><time>2024-10-25T18:34:36Z</time><extensions><speed>1.241904</speed><course>185.056462</course><hAcc>4.540504</hAcc><vAcc>-1.000000</vAcc></extensions></trkpt>
      <trkpt lon="-117.331142" lat="33.979019"><ele>0.000000</ele><time>2024-10-25T18:34:37Z</time><extensions><speed>1.227256</speed><course>185.235542</course><hAcc>4.513274</hAcc><vAcc>-1.000000</vAcc></extensions></trkpt>
      <trkpt lon="-117.331144" lat="33.979008"><ele>0.000000</ele><time>2024-10-25T18:34:38Z</time><extensions><speed>1.236848</speed><course>185.281404</course><hAcc>4.482072</hAcc><vAcc>-1.000000</vAcc></extensions></trkpt>
      <trkpt lon="-117.331145" lat="33.978997"><ele>0.000000</ele><time>2024-10-25T18:34:39Z</time><extensions><speed>1.257082</speed><course>185.252927</course><hAcc>4.446633</hAcc><vAcc>-1.000000</vAcc></extensions></trkpt>
      <trkpt lon="-117.331146" lat="33.978986"><ele>0.000000</ele><time>2024-10-25T18:34:40Z</time><extensions><speed>1.265203</speed><course>185.246479</course><hAcc>4.406710</hAcc><vAcc>-1.000000</vAcc></extensions></trkpt>
      <trkpt lon="-117.331148" lat="33.978974"><ele>0.000000</ele><time>2024-10-25T18:34:41Z</time><extensions><speed>1.261237</speed><course>185.267496</course><hAcc>4.362040</hAcc><vAcc>-1.000000</vAcc></extensions></trkpt>
      <trkpt lon="-117.331149" lat="33.978963"><ele>0.000000</ele><time>2024-10-25T18:34:42Z</time><extensions><speed>1.257993</speed><course>185.271711</course><hAcc>4.312330</hAcc><vAcc>-1.000000</vAcc></extensions></trkpt>
      <trkpt lon="-117.331150" lat="33.978952"><ele>0.000000</ele><time>2024-10-25T18:34:43Z</time><extensions><speed>1.262754</speed><course>185.230432</course><hAcc>4.257259</hAcc><vAcc>-1.000000</vAcc></extensions></trkpt>
      <trkpt lon="-117.331151" lat="33.978941"><ele>0.000000</ele><time>2024-10-25T18:34:44Z</time><extensions><speed>1.260081</speed><course>185.243084</course><hAcc>4.196438</hAcc><vAcc>-1.000000</vAcc></extensions></trkpt>
      <trkpt lon="-117.331153" lat="33.978929"><ele>0.000000</ele><time>2024-10-25T18:34:45Z</time><extensions><speed>1.252568</speed><course>185.303902</course><hAcc>4.129372</hAcc><vAcc>-1.000000</vAcc></extensions></trkpt>
      <trkpt lon="-117.331154" lat="33.978918"><ele>0.000000</ele><time>2024-10-25T18:34:46Z</time><extensions><speed>1.239332</speed><course>185.415922</course><hAcc>4.055408</hAcc><vAcc>-1.000000</vAcc></extensions></trkpt>
      <trkpt lon="-117.331155" lat="33.978907"><ele>0.000000</ele><time>2024-10-25T18:34:47Z</time><extensions><speed>1.231121</speed><course>185.503490</course><hAcc>3.973847</hAcc><vAcc>-1.000000</vAcc></extensions></trkpt>
      <trkpt lon="-117.331157" lat="33.978896"><ele>0.000000</ele><time>2024-10-25T18:34:48Z</time><extensions><speed>1.225213</speed><course>185.582841</course><hAcc>3.883984</hAcc><vAcc>-1.000000</vAcc></extensions></trkpt>
      <trkpt lon="-117.331158" lat="33.978885"><ele>0.000000</ele><time>2024-10-25T18:34:49Z</time><extensions><speed>1.237055</speed><course>185.591691</course><hAcc>3.785255</hAcc><vAcc>-1.000000</vAcc></extensions></trkpt>
      <trkpt lon="-117.331159" lat="33.978874"><ele>0.000000</ele><time>2024-10-25T18:34:50Z</time><extensions><speed>1.264279</speed><course>185.544962</course><hAcc>3.677611</hAcc><vAcc>-1.000000</vAcc></extensions></trkpt>
      <trkpt lon="-117.331161" lat="33.978863"><ele>0.000000</ele><time>2024-10-25T18:34:51Z</time><extensions><speed>1.296785</speed><course>185.479298</course><hAcc>3.562207</hAcc><vAcc>-1.000000</vAcc></extensions></trkpt>
      <trkpt lon="-117.331162" lat="33.978851"><ele>0.000000</ele><time>2024-10-25T18:34:52Z</time><extensions><speed>1.326417</speed><course>185.423498</course><hAcc>3.442366</hAcc><vAcc>-1.000000</vAcc></extensions></trkpt>
      <trkpt lon="-117.331163" lat="33.978839"><ele>0.000000</ele><time>2024-10-25T18:34:53Z</time><extensions><speed>1.348024</speed><course>185.392679</course><hAcc>3.324806</hAcc><vAcc>-1.000000</vAcc></extensions></trkpt>
      <trkpt lon="-117.331165" lat="33.978827"><ele>0.000000</ele><time>2024-10-25T18:34:54Z</time><extensions><speed>1.369134</speed><course>185.354718</course><hAcc>3.220633</hAcc><vAcc>-1.000000</vAcc></extensions></trkpt>
      <trkpt lon="-117.331166" lat="33.978815"><ele>0.000000</ele><time>2024-10-25T18:34:55Z</time><extensions><speed>1.391975</speed><course>185.301138</course><hAcc>3.144628</hAcc><vAcc>-1.000000</vAcc></extensions></trkpt>
      <trkpt lon="-117.331167" lat="33.978802"><ele>0.000000</ele><time>2024-10-25T18:34:56Z</time><extensions><speed>1.400739</speed><course>185.286149</course><hAcc>3.110741</hAcc><vAcc>-1.000000</vAcc></extensions></trkpt>
      <trkpt lon="-117.331169" lat="33.978790"><ele>0.000000</ele><time>2024-10-25T18:34:57Z</time><extensions><speed>1.417024</speed><course>185.229207</course><hAcc>3.126795</hAcc><vAcc>-1.000000</vAcc></extensions></trkpt>
      <trkpt lon="-117.331170" lat="33.978777"><ele>0.000000</ele><time>2024-10-25T18:34:58Z</time><extensions><speed>1.437330</speed><course>185.136966</course><hAcc>3.191733</hAcc><vAcc>-1.000000</vAcc></extensions></trkpt>
      <trkpt lon="-117.331172" lat="33.978764"><ele>0.000000</ele><time>2024-10-25T18:34:59Z</time><extensions><speed>1.438683</speed><course>185.082601</course><hAcc>3.294747</hAcc><vAcc>-1.000000</vAcc></extensions></trkpt>
      <trkpt lon="-117.331173" lat="33.978751"><ele>0.000000</ele><time>2024-10-25T18:35:00Z</time><extensions><speed>1.440674</speed><course>185.041400</course><hAcc>3.420248</hAcc><vAcc>-1.000000</vAcc></extensions></trkpt>
      <trkpt lon="-117.331175" lat="33.978738"><ele>0.000000</ele><time>2024-10-25T18:35:01Z</time><extensions><speed>1.441603</speed><course>185.026239</course><hAcc>3.554733</hAcc><vAcc>-1.000000</vAcc></extensions></trkpt>
      <trkpt lon="-117.331176" lat="33.978725"><ele>0.000000</ele><time>2024-10-25T18:35:02Z</time><extensions><speed>1.444680</speed><course>185.039100</course><hAcc>3.689321</hAcc><vAcc>-1.000000</vAcc></extensions></trkpt>
      <trkpt lon="-117.331178" lat="33.978712"><ele>0.000000</ele><time>2024-10-25T18:35:03Z</time><extensions><speed>1.449070</speed><course>185.084393</course><hAcc>3.819176</hAcc><vAcc>-1.000000</vAcc></extensions></trkpt>
      <trkpt lon="-117.331179" lat="33.978699"><ele>0.000000</ele><time>2024-10-25T18:35:04Z</time><extensions><speed>1.464367</speed><course>185.091731</course><hAcc>3.942164</hAcc><vAcc>-1.000000</vAcc></extensions></trkpt>
      <trkpt lon="-117.331180" lat="33.978686"><ele>0.000000</ele><time>2024-10-25T18:35:05Z</time><extensions><speed>1.506825</speed><course>184.991526</course><hAcc>4.057661</hAcc><vAcc>-1.000000</vAcc></extensions></trkpt>
      <trkpt lon="-117.331182" lat="33.978672"><ele>0.000000</ele><time>2024-10-25T18:35:06Z</time><extensions><speed>1.525837</speed><course>184.927854</course><hAcc>4.165716</hAcc><vAcc>-1.000000</vAcc></extensions></trkpt>
      <trkpt lon="-117.331183" lat="33.978659"><ele>0.000000</ele><time>2024-10-25T18:35:07Z</time><extensions><speed>1.511954</speed><course>184.908657</course><hAcc>4.266673</hAcc><vAcc>-1.000000</vAcc></extensions></trkpt>
      <trkpt lon="-117.331185" lat="33.978645"><ele>0.000000</ele><time>2024-10-25T18:35:08Z</time><extensions><speed>1.495826</speed><course>184.827605</course><hAcc>4.361080</hAcc><vAcc>-1.000000</vAcc></extensions></trkpt>
      <trkpt lon="-117.331186" lat="33.978632"><ele>0.000000</ele><time>2024-10-25T18:35:09Z</time><extensions><speed>1.494312</speed><course>184.621437</course><hAcc>4.449601</hAcc><vAcc>-1.000000</vAcc></extensions></trkpt>
      <trkpt lon="-117.331187" lat="33.978619"><ele>0.000000</ele><time>2024-10-25T18:35:10Z</time><extensions><speed>1.492901</speed><course>184.302091</course><hAcc>4.532906</hAcc><vAcc>-1.000000</vAcc></extensions></trkpt>
      <trkpt lon="-117.331189" lat="33.978605"><ele>0.000000</ele><time>2024-10-25T18:35:11Z</time><extensions><speed>1.492892</speed><course>183.852713</course><hAcc>4.611580</hAcc><vAcc>-1.000000</vAcc></extensions></trkpt>
      <trkpt lon="-117.331190" lat="33.978592"><ele>0.000000</ele><time>2024-10-25T18:35:12Z</time><extensions><speed>1.487528</speed><course>183.324878</course><hAcc>4.686079</hAcc><vAcc>-1.000000</vAcc></extensions></trkpt>
      <trkpt lon="-117.331190" lat="33.978579"><ele>0.000000</ele><time>2024-10-25T18:35:13Z</time><extensions><speed>1.470751</speed><course>182.743754</course><hAcc>4.756741</hAcc><vAcc>-1.000000</vAcc></extensions></trkpt>
      <trkpt lon="-117.331191" lat="33.978566"><ele>0.000000</ele><time>2024-10-25T18:35:14Z</time><extensions><speed>1.442909</speed><course>182.135377</course><hAcc>4.823834</hAcc><vAcc>-1.000000</vAcc></extensions></trkpt>
      <trkpt lon="-117.331191" lat="33.978553"><ele>0.000000</ele><time>2024-10-25T18:35:15Z</time><extensions><speed>1.405691</speed><course>181.518447</course><hAcc>4.887589</hAcc><vAcc>-1.000000</vAcc></extensions></trkpt>
      <trkpt lon="-117.331192" lat="33.978540"><ele>0.000000</ele><time>2024-10-25T18:35:16Z</time><extensions><speed>1.374714</speed><course>180.885778</course><hAcc>4.948222</hAcc><vAcc>-1.000000</vAcc></extensions></trkpt>
      <trkpt lon="-117.331192" lat="33.978528"><ele>0.000000</ele><time>2024-10-25T18:35:17Z</time><extensions><speed>1.356414</speed><course>180.226997</course><hAcc>5.005935</hAcc><vAcc>-1.000000</vAcc></extensions></trkpt>
      <trkpt lon="-117.331191" lat="33.978516"><ele>0.000000</ele><time>2024-10-25T18:35:18Z</time><extensions><speed>1.358544</speed><course>179.578214</course><hAcc>5.060906</hAcc><vAcc>-1.000000</vAcc></extensions></trkpt>
      <trkpt lon="-117.331191" lat="33.978504"><ele>0.000000</ele><time>2024-10-25T18:35:19Z</time><extensions><speed>1.358622</speed><course>178.965931</course><hAcc>5.113294</hAcc><vAcc>-1.000000</vAcc></extensions></trkpt>
      <trkpt lon="-117.331191" lat="33.978491"><ele>0.000000</ele><time>2024-10-25T18:35:20Z</time><extensions><speed>1.353944</speed><course>178.383564</course><hAcc>5.163228</hAcc><vAcc>-1.000000</vAcc></extensions></trkpt>
      <trkpt lon="-117.331190" lat="33.978479"><ele>0.000000</ele><time>2024-10-25T18:35:21Z</time><extensions><speed>1.345467</speed><course>177.883532</course><hAcc>5.210821</hAcc><vAcc>-1.000000</vAcc></extensions></trkpt>
      <trkpt lon="-117.331189" lat="33.978467"><ele>0.000000</ele><time>2024-10-25T18:35:22Z</time><extensions><speed>1.324721</speed><course>177.435944</course><hAcc>5.256168</hAcc><vAcc>-1.000000</vAcc></extensions></trkpt>
      <trkpt lon="-117.331188" lat="33.978456"><ele>0.000000</ele><time>2024-10-25T18:35:23Z</time><extensions><speed>1.290072</speed><course>176.873591</course><hAcc>5.299359</hAcc><vAcc>-1.000000</vAcc></extensions></trkpt>
      <trkpt lon="-117.331187" lat="33.978444"><ele>0.000000</ele><time>2024-10-25T18:35:24Z</time><extensions><speed>1.261759</speed><course>176.378382</course><hAcc>5.340486</hAcc><vAcc>-1.000000</vAcc></extensions></trkpt>
      <trkpt lon="-117.331186" lat="33.978433"><ele>0.000000</ele><time>2024-10-25T18:35:25Z</time><extensions><speed>1.227361</speed><course>175.911563</course><hAcc>5.379622</hAcc><vAcc>-1.000000</vAcc></extensions></trkpt>
      <trkpt lon="-117.331185" lat="33.978422"><ele>0.000000</ele><time>2024-10-25T18:35:26Z</time><extensions><speed>1.177858</speed><course>175.425325</course><hAcc>5.416859</hAcc><vAcc>-1.000000</vAcc></extensions></trkpt>
      <trkpt lon="-117.331184" lat="33.978412"><ele>0.000000</ele><time>2024-10-25T18:35:27Z</time><extensions><speed>1.119361</speed><course>174.902844</course><hAcc>5.452272</hAcc><vAcc>-1.000000</vAcc></extensions></trkpt>
      <trkpt lon="-117.331183" lat="33.978403"><ele>0.000000</ele><time>2024-10-25T18:35:28Z</time><extensions><speed>1.044123</speed><course>174.351377</course><hAcc>5.485944</hAcc><vAcc>-1.000000</vAcc></extensions></trkpt>
      <trkpt lon="-117.331181" lat="33.978394"><ele>0.000000</ele><time>2024-10-25T18:35:29Z</time><extensions><speed>0.965519</speed><course>173.837762</course><hAcc>5.517960</hAcc><vAcc>-1.000000</vAcc></extensions></trkpt>
      <trkpt lon="-117.331180" lat="33.978386"><ele>0.000000</ele><time>2024-10-25T18:35:30Z</time><extensions><speed>0.888576</speed><course>173.353068</course><hAcc>5.548396</hAcc><vAcc>-1.000000</vAcc></extensions></trkpt>
      <trkpt lon="-117.331179" lat="33.978378"><ele>0.000000</ele><time>2024-10-25T18:35:31Z</time><extensions><speed>0.800028</speed><course>172.802866</course><hAcc>5.577329</hAcc><vAcc>-1.000000</vAcc></extensions></trkpt>
      <trkpt lon="-117.331178" lat="33.978371"><ele>0.000000</ele><time>2024-10-25T18:35:32Z</time><extensions><speed>0.783978</speed><course>172.978430</course><hAcc>5.604833</hAcc><vAcc>-1.000000</vAcc></extensions></trkpt>
      <trkpt lon="-117.331177" lat="33.978364"><ele>0.000000</ele><time>2024-10-25T18:35:33Z</time><extensions><speed>0.838939</speed><course>173.840198</course><hAcc>5.630979</hAcc><vAcc>-1.000000</vAcc></extensions></trkpt>
      <trkpt lon="-117.331176" lat="33.978356"><ele>0.000000</ele><time>2024-10-25T18:35:34Z</time><extensions><speed>0.833710</speed><course>174.362150</course><hAcc>5.655830</hAcc><vAcc>-1.000000</vAcc></extensions></trkpt>
      <trkpt lon="-117.331175" lat="33.978349"><ele>0.000000</ele><time>2024-10-25T18:35:35Z</time><extensions><speed>0.900811</speed><course>175.360650</course><hAcc>5.679432</hAcc><vAcc>-1.000000</vAcc></extensions></trkpt>
      <trkpt lon="-117.331175" lat="33.978340"><ele>0.000000</ele><time>2024-10-25T18:35:36Z</time><extensions><speed>1.046321</speed><course>176.555704</course><hAcc>5.701816</hAcc><vAcc>-1.000000</vAcc></extensions></trkpt>
      <trkpt lon="-117.331174" lat="33.978330"><ele>0.000000</ele><time>2024-10-25T18:35:37Z</time><extensions><speed>1.155730</speed><course>177.439834</course><hAcc>5.723001</hAcc><vAcc>-1.000000</vAcc></extensions></trkpt>
      <trkpt lon="-117.331174" lat="33.978319"><ele>0.000000</ele><time>2024-10-25T18:35:38Z</time><extensions><speed>1.227210</speed><course>178.157244</course><hAcc>5.742988</hAcc><vAcc>-1.000000</vAcc></extensions></trkpt>
      <trkpt lon="-117.331173" lat="33.978308"><ele>0.000000</ele><time>2024-10-25T18:35:39Z</time><extensions><speed>1.271487</speed><course>178.781779</course><hAcc>5.761777</hAcc><vAcc>-1.000000</vAcc></extensions></trkpt>
      <trkpt lon="-117.331173" lat="33.978296"><ele>0.000000</ele><time>2024-10-25T18:35:40Z</time><extensions><speed>1.286492</speed><course>179.342229</course><hAcc>5.779362</hAcc><vAcc>-1.000000</vAcc></extensions></trkpt>
      <trkpt lon="-117.331173" lat="33.978285"><ele>0.000000</ele><time>2024-10-25T18:35:41Z</time><extensions><speed>1.284859</speed><course>179.861662</course><hAcc>5.795750</hAcc><vAcc>-1.000000</vAcc></extensions></trkpt>
      <trkpt lon="-117.331173" lat="33.978273"><ele>0.000000</ele><time>2024-10-25T18:35:42Z</time><extensions><speed>1.285445</speed><course>180.332729</course><hAcc>5.810949</hAcc><vAcc>-1.000000</vAcc></extensions></trkpt>
      <trkpt lon="-117.331174" lat="33.978262"><ele>0.000000</ele><time>2024-10-25T18:35:43Z</time><extensions><speed>1.293299</speed><course>180.744980</course><hAcc>5.824972</hAcc><vAcc>-1.000000</vAcc></extensions></trkpt>
      <trkpt lon="-117.331174" lat="33.978250"><ele>0.000000</ele><time>2024-10-25T18:35:44Z</time><extensions><speed>1.302806</speed><course>181.100316</course><hAcc>5.837834</hAcc><vAcc>-1.000000</vAcc></extensions></trkpt>
      <trkpt lon="-117.331174" lat="33.978238"><ele>0.000000</ele><time>2024-10-25T18:35:45Z</time><extensions><speed>1.307252</speed><course>181.405436</course><hAcc>5.849550</hAcc><vAcc>-1.000000</vAcc></extensions></trkpt>
      <trkpt lon="-117.331175" lat="33.978226"><ele>0.000000</ele><time>2024-10-25T18:35:46Z</time><extensions><speed>1.321780</speed><course>181.644229</course><hAcc>5.860133</hAcc><vAcc>-1.000000</vAcc></extensions></trkpt>
      <trkpt lon="-117.331176" lat="33.978214"><ele>0.000000</ele><time>2024-10-25T18:35:47Z</time><extensions><speed>1.336544</speed><course>181.833085</course><hAcc>5.869594</hAcc><vAcc>-1.000000</vAcc></extensions></trkpt>
      <trkpt lon="-117.331176" lat="33.978202"><ele>0.000000</ele><time>2024-10-25T18:35:48Z</time><extensions><speed>1.346281</speed><course>181.986463</course><hAcc>5.877944</hAcc><vAcc>-1.000000</vAcc></extensions></trkpt>
      <trkpt lon="-117.331177" lat="33.978190"><ele>0.000000</ele><time>2024-10-25T18:35:49Z</time><extensions><speed>1.355329</speed><course>182.108167</course><hAcc>5.885193</hAcc><vAcc>-1.000000</vAcc></extensions></trkpt>
      <trkpt lon="-117.331178" lat="33.978178"><ele>0.000000</ele><time>2024-10-25T18:35:50Z</time><extensions><speed>1.364885</speed><course>182.202383</course><hAcc>5.891344</hAcc><vAcc>-1.000000</vAcc></extensions></trkpt>
      <trkpt lon="-117.331178" lat="33.978166"><ele>0.000000</ele><time>2024-10-25T18:35:51Z</time><extensions><speed>1.367996</speed><course>182.287248</course><hAcc>5.896403</hAcc><vAcc>-1.000000</vAcc></extensions></trkpt>
      <trkpt lon="-117.331179" lat="33.978154"><ele>0.000000</ele><time>2024-10-25T18:35:52Z</time><extensions><speed>1.359305</speed><course>182.375712</course><hAcc>5.900367</hAcc><vAcc>-1.000000</vAcc></extensions></trkpt>
      <trkpt lon="-117.331180" lat="33.978141"><ele>0.000000</ele><time>2024-10-25T18:35:53Z</time><extensions><speed>1.354493</speed><course>182.436964</course><hAcc>5.903239</hAcc><vAcc>-1.000000</vAcc></extensions></trkpt>
      <trkpt lon="-117.331180" lat="33.978129"><ele>0.000000</ele><time>2024-10-25T18:35:54Z</time><extensions><speed>1.352833</speed><course>182.466790</course><hAcc>5.905068</hAcc><vAcc>-1.000000</vAcc></extensions></trkpt>
      <trkpt lon="-117.331181" lat="33.978116"><ele>0.000000</ele><time>2024-10-25T18:35:55Z</time><extensions><speed>1.337910</speed><course>182.499111</course><hAcc>5.905837</hAcc><vAcc>-1.000000</vAcc></extensions></trkpt>
      <trkpt lon="-117.331182" lat="33.978104"><ele>0.000000</ele><time>2024-10-25T18:35:56Z</time><extensions><speed>1.311715</speed><course>182.533664</course><hAcc>5.905552</hAcc><vAcc>-1.000000</vAcc></extensions></trkpt>
      <trkpt lon="-117.331183" lat="33.978093"><ele>0.000000</ele><time>2024-10-25T18:35:57Z</time><extensions><speed>1.275375</speed><course>182.591427</course><hAcc>5.904207</hAcc><vAcc>-1.000000</vAcc></extensions></trkpt>
      <trkpt lon="-117.331183" lat="33.978083"><ele>0.000000</ele><time>2024-10-25T18:35:58Z</time><extensions><speed>1.235415</speed><course>182.667027</course><hAcc>5.901806</hAcc><vAcc>-1.000000</vAcc></extensions></trkpt>
      <trkpt lon="-117.331184" lat="33.978072"><ele>0.000000</ele><time>2024-10-25T18:35:59Z</time><extensions><speed>1.198824</speed><course>182.727155</course><hAcc>5.898353</hAcc><vAcc>-1.000000</vAcc></extensions></trkpt>
      <trkpt lon="-117.331185" lat="33.978061"><ele>0.000000</ele><time>2024-10-25T18:36:00Z</time><extensions><speed>1.155092</speed><course>182.801597</course><hAcc>5.893854</hAcc><vAcc>-1.000000</vAcc></extensions></trkpt>
      <trkpt lon="-117.331186" lat="33.978052"><ele>0.000000</ele><time>2024-10-25T18:36:01Z</time><extensions><speed>1.094684</speed><course>182.927610</course><hAcc>5.888301</hAcc><vAcc>-1.000000</vAcc></extensions></trkpt>
      <trkpt lon="-117.331186" lat="33.978042"><ele>0.000000</ele><time>2024-10-25T18:36:02Z</time><extensions><speed>1.005772</speed><course>183.156589</course><hAcc>5.881687</hAcc><vAcc>-1.000000</vAcc></extensions></trkpt>
      <trkpt lon="-117.331187" lat="33.978034"><ele>0.000000</ele><time>2024-10-25T18:36:03Z</time><extensions><speed>0.907940</speed><course>183.606378</course><hAcc>5.874018</hAcc><vAcc>-1.000000</vAcc></extensions></trkpt>
      <trkpt lon="-117.331188" lat="33.978026"><ele>0.000000</ele><time>2024-10-25T18:36:04Z</time><extensions><speed>0.835419</speed><course>184.216944</course><hAcc>5.865284</hAcc><vAcc>-1.000000</vAcc></extensions></trkpt>
      <trkpt lon="-117.331189" lat="33.978018"><ele>0.000000</ele><time>2024-10-25T18:36:05Z</time><extensions><speed>0.835091</speed><course>184.696478</course><hAcc>5.855457</hAcc><vAcc>-1.000000</vAcc></extensions></trkpt>
      <trkpt lon="-117.331190" lat="33.978011"><ele>0.000000</ele><time>2024-10-25T18:36:06Z</time><extensions><speed>0.912082</speed><course>184.820255</course><hAcc>5.844506</hAcc><vAcc>-1.000000</vAcc></extensions></trkpt>
      <trkpt lon="-117.331192" lat="33.978002"><ele>0.000000</ele><time>2024-10-25T18:36:07Z</time><extensions><speed>1.071771</speed><course>184.548853</course><hAcc>5.832402</hAcc><vAcc>-1.000000</vAcc></extensions></trkpt>
      <trkpt lon="-117.331193" lat="33.977992"><ele>0.000000</ele><time>2024-10-25T18:36:08Z</time><extensions><speed>1.192999</speed><course>184.529725</course><hAcc>5.819126</hAcc><vAcc>-1.000000</vAcc></extensions></trkpt>
      <trkpt lon="-117.331194" lat="33.977981"><ele>0.000000</ele><time>2024-10-25T18:36:09Z</time><extensions><speed>1.285551</speed><course>184.652882</course><hAcc>5.804670</hAcc><vAcc>-1.000000</vAcc></extensions></trkpt>
      <trkpt lon="-117.331196" lat="33.977969"><ele>0.000000</ele><time>2024-10-25T18:36:10Z</time><extensions><speed>1.354593</speed><course>184.869510</course><hAcc>5.789036</hAcc><vAcc>-1.000000</vAcc></extensions></trkpt>
      <trkpt lon="-117.331198" lat="33.977957"><ele>0.000000</ele><time>2024-10-25T18:36:11Z</time><extensions><speed>1.410155</speed><course>185.153014</course><hAcc>5.772226</hAcc><vAcc>-1.000000</vAcc></extensions></trkpt>
      <trkpt lon="-117.331199" lat="33.977944"><ele>0.000000</ele><time>2024-10-25T18:36:12Z</time><extensions><speed>1.424893</speed><course>185.564212</course><hAcc>5.754242</hAcc><vAcc>-1.000000</vAcc></extensions></trkpt>
      <trkpt lon="-117.331201" lat="33.977931"><ele>0.000000</ele><time>2024-10-25T18:36:13Z</time><extensions><speed>1.395465</speed><course>186.097582</course><hAcc>5.735088</hAcc><vAcc>-1.000000</vAcc></extensions></trkpt>
      <trkpt lon="-117.331203" lat="33.977919"><ele>0.000000</ele><time>2024-10-25T18:36:14Z</time><extensions><speed>1.363718</speed><course>186.514691</course><hAcc>5.714789</hAcc><vAcc>-1.000000</vAcc></extensions></trkpt>
      <trkpt lon="-117.331205" lat="33.977906"><ele>0.000000</ele><time>2024-10-25T18:36:15Z</time><extensions><speed>1.340437</speed><course>186.755351</course><hAcc>5.693331</hAcc><vAcc>-1.000000</vAcc></extensions></trkpt>
      <trkpt lon="-117.331207" lat="33.977894"><ele>0.000000</ele><time>2024-10-25T18:36:16Z</time><extensions><speed>1.314723</speed><course>186.887438</course><hAcc>5.670699</hAcc><vAcc>-1.000000</vAcc></extensions></trkpt>
      <trkpt lon="-117.331209" lat="33.977883"><ele>0.000000</ele><time>2024-10-25T18:36:17Z</time><extensions><speed>1.279486</speed><course>186.982045</course><hAcc>5.646842</hAcc><vAcc>-1.000000</vAcc></extensions></trkpt>
      <trkpt lon="-117.331211" lat="33.977872"><ele>0.000000</ele><time>2024-10-25T18:36:17Z</time><extensions><speed>1.247312</speed><course>186.973914</course><hAcc>5.621783</hAcc><vAcc>-1.000000</vAcc></extensions></trkpt>
      <trkpt lon="-117.331212" lat="33.977861"><ele>0.000000</ele><time>2024-10-25T18:36:18Z</time><extensions><speed>1.203879</speed><course>186.931051</course><hAcc>5.595503</hAcc><vAcc>-1.000000</vAcc></extensions></trkpt>
      <trkpt lon="-117.331214" lat="33.977850"><ele>0.000000</ele><time>2024-10-25T18:36:19Z</time><extensions><speed>1.147064</speed><course>186.853829</course><hAcc>5.567988</hAcc><vAcc>-1.000000</vAcc></extensions></trkpt>
      <trkpt lon="-117.331215" lat="33.977841"><ele>0.000000</ele><time>2024-10-25T18:36:20Z</time><extensions><speed>1.075561</speed><course>186.748977</course><hAcc>5.539167</hAcc><vAcc>-1.000000</vAcc></extensions></trkpt>
      <trkpt lon="-117.331217" lat="33.977832"><ele>0.000000</ele><time>2024-10-25T18:36:21Z</time><extensions><speed>0.992485</speed><course>186.609508</course><hAcc>5.509006</hAcc><vAcc>-1.000000</vAcc></extensions></trkpt>
      <trkpt lon="-117.331218" lat="33.977824"><ele>0.000000</ele><time>2024-10-25T18:36:22Z</time><extensions><speed>0.884049</speed><course>186.575342</course><hAcc>5.477464</hAcc><vAcc>-1.000000</vAcc></extensions></trkpt>
      <trkpt lon="-117.331219" lat="33.977817"><ele>0.000000</ele><time>2024-10-25T18:36:23Z</time><extensions><speed>0.747208</speed><course>186.790736</course><hAcc>5.444478</hAcc><vAcc>-1.000000</vAcc></extensions></trkpt>
      <trkpt lon="-117.331220" lat="33.977810"><ele>0.000000</ele><time>2024-10-25T18:36:24Z</time><extensions><speed>0.681991</speed><course>186.395570</course><hAcc>5.409967</hAcc><vAcc>-1.000000</vAcc></extensions></trkpt>
      <trkpt lon="-117.331221" lat="33.977804"><ele>0.000000</ele><time>2024-10-25T18:36:25Z</time><extensions><speed>0.679742</speed><course>185.444681</course><hAcc>5.373826</hAcc><vAcc>-1.000000</vAcc></extensions></trkpt>
      <trkpt lon="-117.331221" lat="33.977797"><ele>0.000000</ele><time>2024-10-25T18:36:26Z</time><extensions><speed>0.737596</speed><course>184.208595</course><hAcc>5.335920</hAcc><vAcc>-1.000000</vAcc></extensions></trkpt>
      <trkpt lon="-117.331222" lat="33.977791"><ele>0.000000</ele><time>2024-10-25T18:36:27Z</time><extensions><speed>0.734041</speed><course>183.542322</course><hAcc>5.296106</hAcc><vAcc>-1.000000</vAcc></extensions></trkpt>
      <trkpt lon="-117.331222" lat="33.977784"><ele>0.000000</ele><time>2024-10-25T18:36:28Z</time><extensions><speed>0.797506</speed><course>182.703836</course><hAcc>5.254239</hAcc><vAcc>-1.000000</vAcc></extensions></trkpt>
      <trkpt lon="-117.331223" lat="33.977776"><ele>0.000000</ele><time>2024-10-25T18:36:29Z</time><extensions><speed>0.919936</speed><course>181.922685</course><hAcc>5.210165</hAcc><vAcc>-1.000000</vAcc></extensions></trkpt>
      <trkpt lon="-117.331223" lat="33.977767"><ele>0.000000</ele><time>2024-10-25T18:36:30Z</time><extensions><speed>1.115972</speed><course>181.267426</course><hAcc>5.163738</hAcc><vAcc>-1.000000</vAcc></extensions></trkpt>
      <trkpt lon="-117.331223" lat="33.977757"><ele>0.000000</ele><time>2024-10-25T18:36:31Z</time><extensions><speed>1.252760</speed><course>180.859197</course><hAcc>5.114850</hAcc><vAcc>-1.000000</vAcc></extensions></trkpt>
      <trkpt lon="-117.331223" lat="33.977745"><ele>0.000000</ele><time>2024-10-25T18:36:32Z</time><extensions><speed>1.344160</speed><course>180.566759</course><hAcc>5.063415</hAcc><vAcc>-1.000000</vAcc></extensions></trkpt>
      <trkpt lon="-117.331223" lat="33.977733"><ele>0.000000</ele><time>2024-10-25T18:36:33Z</time><extensions><speed>1.404251</speed><course>180.327375</course><hAcc>5.009343</hAcc><vAcc>-1.000000</vAcc></extensions></trkpt>
      <trkpt lon="-117.331223" lat="33.977720"><ele>0.000000</ele><time>2024-10-25T18:36:34Z</time><extensions><speed>1.439317</speed><course>180.117384</course><hAcc>4.952524</hAcc><vAcc>-1.000000</vAcc></extensions></trkpt>
      <trkpt lon="-117.331223" lat="33.977707"><ele>0.000000</ele><time>2024-10-25T18:36:35Z</time><extensions><speed>1.460279</speed><course>179.936388</course><hAcc>4.892816</hAcc><vAcc>-1.000000</vAcc></extensions></trkpt>
      <trkpt lon="-117.331223" lat="33.977694"><ele>0.000000</ele><time>2024-10-25T18:36:36Z</time><extensions><speed>1.476135</speed><course>179.813698</course><hAcc>4.830048</hAcc><vAcc>-1.000000</vAcc></extensions></trkpt>
      <trkpt lon="-117.331223" lat="33.977681"><ele>0.000000</ele><time>2024-10-25T18:36:37Z</time><extensions><speed>1.481629</speed><course>179.744359</course><hAcc>4.764024</hAcc><vAcc>-1.000000</vAcc></extensions></trkpt>
      <trkpt lon="-117.331223" lat="33.977667"><ele>0.000000</ele><time>2024-10-25T18:36:38Z</time><extensions><speed>1.470878</speed><course>179.766178</course><hAcc>4.694520</hAcc><vAcc>-1.000000</vAcc></extensions></trkpt>
      <trkpt lon="-117.331223" lat="33.977654"><ele>0.000000</ele><time>2024-10-25T18:36:39Z</time><extensions><speed>1.462947</speed><course>179.833349</course><hAcc>4.621259</hAcc><vAcc>-1.000000</vAcc></extensions></trkpt>
      <trkpt lon="-117.331223" lat="33.977641"><ele>0.000000</ele><time>2024-10-25T18:36:40Z</time><extensions><speed>1.463686</speed><course>179.996803</course><hAcc>4.543889</hAcc><vAcc>-1.000000</vAcc></extensions></trkpt>
      <trkpt lon="-117.331223" lat="33.977628"><ele>0.000000</ele><time>2024-10-25T18:36:41Z</time><extensions><speed>1.468415</speed><course>180.294115</course><hAcc>4.461989</hAcc><vAcc>-1.000000</vAcc></extensions></trkpt>
      <trkpt lon="-117.331224" lat="33.977615"><ele>0.000000</ele><time>2024-10-25T18:36:42Z</time><extensions><speed>1.473800</speed><course>180.726805</course><hAcc>4.375049</hAcc><vAcc>-1.000000</vAcc></extensions></trkpt>
      <trkpt lon="-117.331224" lat="33.977601"><ele>0.000000</ele><time>2024-10-25T18:36:43Z</time><extensions><speed>1.478106</speed><course>181.289985</course><hAcc>4.282436</hAcc><vAcc>-1.000000</vAcc></extensions></trkpt>
      <trkpt lon="-117.331225" lat="33.977588"><ele>0.000000</ele><time>2024-10-25T18:36:44Z</time><extensions><speed>1.482506</speed><course>181.977218</course><hAcc>4.183333</hAcc><vAcc>-1.000000</vAcc></extensions></trkpt>
      <trkpt lon="-117.331225" lat="33.977574"><ele>0.000000</ele><time>2024-10-25T18:36:45Z</time><extensions><speed>1.493013</speed><course>182.727159</course><hAcc>4.076642</hAcc><vAcc>-1.000000</vAcc></extensions></trkpt>
      <trkpt lon="-117.331226" lat="33.977561"><ele>0.000000</ele><time>2024-10-25T18:36:46Z</time><extensions><speed>1.503635</speed><course>183.482199</course><hAcc>3.961260</hAcc><vAcc>-1.000000</vAcc></extensions></trkpt>
      <trkpt lon="-117.331227" lat="33.977547"><ele>0.000000</ele><time>2024-10-25T18:36:47Z</time><extensions><speed>1.506017</speed><course>184.185968</course><hAcc>3.835853</hAcc><vAcc>-1.000000</vAcc></extensions></trkpt>
      <trkpt lon="-117.331229" lat="33.977533"><ele>0.000000</ele><time>2024-10-25T18:36:48Z</time><extensions><speed>1.485392</speed><course>184.790481</course><hAcc>3.699749</hAcc><vAcc>-1.000000</vAcc></extensions></trkpt>
      <trkpt lon="-117.331230" lat="33.977520"><ele>0.000000</ele><time>2024-10-25T18:36:49Z</time><extensions><speed>1.449855</speed><course>185.214163</course><hAcc>3.551648</hAcc><vAcc>-1.000000</vAcc></extensions></trkpt>
      <trkpt lon="-117.331231" lat="33.977508"><ele>0.000000</ele><time>2024-10-25T18:36:50Z</time><extensions><speed>1.406373</speed><course>185.376895</course><hAcc>3.390505</hAcc><vAcc>-1.000000</vAcc></extensions></trkpt>
      <trkpt lon="-117.331233" lat="33.977496"><ele>0.000000</ele><time>2024-10-25T18:36:51Z</time><extensions><speed>1.345903</speed><course>185.261427</course><hAcc>3.216847</hAcc><vAcc>-1.000000</vAcc></extensions></trkpt>
      <trkpt lon="-117.331234" lat="33.977484"><ele>0.000000</ele><time>2024-10-25T18:36:52Z</time><extensions><speed>1.265181</speed><course>184.877281</course><hAcc>3.034460</hAcc><vAcc>-1.000000</vAcc></extensions></trkpt>
      <trkpt lon="-117.331235" lat="33.977473"><ele>0.000000</ele><time>2024-10-25T18:36:53Z</time><extensions><speed>1.164641</speed><course>184.249885</course><hAcc>2.853285</hAcc><vAcc>-1.000000</vAcc></extensions></trkpt>
      <trkpt lon="-117.331236" lat="33.977463"><ele>0.000000</ele><time>2024-10-25T18:36:54Z</time><extensions><speed>1.035954</speed><course>183.417046</course><hAcc>2.692425</hAcc><vAcc>-1.000000</vAcc></extensions></trkpt>
      <trkpt lon="-117.331236" lat="33.977455"><ele>0.000000</ele><time>2024-10-25T18:36:55Z</time><extensions><speed>0.875501</speed><course>182.417123</course><hAcc>2.578235</hAcc><vAcc>-1.000000</vAcc></extensions></trkpt>
      <trkpt lon="-117.331237" lat="33.977447"><ele>0.000000</ele><time>2024-10-25T18:36:56Z</time><extensions><speed>0.797121</speed><course>181.162724</course><hAcc>2.533050</hAcc><vAcc>-1.000000</vAcc></extensions></trkpt>
      <trkpt lon="-117.331237" lat="33.977440"><ele>0.000000</ele><time>2024-10-25T18:36:57Z</time><extensions><speed>0.835217</speed><course>180.102518</course><hAcc>2.566481</hAcc><vAcc>-1.000000</vAcc></extensions></trkpt>
      <trkpt lon="-117.331237" lat="33.977432"><ele>0.000000</ele><time>2024-10-25T18:36:58Z</time><extensions><speed>0.979556</speed><course>179.649854</course><hAcc>2.673906</hAcc><vAcc>-1.000000</vAcc></extensions></trkpt>
      <trkpt lon="-117.331237" lat="33.977422"><ele>0.000000</ele><time>2024-10-25T18:36:59Z</time><extensions><speed>1.120600</speed><course>179.491655</course><hAcc>2.833753</hAcc><vAcc>-1.000000</vAcc></extensions></trkpt>
      <trkpt lon="-117.331237" lat="33.977412"><ele>0.000000</ele><time>2024-10-25T18:37:00Z</time><extensions><speed>1.224301</speed><course>179.454782</course><hAcc>3.017619</hAcc><vAcc>-1.000000</vAcc></extensions></trkpt>
      <trkpt lon="-117.331236" lat="33.977400"><ele>0.000000</ele><time>2024-10-25T18:37:01Z</time><extensions><speed>1.297597</speed><course>179.481406</course><hAcc>3.204276</hAcc><vAcc>-1.000000</vAcc></extensions></trkpt>
      <trkpt lon="-117.331236" lat="33.977389"><ele>0.000000</ele><time>2024-10-25T18:37:02Z</time><extensions><speed>1.347135</speed><course>179.571491</course><hAcc>3.382399</hAcc><vAcc>-1.000000</vAcc></extensions></trkpt>
      <trkpt lon="-117.331236" lat="33.977376"><ele>0.000000</ele><time>2024-10-25T18:37:03Z</time><extensions><speed>1.381321</speed><course>179.764854</course><hAcc>3.547485</hAcc><vAcc>-1.000000</vAcc></extensions></trkpt>
      <trkpt lon="-117.331236" lat="33.977364"><ele>0.000000</ele><time>2024-10-25T18:37:04Z</time><extensions><speed>1.404051</speed><course>180.083342</course><hAcc>3.698708</hAcc><vAcc>-1.000000</vAcc></extensions></trkpt>
      <trkpt lon="-117.331236" lat="33.977351"><ele>0.000000</ele><time>2024-10-25T18:37:05Z</time><extensions><speed>1.417400</speed><course>180.507471</course><hAcc>3.836899</hAcc><vAcc>-1.000000</vAcc></extensions></trkpt>
      <trkpt lon="-117.331237" lat="33.977338"><ele>0.000000</ele><time>2024-10-25T18:37:06Z</time><extensions><speed>1.425636</speed><course>180.952618</course><hAcc>3.963476</hAcc><vAcc>-1.000000</vAcc></extensions></trkpt>
      <trkpt lon="-117.331237" lat="33.977326"><ele>0.000000</ele><time>2024-10-25T18:37:07Z</time><extensions><speed>1.429101</speed><course>181.373940</course><hAcc>4.079928</hAcc><vAcc>-1.000000</vAcc></extensions></trkpt>
      <trkpt lon="-117.331238" lat="33.977313"><ele>0.000000</ele><time>2024-10-25T18:37:08Z</time><extensions><speed>1.425814</speed><course>181.716100</course><hAcc>4.187581</hAcc><vAcc>-1.000000</vAcc></extensions></trkpt>
      <trkpt lon="-117.331238" lat="33.977300"><ele>0.000000</ele><time>2024-10-25T18:37:09Z</time><extensions><speed>1.416413</speed><course>182.060890</course><hAcc>4.287547</hAcc><vAcc>-1.000000</vAcc></extensions></trkpt>
      <trkpt lon="-117.331238" lat="33.977287"><ele>0.000000</ele><time>2024-10-25T18:37:10Z</time><extensions><speed>1.403450</speed><course>182.234068</course><hAcc>4.380723</hAcc><vAcc>-1.000000</vAcc></extensions></trkpt>
      <trkpt lon="-117.331239" lat="33.977275"><ele>0.000000</ele><time>2024-10-25T18:37:11Z</time><extensions><speed>1.386227</speed><course>182.224678</course><hAcc>4.467840</hAcc><vAcc>-1.000000</vAcc></extensions></trkpt>
      <trkpt lon="-117.331239" lat="33.977262"><ele>0.000000</ele><time>2024-10-25T18:37:12Z</time><extensions><speed>1.364729</speed><course>182.047032</course><hAcc>4.549487</hAcc><vAcc>-1.000000</vAcc></extensions></trkpt>
      <trkpt lon="-117.331239" lat="33.977250"><ele>0.000000</ele><time>2024-10-25T18:37:13Z</time><extensions><speed>1.337026</speed><course>181.616071</course><hAcc>4.626154</hAcc><vAcc>-1.000000</vAcc></extensions></trkpt>
      <trkpt lon="-117.331240" lat="33.977238"><ele>0.000000</ele><time>2024-10-25T18:37:14Z</time><extensions><speed>1.301700</speed><course>180.870836</course><hAcc>4.698249</hAcc><vAcc>-1.000000</vAcc></extensions></trkpt>
      <trkpt lon="-117.331240" lat="33.977227"><ele>0.000000</ele><time>2024-10-25T18:37:15Z</time><extensions><speed>1.247613</speed><course>179.810658</course><hAcc>4.766123</hAcc><vAcc>-1.000000</vAcc></extensions></trkpt>
      <trkpt lon="-117.331239" lat="33.977216"><ele>0.000000</ele><time>2024-10-25T18:37:16Z</time><extensions><speed>1.182386</speed><course>178.496028</course><hAcc>4.830085</hAcc><vAcc>-1.000000</vAcc></extensions></trkpt>
      <trkpt lon="-117.331239" lat="33.977206"><ele>0.000000</ele><time>2024-10-25T18:37:17Z</time><extensions><speed>1.105132</speed><course>177.006751</course><hAcc>4.890395</hAcc><vAcc>-1.000000</vAcc></extensions></trkpt>
      <trkpt lon="-117.331237" lat="33.977197"><ele>0.000000</ele><time>2024-10-25T18:37:18Z</time><extensions><speed>1.000258</speed><course>175.030078</course><hAcc>4.947392</hAcc><vAcc>-1.000000</vAcc></extensions></trkpt>
      <trkpt lon="-117.331236" lat="33.977189"><ele>0.000000</ele><time>2024-10-25T18:37:19Z</time><extensions><speed>0.877038</speed><course>172.350887</course><hAcc>5.001287</hAcc><vAcc>-1.000000</vAcc></extensions></trkpt>
      <trkpt lon="-117.331234" lat="33.977183"><ele>0.000000</ele><time>2024-10-25T18:37:20Z</time><extensions><speed>0.727728</speed><course>168.346109</course><hAcc>5.052297</hAcc><vAcc>-1.000000</vAcc></extensions></trkpt>
      <trkpt lon="-117.331231" lat="33.977177"><ele>0.000000</ele><time>2024-10-25T18:37:21Z</time><extensions><speed>0.574083</speed><course>162.012256</course><hAcc>5.100653</hAcc><vAcc>-1.000000</vAcc></extensions></trkpt>
      <trkpt lon="-117.331228" lat="33.977174"><ele>0.000000</ele><time>2024-10-25T18:37:22Z</time><extensions><speed>0.445380</speed><course>151.968263</course><hAcc>5.146619</hAcc><vAcc>-1.000000</vAcc></extensions></trkpt>
      <trkpt lon="-117.331225" lat="33.977171"><ele>0.000000</ele><time>2024-10-25T18:37:23Z</time><extensions><speed>0.387512</speed><course>140.796274</course><hAcc>5.190475</hAcc><vAcc>-1.000000</vAcc></extensions></trkpt>
      <trkpt lon="-117.331221" lat="33.977169"><ele>0.000000</ele><time>2024-10-25T18:37:24Z</time><extensions><speed>0.385098</speed><course>132.137961</course><hAcc>5.232499</hAcc><vAcc>-1.000000</vAcc></extensions></trkpt>
      <trkpt lon="-117.331217" lat="33.977167"><ele>0.000000</ele><time>2024-10-25T18:37:25Z</time><extensions><speed>0.423850</speed><course>128.485405</course><hAcc>5.272940</hAcc><vAcc>-1.000000</vAcc></extensions></trkpt>
      <trkpt lon="-117.331211" lat="33.977165"><ele>0.000000</ele><time>2024-10-25T18:37:26Z</time><extensions><speed>0.497747</speed><course>129.649804</course><hAcc>5.311984</hAcc><vAcc>-1.000000</vAcc></extensions></trkpt>
      <trkpt lon="-117.331206" lat="33.977162"><ele>0.000000</ele><time>2024-10-25T18:37:27Z</time><extensions><speed>0.611255</speed><course>134.196606</course><hAcc>5.349698</hAcc><vAcc>-1.000000</vAcc></extensions></trkpt>
      <trkpt lon="-117.331199" lat="33.977158"><ele>0.000000</ele><time>2024-10-25T18:37:28Z</time><extensions><speed>0.777134</speed><course>140.588472</course><hAcc>5.385980</hAcc><vAcc>-1.000000</vAcc></extensions></trkpt>
      <trkpt lon="-117.331192" lat="33.977153"><ele>0.000000</ele><time>2024-10-25T18:37:29Z</time><extensions><speed>0.910810</speed><course>143.119574</course><hAcc>5.420580</hAcc><vAcc>-1.000000</vAcc></extensions></trkpt>
      <trkpt lon="-117.331185" lat="33.977147"><ele>0.000000</ele><time>2024-10-25T18:37:30Z</time><extensions><speed>1.008117</speed><course>143.815715</course><hAcc>5.453199</hAcc><vAcc>-1.000000</vAcc></extensions></trkpt>
      <trkpt lon="-117.331176" lat="33.977140"><ele>0.000000</ele><time>2024-10-25T18:37:31Z</time><extensions><speed>1.073479</speed><course>143.481316</course><hAcc>5.483418</hAcc><vAcc>-1.000000</vAcc></extensions></trkpt>
      <trkpt lon="-117.331168" lat="33.977133"><ele>0.000000</ele><time>2024-10-25T18:37:32Z</time><extensions><speed>1.119233</speed><course>142.774933</course><hAcc>5.510935</hAcc><vAcc>-1.000000</vAcc></extensions></trkpt>
      <trkpt lon="-117.331159" lat="33.977126"><ele>0.000000</ele><time>2024-10-25T18:37:33Z</time><extensions><speed>1.153948</speed><course>141.984380</course><hAcc>5.535679</hAcc><vAcc>-1.000000</vAcc></extensions></trkpt>
      <trkpt lon="-117.331149" lat="33.977118"><ele>0.000000</ele><time>2024-10-25T18:37:34Z</time><extensions><speed>1.179996</speed><course>141.163519</course><hAcc>5.557631</hAcc><vAcc>-1.000000</vAcc></extensions></trkpt>
      <trkpt lon="-117.331140" lat="33.977111"><ele>0.000000</ele><time>2024-10-25T18:37:35Z</time><extensions><speed>1.195749</speed><course>140.303438</course><hAcc>5.576930</hAcc><vAcc>-1.000000</vAcc></extensions></trkpt>
      <trkpt lon="-117.331130" lat="33.977104"><ele>0.000000</ele><time>2024-10-25T18:37:36Z</time><extensions><speed>1.208529</speed><course>139.888092</course><hAcc>5.593848</hAcc><vAcc>-1.000000</vAcc></extensions></trkpt>
      <trkpt lon="-117.331120" lat="33.977096"><ele>0.000000</ele><time>2024-10-25T18:37:37Z</time><extensions><speed>1.217256</speed><course>139.823757</course><hAcc>5.608783</hAcc><vAcc>-1.000000</vAcc></extensions></trkpt>
      <trkpt lon="-117.331111" lat="33.977088"><ele>0.000000</ele><time>2024-10-25T18:37:38Z</time><extensions><speed>1.222007</speed><course>140.090210</course><hAcc>5.622227</hAcc><vAcc>-1.000000</vAcc></extensions></trkpt>
      <trkpt lon="-117.331101" lat="33.977080"><ele>0.000000</ele><time>2024-10-25T18:37:39Z</time><extensions><speed>1.221825</speed><course>140.594825</course><hAcc>5.634682</hAcc><vAcc>-1.000000</vAcc></extensions></trkpt>
      <trkpt lon="-117.331092" lat="33.977072"><ele>0.000000</ele><time>2024-10-25T18:37:40Z</time><extensions><speed>1.215603</speed><course>141.248246</course><hAcc>5.646604</hAcc><vAcc>-1.000000</vAcc></extensions></trkpt>
      <trkpt lon="-117.331083" lat="33.977064"><ele>0.000000</ele><time>2024-10-25T18:37:41Z</time><extensions><speed>1.217786</speed><course>142.626418</course><hAcc>5.658381</hAcc><vAcc>-1.000000</vAcc></extensions></trkpt>
      <trkpt lon="-117.331075" lat="33.977056"><ele>0.000000</ele><time>2024-10-25T18:37:42Z</time><extensions><speed>1.218796</speed><course>144.360948</course><hAcc>5.670281</hAcc><vAcc>-1.000000</vAcc></extensions></trkpt>
      <trkpt lon="-117.331067" lat="33.977047"><ele>0.000000</ele><time>2024-10-25T18:37:43Z</time><extensions><speed>1.224905</speed><course>146.672451</course><hAcc>5.682402</hAcc><vAcc>-1.000000</vAcc></extensions></trkpt>
      <trkpt lon="-117.331059" lat="33.977038"><ele>0.000000</ele><time>2024-10-25T18:37:44Z</time><extensions><speed>1.226561</speed><course>149.087853</course><hAcc>5.694678</hAcc><vAcc>-1.000000</vAcc></extensions></trkpt>
      <trkpt lon="-117.331052" lat="33.977028"><ele>0.000000</ele><time>2024-10-25T18:37:45Z</time><extensions><speed>1.229705</speed><course>151.636471</course><hAcc>5.706943</hAcc><vAcc>-1.000000</vAcc></extensions></trkpt>
      <trkpt lon="-117.331046" lat="33.977019"><ele>0.000000</ele><time>2024-10-25T18:37:46Z</time><extensions><speed>1.232971</speed><course>154.347488</course><hAcc>5.718966</hAcc><vAcc>-1.000000</vAcc></extensions></trkpt>
      <trkpt lon="-117.331040" lat="33.977009"><ele>0.000000</ele><time>2024-10-25T18:37:47Z</time><extensions><speed>1.236482</speed><course>157.057015</course><hAcc>5.730520</hAcc><vAcc>-1.000000</vAcc></extensions></trkpt>
      <trkpt lon="-117.331035" lat="33.976998"><ele>0.000000</ele><time>2024-10-25T18:37:48Z</time><extensions><speed>1.247918</speed><course>159.811956</course><hAcc>5.741425</hAcc><vAcc>-1.000000</vAcc></extensions></trkpt>
      <trkpt lon="-117.331031" lat="33.976988"><ele>0.000000</ele><time>2024-10-25T18:37:49Z</time><extensions><speed>1.268332</speed><course>162.544533</course><hAcc>5.751521</hAcc><vAcc>-1.000000</vAcc></extensions></trkpt>
      <trkpt lon="-117.331027" lat="33.976977"><ele>0.000000</ele><time>2024-10-25T18:37:50Z</time><extensions><speed>1.295576</speed><course>165.164862</course><hAcc>5.760731</hAcc><vAcc>-1.000000</vAcc></extensions></trkpt>
      <trkpt lon="-117.331024" lat="33.976965"><ele>0.000000</ele><time>2024-10-25T18:37:51Z</time><extensions><speed>1.317047</speed><course>167.509132</course><hAcc>5.769006</hAcc><vAcc>-1.000000</vAcc></extensions></trkpt>
      <trkpt lon="-117.331021" lat="33.976954"><ele>0.000000</ele><time>2024-10-25T18:37:52Z</time><extensions><speed>1.326505</speed><course>169.539857</course><hAcc>5.776309</hAcc><vAcc>-1.000000</vAcc></extensions></trkpt>
      <trkpt lon="-117.331018" lat="33.976942"><ele>0.000000</ele><time>2024-10-25T18:37:53Z</time><extensions><speed>1.332995</speed><course>171.330862</course><hAcc>5.782607</hAcc><vAcc>-1.000000</vAcc></extensions></trkpt>
      <trkpt lon="-117.331016" lat="33.976930"><ele>0.000000</ele><time>2024-10-25T18:37:54Z</time><extensions><speed>1.340142</speed><course>172.896847</course><hAcc>5.787869</hAcc><vAcc>-1.000000</vAcc></extensions></trkpt>
      <trkpt lon="-117.331015" lat="33.976918"><ele>0.000000</ele><time>2024-10-25T18:37:55Z</time><extensions><speed>1.341608</speed><course>174.220154</course><hAcc>5.792075</hAcc><vAcc>-1.000000</vAcc></extensions></trkpt>
      <trkpt lon="-117.331014" lat="33.976906"><ele>0.000000</ele><time>2024-10-25T18:37:56Z</time><extensions><speed>1.332869</speed><course>175.321396</course><hAcc>5.795198</hAcc><vAcc>-1.000000</vAcc></extensions></trkpt>
      <trkpt lon="-117.331013" lat="33.976894"><ele>0.000000</ele><time>2024-10-25T18:37:57Z</time><extensions><speed>1.318336</speed><course>176.250796</course><hAcc>5.797201</hAcc><vAcc>-1.000000</vAcc></extensions></trkpt>
      <trkpt lon="-117.331012" lat="33.976882"><ele>0.000000</ele><time>2024-10-25T18:37:58Z</time><extensions><speed>1.310815</speed><course>177.053405</course><hAcc>5.798060</hAcc><vAcc>-1.000000</vAcc></extensions></trkpt>
      <trkpt lon="-117.331011" lat="33.976870"><ele>0.000000</ele><time>2024-10-25T18:37:59Z</time><extensions><speed>1.318506</speed><course>177.740798</course><hAcc>5.797754</hAcc><vAcc>-1.000000</vAcc></extensions></trkpt>
      <trkpt lon="-117.331011" lat="33.976859"><ele>0.000000</ele><time>2024-10-25T18:38:00Z</time><extensions><speed>1.330898</speed><course>178.305383</course><hAcc>5.796249</hAcc><vAcc>-1.000000</vAcc></extensions></trkpt>
      <trkpt lon="-117.331011" lat="33.976847"><ele>0.000000</ele><time>2024-10-25T18:38:01Z</time><extensions><speed>1.346208</speed><course>178.759677</course><hAcc>5.793541</hAcc><vAcc>-1.000000</vAcc></extensions></trkpt>
      <trkpt lon="-117.331010" lat="33.976834"><ele>0.000000</ele><time>2024-10-25T18:38:02Z</time><extensions><speed>1.355956</speed><course>179.111637</course><hAcc>5.789608</hAcc><vAcc>-1.000000</vAcc></extensions></trkpt>
      <trkpt lon="-117.331010" lat="33.976822"><ele>0.000000</ele><time>2024-10-25T18:38:03Z</time><extensions><speed>1.363046</speed><course>179.392877</course><hAcc>5.784436</hAcc><vAcc>-1.000000</vAcc></extensions></trkpt>
      <trkpt lon="-117.331010" lat="33.976810"><ele>0.000000</ele><time>2024-10-25T18:38:04Z</time><extensions><speed>1.367494</speed><course>179.615118</course><hAcc>5.778002</hAcc><vAcc>-1.000000</vAcc></extensions></trkpt>
      <trkpt lon="-117.331010" lat="33.976798"><ele>0.000000</ele><time>2024-10-25T18:38:05Z</time><extensions><speed>1.364862</speed><course>179.799071</course><hAcc>5.770275</hAcc><vAcc>-1.000000</vAcc></extensions></trkpt>
      <trkpt lon="-117.331010" lat="33.976786"><ele>0.000000</ele><time>2024-10-25T18:38:06Z</time><extensions><speed>1.371629</speed><course>179.981593</course><hAcc>5.761243</hAcc><vAcc>-1.000000</vAcc></extensions></trkpt>
      <trkpt lon="-117.331010" lat="33.976773"><ele>0.000000</ele><time>2024-10-25T18:38:07Z</time><extensions><speed>1.384015</speed><course>180.151758</course><hAcc>5.750890</hAcc><vAcc>-1.000000</vAcc></extensions></trkpt>
      <trkpt lon="-117.331010" lat="33.976761"><ele>0.000000</ele><time>2024-10-25T18:38:08Z</time><extensions><speed>1.389791</speed><course>180.321344</course><hAcc>5.739202</hAcc><vAcc>-1.000000</vAcc></extensions></trkpt>
      <trkpt lon="-117.331011" lat="33.976749"><ele>0.000000</ele><time>2024-10-25T18:38:09Z</time><extensions><speed>1.391230</speed><course>180.507482</course><hAcc>5.726168</hAcc><vAcc>-1.000000</vAcc></extensions></trkpt>
      <trkpt lon="-117.331011" lat="33.976736"><ele>0.000000</ele><time>2024-10-25T18:38:10Z</time><extensions><speed>1.390453</speed><course>180.690829</course><hAcc>5.711776</hAcc><vAcc>-1.000000</vAcc></extensions></trkpt>
      <trkpt lon="-117.331011" lat="33.976724"><ele>0.000000</ele><time>2024-10-25T18:38:11Z</time><extensions><speed>1.382226</speed><course>180.901816</course><hAcc>5.696015</hAcc><vAcc>-1.000000</vAcc></extensions></trkpt>
      <trkpt lon="-117.331011" lat="33.976711"><ele>0.000000</ele><time>2024-10-25T18:38:12Z</time><extensions><speed>1.370790</speed><course>181.165501</course><hAcc>5.678868</hAcc><vAcc>-1.000000</vAcc></extensions></trkpt>
      <trkpt lon="-117.331012" lat="33.976699"><ele>0.000000</ele><time>2024-10-25T18:38:13Z</time><extensions><speed>1.357517</speed><course>181.351319</course><hAcc>5.660322</hAcc><vAcc>-1.000000</vAcc></extensions></trkpt>
      <trkpt lon="-117.331012" lat="33.976687"><ele>0.000000</ele><time>2024-10-25T18:38:14Z</time><extensions><speed>1.352560</speed><course>181.473232</course><hAcc>5.640353</hAcc><vAcc>-1.000000</vAcc></extensions></trkpt>
      <trkpt lon="-117.331012" lat="33.976675"><ele>0.000000</ele><time>2024-10-25T18:38:15Z</time><extensions><speed>1.359529</speed><course>181.556137</course><hAcc>5.618931</hAcc><vAcc>-1.000000</vAcc></extensions></trkpt>
      <trkpt lon="-117.331013" lat="33.976663"><ele>0.000000</ele><time>2024-10-25T18:38:16Z</time><extensions><speed>1.367323</speed><course>181.528403</course><hAcc>5.596038</hAcc><vAcc>-1.000000</vAcc></extensions></trkpt>
      <trkpt lon="-117.331013" lat="33.976650"><ele>0.000000</ele><time>2024-10-25T18:38:17Z</time><extensions><speed>1.375344</speed><course>181.411924</course><hAcc>5.571639</hAcc><vAcc>-1.000000</vAcc></extensions></trkpt>
      <trkpt lon="-117.331013" lat="33.976638"><ele>0.000000</ele><time>2024-10-25T18:38:18Z</time><extensions><speed>1.385772</speed><course>181.226638</course><hAcc>5.545703</hAcc><vAcc>-1.000000</vAcc></extensions></trkpt>
      <trkpt lon="-117.331014" lat="33.976625"><ele>0.000000</ele><time>2024-10-25T18:38:19Z</time><extensions><speed>1.397554</speed><course>180.950501</course><hAcc>5.518182</hAcc><vAcc>-1.000000</vAcc></extensions></trkpt>
      <trkpt lon="-117.331014" lat="33.976613"><ele>0.000000</ele><time>2024-10-25T18:38:20Z</time><extensions><speed>1.412535</speed><course>180.647622</course><hAcc>5.489025</hAcc><vAcc>-1.000000</vAcc></extensions></trkpt>
      <trkpt lon="-117.331014" lat="33.976600"><ele>0.000000</ele><time>2024-10-25T18:38:21Z</time><extensions><speed>1.423152</speed><course>180.325790</course><hAcc>5.458186</hAcc><vAcc>-1.000000</vAcc></extensions></trkpt>
      <trkpt lon="-117.331014" lat="33.976587"><ele>0.000000</ele><time>2024-10-25T18:38:22Z</time><extensions><speed>1.431321</speed><course>179.971230</course><hAcc>5.425618</hAcc><vAcc>-1.000000</vAcc></extensions></trkpt>
      <trkpt lon="-117.331013" lat="33.976575"><ele>0.000000</ele><time>2024-10-25T18:38:23Z</time><extensions><speed>1.435692</speed><course>179.587353</course><hAcc>5.391272</hAcc><vAcc>-1.000000</vAcc></extensions></trkpt>
      <trkpt lon="-117.331013" lat="33.976562"><ele>0.000000</ele><time>2024-10-25T18:38:24Z</time><extensions><speed>1.438562</speed><course>179.253498</course><hAcc>5.355079</hAcc><vAcc>-1.000000</vAcc></extensions></trkpt>
      <trkpt lon="-117.331013" lat="33.976549"><ele>0.000000</ele><time>2024-10-25T18:38:25Z</time><extensions><speed>1.439700</speed><course>178.958005</course><hAcc>5.316995</hAcc><vAcc>-1.000000</vAcc></extensions></trkpt>
      <trkpt lon="-117.331012" lat="33.976536"><ele>0.000000</ele><time>2024-10-25T18:38:26Z</time><extensions><speed>1.432763</speed><course>178.689727</course><hAcc>5.276963</hAcc><vAcc>-1.000000</vAcc></extensions></trkpt>
      <trkpt lon="-117.331012" lat="33.976523"><ele>0.000000</ele><time>2024-10-25T18:38:27Z</time><extensions><speed>1.423882</speed><course>178.479341</course><hAcc>5.234926</hAcc><vAcc>-1.000000</vAcc></extensions></trkpt>
      <trkpt lon="-117.331012" lat="33.976510"><ele>0.000000</ele><time>2024-10-25T18:38:28Z</time><extensions><speed>1.411633</speed><course>178.416511</course><hAcc>5.190794</hAcc><vAcc>-1.000000</vAcc></extensions></trkpt>
      <trkpt lon="-117.331011" lat="33.976498"><ele>0.000000</ele><time>2024-10-25T18:38:29Z</time><extensions><speed>1.403402</speed><course>178.601182</course><hAcc>5.144443</hAcc><vAcc>-1.000000</vAcc></extensions></trkpt>
      <trkpt lon="-117.331011" lat="33.976485"><ele>0.000000</ele><time>2024-10-25T18:38:30Z</time><extensions><speed>1.400957</speed><course>178.927037</course><hAcc>5.095750</hAcc><vAcc>-1.000000</vAcc></extensions></trkpt>
      <trkpt lon="-117.331011" lat="33.976473"><ele>0.000000</ele><time>2024-10-25T18:38:31Z</time><extensions><speed>1.406403</speed><course>179.388514</course><hAcc>5.044553</hAcc><vAcc>-1.000000</vAcc></extensions></trkpt>
      <trkpt lon="-117.331011" lat="33.976460"><ele>0.000000</ele><time>2024-10-25T18:38:32Z</time><extensions><speed>1.415503</speed><course>179.971705</course><hAcc>4.990691</hAcc><vAcc>-1.000000</vAcc></extensions></trkpt>
      <trkpt lon="-117.331011" lat="33.976447"><ele>0.000000</ele><time>2024-10-25T18:38:33Z</time><extensions><speed>1.431531</speed><course>180.697352</course><hAcc>4.934005</hAcc><vAcc>-1.000000</vAcc></extensions></trkpt>
      <trkpt lon="-117.331012" lat="33.976434"><ele>0.000000</ele><time>2024-10-25T18:38:34Z</time><extensions><speed>1.450017</speed><course>181.533099</course><hAcc>4.874341</hAcc><vAcc>-1.000000</vAcc></extensions></trkpt>
      <trkpt lon="-117.331012" lat="33.976421"><ele>0.000000</ele><time>2024-10-25T18:38:35Z</time><extensions><speed>1.459012</speed><course>182.386681</course><hAcc>4.811535</hAcc><vAcc>-1.000000</vAcc></extensions></trkpt>
      <trkpt lon="-117.331013" lat="33.976408"><ele>0.000000</ele><time>2024-10-25T18:38:36Z</time><extensions><speed>1.458908</speed><course>183.249656</course><hAcc>4.745372</hAcc><vAcc>-1.000000</vAcc></extensions></trkpt>
      <trkpt lon="-117.331014" lat="33.976395"><ele>0.000000</ele><time>2024-10-25T18:38:37Z</time><extensions><speed>1.452936</speed><course>183.988090</course><hAcc>4.675577</hAcc><vAcc>-1.000000</vAcc></extensions></trkpt>
      <trkpt lon="-117.331015" lat="33.976382"><ele>0.000000</ele><time>2024-10-25T18:38:38Z</time><extensions><speed>1.458765</speed><course>184.462315</course><hAcc>4.601796</hAcc><vAcc>-1.000000</vAcc></extensions></trkpt>
      <trkpt lon="-117.331017" lat="33.976369"><ele>0.000000</ele><time>2024-10-25T18:38:39Z</time><extensions><speed>1.486218</speed><course>184.612931</course><hAcc>4.523593</hAcc><vAcc>-1.000000</vAcc></extensions></trkpt>
      <trkpt lon="-117.331018" lat="33.976355"><ele>0.000000</ele><time>2024-10-25T18:38:40Z</time><extensions><speed>1.521862</speed><course>184.517781</course><hAcc>4.440463</hAcc><vAcc>-1.000000</vAcc></extensions></trkpt>
      <trkpt lon="-117.331019" lat="33.976342"><ele>0.000000</ele><time>2024-10-25T18:38:41Z</time><extensions><speed>1.543329</speed><course>184.303662</course><hAcc>4.351824</hAcc><vAcc>-1.000000</vAcc></extensions></trkpt>
      <trkpt lon="-117.331020" lat="33.976328"><ele>0.000000</ele><time>2024-10-25T18:38:42Z</time><extensions><speed>1.553999</speed><course>183.992761</course><hAcc>4.256993</hAcc><vAcc>-1.000000</vAcc></extensions></trkpt>
      <trkpt lon="-117.331021" lat="33.976314"><ele>0.000000</ele><time>2024-10-25T18:38:43Z</time><extensions><speed>1.553340</speed><course>183.578998</course><hAcc>4.155090</hAcc><vAcc>-1.000000</vAcc></extensions></trkpt>
      <trkpt lon="-117.331022" lat="33.976300"><ele>0.000000</ele><time>2024-10-25T18:38:44Z</time><extensions><speed>1.547799</speed><course>183.006300</course><hAcc>4.045205</hAcc><vAcc>-1.000000</vAcc></extensions></trkpt>
      <trkpt lon="-117.331023" lat="33.976286"><ele>0.000000</ele><time>2024-10-25T18:38:45Z</time><extensions><speed>1.541061</speed><course>182.254994</course><hAcc>3.926384</hAcc><vAcc>-1.000000</vAcc></extensions></trkpt>
      <trkpt lon="-117.331024" lat="33.976272"><ele>0.000000</ele><time>2024-10-25T18:38:46Z</time><extensions><speed>1.542613</speed><course>181.339528</course><hAcc>3.797801</hAcc><vAcc>-1.000000</vAcc></extensions></trkpt>
      <trkpt lon="-117.331024" lat="33.976258"><ele>0.000000</ele><time>2024-10-25T18:38:47Z</time><extensions><speed>1.553402</speed><course>180.299756</course><hAcc>3.658571</hAcc><vAcc>-1.000000</vAcc></extensions></trkpt>
      <trkpt lon="-117.331024" lat="33.976244"><ele>0.000000</ele><time>2024-10-25T18:38:48Z</time><extensions><speed>1.557123</speed><course>179.215792</course><hAcc>3.508613</hAcc><vAcc>-1.000000</vAcc></extensions></trkpt>
      <trkpt lon="-117.331023" lat="33.976230"><ele>0.000000</ele><time>2024-10-25T18:38:49Z</time><extensions><speed>1.568272</speed><course>178.206352</course><hAcc>3.348896</hAcc><vAcc>-1.000000</vAcc></extensions></trkpt>
      <trkpt lon="-117.331023" lat="33.976216"><ele>0.000000</ele><time>2024-10-25T18:38:50Z</time><extensions><speed>1.572108</speed><course>177.314951</course><hAcc>3.182135</hAcc><vAcc>-1.000000</vAcc></extensions></trkpt>
      <trkpt lon="-117.331022" lat="33.976202"><ele>0.000000</ele><time>2024-10-25T18:38:51Z</time><extensions><speed>1.582487</speed><course>176.608771</course><hAcc>3.014690</hAcc><vAcc>-1.000000</vAcc></extensions></trkpt>
      <trkpt lon="-117.331021" lat="33.976188"><ele>0.000000</ele><time>2024-10-25T18:38:52Z</time><extensions><speed>1.598229</speed><course>176.115187</course><hAcc>2.856145</hAcc><vAcc>-1.000000</vAcc></extensions></trkpt>
      <trkpt lon="-117.331020" lat="33.976173"><ele>0.000000</ele><time>2024-10-25T18:38:53Z</time><extensions><speed>1.587807</speed><course>175.744487</course><hAcc>2.715562</hAcc><vAcc>-1.000000</vAcc></extensions></trkpt>
      <trkpt lon="-117.331018" lat="33.976159"><ele>0.000000</ele><time>2024-10-25T18:38:54Z</time><extensions><speed>1.549083</speed><course>175.481287</course><hAcc>2.597689</hAcc><vAcc>-1.000000</vAcc></extensions></trkpt>
      <trkpt lon="-117.331017" lat="33.976146"><ele>0.000000</ele><time>2024-10-25T18:38:55Z</time><extensions><speed>1.479663</speed><course>175.289851</course><hAcc>2.504183</hAcc><vAcc>-1.000000</vAcc></extensions></trkpt>
      <trkpt lon="-117.331016" lat="33.976133"><ele>0.000000</ele><time>2024-10-25T18:38:56Z</time><extensions><speed>1.343896</speed><course>174.896936</course><hAcc>2.433362</hAcc><vAcc>-1.000000</vAcc></extensions></trkpt>
      <trkpt lon="-117.331015" lat="33.976122"><ele>0.000000</ele><time>2024-10-25T18:38:57Z</time><extensions><speed>1.209123</speed><course>174.352217</course><hAcc>2.380460</hAcc><vAcc>-1.000000</vAcc></extensions></trkpt>
      <trkpt lon="-117.331013" lat="33.976111"><ele>0.000000</ele><time>2024-10-25T18:38:58Z</time><extensions><speed>1.221474</speed><course>174.428190</course><hAcc>2.340597</hAcc><vAcc>-1.000000</vAcc></extensions></trkpt>
      <trkpt lon="-117.331012" lat="33.976099"><ele>0.000000</ele><time>2024-10-25T18:38:59Z</time><extensions><speed>1.301547</speed><course>174.636389</course><hAcc>2.308388</hAcc><vAcc>-1.000000</vAcc></extensions></trkpt>
      <trkpt lon="-117.331011" lat="33.976087"><ele>0.000000</ele><time>2024-10-25T18:39:00Z</time><extensions><speed>1.465954</speed><course>175.159544</course><hAcc>2.279578</hAcc><vAcc>-1.000000</vAcc></extensions></trkpt>
      <trkpt lon="-117.331009" lat="33.976074"><ele>0.000000</ele><time>2024-10-25T18:39:01Z</time><extensions><speed>1.551297</speed><course>175.341453</course><hAcc>2.253566</hAcc><vAcc>-1.000000</vAcc></extensions></trkpt>
      <trkpt lon="-117.331008" lat="33.976060"><ele>0.000000</ele><time>2024-10-25T18:39:02Z</time><extensions><speed>1.545446</speed><course>175.243894</course><hAcc>2.229037</hAcc><vAcc>-1.000000</vAcc></extensions></trkpt>
      <trkpt lon="-117.331007" lat="33.976046"><ele>0.000000</ele><time>2024-10-25T18:39:03Z</time><extensions><speed>1.497058</speed><course>175.124480</course><hAcc>2.205195</hAcc><vAcc>-1.000000</vAcc></extensions></trkpt>
      <trkpt lon="-117.331005" lat="33.976033"><ele>0.000000</ele><time>2024-10-25T18:39:04Z</time><extensions><speed>1.430678</speed><course>175.086320</course><hAcc>2.186131</hAcc><vAcc>-1.000000</vAcc></extensions></trkpt>
      <trkpt lon="-117.331004" lat="33.976021"><ele>0.000000</ele><time>2024-10-25T18:39:05Z</time><extensions><speed>1.356428</speed><course>175.222427</course><hAcc>2.174088</hAcc><vAcc>-1.000000</vAcc></extensions></trkpt>
      <trkpt lon="-117.331003" lat="33.976009"><ele>0.000000</ele><time>2024-10-25T18:39:06Z</time><extensions><speed>1.292649</speed><course>175.734850</course><hAcc>2.166026</hAcc><vAcc>-1.000000</vAcc></extensions></trkpt>
      <trkpt lon="-117.331002" lat="33.975997"><ele>0.000000</ele><time>2024-10-25T18:39:07Z</time><extensions><speed>1.230915</speed><course>176.671289</course><hAcc>2.159426</hAcc><vAcc>-1.000000</vAcc></extensions></trkpt>
      <trkpt lon="-117.331001" lat="33.975986"><ele>0.000000</ele><time>2024-10-25T18:39:08Z</time><extensions><speed>1.190635</speed><course>178.058396</course><hAcc>2.150664</hAcc><vAcc>-1.000000</vAcc></extensions></trkpt>
      <trkpt lon="-117.331001" lat="33.975976"><ele>0.000000</ele><time>2024-10-25T18:39:09Z</time><extensions><speed>1.220240</speed><course>179.915678</course><hAcc>2.137345</hAcc><vAcc>-1.000000</vAcc></extensions></trkpt>
      <trkpt lon="-117.331001" lat="33.975964"><ele>0.000000</ele><time>2024-10-25T18:39:10Z</time><extensions><speed>1.284097</speed><course>181.724642</course><hAcc>2.123488</hAcc><vAcc>-1.000000</vAcc></extensions></trkpt>
      <trkpt lon="-117.331002" lat="33.975953"><ele>0.000000</ele><time>2024-10-25T18:39:11Z</time><extensions><speed>1.348026</speed><course>183.280405</course><hAcc>2.111964</hAcc><vAcc>-1.000000</vAcc></extensions></trkpt>
      <trkpt lon="-117.331003" lat="33.975940"><ele>0.000000</ele><time>2024-10-25T18:39:12Z</time><extensions><speed>1.401644</speed><course>184.511542</course><hAcc>2.102237</hAcc><vAcc>-1.000000</vAcc></extensions></trkpt>
      <trkpt lon="-117.331004" lat="33.975928"><ele>0.000000</ele><time>2024-10-25T18:39:13Z</time><extensions><speed>1.411003</speed><course>185.276591</course><hAcc>2.095829</hAcc><vAcc>-1.000000</vAcc></extensions></trkpt>
      <trkpt lon="-117.331006" lat="33.975916"><ele>0.000000</ele><time>2024-10-25T18:39:14Z</time><extensions><speed>1.307301</speed><course>185.914963</course><hAcc>2.091493</hAcc><vAcc>-1.000000</vAcc></extensions></trkpt>
      <trkpt lon="-117.331007" lat="33.975905"><ele>0.000000</ele><time>2024-10-25T18:39:15Z</time><extensions><speed>1.167948</speed><course>186.036823</course><hAcc>2.086679</hAcc><vAcc>-1.000000</vAcc></extensions></trkpt>
      <trkpt lon="-117.331008" lat="33.975894"><ele>0.000000</ele><time>2024-10-25T18:39:16Z</time><extensions><speed>1.154400</speed><course>184.730974</course><hAcc>2.082620</hAcc><vAcc>-1.000000</vAcc></extensions></trkpt>
      <trkpt lon="-117.331009" lat="33.975884"><ele>0.000000</ele><time>2024-10-25T18:39:17Z</time><extensions><speed>1.213976</speed><course>182.497129</course><hAcc>2.077471</hAcc><vAcc>-1.000000</vAcc></extensions></trkpt>
      <trkpt lon="-117.331009" lat="33.975872"><ele>0.000000</ele><time>2024-10-25T18:39:18Z</time><extensions><speed>1.377541</speed><course>180.038471</course><hAcc>2.068677</hAcc><vAcc>-1.000000</vAcc></extensions></trkpt>
      <trkpt lon="-117.331009" lat="33.975859"><ele>0.000000</ele><time>2024-10-25T18:39:19Z</time><extensions><speed>1.476694</speed><course>177.851454</course><hAcc>2.059244</hAcc><vAcc>-1.000000</vAcc></extensions></trkpt>
      <trkpt lon="-117.331008" lat="33.975846"><ele>0.000000</ele><time>2024-10-25T18:39:20Z</time><extensions><speed>1.503417</speed><course>175.842928</course><hAcc>2.048950</hAcc><vAcc>-1.000000</vAcc></extensions></trkpt>
      <trkpt lon="-117.331007" lat="33.975832"><ele>0.000000</ele><time>2024-10-25T18:39:21Z</time><extensions><speed>1.518781</speed><course>174.438575</course><hAcc>2.032844</hAcc><vAcc>-1.000000</vAcc></extensions></trkpt>
      <trkpt lon="-117.331005" lat="33.975819"><ele>0.000000</ele><time>2024-10-25T18:39:22Z</time><extensions><speed>1.524388</speed><course>174.428718</course><hAcc>2.008159</hAcc><vAcc>-1.000000</vAcc></extensions></trkpt>
      <trkpt lon="-117.331004" lat="33.975805"><ele>0.000000</ele><time>2024-10-25T18:39:23Z</time><extensions><speed>1.507272</speed><course>175.491574</course><hAcc>1.967699</hAcc><vAcc>-1.000000</vAcc></extensions></trkpt>
      <trkpt lon="-117.331003" lat="33.975792"><ele>0.000000</ele><time>2024-10-25T18:39:24Z</time><extensions><speed>1.492559</speed><course>177.352696</course><hAcc>1.904722</hAcc><vAcc>-1.000000</vAcc></extensions></trkpt>
      <trkpt lon="-117.331002" lat="33.975778"><ele>0.000000</ele><time>2024-10-25T18:39:25Z</time><extensions><speed>1.486759</speed><course>179.421358</course><hAcc>1.832294</hAcc><vAcc>-1.000000</vAcc></extensions></trkpt>
      <trkpt lon="-117.331002" lat="33.975765"><ele>0.000000</ele><time>2024-10-25T18:39:26Z</time><extensions><speed>1.484195</speed><course>179.557740</course><hAcc>1.774635</hAcc><vAcc>-1.000000</vAcc></extensions></trkpt>
      <trkpt lon="-117.331002" lat="33.975752"><ele>0.000000</ele><time>2024-10-25T18:39:27Z</time><extensions><speed>1.482979</speed><course>178.085141</course><hAcc>1.739334</hAcc><vAcc>-1.000000</vAcc></extensions></trkpt>
      <trkpt lon="-117.331001" lat="33.975738"><ele>0.000000</ele><time>2024-10-25T18:39:28Z</time><extensions><speed>1.484564</speed><course>175.868073</course><hAcc>1.717670</hAcc><vAcc>-1.000000</vAcc></extensions></trkpt>
      <trkpt lon="-117.330999" lat="33.975725"><ele>0.000000</ele><time>2024-10-25T18:39:29Z</time><extensions><speed>1.487945</speed><course>173.823977</course><hAcc>1.700450</hAcc><vAcc>-1.000000</vAcc></extensions></trkpt>
      <trkpt lon="-117.330997" lat="33.975712"><ele>0.000000</ele><time>2024-10-25T18:39:30Z</time><extensions><speed>1.500915</speed><course>172.349997</course><hAcc>1.685309</hAcc><vAcc>-1.000000</vAcc></extensions></trkpt>
      <trkpt lon="-117.330995" lat="33.975698"><ele>0.000000</ele><time>2024-10-25T18:39:31Z</time><extensions><speed>1.519026</speed><course>171.912513</course><hAcc>1.677678</hAcc><vAcc>-1.000000</vAcc></extensions></trkpt>
      <trkpt lon="-117.330993" lat="33.975685"><ele>0.000000</ele><time>2024-10-25T18:39:32Z</time><extensions><speed>1.532654</speed><course>173.310475</course><hAcc>1.681963</hAcc><vAcc>-1.000000</vAcc></extensions></trkpt>
      <trkpt lon="-117.330991" lat="33.975671"><ele>0.000000</ele><time>2024-10-25T18:39:33Z</time><extensions><speed>1.530073</speed><course>175.656872</course><hAcc>1.690393</hAcc><vAcc>-1.000000</vAcc></extensions></trkpt>
      <trkpt lon="-117.330991" lat="33.975657"><ele>0.000000</ele><time>2024-10-25T18:39:34Z</time><extensions><speed>1.504201</speed><course>178.855198</course><hAcc>1.694789</hAcc><vAcc>-1.000000</vAcc></extensions></trkpt>
      <trkpt lon="-117.330991" lat="33.975644"><ele>0.000000</ele><time>2024-10-25T18:39:35Z</time><extensions><speed>1.453475</speed><course>182.263393</course><hAcc>1.694989</hAcc><vAcc>-1.000000</vAcc></extensions></trkpt>
      <trkpt lon="-117.330992" lat="33.975631"><ele>0.000000</ele><time>2024-10-25T18:39:36Z</time><extensions><speed>1.391114</speed><course>186.358198</course><hAcc>1.693426</hAcc><vAcc>-1.000000</vAcc></extensions></trkpt>
      <trkpt lon="-117.330994" lat="33.975619"><ele>0.000000</ele><time>2024-10-25T18:39:37Z</time><extensions><speed>1.336804</speed><course>192.061511</course><hAcc>1.689941</hAcc><vAcc>-1.000000</vAcc></extensions></trkpt>
      <trkpt lon="-117.330998" lat="33.975608"><ele>0.000000</ele><time>2024-10-25T18:39:38Z</time><extensions><speed>1.290779</speed><course>200.504027</course><hAcc>1.681698</hAcc><vAcc>-1.000000</vAcc></extensions></trkpt>
      <trkpt lon="-117.331004" lat="33.975597"><ele>0.000000</ele><time>2024-10-25T18:39:39Z</time><extensions><speed>1.398998</speed><course>208.912220</course><hAcc>1.669023</hAcc><vAcc>-1.000000</vAcc></extensions></trkpt>
      <trkpt lon="-117.331012" lat="33.975586"><ele>0.000000</ele><time>2024-10-25T18:39:40Z</time><extensions><speed>1.599092</speed><course>213.676401</course><hAcc>1.661243</hAcc><vAcc>-1.000000</vAcc></extensions></trkpt>
      <trkpt lon="-117.331023" lat="33.975573"><ele>0.000000</ele><time>2024-10-25T18:39:41Z</time><extensions><speed>1.723969</speed><course>216.268444</course><hAcc>1.675913</hAcc><vAcc>-1.000000</vAcc></extensions></trkpt>
      <trkpt lon="-117.331034" lat="33.975561"><ele>0.000000</ele><time>2024-10-25T18:39:42Z</time><extensions><speed>1.792589</speed><course>217.086713</course><hAcc>1.724734</hAcc><vAcc>-1.000000</vAcc></extensions></trkpt>
      <trkpt lon="-117.331046" lat="33.975548"><ele>0.000000</ele><time>2024-10-25T18:39:43Z</time><extensions><speed>1.815948</speed><course>217.083654</course><hAcc>1.794384</hAcc><vAcc>-1.000000</vAcc></extensions></trkpt>
      <trkpt lon="-117.331058" lat="33.975535"><ele>0.000000</ele><time>2024-10-25T18:39:44Z</time><extensions><speed>1.802001</speed><course>216.665591</course><hAcc>1.860016</hAcc><vAcc>-1.000000</vAcc></extensions></trkpt>
      <trkpt lon="-117.331069" lat="33.975522"><ele>0.000000</ele><time>2024-10-25T18:39:45Z</time><extensions><speed>1.757714</speed><course>215.824232</course><hAcc>1.896318</hAcc><vAcc>-1.000000</vAcc></extensions></trkpt>
      <trkpt lon="-117.331080" lat="33.975509"><ele>0.000000</ele><time>2024-10-25T18:39:46Z</time><extensions><speed>1.699828</speed><course>214.019756</course><hAcc>1.895465</hAcc><vAcc>-1.000000</vAcc></extensions></trkpt>
      <trkpt lon="-117.331088" lat="33.975499"><ele>0.000000</ele><time>2024-10-25T18:39:47Z</time><extensions><speed>1.658455</speed><course>212.301884</course><hAcc>1.914582</hAcc><vAcc>-1.000000</vAcc></extensions></trkpt>
      <trkpt lon="-117.331098" lat="33.975484"><ele>0.000000</ele><time>2024-10-25T18:39:48Z</time><extensions><speed>1.542349</speed><course>206.724245</course><hAcc>1.948330</hAcc><vAcc>-1.000000</vAcc></extensions></trkpt>
      <trkpt lon="-117.331104" lat="33.975472"><ele>0.000000</ele><time>2024-10-25T18:39:49Z</time><extensions><speed>1.439699</speed><course>200.686732</course><hAcc>1.938880</hAcc><vAcc>-1.000000</vAcc></extensions></trkpt>
      <trkpt lon="-117.331108" lat="33.975462"><ele>0.000000</ele><time>2024-10-25T18:39:50Z</time><extensions><speed>1.376982</speed><course>196.044371</course><hAcc>1.956110</hAcc><vAcc>-1.000000</vAcc></extensions></trkpt>
      <trkpt lon="-117.331112" lat="33.975448"><ele>0.000000</ele><time>2024-10-25T18:39:51Z</time><extensions><speed>1.272261</speed><course>187.742268</course><hAcc>1.974847</hAcc><vAcc>-1.000000</vAcc></extensions></trkpt>
      <trkpt lon="-117.331113" lat="33.975437"><ele>0.000000</ele><time>2024-10-25T18:39:52Z</time><extensions><speed>1.213623</speed><course>183.408752</course><hAcc>1.941496</hAcc><vAcc>-1.000000</vAcc></extensions></trkpt>
      <trkpt lon="-117.331113" lat="33.975428"><ele>0.000000</ele><time>2024-10-25T18:39:53Z</time><extensions><speed>1.179575</speed><course>181.504476</course><hAcc>1.933535</hAcc><vAcc>-1.000000</vAcc></extensions></trkpt>
      <trkpt lon="-117.331114" lat="33.975416"><ele>0.000000</ele><time>2024-10-25T18:39:54Z</time><extensions><speed>1.106578</speed><course>179.652902</course><hAcc>1.936498</hAcc><vAcc>-1.000000</vAcc></extensions></trkpt>
      <trkpt lon="-117.331113" lat="33.975406"><ele>0.000000</ele><time>2024-10-25T18:39:55Z</time><extensions><speed>1.063071</speed><course>179.348272</course><hAcc>1.929037</hAcc><vAcc>-1.000000</vAcc></extensions></trkpt>
      <trkpt lon="-117.331113" lat="33.975398"><ele>0.000000</ele><time>2024-10-25T18:39:56Z</time><extensions><speed>1.046284</speed><course>179.546135</course><hAcc>1.957278</hAcc><vAcc>-1.000000</vAcc></extensions></trkpt>
      <trkpt lon="-117.331113" lat="33.975387"><ele>0.000000</ele><time>2024-10-25T18:39:57Z</time><extensions><speed>1.041611</speed><course>180.168744</course><hAcc>1.987645</hAcc><vAcc>-1.000000</vAcc></extensions></trkpt>
      <trkpt lon="-117.331113" lat="33.975378"><ele>0.000000</ele><time>2024-10-25T18:39:58Z</time><extensions><speed>1.027566</speed><course>180.674811</course><hAcc>1.964912</hAcc><vAcc>-1.000000</vAcc></extensions></trkpt>
      <trkpt lon="-117.331114" lat="33.975370"><ele>0.000000</ele><time>2024-10-25T18:39:59Z</time><extensions><speed>1.011080</speed><course>181.036507</course><hAcc>1.958642</hAcc><vAcc>-1.000000</vAcc></extensions></trkpt>
      <trkpt lon="-117.331114" lat="33.975360"><ele>0.000000</ele><time>2024-10-25T18:40:00Z</time><extensions><speed>0.984987</speed><course>181.498064</course><hAcc>1.940387</hAcc><vAcc>-1.000000</vAcc></extensions></trkpt>
      <trkpt lon="-117.331114" lat="33.975351"><ele>0.000000</ele><time>2024-10-25T18:40:01Z</time><extensions><speed>0.953686</speed><course>181.429589</course><hAcc>1.883920</hAcc><vAcc>-1.000000</vAcc></extensions></trkpt>
      <trkpt lon="-117.331114" lat="33.975344"><ele>0.000000</ele><time>2024-10-25T18:40:02Z</time><extensions><speed>0.941942</speed><course>181.061146</course><hAcc>1.857312</hAcc><vAcc>-1.000000</vAcc></extensions></trkpt>
      <trkpt lon="-117.331114" lat="33.975334"><ele>0.000000</ele><time>2024-10-25T18:40:03Z</time><extensions><speed>0.953553</speed><course>179.873833</course><hAcc>1.845277</hAcc><vAcc>-1.000000</vAcc></extensions></trkpt>
      <trkpt lon="-117.331114" lat="33.975327"><ele>0.000000</ele><time>2024-10-25T18:40:04Z</time><extensions><speed>0.992076</speed><course>178.954051</course><hAcc>1.860512</hAcc><vAcc>-1.000000</vAcc></extensions></trkpt>
      <trkpt lon="-117.331114" lat="33.975316"><ele>0.000000</ele><time>2024-10-25T18:40:05Z</time><extensions><speed>1.090290</speed><course>177.680469</course><hAcc>1.897423</hAcc><vAcc>-1.000000</vAcc></extensions></trkpt>
      <trkpt lon="-117.331113" lat="33.975306"><ele>0.000000</ele><time>2024-10-25T18:40:06Z</time><extensions><speed>1.168946</speed><course>177.262188</course><hAcc>1.888311</hAcc><vAcc>-1.000000</vAcc></extensions></trkpt>
      <trkpt lon="-117.331113" lat="33.975297"><ele>0.000000</ele><time>2024-10-25T18:40:07Z</time><extensions><speed>1.219364</speed><course>177.365933</course><hAcc>1.883489</hAcc><vAcc>-1.000000</vAcc></extensions></trkpt>
      <trkpt lon="-117.331112" lat="33.975284"><ele>0.000000</ele><time>2024-10-25T18:40:08Z</time><extensions><speed>1.279988</speed><course>177.976585</course><hAcc>1.859499</hAcc><vAcc>-1.000000</vAcc></extensions></trkpt>
      <trkpt lon="-117.331112" lat="33.975272"><ele>0.000000</ele><time>2024-10-25T18:40:09Z</time><extensions><speed>1.317204</speed><course>178.594099</course><hAcc>1.776302</hAcc><vAcc>-1.000000</vAcc></extensions></trkpt>
      <trkpt lon="-117.331112" lat="33.975262"><ele>0.000000</ele><time>2024-10-25T18:40:10Z</time><extensions><speed>1.348953</speed><course>179.026894</course><hAcc>1.689864</hAcc><vAcc>-1.000000</vAcc></extensions></trkpt>
      <trkpt lon="-117.331111" lat="33.975249"><ele>0.000000</ele><time>2024-10-25T18:40:11Z</time><extensions><speed>1.385117</speed><course>179.350797</course><hAcc>1.620555</hAcc><vAcc>-1.000000</vAcc></extensions></trkpt>
      <trkpt lon="-117.331111" lat="33.975237"><ele>0.000000</ele><time>2024-10-25T18:40:12Z</time><extensions><speed>1.421200</speed><course>179.377119</course><hAcc>1.589373</hAcc><vAcc>-1.000000</vAcc></extensions></trkpt>
      <trkpt lon="-117.331111" lat="33.975224"><ele>0.000000</ele><time>2024-10-25T18:40:13Z</time><extensions><speed>1.445509</speed><course>179.109258</course><hAcc>1.600864</hAcc><vAcc>-1.000000</vAcc></extensions></trkpt>
      <trkpt lon="-117.331111" lat="33.975211"><ele>0.000000</ele><time>2024-10-25T18:40:14Z</time><extensions><speed>1.457242</speed><course>178.602358</course><hAcc>1.646395</hAcc><vAcc>-1.000000</vAcc></extensions></trkpt>
      <trkpt lon="-117.331110" lat="33.975196"><ele>0.000000</ele><time>2024-10-25T18:40:15Z</time><extensions><speed>1.455793</speed><course>177.959095</course><hAcc>1.683162</hAcc><vAcc>-1.000000</vAcc></extensions></trkpt>
      <trkpt lon="-117.331110" lat="33.975185"><ele>0.000000</ele><time>2024-10-25T18:40:16Z</time><extensions><speed>1.451850</speed><course>177.588383</course><hAcc>1.693857</hAcc><vAcc>-1.000000</vAcc></extensions></trkpt>
      <trkpt lon="-117.331109" lat="33.975170"><ele>0.000000</ele><time>2024-10-25T18:40:17Z</time><extensions><speed>1.439204</speed><course>177.259593</course><hAcc>1.672412</hAcc><vAcc>-1.000000</vAcc></extensions></trkpt>
      <trkpt lon="-117.331108" lat="33.975159"><ele>0.000000</ele><time>2024-10-25T18:40:18Z</time><extensions><speed>1.407121</speed><course>177.133200</course><hAcc>1.621158</hAcc><vAcc>-1.000000</vAcc></extensions></trkpt>
      <trkpt lon="-117.331107" lat="33.975146"><ele>0.000000</ele><time>2024-10-25T18:40:19Z</time><extensions><speed>1.361375</speed><course>177.166826</course><hAcc>1.574187</hAcc><vAcc>-1.000000</vAcc></extensions></trkpt>
      <trkpt lon="-117.331107" lat="33.975134"><ele>0.000000</ele><time>2024-10-25T18:40:20Z</time><extensions><speed>1.300543</speed><course>177.470558</course><hAcc>1.542052</hAcc><vAcc>-1.000000</vAcc></extensions></trkpt>
      <trkpt lon="-117.331106" lat="33.975123"><ele>0.000000</ele><time>2024-10-25T18:40:21Z</time><extensions><speed>1.249392</speed><course>178.186879</course><hAcc>1.527185</hAcc><vAcc>-1.000000</vAcc></extensions></trkpt>
      <trkpt lon="-117.331106" lat="33.975112"><ele>0.000000</ele><time>2024-10-25T18:40:22Z</time><extensions><speed>1.229754</speed><course>179.446149</course><hAcc>1.521600</hAcc><vAcc>-1.000000</vAcc></extensions></trkpt>
      <trkpt lon="-117.331106" lat="33.975100"><ele>0.000000</ele><time>2024-10-25T18:40:23Z</time><extensions><speed>1.236673</speed><course>181.179193</course><hAcc>1.519016</hAcc><vAcc>-1.000000</vAcc></extensions></trkpt>
      <trkpt lon="-117.331106" lat="33.975089"><ele>0.000000</ele><time>2024-10-25T18:40:24Z</time><extensions><speed>1.264989</speed><course>182.891722</course><hAcc>1.517418</hAcc><vAcc>-1.000000</vAcc></extensions></trkpt>
      <trkpt lon="-117.331107" lat="33.975078"><ele>0.000000</ele><time>2024-10-25T18:40:25Z</time><extensions><speed>1.313386</speed><course>183.997339</course><hAcc>1.516649</hAcc><vAcc>-1.000000</vAcc></extensions></trkpt>
      <trkpt lon="-117.331108" lat="33.975066"><ele>0.000000</ele><time>2024-10-25T18:40:26Z</time><extensions><speed>1.355419</speed><course>184.426742</course><hAcc>1.518114</hAcc><vAcc>-1.000000</vAcc></extensions></trkpt>
      <trkpt lon="-117.331110" lat="33.975053"><ele>0.000000</ele><time>2024-10-25T18:40:27Z</time><extensions><speed>1.394676</speed><course>184.338365</course><hAcc>1.530061</hAcc><vAcc>-1.000000</vAcc></extensions></trkpt>
      <trkpt lon="-117.331111" lat="33.975041"><ele>0.000000</ele><time>2024-10-25T18:40:28Z</time><extensions><speed>1.418227</speed><course>184.064664</course><hAcc>1.574733</hAcc><vAcc>-1.000000</vAcc></extensions></trkpt>
      <trkpt lon="-117.331112" lat="33.975028"><ele>0.000000</ele><time>2024-10-25T18:40:29Z</time><extensions><speed>1.410898</speed><course>183.856267</course><hAcc>1.688257</hAcc><vAcc>-1.000000</vAcc></extensions></trkpt>
      <trkpt lon="-117.331113" lat="33.975015"><ele>0.000000</ele><time>2024-10-25T18:40:30Z</time><extensions><speed>1.367479</speed><course>183.712610</course><hAcc>1.898187</hAcc><vAcc>-1.000000</vAcc></extensions></trkpt>
      <trkpt lon="-117.331114" lat="33.975003"><ele>0.000000</ele><time>2024-10-25T18:40:31Z</time><extensions><speed>1.328030</speed><course>183.097711</course><hAcc>2.181672</hAcc><vAcc>-1.000000</vAcc></extensions></trkpt>
      <trkpt lon="-117.331114" lat="33.974991"><ele>0.000000</ele><time>2024-10-25T18:40:32Z</time><extensions><speed>1.296712</speed><course>181.935734</course><hAcc>2.457157</hAcc><vAcc>-1.000000</vAcc></extensions></trkpt>
      <trkpt lon="-117.331115" lat="33.974979"><ele>0.000000</ele><time>2024-10-25T18:40:33Z</time><extensions><speed>1.302775</speed><course>180.650942</course><hAcc>2.695997</hAcc><vAcc>-1.000000</vAcc></extensions></trkpt>
      <trkpt lon="-117.331115" lat="33.974968"><ele>0.000000</ele><time>2024-10-25T18:40:34Z</time><extensions><speed>1.326974</speed><course>179.683710</course><hAcc>2.890259</hAcc><vAcc>-1.000000</vAcc></extensions></trkpt>
      <trkpt lon="-117.331114" lat="33.974956"><ele>0.000000</ele><time>2024-10-25T18:40:35Z</time><extensions><speed>1.341699</speed><course>179.157642</course><hAcc>3.044401</hAcc><vAcc>-1.000000</vAcc></extensions></trkpt>
      <trkpt lon="-117.331114" lat="33.974943"><ele>0.000000</ele><time>2024-10-25T18:40:36Z</time><extensions><speed>1.359317</speed><course>179.073806</course><hAcc>3.165355</hAcc><vAcc>-1.000000</vAcc></extensions></trkpt>
      <trkpt lon="-117.331114" lat="33.974931"><ele>0.000000</ele><time>2024-10-25T18:40:37Z</time><extensions><speed>1.388416</speed><course>179.301631</course><hAcc>3.259288</hAcc><vAcc>-1.000000</vAcc></extensions></trkpt>
      <trkpt lon="-117.331114" lat="33.974918"><ele>0.000000</ele><time>2024-10-25T18:40:38Z</time><extensions><speed>1.413029</speed><course>179.718345</course><hAcc>3.330842</hAcc><vAcc>-1.000000</vAcc></extensions></trkpt>
      <trkpt lon="-117.331114" lat="33.974906"><ele>0.000000</ele><time>2024-10-25T18:40:38Z</time><extensions><speed>1.429477</speed><course>180.237037</course><hAcc>3.383217</hAcc><vAcc>-1.000000</vAcc></extensions></trkpt>
      <trkpt lon="-117.331114" lat="33.974893"><ele>0.000000</ele><time>2024-10-25T18:40:39Z</time><extensions><speed>1.423726</speed><course>180.811051</course><hAcc>3.418522</hAcc><vAcc>-1.000000</vAcc></extensions></trkpt>
      <trkpt lon="-117.331114" lat="33.974880"><ele>0.000000</ele><time>2024-10-25T18:40:40Z</time><extensions><speed>1.389893</speed><course>181.429457</course><hAcc>3.438147</hAcc><vAcc>-1.000000</vAcc></extensions></trkpt>
      <trkpt lon="-117.331115" lat="33.974868"><ele>0.000000</ele><time>2024-10-25T18:40:41Z</time><extensions><speed>1.340759</speed><course>182.030115</course><hAcc>3.443075</hAcc><vAcc>-1.000000</vAcc></extensions></trkpt>
      <trkpt lon="-117.331115" lat="33.974856"><ele>0.000000</ele><time>2024-10-25T18:40:42Z</time><extensions><speed>1.266713</speed><course>182.550886</course><hAcc>3.434125</hAcc><vAcc>-1.000000</vAcc></extensions></trkpt>
      <trkpt lon="-117.331116" lat="33.974845"><ele>0.000000</ele><time>2024-10-25T18:40:43Z</time><extensions><speed>1.191804</speed><course>182.908422</course><hAcc>3.412120</hAcc><vAcc>-1.000000</vAcc></extensions></trkpt>
      <trkpt lon="-117.331117" lat="33.974834"><ele>0.000000</ele><time>2024-10-25T18:40:44Z</time><extensions><speed>1.114159</speed><course>183.221826</course><hAcc>3.377884</hAcc><vAcc>-1.000000</vAcc></extensions></trkpt>
      <trkpt lon="-117.331117" lat="33.974825"><ele>0.000000</ele><time>2024-10-25T18:40:45Z</time><extensions><speed>1.019653</speed><course>183.836159</course><hAcc>3.332497</hAcc><vAcc>-1.000000</vAcc></extensions></trkpt>
      <trkpt lon="-117.331118" lat="33.974816"><ele>0.000000</ele><time>2024-10-25T18:40:46Z</time><extensions><speed>0.916309</speed><course>185.060305</course><hAcc>3.277619</hAcc><vAcc>-1.000000</vAcc></extensions></trkpt>
      <trkpt lon="-117.331119" lat="33.974808"><ele>0.000000</ele><time>2024-10-25T18:40:47Z</time><extensions><speed>0.833290</speed><course>186.722783</course><hAcc>3.216006</hAcc><vAcc>-1.000000</vAcc></extensions></trkpt>
      <trkpt lon="-117.331120" lat="33.974801"><ele>0.000000</ele><time>2024-10-25T18:40:48Z</time><extensions><speed>0.770214</speed><course>188.396925</course><hAcc>3.152577</hAcc><vAcc>-1.000000</vAcc></extensions></trkpt>
      <trkpt lon="-117.331122" lat="33.974794"><ele>0.000000</ele><time>2024-10-25T18:40:49Z</time><extensions><speed>0.708951</speed><course>189.864261</course><hAcc>3.095509</hAcc><vAcc>-1.000000</vAcc></extensions></trkpt>
      <trkpt lon="-117.331123" lat="33.974788"><ele>0.000000</ele><time>2024-10-25T18:40:50Z</time><extensions><speed>0.639582</speed><course>190.988681</course><hAcc>3.055453</hAcc><vAcc>-1.000000</vAcc></extensions></trkpt>
      <trkpt lon="-117.331124" lat="33.974783"><ele>0.000000</ele><time>2024-10-25T18:40:51Z</time><extensions><speed>0.510747</speed><course>192.888692</course><hAcc>3.041669</hAcc><vAcc>-1.000000</vAcc></extensions></trkpt>
      <trkpt lon="-117.331125" lat="33.974780"><ele>0.000000</ele><time>2024-10-25T18:40:52Z</time><extensions><speed>0.392282</speed><course>194.777773</course><hAcc>3.058378</hAcc><vAcc>-1.000000</vAcc></extensions></trkpt>
      <trkpt lon="-117.331126" lat="33.974777"><ele>0.000000</ele><time>2024-10-25T18:40:53Z</time><extensions><speed>0.269271</speed><course>197.991277</course><hAcc>3.103537</hAcc><vAcc>-1.000000</vAcc></extensions></trkpt>
      <trkpt lon="-117.331127" lat="33.974775"><ele>0.000000</ele><time>2024-10-25T18:40:54Z</time><extensions><speed>0.160861</speed><course>204.397107</course><hAcc>3.168805</hAcc><vAcc>-1.000000</vAcc></extensions></trkpt>
      <trkpt lon="-117.331128" lat="33.974774"><ele>0.000000</ele><time>2024-10-25T18:40:55Z</time><extensions><speed>0.093144</speed><course>213.889460</course><hAcc>3.243070</hAcc><vAcc>-1.000000</vAcc></extensions></trkpt>
      <trkpt lon="-117.331128" lat="33.974774"><ele>0.000000</ele><time>2024-10-25T18:40:56Z</time><extensions><speed>0.048392</speed><course>238.802723</course><hAcc>3.316907</hAcc><vAcc>-1.000000</vAcc></extensions></trkpt>
      <trkpt lon="-117.331129" lat="33.974774"><ele>0.000000</ele><time>2024-10-25T18:40:57Z</time><extensions><speed>0.034701</speed><course>265.975987</course><hAcc>3.384124</hAcc><vAcc>-1.000000</vAcc></extensions></trkpt>
      <trkpt lon="-117.331129" lat="33.974774"><ele>0.000000</ele><time>2024-10-25T18:40:58Z</time><extensions><speed>0.031047</speed><course>271.968976</course><hAcc>3.441338</hAcc><vAcc>-1.000000</vAcc></extensions></trkpt>
      <trkpt lon="-117.331129" lat="33.974773"><ele>0.000000</ele><time>2024-10-25T18:40:59Z</time><extensions><speed>0.030722</speed><course>259.813942</course><hAcc>3.487009</hAcc><vAcc>-1.000000</vAcc></extensions></trkpt>
      <trkpt lon="-117.331130" lat="33.974773"><ele>0.000000</ele><time>2024-10-25T18:41:00Z</time><extensions><speed>0.037508</speed><course>238.149321</course><hAcc>3.520605</hAcc><vAcc>-1.000000</vAcc></extensions></trkpt>
      <trkpt lon="-117.331130" lat="33.974773"><ele>0.000000</ele><time>2024-10-25T18:41:01Z</time><extensions><speed>0.054717</speed><course>220.466984</course><hAcc>3.542034</hAcc><vAcc>-1.000000</vAcc></extensions></trkpt>
      <trkpt lon="-117.331131" lat="33.974772"><ele>0.000000</ele><time>2024-10-25T18:41:02Z</time><extensions><speed>0.082590</speed><course>209.564734</course><hAcc>3.551326</hAcc><vAcc>-1.000000</vAcc></extensions></trkpt>
      <trkpt lon="-117.331131" lat="33.974772"><ele>0.000000</ele><time>2024-10-25T18:41:03Z</time><extensions><speed>0.120936</speed><course>202.863112</course><hAcc>3.548492</hAcc><vAcc>-1.000000</vAcc></extensions></trkpt>
      <trkpt lon="-117.331132" lat="33.974770"><ele>0.000000</ele><time>2024-10-25T18:41:04Z</time><extensions><speed>0.176697</speed><course>197.761689</course><hAcc>3.533678</hAcc><vAcc>-1.000000</vAcc></extensions></trkpt>
      <trkpt lon="-117.331132" lat="33.974768"><ele>0.000000</ele><time>2024-10-25T18:41:05Z</time><extensions><speed>0.248361</speed><course>193.865585</course><hAcc>3.506877</hAcc><vAcc>-1.000000</vAcc></extensions></trkpt>
      <trkpt lon="-117.331133" lat="33.974766"><ele>0.000000</ele><time>2024-10-25T18:41:06Z</time><extensions><speed>0.337372</speed><course>190.509208</course><hAcc>3.468477</hAcc><vAcc>-1.000000</vAcc></extensions></trkpt>
      <trkpt lon="-117.331134" lat="33.974763"><ele>0.000000</ele><time>2024-10-25T18:41:07Z</time><extensions><speed>0.296833</speed><course>191.369419</course><hAcc>3.418865</hAcc><vAcc>-1.000000</vAcc></extensions></trkpt>
      <trkpt lon="-117.331134" lat="33.974761"><ele>0.000000</ele><time>2024-10-25T18:41:08Z</time><extensions><speed>0.222177</speed><course>193.548485</course><hAcc>3.357773</hAcc><vAcc>-1.000000</vAcc></extensions></trkpt>
      <trkpt lon="-117.331135" lat="33.974759"><ele>0.000000</ele><time>2024-10-25T18:41:09Z</time><extensions><speed>0.164489</speed><course>195.319512</course><hAcc>3.284365</hAcc><vAcc>-1.000000</vAcc></extensions></trkpt>
      <trkpt lon="-117.331135" lat="33.974758"><ele>0.000000</ele><time>2024-10-25T18:41:10Z</time><extensions><speed>0.120049</speed><course>196.052225</course><hAcc>3.197942</hAcc><vAcc>-1.000000</vAcc></extensions></trkpt>
      <trkpt lon="-117.331136" lat="33.974757"><ele>0.000000</ele><time>2024-10-25T18:41:11Z</time><extensions><speed>0.082054</speed><course>194.730232</course><hAcc>3.099148</hAcc><vAcc>-1.000000</vAcc></extensions></trkpt>
      <trkpt lon="-117.331136" lat="33.974756"><ele>0.000000</ele><time>2024-10-25T18:41:12Z</time><extensions><speed>0.041702</speed><course>187.583789</course><hAcc>2.990256</hAcc><vAcc>-1.000000</vAcc></extensions></trkpt>
      <trkpt lon="-117.331136" lat="33.974756"><ele>0.000000</ele><time>2024-10-25T18:41:13Z</time><extensions><speed>0.015841</speed><course>63.219777</course><hAcc>2.875562</hAcc><vAcc>-1.000000</vAcc></extensions></trkpt>
      <trkpt lon="-117.331135" lat="33.974757"><ele>0.000000</ele><time>2024-10-25T18:41:14Z</time><extensions><speed>0.086797</speed><course>27.425325</course><hAcc>2.761800</hAcc><vAcc>-1.000000</vAcc></extensions></trkpt>
      <trkpt lon="-117.331135" lat="33.974758"><ele>0.000000</ele><time>2024-10-25T18:41:15Z</time><extensions><speed>0.155360</speed><course>26.270548</course><hAcc>2.654994</hAcc><vAcc>-1.000000</vAcc></extensions></trkpt>
      <trkpt lon="-117.331134" lat="33.974759"><ele>0.000000</ele><time>2024-10-25T18:41:16Z</time><extensions><speed>0.206928</speed><course>27.308704</course><hAcc>2.556097</hAcc><vAcc>-1.000000</vAcc></extensions></trkpt>
      <trkpt lon="-117.331133" lat="33.974761"><ele>0.000000</ele><time>2024-10-25T18:41:17Z</time><extensions><speed>0.237475</speed><course>29.124498</course><hAcc>2.466609</hAcc><vAcc>-1.000000</vAcc></extensions></trkpt>
      <trkpt lon="-117.331131" lat="33.974763"><ele>0.000000</ele><time>2024-10-25T18:41:18Z</time><extensions><speed>0.244452</speed><course>31.877500</course><hAcc>2.392497</hAcc><vAcc>-1.000000</vAcc></extensions></trkpt>
      <trkpt lon="-117.331130" lat="33.974764"><ele>0.000000</ele><time>2024-10-25T18:41:19Z</time><extensions><speed>0.220203</speed><course>37.570796</course><hAcc>2.337154</hAcc><vAcc>-1.000000</vAcc></extensions></trkpt>
      <trkpt lon="-117.331129" lat="33.974766"><ele>0.000000</ele><time>2024-10-25T18:41:20Z</time><extensions><speed>0.188183</speed><course>44.345569</course><hAcc>2.297196</hAcc><vAcc>-1.000000</vAcc></extensions></trkpt>
      <trkpt lon="-117.331127" lat="33.974767"><ele>0.000000</ele><time>2024-10-25T18:41:21Z</time><extensions><speed>0.157650</speed><course>50.079967</course><hAcc>2.269295</hAcc><vAcc>-1.000000</vAcc></extensions></trkpt>
      <trkpt lon="-117.331126" lat="33.974767"><ele>0.000000</ele><time>2024-10-25T18:41:22Z</time><extensions><speed>0.124382</speed><course>55.803255</course><hAcc>2.247982</hAcc><vAcc>-1.000000</vAcc></extensions></trkpt>
      <trkpt lon="-117.331125" lat="33.974768"><ele>0.000000</ele><time>2024-10-25T18:41:23Z</time><extensions><speed>0.097181</speed><course>54.957070</course><hAcc>2.225179</hAcc><vAcc>-1.000000</vAcc></extensions></trkpt>
      <trkpt lon="-117.331124" lat="33.974769"><ele>0.000000</ele><time>2024-10-25T18:41:24Z</time><extensions><speed>0.081341</speed><course>42.889593</course><hAcc>2.195885</hAcc><vAcc>-1.000000</vAcc></extensions></trkpt>
      <trkpt lon="-117.331124" lat="33.974769"><ele>0.000000</ele><time>2024-10-25T18:41:25Z</time><extensions><speed>0.084608</speed><course>24.268074</course><hAcc>2.155486</hAcc><vAcc>-1.000000</vAcc></extensions></trkpt>
      <trkpt lon="-117.331123" lat="33.974770"><ele>0.000000</ele><time>2024-10-25T18:41:26Z</time><extensions><speed>0.112348</speed><course>9.960041</course><hAcc>2.103141</hAcc><vAcc>-1.000000</vAcc></extensions></trkpt>
      <trkpt lon="-117.331123" lat="33.974771"><ele>0.000000</ele><time>2024-10-25T18:41:27Z</time><extensions><speed>0.160895</speed><course>3.278188</course><hAcc>2.053424</hAcc><vAcc>-1.000000</vAcc></extensions></trkpt>
      <trkpt lon="-117.331123" lat="33.974773"><ele>0.000000</ele><time>2024-10-25T18:41:28Z</time><extensions><speed>0.224739</speed><course>0.817046</course><hAcc>2.027772</hAcc><vAcc>-1.000000</vAcc></extensions></trkpt>
      <trkpt lon="-117.331123" lat="33.974775"><ele>0.000000</ele><time>2024-10-25T18:41:29Z</time><extensions><speed>0.278044</speed><course>0.042566</course><hAcc>2.034762</hAcc><vAcc>-1.000000</vAcc></extensions></trkpt>
      <trkpt lon="-117.331123" lat="33.974778"><ele>0.000000</ele><time>2024-10-25T18:41:30Z</time><extensions><speed>0.310285</speed><course>359.824722</course><hAcc>2.068819</hAcc><vAcc>-1.000000</vAcc></extensions></trkpt>
      <trkpt lon="-117.331123" lat="33.974780"><ele>0.000000</ele><time>2024-10-25T18:41:31Z</time><extensions><speed>0.230248</speed><course>359.648624</course><hAcc>2.112964</hAcc><vAcc>-1.000000</vAcc></extensions></trkpt>
      <trkpt lon="-117.331123" lat="33.974782"><ele>0.000000</ele><time>2024-10-25T18:41:32Z</time><extensions><speed>0.179856</speed><course>359.586557</course><hAcc>2.152976</hAcc><vAcc>-1.000000</vAcc></extensions></trkpt>
      <trkpt lon="-117.331123" lat="33.974784"><ele>0.000000</ele><time>2024-10-25T18:41:33Z</time><extensions><speed>0.158130</speed><course>359.666257</course><hAcc>2.189998</hAcc><vAcc>-1.000000</vAcc></extensions></trkpt>
      <trkpt lon="-117.331123" lat="33.974785"><ele>0.000000</ele><time>2024-10-25T18:41:34Z</time><extensions><speed>0.143523</speed><course>359.791842</course><hAcc>2.229268</hAcc><vAcc>-1.000000</vAcc></extensions></trkpt>
      <trkpt lon="-117.331123" lat="33.974786"><ele>0.000000</ele><time>2024-10-25T18:41:35Z</time><extensions><speed>0.131091</speed><course>359.915102</course><hAcc>2.269765</hAcc><vAcc>-1.000000</vAcc></extensions></trkpt>
      <trkpt lon="-117.331123" lat="33.974787"><ele>0.000000</ele><time>2024-10-25T18:41:36Z</time><extensions><speed>0.113315</speed><course>0.010052</course><hAcc>2.307669</hAcc><vAcc>-1.000000</vAcc></extensions></trkpt>
      <trkpt lon="-117.331123" lat="33.974788"><ele>0.000000</ele><time>2024-10-25T18:41:37Z</time><extensions><speed>0.084352</speed><course>0.075899</course><hAcc>2.334861</hAcc><vAcc>-1.000000</vAcc></extensions></trkpt>
      <trkpt lon="-117.331123" lat="33.974789"><ele>0.000000</ele><time>2024-10-25T18:41:38Z</time><extensions><speed>0.064060</speed><course>0.143208</course><hAcc>2.339988</hAcc><vAcc>-1.000000</vAcc></extensions></trkpt>
      <trkpt lon="-117.331123" lat="33.974789"><ele>0.000000</ele><time>2024-10-25T18:41:39Z</time><extensions><speed>0.050049</speed><course>0.200699</course><hAcc>2.317595</hAcc><vAcc>-1.000000</vAcc></extensions></trkpt>
      <trkpt lon="-117.331123" lat="33.974790"><ele>0.000000</ele><time>2024-10-25T18:41:40Z</time><extensions><speed>0.037833</speed><course>0.242142</course><hAcc>2.270282</hAcc><vAcc>-1.000000</vAcc></extensions></trkpt>
      <trkpt lon="-117.331123" lat="33.974790"><ele>0.000000</ele><time>2024-10-25T18:41:41Z</time><extensions><speed>0.028652</speed><course>0.258818</course><hAcc>2.208272</hAcc><vAcc>-1.000000</vAcc></extensions></trkpt>
      <trkpt lon="-117.331123" lat="33.974790"><ele>0.000000</ele><time>2024-10-25T18:41:42Z</time><extensions><speed>0.025758</speed><course>0.226402</course><hAcc>2.148401</hAcc><vAcc>-1.000000</vAcc></extensions></trkpt>
      <trkpt lon="-117.331123" lat="33.974791"><ele>0.000000</ele><time>2024-10-25T18:41:43Z</time><extensions><speed>0.021772</speed><course>0.157840</course><hAcc>2.104044</hAcc><vAcc>-1.000000</vAcc></extensions></trkpt>
      <trkpt lon="-117.331123" lat="33.974791"><ele>0.000000</ele><time>2024-10-25T18:41:44Z</time><extensions><speed>0.023324</speed><course>0.076182</course><hAcc>2.078389</hAcc><vAcc>-1.000000</vAcc></extensions></trkpt>
      <trkpt lon="-117.331123" lat="33.974791"><ele>0.000000</ele><time>2024-10-25T18:41:45Z</time><extensions><speed>0.024135</speed><course>359.996752</course><hAcc>2.063705</hAcc><vAcc>-1.000000</vAcc></extensions></trkpt>
      <trkpt lon="-117.331123" lat="33.974791"><ele>0.000000</ele><time>2024-10-25T18:41:46Z</time><extensions><speed>0.019023</speed><course>359.818176</course><hAcc>2.037444</hAcc><vAcc>-1.000000</vAcc></extensions></trkpt>
      <trkpt lon="-117.331123" lat="33.974792"><ele>0.000000</ele><time>2024-10-25T18:41:47Z</time><extensions><speed>0.009362</speed><course>359.076079</course><hAcc>1.980393</hAcc><vAcc>-1.000000</vAcc></extensions></trkpt>
      <trkpt lon="-117.331123" lat="33.974792"><ele>0.000000</ele><time>2024-10-25T18:41:48Z</time><extensions><speed>0.001953</speed><course>352.194068</course><hAcc>1.893888</hAcc><vAcc>-1.000000</vAcc></extensions></trkpt>
      <trkpt lon="-117.331123" lat="33.974792"><ele>0.000000</ele><time>2024-10-25T18:41:49Z</time><extensions><speed>0.004709</speed><course>355.064288</course><hAcc>1.802971</hAcc><vAcc>-1.000000</vAcc></extensions></trkpt>
      <trkpt lon="-117.331123" lat="33.974792"><ele>0.000000</ele><time>2024-10-25T18:41:50Z</time><extensions><speed>0.023173</speed><course>358.540663</course><hAcc>1.743295</hAcc><vAcc>-1.000000</vAcc></extensions></trkpt>
      <trkpt lon="-117.331123" lat="33.974792"><ele>0.000000</ele><time>2024-10-25T18:41:51Z</time><extensions><speed>0.034496</speed><course>359.192719</course><hAcc>1.746250</hAcc><vAcc>-1.000000</vAcc></extensions></trkpt>
      <trkpt lon="-117.331123" lat="33.974792"><ele>0.000000</ele><time>2024-10-25T18:41:52Z</time><extensions><speed>0.020588</speed><course>357.789561</course><hAcc>1.810084</hAcc><vAcc>-1.000000</vAcc></extensions></trkpt>
      <trkpt lon="-117.331123" lat="33.974793"><ele>0.000000</ele><time>2024-10-25T18:41:52Z</time><extensions><speed>0.029264</speed><course>358.230387</course><hAcc>1.876983</hAcc><vAcc>-1.000000</vAcc></extensions></trkpt>
      <trkpt lon="-117.331123" lat="33.974793"><ele>0.000000</ele><time>2024-10-25T18:41:53Z</time><extensions><speed>0.024942</speed><course>183.929220</course><hAcc>1.981035</hAcc><vAcc>-1.000000</vAcc></extensions></trkpt>
      <trkpt lon="-117.331123" lat="33.974792"><ele>0.000000</ele><time>2024-10-25T18:41:54Z</time><extensions><speed>0.085880</speed><course>182.099907</course><hAcc>2.055073</hAcc><vAcc>-1.000000</vAcc></extensions></trkpt>
      <trkpt lon="-117.331123" lat="33.974791"><ele>0.000000</ele><time>2024-10-25T18:41:55Z</time><extensions><speed>0.158851</speed><course>181.978721</course><hAcc>2.103971</hAcc><vAcc>-1.000000</vAcc></extensions></trkpt>
      <trkpt lon="-117.331123" lat="33.974789"><ele>0.000000</ele><time>2024-10-25T18:41:56Z</time><extensions><speed>0.262621</speed><course>181.950825</course><hAcc>2.127460</hAcc><vAcc>-1.000000</vAcc></extensions></trkpt>
      <trkpt lon="-117.331124" lat="33.974786"><ele>0.000000</ele><time>2024-10-25T18:41:57Z</time><extensions><speed>0.424676</speed><course>181.872150</course><hAcc>2.134623</hAcc><vAcc>-1.000000</vAcc></extensions></trkpt>
      <trkpt lon="-117.331124" lat="33.974781"><ele>0.000000</ele><time>2024-10-25T18:41:58Z</time><extensions><speed>0.663344</speed><course>181.710724</course><hAcc>2.133719</hAcc><vAcc>-1.000000</vAcc></extensions></trkpt>
      <trkpt lon="-117.331124" lat="33.974774"><ele>0.000000</ele><time>2024-10-25T18:41:59Z</time><extensions><speed>0.991270</speed><course>181.535821</course><hAcc>2.130440</hAcc><vAcc>-1.000000</vAcc></extensions></trkpt>
      <trkpt lon="-117.331124" lat="33.974763"><ele>0.000000</ele><time>2024-10-25T18:42:00Z</time><extensions><speed>1.388349</speed><course>181.254867</course><hAcc>2.132066</hAcc><vAcc>-1.000000</vAcc></extensions></trkpt>
      <trkpt lon="-117.331125" lat="33.974749"><ele>0.000000</ele><time>2024-10-25T18:42:01Z</time><extensions><speed>1.657968</speed><course>180.943593</course><hAcc>2.139882</hAcc><vAcc>-1.000000</vAcc></extensions></trkpt>
      <trkpt lon="-117.331125" lat="33.974734"><ele>0.000000</ele><time>2024-10-25T18:42:02Z</time><extensions><speed>1.766568</speed><course>180.535554</course><hAcc>2.148724</hAcc><vAcc>-1.000000</vAcc></extensions></trkpt>
      <trkpt lon="-117.331125" lat="33.974718"><ele>0.000000</ele><time>2024-10-25T18:42:03Z</time><extensions><speed>1.739702</speed><course>179.929930</course><hAcc>2.156060</hAcc><vAcc>-1.000000</vAcc></extensions></trkpt>
      <trkpt lon="-117.331125" lat="33.974703"><ele>0.000000</ele><time>2024-10-25T18:42:04Z</time><extensions><speed>1.593932</speed><course>179.029247</course><hAcc>2.159687</hAcc><vAcc>-1.000000</vAcc></extensions></trkpt>
      <trkpt lon="-117.331124" lat="33.974689"><ele>0.000000</ele><time>2024-10-25T18:42:05Z</time><extensions><speed>1.481990</speed><course>177.852112</course><hAcc>2.157068</hAcc><vAcc>-1.000000</vAcc></extensions></trkpt>
      <trkpt lon="-117.331124" lat="33.974676"><ele>0.000000</ele><time>2024-10-25T18:42:06Z</time><extensions><speed>1.415513</speed><course>176.585717</course><hAcc>2.149072</hAcc><vAcc>-1.000000</vAcc></extensions></trkpt>
      <trkpt lon="-117.331123" lat="33.974664"><ele>0.000000</ele><time>2024-10-25T18:42:07Z</time><extensions><speed>1.336326</speed><course>175.344646</course><hAcc>2.134854</hAcc><vAcc>-1.000000</vAcc></extensions></trkpt>
      <trkpt lon="-117.331121" lat="33.974652"><ele>0.000000</ele><time>2024-10-25T18:42:08Z</time><extensions><speed>1.270295</speed><course>174.325960</course><hAcc>2.113566</hAcc><vAcc>-1.000000</vAcc></extensions></trkpt>
      <trkpt lon="-117.331120" lat="33.974641"><ele>0.000000</ele><time>2024-10-25T18:42:09Z</time><extensions><speed>1.217343</speed><course>173.914007</course><hAcc>2.092726</hAcc><vAcc>-1.000000</vAcc></extensions></trkpt>
      <trkpt lon="-117.331119" lat="33.974630"><ele>0.000000</ele><time>2024-10-25T18:42:10Z</time><extensions><speed>1.213347</speed><course>174.272701</course><hAcc>2.081833</hAcc><vAcc>-1.000000</vAcc></extensions></trkpt>
      <trkpt lon="-117.331117" lat="33.974619"><ele>0.000000</ele><time>2024-10-25T18:42:11Z</time><extensions><speed>1.335949</speed><course>175.242358</course><hAcc>2.082222</hAcc><vAcc>-1.000000</vAcc></extensions></trkpt>
      <trkpt lon="-117.331116" lat="33.974606"><ele>0.000000</ele><time>2024-10-25T18:42:12Z</time><extensions><speed>1.435326</speed><course>176.130177</course><hAcc>2.089143</hAcc><vAcc>-1.000000</vAcc></extensions></trkpt>
      <trkpt lon="-117.331115" lat="33.974594"><ele>0.000000</ele><time>2024-10-25T18:42:13Z</time><extensions><speed>1.444279</speed><course>177.107711</course><hAcc>2.094738</hAcc><vAcc>-1.000000</vAcc></extensions></trkpt>
      <trkpt lon="-117.331115" lat="33.974581"><ele>0.000000</ele><time>2024-10-25T18:42:14Z</time><extensions><speed>1.422715</speed><course>179.464744</course><hAcc>2.094470</hAcc><vAcc>-1.000000</vAcc></extensions></trkpt>
      <trkpt lon="-117.331115" lat="33.974568"><ele>0.000000</ele><time>2024-10-25T18:42:15Z</time><extensions><speed>1.402183</speed><course>181.925779</course><hAcc>2.091345</hAcc><vAcc>-1.000000</vAcc></extensions></trkpt>
      <trkpt lon="-117.331116" lat="33.974556"><ele>0.000000</ele><time>2024-10-25T18:42:16Z</time><extensions><speed>1.361478</speed><course>184.741943</course><hAcc>2.086027</hAcc><vAcc>-1.000000</vAcc></extensions></trkpt>
      <trkpt lon="-117.331117" lat="33.974544"><ele>0.000000</ele><time>2024-10-25T18:42:17Z</time><extensions><speed>1.336126</speed><course>187.550766</course><hAcc>2.077039</hAcc><vAcc>-1.000000</vAcc></extensions></trkpt>
      <trkpt lon="-117.331119" lat="33.974532"><ele>0.000000</ele><time>2024-10-25T18:42:18Z</time><extensions><speed>1.310440</speed><course>189.433625</course><hAcc>2.067338</hAcc><vAcc>-1.000000</vAcc></extensions></trkpt>
      <trkpt lon="-117.331122" lat="33.974521"><ele>0.000000</ele><time>2024-10-25T18:42:19Z</time><extensions><speed>1.221224</speed><course>190.283662</course><hAcc>2.057776</hAcc><vAcc>-1.000000</vAcc></extensions></trkpt>
      <trkpt lon="-117.331124" lat="33.974510"><ele>0.000000</ele><time>2024-10-25T18:42:20Z</time><extensions><speed>1.244942</speed><course>188.570356</course><hAcc>2.046486</hAcc><vAcc>-1.000000</vAcc></extensions></trkpt>
      <trkpt lon="-117.331126" lat="33.974498"><ele>0.000000</ele><time>2024-10-25T18:42:21Z</time><extensions><speed>1.369994</speed><course>184.509237</course><hAcc>2.035489</hAcc><vAcc>-1.000000</vAcc></extensions></trkpt>
      <trkpt lon="-117.331126" lat="33.974485"><ele>0.000000</ele><time>2024-10-25T18:42:22Z</time><extensions><speed>1.529342</speed><course>178.673317</course><hAcc>2.024792</hAcc><vAcc>-1.000000</vAcc></extensions></trkpt>
      <trkpt lon="-117.331125" lat="33.974471"><ele>0.000000</ele><time>2024-10-25T18:42:23Z</time><extensions><speed>1.654312</speed><course>170.802169</course><hAcc>2.014187</hAcc><vAcc>-1.000000</vAcc></extensions></trkpt>
      <trkpt lon="-117.331120" lat="33.974458"><ele>0.000000</ele><time>2024-10-25T18:42:24Z</time><extensions><speed>1.494885</speed><course>157.127752</course><hAcc>2.012285</hAcc><vAcc>-1.000000</vAcc></extensions></trkpt>
      <trkpt lon="-117.331114" lat="33.974447"><ele>0.000000</ele><time>2024-10-25T18:42:25Z</time><extensions><speed>1.159590</speed><course>153.974283</course><hAcc>2.024254</hAcc><vAcc>-1.000000</vAcc></extensions></trkpt>
      <trkpt lon="-117.331109" lat="33.974439"><ele>0.000000</ele><time>2024-10-25T18:42:26Z</time><extensions><speed>0.907795</speed><course>144.951385</course><hAcc>2.037546</hAcc><vAcc>-1.000000</vAcc></extensions></trkpt>
      <trkpt lon="-117.331102" lat="33.974433"><ele>0.000000</ele><time>2024-10-25T18:42:27Z</time><extensions><speed>0.823822</speed><course>128.695640</course><hAcc>2.036575</hAcc><vAcc>-1.000000</vAcc></extensions></trkpt>
      <trkpt lon="-117.331094" lat="33.974429"><ele>0.000000</ele><time>2024-10-25T18:42:28Z</time><extensions><speed>0.888756</speed><course>113.876272</course><hAcc>2.010725</hAcc><vAcc>-1.000000</vAcc></extensions></trkpt>
      <trkpt lon="-117.331084" lat="33.974427"><ele>0.000000</ele><time>2024-10-25T18:42:29Z</time><extensions><speed>1.107688</speed><course>102.711835</course><hAcc>1.963681</hAcc><vAcc>-1.000000</vAcc></extensions></trkpt>
      <trkpt lon="-117.331071" lat="33.974425"><ele>0.000000</ele><time>2024-10-25T18:42:30Z</time><extensions><speed>1.436707</speed><course>96.642681</course><hAcc>1.930844</hAcc><vAcc>-1.000000</vAcc></extensions></trkpt>
      <trkpt lon="-117.331054" lat="33.974424"><ele>0.000000</ele><time>2024-10-25T18:42:31Z</time><extensions><speed>1.739308</speed><course>93.120936</course><hAcc>1.947966</hAcc><vAcc>-1.000000</vAcc></extensions></trkpt>
      <trkpt lon="-117.331034" lat="33.974423"><ele>0.000000</ele><time>2024-10-25T18:42:32Z</time><extensions><speed>1.880963</speed><course>90.613191</course><hAcc>2.000232</hAcc><vAcc>-1.000000</vAcc></extensions></trkpt>
      <trkpt lon="-117.331014" lat="33.974423"><ele>0.000000</ele><time>2024-10-25T18:42:33Z</time><extensions><speed>1.896155</speed><course>89.472477</course><hAcc>2.053728</hAcc><vAcc>-1.000000</vAcc></extensions></trkpt>
      <trkpt lon="-117.330994" lat="33.974423"><ele>0.000000</ele><time>2024-10-25T18:42:34Z</time><extensions><speed>1.792956</speed><course>90.193314</course><hAcc>2.090282</hAcc><vAcc>-1.000000</vAcc></extensions></trkpt>
      <trkpt lon="-117.330975" lat="33.974423"><ele>0.000000</ele><time>2024-10-25T18:42:35Z</time><extensions><speed>1.711560</speed><course>93.745225</course><hAcc>2.107990</hAcc><vAcc>-1.000000</vAcc></extensions></trkpt>
      <trkpt lon="-117.330957" lat="33.974421"><ele>0.000000</ele><time>2024-10-25T18:42:36Z</time><extensions><speed>1.689913</speed><course>101.047951</course><hAcc>2.112823</hAcc><vAcc>-1.000000</vAcc></extensions></trkpt>
      <trkpt lon="-117.330939" lat="33.974416"><ele>0.000000</ele><time>2024-10-25T18:42:37Z</time><extensions><speed>1.698610</speed><course>111.679768</course><hAcc>2.106531</hAcc><vAcc>-1.000000</vAcc></extensions></trkpt>
      <trkpt lon="-117.330923" lat="33.974409"><ele>0.000000</ele><time>2024-10-25T18:42:38Z</time><extensions><speed>1.780622</speed><course>123.081586</course><hAcc>2.088652</hAcc><vAcc>-1.000000</vAcc></extensions></trkpt>
      <trkpt lon="-117.330907" lat="33.974400"><ele>0.000000</ele><time>2024-10-25T18:42:39Z</time><extensions><speed>1.836391</speed><course>131.989665</course><hAcc>2.067987</hAcc><vAcc>-1.000000</vAcc></extensions></trkpt>
      <trkpt lon="-117.330894" lat="33.974388"><ele>0.000000</ele><time>2024-10-25T18:42:40Z</time><extensions><speed>1.747280</speed><course>138.977269</course><hAcc>2.059730</hAcc><vAcc>-1.000000</vAcc></extensions></trkpt>
      <trkpt lon="-117.330883" lat="33.974376"><ele>0.000000</ele><time>2024-10-25T18:42:41Z</time><extensions><speed>1.617182</speed><course>145.981686</course><hAcc>2.073646</hAcc><vAcc>-1.000000</vAcc></extensions></trkpt>
      <trkpt lon="-117.330874" lat="33.974364"><ele>0.000000</ele><time>2024-10-25T18:42:42Z</time><extensions><speed>1.455764</speed><course>150.985954</course><hAcc>2.107230</hAcc><vAcc>-1.000000</vAcc></extensions></trkpt>
      <trkpt lon="-117.330867" lat="33.974353"><ele>0.000000</ele><time>2024-10-25T18:42:43Z</time><extensions><speed>1.157722</speed><course>156.508508</course><hAcc>2.140318</hAcc><vAcc>-1.000000</vAcc></extensions></trkpt>
      <trkpt lon="-117.330863" lat="33.974344"><ele>0.000000</ele><time>2024-10-25T18:42:44Z</time><extensions><speed>1.040407</speed><course>161.179481</course><hAcc>2.162858</hAcc><vAcc>-1.000000</vAcc></extensions></trkpt>
      <trkpt lon="-117.330860" lat="33.974335"><ele>0.000000</ele><time>2024-10-25T18:42:45Z</time><extensions><speed>1.067893</speed><course>164.875222</course><hAcc>2.187677</hAcc><vAcc>-1.000000</vAcc></extensions></trkpt>
      <trkpt lon="-117.330857" lat="33.974326"><ele>0.000000</ele><time>2024-10-25T18:42:46Z</time><extensions><speed>1.145058</speed><course>168.080969</course><hAcc>2.217337</hAcc><vAcc>-1.000000</vAcc></extensions></trkpt>
      <trkpt lon="-117.330854" lat="33.974315"><ele>0.000000</ele><time>2024-10-25T18:42:47Z</time><extensions><speed>1.308261</speed><course>169.799828</course><hAcc>2.253482</hAcc><vAcc>-1.000000</vAcc></extensions></trkpt>
      <trkpt lon="-117.330852" lat="33.974303"><ele>0.000000</ele><time>2024-10-25T18:42:48Z</time><extensions><speed>1.401804</speed><course>170.769887</course><hAcc>2.294482</hAcc><vAcc>-1.000000</vAcc></extensions></trkpt>
      <trkpt lon="-117.330850" lat="33.974290"><ele>0.000000</ele><time>2024-10-25T18:42:49Z</time><extensions><speed>1.361708</speed><course>170.498769</course><hAcc>2.331722</hAcc><vAcc>-1.000000</vAcc></extensions></trkpt>
      <trkpt lon="-117.330847" lat="33.974279"><ele>0.000000</ele><time>2024-10-25T18:42:50Z</time><extensions><speed>1.265012</speed><course>169.744853</course><hAcc>2.354639</hAcc><vAcc>-1.000000</vAcc></extensions></trkpt>
      <trkpt lon="-117.330845" lat="33.974268"><ele>0.000000</ele><time>2024-10-25T18:42:51Z</time><extensions><speed>1.262232</speed><course>169.954561</course><hAcc>2.358212</hAcc><vAcc>-1.000000</vAcc></extensions></trkpt>
      <trkpt lon="-117.330842" lat="33.974256"><ele>0.000000</ele><time>2024-10-25T18:42:52Z</time><extensions><speed>1.300560</speed><course>170.695626</course><hAcc>2.344034</hAcc><vAcc>-1.000000</vAcc></extensions></trkpt>
      <trkpt lon="-117.330840" lat="33.974244"><ele>0.000000</ele><time>2024-10-25T18:42:53Z</time><extensions><speed>1.422455</speed><course>172.181075</course><hAcc>2.320817</hAcc><vAcc>-1.000000</vAcc></extensions></trkpt>
      <trkpt lon="-117.330838" lat="33.974231"><ele>0.000000</ele><time>2024-10-25T18:42:54Z</time><extensions><speed>1.488475</speed><course>173.336859</course><hAcc>2.301272</hAcc><vAcc>-1.000000</vAcc></extensions></trkpt>
      <trkpt lon="-117.330836" lat="33.974218"><ele>0.000000</ele><time>2024-10-25T18:42:55Z</time><extensions><speed>1.482849</speed><course>174.276649</course><hAcc>2.293081</hAcc><vAcc>-1.000000</vAcc></extensions></trkpt>
      <trkpt lon="-117.330835" lat="33.974205"><ele>0.000000</ele><time>2024-10-25T18:42:56Z</time><extensions><speed>1.464038</speed><course>175.419448</course><hAcc>2.298190</hAcc><vAcc>-1.000000</vAcc></extensions></trkpt>
      <trkpt lon="-117.330834" lat="33.974192"><ele>0.000000</ele><time>2024-10-25T18:42:57Z</time><extensions><speed>1.434616</speed><course>176.745213</course><hAcc>2.316303</hAcc><vAcc>-1.000000</vAcc></extensions></trkpt>
      <trkpt lon="-117.330833" lat="33.974179"><ele>0.000000</ele><time>2024-10-25T18:42:58Z</time><extensions><speed>1.387313</speed><course>178.043121</course><hAcc>2.339865</hAcc><vAcc>-1.000000</vAcc></extensions></trkpt>
      <trkpt lon="-117.330833" lat="33.974167"><ele>0.000000</ele><time>2024-10-25T18:42:59Z</time><extensions><speed>1.340038</speed><course>179.165154</course><hAcc>2.355822</hAcc><vAcc>-1.000000</vAcc></extensions></trkpt>
      <trkpt lon="-117.330833" lat="33.974155"><ele>0.000000</ele><time>2024-10-25T18:43:00Z</time><extensions><speed>1.294198</speed><course>180.039612</course><hAcc>2.355535</hAcc><vAcc>-1.000000</vAcc></extensions></trkpt>
      <trkpt lon="-117.330833" lat="33.974144"><ele>0.000000</ele><time>2024-10-25T18:43:01Z</time><extensions><speed>1.241984</speed><course>180.659430</course><hAcc>2.338444</hAcc><vAcc>-1.000000</vAcc></extensions></trkpt>
      <trkpt lon="-117.330833" lat="33.974133"><ele>0.000000</ele><time>2024-10-25T18:43:02Z</time><extensions><speed>1.196263</speed><course>181.041781</course><hAcc>2.311525</hAcc><vAcc>-1.000000</vAcc></extensions></trkpt>
      <trkpt lon="-117.330833" lat="33.974122"><ele>0.000000</ele><time>2024-10-25T18:43:03Z</time><extensions><speed>1.156694</speed><course>181.258885</course><hAcc>2.285264</hAcc><vAcc>-1.000000</vAcc></extensions></trkpt>
      <trkpt lon="-117.330834" lat="33.974112"><ele>0.000000</ele><time>2024-10-25T18:43:04Z</time><extensions><speed>1.113747</speed><course>181.372865</course><hAcc>2.264538</hAcc><vAcc>-1.000000</vAcc></extensions></trkpt>
      <trkpt lon="-117.330834" lat="33.974102"><ele>0.000000</ele><time>2024-10-25T18:43:05Z</time><extensions><speed>1.082916</speed><course>181.485078</course><hAcc>2.248443</hAcc><vAcc>-1.000000</vAcc></extensions></trkpt>
      <trkpt lon="-117.330834" lat="33.974092"><ele>0.000000</ele><time>2024-10-25T18:43:06Z</time><extensions><speed>1.060034</speed><course>181.688577</course><hAcc>2.237135</hAcc><vAcc>-1.000000</vAcc></extensions></trkpt>
      <trkpt lon="-117.330835" lat="33.974083"><ele>0.000000</ele><time>2024-10-25T18:43:07Z</time><extensions><speed>1.049072</speed><course>182.071931</course><hAcc>2.229997</hAcc><vAcc>-1.000000</vAcc></extensions></trkpt>
      <trkpt lon="-117.330835" lat="33.974074"><ele>0.000000</ele><time>2024-10-25T18:43:08Z</time><extensions><speed>1.063932</speed><course>182.695463</course><hAcc>2.225219</hAcc><vAcc>-1.000000</vAcc></extensions></trkpt>
      <trkpt lon="-117.330836" lat="33.974064"><ele>0.000000</ele><time>2024-10-25T18:43:09Z</time><extensions><speed>1.100125</speed><course>183.586784</course><hAcc>2.224414</hAcc><vAcc>-1.000000</vAcc></extensions></trkpt>
      <trkpt lon="-117.330837" lat="33.974054"><ele>0.000000</ele><time>2024-10-25T18:43:10Z</time><extensions><speed>1.153682</speed><course>185.076949</course><hAcc>2.229667</hAcc><vAcc>-1.000000</vAcc></extensions></trkpt>
      <trkpt lon="-117.330838" lat="33.974043"><ele>0.000000</ele><time>2024-10-25T18:43:11Z</time><extensions><speed>1.216055</speed><course>186.899235</course><hAcc>2.241362</hAcc><vAcc>-1.000000</vAcc></extensions></trkpt>
      <trkpt lon="-117.330840" lat="33.974032"><ele>0.000000</ele><time>2024-10-25T18:43:12Z</time><extensions><speed>1.292979</speed><course>187.635483</course><hAcc>2.259955</hAcc><vAcc>-1.000000</vAcc></extensions></trkpt>
      <trkpt lon="-117.330842" lat="33.974020"><ele>0.000000</ele><time>2024-10-25T18:43:13Z</time><extensions><speed>1.326220</speed><course>187.777913</course><hAcc>2.284116</hAcc><vAcc>-1.000000</vAcc></extensions></trkpt>
      <trkpt lon="-117.330844" lat="33.974008"><ele>0.000000</ele><time>2024-10-25T18:43:14Z</time><extensions><speed>1.344636</speed><course>186.954704</course><hAcc>2.311976</hAcc><vAcc>-1.000000</vAcc></extensions></trkpt>
      <trkpt lon="-117.330845" lat="33.973996"><ele>0.000000</ele><time>2024-10-25T18:43:15Z</time><extensions><speed>1.288672</speed><course>184.954573</course><hAcc>2.343161</hAcc><vAcc>-1.000000</vAcc></extensions></trkpt>
      <trkpt lon="-117.330846" lat="33.973985"><ele>0.000000</ele><time>2024-10-25T18:43:16Z</time><extensions><speed>1.209420</speed><course>181.062077</course><hAcc>2.373754</hAcc><vAcc>-1.000000</vAcc></extensions></trkpt>
      <trkpt lon="-117.330845" lat="33.973975"><ele>0.000000</ele><time>2024-10-25T18:43:17Z</time><extensions><speed>1.123759</speed><course>174.537887</course><hAcc>2.395949</hAcc><vAcc>-1.000000</vAcc></extensions></trkpt>
      <trkpt lon="-117.330843" lat="33.973965"><ele>0.000000</ele><time>2024-10-25T18:43:18Z</time><extensions><speed>1.044555</speed><course>165.060100</course><hAcc>2.406151</hAcc><vAcc>-1.000000</vAcc></extensions></trkpt>
      <trkpt lon="-117.330840" lat="33.973957"><ele>0.000000</ele><time>2024-10-25T18:43:19Z</time><extensions><speed>0.971599</speed><course>151.430237</course><hAcc>2.407421</hAcc><vAcc>-1.000000</vAcc></extensions></trkpt>
      <trkpt lon="-117.330834" lat="33.973950"><ele>0.000000</ele><time>2024-10-25T18:43:20Z</time><extensions><speed>0.931263</speed><course>134.363346</course><hAcc>2.409357</hAcc><vAcc>-1.000000</vAcc></extensions></trkpt>
      <trkpt lon="-117.330826" lat="33.973945"><ele>0.000000</ele><time>2024-10-25T18:43:21Z</time><extensions><speed>0.901842</speed><course>120.962230</course><hAcc>2.422534</hAcc><vAcc>-1.000000</vAcc></extensions></trkpt>
      <trkpt lon="-117.330819" lat="33.973941"><ele>0.000000</ele><time>2024-10-25T18:43:22Z</time><extensions><speed>0.715389</speed><course>115.076662</course><hAcc>2.448090</hAcc><vAcc>-1.000000</vAcc></extensions></trkpt>
      <trkpt lon="-117.330812" lat="33.973939"><ele>0.000000</ele><time>2024-10-25T18:43:23Z</time><extensions><speed>0.589613</speed><course>107.511658</course><hAcc>2.476109</hAcc><vAcc>-1.000000</vAcc></extensions></trkpt>
      <trkpt lon="-117.330806" lat="33.973938"><ele>0.000000</ele><time>2024-10-25T18:43:24Z</time><extensions><speed>0.545368</speed><course>98.543623</course><hAcc>2.493476</hAcc><vAcc>-1.000000</vAcc></extensions></trkpt>
      <trkpt lon="-117.330800" lat="33.973938"><ele>0.000000</ele><time>2024-10-25T18:43:25Z</time><extensions><speed>0.586856</speed><course>90.538094</course><hAcc>2.491382</hAcc><vAcc>-1.000000</vAcc></extensions></trkpt>
      <trkpt lon="-117.330793" lat="33.973938"><ele>0.000000</ele><time>2024-10-25T18:43:26Z</time><extensions><speed>0.753253</speed><course>85.651851</course><hAcc>2.472960</hAcc><vAcc>-1.000000</vAcc></extensions></trkpt>
      <trkpt lon="-117.330783" lat="33.973939"><ele>0.000000</ele><time>2024-10-25T18:43:27Z</time><extensions><speed>1.054182</speed><course>83.851195</course><hAcc>2.456522</hAcc><vAcc>-1.000000</vAcc></extensions></trkpt>
      <trkpt lon="-117.330770" lat="33.973940"><ele>0.000000</ele><time>2024-10-25T18:43:28Z</time><extensions><speed>1.456653</speed><course>83.594510</course><hAcc>2.460531</hAcc><vAcc>-1.000000</vAcc></extensions></trkpt>
      <trkpt lon="-117.330752" lat="33.973942"><ele>0.000000</ele><time>2024-10-25T18:43:29Z</time><extensions><speed>1.759679</speed><course>83.600915</course><hAcc>2.482780</hAcc><vAcc>-1.000000</vAcc></extensions></trkpt>
      <trkpt lon="-117.330732" lat="33.973943"><ele>0.000000</ele><time>2024-10-25T18:43:30Z</time><extensions><speed>1.951088</speed><course>84.018721</course><hAcc>2.507792</hAcc><vAcc>-1.000000</vAcc></extensions></trkpt>
      <trkpt lon="-117.330711" lat="33.973945"><ele>0.000000</ele><time>2024-10-25T18:43:31Z</time><extensions><speed>1.983509</speed><course>84.468181</course><hAcc>2.522340</hAcc><vAcc>-1.000000</vAcc></extensions></trkpt>
      <trkpt lon="-117.330690" lat="33.973947"><ele>0.000000</ele><time>2024-10-25T18:43:32Z</time><extensions><speed>1.987334</speed><course>84.970833</course><hAcc>2.519948</hAcc><vAcc>-1.000000</vAcc></extensions></trkpt>
      <trkpt lon="-117.330669" lat="33.973948"><ele>0.000000</ele><time>2024-10-25T18:43:33Z</time><extensions><speed>1.960404</speed><course>85.304799</course><hAcc>2.500341</hAcc><vAcc>-1.000000</vAcc></extensions></trkpt>
      <trkpt lon="-117.330648" lat="33.973950"><ele>0.000000</ele><time>2024-10-25T18:43:34Z</time><extensions><speed>1.873314</speed><course>85.474244</course><hAcc>2.467168</hAcc><vAcc>-1.000000</vAcc></extensions></trkpt>
      <trkpt lon="-117.330628" lat="33.973951"><ele>0.000000</ele><time>2024-10-25T18:43:35Z</time><extensions><speed>1.811951</speed><course>85.742092</course><hAcc>2.427839</hAcc><vAcc>-1.000000</vAcc></extensions></trkpt>
      <trkpt lon="-117.330609" lat="33.973952"><ele>0.000000</ele><time>2024-10-25T18:43:36Z</time><extensions><speed>1.763883</speed><course>86.501320</course><hAcc>2.391263</hAcc><vAcc>-1.000000</vAcc></extensions></trkpt>
      <trkpt lon="-117.330590" lat="33.973953"><ele>0.000000</ele><time>2024-10-25T18:43:37Z</time><extensions><speed>1.673121</speed><course>87.411425</course><hAcc>2.362642</hAcc><vAcc>-1.000000</vAcc></extensions></trkpt>
      <trkpt lon="-117.330573" lat="33.973954"><ele>0.000000</ele><time>2024-10-25T18:43:38Z</time><extensions><speed>1.619186</speed><course>88.691885</course><hAcc>2.343774</hAcc><vAcc>-1.000000</vAcc></extensions></trkpt>
      <trkpt lon="-117.330556" lat="33.973954"><ele>0.000000</ele><time>2024-10-25T18:43:39Z</time><extensions><speed>1.584174</speed><course>90.210638</course><hAcc>2.333480</hAcc><vAcc>-1.000000</vAcc></extensions></trkpt>
      <trkpt lon="-117.330539" lat="33.973953"><ele>0.000000</ele><time>2024-10-25T18:43:40Z</time><extensions><speed>1.525574</speed><course>91.973248</course><hAcc>2.328972</hAcc><vAcc>-1.000000</vAcc></extensions></trkpt>
      <trkpt lon="-117.330523" lat="33.973953"><ele>0.000000</ele><time>2024-10-25T18:43:41Z</time><extensions><speed>1.481675</speed><course>94.006260</course><hAcc>2.326810</hAcc><vAcc>-1.000000</vAcc></extensions></trkpt>
      <trkpt lon="-117.330507" lat="33.973952"><ele>0.000000</ele><time>2024-10-25T18:43:42Z</time><extensions><speed>1.447342</speed><course>96.214618</course><hAcc>2.324936</hAcc><vAcc>-1.000000</vAcc></extensions></trkpt>
      <trkpt lon="-117.330492" lat="33.973950"><ele>0.000000</ele><time>2024-10-25T18:43:43Z</time><extensions><speed>1.386911</speed><course>98.457757</course><hAcc>2.315176</hAcc><vAcc>-1.000000</vAcc></extensions></trkpt>
      <trkpt lon="-117.330477" lat="33.973948"><ele>0.000000</ele><time>2024-10-25T18:43:44Z</time><extensions><speed>1.337941</speed><course>99.909494</course><hAcc>2.277304</hAcc><vAcc>-1.000000</vAcc></extensions></trkpt>
      <trkpt lon="-117.330463" lat="33.973947"><ele>0.000000</ele><time>2024-10-25T18:43:45Z</time><extensions><speed>1.281748</speed><course>99.430739</course><hAcc>2.187169</hAcc><vAcc>-1.000000</vAcc></extensions></trkpt>
      <trkpt lon="-117.330449" lat="33.973946"><ele>0.000000</ele><time>2024-10-25T18:43:46Z</time><extensions><speed>1.316309</speed><course>96.886183</course><hAcc>2.066712</hAcc><vAcc>-1.000000</vAcc></extensions></trkpt>
      <trkpt lon="-117.330425" lat="33.973945"><ele>320.462344</ele><time>2024-10-25T18:43:48Z</time><extensions><speed>1.418580</speed><course>91.537071</course><hAcc>2.139167</hAcc><vAcc>1.020088</vAcc></extensions></trkpt>
      <trkpt lon="-117.330409" lat="33.973946"><ele>320.715621</ele><time>2024-10-25T18:43:49Z</time><extensions><speed>1.428898</speed><course>92.796152</course><hAcc>2.077356</hAcc><vAcc>0.963868</vAcc></extensions></trkpt>
      <trkpt lon="-117.330394" lat="33.973946"><ele>320.960079</ele><time>2024-10-25T18:43:50Z</time><extensions><speed>1.447323</speed><course>92.299046</course><hAcc>1.999993</hAcc><vAcc>0.915586</vAcc></extensions></trkpt>
      <trkpt lon="-117.330379" lat="33.973946"><ele>321.190488</ele><time>2024-10-25T18:43:51Z</time><extensions><speed>1.441563</speed><course>94.081464</course><hAcc>1.938653</hAcc><vAcc>0.875456</vAcc></extensions></trkpt>
      <trkpt lon="-117.330363" lat="33.973946"><ele>321.402971</ele><time>2024-10-25T18:43:52Z</time><extensions><speed>1.468431</speed><course>96.340886</course><hAcc>1.860590</hAcc><vAcc>0.843173</vAcc></extensions></trkpt>
      <trkpt lon="-117.330347" lat="33.973945"><ele>321.595754</ele><time>2024-10-25T18:43:53Z</time><extensions><speed>1.461603</speed><course>94.283907</course><hAcc>1.784792</hAcc><vAcc>0.818034</vAcc></extensions></trkpt>
      <trkpt lon="-117.330332" lat="33.973945"><ele>321.768743</ele><time>2024-10-25T18:43:54Z</time><extensions><speed>1.423474</speed><course>94.199481</course><hAcc>1.752285</hAcc><vAcc>0.799084</vAcc></extensions></trkpt>
      <trkpt lon="-117.330316" lat="33.973944"><ele>321.921253</ele><time>2024-10-25T18:43:55Z</time><extensions><speed>1.412785</speed><course>95.032363</course><hAcc>1.700831</hAcc><vAcc>0.785255</vAcc></extensions></trkpt>
      <trkpt lon="-117.330302" lat="33.973944"><ele>322.055093</ele><time>2024-10-25T18:43:56Z</time><extensions><speed>1.389413</speed><course>92.607046</course><hAcc>1.672863</hAcc><vAcc>0.775488</vAcc></extensions></trkpt>
      <trkpt lon="-117.330287" lat="33.973944"><ele>322.170167</ele><time>2024-10-25T18:43:57Z</time><extensions><speed>1.363050</speed><course>88.738028</course><hAcc>1.633448</hAcc><vAcc>0.768818</vAcc></extensions></trkpt>
      <trkpt lon="-117.330273" lat="33.973945"><ele>322.267670</ele><time>2024-10-25T18:43:58Z</time><extensions><speed>1.356758</speed><course>89.389302</course><hAcc>1.601611</hAcc><vAcc>0.764420</vAcc></extensions></trkpt>
      <trkpt lon="-117.330259" lat="33.973945"><ele>322.348876</ele><time>2024-10-25T18:43:59Z</time><extensions><speed>1.362923</speed><course>90.533701</course><hAcc>1.585383</hAcc><vAcc>0.761626</vAcc></extensions></trkpt>
      <trkpt lon="-117.330245" lat="33.973945"><ele>322.415738</ele><time>2024-10-25T18:44:00Z</time><extensions><speed>1.356769</speed><course>88.681474</course><hAcc>1.549417</hAcc><vAcc>0.759921</vAcc></extensions></trkpt>
      <trkpt lon="-117.330230" lat="33.973946"><ele>322.470085</ele><time>2024-10-25T18:44:01Z</time><extensions><speed>1.350020</speed><course>85.559507</course><hAcc>1.521009</hAcc><vAcc>0.758924</vAcc></extensions></trkpt>
      <trkpt lon="-117.330217" lat="33.973948"><ele>322.513619</ele><time>2024-10-25T18:44:02Z</time><extensions><speed>1.351414</speed><course>84.004255</course><hAcc>1.511141</hAcc><vAcc>0.758363</vAcc></extensions></trkpt>
      <trkpt lon="-117.330203" lat="33.973949"><ele>322.547224</ele><time>2024-10-25T18:44:03Z</time><extensions><speed>1.338714</speed><course>81.295234</course><hAcc>1.488642</hAcc><vAcc>0.758056</vAcc></extensions></trkpt>
      <trkpt lon="-117.330189" lat="33.973951"><ele>322.571243</ele><time>2024-10-25T18:44:04Z</time><extensions><speed>1.323441</speed><course>84.194363</course><hAcc>1.477157</hAcc><vAcc>0.757882</vAcc></extensions></trkpt>
      <trkpt lon="-117.330175" lat="33.973952"><ele>322.587536</ele><time>2024-10-25T18:44:05Z</time><extensions><speed>1.332687</speed><course>87.167818</course><hAcc>1.466506</hAcc><vAcc>0.757772</vAcc></extensions></trkpt>
      <trkpt lon="-117.330161" lat="33.973953"><ele>322.597689</ele><time>2024-10-25T18:44:06Z</time><extensions><speed>1.321704</speed><course>83.386155</course><hAcc>1.447785</hAcc><vAcc>0.757683</vAcc></extensions></trkpt>
      <trkpt lon="-117.330147" lat="33.973955"><ele>322.603005</ele><time>2024-10-25T18:44:07Z</time><extensions><speed>1.305558</speed><course>87.351585</course><hAcc>1.439121</hAcc><vAcc>0.757597</vAcc></extensions></trkpt>
      <trkpt lon="-117.330134" lat="33.973955"><ele>322.604198</ele><time>2024-10-25T18:44:08Z</time><extensions><speed>1.279330</speed><course>90.099096</course><hAcc>1.423228</hAcc><vAcc>0.757507</vAcc></extensions></trkpt>
      <trkpt lon="-117.330120" lat="33.973955"><ele>322.601378</ele><time>2024-10-25T18:44:09Z</time><extensions><speed>1.250541</speed><course>90.272628</course><hAcc>1.408948</hAcc><vAcc>0.757413</vAcc></extensions></trkpt>
      <trkpt lon="-117.330109" lat="33.973955"><ele>322.620136</ele><time>2024-10-25T18:44:10Z</time><extensions><speed>1.241695</speed><course>89.973982</course><hAcc>1.326266</hAcc><vAcc>0.757317</vAcc></extensions></trkpt>
      <trkpt lon="-117.330097" lat="33.973956"><ele>322.637183</ele><time>2024-10-25T18:44:11Z</time><extensions><speed>1.235084</speed><course>87.218635</course><hAcc>1.306652</hAcc><vAcc>0.757223</vAcc></extensions></trkpt>
      <trkpt lon="-117.330084" lat="33.973957"><ele>322.649650</ele><time>2024-10-25T18:44:12Z</time><extensions><speed>1.220035</speed><course>87.092618</course><hAcc>1.296216</hAcc><vAcc>0.757136</vAcc></extensions></trkpt>
      <trkpt lon="-117.330071" lat="33.973957"><ele>322.649855</ele><time>2024-10-25T18:44:13Z</time><extensions><speed>1.196364</speed><course>87.586110</course><hAcc>1.283858</hAcc><vAcc>0.757057</vAcc></extensions></trkpt>
      <trkpt lon="-117.330058" lat="33.973958"><ele>322.646235</ele><time>2024-10-25T18:44:14Z</time><extensions><speed>1.180850</speed><course>88.973449</course><hAcc>1.275615</hAcc><vAcc>0.757294</vAcc></extensions></trkpt>
      <trkpt lon="-117.330045" lat="33.973958"><ele>322.649996</ele><time>2024-10-25T18:44:15Z</time><extensions><speed>1.215743</speed><course>91.492146</course><hAcc>1.278524</hAcc><vAcc>0.758031</vAcc></extensions></trkpt>
      <trkpt lon="-117.330032" lat="33.973958"><ele>322.655585</ele><time>2024-10-25T18:44:16Z</time><extensions><speed>1.202721</speed><course>89.135571</course><hAcc>1.267602</hAcc><vAcc>0.759645</vAcc></extensions></trkpt>
      <trkpt lon="-117.330019" lat="33.973958"><ele>322.664123</ele><time>2024-10-25T18:44:17Z</time><extensions><speed>1.218181</speed><course>90.358573</course><hAcc>1.271194</hAcc><vAcc>0.762259</vAcc></extensions></trkpt>
      <trkpt lon="-117.330006" lat="33.973957"><ele>322.671310</ele><time>2024-10-25T18:44:18Z</time><extensions><speed>1.193225</speed><course>95.108164</course><hAcc>1.258397</hAcc><vAcc>0.766225</vAcc></extensions></trkpt>
      <trkpt lon="-117.329993" lat="33.973956"><ele>322.680613</ele><time>2024-10-25T18:44:19Z</time><extensions><speed>1.136536</speed><course>95.654599</course><hAcc>1.222647</hAcc><vAcc>0.771866</vAcc></extensions></trkpt>
      <trkpt lon="-117.329982" lat="33.973956"><ele>322.703853</ele><time>2024-10-25T18:44:20Z</time><extensions><speed>0.935979</speed><course>80.994185</course><hAcc>1.142618</hAcc><vAcc>0.779020</vAcc></extensions></trkpt>
      <trkpt lon="-117.329973" lat="33.973958"><ele>322.719913</ele><time>2024-10-25T18:44:21Z</time><extensions><speed>0.857625</speed><course>69.416838</course><hAcc>1.173391</hAcc><vAcc>0.788279</vAcc></extensions></trkpt>
      <trkpt lon="-117.329965" lat="33.973961"><ele>322.734827</ele><time>2024-10-25T18:44:22Z</time><extensions><speed>0.768997</speed><course>63.849966</course><hAcc>1.256055</hAcc><vAcc>0.799080</vAcc></extensions></trkpt>
      <trkpt lon="-117.329957" lat="33.973964"><ele>322.762554</ele><time>2024-10-25T18:44:23Z</time><extensions><speed>0.761519</speed><course>71.428264</course><hAcc>1.336362</hAcc><vAcc>0.811512</vAcc></extensions></trkpt>
      <trkpt lon="-117.329948" lat="33.973966"><ele>322.791086</ele><time>2024-10-25T18:44:24Z</time><extensions><speed>0.956082</speed><course>81.947422</course><hAcc>1.402543</hAcc><vAcc>0.824987</vAcc></extensions></trkpt>
      <trkpt lon="-117.329936" lat="33.973966"><ele>322.814234</ele><time>2024-10-25T18:44:25Z</time><extensions><speed>1.218878</speed><course>87.597323</course><hAcc>1.466252</hAcc><vAcc>0.838759</vAcc></extensions></trkpt>
      <trkpt lon="-117.329922" lat="33.973967"><ele>322.829988</ele><time>2024-10-25T18:44:26Z</time><extensions><speed>1.391062</speed><course>91.025742</course><hAcc>1.521757</hAcc><vAcc>0.853278</vAcc></extensions></trkpt>
      <trkpt lon="-117.329907" lat="33.973967"><ele>322.836175</ele><time>2024-10-25T18:44:27Z</time><extensions><speed>1.350805</speed><course>88.650724</course><hAcc>1.543205</hAcc><vAcc>0.866266</vAcc></extensions></trkpt>
      <trkpt lon="-117.329893" lat="33.973967"><ele>322.850417</ele><time>2024-10-25T18:44:28Z</time><extensions><speed>1.287182</speed><course>86.024250</course><hAcc>1.540778</hAcc><vAcc>0.877506</vAcc></extensions></trkpt>
      <trkpt lon="-117.329878" lat="33.973968"><ele>322.863671</ele><time>2024-10-25T18:44:29Z</time><extensions><speed>1.290665</speed><course>87.359164</course><hAcc>1.539236</hAcc><vAcc>0.886256</vAcc></extensions></trkpt>
      <trkpt lon="-117.329864" lat="33.973968"><ele>322.883613</ele><time>2024-10-25T18:44:30Z</time><extensions><speed>1.391512</speed><course>90.309365</course><hAcc>1.554053</hAcc><vAcc>0.893043</vAcc></extensions></trkpt>
      <trkpt lon="-117.329848" lat="33.973968"><ele>322.905013</ele><time>2024-10-25T18:44:31Z</time><extensions><speed>1.436477</speed><course>90.729185</course><hAcc>1.554698</hAcc><vAcc>0.897500</vAcc></extensions></trkpt>
      <trkpt lon="-117.329833" lat="33.973968"><ele>322.898122</ele><time>2024-10-25T18:44:32Z</time><extensions><speed>1.455431</speed><course>87.758776</course><hAcc>1.544451</hAcc><vAcc>0.899613</vAcc></extensions></trkpt>
      <trkpt lon="-117.329817" lat="33.973969"><ele>322.897446</ele><time>2024-10-25T18:44:33Z</time><extensions><speed>1.378756</speed><course>82.631055</course><hAcc>1.536706</hAcc><vAcc>0.900568</vAcc></extensions></trkpt>
      <trkpt lon="-117.329802" lat="33.973971"><ele>322.895820</ele><time>2024-10-25T18:44:34Z</time><extensions><speed>1.460693</speed><course>85.307023</course><hAcc>1.526717</hAcc><vAcc>0.899467</vAcc></extensions></trkpt>
      <trkpt lon="-117.329786" lat="33.973972"><ele>322.888367</ele><time>2024-10-25T18:44:35Z</time><extensions><speed>1.548417</speed><course>84.824031</course><hAcc>1.528715</hAcc><vAcc>0.897181</vAcc></extensions></trkpt>
      <trkpt lon="-117.329770" lat="33.973973"><ele>322.884893</ele><time>2024-10-25T18:44:36Z</time><extensions><speed>1.437874</speed><course>84.740998</course><hAcc>1.555004</hAcc><vAcc>0.894325</vAcc></extensions></trkpt>
      <trkpt lon="-117.329755" lat="33.973974"><ele>322.890879</ele><time>2024-10-25T18:44:37Z</time><extensions><speed>1.345699</speed><course>86.155774</course><hAcc>1.541371</hAcc><vAcc>0.891388</vAcc></extensions></trkpt>
      <trkpt lon="-117.329740" lat="33.973974"><ele>322.903562</ele><time>2024-10-25T18:44:38Z</time><extensions><speed>1.313916</speed><course>87.671961</course><hAcc>1.554718</hAcc><vAcc>0.888118</vAcc></extensions></trkpt>
      <trkpt lon="-117.329725" lat="33.973974"><ele>322.918534</ele><time>2024-10-25T18:44:39Z</time><extensions><speed>1.403902</speed><course>88.699497</course><hAcc>1.581022</hAcc><vAcc>0.885550</vAcc></extensions></trkpt>
      <trkpt lon="-117.329710" lat="33.973974"><ele>322.930922</ele><time>2024-10-25T18:44:40Z</time><extensions><speed>1.321646</speed><course>89.360270</course><hAcc>1.605421</hAcc><vAcc>0.883951</vAcc></extensions></trkpt>
      <trkpt lon="-117.329697" lat="33.973974"><ele>322.958132</ele><time>2024-10-25T18:44:41Z</time><extensions><speed>1.162022</speed><course>92.694385</course><hAcc>1.618975</hAcc><vAcc>0.884224</vAcc></extensions></trkpt>
      <trkpt lon="-117.329684" lat="33.973973"><ele>322.987003</ele><time>2024-10-25T18:44:42Z</time><extensions><speed>1.160043</speed><course>98.579992</course><hAcc>1.652427</hAcc><vAcc>0.885850</vAcc></extensions></trkpt>
      <trkpt lon="-117.329671" lat="33.973971"><ele>323.014134</ele><time>2024-10-25T18:44:43Z</time><extensions><speed>1.243433</speed><course>100.409191</course><hAcc>1.691292</hAcc><vAcc>0.889042</vAcc></extensions></trkpt>
      <trkpt lon="-117.329658" lat="33.973968"><ele>323.043364</ele><time>2024-10-25T18:44:44Z</time><extensions><speed>1.266586</speed><course>101.537072</course><hAcc>1.714104</hAcc><vAcc>0.895568</vAcc></extensions></trkpt>
      <trkpt lon="-117.329644" lat="33.973965"><ele>323.084600</ele><time>2024-10-25T18:44:45Z</time><extensions><speed>1.260643</speed><course>105.043267</course><hAcc>1.732828</hAcc><vAcc>0.903559</vAcc></extensions></trkpt>
      <trkpt lon="-117.329631" lat="33.973962"><ele>323.134621</ele><time>2024-10-25T18:44:46Z</time><extensions><speed>1.239352</speed><course>106.420969</course><hAcc>1.767660</hAcc><vAcc>0.912667</vAcc></extensions></trkpt>
      <trkpt lon="-117.329618" lat="33.973959"><ele>323.187774</ele><time>2024-10-25T18:44:47Z</time><extensions><speed>1.202294</speed><course>103.904052</course><hAcc>1.809236</hAcc><vAcc>0.923057</vAcc></extensions></trkpt>
      <trkpt lon="-117.329605" lat="33.973956"><ele>323.231812</ele><time>2024-10-25T18:44:48Z</time><extensions><speed>1.264721</speed><course>104.773516</course><hAcc>1.815879</hAcc><vAcc>0.934280</vAcc></extensions></trkpt>
      <trkpt lon="-117.329592" lat="33.973953"><ele>323.277763</ele><time>2024-10-25T18:44:49Z</time><extensions><speed>1.210848</speed><course>105.963744</course><hAcc>1.825114</hAcc><vAcc>0.946483</vAcc></extensions></trkpt>
      <trkpt lon="-117.329579" lat="33.973950"><ele>323.340117</ele><time>2024-10-25T18:44:50Z</time><extensions><speed>1.182885</speed><course>106.771678</course><hAcc>1.831966</hAcc><vAcc>0.959207</vAcc></extensions></trkpt>
      <trkpt lon="-117.329567" lat="33.973947"><ele>323.393335</ele><time>2024-10-25T18:44:51Z</time><extensions><speed>1.184783</speed><course>102.677535</course><hAcc>1.858773</hAcc><vAcc>0.972801</vAcc></extensions></trkpt>
      <trkpt lon="-117.329554" lat="33.973945"><ele>323.445784</ele><time>2024-10-25T18:44:52Z</time><extensions><speed>1.264307</speed><course>100.144274</course><hAcc>1.871781</hAcc><vAcc>0.987271</vAcc></extensions></trkpt>
      <trkpt lon="-117.329539" lat="33.973943"><ele>323.505668</ele><time>2024-10-25T18:44:53Z</time><extensions><speed>1.489555</speed><course>97.807020</course><hAcc>1.885152</hAcc><vAcc>1.002319</vAcc></extensions></trkpt>
      <trkpt lon="-117.329522" lat="33.973941"><ele>323.582415</ele><time>2024-10-25T18:44:54Z</time><extensions><speed>1.546802</speed><course>97.651092</course><hAcc>1.906886</hAcc><vAcc>1.016003</vAcc></extensions></trkpt>
      <trkpt lon="-117.329506" lat="33.973940"><ele>323.645879</ele><time>2024-10-25T18:44:55Z</time><extensions><speed>1.424809</speed><course>97.896101</course><hAcc>1.929593</hAcc><vAcc>1.030375</vAcc></extensions></trkpt>
      <trkpt lon="-117.329491" lat="33.973938"><ele>323.697648</ele><time>2024-10-25T18:44:56Z</time><extensions><speed>1.307610</speed><course>97.971524</course><hAcc>1.897864</hAcc><vAcc>1.044031</vAcc></extensions></trkpt>
      <trkpt lon="-117.329477" lat="33.973936"><ele>323.778808</ele><time>2024-10-25T18:44:57Z</time><extensions><speed>1.257781</speed><course>97.511625</course><hAcc>1.874803</hAcc><vAcc>1.054505</vAcc></extensions></trkpt>
      <trkpt lon="-117.329464" lat="33.973935"><ele>323.863075</ele><time>2024-10-25T18:44:58Z</time><extensions><speed>1.224084</speed><course>95.892727</course><hAcc>1.858872</hAcc><vAcc>1.064363</vAcc></extensions></trkpt>
      <trkpt lon="-117.329451" lat="33.973934"><ele>323.949465</ele><time>2024-10-25T18:44:59Z</time><extensions><speed>1.136511</speed><course>95.701536</course><hAcc>1.846456</hAcc><vAcc>1.069623</vAcc></extensions></trkpt>
      <trkpt lon="-117.329439" lat="33.973933"><ele>324.031618</ele><time>2024-10-25T18:45:00Z</time><extensions><speed>1.073899</speed><course>94.946753</course><hAcc>1.837603</hAcc><vAcc>1.073826</vAcc></extensions></trkpt>
      <trkpt lon="-117.329427" lat="33.973932"><ele>324.113765</ele><time>2024-10-25T18:45:01Z</time><extensions><speed>1.069967</speed><course>91.934866</course><hAcc>1.824352</hAcc><vAcc>1.076006</vAcc></extensions></trkpt>
      <trkpt lon="-117.329415" lat="33.973932"><ele>324.199181</ele><time>2024-10-25T18:45:02Z</time><extensions><speed>1.102660</speed><course>90.984926</course><hAcc>1.812073</hAcc><vAcc>1.076216</vAcc></extensions></trkpt>
      <trkpt lon="-117.329402" lat="33.973932"><ele>324.298836</ele><time>2024-10-25T18:45:03Z</time><extensions><speed>1.292121</speed><course>90.097201</course><hAcc>1.804396</hAcc><vAcc>1.074548</vAcc></extensions></trkpt>
      <trkpt lon="-117.329387" lat="33.973932"><ele>324.395636</ele><time>2024-10-25T18:45:04Z</time><extensions><speed>1.445547</speed><course>89.330396</course><hAcc>1.781796</hAcc><vAcc>1.071302</vAcc></extensions></trkpt>
      <trkpt lon="-117.329372" lat="33.973932"><ele>324.475752</ele><time>2024-10-25T18:45:05Z</time><extensions><speed>1.444301</speed><course>89.778278</course><hAcc>1.779396</hAcc><vAcc>1.066950</vAcc></extensions></trkpt>
      <trkpt lon="-117.329357" lat="33.973932"><ele>324.557652</ele><time>2024-10-25T18:45:06Z</time><extensions><speed>1.232730</speed><course>93.853038</course><hAcc>1.764992</hAcc><vAcc>1.061623</vAcc></extensions></trkpt>
      <trkpt lon="-117.329345" lat="33.973931"><ele>324.627699</ele><time>2024-10-25T18:45:07Z</time><extensions><speed>1.078045</speed><course>103.451102</course><hAcc>1.745579</hAcc><vAcc>1.055326</vAcc></extensions></trkpt>
      <trkpt lon="-117.329333" lat="33.973928"><ele>324.678113</ele><time>2024-10-25T18:45:08Z</time><extensions><speed>1.090894</speed><course>103.349257</course><hAcc>1.737053</hAcc><vAcc>1.049565</vAcc></extensions></trkpt>
      <trkpt lon="-117.329321" lat="33.973927"><ele>324.709759</ele><time>2024-10-25T18:45:09Z</time><extensions><speed>1.142026</speed><course>99.766545</course><hAcc>1.732240</hAcc><vAcc>1.043713</vAcc></extensions></trkpt>
      <trkpt lon="-117.329309" lat="33.973925"><ele>324.741402</ele><time>2024-10-25T18:45:10Z</time><extensions><speed>1.207636</speed><course>97.325984</course><hAcc>1.731908</hAcc><vAcc>1.036783</vAcc></extensions></trkpt>
      <trkpt lon="-117.329296" lat="33.973924"><ele>324.762567</ele><time>2024-10-25T18:45:11Z</time><extensions><speed>1.193188</speed><course>96.229313</course><hAcc>1.729099</hAcc><vAcc>1.030648</vAcc></extensions></trkpt>
      <trkpt lon="-117.329283" lat="33.973923"><ele>324.783495</ele><time>2024-10-25T18:45:12Z</time><extensions><speed>1.181992</speed><course>91.936641</course><hAcc>1.722148</hAcc><vAcc>1.025580</vAcc></extensions></trkpt>
      <trkpt lon="-117.329271" lat="33.973924"><ele>324.800282</ele><time>2024-10-25T18:45:13Z</time><extensions><speed>1.102873</speed><course>83.325550</course><hAcc>1.717152</hAcc><vAcc>1.021007</vAcc></extensions></trkpt>
      <trkpt lon="-117.329258" lat="33.973925"><ele>324.798055</ele><time>2024-10-25T18:45:14Z</time><extensions><speed>1.154943</speed><course>86.212247</course><hAcc>1.710498</hAcc><vAcc>1.016222</vAcc></extensions></trkpt>
      <trkpt lon="-117.329246" lat="33.973925"><ele>324.780228</ele><time>2024-10-25T18:45:15Z</time><extensions><speed>1.094415</speed><course>91.507607</course><hAcc>1.704844</hAcc><vAcc>1.011603</vAcc></extensions></trkpt>
      <trkpt lon="-117.329233" lat="33.973925"><ele>324.756343</ele><time>2024-10-25T18:45:16Z</time><extensions><speed>1.232597</speed><course>92.025017</course><hAcc>1.705228</hAcc><vAcc>1.008452</vAcc></extensions></trkpt>
      <trkpt lon="-117.329219" lat="33.973924"><ele>324.738456</ele><time>2024-10-25T18:45:17Z</time><extensions><speed>1.400835</speed><course>91.421243</course><hAcc>1.706423</hAcc><vAcc>1.006752</vAcc></extensions></trkpt>
      <trkpt lon="-117.329204" lat="33.973924"><ele>324.714316</ele><time>2024-10-25T18:45:18Z</time><extensions><speed>1.355849</speed><course>88.791382</course><hAcc>1.712094</hAcc><vAcc>1.005967</vAcc></extensions></trkpt>
      <trkpt lon="-117.329190" lat="33.973925"><ele>324.701604</ele><time>2024-10-25T18:45:19Z</time><extensions><speed>1.207623</speed><course>87.912955</course><hAcc>1.697511</hAcc><vAcc>1.005645</vAcc></extensions></trkpt>
      <trkpt lon="-117.329177" lat="33.973925"><ele>324.700013</ele><time>2024-10-25T18:45:20Z</time><extensions><speed>1.197986</speed><course>88.761811</course><hAcc>1.702293</hAcc><vAcc>1.006424</vAcc></extensions></trkpt>
      <trkpt lon="-117.329164" lat="33.973925"><ele>324.702067</ele><time>2024-10-25T18:45:21Z</time><extensions><speed>1.140430</speed><course>88.412244</course><hAcc>1.712163</hAcc><vAcc>1.007018</vAcc></extensions></trkpt>
      <trkpt lon="-117.329152" lat="33.973926"><ele>324.709294</ele><time>2024-10-25T18:45:22Z</time><extensions><speed>1.045683</speed><course>85.112323</course><hAcc>1.719973</hAcc><vAcc>1.007136</vAcc></extensions></trkpt>
      <trkpt lon="-117.329141" lat="33.973927"><ele>324.728609</ele><time>2024-10-25T18:45:23Z</time><extensions><speed>0.971831</speed><course>85.456728</course><hAcc>1.723603</hAcc><vAcc>1.005542</vAcc></extensions></trkpt>
      <trkpt lon="-117.329131" lat="33.973927"><ele>324.754884</ele><time>2024-10-25T18:45:24Z</time><extensions><speed>0.905707</speed><course>86.836433</course><hAcc>1.737140</hAcc><vAcc>1.001979</vAcc></extensions></trkpt>
      <trkpt lon="-117.329121" lat="33.973928"><ele>324.767059</ele><time>2024-10-25T18:45:25Z</time><extensions><speed>0.938333</speed><course>88.079864</course><hAcc>1.756956</hAcc><vAcc>0.998786</vAcc></extensions></trkpt>
      <trkpt lon="-117.329110" lat="33.973928"><ele>324.774153</ele><time>2024-10-25T18:45:26Z</time><extensions><speed>1.016199</speed><course>89.335524</course><hAcc>1.775414</hAcc><vAcc>0.992501</vAcc></extensions></trkpt>
      <trkpt lon="-117.329099" lat="33.973928"><ele>324.783217</ele><time>2024-10-25T18:45:27Z</time><extensions><speed>1.010804</speed><course>90.031833</course><hAcc>1.795753</hAcc><vAcc>0.986533</vAcc></extensions></trkpt>
      <trkpt lon="-117.329088" lat="33.973928"><ele>324.788099</ele><time>2024-10-25T18:45:28Z</time><extensions><speed>1.015010</speed><course>90.128121</course><hAcc>1.818575</hAcc><vAcc>0.980790</vAcc></extensions></trkpt>
      <trkpt lon="-117.329077" lat="33.973928"><ele>324.791327</ele><time>2024-10-25T18:45:29Z</time><extensions><speed>1.005512</speed><course>90.967805</course><hAcc>1.845685</hAcc><vAcc>0.974127</vAcc></extensions></trkpt>
      <trkpt lon="-117.329067" lat="33.973927"><ele>324.806320</ele><time>2024-10-25T18:45:30Z</time><extensions><speed>0.913182</speed><course>93.759857</course><hAcc>1.864790</hAcc><vAcc>0.967225</vAcc></extensions></trkpt>
      <trkpt lon="-117.329057" lat="33.973927"><ele>324.820223</ele><time>2024-10-25T18:45:31Z</time><extensions><speed>0.872668</speed><course>94.260271</course><hAcc>1.842713</hAcc><vAcc>0.959615</vAcc></extensions></trkpt>
      <trkpt lon="-117.329048" lat="33.973926"><ele>324.836005</ele><time>2024-10-25T18:45:32Z</time><extensions><speed>0.884927</speed><course>93.374904</course><hAcc>1.819916</hAcc><vAcc>0.950804</vAcc></extensions></trkpt>
      <trkpt lon="-117.329038" lat="33.973926"><ele>324.843251</ele><time>2024-10-25T18:45:33Z</time><extensions><speed>0.905546</speed><course>90.950819</course><hAcc>1.813219</hAcc><vAcc>0.940433</vAcc></extensions></trkpt>
      <trkpt lon="-117.329028" lat="33.973926"><ele>324.859319</ele><time>2024-10-25T18:45:34Z</time><extensions><speed>1.023605</speed><course>85.221195</course><hAcc>1.808696</hAcc><vAcc>0.929749</vAcc></extensions></trkpt>
      <trkpt lon="-117.329016" lat="33.973927"><ele>324.872610</ele><time>2024-10-25T18:45:35Z</time><extensions><speed>1.157883</speed><course>83.848931</course><hAcc>1.802910</hAcc><vAcc>0.919010</vAcc></extensions></trkpt>
      <trkpt lon="-117.329003" lat="33.973928"><ele>324.884007</ele><time>2024-10-25T18:45:36Z</time><extensions><speed>1.153274</speed><course>86.957651</course><hAcc>1.782600</hAcc><vAcc>0.907255</vAcc></extensions></trkpt>
      <trkpt lon="-117.328991" lat="33.973928"><ele>324.896515</ele><time>2024-10-25T18:45:37Z</time><extensions><speed>1.163491</speed><course>90.793646</course><hAcc>1.765650</hAcc><vAcc>0.895902</vAcc></extensions></trkpt>
      <trkpt lon="-117.328978" lat="33.973928"><ele>324.903374</ele><time>2024-10-25T18:45:38Z</time><extensions><speed>1.205252</speed><course>90.907414</course><hAcc>1.751629</hAcc><vAcc>0.884903</vAcc></extensions></trkpt>
      <trkpt lon="-117.328965" lat="33.973928"><ele>324.908518</ele><time>2024-10-25T18:45:39Z</time><extensions><speed>1.174247</speed><course>88.577815</course><hAcc>1.750249</hAcc><vAcc>0.874107</vAcc></extensions></trkpt>
      <trkpt lon="-117.328953" lat="33.973928"><ele>324.926697</ele><time>2024-10-25T18:45:40Z</time><extensions><speed>1.109750</speed><course>86.301867</course><hAcc>1.764030</hAcc><vAcc>0.863336</vAcc></extensions></trkpt>
      <trkpt lon="-117.328941" lat="33.973929"><ele>324.917310</ele><time>2024-10-25T18:45:41Z</time><extensions><speed>1.072343</speed><course>87.695227</course><hAcc>1.774163</hAcc><vAcc>0.852448</vAcc></extensions></trkpt>
      <trkpt lon="-117.328929" lat="33.973929"><ele>324.907691</ele><time>2024-10-25T18:45:42Z</time><extensions><speed>1.256338</speed><course>86.428432</course><hAcc>1.767246</hAcc><vAcc>0.841408</vAcc></extensions></trkpt>
      <trkpt lon="-117.328915" lat="33.973930"><ele>324.899341</ele><time>2024-10-25T18:45:43Z</time><extensions><speed>1.385635</speed><course>83.736314</course><hAcc>1.784671</hAcc><vAcc>0.830318</vAcc></extensions></trkpt>
      <trkpt lon="-117.328900" lat="33.973932"><ele>324.889959</ele><time>2024-10-25T18:45:44Z</time><extensions><speed>1.375916</speed><course>80.581019</course><hAcc>1.827309</hAcc><vAcc>0.819392</vAcc></extensions></trkpt>
      <trkpt lon="-117.328886" lat="33.973934"><ele>324.876705</ele><time>2024-10-25T18:45:45Z</time><extensions><speed>1.276752</speed><course>78.388543</course><hAcc>1.881603</hAcc><vAcc>0.808895</vAcc></extensions></trkpt>
      <trkpt lon="-117.328873" lat="33.973936"><ele>324.870132</ele><time>2024-10-25T18:45:46Z</time><extensions><speed>1.062931</speed><course>79.595441</course><hAcc>1.939362</hAcc><vAcc>0.799122</vAcc></extensions></trkpt>
      <trkpt lon="-117.328863" lat="33.973938"><ele>324.854190</ele><time>2024-10-25T18:45:47Z</time><extensions><speed>0.940486</speed><course>82.702200</course><hAcc>2.000546</hAcc><vAcc>0.790351</vAcc></extensions></trkpt>
      <trkpt lon="-117.328853" lat="33.973938"><ele>324.819579</ele><time>2024-10-25T18:45:48Z</time><extensions><speed>0.869046</speed><course>86.768858</course><hAcc>2.062858</hAcc><vAcc>0.782759</vAcc></extensions></trkpt>
      <trkpt lon="-117.328843" lat="33.973939"><ele>324.796039</ele><time>2024-10-25T18:45:49Z</time><extensions><speed>0.919250</speed><course>89.117166</course><hAcc>2.155096</hAcc><vAcc>0.776404</vAcc></extensions></trkpt>
      <trkpt lon="-117.328832" lat="33.973939"><ele>324.757538</ele><time>2024-10-25T18:45:50Z</time><extensions><speed>1.093987</speed><course>88.197916</course><hAcc>2.274835</hAcc><vAcc>0.771314</vAcc></extensions></trkpt>
      <trkpt lon="-117.328820" lat="33.973939"><ele>324.724501</ele><time>2024-10-25T18:45:51Z</time><extensions><speed>1.189733</speed><course>87.321954</course><hAcc>2.409628</hAcc><vAcc>0.772187</vAcc></extensions></trkpt>
      <trkpt lon="-117.328807" lat="33.973940"><ele>324.689528</ele><time>2024-10-25T18:45:52Z</time><extensions><speed>1.241693</speed><course>86.188155</course><hAcc>2.606628</hAcc><vAcc>0.777652</vAcc></extensions></trkpt>
      <trkpt lon="-117.328793" lat="33.973941"><ele>324.653199</ele><time>2024-10-25T18:45:53Z</time><extensions><speed>1.269885</speed><course>85.021270</course><hAcc>2.906495</hAcc><vAcc>0.789762</vAcc></extensions></trkpt>
      <trkpt lon="-117.328779" lat="33.973942"><ele>324.615773</ele><time>2024-10-25T18:45:54Z</time><extensions><speed>1.284126</speed><course>84.097950</course><hAcc>3.305476</hAcc><vAcc>0.811265</vAcc></extensions></trkpt>
      <trkpt lon="-117.328766" lat="33.973943"><ele>324.577368</ele><time>2024-10-25T18:45:55Z</time><extensions><speed>1.293693</speed><course>83.408835</course><hAcc>3.794829</hAcc><vAcc>0.845538</vAcc></extensions></trkpt>
      <trkpt lon="-117.328752" lat="33.973945"><ele>324.538050</ele><time>2024-10-25T18:45:56Z</time><extensions><speed>1.302716</speed><course>82.900533</course><hAcc>4.378623</hAcc><vAcc>0.896307</vAcc></extensions></trkpt>
      <trkpt lon="-117.328738" lat="33.973946"><ele>324.497974</ele><time>2024-10-25T18:45:57Z</time><extensions><speed>1.311802</speed><course>82.618273</course><hAcc>5.077580</hAcc><vAcc>0.967213</vAcc></extensions></trkpt>
      <trkpt lon="-117.328723" lat="33.973948"><ele>324.457520</ele><time>2024-10-25T18:45:58Z</time><extensions><speed>1.320340</speed><course>82.520905</course><hAcc>5.929058</hAcc><vAcc>1.061321</vAcc></extensions></trkpt>
      <trkpt lon="-117.328709" lat="33.973949"><ele>324.417056</ele><time>2024-10-25T18:45:59Z</time><extensions><speed>1.326258</speed><course>82.511647</course><hAcc>6.983861</hAcc><vAcc>1.180755</vAcc></extensions></trkpt>
      <trkpt lon="-117.328694" lat="33.973951"><ele>324.374802</ele><time>2024-10-25T18:46:00Z</time><extensions><speed>1.329070</speed><course>82.524211</course><hAcc>8.373919</hAcc><vAcc>1.334020</vAcc></extensions></trkpt>
      <trkpt lon="-117.328598" lat="33.974243"><ele>325.081229</ele><time>2024-10-25T18:47:38Z</time><extensions><speed>0.485804</speed><course>72.178259</course><hAcc>5.149815</hAcc><vAcc>1.557140</vAcc></extensions></trkpt>
      <trkpt lon="-117.328593" lat="33.974245"><ele>325.092389</ele><time>2024-10-25T18:47:39Z</time><extensions><speed>0.523545</speed><course>72.545683</course><hAcc>4.155000</hAcc><vAcc>1.356416</vAcc></extensions></trkpt>
      <trkpt lon="-117.328587" lat="33.974247"><ele>325.099332</ele><time>2024-10-25T18:47:40Z</time><extensions><speed>0.541788</speed><course>52.055961</course><hAcc>3.438124</hAcc><vAcc>1.195155</vAcc></extensions></trkpt>
      <trkpt lon="-117.328583" lat="33.974251"><ele>325.100234</ele><time>2024-10-25T18:47:41Z</time><extensions><speed>0.698148</speed><course>25.293932</course><hAcc>2.919769</hAcc><vAcc>1.072234</vAcc></extensions></trkpt>
      <trkpt lon="-117.328581" lat="33.974258"><ele>325.096688</ele><time>2024-10-25T18:47:42Z</time><extensions><speed>0.864355</speed><course>14.846901</course><hAcc>2.536307</hAcc><vAcc>0.982735</vAcc></extensions></trkpt>
      <trkpt lon="-117.328580" lat="33.974265"><ele>325.095913</ele><time>2024-10-25T18:47:43Z</time><extensions><speed>0.764383</speed><course>351.597876</course><hAcc>2.223506</hAcc><vAcc>0.920544</vAcc></extensions></trkpt>
      <trkpt lon="-117.328583" lat="33.974272"><ele>325.106070</ele><time>2024-10-25T18:47:44Z</time><extensions><speed>0.953435</speed><course>333.439374</course><hAcc>1.986865</hAcc><vAcc>0.879355</vAcc></extensions></trkpt>
      <trkpt lon="-117.328588" lat="33.974279"><ele>325.112592</ele><time>2024-10-25T18:47:45Z</time><extensions><speed>0.870963</speed><course>327.900737</course><hAcc>1.836184</hAcc><vAcc>0.853400</vAcc></extensions></trkpt>
      <trkpt lon="-117.328592" lat="33.974285"><ele>325.111608</ele><time>2024-10-25T18:47:46Z</time><extensions><speed>0.619098</speed><course>330.703588</course><hAcc>1.712736</hAcc><vAcc>0.838114</vAcc></extensions></trkpt>
      <trkpt lon="-117.328594" lat="33.974289"><ele>325.096264</ele><time>2024-10-25T18:47:47Z</time><extensions><speed>0.465890</speed><course>340.441298</course><hAcc>1.631264</hAcc><vAcc>0.829308</vAcc></extensions></trkpt>
      <trkpt lon="-117.328596" lat="33.974293"><ele>325.087088</ele><time>2024-10-25T18:47:48Z</time><extensions><speed>0.530372</speed><course>348.581014</course><hAcc>1.613601</hAcc><vAcc>0.824433</vAcc></extensions></trkpt>
      <trkpt lon="-117.328597" lat="33.974299"><ele>325.070998</ele><time>2024-10-25T18:47:49Z</time><extensions><speed>0.698352</speed><course>346.150916</course><hAcc>1.635730</hAcc><vAcc>0.822163</vAcc></extensions></trkpt>
      <trkpt lon="-117.328599" lat="33.974305"><ele>325.049697</ele><time>2024-10-25T18:47:50Z</time><extensions><speed>0.708417</speed><course>347.798188</course><hAcc>1.637944</hAcc><vAcc>0.820917</vAcc></extensions></trkpt>
      <trkpt lon="-117.328601" lat="33.974310"><ele>325.022920</ele><time>2024-10-25T18:47:51Z</time><extensions><speed>0.549600</speed><course>338.928656</course><hAcc>1.613068</hAcc><vAcc>0.818590</vAcc></extensions></trkpt>
      <trkpt lon="-117.328604" lat="33.974313"><ele>324.988151</ele><time>2024-10-25T18:47:52Z</time><extensions><speed>0.434257</speed><course>317.767563</course><hAcc>1.589692</hAcc><vAcc>0.816835</vAcc></extensions></trkpt>
      <trkpt lon="-117.328608" lat="33.974316"><ele>324.950805</ele><time>2024-10-25T18:47:53Z</time><extensions><speed>0.601318</speed><course>307.685475</course><hAcc>1.585135</hAcc><vAcc>0.814438</vAcc></extensions></trkpt>
      <trkpt lon="-117.328614" lat="33.974320"><ele>324.911734</ele><time>2024-10-25T18:47:54Z</time><extensions><speed>0.802572</speed><course>307.901858</course><hAcc>1.610085</hAcc><vAcc>0.811838</vAcc></extensions></trkpt>
      <trkpt lon="-117.328620" lat="33.974324"><ele>324.852087</ele><time>2024-10-25T18:47:55Z</time><extensions><speed>0.810039</speed><course>312.559166</course><hAcc>1.625173</hAcc><vAcc>0.810205</vAcc></extensions></trkpt>
      <trkpt lon="-117.328625" lat="33.974329"><ele>324.794717</ele><time>2024-10-25T18:47:56Z</time><extensions><speed>0.716433</speed><course>326.600757</course><hAcc>1.655686</hAcc><vAcc>0.809214</vAcc></extensions></trkpt>
      <trkpt lon="-117.328628" lat="33.974334"><ele>324.718919</ele><time>2024-10-25T18:47:57Z</time><extensions><speed>0.535142</speed><course>320.913555</course><hAcc>1.619093</hAcc><vAcc>0.808163</vAcc></extensions></trkpt>
      <trkpt lon="-117.328631" lat="33.974338"><ele>324.650798</ele><time>2024-10-25T18:47:58Z</time><extensions><speed>0.534880</speed><course>327.494123</course><hAcc>1.637897</hAcc><vAcc>0.807260</vAcc></extensions></trkpt>
      <trkpt lon="-117.328634" lat="33.974343"><ele>324.573327</ele><time>2024-10-25T18:47:59Z</time><extensions><speed>0.526338</speed><course>332.061257</course><hAcc>1.685233</hAcc><vAcc>0.806658</vAcc></extensions></trkpt>
      <trkpt lon="-117.328636" lat="33.974348"><ele>324.510771</ele><time>2024-10-25T18:48:00Z</time><extensions><speed>0.638353</speed><course>338.322631</course><hAcc>1.717227</hAcc><vAcc>0.806166</vAcc></extensions></trkpt>
      <trkpt lon="-117.328638" lat="33.974355"><ele>324.456532</ele><time>2024-10-25T18:48:01Z</time><extensions><speed>0.768031</speed><course>347.719586</course><hAcc>1.766799</hAcc><vAcc>0.805783</vAcc></extensions></trkpt>
      <trkpt lon="-117.328639" lat="33.974363"><ele>324.413238</ele><time>2024-10-25T18:48:02Z</time><extensions><speed>0.945738</speed><course>354.435584</course><hAcc>1.829800</hAcc><vAcc>0.805488</vAcc></extensions></trkpt>
      <trkpt lon="-117.328639" lat="33.974372"><ele>324.389429</ele><time>2024-10-25T18:48:03Z</time><extensions><speed>0.939305</speed><course>7.850116</course><hAcc>1.857128</hAcc><vAcc>0.805765</vAcc></extensions></trkpt>
      <trkpt lon="-117.328636" lat="33.974382"><ele>324.379167</ele><time>2024-10-25T18:48:04Z</time><extensions><speed>1.078919</speed><course>17.538331</course><hAcc>1.908965</hAcc><vAcc>0.806463</vAcc></extensions></trkpt>
      <trkpt lon="-117.328632" lat="33.974392"><ele>324.386387</ele><time>2024-10-25T18:48:05Z</time><extensions><speed>1.205415</speed><course>19.937808</course><hAcc>1.991108</hAcc><vAcc>0.808409</vAcc></extensions></trkpt>
      <trkpt lon="-117.328626" lat="33.974404"><ele>324.397698</ele><time>2024-10-25T18:48:06Z</time><extensions><speed>1.508441</speed><course>24.535025</course><hAcc>2.022415</hAcc><vAcc>0.811599</vAcc></extensions></trkpt>
      <trkpt lon="-117.328618" lat="33.974418"><ele>324.419232</ele><time>2024-10-25T18:48:07Z</time><extensions><speed>1.719585</speed><course>24.301103</course><hAcc>2.046820</hAcc><vAcc>0.816653</vAcc></extensions></trkpt>
      <trkpt lon="-117.328610" lat="33.974433"><ele>324.456824</ele><time>2024-10-25T18:48:08Z</time><extensions><speed>1.909465</speed><course>23.464158</course><hAcc>2.086278</hAcc><vAcc>0.824230</vAcc></extensions></trkpt>
      <trkpt lon="-117.328601" lat="33.974450"><ele>324.519742</ele><time>2024-10-25T18:48:09Z</time><extensions><speed>2.008039</speed><course>22.759770</course><hAcc>2.120671</hAcc><vAcc>0.835460</vAcc></extensions></trkpt>
      <trkpt lon="-117.328593" lat="33.974467"><ele>324.601739</ele><time>2024-10-25T18:48:10Z</time><extensions><speed>1.914857</speed><course>20.722235</course><hAcc>2.142882</hAcc><vAcc>0.850395</vAcc></extensions></trkpt>
      <trkpt lon="-117.328586" lat="33.974483"><ele>324.697417</ele><time>2024-10-25T18:48:11Z</time><extensions><speed>1.786066</speed><course>16.571133</course><hAcc>2.155415</hAcc><vAcc>0.869008</vAcc></extensions></trkpt>
      <trkpt lon="-117.328581" lat="33.974498"><ele>324.808297</ele><time>2024-10-25T18:48:12Z</time><extensions><speed>1.678993</speed><course>12.445483</course><hAcc>2.165865</hAcc><vAcc>0.889917</vAcc></extensions></trkpt>
      <trkpt lon="-117.328576" lat="33.974512"><ele>324.926101</ele><time>2024-10-25T18:48:13Z</time><extensions><speed>1.598146</speed><course>12.952734</course><hAcc>2.173591</hAcc><vAcc>0.912607</vAcc></extensions></trkpt>
      <trkpt lon="-117.328573" lat="33.974525"><ele>325.055834</ele><time>2024-10-25T18:48:14Z</time><extensions><speed>1.441988</speed><course>11.400444</course><hAcc>2.188368</hAcc><vAcc>0.935299</vAcc></extensions></trkpt>
      <trkpt lon="-117.328570" lat="33.974538"><ele>325.183843</ele><time>2024-10-25T18:48:15Z</time><extensions><speed>1.365877</speed><course>11.289944</course><hAcc>2.194944</hAcc><vAcc>0.955038</vAcc></extensions></trkpt>
      <trkpt lon="-117.328566" lat="33.974549"><ele>325.297559</ele><time>2024-10-25T18:48:16Z</time><extensions><speed>1.167030</speed><course>18.169946</course><hAcc>2.174315</hAcc><vAcc>0.972160</vAcc></extensions></trkpt>
      <trkpt lon="-117.328562" lat="33.974558"><ele>325.389998</ele><time>2024-10-25T18:48:17Z</time><extensions><speed>1.004644</speed><course>24.918292</course><hAcc>2.168704</hAcc><vAcc>0.978021</vAcc></extensions></trkpt>
      <trkpt lon="-117.328558" lat="33.974565"><ele>325.455978</ele><time>2024-10-25T18:48:18Z</time><extensions><speed>0.942183</speed><course>26.893499</course><hAcc>2.187796</hAcc><vAcc>0.983321</vAcc></extensions></trkpt>
      <trkpt lon="-117.328553" lat="33.974572"><ele>325.505547</ele><time>2024-10-25T18:48:19Z</time><extensions><speed>0.896165</speed><course>27.554505</course><hAcc>2.208238</hAcc><vAcc>0.982878</vAcc></extensions></trkpt>
      <trkpt lon="-117.328549" lat="33.974578"><ele>325.525719</ele><time>2024-10-25T18:48:20Z</time><extensions><speed>0.698508</speed><course>32.339266</course><hAcc>2.212706</hAcc><vAcc>0.980456</vAcc></extensions></trkpt>
      <trkpt lon="-117.328545" lat="33.974583"><ele>325.524210</ele><time>2024-10-25T18:48:21Z</time><extensions><speed>0.478882</speed><course>42.131812</course><hAcc>2.217390</hAcc><vAcc>0.975103</vAcc></extensions></trkpt>
      <trkpt lon="-117.328542" lat="33.974585"><ele>325.517754</ele><time>2024-10-25T18:48:22Z</time><extensions><speed>0.322276</speed><course>50.729521</course><hAcc>2.207666</hAcc><vAcc>0.966371</vAcc></extensions></trkpt>
      <trkpt lon="-117.328540" lat="33.974587"><ele>325.497549</ele><time>2024-10-25T18:48:23Z</time><extensions><speed>0.206217</speed><course>52.230808</course><hAcc>2.216203</hAcc><vAcc>0.954186</vAcc></extensions></trkpt>
      <trkpt lon="-117.328539" lat="33.974587"><ele>325.455585</ele><time>2024-10-25T18:48:24Z</time><extensions><speed>0.115293</speed><course>27.994389</course><hAcc>2.244459</hAcc><vAcc>0.938792</vAcc></extensions></trkpt>
      <trkpt lon="-117.328539" lat="33.974588"><ele>325.400162</ele><time>2024-10-25T18:48:25Z</time><extensions><speed>0.042391</speed><course>269.122353</course><hAcc>2.271105</hAcc><vAcc>0.920729</vAcc></extensions></trkpt>
      <trkpt lon="-117.328539" lat="33.974587"><ele>325.336341</ele><time>2024-10-25T18:48:26Z</time><extensions><speed>0.139075</speed><course>216.880385</course><hAcc>2.292696</hAcc><vAcc>0.900789</vAcc></extensions></trkpt>
      <trkpt lon="-117.328540" lat="33.974586"><ele>325.254065</ele><time>2024-10-25T18:48:27Z</time><extensions><speed>0.215264</speed><course>205.555918</course><hAcc>2.316051</hAcc><vAcc>0.879962</vAcc></extensions></trkpt>
      <trkpt lon="-117.328541" lat="33.974584"><ele>325.156796</ele><time>2024-10-25T18:48:28Z</time><extensions><speed>0.246193</speed><course>202.446126</course><hAcc>2.335703</hAcc><vAcc>0.859310</vAcc></extensions></trkpt>
      <trkpt lon="-117.328542" lat="33.974582"><ele>325.051841</ele><time>2024-10-25T18:48:29Z</time><extensions><speed>0.224771</speed><course>208.414990</course><hAcc>2.343642</hAcc><vAcc>0.839794</vAcc></extensions></trkpt>
      <trkpt lon="-117.328544" lat="33.974581"><ele>324.938499</ele><time>2024-10-25T18:48:30Z</time><extensions><speed>0.156353</speed><course>234.548436</course><hAcc>2.354192</hAcc><vAcc>0.822165</vAcc></extensions></trkpt>
      <trkpt lon="-117.328545" lat="33.974581"><ele>324.822641</ele><time>2024-10-25T18:48:31Z</time><extensions><speed>0.145976</speed><course>288.273916</course><hAcc>2.387819</hAcc><vAcc>0.806886</vAcc></extensions></trkpt>
      <trkpt lon="-117.328546" lat="33.974581"><ele>324.705417</ele><time>2024-10-25T18:48:32Z</time><extensions><speed>0.129036</speed><course>322.290973</course><hAcc>2.444404</hAcc><vAcc>0.794132</vAcc></extensions></trkpt>
      <trkpt lon="-117.328547" lat="33.974582"><ele>324.584383</ele><time>2024-10-25T18:48:33Z</time><extensions><speed>0.131665</speed><course>336.396762</course><hAcc>2.526837</hAcc><vAcc>0.783852</vAcc></extensions></trkpt>
      <trkpt lon="-117.328547" lat="33.974583"><ele>324.466032</ele><time>2024-10-25T18:48:34Z</time><extensions><speed>0.100147</speed><course>335.848666</course><hAcc>2.687429</hAcc><vAcc>0.775837</vAcc></extensions></trkpt>
      <trkpt lon="-117.328548" lat="33.974584"><ele>324.352469</ele><time>2024-10-25T18:48:35Z</time><extensions><speed>0.059323</speed><course>320.675262</course><hAcc>2.937093</hAcc><vAcc>0.769857</vAcc></extensions></trkpt>
      <trkpt lon="-117.328548" lat="33.974584"><ele>324.244537</ele><time>2024-10-25T18:48:36Z</time><extensions><speed>0.073971</speed><course>316.234316</course><hAcc>3.263665</hAcc><vAcc>0.770323</vAcc></extensions></trkpt>
      <trkpt lon="-117.328549" lat="33.974585"><ele>324.141140</ele><time>2024-10-25T18:48:37Z</time><extensions><speed>0.099134</speed><course>317.151252</course><hAcc>3.688213</hAcc><vAcc>0.775771</vAcc></extensions></trkpt>
      <trkpt lon="-117.328550" lat="33.974586"><ele>324.042575</ele><time>2024-10-25T18:48:38Z</time><extensions><speed>0.122728</speed><course>319.083252</course><hAcc>4.217200</hAcc><vAcc>0.788110</vAcc></extensions></trkpt>
      <trkpt lon="-117.328551" lat="33.974586"><ele>323.948794</ele><time>2024-10-25T18:48:39Z</time><extensions><speed>0.131181</speed><course>319.273957</course><hAcc>4.842992</hAcc><vAcc>0.809984</vAcc></extensions></trkpt>
      <trkpt lon="-117.328552" lat="33.974587"><ele>323.859399</ele><time>2024-10-25T18:48:40Z</time><extensions><speed>0.127577</speed><course>319.173462</course><hAcc>5.549625</hAcc><vAcc>0.844684</vAcc></extensions></trkpt>
      <trkpt lon="-117.328552" lat="33.974588"><ele>323.773773</ele><time>2024-10-25T18:48:41Z</time><extensions><speed>0.113882</speed><course>319.074815</course><hAcc>6.315256</hAcc><vAcc>0.895878</vAcc></extensions></trkpt>
      <trkpt lon="-117.328553" lat="33.974589"><ele>323.691196</ele><time>2024-10-25T18:48:42Z</time><extensions><speed>0.091568</speed><course>318.553149</course><hAcc>7.107769</hAcc><vAcc>0.967168</vAcc></extensions></trkpt>
      <trkpt lon="-117.328554" lat="33.974589"><ele>323.610961</ele><time>2024-10-25T18:48:43Z</time><extensions><speed>0.060353</speed><course>314.641411</course><hAcc>7.877396</hAcc><vAcc>1.061595</vAcc></extensions></trkpt>
      <trkpt lon="-117.328554" lat="33.974590"><ele>323.532410</ele><time>2024-10-25T18:48:44Z</time><extensions><speed>0.044068</speed><course>311.792331</course><hAcc>8.625936</hAcc><vAcc>1.181278</vAcc></extensions></trkpt>
      <trkpt lon="-117.328554" lat="33.974590"><ele>323.451191</ele><time>2024-10-25T18:48:45Z</time><extensions><speed>0.036667</speed><course>310.683238</course><hAcc>9.501500</hAcc><vAcc>1.334864</vAcc></extensions></trkpt>
      <trkpt lon="-117.328591" lat="33.974612"><ele>323.294981</ele><time>2024-10-25T18:54:07Z</time><extensions><speed>1.245227</speed><course>213.771563</course><hAcc>4.198345</hAcc><vAcc>1.483976</vAcc></extensions></trkpt>
      <trkpt lon="-117.328601" lat="33.974601"><ele>323.365596</ele><time>2024-10-25T18:54:08Z</time><extensions><speed>1.338416</speed><course>214.469578</course><hAcc>3.659355</hAcc><vAcc>1.290564</vAcc></extensions></trkpt>
      <trkpt lon="-117.328616" lat="33.974588"><ele>323.445328</ele><time>2024-10-25T18:54:09Z</time><extensions><speed>1.140057</speed><course>207.054896</course><hAcc>3.230233</hAcc><vAcc>1.138716</vAcc></extensions></trkpt>
      <trkpt lon="-117.328621" lat="33.974578"><ele>323.527806</ele><time>2024-10-25T18:54:10Z</time><extensions><speed>0.907832</speed><course>176.111206</course><hAcc>3.011975</hAcc><vAcc>1.022741</vAcc></extensions></trkpt>
      <trkpt lon="-117.328622" lat="33.974568"><ele>323.609139</ele><time>2024-10-25T18:54:11Z</time><extensions><speed>1.136017</speed><course>171.447530</course><hAcc>2.905279</hAcc><vAcc>0.937111</vAcc></extensions></trkpt>
      <trkpt lon="-117.328620" lat="33.974557"><ele>323.683339</ele><time>2024-10-25T18:54:12Z</time><extensions><speed>1.220057</speed><course>171.495921</course><hAcc>2.851329</hAcc><vAcc>0.876293</vAcc></extensions></trkpt>
      <trkpt lon="-117.328619" lat="33.974546"><ele>323.756612</ele><time>2024-10-25T18:54:13Z</time><extensions><speed>1.244782</speed><course>174.875604</course><hAcc>2.797837</hAcc><vAcc>0.834863</vAcc></extensions></trkpt>
      <trkpt lon="-117.328619" lat="33.974535"><ele>323.824932</ele><time>2024-10-25T18:54:14Z</time><extensions><speed>1.160394</speed><course>175.743295</course><hAcc>2.741927</hAcc><vAcc>0.807828</vAcc></extensions></trkpt>
      <trkpt lon="-117.328620" lat="33.974524"><ele>323.899712</ele><time>2024-10-25T18:54:15Z</time><extensions><speed>1.126093</speed><course>180.448915</course><hAcc>2.680609</hAcc><vAcc>0.790922</vAcc></extensions></trkpt>
      <trkpt lon="-117.328622" lat="33.974513"><ele>323.968508</ele><time>2024-10-25T18:54:16Z</time><extensions><speed>1.148416</speed><course>187.904408</course><hAcc>2.598858</hAcc><vAcc>0.780757</vAcc></extensions></trkpt>
      <trkpt lon="-117.328625" lat="33.974503"><ele>324.032485</ele><time>2024-10-25T18:54:17Z</time><extensions><speed>1.163102</speed><course>195.328262</course><hAcc>2.489077</hAcc><vAcc>0.774832</vAcc></extensions></trkpt>
      <trkpt lon="-117.328628" lat="33.974492"><ele>324.092354</ele><time>2024-10-25T18:54:18Z</time><extensions><speed>1.277474</speed><course>191.333475</course><hAcc>2.373400</hAcc><vAcc>0.771404</vAcc></extensions></trkpt>
      <trkpt lon="-117.328630" lat="33.974481"><ele>324.145071</ele><time>2024-10-25T18:54:19Z</time><extensions><speed>1.284112</speed><course>189.097834</course><hAcc>2.252085</hAcc><vAcc>0.769336</vAcc></extensions></trkpt>
      <trkpt lon="-117.328632" lat="33.974469"><ele>324.195788</ele><time>2024-10-25T18:54:20Z</time><extensions><speed>1.279911</speed><course>185.624972</course><hAcc>2.150115</hAcc><vAcc>0.767932</vAcc></extensions></trkpt>
      <trkpt lon="-117.328633" lat="33.974458"><ele>324.239688</ele><time>2024-10-25T18:54:21Z</time><extensions><speed>1.255265</speed><course>182.612569</course><hAcc>2.093011</hAcc><vAcc>0.766800</vAcc></extensions></trkpt>
      <trkpt lon="-117.328634" lat="33.974446"><ele>324.278458</ele><time>2024-10-25T18:54:22Z</time><extensions><speed>1.250715</speed><course>182.788614</course><hAcc>2.069496</hAcc><vAcc>0.765748</vAcc></extensions></trkpt>
      <trkpt lon="-117.328635" lat="33.974435"><ele>324.317990</ele><time>2024-10-25T18:54:23Z</time><extensions><speed>1.276466</speed><course>185.840782</course><hAcc>2.068307</hAcc><vAcc>0.764699</vAcc></extensions></trkpt>
      <trkpt lon="-117.328638" lat="33.974423"><ele>324.356032</ele><time>2024-10-25T18:54:24Z</time><extensions><speed>1.416500</speed><course>192.764455</course><hAcc>2.062128</hAcc><vAcc>0.763719</vAcc></extensions></trkpt>
      <trkpt lon="-117.328642" lat="33.974411"><ele>324.388975</ele><time>2024-10-25T18:54:25Z</time><extensions><speed>1.447030</speed><course>196.822266</course><hAcc>2.083881</hAcc><vAcc>0.767810</vAcc></extensions></trkpt>
      <trkpt lon="-117.328646" lat="33.974398"><ele>324.419424</ele><time>2024-10-25T18:54:26Z</time><extensions><speed>1.413279</speed><course>196.343190</course><hAcc>2.145266</hAcc><vAcc>0.775588</vAcc></extensions></trkpt>
      <trkpt lon="-117.328650" lat="33.974386"><ele>324.447657</ele><time>2024-10-25T18:54:27Z</time><extensions><speed>1.363151</speed><course>193.812925</course><hAcc>2.230638</hAcc><vAcc>0.789245</vAcc></extensions></trkpt>
      <trkpt lon="-117.328653" lat="33.974374"><ele>324.474065</ele><time>2024-10-25T18:54:28Z</time><extensions><speed>1.331795</speed><course>190.762415</course><hAcc>2.325815</hAcc><vAcc>0.811673</vAcc></extensions></trkpt>
      <trkpt lon="-117.328655" lat="33.974362"><ele>324.499048</ele><time>2024-10-25T18:54:29Z</time><extensions><speed>1.323966</speed><course>188.043380</course><hAcc>2.429998</hAcc><vAcc>0.846377</vAcc></extensions></trkpt>
      <trkpt lon="-117.328657" lat="33.974351"><ele>324.522984</ele><time>2024-10-25T18:54:30Z</time><extensions><speed>1.328225</speed><course>186.120208</course><hAcc>2.570063</hAcc><vAcc>0.897206</vAcc></extensions></trkpt>
      <trkpt lon="-117.328658" lat="33.974339"><ele>324.546201</ele><time>2024-10-25T18:54:31Z</time><extensions><speed>1.308600</speed><course>184.180439</course><hAcc>2.743648</hAcc><vAcc>0.967911</vAcc></extensions></trkpt>
      <trkpt lon="-117.328660" lat="33.974327"><ele>324.568982</ele><time>2024-10-25T18:54:32Z</time><extensions><speed>1.272536</speed><course>184.703272</course><hAcc>2.869321</hAcc><vAcc>1.061654</vAcc></extensions></trkpt>
      <trkpt lon="-117.328661" lat="33.974316"><ele>324.591517</ele><time>2024-10-25T18:54:33Z</time><extensions><speed>1.258077</speed><course>184.770505</course><hAcc>3.064143</hAcc><vAcc>1.180638</vAcc></extensions></trkpt>
      <trkpt lon="-117.328662" lat="33.974304"><ele>324.615008</ele><time>2024-10-25T18:54:34Z</time><extensions><speed>1.262725</speed><course>184.576319</course><hAcc>3.452680</hAcc><vAcc>1.333869</vAcc></extensions></trkpt>
      <trkpt lon="-117.328549" lat="33.974179"><ele>325.096628</ele><time>2024-10-25T18:59:23Z</time><extensions><speed>1.146236</speed><course>152.165325</course><hAcc>4.570822</hAcc><vAcc>1.438645</vAcc></extensions></trkpt>
      <trkpt lon="-117.328543" lat="33.974165"><ele>325.107184</ele><time>2024-10-25T18:59:24Z</time><extensions><speed>1.262589</speed><course>150.362893</course><hAcc>4.076124</hAcc><vAcc>1.253326</vAcc></extensions></trkpt>
      <trkpt lon="-117.328537" lat="33.974152"><ele>325.117113</ele><time>2024-10-25T18:59:25Z</time><extensions><speed>1.251511</speed><course>144.875989</course><hAcc>3.763495</hAcc><vAcc>1.108549</vAcc></extensions></trkpt>
      <trkpt lon="-117.328530" lat="33.974141"><ele>325.115506</ele><time>2024-10-25T18:59:26Z</time><extensions><speed>1.255259</speed><course>138.429465</course><hAcc>3.508898</hAcc><vAcc>1.000201</vAcc></extensions></trkpt>
      <trkpt lon="-117.328521" lat="33.974131"><ele>325.110587</ele><time>2024-10-25T18:59:27Z</time><extensions><speed>1.297250</speed><course>132.053608</course><hAcc>3.265248</hAcc><vAcc>0.923913</vAcc></extensions></trkpt>
      <trkpt lon="-117.328511" lat="33.974123"><ele>325.102043</ele><time>2024-10-25T18:59:28Z</time><extensions><speed>1.380378</speed><course>128.418182</course><hAcc>3.049900</hAcc><vAcc>0.874494</vAcc></extensions></trkpt>
      <trkpt lon="-117.328500" lat="33.974115"><ele>325.095336</ele><time>2024-10-25T18:59:29Z</time><extensions><speed>1.565318</speed><course>129.652107</course><hAcc>2.842588</hAcc><vAcc>0.846445</vAcc></extensions></trkpt>
      <trkpt lon="-117.328487" lat="33.974106"><ele>325.092387</ele><time>2024-10-25T18:59:30Z</time><extensions><speed>1.675673</speed><course>131.221598</course><hAcc>2.616500</hAcc><vAcc>0.834436</vAcc></extensions></trkpt>
      <trkpt lon="-117.328475" lat="33.974096"><ele>325.084632</ele><time>2024-10-25T18:59:31Z</time><extensions><speed>1.650495</speed><course>134.553317</course><hAcc>2.382739</hAcc><vAcc>0.833725</vAcc></extensions></trkpt>
      <trkpt lon="-117.328463" lat="33.974086"><ele>325.075857</ele><time>2024-10-25T18:59:32Z</time><extensions><speed>1.534580</speed><course>139.980157</course><hAcc>2.190343</hAcc><vAcc>0.840581</vAcc></extensions></trkpt>
      <trkpt lon="-117.328453" lat="33.974075"><ele>325.064042</ele><time>2024-10-25T18:59:33Z</time><extensions><speed>1.549859</speed><course>146.224865</course><hAcc>2.054988</hAcc><vAcc>0.852604</vAcc></extensions></trkpt>
      <trkpt lon="-117.328445" lat="33.974064"><ele>325.053961</ele><time>2024-10-25T18:59:34Z</time><extensions><speed>1.326471</speed><course>147.377318</course><hAcc>1.986812</hAcc><vAcc>0.868699</vAcc></extensions></trkpt>
      <trkpt lon="-117.328439" lat="33.974054"><ele>325.036118</ele><time>2024-10-25T18:59:35Z</time><extensions><speed>1.108602</speed><course>156.082830</course><hAcc>1.913085</hAcc><vAcc>0.887035</vAcc></extensions></trkpt>
      <trkpt lon="-117.328434" lat="33.974046"><ele>325.019561</ele><time>2024-10-25T18:59:36Z</time><extensions><speed>0.877028</speed><course>157.012663</course><hAcc>1.869041</hAcc><vAcc>0.905799</vAcc></extensions></trkpt>
      <trkpt lon="-117.328431" lat="33.974040"><ele>324.996495</ele><time>2024-10-25T18:59:37Z</time><extensions><speed>0.601780</speed><course>160.200844</course><hAcc>1.845929</hAcc><vAcc>0.923627</vAcc></extensions></trkpt>
      <trkpt lon="-117.328430" lat="33.974036"><ele>324.969265</ele><time>2024-10-25T18:59:38Z</time><extensions><speed>0.253895</speed><course>179.593167</course><hAcc>1.825124</hAcc><vAcc>0.937475</vAcc></extensions></trkpt>
      <trkpt lon="-117.328431" lat="33.974035"><ele>324.955944</ele><time>2024-10-25T18:59:39Z</time><extensions><speed>0.155695</speed><course>234.656744</course><hAcc>1.806340</hAcc><vAcc>0.949144</vAcc></extensions></trkpt>
      <trkpt lon="-117.328432" lat="33.974034"><ele>324.940107</ele><time>2024-10-25T18:59:40Z</time><extensions><speed>0.141519</speed><course>232.583986</course><hAcc>1.798567</hAcc><vAcc>0.959782</vAcc></extensions></trkpt>
      <trkpt lon="-117.328433" lat="33.974033"><ele>324.915969</ele><time>2024-10-25T18:59:41Z</time><extensions><speed>0.169440</speed><course>198.530602</course><hAcc>1.790692</hAcc><vAcc>0.969142</vAcc></extensions></trkpt>
      <trkpt lon="-117.328433" lat="33.974030"><ele>324.894659</ele><time>2024-10-25T18:59:42Z</time><extensions><speed>0.340409</speed><course>173.426362</course><hAcc>1.786525</hAcc><vAcc>0.976084</vAcc></extensions></trkpt>
      <trkpt lon="-117.328433" lat="33.974027"><ele>324.895425</ele><time>2024-10-25T18:59:43Z</time><extensions><speed>0.508134</speed><course>168.336584</course><hAcc>1.798572</hAcc><vAcc>0.980313</vAcc></extensions></trkpt>
      <trkpt lon="-117.328431" lat="33.974021"><ele>324.895862</ele><time>2024-10-25T18:59:44Z</time><extensions><speed>0.723554</speed><course>159.176942</course><hAcc>1.811294</hAcc><vAcc>0.983232</vAcc></extensions></trkpt>
      <trkpt lon="-117.328427" lat="33.974015"><ele>324.887127</ele><time>2024-10-25T18:59:45Z</time><extensions><speed>0.830160</speed><course>155.156401</course><hAcc>1.807981</hAcc><vAcc>0.983992</vAcc></extensions></trkpt>
      <trkpt lon="-117.328424" lat="33.974009"><ele>324.877165</ele><time>2024-10-25T18:59:46Z</time><extensions><speed>0.631646</speed><course>155.729869</course><hAcc>1.778570</hAcc><vAcc>0.983273</vAcc></extensions></trkpt>
      <trkpt lon="-117.328422" lat="33.974004"><ele>324.856514</ele><time>2024-10-25T18:59:47Z</time><extensions><speed>0.450883</speed><course>161.609024</course><hAcc>1.763576</hAcc><vAcc>0.981618</vAcc></extensions></trkpt>
      <trkpt lon="-117.328421" lat="33.974000"><ele>324.825707</ele><time>2024-10-25T18:59:48Z</time><extensions><speed>0.401956</speed><course>166.680001</course><hAcc>1.743617</hAcc><vAcc>0.978251</vAcc></extensions></trkpt>
      <trkpt lon="-117.328420" lat="33.973996"><ele>324.789063</ele><time>2024-10-25T18:59:49Z</time><extensions><speed>0.525344</speed><course>164.687431</course><hAcc>1.739897</hAcc><vAcc>0.974734</vAcc></extensions></trkpt>
      <trkpt lon="-117.328419" lat="33.973992"><ele>324.755380</ele><time>2024-10-25T18:59:50Z</time><extensions><speed>0.551363</speed><course>167.971465</course><hAcc>1.744099</hAcc><vAcc>0.970988</vAcc></extensions></trkpt>
      <trkpt lon="-117.328418" lat="33.973987"><ele>324.709179</ele><time>2024-10-25T18:59:51Z</time><extensions><speed>0.578929</speed><course>169.123727</course><hAcc>1.741924</hAcc><vAcc>0.967059</vAcc></extensions></trkpt>
      <trkpt lon="-117.328417" lat="33.973981"><ele>324.659060</ele><time>2024-10-25T18:59:52Z</time><extensions><speed>0.600293</speed><course>175.297345</course><hAcc>1.717840</hAcc><vAcc>0.962705</vAcc></extensions></trkpt>
      <trkpt lon="-117.328417" lat="33.973976"><ele>324.621375</ele><time>2024-10-25T18:59:53Z</time><extensions><speed>0.668403</speed><course>184.750313</course><hAcc>1.672557</hAcc><vAcc>0.959693</vAcc></extensions></trkpt>
      <trkpt lon="-117.328418" lat="33.973969"><ele>324.575534</ele><time>2024-10-25T18:59:54Z</time><extensions><speed>0.777452</speed><course>191.579250</course><hAcc>1.647515</hAcc><vAcc>0.956602</vAcc></extensions></trkpt>
      <trkpt lon="-117.328420" lat="33.973962"><ele>324.516292</ele><time>2024-10-25T18:59:55Z</time><extensions><speed>0.896014</speed><course>194.465530</course><hAcc>1.658909</hAcc><vAcc>0.954381</vAcc></extensions></trkpt>
      <trkpt lon="-117.328424" lat="33.973954"><ele>324.457397</ele><time>2024-10-25T18:59:56Z</time><extensions><speed>0.988309</speed><course>210.392375</course><hAcc>1.653397</hAcc><vAcc>0.953106</vAcc></extensions></trkpt>
      <trkpt lon="-117.328432" lat="33.973946"><ele>324.396980</ele><time>2024-10-25T18:59:57Z</time><extensions><speed>1.116291</speed><course>228.799019</course><hAcc>1.634136</hAcc><vAcc>0.953732</vAcc></extensions></trkpt>
      <trkpt lon="-117.328442" lat="33.973941"><ele>324.341363</ele><time>2024-10-25T18:59:58Z</time><extensions><speed>1.138374</speed><course>241.054944</course><hAcc>1.600876</hAcc><vAcc>0.954961</vAcc></extensions></trkpt>
      <trkpt lon="-117.328453" lat="33.973936"><ele>324.288790</ele><time>2024-10-25T18:59:59Z</time><extensions><speed>1.235412</speed><course>245.382742</course><hAcc>1.568134</hAcc><vAcc>0.956200</vAcc></extensions></trkpt>
      <trkpt lon="-117.328466" lat="33.973931"><ele>324.248216</ele><time>2024-10-25T19:00:00Z</time><extensions><speed>1.298753</speed><course>247.025064</course><hAcc>1.567365</hAcc><vAcc>0.956612</vAcc></extensions></trkpt>
      <trkpt lon="-117.328480" lat="33.973926"><ele>324.173026</ele><time>2024-10-25T19:00:01Z</time><extensions><speed>1.438974</speed><course>247.732757</course><hAcc>1.551650</hAcc><vAcc>0.957013</vAcc></extensions></trkpt>
      <trkpt lon="-117.328495" lat="33.973922"><ele>324.101417</ele><time>2024-10-25T19:00:02Z</time><extensions><speed>1.509746</speed><course>250.200992</course><hAcc>1.548840</hAcc><vAcc>0.957535</vAcc></extensions></trkpt>
      <trkpt lon="-117.328510" lat="33.973918"><ele>324.042409</ele><time>2024-10-25T19:00:03Z</time><extensions><speed>1.377245</speed><course>253.535098</course><hAcc>1.569307</hAcc><vAcc>0.958272</vAcc></extensions></trkpt>
      <trkpt lon="-117.328525" lat="33.973914"><ele>324.006444</ele><time>2024-10-25T19:00:04Z</time><extensions><speed>1.410423</speed><course>256.163058</course><hAcc>1.534177</hAcc><vAcc>0.958204</vAcc></extensions></trkpt>
      <trkpt lon="-117.328540" lat="33.973912"><ele>323.982673</ele><time>2024-10-25T19:00:05Z</time><extensions><speed>1.369741</speed><course>259.434009</course><hAcc>1.513214</hAcc><vAcc>0.957333</vAcc></extensions></trkpt>
      <trkpt lon="-117.328554" lat="33.973910"><ele>323.953202</ele><time>2024-10-25T19:00:06Z</time><extensions><speed>1.383062</speed><course>260.883876</course><hAcc>1.529013</hAcc><vAcc>0.955748</vAcc></extensions></trkpt>
      <trkpt lon="-117.328570" lat="33.973908"><ele>323.929876</ele><time>2024-10-25T19:00:07Z</time><extensions><speed>1.408698</speed><course>263.414106</course><hAcc>1.549924</hAcc><vAcc>0.953410</vAcc></extensions></trkpt>
      <trkpt lon="-117.328585" lat="33.973907"><ele>323.926279</ele><time>2024-10-25T19:00:08Z</time><extensions><speed>1.401825</speed><course>267.803322</course><hAcc>1.572498</hAcc><vAcc>0.949484</vAcc></extensions></trkpt>
      <trkpt lon="-117.328600" lat="33.973907"><ele>323.931720</ele><time>2024-10-25T19:00:09Z</time><extensions><speed>1.306737</speed><course>271.432067</course><hAcc>1.594692</hAcc><vAcc>0.943590</vAcc></extensions></trkpt>
      <trkpt lon="-117.328613" lat="33.973907"><ele>323.916447</ele><time>2024-10-25T19:00:10Z</time><extensions><speed>1.229301</speed><course>273.395613</course><hAcc>1.614524</hAcc><vAcc>0.937141</vAcc></extensions></trkpt>
      <trkpt lon="-117.328626" lat="33.973908"><ele>323.891139</ele><time>2024-10-25T19:00:11Z</time><extensions><speed>1.213953</speed><course>277.125532</course><hAcc>1.627925</hAcc><vAcc>0.930759</vAcc></extensions></trkpt>
      <trkpt lon="-117.328639" lat="33.973910"><ele>323.869301</ele><time>2024-10-25T19:00:12Z</time><extensions><speed>1.057070</speed><course>279.536374</course><hAcc>1.667050</hAcc><vAcc>0.923879</vAcc></extensions></trkpt>
      <trkpt lon="-117.328649" lat="33.973911"><ele>323.857934</ele><time>2024-10-25T19:00:13Z</time><extensions><speed>0.789188</speed><course>278.593867</course><hAcc>1.717014</hAcc><vAcc>0.915557</vAcc></extensions></trkpt>
      <trkpt lon="-117.328657" lat="33.973912"><ele>323.853054</ele><time>2024-10-25T19:00:14Z</time><extensions><speed>0.811015</speed><course>275.511405</course><hAcc>1.742241</hAcc><vAcc>0.905977</vAcc></extensions></trkpt>
      <trkpt lon="-117.328666" lat="33.973912"><ele>323.859927</ele><time>2024-10-25T19:00:15Z</time><extensions><speed>0.832225</speed><course>271.538799</course><hAcc>1.773447</hAcc><vAcc>0.895783</vAcc></extensions></trkpt>
      <trkpt lon="-117.328675" lat="33.973912"><ele>323.859532</ele><time>2024-10-25T19:00:16Z</time><extensions><speed>0.837030</speed><course>267.146450</course><hAcc>1.807018</hAcc><vAcc>0.885183</vAcc></extensions></trkpt>
      <trkpt lon="-117.328684" lat="33.973912"><ele>323.853943</ele><time>2024-10-25T19:00:17Z</time><extensions><speed>0.799741</speed><course>262.431339</course><hAcc>1.838035</hAcc><vAcc>0.874255</vAcc></extensions></trkpt>
      <trkpt lon="-117.328692" lat="33.973910"><ele>323.825906</ele><time>2024-10-25T19:00:18Z</time><extensions><speed>0.747530</speed><course>258.363771</course><hAcc>1.861014</hAcc><vAcc>0.863188</vAcc></extensions></trkpt>
      <trkpt lon="-117.328700" lat="33.973909"><ele>323.793212</ele><time>2024-10-25T19:00:19Z</time><extensions><speed>0.724492</speed><course>255.781387</course><hAcc>1.869517</hAcc><vAcc>0.852128</vAcc></extensions></trkpt>
      <trkpt lon="-117.328707" lat="33.973907"><ele>323.756357</ele><time>2024-10-25T19:00:20Z</time><extensions><speed>0.785457</speed><course>255.728670</course><hAcc>1.864023</hAcc><vAcc>0.841204</vAcc></extensions></trkpt>
      <trkpt lon="-117.328716" lat="33.973905"><ele>323.717419</ele><time>2024-10-25T19:00:21Z</time><extensions><speed>0.942111</speed><course>258.172819</course><hAcc>1.856849</hAcc><vAcc>0.830494</vAcc></extensions></trkpt>
      <trkpt lon="-117.328726" lat="33.973903"><ele>323.676690</ele><time>2024-10-25T19:00:22Z</time><extensions><speed>1.003343</speed><course>252.510465</course><hAcc>1.841780</hAcc><vAcc>0.820063</vAcc></extensions></trkpt>
      <trkpt lon="-117.328736" lat="33.973900"><ele>323.638291</ele><time>2024-10-25T19:00:23Z</time><extensions><speed>0.978043</speed><course>246.469979</course><hAcc>1.821641</hAcc><vAcc>0.810041</vAcc></extensions></trkpt>
      <trkpt lon="-117.328745" lat="33.973896"><ele>323.607275</ele><time>2024-10-25T19:00:24Z</time><extensions><speed>0.871136</speed><course>239.176538</course><hAcc>1.799132</hAcc><vAcc>0.800641</vAcc></extensions></trkpt>
      <trkpt lon="-117.328752" lat="33.973892"><ele>323.578113</ele><time>2024-10-25T19:00:25Z</time><extensions><speed>0.764682</speed><course>232.851401</course><hAcc>1.775882</hAcc><vAcc>0.792094</vAcc></extensions></trkpt>
      <trkpt lon="-117.328758" lat="33.973888"><ele>323.530304</ele><time>2024-10-25T19:00:26Z</time><extensions><speed>0.707036</speed><course>230.497741</course><hAcc>1.788498</hAcc><vAcc>0.784568</vAcc></extensions></trkpt>
      <trkpt lon="-117.328764" lat="33.973884"><ele>323.505195</ele><time>2024-10-25T19:00:27Z</time><extensions><speed>0.587286</speed><course>228.644918</course><hAcc>1.789997</hAcc><vAcc>0.778147</vAcc></extensions></trkpt>
      <trkpt lon="-117.328768" lat="33.973882"><ele>323.488974</ele><time>2024-10-25T19:00:28Z</time><extensions><speed>0.336558</speed><course>225.310242</course><hAcc>1.783230</hAcc><vAcc>0.772833</vAcc></extensions></trkpt>
      <trkpt lon="-117.328770" lat="33.973880"><ele>323.483314</ele><time>2024-10-25T19:00:29Z</time><extensions><speed>0.188304</speed><course>231.107409</course><hAcc>1.784190</hAcc><vAcc>0.768563</vAcc></extensions></trkpt>
      <trkpt lon="-117.328772" lat="33.973879"><ele>323.493567</ele><time>2024-10-25T19:00:30Z</time><extensions><speed>0.244519</speed><course>256.261830</course><hAcc>1.807554</hAcc><vAcc>0.765226</vAcc></extensions></trkpt>
      <trkpt lon="-117.328776" lat="33.973879"><ele>323.514632</ele><time>2024-10-25T19:00:31Z</time><extensions><speed>0.476813</speed><course>264.837388</course><hAcc>1.842686</hAcc><vAcc>0.762689</vAcc></extensions></trkpt>
      <trkpt lon="-117.328783" lat="33.973878"><ele>323.546330</ele><time>2024-10-25T19:00:32Z</time><extensions><speed>0.880836</speed><course>264.810502</course><hAcc>1.881464</hAcc><vAcc>0.760812</vAcc></extensions></trkpt>
      <trkpt lon="-117.328795" lat="33.973877"><ele>323.597536</ele><time>2024-10-25T19:00:33Z</time><extensions><speed>1.401456</speed><course>263.470431</course><hAcc>1.936662</hAcc><vAcc>0.759538</vAcc></extensions></trkpt>
      <trkpt lon="-117.328813" lat="33.973875"><ele>323.659669</ele><time>2024-10-25T19:00:34Z</time><extensions><speed>1.913944</speed><course>262.463242</course><hAcc>2.015591</hAcc><vAcc>0.758686</vAcc></extensions></trkpt>
      <trkpt lon="-117.328834" lat="33.973873"><ele>323.726701</ele><time>2024-10-25T19:00:35Z</time><extensions><speed>1.979007</speed><course>263.754981</course><hAcc>2.096978</hAcc><vAcc>0.758154</vAcc></extensions></trkpt>
      <trkpt lon="-117.328853" lat="33.973873"><ele>323.802577</ele><time>2024-10-25T19:00:36Z</time><extensions><speed>1.760142</speed><course>266.373566</course><hAcc>2.196467</hAcc><vAcc>0.759094</vAcc></extensions></trkpt>
      <trkpt lon="-117.328869" lat="33.973872"><ele>323.880367</ele><time>2024-10-25T19:00:37Z</time><extensions><speed>1.399678</speed><course>263.980557</course><hAcc>2.308111</hAcc><vAcc>0.760526</vAcc></extensions></trkpt>
      <trkpt lon="-117.328884" lat="33.973871"><ele>323.958218</ele><time>2024-10-25T19:00:38Z</time><extensions><speed>1.214855</speed><course>264.313256</course><hAcc>2.354839</hAcc><vAcc>0.762411</vAcc></extensions></trkpt>
      <trkpt lon="-117.328896" lat="33.973871"><ele>324.034540</ele><time>2024-10-25T19:00:39Z</time><extensions><speed>1.011018</speed><course>266.032450</course><hAcc>2.447218</hAcc><vAcc>0.764786</vAcc></extensions></trkpt>
      <trkpt lon="-117.328906" lat="33.973871"><ele>324.109325</ele><time>2024-10-25T19:00:40Z</time><extensions><speed>0.812122</speed><course>278.254200</course><hAcc>2.579573</hAcc><vAcc>0.767768</vAcc></extensions></trkpt>
      <trkpt lon="-117.328914" lat="33.973873"><ele>324.183375</ele><time>2024-10-25T19:00:41Z</time><extensions><speed>0.686345</speed><course>296.058073</course><hAcc>2.767002</hAcc><vAcc>0.771576</vAcc></extensions></trkpt>
      <trkpt lon="-117.328920" lat="33.973877"><ele>324.249336</ele><time>2024-10-25T19:00:42Z</time><extensions><speed>0.655102</speed><course>317.974305</course><hAcc>2.930700</hAcc><vAcc>0.776568</vAcc></extensions></trkpt>
      <trkpt lon="-117.328923" lat="33.973883"><ele>324.316130</ele><time>2024-10-25T19:00:43Z</time><extensions><speed>0.743797</speed><course>341.349688</course><hAcc>3.016599</hAcc><vAcc>0.783139</vAcc></extensions></trkpt>
      <trkpt lon="-117.328925" lat="33.973890"><ele>324.373510</ele><time>2024-10-25T19:00:44Z</time><extensions><speed>0.884239</speed><course>356.976976</course><hAcc>3.024532</hAcc><vAcc>0.791168</vAcc></extensions></trkpt>
      <trkpt lon="-117.328925" lat="33.973899"><ele>324.425993</ele><time>2024-10-25T19:00:45Z</time><extensions><speed>0.984074</speed><course>7.451518</course><hAcc>2.999834</hAcc><vAcc>0.802614</vAcc></extensions></trkpt>
      <trkpt lon="-117.328923" lat="33.973911"><ele>324.497156</ele><time>2024-10-25T19:00:47Z</time><extensions><speed>0.435529</speed><course>14.186288</course><hAcc>2.766364</hAcc><vAcc>0.803518</vAcc></extensions></trkpt>
      <trkpt lon="-117.328923" lat="33.973914"><ele>324.521117</ele><time>2024-10-25T19:00:48Z</time><extensions><speed>0.205150</speed><course>350.371747</course><hAcc>2.546110</hAcc><vAcc>0.791007</vAcc></extensions></trkpt>
      <trkpt lon="-117.328925" lat="33.973915"><ele>324.547906</ele><time>2024-10-25T19:00:49Z</time><extensions><speed>0.235658</speed><course>269.977723</course><hAcc>2.381954</hAcc><vAcc>0.782173</vAcc></extensions></trkpt>
      <trkpt lon="-117.328929" lat="33.973915"><ele>324.569255</ele><time>2024-10-25T19:00:50Z</time><extensions><speed>0.355265</speed><course>259.329036</course><hAcc>2.252969</hAcc><vAcc>0.775933</vAcc></extensions></trkpt>
      <trkpt lon="-117.328933" lat="33.973914"><ele>324.589169</ele><time>2024-10-25T19:00:51Z</time><extensions><speed>0.436999</speed><course>262.480670</course><hAcc>2.160258</hAcc><vAcc>0.771491</vAcc></extensions></trkpt>
      <trkpt lon="-117.328938" lat="33.973914"><ele>324.606494</ele><time>2024-10-25T19:00:52Z</time><extensions><speed>0.546154</speed><course>270.699366</course><hAcc>2.108555</hAcc><vAcc>0.768279</vAcc></extensions></trkpt>
      <trkpt lon="-117.328945" lat="33.973915"><ele>324.609019</ele><time>2024-10-25T19:00:53Z</time><extensions><speed>0.736661</speed><course>277.522903</course><hAcc>2.084576</hAcc><vAcc>0.765902</vAcc></extensions></trkpt>
      <trkpt lon="-117.328955" lat="33.973917"><ele>324.616443</ele><time>2024-10-25T19:00:54Z</time><extensions><speed>1.082071</speed><course>284.179818</course><hAcc>2.061435</hAcc><vAcc>0.764096</vAcc></extensions></trkpt>
      <trkpt lon="-117.328968" lat="33.973920"><ele>324.626538</ele><time>2024-10-25T19:00:55Z</time><extensions><speed>1.339754</speed><course>287.556098</course><hAcc>2.047924</hAcc><vAcc>0.762685</vAcc></extensions></trkpt>
      <trkpt lon="-117.328982" lat="33.973924"><ele>324.633079</ele><time>2024-10-25T19:00:56Z</time><extensions><speed>1.436320</speed><course>289.448400</course><hAcc>2.034321</hAcc><vAcc>0.761671</vAcc></extensions></trkpt>
      <trkpt lon="-117.328997" lat="33.973928"><ele>324.644960</ele><time>2024-10-25T19:00:57Z</time><extensions><speed>1.463215</speed><course>291.176038</course><hAcc>2.008762</hAcc><vAcc>0.761347</vAcc></extensions></trkpt>
      <trkpt lon="-117.329011" lat="33.973933"><ele>324.665019</ele><time>2024-10-25T19:00:58Z</time><extensions><speed>1.364730</speed><course>292.518422</course><hAcc>1.978394</hAcc><vAcc>0.762026</vAcc></extensions></trkpt>
      <trkpt lon="-117.329024" lat="33.973938"><ele>324.686291</ele><time>2024-10-25T19:00:59Z</time><extensions><speed>1.218329</speed><course>293.876442</course><hAcc>1.941693</hAcc><vAcc>0.763644</vAcc></extensions></trkpt>
      <trkpt lon="-117.329035" lat="33.973942"><ele>324.709177</ele><time>2024-10-25T19:01:00Z</time><extensions><speed>1.087116</speed><course>297.174839</course><hAcc>1.897394</hAcc><vAcc>0.766695</vAcc></extensions></trkpt>
      <trkpt lon="-117.329045" lat="33.973947"><ele>324.738177</ele><time>2024-10-25T19:01:01Z</time><extensions><speed>0.988421</speed><course>300.736729</course><hAcc>1.850681</hAcc><vAcc>0.771166</vAcc></extensions></trkpt>
      <trkpt lon="-117.329053" lat="33.973951"><ele>324.775506</ele><time>2024-10-25T19:01:02Z</time><extensions><speed>0.936186</speed><course>305.631187</course><hAcc>1.803715</hAcc><vAcc>0.777362</vAcc></extensions></trkpt>
      <trkpt lon="-117.329061" lat="33.973956"><ele>324.820705</ele><time>2024-10-25T19:01:03Z</time><extensions><speed>0.953071</speed><course>308.840666</course><hAcc>1.754618</hAcc><vAcc>0.785261</vAcc></extensions></trkpt>
      <trkpt lon="-117.329069" lat="33.973962"><ele>324.870153</ele><time>2024-10-25T19:01:04Z</time><extensions><speed>1.019991</speed><course>307.082467</course><hAcc>1.706029</hAcc><vAcc>0.795195</vAcc></extensions></trkpt>
      <trkpt lon="-117.329079" lat="33.973967"><ele>324.924534</ele><time>2024-10-25T19:01:05Z</time><extensions><speed>1.130688</speed><course>302.760214</course><hAcc>1.679184</hAcc><vAcc>0.806636</vAcc></extensions></trkpt>
      <trkpt lon="-117.329088" lat="33.973973"><ele>324.983779</ele><time>2024-10-25T19:01:06Z</time><extensions><speed>1.090200</speed><course>307.741871</course><hAcc>1.692340</hAcc><vAcc>0.819346</vAcc></extensions></trkpt>
      <trkpt lon="-117.329096" lat="33.973979"><ele>325.055070</ele><time>2024-10-25T19:01:07Z</time><extensions><speed>0.866633</speed><course>317.180734</course><hAcc>1.693454</hAcc><vAcc>0.834016</vAcc></extensions></trkpt>
      <trkpt lon="-117.329100" lat="33.973984"><ele>325.128977</ele><time>2024-10-25T19:01:08Z</time><extensions><speed>0.536385</speed><course>338.959714</course><hAcc>1.686841</hAcc><vAcc>0.848396</vAcc></extensions></trkpt>
      <trkpt lon="-117.329101" lat="33.973988"><ele>325.202565</ele><time>2024-10-25T19:01:09Z</time><extensions><speed>0.514774</speed><course>19.523893</course><hAcc>1.700315</hAcc><vAcc>0.862717</vAcc></extensions></trkpt>
      <trkpt lon="-117.329097" lat="33.973993"><ele>325.287585</ele><time>2024-10-25T19:01:10Z</time><extensions><speed>0.653030</speed><course>44.416471</course><hAcc>1.720126</hAcc><vAcc>0.876985</vAcc></extensions></trkpt>
      <trkpt lon="-117.329091" lat="33.973997"><ele>325.377213</ele><time>2024-10-25T19:01:11Z</time><extensions><speed>0.754587</speed><course>57.351900</course><hAcc>1.739569</hAcc><vAcc>0.890554</vAcc></extensions></trkpt>
      <trkpt lon="-117.329084" lat="33.974000"><ele>325.472796</ele><time>2024-10-25T19:01:12Z</time><extensions><speed>0.779892</speed><course>63.654964</course><hAcc>1.761536</hAcc><vAcc>0.904135</vAcc></extensions></trkpt>
      <trkpt lon="-117.329077" lat="33.974003"><ele>325.560421</ele><time>2024-10-25T19:01:13Z</time><extensions><speed>0.751139</speed><course>61.143008</course><hAcc>1.791716</hAcc><vAcc>0.916647</vAcc></extensions></trkpt>
      <trkpt lon="-117.329070" lat="33.974007"><ele>325.642620</ele><time>2024-10-25T19:01:14Z</time><extensions><speed>0.704108</speed><course>54.124543</course><hAcc>1.824551</hAcc><vAcc>0.928519</vAcc></extensions></trkpt>
      <trkpt lon="-117.329065" lat="33.974011"><ele>325.708159</ele><time>2024-10-25T19:01:15Z</time><extensions><speed>0.671343</speed><course>40.900356</course><hAcc>1.859489</hAcc><vAcc>0.939499</vAcc></extensions></trkpt>
      <trkpt lon="-117.329061" lat="33.974016"><ele>325.762151</ele><time>2024-10-25T19:01:16Z</time><extensions><speed>0.615297</speed><course>26.145064</course><hAcc>1.883014</hAcc><vAcc>0.949448</vAcc></extensions></trkpt>
      <trkpt lon="-117.329059" lat="33.974020"><ele>325.805835</ele><time>2024-10-25T19:01:17Z</time><extensions><speed>0.493622</speed><course>8.959701</course><hAcc>1.884986</hAcc><vAcc>0.960257</vAcc></extensions></trkpt>
      <trkpt lon="-117.329059" lat="33.974025"><ele>325.842929</ele><time>2024-10-25T19:01:18Z</time><extensions><speed>0.510509</speed><course>353.321323</course><hAcc>1.900566</hAcc><vAcc>0.969938</vAcc></extensions></trkpt>
      <trkpt lon="-117.329060" lat="33.974030"><ele>325.876096</ele><time>2024-10-25T19:01:19Z</time><extensions><speed>0.552978</speed><course>343.819825</course><hAcc>1.940836</hAcc><vAcc>0.978584</vAcc></extensions></trkpt>
      <trkpt lon="-117.329063" lat="33.974035"><ele>325.917947</ele><time>2024-10-25T19:01:20Z</time><extensions><speed>0.608866</speed><course>332.131695</course><hAcc>1.975579</hAcc><vAcc>0.986069</vAcc></extensions></trkpt>
      <trkpt lon="-117.329066" lat="33.974040"><ele>325.950093</ele><time>2024-10-25T19:01:21Z</time><extensions><speed>0.738917</speed><course>328.230749</course><hAcc>1.991936</hAcc><vAcc>0.992807</vAcc></extensions></trkpt>
      <trkpt lon="-117.329070" lat="33.974046"><ele>325.963568</ele><time>2024-10-25T19:01:22Z</time><extensions><speed>0.790449</speed><course>330.238859</course><hAcc>2.013116</hAcc><vAcc>0.995377</vAcc></extensions></trkpt>
      <trkpt lon="-117.329074" lat="33.974052"><ele>325.969078</ele><time>2024-10-25T19:01:23Z</time><extensions><speed>0.742125</speed><course>337.316403</course><hAcc>2.024083</hAcc><vAcc>0.996827</vAcc></extensions></trkpt>
      <trkpt lon="-117.329076" lat="33.974058"><ele>325.960838</ele><time>2024-10-25T19:01:24Z</time><extensions><speed>0.651657</speed><course>346.062308</course><hAcc>2.031421</hAcc><vAcc>0.997186</vAcc></extensions></trkpt>
      <trkpt lon="-117.329076" lat="33.974063"><ele>325.939337</ele><time>2024-10-25T19:01:25Z</time><extensions><speed>0.571646</speed><course>359.919808</course><hAcc>2.032115</hAcc><vAcc>0.998018</vAcc></extensions></trkpt>
      <trkpt lon="-117.329076" lat="33.974068"><ele>325.917622</ele><time>2024-10-25T19:01:26Z</time><extensions><speed>0.530664</speed><course>14.360898</course><hAcc>2.031704</hAcc><vAcc>0.997300</vAcc></extensions></trkpt>
      <trkpt lon="-117.329074" lat="33.974072"><ele>325.890867</ele><time>2024-10-25T19:01:27Z</time><extensions><speed>0.460404</speed><course>23.841564</course><hAcc>2.028775</hAcc><vAcc>0.994544</vAcc></extensions></trkpt>
      <trkpt lon="-117.329072" lat="33.974076"><ele>325.859573</ele><time>2024-10-25T19:01:28Z</time><extensions><speed>0.389048</speed><course>39.041480</course><hAcc>2.033404</hAcc><vAcc>0.987724</vAcc></extensions></trkpt>
      <trkpt lon="-117.329069" lat="33.974078"><ele>325.824189</ele><time>2024-10-25T19:01:29Z</time><extensions><speed>0.387635</speed><course>50.014414</course><hAcc>2.038824</hAcc><vAcc>0.978731</vAcc></extensions></trkpt>
      <trkpt lon="-117.329065" lat="33.974080"><ele>325.788011</ele><time>2024-10-25T19:01:30Z</time><extensions><speed>0.392772</speed><course>56.752352</course><hAcc>2.036980</hAcc><vAcc>0.969236</vAcc></extensions></trkpt>
      <trkpt lon="-117.329062" lat="33.974082"><ele>325.729190</ele><time>2024-10-25T19:01:31Z</time><extensions><speed>0.406313</speed><course>58.255983</course><hAcc>2.020000</hAcc><vAcc>0.957508</vAcc></extensions></trkpt>
      <trkpt lon="-117.329058" lat="33.974084"><ele>325.680993</ele><time>2024-10-25T19:01:32Z</time><extensions><speed>0.357678</speed><course>61.180216</course><hAcc>2.000076</hAcc><vAcc>0.944312</vAcc></extensions></trkpt>
      <trkpt lon="-117.329055" lat="33.974085"><ele>325.631953</ele><time>2024-10-25T19:01:33Z</time><extensions><speed>0.225613</speed><course>75.831463</course><hAcc>1.983497</hAcc><vAcc>0.930338</vAcc></extensions></trkpt>
      <trkpt lon="-117.329053" lat="33.974085"><ele>325.578750</ele><time>2024-10-25T19:01:34Z</time><extensions><speed>0.111650</speed><course>137.590313</course><hAcc>1.969884</hAcc><vAcc>0.915754</vAcc></extensions></trkpt>
      <trkpt lon="-117.329053" lat="33.974083"><ele>325.525755</ele><time>2024-10-25T19:01:35Z</time><extensions><speed>0.309771</speed><course>202.588785</course><hAcc>1.963926</hAcc><vAcc>0.900652</vAcc></extensions></trkpt>
      <trkpt lon="-117.329055" lat="33.974080"><ele>325.466385</ele><time>2024-10-25T19:01:36Z</time><extensions><speed>0.507495</speed><course>198.646434</course><hAcc>1.952673</hAcc><vAcc>0.885143</vAcc></extensions></trkpt>
      <trkpt lon="-117.329056" lat="33.974075"><ele>325.406398</ele><time>2024-10-25T19:01:37Z</time><extensions><speed>0.571726</speed><course>193.165231</course><hAcc>1.922413</hAcc><vAcc>0.869430</vAcc></extensions></trkpt>
      <trkpt lon="-117.329058" lat="33.974069"><ele>325.347043</ele><time>2024-10-25T19:01:38Z</time><extensions><speed>0.745368</speed><course>190.741119</course><hAcc>1.871643</hAcc><vAcc>0.853836</vAcc></extensions></trkpt>
      <trkpt lon="-117.329059" lat="33.974061"><ele>325.287924</ele><time>2024-10-25T19:01:39Z</time><extensions><speed>1.066580</speed><course>190.982761</course><hAcc>1.855470</hAcc><vAcc>0.838757</vAcc></extensions></trkpt>
      <trkpt lon="-117.329062" lat="33.974051"><ele>325.233757</ele><time>2024-10-25T19:01:40Z</time><extensions><speed>1.307393</speed><course>190.977251</course><hAcc>1.895374</hAcc><vAcc>0.824568</vAcc></extensions></trkpt>
      <trkpt lon="-117.329064" lat="33.974039"><ele>325.177551</ele><time>2024-10-25T19:01:41Z</time><extensions><speed>1.240160</speed><course>188.481465</course><hAcc>1.932433</hAcc><vAcc>0.811579</vAcc></extensions></trkpt>
      <trkpt lon="-117.329065" lat="33.974030"><ele>325.124294</ele><time>2024-10-25T19:01:42Z</time><extensions><speed>0.814533</speed><course>177.672601</course><hAcc>1.887877</hAcc><vAcc>0.800048</vAcc></extensions></trkpt>
      <trkpt lon="-117.329063" lat="33.974025"><ele>325.063553</ele><time>2024-10-25T19:01:43Z</time><extensions><speed>0.496954</speed><course>157.892002</course><hAcc>1.867898</hAcc><vAcc>0.790141</vAcc></extensions></trkpt>
      <trkpt lon="-117.329060" lat="33.974021"><ele>325.005462</ele><time>2024-10-25T19:01:44Z</time><extensions><speed>0.501838</speed><course>127.711606</course><hAcc>1.872937</hAcc><vAcc>0.781896</vAcc></extensions></trkpt>
      <trkpt lon="-117.329055" lat="33.974019"><ele>324.950058</ele><time>2024-10-25T19:01:45Z</time><extensions><speed>0.650344</speed><course>118.232883</course><hAcc>1.908325</hAcc><vAcc>0.775241</vAcc></extensions></trkpt>
      <trkpt lon="-117.329047" lat="33.974016"><ele>324.893749</ele><time>2024-10-25T19:01:46Z</time><extensions><speed>0.826060</speed><course>113.210146</course><hAcc>1.978330</hAcc><vAcc>0.770024</vAcc></extensions></trkpt>
      <trkpt lon="-117.329037" lat="33.974013"><ele>324.841510</ele><time>2024-10-25T19:01:47Z</time><extensions><speed>1.026672</speed><course>106.486549</course><hAcc>2.076254</hAcc><vAcc>0.766048</vAcc></extensions></trkpt>
      <trkpt lon="-117.329025" lat="33.974011"><ele>324.786831</ele><time>2024-10-25T19:01:48Z</time><extensions><speed>1.189882</speed><course>98.680262</course><hAcc>2.153442</hAcc><vAcc>0.763104</vAcc></extensions></trkpt>
      <trkpt lon="-117.329010" lat="33.974011"><ele>324.733514</ele><time>2024-10-25T19:01:49Z</time><extensions><speed>1.310374</speed><course>93.261222</course><hAcc>2.186084</hAcc><vAcc>0.760985</vAcc></extensions></trkpt>
      <trkpt lon="-117.328994" lat="33.974011"><ele>324.684605</ele><time>2024-10-25T19:01:50Z</time><extensions><speed>1.408070</speed><course>89.174369</course><hAcc>2.216063</hAcc><vAcc>0.759504</vAcc></extensions></trkpt>
      <trkpt lon="-117.328977" lat="33.974012"><ele>324.633456</ele><time>2024-10-25T19:01:51Z</time><extensions><speed>1.522904</speed><course>85.582682</course><hAcc>2.248486</hAcc><vAcc>0.758503</vAcc></extensions></trkpt>
      <trkpt lon="-117.328960" lat="33.974014"><ele>324.586089</ele><time>2024-10-25T19:01:52Z</time><extensions><speed>1.486502</speed><course>81.745306</course><hAcc>2.291526</hAcc><vAcc>0.757848</vAcc></extensions></trkpt>
      <trkpt lon="-117.328941" lat="33.974016"><ele>324.537894</ele><time>2024-10-25T19:01:53Z</time><extensions><speed>1.665873</speed><course>82.661786</course><hAcc>2.324896</hAcc><vAcc>0.757671</vAcc></extensions></trkpt>
      <trkpt lon="-117.328922" lat="33.974019"><ele>324.500033</ele><time>2024-10-25T19:01:54Z</time><extensions><speed>1.654692</speed><course>84.946268</course><hAcc>2.347516</hAcc><vAcc>0.758132</vAcc></extensions></trkpt>
      <trkpt lon="-117.328902" lat="33.974021"><ele>324.472997</ele><time>2024-10-25T19:01:55Z</time><extensions><speed>1.785988</speed><course>83.071951</course><hAcc>2.344157</hAcc><vAcc>0.759293</vAcc></extensions></trkpt>
      <trkpt lon="-117.328880" lat="33.974024"><ele>324.457403</ele><time>2024-10-25T19:01:56Z</time><extensions><speed>1.943685</speed><course>79.986628</course><hAcc>2.331707</hAcc><vAcc>0.761488</vAcc></extensions></trkpt>
      <trkpt lon="-117.328858" lat="33.974028"><ele>324.456096</ele><time>2024-10-25T19:01:57Z</time><extensions><speed>2.071394</speed><course>77.203692</course><hAcc>2.330118</hAcc><vAcc>0.764708</vAcc></extensions></trkpt>
      <trkpt lon="-117.328836" lat="33.974032"><ele>324.470295</ele><time>2024-10-25T19:01:58Z</time><extensions><speed>2.018045</speed><course>75.099282</course><hAcc>2.345030</hAcc><vAcc>0.768781</vAcc></extensions></trkpt>
      <trkpt lon="-117.328815" lat="33.974038"><ele>324.504684</ele><time>2024-10-25T19:01:59Z</time><extensions><speed>2.019224</speed><course>72.934564</course><hAcc>2.350101</hAcc><vAcc>0.773803</vAcc></extensions></trkpt>
      <trkpt lon="-117.328794" lat="33.974043"><ele>324.556661</ele><time>2024-10-25T19:02:00Z</time><extensions><speed>1.937509</speed><course>71.796493</course><hAcc>2.355317</hAcc><vAcc>0.779923</vAcc></extensions></trkpt>
      <trkpt lon="-117.328775" lat="33.974049"><ele>324.614742</ele><time>2024-10-25T19:02:01Z</time><extensions><speed>1.747073</speed><course>70.078147</course><hAcc>2.366384</hAcc><vAcc>0.786728</vAcc></extensions></trkpt>
      <trkpt lon="-117.328758" lat="33.974054"><ele>324.685915</ele><time>2024-10-25T19:02:02Z</time><extensions><speed>1.753161</speed><course>68.159484</course><hAcc>2.356464</hAcc><vAcc>0.794004</vAcc></extensions></trkpt>
      <trkpt lon="-117.328741" lat="33.974060"><ele>324.772972</ele><time>2024-10-25T19:02:03Z</time><extensions><speed>1.670313</speed><course>66.365122</course><hAcc>2.366401</hAcc><vAcc>0.801535</vAcc></extensions></trkpt>
      <trkpt lon="-117.328726" lat="33.974066"><ele>324.867520</ele><time>2024-10-25T19:02:04Z</time><extensions><speed>1.472436</speed><course>65.984293</course><hAcc>2.389900</hAcc><vAcc>0.808831</vAcc></extensions></trkpt>
      <trkpt lon="-117.328712" lat="33.974072"><ele>324.959213</ele><time>2024-10-25T19:02:05Z</time><extensions><speed>1.263796</speed><course>63.304212</course><hAcc>2.404295</hAcc><vAcc>0.815482</vAcc></extensions></trkpt>
      <trkpt lon="-117.328702" lat="33.974076"><ele>325.041856</ele><time>2024-10-25T19:02:06Z</time><extensions><speed>0.965796</speed><course>56.889438</course><hAcc>2.408773</hAcc><vAcc>0.820953</vAcc></extensions></trkpt>
      <trkpt lon="-117.328694" lat="33.974081"><ele>325.118842</ele><time>2024-10-25T19:02:07Z</time><extensions><speed>0.760245</speed><course>46.224466</course><hAcc>2.388740</hAcc><vAcc>0.824432</vAcc></extensions></trkpt>
      <trkpt lon="-117.328689" lat="33.974086"><ele>325.191379</ele><time>2024-10-25T19:02:08Z</time><extensions><speed>0.667921</speed><course>31.428614</course><hAcc>2.350190</hAcc><vAcc>0.826759</vAcc></extensions></trkpt>
      <trkpt lon="-117.328686" lat="33.974092"><ele>325.256291</ele><time>2024-10-25T19:02:09Z</time><extensions><speed>0.716252</speed><course>16.345012</course><hAcc>2.302991</hAcc><vAcc>0.827708</vAcc></extensions></trkpt>
      <trkpt lon="-117.328684" lat="33.974099"><ele>325.309752</ele><time>2024-10-25T19:02:10Z</time><extensions><speed>0.892006</speed><course>4.907067</course><hAcc>2.273662</hAcc><vAcc>0.827988</vAcc></extensions></trkpt>
      <trkpt lon="-117.328683" lat="33.974108"><ele>325.346539</ele><time>2024-10-25T19:02:11Z</time><extensions><speed>0.983913</speed><course>354.939007</course><hAcc>2.264312</hAcc><vAcc>0.827313</vAcc></extensions></trkpt>
      <trkpt lon="-117.328685" lat="33.974117"><ele>325.365481</ele><time>2024-10-25T19:02:12Z</time><extensions><speed>1.011906</speed><course>351.067192</course><hAcc>2.234398</hAcc><vAcc>0.825622</vAcc></extensions></trkpt>
      <trkpt lon="-117.328686" lat="33.974125"><ele>325.375493</ele><time>2024-10-25T19:02:13Z</time><extensions><speed>0.994287</speed><course>354.794415</course><hAcc>2.197376</hAcc><vAcc>0.823441</vAcc></extensions></trkpt>
      <trkpt lon="-117.328686" lat="33.974134"><ele>325.368974</ele><time>2024-10-25T19:02:14Z</time><extensions><speed>0.995720</speed><course>1.634048</course><hAcc>2.162791</hAcc><vAcc>0.821037</vAcc></extensions></trkpt>
      <trkpt lon="-117.328685" lat="33.974143"><ele>325.343633</ele><time>2024-10-25T19:02:15Z</time><extensions><speed>0.977859</speed><course>9.898581</course><hAcc>2.123198</hAcc><vAcc>0.819106</vAcc></extensions></trkpt>
      <trkpt lon="-117.328682" lat="33.974151"><ele>325.310681</ele><time>2024-10-25T19:02:16Z</time><extensions><speed>0.935316</speed><course>17.815507</course><hAcc>2.078590</hAcc><vAcc>0.818103</vAcc></extensions></trkpt>
      <trkpt lon="-117.328678" lat="33.974159"><ele>325.273402</ele><time>2024-10-25T19:02:17Z</time><extensions><speed>0.945870</speed><course>22.929077</course><hAcc>2.058106</hAcc><vAcc>0.817945</vAcc></extensions></trkpt>
      <trkpt lon="-117.328673" lat="33.974166"><ele>325.233544</ele><time>2024-10-25T19:02:18Z</time><extensions><speed>0.935877</speed><course>27.849191</course><hAcc>2.070547</hAcc><vAcc>0.818220</vAcc></extensions></trkpt>
      <trkpt lon="-117.328669" lat="33.974174"><ele>325.192413</ele><time>2024-10-25T19:02:19Z</time><extensions><speed>0.908564</speed><course>27.755179</course><hAcc>2.105673</hAcc><vAcc>0.817968</vAcc></extensions></trkpt>
      <trkpt lon="-117.328664" lat="33.974181"><ele>325.150957</ele><time>2024-10-25T19:02:20Z</time><extensions><speed>0.888451</speed><course>27.657663</course><hAcc>2.120909</hAcc><vAcc>0.817956</vAcc></extensions></trkpt>
      <trkpt lon="-117.328660" lat="33.974187"><ele>325.108547</ele><time>2024-10-25T19:02:21Z</time><extensions><speed>0.760874</speed><course>28.913562</course><hAcc>2.122715</hAcc><vAcc>0.817811</vAcc></extensions></trkpt>
      <trkpt lon="-117.328656" lat="33.974192"><ele>325.061779</ele><time>2024-10-25T19:02:22Z</time><extensions><speed>0.512550</speed><course>40.861684</course><hAcc>2.114394</hAcc><vAcc>0.817204</vAcc></extensions></trkpt>
      <trkpt lon="-117.328652" lat="33.974195"><ele>325.018147</ele><time>2024-10-25T19:02:23Z</time><extensions><speed>0.440202</speed><course>56.709197</course><hAcc>2.117354</hAcc><vAcc>0.815893</vAcc></extensions></trkpt>
      <trkpt lon="-117.328648" lat="33.974197"><ele>324.966801</ele><time>2024-10-25T19:02:24Z</time><extensions><speed>0.424488</speed><course>68.634979</course><hAcc>2.150798</hAcc><vAcc>0.814523</vAcc></extensions></trkpt>
      <trkpt lon="-117.328643" lat="33.974198"><ele>324.923076</ele><time>2024-10-25T19:02:25Z</time><extensions><speed>0.454887</speed><course>66.400039</course><hAcc>2.201989</hAcc><vAcc>0.811676</vAcc></extensions></trkpt>
      <trkpt lon="-117.328639" lat="33.974200"><ele>324.883035</ele><time>2024-10-25T19:02:26Z</time><extensions><speed>0.480825</speed><course>56.765833</course><hAcc>2.261712</hAcc><vAcc>0.807906</vAcc></extensions></trkpt>
      <trkpt lon="-117.328634" lat="33.974203"><ele>324.846143</ele><time>2024-10-25T19:02:27Z</time><extensions><speed>0.491090</speed><course>48.093789</course><hAcc>2.312207</hAcc><vAcc>0.803341</vAcc></extensions></trkpt>
      <trkpt lon="-117.328630" lat="33.974207"><ele>324.819043</ele><time>2024-10-25T19:02:28Z</time><extensions><speed>0.471807</speed><course>47.778797</course><hAcc>2.334954</hAcc><vAcc>0.798146</vAcc></extensions></trkpt>
      <trkpt lon="-117.328626" lat="33.974210"><ele>324.796470</ele><time>2024-10-25T19:02:29Z</time><extensions><speed>0.498392</speed><course>40.208934</course><hAcc>2.342011</hAcc><vAcc>0.792697</vAcc></extensions></trkpt>
      <trkpt lon="-117.328623" lat="33.974215"><ele>324.778848</ele><time>2024-10-25T19:02:30Z</time><extensions><speed>0.634435</speed><course>26.568960</course><hAcc>2.360310</hAcc><vAcc>0.787368</vAcc></extensions></trkpt>
      <trkpt lon="-117.328621" lat="33.974222"><ele>324.758874</ele><time>2024-10-25T19:02:31Z</time><extensions><speed>0.848697</speed><course>15.138705</course><hAcc>2.396058</hAcc><vAcc>0.782440</vAcc></extensions></trkpt>
      <trkpt lon="-117.328620" lat="33.974232"><ele>324.738322</ele><time>2024-10-25T19:02:32Z</time><extensions><speed>1.103921</speed><course>5.944328</course><hAcc>2.447185</hAcc><vAcc>0.778061</vAcc></extensions></trkpt>
      <trkpt lon="-117.328620" lat="33.974245"><ele>324.721247</ele><time>2024-10-25T19:02:33Z</time><extensions><speed>1.346266</speed><course>359.308774</course><hAcc>2.488825</hAcc><vAcc>0.774263</vAcc></extensions></trkpt>
      <trkpt lon="-117.328621" lat="33.974259"><ele>324.700745</ele><time>2024-10-25T19:02:34Z</time><extensions><speed>1.413057</speed><course>0.360955</course><hAcc>2.487327</hAcc><vAcc>0.770985</vAcc></extensions></trkpt>
      <trkpt lon="-117.328622" lat="33.974273"><ele>324.680369</ele><time>2024-10-25T19:02:35Z</time><extensions><speed>1.417102</speed><course>1.940187</course><hAcc>2.476201</hAcc><vAcc>0.768149</vAcc></extensions></trkpt>
      <trkpt lon="-117.328622" lat="33.974288"><ele>324.661189</ele><time>2024-10-25T19:02:36Z</time><extensions><speed>1.461699</speed><course>1.883764</course><hAcc>2.464698</hAcc><vAcc>0.766090</vAcc></extensions></trkpt>
      <trkpt lon="-117.328623" lat="33.974303"><ele>324.646849</ele><time>2024-10-25T19:02:37Z</time><extensions><speed>1.586686</speed><course>358.484547</course><hAcc>2.455117</hAcc><vAcc>0.765617</vAcc></extensions></trkpt>
      <trkpt lon="-117.328625" lat="33.974319"><ele>324.638064</ele><time>2024-10-25T19:02:38Z</time><extensions><speed>1.708236</speed><course>355.931968</course><hAcc>2.446131</hAcc><vAcc>0.767052</vAcc></extensions></trkpt>
      <trkpt lon="-117.328627" lat="33.974336"><ele>324.640929</ele><time>2024-10-25T19:02:39Z</time><extensions><speed>1.930074</speed><course>352.704241</course><hAcc>2.425245</hAcc><vAcc>0.770532</vAcc></extensions></trkpt>
      <trkpt lon="-117.328631" lat="33.974355"><ele>324.653069</ele><time>2024-10-25T19:02:40Z</time><extensions><speed>2.150024</speed><course>351.685349</course><hAcc>2.416557</hAcc><vAcc>0.776730</vAcc></extensions></trkpt>
      <trkpt lon="-117.328635" lat="33.974374"><ele>324.671639</ele><time>2024-10-25T19:02:41Z</time><extensions><speed>2.135956</speed><course>351.653589</course><hAcc>2.424073</hAcc><vAcc>0.786371</vAcc></extensions></trkpt>
      <trkpt lon="-117.328637" lat="33.974393"><ele>324.703707</ele><time>2024-10-25T19:02:42Z</time><extensions><speed>2.145895</speed><course>355.621764</course><hAcc>2.423784</hAcc><vAcc>0.799976</vAcc></extensions></trkpt>
      <trkpt lon="-117.328639" lat="33.974412"><ele>324.749136</ele><time>2024-10-25T19:02:43Z</time><extensions><speed>1.967473</speed><course>357.103534</course><hAcc>2.434075</hAcc><vAcc>0.817974</vAcc></extensions></trkpt>
      <trkpt lon="-117.328640" lat="33.974429"><ele>324.803519</ele><time>2024-10-25T19:02:44Z</time><extensions><speed>1.774621</speed><course>0.299235</course><hAcc>2.431360</hAcc><vAcc>0.840972</vAcc></extensions></trkpt>
      <trkpt lon="-117.328639" lat="33.974443"><ele>324.859608</ele><time>2024-10-25T19:02:45Z</time><extensions><speed>1.362159</speed><course>4.533977</course><hAcc>2.430508</hAcc><vAcc>0.868628</vAcc></extensions></trkpt>
      <trkpt lon="-117.328639" lat="33.974453"><ele>324.925813</ele><time>2024-10-25T19:02:46Z</time><extensions><speed>0.944850</speed><course>359.220478</course><hAcc>2.418636</hAcc><vAcc>0.901108</vAcc></extensions></trkpt>
      <trkpt lon="-117.328640" lat="33.974461"><ele>325.000286</ele><time>2024-10-25T19:02:47Z</time><extensions><speed>0.802100</speed><course>350.995784</course><hAcc>2.395314</hAcc><vAcc>0.937148</vAcc></extensions></trkpt>
      <trkpt lon="-117.328641" lat="33.974467"><ele>325.091340</ele><time>2024-10-25T19:02:48Z</time><extensions><speed>0.732433</speed><course>349.864339</course><hAcc>2.385107</hAcc><vAcc>0.974500</vAcc></extensions></trkpt>
      <trkpt lon="-117.328643" lat="33.974473"><ele>325.172650</ele><time>2024-10-25T19:02:49Z</time><extensions><speed>0.678431</speed><course>351.489067</course><hAcc>2.383165</hAcc><vAcc>1.014455</vAcc></extensions></trkpt>
      <trkpt lon="-117.328644" lat="33.974479"><ele>325.243586</ele><time>2024-10-25T19:02:50Z</time><extensions><speed>0.666748</speed><course>355.354374</course><hAcc>2.387445</hAcc><vAcc>1.055980</vAcc></extensions></trkpt>
      <trkpt lon="-117.328644" lat="33.974484"><ele>325.304259</ele><time>2024-10-25T19:02:51Z</time><extensions><speed>0.562391</speed><course>359.789576</course><hAcc>2.386444</hAcc><vAcc>1.097972</vAcc></extensions></trkpt>
      <trkpt lon="-117.328644" lat="33.974488"><ele>325.368636</ele><time>2024-10-25T19:02:52Z</time><extensions><speed>0.421749</speed><course>6.681358</course><hAcc>2.348670</hAcc><vAcc>1.137084</vAcc></extensions></trkpt>
      <trkpt lon="-117.328643" lat="33.974491"><ele>325.440961</ele><time>2024-10-25T19:02:53Z</time><extensions><speed>0.298177</speed><course>21.845214</course><hAcc>2.300083</hAcc><vAcc>1.170295</vAcc></extensions></trkpt>
      <trkpt lon="-117.328641" lat="33.974493"><ele>325.511137</ele><time>2024-10-25T19:02:54Z</time><extensions><speed>0.294954</speed><course>34.715555</course><hAcc>2.260644</hAcc><vAcc>1.199103</vAcc></extensions></trkpt>
      <trkpt lon="-117.328639" lat="33.974496"><ele>325.576076</ele><time>2024-10-25T19:02:55Z</time><extensions><speed>0.314917</speed><course>37.886239</course><hAcc>2.225182</hAcc><vAcc>1.222751</vAcc></extensions></trkpt>
      <trkpt lon="-117.328637" lat="33.974498"><ele>325.638295</ele><time>2024-10-25T19:02:56Z</time><extensions><speed>0.375868</speed><course>40.640291</course><hAcc>2.172635</hAcc><vAcc>1.242425</vAcc></extensions></trkpt>
      <trkpt lon="-117.328634" lat="33.974501"><ele>325.699866</ele><time>2024-10-25T19:02:57Z</time><extensions><speed>0.424153</speed><course>44.338676</course><hAcc>2.123121</hAcc><vAcc>1.259457</vAcc></extensions></trkpt>
      <trkpt lon="-117.328630" lat="33.974504"><ele>325.744922</ele><time>2024-10-25T19:02:58Z</time><extensions><speed>0.502552</speed><course>45.933635</course><hAcc>2.090522</hAcc><vAcc>1.274172</vAcc></extensions></trkpt>
      <trkpt lon="-117.328625" lat="33.974507"><ele>325.773842</ele><time>2024-10-25T19:02:59Z</time><extensions><speed>0.578891</speed><course>47.559619</course><hAcc>2.110657</hAcc><vAcc>1.284767</vAcc></extensions></trkpt>
      <trkpt lon="-117.328619" lat="33.974511"><ele>325.780190</ele><time>2024-10-25T19:03:00Z</time><extensions><speed>0.709851</speed><course>51.067231</course><hAcc>2.159214</hAcc><vAcc>1.289596</vAcc></extensions></trkpt>
      <trkpt lon="-117.328613" lat="33.974515"><ele>325.774172</ele><time>2024-10-25T19:03:01Z</time><extensions><speed>0.718765</speed><course>57.313789</course><hAcc>2.118158</hAcc><vAcc>1.294052</vAcc></extensions></trkpt>
      <trkpt lon="-117.328606" lat="33.974519"><ele>325.746412</ele><time>2024-10-25T19:03:02Z</time><extensions><speed>0.669961</speed><course>57.261527</course><hAcc>2.075088</hAcc><vAcc>1.300011</vAcc></extensions></trkpt>
      <trkpt lon="-117.328599" lat="33.974522"><ele>325.709697</ele><time>2024-10-25T19:03:03Z</time><extensions><speed>0.638655</speed><course>51.606966</course><hAcc>2.073673</hAcc><vAcc>1.305849</vAcc></extensions></trkpt>
      <trkpt lon="-117.328593" lat="33.974526"><ele>325.654212</ele><time>2024-10-25T19:03:04Z</time><extensions><speed>0.698693</speed><course>43.519430</course><hAcc>2.113191</hAcc><vAcc>1.311200</vAcc></extensions></trkpt>
      <trkpt lon="-117.328587" lat="33.974531"><ele>325.585604</ele><time>2024-10-25T19:03:05Z</time><extensions><speed>0.804446</speed><course>37.421180</course><hAcc>2.163521</hAcc><vAcc>1.319102</vAcc></extensions></trkpt>
      <trkpt lon="-117.328579" lat="33.974536"><ele>325.519818</ele><time>2024-10-25T19:03:06Z</time><extensions><speed>0.929505</speed><course>40.669178</course><hAcc>2.214347</hAcc><vAcc>1.328616</vAcc></extensions></trkpt>
      <trkpt lon="-117.328570" lat="33.974542"><ele>325.448018</ele><time>2024-10-25T19:03:07Z</time><extensions><speed>1.010897</speed><course>50.198229</course><hAcc>2.265603</hAcc><vAcc>1.340419</vAcc></extensions></trkpt>
      <trkpt lon="-117.328557" lat="33.974546"><ele>325.377224</ele><time>2024-10-25T19:03:08Z</time><extensions><speed>1.124615</speed><course>68.121451</course><hAcc>2.292038</hAcc><vAcc>1.355714</vAcc></extensions></trkpt>
      <trkpt lon="-117.328541" lat="33.974548"><ele>325.297416</ele><time>2024-10-25T19:03:09Z</time><extensions><speed>1.294858</speed><course>81.130411</course><hAcc>2.316622</hAcc><vAcc>1.372526</vAcc></extensions></trkpt>
      <trkpt lon="-117.328522" lat="33.974548"><ele>325.228518</ele><time>2024-10-25T19:03:10Z</time><extensions><speed>1.589205</speed><course>86.691899</course><hAcc>2.339831</hAcc><vAcc>1.391630</vAcc></extensions></trkpt>
      <trkpt lon="-117.328500" lat="33.974548"><ele>325.157062</ele><time>2024-10-25T19:03:11Z</time><extensions><speed>1.789238</speed><course>85.949098</course><hAcc>2.378795</hAcc><vAcc>1.409812</vAcc></extensions></trkpt>
      <trkpt lon="-117.328476" lat="33.974548"><ele>325.085809</ele><time>2024-10-25T19:03:12Z</time><extensions><speed>1.978311</speed><course>90.074768</course><hAcc>2.407470</hAcc><vAcc>1.427136</vAcc></extensions></trkpt>
      <trkpt lon="-117.328451" lat="33.974546"><ele>324.996448</ele><time>2024-10-25T19:03:13Z</time><extensions><speed>1.835221</speed><course>99.754346</course><hAcc>2.430005</hAcc><vAcc>1.441718</vAcc></extensions></trkpt>
      <trkpt lon="-117.328428" lat="33.974540"><ele>324.900134</ele><time>2024-10-25T19:03:14Z</time><extensions><speed>1.931878</speed><course>109.344042</course><hAcc>2.395023</hAcc><vAcc>1.455938</vAcc></extensions></trkpt>
      <trkpt lon="-117.328406" lat="33.974532"><ele>324.830881</ele><time>2024-10-25T19:03:15Z</time><extensions><speed>2.061195</speed><course>117.306013</course><hAcc>2.347289</hAcc><vAcc>1.467937</vAcc></extensions></trkpt>
      <trkpt lon="-117.328383" lat="33.974522"><ele>324.765260</ele><time>2024-10-25T19:03:16Z</time><extensions><speed>2.151964</speed><course>122.239244</course><hAcc>2.319749</hAcc><vAcc>1.481186</vAcc></extensions></trkpt>
      <trkpt lon="-117.328361" lat="33.974510"><ele>324.689861</ele><time>2024-10-25T19:03:17Z</time><extensions><speed>2.146295</speed><course>126.243440</course><hAcc>2.314388</hAcc><vAcc>1.492456</vAcc></extensions></trkpt>
      <trkpt lon="-117.328342" lat="33.974498"><ele>324.617440</ele><time>2024-10-25T19:03:18Z</time><extensions><speed>1.790390</speed><course>130.422273</course><hAcc>2.322229</hAcc><vAcc>1.498667</vAcc></extensions></trkpt>
      <trkpt lon="-117.328327" lat="33.974487"><ele>324.544768</ele><time>2024-10-25T19:03:19Z</time><extensions><speed>1.715179</speed><course>132.663880</course><hAcc>2.304892</hAcc><vAcc>1.501825</vAcc></extensions></trkpt>
      <trkpt lon="-117.328312" lat="33.974475"><ele>324.486236</ele><time>2024-10-25T19:03:20Z</time><extensions><speed>1.718703</speed><course>134.449936</course><hAcc>2.274763</hAcc><vAcc>1.500615</vAcc></extensions></trkpt>
      <trkpt lon="-117.328297" lat="33.974464"><ele>324.424970</ele><time>2024-10-25T19:03:21Z</time><extensions><speed>1.899568</speed><course>133.173230</course><hAcc>2.221581</hAcc><vAcc>1.493396</vAcc></extensions></trkpt>
      <trkpt lon="-117.328280" lat="33.974452"><ele>324.386778</ele><time>2024-10-25T19:03:22Z</time><extensions><speed>1.915614</speed><course>131.451792</course><hAcc>2.179867</hAcc><vAcc>1.480771</vAcc></extensions></trkpt>
      <trkpt lon="-117.328263" lat="33.974440"><ele>324.363905</ele><time>2024-10-25T19:03:23Z</time><extensions><speed>1.980355</speed><course>132.714902</course><hAcc>2.142905</hAcc><vAcc>1.467100</vAcc></extensions></trkpt>
      <trkpt lon="-117.328247" lat="33.974427"><ele>324.345456</ele><time>2024-10-25T19:03:24Z</time><extensions><speed>1.998287</speed><course>135.361400</course><hAcc>2.115962</hAcc><vAcc>1.449763</vAcc></extensions></trkpt>
      <trkpt lon="-117.328231" lat="33.974415"><ele>324.352524</ele><time>2024-10-25T19:03:25Z</time><extensions><speed>1.961083</speed><course>135.999931</course><hAcc>2.101225</hAcc><vAcc>1.431979</vAcc></extensions></trkpt>
      <trkpt lon="-117.328217" lat="33.974402"><ele>324.388823</ele><time>2024-10-25T19:03:26Z</time><extensions><speed>1.831812</speed><course>138.764357</course><hAcc>2.088492</hAcc><vAcc>1.410380</vAcc></extensions></trkpt>
      <trkpt lon="-117.328204" lat="33.974390"><ele>324.430337</ele><time>2024-10-25T19:03:27Z</time><extensions><speed>1.715170</speed><course>138.687509</course><hAcc>2.064940</hAcc><vAcc>1.385985</vAcc></extensions></trkpt>
      <trkpt lon="-117.328192" lat="33.974379"><ele>324.465141</ele><time>2024-10-25T19:03:28Z</time><extensions><speed>1.718868</speed><course>137.293743</course><hAcc>2.024312</hAcc><vAcc>1.360282</vAcc></extensions></trkpt>
      <trkpt lon="-117.328179" lat="33.974368"><ele>324.495303</ele><time>2024-10-25T19:03:29Z</time><extensions><speed>1.699609</speed><course>133.676028</course><hAcc>1.990982</hAcc><vAcc>1.335377</vAcc></extensions></trkpt>
      <trkpt lon="-117.328165" lat="33.974358"><ele>324.507846</ele><time>2024-10-25T19:03:30Z</time><extensions><speed>1.618387</speed><course>130.751655</course><hAcc>1.961704</hAcc><vAcc>1.310585</vAcc></extensions></trkpt>
      <trkpt lon="-117.328151" lat="33.974349"><ele>324.524517</ele><time>2024-10-25T19:03:31Z</time><extensions><speed>1.657171</speed><course>126.681259</course><hAcc>1.933665</hAcc><vAcc>1.284479</vAcc></extensions></trkpt>
      <trkpt lon="-117.328136" lat="33.974340"><ele>324.544548</ele><time>2024-10-25T19:03:32Z</time><extensions><speed>1.637576</speed><course>122.155830</course><hAcc>1.916007</hAcc><vAcc>1.260183</vAcc></extensions></trkpt>
      <trkpt lon="-117.328122" lat="33.974333"><ele>324.541152</ele><time>2024-10-25T19:03:33Z</time><extensions><speed>1.560704</speed><course>119.880851</course><hAcc>1.899547</hAcc><vAcc>1.235019</vAcc></extensions></trkpt>
      <trkpt lon="-117.328108" lat="33.974326"><ele>324.533317</ele><time>2024-10-25T19:03:34Z</time><extensions><speed>1.437085</speed><course>119.079800</course><hAcc>1.883376</hAcc><vAcc>1.209868</vAcc></extensions></trkpt>
      <trkpt lon="-117.328095" lat="33.974320"><ele>324.526525</ele><time>2024-10-25T19:03:35Z</time><extensions><speed>1.229469</speed><course>118.016759</course><hAcc>1.865403</hAcc><vAcc>1.186734</vAcc></extensions></trkpt>
      <trkpt lon="-117.328084" lat="33.974315"><ele>324.531638</ele><time>2024-10-25T19:03:36Z</time><extensions><speed>1.026967</speed><course>116.606686</course><hAcc>1.823275</hAcc><vAcc>1.164505</vAcc></extensions></trkpt>
      <trkpt lon="-117.328074" lat="33.974311"><ele>324.525965</ele><time>2024-10-25T19:03:37Z</time><extensions><speed>0.953254</speed><course>115.194066</course><hAcc>1.788921</hAcc><vAcc>1.142240</vAcc></extensions></trkpt>
      <trkpt lon="-117.328064" lat="33.974307"><ele>324.523929</ele><time>2024-10-25T19:03:38Z</time><extensions><speed>1.077084</speed><course>115.972001</course><hAcc>1.787864</hAcc><vAcc>1.120816</vAcc></extensions></trkpt>
      <trkpt lon="-117.328053" lat="33.974302"><ele>324.529135</ele><time>2024-10-25T19:03:39Z</time><extensions><speed>1.304812</speed><course>119.749293</course><hAcc>1.775878</hAcc><vAcc>1.100658</vAcc></extensions></trkpt>
      <trkpt lon="-117.328041" lat="33.974296"><ele>324.530158</ele><time>2024-10-25T19:03:40Z</time><extensions><speed>1.378544</speed><course>124.294019</course><hAcc>1.757035</hAcc><vAcc>1.083548</vAcc></extensions></trkpt>
      <trkpt lon="-117.328029" lat="33.974288"><ele>324.539107</ele><time>2024-10-25T19:03:41Z</time><extensions><speed>1.323120</speed><course>130.883279</course><hAcc>1.741286</hAcc><vAcc>1.067768</vAcc></extensions></trkpt>
      <trkpt lon="-117.328019" lat="33.974279"><ele>324.548349</ele><time>2024-10-25T19:03:42Z</time><extensions><speed>1.277842</speed><course>141.871206</course><hAcc>1.721177</hAcc><vAcc>1.052546</vAcc></extensions></trkpt>
      <trkpt lon="-117.328012" lat="33.974270"><ele>324.558898</ele><time>2024-10-25T19:03:43Z</time><extensions><speed>1.273499</speed><course>152.583608</course><hAcc>1.684561</hAcc><vAcc>1.038962</vAcc></extensions></trkpt>
      <trkpt lon="-117.328006" lat="33.974259"><ele>324.571078</ele><time>2024-10-25T19:03:44Z</time><extensions><speed>1.256630</speed><course>158.587365</course><hAcc>1.655934</hAcc><vAcc>1.026118</vAcc></extensions></trkpt>
      <trkpt lon="-117.328002" lat="33.974248"><ele>324.577382</ele><time>2024-10-25T19:03:45Z</time><extensions><speed>1.282794</speed><course>162.734104</course><hAcc>1.645545</hAcc><vAcc>1.014801</vAcc></extensions></trkpt>
      <trkpt lon="-117.327998" lat="33.974237"><ele>324.585135</ele><time>2024-10-25T19:03:46Z</time><extensions><speed>1.283157</speed><course>165.825679</course><hAcc>1.634730</hAcc><vAcc>1.004059</vAcc></extensions></trkpt>
      <trkpt lon="-117.327995" lat="33.974226"><ele>324.602327</ele><time>2024-10-25T19:03:47Z</time><extensions><speed>1.279791</speed><course>168.223985</course><hAcc>1.611229</hAcc><vAcc>0.993991</vAcc></extensions></trkpt>
      <trkpt lon="-117.327992" lat="33.974214"><ele>324.621594</ele><time>2024-10-25T19:03:48Z</time><extensions><speed>1.286018</speed><course>169.036422</course><hAcc>1.593728</hAcc><vAcc>0.985150</vAcc></extensions></trkpt>
      <trkpt lon="-117.327989" lat="33.974203"><ele>324.637106</ele><time>2024-10-25T19:03:49Z</time><extensions><speed>1.269034</speed><course>168.648732</course><hAcc>1.574415</hAcc><vAcc>0.978047</vAcc></extensions></trkpt>
      <trkpt lon="-117.327987" lat="33.974191"><ele>324.655127</ele><time>2024-10-25T19:03:50Z</time><extensions><speed>1.327270</speed><course>168.799514</course><hAcc>1.563933</hAcc><vAcc>0.972745</vAcc></extensions></trkpt>
      <trkpt lon="-117.327984" lat="33.974179"><ele>324.676628</ele><time>2024-10-25T19:03:51Z</time><extensions><speed>1.423698</speed><course>171.151525</course><hAcc>1.555420</hAcc><vAcc>0.968275</vAcc></extensions></trkpt>
      <trkpt lon="-117.327982" lat="33.974166"><ele>324.695365</ele><time>2024-10-25T19:03:52Z</time><extensions><speed>1.406953</speed><course>173.583940</course><hAcc>1.549089</hAcc><vAcc>0.965045</vAcc></extensions></trkpt>
      <trkpt lon="-117.327981" lat="33.974154"><ele>324.719367</ele><time>2024-10-25T19:03:53Z</time><extensions><speed>1.313650</speed><course>176.181394</course><hAcc>1.552293</hAcc><vAcc>0.961866</vAcc></extensions></trkpt>
      <trkpt lon="-117.327980" lat="33.974142"><ele>324.746051</ele><time>2024-10-25T19:03:54Z</time><extensions><speed>1.280938</speed><course>177.119984</course><hAcc>1.548689</hAcc><vAcc>0.959560</vAcc></extensions></trkpt>
      <trkpt lon="-117.327980" lat="33.974130"><ele>324.767673</ele><time>2024-10-25T19:03:55Z</time><extensions><speed>1.299436</speed><course>178.259829</course><hAcc>1.555655</hAcc><vAcc>0.957768</vAcc></extensions></trkpt>
      <trkpt lon="-117.327980" lat="33.974118"><ele>324.782376</ele><time>2024-10-25T19:03:56Z</time><extensions><speed>1.376361</speed><course>179.587843</course><hAcc>1.545241</hAcc><vAcc>0.959398</vAcc></extensions></trkpt>
      <trkpt lon="-117.327980" lat="33.974105"><ele>324.791063</ele><time>2024-10-25T19:03:57Z</time><extensions><speed>1.476972</speed><course>182.224637</course><hAcc>1.538227</hAcc><vAcc>0.961241</vAcc></extensions></trkpt>
      <trkpt lon="-117.327981" lat="33.974092"><ele>324.800417</ele><time>2024-10-25T19:03:58Z</time><extensions><speed>1.483993</speed><course>185.176071</course><hAcc>1.531620</hAcc><vAcc>0.962417</vAcc></extensions></trkpt>
      <trkpt lon="-117.327983" lat="33.974079"><ele>324.807176</ele><time>2024-10-25T19:03:59Z</time><extensions><speed>1.433899</speed><course>190.795118</course><hAcc>1.518892</hAcc><vAcc>0.963880</vAcc></extensions></trkpt>
      <trkpt lon="-117.327986" lat="33.974066"><ele>324.810145</ele><time>2024-10-25T19:04:00Z</time><extensions><speed>1.365482</speed><course>187.854996</course><hAcc>1.504707</hAcc><vAcc>0.965396</vAcc></extensions></trkpt>
      <trkpt lon="-117.327987" lat="33.974055"><ele>324.808027</ele><time>2024-10-25T19:04:01Z</time><extensions><speed>1.295344</speed><course>181.654359</course><hAcc>1.484332</hAcc><vAcc>0.966391</vAcc></extensions></trkpt>
      <trkpt lon="-117.327987" lat="33.974043"><ele>324.796276</ele><time>2024-10-25T19:04:02Z</time><extensions><speed>1.283219</speed><course>176.712499</course><hAcc>1.462747</hAcc><vAcc>0.967370</vAcc></extensions></trkpt>
      <trkpt lon="-117.327986" lat="33.974031"><ele>324.790807</ele><time>2024-10-25T19:04:03Z</time><extensions><speed>1.262451</speed><course>175.837910</course><hAcc>1.434803</hAcc><vAcc>0.966479</vAcc></extensions></trkpt>
      <trkpt lon="-117.327984" lat="33.974020"><ele>324.785566</ele><time>2024-10-25T19:04:04Z</time><extensions><speed>1.299384</speed><course>169.577963</course><hAcc>1.407437</hAcc><vAcc>0.966819</vAcc></extensions></trkpt>
      <trkpt lon="-117.327981" lat="33.974008"><ele>324.775834</ele><time>2024-10-25T19:04:05Z</time><extensions><speed>1.399298</speed><course>164.756492</course><hAcc>1.396510</hAcc><vAcc>0.964273</vAcc></extensions></trkpt>
      <trkpt lon="-117.327977" lat="33.973996"><ele>324.744511</ele><time>2024-10-25T19:04:06Z</time><extensions><speed>1.407054</speed><course>163.889333</course><hAcc>1.414465</hAcc><vAcc>0.960152</vAcc></extensions></trkpt>
      <trkpt lon="-117.327973" lat="33.973985"><ele>324.722548</ele><time>2024-10-25T19:04:07Z</time><extensions><speed>1.269455</speed><course>165.277564</course><hAcc>1.382190</hAcc><vAcc>0.955478</vAcc></extensions></trkpt>
      <trkpt lon="-117.327970" lat="33.973974"><ele>324.692954</ele><time>2024-10-25T19:04:08Z</time><extensions><speed>1.137908</speed><course>166.231719</course><hAcc>1.359363</hAcc><vAcc>0.949700</vAcc></extensions></trkpt>
      <trkpt lon="-117.327966" lat="33.973964"><ele>324.677036</ele><time>2024-10-25T19:04:09Z</time><extensions><speed>1.136265</speed><course>163.337944</course><hAcc>1.359713</hAcc><vAcc>0.942414</vAcc></extensions></trkpt>
      <trkpt lon="-117.327963" lat="33.973954"><ele>324.668787</ele><time>2024-10-25T19:04:10Z</time><extensions><speed>1.180277</speed><course>159.835600</course><hAcc>1.365053</hAcc><vAcc>0.934197</vAcc></extensions></trkpt>
      <trkpt lon="-117.327958" lat="33.973944"><ele>324.672941</ele><time>2024-10-25T19:04:11Z</time><extensions><speed>1.194947</speed><course>153.982711</course><hAcc>1.365111</hAcc><vAcc>0.925149</vAcc></extensions></trkpt>
      <trkpt lon="-117.327951" lat="33.973934"><ele>324.663496</ele><time>2024-10-25T19:04:12Z</time><extensions><speed>1.284165</speed><course>152.243421</course><hAcc>1.363005</hAcc><vAcc>0.916169</vAcc></extensions></trkpt>
      <trkpt lon="-117.327945" lat="33.973924"><ele>324.661149</ele><time>2024-10-25T19:04:13Z</time><extensions><speed>1.389306</speed><course>150.594541</course><hAcc>1.375609</hAcc><vAcc>0.908059</vAcc></extensions></trkpt>
      <trkpt lon="-117.327937" lat="33.973913"><ele>324.663061</ele><time>2024-10-25T19:04:14Z</time><extensions><speed>1.375812</speed><course>145.450354</course><hAcc>1.406742</hAcc><vAcc>0.900034</vAcc></extensions></trkpt>
      <trkpt lon="-117.327929" lat="33.973903"><ele>324.674051</ele><time>2024-10-25T19:04:15Z</time><extensions><speed>1.232496</speed><course>145.317581</course><hAcc>1.379579</hAcc><vAcc>0.892859</vAcc></extensions></trkpt>
      <trkpt lon="-117.327922" lat="33.973894"><ele>324.687038</ele><time>2024-10-25T19:04:16Z</time><extensions><speed>1.122103</speed><course>149.770018</course><hAcc>1.371599</hAcc><vAcc>0.886495</vAcc></extensions></trkpt>
      <trkpt lon="-117.327916" lat="33.973885"><ele>324.692841</ele><time>2024-10-25T19:04:17Z</time><extensions><speed>1.148238</speed><course>157.068402</course><hAcc>1.389322</hAcc><vAcc>0.880605</vAcc></extensions></trkpt>
      <trkpt lon="-117.327911" lat="33.973876"><ele>324.714105</ele><time>2024-10-25T19:04:18Z</time><extensions><speed>1.125826</speed><course>154.866114</course><hAcc>1.397520</hAcc><vAcc>0.875104</vAcc></extensions></trkpt>
      <trkpt lon="-117.327906" lat="33.973866"><ele>324.743187</ele><time>2024-10-25T19:04:19Z</time><extensions><speed>1.239601</speed><course>157.208301</course><hAcc>1.398378</hAcc><vAcc>0.870337</vAcc></extensions></trkpt>
      <trkpt lon="-117.327902" lat="33.973855"><ele>324.779175</ele><time>2024-10-25T19:04:20Z</time><extensions><speed>1.341734</speed><course>163.316882</course><hAcc>1.389728</hAcc><vAcc>0.866840</vAcc></extensions></trkpt>
      <trkpt lon="-117.327898" lat="33.973843"><ele>324.818078</ele><time>2024-10-25T19:04:21Z</time><extensions><speed>1.446570</speed><course>168.581375</course><hAcc>1.374325</hAcc><vAcc>0.864134</vAcc></extensions></trkpt>
      <trkpt lon="-117.327896" lat="33.973830"><ele>324.852334</ele><time>2024-10-25T19:04:22Z</time><extensions><speed>1.537541</speed><course>174.030693</course><hAcc>1.367315</hAcc><vAcc>0.861978</vAcc></extensions></trkpt>
      <trkpt lon="-117.327894" lat="33.973816"><ele>324.876036</ele><time>2024-10-25T19:04:23Z</time><extensions><speed>1.483547</speed><course>174.229999</course><hAcc>1.382062</hAcc><vAcc>0.860576</vAcc></extensions></trkpt>
      <trkpt lon="-117.327891" lat="33.973803"><ele>324.892084</ele><time>2024-10-25T19:04:24Z</time><extensions><speed>1.501321</speed><course>166.555346</course><hAcc>1.354687</hAcc><vAcc>0.858904</vAcc></extensions></trkpt>
      <trkpt lon="-117.327887" lat="33.973790"><ele>324.909931</ele><time>2024-10-25T19:04:25Z</time><extensions><speed>1.431092</speed><course>162.099344</course><hAcc>1.363522</hAcc><vAcc>0.856654</vAcc></extensions></trkpt>
      <trkpt lon="-117.327882" lat="33.973778"><ele>324.927307</ele><time>2024-10-25T19:04:26Z</time><extensions><speed>1.370532</speed><course>158.696119</course><hAcc>1.360474</hAcc><vAcc>0.854371</vAcc></extensions></trkpt>
      <trkpt lon="-117.327877" lat="33.973768"><ele>324.937683</ele><time>2024-10-25T19:04:27Z</time><extensions><speed>1.174891</speed><course>161.215333</course><hAcc>1.342702</hAcc><vAcc>0.851128</vAcc></extensions></trkpt>
      <trkpt lon="-117.327873" lat="33.973758"><ele>324.930589</ele><time>2024-10-25T19:04:28Z</time><extensions><speed>1.087340</speed><course>158.988135</course><hAcc>1.347365</hAcc><vAcc>0.847489</vAcc></extensions></trkpt>
      <trkpt lon="-117.327868" lat="33.973749"><ele>324.925875</ele><time>2024-10-25T19:04:29Z</time><extensions><speed>1.010524</speed><course>155.546644</course><hAcc>1.360143</hAcc><vAcc>0.844239</vAcc></extensions></trkpt>
      <trkpt lon="-117.327863" lat="33.973741"><ele>324.919763</ele><time>2024-10-25T19:04:30Z</time><extensions><speed>1.109456</speed><course>149.767076</course><hAcc>1.373372</hAcc><vAcc>0.841466</vAcc></extensions></trkpt>
      <trkpt lon="-117.327856" lat="33.973733"><ele>324.909806</ele><time>2024-10-25T19:04:31Z</time><extensions><speed>1.151581</speed><course>140.494540</course><hAcc>1.374520</hAcc><vAcc>0.838778</vAcc></extensions></trkpt>
      <trkpt lon="-117.327847" lat="33.973725"><ele>324.895222</ele><time>2024-10-25T19:04:32Z</time><extensions><speed>1.161104</speed><course>132.350913</course><hAcc>1.358500</hAcc><vAcc>0.836300</vAcc></extensions></trkpt>
      <trkpt lon="-117.327837" lat="33.973718"><ele>324.898954</ele><time>2024-10-25T19:04:33Z</time><extensions><speed>1.274794</speed><course>126.736726</course><hAcc>1.341595</hAcc><vAcc>0.833472</vAcc></extensions></trkpt>
      <trkpt lon="-117.327826" lat="33.973712"><ele>324.912394</ele><time>2024-10-25T19:04:34Z</time><extensions><speed>1.314627</speed><course>123.097428</course><hAcc>1.333201</hAcc><vAcc>0.830725</vAcc></extensions></trkpt>
      <trkpt lon="-117.327814" lat="33.973705"><ele>324.927686</ele><time>2024-10-25T19:04:35Z</time><extensions><speed>1.364441</speed><course>122.885185</course><hAcc>1.328711</hAcc><vAcc>0.828260</vAcc></extensions></trkpt>
      <trkpt lon="-117.327801" lat="33.973699"><ele>324.959987</ele><time>2024-10-25T19:04:36Z</time><extensions><speed>1.389961</speed><course>118.663856</course><hAcc>1.329574</hAcc><vAcc>0.825979</vAcc></extensions></trkpt>
      <trkpt lon="-117.327788" lat="33.973694"><ele>325.000396</ele><time>2024-10-25T19:04:37Z</time><extensions><speed>1.345126</speed><course>108.373511</course><hAcc>1.287532</hAcc><vAcc>0.823876</vAcc></extensions></trkpt>
      <trkpt lon="-117.327774" lat="33.973691"><ele>325.049902</ele><time>2024-10-25T19:04:38Z</time><extensions><speed>1.379536</speed><course>100.898327</course><hAcc>1.264690</hAcc><vAcc>0.822007</vAcc></extensions></trkpt>
      <trkpt lon="-117.327759" lat="33.973689"><ele>325.102885</ele><time>2024-10-25T19:04:39Z</time><extensions><speed>1.458047</speed><course>102.641837</course><hAcc>1.279138</hAcc><vAcc>0.820717</vAcc></extensions></trkpt>
      <trkpt lon="-117.327744" lat="33.973687"><ele>325.175675</ele><time>2024-10-25T19:04:40Z</time><extensions><speed>1.349453</speed><course>98.327480</course><hAcc>1.267048</hAcc><vAcc>0.819119</vAcc></extensions></trkpt>
      <trkpt lon="-117.327729" lat="33.973685"><ele>325.266254</ele><time>2024-10-25T19:04:41Z</time><extensions><speed>1.330576</speed><course>95.988515</course><hAcc>1.274730</hAcc><vAcc>0.816843</vAcc></extensions></trkpt>
      <trkpt lon="-117.327715" lat="33.973685"><ele>325.364569</ele><time>2024-10-25T19:04:42Z</time><extensions><speed>1.286088</speed><course>89.766447</course><hAcc>1.270124</hAcc><vAcc>0.814458</vAcc></extensions></trkpt>
      <trkpt lon="-117.327702" lat="33.973685"><ele>325.470492</ele><time>2024-10-25T19:04:43Z</time><extensions><speed>1.222897</speed><course>83.577182</course><hAcc>1.265983</hAcc><vAcc>0.811808</vAcc></extensions></trkpt>
      <trkpt lon="-117.327689" lat="33.973687"><ele>325.576899</ele><time>2024-10-25T19:04:44Z</time><extensions><speed>1.206859</speed><course>78.606680</course><hAcc>1.280433</hAcc><vAcc>0.809224</vAcc></extensions></trkpt>
      <trkpt lon="-117.327675" lat="33.973689"><ele>325.693047</ele><time>2024-10-25T19:04:45Z</time><extensions><speed>1.279987</speed><course>82.033793</course><hAcc>1.303741</hAcc><vAcc>0.806705</vAcc></extensions></trkpt>
      <trkpt lon="-117.327662" lat="33.973691"><ele>325.820513</ele><time>2024-10-25T19:04:46Z</time><extensions><speed>1.230664</speed><course>80.422542</course><hAcc>1.307130</hAcc><vAcc>0.804155</vAcc></extensions></trkpt>
      <trkpt lon="-117.327648" lat="33.973693"><ele>325.942711</ele><time>2024-10-25T19:04:47Z</time><extensions><speed>1.264647</speed><course>81.305447</course><hAcc>1.321402</hAcc><vAcc>0.801415</vAcc></extensions></trkpt>
      <trkpt lon="-117.327635" lat="33.973694"><ele>326.054123</ele><time>2024-10-25T19:04:48Z</time><extensions><speed>1.306507</speed><course>84.767609</course><hAcc>1.345356</hAcc><vAcc>0.798318</vAcc></extensions></trkpt>
      <trkpt lon="-117.327620" lat="33.973695"><ele>326.164830</ele><time>2024-10-25T19:04:49Z</time><extensions><speed>1.348560</speed><course>86.509842</course><hAcc>1.356042</hAcc><vAcc>0.794798</vAcc></extensions></trkpt>
      <trkpt lon="-117.327606" lat="33.973696"><ele>326.263254</ele><time>2024-10-25T19:04:50Z</time><extensions><speed>1.299397</speed><course>86.522853</course><hAcc>1.359115</hAcc><vAcc>0.790752</vAcc></extensions></trkpt>
      <trkpt lon="-117.327592" lat="33.973696"><ele>326.355041</ele><time>2024-10-25T19:04:51Z</time><extensions><speed>1.272295</speed><course>85.190935</course><hAcc>1.373221</hAcc><vAcc>0.786358</vAcc></extensions></trkpt>
      <trkpt lon="-117.327578" lat="33.973697"><ele>326.434129</ele><time>2024-10-25T19:04:52Z</time><extensions><speed>1.414033</speed><course>85.698402</course><hAcc>1.393011</hAcc><vAcc>0.782144</vAcc></extensions></trkpt>
      <trkpt lon="-117.327562" lat="33.973699"><ele>326.502271</ele><time>2024-10-25T19:04:53Z</time><extensions><speed>1.509077</speed><course>83.549379</course><hAcc>1.398481</hAcc><vAcc>0.778570</vAcc></extensions></trkpt>
      <trkpt lon="-117.327546" lat="33.973700"><ele>326.561147</ele><time>2024-10-25T19:04:54Z</time><extensions><speed>1.496180</speed><course>81.427635</course><hAcc>1.409900</hAcc><vAcc>0.775710</vAcc></extensions></trkpt>
      <trkpt lon="-117.327530" lat="33.973702"><ele>326.620361</ele><time>2024-10-25T19:04:55Z</time><extensions><speed>1.415221</speed><course>83.989972</course><hAcc>1.427501</hAcc><vAcc>0.774057</vAcc></extensions></trkpt>
      <trkpt lon="-117.327516" lat="33.973703"><ele>326.659616</ele><time>2024-10-25T19:04:56Z</time><extensions><speed>1.319535</speed><course>87.778990</course><hAcc>1.426365</hAcc><vAcc>0.773657</vAcc></extensions></trkpt>
      <trkpt lon="-117.327502" lat="33.973703"><ele>326.691335</ele><time>2024-10-25T19:04:57Z</time><extensions><speed>1.196578</speed><course>91.624413</course><hAcc>1.419720</hAcc><vAcc>0.774464</vAcc></extensions></trkpt>
      <trkpt lon="-117.327489" lat="33.973702"><ele>326.711176</ele><time>2024-10-25T19:04:58Z</time><extensions><speed>1.198439</speed><course>96.197490</course><hAcc>1.412287</hAcc><vAcc>0.776687</vAcc></extensions></trkpt>
      <trkpt lon="-117.327476" lat="33.973701"><ele>326.713436</ele><time>2024-10-25T19:04:59Z</time><extensions><speed>1.275871</speed><course>96.189629</course><hAcc>1.407315</hAcc><vAcc>0.780558</vAcc></extensions></trkpt>
      <trkpt lon="-117.327462" lat="33.973700"><ele>326.710583</ele><time>2024-10-25T19:05:00Z</time><extensions><speed>1.322746</speed><course>93.149780</course><hAcc>1.399994</hAcc><vAcc>0.785523</vAcc></extensions></trkpt>
      <trkpt lon="-117.327447" lat="33.973699"><ele>326.709542</ele><time>2024-10-25T19:05:01Z</time><extensions><speed>1.304187</speed><course>91.075743</course><hAcc>1.391096</hAcc><vAcc>0.791501</vAcc></extensions></trkpt>
      <trkpt lon="-117.327433" lat="33.973699"><ele>326.690971</ele><time>2024-10-25T19:05:02Z</time><extensions><speed>1.285164</speed><course>86.977333</course><hAcc>1.388432</hAcc><vAcc>0.797623</vAcc></extensions></trkpt>
      <trkpt lon="-117.327419" lat="33.973700"><ele>326.662323</ele><time>2024-10-25T19:05:03Z</time><extensions><speed>1.299272</speed><course>85.483675</course><hAcc>1.394953</hAcc><vAcc>0.804580</vAcc></extensions></trkpt>
      <trkpt lon="-117.327406" lat="33.973700"><ele>326.636579</ele><time>2024-10-25T19:05:04Z</time><extensions><speed>1.239954</speed><course>91.140649</course><hAcc>1.390915</hAcc><vAcc>0.811447</vAcc></extensions></trkpt>
      <trkpt lon="-117.327392" lat="33.973700"><ele>326.600134</ele><time>2024-10-25T19:05:05Z</time><extensions><speed>1.255596</speed><course>96.355304</course><hAcc>1.389705</hAcc><vAcc>0.817651</vAcc></extensions></trkpt>
      <trkpt lon="-117.327379" lat="33.973698"><ele>326.560730</ele><time>2024-10-25T19:05:06Z</time><extensions><speed>1.253910</speed><course>101.444222</course><hAcc>1.388226</hAcc><vAcc>0.823431</vAcc></extensions></trkpt>
      <trkpt lon="-117.327365" lat="33.973695"><ele>326.522115</ele><time>2024-10-25T19:05:07Z</time><extensions><speed>1.265516</speed><course>102.054980</course><hAcc>1.388703</hAcc><vAcc>0.828768</vAcc></extensions></trkpt>
      <trkpt lon="-117.327351" lat="33.973693"><ele>326.487101</ele><time>2024-10-25T19:05:08Z</time><extensions><speed>1.370511</speed><course>100.715800</course><hAcc>1.395491</hAcc><vAcc>0.833561</vAcc></extensions></trkpt>
      <trkpt lon="-117.327336" lat="33.973691"><ele>326.447744</ele><time>2024-10-25T19:05:09Z</time><extensions><speed>1.444339</speed><course>99.397101</course><hAcc>1.412559</hAcc><vAcc>0.837175</vAcc></extensions></trkpt>
      <trkpt lon="-117.327321" lat="33.973688"><ele>326.418096</ele><time>2024-10-25T19:05:10Z</time><extensions><speed>1.443956</speed><course>102.920435</course><hAcc>1.396476</hAcc><vAcc>0.839806</vAcc></extensions></trkpt>
      <trkpt lon="-117.327306" lat="33.973685"><ele>326.395020</ele><time>2024-10-25T19:05:11Z</time><extensions><speed>1.428897</speed><course>104.172812</course><hAcc>1.393757</hAcc><vAcc>0.842304</vAcc></extensions></trkpt>
      <trkpt lon="-117.327291" lat="33.973682"><ele>326.381094</ele><time>2024-10-25T19:05:12Z</time><extensions><speed>1.433598</speed><course>106.850250</course><hAcc>1.396843</hAcc><vAcc>0.843977</vAcc></extensions></trkpt>
      <trkpt lon="-117.327276" lat="33.973678"><ele>326.372138</ele><time>2024-10-25T19:05:13Z</time><extensions><speed>1.442885</speed><course>109.188215</course><hAcc>1.407993</hAcc><vAcc>0.845918</vAcc></extensions></trkpt>
      <trkpt lon="-117.327261" lat="33.973674"><ele>326.375480</ele><time>2024-10-25T19:05:14Z</time><extensions><speed>1.426632</speed><course>104.480295</course><hAcc>1.412829</hAcc><vAcc>0.848285</vAcc></extensions></trkpt>
      <trkpt lon="-117.327246" lat="33.973672"><ele>326.384886</ele><time>2024-10-25T19:05:15Z</time><extensions><speed>1.418216</speed><course>100.218408</course><hAcc>1.406877</hAcc><vAcc>0.850819</vAcc></extensions></trkpt>
      <trkpt lon="-117.327231" lat="33.973670"><ele>326.402455</ele><time>2024-10-25T19:05:16Z</time><extensions><speed>1.422140</speed><course>95.805069</course><hAcc>1.401449</hAcc><vAcc>0.853141</vAcc></extensions></trkpt>
      <trkpt lon="-117.327216" lat="33.973669"><ele>326.427298</ele><time>2024-10-25T19:05:17Z</time><extensions><speed>1.368137</speed><course>91.229821</course><hAcc>1.394107</hAcc><vAcc>0.855101</vAcc></extensions></trkpt>
      <trkpt lon="-117.327202" lat="33.973670"><ele>326.453101</ele><time>2024-10-25T19:05:18Z</time><extensions><speed>1.278689</speed><course>85.996824</course><hAcc>1.383703</hAcc><vAcc>0.858398</vAcc></extensions></trkpt>
      <trkpt lon="-117.327187" lat="33.973671"><ele>326.463916</ele><time>2024-10-25T19:05:19Z</time><extensions><speed>1.388204</speed><course>80.514775</course><hAcc>1.371383</hAcc><vAcc>0.861950</vAcc></extensions></trkpt>
      <trkpt lon="-117.327172" lat="33.973674"><ele>326.484609</ele><time>2024-10-25T19:05:20Z</time><extensions><speed>1.543838</speed><course>75.412876</course><hAcc>1.372062</hAcc><vAcc>0.864886</vAcc></extensions></trkpt>
      <trkpt lon="-117.327156" lat="33.973678"><ele>326.505822</ele><time>2024-10-25T19:05:21Z</time><extensions><speed>1.483698</speed><course>74.339929</course><hAcc>1.394312</hAcc><vAcc>0.866387</vAcc></extensions></trkpt>
      <trkpt lon="-117.327140" lat="33.973681"><ele>326.522321</ele><time>2024-10-25T19:05:22Z</time><extensions><speed>1.478049</speed><course>74.860123</course><hAcc>1.372178</hAcc><vAcc>0.869260</vAcc></extensions></trkpt>
      <trkpt lon="-117.327125" lat="33.973685"><ele>326.536076</ele><time>2024-10-25T19:05:23Z</time><extensions><speed>1.495145</speed><course>78.841924</course><hAcc>1.371322</hAcc><vAcc>0.872115</vAcc></extensions></trkpt>
      <trkpt lon="-117.327109" lat="33.973687"><ele>326.552193</ele><time>2024-10-25T19:05:24Z</time><extensions><speed>1.482227</speed><course>78.220261</course><hAcc>1.383440</hAcc><vAcc>0.874478</vAcc></extensions></trkpt>
      <trkpt lon="-117.327094" lat="33.973690"><ele>326.567225</ele><time>2024-10-25T19:05:25Z</time><extensions><speed>1.425348</speed><course>77.483784</course><hAcc>1.381746</hAcc><vAcc>0.876189</vAcc></extensions></trkpt>
      <trkpt lon="-117.327079" lat="33.973693"><ele>326.575583</ele><time>2024-10-25T19:05:26Z</time><extensions><speed>1.406563</speed><course>76.423629</course><hAcc>1.372784</hAcc><vAcc>0.876647</vAcc></extensions></trkpt>
      <trkpt lon="-117.327064" lat="33.973696"><ele>326.562107</ele><time>2024-10-25T19:05:27Z</time><extensions><speed>1.372825</speed><course>78.095296</course><hAcc>1.370372</hAcc><vAcc>0.876464</vAcc></extensions></trkpt>
      <trkpt lon="-117.327049" lat="33.973698"><ele>326.553361</ele><time>2024-10-25T19:05:28Z</time><extensions><speed>1.376901</speed><course>81.755785</course><hAcc>1.382264</hAcc><vAcc>0.875412</vAcc></extensions></trkpt>
      <trkpt lon="-117.327035" lat="33.973701"><ele>326.542931</ele><time>2024-10-25T19:05:29Z</time><extensions><speed>1.365530</speed><course>79.807602</course><hAcc>1.374950</hAcc><vAcc>0.873926</vAcc></extensions></trkpt>
      <trkpt lon="-117.327020" lat="33.973703"><ele>326.537250</ele><time>2024-10-25T19:05:30Z</time><extensions><speed>1.401902</speed><course>80.199754</course><hAcc>1.357437</hAcc><vAcc>0.872495</vAcc></extensions></trkpt>
      <trkpt lon="-117.327005" lat="33.973705"><ele>326.523840</ele><time>2024-10-25T19:05:31Z</time><extensions><speed>1.467971</speed><course>81.163102</course><hAcc>1.361447</hAcc><vAcc>0.870903</vAcc></extensions></trkpt>
      <trkpt lon="-117.326989" lat="33.973707"><ele>326.508230</ele><time>2024-10-25T19:05:32Z</time><extensions><speed>1.399595</speed><course>82.082080</course><hAcc>1.384822</hAcc><vAcc>0.868870</vAcc></extensions></trkpt>
      <trkpt lon="-117.326975" lat="33.973708"><ele>326.497290</ele><time>2024-10-25T19:05:33Z</time><extensions><speed>1.291578</speed><course>81.899853</course><hAcc>1.386336</hAcc><vAcc>0.866594</vAcc></extensions></trkpt>
      <trkpt lon="-117.326961" lat="33.973710"><ele>326.479937</ele><time>2024-10-25T19:05:34Z</time><extensions><speed>1.319337</speed><course>78.570906</course><hAcc>1.374697</hAcc><vAcc>0.864023</vAcc></extensions></trkpt>
      <trkpt lon="-117.326947" lat="33.973713"><ele>326.459653</ele><time>2024-10-25T19:05:35Z</time><extensions><speed>1.362386</speed><course>78.736255</course><hAcc>1.381277</hAcc><vAcc>0.861638</vAcc></extensions></trkpt>
      <trkpt lon="-117.326932" lat="33.973715"><ele>326.435083</ele><time>2024-10-25T19:05:36Z</time><extensions><speed>1.378089</speed><course>79.499577</course><hAcc>1.389239</hAcc><vAcc>0.858600</vAcc></extensions></trkpt>
      <trkpt lon="-117.326918" lat="33.973717"><ele>326.415708</ele><time>2024-10-25T19:05:37Z</time><extensions><speed>1.293808</speed><course>79.266895</course><hAcc>1.390049</hAcc><vAcc>0.855481</vAcc></extensions></trkpt>
      <trkpt lon="-117.326904" lat="33.973719"><ele>326.405969</ele><time>2024-10-25T19:05:38Z</time><extensions><speed>1.300052</speed><course>84.262723</course><hAcc>1.392247</hAcc><vAcc>0.852885</vAcc></extensions></trkpt>
      <trkpt lon="-117.326889" lat="33.973719"><ele>326.402974</ele><time>2024-10-25T19:05:39Z</time><extensions><speed>1.366158</speed><course>88.030459</course><hAcc>1.387649</hAcc><vAcc>0.850942</vAcc></extensions></trkpt>
      <trkpt lon="-117.326875" lat="33.973719"><ele>326.401086</ele><time>2024-10-25T19:05:40Z</time><extensions><speed>1.353608</speed><course>91.998133</course><hAcc>1.382928</hAcc><vAcc>0.848776</vAcc></extensions></trkpt>
      <trkpt lon="-117.326860" lat="33.973719"><ele>326.405339</ele><time>2024-10-25T19:05:41Z</time><extensions><speed>1.300091</speed><course>95.667407</course><hAcc>1.383420</hAcc><vAcc>0.846519</vAcc></extensions></trkpt>
      <trkpt lon="-117.326846" lat="33.973717"><ele>326.417930</ele><time>2024-10-25T19:05:42Z</time><extensions><speed>1.317806</speed><course>98.384612</course><hAcc>1.376184</hAcc><vAcc>0.844257</vAcc></extensions></trkpt>
      <trkpt lon="-117.326832" lat="33.973715"><ele>326.430718</ele><time>2024-10-25T19:05:43Z</time><extensions><speed>1.407240</speed><course>100.954411</course><hAcc>1.370672</hAcc><vAcc>0.841777</vAcc></extensions></trkpt>
      <trkpt lon="-117.326817" lat="33.973713"><ele>326.443432</ele><time>2024-10-25T19:05:44Z</time><extensions><speed>1.388350</speed><course>99.785925</course><hAcc>1.359115</hAcc><vAcc>0.839747</vAcc></extensions></trkpt>
      <trkpt lon="-117.326803" lat="33.973711"><ele>326.467006</ele><time>2024-10-25T19:05:45Z</time><extensions><speed>1.259888</speed><course>94.646273</course><hAcc>1.358305</hAcc><vAcc>0.837744</vAcc></extensions></trkpt>
      <trkpt lon="-117.326789" lat="33.973710"><ele>326.525077</ele><time>2024-10-25T19:05:46Z</time><extensions><speed>1.218543</speed><course>94.589373</course><hAcc>1.342692</hAcc><vAcc>0.836065</vAcc></extensions></trkpt>
      <trkpt lon="-117.326776" lat="33.973709"><ele>326.600450</ele><time>2024-10-25T19:05:47Z</time><extensions><speed>1.335910</speed><course>96.703634</course><hAcc>1.331417</hAcc><vAcc>0.834334</vAcc></extensions></trkpt>
      <trkpt lon="-117.326761" lat="33.973707"><ele>326.691111</ele><time>2024-10-25T19:05:48Z</time><extensions><speed>1.454139</speed><course>97.863904</course><hAcc>1.335483</hAcc><vAcc>0.832813</vAcc></extensions></trkpt>
      <trkpt lon="-117.326745" lat="33.973706"><ele>326.806009</ele><time>2024-10-25T19:05:49Z</time><extensions><speed>1.430690</speed><course>96.763990</course><hAcc>1.363823</hAcc><vAcc>0.831404</vAcc></extensions></trkpt>
      <trkpt lon="-117.326730" lat="33.973704"><ele>326.936634</ele><time>2024-10-25T19:05:50Z</time><extensions><speed>1.374381</speed><course>97.579004</course><hAcc>1.368836</hAcc><vAcc>0.829693</vAcc></extensions></trkpt>
      <trkpt lon="-117.326716" lat="33.973703"><ele>327.061030</ele><time>2024-10-25T19:05:51Z</time><extensions><speed>1.246240</speed><course>98.096071</course><hAcc>1.341590</hAcc><vAcc>0.827706</vAcc></extensions></trkpt>
      <trkpt lon="-117.326702" lat="33.973701"><ele>327.194092</ele><time>2024-10-25T19:05:52Z</time><extensions><speed>1.275959</speed><course>98.801691</course><hAcc>1.346908</hAcc><vAcc>0.825496</vAcc></extensions></trkpt>
      <trkpt lon="-117.326688" lat="33.973699"><ele>327.335985</ele><time>2024-10-25T19:05:53Z</time><extensions><speed>1.327092</speed><course>98.469627</course><hAcc>1.360936</hAcc><vAcc>0.822778</vAcc></extensions></trkpt>
      <trkpt lon="-117.326674" lat="33.973698"><ele>327.483450</ele><time>2024-10-25T19:05:54Z</time><extensions><speed>1.316257</speed><course>95.700828</course><hAcc>1.379289</hAcc><vAcc>0.819772</vAcc></extensions></trkpt>
      <trkpt lon="-117.326660" lat="33.973697"><ele>327.623195</ele><time>2024-10-25T19:05:55Z</time><extensions><speed>1.328465</speed><course>92.841396</course><hAcc>1.387390</hAcc><vAcc>0.816400</vAcc></extensions></trkpt>
      <trkpt lon="-117.326645" lat="33.973697"><ele>327.769615</ele><time>2024-10-25T19:05:56Z</time><extensions><speed>1.374096</speed><course>89.498070</course><hAcc>1.387842</hAcc><vAcc>0.812592</vAcc></extensions></trkpt>
      <trkpt lon="-117.326630" lat="33.973697"><ele>327.913167</ele><time>2024-10-25T19:05:57Z</time><extensions><speed>1.378247</speed><course>87.643310</course><hAcc>1.393412</hAcc><vAcc>0.808321</vAcc></extensions></trkpt>
      <trkpt lon="-117.326616" lat="33.973698"><ele>328.055855</ele><time>2024-10-25T19:05:58Z</time><extensions><speed>1.384139</speed><course>84.951137</course><hAcc>1.397480</hAcc><vAcc>0.803611</vAcc></extensions></trkpt>
      <trkpt lon="-117.326601" lat="33.973700"><ele>328.183324</ele><time>2024-10-25T19:05:59Z</time><extensions><speed>1.365662</speed><course>81.020888</course><hAcc>1.388286</hAcc><vAcc>0.798782</vAcc></extensions></trkpt>
      <trkpt lon="-117.326586" lat="33.973702"><ele>328.294093</ele><time>2024-10-25T19:06:00Z</time><extensions><speed>1.429104</speed><course>79.961690</course><hAcc>1.368738</hAcc><vAcc>0.793796</vAcc></extensions></trkpt>
      <trkpt lon="-117.326570" lat="33.973705"><ele>328.390882</ele><time>2024-10-25T19:06:01Z</time><extensions><speed>1.459849</speed><course>80.117479</course><hAcc>1.352471</hAcc><vAcc>0.788699</vAcc></extensions></trkpt>
      <trkpt lon="-117.326555" lat="33.973708"><ele>328.479781</ele><time>2024-10-25T19:06:02Z</time><extensions><speed>1.421268</speed><course>75.714919</course><hAcc>1.339865</hAcc><vAcc>0.783894</vAcc></extensions></trkpt>
      <trkpt lon="-117.326540" lat="33.973711"><ele>328.550766</ele><time>2024-10-25T19:06:03Z</time><extensions><speed>1.505603</speed><course>77.895046</course><hAcc>1.333997</hAcc><vAcc>0.780132</vAcc></extensions></trkpt>
      <trkpt lon="-117.326524" lat="33.973714"><ele>328.611395</ele><time>2024-10-25T19:06:04Z</time><extensions><speed>1.506495</speed><course>78.294541</course><hAcc>1.327520</hAcc><vAcc>0.777072</vAcc></extensions></trkpt>
      <trkpt lon="-117.326507" lat="33.973717"><ele>328.657994</ele><time>2024-10-25T19:06:05Z</time><extensions><speed>1.578482</speed><course>76.103755</course><hAcc>1.319375</hAcc><vAcc>0.775125</vAcc></extensions></trkpt>
      <trkpt lon="-117.326491" lat="33.973721"><ele>328.698040</ele><time>2024-10-25T19:06:06Z</time><extensions><speed>1.523768</speed><course>72.537700</course><hAcc>1.334856</hAcc><vAcc>0.774250</vAcc></extensions></trkpt>
      <trkpt lon="-117.326476" lat="33.973726"><ele>328.734448</ele><time>2024-10-25T19:06:07Z</time><extensions><speed>1.506052</speed><course>63.328046</course><hAcc>1.333652</hAcc><vAcc>0.774421</vAcc></extensions></trkpt>
      <trkpt lon="-117.326461" lat="33.973732"><ele>328.766024</ele><time>2024-10-25T19:06:08Z</time><extensions><speed>1.535089</speed><course>62.123141</course><hAcc>1.351209</hAcc><vAcc>0.775568</vAcc></extensions></trkpt>
      <trkpt lon="-117.326446" lat="33.973738"><ele>328.785632</ele><time>2024-10-25T19:06:09Z</time><extensions><speed>1.577252</speed><course>64.957452</course><hAcc>1.382353</hAcc><vAcc>0.777535</vAcc></extensions></trkpt>
      <trkpt lon="-117.326430" lat="33.973744"><ele>328.803605</ele><time>2024-10-25T19:06:10Z</time><extensions><speed>1.650069</speed><course>67.034790</course><hAcc>1.392841</hAcc><vAcc>0.780304</vAcc></extensions></trkpt>
      <trkpt lon="-117.326414" lat="33.973749"><ele>328.815463</ele><time>2024-10-25T19:06:11Z</time><extensions><speed>1.614863</speed><course>71.395463</course><hAcc>1.400561</hAcc><vAcc>0.783606</vAcc></extensions></trkpt>
      <trkpt lon="-117.326397" lat="33.973754"><ele>328.821166</ele><time>2024-10-25T19:06:12Z</time><extensions><speed>1.623791</speed><course>73.971348</course><hAcc>1.412058</hAcc><vAcc>0.788012</vAcc></extensions></trkpt>
      <trkpt lon="-117.326381" lat="33.973757"><ele>328.828929</ele><time>2024-10-25T19:06:13Z</time><extensions><speed>1.508068</speed><course>76.290438</course><hAcc>1.432382</hAcc><vAcc>0.792912</vAcc></extensions></trkpt>
      <trkpt lon="-117.326365" lat="33.973759"><ele>328.839156</ele><time>2024-10-25T19:06:14Z</time><extensions><speed>1.474900</speed><course>83.622592</course><hAcc>1.424544</hAcc><vAcc>0.798217</vAcc></extensions></trkpt>
      <trkpt lon="-117.326350" lat="33.973760"><ele>328.846317</ele><time>2024-10-25T19:06:15Z</time><extensions><speed>1.397398</speed><course>92.836032</course><hAcc>1.431283</hAcc><vAcc>0.803539</vAcc></extensions></trkpt>
      <trkpt lon="-117.326335" lat="33.973758"><ele>328.847005</ele><time>2024-10-25T19:06:16Z</time><extensions><speed>1.373318</speed><course>101.810089</course><hAcc>1.435171</hAcc><vAcc>0.809267</vAcc></extensions></trkpt>
      <trkpt lon="-117.326320" lat="33.973755"><ele>328.843352</ele><time>2024-10-25T19:06:17Z</time><extensions><speed>1.361274</speed><course>106.699791</course><hAcc>1.433932</hAcc><vAcc>0.815040</vAcc></extensions></trkpt>
      <trkpt lon="-117.326306" lat="33.973752"><ele>328.840997</ele><time>2024-10-25T19:06:18Z</time><extensions><speed>1.345023</speed><course>107.205437</course><hAcc>1.434398</hAcc><vAcc>0.820532</vAcc></extensions></trkpt>
      <trkpt lon="-117.326292" lat="33.973748"><ele>328.843890</ele><time>2024-10-25T19:06:19Z</time><extensions><speed>1.346878</speed><course>106.138924</course><hAcc>1.438105</hAcc><vAcc>0.826011</vAcc></extensions></trkpt>
      <trkpt lon="-117.326278" lat="33.973745"><ele>328.847695</ele><time>2024-10-25T19:06:20Z</time><extensions><speed>1.301873</speed><course>103.964104</course><hAcc>1.443178</hAcc><vAcc>0.831106</vAcc></extensions></trkpt>
      <trkpt lon="-117.326265" lat="33.973742"><ele>328.853524</ele><time>2024-10-25T19:06:21Z</time><extensions><speed>1.311333</speed><course>104.953914</course><hAcc>1.437687</hAcc><vAcc>0.836284</vAcc></extensions></trkpt>
      <trkpt lon="-117.326251" lat="33.973740"><ele>328.868344</ele><time>2024-10-25T19:06:22Z</time><extensions><speed>1.367973</speed><course>103.874938</course><hAcc>1.438404</hAcc><vAcc>0.840783</vAcc></extensions></trkpt>
      <trkpt lon="-117.326236" lat="33.973737"><ele>328.878140</ele><time>2024-10-25T19:06:23Z</time><extensions><speed>1.382969</speed><course>98.787390</course><hAcc>1.439459</hAcc><vAcc>0.845594</vAcc></extensions></trkpt>
      <trkpt lon="-117.326221" lat="33.973736"><ele>328.882879</ele><time>2024-10-25T19:06:24Z</time><extensions><speed>1.410160</speed><course>91.972739</course><hAcc>1.440086</hAcc><vAcc>0.850721</vAcc></extensions></trkpt>
      <trkpt lon="-117.326206" lat="33.973736"><ele>328.887981</ele><time>2024-10-25T19:06:25Z</time><extensions><speed>1.400196</speed><course>85.867180</course><hAcc>1.437020</hAcc><vAcc>0.854659</vAcc></extensions></trkpt>
      <trkpt lon="-117.326190" lat="33.973738"><ele>328.891107</ele><time>2024-10-25T19:06:26Z</time><extensions><speed>1.473088</speed><course>82.817139</course><hAcc>1.437657</hAcc><vAcc>0.858125</vAcc></extensions></trkpt>
      <trkpt lon="-117.326174" lat="33.973740"><ele>328.888929</ele><time>2024-10-25T19:06:27Z</time><extensions><speed>1.518345</speed><course>81.458692</course><hAcc>1.442823</hAcc><vAcc>0.860920</vAcc></extensions></trkpt>
      <trkpt lon="-117.326158" lat="33.973742"><ele>328.894611</ele><time>2024-10-25T19:06:28Z</time><extensions><speed>1.549713</speed><course>81.348203</course><hAcc>1.430347</hAcc><vAcc>0.862411</vAcc></extensions></trkpt>
      <trkpt lon="-117.326141" lat="33.973743"><ele>328.905517</ele><time>2024-10-25T19:06:29Z</time><extensions><speed>1.519844</speed><course>84.385752</course><hAcc>1.425891</hAcc><vAcc>0.864074</vAcc></extensions></trkpt>
      <trkpt lon="-117.326126" lat="33.973744"><ele>328.920323</ele><time>2024-10-25T19:06:30Z</time><extensions><speed>1.405013</speed><course>85.832726</course><hAcc>1.423239</hAcc><vAcc>0.865260</vAcc></extensions></trkpt>
      <trkpt lon="-117.326111" lat="33.973745"><ele>328.939405</ele><time>2024-10-25T19:06:31Z</time><extensions><speed>1.400651</speed><course>85.800637</course><hAcc>1.427513</hAcc><vAcc>0.866483</vAcc></extensions></trkpt>
      <trkpt lon="-117.326095" lat="33.973746"><ele>328.962051</ele><time>2024-10-25T19:06:32Z</time><extensions><speed>1.471539</speed><course>84.415357</course><hAcc>1.415618</hAcc><vAcc>0.868041</vAcc></extensions></trkpt>
      <trkpt lon="-117.326079" lat="33.973747"><ele>328.983387</ele><time>2024-10-25T19:06:33Z</time><extensions><speed>1.544867</speed><course>84.330232</course><hAcc>1.414523</hAcc><vAcc>0.869399</vAcc></extensions></trkpt>
      <trkpt lon="-117.326063" lat="33.973748"><ele>329.009445</ele><time>2024-10-25T19:06:34Z</time><extensions><speed>1.430704</speed><course>87.550776</course><hAcc>1.418603</hAcc><vAcc>0.870487</vAcc></extensions></trkpt>
      <trkpt lon="-117.326048" lat="33.973748"><ele>329.037533</ele><time>2024-10-25T19:06:35Z</time><extensions><speed>1.304112</speed><course>90.255963</course><hAcc>1.403916</hAcc><vAcc>0.871054</vAcc></extensions></trkpt>
      <trkpt lon="-117.326034" lat="33.973748"><ele>329.069337</ele><time>2024-10-25T19:06:36Z</time><extensions><speed>1.198518</speed><course>93.147557</course><hAcc>1.404285</hAcc><vAcc>0.871160</vAcc></extensions></trkpt>
      <trkpt lon="-117.326022" lat="33.973747"><ele>329.107251</ele><time>2024-10-25T19:06:37Z</time><extensions><speed>1.196654</speed><course>95.884032</course><hAcc>1.394163</hAcc><vAcc>0.871660</vAcc></extensions></trkpt>
      <trkpt lon="-117.326008" lat="33.973746"><ele>329.137931</ele><time>2024-10-25T19:06:38Z</time><extensions><speed>1.310149</speed><course>98.874562</course><hAcc>1.380598</hAcc><vAcc>0.870839</vAcc></extensions></trkpt>
      <trkpt lon="-117.325994" lat="33.973744"><ele>329.170211</ele><time>2024-10-25T19:06:39Z</time><extensions><speed>1.278207</speed><course>99.299068</course><hAcc>1.386807</hAcc><vAcc>0.870664</vAcc></extensions></trkpt>
      <trkpt lon="-117.325981" lat="33.973742"><ele>329.189877</ele><time>2024-10-25T19:06:40Z</time><extensions><speed>1.301732</speed><course>94.465437</course><hAcc>1.380387</hAcc><vAcc>0.870335</vAcc></extensions></trkpt>
      <trkpt lon="-117.325966" lat="33.973742"><ele>329.215536</ele><time>2024-10-25T19:06:41Z</time><extensions><speed>1.364074</speed><course>89.765890</course><hAcc>1.390660</hAcc><vAcc>0.870314</vAcc></extensions></trkpt>
      <trkpt lon="-117.325952" lat="33.973742"><ele>329.237653</ele><time>2024-10-25T19:06:42Z</time><extensions><speed>1.344488</speed><course>85.552178</course><hAcc>1.426027</hAcc><vAcc>0.869200</vAcc></extensions></trkpt>
      <trkpt lon="-117.325939" lat="33.973743"><ele>329.268173</ele><time>2024-10-25T19:06:43Z</time><extensions><speed>1.072090</speed><course>81.703424</course><hAcc>1.427492</hAcc><vAcc>0.867417</vAcc></extensions></trkpt>
      <trkpt lon="-117.325927" lat="33.973745"><ele>329.295324</ele><time>2024-10-25T19:06:44Z</time><extensions><speed>1.121427</speed><course>77.018137</course><hAcc>1.417142</hAcc><vAcc>0.865185</vAcc></extensions></trkpt>
      <trkpt lon="-117.325915" lat="33.973748"><ele>329.324139</ele><time>2024-10-25T19:06:45Z</time><extensions><speed>1.191000</speed><course>74.216558</course><hAcc>1.426906</hAcc><vAcc>0.862887</vAcc></extensions></trkpt>
      <trkpt lon="-117.325902" lat="33.973751"><ele>329.359149</ele><time>2024-10-25T19:06:46Z</time><extensions><speed>1.225044</speed><course>71.273737</course><hAcc>1.436315</hAcc><vAcc>0.860329</vAcc></extensions></trkpt>
      <trkpt lon="-117.325890" lat="33.973755"><ele>329.392190</ele><time>2024-10-25T19:06:47Z</time><extensions><speed>1.217170</speed><course>68.778244</course><hAcc>1.440314</hAcc><vAcc>0.857824</vAcc></extensions></trkpt>
      <trkpt lon="-117.325878" lat="33.973759"><ele>329.425116</ele><time>2024-10-25T19:06:48Z</time><extensions><speed>1.248949</speed><course>65.152153</course><hAcc>1.443889</hAcc><vAcc>0.855415</vAcc></extensions></trkpt>
      <trkpt lon="-117.325866" lat="33.973764"><ele>329.446818</ele><time>2024-10-25T19:06:49Z</time><extensions><speed>1.241412</speed><course>62.041271</course><hAcc>1.445615</hAcc><vAcc>0.852628</vAcc></extensions></trkpt>
      <trkpt lon="-117.325854" lat="33.973770"><ele>329.479014</ele><time>2024-10-25T19:06:50Z</time><extensions><speed>1.353637</speed><course>61.184777</course><hAcc>1.449484</hAcc><vAcc>0.850340</vAcc></extensions></trkpt>
      <trkpt lon="-117.325841" lat="33.973775"><ele>329.523895</ele><time>2024-10-25T19:06:51Z</time><extensions><speed>1.320477</speed><course>61.389215</course><hAcc>1.458222</hAcc><vAcc>0.848800</vAcc></extensions></trkpt>
      <trkpt lon="-117.325829" lat="33.973781"><ele>329.573647</ele><time>2024-10-25T19:06:52Z</time><extensions><speed>1.198776</speed><course>60.214663</course><hAcc>1.463583</hAcc><vAcc>0.848356</vAcc></extensions></trkpt>
      <trkpt lon="-117.325818" lat="33.973786"><ele>329.625764</ele><time>2024-10-25T19:06:53Z</time><extensions><speed>1.210808</speed><course>61.612010</course><hAcc>1.472306</hAcc><vAcc>0.849182</vAcc></extensions></trkpt>
      <trkpt lon="-117.325807" lat="33.973792"><ele>329.681771</ele><time>2024-10-25T19:06:54Z</time><extensions><speed>1.195085</speed><course>61.306293</course><hAcc>1.480201</hAcc><vAcc>0.851155</vAcc></extensions></trkpt>
      <trkpt lon="-117.325795" lat="33.973797"><ele>329.740151</ele><time>2024-10-25T19:06:55Z</time><extensions><speed>1.178041</speed><course>58.450462</course><hAcc>1.501135</hAcc><vAcc>0.854249</vAcc></extensions></trkpt>
      <trkpt lon="-117.325785" lat="33.973803"><ele>329.791535</ele><time>2024-10-25T19:06:56Z</time><extensions><speed>1.145549</speed><course>52.542730</course><hAcc>1.516292</hAcc><vAcc>0.858141</vAcc></extensions></trkpt>
      <trkpt lon="-117.325776" lat="33.973809"><ele>329.842150</ele><time>2024-10-25T19:06:57Z</time><extensions><speed>1.142318</speed><course>45.949637</course><hAcc>1.533641</hAcc><vAcc>0.861614</vAcc></extensions></trkpt>
      <trkpt lon="-117.325767" lat="33.973817"><ele>329.878387</ele><time>2024-10-25T19:06:58Z</time><extensions><speed>1.172632</speed><course>40.561614</course><hAcc>1.546115</hAcc><vAcc>0.865769</vAcc></extensions></trkpt>
      <trkpt lon="-117.325760" lat="33.973826"><ele>329.913259</ele><time>2024-10-25T19:06:59Z</time><extensions><speed>1.169346</speed><course>32.945779</course><hAcc>1.552450</hAcc><vAcc>0.870391</vAcc></extensions></trkpt>
      <trkpt lon="-117.325753" lat="33.973835"><ele>329.941218</ele><time>2024-10-25T19:07:00Z</time><extensions><speed>1.268036</speed><course>27.438093</course><hAcc>1.562003</hAcc><vAcc>0.875346</vAcc></extensions></trkpt>
      <trkpt lon="-117.325747" lat="33.973846"><ele>329.963844</ele><time>2024-10-25T19:07:01Z</time><extensions><speed>1.316502</speed><course>26.114452</course><hAcc>1.568982</hAcc><vAcc>0.880406</vAcc></extensions></trkpt>
      <trkpt lon="-117.325740" lat="33.973856"><ele>329.984390</ele><time>2024-10-25T19:07:02Z</time><extensions><speed>1.335109</speed><course>29.404944</course><hAcc>1.585414</hAcc><vAcc>0.885495</vAcc></extensions></trkpt>
      <trkpt lon="-117.325733" lat="33.973866"><ele>329.993895</ele><time>2024-10-25T19:07:03Z</time><extensions><speed>1.265995</speed><course>33.418019</course><hAcc>1.600144</hAcc><vAcc>0.889943</vAcc></extensions></trkpt>
      <trkpt lon="-117.325726" lat="33.973875"><ele>329.995687</ele><time>2024-10-25T19:07:04Z</time><extensions><speed>1.117737</speed><course>36.591990</course><hAcc>1.601866</hAcc><vAcc>0.893784</vAcc></extensions></trkpt>
      <trkpt lon="-117.325719" lat="33.973883"><ele>329.988127</ele><time>2024-10-25T19:07:05Z</time><extensions><speed>1.100789</speed><course>34.536605</course><hAcc>1.616755</hAcc><vAcc>0.895511</vAcc></extensions></trkpt>
      <trkpt lon="-117.325712" lat="33.973892"><ele>329.973274</ele><time>2024-10-25T19:07:06Z</time><extensions><speed>1.167682</speed><course>29.435664</course><hAcc>1.640465</hAcc><vAcc>0.896442</vAcc></extensions></trkpt>
      <trkpt lon="-117.325706" lat="33.973902"><ele>329.943257</ele><time>2024-10-25T19:07:07Z</time><extensions><speed>1.303139</speed><course>26.986485</course><hAcc>1.633577</hAcc><vAcc>0.896532</vAcc></extensions></trkpt>
      <trkpt lon="-117.325700" lat="33.973913"><ele>329.903980</ele><time>2024-10-25T19:07:08Z</time><extensions><speed>1.319917</speed><course>24.710369</course><hAcc>1.643262</hAcc><vAcc>0.896790</vAcc></extensions></trkpt>
      <trkpt lon="-117.325694" lat="33.973923"><ele>329.855972</ele><time>2024-10-25T19:07:09Z</time><extensions><speed>1.276727</speed><course>24.646769</course><hAcc>1.660794</hAcc><vAcc>0.897076</vAcc></extensions></trkpt>
      <trkpt lon="-117.325688" lat="33.973934"><ele>329.819858</ele><time>2024-10-25T19:07:10Z</time><extensions><speed>1.275812</speed><course>25.385341</course><hAcc>1.676853</hAcc><vAcc>0.897412</vAcc></extensions></trkpt>
      <trkpt lon="-117.325682" lat="33.973945"><ele>329.776909</ele><time>2024-10-25T19:07:11Z</time><extensions><speed>1.303392</speed><course>24.148215</course><hAcc>1.688882</hAcc><vAcc>0.897718</vAcc></extensions></trkpt>
      <trkpt lon="-117.325676" lat="33.973956"><ele>329.743859</ele><time>2024-10-25T19:07:12Z</time><extensions><speed>1.430605</speed><course>23.283685</course><hAcc>1.699847</hAcc><vAcc>0.898452</vAcc></extensions></trkpt>
      <trkpt lon="-117.325670" lat="33.973969"><ele>329.715305</ele><time>2024-10-25T19:07:13Z</time><extensions><speed>1.524124</speed><course>23.009006</course><hAcc>1.716143</hAcc><vAcc>0.899531</vAcc></extensions></trkpt>
      <trkpt lon="-117.325664" lat="33.973982"><ele>329.682535</ele><time>2024-10-25T19:07:14Z</time><extensions><speed>1.508716</speed><course>22.261807</course><hAcc>1.743407</hAcc><vAcc>0.901585</vAcc></extensions></trkpt>
      <trkpt lon="-117.325657" lat="33.973994"><ele>329.632825</ele><time>2024-10-25T19:07:15Z</time><extensions><speed>1.579320</speed><course>23.206654</course><hAcc>1.722001</hAcc><vAcc>0.904405</vAcc></extensions></trkpt>
      <trkpt lon="-117.325651" lat="33.974007"><ele>329.583953</ele><time>2024-10-25T19:07:16Z</time><extensions><speed>1.548203</speed><course>23.712671</course><hAcc>1.711074</hAcc><vAcc>0.907240</vAcc></extensions></trkpt>
      <trkpt lon="-117.325644" lat="33.974019"><ele>329.538550</ele><time>2024-10-25T19:07:17Z</time><extensions><speed>1.405602</speed><course>26.104036</course><hAcc>1.728690</hAcc><vAcc>0.911355</vAcc></extensions></trkpt>
      <trkpt lon="-117.325637" lat="33.974030"><ele>329.496975</ele><time>2024-10-25T19:07:18Z</time><extensions><speed>1.205585</speed><course>28.313023</course><hAcc>1.740906</hAcc><vAcc>0.915611</vAcc></extensions></trkpt>
      <trkpt lon="-117.325631" lat="33.974039"><ele>329.455164</ele><time>2024-10-25T19:07:19Z</time><extensions><speed>1.181655</speed><course>26.023566</course><hAcc>1.720672</hAcc><vAcc>0.920244</vAcc></extensions></trkpt>
      <trkpt lon="-117.325625" lat="33.974049"><ele>329.420025</ele><time>2024-10-25T19:07:20Z</time><extensions><speed>1.198840</speed><course>24.687343</course><hAcc>1.709165</hAcc><vAcc>0.925647</vAcc></extensions></trkpt>
      <trkpt lon="-117.325620" lat="33.974059"><ele>329.385222</ele><time>2024-10-25T19:07:21Z</time><extensions><speed>1.226038</speed><course>25.053152</course><hAcc>1.706648</hAcc><vAcc>0.930212</vAcc></extensions></trkpt>
      <trkpt lon="-117.325614" lat="33.974069"><ele>329.354782</ele><time>2024-10-25T19:07:22Z</time><extensions><speed>1.259643</speed><course>27.825893</course><hAcc>1.702129</hAcc><vAcc>0.933629</vAcc></extensions></trkpt>
      <trkpt lon="-117.325607" lat="33.974079"><ele>329.325390</ele><time>2024-10-25T19:07:23Z</time><extensions><speed>1.229654</speed><course>30.101781</course><hAcc>1.696995</hAcc><vAcc>0.936827</vAcc></extensions></trkpt>
      <trkpt lon="-117.325600" lat="33.974088"><ele>329.284298</ele><time>2024-10-25T19:07:24Z</time><extensions><speed>1.243435</speed><course>31.240742</course><hAcc>1.691201</hAcc><vAcc>0.940264</vAcc></extensions></trkpt>
      <trkpt lon="-117.325593" lat="33.974098"><ele>329.244633</ele><time>2024-10-25T19:07:25Z</time><extensions><speed>1.265000</speed><course>35.411298</course><hAcc>1.676793</hAcc><vAcc>0.941885</vAcc></extensions></trkpt>
      <trkpt lon="-117.325585" lat="33.974107"><ele>329.213298</ele><time>2024-10-25T19:07:26Z</time><extensions><speed>1.213512</speed><course>37.136946</course><hAcc>1.672771</hAcc><vAcc>0.939899</vAcc></extensions></trkpt>
      <trkpt lon="-117.325577" lat="33.974115"><ele>329.190404</ele><time>2024-10-25T19:07:27Z</time><extensions><speed>1.158250</speed><course>36.696390</course><hAcc>1.672892</hAcc><vAcc>0.936065</vAcc></extensions></trkpt>
      <trkpt lon="-117.325569" lat="33.974124"><ele>329.161419</ele><time>2024-10-25T19:07:28Z</time><extensions><speed>1.241152</speed><course>38.027667</course><hAcc>1.678027</hAcc><vAcc>0.932398</vAcc></extensions></trkpt>
      <trkpt lon="-117.325560" lat="33.974133"><ele>329.137832</ele><time>2024-10-25T19:07:29Z</time><extensions><speed>1.428417</speed><course>40.414080</course><hAcc>1.692265</hAcc><vAcc>0.928405</vAcc></extensions></trkpt>
      <trkpt lon="-117.325550" lat="33.974144"><ele>329.117730</ele><time>2024-10-25T19:07:30Z</time><extensions><speed>1.452967</speed><course>41.471777</course><hAcc>1.695877</hAcc><vAcc>0.923317</vAcc></extensions></trkpt>
      <trkpt lon="-117.325539" lat="33.974153"><ele>329.097782</ele><time>2024-10-25T19:07:31Z</time><extensions><speed>1.427078</speed><course>42.922649</course><hAcc>1.688659</hAcc><vAcc>0.917748</vAcc></extensions></trkpt>
      <trkpt lon="-117.325529" lat="33.974162"><ele>329.072565</ele><time>2024-10-25T19:07:32Z</time><extensions><speed>1.343941</speed><course>46.174698</course><hAcc>1.687660</hAcc><vAcc>0.913080</vAcc></extensions></trkpt>
      <trkpt lon="-117.325518" lat="33.974171"><ele>329.052493</ele><time>2024-10-25T19:07:33Z</time><extensions><speed>1.294977</speed><course>49.165795</course><hAcc>1.697285</hAcc><vAcc>0.909028</vAcc></extensions></trkpt>
      <trkpt lon="-117.325507" lat="33.974178"><ele>329.029418</ele><time>2024-10-25T19:07:34Z</time><extensions><speed>1.272331</speed><course>53.117617</course><hAcc>1.714427</hAcc><vAcc>0.905889</vAcc></extensions></trkpt>
      <trkpt lon="-117.325496" lat="33.974185"><ele>329.007268</ele><time>2024-10-25T19:07:35Z</time><extensions><speed>1.279657</speed><course>55.575225</course><hAcc>1.733024</hAcc><vAcc>0.903017</vAcc></extensions></trkpt>
      <trkpt lon="-117.325485" lat="33.974191"><ele>328.985238</ele><time>2024-10-25T19:07:36Z</time><extensions><speed>1.192001</speed><course>53.794916</course><hAcc>1.725504</hAcc><vAcc>0.901006</vAcc></extensions></trkpt>
      <trkpt lon="-117.325475" lat="33.974198"><ele>328.965218</ele><time>2024-10-25T19:07:37Z</time><extensions><speed>1.145656</speed><course>49.132057</course><hAcc>1.736745</hAcc><vAcc>0.900017</vAcc></extensions></trkpt>
      <trkpt lon="-117.325466" lat="33.974205"><ele>328.941448</ele><time>2024-10-25T19:07:38Z</time><extensions><speed>1.192442</speed><course>41.981584</course><hAcc>1.768701</hAcc><vAcc>0.900195</vAcc></extensions></trkpt>
      <trkpt lon="-117.325458" lat="33.974213"><ele>328.914475</ele><time>2024-10-25T19:07:39Z</time><extensions><speed>1.217065</speed><course>36.984474</course><hAcc>1.802616</hAcc><vAcc>0.901622</vAcc></extensions></trkpt>
      <trkpt lon="-117.325451" lat="33.974222"><ele>328.886860</ele><time>2024-10-25T19:07:40Z</time><extensions><speed>1.092525</speed><course>33.070698</course><hAcc>1.816229</hAcc><vAcc>0.903895</vAcc></extensions></trkpt>
      <trkpt lon="-117.325445" lat="33.974229"><ele>328.855043</ele><time>2024-10-25T19:07:41Z</time><extensions><speed>0.809188</speed><course>29.295919</course><hAcc>1.822450</hAcc><vAcc>0.906401</vAcc></extensions></trkpt>
      <trkpt lon="-117.325442" lat="33.974235"><ele>328.821978</ele><time>2024-10-25T19:07:42Z</time><extensions><speed>0.569586</speed><course>22.931893</course><hAcc>1.832426</hAcc><vAcc>0.908436</vAcc></extensions></trkpt>
      <trkpt lon="-117.325440" lat="33.974239"><ele>328.792874</ele><time>2024-10-25T19:07:43Z</time><extensions><speed>0.427234</speed><course>23.959319</course><hAcc>1.835754</hAcc><vAcc>0.910155</vAcc></extensions></trkpt>
      <trkpt lon="-117.325438" lat="33.974242"><ele>328.767944</ele><time>2024-10-25T19:07:44Z</time><extensions><speed>0.271894</speed><course>32.433795</course><hAcc>1.848393</hAcc><vAcc>0.911434</vAcc></extensions></trkpt>
      <trkpt lon="-117.325437" lat="33.974243"><ele>328.748136</ele><time>2024-10-25T19:07:45Z</time><extensions><speed>0.173443</speed><course>45.560565</course><hAcc>1.855878</hAcc><vAcc>0.912607</vAcc></extensions></trkpt>
      <trkpt lon="-117.325435" lat="33.974244"><ele>328.734815</ele><time>2024-10-25T19:07:46Z</time><extensions><speed>0.117296</speed><course>62.517767</course><hAcc>1.850209</hAcc><vAcc>0.912860</vAcc></extensions></trkpt>
      <trkpt lon="-117.325434" lat="33.974244"><ele>328.720635</ele><time>2024-10-25T19:07:47Z</time><extensions><speed>0.088598</speed><course>78.990546</course><hAcc>1.836352</hAcc><vAcc>0.912654</vAcc></extensions></trkpt>
      <trkpt lon="-117.325433" lat="33.974245"><ele>328.719636</ele><time>2024-10-25T19:07:48Z</time><extensions><speed>0.085372</speed><course>72.355751</course><hAcc>1.815449</hAcc><vAcc>0.912495</vAcc></extensions></trkpt>
      <trkpt lon="-117.325432" lat="33.974245"><ele>328.725281</ele><time>2024-10-25T19:07:49Z</time><extensions><speed>0.075345</speed><course>67.731830</course><hAcc>1.810400</hAcc><vAcc>0.911984</vAcc></extensions></trkpt>
      <trkpt lon="-117.325432" lat="33.974245"><ele>328.725356</ele><time>2024-10-25T19:07:50Z</time><extensions><speed>0.080859</speed><course>48.636932</course><hAcc>1.807242</hAcc><vAcc>0.911622</vAcc></extensions></trkpt>
      <trkpt lon="-117.325431" lat="33.974246"><ele>328.724966</ele><time>2024-10-25T19:07:51Z</time><extensions><speed>0.132360</speed><course>26.556397</course><hAcc>1.775406</hAcc><vAcc>0.910680</vAcc></extensions></trkpt>
      <trkpt lon="-117.325430" lat="33.974247"><ele>328.724366</ele><time>2024-10-25T19:07:52Z</time><extensions><speed>0.195134</speed><course>15.319550</course><hAcc>1.749355</hAcc><vAcc>0.909080</vAcc></extensions></trkpt>
      <trkpt lon="-117.325430" lat="33.974249"><ele>328.734005</ele><time>2024-10-25T19:07:53Z</time><extensions><speed>0.136335</speed><course>20.842773</course><hAcc>1.763198</hAcc><vAcc>0.906277</vAcc></extensions></trkpt>
      <trkpt lon="-117.325429" lat="33.974250"><ele>328.751696</ele><time>2024-10-25T19:07:54Z</time><extensions><speed>0.084396</speed><course>40.560434</course><hAcc>1.783658</hAcc><vAcc>0.903961</vAcc></extensions></trkpt>
      <trkpt lon="-117.325429" lat="33.974250"><ele>328.772296</ele><time>2024-10-25T19:07:55Z</time><extensions><speed>0.081508</speed><course>41.027646</course><hAcc>1.760128</hAcc><vAcc>0.900199</vAcc></extensions></trkpt>
      <trkpt lon="-117.325428" lat="33.974251"><ele>328.796271</ele><time>2024-10-25T19:07:56Z</time><extensions><speed>0.056891</speed><course>21.715134</course><hAcc>1.748253</hAcc><vAcc>0.896506</vAcc></extensions></trkpt>
      <trkpt lon="-117.325428" lat="33.974251"><ele>328.817803</ele><time>2024-10-25T19:07:57Z</time><extensions><speed>0.086931</speed><course>313.073051</course><hAcc>1.751118</hAcc><vAcc>0.892556</vAcc></extensions></trkpt>
      <trkpt lon="-117.325430" lat="33.974252"><ele>328.839266</ele><time>2024-10-25T19:07:58Z</time><extensions><speed>0.181782</speed><course>276.335343</course><hAcc>1.767230</hAcc><vAcc>0.887329</vAcc></extensions></trkpt>
      <trkpt lon="-117.325431" lat="33.974251"><ele>328.857801</ele><time>2024-10-25T19:07:59Z</time><extensions><speed>0.158219</speed><course>256.879175</course><hAcc>1.775437</hAcc><vAcc>0.881974</vAcc></extensions></trkpt>
      <trkpt lon="-117.325432" lat="33.974251"><ele>328.876250</ele><time>2024-10-25T19:08:00Z</time><extensions><speed>0.017960</speed><course>182.216135</course><hAcc>1.768682</hAcc><vAcc>0.876415</vAcc></extensions></trkpt>
      <trkpt lon="-117.325432" lat="33.974251"><ele>328.890429</ele><time>2024-10-25T19:08:01Z</time><extensions><speed>0.056535</speed><course>67.655181</course><hAcc>1.759783</hAcc><vAcc>0.870220</vAcc></extensions></trkpt>
      <trkpt lon="-117.325432" lat="33.974252"><ele>328.896886</ele><time>2024-10-25T19:08:02Z</time><extensions><speed>0.078205</speed><course>24.086592</course><hAcc>1.748977</hAcc><vAcc>0.863854</vAcc></extensions></trkpt>
      <trkpt lon="-117.325431" lat="33.974253"><ele>328.892694</ele><time>2024-10-25T19:08:03Z</time><extensions><speed>0.128677</speed><course>14.667941</course><hAcc>1.742886</hAcc><vAcc>0.857546</vAcc></extensions></trkpt>
      <trkpt lon="-117.325431" lat="33.974254"><ele>328.884159</ele><time>2024-10-25T19:08:04Z</time><extensions><speed>0.165081</speed><course>21.507229</course><hAcc>1.738447</hAcc><vAcc>0.851201</vAcc></extensions></trkpt>
      <trkpt lon="-117.325430" lat="33.974255"><ele>328.879728</ele><time>2024-10-25T19:08:05Z</time><extensions><speed>0.159290</speed><course>18.662194</course><hAcc>1.722831</hAcc><vAcc>0.845349</vAcc></extensions></trkpt>
      <trkpt lon="-117.325429" lat="33.974256"><ele>328.867796</ele><time>2024-10-25T19:08:06Z</time><extensions><speed>0.148882</speed><course>32.042035</course><hAcc>1.708910</hAcc><vAcc>0.841032</vAcc></extensions></trkpt>
      <trkpt lon="-117.325429" lat="33.974257"><ele>328.850635</ele><time>2024-10-25T19:08:07Z</time><extensions><speed>0.103576</speed><course>33.982663</course><hAcc>1.689009</hAcc><vAcc>0.838055</vAcc></extensions></trkpt>
      <trkpt lon="-117.325428" lat="33.974258"><ele>328.829298</ele><time>2024-10-25T19:08:08Z</time><extensions><speed>0.044092</speed><course>10.218322</course><hAcc>1.685348</hAcc><vAcc>0.836044</vAcc></extensions></trkpt>
      <trkpt lon="-117.325428" lat="33.974258"><ele>328.804574</ele><time>2024-10-25T19:08:09Z</time><extensions><speed>0.055343</speed><course>18.238114</course><hAcc>1.708207</hAcc><vAcc>0.835336</vAcc></extensions></trkpt>
      <trkpt lon="-117.325428" lat="33.974259"><ele>328.770334</ele><time>2024-10-25T19:08:10Z</time><extensions><speed>0.044209</speed><course>4.181909</course><hAcc>1.690992</hAcc><vAcc>0.835447</vAcc></extensions></trkpt>
      <trkpt lon="-117.325428" lat="33.974259"><ele>328.725106</ele><time>2024-10-25T19:08:11Z</time><extensions><speed>0.022003</speed><course>324.934024</course><hAcc>1.682886</hAcc><vAcc>0.836752</vAcc></extensions></trkpt>
      <trkpt lon="-117.325428" lat="33.974259"><ele>328.677068</ele><time>2024-10-25T19:08:12Z</time><extensions><speed>0.007046</speed><course>271.289691</course><hAcc>1.687321</hAcc><vAcc>0.838567</vAcc></extensions></trkpt>
      <trkpt lon="-117.325428" lat="33.974259"><ele>328.619207</ele><time>2024-10-25T19:08:13Z</time><extensions><speed>0.044276</speed><course>209.900364</course><hAcc>1.685567</hAcc><vAcc>0.841805</vAcc></extensions></trkpt>
      <trkpt lon="-117.325428" lat="33.974259"><ele>328.554381</ele><time>2024-10-25T19:08:14Z</time><extensions><speed>0.047781</speed><course>187.566219</course><hAcc>1.683043</hAcc><vAcc>0.845823</vAcc></extensions></trkpt>
      <trkpt lon="-117.325428" lat="33.974258"><ele>328.479490</ele><time>2024-10-25T19:08:15Z</time><extensions><speed>0.047445</speed><course>187.366183</course><hAcc>1.681121</hAcc><vAcc>0.850844</vAcc></extensions></trkpt>
      <trkpt lon="-117.325428" lat="33.974258"><ele>328.408106</ele><time>2024-10-25T19:08:16Z</time><extensions><speed>0.012667</speed><course>105.478231</course><hAcc>1.698225</hAcc><vAcc>0.856449</vAcc></extensions></trkpt>
      <trkpt lon="-117.325428" lat="33.974258"><ele>328.334916</ele><time>2024-10-25T19:08:17Z</time><extensions><speed>0.047563</speed><course>31.991835</course><hAcc>1.731844</hAcc><vAcc>0.862134</vAcc></extensions></trkpt>
      <trkpt lon="-117.325428" lat="33.974259"><ele>328.261054</ele><time>2024-10-25T19:08:18Z</time><extensions><speed>0.082592</speed><course>20.048181</course><hAcc>1.731299</hAcc><vAcc>0.868389</vAcc></extensions></trkpt>
      <trkpt lon="-117.325428" lat="33.974260"><ele>328.186966</ele><time>2024-10-25T19:08:19Z</time><extensions><speed>0.101571</speed><course>7.663947</course><hAcc>1.746268</hAcc><vAcc>0.874529</vAcc></extensions></trkpt>
      <trkpt lon="-117.325428" lat="33.974261"><ele>328.113448</ele><time>2024-10-25T19:08:20Z</time><extensions><speed>0.113126</speed><course>347.013563</course><hAcc>1.774059</hAcc><vAcc>0.880772</vAcc></extensions></trkpt>
      <trkpt lon="-117.325428" lat="33.974262"><ele>328.041285</ele><time>2024-10-25T19:08:21Z</time><extensions><speed>0.153298</speed><course>353.698596</course><hAcc>1.806160</hAcc><vAcc>0.887317</vAcc></extensions></trkpt>
      <trkpt lon="-117.325428" lat="33.974263"><ele>327.971445</ele><time>2024-10-25T19:08:22Z</time><extensions><speed>0.182196</speed><course>355.092941</course><hAcc>1.826833</hAcc><vAcc>0.893878</vAcc></extensions></trkpt>
      <trkpt lon="-117.325428" lat="33.974265"><ele>327.904727</ele><time>2024-10-25T19:08:23Z</time><extensions><speed>0.211231</speed><course>5.606312</course><hAcc>1.840342</hAcc><vAcc>0.900682</vAcc></extensions></trkpt>
      <trkpt lon="-117.325428" lat="33.974267"><ele>327.841969</ele><time>2024-10-25T19:08:24Z</time><extensions><speed>0.213613</speed><course>10.548680</course><hAcc>1.837821</hAcc><vAcc>0.907707</vAcc></extensions></trkpt>
      <trkpt lon="-117.325427" lat="33.974269"><ele>327.783844</ele><time>2024-10-25T19:08:25Z</time><extensions><speed>0.197675</speed><course>13.936149</course><hAcc>1.827568</hAcc><vAcc>0.915018</vAcc></extensions></trkpt>
      <trkpt lon="-117.325427" lat="33.974271"><ele>327.768389</ele><time>2024-10-25T19:08:26Z</time><extensions><speed>0.180929</speed><course>19.000266</course><hAcc>1.830321</hAcc><vAcc>0.922365</vAcc></extensions></trkpt>
      <trkpt lon="-117.325426" lat="33.974272"><ele>327.764798</ele><time>2024-10-25T19:08:27Z</time><extensions><speed>0.127877</speed><course>21.213483</course><hAcc>1.855197</hAcc><vAcc>0.930832</vAcc></extensions></trkpt>
      <trkpt lon="-117.325425" lat="33.974273"><ele>327.766483</ele><time>2024-10-25T19:08:28Z</time><extensions><speed>0.111292</speed><course>21.822969</course><hAcc>1.858877</hAcc><vAcc>0.940446</vAcc></extensions></trkpt>
      <trkpt lon="-117.325425" lat="33.974275"><ele>327.772230</ele><time>2024-10-25T19:08:29Z</time><extensions><speed>0.134774</speed><course>20.828903</course><hAcc>1.844165</hAcc><vAcc>0.950258</vAcc></extensions></trkpt>
      <trkpt lon="-117.325424" lat="33.974276"><ele>327.793996</ele><time>2024-10-25T19:08:30Z</time><extensions><speed>0.156199</speed><course>19.378545</course><hAcc>1.858050</hAcc><vAcc>0.959605</vAcc></extensions></trkpt>
      <trkpt lon="-117.325424" lat="33.974278"><ele>327.821097</ele><time>2024-10-25T19:08:31Z</time><extensions><speed>0.184994</speed><course>18.042229</course><hAcc>1.891723</hAcc><vAcc>0.971112</vAcc></extensions></trkpt>
      <trkpt lon="-117.325423" lat="33.974279"><ele>327.851705</ele><time>2024-10-25T19:08:32Z</time><extensions><speed>0.223564</speed><course>17.511107</course><hAcc>1.928225</hAcc><vAcc>0.981638</vAcc></extensions></trkpt>
      <trkpt lon="-117.325422" lat="33.974281"><ele>327.887981</ele><time>2024-10-25T19:08:33Z</time><extensions><speed>0.273752</speed><course>17.027343</course><hAcc>1.960351</hAcc><vAcc>0.992205</vAcc></extensions></trkpt>
      <trkpt lon="-117.325421" lat="33.974284"><ele>327.929122</ele><time>2024-10-25T19:08:34Z</time><extensions><speed>0.331637</speed><course>16.538550</course><hAcc>1.985734</hAcc><vAcc>1.002633</vAcc></extensions></trkpt>
      <trkpt lon="-117.325420" lat="33.974287"><ele>327.974037</ele><time>2024-10-25T19:08:35Z</time><extensions><speed>0.381305</speed><course>15.857851</course><hAcc>2.002724</hAcc><vAcc>1.012185</vAcc></extensions></trkpt>
      <trkpt lon="-117.325419" lat="33.974291"><ele>328.021101</ele><time>2024-10-25T19:08:36Z</time><extensions><speed>0.393667</speed><course>14.504305</course><hAcc>2.008216</hAcc><vAcc>1.021259</vAcc></extensions></trkpt>
      <trkpt lon="-117.325418" lat="33.974294"><ele>328.068858</ele><time>2024-10-25T19:08:37Z</time><extensions><speed>0.363693</speed><course>13.598310</course><hAcc>2.006279</hAcc><vAcc>1.029226</vAcc></extensions></trkpt>
      <trkpt lon="-117.325417" lat="33.974297"><ele>328.115982</ele><time>2024-10-25T19:08:38Z</time><extensions><speed>0.296481</speed><course>9.945535</course><hAcc>2.000158</hAcc><vAcc>1.035712</vAcc></extensions></trkpt>
      <trkpt lon="-117.325417" lat="33.974299"><ele>328.161539</ele><time>2024-10-25T19:08:39Z</time><extensions><speed>0.247010</speed><course>15.856472</course><hAcc>2.002997</hAcc><vAcc>1.041134</vAcc></extensions></trkpt>
      <trkpt lon="-117.325416" lat="33.974301"><ele>328.204832</ele><time>2024-10-25T19:08:40Z</time><extensions><speed>0.186121</speed><course>24.557450</course><hAcc>2.008257</hAcc><vAcc>1.045084</vAcc></extensions></trkpt>
      <trkpt lon="-117.325415" lat="33.974302"><ele>328.245504</ele><time>2024-10-25T19:08:41Z</time><extensions><speed>0.125889</speed><course>36.265959</course><hAcc>2.008212</hAcc><vAcc>1.048360</vAcc></extensions></trkpt>
      <trkpt lon="-117.325414" lat="33.974303"><ele>328.283192</ele><time>2024-10-25T19:08:42Z</time><extensions><speed>0.084772</speed><course>49.265944</course><hAcc>1.996908</hAcc><vAcc>1.050530</vAcc></extensions></trkpt>
      <trkpt lon="-117.325414" lat="33.974303"><ele>328.317833</ele><time>2024-10-25T19:08:43Z</time><extensions><speed>0.065831</speed><course>58.427495</course><hAcc>1.991059</hAcc><vAcc>1.052003</vAcc></extensions></trkpt>
      <trkpt lon="-117.325413" lat="33.974304"><ele>328.349255</ele><time>2024-10-25T19:08:44Z</time><extensions><speed>0.050247</speed><course>64.023260</course><hAcc>1.982480</hAcc><vAcc>1.052243</vAcc></extensions></trkpt>
      <trkpt lon="-117.325413" lat="33.974304"><ele>328.377518</ele><time>2024-10-25T19:08:45Z</time><extensions><speed>0.037355</speed><course>67.560194</course><hAcc>1.969514</hAcc><vAcc>1.051395</vAcc></extensions></trkpt>
      <trkpt lon="-117.325412" lat="33.974304"><ele>328.402737</ele><time>2024-10-25T19:08:46Z</time><extensions><speed>0.027245</speed><course>69.856624</course><hAcc>1.955120</hAcc><vAcc>1.049670</vAcc></extensions></trkpt>
      <trkpt lon="-117.325412" lat="33.974304"><ele>328.425038</ele><time>2024-10-25T19:08:47Z</time><extensions><speed>0.018806</speed><course>71.385725</course><hAcc>1.946261</hAcc><vAcc>1.047157</vAcc></extensions></trkpt>
      <trkpt lon="-117.325412" lat="33.974304"><ele>328.444569</ele><time>2024-10-25T19:08:48Z</time><extensions><speed>0.012986</speed><course>72.416176</course><hAcc>1.943039</hAcc><vAcc>1.043914</vAcc></extensions></trkpt>
      <trkpt lon="-117.325412" lat="33.974304"><ele>328.461483</ele><time>2024-10-25T19:08:49Z</time><extensions><speed>0.008169</speed><course>73.113965</course><hAcc>1.952567</hAcc><vAcc>1.039877</vAcc></extensions></trkpt>
      <trkpt lon="-117.325412" lat="33.974304"><ele>328.476034</ele><time>2024-10-25T19:08:50Z</time><extensions><speed>0.005922</speed><course>73.588735</course><hAcc>1.948146</hAcc><vAcc>1.035401</vAcc></extensions></trkpt>
      <trkpt lon="-117.325412" lat="33.974304"><ele>328.488447</ele><time>2024-10-25T19:08:51Z</time><extensions><speed>0.005325</speed><course>73.844232</course><hAcc>1.931084</hAcc><vAcc>1.030746</vAcc></extensions></trkpt>
      <trkpt lon="-117.325412" lat="33.974304"><ele>328.498917</ele><time>2024-10-25T19:08:52Z</time><extensions><speed>0.003995</speed><course>73.971461</course><hAcc>1.939839</hAcc><vAcc>1.026028</vAcc></extensions></trkpt>
      <trkpt lon="-117.325411" lat="33.974304"><ele>328.507629</ele><time>2024-10-25T19:08:53Z</time><extensions><speed>0.003404</speed><course>74.044298</course><hAcc>1.938062</hAcc><vAcc>1.021312</vAcc></extensions></trkpt>
      <trkpt lon="-117.325411" lat="33.974304"><ele>328.514775</ele><time>2024-10-25T19:08:54Z</time><extensions><speed>0.002706</speed><course>74.083597</course><hAcc>1.941354</hAcc><vAcc>1.016773</vAcc></extensions></trkpt>
      <trkpt lon="-117.325411" lat="33.974304"><ele>328.520485</ele><time>2024-10-25T19:08:55Z</time><extensions><speed>0.002058</speed><course>74.107249</course><hAcc>1.947773</hAcc><vAcc>1.012101</vAcc></extensions></trkpt>
      <trkpt lon="-117.325411" lat="33.974304"><ele>328.524974</ele><time>2024-10-25T19:08:56Z</time><extensions><speed>0.001525</speed><course>74.122519</course><hAcc>1.951209</hAcc><vAcc>1.007727</vAcc></extensions></trkpt>
      <trkpt lon="-117.325411" lat="33.974304"><ele>328.528432</ele><time>2024-10-25T19:08:57Z</time><extensions><speed>0.001110</speed><course>74.132812</course><hAcc>1.950072</hAcc><vAcc>1.004169</vAcc></extensions></trkpt>
      <trkpt lon="-117.325411" lat="33.974304"><ele>328.530989</ele><time>2024-10-25T19:08:58Z</time><extensions><speed>0.000795</speed><course>74.139963</course><hAcc>1.945567</hAcc><vAcc>1.001512</vAcc></extensions></trkpt>
      <trkpt lon="-117.325411" lat="33.974304"><ele>328.539236</ele><time>2024-10-25T19:08:59Z</time><extensions><speed>0.007475</speed><course>176.395940</course><hAcc>1.939040</hAcc><vAcc>1.000327</vAcc></extensions></trkpt>
      <trkpt lon="-117.325411" lat="33.974304"><ele>328.551738</ele><time>2024-10-25T19:09:00Z</time><extensions><speed>0.016914</speed><course>179.070809</course><hAcc>1.931456</hAcc><vAcc>1.000243</vAcc></extensions></trkpt>
      <trkpt lon="-117.325411" lat="33.974303"><ele>328.560373</ele><time>2024-10-25T19:09:01Z</time><extensions><speed>0.027866</speed><course>178.650141</course><hAcc>1.923114</hAcc><vAcc>1.001162</vAcc></extensions></trkpt>
      <trkpt lon="-117.325411" lat="33.974303"><ele>328.570405</ele><time>2024-10-25T19:09:02Z</time><extensions><speed>0.042112</speed><course>177.510133</course><hAcc>1.915850</hAcc><vAcc>1.002764</vAcc></extensions></trkpt>
      <trkpt lon="-117.325411" lat="33.974303"><ele>328.578691</ele><time>2024-10-25T19:09:03Z</time><extensions><speed>0.060607</speed><course>176.975680</course><hAcc>1.911009</hAcc><vAcc>1.005638</vAcc></extensions></trkpt>
      <trkpt lon="-117.325411" lat="33.974302"><ele>328.590307</ele><time>2024-10-25T19:09:04Z</time><extensions><speed>0.085518</speed><course>176.638709</course><hAcc>1.909004</hAcc><vAcc>1.009218</vAcc></extensions></trkpt>
      <trkpt lon="-117.325411" lat="33.974301"><ele>328.603314</ele><time>2024-10-25T19:09:05Z</time><extensions><speed>0.117789</speed><course>176.581522</course><hAcc>1.913234</hAcc><vAcc>1.013401</vAcc></extensions></trkpt>
      <trkpt lon="-117.325411" lat="33.974300"><ele>328.618937</ele><time>2024-10-25T19:09:06Z</time><extensions><speed>0.155684</speed><course>176.726124</course><hAcc>1.926118</hAcc><vAcc>1.017607</vAcc></extensions></trkpt>
      <trkpt lon="-117.325411" lat="33.974298"><ele>328.655285</ele><time>2024-10-25T19:09:07Z</time><extensions><speed>0.198246</speed><course>177.153241</course><hAcc>1.942821</hAcc><vAcc>1.023590</vAcc></extensions></trkpt>
      <trkpt lon="-117.325411" lat="33.974296"><ele>328.698773</ele><time>2024-10-25T19:09:08Z</time><extensions><speed>0.245527</speed><course>178.228039</course><hAcc>1.953890</hAcc><vAcc>1.030961</vAcc></extensions></trkpt>
      <trkpt lon="-117.325411" lat="33.974294"><ele>328.747203</ele><time>2024-10-25T19:09:09Z</time><extensions><speed>0.267617</speed><course>180.288801</course><hAcc>1.960597</hAcc><vAcc>1.039796</vAcc></extensions></trkpt>
      <trkpt lon="-117.325411" lat="33.974291"><ele>328.787561</ele><time>2024-10-25T19:09:10Z</time><extensions><speed>0.252249</speed><course>182.575702</course><hAcc>1.967663</hAcc><vAcc>1.049822</vAcc></extensions></trkpt>
      <trkpt lon="-117.325411" lat="33.974289"><ele>328.830126</ele><time>2024-10-25T19:09:11Z</time><extensions><speed>0.214538</speed><course>182.049587</course><hAcc>1.975385</hAcc><vAcc>1.059210</vAcc></extensions></trkpt>
      <trkpt lon="-117.325411" lat="33.974287"><ele>328.882628</ele><time>2024-10-25T19:09:12Z</time><extensions><speed>0.213595</speed><course>188.628821</course><hAcc>1.975973</hAcc><vAcc>1.066636</vAcc></extensions></trkpt>
      <trkpt lon="-117.325411" lat="33.974285"><ele>328.942125</ele><time>2024-10-25T19:09:13Z</time><extensions><speed>0.195828</speed><course>189.894261</course><hAcc>1.976871</hAcc><vAcc>1.073051</vAcc></extensions></trkpt>
      <trkpt lon="-117.325412" lat="33.974284"><ele>329.002008</ele><time>2024-10-25T19:09:14Z</time><extensions><speed>0.199771</speed><course>193.705726</course><hAcc>1.974261</hAcc><vAcc>1.079715</vAcc></extensions></trkpt>
      <trkpt lon="-117.325412" lat="33.974282"><ele>329.061954</ele><time>2024-10-25T19:09:15Z</time><extensions><speed>0.216795</speed><course>197.992942</course><hAcc>1.965768</hAcc><vAcc>1.086884</vAcc></extensions></trkpt>
      <trkpt lon="-117.325414" lat="33.974280"><ele>329.125849</ele><time>2024-10-25T19:09:16Z</time><extensions><speed>0.301367</speed><course>205.144296</course><hAcc>1.941721</hAcc><vAcc>1.094878</vAcc></extensions></trkpt>
      <trkpt lon="-117.325415" lat="33.974277"><ele>329.186458</ele><time>2024-10-25T19:09:17Z</time><extensions><speed>0.410269</speed><course>208.421060</course><hAcc>1.910196</hAcc><vAcc>1.104859</vAcc></extensions></trkpt>
      <trkpt lon="-117.325417" lat="33.974274"><ele>329.246105</ele><time>2024-10-25T19:09:18Z</time><extensions><speed>0.324084</speed><course>206.577393</course><hAcc>1.887399</hAcc><vAcc>1.116378</vAcc></extensions></trkpt>
      <trkpt lon="-117.325418" lat="33.974272"><ele>329.304133</ele><time>2024-10-25T19:09:19Z</time><extensions><speed>0.187258</speed><course>201.518220</course><hAcc>1.895105</hAcc><vAcc>1.129443</vAcc></extensions></trkpt>
      <trkpt lon="-117.325419" lat="33.974270"><ele>329.360133</ele><time>2024-10-25T19:09:20Z</time><extensions><speed>0.058499</speed><course>189.875337</course><hAcc>1.948340</hAcc><vAcc>1.144301</vAcc></extensions></trkpt>
      <trkpt lon="-117.325419" lat="33.974270"><ele>329.413817</ele><time>2024-10-25T19:09:21Z</time><extensions><speed>0.035770</speed><course>187.680988</course><hAcc>1.950768</hAcc><vAcc>1.160388</vAcc></extensions></trkpt>
      <trkpt lon="-117.325419" lat="33.974269"><ele>329.464852</ele><time>2024-10-25T19:09:22Z</time><extensions><speed>0.086637</speed><course>199.191007</course><hAcc>1.886523</hAcc><vAcc>1.177930</vAcc></extensions></trkpt>
      <trkpt lon="-117.325419" lat="33.974269"><ele>329.512936</ele><time>2024-10-25T19:09:23Z</time><extensions><speed>0.100186</speed><course>196.898263</course><hAcc>1.879773</hAcc><vAcc>1.197069</vAcc></extensions></trkpt>
      <trkpt lon="-117.325419" lat="33.974268"><ele>329.557722</ele><time>2024-10-25T19:09:24Z</time><extensions><speed>0.065583</speed><course>186.016967</course><hAcc>1.943837</hAcc><vAcc>1.216582</vAcc></extensions></trkpt>
      <trkpt lon="-117.325420" lat="33.974267"><ele>329.584832</ele><time>2024-10-25T19:09:25Z</time><extensions><speed>0.069726</speed><course>190.071618</course><hAcc>1.967839</hAcc><vAcc>1.236539</vAcc></extensions></trkpt>
      <trkpt lon="-117.325420" lat="33.974267"><ele>329.599615</ele><time>2024-10-25T19:09:26Z</time><extensions><speed>0.114870</speed><course>203.128662</course><hAcc>1.958081</hAcc><vAcc>1.256415</vAcc></extensions></trkpt>
      <trkpt lon="-117.325421" lat="33.974266"><ele>329.626033</ele><time>2024-10-25T19:09:27Z</time><extensions><speed>0.096300</speed><course>208.281068</course><hAcc>2.008895</hAcc><vAcc>1.277373</vAcc></extensions></trkpt>
      <trkpt lon="-117.325421" lat="33.974265"><ele>329.643853</ele><time>2024-10-25T19:09:28Z</time><extensions><speed>0.033858</speed><course>211.396147</course><hAcc>2.080586</hAcc><vAcc>1.297574</vAcc></extensions></trkpt>
      <trkpt lon="-117.325422" lat="33.974265"><ele>329.643377</ele><time>2024-10-25T19:09:29Z</time><extensions><speed>0.025982</speed><course>230.394072</course><hAcc>2.079377</hAcc><vAcc>1.317233</vAcc></extensions></trkpt>
      <trkpt lon="-117.325422" lat="33.974265"><ele>329.647279</ele><time>2024-10-25T19:09:30Z</time><extensions><speed>0.026200</speed><course>257.107472</course><hAcc>2.083064</hAcc><vAcc>1.336337</vAcc></extensions></trkpt>
      <trkpt lon="-117.325422" lat="33.974265"><ele>329.644607</ele><time>2024-10-25T19:09:31Z</time><extensions><speed>0.032837</speed><course>276.953967</course><hAcc>2.098502</hAcc><vAcc>1.350355</vAcc></extensions></trkpt>
      <trkpt lon="-117.325423" lat="33.974265"><ele>329.639650</ele><time>2024-10-25T19:09:32Z</time><extensions><speed>0.043904</speed><course>287.585713</course><hAcc>2.118227</hAcc><vAcc>1.364148</vAcc></extensions></trkpt>
      <trkpt lon="-117.325423" lat="33.974266"><ele>329.641877</ele><time>2024-10-25T19:09:33Z</time><extensions><speed>0.058882</speed><course>290.536713</course><hAcc>2.137327</hAcc><vAcc>1.376130</vAcc></extensions></trkpt>
      <trkpt lon="-117.325424" lat="33.974266"><ele>329.636328</ele><time>2024-10-25T19:09:34Z</time><extensions><speed>0.080284</speed><course>286.962631</course><hAcc>2.141069</hAcc><vAcc>1.382583</vAcc></extensions></trkpt>
      <trkpt lon="-117.325425" lat="33.974266"><ele>329.619187</ele><time>2024-10-25T19:09:35Z</time><extensions><speed>0.128679</speed><course>277.191215</course><hAcc>2.112494</hAcc><vAcc>1.386863</vAcc></extensions></trkpt>
      <trkpt lon="-117.325427" lat="33.974266"><ele>329.588413</ele><time>2024-10-25T19:09:36Z</time><extensions><speed>0.122866</speed><course>272.670040</course><hAcc>2.116269</hAcc><vAcc>1.383194</vAcc></extensions></trkpt>
      <trkpt lon="-117.325428" lat="33.974266"><ele>329.568142</ele><time>2024-10-25T19:09:37Z</time><extensions><speed>0.108583</speed><course>267.510360</course><hAcc>2.142714</hAcc><vAcc>1.372575</vAcc></extensions></trkpt>
      <trkpt lon="-117.325429" lat="33.974266"><ele>329.549461</ele><time>2024-10-25T19:09:38Z</time><extensions><speed>0.044831</speed><course>277.519697</course><hAcc>2.193351</hAcc><vAcc>1.368750</vAcc></extensions></trkpt>
      <trkpt lon="-117.325429" lat="33.974266"><ele>329.526733</ele><time>2024-10-25T19:09:39Z</time><extensions><speed>0.032824</speed><course>276.531517</course><hAcc>2.181413</hAcc><vAcc>1.363217</vAcc></extensions></trkpt>
      <trkpt lon="-117.325429" lat="33.974266"><ele>329.502601</ele><time>2024-10-25T19:09:40Z</time><extensions><speed>0.035177</speed><course>259.422002</course><hAcc>2.151605</hAcc><vAcc>1.350326</vAcc></extensions></trkpt>
      <trkpt lon="-117.325430" lat="33.974266"><ele>329.479480</ele><time>2024-10-25T19:09:41Z</time><extensions><speed>0.020484</speed><course>245.013053</course><hAcc>2.159302</hAcc><vAcc>1.338614</vAcc></extensions></trkpt>
      <trkpt lon="-117.325430" lat="33.974266"><ele>329.456656</ele><time>2024-10-25T19:09:42Z</time><extensions><speed>0.030630</speed><course>219.652739</course><hAcc>2.144992</hAcc><vAcc>1.324779</vAcc></extensions></trkpt>
      <trkpt lon="-117.325430" lat="33.974265"><ele>329.448284</ele><time>2024-10-25T19:09:43Z</time><extensions><speed>0.080155</speed><course>214.523913</course><hAcc>2.096590</hAcc><vAcc>1.309523</vAcc></extensions></trkpt>
      <trkpt lon="-117.325431" lat="33.974264"><ele>329.443131</ele><time>2024-10-25T19:09:44Z</time><extensions><speed>0.078506</speed><course>208.956593</course><hAcc>2.089953</hAcc><vAcc>1.291446</vAcc></extensions></trkpt>
      <trkpt lon="-117.325431" lat="33.974264"><ele>329.438832</ele><time>2024-10-25T19:09:45Z</time><extensions><speed>0.056942</speed><course>200.396547</course><hAcc>2.095825</hAcc><vAcc>1.271524</vAcc></extensions></trkpt>
      <trkpt lon="-117.325431" lat="33.974263"><ele>329.434679</ele><time>2024-10-25T19:09:46Z</time><extensions><speed>0.068833</speed><course>198.807357</course><hAcc>2.058436</hAcc><vAcc>1.252480</vAcc></extensions></trkpt>
      <trkpt lon="-117.325432" lat="33.974262"><ele>329.431257</ele><time>2024-10-25T19:09:47Z</time><extensions><speed>0.093114</speed><course>202.280682</course><hAcc>2.006850</hAcc><vAcc>1.234183</vAcc></extensions></trkpt>
      <trkpt lon="-117.325432" lat="33.974261"><ele>329.429156</ele><time>2024-10-25T19:09:48Z</time><extensions><speed>0.083245</speed><course>200.132710</course><hAcc>1.981702</hAcc><vAcc>1.215704</vAcc></extensions></trkpt>
      <trkpt lon="-117.325432" lat="33.974261"><ele>329.428245</ele><time>2024-10-25T19:09:49Z</time><extensions><speed>0.059824</speed><course>195.672625</course><hAcc>1.978027</hAcc><vAcc>1.197981</vAcc></extensions></trkpt>
      <trkpt lon="-117.325433" lat="33.974260"><ele>329.428732</ele><time>2024-10-25T19:09:50Z</time><extensions><speed>0.058001</speed><course>194.556544</course><hAcc>1.957798</hAcc><vAcc>1.180576</vAcc></extensions></trkpt>
      <trkpt lon="-117.325433" lat="33.974260"><ele>329.421433</ele><time>2024-10-25T19:09:51Z</time><extensions><speed>0.060953</speed><course>196.361308</course><hAcc>1.929467</hAcc><vAcc>1.163938</vAcc></extensions></trkpt>
      <trkpt lon="-117.325433" lat="33.974259"><ele>329.416088</ele><time>2024-10-25T19:09:52Z</time><extensions><speed>0.065964</speed><course>198.773003</course><hAcc>1.899764</hAcc><vAcc>1.148862</vAcc></extensions></trkpt>
      <trkpt lon="-117.325433" lat="33.974259"><ele>329.412006</ele><time>2024-10-25T19:09:53Z</time><extensions><speed>0.068931</speed><course>201.969004</course><hAcc>1.870545</hAcc><vAcc>1.137202</vAcc></extensions></trkpt>
      <trkpt lon="-117.325433" lat="33.974258"><ele>329.408730</ele><time>2024-10-25T19:09:54Z</time><extensions><speed>0.052060</speed><course>204.352648</course><hAcc>1.852876</hAcc><vAcc>1.129558</vAcc></extensions></trkpt>
      <trkpt lon="-117.325434" lat="33.974258"><ele>329.405543</ele><time>2024-10-25T19:09:55Z</time><extensions><speed>0.034105</speed><course>210.878303</course><hAcc>1.837735</hAcc><vAcc>1.124531</vAcc></extensions></trkpt>
      <trkpt lon="-117.325434" lat="33.974258"><ele>329.401999</ele><time>2024-10-25T19:09:56Z</time><extensions><speed>0.017782</speed><course>231.848261</course><hAcc>1.824647</hAcc><vAcc>1.120355</vAcc></extensions></trkpt>
      <trkpt lon="-117.325434" lat="33.974258"><ele>329.386880</ele><time>2024-10-25T19:09:57Z</time><extensions><speed>0.008736</speed><course>301.706426</course><hAcc>1.815501</hAcc><vAcc>1.117643</vAcc></extensions></trkpt>
      <trkpt lon="-117.325434" lat="33.974258"><ele>329.360914</ele><time>2024-10-25T19:09:58Z</time><extensions><speed>0.020782</speed><course>353.110700</course><hAcc>1.808724</hAcc><vAcc>1.114299</vAcc></extensions></trkpt>
      <trkpt lon="-117.325434" lat="33.974258"><ele>329.339561</ele><time>2024-10-25T19:09:59Z</time><extensions><speed>0.032229</speed><course>2.031902</course><hAcc>1.802391</hAcc><vAcc>1.113643</vAcc></extensions></trkpt>
      <trkpt lon="-117.325434" lat="33.974259"><ele>329.304189</ele><time>2024-10-25T19:10:00Z</time><extensions><speed>0.040949</speed><course>4.579396</course><hAcc>1.793634</hAcc><vAcc>1.112435</vAcc></extensions></trkpt>
      <trkpt lon="-117.325434" lat="33.974259"><ele>329.277643</ele><time>2024-10-25T19:10:01Z</time><extensions><speed>0.042652</speed><course>357.158721</course><hAcc>1.787717</hAcc><vAcc>1.112845</vAcc></extensions></trkpt>
      <trkpt lon="-117.325434" lat="33.974259"><ele>329.250639</ele><time>2024-10-25T19:10:02Z</time><extensions><speed>0.032877</speed><course>15.266030</course><hAcc>1.828410</hAcc><vAcc>1.111197</vAcc></extensions></trkpt>
      <trkpt lon="-117.325433" lat="33.974260"><ele>329.233972</ele><time>2024-10-25T19:10:03Z</time><extensions><speed>0.025695</speed><course>29.599932</course><hAcc>1.852981</hAcc><vAcc>1.105596</vAcc></extensions></trkpt>
      <trkpt lon="-117.325433" lat="33.974260"><ele>329.222006</ele><time>2024-10-25T19:10:04Z</time><extensions><speed>0.030940</speed><course>45.267133</course><hAcc>1.851969</hAcc><vAcc>1.104408</vAcc></extensions></trkpt>
      <trkpt lon="-117.325433" lat="33.974260"><ele>329.201881</ele><time>2024-10-25T19:10:05Z</time><extensions><speed>0.030028</speed><course>62.878955</course><hAcc>1.875615</hAcc><vAcc>1.102983</vAcc></extensions></trkpt>
      <trkpt lon="-117.325433" lat="33.974260"><ele>329.182305</ele><time>2024-10-25T19:10:06Z</time><extensions><speed>0.026986</speed><course>81.239334</course><hAcc>1.909710</hAcc><vAcc>1.099636</vAcc></extensions></trkpt>
      <trkpt lon="-117.325432" lat="33.974260"><ele>329.163551</ele><time>2024-10-25T19:10:07Z</time><extensions><speed>0.016485</speed><course>107.587020</course><hAcc>1.929611</hAcc><vAcc>1.094863</vAcc></extensions></trkpt>
      <trkpt lon="-117.325432" lat="33.974260"><ele>329.145846</ele><time>2024-10-25T19:10:08Z</time><extensions><speed>0.017700</speed><course>216.182179</course><hAcc>1.936425</hAcc><vAcc>1.089942</vAcc></extensions></trkpt>
      <trkpt lon="-117.325433" lat="33.974260"><ele>329.129657</ele><time>2024-10-25T19:10:09Z</time><extensions><speed>0.047407</speed><course>248.138078</course><hAcc>1.950280</hAcc><vAcc>1.083769</vAcc></extensions></trkpt>
      <trkpt lon="-117.325433" lat="33.974260"><ele>329.116276</ele><time>2024-10-25T19:10:10Z</time><extensions><speed>0.035264</speed><course>284.284422</course><hAcc>1.981002</hAcc><vAcc>1.076295</vAcc></extensions></trkpt>
      <trkpt lon="-117.325433" lat="33.974260"><ele>329.103468</ele><time>2024-10-25T19:10:11Z</time><extensions><speed>0.033221</speed><course>305.336559</course><hAcc>1.972336</hAcc><vAcc>1.068002</vAcc></extensions></trkpt>
      <trkpt lon="-117.325433" lat="33.974260"><ele>329.092404</ele><time>2024-10-25T19:10:12Z</time><extensions><speed>0.010897</speed><course>332.319682</course><hAcc>1.953825</hAcc><vAcc>1.059081</vAcc></extensions></trkpt>
      <trkpt lon="-117.325433" lat="33.974260"><ele>329.082884</ele><time>2024-10-25T19:10:13Z</time><extensions><speed>0.025730</speed><course>134.480287</course><hAcc>1.917632</hAcc><vAcc>1.050296</vAcc></extensions></trkpt>
      <trkpt lon="-117.325432" lat="33.974260"><ele>329.074720</ele><time>2024-10-25T19:10:14Z</time><extensions><speed>0.060511</speed><course>142.950801</course><hAcc>1.884770</hAcc><vAcc>1.041657</vAcc></extensions></trkpt>
      <trkpt lon="-117.325431" lat="33.974259"><ele>329.069303</ele><time>2024-10-25T19:10:15Z</time><extensions><speed>0.066564</speed><course>121.706159</course><hAcc>1.883167</hAcc><vAcc>1.032908</vAcc></extensions></trkpt>
      <trkpt lon="-117.325431" lat="33.974259"><ele>329.055049</ele><time>2024-10-25T19:10:16Z</time><extensions><speed>0.079884</speed><course>115.111315</course><hAcc>1.858166</hAcc><vAcc>1.024433</vAcc></extensions></trkpt>
      <trkpt lon="-117.325429" lat="33.974259"><ele>329.042179</ele><time>2024-10-25T19:10:17Z</time><extensions><speed>0.096775</speed><course>113.186705</course><hAcc>1.823516</hAcc><vAcc>1.017893</vAcc></extensions></trkpt>
      <trkpt lon="-117.325428" lat="33.974258"><ele>329.034546</ele><time>2024-10-25T19:10:18Z</time><extensions><speed>0.117319</speed><course>112.910446</course><hAcc>1.789846</hAcc><vAcc>1.013073</vAcc></extensions></trkpt>
      <trkpt lon="-117.325427" lat="33.974258"><ele>329.047299</ele><time>2024-10-25T19:10:19Z</time><extensions><speed>0.142583</speed><course>113.946302</course><hAcc>1.748239</hAcc><vAcc>1.009006</vAcc></extensions></trkpt>
      <trkpt lon="-117.325425" lat="33.974257"><ele>329.079400</ele><time>2024-10-25T19:10:20Z</time><extensions><speed>0.176217</speed><course>116.289342</course><hAcc>1.698742</hAcc><vAcc>1.004626</vAcc></extensions></trkpt>
      <trkpt lon="-117.325424" lat="33.974257"><ele>329.103262</ele><time>2024-10-25T19:10:21Z</time><extensions><speed>0.103574</speed><course>111.233920</course><hAcc>1.720216</hAcc><vAcc>1.000809</vAcc></extensions></trkpt>
      <trkpt lon="-117.325423" lat="33.974256"><ele>329.129771</ele><time>2024-10-25T19:10:22Z</time><extensions><speed>0.076046</speed><course>106.340400</course><hAcc>1.727175</hAcc><vAcc>0.997613</vAcc></extensions></trkpt>
      <trkpt lon="-117.325422" lat="33.974256"><ele>329.146850</ele><time>2024-10-25T19:10:23Z</time><extensions><speed>0.057592</speed><course>101.906264</course><hAcc>1.734689</hAcc><vAcc>1.009414</vAcc></extensions></trkpt>
      <trkpt lon="-117.325422" lat="33.974256"><ele>329.166366</ele><time>2024-10-25T19:10:24Z</time><extensions><speed>0.062798</speed><course>99.780730</course><hAcc>1.723542</hAcc><vAcc>1.028598</vAcc></extensions></trkpt>
      <trkpt lon="-117.325421" lat="33.974256"><ele>329.188268</ele><time>2024-10-25T19:10:25Z</time><extensions><speed>0.084691</speed><course>105.718769</course><hAcc>1.705122</hAcc><vAcc>1.057291</vAcc></extensions></trkpt>
      <trkpt lon="-117.325420" lat="33.974256"><ele>329.212453</ele><time>2024-10-25T19:10:26Z</time><extensions><speed>0.062476</speed><course>102.712104</course><hAcc>1.775999</hAcc><vAcc>1.097834</vAcc></extensions></trkpt>
      <trkpt lon="-117.325420" lat="33.974256"><ele>329.238728</ele><time>2024-10-25T19:10:27Z</time><extensions><speed>0.044539</speed><course>118.316598</course><hAcc>1.835660</hAcc><vAcc>1.152643</vAcc></extensions></trkpt>
      <trkpt lon="-117.325419" lat="33.974255"><ele>329.266724</ele><time>2024-10-25T19:10:28Z</time><extensions><speed>0.050704</speed><course>171.024891</course><hAcc>1.876233</hAcc><vAcc>1.224062</vAcc></extensions></trkpt>
      <trkpt lon="-117.325419" lat="33.974255"><ele>329.295882</ele><time>2024-10-25T19:10:29Z</time><extensions><speed>0.097081</speed><course>204.521015</course><hAcc>1.958765</hAcc><vAcc>1.314258</vAcc></extensions></trkpt>
      <trkpt lon="-117.325420" lat="33.974254"><ele>329.325577</ele><time>2024-10-25T19:10:30Z</time><extensions><speed>0.094617</speed><course>211.538863</course><hAcc>2.138513</hAcc><vAcc>1.425133</vAcc></extensions></trkpt>
      <trkpt lon="-117.325420" lat="33.974253"><ele>329.355335</ele><time>2024-10-25T19:10:31Z</time><extensions><speed>0.026231</speed><course>201.474838</course><hAcc>2.371505</hAcc><vAcc>1.558193</vAcc></extensions></trkpt>
      <trkpt lon="-117.325420" lat="33.974253"><ele>329.384968</ele><time>2024-10-25T19:10:32Z</time><extensions><speed>0.008957</speed><course>189.011895</course><hAcc>2.597250</hAcc><vAcc>1.714438</vAcc></extensions></trkpt>
    </trkseg>
  </trk>
</gpx>