<?xml version="1.0" encoding="UTF-8"?>
<gpx version="1.1" creator="Apple Health Export" xmlns="http://www.topografix.com/GPX/1/1" xmlns:xsi="http://www.w3.org/2001/XMLSchema-instance" xsi:schemaLocation="http://www.topografix.com/GPX/1/1 http://www.topografix.com/GPX/1/1/gpx.xsd">
  <metadata>
    <time>2026-01-11T07:57:35Z</time>
  </metadata>
  <trk>
    <name>Route 2024-12-02 10:06am</name>
    <trkseg>
      <trkpt lon="-117.330972" lat="33.970495"><ele>0.000000</ele><time>2024-12-02T17:44:17Z</time><extensions><speed>1.247688</speed><course>67.540563</course><hAcc>3.938047</hAcc><vAcc>-1.000000</vAcc></extensions></trkpt>
      <trkpt lon="-117.330960" lat="33.970499"><ele>0.000000</ele><time>2024-12-02T17:44:18Z</time><extensions><speed>1.152335</speed><course>70.258914</course><hAcc>2.978113</hAcc><vAcc>-1.000000</vAcc></extensions></trkpt>
      <trkpt lon="-117.330949" lat="33.970502"><ele>0.000000</ele><time>2024-12-02T17:44:19Z</time><extensions><speed>1.025197</speed><course>74.799825</course><hAcc>2.438386</hAcc><vAcc>-1.000000</vAcc></extensions></trkpt>
      <trkpt lon="-117.330939" lat="33.970504"><ele>0.000000</ele><time>2024-12-02T17:44:20Z</time><extensions><speed>0.900799</speed><course>80.297129</course><hAcc>2.161321</hAcc><vAcc>-1.000000</vAcc></extensions></trkpt>
      <trkpt lon="-117.330930" lat="33.970505"><ele>0.000000</ele><time>2024-12-02T17:44:21Z</time><extensions><speed>0.775369</speed><course>86.067021</course><hAcc>2.014392</hAcc><vAcc>-1.000000</vAcc></extensions></trkpt>
      <trkpt lon="-117.330922" lat="33.970505"><ele>0.000000</ele><time>2024-12-02T17:44:22Z</time><extensions><speed>0.640840</speed><course>92.420505</course><hAcc>1.943583</hAcc><vAcc>-1.000000</vAcc></extensions></trkpt>
      <trkpt lon="-117.330915" lat="33.970505"><ele>0.000000</ele><time>2024-12-02T17:44:23Z</time><extensions><speed>0.606057</speed><course>93.110496</course><hAcc>1.927305</hAcc><vAcc>-1.000000</vAcc></extensions></trkpt>
      <trkpt lon="-117.330908" lat="33.970505"><ele>0.000000</ele><time>2024-12-02T17:44:24Z</time><extensions><speed>0.721425</speed><course>85.039033</course><hAcc>1.933767</hAcc><vAcc>-1.000000</vAcc></extensions></trkpt>
      <trkpt lon="-117.330899" lat="33.970506"><ele>0.000000</ele><time>2024-12-02T17:44:25Z</time><extensions><speed>0.965911</speed><course>76.144573</course><hAcc>1.933267</hAcc><vAcc>-1.000000</vAcc></extensions></trkpt>
      <trkpt lon="-117.330888" lat="33.970509"><ele>0.000000</ele><time>2024-12-02T17:44:26Z</time><extensions><speed>1.301944</speed><course>69.148981</course><hAcc>1.939056</hAcc><vAcc>-1.000000</vAcc></extensions></trkpt>
      <trkpt lon="-117.330873" lat="33.970515"><ele>0.000000</ele><time>2024-12-02T17:44:27Z</time><extensions><speed>1.515186</speed><course>64.880988</course><hAcc>1.948050</hAcc><vAcc>-1.000000</vAcc></extensions></trkpt>
      <trkpt lon="-117.330858" lat="33.970521"><ele>0.000000</ele><time>2024-12-02T17:44:28Z</time><extensions><speed>1.551881</speed><course>62.215597</course><hAcc>1.937959</hAcc><vAcc>-1.000000</vAcc></extensions></trkpt>
      <trkpt lon="-117.330844" lat="33.970527"><ele>0.000000</ele><time>2024-12-02T17:44:29Z</time><extensions><speed>1.530417</speed><course>60.018773</course><hAcc>1.920701</hAcc><vAcc>-1.000000</vAcc></extensions></trkpt>
      <trkpt lon="-117.330830" lat="33.970534"><ele>0.000000</ele><time>2024-12-02T17:44:30Z</time><extensions><speed>1.484822</speed><course>58.113037</course><hAcc>1.897417</hAcc><vAcc>-1.000000</vAcc></extensions></trkpt>
      <trkpt lon="-117.330817" lat="33.970541"><ele>0.000000</ele><time>2024-12-02T17:44:31Z</time><extensions><speed>1.422798</speed><course>56.908919</course><hAcc>1.855654</hAcc><vAcc>-1.000000</vAcc></extensions></trkpt>
      <trkpt lon="-117.330804" lat="33.970548"><ele>0.000000</ele><time>2024-12-02T17:44:32Z</time><extensions><speed>1.386568</speed><course>56.230197</course><hAcc>1.820619</hAcc><vAcc>-1.000000</vAcc></extensions></trkpt>
      <trkpt lon="-117.330792" lat="33.970555"><ele>0.000000</ele><time>2024-12-02T17:44:33Z</time><extensions><speed>1.368094</speed><course>55.862047</course><hAcc>1.828563</hAcc><vAcc>-1.000000</vAcc></extensions></trkpt>
      <trkpt lon="-117.330779" lat="33.970562"><ele>0.000000</ele><time>2024-12-02T17:44:34Z</time><extensions><speed>1.347455</speed><course>55.555400</course><hAcc>1.870592</hAcc><vAcc>-1.000000</vAcc></extensions></trkpt>
      <trkpt lon="-117.330768" lat="33.970569"><ele>0.000000</ele><time>2024-12-02T17:44:35Z</time><extensions><speed>1.320833</speed><course>55.050070</course><hAcc>1.907263</hAcc><vAcc>-1.000000</vAcc></extensions></trkpt>
      <trkpt lon="-117.330756" lat="33.970576"><ele>0.000000</ele><time>2024-12-02T17:44:36Z</time><extensions><speed>1.292855</speed><course>54.574199</course><hAcc>1.942218</hAcc><vAcc>-1.000000</vAcc></extensions></trkpt>
      <trkpt lon="-117.330745" lat="33.970583"><ele>0.000000</ele><time>2024-12-02T17:44:37Z</time><extensions><speed>1.258603</speed><course>54.224284</course><hAcc>1.987732</hAcc><vAcc>-1.000000</vAcc></extensions></trkpt>
      <trkpt lon="-117.330734" lat="33.970589"><ele>0.000000</ele><time>2024-12-02T17:44:38Z</time><extensions><speed>1.217746</speed><course>54.104546</course><hAcc>2.036142</hAcc><vAcc>-1.000000</vAcc></extensions></trkpt>
      <trkpt lon="-117.330724" lat="33.970595"><ele>0.000000</ele><time>2024-12-02T17:44:39Z</time><extensions><speed>1.174699</speed><course>54.134816</course><hAcc>2.106711</hAcc><vAcc>-1.000000</vAcc></extensions></trkpt>
      <trkpt lon="-117.330713" lat="33.970601"><ele>0.000000</ele><time>2024-12-02T17:44:40Z</time><extensions><speed>1.121516</speed><course>54.236195</course><hAcc>2.210225</hAcc><vAcc>-1.000000</vAcc></extensions></trkpt>
      <trkpt lon="-117.330704" lat="33.970607"><ele>0.000000</ele><time>2024-12-02T17:44:41Z</time><extensions><speed>1.074370</speed><course>54.337660</course><hAcc>2.315173</hAcc><vAcc>-1.000000</vAcc></extensions></trkpt>
      <trkpt lon="-117.330695" lat="33.970613"><ele>0.000000</ele><time>2024-12-02T17:44:42Z</time><extensions><speed>1.038250</speed><course>54.417938</course><hAcc>2.410019</hAcc><vAcc>-1.000000</vAcc></extensions></trkpt>
      <trkpt lon="-117.330685" lat="33.970618"><ele>0.000000</ele><time>2024-12-02T17:44:43Z</time><extensions><speed>1.022654</speed><course>54.444136</course><hAcc>2.490013</hAcc><vAcc>-1.000000</vAcc></extensions></trkpt>
      <trkpt lon="-117.330676" lat="33.970624"><ele>0.000000</ele><time>2024-12-02T17:44:44Z</time><extensions><speed>1.027214</speed><course>54.397837</course><hAcc>2.543506</hAcc><vAcc>-1.000000</vAcc></extensions></trkpt>
      <trkpt lon="-117.330668" lat="33.970629"><ele>0.000000</ele><time>2024-12-02T17:44:45Z</time><extensions><speed>1.038485</speed><course>54.298204</course><hAcc>2.584454</hAcc><vAcc>-1.000000</vAcc></extensions></trkpt>
      <trkpt lon="-117.330658" lat="33.970634"><ele>0.000000</ele><time>2024-12-02T17:44:46Z</time><extensions><speed>1.061932</speed><course>54.110938</course><hAcc>2.615813</hAcc><vAcc>-1.000000</vAcc></extensions></trkpt>
      <trkpt lon="-117.330649" lat="33.970640"><ele>0.000000</ele><time>2024-12-02T17:44:47Z</time><extensions><speed>1.084690</speed><course>53.871299</course><hAcc>2.632587</hAcc><vAcc>-1.000000</vAcc></extensions></trkpt>
      <trkpt lon="-117.330639" lat="33.970646"><ele>0.000000</ele><time>2024-12-02T17:44:48Z</time><extensions><speed>1.101454</speed><course>53.709520</course><hAcc>2.646926</hAcc><vAcc>-1.000000</vAcc></extensions></trkpt>
      <trkpt lon="-117.330630" lat="33.970652"><ele>0.000000</ele><time>2024-12-02T17:44:49Z</time><extensions><speed>1.116261</speed><course>53.591854</course><hAcc>2.658761</hAcc><vAcc>-1.000000</vAcc></extensions></trkpt>
      <trkpt lon="-117.330620" lat="33.970658"><ele>0.000000</ele><time>2024-12-02T17:44:50Z</time><extensions><speed>1.138038</speed><course>53.509667</course><hAcc>2.662813</hAcc><vAcc>-1.000000</vAcc></extensions></trkpt>
      <trkpt lon="-117.330610" lat="33.970664"><ele>0.000000</ele><time>2024-12-02T17:44:51Z</time><extensions><speed>1.165400</speed><course>53.466121</course><hAcc>2.668331</hAcc><vAcc>-1.000000</vAcc></extensions></trkpt>
      <trkpt lon="-117.330599" lat="33.970671"><ele>0.000000</ele><time>2024-12-02T17:44:52Z</time><extensions><speed>1.203607</speed><course>53.428260</course><hAcc>2.672923</hAcc><vAcc>-1.000000</vAcc></extensions></trkpt>
      <trkpt lon="-117.330589" lat="33.970677"><ele>0.000000</ele><time>2024-12-02T17:44:53Z</time><extensions><speed>1.217497</speed><course>53.395882</course><hAcc>2.670985</hAcc><vAcc>-1.000000</vAcc></extensions></trkpt>
      <trkpt lon="-117.330578" lat="33.970683"><ele>0.000000</ele><time>2024-12-02T17:44:54Z</time><extensions><speed>1.219575</speed><course>53.386147</course><hAcc>2.670996</hAcc><vAcc>-1.000000</vAcc></extensions></trkpt>
      <trkpt lon="-117.330568" lat="33.970690"><ele>0.000000</ele><time>2024-12-02T17:44:55Z</time><extensions><speed>1.221284</speed><course>53.272956</course><hAcc>2.670128</hAcc><vAcc>-1.000000</vAcc></extensions></trkpt>
      <trkpt lon="-117.330557" lat="33.970697"><ele>0.000000</ele><time>2024-12-02T17:44:56Z</time><extensions><speed>1.199282</speed><course>53.017182</course><hAcc>2.663246</hAcc><vAcc>-1.000000</vAcc></extensions></trkpt>
      <trkpt lon="-117.330547" lat="33.970703"><ele>0.000000</ele><time>2024-12-02T17:44:57Z</time><extensions><speed>1.170729</speed><course>52.530712</course><hAcc>2.658999</hAcc><vAcc>-1.000000</vAcc></extensions></trkpt>
      <trkpt lon="-117.330537" lat="33.970709"><ele>0.000000</ele><time>2024-12-02T17:44:58Z</time><extensions><speed>1.141138</speed><course>51.733852</course><hAcc>2.655716</hAcc><vAcc>-1.000000</vAcc></extensions></trkpt>
      <trkpt lon="-117.330528" lat="33.970716"><ele>0.000000</ele><time>2024-12-02T17:44:59Z</time><extensions><speed>1.092457</speed><course>50.628201</course><hAcc>2.650523</hAcc><vAcc>-1.000000</vAcc></extensions></trkpt>
      <trkpt lon="-117.330519" lat="33.970722"><ele>0.000000</ele><time>2024-12-02T17:45:00Z</time><extensions><speed>1.063435</speed><course>49.188843</course><hAcc>2.652792</hAcc><vAcc>-1.000000</vAcc></extensions></trkpt>
      <trkpt lon="-117.330510" lat="33.970729"><ele>0.000000</ele><time>2024-12-02T17:45:01Z</time><extensions><speed>1.092286</speed><course>47.459131</course><hAcc>2.660314</hAcc><vAcc>-1.000000</vAcc></extensions></trkpt>
      <trkpt lon="-117.330501" lat="33.970735"><ele>0.000000</ele><time>2024-12-02T17:45:02Z</time><extensions><speed>1.132548</speed><course>46.097429</course><hAcc>2.665913</hAcc><vAcc>-1.000000</vAcc></extensions></trkpt>
      <trkpt lon="-117.330493" lat="33.970743"><ele>0.000000</ele><time>2024-12-02T17:45:03Z</time><extensions><speed>1.198094</speed><course>45.380618</course><hAcc>2.674694</hAcc><vAcc>-1.000000</vAcc></extensions></trkpt>
      <trkpt lon="-117.330483" lat="33.970751"><ele>0.000000</ele><time>2024-12-02T17:45:04Z</time><extensions><speed>1.280744</speed><course>45.274342</course><hAcc>2.683322</hAcc><vAcc>-1.000000</vAcc></extensions></trkpt>
      <trkpt lon="-117.330473" lat="33.970759"><ele>0.000000</ele><time>2024-12-02T17:45:05Z</time><extensions><speed>1.319828</speed><course>45.950665</course><hAcc>2.686552</hAcc><vAcc>-1.000000</vAcc></extensions></trkpt>
      <trkpt lon="-117.330462" lat="33.970767"><ele>0.000000</ele><time>2024-12-02T17:45:06Z</time><extensions><speed>1.357864</speed><course>47.182354</course><hAcc>2.691955</hAcc><vAcc>-1.000000</vAcc></extensions></trkpt>
      <trkpt lon="-117.330451" lat="33.970775"><ele>0.000000</ele><time>2024-12-02T17:45:07Z</time><extensions><speed>1.408880</speed><course>48.569166</course><hAcc>2.697180</hAcc><vAcc>-1.000000</vAcc></extensions></trkpt>
      <trkpt lon="-117.330440" lat="33.970784"><ele>0.000000</ele><time>2024-12-02T17:45:08Z</time><extensions><speed>1.417468</speed><course>49.556633</course><hAcc>2.697048</hAcc><vAcc>-1.000000</vAcc></extensions></trkpt>
      <trkpt lon="-117.330428" lat="33.970792"><ele>0.000000</ele><time>2024-12-02T17:45:09Z</time><extensions><speed>1.435282</speed><course>50.199319</course><hAcc>2.698446</hAcc><vAcc>-1.000000</vAcc></extensions></trkpt>
      <trkpt lon="-117.330416" lat="33.970800"><ele>0.000000</ele><time>2024-12-02T17:45:10Z</time><extensions><speed>1.471630</speed><course>50.557239</course><hAcc>2.699165</hAcc><vAcc>-1.000000</vAcc></extensions></trkpt>
      <trkpt lon="-117.330403" lat="33.970809"><ele>0.000000</ele><time>2024-12-02T17:45:11Z</time><extensions><speed>1.470702</speed><course>50.588203</course><hAcc>2.695473</hAcc><vAcc>-1.000000</vAcc></extensions></trkpt>
      <trkpt lon="-117.330391" lat="33.970817"><ele>0.000000</ele><time>2024-12-02T17:45:12Z</time><extensions><speed>1.488030</speed><course>50.262316</course><hAcc>2.694903</hAcc><vAcc>-1.000000</vAcc></extensions></trkpt>
      <trkpt lon="-117.330379" lat="33.970826"><ele>0.000000</ele><time>2024-12-02T17:45:13Z</time><extensions><speed>1.535644</speed><course>49.612236</course><hAcc>2.695734</hAcc><vAcc>-1.000000</vAcc></extensions></trkpt>
      <trkpt lon="-117.330366" lat="33.970835"><ele>0.000000</ele><time>2024-12-02T17:45:14Z</time><extensions><speed>1.561319</speed><course>48.877943</course><hAcc>2.694301</hAcc><vAcc>-1.000000</vAcc></extensions></trkpt>
      <trkpt lon="-117.330353" lat="33.970844"><ele>0.000000</ele><time>2024-12-02T17:45:15Z</time><extensions><speed>1.613819</speed><course>48.229570</course><hAcc>2.696891</hAcc><vAcc>-1.000000</vAcc></extensions></trkpt>
      <trkpt lon="-117.330340" lat="33.970855"><ele>0.000000</ele><time>2024-12-02T17:45:16Z</time><extensions><speed>1.700888</speed><course>47.716674</course><hAcc>2.700357</hAcc><vAcc>-1.000000</vAcc></extensions></trkpt>
      <trkpt lon="-117.330326" lat="33.970865"><ele>0.000000</ele><time>2024-12-02T17:45:17Z</time><extensions><speed>1.740312</speed><course>47.306791</course><hAcc>2.699673</hAcc><vAcc>-1.000000</vAcc></extensions></trkpt>
      <trkpt lon="-117.330312" lat="33.970876"><ele>0.000000</ele><time>2024-12-02T17:45:18Z</time><extensions><speed>1.786582</speed><course>47.045231</course><hAcc>2.700820</hAcc><vAcc>-1.000000</vAcc></extensions></trkpt>
      <trkpt lon="-117.330298" lat="33.970887"><ele>0.000000</ele><time>2024-12-02T17:45:19Z</time><extensions><speed>1.844989</speed><course>46.921575</course><hAcc>2.701576</hAcc><vAcc>-1.000000</vAcc></extensions></trkpt>
      <trkpt lon="-117.330283" lat="33.970898"><ele>0.000000</ele><time>2024-12-02T17:45:20Z</time><extensions><speed>1.837356</speed><course>46.872961</course><hAcc>2.698241</hAcc><vAcc>-1.000000</vAcc></extensions></trkpt>
      <trkpt lon="-117.330269" lat="33.970910"><ele>0.000000</ele><time>2024-12-02T17:45:21Z</time><extensions><speed>1.832096</speed><course>47.016946</course><hAcc>2.697236</hAcc><vAcc>-1.000000</vAcc></extensions></trkpt>
      <trkpt lon="-117.330254" lat="33.970921"><ele>0.000000</ele><time>2024-12-02T17:45:22Z</time><extensions><speed>1.837748</speed><course>47.405819</course><hAcc>2.696439</hAcc><vAcc>-1.000000</vAcc></extensions></trkpt>
      <trkpt lon="-117.330240" lat="33.970932"><ele>0.000000</ele><time>2024-12-02T17:45:23Z</time><extensions><speed>1.761426</speed><course>47.932384</course><hAcc>2.691942</hAcc><vAcc>-1.000000</vAcc></extensions></trkpt>
      <trkpt lon="-117.330226" lat="33.970942"><ele>0.000000</ele><time>2024-12-02T17:45:24Z</time><extensions><speed>1.695450</speed><course>48.724559</course><hAcc>2.689444</hAcc><vAcc>-1.000000</vAcc></extensions></trkpt>
      <trkpt lon="-117.330212" lat="33.970952"><ele>0.000000</ele><time>2024-12-02T17:45:25Z</time><extensions><speed>1.658663</speed><course>49.835173</course><hAcc>2.686541</hAcc><vAcc>-1.000000</vAcc></extensions></trkpt>
      <trkpt lon="-117.330198" lat="33.970961"><ele>0.000000</ele><time>2024-12-02T17:45:26Z</time><extensions><speed>1.592531</speed><course>51.048662</course><hAcc>2.679112</hAcc><vAcc>-1.000000</vAcc></extensions></trkpt>
      <trkpt lon="-117.330185" lat="33.970970"><ele>0.000000</ele><time>2024-12-02T17:45:27Z</time><extensions><speed>1.594991</speed><course>52.161321</course><hAcc>2.672346</hAcc><vAcc>-1.000000</vAcc></extensions></trkpt>
      <trkpt lon="-117.330171" lat="33.970979"><ele>0.000000</ele><time>2024-12-02T17:45:28Z</time><extensions><speed>1.636132</speed><course>52.879153</course><hAcc>2.662908</hAcc><vAcc>-1.000000</vAcc></extensions></trkpt>
      <trkpt lon="-117.330157" lat="33.970988"><ele>0.000000</ele><time>2024-12-02T17:45:29Z</time><extensions><speed>1.603949</speed><course>53.182440</course><hAcc>2.646176</hAcc><vAcc>-1.000000</vAcc></extensions></trkpt>
      <trkpt lon="-117.330143" lat="33.970997"><ele>0.000000</ele><time>2024-12-02T17:45:30Z</time><extensions><speed>1.589118</speed><course>52.850014</course><hAcc>2.626335</hAcc><vAcc>-1.000000</vAcc></extensions></trkpt>
      <trkpt lon="-117.330129" lat="33.971005"><ele>0.000000</ele><time>2024-12-02T17:45:31Z</time><extensions><speed>1.589543</speed><course>52.065110</course><hAcc>2.598132</hAcc><vAcc>-1.000000</vAcc></extensions></trkpt>
      <trkpt lon="-117.330116" lat="33.971014"><ele>0.000000</ele><time>2024-12-02T17:45:32Z</time><extensions><speed>1.538186</speed><course>51.289108</course><hAcc>2.556477</hAcc><vAcc>-1.000000</vAcc></extensions></trkpt>
      <trkpt lon="-117.330103" lat="33.971023"><ele>0.000000</ele><time>2024-12-02T17:45:33Z</time><extensions><speed>1.510706</speed><course>50.510835</course><hAcc>2.505685</hAcc><vAcc>-1.000000</vAcc></extensions></trkpt>
      <trkpt lon="-117.330091" lat="33.971032"><ele>0.000000</ele><time>2024-12-02T17:45:34Z</time><extensions><speed>1.497812</speed><course>49.773690</course><hAcc>2.442682</hAcc><vAcc>-1.000000</vAcc></extensions></trkpt>
      <trkpt lon="-117.330079" lat="33.971040"><ele>0.000000</ele><time>2024-12-02T17:45:35Z</time><extensions><speed>1.442017</speed><course>49.184165</course><hAcc>2.371663</hAcc><vAcc>-1.000000</vAcc></extensions></trkpt>
      <trkpt lon="-117.330067" lat="33.971048"><ele>0.000000</ele><time>2024-12-02T17:45:36Z</time><extensions><speed>1.396892</speed><course>48.670639</course><hAcc>2.306080</hAcc><vAcc>-1.000000</vAcc></extensions></trkpt>
      <trkpt lon="-117.330056" lat="33.971057"><ele>0.000000</ele><time>2024-12-02T17:45:37Z</time><extensions><speed>1.358062</speed><course>48.170393</course><hAcc>2.246540</hAcc><vAcc>-1.000000</vAcc></extensions></trkpt>
      <trkpt lon="-117.330045" lat="33.971065"><ele>0.000000</ele><time>2024-12-02T17:45:38Z</time><extensions><speed>1.306542</speed><course>47.832872</course><hAcc>2.190876</hAcc><vAcc>-1.000000</vAcc></extensions></trkpt>
      <trkpt lon="-117.330035" lat="33.971073"><ele>0.000000</ele><time>2024-12-02T17:45:39Z</time><extensions><speed>1.275181</speed><course>47.621054</course><hAcc>2.146321</hAcc><vAcc>-1.000000</vAcc></extensions></trkpt>
      <trkpt lon="-117.330025" lat="33.971080"><ele>0.000000</ele><time>2024-12-02T17:45:40Z</time><extensions><speed>1.252584</speed><course>47.500068</course><hAcc>2.112994</hAcc><vAcc>-1.000000</vAcc></extensions></trkpt>
      <trkpt lon="-117.330015" lat="33.971088"><ele>0.000000</ele><time>2024-12-02T17:45:41Z</time><extensions><speed>1.235606</speed><course>47.450201</course><hAcc>2.084649</hAcc><vAcc>-1.000000</vAcc></extensions></trkpt>
      <trkpt lon="-117.330005" lat="33.971095"><ele>0.000000</ele><time>2024-12-02T17:45:42Z</time><extensions><speed>1.249333</speed><course>47.444014</course><hAcc>2.065747</hAcc><vAcc>-1.000000</vAcc></extensions></trkpt>
      <trkpt lon="-117.329995" lat="33.971103"><ele>0.000000</ele><time>2024-12-02T17:45:43Z</time><extensions><speed>1.277893</speed><course>47.458313</course><hAcc>2.053429</hAcc><vAcc>-1.000000</vAcc></extensions></trkpt>
      <trkpt lon="-117.329985" lat="33.971111"><ele>0.000000</ele><time>2024-12-02T17:45:44Z</time><extensions><speed>1.292494</speed><course>47.476865</course><hAcc>2.034373</hAcc><vAcc>-1.000000</vAcc></extensions></trkpt>
      <trkpt lon="-117.329974" lat="33.971119"><ele>0.000000</ele><time>2024-12-02T17:45:45Z</time><extensions><speed>1.319517</speed><course>47.494678</course><hAcc>2.013957</hAcc><vAcc>-1.000000</vAcc></extensions></trkpt>
      <trkpt lon="-117.329964" lat="33.971127"><ele>0.000000</ele><time>2024-12-02T17:45:46Z</time><extensions><speed>1.348843</speed><course>47.509168</course><hAcc>1.997567</hAcc><vAcc>-1.000000</vAcc></extensions></trkpt>
      <trkpt lon="-117.329953" lat="33.971135"><ele>0.000000</ele><time>2024-12-02T17:45:47Z</time><extensions><speed>1.337818</speed><course>47.518440</course><hAcc>1.977783</hAcc><vAcc>-1.000000</vAcc></extensions></trkpt>
      <trkpt lon="-117.329942" lat="33.971143"><ele>0.000000</ele><time>2024-12-02T17:45:48Z</time><extensions><speed>1.347030</speed><course>47.524140</course><hAcc>1.958965</hAcc><vAcc>-1.000000</vAcc></extensions></trkpt>
      <trkpt lon="-117.329931" lat="33.971152"><ele>0.000000</ele><time>2024-12-02T17:45:49Z</time><extensions><speed>1.338619</speed><course>47.527283</course><hAcc>1.938530</hAcc><vAcc>-1.000000</vAcc></extensions></trkpt>
      <trkpt lon="-117.329921" lat="33.971160"><ele>0.000000</ele><time>2024-12-02T17:45:50Z</time><extensions><speed>1.266052</speed><course>47.528685</course><hAcc>1.897604</hAcc><vAcc>-1.000000</vAcc></extensions></trkpt>
      <trkpt lon="-117.329911" lat="33.971167"><ele>0.000000</ele><time>2024-12-02T17:45:51Z</time><extensions><speed>1.209164</speed><course>47.529018</course><hAcc>1.835925</hAcc><vAcc>-1.000000</vAcc></extensions></trkpt>
      <trkpt lon="-117.329902" lat="33.971174"><ele>0.000000</ele><time>2024-12-02T17:45:52Z</time><extensions><speed>1.176588</speed><course>47.528731</course><hAcc>1.758249</hAcc><vAcc>-1.000000</vAcc></extensions></trkpt>
      <trkpt lon="-117.329892" lat="33.971181"><ele>0.000000</ele><time>2024-12-02T17:45:53Z</time><extensions><speed>1.144301</speed><course>47.528241</course><hAcc>1.674143</hAcc><vAcc>-1.000000</vAcc></extensions></trkpt>
      <trkpt lon="-117.329883" lat="33.971188"><ele>0.000000</ele><time>2024-12-02T17:45:54Z</time><extensions><speed>1.129145</speed><course>47.527724</course><hAcc>1.603289</hAcc><vAcc>-1.000000</vAcc></extensions></trkpt>
      <trkpt lon="-117.329874" lat="33.971195"><ele>0.000000</ele><time>2024-12-02T17:45:55Z</time><extensions><speed>1.140296</speed><course>47.527327</course><hAcc>1.559471</hAcc><vAcc>-1.000000</vAcc></extensions></trkpt>
      <trkpt lon="-117.329865" lat="33.971202"><ele>0.000000</ele><time>2024-12-02T17:45:56Z</time><extensions><speed>1.182191</speed><course>47.527087</course><hAcc>1.541708</hAcc><vAcc>-1.000000</vAcc></extensions></trkpt>
      <trkpt lon="-117.329855" lat="33.971210"><ele>0.000000</ele><time>2024-12-02T17:45:57Z</time><extensions><speed>1.227846</speed><course>47.526975</course><hAcc>1.545666</hAcc><vAcc>-1.000000</vAcc></extensions></trkpt>
      <trkpt lon="-117.329846" lat="33.971217"><ele>0.000000</ele><time>2024-12-02T17:45:58Z</time><extensions><speed>1.261379</speed><course>47.526936</course><hAcc>1.570823</hAcc><vAcc>-1.000000</vAcc></extensions></trkpt>
      <trkpt lon="-117.329835" lat="33.971225"><ele>0.000000</ele><time>2024-12-02T17:45:59Z</time><extensions><speed>1.296815</speed><course>47.526933</course><hAcc>1.623452</hAcc><vAcc>-1.000000</vAcc></extensions></trkpt>
      <trkpt lon="-117.329825" lat="33.971233"><ele>0.000000</ele><time>2024-12-02T17:46:00Z</time><extensions><speed>1.320381</speed><course>47.526943</course><hAcc>1.705391</hAcc><vAcc>-1.000000</vAcc></extensions></trkpt>
      <trkpt lon="-117.329814" lat="33.971241"><ele>0.000000</ele><time>2024-12-02T17:46:01Z</time><extensions><speed>1.314435</speed><course>47.526952</course><hAcc>1.791032</hAcc><vAcc>-1.000000</vAcc></extensions></trkpt>
      <trkpt lon="-117.329804" lat="33.971249"><ele>0.000000</ele><time>2024-12-02T17:46:02Z</time><extensions><speed>1.271187</speed><course>47.526955</course><hAcc>1.842030</hAcc><vAcc>-1.000000</vAcc></extensions></trkpt>
      <trkpt lon="-117.329794" lat="33.971256"><ele>0.000000</ele><time>2024-12-02T17:46:03Z</time><extensions><speed>1.227062</speed><course>47.523037</course><hAcc>1.856343</hAcc><vAcc>-1.000000</vAcc></extensions></trkpt>
      <trkpt lon="-117.329784" lat="33.971264"><ele>0.000000</ele><time>2024-12-02T17:46:04Z</time><extensions><speed>1.185845</speed><course>47.525412</course><hAcc>1.840015</hAcc><vAcc>-1.000000</vAcc></extensions></trkpt>
      <trkpt lon="-117.329775" lat="33.971271"><ele>0.000000</ele><time>2024-12-02T17:46:05Z</time><extensions><speed>1.157286</speed><course>47.550183</course><hAcc>1.781207</hAcc><vAcc>-1.000000</vAcc></extensions></trkpt>
      <trkpt lon="-117.329766" lat="33.971278"><ele>0.000000</ele><time>2024-12-02T17:46:06Z</time><extensions><speed>1.146647</speed><course>47.618041</course><hAcc>1.690752</hAcc><vAcc>-1.000000</vAcc></extensions></trkpt>
      <trkpt lon="-117.329757" lat="33.971285"><ele>0.000000</ele><time>2024-12-02T17:46:07Z</time><extensions><speed>1.132302</speed><course>47.755706</course><hAcc>1.602759</hAcc><vAcc>-1.000000</vAcc></extensions></trkpt>
      <trkpt lon="-117.329748" lat="33.971292"><ele>0.000000</ele><time>2024-12-02T17:46:08Z</time><extensions><speed>1.088425</speed><course>47.962432</course><hAcc>1.541563</hAcc><vAcc>-1.000000</vAcc></extensions></trkpt>
      <trkpt lon="-117.329739" lat="33.971298"><ele>0.000000</ele><time>2024-12-02T17:46:09Z</time><extensions><speed>1.048822</speed><course>48.208914</course><hAcc>1.509201</hAcc><vAcc>-1.000000</vAcc></extensions></trkpt>
      <trkpt lon="-117.329731" lat="33.971304"><ele>0.000000</ele><time>2024-12-02T17:46:10Z</time><extensions><speed>1.064783</speed><course>48.306880</course><hAcc>1.497072</hAcc><vAcc>-1.000000</vAcc></extensions></trkpt>
      <trkpt lon="-117.329722" lat="33.971311"><ele>0.000000</ele><time>2024-12-02T17:46:11Z</time><extensions><speed>1.111775</speed><course>48.010418</course><hAcc>1.496801</hAcc><vAcc>-1.000000</vAcc></extensions></trkpt>
      <trkpt lon="-117.329713" lat="33.971318"><ele>0.000000</ele><time>2024-12-02T17:46:12Z</time><extensions><speed>1.169176</speed><course>46.986709</course><hAcc>1.504040</hAcc><vAcc>-1.000000</vAcc></extensions></trkpt>
      <trkpt lon="-117.329704" lat="33.971325"><ele>0.000000</ele><time>2024-12-02T17:46:13Z</time><extensions><speed>1.176525</speed><course>44.670001</course><hAcc>1.513102</hAcc><vAcc>-1.000000</vAcc></extensions></trkpt>
      <trkpt lon="-117.329695" lat="33.971333"><ele>0.000000</ele><time>2024-12-02T17:46:14Z</time><extensions><speed>1.133200</speed><course>40.962580</course><hAcc>1.518372</hAcc><vAcc>-1.000000</vAcc></extensions></trkpt>
      <trkpt lon="-117.329688" lat="33.971341"><ele>0.000000</ele><time>2024-12-02T17:46:15Z</time><extensions><speed>1.058254</speed><course>35.355728</course><hAcc>1.518524</hAcc><vAcc>-1.000000</vAcc></extensions></trkpt>
      <trkpt lon="-117.329682" lat="33.971348"><ele>0.000000</ele><time>2024-12-02T17:46:16Z</time><extensions><speed>0.962738</speed><course>29.433102</course><hAcc>1.516628</hAcc><vAcc>-1.000000</vAcc></extensions></trkpt>
      <trkpt lon="-117.329678" lat="33.971356"><ele>0.000000</ele><time>2024-12-02T17:46:17Z</time><extensions><speed>0.877220</speed><course>23.669702</course><hAcc>1.517640</hAcc><vAcc>-1.000000</vAcc></extensions></trkpt>
      <trkpt lon="-117.329674" lat="33.971363"><ele>0.000000</ele><time>2024-12-02T17:46:18Z</time><extensions><speed>0.795190</speed><course>20.272076</course><hAcc>1.524240</hAcc><vAcc>-1.000000</vAcc></extensions></trkpt>
      <trkpt lon="-117.329671" lat="33.971369"><ele>0.000000</ele><time>2024-12-02T17:46:19Z</time><extensions><speed>0.735232</speed><course>19.370707</course><hAcc>1.538675</hAcc><vAcc>-1.000000</vAcc></extensions></trkpt>
      <trkpt lon="-117.329669" lat="33.971375"><ele>0.000000</ele><time>2024-12-02T17:46:20Z</time><extensions><speed>0.675996</speed><course>21.683207</course><hAcc>1.564342</hAcc><vAcc>-1.000000</vAcc></extensions></trkpt>
      <trkpt lon="-117.329666" lat="33.971380"><ele>0.000000</ele><time>2024-12-02T17:46:21Z</time><extensions><speed>0.631491</speed><course>26.323590</course><hAcc>1.593974</hAcc><vAcc>-1.000000</vAcc></extensions></trkpt>
      <trkpt lon="-117.329663" lat="33.971385"><ele>0.000000</ele><time>2024-12-02T17:46:22Z</time><extensions><speed>0.551946</speed><course>33.599734</course><hAcc>1.599468</hAcc><vAcc>-1.000000</vAcc></extensions></trkpt>
      <trkpt lon="-117.329659" lat="33.971388"><ele>0.000000</ele><time>2024-12-02T17:46:23Z</time><extensions><speed>0.420932</speed><course>46.858294</course><hAcc>1.561084</hAcc><vAcc>-1.000000</vAcc></extensions></trkpt>
      <trkpt lon="-117.329657" lat="33.971390"><ele>0.000000</ele><time>2024-12-02T17:46:24Z</time><extensions><speed>0.265288</speed><course>56.779976</course><hAcc>1.508324</hAcc><vAcc>-1.000000</vAcc></extensions></trkpt>
      <trkpt lon="-117.329655" lat="33.971391"><ele>0.000000</ele><time>2024-12-02T17:46:25Z</time><extensions><speed>0.149139</speed><course>69.534132</course><hAcc>1.477444</hAcc><vAcc>-1.000000</vAcc></extensions></trkpt>
      <trkpt lon="-117.329653" lat="33.971392"><ele>0.000000</ele><time>2024-12-02T17:46:26Z</time><extensions><speed>0.083018</speed><course>87.899119</course><hAcc>1.464280</hAcc><vAcc>-1.000000</vAcc></extensions></trkpt>
      <trkpt lon="-117.329653" lat="33.971392"><ele>0.000000</ele><time>2024-12-02T17:46:27Z</time><extensions><speed>0.059345</speed><course>105.664733</course><hAcc>1.455047</hAcc><vAcc>-1.000000</vAcc></extensions></trkpt>
      <trkpt lon="-117.329652" lat="33.971391"><ele>0.000000</ele><time>2024-12-02T17:46:28Z</time><extensions><speed>0.057311</speed><course>109.097821</course><hAcc>1.441673</hAcc><vAcc>-1.000000</vAcc></extensions></trkpt>
      <trkpt lon="-117.329651" lat="33.971391"><ele>0.000000</ele><time>2024-12-02T17:46:29Z</time><extensions><speed>0.064710</speed><course>102.992570</course><hAcc>1.415355</hAcc><vAcc>-1.000000</vAcc></extensions></trkpt>
      <trkpt lon="-117.329651" lat="33.971391"><ele>0.000000</ele><time>2024-12-02T17:46:30Z</time><extensions><speed>0.065439</speed><course>97.811485</course><hAcc>1.384269</hAcc><vAcc>-1.000000</vAcc></extensions></trkpt>
      <trkpt lon="-117.329650" lat="33.971391"><ele>0.000000</ele><time>2024-12-02T17:46:31Z</time><extensions><speed>0.056509</speed><course>94.336436</course><hAcc>1.361272</hAcc><vAcc>-1.000000</vAcc></extensions></trkpt>
      <trkpt lon="-117.329649" lat="33.971391"><ele>0.000000</ele><time>2024-12-02T17:46:32Z</time><extensions><speed>0.039248</speed><course>92.317496</course><hAcc>1.342632</hAcc><vAcc>-1.000000</vAcc></extensions></trkpt>
      <trkpt lon="-117.329649" lat="33.971391"><ele>0.000000</ele><time>2024-12-02T17:46:33Z</time><extensions><speed>0.032295</speed><course>90.406379</course><hAcc>1.329846</hAcc><vAcc>-1.000000</vAcc></extensions></trkpt>
      <trkpt lon="-117.329649" lat="33.971391"><ele>0.000000</ele><time>2024-12-02T17:46:34Z</time><extensions><speed>0.035199</speed><course>89.648634</course><hAcc>1.362832</hAcc><vAcc>-1.000000</vAcc></extensions></trkpt>
      <trkpt lon="-117.329648" lat="33.971391"><ele>0.000000</ele><time>2024-12-02T17:46:35Z</time><extensions><speed>0.043989</speed><course>89.594087</course><hAcc>1.467681</hAcc><vAcc>-1.000000</vAcc></extensions></trkpt>
      <trkpt lon="-117.329648" lat="33.971391"><ele>0.000000</ele><time>2024-12-02T17:46:36Z</time><extensions><speed>0.049493</speed><course>89.647079</course><hAcc>1.582184</hAcc><vAcc>-1.000000</vAcc></extensions></trkpt>
      <trkpt lon="-117.329647" lat="33.971391"><ele>0.000000</ele><time>2024-12-02T17:46:37Z</time><extensions><speed>0.046820</speed><course>89.828760</course><hAcc>1.653956</hAcc><vAcc>-1.000000</vAcc></extensions></trkpt>
      <trkpt lon="-117.329647" lat="33.971391"><ele>0.000000</ele><time>2024-12-02T17:46:38Z</time><extensions><speed>0.040986</speed><course>90.056416</course><hAcc>1.687434</hAcc><vAcc>-1.000000</vAcc></extensions></trkpt>
      <trkpt lon="-117.329646" lat="33.971391"><ele>0.000000</ele><time>2024-12-02T17:46:39Z</time><extensions><speed>0.036059</speed><course>90.299884</course><hAcc>1.693876</hAcc><vAcc>-1.000000</vAcc></extensions></trkpt>
      <trkpt lon="-117.329646" lat="33.971391"><ele>0.000000</ele><time>2024-12-02T17:46:40Z</time><extensions><speed>0.034561</speed><course>90.448959</course><hAcc>1.664310</hAcc><vAcc>-1.000000</vAcc></extensions></trkpt>
      <trkpt lon="-117.329646" lat="33.971391"><ele>0.000000</ele><time>2024-12-02T17:46:40Z</time><extensions><speed>0.036431</speed><course>90.344186</course><hAcc>1.569247</hAcc><vAcc>-1.000000</vAcc></extensions></trkpt>
      <trkpt lon="-117.329645" lat="33.971391"><ele>0.000000</ele><time>2024-12-02T17:46:41Z</time><extensions><speed>0.039108</speed><course>90.032264</course><hAcc>1.461175</hAcc><vAcc>-1.000000</vAcc></extensions></trkpt>
      <trkpt lon="-117.329645" lat="33.971391"><ele>0.000000</ele><time>2024-12-02T17:46:42Z</time><extensions><speed>0.034242</speed><course>90.179869</course><hAcc>1.470097</hAcc><vAcc>-1.000000</vAcc></extensions></trkpt>
      <trkpt lon="-117.329644" lat="33.971391"><ele>0.000000</ele><time>2024-12-02T17:46:43Z</time><extensions><speed>0.031938</speed><course>90.174042</course><hAcc>1.550474</hAcc><vAcc>-1.000000</vAcc></extensions></trkpt>
      <trkpt lon="-117.329644" lat="33.971391"><ele>0.000000</ele><time>2024-12-02T17:46:44Z</time><extensions><speed>0.028329</speed><course>90.383040</course><hAcc>1.623866</hAcc><vAcc>-1.000000</vAcc></extensions></trkpt>
      <trkpt lon="-117.329644" lat="33.971391"><ele>0.000000</ele><time>2024-12-02T17:46:45Z</time><extensions><speed>0.028818</speed><course>90.479208</course><hAcc>1.680256</hAcc><vAcc>-1.000000</vAcc></extensions></trkpt>
      <trkpt lon="-117.329643" lat="33.971391"><ele>0.000000</ele><time>2024-12-02T17:46:46Z</time><extensions><speed>0.033479</speed><course>90.469339</course><hAcc>1.720677</hAcc><vAcc>-1.000000</vAcc></extensions></trkpt>
      <trkpt lon="-117.329643" lat="33.971391"><ele>0.000000</ele><time>2024-12-02T17:46:47Z</time><extensions><speed>0.042837</speed><course>90.258355</course><hAcc>1.739125</hAcc><vAcc>-1.000000</vAcc></extensions></trkpt>
      <trkpt lon="-117.329643" lat="33.971391"><ele>0.000000</ele><time>2024-12-02T17:46:48Z</time><extensions><speed>0.050615</speed><course>90.161482</course><hAcc>1.726149</hAcc><vAcc>-1.000000</vAcc></extensions></trkpt>
      <trkpt lon="-117.329642" lat="33.971391"><ele>0.000000</ele><time>2024-12-02T17:46:49Z</time><extensions><speed>0.055399</speed><course>90.065897</course><hAcc>1.694973</hAcc><vAcc>-1.000000</vAcc></extensions></trkpt>
      <trkpt lon="-117.329641" lat="33.971391"><ele>0.000000</ele><time>2024-12-02T17:46:50Z</time><extensions><speed>0.053805</speed><course>90.035042</course><hAcc>1.677935</hAcc><vAcc>-1.000000</vAcc></extensions></trkpt>
      <trkpt lon="-117.329641" lat="33.971391"><ele>0.000000</ele><time>2024-12-02T17:46:51Z</time><extensions><speed>0.045789</speed><course>90.083647</course><hAcc>1.685115</hAcc><vAcc>-1.000000</vAcc></extensions></trkpt>
      <trkpt lon="-117.329640" lat="33.971391"><ele>0.000000</ele><time>2024-12-02T17:46:52Z</time><extensions><speed>0.029474</speed><course>90.449465</course><hAcc>1.704772</hAcc><vAcc>-1.000000</vAcc></extensions></trkpt>
      <trkpt lon="-117.329640" lat="33.971391"><ele>0.000000</ele><time>2024-12-02T17:46:53Z</time><extensions><speed>0.015472</speed><course>91.584928</course><hAcc>1.731052</hAcc><vAcc>-1.000000</vAcc></extensions></trkpt>
      <trkpt lon="-117.329640" lat="33.971391"><ele>0.000000</ele><time>2024-12-02T17:46:54Z</time><extensions><speed>0.003478</speed><course>103.141853</course><hAcc>1.767446</hAcc><vAcc>-1.000000</vAcc></extensions></trkpt>
      <trkpt lon="-117.329640" lat="33.971391"><ele>0.000000</ele><time>2024-12-02T17:46:55Z</time><extensions><speed>0.002043</speed><course>226.346758</course><hAcc>1.816983</hAcc><vAcc>-1.000000</vAcc></extensions></trkpt>
      <trkpt lon="-117.329640" lat="33.971391"><ele>0.000000</ele><time>2024-12-02T17:46:56Z</time><extensions><speed>0.008973</speed><course>104.502820</course><hAcc>1.866982</hAcc><vAcc>-1.000000</vAcc></extensions></trkpt>
      <trkpt lon="-117.329640" lat="33.971391"><ele>0.000000</ele><time>2024-12-02T17:46:57Z</time><extensions><speed>0.040072</speed><course>94.757641</course><hAcc>1.894879</hAcc><vAcc>-1.000000</vAcc></extensions></trkpt>
      <trkpt lon="-117.329639" lat="33.971391"><ele>0.000000</ele><time>2024-12-02T17:46:58Z</time><extensions><speed>0.103374</speed><course>93.175942</course><hAcc>1.895965</hAcc><vAcc>-1.000000</vAcc></extensions></trkpt>
      <trkpt lon="-117.329638" lat="33.971391"><ele>0.000000</ele><time>2024-12-02T17:46:59Z</time><extensions><speed>0.212829</speed><course>92.211944</course><hAcc>1.882748</hAcc><vAcc>-1.000000</vAcc></extensions></trkpt>
      <trkpt lon="-117.329634" lat="33.971391"><ele>0.000000</ele><time>2024-12-02T17:47:00Z</time><extensions><speed>0.368026</speed><course>91.722858</course><hAcc>1.853104</hAcc><vAcc>-1.000000</vAcc></extensions></trkpt>
      <trkpt lon="-117.329629" lat="33.971391"><ele>0.000000</ele><time>2024-12-02T17:47:01Z</time><extensions><speed>0.583598</speed><course>91.264087</course><hAcc>1.794440</hAcc><vAcc>-1.000000</vAcc></extensions></trkpt>
      <trkpt lon="-117.329621" lat="33.971390"><ele>0.000000</ele><time>2024-12-02T17:47:02Z</time><extensions><speed>0.853776</speed><course>90.834478</course><hAcc>1.727868</hAcc><vAcc>-1.000000</vAcc></extensions></trkpt>
      <trkpt lon="-117.329611" lat="33.971390"><ele>0.000000</ele><time>2024-12-02T17:47:03Z</time><extensions><speed>1.058990</speed><course>90.388512</course><hAcc>1.688636</hAcc><vAcc>-1.000000</vAcc></extensions></trkpt>
      <trkpt lon="-117.329599" lat="33.971390"><ele>0.000000</ele><time>2024-12-02T17:47:04Z</time><extensions><speed>1.173109</speed><course>89.659362</course><hAcc>1.665431</hAcc><vAcc>-1.000000</vAcc></extensions></trkpt>
      <trkpt lon="-117.329586" lat="33.971391"><ele>0.000000</ele><time>2024-12-02T17:47:05Z</time><extensions><speed>1.210990</speed><course>88.252049</course><hAcc>1.639986</hAcc><vAcc>-1.000000</vAcc></extensions></trkpt>
      <trkpt lon="-117.329573" lat="33.971391"><ele>0.000000</ele><time>2024-12-02T17:47:06Z</time><extensions><speed>1.217651</speed><course>85.689050</course><hAcc>1.613868</hAcc><vAcc>-1.000000</vAcc></extensions></trkpt>
      <trkpt lon="-117.329560" lat="33.971392"><ele>0.000000</ele><time>2024-12-02T17:47:07Z</time><extensions><speed>1.226674</speed><course>81.518360</course><hAcc>1.585233</hAcc><vAcc>-1.000000</vAcc></extensions></trkpt>
      <trkpt lon="-117.329547" lat="33.971395"><ele>0.000000</ele><time>2024-12-02T17:47:08Z</time><extensions><speed>1.241922</speed><course>75.796975</course><hAcc>1.559937</hAcc><vAcc>-1.000000</vAcc></extensions></trkpt>
      <trkpt lon="-117.329534" lat="33.971398"><ele>0.000000</ele><time>2024-12-02T17:47:09Z</time><extensions><speed>1.282829</speed><course>68.802890</course><hAcc>1.544609</hAcc><vAcc>-1.000000</vAcc></extensions></trkpt>
      <trkpt lon="-117.329521" lat="33.971403"><ele>0.000000</ele><time>2024-12-02T17:47:10Z</time><extensions><speed>1.357285</speed><course>60.599810</course><hAcc>1.531394</hAcc><vAcc>-1.000000</vAcc></extensions></trkpt>
      <trkpt lon="-117.329508" lat="33.971410"><ele>0.000000</ele><time>2024-12-02T17:47:11Z</time><extensions><speed>1.454203</speed><course>55.386971</course><hAcc>1.515336</hAcc><vAcc>-1.000000</vAcc></extensions></trkpt>
      <trkpt lon="-117.329495" lat="33.971418"><ele>0.000000</ele><time>2024-12-02T17:47:12Z</time><extensions><speed>1.539298</speed><course>52.357108</course><hAcc>1.512746</hAcc><vAcc>-1.000000</vAcc></extensions></trkpt>
      <trkpt lon="-117.329482" lat="33.971427"><ele>0.000000</ele><time>2024-12-02T17:47:13Z</time><extensions><speed>1.575981</speed><course>50.520279</course><hAcc>1.553315</hAcc><vAcc>-1.000000</vAcc></extensions></trkpt>
      <trkpt lon="-117.329469" lat="33.971436"><ele>0.000000</ele><time>2024-12-02T17:47:14Z</time><extensions><speed>1.603775</speed><course>49.014810</course><hAcc>1.619280</hAcc><vAcc>-1.000000</vAcc></extensions></trkpt>
      <trkpt lon="-117.329456" lat="33.971445"><ele>0.000000</ele><time>2024-12-02T17:47:15Z</time><extensions><speed>1.592630</speed><course>47.353898</course><hAcc>1.681004</hAcc><vAcc>-1.000000</vAcc></extensions></trkpt>
      <trkpt lon="-117.329444" lat="33.971455"><ele>0.000000</ele><time>2024-12-02T17:47:16Z</time><extensions><speed>1.535281</speed><course>45.669859</course><hAcc>1.738692</hAcc><vAcc>-1.000000</vAcc></extensions></trkpt>
      <trkpt lon="-117.329432" lat="33.971465"><ele>0.000000</ele><time>2024-12-02T17:47:17Z</time><extensions><speed>1.446019</speed><course>43.172747</course><hAcc>1.805392</hAcc><vAcc>-1.000000</vAcc></extensions></trkpt>
      <trkpt lon="-117.329422" lat="33.971474"><ele>0.000000</ele><time>2024-12-02T17:47:18Z</time><extensions><speed>1.330230</speed><course>38.828359</course><hAcc>1.881365</hAcc><vAcc>-1.000000</vAcc></extensions></trkpt>
      <trkpt lon="-117.329415" lat="33.971483"><ele>0.000000</ele><time>2024-12-02T17:47:19Z</time><extensions><speed>1.184121</speed><course>31.100966</course><hAcc>1.945012</hAcc><vAcc>-1.000000</vAcc></extensions></trkpt>
      <trkpt lon="-117.329410" lat="33.971492"><ele>0.000000</ele><time>2024-12-02T17:47:20Z</time><extensions><speed>1.036389</speed><course>18.038663</course><hAcc>1.980091</hAcc><vAcc>-1.000000</vAcc></extensions></trkpt>
      <trkpt lon="-117.329408" lat="33.971501"><ele>0.000000</ele><time>2024-12-02T17:47:21Z</time><extensions><speed>0.911221</speed><course>356.996646</course><hAcc>1.987815</hAcc><vAcc>-1.000000</vAcc></extensions></trkpt>
      <trkpt lon="-117.329410" lat="33.971509"><ele>0.000000</ele><time>2024-12-02T17:47:22Z</time><extensions><speed>0.839645</speed><course>339.684338</course><hAcc>1.973199</hAcc><vAcc>-1.000000</vAcc></extensions></trkpt>
      <trkpt lon="-117.329414" lat="33.971515"><ele>0.000000</ele><time>2024-12-02T17:47:23Z</time><extensions><speed>0.779813</speed><course>327.216632</course><hAcc>1.945680</hAcc><vAcc>-1.000000</vAcc></extensions></trkpt>
      <trkpt lon="-117.329418" lat="33.971520"><ele>0.000000</ele><time>2024-12-02T17:47:24Z</time><extensions><speed>0.682302</speed><course>319.217521</course><hAcc>1.924658</hAcc><vAcc>-1.000000</vAcc></extensions></trkpt>
      <trkpt lon="-117.329423" lat="33.971524"><ele>0.000000</ele><time>2024-12-02T17:47:25Z</time><extensions><speed>0.575575</speed><course>313.864412</course><hAcc>1.921108</hAcc><vAcc>-1.000000</vAcc></extensions></trkpt>
      <trkpt lon="-117.329427" lat="33.971528"><ele>0.000000</ele><time>2024-12-02T17:47:26Z</time><extensions><speed>0.478881</speed><course>310.611311</course><hAcc>1.922489</hAcc><vAcc>-1.000000</vAcc></extensions></trkpt>
      <trkpt lon="-117.329431" lat="33.971530"><ele>0.000000</ele><time>2024-12-02T17:47:27Z</time><extensions><speed>0.412210</speed><course>309.288016</course><hAcc>1.909275</hAcc><vAcc>-1.000000</vAcc></extensions></trkpt>
      <trkpt lon="-117.329434" lat="33.971533"><ele>0.000000</ele><time>2024-12-02T17:47:28Z</time><extensions><speed>0.404546</speed><course>309.762227</course><hAcc>1.874768</hAcc><vAcc>-1.000000</vAcc></extensions></trkpt>
      <trkpt lon="-117.329438" lat="33.971535"><ele>0.000000</ele><time>2024-12-02T17:47:29Z</time><extensions><speed>0.480711</speed><course>310.896029</course><hAcc>1.823356</hAcc><vAcc>-1.000000</vAcc></extensions></trkpt>
      <trkpt lon="-117.329442" lat="33.971539"><ele>0.000000</ele><time>2024-12-02T17:47:30Z</time><extensions><speed>0.656929</speed><course>311.447056</course><hAcc>1.767763</hAcc><vAcc>-1.000000</vAcc></extensions></trkpt>
      <trkpt lon="-117.329449" lat="33.971543"><ele>0.000000</ele><time>2024-12-02T17:47:31Z</time><extensions><speed>0.889423</speed><course>311.266669</course><hAcc>1.723684</hAcc><vAcc>-1.000000</vAcc></extensions></trkpt>
      <trkpt lon="-117.329457" lat="33.971549"><ele>0.000000</ele><time>2024-12-02T17:47:32Z</time><extensions><speed>1.129468</speed><course>310.568406</course><hAcc>1.698316</hAcc><vAcc>-1.000000</vAcc></extensions></trkpt>
      <trkpt lon="-117.329467" lat="33.971556"><ele>0.000000</ele><time>2024-12-02T17:47:33Z</time><extensions><speed>1.352773</speed><course>309.431359</course><hAcc>1.687417</hAcc><vAcc>-1.000000</vAcc></extensions></trkpt>
      <trkpt lon="-117.329480" lat="33.971564"><ele>0.000000</ele><time>2024-12-02T17:47:34Z</time><extensions><speed>1.535094</speed><course>307.909161</course><hAcc>1.679377</hAcc><vAcc>-1.000000</vAcc></extensions></trkpt>
      <trkpt lon="-117.329493" lat="33.971573"><ele>0.000000</ele><time>2024-12-02T17:47:35Z</time><extensions><speed>1.613526</speed><course>306.036396</course><hAcc>1.663091</hAcc><vAcc>-1.000000</vAcc></extensions></trkpt>
      <trkpt lon="-117.329507" lat="33.971581"><ele>0.000000</ele><time>2024-12-02T17:47:36Z</time><extensions><speed>1.590464</speed><course>304.264952</course><hAcc>1.644337</hAcc><vAcc>-1.000000</vAcc></extensions></trkpt>
      <trkpt lon="-117.329521" lat="33.971589"><ele>0.000000</ele><time>2024-12-02T17:47:37Z</time><extensions><speed>1.545260</speed><course>303.321235</course><hAcc>1.635225</hAcc><vAcc>-1.000000</vAcc></extensions></trkpt>
      <trkpt lon="-117.329535" lat="33.971597"><ele>0.000000</ele><time>2024-12-02T17:47:38Z</time><extensions><speed>1.512058</speed><course>303.485623</course><hAcc>1.632748</hAcc><vAcc>-1.000000</vAcc></extensions></trkpt>
      <trkpt lon="-117.329549" lat="33.971604"><ele>0.000000</ele><time>2024-12-02T17:47:39Z</time><extensions><speed>1.497195</speed><course>304.149582</course><hAcc>1.624800</hAcc><vAcc>-1.000000</vAcc></extensions></trkpt>
      <trkpt lon="-117.329562" lat="33.971612"><ele>0.000000</ele><time>2024-12-02T17:47:40Z</time><extensions><speed>1.481422</speed><course>304.349841</course><hAcc>1.605411</hAcc><vAcc>-1.000000</vAcc></extensions></trkpt>
      <trkpt lon="-117.329575" lat="33.971619"><ele>0.000000</ele><time>2024-12-02T17:47:41Z</time><extensions><speed>1.425457</speed><course>303.327449</course><hAcc>1.582560</hAcc><vAcc>-1.000000</vAcc></extensions></trkpt>
      <trkpt lon="-117.329588" lat="33.971626"><ele>0.000000</ele><time>2024-12-02T17:47:42Z</time><extensions><speed>1.325942</speed><course>300.159203</course><hAcc>1.573618</hAcc><vAcc>-1.000000</vAcc></extensions></trkpt>
      <trkpt lon="-117.329600" lat="33.971631"><ele>0.000000</ele><time>2024-12-02T17:47:43Z</time><extensions><speed>1.180967</speed><course>293.230719</course><hAcc>1.596075</hAcc><vAcc>-1.000000</vAcc></extensions></trkpt>
      <trkpt lon="-117.329611" lat="33.971634"><ele>0.000000</ele><time>2024-12-02T17:47:44Z</time><extensions><speed>1.024259</speed><course>279.541513</course><hAcc>1.668989</hAcc><vAcc>-1.000000</vAcc></extensions></trkpt>
      <trkpt lon="-117.329622" lat="33.971634"><ele>0.000000</ele><time>2024-12-02T17:47:45Z</time><extensions><speed>0.977787</speed><course>258.587458</course><hAcc>1.815260</hAcc><vAcc>-1.000000</vAcc></extensions></trkpt>
      <trkpt lon="-117.329632" lat="33.971630"><ele>0.000000</ele><time>2024-12-02T17:47:46Z</time><extensions><speed>1.094717</speed><course>237.429811</course><hAcc>2.033211</hAcc><vAcc>-1.000000</vAcc></extensions></trkpt>
      <trkpt lon="-117.329642" lat="33.971624"><ele>0.000000</ele><time>2024-12-02T17:47:47Z</time><extensions><speed>1.204358</speed><course>227.631154</course><hAcc>2.280781</hAcc><vAcc>-1.000000</vAcc></extensions></trkpt>
      <trkpt lon="-117.329651" lat="33.971616"><ele>0.000000</ele><time>2024-12-02T17:47:48Z</time><extensions><speed>1.273119</speed><course>224.417923</course><hAcc>2.520719</hAcc><vAcc>-1.000000</vAcc></extensions></trkpt>
      <trkpt lon="-117.329661" lat="33.971608"><ele>0.000000</ele><time>2024-12-02T17:47:49Z</time><extensions><speed>1.287474</speed><course>225.707686</course><hAcc>2.739236</hAcc><vAcc>-1.000000</vAcc></extensions></trkpt>
      <trkpt lon="-117.329672" lat="33.971600"><ele>0.000000</ele><time>2024-12-02T17:47:50Z</time><extensions><speed>1.254789</speed><course>231.041736</course><hAcc>2.934205</hAcc><vAcc>-1.000000</vAcc></extensions></trkpt>
      <trkpt lon="-117.329682" lat="33.971594"><ele>0.000000</ele><time>2024-12-02T17:47:51Z</time><extensions><speed>1.198781</speed><course>240.815467</course><hAcc>3.107815</hAcc><vAcc>-1.000000</vAcc></extensions></trkpt>
      <trkpt lon="-117.329694" lat="33.971590"><ele>0.000000</ele><time>2024-12-02T17:47:52Z</time><extensions><speed>1.153894</speed><course>256.456936</course><hAcc>3.263059</hAcc><vAcc>-1.000000</vAcc></extensions></trkpt>
      <trkpt lon="-117.329707" lat="33.971589"><ele>0.000000</ele><time>2024-12-02T17:47:53Z</time><extensions><speed>1.166197</speed><course>269.679539</course><hAcc>3.402523</hAcc><vAcc>-1.000000</vAcc></extensions></trkpt>
      <trkpt lon="-117.329720" lat="33.971590"><ele>0.000000</ele><time>2024-12-02T17:47:54Z</time><extensions><speed>1.205907</speed><course>279.785480</course><hAcc>3.528370</hAcc><vAcc>-1.000000</vAcc></extensions></trkpt>
      <trkpt lon="-117.329733" lat="33.971592"><ele>0.000000</ele><time>2024-12-02T17:47:55Z</time><extensions><speed>1.253789</speed><course>286.955964</course><hAcc>3.642426</hAcc><vAcc>-1.000000</vAcc></extensions></trkpt>
      <trkpt lon="-117.329746" lat="33.971596"><ele>0.000000</ele><time>2024-12-02T17:47:56Z</time><extensions><speed>1.294029</speed><course>291.937118</course><hAcc>3.746177</hAcc><vAcc>-1.000000</vAcc></extensions></trkpt>
      <trkpt lon="-117.329759" lat="33.971601"><ele>0.000000</ele><time>2024-12-02T17:47:57Z</time><extensions><speed>1.319595</speed><course>295.423223</course><hAcc>3.840883</hAcc><vAcc>-1.000000</vAcc></extensions></trkpt>
      <trkpt lon="-117.329772" lat="33.971606"><ele>0.000000</ele><time>2024-12-02T17:47:58Z</time><extensions><speed>1.345703</speed><course>297.981382</course><hAcc>3.927738</hAcc><vAcc>-1.000000</vAcc></extensions></trkpt>
      <trkpt lon="-117.329785" lat="33.971612"><ele>0.000000</ele><time>2024-12-02T17:47:59Z</time><extensions><speed>1.377136</speed><course>299.922849</course><hAcc>4.007839</hAcc><vAcc>-1.000000</vAcc></extensions></trkpt>
      <trkpt lon="-117.329798" lat="33.971619"><ele>0.000000</ele><time>2024-12-02T17:48:00Z</time><extensions><speed>1.398545</speed><course>301.156472</course><hAcc>4.082019</hAcc><vAcc>-1.000000</vAcc></extensions></trkpt>
      <trkpt lon="-117.329811" lat="33.971626"><ele>0.000000</ele><time>2024-12-02T17:48:01Z</time><extensions><speed>1.415230</speed><course>301.921094</course><hAcc>4.150848</hAcc><vAcc>-1.000000</vAcc></extensions></trkpt>
      <trkpt lon="-117.329824" lat="33.971632"><ele>0.000000</ele><time>2024-12-02T17:48:02Z</time><extensions><speed>1.427980</speed><course>302.369933</course><hAcc>4.214711</hAcc><vAcc>-1.000000</vAcc></extensions></trkpt>
      <trkpt lon="-117.329837" lat="33.971639"><ele>0.000000</ele><time>2024-12-02T17:48:03Z</time><extensions><speed>1.434906</speed><course>302.605999</course><hAcc>4.273908</hAcc><vAcc>-1.000000</vAcc></extensions></trkpt>
      <trkpt lon="-117.329851" lat="33.971647"><ele>0.000000</ele><time>2024-12-02T17:48:04Z</time><extensions><speed>1.445034</speed><course>302.716288</course><hAcc>4.328583</hAcc><vAcc>-1.000000</vAcc></extensions></trkpt>
      <trkpt lon="-117.329864" lat="33.971654"><ele>0.000000</ele><time>2024-12-02T17:48:05Z</time><extensions><speed>1.454725</speed><course>302.747394</course><hAcc>4.378767</hAcc><vAcc>-1.000000</vAcc></extensions></trkpt>
      <trkpt lon="-117.329878" lat="33.971661"><ele>0.000000</ele><time>2024-12-02T17:48:06Z</time><extensions><speed>1.460655</speed><course>302.728435</course><hAcc>4.424392</hAcc><vAcc>-1.000000</vAcc></extensions></trkpt>
      <trkpt lon="-117.329891" lat="33.971668"><ele>0.000000</ele><time>2024-12-02T17:48:07Z</time><extensions><speed>1.461314</speed><course>302.679611</course><hAcc>4.465432</hAcc><vAcc>-1.000000</vAcc></extensions></trkpt>
      <trkpt lon="-117.329905" lat="33.971675"><ele>0.000000</ele><time>2024-12-02T17:48:08Z</time><extensions><speed>1.463480</speed><course>302.625259</course><hAcc>4.502000</hAcc><vAcc>-1.000000</vAcc></extensions></trkpt>
      <trkpt lon="-117.329918" lat="33.971682"><ele>0.000000</ele><time>2024-12-02T17:48:09Z</time><extensions><speed>1.473124</speed><course>302.584706</course><hAcc>4.534373</hAcc><vAcc>-1.000000</vAcc></extensions></trkpt>
      <trkpt lon="-117.329932" lat="33.971690"><ele>0.000000</ele><time>2024-12-02T17:48:10Z</time><extensions><speed>1.483749</speed><course>302.555031</course><hAcc>4.562930</hAcc><vAcc>-1.000000</vAcc></extensions></trkpt>
      <trkpt lon="-117.329946" lat="33.971697"><ele>0.000000</ele><time>2024-12-02T17:48:11Z</time><extensions><speed>1.486332</speed><course>302.525361</course><hAcc>4.588131</hAcc><vAcc>-1.000000</vAcc></extensions></trkpt>
      <trkpt lon="-117.329960" lat="33.971704"><ele>0.000000</ele><time>2024-12-02T17:48:12Z</time><extensions><speed>1.484804</speed><course>302.501988</course><hAcc>4.610414</hAcc><vAcc>-1.000000</vAcc></extensions></trkpt>
      <trkpt lon="-117.329973" lat="33.971711"><ele>0.000000</ele><time>2024-12-02T17:48:13Z</time><extensions><speed>1.483773</speed><course>302.492545</course><hAcc>4.630044</hAcc><vAcc>-1.000000</vAcc></extensions></trkpt>
      <trkpt lon="-117.329987" lat="33.971719"><ele>0.000000</ele><time>2024-12-02T17:48:14Z</time><extensions><speed>1.482552</speed><course>302.500051</course><hAcc>4.647171</hAcc><vAcc>-1.000000</vAcc></extensions></trkpt>
      <trkpt lon="-117.330001" lat="33.971726"><ele>0.000000</ele><time>2024-12-02T17:48:15Z</time><extensions><speed>1.493012</speed><course>302.526792</course><hAcc>4.662062</hAcc><vAcc>-1.000000</vAcc></extensions></trkpt>
      <trkpt lon="-117.330015" lat="33.971733"><ele>0.000000</ele><time>2024-12-02T17:48:16Z</time><extensions><speed>1.502209</speed><course>302.551765</course><hAcc>4.674834</hAcc><vAcc>-1.000000</vAcc></extensions></trkpt>
      <trkpt lon="-117.330029" lat="33.971741"><ele>0.000000</ele><time>2024-12-02T17:48:17Z</time><extensions><speed>1.500031</speed><course>302.558079</course><hAcc>4.685534</hAcc><vAcc>-1.000000</vAcc></extensions></trkpt>
      <trkpt lon="-117.330043" lat="33.971748"><ele>0.000000</ele><time>2024-12-02T17:48:18Z</time><extensions><speed>1.484637</speed><course>302.541081</course><hAcc>4.694368</hAcc><vAcc>-1.000000</vAcc></extensions></trkpt>
      <trkpt lon="-117.330056" lat="33.971755"><ele>0.000000</ele><time>2024-12-02T17:48:19Z</time><extensions><speed>1.463204</speed><course>302.514209</course><hAcc>4.701912</hAcc><vAcc>-1.000000</vAcc></extensions></trkpt>
      <trkpt lon="-117.330069" lat="33.971762"><ele>0.000000</ele><time>2024-12-02T17:48:20Z</time><extensions><speed>1.441437</speed><course>302.486101</course><hAcc>4.709019</hAcc><vAcc>-1.000000</vAcc></extensions></trkpt>
      <trkpt lon="-117.330084" lat="33.971769"><ele>0.000000</ele><time>2024-12-02T17:48:21Z</time><extensions><speed>1.444651</speed><course>302.633325</course><hAcc>4.716717</hAcc><vAcc>-1.000000</vAcc></extensions></trkpt>
      <trkpt lon="-117.330097" lat="33.971776"><ele>0.000000</ele><time>2024-12-02T17:48:22Z</time><extensions><speed>1.438464</speed><course>302.985928</course><hAcc>4.726116</hAcc><vAcc>-1.000000</vAcc></extensions></trkpt>
      <trkpt lon="-117.330111" lat="33.971784"><ele>0.000000</ele><time>2024-12-02T17:48:23Z</time><extensions><speed>1.412965</speed><course>303.635445</course><hAcc>4.738150</hAcc><vAcc>-1.000000</vAcc></extensions></trkpt>
      <trkpt lon="-117.330123" lat="33.971791"><ele>0.000000</ele><time>2024-12-02T17:48:24Z</time><extensions><speed>1.366985</speed><course>304.579701</course><hAcc>4.753440</hAcc><vAcc>-1.000000</vAcc></extensions></trkpt>
      <trkpt lon="-117.330135" lat="33.971798"><ele>0.000000</ele><time>2024-12-02T17:48:25Z</time><extensions><speed>1.321942</speed><course>305.816918</course><hAcc>4.772240</hAcc><vAcc>-1.000000</vAcc></extensions></trkpt>
      <trkpt lon="-117.330147" lat="33.971805"><ele>0.000000</ele><time>2024-12-02T17:48:26Z</time><extensions><speed>1.295388</speed><course>307.450147</course><hAcc>4.794219</hAcc><vAcc>-1.000000</vAcc></extensions></trkpt>
      <trkpt lon="-117.330158" lat="33.971812"><ele>0.000000</ele><time>2024-12-02T17:48:27Z</time><extensions><speed>1.262556</speed><course>309.764792</course><hAcc>4.818249</hAcc><vAcc>-1.000000</vAcc></extensions></trkpt>
      <trkpt lon="-117.330168" lat="33.971820"><ele>0.000000</ele><time>2024-12-02T17:48:28Z</time><extensions><speed>1.203517</speed><course>313.416829</course><hAcc>4.842792</hAcc><vAcc>-1.000000</vAcc></extensions></trkpt>
      <trkpt lon="-117.330176" lat="33.971827"><ele>0.000000</ele><time>2024-12-02T17:48:29Z</time><extensions><speed>1.106156</speed><course>319.169176</course><hAcc>4.866334</hAcc><vAcc>-1.000000</vAcc></extensions></trkpt>
      <trkpt lon="-117.330183" lat="33.971835"><ele>0.000000</ele><time>2024-12-02T17:48:30Z</time><extensions><speed>0.999067</speed><course>328.199621</course><hAcc>4.887407</hAcc><vAcc>-1.000000</vAcc></extensions></trkpt>
      <trkpt lon="-117.330187" lat="33.971843"><ele>0.000000</ele><time>2024-12-02T17:48:31Z</time><extensions><speed>0.897562</speed><course>342.810761</course><hAcc>4.904945</hAcc><vAcc>-1.000000</vAcc></extensions></trkpt>
      <trkpt lon="-117.330189" lat="33.971850"><ele>0.000000</ele><time>2024-12-02T17:48:32Z</time><extensions><speed>0.816805</speed><course>353.315196</course><hAcc>4.918258</hAcc><vAcc>-1.000000</vAcc></extensions></trkpt>
      <trkpt lon="-117.330190" lat="33.971857"><ele>0.000000</ele><time>2024-12-02T17:48:33Z</time><extensions><speed>0.744299</speed><course>1.108613</course><hAcc>4.927080</hAcc><vAcc>-1.000000</vAcc></extensions></trkpt>
      <trkpt lon="-117.330189" lat="33.971864"><ele>0.000000</ele><time>2024-12-02T17:48:34Z</time><extensions><speed>0.715198</speed><course>8.255242</course><hAcc>4.931633</hAcc><vAcc>-1.000000</vAcc></extensions></trkpt>
      <trkpt lon="-117.330187" lat="33.971871"><ele>0.000000</ele><time>2024-12-02T17:48:35Z</time><extensions><speed>0.779495</speed><course>15.223162</course><hAcc>4.932659</hAcc><vAcc>-1.000000</vAcc></extensions></trkpt>
      <trkpt lon="-117.330184" lat="33.971879"><ele>0.000000</ele><time>2024-12-02T17:48:36Z</time><extensions><speed>0.897608</speed><course>20.155431</course><hAcc>4.930768</hAcc><vAcc>-1.000000</vAcc></extensions></trkpt>
      <trkpt lon="-117.330180" lat="33.971888"><ele>0.000000</ele><time>2024-12-02T17:48:37Z</time><extensions><speed>1.028342</speed><course>22.895352</course><hAcc>4.926000</hAcc><vAcc>-1.000000</vAcc></extensions></trkpt>
      <trkpt lon="-117.330175" lat="33.971897"><ele>0.000000</ele><time>2024-12-02T17:48:38Z</time><extensions><speed>1.122783</speed><course>24.097645</course><hAcc>4.917964</hAcc><vAcc>-1.000000</vAcc></extensions></trkpt>
      <trkpt lon="-117.330170" lat="33.971907"><ele>0.000000</ele><time>2024-12-02T17:48:39Z</time><extensions><speed>1.216749</speed><course>24.357684</course><hAcc>4.906188</hAcc><vAcc>-1.000000</vAcc></extensions></trkpt>
      <trkpt lon="-117.330164" lat="33.971918"><ele>0.000000</ele><time>2024-12-02T17:48:40Z</time><extensions><speed>1.320473</speed><course>24.061984</course><hAcc>4.890544</hAcc><vAcc>-1.000000</vAcc></extensions></trkpt>
      <trkpt lon="-117.330158" lat="33.971930"><ele>0.000000</ele><time>2024-12-02T17:48:41Z</time><extensions><speed>1.433288</speed><course>23.490128</course><hAcc>4.870911</hAcc><vAcc>-1.000000</vAcc></extensions></trkpt>
      <trkpt lon="-117.330151" lat="33.971942"><ele>0.000000</ele><time>2024-12-02T17:48:42Z</time><extensions><speed>1.539829</speed><course>22.701540</course><hAcc>4.846695</hAcc><vAcc>-1.000000</vAcc></extensions></trkpt>
      <trkpt lon="-117.330145" lat="33.971955"><ele>0.000000</ele><time>2024-12-02T17:48:43Z</time><extensions><speed>1.584600</speed><course>21.792810</course><hAcc>4.817231</hAcc><vAcc>-1.000000</vAcc></extensions></trkpt>
      <trkpt lon="-117.330139" lat="33.971968"><ele>0.000000</ele><time>2024-12-02T17:48:44Z</time><extensions><speed>1.594637</speed><course>20.491088</course><hAcc>4.782230</hAcc><vAcc>-1.000000</vAcc></extensions></trkpt>
      <trkpt lon="-117.330133" lat="33.971982"><ele>0.000000</ele><time>2024-12-02T17:48:45Z</time><extensions><speed>1.580558</speed><course>18.697070</course><hAcc>4.742011</hAcc><vAcc>-1.000000</vAcc></extensions></trkpt>
      <trkpt lon="-117.330128" lat="33.971995"><ele>0.000000</ele><time>2024-12-02T17:48:46Z</time><extensions><speed>1.547500</speed><course>16.288544</course><hAcc>4.697634</hAcc><vAcc>-1.000000</vAcc></extensions></trkpt>
      <trkpt lon="-117.330124" lat="33.972008"><ele>0.000000</ele><time>2024-12-02T17:48:47Z</time><extensions><speed>1.499995</speed><course>13.488221</course><hAcc>4.650812</hAcc><vAcc>-1.000000</vAcc></extensions></trkpt>
      <trkpt lon="-117.330121" lat="33.972021"><ele>0.000000</ele><time>2024-12-02T17:48:48Z</time><extensions><speed>1.451074</speed><course>10.158229</course><hAcc>4.603672</hAcc><vAcc>-1.000000</vAcc></extensions></trkpt>
      <trkpt lon="-117.330119" lat="33.972034"><ele>0.000000</ele><time>2024-12-02T17:48:49Z</time><extensions><speed>1.403465</speed><course>6.988161</course><hAcc>4.558368</hAcc><vAcc>-1.000000</vAcc></extensions></trkpt>
      <trkpt lon="-117.330118" lat="33.972046"><ele>0.000000</ele><time>2024-12-02T17:48:50Z</time><extensions><speed>1.346136</speed><course>3.696672</course><hAcc>4.516452</hAcc><vAcc>-1.000000</vAcc></extensions></trkpt>
      <trkpt lon="-117.330117" lat="33.972058"><ele>0.000000</ele><time>2024-12-02T17:48:51Z</time><extensions><speed>1.284898</speed><course>1.251685</course><hAcc>4.478255</hAcc><vAcc>-1.000000</vAcc></extensions></trkpt>
      <trkpt lon="-117.330117" lat="33.972070"><ele>0.000000</ele><time>2024-12-02T17:48:52Z</time><extensions><speed>1.242714</speed><course>359.540085</course><hAcc>4.442896</hAcc><vAcc>-1.000000</vAcc></extensions></trkpt>
      <trkpt lon="-117.330118" lat="33.972081"><ele>0.000000</ele><time>2024-12-02T17:48:53Z</time><extensions><speed>1.205480</speed><course>358.154797</course><hAcc>4.408840</hAcc><vAcc>-1.000000</vAcc></extensions></trkpt>
      <trkpt lon="-117.330118" lat="33.972091"><ele>0.000000</ele><time>2024-12-02T17:48:54Z</time><extensions><speed>1.170292</speed><course>357.381137</course><hAcc>4.374593</hAcc><vAcc>-1.000000</vAcc></extensions></trkpt>
      <trkpt lon="-117.330118" lat="33.972102"><ele>0.000000</ele><time>2024-12-02T17:48:55Z</time><extensions><speed>1.145305</speed><course>356.969040</course><hAcc>4.338876</hAcc><vAcc>-1.000000</vAcc></extensions></trkpt>
      <trkpt lon="-117.330119" lat="33.972112"><ele>0.000000</ele><time>2024-12-02T17:48:56Z</time><extensions><speed>1.122142</speed><course>357.061588</course><hAcc>4.300690</hAcc><vAcc>-1.000000</vAcc></extensions></trkpt>
      <trkpt lon="-117.330120" lat="33.972122"><ele>0.000000</ele><time>2024-12-02T17:48:57Z</time><extensions><speed>1.100048</speed><course>357.599953</course><hAcc>4.259183</hAcc><vAcc>-1.000000</vAcc></extensions></trkpt>
      <trkpt lon="-117.330120" lat="33.972131"><ele>0.000000</ele><time>2024-12-02T17:48:58Z</time><extensions><speed>1.081094</speed><course>358.162373</course><hAcc>4.213486</hAcc><vAcc>-1.000000</vAcc></extensions></trkpt>
      <trkpt lon="-117.330120" lat="33.972141"><ele>0.000000</ele><time>2024-12-02T17:48:59Z</time><extensions><speed>1.055682</speed><course>358.671239</course><hAcc>4.162647</hAcc><vAcc>-1.000000</vAcc></extensions></trkpt>
      <trkpt lon="-117.330120" lat="33.972150"><ele>0.000000</ele><time>2024-12-02T17:49:00Z</time><extensions><speed>1.019593</speed><course>359.130108</course><hAcc>4.105686</hAcc><vAcc>-1.000000</vAcc></extensions></trkpt>
      <trkpt lon="-117.330121" lat="33.972159"><ele>0.000000</ele><time>2024-12-02T17:49:01Z</time><extensions><speed>0.977435</speed><course>359.619875</course><hAcc>4.041625</hAcc><vAcc>-1.000000</vAcc></extensions></trkpt>
      <trkpt lon="-117.330120" lat="33.972168"><ele>0.000000</ele><time>2024-12-02T17:49:02Z</time><extensions><speed>0.946020</speed><course>0.264938</course><hAcc>3.969510</hAcc><vAcc>-1.000000</vAcc></extensions></trkpt>
      <trkpt lon="-117.330120" lat="33.972176"><ele>0.000000</ele><time>2024-12-02T17:49:03Z</time><extensions><speed>0.956021</speed><course>1.247892</course><hAcc>3.888798</hAcc><vAcc>-1.000000</vAcc></extensions></trkpt>
      <trkpt lon="-117.330120" lat="33.972185"><ele>0.000000</ele><time>2024-12-02T17:49:04Z</time><extensions><speed>1.016476</speed><course>0.064366</course><hAcc>3.799544</hAcc><vAcc>-1.000000</vAcc></extensions></trkpt>
      <trkpt lon="-117.330120" lat="33.972195"><ele>0.000000</ele><time>2024-12-02T17:49:05Z</time><extensions><speed>1.090494</speed><course>0.195797</course><hAcc>3.702086</hAcc><vAcc>-1.000000</vAcc></extensions></trkpt>
      <trkpt lon="-117.330120" lat="33.972205"><ele>0.000000</ele><time>2024-12-02T17:49:06Z</time><extensions><speed>1.157965</speed><course>1.917301</course><hAcc>3.596487</hAcc><vAcc>-1.000000</vAcc></extensions></trkpt>
      <trkpt lon="-117.330119" lat="33.972216"><ele>0.000000</ele><time>2024-12-02T17:49:07Z</time><extensions><speed>1.210959</speed><course>2.495437</course><hAcc>3.482787</hAcc><vAcc>-1.000000</vAcc></extensions></trkpt>
      <trkpt lon="-117.330119" lat="33.972227"><ele>0.000000</ele><time>2024-12-02T17:49:08Z</time><extensions><speed>1.255273</speed><course>2.428689</course><hAcc>3.361799</hAcc><vAcc>-1.000000</vAcc></extensions></trkpt>
      <trkpt lon="-117.330118" lat="33.972238"><ele>0.000000</ele><time>2024-12-02T17:49:09Z</time><extensions><speed>1.307971</speed><course>1.979515</course><hAcc>3.235907</hAcc><vAcc>-1.000000</vAcc></extensions></trkpt>
      <trkpt lon="-117.330118" lat="33.972250"><ele>0.000000</ele><time>2024-12-02T17:49:10Z</time><extensions><speed>1.363303</speed><course>1.370818</course><hAcc>3.109594</hAcc><vAcc>-1.000000</vAcc></extensions></trkpt>
      <trkpt lon="-117.330118" lat="33.972263"><ele>0.000000</ele><time>2024-12-02T17:49:11Z</time><extensions><speed>1.417799</speed><course>0.739339</course><hAcc>2.989840</hAcc><vAcc>-1.000000</vAcc></extensions></trkpt>
      <trkpt lon="-117.330117" lat="33.972276"><ele>0.000000</ele><time>2024-12-02T17:49:12Z</time><extensions><speed>1.440132</speed><course>0.150302</course><hAcc>2.882375</hAcc><vAcc>-1.000000</vAcc></extensions></trkpt>
      <trkpt lon="-117.330117" lat="33.972289"><ele>0.000000</ele><time>2024-12-02T17:49:13Z</time><extensions><speed>1.460631</speed><course>359.580748</course><hAcc>2.788179</hAcc><vAcc>-1.000000</vAcc></extensions></trkpt>
      <trkpt lon="-117.330118" lat="33.972302"><ele>0.000000</ele><time>2024-12-02T17:49:14Z</time><extensions><speed>1.487190</speed><course>359.027352</course><hAcc>2.705099</hAcc><vAcc>-1.000000</vAcc></extensions></trkpt>
      <trkpt lon="-117.330118" lat="33.972315"><ele>0.000000</ele><time>2024-12-02T17:49:15Z</time><extensions><speed>1.487439</speed><course>358.626593</course><hAcc>2.628547</hAcc><vAcc>-1.000000</vAcc></extensions></trkpt>
      <trkpt lon="-117.330118" lat="33.972329"><ele>0.000000</ele><time>2024-12-02T17:49:16Z</time><extensions><speed>1.493740</speed><course>358.221296</course><hAcc>2.553313</hAcc><vAcc>-1.000000</vAcc></extensions></trkpt>
      <trkpt lon="-117.330119" lat="33.972342"><ele>0.000000</ele><time>2024-12-02T17:49:17Z</time><extensions><speed>1.504638</speed><course>357.962714</course><hAcc>2.479484</hAcc><vAcc>-1.000000</vAcc></extensions></trkpt>
      <trkpt lon="-117.330120" lat="33.972356"><ele>0.000000</ele><time>2024-12-02T17:49:18Z</time><extensions><speed>1.508546</speed><course>357.763077</course><hAcc>2.412449</hAcc><vAcc>-1.000000</vAcc></extensions></trkpt>
      <trkpt lon="-117.330120" lat="33.972369"><ele>0.000000</ele><time>2024-12-02T17:49:19Z</time><extensions><speed>1.469078</speed><course>357.560733</course><hAcc>2.355862</hAcc><vAcc>-1.000000</vAcc></extensions></trkpt>
      <trkpt lon="-117.330121" lat="33.972382"><ele>0.000000</ele><time>2024-12-02T17:49:20Z</time><extensions><speed>1.433495</speed><course>357.314120</course><hAcc>2.308962</hAcc><vAcc>-1.000000</vAcc></extensions></trkpt>
      <trkpt lon="-117.330122" lat="33.972395"><ele>0.000000</ele><time>2024-12-02T17:49:21Z</time><extensions><speed>1.400866</speed><course>356.948502</course><hAcc>2.270677</hAcc><vAcc>-1.000000</vAcc></extensions></trkpt>
      <trkpt lon="-117.330123" lat="33.972408"><ele>0.000000</ele><time>2024-12-02T17:49:22Z</time><extensions><speed>1.353999</speed><course>356.594017</course><hAcc>2.237896</hAcc><vAcc>-1.000000</vAcc></extensions></trkpt>
      <trkpt lon="-117.330123" lat="33.972420"><ele>0.000000</ele><time>2024-12-02T17:49:23Z</time><extensions><speed>1.327178</speed><course>356.189723</course><hAcc>2.206775</hAcc><vAcc>-1.000000</vAcc></extensions></trkpt>
      <trkpt lon="-117.330124" lat="33.972432"><ele>0.000000</ele><time>2024-12-02T17:49:24Z</time><extensions><speed>1.310479</speed><course>355.664218</course><hAcc>2.176619</hAcc><vAcc>-1.000000</vAcc></extensions></trkpt>
      <trkpt lon="-117.330126" lat="33.972443"><ele>0.000000</ele><time>2024-12-02T17:49:25Z</time><extensions><speed>1.279033</speed><course>354.901322</course><hAcc>2.145385</hAcc><vAcc>-1.000000</vAcc></extensions></trkpt>
      <trkpt lon="-117.330127" lat="33.972455"><ele>0.000000</ele><time>2024-12-02T17:49:26Z</time><extensions><speed>1.248872</speed><course>353.846942</course><hAcc>2.111305</hAcc><vAcc>-1.000000</vAcc></extensions></trkpt>
      <trkpt lon="-117.330129" lat="33.972466"><ele>0.000000</ele><time>2024-12-02T17:49:27Z</time><extensions><speed>1.220183</speed><course>352.510892</course><hAcc>2.079596</hAcc><vAcc>-1.000000</vAcc></extensions></trkpt>
      <trkpt lon="-117.330130" lat="33.972476"><ele>0.000000</ele><time>2024-12-02T17:49:28Z</time><extensions><speed>1.191297</speed><course>351.513617</course><hAcc>2.058372</hAcc><vAcc>-1.000000</vAcc></extensions></trkpt>
      <trkpt lon="-117.330132" lat="33.972487"><ele>0.000000</ele><time>2024-12-02T17:49:29Z</time><extensions><speed>1.191276</speed><course>350.855753</course><hAcc>2.051511</hAcc><vAcc>-1.000000</vAcc></extensions></trkpt>
      <trkpt lon="-117.330134" lat="33.972498"><ele>0.000000</ele><time>2024-12-02T17:49:30Z</time><extensions><speed>1.214176</speed><course>350.552525</course><hAcc>2.053992</hAcc><vAcc>-1.000000</vAcc></extensions></trkpt>
      <trkpt lon="-117.330137" lat="33.972508"><ele>0.000000</ele><time>2024-12-02T17:49:31Z</time><extensions><speed>1.197561</speed><course>350.587724</course><hAcc>2.055171</hAcc><vAcc>-1.000000</vAcc></extensions></trkpt>
      <trkpt lon="-117.330139" lat="33.972519"><ele>0.000000</ele><time>2024-12-02T17:49:32Z</time><extensions><speed>1.173484</speed><course>351.007349</course><hAcc>2.048380</hAcc><vAcc>-1.000000</vAcc></extensions></trkpt>
      <trkpt lon="-117.330140" lat="33.972529"><ele>0.000000</ele><time>2024-12-02T17:49:33Z</time><extensions><speed>1.144259</speed><course>351.924146</course><hAcc>2.034082</hAcc><vAcc>-1.000000</vAcc></extensions></trkpt>
      <trkpt lon="-117.330142" lat="33.972539"><ele>0.000000</ele><time>2024-12-02T17:49:34Z</time><extensions><speed>1.107154</speed><course>352.779349</course><hAcc>2.008738</hAcc><vAcc>-1.000000</vAcc></extensions></trkpt>
      <trkpt lon="-117.330143" lat="33.972549"><ele>0.000000</ele><time>2024-12-02T17:49:35Z</time><extensions><speed>1.080845</speed><course>353.928883</course><hAcc>1.966333</hAcc><vAcc>-1.000000</vAcc></extensions></trkpt>
      <trkpt lon="-117.330145" lat="33.972559"><ele>0.000000</ele><time>2024-12-02T17:49:36Z</time><extensions><speed>1.068382</speed><course>354.888142</course><hAcc>1.913337</hAcc><vAcc>-1.000000</vAcc></extensions></trkpt>
      <trkpt lon="-117.330146" lat="33.972568"><ele>0.000000</ele><time>2024-12-02T17:49:37Z</time><extensions><speed>1.060607</speed><course>355.748193</course><hAcc>1.865514</hAcc><vAcc>-1.000000</vAcc></extensions></trkpt>
      <trkpt lon="-117.330146" lat="33.972578"><ele>0.000000</ele><time>2024-12-02T17:49:38Z</time><extensions><speed>1.070342</speed><course>356.611571</course><hAcc>1.839822</hAcc><vAcc>-1.000000</vAcc></extensions></trkpt>
      <trkpt lon="-117.330147" lat="33.972588"><ele>0.000000</ele><time>2024-12-02T17:49:39Z</time><extensions><speed>1.086056</speed><course>357.530496</course><hAcc>1.850398</hAcc><vAcc>-1.000000</vAcc></extensions></trkpt>
      <trkpt lon="-117.330147" lat="33.972597"><ele>0.000000</ele><time>2024-12-02T17:49:40Z</time><extensions><speed>1.116624</speed><course>358.119466</course><hAcc>1.891443</hAcc><vAcc>-1.000000</vAcc></extensions></trkpt>
      <trkpt lon="-117.330148" lat="33.972608"><ele>0.000000</ele><time>2024-12-02T17:49:41Z</time><extensions><speed>1.155986</speed><course>358.440018</course><hAcc>1.938102</hAcc><vAcc>-1.000000</vAcc></extensions></trkpt>
      <trkpt lon="-117.330148" lat="33.972618"><ele>0.000000</ele><time>2024-12-02T17:49:42Z</time><extensions><speed>1.206296</speed><course>358.586139</course><hAcc>1.973741</hAcc><vAcc>-1.000000</vAcc></extensions></trkpt>
      <trkpt lon="-117.330148" lat="33.972629"><ele>0.000000</ele><time>2024-12-02T17:49:43Z</time><extensions><speed>1.258288</speed><course>358.655473</course><hAcc>1.997985</hAcc><vAcc>-1.000000</vAcc></extensions></trkpt>
      <trkpt lon="-117.330149" lat="33.972641"><ele>0.000000</ele><time>2024-12-02T17:49:44Z</time><extensions><speed>1.288448</speed><course>358.734748</course><hAcc>2.010765</hAcc><vAcc>-1.000000</vAcc></extensions></trkpt>
      <trkpt lon="-117.330149" lat="33.972653"><ele>0.000000</ele><time>2024-12-02T17:49:45Z</time><extensions><speed>1.311775</speed><course>358.889946</course><hAcc>2.012922</hAcc><vAcc>-1.000000</vAcc></extensions></trkpt>
      <trkpt lon="-117.330149" lat="33.972665"><ele>0.000000</ele><time>2024-12-02T17:49:46Z</time><extensions><speed>1.336350</speed><course>359.178800</course><hAcc>2.011603</hAcc><vAcc>-1.000000</vAcc></extensions></trkpt>
      <trkpt lon="-117.330149" lat="33.972677"><ele>0.000000</ele><time>2024-12-02T17:49:47Z</time><extensions><speed>1.329173</speed><course>359.442546</course><hAcc>2.008204</hAcc><vAcc>-1.000000</vAcc></extensions></trkpt>
      <trkpt lon="-117.330150" lat="33.972688"><ele>0.000000</ele><time>2024-12-02T17:49:48Z</time><extensions><speed>1.313537</speed><course>359.810068</course><hAcc>1.997531</hAcc><vAcc>-1.000000</vAcc></extensions></trkpt>
      <trkpt lon="-117.330150" lat="33.972700"><ele>0.000000</ele><time>2024-12-02T17:49:49Z</time><extensions><speed>1.297480</speed><course>0.141706</course><hAcc>1.977125</hAcc><vAcc>-1.000000</vAcc></extensions></trkpt>
      <trkpt lon="-117.330149" lat="33.972712"><ele>0.000000</ele><time>2024-12-02T17:49:50Z</time><extensions><speed>1.264412</speed><course>0.505331</course><hAcc>1.941219</hAcc><vAcc>-1.000000</vAcc></extensions></trkpt>
      <trkpt lon="-117.330149" lat="33.972723"><ele>0.000000</ele><time>2024-12-02T17:49:51Z</time><extensions><speed>1.249272</speed><course>0.896439</course><hAcc>1.886894</hAcc><vAcc>-1.000000</vAcc></extensions></trkpt>
      <trkpt lon="-117.330149" lat="33.972734"><ele>0.000000</ele><time>2024-12-02T17:49:52Z</time><extensions><speed>1.259998</speed><course>1.285930</course><hAcc>1.833358</hAcc><vAcc>-1.000000</vAcc></extensions></trkpt>
      <trkpt lon="-117.330149" lat="33.972746"><ele>0.000000</ele><time>2024-12-02T17:49:53Z</time><extensions><speed>1.278064</speed><course>1.461414</course><hAcc>1.812713</hAcc><vAcc>-1.000000</vAcc></extensions></trkpt>
      <trkpt lon="-117.330148" lat="33.972757"><ele>0.000000</ele><time>2024-12-02T17:49:54Z</time><extensions><speed>1.293856</speed><course>1.368030</course><hAcc>1.839973</hAcc><vAcc>-1.000000</vAcc></extensions></trkpt>
      <trkpt lon="-117.330148" lat="33.972769"><ele>0.000000</ele><time>2024-12-02T17:49:55Z</time><extensions><speed>1.314070</speed><course>1.005867</course><hAcc>1.898777</hAcc><vAcc>-1.000000</vAcc></extensions></trkpt>
      <trkpt lon="-117.330148" lat="33.972781"><ele>0.000000</ele><time>2024-12-02T17:49:56Z</time><extensions><speed>1.324521</speed><course>0.290216</course><hAcc>1.955915</hAcc><vAcc>-1.000000</vAcc></extensions></trkpt>
      <trkpt lon="-117.330148" lat="33.972793"><ele>0.000000</ele><time>2024-12-02T17:49:57Z</time><extensions><speed>1.334955</speed><course>359.245086</course><hAcc>1.993511</hAcc><vAcc>-1.000000</vAcc></extensions></trkpt>
      <trkpt lon="-117.330148" lat="33.972805"><ele>0.000000</ele><time>2024-12-02T17:49:58Z</time><extensions><speed>1.341574</speed><course>357.865086</course><hAcc>2.014914</hAcc><vAcc>-1.000000</vAcc></extensions></trkpt>
      <trkpt lon="-117.330149" lat="33.972817"><ele>0.000000</ele><time>2024-12-02T17:49:59Z</time><extensions><speed>1.315170</speed><course>356.300975</course><hAcc>2.024331</hAcc><vAcc>-1.000000</vAcc></extensions></trkpt>
      <trkpt lon="-117.330150" lat="33.972829"><ele>0.000000</ele><time>2024-12-02T17:50:00Z</time><extensions><speed>1.283953</speed><course>355.072572</course><hAcc>2.023651</hAcc><vAcc>-1.000000</vAcc></extensions></trkpt>
      <trkpt lon="-117.330151" lat="33.972840"><ele>0.000000</ele><time>2024-12-02T17:50:01Z</time><extensions><speed>1.256296</speed><course>355.904558</course><hAcc>2.019940</hAcc><vAcc>-1.000000</vAcc></extensions></trkpt>
      <trkpt lon="-117.330152" lat="33.972851"><ele>0.000000</ele><time>2024-12-02T17:50:02Z</time><extensions><speed>1.229876</speed><course>359.738724</course><hAcc>2.016439</hAcc><vAcc>-1.000000</vAcc></extensions></trkpt>
      <trkpt lon="-117.330151" lat="33.972862"><ele>0.000000</ele><time>2024-12-02T17:50:03Z</time><extensions><speed>1.239430</speed><course>4.277664</course><hAcc>2.012302</hAcc><vAcc>-1.000000</vAcc></extensions></trkpt>
      <trkpt lon="-117.330150" lat="33.972874"><ele>0.000000</ele><time>2024-12-02T17:50:04Z</time><extensions><speed>1.257389</speed><course>7.355618</course><hAcc>2.012188</hAcc><vAcc>-1.000000</vAcc></extensions></trkpt>
      <trkpt lon="-117.330148" lat="33.972885"><ele>0.000000</ele><time>2024-12-02T17:50:05Z</time><extensions><speed>1.270872</speed><course>9.429420</course><hAcc>2.016585</hAcc><vAcc>-1.000000</vAcc></extensions></trkpt>
      <trkpt lon="-117.330146" lat="33.972896"><ele>0.000000</ele><time>2024-12-02T17:50:06Z</time><extensions><speed>1.292279</speed><course>11.406558</course><hAcc>2.020681</hAcc><vAcc>-1.000000</vAcc></extensions></trkpt>
      <trkpt lon="-117.330143" lat="33.972908"><ele>0.000000</ele><time>2024-12-02T17:50:07Z</time><extensions><speed>1.293096</speed><course>12.551343</course><hAcc>2.024488</hAcc><vAcc>-1.000000</vAcc></extensions></trkpt>
      <trkpt lon="-117.330139" lat="33.972919"><ele>0.000000</ele><time>2024-12-02T17:50:08Z</time><extensions><speed>1.269444</speed><course>14.258053</course><hAcc>2.025578</hAcc><vAcc>-1.000000</vAcc></extensions></trkpt>
      <trkpt lon="-117.330136" lat="33.972930"><ele>0.000000</ele><time>2024-12-02T17:50:09Z</time><extensions><speed>1.256317</speed><course>14.981987</course><hAcc>2.020767</hAcc><vAcc>-1.000000</vAcc></extensions></trkpt>
      <trkpt lon="-117.330132" lat="33.972941"><ele>0.000000</ele><time>2024-12-02T17:50:10Z</time><extensions><speed>1.248595</speed><course>14.864302</course><hAcc>2.015752</hAcc><vAcc>-1.000000</vAcc></extensions></trkpt>
      <trkpt lon="-117.330129" lat="33.972952"><ele>0.000000</ele><time>2024-12-02T17:50:11Z</time><extensions><speed>1.227907</speed><course>14.109082</course><hAcc>2.015686</hAcc><vAcc>-1.000000</vAcc></extensions></trkpt>
      <trkpt lon="-117.330126" lat="33.972962"><ele>0.000000</ele><time>2024-12-02T17:50:12Z</time><extensions><speed>1.226001</speed><course>12.250777</course><hAcc>2.019400</hAcc><vAcc>-1.000000</vAcc></extensions></trkpt>
      <trkpt lon="-117.330124" lat="33.972973"><ele>0.000000</ele><time>2024-12-02T17:50:13Z</time><extensions><speed>1.249076</speed><course>9.451901</course><hAcc>2.024589</hAcc><vAcc>-1.000000</vAcc></extensions></trkpt>
      <trkpt lon="-117.330122" lat="33.972985"><ele>0.000000</ele><time>2024-12-02T17:50:14Z</time><extensions><speed>1.248979</speed><course>6.737084</course><hAcc>2.025435</hAcc><vAcc>-1.000000</vAcc></extensions></trkpt>
      <trkpt lon="-117.330120" lat="33.972996"><ele>0.000000</ele><time>2024-12-02T17:50:15Z</time><extensions><speed>1.239838</speed><course>4.509800</course><hAcc>2.015711</hAcc><vAcc>-1.000000</vAcc></extensions></trkpt>
      <trkpt lon="-117.330120" lat="33.973007"><ele>0.000000</ele><time>2024-12-02T17:50:16Z</time><extensions><speed>1.241166</speed><course>2.861416</course><hAcc>1.995072</hAcc><vAcc>-1.000000</vAcc></extensions></trkpt>
      <trkpt lon="-117.330119" lat="33.973018"><ele>0.000000</ele><time>2024-12-02T17:50:17Z</time><extensions><speed>1.236749</speed><course>1.806934</course><hAcc>1.959734</hAcc><vAcc>-1.000000</vAcc></extensions></trkpt>
      <trkpt lon="-117.330119" lat="33.973029"><ele>0.000000</ele><time>2024-12-02T17:50:18Z</time><extensions><speed>1.242035</speed><course>1.214738</course><hAcc>1.905541</hAcc><vAcc>-1.000000</vAcc></extensions></trkpt>
      <trkpt lon="-117.330118" lat="33.973040"><ele>0.000000</ele><time>2024-12-02T17:50:19Z</time><extensions><speed>1.245504</speed><course>0.955865</course><hAcc>1.848819</hAcc><vAcc>-1.000000</vAcc></extensions></trkpt>
      <trkpt lon="-117.330118" lat="33.973052"><ele>0.000000</ele><time>2024-12-02T17:50:20Z</time><extensions><speed>1.228789</speed><course>0.893163</course><hAcc>1.820754</hAcc><vAcc>-1.000000</vAcc></extensions></trkpt>
      <trkpt lon="-117.330118" lat="33.973062"><ele>0.000000</ele><time>2024-12-02T17:50:21Z</time><extensions><speed>1.204799</speed><course>0.924059</course><hAcc>1.836466</hAcc><vAcc>-1.000000</vAcc></extensions></trkpt>
      <trkpt lon="-117.330118" lat="33.973073"><ele>0.000000</ele><time>2024-12-02T17:50:22Z</time><extensions><speed>1.190401</speed><course>0.987567</course><hAcc>1.884282</hAcc><vAcc>-1.000000</vAcc></extensions></trkpt>
      <trkpt lon="-117.330117" lat="33.973084"><ele>0.000000</ele><time>2024-12-02T17:50:23Z</time><extensions><speed>1.182668</speed><course>1.049790</course><hAcc>1.939528</hAcc><vAcc>-1.000000</vAcc></extensions></trkpt>
      <trkpt lon="-117.330117" lat="33.973095"><ele>0.000000</ele><time>2024-12-02T17:50:24Z</time><extensions><speed>1.199380</speed><course>1.099405</course><hAcc>1.985138</hAcc><vAcc>-1.000000</vAcc></extensions></trkpt>
      <trkpt lon="-117.330117" lat="33.973106"><ele>0.000000</ele><time>2024-12-02T17:50:25Z</time><extensions><speed>1.226759</speed><course>1.132546</course><hAcc>2.017438</hAcc><vAcc>-1.000000</vAcc></extensions></trkpt>
      <trkpt lon="-117.330117" lat="33.973117"><ele>0.000000</ele><time>2024-12-02T17:50:26Z</time><extensions><speed>1.233336</speed><course>1.151666</course><hAcc>2.035280</hAcc><vAcc>-1.000000</vAcc></extensions></trkpt>
      <trkpt lon="-117.330116" lat="33.973128"><ele>0.000000</ele><time>2024-12-02T17:50:27Z</time><extensions><speed>1.240951</speed><course>2.180598</course><hAcc>2.039887</hAcc><vAcc>-1.000000</vAcc></extensions></trkpt>
      <trkpt lon="-117.330115" lat="33.973139"><ele>0.000000</ele><time>2024-12-02T17:50:28Z</time><extensions><speed>1.256143</speed><course>2.377032</course><hAcc>2.040079</hAcc><vAcc>-1.000000</vAcc></extensions></trkpt>
      <trkpt lon="-117.330115" lat="33.973150"><ele>0.000000</ele><time>2024-12-02T17:50:29Z</time><extensions><speed>1.266443</speed><course>1.911517</course><hAcc>2.040380</hAcc><vAcc>-1.000000</vAcc></extensions></trkpt>
      <trkpt lon="-117.330114" lat="33.973162"><ele>0.000000</ele><time>2024-12-02T17:50:30Z</time><extensions><speed>1.300962</speed><course>0.496956</course><hAcc>2.038050</hAcc><vAcc>-1.000000</vAcc></extensions></trkpt>
      <trkpt lon="-117.330115" lat="33.973174"><ele>0.000000</ele><time>2024-12-02T17:50:31Z</time><extensions><speed>1.326872</speed><course>357.731500</course><hAcc>2.035446</hAcc><vAcc>-1.000000</vAcc></extensions></trkpt>
      <trkpt lon="-117.330116" lat="33.973186"><ele>0.000000</ele><time>2024-12-02T17:50:32Z</time><extensions><speed>1.317674</speed><course>352.864273</course><hAcc>2.035108</hAcc><vAcc>-1.000000</vAcc></extensions></trkpt>
      <trkpt lon="-117.330119" lat="33.973198"><ele>0.000000</ele><time>2024-12-02T17:50:33Z</time><extensions><speed>1.348487</speed><course>345.769325</course><hAcc>2.035065</hAcc><vAcc>-1.000000</vAcc></extensions></trkpt>
      <trkpt lon="-117.330123" lat="33.973209"><ele>0.000000</ele><time>2024-12-02T17:50:34Z</time><extensions><speed>1.428513</speed><course>337.097077</course><hAcc>2.035159</hAcc><vAcc>-1.000000</vAcc></extensions></trkpt>
      <trkpt lon="-117.330131" lat="33.973221"><ele>0.000000</ele><time>2024-12-02T17:50:35Z</time><extensions><speed>1.515184</speed><course>327.499309</course><hAcc>2.033006</hAcc><vAcc>-1.000000</vAcc></extensions></trkpt>
      <trkpt lon="-117.330141" lat="33.973232"><ele>0.000000</ele><time>2024-12-02T17:50:36Z</time><extensions><speed>1.608637</speed><course>319.763129</course><hAcc>2.027132</hAcc><vAcc>-1.000000</vAcc></extensions></trkpt>
      <trkpt lon="-117.330152" lat="33.973243"><ele>0.000000</ele><time>2024-12-02T17:50:37Z</time><extensions><speed>1.609007</speed><course>317.186355</course><hAcc>2.026846</hAcc><vAcc>-1.000000</vAcc></extensions></trkpt>
      <trkpt lon="-117.330163" lat="33.973254"><ele>0.000000</ele><time>2024-12-02T17:50:38Z</time><extensions><speed>1.478014</speed><course>322.697791</course><hAcc>2.038844</hAcc><vAcc>-1.000000</vAcc></extensions></trkpt>
      <trkpt lon="-117.330172" lat="33.973265"><ele>0.000000</ele><time>2024-12-02T17:50:39Z</time><extensions><speed>1.387847</speed><course>329.742887</course><hAcc>2.056510</hAcc><vAcc>-1.000000</vAcc></extensions></trkpt>
      <trkpt lon="-117.330178" lat="33.973275"><ele>0.000000</ele><time>2024-12-02T17:50:40Z</time><extensions><speed>1.307034</speed><course>335.254704</course><hAcc>2.073179</hAcc><vAcc>-1.000000</vAcc></extensions></trkpt>
      <trkpt lon="-117.330184" lat="33.973286"><ele>0.000000</ele><time>2024-12-02T17:50:41Z</time><extensions><speed>1.217382</speed><course>338.888483</course><hAcc>2.084381</hAcc><vAcc>-1.000000</vAcc></extensions></trkpt>
      <trkpt lon="-117.330188" lat="33.973296"><ele>0.000000</ele><time>2024-12-02T17:50:42Z</time><extensions><speed>1.151155</speed><course>341.362196</course><hAcc>2.087984</hAcc><vAcc>-1.000000</vAcc></extensions></trkpt>
      <trkpt lon="-117.330192" lat="33.973306"><ele>0.000000</ele><time>2024-12-02T17:50:43Z</time><extensions><speed>1.105008</speed><course>341.912276</course><hAcc>2.086012</hAcc><vAcc>-1.000000</vAcc></extensions></trkpt>
      <trkpt lon="-117.330196" lat="33.973315"><ele>0.000000</ele><time>2024-12-02T17:50:44Z</time><extensions><speed>1.070094</speed><course>340.325953</course><hAcc>2.077385</hAcc><vAcc>-1.000000</vAcc></extensions></trkpt>
      <trkpt lon="-117.330200" lat="33.973324"><ele>0.000000</ele><time>2024-12-02T17:50:45Z</time><extensions><speed>1.052052</speed><course>336.850835</course><hAcc>2.060963</hAcc><vAcc>-1.000000</vAcc></extensions></trkpt>
      <trkpt lon="-117.330205" lat="33.973332"><ele>0.000000</ele><time>2024-12-02T17:50:46Z</time><extensions><speed>1.048500</speed><course>330.593960</course><hAcc>2.044625</hAcc><vAcc>-1.000000</vAcc></extensions></trkpt>
      <trkpt lon="-117.330211" lat="33.973340"><ele>0.000000</ele><time>2024-12-02T17:50:47Z</time><extensions><speed>1.053193</speed><course>323.468513</course><hAcc>2.038284</hAcc><vAcc>-1.000000</vAcc></extensions></trkpt>
      <trkpt lon="-117.330218" lat="33.973348"><ele>0.000000</ele><time>2024-12-02T17:50:48Z</time><extensions><speed>1.068917</speed><course>317.251083</course><hAcc>2.043579</hAcc><vAcc>-1.000000</vAcc></extensions></trkpt>
      <trkpt lon="-117.330227" lat="33.973354"><ele>0.000000</ele><time>2024-12-02T17:50:49Z</time><extensions><speed>1.088641</speed><course>313.184670</course><hAcc>2.054917</hAcc><vAcc>-1.000000</vAcc></extensions></trkpt>
      <trkpt lon="-117.330235" lat="33.973361"><ele>0.000000</ele><time>2024-12-02T17:50:50Z</time><extensions><speed>1.088525</speed><course>310.875431</course><hAcc>2.063505</hAcc><vAcc>-1.000000</vAcc></extensions></trkpt>
      <trkpt lon="-117.330244" lat="33.973367"><ele>0.000000</ele><time>2024-12-02T17:50:51Z</time><extensions><speed>1.077024</speed><course>308.217999</course><hAcc>2.066605</hAcc><vAcc>-1.000000</vAcc></extensions></trkpt>
      <trkpt lon="-117.330254" lat="33.973373"><ele>0.000000</ele><time>2024-12-02T17:50:52Z</time><extensions><speed>1.051866</speed><course>304.210432</course><hAcc>2.070811</hAcc><vAcc>-1.000000</vAcc></extensions></trkpt>
      <trkpt lon="-117.330263" lat="33.973378"><ele>0.000000</ele><time>2024-12-02T17:50:53Z</time><extensions><speed>1.017474</speed><course>300.427483</course><hAcc>2.080969</hAcc><vAcc>-1.000000</vAcc></extensions></trkpt>
      <trkpt lon="-117.330273" lat="33.973382"><ele>0.000000</ele><time>2024-12-02T17:50:54Z</time><extensions><speed>0.994146</speed><course>296.582249</course><hAcc>2.095618</hAcc><vAcc>-1.000000</vAcc></extensions></trkpt>
      <trkpt lon="-117.330282" lat="33.973386"><ele>0.000000</ele><time>2024-12-02T17:50:55Z</time><extensions><speed>0.995928</speed><course>293.514660</course><hAcc>2.112049</hAcc><vAcc>-1.000000</vAcc></extensions></trkpt>
      <trkpt lon="-117.330292" lat="33.973389"><ele>0.000000</ele><time>2024-12-02T17:50:56Z</time><extensions><speed>1.023701</speed><course>290.797162</course><hAcc>2.127429</hAcc><vAcc>-1.000000</vAcc></extensions></trkpt>
      <trkpt lon="-117.330303" lat="33.973392"><ele>0.000000</ele><time>2024-12-02T17:50:57Z</time><extensions><speed>1.076726</speed><course>287.412812</course><hAcc>2.141418</hAcc><vAcc>-1.000000</vAcc></extensions></trkpt>
      <trkpt lon="-117.330315" lat="33.973395"><ele>0.000000</ele><time>2024-12-02T17:50:58Z</time><extensions><speed>1.143952</speed><course>283.867402</course><hAcc>2.156824</hAcc><vAcc>-1.000000</vAcc></extensions></trkpt>
      <trkpt lon="-117.330327" lat="33.973397"><ele>0.000000</ele><time>2024-12-02T17:50:59Z</time><extensions><speed>1.201854</speed><course>280.715258</course><hAcc>2.172135</hAcc><vAcc>-1.000000</vAcc></extensions></trkpt>
      <trkpt lon="-117.330340" lat="33.973399"><ele>0.000000</ele><time>2024-12-02T17:51:00Z</time><extensions><speed>1.250331</speed><course>278.128795</course><hAcc>2.183722</hAcc><vAcc>-1.000000</vAcc></extensions></trkpt>
      <trkpt lon="-117.330354" lat="33.973401"><ele>0.000000</ele><time>2024-12-02T17:51:01Z</time><extensions><speed>1.301551</speed><course>276.966434</course><hAcc>2.191394</hAcc><vAcc>-1.000000</vAcc></extensions></trkpt>
      <trkpt lon="-117.330368" lat="33.973402"><ele>0.000000</ele><time>2024-12-02T17:51:02Z</time><extensions><speed>1.323978</speed><course>277.646293</course><hAcc>2.193745</hAcc><vAcc>-1.000000</vAcc></extensions></trkpt>
      <trkpt lon="-117.330382" lat="33.973404"><ele>0.000000</ele><time>2024-12-02T17:51:03Z</time><extensions><speed>1.340567</speed><course>279.772130</course><hAcc>2.190324</hAcc><vAcc>-1.000000</vAcc></extensions></trkpt>
      <trkpt lon="-117.330397" lat="33.973407"><ele>0.000000</ele><time>2024-12-02T17:51:04Z</time><extensions><speed>1.404614</speed><course>284.684014</course><hAcc>2.185045</hAcc><vAcc>-1.000000</vAcc></extensions></trkpt>
      <trkpt lon="-117.330412" lat="33.973411"><ele>0.000000</ele><time>2024-12-02T17:51:05Z</time><extensions><speed>1.503287</speed><course>291.688307</course><hAcc>2.180131</hAcc><vAcc>-1.000000</vAcc></extensions></trkpt>
      <trkpt lon="-117.330427" lat="33.973416"><ele>0.000000</ele><time>2024-12-02T17:51:06Z</time><extensions><speed>1.534370</speed><course>294.833434</course><hAcc>2.181092</hAcc><vAcc>-1.000000</vAcc></extensions></trkpt>
      <trkpt lon="-117.330442" lat="33.973422"><ele>0.000000</ele><time>2024-12-02T17:51:07Z</time><extensions><speed>1.538540</speed><course>294.353788</course><hAcc>2.195235</hAcc><vAcc>-1.000000</vAcc></extensions></trkpt>
      <trkpt lon="-117.330457" lat="33.973427"><ele>0.000000</ele><time>2024-12-02T17:51:08Z</time><extensions><speed>1.498011</speed><course>288.677311</course><hAcc>2.217132</hAcc><vAcc>-1.000000</vAcc></extensions></trkpt>
      <trkpt lon="-117.330472" lat="33.973431"><ele>0.000000</ele><time>2024-12-02T17:51:09Z</time><extensions><speed>1.407559</speed><course>282.868544</course><hAcc>2.232734</hAcc><vAcc>-1.000000</vAcc></extensions></trkpt>
      <trkpt lon="-117.330487" lat="33.973433"><ele>0.000000</ele><time>2024-12-02T17:51:10Z</time><extensions><speed>1.283828</speed><course>277.460774</course><hAcc>2.234343</hAcc><vAcc>-1.000000</vAcc></extensions></trkpt>
      <trkpt lon="-117.330499" lat="33.973434"><ele>0.000000</ele><time>2024-12-02T17:51:11Z</time><extensions><speed>1.097299</speed><course>273.190654</course><hAcc>2.221829</hAcc><vAcc>-1.000000</vAcc></extensions></trkpt>
      <trkpt lon="-117.330510" lat="33.973434"><ele>0.000000</ele><time>2024-12-02T17:51:12Z</time><extensions><speed>0.948458</speed><course>269.075128</course><hAcc>2.199583</hAcc><vAcc>-1.000000</vAcc></extensions></trkpt>
      <trkpt lon="-117.330520" lat="33.973433"><ele>0.000000</ele><time>2024-12-02T17:51:13Z</time><extensions><speed>0.889666</speed><course>265.535412</course><hAcc>2.179142</hAcc><vAcc>-1.000000</vAcc></extensions></trkpt>
      <trkpt lon="-117.330530" lat="33.973433"><ele>0.000000</ele><time>2024-12-02T17:51:14Z</time><extensions><speed>0.902985</speed><course>263.642947</course><hAcc>2.173999</hAcc><vAcc>-1.000000</vAcc></extensions></trkpt>
      <trkpt lon="-117.330540" lat="33.973432"><ele>0.000000</ele><time>2024-12-02T17:51:15Z</time><extensions><speed>0.965327</speed><course>263.459281</course><hAcc>2.185053</hAcc><vAcc>-1.000000</vAcc></extensions></trkpt>
      <trkpt lon="-117.330551" lat="33.973431"><ele>0.000000</ele><time>2024-12-02T17:51:16Z</time><extensions><speed>1.034558</speed><course>264.060953</course><hAcc>2.201887</hAcc><vAcc>-1.000000</vAcc></extensions></trkpt>
      <trkpt lon="-117.330562" lat="33.973430"><ele>0.000000</ele><time>2024-12-02T17:51:17Z</time><extensions><speed>1.086364</speed><course>264.945379</course><hAcc>2.213975</hAcc><vAcc>-1.000000</vAcc></extensions></trkpt>
      <trkpt lon="-117.330574" lat="33.973429"><ele>0.000000</ele><time>2024-12-02T17:51:18Z</time><extensions><speed>1.137796</speed><course>265.819418</course><hAcc>2.218078</hAcc><vAcc>-1.000000</vAcc></extensions></trkpt>
      <trkpt lon="-117.330587" lat="33.973428"><ele>0.000000</ele><time>2024-12-02T17:51:19Z</time><extensions><speed>1.189369</speed><course>266.788958</course><hAcc>2.218457</hAcc><vAcc>-1.000000</vAcc></extensions></trkpt>
      <trkpt lon="-117.330600" lat="33.973428"><ele>0.000000</ele><time>2024-12-02T17:51:20Z</time><extensions><speed>1.220014</speed><course>267.922989</course><hAcc>2.217871</hAcc><vAcc>-1.000000</vAcc></extensions></trkpt>
      <trkpt lon="-117.330613" lat="33.973428"><ele>0.000000</ele><time>2024-12-02T17:51:21Z</time><extensions><speed>1.234800</speed><course>269.022691</course><hAcc>2.215597</hAcc><vAcc>-1.000000</vAcc></extensions></trkpt>
      <trkpt lon="-117.330626" lat="33.973428"><ele>0.000000</ele><time>2024-12-02T17:51:22Z</time><extensions><speed>1.240455</speed><course>270.023285</course><hAcc>2.211915</hAcc><vAcc>-1.000000</vAcc></extensions></trkpt>
      <trkpt lon="-117.330640" lat="33.973428"><ele>0.000000</ele><time>2024-12-02T17:51:23Z</time><extensions><speed>1.219413</speed><course>271.363409</course><hAcc>2.205421</hAcc><vAcc>-1.000000</vAcc></extensions></trkpt>
      <trkpt lon="-117.330653" lat="33.973428"><ele>0.000000</ele><time>2024-12-02T17:51:24Z</time><extensions><speed>1.207580</speed><course>271.943067</course><hAcc>2.194591</hAcc><vAcc>-1.000000</vAcc></extensions></trkpt>
      <trkpt lon="-117.330666" lat="33.973428"><ele>0.000000</ele><time>2024-12-02T17:51:25Z</time><extensions><speed>1.212956</speed><course>271.812066</course><hAcc>2.182128</hAcc><vAcc>-1.000000</vAcc></extensions></trkpt>
      <trkpt lon="-117.330679" lat="33.973429"><ele>0.000000</ele><time>2024-12-02T17:51:26Z</time><extensions><speed>1.225906</speed><course>271.054934</course><hAcc>2.169622</hAcc><vAcc>-1.000000</vAcc></extensions></trkpt>
      <trkpt lon="-117.330693" lat="33.973429"><ele>0.000000</ele><time>2024-12-02T17:51:27Z</time><extensions><speed>1.262985</speed><course>269.814583</course><hAcc>2.157204</hAcc><vAcc>-1.000000</vAcc></extensions></trkpt>
      <trkpt lon="-117.330706" lat="33.973428"><ele>0.000000</ele><time>2024-12-02T17:51:28Z</time><extensions><speed>1.306965</speed><course>267.866685</course><hAcc>2.148389</hAcc><vAcc>-1.000000</vAcc></extensions></trkpt>
      <trkpt lon="-117.330721" lat="33.973428"><ele>0.000000</ele><time>2024-12-02T17:51:29Z</time><extensions><speed>1.327065</speed><course>265.825185</course><hAcc>2.144441</hAcc><vAcc>-1.000000</vAcc></extensions></trkpt>
      <trkpt lon="-117.330735" lat="33.973427"><ele>0.000000</ele><time>2024-12-02T17:51:30Z</time><extensions><speed>1.365361</speed><course>264.428326</course><hAcc>2.143358</hAcc><vAcc>-1.000000</vAcc></extensions></trkpt>
      <trkpt lon="-117.330750" lat="33.973425"><ele>0.000000</ele><time>2024-12-02T17:51:31Z</time><extensions><speed>1.418278</speed><course>263.896088</course><hAcc>2.144471</hAcc><vAcc>-1.000000</vAcc></extensions></trkpt>
      <trkpt lon="-117.330766" lat="33.973424"><ele>0.000000</ele><time>2024-12-02T17:51:32Z</time><extensions><speed>1.447823</speed><course>264.108902</course><hAcc>2.145650</hAcc><vAcc>-1.000000</vAcc></extensions></trkpt>
      <trkpt lon="-117.330782" lat="33.973423"><ele>0.000000</ele><time>2024-12-02T17:51:33Z</time><extensions><speed>1.486273</speed><course>265.473324</course><hAcc>2.144714</hAcc><vAcc>-1.000000</vAcc></extensions></trkpt>
      <trkpt lon="-117.330798" lat="33.973422"><ele>0.000000</ele><time>2024-12-02T17:51:34Z</time><extensions><speed>1.532033</speed><course>268.335177</course><hAcc>2.143353</hAcc><vAcc>-1.000000</vAcc></extensions></trkpt>
      <trkpt lon="-117.330814" lat="33.973422"><ele>0.000000</ele><time>2024-12-02T17:51:35Z</time><extensions><speed>1.527235</speed><course>272.959971</course><hAcc>2.139985</hAcc><vAcc>-1.000000</vAcc></extensions></trkpt>
      <trkpt lon="-117.330831" lat="33.973424"><ele>0.000000</ele><time>2024-12-02T17:51:36Z</time><extensions><speed>1.485654</speed><course>280.014802</course><hAcc>2.130545</hAcc><vAcc>-1.000000</vAcc></extensions></trkpt>
      <trkpt lon="-117.330846" lat="33.973427"><ele>0.000000</ele><time>2024-12-02T17:51:37Z</time><extensions><speed>1.391179</speed><course>290.524399</course><hAcc>2.115647</hAcc><vAcc>-1.000000</vAcc></extensions></trkpt>
      <trkpt lon="-117.330858" lat="33.973433"><ele>0.000000</ele><time>2024-12-02T17:51:38Z</time><extensions><speed>1.221749</speed><course>306.795654</course><hAcc>2.098344</hAcc><vAcc>-1.000000</vAcc></extensions></trkpt>
      <trkpt lon="-117.330867" lat="33.973440"><ele>0.000000</ele><time>2024-12-02T17:51:39Z</time><extensions><speed>1.094685</speed><course>321.634162</course><hAcc>2.084376</hAcc><vAcc>-1.000000</vAcc></extensions></trkpt>
      <trkpt lon="-117.330873" lat="33.973448"><ele>0.000000</ele><time>2024-12-02T17:51:40Z</time><extensions><speed>1.008674</speed><course>333.667928</course><hAcc>2.079584</hAcc><vAcc>-1.000000</vAcc></extensions></trkpt>
      <trkpt lon="-117.330877" lat="33.973456"><ele>0.000000</ele><time>2024-12-02T17:51:41Z</time><extensions><speed>0.987849</speed><course>342.877920</course><hAcc>2.080555</hAcc><vAcc>-1.000000</vAcc></extensions></trkpt>
      <trkpt lon="-117.330879" lat="33.973465"><ele>0.000000</ele><time>2024-12-02T17:51:42Z</time><extensions><speed>1.016482</speed><course>348.777224</course><hAcc>2.079727</hAcc><vAcc>-1.000000</vAcc></extensions></trkpt>
      <trkpt lon="-117.330881" lat="33.973474"><ele>0.000000</ele><time>2024-12-02T17:51:43Z</time><extensions><speed>1.050453</speed><course>351.743604</course><hAcc>2.073324</hAcc><vAcc>-1.000000</vAcc></extensions></trkpt>
      <trkpt lon="-117.330883" lat="33.973483"><ele>0.000000</ele><time>2024-12-02T17:51:44Z</time><extensions><speed>1.063832</speed><course>352.772169</course><hAcc>2.062765</hAcc><vAcc>-1.000000</vAcc></extensions></trkpt>
      <trkpt lon="-117.330884" lat="33.973493"><ele>0.000000</ele><time>2024-12-02T17:51:45Z</time><extensions><speed>1.074015</speed><course>352.778303</course><hAcc>2.054961</hAcc><vAcc>-1.000000</vAcc></extensions></trkpt>
      <trkpt lon="-117.330886" lat="33.973503"><ele>0.000000</ele><time>2024-12-02T17:51:46Z</time><extensions><speed>1.108242</speed><course>352.447908</course><hAcc>2.056458</hAcc><vAcc>-1.000000</vAcc></extensions></trkpt>
      <trkpt lon="-117.330888" lat="33.973513"><ele>0.000000</ele><time>2024-12-02T17:51:47Z</time><extensions><speed>1.158538</speed><course>351.914863</course><hAcc>2.062029</hAcc><vAcc>-1.000000</vAcc></extensions></trkpt>
      <trkpt lon="-117.330889" lat="33.973523"><ele>0.000000</ele><time>2024-12-02T17:51:48Z</time><extensions><speed>1.219282</speed><course>351.493548</course><hAcc>2.064431</hAcc><vAcc>-1.000000</vAcc></extensions></trkpt>
      <trkpt lon="-117.330892" lat="33.973534"><ele>0.000000</ele><time>2024-12-02T17:51:49Z</time><extensions><speed>1.284448</speed><course>351.319663</course><hAcc>2.065074</hAcc><vAcc>-1.000000</vAcc></extensions></trkpt>
      <trkpt lon="-117.330894" lat="33.973546"><ele>0.000000</ele><time>2024-12-02T17:51:50Z</time><extensions><speed>1.331089</speed><course>351.388763</course><hAcc>2.064539</hAcc><vAcc>-1.000000</vAcc></extensions></trkpt>
      <trkpt lon="-117.330896" lat="33.973558"><ele>0.000000</ele><time>2024-12-02T17:51:51Z</time><extensions><speed>1.376114</speed><course>352.009471</course><hAcc>2.062316</hAcc><vAcc>-1.000000</vAcc></extensions></trkpt>
      <trkpt lon="-117.330898" lat="33.973571"><ele>0.000000</ele><time>2024-12-02T17:51:52Z</time><extensions><speed>1.426177</speed><course>353.504988</course><hAcc>2.062109</hAcc><vAcc>-1.000000</vAcc></extensions></trkpt>
      <trkpt lon="-117.330899" lat="33.973584"><ele>0.000000</ele><time>2024-12-02T17:51:53Z</time><extensions><speed>1.439565</speed><course>355.924796</course><hAcc>2.062274</hAcc><vAcc>-1.000000</vAcc></extensions></trkpt>
      <trkpt lon="-117.330900" lat="33.973597"><ele>0.000000</ele><time>2024-12-02T17:51:54Z</time><extensions><speed>1.458197</speed><course>359.726195</course><hAcc>2.058698</hAcc><vAcc>-1.000000</vAcc></extensions></trkpt>
      <trkpt lon="-117.330899" lat="33.973610"><ele>0.000000</ele><time>2024-12-02T17:51:55Z</time><extensions><speed>1.488067</speed><course>4.823150</course><hAcc>2.053320</hAcc><vAcc>-1.000000</vAcc></extensions></trkpt>
      <trkpt lon="-117.330897" lat="33.973623"><ele>0.000000</ele><time>2024-12-02T17:51:56Z</time><extensions><speed>1.495045</speed><course>10.840168</course><hAcc>2.047173</hAcc><vAcc>-1.000000</vAcc></extensions></trkpt>
      <trkpt lon="-117.330893" lat="33.973636"><ele>0.000000</ele><time>2024-12-02T17:51:57Z</time><extensions><speed>1.524718</speed><course>16.355550</course><hAcc>2.042348</hAcc><vAcc>-1.000000</vAcc></extensions></trkpt>
      <trkpt lon="-117.330888" lat="33.973650"><ele>0.000000</ele><time>2024-12-02T17:51:58Z</time><extensions><speed>1.574059</speed><course>20.007623</course><hAcc>2.044228</hAcc><vAcc>-1.000000</vAcc></extensions></trkpt>
      <trkpt lon="-117.330882" lat="33.973663"><ele>0.000000</ele><time>2024-12-02T17:51:59Z</time><extensions><speed>1.589524</speed><course>22.112157</course><hAcc>2.048957</hAcc><vAcc>-1.000000</vAcc></extensions></trkpt>
      <trkpt lon="-117.330875" lat="33.973676"><ele>0.000000</ele><time>2024-12-02T17:52:00Z</time><extensions><speed>1.593545</speed><course>22.604467</course><hAcc>2.049137</hAcc><vAcc>-1.000000</vAcc></extensions></trkpt>
      <trkpt lon="-117.330869" lat="33.973690"><ele>0.000000</ele><time>2024-12-02T17:52:01Z</time><extensions><speed>1.587133</speed><course>21.680657</course><hAcc>2.045398</hAcc><vAcc>-1.000000</vAcc></extensions></trkpt>
      <trkpt lon="-117.330863" lat="33.973703"><ele>0.000000</ele><time>2024-12-02T17:52:02Z</time><extensions><speed>1.510784</speed><course>20.264679</course><hAcc>2.039503</hAcc><vAcc>-1.000000</vAcc></extensions></trkpt>
      <trkpt lon="-117.330858" lat="33.973715"><ele>0.000000</ele><time>2024-12-02T17:52:03Z</time><extensions><speed>1.441461</speed><course>17.520045</course><hAcc>2.032465</hAcc><vAcc>-1.000000</vAcc></extensions></trkpt>
      <trkpt lon="-117.330853" lat="33.973727"><ele>0.000000</ele><time>2024-12-02T17:52:04Z</time><extensions><speed>1.396458</speed><course>13.678139</course><hAcc>2.027010</hAcc><vAcc>-1.000000</vAcc></extensions></trkpt>
      <trkpt lon="-117.330850" lat="33.973740"><ele>0.000000</ele><time>2024-12-02T17:52:05Z</time><extensions><speed>1.354532</speed><course>9.823765</course><hAcc>2.019935</hAcc><vAcc>-1.000000</vAcc></extensions></trkpt>
      <trkpt lon="-117.330848" lat="33.973752"><ele>0.000000</ele><time>2024-12-02T17:52:06Z</time><extensions><speed>1.331734</speed><course>6.596253</course><hAcc>2.006161</hAcc><vAcc>-1.000000</vAcc></extensions></trkpt>
      <trkpt lon="-117.330847" lat="33.973763"><ele>0.000000</ele><time>2024-12-02T17:52:07Z</time><extensions><speed>1.314022</speed><course>4.294268</course><hAcc>1.983149</hAcc><vAcc>-1.000000</vAcc></extensions></trkpt>
      <trkpt lon="-117.330846" lat="33.973775"><ele>0.000000</ele><time>2024-12-02T17:52:08Z</time><extensions><speed>1.272665</speed><course>2.864727</course><hAcc>1.942053</hAcc><vAcc>-1.000000</vAcc></extensions></trkpt>
      <trkpt lon="-117.330845" lat="33.973786"><ele>0.000000</ele><time>2024-12-02T17:52:09Z</time><extensions><speed>1.228468</speed><course>2.140536</course><hAcc>1.877384</hAcc><vAcc>-1.000000</vAcc></extensions></trkpt>
      <trkpt lon="-117.330845" lat="33.973797"><ele>0.000000</ele><time>2024-12-02T17:52:10Z</time><extensions><speed>1.180819</speed><course>1.927619</course><hAcc>1.806304</hAcc><vAcc>-1.000000</vAcc></extensions></trkpt>
      <trkpt lon="-117.330845" lat="33.973808"><ele>0.000000</ele><time>2024-12-02T17:52:11Z</time><extensions><speed>1.133973</speed><course>2.009905</course><hAcc>1.754939</hAcc><vAcc>-1.000000</vAcc></extensions></trkpt>
      <trkpt lon="-117.330844" lat="33.973818"><ele>0.000000</ele><time>2024-12-02T17:52:12Z</time><extensions><speed>1.131167</speed><course>2.123121</course><hAcc>1.728744</hAcc><vAcc>-1.000000</vAcc></extensions></trkpt>
      <trkpt lon="-117.330844" lat="33.973828"><ele>0.000000</ele><time>2024-12-02T17:52:13Z</time><extensions><speed>1.164615</speed><course>2.047279</course><hAcc>1.717363</hAcc><vAcc>-1.000000</vAcc></extensions></trkpt>
      <trkpt lon="-117.330843" lat="33.973839"><ele>0.000000</ele><time>2024-12-02T17:52:14Z</time><extensions><speed>1.197860</speed><course>1.548057</course><hAcc>1.715603</hAcc><vAcc>-1.000000</vAcc></extensions></trkpt>
      <trkpt lon="-117.330843" lat="33.973850"><ele>0.000000</ele><time>2024-12-02T17:52:15Z</time><extensions><speed>1.210642</speed><course>0.373582</course><hAcc>1.729768</hAcc><vAcc>-1.000000</vAcc></extensions></trkpt>
      <trkpt lon="-117.330843" lat="33.973861"><ele>0.000000</ele><time>2024-12-02T17:52:16Z</time><extensions><speed>1.205866</speed><course>358.227946</course><hAcc>1.764709</hAcc><vAcc>-1.000000</vAcc></extensions></trkpt>
      <trkpt lon="-117.330844" lat="33.973871"><ele>0.000000</ele><time>2024-12-02T17:52:17Z</time><extensions><speed>1.210529</speed><course>354.916795</course><hAcc>1.805805</hAcc><vAcc>-1.000000</vAcc></extensions></trkpt>
      <trkpt lon="-117.330846" lat="33.973882"><ele>0.000000</ele><time>2024-12-02T17:52:18Z</time><extensions><speed>1.224914</speed><course>350.801629</course><hAcc>1.822091</hAcc><vAcc>-1.000000</vAcc></extensions></trkpt>
      <trkpt lon="-117.330848" lat="33.973893"><ele>0.000000</ele><time>2024-12-02T17:52:19Z</time><extensions><speed>1.255941</speed><course>346.843267</course><hAcc>1.796105</hAcc><vAcc>-1.000000</vAcc></extensions></trkpt>
      <trkpt lon="-117.330852" lat="33.973904"><ele>0.000000</ele><time>2024-12-02T17:52:20Z</time><extensions><speed>1.287641</speed><course>343.868131</course><hAcc>1.742671</hAcc><vAcc>-1.000000</vAcc></extensions></trkpt>
      <trkpt lon="-117.330856" lat="33.973916"><ele>0.000000</ele><time>2024-12-02T17:52:21Z</time><extensions><speed>1.299703</speed><course>342.037644</course><hAcc>1.690253</hAcc><vAcc>-1.000000</vAcc></extensions></trkpt>
      <trkpt lon="-117.330860" lat="33.973927"><ele>0.000000</ele><time>2024-12-02T17:52:22Z</time><extensions><speed>1.293960</speed><course>341.608573</course><hAcc>1.655994</hAcc><vAcc>-1.000000</vAcc></extensions></trkpt>
      <trkpt lon="-117.330864" lat="33.973938"><ele>0.000000</ele><time>2024-12-02T17:52:23Z</time><extensions><speed>1.275535</speed><course>343.115375</course><hAcc>1.636833</hAcc><vAcc>-1.000000</vAcc></extensions></trkpt>
      <trkpt lon="-117.330868" lat="33.973949"><ele>0.000000</ele><time>2024-12-02T17:52:24Z</time><extensions><speed>1.227809</speed><course>347.010987</course><hAcc>1.629386</hAcc><vAcc>-1.000000</vAcc></extensions></trkpt>
      <trkpt lon="-117.330870" lat="33.973959"><ele>0.000000</ele><time>2024-12-02T17:52:25Z</time><extensions><speed>1.165111</speed><course>354.207970</course><hAcc>1.634725</hAcc><vAcc>-1.000000</vAcc></extensions></trkpt>
      <trkpt lon="-117.330870" lat="33.973969"><ele>0.000000</ele><time>2024-12-02T17:52:26Z</time><extensions><speed>1.128343</speed><course>4.515500</course><hAcc>1.647319</hAcc><vAcc>-1.000000</vAcc></extensions></trkpt>
      <trkpt lon="-117.330868" lat="33.973979"><ele>0.000000</ele><time>2024-12-02T17:52:27Z</time><extensions><speed>1.132809</speed><course>14.807094</course><hAcc>1.655109</hAcc><vAcc>-1.000000</vAcc></extensions></trkpt>
      <trkpt lon="-117.330864" lat="33.973989"><ele>0.000000</ele><time>2024-12-02T17:52:28Z</time><extensions><speed>1.144539</speed><course>22.016950</course><hAcc>1.657939</hAcc><vAcc>-1.000000</vAcc></extensions></trkpt>
      <trkpt lon="-117.330859" lat="33.973999"><ele>0.000000</ele><time>2024-12-02T17:52:29Z</time><extensions><speed>1.150060</speed><course>25.345934</course><hAcc>1.681293</hAcc><vAcc>-1.000000</vAcc></extensions></trkpt>
      <trkpt lon="-117.330854" lat="33.974008"><ele>0.000000</ele><time>2024-12-02T17:52:30Z</time><extensions><speed>1.136829</speed><course>25.334830</course><hAcc>1.747832</hAcc><vAcc>-1.000000</vAcc></extensions></trkpt>
      <trkpt lon="-117.330849" lat="33.974017"><ele>0.000000</ele><time>2024-12-02T17:52:31Z</time><extensions><speed>1.130075</speed><course>22.711101</course><hAcc>1.838750</hAcc><vAcc>-1.000000</vAcc></extensions></trkpt>
      <trkpt lon="-117.330845" lat="33.974027"><ele>0.000000</ele><time>2024-12-02T17:52:32Z</time><extensions><speed>1.121283</speed><course>19.056453</course><hAcc>1.923453</hAcc><vAcc>-1.000000</vAcc></extensions></trkpt>
      <trkpt lon="-117.330841" lat="33.974036"><ele>0.000000</ele><time>2024-12-02T17:52:33Z</time><extensions><speed>1.108974</speed><course>15.007623</course><hAcc>1.987503</hAcc><vAcc>-1.000000</vAcc></extensions></trkpt>
      <trkpt lon="-117.330838" lat="33.974046"><ele>0.000000</ele><time>2024-12-02T17:52:34Z</time><extensions><speed>1.118839</speed><course>10.719624</course><hAcc>2.031724</hAcc><vAcc>-1.000000</vAcc></extensions></trkpt>
      <trkpt lon="-117.330837" lat="33.974056"><ele>0.000000</ele><time>2024-12-02T17:52:35Z</time><extensions><speed>1.133890</speed><course>7.052838</course><hAcc>2.057968</hAcc><vAcc>-1.000000</vAcc></extensions></trkpt>
      <trkpt lon="-117.330835" lat="33.974066"><ele>0.000000</ele><time>2024-12-02T17:52:36Z</time><extensions><speed>1.155117</speed><course>4.363933</course><hAcc>2.068142</hAcc><vAcc>-1.000000</vAcc></extensions></trkpt>
      <trkpt lon="-117.330835" lat="33.974077"><ele>0.000000</ele><time>2024-12-02T17:52:37Z</time><extensions><speed>1.174641</speed><course>2.622812</course><hAcc>2.070511</hAcc><vAcc>-1.000000</vAcc></extensions></trkpt>
      <trkpt lon="-117.330834" lat="33.974087"><ele>0.000000</ele><time>2024-12-02T17:52:38Z</time><extensions><speed>1.170093</speed><course>1.622513</course><hAcc>2.070975</hAcc><vAcc>-1.000000</vAcc></extensions></trkpt>
      <trkpt lon="-117.330834" lat="33.974098"><ele>0.000000</ele><time>2024-12-02T17:52:39Z</time><extensions><speed>1.173743</speed><course>1.112394</course><hAcc>2.070687</hAcc><vAcc>-1.000000</vAcc></extensions></trkpt>
      <trkpt lon="-117.330834" lat="33.974109"><ele>0.000000</ele><time>2024-12-02T17:52:40Z</time><extensions><speed>1.194281</speed><course>0.924729</course><hAcc>2.073588</hAcc><vAcc>-1.000000</vAcc></extensions></trkpt>
      <trkpt lon="-117.330833" lat="33.974119"><ele>0.000000</ele><time>2024-12-02T17:52:41Z</time><extensions><speed>1.195593</speed><course>0.905863</course><hAcc>2.081880</hAcc><vAcc>-1.000000</vAcc></extensions></trkpt>
      <trkpt lon="-117.330833" lat="33.974130"><ele>0.000000</ele><time>2024-12-02T17:52:42Z</time><extensions><speed>1.206796</speed><course>0.968958</course><hAcc>2.095786</hAcc><vAcc>-1.000000</vAcc></extensions></trkpt>
      <trkpt lon="-117.330833" lat="33.974141"><ele>0.000000</ele><time>2024-12-02T17:52:43Z</time><extensions><speed>1.249724</speed><course>1.059604</course><hAcc>2.113451</hAcc><vAcc>-1.000000</vAcc></extensions></trkpt>
      <trkpt lon="-117.330833" lat="33.974153"><ele>0.000000</ele><time>2024-12-02T17:52:44Z</time><extensions><speed>1.273275</speed><course>1.136784</course><hAcc>2.127441</hAcc><vAcc>-1.000000</vAcc></extensions></trkpt>
      <trkpt lon="-117.330832" lat="33.974164"><ele>0.000000</ele><time>2024-12-02T17:52:45Z</time><extensions><speed>1.280682</speed><course>1.194873</course><hAcc>2.133214</hAcc><vAcc>-1.000000</vAcc></extensions></trkpt>
      <trkpt lon="-117.330832" lat="33.974176"><ele>0.000000</ele><time>2024-12-02T17:52:46Z</time><extensions><speed>1.280460</speed><course>1.235093</course><hAcc>2.134028</hAcc><vAcc>-1.000000</vAcc></extensions></trkpt>
      <trkpt lon="-117.330832" lat="33.974187"><ele>0.000000</ele><time>2024-12-02T17:52:47Z</time><extensions><speed>1.255638</speed><course>1.260116</course><hAcc>2.131869</hAcc><vAcc>-1.000000</vAcc></extensions></trkpt>
      <trkpt lon="-117.330831" lat="33.974198"><ele>0.000000</ele><time>2024-12-02T17:52:48Z</time><extensions><speed>1.236390</speed><course>1.274388</course><hAcc>2.127484</hAcc><vAcc>-1.000000</vAcc></extensions></trkpt>
      <trkpt lon="-117.330831" lat="33.974209"><ele>0.000000</ele><time>2024-12-02T17:52:49Z</time><extensions><speed>1.231644</speed><course>1.280997</course><hAcc>2.125191</hAcc><vAcc>-1.000000</vAcc></extensions></trkpt>
      <trkpt lon="-117.330831" lat="33.974221"><ele>0.000000</ele><time>2024-12-02T17:52:50Z</time><extensions><speed>1.237821</speed><course>1.282854</course><hAcc>2.125593</hAcc><vAcc>-1.000000</vAcc></extensions></trkpt>
      <trkpt lon="-117.330831" lat="33.974232"><ele>0.000000</ele><time>2024-12-02T17:52:51Z</time><extensions><speed>1.265720</speed><course>1.282137</course><hAcc>2.125807</hAcc><vAcc>-1.000000</vAcc></extensions></trkpt>
      <trkpt lon="-117.330830" lat="33.974243"><ele>0.000000</ele><time>2024-12-02T17:52:52Z</time><extensions><speed>1.298944</speed><course>1.280451</course><hAcc>2.126642</hAcc><vAcc>-1.000000</vAcc></extensions></trkpt>
      <trkpt lon="-117.330830" lat="33.974255"><ele>0.000000</ele><time>2024-12-02T17:52:53Z</time><extensions><speed>1.320760</speed><course>1.278733</course><hAcc>2.127245</hAcc><vAcc>-1.000000</vAcc></extensions></trkpt>
      <trkpt lon="-117.330830" lat="33.974267"><ele>0.000000</ele><time>2024-12-02T17:52:54Z</time><extensions><speed>1.349311</speed><course>1.277285</course><hAcc>2.125907</hAcc><vAcc>-1.000000</vAcc></extensions></trkpt>
      <trkpt lon="-117.330829" lat="33.974280"><ele>0.000000</ele><time>2024-12-02T17:52:55Z</time><extensions><speed>1.388034</speed><course>1.318774</course><hAcc>2.125796</hAcc><vAcc>-1.000000</vAcc></extensions></trkpt>
      <trkpt lon="-117.330829" lat="33.974292"><ele>0.000000</ele><time>2024-12-02T17:52:56Z</time><extensions><speed>1.396500</speed><course>1.379347</course><hAcc>2.127426</hAcc><vAcc>-1.000000</vAcc></extensions></trkpt>
      <trkpt lon="-117.330828" lat="33.974305"><ele>0.000000</ele><time>2024-12-02T17:52:57Z</time><extensions><speed>1.395045</speed><course>1.415070</course><hAcc>2.127729</hAcc><vAcc>-1.000000</vAcc></extensions></trkpt>
      <trkpt lon="-117.330828" lat="33.974317"><ele>0.000000</ele><time>2024-12-02T17:52:58Z</time><extensions><speed>1.384694</speed><course>1.344018</course><hAcc>2.127033</hAcc><vAcc>-1.000000</vAcc></extensions></trkpt>
      <trkpt lon="-117.330828" lat="33.974330"><ele>0.000000</ele><time>2024-12-02T17:52:59Z</time><extensions><speed>1.339498</speed><course>1.069157</course><hAcc>2.124523</hAcc><vAcc>-1.000000</vAcc></extensions></trkpt>
      <trkpt lon="-117.330827" lat="33.974341"><ele>0.000000</ele><time>2024-12-02T17:53:00Z</time><extensions><speed>1.292023</speed><course>0.443886</course><hAcc>2.119161</hAcc><vAcc>-1.000000</vAcc></extensions></trkpt>
      <trkpt lon="-117.330827" lat="33.974353"><ele>0.000000</ele><time>2024-12-02T17:53:01Z</time><extensions><speed>1.256212</speed><course>359.239956</course><hAcc>2.115693</hAcc><vAcc>-1.000000</vAcc></extensions></trkpt>
      <trkpt lon="-117.330828" lat="33.974364"><ele>0.000000</ele><time>2024-12-02T17:53:02Z</time><extensions><speed>1.215941</speed><course>357.254545</course><hAcc>2.116161</hAcc><vAcc>-1.000000</vAcc></extensions></trkpt>
      <trkpt lon="-117.330829" lat="33.974375"><ele>0.000000</ele><time>2024-12-02T17:53:03Z</time><extensions><speed>1.202348</speed><course>354.492371</course><hAcc>2.117538</hAcc><vAcc>-1.000000</vAcc></extensions></trkpt>
      <trkpt lon="-117.330830" lat="33.974386"><ele>0.000000</ele><time>2024-12-02T17:53:04Z</time><extensions><speed>1.210191</speed><course>351.140013</course><hAcc>2.119475</hAcc><vAcc>-1.000000</vAcc></extensions></trkpt>
      <trkpt lon="-117.330833" lat="33.974397"><ele>0.000000</ele><time>2024-12-02T17:53:05Z</time><extensions><speed>1.231745</speed><course>347.707966</course><hAcc>2.119639</hAcc><vAcc>-1.000000</vAcc></extensions></trkpt>
      <trkpt lon="-117.330836" lat="33.974407"><ele>0.000000</ele><time>2024-12-02T17:53:06Z</time><extensions><speed>1.272142</speed><course>345.099089</course><hAcc>2.113320</hAcc><vAcc>-1.000000</vAcc></extensions></trkpt>
      <trkpt lon="-117.330840" lat="33.974419"><ele>0.000000</ele><time>2024-12-02T17:53:07Z</time><extensions><speed>1.309823</speed><course>343.438506</course><hAcc>2.099475</hAcc><vAcc>-1.000000</vAcc></extensions></trkpt>
      <trkpt lon="-117.330844" lat="33.974430"><ele>0.000000</ele><time>2024-12-02T17:53:08Z</time><extensions><speed>1.317154</speed><course>342.412751</course><hAcc>2.076571</hAcc><vAcc>-1.000000</vAcc></extensions></trkpt>
      <trkpt lon="-117.330849" lat="33.974441"><ele>0.000000</ele><time>2024-12-02T17:53:09Z</time><extensions><speed>1.315029</speed><course>342.313764</course><hAcc>2.044882</hAcc><vAcc>-1.000000</vAcc></extensions></trkpt>
      <trkpt lon="-117.330853" lat="33.974453"><ele>0.000000</ele><time>2024-12-02T17:53:10Z</time><extensions><speed>1.313989</speed><course>343.512661</course><hAcc>2.015003</hAcc><vAcc>-1.000000</vAcc></extensions></trkpt>
      <trkpt lon="-117.330857" lat="33.974464"><ele>0.000000</ele><time>2024-12-02T17:53:11Z</time><extensions><speed>1.285160</speed><course>345.857508</course><hAcc>1.996895</hAcc><vAcc>-1.000000</vAcc></extensions></trkpt>
      <trkpt lon="-117.330859" lat="33.974475"><ele>0.000000</ele><time>2024-12-02T17:53:12Z</time><extensions><speed>1.271241</speed><course>350.199088</course><hAcc>1.989665</hAcc><vAcc>-1.000000</vAcc></extensions></trkpt>
      <trkpt lon="-117.330861" lat="33.974487"><ele>0.000000</ele><time>2024-12-02T17:53:13Z</time><extensions><speed>1.273532</speed><course>356.719318</course><hAcc>1.993833</hAcc><vAcc>-1.000000</vAcc></extensions></trkpt>
      <trkpt lon="-117.330861" lat="33.974498"><ele>0.000000</ele><time>2024-12-02T17:53:14Z</time><extensions><speed>1.258554</speed><course>4.688085</course><hAcc>2.009198</hAcc><vAcc>-1.000000</vAcc></extensions></trkpt>
      <trkpt lon="-117.330859" lat="33.974509"><ele>0.000000</ele><time>2024-12-02T17:53:15Z</time><extensions><speed>1.265809</speed><course>12.421154</course><hAcc>2.029160</hAcc><vAcc>-1.000000</vAcc></extensions></trkpt>
      <trkpt lon="-117.330855" lat="33.974520"><ele>0.000000</ele><time>2024-12-02T17:53:16Z</time><extensions><speed>1.301592</speed><course>17.917084</course><hAcc>2.049173</hAcc><vAcc>-1.000000</vAcc></extensions></trkpt>
      <trkpt lon="-117.330850" lat="33.974532"><ele>0.000000</ele><time>2024-12-02T17:53:17Z</time><extensions><speed>1.329403</speed><course>21.011288</course><hAcc>2.063842</hAcc><vAcc>-1.000000</vAcc></extensions></trkpt>
      <trkpt lon="-117.330845" lat="33.974543"><ele>0.000000</ele><time>2024-12-02T17:53:18Z</time><extensions><speed>1.341813</speed><course>22.112933</course><hAcc>2.069152</hAcc><vAcc>-1.000000</vAcc></extensions></trkpt>
      <trkpt lon="-117.330840" lat="33.974554"><ele>0.000000</ele><time>2024-12-02T17:53:19Z</time><extensions><speed>1.335025</speed><course>21.744631</course><hAcc>2.067893</hAcc><vAcc>-1.000000</vAcc></extensions></trkpt>
      <trkpt lon="-117.330834" lat="33.974565"><ele>0.000000</ele><time>2024-12-02T17:53:20Z</time><extensions><speed>1.292466</speed><course>20.433416</course><hAcc>2.061595</hAcc><vAcc>-1.000000</vAcc></extensions></trkpt>
      <trkpt lon="-117.330830" lat="33.974576"><ele>0.000000</ele><time>2024-12-02T17:53:21Z</time><extensions><speed>1.252731</speed><course>17.721220</course><hAcc>2.050060</hAcc><vAcc>-1.000000</vAcc></extensions></trkpt>
      <trkpt lon="-117.330826" lat="33.974586"><ele>0.000000</ele><time>2024-12-02T17:53:22Z</time><extensions><speed>1.217694</speed><course>13.786723</course><hAcc>2.039779</hAcc><vAcc>-1.000000</vAcc></extensions></trkpt>
      <trkpt lon="-117.330824" lat="33.974597"><ele>0.000000</ele><time>2024-12-02T17:53:23Z</time><extensions><speed>1.185191</speed><course>9.335519</course><hAcc>2.034740</hAcc><vAcc>-1.000000</vAcc></extensions></trkpt>
      <trkpt lon="-117.330822" lat="33.974608"><ele>0.000000</ele><time>2024-12-02T17:53:24Z</time><extensions><speed>1.183576</speed><course>4.991201</course><hAcc>2.031949</hAcc><vAcc>-1.000000</vAcc></extensions></trkpt>
      <trkpt lon="-117.330821" lat="33.974618"><ele>0.000000</ele><time>2024-12-02T17:53:25Z</time><extensions><speed>1.200546</speed><course>1.183058</course><hAcc>2.030340</hAcc><vAcc>-1.000000</vAcc></extensions></trkpt>
      <trkpt lon="-117.330821" lat="33.974629"><ele>0.000000</ele><time>2024-12-02T17:53:26Z</time><extensions><speed>1.217776</speed><course>357.755876</course><hAcc>2.026419</hAcc><vAcc>-1.000000</vAcc></extensions></trkpt>
      <trkpt lon="-117.330822" lat="33.974640"><ele>0.000000</ele><time>2024-12-02T17:53:27Z</time><extensions><speed>1.260697</speed><course>354.748956</course><hAcc>2.014859</hAcc><vAcc>-1.000000</vAcc></extensions></trkpt>
      <trkpt lon="-117.330824" lat="33.974652"><ele>0.000000</ele><time>2024-12-02T17:53:28Z</time><extensions><speed>1.322766</speed><course>352.038052</course><hAcc>1.993873</hAcc><vAcc>-1.000000</vAcc></extensions></trkpt>
      <trkpt lon="-117.330826" lat="33.974664"><ele>0.000000</ele><time>2024-12-02T17:53:29Z</time><extensions><speed>1.384139</speed><course>350.191369</course><hAcc>1.956698</hAcc><vAcc>-1.000000</vAcc></extensions></trkpt>
      <trkpt lon="-117.330829" lat="33.974677"><ele>0.000000</ele><time>2024-12-02T17:53:30Z</time><extensions><speed>1.451912</speed><course>349.877737</course><hAcc>1.898731</hAcc><vAcc>-1.000000</vAcc></extensions></trkpt>
      <trkpt lon="-117.330832" lat="33.974690"><ele>0.000000</ele><time>2024-12-02T17:53:31Z</time><extensions><speed>1.522444</speed><course>351.323755</course><hAcc>1.838872</hAcc><vAcc>-1.000000</vAcc></extensions></trkpt>
      <trkpt lon="-117.330834" lat="33.974704"><ele>0.000000</ele><time>2024-12-02T17:53:32Z</time><extensions><speed>1.557193</speed><course>354.356779</course><hAcc>1.810599</hAcc><vAcc>-1.000000</vAcc></extensions></trkpt>
      <trkpt lon="-117.330835" lat="33.974717"><ele>0.000000</ele><time>2024-12-02T17:53:33Z</time><extensions><speed>1.521687</speed><course>358.898319</course><hAcc>1.829055</hAcc><vAcc>-1.000000</vAcc></extensions></trkpt>
      <trkpt lon="-117.330835" lat="33.974731"><ele>0.000000</ele><time>2024-12-02T17:53:34Z</time><extensions><speed>1.411634</speed><course>2.426701</course><hAcc>1.878193</hAcc><vAcc>-1.000000</vAcc></extensions></trkpt>
      <trkpt lon="-117.330834" lat="33.974743"><ele>0.000000</ele><time>2024-12-02T17:53:35Z</time><extensions><speed>1.273400</speed><course>4.956182</course><hAcc>1.925904</hAcc><vAcc>-1.000000</vAcc></extensions></trkpt>
      <trkpt lon="-117.330832" lat="33.974754"><ele>0.000000</ele><time>2024-12-02T17:53:36Z</time><extensions><speed>1.203177</speed><course>7.912048</course><hAcc>1.955940</hAcc><vAcc>-1.000000</vAcc></extensions></trkpt>
      <trkpt lon="-117.330830" lat="33.974765"><ele>0.000000</ele><time>2024-12-02T17:53:37Z</time><extensions><speed>1.219117</speed><course>10.686433</course><hAcc>1.975386</hAcc><vAcc>-1.000000</vAcc></extensions></trkpt>
      <trkpt lon="-117.330827" lat="33.974775"><ele>0.000000</ele><time>2024-12-02T17:53:38Z</time><extensions><speed>1.261760</speed><course>14.237793</course><hAcc>1.992745</hAcc><vAcc>-1.000000</vAcc></extensions></trkpt>
      <trkpt lon="-117.330823" lat="33.974787"><ele>0.000000</ele><time>2024-12-02T17:53:39Z</time><extensions><speed>1.322965</speed><course>16.488217</course><hAcc>2.008761</hAcc><vAcc>-1.000000</vAcc></extensions></trkpt>
      <trkpt lon="-117.330819" lat="33.974798"><ele>0.000000</ele><time>2024-12-02T17:53:40Z</time><extensions><speed>1.369951</speed><course>17.338189</course><hAcc>2.022547</hAcc><vAcc>-1.000000</vAcc></extensions></trkpt>
      <trkpt lon="-117.330815" lat="33.974810"><ele>0.000000</ele><time>2024-12-02T17:53:41Z</time><extensions><speed>1.360243</speed><course>17.388418</course><hAcc>2.031070</hAcc><vAcc>-1.000000</vAcc></extensions></trkpt>
      <trkpt lon="-117.330810" lat="33.974822"><ele>0.000000</ele><time>2024-12-02T17:53:42Z</time><extensions><speed>1.343069</speed><course>16.040234</course><hAcc>2.034687</hAcc><vAcc>-1.000000</vAcc></extensions></trkpt>
      <trkpt lon="-117.330807" lat="33.974833"><ele>0.000000</ele><time>2024-12-02T17:53:43Z</time><extensions><speed>1.318443</speed><course>13.506281</course><hAcc>2.038253</hAcc><vAcc>-1.000000</vAcc></extensions></trkpt>
      <trkpt lon="-117.330804" lat="33.974845"><ele>0.000000</ele><time>2024-12-02T17:53:44Z</time><extensions><speed>1.288635</speed><course>10.265377</course><hAcc>2.040245</hAcc><vAcc>-1.000000</vAcc></extensions></trkpt>
      <trkpt lon="-117.330802" lat="33.974856"><ele>0.000000</ele><time>2024-12-02T17:53:45Z</time><extensions><speed>1.283512</speed><course>6.832387</course><hAcc>2.038244</hAcc><vAcc>-1.000000</vAcc></extensions></trkpt>
      <trkpt lon="-117.330801" lat="33.974868"><ele>0.000000</ele><time>2024-12-02T17:53:46Z</time><extensions><speed>1.294712</speed><course>4.003767</course><hAcc>2.036114</hAcc><vAcc>-1.000000</vAcc></extensions></trkpt>
      <trkpt lon="-117.330800" lat="33.974879"><ele>0.000000</ele><time>2024-12-02T17:53:47Z</time><extensions><speed>1.277952</speed><course>2.082038</course><hAcc>2.034168</hAcc><vAcc>-1.000000</vAcc></extensions></trkpt>
      <trkpt lon="-117.330799" lat="33.974891"><ele>0.000000</ele><time>2024-12-02T17:53:48Z</time><extensions><speed>1.270747</speed><course>0.856459</course><hAcc>2.030295</hAcc><vAcc>-1.000000</vAcc></extensions></trkpt>
      <trkpt lon="-117.330799" lat="33.974902"><ele>0.000000</ele><time>2024-12-02T17:53:49Z</time><extensions><speed>1.276127</speed><course>0.182680</course><hAcc>2.027065</hAcc><vAcc>-1.000000</vAcc></extensions></trkpt>
      <trkpt lon="-117.330799" lat="33.974914"><ele>0.000000</ele><time>2024-12-02T17:53:50Z</time><extensions><speed>1.268387</speed><course>359.881563</course><hAcc>2.023514</hAcc><vAcc>-1.000000</vAcc></extensions></trkpt>
      <trkpt lon="-117.330799" lat="33.974925"><ele>0.000000</ele><time>2024-12-02T17:53:51Z</time><extensions><speed>1.267874</speed><course>359.803186</course><hAcc>2.017598</hAcc><vAcc>-1.000000</vAcc></extensions></trkpt>
      <trkpt lon="-117.330799" lat="33.974937"><ele>0.000000</ele><time>2024-12-02T17:53:52Z</time><extensions><speed>1.278092</speed><course>359.851490</course><hAcc>2.015006</hAcc><vAcc>-1.000000</vAcc></extensions></trkpt>
      <trkpt lon="-117.330799" lat="33.974948"><ele>0.000000</ele><time>2024-12-02T17:53:53Z</time><extensions><speed>1.276408</speed><course>359.942660</course><hAcc>2.018894</hAcc><vAcc>-1.000000</vAcc></extensions></trkpt>
      <trkpt lon="-117.330799" lat="33.974960"><ele>0.000000</ele><time>2024-12-02T17:53:54Z</time><extensions><speed>1.280939</speed><course>0.034124</course><hAcc>2.026093</hAcc><vAcc>-1.000000</vAcc></extensions></trkpt>
      <trkpt lon="-117.330799" lat="33.974971"><ele>0.000000</ele><time>2024-12-02T17:53:55Z</time><extensions><speed>1.289597</speed><course>0.093225</course><hAcc>2.035695</hAcc><vAcc>-1.000000</vAcc></extensions></trkpt>
      <trkpt lon="-117.330799" lat="33.974983"><ele>0.000000</ele><time>2024-12-02T17:53:56Z</time><extensions><speed>1.280624</speed><course>0.130519</course><hAcc>2.045104</hAcc><vAcc>-1.000000</vAcc></extensions></trkpt>
      <trkpt lon="-117.330799" lat="33.974994"><ele>0.000000</ele><time>2024-12-02T17:53:57Z</time><extensions><speed>1.279081</speed><course>0.459339</course><hAcc>2.050920</hAcc><vAcc>-1.000000</vAcc></extensions></trkpt>
      <trkpt lon="-117.330799" lat="33.975006"><ele>0.000000</ele><time>2024-12-02T17:53:58Z</time><extensions><speed>1.280845</speed><course>0.668669</course><hAcc>2.055764</hAcc><vAcc>-1.000000</vAcc></extensions></trkpt>
      <trkpt lon="-117.330799" lat="33.975018"><ele>0.000000</ele><time>2024-12-02T17:53:59Z</time><extensions><speed>1.292593</speed><course>0.564329</course><hAcc>2.060132</hAcc><vAcc>-1.000000</vAcc></extensions></trkpt>
      <trkpt lon="-117.330799" lat="33.975030"><ele>0.000000</ele><time>2024-12-02T17:54:00Z</time><extensions><speed>1.324476</speed><course>359.951601</course><hAcc>2.061997</hAcc><vAcc>-1.000000</vAcc></extensions></trkpt>
      <trkpt lon="-117.330799" lat="33.975042"><ele>0.000000</ele><time>2024-12-02T17:54:01Z</time><extensions><speed>1.364188</speed><course>358.575428</course><hAcc>2.064287</hAcc><vAcc>-1.000000</vAcc></extensions></trkpt>
      <trkpt lon="-117.330800" lat="33.975054"><ele>0.000000</ele><time>2024-12-02T17:54:02Z</time><extensions><speed>1.362657</speed><course>356.149868</course><hAcc>2.067927</hAcc><vAcc>-1.000000</vAcc></extensions></trkpt>
      <trkpt lon="-117.330801" lat="33.975066"><ele>0.000000</ele><time>2024-12-02T17:54:03Z</time><extensions><speed>1.339233</speed><course>352.230110</course><hAcc>2.070096</hAcc><vAcc>-1.000000</vAcc></extensions></trkpt>
      <trkpt lon="-117.330804" lat="33.975078"><ele>0.000000</ele><time>2024-12-02T17:54:04Z</time><extensions><speed>1.288696</speed><course>346.034346</course><hAcc>2.070935</hAcc><vAcc>-1.000000</vAcc></extensions></trkpt>
      <trkpt lon="-117.330808" lat="33.975088"><ele>0.000000</ele><time>2024-12-02T17:54:05Z</time><extensions><speed>1.188048</speed><course>335.901408</course><hAcc>2.068450</hAcc><vAcc>-1.000000</vAcc></extensions></trkpt>
      <trkpt lon="-117.330814" lat="33.975097"><ele>0.000000</ele><time>2024-12-02T17:54:06Z</time><extensions><speed>1.103644</speed><course>321.038433</course><hAcc>2.060682</hAcc><vAcc>-1.000000</vAcc></extensions></trkpt>
      <trkpt lon="-117.330823" lat="33.975103"><ele>0.000000</ele><time>2024-12-02T17:54:07Z</time><extensions><speed>1.092412</speed><course>303.813893</course><hAcc>2.051314</hAcc><vAcc>-1.000000</vAcc></extensions></trkpt>
      <trkpt lon="-117.330833" lat="33.975108"><ele>0.000000</ele><time>2024-12-02T17:54:08Z</time><extensions><speed>1.070897</speed><course>298.447729</course><hAcc>2.041680</hAcc><vAcc>-1.000000</vAcc></extensions></trkpt>
      <trkpt lon="-117.330843" lat="33.975113"><ele>0.000000</ele><time>2024-12-02T17:54:09Z</time><extensions><speed>1.019171</speed><course>305.011408</course><hAcc>2.031127</hAcc><vAcc>-1.000000</vAcc></extensions></trkpt>
      <trkpt lon="-117.330851" lat="33.975120"><ele>0.000000</ele><time>2024-12-02T17:54:10Z</time><extensions><speed>1.012406</speed><course>322.818909</course><hAcc>2.021557</hAcc><vAcc>-1.000000</vAcc></extensions></trkpt>
      <trkpt lon="-117.330856" lat="33.975128"><ele>0.000000</ele><time>2024-12-02T17:54:11Z</time><extensions><speed>1.078886</speed><course>337.396935</course><hAcc>2.011452</hAcc><vAcc>-1.000000</vAcc></extensions></trkpt>
      <trkpt lon="-117.330860" lat="33.975137"><ele>0.000000</ele><time>2024-12-02T17:54:12Z</time><extensions><speed>1.190319</speed><course>347.132006</course><hAcc>1.996479</hAcc><vAcc>-1.000000</vAcc></extensions></trkpt>
      <trkpt lon="-117.330862" lat="33.975148"><ele>0.000000</ele><time>2024-12-02T17:54:13Z</time><extensions><speed>1.300136</speed><course>352.910052</course><hAcc>1.972315</hAcc><vAcc>-1.000000</vAcc></extensions></trkpt>
      <trkpt lon="-117.330864" lat="33.975160"><ele>0.000000</ele><time>2024-12-02T17:54:14Z</time><extensions><speed>1.373935</speed><course>356.250591</course><hAcc>1.931223</hAcc><vAcc>-1.000000</vAcc></extensions></trkpt>
      <trkpt lon="-117.330864" lat="33.975173"><ele>0.000000</ele><time>2024-12-02T17:54:15Z</time><extensions><speed>1.473848</speed><course>358.463870</course><hAcc>1.874086</hAcc><vAcc>-1.000000</vAcc></extensions></trkpt>
      <trkpt lon="-117.330864" lat="33.975187"><ele>0.000000</ele><time>2024-12-02T17:54:16Z</time><extensions><speed>1.592032</speed><course>0.188345</course><hAcc>1.824568</hAcc><vAcc>-1.000000</vAcc></extensions></trkpt>
      <trkpt lon="-117.330864" lat="33.975202"><ele>0.000000</ele><time>2024-12-02T17:54:17Z</time><extensions><speed>1.676443</speed><course>1.917146</course><hAcc>1.811380</hAcc><vAcc>-1.000000</vAcc></extensions></trkpt>
      <trkpt lon="-117.330863" lat="33.975217"><ele>0.000000</ele><time>2024-12-02T17:54:18Z</time><extensions><speed>1.662809</speed><course>3.948292</course><hAcc>1.840394</hAcc><vAcc>-1.000000</vAcc></extensions></trkpt>
      <trkpt lon="-117.330862" lat="33.975231"><ele>0.000000</ele><time>2024-12-02T17:54:19Z</time><extensions><speed>1.563069</speed><course>6.011733</course><hAcc>1.892826</hAcc><vAcc>-1.000000</vAcc></extensions></trkpt>
      <trkpt lon="-117.330860" lat="33.975245"><ele>0.000000</ele><time>2024-12-02T17:54:20Z</time><extensions><speed>1.462752</speed><course>7.314786</course><hAcc>1.940701</hAcc><vAcc>-1.000000</vAcc></extensions></trkpt>
      <trkpt lon="-117.330858" lat="33.975258"><ele>0.000000</ele><time>2024-12-02T17:54:21Z</time><extensions><speed>1.386841</speed><course>7.394090</course><hAcc>1.972712</hAcc><vAcc>-1.000000</vAcc></extensions></trkpt>
      <trkpt lon="-117.330856" lat="33.975270"><ele>0.000000</ele><time>2024-12-02T17:54:22Z</time><extensions><speed>1.342448</speed><course>6.180517</course><hAcc>1.995932</hAcc><vAcc>-1.000000</vAcc></extensions></trkpt>
      <trkpt lon="-117.330855" lat="33.975282"><ele>0.000000</ele><time>2024-12-02T17:54:23Z</time><extensions><speed>1.306144</speed><course>4.382763</course><hAcc>2.015103</hAcc><vAcc>-1.000000</vAcc></extensions></trkpt>
      <trkpt lon="-117.330854" lat="33.975293"><ele>0.000000</ele><time>2024-12-02T17:54:24Z</time><extensions><speed>1.298685</speed><course>2.604508</course><hAcc>2.030573</hAcc><vAcc>-1.000000</vAcc></extensions></trkpt>
      <trkpt lon="-117.330853" lat="33.975305"><ele>0.000000</ele><time>2024-12-02T17:54:25Z</time><extensions><speed>1.298162</speed><course>1.219836</course><hAcc>2.045576</hAcc><vAcc>-1.000000</vAcc></extensions></trkpt>
      <trkpt lon="-117.330853" lat="33.975317"><ele>0.000000</ele><time>2024-12-02T17:54:26Z</time><extensions><speed>1.270509</speed><course>0.301093</course><hAcc>2.059434</hAcc><vAcc>-1.000000</vAcc></extensions></trkpt>
      <trkpt lon="-117.330853" lat="33.975328"><ele>0.000000</ele><time>2024-12-02T17:54:27Z</time><extensions><speed>1.250086</speed><course>359.731893</course><hAcc>2.069535</hAcc><vAcc>-1.000000</vAcc></extensions></trkpt>
      <trkpt lon="-117.330853" lat="33.975339"><ele>0.000000</ele><time>2024-12-02T17:54:28Z</time><extensions><speed>1.249159</speed><course>359.430412</course><hAcc>2.077983</hAcc><vAcc>-1.000000</vAcc></extensions></trkpt>
      <trkpt lon="-117.330853" lat="33.975351"><ele>0.000000</ele><time>2024-12-02T17:54:29Z</time><extensions><speed>1.247799</speed><course>359.307662</course><hAcc>2.084373</hAcc><vAcc>-1.000000</vAcc></extensions></trkpt>
      <trkpt lon="-117.330854" lat="33.975362"><ele>0.000000</ele><time>2024-12-02T17:54:30Z</time><extensions><speed>1.263098</speed><course>359.290356</course><hAcc>2.087485</hAcc><vAcc>-1.000000</vAcc></extensions></trkpt>
      <trkpt lon="-117.330854" lat="33.975373"><ele>0.000000</ele><time>2024-12-02T17:54:31Z</time><extensions><speed>1.299854</speed><course>359.325353</course><hAcc>2.090296</hAcc><vAcc>-1.000000</vAcc></extensions></trkpt>
      <trkpt lon="-117.330854" lat="33.975385"><ele>0.000000</ele><time>2024-12-02T17:54:32Z</time><extensions><speed>1.321422</speed><course>359.371955</course><hAcc>2.091885</hAcc><vAcc>-1.000000</vAcc></extensions></trkpt>
      <trkpt lon="-117.330854" lat="33.975397"><ele>0.000000</ele><time>2024-12-02T17:54:33Z</time><extensions><speed>1.332236</speed><course>359.415149</course><hAcc>2.089372</hAcc><vAcc>-1.000000</vAcc></extensions></trkpt>
      <trkpt lon="-117.330854" lat="33.975409"><ele>0.000000</ele><time>2024-12-02T17:54:34Z</time><extensions><speed>1.341811</speed><course>359.449587</course><hAcc>2.084291</hAcc><vAcc>-1.000000</vAcc></extensions></trkpt>
      <trkpt lon="-117.330854" lat="33.975421"><ele>0.000000</ele><time>2024-12-02T17:54:35Z</time><extensions><speed>1.325576</speed><course>359.473276</course><hAcc>2.076332</hAcc><vAcc>-1.000000</vAcc></extensions></trkpt>
      <trkpt lon="-117.330855" lat="33.975433"><ele>0.000000</ele><time>2024-12-02T17:54:36Z</time><extensions><speed>1.307353</speed><course>359.488457</course><hAcc>2.064760</hAcc><vAcc>-1.000000</vAcc></extensions></trkpt>
      <trkpt lon="-117.330855" lat="33.975445"><ele>0.000000</ele><time>2024-12-02T17:54:37Z</time><extensions><speed>1.293834</speed><course>359.497030</course><hAcc>2.054745</hAcc><vAcc>-1.000000</vAcc></extensions></trkpt>
      <trkpt lon="-117.330855" lat="33.975456"><ele>0.000000</ele><time>2024-12-02T17:54:38Z</time><extensions><speed>1.268730</speed><course>359.501053</course><hAcc>2.048777</hAcc><vAcc>-1.000000</vAcc></extensions></trkpt>
      <trkpt lon="-117.330855" lat="33.975468"><ele>0.000000</ele><time>2024-12-02T17:54:39Z</time><extensions><speed>1.266752</speed><course>359.502205</course><hAcc>2.045143</hAcc><vAcc>-1.000000</vAcc></extensions></trkpt>
      <trkpt lon="-117.330855" lat="33.975479"><ele>0.000000</ele><time>2024-12-02T17:54:40Z</time><extensions><speed>1.298622</speed><course>359.501743</course><hAcc>2.044161</hAcc><vAcc>-1.000000</vAcc></extensions></trkpt>
      <trkpt lon="-117.330855" lat="33.975491"><ele>0.000000</ele><time>2024-12-02T17:54:41Z</time><extensions><speed>1.323583</speed><course>359.500769</course><hAcc>2.042662</hAcc><vAcc>-1.000000</vAcc></extensions></trkpt>
      <trkpt lon="-117.330855" lat="33.975503"><ele>0.000000</ele><time>2024-12-02T17:54:42Z</time><extensions><speed>1.326362</speed><course>359.499786</course><hAcc>2.038855</hAcc><vAcc>-1.000000</vAcc></extensions></trkpt>
      <trkpt lon="-117.330855" lat="33.975515"><ele>0.000000</ele><time>2024-12-02T17:54:43Z</time><extensions><speed>1.318388</speed><course>359.498959</course><hAcc>2.036464</hAcc><vAcc>-1.000000</vAcc></extensions></trkpt>
      <trkpt lon="-117.330856" lat="33.975527"><ele>0.000000</ele><time>2024-12-02T17:54:44Z</time><extensions><speed>1.290577</speed><course>359.498359</course><hAcc>2.032782</hAcc><vAcc>-1.000000</vAcc></extensions></trkpt>
      <trkpt lon="-117.330856" lat="33.975538"><ele>0.000000</ele><time>2024-12-02T17:54:45Z</time><extensions><speed>1.278421</speed><course>359.497955</course><hAcc>2.021270</hAcc><vAcc>-1.000000</vAcc></extensions></trkpt>
      <trkpt lon="-117.330856" lat="33.975550"><ele>0.000000</ele><time>2024-12-02T17:54:46Z</time><extensions><speed>1.285815</speed><course>359.497720</course><hAcc>1.999387</hAcc><vAcc>-1.000000</vAcc></extensions></trkpt>
      <trkpt lon="-117.330856" lat="33.975562"><ele>0.000000</ele><time>2024-12-02T17:54:47Z</time><extensions><speed>1.298325</speed><course>359.497609</course><hAcc>1.960253</hAcc><vAcc>-1.000000</vAcc></extensions></trkpt>
      <trkpt lon="-117.330856" lat="33.975574"><ele>0.000000</ele><time>2024-12-02T17:54:48Z</time><extensions><speed>1.331206</speed><course>359.497576</course><hAcc>1.896917</hAcc><vAcc>-1.000000</vAcc></extensions></trkpt>
      <trkpt lon="-117.330856" lat="33.975586"><ele>0.000000</ele><time>2024-12-02T17:54:49Z</time><extensions><speed>1.364801</speed><course>359.497585</course><hAcc>1.821930</hAcc><vAcc>-1.000000</vAcc></extensions></trkpt>
      <trkpt lon="-117.330856" lat="33.975598"><ele>0.000000</ele><time>2024-12-02T17:54:50Z</time><extensions><speed>1.366653</speed><course>359.497608</course><hAcc>1.762412</hAcc><vAcc>-1.000000</vAcc></extensions></trkpt>
      <trkpt lon="-117.330856" lat="33.975610"><ele>0.000000</ele><time>2024-12-02T17:54:51Z</time><extensions><speed>1.343237</speed><course>359.497632</course><hAcc>1.729584</hAcc><vAcc>-1.000000</vAcc></extensions></trkpt>
      <trkpt lon="-117.330857" lat="33.975622"><ele>0.000000</ele><time>2024-12-02T17:54:52Z</time><extensions><speed>1.281432</speed><course>359.497649</course><hAcc>1.708157</hAcc><vAcc>-1.000000</vAcc></extensions></trkpt>
      <trkpt lon="-117.330857" lat="33.975633"><ele>0.000000</ele><time>2024-12-02T17:54:53Z</time><extensions><speed>1.162011</speed><course>359.497657</course><hAcc>1.680287</hAcc><vAcc>-1.000000</vAcc></extensions></trkpt>
      <trkpt lon="-117.330857" lat="33.975643"><ele>0.000000</ele><time>2024-12-02T17:54:54Z</time><extensions><speed>0.976072</speed><course>359.497657</course><hAcc>1.644080</hAcc><vAcc>-1.000000</vAcc></extensions></trkpt>
      <trkpt lon="-117.330857" lat="33.975650"><ele>0.000000</ele><time>2024-12-02T17:54:55Z</time><extensions><speed>0.728964</speed><course>359.497647</course><hAcc>1.613842</hAcc><vAcc>-1.000000</vAcc></extensions></trkpt>
      <trkpt lon="-117.330857" lat="33.975656"><ele>0.000000</ele><time>2024-12-02T17:54:56Z</time><extensions><speed>0.490243</speed><course>359.497634</course><hAcc>1.610967</hAcc><vAcc>-1.000000</vAcc></extensions></trkpt>
      <trkpt lon="-117.330857" lat="33.975659"><ele>0.000000</ele><time>2024-12-02T17:54:57Z</time><extensions><speed>0.302037</speed><course>359.497626</course><hAcc>1.637887</hAcc><vAcc>-1.000000</vAcc></extensions></trkpt>
      <trkpt lon="-117.330857" lat="33.975662"><ele>0.000000</ele><time>2024-12-02T17:54:58Z</time><extensions><speed>0.236105</speed><course>359.497640</course><hAcc>1.665034</hAcc><vAcc>-1.000000</vAcc></extensions></trkpt>
      <trkpt lon="-117.330857" lat="33.975664"><ele>0.000000</ele><time>2024-12-02T17:54:59Z</time><extensions><speed>0.265848</speed><course>359.497668</course><hAcc>1.672512</hAcc><vAcc>-1.000000</vAcc></extensions></trkpt>
      <trkpt lon="-117.330857" lat="33.975667"><ele>0.000000</ele><time>2024-12-02T17:55:00Z</time><extensions><speed>0.395712</speed><course>359.497687</course><hAcc>1.656447</hAcc><vAcc>-1.000000</vAcc></extensions></trkpt>
      <trkpt lon="-117.330857" lat="33.975672"><ele>0.000000</ele><time>2024-12-02T17:55:01Z</time><extensions><speed>0.590725</speed><course>359.497696</course><hAcc>1.618316</hAcc><vAcc>-1.000000</vAcc></extensions></trkpt>
      <trkpt lon="-117.330857" lat="33.975678"><ele>0.000000</ele><time>2024-12-02T17:55:02Z</time><extensions><speed>0.765663</speed><course>359.497702</course><hAcc>1.584646</hAcc><vAcc>-1.000000</vAcc></extensions></trkpt>
      <trkpt lon="-117.330857" lat="33.975685"><ele>0.000000</ele><time>2024-12-02T17:55:03Z</time><extensions><speed>0.933440</speed><course>359.497706</course><hAcc>1.588934</hAcc><vAcc>-1.000000</vAcc></extensions></trkpt>
      <trkpt lon="-117.330857" lat="33.975695"><ele>0.000000</ele><time>2024-12-02T17:55:04Z</time><extensions><speed>1.101554</speed><course>359.497702</course><hAcc>1.613983</hAcc><vAcc>-1.000000</vAcc></extensions></trkpt>
      <trkpt lon="-117.330857" lat="33.975705"><ele>0.000000</ele><time>2024-12-02T17:55:05Z</time><extensions><speed>1.188845</speed><course>359.497696</course><hAcc>1.621692</hAcc><vAcc>-1.000000</vAcc></extensions></trkpt>
      <trkpt lon="-117.330858" lat="33.975715"><ele>0.000000</ele><time>2024-12-02T17:55:06Z</time><extensions><speed>1.163290</speed><course>359.497690</course><hAcc>1.592105</hAcc><vAcc>-1.000000</vAcc></extensions></trkpt>
      <trkpt lon="-117.330858" lat="33.975725"><ele>0.000000</ele><time>2024-12-02T17:55:07Z</time><extensions><speed>1.055770</speed><course>359.497685</course><hAcc>1.503114</hAcc><vAcc>-1.000000</vAcc></extensions></trkpt>
      <trkpt lon="-117.330858" lat="33.975734"><ele>0.000000</ele><time>2024-12-02T17:55:08Z</time><extensions><speed>0.883446</speed><course>359.497682</course><hAcc>1.347114</hAcc><vAcc>-1.000000</vAcc></extensions></trkpt>
      <trkpt lon="-117.330858" lat="33.975741"><ele>0.000000</ele><time>2024-12-02T17:55:09Z</time><extensions><speed>0.692776</speed><course>1.804120</course><hAcc>1.241775</hAcc><vAcc>-1.000000</vAcc></extensions></trkpt>
      <trkpt lon="-117.330857" lat="33.975747"><ele>0.000000</ele><time>2024-12-02T17:55:10Z</time><extensions><speed>0.541840</speed><course>1.647276</course><hAcc>1.330760</hAcc><vAcc>-1.000000</vAcc></extensions></trkpt>
      <trkpt lon="-117.330857" lat="33.975751"><ele>0.000000</ele><time>2024-12-02T17:55:11Z</time><extensions><speed>0.390527</speed><course>359.717536</course><hAcc>1.484090</hAcc><vAcc>-1.000000</vAcc></extensions></trkpt>
      <trkpt lon="-117.330858" lat="33.975754"><ele>0.000000</ele><time>2024-12-02T17:55:12Z</time><extensions><speed>0.281651</speed><course>352.040300</course><hAcc>1.585984</hAcc><vAcc>-1.000000</vAcc></extensions></trkpt>
      <trkpt lon="-117.330858" lat="33.975756"><ele>0.000000</ele><time>2024-12-02T17:55:13Z</time><extensions><speed>0.214648</speed><course>331.094353</course><hAcc>1.643897</hAcc><vAcc>-1.000000</vAcc></extensions></trkpt>
      <trkpt lon="-117.330860" lat="33.975758"><ele>0.000000</ele><time>2024-12-02T17:55:14Z</time><extensions><speed>0.232791</speed><course>300.231657</course><hAcc>1.689416</hAcc><vAcc>-1.000000</vAcc></extensions></trkpt>
      <trkpt lon="-117.330863" lat="33.975758"><ele>0.000000</ele><time>2024-12-02T17:55:15Z</time><extensions><speed>0.332949</speed><course>281.982057</course><hAcc>1.743066</hAcc><vAcc>-1.000000</vAcc></extensions></trkpt>
      <trkpt lon="-117.330867" lat="33.975759"><ele>0.000000</ele><time>2024-12-02T17:55:16Z</time><extensions><speed>0.441022</speed><course>274.420419</course><hAcc>1.797467</hAcc><vAcc>-1.000000</vAcc></extensions></trkpt>
      <trkpt lon="-117.330872" lat="33.975759"><ele>0.000000</ele><time>2024-12-02T17:55:17Z</time><extensions><speed>0.489088</speed><course>270.772413</course><hAcc>1.822903</hAcc><vAcc>-1.000000</vAcc></extensions></trkpt>
      <trkpt lon="-117.330877" lat="33.975759"><ele>0.000000</ele><time>2024-12-02T17:55:18Z</time><extensions><speed>0.374919</speed><course>268.231439</course><hAcc>1.801848</hAcc><vAcc>-1.000000</vAcc></extensions></trkpt>
      <trkpt lon="-117.330878" lat="33.975759"><ele>0.000000</ele><time>2024-12-02T17:55:19Z</time><extensions><speed>0.068571</speed><course>110.398832</course><hAcc>1.752463</hAcc><vAcc>-1.000000</vAcc></extensions></trkpt>
      <trkpt lon="-117.330875" lat="33.975759"><ele>0.000000</ele><time>2024-12-02T17:55:20Z</time><extensions><speed>0.478680</speed><course>93.973963</course><hAcc>1.707321</hAcc><vAcc>-1.000000</vAcc></extensions></trkpt>
      <trkpt lon="-117.330870" lat="33.975758"><ele>0.000000</ele><time>2024-12-02T17:55:21Z</time><extensions><speed>0.527914</speed><course>94.437973</course><hAcc>1.680919</hAcc><vAcc>-1.000000</vAcc></extensions></trkpt>
      <trkpt lon="-117.330865" lat="33.975758"><ele>0.000000</ele><time>2024-12-02T17:55:22Z</time><extensions><speed>0.408530</speed><course>95.660755</course><hAcc>1.671341</hAcc><vAcc>-1.000000</vAcc></extensions></trkpt>
      <trkpt lon="-117.330861" lat="33.975758"><ele>0.000000</ele><time>2024-12-02T17:55:23Z</time><extensions><speed>0.230585</speed><course>97.569075</course><hAcc>1.674191</hAcc><vAcc>-1.000000</vAcc></extensions></trkpt>
      <trkpt lon="-117.330860" lat="33.975757"><ele>0.000000</ele><time>2024-12-02T17:55:24Z</time><extensions><speed>0.045336</speed><course>111.771101</course><hAcc>1.677516</hAcc><vAcc>-1.000000</vAcc></extensions></trkpt>
      <trkpt lon="-117.330860" lat="33.975757"><ele>0.000000</ele><time>2024-12-02T17:55:25Z</time><extensions><speed>0.134972</speed><course>267.454496</course><hAcc>1.640634</hAcc><vAcc>-1.000000</vAcc></extensions></trkpt>
      <trkpt lon="-117.330863" lat="33.975757"><ele>0.000000</ele><time>2024-12-02T17:55:26Z</time><extensions><speed>0.305451</speed><course>270.441791</course><hAcc>1.563561</hAcc><vAcc>-1.000000</vAcc></extensions></trkpt>
      <trkpt lon="-117.330867" lat="33.975757"><ele>0.000000</ele><time>2024-12-02T17:55:27Z</time><extensions><speed>0.482447</speed><course>271.008318</course><hAcc>1.517179</hAcc><vAcc>-1.000000</vAcc></extensions></trkpt>
      <trkpt lon="-117.330873" lat="33.975757"><ele>0.000000</ele><time>2024-12-02T17:55:28Z</time><extensions><speed>0.666083</speed><course>271.439541</course><hAcc>1.486317</hAcc><vAcc>-1.000000</vAcc></extensions></trkpt>
      <trkpt lon="-117.330881" lat="33.975758"><ele>0.000000</ele><time>2024-12-02T17:55:29Z</time><extensions><speed>0.824612</speed><course>271.814818</course><hAcc>1.476806</hAcc><vAcc>-1.000000</vAcc></extensions></trkpt>
      <trkpt lon="-117.330890" lat="33.975758"><ele>0.000000</ele><time>2024-12-02T17:55:30Z</time><extensions><speed>0.833735</speed><course>272.295918</course><hAcc>1.541853</hAcc><vAcc>-1.000000</vAcc></extensions></trkpt>
      <trkpt lon="-117.330899" lat="33.975758"><ele>0.000000</ele><time>2024-12-02T17:55:31Z</time><extensions><speed>0.683182</speed><course>270.919734</course><hAcc>1.643893</hAcc><vAcc>-1.000000</vAcc></extensions></trkpt>
      <trkpt lon="-117.330905" lat="33.975758"><ele>0.000000</ele><time>2024-12-02T17:55:32Z</time><extensions><speed>0.496617</speed><course>267.900923</course><hAcc>1.737260</hAcc><vAcc>-1.000000</vAcc></extensions></trkpt>
      <trkpt lon="-117.330909" lat="33.975758"><ele>0.000000</ele><time>2024-12-02T17:55:33Z</time><extensions><speed>0.273231</speed><course>258.453883</course><hAcc>1.809084</hAcc><vAcc>-1.000000</vAcc></extensions></trkpt>
      <trkpt lon="-117.330910" lat="33.975757"><ele>0.000000</ele><time>2024-12-02T17:55:34Z</time><extensions><speed>0.108136</speed><course>221.337390</course><hAcc>1.839391</hAcc><vAcc>-1.000000</vAcc></extensions></trkpt>
      <trkpt lon="-117.330910" lat="33.975756"><ele>0.000000</ele><time>2024-12-02T17:55:35Z</time><extensions><speed>0.142894</speed><course>131.609244</course><hAcc>1.815103</hAcc><vAcc>-1.000000</vAcc></extensions></trkpt>
      <trkpt lon="-117.330908" lat="33.975755"><ele>0.000000</ele><time>2024-12-02T17:55:36Z</time><extensions><speed>0.282386</speed><course>106.229622</course><hAcc>1.747776</hAcc><vAcc>-1.000000</vAcc></extensions></trkpt>
      <trkpt lon="-117.330905" lat="33.975755"><ele>0.000000</ele><time>2024-12-02T17:55:37Z</time><extensions><speed>0.396489</speed><course>90.189481</course><hAcc>1.657392</hAcc><vAcc>-1.000000</vAcc></extensions></trkpt>
      <trkpt lon="-117.330900" lat="33.975756"><ele>0.000000</ele><time>2024-12-02T17:55:38Z</time><extensions><speed>0.436452</speed><course>66.279786</course><hAcc>1.559168</hAcc><vAcc>-1.000000</vAcc></extensions></trkpt>
      <trkpt lon="-117.330897" lat="33.975759"><ele>0.000000</ele><time>2024-12-02T17:55:39Z</time><extensions><speed>0.515740</speed><course>21.106795</course><hAcc>1.500559</hAcc><vAcc>-1.000000</vAcc></extensions></trkpt>
      <trkpt lon="-117.330898" lat="33.975765"><ele>0.000000</ele><time>2024-12-02T17:55:40Z</time><extensions><speed>0.951351</speed><course>342.627085</course><hAcc>1.521259</hAcc><vAcc>-1.000000</vAcc></extensions></trkpt>
      <trkpt lon="-117.330904" lat="33.975775"><ele>0.000000</ele><time>2024-12-02T17:55:41Z</time><extensions><speed>1.691200</speed><course>325.145298</course><hAcc>1.561350</hAcc><vAcc>-1.000000</vAcc></extensions></trkpt>
      <trkpt lon="-117.330919" lat="33.975789"><ele>0.000000</ele><time>2024-12-02T17:55:42Z</time><extensions><speed>2.396885</speed><course>316.226617</course><hAcc>1.566622</hAcc><vAcc>-1.000000</vAcc></extensions></trkpt>
      <trkpt lon="-117.330938" lat="33.975804"><ele>0.000000</ele><time>2024-12-02T17:55:43Z</time><extensions><speed>2.499418</speed><course>310.058508</course><hAcc>1.534277</hAcc><vAcc>-1.000000</vAcc></extensions></trkpt>
      <trkpt lon="-117.330957" lat="33.975817"><ele>0.000000</ele><time>2024-12-02T17:55:44Z</time><extensions><speed>2.053418</speed><course>305.050176</course><hAcc>1.459029</hAcc><vAcc>-1.000000</vAcc></extensions></trkpt>
      <trkpt lon="-117.330974" lat="33.975826"><ele>0.000000</ele><time>2024-12-02T17:55:45Z</time><extensions><speed>1.633277</speed><course>300.231111</course><hAcc>1.310446</hAcc><vAcc>-1.000000</vAcc></extensions></trkpt>
      <trkpt lon="-117.330989" lat="33.975832"><ele>0.000000</ele><time>2024-12-02T17:55:47Z</time><extensions><speed>1.318895</speed><course>294.359736</course><hAcc>1.138177</hAcc><vAcc>-1.000000</vAcc></extensions></trkpt>
      <trkpt lon="-117.331001" lat="33.975837"><ele>314.953766</ele><time>2024-12-02T17:55:48Z</time><extensions><speed>1.189658</speed><course>297.669985</course><hAcc>1.158406</hAcc><vAcc>1.056337</vAcc></extensions></trkpt>
      <trkpt lon="-117.331011" lat="33.975844"><ele>315.078573</ele><time>2024-12-02T17:55:49Z</time><extensions><speed>1.237903</speed><course>318.082663</course><hAcc>1.133906</hAcc><vAcc>0.994131</vAcc></extensions></trkpt>
      <trkpt lon="-117.331019" lat="33.975852"><ele>315.208215</ele><time>2024-12-02T17:55:50Z</time><extensions><speed>1.183709</speed><course>320.102631</course><hAcc>1.091325</hAcc><vAcc>0.939578</vAcc></extensions></trkpt>
      <trkpt lon="-117.331026" lat="33.975859"><ele>315.337259</ele><time>2024-12-02T17:55:51Z</time><extensions><speed>0.944562</speed><course>321.467915</course><hAcc>0.995035</hAcc><vAcc>0.893488</vAcc></extensions></trkpt>
      <trkpt lon="-117.331032" lat="33.975865"><ele>315.461447</ele><time>2024-12-02T17:55:52Z</time><extensions><speed>0.724667</speed><course>320.964740</course><hAcc>0.978004</hAcc><vAcc>0.855956</vAcc></extensions></trkpt>
      <trkpt lon="-117.331034" lat="33.975867"><ele>315.575081</ele><time>2024-12-02T17:55:53Z</time><extensions><speed>0.009926</speed><course>320.528358</course><hAcc>0.973614</hAcc><vAcc>0.826491</vAcc></extensions></trkpt>
      <trkpt lon="-117.331034" lat="33.975867"><ele>315.679248</ele><time>2024-12-02T17:55:54Z</time><extensions><speed>0.007495</speed><course>320.500811</course><hAcc>0.955701</hAcc><vAcc>0.804193</vAcc></extensions></trkpt>
      <trkpt lon="-117.331034" lat="33.975868"><ele>315.772718</ele><time>2024-12-02T17:55:55Z</time><extensions><speed>0.016752</speed><course>320.410335</course><hAcc>0.939926</hAcc><vAcc>0.787933</vAcc></extensions></trkpt>
      <trkpt lon="-117.331034" lat="33.975868"><ele>315.855812</ele><time>2024-12-02T17:55:56Z</time><extensions><speed>0.010694</speed><course>320.577028</course><hAcc>0.926402</hAcc><vAcc>0.776522</vAcc></extensions></trkpt>
      <trkpt lon="-117.331034" lat="33.975869"><ele>315.928816</ele><time>2024-12-02T17:55:57Z</time><extensions><speed>0.016360</speed><course>320.557247</course><hAcc>0.914925</hAcc><vAcc>0.768831</vAcc></extensions></trkpt>
      <trkpt lon="-117.331034" lat="33.975869"><ele>315.992903</ele><time>2024-12-02T17:55:58Z</time><extensions><speed>0.001109</speed><course>325.179441</course><hAcc>0.905412</hAcc><vAcc>0.763875</vAcc></extensions></trkpt>
      <trkpt lon="-117.331033" lat="33.975870"><ele>316.046927</ele><time>2024-12-02T17:55:59Z</time><extensions><speed>0.007796</speed><course>321.256601</course><hAcc>0.897544</hAcc><vAcc>0.760842</vAcc></extensions></trkpt>
      <trkpt lon="-117.331033" lat="33.975870"><ele>316.093545</ele><time>2024-12-02T17:56:00Z</time><extensions><speed>0.006755</speed><course>321.714069</course><hAcc>0.891335</hAcc><vAcc>0.759102</vAcc></extensions></trkpt>
      <trkpt lon="-117.331033" lat="33.975871"><ele>316.131803</ele><time>2024-12-02T17:56:01Z</time><extensions><speed>0.054727</speed><course>25.303536</course><hAcc>0.882991</hAcc><vAcc>0.758185</vAcc></extensions></trkpt>
      <trkpt lon="-117.331033" lat="33.975872"><ele>316.164061</ele><time>2024-12-02T17:56:02Z</time><extensions><speed>0.086910</speed><course>6.238277</course><hAcc>0.917459</hAcc><vAcc>0.757759</vAcc></extensions></trkpt>
      <trkpt lon="-117.331033" lat="33.975873"><ele>316.190492</ele><time>2024-12-02T17:56:03Z</time><extensions><speed>0.123462</speed><course>359.602072</course><hAcc>0.953299</hAcc><vAcc>0.757602</vAcc></extensions></trkpt>
      <trkpt lon="-117.331034" lat="33.975876"><ele>316.211751</ele><time>2024-12-02T17:56:04Z</time><extensions><speed>0.406814</speed><course>347.477272</course><hAcc>0.983028</hAcc><vAcc>0.757570</vAcc></extensions></trkpt>
      <trkpt lon="-117.331034" lat="33.975882"><ele>316.230979</ele><time>2024-12-02T17:56:05Z</time><extensions><speed>0.861964</speed><course>3.728027</course><hAcc>1.029061</hAcc><vAcc>0.757579</vAcc></extensions></trkpt>
      <trkpt lon="-117.331033" lat="33.975891"><ele>316.248616</ele><time>2024-12-02T17:56:06Z</time><extensions><speed>0.989792</speed><course>2.087023</course><hAcc>1.062458</hAcc><vAcc>0.757584</vAcc></extensions></trkpt>
      <trkpt lon="-117.331033" lat="33.975901"><ele>316.263804</ele><time>2024-12-02T17:56:07Z</time><extensions><speed>1.023502</speed><course>2.533134</course><hAcc>1.091926</hAcc><vAcc>0.757566</vAcc></extensions></trkpt>
      <trkpt lon="-117.331033" lat="33.975911"><ele>316.276137</ele><time>2024-12-02T17:56:08Z</time><extensions><speed>1.144462</speed><course>1.420054</course><hAcc>1.118664</hAcc><vAcc>0.757521</vAcc></extensions></trkpt>
      <trkpt lon="-117.331033" lat="33.975922"><ele>316.285855</ele><time>2024-12-02T17:56:09Z</time><extensions><speed>1.270944</speed><course>358.054574</course><hAcc>1.140465</hAcc><vAcc>0.757454</vAcc></extensions></trkpt>
      <trkpt lon="-117.331034" lat="33.975934"><ele>316.293774</ele><time>2024-12-02T17:56:10Z</time><extensions><speed>1.265308</speed><course>355.740553</course><hAcc>1.163705</hAcc><vAcc>0.757371</vAcc></extensions></trkpt>
      <trkpt lon="-117.331036" lat="33.975945"><ele>316.292626</ele><time>2024-12-02T17:56:11Z</time><extensions><speed>1.278655</speed><course>354.847466</course><hAcc>1.142528</hAcc><vAcc>0.757281</vAcc></extensions></trkpt>
      <trkpt lon="-117.331037" lat="33.975957"><ele>316.281390</ele><time>2024-12-02T17:56:12Z</time><extensions><speed>1.298311</speed><course>355.042497</course><hAcc>1.142344</hAcc><vAcc>0.757191</vAcc></extensions></trkpt>
      <trkpt lon="-117.331038" lat="33.975969"><ele>316.264085</ele><time>2024-12-02T17:56:13Z</time><extensions><speed>1.374741</speed><course>356.134665</course><hAcc>1.144754</hAcc><vAcc>0.757106</vAcc></extensions></trkpt>
      <trkpt lon="-117.331039" lat="33.975981"><ele>316.231089</ele><time>2024-12-02T17:56:14Z</time><extensions><speed>1.378963</speed><course>356.995617</course><hAcc>1.149024</hAcc><vAcc>0.757029</vAcc></extensions></trkpt>
      <trkpt lon="-117.331040" lat="33.975993"><ele>316.188574</ele><time>2024-12-02T17:56:15Z</time><extensions><speed>1.347170</speed><course>353.358453</course><hAcc>1.158495</hAcc><vAcc>0.756963</vAcc></extensions></trkpt>
      <trkpt lon="-117.331042" lat="33.976005"><ele>316.134721</ele><time>2024-12-02T17:56:16Z</time><extensions><speed>1.364141</speed><course>352.120377</course><hAcc>1.158131</hAcc><vAcc>0.756908</vAcc></extensions></trkpt>
      <trkpt lon="-117.331044" lat="33.976018"><ele>316.065611</ele><time>2024-12-02T17:56:17Z</time><extensions><speed>1.402437</speed><course>353.777944</course><hAcc>1.151874</hAcc><vAcc>0.756864</vAcc></extensions></trkpt>
      <trkpt lon="-117.331045" lat="33.976030"><ele>315.984314</ele><time>2024-12-02T17:56:18Z</time><extensions><speed>1.391879</speed><course>355.710363</course><hAcc>1.146360</hAcc><vAcc>0.756829</vAcc></extensions></trkpt>
      <trkpt lon="-117.331047" lat="33.976043"><ele>315.898983</ele><time>2024-12-02T17:56:19Z</time><extensions><speed>1.367767</speed><course>352.568963</course><hAcc>1.141511</hAcc><vAcc>0.756803</vAcc></extensions></trkpt>
      <trkpt lon="-117.331049" lat="33.976055"><ele>315.807809</ele><time>2024-12-02T17:56:20Z</time><extensions><speed>1.319159</speed><course>351.981287</course><hAcc>1.114164</hAcc><vAcc>0.756783</vAcc></extensions></trkpt>
      <trkpt lon="-117.331050" lat="33.976066"><ele>315.714759</ele><time>2024-12-02T17:56:21Z</time><extensions><speed>1.237664</speed><course>357.754903</course><hAcc>1.006139</hAcc><vAcc>0.756770</vAcc></extensions></trkpt>
      <trkpt lon="-117.331049" lat="33.976077"><ele>315.627478</ele><time>2024-12-02T17:56:22Z</time><extensions><speed>1.217884</speed><course>6.781807</course><hAcc>0.979694</hAcc><vAcc>0.756760</vAcc></extensions></trkpt>
      <trkpt lon="-117.331047" lat="33.976088"><ele>315.532045</ele><time>2024-12-02T17:56:23Z</time><extensions><speed>1.230805</speed><course>10.361214</course><hAcc>1.024237</hAcc><vAcc>0.756753</vAcc></extensions></trkpt>
      <trkpt lon="-117.331045" lat="33.976099"><ele>315.438273</ele><time>2024-12-02T17:56:24Z</time><extensions><speed>1.234427</speed><course>10.305984</course><hAcc>1.078325</hAcc><vAcc>0.756749</vAcc></extensions></trkpt>
      <trkpt lon="-117.331043" lat="33.976110"><ele>315.352948</ele><time>2024-12-02T17:56:25Z</time><extensions><speed>1.206419</speed><course>10.422376</course><hAcc>1.125534</hAcc><vAcc>0.756747</vAcc></extensions></trkpt>
      <trkpt lon="-117.331040" lat="33.976120"><ele>315.286278</ele><time>2024-12-02T17:56:26Z</time><extensions><speed>1.155167</speed><course>9.690161</course><hAcc>1.157506</hAcc><vAcc>0.756745</vAcc></extensions></trkpt>
      <trkpt lon="-117.331039" lat="33.976131"><ele>315.215659</ele><time>2024-12-02T17:56:27Z</time><extensions><speed>1.167608</speed><course>6.529800</course><hAcc>1.173101</hAcc><vAcc>0.756745</vAcc></extensions></trkpt>
      <trkpt lon="-117.331038" lat="33.976141"><ele>315.154760</ele><time>2024-12-02T17:56:28Z</time><extensions><speed>1.192427</speed><course>2.546961</course><hAcc>1.175555</hAcc><vAcc>0.756744</vAcc></extensions></trkpt>
      <trkpt lon="-117.331038" lat="33.976152"><ele>315.101854</ele><time>2024-12-02T17:56:29Z</time><extensions><speed>1.196686</speed><course>356.630961</course><hAcc>1.171556</hAcc><vAcc>0.756744</vAcc></extensions></trkpt>
      <trkpt lon="-117.331039" lat="33.976163"><ele>315.057919</ele><time>2024-12-02T17:56:30Z</time><extensions><speed>1.175365</speed><course>352.355564</course><hAcc>1.164810</hAcc><vAcc>0.756744</vAcc></extensions></trkpt>
      <trkpt lon="-117.331041" lat="33.976173"><ele>315.021688</ele><time>2024-12-02T17:56:31Z</time><extensions><speed>1.203627</speed><course>352.209954</course><hAcc>1.155504</hAcc><vAcc>0.756744</vAcc></extensions></trkpt>
      <trkpt lon="-117.331042" lat="33.976184"><ele>314.995469</ele><time>2024-12-02T17:56:32Z</time><extensions><speed>1.285062</speed><course>354.941394</course><hAcc>1.145698</hAcc><vAcc>0.756744</vAcc></extensions></trkpt>
      <trkpt lon="-117.331043" lat="33.976196"><ele>314.967091</ele><time>2024-12-02T17:56:33Z</time><extensions><speed>1.326973</speed><course>357.452095</course><hAcc>1.133828</hAcc><vAcc>0.756744</vAcc></extensions></trkpt>
      <trkpt lon="-117.331043" lat="33.976208"><ele>314.938185</ele><time>2024-12-02T17:56:34Z</time><extensions><speed>1.316076</speed><course>359.511623</course><hAcc>1.116197</hAcc><vAcc>0.756744</vAcc></extensions></trkpt>
      <trkpt lon="-117.331044" lat="33.976220"><ele>314.912659</ele><time>2024-12-02T17:56:35Z</time><extensions><speed>1.319262</speed><course>358.818828</course><hAcc>1.099108</hAcc><vAcc>0.756744</vAcc></extensions></trkpt>
      <trkpt lon="-117.331044" lat="33.976232"><ele>314.891919</ele><time>2024-12-02T17:56:36Z</time><extensions><speed>1.383400</speed><course>354.833684</course><hAcc>1.082727</hAcc><vAcc>0.756744</vAcc></extensions></trkpt>
      <trkpt lon="-117.331046" lat="33.976245"><ele>314.872417</ele><time>2024-12-02T17:56:37Z</time><extensions><speed>1.400567</speed><course>352.870429</course><hAcc>1.059622</hAcc><vAcc>0.756743</vAcc></extensions></trkpt>
      <trkpt lon="-117.331048" lat="33.976257"><ele>314.852067</ele><time>2024-12-02T17:56:38Z</time><extensions><speed>1.420147</speed><course>352.504293</course><hAcc>1.035113</hAcc><vAcc>0.756743</vAcc></extensions></trkpt>
      <trkpt lon="-117.331050" lat="33.976270"><ele>314.827840</ele><time>2024-12-02T17:56:39Z</time><extensions><speed>1.430583</speed><course>355.823838</course><hAcc>1.024757</hAcc><vAcc>0.756743</vAcc></extensions></trkpt>
      <trkpt lon="-117.331050" lat="33.976283"><ele>314.799914</ele><time>2024-12-02T17:56:40Z</time><extensions><speed>1.372826</speed><course>356.980655</course><hAcc>1.046451</hAcc><vAcc>0.756743</vAcc></extensions></trkpt>
      <trkpt lon="-117.331051" lat="33.976295"><ele>314.765383</ele><time>2024-12-02T17:56:41Z</time><extensions><speed>1.378977</speed><course>356.969554</course><hAcc>1.017766</hAcc><vAcc>0.756743</vAcc></extensions></trkpt>
      <trkpt lon="-117.331052" lat="33.976307"><ele>314.731134</ele><time>2024-12-02T17:56:42Z</time><extensions><speed>1.383216</speed><course>356.718622</course><hAcc>1.016487</hAcc><vAcc>0.756743</vAcc></extensions></trkpt>
      <trkpt lon="-117.331053" lat="33.976320"><ele>314.702555</ele><time>2024-12-02T17:56:43Z</time><extensions><speed>1.384436</speed><course>356.536273</course><hAcc>1.022771</hAcc><vAcc>0.756743</vAcc></extensions></trkpt>
      <trkpt lon="-117.331054" lat="33.976332"><ele>314.687328</ele><time>2024-12-02T17:56:44Z</time><extensions><speed>1.330983</speed><course>356.962669</course><hAcc>1.025583</hAcc><vAcc>0.756743</vAcc></extensions></trkpt>
      <trkpt lon="-117.331055" lat="33.976344"><ele>314.664862</ele><time>2024-12-02T17:56:45Z</time><extensions><speed>1.424905</speed><course>356.311490</course><hAcc>1.028041</hAcc><vAcc>0.756743</vAcc></extensions></trkpt>
      <trkpt lon="-117.331056" lat="33.976357"><ele>314.644571</ele><time>2024-12-02T17:56:46Z</time><extensions><speed>1.459885</speed><course>357.110059</course><hAcc>1.030698</hAcc><vAcc>0.756743</vAcc></extensions></trkpt>
      <trkpt lon="-117.331056" lat="33.976370"><ele>314.636674</ele><time>2024-12-02T17:56:47Z</time><extensions><speed>1.431394</speed><course>359.203164</course><hAcc>1.041626</hAcc><vAcc>0.756743</vAcc></extensions></trkpt>
      <trkpt lon="-117.331056" lat="33.976383"><ele>314.641370</ele><time>2024-12-02T17:56:48Z</time><extensions><speed>1.435586</speed><course>1.300484</course><hAcc>1.041329</hAcc><vAcc>0.756743</vAcc></extensions></trkpt>
      <trkpt lon="-117.331056" lat="33.976396"><ele>314.657296</ele><time>2024-12-02T17:56:49Z</time><extensions><speed>1.410687</speed><course>1.718889</course><hAcc>1.041666</hAcc><vAcc>0.756743</vAcc></extensions></trkpt>
      <trkpt lon="-117.331056" lat="33.976409"><ele>314.684800</ele><time>2024-12-02T17:56:50Z</time><extensions><speed>1.419301</speed><course>359.049989</course><hAcc>1.039259</hAcc><vAcc>0.756743</vAcc></extensions></trkpt>
      <trkpt lon="-117.331056" lat="33.976422"><ele>314.724505</ele><time>2024-12-02T17:56:51Z</time><extensions><speed>1.459845</speed><course>359.139620</course><hAcc>1.041606</hAcc><vAcc>0.756743</vAcc></extensions></trkpt>
      <trkpt lon="-117.331056" lat="33.976434"><ele>314.775466</ele><time>2024-12-02T17:56:52Z</time><extensions><speed>1.322605</speed><course>358.624304</course><hAcc>1.051037</hAcc><vAcc>0.756743</vAcc></extensions></trkpt>
      <trkpt lon="-117.331057" lat="33.976446"><ele>314.837488</ele><time>2024-12-02T17:56:53Z</time><extensions><speed>1.169339</speed><course>354.266820</course><hAcc>1.038904</hAcc><vAcc>0.756743</vAcc></extensions></trkpt>
      <trkpt lon="-117.331059" lat="33.976456"><ele>314.905107</ele><time>2024-12-02T17:56:54Z</time><extensions><speed>1.171768</speed><course>350.668213</course><hAcc>1.036448</hAcc><vAcc>0.756743</vAcc></extensions></trkpt>
      <trkpt lon="-117.331061" lat="33.976467"><ele>314.978328</ele><time>2024-12-02T17:56:55Z</time><extensions><speed>1.273085</speed><course>352.378986</course><hAcc>1.039643</hAcc><vAcc>0.756743</vAcc></extensions></trkpt>
      <trkpt lon="-117.331062" lat="33.976479"><ele>315.053420</ele><time>2024-12-02T17:56:56Z</time><extensions><speed>1.375495</speed><course>353.914176</course><hAcc>1.051354</hAcc><vAcc>0.756743</vAcc></extensions></trkpt>
      <trkpt lon="-117.331064" lat="33.976491"><ele>315.141113</ele><time>2024-12-02T17:56:57Z</time><extensions><speed>1.334336</speed><course>351.792802</course><hAcc>1.058474</hAcc><vAcc>0.756743</vAcc></extensions></trkpt>
      <trkpt lon="-117.331066" lat="33.976503"><ele>315.239390</ele><time>2024-12-02T17:56:58Z</time><extensions><speed>1.275888</speed><course>349.024230</course><hAcc>1.056967</hAcc><vAcc>0.756743</vAcc></extensions></trkpt>
      <trkpt lon="-117.331069" lat="33.976514"><ele>315.348145</ele><time>2024-12-02T17:56:59Z</time><extensions><speed>1.242288</speed><course>347.426326</course><hAcc>1.074576</hAcc><vAcc>0.757115</vAcc></extensions></trkpt>
      <trkpt lon="-117.331072" lat="33.976525"><ele>315.462174</ele><time>2024-12-02T17:57:00Z</time><extensions><speed>1.305964</speed><course>348.329533</course><hAcc>1.101663</hAcc><vAcc>0.757590</vAcc></extensions></trkpt>
      <trkpt lon="-117.331075" lat="33.976537"><ele>315.588932</ele><time>2024-12-02T17:57:01Z</time><extensions><speed>1.344007</speed><course>351.247145</course><hAcc>1.127605</hAcc><vAcc>0.758249</vAcc></extensions></trkpt>
      <trkpt lon="-117.331076" lat="33.976549"><ele>315.723388</ele><time>2024-12-02T17:57:02Z</time><extensions><speed>1.348093</speed><course>355.810875</course><hAcc>1.146470</hAcc><vAcc>0.759198</vAcc></extensions></trkpt>
      <trkpt lon="-117.331077" lat="33.976561"><ele>315.861453</ele><time>2024-12-02T17:57:03Z</time><extensions><speed>1.440836</speed><course>358.978432</course><hAcc>1.159599</hAcc><vAcc>0.760270</vAcc></extensions></trkpt>
      <trkpt lon="-117.331077" lat="33.976575"><ele>316.003360</ele><time>2024-12-02T17:57:04Z</time><extensions><speed>1.503132</speed><course>0.433674</course><hAcc>1.173132</hAcc><vAcc>0.761623</vAcc></extensions></trkpt>
      <trkpt lon="-117.331077" lat="33.976588"><ele>316.146695</ele><time>2024-12-02T17:57:05Z</time><extensions><speed>1.477006</speed><course>359.367133</course><hAcc>1.188184</hAcc><vAcc>0.763370</vAcc></extensions></trkpt>
      <trkpt lon="-117.331078" lat="33.976601"><ele>316.278892</ele><time>2024-12-02T17:57:06Z</time><extensions><speed>1.475619</speed><course>357.223664</course><hAcc>1.201431</hAcc><vAcc>0.765492</vAcc></extensions></trkpt>
      <trkpt lon="-117.331079" lat="33.976615"><ele>316.404182</ele><time>2024-12-02T17:57:07Z</time><extensions><speed>1.484205</speed><course>355.540319</course><hAcc>1.211900</hAcc><vAcc>0.767671</vAcc></extensions></trkpt>
      <trkpt lon="-117.331080" lat="33.976628"><ele>316.535514</ele><time>2024-12-02T17:57:08Z</time><extensions><speed>1.444067</speed><course>354.237044</course><hAcc>1.224001</hAcc><vAcc>0.770960</vAcc></extensions></trkpt>
      <trkpt lon="-117.331082" lat="33.976641"><ele>316.659248</ele><time>2024-12-02T17:57:09Z</time><extensions><speed>1.398025</speed><course>354.319852</course><hAcc>1.236797</hAcc><vAcc>0.773748</vAcc></extensions></trkpt>
      <trkpt lon="-117.331083" lat="33.976653"><ele>316.770894</ele><time>2024-12-02T17:57:10Z</time><extensions><speed>1.430467</speed><course>356.180994</course><hAcc>1.243471</hAcc><vAcc>0.776926</vAcc></extensions></trkpt>
      <trkpt lon="-117.331084" lat="33.976666"><ele>316.863337</ele><time>2024-12-02T17:57:11Z</time><extensions><speed>1.420837</speed><course>358.441184</course><hAcc>1.244957</hAcc><vAcc>0.779977</vAcc></extensions></trkpt>
      <trkpt lon="-117.331084" lat="33.976679"><ele>316.954724</ele><time>2024-12-02T17:57:12Z</time><extensions><speed>1.422477</speed><course>1.694977</course><hAcc>1.245760</hAcc><vAcc>0.783533</vAcc></extensions></trkpt>
      <trkpt lon="-117.331083" lat="33.976691"><ele>317.044372</ele><time>2024-12-02T17:57:13Z</time><extensions><speed>1.368253</speed><course>4.277582</course><hAcc>1.247448</hAcc><vAcc>0.787303</vAcc></extensions></trkpt>
      <trkpt lon="-117.331082" lat="33.976703"><ele>317.119108</ele><time>2024-12-02T17:57:14Z</time><extensions><speed>1.302215</speed><course>5.385119</course><hAcc>1.247987</hAcc><vAcc>0.791104</vAcc></extensions></trkpt>
      <trkpt lon="-117.331081" lat="33.976715"><ele>317.185991</ele><time>2024-12-02T17:57:15Z</time><extensions><speed>1.335885</speed><course>2.330209</course><hAcc>1.243301</hAcc><vAcc>0.794515</vAcc></extensions></trkpt>
      <trkpt lon="-117.331081" lat="33.976728"><ele>317.246200</ele><time>2024-12-02T17:57:16Z</time><extensions><speed>1.374234</speed><course>357.854746</course><hAcc>1.231233</hAcc><vAcc>0.799387</vAcc></extensions></trkpt>
      <trkpt lon="-117.331082" lat="33.976740"><ele>317.300473</ele><time>2024-12-02T17:57:17Z</time><extensions><speed>1.393838</speed><course>354.537540</course><hAcc>1.224682</hAcc><vAcc>0.803815</vAcc></extensions></trkpt>
      <trkpt lon="-117.331083" lat="33.976752"><ele>317.345966</ele><time>2024-12-02T17:57:18Z</time><extensions><speed>1.313088</speed><course>355.152276</course><hAcc>1.234464</hAcc><vAcc>0.808338</vAcc></extensions></trkpt>
      <trkpt lon="-117.331084" lat="33.976763"><ele>317.367611</ele><time>2024-12-02T17:57:19Z</time><extensions><speed>1.199939</speed><course>357.735819</course><hAcc>1.212233</hAcc><vAcc>0.812942</vAcc></extensions></trkpt>
      <trkpt lon="-117.331084" lat="33.976773"><ele>317.374277</ele><time>2024-12-02T17:57:20Z</time><extensions><speed>1.016100</speed><course>4.222208</course><hAcc>1.207020</hAcc><vAcc>0.817333</vAcc></extensions></trkpt>
      <trkpt lon="-117.331083" lat="33.976784"><ele>317.376207</ele><time>2024-12-02T17:57:21Z</time><extensions><speed>1.279523</speed><course>1.351958</course><hAcc>1.206872</hAcc><vAcc>0.821942</vAcc></extensions></trkpt>
      <trkpt lon="-117.331083" lat="33.976796"><ele>317.384002</ele><time>2024-12-02T17:57:22Z</time><extensions><speed>1.402884</speed><course>356.499989</course><hAcc>1.236919</hAcc><vAcc>0.825723</vAcc></extensions></trkpt>
      <trkpt lon="-117.331085" lat="33.976808"><ele>317.382411</ele><time>2024-12-02T17:57:23Z</time><extensions><speed>1.402285</speed><course>353.909015</course><hAcc>1.228741</hAcc><vAcc>0.829034</vAcc></extensions></trkpt>
      <trkpt lon="-117.331086" lat="33.976821"><ele>317.374398</ele><time>2024-12-02T17:57:24Z</time><extensions><speed>1.380140</speed><course>355.494681</course><hAcc>1.245040</hAcc><vAcc>0.831805</vAcc></extensions></trkpt>
      <trkpt lon="-117.331087" lat="33.976833"><ele>317.364097</ele><time>2024-12-02T17:57:25Z</time><extensions><speed>1.409199</speed><course>357.187838</course><hAcc>1.263574</hAcc><vAcc>0.834527</vAcc></extensions></trkpt>
      <trkpt lon="-117.331087" lat="33.976846"><ele>317.354908</ele><time>2024-12-02T17:57:26Z</time><extensions><speed>1.385313</speed><course>0.505834</course><hAcc>1.294569</hAcc><vAcc>0.836703</vAcc></extensions></trkpt>
      <trkpt lon="-117.331087" lat="33.976858"><ele>317.341589</ele><time>2024-12-02T17:57:27Z</time><extensions><speed>1.370616</speed><course>1.289689</course><hAcc>1.307602</hAcc><vAcc>0.838255</vAcc></extensions></trkpt>
      <trkpt lon="-117.331087" lat="33.976871"><ele>317.323934</ele><time>2024-12-02T17:57:28Z</time><extensions><speed>1.308582</speed><course>1.653770</course><hAcc>1.315782</hAcc><vAcc>0.839282</vAcc></extensions></trkpt>
      <trkpt lon="-117.331086" lat="33.976882"><ele>317.300594</ele><time>2024-12-02T17:57:29Z</time><extensions><speed>1.331471</speed><course>4.277312</course><hAcc>1.316282</hAcc><vAcc>0.840925</vAcc></extensions></trkpt>
      <trkpt lon="-117.331085" lat="33.976895"><ele>317.273840</ele><time>2024-12-02T17:57:30Z</time><extensions><speed>1.371742</speed><course>5.493121</course><hAcc>1.317504</hAcc><vAcc>0.841391</vAcc></extensions></trkpt>
      <trkpt lon="-117.331083" lat="33.976907"><ele>317.252266</ele><time>2024-12-02T17:57:31Z</time><extensions><speed>1.404725</speed><course>6.254067</course><hAcc>1.321615</hAcc><vAcc>0.841382</vAcc></extensions></trkpt>
      <trkpt lon="-117.331081" lat="33.976919"><ele>317.238340</ele><time>2024-12-02T17:57:32Z</time><extensions><speed>1.366849</speed><course>8.801453</course><hAcc>1.317219</hAcc><vAcc>0.841163</vAcc></extensions></trkpt>
      <trkpt lon="-117.331079" lat="33.976932"><ele>317.218976</ele><time>2024-12-02T17:57:33Z</time><extensions><speed>1.416148</speed><course>10.254878</course><hAcc>1.315662</hAcc><vAcc>0.840894</vAcc></extensions></trkpt>
      <trkpt lon="-117.331076" lat="33.976944"><ele>317.212373</ele><time>2024-12-02T17:57:34Z</time><extensions><speed>1.437864</speed><course>8.165691</course><hAcc>1.314328</hAcc><vAcc>0.840147</vAcc></extensions></trkpt>
      <trkpt lon="-117.331074" lat="33.976957"><ele>317.221252</ele><time>2024-12-02T17:57:35Z</time><extensions><speed>1.448016</speed><course>5.618083</course><hAcc>1.313522</hAcc><vAcc>0.839406</vAcc></extensions></trkpt>
      <trkpt lon="-117.331073" lat="33.976970"><ele>317.232818</ele><time>2024-12-02T17:57:36Z</time><extensions><speed>1.441684</speed><course>5.399766</course><hAcc>1.310297</hAcc><vAcc>0.838530</vAcc></extensions></trkpt>
      <trkpt lon="-117.331071" lat="33.976983"><ele>317.252805</ele><time>2024-12-02T17:57:37Z</time><extensions><speed>1.445103</speed><course>6.662926</course><hAcc>1.305275</hAcc><vAcc>0.837559</vAcc></extensions></trkpt>
      <trkpt lon="-117.331069" lat="33.976996"><ele>317.269799</ele><time>2024-12-02T17:57:38Z</time><extensions><speed>1.451234</speed><course>9.527845</course><hAcc>1.305873</hAcc><vAcc>0.836813</vAcc></extensions></trkpt>
      <trkpt lon="-117.331066" lat="33.977009"><ele>317.302962</ele><time>2024-12-02T17:57:39Z</time><extensions><speed>1.385899</speed><course>11.471261</course><hAcc>1.317772</hAcc><vAcc>0.835444</vAcc></extensions></trkpt>
      <trkpt lon="-117.331064" lat="33.977021"><ele>317.315012</ele><time>2024-12-02T17:57:40Z</time><extensions><speed>1.278847</speed><course>8.824960</course><hAcc>1.302711</hAcc><vAcc>0.833657</vAcc></extensions></trkpt>
      <trkpt lon="-117.331062" lat="33.977032"><ele>317.327861</ele><time>2024-12-02T17:57:41Z</time><extensions><speed>1.283211</speed><course>4.514453</course><hAcc>1.297395</hAcc><vAcc>0.832635</vAcc></extensions></trkpt>
      <trkpt lon="-117.331061" lat="33.977044"><ele>317.347814</ele><time>2024-12-02T17:57:42Z</time><extensions><speed>1.299383</speed><course>2.385269</course><hAcc>1.297447</hAcc><vAcc>0.831034</vAcc></extensions></trkpt>
      <trkpt lon="-117.331061" lat="33.977056"><ele>317.368747</ele><time>2024-12-02T17:57:43Z</time><extensions><speed>1.313143</speed><course>1.899578</course><hAcc>1.298953</hAcc><vAcc>0.829364</vAcc></extensions></trkpt>
      <trkpt lon="-117.331060" lat="33.977067"><ele>317.382226</ele><time>2024-12-02T17:57:44Z</time><extensions><speed>1.323539</speed><course>0.989985</course><hAcc>1.294517</hAcc><vAcc>0.828357</vAcc></extensions></trkpt>
      <trkpt lon="-117.331060" lat="33.977079"><ele>317.392593</ele><time>2024-12-02T17:57:45Z</time><extensions><speed>1.296684</speed><course>1.862093</course><hAcc>1.288555</hAcc><vAcc>0.827190</vAcc></extensions></trkpt>
      <trkpt lon="-117.331059" lat="33.977091"><ele>317.403605</ele><time>2024-12-02T17:57:46Z</time><extensions><speed>1.294774</speed><course>5.736236</course><hAcc>1.284150</hAcc><vAcc>0.826521</vAcc></extensions></trkpt>
      <trkpt lon="-117.331057" lat="33.977102"><ele>317.403651</ele><time>2024-12-02T17:57:47Z</time><extensions><speed>1.278222</speed><course>10.353362</course><hAcc>1.280230</hAcc><vAcc>0.826075</vAcc></extensions></trkpt>
      <trkpt lon="-117.331054" lat="33.977113"><ele>317.401171</ele><time>2024-12-02T17:57:48Z</time><extensions><speed>1.200075</speed><course>14.028877</course><hAcc>1.284916</hAcc><vAcc>0.825813</vAcc></extensions></trkpt>
      <trkpt lon="-117.331051" lat="33.977124"><ele>317.400387</ele><time>2024-12-02T17:57:49Z</time><extensions><speed>1.343036</speed><course>11.707680</course><hAcc>1.260710</hAcc><vAcc>0.825135</vAcc></extensions></trkpt>
      <trkpt lon="-117.331048" lat="33.977137"><ele>317.392561</ele><time>2024-12-02T17:57:50Z</time><extensions><speed>1.474127</speed><course>8.077577</course><hAcc>1.265510</hAcc><vAcc>0.823686</vAcc></extensions></trkpt>
      <trkpt lon="-117.331046" lat="33.977150"><ele>317.375605</ele><time>2024-12-02T17:57:51Z</time><extensions><speed>1.407538</speed><course>5.143770</course><hAcc>1.298354</hAcc><vAcc>0.822330</vAcc></extensions></trkpt>
      <trkpt lon="-117.331045" lat="33.977162"><ele>317.344914</ele><time>2024-12-02T17:57:52Z</time><extensions><speed>1.338907</speed><course>4.334589</course><hAcc>1.276305</hAcc><vAcc>0.819856</vAcc></extensions></trkpt>
      <trkpt lon="-117.331044" lat="33.977174"><ele>317.304644</ele><time>2024-12-02T17:57:53Z</time><extensions><speed>1.336170</speed><course>5.024375</course><hAcc>1.274149</hAcc><vAcc>0.816979</vAcc></extensions></trkpt>
      <trkpt lon="-117.331043" lat="33.977186"><ele>317.269356</ele><time>2024-12-02T17:57:54Z</time><extensions><speed>1.374344</speed><course>4.969609</course><hAcc>1.283966</hAcc><vAcc>0.813470</vAcc></extensions></trkpt>
      <trkpt lon="-117.331042" lat="33.977199"><ele>317.228503</ele><time>2024-12-02T17:57:55Z</time><extensions><speed>1.374439</speed><course>1.947979</course><hAcc>1.290530</hAcc><vAcc>0.809584</vAcc></extensions></trkpt>
      <trkpt lon="-117.331042" lat="33.977211"><ele>317.191133</ele><time>2024-12-02T17:57:56Z</time><extensions><speed>1.362366</speed><course>0.285487</course><hAcc>1.291880</hAcc><vAcc>0.806125</vAcc></extensions></trkpt>
      <trkpt lon="-117.331042" lat="33.977224"><ele>317.152055</ele><time>2024-12-02T17:57:57Z</time><extensions><speed>1.398655</speed><course>359.839743</course><hAcc>1.291923</hAcc><vAcc>0.802308</vAcc></extensions></trkpt>
      <trkpt lon="-117.331041" lat="33.977236"><ele>317.107110</ele><time>2024-12-02T17:57:58Z</time><extensions><speed>1.414878</speed><course>0.902641</course><hAcc>1.287646</hAcc><vAcc>0.798472</vAcc></extensions></trkpt>
      <trkpt lon="-117.331041" lat="33.977249"><ele>317.068583</ele><time>2024-12-02T17:57:59Z</time><extensions><speed>1.460437</speed><course>2.608171</course><hAcc>1.279723</hAcc><vAcc>0.794849</vAcc></extensions></trkpt>
      <trkpt lon="-117.331040" lat="33.977263"><ele>317.038271</ele><time>2024-12-02T17:58:00Z</time><extensions><speed>1.494599</speed><course>2.990716</course><hAcc>1.277798</hAcc><vAcc>0.792212</vAcc></extensions></trkpt>
      <trkpt lon="-117.331040" lat="33.977276"><ele>317.026944</ele><time>2024-12-02T17:58:01Z</time><extensions><speed>1.478769</speed><course>2.429508</course><hAcc>1.277820</hAcc><vAcc>0.789593</vAcc></extensions></trkpt>
      <trkpt lon="-117.331039" lat="33.977289"><ele>317.032296</ele><time>2024-12-02T17:58:02Z</time><extensions><speed>1.439855</speed><course>0.943875</course><hAcc>1.267018</hAcc><vAcc>0.788109</vAcc></extensions></trkpt>
      <trkpt lon="-117.331039" lat="33.977302"><ele>317.041806</ele><time>2024-12-02T17:58:03Z</time><extensions><speed>1.430450</speed><course>358.136181</course><hAcc>1.258338</hAcc><vAcc>0.787606</vAcc></extensions></trkpt>
      <trkpt lon="-117.331040" lat="33.977315"><ele>317.069917</ele><time>2024-12-02T17:58:04Z</time><extensions><speed>1.401553</speed><course>353.282110</course><hAcc>1.250439</hAcc><vAcc>0.787799</vAcc></extensions></trkpt>
      <trkpt lon="-117.331043" lat="33.977327"><ele>317.109210</ele><time>2024-12-02T17:58:05Z</time><extensions><speed>1.433950</speed><course>349.320463</course><hAcc>1.253858</hAcc><vAcc>0.788675</vAcc></extensions></trkpt>
      <trkpt lon="-117.331046" lat="33.977340"><ele>317.156023</ele><time>2024-12-02T17:58:06Z</time><extensions><speed>1.412269</speed><course>346.889542</course><hAcc>1.279876</hAcc><vAcc>0.789523</vAcc></extensions></trkpt>
      <trkpt lon="-117.331049" lat="33.977352"><ele>317.210626</ele><time>2024-12-02T17:58:07Z</time><extensions><speed>1.386732</speed><course>350.490912</course><hAcc>1.255528</hAcc><vAcc>0.790156</vAcc></extensions></trkpt>
      <trkpt lon="-117.331051" lat="33.977365"><ele>317.278821</ele><time>2024-12-02T17:58:08Z</time><extensions><speed>1.397677</speed><course>353.306212</course><hAcc>1.253098</hAcc><vAcc>0.790790</vAcc></extensions></trkpt>
      <trkpt lon="-117.331052" lat="33.977377"><ele>317.359268</ele><time>2024-12-02T17:58:09Z</time><extensions><speed>1.385600</speed><course>355.620127</course><hAcc>1.275911</hAcc><vAcc>0.791337</vAcc></extensions></trkpt>
      <trkpt lon="-117.331054" lat="33.977389"><ele>317.443492</ele><time>2024-12-02T17:58:10Z</time><extensions><speed>1.298600</speed><course>356.219037</course><hAcc>1.309869</hAcc><vAcc>0.791503</vAcc></extensions></trkpt>
      <trkpt lon="-117.331055" lat="33.977400"><ele>317.534617</ele><time>2024-12-02T17:58:11Z</time><extensions><speed>0.994336</speed><course>352.390970</course><hAcc>1.308919</hAcc><vAcc>0.791335</vAcc></extensions></trkpt>
      <trkpt lon="-117.331056" lat="33.977407"><ele>317.621667</ele><time>2024-12-02T17:58:12Z</time><extensions><speed>0.763817</speed><course>347.939536</course><hAcc>1.308671</hAcc><vAcc>0.790731</vAcc></extensions></trkpt>
      <trkpt lon="-117.331058" lat="33.977414"><ele>317.709456</ele><time>2024-12-02T17:58:13Z</time><extensions><speed>0.739700</speed><course>348.078469</course><hAcc>1.314682</hAcc><vAcc>0.789673</vAcc></extensions></trkpt>
      <trkpt lon="-117.331059" lat="33.977422"><ele>317.801786</ele><time>2024-12-02T17:58:14Z</time><extensions><speed>0.983476</speed><course>353.257517</course><hAcc>1.331441</hAcc><vAcc>0.788722</vAcc></extensions></trkpt>
      <trkpt lon="-117.331060" lat="33.977431"><ele>317.894392</ele><time>2024-12-02T17:58:15Z</time><extensions><speed>1.207166</speed><course>358.155087</course><hAcc>1.333281</hAcc><vAcc>0.786677</vAcc></extensions></trkpt>
      <trkpt lon="-117.331060" lat="33.977443"><ele>317.992680</ele><time>2024-12-02T17:58:16Z</time><extensions><speed>1.316043</speed><course>3.082534</course><hAcc>1.313113</hAcc><vAcc>0.784460</vAcc></extensions></trkpt>
      <trkpt lon="-117.331059" lat="33.977455"><ele>318.093429</ele><time>2024-12-02T17:58:17Z</time><extensions><speed>1.327309</speed><course>4.075880</course><hAcc>1.287114</hAcc><vAcc>0.781835</vAcc></extensions></trkpt>
      <trkpt lon="-117.331058" lat="33.977467"><ele>318.191697</ele><time>2024-12-02T17:58:18Z</time><extensions><speed>1.351100</speed><course>1.776445</course><hAcc>1.270884</hAcc><vAcc>0.779189</vAcc></extensions></trkpt>
      <trkpt lon="-117.331058" lat="33.977479"><ele>318.290274</ele><time>2024-12-02T17:58:19Z</time><extensions><speed>1.423957</speed><course>0.166944</course><hAcc>1.267062</hAcc><vAcc>0.777082</vAcc></extensions></trkpt>
      <trkpt lon="-117.331058" lat="33.977492"><ele>318.385265</ele><time>2024-12-02T17:58:20Z</time><extensions><speed>1.494219</speed><course>358.747499</course><hAcc>1.253612</hAcc><vAcc>0.775003</vAcc></extensions></trkpt>
      <trkpt lon="-117.331059" lat="33.977506"><ele>318.481915</ele><time>2024-12-02T17:58:21Z</time><extensions><speed>1.481986</speed><course>357.874920</course><hAcc>1.249599</hAcc><vAcc>0.774014</vAcc></extensions></trkpt>
      <trkpt lon="-117.331059" lat="33.977519"><ele>318.570238</ele><time>2024-12-02T17:58:22Z</time><extensions><speed>1.439444</speed><course>359.153397</course><hAcc>1.247555</hAcc><vAcc>0.772916</vAcc></extensions></trkpt>
      <trkpt lon="-117.331059" lat="33.977532"><ele>318.650977</ele><time>2024-12-02T17:58:23Z</time><extensions><speed>1.432879</speed><course>1.394424</course><hAcc>1.247406</hAcc><vAcc>0.772118</vAcc></extensions></trkpt>
      <trkpt lon="-117.331059" lat="33.977545"><ele>318.723619</ele><time>2024-12-02T17:58:24Z</time><extensions><speed>1.401191</speed><course>3.032801</course><hAcc>1.250737</hAcc><vAcc>0.771961</vAcc></extensions></trkpt>
      <trkpt lon="-117.331058" lat="33.977557"><ele>318.794690</ele><time>2024-12-02T17:58:25Z</time><extensions><speed>1.397541</speed><course>1.131641</course><hAcc>1.229615</hAcc><vAcc>0.771715</vAcc></extensions></trkpt>
      <trkpt lon="-117.331058" lat="33.977570"><ele>318.858743</ele><time>2024-12-02T17:58:26Z</time><extensions><speed>1.364340</speed><course>358.551623</course><hAcc>1.216716</hAcc><vAcc>0.771824</vAcc></extensions></trkpt>
      <trkpt lon="-117.331059" lat="33.977582"><ele>318.913036</ele><time>2024-12-02T17:58:27Z</time><extensions><speed>1.366630</speed><course>357.636135</course><hAcc>1.196599</hAcc><vAcc>0.772140</vAcc></extensions></trkpt>
      <trkpt lon="-117.331059" lat="33.977595"><ele>318.950045</ele><time>2024-12-02T17:58:28Z</time><extensions><speed>1.417963</speed><course>357.258943</course><hAcc>1.190464</hAcc><vAcc>0.772846</vAcc></extensions></trkpt>
      <trkpt lon="-117.331060" lat="33.977607"><ele>318.965363</ele><time>2024-12-02T17:58:29Z</time><extensions><speed>1.418911</speed><course>357.928979</course><hAcc>1.211410</hAcc><vAcc>0.773462</vAcc></extensions></trkpt>
      <trkpt lon="-117.331060" lat="33.977620"><ele>318.963144</ele><time>2024-12-02T17:58:30Z</time><extensions><speed>1.474962</speed><course>357.767205</course><hAcc>1.182949</hAcc><vAcc>0.773984</vAcc></extensions></trkpt>
      <trkpt lon="-117.331061" lat="33.977634"><ele>318.950982</ele><time>2024-12-02T17:58:31Z</time><extensions><speed>1.440051</speed><course>359.494710</course><hAcc>1.181298</hAcc><vAcc>0.775108</vAcc></extensions></trkpt>
      <trkpt lon="-117.331061" lat="33.977647"><ele>318.927048</ele><time>2024-12-02T17:58:32Z</time><extensions><speed>1.455630</speed><course>0.996475</course><hAcc>1.175100</hAcc><vAcc>0.776527</vAcc></extensions></trkpt>
      <trkpt lon="-117.331060" lat="33.977660"><ele>318.891176</ele><time>2024-12-02T17:58:33Z</time><extensions><speed>1.449409</speed><course>2.510472</course><hAcc>1.178018</hAcc><vAcc>0.777759</vAcc></extensions></trkpt>
      <trkpt lon="-117.331059" lat="33.977672"><ele>318.850123</ele><time>2024-12-02T17:58:34Z</time><extensions><speed>1.389786</speed><course>2.980828</course><hAcc>1.190291</hAcc><vAcc>0.779286</vAcc></extensions></trkpt>
      <trkpt lon="-117.331058" lat="33.977685"><ele>318.802883</ele><time>2024-12-02T17:58:35Z</time><extensions><speed>1.298719</speed><course>5.185502</course><hAcc>1.170900</hAcc><vAcc>0.780742</vAcc></extensions></trkpt>
      <trkpt lon="-117.331057" lat="33.977696"><ele>318.749393</ele><time>2024-12-02T17:58:36Z</time><extensions><speed>1.254078</speed><course>6.626928</course><hAcc>1.162338</hAcc><vAcc>0.781749</vAcc></extensions></trkpt>
      <trkpt lon="-117.331055" lat="33.977707"><ele>318.672779</ele><time>2024-12-02T17:58:37Z</time><extensions><speed>1.242696</speed><course>6.390926</course><hAcc>1.161131</hAcc><vAcc>0.782572</vAcc></extensions></trkpt>
      <trkpt lon="-117.331054" lat="33.977718"><ele>318.598765</ele><time>2024-12-02T17:58:38Z</time><extensions><speed>1.244638</speed><course>7.792129</course><hAcc>1.156948</hAcc><vAcc>0.783127</vAcc></extensions></trkpt>
      <trkpt lon="-117.331052" lat="33.977730"><ele>318.525429</ele><time>2024-12-02T17:58:39Z</time><extensions><speed>1.271406</speed><course>8.655841</course><hAcc>1.138204</hAcc><vAcc>0.783348</vAcc></extensions></trkpt>
      <trkpt lon="-117.331050" lat="33.977741"><ele>318.457444</ele><time>2024-12-02T17:58:40Z</time><extensions><speed>1.273705</speed><course>7.289934</course><hAcc>1.134675</hAcc><vAcc>0.783191</vAcc></extensions></trkpt>
      <trkpt lon="-117.331048" lat="33.977752"><ele>318.398788</ele><time>2024-12-02T17:58:41Z</time><extensions><speed>1.278214</speed><course>5.718261</course><hAcc>1.154531</hAcc><vAcc>0.782587</vAcc></extensions></trkpt>
      <trkpt lon="-117.331047" lat="33.977764"><ele>318.347944</ele><time>2024-12-02T17:58:42Z</time><extensions><speed>1.317606</speed><course>6.223458</course><hAcc>1.160533</hAcc><vAcc>0.781451</vAcc></extensions></trkpt>
      <trkpt lon="-117.331045" lat="33.977776"><ele>318.312844</ele><time>2024-12-02T17:58:43Z</time><extensions><speed>1.298888</speed><course>7.653759</course><hAcc>1.141721</hAcc><vAcc>0.779756</vAcc></extensions></trkpt>
      <trkpt lon="-117.331043" lat="33.977787"><ele>318.292594</ele><time>2024-12-02T17:58:44Z</time><extensions><speed>1.326219</speed><course>8.939097</course><hAcc>1.143006</hAcc><vAcc>0.777566</vAcc></extensions></trkpt>
      <trkpt lon="-117.331041" lat="33.977799"><ele>318.286795</ele><time>2024-12-02T17:58:45Z</time><extensions><speed>1.290250</speed><course>9.121500</course><hAcc>1.168271</hAcc><vAcc>0.775013</vAcc></extensions></trkpt>
      <trkpt lon="-117.331039" lat="33.977810"><ele>318.286324</ele><time>2024-12-02T17:58:46Z</time><extensions><speed>1.197665</speed><course>5.329070</course><hAcc>1.153909</hAcc><vAcc>0.772278</vAcc></extensions></trkpt>
      <trkpt lon="-117.331038" lat="33.977821"><ele>318.297542</ele><time>2024-12-02T17:58:47Z</time><extensions><speed>1.119054</speed><course>1.698886</course><hAcc>1.140744</hAcc><vAcc>0.769563</vAcc></extensions></trkpt>
      <trkpt lon="-117.331038" lat="33.977831"><ele>318.314210</ele><time>2024-12-02T17:58:48Z</time><extensions><speed>1.118652</speed><course>358.312041</course><hAcc>1.156250</hAcc><vAcc>0.767027</vAcc></extensions></trkpt>
      <trkpt lon="-117.331039" lat="33.977841"><ele>318.343087</ele><time>2024-12-02T17:58:49Z</time><extensions><speed>1.148374</speed><course>356.457586</course><hAcc>1.177237</hAcc><vAcc>0.764769</vAcc></extensions></trkpt>
      <trkpt lon="-117.331041" lat="33.977851"><ele>318.382945</ele><time>2024-12-02T17:58:50Z</time><extensions><speed>1.224909</speed><course>350.064796</course><hAcc>1.169180</hAcc><vAcc>0.762842</vAcc></extensions></trkpt>
      <trkpt lon="-117.331043" lat="33.977862"><ele>318.436943</ele><time>2024-12-02T17:58:51Z</time><extensions><speed>1.245219</speed><course>345.673769</course><hAcc>1.171170</hAcc><vAcc>0.761254</vAcc></extensions></trkpt>
      <trkpt lon="-117.331047" lat="33.977873"><ele>318.501931</ele><time>2024-12-02T17:58:52Z</time><extensions><speed>1.285453</speed><course>343.063512</course><hAcc>1.178256</hAcc><vAcc>0.759989</vAcc></extensions></trkpt>
      <trkpt lon="-117.331051" lat="33.977884"><ele>318.569641</ele><time>2024-12-02T17:58:53Z</time><extensions><speed>1.245624</speed><course>342.390513</course><hAcc>1.181948</hAcc><vAcc>0.759012</vAcc></extensions></trkpt>
      <trkpt lon="-117.331055" lat="33.977895"><ele>318.632715</ele><time>2024-12-02T17:58:54Z</time><extensions><speed>1.232258</speed><course>344.424592</course><hAcc>1.180323</hAcc><vAcc>0.758282</vAcc></extensions></trkpt>
      <trkpt lon="-117.331058" lat="33.977906"><ele>318.690923</ele><time>2024-12-02T17:58:55Z</time><extensions><speed>1.249456</speed><course>349.071216</course><hAcc>1.174316</hAcc><vAcc>0.757752</vAcc></extensions></trkpt>
      <trkpt lon="-117.331060" lat="33.977917"><ele>318.738187</ele><time>2024-12-02T17:58:56Z</time><extensions><speed>1.266258</speed><course>354.690479</course><hAcc>1.170486</hAcc><vAcc>0.757381</vAcc></extensions></trkpt>
      <trkpt lon="-117.331061" lat="33.977929"><ele>318.781981</ele><time>2024-12-02T17:58:57Z</time><extensions><speed>1.296613</speed><course>359.353199</course><hAcc>1.164817</hAcc><vAcc>0.757130</vAcc></extensions></trkpt>
      <trkpt lon="-117.331061" lat="33.977940"><ele>318.819476</ele><time>2024-12-02T17:58:58Z</time><extensions><speed>1.302904</speed><course>1.792952</course><hAcc>1.158280</hAcc><vAcc>0.756968</vAcc></extensions></trkpt>
      <trkpt lon="-117.331060" lat="33.977952"><ele>318.844755</ele><time>2024-12-02T17:58:59Z</time><extensions><speed>1.280507</speed><course>1.898921</course><hAcc>1.155816</hAcc><vAcc>0.756868</vAcc></extensions></trkpt>
      <trkpt lon="-117.331060" lat="33.977963"><ele>318.867216</ele><time>2024-12-02T17:59:00Z</time><extensions><speed>1.258395</speed><course>2.181509</course><hAcc>1.153473</hAcc><vAcc>0.756810</vAcc></extensions></trkpt>
      <trkpt lon="-117.331059" lat="33.977975"><ele>318.882992</ele><time>2024-12-02T17:59:01Z</time><extensions><speed>1.261305</speed><course>0.999680</course><hAcc>1.149616</hAcc><vAcc>0.756779</vAcc></extensions></trkpt>
      <trkpt lon="-117.331059" lat="33.977986"><ele>318.881955</ele><time>2024-12-02T17:59:02Z</time><extensions><speed>1.259715</speed><course>0.508817</course><hAcc>1.149182</hAcc><vAcc>0.756765</vAcc></extensions></trkpt>
      <trkpt lon="-117.331059" lat="33.977997"><ele>318.871145</ele><time>2024-12-02T17:59:03Z</time><extensions><speed>1.238549</speed><course>359.413035</course><hAcc>1.150505</hAcc><vAcc>0.756760</vAcc></extensions></trkpt>
      <trkpt lon="-117.331059" lat="33.978009"><ele>318.855853</ele><time>2024-12-02T17:59:04Z</time><extensions><speed>1.271518</speed><course>0.660545</course><hAcc>1.148368</hAcc><vAcc>0.756760</vAcc></extensions></trkpt>
      <trkpt lon="-117.331059" lat="33.978020"><ele>318.844161</ele><time>2024-12-02T17:59:05Z</time><extensions><speed>1.295908</speed><course>0.954803</course><hAcc>1.145647</hAcc><vAcc>0.756761</vAcc></extensions></trkpt>
      <trkpt lon="-117.331058" lat="33.978032"><ele>318.844150</ele><time>2024-12-02T17:59:06Z</time><extensions><speed>1.281995</speed><course>2.163361</course><hAcc>1.142863</hAcc><vAcc>0.756763</vAcc></extensions></trkpt>
      <trkpt lon="-117.331058" lat="33.978043"><ele>318.845540</ele><time>2024-12-02T17:59:07Z</time><extensions><speed>1.269549</speed><course>1.408141</course><hAcc>1.141339</hAcc><vAcc>0.756763</vAcc></extensions></trkpt>
      <trkpt lon="-117.331058" lat="33.978055"><ele>318.838961</ele><time>2024-12-02T17:59:08Z</time><extensions><speed>1.281503</speed><course>2.250740</course><hAcc>1.137540</hAcc><vAcc>0.756763</vAcc></extensions></trkpt>
      <trkpt lon="-117.331057" lat="33.978066"><ele>318.839899</ele><time>2024-12-02T17:59:09Z</time><extensions><speed>1.274772</speed><course>4.600614</course><hAcc>1.130350</hAcc><vAcc>0.756762</vAcc></extensions></trkpt>
      <trkpt lon="-117.331056" lat="33.978078"><ele>318.847182</ele><time>2024-12-02T17:59:10Z</time><extensions><speed>1.249197</speed><course>5.828667</course><hAcc>1.124273</hAcc><vAcc>0.756760</vAcc></extensions></trkpt>
      <trkpt lon="-117.331054" lat="33.978088"><ele>318.855660</ele><time>2024-12-02T17:59:11Z</time><extensions><speed>1.176398</speed><course>5.343947</course><hAcc>1.117247</hAcc><vAcc>0.756758</vAcc></extensions></trkpt>
      <trkpt lon="-117.331053" lat="33.978099"><ele>318.863758</ele><time>2024-12-02T17:59:12Z</time><extensions><speed>1.237385</speed><course>3.185291</course><hAcc>1.108428</hAcc><vAcc>0.756755</vAcc></extensions></trkpt>
      <trkpt lon="-117.331053" lat="33.978111"><ele>318.882429</ele><time>2024-12-02T17:59:13Z</time><extensions><speed>1.261790</speed><course>1.031753</course><hAcc>1.100351</hAcc><vAcc>0.756753</vAcc></extensions></trkpt>
      <trkpt lon="-117.331053" lat="33.978122"><ele>318.906652</ele><time>2024-12-02T17:59:14Z</time><extensions><speed>1.284051</speed><course>359.813749</course><hAcc>1.104672</hAcc><vAcc>0.756751</vAcc></extensions></trkpt>
      <trkpt lon="-117.331053" lat="33.978134"><ele>318.931627</ele><time>2024-12-02T17:59:15Z</time><extensions><speed>1.283373</speed><course>359.868526</course><hAcc>1.125203</hAcc><vAcc>0.756749</vAcc></extensions></trkpt>
      <trkpt lon="-117.331053" lat="33.978145"><ele>318.952583</ele><time>2024-12-02T17:59:16Z</time><extensions><speed>1.219974</speed><course>0.458998</course><hAcc>1.105791</hAcc><vAcc>0.756747</vAcc></extensions></trkpt>
      <trkpt lon="-117.331053" lat="33.978156"><ele>318.967796</ele><time>2024-12-02T17:59:17Z</time><extensions><speed>1.252728</speed><course>1.221140</course><hAcc>1.107733</hAcc><vAcc>0.756746</vAcc></extensions></trkpt>
      <trkpt lon="-117.331052" lat="33.978167"><ele>318.982949</ele><time>2024-12-02T17:59:18Z</time><extensions><speed>1.247536</speed><course>0.638622</course><hAcc>1.109500</hAcc><vAcc>0.756745</vAcc></extensions></trkpt>
      <trkpt lon="-117.331052" lat="33.978179"><ele>318.996066</ele><time>2024-12-02T17:59:19Z</time><extensions><speed>1.238350</speed><course>358.241560</course><hAcc>1.107803</hAcc><vAcc>0.756744</vAcc></extensions></trkpt>
      <trkpt lon="-117.331053" lat="33.978190"><ele>319.013409</ele><time>2024-12-02T17:59:20Z</time><extensions><speed>1.231444</speed><course>356.232188</course><hAcc>1.098696</hAcc><vAcc>0.756744</vAcc></extensions></trkpt>
      <trkpt lon="-117.331054" lat="33.978201"><ele>319.028120</ele><time>2024-12-02T17:59:21Z</time><extensions><speed>1.234938</speed><course>356.108854</course><hAcc>1.085526</hAcc><vAcc>0.756743</vAcc></extensions></trkpt>
      <trkpt lon="-117.331055" lat="33.978212"><ele>319.030791</ele><time>2024-12-02T17:59:22Z</time><extensions><speed>1.270843</speed><course>355.917249</course><hAcc>1.078417</hAcc><vAcc>0.756743</vAcc></extensions></trkpt>
      <trkpt lon="-117.331056" lat="33.978223"><ele>319.025632</ele><time>2024-12-02T17:59:23Z</time><extensions><speed>1.271679</speed><course>357.220862</course><hAcc>1.092720</hAcc><vAcc>0.756743</vAcc></extensions></trkpt>
      <trkpt lon="-117.331056" lat="33.978235"><ele>319.017577</ele><time>2024-12-02T17:59:24Z</time><extensions><speed>1.295186</speed><course>357.228293</course><hAcc>1.071043</hAcc><vAcc>0.756743</vAcc></extensions></trkpt>
      <trkpt lon="-117.331057" lat="33.978247"><ele>319.010031</ele><time>2024-12-02T17:59:25Z</time><extensions><speed>1.327039</speed><course>357.684231</course><hAcc>1.064599</hAcc><vAcc>0.756742</vAcc></extensions></trkpt>
      <trkpt lon="-117.331057" lat="33.978259"><ele>319.001734</ele><time>2024-12-02T17:59:26Z</time><extensions><speed>1.302800</speed><course>358.989692</course><hAcc>1.061485</hAcc><vAcc>0.756742</vAcc></extensions></trkpt>
      <trkpt lon="-117.331057" lat="33.978270"><ele>318.993764</ele><time>2024-12-02T17:59:27Z</time><extensions><speed>1.289175</speed><course>0.560844</course><hAcc>1.060640</hAcc><vAcc>0.756742</vAcc></extensions></trkpt>
      <trkpt lon="-117.331057" lat="33.978282"><ele>318.983165</ele><time>2024-12-02T17:59:28Z</time><extensions><speed>1.255186</speed><course>0.813742</course><hAcc>1.073914</hAcc><vAcc>0.756742</vAcc></extensions></trkpt>
      <trkpt lon="-117.331057" lat="33.978293"><ele>318.971014</ele><time>2024-12-02T17:59:29Z</time><extensions><speed>1.265122</speed><course>359.776138</course><hAcc>1.056506</hAcc><vAcc>0.756742</vAcc></extensions></trkpt>
      <trkpt lon="-117.331058" lat="33.978305"><ele>318.967551</ele><time>2024-12-02T17:59:30Z</time><extensions><speed>1.295530</speed><course>357.841662</course><hAcc>1.055157</hAcc><vAcc>0.756742</vAcc></extensions></trkpt>
      <trkpt lon="-117.331058" lat="33.978316"><ele>318.959425</ele><time>2024-12-02T17:59:31Z</time><extensions><speed>1.271224</speed><course>357.488541</course><hAcc>1.066671</hAcc><vAcc>0.756742</vAcc></extensions></trkpt>
      <trkpt lon="-117.331059" lat="33.978328"><ele>318.947013</ele><time>2024-12-02T17:59:32Z</time><extensions><speed>1.268535</speed><course>358.093268</course><hAcc>1.054269</hAcc><vAcc>0.756742</vAcc></extensions></trkpt>
      <trkpt lon="-117.331059" lat="33.978339"><ele>318.923738</ele><time>2024-12-02T17:59:33Z</time><extensions><speed>1.210098</speed><course>359.177148</course><hAcc>1.048293</hAcc><vAcc>0.756742</vAcc></extensions></trkpt>
      <trkpt lon="-117.331059" lat="33.978350"><ele>318.911935</ele><time>2024-12-02T17:59:34Z</time><extensions><speed>1.257584</speed><course>359.815798</course><hAcc>1.042048</hAcc><vAcc>0.756742</vAcc></extensions></trkpt>
      <trkpt lon="-117.331059" lat="33.978361"><ele>318.899884</ele><time>2024-12-02T17:59:35Z</time><extensions><speed>1.286819</speed><course>0.050740</course><hAcc>1.028715</hAcc><vAcc>0.756742</vAcc></extensions></trkpt>
      <trkpt lon="-117.331059" lat="33.978373"><ele>318.880801</ele><time>2024-12-02T17:59:36Z</time><extensions><speed>1.338594</speed><course>1.807717</course><hAcc>1.024238</hAcc><vAcc>0.756742</vAcc></extensions></trkpt>
      <trkpt lon="-117.331058" lat="33.978385"><ele>318.858260</ele><time>2024-12-02T17:59:37Z</time><extensions><speed>1.330556</speed><course>6.158879</course><hAcc>1.048189</hAcc><vAcc>0.756743</vAcc></extensions></trkpt>
      <trkpt lon="-117.331056" lat="33.978397"><ele>318.840153</ele><time>2024-12-02T17:59:38Z</time><extensions><speed>1.278478</speed><course>7.705360</course><hAcc>1.022566</hAcc><vAcc>0.756743</vAcc></extensions></trkpt>
      <trkpt lon="-117.331055" lat="33.978409"><ele>318.818311</ele><time>2024-12-02T17:59:39Z</time><extensions><speed>1.298138</speed><course>2.799640</course><hAcc>1.024095</hAcc><vAcc>0.756743</vAcc></extensions></trkpt>
      <trkpt lon="-117.331055" lat="33.978420"><ele>318.795078</ele><time>2024-12-02T17:59:40Z</time><extensions><speed>1.297634</speed><course>359.156360</course><hAcc>1.034247</hAcc><vAcc>0.756743</vAcc></extensions></trkpt>
      <trkpt lon="-117.331055" lat="33.978432"><ele>318.777257</ele><time>2024-12-02T17:59:41Z</time><extensions><speed>1.318333</speed><course>359.135372</course><hAcc>1.048585</hAcc><vAcc>0.756743</vAcc></extensions></trkpt>
      <trkpt lon="-117.331055" lat="33.978444"><ele>318.759346</ele><time>2024-12-02T17:59:42Z</time><extensions><speed>1.263243</speed><course>0.468255</course><hAcc>1.050186</hAcc><vAcc>0.756743</vAcc></extensions></trkpt>
      <trkpt lon="-117.331055" lat="33.978454"><ele>318.744085</ele><time>2024-12-02T17:59:43Z</time><extensions><speed>1.070691</speed><course>3.433538</course><hAcc>1.086123</hAcc><vAcc>0.756743</vAcc></extensions></trkpt>
      <trkpt lon="-117.331054" lat="33.978464"><ele>318.727890</ele><time>2024-12-02T17:59:44Z</time><extensions><speed>1.198154</speed><course>3.121658</course><hAcc>1.055997</hAcc><vAcc>0.756744</vAcc></extensions></trkpt>
      <trkpt lon="-117.331053" lat="33.978475"><ele>318.717829</ele><time>2024-12-02T17:59:45Z</time><extensions><speed>1.266493</speed><course>1.159101</course><hAcc>1.061088</hAcc><vAcc>0.756744</vAcc></extensions></trkpt>
      <trkpt lon="-117.331054" lat="33.978487"><ele>318.690026</ele><time>2024-12-02T17:59:46Z</time><extensions><speed>1.271893</speed><course>354.554570</course><hAcc>1.078543</hAcc><vAcc>0.756744</vAcc></extensions></trkpt>
      <trkpt lon="-117.331055" lat="33.978498"><ele>318.656055</ele><time>2024-12-02T17:59:47Z</time><extensions><speed>1.308256</speed><course>352.099770</course><hAcc>1.091441</hAcc><vAcc>0.756745</vAcc></extensions></trkpt>
      <trkpt lon="-117.331057" lat="33.978510"><ele>318.624857</ele><time>2024-12-02T17:59:48Z</time><extensions><speed>1.273637</speed><course>352.997850</course><hAcc>1.099556</hAcc><vAcc>0.756745</vAcc></extensions></trkpt>
      <trkpt lon="-117.331059" lat="33.978521"><ele>318.596517</ele><time>2024-12-02T17:59:49Z</time><extensions><speed>1.275130</speed><course>355.489536</course><hAcc>1.102990</hAcc><vAcc>0.756745</vAcc></extensions></trkpt>
      <trkpt lon="-117.331060" lat="33.978533"><ele>318.569847</ele><time>2024-12-02T17:59:50Z</time><extensions><speed>1.298479</speed><course>356.960983</course><hAcc>1.105228</hAcc><vAcc>0.756745</vAcc></extensions></trkpt>
      <trkpt lon="-117.331060" lat="33.978545"><ele>318.548390</ele><time>2024-12-02T17:59:51Z</time><extensions><speed>1.275541</speed><course>356.501625</course><hAcc>1.106246</hAcc><vAcc>0.756745</vAcc></extensions></trkpt>
      <trkpt lon="-117.331061" lat="33.978556"><ele>318.505260</ele><time>2024-12-02T17:59:52Z</time><extensions><speed>1.251793</speed><course>355.735659</course><hAcc>1.105849</hAcc><vAcc>0.756745</vAcc></extensions></trkpt>
      <trkpt lon="-117.331062" lat="33.978567"><ele>318.466478</ele><time>2024-12-02T17:59:53Z</time><extensions><speed>1.228847</speed><course>356.058024</course><hAcc>1.107336</hAcc><vAcc>0.756745</vAcc></extensions></trkpt>
      <trkpt lon="-117.331063" lat="33.978578"><ele>318.428884</ele><time>2024-12-02T17:59:54Z</time><extensions><speed>1.206551</speed><course>358.486042</course><hAcc>1.110172</hAcc><vAcc>0.756745</vAcc></extensions></trkpt>
      <trkpt lon="-117.331063" lat="33.978588"><ele>318.394676</ele><time>2024-12-02T17:59:55Z</time><extensions><speed>1.114395</speed><course>1.416862</course><hAcc>1.108806</hAcc><vAcc>0.756745</vAcc></extensions></trkpt>
      <trkpt lon="-117.331061" lat="33.978598"><ele>318.357208</ele><time>2024-12-02T17:59:56Z</time><extensions><speed>1.131685</speed><course>12.780718</course><hAcc>1.095124</hAcc><vAcc>0.756745</vAcc></extensions></trkpt>
      <trkpt lon="-117.331058" lat="33.978609"><ele>318.310557</ele><time>2024-12-02T17:59:57Z</time><extensions><speed>1.236010</speed><course>17.439630</course><hAcc>1.090849</hAcc><vAcc>0.756744</vAcc></extensions></trkpt>
      <trkpt lon="-117.331054" lat="33.978620"><ele>318.263711</ele><time>2024-12-02T17:59:58Z</time><extensions><speed>1.246036</speed><course>14.865475</course><hAcc>1.107442</hAcc><vAcc>0.756744</vAcc></extensions></trkpt>
      <trkpt lon="-117.331051" lat="33.978630"><ele>318.221816</ele><time>2024-12-02T17:59:59Z</time><extensions><speed>1.203675</speed><course>10.646960</course><hAcc>1.103325</hAcc><vAcc>0.756744</vAcc></extensions></trkpt>
      <trkpt lon="-117.331050" lat="33.978641"><ele>318.182844</ele><time>2024-12-02T18:00:00Z</time><extensions><speed>1.182034</speed><course>5.580637</course><hAcc>1.102642</hAcc><vAcc>0.756744</vAcc></extensions></trkpt>
      <trkpt lon="-117.331049" lat="33.978651"><ele>318.138903</ele><time>2024-12-02T18:00:01Z</time><extensions><speed>1.099741</speed><course>357.927087</course><hAcc>1.131622</hAcc><vAcc>0.756744</vAcc></extensions></trkpt>
      <trkpt lon="-117.331050" lat="33.978660"><ele>318.095537</ele><time>2024-12-02T18:00:02Z</time><extensions><speed>0.897486</speed><course>353.545981</course><hAcc>1.107081</hAcc><vAcc>0.756743</vAcc></extensions></trkpt>
      <trkpt lon="-117.331051" lat="33.978669"><ele>318.057673</ele><time>2024-12-02T18:00:03Z</time><extensions><speed>1.021741</speed><course>353.988038</course><hAcc>1.132561</hAcc><vAcc>0.756743</vAcc></extensions></trkpt>
      <trkpt lon="-117.331052" lat="33.978679"><ele>318.025152</ele><time>2024-12-02T18:00:04Z</time><extensions><speed>1.216324</speed><course>356.289591</course><hAcc>1.160769</hAcc><vAcc>0.756743</vAcc></extensions></trkpt>
      <trkpt lon="-117.331053" lat="33.978690"><ele>318.000987</ele><time>2024-12-02T18:00:05Z</time><extensions><speed>1.344088</speed><course>358.238620</course><hAcc>1.169285</hAcc><vAcc>0.756743</vAcc></extensions></trkpt>
      <trkpt lon="-117.331053" lat="33.978703"><ele>317.981255</ele><time>2024-12-02T18:00:06Z</time><extensions><speed>1.376345</speed><course>359.296194</course><hAcc>1.163383</hAcc><vAcc>0.756743</vAcc></extensions></trkpt>
      <trkpt lon="-117.331053" lat="33.978715"><ele>317.963976</ele><time>2024-12-02T18:00:07Z</time><extensions><speed>1.334287</speed><course>0.075122</course><hAcc>1.151437</hAcc><vAcc>0.756743</vAcc></extensions></trkpt>
      <trkpt lon="-117.331053" lat="33.978726"><ele>317.953850</ele><time>2024-12-02T18:00:08Z</time><extensions><speed>1.255741</speed><course>358.877882</course><hAcc>1.141099</hAcc><vAcc>0.756743</vAcc></extensions></trkpt>
      <trkpt lon="-117.331055" lat="33.978738"><ele>317.949076</ele><time>2024-12-02T18:00:09Z</time><extensions><speed>1.228391</speed><course>349.606004</course><hAcc>1.131323</hAcc><vAcc>0.756743</vAcc></extensions></trkpt>
      <trkpt lon="-117.331058" lat="33.978748"><ele>317.954550</ele><time>2024-12-02T18:00:10Z</time><extensions><speed>1.138261</speed><course>338.886243</course><hAcc>1.122173</hAcc><vAcc>0.756743</vAcc></extensions></trkpt>
      <trkpt lon="-117.331064" lat="33.978756"><ele>317.957473</ele><time>2024-12-02T18:00:11Z</time><extensions><speed>1.004842</speed><course>325.361059</course><hAcc>1.127382</hAcc><vAcc>0.756743</vAcc></extensions></trkpt>
      <trkpt lon="-117.331072" lat="33.978763"><ele>317.960161</ele><time>2024-12-02T18:00:12Z</time><extensions><speed>1.246205</speed><course>303.377066</course><hAcc>1.102197</hAcc><vAcc>0.756743</vAcc></extensions></trkpt>
      <trkpt lon="-117.331086" lat="33.978768"><ele>317.974639</ele><time>2024-12-02T18:00:13Z</time><extensions><speed>1.520054</speed><course>289.457979</course><hAcc>1.091269</hAcc><vAcc>0.756743</vAcc></extensions></trkpt>
      <trkpt lon="-117.331102" lat="33.978773"><ele>317.991822</ele><time>2024-12-02T18:00:14Z</time><extensions><speed>1.684099</speed><course>283.790173</course><hAcc>1.091582</hAcc><vAcc>0.756743</vAcc></extensions></trkpt>
      <trkpt lon="-117.331120" lat="33.978776"><ele>318.012134</ele><time>2024-12-02T18:00:15Z</time><extensions><speed>1.652691</speed><course>282.113214</course><hAcc>1.085451</hAcc><vAcc>0.756743</vAcc></extensions></trkpt>
      <trkpt lon="-117.331137" lat="33.978779"><ele>318.038279</ele><time>2024-12-02T18:00:16Z</time><extensions><speed>1.623016</speed><course>282.709500</course><hAcc>1.083588</hAcc><vAcc>0.756743</vAcc></extensions></trkpt>
      <trkpt lon="-117.331155" lat="33.978783"><ele>318.065679</ele><time>2024-12-02T18:00:17Z</time><extensions><speed>1.686582</speed><course>284.854316</course><hAcc>1.062686</hAcc><vAcc>0.756743</vAcc></extensions></trkpt>
      <trkpt lon="-117.331171" lat="33.978786"><ele>318.096026</ele><time>2024-12-02T18:00:18Z</time><extensions><speed>1.565570</speed><course>285.248693</course><hAcc>1.075047</hAcc><vAcc>0.756743</vAcc></extensions></trkpt>
      <trkpt lon="-117.331187" lat="33.978790"><ele>318.129312</ele><time>2024-12-02T18:00:19Z</time><extensions><speed>1.441336</speed><course>286.498292</course><hAcc>1.099211</hAcc><vAcc>0.756743</vAcc></extensions></trkpt>
      <trkpt lon="-117.331202" lat="33.978793"><ele>318.160645</ele><time>2024-12-02T18:00:20Z</time><extensions><speed>1.365782</speed><course>282.213600</course><hAcc>1.085590</hAcc><vAcc>0.756743</vAcc></extensions></trkpt>
      <trkpt lon="-117.331216" lat="33.978796"><ele>318.184681</ele><time>2024-12-02T18:00:21Z</time><extensions><speed>1.238168</speed><course>279.976302</course><hAcc>1.092338</hAcc><vAcc>0.756743</vAcc></extensions></trkpt>
      <trkpt lon="-117.331228" lat="33.978797"><ele>318.204794</ele><time>2024-12-02T18:00:22Z</time><extensions><speed>1.155155</speed><course>280.359319</course><hAcc>1.117788</hAcc><vAcc>0.756743</vAcc></extensions></trkpt>
      <trkpt lon="-117.331240" lat="33.978800"><ele>318.229183</ele><time>2024-12-02T18:00:23Z</time><extensions><speed>1.107939</speed><course>283.131612</course><hAcc>1.145361</hAcc><vAcc>0.756743</vAcc></extensions></trkpt>
      <trkpt lon="-117.331251" lat="33.978802"><ele>318.261407</ele><time>2024-12-02T18:00:24Z</time><extensions><speed>1.015596</speed><course>290.626791</course><hAcc>1.171389</hAcc><vAcc>0.756743</vAcc></extensions></trkpt>
      <trkpt lon="-117.331260" lat="33.978805"><ele>318.297642</ele><time>2024-12-02T18:00:25Z</time><extensions><speed>0.759492</speed><course>298.374504</course><hAcc>1.195239</hAcc><vAcc>0.756743</vAcc></extensions></trkpt>
      <trkpt lon="-117.331265" lat="33.978808"><ele>318.335117</ele><time>2024-12-02T18:00:26Z</time><extensions><speed>0.365612</speed><course>308.898305</course><hAcc>1.213949</hAcc><vAcc>0.756743</vAcc></extensions></trkpt>
      <trkpt lon="-117.331266" lat="33.978810"><ele>318.370727</ele><time>2024-12-02T18:00:27Z</time><extensions><speed>0.137173</speed><course>42.072117</course><hAcc>1.225114</hAcc><vAcc>0.756743</vAcc></extensions></trkpt>
      <trkpt lon="-117.331264" lat="33.978810"><ele>318.403193</ele><time>2024-12-02T18:00:28Z</time><extensions><speed>0.286776</speed><course>71.697877</course><hAcc>1.251474</hAcc><vAcc>0.756742</vAcc></extensions></trkpt>
      <trkpt lon="-117.331261" lat="33.978812"><ele>318.446212</ele><time>2024-12-02T18:00:29Z</time><extensions><speed>0.375730</speed><course>56.391344</course><hAcc>1.283421</hAcc><vAcc>0.756742</vAcc></extensions></trkpt>
      <trkpt lon="-117.331258" lat="33.978815"><ele>318.481696</ele><time>2024-12-02T18:00:30Z</time><extensions><speed>0.487091</speed><course>25.739298</course><hAcc>1.303122</hAcc><vAcc>0.756742</vAcc></extensions></trkpt>
      <trkpt lon="-117.331257" lat="33.978820"><ele>318.521934</ele><time>2024-12-02T18:00:31Z</time><extensions><speed>0.707109</speed><course>5.172830</course><hAcc>1.305317</hAcc><vAcc>0.756742</vAcc></extensions></trkpt>
      <trkpt lon="-117.331257" lat="33.978827"><ele>318.562925</ele><time>2024-12-02T18:00:32Z</time><extensions><speed>0.959773</speed><course>355.058555</course><hAcc>1.293386</hAcc><vAcc>0.756742</vAcc></extensions></trkpt>
      <trkpt lon="-117.331258" lat="33.978837"><ele>318.609406</ele><time>2024-12-02T18:00:33Z</time><extensions><speed>1.192850</speed><course>351.501812</course><hAcc>1.281868</hAcc><vAcc>0.756742</vAcc></extensions></trkpt>
      <trkpt lon="-117.331260" lat="33.978848"><ele>318.665646</ele><time>2024-12-02T18:00:34Z</time><extensions><speed>1.318008</speed><course>351.196004</course><hAcc>1.271981</hAcc><vAcc>0.756742</vAcc></extensions></trkpt>
      <trkpt lon="-117.331263" lat="33.978860"><ele>318.722786</ele><time>2024-12-02T18:00:35Z</time><extensions><speed>1.381269</speed><course>350.634997</course><hAcc>1.254736</hAcc><vAcc>0.756742</vAcc></extensions></trkpt>
      <trkpt lon="-117.331265" lat="33.978873"><ele>318.778120</ele><time>2024-12-02T18:00:36Z</time><extensions><speed>1.435789</speed><course>350.537871</course><hAcc>1.247144</hAcc><vAcc>0.756742</vAcc></extensions></trkpt>
      <trkpt lon="-117.331267" lat="33.978886"><ele>318.824567</ele><time>2024-12-02T18:00:37Z</time><extensions><speed>1.422113</speed><course>353.497622</course><hAcc>1.238805</hAcc><vAcc>0.756742</vAcc></extensions></trkpt>
      <trkpt lon="-117.331269" lat="33.978898"><ele>318.857756</ele><time>2024-12-02T18:00:38Z</time><extensions><speed>1.342596</speed><course>355.842498</course><hAcc>1.228558</hAcc><vAcc>0.756848</vAcc></extensions></trkpt>
      <trkpt lon="-117.331270" lat="33.978910"><ele>318.884368</ele><time>2024-12-02T18:00:39Z</time><extensions><speed>1.301395</speed><course>358.254009</course><hAcc>1.220153</hAcc><vAcc>0.757328</vAcc></extensions></trkpt>
      <trkpt lon="-117.331270" lat="33.978922"><ele>318.903478</ele><time>2024-12-02T18:00:40Z</time><extensions><speed>1.324471</speed><course>2.352828</course><hAcc>1.213331</hAcc><vAcc>0.757931</vAcc></extensions></trkpt>
      <trkpt lon="-117.331270" lat="33.978934"><ele>318.923349</ele><time>2024-12-02T18:00:41Z</time><extensions><speed>1.369033</speed><course>356.226655</course><hAcc>1.205235</hAcc><vAcc>0.758382</vAcc></extensions></trkpt>
      <trkpt lon="-117.331271" lat="33.978946"><ele>318.940281</ele><time>2024-12-02T18:00:42Z</time><extensions><speed>1.349636</speed><course>352.590994</course><hAcc>1.191991</hAcc><vAcc>0.759121</vAcc></extensions></trkpt>
      <trkpt lon="-117.331273" lat="33.978958"><ele>318.964194</ele><time>2024-12-02T18:00:43Z</time><extensions><speed>1.383500</speed><course>350.862076</course><hAcc>1.178749</hAcc><vAcc>0.759805</vAcc></extensions></trkpt>
      <trkpt lon="-117.331276" lat="33.978971"><ele>318.981265</ele><time>2024-12-02T18:00:44Z</time><extensions><speed>1.433493</speed><course>351.494457</course><hAcc>1.173240</hAcc><vAcc>0.761039</vAcc></extensions></trkpt>
      <trkpt lon="-117.331278" lat="33.978983"><ele>318.990548</ele><time>2024-12-02T18:00:45Z</time><extensions><speed>1.405697</speed><course>354.267671</course><hAcc>1.184654</hAcc><vAcc>0.762393</vAcc></extensions></trkpt>
      <trkpt lon="-117.331279" lat="33.978996"><ele>318.998696</ele><time>2024-12-02T18:00:46Z</time><extensions><speed>1.348765</speed><course>355.998959</course><hAcc>1.157653</hAcc><vAcc>0.763568</vAcc></extensions></trkpt>
      <trkpt lon="-117.331280" lat="33.979008"><ele>319.000374</ele><time>2024-12-02T18:00:47Z</time><extensions><speed>1.307859</speed><course>358.745206</course><hAcc>1.142563</hAcc><vAcc>0.765073</vAcc></extensions></trkpt>
      <trkpt lon="-117.331279" lat="33.979020"><ele>318.995701</ele><time>2024-12-02T18:00:48Z</time><extensions><speed>1.310685</speed><course>5.008615</course><hAcc>1.139604</hAcc><vAcc>0.766559</vAcc></extensions></trkpt>
      <trkpt lon="-117.331278" lat="33.979032"><ele>318.983347</ele><time>2024-12-02T18:00:49Z</time><extensions><speed>1.343368</speed><course>7.661471</course><hAcc>1.139536</hAcc><vAcc>0.767697</vAcc></extensions></trkpt>
      <trkpt lon="-117.331276" lat="33.979043"><ele>318.968993</ele><time>2024-12-02T18:00:50Z</time><extensions><speed>1.309240</speed><course>7.526414</course><hAcc>1.137490</hAcc><vAcc>0.769086</vAcc></extensions></trkpt>
      <trkpt lon="-117.331274" lat="33.979055"><ele>318.957203</ele><time>2024-12-02T18:00:51Z</time><extensions><speed>1.193875</speed><course>5.071123</course><hAcc>1.119918</hAcc><vAcc>0.770044</vAcc></extensions></trkpt>
      <trkpt lon="-117.331273" lat="33.979065"><ele>318.938785</ele><time>2024-12-02T18:00:52Z</time><extensions><speed>1.100634</speed><course>9.641687</course><hAcc>1.138219</hAcc><vAcc>0.770671</vAcc></extensions></trkpt>
      <trkpt lon="-117.331271" lat="33.979075"><ele>318.909805</ele><time>2024-12-02T18:00:53Z</time><extensions><speed>1.181052</speed><course>3.657754</course><hAcc>1.129988</hAcc><vAcc>0.771076</vAcc></extensions></trkpt>
      <trkpt lon="-117.331271" lat="33.979085"><ele>318.872764</ele><time>2024-12-02T18:00:54Z</time><extensions><speed>1.097451</speed><course>354.178384</course><hAcc>1.161227</hAcc><vAcc>0.771347</vAcc></extensions></trkpt>
      <trkpt lon="-117.331273" lat="33.979095"><ele>318.830376</ele><time>2024-12-02T18:00:55Z</time><extensions><speed>1.190801</speed><course>348.462499</course><hAcc>1.142591</hAcc><vAcc>0.771906</vAcc></extensions></trkpt>
      <trkpt lon="-117.331276" lat="33.979106"><ele>318.783446</ele><time>2024-12-02T18:00:56Z</time><extensions><speed>1.217135</speed><course>349.709028</course><hAcc>1.133747</hAcc><vAcc>0.772522</vAcc></extensions></trkpt>
      <trkpt lon="-117.331277" lat="33.979117"><ele>318.744420</ele><time>2024-12-02T18:00:57Z</time><extensions><speed>1.165242</speed><course>357.697143</course><hAcc>1.147434</hAcc><vAcc>0.773032</vAcc></extensions></trkpt>
      <trkpt lon="-117.331277" lat="33.979127"><ele>318.719614</ele><time>2024-12-02T18:00:58Z</time><extensions><speed>1.102259</speed><course>5.375301</course><hAcc>1.147538</hAcc><vAcc>0.773116</vAcc></extensions></trkpt>
      <trkpt lon="-117.331276" lat="33.979137"><ele>318.690098</ele><time>2024-12-02T18:00:59Z</time><extensions><speed>1.102709</speed><course>7.376524</course><hAcc>1.135529</hAcc><vAcc>0.773132</vAcc></extensions></trkpt>
      <trkpt lon="-117.331275" lat="33.979147"><ele>318.665788</ele><time>2024-12-02T18:01:00Z</time><extensions><speed>1.074356</speed><course>5.136738</course><hAcc>1.164755</hAcc><vAcc>0.773095</vAcc></extensions></trkpt>
      <trkpt lon="-117.331274" lat="33.979156"><ele>318.647820</ele><time>2024-12-02T18:01:01Z</time><extensions><speed>0.921841</speed><course>355.766494</course><hAcc>1.158057</hAcc><vAcc>0.773007</vAcc></extensions></trkpt>
      <trkpt lon="-117.331277" lat="33.979164"><ele>318.641814</ele><time>2024-12-02T18:01:02Z</time><extensions><speed>0.938326</speed><course>337.674876</course><hAcc>1.153784</hAcc><vAcc>0.772876</vAcc></extensions></trkpt>
      <trkpt lon="-117.331282" lat="33.979172"><ele>318.649193</ele><time>2024-12-02T18:01:03Z</time><extensions><speed>1.095702</speed><course>326.685053</course><hAcc>1.163347</hAcc><vAcc>0.772691</vAcc></extensions></trkpt>
      <trkpt lon="-117.331289" lat="33.979180"><ele>318.671006</ele><time>2024-12-02T18:01:04Z</time><extensions><speed>1.153321</speed><course>320.167338</course><hAcc>1.179120</hAcc><vAcc>0.772387</vAcc></extensions></trkpt>
      <trkpt lon="-117.331297" lat="33.979187"><ele>318.694671</ele><time>2024-12-02T18:01:05Z</time><extensions><speed>0.991797</speed><course>315.484516</course><hAcc>1.216064</hAcc><vAcc>0.771943</vAcc></extensions></trkpt>
      <trkpt lon="-117.331305" lat="33.979193"><ele>318.733742</ele><time>2024-12-02T18:01:06Z</time><extensions><speed>1.002709</speed><course>310.727699</course><hAcc>1.225534</hAcc><vAcc>0.771594</vAcc></extensions></trkpt>
      <trkpt lon="-117.331313" lat="33.979199"><ele>318.779390</ele><time>2024-12-02T18:01:07Z</time><extensions><speed>1.051235</speed><course>311.631584</course><hAcc>1.233027</hAcc><vAcc>0.771286</vAcc></extensions></trkpt>
      <trkpt lon="-117.331320" lat="33.979206"><ele>318.834386</ele><time>2024-12-02T18:01:08Z</time><extensions><speed>0.896049</speed><course>321.755095</course><hAcc>1.248479</hAcc><vAcc>0.771141</vAcc></extensions></trkpt>
      <trkpt lon="-117.331324" lat="33.979211"><ele>318.899401</ele><time>2024-12-02T18:01:09Z</time><extensions><speed>0.523885</speed><course>353.149843</course><hAcc>1.283416</hAcc><vAcc>0.771051</vAcc></extensions></trkpt>
      <trkpt lon="-117.331322" lat="33.979216"><ele>318.957439</ele><time>2024-12-02T18:01:10Z</time><extensions><speed>0.591716</speed><course>36.318994</course><hAcc>1.318811</hAcc><vAcc>0.771491</vAcc></extensions></trkpt>
      <trkpt lon="-117.331317" lat="33.979220"><ele>319.020192</ele><time>2024-12-02T18:01:11Z</time><extensions><speed>0.800177</speed><course>43.068066</course><hAcc>1.353345</hAcc><vAcc>0.772669</vAcc></extensions></trkpt>
      <trkpt lon="-117.331311" lat="33.979226"><ele>319.087268</ele><time>2024-12-02T18:01:12Z</time><extensions><speed>0.936202</speed><course>38.779824</course><hAcc>1.367388</hAcc><vAcc>0.775204</vAcc></extensions></trkpt>
      <trkpt lon="-117.331305" lat="33.979233"><ele>319.159010</ele><time>2024-12-02T18:01:13Z</time><extensions><speed>1.006010</speed><course>30.742281</course><hAcc>1.355324</hAcc><vAcc>0.778256</vAcc></extensions></trkpt>
      <trkpt lon="-117.331300" lat="33.979242"><ele>319.230412</ele><time>2024-12-02T18:01:14Z</time><extensions><speed>1.082524</speed><course>19.878992</course><hAcc>1.335417</hAcc><vAcc>0.781783</vAcc></extensions></trkpt>
      <trkpt lon="-117.331297" lat="33.979252"><ele>319.295106</ele><time>2024-12-02T18:01:15Z</time><extensions><speed>1.219766</speed><course>10.032695</course><hAcc>1.337551</hAcc><vAcc>0.786029</vAcc></extensions></trkpt>
      <trkpt lon="-117.331296" lat="33.979263"><ele>319.356567</ele><time>2024-12-02T18:01:16Z</time><extensions><speed>1.195592</speed><course>358.752316</course><hAcc>1.324241</hAcc><vAcc>0.790627</vAcc></extensions></trkpt>
      <trkpt lon="-117.331298" lat="33.979273"><ele>319.418245</ele><time>2024-12-02T18:01:17Z</time><extensions><speed>1.138708</speed><course>344.950172</course><hAcc>1.302930</hAcc><vAcc>0.795084</vAcc></extensions></trkpt>
      <trkpt lon="-117.331302" lat="33.979283"><ele>319.464462</ele><time>2024-12-02T18:01:18Z</time><extensions><speed>1.173167</speed><course>335.927794</course><hAcc>1.279237</hAcc><vAcc>0.800027</vAcc></extensions></trkpt>
      <trkpt lon="-117.331307" lat="33.979292"><ele>319.486938</ele><time>2024-12-02T18:01:19Z</time><extensions><speed>1.178206</speed><course>333.487582</course><hAcc>1.256548</hAcc><vAcc>0.804180</vAcc></extensions></trkpt>
      <trkpt lon="-117.331313" lat="33.979303"><ele>319.504103</ele><time>2024-12-02T18:01:20Z</time><extensions><speed>1.263396</speed><course>338.554780</course><hAcc>1.248919</hAcc><vAcc>0.808151</vAcc></extensions></trkpt>
      <trkpt lon="-117.331317" lat="33.979314"><ele>319.519556</ele><time>2024-12-02T18:01:21Z</time><extensions><speed>1.361672</speed><course>345.715501</course><hAcc>1.250218</hAcc><vAcc>0.811557</vAcc></extensions></trkpt>
      <trkpt lon="-117.331320" lat="33.979326"><ele>319.526937</ele><time>2024-12-02T18:01:22Z</time><extensions><speed>1.329260</speed><course>353.624825</course><hAcc>1.258189</hAcc><vAcc>0.814075</vAcc></extensions></trkpt>
      <trkpt lon="-117.331321" lat="33.979337"><ele>319.510673</ele><time>2024-12-02T18:01:23Z</time><extensions><speed>1.257640</speed><course>357.636197</course><hAcc>1.243023</hAcc><vAcc>0.815579</vAcc></extensions></trkpt>
      <trkpt lon="-117.331321" lat="33.979349"><ele>319.481975</ele><time>2024-12-02T18:01:24Z</time><extensions><speed>1.255977</speed><course>358.317586</course><hAcc>1.240101</hAcc><vAcc>0.815994</vAcc></extensions></trkpt>
      <trkpt lon="-117.331322" lat="33.979360"><ele>319.444429</ele><time>2024-12-02T18:01:25Z</time><extensions><speed>1.301322</speed><course>358.527908</course><hAcc>1.250157</hAcc><vAcc>0.815473</vAcc></extensions></trkpt>
      <trkpt lon="-117.331322" lat="33.979372"><ele>319.393350</ele><time>2024-12-02T18:01:26Z</time><extensions><speed>1.291886</speed><course>359.005634</course><hAcc>1.258168</hAcc><vAcc>0.814188</vAcc></extensions></trkpt>
      <trkpt lon="-117.331322" lat="33.979383"><ele>319.333416</ele><time>2024-12-02T18:01:27Z</time><extensions><speed>1.182572</speed><course>0.993714</course><hAcc>1.266570</hAcc><vAcc>0.812152</vAcc></extensions></trkpt>
      <trkpt lon="-117.331322" lat="33.979393"><ele>319.264518</ele><time>2024-12-02T18:01:28Z</time><extensions><speed>1.098530</speed><course>3.052640</course><hAcc>1.281740</hAcc><vAcc>0.809375</vAcc></extensions></trkpt>
      <trkpt lon="-117.331321" lat="33.979403"><ele>319.194432</ele><time>2024-12-02T18:01:29Z</time><extensions><speed>1.029579</speed><course>2.621640</course><hAcc>1.287425</hAcc><vAcc>0.805877</vAcc></extensions></trkpt>
      <trkpt lon="-117.331321" lat="33.979412"><ele>319.111670</ele><time>2024-12-02T18:01:30Z</time><extensions><speed>0.971598</speed><course>355.383632</course><hAcc>1.306724</hAcc><vAcc>0.801725</vAcc></extensions></trkpt>
      <trkpt lon="-117.331322" lat="33.979420"><ele>319.020931</ele><time>2024-12-02T18:01:31Z</time><extensions><speed>0.793533</speed><course>349.231490</course><hAcc>1.312515</hAcc><vAcc>0.797030</vAcc></extensions></trkpt>
      <trkpt lon="-117.331324" lat="33.979425"><ele>318.927046</ele><time>2024-12-02T18:01:32Z</time><extensions><speed>0.493049</speed><course>332.626549</course><hAcc>1.307269</hAcc><vAcc>0.791964</vAcc></extensions></trkpt>
      <trkpt lon="-117.331327" lat="33.979428"><ele>318.826230</ele><time>2024-12-02T18:01:33Z</time><extensions><speed>0.401404</speed><course>297.580469</course><hAcc>1.322873</hAcc><vAcc>0.787372</vAcc></extensions></trkpt>
      <trkpt lon="-117.331332" lat="33.979428"><ele>318.722170</ele><time>2024-12-02T18:01:34Z</time><extensions><speed>0.434712</speed><course>260.836696</course><hAcc>1.330038</hAcc><vAcc>0.783197</vAcc></extensions></trkpt>
      <trkpt lon="-117.331336" lat="33.979427"><ele>318.622885</ele><time>2024-12-02T18:01:35Z</time><extensions><speed>0.513840</speed><course>230.713177</course><hAcc>1.340962</hAcc><vAcc>0.780148</vAcc></extensions></trkpt>
      <trkpt lon="-117.331340" lat="33.979423"><ele>318.520295</ele><time>2024-12-02T18:01:36Z</time><extensions><speed>0.536888</speed><course>207.961586</course><hAcc>1.353484</hAcc><vAcc>0.778409</vAcc></extensions></trkpt>
      <trkpt lon="-117.331342" lat="33.979419"><ele>318.416320</ele><time>2024-12-02T18:01:37Z</time><extensions><speed>0.518984</speed><course>194.660885</course><hAcc>1.353439</hAcc><vAcc>0.777561</vAcc></extensions></trkpt>
      <trkpt lon="-117.331344" lat="33.979414"><ele>318.317771</ele><time>2024-12-02T18:01:38Z</time><extensions><speed>0.514144</speed><course>200.703391</course><hAcc>1.337927</hAcc><vAcc>0.778544</vAcc></extensions></trkpt>
      <trkpt lon="-117.331347" lat="33.979410"><ele>318.215503</ele><time>2024-12-02T18:01:39Z</time><extensions><speed>0.669946</speed><course>228.089519</course><hAcc>1.334011</hAcc><vAcc>0.780994</vAcc></extensions></trkpt>
      <trkpt lon="-117.331356" lat="33.979406"><ele>318.107617</ele><time>2024-12-02T18:01:40Z</time><extensions><speed>1.060753</speed><course>248.912148</course><hAcc>1.337699</hAcc><vAcc>0.784469</vAcc></extensions></trkpt>
      <trkpt lon="-117.331368" lat="33.979403"><ele>318.008201</ele><time>2024-12-02T18:01:41Z</time><extensions><speed>1.359860</speed><course>257.630488</course><hAcc>1.317821</hAcc><vAcc>0.789878</vAcc></extensions></trkpt>
      <trkpt lon="-117.331383" lat="33.979401"><ele>317.922361</ele><time>2024-12-02T18:01:42Z</time><extensions><speed>1.458132</speed><course>264.263716</course><hAcc>1.298027</hAcc><vAcc>0.795725</vAcc></extensions></trkpt>
      <trkpt lon="-117.331399" lat="33.979401"><ele>317.838336</ele><time>2024-12-02T18:01:43Z</time><extensions><speed>1.400420</speed><course>269.710245</course><hAcc>1.291049</hAcc><vAcc>0.803443</vAcc></extensions></trkpt>
      <trkpt lon="-117.331413" lat="33.979401"><ele>317.758016</ele><time>2024-12-02T18:01:44Z</time><extensions><speed>1.290198</speed><course>271.942193</course><hAcc>1.280572</hAcc><vAcc>0.811793</vAcc></extensions></trkpt>
      <trkpt lon="-117.331427" lat="33.979401"><ele>317.703068</ele><time>2024-12-02T18:01:45Z</time><extensions><speed>1.292614</speed><course>272.501476</course><hAcc>1.295687</hAcc><vAcc>0.818931</vAcc></extensions></trkpt>
      <trkpt lon="-117.331442" lat="33.979402"><ele>317.653172</ele><time>2024-12-02T18:01:46Z</time><extensions><speed>1.434627</speed><course>270.540734</course><hAcc>1.287251</hAcc><vAcc>0.825151</vAcc></extensions></trkpt>
      <trkpt lon="-117.331459" lat="33.979402"><ele>317.601517</ele><time>2024-12-02T18:01:47Z</time><extensions><speed>1.563047</speed><course>270.087164</course><hAcc>1.270804</hAcc><vAcc>0.830971</vAcc></extensions></trkpt>
      <trkpt lon="-117.331475" lat="33.979402"><ele>317.543903</ele><time>2024-12-02T18:01:48Z</time><extensions><speed>1.528909</speed><course>270.718219</course><hAcc>1.284481</hAcc><vAcc>0.836246</vAcc></extensions></trkpt>
      <trkpt lon="-117.331492" lat="33.979402"><ele>317.494579</ele><time>2024-12-02T18:01:49Z</time><extensions><speed>1.520160</speed><course>271.919803</course><hAcc>1.287375</hAcc><vAcc>0.840753</vAcc></extensions></trkpt>
      <trkpt lon="-117.331509" lat="33.979402"><ele>317.454554</ele><time>2024-12-02T18:01:50Z</time><extensions><speed>1.580512</speed><course>272.370907</course><hAcc>1.290319</hAcc><vAcc>0.845135</vAcc></extensions></trkpt>
      <trkpt lon="-117.331526" lat="33.979403"><ele>317.409832</ele><time>2024-12-02T18:01:51Z</time><extensions><speed>1.515043</speed><course>270.870418</course><hAcc>1.311756</hAcc><vAcc>0.848036</vAcc></extensions></trkpt>
      <trkpt lon="-117.331542" lat="33.979403"><ele>317.376222</ele><time>2024-12-02T18:01:52Z</time><extensions><speed>1.560877</speed><course>268.761195</course><hAcc>1.316209</hAcc><vAcc>0.850074</vAcc></extensions></trkpt>
      <trkpt lon="-117.331559" lat="33.979402"><ele>317.352372</ele><time>2024-12-02T18:01:53Z</time><extensions><speed>1.463984</speed><course>267.787955</course><hAcc>1.346791</hAcc><vAcc>0.852411</vAcc></extensions></trkpt>
      <trkpt lon="-117.331574" lat="33.979401"><ele>317.321366</ele><time>2024-12-02T18:01:54Z</time><extensions><speed>1.436935</speed><course>263.877216</course><hAcc>1.348648</hAcc><vAcc>0.853912</vAcc></extensions></trkpt>
      <trkpt lon="-117.331590" lat="33.979400"><ele>317.302715</ele><time>2024-12-02T18:01:55Z</time><extensions><speed>1.384556</speed><course>263.116041</course><hAcc>1.352148</hAcc><vAcc>0.854115</vAcc></extensions></trkpt>
      <trkpt lon="-117.331605" lat="33.979399"><ele>317.278083</ele><time>2024-12-02T18:01:56Z</time><extensions><speed>1.407783</speed><course>265.712686</course><hAcc>1.367397</hAcc><vAcc>0.854676</vAcc></extensions></trkpt>
      <trkpt lon="-117.331620" lat="33.979398"><ele>317.263175</ele><time>2024-12-02T18:01:57Z</time><extensions><speed>1.382050</speed><course>268.113910</course><hAcc>1.378835</hAcc><vAcc>0.855303</vAcc></extensions></trkpt>
      <trkpt lon="-117.331634" lat="33.979398"><ele>317.232082</ele><time>2024-12-02T18:01:58Z</time><extensions><speed>1.317325</speed><course>267.516487</course><hAcc>1.380088</hAcc><vAcc>0.856314</vAcc></extensions></trkpt>
      <trkpt lon="-117.331648" lat="33.979397"><ele>317.178202</ele><time>2024-12-02T18:01:59Z</time><extensions><speed>1.275149</speed><course>267.364906</course><hAcc>1.378798</hAcc><vAcc>0.856469</vAcc></extensions></trkpt>
      <trkpt lon="-117.331663" lat="33.979397"><ele>317.133347</ele><time>2024-12-02T18:02:00Z</time><extensions><speed>1.317616</speed><course>270.509128</course><hAcc>1.375507</hAcc><vAcc>0.856157</vAcc></extensions></trkpt>
      <trkpt lon="-117.331678" lat="33.979397"><ele>317.086696</ele><time>2024-12-02T18:02:01Z</time><extensions><speed>1.474657</speed><course>272.772167</course><hAcc>1.356401</hAcc><vAcc>0.855424</vAcc></extensions></trkpt>
      <trkpt lon="-117.331694" lat="33.979398"><ele>317.040957</ele><time>2024-12-02T18:02:02Z</time><extensions><speed>1.552549</speed><course>273.388053</course><hAcc>1.344694</hAcc><vAcc>0.855704</vAcc></extensions></trkpt>
      <trkpt lon="-117.331711" lat="33.979399"><ele>316.987737</ele><time>2024-12-02T18:02:03Z</time><extensions><speed>1.500479</speed><course>273.159805</course><hAcc>1.346513</hAcc><vAcc>0.854639</vAcc></extensions></trkpt>
      <trkpt lon="-117.331727" lat="33.979400"><ele>316.933532</ele><time>2024-12-02T18:02:04Z</time><extensions><speed>1.538267</speed><course>275.039155</course><hAcc>1.320252</hAcc><vAcc>0.853375</vAcc></extensions></trkpt>
      <trkpt lon="-117.331744" lat="33.979401"><ele>316.877790</ele><time>2024-12-02T18:02:05Z</time><extensions><speed>1.520076</speed><course>274.594994</course><hAcc>1.311173</hAcc><vAcc>0.851721</vAcc></extensions></trkpt>
      <trkpt lon="-117.331759" lat="33.979402"><ele>316.811409</ele><time>2024-12-02T18:02:06Z</time><extensions><speed>1.412544</speed><course>274.365936</course><hAcc>1.330688</hAcc><vAcc>0.849364</vAcc></extensions></trkpt>
      <trkpt lon="-117.331774" lat="33.979403"><ele>316.737624</ele><time>2024-12-02T18:02:07Z</time><extensions><speed>1.316619</speed><course>273.252666</course><hAcc>1.326561</hAcc><vAcc>0.847397</vAcc></extensions></trkpt>
      <trkpt lon="-117.331788" lat="33.979404"><ele>316.653047</ele><time>2024-12-02T18:02:08Z</time><extensions><speed>1.229426</speed><course>274.330229</course><hAcc>1.320842</hAcc><vAcc>0.845154</vAcc></extensions></trkpt>
      <trkpt lon="-117.331801" lat="33.979405"><ele>316.572226</ele><time>2024-12-02T18:02:09Z</time><extensions><speed>1.210286</speed><course>274.913137</course><hAcc>1.292430</hAcc><vAcc>0.842816</vAcc></extensions></trkpt>
      <trkpt lon="-117.331814" lat="33.979405"><ele>316.490759</ele><time>2024-12-02T18:02:10Z</time><extensions><speed>1.252090</speed><course>274.056761</course><hAcc>1.282994</hAcc><vAcc>0.840900</vAcc></extensions></trkpt>
      <trkpt lon="-117.331828" lat="33.979406"><ele>316.409759</ele><time>2024-12-02T18:02:11Z</time><extensions><speed>1.312567</speed><course>275.397826</course><hAcc>1.288600</hAcc><vAcc>0.839393</vAcc></extensions></trkpt>
      <trkpt lon="-117.331843" lat="33.979407"><ele>316.329599</ele><time>2024-12-02T18:02:12Z</time><extensions><speed>1.334688</speed><course>274.907080</course><hAcc>1.318838</hAcc><vAcc>0.837309</vAcc></extensions></trkpt>
      <trkpt lon="-117.331857" lat="33.979408"><ele>316.255475</ele><time>2024-12-02T18:02:13Z</time><extensions><speed>1.420345</speed><course>274.432072</course><hAcc>1.272550</hAcc><vAcc>0.836456</vAcc></extensions></trkpt>
      <trkpt lon="-117.331873" lat="33.979409"><ele>316.193396</ele><time>2024-12-02T18:02:14Z</time><extensions><speed>1.445446</speed><course>273.626636</course><hAcc>1.258213</hAcc><vAcc>0.834936</vAcc></extensions></trkpt>
      <trkpt lon="-117.331889" lat="33.979410"><ele>316.130850</ele><time>2024-12-02T18:02:15Z</time><extensions><speed>1.488927</speed><course>275.441817</course><hAcc>1.262083</hAcc><vAcc>0.834404</vAcc></extensions></trkpt>
      <trkpt lon="-117.331905" lat="33.979412"><ele>316.079519</ele><time>2024-12-02T18:02:16Z</time><extensions><speed>1.487886</speed><course>276.502720</course><hAcc>1.265886</hAcc><vAcc>0.833628</vAcc></extensions></trkpt>
      <trkpt lon="-117.331920" lat="33.979413"><ele>316.045921</ele><time>2024-12-02T18:02:17Z</time><extensions><speed>1.424424</speed><course>275.043381</course><hAcc>1.271253</hAcc><vAcc>0.833040</vAcc></extensions></trkpt>
      <trkpt lon="-117.331935" lat="33.979414"><ele>316.018194</ele><time>2024-12-02T18:02:18Z</time><extensions><speed>1.344302</speed><course>273.065382</course><hAcc>1.260841</hAcc><vAcc>0.833018</vAcc></extensions></trkpt>
      <trkpt lon="-117.331950" lat="33.979414"><ele>316.005245</ele><time>2024-12-02T18:02:19Z</time><extensions><speed>1.288013</speed><course>269.444748</course><hAcc>1.261095</hAcc><vAcc>0.832289</vAcc></extensions></trkpt>
      <trkpt lon="-117.331964" lat="33.979414"><ele>315.995382</ele><time>2024-12-02T18:02:20Z</time><extensions><speed>1.298639</speed><course>268.604501</course><hAcc>1.264482</hAcc><vAcc>0.830793</vAcc></extensions></trkpt>
      <trkpt lon="-117.331978" lat="33.979414"><ele>315.980236</ele><time>2024-12-02T18:02:21Z</time><extensions><speed>1.289816</speed><course>266.997349</course><hAcc>1.256789</hAcc><vAcc>0.829180</vAcc></extensions></trkpt>
      <trkpt lon="-117.331992" lat="33.979413"><ele>315.969908</ele><time>2024-12-02T18:02:22Z</time><extensions><speed>1.266472</speed><course>265.560670</course><hAcc>1.235384</hAcc><vAcc>0.827503</vAcc></extensions></trkpt>
      <trkpt lon="-117.332006" lat="33.979412"><ele>315.976258</ele><time>2024-12-02T18:02:23Z</time><extensions><speed>1.278828</speed><course>266.913387</course><hAcc>1.238219</hAcc><vAcc>0.825860</vAcc></extensions></trkpt>
      <trkpt lon="-117.332019" lat="33.979411"><ele>315.983556</ele><time>2024-12-02T18:02:24Z</time><extensions><speed>1.282957</speed><course>267.782765</course><hAcc>1.233689</hAcc><vAcc>0.824395</vAcc></extensions></trkpt>
      <trkpt lon="-117.332033" lat="33.979411"><ele>315.990083</ele><time>2024-12-02T18:02:25Z</time><extensions><speed>1.255833</speed><course>270.226663</course><hAcc>1.265204</hAcc><vAcc>0.822148</vAcc></extensions></trkpt>
      <trkpt lon="-117.332048" lat="33.979411"><ele>316.000763</ele><time>2024-12-02T18:02:26Z</time><extensions><speed>1.408797</speed><course>271.078910</course><hAcc>1.230409</hAcc><vAcc>0.819819</vAcc></extensions></trkpt>
      <trkpt lon="-117.332063" lat="33.979412"><ele>316.017124</ele><time>2024-12-02T18:02:27Z</time><extensions><speed>1.486706</speed><course>270.997289</course><hAcc>1.234957</hAcc><vAcc>0.817545</vAcc></extensions></trkpt>
      <trkpt lon="-117.332079" lat="33.979412"><ele>316.040842</ele><time>2024-12-02T18:02:28Z</time><extensions><speed>1.458776</speed><course>271.463115</course><hAcc>1.272475</hAcc><vAcc>0.815035</vAcc></extensions></trkpt>
      <trkpt lon="-117.332095" lat="33.979412"><ele>316.067254</ele><time>2024-12-02T18:02:29Z</time><extensions><speed>1.491627</speed><course>268.694826</course><hAcc>1.257452</hAcc><vAcc>0.812287</vAcc></extensions></trkpt>
      <trkpt lon="-117.332111" lat="33.979412"><ele>316.088873</ele><time>2024-12-02T18:02:30Z</time><extensions><speed>1.483096</speed><course>269.529311</course><hAcc>1.254168</hAcc><vAcc>0.809239</vAcc></extensions></trkpt>
      <trkpt lon="-117.332127" lat="33.979412"><ele>316.119467</ele><time>2024-12-02T18:02:31Z</time><extensions><speed>1.469897</speed><course>271.099129</course><hAcc>1.260250</hAcc><vAcc>0.806590</vAcc></extensions></trkpt>
      <trkpt lon="-117.332143" lat="33.979412"><ele>316.145408</ele><time>2024-12-02T18:02:32Z</time><extensions><speed>1.427580</speed><course>270.205070</course><hAcc>1.266683</hAcc><vAcc>0.803799</vAcc></extensions></trkpt>
      <trkpt lon="-117.332158" lat="33.979412"><ele>316.170297</ele><time>2024-12-02T18:02:33Z</time><extensions><speed>1.336202</speed><course>269.863083</course><hAcc>1.268383</hAcc><vAcc>0.800810</vAcc></extensions></trkpt>
      <trkpt lon="-117.332172" lat="33.979411"><ele>316.198538</ele><time>2024-12-02T18:02:34Z</time><extensions><speed>1.243922</speed><course>265.777458</course><hAcc>1.265074</hAcc><vAcc>0.797313</vAcc></extensions></trkpt>
      <trkpt lon="-117.332185" lat="33.979410"><ele>316.232412</ele><time>2024-12-02T18:02:35Z</time><extensions><speed>1.230740</speed><course>261.808552</course><hAcc>1.247372</hAcc><vAcc>0.793767</vAcc></extensions></trkpt>
      <trkpt lon="-117.332199" lat="33.979408"><ele>316.257903</ele><time>2024-12-02T18:02:36Z</time><extensions><speed>1.319819</speed><course>260.882733</course><hAcc>1.242251</hAcc><vAcc>0.790585</vAcc></extensions></trkpt>
      <trkpt lon="-117.332213" lat="33.979406"><ele>316.282743</ele><time>2024-12-02T18:02:37Z</time><extensions><speed>1.405702</speed><course>261.002658</course><hAcc>1.240116</hAcc><vAcc>0.788002</vAcc></extensions></trkpt>
      <trkpt lon="-117.332229" lat="33.979405"><ele>316.303756</ele><time>2024-12-02T18:02:38Z</time><extensions><speed>1.463399</speed><course>263.355447</course><hAcc>1.232092</hAcc><vAcc>0.786391</vAcc></extensions></trkpt>
      <trkpt lon="-117.332245" lat="33.979404"><ele>316.324635</ele><time>2024-12-02T18:02:39Z</time><extensions><speed>1.500764</speed><course>267.103168</course><hAcc>1.218888</hAcc><vAcc>0.785206</vAcc></extensions></trkpt>
      <trkpt lon="-117.332261" lat="33.979403"><ele>316.339799</ele><time>2024-12-02T18:02:40Z</time><extensions><speed>1.507324</speed><course>269.209060</course><hAcc>1.208635</hAcc><vAcc>0.784903</vAcc></extensions></trkpt>
      <trkpt lon="-117.332277" lat="33.979403"><ele>316.364142</ele><time>2024-12-02T18:02:41Z</time><extensions><speed>1.425268</speed><course>268.284727</course><hAcc>1.218058</hAcc><vAcc>0.784665</vAcc></extensions></trkpt>
      <trkpt lon="-117.332292" lat="33.979403"><ele>316.384123</ele><time>2024-12-02T18:02:42Z</time><extensions><speed>1.321065</speed><course>267.478394</course><hAcc>1.216055</hAcc><vAcc>0.784551</vAcc></extensions></trkpt>
      <trkpt lon="-117.332306" lat="33.979402"><ele>316.395064</ele><time>2024-12-02T18:02:43Z</time><extensions><speed>1.292266</speed><course>269.230116</course><hAcc>1.219230</hAcc><vAcc>0.784874</vAcc></extensions></trkpt>
      <trkpt lon="-117.332320" lat="33.979403"><ele>316.397565</ele><time>2024-12-02T18:02:44Z</time><extensions><speed>1.311547</speed><course>273.590975</course><hAcc>1.198628</hAcc><vAcc>0.786260</vAcc></extensions></trkpt>
      <trkpt lon="-117.332334" lat="33.979404"><ele>316.394678</ele><time>2024-12-02T18:02:45Z</time><extensions><speed>1.291580</speed><course>281.220826</course><hAcc>1.200325</hAcc><vAcc>0.788217</vAcc></extensions></trkpt>
      <trkpt lon="-117.332347" lat="33.979408"><ele>316.388715</ele><time>2024-12-02T18:02:46Z</time><extensions><speed>1.324613</speed><course>296.039307</course><hAcc>1.205368</hAcc><vAcc>0.790330</vAcc></extensions></trkpt>
      <trkpt lon="-117.332360" lat="33.979415"><ele>316.378589</ele><time>2024-12-02T18:02:47Z</time><extensions><speed>1.418556</speed><course>311.049773</course><hAcc>1.215370</hAcc><vAcc>0.792891</vAcc></extensions></trkpt>
      <trkpt lon="-117.332370" lat="33.979424"><ele>316.372893</ele><time>2024-12-02T18:02:48Z</time><extensions><speed>1.441082</speed><course>320.949770</course><hAcc>1.225316</hAcc><vAcc>0.795406</vAcc></extensions></trkpt>
      <trkpt lon="-117.332380" lat="33.979435"><ele>316.369045</ele><time>2024-12-02T18:02:49Z</time><extensions><speed>1.542115</speed><course>326.228480</course><hAcc>1.219482</hAcc><vAcc>0.797051</vAcc></extensions></trkpt>
      <trkpt lon="-117.332389" lat="33.979446"><ele>316.354380</ele><time>2024-12-02T18:02:50Z</time><extensions><speed>1.463992</speed><course>329.554487</course><hAcc>1.236430</hAcc><vAcc>0.798531</vAcc></extensions></trkpt>
      <trkpt lon="-117.332396" lat="33.979458"><ele>316.327635</ele><time>2024-12-02T18:02:51Z</time><extensions><speed>1.369818</speed><course>332.145137</course><hAcc>1.221075</hAcc><vAcc>0.800156</vAcc></extensions></trkpt>
      <trkpt lon="-117.332403" lat="33.979468"><ele>316.315971</ele><time>2024-12-02T18:02:52Z</time><extensions><speed>1.295773</speed><course>333.743714</course><hAcc>1.221880</hAcc><vAcc>0.802518</vAcc></extensions></trkpt>
      <trkpt lon="-117.332409" lat="33.979479"><ele>316.301726</ele><time>2024-12-02T18:02:53Z</time><extensions><speed>1.312574</speed><course>334.347153</course><hAcc>1.225167</hAcc><vAcc>0.804305</vAcc></extensions></trkpt>
      <trkpt lon="-117.332415" lat="33.979489"><ele>316.291301</ele><time>2024-12-02T18:02:54Z</time><extensions><speed>1.312334</speed><course>332.377185</course><hAcc>1.239592</hAcc><vAcc>0.805033</vAcc></extensions></trkpt>
      <trkpt lon="-117.332422" lat="33.979499"><ele>316.288569</ele><time>2024-12-02T18:02:55Z</time><extensions><speed>1.259029</speed><course>325.789839</course><hAcc>1.246583</hAcc><vAcc>0.805008</vAcc></extensions></trkpt>
      <trkpt lon="-117.332431" lat="33.979508"><ele>316.278335</ele><time>2024-12-02T18:02:56Z</time><extensions><speed>1.221330</speed><course>316.350901</course><hAcc>1.236491</hAcc><vAcc>0.804074</vAcc></extensions></trkpt>
      <trkpt lon="-117.332440" lat="33.979516"><ele>316.267810</ele><time>2024-12-02T18:02:57Z</time><extensions><speed>1.183903</speed><course>314.729346</course><hAcc>1.236200</hAcc><vAcc>0.802223</vAcc></extensions></trkpt>
      <trkpt lon="-117.332449" lat="33.979523"><ele>316.276513</ele><time>2024-12-02T18:02:58Z</time><extensions><speed>1.119741</speed><course>310.857715</course><hAcc>1.243120</hAcc><vAcc>0.799568</vAcc></extensions></trkpt>
      <trkpt lon="-117.332459" lat="33.979529"><ele>316.280784</ele><time>2024-12-02T18:02:59Z</time><extensions><speed>1.170804</speed><course>304.761809</course><hAcc>1.243125</hAcc><vAcc>0.797244</vAcc></extensions></trkpt>
      <trkpt lon="-117.332470" lat="33.979535"><ele>316.295318</ele><time>2024-12-02T18:03:00Z</time><extensions><speed>1.283458</speed><course>297.600708</course><hAcc>1.238920</hAcc><vAcc>0.794711</vAcc></extensions></trkpt>
      <trkpt lon="-117.332483" lat="33.979540"><ele>316.306203</ele><time>2024-12-02T18:03:01Z</time><extensions><speed>1.410057</speed><course>294.146058</course><hAcc>1.252865</hAcc><vAcc>0.792192</vAcc></extensions></trkpt>
      <trkpt lon="-117.332497" lat="33.979545"><ele>316.319976</ele><time>2024-12-02T18:03:02Z</time><extensions><speed>1.366414</speed><course>292.638216</course><hAcc>1.292354</hAcc><vAcc>0.790051</vAcc></extensions></trkpt>
      <trkpt lon="-117.332510" lat="33.979549"><ele>316.335512</ele><time>2024-12-02T18:03:03Z</time><extensions><speed>1.140809</speed><course>286.663660</course><hAcc>1.276862</hAcc><vAcc>0.788434</vAcc></extensions></trkpt>
      <trkpt lon="-117.332521" lat="33.979551"><ele>316.361051</ele><time>2024-12-02T18:03:04Z</time><extensions><speed>0.942293</speed><course>276.391010</course><hAcc>1.280465</hAcc><vAcc>0.787822</vAcc></extensions></trkpt>
      <trkpt lon="-117.332531" lat="33.979551"><ele>316.383042</ele><time>2024-12-02T18:03:05Z</time><extensions><speed>0.941895</speed><course>269.975247</course><hAcc>1.309902</hAcc><vAcc>0.788913</vAcc></extensions></trkpt>
      <trkpt lon="-117.332542" lat="33.979551"><ele>316.402252</ele><time>2024-12-02T18:03:06Z</time><extensions><speed>1.050255</speed><course>266.816847</course><hAcc>1.333812</hAcc><vAcc>0.791463</vAcc></extensions></trkpt>
      <trkpt lon="-117.332554" lat="33.979550"><ele>316.425609</ele><time>2024-12-02T18:03:07Z</time><extensions><speed>1.210456</speed><course>265.773346</course><hAcc>1.365205</hAcc><vAcc>0.795642</vAcc></extensions></trkpt>
      <trkpt lon="-117.332569" lat="33.979549"><ele>316.447752</ele><time>2024-12-02T18:03:08Z</time><extensions><speed>1.495328</speed><course>266.472243</course><hAcc>1.406050</hAcc><vAcc>0.801198</vAcc></extensions></trkpt>
      <trkpt lon="-117.332585" lat="33.979548"><ele>316.471989</ele><time>2024-12-02T18:03:09Z</time><extensions><speed>1.475368</speed><course>267.577066</course><hAcc>1.445654</hAcc><vAcc>0.808523</vAcc></extensions></trkpt>
      <trkpt lon="-117.332601" lat="33.979548"><ele>316.495172</ele><time>2024-12-02T18:03:10Z</time><extensions><speed>1.413268</speed><course>270.932072</course><hAcc>1.439890</hAcc><vAcc>0.817682</vAcc></extensions></trkpt>
      <trkpt lon="-117.332615" lat="33.979548"><ele>316.523819</ele><time>2024-12-02T18:03:11Z</time><extensions><speed>1.218860</speed><course>271.614477</course><hAcc>1.432393</hAcc><vAcc>0.828748</vAcc></extensions></trkpt>
      <trkpt lon="-117.332628" lat="33.979548"><ele>316.561253</ele><time>2024-12-02T18:03:12Z</time><extensions><speed>1.184018</speed><course>271.477794</course><hAcc>1.427005</hAcc><vAcc>0.841207</vAcc></extensions></trkpt>
      <trkpt lon="-117.332641" lat="33.979548"><ele>316.596253</ele><time>2024-12-02T18:03:13Z</time><extensions><speed>1.199072</speed><course>270.117568</course><hAcc>1.418335</hAcc><vAcc>0.854991</vAcc></extensions></trkpt>
      <trkpt lon="-117.332654" lat="33.979548"><ele>316.622562</ele><time>2024-12-02T18:03:14Z</time><extensions><speed>1.190871</speed><course>269.161507</course><hAcc>1.421431</hAcc><vAcc>0.870584</vAcc></extensions></trkpt>
      <trkpt lon="-117.332666" lat="33.979548"><ele>316.632746</ele><time>2024-12-02T18:03:15Z</time><extensions><speed>1.155665</speed><course>271.049087</course><hAcc>1.430921</hAcc><vAcc>0.885972</vAcc></extensions></trkpt>
      <trkpt lon="-117.332680" lat="33.979549"><ele>316.645080</ele><time>2024-12-02T18:03:16Z</time><extensions><speed>1.240692</speed><course>274.456376</course><hAcc>1.437127</hAcc><vAcc>0.903433</vAcc></extensions></trkpt>
      <trkpt lon="-117.332693" lat="33.979550"><ele>316.652191</ele><time>2024-12-02T18:03:17Z</time><extensions><speed>1.261870</speed><course>275.108989</course><hAcc>1.440938</hAcc><vAcc>0.921095</vAcc></extensions></trkpt>
      <trkpt lon="-117.332707" lat="33.979552"><ele>316.667609</ele><time>2024-12-02T18:03:18Z</time><extensions><speed>1.240248</speed><course>275.747991</course><hAcc>1.423310</hAcc><vAcc>0.939411</vAcc></extensions></trkpt>
      <trkpt lon="-117.332720" lat="33.979553"><ele>316.682632</ele><time>2024-12-02T18:03:19Z</time><extensions><speed>1.235350</speed><course>274.455187</course><hAcc>1.438877</hAcc><vAcc>0.957973</vAcc></extensions></trkpt>
      <trkpt lon="-117.332733" lat="33.979554"><ele>316.713782</ele><time>2024-12-02T18:03:20Z</time><extensions><speed>1.222933</speed><course>272.507841</course><hAcc>1.472343</hAcc><vAcc>0.974516</vAcc></extensions></trkpt>
      <trkpt lon="-117.332746" lat="33.979555"><ele>316.763227</ele><time>2024-12-02T18:03:21Z</time><extensions><speed>1.208072</speed><course>274.434167</course><hAcc>1.511087</hAcc><vAcc>0.990068</vAcc></extensions></trkpt>
      <trkpt lon="-117.332759" lat="33.979556"><ele>316.788664</ele><time>2024-12-02T18:03:22Z</time><extensions><speed>1.166311</speed><course>281.134202</course><hAcc>1.516667</hAcc><vAcc>1.006012</vAcc></extensions></trkpt>
      <trkpt lon="-117.332771" lat="33.979559"><ele>316.802200</ele><time>2024-12-02T18:03:23Z</time><extensions><speed>1.157290</speed><course>290.899957</course><hAcc>1.542494</hAcc><vAcc>1.021749</vAcc></extensions></trkpt>
      <trkpt lon="-117.332783" lat="33.979564"><ele>316.806393</ele><time>2024-12-02T18:03:24Z</time><extensions><speed>1.261080</speed><course>300.251592</course><hAcc>1.564318</hAcc><vAcc>1.036997</vAcc></extensions></trkpt>
      <trkpt lon="-117.332794" lat="33.979572"><ele>316.800847</ele><time>2024-12-02T18:03:25Z</time><extensions><speed>1.360865</speed><course>314.350529</course><hAcc>1.566172</hAcc><vAcc>1.050750</vAcc></extensions></trkpt>
      <trkpt lon="-117.332804" lat="33.979581"><ele>316.814007</ele><time>2024-12-02T18:03:26Z</time><extensions><speed>1.402672</speed><course>325.322000</course><hAcc>1.605528</hAcc><vAcc>1.060243</vAcc></extensions></trkpt>
      <trkpt lon="-117.332811" lat="33.979593"><ele>316.821453</ele><time>2024-12-02T18:03:27Z</time><extensions><speed>1.487893</speed><course>334.677625</course><hAcc>1.637481</hAcc><vAcc>1.068544</vAcc></extensions></trkpt>
      <trkpt lon="-117.332817" lat="33.979605"><ele>316.838122</ele><time>2024-12-02T18:03:28Z</time><extensions><speed>1.457687</speed><course>342.303176</course><hAcc>1.665343</hAcc><vAcc>1.075064</vAcc></extensions></trkpt>
      <trkpt lon="-117.332821" lat="33.979618"><ele>316.860873</ele><time>2024-12-02T18:03:29Z</time><extensions><speed>1.406661</speed><course>349.071402</course><hAcc>1.674918</hAcc><vAcc>1.079962</vAcc></extensions></trkpt>
      <trkpt lon="-117.332824" lat="33.979630"><ele>316.879958</ele><time>2024-12-02T18:03:30Z</time><extensions><speed>1.370309</speed><course>353.470790</course><hAcc>1.659380</hAcc><vAcc>1.082936</vAcc></extensions></trkpt>
      <trkpt lon="-117.332826" lat="33.979643"><ele>316.894422</ele><time>2024-12-02T18:03:31Z</time><extensions><speed>1.440763</speed><course>354.139630</course><hAcc>1.644415</hAcc><vAcc>1.084473</vAcc></extensions></trkpt>
      <trkpt lon="-117.332827" lat="33.979657"><ele>316.906335</ele><time>2024-12-02T18:03:32Z</time><extensions><speed>1.569305</speed><course>355.746818</course><hAcc>1.646818</hAcc><vAcc>1.084415</vAcc></extensions></trkpt>
      <trkpt lon="-117.332828" lat="33.979671"><ele>316.917818</ele><time>2024-12-02T18:03:33Z</time><extensions><speed>1.627867</speed><course>356.499557</course><hAcc>1.662531</hAcc><vAcc>1.082850</vAcc></extensions></trkpt>
      <trkpt lon="-117.332830" lat="33.979685"><ele>316.934482</ele><time>2024-12-02T18:03:34Z</time><extensions><speed>1.537644</speed><course>353.975792</course><hAcc>1.656743</hAcc><vAcc>1.082622</vAcc></extensions></trkpt>
      <trkpt lon="-117.332832" lat="33.979699"><ele>316.956150</ele><time>2024-12-02T18:03:35Z</time><extensions><speed>1.489860</speed><course>352.737394</course><hAcc>1.627221</hAcc><vAcc>1.079643</vAcc></extensions></trkpt>
      <trkpt lon="-117.332834" lat="33.979712"><ele>316.972199</ele><time>2024-12-02T18:03:36Z</time><extensions><speed>1.403453</speed><course>349.758208</course><hAcc>1.595905</hAcc><vAcc>1.075226</vAcc></extensions></trkpt>
      <trkpt lon="-117.332837" lat="33.979724"><ele>317.003366</ele><time>2024-12-02T18:03:37Z</time><extensions><speed>1.351091</speed><course>345.377771</course><hAcc>1.579344</hAcc><vAcc>1.069195</vAcc></extensions></trkpt>
      <trkpt lon="-117.332841" lat="33.979736"><ele>317.043944</ele><time>2024-12-02T18:03:38Z</time><extensions><speed>1.370393</speed><course>344.286441</course><hAcc>1.570872</hAcc><vAcc>1.063774</vAcc></extensions></trkpt>
      <trkpt lon="-117.332845" lat="33.979748"><ele>317.071039</ele><time>2024-12-02T18:03:39Z</time><extensions><speed>1.385465</speed><course>344.102326</course><hAcc>1.559876</hAcc><vAcc>1.057636</vAcc></extensions></trkpt>
      <trkpt lon="-117.332849" lat="33.979760"><ele>317.093412</ele><time>2024-12-02T18:03:40Z</time><extensions><speed>1.345096</speed><course>345.380829</course><hAcc>1.545578</hAcc><vAcc>1.051596</vAcc></extensions></trkpt>
      <trkpt lon="-117.332852" lat="33.979772"><ele>317.114944</ele><time>2024-12-02T18:03:41Z</time><extensions><speed>1.324486</speed><course>346.759955</course><hAcc>1.528049</hAcc><vAcc>1.046070</vAcc></extensions></trkpt>
      <trkpt lon="-117.332855" lat="33.979783"><ele>317.112998</ele><time>2024-12-02T18:03:42Z</time><extensions><speed>1.334406</speed><course>349.635361</course><hAcc>1.507813</hAcc><vAcc>1.041027</vAcc></extensions></trkpt>
      <trkpt lon="-117.332857" lat="33.979795"><ele>317.079266</ele><time>2024-12-02T18:03:43Z</time><extensions><speed>1.337061</speed><course>352.918149</course><hAcc>1.503190</hAcc><vAcc>1.036249</vAcc></extensions></trkpt>
      <trkpt lon="-117.332858" lat="33.979807"><ele>317.053756</ele><time>2024-12-02T18:03:44Z</time><extensions><speed>1.251408</speed><course>1.919731</course><hAcc>1.516253</hAcc><vAcc>1.031375</vAcc></extensions></trkpt>
      <trkpt lon="-117.332856" lat="33.979819"><ele>317.019712</ele><time>2024-12-02T18:03:45Z</time><extensions><speed>1.370353</speed><course>8.669637</course><hAcc>1.481317</hAcc><vAcc>1.025521</vAcc></extensions></trkpt>
      <trkpt lon="-117.332853" lat="33.979831"><ele>316.996481</ele><time>2024-12-02T18:03:46Z</time><extensions><speed>1.426239</speed><course>13.407588</course><hAcc>1.457680</hAcc><vAcc>1.019429</vAcc></extensions></trkpt>
      <trkpt lon="-117.332849" lat="33.979843"><ele>316.973466</ele><time>2024-12-02T18:03:47Z</time><extensions><speed>1.420531</speed><course>19.970146</course><hAcc>1.443453</hAcc><vAcc>1.014553</vAcc></extensions></trkpt>
      <trkpt lon="-117.332843" lat="33.979855"><ele>316.965922</ele><time>2024-12-02T18:03:48Z</time><extensions><speed>1.298609</speed><course>27.088147</course><hAcc>1.430627</hAcc><vAcc>1.008978</vAcc></extensions></trkpt>
      <trkpt lon="-117.332837" lat="33.979865"><ele>316.971163</ele><time>2024-12-02T18:03:49Z</time><extensions><speed>1.150051</speed><course>27.356448</course><hAcc>1.410287</hAcc><vAcc>1.003140</vAcc></extensions></trkpt>
      <trkpt lon="-117.332832" lat="33.979874"><ele>316.971363</ele><time>2024-12-02T18:03:50Z</time><extensions><speed>1.093489</speed><course>28.376187</course><hAcc>1.400982</hAcc><vAcc>0.999151</vAcc></extensions></trkpt>
      <trkpt lon="-117.332826" lat="33.979883"><ele>316.963763</ele><time>2024-12-02T18:03:51Z</time><extensions><speed>1.145888</speed><course>29.472427</course><hAcc>1.405288</hAcc><vAcc>0.996049</vAcc></extensions></trkpt>
      <trkpt lon="-117.332819" lat="33.979892"><ele>316.955700</ele><time>2024-12-02T18:03:52Z</time><extensions><speed>1.180516</speed><course>30.287374</course><hAcc>1.398716</hAcc><vAcc>0.992153</vAcc></extensions></trkpt>
      <trkpt lon="-117.332814" lat="33.979901"><ele>316.948604</ele><time>2024-12-02T18:03:53Z</time><extensions><speed>1.119273</speed><course>25.583049</course><hAcc>1.403311</hAcc><vAcc>0.988279</vAcc></extensions></trkpt>
      <trkpt lon="-117.332809" lat="33.979911"><ele>316.933659</ele><time>2024-12-02T18:03:54Z</time><extensions><speed>1.130182</speed><course>17.579796</course><hAcc>1.413764</hAcc><vAcc>0.983377</vAcc></extensions></trkpt>
      <trkpt lon="-117.332806" lat="33.979922"><ele>316.912598</ele><time>2024-12-02T18:03:55Z</time><extensions><speed>1.245645</speed><course>9.574277</course><hAcc>1.400127</hAcc><vAcc>0.978276</vAcc></extensions></trkpt>
      <trkpt lon="-117.332805" lat="33.979933"><ele>316.914359</ele><time>2024-12-02T18:03:56Z</time><extensions><speed>1.175542</speed><course>3.405414</course><hAcc>1.432724</hAcc><vAcc>0.974722</vAcc></extensions></trkpt>
      <trkpt lon="-117.332805" lat="33.979942"><ele>316.911649</ele><time>2024-12-02T18:03:57Z</time><extensions><speed>0.873273</speed><course>356.334858</course><hAcc>1.483226</hAcc><vAcc>0.971810</vAcc></extensions></trkpt>
      <trkpt lon="-117.332806" lat="33.979950"><ele>316.914576</ele><time>2024-12-02T18:03:58Z</time><extensions><speed>1.035478</speed><course>349.594804</course><hAcc>1.415343</hAcc><vAcc>0.968121</vAcc></extensions></trkpt>
      <trkpt lon="-117.332809" lat="33.979960"><ele>316.895109</ele><time>2024-12-02T18:03:59Z</time><extensions><speed>1.153905</speed><course>346.824498</course><hAcc>1.401375</hAcc><vAcc>0.963582</vAcc></extensions></trkpt>
      <trkpt lon="-117.332811" lat="33.979970"><ele>316.866331</ele><time>2024-12-02T18:04:00Z</time><extensions><speed>1.035393</speed><course>345.048476</course><hAcc>1.461004</hAcc><vAcc>0.960479</vAcc></extensions></trkpt>
      <trkpt lon="-117.332814" lat="33.979979"><ele>316.858105</ele><time>2024-12-02T18:04:01Z</time><extensions><speed>1.030363</speed><course>345.895288</course><hAcc>1.487508</hAcc><vAcc>0.956739</vAcc></extensions></trkpt>
      <trkpt lon="-117.332816" lat="33.979989"><ele>316.855448</ele><time>2024-12-02T18:04:02Z</time><extensions><speed>1.250347</speed><course>349.583672</course><hAcc>1.436515</hAcc><vAcc>0.952662</vAcc></extensions></trkpt>
      <trkpt lon="-117.332818" lat="33.980000"><ele>316.858026</ele><time>2024-12-02T18:04:03Z</time><extensions><speed>1.302036</speed><course>348.506736</course><hAcc>1.407872</hAcc><vAcc>0.947853</vAcc></extensions></trkpt>
      <trkpt lon="-117.332821" lat="33.980012"><ele>316.849377</ele><time>2024-12-02T18:04:04Z</time><extensions><speed>1.309393</speed><course>343.134594</course><hAcc>1.388184</hAcc><vAcc>0.942321</vAcc></extensions></trkpt>
      <trkpt lon="-117.332826" lat="33.980022"><ele>316.852184</ele><time>2024-12-02T18:04:05Z</time><extensions><speed>1.235378</speed><course>332.215521</course><hAcc>1.391765</hAcc><vAcc>0.935481</vAcc></extensions></trkpt>
      <trkpt lon="-117.332833" lat="33.980031"><ele>316.844443</ele><time>2024-12-02T18:04:06Z</time><extensions><speed>1.125571</speed><course>322.651421</course><hAcc>1.433031</hAcc><vAcc>0.927641</vAcc></extensions></trkpt>
      <trkpt lon="-117.332838" lat="33.980039"><ele>316.842070</ele><time>2024-12-02T18:04:07Z</time><extensions><speed>0.835866</speed><course>337.079318</course><hAcc>1.434901</hAcc><vAcc>0.918504</vAcc></extensions></trkpt>
      <trkpt lon="-117.332838" lat="33.980046"><ele>316.843486</ele><time>2024-12-02T18:04:08Z</time><extensions><speed>0.793354</speed><course>26.187652</course><hAcc>1.383202</hAcc><vAcc>0.908748</vAcc></extensions></trkpt>
      <trkpt lon="-117.332832" lat="33.980051"><ele>316.840902</ele><time>2024-12-02T18:04:09Z</time><extensions><speed>0.936975</speed><course>55.860979</course><hAcc>1.402681</hAcc><vAcc>0.899310</vAcc></extensions></trkpt>
      <trkpt lon="-117.332823" lat="33.980055"><ele>316.839434</ele><time>2024-12-02T18:04:10Z</time><extensions><speed>0.925486</speed><course>72.934232</course><hAcc>1.469360</hAcc><vAcc>0.889428</vAcc></extensions></trkpt>
      <trkpt lon="-117.332812" lat="33.980056"><ele>316.846010</ele><time>2024-12-02T18:04:11Z</time><extensions><speed>1.197929</speed><course>87.098939</course><hAcc>1.455002</hAcc><vAcc>0.879750</vAcc></extensions></trkpt>
      <trkpt lon="-117.332798" lat="33.980056"><ele>316.853645</ele><time>2024-12-02T18:04:12Z</time><extensions><speed>1.356521</speed><course>90.614042</course><hAcc>1.469673</hAcc><vAcc>0.870075</vAcc></extensions></trkpt>
      <trkpt lon="-117.332784" lat="33.980056"><ele>316.855414</ele><time>2024-12-02T18:04:13Z</time><extensions><speed>1.314062</speed><course>90.195340</course><hAcc>1.513607</hAcc><vAcc>0.860411</vAcc></extensions></trkpt>
      <trkpt lon="-117.332771" lat="33.980056"><ele>316.853347</ele><time>2024-12-02T18:04:14Z</time><extensions><speed>1.161156</speed><course>88.814448</course><hAcc>1.553546</hAcc><vAcc>0.851711</vAcc></extensions></trkpt>
      <trkpt lon="-117.332759" lat="33.980057"><ele>316.844533</ele><time>2024-12-02T18:04:15Z</time><extensions><speed>0.958999</speed><course>85.495220</course><hAcc>1.554633</hAcc><vAcc>0.844023</vAcc></extensions></trkpt>
      <trkpt lon="-117.332750" lat="33.980057"><ele>316.831771</ele><time>2024-12-02T18:04:16Z</time><extensions><speed>0.800087</speed><course>85.775804</course><hAcc>1.557838</hAcc><vAcc>0.837847</vAcc></extensions></trkpt>
      <trkpt lon="-117.332741" lat="33.980057"><ele>316.810934</ele><time>2024-12-02T18:04:17Z</time><extensions><speed>0.791425</speed><course>91.509341</course><hAcc>1.582602</hAcc><vAcc>0.833680</vAcc></extensions></trkpt>
      <trkpt lon="-117.332732" lat="33.980057"><ele>316.788227</ele><time>2024-12-02T18:04:17Z</time><extensions><speed>0.901977</speed><course>97.246173</course><hAcc>1.626111</hAcc><vAcc>0.831385</vAcc></extensions></trkpt>
      <trkpt lon="-117.332722" lat="33.980055"><ele>316.763493</ele><time>2024-12-02T18:04:18Z</time><extensions><speed>1.004356</speed><course>102.179003</course><hAcc>1.660709</hAcc><vAcc>0.831141</vAcc></extensions></trkpt>
      <trkpt lon="-117.332713" lat="33.980053"><ele>316.739877</ele><time>2024-12-02T18:04:19Z</time><extensions><speed>0.775174</speed><course>112.421786</course><hAcc>1.681420</hAcc><vAcc>0.832980</vAcc></extensions></trkpt>
      <trkpt lon="-117.332708" lat="33.980050"><ele>316.712866</ele><time>2024-12-02T18:04:20Z</time><extensions><speed>0.452512</speed><course>136.041897</course><hAcc>1.702393</hAcc><vAcc>0.836009</vAcc></extensions></trkpt>
      <trkpt lon="-117.332706" lat="33.980047"><ele>316.686046</ele><time>2024-12-02T18:04:21Z</time><extensions><speed>0.330837</speed><course>184.314449</course><hAcc>1.746827</hAcc><vAcc>0.839356</vAcc></extensions></trkpt>
      <trkpt lon="-117.332707" lat="33.980044"><ele>316.656194</ele><time>2024-12-02T18:04:22Z</time><extensions><speed>0.423216</speed><course>207.273036</course><hAcc>1.795462</hAcc><vAcc>0.842667</vAcc></extensions></trkpt>
      <trkpt lon="-117.332710" lat="33.980040"><ele>316.625364</ele><time>2024-12-02T18:04:23Z</time><extensions><speed>0.471750</speed><course>211.308202</course><hAcc>1.852366</hAcc><vAcc>0.846102</vAcc></extensions></trkpt>
      <trkpt lon="-117.332712" lat="33.980037"><ele>316.594643</ele><time>2024-12-02T18:04:24Z</time><extensions><speed>0.469649</speed><course>212.938285</course><hAcc>1.906727</hAcc><vAcc>0.848620</vAcc></extensions></trkpt>
      <trkpt lon="-117.332715" lat="33.980034"><ele>316.564682</ele><time>2024-12-02T18:04:25Z</time><extensions><speed>0.425356</speed><course>216.987432</course><hAcc>1.953822</hAcc><vAcc>0.850936</vAcc></extensions></trkpt>
      <trkpt lon="-117.332718" lat="33.980031"><ele>316.534755</ele><time>2024-12-02T18:04:26Z</time><extensions><speed>0.348880</speed><course>223.594377</course><hAcc>1.989854</hAcc><vAcc>0.852054</vAcc></extensions></trkpt>
      <trkpt lon="-117.332720" lat="33.980029"><ele>316.504379</ele><time>2024-12-02T18:04:27Z</time><extensions><speed>0.231295</speed><course>222.154986</course><hAcc>2.009995</hAcc><vAcc>0.852353</vAcc></extensions></trkpt>
      <trkpt lon="-117.332721" lat="33.980028"><ele>316.477661</ele><time>2024-12-02T18:04:28Z</time><extensions><speed>0.105312</speed><course>212.894655</course><hAcc>2.025410</hAcc><vAcc>0.851930</vAcc></extensions></trkpt>
      <trkpt lon="-117.332722" lat="33.980028"><ele>316.450385</ele><time>2024-12-02T18:04:29Z</time><extensions><speed>0.036601</speed><course>286.569036</course><hAcc>2.046729</hAcc><vAcc>0.851501</vAcc></extensions></trkpt>
      <trkpt lon="-117.332722" lat="33.980029"><ele>316.418115</ele><time>2024-12-02T18:04:30Z</time><extensions><speed>0.125085</speed><course>355.426739</course><hAcc>2.060525</hAcc><vAcc>0.850511</vAcc></extensions></trkpt>
      <trkpt lon="-117.332722" lat="33.980030"><ele>316.382229</ele><time>2024-12-02T18:04:31Z</time><extensions><speed>0.213810</speed><course>14.799943</course><hAcc>2.064910</hAcc><vAcc>0.849070</vAcc></extensions></trkpt>
      <trkpt lon="-117.332721" lat="33.980032"><ele>316.342371</ele><time>2024-12-02T18:04:32Z</time><extensions><speed>0.259014</speed><course>13.186787</course><hAcc>2.076102</hAcc><vAcc>0.848348</vAcc></extensions></trkpt>
      <trkpt lon="-117.332721" lat="33.980034"><ele>316.300937</ele><time>2024-12-02T18:04:33Z</time><extensions><speed>0.261016</speed><course>1.299292</course><hAcc>2.100607</hAcc><vAcc>0.848226</vAcc></extensions></trkpt>
      <trkpt lon="-117.332720" lat="33.980037"><ele>316.248241</ele><time>2024-12-02T18:04:34Z</time><extensions><speed>0.254682</speed><course>6.261715</course><hAcc>2.117782</hAcc><vAcc>0.849052</vAcc></extensions></trkpt>
      <trkpt lon="-117.332720" lat="33.980039"><ele>316.190499</ele><time>2024-12-02T18:04:35Z</time><extensions><speed>0.273032</speed><course>23.754847</course><hAcc>2.112906</hAcc><vAcc>0.850613</vAcc></extensions></trkpt>
      <trkpt lon="-117.332718" lat="33.980041"><ele>316.130467</ele><time>2024-12-02T18:04:36Z</time><extensions><speed>0.249822</speed><course>35.020431</course><hAcc>2.118389</hAcc><vAcc>0.854175</vAcc></extensions></trkpt>
      <trkpt lon="-117.332716" lat="33.980043"><ele>316.067568</ele><time>2024-12-02T18:04:37Z</time><extensions><speed>0.256756</speed><course>53.901831</course><hAcc>2.131760</hAcc><vAcc>0.859696</vAcc></extensions></trkpt>
      <trkpt lon="-117.332714" lat="33.980044"><ele>316.002136</ele><time>2024-12-02T18:04:38Z</time><extensions><speed>0.281898</speed><course>70.099905</course><hAcc>2.147450</hAcc><vAcc>0.867177</vAcc></extensions></trkpt>
      <trkpt lon="-117.332711" lat="33.980044"><ele>315.934724</ele><time>2024-12-02T18:04:39Z</time><extensions><speed>0.298856</speed><course>81.462333</course><hAcc>2.162195</hAcc><vAcc>0.876359</vAcc></extensions></trkpt>
      <trkpt lon="-117.332708" lat="33.980045"><ele>315.866091</ele><time>2024-12-02T18:04:40Z</time><extensions><speed>0.293848</speed><course>88.608973</course><hAcc>2.172103</hAcc><vAcc>0.886580</vAcc></extensions></trkpt>
      <trkpt lon="-117.332705" lat="33.980045"><ele>315.814394</ele><time>2024-12-02T18:04:41Z</time><extensions><speed>0.226332</speed><course>90.589483</course><hAcc>2.181468</hAcc><vAcc>0.897824</vAcc></extensions></trkpt>
      <trkpt lon="-117.332703" lat="33.980045"><ele>315.773092</ele><time>2024-12-02T18:04:42Z</time><extensions><speed>0.119213</speed><course>85.240117</course><hAcc>2.189529</hAcc><vAcc>0.908291</vAcc></extensions></trkpt>
      <trkpt lon="-117.332703" lat="33.980045"><ele>315.739502</ele><time>2024-12-02T18:04:43Z</time><extensions><speed>0.061479</speed><course>63.843959</course><hAcc>2.187661</hAcc><vAcc>0.920288</vAcc></extensions></trkpt>
      <trkpt lon="-117.332702" lat="33.980045"><ele>315.724066</ele><time>2024-12-02T18:04:44Z</time><extensions><speed>0.046589</speed><course>26.602287</course><hAcc>2.179571</hAcc><vAcc>0.931998</vAcc></extensions></trkpt>
      <trkpt lon="-117.332703" lat="33.980046"><ele>315.714802</ele><time>2024-12-02T18:04:45Z</time><extensions><speed>0.059821</speed><course>328.697551</course><hAcc>2.171989</hAcc><vAcc>0.943634</vAcc></extensions></trkpt>
      <trkpt lon="-117.332703" lat="33.980046"><ele>315.720330</ele><time>2024-12-02T18:04:46Z</time><extensions><speed>0.092513</speed><course>309.168428</course><hAcc>2.164724</hAcc><vAcc>0.953133</vAcc></extensions></trkpt>
      <trkpt lon="-117.332705" lat="33.980047"><ele>315.737593</ele><time>2024-12-02T18:04:47Z</time><extensions><speed>0.127973</speed><course>300.710004</course><hAcc>2.157546</hAcc><vAcc>0.961343</vAcc></extensions></trkpt>
      <trkpt lon="-117.332706" lat="33.980047"><ele>315.742831</ele><time>2024-12-02T18:04:48Z</time><extensions><speed>0.169101</speed><course>295.516721</course><hAcc>2.150857</hAcc><vAcc>0.969795</vAcc></extensions></trkpt>
      <trkpt lon="-117.332708" lat="33.980048"><ele>315.756044</ele><time>2024-12-02T18:04:49Z</time><extensions><speed>0.215518</speed><course>291.463958</course><hAcc>2.144684</hAcc><vAcc>0.976553</vAcc></extensions></trkpt>
      <trkpt lon="-117.332711" lat="33.980049"><ele>315.787705</ele><time>2024-12-02T18:04:50Z</time><extensions><speed>0.263681</speed><course>287.062387</course><hAcc>2.137626</hAcc><vAcc>0.982014</vAcc></extensions></trkpt>
      <trkpt lon="-117.332714" lat="33.980049"><ele>315.832973</ele><time>2024-12-02T18:04:51Z</time><extensions><speed>0.299931</speed><course>281.380691</course><hAcc>2.129209</hAcc><vAcc>0.986841</vAcc></extensions></trkpt>
      <trkpt lon="-117.332718" lat="33.980049"><ele>315.879071</ele><time>2024-12-02T18:04:52Z</time><extensions><speed>0.324181</speed><course>273.207559</course><hAcc>2.128117</hAcc><vAcc>0.989907</vAcc></extensions></trkpt>
      <trkpt lon="-117.332721" lat="33.980049"><ele>315.934993</ele><time>2024-12-02T18:04:53Z</time><extensions><speed>0.319749</speed><course>264.591535</course><hAcc>2.135052</hAcc><vAcc>0.992136</vAcc></extensions></trkpt>
      <trkpt lon="-117.332724" lat="33.980049"><ele>315.975227</ele><time>2024-12-02T18:04:54Z</time><extensions><speed>0.299278</speed><course>253.831969</course><hAcc>2.144231</hAcc><vAcc>0.991996</vAcc></extensions></trkpt>
      <trkpt lon="-117.332727" lat="33.980048"><ele>316.013285</ele><time>2024-12-02T18:04:55Z</time><extensions><speed>0.282514</speed><course>238.100586</course><hAcc>2.145973</hAcc><vAcc>0.989891</vAcc></extensions></trkpt>
      <trkpt lon="-117.332729" lat="33.980046"><ele>316.047341</ele><time>2024-12-02T18:04:56Z</time><extensions><speed>0.274880</speed><course>217.181685</course><hAcc>2.146648</hAcc><vAcc>0.984588</vAcc></extensions></trkpt>
      <trkpt lon="-117.332730" lat="33.980044"><ele>316.078934</ele><time>2024-12-02T18:04:57Z</time><extensions><speed>0.282404</speed><course>191.449181</course><hAcc>2.149906</hAcc><vAcc>0.978161</vAcc></extensions></trkpt>
      <trkpt lon="-117.332730" lat="33.980042"><ele>316.092603</ele><time>2024-12-02T18:04:58Z</time><extensions><speed>0.325464</speed><course>166.899304</course><hAcc>2.156992</hAcc><vAcc>0.971776</vAcc></extensions></trkpt>
      <trkpt lon="-117.332729" lat="33.980039"><ele>316.115646</ele><time>2024-12-02T18:04:59Z</time><extensions><speed>0.302531</speed><course>162.977694</course><hAcc>2.158052</hAcc><vAcc>0.964153</vAcc></extensions></trkpt>
      <trkpt lon="-117.332728" lat="33.980037"><ele>316.135816</ele><time>2024-12-02T18:05:00Z</time><extensions><speed>0.218670</speed><course>161.307688</course><hAcc>2.153320</hAcc><vAcc>0.955138</vAcc></extensions></trkpt>
      <trkpt lon="-117.332727" lat="33.980036"><ele>316.155513</ele><time>2024-12-02T18:05:01Z</time><extensions><speed>0.120348</speed><course>126.577545</course><hAcc>2.146584</hAcc><vAcc>0.945867</vAcc></extensions></trkpt>
      <trkpt lon="-117.332725" lat="33.980035"><ele>316.176403</ele><time>2024-12-02T18:05:02Z</time><extensions><speed>0.238061</speed><course>85.642035</course><hAcc>2.139283</hAcc><vAcc>0.935985</vAcc></extensions></trkpt>
      <trkpt lon="-117.332722" lat="33.980036"><ele>316.192528</ele><time>2024-12-02T18:05:03Z</time><extensions><speed>0.473556</speed><course>82.515912</course><hAcc>2.138173</hAcc><vAcc>0.925988</vAcc></extensions></trkpt>
      <trkpt lon="-117.332716" lat="33.980037"><ele>316.198754</ele><time>2024-12-02T18:05:04Z</time><extensions><speed>0.566320</speed><course>77.488813</course><hAcc>2.144931</hAcc><vAcc>0.915722</vAcc></extensions></trkpt>
      <trkpt lon="-117.332710" lat="33.980038"><ele>316.201580</ele><time>2024-12-02T18:05:05Z</time><extensions><speed>0.587246</speed><course>74.436100</course><hAcc>2.148321</hAcc><vAcc>0.905701</vAcc></extensions></trkpt>
      <trkpt lon="-117.332704" lat="33.980039"><ele>316.190095</ele><time>2024-12-02T18:05:06Z</time><extensions><speed>0.590550</speed><course>71.459821</course><hAcc>2.142508</hAcc><vAcc>0.896720</vAcc></extensions></trkpt>
      <trkpt lon="-117.332698" lat="33.980041"><ele>316.168802</ele><time>2024-12-02T18:05:07Z</time><extensions><speed>0.533514</speed><course>69.823061</course><hAcc>2.152734</hAcc><vAcc>0.889361</vAcc></extensions></trkpt>
      <trkpt lon="-117.332693" lat="33.980043"><ele>316.150149</ele><time>2024-12-02T18:05:08Z</time><extensions><speed>0.576947</speed><course>73.236050</course><hAcc>2.170779</hAcc><vAcc>0.883905</vAcc></extensions></trkpt>
      <trkpt lon="-117.332687" lat="33.980044"><ele>316.128149</ele><time>2024-12-02T18:05:09Z</time><extensions><speed>0.481888</speed><course>71.852195</course><hAcc>2.197704</hAcc><vAcc>0.879316</vAcc></extensions></trkpt>
      <trkpt lon="-117.332683" lat="33.980045"><ele>316.103550</ele><time>2024-12-02T18:05:10Z</time><extensions><speed>0.315526</speed><course>71.148600</course><hAcc>2.202997</hAcc><vAcc>0.875519</vAcc></extensions></trkpt>
      <trkpt lon="-117.332681" lat="33.980046"><ele>316.069386</ele><time>2024-12-02T18:05:11Z</time><extensions><speed>0.231418</speed><course>72.324069</course><hAcc>2.204931</hAcc><vAcc>0.872845</vAcc></extensions></trkpt>
      <trkpt lon="-117.332679" lat="33.980047"><ele>316.048958</ele><time>2024-12-02T18:05:12Z</time><extensions><speed>0.187660</speed><course>73.805504</course><hAcc>2.212255</hAcc><vAcc>0.872078</vAcc></extensions></trkpt>
      <trkpt lon="-117.332677" lat="33.980047"><ele>316.023865</ele><time>2024-12-02T18:05:13Z</time><extensions><speed>0.207170</speed><course>78.954079</course><hAcc>2.221240</hAcc><vAcc>0.872545</vAcc></extensions></trkpt>
      <trkpt lon="-117.332675" lat="33.980048"><ele>316.005509</ele><time>2024-12-02T18:05:14Z</time><extensions><speed>0.089857</speed><course>73.479389</course><hAcc>2.220996</hAcc><vAcc>0.873959</vAcc></extensions></trkpt>
      <trkpt lon="-117.332675" lat="33.980048"><ele>315.992152</ele><time>2024-12-02T18:05:15Z</time><extensions><speed>0.053874</speed><course>325.964500</course><hAcc>2.216539</hAcc><vAcc>0.875918</vAcc></extensions></trkpt>
      <trkpt lon="-117.332675" lat="33.980049"><ele>315.974724</ele><time>2024-12-02T18:05:16Z</time><extensions><speed>0.098511</speed><course>310.287636</course><hAcc>2.211341</hAcc><vAcc>0.878531</vAcc></extensions></trkpt>
      <trkpt lon="-117.332676" lat="33.980050"><ele>315.957352</ele><time>2024-12-02T18:05:17Z</time><extensions><speed>0.098212</speed><course>323.533192</course><hAcc>2.203802</hAcc><vAcc>0.881030</vAcc></extensions></trkpt>
      <trkpt lon="-117.332676" lat="33.980051"><ele>315.934556</ele><time>2024-12-02T18:05:18Z</time><extensions><speed>0.103835</speed><course>6.466387</course><hAcc>2.187537</hAcc><vAcc>0.883237</vAcc></extensions></trkpt>
      <trkpt lon="-117.332676" lat="33.980052"><ele>315.905450</ele><time>2024-12-02T18:05:19Z</time><extensions><speed>0.164722</speed><course>21.920264</course><hAcc>2.165962</hAcc><vAcc>0.885181</vAcc></extensions></trkpt>
      <trkpt lon="-117.332675" lat="33.980054"><ele>315.876124</ele><time>2024-12-02T18:05:20Z</time><extensions><speed>0.243030</speed><course>26.018492</course><hAcc>2.141471</hAcc><vAcc>0.886516</vAcc></extensions></trkpt>
      <trkpt lon="-117.332673" lat="33.980056"><ele>315.857715</ele><time>2024-12-02T18:05:21Z</time><extensions><speed>0.336328</speed><course>30.563337</course><hAcc>2.119762</hAcc><vAcc>0.887798</vAcc></extensions></trkpt>
      <trkpt lon="-117.332671" lat="33.980059"><ele>315.844885</ele><time>2024-12-02T18:05:22Z</time><extensions><speed>0.437153</speed><course>38.614866</course><hAcc>2.110345</hAcc><vAcc>0.888632</vAcc></extensions></trkpt>
      <trkpt lon="-117.332668" lat="33.980062"><ele>315.835387</ele><time>2024-12-02T18:05:23Z</time><extensions><speed>0.457658</speed><course>38.649367</course><hAcc>2.119794</hAcc><vAcc>0.888399</vAcc></extensions></trkpt>
      <trkpt lon="-117.332665" lat="33.980066"><ele>315.832480</ele><time>2024-12-02T18:05:24Z</time><extensions><speed>0.471042</speed><course>29.040485</course><hAcc>2.110809</hAcc><vAcc>0.887750</vAcc></extensions></trkpt>
      <trkpt lon="-117.332663" lat="33.980069"><ele>315.820222</ele><time>2024-12-02T18:05:25Z</time><extensions><speed>0.464904</speed><course>25.003181</course><hAcc>2.112408</hAcc><vAcc>0.886006</vAcc></extensions></trkpt>
      <trkpt lon="-117.332661" lat="33.980073"><ele>315.814330</ele><time>2024-12-02T18:05:26Z</time><extensions><speed>0.468502</speed><course>27.569301</course><hAcc>2.120959</hAcc><vAcc>0.882572</vAcc></extensions></trkpt>
      <trkpt lon="-117.332659" lat="33.980077"><ele>315.799973</ele><time>2024-12-02T18:05:27Z</time><extensions><speed>0.439429</speed><course>28.610193</course><hAcc>2.132320</hAcc><vAcc>0.878294</vAcc></extensions></trkpt>
      <trkpt lon="-117.332656" lat="33.980080"><ele>315.786050</ele><time>2024-12-02T18:05:28Z</time><extensions><speed>0.412202</speed><course>31.542069</course><hAcc>2.138949</hAcc><vAcc>0.873670</vAcc></extensions></trkpt>
      <trkpt lon="-117.332654" lat="33.980083"><ele>315.786320</ele><time>2024-12-02T18:05:29Z</time><extensions><speed>0.377278</speed><course>34.542293</course><hAcc>2.138683</hAcc><vAcc>0.868864</vAcc></extensions></trkpt>
      <trkpt lon="-117.332652" lat="33.980086"><ele>315.788024</ele><time>2024-12-02T18:05:30Z</time><extensions><speed>0.304692</speed><course>31.720426</course><hAcc>2.135386</hAcc><vAcc>0.863517</vAcc></extensions></trkpt>
      <trkpt lon="-117.332651" lat="33.980088"><ele>315.802289</ele><time>2024-12-02T18:05:31Z</time><extensions><speed>0.216785</speed><course>18.805762</course><hAcc>2.133951</hAcc><vAcc>0.858119</vAcc></extensions></trkpt>
      <trkpt lon="-117.332651" lat="33.980090"><ele>315.813076</ele><time>2024-12-02T18:05:32Z</time><extensions><speed>0.161037</speed><course>348.360686</course><hAcc>2.134556</hAcc><vAcc>0.852880</vAcc></extensions></trkpt>
      <trkpt lon="-117.332652" lat="33.980091"><ele>315.810278</ele><time>2024-12-02T18:05:33Z</time><extensions><speed>0.153922</speed><course>330.597237</course><hAcc>2.135131</hAcc><vAcc>0.847777</vAcc></extensions></trkpt>
      <trkpt lon="-117.332653" lat="33.980092"><ele>315.806695</ele><time>2024-12-02T18:05:34Z</time><extensions><speed>0.209767</speed><course>307.288007</course><hAcc>2.145336</hAcc><vAcc>0.843144</vAcc></extensions></trkpt>
      <trkpt lon="-117.332655" lat="33.980093"><ele>315.801330</ele><time>2024-12-02T18:05:35Z</time><extensions><speed>0.257347</speed><course>305.444312</course><hAcc>2.148571</hAcc><vAcc>0.840006</vAcc></extensions></trkpt>
      <trkpt lon="-117.332658" lat="33.980094"><ele>315.787582</ele><time>2024-12-02T18:05:36Z</time><extensions><speed>0.298500</speed><course>304.884515</course><hAcc>2.151732</hAcc><vAcc>0.838495</vAcc></extensions></trkpt>
      <trkpt lon="-117.332660" lat="33.980096"><ele>315.782684</ele><time>2024-12-02T18:05:37Z</time><extensions><speed>0.306592</speed><course>310.024769</course><hAcc>2.153685</hAcc><vAcc>0.838689</vAcc></extensions></trkpt>
      <trkpt lon="-117.332663" lat="33.980098"><ele>315.783898</ele><time>2024-12-02T18:05:38Z</time><extensions><speed>0.307785</speed><course>314.548995</course><hAcc>2.159153</hAcc><vAcc>0.840042</vAcc></extensions></trkpt>
      <trkpt lon="-117.332665" lat="33.980099"><ele>315.766831</ele><time>2024-12-02T18:05:39Z</time><extensions><speed>0.305988</speed><course>296.650027</course><hAcc>2.171198</hAcc><vAcc>0.842115</vAcc></extensions></trkpt>
      <trkpt lon="-117.332668" lat="33.980100"><ele>315.744343</ele><time>2024-12-02T18:05:40Z</time><extensions><speed>0.270381</speed><course>283.730983</course><hAcc>2.168326</hAcc><vAcc>0.845837</vAcc></extensions></trkpt>
      <trkpt lon="-117.332671" lat="33.980100"><ele>315.712081</ele><time>2024-12-02T18:05:41Z</time><extensions><speed>0.195459</speed><course>258.643767</course><hAcc>2.166704</hAcc><vAcc>0.851138</vAcc></extensions></trkpt>
      <trkpt lon="-117.332672" lat="33.980099"><ele>315.670343</ele><time>2024-12-02T18:05:42Z</time><extensions><speed>0.152690</speed><course>218.737272</course><hAcc>2.162976</hAcc><vAcc>0.857483</vAcc></extensions></trkpt>
      <trkpt lon="-117.332673" lat="33.980098"><ele>315.628008</ele><time>2024-12-02T18:05:43Z</time><extensions><speed>0.143005</speed><course>177.802712</course><hAcc>2.155218</hAcc><vAcc>0.864600</vAcc></extensions></trkpt>
      <trkpt lon="-117.332672" lat="33.980097"><ele>315.581297</ele><time>2024-12-02T18:05:44Z</time><extensions><speed>0.185958</speed><course>156.483032</course><hAcc>2.154407</hAcc><vAcc>0.871606</vAcc></extensions></trkpt>
      <trkpt lon="-117.332671" lat="33.980096"><ele>315.551178</ele><time>2024-12-02T18:05:45Z</time><extensions><speed>0.200697</speed><course>138.961587</course><hAcc>2.152779</hAcc><vAcc>0.877405</vAcc></extensions></trkpt>
      <trkpt lon="-117.332669" lat="33.980094"><ele>315.527781</ele><time>2024-12-02T18:05:46Z</time><extensions><speed>0.215186</speed><course>130.486918</course><hAcc>2.155197</hAcc><vAcc>0.882596</vAcc></extensions></trkpt>
      <trkpt lon="-117.332667" lat="33.980093"><ele>315.512385</ele><time>2024-12-02T18:05:47Z</time><extensions><speed>0.197232</speed><course>116.976248</course><hAcc>2.153453</hAcc><vAcc>0.886588</vAcc></extensions></trkpt>
      <trkpt lon="-117.332666" lat="33.980093"><ele>315.505884</ele><time>2024-12-02T18:05:48Z</time><extensions><speed>0.172243</speed><course>84.793298</course><hAcc>2.144704</hAcc><vAcc>0.887908</vAcc></extensions></trkpt>
      <trkpt lon="-117.332664" lat="33.980094"><ele>315.512229</ele><time>2024-12-02T18:05:49Z</time><extensions><speed>0.221196</speed><course>40.588867</course><hAcc>2.135232</hAcc><vAcc>0.887701</vAcc></extensions></trkpt>
      <trkpt lon="-117.332663" lat="33.980096"><ele>315.509380</ele><time>2024-12-02T18:05:50Z</time><extensions><speed>0.306379</speed><course>19.611298</course><hAcc>2.115780</hAcc><vAcc>0.885718</vAcc></extensions></trkpt>
      <trkpt lon="-117.332662" lat="33.980099"><ele>315.520499</ele><time>2024-12-02T18:05:51Z</time><extensions><speed>0.316932</speed><course>17.786407</course><hAcc>2.090129</hAcc><vAcc>0.882211</vAcc></extensions></trkpt>
      <trkpt lon="-117.332661" lat="33.980101"><ele>315.534904</ele><time>2024-12-02T18:05:52Z</time><extensions><speed>0.310003</speed><course>21.954169</course><hAcc>2.073927</hAcc><vAcc>0.876995</vAcc></extensions></trkpt>
      <trkpt lon="-117.332659" lat="33.980104"><ele>315.557621</ele><time>2024-12-02T18:05:53Z</time><extensions><speed>0.290959</speed><course>32.736332</course><hAcc>2.069388</hAcc><vAcc>0.870016</vAcc></extensions></trkpt>
      <trkpt lon="-117.332657" lat="33.980106"><ele>315.584737</ele><time>2024-12-02T18:05:54Z</time><extensions><speed>0.345792</speed><course>50.025089</course><hAcc>2.058265</hAcc><vAcc>0.861379</vAcc></extensions></trkpt>
      <trkpt lon="-117.332654" lat="33.980107"><ele>315.618673</ele><time>2024-12-02T18:05:55Z</time><extensions><speed>0.312389</speed><course>65.874603</course><hAcc>2.053986</hAcc><vAcc>0.851352</vAcc></extensions></trkpt>
      <trkpt lon="-117.332652" lat="33.980108"><ele>315.658250</ele><time>2024-12-02T18:05:56Z</time><extensions><speed>0.199505</speed><course>85.004317</course><hAcc>2.045484</hAcc><vAcc>0.840335</vAcc></extensions></trkpt>
      <trkpt lon="-117.332650" lat="33.980108"><ele>315.701225</ele><time>2024-12-02T18:05:57Z</time><extensions><speed>0.076429</speed><course>101.268397</course><hAcc>2.020863</hAcc><vAcc>0.828803</vAcc></extensions></trkpt>
      <trkpt lon="-117.332650" lat="33.980108"><ele>315.755565</ele><time>2024-12-02T18:05:58Z</time><extensions><speed>0.034069</speed><course>206.837937</course><hAcc>2.007724</hAcc><vAcc>0.817276</vAcc></extensions></trkpt>
      <trkpt lon="-117.332651" lat="33.980108"><ele>315.816059</ele><time>2024-12-02T18:05:59Z</time><extensions><speed>0.110989</speed><course>257.042627</course><hAcc>2.012267</hAcc><vAcc>0.806271</vAcc></extensions></trkpt>
      <trkpt lon="-117.332653" lat="33.980108"><ele>315.871727</ele><time>2024-12-02T18:06:00Z</time><extensions><speed>0.213324</speed><course>270.958966</course><hAcc>2.023602</hAcc><vAcc>0.796216</vAcc></extensions></trkpt>
      <trkpt lon="-117.332655" lat="33.980108"><ele>315.938841</ele><time>2024-12-02T18:06:01Z</time><extensions><speed>0.277925</speed><course>276.446030</course><hAcc>2.021890</hAcc><vAcc>0.787394</vAcc></extensions></trkpt>
      <trkpt lon="-117.332659" lat="33.980108"><ele>315.994855</ele><time>2024-12-02T18:06:02Z</time><extensions><speed>0.295584</speed><course>278.925805</course><hAcc>2.000671</hAcc><vAcc>0.779938</vAcc></extensions></trkpt>
      <trkpt lon="-117.332662" lat="33.980109"><ele>316.048867</ele><time>2024-12-02T18:06:03Z</time><extensions><speed>0.277190</speed><course>283.762215</course><hAcc>1.977332</hAcc><vAcc>0.773847</vAcc></extensions></trkpt>
      <trkpt lon="-117.332664" lat="33.980109"><ele>316.119726</ele><time>2024-12-02T18:06:04Z</time><extensions><speed>0.273286</speed><course>291.095718</course><hAcc>1.965993</hAcc><vAcc>0.769030</vAcc></extensions></trkpt>
      <trkpt lon="-117.332667" lat="33.980110"><ele>316.178580</ele><time>2024-12-02T18:06:05Z</time><extensions><speed>0.254975</speed><course>296.419778</course><hAcc>1.977310</hAcc><vAcc>0.765335</vAcc></extensions></trkpt>
      <trkpt lon="-117.332669" lat="33.980111"><ele>316.235641</ele><time>2024-12-02T18:06:06Z</time><extensions><speed>0.191908</speed><course>299.535047</course><hAcc>1.993096</hAcc><vAcc>0.762586</vAcc></extensions></trkpt>
      <trkpt lon="-117.332671" lat="33.980112"><ele>316.286566</ele><time>2024-12-02T18:06:07Z</time><extensions><speed>0.181757</speed><course>300.416448</course><hAcc>1.962486</hAcc><vAcc>0.760603</vAcc></extensions></trkpt>
      <trkpt lon="-117.332672" lat="33.980113"><ele>316.325229</ele><time>2024-12-02T18:06:08Z</time><extensions><speed>0.122084</speed><course>304.948898</course><hAcc>1.936780</hAcc><vAcc>0.759219</vAcc></extensions></trkpt>
      <trkpt lon="-117.332673" lat="33.980113"><ele>316.359159</ele><time>2024-12-02T18:06:09Z</time><extensions><speed>0.056027</speed><course>315.993731</course><hAcc>1.928211</hAcc><vAcc>0.758286</vAcc></extensions></trkpt>
      <trkpt lon="-117.332673" lat="33.980113"><ele>316.382603</ele><time>2024-12-02T18:06:10Z</time><extensions><speed>0.072766</speed><course>95.978779</course><hAcc>1.907713</hAcc><vAcc>0.757681</vAcc></extensions></trkpt>
      <trkpt lon="-117.332672" lat="33.980113"><ele>316.400052</ele><time>2024-12-02T18:06:11Z</time><extensions><speed>0.181854</speed><course>109.062311</course><hAcc>1.900517</hAcc><vAcc>0.757307</vAcc></extensions></trkpt>
      <trkpt lon="-117.332670" lat="33.980113"><ele>316.407571</ele><time>2024-12-02T18:06:12Z</time><extensions><speed>0.211337</speed><course>114.019814</course><hAcc>1.902258</hAcc><vAcc>0.757088</vAcc></extensions></trkpt>
      <trkpt lon="-117.332667" lat="33.980112"><ele>316.404127</ele><time>2024-12-02T18:06:13Z</time><extensions><speed>0.229105</speed><course>106.089566</course><hAcc>1.904692</hAcc><vAcc>0.756969</vAcc></extensions></trkpt>
      <trkpt lon="-117.332665" lat="33.980112"><ele>316.394509</ele><time>2024-12-02T18:06:14Z</time><extensions><speed>0.216431</speed><course>94.921947</course><hAcc>1.907334</hAcc><vAcc>0.756910</vAcc></extensions></trkpt>
      <trkpt lon="-117.332663" lat="33.980112"><ele>316.387864</ele><time>2024-12-02T18:06:15Z</time><extensions><speed>0.207420</speed><course>88.800366</course><hAcc>1.900098</hAcc><vAcc>0.756885</vAcc></extensions></trkpt>
      <trkpt lon="-117.332661" lat="33.980112"><ele>316.379761</ele><time>2024-12-02T18:06:16Z</time><extensions><speed>0.192438</speed><course>80.973094</course><hAcc>1.893469</hAcc><vAcc>0.756876</vAcc></extensions></trkpt>
      <trkpt lon="-117.332659" lat="33.980112"><ele>316.362304</ele><time>2024-12-02T18:06:17Z</time><extensions><speed>0.164311</speed><course>64.877732</course><hAcc>1.903280</hAcc><vAcc>0.756873</vAcc></extensions></trkpt>
      <trkpt lon="-117.332658" lat="33.980113"><ele>316.334282</ele><time>2024-12-02T18:06:18Z</time><extensions><speed>0.133670</speed><course>40.250489</course><hAcc>1.919276</hAcc><vAcc>0.756870</vAcc></extensions></trkpt>
      <trkpt lon="-117.332657" lat="33.980114"><ele>316.303822</ele><time>2024-12-02T18:06:19Z</time><extensions><speed>0.158333</speed><course>17.936056</course><hAcc>1.920006</hAcc><vAcc>0.756866</vAcc></extensions></trkpt>
      <trkpt lon="-117.332657" lat="33.980116"><ele>316.260512</ele><time>2024-12-02T18:06:21Z</time><extensions><speed>0.229044</speed><course>7.300141</course><hAcc>1.904016</hAcc><vAcc>0.756859</vAcc></extensions></trkpt>
      <trkpt lon="-117.332657" lat="33.980118"><ele>316.219680</ele><time>2024-12-02T18:06:22Z</time><extensions><speed>0.277260</speed><course>353.303614</course><hAcc>1.895636</hAcc><vAcc>0.756850</vAcc></extensions></trkpt>
      <trkpt lon="-117.332658" lat="33.980121"><ele>316.177669</ele><time>2024-12-02T18:06:23Z</time><extensions><speed>0.311192</speed><course>334.020483</course><hAcc>1.898892</hAcc><vAcc>0.756839</vAcc></extensions></trkpt>
      <trkpt lon="-117.332659" lat="33.980123"><ele>316.132441</ele><time>2024-12-02T18:06:24Z</time><extensions><speed>0.334698</speed><course>319.806127</course><hAcc>1.905593</hAcc><vAcc>0.756827</vAcc></extensions></trkpt>
      <trkpt lon="-117.332662" lat="33.980125"><ele>316.083585</ele><time>2024-12-02T18:06:25Z</time><extensions><speed>0.333075</speed><course>314.627112</course><hAcc>1.902961</hAcc><vAcc>0.756815</vAcc></extensions></trkpt>
      <trkpt lon="-117.332664" lat="33.980127"><ele>316.034287</ele><time>2024-12-02T18:06:26Z</time><extensions><speed>0.270372</speed><course>310.145880</course><hAcc>1.908193</hAcc><vAcc>0.756804</vAcc></extensions></trkpt>
      <trkpt lon="-117.332666" lat="33.980129"><ele>315.989197</ele><time>2024-12-02T18:06:27Z</time><extensions><speed>0.214209</speed><course>320.465189</course><hAcc>1.896630</hAcc><vAcc>0.756794</vAcc></extensions></trkpt>
      <trkpt lon="-117.332667" lat="33.980130"><ele>315.954064</ele><time>2024-12-02T18:06:28Z</time><extensions><speed>0.180906</speed><course>340.484528</course><hAcc>1.886402</hAcc><vAcc>0.756785</vAcc></extensions></trkpt>
      <trkpt lon="-117.332668" lat="33.980132"><ele>315.930399</ele><time>2024-12-02T18:06:29Z</time><extensions><speed>0.187138</speed><course>2.089257</course><hAcc>1.878848</hAcc><vAcc>0.756778</vAcc></extensions></trkpt>
      <trkpt lon="-117.332667" lat="33.980133"><ele>315.905097</ele><time>2024-12-02T18:06:30Z</time><extensions><speed>0.215890</speed><course>24.386011</course><hAcc>1.876908</hAcc><vAcc>0.756772</vAcc></extensions></trkpt>
      <trkpt lon="-117.332666" lat="33.980135"><ele>315.884754</ele><time>2024-12-02T18:06:31Z</time><extensions><speed>0.211359</speed><course>39.733193</course><hAcc>1.883505</hAcc><vAcc>0.756767</vAcc></extensions></trkpt>
      <trkpt lon="-117.332664" lat="33.980136"><ele>315.869776</ele><time>2024-12-02T18:06:32Z</time><extensions><speed>0.230541</speed><course>57.430735</course><hAcc>1.891412</hAcc><vAcc>0.756763</vAcc></extensions></trkpt>
      <trkpt lon="-117.332662" lat="33.980137"><ele>315.858232</ele><time>2024-12-02T18:06:33Z</time><extensions><speed>0.169813</speed><course>82.871028</course><hAcc>1.915922</hAcc><vAcc>0.756760</vAcc></extensions></trkpt>
      <trkpt lon="-117.332661" lat="33.980137"><ele>315.854855</ele><time>2024-12-02T18:06:34Z</time><extensions><speed>0.072181</speed><course>156.501300</course><hAcc>1.917123</hAcc><vAcc>0.756757</vAcc></extensions></trkpt>
      <trkpt lon="-117.332661" lat="33.980136"><ele>315.857781</ele><time>2024-12-02T18:06:35Z</time><extensions><speed>0.138484</speed><course>192.829628</course><hAcc>1.908969</hAcc><vAcc>0.756755</vAcc></extensions></trkpt>
      <trkpt lon="-117.332662" lat="33.980134"><ele>315.854941</ele><time>2024-12-02T18:06:36Z</time><extensions><speed>0.182598</speed><course>195.302725</course><hAcc>1.907180</hAcc><vAcc>0.756754</vAcc></extensions></trkpt>
      <trkpt lon="-117.332662" lat="33.980132"><ele>315.860365</ele><time>2024-12-02T18:06:37Z</time><extensions><speed>0.211325</speed><course>197.815315</course><hAcc>1.909120</hAcc><vAcc>0.756753</vAcc></extensions></trkpt>
      <trkpt lon="-117.332663" lat="33.980131"><ele>315.871602</ele><time>2024-12-02T18:06:38Z</time><extensions><speed>0.223538</speed><course>194.241119</course><hAcc>1.906521</hAcc><vAcc>0.756752</vAcc></extensions></trkpt>
      <trkpt lon="-117.332663" lat="33.980129"><ele>315.859617</ele><time>2024-12-02T18:06:39Z</time><extensions><speed>0.227847</speed><course>177.249035</course><hAcc>1.893758</hAcc><vAcc>0.756751</vAcc></extensions></trkpt>
      <trkpt lon="-117.332663" lat="33.980126"><ele>315.887166</ele><time>2024-12-02T18:06:40Z</time><extensions><speed>0.241832</speed><course>172.072139</course><hAcc>1.881951</hAcc><vAcc>0.756750</vAcc></extensions></trkpt>
      <trkpt lon="-117.332663" lat="33.980124"><ele>315.907148</ele><time>2024-12-02T18:06:41Z</time><extensions><speed>0.259341</speed><course>175.216267</course><hAcc>1.874802</hAcc><vAcc>0.756750</vAcc></extensions></trkpt>
      <trkpt lon="-117.332663" lat="33.980122"><ele>315.920686</ele><time>2024-12-02T18:06:42Z</time><extensions><speed>0.275717</speed><course>169.839123</course><hAcc>1.870361</hAcc><vAcc>0.761848</vAcc></extensions></trkpt>
      <trkpt lon="-117.332662" lat="33.980119"><ele>315.933972</ele><time>2024-12-02T18:06:43Z</time><extensions><speed>0.258797</speed><course>172.062075</course><hAcc>1.874597</hAcc><vAcc>0.770617</vAcc></extensions></trkpt>
      <trkpt lon="-117.332662" lat="33.980117"><ele>315.947078</ele><time>2024-12-02T18:06:44Z</time><extensions><speed>0.230466</speed><course>172.493817</course><hAcc>1.890813</hAcc><vAcc>0.785228</vAcc></extensions></trkpt>
      <trkpt lon="-117.332661" lat="33.980115"><ele>315.960212</ele><time>2024-12-02T18:06:45Z</time><extensions><speed>0.233379</speed><course>164.735219</course><hAcc>1.894354</hAcc><vAcc>0.808555</vAcc></extensions></trkpt>
      <trkpt lon="-117.332660" lat="33.980113"><ele>315.973733</ele><time>2024-12-02T18:06:46Z</time><extensions><speed>0.203414</speed><course>158.732767</course><hAcc>1.913764</hAcc><vAcc>0.844094</vAcc></extensions></trkpt>
      <trkpt lon="-117.332660" lat="33.980112"><ele>315.988040</ele><time>2024-12-02T18:06:47Z</time><extensions><speed>0.113716</speed><course>189.512173</course><hAcc>1.963951</hAcc><vAcc>0.895690</vAcc></extensions></trkpt>
      <trkpt lon="-117.332661" lat="33.980111"><ele>316.003367</ele><time>2024-12-02T18:06:48Z</time><extensions><speed>0.114912</speed><course>229.069913</course><hAcc>2.038935</hAcc><vAcc>0.967097</vAcc></extensions></trkpt>
      <trkpt lon="-117.332662" lat="33.980111"><ele>316.019802</ele><time>2024-12-02T18:06:49Z</time><extensions><speed>0.116345</speed><course>243.773138</course><hAcc>2.173744</hAcc><vAcc>1.061482</vAcc></extensions></trkpt>
      <trkpt lon="-117.332663" lat="33.980110"><ele>316.037133</ele><time>2024-12-02T18:06:50Z</time><extensions><speed>0.170590</speed><course>253.365605</course><hAcc>2.408594</hAcc><vAcc>1.181055</vAcc></extensions></trkpt>
      <trkpt lon="-117.332665" lat="33.980110"><ele>316.054803</ele><time>2024-12-02T18:06:51Z</time><extensions><speed>0.224277</speed><course>252.193549</course><hAcc>2.823835</hAcc><vAcc>1.326903</vAcc></extensions></trkpt>
    </trkseg>
  </trk>
</gpx>