<?xml version="1.0" encoding="UTF-8"?>
<gpx version="1.1" creator="Apple Health Export" xmlns="http://www.topografix.com/GPX/1/1" xmlns:xsi="http://www.w3.org/2001/XMLSchema-instance" xsi:schemaLocation="http://www.topografix.com/GPX/1/1 http://www.topografix.com/GPX/1/1/gpx.xsd">
  <metadata>
    <time>2026-01-11T07:57:33Z</time>
  </metadata>
  <trk>
    <name>Route 2024-08-27 8:30pm</name>
    <trkseg>
      <trkpt lon="-117.165994" lat="32.898420"><ele>94.246682</ele><time>2024-08-28T02:27:13Z</time><extensions><speed>0.078358</speed><course>109.316137</course><hAcc>5.142943</hAcc><vAcc>2.640623</vAcc></extensions></trkpt>
      <trkpt lon="-117.165994" lat="32.898418"><ele>94.269812</ele><time>2024-08-28T02:27:14Z</time><extensions><speed>0.093756</speed><course>113.166528</course><hAcc>4.482568</hAcc><vAcc>2.316512</vAcc></extensions></trkpt>
      <trkpt lon="-117.165992" lat="32.898415"><ele>94.291924</ele><time>2024-08-28T02:27:15Z</time><extensions><speed>0.129180</speed><course>116.439497</course><hAcc>4.014903</hAcc><vAcc>2.032875</vAcc></extensions></trkpt>
      <trkpt lon="-117.165989" lat="32.898412"><ele>94.304521</ele><time>2024-08-28T02:27:16Z</time><extensions><speed>0.235025</speed><course>117.511011</course><hAcc>3.608545</hAcc><vAcc>1.785523</vAcc></extensions></trkpt>
      <trkpt lon="-117.165985" lat="32.898409"><ele>94.311498</ele><time>2024-08-28T02:27:17Z</time><extensions><speed>0.457215</speed><course>116.602691</course><hAcc>3.221038</hAcc><vAcc>1.571434</vAcc></extensions></trkpt>
      <trkpt lon="-117.165978" lat="32.898406"><ele>94.308034</ele><time>2024-08-28T02:27:18Z</time><extensions><speed>0.779504</speed><course>113.687517</course><hAcc>2.901696</hAcc><vAcc>1.388222</vAcc></extensions></trkpt>
      <trkpt lon="-117.165967" lat="32.898401"><ele>94.317639</ele><time>2024-08-28T02:27:19Z</time><extensions><speed>1.334222</speed><course>109.150626</course><hAcc>2.716978</hAcc><vAcc>1.233949</vAcc></extensions></trkpt>
      <trkpt lon="-117.165953" lat="32.898395"><ele>94.328613</ele><time>2024-08-28T02:27:20Z</time><extensions><speed>1.391693</speed><course>115.365880</course><hAcc>2.572583</hAcc><vAcc>1.106871</vAcc></extensions></trkpt>
      <trkpt lon="-117.165944" lat="32.898390"><ele>94.334835</ele><time>2024-08-28T02:27:21Z</time><extensions><speed>1.276620</speed><course>115.574705</course><hAcc>2.453385</hAcc><vAcc>1.035731</vAcc></extensions></trkpt>
      <trkpt lon="-117.165932" lat="32.898384"><ele>94.340488</ele><time>2024-08-28T02:27:22Z</time><extensions><speed>1.163471</speed><course>118.200022</course><hAcc>2.335043</hAcc><vAcc>0.952116</vAcc></extensions></trkpt>
      <trkpt lon="-117.165920" lat="32.898376"><ele>94.342536</ele><time>2024-08-28T02:27:23Z</time><extensions><speed>1.397563</speed><course>125.943762</course><hAcc>2.218631</hAcc><vAcc>0.889371</vAcc></extensions></trkpt>
      <trkpt lon="-117.165908" lat="32.898367"><ele>94.340390</ele><time>2024-08-28T02:27:24Z</time><extensions><speed>1.416396</speed><course>130.631453</course><hAcc>2.108481</hAcc><vAcc>0.844137</vAcc></extensions></trkpt>
      <trkpt lon="-117.165896" lat="32.898358"><ele>94.330052</ele><time>2024-08-28T02:27:25Z</time><extensions><speed>1.395421</speed><course>131.335300</course><hAcc>2.010341</hAcc><vAcc>0.812876</vAcc></extensions></trkpt>
      <trkpt lon="-117.165885" lat="32.898350"><ele>94.312950</ele><time>2024-08-28T02:27:26Z</time><extensions><speed>1.197564</speed><course>122.359940</course><hAcc>1.927665</hAcc><vAcc>0.792199</vAcc></extensions></trkpt>
      <trkpt lon="-117.165875" lat="32.898344"><ele>94.290848</ele><time>2024-08-28T02:27:27Z</time><extensions><speed>1.202046</speed><course>119.909246</course><hAcc>1.852708</hAcc><vAcc>0.779136</vAcc></extensions></trkpt>
      <trkpt lon="-117.165862" lat="32.898338"><ele>94.263430</ele><time>2024-08-28T02:27:28Z</time><extensions><speed>1.438586</speed><course>115.807436</course><hAcc>1.779452</hAcc><vAcc>0.771271</vAcc></extensions></trkpt>
      <trkpt lon="-117.165850" lat="32.898332"><ele>94.231557</ele><time>2024-08-28T02:27:29Z</time><extensions><speed>1.205218</speed><course>128.328973</course><hAcc>1.726656</hAcc><vAcc>0.766767</vAcc></extensions></trkpt>
      <trkpt lon="-117.165840" lat="32.898324"><ele>94.195119</ele><time>2024-08-28T02:27:30Z</time><extensions><speed>1.296192</speed><course>136.436811</course><hAcc>1.675361</hAcc><vAcc>0.764310</vAcc></extensions></trkpt>
      <trkpt lon="-117.165831" lat="32.898315"><ele>94.154950</ele><time>2024-08-28T02:27:31Z</time><extensions><speed>1.325226</speed><course>142.690852</course><hAcc>1.632211</hAcc><vAcc>0.763010</vAcc></extensions></trkpt>
      <trkpt lon="-117.165822" lat="32.898305"><ele>94.110703</ele><time>2024-08-28T02:27:32Z</time><extensions><speed>1.512234</speed><course>141.716467</course><hAcc>1.587189</hAcc><vAcc>0.762299</vAcc></extensions></trkpt>
      <trkpt lon="-117.165811" lat="32.898294"><ele>94.062284</ele><time>2024-08-28T02:27:33Z</time><extensions><speed>1.612132</speed><course>137.144774</course><hAcc>1.550671</hAcc><vAcc>0.761839</vAcc></extensions></trkpt>
      <trkpt lon="-117.165800" lat="32.898284"><ele>94.009689</ele><time>2024-08-28T02:27:34Z</time><extensions><speed>1.505885</speed><course>136.330203</course><hAcc>1.526649</hAcc><vAcc>0.761447</vAcc></extensions></trkpt>
      <trkpt lon="-117.165789" lat="32.898274"><ele>93.949240</ele><time>2024-08-28T02:27:35Z</time><extensions><speed>1.397567</speed><course>135.135614</course><hAcc>1.509210</hAcc><vAcc>0.761039</vAcc></extensions></trkpt>
      <trkpt lon="-117.165778" lat="32.898265"><ele>93.885462</ele><time>2024-08-28T02:27:36Z</time><extensions><speed>1.376505</speed><course>134.424920</course><hAcc>1.494010</hAcc><vAcc>0.760592</vAcc></extensions></trkpt>
      <trkpt lon="-117.165767" lat="32.898257"><ele>93.830383</ele><time>2024-08-28T02:27:37Z</time><extensions><speed>1.320869</speed><course>133.161117</course><hAcc>1.484346</hAcc><vAcc>0.760113</vAcc></extensions></trkpt>
      <trkpt lon="-117.165756" lat="32.898249"><ele>93.776667</ele><time>2024-08-28T02:27:38Z</time><extensions><speed>1.342204</speed><course>131.880767</course><hAcc>1.474508</hAcc><vAcc>0.759622</vAcc></extensions></trkpt>
      <trkpt lon="-117.165745" lat="32.898241"><ele>93.721617</ele><time>2024-08-28T02:27:39Z</time><extensions><speed>1.352700</speed><course>131.252695</course><hAcc>1.463444</hAcc><vAcc>0.759142</vAcc></extensions></trkpt>
      <trkpt lon="-117.165734" lat="32.898233"><ele>93.665533</ele><time>2024-08-28T02:27:40Z</time><extensions><speed>1.355393</speed><course>132.353616</course><hAcc>1.472523</hAcc><vAcc>0.761103</vAcc></extensions></trkpt>
      <trkpt lon="-117.165723" lat="32.898225"><ele>93.612292</ele><time>2024-08-28T02:27:41Z</time><extensions><speed>1.351545</speed><course>132.178741</course><hAcc>1.491955</hAcc><vAcc>0.764014</vAcc></extensions></trkpt>
      <trkpt lon="-117.165712" lat="32.898217"><ele>93.555550</ele><time>2024-08-28T02:27:42Z</time><extensions><speed>1.331784</speed><course>131.479737</course><hAcc>1.514191</hAcc><vAcc>0.768727</vAcc></extensions></trkpt>
      <trkpt lon="-117.165701" lat="32.898209"><ele>93.501415</ele><time>2024-08-28T02:27:43Z</time><extensions><speed>1.349259</speed><course>129.132466</course><hAcc>1.535563</hAcc><vAcc>0.774924</vAcc></extensions></trkpt>
      <trkpt lon="-117.165690" lat="32.898202"><ele>93.455492</ele><time>2024-08-28T02:27:44Z</time><extensions><speed>1.351384</speed><course>130.065292</course><hAcc>1.566671</hAcc><vAcc>0.782080</vAcc></extensions></trkpt>
      <trkpt lon="-117.165680" lat="32.898193"><ele>93.404393</ele><time>2024-08-28T02:27:45Z</time><extensions><speed>1.357228</speed><course>134.478570</course><hAcc>1.609594</hAcc><vAcc>0.790526</vAcc></extensions></trkpt>
      <trkpt lon="-117.165669" lat="32.898185"><ele>93.358321</ele><time>2024-08-28T02:27:46Z</time><extensions><speed>1.358690</speed><course>134.472429</course><hAcc>1.609590</hAcc><vAcc>0.799845</vAcc></extensions></trkpt>
      <trkpt lon="-117.165658" lat="32.898177"><ele>93.305116</ele><time>2024-08-28T02:27:47Z</time><extensions><speed>1.378434</speed><course>128.545061</course><hAcc>1.541438</hAcc><vAcc>0.810210</vAcc></extensions></trkpt>
      <trkpt lon="-117.165647" lat="32.898169"><ele>93.256651</ele><time>2024-08-28T02:27:48Z</time><extensions><speed>1.338638</speed><course>127.890191</course><hAcc>1.527500</hAcc><vAcc>0.821542</vAcc></extensions></trkpt>
      <trkpt lon="-117.165636" lat="32.898161"><ele>93.203768</ele><time>2024-08-28T02:27:49Z</time><extensions><speed>1.282156</speed><course>130.564744</course><hAcc>1.563370</hAcc><vAcc>0.833111</vAcc></extensions></trkpt>
      <trkpt lon="-117.165626" lat="32.898154"><ele>93.147188</ele><time>2024-08-28T02:27:50Z</time><extensions><speed>1.253355</speed><course>133.544056</course><hAcc>1.615513</hAcc><vAcc>0.845497</vAcc></extensions></trkpt>
      <trkpt lon="-117.165617" lat="32.898145"><ele>93.086509</ele><time>2024-08-28T02:27:51Z</time><extensions><speed>1.289959</speed><course>136.926567</course><hAcc>1.637448</hAcc><vAcc>0.857964</vAcc></extensions></trkpt>
      <trkpt lon="-117.165608" lat="32.898136"><ele>93.023034</ele><time>2024-08-28T02:27:52Z</time><extensions><speed>1.318795</speed><course>141.118760</course><hAcc>1.648344</hAcc><vAcc>0.868063</vAcc></extensions></trkpt>
      <trkpt lon="-117.165599" lat="32.898127"><ele>92.946693</ele><time>2024-08-28T02:27:53Z</time><extensions><speed>1.342785</speed><course>143.433940</course><hAcc>1.657861</hAcc><vAcc>0.876658</vAcc></extensions></trkpt>
      <trkpt lon="-117.165591" lat="32.898117"><ele>92.857332</ele><time>2024-08-28T02:27:54Z</time><extensions><speed>1.311617</speed><course>144.754010</course><hAcc>1.664957</hAcc><vAcc>0.883942</vAcc></extensions></trkpt>
      <trkpt lon="-117.165583" lat="32.898107"><ele>92.773296</ele><time>2024-08-28T02:27:55Z</time><extensions><speed>1.321547</speed><course>148.523588</course><hAcc>1.671415</hAcc><vAcc>0.889828</vAcc></extensions></trkpt>
      <trkpt lon="-117.165576" lat="32.898096"><ele>92.685451</ele><time>2024-08-28T02:27:56Z</time><extensions><speed>1.372283</speed><course>154.079174</course><hAcc>1.673369</hAcc><vAcc>0.895974</vAcc></extensions></trkpt>
      <trkpt lon="-117.165570" lat="32.898085"><ele>92.585776</ele><time>2024-08-28T02:27:57Z</time><extensions><speed>1.463539</speed><course>156.986180</course><hAcc>1.672713</hAcc><vAcc>0.901434</vAcc></extensions></trkpt>
      <trkpt lon="-117.165564" lat="32.898073"><ele>92.472791</ele><time>2024-08-28T02:27:58Z</time><extensions><speed>1.471008</speed><course>156.733970</course><hAcc>1.667777</hAcc><vAcc>0.906612</vAcc></extensions></trkpt>
      <trkpt lon="-117.165557" lat="32.898061"><ele>92.352034</ele><time>2024-08-28T02:27:59Z</time><extensions><speed>1.478038</speed><course>156.553925</course><hAcc>1.659768</hAcc><vAcc>0.912121</vAcc></extensions></trkpt>
      <trkpt lon="-117.165551" lat="32.898048"><ele>92.254023</ele><time>2024-08-28T02:28:00Z</time><extensions><speed>1.537270</speed><course>156.741187</course><hAcc>1.657370</hAcc><vAcc>0.918332</vAcc></extensions></trkpt>
      <trkpt lon="-117.165545" lat="32.898035"><ele>92.171274</ele><time>2024-08-28T02:28:01Z</time><extensions><speed>1.472361</speed><course>158.394864</course><hAcc>1.665871</hAcc><vAcc>0.924210</vAcc></extensions></trkpt>
      <trkpt lon="-117.165539" lat="32.898023"><ele>92.083598</ele><time>2024-08-28T02:28:02Z</time><extensions><speed>1.446827</speed><course>158.437509</course><hAcc>1.643743</hAcc><vAcc>0.931023</vAcc></extensions></trkpt>
      <trkpt lon="-117.165533" lat="32.898011"><ele>91.993597</ele><time>2024-08-28T02:28:03Z</time><extensions><speed>1.445815</speed><course>157.005692</course><hAcc>1.632443</hAcc><vAcc>0.936683</vAcc></extensions></trkpt>
      <trkpt lon="-117.165527" lat="32.897999"><ele>91.916773</ele><time>2024-08-28T02:28:04Z</time><extensions><speed>1.420935</speed><course>155.394503</course><hAcc>1.634644</hAcc><vAcc>0.942074</vAcc></extensions></trkpt>
      <trkpt lon="-117.165521" lat="32.897987"><ele>91.839539</ele><time>2024-08-28T02:28:05Z</time><extensions><speed>1.311024</speed><course>154.727234</course><hAcc>1.646592</hAcc><vAcc>0.948356</vAcc></extensions></trkpt>
      <trkpt lon="-117.165516" lat="32.897977"><ele>91.743773</ele><time>2024-08-28T02:28:06Z</time><extensions><speed>1.272800</speed><course>155.881866</course><hAcc>1.659429</hAcc><vAcc>0.951847</vAcc></extensions></trkpt>
      <trkpt lon="-117.165510" lat="32.897966"><ele>91.650511</ele><time>2024-08-28T02:28:07Z</time><extensions><speed>1.307576</speed><course>154.779052</course><hAcc>1.665853</hAcc><vAcc>0.954349</vAcc></extensions></trkpt>
      <trkpt lon="-117.165504" lat="32.897955"><ele>91.556659</ele><time>2024-08-28T02:28:08Z</time><extensions><speed>1.364698</speed><course>152.989775</course><hAcc>1.667985</hAcc><vAcc>0.957211</vAcc></extensions></trkpt>
      <trkpt lon="-117.165497" lat="32.897944"><ele>91.471351</ele><time>2024-08-28T02:28:09Z</time><extensions><speed>1.274175</speed><course>154.191152</course><hAcc>1.667864</hAcc><vAcc>0.958750</vAcc></extensions></trkpt>
      <trkpt lon="-117.165492" lat="32.897933"><ele>91.369272</ele><time>2024-08-28T02:28:10Z</time><extensions><speed>1.392475</speed><course>158.712258</course><hAcc>1.660708</hAcc><vAcc>0.958985</vAcc></extensions></trkpt>
      <trkpt lon="-117.165486" lat="32.897920"><ele>91.233385</ele><time>2024-08-28T02:28:11Z</time><extensions><speed>1.693611</speed><course>161.299843</course><hAcc>1.656090</hAcc><vAcc>0.957792</vAcc></extensions></trkpt>
      <trkpt lon="-117.165481" lat="32.897907"><ele>91.083276</ele><time>2024-08-28T02:28:12Z</time><extensions><speed>1.530827</speed><course>161.737437</course><hAcc>1.678029</hAcc><vAcc>0.956071</vAcc></extensions></trkpt>
      <trkpt lon="-117.165476" lat="32.897893"><ele>90.932183</ele><time>2024-08-28T02:28:13Z</time><extensions><speed>1.554700</speed><course>165.746273</course><hAcc>1.633428</hAcc><vAcc>0.953337</vAcc></extensions></trkpt>
      <trkpt lon="-117.165473" lat="32.897879"><ele>90.787451</ele><time>2024-08-28T02:28:14Z</time><extensions><speed>1.719644</speed><course>169.171652</course><hAcc>1.593862</hAcc><vAcc>0.948307</vAcc></extensions></trkpt>
      <trkpt lon="-117.165469" lat="32.897864"><ele>90.645108</ele><time>2024-08-28T02:28:15Z</time><extensions><speed>1.547944</speed><course>170.020008</course><hAcc>1.584168</hAcc><vAcc>0.943778</vAcc></extensions></trkpt>
      <trkpt lon="-117.165466" lat="32.897851"><ele>90.497069</ele><time>2024-08-28T02:28:16Z</time><extensions><speed>1.487710</speed><course>167.761972</course><hAcc>1.549396</hAcc><vAcc>0.937823</vAcc></extensions></trkpt>
      <trkpt lon="-117.165463" lat="32.897838"><ele>90.341787</ele><time>2024-08-28T02:28:17Z</time><extensions><speed>1.488968</speed><course>166.418757</course><hAcc>1.532067</hAcc><vAcc>0.933440</vAcc></extensions></trkpt>
      <trkpt lon="-117.165459" lat="32.897825"><ele>90.170120</ele><time>2024-08-28T02:28:18Z</time><extensions><speed>1.428767</speed><course>165.296785</course><hAcc>1.538056</hAcc><vAcc>0.929048</vAcc></extensions></trkpt>
      <trkpt lon="-117.165455" lat="32.897813"><ele>89.973412</ele><time>2024-08-28T02:28:19Z</time><extensions><speed>1.362275</speed><course>164.697605</course><hAcc>1.494299</hAcc><vAcc>0.924960</vAcc></extensions></trkpt>
      <trkpt lon="-117.165451" lat="32.897801"><ele>89.771789</ele><time>2024-08-28T02:28:20Z</time><extensions><speed>1.336863</speed><course>162.594339</course><hAcc>1.467740</hAcc><vAcc>0.921046</vAcc></extensions></trkpt>
      <trkpt lon="-117.165447" lat="32.897789"><ele>89.562918</ele><time>2024-08-28T02:28:21Z</time><extensions><speed>1.425131</speed><course>162.357751</course><hAcc>1.458142</hAcc><vAcc>0.916617</vAcc></extensions></trkpt>
      <trkpt lon="-117.165442" lat="32.897777"><ele>89.358556</ele><time>2024-08-28T02:28:22Z</time><extensions><speed>1.379063</speed><course>159.835757</course><hAcc>1.486149</hAcc><vAcc>0.912901</vAcc></extensions></trkpt>
      <trkpt lon="-117.165437" lat="32.897765"><ele>89.157567</ele><time>2024-08-28T02:28:23Z</time><extensions><speed>1.400094</speed><course>159.302357</course><hAcc>1.446239</hAcc><vAcc>0.910623</vAcc></extensions></trkpt>
      <trkpt lon="-117.165431" lat="32.897753"><ele>88.943024</ele><time>2024-08-28T02:28:24Z</time><extensions><speed>1.505396</speed><course>159.412086</course><hAcc>1.416423</hAcc><vAcc>0.907513</vAcc></extensions></trkpt>
      <trkpt lon="-117.165426" lat="32.897740"><ele>88.700224</ele><time>2024-08-28T02:28:25Z</time><extensions><speed>1.504910</speed><course>159.754661</course><hAcc>1.421690</hAcc><vAcc>0.902886</vAcc></extensions></trkpt>
      <trkpt lon="-117.165421" lat="32.897727"><ele>88.480338</ele><time>2024-08-28T02:28:26Z</time><extensions><speed>1.501103</speed><course>164.298474</course><hAcc>1.418873</hAcc><vAcc>0.898510</vAcc></extensions></trkpt>
      <trkpt lon="-117.165418" lat="32.897714"><ele>88.251046</ele><time>2024-08-28T02:28:27Z</time><extensions><speed>1.469448</speed><course>168.640381</course><hAcc>1.445074</hAcc><vAcc>0.894070</vAcc></extensions></trkpt>
      <trkpt lon="-117.165415" lat="32.897701"><ele>88.024730</ele><time>2024-08-28T02:28:28Z</time><extensions><speed>1.465165</speed><course>170.820890</course><hAcc>1.430143</hAcc><vAcc>0.889161</vAcc></extensions></trkpt>
      <trkpt lon="-117.165412" lat="32.897689"><ele>87.808333</ele><time>2024-08-28T02:28:29Z</time><extensions><speed>1.331686</speed><course>166.319107</course><hAcc>1.436537</hAcc><vAcc>0.883963</vAcc></extensions></trkpt>
      <trkpt lon="-117.165409" lat="32.897678"><ele>87.599526</ele><time>2024-08-28T02:28:30Z</time><extensions><speed>1.287715</speed><course>167.628780</course><hAcc>1.413335</hAcc><vAcc>0.878317</vAcc></extensions></trkpt>
      <trkpt lon="-117.165406" lat="32.897666"><ele>87.397901</ele><time>2024-08-28T02:28:31Z</time><extensions><speed>1.327689</speed><course>170.218856</course><hAcc>1.411680</hAcc><vAcc>0.872614</vAcc></extensions></trkpt>
      <trkpt lon="-117.165404" lat="32.897654"><ele>87.200159</ele><time>2024-08-28T02:28:32Z</time><extensions><speed>1.363402</speed><course>174.259690</course><hAcc>1.431812</hAcc><vAcc>0.867009</vAcc></extensions></trkpt>
      <trkpt lon="-117.165403" lat="32.897642"><ele>87.017127</ele><time>2024-08-28T02:28:33Z</time><extensions><speed>1.390756</speed><course>178.916822</course><hAcc>1.463262</hAcc><vAcc>0.861355</vAcc></extensions></trkpt>
      <trkpt lon="-117.165403" lat="32.897629"><ele>86.832688</ele><time>2024-08-28T02:28:34Z</time><extensions><speed>1.384948</speed><course>182.737741</course><hAcc>1.447857</hAcc><vAcc>0.856323</vAcc></extensions></trkpt>
      <trkpt lon="-117.165404" lat="32.897617"><ele>86.649960</ele><time>2024-08-28T02:28:35Z</time><extensions><speed>1.391114</speed><course>183.806780</course><hAcc>1.444216</hAcc><vAcc>0.852830</vAcc></extensions></trkpt>
      <trkpt lon="-117.165405" lat="32.897604"><ele>86.471819</ele><time>2024-08-28T02:28:36Z</time><extensions><speed>1.326279</speed><course>182.222343</course><hAcc>1.458764</hAcc><vAcc>0.850065</vAcc></extensions></trkpt>
      <trkpt lon="-117.165405" lat="32.897592"><ele>86.292598</ele><time>2024-08-28T02:28:37Z</time><extensions><speed>1.321300</speed><course>178.735249</course><hAcc>1.464734</hAcc><vAcc>0.849994</vAcc></extensions></trkpt>
      <trkpt lon="-117.165404" lat="32.897580"><ele>86.105122</ele><time>2024-08-28T02:28:38Z</time><extensions><speed>1.327047</speed><course>173.950605</course><hAcc>1.462881</hAcc><vAcc>0.851505</vAcc></extensions></trkpt>
      <trkpt lon="-117.165403" lat="32.897568"><ele>85.925353</ele><time>2024-08-28T02:28:39Z</time><extensions><speed>1.412477</speed><course>175.047713</course><hAcc>1.459777</hAcc><vAcc>0.854967</vAcc></extensions></trkpt>
      <trkpt lon="-117.165401" lat="32.897555"><ele>85.749773</ele><time>2024-08-28T02:28:40Z</time><extensions><speed>1.519571</speed><course>176.643046</course><hAcc>1.466043</hAcc><vAcc>0.859836</vAcc></extensions></trkpt>
      <trkpt lon="-117.165401" lat="32.897541"><ele>85.562514</ele><time>2024-08-28T02:28:41Z</time><extensions><speed>1.469952</speed><course>179.421402</course><hAcc>1.493536</hAcc><vAcc>0.865607</vAcc></extensions></trkpt>
      <trkpt lon="-117.165401" lat="32.897528"><ele>85.377282</ele><time>2024-08-28T02:28:42Z</time><extensions><speed>1.441649</speed><course>183.464916</course><hAcc>1.482967</hAcc><vAcc>0.872563</vAcc></extensions></trkpt>
      <trkpt lon="-117.165402" lat="32.897515"><ele>85.190124</ele><time>2024-08-28T02:28:43Z</time><extensions><speed>1.359425</speed><course>179.990284</course><hAcc>1.463524</hAcc><vAcc>0.879310</vAcc></extensions></trkpt>
      <trkpt lon="-117.165401" lat="32.897503"><ele>85.001739</ele><time>2024-08-28T02:28:44Z</time><extensions><speed>1.330878</speed><course>171.891122</course><hAcc>1.460351</hAcc><vAcc>0.888079</vAcc></extensions></trkpt>
      <trkpt lon="-117.165399" lat="32.897491"><ele>84.805462</ele><time>2024-08-28T02:28:45Z</time><extensions><speed>1.413527</speed><course>172.736786</course><hAcc>1.457366</hAcc><vAcc>0.897912</vAcc></extensions></trkpt>
      <trkpt lon="-117.165397" lat="32.897477"><ele>84.597982</ele><time>2024-08-28T02:28:46Z</time><extensions><speed>1.528644</speed><course>178.118640</course><hAcc>1.449474</hAcc><vAcc>0.908240</vAcc></extensions></trkpt>
      <trkpt lon="-117.165398" lat="32.897464"><ele>84.393272</ele><time>2024-08-28T02:28:47Z</time><extensions><speed>1.484163</speed><course>183.907080</course><hAcc>1.465359</hAcc><vAcc>0.918605</vAcc></extensions></trkpt>
      <trkpt lon="-117.165399" lat="32.897450"><ele>84.201398</ele><time>2024-08-28T02:28:48Z</time><extensions><speed>1.481727</speed><course>185.205930</course><hAcc>1.451201</hAcc><vAcc>0.929745</vAcc></extensions></trkpt>
      <trkpt lon="-117.165400" lat="32.897437"><ele>84.021762</ele><time>2024-08-28T02:28:49Z</time><extensions><speed>1.483267</speed><course>184.660298</course><hAcc>1.450104</hAcc><vAcc>0.940713</vAcc></extensions></trkpt>
      <trkpt lon="-117.165401" lat="32.897423"><ele>83.837095</ele><time>2024-08-28T02:28:50Z</time><extensions><speed>1.536284</speed><course>183.171935</course><hAcc>1.437717</hAcc><vAcc>0.951776</vAcc></extensions></trkpt>
      <trkpt lon="-117.165402" lat="32.897409"><ele>83.650662</ele><time>2024-08-28T02:28:51Z</time><extensions><speed>1.552947</speed><course>182.073534</course><hAcc>1.428558</hAcc><vAcc>0.962316</vAcc></extensions></trkpt>
      <trkpt lon="-117.165402" lat="32.897395"><ele>83.460710</ele><time>2024-08-28T02:28:52Z</time><extensions><speed>1.529062</speed><course>180.167096</course><hAcc>1.431554</hAcc><vAcc>0.973037</vAcc></extensions></trkpt>
      <trkpt lon="-117.165402" lat="32.897381"><ele>83.286449</ele><time>2024-08-28T02:28:53Z</time><extensions><speed>1.567463</speed><course>177.916877</course><hAcc>1.417111</hAcc><vAcc>0.983893</vAcc></extensions></trkpt>
      <trkpt lon="-117.165401" lat="32.897367"><ele>83.116231</ele><time>2024-08-28T02:28:54Z</time><extensions><speed>1.604730</speed><course>176.201467</course><hAcc>1.424301</hAcc><vAcc>0.992838</vAcc></extensions></trkpt>
      <trkpt lon="-117.165400" lat="32.897353"><ele>82.963460</ele><time>2024-08-28T02:28:55Z</time><extensions><speed>1.527390</speed><course>174.841879</course><hAcc>1.442724</hAcc><vAcc>1.000916</vAcc></extensions></trkpt>
      <trkpt lon="-117.165398" lat="32.897339"><ele>82.816481</ele><time>2024-08-28T02:28:56Z</time><extensions><speed>1.488658</speed><course>173.892831</course><hAcc>1.439357</hAcc><vAcc>1.007548</vAcc></extensions></trkpt>
      <trkpt lon="-117.165397" lat="32.897326"><ele>82.654498</ele><time>2024-08-28T02:28:57Z</time><extensions><speed>1.466191</speed><course>173.928918</course><hAcc>1.424872</hAcc><vAcc>1.012070</vAcc></extensions></trkpt>
      <trkpt lon="-117.165395" lat="32.897313"><ele>82.498063</ele><time>2024-08-28T02:28:58Z</time><extensions><speed>1.451472</speed><course>172.884766</course><hAcc>1.420614</hAcc><vAcc>1.014572</vAcc></extensions></trkpt>
      <trkpt lon="-117.165393" lat="32.897300"><ele>82.336060</ele><time>2024-08-28T02:28:59Z</time><extensions><speed>1.470084</speed><course>173.789994</course><hAcc>1.432423</hAcc><vAcc>1.014893</vAcc></extensions></trkpt>
      <trkpt lon="-117.165392" lat="32.897286"><ele>82.186989</ele><time>2024-08-28T02:29:00Z</time><extensions><speed>1.521081</speed><course>177.396032</course><hAcc>1.435569</hAcc><vAcc>1.015887</vAcc></extensions></trkpt>
      <trkpt lon="-117.165392" lat="32.897272"><ele>82.037218</ele><time>2024-08-28T02:29:01Z</time><extensions><speed>1.548919</speed><course>180.885614</course><hAcc>1.432137</hAcc><vAcc>1.014495</vAcc></extensions></trkpt>
      <trkpt lon="-117.165392" lat="32.897258"><ele>81.894367</ele><time>2024-08-28T02:29:02Z</time><extensions><speed>1.521375</speed><course>181.510419</course><hAcc>1.444206</hAcc><vAcc>1.011125</vAcc></extensions></trkpt>
      <trkpt lon="-117.165393" lat="32.897245"><ele>81.758963</ele><time>2024-08-28T02:29:03Z</time><extensions><speed>1.475867</speed><course>181.958853</course><hAcc>1.456783</hAcc><vAcc>1.007520</vAcc></extensions></trkpt>
      <trkpt lon="-117.165393" lat="32.897231"><ele>81.621875</ele><time>2024-08-28T02:29:04Z</time><extensions><speed>1.482482</speed><course>180.795945</course><hAcc>1.476988</hAcc><vAcc>1.001994</vAcc></extensions></trkpt>
      <trkpt lon="-117.165393" lat="32.897218"><ele>81.497184</ele><time>2024-08-28T02:29:05Z</time><extensions><speed>1.465188</speed><course>180.398124</course><hAcc>1.499283</hAcc><vAcc>0.997100</vAcc></extensions></trkpt>
      <trkpt lon="-117.165393" lat="32.897205"><ele>81.371363</ele><time>2024-08-28T02:29:06Z</time><extensions><speed>1.423041</speed><course>179.625563</course><hAcc>1.493868</hAcc><vAcc>0.990720</vAcc></extensions></trkpt>
      <trkpt lon="-117.165392" lat="32.897193"><ele>81.248328</ele><time>2024-08-28T02:29:07Z</time><extensions><speed>1.349927</speed><course>179.926080</course><hAcc>1.505728</hAcc><vAcc>0.982711</vAcc></extensions></trkpt>
      <trkpt lon="-117.165392" lat="32.897181"><ele>81.123884</ele><time>2024-08-28T02:29:08Z</time><extensions><speed>1.367906</speed><course>178.402532</course><hAcc>1.523616</hAcc><vAcc>0.975712</vAcc></extensions></trkpt>
      <trkpt lon="-117.165391" lat="32.897169"><ele>81.012275</ele><time>2024-08-28T02:29:09Z</time><extensions><speed>1.423865</speed><course>177.197014</course><hAcc>1.534629</hAcc><vAcc>0.969286</vAcc></extensions></trkpt>
      <trkpt lon="-117.165389" lat="32.897156"><ele>80.912368</ele><time>2024-08-28T02:29:10Z</time><extensions><speed>1.524037</speed><course>175.357039</course><hAcc>1.543309</hAcc><vAcc>0.964091</vAcc></extensions></trkpt>
      <trkpt lon="-117.165387" lat="32.897142"><ele>80.829001</ele><time>2024-08-28T02:29:11Z</time><extensions><speed>1.581724</speed><course>172.140113</course><hAcc>1.532890</hAcc><vAcc>0.959861</vAcc></extensions></trkpt>
      <trkpt lon="-117.165384" lat="32.897128"><ele>80.781740</ele><time>2024-08-28T02:29:12Z</time><extensions><speed>1.524970</speed><course>168.536035</course><hAcc>1.527829</hAcc><vAcc>0.955009</vAcc></extensions></trkpt>
      <trkpt lon="-117.165380" lat="32.897115"><ele>80.745892</ele><time>2024-08-28T02:29:13Z</time><extensions><speed>1.424190</speed><course>164.934716</course><hAcc>1.532568</hAcc><vAcc>0.952684</vAcc></extensions></trkpt>
      <trkpt lon="-117.165375" lat="32.897103"><ele>80.735438</ele><time>2024-08-28T02:29:14Z</time><extensions><speed>1.416751</speed><course>157.025611</course><hAcc>1.523163</hAcc><vAcc>0.952181</vAcc></extensions></trkpt>
      <trkpt lon="-117.165368" lat="32.897092"><ele>80.745963</ele><time>2024-08-28T02:29:15Z</time><extensions><speed>1.344800</speed><course>149.192421</course><hAcc>1.542870</hAcc><vAcc>0.953049</vAcc></extensions></trkpt>
      <trkpt lon="-117.165358" lat="32.897084"><ele>80.762009</ele><time>2024-08-28T02:29:16Z</time><extensions><speed>1.137152</speed><course>120.406381</course><hAcc>1.516716</hAcc><vAcc>0.954749</vAcc></extensions></trkpt>
      <trkpt lon="-117.165346" lat="32.897082"><ele>80.794133</ele><time>2024-08-28T02:29:17Z</time><extensions><speed>1.226764</speed><course>88.654848</course><hAcc>1.514076</hAcc><vAcc>0.956456</vAcc></extensions></trkpt>
      <trkpt lon="-117.165331" lat="32.897083"><ele>80.829225</ele><time>2024-08-28T02:29:18Z</time><extensions><speed>1.494838</speed><course>79.299365</course><hAcc>1.517548</hAcc><vAcc>0.960320</vAcc></extensions></trkpt>
      <trkpt lon="-117.165313" lat="32.897086"><ele>80.859621</ele><time>2024-08-28T02:29:19Z</time><extensions><speed>1.833857</speed><course>79.610969</course><hAcc>1.516631</hAcc><vAcc>0.964227</vAcc></extensions></trkpt>
      <trkpt lon="-117.165293" lat="32.897088"><ele>80.872313</ele><time>2024-08-28T02:29:20Z</time><extensions><speed>1.820301</speed><course>80.647555</course><hAcc>1.524133</hAcc><vAcc>0.967739</vAcc></extensions></trkpt>
      <trkpt lon="-117.165273" lat="32.897091"><ele>80.856202</ele><time>2024-08-28T02:29:21Z</time><extensions><speed>1.844406</speed><course>82.578811</course><hAcc>1.520487</hAcc><vAcc>0.968675</vAcc></extensions></trkpt>
      <trkpt lon="-117.165252" lat="32.897092"><ele>80.828305</ele><time>2024-08-28T02:29:22Z</time><extensions><speed>2.028865</speed><course>85.184043</course><hAcc>1.508213</hAcc><vAcc>0.967870</vAcc></extensions></trkpt>
      <trkpt lon="-117.165232" lat="32.897093"><ele>80.777623</ele><time>2024-08-28T02:29:23Z</time><extensions><speed>1.782798</speed><course>87.299490</course><hAcc>1.529919</hAcc><vAcc>0.967234</vAcc></extensions></trkpt>
      <trkpt lon="-117.165213" lat="32.897093"><ele>80.707468</ele><time>2024-08-28T02:29:24Z</time><extensions><speed>1.656142</speed><course>89.313128</course><hAcc>1.549286</hAcc><vAcc>0.965883</vAcc></extensions></trkpt>
      <trkpt lon="-117.165195" lat="32.897093"><ele>80.617087</ele><time>2024-08-28T02:29:25Z</time><extensions><speed>1.650386</speed><course>93.047177</course><hAcc>1.548618</hAcc><vAcc>0.962947</vAcc></extensions></trkpt>
      <trkpt lon="-117.165177" lat="32.897091"><ele>80.502959</ele><time>2024-08-28T02:29:26Z</time><extensions><speed>1.794900</speed><course>98.094991</course><hAcc>1.531315</hAcc><vAcc>0.959472</vAcc></extensions></trkpt>
      <trkpt lon="-117.165157" lat="32.897088"><ele>80.362669</ele><time>2024-08-28T02:29:27Z</time><extensions><speed>1.913394</speed><course>104.041850</course><hAcc>1.530881</hAcc><vAcc>0.954959</vAcc></extensions></trkpt>
      <trkpt lon="-117.165138" lat="32.897083"><ele>80.198192</ele><time>2024-08-28T02:29:28Z</time><extensions><speed>1.841595</speed><course>111.156898</course><hAcc>1.560392</hAcc><vAcc>0.948212</vAcc></extensions></trkpt>
      <trkpt lon="-117.165120" lat="32.897076"><ele>80.024444</ele><time>2024-08-28T02:29:29Z</time><extensions><speed>1.758285</speed><course>120.112419</course><hAcc>1.583237</hAcc><vAcc>0.941325</vAcc></extensions></trkpt>
      <trkpt lon="-117.165105" lat="32.897068"><ele>79.834326</ele><time>2024-08-28T02:29:30Z</time><extensions><speed>1.696975</speed><course>127.944226</course><hAcc>1.597027</hAcc><vAcc>0.933607</vAcc></extensions></trkpt>
      <trkpt lon="-117.165090" lat="32.897057"><ele>79.629204</ele><time>2024-08-28T02:29:31Z</time><extensions><speed>1.751908</speed><course>133.450874</course><hAcc>1.602174</hAcc><vAcc>0.926425</vAcc></extensions></trkpt>
      <trkpt lon="-117.165077" lat="32.897046"><ele>79.427897</ele><time>2024-08-28T02:29:32Z</time><extensions><speed>1.697115</speed><course>137.959204</course><hAcc>1.616072</hAcc><vAcc>0.919895</vAcc></extensions></trkpt>
      <trkpt lon="-117.165065" lat="32.897035"><ele>79.245103</ele><time>2024-08-28T02:29:33Z</time><extensions><speed>1.617101</speed><course>139.118611</course><hAcc>1.634570</hAcc><vAcc>0.914267</vAcc></extensions></trkpt>
      <trkpt lon="-117.165054" lat="32.897024"><ele>79.074214</ele><time>2024-08-28T02:29:34Z</time><extensions><speed>1.548925</speed><course>139.333250</course><hAcc>1.651207</hAcc><vAcc>0.910709</vAcc></extensions></trkpt>
      <trkpt lon="-117.165043" lat="32.897014"><ele>78.924068</ele><time>2024-08-28T02:29:35Z</time><extensions><speed>1.565768</speed><course>140.803593</course><hAcc>1.665274</hAcc><vAcc>0.908068</vAcc></extensions></trkpt>
      <trkpt lon="-117.165033" lat="32.897003"><ele>78.801978</ele><time>2024-08-28T02:29:36Z</time><extensions><speed>1.536467</speed><course>140.501423</course><hAcc>1.684610</hAcc><vAcc>0.907306</vAcc></extensions></trkpt>
      <trkpt lon="-117.165021" lat="32.896993"><ele>78.694876</ele><time>2024-08-28T02:29:37Z</time><extensions><speed>1.505621</speed><course>132.057616</course><hAcc>1.696889</hAcc><vAcc>0.907510</vAcc></extensions></trkpt>
      <trkpt lon="-117.165008" lat="32.896985"><ele>78.603217</ele><time>2024-08-28T02:29:38Z</time><extensions><speed>1.546133</speed><course>118.849996</course><hAcc>1.689336</hAcc><vAcc>0.910805</vAcc></extensions></trkpt>
      <trkpt lon="-117.164993" lat="32.896979"><ele>78.556343</ele><time>2024-08-28T02:29:39Z</time><extensions><speed>1.543000</speed><course>110.745887</course><hAcc>1.685770</hAcc><vAcc>0.915853</vAcc></extensions></trkpt>
      <trkpt lon="-117.164977" lat="32.896975"><ele>78.533982</ele><time>2024-08-28T02:29:40Z</time><extensions><speed>1.476588</speed><course>106.195245</course><hAcc>1.687022</hAcc><vAcc>0.923571</vAcc></extensions></trkpt>
      <trkpt lon="-117.164963" lat="32.896971"><ele>78.537000</ele><time>2024-08-28T02:29:41Z</time><extensions><speed>1.273881</speed><course>104.257865</course><hAcc>1.690090</hAcc><vAcc>0.930665</vAcc></extensions></trkpt>
      <trkpt lon="-117.164949" lat="32.896968"><ele>78.555650</ele><time>2024-08-28T02:29:42Z</time><extensions><speed>1.426172</speed><course>102.490035</course><hAcc>1.675937</hAcc><vAcc>0.939876</vAcc></extensions></trkpt>
      <trkpt lon="-117.164933" lat="32.896966"><ele>78.583221</ele><time>2024-08-28T02:29:43Z</time><extensions><speed>1.560896</speed><course>100.812023</course><hAcc>1.673068</hAcc><vAcc>0.948296</vAcc></extensions></trkpt>
      <trkpt lon="-117.164918" lat="32.896963"><ele>78.627400</ele><time>2024-08-28T02:29:44Z</time><extensions><speed>1.496695</speed><course>99.337967</course><hAcc>1.681929</hAcc><vAcc>0.954910</vAcc></extensions></trkpt>
      <trkpt lon="-117.164902" lat="32.896961"><ele>78.674872</ele><time>2024-08-28T02:29:45Z</time><extensions><speed>1.484468</speed><course>96.399751</course><hAcc>1.660431</hAcc><vAcc>0.960655</vAcc></extensions></trkpt>
      <trkpt lon="-117.164886" lat="32.896960"><ele>78.705448</ele><time>2024-08-28T02:29:46Z</time><extensions><speed>1.464331</speed><course>94.064523</course><hAcc>1.643456</hAcc><vAcc>0.966823</vAcc></extensions></trkpt>
      <trkpt lon="-117.164871" lat="32.896960"><ele>78.729696</ele><time>2024-08-28T02:29:47Z</time><extensions><speed>1.527915</speed><course>93.541636</course><hAcc>1.649594</hAcc><vAcc>0.971188</vAcc></extensions></trkpt>
      <trkpt lon="-117.164855" lat="32.896959"><ele>78.745653</ele><time>2024-08-28T02:29:48Z</time><extensions><speed>1.464989</speed><course>92.033144</course><hAcc>1.665565</hAcc><vAcc>0.973939</vAcc></extensions></trkpt>
      <trkpt lon="-117.164839" lat="32.896959"><ele>78.752321</ele><time>2024-08-28T02:29:49Z</time><extensions><speed>1.529679</speed><course>91.546115</course><hAcc>1.648089</hAcc><vAcc>0.977557</vAcc></extensions></trkpt>
      <trkpt lon="-117.164823" lat="32.896958"><ele>78.758952</ele><time>2024-08-28T02:29:50Z</time><extensions><speed>1.433741</speed><course>93.337189</course><hAcc>1.654037</hAcc><vAcc>0.980529</vAcc></extensions></trkpt>
      <trkpt lon="-117.164807" lat="32.896957"><ele>78.781151</ele><time>2024-08-28T02:29:51Z</time><extensions><speed>1.417026</speed><course>96.825528</course><hAcc>1.646833</hAcc><vAcc>0.982575</vAcc></extensions></trkpt>
      <trkpt lon="-117.164793" lat="32.896956"><ele>78.795249</ele><time>2024-08-28T02:29:52Z</time><extensions><speed>1.296623</speed><course>95.691275</course><hAcc>1.663027</hAcc><vAcc>0.983578</vAcc></extensions></trkpt>
      <trkpt lon="-117.164780" lat="32.896955"><ele>78.809613</ele><time>2024-08-28T02:29:53Z</time><extensions><speed>1.171596</speed><course>89.016630</course><hAcc>1.650646</hAcc><vAcc>0.983612</vAcc></extensions></trkpt>
      <trkpt lon="-117.164768" lat="32.896956"><ele>78.829953</ele><time>2024-08-28T02:29:54Z</time><extensions><speed>1.090456</speed><course>83.609021</course><hAcc>1.651667</hAcc><vAcc>0.983813</vAcc></extensions></trkpt>
      <trkpt lon="-117.164756" lat="32.896958"><ele>78.847347</ele><time>2024-08-28T02:29:55Z</time><extensions><speed>1.148494</speed><course>78.693154</course><hAcc>1.662660</hAcc><vAcc>0.985440</vAcc></extensions></trkpt>
      <trkpt lon="-117.164743" lat="32.896960"><ele>78.883331</ele><time>2024-08-28T02:29:56Z</time><extensions><speed>1.240835</speed><course>77.142430</course><hAcc>1.674301</hAcc><vAcc>0.987244</vAcc></extensions></trkpt>
      <trkpt lon="-117.164730" lat="32.896963"><ele>78.928850</ele><time>2024-08-28T02:29:57Z</time><extensions><speed>1.358975</speed><course>78.513866</course><hAcc>1.671022</hAcc><vAcc>0.989136</vAcc></extensions></trkpt>
      <trkpt lon="-117.164715" lat="32.896965"><ele>78.974593</ele><time>2024-08-28T02:29:58Z</time><extensions><speed>1.419904</speed><course>82.281701</course><hAcc>1.671908</hAcc><vAcc>0.990487</vAcc></extensions></trkpt>
      <trkpt lon="-117.164699" lat="32.896966"><ele>79.041340</ele><time>2024-08-28T02:29:59Z</time><extensions><speed>1.448343</speed><course>84.787191</course><hAcc>1.678342</hAcc><vAcc>0.993949</vAcc></extensions></trkpt>
      <trkpt lon="-117.164684" lat="32.896968"><ele>79.155229</ele><time>2024-08-28T02:30:00Z</time><extensions><speed>1.432319</speed><course>86.101439</course><hAcc>1.667181</hAcc><vAcc>0.996690</vAcc></extensions></trkpt>
      <trkpt lon="-117.164669" lat="32.896969"><ele>79.292519</ele><time>2024-08-28T02:30:01Z</time><extensions><speed>1.342842</speed><course>86.770448</course><hAcc>1.656123</hAcc><vAcc>0.997874</vAcc></extensions></trkpt>
      <trkpt lon="-117.164654" lat="32.896970"><ele>79.447445</ele><time>2024-08-28T02:30:02Z</time><extensions><speed>1.364088</speed><course>86.573663</course><hAcc>1.659664</hAcc><vAcc>0.999525</vAcc></extensions></trkpt>
      <trkpt lon="-117.164638" lat="32.896971"><ele>79.623773</ele><time>2024-08-28T02:30:03Z</time><extensions><speed>1.452543</speed><course>85.118739</course><hAcc>1.641263</hAcc><vAcc>1.000220</vAcc></extensions></trkpt>
      <trkpt lon="-117.164622" lat="32.896972"><ele>79.825873</ele><time>2024-08-28T02:30:04Z</time><extensions><speed>1.536215</speed><course>84.545790</course><hAcc>1.642566</hAcc><vAcc>0.999975</vAcc></extensions></trkpt>
      <trkpt lon="-117.164606" lat="32.896973"><ele>80.035078</ele><time>2024-08-28T02:30:05Z</time><extensions><speed>1.477171</speed><course>83.291765</course><hAcc>1.659844</hAcc><vAcc>1.001231</vAcc></extensions></trkpt>
      <trkpt lon="-117.164589" lat="32.896975"><ele>80.265492</ele><time>2024-08-28T02:30:06Z</time><extensions><speed>1.499576</speed><course>81.883906</course><hAcc>1.641574</hAcc><vAcc>1.002235</vAcc></extensions></trkpt>
      <trkpt lon="-117.164573" lat="32.896977"><ele>80.529847</ele><time>2024-08-28T02:30:07Z</time><extensions><speed>1.516855</speed><course>81.551490</course><hAcc>1.623314</hAcc><vAcc>1.001616</vAcc></extensions></trkpt>
      <trkpt lon="-117.164556" lat="32.896979"><ele>80.841240</ele><time>2024-08-28T02:30:08Z</time><extensions><speed>1.626653</speed><course>82.983571</course><hAcc>1.626308</hAcc><vAcc>0.998091</vAcc></extensions></trkpt>
      <trkpt lon="-117.164539" lat="32.896981"><ele>81.147169</ele><time>2024-08-28T02:30:09Z</time><extensions><speed>1.536851</speed><course>82.902732</course><hAcc>1.646264</hAcc><vAcc>0.993593</vAcc></extensions></trkpt>
      <trkpt lon="-117.164522" lat="32.896983"><ele>81.478543</ele><time>2024-08-28T02:30:10Z</time><extensions><speed>1.661471</speed><course>82.373280</course><hAcc>1.605440</hAcc><vAcc>0.990048</vAcc></extensions></trkpt>
      <trkpt lon="-117.164504" lat="32.896984"><ele>81.822829</ele><time>2024-08-28T02:30:11Z</time><extensions><speed>1.726193</speed><course>85.127111</course><hAcc>1.592814</hAcc><vAcc>0.986696</vAcc></extensions></trkpt>
      <trkpt lon="-117.164486" lat="32.896985"><ele>82.178381</ele><time>2024-08-28T02:30:12Z</time><extensions><speed>1.666782</speed><course>88.521112</course><hAcc>1.605971</hAcc><vAcc>0.983012</vAcc></extensions></trkpt>
      <trkpt lon="-117.164468" lat="32.896986"><ele>82.564131</ele><time>2024-08-28T02:30:13Z</time><extensions><speed>1.553706</speed><course>87.036357</course><hAcc>1.609870</hAcc><vAcc>0.977159</vAcc></extensions></trkpt>
      <trkpt lon="-117.164451" lat="32.896987"><ele>82.952115</ele><time>2024-08-28T02:30:14Z</time><extensions><speed>1.679563</speed><course>83.861002</course><hAcc>1.572079</hAcc><vAcc>0.972150</vAcc></extensions></trkpt>
      <trkpt lon="-117.164434" lat="32.896988"><ele>83.354845</ele><time>2024-08-28T02:30:15Z</time><extensions><speed>1.579430</speed><course>85.335383</course><hAcc>1.571053</hAcc><vAcc>0.965002</vAcc></extensions></trkpt>
      <trkpt lon="-117.164417" lat="32.896989"><ele>83.795064</ele><time>2024-08-28T02:30:16Z</time><extensions><speed>1.497537</speed><course>85.833584</course><hAcc>1.579834</hAcc><vAcc>0.958109</vAcc></extensions></trkpt>
      <trkpt lon="-117.164401" lat="32.896990"><ele>84.230713</ele><time>2024-08-28T02:30:17Z</time><extensions><speed>1.470727</speed><course>87.972841</course><hAcc>1.561302</hAcc><vAcc>0.949775</vAcc></extensions></trkpt>
      <trkpt lon="-117.164385" lat="32.896990"><ele>84.657723</ele><time>2024-08-28T02:30:18Z</time><extensions><speed>1.461699</speed><course>88.873826</course><hAcc>1.527654</hAcc><vAcc>0.941905</vAcc></extensions></trkpt>
      <trkpt lon="-117.164369" lat="32.896991"><ele>85.104874</ele><time>2024-08-28T02:30:19Z</time><extensions><speed>1.529142</speed><course>89.189177</course><hAcc>1.517196</hAcc><vAcc>0.932368</vAcc></extensions></trkpt>
      <trkpt lon="-117.164353" lat="32.896991"><ele>85.558137</ele><time>2024-08-28T02:30:20Z</time><extensions><speed>1.498909</speed><course>86.743183</course><hAcc>1.518085</hAcc><vAcc>0.923203</vAcc></extensions></trkpt>
      <trkpt lon="-117.164337" lat="32.896992"><ele>86.002645</ele><time>2024-08-28T02:30:21Z</time><extensions><speed>1.430976</speed><course>85.783985</course><hAcc>1.539849</hAcc><vAcc>0.913906</vAcc></extensions></trkpt>
      <trkpt lon="-117.164321" lat="32.896993"><ele>86.469233</ele><time>2024-08-28T02:30:22Z</time><extensions><speed>1.515191</speed><course>85.099760</course><hAcc>1.503742</hAcc><vAcc>0.903499</vAcc></extensions></trkpt>
      <trkpt lon="-117.164305" lat="32.896995"><ele>86.931374</ele><time>2024-08-28T02:30:23Z</time><extensions><speed>1.609258</speed><course>83.829720</course><hAcc>1.471012</hAcc><vAcc>0.893306</vAcc></extensions></trkpt>
      <trkpt lon="-117.164288" lat="32.896996"><ele>87.406718</ele><time>2024-08-28T02:30:24Z</time><extensions><speed>1.480512</speed><course>86.240347</course><hAcc>1.467754</hAcc><vAcc>0.882422</vAcc></extensions></trkpt>
      <trkpt lon="-117.164272" lat="32.896997"><ele>87.888035</ele><time>2024-08-28T02:30:25Z</time><extensions><speed>1.559666</speed><course>87.312263</course><hAcc>1.441713</hAcc><vAcc>0.871225</vAcc></extensions></trkpt>
      <trkpt lon="-117.164256" lat="32.896997"><ele>88.364443</ele><time>2024-08-28T02:30:26Z</time><extensions><speed>1.410757</speed><course>88.053994</course><hAcc>1.443048</hAcc><vAcc>0.861056</vAcc></extensions></trkpt>
      <trkpt lon="-117.164240" lat="32.896997"><ele>88.845030</ele><time>2024-08-28T02:30:27Z</time><extensions><speed>1.537441</speed><course>91.319416</course><hAcc>1.415578</hAcc><vAcc>0.850699</vAcc></extensions></trkpt>
      <trkpt lon="-117.164224" lat="32.896996"><ele>89.316141</ele><time>2024-08-28T02:30:28Z</time><extensions><speed>1.451911</speed><course>94.555201</course><hAcc>1.416341</hAcc><vAcc>0.841186</vAcc></extensions></trkpt>
      <trkpt lon="-117.164208" lat="32.896996"><ele>89.788295</ele><time>2024-08-28T02:30:29Z</time><extensions><speed>1.560389</speed><course>92.339875</course><hAcc>1.391589</hAcc><vAcc>0.831983</vAcc></extensions></trkpt>
      <trkpt lon="-117.164191" lat="32.896995"><ele>90.255977</ele><time>2024-08-28T02:30:30Z</time><extensions><speed>1.586157</speed><course>89.633930</course><hAcc>1.393800</hAcc><vAcc>0.823928</vAcc></extensions></trkpt>
      <trkpt lon="-117.164175" lat="32.896995"><ele>90.728142</ele><time>2024-08-28T02:30:31Z</time><extensions><speed>1.454661</speed><course>88.224801</course><hAcc>1.415524</hAcc><vAcc>0.816261</vAcc></extensions></trkpt>
      <trkpt lon="-117.164158" lat="32.896996"><ele>91.182126</ele><time>2024-08-28T02:30:32Z</time><extensions><speed>1.631506</speed><course>86.306247</course><hAcc>1.385554</hAcc><vAcc>0.809519</vAcc></extensions></trkpt>
      <trkpt lon="-117.164141" lat="32.896997"><ele>91.628961</ele><time>2024-08-28T02:30:33Z</time><extensions><speed>1.497223</speed><course>86.692131</course><hAcc>1.379772</hAcc><vAcc>0.804193</vAcc></extensions></trkpt>
      <trkpt lon="-117.164125" lat="32.896998"><ele>92.084904</ele><time>2024-08-28T02:30:34Z</time><extensions><speed>1.501177</speed><course>86.425042</course><hAcc>1.364709</hAcc><vAcc>0.799446</vAcc></extensions></trkpt>
      <trkpt lon="-117.164109" lat="32.896998"><ele>92.548020</ele><time>2024-08-28T02:30:35Z</time><extensions><speed>1.508136</speed><course>89.700510</course><hAcc>1.360841</hAcc><vAcc>0.795627</vAcc></extensions></trkpt>
      <trkpt lon="-117.164093" lat="32.896998"><ele>93.021825</ele><time>2024-08-28T02:30:36Z</time><extensions><speed>1.443407</speed><course>95.984167</course><hAcc>1.369954</hAcc><vAcc>0.792206</vAcc></extensions></trkpt>
      <trkpt lon="-117.164077" lat="32.896996"><ele>93.498639</ele><time>2024-08-28T02:30:37Z</time><extensions><speed>1.558526</speed><course>101.626326</course><hAcc>1.336097</hAcc><vAcc>0.789400</vAcc></extensions></trkpt>
      <trkpt lon="-117.164061" lat="32.896992"><ele>93.974065</ele><time>2024-08-28T02:30:38Z</time><extensions><speed>1.650376</speed><course>106.990998</course><hAcc>1.310570</hAcc><vAcc>0.787096</vAcc></extensions></trkpt>
      <trkpt lon="-117.164043" lat="32.896987"><ele>94.450964</ele><time>2024-08-28T02:30:39Z</time><extensions><speed>1.831061</speed><course>112.237494</course><hAcc>1.277115</hAcc><vAcc>0.785173</vAcc></extensions></trkpt>
      <trkpt lon="-117.164026" lat="32.896981"><ele>94.922776</ele><time>2024-08-28T02:30:40Z</time><extensions><speed>1.605527</speed><course>114.633501</course><hAcc>1.285987</hAcc><vAcc>0.783571</vAcc></extensions></trkpt>
      <trkpt lon="-117.164011" lat="32.896976"><ele>95.393816</ele><time>2024-08-28T02:30:41Z</time><extensions><speed>1.438860</speed><course>105.374507</course><hAcc>1.296498</hAcc><vAcc>0.782010</vAcc></extensions></trkpt>
      <trkpt lon="-117.163995" lat="32.896975"><ele>95.863747</ele><time>2024-08-28T02:30:42Z</time><extensions><speed>1.642440</speed><course>84.968774</course><hAcc>1.266727</hAcc><vAcc>0.780650</vAcc></extensions></trkpt>
      <trkpt lon="-117.163979" lat="32.896976"><ele>96.321232</ele><time>2024-08-28T02:30:43Z</time><extensions><speed>1.456269</speed><course>80.056455</course><hAcc>1.283142</hAcc><vAcc>0.778957</vAcc></extensions></trkpt>
      <trkpt lon="-117.163963" lat="32.896978"><ele>96.782803</ele><time>2024-08-28T02:30:44Z</time><extensions><speed>1.486147</speed><course>81.456102</course><hAcc>1.265414</hAcc><vAcc>0.777007</vAcc></extensions></trkpt>
      <trkpt lon="-117.163948" lat="32.896979"><ele>97.240217</ele><time>2024-08-28T02:30:45Z</time><extensions><speed>1.382355</speed><course>87.955000</course><hAcc>1.285562</hAcc><vAcc>0.775535</vAcc></extensions></trkpt>
      <trkpt lon="-117.163933" lat="32.896979"><ele>97.690459</ele><time>2024-08-28T02:30:46Z</time><extensions><speed>1.404851</speed><course>96.420785</course><hAcc>1.278101</hAcc><vAcc>0.774581</vAcc></extensions></trkpt>
      <trkpt lon="-117.163918" lat="32.896977"><ele>98.133623</ele><time>2024-08-28T02:30:47Z</time><extensions><speed>1.416630</speed><course>99.452684</course><hAcc>1.283735</hAcc><vAcc>0.773760</vAcc></extensions></trkpt>
      <trkpt lon="-117.163903" lat="32.896975"><ele>98.562930</ele><time>2024-08-28T02:30:48Z</time><extensions><speed>1.357165</speed><course>100.203712</course><hAcc>1.293473</hAcc><vAcc>0.773285</vAcc></extensions></trkpt>
      <trkpt lon="-117.163889" lat="32.896973"><ele>98.977720</ele><time>2024-08-28T02:30:49Z</time><extensions><speed>1.296580</speed><course>99.431476</course><hAcc>1.298466</hAcc><vAcc>0.773964</vAcc></extensions></trkpt>
      <trkpt lon="-117.163876" lat="32.896970"><ele>99.378067</ele><time>2024-08-28T02:30:50Z</time><extensions><speed>1.197614</speed><course>107.013628</course><hAcc>1.304411</hAcc><vAcc>0.775661</vAcc></extensions></trkpt>
      <trkpt lon="-117.163865" lat="32.896964"><ele>99.759007</ele><time>2024-08-28T02:30:51Z</time><extensions><speed>1.359045</speed><course>139.206533</course><hAcc>1.298855</hAcc><vAcc>0.777163</vAcc></extensions></trkpt>
      <trkpt lon="-117.163859" lat="32.896952"><ele>100.151142</ele><time>2024-08-28T02:30:52Z</time><extensions><speed>1.642367</speed><course>167.615114</course><hAcc>1.298271</hAcc><vAcc>0.778898</vAcc></extensions></trkpt>
      <trkpt lon="-117.163856" lat="32.896937"><ele>100.529801</ele><time>2024-08-28T02:30:53Z</time><extensions><speed>1.894060</speed><course>176.047370</course><hAcc>1.277404</hAcc><vAcc>0.780867</vAcc></extensions></trkpt>
      <trkpt lon="-117.163854" lat="32.896920"><ele>100.885715</ele><time>2024-08-28T02:30:54Z</time><extensions><speed>1.768711</speed><course>175.496096</course><hAcc>1.271950</hAcc><vAcc>0.782857</vAcc></extensions></trkpt>
      <trkpt lon="-117.163852" lat="32.896906"><ele>101.225449</ele><time>2024-08-28T02:30:55Z</time><extensions><speed>1.551658</speed><course>169.465581</course><hAcc>1.290653</hAcc><vAcc>0.784588</vAcc></extensions></trkpt>
      <trkpt lon="-117.163849" lat="32.896893"><ele>101.535879</ele><time>2024-08-28T02:30:56Z</time><extensions><speed>1.325280</speed><course>165.348045</course><hAcc>1.312372</hAcc><vAcc>0.785747</vAcc></extensions></trkpt>
      <trkpt lon="-117.163845" lat="32.896882"><ele>101.830602</ele><time>2024-08-28T02:30:57Z</time><extensions><speed>1.233603</speed><course>158.679669</course><hAcc>1.278778</hAcc><vAcc>0.786106</vAcc></extensions></trkpt>
      <trkpt lon="-117.163838" lat="32.896872"><ele>102.121864</ele><time>2024-08-28T02:30:58Z</time><extensions><speed>1.283036</speed><course>146.689455</course><hAcc>1.271165</hAcc><vAcc>0.785576</vAcc></extensions></trkpt>
      <trkpt lon="-117.163830" lat="32.896863"><ele>102.417405</ele><time>2024-08-28T02:30:59Z</time><extensions><speed>1.379420</speed><course>136.406669</course><hAcc>1.283288</hAcc><vAcc>0.784155</vAcc></extensions></trkpt>
      <trkpt lon="-117.163818" lat="32.896855"><ele>102.707705</ele><time>2024-08-28T02:31:00Z</time><extensions><speed>1.393324</speed><course>120.884883</course><hAcc>1.285813</hAcc><vAcc>0.781912</vAcc></extensions></trkpt>
      <trkpt lon="-117.163804" lat="32.896851"><ele>102.980310</ele><time>2024-08-28T02:31:01Z</time><extensions><speed>1.482740</speed><course>102.259777</course><hAcc>1.274457</hAcc><vAcc>0.779123</vAcc></extensions></trkpt>
      <trkpt lon="-117.163788" lat="32.896850"><ele>103.255983</ele><time>2024-08-28T02:31:02Z</time><extensions><speed>1.540517</speed><course>88.085323</course><hAcc>1.279647</hAcc><vAcc>0.776163</vAcc></extensions></trkpt>
      <trkpt lon="-117.163772" lat="32.896851"><ele>103.532059</ele><time>2024-08-28T02:31:03Z</time><extensions><speed>1.532770</speed><course>82.561746</course><hAcc>1.285168</hAcc><vAcc>0.773141</vAcc></extensions></trkpt>
      <trkpt lon="-117.163755" lat="32.896853"><ele>103.812156</ele><time>2024-08-28T02:31:04Z</time><extensions><speed>1.662000</speed><course>77.473513</course><hAcc>1.285256</hAcc><vAcc>0.770394</vAcc></extensions></trkpt>
      <trkpt lon="-117.163738" lat="32.896857"><ele>104.108419</ele><time>2024-08-28T02:31:05Z</time><extensions><speed>1.464185</speed><course>74.961050</course><hAcc>1.299214</hAcc><vAcc>0.767934</vAcc></extensions></trkpt>
      <trkpt lon="-117.163724" lat="32.896860"><ele>104.417417</ele><time>2024-08-28T02:31:06Z</time><extensions><speed>1.358781</speed><course>71.129945</course><hAcc>1.269543</hAcc><vAcc>0.765908</vAcc></extensions></trkpt>
      <trkpt lon="-117.163710" lat="32.896864"><ele>104.746454</ele><time>2024-08-28T02:31:07Z</time><extensions><speed>1.380836</speed><course>76.987835</course><hAcc>1.267530</hAcc><vAcc>0.764451</vAcc></extensions></trkpt>
      <trkpt lon="-117.163695" lat="32.896866"><ele>105.073731</ele><time>2024-08-28T02:31:08Z</time><extensions><speed>1.412482</speed><course>83.869599</course><hAcc>1.285413</hAcc><vAcc>0.763700</vAcc></extensions></trkpt>
      <trkpt lon="-117.163680" lat="32.896867"><ele>105.423755</ele><time>2024-08-28T02:31:09Z</time><extensions><speed>1.448867</speed><course>84.986386</course><hAcc>1.267115</hAcc><vAcc>0.763735</vAcc></extensions></trkpt>
      <trkpt lon="-117.163664" lat="32.896868"><ele>105.778383</ele><time>2024-08-28T02:31:10Z</time><extensions><speed>1.447976</speed><course>85.647964</course><hAcc>1.271263</hAcc><vAcc>0.764215</vAcc></extensions></trkpt>
      <trkpt lon="-117.163649" lat="32.896869"><ele>106.137277</ele><time>2024-08-28T02:31:11Z</time><extensions><speed>1.474321</speed><course>83.730621</course><hAcc>1.252939</hAcc><vAcc>0.765565</vAcc></extensions></trkpt>
      <trkpt lon="-117.163633" lat="32.896871"><ele>106.504445</ele><time>2024-08-28T02:31:12Z</time><extensions><speed>1.494223</speed><course>82.727534</course><hAcc>1.257714</hAcc><vAcc>0.766947</vAcc></extensions></trkpt>
      <trkpt lon="-117.163617" lat="32.896872"><ele>106.872002</ele><time>2024-08-28T02:31:13Z</time><extensions><speed>1.427659</speed><course>83.960854</course><hAcc>1.279878</hAcc><vAcc>0.769414</vAcc></extensions></trkpt>
      <trkpt lon="-117.163601" lat="32.896874"><ele>107.240394</ele><time>2024-08-28T02:31:14Z</time><extensions><speed>1.559401</speed><course>85.085242</course><hAcc>1.263486</hAcc><vAcc>0.772645</vAcc></extensions></trkpt>
      <trkpt lon="-117.163585" lat="32.896875"><ele>107.611322</ele><time>2024-08-28T02:31:15Z</time><extensions><speed>1.480461</speed><course>86.817019</course><hAcc>1.287605</hAcc><vAcc>0.776528</vAcc></extensions></trkpt>
      <trkpt lon="-117.163570" lat="32.896875"><ele>107.967379</ele><time>2024-08-28T02:31:16Z</time><extensions><speed>1.431798</speed><course>85.313305</course><hAcc>1.308463</hAcc><vAcc>0.781044</vAcc></extensions></trkpt>
      <trkpt lon="-117.163554" lat="32.896876"><ele>108.328551</ele><time>2024-08-28T02:31:17Z</time><extensions><speed>1.556144</speed><course>86.529147</course><hAcc>1.297400</hAcc><vAcc>0.785612</vAcc></extensions></trkpt>
      <trkpt lon="-117.163537" lat="32.896877"><ele>108.697354</ele><time>2024-08-28T02:31:18Z</time><extensions><speed>1.510955</speed><course>88.702387</course><hAcc>1.327867</hAcc><vAcc>0.790565</vAcc></extensions></trkpt>
      <trkpt lon="-117.163521" lat="32.896877"><ele>109.050688</ele><time>2024-08-28T02:31:19Z</time><extensions><speed>1.478783</speed><course>87.524993</course><hAcc>1.350422</hAcc><vAcc>0.796252</vAcc></extensions></trkpt>
      <trkpt lon="-117.163505" lat="32.896878"><ele>109.375329</ele><time>2024-08-28T02:31:20Z</time><extensions><speed>1.549262</speed><course>85.761378</course><hAcc>1.361548</hAcc><vAcc>0.802103</vAcc></extensions></trkpt>
      <trkpt lon="-117.163488" lat="32.896879"><ele>109.681125</ele><time>2024-08-28T02:31:21Z</time><extensions><speed>1.531493</speed><course>83.832478</course><hAcc>1.381820</hAcc><vAcc>0.808529</vAcc></extensions></trkpt>
      <trkpt lon="-117.163472" lat="32.896881"><ele>109.977275</ele><time>2024-08-28T02:31:22Z</time><extensions><speed>1.631003</speed><course>80.563017</course><hAcc>1.396753</hAcc><vAcc>0.815365</vAcc></extensions></trkpt>
      <trkpt lon="-117.163455" lat="32.896884"><ele>110.265523</ele><time>2024-08-28T02:31:23Z</time><extensions><speed>1.493964</speed><course>78.920856</course><hAcc>1.425106</hAcc><vAcc>0.822334</vAcc></extensions></trkpt>
      <trkpt lon="-117.163439" lat="32.896886"><ele>110.541966</ele><time>2024-08-28T02:31:24Z</time><extensions><speed>1.510350</speed><course>80.413224</course><hAcc>1.425315</hAcc><vAcc>0.829068</vAcc></extensions></trkpt>
      <trkpt lon="-117.163423" lat="32.896888"><ele>110.815408</ele><time>2024-08-28T02:31:25Z</time><extensions><speed>1.520749</speed><course>84.437132</course><hAcc>1.434225</hAcc><vAcc>0.835426</vAcc></extensions></trkpt>
      <trkpt lon="-117.163407" lat="32.896889"><ele>111.080887</ele><time>2024-08-28T02:31:26Z</time><extensions><speed>1.481645</speed><course>90.367448</course><hAcc>1.455917</hAcc><vAcc>0.842701</vAcc></extensions></trkpt>
      <trkpt lon="-117.163391" lat="32.896889"><ele>111.324201</ele><time>2024-08-28T02:31:27Z</time><extensions><speed>1.505046</speed><course>91.454974</course><hAcc>1.447108</hAcc><vAcc>0.850602</vAcc></extensions></trkpt>
      <trkpt lon="-117.163375" lat="32.896889"><ele>111.561202</ele><time>2024-08-28T02:31:28Z</time><extensions><speed>1.522656</speed><course>89.423724</course><hAcc>1.445288</hAcc><vAcc>0.858314</vAcc></extensions></trkpt>
      <trkpt lon="-117.163359" lat="32.896889"><ele>111.787963</ele><time>2024-08-28T02:31:29Z</time><extensions><speed>1.573006</speed><course>87.309295</course><hAcc>1.454850</hAcc><vAcc>0.867451</vAcc></extensions></trkpt>
      <trkpt lon="-117.163341" lat="32.896890"><ele>112.001385</ele><time>2024-08-28T02:31:30Z</time><extensions><speed>1.660188</speed><course>86.795404</course><hAcc>1.469479</hAcc><vAcc>0.876721</vAcc></extensions></trkpt>
      <trkpt lon="-117.163324" lat="32.896891"><ele>112.196626</ele><time>2024-08-28T02:31:31Z</time><extensions><speed>1.525491</speed><course>84.509073</course><hAcc>1.504728</hAcc><vAcc>0.886864</vAcc></extensions></trkpt>
      <trkpt lon="-117.163308" lat="32.896892"><ele>112.376634</ele><time>2024-08-28T02:31:32Z</time><extensions><speed>1.449119</speed><course>81.727894</course><hAcc>1.499058</hAcc><vAcc>0.896821</vAcc></extensions></trkpt>
      <trkpt lon="-117.163293" lat="32.896895"><ele>112.494723</ele><time>2024-08-28T02:31:33Z</time><extensions><speed>1.434003</speed><course>78.830793</course><hAcc>1.499197</hAcc><vAcc>0.907298</vAcc></extensions></trkpt>
      <trkpt lon="-117.163278" lat="32.896897"><ele>112.623171</ele><time>2024-08-28T02:31:34Z</time><extensions><speed>1.411812</speed><course>78.501364</course><hAcc>1.517018</hAcc><vAcc>0.917434</vAcc></extensions></trkpt>
      <trkpt lon="-117.163263" lat="32.896899"><ele>112.746643</ele><time>2024-08-28T02:31:35Z</time><extensions><speed>1.428412</speed><course>81.293375</course><hAcc>1.519042</hAcc><vAcc>0.926346</vAcc></extensions></trkpt>
      <trkpt lon="-117.163248" lat="32.896901"><ele>112.868056</ele><time>2024-08-28T02:31:36Z</time><extensions><speed>1.465213</speed><course>83.892886</course><hAcc>1.540321</hAcc><vAcc>0.936488</vAcc></extensions></trkpt>
      <trkpt lon="-117.163232" lat="32.896902"><ele>112.989799</ele><time>2024-08-28T02:31:37Z</time><extensions><speed>1.483239</speed><course>85.086441</course><hAcc>1.561083</hAcc><vAcc>0.946289</vAcc></extensions></trkpt>
      <trkpt lon="-117.163216" lat="32.896904"><ele>113.130007</ele><time>2024-08-28T02:31:38Z</time><extensions><speed>1.513809</speed><course>84.138034</course><hAcc>1.570740</hAcc><vAcc>0.955824</vAcc></extensions></trkpt>
      <trkpt lon="-117.163200" lat="32.896905"><ele>113.278949</ele><time>2024-08-28T02:31:39Z</time><extensions><speed>1.483005</speed><course>83.417137</course><hAcc>1.589237</hAcc><vAcc>0.964029</vAcc></extensions></trkpt>
      <trkpt lon="-117.163184" lat="32.896907"><ele>113.418178</ele><time>2024-08-28T02:31:40Z</time><extensions><speed>1.540227</speed><course>84.160560</course><hAcc>1.608304</hAcc><vAcc>0.973450</vAcc></extensions></trkpt>
      <trkpt lon="-117.163168" lat="32.896908"><ele>113.540876</ele><time>2024-08-28T02:31:41Z</time><extensions><speed>1.410639</speed><course>87.768555</course><hAcc>1.642549</hAcc><vAcc>0.980945</vAcc></extensions></trkpt>
      <trkpt lon="-117.163153" lat="32.896908"><ele>113.669304</ele><time>2024-08-28T02:31:42Z</time><extensions><speed>1.387173</speed><course>88.697707</course><hAcc>1.623543</hAcc><vAcc>0.987556</vAcc></extensions></trkpt>
      <trkpt lon="-117.163137" lat="32.896908"><ele>113.794437</ele><time>2024-08-28T02:31:43Z</time><extensions><speed>1.480349</speed><course>88.179982</course><hAcc>1.616841</hAcc><vAcc>0.995080</vAcc></extensions></trkpt>
      <trkpt lon="-117.163121" lat="32.896909"><ele>113.903958</ele><time>2024-08-28T02:31:44Z</time><extensions><speed>1.588058</speed><course>84.560861</course><hAcc>1.631026</hAcc><vAcc>1.003002</vAcc></extensions></trkpt>
      <trkpt lon="-117.163104" lat="32.896911"><ele>114.016784</ele><time>2024-08-28T02:31:45Z</time><extensions><speed>1.592296</speed><course>82.106870</course><hAcc>1.643434</hAcc><vAcc>1.009710</vAcc></extensions></trkpt>
      <trkpt lon="-117.163087" lat="32.896913"><ele>114.114197</ele><time>2024-08-28T02:31:46Z</time><extensions><speed>1.495023</speed><course>80.138514</course><hAcc>1.659589</hAcc><vAcc>1.016658</vAcc></extensions></trkpt>
      <trkpt lon="-117.163072" lat="32.896915"><ele>114.208769</ele><time>2024-08-28T02:31:47Z</time><extensions><speed>1.480799</speed><course>79.063688</course><hAcc>1.664317</hAcc><vAcc>1.021832</vAcc></extensions></trkpt>
      <trkpt lon="-117.163056" lat="32.896917"><ele>114.286220</ele><time>2024-08-28T02:31:48Z</time><extensions><speed>1.520412</speed><course>83.113079</course><hAcc>1.650167</hAcc><vAcc>1.025709</vAcc></extensions></trkpt>
      <trkpt lon="-117.163039" lat="32.896919"><ele>114.383063</ele><time>2024-08-28T02:31:49Z</time><extensions><speed>1.539338</speed><course>86.188931</course><hAcc>1.645684</hAcc><vAcc>1.029084</vAcc></extensions></trkpt>
      <trkpt lon="-117.163023" lat="32.896919"><ele>114.477546</ele><time>2024-08-28T02:31:50Z</time><extensions><speed>1.394644</speed><course>85.901599</course><hAcc>1.658905</hAcc><vAcc>1.034111</vAcc></extensions></trkpt>
      <trkpt lon="-117.163008" lat="32.896920"><ele>114.567900</ele><time>2024-08-28T02:31:51Z</time><extensions><speed>1.435191</speed><course>88.193512</course><hAcc>1.644134</hAcc><vAcc>1.040272</vAcc></extensions></trkpt>
      <trkpt lon="-117.162992" lat="32.896920"><ele>114.660459</ele><time>2024-08-28T02:31:52Z</time><extensions><speed>1.574508</speed><course>89.762222</course><hAcc>1.642724</hAcc><vAcc>1.043831</vAcc></extensions></trkpt>
      <trkpt lon="-117.162975" lat="32.896920"><ele>114.767348</ele><time>2024-08-28T02:31:53Z</time><extensions><speed>1.492628</speed><course>89.114681</course><hAcc>1.667042</hAcc><vAcc>1.045481</vAcc></extensions></trkpt>
      <trkpt lon="-117.162959" lat="32.896920"><ele>114.880951</ele><time>2024-08-28T02:31:54Z</time><extensions><speed>1.468413</speed><course>88.181663</course><hAcc>1.691840</hAcc><vAcc>1.048545</vAcc></extensions></trkpt>
      <trkpt lon="-117.162943" lat="32.896919"><ele>114.975058</ele><time>2024-08-28T02:31:55Z</time><extensions><speed>1.456273</speed><course>88.507033</course><hAcc>1.683648</hAcc><vAcc>1.054526</vAcc></extensions></trkpt>
      <trkpt lon="-117.162928" lat="32.896919"><ele>115.074367</ele><time>2024-08-28T02:31:56Z</time><extensions><speed>1.360078</speed><course>88.657161</course><hAcc>1.699492</hAcc><vAcc>1.059961</vAcc></extensions></trkpt>
      <trkpt lon="-117.162914" lat="32.896918"><ele>115.171885</ele><time>2024-08-28T02:31:57Z</time><extensions><speed>1.299479</speed><course>88.647591</course><hAcc>1.684143</hAcc><vAcc>1.066814</vAcc></extensions></trkpt>
      <trkpt lon="-117.162899" lat="32.896918"><ele>115.285694</ele><time>2024-08-28T02:31:58Z</time><extensions><speed>1.382854</speed><course>91.868657</course><hAcc>1.684455</hAcc><vAcc>1.072035</vAcc></extensions></trkpt>
      <trkpt lon="-117.162884" lat="32.896915"><ele>115.413866</ele><time>2024-08-28T02:31:59Z</time><extensions><speed>1.530843</speed><course>98.271891</course><hAcc>1.705706</hAcc><vAcc>1.078945</vAcc></extensions></trkpt>
      <trkpt lon="-117.162867" lat="32.896912"><ele>115.530233</ele><time>2024-08-28T02:32:00Z</time><extensions><speed>1.623467</speed><course>102.742009</course><hAcc>1.732830</hAcc><vAcc>1.083483</vAcc></extensions></trkpt>
      <trkpt lon="-117.162850" lat="32.896907"><ele>115.644982</ele><time>2024-08-28T02:32:01Z</time><extensions><speed>1.512451</speed><course>109.934431</course><hAcc>1.753908</hAcc><vAcc>1.091475</vAcc></extensions></trkpt>
      <trkpt lon="-117.162834" lat="32.896900"><ele>115.762652</ele><time>2024-08-28T02:32:02Z</time><extensions><speed>1.651794</speed><course>122.662568</course><hAcc>1.728186</hAcc><vAcc>1.098193</vAcc></extensions></trkpt>
      <trkpt lon="-117.162820" lat="32.896889"><ele>115.884324</ele><time>2024-08-28T02:32:03Z</time><extensions><speed>1.861424</speed><course>135.699689</course><hAcc>1.714442</hAcc><vAcc>1.106689</vAcc></extensions></trkpt>
      <trkpt lon="-117.162806" lat="32.896875"><ele>115.990763</ele><time>2024-08-28T02:32:04Z</time><extensions><speed>2.013352</speed><course>145.922699</course><hAcc>1.721142</hAcc><vAcc>1.116179</vAcc></extensions></trkpt>
      <trkpt lon="-117.162796" lat="32.896859"><ele>116.108901</ele><time>2024-08-28T02:32:05Z</time><extensions><speed>1.773355</speed><course>157.070938</course><hAcc>1.748917</hAcc><vAcc>1.125636</vAcc></extensions></trkpt>
      <trkpt lon="-117.162790" lat="32.896844"><ele>116.238296</ele><time>2024-08-28T02:32:06Z</time><extensions><speed>1.778013</speed><course>164.277704</course><hAcc>1.756897</hAcc><vAcc>1.132358</vAcc></extensions></trkpt>
      <trkpt lon="-117.162784" lat="32.896827"><ele>116.358854</ele><time>2024-08-28T02:32:07Z</time><extensions><speed>1.881172</speed><course>166.383699</course><hAcc>1.741386</hAcc><vAcc>1.137725</vAcc></extensions></trkpt>
      <trkpt lon="-117.162778" lat="32.896810"><ele>116.486619</ele><time>2024-08-28T02:32:08Z</time><extensions><speed>2.089083</speed><course>162.823629</course><hAcc>1.720631</hAcc><vAcc>1.141134</vAcc></extensions></trkpt>
      <trkpt lon="-117.162771" lat="32.896791"><ele>116.627450</ele><time>2024-08-28T02:32:09Z</time><extensions><speed>1.984841</speed><course>160.548448</course><hAcc>1.724841</hAcc><vAcc>1.147336</vAcc></extensions></trkpt>
      <trkpt lon="-117.162764" lat="32.896775"><ele>116.763157</ele><time>2024-08-28T02:32:10Z</time><extensions><speed>1.926142</speed><course>156.749648</course><hAcc>1.735327</hAcc><vAcc>1.153394</vAcc></extensions></trkpt>
      <trkpt lon="-117.162756" lat="32.896759"><ele>116.884426</ele><time>2024-08-28T02:32:11Z</time><extensions><speed>1.660399</speed><course>155.866153</course><hAcc>1.770785</hAcc><vAcc>1.158875</vAcc></extensions></trkpt>
      <trkpt lon="-117.162749" lat="32.896744"><ele>117.013034</ele><time>2024-08-28T02:32:12Z</time><extensions><speed>1.973223</speed><course>159.693213</course><hAcc>1.739508</hAcc><vAcc>1.161922</vAcc></extensions></trkpt>
      <trkpt lon="-117.162743" lat="32.896728"><ele>117.156652</ele><time>2024-08-28T02:32:13Z</time><extensions><speed>1.815254</speed><course>162.444585</course><hAcc>1.739779</hAcc><vAcc>1.164346</vAcc></extensions></trkpt>
      <trkpt lon="-117.162739" lat="32.896713"><ele>117.314138</ele><time>2024-08-28T02:32:14Z</time><extensions><speed>1.630304</speed><course>165.632918</course><hAcc>1.764067</hAcc><vAcc>1.163932</vAcc></extensions></trkpt>
      <trkpt lon="-117.162735" lat="32.896699"><ele>117.477591</ele><time>2024-08-28T02:32:15Z</time><extensions><speed>1.506569</speed><course>167.544389</course><hAcc>1.772430</hAcc><vAcc>1.162794</vAcc></extensions></trkpt>
      <trkpt lon="-117.162733" lat="32.896685"><ele>117.650441</ele><time>2024-08-28T02:32:16Z</time><extensions><speed>1.458350</speed><course>169.716277</course><hAcc>1.747537</hAcc><vAcc>1.161655</vAcc></extensions></trkpt>
      <trkpt lon="-117.162731" lat="32.896672"><ele>117.813244</ele><time>2024-08-28T02:32:17Z</time><extensions><speed>1.473697</speed><course>173.004229</course><hAcc>1.747749</hAcc><vAcc>1.156434</vAcc></extensions></trkpt>
      <trkpt lon="-117.162731" lat="32.896658"><ele>117.970029</ele><time>2024-08-28T02:32:18Z</time><extensions><speed>1.590580</speed><course>180.460025</course><hAcc>1.756431</hAcc><vAcc>1.152557</vAcc></extensions></trkpt>
      <trkpt lon="-117.162734" lat="32.896643"><ele>118.101329</ele><time>2024-08-28T02:32:19Z</time><extensions><speed>1.650033</speed><course>194.973339</course><hAcc>1.767060</hAcc><vAcc>1.147162</vAcc></extensions></trkpt>
      <trkpt lon="-117.162742" lat="32.896630"><ele>118.208651</ele><time>2024-08-28T02:32:20Z</time><extensions><speed>1.571903</speed><course>216.394490</course><hAcc>1.764805</hAcc><vAcc>1.142899</vAcc></extensions></trkpt>
      <trkpt lon="-117.162754" lat="32.896621"><ele>118.312588</ele><time>2024-08-28T02:32:21Z</time><extensions><speed>1.545753</speed><course>242.836882</course><hAcc>1.762043</hAcc><vAcc>1.138655</vAcc></extensions></trkpt>
      <trkpt lon="-117.162771" lat="32.896616"><ele>118.420586</ele><time>2024-08-28T02:32:22Z</time><extensions><speed>1.732595</speed><course>261.529086</course><hAcc>1.738451</hAcc><vAcc>1.132399</vAcc></extensions></trkpt>
      <trkpt lon="-117.162789" lat="32.896615"><ele>118.540527</ele><time>2024-08-28T02:32:23Z</time><extensions><speed>1.490542</speed><course>273.697569</course><hAcc>1.754846</hAcc><vAcc>1.125118</vAcc></extensions></trkpt>
      <trkpt lon="-117.162806" lat="32.896615"><ele>118.622764</ele><time>2024-08-28T02:32:24Z</time><extensions><speed>1.582211</speed><course>268.155331</course><hAcc>1.721568</hAcc><vAcc>1.118766</vAcc></extensions></trkpt>
      <trkpt lon="-117.162825" lat="32.896613"><ele>118.696936</ele><time>2024-08-28T02:32:25Z</time><extensions><speed>1.727473</speed><course>264.251314</course><hAcc>1.705676</hAcc><vAcc>1.112632</vAcc></extensions></trkpt>
      <trkpt lon="-117.162843" lat="32.896611"><ele>118.757089</ele><time>2024-08-28T02:32:26Z</time><extensions><speed>1.642571</speed><course>263.468826</course><hAcc>1.708543</hAcc><vAcc>1.106824</vAcc></extensions></trkpt>
      <trkpt lon="-117.162861" lat="32.896609"><ele>118.823017</ele><time>2024-08-28T02:32:27Z</time><extensions><speed>1.751403</speed><course>260.341792</course><hAcc>1.689614</hAcc><vAcc>1.103015</vAcc></extensions></trkpt>
      <trkpt lon="-117.162880" lat="32.896606"><ele>118.865605</ele><time>2024-08-28T02:32:28Z</time><extensions><speed>1.670850</speed><course>260.446469</course><hAcc>1.690703</hAcc><vAcc>1.098366</vAcc></extensions></trkpt>
      <trkpt lon="-117.162899" lat="32.896604"><ele>118.860815</ele><time>2024-08-28T02:32:29Z</time><extensions><speed>1.871718</speed><course>262.366673</course><hAcc>1.684661</hAcc><vAcc>1.094772</vAcc></extensions></trkpt>
      <trkpt lon="-117.162917" lat="32.896601"><ele>118.857454</ele><time>2024-08-28T02:32:30Z</time><extensions><speed>1.608257</speed><course>263.339720</course><hAcc>1.710417</hAcc><vAcc>1.092993</vAcc></extensions></trkpt>
      <trkpt lon="-117.162934" lat="32.896600"><ele>118.833217</ele><time>2024-08-28T02:32:31Z</time><extensions><speed>1.493845</speed><course>262.890354</course><hAcc>1.718134</hAcc><vAcc>1.090811</vAcc></extensions></trkpt>
      <trkpt lon="-117.162950" lat="32.896597"><ele>118.820205</ele><time>2024-08-28T02:32:32Z</time><extensions><speed>1.519408</speed><course>253.111591</course><hAcc>1.695663</hAcc><vAcc>1.090536</vAcc></extensions></trkpt>
      <trkpt lon="-117.162966" lat="32.896592"><ele>118.752428</ele><time>2024-08-28T02:32:33Z</time><extensions><speed>1.682950</speed><course>250.765650</course><hAcc>1.691692</hAcc><vAcc>1.089119</vAcc></extensions></trkpt>
      <trkpt lon="-117.162985" lat="32.896587"><ele>118.685491</ele><time>2024-08-28T02:32:34Z</time><extensions><speed>1.870430</speed><course>255.182233</course><hAcc>1.703148</hAcc><vAcc>1.089379</vAcc></extensions></trkpt>
      <trkpt lon="-117.163005" lat="32.896584"><ele>118.634074</ele><time>2024-08-28T02:32:35Z</time><extensions><speed>1.898217</speed><course>259.928224</course><hAcc>1.715854</hAcc><vAcc>1.088147</vAcc></extensions></trkpt>
      <trkpt lon="-117.163024" lat="32.896581"><ele>118.606279</ele><time>2024-08-28T02:32:36Z</time><extensions><speed>1.839376</speed><course>261.383299</course><hAcc>1.731034</hAcc><vAcc>1.084858</vAcc></extensions></trkpt>
      <trkpt lon="-117.163043" lat="32.896578"><ele>118.557295</ele><time>2024-08-28T02:32:37Z</time><extensions><speed>1.572575</speed><course>260.185561</course><hAcc>1.748410</hAcc><vAcc>1.083038</vAcc></extensions></trkpt>
      <trkpt lon="-117.163060" lat="32.896576"><ele>118.459914</ele><time>2024-08-28T02:32:38Z</time><extensions><speed>1.548252</speed><course>259.392034</course><hAcc>1.724001</hAcc><vAcc>1.082327</vAcc></extensions></trkpt>
      <trkpt lon="-117.163077" lat="32.896573"><ele>118.369579</ele><time>2024-08-28T02:32:39Z</time><extensions><speed>1.627665</speed><course>258.729771</course><hAcc>1.707564</hAcc><vAcc>1.080301</vAcc></extensions></trkpt>
      <trkpt lon="-117.163094" lat="32.896570"><ele>118.230189</ele><time>2024-08-28T02:32:40Z</time><extensions><speed>1.592388</speed><course>260.842605</course><hAcc>1.710765</hAcc><vAcc>1.076232</vAcc></extensions></trkpt>
      <trkpt lon="-117.163111" lat="32.896568"><ele>118.110260</ele><time>2024-08-28T02:32:41Z</time><extensions><speed>1.671558</speed><course>261.512192</course><hAcc>1.704775</hAcc><vAcc>1.074424</vAcc></extensions></trkpt>
      <trkpt lon="-117.163129" lat="32.896566"><ele>117.993244</ele><time>2024-08-28T02:32:42Z</time><extensions><speed>1.583703</speed><course>262.185590</course><hAcc>1.708764</hAcc><vAcc>1.070588</vAcc></extensions></trkpt>
      <trkpt lon="-117.163146" lat="32.896564"><ele>117.891119</ele><time>2024-08-28T02:32:43Z</time><extensions><speed>1.676891</speed><course>264.436039</course><hAcc>1.692915</hAcc><vAcc>1.066274</vAcc></extensions></trkpt>
      <trkpt lon="-117.163163" lat="32.896563"><ele>117.796765</ele><time>2024-08-28T02:32:44Z</time><extensions><speed>1.450359</speed><course>266.309746</course><hAcc>1.715076</hAcc><vAcc>1.061792</vAcc></extensions></trkpt>
      <trkpt lon="-117.163179" lat="32.896562"><ele>117.701691</ele><time>2024-08-28T02:32:45Z</time><extensions><speed>1.505363</speed><course>266.543105</course><hAcc>1.680960</hAcc><vAcc>1.058016</vAcc></extensions></trkpt>
      <trkpt lon="-117.163196" lat="32.896561"><ele>117.600260</ele><time>2024-08-28T02:32:46Z</time><extensions><speed>1.573961</speed><course>266.659892</course><hAcc>1.656770</hAcc><vAcc>1.056391</vAcc></extensions></trkpt>
      <trkpt lon="-117.163213" lat="32.896560"><ele>117.500570</ele><time>2024-08-28T02:32:47Z</time><extensions><speed>1.629848</speed><course>265.886037</course><hAcc>1.662311</hAcc><vAcc>1.052872</vAcc></extensions></trkpt>
      <trkpt lon="-117.163231" lat="32.896559"><ele>117.379570</ele><time>2024-08-28T02:32:48Z</time><extensions><speed>1.616035</speed><course>265.764498</course><hAcc>1.662146</hAcc><vAcc>1.051928</vAcc></extensions></trkpt>
      <trkpt lon="-117.163248" lat="32.896558"><ele>117.248454</ele><time>2024-08-28T02:32:49Z</time><extensions><speed>1.561567</speed><course>265.443271</course><hAcc>1.659320</hAcc><vAcc>1.049457</vAcc></extensions></trkpt>
      <trkpt lon="-117.163265" lat="32.896558"><ele>117.105132</ele><time>2024-08-28T02:32:50Z</time><extensions><speed>1.601654</speed><course>267.738342</course><hAcc>1.651493</hAcc><vAcc>1.049174</vAcc></extensions></trkpt>
      <trkpt lon="-117.163281" lat="32.896557"><ele>116.947261</ele><time>2024-08-28T02:32:51Z</time><extensions><speed>1.399007</speed><course>268.620148</course><hAcc>1.672319</hAcc><vAcc>1.047821</vAcc></extensions></trkpt>
      <trkpt lon="-117.163296" lat="32.896557"><ele>116.819812</ele><time>2024-08-28T02:32:52Z</time><extensions><speed>1.401164</speed><course>267.879992</course><hAcc>1.639496</hAcc><vAcc>1.046846</vAcc></extensions></trkpt>
      <trkpt lon="-117.163311" lat="32.896556"><ele>116.672580</ele><time>2024-08-28T02:32:53Z</time><extensions><speed>1.474699</speed><course>264.711984</course><hAcc>1.620167</hAcc><vAcc>1.046506</vAcc></extensions></trkpt>
      <trkpt lon="-117.163327" lat="32.896554"><ele>116.515329</ele><time>2024-08-28T02:32:54Z</time><extensions><speed>1.555021</speed><course>261.076627</course><hAcc>1.620714</hAcc><vAcc>1.047078</vAcc></extensions></trkpt>
      <trkpt lon="-117.163344" lat="32.896552"><ele>116.339951</ele><time>2024-08-28T02:32:55Z</time><extensions><speed>1.630265</speed><course>262.699126</course><hAcc>1.638088</hAcc><vAcc>1.047208</vAcc></extensions></trkpt>
      <trkpt lon="-117.163361" lat="32.896551"><ele>116.166293</ele><time>2024-08-28T02:32:56Z</time><extensions><speed>1.460636</speed><course>264.528558</course><hAcc>1.672775</hAcc><vAcc>1.047916</vAcc></extensions></trkpt>
      <trkpt lon="-117.163377" lat="32.896550"><ele>115.973832</ele><time>2024-08-28T02:32:57Z</time><extensions><speed>1.623312</speed><course>268.036075</course><hAcc>1.649528</hAcc><vAcc>1.046215</vAcc></extensions></trkpt>
      <trkpt lon="-117.163394" lat="32.896550"><ele>115.790003</ele><time>2024-08-28T02:32:58Z</time><extensions><speed>1.428549</speed><course>270.060477</course><hAcc>1.654357</hAcc><vAcc>1.043930</vAcc></extensions></trkpt>
      <trkpt lon="-117.163409" lat="32.896550"><ele>115.604524</ele><time>2024-08-28T02:32:59Z</time><extensions><speed>1.415236</speed><course>269.169342</course><hAcc>1.636502</hAcc><vAcc>1.042091</vAcc></extensions></trkpt>
      <trkpt lon="-117.163424" lat="32.896550"><ele>115.429546</ele><time>2024-08-28T02:33:00Z</time><extensions><speed>1.417833</speed><course>269.556939</course><hAcc>1.627709</hAcc><vAcc>1.041396</vAcc></extensions></trkpt>
      <trkpt lon="-117.163439" lat="32.896550"><ele>115.255251</ele><time>2024-08-28T02:33:01Z</time><extensions><speed>1.450658</speed><course>273.124689</course><hAcc>1.626614</hAcc><vAcc>1.040463</vAcc></extensions></trkpt>
      <trkpt lon="-117.163455" lat="32.896551"><ele>115.052560</ele><time>2024-08-28T02:33:02Z</time><extensions><speed>1.469598</speed><course>275.365968</course><hAcc>1.639048</hAcc><vAcc>1.039040</vAcc></extensions></trkpt>
      <trkpt lon="-117.163471" lat="32.896553"><ele>114.851188</ele><time>2024-08-28T02:33:03Z</time><extensions><speed>1.425274</speed><course>274.885330</course><hAcc>1.656334</hAcc><vAcc>1.038097</vAcc></extensions></trkpt>
      <trkpt lon="-117.163486" lat="32.896554"><ele>114.656043</ele><time>2024-08-28T02:33:04Z</time><extensions><speed>1.478902</speed><course>274.815790</course><hAcc>1.639625</hAcc><vAcc>1.035174</vAcc></extensions></trkpt>
      <trkpt lon="-117.163503" lat="32.896555"><ele>114.442562</ele><time>2024-08-28T02:33:05Z</time><extensions><speed>1.590361</speed><course>275.722568</course><hAcc>1.635888</hAcc><vAcc>1.033427</vAcc></extensions></trkpt>
      <trkpt lon="-117.163519" lat="32.896557"><ele>114.192291</ele><time>2024-08-28T02:33:06Z</time><extensions><speed>1.480422</speed><course>276.227122</course><hAcc>1.639499</hAcc><vAcc>1.030283</vAcc></extensions></trkpt>
      <trkpt lon="-117.163535" lat="32.896558"><ele>113.945337</ele><time>2024-08-28T02:33:07Z</time><extensions><speed>1.446279</speed><course>274.301345</course><hAcc>1.620207</hAcc><vAcc>1.028874</vAcc></extensions></trkpt>
      <trkpt lon="-117.163550" lat="32.896559"><ele>113.684781</ele><time>2024-08-28T02:33:08Z</time><extensions><speed>1.389573</speed><course>273.673308</course><hAcc>1.616807</hAcc><vAcc>1.026704</vAcc></extensions></trkpt>
      <trkpt lon="-117.163565" lat="32.896560"><ele>113.416504</ele><time>2024-08-28T02:33:09Z</time><extensions><speed>1.432383</speed><course>275.245938</course><hAcc>1.628104</hAcc><vAcc>1.023686</vAcc></extensions></trkpt>
      <trkpt lon="-117.163580" lat="32.896562"><ele>113.144732</ele><time>2024-08-28T02:33:10Z</time><extensions><speed>1.385883</speed><course>277.920972</course><hAcc>1.646701</hAcc><vAcc>1.022300</vAcc></extensions></trkpt>
      <trkpt lon="-117.163595" lat="32.896563"><ele>112.854597</ele><time>2024-08-28T02:33:11Z</time><extensions><speed>1.360847</speed><course>277.193629</course><hAcc>1.626843</hAcc><vAcc>1.019123</vAcc></extensions></trkpt>
      <trkpt lon="-117.163610" lat="32.896565"><ele>112.550972</ele><time>2024-08-28T02:33:12Z</time><extensions><speed>1.368304</speed><course>276.431737</course><hAcc>1.614155</hAcc><vAcc>1.017726</vAcc></extensions></trkpt>
      <trkpt lon="-117.163625" lat="32.896566"><ele>112.213420</ele><time>2024-08-28T02:33:13Z</time><extensions><speed>1.419924</speed><course>273.630534</course><hAcc>1.630286</hAcc><vAcc>1.014392</vAcc></extensions></trkpt>
      <trkpt lon="-117.163641" lat="32.896567"><ele>111.875690</ele><time>2024-08-28T02:33:14Z</time><extensions><speed>1.557987</speed><course>272.635878</course><hAcc>1.619569</hAcc><vAcc>1.012451</vAcc></extensions></trkpt>
      <trkpt lon="-117.163657" lat="32.896568"><ele>111.533995</ele><time>2024-08-28T02:33:15Z</time><extensions><speed>1.496259</speed><course>274.680096</course><hAcc>1.619353</hAcc><vAcc>1.009342</vAcc></extensions></trkpt>
      <trkpt lon="-117.163673" lat="32.896569"><ele>111.164143</ele><time>2024-08-28T02:33:16Z</time><extensions><speed>1.550657</speed><course>277.835022</course><hAcc>1.604472</hAcc><vAcc>1.006165</vAcc></extensions></trkpt>
      <trkpt lon="-117.163689" lat="32.896571"><ele>110.772817</ele><time>2024-08-28T02:33:17Z</time><extensions><speed>1.428999</speed><course>278.428652</course><hAcc>1.618084</hAcc><vAcc>1.002137</vAcc></extensions></trkpt>
      <trkpt lon="-117.163705" lat="32.896573"><ele>110.381116</ele><time>2024-08-28T02:33:18Z</time><extensions><speed>1.446302</speed><course>278.178541</course><hAcc>1.598838</hAcc><vAcc>0.999570</vAcc></extensions></trkpt>
      <trkpt lon="-117.163721" lat="32.896575"><ele>109.968452</ele><time>2024-08-28T02:33:19Z</time><extensions><speed>1.549319</speed><course>276.312779</course><hAcc>1.591635</hAcc><vAcc>0.996462</vAcc></extensions></trkpt>
      <trkpt lon="-117.163737" lat="32.896576"><ele>109.564947</ele><time>2024-08-28T02:33:20Z</time><extensions><speed>1.499991</speed><course>274.909257</course><hAcc>1.601466</hAcc><vAcc>0.994185</vAcc></extensions></trkpt>
      <trkpt lon="-117.163753" lat="32.896577"><ele>109.138684</ele><time>2024-08-28T02:33:21Z</time><extensions><speed>1.572450</speed><course>276.315892</course><hAcc>1.585839</hAcc><vAcc>0.990442</vAcc></extensions></trkpt>
      <trkpt lon="-117.163770" lat="32.896579"><ele>108.684294</ele><time>2024-08-28T02:33:22Z</time><extensions><speed>1.540247</speed><course>276.296930</course><hAcc>1.585858</hAcc><vAcc>0.988173</vAcc></extensions></trkpt>
      <trkpt lon="-117.163787" lat="32.896580"><ele>108.230067</ele><time>2024-08-28T02:33:23Z</time><extensions><speed>1.555171</speed><course>274.384688</course><hAcc>1.577823</hAcc><vAcc>0.986295</vAcc></extensions></trkpt>
      <trkpt lon="-117.163803" lat="32.896581"><ele>107.789719</ele><time>2024-08-28T02:33:24Z</time><extensions><speed>1.402890</speed><course>270.864205</course><hAcc>1.605526</hAcc><vAcc>0.983272</vAcc></extensions></trkpt>
      <trkpt lon="-117.163818" lat="32.896581"><ele>107.344368</ele><time>2024-08-28T02:33:25Z</time><extensions><speed>1.447681</speed><course>269.323074</course><hAcc>1.574444</hAcc><vAcc>0.979514</vAcc></extensions></trkpt>
      <trkpt lon="-117.163834" lat="32.896581"><ele>106.888151</ele><time>2024-08-28T02:33:26Z</time><extensions><speed>1.443643</speed><course>268.634848</course><hAcc>1.553396</hAcc><vAcc>0.976164</vAcc></extensions></trkpt>
      <trkpt lon="-117.163849" lat="32.896581"><ele>106.420049</ele><time>2024-08-28T02:33:27Z</time><extensions><speed>1.445878</speed><course>269.995321</course><hAcc>1.553983</hAcc><vAcc>0.973659</vAcc></extensions></trkpt>
      <trkpt lon="-117.163865" lat="32.896581"><ele>105.933190</ele><time>2024-08-28T02:33:28Z</time><extensions><speed>1.460456</speed><course>270.822256</course><hAcc>1.568743</hAcc><vAcc>0.968972</vAcc></extensions></trkpt>
      <trkpt lon="-117.163881" lat="32.896581"><ele>105.459226</ele><time>2024-08-28T02:33:29Z</time><extensions><speed>1.545054</speed><course>270.230743</course><hAcc>1.543187</hAcc><vAcc>0.964254</vAcc></extensions></trkpt>
      <trkpt lon="-117.163898" lat="32.896581"><ele>104.995896</ele><time>2024-08-28T02:33:30Z</time><extensions><speed>1.551081</speed><course>267.766918</course><hAcc>1.537009</hAcc><vAcc>0.958631</vAcc></extensions></trkpt>
      <trkpt lon="-117.163916" lat="32.896580"><ele>104.532157</ele><time>2024-08-28T02:33:31Z</time><extensions><speed>1.652639</speed><course>266.027426</course><hAcc>1.512216</hAcc><vAcc>0.953059</vAcc></extensions></trkpt>
      <trkpt lon="-117.163933" lat="32.896579"><ele>104.041852</ele><time>2024-08-28T02:33:32Z</time><extensions><speed>1.523476</speed><course>264.577401</course><hAcc>1.519804</hAcc><vAcc>0.945608</vAcc></extensions></trkpt>
      <trkpt lon="-117.163948" lat="32.896579"><ele>103.530770</ele><time>2024-08-28T02:33:33Z</time><extensions><speed>1.410660</speed><course>268.383386</course><hAcc>1.535896</hAcc><vAcc>0.938679</vAcc></extensions></trkpt>
      <trkpt lon="-117.163964" lat="32.896579"><ele>103.022045</ele><time>2024-08-28T02:33:34Z</time><extensions><speed>1.472023</speed><course>276.653545</course><hAcc>1.494921</hAcc><vAcc>0.932059</vAcc></extensions></trkpt>
      <trkpt lon="-117.163980" lat="32.896581"><ele>102.500353</ele><time>2024-08-28T02:33:35Z</time><extensions><speed>1.551327</speed><course>277.357905</course><hAcc>1.475279</hAcc><vAcc>0.925085</vAcc></extensions></trkpt>
      <trkpt lon="-117.163997" lat="32.896583"><ele>101.972774</ele><time>2024-08-28T02:33:36Z</time><extensions><speed>1.651405</speed><course>275.790991</course><hAcc>1.478573</hAcc><vAcc>0.917592</vAcc></extensions></trkpt>
      <trkpt lon="-117.164014" lat="32.896584"><ele>101.434878</ele><time>2024-08-28T02:33:37Z</time><extensions><speed>1.573832</speed><course>274.541690</course><hAcc>1.490439</hAcc><vAcc>0.909887</vAcc></extensions></trkpt>
      <trkpt lon="-117.164031" lat="32.896585"><ele>100.898355</ele><time>2024-08-28T02:33:38Z</time><extensions><speed>1.684006</speed><course>273.667810</course><hAcc>1.454046</hAcc><vAcc>0.902870</vAcc></extensions></trkpt>
      <trkpt lon="-117.164049" lat="32.896585"><ele>100.348424</ele><time>2024-08-28T02:33:39Z</time><extensions><speed>1.684440</speed><course>271.082011</course><hAcc>1.431996</hAcc><vAcc>0.895536</vAcc></extensions></trkpt>
      <trkpt lon="-117.164068" lat="32.896585"><ele>99.801788</ele><time>2024-08-28T02:33:40Z</time><extensions><speed>1.755506</speed><course>270.515387</course><hAcc>1.409554</hAcc><vAcc>0.889059</vAcc></extensions></trkpt>
      <trkpt lon="-117.164085" lat="32.896585"><ele>99.251496</ele><time>2024-08-28T02:33:41Z</time><extensions><speed>1.469026</speed><course>270.270490</course><hAcc>1.419730</hAcc><vAcc>0.882892</vAcc></extensions></trkpt>
      <trkpt lon="-117.164100" lat="32.896586"><ele>98.695469</ele><time>2024-08-28T02:33:42Z</time><extensions><speed>1.513115</speed><course>271.969267</course><hAcc>1.391637</hAcc><vAcc>0.877141</vAcc></extensions></trkpt>
      <trkpt lon="-117.164115" lat="32.896586"><ele>98.153307</ele><time>2024-08-28T02:33:43Z</time><extensions><speed>1.308457</speed><course>271.220718</course><hAcc>1.414460</hAcc><vAcc>0.871136</vAcc></extensions></trkpt>
      <trkpt lon="-117.164129" lat="32.896586"><ele>97.610519</ele><time>2024-08-28T02:33:44Z</time><extensions><speed>1.220156</speed><course>266.829834</course><hAcc>1.406148</hAcc><vAcc>0.865001</vAcc></extensions></trkpt>
      <trkpt lon="-117.164141" lat="32.896584"><ele>97.084747</ele><time>2024-08-28T02:33:45Z</time><extensions><speed>1.113251</speed><course>255.137874</course><hAcc>1.381857</hAcc><vAcc>0.859064</vAcc></extensions></trkpt>
      <trkpt lon="-117.164153" lat="32.896580"><ele>96.583821</ele><time>2024-08-28T02:33:46Z</time><extensions><speed>1.271222</speed><course>243.243280</course><hAcc>1.378833</hAcc><vAcc>0.853121</vAcc></extensions></trkpt>
      <trkpt lon="-117.164165" lat="32.896574"><ele>96.120134</ele><time>2024-08-28T02:33:47Z</time><extensions><speed>1.407150</speed><course>232.222988</course><hAcc>1.384486</hAcc><vAcc>0.847791</vAcc></extensions></trkpt>
      <trkpt lon="-117.164176" lat="32.896565"><ele>95.698822</ele><time>2024-08-28T02:33:48Z</time><extensions><speed>1.426752</speed><course>219.662414</course><hAcc>1.392336</hAcc><vAcc>0.841755</vAcc></extensions></trkpt>
      <trkpt lon="-117.164185" lat="32.896554"><ele>95.299019</ele><time>2024-08-28T02:33:49Z</time><extensions><speed>1.493686</speed><course>211.404268</course><hAcc>1.371139</hAcc><vAcc>0.836050</vAcc></extensions></trkpt>
      <trkpt lon="-117.164192" lat="32.896543"><ele>94.938066</ele><time>2024-08-28T02:33:50Z</time><extensions><speed>1.371503</speed><course>206.578524</course><hAcc>1.384535</hAcc><vAcc>0.829578</vAcc></extensions></trkpt>
      <trkpt lon="-117.164198" lat="32.896532"><ele>94.597744</ele><time>2024-08-28T02:33:51Z</time><extensions><speed>1.276390</speed><course>201.590081</course><hAcc>1.391177</hAcc><vAcc>0.822967</vAcc></extensions></trkpt>
      <trkpt lon="-117.164202" lat="32.896521"><ele>94.291860</ele><time>2024-08-28T02:33:52Z</time><extensions><speed>1.276581</speed><course>191.109947</course><hAcc>1.354768</hAcc><vAcc>0.816483</vAcc></extensions></trkpt>
      <trkpt lon="-117.164204" lat="32.896509"><ele>94.009147</ele><time>2024-08-28T02:33:53Z</time><extensions><speed>1.432567</speed><course>186.485584</course><hAcc>1.347835</hAcc><vAcc>0.810202</vAcc></extensions></trkpt>
      <trkpt lon="-117.164205" lat="32.896495"><ele>93.739692</ele><time>2024-08-28T02:33:54Z</time><extensions><speed>1.581206</speed><course>181.820024</course><hAcc>1.344866</hAcc><vAcc>0.804655</vAcc></extensions></trkpt>
      <trkpt lon="-117.164205" lat="32.896480"><ele>93.503180</ele><time>2024-08-28T02:33:55Z</time><extensions><speed>1.654400</speed><course>177.677269</course><hAcc>1.338849</hAcc><vAcc>0.799557</vAcc></extensions></trkpt>
      <trkpt lon="-117.164204" lat="32.896465"><ele>93.295941</ele><time>2024-08-28T02:33:56Z</time><extensions><speed>1.723106</speed><course>176.120692</course><hAcc>1.332894</hAcc><vAcc>0.794964</vAcc></extensions></trkpt>
      <trkpt lon="-117.164202" lat="32.896450"><ele>93.109939</ele><time>2024-08-28T02:33:57Z</time><extensions><speed>1.550672</speed><course>171.126729</course><hAcc>1.338758</hAcc><vAcc>0.791124</vAcc></extensions></trkpt>
      <trkpt lon="-117.164199" lat="32.896436"><ele>92.949384</ele><time>2024-08-28T02:33:58Z</time><extensions><speed>1.583023</speed><course>170.825535</course><hAcc>1.321398</hAcc><vAcc>0.787827</vAcc></extensions></trkpt>
      <trkpt lon="-117.164197" lat="32.896423"><ele>92.811879</ele><time>2024-08-28T02:33:59Z</time><extensions><speed>1.422265</speed><course>175.237231</course><hAcc>1.342409</hAcc><vAcc>0.784838</vAcc></extensions></trkpt>
      <trkpt lon="-117.164196" lat="32.896410"><ele>92.703602</ele><time>2024-08-28T02:34:00Z</time><extensions><speed>1.459880</speed><course>180.628510</course><hAcc>1.312581</hAcc><vAcc>0.781917</vAcc></extensions></trkpt>
      <trkpt lon="-117.164196" lat="32.896396"><ele>92.612828</ele><time>2024-08-28T02:34:01Z</time><extensions><speed>1.537930</speed><course>180.904516</course><hAcc>1.305005</hAcc><vAcc>0.779375</vAcc></extensions></trkpt>
      <trkpt lon="-117.164197" lat="32.896383"><ele>92.533006</ele><time>2024-08-28T02:34:02Z</time><extensions><speed>1.534217</speed><course>180.320895</course><hAcc>1.314689</hAcc><vAcc>0.777262</vAcc></extensions></trkpt>
      <trkpt lon="-117.164196" lat="32.896368"><ele>92.463157</ele><time>2024-08-28T02:34:03Z</time><extensions><speed>1.580542</speed><course>178.194869</course><hAcc>1.319654</hAcc><vAcc>0.775638</vAcc></extensions></trkpt>
      <trkpt lon="-117.164196" lat="32.896355"><ele>92.395276</ele><time>2024-08-28T02:34:04Z</time><extensions><speed>1.435880</speed><course>176.544450</course><hAcc>1.333492</hAcc><vAcc>0.774307</vAcc></extensions></trkpt>
      <trkpt lon="-117.164194" lat="32.896342"><ele>92.340472</ele><time>2024-08-28T02:34:05Z</time><extensions><speed>1.482404</speed><course>168.399907</course><hAcc>1.308833</hAcc><vAcc>0.773198</vAcc></extensions></trkpt>
      <trkpt lon="-117.164190" lat="32.896328"><ele>92.293689</ele><time>2024-08-28T02:34:06Z</time><extensions><speed>1.578754</speed><course>166.466232</course><hAcc>1.303999</hAcc><vAcc>0.772188</vAcc></extensions></trkpt>
      <trkpt lon="-117.164186" lat="32.896315"><ele>92.246688</ele><time>2024-08-28T02:34:07Z</time><extensions><speed>1.491808</speed><course>167.881767</course><hAcc>1.329519</hAcc><vAcc>0.771151</vAcc></extensions></trkpt>
      <trkpt lon="-117.164183" lat="32.896302"><ele>92.199189</ele><time>2024-08-28T02:34:08Z</time><extensions><speed>1.440091</speed><course>171.569895</course><hAcc>1.340801</hAcc><vAcc>0.769973</vAcc></extensions></trkpt>
      <trkpt lon="-117.164181" lat="32.896289"><ele>92.158265</ele><time>2024-08-28T02:34:09Z</time><extensions><speed>1.427046</speed><course>173.211670</course><hAcc>1.314287</hAcc><vAcc>0.768608</vAcc></extensions></trkpt>
      <trkpt lon="-117.164180" lat="32.896276"><ele>92.116136</ele><time>2024-08-28T02:34:10Z</time><extensions><speed>1.455105</speed><course>176.690717</course><hAcc>1.300446</hAcc><vAcc>0.767101</vAcc></extensions></trkpt>
      <trkpt lon="-117.164179" lat="32.896263"><ele>92.076962</ele><time>2024-08-28T02:34:11Z</time><extensions><speed>1.520672</speed><course>176.829868</course><hAcc>1.303484</hAcc><vAcc>0.765552</vAcc></extensions></trkpt>
      <trkpt lon="-117.164177" lat="32.896249"><ele>92.037346</ele><time>2024-08-28T02:34:12Z</time><extensions><speed>1.524954</speed><course>173.522432</course><hAcc>1.320898</hAcc><vAcc>0.764266</vAcc></extensions></trkpt>
      <trkpt lon="-117.164176" lat="32.896236"><ele>92.001096</ele><time>2024-08-28T02:34:13Z</time><extensions><speed>1.417617</speed><course>172.719691</course><hAcc>1.350867</hAcc><vAcc>0.763668</vAcc></extensions></trkpt>
      <trkpt lon="-117.164173" lat="32.896223"><ele>91.968011</ele><time>2024-08-28T02:34:14Z</time><extensions><speed>1.476578</speed><course>172.451992</course><hAcc>1.335129</hAcc><vAcc>0.763956</vAcc></extensions></trkpt>
      <trkpt lon="-117.164171" lat="32.896210"><ele>91.932398</ele><time>2024-08-28T02:34:15Z</time><extensions><speed>1.396439</speed><course>168.092823</course><hAcc>1.350446</hAcc><vAcc>0.765219</vAcc></extensions></trkpt>
      <trkpt lon="-117.164167" lat="32.896198"><ele>91.896858</ele><time>2024-08-28T02:34:16Z</time><extensions><speed>1.317034</speed><course>162.225666</course><hAcc>1.362608</hAcc><vAcc>0.767392</vAcc></extensions></trkpt>
      <trkpt lon="-117.164162" lat="32.896187"><ele>91.874821</ele><time>2024-08-28T02:34:17Z</time><extensions><speed>1.248862</speed><course>153.863175</course><hAcc>1.383171</hAcc><vAcc>0.770527</vAcc></extensions></trkpt>
      <trkpt lon="-117.164156" lat="32.896177"><ele>91.868239</ele><time>2024-08-28T02:34:18Z</time><extensions><speed>1.339704</speed><course>152.452428</course><hAcc>1.409737</hAcc><vAcc>0.775174</vAcc></extensions></trkpt>
      <trkpt lon="-117.164148" lat="32.896166"><ele>91.874206</ele><time>2024-08-28T02:34:19Z</time><extensions><speed>1.527743</speed><course>152.888482</course><hAcc>1.437378</hAcc><vAcc>0.782046</vAcc></extensions></trkpt>
      <trkpt lon="-117.164141" lat="32.896153"><ele>91.885742</ele><time>2024-08-28T02:34:20Z</time><extensions><speed>1.567050</speed><course>152.831447</course><hAcc>1.463830</hAcc><vAcc>0.790439</vAcc></extensions></trkpt>
      <trkpt lon="-117.164134" lat="32.896141"><ele>91.904875</ele><time>2024-08-28T02:34:21Z</time><extensions><speed>1.526968</speed><course>156.201961</course><hAcc>1.492565</hAcc><vAcc>0.799768</vAcc></extensions></trkpt>
      <trkpt lon="-117.164127" lat="32.896129"><ele>91.952221</ele><time>2024-08-28T02:34:22Z</time><extensions><speed>1.441334</speed><course>157.053565</course><hAcc>1.526484</hAcc><vAcc>0.810066</vAcc></extensions></trkpt>
      <trkpt lon="-117.164121" lat="32.896117"><ele>92.023755</ele><time>2024-08-28T02:34:23Z</time><extensions><speed>1.348514</speed><course>155.533266</course><hAcc>1.564831</hAcc><vAcc>0.820475</vAcc></extensions></trkpt>
      <trkpt lon="-117.164115" lat="32.896107"><ele>92.112645</ele><time>2024-08-28T02:34:24Z</time><extensions><speed>1.277518</speed><course>150.794904</course><hAcc>1.597711</hAcc><vAcc>0.830455</vAcc></extensions></trkpt>
      <trkpt lon="-117.164108" lat="32.896097"><ele>92.211548</ele><time>2024-08-28T02:34:25Z</time><extensions><speed>1.236233</speed><course>144.072303</course><hAcc>1.621415</hAcc><vAcc>0.839793</vAcc></extensions></trkpt>
      <trkpt lon="-117.164099" lat="32.896089"><ele>92.323777</ele><time>2024-08-28T02:34:26Z</time><extensions><speed>1.256577</speed><course>137.232591</course><hAcc>1.638792</hAcc><vAcc>0.848490</vAcc></extensions></trkpt>
      <trkpt lon="-117.164089" lat="32.896081"><ele>92.467602</ele><time>2024-08-28T02:34:27Z</time><extensions><speed>1.337614</speed><course>133.239098</course><hAcc>1.657261</hAcc><vAcc>0.856188</vAcc></extensions></trkpt>
      <trkpt lon="-117.164079" lat="32.896073"><ele>92.642003</ele><time>2024-08-28T02:34:28Z</time><extensions><speed>1.382636</speed><course>132.600425</course><hAcc>1.682811</hAcc><vAcc>0.863707</vAcc></extensions></trkpt>
      <trkpt lon="-117.164068" lat="32.896064"><ele>92.835049</ele><time>2024-08-28T02:34:29Z</time><extensions><speed>1.346846</speed><course>132.610956</course><hAcc>1.719887</hAcc><vAcc>0.869582</vAcc></extensions></trkpt>
      <trkpt lon="-117.164057" lat="32.896056"><ele>93.049112</ele><time>2024-08-28T02:34:30Z</time><extensions><speed>1.308416</speed><course>127.561789</course><hAcc>1.699041</hAcc><vAcc>0.874263</vAcc></extensions></trkpt>
      <trkpt lon="-117.164046" lat="32.896050"><ele>93.286430</ele><time>2024-08-28T02:34:31Z</time><extensions><speed>1.195160</speed><course>118.844084</course><hAcc>1.685107</hAcc><vAcc>0.877036</vAcc></extensions></trkpt>
      <trkpt lon="-117.164035" lat="32.896045"><ele>93.533893</ele><time>2024-08-28T02:34:32Z</time><extensions><speed>1.162999</speed><course>113.513564</course><hAcc>1.678132</hAcc><vAcc>0.878919</vAcc></extensions></trkpt>
      <trkpt lon="-117.164023" lat="32.896041"><ele>93.792798</ele><time>2024-08-28T02:34:33Z</time><extensions><speed>1.265162</speed><course>118.292356</course><hAcc>1.666217</hAcc><vAcc>0.879072</vAcc></extensions></trkpt>
      <trkpt lon="-117.164011" lat="32.896034"><ele>94.057488</ele><time>2024-08-28T02:34:34Z</time><extensions><speed>1.381240</speed><course>125.489044</course><hAcc>1.656325</hAcc><vAcc>0.878227</vAcc></extensions></trkpt>
      <trkpt lon="-117.163999" lat="32.896027"><ele>94.338620</ele><time>2024-08-28T02:34:35Z</time><extensions><speed>1.441650</speed><course>129.363854</course><hAcc>1.653474</hAcc><vAcc>0.876859</vAcc></extensions></trkpt>
      <trkpt lon="-117.163987" lat="32.896018"><ele>94.631501</ele><time>2024-08-28T02:34:36Z</time><extensions><speed>1.475703</speed><course>129.043630</course><hAcc>1.629737</hAcc><vAcc>0.875686</vAcc></extensions></trkpt>
      <trkpt lon="-117.163975" lat="32.896009"><ele>94.921253</ele><time>2024-08-28T02:34:37Z</time><extensions><speed>1.519729</speed><course>131.010068</course><hAcc>1.602882</hAcc><vAcc>0.874769</vAcc></extensions></trkpt>
      <trkpt lon="-117.163964" lat="32.896000"><ele>95.197929</ele><time>2024-08-28T02:34:38Z</time><extensions><speed>1.477125</speed><course>136.382878</course><hAcc>1.600521</hAcc><vAcc>0.873239</vAcc></extensions></trkpt>
      <trkpt lon="-117.163953" lat="32.895990"><ele>95.478682</ele><time>2024-08-28T02:34:39Z</time><extensions><speed>1.480980</speed><course>139.933941</course><hAcc>1.589364</hAcc><vAcc>0.872313</vAcc></extensions></trkpt>
      <trkpt lon="-117.163943" lat="32.895980"><ele>95.779679</ele><time>2024-08-28T02:34:40Z</time><extensions><speed>1.459131</speed><course>142.043940</course><hAcc>1.572991</hAcc><vAcc>0.870911</vAcc></extensions></trkpt>
      <trkpt lon="-117.163934" lat="32.895969"><ele>96.074319</ele><time>2024-08-28T02:34:41Z</time><extensions><speed>1.439157</speed><course>142.839738</course><hAcc>1.560445</hAcc><vAcc>0.870167</vAcc></extensions></trkpt>
      <trkpt lon="-117.163925" lat="32.895959"><ele>96.360480</ele><time>2024-08-28T02:34:42Z</time><extensions><speed>1.387576</speed><course>143.796062</course><hAcc>1.560465</hAcc><vAcc>0.869711</vAcc></extensions></trkpt>
      <trkpt lon="-117.163917" lat="32.895948"><ele>96.621190</ele><time>2024-08-28T02:34:43Z</time><extensions><speed>1.407144</speed><course>145.844797</course><hAcc>1.554336</hAcc><vAcc>0.869828</vAcc></extensions></trkpt>
      <trkpt lon="-117.163909" lat="32.895937"><ele>96.856523</ele><time>2024-08-28T02:34:44Z</time><extensions><speed>1.409160</speed><course>146.741075</course><hAcc>1.547361</hAcc><vAcc>0.870448</vAcc></extensions></trkpt>
      <trkpt lon="-117.163901" lat="32.895927"><ele>97.075662</ele><time>2024-08-28T02:34:45Z</time><extensions><speed>1.417114</speed><course>149.861075</course><hAcc>1.538668</hAcc><vAcc>0.870922</vAcc></extensions></trkpt>
      <trkpt lon="-117.163894" lat="32.895914"><ele>97.269065</ele><time>2024-08-28T02:34:46Z</time><extensions><speed>1.529357</speed><course>156.497190</course><hAcc>1.536581</hAcc><vAcc>0.871419</vAcc></extensions></trkpt>
      <trkpt lon="-117.163888" lat="32.895901"><ele>97.447052</ele><time>2024-08-28T02:34:47Z</time><extensions><speed>1.525119</speed><course>161.853977</course><hAcc>1.542080</hAcc><vAcc>0.871745</vAcc></extensions></trkpt>
      <trkpt lon="-117.163883" lat="32.895887"><ele>97.604796</ele><time>2024-08-28T02:34:48Z</time><extensions><speed>1.730844</speed><course>162.904307</course><hAcc>1.510670</hAcc><vAcc>0.871799</vAcc></extensions></trkpt>
      <trkpt lon="-117.163877" lat="32.895873"><ele>97.736460</ele><time>2024-08-28T02:34:49Z</time><extensions><speed>1.558240</speed><course>162.195106</course><hAcc>1.510548</hAcc><vAcc>0.872260</vAcc></extensions></trkpt>
      <trkpt lon="-117.163873" lat="32.895859"><ele>97.840829</ele><time>2024-08-28T02:34:50Z</time><extensions><speed>1.627865</speed><course>168.247790</course><hAcc>1.487746</hAcc><vAcc>0.871682</vAcc></extensions></trkpt>
      <trkpt lon="-117.163870" lat="32.895845"><ele>97.917592</ele><time>2024-08-28T02:34:51Z</time><extensions><speed>1.605984</speed><course>174.131304</course><hAcc>1.482533</hAcc><vAcc>0.869757</vAcc></extensions></trkpt>
      <trkpt lon="-117.163869" lat="32.895830"><ele>97.963820</ele><time>2024-08-28T02:34:52Z</time><extensions><speed>1.596164</speed><course>177.689211</course><hAcc>1.476564</hAcc><vAcc>0.867394</vAcc></extensions></trkpt>
      <trkpt lon="-117.163868" lat="32.895816"><ele>97.979816</ele><time>2024-08-28T02:34:53Z</time><extensions><speed>1.602078</speed><course>177.283809</course><hAcc>1.472138</hAcc><vAcc>0.863322</vAcc></extensions></trkpt>
      <trkpt lon="-117.163867" lat="32.895802"><ele>97.983352</ele><time>2024-08-28T02:34:54Z</time><extensions><speed>1.436323</speed><course>176.679738</course><hAcc>1.489487</hAcc><vAcc>0.858890</vAcc></extensions></trkpt>
      <trkpt lon="-117.163866" lat="32.895789"><ele>97.983714</ele><time>2024-08-28T02:34:55Z</time><extensions><speed>1.415140</speed><course>178.631688</course><hAcc>1.455614</hAcc><vAcc>0.853017</vAcc></extensions></trkpt>
      <trkpt lon="-117.163866" lat="32.895776"><ele>97.974921</ele><time>2024-08-28T02:34:56Z</time><extensions><speed>1.491786</speed><course>178.049371</course><hAcc>1.439741</hAcc><vAcc>0.846865</vAcc></extensions></trkpt>
      <trkpt lon="-117.163865" lat="32.895763"><ele>97.955059</ele><time>2024-08-28T02:34:57Z</time><extensions><speed>1.493965</speed><course>174.246007</course><hAcc>1.436344</hAcc><vAcc>0.839719</vAcc></extensions></trkpt>
      <trkpt lon="-117.163862" lat="32.895750"><ele>97.937257</ele><time>2024-08-28T02:34:58Z</time><extensions><speed>1.454249</speed><course>170.474019</course><hAcc>1.440364</hAcc><vAcc>0.832130</vAcc></extensions></trkpt>
      <trkpt lon="-117.163858" lat="32.895738"><ele>97.921979</ele><time>2024-08-28T02:34:59Z</time><extensions><speed>1.359532</speed><course>157.407429</course><hAcc>1.457892</hAcc><vAcc>0.824263</vAcc></extensions></trkpt>
      <trkpt lon="-117.163851" lat="32.895727"><ele>97.904838</ele><time>2024-08-28T02:35:00Z</time><extensions><speed>1.406526</speed><course>141.481411</course><hAcc>1.423748</hAcc><vAcc>0.816606</vAcc></extensions></trkpt>
      <trkpt lon="-117.163841" lat="32.895717"><ele>97.893480</ele><time>2024-08-28T02:35:01Z</time><extensions><speed>1.513168</speed><course>138.247086</course><hAcc>1.398273</hAcc><vAcc>0.809347</vAcc></extensions></trkpt>
      <trkpt lon="-117.163830" lat="32.895706"><ele>97.884354</ele><time>2024-08-28T02:35:02Z</time><extensions><speed>1.545543</speed><course>140.217519</course><hAcc>1.389159</hAcc><vAcc>0.802725</vAcc></extensions></trkpt>
      <trkpt lon="-117.163819" lat="32.895695"><ele>97.886607</ele><time>2024-08-28T02:35:03Z</time><extensions><speed>1.631012</speed><course>141.659356</course><hAcc>1.379601</hAcc><vAcc>0.796760</vAcc></extensions></trkpt>
      <trkpt lon="-117.163809" lat="32.895684"><ele>97.892157</ele><time>2024-08-28T02:35:04Z</time><extensions><speed>1.537881</speed><course>142.639892</course><hAcc>1.388098</hAcc><vAcc>0.791513</vAcc></extensions></trkpt>
      <trkpt lon="-117.163799" lat="32.895673"><ele>97.913275</ele><time>2024-08-28T02:35:05Z</time><extensions><speed>1.625704</speed><course>142.864021</course><hAcc>1.373458</hAcc><vAcc>0.787618</vAcc></extensions></trkpt>
      <trkpt lon="-117.163789" lat="32.895661"><ele>97.938022</ele><time>2024-08-28T02:35:06Z</time><extensions><speed>1.529415</speed><course>144.224720</course><hAcc>1.383761</hAcc><vAcc>0.784991</vAcc></extensions></trkpt>
      <trkpt lon="-117.163779" lat="32.895649"><ele>97.950533</ele><time>2024-08-28T02:35:07Z</time><extensions><speed>1.692690</speed><course>147.492608</course><hAcc>1.372562</hAcc><vAcc>0.783262</vAcc></extensions></trkpt>
      <trkpt lon="-117.163769" lat="32.895635"><ele>97.987214</ele><time>2024-08-28T02:35:08Z</time><extensions><speed>1.859869</speed><course>148.245614</course><hAcc>1.359294</hAcc><vAcc>0.781948</vAcc></extensions></trkpt>
      <trkpt lon="-117.163759" lat="32.895621"><ele>98.030135</ele><time>2024-08-28T02:35:09Z</time><extensions><speed>1.836256</speed><course>148.730179</course><hAcc>1.368109</hAcc><vAcc>0.781329</vAcc></extensions></trkpt>
      <trkpt lon="-117.163749" lat="32.895608"><ele>98.070111</ele><time>2024-08-28T02:35:10Z</time><extensions><speed>1.479056</speed><course>149.223253</course><hAcc>1.401528</hAcc><vAcc>0.781857</vAcc></extensions></trkpt>
      <trkpt lon="-117.163742" lat="32.895598"><ele>98.116608</ele><time>2024-08-28T02:35:11Z</time><extensions><speed>1.175676</speed><course>151.347391</course><hAcc>1.416034</hAcc><vAcc>0.782645</vAcc></extensions></trkpt>
      <trkpt lon="-117.163736" lat="32.895588"><ele>98.157795</ele><time>2024-08-28T02:35:12Z</time><extensions><speed>1.304174</speed><course>149.740455</course><hAcc>1.399695</hAcc><vAcc>0.783466</vAcc></extensions></trkpt>
      <trkpt lon="-117.163729" lat="32.895578"><ele>98.198775</ele><time>2024-08-28T02:35:13Z</time><extensions><speed>1.308096</speed><course>148.738828</course><hAcc>1.387108</hAcc><vAcc>0.783865</vAcc></extensions></trkpt>
      <trkpt lon="-117.163721" lat="32.895567"><ele>98.239772</ele><time>2024-08-28T02:35:14Z</time><extensions><speed>1.457337</speed><course>150.352147</course><hAcc>1.381293</hAcc><vAcc>0.783978</vAcc></extensions></trkpt>
      <trkpt lon="-117.163714" lat="32.895555"><ele>98.287987</ele><time>2024-08-28T02:35:15Z</time><extensions><speed>1.419145</speed><course>154.066635</course><hAcc>1.397155</hAcc><vAcc>0.783710</vAcc></extensions></trkpt>
      <trkpt lon="-117.163708" lat="32.895544"><ele>98.338089</ele><time>2024-08-28T02:35:16Z</time><extensions><speed>1.277889</speed><course>156.809152</course><hAcc>1.387753</hAcc><vAcc>0.782984</vAcc></extensions></trkpt>
      <trkpt lon="-117.163702" lat="32.895533"><ele>98.393210</ele><time>2024-08-28T02:35:17Z</time><extensions><speed>1.338357</speed><course>156.522600</course><hAcc>1.371506</hAcc><vAcc>0.782369</vAcc></extensions></trkpt>
      <trkpt lon="-117.163696" lat="32.895521"><ele>98.451367</ele><time>2024-08-28T02:35:18Z</time><extensions><speed>1.538251</speed><course>157.491127</course><hAcc>1.349767</hAcc><vAcc>0.781618</vAcc></extensions></trkpt>
      <trkpt lon="-117.163689" lat="32.895508"><ele>98.515230</ele><time>2024-08-28T02:35:19Z</time><extensions><speed>1.721507</speed><course>158.803127</course><hAcc>1.343125</hAcc><vAcc>0.780954</vAcc></extensions></trkpt>
      <trkpt lon="-117.163682" lat="32.895494"><ele>98.584921</ele><time>2024-08-28T02:35:20Z</time><extensions><speed>1.602264</speed><course>153.857843</course><hAcc>1.353572</hAcc><vAcc>0.780591</vAcc></extensions></trkpt>
      <trkpt lon="-117.163674" lat="32.895481"><ele>98.665775</ele><time>2024-08-28T02:35:21Z</time><extensions><speed>1.607175</speed><course>148.554451</course><hAcc>1.349141</hAcc><vAcc>0.780544</vAcc></extensions></trkpt>
      <trkpt lon="-117.163664" lat="32.895469"><ele>98.747095</ele><time>2024-08-28T02:35:22Z</time><extensions><speed>1.526167</speed><course>144.767880</course><hAcc>1.368954</hAcc><vAcc>0.781156</vAcc></extensions></trkpt>
      <trkpt lon="-117.163655" lat="32.895458"><ele>98.830988</ele><time>2024-08-28T02:35:23Z</time><extensions><speed>1.530435</speed><course>142.843378</course><hAcc>1.345411</hAcc><vAcc>0.782589</vAcc></extensions></trkpt>
      <trkpt lon="-117.163645" lat="32.895447"><ele>98.906271</ele><time>2024-08-28T02:35:24Z</time><extensions><speed>1.431988</speed><course>144.391575</course><hAcc>1.341632</hAcc><vAcc>0.785114</vAcc></extensions></trkpt>
      <trkpt lon="-117.163636" lat="32.895436"><ele>98.983949</ele><time>2024-08-28T02:35:25Z</time><extensions><speed>1.518415</speed><course>145.646923</course><hAcc>1.348423</hAcc><vAcc>0.788451</vAcc></extensions></trkpt>
      <trkpt lon="-117.163627" lat="32.895425"><ele>99.047358</ele><time>2024-08-28T02:35:26Z</time><extensions><speed>1.624090</speed><course>145.651529</course><hAcc>1.352336</hAcc><vAcc>0.791310</vAcc></extensions></trkpt>
      <trkpt lon="-117.163617" lat="32.895413"><ele>99.105271</ele><time>2024-08-28T02:35:27Z</time><extensions><speed>1.614023</speed><course>143.963227</course><hAcc>1.355354</hAcc><vAcc>0.795395</vAcc></extensions></trkpt>
      <trkpt lon="-117.163606" lat="32.895401"><ele>99.156897</ele><time>2024-08-28T02:35:28Z</time><extensions><speed>1.636904</speed><course>141.571876</course><hAcc>1.339027</hAcc><vAcc>0.800082</vAcc></extensions></trkpt>
      <trkpt lon="-117.163595" lat="32.895390"><ele>99.184190</ele><time>2024-08-28T02:35:29Z</time><extensions><speed>1.642518</speed><course>139.812448</course><hAcc>1.320050</hAcc><vAcc>0.804863</vAcc></extensions></trkpt>
      <trkpt lon="-117.163584" lat="32.895379"><ele>99.199619</ele><time>2024-08-28T02:35:30Z</time><extensions><speed>1.612676</speed><course>140.162624</course><hAcc>1.311292</hAcc><vAcc>0.809549</vAcc></extensions></trkpt>
      <trkpt lon="-117.163573" lat="32.895367"><ele>99.218380</ele><time>2024-08-28T02:35:31Z</time><extensions><speed>1.647793</speed><course>141.309786</course><hAcc>1.295593</hAcc><vAcc>0.814311</vAcc></extensions></trkpt>
      <trkpt lon="-117.163562" lat="32.895356"><ele>99.228418</ele><time>2024-08-28T02:35:32Z</time><extensions><speed>1.577389</speed><course>143.925396</course><hAcc>1.298098</hAcc><vAcc>0.818383</vAcc></extensions></trkpt>
      <trkpt lon="-117.163552" lat="32.895345"><ele>99.224872</ele><time>2024-08-28T02:35:33Z</time><extensions><speed>1.528262</speed><course>141.074583</course><hAcc>1.293833</hAcc><vAcc>0.821996</vAcc></extensions></trkpt>
      <trkpt lon="-117.163542" lat="32.895335"><ele>99.200702</ele><time>2024-08-28T02:35:34Z</time><extensions><speed>1.489376</speed><course>135.845053</course><hAcc>1.270331</hAcc><vAcc>0.824515</vAcc></extensions></trkpt>
      <trkpt lon="-117.163530" lat="32.895326"><ele>99.171016</ele><time>2024-08-28T02:35:35Z</time><extensions><speed>1.439262</speed><course>129.580084</course><hAcc>1.254992</hAcc><vAcc>0.826681</vAcc></extensions></trkpt>
      <trkpt lon="-117.163518" lat="32.895319"><ele>99.154151</ele><time>2024-08-28T02:35:36Z</time><extensions><speed>1.412926</speed><course>122.035688</course><hAcc>1.228590</hAcc><vAcc>0.828332</vAcc></extensions></trkpt>
      <trkpt lon="-117.163505" lat="32.895313"><ele>99.137252</ele><time>2024-08-28T02:35:37Z</time><extensions><speed>1.415562</speed><course>113.118663</course><hAcc>1.241402</hAcc><vAcc>0.829955</vAcc></extensions></trkpt>
      <trkpt lon="-117.163491" lat="32.895309"><ele>99.114848</ele><time>2024-08-28T02:35:38Z</time><extensions><speed>1.432921</speed><course>107.905158</course><hAcc>1.232387</hAcc><vAcc>0.830358</vAcc></extensions></trkpt>
      <trkpt lon="-117.163476" lat="32.895306"><ele>99.112222</ele><time>2024-08-28T02:35:39Z</time><extensions><speed>1.399670</speed><course>100.574178</course><hAcc>1.208649</hAcc><vAcc>0.829613</vAcc></extensions></trkpt>
      <trkpt lon="-117.163462" lat="32.895304"><ele>99.128719</ele><time>2024-08-28T02:35:40Z</time><extensions><speed>1.421028</speed><course>89.192962</course><hAcc>1.195183</hAcc><vAcc>0.828226</vAcc></extensions></trkpt>
      <trkpt lon="-117.163447" lat="32.895306"><ele>99.148273</ele><time>2024-08-28T02:35:41Z</time><extensions><speed>1.469580</speed><course>78.695833</course><hAcc>1.197360</hAcc><vAcc>0.826109</vAcc></extensions></trkpt>
      <trkpt lon="-117.163432" lat="32.895309"><ele>99.184704</ele><time>2024-08-28T02:35:42Z</time><extensions><speed>1.480719</speed><course>67.802076</course><hAcc>1.191215</hAcc><vAcc>0.823205</vAcc></extensions></trkpt>
      <trkpt lon="-117.163418" lat="32.895315"><ele>99.222618</ele><time>2024-08-28T02:35:43Z</time><extensions><speed>1.481033</speed><course>59.654878</course><hAcc>1.199032</hAcc><vAcc>0.819507</vAcc></extensions></trkpt>
      <trkpt lon="-117.163405" lat="32.895323"><ele>99.266301</ele><time>2024-08-28T02:35:44Z</time><extensions><speed>1.491772</speed><course>47.769965</course><hAcc>1.178981</hAcc><vAcc>0.815061</vAcc></extensions></trkpt>
      <trkpt lon="-117.163394" lat="32.895332"><ele>99.328460</ele><time>2024-08-28T02:35:45Z</time><extensions><speed>1.439121</speed><course>47.367024</course><hAcc>1.210449</hAcc><vAcc>0.809951</vAcc></extensions></trkpt>
      <trkpt lon="-117.163382" lat="32.895340"><ele>99.407209</ele><time>2024-08-28T02:35:46Z</time><extensions><speed>1.379874</speed><course>48.726670</course><hAcc>1.232471</hAcc><vAcc>0.804288</vAcc></extensions></trkpt>
      <trkpt lon="-117.163372" lat="32.895348"><ele>99.492795</ele><time>2024-08-28T02:35:47Z</time><extensions><speed>1.259547</speed><course>52.022405</course><hAcc>1.243235</hAcc><vAcc>0.798326</vAcc></extensions></trkpt>
      <trkpt lon="-117.163362" lat="32.895354"><ele>99.563289</ele><time>2024-08-28T02:35:48Z</time><extensions><speed>0.937149</speed><course>54.466247</course><hAcc>1.238777</hAcc><vAcc>0.792142</vAcc></extensions></trkpt>
      <trkpt lon="-117.163355" lat="32.895358"><ele>99.636045</ele><time>2024-08-28T02:35:49Z</time><extensions><speed>0.695070</speed><course>61.161542</course><hAcc>1.257509</hAcc><vAcc>0.786098</vAcc></extensions></trkpt>
      <trkpt lon="-117.163348" lat="32.895361"><ele>99.720100</ele><time>2024-08-28T02:35:50Z</time><extensions><speed>0.666183</speed><course>67.639490</course><hAcc>1.289167</hAcc><vAcc>0.780481</vAcc></extensions></trkpt>
      <trkpt lon="-117.163342" lat="32.895363"><ele>99.818658</ele><time>2024-08-28T02:35:51Z</time><extensions><speed>0.670730</speed><course>68.568916</course><hAcc>1.318465</hAcc><vAcc>0.775493</vAcc></extensions></trkpt>
      <trkpt lon="-117.163335" lat="32.895365"><ele>99.929702</ele><time>2024-08-28T02:35:52Z</time><extensions><speed>0.572752</speed><course>75.293908</course><hAcc>1.330809</hAcc><vAcc>0.771237</vAcc></extensions></trkpt>
      <trkpt lon="-117.163330" lat="32.895366"><ele>100.050479</ele><time>2024-08-28T02:35:53Z</time><extensions><speed>0.452017</speed><course>75.094383</course><hAcc>1.319818</hAcc><vAcc>0.767730</vAcc></extensions></trkpt>
      <trkpt lon="-117.163324" lat="32.895368"><ele>100.179464</ele><time>2024-08-28T02:35:54Z</time><extensions><speed>0.703255</speed><course>62.661314</course><hAcc>1.300221</hAcc><vAcc>0.764934</vAcc></extensions></trkpt>
      <trkpt lon="-117.163316" lat="32.895372"><ele>100.303185</ele><time>2024-08-28T02:35:55Z</time><extensions><speed>1.199994</speed><course>55.762459</course><hAcc>1.311500</hAcc><vAcc>0.762768</vAcc></extensions></trkpt>
      <trkpt lon="-117.163303" lat="32.895379"><ele>100.431684</ele><time>2024-08-28T02:35:56Z</time><extensions><speed>1.617284</speed><course>59.256243</course><hAcc>1.312076</hAcc><vAcc>0.761455</vAcc></extensions></trkpt>
      <trkpt lon="-117.163288" lat="32.895386"><ele>100.571061</ele><time>2024-08-28T02:35:57Z</time><extensions><speed>1.603754</speed><course>65.837964</course><hAcc>1.317846</hAcc><vAcc>0.760642</vAcc></extensions></trkpt>
      <trkpt lon="-117.163272" lat="32.895392"><ele>100.720836</ele><time>2024-08-28T02:35:58Z</time><extensions><speed>1.586532</speed><course>66.206451</course><hAcc>1.287577</hAcc><vAcc>0.760510</vAcc></extensions></trkpt>
      <trkpt lon="-117.163257" lat="32.895398"><ele>100.880357</ele><time>2024-08-28T02:35:59Z</time><extensions><speed>1.568595</speed><course>62.099480</course><hAcc>1.266288</hAcc><vAcc>0.761106</vAcc></extensions></trkpt>
      <trkpt lon="-117.163242" lat="32.895405"><ele>101.052986</ele><time>2024-08-28T02:36:00Z</time><extensions><speed>1.559652</speed><course>59.594613</course><hAcc>1.267188</hAcc><vAcc>0.762529</vAcc></extensions></trkpt>
      <trkpt lon="-117.163227" lat="32.895412"><ele>101.232116</ele><time>2024-08-28T02:36:01Z</time><extensions><speed>1.654198</speed><course>62.528714</course><hAcc>1.253626</hAcc><vAcc>0.764894</vAcc></extensions></trkpt>
      <trkpt lon="-117.163212" lat="32.895420"><ele>101.414038</ele><time>2024-08-28T02:36:02Z</time><extensions><speed>1.634151</speed><course>58.346142</course><hAcc>1.255001</hAcc><vAcc>0.768161</vAcc></extensions></trkpt>
      <trkpt lon="-117.163198" lat="32.895427"><ele>101.601982</ele><time>2024-08-28T02:36:03Z</time><extensions><speed>1.508694</speed><course>55.429897</course><hAcc>1.288285</hAcc><vAcc>0.772203</vAcc></extensions></trkpt>
      <trkpt lon="-117.163185" lat="32.895435"><ele>101.789482</ele><time>2024-08-28T02:36:04Z</time><extensions><speed>1.448900</speed><course>50.460056</course><hAcc>1.260342</hAcc><vAcc>0.777260</vAcc></extensions></trkpt>
      <trkpt lon="-117.163173" lat="32.895444"><ele>101.982562</ele><time>2024-08-28T02:36:05Z</time><extensions><speed>1.397580</speed><course>47.196445</course><hAcc>1.261214</hAcc><vAcc>0.783031</vAcc></extensions></trkpt>
      <trkpt lon="-117.163162" lat="32.895452"><ele>102.168080</ele><time>2024-08-28T02:36:06Z</time><extensions><speed>1.290908</speed><course>49.302995</course><hAcc>1.295843</hAcc><vAcc>0.789009</vAcc></extensions></trkpt>
      <trkpt lon="-117.163151" lat="32.895461"><ele>102.358133</ele><time>2024-08-28T02:36:07Z</time><extensions><speed>1.485586</speed><course>48.695707</course><hAcc>1.251791</hAcc><vAcc>0.794885</vAcc></extensions></trkpt>
      <trkpt lon="-117.163138" lat="32.895470"><ele>102.549694</ele><time>2024-08-28T02:36:08Z</time><extensions><speed>1.656218</speed><course>48.640908</course><hAcc>1.228424</hAcc><vAcc>0.800674</vAcc></extensions></trkpt>
      <trkpt lon="-117.163125" lat="32.895480"><ele>102.735715</ele><time>2024-08-28T02:36:09Z</time><extensions><speed>1.575663</speed><course>49.384365</course><hAcc>1.235204</hAcc><vAcc>0.806268</vAcc></extensions></trkpt>
      <trkpt lon="-117.163112" lat="32.895489"><ele>102.921208</ele><time>2024-08-28T02:36:10Z</time><extensions><speed>1.565459</speed><course>52.803555</course><hAcc>1.230963</hAcc><vAcc>0.811487</vAcc></extensions></trkpt>
      <trkpt lon="-117.163098" lat="32.895497"><ele>103.114137</ele><time>2024-08-28T02:36:11Z</time><extensions><speed>1.563149</speed><course>54.019412</course><hAcc>1.224725</hAcc><vAcc>0.816496</vAcc></extensions></trkpt>
      <trkpt lon="-117.163084" lat="32.895506"><ele>103.312882</ele><time>2024-08-28T02:36:12Z</time><extensions><speed>1.620488</speed><course>55.431531</course><hAcc>1.208458</hAcc><vAcc>0.820596</vAcc></extensions></trkpt>
      <trkpt lon="-117.163070" lat="32.895514"><ele>103.513955</ele><time>2024-08-28T02:36:13Z</time><extensions><speed>1.722564</speed><course>56.257738</course><hAcc>1.188833</hAcc><vAcc>0.823412</vAcc></extensions></trkpt>
      <trkpt lon="-117.163054" lat="32.895523"><ele>103.712413</ele><time>2024-08-28T02:36:14Z</time><extensions><speed>1.668923</speed><course>57.815536</course><hAcc>1.200418</hAcc><vAcc>0.825738</vAcc></extensions></trkpt>
      <trkpt lon="-117.163039" lat="32.895531"><ele>103.921027</ele><time>2024-08-28T02:36:15Z</time><extensions><speed>1.656360</speed><course>57.127194</course><hAcc>1.194765</hAcc><vAcc>0.826650</vAcc></extensions></trkpt>
      <trkpt lon="-117.163025" lat="32.895539"><ele>104.135980</ele><time>2024-08-28T02:36:16Z</time><extensions><speed>1.639274</speed><course>56.428642</course><hAcc>1.186008</hAcc><vAcc>0.827358</vAcc></extensions></trkpt>
      <trkpt lon="-117.163010" lat="32.895547"><ele>104.359041</ele><time>2024-08-28T02:36:17Z</time><extensions><speed>1.596799</speed><course>55.181640</course><hAcc>1.188571</hAcc><vAcc>0.826692</vAcc></extensions></trkpt>
      <trkpt lon="-117.162996" lat="32.895555"><ele>104.590482</ele><time>2024-08-28T02:36:18Z</time><extensions><speed>1.604131</speed><course>54.866329</course><hAcc>1.176393</hAcc><vAcc>0.826535</vAcc></extensions></trkpt>
      <trkpt lon="-117.162982" lat="32.895563"><ele>104.819121</ele><time>2024-08-28T02:36:19Z</time><extensions><speed>1.563967</speed><course>56.444849</course><hAcc>1.183755</hAcc><vAcc>0.826411</vAcc></extensions></trkpt>
      <trkpt lon="-117.162969" lat="32.895571"><ele>105.055414</ele><time>2024-08-28T02:36:20Z</time><extensions><speed>1.540921</speed><course>56.779132</course><hAcc>1.188078</hAcc><vAcc>0.826699</vAcc></extensions></trkpt>
      <trkpt lon="-117.162955" lat="32.895579"><ele>105.295567</ele><time>2024-08-28T02:36:21Z</time><extensions><speed>1.512613</speed><course>56.130515</course><hAcc>1.189774</hAcc><vAcc>0.827451</vAcc></extensions></trkpt>
      <trkpt lon="-117.162942" lat="32.895587"><ele>105.540556</ele><time>2024-08-28T02:36:22Z</time><extensions><speed>1.524143</speed><course>53.281062</course><hAcc>1.193963</hAcc><vAcc>0.828550</vAcc></extensions></trkpt>
      <trkpt lon="-117.162929" lat="32.895595"><ele>105.790843</ele><time>2024-08-28T02:36:23Z</time><extensions><speed>1.485336</speed><course>54.412465</course><hAcc>1.211885</hAcc><vAcc>0.828736</vAcc></extensions></trkpt>
      <trkpt lon="-117.162916" lat="32.895602"><ele>106.042703</ele><time>2024-08-28T02:36:24Z</time><extensions><speed>1.392059</speed><course>59.097294</course><hAcc>1.234335</hAcc><vAcc>0.828586</vAcc></extensions></trkpt>
      <trkpt lon="-117.162903" lat="32.895608"><ele>106.304750</ele><time>2024-08-28T02:36:25Z</time><extensions><speed>1.301355</speed><course>62.740416</course><hAcc>1.235885</hAcc><vAcc>0.829439</vAcc></extensions></trkpt>
      <trkpt lon="-117.162891" lat="32.895613"><ele>106.558731</ele><time>2024-08-28T02:36:26Z</time><extensions><speed>1.311475</speed><course>62.360118</course><hAcc>1.252076</hAcc><vAcc>0.829909</vAcc></extensions></trkpt>
      <trkpt lon="-117.162878" lat="32.895619"><ele>106.815149</ele><time>2024-08-28T02:36:27Z</time><extensions><speed>1.411422</speed><course>62.151880</course><hAcc>1.266674</hAcc><vAcc>0.831386</vAcc></extensions></trkpt>
      <trkpt lon="-117.162865" lat="32.895625"><ele>107.085723</ele><time>2024-08-28T02:36:28Z</time><extensions><speed>1.446386</speed><course>61.455942</course><hAcc>1.285980</hAcc><vAcc>0.832801</vAcc></extensions></trkpt>
      <trkpt lon="-117.162851" lat="32.895632"><ele>107.349093</ele><time>2024-08-28T02:36:29Z</time><extensions><speed>1.456439</speed><course>57.989556</course><hAcc>1.296769</hAcc><vAcc>0.834765</vAcc></extensions></trkpt>
      <trkpt lon="-117.162839" lat="32.895639"><ele>107.621932</ele><time>2024-08-28T02:36:30Z</time><extensions><speed>1.424140</speed><course>55.960855</course><hAcc>1.302372</hAcc><vAcc>0.836305</vAcc></extensions></trkpt>
      <trkpt lon="-117.162826" lat="32.895645"><ele>107.910256</ele><time>2024-08-28T02:36:31Z</time><extensions><speed>1.279422</speed><course>58.114764</course><hAcc>1.333294</hAcc><vAcc>0.837267</vAcc></extensions></trkpt>
      <trkpt lon="-117.162815" lat="32.895652"><ele>108.197980</ele><time>2024-08-28T02:36:32Z</time><extensions><speed>1.231936</speed><course>55.997657</course><hAcc>1.312798</hAcc><vAcc>0.838924</vAcc></extensions></trkpt>
      <trkpt lon="-117.162804" lat="32.895658"><ele>108.500557</ele><time>2024-08-28T02:36:33Z</time><extensions><speed>1.260193</speed><course>56.563240</course><hAcc>1.311069</hAcc><vAcc>0.840222</vAcc></extensions></trkpt>
      <trkpt lon="-117.162793" lat="32.895664"><ele>108.803466</ele><time>2024-08-28T02:36:34Z</time><extensions><speed>1.314629</speed><course>56.030665</course><hAcc>1.323313</hAcc><vAcc>0.842043</vAcc></extensions></trkpt>
      <trkpt lon="-117.162781" lat="32.895671"><ele>109.124882</ele><time>2024-08-28T02:36:35Z</time><extensions><speed>1.325499</speed><course>54.416391</course><hAcc>1.333746</hAcc><vAcc>0.843319</vAcc></extensions></trkpt>
      <trkpt lon="-117.162770" lat="32.895679"><ele>109.449465</ele><time>2024-08-28T02:36:36Z</time><extensions><speed>1.361302</speed><course>52.162590</course><hAcc>1.331293</hAcc><vAcc>0.845535</vAcc></extensions></trkpt>
      <trkpt lon="-117.162759" lat="32.895686"><ele>109.773489</ele><time>2024-08-28T02:36:37Z</time><extensions><speed>1.303616</speed><course>51.021115</course><hAcc>1.344140</hAcc><vAcc>0.846948</vAcc></extensions></trkpt>
      <trkpt lon="-117.162748" lat="32.895694"><ele>110.075697</ele><time>2024-08-28T02:36:38Z</time><extensions><speed>1.321029</speed><course>50.615862</course><hAcc>1.337161</hAcc><vAcc>0.849977</vAcc></extensions></trkpt>
      <trkpt lon="-117.162736" lat="32.895701"><ele>110.374103</ele><time>2024-08-28T02:36:39Z</time><extensions><speed>1.292012</speed><course>55.693753</course><hAcc>1.369608</hAcc><vAcc>0.852444</vAcc></extensions></trkpt>
      <trkpt lon="-117.162725" lat="32.895708"><ele>110.681654</ele><time>2024-08-28T02:36:40Z</time><extensions><speed>1.349445</speed><course>54.932602</course><hAcc>1.342251</hAcc><vAcc>0.853462</vAcc></extensions></trkpt>
      <trkpt lon="-117.162713" lat="32.895715"><ele>111.002500</ele><time>2024-08-28T02:36:41Z</time><extensions><speed>1.432650</speed><course>53.415448</course><hAcc>1.348442</hAcc><vAcc>0.854118</vAcc></extensions></trkpt>
      <trkpt lon="-117.162701" lat="32.895723"><ele>111.302081</ele><time>2024-08-28T02:36:42Z</time><extensions><speed>1.451518</speed><course>51.036747</course><hAcc>1.373233</hAcc><vAcc>0.855191</vAcc></extensions></trkpt>
      <trkpt lon="-117.162689" lat="32.895732"><ele>111.585397</ele><time>2024-08-28T02:36:43Z</time><extensions><speed>1.471981</speed><course>49.855144</course><hAcc>1.381512</hAcc><vAcc>0.856206</vAcc></extensions></trkpt>
      <trkpt lon="-117.162677" lat="32.895740"><ele>111.849487</ele><time>2024-08-28T02:36:44Z</time><extensions><speed>1.474547</speed><course>48.444732</course><hAcc>1.384000</hAcc><vAcc>0.855808</vAcc></extensions></trkpt>
      <trkpt lon="-117.162665" lat="32.895750"><ele>112.104675</ele><time>2024-08-28T02:36:45Z</time><extensions><speed>1.536133</speed><course>47.248820</course><hAcc>1.381704</hAcc><vAcc>0.854755</vAcc></extensions></trkpt>
      <trkpt lon="-117.162653" lat="32.895759"><ele>112.353390</ele><time>2024-08-28T02:36:46Z</time><extensions><speed>1.444952</speed><course>49.203869</course><hAcc>1.398192</hAcc><vAcc>0.853244</vAcc></extensions></trkpt>
      <trkpt lon="-117.162640" lat="32.895767"><ele>112.591434</ele><time>2024-08-28T02:36:47Z</time><extensions><speed>1.533976</speed><course>53.624486</course><hAcc>1.383081</hAcc><vAcc>0.850852</vAcc></extensions></trkpt>
      <trkpt lon="-117.162627" lat="32.895775"><ele>112.813671</ele><time>2024-08-28T02:36:48Z</time><extensions><speed>1.411970</speed><course>57.236963</course><hAcc>1.399716</hAcc><vAcc>0.848740</vAcc></extensions></trkpt>
      <trkpt lon="-117.162614" lat="32.895782"><ele>113.020918</ele><time>2024-08-28T02:36:49Z</time><extensions><speed>1.522566</speed><course>54.881001</course><hAcc>1.386267</hAcc><vAcc>0.845643</vAcc></extensions></trkpt>
      <trkpt lon="-117.162601" lat="32.895791"><ele>113.208636</ele><time>2024-08-28T02:36:50Z</time><extensions><speed>1.644975</speed><course>50.141789</course><hAcc>1.368302</hAcc><vAcc>0.843163</vAcc></extensions></trkpt>
      <trkpt lon="-117.162587" lat="32.895801"><ele>113.364826</ele><time>2024-08-28T02:36:51Z</time><extensions><speed>1.708782</speed><course>50.627825</course><hAcc>1.373881</hAcc><vAcc>0.839519</vAcc></extensions></trkpt>
      <trkpt lon="-117.162573" lat="32.895810"><ele>113.533931</ele><time>2024-08-28T02:36:52Z</time><extensions><speed>1.513248</speed><course>51.457568</course><hAcc>1.407470</hAcc><vAcc>0.836722</vAcc></extensions></trkpt>
      <trkpt lon="-117.162560" lat="32.895818"><ele>113.690747</ele><time>2024-08-28T02:36:53Z</time><extensions><speed>1.489594</speed><course>55.724141</course><hAcc>1.408330</hAcc><vAcc>0.835208</vAcc></extensions></trkpt>
      <trkpt lon="-117.162547" lat="32.895825"><ele>113.849441</ele><time>2024-08-28T02:36:54Z</time><extensions><speed>1.500930</speed><course>60.964639</course><hAcc>1.393213</hAcc><vAcc>0.834833</vAcc></extensions></trkpt>
      <trkpt lon="-117.162533" lat="32.895832"><ele>114.016042</ele><time>2024-08-28T02:36:55Z</time><extensions><speed>1.525841</speed><course>57.112540</course><hAcc>1.394840</hAcc><vAcc>0.835654</vAcc></extensions></trkpt>
      <trkpt lon="-117.162519" lat="32.895840"><ele>114.177750</ele><time>2024-08-28T02:36:56Z</time><extensions><speed>1.528609</speed><course>51.981611</course><hAcc>1.401223</hAcc><vAcc>0.837627</vAcc></extensions></trkpt>
      <trkpt lon="-117.162506" lat="32.895849"><ele>114.334039</ele><time>2024-08-28T02:36:57Z</time><extensions><speed>1.613345</speed><course>51.087678</course><hAcc>1.409034</hAcc><vAcc>0.840966</vAcc></extensions></trkpt>
      <trkpt lon="-117.162493" lat="32.895858"><ele>114.492318</ele><time>2024-08-28T02:36:58Z</time><extensions><speed>1.483782</speed><course>51.719001</course><hAcc>1.425732</hAcc><vAcc>0.845384</vAcc></extensions></trkpt>
      <trkpt lon="-117.162480" lat="32.895867"><ele>114.653296</ele><time>2024-08-28T02:36:59Z</time><extensions><speed>1.665300</speed><course>51.433110</course><hAcc>1.411174</hAcc><vAcc>0.851762</vAcc></extensions></trkpt>
      <trkpt lon="-117.162466" lat="32.895876"><ele>114.821123</ele><time>2024-08-28T02:37:00Z</time><extensions><speed>1.525950</speed><course>51.823402</course><hAcc>1.413427</hAcc><vAcc>0.858416</vAcc></extensions></trkpt>
      <trkpt lon="-117.162452" lat="32.895885"><ele>114.988600</ele><time>2024-08-28T02:37:01Z</time><extensions><speed>1.735154</speed><course>53.846662</course><hAcc>1.387424</hAcc><vAcc>0.866660</vAcc></extensions></trkpt>
      <trkpt lon="-117.162438" lat="32.895893"><ele>115.159254</ele><time>2024-08-28T02:37:02Z</time><extensions><speed>1.493520</speed><course>53.952381</course><hAcc>1.409008</hAcc><vAcc>0.875113</vAcc></extensions></trkpt>
      <trkpt lon="-117.162425" lat="32.895900"><ele>115.343416</ele><time>2024-08-28T02:37:03Z</time><extensions><speed>1.367752</speed><course>57.613498</course><hAcc>1.425358</hAcc><vAcc>0.883722</vAcc></extensions></trkpt>
      <trkpt lon="-117.162413" lat="32.895906"><ele>115.517632</ele><time>2024-08-28T02:37:04Z</time><extensions><speed>1.343618</speed><course>60.495533</course><hAcc>1.417582</hAcc><vAcc>0.892678</vAcc></extensions></trkpt>
      <trkpt lon="-117.162401" lat="32.895912"><ele>115.686111</ele><time>2024-08-28T02:37:05Z</time><extensions><speed>1.242076</speed><course>63.499689</course><hAcc>1.438633</hAcc><vAcc>0.900897</vAcc></extensions></trkpt>
      <trkpt lon="-117.162388" lat="32.895916"><ele>115.846134</ele><time>2024-08-28T02:37:06Z</time><extensions><speed>1.348216</speed><course>66.222110</course><hAcc>1.427449</hAcc><vAcc>0.907392</vAcc></extensions></trkpt>
      <trkpt lon="-117.162374" lat="32.895921"><ele>116.006380</ele><time>2024-08-28T02:37:07Z</time><extensions><speed>1.417679</speed><course>67.762825</course><hAcc>1.437023</hAcc><vAcc>0.913205</vAcc></extensions></trkpt>
      <trkpt lon="-117.162360" lat="32.895926"><ele>116.161557</ele><time>2024-08-28T02:37:08Z</time><extensions><speed>1.478184</speed><course>69.028728</course><hAcc>1.445654</hAcc><vAcc>0.917836</vAcc></extensions></trkpt>
      <trkpt lon="-117.162345" lat="32.895930"><ele>116.312547</ele><time>2024-08-28T02:37:09Z</time><extensions><speed>1.512535</speed><course>70.629330</course><hAcc>1.452166</hAcc><vAcc>0.921863</vAcc></extensions></trkpt>
      <trkpt lon="-117.162329" lat="32.895934"><ele>116.469969</ele><time>2024-08-28T02:37:10Z</time><extensions><speed>1.571025</speed><course>74.466120</course><hAcc>1.447215</hAcc><vAcc>0.925202</vAcc></extensions></trkpt>
      <trkpt lon="-117.162313" lat="32.895937"><ele>116.641596</ele><time>2024-08-28T02:37:11Z</time><extensions><speed>1.462951</speed><course>84.928128</course><hAcc>1.461927</hAcc><vAcc>0.927219</vAcc></extensions></trkpt>
      <trkpt lon="-117.162298" lat="32.895936"><ele>116.815265</ele><time>2024-08-28T02:37:12Z</time><extensions><speed>1.414113</speed><course>103.425181</course><hAcc>1.474220</hAcc><vAcc>0.929255</vAcc></extensions></trkpt>
      <trkpt lon="-117.162283" lat="32.895931"><ele>116.969353</ele><time>2024-08-28T02:37:13Z</time><extensions><speed>1.599532</speed><course>121.263713</course><hAcc>1.454810</hAcc><vAcc>0.930543</vAcc></extensions></trkpt>
      <trkpt lon="-117.162270" lat="32.895922"><ele>117.117443</ele><time>2024-08-28T02:37:14Z</time><extensions><speed>1.404965</speed><course>136.399451</course><hAcc>1.478489</hAcc><vAcc>0.931959</vAcc></extensions></trkpt>
      <trkpt lon="-117.162261" lat="32.895913"><ele>117.265549</ele><time>2024-08-28T02:37:15Z</time><extensions><speed>1.353788</speed><course>147.618339</course><hAcc>1.493289</hAcc><vAcc>0.934863</vAcc></extensions></trkpt>
      <trkpt lon="-117.162253" lat="32.895902"><ele>117.409806</ele><time>2024-08-28T02:37:16Z</time><extensions><speed>1.458807</speed><course>148.588120</course><hAcc>1.489350</hAcc><vAcc>0.937927</vAcc></extensions></trkpt>
      <trkpt lon="-117.162244" lat="32.895890"><ele>117.548388</ele><time>2024-08-28T02:37:17Z</time><extensions><speed>1.622720</speed><course>146.274281</course><hAcc>1.518375</hAcc><vAcc>0.940312</vAcc></extensions></trkpt>
      <trkpt lon="-117.162233" lat="32.895878"><ele>117.686726</ele><time>2024-08-28T02:37:18Z</time><extensions><speed>1.697963</speed><course>143.240464</course><hAcc>1.552196</hAcc><vAcc>0.943564</vAcc></extensions></trkpt>
      <trkpt lon="-117.162223" lat="32.895865"><ele>117.806764</ele><time>2024-08-28T02:37:19Z</time><extensions><speed>1.637169</speed><course>142.248877</course><hAcc>1.583305</hAcc><vAcc>0.948140</vAcc></extensions></trkpt>
      <trkpt lon="-117.162211" lat="32.895854"><ele>117.909500</ele><time>2024-08-28T02:37:20Z</time><extensions><speed>1.604705</speed><course>139.931849</course><hAcc>1.607609</hAcc><vAcc>0.953525</vAcc></extensions></trkpt>
      <trkpt lon="-117.162200" lat="32.895843"><ele>118.001817</ele><time>2024-08-28T02:37:21Z</time><extensions><speed>1.619724</speed><course>137.480812</course><hAcc>1.630093</hAcc><vAcc>0.961301</vAcc></extensions></trkpt>
      <trkpt lon="-117.162188" lat="32.895832"><ele>118.087231</ele><time>2024-08-28T02:37:22Z</time><extensions><speed>1.599014</speed><course>137.686125</course><hAcc>1.654328</hAcc><vAcc>0.969189</vAcc></extensions></trkpt>
      <trkpt lon="-117.162177" lat="32.895822"><ele>118.171731</ele><time>2024-08-28T02:37:23Z</time><extensions><speed>1.574319</speed><course>142.061359</course><hAcc>1.668441</hAcc><vAcc>0.978154</vAcc></extensions></trkpt>
      <trkpt lon="-117.162167" lat="32.895810"><ele>118.256678</ele><time>2024-08-28T02:37:24Z</time><extensions><speed>1.570476</speed><course>143.576725</course><hAcc>1.705217</hAcc><vAcc>0.985308</vAcc></extensions></trkpt>
      <trkpt lon="-117.162157" lat="32.895800"><ele>118.323009</ele><time>2024-08-28T02:37:25Z</time><extensions><speed>1.401662</speed><course>143.031751</course><hAcc>1.756564</hAcc><vAcc>0.993104</vAcc></extensions></trkpt>
      <trkpt lon="-117.162148" lat="32.895790"><ele>118.376027</ele><time>2024-08-28T02:37:26Z</time><extensions><speed>1.346684</speed><course>142.650877</course><hAcc>1.743234</hAcc><vAcc>0.999315</vAcc></extensions></trkpt>
      <trkpt lon="-117.162139" lat="32.895781"><ele>118.430929</ele><time>2024-08-28T02:37:27Z</time><extensions><speed>1.338149</speed><course>142.579841</course><hAcc>1.739204</hAcc><vAcc>1.004153</vAcc></extensions></trkpt>
      <trkpt lon="-117.162130" lat="32.895772"><ele>118.464642</ele><time>2024-08-28T02:37:28Z</time><extensions><speed>1.357961</speed><course>140.750532</course><hAcc>1.744790</hAcc><vAcc>1.008731</vAcc></extensions></trkpt>
      <trkpt lon="-117.162120" lat="32.895763"><ele>118.493984</ele><time>2024-08-28T02:37:29Z</time><extensions><speed>1.397515</speed><course>139.198124</course><hAcc>1.750341</hAcc><vAcc>1.013226</vAcc></extensions></trkpt>
      <trkpt lon="-117.162110" lat="32.895753"><ele>118.509150</ele><time>2024-08-28T02:37:30Z</time><extensions><speed>1.528641</speed><course>135.062046</course><hAcc>1.756420</hAcc><vAcc>1.017417</vAcc></extensions></trkpt>
      <trkpt lon="-117.162098" lat="32.895744"><ele>118.518801</ele><time>2024-08-28T02:37:31Z</time><extensions><speed>1.453386</speed><course>132.586590</course><hAcc>1.761063</hAcc><vAcc>1.020055</vAcc></extensions></trkpt>
      <trkpt lon="-117.162086" lat="32.895736"><ele>118.540545</ele><time>2024-08-28T02:37:32Z</time><extensions><speed>1.500305</speed><course>129.138413</course><hAcc>1.743419</hAcc><vAcc>1.021260</vAcc></extensions></trkpt>
      <trkpt lon="-117.162073" lat="32.895728"><ele>118.557353</ele><time>2024-08-28T02:37:33Z</time><extensions><speed>1.440984</speed><course>123.694535</course><hAcc>1.736111</hAcc><vAcc>1.021114</vAcc></extensions></trkpt>
      <trkpt lon="-117.162060" lat="32.895721"><ele>118.561196</ele><time>2024-08-28T02:37:34Z</time><extensions><speed>1.480564</speed><course>121.044028</course><hAcc>1.722105</hAcc><vAcc>1.019560</vAcc></extensions></trkpt>
      <trkpt lon="-117.162048" lat="32.895714"><ele>118.576249</ele><time>2024-08-28T02:37:35Z</time><extensions><speed>1.357910</speed><course>125.663794</course><hAcc>1.725955</hAcc><vAcc>1.017558</vAcc></extensions></trkpt>
      <trkpt lon="-117.162037" lat="32.895707"><ele>118.577992</ele><time>2024-08-28T02:37:36Z</time><extensions><speed>1.323395</speed><course>128.267256</course><hAcc>1.696008</hAcc><vAcc>1.014239</vAcc></extensions></trkpt>
      <trkpt lon="-117.162025" lat="32.895700"><ele>118.564286</ele><time>2024-08-28T02:37:37Z</time><extensions><speed>1.340998</speed><course>128.974478</course><hAcc>1.689195</hAcc><vAcc>1.011336</vAcc></extensions></trkpt>
      <trkpt lon="-117.162015" lat="32.895693"><ele>118.553265</ele><time>2024-08-28T02:37:38Z</time><extensions><speed>1.301934</speed><course>130.831089</course><hAcc>1.711525</hAcc><vAcc>1.008786</vAcc></extensions></trkpt>
      <trkpt lon="-117.162004" lat="32.895685"><ele>118.549720</ele><time>2024-08-28T02:37:39Z</time><extensions><speed>1.280250</speed><course>132.681983</course><hAcc>1.725550</hAcc><vAcc>1.006272</vAcc></extensions></trkpt>
      <trkpt lon="-117.161995" lat="32.895678"><ele>118.541258</ele><time>2024-08-28T02:37:40Z</time><extensions><speed>1.140063</speed><course>131.766370</course><hAcc>1.695904</hAcc><vAcc>1.003322</vAcc></extensions></trkpt>
      <trkpt lon="-117.161986" lat="32.895672"><ele>118.532920</ele><time>2024-08-28T02:37:41Z</time><extensions><speed>1.068023</speed><course>130.003595</course><hAcc>1.682236</hAcc><vAcc>1.001983</vAcc></extensions></trkpt>
      <trkpt lon="-117.161977" lat="32.895666"><ele>118.523693</ele><time>2024-08-28T02:37:42Z</time><extensions><speed>1.095038</speed><course>127.410411</course><hAcc>1.683924</hAcc><vAcc>0.999761</vAcc></extensions></trkpt>
      <trkpt lon="-117.161967" lat="32.895660"><ele>118.526164</ele><time>2024-08-28T02:37:43Z</time><extensions><speed>1.175397</speed><course>125.472904</course><hAcc>1.685067</hAcc><vAcc>0.998435</vAcc></extensions></trkpt>
      <trkpt lon="-117.161956" lat="32.895654"><ele>118.550551</ele><time>2024-08-28T02:37:44Z</time><extensions><speed>1.244574</speed><course>124.614546</course><hAcc>1.685621</hAcc><vAcc>0.997296</vAcc></extensions></trkpt>
      <trkpt lon="-117.161945" lat="32.895648"><ele>118.567300</ele><time>2024-08-28T02:37:45Z</time><extensions><speed>1.290638</speed><course>122.341646</course><hAcc>1.685113</hAcc><vAcc>0.997814</vAcc></extensions></trkpt>
      <trkpt lon="-117.161933" lat="32.895642"><ele>118.594863</ele><time>2024-08-28T02:37:46Z</time><extensions><speed>1.308570</speed><course>120.333051</course><hAcc>1.671897</hAcc><vAcc>0.998649</vAcc></extensions></trkpt>
      <trkpt lon="-117.161921" lat="32.895636"><ele>118.618306</ele><time>2024-08-28T02:37:47Z</time><extensions><speed>1.340863</speed><course>118.994920</course><hAcc>1.682863</hAcc><vAcc>1.000118</vAcc></extensions></trkpt>
      <trkpt lon="-117.161908" lat="32.895630"><ele>118.636475</ele><time>2024-08-28T02:37:48Z</time><extensions><speed>1.331694</speed><course>120.302237</course><hAcc>1.689723</hAcc><vAcc>1.001118</vAcc></extensions></trkpt>
      <trkpt lon="-117.161896" lat="32.895623"><ele>118.667752</ele><time>2024-08-28T02:37:49Z</time><extensions><speed>1.324983</speed><course>124.353127</course><hAcc>1.685467</hAcc><vAcc>1.001645</vAcc></extensions></trkpt>
      <trkpt lon="-117.161885" lat="32.895616"><ele>118.692111</ele><time>2024-08-28T02:37:50Z</time><extensions><speed>1.378379</speed><course>130.501070</course><hAcc>1.678437</hAcc><vAcc>1.002407</vAcc></extensions></trkpt>
      <trkpt lon="-117.161874" lat="32.895607"><ele>118.702874</ele><time>2024-08-28T02:37:51Z</time><extensions><speed>1.346668</speed><course>133.993623</course><hAcc>1.695554</hAcc><vAcc>1.003558</vAcc></extensions></trkpt>
      <trkpt lon="-117.161863" lat="32.895599"><ele>118.712180</ele><time>2024-08-28T02:37:52Z</time><extensions><speed>1.362128</speed><course>127.153776</course><hAcc>1.690821</hAcc><vAcc>1.004523</vAcc></extensions></trkpt>
      <trkpt lon="-117.161850" lat="32.895592"><ele>118.705233</ele><time>2024-08-28T02:37:53Z</time><extensions><speed>1.414360</speed><course>120.790636</course><hAcc>1.696258</hAcc><vAcc>1.004901</vAcc></extensions></trkpt>
      <trkpt lon="-117.161837" lat="32.895585"><ele>118.695451</ele><time>2024-08-28T02:37:54Z</time><extensions><speed>1.485628</speed><course>121.067960</course><hAcc>1.705179</hAcc><vAcc>1.006117</vAcc></extensions></trkpt>
      <trkpt lon="-117.161823" lat="32.895578"><ele>118.677639</ele><time>2024-08-28T02:37:55Z</time><extensions><speed>1.492356</speed><course>126.080685</course><hAcc>1.731588</hAcc><vAcc>1.007350</vAcc></extensions></trkpt>
      <trkpt lon="-117.161811" lat="32.895569"><ele>118.650800</ele><time>2024-08-28T02:37:56Z</time><extensions><speed>1.440103</speed><course>130.918951</course><hAcc>1.765240</hAcc><vAcc>1.009346</vAcc></extensions></trkpt>
      <trkpt lon="-117.161800" lat="32.895560"><ele>118.613795</ele><time>2024-08-28T02:37:57Z</time><extensions><speed>1.485162</speed><course>134.943934</course><hAcc>1.742036</hAcc><vAcc>1.009610</vAcc></extensions></trkpt>
      <trkpt lon="-117.161789" lat="32.895551"><ele>118.548197</ele><time>2024-08-28T02:37:58Z</time><extensions><speed>1.440913</speed><course>138.520406</course><hAcc>1.734376</hAcc><vAcc>1.009690</vAcc></extensions></trkpt>
      <trkpt lon="-117.161779" lat="32.895541"><ele>118.478402</ele><time>2024-08-28T02:37:59Z</time><extensions><speed>1.421979</speed><course>139.553829</course><hAcc>1.741841</hAcc><vAcc>1.009205</vAcc></extensions></trkpt>
      <trkpt lon="-117.161769" lat="32.895531"><ele>118.394298</ele><time>2024-08-28T02:38:00Z</time><extensions><speed>1.446014</speed><course>138.166295</course><hAcc>1.754174</hAcc><vAcc>1.007974</vAcc></extensions></trkpt>
      <trkpt lon="-117.161759" lat="32.895521"><ele>118.286498</ele><time>2024-08-28T02:38:01Z</time><extensions><speed>1.473780</speed><course>136.499444</course><hAcc>1.764105</hAcc><vAcc>1.005875</vAcc></extensions></trkpt>
      <trkpt lon="-117.161748" lat="32.895511"><ele>118.168094</ele><time>2024-08-28T02:38:02Z</time><extensions><speed>1.562847</speed><course>136.362320</course><hAcc>1.769048</hAcc><vAcc>1.002637</vAcc></extensions></trkpt>
      <trkpt lon="-117.161736" lat="32.895500"><ele>118.052075</ele><time>2024-08-28T02:38:03Z</time><extensions><speed>1.634887</speed><course>138.375133</course><hAcc>1.777431</hAcc><vAcc>0.999691</vAcc></extensions></trkpt>
      <trkpt lon="-117.161725" lat="32.895489"><ele>117.931427</ele><time>2024-08-28T02:38:04Z</time><extensions><speed>1.554324</speed><course>137.963337</course><hAcc>1.791352</hAcc><vAcc>0.995221</vAcc></extensions></trkpt>
      <trkpt lon="-117.161713" lat="32.895478"><ele>117.804816</ele><time>2024-08-28T02:38:05Z</time><extensions><speed>1.684913</speed><course>137.039936</course><hAcc>1.772374</hAcc><vAcc>0.990269</vAcc></extensions></trkpt>
      <trkpt lon="-117.161701" lat="32.895468"><ele>117.666149</ele><time>2024-08-28T02:38:06Z</time><extensions><speed>1.517640</speed><course>136.365445</course><hAcc>1.784385</hAcc><vAcc>0.983019</vAcc></extensions></trkpt>
      <trkpt lon="-117.161691" lat="32.895458"><ele>117.517731</ele><time>2024-08-28T02:38:07Z</time><extensions><speed>1.482056</speed><course>140.498687</course><hAcc>1.773077</hAcc><vAcc>0.974931</vAcc></extensions></trkpt>
      <trkpt lon="-117.161681" lat="32.895447"><ele>117.363155</ele><time>2024-08-28T02:38:08Z</time><extensions><speed>1.484087</speed><course>144.085412</course><hAcc>1.762727</hAcc><vAcc>0.967867</vAcc></extensions></trkpt>
      <trkpt lon="-117.161672" lat="32.895436"><ele>117.195877</ele><time>2024-08-28T02:38:09Z</time><extensions><speed>1.475587</speed><course>146.445570</course><hAcc>1.755269</hAcc><vAcc>0.959958</vAcc></extensions></trkpt>
      <trkpt lon="-117.161664" lat="32.895425"><ele>117.024170</ele><time>2024-08-28T02:38:10Z</time><extensions><speed>1.452528</speed><course>146.122115</course><hAcc>1.739529</hAcc><vAcc>0.952032</vAcc></extensions></trkpt>
      <trkpt lon="-117.161654" lat="32.895414"><ele>116.832191</ele><time>2024-08-28T02:38:11Z</time><extensions><speed>1.460244</speed><course>142.613150</course><hAcc>1.715110</hAcc><vAcc>0.943714</vAcc></extensions></trkpt>
      <trkpt lon="-117.161644" lat="32.895404"><ele>116.644160</ele><time>2024-08-28T02:38:12Z</time><extensions><speed>1.508626</speed><course>138.418050</course><hAcc>1.695027</hAcc><vAcc>0.935885</vAcc></extensions></trkpt>
      <trkpt lon="-117.161633" lat="32.895394"><ele>116.453889</ele><time>2024-08-28T02:38:13Z</time><extensions><speed>1.494690</speed><course>137.378505</course><hAcc>1.681264</hAcc><vAcc>0.928793</vAcc></extensions></trkpt>
      <trkpt lon="-117.161622" lat="32.895383"><ele>116.262822</ele><time>2024-08-28T02:38:14Z</time><extensions><speed>1.548166</speed><course>136.861569</course><hAcc>1.652656</hAcc><vAcc>0.923459</vAcc></extensions></trkpt>
      <trkpt lon="-117.161610" lat="32.895373"><ele>116.062809</ele><time>2024-08-28T02:38:15Z</time><extensions><speed>1.507121</speed><course>135.182211</course><hAcc>1.639896</hAcc><vAcc>0.918548</vAcc></extensions></trkpt>
      <trkpt lon="-117.161599" lat="32.895363"><ele>115.856254</ele><time>2024-08-28T02:38:16Z</time><extensions><speed>1.539398</speed><course>134.027203</course><hAcc>1.606666</hAcc><vAcc>0.916258</vAcc></extensions></trkpt>
      <trkpt lon="-117.161587" lat="32.895353"><ele>115.639805</ele><time>2024-08-28T02:38:17Z</time><extensions><speed>1.563507</speed><course>135.531150</course><hAcc>1.601970</hAcc><vAcc>0.914879</vAcc></extensions></trkpt>
      <trkpt lon="-117.161575" lat="32.895342"><ele>115.420522</ele><time>2024-08-28T02:38:18Z</time><extensions><speed>1.490512</speed><course>136.544866</course><hAcc>1.628664</hAcc><vAcc>0.916781</vAcc></extensions></trkpt>
      <trkpt lon="-117.161564" lat="32.895332"><ele>115.168099</ele><time>2024-08-28T02:38:19Z</time><extensions><speed>1.567934</speed><course>139.884697</course><hAcc>1.608759</hAcc><vAcc>0.919895</vAcc></extensions></trkpt>
      <trkpt lon="-117.161554" lat="32.895320"><ele>114.890983</ele><time>2024-08-28T02:38:20Z</time><extensions><speed>1.548458</speed><course>144.402834</course><hAcc>1.616040</hAcc><vAcc>0.923954</vAcc></extensions></trkpt>
      <trkpt lon="-117.161544" lat="32.895307"><ele>114.601163</ele><time>2024-08-28T02:38:21Z</time><extensions><speed>1.694829</speed><course>147.239973</course><hAcc>1.613505</hAcc><vAcc>0.928946</vAcc></extensions></trkpt>
      <trkpt lon="-117.161534" lat="32.895293"><ele>114.296671</ele><time>2024-08-28T02:38:22Z</time><extensions><speed>1.805364</speed><course>149.649994</course><hAcc>1.627760</hAcc><vAcc>0.935581</vAcc></extensions></trkpt>
      <trkpt lon="-117.161524" lat="32.895278"><ele>113.961136</ele><time>2024-08-28T02:38:23Z</time><extensions><speed>1.892489</speed><course>153.731550</course><hAcc>1.643537</hAcc><vAcc>0.943660</vAcc></extensions></trkpt>
      <trkpt lon="-117.161515" lat="32.895262"><ele>113.602963</ele><time>2024-08-28T02:38:24Z</time><extensions><speed>1.837889</speed><course>156.333406</course><hAcc>1.652564</hAcc><vAcc>0.953208</vAcc></extensions></trkpt>
      <trkpt lon="-117.161506" lat="32.895245"><ele>113.205964</ele><time>2024-08-28T02:38:25Z</time><extensions><speed>2.093732</speed><course>157.103972</course><hAcc>1.645719</hAcc><vAcc>0.962435</vAcc></extensions></trkpt>
      <trkpt lon="-117.161498" lat="32.895228"><ele>112.796643</ele><time>2024-08-28T02:38:26Z</time><extensions><speed>1.868603</speed><course>158.714681</course><hAcc>1.677853</hAcc><vAcc>0.972547</vAcc></extensions></trkpt>
      <trkpt lon="-117.161490" lat="32.895212"><ele>112.360207</ele><time>2024-08-28T02:38:27Z</time><extensions><speed>2.054196</speed><course>158.220308</course><hAcc>1.691321</hAcc><vAcc>0.981364</vAcc></extensions></trkpt>
      <trkpt lon="-117.161481" lat="32.895196"><ele>111.885948</ele><time>2024-08-28T02:38:28Z</time><extensions><speed>1.827819</speed><course>156.570470</course><hAcc>1.720779</hAcc><vAcc>0.988606</vAcc></extensions></trkpt>
      <trkpt lon="-117.161473" lat="32.895180"><ele>111.402353</ele><time>2024-08-28T02:38:29Z</time><extensions><speed>2.044011</speed><course>155.289171</course><hAcc>1.714884</hAcc><vAcc>0.996634</vAcc></extensions></trkpt>
      <trkpt lon="-117.161463" lat="32.895163"><ele>110.912984</ele><time>2024-08-28T02:38:30Z</time><extensions><speed>2.094633</speed><course>153.678110</course><hAcc>1.719864</hAcc><vAcc>1.001921</vAcc></extensions></trkpt>
      <trkpt lon="-117.161452" lat="32.895146"><ele>110.429021</ele><time>2024-08-28T02:38:31Z</time><extensions><speed>2.109470</speed><course>150.188589</course><hAcc>1.734552</hAcc><vAcc>1.006900</vAcc></extensions></trkpt>
      <trkpt lon="-117.161440" lat="32.895130"><ele>109.937147</ele><time>2024-08-28T02:38:32Z</time><extensions><speed>2.088376</speed><course>145.257620</course><hAcc>1.741651</hAcc><vAcc>1.010013</vAcc></extensions></trkpt>
      <trkpt lon="-117.161426" lat="32.895116"><ele>109.489472</ele><time>2024-08-28T02:38:33Z</time><extensions><speed>2.020151</speed><course>138.276270</course><hAcc>1.743425</hAcc><vAcc>1.010785</vAcc></extensions></trkpt>
      <trkpt lon="-117.161412" lat="32.895104"><ele>109.057334</ele><time>2024-08-28T02:38:34Z</time><extensions><speed>1.790069</speed><course>129.810611</course><hAcc>1.749389</hAcc><vAcc>1.008711</vAcc></extensions></trkpt>
      <trkpt lon="-117.161396" lat="32.895095"><ele>108.628492</ele><time>2024-08-28T02:38:35Z</time><extensions><speed>1.782326</speed><course>120.875920</course><hAcc>1.719656</hAcc><vAcc>1.005518</vAcc></extensions></trkpt>
      <trkpt lon="-117.161380" lat="32.895088"><ele>108.232175</ele><time>2024-08-28T02:38:36Z</time><extensions><speed>1.607040</speed><course>109.637147</course><hAcc>1.706041</hAcc><vAcc>1.001305</vAcc></extensions></trkpt>
      <trkpt lon="-117.161363" lat="32.895086"><ele>107.852097</ele><time>2024-08-28T02:38:37Z</time><extensions><speed>1.559571</speed><course>92.116092</course><hAcc>1.672608</hAcc><vAcc>0.997299</vAcc></extensions></trkpt>
      <trkpt lon="-117.161346" lat="32.895087"><ele>107.499851</ele><time>2024-08-28T02:38:38Z</time><extensions><speed>1.599657</speed><course>79.334874</course><hAcc>1.657650</hAcc><vAcc>0.992049</vAcc></extensions></trkpt>
      <trkpt lon="-117.161330" lat="32.895090"><ele>107.165431</ele><time>2024-08-28T02:38:39Z</time><extensions><speed>1.488595</speed><course>74.758411</course><hAcc>1.675763</hAcc><vAcc>0.987345</vAcc></extensions></trkpt>
      <trkpt lon="-117.161314" lat="32.895094"><ele>106.869413</ele><time>2024-08-28T02:38:40Z</time><extensions><speed>1.589297</speed><course>75.392890</course><hAcc>1.640374</hAcc><vAcc>0.980911</vAcc></extensions></trkpt>
      <trkpt lon="-117.161298" lat="32.895098"><ele>106.591679</ele><time>2024-08-28T02:38:41Z</time><extensions><speed>1.545816</speed><course>74.871402</course><hAcc>1.637700</hAcc><vAcc>0.974716</vAcc></extensions></trkpt>
      <trkpt lon="-117.161283" lat="32.895101"><ele>106.336031</ele><time>2024-08-28T02:38:42Z</time><extensions><speed>1.454284</speed><course>73.638874</course><hAcc>1.644674</hAcc><vAcc>0.968255</vAcc></extensions></trkpt>
      <trkpt lon="-117.161268" lat="32.895105"><ele>106.123619</ele><time>2024-08-28T02:38:43Z</time><extensions><speed>1.377175</speed><course>72.310730</course><hAcc>1.627102</hAcc><vAcc>0.963506</vAcc></extensions></trkpt>
      <trkpt lon="-117.161254" lat="32.895109"><ele>105.937536</ele><time>2024-08-28T02:38:44Z</time><extensions><speed>1.311083</speed><course>71.117355</course><hAcc>1.622327</hAcc><vAcc>0.959331</vAcc></extensions></trkpt>
      <trkpt lon="-117.161241" lat="32.895113"><ele>105.773938</ele><time>2024-08-28T02:38:45Z</time><extensions><speed>1.389653</speed><course>67.938300</course><hAcc>1.628484</hAcc><vAcc>0.956239</vAcc></extensions></trkpt>
      <trkpt lon="-117.161226" lat="32.895118"><ele>105.663156</ele><time>2024-08-28T02:38:46Z</time><extensions><speed>1.504528</speed><course>63.328512</course><hAcc>1.633686</hAcc><vAcc>0.953751</vAcc></extensions></trkpt>
      <trkpt lon="-117.161212" lat="32.895124"><ele>105.589537</ele><time>2024-08-28T02:38:47Z</time><extensions><speed>1.505946</speed><course>60.686609</course><hAcc>1.639140</hAcc><vAcc>0.951340</vAcc></extensions></trkpt>
      <trkpt lon="-117.161197" lat="32.895131"><ele>105.548582</ele><time>2024-08-28T02:38:48Z</time><extensions><speed>1.558749</speed><course>61.994897</course><hAcc>1.628627</hAcc><vAcc>0.948770</vAcc></extensions></trkpt>
      <trkpt lon="-117.161183" lat="32.895137"><ele>105.532544</ele><time>2024-08-28T02:38:49Z</time><extensions><speed>1.472177</speed><course>68.567354</course><hAcc>1.626320</hAcc><vAcc>0.945556</vAcc></extensions></trkpt>
      <trkpt lon="-117.161168" lat="32.895141"><ele>105.526462</ele><time>2024-08-28T02:38:50Z</time><extensions><speed>1.447954</speed><course>74.066338</course><hAcc>1.606708</hAcc><vAcc>0.942806</vAcc></extensions></trkpt>
      <trkpt lon="-117.161152" lat="32.895144"><ele>105.535069</ele><time>2024-08-28T02:38:51Z</time><extensions><speed>1.502397</speed><course>75.169961</course><hAcc>1.594018</hAcc><vAcc>0.939479</vAcc></extensions></trkpt>
      <trkpt lon="-117.161136" lat="32.895147"><ele>105.560594</ele><time>2024-08-28T02:38:52Z</time><extensions><speed>1.573236</speed><course>76.811914</course><hAcc>1.589000</hAcc><vAcc>0.936252</vAcc></extensions></trkpt>
      <trkpt lon="-117.161120" lat="32.895150"><ele>105.595759</ele><time>2024-08-28T02:38:53Z</time><extensions><speed>1.554516</speed><course>80.069824</course><hAcc>1.593991</hAcc><vAcc>0.932185</vAcc></extensions></trkpt>
      <trkpt lon="-117.161103" lat="32.895152"><ele>105.647007</ele><time>2024-08-28T02:38:54Z</time><extensions><speed>1.567056</speed><course>83.432373</course><hAcc>1.587913</hAcc><vAcc>0.927946</vAcc></extensions></trkpt>
      <trkpt lon="-117.161086" lat="32.895154"><ele>105.714763</ele><time>2024-08-28T02:38:55Z</time><extensions><speed>1.557972</speed><course>85.545883</course><hAcc>1.595645</hAcc><vAcc>0.923354</vAcc></extensions></trkpt>
      <trkpt lon="-117.161070" lat="32.895155"><ele>105.780340</ele><time>2024-08-28T02:38:56Z</time><extensions><speed>1.459879</speed><course>84.402407</course><hAcc>1.624773</hAcc><vAcc>0.919155</vAcc></extensions></trkpt>
      <trkpt lon="-117.161054" lat="32.895156"><ele>105.850041</ele><time>2024-08-28T02:38:57Z</time><extensions><speed>1.522305</speed><course>83.240276</course><hAcc>1.598203</hAcc><vAcc>0.914377</vAcc></extensions></trkpt>
      <trkpt lon="-117.161038" lat="32.895158"><ele>105.928329</ele><time>2024-08-28T02:38:58Z</time><extensions><speed>1.585419</speed><course>80.074378</course><hAcc>1.593352</hAcc><vAcc>0.909603</vAcc></extensions></trkpt>
      <trkpt lon="-117.161021" lat="32.895161"><ele>106.004585</ele><time>2024-08-28T02:38:59Z</time><extensions><speed>1.606197</speed><course>77.179247</course><hAcc>1.606326</hAcc><vAcc>0.905569</vAcc></extensions></trkpt>
      <trkpt lon="-117.161004" lat="32.895164"><ele>106.081609</ele><time>2024-08-28T02:39:00Z</time><extensions><speed>1.585807</speed><course>76.586561</course><hAcc>1.618077</hAcc><vAcc>0.902128</vAcc></extensions></trkpt>
      <trkpt lon="-117.160988" lat="32.895167"><ele>106.155069</ele><time>2024-08-28T02:39:01Z</time><extensions><speed>1.489113</speed><course>78.702336</course><hAcc>1.622507</hAcc><vAcc>0.900008</vAcc></extensions></trkpt>
      <trkpt lon="-117.160973" lat="32.895169"><ele>106.221751</ele><time>2024-08-28T02:39:02Z</time><extensions><speed>1.429054</speed><course>78.029284</course><hAcc>1.623727</hAcc><vAcc>0.897963</vAcc></extensions></trkpt>
      <trkpt lon="-117.160958" lat="32.895173"><ele>106.283116</ele><time>2024-08-28T02:39:03Z</time><extensions><speed>1.473192</speed><course>73.625109</course><hAcc>1.619488</hAcc><vAcc>0.896506</vAcc></extensions></trkpt>
      <trkpt lon="-117.160943" lat="32.895177"><ele>106.344761</ele><time>2024-08-28T02:39:04Z</time><extensions><speed>1.534259</speed><course>70.606552</course><hAcc>1.615734</hAcc><vAcc>0.895615</vAcc></extensions></trkpt>
      <trkpt lon="-117.160927" lat="32.895181"><ele>106.398850</ele><time>2024-08-28T02:39:05Z</time><extensions><speed>1.544363</speed><course>69.308568</course><hAcc>1.620835</hAcc><vAcc>0.895311</vAcc></extensions></trkpt>
      <trkpt lon="-117.160913" lat="32.895186"><ele>106.441798</ele><time>2024-08-28T02:39:06Z</time><extensions><speed>1.378426</speed><course>70.611195</course><hAcc>1.636573</hAcc><vAcc>0.895454</vAcc></extensions></trkpt>
      <trkpt lon="-117.160899" lat="32.895190"><ele>106.470902</ele><time>2024-08-28T02:39:07Z</time><extensions><speed>1.335378</speed><course>73.248268</course><hAcc>1.612884</hAcc><vAcc>0.895728</vAcc></extensions></trkpt>
      <trkpt lon="-117.160885" lat="32.895193"><ele>106.507338</ele><time>2024-08-28T02:39:08Z</time><extensions><speed>1.323009</speed><course>73.521212</course><hAcc>1.601746</hAcc><vAcc>0.897448</vAcc></extensions></trkpt>
      <trkpt lon="-117.160872" lat="32.895197"><ele>106.544243</ele><time>2024-08-28T02:39:09Z</time><extensions><speed>1.379017</speed><course>69.505248</course><hAcc>1.601147</hAcc><vAcc>0.899170</vAcc></extensions></trkpt>
      <trkpt lon="-117.160858" lat="32.895202"><ele>106.577471</ele><time>2024-08-28T02:39:10Z</time><extensions><speed>1.397059</speed><course>66.083482</course><hAcc>1.608442</hAcc><vAcc>0.901754</vAcc></extensions></trkpt>
      <trkpt lon="-117.160845" lat="32.895207"><ele>106.609937</ele><time>2024-08-28T02:39:11Z</time><extensions><speed>1.319166</speed><course>62.102299</course><hAcc>1.624281</hAcc><vAcc>0.904342</vAcc></extensions></trkpt>
      <trkpt lon="-117.160833" lat="32.895213"><ele>106.627553</ele><time>2024-08-28T02:39:12Z</time><extensions><speed>1.326885</speed><course>62.049644</course><hAcc>1.606925</hAcc><vAcc>0.906283</vAcc></extensions></trkpt>
      <trkpt lon="-117.160820" lat="32.895218"><ele>106.642303</ele><time>2024-08-28T02:39:13Z</time><extensions><speed>1.266656</speed><course>66.128440</course><hAcc>1.595862</hAcc><vAcc>0.910070</vAcc></extensions></trkpt>
      <trkpt lon="-117.160807" lat="32.895223"><ele>106.653727</ele><time>2024-08-28T02:39:14Z</time><extensions><speed>1.270692</speed><course>66.331379</course><hAcc>1.588815</hAcc><vAcc>0.912914</vAcc></extensions></trkpt>
      <trkpt lon="-117.160795" lat="32.895228"><ele>106.655460</ele><time>2024-08-28T02:39:15Z</time><extensions><speed>1.316126</speed><course>61.465668</course><hAcc>1.575881</hAcc><vAcc>0.916537</vAcc></extensions></trkpt>
      <trkpt lon="-117.160782" lat="32.895234"><ele>106.648357</ele><time>2024-08-28T02:39:16Z</time><extensions><speed>1.398813</speed><course>58.541017</course><hAcc>1.556349</hAcc><vAcc>0.919209</vAcc></extensions></trkpt>
      <trkpt lon="-117.160769" lat="32.895240"><ele>106.641507</ele><time>2024-08-28T02:39:17Z</time><extensions><speed>1.403201</speed><course>60.462169</course><hAcc>1.549253</hAcc><vAcc>0.922957</vAcc></extensions></trkpt>
      <trkpt lon="-117.160756" lat="32.895246"><ele>106.619100</ele><time>2024-08-28T02:39:18Z</time><extensions><speed>1.277544</speed><course>65.623974</course><hAcc>1.570596</hAcc><vAcc>0.925966</vAcc></extensions></trkpt>
      <trkpt lon="-117.160743" lat="32.895251"><ele>106.575985</ele><time>2024-08-28T02:39:19Z</time><extensions><speed>1.363983</speed><course>68.667862</course><hAcc>1.534299</hAcc><vAcc>0.929886</vAcc></extensions></trkpt>
      <trkpt lon="-117.160730" lat="32.895255"><ele>106.533153</ele><time>2024-08-28T02:39:20Z</time><extensions><speed>1.306994</speed><course>66.768885</course><hAcc>1.539479</hAcc><vAcc>0.934627</vAcc></extensions></trkpt>
      <trkpt lon="-117.160717" lat="32.895261"><ele>106.463093</ele><time>2024-08-28T02:39:21Z</time><extensions><speed>1.425718</speed><course>63.728093</course><hAcc>1.513414</hAcc><vAcc>0.938595</vAcc></extensions></trkpt>
      <trkpt lon="-117.160703" lat="32.895267"><ele>106.378600</ele><time>2024-08-28T02:39:22Z</time><extensions><speed>1.526029</speed><course>60.683755</course><hAcc>1.512232</hAcc><vAcc>0.941838</vAcc></extensions></trkpt>
      <trkpt lon="-117.160690" lat="32.895274"><ele>106.277927</ele><time>2024-08-28T02:39:23Z</time><extensions><speed>1.414991</speed><course>61.314639</course><hAcc>1.537802</hAcc><vAcc>0.944881</vAcc></extensions></trkpt>
      <trkpt lon="-117.160676" lat="32.895280"><ele>106.178679</ele><time>2024-08-28T02:39:24Z</time><extensions><speed>1.474760</speed><course>63.580953</course><hAcc>1.529285</hAcc><vAcc>0.946326</vAcc></extensions></trkpt>
      <trkpt lon="-117.160662" lat="32.895285"><ele>106.087381</ele><time>2024-08-28T02:39:25Z</time><extensions><speed>1.320514</speed><course>68.511868</course><hAcc>1.544494</hAcc><vAcc>0.946167</vAcc></extensions></trkpt>
      <trkpt lon="-117.160649" lat="32.895289"><ele>105.986101</ele><time>2024-08-28T02:39:26Z</time><extensions><speed>1.365287</speed><course>69.748865</course><hAcc>1.536130</hAcc><vAcc>0.947558</vAcc></extensions></trkpt>
      <trkpt lon="-117.160635" lat="32.895294"><ele>105.885164</ele><time>2024-08-28T02:39:27Z</time><extensions><speed>1.335608</speed><course>64.697507</course><hAcc>1.545328</hAcc><vAcc>0.947863</vAcc></extensions></trkpt>
      <trkpt lon="-117.160623" lat="32.895300"><ele>105.778373</ele><time>2024-08-28T02:39:28Z</time><extensions><speed>1.392745</speed><course>58.717805</course><hAcc>1.546378</hAcc><vAcc>0.946917</vAcc></extensions></trkpt>
      <trkpt lon="-117.160610" lat="32.895306"><ele>105.668917</ele><time>2024-08-28T02:39:29Z</time><extensions><speed>1.402014</speed><course>56.909619</course><hAcc>1.564233</hAcc><vAcc>0.946359</vAcc></extensions></trkpt>
      <trkpt lon="-117.160598" lat="32.895313"><ele>105.557657</ele><time>2024-08-28T02:39:30Z</time><extensions><speed>1.277127</speed><course>56.612047</course><hAcc>1.591215</hAcc><vAcc>0.944372</vAcc></extensions></trkpt>
      <trkpt lon="-117.160586" lat="32.895319"><ele>105.449951</ele><time>2024-08-28T02:39:31Z</time><extensions><speed>1.281007</speed><course>59.336673</course><hAcc>1.569746</hAcc><vAcc>0.942760</vAcc></extensions></trkpt>
      <trkpt lon="-117.160574" lat="32.895325"><ele>105.346102</ele><time>2024-08-28T02:39:32Z</time><extensions><speed>1.310750</speed><course>62.392241</course><hAcc>1.560230</hAcc><vAcc>0.938966</vAcc></extensions></trkpt>
      <trkpt lon="-117.160561" lat="32.895330"><ele>105.253935</ele><time>2024-08-28T02:39:33Z</time><extensions><speed>1.318694</speed><course>67.551659</course><hAcc>1.554110</hAcc><vAcc>0.935522</vAcc></extensions></trkpt>
      <trkpt lon="-117.160547" lat="32.895334"><ele>105.178488</ele><time>2024-08-28T02:39:34Z</time><extensions><speed>1.428595</speed><course>72.661311</course><hAcc>1.549145</hAcc><vAcc>0.931204</vAcc></extensions></trkpt>
      <trkpt lon="-117.160532" lat="32.895338"><ele>105.118059</ele><time>2024-08-28T02:39:35Z</time><extensions><speed>1.560753</speed><course>76.195517</course><hAcc>1.555562</hAcc><vAcc>0.927306</vAcc></extensions></trkpt>
      <trkpt lon="-117.160517" lat="32.895341"><ele>105.076981</ele><time>2024-08-28T02:39:36Z</time><extensions><speed>1.321825</speed><course>79.070530</course><hAcc>1.580379</hAcc><vAcc>0.924361</vAcc></extensions></trkpt>
      <trkpt lon="-117.160503" lat="32.895342"><ele>105.057175</ele><time>2024-08-28T02:39:37Z</time><extensions><speed>1.309728</speed><course>84.832642</course><hAcc>1.546167</hAcc><vAcc>0.921257</vAcc></extensions></trkpt>
      <trkpt lon="-117.160490" lat="32.895343"><ele>105.058784</ele><time>2024-08-28T02:39:38Z</time><extensions><speed>1.230011</speed><course>86.482660</course><hAcc>1.526365</hAcc><vAcc>0.917949</vAcc></extensions></trkpt>
      <trkpt lon="-117.160476" lat="32.895344"><ele>105.086242</ele><time>2024-08-28T02:39:39Z</time><extensions><speed>1.264570</speed><course>85.974603</course><hAcc>1.531554</hAcc><vAcc>0.915207</vAcc></extensions></trkpt>
      <trkpt lon="-117.160462" lat="32.895345"><ele>105.143459</ele><time>2024-08-28T02:39:40Z</time><extensions><speed>1.457916</speed><course>81.919613</course><hAcc>1.536883</hAcc><vAcc>0.912179</vAcc></extensions></trkpt>
      <trkpt lon="-117.160447" lat="32.895348"><ele>105.218150</ele><time>2024-08-28T02:39:41Z</time><extensions><speed>1.444048</speed><course>73.227188</course><hAcc>1.542738</hAcc><vAcc>0.908281</vAcc></extensions></trkpt>
      <trkpt lon="-117.160432" lat="32.895353"><ele>105.290136</ele><time>2024-08-28T02:39:42Z</time><extensions><speed>1.591478</speed><course>63.302910</course><hAcc>1.527609</hAcc><vAcc>0.904507</vAcc></extensions></trkpt>
      <trkpt lon="-117.160419" lat="32.895360"><ele>105.380232</ele><time>2024-08-28T02:39:43Z</time><extensions><speed>1.367698</speed><course>51.597827</course><hAcc>1.545981</hAcc><vAcc>0.901454</vAcc></extensions></trkpt>
      <trkpt lon="-117.160409" lat="32.895368"><ele>105.473187</ele><time>2024-08-28T02:39:44Z</time><extensions><speed>1.209376</speed><course>43.955257</course><hAcc>1.533633</hAcc><vAcc>0.898132</vAcc></extensions></trkpt>
      <trkpt lon="-117.160401" lat="32.895376"><ele>105.572661</ele><time>2024-08-28T02:39:45Z</time><extensions><speed>1.033539</speed><course>33.533452</course><hAcc>1.526593</hAcc><vAcc>0.895318</vAcc></extensions></trkpt>
      <trkpt lon="-117.160396" lat="32.895384"><ele>105.694749</ele><time>2024-08-28T02:39:46Z</time><extensions><speed>1.066949</speed><course>25.576613</course><hAcc>1.524459</hAcc><vAcc>0.892037</vAcc></extensions></trkpt>
      <trkpt lon="-117.160391" lat="32.895393"><ele>105.810788</ele><time>2024-08-28T02:39:47Z</time><extensions><speed>1.199461</speed><course>23.321216</course><hAcc>1.526661</hAcc><vAcc>0.888555</vAcc></extensions></trkpt>
      <trkpt lon="-117.160385" lat="32.895403"><ele>105.932091</ele><time>2024-08-28T02:39:48Z</time><extensions><speed>1.261499</speed><course>25.545724</course><hAcc>1.543598</hAcc><vAcc>0.884784</vAcc></extensions></trkpt>
      <trkpt lon="-117.160379" lat="32.895413"><ele>106.060531</ele><time>2024-08-28T02:39:49Z</time><extensions><speed>1.209600</speed><course>35.956851</course><hAcc>1.581451</hAcc><vAcc>0.880721</vAcc></extensions></trkpt>
      <trkpt lon="-117.160372" lat="32.895421"><ele>106.195673</ele><time>2024-08-28T02:39:50Z</time><extensions><speed>1.024397</speed><course>38.038983</course><hAcc>1.542590</hAcc><vAcc>0.876780</vAcc></extensions></trkpt>
      <trkpt lon="-117.160366" lat="32.895428"><ele>106.334698</ele><time>2024-08-28T02:39:51Z</time><extensions><speed>0.921593</speed><course>31.052837</course><hAcc>1.520925</hAcc><vAcc>0.873299</vAcc></extensions></trkpt>
      <trkpt lon="-117.160361" lat="32.895436"><ele>106.493010</ele><time>2024-08-28T02:39:52Z</time><extensions><speed>1.005248</speed><course>29.449345</course><hAcc>1.543926</hAcc><vAcc>0.870382</vAcc></extensions></trkpt>
      <trkpt lon="-117.160355" lat="32.895444"><ele>106.655391</ele><time>2024-08-28T02:39:53Z</time><extensions><speed>1.225708</speed><course>32.135570</course><hAcc>1.571815</hAcc><vAcc>0.868037</vAcc></extensions></trkpt>
      <trkpt lon="-117.160348" lat="32.895454"><ele>106.835004</ele><time>2024-08-28T02:39:54Z</time><extensions><speed>1.237991</speed><course>30.545337</course><hAcc>1.569124</hAcc><vAcc>0.866324</vAcc></extensions></trkpt>
      <trkpt lon="-117.160341" lat="32.895463"><ele>107.020205</ele><time>2024-08-28T02:39:55Z</time><extensions><speed>1.252465</speed><course>27.949680</course><hAcc>1.571272</hAcc><vAcc>0.865200</vAcc></extensions></trkpt>
      <trkpt lon="-117.160336" lat="32.895473"><ele>107.220902</ele><time>2024-08-28T02:39:56Z</time><extensions><speed>1.257382</speed><course>26.090552</course><hAcc>1.566537</hAcc><vAcc>0.865821</vAcc></extensions></trkpt>
      <trkpt lon="-117.160330" lat="32.895483"><ele>107.440667</ele><time>2024-08-28T02:39:57Z</time><extensions><speed>1.215973</speed><course>25.555719</course><hAcc>1.563996</hAcc><vAcc>0.867509</vAcc></extensions></trkpt>
      <trkpt lon="-117.160324" lat="32.895493"><ele>107.676229</ele><time>2024-08-28T02:39:58Z</time><extensions><speed>1.152254</speed><course>25.171887</course><hAcc>1.558699</hAcc><vAcc>0.868535</vAcc></extensions></trkpt>
      <trkpt lon="-117.160320" lat="32.895502"><ele>107.934840</ele><time>2024-08-28T02:39:59Z</time><extensions><speed>1.080026</speed><course>22.884910</course><hAcc>1.551292</hAcc><vAcc>0.870872</vAcc></extensions></trkpt>
      <trkpt lon="-117.160316" lat="32.895511"><ele>108.221306</ele><time>2024-08-28T02:40:00Z</time><extensions><speed>1.078087</speed><course>17.175776</course><hAcc>1.543910</hAcc><vAcc>0.872886</vAcc></extensions></trkpt>
      <trkpt lon="-117.160312" lat="32.895521"><ele>108.532207</ele><time>2024-08-28T02:40:01Z</time><extensions><speed>1.120230</speed><course>14.266935</course><hAcc>1.533215</hAcc><vAcc>0.875091</vAcc></extensions></trkpt>
      <trkpt lon="-117.160310" lat="32.895531"><ele>108.849931</ele><time>2024-08-28T02:40:02Z</time><extensions><speed>1.115881</speed><course>10.744412</course><hAcc>1.514705</hAcc><vAcc>0.877699</vAcc></extensions></trkpt>
      <trkpt lon="-117.160308" lat="32.895541"><ele>109.169617</ele><time>2024-08-28T02:40:03Z</time><extensions><speed>1.074316</speed><course>6.247517</course><hAcc>1.499935</hAcc><vAcc>0.881081</vAcc></extensions></trkpt>
      <trkpt lon="-117.160307" lat="32.895550"><ele>109.503778</ele><time>2024-08-28T02:40:04Z</time><extensions><speed>1.089834</speed><course>3.053193</course><hAcc>1.490116</hAcc><vAcc>0.884632</vAcc></extensions></trkpt>
      <trkpt lon="-117.160307" lat="32.895560"><ele>109.842644</ele><time>2024-08-28T02:40:05Z</time><extensions><speed>1.094236</speed><course>0.899875</course><hAcc>1.505263</hAcc><vAcc>0.889231</vAcc></extensions></trkpt>
      <trkpt lon="-117.160307" lat="32.895570"><ele>110.169119</ele><time>2024-08-28T02:40:06Z</time><extensions><speed>0.947445</speed><course>1.293279</course><hAcc>1.544732</hAcc><vAcc>0.893411</vAcc></extensions></trkpt>
      <trkpt lon="-117.160307" lat="32.895579"><ele>110.499361</ele><time>2024-08-28T02:40:07Z</time><extensions><speed>1.139069</speed><course>358.657374</course><hAcc>1.500326</hAcc><vAcc>0.897190</vAcc></extensions></trkpt>
      <trkpt lon="-117.160307" lat="32.895591"><ele>110.834720</ele><time>2024-08-28T02:40:08Z</time><extensions><speed>1.316331</speed><course>358.334329</course><hAcc>1.509648</hAcc><vAcc>0.900797</vAcc></extensions></trkpt>
      <trkpt lon="-117.160307" lat="32.895602"><ele>111.164432</ele><time>2024-08-28T02:40:09Z</time><extensions><speed>1.140407</speed><course>355.831935</course><hAcc>1.552459</hAcc><vAcc>0.904033</vAcc></extensions></trkpt>
      <trkpt lon="-117.160308" lat="32.895613"><ele>111.486120</ele><time>2024-08-28T02:40:10Z</time><extensions><speed>1.251880</speed><course>0.146515</course><hAcc>1.539786</hAcc><vAcc>0.907060</vAcc></extensions></trkpt>
      <trkpt lon="-117.160308" lat="32.895625"><ele>111.805263</ele><time>2024-08-28T02:40:11Z</time><extensions><speed>1.352394</speed><course>0.530126</course><hAcc>1.546883</hAcc><vAcc>0.909890</vAcc></extensions></trkpt>
      <trkpt lon="-117.160309" lat="32.895637"><ele>112.132822</ele><time>2024-08-28T02:40:12Z</time><extensions><speed>1.427122</speed><course>356.480005</course><hAcc>1.567429</hAcc><vAcc>0.913245</vAcc></extensions></trkpt>
      <trkpt lon="-117.160311" lat="32.895651"><ele>112.465192</ele><time>2024-08-28T02:40:13Z</time><extensions><speed>1.579759</speed><course>350.107509</course><hAcc>1.583207</hAcc><vAcc>0.917360</vAcc></extensions></trkpt>
      <trkpt lon="-117.160315" lat="32.895665"><ele>112.797867</ele><time>2024-08-28T02:40:14Z</time><extensions><speed>1.625423</speed><course>344.061075</course><hAcc>1.606072</hAcc><vAcc>0.921306</vAcc></extensions></trkpt>
      <trkpt lon="-117.160320" lat="32.895678"><ele>113.125347</ele><time>2024-08-28T02:40:15Z</time><extensions><speed>1.384350</speed><course>340.442677</course><hAcc>1.642263</hAcc><vAcc>0.926327</vAcc></extensions></trkpt>
      <trkpt lon="-117.160325" lat="32.895690"><ele>113.464331</ele><time>2024-08-28T02:40:16Z</time><extensions><speed>1.508805</speed><course>341.996034</course><hAcc>1.621315</hAcc><vAcc>0.931073</vAcc></extensions></trkpt>
      <trkpt lon="-117.160330" lat="32.895703"><ele>113.794605</ele><time>2024-08-28T02:40:17Z</time><extensions><speed>1.482043</speed><course>343.062812</course><hAcc>1.619025</hAcc><vAcc>0.937240</vAcc></extensions></trkpt>
      <trkpt lon="-117.160335" lat="32.895716"><ele>114.132589</ele><time>2024-08-28T02:40:18Z</time><extensions><speed>1.479833</speed><course>340.999656</course><hAcc>1.629630</hAcc><vAcc>0.944094</vAcc></extensions></trkpt>
      <trkpt lon="-117.160341" lat="32.895729"><ele>114.461687</ele><time>2024-08-28T02:40:19Z</time><extensions><speed>1.491727</speed><course>335.121517</course><hAcc>1.641270</hAcc><vAcc>0.952272</vAcc></extensions></trkpt>
      <trkpt lon="-117.160349" lat="32.895740"><ele>114.802366</ele><time>2024-08-28T02:40:20Z</time><extensions><speed>1.557196</speed><course>325.282909</course><hAcc>1.651135</hAcc><vAcc>0.961686</vAcc></extensions></trkpt>
      <trkpt lon="-117.160360" lat="32.895752"><ele>115.145789</ele><time>2024-08-28T02:40:21Z</time><extensions><speed>1.617473</speed><course>317.093559</course><hAcc>1.656517</hAcc><vAcc>0.971238</vAcc></extensions></trkpt>
      <trkpt lon="-117.160372" lat="32.895762"><ele>115.491697</ele><time>2024-08-28T02:40:22Z</time><extensions><speed>1.548610</speed><course>314.611849</course><hAcc>1.658327</hAcc><vAcc>0.981108</vAcc></extensions></trkpt>
      <trkpt lon="-117.160383" lat="32.895771"><ele>115.846371</ele><time>2024-08-28T02:40:23Z</time><extensions><speed>1.397604</speed><course>317.328497</course><hAcc>1.653686</hAcc><vAcc>0.990390</vAcc></extensions></trkpt>
      <trkpt lon="-117.160393" lat="32.895781"><ele>116.221193</ele><time>2024-08-28T02:40:24Z</time><extensions><speed>1.362207</speed><course>319.272433</course><hAcc>1.648931</hAcc><vAcc>0.998687</vAcc></extensions></trkpt>
      <trkpt lon="-117.160403" lat="32.895790"><ele>116.615600</ele><time>2024-08-28T02:40:25Z</time><extensions><speed>1.371350</speed><course>318.806877</course><hAcc>1.648027</hAcc><vAcc>1.005065</vAcc></extensions></trkpt>
      <trkpt lon="-117.160412" lat="32.895800"><ele>116.986519</ele><time>2024-08-28T02:40:26Z</time><extensions><speed>1.451933</speed><course>321.008759</course><hAcc>1.641638</hAcc><vAcc>1.009350</vAcc></extensions></trkpt>
      <trkpt lon="-117.160421" lat="32.895810"><ele>117.337755</ele><time>2024-08-28T02:40:27Z</time><extensions><speed>1.373884</speed><course>325.069423</course><hAcc>1.650807</hAcc><vAcc>1.012651</vAcc></extensions></trkpt>
      <trkpt lon="-117.160429" lat="32.895820"><ele>117.690926</ele><time>2024-08-28T02:40:28Z</time><extensions><speed>1.353861</speed><course>326.457775</course><hAcc>1.657782</hAcc><vAcc>1.014445</vAcc></extensions></trkpt>
      <trkpt lon="-117.160436" lat="32.895831"><ele>118.043914</ele><time>2024-08-28T02:40:29Z</time><extensions><speed>1.294248</speed><course>327.209834</course><hAcc>1.673022</hAcc><vAcc>1.013051</vAcc></extensions></trkpt>
      <trkpt lon="-117.160444" lat="32.895840"><ele>118.399209</ele><time>2024-08-28T02:40:30Z</time><extensions><speed>1.203286</speed><course>322.686803</course><hAcc>1.660416</hAcc><vAcc>1.011650</vAcc></extensions></trkpt>
      <trkpt lon="-117.160451" lat="32.895849"><ele>118.748382</ele><time>2024-08-28T02:40:31Z</time><extensions><speed>1.173544</speed><course>321.134039</course><hAcc>1.662473</hAcc><vAcc>1.008603</vAcc></extensions></trkpt>
      <trkpt lon="-117.160459" lat="32.895857"><ele>119.108816</ele><time>2024-08-28T02:40:32Z</time><extensions><speed>1.248977</speed><course>322.790738</course><hAcc>1.672206</hAcc><vAcc>1.003629</vAcc></extensions></trkpt>
      <trkpt lon="-117.160467" lat="32.895867"><ele>119.450014</ele><time>2024-08-28T02:40:33Z</time><extensions><speed>1.330488</speed><course>324.026675</course><hAcc>1.709779</hAcc><vAcc>0.998220</vAcc></extensions></trkpt>
      <trkpt lon="-117.160474" lat="32.895877"><ele>119.766584</ele><time>2024-08-28T02:40:34Z</time><extensions><speed>1.181052</speed><course>325.303605</course><hAcc>1.764790</hAcc><vAcc>0.992229</vAcc></extensions></trkpt>
      <trkpt lon="-117.160480" lat="32.895886"><ele>120.075298</ele><time>2024-08-28T02:40:35Z</time><extensions><speed>1.167561</speed><course>334.697647</course><hAcc>1.742213</hAcc><vAcc>0.986418</vAcc></extensions></trkpt>
      <trkpt lon="-117.160484" lat="32.895896"><ele>120.375100</ele><time>2024-08-28T02:40:36Z</time><extensions><speed>1.117947</speed><course>342.445844</course><hAcc>1.750858</hAcc><vAcc>0.980836</vAcc></extensions></trkpt>
      <trkpt lon="-117.160486" lat="32.895906"><ele>120.675118</ele><time>2024-08-28T02:40:37Z</time><extensions><speed>1.126819</speed><course>346.623853</course><hAcc>1.773311</hAcc><vAcc>0.975465</vAcc></extensions></trkpt>
      <trkpt lon="-117.160489" lat="32.895916"><ele>120.962223</ele><time>2024-08-28T02:40:38Z</time><extensions><speed>1.188134</speed><course>348.110876</course><hAcc>1.794729</hAcc><vAcc>0.971195</vAcc></extensions></trkpt>
      <trkpt lon="-117.160492" lat="32.895927"><ele>121.231901</ele><time>2024-08-28T02:40:39Z</time><extensions><speed>1.244927</speed><course>346.305495</course><hAcc>1.809788</hAcc><vAcc>0.967737</vAcc></extensions></trkpt>
      <trkpt lon="-117.160495" lat="32.895938"><ele>121.508245</ele><time>2024-08-28T02:40:40Z</time><extensions><speed>1.134401</speed><course>345.401489</course><hAcc>1.825300</hAcc><vAcc>0.965757</vAcc></extensions></trkpt>
      <trkpt lon="-117.160497" lat="32.895947"><ele>121.767147</ele><time>2024-08-28T02:40:41Z</time><extensions><speed>1.076677</speed><course>355.154181</course><hAcc>1.839783</hAcc><vAcc>0.964469</vAcc></extensions></trkpt>
      <trkpt lon="-117.160497" lat="32.895957"><ele>122.017015</ele><time>2024-08-28T02:40:42Z</time><extensions><speed>1.120828</speed><course>2.157036</course><hAcc>1.853413</hAcc><vAcc>0.963754</vAcc></extensions></trkpt>
      <trkpt lon="-117.160496" lat="32.895968"><ele>122.255651</ele><time>2024-08-28T02:40:43Z</time><extensions><speed>1.160826</speed><course>4.212468</course><hAcc>1.868227</hAcc><vAcc>0.964218</vAcc></extensions></trkpt>
      <trkpt lon="-117.160495" lat="32.895979"><ele>122.489614</ele><time>2024-08-28T02:40:44Z</time><extensions><speed>1.189451</speed><course>4.361059</course><hAcc>1.881936</hAcc><vAcc>0.965988</vAcc></extensions></trkpt>
      <trkpt lon="-117.160495" lat="32.895989"><ele>122.707371</ele><time>2024-08-28T02:40:45Z</time><extensions><speed>1.171926</speed><course>1.566166</course><hAcc>1.904067</hAcc><vAcc>0.967478</vAcc></extensions></trkpt>
      <trkpt lon="-117.160495" lat="32.896000"><ele>122.921819</ele><time>2024-08-28T02:40:46Z</time><extensions><speed>1.163226</speed><course>356.147905</course><hAcc>1.919654</hAcc><vAcc>0.968576</vAcc></extensions></trkpt>
      <trkpt lon="-117.160497" lat="32.896010"><ele>123.149717</ele><time>2024-08-28T02:40:47Z</time><extensions><speed>1.227214</speed><course>349.356274</course><hAcc>1.932626</hAcc><vAcc>0.969589</vAcc></extensions></trkpt>
      <trkpt lon="-117.160500" lat="32.896021"><ele>123.360087</ele><time>2024-08-28T02:40:48Z</time><extensions><speed>1.240285</speed><course>342.767603</course><hAcc>1.944803</hAcc><vAcc>0.970307</vAcc></extensions></trkpt>
      <trkpt lon="-117.160505" lat="32.896032"><ele>123.557727</ele><time>2024-08-28T02:40:49Z</time><extensions><speed>1.205959</speed><course>338.837239</course><hAcc>1.949402</hAcc><vAcc>0.971581</vAcc></extensions></trkpt>
      <trkpt lon="-117.160509" lat="32.896042"><ele>123.748549</ele><time>2024-08-28T02:40:50Z</time><extensions><speed>1.272756</speed><course>340.400318</course><hAcc>1.948625</hAcc><vAcc>0.972456</vAcc></extensions></trkpt>
      <trkpt lon="-117.160515" lat="32.896053"><ele>123.916330</ele><time>2024-08-28T02:40:51Z</time><extensions><speed>1.321759</speed><course>337.894531</course><hAcc>1.952725</hAcc><vAcc>0.972492</vAcc></extensions></trkpt>
      <trkpt lon="-117.160522" lat="32.896064"><ele>124.072310</ele><time>2024-08-28T02:40:52Z</time><extensions><speed>1.381795</speed><course>332.246138</course><hAcc>1.966038</hAcc><vAcc>0.972242</vAcc></extensions></trkpt>
      <trkpt lon="-117.160530" lat="32.896075"><ele>124.207470</ele><time>2024-08-28T02:40:53Z</time><extensions><speed>1.442671</speed><course>326.560511</course><hAcc>1.980433</hAcc><vAcc>0.971787</vAcc></extensions></trkpt>
      <trkpt lon="-117.160540" lat="32.896085"><ele>124.360620</ele><time>2024-08-28T02:40:54Z</time><extensions><speed>1.360778</speed><course>321.593367</course><hAcc>1.995724</hAcc><vAcc>0.972279</vAcc></extensions></trkpt>
      <trkpt lon="-117.160550" lat="32.896094"><ele>124.504634</ele><time>2024-08-28T02:40:55Z</time><extensions><speed>1.331539</speed><course>316.598528</course><hAcc>1.998770</hAcc><vAcc>0.973692</vAcc></extensions></trkpt>
      <trkpt lon="-117.160560" lat="32.896102"><ele>124.633294</ele><time>2024-08-28T02:40:56Z</time><extensions><speed>1.341507</speed><course>317.893707</course><hAcc>1.999579</hAcc><vAcc>0.975959</vAcc></extensions></trkpt>
      <trkpt lon="-117.160570" lat="32.896112"><ele>124.733902</ele><time>2024-08-28T02:40:57Z</time><extensions><speed>1.392100</speed><course>320.924143</course><hAcc>2.008806</hAcc><vAcc>0.979429</vAcc></extensions></trkpt>
      <trkpt lon="-117.160581" lat="32.896122"><ele>124.803817</ele><time>2024-08-28T02:40:58Z</time><extensions><speed>1.467551</speed><course>319.102286</course><hAcc>2.051124</hAcc><vAcc>0.985511</vAcc></extensions></trkpt>
      <trkpt lon="-117.160591" lat="32.896131"><ele>124.854066</ele><time>2024-08-28T02:40:59Z</time><extensions><speed>1.265300</speed><course>312.272319</course><hAcc>2.098817</hAcc><vAcc>0.993370</vAcc></extensions></trkpt>
      <trkpt lon="-117.160603" lat="32.896138"><ele>124.884320</ele><time>2024-08-28T02:41:00Z</time><extensions><speed>1.408369</speed><course>300.923159</course><hAcc>2.078322</hAcc><vAcc>1.003177</vAcc></extensions></trkpt>
      <trkpt lon="-117.160618" lat="32.896145"><ele>124.904503</ele><time>2024-08-28T02:41:01Z</time><extensions><speed>1.558253</speed><course>294.636295</course><hAcc>2.073366</hAcc><vAcc>1.012706</vAcc></extensions></trkpt>
      <trkpt lon="-117.160634" lat="32.896150"><ele>124.909241</ele><time>2024-08-28T02:41:02Z</time><extensions><speed>1.647209</speed><course>290.011177</course><hAcc>2.094946</hAcc><vAcc>1.024421</vAcc></extensions></trkpt>
      <trkpt lon="-117.160650" lat="32.896155"><ele>124.897275</ele><time>2024-08-28T02:41:03Z</time><extensions><speed>1.502732</speed><course>290.179592</course><hAcc>2.123928</hAcc><vAcc>1.038272</vAcc></extensions></trkpt>
      <trkpt lon="-117.160663" lat="32.896161"><ele>124.871236</ele><time>2024-08-28T02:41:04Z</time><extensions><speed>1.297435</speed><course>300.420734</course><hAcc>2.155363</hAcc><vAcc>1.054516</vAcc></extensions></trkpt>
      <trkpt lon="-117.160675" lat="32.896168"><ele>124.830690</ele><time>2024-08-28T02:41:05Z</time><extensions><speed>1.261682</speed><course>309.067210</course><hAcc>2.182706</hAcc><vAcc>1.072497</vAcc></extensions></trkpt>
      <trkpt lon="-117.160685" lat="32.896176"><ele>124.772604</ele><time>2024-08-28T02:41:06Z</time><extensions><speed>1.256479</speed><course>315.385738</course><hAcc>2.201381</hAcc><vAcc>1.092044</vAcc></extensions></trkpt>
      <trkpt lon="-117.160693" lat="32.896184"><ele>124.710117</ele><time>2024-08-28T02:41:07Z</time><extensions><speed>1.155233</speed><course>322.266987</course><hAcc>2.212136</hAcc><vAcc>1.112463</vAcc></extensions></trkpt>
      <trkpt lon="-117.160700" lat="32.896193"><ele>124.647165</ele><time>2024-08-28T02:41:08Z</time><extensions><speed>1.144197</speed><course>336.033788</course><hAcc>2.233664</hAcc><vAcc>1.132065</vAcc></extensions></trkpt>
      <trkpt lon="-117.160705" lat="32.896204"><ele>124.580595</ele><time>2024-08-28T02:41:09Z</time><extensions><speed>1.268610</speed><course>339.801898</course><hAcc>2.248121</hAcc><vAcc>1.151244</vAcc></extensions></trkpt>
      <trkpt lon="-117.160710" lat="32.896216"><ele>124.507845</ele><time>2024-08-28T02:41:10Z</time><extensions><speed>1.361016</speed><course>338.787992</course><hAcc>2.263808</hAcc><vAcc>1.171297</vAcc></extensions></trkpt>
      <trkpt lon="-117.160716" lat="32.896227"><ele>124.445801</ele><time>2024-08-28T02:41:11Z</time><extensions><speed>1.309471</speed><course>336.118094</course><hAcc>2.279554</hAcc><vAcc>1.190495</vAcc></extensions></trkpt>
      <trkpt lon="-117.160722" lat="32.896238"><ele>124.400948</ele><time>2024-08-28T02:41:12Z</time><extensions><speed>1.207137</speed><course>332.673402</course><hAcc>2.292340</hAcc><vAcc>1.208581</vAcc></extensions></trkpt>
      <trkpt lon="-117.160729" lat="32.896248"><ele>124.394706</ele><time>2024-08-28T02:41:13Z</time><extensions><speed>1.224783</speed><course>331.871445</course><hAcc>2.297578</hAcc><vAcc>1.222426</vAcc></extensions></trkpt>
      <trkpt lon="-117.160736" lat="32.896258"><ele>124.396506</ele><time>2024-08-28T02:41:14Z</time><extensions><speed>1.262295</speed><course>328.682607</course><hAcc>2.300081</hAcc><vAcc>1.232899</vAcc></extensions></trkpt>
      <trkpt lon="-117.160744" lat="32.896268"><ele>124.397957</ele><time>2024-08-28T02:41:15Z</time><extensions><speed>1.380468</speed><course>326.346311</course><hAcc>2.304395</hAcc><vAcc>1.240925</vAcc></extensions></trkpt>
      <trkpt lon="-117.160753" lat="32.896279"><ele>124.407891</ele><time>2024-08-28T02:41:16Z</time><extensions><speed>1.454327</speed><course>325.697497</course><hAcc>2.307819</hAcc><vAcc>1.247660</vAcc></extensions></trkpt>
      <trkpt lon="-117.160762" lat="32.896290"><ele>124.438388</ele><time>2024-08-28T02:41:17Z</time><extensions><speed>1.427349</speed><course>324.174459</course><hAcc>2.310616</hAcc><vAcc>1.254032</vAcc></extensions></trkpt>
      <trkpt lon="-117.160771" lat="32.896301"><ele>124.484651</ele><time>2024-08-28T02:41:18Z</time><extensions><speed>1.415890</speed><course>320.149079</course><hAcc>2.314036</hAcc><vAcc>1.257833</vAcc></extensions></trkpt>
      <trkpt lon="-117.160781" lat="32.896310"><ele>124.542538</ele><time>2024-08-28T02:41:19Z</time><extensions><speed>1.451228</speed><course>317.084711</course><hAcc>2.315627</hAcc><vAcc>1.257556</vAcc></extensions></trkpt>
      <trkpt lon="-117.160791" lat="32.896320"><ele>124.596989</ele><time>2024-08-28T02:41:20Z</time><extensions><speed>1.382044</speed><course>317.047439</course><hAcc>2.315116</hAcc><vAcc>1.253504</vAcc></extensions></trkpt>
      <trkpt lon="-117.160800" lat="32.896328"><ele>124.634058</ele><time>2024-08-28T02:41:21Z</time><extensions><speed>1.193009</speed><course>316.940897</course><hAcc>2.307130</hAcc><vAcc>1.249205</vAcc></extensions></trkpt>
      <trkpt lon="-117.160809" lat="32.896335"><ele>124.653933</ele><time>2024-08-28T02:41:22Z</time><extensions><speed>1.070229</speed><course>313.305780</course><hAcc>2.284181</hAcc><vAcc>1.246511</vAcc></extensions></trkpt>
      <trkpt lon="-117.160816" lat="32.896342"><ele>124.664460</ele><time>2024-08-28T02:41:23Z</time><extensions><speed>1.021842</speed><course>314.907652</course><hAcc>2.245842</hAcc><vAcc>1.243632</vAcc></extensions></trkpt>
      <trkpt lon="-117.160824" lat="32.896349"><ele>124.656909</ele><time>2024-08-28T02:41:24Z</time><extensions><speed>1.040377</speed><course>318.519233</course><hAcc>2.226159</hAcc><vAcc>1.244655</vAcc></extensions></trkpt>
      <trkpt lon="-117.160831" lat="32.896357"><ele>124.653546</ele><time>2024-08-28T02:41:25Z</time><extensions><speed>1.103418</speed><course>323.970709</course><hAcc>2.228788</hAcc><vAcc>1.243254</vAcc></extensions></trkpt>
      <trkpt lon="-117.160838" lat="32.896366"><ele>124.645291</ele><time>2024-08-28T02:41:26Z</time><extensions><speed>1.253704</speed><course>329.870819</course><hAcc>2.246927</hAcc><vAcc>1.242688</vAcc></extensions></trkpt>
      <trkpt lon="-117.160845" lat="32.896377"><ele>124.618624</ele><time>2024-08-28T02:41:27Z</time><extensions><speed>1.373109</speed><course>339.623914</course><hAcc>2.263418</hAcc><vAcc>1.241095</vAcc></extensions></trkpt>
      <trkpt lon="-117.160849" lat="32.896388"><ele>124.568952</ele><time>2024-08-28T02:41:28Z</time><extensions><speed>1.202684</speed><course>347.726768</course><hAcc>2.237408</hAcc><vAcc>1.241238</vAcc></extensions></trkpt>
      <trkpt lon="-117.160851" lat="32.896397"><ele>124.485405</ele><time>2024-08-28T02:41:29Z</time><extensions><speed>0.797662</speed><course>6.938019</course><hAcc>2.200560</hAcc><vAcc>1.241934</vAcc></extensions></trkpt>
      <trkpt lon="-117.160849" lat="32.896403"><ele>124.408413</ele><time>2024-08-28T02:41:30Z</time><extensions><speed>0.695149</speed><course>24.617726</course><hAcc>2.175497</hAcc><vAcc>1.243798</vAcc></extensions></trkpt>
      <trkpt lon="-117.160847" lat="32.896409"><ele>124.341416</ele><time>2024-08-28T02:41:31Z</time><extensions><speed>0.754716</speed><course>26.215266</course><hAcc>2.173991</hAcc><vAcc>1.246904</vAcc></extensions></trkpt>
      <trkpt lon="-117.160844" lat="32.896416"><ele>124.286155</ele><time>2024-08-28T02:41:32Z</time><extensions><speed>0.933290</speed><course>24.763190</course><hAcc>2.197489</hAcc><vAcc>1.251017</vAcc></extensions></trkpt>
      <trkpt lon="-117.160841" lat="32.896425"><ele>124.215444</ele><time>2024-08-28T02:41:33Z</time><extensions><speed>1.032222</speed><course>15.847696</course><hAcc>2.217586</hAcc><vAcc>1.258104</vAcc></extensions></trkpt>
      <trkpt lon="-117.160840" lat="32.896434"><ele>124.128564</ele><time>2024-08-28T02:41:34Z</time><extensions><speed>1.008456</speed><course>3.620349</course><hAcc>2.225615</hAcc><vAcc>1.261228</vAcc></extensions></trkpt>
      <trkpt lon="-117.160841" lat="32.896443"><ele>124.053727</ele><time>2024-08-28T02:41:35Z</time><extensions><speed>1.122431</speed><course>353.726723</course><hAcc>2.220350</hAcc><vAcc>1.263767</vAcc></extensions></trkpt>
      <trkpt lon="-117.160844" lat="32.896453"><ele>123.990332</ele><time>2024-08-28T02:41:36Z</time><extensions><speed>1.210410</speed><course>348.782214</course><hAcc>2.211820</hAcc><vAcc>1.265907</vAcc></extensions></trkpt>
      <trkpt lon="-117.160847" lat="32.896464"><ele>123.908561</ele><time>2024-08-28T02:41:37Z</time><extensions><speed>1.168951</speed><course>344.439478</course><hAcc>2.189498</hAcc><vAcc>1.267847</vAcc></extensions></trkpt>
      <trkpt lon="-117.160852" lat="32.896473"><ele>123.841909</ele><time>2024-08-28T02:41:38Z</time><extensions><speed>1.165454</speed><course>336.132415</course><hAcc>2.149858</hAcc><vAcc>1.269013</vAcc></extensions></trkpt>
      <trkpt lon="-117.160858" lat="32.896483"><ele>123.790865</ele><time>2024-08-28T02:41:39Z</time><extensions><speed>1.282399</speed><course>335.654291</course><hAcc>2.131102</hAcc><vAcc>1.269467</vAcc></extensions></trkpt>
      <trkpt lon="-117.160864" lat="32.896494"><ele>123.763037</ele><time>2024-08-28T02:41:40Z</time><extensions><speed>1.352641</speed><course>339.038424</course><hAcc>2.129654</hAcc><vAcc>1.269071</vAcc></extensions></trkpt>
      <trkpt lon="-117.160870" lat="32.896506"><ele>123.751497</ele><time>2024-08-28T02:41:41Z</time><extensions><speed>1.380892</speed><course>337.371892</course><hAcc>2.121669</hAcc><vAcc>1.267739</vAcc></extensions></trkpt>
      <trkpt lon="-117.160877" lat="32.896517"><ele>123.767135</ele><time>2024-08-28T02:41:42Z</time><extensions><speed>1.459464</speed><course>332.091769</course><hAcc>2.115390</hAcc><vAcc>1.266472</vAcc></extensions></trkpt>
      <trkpt lon="-117.160885" lat="32.896528"><ele>123.793036</ele><time>2024-08-28T02:41:43Z</time><extensions><speed>1.312541</speed><course>329.871047</course><hAcc>2.114503</hAcc><vAcc>1.264964</vAcc></extensions></trkpt>
      <trkpt lon="-117.160893" lat="32.896538"><ele>123.839847</ele><time>2024-08-28T02:41:44Z</time><extensions><speed>1.255005</speed><course>320.111399</course><hAcc>2.065720</hAcc><vAcc>1.260332</vAcc></extensions></trkpt>
      <trkpt lon="-117.160903" lat="32.896546"><ele>123.915382</ele><time>2024-08-28T02:41:45Z</time><extensions><speed>1.305340</speed><course>312.808687</course><hAcc>2.038629</hAcc><vAcc>1.253598</vAcc></extensions></trkpt>
      <trkpt lon="-117.160914" lat="32.896553"><ele>123.991205</ele><time>2024-08-28T02:41:46Z</time><extensions><speed>1.343496</speed><course>307.603946</course><hAcc>2.029520</hAcc><vAcc>1.246111</vAcc></extensions></trkpt>
      <trkpt lon="-117.160926" lat="32.896561"><ele>124.080051</ele><time>2024-08-28T02:41:47Z</time><extensions><speed>1.412136</speed><course>304.128641</course><hAcc>2.016953</hAcc><vAcc>1.236709</vAcc></extensions></trkpt>
      <trkpt lon="-117.160939" lat="32.896568"><ele>124.197250</ele><time>2024-08-28T02:41:48Z</time><extensions><speed>1.497244</speed><course>303.417245</course><hAcc>2.006875</hAcc><vAcc>1.223619</vAcc></extensions></trkpt>
      <trkpt lon="-117.160953" lat="32.896575"><ele>124.333800</ele><time>2024-08-28T02:41:49Z</time><extensions><speed>1.476495</speed><course>303.777108</course><hAcc>1.994886</hAcc><vAcc>1.208929</vAcc></extensions></trkpt>
      <trkpt lon="-117.160966" lat="32.896582"><ele>124.455873</ele><time>2024-08-28T02:41:50Z</time><extensions><speed>1.538416</speed><course>301.172059</course><hAcc>1.981693</hAcc><vAcc>1.193899</vAcc></extensions></trkpt>
      <trkpt lon="-117.160981" lat="32.896589"><ele>124.581537</ele><time>2024-08-28T02:41:51Z</time><extensions><speed>1.559673</speed><course>302.096304</course><hAcc>1.968832</hAcc><vAcc>1.180129</vAcc></extensions></trkpt>
      <trkpt lon="-117.160995" lat="32.896597"><ele>124.714938</ele><time>2024-08-28T02:41:52Z</time><extensions><speed>1.521561</speed><course>302.098216</course><hAcc>1.959505</hAcc><vAcc>1.167111</vAcc></extensions></trkpt>
      <trkpt lon="-117.161009" lat="32.896603"><ele>124.827620</ele><time>2024-08-28T02:41:53Z</time><extensions><speed>1.460649</speed><course>299.755307</course><hAcc>1.946897</hAcc><vAcc>1.154747</vAcc></extensions></trkpt>
      <trkpt lon="-117.161022" lat="32.896609"><ele>124.906483</ele><time>2024-08-28T02:41:54Z</time><extensions><speed>1.378875</speed><course>296.148882</course><hAcc>1.929438</hAcc><vAcc>1.142593</vAcc></extensions></trkpt>
      <trkpt lon="-117.161035" lat="32.896614"><ele>124.977798</ele><time>2024-08-28T02:41:55Z</time><extensions><speed>1.272843</speed><course>295.604819</course><hAcc>1.916405</hAcc><vAcc>1.130720</vAcc></extensions></trkpt>
      <trkpt lon="-117.161047" lat="32.896619"><ele>125.047137</ele><time>2024-08-28T02:41:56Z</time><extensions><speed>1.174610</speed><course>300.851801</course><hAcc>1.909844</hAcc><vAcc>1.118581</vAcc></extensions></trkpt>
      <trkpt lon="-117.161057" lat="32.896624"><ele>125.110002</ele><time>2024-08-28T02:41:57Z</time><extensions><speed>1.114388</speed><course>307.588167</course><hAcc>1.902692</hAcc><vAcc>1.107297</vAcc></extensions></trkpt>
      <trkpt lon="-117.161066" lat="32.896630"><ele>125.168514</ele><time>2024-08-28T02:41:58Z</time><extensions><speed>1.094405</speed><course>308.947942</course><hAcc>1.896673</hAcc><vAcc>1.097527</vAcc></extensions></trkpt>
      <trkpt lon="-117.161074" lat="32.896636"><ele>125.213035</ele><time>2024-08-28T02:41:59Z</time><extensions><speed>0.954780</speed><course>306.675612</course><hAcc>1.885021</hAcc><vAcc>1.089144</vAcc></extensions></trkpt>
      <trkpt lon="-117.161083" lat="32.896640"><ele>125.244035</ele><time>2024-08-28T02:42:00Z</time><extensions><speed>0.949919</speed><course>297.470480</course><hAcc>1.869242</hAcc><vAcc>1.081828</vAcc></extensions></trkpt>
      <trkpt lon="-117.161093" lat="32.896644"><ele>125.279175</ele><time>2024-08-28T02:42:01Z</time><extensions><speed>1.076121</speed><course>294.920285</course><hAcc>1.880860</hAcc><vAcc>1.075443</vAcc></extensions></trkpt>
      <trkpt lon="-117.161104" lat="32.896648"><ele>125.309729</ele><time>2024-08-28T02:42:02Z</time><extensions><speed>1.111206</speed><course>294.900926</course><hAcc>1.886961</hAcc><vAcc>1.069163</vAcc></extensions></trkpt>
      <trkpt lon="-117.161114" lat="32.896652"><ele>125.347802</ele><time>2024-08-28T02:42:03Z</time><extensions><speed>0.988725</speed><course>294.487770</course><hAcc>1.886222</hAcc><vAcc>1.065315</vAcc></extensions></trkpt>
      <trkpt lon="-117.161123" lat="32.896655"><ele>125.349383</ele><time>2024-08-28T02:42:04Z</time><extensions><speed>0.876576</speed><course>293.120582</course><hAcc>1.884221</hAcc><vAcc>1.062666</vAcc></extensions></trkpt>
      <trkpt lon="-117.161132" lat="32.896658"><ele>125.347662</ele><time>2024-08-28T02:42:05Z</time><extensions><speed>0.924390</speed><course>294.277010</course><hAcc>1.892453</hAcc><vAcc>1.060457</vAcc></extensions></trkpt>
      <trkpt lon="-117.161141" lat="32.896662"><ele>125.338547</ele><time>2024-08-28T02:42:06Z</time><extensions><speed>1.019785</speed><course>297.940659</course><hAcc>1.900581</hAcc><vAcc>1.057959</vAcc></extensions></trkpt>
      <trkpt lon="-117.161151" lat="32.896666"><ele>125.333433</ele><time>2024-08-28T02:42:07Z</time><extensions><speed>0.973978</speed><course>302.304661</course><hAcc>1.907900</hAcc><vAcc>1.055067</vAcc></extensions></trkpt>
      <trkpt lon="-117.161160" lat="32.896671"><ele>125.312037</ele><time>2024-08-28T02:42:08Z</time><extensions><speed>0.946206</speed><course>299.823456</course><hAcc>1.913910</hAcc><vAcc>1.051281</vAcc></extensions></trkpt>
      <trkpt lon="-117.161169" lat="32.896675"><ele>125.281674</ele><time>2024-08-28T02:42:09Z</time><extensions><speed>0.993886</speed><course>294.320595</course><hAcc>1.917889</hAcc><vAcc>1.049009</vAcc></extensions></trkpt>
      <trkpt lon="-117.161179" lat="32.896678"><ele>125.267506</ele><time>2024-08-28T02:42:10Z</time><extensions><speed>1.040805</speed><course>293.625078</course><hAcc>1.926191</hAcc><vAcc>1.047169</vAcc></extensions></trkpt>
      <trkpt lon="-117.161189" lat="32.896682"><ele>125.244992</ele><time>2024-08-28T02:42:11Z</time><extensions><speed>1.002926</speed><course>291.457139</course><hAcc>1.934959</hAcc><vAcc>1.045908</vAcc></extensions></trkpt>
      <trkpt lon="-117.161199" lat="32.896685"><ele>125.192788</ele><time>2024-08-28T02:42:12Z</time><extensions><speed>0.954365</speed><course>289.387013</course><hAcc>1.929196</hAcc><vAcc>1.045250</vAcc></extensions></trkpt>
      <trkpt lon="-117.161208" lat="32.896688"><ele>125.128476</ele><time>2024-08-28T02:42:13Z</time><extensions><speed>0.929482</speed><course>291.428774</course><hAcc>1.915827</hAcc><vAcc>1.045268</vAcc></extensions></trkpt>
      <trkpt lon="-117.161218" lat="32.896691"><ele>125.063322</ele><time>2024-08-28T02:42:14Z</time><extensions><speed>1.002251</speed><course>294.925390</course><hAcc>1.918560</hAcc><vAcc>1.045913</vAcc></extensions></trkpt>
      <trkpt lon="-117.161228" lat="32.896695"><ele>125.010040</ele><time>2024-08-28T02:42:15Z</time><extensions><speed>1.135968</speed><course>295.939446</course><hAcc>1.928556</hAcc><vAcc>1.046900</vAcc></extensions></trkpt>
      <trkpt lon="-117.161239" lat="32.896700"><ele>124.955631</ele><time>2024-08-28T02:42:16Z</time><extensions><speed>1.166061</speed><course>294.777200</course><hAcc>1.925247</hAcc><vAcc>1.047899</vAcc></extensions></trkpt>
      <trkpt lon="-117.161251" lat="32.896704"><ele>124.912327</ele><time>2024-08-28T02:42:17Z</time><extensions><speed>1.163430</speed><course>297.455280</course><hAcc>1.916978</hAcc><vAcc>1.050924</vAcc></extensions></trkpt>
      <trkpt lon="-117.161261" lat="32.896709"><ele>124.870117</ele><time>2024-08-28T02:42:18Z</time><extensions><speed>1.180245</speed><course>303.440374</course><hAcc>1.914137</hAcc><vAcc>1.056018</vAcc></extensions></trkpt>
      <trkpt lon="-117.161272" lat="32.896715"><ele>124.822842</ele><time>2024-08-28T02:42:19Z</time><extensions><speed>1.115824</speed><course>307.882166</course><hAcc>1.916306</hAcc><vAcc>1.062991</vAcc></extensions></trkpt>
      <trkpt lon="-117.161281" lat="32.896721"><ele>124.756542</ele><time>2024-08-28T02:42:20Z</time><extensions><speed>1.110779</speed><course>309.613143</course><hAcc>1.924216</hAcc><vAcc>1.070622</vAcc></extensions></trkpt>
      <trkpt lon="-117.161291" lat="32.896727"><ele>124.695057</ele><time>2024-08-28T02:42:21Z</time><extensions><speed>1.142356</speed><course>310.645314</course><hAcc>1.929800</hAcc><vAcc>1.080245</vAcc></extensions></trkpt>
      <trkpt lon="-117.161301" lat="32.896733"><ele>124.645146</ele><time>2024-08-28T02:42:22Z</time><extensions><speed>1.136378</speed><course>307.314846</course><hAcc>1.927005</hAcc><vAcc>1.091654</vAcc></extensions></trkpt>
      <trkpt lon="-117.161311" lat="32.896739"><ele>124.591524</ele><time>2024-08-28T02:42:23Z</time><extensions><speed>1.193502</speed><course>304.592191</course><hAcc>1.933803</hAcc><vAcc>1.102789</vAcc></extensions></trkpt>
      <trkpt lon="-117.161322" lat="32.896745"><ele>124.516476</ele><time>2024-08-28T02:42:24Z</time><extensions><speed>1.220122</speed><course>300.970030</course><hAcc>1.950042</hAcc><vAcc>1.114167</vAcc></extensions></trkpt>
      <trkpt lon="-117.161334" lat="32.896751"><ele>124.426436</ele><time>2024-08-28T02:42:25Z</time><extensions><speed>1.305856</speed><course>301.489290</course><hAcc>1.971293</hAcc><vAcc>1.126243</vAcc></extensions></trkpt>
      <trkpt lon="-117.161346" lat="32.896757"><ele>124.338239</ele><time>2024-08-28T02:42:26Z</time><extensions><speed>1.379509</speed><course>300.371961</course><hAcc>1.992147</hAcc><vAcc>1.138682</vAcc></extensions></trkpt>
      <trkpt lon="-117.161359" lat="32.896763"><ele>124.258029</ele><time>2024-08-28T02:42:27Z</time><extensions><speed>1.283127</speed><course>302.116828</course><hAcc>2.017834</hAcc><vAcc>1.153146</vAcc></extensions></trkpt>
      <trkpt lon="-117.161370" lat="32.896768"><ele>124.176864</ele><time>2024-08-28T02:42:28Z</time><extensions><speed>1.203242</speed><course>299.140457</course><hAcc>2.013351</hAcc><vAcc>1.166716</vAcc></extensions></trkpt>
      <trkpt lon="-117.161382" lat="32.896773"><ele>124.102149</ele><time>2024-08-28T02:42:29Z</time><extensions><speed>1.189280</speed><course>296.538022</course><hAcc>2.010484</hAcc><vAcc>1.178172</vAcc></extensions></trkpt>
      <trkpt lon="-117.161394" lat="32.896777"><ele>124.035725</ele><time>2024-08-28T02:42:30Z</time><extensions><speed>1.218069</speed><course>291.410693</course><hAcc>2.007838</hAcc><vAcc>1.187784</vAcc></extensions></trkpt>
      <trkpt lon="-117.161406" lat="32.896782"><ele>123.988602</ele><time>2024-08-28T02:42:31Z</time><extensions><speed>1.284120</speed><course>293.417050</course><hAcc>2.026748</hAcc><vAcc>1.198447</vAcc></extensions></trkpt>
      <trkpt lon="-117.161419" lat="32.896787"><ele>123.945107</ele><time>2024-08-28T02:42:32Z</time><extensions><speed>1.268099</speed><course>297.366781</course><hAcc>2.046063</hAcc><vAcc>1.210109</vAcc></extensions></trkpt>
      <trkpt lon="-117.161430" lat="32.896792"><ele>123.904565</ele><time>2024-08-28T02:42:33Z</time><extensions><speed>1.160765</speed><course>301.123809</course><hAcc>2.051760</hAcc><vAcc>1.219497</vAcc></extensions></trkpt>
      <trkpt lon="-117.161441" lat="32.896797"><ele>123.873096</ele><time>2024-08-28T02:42:34Z</time><extensions><speed>1.134625</speed><course>303.221583</course><hAcc>2.048032</hAcc><vAcc>1.228454</vAcc></extensions></trkpt>
      <trkpt lon="-117.161452" lat="32.896803"><ele>123.851990</ele><time>2024-08-28T02:42:35Z</time><extensions><speed>1.207101</speed><course>307.840585</course><hAcc>2.055804</hAcc><vAcc>1.238319</vAcc></extensions></trkpt>
      <trkpt lon="-117.161462" lat="32.896810"><ele>123.835783</ele><time>2024-08-28T02:42:36Z</time><extensions><speed>1.146454</speed><course>309.773944</course><hAcc>2.068883</hAcc><vAcc>1.250638</vAcc></extensions></trkpt>
      <trkpt lon="-117.161472" lat="32.896817"><ele>123.813545</ele><time>2024-08-28T02:42:37Z</time><extensions><speed>1.173953</speed><course>308.428903</course><hAcc>2.078700</hAcc><vAcc>1.263033</vAcc></extensions></trkpt>
      <trkpt lon="-117.161482" lat="32.896824"><ele>123.799303</ele><time>2024-08-28T02:42:38Z</time><extensions><speed>1.286458</speed><course>305.454074</course><hAcc>2.079258</hAcc><vAcc>1.274368</vAcc></extensions></trkpt>
      <trkpt lon="-117.161494" lat="32.896830"><ele>123.768146</ele><time>2024-08-28T02:42:39Z</time><extensions><speed>1.318212</speed><course>304.245851</course><hAcc>2.077141</hAcc><vAcc>1.284436</vAcc></extensions></trkpt>
      <trkpt lon="-117.161506" lat="32.896837"><ele>123.704551</ele><time>2024-08-28T02:42:40Z</time><extensions><speed>1.316242</speed><course>305.962877</course><hAcc>2.078429</hAcc><vAcc>1.294857</vAcc></extensions></trkpt>
      <trkpt lon="-117.161518" lat="32.896844"><ele>123.631181</ele><time>2024-08-28T02:42:41Z</time><extensions><speed>1.329051</speed><course>308.548919</course><hAcc>2.086085</hAcc><vAcc>1.305186</vAcc></extensions></trkpt>
      <trkpt lon="-117.161529" lat="32.896852"><ele>123.548615</ele><time>2024-08-28T02:42:42Z</time><extensions><speed>1.336871</speed><course>313.709888</course><hAcc>2.098576</hAcc><vAcc>1.314702</vAcc></extensions></trkpt>
      <trkpt lon="-117.161539" lat="32.896861"><ele>123.448091</ele><time>2024-08-28T02:42:43Z</time><extensions><speed>1.361117</speed><course>317.993949</course><hAcc>2.112168</hAcc><vAcc>1.323802</vAcc></extensions></trkpt>
      <trkpt lon="-117.161549" lat="32.896871"><ele>123.325605</ele><time>2024-08-28T02:42:44Z</time><extensions><speed>1.352154</speed><course>319.922468</course><hAcc>2.128786</hAcc><vAcc>1.332914</vAcc></extensions></trkpt>
      <trkpt lon="-117.161558" lat="32.896881"><ele>123.196930</ele><time>2024-08-28T02:42:45Z</time><extensions><speed>1.360217</speed><course>323.375896</course><hAcc>2.148751</hAcc><vAcc>1.342000</vAcc></extensions></trkpt>
      <trkpt lon="-117.161566" lat="32.896891"><ele>123.064311</ele><time>2024-08-28T02:42:46Z</time><extensions><speed>1.384208</speed><course>327.526213</course><hAcc>2.171518</hAcc><vAcc>1.351763</vAcc></extensions></trkpt>
      <trkpt lon="-117.161573" lat="32.896902"><ele>122.925776</ele><time>2024-08-28T02:42:47Z</time><extensions><speed>1.332871</speed><course>329.277749</course><hAcc>2.189452</hAcc><vAcc>1.358835</vAcc></extensions></trkpt>
      <trkpt lon="-117.161581" lat="32.896913"><ele>122.784308</ele><time>2024-08-28T02:42:48Z</time><extensions><speed>1.326025</speed><course>326.779608</course><hAcc>2.199030</hAcc><vAcc>1.363843</vAcc></extensions></trkpt>
      <trkpt lon="-117.161588" lat="32.896924"><ele>122.617507</ele><time>2024-08-28T02:42:49Z</time><extensions><speed>1.306178</speed><course>324.643332</course><hAcc>2.203020</hAcc><vAcc>1.367762</vAcc></extensions></trkpt>
      <trkpt lon="-117.161596" lat="32.896933"><ele>122.437369</ele><time>2024-08-28T02:42:50Z</time><extensions><speed>1.229886</speed><course>321.135674</course><hAcc>2.200567</hAcc><vAcc>1.369602</vAcc></extensions></trkpt>
      <trkpt lon="-117.161605" lat="32.896943"><ele>122.278099</ele><time>2024-08-28T02:42:51Z</time><extensions><speed>1.273196</speed><course>321.961404</course><hAcc>2.215573</hAcc><vAcc>1.370170</vAcc></extensions></trkpt>
      <trkpt lon="-117.161613" lat="32.896953"><ele>122.127978</ele><time>2024-08-28T02:42:52Z</time><extensions><speed>1.381318</speed><course>325.155932</course><hAcc>2.230805</hAcc><vAcc>1.371509</vAcc></extensions></trkpt>
      <trkpt lon="-117.161621" lat="32.896965"><ele>121.982041</ele><time>2024-08-28T02:42:53Z</time><extensions><speed>1.422340</speed><course>331.507628</course><hAcc>2.234619</hAcc><vAcc>1.373492</vAcc></extensions></trkpt>
      <trkpt lon="-117.161627" lat="32.896976"><ele>121.841692</ele><time>2024-08-28T02:42:54Z</time><extensions><speed>1.377316</speed><course>333.939359</course><hAcc>2.229961</hAcc><vAcc>1.372837</vAcc></extensions></trkpt>
      <trkpt lon="-117.161633" lat="32.896988"><ele>121.717360</ele><time>2024-08-28T02:42:55Z</time><extensions><speed>1.343060</speed><course>337.022858</course><hAcc>2.221275</hAcc><vAcc>1.368126</vAcc></extensions></trkpt>
      <trkpt lon="-117.161639" lat="32.897000"><ele>121.594608</ele><time>2024-08-28T02:42:56Z</time><extensions><speed>1.387793</speed><course>339.756170</course><hAcc>2.211298</hAcc><vAcc>1.361787</vAcc></extensions></trkpt>
      <trkpt lon="-117.161644" lat="32.897012"><ele>121.494345</ele><time>2024-08-28T02:42:57Z</time><extensions><speed>1.429662</speed><course>343.662458</course><hAcc>2.199501</hAcc><vAcc>1.356709</vAcc></extensions></trkpt>
      <trkpt lon="-117.161648" lat="32.897025"><ele>121.417674</ele><time>2024-08-28T02:42:58Z</time><extensions><speed>1.418352</speed><course>345.403676</course><hAcc>2.179832</hAcc><vAcc>1.349942</vAcc></extensions></trkpt>
      <trkpt lon="-117.161653" lat="32.897037"><ele>121.358522</ele><time>2024-08-28T02:42:59Z</time><extensions><speed>1.328216</speed><course>342.547356</course><hAcc>2.149026</hAcc><vAcc>1.341676</vAcc></extensions></trkpt>
      <trkpt lon="-117.161658" lat="32.897048"><ele>121.298042</ele><time>2024-08-28T02:43:00Z</time><extensions><speed>1.340531</speed><course>338.399579</course><hAcc>2.128484</hAcc><vAcc>1.332433</vAcc></extensions></trkpt>
      <trkpt lon="-117.161664" lat="32.897059"><ele>121.248954</ele><time>2024-08-28T02:43:01Z</time><extensions><speed>1.392923</speed><course>337.001161</course><hAcc>2.121610</hAcc><vAcc>1.323400</vAcc></extensions></trkpt>
      <trkpt lon="-117.161670" lat="32.897071"><ele>121.226919</ele><time>2024-08-28T02:43:02Z</time><extensions><speed>1.421816</speed><course>336.216301</course><hAcc>2.116708</hAcc><vAcc>1.313628</vAcc></extensions></trkpt>
      <trkpt lon="-117.161676" lat="32.897082"><ele>121.221778</ele><time>2024-08-28T02:43:03Z</time><extensions><speed>1.385148</speed><course>335.890533</course><hAcc>2.113729</hAcc><vAcc>1.301516</vAcc></extensions></trkpt>
      <trkpt lon="-117.161682" lat="32.897093"><ele>121.226414</ele><time>2024-08-28T02:43:04Z</time><extensions><speed>1.312133</speed><course>334.215096</course><hAcc>2.076864</hAcc><vAcc>1.288899</vAcc></extensions></trkpt>
      <trkpt lon="-117.161688" lat="32.897103"><ele>121.247297</ele><time>2024-08-28T02:43:05Z</time><extensions><speed>1.171487</speed><course>328.727629</course><hAcc>2.060071</hAcc><vAcc>1.275244</vAcc></extensions></trkpt>
      <trkpt lon="-117.161695" lat="32.897111"><ele>121.246468</ele><time>2024-08-28T02:43:06Z</time><extensions><speed>1.081640</speed><course>316.439259</course><hAcc>2.054889</hAcc><vAcc>1.261574</vAcc></extensions></trkpt>
      <trkpt lon="-117.161703" lat="32.897118"><ele>121.240863</ele><time>2024-08-28T02:43:07Z</time><extensions><speed>1.128482</speed><course>312.628221</course><hAcc>2.049757</hAcc><vAcc>1.249173</vAcc></extensions></trkpt>
      <trkpt lon="-117.161713" lat="32.897125"><ele>121.210362</ele><time>2024-08-28T02:43:08Z</time><extensions><speed>1.204497</speed><course>308.840619</course><hAcc>2.044711</hAcc><vAcc>1.239230</vAcc></extensions></trkpt>
      <trkpt lon="-117.161723" lat="32.897131"><ele>121.194824</ele><time>2024-08-28T02:43:09Z</time><extensions><speed>1.185750</speed><course>301.836745</course><hAcc>2.041937</hAcc><vAcc>1.230560</vAcc></extensions></trkpt>
      <trkpt lon="-117.161733" lat="32.897137"><ele>121.222421</ele><time>2024-08-28T02:43:10Z</time><extensions><speed>1.118606</speed><course>297.385438</course><hAcc>2.038658</hAcc><vAcc>1.222913</vAcc></extensions></trkpt>
      <trkpt lon="-117.161744" lat="32.897141"><ele>121.249376</ele><time>2024-08-28T02:43:11Z</time><extensions><speed>1.107659</speed><course>296.554379</course><hAcc>2.034674</hAcc><vAcc>1.217007</vAcc></extensions></trkpt>
      <trkpt lon="-117.161753" lat="32.897146"><ele>121.286008</ele><time>2024-08-28T02:43:12Z</time><extensions><speed>0.957965</speed><course>306.204454</course><hAcc>2.031328</hAcc><vAcc>1.212190</vAcc></extensions></trkpt>
      <trkpt lon="-117.161760" lat="32.897152"><ele>121.331128</ele><time>2024-08-28T02:43:13Z</time><extensions><speed>0.964723</speed><course>320.235819</course><hAcc>2.029801</hAcc><vAcc>1.209152</vAcc></extensions></trkpt>
      <trkpt lon="-117.161766" lat="32.897160"><ele>121.373171</ele><time>2024-08-28T02:43:14Z</time><extensions><speed>1.096012</speed><course>330.105295</course><hAcc>2.024472</hAcc><vAcc>1.206449</vAcc></extensions></trkpt>
      <trkpt lon="-117.161772" lat="32.897169"><ele>121.411767</ele><time>2024-08-28T02:43:15Z</time><extensions><speed>1.196454</speed><course>334.901327</course><hAcc>2.012694</hAcc><vAcc>1.205987</vAcc></extensions></trkpt>
      <trkpt lon="-117.161777" lat="32.897179"><ele>121.435890</ele><time>2024-08-28T02:43:16Z</time><extensions><speed>1.262094</speed><course>338.491070</course><hAcc>1.992851</hAcc><vAcc>1.205674</vAcc></extensions></trkpt>
      <trkpt lon="-117.161782" lat="32.897190"><ele>121.442175</ele><time>2024-08-28T02:43:17Z</time><extensions><speed>1.320232</speed><course>335.190027</course><hAcc>1.988247</hAcc><vAcc>1.206587</vAcc></extensions></trkpt>
      <trkpt lon="-117.161789" lat="32.897200"><ele>121.420207</ele><time>2024-08-28T02:43:18Z</time><extensions><speed>1.256353</speed><course>325.935907</course><hAcc>2.005626</hAcc><vAcc>1.211367</vAcc></extensions></trkpt>
      <trkpt lon="-117.161796" lat="32.897209"><ele>121.399946</ele><time>2024-08-28T02:43:19Z</time><extensions><speed>1.206270</speed><course>322.844072</course><hAcc>2.001797</hAcc><vAcc>1.216125</vAcc></extensions></trkpt>
      <trkpt lon="-117.161804" lat="32.897218"><ele>121.354477</ele><time>2024-08-28T02:43:20Z</time><extensions><speed>1.274246</speed><course>323.227799</course><hAcc>1.974785</hAcc><vAcc>1.220878</vAcc></extensions></trkpt>
      <trkpt lon="-117.161812" lat="32.897227"><ele>121.301930</ele><time>2024-08-28T02:43:21Z</time><extensions><speed>1.264186</speed><course>324.797335</course><hAcc>1.965771</hAcc><vAcc>1.225247</vAcc></extensions></trkpt>
      <trkpt lon="-117.161820" lat="32.897236"><ele>121.232381</ele><time>2024-08-28T02:43:22Z</time><extensions><speed>1.212213</speed><course>326.928574</course><hAcc>1.965611</hAcc><vAcc>1.229256</vAcc></extensions></trkpt>
      <trkpt lon="-117.161826" lat="32.897245"><ele>121.130099</ele><time>2024-08-28T02:43:23Z</time><extensions><speed>1.125682</speed><course>328.045548</course><hAcc>1.965549</hAcc><vAcc>1.233566</vAcc></extensions></trkpt>
      <trkpt lon="-117.161832" lat="32.897253"><ele>120.999066</ele><time>2024-08-28T02:43:24Z</time><extensions><speed>1.101746</speed><course>327.876092</course><hAcc>1.961297</hAcc><vAcc>1.239824</vAcc></extensions></trkpt>
      <trkpt lon="-117.161839" lat="32.897261"><ele>120.849733</ele><time>2024-08-28T02:43:25Z</time><extensions><speed>1.146846</speed><course>326.258293</course><hAcc>1.955231</hAcc><vAcc>1.243722</vAcc></extensions></trkpt>
      <trkpt lon="-117.161845" lat="32.897270"><ele>120.694069</ele><time>2024-08-28T02:43:26Z</time><extensions><speed>1.229712</speed><course>328.506420</course><hAcc>1.946799</hAcc><vAcc>1.245073</vAcc></extensions></trkpt>
      <trkpt lon="-117.161851" lat="32.897280"><ele>120.547132</ele><time>2024-08-28T02:43:27Z</time><extensions><speed>1.330833</speed><course>334.804307</course><hAcc>1.951231</hAcc><vAcc>1.244106</vAcc></extensions></trkpt>
      <trkpt lon="-117.161857" lat="32.897291"><ele>120.441270</ele><time>2024-08-28T02:43:28Z</time><extensions><speed>1.304370</speed><course>333.464889</course><hAcc>1.967542</hAcc><vAcc>1.241405</vAcc></extensions></trkpt>
      <trkpt lon="-117.161863" lat="32.897301"><ele>120.309001</ele><time>2024-08-28T02:43:29Z</time><extensions><speed>1.202972</speed><course>325.118610</course><hAcc>1.935178</hAcc><vAcc>1.236443</vAcc></extensions></trkpt>
      <trkpt lon="-117.161870" lat="32.897309"><ele>120.202012</ele><time>2024-08-28T02:43:30Z</time><extensions><speed>1.209891</speed><course>320.103702</course><hAcc>1.911910</hAcc><vAcc>1.233542</vAcc></extensions></trkpt>
      <trkpt lon="-117.161878" lat="32.897318"><ele>120.109497</ele><time>2024-08-28T02:43:31Z</time><extensions><speed>1.220925</speed><course>316.897879</course><hAcc>1.903526</hAcc><vAcc>1.229447</vAcc></extensions></trkpt>
      <trkpt lon="-117.161886" lat="32.897326"><ele>120.023314</ele><time>2024-08-28T02:43:32Z</time><extensions><speed>1.220483</speed><course>318.089963</course><hAcc>1.901563</hAcc><vAcc>1.223426</vAcc></extensions></trkpt>
      <trkpt lon="-117.161894" lat="32.897335"><ele>119.934274</ele><time>2024-08-28T02:43:33Z</time><extensions><speed>1.235970</speed><course>320.609124</course><hAcc>1.916087</hAcc><vAcc>1.216411</vAcc></extensions></trkpt>
      <trkpt lon="-117.161901" lat="32.897344"><ele>119.847315</ele><time>2024-08-28T02:43:34Z</time><extensions><speed>1.193560</speed><course>326.389999</course><hAcc>1.946003</hAcc><vAcc>1.208456</vAcc></extensions></trkpt>
      <trkpt lon="-117.161906" lat="32.897353"><ele>119.764959</ele><time>2024-08-28T02:43:35Z</time><extensions><speed>1.184060</speed><course>339.712110</course><hAcc>1.912377</hAcc><vAcc>1.200226</vAcc></extensions></trkpt>
      <trkpt lon="-117.161909" lat="32.897364"><ele>119.709142</ele><time>2024-08-28T02:43:36Z</time><extensions><speed>1.253813</speed><course>350.105331</course><hAcc>1.893434</hAcc><vAcc>1.191690</vAcc></extensions></trkpt>
      <trkpt lon="-117.161911" lat="32.897375"><ele>119.657899</ele><time>2024-08-28T02:43:37Z</time><extensions><speed>1.256204</speed><course>353.642717</course><hAcc>1.886498</hAcc><vAcc>1.182162</vAcc></extensions></trkpt>
      <trkpt lon="-117.161912" lat="32.897387"><ele>119.612993</ele><time>2024-08-28T02:43:38Z</time><extensions><speed>1.272943</speed><course>353.653255</course><hAcc>1.879999</hAcc><vAcc>1.171466</vAcc></extensions></trkpt>
      <trkpt lon="-117.161914" lat="32.897398"><ele>119.568502</ele><time>2024-08-28T02:43:39Z</time><extensions><speed>1.337777</speed><course>350.678601</course><hAcc>1.898470</hAcc><vAcc>1.162556</vAcc></extensions></trkpt>
      <trkpt lon="-117.161917" lat="32.897410"><ele>119.510349</ele><time>2024-08-28T02:43:40Z</time><extensions><speed>1.323445</speed><course>348.917923</course><hAcc>1.928276</hAcc><vAcc>1.154366</vAcc></extensions></trkpt>
      <trkpt lon="-117.161919" lat="32.897422"><ele>119.436463</ele><time>2024-08-28T02:43:41Z</time><extensions><speed>1.319207</speed><course>355.496118</course><hAcc>1.910040</hAcc><vAcc>1.146368</vAcc></extensions></trkpt>
      <trkpt lon="-117.161919" lat="32.897434"><ele>119.382330</ele><time>2024-08-28T02:43:42Z</time><extensions><speed>1.386055</speed><course>359.823712</course><hAcc>1.900235</hAcc><vAcc>1.138543</vAcc></extensions></trkpt>
      <trkpt lon="-117.161920" lat="32.897447"><ele>119.324709</ele><time>2024-08-28T02:43:43Z</time><extensions><speed>1.435219</speed><course>0.479209</course><hAcc>1.898584</hAcc><vAcc>1.131726</vAcc></extensions></trkpt>
      <trkpt lon="-117.161920" lat="32.897460"><ele>119.279362</ele><time>2024-08-28T02:43:44Z</time><extensions><speed>1.336210</speed><course>0.945665</course><hAcc>1.891968</hAcc><vAcc>1.127970</vAcc></extensions></trkpt>
      <trkpt lon="-117.161920" lat="32.897472"><ele>119.232623</ele><time>2024-08-28T02:43:45Z</time><extensions><speed>1.183728</speed><course>358.788638</course><hAcc>1.877818</hAcc><vAcc>1.122983</vAcc></extensions></trkpt>
      <trkpt lon="-117.161921" lat="32.897482"><ele>119.184979</ele><time>2024-08-28T02:43:46Z</time><extensions><speed>1.149786</speed><course>350.869264</course><hAcc>1.851526</hAcc><vAcc>1.117665</vAcc></extensions></trkpt>
      <trkpt lon="-117.161924" lat="32.897493"><ele>119.154940</ele><time>2024-08-28T02:43:47Z</time><extensions><speed>1.310269</speed><course>342.039274</course><hAcc>1.845901</hAcc><vAcc>1.111702</vAcc></extensions></trkpt>
      <trkpt lon="-117.161929" lat="32.897505"><ele>119.149037</ele><time>2024-08-28T02:43:48Z</time><extensions><speed>1.449669</speed><course>334.953339</course><hAcc>1.849046</hAcc><vAcc>1.104155</vAcc></extensions></trkpt>
      <trkpt lon="-117.161936" lat="32.897516"><ele>119.181857</ele><time>2024-08-28T02:43:49Z</time><extensions><speed>1.399842</speed><course>330.020980</course><hAcc>1.862899</hAcc><vAcc>1.095885</vAcc></extensions></trkpt>
      <trkpt lon="-117.161944" lat="32.897528"><ele>119.227042</ele><time>2024-08-28T02:43:50Z</time><extensions><speed>1.474704</speed><course>329.864677</course><hAcc>1.821240</hAcc><vAcc>1.087724</vAcc></extensions></trkpt>
      <trkpt lon="-117.161952" lat="32.897539"><ele>119.275448</ele><time>2024-08-28T02:43:51Z</time><extensions><speed>1.463017</speed><course>332.393948</course><hAcc>1.793703</hAcc><vAcc>1.081562</vAcc></extensions></trkpt>
      <trkpt lon="-117.161959" lat="32.897551"><ele>119.339088</ele><time>2024-08-28T02:43:52Z</time><extensions><speed>1.384748</speed><course>335.785040</course><hAcc>1.794182</hAcc><vAcc>1.074838</vAcc></extensions></trkpt>
      <trkpt lon="-117.161965" lat="32.897562"><ele>119.421192</ele><time>2024-08-28T02:43:53Z</time><extensions><speed>1.450684</speed><course>339.144628</course><hAcc>1.811086</hAcc><vAcc>1.067658</vAcc></extensions></trkpt>
      <trkpt lon="-117.161970" lat="32.897574"><ele>119.510567</ele><time>2024-08-28T02:43:54Z</time><extensions><speed>1.371180</speed><course>340.308180</course><hAcc>1.844771</hAcc><vAcc>1.060313</vAcc></extensions></trkpt>
      <trkpt lon="-117.161975" lat="32.897585"><ele>119.608415</ele><time>2024-08-28T02:43:55Z</time><extensions><speed>1.275264</speed><course>340.125016</course><hAcc>1.820551</hAcc><vAcc>1.053944</vAcc></extensions></trkpt>
      <trkpt lon="-117.161980" lat="32.897596"><ele>119.710007</ele><time>2024-08-28T02:43:56Z</time><extensions><speed>1.182537</speed><course>339.522474</course><hAcc>1.807079</hAcc><vAcc>1.048739</vAcc></extensions></trkpt>
      <trkpt lon="-117.161985" lat="32.897606"><ele>119.803695</ele><time>2024-08-28T02:43:57Z</time><extensions><speed>1.212931</speed><course>338.161460</course><hAcc>1.810481</hAcc><vAcc>1.043977</vAcc></extensions></trkpt>
      <trkpt lon="-117.161990" lat="32.897616"><ele>119.902001</ele><time>2024-08-28T02:43:58Z</time><extensions><speed>1.284426</speed><course>336.785053</course><hAcc>1.809637</hAcc><vAcc>1.039744</vAcc></extensions></trkpt>
      <trkpt lon="-117.161996" lat="32.897627"><ele>120.002425</ele><time>2024-08-28T02:43:59Z</time><extensions><speed>1.316603</speed><course>333.445283</course><hAcc>1.805243</hAcc><vAcc>1.035705</vAcc></extensions></trkpt>
      <trkpt lon="-117.162003" lat="32.897638"><ele>120.102894</ele><time>2024-08-28T02:44:00Z</time><extensions><speed>1.383338</speed><course>332.268216</course><hAcc>1.817206</hAcc><vAcc>1.033695</vAcc></extensions></trkpt>
      <trkpt lon="-117.162010" lat="32.897648"><ele>120.192868</ele><time>2024-08-28T02:44:01Z</time><extensions><speed>1.267451</speed><course>327.499701</course><hAcc>1.841061</hAcc><vAcc>1.032430</vAcc></extensions></trkpt>
      <trkpt lon="-117.162018" lat="32.897657"><ele>120.299472</ele><time>2024-08-28T02:44:02Z</time><extensions><speed>1.191546</speed><course>322.438376</course><hAcc>1.816985</hAcc><vAcc>1.031665</vAcc></extensions></trkpt>
      <trkpt lon="-117.162026" lat="32.897665"><ele>120.401820</ele><time>2024-08-28T02:44:03Z</time><extensions><speed>1.157301</speed><course>320.084911</course><hAcc>1.811875</hAcc><vAcc>1.031264</vAcc></extensions></trkpt>
      <trkpt lon="-117.162033" lat="32.897674"><ele>120.500699</ele><time>2024-08-28T02:44:04Z</time><extensions><speed>1.134008</speed><course>321.571730</course><hAcc>1.822989</hAcc><vAcc>1.031425</vAcc></extensions></trkpt>
      <trkpt lon="-117.162040" lat="32.897682"><ele>120.587979</ele><time>2024-08-28T02:44:05Z</time><extensions><speed>1.083501</speed><course>323.696343</course><hAcc>1.837620</hAcc><vAcc>1.031446</vAcc></extensions></trkpt>
      <trkpt lon="-117.162047" lat="32.897690"><ele>120.653387</ele><time>2024-08-28T02:44:06Z</time><extensions><speed>1.044511</speed><course>326.456054</course><hAcc>1.848885</hAcc><vAcc>1.030904</vAcc></extensions></trkpt>
      <trkpt lon="-117.162053" lat="32.897698"><ele>120.690709</ele><time>2024-08-28T02:44:07Z</time><extensions><speed>1.048418</speed><course>329.435802</course><hAcc>1.857876</hAcc><vAcc>1.032115</vAcc></extensions></trkpt>
      <trkpt lon="-117.162058" lat="32.897706"><ele>120.731379</ele><time>2024-08-28T02:44:08Z</time><extensions><speed>1.050974</speed><course>331.567654</course><hAcc>1.869769</hAcc><vAcc>1.035132</vAcc></extensions></trkpt>
      <trkpt lon="-117.162064" lat="32.897715"><ele>120.739623</ele><time>2024-08-28T02:44:09Z</time><extensions><speed>1.057675</speed><course>331.771435</course><hAcc>1.877873</hAcc><vAcc>1.037866</vAcc></extensions></trkpt>
      <trkpt lon="-117.162069" lat="32.897723"><ele>120.724734</ele><time>2024-08-28T02:44:10Z</time><extensions><speed>1.075638</speed><course>331.865870</course><hAcc>1.883206</hAcc><vAcc>1.041299</vAcc></extensions></trkpt>
      <trkpt lon="-117.162075" lat="32.897732"><ele>120.704120</ele><time>2024-08-28T02:44:11Z</time><extensions><speed>1.132004</speed><course>331.400016</course><hAcc>1.882527</hAcc><vAcc>1.044851</vAcc></extensions></trkpt>
      <trkpt lon="-117.162081" lat="32.897741"><ele>120.681886</ele><time>2024-08-28T02:44:12Z</time><extensions><speed>1.141634</speed><course>334.205572</course><hAcc>1.884140</hAcc><vAcc>1.048837</vAcc></extensions></trkpt>
      <trkpt lon="-117.162086" lat="32.897751"><ele>120.648070</ele><time>2024-08-28T02:44:13Z</time><extensions><speed>1.106571</speed><course>336.433730</course><hAcc>1.883668</hAcc><vAcc>1.053477</vAcc></extensions></trkpt>
      <trkpt lon="-117.162091" lat="32.897760"><ele>120.605037</ele><time>2024-08-28T02:44:14Z</time><extensions><speed>1.075729</speed><course>336.563779</course><hAcc>1.885376</hAcc><vAcc>1.057872</vAcc></extensions></trkpt>
      <trkpt lon="-117.162096" lat="32.897768"><ele>120.577440</ele><time>2024-08-28T02:44:15Z</time><extensions><speed>1.052892</speed><course>335.248049</course><hAcc>1.888054</hAcc><vAcc>1.062153</vAcc></extensions></trkpt>
      <trkpt lon="-117.162101" lat="32.897777"><ele>120.543511</ele><time>2024-08-28T02:44:16Z</time><extensions><speed>1.040813</speed><course>330.593459</course><hAcc>1.882708</hAcc><vAcc>1.066336</vAcc></extensions></trkpt>
      <trkpt lon="-117.162107" lat="32.897785"><ele>120.492729</ele><time>2024-08-28T02:44:17Z</time><extensions><speed>1.095610</speed><course>325.756391</course><hAcc>1.884624</hAcc><vAcc>1.070238</vAcc></extensions></trkpt>
      <trkpt lon="-117.162114" lat="32.897793"><ele>120.435908</ele><time>2024-08-28T02:44:18Z</time><extensions><speed>1.069146</speed><course>320.467749</course><hAcc>1.906596</hAcc><vAcc>1.075809</vAcc></extensions></trkpt>
      <trkpt lon="-117.162123" lat="32.897801"><ele>120.369234</ele><time>2024-08-28T02:44:19Z</time><extensions><speed>1.177771</speed><course>313.126795</course><hAcc>1.886600</hAcc><vAcc>1.079065</vAcc></extensions></trkpt>
      <trkpt lon="-117.162133" lat="32.897808"><ele>120.285314</ele><time>2024-08-28T02:44:20Z</time><extensions><speed>1.246501</speed><course>306.464686</course><hAcc>1.876497</hAcc><vAcc>1.081989</vAcc></extensions></trkpt>
      <trkpt lon="-117.162145" lat="32.897814"><ele>120.191979</ele><time>2024-08-28T02:44:21Z</time><extensions><speed>1.339378</speed><course>301.182694</course><hAcc>1.875601</hAcc><vAcc>1.084246</vAcc></extensions></trkpt>
      <trkpt lon="-117.162157" lat="32.897820"><ele>120.122461</ele><time>2024-08-28T02:44:22Z</time><extensions><speed>1.281092</speed><course>299.752471</course><hAcc>1.868750</hAcc><vAcc>1.086058</vAcc></extensions></trkpt>
      <trkpt lon="-117.162168" lat="32.897826"><ele>120.059000</ele><time>2024-08-28T02:44:23Z</time><extensions><speed>1.202865</speed><course>297.587777</course><hAcc>1.864346</hAcc><vAcc>1.085579</vAcc></extensions></trkpt>
      <trkpt lon="-117.162180" lat="32.897830"><ele>120.011954</ele><time>2024-08-28T02:44:24Z</time><extensions><speed>1.165609</speed><course>296.621314</course><hAcc>1.849997</hAcc><vAcc>1.084089</vAcc></extensions></trkpt>
      <trkpt lon="-117.162191" lat="32.897835"><ele>119.926772</ele><time>2024-08-28T02:44:25Z</time><extensions><speed>1.252631</speed><course>293.467577</course><hAcc>1.834316</hAcc><vAcc>1.081884</vAcc></extensions></trkpt>
      <trkpt lon="-117.162204" lat="32.897840"><ele>119.844647</ele><time>2024-08-28T02:44:26Z</time><extensions><speed>1.356848</speed><course>297.067973</course><hAcc>1.821646</hAcc><vAcc>1.079237</vAcc></extensions></trkpt>
      <trkpt lon="-117.162218" lat="32.897846"><ele>119.768035</ele><time>2024-08-28T02:44:27Z</time><extensions><speed>1.477072</speed><course>299.481654</course><hAcc>1.821189</hAcc><vAcc>1.077101</vAcc></extensions></trkpt>
      <trkpt lon="-117.162231" lat="32.897852"><ele>119.696414</ele><time>2024-08-28T02:44:28Z</time><extensions><speed>1.393819</speed><course>298.113355</course><hAcc>1.828693</hAcc><vAcc>1.074753</vAcc></extensions></trkpt>
      <trkpt lon="-117.162244" lat="32.897857"><ele>119.626365</ele><time>2024-08-28T02:44:29Z</time><extensions><speed>1.272170</speed><course>293.022047</course><hAcc>1.803985</hAcc><vAcc>1.070382</vAcc></extensions></trkpt>
      <trkpt lon="-117.162257" lat="32.897861"><ele>119.566764</ele><time>2024-08-28T02:44:30Z</time><extensions><speed>1.145984</speed><course>287.699504</course><hAcc>1.791821</hAcc><vAcc>1.065466</vAcc></extensions></trkpt>
      <trkpt lon="-117.162268" lat="32.897864"><ele>119.504322</ele><time>2024-08-28T02:44:31Z</time><extensions><speed>1.140014</speed><course>288.554864</course><hAcc>1.794227</hAcc><vAcc>1.060484</vAcc></extensions></trkpt>
      <trkpt lon="-117.162280" lat="32.897867"><ele>119.449514</ele><time>2024-08-28T02:44:32Z</time><extensions><speed>1.109705</speed><course>290.607290</course><hAcc>1.801503</hAcc><vAcc>1.056289</vAcc></extensions></trkpt>
      <trkpt lon="-117.162291" lat="32.897870"><ele>119.401874</ele><time>2024-08-28T02:44:33Z</time><extensions><speed>1.028392</speed><course>288.989850</course><hAcc>1.795925</hAcc><vAcc>1.051794</vAcc></extensions></trkpt>
      <trkpt lon="-117.162302" lat="32.897873"><ele>119.373086</ele><time>2024-08-28T02:44:34Z</time><extensions><speed>1.094064</speed><course>288.311600</course><hAcc>1.793119</hAcc><vAcc>1.049441</vAcc></extensions></trkpt>
      <trkpt lon="-117.162314" lat="32.897876"><ele>119.335169</ele><time>2024-08-28T02:44:35Z</time><extensions><speed>1.280440</speed><course>288.732683</course><hAcc>1.805370</hAcc><vAcc>1.048248</vAcc></extensions></trkpt>
      <trkpt lon="-117.162327" lat="32.897880"><ele>119.298870</ele><time>2024-08-28T02:44:36Z</time><extensions><speed>1.339701</speed><course>288.586564</course><hAcc>1.837727</hAcc><vAcc>1.047833</vAcc></extensions></trkpt>
      <trkpt lon="-117.162341" lat="32.897883"><ele>119.265386</ele><time>2024-08-28T02:44:37Z</time><extensions><speed>1.340861</speed><course>284.809070</course><hAcc>1.825141</hAcc><vAcc>1.047721</vAcc></extensions></trkpt>
      <trkpt lon="-117.162355" lat="32.897886"><ele>119.231193</ele><time>2024-08-28T02:44:38Z</time><extensions><speed>1.337867</speed><course>285.352780</course><hAcc>1.818591</hAcc><vAcc>1.048302</vAcc></extensions></trkpt>
      <trkpt lon="-117.162369" lat="32.897890"><ele>119.211168</ele><time>2024-08-28T02:44:39Z</time><extensions><speed>1.307103</speed><course>289.356219</course><hAcc>1.822100</hAcc><vAcc>1.048870</vAcc></extensions></trkpt>
      <trkpt lon="-117.162381" lat="32.897894"><ele>119.196368</ele><time>2024-08-28T02:44:40Z</time><extensions><speed>1.240024</speed><course>290.812796</course><hAcc>1.831419</hAcc><vAcc>1.049383</vAcc></extensions></trkpt>
      <trkpt lon="-117.162393" lat="32.897898"><ele>119.197780</ele><time>2024-08-28T02:44:41Z</time><extensions><speed>1.144403</speed><course>290.037753</course><hAcc>1.839813</hAcc><vAcc>1.049434</vAcc></extensions></trkpt>
      <trkpt lon="-117.162405" lat="32.897901"><ele>119.225136</ele><time>2024-08-28T02:44:42Z</time><extensions><speed>1.098569</speed><course>287.107944</course><hAcc>1.847025</hAcc><vAcc>1.048202</vAcc></extensions></trkpt>
      <trkpt lon="-117.162416" lat="32.897904"><ele>119.256407</ele><time>2024-08-28T02:44:43Z</time><extensions><speed>1.109205</speed><course>286.915792</course><hAcc>1.851201</hAcc><vAcc>1.047427</vAcc></extensions></trkpt>
      <trkpt lon="-117.162427" lat="32.897908"><ele>119.305450</ele><time>2024-08-28T02:44:44Z</time><extensions><speed>1.112532</speed><course>290.178561</course><hAcc>1.855440</hAcc><vAcc>1.045673</vAcc></extensions></trkpt>
      <trkpt lon="-117.162438" lat="32.897911"><ele>119.329481</ele><time>2024-08-28T02:44:45Z</time><extensions><speed>1.149326</speed><course>291.227930</course><hAcc>1.865900</hAcc><vAcc>1.044062</vAcc></extensions></trkpt>
      <trkpt lon="-117.162450" lat="32.897916"><ele>119.380601</ele><time>2024-08-28T02:44:46Z</time><extensions><speed>1.194771</speed><course>293.400135</course><hAcc>1.871368</hAcc><vAcc>1.043033</vAcc></extensions></trkpt>
      <trkpt lon="-117.162461" lat="32.897920"><ele>119.424079</ele><time>2024-08-28T02:44:47Z</time><extensions><speed>1.182434</speed><course>294.898301</course><hAcc>1.874299</hAcc><vAcc>1.042146</vAcc></extensions></trkpt>
      <trkpt lon="-117.162473" lat="32.897925"><ele>119.455166</ele><time>2024-08-28T02:44:48Z</time><extensions><speed>1.147085</speed><course>296.895002</course><hAcc>1.876020</hAcc><vAcc>1.040484</vAcc></extensions></trkpt>
      <trkpt lon="-117.162483" lat="32.897930"><ele>119.492034</ele><time>2024-08-28T02:44:49Z</time><extensions><speed>1.126142</speed><course>300.361532</course><hAcc>1.877654</hAcc><vAcc>1.039082</vAcc></extensions></trkpt>
      <trkpt lon="-117.162494" lat="32.897936"><ele>119.525996</ele><time>2024-08-28T02:44:50Z</time><extensions><speed>1.132463</speed><course>303.238519</course><hAcc>1.879914</hAcc><vAcc>1.038168</vAcc></extensions></trkpt>
      <trkpt lon="-117.162504" lat="32.897941"><ele>119.558601</ele><time>2024-08-28T02:44:51Z</time><extensions><speed>1.116285</speed><course>305.734352</course><hAcc>1.880838</hAcc><vAcc>1.037522</vAcc></extensions></trkpt>
      <trkpt lon="-117.162513" lat="32.897948"><ele>119.598547</ele><time>2024-08-28T02:44:52Z</time><extensions><speed>1.137727</speed><course>306.061191</course><hAcc>1.881513</hAcc><vAcc>1.037469</vAcc></extensions></trkpt>
      <trkpt lon="-117.162524" lat="32.897954"><ele>119.612627</ele><time>2024-08-28T02:44:53Z</time><extensions><speed>1.194977</speed><course>304.698270</course><hAcc>1.893758</hAcc><vAcc>1.038170</vAcc></extensions></trkpt>
      <trkpt lon="-117.162534" lat="32.897960"><ele>119.611972</ele><time>2024-08-28T02:44:54Z</time><extensions><speed>1.207318</speed><course>305.410667</course><hAcc>1.905751</hAcc><vAcc>1.040391</vAcc></extensions></trkpt>
      <trkpt lon="-117.162545" lat="32.897966"><ele>119.582615</ele><time>2024-08-28T02:44:55Z</time><extensions><speed>1.185409</speed><course>300.656370</course><hAcc>1.913593</hAcc><vAcc>1.043959</vAcc></extensions></trkpt>
      <trkpt lon="-117.162556" lat="32.897971"><ele>119.535834</ele><time>2024-08-28T02:44:56Z</time><extensions><speed>1.199661</speed><course>301.012586</course><hAcc>1.920221</hAcc><vAcc>1.047590</vAcc></extensions></trkpt>
      <trkpt lon="-117.162568" lat="32.897977"><ele>119.474444</ele><time>2024-08-28T02:44:57Z</time><extensions><speed>1.222132</speed><course>300.815443</course><hAcc>1.928590</hAcc><vAcc>1.051850</vAcc></extensions></trkpt>
      <trkpt lon="-117.162580" lat="32.897982"><ele>119.411449</ele><time>2024-08-28T02:44:58Z</time><extensions><speed>1.282064</speed><course>297.645873</course><hAcc>1.929990</hAcc><vAcc>1.055833</vAcc></extensions></trkpt>
      <trkpt lon="-117.162593" lat="32.897988"><ele>119.336117</ele><time>2024-08-28T02:44:59Z</time><extensions><speed>1.355300</speed><course>294.380109</course><hAcc>1.936935</hAcc><vAcc>1.060082</vAcc></extensions></trkpt>
      <trkpt lon="-117.162606" lat="32.897992"><ele>119.240319</ele><time>2024-08-28T02:45:00Z</time><extensions><speed>1.388921</speed><course>292.890540</course><hAcc>1.941005</hAcc><vAcc>1.064344</vAcc></extensions></trkpt>
      <trkpt lon="-117.162621" lat="32.897997"><ele>119.140119</ele><time>2024-08-28T02:45:01Z</time><extensions><speed>1.511983</speed><course>289.946656</course><hAcc>1.937347</hAcc><vAcc>1.068354</vAcc></extensions></trkpt>
      <trkpt lon="-117.162637" lat="32.898002"><ele>119.043211</ele><time>2024-08-28T02:45:02Z</time><extensions><speed>1.562370</speed><course>288.875316</course><hAcc>1.931213</hAcc><vAcc>1.073716</vAcc></extensions></trkpt>
      <trkpt lon="-117.162653" lat="32.898007"><ele>118.943311</ele><time>2024-08-28T02:45:03Z</time><extensions><speed>1.546915</speed><course>289.343639</course><hAcc>1.928258</hAcc><vAcc>1.079209</vAcc></extensions></trkpt>
      <trkpt lon="-117.162668" lat="32.898011"><ele>118.821377</ele><time>2024-08-28T02:45:04Z</time><extensions><speed>1.477391</speed><course>289.691893</course><hAcc>1.924583</hAcc><vAcc>1.083571</vAcc></extensions></trkpt>
      <trkpt lon="-117.162682" lat="32.898016"><ele>118.734315</ele><time>2024-08-28T02:45:05Z</time><extensions><speed>1.330218</speed><course>292.371306</course><hAcc>1.914947</hAcc><vAcc>1.087612</vAcc></extensions></trkpt>
      <trkpt lon="-117.162695" lat="32.898021"><ele>118.648038</ele><time>2024-08-28T02:45:06Z</time><extensions><speed>1.278876</speed><course>292.709653</course><hAcc>1.898063</hAcc><vAcc>1.090038</vAcc></extensions></trkpt>
      <trkpt lon="-117.162708" lat="32.898025"><ele>118.559227</ele><time>2024-08-28T02:45:07Z</time><extensions><speed>1.256193</speed><course>290.288617</course><hAcc>1.891339</hAcc><vAcc>1.091065</vAcc></extensions></trkpt>
      <trkpt lon="-117.162721" lat="32.898029"><ele>118.443843</ele><time>2024-08-28T02:45:08Z</time><extensions><speed>1.307525</speed><course>289.938286</course><hAcc>1.893210</hAcc><vAcc>1.091486</vAcc></extensions></trkpt>
      <trkpt lon="-117.162734" lat="32.898034"><ele>118.303656</ele><time>2024-08-28T02:45:09Z</time><extensions><speed>1.333399</speed><course>294.971456</course><hAcc>1.890116</hAcc><vAcc>1.090700</vAcc></extensions></trkpt>
      <trkpt lon="-117.162746" lat="32.898040"><ele>118.191944</ele><time>2024-08-28T02:45:10Z</time><extensions><speed>1.399740</speed><course>305.763138</course><hAcc>1.886345</hAcc><vAcc>1.088567</vAcc></extensions></trkpt>
      <trkpt lon="-117.162758" lat="32.898048"><ele>118.110240</ele><time>2024-08-28T02:45:11Z</time><extensions><speed>1.395260</speed><course>316.351907</course><hAcc>1.883877</hAcc><vAcc>1.084532</vAcc></extensions></trkpt>
      <trkpt lon="-117.162767" lat="32.898058"><ele>118.030074</ele><time>2024-08-28T02:45:12Z</time><extensions><speed>1.330419</speed><course>324.873453</course><hAcc>1.880709</hAcc><vAcc>1.079102</vAcc></extensions></trkpt>
      <trkpt lon="-117.162775" lat="32.898068"><ele>117.924173</ele><time>2024-08-28T02:45:13Z</time><extensions><speed>1.346731</speed><course>327.474001</course><hAcc>1.873973</hAcc><vAcc>1.073344</vAcc></extensions></trkpt>
      <trkpt lon="-117.162783" lat="32.898078"><ele>117.823871</ele><time>2024-08-28T02:45:14Z</time><extensions><speed>1.287859</speed><course>328.627554</course><hAcc>1.870360</hAcc><vAcc>1.066759</vAcc></extensions></trkpt>
      <trkpt lon="-117.162790" lat="32.898088"><ele>117.748065</ele><time>2024-08-28T02:45:15Z</time><extensions><speed>1.321566</speed><course>327.659428</course><hAcc>1.877879</hAcc><vAcc>1.059736</vAcc></extensions></trkpt>
      <trkpt lon="-117.162798" lat="32.898097"><ele>117.689110</ele><time>2024-08-28T02:45:16Z</time><extensions><speed>1.232645</speed><course>328.897873</course><hAcc>1.892900</hAcc><vAcc>1.053909</vAcc></extensions></trkpt>
      <trkpt lon="-117.162805" lat="32.898107"><ele>117.648032</ele><time>2024-08-28T02:45:17Z</time><extensions><speed>1.140761</speed><course>331.854473</course><hAcc>1.895778</hAcc><vAcc>1.047745</vAcc></extensions></trkpt>
      <trkpt lon="-117.162810" lat="32.898116"><ele>117.609132</ele><time>2024-08-28T02:45:18Z</time><extensions><speed>1.125092</speed><course>333.093688</course><hAcc>1.880986</hAcc><vAcc>1.042096</vAcc></extensions></trkpt>
      <trkpt lon="-117.162816" lat="32.898124"><ele>117.586486</ele><time>2024-08-28T02:45:19Z</time><extensions><speed>1.060344</speed><course>329.531874</course><hAcc>1.876492</hAcc><vAcc>1.037273</vAcc></extensions></trkpt>
      <trkpt lon="-117.162823" lat="32.898132"><ele>117.560092</ele><time>2024-08-28T02:45:20Z</time><extensions><speed>0.986382</speed><course>323.598289</course><hAcc>1.878985</hAcc><vAcc>1.033802</vAcc></extensions></trkpt>
      <trkpt lon="-117.162830" lat="32.898139"><ele>117.539115</ele><time>2024-08-28T02:45:21Z</time><extensions><speed>1.009694</speed><course>319.099257</course><hAcc>1.884323</hAcc><vAcc>1.032381</vAcc></extensions></trkpt>
      <trkpt lon="-117.162838" lat="32.898145"><ele>117.509004</ele><time>2024-08-28T02:45:22Z</time><extensions><speed>1.153239</speed><course>316.286768</course><hAcc>1.891769</hAcc><vAcc>1.032958</vAcc></extensions></trkpt>
      <trkpt lon="-117.162848" lat="32.898153"><ele>117.472490</ele><time>2024-08-28T02:45:23Z</time><extensions><speed>1.327420</speed><course>310.682876</course><hAcc>1.887042</hAcc><vAcc>1.035670</vAcc></extensions></trkpt>
      <trkpt lon="-117.162860" lat="32.898160"><ele>117.428097</ele><time>2024-08-28T02:45:24Z</time><extensions><speed>1.424698</speed><course>307.790060</course><hAcc>1.890121</hAcc><vAcc>1.040407</vAcc></extensions></trkpt>
      <trkpt lon="-117.162873" lat="32.898168"><ele>117.372790</ele><time>2024-08-28T02:45:25Z</time><extensions><speed>1.474779</speed><course>305.219259</course><hAcc>1.902878</hAcc><vAcc>1.047080</vAcc></extensions></trkpt>
      <trkpt lon="-117.162885" lat="32.898175"><ele>117.309296</ele><time>2024-08-28T02:45:26Z</time><extensions><speed>1.399276</speed><course>305.749647</course><hAcc>1.906690</hAcc><vAcc>1.055398</vAcc></extensions></trkpt>
      <trkpt lon="-117.162897" lat="32.898182"><ele>117.231772</ele><time>2024-08-28T02:45:27Z</time><extensions><speed>1.357360</speed><course>305.359228</course><hAcc>1.910694</hAcc><vAcc>1.065040</vAcc></extensions></trkpt>
      <trkpt lon="-117.162909" lat="32.898188"><ele>117.163880</ele><time>2024-08-28T02:45:28Z</time><extensions><speed>1.329839</speed><course>302.103488</course><hAcc>1.918064</hAcc><vAcc>1.074922</vAcc></extensions></trkpt>
      <trkpt lon="-117.162922" lat="32.898194"><ele>117.113324</ele><time>2024-08-28T02:45:29Z</time><extensions><speed>1.280934</speed><course>293.924631</course><hAcc>1.927166</hAcc><vAcc>1.086288</vAcc></extensions></trkpt>
      <trkpt lon="-117.162934" lat="32.898197"><ele>117.056136</ele><time>2024-08-28T02:45:30Z</time><extensions><speed>1.243447</speed><course>282.492322</course><hAcc>1.934800</hAcc><vAcc>1.099322</vAcc></extensions></trkpt>
      <trkpt lon="-117.162947" lat="32.898199"><ele>116.972883</ele><time>2024-08-28T02:45:31Z</time><extensions><speed>1.235171</speed><course>272.767825</course><hAcc>1.948560</hAcc><vAcc>1.111321</vAcc></extensions></trkpt>
      <trkpt lon="-117.162960" lat="32.898199"><ele>116.871015</ele><time>2024-08-28T02:45:32Z</time><extensions><speed>1.295584</speed><course>272.065777</course><hAcc>1.959776</hAcc><vAcc>1.122525</vAcc></extensions></trkpt>
      <trkpt lon="-117.162974" lat="32.898200"><ele>116.797072</ele><time>2024-08-28T02:45:33Z</time><extensions><speed>1.285791</speed><course>276.006525</course><hAcc>1.967271</hAcc><vAcc>1.132520</vAcc></extensions></trkpt>
      <trkpt lon="-117.162986" lat="32.898202"><ele>116.734321</ele><time>2024-08-28T02:45:34Z</time><extensions><speed>1.203476</speed><course>280.385597</course><hAcc>1.963603</hAcc><vAcc>1.140887</vAcc></extensions></trkpt>
      <trkpt lon="-117.162998" lat="32.898204"><ele>116.656665</ele><time>2024-08-28T02:45:35Z</time><extensions><speed>1.161846</speed><course>282.064563</course><hAcc>1.954993</hAcc><vAcc>1.147885</vAcc></extensions></trkpt>
      <trkpt lon="-117.163010" lat="32.898206"><ele>116.560113</ele><time>2024-08-28T02:45:36Z</time><extensions><speed>1.149273</speed><course>283.727862</course><hAcc>1.943140</hAcc><vAcc>1.155623</vAcc></extensions></trkpt>
      <trkpt lon="-117.163022" lat="32.898209"><ele>116.453946</ele><time>2024-08-28T02:45:37Z</time><extensions><speed>1.197226</speed><course>288.538057</course><hAcc>1.926091</hAcc><vAcc>1.159567</vAcc></extensions></trkpt>
      <trkpt lon="-117.163033" lat="32.898213"><ele>116.343794</ele><time>2024-08-28T02:45:38Z</time><extensions><speed>1.212381</speed><course>292.767636</course><hAcc>1.913523</hAcc><vAcc>1.160084</vAcc></extensions></trkpt>
      <trkpt lon="-117.163045" lat="32.898217"><ele>116.251512</ele><time>2024-08-28T02:45:39Z</time><extensions><speed>1.191522</speed><course>294.825525</course><hAcc>1.912940</hAcc><vAcc>1.160333</vAcc></extensions></trkpt>
      <trkpt lon="-117.163055" lat="32.898222"><ele>116.172746</ele><time>2024-08-28T02:45:40Z</time><extensions><speed>1.169724</speed><course>297.530475</course><hAcc>1.926968</hAcc><vAcc>1.157468</vAcc></extensions></trkpt>
      <trkpt lon="-117.163066" lat="32.898227"><ele>116.104595</ele><time>2024-08-28T02:45:41Z</time><extensions><speed>1.088292</speed><course>301.147320</course><hAcc>1.882171</hAcc><vAcc>1.154532</vAcc></extensions></trkpt>
      <trkpt lon="-117.163075" lat="32.898232"><ele>116.034707</ele><time>2024-08-28T02:45:42Z</time><extensions><speed>1.105084</speed><course>303.785362</course><hAcc>1.851939</hAcc><vAcc>1.150756</vAcc></extensions></trkpt>
      <trkpt lon="-117.163085" lat="32.898237"><ele>115.938879</ele><time>2024-08-28T02:45:43Z</time><extensions><speed>1.100198</speed><course>300.807681</course><hAcc>1.843892</hAcc><vAcc>1.146388</vAcc></extensions></trkpt>
      <trkpt lon="-117.163095" lat="32.898241"><ele>115.839135</ele><time>2024-08-28T02:45:44Z</time><extensions><speed>1.087356</speed><course>292.394140</course><hAcc>1.835187</hAcc><vAcc>1.141002</vAcc></extensions></trkpt>
      <trkpt lon="-117.163105" lat="32.898244"><ele>115.736686</ele><time>2024-08-28T02:45:45Z</time><extensions><speed>1.098347</speed><course>285.993628</course><hAcc>1.839028</hAcc><vAcc>1.134477</vAcc></extensions></trkpt>
      <trkpt lon="-117.163116" lat="32.898246"><ele>115.604600</ele><time>2024-08-28T02:45:46Z</time><extensions><speed>1.062471</speed><course>289.082344</course><hAcc>1.858371</hAcc><vAcc>1.127164</vAcc></extensions></trkpt>
      <trkpt lon="-117.163126" lat="32.898250"><ele>115.457081</ele><time>2024-08-28T02:45:47Z</time><extensions><speed>1.011000</speed><course>295.757221</course><hAcc>1.820843</hAcc><vAcc>1.119232</vAcc></extensions></trkpt>
      <trkpt lon="-117.163135" lat="32.898253"><ele>115.317305</ele><time>2024-08-28T02:45:48Z</time><extensions><speed>0.891752</speed><course>296.480894</course><hAcc>1.803513</hAcc><vAcc>1.110176</vAcc></extensions></trkpt>
      <trkpt lon="-117.163142" lat="32.898256"><ele>115.172818</ele><time>2024-08-28T02:45:49Z</time><extensions><speed>0.591442</speed><course>284.551046</course><hAcc>1.805703</hAcc><vAcc>1.100395</vAcc></extensions></trkpt>
      <trkpt lon="-117.163146" lat="32.898255"><ele>115.035199</ele><time>2024-08-28T02:45:50Z</time><extensions><speed>0.428967</speed><course>239.552029</course><hAcc>1.798993</hAcc><vAcc>1.090984</vAcc></extensions></trkpt>
      <trkpt lon="-117.163150" lat="32.898252"><ele>114.883009</ele><time>2024-08-28T02:45:51Z</time><extensions><speed>0.654508</speed><course>213.318617</course><hAcc>1.806184</hAcc><vAcc>1.081609</vAcc></extensions></trkpt>
      <trkpt lon="-117.163154" lat="32.898246"><ele>114.728500</ele><time>2024-08-28T02:45:52Z</time><extensions><speed>0.951609</speed><course>209.935143</course><hAcc>1.823455</hAcc><vAcc>1.073056</vAcc></extensions></trkpt>
      <trkpt lon="-117.163159" lat="32.898238"><ele>114.585208</ele><time>2024-08-28T02:45:53Z</time><extensions><speed>1.073843</speed><course>203.727105</course><hAcc>1.819276</hAcc><vAcc>1.066050</vAcc></extensions></trkpt>
      <trkpt lon="-117.163163" lat="32.898229"><ele>114.458482</ele><time>2024-08-28T02:45:54Z</time><extensions><speed>1.156203</speed><course>204.853945</course><hAcc>1.811536</hAcc><vAcc>1.059797</vAcc></extensions></trkpt>
      <trkpt lon="-117.163169" lat="32.898219"><ele>114.328252</ele><time>2024-08-28T02:45:55Z</time><extensions><speed>1.173365</speed><course>207.206098</course><hAcc>1.800799</hAcc><vAcc>1.053028</vAcc></extensions></trkpt>
      <trkpt lon="-117.163175" lat="32.898210"><ele>114.202582</ele><time>2024-08-28T02:45:56Z</time><extensions><speed>1.150631</speed><course>209.079719</course><hAcc>1.781212</hAcc><vAcc>1.047264</vAcc></extensions></trkpt>
      <trkpt lon="-117.163181" lat="32.898201"><ele>114.091501</ele><time>2024-08-28T02:45:57Z</time><extensions><speed>1.184892</speed><course>209.117013</course><hAcc>1.764044</hAcc><vAcc>1.043296</vAcc></extensions></trkpt>
      <trkpt lon="-117.163187" lat="32.898192"><ele>113.988917</ele><time>2024-08-28T02:45:58Z</time><extensions><speed>1.212728</speed><course>207.532344</course><hAcc>1.751981</hAcc><vAcc>1.038259</vAcc></extensions></trkpt>
      <trkpt lon="-117.163193" lat="32.898182"><ele>113.879573</ele><time>2024-08-28T02:45:59Z</time><extensions><speed>1.138428</speed><course>205.325820</course><hAcc>1.737346</hAcc><vAcc>1.033611</vAcc></extensions></trkpt>
      <trkpt lon="-117.163197" lat="32.898173"><ele>113.781965</ele><time>2024-08-28T02:46:00Z</time><extensions><speed>1.002377</speed><course>202.637836</course><hAcc>1.724162</hAcc><vAcc>1.031637</vAcc></extensions></trkpt>
      <trkpt lon="-117.163201" lat="32.898165"><ele>113.692456</ele><time>2024-08-28T02:46:01Z</time><extensions><speed>0.907828</speed><course>203.260208</course><hAcc>1.713501</hAcc><vAcc>1.031091</vAcc></extensions></trkpt>
      <trkpt lon="-117.163205" lat="32.898158"><ele>113.588517</ele><time>2024-08-28T02:46:02Z</time><extensions><speed>0.845684</speed><course>206.677333</course><hAcc>1.703120</hAcc><vAcc>1.030153</vAcc></extensions></trkpt>
      <trkpt lon="-117.163210" lat="32.898151"><ele>113.469331</ele><time>2024-08-28T02:46:03Z</time><extensions><speed>0.851442</speed><course>214.432928</course><hAcc>1.690851</hAcc><vAcc>1.029385</vAcc></extensions></trkpt>
      <trkpt lon="-117.163216" lat="32.898145"><ele>113.349960</ele><time>2024-08-28T02:46:04Z</time><extensions><speed>0.973855</speed><course>227.074745</course><hAcc>1.676410</hAcc><vAcc>1.027199</vAcc></extensions></trkpt>
      <trkpt lon="-117.163225" lat="32.898139"><ele>113.261480</ele><time>2024-08-28T02:46:05Z</time><extensions><speed>1.192436</speed><course>236.040081</course><hAcc>1.665161</hAcc><vAcc>1.024032</vAcc></extensions></trkpt>
      <trkpt lon="-117.163237" lat="32.898133"><ele>113.177427</ele><time>2024-08-28T02:46:06Z</time><extensions><speed>1.369498</speed><course>241.919187</course><hAcc>1.652082</hAcc><vAcc>1.020751</vAcc></extensions></trkpt>
      <trkpt lon="-117.163250" lat="32.898128"><ele>113.075455</ele><time>2024-08-28T02:46:07Z</time><extensions><speed>1.397423</speed><course>246.173445</course><hAcc>1.638615</hAcc><vAcc>1.016175</vAcc></extensions></trkpt>
      <trkpt lon="-117.163264" lat="32.898123"><ele>112.970342</ele><time>2024-08-28T02:46:08Z</time><extensions><speed>1.385986</speed><course>244.543094</course><hAcc>1.611122</hAcc><vAcc>1.011128</vAcc></extensions></trkpt>
      <trkpt lon="-117.163277" lat="32.898117"><ele>112.851374</ele><time>2024-08-28T02:46:09Z</time><extensions><speed>1.415271</speed><course>239.467451</course><hAcc>1.594704</hAcc><vAcc>1.005350</vAcc></extensions></trkpt>
      <trkpt lon="-117.163290" lat="32.898109"><ele>112.722234</ele><time>2024-08-28T02:46:10Z</time><extensions><speed>1.453926</speed><course>231.400639</course><hAcc>1.607130</hAcc><vAcc>0.998905</vAcc></extensions></trkpt>
      <trkpt lon="-117.163301" lat="32.898101"><ele>112.592465</ele><time>2024-08-28T02:46:11Z</time><extensions><speed>1.366775</speed><course>230.140170</course><hAcc>1.627218</hAcc><vAcc>0.991890</vAcc></extensions></trkpt>
      <trkpt lon="-117.163312" lat="32.898093"><ele>112.460900</ele><time>2024-08-28T02:46:12Z</time><extensions><speed>1.296892</speed><course>226.595426</course><hAcc>1.587965</hAcc><vAcc>0.984046</vAcc></extensions></trkpt>
      <trkpt lon="-117.163322" lat="32.898086"><ele>112.341173</ele><time>2024-08-28T02:46:13Z</time><extensions><speed>1.241377</speed><course>227.083722</course><hAcc>1.579365</hAcc><vAcc>0.975668</vAcc></extensions></trkpt>
      <trkpt lon="-117.163332" lat="32.898078"><ele>112.232718</ele><time>2024-08-28T02:46:14Z</time><extensions><speed>1.277435</speed><course>225.947288</course><hAcc>1.592597</hAcc><vAcc>0.966933</vAcc></extensions></trkpt>
      <trkpt lon="-117.163342" lat="32.898070"><ele>112.144042</ele><time>2024-08-28T02:46:15Z</time><extensions><speed>1.311756</speed><course>223.993948</course><hAcc>1.605812</hAcc><vAcc>0.957548</vAcc></extensions></trkpt>
      <trkpt lon="-117.163351" lat="32.898061"><ele>112.051330</ele><time>2024-08-28T02:46:16Z</time><extensions><speed>1.279076</speed><course>222.659210</course><hAcc>1.617888</hAcc><vAcc>0.949645</vAcc></extensions></trkpt>
      <trkpt lon="-117.163361" lat="32.898053"><ele>111.968585</ele><time>2024-08-28T02:46:17Z</time><extensions><speed>1.212364</speed><course>225.443225</course><hAcc>1.613560</hAcc><vAcc>0.941535</vAcc></extensions></trkpt>
      <trkpt lon="-117.163370" lat="32.898046"><ele>111.867276</ele><time>2024-08-28T02:46:18Z</time><extensions><speed>1.182503</speed><course>227.749181</course><hAcc>1.616676</hAcc><vAcc>0.935225</vAcc></extensions></trkpt>
      <trkpt lon="-117.163380" lat="32.898039"><ele>111.770113</ele><time>2024-08-28T02:46:19Z</time><extensions><speed>1.163190</speed><course>226.212548</course><hAcc>1.611804</hAcc><vAcc>0.929097</vAcc></extensions></trkpt>
      <trkpt lon="-117.163389" lat="32.898032"><ele>111.683624</ele><time>2024-08-28T02:46:20Z</time><extensions><speed>1.102056</speed><course>227.998782</course><hAcc>1.600747</hAcc><vAcc>0.923180</vAcc></extensions></trkpt>
      <trkpt lon="-117.163398" lat="32.898026"><ele>111.593427</ele><time>2024-08-28T02:46:21Z</time><extensions><speed>1.093706</speed><course>234.227231</course><hAcc>1.588563</hAcc><vAcc>0.920230</vAcc></extensions></trkpt>
      <trkpt lon="-117.163408" lat="32.898021"><ele>111.505731</ele><time>2024-08-28T02:46:22Z</time><extensions><speed>1.180648</speed><course>241.920550</course><hAcc>1.575238</hAcc><vAcc>0.916712</vAcc></extensions></trkpt>
      <trkpt lon="-117.163420" lat="32.898016"><ele>111.435723</ele><time>2024-08-28T02:46:23Z</time><extensions><speed>1.305303</speed><course>248.446894</course><hAcc>1.563429</hAcc><vAcc>0.915502</vAcc></extensions></trkpt>
      <trkpt lon="-117.163434" lat="32.898012"><ele>111.384752</ele><time>2024-08-28T02:46:24Z</time><extensions><speed>1.479791</speed><course>253.343655</course><hAcc>1.541532</hAcc><vAcc>0.914811</vAcc></extensions></trkpt>
      <trkpt lon="-117.163450" lat="32.898008"><ele>111.347460</ele><time>2024-08-28T02:46:25Z</time><extensions><speed>1.616522</speed><course>259.929219</course><hAcc>1.520479</hAcc><vAcc>0.916204</vAcc></extensions></trkpt>
      <trkpt lon="-117.163467" lat="32.898007"><ele>111.310307</ele><time>2024-08-28T02:46:26Z</time><extensions><speed>1.586756</speed><course>268.538648</course><hAcc>1.513602</hAcc><vAcc>0.918873</vAcc></extensions></trkpt>
      <trkpt lon="-117.163484" lat="32.898007"><ele>111.275645</ele><time>2024-08-28T02:46:27Z</time><extensions><speed>1.633739</speed><course>275.590329</course><hAcc>1.506077</hAcc><vAcc>0.923227</vAcc></extensions></trkpt>
      <trkpt lon="-117.163501" lat="32.898009"><ele>111.239344</ele><time>2024-08-28T02:46:28Z</time><extensions><speed>1.494024</speed><course>281.672018</course><hAcc>1.529140</hAcc><vAcc>0.928343</vAcc></extensions></trkpt>
      <trkpt lon="-117.163516" lat="32.898012"><ele>111.203515</ele><time>2024-08-28T02:46:29Z</time><extensions><speed>1.454768</speed><course>283.172745</course><hAcc>1.504370</hAcc><vAcc>0.933470</vAcc></extensions></trkpt>
      <trkpt lon="-117.163531" lat="32.898014"><ele>111.164067</ele><time>2024-08-28T02:46:30Z</time><extensions><speed>1.388143</speed><course>281.044306</course><hAcc>1.501783</hAcc><vAcc>0.938503</vAcc></extensions></trkpt>
      <trkpt lon="-117.163544" lat="32.898016"><ele>111.119582</ele><time>2024-08-28T02:46:31Z</time><extensions><speed>1.174163</speed><course>274.018275</course><hAcc>1.519700</hAcc><vAcc>0.944792</vAcc></extensions></trkpt>
      <trkpt lon="-117.163555" lat="32.898015"><ele>111.074790</ele><time>2024-08-28T02:46:32Z</time><extensions><speed>0.909590</speed><course>255.902366</course><hAcc>1.538029</hAcc><vAcc>0.952625</vAcc></extensions></trkpt>
      <trkpt lon="-117.163563" lat="32.898012"><ele>111.024224</ele><time>2024-08-28T02:46:33Z</time><extensions><speed>0.921900</speed><course>233.874737</course><hAcc>1.562095</hAcc><vAcc>0.961388</vAcc></extensions></trkpt>
      <trkpt lon="-117.163571" lat="32.898006"><ele>110.970806</ele><time>2024-08-28T02:46:34Z</time><extensions><speed>1.067329</speed><course>218.026412</course><hAcc>1.553982</hAcc><vAcc>0.970566</vAcc></extensions></trkpt>
      <trkpt lon="-117.163577" lat="32.897997"><ele>110.906603</ele><time>2024-08-28T02:46:35Z</time><extensions><speed>1.216513</speed><course>208.546674</course><hAcc>1.573464</hAcc><vAcc>0.980535</vAcc></extensions></trkpt>
      <trkpt lon="-117.163583" lat="32.897987"><ele>110.831764</ele><time>2024-08-28T02:46:36Z</time><extensions><speed>1.257456</speed><course>204.677095</course><hAcc>1.602107</hAcc><vAcc>0.989903</vAcc></extensions></trkpt>
      <trkpt lon="-117.163589" lat="32.897977"><ele>110.750824</ele><time>2024-08-28T02:46:37Z</time><extensions><speed>1.235984</speed><course>203.085934</course><hAcc>1.623366</hAcc><vAcc>1.000656</vAcc></extensions></trkpt>
      <trkpt lon="-117.163594" lat="32.897966"><ele>110.671380</ele><time>2024-08-28T02:46:38Z</time><extensions><speed>1.200515</speed><course>202.949101</course><hAcc>1.639191</hAcc><vAcc>1.010738</vAcc></extensions></trkpt>
      <trkpt lon="-117.163599" lat="32.897956"><ele>110.574737</ele><time>2024-08-28T02:46:39Z</time><extensions><speed>1.269830</speed><course>203.682140</course><hAcc>1.656760</hAcc><vAcc>1.020301</vAcc></extensions></trkpt>
      <trkpt lon="-117.163604" lat="32.897946"><ele>110.460617</ele><time>2024-08-28T02:46:40Z</time><extensions><speed>1.288475</speed><course>203.804682</course><hAcc>1.671773</hAcc><vAcc>1.030338</vAcc></extensions></trkpt>
      <trkpt lon="-117.163609" lat="32.897935"><ele>110.336826</ele><time>2024-08-28T02:46:41Z</time><extensions><speed>1.229502</speed><course>203.446102</course><hAcc>1.686968</hAcc><vAcc>1.039591</vAcc></extensions></trkpt>
      <trkpt lon="-117.163614" lat="32.897925"><ele>110.206490</ele><time>2024-08-28T02:46:42Z</time><extensions><speed>1.130709</speed><course>204.484911</course><hAcc>1.702263</hAcc><vAcc>1.048159</vAcc></extensions></trkpt>
      <trkpt lon="-117.163619" lat="32.897917"><ele>110.066607</ele><time>2024-08-28T02:46:43Z</time><extensions><speed>1.046626</speed><course>205.056274</course><hAcc>1.713922</hAcc><vAcc>1.057952</vAcc></extensions></trkpt>
      <trkpt lon="-117.163624" lat="32.897908"><ele>109.894543</ele><time>2024-08-28T02:46:44Z</time><extensions><speed>1.076479</speed><course>202.796635</course><hAcc>1.723072</hAcc><vAcc>1.064406</vAcc></extensions></trkpt>
      <trkpt lon="-117.163629" lat="32.897899"><ele>109.726942</ele><time>2024-08-28T02:46:45Z</time><extensions><speed>1.202221</speed><course>201.516966</course><hAcc>1.730116</hAcc><vAcc>1.071667</vAcc></extensions></trkpt>
      <trkpt lon="-117.163634" lat="32.897889"><ele>109.532272</ele><time>2024-08-28T02:46:46Z</time><extensions><speed>1.283397</speed><course>201.479848</course><hAcc>1.745307</hAcc><vAcc>1.076335</vAcc></extensions></trkpt>
      <trkpt lon="-117.163640" lat="32.897879"><ele>109.297299</ele><time>2024-08-28T02:46:47Z</time><extensions><speed>1.246253</speed><course>204.313023</course><hAcc>1.772805</hAcc><vAcc>1.078018</vAcc></extensions></trkpt>
      <trkpt lon="-117.163646" lat="32.897869"><ele>109.051750</ele><time>2024-08-28T02:46:48Z</time><extensions><speed>1.167669</speed><course>204.161899</course><hAcc>1.738641</hAcc><vAcc>1.078244</vAcc></extensions></trkpt>
      <trkpt lon="-117.163651" lat="32.897860"><ele>108.814867</ele><time>2024-08-28T02:46:49Z</time><extensions><speed>1.111431</speed><course>204.885951</course><hAcc>1.714061</hAcc><vAcc>1.076365</vAcc></extensions></trkpt>
      <trkpt lon="-117.163657" lat="32.897851"><ele>108.579270</ele><time>2024-08-28T02:46:50Z</time><extensions><speed>1.064588</speed><course>210.588044</course><hAcc>1.695988</hAcc><vAcc>1.074402</vAcc></extensions></trkpt>
      <trkpt lon="-117.163664" lat="32.897843"><ele>108.346717</ele><time>2024-08-28T02:46:51Z</time><extensions><speed>1.180641</speed><course>215.854899</course><hAcc>1.689266</hAcc><vAcc>1.073223</vAcc></extensions></trkpt>
      <trkpt lon="-117.163672" lat="32.897834"><ele>108.116418</ele><time>2024-08-28T02:46:52Z</time><extensions><speed>1.369012</speed><course>220.793410</course><hAcc>1.693586</hAcc><vAcc>1.071436</vAcc></extensions></trkpt>
      <trkpt lon="-117.163682" lat="32.897825"><ele>107.864515</ele><time>2024-08-28T02:46:53Z</time><extensions><speed>1.334793</speed><course>227.448928</course><hAcc>1.712109</hAcc><vAcc>1.069581</vAcc></extensions></trkpt>
      <trkpt lon="-117.163694" lat="32.897818"><ele>107.587929</ele><time>2024-08-28T02:46:54Z</time><extensions><speed>1.471175</speed><course>242.543128</course><hAcc>1.686214</hAcc><vAcc>1.065715</vAcc></extensions></trkpt>
      <trkpt lon="-117.163708" lat="32.897813"><ele>107.306119</ele><time>2024-08-28T02:46:55Z</time><extensions><speed>1.358913</speed><course>251.893154</course><hAcc>1.695130</hAcc><vAcc>1.060158</vAcc></extensions></trkpt>
      <trkpt lon="-117.163722" lat="32.897811"><ele>107.021265</ele><time>2024-08-28T02:46:56Z</time><extensions><speed>1.327380</speed><course>265.601606</course><hAcc>1.662144</hAcc><vAcc>1.053862</vAcc></extensions></trkpt>
      <trkpt lon="-117.163736" lat="32.897810"><ele>106.740823</ele><time>2024-08-28T02:46:57Z</time><extensions><speed>1.256069</speed><course>267.834239</course><hAcc>1.632933</hAcc><vAcc>1.046676</vAcc></extensions></trkpt>
      <trkpt lon="-117.163748" lat="32.897809"><ele>106.487724</ele><time>2024-08-28T02:46:58Z</time><extensions><speed>1.060108</speed><course>255.408483</course><hAcc>1.615151</hAcc><vAcc>1.039917</vAcc></extensions></trkpt>
      <trkpt lon="-117.163759" lat="32.897805"><ele>106.218674</ele><time>2024-08-28T02:46:59Z</time><extensions><speed>1.066695</speed><course>234.914452</course><hAcc>1.625455</hAcc><vAcc>1.034463</vAcc></extensions></trkpt>
      <trkpt lon="-117.163769" lat="32.897799"><ele>105.912051</ele><time>2024-08-28T02:47:00Z</time><extensions><speed>1.256340</speed><course>226.792150</course><hAcc>1.622064</hAcc><vAcc>1.028804</vAcc></extensions></trkpt>
      <trkpt lon="-117.163779" lat="32.897791"><ele>105.627097</ele><time>2024-08-28T02:47:01Z</time><extensions><speed>1.336336</speed><course>228.468879</course><hAcc>1.624312</hAcc><vAcc>1.023585</vAcc></extensions></trkpt>
      <trkpt lon="-117.163790" lat="32.897783"><ele>105.312611</ele><time>2024-08-28T02:47:02Z</time><extensions><speed>1.384799</speed><course>231.426163</course><hAcc>1.620015</hAcc><vAcc>1.016303</vAcc></extensions></trkpt>
      <trkpt lon="-117.163802" lat="32.897776"><ele>104.993649</ele><time>2024-08-28T02:47:03Z</time><extensions><speed>1.340001</speed><course>232.995051</course><hAcc>1.621303</hAcc><vAcc>1.009446</vAcc></extensions></trkpt>
      <trkpt lon="-117.163813" lat="32.897769"><ele>104.649724</ele><time>2024-08-28T02:47:04Z</time><extensions><speed>1.198186</speed><course>232.167793</course><hAcc>1.594492</hAcc><vAcc>1.002307</vAcc></extensions></trkpt>
      <trkpt lon="-117.163823" lat="32.897763"><ele>104.286673</ele><time>2024-08-28T02:47:05Z</time><extensions><speed>1.083266</speed><course>233.040455</course><hAcc>1.583058</hAcc><vAcc>0.994756</vAcc></extensions></trkpt>
      <trkpt lon="-117.163833" lat="32.897758"><ele>103.906152</ele><time>2024-08-28T02:47:06Z</time><extensions><speed>1.062750</speed><course>241.894486</course><hAcc>1.578187</hAcc><vAcc>0.987013</vAcc></extensions></trkpt>
      <trkpt lon="-117.163844" lat="32.897755"><ele>103.489423</ele><time>2024-08-28T02:47:07Z</time><extensions><speed>1.193100</speed><course>252.584672</course><hAcc>1.568174</hAcc><vAcc>0.977742</vAcc></extensions></trkpt>
      <trkpt lon="-117.163858" lat="32.897753"><ele>103.082902</ele><time>2024-08-28T02:47:08Z</time><extensions><speed>1.476604</speed><course>264.627847</course><hAcc>1.546946</hAcc><vAcc>0.968940</vAcc></extensions></trkpt>
      <trkpt lon="-117.163875" lat="32.897753"><ele>102.651476</ele><time>2024-08-28T02:47:09Z</time><extensions><speed>1.603866</speed><course>277.055107</course><hAcc>1.555584</hAcc><vAcc>0.959325</vAcc></extensions></trkpt>
      <trkpt lon="-117.163891" lat="32.897756"><ele>102.212017</ele><time>2024-08-28T02:47:10Z</time><extensions><speed>1.526892</speed><course>286.237483</course><hAcc>1.571430</hAcc><vAcc>0.950011</vAcc></extensions></trkpt>
      <trkpt lon="-117.163907" lat="32.897761"><ele>101.764144</ele><time>2024-08-28T02:47:11Z</time><extensions><speed>1.623992</speed><course>298.702061</course><hAcc>1.537017</hAcc><vAcc>0.940428</vAcc></extensions></trkpt>
      <trkpt lon="-117.163921" lat="32.897769"><ele>101.316335</ele><time>2024-08-28T02:47:12Z</time><extensions><speed>1.570617</speed><course>307.183891</course><hAcc>1.510766</hAcc><vAcc>0.930578</vAcc></extensions></trkpt>
      <trkpt lon="-117.163934" lat="32.897778"><ele>100.874626</ele><time>2024-08-28T02:47:13Z</time><extensions><speed>1.459026</speed><course>309.772294</course><hAcc>1.512255</hAcc><vAcc>0.920312</vAcc></extensions></trkpt>
      <trkpt lon="-117.163946" lat="32.897786"><ele>100.422857</ele><time>2024-08-28T02:47:14Z</time><extensions><speed>1.468343</speed><course>308.498657</course><hAcc>1.507012</hAcc><vAcc>0.909394</vAcc></extensions></trkpt>
      <trkpt lon="-117.163959" lat="32.897794"><ele>99.969855</ele><time>2024-08-28T02:47:15Z</time><extensions><speed>1.489414</speed><course>306.497050</course><hAcc>1.503000</hAcc><vAcc>0.897888</vAcc></extensions></trkpt>
      <trkpt lon="-117.163972" lat="32.897802"><ele>99.509077</ele><time>2024-08-28T02:47:16Z</time><extensions><speed>1.549981</speed><course>302.907619</course><hAcc>1.486392</hAcc><vAcc>0.886959</vAcc></extensions></trkpt>
      <trkpt lon="-117.163986" lat="32.897809"><ele>99.048281</ele><time>2024-08-28T02:47:17Z</time><extensions><speed>1.617584</speed><course>299.735618</course><hAcc>1.473057</hAcc><vAcc>0.876153</vAcc></extensions></trkpt>
      <trkpt lon="-117.164001" lat="32.897816"><ele>98.577579</ele><time>2024-08-28T02:47:18Z</time><extensions><speed>1.491288</speed><course>298.440690</course><hAcc>1.475449</hAcc><vAcc>0.865390</vAcc></extensions></trkpt>
      <trkpt lon="-117.164014" lat="32.897822"><ele>98.106899</ele><time>2024-08-28T02:47:19Z</time><extensions><speed>1.328719</speed><course>296.954122</course><hAcc>1.453641</hAcc><vAcc>0.854768</vAcc></extensions></trkpt>
      <trkpt lon="-117.164026" lat="32.897827"><ele>97.641734</ele><time>2024-08-28T02:47:20Z</time><extensions><speed>1.158110</speed><course>299.371800</course><hAcc>1.433809</hAcc><vAcc>0.844397</vAcc></extensions></trkpt>
      <trkpt lon="-117.164036" lat="32.897833"><ele>97.182813</ele><time>2024-08-28T02:47:21Z</time><extensions><speed>1.142426</speed><course>304.632047</course><hAcc>1.419484</hAcc><vAcc>0.834334</vAcc></extensions></trkpt>
      <trkpt lon="-117.164047" lat="32.897839"><ele>96.732298</ele><time>2024-08-28T02:47:22Z</time><extensions><speed>1.260725</speed><course>305.021264</course><hAcc>1.404093</hAcc><vAcc>0.824863</vAcc></extensions></trkpt>
      <trkpt lon="-117.164059" lat="32.897845"><ele>96.279656</ele><time>2024-08-28T02:47:23Z</time><extensions><speed>1.371599</speed><course>303.071006</course><hAcc>1.383245</hAcc><vAcc>0.816131</vAcc></extensions></trkpt>
      <trkpt lon="-117.164071" lat="32.897852"><ele>95.819794</ele><time>2024-08-28T02:47:24Z</time><extensions><speed>1.354612</speed><course>302.223204</course><hAcc>1.360491</hAcc><vAcc>0.808234</vAcc></extensions></trkpt>
      <trkpt lon="-117.164083" lat="32.897858"><ele>95.345295</ele><time>2024-08-28T02:47:25Z</time><extensions><speed>1.299295</speed><course>299.966159</course><hAcc>1.353570</hAcc><vAcc>0.801300</vAcc></extensions></trkpt>
      <trkpt lon="-117.164095" lat="32.897864"><ele>94.869451</ele><time>2024-08-28T02:47:26Z</time><extensions><speed>1.169696</speed><course>299.189676</course><hAcc>1.371860</hAcc><vAcc>0.795351</vAcc></extensions></trkpt>
      <trkpt lon="-117.164106" lat="32.897869"><ele>94.393993</ele><time>2024-08-28T02:47:27Z</time><extensions><speed>1.201185</speed><course>300.439988</course><hAcc>1.345781</hAcc><vAcc>0.790674</vAcc></extensions></trkpt>
      <trkpt lon="-117.164117" lat="32.897874"><ele>93.912358</ele><time>2024-08-28T02:47:28Z</time><extensions><speed>1.224519</speed><course>300.852159</course><hAcc>1.332582</hAcc><vAcc>0.787523</vAcc></extensions></trkpt>
      <trkpt lon="-117.164128" lat="32.897880"><ele>93.422685</ele><time>2024-08-28T02:47:29Z</time><extensions><speed>1.115778</speed><course>297.227040</course><hAcc>1.343605</hAcc><vAcc>0.785833</vAcc></extensions></trkpt>
      <trkpt lon="-117.164139" lat="32.897884"><ele>92.921967</ele><time>2024-08-28T02:47:30Z</time><extensions><speed>1.089182</speed><course>292.382260</course><hAcc>1.365090</hAcc><vAcc>0.785385</vAcc></extensions></trkpt>
      <trkpt lon="-117.164150" lat="32.897887"><ele>92.421910</ele><time>2024-08-28T02:47:31Z</time><extensions><speed>1.162310</speed><course>287.539379</course><hAcc>1.394078</hAcc><vAcc>0.786627</vAcc></extensions></trkpt>
      <trkpt lon="-117.164163" lat="32.897890"><ele>91.922750</ele><time>2024-08-28T02:47:32Z</time><extensions><speed>1.261262</speed><course>282.482947</course><hAcc>1.426333</hAcc><vAcc>0.789258</vAcc></extensions></trkpt>
      <trkpt lon="-117.164176" lat="32.897892"><ele>91.431426</ele><time>2024-08-28T02:47:33Z</time><extensions><speed>1.278088</speed><course>279.866680</course><hAcc>1.434208</hAcc><vAcc>0.792743</vAcc></extensions></trkpt>
      <trkpt lon="-117.164190" lat="32.897894"><ele>90.943480</ele><time>2024-08-28T02:47:34Z</time><extensions><speed>1.268844</speed><course>278.651677</course><hAcc>1.449003</hAcc><vAcc>0.797175</vAcc></extensions></trkpt>
      <trkpt lon="-117.164203" lat="32.897895"><ele>90.466343</ele><time>2024-08-28T02:47:35Z</time><extensions><speed>1.248092</speed><course>277.465291</course><hAcc>1.466725</hAcc><vAcc>0.802571</vAcc></extensions></trkpt>
      <trkpt lon="-117.164216" lat="32.897897"><ele>89.998206</ele><time>2024-08-28T02:47:36Z</time><extensions><speed>1.170666</speed><course>278.461269</course><hAcc>1.496118</hAcc><vAcc>0.808778</vAcc></extensions></trkpt>
      <trkpt lon="-117.164228" lat="32.897899"><ele>89.540521</ele><time>2024-08-28T02:47:37Z</time><extensions><speed>1.227074</speed><course>279.638423</course><hAcc>1.521089</hAcc><vAcc>0.815899</vAcc></extensions></trkpt>
      <trkpt lon="-117.164242" lat="32.897901"><ele>89.093474</ele><time>2024-08-28T02:47:38Z</time><extensions><speed>1.293169</speed><course>280.284988</course><hAcc>1.534577</hAcc><vAcc>0.824085</vAcc></extensions></trkpt>
      <trkpt lon="-117.164255" lat="32.897903"><ele>88.659706</ele><time>2024-08-28T02:47:39Z</time><extensions><speed>1.296338</speed><course>280.369798</course><hAcc>1.542990</hAcc><vAcc>0.833306</vAcc></extensions></trkpt>
      <trkpt lon="-117.164269" lat="32.897905"><ele>88.250569</ele><time>2024-08-28T02:47:40Z</time><extensions><speed>1.280436</speed><course>280.908624</course><hAcc>1.550849</hAcc><vAcc>0.843250</vAcc></extensions></trkpt>
      <trkpt lon="-117.164282" lat="32.897907"><ele>87.882556</ele><time>2024-08-28T02:47:41Z</time><extensions><speed>1.306017</speed><course>285.825972</course><hAcc>1.561857</hAcc><vAcc>0.853970</vAcc></extensions></trkpt>
      <trkpt lon="-117.164296" lat="32.897911"><ele>87.537223</ele><time>2024-08-28T02:47:42Z</time><extensions><speed>1.324045</speed><course>288.437261</course><hAcc>1.571947</hAcc><vAcc>0.865986</vAcc></extensions></trkpt>
      <trkpt lon="-117.164309" lat="32.897914"><ele>87.216540</ele><time>2024-08-28T02:47:43Z</time><extensions><speed>1.256101</speed><course>289.270085</course><hAcc>1.582342</hAcc><vAcc>0.879228</vAcc></extensions></trkpt>
      <trkpt lon="-117.164321" lat="32.897918"><ele>86.923893</ele><time>2024-08-28T02:47:44Z</time><extensions><speed>1.208619</speed><course>290.144627</course><hAcc>1.592524</hAcc><vAcc>0.891354</vAcc></extensions></trkpt>
      <trkpt lon="-117.164333" lat="32.897921"><ele>86.670983</ele><time>2024-08-28T02:47:45Z</time><extensions><speed>1.182301</speed><course>288.770381</course><hAcc>1.605997</hAcc><vAcc>0.903718</vAcc></extensions></trkpt>
      <trkpt lon="-117.164344" lat="32.897925"><ele>86.447091</ele><time>2024-08-28T02:47:46Z</time><extensions><speed>1.090242</speed><course>286.418860</course><hAcc>1.620429</hAcc><vAcc>0.915512</vAcc></extensions></trkpt>
      <trkpt lon="-117.164354" lat="32.897927"><ele>86.242190</ele><time>2024-08-28T02:47:47Z</time><extensions><speed>0.926090</speed><course>280.866081</course><hAcc>1.628028</hAcc><vAcc>0.926753</vAcc></extensions></trkpt>
      <trkpt lon="-117.164363" lat="32.897927"><ele>86.057399</ele><time>2024-08-28T02:47:48Z</time><extensions><speed>0.792562</speed><course>266.525686</course><hAcc>1.623021</hAcc><vAcc>0.937104</vAcc></extensions></trkpt>
      <trkpt lon="-117.164372" lat="32.897926"><ele>85.899669</ele><time>2024-08-28T02:47:49Z</time><extensions><speed>0.860631</speed><course>249.770264</course><hAcc>1.638646</hAcc><vAcc>0.946733</vAcc></extensions></trkpt>
      <trkpt lon="-117.164380" lat="32.897922"><ele>85.756994</ele><time>2024-08-28T02:47:50Z</time><extensions><speed>0.868351</speed><course>231.730060</course><hAcc>1.641951</hAcc><vAcc>0.954908</vAcc></extensions></trkpt>
      <trkpt lon="-117.164386" lat="32.897916"><ele>85.643513</ele><time>2024-08-28T02:47:51Z</time><extensions><speed>0.937153</speed><course>220.653491</course><hAcc>1.640086</hAcc><vAcc>0.962063</vAcc></extensions></trkpt>
      <trkpt lon="-117.164393" lat="32.897909"><ele>85.557064</ele><time>2024-08-28T02:47:52Z</time><extensions><speed>1.066416</speed><course>213.065975</course><hAcc>1.641841</hAcc><vAcc>0.968425</vAcc></extensions></trkpt>
      <trkpt lon="-117.164399" lat="32.897900"><ele>85.473057</ele><time>2024-08-28T02:47:53Z</time><extensions><speed>1.217753</speed><course>207.937873</course><hAcc>1.651750</hAcc><vAcc>0.972900</vAcc></extensions></trkpt>
      <trkpt lon="-117.164405" lat="32.897891"><ele>85.395798</ele><time>2024-08-28T02:47:54Z</time><extensions><speed>1.195815</speed><course>205.245326</course><hAcc>1.629457</hAcc><vAcc>0.975641</vAcc></extensions></trkpt>
      <trkpt lon="-117.164410" lat="32.897882"><ele>85.309509</ele><time>2024-08-28T02:47:55Z</time><extensions><speed>1.121136</speed><course>206.376154</course><hAcc>1.620655</hAcc><vAcc>0.977660</vAcc></extensions></trkpt>
      <trkpt lon="-117.164415" lat="32.897873"><ele>85.227300</ele><time>2024-08-28T02:47:56Z</time><extensions><speed>1.007736</speed><course>203.773019</course><hAcc>1.626708</hAcc><vAcc>0.979002</vAcc></extensions></trkpt>
      <trkpt lon="-117.164419" lat="32.897865"><ele>85.151731</ele><time>2024-08-28T02:47:57Z</time><extensions><speed>0.999281</speed><course>202.890456</course><hAcc>1.631537</hAcc><vAcc>0.979240</vAcc></extensions></trkpt>
      <trkpt lon="-117.164423" lat="32.897856"><ele>85.071086</ele><time>2024-08-28T02:47:58Z</time><extensions><speed>0.978189</speed><course>204.640020</course><hAcc>1.639642</hAcc><vAcc>0.979380</vAcc></extensions></trkpt>
      <trkpt lon="-117.164428" lat="32.897848"><ele>84.995607</ele><time>2024-08-28T02:47:59Z</time><extensions><speed>0.971823</speed><course>206.454367</course><hAcc>1.649435</hAcc><vAcc>0.979158</vAcc></extensions></trkpt>
      <trkpt lon="-117.164432" lat="32.897840"><ele>84.922459</ele><time>2024-08-28T02:48:00Z</time><extensions><speed>1.036246</speed><course>205.688680</course><hAcc>1.656418</hAcc><vAcc>0.977658</vAcc></extensions></trkpt>
      <trkpt lon="-117.164438" lat="32.897831"><ele>84.853238</ele><time>2024-08-28T02:48:01Z</time><extensions><speed>1.190576</speed><course>205.601295</course><hAcc>1.662003</hAcc><vAcc>0.977785</vAcc></extensions></trkpt>
      <trkpt lon="-117.164443" lat="32.897821"><ele>84.770225</ele><time>2024-08-28T02:48:02Z</time><extensions><speed>1.239777</speed><course>205.636567</course><hAcc>1.667902</hAcc><vAcc>0.977963</vAcc></extensions></trkpt>
      <trkpt lon="-117.164449" lat="32.897811"><ele>84.678360</ele><time>2024-08-28T02:48:03Z</time><extensions><speed>1.223058</speed><course>208.399123</course><hAcc>1.675908</hAcc><vAcc>0.978497</vAcc></extensions></trkpt>
      <trkpt lon="-117.164455" lat="32.897802"><ele>84.571619</ele><time>2024-08-28T02:48:04Z</time><extensions><speed>1.110263</speed><course>209.035319</course><hAcc>1.678050</hAcc><vAcc>0.978513</vAcc></extensions></trkpt>
      <trkpt lon="-117.164460" lat="32.897794"><ele>84.468235</ele><time>2024-08-28T02:48:05Z</time><extensions><speed>0.988774</speed><course>206.493979</course><hAcc>1.668976</hAcc><vAcc>0.979326</vAcc></extensions></trkpt>
      <trkpt lon="-117.164464" lat="32.897786"><ele>84.367523</ele><time>2024-08-28T02:48:06Z</time><extensions><speed>0.959293</speed><course>201.530283</course><hAcc>1.663069</hAcc><vAcc>0.980485</vAcc></extensions></trkpt>
      <trkpt lon="-117.164467" lat="32.897777"><ele>84.259850</ele><time>2024-08-28T02:48:07Z</time><extensions><speed>1.067783</speed><course>198.806810</course><hAcc>1.664756</hAcc><vAcc>0.979660</vAcc></extensions></trkpt>
      <trkpt lon="-117.164470" lat="32.897768"><ele>84.147611</ele><time>2024-08-28T02:48:08Z</time><extensions><speed>1.229581</speed><course>196.465898</course><hAcc>1.664905</hAcc><vAcc>0.978156</vAcc></extensions></trkpt>
      <trkpt lon="-117.164474" lat="32.897757"><ele>84.019322</ele><time>2024-08-28T02:48:09Z</time><extensions><speed>1.258176</speed><course>196.250304</course><hAcc>1.665676</hAcc><vAcc>0.976014</vAcc></extensions></trkpt>
      <trkpt lon="-117.164477" lat="32.897746"><ele>83.877230</ele><time>2024-08-28T02:48:10Z</time><extensions><speed>1.334111</speed><course>194.214268</course><hAcc>1.671354</hAcc><vAcc>0.973541</vAcc></extensions></trkpt>
      <trkpt lon="-117.164479" lat="32.897734"><ele>83.738008</ele><time>2024-08-28T02:48:11Z</time><extensions><speed>1.316053</speed><course>188.796088</course><hAcc>1.690020</hAcc><vAcc>0.970051</vAcc></extensions></trkpt>
      <trkpt lon="-117.164480" lat="32.897723"><ele>83.622759</ele><time>2024-08-28T02:48:12Z</time><extensions><speed>1.139691</speed><course>181.613790</course><hAcc>1.682050</hAcc><vAcc>0.967377</vAcc></extensions></trkpt>
      <trkpt lon="-117.164479" lat="32.897714"><ele>83.507640</ele><time>2024-08-28T02:48:13Z</time><extensions><speed>1.031974</speed><course>171.937989</course><hAcc>1.683165</hAcc><vAcc>0.963951</vAcc></extensions></trkpt>
      <trkpt lon="-117.164476" lat="32.897705"><ele>83.398340</ele><time>2024-08-28T02:48:14Z</time><extensions><speed>0.934535</speed><course>158.986478</course><hAcc>1.697054</hAcc><vAcc>0.960630</vAcc></extensions></trkpt>
      <trkpt lon="-117.164471" lat="32.897698"><ele>83.303897</ele><time>2024-08-28T02:48:15Z</time><extensions><speed>0.961936</speed><course>146.394373</course><hAcc>1.728136</hAcc><vAcc>0.957343</vAcc></extensions></trkpt>
      <trkpt lon="-117.164464" lat="32.897691"><ele>83.219390</ele><time>2024-08-28T02:48:16Z</time><extensions><speed>1.111866</speed><course>136.519608</course><hAcc>1.749992</hAcc><vAcc>0.953682</vAcc></extensions></trkpt>
      <trkpt lon="-117.164455" lat="32.897684"><ele>83.158078</ele><time>2024-08-28T02:48:17Z</time><extensions><speed>1.227472</speed><course>129.189037</course><hAcc>1.759573</hAcc><vAcc>0.949554</vAcc></extensions></trkpt>
      <trkpt lon="-117.164444" lat="32.897677"><ele>83.122381</ele><time>2024-08-28T02:48:18Z</time><extensions><speed>1.268859</speed><course>124.342289</course><hAcc>1.765966</hAcc><vAcc>0.944562</vAcc></extensions></trkpt>
      <trkpt lon="-117.164432" lat="32.897671"><ele>83.109168</ele><time>2024-08-28T02:48:19Z</time><extensions><speed>1.287589</speed><course>118.323360</course><hAcc>1.770645</hAcc><vAcc>0.940103</vAcc></extensions></trkpt>
      <trkpt lon="-117.164419" lat="32.897666"><ele>83.115261</ele><time>2024-08-28T02:48:20Z</time><extensions><speed>1.372471</speed><course>111.902746</course><hAcc>1.772605</hAcc><vAcc>0.936059</vAcc></extensions></trkpt>
      <trkpt lon="-117.164404" lat="32.897661"><ele>83.144406</ele><time>2024-08-28T02:48:21Z</time><extensions><speed>1.464521</speed><course>106.957101</course><hAcc>1.774267</hAcc><vAcc>0.932606</vAcc></extensions></trkpt>
      <trkpt lon="-117.164389" lat="32.897657"><ele>83.199103</ele><time>2024-08-28T02:48:22Z</time><extensions><speed>1.576618</speed><course>104.662575</course><hAcc>1.773202</hAcc><vAcc>0.929251</vAcc></extensions></trkpt>
      <trkpt lon="-117.164373" lat="32.897654"><ele>83.279127</ele><time>2024-08-28T02:48:23Z</time><extensions><speed>1.497138</speed><course>105.346047</course><hAcc>1.779360</hAcc><vAcc>0.926184</vAcc></extensions></trkpt>
      <trkpt lon="-117.164359" lat="32.897650"><ele>83.382680</ele><time>2024-08-28T02:48:24Z</time><extensions><speed>1.315189</speed><course>110.490971</course><hAcc>1.783877</hAcc><vAcc>0.922917</vAcc></extensions></trkpt>
      <trkpt lon="-117.164347" lat="32.897645"><ele>83.497018</ele><time>2024-08-28T02:48:25Z</time><extensions><speed>1.152130</speed><course>118.762888</course><hAcc>1.777690</hAcc><vAcc>0.920660</vAcc></extensions></trkpt>
      <trkpt lon="-117.164336" lat="32.897639"><ele>83.625436</ele><time>2024-08-28T02:48:26Z</time><extensions><speed>1.149289</speed><course>124.384534</course><hAcc>1.763090</hAcc><vAcc>0.918891</vAcc></extensions></trkpt>
      <trkpt lon="-117.164327" lat="32.897633"><ele>83.772360</ele><time>2024-08-28T02:48:27Z</time><extensions><speed>1.151503</speed><course>128.558825</course><hAcc>1.774162</hAcc><vAcc>0.917155</vAcc></extensions></trkpt>
      <trkpt lon="-117.164317" lat="32.897626"><ele>83.938225</ele><time>2024-08-28T02:48:28Z</time><extensions><speed>1.153240</speed><course>132.312671</course><hAcc>1.775141</hAcc><vAcc>0.915592</vAcc></extensions></trkpt>
      <trkpt lon="-117.164309" lat="32.897618"><ele>84.119425</ele><time>2024-08-28T02:48:29Z</time><extensions><speed>1.146427</speed><course>138.132822</course><hAcc>1.773301</hAcc><vAcc>0.913120</vAcc></extensions></trkpt>
      <trkpt lon="-117.164301" lat="32.897610"><ele>84.308069</ele><time>2024-08-28T02:48:30Z</time><extensions><speed>1.160185</speed><course>145.172650</course><hAcc>1.773690</hAcc><vAcc>0.911379</vAcc></extensions></trkpt>
      <trkpt lon="-117.164295" lat="32.897600"><ele>84.492802</ele><time>2024-08-28T02:48:31Z</time><extensions><speed>1.217683</speed><course>152.218413</course><hAcc>1.771281</hAcc><vAcc>0.909729</vAcc></extensions></trkpt>
      <trkpt lon="-117.164289" lat="32.897590"><ele>84.688051</ele><time>2024-08-28T02:48:32Z</time><extensions><speed>1.250835</speed><course>154.888187</course><hAcc>1.764816</hAcc><vAcc>0.908217</vAcc></extensions></trkpt>
      <trkpt lon="-117.164283" lat="32.897579"><ele>84.898148</ele><time>2024-08-28T02:48:33Z</time><extensions><speed>1.256361</speed><course>158.175487</course><hAcc>1.756793</hAcc><vAcc>0.907184</vAcc></extensions></trkpt>
      <trkpt lon="-117.164279" lat="32.897568"><ele>85.113395</ele><time>2024-08-28T02:48:34Z</time><extensions><speed>1.286954</speed><course>163.544094</course><hAcc>1.750564</hAcc><vAcc>0.905914</vAcc></extensions></trkpt>
      <trkpt lon="-117.164276" lat="32.897556"><ele>85.329988</ele><time>2024-08-28T02:48:35Z</time><extensions><speed>1.424607</speed><course>168.524478</course><hAcc>1.748438</hAcc><vAcc>0.904740</vAcc></extensions></trkpt>
      <trkpt lon="-117.164274" lat="32.897543"><ele>85.535620</ele><time>2024-08-28T02:48:36Z</time><extensions><speed>1.424235</speed><course>176.258010</course><hAcc>1.741653</hAcc><vAcc>0.902927</vAcc></extensions></trkpt>
      <trkpt lon="-117.164273" lat="32.897530"><ele>85.731741</ele><time>2024-08-28T02:48:37Z</time><extensions><speed>1.411058</speed><course>181.752935</course><hAcc>1.731569</hAcc><vAcc>0.900196</vAcc></extensions></trkpt>
      <trkpt lon="-117.164275" lat="32.897517"><ele>85.921515</ele><time>2024-08-28T02:48:38Z</time><extensions><speed>1.430475</speed><course>186.956330</course><hAcc>1.724260</hAcc><vAcc>0.897490</vAcc></extensions></trkpt>
      <trkpt lon="-117.164277" lat="32.897504"><ele>86.110902</ele><time>2024-08-28T02:48:39Z</time><extensions><speed>1.437505</speed><course>189.172046</course><hAcc>1.717981</hAcc><vAcc>0.895665</vAcc></extensions></trkpt>
      <trkpt lon="-117.164279" lat="32.897491"><ele>86.283420</ele><time>2024-08-28T02:48:40Z</time><extensions><speed>1.365952</speed><course>188.093318</course><hAcc>1.716232</hAcc><vAcc>0.893636</vAcc></extensions></trkpt>
      <trkpt lon="-117.164281" lat="32.897479"><ele>86.443774</ele><time>2024-08-28T02:48:41Z</time><extensions><speed>1.371772</speed><course>186.474976</course><hAcc>1.713719</hAcc><vAcc>0.891572</vAcc></extensions></trkpt>
      <trkpt lon="-117.164282" lat="32.897466"><ele>86.589816</ele><time>2024-08-28T02:48:42Z</time><extensions><speed>1.469848</speed><course>185.587137</course><hAcc>1.722204</hAcc><vAcc>0.890041</vAcc></extensions></trkpt>
      <trkpt lon="-117.164284" lat="32.897453"><ele>86.703917</ele><time>2024-08-28T02:48:43Z</time><extensions><speed>1.562716</speed><course>188.023931</course><hAcc>1.727113</hAcc><vAcc>0.888581</vAcc></extensions></trkpt>
      <trkpt lon="-117.164288" lat="32.897439"><ele>86.797068</ele><time>2024-08-28T02:48:44Z</time><extensions><speed>1.565286</speed><course>192.262424</course><hAcc>1.731869</hAcc><vAcc>0.887284</vAcc></extensions></trkpt>
      <trkpt lon="-117.164292" lat="32.897425"><ele>86.865926</ele><time>2024-08-28T02:48:45Z</time><extensions><speed>1.466866</speed><course>196.396634</course><hAcc>1.740969</hAcc><vAcc>0.887522</vAcc></extensions></trkpt>
      <trkpt lon="-117.164297" lat="32.897413"><ele>86.932466</ele><time>2024-08-28T02:48:46Z</time><extensions><speed>1.401577</speed><course>198.904959</course><hAcc>1.745391</hAcc><vAcc>0.888861</vAcc></extensions></trkpt>
      <trkpt lon="-117.164302" lat="32.897401"><ele>86.990606</ele><time>2024-08-28T02:48:47Z</time><extensions><speed>1.327009</speed><course>199.842542</course><hAcc>1.744319</hAcc><vAcc>0.892053</vAcc></extensions></trkpt>
      <trkpt lon="-117.164307" lat="32.897390"><ele>87.025048</ele><time>2024-08-28T02:48:48Z</time><extensions><speed>1.284054</speed><course>201.120460</course><hAcc>1.773127</hAcc><vAcc>0.896597</vAcc></extensions></trkpt>
      <trkpt lon="-117.164313" lat="32.897380"><ele>87.044855</ele><time>2024-08-28T02:48:49Z</time><extensions><speed>1.340461</speed><course>202.758360</course><hAcc>1.790187</hAcc><vAcc>0.902845</vAcc></extensions></trkpt>
      <trkpt lon="-117.164320" lat="32.897369"><ele>87.043233</ele><time>2024-08-28T02:48:50Z</time><extensions><speed>1.329968</speed><course>210.062409</course><hAcc>1.793187</hAcc><vAcc>0.909828</vAcc></extensions></trkpt>
      <trkpt lon="-117.164329" lat="32.897359"><ele>87.033105</ele><time>2024-08-28T02:48:51Z</time><extensions><speed>1.351516</speed><course>222.768521</course><hAcc>1.793526</hAcc><vAcc>0.917424</vAcc></extensions></trkpt>
      <trkpt lon="-117.164340" lat="32.897351"><ele>86.985075</ele><time>2024-08-28T02:48:52Z</time><extensions><speed>1.460686</speed><course>231.352487</course><hAcc>1.790230</hAcc><vAcc>0.926336</vAcc></extensions></trkpt>
      <trkpt lon="-117.164354" lat="32.897343"><ele>86.904326</ele><time>2024-08-28T02:48:53Z</time><extensions><speed>1.528217</speed><course>239.005155</course><hAcc>1.773763</hAcc><vAcc>0.934521</vAcc></extensions></trkpt>
      <trkpt lon="-117.164369" lat="32.897336"><ele>86.814969</ele><time>2024-08-28T02:48:54Z</time><extensions><speed>1.517877</speed><course>244.675696</course><hAcc>1.763904</hAcc><vAcc>0.944441</vAcc></extensions></trkpt>
      <trkpt lon="-117.164384" lat="32.897331"><ele>86.713200</ele><time>2024-08-28T02:48:55Z</time><extensions><speed>1.455273</speed><course>246.300993</course><hAcc>1.759132</hAcc><vAcc>0.955080</vAcc></extensions></trkpt>
      <trkpt lon="-117.164399" lat="32.897325"><ele>86.593023</ele><time>2024-08-28T02:48:56Z</time><extensions><speed>1.520754</speed><course>248.406110</course><hAcc>1.743611</hAcc><vAcc>0.964229</vAcc></extensions></trkpt>
      <trkpt lon="-117.164414" lat="32.897321"><ele>86.461773</ele><time>2024-08-28T02:48:57Z</time><extensions><speed>1.498266</speed><course>251.108991</course><hAcc>1.733234</hAcc><vAcc>0.973873</vAcc></extensions></trkpt>
      <trkpt lon="-117.164430" lat="32.897317"><ele>86.297805</ele><time>2024-08-28T02:48:58Z</time><extensions><speed>1.527840</speed><course>252.862984</course><hAcc>1.731037</hAcc><vAcc>0.981481</vAcc></extensions></trkpt>
      <trkpt lon="-117.164446" lat="32.897313"><ele>86.131546</ele><time>2024-08-28T02:48:59Z</time><extensions><speed>1.594268</speed><course>256.198823</course><hAcc>1.713992</hAcc><vAcc>0.989052</vAcc></extensions></trkpt>
      <trkpt lon="-117.164464" lat="32.897310"><ele>85.959388</ele><time>2024-08-28T02:49:00Z</time><extensions><speed>1.737154</speed><course>257.123294</course><hAcc>1.674028</hAcc><vAcc>0.995624</vAcc></extensions></trkpt>
      <trkpt lon="-117.164483" lat="32.897306"><ele>85.754575</ele><time>2024-08-28T02:49:01Z</time><extensions><speed>1.799054</speed><course>258.126243</course><hAcc>1.652780</hAcc><vAcc>0.999104</vAcc></extensions></trkpt>
      <trkpt lon="-117.164500" lat="32.897304"><ele>85.544356</ele><time>2024-08-28T02:49:02Z</time><extensions><speed>1.540886</speed><course>260.299154</course><hAcc>1.653534</hAcc><vAcc>1.002201</vAcc></extensions></trkpt>
      <trkpt lon="-117.164517" lat="32.897302"><ele>85.321454</ele><time>2024-08-28T02:49:03Z</time><extensions><speed>1.526632</speed><course>263.839306</course><hAcc>1.633417</hAcc><vAcc>1.004307</vAcc></extensions></trkpt>
      <trkpt lon="-117.164532" lat="32.897301"><ele>85.103562</ele><time>2024-08-28T02:49:04Z</time><extensions><speed>1.274546</speed><course>267.694681</course><hAcc>1.646968</hAcc><vAcc>1.004941</vAcc></extensions></trkpt>
      <trkpt lon="-117.164545" lat="32.897302"><ele>84.867692</ele><time>2024-08-28T02:49:05Z</time><extensions><speed>1.189129</speed><course>275.263947</course><hAcc>1.628087</hAcc><vAcc>1.004286</vAcc></extensions></trkpt>
      <trkpt lon="-117.164558" lat="32.897304"><ele>84.639959</ele><time>2024-08-28T02:49:06Z</time><extensions><speed>1.260192</speed><course>282.865888</course><hAcc>1.608401</hAcc><vAcc>1.004304</vAcc></extensions></trkpt>
      <trkpt lon="-117.164571" lat="32.897307"><ele>84.415505</ele><time>2024-08-28T02:49:07Z</time><extensions><speed>1.402067</speed><course>290.077278</course><hAcc>1.613231</hAcc><vAcc>1.003341</vAcc></extensions></trkpt>
      <trkpt lon="-117.164586" lat="32.897313"><ele>84.167259</ele><time>2024-08-28T02:49:08Z</time><extensions><speed>1.589995</speed><course>297.786407</course><hAcc>1.600476</hAcc><vAcc>1.000959</vAcc></extensions></trkpt>
      <trkpt lon="-117.164600" lat="32.897320"><ele>83.925423</ele><time>2024-08-28T02:49:09Z</time><extensions><speed>1.528742</speed><course>300.235751</course><hAcc>1.609081</hAcc><vAcc>0.997818</vAcc></extensions></trkpt>
      <trkpt lon="-117.164614" lat="32.897327"><ele>83.662898</ele><time>2024-08-28T02:49:10Z</time><extensions><speed>1.395554</speed><course>300.106097</course><hAcc>1.616665</hAcc><vAcc>0.993865</vAcc></extensions></trkpt>
      <trkpt lon="-117.164626" lat="32.897334"><ele>83.420815</ele><time>2024-08-28T02:49:11Z</time><extensions><speed>1.431485</speed><course>306.669613</course><hAcc>1.603039</hAcc><vAcc>0.990199</vAcc></extensions></trkpt>
      <trkpt lon="-117.164638" lat="32.897343"><ele>83.205121</ele><time>2024-08-28T02:49:12Z</time><extensions><speed>1.458405</speed><course>313.782299</course><hAcc>1.607713</hAcc><vAcc>0.986794</vAcc></extensions></trkpt>
      <trkpt lon="-117.164648" lat="32.897352"><ele>82.997527</ele><time>2024-08-28T02:49:13Z</time><extensions><speed>1.382695</speed><course>320.707844</course><hAcc>1.613076</hAcc><vAcc>0.983560</vAcc></extensions></trkpt>
      <trkpt lon="-117.164657" lat="32.897362"><ele>82.793478</ele><time>2024-08-28T02:49:14Z</time><extensions><speed>1.315020</speed><course>326.327072</course><hAcc>1.620751</hAcc><vAcc>0.981194</vAcc></extensions></trkpt>
      <trkpt lon="-117.164665" lat="32.897372"><ele>82.583595</ele><time>2024-08-28T02:49:15Z</time><extensions><speed>1.352758</speed><course>329.185621</course><hAcc>1.628482</hAcc><vAcc>0.979939</vAcc></extensions></trkpt>
      <trkpt lon="-117.164672" lat="32.897383"><ele>82.373852</ele><time>2024-08-28T02:49:16Z</time><extensions><speed>1.451084</speed><course>331.109128</course><hAcc>1.637074</hAcc><vAcc>0.979430</vAcc></extensions></trkpt>
      <trkpt lon="-117.164680" lat="32.897395"><ele>82.180443</ele><time>2024-08-28T02:49:17Z</time><extensions><speed>1.438008</speed><course>334.803371</course><hAcc>1.644982</hAcc><vAcc>0.979295</vAcc></extensions></trkpt>
      <trkpt lon="-117.164686" lat="32.897407"><ele>81.977288</ele><time>2024-08-28T02:49:18Z</time><extensions><speed>1.391576</speed><course>339.807811</course><hAcc>1.652375</hAcc><vAcc>0.979261</vAcc></extensions></trkpt>
      <trkpt lon="-117.164690" lat="32.897418"><ele>81.777492</ele><time>2024-08-28T02:49:19Z</time><extensions><speed>1.300915</speed><course>343.518224</course><hAcc>1.657819</hAcc><vAcc>0.979063</vAcc></extensions></trkpt>
      <trkpt lon="-117.164694" lat="32.897429"><ele>81.578167</ele><time>2024-08-28T02:49:20Z</time><extensions><speed>1.288812</speed><course>343.737765</course><hAcc>1.661958</hAcc><vAcc>0.978730</vAcc></extensions></trkpt>
      <trkpt lon="-117.164699" lat="32.897440"><ele>81.398427</ele><time>2024-08-28T02:49:21Z</time><extensions><speed>1.296202</speed><course>340.205048</course><hAcc>1.674295</hAcc><vAcc>0.980571</vAcc></extensions></trkpt>
      <trkpt lon="-117.164704" lat="32.897452"><ele>81.238065</ele><time>2024-08-28T02:49:22Z</time><extensions><speed>1.367951</speed><course>337.509065</course><hAcc>1.682392</hAcc><vAcc>0.983415</vAcc></extensions></trkpt>
      <trkpt lon="-117.164709" lat="32.897463"><ele>81.091346</ele><time>2024-08-28T02:49:23Z</time><extensions><speed>1.372565</speed><course>337.657217</course><hAcc>1.701728</hAcc><vAcc>0.987259</vAcc></extensions></trkpt>
      <trkpt lon="-117.164715" lat="32.897475"><ele>80.942759</ele><time>2024-08-28T02:49:24Z</time><extensions><speed>1.331492</speed><course>342.051906</course><hAcc>1.724267</hAcc><vAcc>0.991005</vAcc></extensions></trkpt>
      <trkpt lon="-117.164719" lat="32.897487"><ele>80.804711</ele><time>2024-08-28T02:49:25Z</time><extensions><speed>1.403554</speed><course>345.760742</course><hAcc>1.738940</hAcc><vAcc>0.993351</vAcc></extensions></trkpt>
      <trkpt lon="-117.164722" lat="32.897499"><ele>80.668368</ele><time>2024-08-28T02:49:26Z</time><extensions><speed>1.404206</speed><course>350.397757</course><hAcc>1.754054</hAcc><vAcc>0.994557</vAcc></extensions></trkpt>
      <trkpt lon="-117.164724" lat="32.897512"><ele>80.546487</ele><time>2024-08-28T02:49:27Z</time><extensions><speed>1.387778</speed><course>353.242623</course><hAcc>1.768866</hAcc><vAcc>0.994906</vAcc></extensions></trkpt>
      <trkpt lon="-117.164726" lat="32.897524"><ele>80.417629</ele><time>2024-08-28T02:49:28Z</time><extensions><speed>1.361748</speed><course>354.905992</course><hAcc>1.781502</hAcc><vAcc>0.994446</vAcc></extensions></trkpt>
      <trkpt lon="-117.164727" lat="32.897537"><ele>80.303850</ele><time>2024-08-28T02:49:29Z</time><extensions><speed>1.367417</speed><course>356.782871</course><hAcc>1.790593</hAcc><vAcc>0.996918</vAcc></extensions></trkpt>
      <trkpt lon="-117.164728" lat="32.897549"><ele>80.208131</ele><time>2024-08-28T02:49:30Z</time><extensions><speed>1.399903</speed><course>357.961066</course><hAcc>1.800934</hAcc><vAcc>1.000318</vAcc></extensions></trkpt>
      <trkpt lon="-117.164729" lat="32.897562"><ele>80.120983</ele><time>2024-08-28T02:49:31Z</time><extensions><speed>1.386882</speed><course>357.424198</course><hAcc>1.815086</hAcc><vAcc>1.003150</vAcc></extensions></trkpt>
      <trkpt lon="-117.164729" lat="32.897574"><ele>80.038674</ele><time>2024-08-28T02:49:32Z</time><extensions><speed>1.340378</speed><course>357.737643</course><hAcc>1.825227</hAcc><vAcc>1.005796</vAcc></extensions></trkpt>
      <trkpt lon="-117.164730" lat="32.897586"><ele>79.953734</ele><time>2024-08-28T02:49:33Z</time><extensions><speed>1.260771</speed><course>356.807315</course><hAcc>1.832589</hAcc><vAcc>1.008601</vAcc></extensions></trkpt>
      <trkpt lon="-117.164731" lat="32.897597"><ele>79.862865</ele><time>2024-08-28T02:49:34Z</time><extensions><speed>1.204103</speed><course>354.091892</course><hAcc>1.838687</hAcc><vAcc>1.011988</vAcc></extensions></trkpt>
      <trkpt lon="-117.164732" lat="32.897608"><ele>79.786742</ele><time>2024-08-28T02:49:35Z</time><extensions><speed>1.212913</speed><course>352.974129</course><hAcc>1.843426</hAcc><vAcc>1.016041</vAcc></extensions></trkpt>
      <trkpt lon="-117.164733" lat="32.897620"><ele>79.710595</ele><time>2024-08-28T02:49:36Z</time><extensions><speed>1.335256</speed><course>355.248564</course><hAcc>1.849015</hAcc><vAcc>1.021019</vAcc></extensions></trkpt>
      <trkpt lon="-117.164734" lat="32.897632"><ele>79.628278</ele><time>2024-08-28T02:49:37Z</time><extensions><speed>1.424734</speed><course>358.585688</course><hAcc>1.855792</hAcc><vAcc>1.026072</vAcc></extensions></trkpt>
      <trkpt lon="-117.164734" lat="32.897645"><ele>79.549577</ele><time>2024-08-28T02:49:38Z</time><extensions><speed>1.486587</speed><course>1.764790</course><hAcc>1.869569</hAcc><vAcc>1.030732</vAcc></extensions></trkpt>
      <trkpt lon="-117.164733" lat="32.897659"><ele>79.475482</ele><time>2024-08-28T02:49:39Z</time><extensions><speed>1.456759</speed><course>6.117807</course><hAcc>1.885581</hAcc><vAcc>1.036452</vAcc></extensions></trkpt>
      <trkpt lon="-117.164730" lat="32.897672"><ele>79.404602</ele><time>2024-08-28T02:49:40Z</time><extensions><speed>1.429574</speed><course>8.400848</course><hAcc>1.888176</hAcc><vAcc>1.043167</vAcc></extensions></trkpt>
      <trkpt lon="-117.164728" lat="32.897684"><ele>79.343649</ele><time>2024-08-28T02:49:41Z</time><extensions><speed>1.381455</speed><course>11.465364</course><hAcc>1.892421</hAcc><vAcc>1.051729</vAcc></extensions></trkpt>
      <trkpt lon="-117.164724" lat="32.897696"><ele>79.295090</ele><time>2024-08-28T02:49:42Z</time><extensions><speed>1.343993</speed><course>16.462541</course><hAcc>1.901626</hAcc><vAcc>1.060252</vAcc></extensions></trkpt>
      <trkpt lon="-117.164719" lat="32.897707"><ele>79.276911</ele><time>2024-08-28T02:49:43Z</time><extensions><speed>1.295935</speed><course>21.977443</course><hAcc>1.906571</hAcc><vAcc>1.068526</vAcc></extensions></trkpt>
      <trkpt lon="-117.164713" lat="32.897718"><ele>79.268224</ele><time>2024-08-28T02:49:44Z</time><extensions><speed>1.309040</speed><course>26.760095</course><hAcc>1.909855</hAcc><vAcc>1.076327</vAcc></extensions></trkpt>
      <trkpt lon="-117.164707" lat="32.897729"><ele>79.261877</ele><time>2024-08-28T02:49:45Z</time><extensions><speed>1.312327</speed><course>27.010667</course><hAcc>1.908965</hAcc><vAcc>1.084677</vAcc></extensions></trkpt>
      <trkpt lon="-117.164701" lat="32.897740"><ele>79.255647</ele><time>2024-08-28T02:49:46Z</time><extensions><speed>1.272368</speed><course>24.248670</course><hAcc>1.910606</hAcc><vAcc>1.092064</vAcc></extensions></trkpt>
      <trkpt lon="-117.164695" lat="32.897750"><ele>79.253785</ele><time>2024-08-28T02:49:47Z</time><extensions><speed>1.249279</speed><course>22.531391</course><hAcc>1.912042</hAcc><vAcc>1.099433</vAcc></extensions></trkpt>
      <trkpt lon="-117.164690" lat="32.897761"><ele>79.271513</ele><time>2024-08-28T02:49:48Z</time><extensions><speed>1.309935</speed><course>19.404701</course><hAcc>1.911872</hAcc><vAcc>1.108440</vAcc></extensions></trkpt>
      <trkpt lon="-117.164685" lat="32.897773"><ele>79.300493</ele><time>2024-08-28T02:49:49Z</time><extensions><speed>1.410971</speed><course>16.404600</course><hAcc>1.913020</hAcc><vAcc>1.117120</vAcc></extensions></trkpt>
      <trkpt lon="-117.164681" lat="32.897786"><ele>79.320467</ele><time>2024-08-28T02:49:50Z</time><extensions><speed>1.481505</speed><course>16.113751</course><hAcc>1.929290</hAcc><vAcc>1.124717</vAcc></extensions></trkpt>
      <trkpt lon="-117.164676" lat="32.897799"><ele>79.342249</ele><time>2024-08-28T02:49:51Z</time><extensions><speed>1.476887</speed><course>16.249435</course><hAcc>1.957111</hAcc><vAcc>1.131243</vAcc></extensions></trkpt>
      <trkpt lon="-117.164671" lat="32.897812"><ele>79.375361</ele><time>2024-08-28T02:49:52Z</time><extensions><speed>1.521203</speed><course>20.904416</course><hAcc>1.930763</hAcc><vAcc>1.136103</vAcc></extensions></trkpt>
      <trkpt lon="-117.164664" lat="32.897825"><ele>79.424274</ele><time>2024-08-28T02:49:53Z</time><extensions><speed>1.511549</speed><course>24.554003</course><hAcc>1.912401</hAcc><vAcc>1.138865</vAcc></extensions></trkpt>
      <trkpt lon="-117.164658" lat="32.897838"><ele>79.489295</ele><time>2024-08-28T02:49:54Z</time><extensions><speed>1.409001</speed><course>25.999337</course><hAcc>1.911054</hAcc><vAcc>1.142551</vAcc></extensions></trkpt>
      <trkpt lon="-117.164651" lat="32.897849"><ele>79.571072</ele><time>2024-08-28T02:49:55Z</time><extensions><speed>1.389659</speed><course>27.260497</course><hAcc>1.911026</hAcc><vAcc>1.143028</vAcc></extensions></trkpt>
      <trkpt lon="-117.164644" lat="32.897861"><ele>79.658311</ele><time>2024-08-28T02:49:56Z</time><extensions><speed>1.418273</speed><course>26.898040</course><hAcc>1.904141</hAcc><vAcc>1.141281</vAcc></extensions></trkpt>
      <trkpt lon="-117.164637" lat="32.897873"><ele>79.750260</ele><time>2024-08-28T02:49:57Z</time><extensions><speed>1.455334</speed><course>26.824147</course><hAcc>1.906842</hAcc><vAcc>1.137269</vAcc></extensions></trkpt>
      <trkpt lon="-117.164630" lat="32.897885"><ele>79.842256</ele><time>2024-08-28T02:49:58Z</time><extensions><speed>1.491361</speed><course>26.435620</course><hAcc>1.922572</hAcc><vAcc>1.132284</vAcc></extensions></trkpt>
      <trkpt lon="-117.164623" lat="32.897898"><ele>79.948506</ele><time>2024-08-28T02:49:59Z</time><extensions><speed>1.534344</speed><course>26.536165</course><hAcc>1.899227</hAcc><vAcc>1.125905</vAcc></extensions></trkpt>
      <trkpt lon="-117.164615" lat="32.897910"><ele>80.058091</ele><time>2024-08-28T02:50:00Z</time><extensions><speed>1.530419</speed><course>27.747978</course><hAcc>1.868645</hAcc><vAcc>1.118603</vAcc></extensions></trkpt>
      <trkpt lon="-117.164607" lat="32.897922"><ele>80.173586</ele><time>2024-08-28T02:50:01Z</time><extensions><speed>1.500461</speed><course>30.743211</course><hAcc>1.858037</hAcc><vAcc>1.111661</vAcc></extensions></trkpt>
      <trkpt lon="-117.164599" lat="32.897934"><ele>80.291093</ele><time>2024-08-28T02:50:02Z</time><extensions><speed>1.529152</speed><course>29.469078</course><hAcc>1.860309</hAcc><vAcc>1.106762</vAcc></extensions></trkpt>
      <trkpt lon="-117.164590" lat="32.897946"><ele>80.427593</ele><time>2024-08-28T02:50:03Z</time><extensions><speed>1.596892</speed><course>27.166956</course><hAcc>1.842159</hAcc><vAcc>1.100386</vAcc></extensions></trkpt>
      <trkpt lon="-117.164582" lat="32.897958"><ele>80.551428</ele><time>2024-08-28T02:50:04Z</time><extensions><speed>1.523210</speed><course>27.925117</course><hAcc>1.835848</hAcc><vAcc>1.095482</vAcc></extensions></trkpt>
      <trkpt lon="-117.164574" lat="32.897969"><ele>80.691595</ele><time>2024-08-28T02:50:05Z</time><extensions><speed>1.439851</speed><course>31.291922</course><hAcc>1.817549</hAcc><vAcc>1.090427</vAcc></extensions></trkpt>
      <trkpt lon="-117.164565" lat="32.897980"><ele>80.862782</ele><time>2024-08-28T02:50:06Z</time><extensions><speed>1.364816</speed><course>33.927210</course><hAcc>1.804192</hAcc><vAcc>1.085205</vAcc></extensions></trkpt>
      <trkpt lon="-117.164556" lat="32.897990"><ele>81.019766</ele><time>2024-08-28T02:50:07Z</time><extensions><speed>1.389441</speed><course>34.723547</course><hAcc>1.792982</hAcc><vAcc>1.082548</vAcc></extensions></trkpt>
      <trkpt lon="-117.164548" lat="32.898000"><ele>81.150639</ele><time>2024-08-28T02:50:08Z</time><extensions><speed>1.303187</speed><course>35.476568</course><hAcc>1.778848</hAcc><vAcc>1.080264</vAcc></extensions></trkpt>
      <trkpt lon="-117.164539" lat="32.898009"><ele>81.288311</ele><time>2024-08-28T02:50:09Z</time><extensions><speed>1.319327</speed><course>39.123026</course><hAcc>1.759038</hAcc><vAcc>1.079928</vAcc></extensions></trkpt>
      <trkpt lon="-117.164529" lat="32.898018"><ele>81.402885</ele><time>2024-08-28T02:50:10Z</time><extensions><speed>1.429216</speed><course>48.801600</course><hAcc>1.739117</hAcc><vAcc>1.080197</vAcc></extensions></trkpt>
      <trkpt lon="-117.164516" lat="32.898025"><ele>81.517747</ele><time>2024-08-28T02:50:11Z</time><extensions><speed>1.517079</speed><course>57.693793</course><hAcc>1.734583</hAcc><vAcc>1.080972</vAcc></extensions></trkpt>
      <trkpt lon="-117.164503" lat="32.898031"><ele>81.629918</ele><time>2024-08-28T02:50:12Z</time><extensions><speed>1.380729</speed><course>67.598234</course><hAcc>1.754012</hAcc><vAcc>1.082021</vAcc></extensions></trkpt>
      <trkpt lon="-117.164488" lat="32.898035"><ele>81.736847</ele><time>2024-08-28T02:50:13Z</time><extensions><speed>1.531951</speed><course>75.655977</course><hAcc>1.726769</hAcc><vAcc>1.081495</vAcc></extensions></trkpt>
      <trkpt lon="-117.164472" lat="32.898038"><ele>81.833272</ele><time>2024-08-28T02:50:14Z</time><extensions><speed>1.416626</speed><course>77.001429</course><hAcc>1.732734</hAcc><vAcc>1.079727</vAcc></extensions></trkpt>
      <trkpt lon="-117.164458" lat="32.898042"><ele>81.902586</ele><time>2024-08-28T02:50:15Z</time><extensions><speed>1.422146</speed><course>75.358767</course><hAcc>1.718160</hAcc><vAcc>1.077229</vAcc></extensions></trkpt>
      <trkpt lon="-117.164443" lat="32.898045"><ele>81.970373</ele><time>2024-08-28T02:50:16Z</time><extensions><speed>1.439534</speed><course>72.600666</course><hAcc>1.716269</hAcc><vAcc>1.074537</vAcc></extensions></trkpt>
      <trkpt lon="-117.164428" lat="32.898049"><ele>82.039844</ele><time>2024-08-28T02:50:17Z</time><extensions><speed>1.395502</speed><course>71.923567</course><hAcc>1.736829</hAcc><vAcc>1.071143</vAcc></extensions></trkpt>
      <trkpt lon="-117.164414" lat="32.898053"><ele>82.107123</ele><time>2024-08-28T02:50:18Z</time><extensions><speed>1.335699</speed><course>72.610034</course><hAcc>1.743914</hAcc><vAcc>1.066581</vAcc></extensions></trkpt>
      <trkpt lon="-117.164401" lat="32.898057"><ele>82.160303</ele><time>2024-08-28T02:50:19Z</time><extensions><speed>1.342666</speed><course>73.468537</course><hAcc>1.752215</hAcc><vAcc>1.060569</vAcc></extensions></trkpt>
      <trkpt lon="-117.164387" lat="32.898060"><ele>82.212972</ele><time>2024-08-28T02:50:20Z</time><extensions><speed>1.258097</speed><course>72.830571</course><hAcc>1.758254</hAcc><vAcc>1.054195</vAcc></extensions></trkpt>
      <trkpt lon="-117.164375" lat="32.898063"><ele>82.274537</ele><time>2024-08-28T02:50:21Z</time><extensions><speed>1.190040</speed><course>72.154879</course><hAcc>1.761479</hAcc><vAcc>1.047383</vAcc></extensions></trkpt>
      <trkpt lon="-117.164363" lat="32.898067"><ele>82.348126</ele><time>2024-08-28T02:50:22Z</time><extensions><speed>1.178588</speed><course>70.711603</course><hAcc>1.761096</hAcc><vAcc>1.040875</vAcc></extensions></trkpt>
      <trkpt lon="-117.164351" lat="32.898070"><ele>82.411713</ele><time>2024-08-28T02:50:23Z</time><extensions><speed>1.173658</speed><course>70.806025</course><hAcc>1.757905</hAcc><vAcc>1.035569</vAcc></extensions></trkpt>
      <trkpt lon="-117.164339" lat="32.898074"><ele>82.470460</ele><time>2024-08-28T02:50:24Z</time><extensions><speed>1.139703</speed><course>72.159367</course><hAcc>1.759172</hAcc><vAcc>1.031040</vAcc></extensions></trkpt>
      <trkpt lon="-117.164328" lat="32.898078"><ele>82.525424</ele><time>2024-08-28T02:50:25Z</time><extensions><speed>1.232816</speed><course>64.690856</course><hAcc>1.761148</hAcc><vAcc>1.027297</vAcc></extensions></trkpt>
      <trkpt lon="-117.164315" lat="32.898083"><ele>82.591094</ele><time>2024-08-28T02:50:26Z</time><extensions><speed>1.300622</speed><course>61.681850</course><hAcc>1.763293</hAcc><vAcc>1.023977</vAcc></extensions></trkpt>
      <trkpt lon="-117.164303" lat="32.898089"><ele>82.690592</ele><time>2024-08-28T02:50:27Z</time><extensions><speed>1.311401</speed><course>58.031349</course><hAcc>1.766737</hAcc><vAcc>1.021961</vAcc></extensions></trkpt>
      <trkpt lon="-117.164291" lat="32.898095"><ele>82.804375</ele><time>2024-08-28T02:50:28Z</time><extensions><speed>1.270848</speed><course>55.831392</course><hAcc>1.771423</hAcc><vAcc>1.022636</vAcc></extensions></trkpt>
      <trkpt lon="-117.164280" lat="32.898102"><ele>82.943985</ele><time>2024-08-28T02:50:29Z</time><extensions><speed>1.228948</speed><course>52.098251</course><hAcc>1.778729</hAcc><vAcc>1.024732</vAcc></extensions></trkpt>
      <trkpt lon="-117.164270" lat="32.898110"><ele>83.107758</ele><time>2024-08-28T02:50:30Z</time><extensions><speed>1.220419</speed><course>45.295202</course><hAcc>1.789017</hAcc><vAcc>1.027466</vAcc></extensions></trkpt>
      <trkpt lon="-117.164261" lat="32.898118"><ele>83.275572</ele><time>2024-08-28T02:50:31Z</time><extensions><speed>1.214488</speed><course>39.716759</course><hAcc>1.796633</hAcc><vAcc>1.031652</vAcc></extensions></trkpt>
      <trkpt lon="-117.164252" lat="32.898127"><ele>83.442142</ele><time>2024-08-28T02:50:32Z</time><extensions><speed>1.311746</speed><course>41.302587</course><hAcc>1.804661</hAcc><vAcc>1.034252</vAcc></extensions></trkpt>
      <trkpt lon="-117.164243" lat="32.898135"><ele>83.622926</ele><time>2024-08-28T02:50:33Z</time><extensions><speed>1.321947</speed><course>44.493436</course><hAcc>1.816744</hAcc><vAcc>1.038954</vAcc></extensions></trkpt>
      <trkpt lon="-117.164232" lat="32.898144"><ele>83.818665</ele><time>2024-08-28T02:50:34Z</time><extensions><speed>1.340472</speed><course>47.610964</course><hAcc>1.814900</hAcc><vAcc>1.044856</vAcc></extensions></trkpt>
      <trkpt lon="-117.164222" lat="32.898152"><ele>84.038701</ele><time>2024-08-28T02:50:35Z</time><extensions><speed>1.351188</speed><course>43.588868</course><hAcc>1.800207</hAcc><vAcc>1.051166</vAcc></extensions></trkpt>
      <trkpt lon="-117.164213" lat="32.898162"><ele>84.271384</ele><time>2024-08-28T02:50:36Z</time><extensions><speed>1.339830</speed><course>37.770183</course><hAcc>1.788764</hAcc><vAcc>1.058196</vAcc></extensions></trkpt>
      <trkpt lon="-117.164204" lat="32.898172"><ele>84.514562</ele><time>2024-08-28T02:50:37Z</time><extensions><speed>1.380472</speed><course>36.577840</course><hAcc>1.796815</hAcc><vAcc>1.066712</vAcc></extensions></trkpt>
      <trkpt lon="-117.164196" lat="32.898182"><ele>84.754522</ele><time>2024-08-28T02:50:38Z</time><extensions><speed>1.350517</speed><course>34.493548</course><hAcc>1.818755</hAcc><vAcc>1.074528</vAcc></extensions></trkpt>
      <trkpt lon="-117.164187" lat="32.898192"><ele>84.992359</ele><time>2024-08-28T02:50:39Z</time><extensions><speed>1.453162</speed><course>34.445035</course><hAcc>1.792532</hAcc><vAcc>1.082896</vAcc></extensions></trkpt>
      <trkpt lon="-117.164178" lat="32.898203"><ele>85.244046</ele><time>2024-08-28T02:50:40Z</time><extensions><speed>1.442321</speed><course>37.989726</course><hAcc>1.785323</hAcc><vAcc>1.091137</vAcc></extensions></trkpt>
      <trkpt lon="-117.164169" lat="32.898212"><ele>85.520676</ele><time>2024-08-28T02:50:41Z</time><extensions><speed>1.318952</speed><course>38.889993</course><hAcc>1.796055</hAcc><vAcc>1.098425</vAcc></extensions></trkpt>
      <trkpt lon="-117.164161" lat="32.898221"><ele>85.807324</ele><time>2024-08-28T02:50:42Z</time><extensions><speed>1.146850</speed><course>34.066292</course><hAcc>1.796563</hAcc><vAcc>1.107859</vAcc></extensions></trkpt>
      <trkpt lon="-117.164154" lat="32.898230"><ele>86.083138</ele><time>2024-08-28T02:50:43Z</time><extensions><speed>1.161592</speed><course>28.221207</course><hAcc>1.818197</hAcc><vAcc>1.115763</vAcc></extensions></trkpt>
      <trkpt lon="-117.164149" lat="32.898240"><ele>86.365701</ele><time>2024-08-28T02:50:44Z</time><extensions><speed>1.220739</speed><course>26.130857</course><hAcc>1.834630</hAcc><vAcc>1.123726</vAcc></extensions></trkpt>
      <trkpt lon="-117.164143" lat="32.898250"><ele>86.634206</ele><time>2024-08-28T02:50:45Z</time><extensions><speed>1.265840</speed><course>24.321305</course><hAcc>1.836473</hAcc><vAcc>1.129610</vAcc></extensions></trkpt>
      <trkpt lon="-117.164137" lat="32.898261"><ele>86.893192</ele><time>2024-08-28T02:50:46Z</time><extensions><speed>1.243820</speed><course>25.620669</course><hAcc>1.832656</hAcc><vAcc>1.133271</vAcc></extensions></trkpt>
      <trkpt lon="-117.164131" lat="32.898270"><ele>87.158534</ele><time>2024-08-28T02:50:47Z</time><extensions><speed>1.154778</speed><course>28.550364</course><hAcc>1.826115</hAcc><vAcc>1.134573</vAcc></extensions></trkpt>
      <trkpt lon="-117.164125" lat="32.898279"><ele>87.441786</ele><time>2024-08-28T02:50:48Z</time><extensions><speed>1.056313</speed><course>35.837213</course><hAcc>1.814093</hAcc><vAcc>1.137634</vAcc></extensions></trkpt>
      <trkpt lon="-117.164119" lat="32.898287"><ele>87.722983</ele><time>2024-08-28T02:50:49Z</time><extensions><speed>1.058215</speed><course>35.899733</course><hAcc>1.797539</hAcc><vAcc>1.137262</vAcc></extensions></trkpt>
      <trkpt lon="-117.164112" lat="32.898295"><ele>87.993389</ele><time>2024-08-28T02:50:50Z</time><extensions><speed>1.041063</speed><course>32.621559</course><hAcc>1.777219</hAcc><vAcc>1.136533</vAcc></extensions></trkpt>
      <trkpt lon="-117.164107" lat="32.898303"><ele>88.258728</ele><time>2024-08-28T02:50:51Z</time><extensions><speed>1.148928</speed><course>27.159527</course><hAcc>1.749063</hAcc><vAcc>1.133518</vAcc></extensions></trkpt>
      <trkpt lon="-117.164101" lat="32.898313"><ele>88.512952</ele><time>2024-08-28T02:50:52Z</time><extensions><speed>1.194709</speed><course>24.755715</course><hAcc>1.749074</hAcc><vAcc>1.129788</vAcc></extensions></trkpt>
      <trkpt lon="-117.164096" lat="32.898323"><ele>88.754564</ele><time>2024-08-28T02:50:53Z</time><extensions><speed>1.179625</speed><course>26.688271</course><hAcc>1.763198</hAcc><vAcc>1.124776</vAcc></extensions></trkpt>
      <trkpt lon="-117.164090" lat="32.898332"><ele>88.988857</ele><time>2024-08-28T02:50:54Z</time><extensions><speed>0.973366</speed><course>29.002037</course><hAcc>1.753260</hAcc><vAcc>1.121302</vAcc></extensions></trkpt>
      <trkpt lon="-117.164085" lat="32.898340"><ele>89.205801</ele><time>2024-08-28T02:50:55Z</time><extensions><speed>1.060614</speed><course>27.901957</course><hAcc>1.691195</hAcc><vAcc>1.113737</vAcc></extensions></trkpt>
      <trkpt lon="-117.164079" lat="32.898349"><ele>89.399136</ele><time>2024-08-28T02:50:56Z</time><extensions><speed>1.198450</speed><course>27.296645</course><hAcc>1.671432</hAcc><vAcc>1.102986</vAcc></extensions></trkpt>
      <trkpt lon="-117.164073" lat="32.898359"><ele>89.566289</ele><time>2024-08-28T02:50:57Z</time><extensions><speed>1.371578</speed><course>25.841793</course><hAcc>1.662911</hAcc><vAcc>1.093986</vAcc></extensions></trkpt>
      <trkpt lon="-117.164067" lat="32.898371"><ele>89.721890</ele><time>2024-08-28T02:50:58Z</time><extensions><speed>1.391797</speed><course>23.979289</course><hAcc>1.650795</hAcc><vAcc>1.083437</vAcc></extensions></trkpt>
      <trkpt lon="-117.164062" lat="32.898382"><ele>89.860449</ele><time>2024-08-28T02:50:59Z</time><extensions><speed>1.272787</speed><course>24.562560</course><hAcc>1.637305</hAcc><vAcc>1.074281</vAcc></extensions></trkpt>
      <trkpt lon="-117.164057" lat="32.898391"><ele>90.001604</ele><time>2024-08-28T02:51:00Z</time><extensions><speed>0.997779</speed><course>25.983766</course><hAcc>1.656774</hAcc><vAcc>1.065475</vAcc></extensions></trkpt>
      <trkpt lon="-117.164052" lat="32.898399"><ele>90.123117</ele><time>2024-08-28T02:51:01Z</time><extensions><speed>1.043576</speed><course>27.324395</course><hAcc>1.605991</hAcc><vAcc>1.056555</vAcc></extensions></trkpt>
      <trkpt lon="-117.164046" lat="32.898408"><ele>90.237921</ele><time>2024-08-28T02:51:02Z</time><extensions><speed>1.237819</speed><course>27.370161</course><hAcc>1.577840</hAcc><vAcc>1.048073</vAcc></extensions></trkpt>
      <trkpt lon="-117.164040" lat="32.898419"><ele>90.334298</ele><time>2024-08-28T02:51:03Z</time><extensions><speed>1.399536</speed><course>26.989161</course><hAcc>1.585535</hAcc><vAcc>1.041656</vAcc></extensions></trkpt>
      <trkpt lon="-117.164033" lat="32.898430"><ele>90.414176</ele><time>2024-08-28T02:51:04Z</time><extensions><speed>1.304279</speed><course>26.805106</course><hAcc>1.611548</hAcc><vAcc>1.035756</vAcc></extensions></trkpt>
      <trkpt lon="-117.164028" lat="32.898441"><ele>90.494373</ele><time>2024-08-28T02:51:05Z</time><extensions><speed>1.275500</speed><course>25.294225</course><hAcc>1.586200</hAcc><vAcc>1.029888</vAcc></extensions></trkpt>
      <trkpt lon="-117.164022" lat="32.898451"><ele>90.572720</ele><time>2024-08-28T02:51:06Z</time><extensions><speed>1.231954</speed><course>22.449991</course><hAcc>1.583383</hAcc><vAcc>1.024824</vAcc></extensions></trkpt>
      <trkpt lon="-117.164018" lat="32.898461"><ele>90.652021</ele><time>2024-08-28T02:51:07Z</time><extensions><speed>1.246018</speed><course>19.636889</course><hAcc>1.600001</hAcc><vAcc>1.021726</vAcc></extensions></trkpt>
      <trkpt lon="-117.164014" lat="32.898472"><ele>90.720491</ele><time>2024-08-28T02:51:08Z</time><extensions><speed>1.202991</speed><course>17.017824</course><hAcc>1.615497</hAcc><vAcc>1.019936</vAcc></extensions></trkpt>
      <trkpt lon="-117.164010" lat="32.898483"><ele>90.776928</ele><time>2024-08-28T02:51:09Z</time><extensions><speed>1.226172</speed><course>16.784718</course><hAcc>1.627530</hAcc><vAcc>1.019044</vAcc></extensions></trkpt>
      <trkpt lon="-117.164006" lat="32.898493"><ele>90.841433</ele><time>2024-08-28T02:51:10Z</time><extensions><speed>1.273125</speed><course>16.378551</course><hAcc>1.637765</hAcc><vAcc>1.018959</vAcc></extensions></trkpt>
      <trkpt lon="-117.164002" lat="32.898505"><ele>90.894928</ele><time>2024-08-28T02:51:11Z</time><extensions><speed>1.290379</speed><course>16.411763</course><hAcc>1.647768</hAcc><vAcc>1.019535</vAcc></extensions></trkpt>
      <trkpt lon="-117.163999" lat="32.898515"><ele>90.956848</ele><time>2024-08-28T02:51:12Z</time><extensions><speed>1.257657</speed><course>17.298724</course><hAcc>1.659081</hAcc><vAcc>1.019870</vAcc></extensions></trkpt>
      <trkpt lon="-117.163994" lat="32.898526"><ele>91.044817</ele><time>2024-08-28T02:51:13Z</time><extensions><speed>1.219206</speed><course>18.985075</course><hAcc>1.668927</hAcc><vAcc>1.020288</vAcc></extensions></trkpt>
      <trkpt lon="-117.163990" lat="32.898537"><ele>91.151536</ele><time>2024-08-28T02:51:14Z</time><extensions><speed>1.207054</speed><course>17.251080</course><hAcc>1.670640</hAcc><vAcc>1.019953</vAcc></extensions></trkpt>
      <trkpt lon="-117.163987" lat="32.898547"><ele>91.266237</ele><time>2024-08-28T02:51:15Z</time><extensions><speed>1.172831</speed><course>16.822565</course><hAcc>1.672890</hAcc><vAcc>1.020937</vAcc></extensions></trkpt>
      <trkpt lon="-117.163984" lat="32.898557"><ele>91.385562</ele><time>2024-08-28T02:51:16Z</time><extensions><speed>1.167750</speed><course>14.362931</course><hAcc>1.671263</hAcc><vAcc>1.019166</vAcc></extensions></trkpt>
      <trkpt lon="-117.163981" lat="32.898568"><ele>91.510204</ele><time>2024-08-28T02:51:17Z</time><extensions><speed>1.176839</speed><course>10.971981</course><hAcc>1.667687</hAcc><vAcc>1.015918</vAcc></extensions></trkpt>
      <trkpt lon="-117.163979" lat="32.898578"><ele>91.642768</ele><time>2024-08-28T02:51:18Z</time><extensions><speed>1.177776</speed><course>9.668572</course><hAcc>1.668668</hAcc><vAcc>1.011691</vAcc></extensions></trkpt>
      <trkpt lon="-117.163977" lat="32.898588"><ele>91.755691</ele><time>2024-08-28T02:51:19Z</time><extensions><speed>1.178126</speed><course>7.382764</course><hAcc>1.664581</hAcc><vAcc>1.006951</vAcc></extensions></trkpt>
      <trkpt lon="-117.163976" lat="32.898599"><ele>91.875984</ele><time>2024-08-28T02:51:20Z</time><extensions><speed>1.152552</speed><course>6.406225</course><hAcc>1.654280</hAcc><vAcc>1.001827</vAcc></extensions></trkpt>
      <trkpt lon="-117.163975" lat="32.898609"><ele>91.997475</ele><time>2024-08-28T02:51:21Z</time><extensions><speed>1.048190</speed><course>4.959873</course><hAcc>1.631281</hAcc><vAcc>0.996326</vAcc></extensions></trkpt>
      <trkpt lon="-117.163975" lat="32.898618"><ele>92.121046</ele><time>2024-08-28T02:51:22Z</time><extensions><speed>1.061965</speed><course>358.912257</course><hAcc>1.593167</hAcc><vAcc>0.992222</vAcc></extensions></trkpt>
      <trkpt lon="-117.163975" lat="32.898628"><ele>92.235110</ele><time>2024-08-28T02:51:23Z</time><extensions><speed>1.243780</speed><course>353.684110</course><hAcc>1.577659</hAcc><vAcc>0.988287</vAcc></extensions></trkpt>
      <trkpt lon="-117.163978" lat="32.898640"><ele>92.351903</ele><time>2024-08-28T02:51:24Z</time><extensions><speed>1.399695</speed><course>348.526794</course><hAcc>1.582250</hAcc><vAcc>0.984024</vAcc></extensions></trkpt>
      <trkpt lon="-117.163982" lat="32.898651"><ele>92.456848</ele><time>2024-08-28T02:51:25Z</time><extensions><speed>1.260712</speed><course>337.491554</course><hAcc>1.601993</hAcc><vAcc>0.980355</vAcc></extensions></trkpt>
      <trkpt lon="-117.163988" lat="32.898661"><ele>92.556110</ele><time>2024-08-28T02:51:26Z</time><extensions><speed>1.242197</speed><course>323.837464</course><hAcc>1.559989</hAcc><vAcc>0.977478</vAcc></extensions></trkpt>
      <trkpt lon="-117.163997" lat="32.898669"><ele>92.643650</ele><time>2024-08-28T02:51:27Z</time><extensions><speed>1.241248</speed><course>313.979279</course><hAcc>1.535134</hAcc><vAcc>0.975645</vAcc></extensions></trkpt>
      <trkpt lon="-117.164007" lat="32.898677"><ele>92.732014</ele><time>2024-08-28T02:51:28Z</time><extensions><speed>1.225688</speed><course>305.595426</course><hAcc>1.528740</hAcc><vAcc>0.976715</vAcc></extensions></trkpt>
      <trkpt lon="-117.164018" lat="32.898683"><ele>92.818929</ele><time>2024-08-28T02:51:29Z</time><extensions><speed>1.248647</speed><course>300.652106</course><hAcc>1.530150</hAcc><vAcc>0.979550</vAcc></extensions></trkpt>
      <trkpt lon="-117.164030" lat="32.898688"><ele>92.894052</ele><time>2024-08-28T02:51:30Z</time><extensions><speed>1.291328</speed><course>299.381439</course><hAcc>1.535736</hAcc><vAcc>0.983202</vAcc></extensions></trkpt>
      <trkpt lon="-117.164042" lat="32.898694"><ele>92.951880</ele><time>2024-08-28T02:51:31Z</time><extensions><speed>1.242833</speed><course>301.304993</course><hAcc>1.536779</hAcc><vAcc>0.988235</vAcc></extensions></trkpt>
      <trkpt lon="-117.164053" lat="32.898700"><ele>92.989966</ele><time>2024-08-28T02:51:32Z</time><extensions><speed>1.191133</speed><course>304.411460</course><hAcc>1.536215</hAcc><vAcc>0.994648</vAcc></extensions></trkpt>
      <trkpt lon="-117.164063" lat="32.898706"><ele>93.013078</ele><time>2024-08-28T02:51:33Z</time><extensions><speed>1.192779</speed><course>306.650883</course><hAcc>1.539286</hAcc><vAcc>1.002254</vAcc></extensions></trkpt>
      <trkpt lon="-117.164073" lat="32.898713"><ele>93.010912</ele><time>2024-08-28T02:51:34Z</time><extensions><speed>1.220694</speed><course>306.351406</course><hAcc>1.542708</hAcc><vAcc>1.009537</vAcc></extensions></trkpt>
      <trkpt lon="-117.164084" lat="32.898719"><ele>92.988902</ele><time>2024-08-28T02:51:35Z</time><extensions><speed>1.227989</speed><course>305.700863</course><hAcc>1.555303</hAcc><vAcc>1.016850</vAcc></extensions></trkpt>
      <trkpt lon="-117.164095" lat="32.898725"><ele>92.947476</ele><time>2024-08-28T02:51:36Z</time><extensions><speed>1.216549</speed><course>306.497146</course><hAcc>1.573789</hAcc><vAcc>1.022930</vAcc></extensions></trkpt>
      <trkpt lon="-117.164105" lat="32.898732"><ele>92.890700</ele><time>2024-08-28T02:51:37Z</time><extensions><speed>1.178216</speed><course>306.368132</course><hAcc>1.599655</hAcc><vAcc>1.029076</vAcc></extensions></trkpt>
      <trkpt lon="-117.164116" lat="32.898738"><ele>92.821062</ele><time>2024-08-28T02:51:38Z</time><extensions><speed>1.229896</speed><course>305.370248</course><hAcc>1.623889</hAcc><vAcc>1.034761</vAcc></extensions></trkpt>
      <trkpt lon="-117.164127" lat="32.898744"><ele>92.734650</ele><time>2024-08-28T02:51:39Z</time><extensions><speed>1.189051</speed><course>305.402091</course><hAcc>1.644452</hAcc><vAcc>1.038252</vAcc></extensions></trkpt>
      <trkpt lon="-117.164137" lat="32.898750"><ele>92.646242</ele><time>2024-08-28T02:51:40Z</time><extensions><speed>1.124620</speed><course>304.563533</course><hAcc>1.664286</hAcc><vAcc>1.039933</vAcc></extensions></trkpt>
      <trkpt lon="-117.164147" lat="32.898756"><ele>92.556469</ele><time>2024-08-28T02:51:41Z</time><extensions><speed>1.058669</speed><course>300.815889</course><hAcc>1.680127</hAcc><vAcc>1.040014</vAcc></extensions></trkpt>
      <trkpt lon="-117.164156" lat="32.898760"><ele>92.459494</ele><time>2024-08-28T02:51:42Z</time><extensions><speed>1.032252</speed><course>299.780502</course><hAcc>1.683781</hAcc><vAcc>1.039119</vAcc></extensions></trkpt>
      <trkpt lon="-117.164166" lat="32.898765"><ele>92.353961</ele><time>2024-08-28T02:51:43Z</time><extensions><speed>1.006294</speed><course>301.362221</course><hAcc>1.665186</hAcc><vAcc>1.035312</vAcc></extensions></trkpt>
      <trkpt lon="-117.164176" lat="32.898770"><ele>92.232928</ele><time>2024-08-28T02:51:44Z</time><extensions><speed>1.101167</speed><course>302.037859</course><hAcc>1.655076</hAcc><vAcc>1.030036</vAcc></extensions></trkpt>
      <trkpt lon="-117.164187" lat="32.898776"><ele>92.111848</ele><time>2024-08-28T02:51:45Z</time><extensions><speed>1.305131</speed><course>302.928854</course><hAcc>1.650619</hAcc><vAcc>1.023166</vAcc></extensions></trkpt>
      <trkpt lon="-117.164199" lat="32.898782"><ele>91.992995</ele><time>2024-08-28T02:51:46Z</time><extensions><speed>1.411039</speed><course>303.031778</course><hAcc>1.652162</hAcc><vAcc>1.015602</vAcc></extensions></trkpt>
      <trkpt lon="-117.164211" lat="32.898789"><ele>91.875921</ele><time>2024-08-28T02:51:47Z</time><extensions><speed>1.280666</speed><course>306.179873</course><hAcc>1.673099</hAcc><vAcc>1.006792</vAcc></extensions></trkpt>
      <trkpt lon="-117.164222" lat="32.898796"><ele>91.752802</ele><time>2024-08-28T02:51:48Z</time><extensions><speed>1.336018</speed><course>307.877894</course><hAcc>1.632689</hAcc><vAcc>0.998571</vAcc></extensions></trkpt>
      <trkpt lon="-117.164234" lat="32.898804"><ele>91.611242</ele><time>2024-08-28T02:51:49Z</time><extensions><speed>1.378858</speed><course>311.757704</course><hAcc>1.606980</hAcc><vAcc>0.989337</vAcc></extensions></trkpt>
      <trkpt lon="-117.164245" lat="32.898813"><ele>91.467182</ele><time>2024-08-28T02:51:50Z</time><extensions><speed>1.468537</speed><course>314.062594</course><hAcc>1.594006</hAcc><vAcc>0.979519</vAcc></extensions></trkpt>
      <trkpt lon="-117.164256" lat="32.898822"><ele>91.342573</ele><time>2024-08-28T02:51:51Z</time><extensions><speed>1.452332</speed><course>314.418852</course><hAcc>1.595185</hAcc><vAcc>0.970484</vAcc></extensions></trkpt>
      <trkpt lon="-117.164267" lat="32.898831"><ele>91.229036</ele><time>2024-08-28T02:51:52Z</time><extensions><speed>1.291719</speed><course>316.012799</course><hAcc>1.605520</hAcc><vAcc>0.961729</vAcc></extensions></trkpt>
      <trkpt lon="-117.164276" lat="32.898838"><ele>91.110460</ele><time>2024-08-28T02:51:53Z</time><extensions><speed>1.170134</speed><course>314.198975</course><hAcc>1.595985</hAcc><vAcc>0.952606</vAcc></extensions></trkpt>
      <trkpt lon="-117.164285" lat="32.898845"><ele>90.974891</ele><time>2024-08-28T02:51:54Z</time><extensions><speed>1.130468</speed><course>308.364156</course><hAcc>1.593898</hAcc><vAcc>0.943495</vAcc></extensions></trkpt>
      <trkpt lon="-117.164295" lat="32.898851"><ele>90.843929</ele><time>2024-08-28T02:51:55Z</time><extensions><speed>1.200262</speed><course>303.936363</course><hAcc>1.602661</hAcc><vAcc>0.936785</vAcc></extensions></trkpt>
      <trkpt lon="-117.164306" lat="32.898857"><ele>90.704769</ele><time>2024-08-28T02:51:56Z</time><extensions><speed>1.247994</speed><course>302.729274</course><hAcc>1.616899</hAcc><vAcc>0.931572</vAcc></extensions></trkpt>
      <trkpt lon="-117.164318" lat="32.898863"><ele>90.570197</ele><time>2024-08-28T02:51:57Z</time><extensions><speed>1.188069</speed><course>300.524001</course><hAcc>1.629885</hAcc><vAcc>0.927412</vAcc></extensions></trkpt>
      <trkpt lon="-117.164328" lat="32.898868"><ele>90.419097</ele><time>2024-08-28T02:51:58Z</time><extensions><speed>1.129612</speed><course>299.357200</course><hAcc>1.640924</hAcc><vAcc>0.923859</vAcc></extensions></trkpt>
      <trkpt lon="-117.164339" lat="32.898873"><ele>90.255118</ele><time>2024-08-28T02:51:59Z</time><extensions><speed>1.100128</speed><course>299.675606</course><hAcc>1.630228</hAcc><vAcc>0.921138</vAcc></extensions></trkpt>
      <trkpt lon="-117.164349" lat="32.898878"><ele>90.083313</ele><time>2024-08-28T02:52:00Z</time><extensions><speed>1.064354</speed><course>302.659048</course><hAcc>1.637422</hAcc><vAcc>0.919431</vAcc></extensions></trkpt>
      <trkpt lon="-117.164358" lat="32.898883"><ele>89.880892</ele><time>2024-08-28T02:52:01Z</time><extensions><speed>1.044380</speed><course>305.592593</course><hAcc>1.647562</hAcc><vAcc>0.918181</vAcc></extensions></trkpt>
      <trkpt lon="-117.164368" lat="32.898889"><ele>89.676389</ele><time>2024-08-28T02:52:02Z</time><extensions><speed>1.031427</speed><course>306.909355</course><hAcc>1.646992</hAcc><vAcc>0.917510</vAcc></extensions></trkpt>
      <trkpt lon="-117.164376" lat="32.898894"><ele>89.450095</ele><time>2024-08-28T02:52:03Z</time><extensions><speed>0.964633</speed><course>305.620408</course><hAcc>1.649475</hAcc><vAcc>0.917569</vAcc></extensions></trkpt>
      <trkpt lon="-117.164385" lat="32.898899"><ele>89.247731</ele><time>2024-08-28T02:52:04Z</time><extensions><speed>0.950639</speed><course>298.411770</course><hAcc>1.641193</hAcc><vAcc>0.918030</vAcc></extensions></trkpt>
      <trkpt lon="-117.164395" lat="32.898903"><ele>89.073828</ele><time>2024-08-28T02:52:05Z</time><extensions><speed>1.049055</speed><course>295.375642</course><hAcc>1.641261</hAcc><vAcc>0.919999</vAcc></extensions></trkpt>
      <trkpt lon="-117.164405" lat="32.898907"><ele>88.921299</ele><time>2024-08-28T02:52:06Z</time><extensions><speed>1.147416</speed><course>295.220012</course><hAcc>1.642041</hAcc><vAcc>0.922158</vAcc></extensions></trkpt>
      <trkpt lon="-117.164416" lat="32.898912"><ele>88.804593</ele><time>2024-08-28T02:52:07Z</time><extensions><speed>1.128490</speed><course>296.311386</course><hAcc>1.646231</hAcc><vAcc>0.924059</vAcc></extensions></trkpt>
      <trkpt lon="-117.164427" lat="32.898916"><ele>88.742995</ele><time>2024-08-28T02:52:08Z</time><extensions><speed>1.110525</speed><course>297.168334</course><hAcc>1.640426</hAcc><vAcc>0.925793</vAcc></extensions></trkpt>
      <trkpt lon="-117.164437" lat="32.898921"><ele>88.714397</ele><time>2024-08-28T02:52:09Z</time><extensions><speed>1.103956</speed><course>296.495265</course><hAcc>1.632922</hAcc><vAcc>0.928577</vAcc></extensions></trkpt>
      <trkpt lon="-117.164447" lat="32.898926"><ele>88.739230</ele><time>2024-08-28T02:52:10Z</time><extensions><speed>1.104864</speed><course>298.059355</course><hAcc>1.629048</hAcc><vAcc>0.931486</vAcc></extensions></trkpt>
      <trkpt lon="-117.164457" lat="32.898932"><ele>88.796250</ele><time>2024-08-28T02:52:11Z</time><extensions><speed>1.132011</speed><course>304.604374</course><hAcc>1.619338</hAcc><vAcc>0.936384</vAcc></extensions></trkpt>
      <trkpt lon="-117.164466" lat="32.898938"><ele>88.923788</ele><time>2024-08-28T02:52:12Z</time><extensions><speed>1.156754</speed><course>315.096819</course><hAcc>1.616737</hAcc><vAcc>0.941195</vAcc></extensions></trkpt>
      <trkpt lon="-117.164474" lat="32.898947"><ele>89.112700</ele><time>2024-08-28T02:52:13Z</time><extensions><speed>1.270429</speed><course>324.559420</course><hAcc>1.609842</hAcc><vAcc>0.946233</vAcc></extensions></trkpt>
      <trkpt lon="-117.164481" lat="32.898958"><ele>89.340519</ele><time>2024-08-28T02:52:14Z</time><extensions><speed>1.346195</speed><course>333.605248</course><hAcc>1.599848</hAcc><vAcc>0.953427</vAcc></extensions></trkpt>
      <trkpt lon="-117.164487" lat="32.898969"><ele>89.651305</ele><time>2024-08-28T02:52:15Z</time><extensions><speed>1.441193</speed><course>337.259566</course><hAcc>1.585546</hAcc><vAcc>0.960147</vAcc></extensions></trkpt>
      <trkpt lon="-117.164493" lat="32.898982"><ele>90.026259</ele><time>2024-08-28T02:52:16Z</time><extensions><speed>1.496206</speed><course>339.806466</course><hAcc>1.566198</hAcc><vAcc>0.968381</vAcc></extensions></trkpt>
      <trkpt lon="-117.164498" lat="32.898995"><ele>90.477259</ele><time>2024-08-28T02:52:17Z</time><extensions><speed>1.587614</speed><course>341.130456</course><hAcc>1.544218</hAcc><vAcc>0.976387</vAcc></extensions></trkpt>
      <trkpt lon="-117.164503" lat="32.899009"><ele>90.955128</ele><time>2024-08-28T02:52:18Z</time><extensions><speed>1.640038</speed><course>343.643093</course><hAcc>1.533904</hAcc><vAcc>0.984793</vAcc></extensions></trkpt>
      <trkpt lon="-117.164508" lat="32.899023"><ele>91.497302</ele><time>2024-08-28T02:52:19Z</time><extensions><speed>1.463405</speed><course>346.738015</course><hAcc>1.551728</hAcc><vAcc>0.991681</vAcc></extensions></trkpt>
      <trkpt lon="-117.164510" lat="32.899037"><ele>92.076237</ele><time>2024-08-28T02:52:20Z</time><extensions><speed>1.657922</speed><course>355.500648</course><hAcc>1.525972</hAcc><vAcc>0.995283</vAcc></extensions></trkpt>
      <trkpt lon="-117.164512" lat="32.899051"><ele>92.699282</ele><time>2024-08-28T02:52:21Z</time><extensions><speed>1.510236</speed><course>353.655505</course><hAcc>1.538243</hAcc><vAcc>0.998212</vAcc></extensions></trkpt>
      <trkpt lon="-117.164512" lat="32.899065"><ele>93.339193</ele><time>2024-08-28T02:52:22Z</time><extensions><speed>1.640479</speed><course>2.283223</course><hAcc>1.502335</hAcc><vAcc>0.998858</vAcc></extensions></trkpt>
      <trkpt lon="-117.164511" lat="32.899080"><ele>93.964772</ele><time>2024-08-28T02:52:23Z</time><extensions><speed>1.650296</speed><course>4.810129</course><hAcc>1.503818</hAcc><vAcc>0.999860</vAcc></extensions></trkpt>
      <trkpt lon="-117.164510" lat="32.899094"><ele>94.597442</ele><time>2024-08-28T02:52:24Z</time><extensions><speed>1.521173</speed><course>1.984774</course><hAcc>1.537336</hAcc><vAcc>0.997240</vAcc></extensions></trkpt>
      <trkpt lon="-117.164510" lat="32.899108"><ele>95.235960</ele><time>2024-08-28T02:52:25Z</time><extensions><speed>1.553348</speed><course>356.214778</course><hAcc>1.516031</hAcc><vAcc>0.995197</vAcc></extensions></trkpt>
      <trkpt lon="-117.164512" lat="32.899122"><ele>95.891074</ele><time>2024-08-28T02:52:26Z</time><extensions><speed>1.528016</speed><course>350.778450</course><hAcc>1.496352</hAcc><vAcc>0.990278</vAcc></extensions></trkpt>
      <trkpt lon="-117.164515" lat="32.899135"><ele>96.556238</ele><time>2024-08-28T02:52:27Z</time><extensions><speed>1.501102</speed><course>346.264217</course><hAcc>1.487078</hAcc><vAcc>0.982851</vAcc></extensions></trkpt>
      <trkpt lon="-117.164519" lat="32.899148"><ele>97.230925</ele><time>2024-08-28T02:52:28Z</time><extensions><speed>1.454428</speed><course>344.534149</course><hAcc>1.488162</hAcc><vAcc>0.973508</vAcc></extensions></trkpt>
      <trkpt lon="-117.164524" lat="32.899161"><ele>97.881051</ele><time>2024-08-28T02:52:29Z</time><extensions><speed>1.409358</speed><course>341.714058</course><hAcc>1.469587</hAcc><vAcc>0.962095</vAcc></extensions></trkpt>
      <trkpt lon="-117.164528" lat="32.899173"><ele>98.508886</ele><time>2024-08-28T02:52:30Z</time><extensions><speed>1.420314</speed><course>343.327401</course><hAcc>1.443718</hAcc><vAcc>0.949087</vAcc></extensions></trkpt>
      <trkpt lon="-117.164533" lat="32.899185"><ele>99.119613</ele><time>2024-08-28T02:52:31Z</time><extensions><speed>1.489926</speed><course>340.647423</course><hAcc>1.414419</hAcc><vAcc>0.935739</vAcc></extensions></trkpt>
      <trkpt lon="-117.164539" lat="32.899198"><ele>99.709392</ele><time>2024-08-28T02:52:32Z</time><extensions><speed>1.536420</speed><course>339.817023</course><hAcc>1.400446</hAcc><vAcc>0.921797</vAcc></extensions></trkpt>
      <trkpt lon="-117.164544" lat="32.899210"><ele>100.273948</ele><time>2024-08-28T02:52:33Z</time><extensions><speed>1.425435</speed><course>340.095770</course><hAcc>1.408865</hAcc><vAcc>0.907486</vAcc></extensions></trkpt>
      <trkpt lon="-117.164549" lat="32.899223"><ele>100.808915</ele><time>2024-08-28T02:52:34Z</time><extensions><speed>1.444931</speed><course>343.964744</course><hAcc>1.374349</hAcc><vAcc>0.893607</vAcc></extensions></trkpt>
      <trkpt lon="-117.164553" lat="32.899235"><ele>101.290315</ele><time>2024-08-28T02:52:35Z</time><extensions><speed>1.342403</speed><course>344.314925</course><hAcc>1.366012</hAcc><vAcc>0.879808</vAcc></extensions></trkpt>
      <trkpt lon="-117.164558" lat="32.899246"><ele>101.752126</ele><time>2024-08-28T02:52:36Z</time><extensions><speed>1.321463</speed><course>335.037077</course><hAcc>1.334646</hAcc><vAcc>0.866506</vAcc></extensions></trkpt>
      <trkpt lon="-117.164565" lat="32.899256"><ele>102.187873</ele><time>2024-08-28T02:52:37Z</time><extensions><speed>1.309959</speed><course>327.178430</course><hAcc>1.344637</hAcc><vAcc>0.853977</vAcc></extensions></trkpt>
      <trkpt lon="-117.164573" lat="32.899265"><ele>102.575008</ele><time>2024-08-28T02:52:38Z</time><extensions><speed>1.236855</speed><course>319.523442</course><hAcc>1.388697</hAcc><vAcc>0.842650</vAcc></extensions></trkpt>
      <trkpt lon="-117.164582" lat="32.899273"><ele>102.923046</ele><time>2024-08-28T02:52:39Z</time><extensions><speed>1.107479</speed><course>312.774567</course><hAcc>1.362512</hAcc><vAcc>0.833118</vAcc></extensions></trkpt>
      <trkpt lon="-117.164591" lat="32.899279"><ele>103.239597</ele><time>2024-08-28T02:52:40Z</time><extensions><speed>1.113995</speed><course>307.973415</course><hAcc>1.361190</hAcc><vAcc>0.825580</vAcc></extensions></trkpt>
      <trkpt lon="-117.164601" lat="32.899286"><ele>103.513835</ele><time>2024-08-28T02:52:41Z</time><extensions><speed>1.170889</speed><course>305.774149</course><hAcc>1.375542</hAcc><vAcc>0.819808</vAcc></extensions></trkpt>
      <trkpt lon="-117.164611" lat="32.899292"><ele>103.744592</ele><time>2024-08-28T02:52:42Z</time><extensions><speed>1.172054</speed><course>305.751852</course><hAcc>1.390283</hAcc><vAcc>0.815477</vAcc></extensions></trkpt>
      <trkpt lon="-117.164621" lat="32.899298"><ele>103.932296</ele><time>2024-08-28T02:52:43Z</time><extensions><speed>1.185272</speed><course>309.461248</course><hAcc>1.403366</hAcc><vAcc>0.812949</vAcc></extensions></trkpt>
      <trkpt lon="-117.164631" lat="32.899305"><ele>104.088053</ele><time>2024-08-28T02:52:44Z</time><extensions><speed>1.218034</speed><course>310.056455</course><hAcc>1.408750</hAcc><vAcc>0.812588</vAcc></extensions></trkpt>
      <trkpt lon="-117.164641" lat="32.899313"><ele>104.206367</ele><time>2024-08-28T02:52:45Z</time><extensions><speed>1.280225</speed><course>309.478412</course><hAcc>1.405432</hAcc><vAcc>0.813758</vAcc></extensions></trkpt>
      <trkpt lon="-117.164652" lat="32.899320"><ele>104.317562</ele><time>2024-08-28T02:52:46Z</time><extensions><speed>1.341496</speed><course>306.703637</course><hAcc>1.406350</hAcc><vAcc>0.816004</vAcc></extensions></trkpt>
      <trkpt lon="-117.164664" lat="32.899327"><ele>104.449095</ele><time>2024-08-28T02:52:47Z</time><extensions><speed>1.419571</speed><course>303.178988</course><hAcc>1.398630</hAcc><vAcc>0.819022</vAcc></extensions></trkpt>
      <trkpt lon="-117.164677" lat="32.899334"><ele>104.585865</ele><time>2024-08-28T02:52:48Z</time><extensions><speed>1.441607</speed><course>302.363099</course><hAcc>1.394618</hAcc><vAcc>0.823449</vAcc></extensions></trkpt>
      <trkpt lon="-117.164690" lat="32.899341"><ele>104.708291</ele><time>2024-08-28T02:52:49Z</time><extensions><speed>1.451373</speed><course>302.134811</course><hAcc>1.395778</hAcc><vAcc>0.827876</vAcc></extensions></trkpt>
      <trkpt lon="-117.164703" lat="32.899348"><ele>104.818409</ele><time>2024-08-28T02:52:50Z</time><extensions><speed>1.417472</speed><course>304.815703</course><hAcc>1.400908</hAcc><vAcc>0.832728</vAcc></extensions></trkpt>
      <trkpt lon="-117.164714" lat="32.899356"><ele>104.928528</ele><time>2024-08-28T02:52:51Z</time><extensions><speed>1.386166</speed><course>310.153066</course><hAcc>1.383751</hAcc><vAcc>0.837630</vAcc></extensions></trkpt>
      <trkpt lon="-117.164725" lat="32.899364"><ele>105.050343</ele><time>2024-08-28T02:52:52Z</time><extensions><speed>1.310352</speed><course>314.939731</course><hAcc>1.376841</hAcc><vAcc>0.842487</vAcc></extensions></trkpt>
      <trkpt lon="-117.164735" lat="32.899372"><ele>105.195323</ele><time>2024-08-28T02:52:53Z</time><extensions><speed>1.261503</speed><course>318.153547</course><hAcc>1.378724</hAcc><vAcc>0.847075</vAcc></extensions></trkpt>
      <trkpt lon="-117.164743" lat="32.899381"><ele>105.361460</ele><time>2024-08-28T02:52:54Z</time><extensions><speed>1.251593</speed><course>319.796421</course><hAcc>1.382576</hAcc><vAcc>0.852076</vAcc></extensions></trkpt>
      <trkpt lon="-117.164752" lat="32.899390"><ele>105.550507</ele><time>2024-08-28T02:52:55Z</time><extensions><speed>1.230520</speed><course>320.921644</course><hAcc>1.381298</hAcc><vAcc>0.856470</vAcc></extensions></trkpt>
      <trkpt lon="-117.164760" lat="32.899398"><ele>105.767395</ele><time>2024-08-28T02:52:56Z</time><extensions><speed>1.285246</speed><course>320.962630</course><hAcc>1.381792</hAcc><vAcc>0.860146</vAcc></extensions></trkpt>
      <trkpt lon="-117.164769" lat="32.899408"><ele>106.001524</ele><time>2024-08-28T02:52:57Z</time><extensions><speed>1.370361</speed><course>323.538578</course><hAcc>1.395029</hAcc><vAcc>0.863612</vAcc></extensions></trkpt>
      <trkpt lon="-117.164778" lat="32.899417"><ele>106.254425</ele><time>2024-08-28T02:52:58Z</time><extensions><speed>1.320931</speed><course>319.094788</course><hAcc>1.436059</hAcc><vAcc>0.866598</vAcc></extensions></trkpt>
      <trkpt lon="-117.164788" lat="32.899426"><ele>106.516575</ele><time>2024-08-28T02:52:59Z</time><extensions><speed>1.241305</speed><course>311.963762</course><hAcc>1.435648</hAcc><vAcc>0.869317</vAcc></extensions></trkpt>
      <trkpt lon="-117.164798" lat="32.899433"><ele>106.791471</ele><time>2024-08-28T02:53:00Z</time><extensions><speed>1.135384</speed><course>308.303800</course><hAcc>1.433670</hAcc><vAcc>0.871035</vAcc></extensions></trkpt>
      <trkpt lon="-117.164807" lat="32.899439"><ele>107.059890</ele><time>2024-08-28T02:53:01Z</time><extensions><speed>1.146799</speed><course>306.818729</course><hAcc>1.453269</hAcc><vAcc>0.872805</vAcc></extensions></trkpt>
      <trkpt lon="-117.164817" lat="32.899445"><ele>107.336864</ele><time>2024-08-28T02:53:02Z</time><extensions><speed>1.176879</speed><course>306.602930</course><hAcc>1.475698</hAcc><vAcc>0.874462</vAcc></extensions></trkpt>
      <trkpt lon="-117.164828" lat="32.899451"><ele>107.600213</ele><time>2024-08-28T02:53:03Z</time><extensions><speed>1.194058</speed><course>305.738483</course><hAcc>1.482745</hAcc><vAcc>0.876968</vAcc></extensions></trkpt>
      <trkpt lon="-117.164838" lat="32.899458"><ele>107.846337</ele><time>2024-08-28T02:53:04Z</time><extensions><speed>1.278106</speed><course>302.551737</course><hAcc>1.482267</hAcc><vAcc>0.879078</vAcc></extensions></trkpt>
      <trkpt lon="-117.164850" lat="32.899464"><ele>108.090488</ele><time>2024-08-28T02:53:05Z</time><extensions><speed>1.354167</speed><course>301.255354</course><hAcc>1.486329</hAcc><vAcc>0.882022</vAcc></extensions></trkpt>
      <trkpt lon="-117.164863" lat="32.899470"><ele>108.319046</ele><time>2024-08-28T02:53:06Z</time><extensions><speed>1.388635</speed><course>301.037165</course><hAcc>1.492353</hAcc><vAcc>0.885797</vAcc></extensions></trkpt>
      <trkpt lon="-117.164876" lat="32.899477"><ele>108.534290</ele><time>2024-08-28T02:53:07Z</time><extensions><speed>1.363311</speed><course>301.918535</course><hAcc>1.502451</hAcc><vAcc>0.890291</vAcc></extensions></trkpt>
      <trkpt lon="-117.164888" lat="32.899483"><ele>108.726588</ele><time>2024-08-28T02:53:08Z</time><extensions><speed>1.319348</speed><course>302.873699</course><hAcc>1.514786</hAcc><vAcc>0.894990</vAcc></extensions></trkpt>
      <trkpt lon="-117.164900" lat="32.899489"><ele>108.905538</ele><time>2024-08-28T02:53:09Z</time><extensions><speed>1.229556</speed><course>301.866819</course><hAcc>1.524961</hAcc><vAcc>0.899391</vAcc></extensions></trkpt>
      <trkpt lon="-117.164910" lat="32.899495"><ele>109.054761</ele><time>2024-08-28T02:53:10Z</time><extensions><speed>1.126947</speed><course>302.428016</course><hAcc>1.530901</hAcc><vAcc>0.904669</vAcc></extensions></trkpt>
      <trkpt lon="-117.164921" lat="32.899500"><ele>109.182178</ele><time>2024-08-28T02:53:11Z</time><extensions><speed>1.133959</speed><course>301.976937</course><hAcc>1.539911</hAcc><vAcc>0.911172</vAcc></extensions></trkpt>
      <trkpt lon="-117.164931" lat="32.899506"><ele>109.294566</ele><time>2024-08-28T02:53:12Z</time><extensions><speed>1.248684</speed><course>300.827064</course><hAcc>1.558354</hAcc><vAcc>0.918075</vAcc></extensions></trkpt>
      <trkpt lon="-117.164943" lat="32.899512"><ele>109.373303</ele><time>2024-08-28T02:53:13Z</time><extensions><speed>1.339008</speed><course>302.891883</course><hAcc>1.591278</hAcc><vAcc>0.924948</vAcc></extensions></trkpt>
      <trkpt lon="-117.164955" lat="32.899518"><ele>109.451578</ele><time>2024-08-28T02:53:14Z</time><extensions><speed>1.281427</speed><course>302.473311</course><hAcc>1.592545</hAcc><vAcc>0.931516</vAcc></extensions></trkpt>
      <trkpt lon="-117.164966" lat="32.899524"><ele>109.505551</ele><time>2024-08-28T02:53:15Z</time><extensions><speed>1.254685</speed><course>300.814657</course><hAcc>1.612971</hAcc><vAcc>0.937258</vAcc></extensions></trkpt>
      <trkpt lon="-117.164978" lat="32.899530"><ele>109.542114</ele><time>2024-08-28T02:53:16Z</time><extensions><speed>1.223971</speed><course>298.674654</course><hAcc>1.637736</hAcc><vAcc>0.941758</vAcc></extensions></trkpt>
      <trkpt lon="-117.164989" lat="32.899535"><ele>109.543354</ele><time>2024-08-28T02:53:17Z</time><extensions><speed>1.210774</speed><course>296.516091</course><hAcc>1.657520</hAcc><vAcc>0.945258</vAcc></extensions></trkpt>
      <trkpt lon="-117.165001" lat="32.899539"><ele>109.532354</ele><time>2024-08-28T02:53:18Z</time><extensions><speed>1.210349</speed><course>294.465245</course><hAcc>1.670506</hAcc><vAcc>0.947570</vAcc></extensions></trkpt>
      <trkpt lon="-117.165013" lat="32.899544"><ele>109.494199</ele><time>2024-08-28T02:53:19Z</time><extensions><speed>1.199494</speed><course>293.966557</course><hAcc>1.677054</hAcc><vAcc>0.949161</vAcc></extensions></trkpt>
      <trkpt lon="-117.165024" lat="32.899549"><ele>109.447687</ele><time>2024-08-28T02:53:20Z</time><extensions><speed>1.156420</speed><course>299.890371</course><hAcc>1.677725</hAcc><vAcc>0.950854</vAcc></extensions></trkpt>
      <trkpt lon="-117.165034" lat="32.899554"><ele>109.395745</ele><time>2024-08-28T02:53:21Z</time><extensions><speed>1.130132</speed><course>304.889434</course><hAcc>1.678144</hAcc><vAcc>0.952611</vAcc></extensions></trkpt>
      <trkpt lon="-117.165044" lat="32.899560"><ele>109.334322</ele><time>2024-08-28T02:53:22Z</time><extensions><speed>1.093525</speed><course>305.979469</course><hAcc>1.680261</hAcc><vAcc>0.954613</vAcc></extensions></trkpt>
      <trkpt lon="-117.165053" lat="32.899565"><ele>109.257570</ele><time>2024-08-28T02:53:23Z</time><extensions><speed>1.112390</speed><course>307.280014</course><hAcc>1.681583</hAcc><vAcc>0.956760</vAcc></extensions></trkpt>
      <trkpt lon="-117.165063" lat="32.899571"><ele>109.165005</ele><time>2024-08-28T02:53:24Z</time><extensions><speed>1.110819</speed><course>305.101880</course><hAcc>1.678717</hAcc><vAcc>0.958844</vAcc></extensions></trkpt>
      <trkpt lon="-117.165072" lat="32.899577"><ele>109.072898</ele><time>2024-08-28T02:53:25Z</time><extensions><speed>1.057763</speed><course>303.990086</course><hAcc>1.679476</hAcc><vAcc>0.960354</vAcc></extensions></trkpt>
      <trkpt lon="-117.165082" lat="32.899582"><ele>108.975533</ele><time>2024-08-28T02:53:26Z</time><extensions><speed>1.047698</speed><course>305.168617</course><hAcc>1.681512</hAcc><vAcc>0.963038</vAcc></extensions></trkpt>
      <trkpt lon="-117.165091" lat="32.899587"><ele>108.873580</ele><time>2024-08-28T02:53:27Z</time><extensions><speed>1.105566</speed><course>303.037816</course><hAcc>1.683467</hAcc><vAcc>0.967510</vAcc></extensions></trkpt>
      <trkpt lon="-117.165102" lat="32.899593"><ele>108.773432</ele><time>2024-08-28T02:53:28Z</time><extensions><speed>1.133539</speed><course>300.547522</course><hAcc>1.687830</hAcc><vAcc>0.973522</vAcc></extensions></trkpt>
      <trkpt lon="-117.165112" lat="32.899597"><ele>108.659911</ele><time>2024-08-28T02:53:29Z</time><extensions><speed>1.092494</speed><course>297.295273</course><hAcc>1.690864</hAcc><vAcc>0.980576</vAcc></extensions></trkpt>
      <trkpt lon="-117.165123" lat="32.899602"><ele>108.551178</ele><time>2024-08-28T02:53:30Z</time><extensions><speed>1.066244</speed><course>295.209670</course><hAcc>1.696254</hAcc><vAcc>0.988752</vAcc></extensions></trkpt>
      <trkpt lon="-117.165133" lat="32.899605"><ele>108.430677</ele><time>2024-08-28T02:53:31Z</time><extensions><speed>1.089054</speed><course>293.476577</course><hAcc>1.699252</hAcc><vAcc>0.997676</vAcc></extensions></trkpt>
      <trkpt lon="-117.165144" lat="32.899609"><ele>108.313116</ele><time>2024-08-28T02:53:32Z</time><extensions><speed>1.128156</speed><course>290.024286</course><hAcc>1.699463</hAcc><vAcc>1.008918</vAcc></extensions></trkpt>
      <trkpt lon="-117.165156" lat="32.899613"><ele>108.220943</ele><time>2024-08-28T02:53:33Z</time><extensions><speed>1.217214</speed><course>290.672969</course><hAcc>1.696265</hAcc><vAcc>1.020254</vAcc></extensions></trkpt>
      <trkpt lon="-117.165168" lat="32.899617"><ele>108.115327</ele><time>2024-08-28T02:53:34Z</time><extensions><speed>1.258095</speed><course>293.160901</course><hAcc>1.698429</hAcc><vAcc>1.031249</vAcc></extensions></trkpt>
      <trkpt lon="-117.165180" lat="32.899622"><ele>107.989139</ele><time>2024-08-28T02:53:35Z</time><extensions><speed>1.242612</speed><course>295.405123</course><hAcc>1.710963</hAcc><vAcc>1.040683</vAcc></extensions></trkpt>
      <trkpt lon="-117.165192" lat="32.899627"><ele>107.862179</ele><time>2024-08-28T02:53:36Z</time><extensions><speed>1.217399</speed><course>297.545415</course><hAcc>1.723635</hAcc><vAcc>1.050834</vAcc></extensions></trkpt>
      <trkpt lon="-117.165203" lat="32.899632"><ele>107.740008</ele><time>2024-08-28T02:53:37Z</time><extensions><speed>1.203890</speed><course>299.391491</course><hAcc>1.734449</hAcc><vAcc>1.059805</vAcc></extensions></trkpt>
      <trkpt lon="-117.165213" lat="32.899638"><ele>107.622423</ele><time>2024-08-28T02:53:38Z</time><extensions><speed>1.087010</speed><course>302.391780</course><hAcc>1.745062</hAcc><vAcc>1.068822</vAcc></extensions></trkpt>
      <trkpt lon="-117.165222" lat="32.899643"><ele>107.504238</ele><time>2024-08-28T02:53:39Z</time><extensions><speed>0.957047</speed><course>305.655259</course><hAcc>1.753910</hAcc><vAcc>1.076159</vAcc></extensions></trkpt>
      <trkpt lon="-117.165230" lat="32.899648"><ele>107.388141</ele><time>2024-08-28T02:53:40Z</time><extensions><speed>0.901794</speed><course>307.535491</course><hAcc>1.764245</hAcc><vAcc>1.081574</vAcc></extensions></trkpt>
      <trkpt lon="-117.165237" lat="32.899653"><ele>107.272336</ele><time>2024-08-28T02:53:41Z</time><extensions><speed>0.882569</speed><course>305.731000</course><hAcc>1.768727</hAcc><vAcc>1.084372</vAcc></extensions></trkpt>
      <trkpt lon="-117.165245" lat="32.899658"><ele>107.175777</ele><time>2024-08-28T02:53:42Z</time><extensions><speed>0.852359</speed><course>306.475228</course><hAcc>1.771292</hAcc><vAcc>1.085862</vAcc></extensions></trkpt>
      <trkpt lon="-117.165253" lat="32.899663"><ele>107.103002</ele><time>2024-08-28T02:53:43Z</time><extensions><speed>1.003038</speed><course>307.882180</course><hAcc>1.766230</hAcc><vAcc>1.084616</vAcc></extensions></trkpt>
      <trkpt lon="-117.165261" lat="32.899669"><ele>107.049182</ele><time>2024-08-28T02:53:44Z</time><extensions><speed>1.093018</speed><course>312.931615</course><hAcc>1.755045</hAcc><vAcc>1.080366</vAcc></extensions></trkpt>
      <trkpt lon="-117.165270" lat="32.899676"><ele>106.996237</ele><time>2024-08-28T02:53:45Z</time><extensions><speed>1.105201</speed><course>314.495621</course><hAcc>1.737604</hAcc><vAcc>1.073177</vAcc></extensions></trkpt>
      <trkpt lon="-117.165278" lat="32.899683"><ele>106.933689</ele><time>2024-08-28T02:53:46Z</time><extensions><speed>1.086032</speed><course>313.511180</course><hAcc>1.724663</hAcc><vAcc>1.065494</vAcc></extensions></trkpt>
      <trkpt lon="-117.165287" lat="32.899689"><ele>106.874660</ele><time>2024-08-28T02:53:47Z</time><extensions><speed>1.078440</speed><course>312.632534</course><hAcc>1.710202</hAcc><vAcc>1.056723</vAcc></extensions></trkpt>
      <trkpt lon="-117.165295" lat="32.899696"><ele>106.830144</ele><time>2024-08-28T02:53:48Z</time><extensions><speed>1.086362</speed><course>312.622294</course><hAcc>1.693455</hAcc><vAcc>1.046669</vAcc></extensions></trkpt>
      <trkpt lon="-117.165304" lat="32.899702"><ele>106.783300</ele><time>2024-08-28T02:53:49Z</time><extensions><speed>1.078193</speed><course>310.635358</course><hAcc>1.677089</hAcc><vAcc>1.036694</vAcc></extensions></trkpt>
      <trkpt lon="-117.165313" lat="32.899709"><ele>106.739021</ele><time>2024-08-28T02:53:50Z</time><extensions><speed>1.135128</speed><course>306.772939</course><hAcc>1.661499</hAcc><vAcc>1.026669</vAcc></extensions></trkpt>
      <trkpt lon="-117.165324" lat="32.899715"><ele>106.693699</ele><time>2024-08-28T02:53:51Z</time><extensions><speed>1.273534</speed><course>302.602889</course><hAcc>1.645374</hAcc><vAcc>1.016308</vAcc></extensions></trkpt>
      <trkpt lon="-117.165335" lat="32.899721"><ele>106.644172</ele><time>2024-08-28T02:53:52Z</time><extensions><speed>1.322906</speed><course>300.984340</course><hAcc>1.639001</hAcc><vAcc>1.005037</vAcc></extensions></trkpt>
      <trkpt lon="-117.165347" lat="32.899727"><ele>106.581990</ele><time>2024-08-28T02:53:53Z</time><extensions><speed>1.185084</speed><course>301.279868</course><hAcc>1.630985</hAcc><vAcc>0.994377</vAcc></extensions></trkpt>
      <trkpt lon="-117.165357" lat="32.899733"><ele>106.513969</ele><time>2024-08-28T02:53:54Z</time><extensions><speed>1.100768</speed><course>303.070708</course><hAcc>1.625193</hAcc><vAcc>0.984493</vAcc></extensions></trkpt>
      <trkpt lon="-117.165367" lat="32.899738"><ele>106.430629</ele><time>2024-08-28T02:53:55Z</time><extensions><speed>1.121965</speed><course>302.525275</course><hAcc>1.627828</hAcc><vAcc>0.975533</vAcc></extensions></trkpt>
      <trkpt lon="-117.165377" lat="32.899743"><ele>106.330784</ele><time>2024-08-28T02:53:56Z</time><extensions><speed>1.081714</speed><course>300.907815</course><hAcc>1.631480</hAcc><vAcc>0.968016</vAcc></extensions></trkpt>
      <trkpt lon="-117.165387" lat="32.899748"><ele>106.229917</ele><time>2024-08-28T02:53:57Z</time><extensions><speed>1.073932</speed><course>300.543288</course><hAcc>1.639857</hAcc><vAcc>0.962301</vAcc></extensions></trkpt>
      <trkpt lon="-117.165397" lat="32.899753"><ele>106.129555</ele><time>2024-08-28T02:53:58Z</time><extensions><speed>1.060512</speed><course>302.222903</course><hAcc>1.649333</hAcc><vAcc>0.957546</vAcc></extensions></trkpt>
      <trkpt lon="-117.165406" lat="32.899758"><ele>106.012625</ele><time>2024-08-28T02:53:59Z</time><extensions><speed>1.062319</speed><course>302.675357</course><hAcc>1.654321</hAcc><vAcc>0.953822</vAcc></extensions></trkpt>
      <trkpt lon="-117.165416" lat="32.899762"><ele>105.887635</ele><time>2024-08-28T02:54:00Z</time><extensions><speed>0.995333</speed><course>300.973958</course><hAcc>1.651941</hAcc><vAcc>0.950406</vAcc></extensions></trkpt>
      <trkpt lon="-117.165424" lat="32.899766"><ele>105.762223</ele><time>2024-08-28T02:54:01Z</time><extensions><speed>0.897835</speed><course>296.994172</course><hAcc>1.639722</hAcc><vAcc>0.949615</vAcc></extensions></trkpt>
      <trkpt lon="-117.165433" lat="32.899769"><ele>105.634620</ele><time>2024-08-28T02:54:02Z</time><extensions><speed>0.786862</speed><course>289.474199</course><hAcc>1.638128</hAcc><vAcc>0.949769</vAcc></extensions></trkpt>
      <trkpt lon="-117.165441" lat="32.899771"><ele>105.489223</ele><time>2024-08-28T02:54:03Z</time><extensions><speed>0.805166</speed><course>273.239054</course><hAcc>1.633320</hAcc><vAcc>0.950048</vAcc></extensions></trkpt>
      <trkpt lon="-117.165450" lat="32.899771"><ele>105.326180</ele><time>2024-08-28T02:54:04Z</time><extensions><speed>0.962552</speed><course>267.566735</course><hAcc>1.618243</hAcc><vAcc>0.950558</vAcc></extensions></trkpt>
      <trkpt lon="-117.165461" lat="32.899770"><ele>105.140791</ele><time>2024-08-28T02:54:05Z</time><extensions><speed>1.047725</speed><course>264.749350</course><hAcc>1.594128</hAcc><vAcc>0.951549</vAcc></extensions></trkpt>
      <trkpt lon="-117.165472" lat="32.899770"><ele>104.907289</ele><time>2024-08-28T02:54:06Z</time><extensions><speed>1.066581</speed><course>262.056710</course><hAcc>1.569265</hAcc><vAcc>0.950687</vAcc></extensions></trkpt>
      <trkpt lon="-117.165483" lat="32.899768"><ele>104.664727</ele><time>2024-08-28T02:54:07Z</time><extensions><speed>1.127212</speed><course>256.111126</course><hAcc>1.544615</hAcc><vAcc>0.948649</vAcc></extensions></trkpt>
      <trkpt lon="-117.165495" lat="32.899765"><ele>104.409727</ele><time>2024-08-28T02:54:08Z</time><extensions><speed>1.197016</speed><course>252.055621</course><hAcc>1.513101</hAcc><vAcc>0.944355</vAcc></extensions></trkpt>
      <trkpt lon="-117.165508" lat="32.899762"><ele>104.162455</ele><time>2024-08-28T02:54:09Z</time><extensions><speed>1.293447</speed><course>249.976627</course><hAcc>1.475676</hAcc><vAcc>0.939597</vAcc></extensions></trkpt>
      <trkpt lon="-117.165522" lat="32.899757"><ele>103.903801</ele><time>2024-08-28T02:54:10Z</time><extensions><speed>1.473509</speed><course>249.761477</course><hAcc>1.443025</hAcc><vAcc>0.934796</vAcc></extensions></trkpt>
      <trkpt lon="-117.165536" lat="32.899753"><ele>103.622555</ele><time>2024-08-28T02:54:11Z</time><extensions><speed>1.427253</speed><course>253.940432</course><hAcc>1.438512</hAcc><vAcc>0.929237</vAcc></extensions></trkpt>
      <trkpt lon="-117.165551" lat="32.899751"><ele>103.337638</ele><time>2024-08-28T02:54:12Z</time><extensions><speed>1.429730</speed><course>266.510046</course><hAcc>1.431177</hAcc><vAcc>0.923562</vAcc></extensions></trkpt>
      <trkpt lon="-117.165566" lat="32.899752"><ele>103.058788</ele><time>2024-08-28T02:54:13Z</time><extensions><speed>1.453808</speed><course>281.987736</course><hAcc>1.419321</hAcc><vAcc>0.916301</vAcc></extensions></trkpt>
      <trkpt lon="-117.165581" lat="32.899756"><ele>102.777319</ele><time>2024-08-28T02:54:14Z</time><extensions><speed>1.436554</speed><course>289.024443</course><hAcc>1.430763</hAcc><vAcc>0.908703</vAcc></extensions></trkpt>
      <trkpt lon="-117.165595" lat="32.899760"><ele>102.483008</ele><time>2024-08-28T02:54:15Z</time><extensions><speed>1.318222</speed><course>293.999345</course><hAcc>1.428371</hAcc><vAcc>0.901166</vAcc></extensions></trkpt>
      <trkpt lon="-117.165607" lat="32.899765"><ele>102.179347</ele><time>2024-08-28T02:54:16Z</time><extensions><speed>1.223737</speed><course>301.856156</course><hAcc>1.430213</hAcc><vAcc>0.893668</vAcc></extensions></trkpt>
      <trkpt lon="-117.165618" lat="32.899771"><ele>101.880689</ele><time>2024-08-28T02:54:17Z</time><extensions><speed>1.233086</speed><course>303.134407</course><hAcc>1.457712</hAcc><vAcc>0.886812</vAcc></extensions></trkpt>
      <trkpt lon="-117.165629" lat="32.899777"><ele>101.589711</ele><time>2024-08-28T02:54:18Z</time><extensions><speed>1.265496</speed><course>302.158789</course><hAcc>1.486302</hAcc><vAcc>0.881601</vAcc></extensions></trkpt>
      <trkpt lon="-117.165641" lat="32.899783"><ele>101.300195</ele><time>2024-08-28T02:54:19Z</time><extensions><speed>1.240922</speed><course>302.925373</course><hAcc>1.512351</hAcc><vAcc>0.878691</vAcc></extensions></trkpt>
      <trkpt lon="-117.165652" lat="32.899789"><ele>101.014933</ele><time>2024-08-28T02:54:20Z</time><extensions><speed>1.163002</speed><course>303.979792</course><hAcc>1.537461</hAcc><vAcc>0.878432</vAcc></extensions></trkpt>
      <trkpt lon="-117.165662" lat="32.899795"><ele>100.735114</ele><time>2024-08-28T02:54:21Z</time><extensions><speed>1.127535</speed><course>300.635618</course><hAcc>1.560601</hAcc><vAcc>0.880512</vAcc></extensions></trkpt>
      <trkpt lon="-117.165673" lat="32.899799"><ele>100.466462</ele><time>2024-08-28T02:54:22Z</time><extensions><speed>1.128420</speed><course>295.223173</course><hAcc>1.589708</hAcc><vAcc>0.884510</vAcc></extensions></trkpt>
      <trkpt lon="-117.165684" lat="32.899803"><ele>100.221074</ele><time>2024-08-28T02:54:23Z</time><extensions><speed>1.158729</speed><course>289.631417</course><hAcc>1.616172</hAcc><vAcc>0.890245</vAcc></extensions></trkpt>
      <trkpt lon="-117.165697" lat="32.899806"><ele>99.985212</ele><time>2024-08-28T02:54:24Z</time><extensions><speed>1.227146</speed><course>283.936856</course><hAcc>1.637486</hAcc><vAcc>0.897584</vAcc></extensions></trkpt>
      <trkpt lon="-117.165710" lat="32.899809"><ele>99.746449</ele><time>2024-08-28T02:54:25Z</time><extensions><speed>1.252594</speed><course>278.753393</course><hAcc>1.649530</hAcc><vAcc>0.905706</vAcc></extensions></trkpt>
      <trkpt lon="-117.165723" lat="32.899810"><ele>99.504591</ele><time>2024-08-28T02:54:26Z</time><extensions><speed>1.254601</speed><course>276.422114</course><hAcc>1.653827</hAcc><vAcc>0.915314</vAcc></extensions></trkpt>
      <trkpt lon="-117.165737" lat="32.899811"><ele>99.265187</ele><time>2024-08-28T02:54:27Z</time><extensions><speed>1.314322</speed><course>275.683774</course><hAcc>1.667374</hAcc><vAcc>0.924720</vAcc></extensions></trkpt>
      <trkpt lon="-117.165751" lat="32.899813"><ele>99.038970</ele><time>2024-08-28T02:54:28Z</time><extensions><speed>1.388768</speed><course>275.960468</course><hAcc>1.678237</hAcc><vAcc>0.933813</vAcc></extensions></trkpt>
      <trkpt lon="-117.165766" lat="32.899814"><ele>98.812262</ele><time>2024-08-28T02:54:29Z</time><extensions><speed>1.429145</speed><course>276.362841</course><hAcc>1.684190</hAcc><vAcc>0.942447</vAcc></extensions></trkpt>
      <trkpt lon="-117.165782" lat="32.899815"><ele>98.589799</ele><time>2024-08-28T02:54:30Z</time><extensions><speed>1.471889</speed><course>277.407632</course><hAcc>1.690733</hAcc><vAcc>0.949328</vAcc></extensions></trkpt>
      <trkpt lon="-117.165797" lat="32.899817"><ele>98.369973</ele><time>2024-08-28T02:54:31Z</time><extensions><speed>1.435891</speed><course>280.004432</course><hAcc>1.695854</hAcc><vAcc>0.955860</vAcc></extensions></trkpt>
      <trkpt lon="-117.165811" lat="32.899820"><ele>98.149688</ele><time>2024-08-28T02:54:32Z</time><extensions><speed>1.320261</speed><course>282.330650</course><hAcc>1.693317</hAcc><vAcc>0.960896</vAcc></extensions></trkpt>
      <trkpt lon="-117.165825" lat="32.899823"><ele>97.924706</ele><time>2024-08-28T02:54:33Z</time><extensions><speed>1.249362</speed><course>286.050024</course><hAcc>1.684685</hAcc><vAcc>0.963840</vAcc></extensions></trkpt>
      <trkpt lon="-117.165837" lat="32.899826"><ele>97.687289</ele><time>2024-08-28T02:54:34Z</time><extensions><speed>1.262390</speed><course>288.935760</course><hAcc>1.685270</hAcc><vAcc>0.965167</vAcc></extensions></trkpt>
      <trkpt lon="-117.165850" lat="32.899830"><ele>97.444035</ele><time>2024-08-28T02:54:35Z</time><extensions><speed>1.223104</speed><course>288.691578</course><hAcc>1.675266</hAcc><vAcc>0.964659</vAcc></extensions></trkpt>
      <trkpt lon="-117.165862" lat="32.899833"><ele>97.191596</ele><time>2024-08-28T02:54:36Z</time><extensions><speed>1.136406</speed><course>286.500492</course><hAcc>1.652700</hAcc><vAcc>0.961928</vAcc></extensions></trkpt>
      <trkpt lon="-117.165873" lat="32.899835"><ele>96.941182</ele><time>2024-08-28T02:54:37Z</time><extensions><speed>1.038648</speed><course>280.960938</course><hAcc>1.630809</hAcc><vAcc>0.958232</vAcc></extensions></trkpt>
      <trkpt lon="-117.165884" lat="32.899836"><ele>96.693263</ele><time>2024-08-28T02:54:38Z</time><extensions><speed>1.022141</speed><course>272.508697</course><hAcc>1.610738</hAcc><vAcc>0.953280</vAcc></extensions></trkpt>
      <trkpt lon="-117.165895" lat="32.899836"><ele>96.439526</ele><time>2024-08-28T02:54:39Z</time><extensions><speed>1.104606</speed><course>266.152417</course><hAcc>1.591413</hAcc><vAcc>0.948436</vAcc></extensions></trkpt>
      <trkpt lon="-117.165908" lat="32.899835"><ele>96.201818</ele><time>2024-08-28T02:54:40Z</time><extensions><speed>1.255816</speed><course>264.159030</course><hAcc>1.568796</hAcc><vAcc>0.943297</vAcc></extensions></trkpt>
      <trkpt lon="-117.165921" lat="32.899834"><ele>95.968552</ele><time>2024-08-28T02:54:41Z</time><extensions><speed>1.231288</speed><course>263.255631</course><hAcc>1.567649</hAcc><vAcc>0.938142</vAcc></extensions></trkpt>
      <trkpt lon="-117.165934" lat="32.899834"><ele>95.723141</ele><time>2024-08-28T02:54:42Z</time><extensions><speed>1.125803</speed><course>269.662428</course><hAcc>1.547123</hAcc><vAcc>0.932531</vAcc></extensions></trkpt>
      <trkpt lon="-117.165945" lat="32.899834"><ele>95.489260</ele><time>2024-08-28T02:54:43Z</time><extensions><speed>1.053126</speed><course>277.516421</course><hAcc>1.536342</hAcc><vAcc>0.927144</vAcc></extensions></trkpt>
      <trkpt lon="-117.165956" lat="32.899836"><ele>95.250201</ele><time>2024-08-28T02:54:44Z</time><extensions><speed>1.074068</speed><course>284.922988</course><hAcc>1.537270</hAcc><vAcc>0.922048</vAcc></extensions></trkpt>
      <trkpt lon="-117.165968" lat="32.899839"><ele>95.020320</ele><time>2024-08-28T02:54:45Z</time><extensions><speed>1.146407</speed><course>291.728959</course><hAcc>1.548100</hAcc><vAcc>0.917800</vAcc></extensions></trkpt>
      <trkpt lon="-117.165979" lat="32.899843"><ele>94.786877</ele><time>2024-08-28T02:54:46Z</time><extensions><speed>1.196079</speed><course>294.696707</course><hAcc>1.564196</hAcc><vAcc>0.914777</vAcc></extensions></trkpt>
      <trkpt lon="-117.165991" lat="32.899847"><ele>94.540999</ele><time>2024-08-28T02:54:47Z</time><extensions><speed>1.156795</speed><course>293.003509</course><hAcc>1.582582</hAcc><vAcc>0.911843</vAcc></extensions></trkpt>
      <trkpt lon="-117.166002" lat="32.899852"><ele>94.283605</ele><time>2024-08-28T02:54:48Z</time><extensions><speed>1.133901</speed><course>295.261238</course><hAcc>1.597791</hAcc><vAcc>0.910003</vAcc></extensions></trkpt>
      <trkpt lon="-117.166013" lat="32.899856"><ele>94.021786</ele><time>2024-08-28T02:54:49Z</time><extensions><speed>1.092660</speed><course>295.834348</course><hAcc>1.603991</hAcc><vAcc>0.908953</vAcc></extensions></trkpt>
      <trkpt lon="-117.166023" lat="32.899860"><ele>93.756304</ele><time>2024-08-28T02:54:50Z</time><extensions><speed>1.045137</speed><course>294.039181</course><hAcc>1.606575</hAcc><vAcc>0.907905</vAcc></extensions></trkpt>
      <trkpt lon="-117.166034" lat="32.899864"><ele>93.489145</ele><time>2024-08-28T02:54:51Z</time><extensions><speed>1.090584</speed><course>291.691705</course><hAcc>1.607446</hAcc><vAcc>0.907120</vAcc></extensions></trkpt>
      <trkpt lon="-117.166045" lat="32.899867"><ele>93.225216</ele><time>2024-08-28T02:54:52Z</time><extensions><speed>1.137832</speed><course>287.983410</course><hAcc>1.607561</hAcc><vAcc>0.905772</vAcc></extensions></trkpt>
      <trkpt lon="-117.166056" lat="32.899870"><ele>92.954649</ele><time>2024-08-28T02:54:53Z</time><extensions><speed>1.139879</speed><course>286.503880</course><hAcc>1.606154</hAcc><vAcc>0.903627</vAcc></extensions></trkpt>
      <trkpt lon="-117.166068" lat="32.899873"><ele>92.681161</ele><time>2024-08-28T02:54:54Z</time><extensions><speed>1.127963</speed><course>284.858593</course><hAcc>1.605444</hAcc><vAcc>0.901523</vAcc></extensions></trkpt>
      <trkpt lon="-117.166080" lat="32.899875"><ele>92.405991</ele><time>2024-08-28T02:54:55Z</time><extensions><speed>1.136317</speed><course>283.584002</course><hAcc>1.606232</hAcc><vAcc>0.899404</vAcc></extensions></trkpt>
      <trkpt lon="-117.166092" lat="32.899877"><ele>92.130715</ele><time>2024-08-28T02:54:56Z</time><extensions><speed>1.172703</speed><course>281.300331</course><hAcc>1.608339</hAcc><vAcc>0.897022</vAcc></extensions></trkpt>
      <trkpt lon="-117.166105" lat="32.899879"><ele>91.870753</ele><time>2024-08-28T02:54:57Z</time><extensions><speed>1.207638</speed><course>278.481697</course><hAcc>1.609318</hAcc><vAcc>0.894478</vAcc></extensions></trkpt>
      <trkpt lon="-117.166118" lat="32.899880"><ele>91.610921</ele><time>2024-08-28T02:54:58Z</time><extensions><speed>1.237515</speed><course>278.000321</course><hAcc>1.611764</hAcc><vAcc>0.891551</vAcc></extensions></trkpt>
      <trkpt lon="-117.166131" lat="32.899882"><ele>91.373740</ele><time>2024-08-28T02:54:59Z</time><extensions><speed>1.230649</speed><course>276.469143</course><hAcc>1.616207</hAcc><vAcc>0.889188</vAcc></extensions></trkpt>
      <trkpt lon="-117.166144" lat="32.899883"><ele>91.159050</ele><time>2024-08-28T02:55:00Z</time><extensions><speed>1.168113</speed><course>277.587719</course><hAcc>1.620056</hAcc><vAcc>0.887184</vAcc></extensions></trkpt>
      <trkpt lon="-117.166157" lat="32.899884"><ele>90.965639</ele><time>2024-08-28T02:55:01Z</time><extensions><speed>1.159565</speed><course>279.809559</course><hAcc>1.623082</hAcc><vAcc>0.885847</vAcc></extensions></trkpt>
      <trkpt lon="-117.166169" lat="32.899886"><ele>90.780288</ele><time>2024-08-28T02:55:02Z</time><extensions><speed>1.178338</speed><course>280.321096</course><hAcc>1.625138</hAcc><vAcc>0.885215</vAcc></extensions></trkpt>
      <trkpt lon="-117.166182" lat="32.899888"><ele>90.604620</ele><time>2024-08-28T02:55:03Z</time><extensions><speed>1.286338</speed><course>278.848926</course><hAcc>1.626552</hAcc><vAcc>0.885088</vAcc></extensions></trkpt>
      <trkpt lon="-117.166196" lat="32.899890"><ele>90.474437</ele><time>2024-08-28T02:55:04Z</time><extensions><speed>1.329630</speed><course>278.051275</course><hAcc>1.627876</hAcc><vAcc>0.885654</vAcc></extensions></trkpt>
      <trkpt lon="-117.166210" lat="32.899891"><ele>90.361156</ele><time>2024-08-28T02:55:05Z</time><extensions><speed>1.243724</speed><course>278.822774</course><hAcc>1.629719</hAcc><vAcc>0.886135</vAcc></extensions></trkpt>
      <trkpt lon="-117.166223" lat="32.899893"><ele>90.263910</ele><time>2024-08-28T02:55:06Z</time><extensions><speed>1.180276</speed><course>278.068796</course><hAcc>1.633314</hAcc><vAcc>0.886272</vAcc></extensions></trkpt>
      <trkpt lon="-117.166235" lat="32.899894"><ele>90.175627</ele><time>2024-08-28T02:55:07Z</time><extensions><speed>1.179890</speed><course>276.523318</course><hAcc>1.636877</hAcc><vAcc>0.884756</vAcc></extensions></trkpt>
      <trkpt lon="-117.166249" lat="32.899895"><ele>90.074147</ele><time>2024-08-28T02:55:08Z</time><extensions><speed>1.279470</speed><course>274.340823</course><hAcc>1.631384</hAcc><vAcc>0.882141</vAcc></extensions></trkpt>
      <trkpt lon="-117.166262" lat="32.899896"><ele>89.981037</ele><time>2024-08-28T02:55:09Z</time><extensions><speed>1.308755</speed><course>275.060592</course><hAcc>1.629541</hAcc><vAcc>0.878864</vAcc></extensions></trkpt>
      <trkpt lon="-117.166275" lat="32.899897"><ele>89.897356</ele><time>2024-08-28T02:55:10Z</time><extensions><speed>1.156159</speed><course>273.540883</course><hAcc>1.616591</hAcc><vAcc>0.874600</vAcc></extensions></trkpt>
      <trkpt lon="-117.166288" lat="32.899898"><ele>89.829192</ele><time>2024-08-28T02:55:11Z</time><extensions><speed>1.167106</speed><course>274.251047</course><hAcc>1.594019</hAcc><vAcc>0.869107</vAcc></extensions></trkpt>
      <trkpt lon="-117.166301" lat="32.899899"><ele>89.755911</ele><time>2024-08-28T02:55:12Z</time><extensions><speed>1.308339</speed><course>274.377947</course><hAcc>1.578959</hAcc><vAcc>0.862255</vAcc></extensions></trkpt>
      <trkpt lon="-117.166316" lat="32.899900"><ele>89.688213</ele><time>2024-08-28T02:55:13Z</time><extensions><speed>1.493490</speed><course>272.802321</course><hAcc>1.558082</hAcc><vAcc>0.854047</vAcc></extensions></trkpt>
      <trkpt lon="-117.166331" lat="32.899900"><ele>89.625340</ele><time>2024-08-28T02:55:14Z</time><extensions><speed>1.482619</speed><course>270.755971</course><hAcc>1.541226</hAcc><vAcc>0.845245</vAcc></extensions></trkpt>
      <trkpt lon="-117.166347" lat="32.899900"><ele>89.558330</ele><time>2024-08-28T02:55:15Z</time><extensions><speed>1.396665</speed><course>269.440806</course><hAcc>1.526274</hAcc><vAcc>0.836026</vAcc></extensions></trkpt>
      <trkpt lon="-117.166361" lat="32.899900"><ele>89.482682</ele><time>2024-08-28T02:55:16Z</time><extensions><speed>1.340875</speed><course>271.954764</course><hAcc>1.510212</hAcc><vAcc>0.826539</vAcc></extensions></trkpt>
      <trkpt lon="-117.166375" lat="32.899902"><ele>89.403886</ele><time>2024-08-28T02:55:17Z</time><extensions><speed>1.281571</speed><course>279.798435</course><hAcc>1.491753</hAcc><vAcc>0.817507</vAcc></extensions></trkpt>
      <trkpt lon="-117.166388" lat="32.899906"><ele>89.329421</ele><time>2024-08-28T02:55:18Z</time><extensions><speed>1.249435</speed><course>298.429661</course><hAcc>1.478292</hAcc><vAcc>0.809461</vAcc></extensions></trkpt>
      <trkpt lon="-117.166399" lat="32.899913"><ele>89.273319</ele><time>2024-08-28T02:55:19Z</time><extensions><speed>1.321361</speed><course>315.903524</course><hAcc>1.473559</hAcc><vAcc>0.802659</vAcc></extensions></trkpt>
      <trkpt lon="-117.166408" lat="32.899922"><ele>89.226923</ele><time>2024-08-28T02:55:20Z</time><extensions><speed>1.406455</speed><course>328.740717</course><hAcc>1.472122</hAcc><vAcc>0.797638</vAcc></extensions></trkpt>
      <trkpt lon="-117.166414" lat="32.899934"><ele>89.194601</ele><time>2024-08-28T02:55:21Z</time><extensions><speed>1.403233</speed><course>337.884997</course><hAcc>1.470602</hAcc><vAcc>0.794520</vAcc></extensions></trkpt>
      <trkpt lon="-117.166419" lat="32.899946"><ele>89.167799</ele><time>2024-08-28T02:55:22Z</time><extensions><speed>1.383880</speed><course>346.245735</course><hAcc>1.472632</hAcc><vAcc>0.793248</vAcc></extensions></trkpt>
      <trkpt lon="-117.166422" lat="32.899958"><ele>89.164124</ele><time>2024-08-28T02:55:23Z</time><extensions><speed>1.409560</speed><course>350.708022</course><hAcc>1.479411</hAcc><vAcc>0.794135</vAcc></extensions></trkpt>
      <trkpt lon="-117.166425" lat="32.899971"><ele>89.192328</ele><time>2024-08-28T02:55:24Z</time><extensions><speed>1.500659</speed><course>348.631073</course><hAcc>1.489268</hAcc><vAcc>0.796867</vAcc></extensions></trkpt>
      <trkpt lon="-117.166429" lat="32.899984"><ele>89.248390</ele><time>2024-08-28T02:55:25Z</time><extensions><speed>1.559932</speed><course>344.719672</course><hAcc>1.490033</hAcc><vAcc>0.800591</vAcc></extensions></trkpt>
      <trkpt lon="-117.166434" lat="32.899998"><ele>89.324092</ele><time>2024-08-28T02:55:26Z</time><extensions><speed>1.572193</speed><course>341.717230</course><hAcc>1.483377</hAcc><vAcc>0.805442</vAcc></extensions></trkpt>
      <trkpt lon="-117.166439" lat="32.900011"><ele>89.429450</ele><time>2024-08-28T02:55:27Z</time><extensions><speed>1.581694</speed><course>340.521679</course><hAcc>1.482067</hAcc><vAcc>0.811142</vAcc></extensions></trkpt>
      <trkpt lon="-117.166445" lat="32.900024"><ele>89.552358</ele><time>2024-08-28T02:55:28Z</time><extensions><speed>1.539454</speed><course>340.348122</course><hAcc>1.478759</hAcc><vAcc>0.817137</vAcc></extensions></trkpt>
      <trkpt lon="-117.166450" lat="32.900037"><ele>89.698022</ele><time>2024-08-28T02:55:29Z</time><extensions><speed>1.381118</speed><course>338.688588</course><hAcc>1.487079</hAcc><vAcc>0.823397</vAcc></extensions></trkpt>
      <trkpt lon="-117.166456" lat="32.900047"><ele>89.853608</ele><time>2024-08-28T02:55:30Z</time><extensions><speed>1.254916</speed><course>336.543122</course><hAcc>1.518190</hAcc><vAcc>0.830108</vAcc></extensions></trkpt>
      <trkpt lon="-117.166462" lat="32.900057"><ele>90.023654</ele><time>2024-08-28T02:55:31Z</time><extensions><speed>1.069925</speed><course>323.789396</course><hAcc>1.501485</hAcc><vAcc>0.837247</vAcc></extensions></trkpt>
      <trkpt lon="-117.166469" lat="32.900064"><ele>90.208162</ele><time>2024-08-28T02:55:32Z</time><extensions><speed>1.037109</speed><course>314.462037</course><hAcc>1.502629</hAcc><vAcc>0.844164</vAcc></extensions></trkpt>
      <trkpt lon="-117.166477" lat="32.900069"><ele>90.443567</ele><time>2024-08-28T02:55:33Z</time><extensions><speed>0.900307</speed><course>306.074070</course><hAcc>1.536384</hAcc><vAcc>0.850381</vAcc></extensions></trkpt>
      <trkpt lon="-117.166484" lat="32.900073"><ele>90.707370</ele><time>2024-08-28T02:55:34Z</time><extensions><speed>0.629288</speed><course>293.805460</course><hAcc>1.544590</hAcc><vAcc>0.855095</vAcc></extensions></trkpt>
      <trkpt lon="-117.166492" lat="32.900075"><ele>90.950966</ele><time>2024-08-28T02:55:35Z</time><extensions><speed>0.920444</speed><course>282.487418</course><hAcc>1.526703</hAcc><vAcc>0.859778</vAcc></extensions></trkpt>
      <trkpt lon="-117.166503" lat="32.900076"><ele>91.183930</ele><time>2024-08-28T02:55:36Z</time><extensions><speed>1.161519</speed><course>274.758163</course><hAcc>1.516273</hAcc><vAcc>0.862768</vAcc></extensions></trkpt>
      <trkpt lon="-117.166516" lat="32.900076"><ele>91.410099</ele><time>2024-08-28T02:55:37Z</time><extensions><speed>1.310281</speed><course>270.432865</course><hAcc>1.512856</hAcc><vAcc>0.865677</vAcc></extensions></trkpt>
      <trkpt lon="-117.166531" lat="32.900076"><ele>91.633606</ele><time>2024-08-28T02:55:38Z</time><extensions><speed>1.351562</speed><course>266.382708</course><hAcc>1.503839</hAcc><vAcc>0.866833</vAcc></extensions></trkpt>
      <trkpt lon="-117.166545" lat="32.900074"><ele>91.857628</ele><time>2024-08-28T02:55:39Z</time><extensions><speed>1.327074</speed><course>259.176542</course><hAcc>1.495777</hAcc><vAcc>0.867452</vAcc></extensions></trkpt>
      <trkpt lon="-117.166558" lat="32.900072"><ele>92.089738</ele><time>2024-08-28T02:55:40Z</time><extensions><speed>1.205609</speed><course>252.804843</course><hAcc>1.484472</hAcc><vAcc>0.866103</vAcc></extensions></trkpt>
      <trkpt lon="-117.166570" lat="32.900068"><ele>92.320586</ele><time>2024-08-28T02:55:41Z</time><extensions><speed>1.177504</speed><course>248.638543</course><hAcc>1.470269</hAcc><vAcc>0.863767</vAcc></extensions></trkpt>
      <trkpt lon="-117.166581" lat="32.900064"><ele>92.531583</ele><time>2024-08-28T02:55:42Z</time><extensions><speed>1.193441</speed><course>244.028523</course><hAcc>1.445703</hAcc><vAcc>0.860345</vAcc></extensions></trkpt>
      <trkpt lon="-117.166593" lat="32.900058"><ele>92.723581</ele><time>2024-08-28T02:55:43Z</time><extensions><speed>1.348118</speed><course>233.576804</course><hAcc>1.408309</hAcc><vAcc>0.855921</vAcc></extensions></trkpt>
      <trkpt lon="-117.166605" lat="32.900050"><ele>92.909262</ele><time>2024-08-28T02:55:44Z</time><extensions><speed>1.466874</speed><course>229.171520</course><hAcc>1.391201</hAcc><vAcc>0.850707</vAcc></extensions></trkpt>
      <trkpt lon="-117.166617" lat="32.900041"><ele>93.087661</ele><time>2024-08-28T02:55:45Z</time><extensions><speed>1.468949</speed><course>227.985287</course><hAcc>1.402605</hAcc><vAcc>0.844982</vAcc></extensions></trkpt>
      <trkpt lon="-117.166628" lat="32.900032"><ele>93.256399</ele><time>2024-08-28T02:55:46Z</time><extensions><speed>1.490482</speed><course>229.117968</course><hAcc>1.378991</hAcc><vAcc>0.839270</vAcc></extensions></trkpt>
      <trkpt lon="-117.166640" lat="32.900024"><ele>93.401599</ele><time>2024-08-28T02:55:47Z</time><extensions><speed>1.417071</speed><course>231.276909</course><hAcc>1.378792</hAcc><vAcc>0.832758</vAcc></extensions></trkpt>
      <trkpt lon="-117.166652" lat="32.900016"><ele>93.541270</ele><time>2024-08-28T02:55:48Z</time><extensions><speed>1.421383</speed><course>231.967199</course><hAcc>1.359087</hAcc><vAcc>0.825820</vAcc></extensions></trkpt>
      <trkpt lon="-117.166664" lat="32.900008"><ele>93.665545</ele><time>2024-08-28T02:55:49Z</time><extensions><speed>1.331443</speed><course>234.808870</course><hAcc>1.366613</hAcc><vAcc>0.818532</vAcc></extensions></trkpt>
      <trkpt lon="-117.166675" lat="32.900002"><ele>93.783382</ele><time>2024-08-28T02:55:50Z</time><extensions><speed>1.227578</speed><course>239.507008</course><hAcc>1.347059</hAcc><vAcc>0.811047</vAcc></extensions></trkpt>
      <trkpt lon="-117.166686" lat="32.899997"><ele>93.890514</ele><time>2024-08-28T02:55:51Z</time><extensions><speed>1.108485</speed><course>241.675865</course><hAcc>1.338668</hAcc><vAcc>0.803583</vAcc></extensions></trkpt>
      <trkpt lon="-117.166697" lat="32.899992"><ele>93.979385</ele><time>2024-08-28T02:55:52Z</time><extensions><speed>1.165572</speed><course>241.103922</course><hAcc>1.333968</hAcc><vAcc>0.796381</vAcc></extensions></trkpt>
      <trkpt lon="-117.166708" lat="32.899986"><ele>94.064414</ele><time>2024-08-28T02:55:53Z</time><extensions><speed>1.282916</speed><course>235.657758</course><hAcc>1.319468</hAcc><vAcc>0.789661</vAcc></extensions></trkpt>
      <trkpt lon="-117.166719" lat="32.899979"><ele>94.146070</ele><time>2024-08-28T02:55:54Z</time><extensions><speed>1.410449</speed><course>229.410926</course><hAcc>1.300664</hAcc><vAcc>0.783596</vAcc></extensions></trkpt>
      <trkpt lon="-117.166730" lat="32.899970"><ele>94.222136</ele><time>2024-08-28T02:55:55Z</time><extensions><speed>1.428738</speed><course>225.636294</course><hAcc>1.288207</hAcc><vAcc>0.778281</vAcc></extensions></trkpt>
      <trkpt lon="-117.166741" lat="32.899961"><ele>94.291492</ele><time>2024-08-28T02:55:56Z</time><extensions><speed>1.367569</speed><course>221.857091</course><hAcc>1.292446</hAcc><vAcc>0.773721</vAcc></extensions></trkpt>
      <trkpt lon="-117.166750" lat="32.899951"><ele>94.347058</ele><time>2024-08-28T02:55:57Z</time><extensions><speed>1.397259</speed><course>218.314977</course><hAcc>1.256119</hAcc><vAcc>0.769874</vAcc></extensions></trkpt>
      <trkpt lon="-117.166760" lat="32.899941"><ele>94.394524</ele><time>2024-08-28T02:55:58Z</time><extensions><speed>1.480634</speed><course>220.577112</course><hAcc>1.243476</hAcc><vAcc>0.766697</vAcc></extensions></trkpt>
      <trkpt lon="-117.166770" lat="32.899932"><ele>94.433614</ele><time>2024-08-28T02:55:59Z</time><extensions><speed>1.381041</speed><course>221.998039</course><hAcc>1.254334</hAcc><vAcc>0.764138</vAcc></extensions></trkpt>
      <trkpt lon="-117.166779" lat="32.899922"><ele>94.473450</ele><time>2024-08-28T02:56:00Z</time><extensions><speed>1.319309</speed><course>214.250328</course><hAcc>1.235051</hAcc><vAcc>0.762129</vAcc></extensions></trkpt>
      <trkpt lon="-117.166787" lat="32.899912"><ele>94.512590</ele><time>2024-08-28T02:56:01Z</time><extensions><speed>1.309891</speed><course>211.723171</course><hAcc>1.227916</hAcc><vAcc>0.760588</vAcc></extensions></trkpt>
      <trkpt lon="-117.166794" lat="32.899902"><ele>94.557655</ele><time>2024-08-28T02:56:02Z</time><extensions><speed>1.273144</speed><course>213.309698</course><hAcc>1.228344</hAcc><vAcc>0.759435</vAcc></extensions></trkpt>
      <trkpt lon="-117.166801" lat="32.899893"><ele>94.593126</ele><time>2024-08-28T02:56:03Z</time><extensions><speed>1.264403</speed><course>207.134729</course><hAcc>1.233024</hAcc><vAcc>0.758593</vAcc></extensions></trkpt>
      <trkpt lon="-117.166806" lat="32.899882"><ele>94.617327</ele><time>2024-08-28T02:56:04Z</time><extensions><speed>1.212509</speed><course>202.731469</course><hAcc>1.237688</hAcc><vAcc>0.757993</vAcc></extensions></trkpt>
      <trkpt lon="-117.166811" lat="32.899872"><ele>94.634801</ele><time>2024-08-28T02:56:05Z</time><extensions><speed>1.170725</speed><course>202.448435</course><hAcc>1.242852</hAcc><vAcc>0.757576</vAcc></extensions></trkpt>
      <trkpt lon="-117.166816" lat="32.899863"><ele>94.651509</ele><time>2024-08-28T02:56:06Z</time><extensions><speed>1.099831</speed><course>202.544768</course><hAcc>1.243085</hAcc><vAcc>0.757294</vAcc></extensions></trkpt>
      <trkpt lon="-117.166820" lat="32.899854"><ele>94.657137</ele><time>2024-08-28T02:56:07Z</time><extensions><speed>1.029863</speed><course>201.749620</course><hAcc>1.231755</hAcc><vAcc>0.757108</vAcc></extensions></trkpt>
      <trkpt lon="-117.166824" lat="32.899845"><ele>94.657282</ele><time>2024-08-28T02:56:08Z</time><extensions><speed>1.059881</speed><course>200.740041</course><hAcc>1.233905</hAcc><vAcc>0.756989</vAcc></extensions></trkpt>
      <trkpt lon="-117.166828" lat="32.899836"><ele>94.662809</ele><time>2024-08-28T02:56:09Z</time><extensions><speed>1.101341</speed><course>196.051243</course><hAcc>1.226883</hAcc><vAcc>0.756914</vAcc></extensions></trkpt>
      <trkpt lon="-117.166831" lat="32.899826"><ele>94.678471</ele><time>2024-08-28T02:56:10Z</time><extensions><speed>1.148587</speed><course>192.620736</course><hAcc>1.222285</hAcc><vAcc>0.756868</vAcc></extensions></trkpt>
      <trkpt lon="-117.166833" lat="32.899816"><ele>94.711146</ele><time>2024-08-28T02:56:11Z</time><extensions><speed>1.202353</speed><course>188.607630</course><hAcc>1.215961</hAcc><vAcc>0.756840</vAcc></extensions></trkpt>
      <trkpt lon="-117.166835" lat="32.899805"><ele>94.753301</ele><time>2024-08-28T02:56:12Z</time><extensions><speed>1.286530</speed><course>189.622628</course><hAcc>1.207897</hAcc><vAcc>0.756822</vAcc></extensions></trkpt>
      <trkpt lon="-117.166838" lat="32.899793"><ele>94.799059</ele><time>2024-08-28T02:56:13Z</time><extensions><speed>1.304201</speed><course>189.544008</course><hAcc>1.202444</hAcc><vAcc>0.756810</vAcc></extensions></trkpt>
      <trkpt lon="-117.166840" lat="32.899782"><ele>94.845410</ele><time>2024-08-28T02:56:14Z</time><extensions><speed>1.236764</speed><course>190.308493</course><hAcc>1.195943</hAcc><vAcc>0.756802</vAcc></extensions></trkpt>
      <trkpt lon="-117.166842" lat="32.899771"><ele>94.899833</ele><time>2024-08-28T02:56:15Z</time><extensions><speed>1.196986</speed><course>186.164989</course><hAcc>1.193809</hAcc><vAcc>0.756794</vAcc></extensions></trkpt>
      <trkpt lon="-117.166843" lat="32.899761"><ele>94.958895</ele><time>2024-08-28T02:56:16Z</time><extensions><speed>1.138087</speed><course>186.548045</course><hAcc>1.194236</hAcc><vAcc>0.756788</vAcc></extensions></trkpt>
      <trkpt lon="-117.166844" lat="32.899750"><ele>95.021732</ele><time>2024-08-28T02:56:17Z</time><extensions><speed>1.198471</speed><course>185.009061</course><hAcc>1.190639</hAcc><vAcc>0.756781</vAcc></extensions></trkpt>
      <trkpt lon="-117.166845" lat="32.899739"><ele>95.090503</ele><time>2024-08-28T02:56:18Z</time><extensions><speed>1.240116</speed><course>181.846120</course><hAcc>1.192774</hAcc><vAcc>0.756775</vAcc></extensions></trkpt>
      <trkpt lon="-117.166845" lat="32.899728"><ele>95.165811</ele><time>2024-08-28T02:56:19Z</time><extensions><speed>1.277366</speed><course>178.813933</course><hAcc>1.204320</hAcc><vAcc>0.756770</vAcc></extensions></trkpt>
      <trkpt lon="-117.166845" lat="32.899716"><ele>95.241493</ele><time>2024-08-28T02:56:20Z</time><extensions><speed>1.288983</speed><course>177.520008</course><hAcc>1.214496</hAcc><vAcc>0.756765</vAcc></extensions></trkpt>
      <trkpt lon="-117.166844" lat="32.899705"><ele>95.314139</ele><time>2024-08-28T02:56:21Z</time><extensions><speed>1.177516</speed><course>173.096968</course><hAcc>1.221551</hAcc><vAcc>0.756760</vAcc></extensions></trkpt>
      <trkpt lon="-117.166842" lat="32.899695"><ele>95.382377</ele><time>2024-08-28T02:56:22Z</time><extensions><speed>1.023638</speed><course>173.194265</course><hAcc>1.236358</hAcc><vAcc>0.756896</vAcc></extensions></trkpt>
      <trkpt lon="-117.166842" lat="32.899686"><ele>95.439302</ele><time>2024-08-28T02:56:23Z</time><extensions><speed>1.007433</speed><course>179.735135</course><hAcc>1.267234</hAcc><vAcc>0.756957</vAcc></extensions></trkpt>
      <trkpt lon="-117.166842" lat="32.899677"><ele>95.480751</ele><time>2024-08-28T02:56:24Z</time><extensions><speed>1.069483</speed><course>183.185670</course><hAcc>1.286720</hAcc><vAcc>0.757154</vAcc></extensions></trkpt>
      <trkpt lon="-117.166842" lat="32.899667"><ele>95.518087</ele><time>2024-08-28T02:56:25Z</time><extensions><speed>1.128694</speed><course>180.510699</course><hAcc>1.303026</hAcc><vAcc>0.757740</vAcc></extensions></trkpt>
      <trkpt lon="-117.166842" lat="32.899657"><ele>95.550039</ele><time>2024-08-28T02:56:26Z</time><extensions><speed>1.147722</speed><course>179.142659</course><hAcc>1.319428</hAcc><vAcc>0.758987</vAcc></extensions></trkpt>
      <trkpt lon="-117.166842" lat="32.899646"><ele>95.566856</ele><time>2024-08-28T02:56:27Z</time><extensions><speed>1.145883</speed><course>178.053993</course><hAcc>1.335393</hAcc><vAcc>0.760755</vAcc></extensions></trkpt>
      <trkpt lon="-117.166841" lat="32.899636"><ele>95.575095</ele><time>2024-08-28T02:56:28Z</time><extensions><speed>1.140233</speed><course>176.498390</course><hAcc>1.352399</hAcc><vAcc>0.763106</vAcc></extensions></trkpt>
      <trkpt lon="-117.166840" lat="32.899626"><ele>95.562447</ele><time>2024-08-28T02:56:29Z</time><extensions><speed>1.130830</speed><course>175.548258</course><hAcc>1.368002</hAcc><vAcc>0.765843</vAcc></extensions></trkpt>
      <trkpt lon="-117.166839" lat="32.899616"><ele>95.534890</ele><time>2024-08-28T02:56:30Z</time><extensions><speed>1.113897</speed><course>175.879860</course><hAcc>1.385055</hAcc><vAcc>0.769237</vAcc></extensions></trkpt>
      <trkpt lon="-117.166839" lat="32.899606"><ele>95.498044</ele><time>2024-08-28T02:56:31Z</time><extensions><speed>1.130845</speed><course>178.062785</course><hAcc>1.401950</hAcc><vAcc>0.772808</vAcc></extensions></trkpt>
      <trkpt lon="-117.166839" lat="32.899595"><ele>95.455889</ele><time>2024-08-28T02:56:32Z</time><extensions><speed>1.198581</speed><course>180.677359</course><hAcc>1.417891</hAcc><vAcc>0.776988</vAcc></extensions></trkpt>
      <trkpt lon="-117.166839" lat="32.899584"><ele>95.407842</ele><time>2024-08-28T02:56:33Z</time><extensions><speed>1.266182</speed><course>181.385299</course><hAcc>1.430599</hAcc><vAcc>0.781601</vAcc></extensions></trkpt>
      <trkpt lon="-117.166839" lat="32.899572"><ele>95.359767</ele><time>2024-08-28T02:56:34Z</time><extensions><speed>1.322758</speed><course>182.341492</course><hAcc>1.439940</hAcc><vAcc>0.786036</vAcc></extensions></trkpt>
      <trkpt lon="-117.166840" lat="32.899560"><ele>95.324590</ele><time>2024-08-28T02:56:35Z</time><extensions><speed>1.323906</speed><course>184.383154</course><hAcc>1.454191</hAcc><vAcc>0.790671</vAcc></extensions></trkpt>
      <trkpt lon="-117.166841" lat="32.899548"><ele>95.283426</ele><time>2024-08-28T02:56:36Z</time><extensions><speed>1.386604</speed><course>185.764076</course><hAcc>1.464513</hAcc><vAcc>0.795322</vAcc></extensions></trkpt>
      <trkpt lon="-117.166843" lat="32.899535"><ele>95.237290</ele><time>2024-08-28T02:56:37Z</time><extensions><speed>1.392297</speed><course>185.678059</course><hAcc>1.464426</hAcc><vAcc>0.799509</vAcc></extensions></trkpt>
      <trkpt lon="-117.166844" lat="32.899523"><ele>95.197237</ele><time>2024-08-28T02:56:38Z</time><extensions><speed>1.417425</speed><course>186.596641</course><hAcc>1.466049</hAcc><vAcc>0.802968</vAcc></extensions></trkpt>
      <trkpt lon="-117.166846" lat="32.899510"><ele>95.164529</ele><time>2024-08-28T02:56:39Z</time><extensions><speed>1.414201</speed><course>189.944558</course><hAcc>1.474144</hAcc><vAcc>0.805788</vAcc></extensions></trkpt>
      <trkpt lon="-117.166849" lat="32.899498"><ele>95.145497</ele><time>2024-08-28T02:56:40Z</time><extensions><speed>1.317161</speed><course>189.045574</course><hAcc>1.476592</hAcc><vAcc>0.808240</vAcc></extensions></trkpt>
      <trkpt lon="-117.166850" lat="32.899486"><ele>95.123933</ele><time>2024-08-28T02:56:41Z</time><extensions><speed>1.286413</speed><course>184.697414</course><hAcc>1.478180</hAcc><vAcc>0.810316</vAcc></extensions></trkpt>
      <trkpt lon="-117.166850" lat="32.899474"><ele>95.118534</ele><time>2024-08-28T02:56:42Z</time><extensions><speed>1.365666</speed><course>178.100922</course><hAcc>1.486024</hAcc><vAcc>0.812670</vAcc></extensions></trkpt>
      <trkpt lon="-117.166849" lat="32.899462"><ele>95.131296</ele><time>2024-08-28T02:56:43Z</time><extensions><speed>1.407293</speed><course>172.595024</course><hAcc>1.496214</hAcc><vAcc>0.814649</vAcc></extensions></trkpt>
      <trkpt lon="-117.166847" lat="32.899450"><ele>95.160118</ele><time>2024-08-28T02:56:44Z</time><extensions><speed>1.303634</speed><course>173.186346</course><hAcc>1.497515</hAcc><vAcc>0.816739</vAcc></extensions></trkpt>
      <trkpt lon="-117.166846" lat="32.899438"><ele>95.196550</ele><time>2024-08-28T02:56:45Z</time><extensions><speed>1.199820</speed><course>173.212548</course><hAcc>1.501460</hAcc><vAcc>0.818407</vAcc></extensions></trkpt>
      <trkpt lon="-117.166844" lat="32.899428"><ele>95.236971</ele><time>2024-08-28T02:56:46Z</time><extensions><speed>1.201182</speed><course>173.856892</course><hAcc>1.508174</hAcc><vAcc>0.819536</vAcc></extensions></trkpt>
      <trkpt lon="-117.166843" lat="32.899416"><ele>95.278825</ele><time>2024-08-28T02:56:47Z</time><extensions><speed>1.320426</speed><course>172.866731</course><hAcc>1.499464</hAcc><vAcc>0.820757</vAcc></extensions></trkpt>
      <trkpt lon="-117.166841" lat="32.899404"><ele>95.322442</ele><time>2024-08-28T02:56:48Z</time><extensions><speed>1.286571</speed><course>170.137027</course><hAcc>1.484116</hAcc><vAcc>0.821903</vAcc></extensions></trkpt>
      <trkpt lon="-117.166838" lat="32.899394"><ele>95.378372</ele><time>2024-08-28T02:56:49Z</time><extensions><speed>1.170148</speed><course>161.493202</course><hAcc>1.463227</hAcc><vAcc>0.823617</vAcc></extensions></trkpt>
      <trkpt lon="-117.166832" lat="32.899384"><ele>95.423305</ele><time>2024-08-28T02:56:50Z</time><extensions><speed>1.189832</speed><course>146.180052</course><hAcc>1.440221</hAcc><vAcc>0.824733</vAcc></extensions></trkpt>
      <trkpt lon="-117.166824" lat="32.899375"><ele>95.476131</ele><time>2024-08-28T02:56:51Z</time><extensions><speed>1.344173</speed><course>135.556233</course><hAcc>1.428726</hAcc><vAcc>0.825019</vAcc></extensions></trkpt>
      <trkpt lon="-117.166813" lat="32.899367"><ele>95.530415</ele><time>2024-08-28T02:56:52Z</time><extensions><speed>1.304961</speed><course>128.703935</course><hAcc>1.450833</hAcc><vAcc>0.824793</vAcc></extensions></trkpt>
      <trkpt lon="-117.166803" lat="32.899359"><ele>95.607967</ele><time>2024-08-28T02:56:53Z</time><extensions><speed>1.342832</speed><course>136.266997</course><hAcc>1.418511</hAcc><vAcc>0.823989</vAcc></extensions></trkpt>
      <trkpt lon="-117.166795" lat="32.899350"><ele>95.671774</ele><time>2024-08-28T02:56:54Z</time><extensions><speed>1.230747</speed><course>150.006263</course><hAcc>1.421092</hAcc><vAcc>0.822460</vAcc></extensions></trkpt>
      <trkpt lon="-117.166789" lat="32.899341"><ele>95.727162</ele><time>2024-08-28T02:56:55Z</time><extensions><speed>1.115464</speed><course>160.455980</course><hAcc>1.382482</hAcc><vAcc>0.820639</vAcc></extensions></trkpt>
      <trkpt lon="-117.166785" lat="32.899331"><ele>95.781587</ele><time>2024-08-28T02:56:56Z</time><extensions><speed>1.147803</speed><course>163.964417</course><hAcc>1.365232</hAcc><vAcc>0.818071</vAcc></extensions></trkpt>
      <trkpt lon="-117.166781" lat="32.899321"><ele>95.845904</ele><time>2024-08-28T02:56:57Z</time><extensions><speed>1.286092</speed><course>160.097308</course><hAcc>1.367394</hAcc><vAcc>0.815135</vAcc></extensions></trkpt>
      <trkpt lon="-117.166776" lat="32.899310"><ele>95.909707</ele><time>2024-08-28T02:56:58Z</time><extensions><speed>1.389189</speed><course>155.036389</course><hAcc>1.368373</hAcc><vAcc>0.811801</vAcc></extensions></trkpt>
      <trkpt lon="-117.166769" lat="32.899299"><ele>95.968655</ele><time>2024-08-28T02:56:59Z</time><extensions><speed>1.320236</speed><course>149.594417</course><hAcc>1.391310</hAcc><vAcc>0.808000</vAcc></extensions></trkpt>
      <trkpt lon="-117.166762" lat="32.899289"><ele>96.013514</ele><time>2024-08-28T02:57:00Z</time><extensions><speed>1.313678</speed><course>150.400422</course><hAcc>1.346881</hAcc><vAcc>0.803705</vAcc></extensions></trkpt>
      <trkpt lon="-117.166755" lat="32.899279"><ele>96.049529</ele><time>2024-08-28T02:57:01Z</time><extensions><speed>1.291199</speed><course>148.160573</course><hAcc>1.327987</hAcc><vAcc>0.798987</vAcc></extensions></trkpt>
      <trkpt lon="-117.166748" lat="32.899269"><ele>96.095399</ele><time>2024-08-28T02:57:02Z</time><extensions><speed>1.158591</speed><course>144.117678</course><hAcc>1.326571</hAcc><vAcc>0.794000</vAcc></extensions></trkpt>
      <trkpt lon="-117.166741" lat="32.899261"><ele>96.146205</ele><time>2024-08-28T02:57:03Z</time><extensions><speed>1.139739</speed><course>140.011580</course><hAcc>1.322786</hAcc><vAcc>0.788922</vAcc></extensions></trkpt>
      <trkpt lon="-117.166732" lat="32.899253"><ele>96.185862</ele><time>2024-08-28T02:57:04Z</time><extensions><speed>1.220375</speed><course>135.120663</course><hAcc>1.321950</hAcc><vAcc>0.783927</vAcc></extensions></trkpt>
      <trkpt lon="-117.166723" lat="32.899246"><ele>96.215805</ele><time>2024-08-28T02:57:05Z</time><extensions><speed>1.238078</speed><course>132.961700</course><hAcc>1.315375</hAcc><vAcc>0.779177</vAcc></extensions></trkpt>
      <trkpt lon="-117.166713" lat="32.899239"><ele>96.225449</ele><time>2024-08-28T02:57:06Z</time><extensions><speed>1.192388</speed><course>129.795618</course><hAcc>1.297644</hAcc><vAcc>0.774813</vAcc></extensions></trkpt>
      <trkpt lon="-117.166703" lat="32.899232"><ele>96.239984</ele><time>2024-08-28T02:57:07Z</time><extensions><speed>1.199500</speed><course>127.441762</course><hAcc>1.274994</hAcc><vAcc>0.770947</vAcc></extensions></trkpt>
      <trkpt lon="-117.166693" lat="32.899226"><ele>96.258367</ele><time>2024-08-28T02:57:08Z</time><extensions><speed>1.165215</speed><course>123.998526</course><hAcc>1.262984</hAcc><vAcc>0.767641</vAcc></extensions></trkpt>
      <trkpt lon="-117.166683" lat="32.899220"><ele>96.281001</ele><time>2024-08-28T02:57:09Z</time><extensions><speed>1.108626</speed><course>123.610704</course><hAcc>1.265011</hAcc><vAcc>0.764906</vAcc></extensions></trkpt>
      <trkpt lon="-117.166673" lat="32.899215"><ele>96.300940</ele><time>2024-08-28T02:57:10Z</time><extensions><speed>1.084063</speed><course>122.748416</course><hAcc>1.291766</hAcc><vAcc>0.762711</vAcc></extensions></trkpt>
      <trkpt lon="-117.166664" lat="32.899211"><ele>96.310872</ele><time>2024-08-28T02:57:11Z</time><extensions><speed>0.826925</speed><course>109.726262</course><hAcc>1.256201</hAcc><vAcc>0.761000</vAcc></extensions></trkpt>
      <trkpt lon="-117.166655" lat="32.899209"><ele>96.317545</ele><time>2024-08-28T02:57:12Z</time><extensions><speed>0.877064</speed><course>97.350560</course><hAcc>1.237167</hAcc><vAcc>0.759703</vAcc></extensions></trkpt>
      <trkpt lon="-117.166645" lat="32.899208"><ele>96.324787</ele><time>2024-08-28T02:57:13Z</time><extensions><speed>1.056530</speed><course>91.771807</course><hAcc>1.242425</hAcc><vAcc>0.758748</vAcc></extensions></trkpt>
      <trkpt lon="-117.166632" lat="32.899208"><ele>96.332002</ele><time>2024-08-28T02:57:14Z</time><extensions><speed>1.219886</speed><course>90.165797</course><hAcc>1.253518</hAcc><vAcc>0.758065</vAcc></extensions></trkpt>
      <trkpt lon="-117.166619" lat="32.899208"><ele>96.334122</ele><time>2024-08-28T02:57:15Z</time><extensions><speed>1.340384</speed><course>88.562534</course><hAcc>1.264217</hAcc><vAcc>0.757654</vAcc></extensions></trkpt>
      <trkpt lon="-117.166605" lat="32.899209"><ele>96.336474</ele><time>2024-08-28T02:57:16Z</time><extensions><speed>1.267213</speed><course>88.502975</course><hAcc>1.290195</hAcc><vAcc>0.757867</vAcc></extensions></trkpt>
      <trkpt lon="-117.166591" lat="32.899210"><ele>96.339023</ele><time>2024-08-28T02:57:17Z</time><extensions><speed>1.231830</speed><course>82.830843</course><hAcc>1.274179</hAcc><vAcc>0.758549</vAcc></extensions></trkpt>
      <trkpt lon="-117.166579" lat="32.899211"><ele>96.340062</ele><time>2024-08-28T02:57:18Z</time><extensions><speed>1.185461</speed><course>83.720547</course><hAcc>1.274329</hAcc><vAcc>0.759592</vAcc></extensions></trkpt>
      <trkpt lon="-117.166566" lat="32.899212"><ele>96.352344</ele><time>2024-08-28T02:57:19Z</time><extensions><speed>1.170424</speed><course>88.913406</course><hAcc>1.293926</hAcc><vAcc>0.760978</vAcc></extensions></trkpt>
      <trkpt lon="-117.166554" lat="32.899212"><ele>96.364239</ele><time>2024-08-28T02:57:20Z</time><extensions><speed>1.155650</speed><course>92.008335</course><hAcc>1.320185</hAcc><vAcc>0.762201</vAcc></extensions></trkpt>
      <trkpt lon="-117.166541" lat="32.899211"><ele>96.368930</ele><time>2024-08-28T02:57:21Z</time><extensions><speed>1.129313</speed><course>94.265305</course><hAcc>1.346974</hAcc><vAcc>0.763602</vAcc></extensions></trkpt>
      <trkpt lon="-117.166529" lat="32.899210"><ele>96.371046</ele><time>2024-08-28T02:57:22Z</time><extensions><speed>1.243925</speed><course>93.210206</course><hAcc>1.370740</hAcc><vAcc>0.765136</vAcc></extensions></trkpt>
      <trkpt lon="-117.166515" lat="32.899210"><ele>96.376085</ele><time>2024-08-28T02:57:23Z</time><extensions><speed>1.288312</speed><course>90.950039</course><hAcc>1.387140</hAcc><vAcc>0.766733</vAcc></extensions></trkpt>
      <trkpt lon="-117.166501" lat="32.899210"><ele>96.383214</ele><time>2024-08-28T02:57:24Z</time><extensions><speed>1.314883</speed><course>89.275525</course><hAcc>1.400738</hAcc><vAcc>0.768284</vAcc></extensions></trkpt>
      <trkpt lon="-117.166487" lat="32.899210"><ele>96.387497</ele><time>2024-08-28T02:57:25Z</time><extensions><speed>1.300593</speed><course>89.048063</course><hAcc>1.414291</hAcc><vAcc>0.769642</vAcc></extensions></trkpt>
      <trkpt lon="-117.166473" lat="32.899211"><ele>96.388356</ele><time>2024-08-28T02:57:26Z</time><extensions><speed>1.276528</speed><course>89.988386</course><hAcc>1.426133</hAcc><vAcc>0.770758</vAcc></extensions></trkpt>
      <trkpt lon="-117.166460" lat="32.899210"><ele>96.384199</ele><time>2024-08-28T02:57:27Z</time><extensions><speed>1.273464</speed><course>91.679380</course><hAcc>1.435607</hAcc><vAcc>0.771625</vAcc></extensions></trkpt>
      <trkpt lon="-117.166446" lat="32.899210"><ele>96.368263</ele><time>2024-08-28T02:57:28Z</time><extensions><speed>1.302351</speed><course>94.249102</course><hAcc>1.441011</hAcc><vAcc>0.772190</vAcc></extensions></trkpt>
      <trkpt lon="-117.166432" lat="32.899209"><ele>96.337331</ele><time>2024-08-28T02:57:29Z</time><extensions><speed>1.315908</speed><course>97.826101</course><hAcc>1.444615</hAcc><vAcc>0.772377</vAcc></extensions></trkpt>
      <trkpt lon="-117.166418" lat="32.899207"><ele>96.298725</ele><time>2024-08-28T02:57:30Z</time><extensions><speed>1.295797</speed><course>98.938043</course><hAcc>1.450472</hAcc><vAcc>0.772344</vAcc></extensions></trkpt>
      <trkpt lon="-117.166405" lat="32.899205"><ele>96.259632</ele><time>2024-08-28T02:57:31Z</time><extensions><speed>1.301820</speed><course>94.477501</course><hAcc>1.457746</hAcc><vAcc>0.772391</vAcc></extensions></trkpt>
      <trkpt lon="-117.166391" lat="32.899205"><ele>96.217496</ele><time>2024-08-28T02:57:32Z</time><extensions><speed>1.297633</speed><course>91.085260</course><hAcc>1.461989</hAcc><vAcc>0.772761</vAcc></extensions></trkpt>
      <trkpt lon="-117.166377" lat="32.899205"><ele>96.175869</ele><time>2024-08-28T02:57:33Z</time><extensions><speed>1.321394</speed><course>90.086171</course><hAcc>1.467925</hAcc><vAcc>0.773442</vAcc></extensions></trkpt>
      <trkpt lon="-117.166363" lat="32.899205"><ele>96.131286</ele><time>2024-08-28T02:57:34Z</time><extensions><speed>1.262495</speed><course>92.399964</course><hAcc>1.476864</hAcc><vAcc>0.774477</vAcc></extensions></trkpt>
      <trkpt lon="-117.166350" lat="32.899204"><ele>96.083308</ele><time>2024-08-28T02:57:35Z</time><extensions><speed>1.185747</speed><course>96.175536</course><hAcc>1.486982</hAcc><vAcc>0.775997</vAcc></extensions></trkpt>
      <trkpt lon="-117.166338" lat="32.899202"><ele>96.039816</ele><time>2024-08-28T02:57:36Z</time><extensions><speed>1.169105</speed><course>100.169762</course><hAcc>1.498323</hAcc><vAcc>0.777410</vAcc></extensions></trkpt>
      <trkpt lon="-117.166326" lat="32.899200"><ele>95.997665</ele><time>2024-08-28T02:57:37Z</time><extensions><speed>1.145395</speed><course>102.361364</course><hAcc>1.505691</hAcc><vAcc>0.778781</vAcc></extensions></trkpt>
      <trkpt lon="-117.166314" lat="32.899198"><ele>95.958868</ele><time>2024-08-28T02:57:38Z</time><extensions><speed>1.081731</speed><course>101.161748</course><hAcc>1.502830</hAcc><vAcc>0.779933</vAcc></extensions></trkpt>
      <trkpt lon="-117.166303" lat="32.899197"><ele>95.919049</ele><time>2024-08-28T02:57:39Z</time><extensions><speed>0.910455</speed><course>97.800218</course><hAcc>1.491058</hAcc><vAcc>0.780677</vAcc></extensions></trkpt>
      <trkpt lon="-117.166294" lat="32.899197"><ele>95.895302</ele><time>2024-08-28T02:57:40Z</time><extensions><speed>0.786835</speed><course>84.291954</course><hAcc>1.470968</hAcc><vAcc>0.780886</vAcc></extensions></trkpt>
      <trkpt lon="-117.166286" lat="32.899198"><ele>95.855476</ele><time>2024-08-28T02:57:41Z</time><extensions><speed>0.891736</speed><course>70.754688</course><hAcc>1.469788</hAcc><vAcc>0.780497</vAcc></extensions></trkpt>
      <trkpt lon="-117.166276" lat="32.899202"><ele>95.806790</ele><time>2024-08-28T02:57:42Z</time><extensions><speed>1.051474</speed><course>64.918059</course><hAcc>1.454007</hAcc><vAcc>0.779634</vAcc></extensions></trkpt>
      <trkpt lon="-117.166265" lat="32.899206"><ele>95.750990</ele><time>2024-08-28T02:57:43Z</time><extensions><speed>1.251099</speed><course>63.800813</course><hAcc>1.434091</hAcc><vAcc>0.778142</vAcc></extensions></trkpt>
      <trkpt lon="-117.166252" lat="32.899211"><ele>95.703793</ele><time>2024-08-28T02:57:44Z</time><extensions><speed>1.364195</speed><course>64.862030</course><hAcc>1.416713</hAcc><vAcc>0.776421</vAcc></extensions></trkpt>
      <trkpt lon="-117.166240" lat="32.899217"><ele>95.655140</ele><time>2024-08-28T02:57:45Z</time><extensions><speed>1.358461</speed><course>59.792524</course><hAcc>1.404512</hAcc><vAcc>0.774259</vAcc></extensions></trkpt>
      <trkpt lon="-117.166228" lat="32.899223"><ele>95.603532</ele><time>2024-08-28T02:57:46Z</time><extensions><speed>1.323484</speed><course>56.078438</course><hAcc>1.394893</hAcc><vAcc>0.772091</vAcc></extensions></trkpt>
      <trkpt lon="-117.166216" lat="32.899230"><ele>95.546567</ele><time>2024-08-28T02:57:47Z</time><extensions><speed>1.287404</speed><course>57.267373</course><hAcc>1.389114</hAcc><vAcc>0.769898</vAcc></extensions></trkpt>
      <trkpt lon="-117.166204" lat="32.899235"><ele>95.482229</ele><time>2024-08-28T02:57:48Z</time><extensions><speed>1.249153</speed><course>62.826606</course><hAcc>1.386884</hAcc><vAcc>0.767898</vAcc></extensions></trkpt>
      <trkpt lon="-117.166192" lat="32.899240"><ele>95.398046</ele><time>2024-08-28T02:57:49Z</time><extensions><speed>1.182106</speed><course>66.243455</course><hAcc>1.383046</hAcc><vAcc>0.766174</vAcc></extensions></trkpt>
      <trkpt lon="-117.166181" lat="32.899244"><ele>95.297131</ele><time>2024-08-28T02:57:50Z</time><extensions><speed>1.072256</speed><course>64.835539</course><hAcc>1.372201</hAcc><vAcc>0.765025</vAcc></extensions></trkpt>
      <trkpt lon="-117.166171" lat="32.899248"><ele>95.182076</ele><time>2024-08-28T02:57:51Z</time><extensions><speed>1.136326</speed><course>64.246943</course><hAcc>1.373943</hAcc><vAcc>0.764148</vAcc></extensions></trkpt>
      <trkpt lon="-117.166160" lat="32.899253"><ele>95.067666</ele><time>2024-08-28T02:57:52Z</time><extensions><speed>1.196466</speed><course>63.988665</course><hAcc>1.370066</hAcc><vAcc>0.763990</vAcc></extensions></trkpt>
      <trkpt lon="-117.166148" lat="32.899258"><ele>94.947282</ele><time>2024-08-28T02:57:53Z</time><extensions><speed>1.223917</speed><course>64.511420</course><hAcc>1.361252</hAcc><vAcc>0.764288</vAcc></extensions></trkpt>
      <trkpt lon="-117.166135" lat="32.899262"><ele>94.818216</ele><time>2024-08-28T02:57:54Z</time><extensions><speed>1.284605</speed><course>72.594212</course><hAcc>1.347146</hAcc><vAcc>0.764542</vAcc></extensions></trkpt>
      <trkpt lon="-117.166122" lat="32.899264"><ele>94.681799</ele><time>2024-08-28T02:57:55Z</time><extensions><speed>1.317333</speed><course>79.579273</course><hAcc>1.339820</hAcc><vAcc>0.765180</vAcc></extensions></trkpt>
      <trkpt lon="-117.166108" lat="32.899266"><ele>94.549548</ele><time>2024-08-28T02:57:56Z</time><extensions><speed>1.293968</speed><course>82.907692</course><hAcc>1.349355</hAcc><vAcc>0.766128</vAcc></extensions></trkpt>
      <trkpt lon="-117.166094" lat="32.899267"><ele>94.400531</ele><time>2024-08-28T02:57:57Z</time><extensions><speed>1.390455</speed><course>93.486037</course><hAcc>1.327454</hAcc><vAcc>0.767189</vAcc></extensions></trkpt>
      <trkpt lon="-117.166078" lat="32.899265"><ele>94.245546</ele><time>2024-08-28T02:57:58Z</time><extensions><speed>1.572051</speed><course>100.063606</course><hAcc>1.316808</hAcc><vAcc>0.768638</vAcc></extensions></trkpt>
      <trkpt lon="-117.166061" lat="32.899262"><ele>94.090180</ele><time>2024-08-28T02:57:59Z</time><extensions><speed>1.618724</speed><course>103.464255</course><hAcc>1.313725</hAcc><vAcc>0.769862</vAcc></extensions></trkpt>
      <trkpt lon="-117.166045" lat="32.899258"><ele>93.934230</ele><time>2024-08-28T02:58:00Z</time><extensions><speed>1.595937</speed><course>105.973192</course><hAcc>1.313437</hAcc><vAcc>0.771664</vAcc></extensions></trkpt>
      <trkpt lon="-117.166029" lat="32.899254"><ele>93.785678</ele><time>2024-08-28T02:58:01Z</time><extensions><speed>1.516208</speed><course>112.023007</course><hAcc>1.303676</hAcc><vAcc>0.773602</vAcc></extensions></trkpt>
      <trkpt lon="-117.166014" lat="32.899248"><ele>93.655593</ele><time>2024-08-28T02:58:02Z</time><extensions><speed>1.518133</speed><course>114.588595</course><hAcc>1.310162</hAcc><vAcc>0.775139</vAcc></extensions></trkpt>
      <trkpt lon="-117.166000" lat="32.899243"><ele>93.537681</ele><time>2024-08-28T02:58:03Z</time><extensions><speed>1.453419</speed><course>116.170555</course><hAcc>1.315573</hAcc><vAcc>0.776135</vAcc></extensions></trkpt>
      <trkpt lon="-117.165986" lat="32.899237"><ele>93.430763</ele><time>2024-08-28T02:58:04Z</time><extensions><speed>1.366628</speed><course>116.998601</course><hAcc>1.297595</hAcc><vAcc>0.776784</vAcc></extensions></trkpt>
      <trkpt lon="-117.165974" lat="32.899232"><ele>93.327244</ele><time>2024-08-28T02:58:05Z</time><extensions><speed>1.265887</speed><course>115.857564</course><hAcc>1.291216</hAcc><vAcc>0.777104</vAcc></extensions></trkpt>
      <trkpt lon="-117.165961" lat="32.899226"><ele>93.225132</ele><time>2024-08-28T02:58:06Z</time><extensions><speed>1.322451</speed><course>116.088900</course><hAcc>1.287177</hAcc><vAcc>0.777112</vAcc></extensions></trkpt>
      <trkpt lon="-117.165949" lat="32.899221"><ele>93.121294</ele><time>2024-08-28T02:58:07Z</time><extensions><speed>1.354121</speed><course>118.157403</course><hAcc>1.279117</hAcc><vAcc>0.776817</vAcc></extensions></trkpt>
      <trkpt lon="-117.165936" lat="32.899215"><ele>93.019020</ele><time>2024-08-28T02:58:08Z</time><extensions><speed>1.377228</speed><course>119.903786</course><hAcc>1.267490</hAcc><vAcc>0.776452</vAcc></extensions></trkpt>
      <trkpt lon="-117.165923" lat="32.899208"><ele>92.918433</ele><time>2024-08-28T02:58:09Z</time><extensions><speed>1.448903</speed><course>122.385752</course><hAcc>1.254273</hAcc><vAcc>0.775646</vAcc></extensions></trkpt>
      <trkpt lon="-117.165910" lat="32.899201"><ele>92.826051</ele><time>2024-08-28T02:58:10Z</time><extensions><speed>1.468407</speed><course>121.732318</course><hAcc>1.259735</hAcc><vAcc>0.774583</vAcc></extensions></trkpt>
      <trkpt lon="-117.165897" lat="32.899195"><ele>92.735056</ele><time>2024-08-28T02:58:11Z</time><extensions><speed>1.370950</speed><course>117.213634</course><hAcc>1.271555</hAcc><vAcc>0.773180</vAcc></extensions></trkpt>
      <trkpt lon="-117.165884" lat="32.899190"><ele>92.645375</ele><time>2024-08-28T02:58:12Z</time><extensions><speed>1.308325</speed><course>116.843301</course><hAcc>1.248814</hAcc><vAcc>0.771506</vAcc></extensions></trkpt>
      <trkpt lon="-117.165872" lat="32.899185"><ele>92.552961</ele><time>2024-08-28T02:58:13Z</time><extensions><speed>1.241377</speed><course>115.930095</course><hAcc>1.239750</hAcc><vAcc>0.769683</vAcc></extensions></trkpt>
      <trkpt lon="-117.165860" lat="32.899180"><ele>92.460846</ele><time>2024-08-28T02:58:14Z</time><extensions><speed>1.150935</speed><course>115.123176</course><hAcc>1.248791</hAcc><vAcc>0.768292</vAcc></extensions></trkpt>
      <trkpt lon="-117.165849" lat="32.899176"><ele>92.362180</ele><time>2024-08-28T02:58:15Z</time><extensions><speed>1.070754</speed><course>114.629852</course><hAcc>1.260252</hAcc><vAcc>0.767153</vAcc></extensions></trkpt>
      <trkpt lon="-117.165838" lat="32.899172"><ele>92.259111</ele><time>2024-08-28T02:58:16Z</time><extensions><speed>1.250613</speed><course>113.039664</course><hAcc>1.268770</hAcc><vAcc>0.766829</vAcc></extensions></trkpt>
      <trkpt lon="-117.165825" lat="32.899167"><ele>92.149992</ele><time>2024-08-28T02:58:17Z</time><extensions><speed>1.305046</speed><course>113.023954</course><hAcc>1.286337</hAcc><vAcc>0.767567</vAcc></extensions></trkpt>
      <trkpt lon="-117.165813" lat="32.899163"><ele>92.032279</ele><time>2024-08-28T02:58:18Z</time><extensions><speed>1.269408</speed><course>112.135445</course><hAcc>1.319134</hAcc><vAcc>0.769103</vAcc></extensions></trkpt>
      <trkpt lon="-117.165800" lat="32.899159"><ele>91.905332</ele><time>2024-08-28T02:58:19Z</time><extensions><speed>1.191706</speed><course>111.178463</course><hAcc>1.313046</hAcc><vAcc>0.770714</vAcc></extensions></trkpt>
      <trkpt lon="-117.165789" lat="32.899155"><ele>91.772672</ele><time>2024-08-28T02:58:20Z</time><extensions><speed>1.192695</speed><course>112.555897</course><hAcc>1.320102</hAcc><vAcc>0.772338</vAcc></extensions></trkpt>
      <trkpt lon="-117.165777" lat="32.899151"><ele>91.634054</ele><time>2024-08-28T02:58:21Z</time><extensions><speed>1.187735</speed><course>108.527570</course><hAcc>1.330100</hAcc><vAcc>0.774362</vAcc></extensions></trkpt>
      <trkpt lon="-117.165764" lat="32.899148"><ele>91.497907</ele><time>2024-08-28T02:58:22Z</time><extensions><speed>1.272531</speed><course>103.712908</course><hAcc>1.339224</hAcc><vAcc>0.776609</vAcc></extensions></trkpt>
      <trkpt lon="-117.165750" lat="32.899145"><ele>91.361624</ele><time>2024-08-28T02:58:23Z</time><extensions><speed>1.338460</speed><course>101.713137</course><hAcc>1.349311</hAcc><vAcc>0.778929</vAcc></extensions></trkpt>
      <trkpt lon="-117.165736" lat="32.899143"><ele>91.221562</ele><time>2024-08-28T02:58:24Z</time><extensions><speed>1.337818</speed><course>103.610345</course><hAcc>1.363391</hAcc><vAcc>0.781381</vAcc></extensions></trkpt>
      <trkpt lon="-117.165722" lat="32.899140"><ele>91.082864</ele><time>2024-08-28T02:58:25Z</time><extensions><speed>1.343444</speed><course>104.067022</course><hAcc>1.381347</hAcc><vAcc>0.783918</vAcc></extensions></trkpt>
      <trkpt lon="-117.165709" lat="32.899137"><ele>90.944363</ele><time>2024-08-28T02:58:26Z</time><extensions><speed>1.325341</speed><course>102.339701</course><hAcc>1.396832</hAcc><vAcc>0.786000</vAcc></extensions></trkpt>
      <trkpt lon="-117.165695" lat="32.899135"><ele>90.800935</ele><time>2024-08-28T02:58:27Z</time><extensions><speed>1.313427</speed><course>101.306034</course><hAcc>1.404683</hAcc><vAcc>0.787392</vAcc></extensions></trkpt>
      <trkpt lon="-117.165681" lat="32.899132"><ele>90.639198</ele><time>2024-08-28T02:58:28Z</time><extensions><speed>1.349693</speed><course>102.262176</course><hAcc>1.407606</hAcc><vAcc>0.788251</vAcc></extensions></trkpt>
      <trkpt lon="-117.165667" lat="32.899129"><ele>90.487803</ele><time>2024-08-28T02:58:29Z</time><extensions><speed>1.391613</speed><course>105.308752</course><hAcc>1.410312</hAcc><vAcc>0.789023</vAcc></extensions></trkpt>
      <trkpt lon="-117.165653" lat="32.899126"><ele>90.346128</ele><time>2024-08-28T02:58:30Z</time><extensions><speed>1.368682</speed><course>109.560451</course><hAcc>1.412730</hAcc><vAcc>0.789907</vAcc></extensions></trkpt>
      <trkpt lon="-117.165639" lat="32.899121"><ele>90.215942</ele><time>2024-08-28T02:58:31Z</time><extensions><speed>1.345754</speed><course>112.522899</course><hAcc>1.413436</hAcc><vAcc>0.792012</vAcc></extensions></trkpt>
      <trkpt lon="-117.165626" lat="32.899116"><ele>90.103273</ele><time>2024-08-28T02:58:32Z</time><extensions><speed>1.320952</speed><course>113.484312</course><hAcc>1.415849</hAcc><vAcc>0.794654</vAcc></extensions></trkpt>
      <trkpt lon="-117.165614" lat="32.899111"><ele>90.006202</ele><time>2024-08-28T02:58:33Z</time><extensions><speed>1.202011</speed><course>114.461253</course><hAcc>1.424221</hAcc><vAcc>0.799351</vAcc></extensions></trkpt>
      <trkpt lon="-117.165602" lat="32.899107"><ele>89.932375</ele><time>2024-08-28T02:58:34Z</time><extensions><speed>1.165522</speed><course>114.751268</course><hAcc>1.439268</hAcc><vAcc>0.805507</vAcc></extensions></trkpt>
      <trkpt lon="-117.165591" lat="32.899102"><ele>89.888836</ele><time>2024-08-28T02:58:35Z</time><extensions><speed>1.156040</speed><course>113.818760</course><hAcc>1.454641</hAcc><vAcc>0.811604</vAcc></extensions></trkpt>
      <trkpt lon="-117.165580" lat="32.899098"><ele>89.861729</ele><time>2024-08-28T02:58:36Z</time><extensions><speed>1.142516</speed><course>112.093504</course><hAcc>1.468733</hAcc><vAcc>0.818818</vAcc></extensions></trkpt>
      <trkpt lon="-117.165569" lat="32.899094"><ele>89.866508</ele><time>2024-08-28T02:58:37Z</time><extensions><speed>1.169231</speed><course>112.929902</course><hAcc>1.478874</hAcc><vAcc>0.826763</vAcc></extensions></trkpt>
      <trkpt lon="-117.165558" lat="32.899089"><ele>89.883966</ele><time>2024-08-28T02:58:38Z</time><extensions><speed>1.143256</speed><course>115.088852</course><hAcc>1.481643</hAcc><vAcc>0.834720</vAcc></extensions></trkpt>
      <trkpt lon="-117.165548" lat="32.899084"><ele>89.912333</ele><time>2024-08-28T02:58:39Z</time><extensions><speed>1.190427</speed><course>125.576907</course><hAcc>1.492048</hAcc><vAcc>0.842349</vAcc></extensions></trkpt>
      <trkpt lon="-117.165537" lat="32.899076"><ele>89.955243</ele><time>2024-08-28T02:58:40Z</time><extensions><speed>1.424849</speed><course>130.876008</course><hAcc>1.499753</hAcc><vAcc>0.849591</vAcc></extensions></trkpt>
      <trkpt lon="-117.165526" lat="32.899067"><ele>90.006405</ele><time>2024-08-28T02:58:41Z</time><extensions><speed>1.444831</speed><course>136.963978</course><hAcc>1.510086</hAcc><vAcc>0.856284</vAcc></extensions></trkpt>
      <trkpt lon="-117.165517" lat="32.899055"><ele>90.074126</ele><time>2024-08-28T02:58:42Z</time><extensions><speed>1.700454</speed><course>154.878344</course><hAcc>1.485677</hAcc><vAcc>0.862835</vAcc></extensions></trkpt>
      <trkpt lon="-117.165513" lat="32.899041"><ele>90.164188</ele><time>2024-08-28T02:58:43Z</time><extensions><speed>1.498852</speed><course>176.152092</course><hAcc>1.507488</hAcc><vAcc>0.868652</vAcc></extensions></trkpt>
      <trkpt lon="-117.165515" lat="32.899028"><ele>90.264680</ele><time>2024-08-28T02:58:44Z</time><extensions><speed>1.599200</speed><course>200.560556</course><hAcc>1.505989</hAcc><vAcc>0.873474</vAcc></extensions></trkpt>
      <trkpt lon="-117.165523" lat="32.899015"><ele>90.379418</ele><time>2024-08-28T02:58:45Z</time><extensions><speed>1.672237</speed><course>216.491066</course><hAcc>1.492471</hAcc><vAcc>0.877712</vAcc></extensions></trkpt>
      <trkpt lon="-117.165534" lat="32.899003"><ele>90.506177</ele><time>2024-08-28T02:58:46Z</time><extensions><speed>1.644105</speed><course>220.523011</course><hAcc>1.492243</hAcc><vAcc>0.880585</vAcc></extensions></trkpt>
      <trkpt lon="-117.165546" lat="32.898992"><ele>90.634258</ele><time>2024-08-28T02:58:47Z</time><extensions><speed>1.665350</speed><course>220.216050</course><hAcc>1.498866</hAcc><vAcc>0.881322</vAcc></extensions></trkpt>
      <trkpt lon="-117.165557" lat="32.898981"><ele>90.767239</ele><time>2024-08-28T02:58:48Z</time><extensions><speed>1.604776</speed><course>220.320895</course><hAcc>1.508959</hAcc><vAcc>0.880226</vAcc></extensions></trkpt>
      <trkpt lon="-117.165568" lat="32.898970"><ele>90.913777</ele><time>2024-08-28T02:58:49Z</time><extensions><speed>1.527831</speed><course>220.542653</course><hAcc>1.514118</hAcc><vAcc>0.878818</vAcc></extensions></trkpt>
      <trkpt lon="-117.165578" lat="32.898960"><ele>91.053275</ele><time>2024-08-28T02:58:50Z</time><extensions><speed>1.421096</speed><course>221.116393</course><hAcc>1.522818</hAcc><vAcc>0.876099</vAcc></extensions></trkpt>
      <trkpt lon="-117.165588" lat="32.898950"><ele>91.177546</ele><time>2024-08-28T02:58:51Z</time><extensions><speed>1.334503</speed><course>218.558219</course><hAcc>1.531071</hAcc><vAcc>0.872907</vAcc></extensions></trkpt>
      <trkpt lon="-117.165595" lat="32.898941"><ele>91.281786</ele><time>2024-08-28T02:58:52Z</time><extensions><speed>1.237712</speed><course>210.804255</course><hAcc>1.542670</hAcc><vAcc>0.869011</vAcc></extensions></trkpt>
      <trkpt lon="-117.165601" lat="32.898931"><ele>91.408687</ele><time>2024-08-28T02:58:53Z</time><extensions><speed>1.058183</speed><course>199.932367</course><hAcc>1.545056</hAcc><vAcc>0.864102</vAcc></extensions></trkpt>
      <trkpt lon="-117.165603" lat="32.898923"><ele>91.527933</ele><time>2024-08-28T02:58:54Z</time><extensions><speed>0.879251</speed><course>185.955082</course><hAcc>1.544611</hAcc><vAcc>0.857720</vAcc></extensions></trkpt>
      <trkpt lon="-117.165603" lat="32.898916"><ele>91.635945</ele><time>2024-08-28T02:58:55Z</time><extensions><speed>0.750025</speed><course>171.041895</course><hAcc>1.549632</hAcc><vAcc>0.850522</vAcc></extensions></trkpt>
      <trkpt lon="-117.165600" lat="32.898909"><ele>91.731420</ele><time>2024-08-28T02:58:56Z</time><extensions><speed>0.789363</speed><course>154.303166</course><hAcc>1.544451</hAcc><vAcc>0.842558</vAcc></extensions></trkpt>
      <trkpt lon="-117.165595" lat="32.898902"><ele>91.822061</ele><time>2024-08-28T02:58:57Z</time><extensions><speed>0.944934</speed><course>141.767587</course><hAcc>1.549996</hAcc><vAcc>0.834121</vAcc></extensions></trkpt>
      <trkpt lon="-117.165588" lat="32.898895"><ele>91.908548</ele><time>2024-08-28T02:58:58Z</time><extensions><speed>1.152512</speed><course>133.883792</course><hAcc>1.565371</hAcc><vAcc>0.825493</vAcc></extensions></trkpt>
      <trkpt lon="-117.165578" lat="32.898888"><ele>91.986014</ele><time>2024-08-28T02:58:59Z</time><extensions><speed>1.274228</speed><course>128.388917</course><hAcc>1.562553</hAcc><vAcc>0.817293</vAcc></extensions></trkpt>
      <trkpt lon="-117.165567" lat="32.898881"><ele>92.064853</ele><time>2024-08-28T02:59:00Z</time><extensions><speed>1.228252</speed><course>125.412016</course><hAcc>1.549279</hAcc><vAcc>0.809915</vAcc></extensions></trkpt>
      <trkpt lon="-117.165557" lat="32.898875"><ele>92.146773</ele><time>2024-08-28T02:59:01Z</time><extensions><speed>1.219043</speed><course>124.080473</course><hAcc>1.517251</hAcc><vAcc>0.803001</vAcc></extensions></trkpt>
      <trkpt lon="-117.165545" lat="32.898869"><ele>92.226139</ele><time>2024-08-28T02:59:02Z</time><extensions><speed>1.347895</speed><course>124.796390</course><hAcc>1.501134</hAcc><vAcc>0.796772</vAcc></extensions></trkpt>
      <trkpt lon="-117.165533" lat="32.898861"><ele>92.296952</ele><time>2024-08-28T02:59:03Z</time><extensions><speed>1.409020</speed><course>127.643688</course><hAcc>1.497735</hAcc><vAcc>0.791356</vAcc></extensions></trkpt>
      <trkpt lon="-117.165522" lat="32.898853"><ele>92.366794</ele><time>2024-08-28T02:59:04Z</time><extensions><speed>1.353875</speed><course>131.407954</course><hAcc>1.483340</hAcc><vAcc>0.786640</vAcc></extensions></trkpt>
      <trkpt lon="-117.165511" lat="32.898845"><ele>92.429141</ele><time>2024-08-28T02:59:05Z</time><extensions><speed>1.346967</speed><course>133.133909</course><hAcc>1.461129</hAcc><vAcc>0.782750</vAcc></extensions></trkpt>
      <trkpt lon="-117.165501" lat="32.898837"><ele>92.499148</ele><time>2024-08-28T02:59:06Z</time><extensions><speed>1.230214</speed><course>131.696695</course><hAcc>1.437426</hAcc><vAcc>0.779417</vAcc></extensions></trkpt>
      <trkpt lon="-117.165492" lat="32.898830"><ele>92.573490</ele><time>2024-08-28T02:59:07Z</time><extensions><speed>1.142083</speed><course>129.606058</course><hAcc>1.415589</hAcc><vAcc>0.776776</vAcc></extensions></trkpt>
      <trkpt lon="-117.165482" lat="32.898823"><ele>92.630966</ele><time>2024-08-28T02:59:08Z</time><extensions><speed>1.205223</speed><course>127.404970</course><hAcc>1.391304</hAcc><vAcc>0.774444</vAcc></extensions></trkpt>
      <trkpt lon="-117.165471" lat="32.898817"><ele>92.681059</ele><time>2024-08-28T02:59:09Z</time><extensions><speed>1.379364</speed><course>124.477081</course><hAcc>1.378550</hAcc><vAcc>0.772409</vAcc></extensions></trkpt>
      <trkpt lon="-117.165459" lat="32.898810"><ele>92.737632</ele><time>2024-08-28T02:59:10Z</time><extensions><speed>1.332933</speed><course>125.804485</course><hAcc>1.376989</hAcc><vAcc>0.770560</vAcc></extensions></trkpt>
      <trkpt lon="-117.165448" lat="32.898803"><ele>92.814899</ele><time>2024-08-28T02:59:11Z</time><extensions><speed>1.270639</speed><course>127.944908</course><hAcc>1.340629</hAcc><vAcc>0.768831</vAcc></extensions></trkpt>
      <trkpt lon="-117.165438" lat="32.898796"><ele>92.888801</ele><time>2024-08-28T02:59:12Z</time><extensions><speed>1.144360</speed><course>132.854035</course><hAcc>1.319303</hAcc><vAcc>0.767222</vAcc></extensions></trkpt>
      <trkpt lon="-117.165429" lat="32.898789"><ele>92.963133</ele><time>2024-08-28T02:59:13Z</time><extensions><speed>1.086993</speed><course>138.034740</course><hAcc>1.304183</hAcc><vAcc>0.765866</vAcc></extensions></trkpt>
      <trkpt lon="-117.165421" lat="32.898781"><ele>93.024326</ele><time>2024-08-28T02:59:14Z</time><extensions><speed>1.157697</speed><course>137.320846</course><hAcc>1.283564</hAcc><vAcc>0.764601</vAcc></extensions></trkpt>
      <trkpt lon="-117.165412" lat="32.898773"><ele>93.085641</ele><time>2024-08-28T02:59:15Z</time><extensions><speed>1.279129</speed><course>133.239997</course><hAcc>1.260982</hAcc><vAcc>0.763488</vAcc></extensions></trkpt>
      <trkpt lon="-117.165402" lat="32.898765"><ele>93.149764</ele><time>2024-08-28T02:59:16Z</time><extensions><speed>1.355498</speed><course>131.560137</course><hAcc>1.252926</hAcc><vAcc>0.762511</vAcc></extensions></trkpt>
      <trkpt lon="-117.165391" lat="32.898758"><ele>93.226913</ele><time>2024-08-28T02:59:17Z</time><extensions><speed>1.208459</speed><course>130.748082</course><hAcc>1.283738</hAcc><vAcc>0.761649</vAcc></extensions></trkpt>
      <trkpt lon="-117.165382" lat="32.898751"><ele>93.305166</ele><time>2024-08-28T02:59:18Z</time><extensions><speed>1.107441</speed><course>128.165916</course><hAcc>1.242276</hAcc><vAcc>0.760891</vAcc></extensions></trkpt>
      <trkpt lon="-117.165373" lat="32.898745"><ele>93.393056</ele><time>2024-08-28T02:59:19Z</time><extensions><speed>0.998344</speed><course>124.611927</course><hAcc>1.231840</hAcc><vAcc>0.760233</vAcc></extensions></trkpt>
      <trkpt lon="-117.165364" lat="32.898740"><ele>93.483392</ele><time>2024-08-28T02:59:20Z</time><extensions><speed>1.075256</speed><course>124.386596</course><hAcc>1.230246</hAcc><vAcc>0.759677</vAcc></extensions></trkpt>
      <trkpt lon="-117.165354" lat="32.898734"><ele>93.566389</ele><time>2024-08-28T02:59:21Z</time><extensions><speed>1.232726</speed><course>126.773734</course><hAcc>1.209501</hAcc><vAcc>0.759213</vAcc></extensions></trkpt>
      <trkpt lon="-117.165343" lat="32.898727"><ele>93.634276</ele><time>2024-08-28T02:59:22Z</time><extensions><speed>1.305281</speed><course>130.527782</course><hAcc>1.212762</hAcc><vAcc>0.758823</vAcc></extensions></trkpt>
      <trkpt lon="-117.165333" lat="32.898719"><ele>93.686452</ele><time>2024-08-28T02:59:23Z</time><extensions><speed>1.232177</speed><course>134.649763</course><hAcc>1.240504</hAcc><vAcc>0.758487</vAcc></extensions></trkpt>
      <trkpt lon="-117.165325" lat="32.898711"><ele>93.722281</ele><time>2024-08-28T02:59:24Z</time><extensions><speed>1.121572</speed><course>141.996921</course><hAcc>1.195774</hAcc><vAcc>0.758306</vAcc></extensions></trkpt>
      <trkpt lon="-117.165318" lat="32.898703"><ele>93.741754</ele><time>2024-08-28T02:59:25Z</time><extensions><speed>1.057684</speed><course>143.089775</course><hAcc>1.179495</hAcc><vAcc>0.758727</vAcc></extensions></trkpt>
      <trkpt lon="-117.165310" lat="32.898696"><ele>93.743102</ele><time>2024-08-28T02:59:26Z</time><extensions><speed>1.164409</speed><course>138.592841</course><hAcc>1.177810</hAcc><vAcc>0.759943</vAcc></extensions></trkpt>
      <trkpt lon="-117.165301" lat="32.898688"><ele>93.725310</ele><time>2024-08-28T02:59:27Z</time><extensions><speed>1.300290</speed><course>134.243798</course><hAcc>1.175000</hAcc><vAcc>0.761930</vAcc></extensions></trkpt>
      <trkpt lon="-117.165291" lat="32.898679"><ele>93.678273</ele><time>2024-08-28T02:59:28Z</time><extensions><speed>1.324555</speed><course>134.725185</course><hAcc>1.186482</hAcc><vAcc>0.763991</vAcc></extensions></trkpt>
      <trkpt lon="-117.165282" lat="32.898671"><ele>93.610698</ele><time>2024-08-28T02:59:29Z</time><extensions><speed>1.169484</speed><course>135.946298</course><hAcc>1.217867</hAcc><vAcc>0.767380</vAcc></extensions></trkpt>
      <trkpt lon="-117.165273" lat="32.898665"><ele>93.528641</ele><time>2024-08-28T02:59:30Z</time><extensions><speed>0.980239</speed><course>132.056991</course><hAcc>1.212270</hAcc><vAcc>0.771976</vAcc></extensions></trkpt>
      <trkpt lon="-117.165265" lat="32.898660"><ele>93.420390</ele><time>2024-08-28T02:59:31Z</time><extensions><speed>0.896615</speed><course>119.069647</course><hAcc>1.235408</hAcc><vAcc>0.778361</vAcc></extensions></trkpt>
      <trkpt lon="-117.165256" lat="32.898656"><ele>93.284007</ele><time>2024-08-28T02:59:32Z</time><extensions><speed>0.963442</speed><course>116.230514</course><hAcc>1.298005</hAcc><vAcc>0.786194</vAcc></extensions></trkpt>
      <trkpt lon="-117.165247" lat="32.898652"><ele>93.121343</ele><time>2024-08-28T02:59:33Z</time><extensions><speed>1.030273</speed><course>117.282542</course><hAcc>1.348239</hAcc><vAcc>0.795531</vAcc></extensions></trkpt>
      <trkpt lon="-117.165237" lat="32.898647"><ele>92.945267</ele><time>2024-08-28T02:59:34Z</time><extensions><speed>1.077252</speed><course>121.019806</course><hAcc>1.392922</hAcc><vAcc>0.806214</vAcc></extensions></trkpt>
      <trkpt lon="-117.165227" lat="32.898641"><ele>92.763679</ele><time>2024-08-28T02:59:35Z</time><extensions><speed>1.192204</speed><course>126.302131</course><hAcc>1.430618</hAcc><vAcc>0.817606</vAcc></extensions></trkpt>
      <trkpt lon="-117.165216" lat="32.898635"><ele>92.580949</ele><time>2024-08-28T02:59:36Z</time><extensions><speed>1.269788</speed><course>128.786189</course><hAcc>1.464140</hAcc><vAcc>0.829417</vAcc></extensions></trkpt>
      <trkpt lon="-117.165206" lat="32.898627"><ele>92.389353</ele><time>2024-08-28T02:59:37Z</time><extensions><speed>1.301038</speed><course>129.060493</course><hAcc>1.492523</hAcc><vAcc>0.841822</vAcc></extensions></trkpt>
      <trkpt lon="-117.165195" lat="32.898620"><ele>92.197425</ele><time>2024-08-28T02:59:38Z</time><extensions><speed>1.255364</speed><course>129.138033</course><hAcc>1.512536</hAcc><vAcc>0.855482</vAcc></extensions></trkpt>
      <trkpt lon="-117.165185" lat="32.898613"><ele>91.997444</ele><time>2024-08-28T02:59:39Z</time><extensions><speed>1.241640</speed><course>129.104343</course><hAcc>1.528325</hAcc><vAcc>0.868794</vAcc></extensions></trkpt>
      <trkpt lon="-117.165174" lat="32.898605"><ele>91.798290</ele><time>2024-08-28T02:59:40Z</time><extensions><speed>1.296429</speed><course>130.098302</course><hAcc>1.542212</hAcc><vAcc>0.881201</vAcc></extensions></trkpt>
      <trkpt lon="-117.165164" lat="32.898598"><ele>91.609066</ele><time>2024-08-28T02:59:41Z</time><extensions><speed>1.202087</speed><course>130.978212</course><hAcc>1.552520</hAcc><vAcc>0.892043</vAcc></extensions></trkpt>
      <trkpt lon="-117.165154" lat="32.898591"><ele>91.405002</ele><time>2024-08-28T02:59:42Z</time><extensions><speed>1.304293</speed><course>133.877901</course><hAcc>1.544927</hAcc><vAcc>0.900842</vAcc></extensions></trkpt>
      <trkpt lon="-117.165144" lat="32.898581"><ele>91.203936</ele><time>2024-08-28T02:59:43Z</time><extensions><speed>1.462493</speed><course>138.574102</course><hAcc>1.550250</hAcc><vAcc>0.908362</vAcc></extensions></trkpt>
      <trkpt lon="-117.165135" lat="32.898572"><ele>91.005825</ele><time>2024-08-28T02:59:44Z</time><extensions><speed>1.268685</speed><course>140.301542</course><hAcc>1.569663</hAcc><vAcc>0.914294</vAcc></extensions></trkpt>
      <trkpt lon="-117.165126" lat="32.898563"><ele>90.816789</ele><time>2024-08-28T02:59:45Z</time><extensions><speed>1.268631</speed><course>142.749242</course><hAcc>1.540681</hAcc><vAcc>0.919055</vAcc></extensions></trkpt>
      <trkpt lon="-117.165118" lat="32.898554"><ele>90.630103</ele><time>2024-08-28T02:59:46Z</time><extensions><speed>1.321697</speed><course>145.508599</course><hAcc>1.530289</hAcc><vAcc>0.921342</vAcc></extensions></trkpt>
      <trkpt lon="-117.165110" lat="32.898543"><ele>90.445420</ele><time>2024-08-28T02:59:47Z</time><extensions><speed>1.429732</speed><course>150.037814</course><hAcc>1.556273</hAcc><vAcc>0.922929</vAcc></extensions></trkpt>
      <trkpt lon="-117.165103" lat="32.898533"><ele>90.269875</ele><time>2024-08-28T02:59:48Z</time><extensions><speed>1.267835</speed><course>152.075673</course><hAcc>1.602006</hAcc><vAcc>0.923576</vAcc></extensions></trkpt>
      <trkpt lon="-117.165097" lat="32.898523"><ele>90.109769</ele><time>2024-08-28T02:59:49Z</time><extensions><speed>1.255904</speed><course>150.032677</course><hAcc>1.585190</hAcc><vAcc>0.922283</vAcc></extensions></trkpt>
      <trkpt lon="-117.165089" lat="32.898513"><ele>89.943786</ele><time>2024-08-28T02:59:50Z</time><extensions><speed>1.297800</speed><course>146.696559</course><hAcc>1.589889</hAcc><vAcc>0.918805</vAcc></extensions></trkpt>
      <trkpt lon="-117.165081" lat="32.898503"><ele>89.772533</ele><time>2024-08-28T02:59:51Z</time><extensions><speed>1.267090</speed><course>141.925471</course><hAcc>1.603624</hAcc><vAcc>0.913654</vAcc></extensions></trkpt>
      <trkpt lon="-117.165073" lat="32.898495"><ele>89.605934</ele><time>2024-08-28T02:59:52Z</time><extensions><speed>1.205079</speed><course>140.598810</course><hAcc>1.615231</hAcc><vAcc>0.907788</vAcc></extensions></trkpt>
      <trkpt lon="-117.165065" lat="32.898486"><ele>89.454956</ele><time>2024-08-28T02:59:53Z</time><extensions><speed>1.220888</speed><course>139.155226</course><hAcc>1.622814</hAcc><vAcc>0.901714</vAcc></extensions></trkpt>
      <trkpt lon="-117.165056" lat="32.898478"><ele>89.316088</ele><time>2024-08-28T02:59:54Z</time><extensions><speed>1.232726</speed><course>137.757581</course><hAcc>1.621820</hAcc><vAcc>0.895635</vAcc></extensions></trkpt>
      <trkpt lon="-117.165047" lat="32.898469"><ele>89.177815</ele><time>2024-08-28T02:59:55Z</time><extensions><speed>1.259552</speed><course>137.716682</course><hAcc>1.616408</hAcc><vAcc>0.889741</vAcc></extensions></trkpt>
      <trkpt lon="-117.165038" lat="32.898461"><ele>89.059098</ele><time>2024-08-28T02:59:56Z</time><extensions><speed>1.267900</speed><course>138.268441</course><hAcc>1.610632</hAcc><vAcc>0.883635</vAcc></extensions></trkpt>
      <trkpt lon="-117.165029" lat="32.898452"><ele>88.950157</ele><time>2024-08-28T02:59:57Z</time><extensions><speed>1.267528</speed><course>138.934237</course><hAcc>1.606153</hAcc><vAcc>0.878247</vAcc></extensions></trkpt>
      <trkpt lon="-117.165020" lat="32.898444"><ele>88.852348</ele><time>2024-08-28T02:59:58Z</time><extensions><speed>1.262897</speed><course>137.522255</course><hAcc>1.596976</hAcc><vAcc>0.873723</vAcc></extensions></trkpt>
      <trkpt lon="-117.165012" lat="32.898435"><ele>88.759477</ele><time>2024-08-28T02:59:59Z</time><extensions><speed>1.236029</speed><course>138.921055</course><hAcc>1.585834</hAcc><vAcc>0.870026</vAcc></extensions></trkpt>
      <trkpt lon="-117.165003" lat="32.898427"><ele>88.671773</ele><time>2024-08-28T03:00:00Z</time><extensions><speed>1.255673</speed><course>141.620424</course><hAcc>1.580363</hAcc><vAcc>0.867442</vAcc></extensions></trkpt>
      <trkpt lon="-117.164995" lat="32.898418"><ele>88.588817</ele><time>2024-08-28T03:00:01Z</time><extensions><speed>1.203354</speed><course>143.882337</course><hAcc>1.567134</hAcc><vAcc>0.865723</vAcc></extensions></trkpt>
      <trkpt lon="-117.164988" lat="32.898409"><ele>88.502862</ele><time>2024-08-28T03:00:02Z</time><extensions><speed>1.123832</speed><course>148.546612</course><hAcc>1.548569</hAcc><vAcc>0.865178</vAcc></extensions></trkpt>
      <trkpt lon="-117.164982" lat="32.898400"><ele>88.422506</ele><time>2024-08-28T03:00:03Z</time><extensions><speed>1.166795</speed><course>150.814312</course><hAcc>1.536413</hAcc><vAcc>0.865677</vAcc></extensions></trkpt>
      <trkpt lon="-117.164976" lat="32.898391"><ele>88.338743</ele><time>2024-08-28T03:00:04Z</time><extensions><speed>1.339329</speed><course>147.198209</course><hAcc>1.518832</hAcc><vAcc>0.866421</vAcc></extensions></trkpt>
      <trkpt lon="-117.164967" lat="32.898380"><ele>88.250509</ele><time>2024-08-28T03:00:05Z</time><extensions><speed>1.404227</speed><course>144.303856</course><hAcc>1.492575</hAcc><vAcc>0.867652</vAcc></extensions></trkpt>
      <trkpt lon="-117.164959" lat="32.898370"><ele>88.151871</ele><time>2024-08-28T03:00:06Z</time><extensions><speed>1.370611</speed><course>141.933864</course><hAcc>1.477275</hAcc><vAcc>0.869244</vAcc></extensions></trkpt>
      <trkpt lon="-117.164950" lat="32.898361"><ele>88.027250</ele><time>2024-08-28T03:00:07Z</time><extensions><speed>1.198919</speed><course>140.371143</course><hAcc>1.485272</hAcc><vAcc>0.870520</vAcc></extensions></trkpt>
      <trkpt lon="-117.164942" lat="32.898354"><ele>87.902817</ele><time>2024-08-28T03:00:08Z</time><extensions><speed>1.145462</speed><course>136.975630</course><hAcc>1.458735</hAcc><vAcc>0.871267</vAcc></extensions></trkpt>
      <trkpt lon="-117.164934" lat="32.898346"><ele>87.797744</ele><time>2024-08-28T03:00:09Z</time><extensions><speed>1.114347</speed><course>138.303884</course><hAcc>1.444578</hAcc><vAcc>0.872230</vAcc></extensions></trkpt>
      <trkpt lon="-117.164926" lat="32.898338"><ele>87.674064</ele><time>2024-08-28T03:00:10Z</time><extensions><speed>1.067407</speed><course>143.704206</course><hAcc>1.441060</hAcc><vAcc>0.872248</vAcc></extensions></trkpt>
      <trkpt lon="-117.164920" lat="32.898330"><ele>87.539460</ele><time>2024-08-28T03:00:11Z</time><extensions><speed>1.058326</speed><course>148.575765</course><hAcc>1.438847</hAcc><vAcc>0.870715</vAcc></extensions></trkpt>
      <trkpt lon="-117.164914" lat="32.898322"><ele>87.382051</ele><time>2024-08-28T03:00:12Z</time><extensions><speed>1.032382</speed><course>150.454480</course><hAcc>1.435183</hAcc><vAcc>0.867868</vAcc></extensions></trkpt>
      <trkpt lon="-117.164909" lat="32.898314"><ele>87.232165</ele><time>2024-08-28T03:00:13Z</time><extensions><speed>1.009215</speed><course>149.612916</course><hAcc>1.434443</hAcc><vAcc>0.864490</vAcc></extensions></trkpt>
      <trkpt lon="-117.164903" lat="32.898306"><ele>87.075826</ele><time>2024-08-28T03:00:14Z</time><extensions><speed>1.015602</speed><course>147.232696</course><hAcc>1.435558</hAcc><vAcc>0.860389</vAcc></extensions></trkpt>
      <trkpt lon="-117.164897" lat="32.898299"><ele>86.913532</ele><time>2024-08-28T03:00:15Z</time><extensions><speed>1.015890</speed><course>144.852321</course><hAcc>1.435504</hAcc><vAcc>0.856047</vAcc></extensions></trkpt>
      <trkpt lon="-117.164891" lat="32.898291"><ele>86.737737</ele><time>2024-08-28T03:00:16Z</time><extensions><speed>1.023620</speed><course>144.154602</course><hAcc>1.429125</hAcc><vAcc>0.851995</vAcc></extensions></trkpt>
      <trkpt lon="-117.164885" lat="32.898284"><ele>86.553583</ele><time>2024-08-28T03:00:17Z</time><extensions><speed>1.003740</speed><course>146.253555</course><hAcc>1.426362</hAcc><vAcc>0.847830</vAcc></extensions></trkpt>
      <trkpt lon="-117.164879" lat="32.898276"><ele>86.353215</ele><time>2024-08-28T03:00:18Z</time><extensions><speed>0.988464</speed><course>147.758604</course><hAcc>1.441342</hAcc><vAcc>0.843920</vAcc></extensions></trkpt>
      <trkpt lon="-117.164874" lat="32.898269"><ele>86.137757</ele><time>2024-08-28T03:00:19Z</time><extensions><speed>0.893043</speed><course>151.196822</course><hAcc>1.445719</hAcc><vAcc>0.840841</vAcc></extensions></trkpt>
      <trkpt lon="-117.164868" lat="32.898262"><ele>85.906980</ele><time>2024-08-28T03:00:20Z</time><extensions><speed>1.037456</speed><course>146.357615</course><hAcc>1.433232</hAcc><vAcc>0.839015</vAcc></extensions></trkpt>
      <trkpt lon="-117.164862" lat="32.898254"><ele>85.655502</ele><time>2024-08-28T03:00:21Z</time><extensions><speed>1.131167</speed><course>142.852151</course><hAcc>1.428529</hAcc><vAcc>0.838110</vAcc></extensions></trkpt>
      <trkpt lon="-117.164854" lat="32.898246"><ele>85.395551</ele><time>2024-08-28T03:00:22Z</time><extensions><speed>1.160986</speed><course>139.369925</course><hAcc>1.423260</hAcc><vAcc>0.839413</vAcc></extensions></trkpt>
      <trkpt lon="-117.164845" lat="32.898238"><ele>85.125524</ele><time>2024-08-28T03:00:23Z</time><extensions><speed>1.187881</speed><course>136.311274</course><hAcc>1.428351</hAcc><vAcc>0.842950</vAcc></extensions></trkpt>
      <trkpt lon="-117.164836" lat="32.898230"><ele>84.833544</ele><time>2024-08-28T03:00:24Z</time><extensions><speed>1.267216</speed><course>132.300033</course><hAcc>1.438582</hAcc><vAcc>0.848194</vAcc></extensions></trkpt>
      <trkpt lon="-117.164826" lat="32.898222"><ele>84.529829</ele><time>2024-08-28T03:00:25Z</time><extensions><speed>1.322249</speed><course>133.470899</course><hAcc>1.457523</hAcc><vAcc>0.856460</vAcc></extensions></trkpt>
      <trkpt lon="-117.164816" lat="32.898215"><ele>84.218280</ele><time>2024-08-28T03:00:26Z</time><extensions><speed>1.156863</speed><course>131.708235</course><hAcc>1.466120</hAcc><vAcc>0.866692</vAcc></extensions></trkpt>
      <trkpt lon="-117.164807" lat="32.898208"><ele>83.898053</ele><time>2024-08-28T03:00:27Z</time><extensions><speed>1.048755</speed><course>129.302503</course><hAcc>1.482777</hAcc><vAcc>0.878178</vAcc></extensions></trkpt>
      <trkpt lon="-117.164798" lat="32.898202"><ele>83.555938</ele><time>2024-08-28T03:00:28Z</time><extensions><speed>1.038704</speed><course>128.953369</course><hAcc>1.506502</hAcc><vAcc>0.889857</vAcc></extensions></trkpt>
      <trkpt lon="-117.164789" lat="32.898197"><ele>83.217366</ele><time>2024-08-28T03:00:29Z</time><extensions><speed>1.080833</speed><course>127.773030</course><hAcc>1.531647</hAcc><vAcc>0.901819</vAcc></extensions></trkpt>
      <trkpt lon="-117.164780" lat="32.898190"><ele>82.886126</ele><time>2024-08-28T03:00:30Z</time><extensions><speed>1.115040</speed><course>128.715565</course><hAcc>1.560877</hAcc><vAcc>0.913839</vAcc></extensions></trkpt>
      <trkpt lon="-117.164771" lat="32.898184"><ele>82.563994</ele><time>2024-08-28T03:00:31Z</time><extensions><speed>1.123431</speed><course>129.961720</course><hAcc>1.593653</hAcc><vAcc>0.926625</vAcc></extensions></trkpt>
      <trkpt lon="-117.164762" lat="32.898177"><ele>82.243568</ele><time>2024-08-28T03:00:32Z</time><extensions><speed>1.120683</speed><course>131.842070</course><hAcc>1.621834</hAcc><vAcc>0.938742</vAcc></extensions></trkpt>
      <trkpt lon="-117.164753" lat="32.898171"><ele>81.922497</ele><time>2024-08-28T03:00:33Z</time><extensions><speed>1.084779</speed><course>131.176524</course><hAcc>1.637232</hAcc><vAcc>0.949539</vAcc></extensions></trkpt>
      <trkpt lon="-117.164744" lat="32.898164"><ele>81.607402</ele><time>2024-08-28T03:00:34Z</time><extensions><speed>1.056738</speed><course>129.847266</course><hAcc>1.642505</hAcc><vAcc>0.957408</vAcc></extensions></trkpt>
      <trkpt lon="-117.164735" lat="32.898158"><ele>81.304237</ele><time>2024-08-28T03:00:35Z</time><extensions><speed>1.084061</speed><course>126.482335</course><hAcc>1.646066</hAcc><vAcc>0.964180</vAcc></extensions></trkpt>
      <trkpt lon="-117.164725" lat="32.898152"><ele>80.998620</ele><time>2024-08-28T03:00:36Z</time><extensions><speed>1.200735</speed><course>128.456955</course><hAcc>1.653008</hAcc><vAcc>0.968762</vAcc></extensions></trkpt>
      <trkpt lon="-117.164715" lat="32.898145"><ele>80.723942</ele><time>2024-08-28T03:00:37Z</time><extensions><speed>1.258396</speed><course>131.323820</course><hAcc>1.652323</hAcc><vAcc>0.971974</vAcc></extensions></trkpt>
      <trkpt lon="-117.164705" lat="32.898137"><ele>80.480336</ele><time>2024-08-28T03:00:38Z</time><extensions><speed>1.249082</speed><course>131.799562</course><hAcc>1.649798</hAcc><vAcc>0.974437</vAcc></extensions></trkpt>
      <trkpt lon="-117.164695" lat="32.898130"><ele>80.281807</ele><time>2024-08-28T03:00:39Z</time><extensions><speed>1.185124</speed><course>130.027250</course><hAcc>1.652613</hAcc><vAcc>0.976297</vAcc></extensions></trkpt>
      <trkpt lon="-117.164686" lat="32.898123"><ele>80.123389</ele><time>2024-08-28T03:00:40Z</time><extensions><speed>1.160995</speed><course>130.658202</course><hAcc>1.653524</hAcc><vAcc>0.977768</vAcc></extensions></trkpt>
      <trkpt lon="-117.164676" lat="32.898116"><ele>79.979048</ele><time>2024-08-28T03:00:41Z</time><extensions><speed>1.163722</speed><course>129.544154</course><hAcc>1.655522</hAcc><vAcc>0.976881</vAcc></extensions></trkpt>
      <trkpt lon="-117.164667" lat="32.898109"><ele>79.849403</ele><time>2024-08-28T03:00:42Z</time><extensions><speed>1.227958</speed><course>132.464008</course><hAcc>1.658811</hAcc><vAcc>0.975240</vAcc></extensions></trkpt>
      <trkpt lon="-117.164657" lat="32.898101"><ele>79.751345</ele><time>2024-08-28T03:00:43Z</time><extensions><speed>1.296362</speed><course>134.253235</course><hAcc>1.660528</hAcc><vAcc>0.973733</vAcc></extensions></trkpt>
      <trkpt lon="-117.164647" lat="32.898093"><ele>79.688449</ele><time>2024-08-28T03:00:44Z</time><extensions><speed>1.319773</speed><course>133.051928</course><hAcc>1.664129</hAcc><vAcc>0.972131</vAcc></extensions></trkpt>
      <trkpt lon="-117.164637" lat="32.898085"><ele>79.663836</ele><time>2024-08-28T03:00:45Z</time><extensions><speed>1.291327</speed><course>130.635953</course><hAcc>1.669286</hAcc><vAcc>0.970222</vAcc></extensions></trkpt>
      <trkpt lon="-117.164626" lat="32.898077"><ele>79.671516</ele><time>2024-08-28T03:00:46Z</time><extensions><speed>1.381663</speed><course>131.105811</course><hAcc>1.670863</hAcc><vAcc>0.970079</vAcc></extensions></trkpt>
      <trkpt lon="-117.164614" lat="32.898069"><ele>79.718952</ele><time>2024-08-28T03:00:47Z</time><extensions><speed>1.496374</speed><course>128.805676</course><hAcc>1.686102</hAcc><vAcc>0.970377</vAcc></extensions></trkpt>
      <trkpt lon="-117.164602" lat="32.898060"><ele>79.796500</ele><time>2024-08-28T03:00:48Z</time><extensions><speed>1.498427</speed><course>131.171437</course><hAcc>1.696662</hAcc><vAcc>0.972147</vAcc></extensions></trkpt>
      <trkpt lon="-117.164591" lat="32.898051"><ele>79.905951</ele><time>2024-08-28T03:00:49Z</time><extensions><speed>1.352532</speed><course>137.204831</course><hAcc>1.699681</hAcc><vAcc>0.974368</vAcc></extensions></trkpt>
      <trkpt lon="-117.164582" lat="32.898042"><ele>80.052914</ele><time>2024-08-28T03:00:50Z</time><extensions><speed>1.209020</speed><course>143.526713</course><hAcc>1.700288</hAcc><vAcc>0.976238</vAcc></extensions></trkpt>
      <trkpt lon="-117.164575" lat="32.898034"><ele>80.225440</ele><time>2024-08-28T03:00:51Z</time><extensions><speed>1.090900</speed><course>141.635189</course><hAcc>1.694918</hAcc><vAcc>0.980699</vAcc></extensions></trkpt>
      <trkpt lon="-117.164567" lat="32.898027"><ele>80.393925</ele><time>2024-08-28T03:00:52Z</time><extensions><speed>0.981308</speed><course>134.288884</course><hAcc>1.676762</hAcc><vAcc>0.985224</vAcc></extensions></trkpt>
      <trkpt lon="-117.164559" lat="32.898021"><ele>80.599695</ele><time>2024-08-28T03:00:53Z</time><extensions><speed>1.066064</speed><course>127.402096</course><hAcc>1.660159</hAcc><vAcc>0.990539</vAcc></extensions></trkpt>
      <trkpt lon="-117.164549" lat="32.898015"><ele>80.818074</ele><time>2024-08-28T03:00:54Z</time><extensions><speed>1.308284</speed><course>126.995887</course><hAcc>1.643270</hAcc><vAcc>0.994560</vAcc></extensions></trkpt>
      <trkpt lon="-117.164537" lat="32.898007"><ele>81.055155</ele><time>2024-08-28T03:00:55Z</time><extensions><speed>1.427597</speed><course>129.163117</course><hAcc>1.631095</hAcc><vAcc>0.998638</vAcc></extensions></trkpt>
      <trkpt lon="-117.164526" lat="32.898000"><ele>81.309806</ele><time>2024-08-28T03:00:56Z</time><extensions><speed>1.198842</speed><course>130.756140</course><hAcc>1.635433</hAcc><vAcc>1.001979</vAcc></extensions></trkpt>
      <trkpt lon="-117.164516" lat="32.897993"><ele>81.579293</ele><time>2024-08-28T03:00:57Z</time><extensions><speed>1.220376</speed><course>127.847954</course><hAcc>1.597955</hAcc><vAcc>1.005588</vAcc></extensions></trkpt>
      <trkpt lon="-117.164505" lat="32.897987"><ele>81.849889</ele><time>2024-08-28T03:00:58Z</time><extensions><speed>1.192546</speed><course>126.278748</course><hAcc>1.581081</hAcc><vAcc>1.010579</vAcc></extensions></trkpt>
      <trkpt lon="-117.164495" lat="32.897980"><ele>82.135483</ele><time>2024-08-28T03:00:59Z</time><extensions><speed>1.241293</speed><course>126.053315</course><hAcc>1.573086</hAcc><vAcc>1.015488</vAcc></extensions></trkpt>
      <trkpt lon="-117.164484" lat="32.897973"><ele>82.431781</ele><time>2024-08-28T03:01:00Z</time><extensions><speed>1.350918</speed><course>126.537524</course><hAcc>1.556285</hAcc><vAcc>1.019932</vAcc></extensions></trkpt>
      <trkpt lon="-117.164473" lat="32.897966"><ele>82.727063</ele><time>2024-08-28T03:01:01Z</time><extensions><speed>1.312012</speed><course>129.598149</course><hAcc>1.570890</hAcc><vAcc>1.020989</vAcc></extensions></trkpt>
      <trkpt lon="-117.164463" lat="32.897958"><ele>83.003243</ele><time>2024-08-28T03:01:02Z</time><extensions><speed>1.260157</speed><course>134.028360</course><hAcc>1.589280</hAcc><vAcc>1.019941</vAcc></extensions></trkpt>
      <trkpt lon="-117.164453" lat="32.897951"><ele>83.259204</ele><time>2024-08-28T03:01:03Z</time><extensions><speed>1.241387</speed><course>127.535788</course><hAcc>1.559094</hAcc><vAcc>1.019744</vAcc></extensions></trkpt>
      <trkpt lon="-117.164442" lat="32.897944"><ele>83.512236</ele><time>2024-08-28T03:01:04Z</time><extensions><speed>1.271086</speed><course>124.497786</course><hAcc>1.544283</hAcc><vAcc>1.017481</vAcc></extensions></trkpt>
      <trkpt lon="-117.164431" lat="32.897938"><ele>83.752874</ele><time>2024-08-28T03:01:05Z</time><extensions><speed>1.224803</speed><course>126.445916</course><hAcc>1.541288</hAcc><vAcc>1.014409</vAcc></extensions></trkpt>
      <trkpt lon="-117.164421" lat="32.897931"><ele>83.969848</ele><time>2024-08-28T03:01:06Z</time><extensions><speed>1.258871</speed><course>126.777475</course><hAcc>1.534316</hAcc><vAcc>1.011671</vAcc></extensions></trkpt>
      <trkpt lon="-117.164410" lat="32.897924"><ele>84.165561</ele><time>2024-08-28T03:01:07Z</time><extensions><speed>1.370377</speed><course>129.955902</course><hAcc>1.524842</hAcc><vAcc>1.008888</vAcc></extensions></trkpt>
      <trkpt lon="-117.164399" lat="32.897915"><ele>84.343547</ele><time>2024-08-28T03:01:08Z</time><extensions><speed>1.378316</speed><course>134.941482</course><hAcc>1.528965</hAcc><vAcc>1.006335</vAcc></extensions></trkpt>
      <trkpt lon="-117.164389" lat="32.897906"><ele>84.489983</ele><time>2024-08-28T03:01:09Z</time><extensions><speed>1.312015</speed><course>145.670510</course><hAcc>1.537795</hAcc><vAcc>1.004297</vAcc></extensions></trkpt>
      <trkpt lon="-117.164383" lat="32.897896"><ele>84.603828</ele><time>2024-08-28T03:01:10Z</time><extensions><speed>1.235652</speed><course>165.070546</course><hAcc>1.543844</hAcc><vAcc>1.000638</vAcc></extensions></trkpt>
      <trkpt lon="-117.164383" lat="32.897885"><ele>84.689956</ele><time>2024-08-28T03:01:11Z</time><extensions><speed>1.154728</speed><course>191.365867</course><hAcc>1.513843</hAcc><vAcc>0.996546</vAcc></extensions></trkpt>
      <trkpt lon="-117.164387" lat="32.897876"><ele>84.737452</ele><time>2024-08-28T03:01:12Z</time><extensions><speed>1.088679</speed><course>210.767924</course><hAcc>1.519355</hAcc><vAcc>0.992088</vAcc></extensions></trkpt>
      <trkpt lon="-117.164393" lat="32.897868"><ele>84.765456</ele><time>2024-08-28T03:01:13Z</time><extensions><speed>1.025932</speed><course>212.188940</course><hAcc>1.543989</hAcc><vAcc>0.988337</vAcc></extensions></trkpt>
      <trkpt lon="-117.164398" lat="32.897860"><ele>84.770945</ele><time>2024-08-28T03:01:14Z</time><extensions><speed>0.979441</speed><course>208.670217</course><hAcc>1.563207</hAcc><vAcc>0.986124</vAcc></extensions></trkpt>
      <trkpt lon="-117.164403" lat="32.897852"><ele>84.733719</ele><time>2024-08-28T03:01:15Z</time><extensions><speed>1.106905</speed><course>204.386100</course><hAcc>1.587453</hAcc><vAcc>0.984416</vAcc></extensions></trkpt>
      <trkpt lon="-117.164407" lat="32.897842"><ele>84.677935</ele><time>2024-08-28T03:01:16Z</time><extensions><speed>1.152760</speed><course>200.206948</course><hAcc>1.615512</hAcc><vAcc>0.985148</vAcc></extensions></trkpt>
      <trkpt lon="-117.164411" lat="32.897833"><ele>84.598353</ele><time>2024-08-28T03:01:17Z</time><extensions><speed>1.091301</speed><course>196.789333</course><hAcc>1.643400</hAcc><vAcc>0.986205</vAcc></extensions></trkpt>
      <trkpt lon="-117.164414" lat="32.897823"><ele>84.497498</ele><time>2024-08-28T03:01:18Z</time><extensions><speed>1.080678</speed><course>192.128782</course><hAcc>1.667527</hAcc><vAcc>0.987874</vAcc></extensions></trkpt>
      <trkpt lon="-117.164416" lat="32.897814"><ele>84.380338</ele><time>2024-08-28T03:01:19Z</time><extensions><speed>1.031517</speed><course>192.964275</course><hAcc>1.686924</hAcc><vAcc>0.991556</vAcc></extensions></trkpt>
      <trkpt lon="-117.164418" lat="32.897805"><ele>84.265473</ele><time>2024-08-28T03:01:20Z</time><extensions><speed>1.054866</speed><course>194.178194</course><hAcc>1.707814</hAcc><vAcc>0.996873</vAcc></extensions></trkpt>
      <trkpt lon="-117.164421" lat="32.897796"><ele>84.126011</ele><time>2024-08-28T03:01:21Z</time><extensions><speed>1.066874</speed><course>195.422399</course><hAcc>1.727214</hAcc><vAcc>1.003238</vAcc></extensions></trkpt>
      <trkpt lon="-117.164424" lat="32.897786"><ele>83.969503</ele><time>2024-08-28T03:01:22Z</time><extensions><speed>1.046848</speed><course>195.919652</course><hAcc>1.744987</hAcc><vAcc>1.010839</vAcc></extensions></trkpt>
      <trkpt lon="-117.164427" lat="32.897777"><ele>83.802503</ele><time>2024-08-28T03:01:23Z</time><extensions><speed>1.055957</speed><course>196.412538</course><hAcc>1.763296</hAcc><vAcc>1.018871</vAcc></extensions></trkpt>
      <trkpt lon="-117.164431" lat="32.897768"><ele>83.633912</ele><time>2024-08-28T03:01:24Z</time><extensions><speed>1.095757</speed><course>199.013147</course><hAcc>1.778254</hAcc><vAcc>1.029517</vAcc></extensions></trkpt>
      <trkpt lon="-117.164435" lat="32.897759"><ele>83.459278</ele><time>2024-08-28T03:01:25Z</time><extensions><speed>1.057348</speed><course>201.185075</course><hAcc>1.790055</hAcc><vAcc>1.038802</vAcc></extensions></trkpt>
      <trkpt lon="-117.164439" lat="32.897750"><ele>83.274858</ele><time>2024-08-28T03:01:26Z</time><extensions><speed>1.017302</speed><course>202.993360</course><hAcc>1.813613</hAcc><vAcc>1.046247</vAcc></extensions></trkpt>
      <trkpt lon="-117.164442" lat="32.897742"><ele>83.078712</ele><time>2024-08-28T03:01:27Z</time><extensions><speed>0.992130</speed><course>202.606072</course><hAcc>1.837028</hAcc><vAcc>1.052110</vAcc></extensions></trkpt>
      <trkpt lon="-117.164446" lat="32.897734"><ele>82.887203</ele><time>2024-08-28T03:01:28Z</time><extensions><speed>1.000286</speed><course>200.229824</course><hAcc>1.854816</hAcc><vAcc>1.057207</vAcc></extensions></trkpt>
      <trkpt lon="-117.164448" lat="32.897726"><ele>82.717007</ele><time>2024-08-28T03:01:29Z</time><extensions><speed>1.004437</speed><course>195.735200</course><hAcc>1.873761</hAcc><vAcc>1.060703</vAcc></extensions></trkpt>
      <trkpt lon="-117.164450" lat="32.897717"><ele>82.559031</ele><time>2024-08-28T03:01:30Z</time><extensions><speed>1.021168</speed><course>193.941000</course><hAcc>1.894802</hAcc><vAcc>1.062841</vAcc></extensions></trkpt>
      <trkpt lon="-117.164452" lat="32.897709"><ele>82.424198</ele><time>2024-08-28T03:01:31Z</time><extensions><speed>0.917269</speed><course>194.088229</course><hAcc>1.901173</hAcc><vAcc>1.063947</vAcc></extensions></trkpt>
      <trkpt lon="-117.164454" lat="32.897702"><ele>82.312920</ele><time>2024-08-28T03:01:32Z</time><extensions><speed>0.827628</speed><course>196.857391</course><hAcc>1.905669</hAcc><vAcc>1.064220</vAcc></extensions></trkpt>
      <trkpt lon="-117.164457" lat="32.897695"><ele>82.246053</ele><time>2024-08-28T03:01:33Z</time><extensions><speed>0.781446</speed><course>197.540910</course><hAcc>1.916376</hAcc><vAcc>1.064011</vAcc></extensions></trkpt>
      <trkpt lon="-117.164458" lat="32.897688"><ele>82.207430</ele><time>2024-08-28T03:01:34Z</time><extensions><speed>0.774271</speed><course>193.227285</course><hAcc>1.925601</hAcc><vAcc>1.062732</vAcc></extensions></trkpt>
      <trkpt lon="-117.164457" lat="32.897682"><ele>82.211762</ele><time>2024-08-28T03:01:35Z</time><extensions><speed>0.639324</speed><course>151.625078</course><hAcc>1.895031</hAcc><vAcc>1.060115</vAcc></extensions></trkpt>
      <trkpt lon="-117.164452" lat="32.897677"><ele>82.257975</ele><time>2024-08-28T03:01:36Z</time><extensions><speed>0.862584</speed><course>126.415833</course><hAcc>1.876564</hAcc><vAcc>1.057846</vAcc></extensions></trkpt>
      <trkpt lon="-117.164442" lat="32.897672"><ele>82.336685</ele><time>2024-08-28T03:01:37Z</time><extensions><speed>1.151149</speed><course>122.299931</course><hAcc>1.872315</hAcc><vAcc>1.056573</vAcc></extensions></trkpt>
      <trkpt lon="-117.164431" lat="32.897667"><ele>82.453069</ele><time>2024-08-28T03:01:38Z</time><extensions><speed>1.298891</speed><course>118.642151</course><hAcc>1.863001</hAcc><vAcc>1.055004</vAcc></extensions></trkpt>
      <trkpt lon="-117.164418" lat="32.897661"><ele>82.607371</ele><time>2024-08-28T03:01:39Z</time><extensions><speed>1.355960</speed><course>112.871469</course><hAcc>1.846882</hAcc><vAcc>1.052612</vAcc></extensions></trkpt>
      <trkpt lon="-117.164405" lat="32.897657"><ele>82.785137</ele><time>2024-08-28T03:01:40Z</time><extensions><speed>1.341532</speed><course>108.349676</course><hAcc>1.830082</hAcc><vAcc>1.050684</vAcc></extensions></trkpt>
      <trkpt lon="-117.164392" lat="32.897653"><ele>83.011401</ele><time>2024-08-28T03:01:41Z</time><extensions><speed>1.204736</speed><course>107.986042</course><hAcc>1.813302</hAcc><vAcc>1.048230</vAcc></extensions></trkpt>
      <trkpt lon="-117.164381" lat="32.897650"><ele>83.245416</ele><time>2024-08-28T03:01:42Z</time><extensions><speed>1.149007</speed><course>110.256627</course><hAcc>1.794021</hAcc><vAcc>1.045055</vAcc></extensions></trkpt>
      <trkpt lon="-117.164369" lat="32.897646"><ele>83.495784</ele><time>2024-08-28T03:01:43Z</time><extensions><speed>1.218678</speed><course>115.093940</course><hAcc>1.770752</hAcc><vAcc>1.041610</vAcc></extensions></trkpt>
      <trkpt lon="-117.164357" lat="32.897641"><ele>83.798227</ele><time>2024-08-28T03:01:44Z</time><extensions><speed>1.289812</speed><course>120.188680</course><hAcc>1.760371</hAcc><vAcc>1.037854</vAcc></extensions></trkpt>
      <trkpt lon="-117.164346" lat="32.897634"><ele>84.101890</ele><time>2024-08-28T03:01:45Z</time><extensions><speed>1.317225</speed><course>127.550536</course><hAcc>1.752163</hAcc><vAcc>1.034315</vAcc></extensions></trkpt>
      <trkpt lon="-117.164335" lat="32.897626"><ele>84.422434</ele><time>2024-08-28T03:01:46Z</time><extensions><speed>1.451642</speed><course>133.735453</course><hAcc>1.747277</hAcc><vAcc>1.031025</vAcc></extensions></trkpt>
      <trkpt lon="-117.164324" lat="32.897617"><ele>84.740009</ele><time>2024-08-28T03:01:47Z</time><extensions><speed>1.301547</speed><course>135.936723</course><hAcc>1.752496</hAcc><vAcc>1.026923</vAcc></extensions></trkpt>
      <trkpt lon="-117.164315" lat="32.897608"><ele>85.070218</ele><time>2024-08-28T03:01:48Z</time><extensions><speed>1.273105</speed><course>137.836151</course><hAcc>1.745181</hAcc><vAcc>1.022700</vAcc></extensions></trkpt>
      <trkpt lon="-117.164307" lat="32.897600"><ele>85.394604</ele><time>2024-08-28T03:01:49Z</time><extensions><speed>1.184573</speed><course>142.076524</course><hAcc>1.730508</hAcc><vAcc>1.017691</vAcc></extensions></trkpt>
      <trkpt lon="-117.164300" lat="32.897591"><ele>85.717747</ele><time>2024-08-28T03:01:50Z</time><extensions><speed>1.140776</speed><course>145.440823</course><hAcc>1.722165</hAcc><vAcc>1.011673</vAcc></extensions></trkpt>
      <trkpt lon="-117.164294" lat="32.897583"><ele>86.032601</ele><time>2024-08-28T03:01:51Z</time><extensions><speed>1.040319</speed><course>154.100114</course><hAcc>1.701043</hAcc><vAcc>1.005324</vAcc></extensions></trkpt>
      <trkpt lon="-117.164290" lat="32.897574"><ele>86.351377</ele><time>2024-08-28T03:01:52Z</time><extensions><speed>0.967868</speed><course>163.622758</course><hAcc>1.678313</hAcc><vAcc>0.999256</vAcc></extensions></trkpt>
      <trkpt lon="-117.164287" lat="32.897565"><ele>86.631924</ele><time>2024-08-28T03:01:53Z</time><extensions><speed>1.059977</speed><course>168.321945</course><hAcc>1.677337</hAcc><vAcc>0.992826</vAcc></extensions></trkpt>
      <trkpt lon="-117.164285" lat="32.897555"><ele>86.905361</ele><time>2024-08-28T03:01:54Z</time><extensions><speed>1.206191</speed><course>171.666125</course><hAcc>1.673713</hAcc><vAcc>0.986414</vAcc></extensions></trkpt>
      <trkpt lon="-117.164284" lat="32.897544"><ele>87.149065</ele><time>2024-08-28T03:01:55Z</time><extensions><speed>1.255185</speed><course>173.405215</course><hAcc>1.675052</hAcc><vAcc>0.979738</vAcc></extensions></trkpt>
      <trkpt lon="-117.164283" lat="32.897532"><ele>87.358248</ele><time>2024-08-28T03:01:56Z</time><extensions><speed>1.254098</speed><course>178.211790</course><hAcc>1.668040</hAcc><vAcc>0.972658</vAcc></extensions></trkpt>
      <trkpt lon="-117.164283" lat="32.897521"><ele>87.542067</ele><time>2024-08-28T03:01:57Z</time><extensions><speed>1.287163</speed><course>183.796189</course><hAcc>1.663465</hAcc><vAcc>0.965495</vAcc></extensions></trkpt>
      <trkpt lon="-117.164285" lat="32.897509"><ele>87.709963</ele><time>2024-08-28T03:01:58Z</time><extensions><speed>1.230220</speed><course>191.245036</course><hAcc>1.660491</hAcc><vAcc>0.958349</vAcc></extensions></trkpt>
      <trkpt lon="-117.164288" lat="32.897499"><ele>87.848100</ele><time>2024-08-28T03:01:59Z</time><extensions><speed>1.158339</speed><course>196.859744</course><hAcc>1.653141</hAcc><vAcc>0.951787</vAcc></extensions></trkpt>
      <trkpt lon="-117.164291" lat="32.897488"><ele>87.949120</ele><time>2024-08-28T03:02:00Z</time><extensions><speed>1.253320</speed><course>194.286681</course><hAcc>1.666328</hAcc><vAcc>0.944545</vAcc></extensions></trkpt>
      <trkpt lon="-117.164294" lat="32.897476"><ele>88.031821</ele><time>2024-08-28T03:02:01Z</time><extensions><speed>1.344793</speed><course>189.777374</course><hAcc>1.673854</hAcc><vAcc>0.937130</vAcc></extensions></trkpt>
      <trkpt lon="-117.164297" lat="32.897464"><ele>88.085022</ele><time>2024-08-28T03:02:02Z</time><extensions><speed>1.525811</speed><course>193.110956</course><hAcc>1.671703</hAcc><vAcc>0.930500</vAcc></extensions></trkpt>
      <trkpt lon="-117.164302" lat="32.897450"><ele>88.106110</ele><time>2024-08-28T03:02:03Z</time><extensions><speed>1.630148</speed><course>197.594016</course><hAcc>1.675969</hAcc><vAcc>0.924380</vAcc></extensions></trkpt>
      <trkpt lon="-117.164308" lat="32.897436"><ele>88.122844</ele><time>2024-08-28T03:02:04Z</time><extensions><speed>1.577884</speed><course>200.462778</course><hAcc>1.680210</hAcc><vAcc>0.919293</vAcc></extensions></trkpt>
      <trkpt lon="-117.164314" lat="32.897424"><ele>88.119510</ele><time>2024-08-28T03:02:05Z</time><extensions><speed>1.400182</speed><course>200.700874</course><hAcc>1.670546</hAcc><vAcc>0.914218</vAcc></extensions></trkpt>
      <trkpt lon="-117.164319" lat="32.897412"><ele>88.093684</ele><time>2024-08-28T03:02:06Z</time><extensions><speed>1.292916</speed><course>202.226566</course><hAcc>1.642354</hAcc><vAcc>0.909359</vAcc></extensions></trkpt>
      <trkpt lon="-117.164325" lat="32.897402"><ele>88.050487</ele><time>2024-08-28T03:02:07Z</time><extensions><speed>1.273206</speed><course>206.335688</course><hAcc>1.635374</hAcc><vAcc>0.906306</vAcc></extensions></trkpt>
      <trkpt lon="-117.164332" lat="32.897392"><ele>87.976516</ele><time>2024-08-28T03:02:08Z</time><extensions><speed>1.319917</speed><course>209.343393</course><hAcc>1.643096</hAcc><vAcc>0.903054</vAcc></extensions></trkpt>
      <trkpt lon="-117.164339" lat="32.897382"><ele>87.875132</ele><time>2024-08-28T03:02:09Z</time><extensions><speed>1.325845</speed><course>212.701821</course><hAcc>1.637925</hAcc><vAcc>0.900662</vAcc></extensions></trkpt>
      <trkpt lon="-117.164347" lat="32.897373"><ele>87.741442</ele><time>2024-08-28T03:02:10Z</time><extensions><speed>1.235775</speed><course>221.396341</course><hAcc>1.617795</hAcc><vAcc>0.900043</vAcc></extensions></trkpt>
      <trkpt lon="-117.164356" lat="32.897366"><ele>87.597609</ele><time>2024-08-28T03:02:11Z</time><extensions><speed>1.170564</speed><course>233.678219</course><hAcc>1.601044</hAcc><vAcc>0.901336</vAcc></extensions></trkpt>
      <trkpt lon="-117.164367" lat="32.897361"><ele>87.441734</ele><time>2024-08-28T03:02:12Z</time><extensions><speed>1.142425</speed><course>245.254926</course><hAcc>1.589262</hAcc><vAcc>0.903698</vAcc></extensions></trkpt>
      <trkpt lon="-117.164378" lat="32.897358"><ele>87.274059</ele><time>2024-08-28T03:02:13Z</time><extensions><speed>1.161654</speed><course>257.953687</course><hAcc>1.580280</hAcc><vAcc>0.906928</vAcc></extensions></trkpt>
      <trkpt lon="-117.164391" lat="32.897356"><ele>87.096981</ele><time>2024-08-28T03:02:14Z</time><extensions><speed>1.192705</speed><course>266.202231</course><hAcc>1.606569</hAcc><vAcc>0.911310</vAcc></extensions></trkpt>
      <trkpt lon="-117.164404" lat="32.897358"><ele>86.911647</ele><time>2024-08-28T03:02:15Z</time><extensions><speed>1.351261</speed><course>286.208295</course><hAcc>1.588141</hAcc><vAcc>0.916286</vAcc></extensions></trkpt>
      <trkpt lon="-117.164418" lat="32.897363"><ele>86.732396</ele><time>2024-08-28T03:02:16Z</time><extensions><speed>1.579315</speed><course>300.534126</course><hAcc>1.592714</hAcc><vAcc>0.921785</vAcc></extensions></trkpt>
      <trkpt lon="-117.164431" lat="32.897372"><ele>86.549357</ele><time>2024-08-28T03:02:17Z</time><extensions><speed>1.500771</speed><course>313.312672</course><hAcc>1.615042</hAcc><vAcc>0.928482</vAcc></extensions></trkpt>
      <trkpt lon="-117.164441" lat="32.897382"><ele>86.365218</ele><time>2024-08-28T03:02:18Z</time><extensions><speed>1.343382</speed><course>328.542488</course><hAcc>1.615977</hAcc><vAcc>0.937520</vAcc></extensions></trkpt>
      <trkpt lon="-117.164446" lat="32.897393"><ele>86.186037</ele><time>2024-08-28T03:02:19Z</time><extensions><speed>1.331950</speed><course>345.252413</course><hAcc>1.626078</hAcc><vAcc>0.947132</vAcc></extensions></trkpt>
      <trkpt lon="-117.164449" lat="32.897405"><ele>86.015578</ele><time>2024-08-28T03:02:20Z</time><extensions><speed>1.395251</speed><course>354.036049</course><hAcc>1.667653</hAcc><vAcc>0.957368</vAcc></extensions></trkpt>
      <trkpt lon="-117.164450" lat="32.897418"><ele>85.856440</ele><time>2024-08-28T03:02:21Z</time><extensions><speed>1.403355</speed><course>358.638500</course><hAcc>1.694913</hAcc><vAcc>0.967689</vAcc></extensions></trkpt>
      <trkpt lon="-117.164450" lat="32.897430"><ele>85.693106</ele><time>2024-08-28T03:02:22Z</time><extensions><speed>1.385417</speed><course>359.940761</course><hAcc>1.706281</hAcc><vAcc>0.977640</vAcc></extensions></trkpt>
      <trkpt lon="-117.164450" lat="32.897443"><ele>85.538505</ele><time>2024-08-28T03:02:23Z</time><extensions><speed>1.335567</speed><course>359.902282</course><hAcc>1.708210</hAcc><vAcc>0.987057</vAcc></extensions></trkpt>
      <trkpt lon="-117.164450" lat="32.897454"><ele>85.397356</ele><time>2024-08-28T03:02:24Z</time><extensions><speed>1.247694</speed><course>359.700103</course><hAcc>1.704855</hAcc><vAcc>0.996673</vAcc></extensions></trkpt>
      <trkpt lon="-117.164451" lat="32.897466"><ele>85.265009</ele><time>2024-08-28T03:02:25Z</time><extensions><speed>1.199262</speed><course>359.053521</course><hAcc>1.703273</hAcc><vAcc>1.005908</vAcc></extensions></trkpt>
      <trkpt lon="-117.164451" lat="32.897476"><ele>85.134166</ele><time>2024-08-28T03:02:26Z</time><extensions><speed>1.189063</speed><course>357.941302</course><hAcc>1.702186</hAcc><vAcc>1.012923</vAcc></extensions></trkpt>
      <trkpt lon="-117.164452" lat="32.897487"><ele>84.999777</ele><time>2024-08-28T03:02:27Z</time><extensions><speed>1.161248</speed><course>358.247604</course><hAcc>1.713366</hAcc><vAcc>1.018830</vAcc></extensions></trkpt>
      <trkpt lon="-117.164452" lat="32.897497"><ele>84.861624</ele><time>2024-08-28T03:02:28Z</time><extensions><speed>1.060215</speed><course>0.906634</course><hAcc>1.723614</hAcc><vAcc>1.023721</vAcc></extensions></trkpt>
      <trkpt lon="-117.164452" lat="32.897507"><ele>84.723068</ele><time>2024-08-28T03:02:29Z</time><extensions><speed>1.114507</speed><course>354.419810</course><hAcc>1.724050</hAcc><vAcc>1.030238</vAcc></extensions></trkpt>
      <trkpt lon="-117.164454" lat="32.897517"><ele>84.565758</ele><time>2024-08-28T03:02:30Z</time><extensions><speed>1.173822</speed><course>347.084180</course><hAcc>1.728157</hAcc><vAcc>1.036638</vAcc></extensions></trkpt>
      <trkpt lon="-117.164457" lat="32.897528"><ele>84.420677</ele><time>2024-08-28T03:02:31Z</time><extensions><speed>1.194165</speed><course>341.896988</course><hAcc>1.734696</hAcc><vAcc>1.042458</vAcc></extensions></trkpt>
      <trkpt lon="-117.164462" lat="32.897538"><ele>84.292296</ele><time>2024-08-28T03:02:32Z</time><extensions><speed>1.181569</speed><course>340.855156</course><hAcc>1.742516</hAcc><vAcc>1.046853</vAcc></extensions></trkpt>
      <trkpt lon="-117.164466" lat="32.897548"><ele>84.182415</ele><time>2024-08-28T03:02:33Z</time><extensions><speed>1.170233</speed><course>339.409821</course><hAcc>1.755611</hAcc><vAcc>1.050083</vAcc></extensions></trkpt>
      <trkpt lon="-117.164470" lat="32.897558"><ele>84.077088</ele><time>2024-08-28T03:02:34Z</time><extensions><speed>1.160226</speed><course>339.465993</course><hAcc>1.768737</hAcc><vAcc>1.052241</vAcc></extensions></trkpt>
      <trkpt lon="-117.164475" lat="32.897568"><ele>83.968151</ele><time>2024-08-28T03:02:35Z</time><extensions><speed>1.150829</speed><course>340.970554</course><hAcc>1.775161</hAcc><vAcc>1.056528</vAcc></extensions></trkpt>
      <trkpt lon="-117.164478" lat="32.897578"><ele>83.857046</ele><time>2024-08-28T03:02:36Z</time><extensions><speed>1.077068</speed><course>342.277146</course><hAcc>1.776508</hAcc><vAcc>1.059939</vAcc></extensions></trkpt>
      <trkpt lon="-117.164482" lat="32.897587"><ele>83.750146</ele><time>2024-08-28T03:02:37Z</time><extensions><speed>1.098724</speed><course>343.725037</course><hAcc>1.805730</hAcc><vAcc>1.063157</vAcc></extensions></trkpt>
      <trkpt lon="-117.164485" lat="32.897597"><ele>83.621537</ele><time>2024-08-28T03:02:38Z</time><extensions><speed>1.171148</speed><course>347.747195</course><hAcc>1.831658</hAcc><vAcc>1.064244</vAcc></extensions></trkpt>
      <trkpt lon="-117.164486" lat="32.897607"><ele>83.512933</ele><time>2024-08-28T03:02:39Z</time><extensions><speed>1.029863</speed><course>354.861703</course><hAcc>1.845184</hAcc><vAcc>1.065636</vAcc></extensions></trkpt>
      <trkpt lon="-117.164488" lat="32.897616"><ele>83.406942</ele><time>2024-08-28T03:02:40Z</time><extensions><speed>1.009613</speed><course>351.924663</course><hAcc>1.839277</hAcc><vAcc>1.067789</vAcc></extensions></trkpt>
      <trkpt lon="-117.164489" lat="32.897626"><ele>83.301298</ele><time>2024-08-28T03:02:41Z</time><extensions><speed>1.086049</speed><course>348.242478</course><hAcc>1.843377</hAcc><vAcc>1.071586</vAcc></extensions></trkpt>
      <trkpt lon="-117.164492" lat="32.897635"><ele>83.232064</ele><time>2024-08-28T03:02:42Z</time><extensions><speed>1.166932</speed><course>342.280232</course><hAcc>1.827643</hAcc><vAcc>1.074540</vAcc></extensions></trkpt>
      <trkpt lon="-117.164497" lat="32.897646"><ele>83.185993</ele><time>2024-08-28T03:02:43Z</time><extensions><speed>1.272447</speed><course>335.859202</course><hAcc>1.822227</hAcc><vAcc>1.076918</vAcc></extensions></trkpt>
      <trkpt lon="-117.164502" lat="32.897656"><ele>83.163952</ele><time>2024-08-28T03:02:44Z</time><extensions><speed>1.266281</speed><course>336.028527</course><hAcc>1.815241</hAcc><vAcc>1.079227</vAcc></extensions></trkpt>
      <trkpt lon="-117.164507" lat="32.897667"><ele>83.119688</ele><time>2024-08-28T03:02:45Z</time><extensions><speed>1.301086</speed><course>343.601645</course><hAcc>1.808352</hAcc><vAcc>1.083222</vAcc></extensions></trkpt>
      <trkpt lon="-117.164511" lat="32.897678"><ele>83.098212</ele><time>2024-08-28T03:02:46Z</time><extensions><speed>1.298510</speed><course>344.497874</course><hAcc>1.784642</hAcc><vAcc>1.085105</vAcc></extensions></trkpt>
      <trkpt lon="-117.164514" lat="32.897689"><ele>83.077937</ele><time>2024-08-28T03:02:47Z</time><extensions><speed>1.199510</speed><course>345.647528</course><hAcc>1.760567</hAcc><vAcc>1.088753</vAcc></extensions></trkpt>
      <trkpt lon="-117.164517" lat="32.897699"><ele>83.080160</ele><time>2024-08-28T03:02:48Z</time><extensions><speed>1.268091</speed><course>347.801659</course><hAcc>1.735569</hAcc><vAcc>1.091108</vAcc></extensions></trkpt>
      <trkpt lon="-117.164519" lat="32.897710"><ele>83.081796</ele><time>2024-08-28T03:02:49Z</time><extensions><speed>1.271919</speed><course>350.829666</course><hAcc>1.730073</hAcc><vAcc>1.093512</vAcc></extensions></trkpt>
      <trkpt lon="-117.164521" lat="32.897722"><ele>83.100401</ele><time>2024-08-28T03:02:50Z</time><extensions><speed>1.280923</speed><course>356.118428</course><hAcc>1.738411</hAcc><vAcc>1.097399</vAcc></extensions></trkpt>
      <trkpt lon="-117.164521" lat="32.897732"><ele>83.129953</ele><time>2024-08-28T03:02:51Z</time><extensions><speed>1.125720</speed><course>1.398495</course><hAcc>1.760729</hAcc><vAcc>1.101796</vAcc></extensions></trkpt>
      <trkpt lon="-117.164520" lat="32.897742"><ele>83.135657</ele><time>2024-08-28T03:02:52Z</time><extensions><speed>0.979684</speed><course>8.514496</course><hAcc>1.724039</hAcc><vAcc>1.105658</vAcc></extensions></trkpt>
      <trkpt lon="-117.164518" lat="32.897750"><ele>83.131312</ele><time>2024-08-28T03:02:53Z</time><extensions><speed>0.996821</speed><course>15.336179</course><hAcc>1.700183</hAcc><vAcc>1.108584</vAcc></extensions></trkpt>
      <trkpt lon="-117.164514" lat="32.897759"><ele>83.144391</ele><time>2024-08-28T03:02:54Z</time><extensions><speed>1.131550</speed><course>22.391963</course><hAcc>1.699881</hAcc><vAcc>1.108366</vAcc></extensions></trkpt>
      <trkpt lon="-117.164509" lat="32.897769"><ele>83.154954</ele><time>2024-08-28T03:02:55Z</time><extensions><speed>1.236347</speed><course>27.627763</course><hAcc>1.721271</hAcc><vAcc>1.105968</vAcc></extensions></trkpt>
      <trkpt lon="-117.164502" lat="32.897778"><ele>83.176572</ele><time>2024-08-28T03:02:56Z</time><extensions><speed>1.234233</speed><course>35.685846</course><hAcc>1.718082</hAcc><vAcc>1.103304</vAcc></extensions></trkpt>
      <trkpt lon="-117.164494" lat="32.897786"><ele>83.203895</ele><time>2024-08-28T03:02:57Z</time><extensions><speed>1.027108</speed><course>39.020162</course><hAcc>1.722999</hAcc><vAcc>1.101860</vAcc></extensions></trkpt>
      <trkpt lon="-117.164487" lat="32.897793"><ele>83.253103</ele><time>2024-08-28T03:02:58Z</time><extensions><speed>0.965858</speed><course>45.132940</course><hAcc>1.698452</hAcc><vAcc>1.099651</vAcc></extensions></trkpt>
      <trkpt lon="-117.164479" lat="32.897798"><ele>83.297437</ele><time>2024-08-28T03:02:59Z</time><extensions><speed>0.936123</speed><course>53.179983</course><hAcc>1.677862</hAcc><vAcc>1.097075</vAcc></extensions></trkpt>
      <trkpt lon="-117.164471" lat="32.897803"><ele>83.342435</ele><time>2024-08-28T03:03:00Z</time><extensions><speed>0.979820</speed><course>54.900403</course><hAcc>1.656202</hAcc><vAcc>1.093450</vAcc></extensions></trkpt>
      <trkpt lon="-117.164462" lat="32.897809"><ele>83.392118</ele><time>2024-08-28T03:03:01Z</time><extensions><speed>1.076592</speed><course>51.973207</course><hAcc>1.646646</hAcc><vAcc>1.087883</vAcc></extensions></trkpt>
      <trkpt lon="-117.164452" lat="32.897815"><ele>83.436902</ele><time>2024-08-28T03:03:02Z</time><extensions><speed>1.234771</speed><course>50.878222</course><hAcc>1.654374</hAcc><vAcc>1.081550</vAcc></extensions></trkpt>
      <trkpt lon="-117.164442" lat="32.897822"><ele>83.484580</ele><time>2024-08-28T03:03:03Z</time><extensions><speed>1.217505</speed><course>52.411265</course><hAcc>1.655774</hAcc><vAcc>1.073937</vAcc></extensions></trkpt>
      <trkpt lon="-117.164432" lat="32.897828"><ele>83.557197</ele><time>2024-08-28T03:03:04Z</time><extensions><speed>1.173245</speed><course>57.305894</course><hAcc>1.616159</hAcc><vAcc>1.068094</vAcc></extensions></trkpt>
      <trkpt lon="-117.164421" lat="32.897834"><ele>83.638089</ele><time>2024-08-28T03:03:05Z</time><extensions><speed>1.204217</speed><course>57.768142</course><hAcc>1.592061</hAcc><vAcc>1.062735</vAcc></extensions></trkpt>
      <trkpt lon="-117.164411" lat="32.897840"><ele>83.730227</ele><time>2024-08-28T03:03:06Z</time><extensions><speed>1.200495</speed><course>53.416829</course><hAcc>1.578182</hAcc><vAcc>1.057156</vAcc></extensions></trkpt>
      <trkpt lon="-117.164401" lat="32.897848"><ele>83.839249</ele><time>2024-08-28T03:03:07Z</time><extensions><speed>1.296490</speed><course>46.653676</course><hAcc>1.571250</hAcc><vAcc>1.050744</vAcc></extensions></trkpt>
      <trkpt lon="-117.164391" lat="32.897856"><ele>83.965600</ele><time>2024-08-28T03:03:08Z</time><extensions><speed>1.329273</speed><course>40.230844</course><hAcc>1.577157</hAcc><vAcc>1.044111</vAcc></extensions></trkpt>
      <trkpt lon="-117.164382" lat="32.897865"><ele>84.102565</ele><time>2024-08-28T03:03:09Z</time><extensions><speed>1.264216</speed><course>36.428174</course><hAcc>1.593544</hAcc><vAcc>1.037402</vAcc></extensions></trkpt>
      <trkpt lon="-117.164375" lat="32.897874"><ele>84.223999</ele><time>2024-08-28T03:03:10Z</time><extensions><speed>1.077293</speed><course>34.715334</course><hAcc>1.572346</hAcc><vAcc>1.031883</vAcc></extensions></trkpt>
      <trkpt lon="-117.164369" lat="32.897882"><ele>84.344545</ele><time>2024-08-28T03:03:11Z</time><extensions><speed>1.014194</speed><course>30.231076</course><hAcc>1.539690</hAcc><vAcc>1.023217</vAcc></extensions></trkpt>
      <trkpt lon="-117.164363" lat="32.897890"><ele>84.453354</ele><time>2024-08-28T03:03:12Z</time><extensions><speed>1.038471</speed><course>26.351017</course><hAcc>1.531962</hAcc><vAcc>1.011669</vAcc></extensions></trkpt>
      <trkpt lon="-117.164358" lat="32.897899"><ele>84.555588</ele><time>2024-08-28T03:03:13Z</time><extensions><speed>1.201430</speed><course>25.199437</course><hAcc>1.538131</hAcc><vAcc>0.999835</vAcc></extensions></trkpt>
      <trkpt lon="-117.164352" lat="32.897908"><ele>84.651775</ele><time>2024-08-28T03:03:14Z</time><extensions><speed>1.279474</speed><course>24.879686</course><hAcc>1.562703</hAcc><vAcc>0.989484</vAcc></extensions></trkpt>
      <trkpt lon="-117.164347" lat="32.897919"><ele>84.739285</ele><time>2024-08-28T03:03:15Z</time><extensions><speed>1.276282</speed><course>23.250690</course><hAcc>1.575368</hAcc><vAcc>0.977977</vAcc></extensions></trkpt>
      <trkpt lon="-117.164341" lat="32.897928"><ele>84.824473</ele><time>2024-08-28T03:03:16Z</time><extensions><speed>1.143772</speed><course>27.728981</course><hAcc>1.557531</hAcc><vAcc>0.965725</vAcc></extensions></trkpt>
      <trkpt lon="-117.164335" lat="32.897937"><ele>84.907441</ele><time>2024-08-28T03:03:17Z</time><extensions><speed>1.046365</speed><course>39.621813</course><hAcc>1.541617</hAcc><vAcc>0.952917</vAcc></extensions></trkpt>
      <trkpt lon="-117.164327" lat="32.897944"><ele>84.985200</ele><time>2024-08-28T03:03:18Z</time><extensions><speed>1.101737</speed><course>46.466348</course><hAcc>1.529624</hAcc><vAcc>0.939616</vAcc></extensions></trkpt>
      <trkpt lon="-117.164318" lat="32.897950"><ele>85.056609</ele><time>2024-08-28T03:03:19Z</time><extensions><speed>1.184293</speed><course>53.178023</course><hAcc>1.532423</hAcc><vAcc>0.926598</vAcc></extensions></trkpt>
      <trkpt lon="-117.164307" lat="32.897955"><ele>85.136696</ele><time>2024-08-28T03:03:20Z</time><extensions><speed>1.150149</speed><course>64.055377</course><hAcc>1.549316</hAcc><vAcc>0.913013</vAcc></extensions></trkpt>
      <trkpt lon="-117.164296" lat="32.897958"><ele>85.215363</ele><time>2024-08-28T03:03:21Z</time><extensions><speed>1.048979</speed><course>85.896778</course><hAcc>1.528935</hAcc><vAcc>0.900024</vAcc></extensions></trkpt>
      <trkpt lon="-117.164285" lat="32.897957"><ele>85.293312</ele><time>2024-08-28T03:03:22Z</time><extensions><speed>1.060905</speed><course>110.077345</course><hAcc>1.517276</hAcc><vAcc>0.887982</vAcc></extensions></trkpt>
      <trkpt lon="-117.164274" lat="32.897952"><ele>85.368409</ele><time>2024-08-28T03:03:23Z</time><extensions><speed>1.258099</speed><course>121.339064</course><hAcc>1.512862</hAcc><vAcc>0.877214</vAcc></extensions></trkpt>
      <trkpt lon="-117.164263" lat="32.897946"><ele>85.448047</ele><time>2024-08-28T03:03:24Z</time><extensions><speed>1.349799</speed><course>125.569919</course><hAcc>1.514366</hAcc><vAcc>0.867674</vAcc></extensions></trkpt>
      <trkpt lon="-117.164252" lat="32.897938"><ele>85.534683</ele><time>2024-08-28T03:03:25Z</time><extensions><speed>1.290297</speed><course>131.251001</course><hAcc>1.513706</hAcc><vAcc>0.859801</vAcc></extensions></trkpt>
      <trkpt lon="-117.164241" lat="32.897931"><ele>85.625390</ele><time>2024-08-28T03:03:26Z</time><extensions><speed>1.259518</speed><course>131.151620</course><hAcc>1.509392</hAcc><vAcc>0.853662</vAcc></extensions></trkpt>
      <trkpt lon="-117.164231" lat="32.897923"><ele>85.730476</ele><time>2024-08-28T03:03:27Z</time><extensions><speed>1.273382</speed><course>128.730212</course><hAcc>1.507340</hAcc><vAcc>0.848916</vAcc></extensions></trkpt>
      <trkpt lon="-117.164220" lat="32.897916"><ele>85.842806</ele><time>2024-08-28T03:03:28Z</time><extensions><speed>1.291136</speed><course>127.381784</course><hAcc>1.505305</hAcc><vAcc>0.845133</vAcc></extensions></trkpt>
      <trkpt lon="-117.164209" lat="32.897910"><ele>85.972728</ele><time>2024-08-28T03:03:29Z</time><extensions><speed>1.279214</speed><course>125.025694</course><hAcc>1.499070</hAcc><vAcc>0.841876</vAcc></extensions></trkpt>
      <trkpt lon="-117.164198" lat="32.897903"><ele>86.120824</ele><time>2024-08-28T03:03:30Z</time><extensions><speed>1.284686</speed><course>121.745584</course><hAcc>1.488982</hAcc><vAcc>0.839111</vAcc></extensions></trkpt>
      <trkpt lon="-117.164186" lat="32.897897"><ele>86.278527</ele><time>2024-08-28T03:03:31Z</time><extensions><speed>1.272052</speed><course>118.248603</course><hAcc>1.482886</hAcc><vAcc>0.836729</vAcc></extensions></trkpt>
      <trkpt lon="-117.164174" lat="32.897892"><ele>86.444745</ele><time>2024-08-28T03:03:32Z</time><extensions><speed>1.259258</speed><course>116.634081</course><hAcc>1.476796</hAcc><vAcc>0.834365</vAcc></extensions></trkpt>
      <trkpt lon="-117.164162" lat="32.897887"><ele>86.622697</ele><time>2024-08-28T03:03:33Z</time><extensions><speed>1.238830</speed><course>116.361577</course><hAcc>1.471985</hAcc><vAcc>0.832372</vAcc></extensions></trkpt>
      <trkpt lon="-117.164150" lat="32.897882"><ele>86.807604</ele><time>2024-08-28T03:03:34Z</time><extensions><speed>1.202826</speed><course>115.950722</course><hAcc>1.467345</hAcc><vAcc>0.830693</vAcc></extensions></trkpt>
      <trkpt lon="-117.164139" lat="32.897878"><ele>87.010073</ele><time>2024-08-28T03:03:35Z</time><extensions><speed>1.187498</speed><course>115.518618</course><hAcc>1.463535</hAcc><vAcc>0.829194</vAcc></extensions></trkpt>
      <trkpt lon="-117.164127" lat="32.897873"><ele>87.227655</ele><time>2024-08-28T03:03:36Z</time><extensions><speed>1.184257</speed><course>113.658545</course><hAcc>1.461683</hAcc><vAcc>0.827350</vAcc></extensions></trkpt>
      <trkpt lon="-117.164116" lat="32.897869"><ele>87.468855</ele><time>2024-08-28T03:03:37Z</time><extensions><speed>1.186416</speed><course>112.396560</course><hAcc>1.459132</hAcc><vAcc>0.825905</vAcc></extensions></trkpt>
      <trkpt lon="-117.164104" lat="32.897865"><ele>87.739191</ele><time>2024-08-28T03:03:38Z</time><extensions><speed>1.204112</speed><course>110.912112</course><hAcc>1.457710</hAcc><vAcc>0.824800</vAcc></extensions></trkpt>
      <trkpt lon="-117.164092" lat="32.897861"><ele>88.044172</ele><time>2024-08-28T03:03:39Z</time><extensions><speed>1.181386</speed><course>113.252195</course><hAcc>1.454793</hAcc><vAcc>0.823716</vAcc></extensions></trkpt>
      <trkpt lon="-117.164081" lat="32.897857"><ele>88.356437</ele><time>2024-08-28T03:03:40Z</time><extensions><speed>1.140893</speed><course>116.378801</course><hAcc>1.452169</hAcc><vAcc>0.822914</vAcc></extensions></trkpt>
      <trkpt lon="-117.164070" lat="32.897852"><ele>88.700580</ele><time>2024-08-28T03:03:41Z</time><extensions><speed>1.154072</speed><course>118.365533</course><hAcc>1.454897</hAcc><vAcc>0.822415</vAcc></extensions></trkpt>
      <trkpt lon="-117.164059" lat="32.897847"><ele>89.068463</ele><time>2024-08-28T03:03:42Z</time><extensions><speed>1.152523</speed><course>118.253145</course><hAcc>1.455592</hAcc><vAcc>0.822110</vAcc></extensions></trkpt>
      <trkpt lon="-117.164048" lat="32.897842"><ele>89.485189</ele><time>2024-08-28T03:03:43Z</time><extensions><speed>1.144725</speed><course>117.179043</course><hAcc>1.453948</hAcc><vAcc>0.821612</vAcc></extensions></trkpt>
      <trkpt lon="-117.164037" lat="32.897837"><ele>89.905465</ele><time>2024-08-28T03:03:44Z</time><extensions><speed>1.128241</speed><course>117.105457</course><hAcc>1.449863</hAcc><vAcc>0.820676</vAcc></extensions></trkpt>
      <trkpt lon="-117.164026" lat="32.897833"><ele>90.352086</ele><time>2024-08-28T03:03:45Z</time><extensions><speed>1.151622</speed><course>117.057131</course><hAcc>1.441477</hAcc><vAcc>0.819273</vAcc></extensions></trkpt>
      <trkpt lon="-117.164015" lat="32.897828"><ele>90.798877</ele><time>2024-08-28T03:03:46Z</time><extensions><speed>1.206291</speed><course>116.140401</course><hAcc>1.438914</hAcc><vAcc>0.817856</vAcc></extensions></trkpt>
      <trkpt lon="-117.164003" lat="32.897823"><ele>91.253174</ele><time>2024-08-28T03:03:47Z</time><extensions><speed>1.236298</speed><course>115.344015</course><hAcc>1.441168</hAcc><vAcc>0.815316</vAcc></extensions></trkpt>
      <trkpt lon="-117.163992" lat="32.897819"><ele>91.722783</ele><time>2024-08-28T03:03:48Z</time><extensions><speed>1.132401</speed><course>117.053629</course><hAcc>1.449984</hAcc><vAcc>0.812038</vAcc></extensions></trkpt>
      <trkpt lon="-117.163982" lat="32.897814"><ele>92.203836</ele><time>2024-08-28T03:03:49Z</time><extensions><speed>1.041101</speed><course>122.915911</course><hAcc>1.432310</hAcc><vAcc>0.808208</vAcc></extensions></trkpt>
      <trkpt lon="-117.163973" lat="32.897808"><ele>92.693676</ele><time>2024-08-28T03:03:50Z</time><extensions><speed>0.992660</speed><course>129.924335</course><hAcc>1.423134</hAcc><vAcc>0.803691</vAcc></extensions></trkpt>
      <trkpt lon="-117.163965" lat="32.897802"><ele>93.185886</ele><time>2024-08-28T03:03:51Z</time><extensions><speed>1.025159</speed><course>130.938846</course><hAcc>1.416516</hAcc><vAcc>0.798767</vAcc></extensions></trkpt>
      <trkpt lon="-117.163955" lat="32.897796"><ele>93.677581</ele><time>2024-08-28T03:03:52Z</time><extensions><speed>1.149015</speed><course>126.436121</course><hAcc>1.395814</hAcc><vAcc>0.793714</vAcc></extensions></trkpt>
      <trkpt lon="-117.163945" lat="32.897790"><ele>94.169331</ele><time>2024-08-28T03:03:53Z</time><extensions><speed>1.273073</speed><course>122.708345</course><hAcc>1.357346</hAcc><vAcc>0.788640</vAcc></extensions></trkpt>
      <trkpt lon="-117.163933" lat="32.897784"><ele>94.649445</ele><time>2024-08-28T03:03:54Z</time><extensions><speed>1.350549</speed><course>119.797764</course><hAcc>1.334397</hAcc><vAcc>0.783799</vAcc></extensions></trkpt>
      <trkpt lon="-117.163920" lat="32.897778"><ele>95.126617</ele><time>2024-08-28T03:03:55Z</time><extensions><speed>1.369022</speed><course>119.421425</course><hAcc>1.319407</hAcc><vAcc>0.779347</vAcc></extensions></trkpt>
      <trkpt lon="-117.163908" lat="32.897772"><ele>95.595452</ele><time>2024-08-28T03:03:56Z</time><extensions><speed>1.180995</speed><course>121.491771</course><hAcc>1.328021</hAcc><vAcc>0.775357</vAcc></extensions></trkpt>
      <trkpt lon="-117.163897" lat="32.897766"><ele>96.056583</ele><time>2024-08-28T03:03:57Z</time><extensions><speed>1.176591</speed><course>120.246216</course><hAcc>1.270903</hAcc><vAcc>0.771845</vAcc></extensions></trkpt>
      <trkpt lon="-117.163887" lat="32.897761"><ele>96.521662</ele><time>2024-08-28T03:03:58Z</time><extensions><speed>1.145100</speed><course>119.493617</course><hAcc>1.255430</hAcc><vAcc>0.768822</vAcc></extensions></trkpt>
      <trkpt lon="-117.163877" lat="32.897756"><ele>96.981981</ele><time>2024-08-28T03:03:59Z</time><extensions><speed>0.952685</speed><course>120.703512</course><hAcc>1.277035</hAcc><vAcc>0.766276</vAcc></extensions></trkpt>
      <trkpt lon="-117.163866" lat="32.897751"><ele>97.430019</ele><time>2024-08-28T03:04:00Z</time><extensions><speed>1.415347</speed><course>119.349696</course><hAcc>1.243747</hAcc><vAcc>0.764219</vAcc></extensions></trkpt>
      <trkpt lon="-117.163852" lat="32.897744"><ele>97.871237</ele><time>2024-08-28T03:04:01Z</time><extensions><speed>1.579923</speed><course>118.384188</course><hAcc>1.237608</hAcc><vAcc>0.762526</vAcc></extensions></trkpt>
      <trkpt lon="-117.163839" lat="32.897738"><ele>98.305263</ele><time>2024-08-28T03:04:02Z</time><extensions><speed>1.338557</speed><course>120.283779</course><hAcc>1.257396</hAcc><vAcc>0.761507</vAcc></extensions></trkpt>
      <trkpt lon="-117.163827" lat="32.897731"><ele>98.719454</ele><time>2024-08-28T03:04:03Z</time><extensions><speed>1.349669</speed><course>128.339092</course><hAcc>1.233261</hAcc><vAcc>0.760605</vAcc></extensions></trkpt>
      <trkpt lon="-117.163817" lat="32.897722"><ele>99.111815</ele><time>2024-08-28T03:04:04Z</time><extensions><speed>1.307454</speed><course>144.337503</course><hAcc>1.222509</hAcc><vAcc>0.759976</vAcc></extensions></trkpt>
      <trkpt lon="-117.163810" lat="32.897712"><ele>99.480339</ele><time>2024-08-28T03:04:05Z</time><extensions><speed>1.350181</speed><course>158.732221</course><hAcc>1.217056</hAcc><vAcc>0.759578</vAcc></extensions></trkpt>
      <trkpt lon="-117.163807" lat="32.897700"><ele>99.845217</ele><time>2024-08-28T03:04:06Z</time><extensions><speed>1.313585</speed><course>171.213775</course><hAcc>1.225253</hAcc><vAcc>0.759369</vAcc></extensions></trkpt>
      <trkpt lon="-117.163806" lat="32.897689"><ele>100.200982</ele><time>2024-08-28T03:04:07Z</time><extensions><speed>1.160552</speed><course>183.960182</course><hAcc>1.257323</hAcc><vAcc>0.759306</vAcc></extensions></trkpt>
      <trkpt lon="-117.163809" lat="32.897677"><ele>100.543278</ele><time>2024-08-28T03:04:08Z</time><extensions><speed>1.575197</speed><course>196.200696</course><hAcc>1.214870</hAcc><vAcc>0.759560</vAcc></extensions></trkpt>
      <trkpt lon="-117.163815" lat="32.897663"><ele>100.858081</ele><time>2024-08-28T03:04:09Z</time><extensions><speed>1.680661</speed><course>203.730196</course><hAcc>1.207839</hAcc><vAcc>0.759748</vAcc></extensions></trkpt>
      <trkpt lon="-117.163823" lat="32.897650"><ele>101.147513</ele><time>2024-08-28T03:04:10Z</time><extensions><speed>1.489351</speed><course>209.932731</course><hAcc>1.225956</hAcc><vAcc>0.759957</vAcc></extensions></trkpt>
      <trkpt lon="-117.163831" lat="32.897639"><ele>101.384248</ele><time>2024-08-28T03:04:11Z</time><extensions><speed>1.554630</speed><course>210.469616</course><hAcc>1.210421</hAcc><vAcc>0.760135</vAcc></extensions></trkpt>
      <trkpt lon="-117.163838" lat="32.897627"><ele>101.588722</ele><time>2024-08-28T03:04:12Z</time><extensions><speed>1.322840</speed><course>209.779070</course><hAcc>1.235523</hAcc><vAcc>0.760346</vAcc></extensions></trkpt>
      <trkpt lon="-117.163845" lat="32.897616"><ele>101.751979</ele><time>2024-08-28T03:04:13Z</time><extensions><speed>1.379300</speed><course>205.157186</course><hAcc>1.213511</hAcc><vAcc>0.760391</vAcc></extensions></trkpt>
      <trkpt lon="-117.163851" lat="32.897605"><ele>101.886495</ele><time>2024-08-28T03:04:14Z</time><extensions><speed>1.439516</speed><course>201.140335</course><hAcc>1.211736</hAcc><vAcc>0.760357</vAcc></extensions></trkpt>
      <trkpt lon="-117.163856" lat="32.897592"><ele>101.983271</ele><time>2024-08-28T03:04:15Z</time><extensions><speed>1.499885</speed><course>199.098324</course><hAcc>1.219578</hAcc><vAcc>0.760275</vAcc></extensions></trkpt>
      <trkpt lon="-117.163862" lat="32.897579"><ele>102.049010</ele><time>2024-08-28T03:04:16Z</time><extensions><speed>1.534676</speed><course>200.289627</course><hAcc>1.231371</hAcc><vAcc>0.760161</vAcc></extensions></trkpt>
      <trkpt lon="-117.163868" lat="32.897566"><ele>102.091583</ele><time>2024-08-28T03:04:17Z</time><extensions><speed>1.602468</speed><course>201.618054</course><hAcc>1.232709</hAcc><vAcc>0.760021</vAcc></extensions></trkpt>
      <trkpt lon="-117.163874" lat="32.897554"><ele>102.104084</ele><time>2024-08-28T03:04:18Z</time><extensions><speed>1.422374</speed><course>207.109696</course><hAcc>1.248117</hAcc><vAcc>0.759841</vAcc></extensions></trkpt>
      <trkpt lon="-117.163882" lat="32.897542"><ele>102.092918</ele><time>2024-08-28T03:04:19Z</time><extensions><speed>1.422639</speed><course>210.661275</course><hAcc>1.234950</hAcc><vAcc>0.759615</vAcc></extensions></trkpt>
      <trkpt lon="-117.163889" lat="32.897532"><ele>102.058771</ele><time>2024-08-28T03:04:20Z</time><extensions><speed>1.351543</speed><course>211.227968</course><hAcc>1.234135</hAcc><vAcc>0.759429</vAcc></extensions></trkpt>
      <trkpt lon="-117.163897" lat="32.897521"><ele>102.007939</ele><time>2024-08-28T03:04:21Z</time><extensions><speed>1.312737</speed><course>208.644862</course><hAcc>1.242522</hAcc><vAcc>0.759181</vAcc></extensions></trkpt>
      <trkpt lon="-117.163903" lat="32.897511"><ele>101.939308</ele><time>2024-08-28T03:04:22Z</time><extensions><speed>1.210889</speed><course>204.508494</course><hAcc>1.287365</hAcc><vAcc>0.758927</vAcc></extensions></trkpt>
      <trkpt lon="-117.163908" lat="32.897501"><ele>101.846883</ele><time>2024-08-28T03:04:23Z</time><extensions><speed>1.173646</speed><course>204.943439</course><hAcc>1.247703</hAcc><vAcc>0.758671</vAcc></extensions></trkpt>
      <trkpt lon="-117.163913" lat="32.897492"><ele>101.753860</ele><time>2024-08-28T03:04:24Z</time><extensions><speed>1.215065</speed><course>204.246487</course><hAcc>1.233119</hAcc><vAcc>0.758427</vAcc></extensions></trkpt>
      <trkpt lon="-117.163919" lat="32.897481"><ele>101.664057</ele><time>2024-08-28T03:04:25Z</time><extensions><speed>1.306267</speed><course>202.488501</course><hAcc>1.225224</hAcc><vAcc>0.758209</vAcc></extensions></trkpt>
      <trkpt lon="-117.163924" lat="32.897470"><ele>101.571046</ele><time>2024-08-28T03:04:26Z</time><extensions><speed>1.466805</speed><course>202.867614</course><hAcc>1.216012</hAcc><vAcc>0.758024</vAcc></extensions></trkpt>
      <trkpt lon="-117.163931" lat="32.897457"><ele>101.470026</ele><time>2024-08-28T03:04:27Z</time><extensions><speed>1.492057</speed><course>203.794604</course><hAcc>1.215794</hAcc><vAcc>0.757872</vAcc></extensions></trkpt>
      <trkpt lon="-117.163937" lat="32.897446"><ele>101.367352</ele><time>2024-08-28T03:04:28Z</time><extensions><speed>1.389662</speed><course>205.617818</course><hAcc>1.222353</hAcc><vAcc>0.757748</vAcc></extensions></trkpt>
      <trkpt lon="-117.163944" lat="32.897434"><ele>101.265823</ele><time>2024-08-28T03:04:29Z</time><extensions><speed>1.431108</speed><course>209.429558</course><hAcc>1.207134</hAcc><vAcc>0.757643</vAcc></extensions></trkpt>
      <trkpt lon="-117.163951" lat="32.897424"><ele>101.165790</ele><time>2024-08-28T03:04:30Z</time><extensions><speed>1.318909</speed><course>210.729247</course><hAcc>1.235038</hAcc><vAcc>0.757543</vAcc></extensions></trkpt>
      <trkpt lon="-117.163958" lat="32.897414"><ele>101.068277</ele><time>2024-08-28T03:04:31Z</time><extensions><speed>1.272399</speed><course>210.471316</course><hAcc>1.225644</hAcc><vAcc>0.757567</vAcc></extensions></trkpt>
      <trkpt lon="-117.163965" lat="32.897404"><ele>100.961184</ele><time>2024-08-28T03:04:32Z</time><extensions><speed>1.230536</speed><course>206.911686</course><hAcc>1.235774</hAcc><vAcc>0.757891</vAcc></extensions></trkpt>
      <trkpt lon="-117.163970" lat="32.897394"><ele>100.843000</ele><time>2024-08-28T03:04:33Z</time><extensions><speed>1.219488</speed><course>205.659269</course><hAcc>1.248069</hAcc><vAcc>0.758482</vAcc></extensions></trkpt>
      <trkpt lon="-117.163976" lat="32.897384"><ele>100.722932</ele><time>2024-08-28T03:04:34Z</time><extensions><speed>1.224621</speed><course>202.852570</course><hAcc>1.269723</hAcc><vAcc>0.759711</vAcc></extensions></trkpt>
      <trkpt lon="-117.163981" lat="32.897373"><ele>100.599964</ele><time>2024-08-28T03:04:35Z</time><extensions><speed>1.307264</speed><course>203.907183</course><hAcc>1.276472</hAcc><vAcc>0.761790</vAcc></extensions></trkpt>
      <trkpt lon="-117.163987" lat="32.897362"><ele>100.472863</ele><time>2024-08-28T03:04:36Z</time><extensions><speed>1.316107</speed><course>204.560917</course><hAcc>1.291343</hAcc><vAcc>0.764653</vAcc></extensions></trkpt>
      <trkpt lon="-117.163992" lat="32.897352"><ele>100.350264</ele><time>2024-08-28T03:04:37Z</time><extensions><speed>1.248250</speed><course>204.054521</course><hAcc>1.328581</hAcc><vAcc>0.768472</vAcc></extensions></trkpt>
      <trkpt lon="-117.163997" lat="32.897342"><ele>100.231709</ele><time>2024-08-28T03:04:38Z</time><extensions><speed>1.117045</speed><course>199.628264</course><hAcc>1.313845</hAcc><vAcc>0.772713</vAcc></extensions></trkpt>
      <trkpt lon="-117.164000" lat="32.897333"><ele>100.121453</ele><time>2024-08-28T03:04:39Z</time><extensions><speed>1.051691</speed><course>194.465676</course><hAcc>1.317712</hAcc><vAcc>0.777553</vAcc></extensions></trkpt>
      <trkpt lon="-117.164003" lat="32.897324"><ele>100.010498</ele><time>2024-08-28T03:04:40Z</time><extensions><speed>1.048201</speed><course>192.251788</course><hAcc>1.340986</hAcc><vAcc>0.783715</vAcc></extensions></trkpt>
      <trkpt lon="-117.164005" lat="32.897314"><ele>99.897874</ele><time>2024-08-28T03:04:41Z</time><extensions><speed>1.117681</speed><course>189.656412</course><hAcc>1.370146</hAcc><vAcc>0.790278</vAcc></extensions></trkpt>
      <trkpt lon="-117.164007" lat="32.897304"><ele>99.794167</ele><time>2024-08-28T03:04:42Z</time><extensions><speed>1.144995</speed><course>192.155566</course><hAcc>1.394761</hAcc><vAcc>0.797061</vAcc></extensions></trkpt>
      <trkpt lon="-117.164010" lat="32.897294"><ele>99.690623</ele><time>2024-08-28T03:04:43Z</time><extensions><speed>1.153011</speed><course>192.423486</course><hAcc>1.414130</hAcc><vAcc>0.803322</vAcc></extensions></trkpt>
      <trkpt lon="-117.164012" lat="32.897284"><ele>99.597390</ele><time>2024-08-28T03:04:44Z</time><extensions><speed>1.120527</speed><course>191.365008</course><hAcc>1.432667</hAcc><vAcc>0.808990</vAcc></extensions></trkpt>
      <trkpt lon="-117.164014" lat="32.897274"><ele>99.500780</ele><time>2024-08-28T03:04:45Z</time><extensions><speed>1.122947</speed><course>189.552359</course><hAcc>1.443073</hAcc><vAcc>0.814002</vAcc></extensions></trkpt>
      <trkpt lon="-117.164016" lat="32.897264"><ele>99.408006</ele><time>2024-08-28T03:04:46Z</time><extensions><speed>1.149455</speed><course>186.160955</course><hAcc>1.452685</hAcc><vAcc>0.817962</vAcc></extensions></trkpt>
      <trkpt lon="-117.164017" lat="32.897253"><ele>99.333985</ele><time>2024-08-28T03:04:47Z</time><extensions><speed>1.149870</speed><course>185.784472</course><hAcc>1.460616</hAcc><vAcc>0.820772</vAcc></extensions></trkpt>
      <trkpt lon="-117.164019" lat="32.897243"><ele>99.271625</ele><time>2024-08-28T03:04:48Z</time><extensions><speed>1.082010</speed><course>185.994139</course><hAcc>1.463927</hAcc><vAcc>0.822948</vAcc></extensions></trkpt>
      <trkpt lon="-117.164020" lat="32.897234"><ele>99.206051</ele><time>2024-08-28T03:04:49Z</time><extensions><speed>1.028997</speed><course>186.045300</course><hAcc>1.467204</hAcc><vAcc>0.824730</vAcc></extensions></trkpt>
      <trkpt lon="-117.164021" lat="32.897224"><ele>99.137282</ele><time>2024-08-28T03:04:50Z</time><extensions><speed>1.089879</speed><course>185.099984</course><hAcc>1.472912</hAcc><vAcc>0.825438</vAcc></extensions></trkpt>
      <trkpt lon="-117.164022" lat="32.897214"><ele>99.076722</ele><time>2024-08-28T03:04:51Z</time><extensions><speed>1.202849</speed><course>184.529301</course><hAcc>1.474500</hAcc><vAcc>0.825163</vAcc></extensions></trkpt>
      <trkpt lon="-117.164023" lat="32.897203"><ele>99.017325</ele><time>2024-08-28T03:04:52Z</time><extensions><speed>1.298891</speed><course>185.171987</course><hAcc>1.476123</hAcc><vAcc>0.824681</vAcc></extensions></trkpt>
      <trkpt lon="-117.164025" lat="32.897191"><ele>98.952677</ele><time>2024-08-28T03:04:53Z</time><extensions><speed>1.276317</speed><course>187.994920</course><hAcc>1.473971</hAcc><vAcc>0.823058</vAcc></extensions></trkpt>
      <trkpt lon="-117.164027" lat="32.897180"><ele>98.890839</ele><time>2024-08-28T03:04:54Z</time><extensions><speed>1.205292</speed><course>191.706246</course><hAcc>1.468402</hAcc><vAcc>0.821407</vAcc></extensions></trkpt>
      <trkpt lon="-117.164030" lat="32.897170"><ele>98.816462</ele><time>2024-08-28T03:04:55Z</time><extensions><speed>1.165549</speed><course>194.766795</course><hAcc>1.455484</hAcc><vAcc>0.819198</vAcc></extensions></trkpt>
      <trkpt lon="-117.164034" lat="32.897160"><ele>98.739411</ele><time>2024-08-28T03:04:56Z</time><extensions><speed>1.119791</speed><course>196.371689</course><hAcc>1.438212</hAcc><vAcc>0.816935</vAcc></extensions></trkpt>
      <trkpt lon="-117.164037" lat="32.897150"><ele>98.664433</ele><time>2024-08-28T03:04:57Z</time><extensions><speed>1.128702</speed><course>195.321832</course><hAcc>1.424937</hAcc><vAcc>0.814993</vAcc></extensions></trkpt>
      <trkpt lon="-117.164040" lat="32.897140"><ele>98.587401</ele><time>2024-08-28T03:04:58Z</time><extensions><speed>1.144674</speed><course>195.635003</course><hAcc>1.416808</hAcc><vAcc>0.812854</vAcc></extensions></trkpt>
      <trkpt lon="-117.164043" lat="32.897130"><ele>98.502889</ele><time>2024-08-28T03:04:59Z</time><extensions><speed>1.144939</speed><course>190.555148</course><hAcc>1.421234</hAcc><vAcc>0.810597</vAcc></extensions></trkpt>
      <trkpt lon="-117.164045" lat="32.897120"><ele>98.408590</ele><time>2024-08-28T03:05:00Z</time><extensions><speed>1.277893</speed><course>190.077167</course><hAcc>1.386123</hAcc><vAcc>0.807687</vAcc></extensions></trkpt>
      <trkpt lon="-117.164048" lat="32.897108"><ele>98.314188</ele><time>2024-08-28T03:05:01Z</time><extensions><speed>1.330294</speed><course>189.817425</course><hAcc>1.366390</hAcc><vAcc>0.804817</vAcc></extensions></trkpt>
      <trkpt lon="-117.164050" lat="32.897096"><ele>98.213424</ele><time>2024-08-28T03:05:02Z</time><extensions><speed>1.280752</speed><course>189.178339</course><hAcc>1.358630</hAcc><vAcc>0.801719</vAcc></extensions></trkpt>
      <trkpt lon="-117.164052" lat="32.897086"><ele>98.120055</ele><time>2024-08-28T03:05:03Z</time><extensions><speed>1.125240</speed><course>188.227185</course><hAcc>1.348033</hAcc><vAcc>0.798311</vAcc></extensions></trkpt>
      <trkpt lon="-117.164053" lat="32.897076"><ele>98.015575</ele><time>2024-08-28T03:05:04Z</time><extensions><speed>1.068578</speed><course>183.894998</course><hAcc>1.338022</hAcc><vAcc>0.795139</vAcc></extensions></trkpt>
      <trkpt lon="-117.164054" lat="32.897067"><ele>97.910472</ele><time>2024-08-28T03:05:05Z</time><extensions><speed>0.975351</speed><course>179.080332</course><hAcc>1.313654</hAcc><vAcc>0.792340</vAcc></extensions></trkpt>
      <trkpt lon="-117.164053" lat="32.897058"><ele>97.801885</ele><time>2024-08-28T03:05:06Z</time><extensions><speed>1.000317</speed><course>177.331456</course><hAcc>1.295623</hAcc><vAcc>0.789863</vAcc></extensions></trkpt>
      <trkpt lon="-117.164053" lat="32.897049"><ele>97.686381</ele><time>2024-08-28T03:05:07Z</time><extensions><speed>1.069438</speed><course>180.864116</course><hAcc>1.283956</hAcc><vAcc>0.787713</vAcc></extensions></trkpt>
      <trkpt lon="-117.164054" lat="32.897038"><ele>97.552069</ele><time>2024-08-28T03:05:08Z</time><extensions><speed>1.241723</speed><course>187.356598</course><hAcc>1.270867</hAcc><vAcc>0.785884</vAcc></extensions></trkpt>
      <trkpt lon="-117.164057" lat="32.897026"><ele>97.400741</ele><time>2024-08-28T03:05:09Z</time><extensions><speed>1.461436</speed><course>193.018764</course><hAcc>1.245094</hAcc><vAcc>0.784789</vAcc></extensions></trkpt>
      <trkpt lon="-117.164061" lat="32.897013"><ele>97.237532</ele><time>2024-08-28T03:05:10Z</time><extensions><speed>1.591554</speed><course>194.902501</course><hAcc>1.232470</hAcc><vAcc>0.783781</vAcc></extensions></trkpt>
      <trkpt lon="-117.164066" lat="32.897000"><ele>97.059557</ele><time>2024-08-28T03:05:11Z</time><extensions><speed>1.504889</speed><course>196.896980</course><hAcc>1.257183</hAcc><vAcc>0.782492</vAcc></extensions></trkpt>
      <trkpt lon="-117.164071" lat="32.896987"><ele>96.869194</ele><time>2024-08-28T03:05:12Z</time><extensions><speed>1.439777</speed><course>206.734303</course><hAcc>1.249739</hAcc><vAcc>0.781084</vAcc></extensions></trkpt>
      <trkpt lon="-117.164080" lat="32.896977"><ele>96.662694</ele><time>2024-08-28T03:05:13Z</time><extensions><speed>1.384955</speed><course>227.996406</course><hAcc>1.222626</hAcc><vAcc>0.779524</vAcc></extensions></trkpt>
      <trkpt lon="-117.164093" lat="32.896970"><ele>96.436080</ele><time>2024-08-28T03:05:14Z</time><extensions><speed>1.518444</speed><course>245.901841</course><hAcc>1.222855</hAcc><vAcc>0.777839</vAcc></extensions></trkpt>
      <trkpt lon="-117.164109" lat="32.896966"><ele>96.190385</ele><time>2024-08-28T03:05:15Z</time><extensions><speed>1.522600</speed><course>257.616619</course><hAcc>1.238020</hAcc><vAcc>0.776074</vAcc></extensions></trkpt>
      <trkpt lon="-117.164125" lat="32.896964"><ele>95.921047</ele><time>2024-08-28T03:05:16Z</time><extensions><speed>1.483695</speed><course>266.366874</course><hAcc>1.243287</hAcc><vAcc>0.774452</vAcc></extensions></trkpt>
      <trkpt lon="-117.164141" lat="32.896964"><ele>95.625364</ele><time>2024-08-28T03:05:17Z</time><extensions><speed>1.596125</speed><course>273.052068</course><hAcc>1.242885</hAcc><vAcc>0.773384</vAcc></extensions></trkpt>
      <trkpt lon="-117.164159" lat="32.896965"><ele>95.297090</ele><time>2024-08-28T03:05:18Z</time><extensions><speed>1.696496</speed><course>276.477019</course><hAcc>1.249904</hAcc><vAcc>0.772632</vAcc></extensions></trkpt>
      <trkpt lon="-117.164176" lat="32.896967"><ele>94.942678</ele><time>2024-08-28T03:05:19Z</time><extensions><speed>1.547132</speed><course>278.669136</course><hAcc>1.271706</hAcc><vAcc>0.772299</vAcc></extensions></trkpt>
      <trkpt lon="-117.164191" lat="32.896969"><ele>94.556724</ele><time>2024-08-28T03:05:20Z</time><extensions><speed>1.375730</speed><course>278.574981</course><hAcc>1.258710</hAcc><vAcc>0.772391</vAcc></extensions></trkpt>
      <trkpt lon="-117.164205" lat="32.896971"><ele>94.151778</ele><time>2024-08-28T03:05:21Z</time><extensions><speed>1.201220</speed><course>274.906742</course><hAcc>1.254292</hAcc><vAcc>0.773384</vAcc></extensions></trkpt>
      <trkpt lon="-117.164218" lat="32.896971"><ele>93.718679</ele><time>2024-08-28T03:05:22Z</time><extensions><speed>1.263837</speed><course>267.651737</course><hAcc>1.268389</hAcc><vAcc>0.774976</vAcc></extensions></trkpt>
      <trkpt lon="-117.164232" lat="32.896971"><ele>93.263783</ele><time>2024-08-28T03:05:23Z</time><extensions><speed>1.302133</speed><course>269.519257</course><hAcc>1.284701</hAcc><vAcc>0.777903</vAcc></extensions></trkpt>
      <trkpt lon="-117.164246" lat="32.896971"><ele>92.794234</ele><time>2024-08-28T03:05:24Z</time><extensions><speed>1.298045</speed><course>271.028901</course><hAcc>1.312688</hAcc><vAcc>0.782217</vAcc></extensions></trkpt>
      <trkpt lon="-117.164260" lat="32.896971"><ele>92.316935</ele><time>2024-08-28T03:05:25Z</time><extensions><speed>1.333171</speed><course>267.686681</course><hAcc>1.347496</hAcc><vAcc>0.787544</vAcc></extensions></trkpt>
      <trkpt lon="-117.164274" lat="32.896970"><ele>91.817729</ele><time>2024-08-28T03:05:26Z</time><extensions><speed>1.339753</speed><course>264.955736</course><hAcc>1.379841</hAcc><vAcc>0.793640</vAcc></extensions></trkpt>
      <trkpt lon="-117.164288" lat="32.896969"><ele>91.302444</ele><time>2024-08-28T03:05:27Z</time><extensions><speed>1.286966</speed><course>264.840521</course><hAcc>1.405310</hAcc><vAcc>0.800361</vAcc></extensions></trkpt>
      <trkpt lon="-117.164302" lat="32.896968"><ele>90.776811</ele><time>2024-08-28T03:05:28Z</time><extensions><speed>1.261181</speed><course>265.434439</course><hAcc>1.424569</hAcc><vAcc>0.807875</vAcc></extensions></trkpt>
      <trkpt lon="-117.164315" lat="32.896967"><ele>90.246308</ele><time>2024-08-28T03:05:29Z</time><extensions><speed>1.238944</speed><course>266.599253</course><hAcc>1.437871</hAcc><vAcc>0.815039</vAcc></extensions></trkpt>
      <trkpt lon="-117.164328" lat="32.896966"><ele>89.714719</ele><time>2024-08-28T03:05:30Z</time><extensions><speed>1.212104</speed><course>267.462828</course><hAcc>1.440884</hAcc><vAcc>0.822524</vAcc></extensions></trkpt>
      <trkpt lon="-117.164341" lat="32.896966"><ele>89.180993</ele><time>2024-08-28T03:05:31Z</time><extensions><speed>1.166805</speed><course>268.279609</course><hAcc>1.442211</hAcc><vAcc>0.829825</vAcc></extensions></trkpt>
      <trkpt lon="-117.164353" lat="32.896966"><ele>88.649033</ele><time>2024-08-28T03:05:32Z</time><extensions><speed>1.178118</speed><course>267.922726</course><hAcc>1.432102</hAcc><vAcc>0.836602</vAcc></extensions></trkpt>
      <trkpt lon="-117.164366" lat="32.896965"><ele>88.125054</ele><time>2024-08-28T03:05:33Z</time><extensions><speed>1.195389</speed><course>267.025731</course><hAcc>1.418344</hAcc><vAcc>0.842090</vAcc></extensions></trkpt>
      <trkpt lon="-117.164379" lat="32.896965"><ele>87.599483</ele><time>2024-08-28T03:05:34Z</time><extensions><speed>1.240052</speed><course>266.116696</course><hAcc>1.413638</hAcc><vAcc>0.847453</vAcc></extensions></trkpt>
      <trkpt lon="-117.164392" lat="32.896964"><ele>87.104959</ele><time>2024-08-28T03:05:35Z</time><extensions><speed>1.219117</speed><course>267.752539</course><hAcc>1.407938</hAcc><vAcc>0.851731</vAcc></extensions></trkpt>
      <trkpt lon="-117.164405" lat="32.896964"><ele>86.635985</ele><time>2024-08-28T03:05:36Z</time><extensions><speed>1.205363</speed><course>269.861711</course><hAcc>1.398022</hAcc><vAcc>0.855017</vAcc></extensions></trkpt>
      <trkpt lon="-117.164418" lat="32.896964"><ele>86.202379</ele><time>2024-08-28T03:05:37Z</time><extensions><speed>1.175161</speed><course>270.406420</course><hAcc>1.393136</hAcc><vAcc>0.857447</vAcc></extensions></trkpt>
      <trkpt lon="-117.164430" lat="32.896964"><ele>85.780479</ele><time>2024-08-28T03:05:38Z</time><extensions><speed>1.195007</speed><course>269.657960</course><hAcc>1.396861</hAcc><vAcc>0.859177</vAcc></extensions></trkpt>
      <trkpt lon="-117.164443" lat="32.896964"><ele>85.378165</ele><time>2024-08-28T03:05:39Z</time><extensions><speed>1.174808</speed><course>269.857527</course><hAcc>1.405210</hAcc><vAcc>0.860141</vAcc></extensions></trkpt>
      <trkpt lon="-117.164456" lat="32.896964"><ele>84.995807</ele><time>2024-08-28T03:05:40Z</time><extensions><speed>1.176593</speed><course>271.429247</course><hAcc>1.411166</hAcc><vAcc>0.860563</vAcc></extensions></trkpt>
      <trkpt lon="-117.164468" lat="32.896964"><ele>84.636984</ele><time>2024-08-28T03:05:41Z</time><extensions><speed>1.167094</speed><course>273.432152</course><hAcc>1.419499</hAcc><vAcc>0.860263</vAcc></extensions></trkpt>
      <trkpt lon="-117.164480" lat="32.896965"><ele>84.304574</ele><time>2024-08-28T03:05:42Z</time><extensions><speed>1.157667</speed><course>274.028847</course><hAcc>1.432355</hAcc><vAcc>0.859565</vAcc></extensions></trkpt>
      <trkpt lon="-117.164493" lat="32.896966"><ele>84.001162</ele><time>2024-08-28T03:05:43Z</time><extensions><speed>1.202318</speed><course>271.203793</course><hAcc>1.454475</hAcc><vAcc>0.859655</vAcc></extensions></trkpt>
      <trkpt lon="-117.164506" lat="32.896966"><ele>83.721339</ele><time>2024-08-28T03:05:44Z</time><extensions><speed>1.252853</speed><course>268.751798</course><hAcc>1.479939</hAcc><vAcc>0.859903</vAcc></extensions></trkpt>
      <trkpt lon="-117.164519" lat="32.896966"><ele>83.459956</ele><time>2024-08-28T03:05:45Z</time><extensions><speed>1.156004</speed><course>270.101409</course><hAcc>1.493659</hAcc><vAcc>0.860392</vAcc></extensions></trkpt>
      <trkpt lon="-117.164531" lat="32.896966"><ele>83.234808</ele><time>2024-08-28T03:05:46Z</time><extensions><speed>1.098349</speed><course>272.611977</course><hAcc>1.502714</hAcc><vAcc>0.860685</vAcc></extensions></trkpt>
      <trkpt lon="-117.164542" lat="32.896967"><ele>83.021709</ele><time>2024-08-28T03:05:47Z</time><extensions><speed>1.002558</speed><course>275.563472</course><hAcc>1.507805</hAcc><vAcc>0.861312</vAcc></extensions></trkpt>
      <trkpt lon="-117.164553" lat="32.896968"><ele>82.811451</ele><time>2024-08-28T03:05:48Z</time><extensions><speed>0.972144</speed><course>278.864685</course><hAcc>1.507344</hAcc><vAcc>0.861893</vAcc></extensions></trkpt>
      <trkpt lon="-117.164563" lat="32.896969"><ele>82.602407</ele><time>2024-08-28T03:05:49Z</time><extensions><speed>0.985729</speed><course>279.067517</course><hAcc>1.504827</hAcc><vAcc>0.863874</vAcc></extensions></trkpt>
      <trkpt lon="-117.164574" lat="32.896971"><ele>82.400182</ele><time>2024-08-28T03:05:50Z</time><extensions><speed>1.030603</speed><course>281.818819</course><hAcc>1.490398</hAcc><vAcc>0.866654</vAcc></extensions></trkpt>
      <trkpt lon="-117.164586" lat="32.896973"><ele>82.203259</ele><time>2024-08-28T03:05:51Z</time><extensions><speed>1.172585</speed><course>283.589354</course><hAcc>1.474845</hAcc><vAcc>0.870678</vAcc></extensions></trkpt>
      <trkpt lon="-117.164599" lat="32.896975"><ele>81.995384</ele><time>2024-08-28T03:05:52Z</time><extensions><speed>1.312660</speed><course>283.188925</course><hAcc>1.469589</hAcc><vAcc>0.876470</vAcc></extensions></trkpt>
      <trkpt lon="-117.164612" lat="32.896978"><ele>81.778677</ele><time>2024-08-28T03:05:53Z</time><extensions><speed>1.254910</speed><course>283.842893</course><hAcc>1.483988</hAcc><vAcc>0.882466</vAcc></extensions></trkpt>
      <trkpt lon="-117.164625" lat="32.896981"><ele>81.557119</ele><time>2024-08-28T03:05:54Z</time><extensions><speed>1.201258</speed><course>281.337693</course><hAcc>1.488921</hAcc><vAcc>0.889829</vAcc></extensions></trkpt>
      <trkpt lon="-117.164637" lat="32.896982"><ele>81.331316</ele><time>2024-08-28T03:05:55Z</time><extensions><speed>1.212762</speed><course>279.616767</course><hAcc>1.470571</hAcc><vAcc>0.897132</vAcc></extensions></trkpt>
      <trkpt lon="-117.164650" lat="32.896984"><ele>81.117491</ele><time>2024-08-28T03:05:56Z</time><extensions><speed>1.217808</speed><course>277.215597</course><hAcc>1.471148</hAcc><vAcc>0.904872</vAcc></extensions></trkpt>
      <trkpt lon="-117.164663" lat="32.896985"><ele>80.918849</ele><time>2024-08-28T03:05:57Z</time><extensions><speed>1.233309</speed><course>273.600861</course><hAcc>1.486664</hAcc><vAcc>0.912363</vAcc></extensions></trkpt>
      <trkpt lon="-117.164677" lat="32.896986"><ele>80.715907</ele><time>2024-08-28T03:05:58Z</time><extensions><speed>1.249955</speed><course>271.509146</course><hAcc>1.501940</hAcc><vAcc>0.919718</vAcc></extensions></trkpt>
      <trkpt lon="-117.164690" lat="32.896986"><ele>80.501805</ele><time>2024-08-28T03:05:59Z</time><extensions><speed>1.255839</speed><course>269.827980</course><hAcc>1.516621</hAcc><vAcc>0.927946</vAcc></extensions></trkpt>
      <trkpt lon="-117.164703" lat="32.896985"><ele>80.287895</ele><time>2024-08-28T03:06:00Z</time><extensions><speed>1.259613</speed><course>266.115772</course><hAcc>1.536485</hAcc><vAcc>0.936991</vAcc></extensions></trkpt>
      <trkpt lon="-117.164716" lat="32.896984"><ele>80.077891</ele><time>2024-08-28T03:06:01Z</time><extensions><speed>1.145977</speed><course>265.604655</course><hAcc>1.547108</hAcc><vAcc>0.946443</vAcc></extensions></trkpt>
      <trkpt lon="-117.164728" lat="32.896984"><ele>79.878709</ele><time>2024-08-28T03:06:02Z</time><extensions><speed>1.090556</speed><course>266.246346</course><hAcc>1.556371</hAcc><vAcc>0.956392</vAcc></extensions></trkpt>
      <trkpt lon="-117.164739" lat="32.896983"><ele>79.689364</ele><time>2024-08-28T03:06:03Z</time><extensions><speed>1.041421</speed><course>265.248645</course><hAcc>1.566751</hAcc><vAcc>0.965631</vAcc></extensions></trkpt>
      <trkpt lon="-117.164751" lat="32.896982"><ele>79.494975</ele><time>2024-08-28T03:06:04Z</time><extensions><speed>1.044634</speed><course>265.742638</course><hAcc>1.581840</hAcc><vAcc>0.975407</vAcc></extensions></trkpt>
      <trkpt lon="-117.164761" lat="32.896981"><ele>79.296329</ele><time>2024-08-28T03:06:05Z</time><extensions><speed>0.944842</speed><course>264.047067</course><hAcc>1.596569</hAcc><vAcc>0.985759</vAcc></extensions></trkpt>
      <trkpt lon="-117.164771" lat="32.896980"><ele>79.097205</ele><time>2024-08-28T03:06:06Z</time><extensions><speed>0.990512</speed><course>263.148360</course><hAcc>1.601619</hAcc><vAcc>0.996690</vAcc></extensions></trkpt>
      <trkpt lon="-117.164782" lat="32.896979"><ele>78.903178</ele><time>2024-08-28T03:06:07Z</time><extensions><speed>1.021891</speed><course>263.998654</course><hAcc>1.618504</hAcc><vAcc>1.008170</vAcc></extensions></trkpt>
      <trkpt lon="-117.164793" lat="32.896978"><ele>78.724297</ele><time>2024-08-28T03:06:08Z</time><extensions><speed>1.097362</speed><course>264.153708</course><hAcc>1.650166</hAcc><vAcc>1.020277</vAcc></extensions></trkpt>
      <trkpt lon="-117.164806" lat="32.896977"><ele>78.592211</ele><time>2024-08-28T03:06:09Z</time><extensions><speed>1.172969</speed><course>263.163629</course><hAcc>1.677650</hAcc><vAcc>1.031507</vAcc></extensions></trkpt>
      <trkpt lon="-117.164818" lat="32.896976"><ele>78.487917</ele><time>2024-08-28T03:06:10Z</time><extensions><speed>1.218639</speed><course>263.536164</course><hAcc>1.690015</hAcc><vAcc>1.041388</vAcc></extensions></trkpt>
      <trkpt lon="-117.164831" lat="32.896975"><ele>78.411233</ele><time>2024-08-28T03:06:11Z</time><extensions><speed>1.225275</speed><course>263.417956</course><hAcc>1.696318</hAcc><vAcc>1.050326</vAcc></extensions></trkpt>
      <trkpt lon="-117.164845" lat="32.896973"><ele>78.348614</ele><time>2024-08-28T03:06:12Z</time><extensions><speed>1.238082</speed><course>264.319883</course><hAcc>1.698900</hAcc><vAcc>1.061592</vAcc></extensions></trkpt>
      <trkpt lon="-117.164858" lat="32.896972"><ele>78.327182</ele><time>2024-08-28T03:06:13Z</time><extensions><speed>1.216876</speed><course>265.861141</course><hAcc>1.699989</hAcc><vAcc>1.069869</vAcc></extensions></trkpt>
      <trkpt lon="-117.164871" lat="32.896972"><ele>78.337225</ele><time>2024-08-28T03:06:14Z</time><extensions><speed>1.201197</speed><course>266.355926</course><hAcc>1.709253</hAcc><vAcc>1.075930</vAcc></extensions></trkpt>
      <trkpt lon="-117.164884" lat="32.896971"><ele>78.361321</ele><time>2024-08-28T03:06:15Z</time><extensions><speed>1.197402</speed><course>266.597691</course><hAcc>1.714590</hAcc><vAcc>1.082409</vAcc></extensions></trkpt>
      <trkpt lon="-117.164897" lat="32.896970"><ele>78.406519</ele><time>2024-08-28T03:06:16Z</time><extensions><speed>1.209834</speed><course>265.420830</course><hAcc>1.719234</hAcc><vAcc>1.085500</vAcc></extensions></trkpt>
      <trkpt lon="-117.164910" lat="32.896969"><ele>78.464899</ele><time>2024-08-28T03:06:17Z</time><extensions><speed>1.222345</speed><course>265.434503</course><hAcc>1.721937</hAcc><vAcc>1.089556</vAcc></extensions></trkpt>
      <trkpt lon="-117.164923" lat="32.896969"><ele>78.598626</ele><time>2024-08-28T03:06:18Z</time><extensions><speed>1.216093</speed><course>267.195077</course><hAcc>1.717540</hAcc><vAcc>1.089986</vAcc></extensions></trkpt>
      <trkpt lon="-117.164936" lat="32.896968"><ele>78.724933</ele><time>2024-08-28T03:06:19Z</time><extensions><speed>1.227106</speed><course>266.606408</course><hAcc>1.704167</hAcc><vAcc>1.089151</vAcc></extensions></trkpt>
      <trkpt lon="-117.164949" lat="32.896967"><ele>78.862813</ele><time>2024-08-28T03:06:20Z</time><extensions><speed>1.247502</speed><course>265.418597</course><hAcc>1.705763</hAcc><vAcc>1.087994</vAcc></extensions></trkpt>
      <trkpt lon="-117.164963" lat="32.896967"><ele>78.993118</ele><time>2024-08-28T03:06:21Z</time><extensions><speed>1.255169</speed><course>267.026788</course><hAcc>1.712822</hAcc><vAcc>1.088343</vAcc></extensions></trkpt>
      <trkpt lon="-117.164976" lat="32.896967"><ele>79.133119</ele><time>2024-08-28T03:06:22Z</time><extensions><speed>1.256778</speed><course>271.394208</course><hAcc>1.727105</hAcc><vAcc>1.085795</vAcc></extensions></trkpt>
      <trkpt lon="-117.164990" lat="32.896968"><ele>79.259905</ele><time>2024-08-28T03:06:23Z</time><extensions><speed>1.343804</speed><course>273.044133</course><hAcc>1.696713</hAcc><vAcc>1.080374</vAcc></extensions></trkpt>
      <trkpt lon="-117.165004" lat="32.896969"><ele>79.338817</ele><time>2024-08-28T03:06:24Z</time><extensions><speed>1.442409</speed><course>273.010710</course><hAcc>1.687572</hAcc><vAcc>1.074859</vAcc></extensions></trkpt>
      <trkpt lon="-117.165019" lat="32.896970"><ele>79.413032</ele><time>2024-08-28T03:06:25Z</time><extensions><speed>1.380422</speed><course>269.743316</course><hAcc>1.699481</hAcc><vAcc>1.068391</vAcc></extensions></trkpt>
      <trkpt lon="-117.165034" lat="32.896969"><ele>79.488463</ele><time>2024-08-28T03:06:26Z</time><extensions><speed>1.328313</speed><course>266.108832</course><hAcc>1.684178</hAcc><vAcc>1.062235</vAcc></extensions></trkpt>
      <trkpt lon="-117.165047" lat="32.896970"><ele>79.541391</ele><time>2024-08-28T03:06:27Z</time><extensions><speed>1.205628</speed><course>273.684074</course><hAcc>1.665867</hAcc><vAcc>1.055598</vAcc></extensions></trkpt>
      <trkpt lon="-117.165059" lat="32.896972"><ele>79.582374</ele><time>2024-08-28T03:06:28Z</time><extensions><speed>1.148215</speed><course>293.633963</course><hAcc>1.641744</hAcc><vAcc>1.049613</vAcc></extensions></trkpt>
      <trkpt lon="-117.165070" lat="32.896978"><ele>79.601974</ele><time>2024-08-28T03:06:29Z</time><extensions><speed>1.296960</speed><course>312.127482</course><hAcc>1.643296</hAcc><vAcc>1.043543</vAcc></extensions></trkpt>
      <trkpt lon="-117.165079" lat="32.896988"><ele>79.565472</ele><time>2024-08-28T03:06:30Z</time><extensions><speed>1.467988</speed><course>324.574436</course><hAcc>1.659407</hAcc><vAcc>1.038310</vAcc></extensions></trkpt>
      <trkpt lon="-117.165087" lat="32.896999"><ele>79.495077</ele><time>2024-08-28T03:06:31Z</time><extensions><speed>1.378465</speed><course>334.179909</course><hAcc>1.691609</hAcc><vAcc>1.032968</vAcc></extensions></trkpt>
      <trkpt lon="-117.165092" lat="32.897011"><ele>79.403156</ele><time>2024-08-28T03:06:32Z</time><extensions><speed>1.538204</speed><course>345.498091</course><hAcc>1.655924</hAcc><vAcc>1.028745</vAcc></extensions></trkpt>
      <trkpt lon="-117.165096" lat="32.897025"><ele>79.295885</ele><time>2024-08-28T03:06:33Z</time><extensions><speed>1.598706</speed><course>348.273470</course><hAcc>1.648646</hAcc><vAcc>1.025548</vAcc></extensions></trkpt>
      <trkpt lon="-117.165100" lat="32.897039"><ele>79.173525</ele><time>2024-08-28T03:06:34Z</time><extensions><speed>1.534904</speed><course>349.479454</course><hAcc>1.668211</hAcc><vAcc>1.023952</vAcc></extensions></trkpt>
      <trkpt lon="-117.165103" lat="32.897052"><ele>79.033653</ele><time>2024-08-28T03:06:35Z</time><extensions><speed>1.440820</speed><course>347.612961</course><hAcc>1.692692</hAcc><vAcc>1.022192</vAcc></extensions></trkpt>
      <trkpt lon="-117.165107" lat="32.897063"><ele>78.879484</ele><time>2024-08-28T03:06:36Z</time><extensions><speed>1.266496</speed><course>342.660168</course><hAcc>1.707758</hAcc><vAcc>1.021495</vAcc></extensions></trkpt>
      <trkpt lon="-117.165111" lat="32.897074"><ele>78.700068</ele><time>2024-08-28T03:06:37Z</time><extensions><speed>1.126805</speed><course>340.221549</course><hAcc>1.724333</hAcc><vAcc>1.020616</vAcc></extensions></trkpt>
      <trkpt lon="-117.165115" lat="32.897083"><ele>78.507987</ele><time>2024-08-28T03:06:38Z</time><extensions><speed>1.084622</speed><course>339.345583</course><hAcc>1.742751</hAcc><vAcc>1.018906</vAcc></extensions></trkpt>
      <trkpt lon="-117.165119" lat="32.897091"><ele>78.324250</ele><time>2024-08-28T03:06:39Z</time><extensions><speed>1.030179</speed><course>335.859689</course><hAcc>1.749569</hAcc><vAcc>1.018831</vAcc></extensions></trkpt>
      <trkpt lon="-117.165124" lat="32.897099"><ele>78.145255</ele><time>2024-08-28T03:06:40Z</time><extensions><speed>0.947805</speed><course>328.461704</course><hAcc>1.739287</hAcc><vAcc>1.020431</vAcc></extensions></trkpt>
      <trkpt lon="-117.165131" lat="32.897105"><ele>77.961443</ele><time>2024-08-28T03:06:41Z</time><extensions><speed>0.924172</speed><course>305.392189</course><hAcc>1.726965</hAcc><vAcc>1.023390</vAcc></extensions></trkpt>
      <trkpt lon="-117.165141" lat="32.897109"><ele>77.798751</ele><time>2024-08-28T03:06:42Z</time><extensions><speed>1.166586</speed><course>289.723488</course><hAcc>1.719714</hAcc><vAcc>1.027435</vAcc></extensions></trkpt>
      <trkpt lon="-117.165154" lat="32.897112"><ele>77.670963</ele><time>2024-08-28T03:06:43Z</time><extensions><speed>1.343285</speed><course>283.947501</course><hAcc>1.721668</hAcc><vAcc>1.030933</vAcc></extensions></trkpt>
      <trkpt lon="-117.165168" lat="32.897114"><ele>77.560285</ele><time>2024-08-28T03:06:44Z</time><extensions><speed>1.251160</speed><course>278.484054</course><hAcc>1.733349</hAcc><vAcc>1.036334</vAcc></extensions></trkpt>
      <trkpt lon="-117.165182" lat="32.897115"><ele>77.498431</ele><time>2024-08-28T03:06:45Z</time><extensions><speed>1.267284</speed><course>269.752044</course><hAcc>1.707063</hAcc><vAcc>1.040225</vAcc></extensions></trkpt>
      <trkpt lon="-117.165196" lat="32.897114"><ele>77.463745</ele><time>2024-08-28T03:06:46Z</time><extensions><speed>1.294194</speed><course>265.091345</course><hAcc>1.691280</hAcc><vAcc>1.042707</vAcc></extensions></trkpt>
      <trkpt lon="-117.165210" lat="32.897112"><ele>77.464082</ele><time>2024-08-28T03:06:47Z</time><extensions><speed>1.308148</speed><course>261.766417</course><hAcc>1.684908</hAcc><vAcc>1.044600</vAcc></extensions></trkpt>
      <trkpt lon="-117.165224" lat="32.897110"><ele>77.495337</ele><time>2024-08-28T03:06:48Z</time><extensions><speed>1.401602</speed><course>261.989754</course><hAcc>1.683747</hAcc><vAcc>1.045707</vAcc></extensions></trkpt>
      <trkpt lon="-117.165240" lat="32.897108"><ele>77.522511</ele><time>2024-08-28T03:06:49Z</time><extensions><speed>1.488188</speed><course>259.560914</course><hAcc>1.687954</hAcc><vAcc>1.049712</vAcc></extensions></trkpt>
      <trkpt lon="-117.165256" lat="32.897104"><ele>77.547628</ele><time>2024-08-28T03:06:50Z</time><extensions><speed>1.554748</speed><course>254.269351</course><hAcc>1.691798</hAcc><vAcc>1.051563</vAcc></extensions></trkpt>
      <trkpt lon="-117.165272" lat="32.897100"><ele>77.569809</ele><time>2024-08-28T03:06:51Z</time><extensions><speed>1.593557</speed><course>250.204636</course><hAcc>1.693389</hAcc><vAcc>1.051606</vAcc></extensions></trkpt>
      <trkpt lon="-117.165287" lat="32.897094"><ele>77.589797</ele><time>2024-08-28T03:06:52Z</time><extensions><speed>1.550830</speed><course>246.518799</course><hAcc>1.694747</hAcc><vAcc>1.051039</vAcc></extensions></trkpt>
      <trkpt lon="-117.165302" lat="32.897089"><ele>77.618375</ele><time>2024-08-28T03:06:53Z</time><extensions><speed>1.439835</speed><course>241.584107</course><hAcc>1.693947</hAcc><vAcc>1.049584</vAcc></extensions></trkpt>
      <trkpt lon="-117.165315" lat="32.897082"><ele>77.654157</ele><time>2024-08-28T03:06:54Z</time><extensions><speed>1.432545</speed><course>238.289161</course><hAcc>1.705431</hAcc><vAcc>1.048038</vAcc></extensions></trkpt>
      <trkpt lon="-117.165328" lat="32.897074"><ele>77.695035</ele><time>2024-08-28T03:06:55Z</time><extensions><speed>1.595300</speed><course>232.954022</course><hAcc>1.690551</hAcc><vAcc>1.045906</vAcc></extensions></trkpt>
      <trkpt lon="-117.165341" lat="32.897065"><ele>77.718794</ele><time>2024-08-28T03:06:56Z</time><extensions><speed>1.562329</speed><course>227.189908</course><hAcc>1.676783</hAcc><vAcc>1.042982</vAcc></extensions></trkpt>
      <trkpt lon="-117.165353" lat="32.897055"><ele>77.735110</ele><time>2024-08-28T03:06:57Z</time><extensions><speed>1.538444</speed><course>221.709606</course><hAcc>1.675255</hAcc><vAcc>1.039318</vAcc></extensions></trkpt>
      <trkpt lon="-117.165364" lat="32.897045"><ele>77.731538</ele><time>2024-08-28T03:06:58Z</time><extensions><speed>1.536551</speed><course>218.143641</course><hAcc>1.686743</hAcc><vAcc>1.036037</vAcc></extensions></trkpt>
      <trkpt lon="-117.165372" lat="32.897034"><ele>77.711237</ele><time>2024-08-28T03:06:59Z</time><extensions><speed>1.343770</speed><course>212.214730</course><hAcc>1.713510</hAcc><vAcc>1.032568</vAcc></extensions></trkpt>
      <trkpt lon="-117.165379" lat="32.897024"><ele>77.689527</ele><time>2024-08-28T03:07:00Z</time><extensions><speed>1.291853</speed><course>207.594552</course><hAcc>1.685144</hAcc><vAcc>1.030761</vAcc></extensions></trkpt>
      <trkpt lon="-117.165385" lat="32.897014"><ele>77.686206</ele><time>2024-08-28T03:07:01Z</time><extensions><speed>1.234338</speed><course>205.690055</course><hAcc>1.673429</hAcc><vAcc>1.028869</vAcc></extensions></trkpt>
      <trkpt lon="-117.165391" lat="32.897004"><ele>77.710847</ele><time>2024-08-28T03:07:02Z</time><extensions><speed>1.198124</speed><course>205.224189</course><hAcc>1.678685</hAcc><vAcc>1.028360</vAcc></extensions></trkpt>
      <trkpt lon="-117.165397" lat="32.896994"><ele>77.752790</ele><time>2024-08-28T03:07:03Z</time><extensions><speed>1.209741</speed><course>206.134359</course><hAcc>1.691417</hAcc><vAcc>1.028704</vAcc></extensions></trkpt>
      <trkpt lon="-117.165403" lat="32.896984"><ele>77.834645</ele><time>2024-08-28T03:07:04Z</time><extensions><speed>1.223284</speed><course>208.842507</course><hAcc>1.699310</hAcc><vAcc>1.028931</vAcc></extensions></trkpt>
      <trkpt lon="-117.165410" lat="32.896975"><ele>77.937930</ele><time>2024-08-28T03:07:05Z</time><extensions><speed>1.216072</speed><course>214.873944</course><hAcc>1.700747</hAcc><vAcc>1.028056</vAcc></extensions></trkpt>
      <trkpt lon="-117.165418" lat="32.896967"><ele>78.045294</ele><time>2024-08-28T03:07:06Z</time><extensions><speed>1.184369</speed><course>224.138698</course><hAcc>1.700434</hAcc><vAcc>1.026148</vAcc></extensions></trkpt>
      <trkpt lon="-117.165427" lat="32.896960"><ele>78.137947</ele><time>2024-08-28T03:07:07Z</time><extensions><speed>1.137511</speed><course>231.588608</course><hAcc>1.699852</hAcc><vAcc>1.023422</vAcc></extensions></trkpt>
      <trkpt lon="-117.165436" lat="32.896954"><ele>78.226536</ele><time>2024-08-28T03:07:08Z</time><extensions><speed>1.107544</speed><course>237.137206</course><hAcc>1.699640</hAcc><vAcc>1.021011</vAcc></extensions></trkpt>
      <trkpt lon="-117.165446" lat="32.896949"><ele>78.344600</ele><time>2024-08-28T03:07:09Z</time><extensions><speed>1.103093</speed><course>237.821833</course><hAcc>1.709580</hAcc><vAcc>1.018784</vAcc></extensions></trkpt>
      <trkpt lon="-117.165456" lat="32.896944"><ele>78.463488</ele><time>2024-08-28T03:07:10Z</time><extensions><speed>1.086677</speed><course>233.701307</course><hAcc>1.728784</hAcc><vAcc>1.018245</vAcc></extensions></trkpt>
      <trkpt lon="-117.165465" lat="32.896938"><ele>78.587689</ele><time>2024-08-28T03:07:11Z</time><extensions><speed>1.044937</speed><course>235.961946</course><hAcc>1.729836</hAcc><vAcc>1.017306</vAcc></extensions></trkpt>
      <trkpt lon="-117.165475" lat="32.896933"><ele>78.728461</ele><time>2024-08-28T03:07:12Z</time><extensions><speed>1.063945</speed><course>243.459870</course><hAcc>1.729986</hAcc><vAcc>1.016735</vAcc></extensions></trkpt>
      <trkpt lon="-117.165486" lat="32.896929"><ele>78.878260</ele><time>2024-08-28T03:07:13Z</time><extensions><speed>1.178773</speed><course>250.112403</course><hAcc>1.739257</hAcc><vAcc>1.014822</vAcc></extensions></trkpt>
      <trkpt lon="-117.165498" lat="32.896927"><ele>79.026214</ele><time>2024-08-28T03:07:14Z</time><extensions><speed>1.165439</speed><course>262.051466</course><hAcc>1.730078</hAcc><vAcc>1.012441</vAcc></extensions></trkpt>
      <trkpt lon="-117.165511" lat="32.896926"><ele>79.183378</ele><time>2024-08-28T03:07:15Z</time><extensions><speed>1.204159</speed><course>270.393847</course><hAcc>1.727452</hAcc><vAcc>1.010812</vAcc></extensions></trkpt>
      <trkpt lon="-117.165523" lat="32.896927"><ele>79.336063</ele><time>2024-08-28T03:07:16Z</time><extensions><speed>1.085751</speed><course>274.962130</course><hAcc>1.723097</hAcc><vAcc>1.010141</vAcc></extensions></trkpt>
      <trkpt lon="-117.165534" lat="32.896927"><ele>79.493289</ele><time>2024-08-28T03:07:17Z</time><extensions><speed>1.046290</speed><course>275.155222</course><hAcc>1.713812</hAcc><vAcc>1.008843</vAcc></extensions></trkpt>
      <trkpt lon="-117.165545" lat="32.896928"><ele>79.643356</ele><time>2024-08-28T03:07:18Z</time><extensions><speed>1.066165</speed><course>276.352301</course><hAcc>1.701114</hAcc><vAcc>1.007493</vAcc></extensions></trkpt>
      <trkpt lon="-117.165556" lat="32.896929"><ele>79.776198</ele><time>2024-08-28T03:07:19Z</time><extensions><speed>1.044489</speed><course>275.394331</course><hAcc>1.706445</hAcc><vAcc>1.005675</vAcc></extensions></trkpt>
      <trkpt lon="-117.165568" lat="32.896930"><ele>79.885457</ele><time>2024-08-28T03:07:20Z</time><extensions><speed>1.076100</speed><course>271.802478</course><hAcc>1.733699</hAcc><vAcc>1.003530</vAcc></extensions></trkpt>
      <trkpt lon="-117.165579" lat="32.896930"><ele>79.979979</ele><time>2024-08-28T03:07:21Z</time><extensions><speed>1.071587</speed><course>267.199431</course><hAcc>1.707734</hAcc><vAcc>1.003346</vAcc></extensions></trkpt>
      <trkpt lon="-117.165591" lat="32.896929"><ele>80.057944</ele><time>2024-08-28T03:07:22Z</time><extensions><speed>1.075158</speed><course>262.924497</course><hAcc>1.706554</hAcc><vAcc>1.003218</vAcc></extensions></trkpt>
      <trkpt lon="-117.165602" lat="32.896928"><ele>80.121568</ele><time>2024-08-28T03:07:23Z</time><extensions><speed>1.045193</speed><course>264.579846</course><hAcc>1.695211</hAcc><vAcc>1.003387</vAcc></extensions></trkpt>
      <trkpt lon="-117.165613" lat="32.896927"><ele>80.180691</ele><time>2024-08-28T03:07:24Z</time><extensions><speed>1.021122</speed><course>266.402040</course><hAcc>1.696499</hAcc><vAcc>1.003592</vAcc></extensions></trkpt>
      <trkpt lon="-117.165624" lat="32.896926"><ele>80.235179</ele><time>2024-08-28T03:07:25Z</time><extensions><speed>1.003118</speed><course>264.656271</course><hAcc>1.700981</hAcc><vAcc>1.005392</vAcc></extensions></trkpt>
      <trkpt lon="-117.165635" lat="32.896925"><ele>80.273341</ele><time>2024-08-28T03:07:26Z</time><extensions><speed>1.100940</speed><course>261.689925</course><hAcc>1.710145</hAcc><vAcc>1.006152</vAcc></extensions></trkpt>
      <trkpt lon="-117.165647" lat="32.896924"><ele>80.297092</ele><time>2024-08-28T03:07:27Z</time><extensions><speed>1.141071</speed><course>261.742508</course><hAcc>1.714694</hAcc><vAcc>1.006110</vAcc></extensions></trkpt>
      <trkpt lon="-117.165659" lat="32.896922"><ele>80.315786</ele><time>2024-08-28T03:07:28Z</time><extensions><speed>1.160027</speed><course>263.936568</course><hAcc>1.722970</hAcc><vAcc>1.006639</vAcc></extensions></trkpt>
      <trkpt lon="-117.165671" lat="32.896921"><ele>80.328939</ele><time>2024-08-28T03:07:29Z</time><extensions><speed>1.162627</speed><course>266.563534</course><hAcc>1.727258</hAcc><vAcc>1.009047</vAcc></extensions></trkpt>
      <trkpt lon="-117.165684" lat="32.896921"><ele>80.351177</ele><time>2024-08-28T03:07:30Z</time><extensions><speed>1.147313</speed><course>268.133533</course><hAcc>1.732092</hAcc><vAcc>1.012439</vAcc></extensions></trkpt>
      <trkpt lon="-117.165696" lat="32.896920"><ele>80.375368</ele><time>2024-08-28T03:07:31Z</time><extensions><speed>1.168015</speed><course>266.829287</course><hAcc>1.739296</hAcc><vAcc>1.015757</vAcc></extensions></trkpt>
      <trkpt lon="-117.165708" lat="32.896920"><ele>80.399973</ele><time>2024-08-28T03:07:31Z</time><extensions><speed>1.168930</speed><course>267.248379</course><hAcc>1.743456</hAcc><vAcc>1.019640</vAcc></extensions></trkpt>
      <trkpt lon="-117.165721" lat="32.896919"><ele>80.448723</ele><time>2024-08-28T03:07:32Z</time><extensions><speed>1.166323</speed><course>267.728295</course><hAcc>1.746976</hAcc><vAcc>1.025209</vAcc></extensions></trkpt>
      <trkpt lon="-117.165733" lat="32.896919"><ele>80.507951</ele><time>2024-08-28T03:07:33Z</time><extensions><speed>1.156254</speed><course>266.113442</course><hAcc>1.753823</hAcc><vAcc>1.030813</vAcc></extensions></trkpt>
      <trkpt lon="-117.165745" lat="32.896918"><ele>80.575355</ele><time>2024-08-28T03:07:34Z</time><extensions><speed>1.158923</speed><course>261.107573</course><hAcc>1.760268</hAcc><vAcc>1.036938</vAcc></extensions></trkpt>
      <trkpt lon="-117.165757" lat="32.896916"><ele>80.653148</ele><time>2024-08-28T03:07:35Z</time><extensions><speed>1.142581</speed><course>258.794850</course><hAcc>1.763502</hAcc><vAcc>1.042233</vAcc></extensions></trkpt>
      <trkpt lon="-117.165769" lat="32.896914"><ele>80.740928</ele><time>2024-08-28T03:07:36Z</time><extensions><speed>1.176773</speed><course>257.461110</course><hAcc>1.770227</hAcc><vAcc>1.047823</vAcc></extensions></trkpt>
      <trkpt lon="-117.165781" lat="32.896913"><ele>80.821128</ele><time>2024-08-28T03:07:37Z</time><extensions><speed>1.155227</speed><course>260.557480</course><hAcc>1.783311</hAcc><vAcc>1.056142</vAcc></extensions></trkpt>
      <trkpt lon="-117.165793" lat="32.896912"><ele>80.909521</ele><time>2024-08-28T03:07:38Z</time><extensions><speed>1.121520</speed><course>265.690666</course><hAcc>1.795911</hAcc><vAcc>1.064714</vAcc></extensions></trkpt>
      <trkpt lon="-117.165805" lat="32.896911"><ele>81.013910</ele><time>2024-08-28T03:07:39Z</time><extensions><speed>1.086796</speed><course>271.807726</course><hAcc>1.805839</hAcc><vAcc>1.073546</vAcc></extensions></trkpt>
      <trkpt lon="-117.165816" lat="32.896913"><ele>81.152258</ele><time>2024-08-28T03:07:40Z</time><extensions><speed>1.063043</speed><course>281.671159</course><hAcc>1.817194</hAcc><vAcc>1.081143</vAcc></extensions></trkpt>
      <trkpt lon="-117.165827" lat="32.896915"><ele>81.319592</ele><time>2024-08-28T03:07:41Z</time><extensions><speed>1.076516</speed><course>290.562835</course><hAcc>1.825280</hAcc><vAcc>1.088010</vAcc></extensions></trkpt>
      <trkpt lon="-117.165837" lat="32.896920"><ele>81.502803</ele><time>2024-08-28T03:07:42Z</time><extensions><speed>1.051668</speed><course>301.486824</course><hAcc>1.827104</hAcc><vAcc>1.096533</vAcc></extensions></trkpt>
      <trkpt lon="-117.165846" lat="32.896925"><ele>81.705793</ele><time>2024-08-28T03:07:43Z</time><extensions><speed>1.031831</speed><course>309.924347</course><hAcc>1.831265</hAcc><vAcc>1.103822</vAcc></extensions></trkpt>
      <trkpt lon="-117.165855" lat="32.896932"><ele>81.940681</ele><time>2024-08-28T03:07:44Z</time><extensions><speed>1.105313</speed><course>316.203639</course><hAcc>1.837960</hAcc><vAcc>1.109757</vAcc></extensions></trkpt>
      <trkpt lon="-117.165863" lat="32.896939"><ele>82.187134</ele><time>2024-08-28T03:07:45Z</time><extensions><speed>1.175066</speed><course>319.012995</course><hAcc>1.842316</hAcc><vAcc>1.115832</vAcc></extensions></trkpt>
      <trkpt lon="-117.165871" lat="32.896948"><ele>82.431038</ele><time>2024-08-28T03:07:46Z</time><extensions><speed>1.161689</speed><course>323.218760</course><hAcc>1.841998</hAcc><vAcc>1.118688</vAcc></extensions></trkpt>
      <trkpt lon="-117.165878" lat="32.896956"><ele>82.659567</ele><time>2024-08-28T03:07:47Z</time><extensions><speed>1.090976</speed><course>326.421394</course><hAcc>1.838409</hAcc><vAcc>1.121673</vAcc></extensions></trkpt>
      <trkpt lon="-117.165884" lat="32.896964"><ele>82.889935</ele><time>2024-08-28T03:07:48Z</time><extensions><speed>1.005795</speed><course>323.351284</course><hAcc>1.824583</hAcc><vAcc>1.124402</vAcc></extensions></trkpt>
      <trkpt lon="-117.165891" lat="32.896970"><ele>83.104277</ele><time>2024-08-28T03:07:49Z</time><extensions><speed>1.009317</speed><course>315.733746</course><hAcc>1.807432</hAcc><vAcc>1.125985</vAcc></extensions></trkpt>
      <trkpt lon="-117.165900" lat="32.896977"><ele>83.334567</ele><time>2024-08-28T03:07:50Z</time><extensions><speed>1.088729</speed><course>307.583462</course><hAcc>1.790014</hAcc><vAcc>1.127486</vAcc></extensions></trkpt>
      <trkpt lon="-117.165910" lat="32.896982"><ele>83.569464</ele><time>2024-08-28T03:07:51Z</time><extensions><speed>1.240685</speed><course>297.594016</course><hAcc>1.786465</hAcc><vAcc>1.125184</vAcc></extensions></trkpt>
      <trkpt lon="-117.165922" lat="32.896987"><ele>83.816975</ele><time>2024-08-28T03:07:52Z</time><extensions><speed>1.249243</speed><course>291.931946</course><hAcc>1.804035</hAcc><vAcc>1.122133</vAcc></extensions></trkpt>
      <trkpt lon="-117.165934" lat="32.896990"><ele>84.070046</ele><time>2024-08-28T03:07:53Z</time><extensions><speed>1.181298</speed><course>290.464363</course><hAcc>1.772168</hAcc><vAcc>1.117519</vAcc></extensions></trkpt>
      <trkpt lon="-117.165946" lat="32.896994"><ele>84.308921</ele><time>2024-08-28T03:07:54Z</time><extensions><speed>1.102979</speed><course>286.599794</course><hAcc>1.750590</hAcc><vAcc>1.110455</vAcc></extensions></trkpt>
      <trkpt lon="-117.165957" lat="32.896996"><ele>84.529903</ele><time>2024-08-28T03:07:55Z</time><extensions><speed>1.100581</speed><course>283.859406</course><hAcc>1.749306</hAcc><vAcc>1.101785</vAcc></extensions></trkpt>
      <trkpt lon="-117.165968" lat="32.896999"><ele>84.765337</ele><time>2024-08-28T03:07:56Z</time><extensions><speed>1.162041</speed><course>282.701294</course><hAcc>1.750699</hAcc><vAcc>1.094090</vAcc></extensions></trkpt>
      <trkpt lon="-117.165980" lat="32.897001"><ele>84.988618</ele><time>2024-08-28T03:07:57Z</time><extensions><speed>1.128215</speed><course>280.307237</course><hAcc>1.765320</hAcc><vAcc>1.085700</vAcc></extensions></trkpt>
      <trkpt lon="-117.165992" lat="32.897002"><ele>85.221899</ele><time>2024-08-28T03:07:58Z</time><extensions><speed>1.005495</speed><course>277.406321</course><hAcc>1.770516</hAcc><vAcc>1.076869</vAcc></extensions></trkpt>
      <trkpt lon="-117.166001" lat="32.897003"><ele>85.466357</ele><time>2024-08-28T03:07:59Z</time><extensions><speed>0.824887</speed><course>271.822215</course><hAcc>1.754925</hAcc><vAcc>1.068884</vAcc></extensions></trkpt>
      <trkpt lon="-117.166010" lat="32.897002"><ele>85.705511</ele><time>2024-08-28T03:08:00Z</time><extensions><speed>0.799454</speed><course>264.514467</course><hAcc>1.755611</hAcc><vAcc>1.060355</vAcc></extensions></trkpt>
      <trkpt lon="-117.166019" lat="32.897001"><ele>85.938457</ele><time>2024-08-28T03:08:01Z</time><extensions><speed>0.844475</speed><course>257.659149</course><hAcc>1.765651</hAcc><vAcc>1.050838</vAcc></extensions></trkpt>
      <trkpt lon="-117.166028" lat="32.896999"><ele>86.166126</ele><time>2024-08-28T03:08:02Z</time><extensions><speed>0.972088</speed><course>253.550910</course><hAcc>1.780154</hAcc><vAcc>1.040560</vAcc></extensions></trkpt>
      <trkpt lon="-117.166038" lat="32.896996"><ele>86.370725</ele><time>2024-08-28T03:08:03Z</time><extensions><speed>1.034164</speed><course>251.206295</course><hAcc>1.776725</hAcc><vAcc>1.031231</vAcc></extensions></trkpt>
      <trkpt lon="-117.166049" lat="32.896993"><ele>86.552781</ele><time>2024-08-28T03:08:04Z</time><extensions><speed>1.019078</speed><course>253.742829</course><hAcc>1.765602</hAcc><vAcc>1.023060</vAcc></extensions></trkpt>
      <trkpt lon="-117.166059" lat="32.896991"><ele>86.728266</ele><time>2024-08-28T03:08:05Z</time><extensions><speed>0.899086</speed><course>251.881103</course><hAcc>1.737905</hAcc><vAcc>1.016130</vAcc></extensions></trkpt>
      <trkpt lon="-117.166068" lat="32.896987"><ele>86.896593</ele><time>2024-08-28T03:08:06Z</time><extensions><speed>0.934733</speed><course>243.454180</course><hAcc>1.707380</hAcc><vAcc>1.010855</vAcc></extensions></trkpt>
      <trkpt lon="-117.166077" lat="32.896983"><ele>87.050032</ele><time>2024-08-28T03:08:07Z</time><extensions><speed>1.087715</speed><course>239.064797</course><hAcc>1.709770</hAcc><vAcc>1.006518</vAcc></extensions></trkpt>
      <trkpt lon="-117.166088" lat="32.896977"><ele>87.197282</ele><time>2024-08-28T03:08:08Z</time><extensions><speed>1.286866</speed><course>238.068705</course><hAcc>1.708758</hAcc><vAcc>1.003715</vAcc></extensions></trkpt>
      <trkpt lon="-117.166099" lat="32.896971"><ele>87.310447</ele><time>2024-08-28T03:08:09Z</time><extensions><speed>1.242764</speed><course>233.612781</course><hAcc>1.702100</hAcc><vAcc>1.001866</vAcc></extensions></trkpt>
      <trkpt lon="-117.166109" lat="32.896963"><ele>87.392226</ele><time>2024-08-28T03:08:10Z</time><extensions><speed>1.182849</speed><course>224.480061</course><hAcc>1.685648</hAcc><vAcc>1.001067</vAcc></extensions></trkpt>
      <trkpt lon="-117.166117" lat="32.896955"><ele>87.458946</ele><time>2024-08-28T03:08:11Z</time><extensions><speed>1.220257</speed><course>218.253095</course><hAcc>1.684476</hAcc><vAcc>1.002266</vAcc></extensions></trkpt>
      <trkpt lon="-117.166125" lat="32.896947"><ele>87.501305</ele><time>2024-08-28T03:08:12Z</time><extensions><speed>1.180462</speed><course>217.257035</course><hAcc>1.685893</hAcc><vAcc>1.004257</vAcc></extensions></trkpt>
      <trkpt lon="-117.166132" lat="32.896938"><ele>87.521157</ele><time>2024-08-28T03:08:13Z</time><extensions><speed>1.118544</speed><course>217.522719</course><hAcc>1.692909</hAcc><vAcc>1.007752</vAcc></extensions></trkpt>
      <trkpt lon="-117.166139" lat="32.896930"><ele>87.513752</ele><time>2024-08-28T03:08:14Z</time><extensions><speed>1.029072</speed><course>213.897337</course><hAcc>1.691239</hAcc><vAcc>1.012901</vAcc></extensions></trkpt>
      <trkpt lon="-117.166144" lat="32.896922"><ele>87.493296</ele><time>2024-08-28T03:08:15Z</time><extensions><speed>0.988176</speed><course>204.892015</course><hAcc>1.684138</hAcc><vAcc>1.019231</vAcc></extensions></trkpt>
      <trkpt lon="-117.166149" lat="32.896914"><ele>87.447414</ele><time>2024-08-28T03:08:16Z</time><extensions><speed>1.091964</speed><course>203.250121</course><hAcc>1.701418</hAcc><vAcc>1.025121</vAcc></extensions></trkpt>
      <trkpt lon="-117.166153" lat="32.896905"><ele>87.386350</ele><time>2024-08-28T03:08:17Z</time><extensions><speed>1.116887</speed><course>202.569660</course><hAcc>1.707555</hAcc><vAcc>1.031018</vAcc></extensions></trkpt>
      <trkpt lon="-117.166158" lat="32.896895"><ele>87.306957</ele><time>2024-08-28T03:08:18Z</time><extensions><speed>1.124123</speed><course>200.729434</course><hAcc>1.706618</hAcc><vAcc>1.036193</vAcc></extensions></trkpt>
      <trkpt lon="-117.166162" lat="32.896886"><ele>87.201222</ele><time>2024-08-28T03:08:19Z</time><extensions><speed>1.044659</speed><course>199.254890</course><hAcc>1.713144</hAcc><vAcc>1.038054</vAcc></extensions></trkpt>
      <trkpt lon="-117.166165" lat="32.896877"><ele>87.085887</ele><time>2024-08-28T03:08:20Z</time><extensions><speed>1.008592</speed><course>193.717362</course><hAcc>1.710299</hAcc><vAcc>1.037967</vAcc></extensions></trkpt>
      <trkpt lon="-117.166168" lat="32.896869"><ele>86.973720</ele><time>2024-08-28T03:08:21Z</time><extensions><speed>1.021917</speed><course>189.228857</course><hAcc>1.714540</hAcc><vAcc>1.035788</vAcc></extensions></trkpt>
      <trkpt lon="-117.166169" lat="32.896860"><ele>86.854207</ele><time>2024-08-28T03:08:22Z</time><extensions><speed>1.008339</speed><course>187.224271</course><hAcc>1.714872</hAcc><vAcc>1.031560</vAcc></extensions></trkpt>
      <trkpt lon="-117.166171" lat="32.896851"><ele>86.747403</ele><time>2024-08-28T03:08:23Z</time><extensions><speed>0.966741</speed><course>186.427594</course><hAcc>1.715431</hAcc><vAcc>1.026733</vAcc></extensions></trkpt>
      <trkpt lon="-117.166173" lat="32.896843"><ele>86.645555</ele><time>2024-08-28T03:08:24Z</time><extensions><speed>0.983970</speed><course>189.405146</course><hAcc>1.716477</hAcc><vAcc>1.021359</vAcc></extensions></trkpt>
      <trkpt lon="-117.166175" lat="32.896834"><ele>86.548718</ele><time>2024-08-28T03:08:25Z</time><extensions><speed>0.938145</speed><course>196.242244</course><hAcc>1.718458</hAcc><vAcc>1.013951</vAcc></extensions></trkpt>
      <trkpt lon="-117.166179" lat="32.896826"><ele>86.461792</ele><time>2024-08-28T03:08:26Z</time><extensions><speed>0.955626</speed><course>208.722623</course><hAcc>1.716836</hAcc><vAcc>1.005688</vAcc></extensions></trkpt>
      <trkpt lon="-117.166186" lat="32.896819"><ele>86.387223</ele><time>2024-08-28T03:08:27Z</time><extensions><speed>1.020053</speed><course>224.699352</course><hAcc>1.717753</hAcc><vAcc>0.996228</vAcc></extensions></trkpt>
      <trkpt lon="-117.166195" lat="32.896814"><ele>86.318194</ele><time>2024-08-28T03:08:28Z</time><extensions><speed>1.133396</speed><course>243.384614</course><hAcc>1.723312</hAcc><vAcc>0.985919</vAcc></extensions></trkpt>
      <trkpt lon="-117.166208" lat="32.896811"><ele>86.264737</ele><time>2024-08-28T03:08:29Z</time><extensions><speed>1.301296</speed><course>263.052440</course><hAcc>1.721813</hAcc><vAcc>0.975163</vAcc></extensions></trkpt>
      <trkpt lon="-117.166222" lat="32.896811"><ele>86.231756</ele><time>2024-08-28T03:08:30Z</time><extensions><speed>1.427739</speed><course>276.576193</course><hAcc>1.722639</hAcc><vAcc>0.965265</vAcc></extensions></trkpt>
      <trkpt lon="-117.166238" lat="32.896813"><ele>86.211941</ele><time>2024-08-28T03:08:31Z</time><extensions><speed>1.464508</speed><course>282.538698</course><hAcc>1.724367</hAcc><vAcc>0.957092</vAcc></extensions></trkpt>
      <trkpt lon="-117.166253" lat="32.896816"><ele>86.208999</ele><time>2024-08-28T03:08:32Z</time><extensions><speed>1.412117</speed><course>282.833934</course><hAcc>1.725820</hAcc><vAcc>0.950513</vAcc></extensions></trkpt>
      <trkpt lon="-117.166268" lat="32.896818"><ele>86.231333</ele><time>2024-08-28T03:08:33Z</time><extensions><speed>1.388049</speed><course>280.828414</course><hAcc>1.728896</hAcc><vAcc>0.946752</vAcc></extensions></trkpt>
      <trkpt lon="-117.166283" lat="32.896820"><ele>86.265901</ele><time>2024-08-28T03:08:34Z</time><extensions><speed>1.346638</speed><course>278.317422</course><hAcc>1.727586</hAcc><vAcc>0.944260</vAcc></extensions></trkpt>
      <trkpt lon="-117.166297" lat="32.896822"><ele>86.324865</ele><time>2024-08-28T03:08:35Z</time><extensions><speed>1.321163</speed><course>278.383788</course><hAcc>1.725470</hAcc><vAcc>0.943638</vAcc></extensions></trkpt>
      <trkpt lon="-117.166311" lat="32.896824"><ele>86.413331</ele><time>2024-08-28T03:08:36Z</time><extensions><speed>1.303370</speed><course>279.180722</course><hAcc>1.722246</hAcc><vAcc>0.944496</vAcc></extensions></trkpt>
      <trkpt lon="-117.166325" lat="32.896825"><ele>86.523392</ele><time>2024-08-28T03:08:37Z</time><extensions><speed>1.343220</speed><course>274.647821</course><hAcc>1.715219</hAcc><vAcc>0.946830</vAcc></extensions></trkpt>
      <trkpt lon="-117.166339" lat="32.896826"><ele>86.651232</ele><time>2024-08-28T03:08:38Z</time><extensions><speed>1.378518</speed><course>269.163687</course><hAcc>1.704028</hAcc><vAcc>0.949219</vAcc></extensions></trkpt>
      <trkpt lon="-117.166355" lat="32.896825"><ele>86.802769</ele><time>2024-08-28T03:08:39Z</time><extensions><speed>1.494564</speed><course>265.377625</course><hAcc>1.692888</hAcc><vAcc>0.951575</vAcc></extensions></trkpt>
      <trkpt lon="-117.166372" lat="32.896824"><ele>86.970288</ele><time>2024-08-28T03:08:40Z</time><extensions><speed>1.636317</speed><course>264.000887</course><hAcc>1.684673</hAcc><vAcc>0.955089</vAcc></extensions></trkpt>
      <trkpt lon="-117.166389" lat="32.896823"><ele>87.157626</ele><time>2024-08-28T03:08:41Z</time><extensions><speed>1.554558</speed><course>268.541665</course><hAcc>1.687408</hAcc><vAcc>0.957281</vAcc></extensions></trkpt>
      <trkpt lon="-117.166406" lat="32.896823"><ele>87.336187</ele><time>2024-08-28T03:08:42Z</time><extensions><speed>1.612061</speed><course>274.583907</course><hAcc>1.666443</hAcc><vAcc>0.959116</vAcc></extensions></trkpt>
      <trkpt lon="-117.166422" lat="32.896824"><ele>87.530662</ele><time>2024-08-28T03:08:43Z</time><extensions><speed>1.479511</speed><course>276.499829</course><hAcc>1.671481</hAcc><vAcc>0.959413</vAcc></extensions></trkpt>
      <trkpt lon="-117.166437" lat="32.896826"><ele>87.724843</ele><time>2024-08-28T03:08:44Z</time><extensions><speed>1.425549</speed><course>277.124869</course><hAcc>1.632110</hAcc><vAcc>0.957591</vAcc></extensions></trkpt>
      <trkpt lon="-117.166451" lat="32.896827"><ele>87.906944</ele><time>2024-08-28T03:08:45Z</time><extensions><speed>1.238138</speed><course>276.914435</course><hAcc>1.606615</hAcc><vAcc>0.954400</vAcc></extensions></trkpt>
      <trkpt lon="-117.166464" lat="32.896828"><ele>88.062761</ele><time>2024-08-28T03:08:46Z</time><extensions><speed>1.200982</speed><course>272.734118</course><hAcc>1.589929</hAcc><vAcc>0.950306</vAcc></extensions></trkpt>
      <trkpt lon="-117.166477" lat="32.896828"><ele>88.220609</ele><time>2024-08-28T03:08:47Z</time><extensions><speed>1.198843</speed><course>266.275880</course><hAcc>1.574514</hAcc><vAcc>0.944955</vAcc></extensions></trkpt>
      <trkpt lon="-117.166490" lat="32.896827"><ele>88.368159</ele><time>2024-08-28T03:08:48Z</time><extensions><speed>1.306983</speed><course>266.211947</course><hAcc>1.550525</hAcc><vAcc>0.938557</vAcc></extensions></trkpt>
      <trkpt lon="-117.166505" lat="32.896826"><ele>88.536420</ele><time>2024-08-28T03:08:49Z</time><extensions><speed>1.370562</speed><course>267.433241</course><hAcc>1.540193</hAcc><vAcc>0.931146</vAcc></extensions></trkpt>
      <trkpt lon="-117.166519" lat="32.896825"><ele>88.687192</ele><time>2024-08-28T03:08:50Z</time><extensions><speed>1.401864</speed><course>263.592024</course><hAcc>1.552845</hAcc><vAcc>0.923151</vAcc></extensions></trkpt>
      <trkpt lon="-117.166534" lat="32.896823"><ele>88.824180</ele><time>2024-08-28T03:08:51Z</time><extensions><speed>1.303837</speed><course>252.543991</course><hAcc>1.519628</hAcc><vAcc>0.915040</vAcc></extensions></trkpt>
      <trkpt lon="-117.166547" lat="32.896819"><ele>88.973259</ele><time>2024-08-28T03:08:52Z</time><extensions><speed>1.283779</speed><course>247.101282</course><hAcc>1.503576</hAcc><vAcc>0.906663</vAcc></extensions></trkpt>
      <trkpt lon="-117.166559" lat="32.896814"><ele>89.121117</ele><time>2024-08-28T03:08:53Z</time><extensions><speed>1.346060</speed><course>241.353051</course><hAcc>1.502598</hAcc><vAcc>0.899202</vAcc></extensions></trkpt>
      <trkpt lon="-117.166571" lat="32.896808"><ele>89.273931</ele><time>2024-08-28T03:08:54Z</time><extensions><speed>1.235973</speed><course>237.003171</course><hAcc>1.514259</hAcc><vAcc>0.891949</vAcc></extensions></trkpt>
      <trkpt lon="-117.166582" lat="32.896802"><ele>89.410311</ele><time>2024-08-28T03:08:55Z</time><extensions><speed>1.185900</speed><course>236.706838</course><hAcc>1.523522</hAcc><vAcc>0.885602</vAcc></extensions></trkpt>
      <trkpt lon="-117.166592" lat="32.896797"><ele>89.536648</ele><time>2024-08-28T03:08:56Z</time><extensions><speed>1.129475</speed><course>238.550256</course><hAcc>1.527660</hAcc><vAcc>0.879236</vAcc></extensions></trkpt>
      <trkpt lon="-117.166602" lat="32.896792"><ele>89.652999</ele><time>2024-08-28T03:08:57Z</time><extensions><speed>0.983041</speed><course>237.512132</course><hAcc>1.535526</hAcc><vAcc>0.873295</vAcc></extensions></trkpt>
      <trkpt lon="-117.166610" lat="32.896788"><ele>89.771980</ele><time>2024-08-28T03:08:58Z</time><extensions><speed>0.928789</speed><course>239.610059</course><hAcc>1.533141</hAcc><vAcc>0.868133</vAcc></extensions></trkpt>
      <trkpt lon="-117.166619" lat="32.896784"><ele>89.893318</ele><time>2024-08-28T03:08:59Z</time><extensions><speed>0.942113</speed><course>246.909944</course><hAcc>1.524884</hAcc><vAcc>0.864467</vAcc></extensions></trkpt>
      <trkpt lon="-117.166629" lat="32.896781"><ele>90.002142</ele><time>2024-08-28T03:09:00Z</time><extensions><speed>0.968899</speed><course>256.963622</course><hAcc>1.509597</hAcc><vAcc>0.861150</vAcc></extensions></trkpt>
      <trkpt lon="-117.166640" lat="32.896780"><ele>90.104010</ele><time>2024-08-28T03:09:01Z</time><extensions><speed>1.128169</speed><course>262.639955</course><hAcc>1.486525</hAcc><vAcc>0.858840</vAcc></extensions></trkpt>
      <trkpt lon="-117.166653" lat="32.896779"><ele>90.203065</ele><time>2024-08-28T03:09:02Z</time><extensions><speed>1.257043</speed><course>274.715979</course><hAcc>1.466415</hAcc><vAcc>0.857405</vAcc></extensions></trkpt>
      <trkpt lon="-117.166665" lat="32.896784"><ele>90.296694</ele><time>2024-08-28T03:09:03Z</time><extensions><speed>1.330375</speed><course>306.952352</course><hAcc>1.464347</hAcc><vAcc>0.856536</vAcc></extensions></trkpt>
      <trkpt lon="-117.166672" lat="32.896794"><ele>90.397765</ele><time>2024-08-28T03:09:04Z</time><extensions><speed>1.458025</speed><course>346.770563</course><hAcc>1.440093</hAcc><vAcc>0.855903</vAcc></extensions></trkpt>
      <trkpt lon="-117.166673" lat="32.896807"><ele>90.498435</ele><time>2024-08-28T03:09:05Z</time><extensions><speed>1.487900</speed><course>7.738555</course><hAcc>1.431484</hAcc><vAcc>0.855785</vAcc></extensions></trkpt>
      <trkpt lon="-117.166670" lat="32.896819"><ele>90.592565</ele><time>2024-08-28T03:09:06Z</time><extensions><speed>1.406098</speed><course>14.072827</course><hAcc>1.419873</hAcc><vAcc>0.856078</vAcc></extensions></trkpt>
      <trkpt lon="-117.166667" lat="32.896831"><ele>90.682327</ele><time>2024-08-28T03:09:07Z</time><extensions><speed>1.340346</speed><course>13.931892</course><hAcc>1.421509</hAcc><vAcc>0.856847</vAcc></extensions></trkpt>
      <trkpt lon="-117.166664" lat="32.896843"><ele>90.771750</ele><time>2024-08-28T03:09:08Z</time><extensions><speed>1.323609</speed><course>10.890354</course><hAcc>1.434370</hAcc><vAcc>0.858765</vAcc></extensions></trkpt>
      <trkpt lon="-117.166662" lat="32.896855"><ele>90.864540</ele><time>2024-08-28T03:09:09Z</time><extensions><speed>1.269370</speed><course>4.733773</course><hAcc>1.448972</hAcc><vAcc>0.860961</vAcc></extensions></trkpt>
      <trkpt lon="-117.166661" lat="32.896866"><ele>90.951054</ele><time>2024-08-28T03:09:10Z</time><extensions><speed>1.199502</speed><course>359.625697</course><hAcc>1.466296</hAcc><vAcc>0.863567</vAcc></extensions></trkpt>
      <trkpt lon="-117.166662" lat="32.896876"><ele>91.033280</ele><time>2024-08-28T03:09:11Z</time><extensions><speed>1.186110</speed><course>358.550192</course><hAcc>1.481594</hAcc><vAcc>0.867139</vAcc></extensions></trkpt>
      <trkpt lon="-117.166663" lat="32.896887"><ele>91.112865</ele><time>2024-08-28T03:09:12Z</time><extensions><speed>1.223055</speed><course>355.966089</course><hAcc>1.494237</hAcc><vAcc>0.871404</vAcc></extensions></trkpt>
      <trkpt lon="-117.166664" lat="32.896898"><ele>91.189030</ele><time>2024-08-28T03:09:13Z</time><extensions><speed>1.243420</speed><course>354.694698</course><hAcc>1.500828</hAcc><vAcc>0.875678</vAcc></extensions></trkpt>
      <trkpt lon="-117.166665" lat="32.896909"><ele>91.258813</ele><time>2024-08-28T03:09:14Z</time><extensions><speed>1.168266</speed><course>353.006357</course><hAcc>1.503325</hAcc><vAcc>0.880301</vAcc></extensions></trkpt>
      <trkpt lon="-117.166667" lat="32.896919"><ele>91.317890</ele><time>2024-08-28T03:09:15Z</time><extensions><speed>1.095228</speed><course>351.075476</course><hAcc>1.513564</hAcc><vAcc>0.884977</vAcc></extensions></trkpt>
      <trkpt lon="-117.166669" lat="32.896929"><ele>91.390806</ele><time>2024-08-28T03:09:16Z</time><extensions><speed>1.106197</speed><course>350.165151</course><hAcc>1.526938</hAcc><vAcc>0.889167</vAcc></extensions></trkpt>
      <trkpt lon="-117.166671" lat="32.896939"><ele>91.469616</ele><time>2024-08-28T03:09:17Z</time><extensions><speed>1.049830</speed><course>351.804382</course><hAcc>1.531138</hAcc><vAcc>0.892862</vAcc></extensions></trkpt>
      <trkpt lon="-117.166672" lat="32.896948"><ele>91.544641</ele><time>2024-08-28T03:09:18Z</time><extensions><speed>1.052667</speed><course>354.027989</course><hAcc>1.531045</hAcc><vAcc>0.896320</vAcc></extensions></trkpt>
      <trkpt lon="-117.166674" lat="32.896957"><ele>91.610053</ele><time>2024-08-28T03:09:19Z</time><extensions><speed>1.010217</speed><course>344.262295</course><hAcc>1.523476</hAcc><vAcc>0.900786</vAcc></extensions></trkpt>
      <trkpt lon="-117.166678" lat="32.896966"><ele>91.675564</ele><time>2024-08-28T03:09:20Z</time><extensions><speed>1.097395</speed><course>337.712178</course><hAcc>1.526444</hAcc><vAcc>0.905191</vAcc></extensions></trkpt>
      <trkpt lon="-117.166683" lat="32.896976"><ele>91.749068</ele><time>2024-08-28T03:09:21Z</time><extensions><speed>1.198401</speed><course>332.247091</course><hAcc>1.534533</hAcc><vAcc>0.907027</vAcc></extensions></trkpt>
      <trkpt lon="-117.166689" lat="32.896986"><ele>91.822058</ele><time>2024-08-28T03:09:22Z</time><extensions><speed>1.235608</speed><course>330.353929</course><hAcc>1.542817</hAcc><vAcc>0.907543</vAcc></extensions></trkpt>
      <trkpt lon="-117.166695" lat="32.896995"><ele>91.907010</ele><time>2024-08-28T03:09:23Z</time><extensions><speed>1.224852</speed><course>332.089023</course><hAcc>1.541649</hAcc><vAcc>0.908158</vAcc></extensions></trkpt>
      <trkpt lon="-117.166700" lat="32.897006"><ele>91.995415</ele><time>2024-08-28T03:09:24Z</time><extensions><speed>1.254867</speed><course>340.151674</course><hAcc>1.535604</hAcc><vAcc>0.907727</vAcc></extensions></trkpt>
      <trkpt lon="-117.166704" lat="32.897016"><ele>92.102658</ele><time>2024-08-28T03:09:25Z</time><extensions><speed>1.278955</speed><course>346.353274</course><hAcc>1.526309</hAcc><vAcc>0.906184</vAcc></extensions></trkpt>
      <trkpt lon="-117.166707" lat="32.897028"><ele>92.219415</ele><time>2024-08-28T03:09:26Z</time><extensions><speed>1.269493</speed><course>351.594122</course><hAcc>1.505339</hAcc><vAcc>0.904434</vAcc></extensions></trkpt>
      <trkpt lon="-117.166708" lat="32.897039"><ele>92.324675</ele><time>2024-08-28T03:09:27Z</time><extensions><speed>1.326954</speed><course>357.497986</course><hAcc>1.473343</hAcc><vAcc>0.901815</vAcc></extensions></trkpt>
      <trkpt lon="-117.166708" lat="32.897051"><ele>92.418404</ele><time>2024-08-28T03:09:28Z</time><extensions><speed>1.348240</speed><course>2.136975</course><hAcc>1.459296</hAcc><vAcc>0.897043</vAcc></extensions></trkpt>
      <trkpt lon="-117.166707" lat="32.897062"><ele>92.496177</ele><time>2024-08-28T03:09:29Z</time><extensions><speed>1.223193</speed><course>2.651451</course><hAcc>1.468336</hAcc><vAcc>0.891343</vAcc></extensions></trkpt>
      <trkpt lon="-117.166706" lat="32.897073"><ele>92.573538</ele><time>2024-08-28T03:09:30Z</time><extensions><speed>1.162381</speed><course>4.614191</course><hAcc>1.426700</hAcc><vAcc>0.886241</vAcc></extensions></trkpt>
      <trkpt lon="-117.166705" lat="32.897084"><ele>92.650819</ele><time>2024-08-28T03:09:31Z</time><extensions><speed>1.259935</speed><course>4.169461</course><hAcc>1.372881</hAcc><vAcc>0.880141</vAcc></extensions></trkpt>
      <trkpt lon="-117.166704" lat="32.897096"><ele>92.739951</ele><time>2024-08-28T03:09:32Z</time><extensions><speed>1.457176</speed><course>4.701051</course><hAcc>1.346185</hAcc><vAcc>0.874063</vAcc></extensions></trkpt>
      <trkpt lon="-117.166703" lat="32.897109"><ele>92.824272</ele><time>2024-08-28T03:09:33Z</time><extensions><speed>1.454326</speed><course>3.265728</course><hAcc>1.356531</hAcc><vAcc>0.867653</vAcc></extensions></trkpt>
      <trkpt lon="-117.166702" lat="32.897122"><ele>92.909542</ele><time>2024-08-28T03:09:34Z</time><extensions><speed>1.484336</speed><course>4.600937</course><hAcc>1.342346</hAcc><vAcc>0.861333</vAcc></extensions></trkpt>
      <trkpt lon="-117.166700" lat="32.897135"><ele>92.981732</ele><time>2024-08-28T03:09:35Z</time><extensions><speed>1.399637</speed><course>10.954200</course><hAcc>1.328230</hAcc><vAcc>0.854595</vAcc></extensions></trkpt>
      <trkpt lon="-117.166696" lat="32.897147"><ele>93.042253</ele><time>2024-08-28T03:09:36Z</time><extensions><speed>1.338250</speed><course>16.684250</course><hAcc>1.332977</hAcc><vAcc>0.847352</vAcc></extensions></trkpt>
      <trkpt lon="-117.166692" lat="32.897158"><ele>93.083186</ele><time>2024-08-28T03:09:37Z</time><extensions><speed>1.146070</speed><course>16.799376</course><hAcc>1.325164</hAcc><vAcc>0.840007</vAcc></extensions></trkpt>
      <trkpt lon="-117.166689" lat="32.897167"><ele>93.112289</ele><time>2024-08-28T03:09:38Z</time><extensions><speed>1.033310</speed><course>14.585515</course><hAcc>1.318318</hAcc><vAcc>0.833082</vAcc></extensions></trkpt>
      <trkpt lon="-117.166687" lat="32.897177"><ele>93.131743</ele><time>2024-08-28T03:09:39Z</time><extensions><speed>1.116792</speed><course>11.851215</course><hAcc>1.331480</hAcc><vAcc>0.826211</vAcc></extensions></trkpt>
      <trkpt lon="-117.166684" lat="32.897187"><ele>93.134445</ele><time>2024-08-28T03:09:40Z</time><extensions><speed>1.117722</speed><course>10.673536</course><hAcc>1.351129</hAcc><vAcc>0.819755</vAcc></extensions></trkpt>
      <trkpt lon="-117.166682" lat="32.897196"><ele>93.139299</ele><time>2024-08-28T03:09:42Z</time><extensions><speed>0.937976</speed><course>14.363236</course><hAcc>1.323746</hAcc><vAcc>0.813921</vAcc></extensions></trkpt>
      <trkpt lon="-117.166679" lat="32.897204"><ele>93.146502</ele><time>2024-08-28T03:09:43Z</time><extensions><speed>0.985052</speed><course>13.004413</course><hAcc>1.319241</hAcc><vAcc>0.808348</vAcc></extensions></trkpt>
      <trkpt lon="-117.166677" lat="32.897213"><ele>93.144608</ele><time>2024-08-28T03:09:44Z</time><extensions><speed>1.074587</speed><course>11.418982</course><hAcc>1.317390</hAcc><vAcc>0.802859</vAcc></extensions></trkpt>
      <trkpt lon="-117.166675" lat="32.897223"><ele>93.137197</ele><time>2024-08-28T03:09:45Z</time><extensions><speed>1.116023</speed><course>12.498952</course><hAcc>1.304129</hAcc><vAcc>0.797615</vAcc></extensions></trkpt>
      <trkpt lon="-117.166671" lat="32.897232"><ele>93.119897</ele><time>2024-08-28T03:09:46Z</time><extensions><speed>1.107839</speed><course>19.702632</course><hAcc>1.281136</hAcc><vAcc>0.792901</vAcc></extensions></trkpt>
      <trkpt lon="-117.166667" lat="32.897241"><ele>93.101436</ele><time>2024-08-28T03:09:47Z</time><extensions><speed>1.078064</speed><course>26.094176</course><hAcc>1.258192</hAcc><vAcc>0.788659</vAcc></extensions></trkpt>
      <trkpt lon="-117.166662" lat="32.897250"><ele>93.082760</ele><time>2024-08-28T03:09:48Z</time><extensions><speed>1.080116</speed><course>21.324982</course><hAcc>1.245474</hAcc><vAcc>0.784969</vAcc></extensions></trkpt>
      <trkpt lon="-117.166659" lat="32.897260"><ele>93.059849</ele><time>2024-08-28T03:09:49Z</time><extensions><speed>1.079308</speed><course>10.755886</course><hAcc>1.261061</hAcc><vAcc>0.782022</vAcc></extensions></trkpt>
      <trkpt lon="-117.166657" lat="32.897270"><ele>93.042701</ele><time>2024-08-28T03:09:50Z</time><extensions><speed>1.305125</speed><course>9.507076</course><hAcc>1.226875</hAcc><vAcc>0.779428</vAcc></extensions></trkpt>
      <trkpt lon="-117.166655" lat="32.897282"><ele>93.026864</ele><time>2024-08-28T03:09:51Z</time><extensions><speed>1.327708</speed><course>8.360723</course><hAcc>1.223859</hAcc><vAcc>0.777257</vAcc></extensions></trkpt>
      <trkpt lon="-117.166653" lat="32.897293"><ele>93.010620</ele><time>2024-08-28T03:09:52Z</time><extensions><speed>1.149524</speed><course>5.966378</course><hAcc>1.255624</hAcc><vAcc>0.775440</vAcc></extensions></trkpt>
      <trkpt lon="-117.166652" lat="32.897303"><ele>92.994351</ele><time>2024-08-28T03:09:53Z</time><extensions><speed>1.174010</speed><course>6.635321</course><hAcc>1.231423</hAcc><vAcc>0.774113</vAcc></extensions></trkpt>
      <trkpt lon="-117.166651" lat="32.897314"><ele>92.985564</ele><time>2024-08-28T03:09:54Z</time><extensions><speed>1.089468</speed><course>359.328963</course><hAcc>1.237219</hAcc><vAcc>0.773811</vAcc></extensions></trkpt>
      <trkpt lon="-117.166652" lat="32.897323"><ele>92.990325</ele><time>2024-08-28T03:09:55Z</time><extensions><speed>1.025646</speed><course>347.805345</course><hAcc>1.254433</hAcc><vAcc>0.773885</vAcc></extensions></trkpt>
      <trkpt lon="-117.166655" lat="32.897332"><ele>92.997603</ele><time>2024-08-28T03:09:56Z</time><extensions><speed>1.020221</speed><course>346.714212</course><hAcc>1.266332</hAcc><vAcc>0.774909</vAcc></extensions></trkpt>
      <trkpt lon="-117.166657" lat="32.897341"><ele>93.017908</ele><time>2024-08-28T03:09:57Z</time><extensions><speed>1.053085</speed><course>351.431583</course><hAcc>1.275210</hAcc><vAcc>0.776328</vAcc></extensions></trkpt>
      <trkpt lon="-117.166658" lat="32.897351"><ele>93.050809</ele><time>2024-08-28T03:09:58Z</time><extensions><speed>1.101768</speed><course>351.894224</course><hAcc>1.280361</hAcc><vAcc>0.778128</vAcc></extensions></trkpt>
      <trkpt lon="-117.166660" lat="32.897361"><ele>93.075927</ele><time>2024-08-28T03:09:59Z</time><extensions><speed>1.085670</speed><course>353.230399</course><hAcc>1.288292</hAcc><vAcc>0.780240</vAcc></extensions></trkpt>
      <trkpt lon="-117.166661" lat="32.897370"><ele>93.111479</ele><time>2024-08-28T03:10:00Z</time><extensions><speed>1.027217</speed><course>354.363570</course><hAcc>1.289826</hAcc><vAcc>0.783354</vAcc></extensions></trkpt>
      <trkpt lon="-117.166662" lat="32.897379"><ele>93.151264</ele><time>2024-08-28T03:10:01Z</time><extensions><speed>0.957845</speed><course>354.620486</course><hAcc>1.297120</hAcc><vAcc>0.786982</vAcc></extensions></trkpt>
      <trkpt lon="-117.166663" lat="32.897388"><ele>93.201966</ele><time>2024-08-28T03:10:02Z</time><extensions><speed>0.963388</speed><course>353.172964</course><hAcc>1.303436</hAcc><vAcc>0.790705</vAcc></extensions></trkpt>
      <trkpt lon="-117.166665" lat="32.897396"><ele>93.256821</ele><time>2024-08-28T03:10:03Z</time><extensions><speed>0.936124</speed><course>350.450276</course><hAcc>1.304555</hAcc><vAcc>0.793924</vAcc></extensions></trkpt>
      <trkpt lon="-117.166667" lat="32.897404"><ele>93.324520</ele><time>2024-08-28T03:10:04Z</time><extensions><speed>0.970738</speed><course>345.320678</course><hAcc>1.309286</hAcc><vAcc>0.796588</vAcc></extensions></trkpt>
      <trkpt lon="-117.166670" lat="32.897413"><ele>93.386083</ele><time>2024-08-28T03:10:05Z</time><extensions><speed>1.049968</speed><course>342.514396</course><hAcc>1.306448</hAcc><vAcc>0.798453</vAcc></extensions></trkpt>
      <trkpt lon="-117.166673" lat="32.897422"><ele>93.445577</ele><time>2024-08-28T03:10:06Z</time><extensions><speed>0.978730</speed><course>340.714135</course><hAcc>1.322592</hAcc><vAcc>0.799420</vAcc></extensions></trkpt>
      <trkpt lon="-117.166677" lat="32.897431"><ele>93.499754</ele><time>2024-08-28T03:10:07Z</time><extensions><speed>1.116035</speed><course>339.414318</course><hAcc>1.291615</hAcc><vAcc>0.799407</vAcc></extensions></trkpt>
      <trkpt lon="-117.166682" lat="32.897441"><ele>93.555509</ele><time>2024-08-28T03:10:08Z</time><extensions><speed>1.227492</speed><course>339.723655</course><hAcc>1.271165</hAcc><vAcc>0.798436</vAcc></extensions></trkpt>
      <trkpt lon="-117.166686" lat="32.897451"><ele>93.603645</ele><time>2024-08-28T03:10:09Z</time><extensions><speed>1.266423</speed><course>341.741711</course><hAcc>1.264178</hAcc><vAcc>0.796586</vAcc></extensions></trkpt>
      <trkpt lon="-117.166690" lat="32.897462"><ele>93.650121</ele><time>2024-08-28T03:10:10Z</time><extensions><speed>1.267829</speed><course>346.283379</course><hAcc>1.266066</hAcc><vAcc>0.793943</vAcc></extensions></trkpt>
      <trkpt lon="-117.166693" lat="32.897473"><ele>93.695462</ele><time>2024-08-28T03:10:11Z</time><extensions><speed>1.261724</speed><course>346.970993</course><hAcc>1.272961</hAcc><vAcc>0.790601</vAcc></extensions></trkpt>
      <trkpt lon="-117.166696" lat="32.897484"><ele>93.746665</ele><time>2024-08-28T03:10:12Z</time><extensions><speed>1.109050</speed><course>345.701470</course><hAcc>1.269713</hAcc><vAcc>0.786712</vAcc></extensions></trkpt>
      <trkpt lon="-117.166699" lat="32.897493"><ele>93.788246</ele><time>2024-08-28T03:10:13Z</time><extensions><speed>0.988494</speed><course>337.869352</course><hAcc>1.254794</hAcc><vAcc>0.782532</vAcc></extensions></trkpt>
      <trkpt lon="-117.166704" lat="32.897501"><ele>93.826421</ele><time>2024-08-28T03:10:14Z</time><extensions><speed>1.037432</speed><course>335.586018</course><hAcc>1.255095</hAcc><vAcc>0.778335</vAcc></extensions></trkpt>
      <trkpt lon="-117.166708" lat="32.897510"><ele>93.858207</ele><time>2024-08-28T03:10:15Z</time><extensions><speed>1.100323</speed><course>336.528537</course><hAcc>1.266713</hAcc><vAcc>0.774361</vAcc></extensions></trkpt>
      <trkpt lon="-117.166713" lat="32.897519"><ele>93.880259</ele><time>2024-08-28T03:10:16Z</time><extensions><speed>1.153397</speed><course>338.681334</course><hAcc>1.270738</hAcc><vAcc>0.770802</vAcc></extensions></trkpt>
      <trkpt lon="-117.166717" lat="32.897529"><ele>93.903563</ele><time>2024-08-28T03:10:17Z</time><extensions><speed>1.039737</speed><course>341.020393</course><hAcc>1.266266</hAcc><vAcc>0.767711</vAcc></extensions></trkpt>
      <trkpt lon="-117.166721" lat="32.897538"><ele>93.922582</ele><time>2024-08-28T03:10:18Z</time><extensions><speed>1.108893</speed><course>340.700803</course><hAcc>1.256584</hAcc><vAcc>0.765154</vAcc></extensions></trkpt>
      <trkpt lon="-117.166725" lat="32.897548"><ele>93.935086</ele><time>2024-08-28T03:10:19Z</time><extensions><speed>1.284054</speed><course>343.641906</course><hAcc>1.240193</hAcc><vAcc>0.763118</vAcc></extensions></trkpt>
      <trkpt lon="-117.166728" lat="32.897560"><ele>93.948718</ele><time>2024-08-28T03:10:20Z</time><extensions><speed>1.431026</speed><course>344.675279</course><hAcc>1.227676</hAcc><vAcc>0.761555</vAcc></extensions></trkpt>
      <trkpt lon="-117.166732" lat="32.897572"><ele>93.968356</ele><time>2024-08-28T03:10:21Z</time><extensions><speed>1.312629</speed><course>344.631039</course><hAcc>1.230991</hAcc><vAcc>0.760426</vAcc></extensions></trkpt>
      <trkpt lon="-117.166735" lat="32.897583"><ele>93.973853</ele><time>2024-08-28T03:10:22Z</time><extensions><speed>1.271855</speed><course>349.539317</course><hAcc>1.216583</hAcc><vAcc>0.759786</vAcc></extensions></trkpt>
      <trkpt lon="-117.166737" lat="32.897594"><ele>93.980083</ele><time>2024-08-28T03:10:23Z</time><extensions><speed>1.195002</speed><course>355.021812</course><hAcc>1.254930</hAcc><vAcc>0.759301</vAcc></extensions></trkpt>
      <trkpt lon="-117.166739" lat="32.897605"><ele>93.977661</ele><time>2024-08-28T03:10:24Z</time><extensions><speed>1.193213</speed><course>350.221998</course><hAcc>1.228778</hAcc><vAcc>0.759006</vAcc></extensions></trkpt>
      <trkpt lon="-117.166741" lat="32.897615"><ele>93.976931</ele><time>2024-08-28T03:10:25Z</time><extensions><speed>1.181508</speed><course>346.817850</course><hAcc>1.233980</hAcc><vAcc>0.758836</vAcc></extensions></trkpt>
      <trkpt lon="-117.166744" lat="32.897625"><ele>93.969388</ele><time>2024-08-28T03:10:26Z</time><extensions><speed>1.039346</speed><course>345.013532</course><hAcc>1.253239</hAcc><vAcc>0.758743</vAcc></extensions></trkpt>
      <trkpt lon="-117.166747" lat="32.897634"><ele>93.961744</ele><time>2024-08-28T03:10:27Z</time><extensions><speed>0.953577</speed><course>345.314788</course><hAcc>1.272004</hAcc><vAcc>0.758839</vAcc></extensions></trkpt>
      <trkpt lon="-117.166750" lat="32.897642"><ele>93.949825</ele><time>2024-08-28T03:10:28Z</time><extensions><speed>0.946542</speed><course>345.621903</course><hAcc>1.289093</hAcc><vAcc>0.759131</vAcc></extensions></trkpt>
      <trkpt lon="-117.166752" lat="32.897650"><ele>93.931685</ele><time>2024-08-28T03:10:29Z</time><extensions><speed>0.925018</speed><course>343.876357</course><hAcc>1.302325</hAcc><vAcc>0.759980</vAcc></extensions></trkpt>
      <trkpt lon="-117.166755" lat="32.897658"><ele>93.905620</ele><time>2024-08-28T03:10:30Z</time><extensions><speed>0.899253</speed><course>340.040349</course><hAcc>1.304041</hAcc><vAcc>0.761260</vAcc></extensions></trkpt>
      <trkpt lon="-117.166759" lat="32.897666"><ele>93.880266</ele><time>2024-08-28T03:10:31Z</time><extensions><speed>0.955105</speed><course>337.712694</course><hAcc>1.302797</hAcc><vAcc>0.763668</vAcc></extensions></trkpt>
      <trkpt lon="-117.166763" lat="32.897674"><ele>93.849910</ele><time>2024-08-28T03:10:32Z</time><extensions><speed>1.052785</speed><course>336.372168</course><hAcc>1.323031</hAcc><vAcc>0.767124</vAcc></extensions></trkpt>
      <trkpt lon="-117.166768" lat="32.897683"><ele>93.817232</ele><time>2024-08-28T03:10:33Z</time><extensions><speed>1.126702</speed><course>336.294867</course><hAcc>1.331096</hAcc><vAcc>0.771957</vAcc></extensions></trkpt>
      <trkpt lon="-117.166772" lat="32.897692"><ele>93.778000</ele><time>2024-08-28T03:10:34Z</time><extensions><speed>1.106922</speed><course>340.542310</course><hAcc>1.335325</hAcc><vAcc>0.778351</vAcc></extensions></trkpt>
      <trkpt lon="-117.166776" lat="32.897702"><ele>93.731995</ele><time>2024-08-28T03:10:35Z</time><extensions><speed>1.121631</speed><course>344.318877</course><hAcc>1.348162</hAcc><vAcc>0.786189</vAcc></extensions></trkpt>
      <trkpt lon="-117.166779" lat="32.897711"><ele>93.685031</ele><time>2024-08-28T03:10:36Z</time><extensions><speed>1.098278</speed><course>342.292414</course><hAcc>1.352248</hAcc><vAcc>0.795114</vAcc></extensions></trkpt>
      <trkpt lon="-117.166783" lat="32.897720"><ele>93.651417</ele><time>2024-08-28T03:10:37Z</time><extensions><speed>0.999881</speed><course>340.891786</course><hAcc>1.359708</hAcc><vAcc>0.804957</vAcc></extensions></trkpt>
      <trkpt lon="-117.166786" lat="32.897728"><ele>93.615782</ele><time>2024-08-28T03:10:38Z</time><extensions><speed>0.929482</speed><course>339.189531</course><hAcc>1.375432</hAcc><vAcc>0.814637</vAcc></extensions></trkpt>
      <trkpt lon="-117.166790" lat="32.897736"><ele>93.579692</ele><time>2024-08-28T03:10:39Z</time><extensions><speed>0.860438</speed><course>334.324504</course><hAcc>1.396341</hAcc><vAcc>0.825173</vAcc></extensions></trkpt>
      <trkpt lon="-117.166794" lat="32.897743"><ele>93.551897</ele><time>2024-08-28T03:10:40Z</time><extensions><speed>0.949420</speed><course>332.450627</course><hAcc>1.414265</hAcc><vAcc>0.835706</vAcc></extensions></trkpt>
      <trkpt lon="-117.166799" lat="32.897751"><ele>93.525327</ele><time>2024-08-28T03:10:41Z</time><extensions><speed>1.001690</speed><course>329.328259</course><hAcc>1.440216</hAcc><vAcc>0.845873</vAcc></extensions></trkpt>
      <trkpt lon="-117.166805" lat="32.897759"><ele>93.499265</ele><time>2024-08-28T03:10:42Z</time><extensions><speed>1.014639</speed><course>330.738804</course><hAcc>1.456865</hAcc><vAcc>0.855644</vAcc></extensions></trkpt>
      <trkpt lon="-117.166810" lat="32.897767"><ele>93.473771</ele><time>2024-08-28T03:10:43Z</time><extensions><speed>0.979604</speed><course>330.546799</course><hAcc>1.467484</hAcc><vAcc>0.864562</vAcc></extensions></trkpt>
      <trkpt lon="-117.166816" lat="32.897774"><ele>93.461257</ele><time>2024-08-28T03:10:44Z</time><extensions><speed>0.993305</speed><course>325.465938</course><hAcc>1.472634</hAcc><vAcc>0.873073</vAcc></extensions></trkpt>
      <trkpt lon="-117.166823" lat="32.897781"><ele>93.451230</ele><time>2024-08-28T03:10:45Z</time><extensions><speed>1.038444</speed><course>319.199335</course><hAcc>1.472170</hAcc><vAcc>0.880705</vAcc></extensions></trkpt>
      <trkpt lon="-117.166830" lat="32.897788"><ele>93.439296</ele><time>2024-08-28T03:10:46Z</time><extensions><speed>1.103879</speed><course>314.620817</course><hAcc>1.471428</hAcc><vAcc>0.887372</vAcc></extensions></trkpt>
      <trkpt lon="-117.166839" lat="32.897795"><ele>93.426105</ele><time>2024-08-28T03:10:47Z</time><extensions><speed>1.143765</speed><course>310.931801</course><hAcc>1.465131</hAcc><vAcc>0.893016</vAcc></extensions></trkpt>
      <trkpt lon="-117.166848" lat="32.897802"><ele>93.426050</ele><time>2024-08-28T03:10:48Z</time><extensions><speed>1.080795</speed><course>311.992221</course><hAcc>1.468102</hAcc><vAcc>0.898638</vAcc></extensions></trkpt>
      <trkpt lon="-117.166857" lat="32.897808"><ele>93.438815</ele><time>2024-08-28T03:10:49Z</time><extensions><speed>1.118796</speed><course>311.003004</course><hAcc>1.467716</hAcc><vAcc>0.904178</vAcc></extensions></trkpt>
      <trkpt lon="-117.166866" lat="32.897815"><ele>93.454202</ele><time>2024-08-28T03:10:50Z</time><extensions><speed>1.172241</speed><course>309.781787</course><hAcc>1.466904</hAcc><vAcc>0.908014</vAcc></extensions></trkpt>
      <trkpt lon="-117.166876" lat="32.897822"><ele>93.472588</ele><time>2024-08-28T03:10:51Z</time><extensions><speed>1.192523</speed><course>306.898382</course><hAcc>1.468008</hAcc><vAcc>0.911262</vAcc></extensions></trkpt>
      <trkpt lon="-117.166887" lat="32.897828"><ele>93.488381</ele><time>2024-08-28T03:10:52Z</time><extensions><speed>1.184076</speed><course>305.012996</course><hAcc>1.470899</hAcc><vAcc>0.914623</vAcc></extensions></trkpt>
      <trkpt lon="-117.166897" lat="32.897834"><ele>93.506115</ele><time>2024-08-28T03:10:53Z</time><extensions><speed>1.176597</speed><course>304.665538</course><hAcc>1.479015</hAcc><vAcc>0.918994</vAcc></extensions></trkpt>
      <trkpt lon="-117.166907" lat="32.897840"><ele>93.521349</ele><time>2024-08-28T03:10:54Z</time><extensions><speed>1.175604</speed><course>305.348032</course><hAcc>1.493828</hAcc><vAcc>0.923951</vAcc></extensions></trkpt>
      <trkpt lon="-117.166917" lat="32.897846"><ele>93.532429</ele><time>2024-08-28T03:10:55Z</time><extensions><speed>1.136991</speed><course>307.440833</course><hAcc>1.506812</hAcc><vAcc>0.928207</vAcc></extensions></trkpt>
      <trkpt lon="-117.166927" lat="32.897852"><ele>93.547567</ele><time>2024-08-28T03:10:56Z</time><extensions><speed>1.128823</speed><course>306.933947</course><hAcc>1.509349</hAcc><vAcc>0.930320</vAcc></extensions></trkpt>
      <trkpt lon="-117.166937" lat="32.897858"><ele>93.559172</ele><time>2024-08-28T03:10:57Z</time><extensions><speed>1.164915</speed><course>308.203434</course><hAcc>1.515018</hAcc><vAcc>0.930790</vAcc></extensions></trkpt>
      <trkpt lon="-117.166946" lat="32.897865"><ele>93.572384</ele><time>2024-08-28T03:10:58Z</time><extensions><speed>1.173444</speed><course>310.524764</course><hAcc>1.516370</hAcc><vAcc>0.930209</vAcc></extensions></trkpt>
      <trkpt lon="-117.166955" lat="32.897872"><ele>93.584286</ele><time>2024-08-28T03:10:59Z</time><extensions><speed>1.129785</speed><course>312.230863</course><hAcc>1.509295</hAcc><vAcc>0.928231</vAcc></extensions></trkpt>
      <trkpt lon="-117.166964" lat="32.897878"><ele>93.594037</ele><time>2024-08-28T03:11:00Z</time><extensions><speed>1.013419</speed><course>309.810647</course><hAcc>1.508277</hAcc><vAcc>0.924276</vAcc></extensions></trkpt>
      <trkpt lon="-117.166972" lat="32.897883"><ele>93.611194</ele><time>2024-08-28T03:11:01Z</time><extensions><speed>0.900540</speed><course>302.102177</course><hAcc>1.512272</hAcc><vAcc>0.919345</vAcc></extensions></trkpt>
      <trkpt lon="-117.166981" lat="32.897887"><ele>93.630799</ele><time>2024-08-28T03:11:02Z</time><extensions><speed>0.890030</speed><course>295.366772</course><hAcc>1.520619</hAcc><vAcc>0.913524</vAcc></extensions></trkpt>
      <trkpt lon="-117.166990" lat="32.897890"><ele>93.642413</ele><time>2024-08-28T03:11:03Z</time><extensions><speed>0.955043</speed><course>285.451047</course><hAcc>1.528959</hAcc><vAcc>0.907715</vAcc></extensions></trkpt>
      <trkpt lon="-117.167000" lat="32.897891"><ele>93.662556</ele><time>2024-08-28T03:11:04Z</time><extensions><speed>1.007674</speed><course>277.800560</course><hAcc>1.533939</hAcc><vAcc>0.901332</vAcc></extensions></trkpt>
      <trkpt lon="-117.167011" lat="32.897892"><ele>93.676835</ele><time>2024-08-28T03:11:05Z</time><extensions><speed>1.000560</speed><course>272.469634</course><hAcc>1.534015</hAcc><vAcc>0.894487</vAcc></extensions></trkpt>
      <trkpt lon="-117.167021" lat="32.897892"><ele>93.700778</ele><time>2024-08-28T03:11:06Z</time><extensions><speed>0.974129</speed><course>269.444349</course><hAcc>1.533869</hAcc><vAcc>0.887527</vAcc></extensions></trkpt>
      <trkpt lon="-117.167031" lat="32.897892"><ele>93.726265</ele><time>2024-08-28T03:11:07Z</time><extensions><speed>0.951612</speed><course>269.528698</course><hAcc>1.533117</hAcc><vAcc>0.880237</vAcc></extensions></trkpt>
      <trkpt lon="-117.167041" lat="32.897892"><ele>93.773172</ele><time>2024-08-28T03:11:08Z</time><extensions><speed>0.897937</speed><course>269.511246</course><hAcc>1.531645</hAcc><vAcc>0.872553</vAcc></extensions></trkpt>
      <trkpt lon="-117.167050" lat="32.897892"><ele>93.818772</ele><time>2024-08-28T03:11:09Z</time><extensions><speed>0.825140</speed><course>268.026789</course><hAcc>1.525207</hAcc><vAcc>0.865037</vAcc></extensions></trkpt>
      <trkpt lon="-117.167059" lat="32.897892"><ele>93.869254</ele><time>2024-08-28T03:11:10Z</time><extensions><speed>0.769889</speed><course>266.571824</course><hAcc>1.510736</hAcc><vAcc>0.857423</vAcc></extensions></trkpt>
      <trkpt lon="-117.167067" lat="32.897891"><ele>93.915926</ele><time>2024-08-28T03:11:11Z</time><extensions><speed>0.717322</speed><course>261.613593</course><hAcc>1.487037</hAcc><vAcc>0.850651</vAcc></extensions></trkpt>
      <trkpt lon="-117.167074" lat="32.897890"><ele>93.965375</ele><time>2024-08-28T03:11:12Z</time><extensions><speed>0.757813</speed><course>258.121028</course><hAcc>1.489717</hAcc><vAcc>0.844401</vAcc></extensions></trkpt>
      <trkpt lon="-117.167082" lat="32.897888"><ele>94.016199</ele><time>2024-08-28T03:11:13Z</time><extensions><speed>0.769759</speed><course>252.745011</course><hAcc>1.496155</hAcc><vAcc>0.838740</vAcc></extensions></trkpt>
      <trkpt lon="-117.167090" lat="32.897886"><ele>94.070210</ele><time>2024-08-28T03:11:14Z</time><extensions><speed>0.760346</speed><course>246.001162</course><hAcc>1.497335</hAcc><vAcc>0.833832</vAcc></extensions></trkpt>
      <trkpt lon="-117.167097" lat="32.897884"><ele>94.128379</ele><time>2024-08-28T03:11:15Z</time><extensions><speed>0.670194</speed><course>248.265711</course><hAcc>1.506662</hAcc><vAcc>0.828606</vAcc></extensions></trkpt>
      <trkpt lon="-117.167103" lat="32.897883"><ele>94.189703</ele><time>2024-08-28T03:11:16Z</time><extensions><speed>0.415883</speed><course>273.622572</course><hAcc>1.516806</hAcc><vAcc>0.823072</vAcc></extensions></trkpt>
      <trkpt lon="-117.167105" lat="32.897884"><ele>94.247563</ele><time>2024-08-28T03:11:17Z</time><extensions><speed>0.347637</speed><course>339.472673</course><hAcc>1.510348</hAcc><vAcc>0.817078</vAcc></extensions></trkpt>
      <trkpt lon="-117.167106" lat="32.897888"><ele>94.300436</ele><time>2024-08-28T03:11:18Z</time><extensions><speed>0.493285</speed><course>357.481452</course><hAcc>1.515938</hAcc><vAcc>0.810636</vAcc></extensions></trkpt>
      <trkpt lon="-117.167106" lat="32.897892"><ele>94.366180</ele><time>2024-08-28T03:11:19Z</time><extensions><speed>0.484088</speed><course>5.593925</course><hAcc>1.527899</hAcc><vAcc>0.803916</vAcc></extensions></trkpt>
      <trkpt lon="-117.167105" lat="32.897896"><ele>94.424976</ele><time>2024-08-28T03:11:20Z</time><extensions><speed>0.438049</speed><course>9.188457</course><hAcc>1.537188</hAcc><vAcc>0.797178</vAcc></extensions></trkpt>
      <trkpt lon="-117.167105" lat="32.897900"><ele>94.474381</ele><time>2024-08-28T03:11:21Z</time><extensions><speed>0.390983</speed><course>8.576647</course><hAcc>1.533684</hAcc><vAcc>0.790769</vAcc></extensions></trkpt>
      <trkpt lon="-117.167104" lat="32.897903"><ele>94.516232</ele><time>2024-08-28T03:11:22Z</time><extensions><speed>0.273538</speed><course>2.643570</course><hAcc>1.525775</hAcc><vAcc>0.784806</vAcc></extensions></trkpt>
      <trkpt lon="-117.167105" lat="32.897905"><ele>94.544257</ele><time>2024-08-28T03:11:23Z</time><extensions><speed>0.166373</speed><course>325.563469</course><hAcc>1.518841</hAcc><vAcc>0.779477</vAcc></extensions></trkpt>
      <trkpt lon="-117.167107" lat="32.897906"><ele>94.590470</ele><time>2024-08-28T03:11:24Z</time><extensions><speed>0.250455</speed><course>275.275619</course><hAcc>1.513259</hAcc><vAcc>0.774841</vAcc></extensions></trkpt>
      <trkpt lon="-117.167110" lat="32.897905"><ele>94.642393</ele><time>2024-08-28T03:11:25Z</time><extensions><speed>0.427704</speed><course>263.065231</course><hAcc>1.497389</hAcc><vAcc>0.770895</vAcc></extensions></trkpt>
      <trkpt lon="-117.167116" lat="32.897905"><ele>94.691805</ele><time>2024-08-28T03:11:26Z</time><extensions><speed>0.607124</speed><course>263.074454</course><hAcc>1.467215</hAcc><vAcc>0.767619</vAcc></extensions></trkpt>
      <trkpt lon="-117.167123" lat="32.897904"><ele>94.743593</ele><time>2024-08-28T03:11:27Z</time><extensions><speed>0.756194</speed><course>265.630351</course><hAcc>1.429620</hAcc><vAcc>0.764974</vAcc></extensions></trkpt>
      <trkpt lon="-117.167132" lat="32.897904"><ele>94.776677</ele><time>2024-08-28T03:11:28Z</time><extensions><speed>0.917926</speed><course>268.856103</course><hAcc>1.393644</hAcc><vAcc>0.762895</vAcc></extensions></trkpt>
      <trkpt lon="-117.167143" lat="32.897904"><ele>94.803782</ele><time>2024-08-28T03:11:29Z</time><extensions><speed>1.123633</speed><course>273.252435</course><hAcc>1.376021</hAcc><vAcc>0.761300</vAcc></extensions></trkpt>
      <trkpt lon="-117.167155" lat="32.897905"><ele>94.826629</ele><time>2024-08-28T03:11:30Z</time><extensions><speed>1.275066</speed><course>275.840150</course><hAcc>1.368762</hAcc><vAcc>0.760599</vAcc></extensions></trkpt>
      <trkpt lon="-117.167169" lat="32.897906"><ele>94.848289</ele><time>2024-08-28T03:11:31Z</time><extensions><speed>1.189077</speed><course>275.937757</course><hAcc>1.354833</hAcc><vAcc>0.760637</vAcc></extensions></trkpt>
      <trkpt lon="-117.167180" lat="32.897907"><ele>94.861722</ele><time>2024-08-28T03:11:32Z</time><extensions><speed>1.052235</speed><course>275.558899</course><hAcc>1.329787</hAcc><vAcc>0.761815</vAcc></extensions></trkpt>
      <trkpt lon="-117.167192" lat="32.897908"><ele>94.872065</ele><time>2024-08-28T03:11:33Z</time><extensions><speed>1.141745</speed><course>272.776412</course><hAcc>1.301026</hAcc><vAcc>0.763749</vAcc></extensions></trkpt>
      <trkpt lon="-117.167206" lat="32.897909"><ele>94.874895</ele><time>2024-08-28T03:11:34Z</time><extensions><speed>1.447990</speed><course>273.223604</course><hAcc>1.303922</hAcc><vAcc>0.766969</vAcc></extensions></trkpt>
      <trkpt lon="-117.167221" lat="32.897909"><ele>94.873762</ele><time>2024-08-28T03:11:35Z</time><extensions><speed>1.372602</speed><course>274.745178</course><hAcc>1.304308</hAcc><vAcc>0.771678</vAcc></extensions></trkpt>
      <trkpt lon="-117.167234" lat="32.897911"><ele>94.863810</ele><time>2024-08-28T03:11:36Z</time><extensions><speed>1.090058</speed><course>281.908381</course><hAcc>1.303480</hAcc><vAcc>0.777395</vAcc></extensions></trkpt>
      <trkpt lon="-117.167244" lat="32.897914"><ele>94.853460</ele><time>2024-08-28T03:11:37Z</time><extensions><speed>0.899935</speed><course>293.092448</course><hAcc>1.301799</hAcc><vAcc>0.783621</vAcc></extensions></trkpt>
      <trkpt lon="-117.167253" lat="32.897917"><ele>94.837808</ele><time>2024-08-28T03:11:38Z</time><extensions><speed>0.880281</speed><course>302.080624</course><hAcc>1.297530</hAcc><vAcc>0.790508</vAcc></extensions></trkpt>
      <trkpt lon="-117.167261" lat="32.897922"><ele>94.820988</ele><time>2024-08-28T03:11:39Z</time><extensions><speed>0.925419</speed><course>306.697453</course><hAcc>1.309509</hAcc><vAcc>0.797399</vAcc></extensions></trkpt>
      <trkpt lon="-117.167269" lat="32.897927"><ele>94.791536</ele><time>2024-08-28T03:11:40Z</time><extensions><speed>0.983831</speed><course>310.542434</course><hAcc>1.334726</hAcc><vAcc>0.804502</vAcc></extensions></trkpt>
      <trkpt lon="-117.167276" lat="32.897934"><ele>94.770686</ele><time>2024-08-28T03:11:41Z</time><extensions><speed>0.979508</speed><course>318.097409</course><hAcc>1.355173</hAcc><vAcc>0.811359</vAcc></extensions></trkpt>
      <trkpt lon="-117.167283" lat="32.897941"><ele>94.768787</ele><time>2024-08-28T03:11:42Z</time><extensions><speed>1.053761</speed><course>326.099568</course><hAcc>1.369377</hAcc><vAcc>0.817981</vAcc></extensions></trkpt>
      <trkpt lon="-117.167289" lat="32.897949"><ele>94.786815</ele><time>2024-08-28T03:11:43Z</time><extensions><speed>1.117639</speed><course>327.995457</course><hAcc>1.388166</hAcc><vAcc>0.824231</vAcc></extensions></trkpt>
      <trkpt lon="-117.167295" lat="32.897958"><ele>94.810611</ele><time>2024-08-28T03:11:44Z</time><extensions><speed>1.108634</speed><course>327.330110</course><hAcc>1.405245</hAcc><vAcc>0.829860</vAcc></extensions></trkpt>
      <trkpt lon="-117.167302" lat="32.897966"><ele>94.849316</ele><time>2024-08-28T03:11:45Z</time><extensions><speed>1.111658</speed><course>327.980657</course><hAcc>1.423626</hAcc><vAcc>0.834044</vAcc></extensions></trkpt>
      <trkpt lon="-117.167308" lat="32.897974"><ele>94.892251</ele><time>2024-08-28T03:11:46Z</time><extensions><speed>1.089099</speed><course>329.506312</course><hAcc>1.438942</hAcc><vAcc>0.837269</vAcc></extensions></trkpt>
      <trkpt lon="-117.167313" lat="32.897983"><ele>94.950883</ele><time>2024-08-28T03:11:47Z</time><extensions><speed>1.039011</speed><course>334.782207</course><hAcc>1.454684</hAcc><vAcc>0.839511</vAcc></extensions></trkpt>
      <trkpt lon="-117.167317" lat="32.897991"><ele>95.014670</ele><time>2024-08-28T03:11:48Z</time><extensions><speed>1.006419</speed><course>341.862455</course><hAcc>1.466335</hAcc><vAcc>0.841337</vAcc></extensions></trkpt>
      <trkpt lon="-117.167320" lat="32.898000"><ele>95.073847</ele><time>2024-08-28T03:11:49Z</time><extensions><speed>0.996049</speed><course>345.319719</course><hAcc>1.463132</hAcc><vAcc>0.842989</vAcc></extensions></trkpt>
      <trkpt lon="-117.167323" lat="32.898009"><ele>95.134588</ele><time>2024-08-28T03:11:50Z</time><extensions><speed>1.004320</speed><course>348.279936</course><hAcc>1.481904</hAcc><vAcc>0.844647</vAcc></extensions></trkpt>
      <trkpt lon="-117.167325" lat="32.898018"><ele>95.194090</ele><time>2024-08-28T03:11:51Z</time><extensions><speed>0.998558</speed><course>351.466482</course><hAcc>1.509488</hAcc><vAcc>0.846379</vAcc></extensions></trkpt>
      <trkpt lon="-117.167326" lat="32.898027"><ele>95.263996</ele><time>2024-08-28T03:11:52Z</time><extensions><speed>0.937267</speed><course>357.022434</course><hAcc>1.517915</hAcc><vAcc>0.848650</vAcc></extensions></trkpt>
      <trkpt lon="-117.167326" lat="32.898035"><ele>95.330093</ele><time>2024-08-28T03:11:53Z</time><extensions><speed>0.962861</speed><course>358.600780</course><hAcc>1.516432</hAcc><vAcc>0.850980</vAcc></extensions></trkpt>
      <trkpt lon="-117.167326" lat="32.898044"><ele>95.403175</ele><time>2024-08-28T03:11:54Z</time><extensions><speed>0.968100</speed><course>0.667861</course><hAcc>1.523409</hAcc><vAcc>0.853190</vAcc></extensions></trkpt>
      <trkpt lon="-117.167326" lat="32.898052"><ele>95.471007</ele><time>2024-08-28T03:11:55Z</time><extensions><speed>0.865956</speed><course>5.155563</course><hAcc>1.514463</hAcc><vAcc>0.855332</vAcc></extensions></trkpt>
      <trkpt lon="-117.167324" lat="32.898060"><ele>95.516186</ele><time>2024-08-28T03:11:56Z</time><extensions><speed>0.830855</speed><course>9.411870</course><hAcc>1.513291</hAcc><vAcc>0.858231</vAcc></extensions></trkpt>
      <trkpt lon="-117.167323" lat="32.898067"><ele>95.544374</ele><time>2024-08-28T03:11:57Z</time><extensions><speed>0.835931</speed><course>13.923678</course><hAcc>1.514962</hAcc><vAcc>0.859526</vAcc></extensions></trkpt>
      <trkpt lon="-117.167320" lat="32.898074"><ele>95.577335</ele><time>2024-08-28T03:11:58Z</time><extensions><speed>0.847155</speed><course>17.963168</course><hAcc>1.508606</hAcc><vAcc>0.859591</vAcc></extensions></trkpt>
      <trkpt lon="-117.167317" lat="32.898082"><ele>95.587079</ele><time>2024-08-28T03:11:59Z</time><extensions><speed>0.962440</speed><course>20.685027</course><hAcc>1.491500</hAcc><vAcc>0.858593</vAcc></extensions></trkpt>
      <trkpt lon="-117.167313" lat="32.898090"><ele>95.597306</ele><time>2024-08-28T03:12:00Z</time><extensions><speed>1.052913</speed><course>22.537648</course><hAcc>1.481166</hAcc><vAcc>0.856700</vAcc></extensions></trkpt>
      <trkpt lon="-117.167308" lat="32.898098"><ele>95.615833</ele><time>2024-08-28T03:12:01Z</time><extensions><speed>1.032802</speed><course>27.519677</course><hAcc>1.470612</hAcc><vAcc>0.853792</vAcc></extensions></trkpt>
      <trkpt lon="-117.167303" lat="32.898106"><ele>95.620368</ele><time>2024-08-28T03:12:02Z</time><extensions><speed>0.972815</speed><course>33.897940</course><hAcc>1.458417</hAcc><vAcc>0.850016</vAcc></extensions></trkpt>
      <trkpt lon="-117.167296" lat="32.898113"><ele>95.615972</ele><time>2024-08-28T03:12:03Z</time><extensions><speed>0.977879</speed><course>39.616208</course><hAcc>1.439758</hAcc><vAcc>0.845330</vAcc></extensions></trkpt>
      <trkpt lon="-117.167290" lat="32.898119"><ele>95.610352</ele><time>2024-08-28T03:12:04Z</time><extensions><speed>0.884032</speed><course>46.723794</course><hAcc>1.421518</hAcc><vAcc>0.839750</vAcc></extensions></trkpt>
      <trkpt lon="-117.167283" lat="32.898123"><ele>95.600769</ele><time>2024-08-28T03:12:05Z</time><extensions><speed>0.623763</speed><course>69.210247</course><hAcc>1.407779</hAcc><vAcc>0.833676</vAcc></extensions></trkpt>
      <trkpt lon="-117.167278" lat="32.898122"><ele>95.587503</ele><time>2024-08-28T03:12:06Z</time><extensions><speed>0.595012</speed><course>133.884322</course><hAcc>1.402604</hAcc><vAcc>0.826631</vAcc></extensions></trkpt>
      <trkpt lon="-117.167274" lat="32.898116"><ele>95.569455</ele><time>2024-08-28T03:12:07Z</time><extensions><speed>1.040619</speed><course>169.078389</course><hAcc>1.406598</hAcc><vAcc>0.818847</vAcc></extensions></trkpt>
      <trkpt lon="-117.167274" lat="32.898105"><ele>95.543063</ele><time>2024-08-28T03:12:08Z</time><extensions><speed>1.285685</speed><course>183.846749</course><hAcc>1.388786</hAcc><vAcc>0.810996</vAcc></extensions></trkpt>
      <trkpt lon="-117.167276" lat="32.898094"><ele>95.508936</ele><time>2024-08-28T03:12:09Z</time><extensions><speed>1.190355</speed><course>193.944805</course><hAcc>1.379217</hAcc><vAcc>0.803157</vAcc></extensions></trkpt>
      <trkpt lon="-117.167279" lat="32.898085"><ele>95.483472</ele><time>2024-08-28T03:12:10Z</time><extensions><speed>1.062366</speed><course>196.897275</course><hAcc>1.349208</hAcc><vAcc>0.795815</vAcc></extensions></trkpt>
      <trkpt lon="-117.167282" lat="32.898076"><ele>95.461844</ele><time>2024-08-28T03:12:11Z</time><extensions><speed>0.973364</speed><course>197.018566</course><hAcc>1.335735</hAcc><vAcc>0.789238</vAcc></extensions></trkpt>
      <trkpt lon="-117.167285" lat="32.898067"><ele>95.431078</ele><time>2024-08-28T03:12:12Z</time><extensions><speed>0.958878</speed><course>196.519324</course><hAcc>1.335624</hAcc><vAcc>0.783570</vAcc></extensions></trkpt>
      <trkpt lon="-117.167287" lat="32.898059"><ele>95.400665</ele><time>2024-08-28T03:12:13Z</time><extensions><speed>0.986232</speed><course>193.346889</course><hAcc>1.323260</hAcc><vAcc>0.778882</vAcc></extensions></trkpt>
      <trkpt lon="-117.167290" lat="32.898050"><ele>95.365441</ele><time>2024-08-28T03:12:14Z</time><extensions><speed>1.067427</speed><course>190.467916</course><hAcc>1.313751</hAcc><vAcc>0.775010</vAcc></extensions></trkpt>
      <trkpt lon="-117.167291" lat="32.898040"><ele>95.330285</ele><time>2024-08-28T03:12:15Z</time><extensions><speed>1.106609</speed><course>187.600650</course><hAcc>1.313256</hAcc><vAcc>0.771828</vAcc></extensions></trkpt>
      <trkpt lon="-117.167293" lat="32.898031"><ele>95.297125</ele><time>2024-08-28T03:12:16Z</time><extensions><speed>1.036673</speed><course>183.859742</course><hAcc>1.302852</hAcc><vAcc>0.769502</vAcc></extensions></trkpt>
      <trkpt lon="-117.167293" lat="32.898021"><ele>95.263523</ele><time>2024-08-28T03:12:17Z</time><extensions><speed>1.023578</speed><course>181.000416</course><hAcc>1.296617</hAcc><vAcc>0.767870</vAcc></extensions></trkpt>
      <trkpt lon="-117.167293" lat="32.898012"><ele>95.231152</ele><time>2024-08-28T03:12:18Z</time><extensions><speed>1.012723</speed><course>179.539954</course><hAcc>1.293203</hAcc><vAcc>0.767111</vAcc></extensions></trkpt>
      <trkpt lon="-117.167293" lat="32.898003"><ele>95.201327</ele><time>2024-08-28T03:12:19Z</time><extensions><speed>1.017959</speed><course>176.752930</course><hAcc>1.291354</hAcc><vAcc>0.767246</vAcc></extensions></trkpt>
      <trkpt lon="-117.167292" lat="32.897994"><ele>95.172425</ele><time>2024-08-28T03:12:20Z</time><extensions><speed>1.046893</speed><course>172.606164</course><hAcc>1.291476</hAcc><vAcc>0.768710</vAcc></extensions></trkpt>
      <trkpt lon="-117.167290" lat="32.897984"><ele>95.136460</ele><time>2024-08-28T03:12:21Z</time><extensions><speed>1.167295</speed><course>168.631835</course><hAcc>1.287546</hAcc><vAcc>0.771234</vAcc></extensions></trkpt>
      <trkpt lon="-117.167287" lat="32.897973"><ele>95.100274</ele><time>2024-08-28T03:12:22Z</time><extensions><speed>1.220339</speed><course>165.782899</course><hAcc>1.296005</hAcc><vAcc>0.774893</vAcc></extensions></trkpt>
      <trkpt lon="-117.167283" lat="32.897963"><ele>95.065565</ele><time>2024-08-28T03:12:23Z</time><extensions><speed>1.192060</speed><course>159.333833</course><hAcc>1.302822</hAcc><vAcc>0.779767</vAcc></extensions></trkpt>
      <trkpt lon="-117.167278" lat="32.897954"><ele>95.043413</ele><time>2024-08-28T03:12:24Z</time><extensions><speed>1.143914</speed><course>151.828242</course><hAcc>1.314279</hAcc><vAcc>0.784979</vAcc></extensions></trkpt>
      <trkpt lon="-117.167271" lat="32.897945"><ele>95.032637</ele><time>2024-08-28T03:12:25Z</time><extensions><speed>1.175372</speed><course>147.007155</course><hAcc>1.333434</hAcc><vAcc>0.790740</vAcc></extensions></trkpt>
      <trkpt lon="-117.167264" lat="32.897936"><ele>95.020669</ele><time>2024-08-28T03:12:26Z</time><extensions><speed>1.119730</speed><course>142.585713</course><hAcc>1.352121</hAcc><vAcc>0.796650</vAcc></extensions></trkpt>
      <trkpt lon="-117.167257" lat="32.897929"><ele>95.007146</ele><time>2024-08-28T03:12:27Z</time><extensions><speed>0.998602</speed><course>137.443525</course><hAcc>1.366451</hAcc><vAcc>0.802762</vAcc></extensions></trkpt>
      <trkpt lon="-117.167250" lat="32.897923"><ele>94.995867</ele><time>2024-08-28T03:12:28Z</time><extensions><speed>0.914241</speed><course>131.966217</course><hAcc>1.368780</hAcc><vAcc>0.808546</vAcc></extensions></trkpt>
      <trkpt lon="-117.167243" lat="32.897917"><ele>94.988214</ele><time>2024-08-28T03:12:29Z</time><extensions><speed>0.934488</speed><course>129.905157</course><hAcc>1.394452</hAcc><vAcc>0.813652</vAcc></extensions></trkpt>
      <trkpt lon="-117.167234" lat="32.897912"><ele>94.973196</ele><time>2024-08-28T03:12:30Z</time><extensions><speed>1.004442</speed><course>126.622839</course><hAcc>1.406672</hAcc><vAcc>0.816940</vAcc></extensions></trkpt>
      <trkpt lon="-117.167226" lat="32.897907"><ele>94.960786</ele><time>2024-08-28T03:12:31Z</time><extensions><speed>1.029883</speed><course>123.330481</course><hAcc>1.410721</hAcc><vAcc>0.819566</vAcc></extensions></trkpt>
      <trkpt lon="-117.167216" lat="32.897902"><ele>94.933521</ele><time>2024-08-28T03:12:32Z</time><extensions><speed>1.011357</speed><course>120.778429</course><hAcc>1.422478</hAcc><vAcc>0.821075</vAcc></extensions></trkpt>
      <trkpt lon="-117.167207" lat="32.897898"><ele>94.904028</ele><time>2024-08-28T03:12:33Z</time><extensions><speed>0.921837</speed><course>117.645099</course><hAcc>1.431351</hAcc><vAcc>0.821037</vAcc></extensions></trkpt>
      <trkpt lon="-117.167198" lat="32.897895"><ele>94.876340</ele><time>2024-08-28T03:12:34Z</time><extensions><speed>0.911026</speed><course>109.233244</course><hAcc>1.427065</hAcc><vAcc>0.819878</vAcc></extensions></trkpt>
      <trkpt lon="-117.167189" lat="32.897893"><ele>94.849360</ele><time>2024-08-28T03:12:35Z</time><extensions><speed>0.882478</speed><course>102.701616</course><hAcc>1.424267</hAcc><vAcc>0.817483</vAcc></extensions></trkpt>
      <trkpt lon="-117.167180" lat="32.897892"><ele>94.822422</ele><time>2024-08-28T03:12:36Z</time><extensions><speed>0.803997</speed><course>93.277476</course><hAcc>1.431426</hAcc><vAcc>0.814395</vAcc></extensions></trkpt>
      <trkpt lon="-117.167172" lat="32.897892"><ele>94.793581</ele><time>2024-08-28T03:12:37Z</time><extensions><speed>0.795497</speed><course>84.984267</course><hAcc>1.438196</hAcc><vAcc>0.811472</vAcc></extensions></trkpt>
      <trkpt lon="-117.167163" lat="32.897893"><ele>94.761065</ele><time>2024-08-28T03:12:38Z</time><extensions><speed>0.841400</speed><course>80.751155</course><hAcc>1.440327</hAcc><vAcc>0.809060</vAcc></extensions></trkpt>
      <trkpt lon="-117.167154" lat="32.897894"><ele>94.741852</ele><time>2024-08-28T03:12:39Z</time><extensions><speed>0.927396</speed><course>79.142210</course><hAcc>1.447778</hAcc><vAcc>0.806736</vAcc></extensions></trkpt>
      <trkpt lon="-117.167144" lat="32.897896"><ele>94.715697</ele><time>2024-08-28T03:12:40Z</time><extensions><speed>0.908924</speed><course>75.561058</course><hAcc>1.456135</hAcc><vAcc>0.805315</vAcc></extensions></trkpt>
      <trkpt lon="-117.167135" lat="32.897898"><ele>94.681126</ele><time>2024-08-28T03:12:41Z</time><extensions><speed>0.906974</speed><course>69.646924</course><hAcc>1.465111</hAcc><vAcc>0.804382</vAcc></extensions></trkpt>
      <trkpt lon="-117.167127" lat="32.897901"><ele>94.629111</ele><time>2024-08-28T03:12:42Z</time><extensions><speed>0.802720</speed><course>63.960991</course><hAcc>1.468765</hAcc><vAcc>0.803912</vAcc></extensions></trkpt>
      <trkpt lon="-117.167120" lat="32.897905"><ele>94.570305</ele><time>2024-08-28T03:12:43Z</time><extensions><speed>0.758691</speed><course>52.603622</course><hAcc>1.437608</hAcc><vAcc>0.803927</vAcc></extensions></trkpt>
      <trkpt lon="-117.167114" lat="32.897909"><ele>94.506758</ele><time>2024-08-28T03:12:44Z</time><extensions><speed>0.730330</speed><course>49.220309</course><hAcc>1.429313</hAcc><vAcc>0.804597</vAcc></extensions></trkpt>
      <trkpt lon="-117.167107" lat="32.897914"><ele>94.433434</ele><time>2024-08-28T03:12:45Z</time><extensions><speed>0.892694</speed><course>46.827023</course><hAcc>1.421555</hAcc><vAcc>0.806435</vAcc></extensions></trkpt>
      <trkpt lon="-117.167100" lat="32.897920"><ele>94.358666</ele><time>2024-08-28T03:12:46Z</time><extensions><speed>0.924134</speed><course>41.672544</course><hAcc>1.408909</hAcc><vAcc>0.809710</vAcc></extensions></trkpt>
      <trkpt lon="-117.167095" lat="32.897926"><ele>94.285049</ele><time>2024-08-28T03:12:47Z</time><extensions><speed>0.766466</speed><course>32.182851</course><hAcc>1.380597</hAcc><vAcc>0.815078</vAcc></extensions></trkpt>
      <trkpt lon="-117.167090" lat="32.897932"><ele>94.207545</ele><time>2024-08-28T03:12:48Z</time><extensions><speed>0.832797</speed><course>30.664602</course><hAcc>1.388774</hAcc><vAcc>0.822063</vAcc></extensions></trkpt>
      <trkpt lon="-117.167086" lat="32.897939"><ele>94.126874</ele><time>2024-08-28T03:12:49Z</time><extensions><speed>0.889952</speed><course>26.817342</course><hAcc>1.401565</hAcc><vAcc>0.830120</vAcc></extensions></trkpt>
      <trkpt lon="-117.167082" lat="32.897946"><ele>94.040056</ele><time>2024-08-28T03:12:50Z</time><extensions><speed>0.831429</speed><course>20.418433</course><hAcc>1.448420</hAcc><vAcc>0.840097</vAcc></extensions></trkpt>
      <trkpt lon="-117.167080" lat="32.897951"><ele>93.957749</ele><time>2024-08-28T03:12:51Z</time><extensions><speed>0.356319</speed><course>26.822360</course><hAcc>1.426902</hAcc><vAcc>0.851832</vAcc></extensions></trkpt>
      <trkpt lon="-117.167078" lat="32.897952"><ele>93.873519</ele><time>2024-08-28T03:12:52Z</time><extensions><speed>0.190578</speed><course>72.720602</course><hAcc>1.464344</hAcc><vAcc>0.865818</vAcc></extensions></trkpt>
      <trkpt lon="-117.167076" lat="32.897952"><ele>93.797767</ele><time>2024-08-28T03:12:53Z</time><extensions><speed>0.277736</speed><course>113.133601</course><hAcc>1.541808</hAcc><vAcc>0.881410</vAcc></extensions></trkpt>
      <trkpt lon="-117.167072" lat="32.897951"><ele>93.719160</ele><time>2024-08-28T03:12:54Z</time><extensions><speed>0.346094</speed><course>117.605528</course><hAcc>1.632749</hAcc><vAcc>0.898861</vAcc></extensions></trkpt>
      <trkpt lon="-117.167069" lat="32.897950"><ele>93.647991</ele><time>2024-08-28T03:12:55Z</time><extensions><speed>0.350572</speed><course>110.569580</course><hAcc>1.724412</hAcc><vAcc>0.918320</vAcc></extensions></trkpt>
      <trkpt lon="-117.167066" lat="32.897948"><ele>93.578855</ele><time>2024-08-28T03:12:56Z</time><extensions><speed>0.279417</speed><course>112.881912</course><hAcc>1.805648</hAcc><vAcc>0.939724</vAcc></extensions></trkpt>
      <trkpt lon="-117.167063" lat="32.897948"><ele>93.516770</ele><time>2024-08-28T03:12:57Z</time><extensions><speed>0.324169</speed><course>106.516660</course><hAcc>1.817263</hAcc><vAcc>0.963282</vAcc></extensions></trkpt>
      <trkpt lon="-117.167059" lat="32.897947"><ele>93.460499</ele><time>2024-08-28T03:12:58Z</time><extensions><speed>0.327184</speed><course>110.468723</course><hAcc>1.845861</hAcc><vAcc>0.988614</vAcc></extensions></trkpt>
      <trkpt lon="-117.167056" lat="32.897945"><ele>93.398213</ele><time>2024-08-28T03:12:59Z</time><extensions><speed>0.303756</speed><course>111.092749</course><hAcc>1.886135</hAcc><vAcc>1.014407</vAcc></extensions></trkpt>
      <trkpt lon="-117.167053" lat="32.897945"><ele>93.343504</ele><time>2024-08-28T03:13:00Z</time><extensions><speed>0.273988</speed><course>106.198575</course><hAcc>1.926635</hAcc><vAcc>1.039938</vAcc></extensions></trkpt>
      <trkpt lon="-117.167051" lat="32.897944"><ele>93.295045</ele><time>2024-08-28T03:13:01Z</time><extensions><speed>0.196787</speed><course>105.763306</course><hAcc>1.978067</hAcc><vAcc>1.064266</vAcc></extensions></trkpt>
      <trkpt lon="-117.167048" lat="32.897944"><ele>93.250919</ele><time>2024-08-28T03:13:02Z</time><extensions><speed>0.210723</speed><course>99.579519</course><hAcc>1.978180</hAcc><vAcc>1.088821</vAcc></extensions></trkpt>
      <trkpt lon="-117.167046" lat="32.897943"><ele>93.241805</ele><time>2024-08-28T03:13:03Z</time><extensions><speed>0.201658</speed><course>103.724766</course><hAcc>1.994210</hAcc><vAcc>1.112874</vAcc></extensions></trkpt>
      <trkpt lon="-117.167044" lat="32.897943"><ele>93.240351</ele><time>2024-08-28T03:13:04Z</time><extensions><speed>0.188788</speed><course>99.862574</course><hAcc>2.014672</hAcc><vAcc>1.135974</vAcc></extensions></trkpt>
      <trkpt lon="-117.167042" lat="32.897943"><ele>93.260343</ele><time>2024-08-28T03:13:05Z</time><extensions><speed>0.168847</speed><course>103.789613</course><hAcc>2.045244</hAcc><vAcc>1.157282</vAcc></extensions></trkpt>
      <trkpt lon="-117.167040" lat="32.897942"><ele>93.276171</ele><time>2024-08-28T03:13:06Z</time><extensions><speed>0.150885</speed><course>102.864488</course><hAcc>2.076835</hAcc><vAcc>1.180740</vAcc></extensions></trkpt>
      <trkpt lon="-117.167039" lat="32.897942"><ele>93.303073</ele><time>2024-08-28T03:13:07Z</time><extensions><speed>0.130305</speed><course>104.746814</course><hAcc>2.116658</hAcc><vAcc>1.201647</vAcc></extensions></trkpt>
      <trkpt lon="-117.167037" lat="32.897942"><ele>93.330860</ele><time>2024-08-28T03:13:08Z</time><extensions><speed>0.117309</speed><course>95.948348</course><hAcc>2.136052</hAcc><vAcc>1.219673</vAcc></extensions></trkpt>
      <trkpt lon="-117.167036" lat="32.897942"><ele>93.359785</ele><time>2024-08-28T03:13:09Z</time><extensions><speed>0.141000</speed><course>75.912877</course><hAcc>2.116540</hAcc><vAcc>1.240129</vAcc></extensions></trkpt>
      <trkpt lon="-117.167034" lat="32.897942"><ele>93.386202</ele><time>2024-08-28T03:13:10Z</time><extensions><speed>0.149346</speed><course>68.228530</course><hAcc>2.116396</hAcc><vAcc>1.262558</vAcc></extensions></trkpt>
      <trkpt lon="-117.167033" lat="32.897942"><ele>93.415908</ele><time>2024-08-28T03:13:11Z</time><extensions><speed>0.127851</speed><course>79.671914</course><hAcc>2.146212</hAcc><vAcc>1.285364</vAcc></extensions></trkpt>
      <trkpt lon="-117.167032" lat="32.897943"><ele>93.444350</ele><time>2024-08-28T03:13:12Z</time><extensions><speed>0.122641</speed><course>81.174058</course><hAcc>2.167735</hAcc><vAcc>1.308968</vAcc></extensions></trkpt>
      <trkpt lon="-117.167030" lat="32.897943"><ele>93.474519</ele><time>2024-08-28T03:13:13Z</time><extensions><speed>0.132340</speed><course>76.630979</course><hAcc>2.177098</hAcc><vAcc>1.329771</vAcc></extensions></trkpt>
      <trkpt lon="-117.167029" lat="32.897943"><ele>93.506173</ele><time>2024-08-28T03:13:14Z</time><extensions><speed>0.125853</speed><course>83.858907</course><hAcc>2.200013</hAcc><vAcc>1.348080</vAcc></extensions></trkpt>
      <trkpt lon="-117.167027" lat="32.897943"><ele>93.529606</ele><time>2024-08-28T03:13:15Z</time><extensions><speed>0.121169</speed><course>86.562929</course><hAcc>2.222698</hAcc><vAcc>1.367474</vAcc></extensions></trkpt>
      <trkpt lon="-117.167026" lat="32.897943"><ele>93.555824</ele><time>2024-08-28T03:13:16Z</time><extensions><speed>0.113561</speed><course>83.740054</course><hAcc>2.243433</hAcc><vAcc>1.386551</vAcc></extensions></trkpt>
      <trkpt lon="-117.167025" lat="32.897943"><ele>93.576783</ele><time>2024-08-28T03:13:17Z</time><extensions><speed>0.098985</speed><course>93.148132</course><hAcc>2.271549</hAcc><vAcc>1.403671</vAcc></extensions></trkpt>
      <trkpt lon="-117.167024" lat="32.897943"><ele>93.594878</ele><time>2024-08-28T03:13:18Z</time><extensions><speed>0.087535</speed><course>98.613963</course><hAcc>2.303082</hAcc><vAcc>1.418425</vAcc></extensions></trkpt>
      <trkpt lon="-117.167023" lat="32.897943"><ele>93.603811</ele><time>2024-08-28T03:13:19Z</time><extensions><speed>0.076577</speed><course>100.059732</course><hAcc>2.338219</hAcc><vAcc>1.430354</vAcc></extensions></trkpt>
      <trkpt lon="-117.167022" lat="32.897943"><ele>93.588527</ele><time>2024-08-28T03:13:20Z</time><extensions><speed>0.068332</speed><course>97.437358</course><hAcc>2.373468</hAcc><vAcc>1.437387</vAcc></extensions></trkpt>
      <trkpt lon="-117.167021" lat="32.897943"><ele>93.570602</ele><time>2024-08-28T03:13:21Z</time><extensions><speed>0.063213</speed><course>96.570560</course><hAcc>2.409764</hAcc><vAcc>1.438832</vAcc></extensions></trkpt>
      <trkpt lon="-117.167021" lat="32.897943"><ele>93.551887</ele><time>2024-08-28T03:13:22Z</time><extensions><speed>0.061202</speed><course>89.242923</course><hAcc>2.435931</hAcc><vAcc>1.440127</vAcc></extensions></trkpt>
      <trkpt lon="-117.167020" lat="32.897943"><ele>93.518821</ele><time>2024-08-28T03:13:23Z</time><extensions><speed>0.069020</speed><course>79.312738</course><hAcc>2.447435</hAcc><vAcc>1.440799</vAcc></extensions></trkpt>
      <trkpt lon="-117.167019" lat="32.897943"><ele>93.486929</ele><time>2024-08-28T03:13:24Z</time><extensions><speed>0.067902</speed><course>83.862167</course><hAcc>2.463318</hAcc><vAcc>1.442202</vAcc></extensions></trkpt>
      <trkpt lon="-117.167019" lat="32.897943"><ele>93.447639</ele><time>2024-08-28T03:13:25Z</time><extensions><speed>0.070079</speed><course>69.811504</course><hAcc>2.470914</hAcc><vAcc>1.444058</vAcc></extensions></trkpt>
      <trkpt lon="-117.167018" lat="32.897943"><ele>93.406496</ele><time>2024-08-28T03:13:26Z</time><extensions><speed>0.051398</speed><course>72.973796</course><hAcc>2.496232</hAcc><vAcc>1.442704</vAcc></extensions></trkpt>
      <trkpt lon="-117.167018" lat="32.897943"><ele>93.368710</ele><time>2024-08-28T03:13:27Z</time><extensions><speed>0.027862</speed><course>80.730370</course><hAcc>2.515008</hAcc><vAcc>1.440185</vAcc></extensions></trkpt>
      <trkpt lon="-117.167018" lat="32.897943"><ele>93.329018</ele><time>2024-08-28T03:13:28Z</time><extensions><speed>0.022411</speed><course>1.513792</course><hAcc>2.515878</hAcc><vAcc>1.434207</vAcc></extensions></trkpt>
      <trkpt lon="-117.167018" lat="32.897943"><ele>93.289537</ele><time>2024-08-28T03:13:29Z</time><extensions><speed>0.046115</speed><course>321.910381</course><hAcc>2.505900</hAcc><vAcc>1.428802</vAcc></extensions></trkpt>
      <trkpt lon="-117.167019" lat="32.897943"><ele>93.242154</ele><time>2024-08-28T03:13:30Z</time><extensions><speed>0.085874</speed><course>318.297785</course><hAcc>2.491472</hAcc><vAcc>1.422732</vAcc></extensions></trkpt>
      <trkpt lon="-117.167019" lat="32.897944"><ele>93.195106</ele><time>2024-08-28T03:13:31Z</time><extensions><speed>0.103716</speed><course>308.850622</course><hAcc>2.481854</hAcc><vAcc>1.416351</vAcc></extensions></trkpt>
      <trkpt lon="-117.167020" lat="32.897945"><ele>93.149124</ele><time>2024-08-28T03:13:32Z</time><extensions><speed>0.115061</speed><course>300.875388</course><hAcc>2.470580</hAcc><vAcc>1.410942</vAcc></extensions></trkpt>
      <trkpt lon="-117.167022" lat="32.897945"><ele>93.104578</ele><time>2024-08-28T03:13:33Z</time><extensions><speed>0.132410</speed><course>298.841225</course><hAcc>2.445848</hAcc><vAcc>1.407432</vAcc></extensions></trkpt>
      <trkpt lon="-117.167023" lat="32.897946"><ele>93.060785</ele><time>2024-08-28T03:13:34Z</time><extensions><speed>0.123874</speed><course>291.135024</course><hAcc>2.422055</hAcc><vAcc>1.402384</vAcc></extensions></trkpt>
      <trkpt lon="-117.167024" lat="32.897946"><ele>93.022186</ele><time>2024-08-28T03:13:35Z</time><extensions><speed>0.109695</speed><course>285.866388</course><hAcc>2.399383</hAcc><vAcc>1.396994</vAcc></extensions></trkpt>
      <trkpt lon="-117.167025" lat="32.897946"><ele>92.985427</ele><time>2024-08-28T03:13:36Z</time><extensions><speed>0.088166</speed><course>280.276861</course><hAcc>2.387236</hAcc><vAcc>1.391085</vAcc></extensions></trkpt>
      <trkpt lon="-117.167026" lat="32.897946"><ele>92.950698</ele><time>2024-08-28T03:13:37Z</time><extensions><speed>0.055312</speed><course>270.756042</course><hAcc>2.386103</hAcc><vAcc>1.384736</vAcc></extensions></trkpt>
      <trkpt lon="-117.167027" lat="32.897947"><ele>92.918060</ele><time>2024-08-28T03:13:38Z</time><extensions><speed>0.048714</speed><course>274.384223</course><hAcc>2.344872</hAcc><vAcc>1.379498</vAcc></extensions></trkpt>
      <trkpt lon="-117.167027" lat="32.897947"><ele>92.887663</ele><time>2024-08-28T03:13:39Z</time><extensions><speed>0.040518</speed><course>288.303710</course><hAcc>2.309609</hAcc><vAcc>1.373932</vAcc></extensions></trkpt>
      <trkpt lon="-117.167027" lat="32.897947"><ele>92.859596</ele><time>2024-08-28T03:13:40Z</time><extensions><speed>0.035356</speed><course>303.919812</course><hAcc>2.289039</hAcc><vAcc>1.367711</vAcc></extensions></trkpt>
      <trkpt lon="-117.167028" lat="32.897947"><ele>92.833777</ele><time>2024-08-28T03:13:41Z</time><extensions><speed>0.034333</speed><course>314.497838</course><hAcc>2.268114</hAcc><vAcc>1.362221</vAcc></extensions></trkpt>
      <trkpt lon="-117.167028" lat="32.897947"><ele>92.810330</ele><time>2024-08-28T03:13:42Z</time><extensions><speed>0.033817</speed><course>321.759224</course><hAcc>2.248385</hAcc><vAcc>1.356117</vAcc></extensions></trkpt>
      <trkpt lon="-117.167028" lat="32.897948"><ele>92.787626</ele><time>2024-08-28T03:13:43Z</time><extensions><speed>0.033666</speed><course>331.097399</course><hAcc>2.228084</hAcc><vAcc>1.354246</vAcc></extensions></trkpt>
      <trkpt lon="-117.167028" lat="32.897948"><ele>92.775684</ele><time>2024-08-28T03:13:44Z</time><extensions><speed>0.035803</speed><course>338.125657</course><hAcc>2.201874</hAcc><vAcc>1.354857</vAcc></extensions></trkpt>
      <trkpt lon="-117.167028" lat="32.897948"><ele>92.762902</ele><time>2024-08-28T03:13:45Z</time><extensions><speed>0.033068</speed><course>343.737772</course><hAcc>2.185126</hAcc><vAcc>1.356354</vAcc></extensions></trkpt>
      <trkpt lon="-117.167028" lat="32.897949"><ele>92.770258</ele><time>2024-08-28T03:13:46Z</time><extensions><speed>0.026390</speed><course>349.997962</course><hAcc>2.180812</hAcc><vAcc>1.356047</vAcc></extensions></trkpt>
      <trkpt lon="-117.167028" lat="32.897949"><ele>92.780581</ele><time>2024-08-28T03:13:47Z</time><extensions><speed>0.017952</speed><course>359.753704</course><hAcc>2.182364</hAcc><vAcc>1.354300</vAcc></extensions></trkpt>
      <trkpt lon="-117.167028" lat="32.897948"><ele>92.798024</ele><time>2024-08-28T03:13:48Z</time><extensions><speed>0.011461</speed><course>32.853375</course><hAcc>2.178856</hAcc><vAcc>1.349433</vAcc></extensions></trkpt>
      <trkpt lon="-117.167028" lat="32.897948"><ele>92.816231</ele><time>2024-08-28T03:13:49Z</time><extensions><speed>0.014121</speed><course>94.256091</course><hAcc>2.182798</hAcc><vAcc>1.345351</vAcc></extensions></trkpt>
      <trkpt lon="-117.167027" lat="32.897948"><ele>92.841278</ele><time>2024-08-28T03:13:50Z</time><extensions><speed>0.035791</speed><course>120.933303</course><hAcc>2.174170</hAcc><vAcc>1.341595</vAcc></extensions></trkpt>
      <trkpt lon="-117.167027" lat="32.897947"><ele>92.868114</ele><time>2024-08-28T03:13:51Z</time><extensions><speed>0.064727</speed><course>129.415803</course><hAcc>2.189646</hAcc><vAcc>1.337591</vAcc></extensions></trkpt>
      <trkpt lon="-117.167026" lat="32.897946"><ele>92.892435</ele><time>2024-08-28T03:13:52Z</time><extensions><speed>0.097011</speed><course>133.195297</course><hAcc>2.220786</hAcc><vAcc>1.335481</vAcc></extensions></trkpt>
      <trkpt lon="-117.167025" lat="32.897945"><ele>92.919130</ele><time>2024-08-28T03:13:53Z</time><extensions><speed>0.129225</speed><course>134.632525</course><hAcc>2.251714</hAcc><vAcc>1.330722</vAcc></extensions></trkpt>
      <trkpt lon="-117.167024" lat="32.897944"><ele>92.943318</ele><time>2024-08-28T03:13:54Z</time><extensions><speed>0.188964</speed><course>142.786681</course><hAcc>2.283742</hAcc><vAcc>1.324792</vAcc></extensions></trkpt>
      <trkpt lon="-117.167022" lat="32.897942"><ele>92.970326</ele><time>2024-08-28T03:13:55Z</time><extensions><speed>0.264498</speed><course>147.245284</course><hAcc>2.311432</hAcc><vAcc>1.319925</vAcc></extensions></trkpt>
      <trkpt lon="-117.167020" lat="32.897939"><ele>93.007784</ele><time>2024-08-28T03:13:56Z</time><extensions><speed>0.333797</speed><course>149.205718</course><hAcc>2.334568</hAcc><vAcc>1.315218</vAcc></extensions></trkpt>
      <trkpt lon="-117.167017" lat="32.897936"><ele>93.043262</ele><time>2024-08-28T03:13:57Z</time><extensions><speed>0.404507</speed><course>148.557447</course><hAcc>2.340176</hAcc><vAcc>1.311912</vAcc></extensions></trkpt>
      <trkpt lon="-117.167015" lat="32.897933"><ele>93.090542</ele><time>2024-08-28T03:13:58Z</time><extensions><speed>0.454337</speed><course>146.713002</course><hAcc>2.337208</hAcc><vAcc>1.307420</vAcc></extensions></trkpt>
      <trkpt lon="-117.167012" lat="32.897929"><ele>93.132465</ele><time>2024-08-28T03:13:59Z</time><extensions><speed>0.472936</speed><course>144.438783</course><hAcc>2.333350</hAcc><vAcc>1.300328</vAcc></extensions></trkpt>
      <trkpt lon="-117.167008" lat="32.897926"><ele>93.170649</ele><time>2024-08-28T03:14:00Z</time><extensions><speed>0.472568</speed><course>139.992137</course><hAcc>2.322260</hAcc><vAcc>1.291573</vAcc></extensions></trkpt>
      <trkpt lon="-117.167005" lat="32.897923"><ele>93.189404</ele><time>2024-08-28T03:14:01Z</time><extensions><speed>0.460280</speed><course>134.527372</course><hAcc>2.309008</hAcc><vAcc>1.279375</vAcc></extensions></trkpt>
      <trkpt lon="-117.167001" lat="32.897920"><ele>93.206694</ele><time>2024-08-28T03:14:02Z</time><extensions><speed>0.432222</speed><course>127.202052</course><hAcc>2.297869</hAcc><vAcc>1.265388</vAcc></extensions></trkpt>
      <trkpt lon="-117.166998" lat="32.897918"><ele>93.235402</ele><time>2024-08-28T03:14:03Z</time><extensions><speed>0.411675</speed><course>115.784297</course><hAcc>2.281739</hAcc><vAcc>1.246567</vAcc></extensions></trkpt>
      <trkpt lon="-117.166993" lat="32.897917"><ele>93.287885</ele><time>2024-08-28T03:14:04Z</time><extensions><speed>0.394231</speed><course>100.163881</course><hAcc>2.261699</hAcc><vAcc>1.228106</vAcc></extensions></trkpt>
      <trkpt lon="-117.166989" lat="32.897917"><ele>93.358820</ele><time>2024-08-28T03:14:05Z</time><extensions><speed>0.387448</speed><course>81.773986</course><hAcc>2.239634</hAcc><vAcc>1.207520</vAcc></extensions></trkpt>
      <trkpt lon="-117.166985" lat="32.897918"><ele>93.425950</ele><time>2024-08-28T03:14:06Z</time><extensions><speed>0.372920</speed><course>66.013538</course><hAcc>2.219649</hAcc><vAcc>1.183818</vAcc></extensions></trkpt>
      <trkpt lon="-117.166982" lat="32.897920"><ele>93.492114</ele><time>2024-08-28T03:14:07Z</time><extensions><speed>0.337810</speed><course>51.283409</course><hAcc>2.202551</hAcc><vAcc>1.158764</vAcc></extensions></trkpt>
      <trkpt lon="-117.166980" lat="32.897922"><ele>93.567011</ele><time>2024-08-28T03:14:08Z</time><extensions><speed>0.277015</speed><course>37.121692</course><hAcc>2.189750</hAcc><vAcc>1.132275</vAcc></extensions></trkpt>
      <trkpt lon="-117.166979" lat="32.897924"><ele>93.659660</ele><time>2024-08-28T03:14:09Z</time><extensions><speed>0.225187</speed><course>16.039500</course><hAcc>2.179117</hAcc><vAcc>1.103823</vAcc></extensions></trkpt>
      <trkpt lon="-117.166978" lat="32.897926"><ele>93.745636</ele><time>2024-08-28T03:14:10Z</time><extensions><speed>0.299148</speed><course>350.352564</course><hAcc>2.161124</hAcc><vAcc>1.075241</vAcc></extensions></trkpt>
      <trkpt lon="-117.166980" lat="32.897929"><ele>93.832914</ele><time>2024-08-28T03:14:11Z</time><extensions><speed>0.411081</speed><course>331.939457</course><hAcc>2.153185</hAcc><vAcc>1.046190</vAcc></extensions></trkpt>
      <trkpt lon="-117.166982" lat="32.897932"><ele>93.919310</ele><time>2024-08-28T03:14:12Z</time><extensions><speed>0.419944</speed><course>334.989574</course><hAcc>2.135205</hAcc><vAcc>1.016689</vAcc></extensions></trkpt>
      <trkpt lon="-117.166983" lat="32.897936"><ele>94.005947</ele><time>2024-08-28T03:14:13Z</time><extensions><speed>0.379327</speed><course>343.556946</course><hAcc>2.110079</hAcc><vAcc>0.986989</vAcc></extensions></trkpt>
      <trkpt lon="-117.166984" lat="32.897939"><ele>94.084910</ele><time>2024-08-28T03:14:14Z</time><extensions><speed>0.330807</speed><course>350.906626</course><hAcc>2.094966</hAcc><vAcc>0.957495</vAcc></extensions></trkpt>
      <trkpt lon="-117.166984" lat="32.897942"><ele>94.161803</ele><time>2024-08-28T03:14:15Z</time><extensions><speed>0.354874</speed><course>353.366739</course><hAcc>2.079089</hAcc><vAcc>0.928700</vAcc></extensions></trkpt>
      <trkpt lon="-117.166985" lat="32.897945"><ele>94.236187</ele><time>2024-08-28T03:14:16Z</time><extensions><speed>0.390274</speed><course>352.169328</course><hAcc>2.073587</hAcc><vAcc>0.901159</vAcc></extensions></trkpt>
      <trkpt lon="-117.166985" lat="32.897948"><ele>94.306936</ele><time>2024-08-28T03:14:17Z</time><extensions><speed>0.267736</speed><course>354.388477</course><hAcc>2.067619</hAcc><vAcc>0.875447</vAcc></extensions></trkpt>
      <trkpt lon="-117.166986" lat="32.897950"><ele>94.372952</ele><time>2024-08-28T03:14:18Z</time><extensions><speed>0.286133</speed><course>349.463058</course><hAcc>2.047116</hAcc><vAcc>0.852093</vAcc></extensions></trkpt>
      <trkpt lon="-117.166986" lat="32.897952"><ele>94.431158</ele><time>2024-08-28T03:14:19Z</time><extensions><speed>0.181000</speed><course>357.015856</course><hAcc>2.025298</hAcc><vAcc>0.831518</vAcc></extensions></trkpt>
      <trkpt lon="-117.166986" lat="32.897953"><ele>94.486040</ele><time>2024-08-28T03:14:20Z</time><extensions><speed>0.038953</speed><course>71.930994</course><hAcc>2.003272</hAcc><vAcc>0.813973</vAcc></extensions></trkpt>
      <trkpt lon="-117.166986" lat="32.897953"><ele>94.541636</ele><time>2024-08-28T03:14:21Z</time><extensions><speed>0.106888</speed><course>165.395254</course><hAcc>1.984671</hAcc><vAcc>0.799487</vAcc></extensions></trkpt>
      <trkpt lon="-117.166986" lat="32.897951"><ele>94.588588</ele><time>2024-08-28T03:14:22Z</time><extensions><speed>0.196414</speed><course>182.459896</course><hAcc>1.977878</hAcc><vAcc>0.787892</vAcc></extensions></trkpt>
      <trkpt lon="-117.166986" lat="32.897949"><ele>94.623979</ele><time>2024-08-28T03:14:23Z</time><extensions><speed>0.270308</speed><course>191.533975</course><hAcc>1.964987</hAcc><vAcc>0.778886</vAcc></extensions></trkpt>
      <trkpt lon="-117.166987" lat="32.897947"><ele>94.651078</ele><time>2024-08-28T03:14:24Z</time><extensions><speed>0.310918</speed><course>196.568144</course><hAcc>1.940473</hAcc><vAcc>0.772094</vAcc></extensions></trkpt>
      <trkpt lon="-117.166988" lat="32.897944"><ele>94.674367</ele><time>2024-08-28T03:14:25Z</time><extensions><speed>0.336771</speed><course>194.761953</course><hAcc>1.926345</hAcc><vAcc>0.767120</vAcc></extensions></trkpt>
      <trkpt lon="-117.166989" lat="32.897941"><ele>94.696760</ele><time>2024-08-28T03:14:26Z</time><extensions><speed>0.353810</speed><course>193.446767</course><hAcc>1.921179</hAcc><vAcc>0.763586</vAcc></extensions></trkpt>
      <trkpt lon="-117.166989" lat="32.897938"><ele>94.712052</ele><time>2024-08-28T03:14:27Z</time><extensions><speed>0.372614</speed><course>192.442700</course><hAcc>1.923256</hAcc><vAcc>0.761152</vAcc></extensions></trkpt>
      <trkpt lon="-117.166990" lat="32.897934"><ele>94.726244</ele><time>2024-08-28T03:14:28Z</time><extensions><speed>0.384137</speed><course>191.783459</course><hAcc>1.921934</hAcc><vAcc>0.759530</vAcc></extensions></trkpt>
      <trkpt lon="-117.166991" lat="32.897931"><ele>94.728282</ele><time>2024-08-28T03:14:29Z</time><extensions><speed>0.336100</speed><course>191.376033</course><hAcc>1.906012</hAcc><vAcc>0.758489</vAcc></extensions></trkpt>
      <trkpt lon="-117.166992" lat="32.897929"><ele>94.723281</ele><time>2024-08-28T03:14:30Z</time><extensions><speed>0.187389</speed><course>187.801563</course><hAcc>1.892710</hAcc><vAcc>0.757846</vAcc></extensions></trkpt>
      <trkpt lon="-117.166991" lat="32.897927"><ele>94.716738</ele><time>2024-08-28T03:14:31Z</time><extensions><speed>0.087057</speed><course>148.058005</course><hAcc>1.877147</hAcc><vAcc>0.757467</vAcc></extensions></trkpt>
      <trkpt lon="-117.166991" lat="32.897927"><ele>94.698955</ele><time>2024-08-28T03:14:32Z</time><extensions><speed>0.109529</speed><course>81.325416</course><hAcc>1.858187</hAcc><vAcc>0.757254</vAcc></extensions></trkpt>
      <trkpt lon="-117.166989" lat="32.897927"><ele>94.676915</ele><time>2024-08-28T03:14:33Z</time><extensions><speed>0.141175</speed><course>76.855695</course><hAcc>1.860825</hAcc><vAcc>0.757140</vAcc></extensions></trkpt>
      <trkpt lon="-117.166988" lat="32.897926"><ele>94.645027</ele><time>2024-08-28T03:14:34Z</time><extensions><speed>0.203937</speed><course>162.750868</course><hAcc>1.898924</hAcc><vAcc>0.757080</vAcc></extensions></trkpt>
      <trkpt lon="-117.166988" lat="32.897924"><ele>94.613733</ele><time>2024-08-28T03:14:35Z</time><extensions><speed>0.373859</speed><course>177.129400</course><hAcc>1.897231</hAcc><vAcc>0.757046</vAcc></extensions></trkpt>
      <trkpt lon="-117.166988" lat="32.897919"><ele>94.587885</ele><time>2024-08-28T03:14:36Z</time><extensions><speed>0.630611</speed><course>181.381552</course><hAcc>1.861701</hAcc><vAcc>0.757023</vAcc></extensions></trkpt>
      <trkpt lon="-117.166988" lat="32.897913"><ele>94.567151</ele><time>2024-08-28T03:14:37Z</time><extensions><speed>0.790895</speed><course>182.343393</course><hAcc>1.852359</hAcc><vAcc>0.757110</vAcc></extensions></trkpt>
      <trkpt lon="-117.166989" lat="32.897905"><ele>94.556150</ele><time>2024-08-28T03:14:38Z</time><extensions><speed>0.875126</speed><course>182.220911</course><hAcc>1.862986</hAcc><vAcc>0.757254</vAcc></extensions></trkpt>
      <trkpt lon="-117.166989" lat="32.897898"><ele>94.541124</ele><time>2024-08-28T03:14:39Z</time><extensions><speed>0.863281</speed><course>180.923938</course><hAcc>1.871628</hAcc><vAcc>0.757787</vAcc></extensions></trkpt>
      <trkpt lon="-117.166989" lat="32.897890"><ele>94.526546</ele><time>2024-08-28T03:14:40Z</time><extensions><speed>0.734756</speed><course>176.488033</course><hAcc>1.871298</hAcc><vAcc>0.758947</vAcc></extensions></trkpt>
      <trkpt lon="-117.166988" lat="32.897885"><ele>94.518714</ele><time>2024-08-28T03:14:41Z</time><extensions><speed>0.534338</speed><course>161.497082</course><hAcc>1.866036</hAcc><vAcc>0.761191</vAcc></extensions></trkpt>
      <trkpt lon="-117.166985" lat="32.897881"><ele>94.511330</ele><time>2024-08-28T03:14:42Z</time><extensions><speed>0.482720</speed><course>124.104595</course><hAcc>1.868299</hAcc><vAcc>0.764609</vAcc></extensions></trkpt>
      <trkpt lon="-117.166980" lat="32.897880"><ele>94.508030</ele><time>2024-08-28T03:14:43Z</time><extensions><speed>0.520435</speed><course>94.874537</course><hAcc>1.889730</hAcc><vAcc>0.769562</vAcc></extensions></trkpt>
      <trkpt lon="-117.166977" lat="32.897880"><ele>94.507982</ele><time>2024-08-28T03:14:44Z</time><extensions><speed>0.082787</speed><course>94.220763</course><hAcc>1.862002</hAcc><vAcc>0.775830</vAcc></extensions></trkpt>
      <trkpt lon="-117.166977" lat="32.897880"><ele>94.515653</ele><time>2024-08-28T03:14:45Z</time><extensions><speed>0.142892</speed><course>285.313221</course><hAcc>1.823689</hAcc><vAcc>0.783425</vAcc></extensions></trkpt>
      <trkpt lon="-117.166980" lat="32.897880"><ele>94.534337</ele><time>2024-08-28T03:14:46Z</time><extensions><speed>0.335723</speed><course>287.798343</course><hAcc>1.801324</hAcc><vAcc>0.791851</vAcc></extensions></trkpt>
      <trkpt lon="-117.166984" lat="32.897882"><ele>94.557246</ele><time>2024-08-28T03:14:47Z</time><extensions><speed>0.462773</speed><course>289.079740</course><hAcc>1.784052</hAcc><vAcc>0.801255</vAcc></extensions></trkpt>
      <trkpt lon="-117.166990" lat="32.897884"><ele>94.593438</ele><time>2024-08-28T03:14:48Z</time><extensions><speed>0.674383</speed><course>298.155948</course><hAcc>1.763033</hAcc><vAcc>0.811089</vAcc></extensions></trkpt>
      <trkpt lon="-117.166997" lat="32.897887"><ele>94.620990</ele><time>2024-08-28T03:14:49Z</time><extensions><speed>0.890617</speed><course>298.588154</course><hAcc>1.743090</hAcc><vAcc>0.821882</vAcc></extensions></trkpt>
      <trkpt lon="-117.167006" lat="32.897891"><ele>94.632047</ele><time>2024-08-28T03:14:50Z</time><extensions><speed>1.007215</speed><course>294.799595</course><hAcc>1.733435</hAcc><vAcc>0.833418</vAcc></extensions></trkpt>
      <trkpt lon="-117.167016" lat="32.897894"><ele>94.617568</ele><time>2024-08-28T03:14:51Z</time><extensions><speed>1.069243</speed><course>288.164172</course><hAcc>1.718966</hAcc><vAcc>0.844607</vAcc></extensions></trkpt>
      <trkpt lon="-117.167027" lat="32.897897"><ele>94.599310</ele><time>2024-08-28T03:14:52Z</time><extensions><speed>1.105204</speed><course>287.128278</course><hAcc>1.705203</hAcc><vAcc>0.854467</vAcc></extensions></trkpt>
      <trkpt lon="-117.167038" lat="32.897900"><ele>94.574774</ele><time>2024-08-28T03:14:53Z</time><extensions><speed>1.083037</speed><course>289.341405</course><hAcc>1.702536</hAcc><vAcc>0.864591</vAcc></extensions></trkpt>
      <trkpt lon="-117.167049" lat="32.897904"><ele>94.550638</ele><time>2024-08-28T03:14:54Z</time><extensions><speed>1.047489</speed><course>293.797236</course><hAcc>1.706378</hAcc><vAcc>0.873805</vAcc></extensions></trkpt>
      <trkpt lon="-117.167058" lat="32.897908"><ele>94.515643</ele><time>2024-08-28T03:14:55Z</time><extensions><speed>0.976045</speed><course>297.439172</course><hAcc>1.712846</hAcc><vAcc>0.882910</vAcc></extensions></trkpt>
      <trkpt lon="-117.167067" lat="32.897912"><ele>94.480482</ele><time>2024-08-28T03:14:56Z</time><extensions><speed>0.854416</speed><course>298.618804</course><hAcc>1.717555</hAcc><vAcc>0.891358</vAcc></extensions></trkpt>
      <trkpt lon="-117.167074" lat="32.897915"><ele>94.435592</ele><time>2024-08-28T03:14:57Z</time><extensions><speed>0.738611</speed><course>294.138523</course><hAcc>1.727588</hAcc><vAcc>0.899394</vAcc></extensions></trkpt>
      <trkpt lon="-117.167081" lat="32.897918"><ele>94.378358</ele><time>2024-08-28T03:14:58Z</time><extensions><speed>0.621290</speed><course>288.669998</course><hAcc>1.755329</hAcc><vAcc>0.908435</vAcc></extensions></trkpt>
      <trkpt lon="-117.167086" lat="32.897920"><ele>94.314710</ele><time>2024-08-28T03:14:59Z</time><extensions><speed>0.477197</speed><course>305.516923</course><hAcc>1.768200</hAcc><vAcc>0.920008</vAcc></extensions></trkpt>
      <trkpt lon="-117.167089" lat="32.897923"><ele>94.253698</ele><time>2024-08-28T03:15:00Z</time><extensions><speed>0.413741</speed><course>345.407896</course><hAcc>1.792134</hAcc><vAcc>0.933119</vAcc></extensions></trkpt>
      <trkpt lon="-117.167088" lat="32.897927"><ele>94.190773</ele><time>2024-08-28T03:15:01Z</time><extensions><speed>0.512727</speed><course>17.895549</course><hAcc>1.807452</hAcc><vAcc>0.947827</vAcc></extensions></trkpt>
      <trkpt lon="-117.167086" lat="32.897931"><ele>94.127350</ele><time>2024-08-28T03:15:02Z</time><extensions><speed>0.569371</speed><course>36.953183</course><hAcc>1.816205</hAcc><vAcc>0.964535</vAcc></extensions></trkpt>
      <trkpt lon="-117.167082" lat="32.897935"><ele>94.064840</ele><time>2024-08-28T03:15:03Z</time><extensions><speed>0.512180</speed><course>48.062091</course><hAcc>1.854841</hAcc><vAcc>0.983467</vAcc></extensions></trkpt>
      <trkpt lon="-117.167078" lat="32.897937"><ele>94.004467</ele><time>2024-08-28T03:15:04Z</time><extensions><speed>0.419757</speed><course>53.676485</course><hAcc>1.901008</hAcc><vAcc>1.003437</vAcc></extensions></trkpt>
      <trkpt lon="-117.167074" lat="32.897940"><ele>93.949954</ele><time>2024-08-28T03:15:05Z</time><extensions><speed>0.456577</speed><course>56.665908</course><hAcc>1.905076</hAcc><vAcc>1.024054</vAcc></extensions></trkpt>
      <trkpt lon="-117.167070" lat="32.897942"><ele>93.896644</ele><time>2024-08-28T03:15:06Z</time><extensions><speed>0.433737</speed><course>57.019055</course><hAcc>1.920783</hAcc><vAcc>1.045668</vAcc></extensions></trkpt>
      <trkpt lon="-117.167066" lat="32.897944"><ele>93.848784</ele><time>2024-08-28T03:15:07Z</time><extensions><speed>0.422982</speed><course>53.494177</course><hAcc>1.944516</hAcc><vAcc>1.066839</vAcc></extensions></trkpt>
      <trkpt lon="-117.167062" lat="32.897946"><ele>93.803671</ele><time>2024-08-28T03:15:08Z</time><extensions><speed>0.372855</speed><course>52.410734</course><hAcc>1.975202</hAcc><vAcc>1.083683</vAcc></extensions></trkpt>
      <trkpt lon="-117.167059" lat="32.897948"><ele>93.774481</ele><time>2024-08-28T03:15:09Z</time><extensions><speed>0.278926</speed><course>56.643547</course><hAcc>2.009049</hAcc><vAcc>1.093950</vAcc></extensions></trkpt>
      <trkpt lon="-117.167057" lat="32.897949"><ele>93.748753</ele><time>2024-08-28T03:15:10Z</time><extensions><speed>0.202090</speed><course>63.983773</course><hAcc>2.040396</hAcc><vAcc>1.105750</vAcc></extensions></trkpt>
      <trkpt lon="-117.167055" lat="32.897949"><ele>93.728301</ele><time>2024-08-28T03:15:11Z</time><extensions><speed>0.127438</speed><course>82.332483</course><hAcc>2.079955</hAcc><vAcc>1.115361</vAcc></extensions></trkpt>
      <trkpt lon="-117.167054" lat="32.897949"><ele>93.710708</ele><time>2024-08-28T03:15:12Z</time><extensions><speed>0.105315</speed><course>98.263608</course><hAcc>2.108168</hAcc><vAcc>1.125110</vAcc></extensions></trkpt>
      <trkpt lon="-117.167052" lat="32.897948"><ele>93.696812</ele><time>2024-08-28T03:15:13Z</time><extensions><speed>0.114298</speed><course>105.975786</course><hAcc>2.127053</hAcc><vAcc>1.133193</vAcc></extensions></trkpt>
      <trkpt lon="-117.167051" lat="32.897948"><ele>93.685719</ele><time>2024-08-28T03:15:14Z</time><extensions><speed>0.127558</speed><course>106.238038</course><hAcc>2.145590</hAcc><vAcc>1.141371</vAcc></extensions></trkpt>
      <trkpt lon="-117.167049" lat="32.897948"><ele>93.677767</ele><time>2024-08-28T03:15:15Z</time><extensions><speed>0.202321</speed><course>101.181541</course><hAcc>2.127147</hAcc><vAcc>1.148647</vAcc></extensions></trkpt>
      <trkpt lon="-117.167047" lat="32.897947"><ele>93.672014</ele><time>2024-08-28T03:15:16Z</time><extensions><speed>0.267446</speed><course>96.901855</course><hAcc>2.122420</hAcc><vAcc>1.154837</vAcc></extensions></trkpt>
      <trkpt lon="-117.167043" lat="32.897947"><ele>93.670298</ele><time>2024-08-28T03:15:17Z</time><extensions><speed>0.293075</speed><course>100.247139</course><hAcc>2.136253</hAcc><vAcc>1.161861</vAcc></extensions></trkpt>
      <trkpt lon="-117.167040" lat="32.897946"><ele>93.667576</ele><time>2024-08-28T03:15:18Z</time><extensions><speed>0.308799</speed><course>104.082488</course><hAcc>2.138992</hAcc><vAcc>1.169862</vAcc></extensions></trkpt>
      <trkpt lon="-117.167036" lat="32.897945"><ele>93.666743</ele><time>2024-08-28T03:15:19Z</time><extensions><speed>0.297654</speed><course>109.823837</course><hAcc>2.135523</hAcc><vAcc>1.176875</vAcc></extensions></trkpt>
      <trkpt lon="-117.167034" lat="32.897944"><ele>93.667101</ele><time>2024-08-28T03:15:20Z</time><extensions><speed>0.253441</speed><course>115.402522</course><hAcc>2.141641</hAcc><vAcc>1.188695</vAcc></extensions></trkpt>
      <trkpt lon="-117.167031" lat="32.897943"><ele>93.668517</ele><time>2024-08-28T03:15:21Z</time><extensions><speed>0.200632</speed><course>118.776463</course><hAcc>2.154031</hAcc><vAcc>1.202345</vAcc></extensions></trkpt>
      <trkpt lon="-117.167029" lat="32.897942"><ele>93.670693</ele><time>2024-08-28T03:15:22Z</time><extensions><speed>0.169057</speed><course>118.841966</course><hAcc>2.160795</hAcc><vAcc>1.217604</vAcc></extensions></trkpt>
      <trkpt lon="-117.167027" lat="32.897942"><ele>93.673364</ele><time>2024-08-28T03:15:23Z</time><extensions><speed>0.165626</speed><course>116.792421</course><hAcc>2.160762</hAcc><vAcc>1.234545</vAcc></extensions></trkpt>
      <trkpt lon="-117.167026" lat="32.897941"><ele>93.676325</ele><time>2024-08-28T03:15:24Z</time><extensions><speed>0.182117</speed><course>113.814237</course><hAcc>2.161830</hAcc><vAcc>1.253019</vAcc></extensions></trkpt>
      <trkpt lon="-117.167024" lat="32.897940"><ele>93.679438</ele><time>2024-08-28T03:15:25Z</time><extensions><speed>0.195453</speed><course>110.058030</course><hAcc>2.167230</hAcc><vAcc>1.271372</vAcc></extensions></trkpt>
      <trkpt lon="-117.167021" lat="32.897940"><ele>93.682551</ele><time>2024-08-28T03:15:26Z</time><extensions><speed>0.232450</speed><course>104.706087</course><hAcc>2.160840</hAcc><vAcc>1.291360</vAcc></extensions></trkpt>
      <trkpt lon="-117.167019" lat="32.897939"><ele>93.708192</ele><time>2024-08-28T03:15:27Z</time><extensions><speed>0.217366</speed><course>101.769541</course><hAcc>2.189089</hAcc><vAcc>1.312391</vAcc></extensions></trkpt>
      <trkpt lon="-117.167017" lat="32.897939"><ele>93.735522</ele><time>2024-08-28T03:15:28Z</time><extensions><speed>0.143165</speed><course>107.152546</course><hAcc>2.247154</hAcc><vAcc>1.333280</vAcc></extensions></trkpt>
      <trkpt lon="-117.167015" lat="32.897938"><ele>93.764086</ele><time>2024-08-28T03:15:29Z</time><extensions><speed>0.117807</speed><course>110.319327</course><hAcc>2.270653</hAcc><vAcc>1.354577</vAcc></extensions></trkpt>
      <trkpt lon="-117.167014" lat="32.897938"><ele>93.795571</ele><time>2024-08-28T03:15:30Z</time><extensions><speed>0.100520</speed><course>111.800376</course><hAcc>2.289544</hAcc><vAcc>1.374357</vAcc></extensions></trkpt>
      <trkpt lon="-117.167013" lat="32.897937"><ele>93.827895</ele><time>2024-08-28T03:15:31Z</time><extensions><speed>0.086065</speed><course>112.577228</course><hAcc>2.308281</hAcc><vAcc>1.393432</vAcc></extensions></trkpt>
      <trkpt lon="-117.167012" lat="32.897937"><ele>93.856010</ele><time>2024-08-28T03:15:32Z</time><extensions><speed>0.100795</speed><course>113.223331</course><hAcc>2.306038</hAcc><vAcc>1.410362</vAcc></extensions></trkpt>
      <trkpt lon="-117.167011" lat="32.897937"><ele>93.885845</ele><time>2024-08-28T03:15:33Z</time><extensions><speed>0.104628</speed><course>113.694948</course><hAcc>2.319359</hAcc><vAcc>1.424376</vAcc></extensions></trkpt>
      <trkpt lon="-117.167010" lat="32.897936"><ele>93.916088</ele><time>2024-08-28T03:15:34Z</time><extensions><speed>0.104506</speed><course>113.759794</course><hAcc>2.342514</hAcc><vAcc>1.433078</vAcc></extensions></trkpt>
      <trkpt lon="-117.167008" lat="32.897936"><ele>93.956603</ele><time>2024-08-28T03:15:35Z</time><extensions><speed>0.101976</speed><course>113.628772</course><hAcc>2.368083</hAcc><vAcc>1.443082</vAcc></extensions></trkpt>
      <trkpt lon="-117.167007" lat="32.897935"><ele>93.998799</ele><time>2024-08-28T03:15:36Z</time><extensions><speed>0.094318</speed><course>113.144195</course><hAcc>2.401337</hAcc><vAcc>1.451082</vAcc></extensions></trkpt>
      <trkpt lon="-117.167006" lat="32.897935"><ele>94.040245</ele><time>2024-08-28T03:15:37Z</time><extensions><speed>0.071519</speed><course>111.899426</course><hAcc>2.442792</hAcc><vAcc>1.458211</vAcc></extensions></trkpt>
      <trkpt lon="-117.167006" lat="32.897935"><ele>94.080283</ele><time>2024-08-28T03:15:38Z</time><extensions><speed>0.068242</speed><course>107.630071</course><hAcc>2.450482</hAcc><vAcc>1.465988</vAcc></extensions></trkpt>
      <trkpt lon="-117.167005" lat="32.897935"><ele>94.118826</ele><time>2024-08-28T03:15:39Z</time><extensions><speed>0.088610</speed><course>98.274894</course><hAcc>2.434419</hAcc><vAcc>1.474899</vAcc></extensions></trkpt>
      <trkpt lon="-117.167004" lat="32.897934"><ele>94.156542</ele><time>2024-08-28T03:15:40Z</time><extensions><speed>0.089578</speed><course>105.965875</course><hAcc>2.452479</hAcc><vAcc>1.482228</vAcc></extensions></trkpt>
      <trkpt lon="-117.167003" lat="32.897934"><ele>94.193015</ele><time>2024-08-28T03:15:41Z</time><extensions><speed>0.088799</speed><course>106.819539</course><hAcc>2.480419</hAcc><vAcc>1.488955</vAcc></extensions></trkpt>
      <trkpt lon="-117.167002" lat="32.897934"><ele>94.227976</ele><time>2024-08-28T03:15:42Z</time><extensions><speed>0.086453</speed><course>101.971780</course><hAcc>2.502095</hAcc><vAcc>1.496233</vAcc></extensions></trkpt>
      <trkpt lon="-117.167001" lat="32.897934"><ele>94.261605</ele><time>2024-08-28T03:15:43Z</time><extensions><speed>0.077103</speed><course>94.156048</course><hAcc>2.515113</hAcc><vAcc>1.502212</vAcc></extensions></trkpt>
      <trkpt lon="-117.167000" lat="32.897934"><ele>94.293510</ele><time>2024-08-28T03:15:44Z</time><extensions><speed>0.079853</speed><course>88.226816</course><hAcc>2.506534</hAcc><vAcc>1.510116</vAcc></extensions></trkpt>
      <trkpt lon="-117.166999" lat="32.897934"><ele>94.323819</ele><time>2024-08-28T03:15:45Z</time><extensions><speed>0.069832</speed><course>83.015390</course><hAcc>2.519869</hAcc><vAcc>1.517602</vAcc></extensions></trkpt>
      <trkpt lon="-117.166998" lat="32.897934"><ele>94.352403</ele><time>2024-08-28T03:15:46Z</time><extensions><speed>0.046305</speed><course>95.213325</course><hAcc>2.551678</hAcc><vAcc>1.524960</vAcc></extensions></trkpt>
      <trkpt lon="-117.166998" lat="32.897934"><ele>94.371109</ele><time>2024-08-28T03:15:47Z</time><extensions><speed>0.041561</speed><course>101.374598</course><hAcc>2.562408</hAcc><vAcc>1.534785</vAcc></extensions></trkpt>
      <trkpt lon="-117.166997" lat="32.897934"><ele>94.388866</ele><time>2024-08-28T03:15:48Z</time><extensions><speed>0.037791</speed><course>102.405978</course><hAcc>2.568498</hAcc><vAcc>1.539991</vAcc></extensions></trkpt>
      <trkpt lon="-117.166996" lat="32.897934"><ele>94.405554</ele><time>2024-08-28T03:15:49Z</time><extensions><speed>0.039223</speed><course>101.606330</course><hAcc>2.575078</hAcc><vAcc>1.550430</vAcc></extensions></trkpt>
      <trkpt lon="-117.166996" lat="32.897934"><ele>94.420502</ele><time>2024-08-28T03:15:50Z</time><extensions><speed>0.030965</speed><course>99.910706</course><hAcc>2.605526</hAcc><vAcc>1.562700</vAcc></extensions></trkpt>
      <trkpt lon="-117.166995" lat="32.897934"><ele>94.434596</ele><time>2024-08-28T03:15:51Z</time><extensions><speed>0.029620</speed><course>97.284872</course><hAcc>2.621146</hAcc><vAcc>1.572854</vAcc></extensions></trkpt>
      <trkpt lon="-117.166995" lat="32.897934"><ele>94.442156</ele><time>2024-08-28T03:15:52Z</time><extensions><speed>0.031275</speed><course>94.074850</course><hAcc>2.620949</hAcc><vAcc>1.582668</vAcc></extensions></trkpt>
      <trkpt lon="-117.166995" lat="32.897934"><ele>94.454660</ele><time>2024-08-28T03:15:53Z</time><extensions><speed>0.041087</speed><course>89.581024</course><hAcc>2.603952</hAcc><vAcc>1.586774</vAcc></extensions></trkpt>
      <trkpt lon="-117.166994" lat="32.897933"><ele>94.436444</ele><time>2024-08-28T03:15:54Z</time><extensions><speed>0.045520</speed><course>85.747042</course><hAcc>2.604548</hAcc><vAcc>1.587486</vAcc></extensions></trkpt>
      <trkpt lon="-117.166994" lat="32.897933"><ele>94.420431</ele><time>2024-08-28T03:15:55Z</time><extensions><speed>0.049162</speed><course>79.066039</course><hAcc>2.613708</hAcc><vAcc>1.583144</vAcc></extensions></trkpt>
      <trkpt lon="-117.166994" lat="32.897934"><ele>94.405034</ele><time>2024-08-28T03:15:56Z</time><extensions><speed>0.055652</speed><course>65.353652</course><hAcc>2.616681</hAcc><vAcc>1.580867</vAcc></extensions></trkpt>
      <trkpt lon="-117.166993" lat="32.897934"><ele>94.388731</ele><time>2024-08-28T03:15:57Z</time><extensions><speed>0.075388</speed><course>43.260937</course><hAcc>2.615052</hAcc><vAcc>1.577673</vAcc></extensions></trkpt>
      <trkpt lon="-117.166993" lat="32.897934"><ele>94.371309</ele><time>2024-08-28T03:15:58Z</time><extensions><speed>0.036751</speed><course>50.400425</course><hAcc>2.632311</hAcc><vAcc>1.572555</vAcc></extensions></trkpt>
      <trkpt lon="-117.166992" lat="32.897934"><ele>94.353217</ele><time>2024-08-28T03:15:59Z</time><extensions><speed>0.018089</speed><course>36.171558</course><hAcc>2.635744</hAcc><vAcc>1.566239</vAcc></extensions></trkpt>
      <trkpt lon="-117.166992" lat="32.897934"><ele>94.334341</ele><time>2024-08-28T03:16:00Z</time><extensions><speed>0.023657</speed><course>358.466513</course><hAcc>2.618050</hAcc><vAcc>1.557711</vAcc></extensions></trkpt>
      <trkpt lon="-117.166992" lat="32.897934"><ele>94.315258</ele><time>2024-08-28T03:16:01Z</time><extensions><speed>0.017231</speed><course>316.943277</course><hAcc>2.605115</hAcc><vAcc>1.548560</vAcc></extensions></trkpt>
      <trkpt lon="-117.166993" lat="32.897935"><ele>94.295997</ele><time>2024-08-28T03:16:02Z</time><extensions><speed>0.026183</speed><course>325.530185</course><hAcc>2.588568</hAcc><vAcc>1.538465</vAcc></extensions></trkpt>
      <trkpt lon="-117.166993" lat="32.897935"><ele>94.276823</ele><time>2024-08-28T03:16:03Z</time><extensions><speed>0.018642</speed><course>310.079635</course><hAcc>2.575221</hAcc><vAcc>1.528251</vAcc></extensions></trkpt>
      <trkpt lon="-117.166993" lat="32.897935"><ele>94.257861</ele><time>2024-08-28T03:16:04Z</time><extensions><speed>0.035415</speed><course>344.655333</course><hAcc>2.538273</hAcc><vAcc>1.517931</vAcc></extensions></trkpt>
      <trkpt lon="-117.166993" lat="32.897935"><ele>94.239117</ele><time>2024-08-28T03:16:05Z</time><extensions><speed>0.012914</speed><course>256.061994</course><hAcc>2.518474</hAcc><vAcc>1.505897</vAcc></extensions></trkpt>
      <trkpt lon="-117.166993" lat="32.897935"><ele>94.220970</ele><time>2024-08-28T03:16:06Z</time><extensions><speed>0.020987</speed><course>216.530864</course><hAcc>2.501690</hAcc><vAcc>1.494158</vAcc></extensions></trkpt>
      <trkpt lon="-117.166993" lat="32.897935"><ele>94.203521</ele><time>2024-08-28T03:16:07Z</time><extensions><speed>0.023042</speed><course>208.869139</course><hAcc>2.481829</hAcc><vAcc>1.482664</vAcc></extensions></trkpt>
      <trkpt lon="-117.166993" lat="32.897935"><ele>94.186873</ele><time>2024-08-28T03:16:08Z</time><extensions><speed>0.021665</speed><course>206.109575</course><hAcc>2.458029</hAcc><vAcc>1.471798</vAcc></extensions></trkpt>
      <trkpt lon="-117.166994" lat="32.897934"><ele>94.171073</ele><time>2024-08-28T03:16:09Z</time><extensions><speed>0.019081</speed><course>204.871221</course><hAcc>2.431413</hAcc><vAcc>1.460789</vAcc></extensions></trkpt>
      <trkpt lon="-117.166994" lat="32.897934"><ele>94.156144</ele><time>2024-08-28T03:16:10Z</time><extensions><speed>0.016181</speed><course>204.259521</course><hAcc>2.403968</hAcc><vAcc>1.444573</vAcc></extensions></trkpt>
      <trkpt lon="-117.166994" lat="32.897934"><ele>94.142190</ele><time>2024-08-28T03:16:11Z</time><extensions><speed>0.013402</speed><course>203.941311</course><hAcc>2.376958</hAcc><vAcc>1.433004</vAcc></extensions></trkpt>
      <trkpt lon="-117.166994" lat="32.897934"><ele>94.129133</ele><time>2024-08-28T03:16:12Z</time><extensions><speed>0.010983</speed><course>203.771562</course><hAcc>2.350616</hAcc><vAcc>1.428580</vAcc></extensions></trkpt>
      <trkpt lon="-117.166994" lat="32.897934"><ele>94.117036</ele><time>2024-08-28T03:16:13Z</time><extensions><speed>0.008810</speed><course>203.679896</course><hAcc>2.327347</hAcc><vAcc>1.425608</vAcc></extensions></trkpt>
      <trkpt lon="-117.166994" lat="32.897934"><ele>94.105937</ele><time>2024-08-28T03:16:14Z</time><extensions><speed>0.006942</speed><course>203.629616</course><hAcc>2.306664</hAcc><vAcc>1.422372</vAcc></extensions></trkpt>
      <trkpt lon="-117.166994" lat="32.897934"><ele>94.095786</ele><time>2024-08-28T03:16:15Z</time><extensions><speed>0.005433</speed><course>203.601891</course><hAcc>2.285073</hAcc><vAcc>1.420167</vAcc></extensions></trkpt>
      <trkpt lon="-117.166994" lat="32.897934"><ele>94.086497</ele><time>2024-08-28T03:16:16Z</time><extensions><speed>0.004490</speed><course>203.587139</course><hAcc>2.258600</hAcc><vAcc>1.420933</vAcc></extensions></trkpt>
      <trkpt lon="-117.166994" lat="32.897934"><ele>94.078239</ele><time>2024-08-28T03:16:17Z</time><extensions><speed>0.003566</speed><course>203.579616</course><hAcc>2.236527</hAcc><vAcc>1.418654</vAcc></extensions></trkpt>
      <trkpt lon="-117.166994" lat="32.897934"><ele>94.070841</ele><time>2024-08-28T03:16:18Z</time><extensions><speed>0.002888</speed><course>203.575724</course><hAcc>2.214830</hAcc><vAcc>1.416503</vAcc></extensions></trkpt>
      <trkpt lon="-117.166994" lat="32.897934"><ele>94.064222</ele><time>2024-08-28T03:16:19Z</time><extensions><speed>0.002337</speed><course>203.573782</course><hAcc>2.196401</hAcc><vAcc>1.415304</vAcc></extensions></trkpt>
      <trkpt lon="-117.166994" lat="32.897934"><ele>94.058342</ele><time>2024-08-28T03:16:20Z</time><extensions><speed>0.001792</speed><course>203.572812</course><hAcc>2.187749</hAcc><vAcc>1.414872</vAcc></extensions></trkpt>
      <trkpt lon="-117.166994" lat="32.897934"><ele>94.053133</ele><time>2024-08-28T03:16:21Z</time><extensions><speed>0.001393</speed><course>203.572326</course><hAcc>2.185306</hAcc><vAcc>1.415619</vAcc></extensions></trkpt>
      <trkpt lon="-117.166994" lat="32.897934"><ele>94.048564</ele><time>2024-08-28T03:16:22Z</time><extensions><speed>0.001018</speed><course>203.572087</course><hAcc>2.193082</hAcc><vAcc>1.416924</vAcc></extensions></trkpt>
      <trkpt lon="-117.166994" lat="32.897934"><ele>94.044603</ele><time>2024-08-28T03:16:23Z</time><extensions><speed>0.000806</speed><course>203.571973</course><hAcc>2.200014</hAcc><vAcc>1.417885</vAcc></extensions></trkpt>
      <trkpt lon="-117.166994" lat="32.897934"><ele>94.041143</ele><time>2024-08-28T03:16:24Z</time><extensions><speed>0.000672</speed><course>203.571923</course><hAcc>2.208179</hAcc><vAcc>1.420086</vAcc></extensions></trkpt>
      <trkpt lon="-117.166995" lat="32.897934"><ele>94.014261</ele><time>2024-08-28T03:16:25Z</time><extensions><speed>0.020655</speed><course>277.144723</course><hAcc>2.212029</hAcc><vAcc>1.421878</vAcc></extensions></trkpt>
      <trkpt lon="-117.166996" lat="32.897934"><ele>93.986610</ele><time>2024-08-28T03:16:26Z</time><extensions><speed>0.055351</speed><course>278.101991</course><hAcc>2.204714</hAcc><vAcc>1.422471</vAcc></extensions></trkpt>
      <trkpt lon="-117.166998" lat="32.897934"><ele>93.958281</ele><time>2024-08-28T03:16:27Z</time><extensions><speed>0.093101</speed><course>278.402625</course><hAcc>2.220691</hAcc><vAcc>1.421572</vAcc></extensions></trkpt>
      <trkpt lon="-117.167000" lat="32.897934"><ele>93.929728</ele><time>2024-08-28T03:16:28Z</time><extensions><speed>0.133387</speed><course>278.547665</course><hAcc>2.249263</hAcc><vAcc>1.419629</vAcc></extensions></trkpt>
      <trkpt lon="-117.167002" lat="32.897935"><ele>93.901326</ele><time>2024-08-28T03:16:29Z</time><extensions><speed>0.177503</speed><course>278.629835</course><hAcc>2.276826</hAcc><vAcc>1.417354</vAcc></extensions></trkpt>
      <trkpt lon="-117.167005" lat="32.897935"><ele>93.874716</ele><time>2024-08-28T03:16:30Z</time><extensions><speed>0.225866</speed><course>278.679249</course><hAcc>2.298530</hAcc><vAcc>1.419559</vAcc></extensions></trkpt>
      <trkpt lon="-117.167008" lat="32.897935"><ele>93.848236</ele><time>2024-08-28T03:16:31Z</time><extensions><speed>0.279890</speed><course>278.709840</course><hAcc>2.312405</hAcc><vAcc>1.422998</vAcc></extensions></trkpt>
      <trkpt lon="-117.167011" lat="32.897936"><ele>93.869850</ele><time>2024-08-28T03:16:32Z</time><extensions><speed>0.336820</speed><course>278.865223</course><hAcc>2.320066</hAcc><vAcc>1.426829</vAcc></extensions></trkpt>
      <trkpt lon="-117.167015" lat="32.897936"><ele>93.891876</ele><time>2024-08-28T03:16:33Z</time><extensions><speed>0.389639</speed><course>278.972080</course><hAcc>2.325942</hAcc><vAcc>1.432089</vAcc></extensions></trkpt>
      <trkpt lon="-117.167020" lat="32.897937"><ele>93.915355</ele><time>2024-08-28T03:16:34Z</time><extensions><speed>0.418267</speed><course>279.245250</course><hAcc>2.336417</hAcc><vAcc>1.438501</vAcc></extensions></trkpt>
      <trkpt lon="-117.167024" lat="32.897938"><ele>93.942890</ele><time>2024-08-28T03:16:35Z</time><extensions><speed>0.378800</speed><course>279.575378</course><hAcc>2.347810</hAcc><vAcc>1.443819</vAcc></extensions></trkpt>
      <trkpt lon="-117.167028" lat="32.897939"><ele>93.984767</ele><time>2024-08-28T03:16:36Z</time><extensions><speed>0.379618</speed><course>280.239096</course><hAcc>2.334439</hAcc><vAcc>1.449420</vAcc></extensions></trkpt>
      <trkpt lon="-117.167032" lat="32.897939"><ele>94.025014</ele><time>2024-08-28T03:16:37Z</time><extensions><speed>0.341390</speed><course>281.225427</course><hAcc>2.324800</hAcc><vAcc>1.454807</vAcc></extensions></trkpt>
      <trkpt lon="-117.167035" lat="32.897940"><ele>94.065991</ele><time>2024-08-28T03:16:38Z</time><extensions><speed>0.292490</speed><course>282.700634</course><hAcc>2.322343</hAcc><vAcc>1.463470</vAcc></extensions></trkpt>
      <trkpt lon="-117.167038" lat="32.897941"><ele>94.111926</ele><time>2024-08-28T03:16:39Z</time><extensions><speed>0.243249</speed><course>285.093713</course><hAcc>2.322869</hAcc><vAcc>1.474253</vAcc></extensions></trkpt>
      <trkpt lon="-117.167040" lat="32.897941"><ele>94.163161</ele><time>2024-08-28T03:16:40Z</time><extensions><speed>0.199892</speed><course>288.655009</course><hAcc>2.323804</hAcc><vAcc>1.483612</vAcc></extensions></trkpt>
      <trkpt lon="-117.167042" lat="32.897942"><ele>94.216250</ele><time>2024-08-28T03:16:41Z</time><extensions><speed>0.163504</speed><course>293.724910</course><hAcc>2.325417</hAcc><vAcc>1.493220</vAcc></extensions></trkpt>
      <trkpt lon="-117.167044" lat="32.897942"><ele>94.271197</ele><time>2024-08-28T03:16:42Z</time><extensions><speed>0.134720</speed><course>300.378816</course><hAcc>2.327808</hAcc><vAcc>1.501872</vAcc></extensions></trkpt>
      <trkpt lon="-117.167045" lat="32.897943"><ele>94.325259</ele><time>2024-08-28T03:16:43Z</time><extensions><speed>0.114042</speed><course>309.544558</course><hAcc>2.331021</hAcc><vAcc>1.505669</vAcc></extensions></trkpt>
      <trkpt lon="-117.167046" lat="32.897944"><ele>94.378758</ele><time>2024-08-28T03:16:44Z</time><extensions><speed>0.100136</speed><course>320.088727</course><hAcc>2.333795</hAcc><vAcc>1.508762</vAcc></extensions></trkpt>
      <trkpt lon="-117.167046" lat="32.897945"><ele>94.431662</ele><time>2024-08-28T03:16:45Z</time><extensions><speed>0.092972</speed><course>331.607214</course><hAcc>2.334816</hAcc><vAcc>1.509338</vAcc></extensions></trkpt>
      <trkpt lon="-117.167047" lat="32.897946"><ele>94.483081</ele><time>2024-08-28T03:16:46Z</time><extensions><speed>0.095390</speed><course>343.014083</course><hAcc>2.336241</hAcc><vAcc>1.508518</vAcc></extensions></trkpt>
      <trkpt lon="-117.167047" lat="32.897946"><ele>94.532647</ele><time>2024-08-28T03:16:47Z</time><extensions><speed>0.089805</speed><course>350.454883</course><hAcc>2.351940</hAcc><vAcc>1.506112</vAcc></extensions></trkpt>
      <trkpt lon="-117.167047" lat="32.897947"><ele>94.566017</ele><time>2024-08-28T03:16:48Z</time><extensions><speed>0.068229</speed><course>356.691021</course><hAcc>2.377715</hAcc><vAcc>1.503032</vAcc></extensions></trkpt>
      <trkpt lon="-117.167047" lat="32.897948"><ele>94.596807</ele><time>2024-08-28T03:16:49Z</time><extensions><speed>0.074855</speed><course>2.753264</course><hAcc>2.373955</hAcc><vAcc>1.497781</vAcc></extensions></trkpt>
      <trkpt lon="-117.167047" lat="32.897948"><ele>94.625097</ele><time>2024-08-28T03:16:50Z</time><extensions><speed>0.063593</speed><course>5.519245</course><hAcc>2.376682</hAcc><vAcc>1.491209</vAcc></extensions></trkpt>
      <trkpt lon="-117.167047" lat="32.897949"><ele>94.650946</ele><time>2024-08-28T03:16:51Z</time><extensions><speed>0.057139</speed><course>8.251097</course><hAcc>2.382520</hAcc><vAcc>1.484152</vAcc></extensions></trkpt>
      <trkpt lon="-117.167046" lat="32.897949"><ele>94.674285</ele><time>2024-08-28T03:16:52Z</time><extensions><speed>0.052833</speed><course>11.095248</course><hAcc>2.382784</hAcc><vAcc>1.476884</vAcc></extensions></trkpt>
      <trkpt lon="-117.167046" lat="32.897950"><ele>94.695253</ele><time>2024-08-28T03:16:53Z</time><extensions><speed>0.047902</speed><course>14.747435</course><hAcc>2.374399</hAcc><vAcc>1.470481</vAcc></extensions></trkpt>
      <trkpt lon="-117.167046" lat="32.897950"><ele>94.713561</ele><time>2024-08-28T03:16:54Z</time><extensions><speed>0.039191</speed><course>20.653611</course><hAcc>2.363772</hAcc><vAcc>1.463969</vAcc></extensions></trkpt>
      <trkpt lon="-117.167046" lat="32.897951"><ele>94.729349</ele><time>2024-08-28T03:16:55Z</time><extensions><speed>0.030349</speed><course>30.657146</course><hAcc>2.352107</hAcc><vAcc>1.457912</vAcc></extensions></trkpt>
      <trkpt lon="-117.167046" lat="32.897951"><ele>94.742512</ele><time>2024-08-28T03:16:56Z</time><extensions><speed>0.023306</speed><course>46.797743</course><hAcc>2.342309</hAcc><vAcc>1.451364</vAcc></extensions></trkpt>
      <trkpt lon="-117.167046" lat="32.897951"><ele>94.753473</ele><time>2024-08-28T03:16:57Z</time><extensions><speed>0.019082</speed><course>67.567118</course><hAcc>2.340314</hAcc><vAcc>1.445847</vAcc></extensions></trkpt>
      <trkpt lon="-117.167045" lat="32.897951"><ele>94.762222</ele><time>2024-08-28T03:16:58Z</time><extensions><speed>0.015613</speed><course>83.629267</course><hAcc>2.343535</hAcc><vAcc>1.440282</vAcc></extensions></trkpt>
      <trkpt lon="-117.167045" lat="32.897951"><ele>94.769189</ele><time>2024-08-28T03:16:59Z</time><extensions><speed>0.015204</speed><course>90.902774</course><hAcc>2.325323</hAcc><vAcc>1.435960</vAcc></extensions></trkpt>
      <trkpt lon="-117.167045" lat="32.897951"><ele>94.774634</ele><time>2024-08-28T03:17:00Z</time><extensions><speed>0.013459</speed><course>93.965348</course><hAcc>2.313844</hAcc><vAcc>1.433393</vAcc></extensions></trkpt>
      <trkpt lon="-117.167045" lat="32.897951"><ele>94.778583</ele><time>2024-08-28T03:17:01Z</time><extensions><speed>0.011361</speed><course>95.453489</course><hAcc>2.312353</hAcc><vAcc>1.431300</vAcc></extensions></trkpt>
      <trkpt lon="-117.167045" lat="32.897951"><ele>94.740761</ele><time>2024-08-28T03:17:02Z</time><extensions><speed>0.016055</speed><course>119.302310</course><hAcc>2.315078</hAcc><vAcc>1.429900</vAcc></extensions></trkpt>
      <trkpt lon="-117.167044" lat="32.897950"><ele>94.700433</ele><time>2024-08-28T03:17:03Z</time><extensions><speed>0.023280</speed><course>131.083334</course><hAcc>2.318164</hAcc><vAcc>1.428812</vAcc></extensions></trkpt>
      <trkpt lon="-117.167044" lat="32.897950"><ele>94.657830</ele><time>2024-08-28T03:17:04Z</time><extensions><speed>0.032220</speed><course>137.074426</course><hAcc>2.319038</hAcc><vAcc>1.427900</vAcc></extensions></trkpt>
      <trkpt lon="-117.167043" lat="32.897949"><ele>94.611854</ele><time>2024-08-28T03:17:05Z</time><extensions><speed>0.042833</speed><course>140.320777</course><hAcc>2.316270</hAcc><vAcc>1.425561</vAcc></extensions></trkpt>
      <trkpt lon="-117.167043" lat="32.897949"><ele>94.565540</ele><time>2024-08-28T03:17:06Z</time><extensions><speed>0.054844</speed><course>142.180855</course><hAcc>2.311267</hAcc><vAcc>1.424287</vAcc></extensions></trkpt>
      <trkpt lon="-117.167043" lat="32.897948"><ele>94.518265</ele><time>2024-08-28T03:17:07Z</time><extensions><speed>0.067465</speed><course>143.269969</course><hAcc>2.305045</hAcc><vAcc>1.423301</vAcc></extensions></trkpt>
      <trkpt lon="-117.167042" lat="32.897948"><ele>94.468510</ele><time>2024-08-28T03:17:08Z</time><extensions><speed>0.082284</speed><course>143.885939</course><hAcc>2.293983</hAcc><vAcc>1.419625</vAcc></extensions></trkpt>
      <trkpt lon="-117.167041" lat="32.897947"><ele>94.418770</ele><time>2024-08-28T03:17:09Z</time><extensions><speed>0.097133</speed><course>144.151955</course><hAcc>2.281520</hAcc><vAcc>1.416293</vAcc></extensions></trkpt>
      <trkpt lon="-117.167041" lat="32.897946"><ele>94.368930</ele><time>2024-08-28T03:17:10Z</time><extensions><speed>0.106985</speed><course>144.057478</course><hAcc>2.269817</hAcc><vAcc>1.412604</vAcc></extensions></trkpt>
      <trkpt lon="-117.167040" lat="32.897945"><ele>94.319474</ele><time>2024-08-28T03:17:11Z</time><extensions><speed>0.118201</speed><course>143.358853</course><hAcc>2.251115</hAcc><vAcc>1.408872</vAcc></extensions></trkpt>
      <trkpt lon="-117.167039" lat="32.897944"><ele>94.271069</ele><time>2024-08-28T03:17:12Z</time><extensions><speed>0.107351</speed><course>140.890278</course><hAcc>2.239313</hAcc><vAcc>1.406203</vAcc></extensions></trkpt>
      <trkpt lon="-117.167038" lat="32.897944"><ele>94.223609</ele><time>2024-08-28T03:17:13Z</time><extensions><speed>0.092164</speed><course>143.349619</course><hAcc>2.232861</hAcc><vAcc>1.402431</vAcc></extensions></trkpt>
      <trkpt lon="-117.167038" lat="32.897943"><ele>94.177851</ele><time>2024-08-28T03:17:14Z</time><extensions><speed>0.074487</speed><course>144.413729</course><hAcc>2.223496</hAcc><vAcc>1.399222</vAcc></extensions></trkpt>
      <trkpt lon="-117.167037" lat="32.897943"><ele>94.133989</ele><time>2024-08-28T03:17:15Z</time><extensions><speed>0.073586</speed><course>144.856804</course><hAcc>2.202594</hAcc><vAcc>1.395720</vAcc></extensions></trkpt>
      <trkpt lon="-117.167037" lat="32.897942"><ele>94.092334</ele><time>2024-08-28T03:17:16Z</time><extensions><speed>0.052418</speed><course>145.036307</course><hAcc>2.214767</hAcc><vAcc>1.392764</vAcc></extensions></trkpt>
      <trkpt lon="-117.167037" lat="32.897942"><ele>94.053032</ele><time>2024-08-28T03:17:17Z</time><extensions><speed>0.043946</speed><course>145.128649</course><hAcc>2.213273</hAcc><vAcc>1.389333</vAcc></extensions></trkpt>
      <trkpt lon="-117.167036" lat="32.897941"><ele>94.016213</ele><time>2024-08-28T03:17:18Z</time><extensions><speed>0.046908</speed><course>145.166139</course><hAcc>2.189004</hAcc><vAcc>1.386858</vAcc></extensions></trkpt>
      <trkpt lon="-117.167036" lat="32.897941"><ele>93.981935</ele><time>2024-08-28T03:17:19Z</time><extensions><speed>0.042796</speed><course>145.180096</course><hAcc>2.183531</hAcc><vAcc>1.385238</vAcc></extensions></trkpt>
      <trkpt lon="-117.167036" lat="32.897941"><ele>93.950312</ele><time>2024-08-28T03:17:20Z</time><extensions><speed>0.036484</speed><course>145.186590</course><hAcc>2.192688</hAcc><vAcc>1.382809</vAcc></extensions></trkpt>
      <trkpt lon="-117.167036" lat="32.897940"><ele>93.921265</ele><time>2024-08-28T03:17:21Z</time><extensions><speed>0.030066</speed><course>145.189934</course><hAcc>2.204055</hAcc><vAcc>1.380670</vAcc></extensions></trkpt>
      <trkpt lon="-117.167036" lat="32.897940"><ele>93.894789</ele><time>2024-08-28T03:17:22Z</time><extensions><speed>0.024339</speed><course>145.191749</course><hAcc>2.212008</hAcc><vAcc>1.378257</vAcc></extensions></trkpt>
      <trkpt lon="-117.167035" lat="32.897940"><ele>93.870815</ele><time>2024-08-28T03:17:23Z</time><extensions><speed>0.019473</speed><course>145.192759</course><hAcc>2.215075</hAcc><vAcc>1.375396</vAcc></extensions></trkpt>
      <trkpt lon="-117.167035" lat="32.897940"><ele>93.849254</ele><time>2024-08-28T03:17:24Z</time><extensions><speed>0.015437</speed><course>145.193330</course><hAcc>2.213367</hAcc><vAcc>1.371882</vAcc></extensions></trkpt>
      <trkpt lon="-117.167035" lat="32.897940"><ele>93.830176</ele><time>2024-08-28T03:17:25Z</time><extensions><speed>0.012261</speed><course>145.193655</course><hAcc>2.206680</hAcc><vAcc>1.365561</vAcc></extensions></trkpt>
      <trkpt lon="-117.167035" lat="32.897940"><ele>93.820444</ele><time>2024-08-28T03:17:26Z</time><extensions><speed>0.008472</speed><course>120.676284</course><hAcc>2.196524</hAcc><vAcc>1.358854</vAcc></extensions></trkpt>
      <trkpt lon="-117.167035" lat="32.897940"><ele>93.812146</ele><time>2024-08-28T03:17:27Z</time><extensions><speed>0.007864</speed><course>81.804945</course><hAcc>2.184050</hAcc><vAcc>1.355198</vAcc></extensions></trkpt>
      <trkpt lon="-117.167035" lat="32.897940"><ele>93.800506</ele><time>2024-08-28T03:17:28Z</time><extensions><speed>0.010222</speed><course>50.471844</course><hAcc>2.168854</hAcc><vAcc>1.351043</vAcc></extensions></trkpt>
      <trkpt lon="-117.167035" lat="32.897940"><ele>93.791756</ele><time>2024-08-28T03:17:29Z</time><extensions><speed>0.014171</speed><course>35.015562</course><hAcc>2.154374</hAcc><vAcc>1.345308</vAcc></extensions></trkpt>
      <trkpt lon="-117.167035" lat="32.897940"><ele>93.784729</ele><time>2024-08-28T03:17:30Z</time><extensions><speed>0.018395</speed><course>27.668212</course><hAcc>2.143844</hAcc><vAcc>1.337858</vAcc></extensions></trkpt>
      <trkpt lon="-117.167035" lat="32.897941"><ele>93.779074</ele><time>2024-08-28T03:17:31Z</time><extensions><speed>0.021657</speed><course>23.557280</course><hAcc>2.143696</hAcc><vAcc>1.330331</vAcc></extensions></trkpt>
      <trkpt lon="-117.167034" lat="32.897941"><ele>93.774655</ele><time>2024-08-28T03:17:32Z</time><extensions><speed>0.027320</speed><course>20.995650</course><hAcc>2.140617</hAcc><vAcc>1.322875</vAcc></extensions></trkpt>
      <trkpt lon="-117.167034" lat="32.897941"><ele>93.771399</ele><time>2024-08-28T03:17:33Z</time><extensions><speed>0.035824</speed><course>19.239166</course><hAcc>2.135929</hAcc><vAcc>1.314865</vAcc></extensions></trkpt>
      <trkpt lon="-117.167034" lat="32.897942"><ele>93.769048</ele><time>2024-08-28T03:17:34Z</time><extensions><speed>0.049141</speed><course>17.744737</course><hAcc>2.125949</hAcc><vAcc>1.307862</vAcc></extensions></trkpt>
      <trkpt lon="-117.167034" lat="32.897942"><ele>93.767520</ele><time>2024-08-28T03:17:35Z</time><extensions><speed>0.072991</speed><course>16.186571</course><hAcc>2.100753</hAcc><vAcc>1.301472</vAcc></extensions></trkpt>
      <trkpt lon="-117.167034" lat="32.897943"><ele>93.766688</ele><time>2024-08-28T03:17:36Z</time><extensions><speed>0.094063</speed><course>14.024379</course><hAcc>2.083693</hAcc><vAcc>1.295623</vAcc></extensions></trkpt>
      <trkpt lon="-117.167034" lat="32.897944"><ele>93.766431</ele><time>2024-08-28T03:17:37Z</time><extensions><speed>0.082035</speed><course>11.726700</course><hAcc>2.087898</hAcc><vAcc>1.290008</vAcc></extensions></trkpt>
      <trkpt lon="-117.167033" lat="32.897944"><ele>93.766625</ele><time>2024-08-28T03:17:38Z</time><extensions><speed>0.089212</speed><course>9.898312</course><hAcc>2.078893</hAcc><vAcc>1.284778</vAcc></extensions></trkpt>
      <trkpt lon="-117.167033" lat="32.897945"><ele>93.767205</ele><time>2024-08-28T03:17:39Z</time><extensions><speed>0.054459</speed><course>8.748208</course><hAcc>2.076060</hAcc><vAcc>1.279319</vAcc></extensions></trkpt>
      <trkpt lon="-117.167033" lat="32.897945"><ele>93.768048</ele><time>2024-08-28T03:17:40Z</time><extensions><speed>0.035317</speed><course>7.725781</course><hAcc>2.066461</hAcc><vAcc>1.274946</vAcc></extensions></trkpt>
      <trkpt lon="-117.167033" lat="32.897946"><ele>93.769139</ele><time>2024-08-28T03:17:41Z</time><extensions><speed>0.023936</speed><course>6.912802</course><hAcc>2.051284</hAcc><vAcc>1.270036</vAcc></extensions></trkpt>
      <trkpt lon="-117.167033" lat="32.897946"><ele>93.770364</ele><time>2024-08-28T03:17:42Z</time><extensions><speed>0.016900</speed><course>6.320109</course><hAcc>2.033294</hAcc><vAcc>1.266728</vAcc></extensions></trkpt>
      <trkpt lon="-117.167033" lat="32.897946"><ele>93.771708</ele><time>2024-08-28T03:17:43Z</time><extensions><speed>0.012243</speed><course>5.918788</course><hAcc>2.015127</hAcc><vAcc>1.263576</vAcc></extensions></trkpt>
      <trkpt lon="-117.167033" lat="32.897946"><ele>93.773142</ele><time>2024-08-28T03:17:44Z</time><extensions><speed>0.008896</speed><course>5.659155</course><hAcc>1.999391</hAcc><vAcc>1.259391</vAcc></extensions></trkpt>
      <trkpt lon="-117.167033" lat="32.897946"><ele>93.800756</ele><time>2024-08-28T03:17:45Z</time><extensions><speed>0.009153</speed><course>351.757440</course><hAcc>1.985135</hAcc><vAcc>1.254669</vAcc></extensions></trkpt>
      <trkpt lon="-117.167033" lat="32.897946"><ele>93.826327</ele><time>2024-08-28T03:17:46Z</time><extensions><speed>0.010685</speed><course>340.451527</course><hAcc>1.969541</hAcc><vAcc>1.249689</vAcc></extensions></trkpt>
      <trkpt lon="-117.167033" lat="32.897947"><ele>93.852115</ele><time>2024-08-28T03:17:47Z</time><extensions><speed>0.013335</speed><course>333.569717</course><hAcc>1.951398</hAcc><vAcc>1.244800</vAcc></extensions></trkpt>
      <trkpt lon="-117.167033" lat="32.897947"><ele>93.877713</ele><time>2024-08-28T03:17:48Z</time><extensions><speed>0.014882</speed><course>328.576365</course><hAcc>1.944701</hAcc><vAcc>1.241829</vAcc></extensions></trkpt>
      <trkpt lon="-117.167034" lat="32.897947"><ele>93.904080</ele><time>2024-08-28T03:17:49Z</time><extensions><speed>0.018191</speed><course>325.364838</course><hAcc>1.934920</hAcc><vAcc>1.238624</vAcc></extensions></trkpt>
      <trkpt lon="-117.167034" lat="32.897947"><ele>93.930323</ele><time>2024-08-28T03:17:50Z</time><extensions><speed>0.023167</speed><course>323.495099</course><hAcc>1.921970</hAcc><vAcc>1.237154</vAcc></extensions></trkpt>
      <trkpt lon="-117.167034" lat="32.897947"><ele>93.957625</ele><time>2024-08-28T03:17:51Z</time><extensions><speed>0.030384</speed><course>323.416272</course><hAcc>1.912485</hAcc><vAcc>1.234145</vAcc></extensions></trkpt>
      <trkpt lon="-117.167034" lat="32.897947"><ele>93.983567</ele><time>2024-08-28T03:17:52Z</time><extensions><speed>0.030814</speed><course>323.457577</course><hAcc>1.935098</hAcc><vAcc>1.231930</vAcc></extensions></trkpt>
      <trkpt lon="-117.167034" lat="32.897948"><ele>94.009468</ele><time>2024-08-28T03:17:53Z</time><extensions><speed>0.039344</speed><course>324.015549</course><hAcc>1.936717</hAcc><vAcc>1.231055</vAcc></extensions></trkpt>
      <trkpt lon="-117.167035" lat="32.897948"><ele>94.034302</ele><time>2024-08-28T03:17:54Z</time><extensions><speed>0.058859</speed><course>324.785178</course><hAcc>1.907300</hAcc><vAcc>1.231581</vAcc></extensions></trkpt>
      <trkpt lon="-117.167035" lat="32.897948"><ele>94.058866</ele><time>2024-08-28T03:17:55Z</time><extensions><speed>0.066348</speed><course>327.276212</course><hAcc>1.891188</hAcc><vAcc>1.232187</vAcc></extensions></trkpt>
      <trkpt lon="-117.167035" lat="32.897949"><ele>94.082637</ele><time>2024-08-28T03:17:56Z</time><extensions><speed>0.047537</speed><course>322.474322</course><hAcc>1.899631</hAcc><vAcc>1.234863</vAcc></extensions></trkpt>
      <trkpt lon="-117.167036" lat="32.897949"><ele>94.097868</ele><time>2024-08-28T03:17:57Z</time><extensions><speed>0.027729</speed><course>315.851775</course><hAcc>1.912897</hAcc><vAcc>1.237838</vAcc></extensions></trkpt>
      <trkpt lon="-117.167036" lat="32.897949"><ele>94.111553</ele><time>2024-08-28T03:17:58Z</time><extensions><speed>0.010720</speed><course>300.727428</course><hAcc>1.930205</hAcc><vAcc>1.241857</vAcc></extensions></trkpt>
      <trkpt lon="-117.167036" lat="32.897949"><ele>94.120602</ele><time>2024-08-28T03:17:59Z</time><extensions><speed>0.005096</speed><course>198.376187</course><hAcc>1.940209</hAcc><vAcc>1.246770</vAcc></extensions></trkpt>
      <trkpt lon="-117.167036" lat="32.897949"><ele>94.127500</ele><time>2024-08-28T03:18:00Z</time><extensions><speed>0.014148</speed><course>163.213562</course><hAcc>1.952014</hAcc><vAcc>1.252134</vAcc></extensions></trkpt>
      <trkpt lon="-117.167036" lat="32.897949"><ele>94.132509</ele><time>2024-08-28T03:18:01Z</time><extensions><speed>0.023613</speed><course>163.987915</course><hAcc>1.957482</hAcc><vAcc>1.258535</vAcc></extensions></trkpt>
      <trkpt lon="-117.167036" lat="32.897949"><ele>94.135334</ele><time>2024-08-28T03:18:02Z</time><extensions><speed>0.030160</speed><course>170.266039</course><hAcc>1.971028</hAcc><vAcc>1.264883</vAcc></extensions></trkpt>
      <trkpt lon="-117.167036" lat="32.897948"><ele>94.136269</ele><time>2024-08-28T03:18:03Z</time><extensions><speed>0.034953</speed><course>175.824028</course><hAcc>1.988628</hAcc><vAcc>1.271565</vAcc></extensions></trkpt>
      <trkpt lon="-117.167036" lat="32.897948"><ele>94.135492</ele><time>2024-08-28T03:18:04Z</time><extensions><speed>0.037056</speed><course>178.624493</course><hAcc>2.005241</hAcc><vAcc>1.278635</vAcc></extensions></trkpt>
      <trkpt lon="-117.167036" lat="32.897948"><ele>94.133004</ele><time>2024-08-28T03:18:05Z</time><extensions><speed>0.041816</speed><course>181.412640</course><hAcc>2.023749</hAcc><vAcc>1.285146</vAcc></extensions></trkpt>
      <trkpt lon="-117.167036" lat="32.897947"><ele>94.128602</ele><time>2024-08-28T03:18:06Z</time><extensions><speed>0.043630</speed><course>182.810378</course><hAcc>2.029371</hAcc><vAcc>1.288165</vAcc></extensions></trkpt>
      <trkpt lon="-117.167036" lat="32.897947"><ele>94.119994</ele><time>2024-08-28T03:18:07Z</time><extensions><speed>0.045064</speed><course>185.617222</course><hAcc>2.022882</hAcc><vAcc>1.290439</vAcc></extensions></trkpt>
      <trkpt lon="-117.167036" lat="32.897946"><ele>94.110554</ele><time>2024-08-28T03:18:08Z</time><extensions><speed>0.046380</speed><course>189.473623</course><hAcc>2.025146</hAcc><vAcc>1.292092</vAcc></extensions></trkpt>
      <trkpt lon="-117.167036" lat="32.897946"><ele>94.100602</ele><time>2024-08-28T03:18:09Z</time><extensions><speed>0.044601</speed><course>192.253880</course><hAcc>2.022723</hAcc><vAcc>1.293706</vAcc></extensions></trkpt>
      <trkpt lon="-117.167036" lat="32.897945"><ele>94.089853</ele><time>2024-08-28T03:18:10Z</time><extensions><speed>0.042259</speed><course>194.001700</course><hAcc>2.015478</hAcc><vAcc>1.292229</vAcc></extensions></trkpt>
      <trkpt lon="-117.167036" lat="32.897945"><ele>94.079235</ele><time>2024-08-28T03:18:11Z</time><extensions><speed>0.040489</speed><course>195.240187</course><hAcc>2.009758</hAcc><vAcc>1.292765</vAcc></extensions></trkpt>
      <trkpt lon="-117.167036" lat="32.897944"><ele>94.068502</ele><time>2024-08-28T03:18:12Z</time><extensions><speed>0.040093</speed><course>196.171965</course><hAcc>2.007481</hAcc><vAcc>1.292981</vAcc></extensions></trkpt>
      <trkpt lon="-117.167036" lat="32.897944"><ele>94.057714</ele><time>2024-08-28T03:18:13Z</time><extensions><speed>0.043458</speed><course>196.853159</course><hAcc>2.005419</hAcc><vAcc>1.292139</vAcc></extensions></trkpt>
      <trkpt lon="-117.167037" lat="32.897944"><ele>94.047020</ele><time>2024-08-28T03:18:14Z</time><extensions><speed>0.049094</speed><course>197.324930</course><hAcc>2.008562</hAcc><vAcc>1.290465</vAcc></extensions></trkpt>
      <trkpt lon="-117.167037" lat="32.897943"><ele>94.036527</ele><time>2024-08-28T03:18:15Z</time><extensions><speed>0.055909</speed><course>197.652143</course><hAcc>2.012296</hAcc><vAcc>1.287970</vAcc></extensions></trkpt>
      <trkpt lon="-117.167037" lat="32.897943"><ele>94.026326</ele><time>2024-08-28T03:18:16Z</time><extensions><speed>0.078648</speed><course>197.840598</course><hAcc>1.992586</hAcc><vAcc>1.284360</vAcc></extensions></trkpt>
      <trkpt lon="-117.167037" lat="32.897942"><ele>94.016526</ele><time>2024-08-28T03:18:17Z</time><extensions><speed>0.083026</speed><course>197.921013</course><hAcc>1.989191</hAcc><vAcc>1.280560</vAcc></extensions></trkpt>
      <trkpt lon="-117.167038" lat="32.897941"><ele>94.007199</ele><time>2024-08-28T03:18:18Z</time><extensions><speed>0.073965</speed><course>197.951144</course><hAcc>1.997377</hAcc><vAcc>1.276991</vAcc></extensions></trkpt>
      <trkpt lon="-117.167038" lat="32.897941"><ele>93.998400</ele><time>2024-08-28T03:18:19Z</time><extensions><speed>0.061334</speed><course>197.965505</course><hAcc>2.004834</hAcc><vAcc>1.273087</vAcc></extensions></trkpt>
      <trkpt lon="-117.167038" lat="32.897940"><ele>93.990149</ele><time>2024-08-28T03:18:20Z</time><extensions><speed>0.048876</speed><course>197.973129</course><hAcc>2.007946</hAcc><vAcc>1.270728</vAcc></extensions></trkpt>
      <trkpt lon="-117.167038" lat="32.897940"><ele>93.982471</ele><time>2024-08-28T03:18:21Z</time><extensions><speed>0.038146</speed><course>197.977434</course><hAcc>2.006351</hAcc><vAcc>1.269407</vAcc></extensions></trkpt>
      <trkpt lon="-117.167038" lat="32.897939"><ele>93.975378</ele><time>2024-08-28T03:18:22Z</time><extensions><speed>0.029438</speed><course>197.979949</course><hAcc>1.999750</hAcc><vAcc>1.269044</vAcc></extensions></trkpt>
      <trkpt lon="-117.167038" lat="32.897939"><ele>93.968895</ele><time>2024-08-28T03:18:23Z</time><extensions><speed>0.022508</speed><course>197.981442</course><hAcc>1.987989</hAcc><vAcc>1.268577</vAcc></extensions></trkpt>
      <trkpt lon="-117.167038" lat="32.897939"><ele>93.962985</ele><time>2024-08-28T03:18:24Z</time><extensions><speed>0.017025</speed><course>197.982338</course><hAcc>1.971797</hAcc><vAcc>1.269048</vAcc></extensions></trkpt>
      <trkpt lon="-117.167038" lat="32.897939"><ele>93.949918</ele><time>2024-08-28T03:18:25Z</time><extensions><speed>0.013666</speed><course>203.037864</course><hAcc>1.952321</hAcc><vAcc>1.267878</vAcc></extensions></trkpt>
      <trkpt lon="-117.167039" lat="32.897939"><ele>93.937519</ele><time>2024-08-28T03:18:26Z</time><extensions><speed>0.011619</speed><course>210.289885</course><hAcc>1.932315</hAcc><vAcc>1.267234</vAcc></extensions></trkpt>
      <trkpt lon="-117.167039" lat="32.897939"><ele>93.925229</ele><time>2024-08-28T03:18:27Z</time><extensions><speed>0.010278</speed><course>219.030600</course><hAcc>1.917586</hAcc><vAcc>1.265804</vAcc></extensions></trkpt>
      <trkpt lon="-117.167039" lat="32.897939"><ele>93.913260</ele><time>2024-08-28T03:18:28Z</time><extensions><speed>0.010336</speed><course>227.628974</course><hAcc>1.900861</hAcc><vAcc>1.264523</vAcc></extensions></trkpt>
      <trkpt lon="-117.167039" lat="32.897939"><ele>93.907188</ele><time>2024-08-28T03:18:29Z</time><extensions><speed>0.008921</speed><course>231.467380</course><hAcc>1.887060</hAcc><vAcc>1.263757</vAcc></extensions></trkpt>
      <trkpt lon="-117.167039" lat="32.897939"><ele>93.901468</ele><time>2024-08-28T03:18:30Z</time><extensions><speed>0.007732</speed><course>235.854138</course><hAcc>1.881986</hAcc><vAcc>1.263422</vAcc></extensions></trkpt>
      <trkpt lon="-117.167039" lat="32.897939"><ele>93.896254</ele><time>2024-08-28T03:18:31Z</time><extensions><speed>0.007357</speed><course>240.903927</course><hAcc>1.878267</hAcc><vAcc>1.261637</vAcc></extensions></trkpt>
      <trkpt lon="-117.167039" lat="32.897939"><ele>93.891401</ele><time>2024-08-28T03:18:32Z</time><extensions><speed>0.007058</speed><course>247.123637</course><hAcc>1.882037</hAcc><vAcc>1.259728</vAcc></extensions></trkpt>
      <trkpt lon="-117.167039" lat="32.897939"><ele>93.898338</ele><time>2024-08-28T03:18:33Z</time><extensions><speed>0.004915</speed><course>273.882655</course><hAcc>1.895073</hAcc><vAcc>1.257242</vAcc></extensions></trkpt>
      <trkpt lon="-117.167039" lat="32.897939"><ele>93.910203</ele><time>2024-08-28T03:18:34Z</time><extensions><speed>0.006645</speed><course>340.864421</course><hAcc>1.890138</hAcc><vAcc>1.253438</vAcc></extensions></trkpt>
      <trkpt lon="-117.167039" lat="32.897939"><ele>93.903451</ele><time>2024-08-28T03:18:35Z</time><extensions><speed>0.022854</speed><course>18.108621</course><hAcc>1.857098</hAcc><vAcc>1.244906</vAcc></extensions></trkpt>
      <trkpt lon="-117.167039" lat="32.897939"><ele>93.903332</ele><time>2024-08-28T03:18:36Z</time><extensions><speed>0.027563</speed><course>43.213421</course><hAcc>1.859033</hAcc><vAcc>1.234527</vAcc></extensions></trkpt>
      <trkpt lon="-117.167038" lat="32.897939"><ele>93.890714</ele><time>2024-08-28T03:18:37Z</time><extensions><speed>0.040150</speed><course>54.010428</course><hAcc>1.871837</hAcc><vAcc>1.225644</vAcc></extensions></trkpt>
      <trkpt lon="-117.167038" lat="32.897939"><ele>93.878038</ele><time>2024-08-28T03:18:38Z</time><extensions><speed>0.051913</speed><course>57.310313</course><hAcc>1.887963</hAcc><vAcc>1.219057</vAcc></extensions></trkpt>
      <trkpt lon="-117.167037" lat="32.897940"><ele>93.867027</ele><time>2024-08-28T03:18:39Z</time><extensions><speed>0.053980</speed><course>56.951478</course><hAcc>1.910183</hAcc><vAcc>1.213550</vAcc></extensions></trkpt>
      <trkpt lon="-117.167037" lat="32.897940"><ele>93.861117</ele><time>2024-08-28T03:18:40Z</time><extensions><speed>0.058148</speed><course>54.273134</course><hAcc>1.917101</hAcc><vAcc>1.207898</vAcc></extensions></trkpt>
      <trkpt lon="-117.167036" lat="32.897940"><ele>93.859187</ele><time>2024-08-28T03:18:41Z</time><extensions><speed>0.072893</speed><course>50.293319</course><hAcc>1.910459</hAcc><vAcc>1.201361</vAcc></extensions></trkpt>
      <trkpt lon="-117.167036" lat="32.897941"><ele>93.857180</ele><time>2024-08-28T03:18:42Z</time><extensions><speed>0.087319</speed><course>45.931157</course><hAcc>1.914296</hAcc><vAcc>1.196110</vAcc></extensions></trkpt>
      <trkpt lon="-117.167035" lat="32.897941"><ele>93.853158</ele><time>2024-08-28T03:18:43Z</time><extensions><speed>0.106512</speed><course>40.646797</course><hAcc>1.918277</hAcc><vAcc>1.188885</vAcc></extensions></trkpt>
      <trkpt lon="-117.167034" lat="32.897942"><ele>93.849015</ele><time>2024-08-28T03:18:44Z</time><extensions><speed>0.104705</speed><course>39.349425</course><hAcc>1.932749</hAcc><vAcc>1.182413</vAcc></extensions></trkpt>
      <trkpt lon="-117.167034" lat="32.897943"><ele>93.844785</ele><time>2024-08-28T03:18:45Z</time><extensions><speed>0.095941</speed><course>36.028768</course><hAcc>1.964294</hAcc><vAcc>1.175775</vAcc></extensions></trkpt>
      <trkpt lon="-117.167033" lat="32.897943"><ele>93.840588</ele><time>2024-08-28T03:18:46Z</time><extensions><speed>0.038996</speed><course>51.061667</course><hAcc>2.003336</hAcc><vAcc>1.168206</vAcc></extensions></trkpt>
      <trkpt lon="-117.167033" lat="32.897943"><ele>93.836572</ele><time>2024-08-28T03:18:47Z</time><extensions><speed>0.018935</speed><course>46.428840</course><hAcc>2.018607</hAcc><vAcc>1.159478</vAcc></extensions></trkpt>
      <trkpt lon="-117.167033" lat="32.897943"><ele>93.832847</ele><time>2024-08-28T03:18:48Z</time><extensions><speed>0.012719</speed><course>0.983593</course><hAcc>2.025678</hAcc><vAcc>1.150809</vAcc></extensions></trkpt>
      <trkpt lon="-117.167033" lat="32.897943"><ele>93.829460</ele><time>2024-08-28T03:18:49Z</time><extensions><speed>0.014459</speed><course>263.277898</course><hAcc>2.032782</hAcc><vAcc>1.144568</vAcc></extensions></trkpt>
      <trkpt lon="-117.167033" lat="32.897944"><ele>93.819784</ele><time>2024-08-28T03:18:50Z</time><extensions><speed>0.016185</speed><course>273.040274</course><hAcc>2.023860</hAcc><vAcc>1.142034</vAcc></extensions></trkpt>
      <trkpt lon="-117.167033" lat="32.897944"><ele>93.801470</ele><time>2024-08-28T03:18:51Z</time><extensions><speed>0.016434</speed><course>309.952474</course><hAcc>2.010165</hAcc><vAcc>1.140547</vAcc></extensions></trkpt>
      <trkpt lon="-117.167033" lat="32.897944"><ele>93.777074</ele><time>2024-08-28T03:18:52Z</time><extensions><speed>0.007759</speed><course>253.876353</course><hAcc>2.019297</hAcc><vAcc>1.138004</vAcc></extensions></trkpt>
      <trkpt lon="-117.167033" lat="32.897944"><ele>93.740738</ele><time>2024-08-28T03:18:53Z</time><extensions><speed>0.012061</speed><course>172.847937</course><hAcc>2.046385</hAcc><vAcc>1.135142</vAcc></extensions></trkpt>
      <trkpt lon="-117.167033" lat="32.897943"><ele>93.711345</ele><time>2024-08-28T03:18:54Z</time><extensions><speed>0.021050</speed><course>136.941992</course><hAcc>2.045608</hAcc><vAcc>1.134957</vAcc></extensions></trkpt>
      <trkpt lon="-117.167032" lat="32.897943"><ele>93.677628</ele><time>2024-08-28T03:18:55Z</time><extensions><speed>0.035109</speed><course>115.195263</course><hAcc>2.048327</hAcc><vAcc>1.134998</vAcc></extensions></trkpt>
      <trkpt lon="-117.167031" lat="32.897943"><ele>93.643328</ele><time>2024-08-28T03:18:56Z</time><extensions><speed>0.053645</speed><course>103.913984</course><hAcc>2.065595</hAcc><vAcc>1.136433</vAcc></extensions></trkpt>
      <trkpt lon="-117.167031" lat="32.897943"><ele>93.608015</ele><time>2024-08-28T03:18:57Z</time><extensions><speed>0.077938</speed><course>97.344972</course><hAcc>2.090559</hAcc><vAcc>1.139409</vAcc></extensions></trkpt>
      <trkpt lon="-117.167029" lat="32.897943"><ele>93.571521</ele><time>2024-08-28T03:18:58Z</time><extensions><speed>0.134760</speed><course>93.189502</course><hAcc>2.103513</hAcc><vAcc>1.143283</vAcc></extensions></trkpt>
      <trkpt lon="-117.167028" lat="32.897943"><ele>93.534206</ele><time>2024-08-28T03:18:59Z</time><extensions><speed>0.183088</speed><course>89.390175</course><hAcc>2.142150</hAcc><vAcc>1.147949</vAcc></extensions></trkpt>
      <trkpt lon="-117.167025" lat="32.897943"><ele>93.496461</ele><time>2024-08-28T03:19:00Z</time><extensions><speed>0.224388</speed><course>83.779311</course><hAcc>2.192504</hAcc><vAcc>1.152955</vAcc></extensions></trkpt>
      <trkpt lon="-117.167023" lat="32.897943"><ele>93.458788</ele><time>2024-08-28T03:19:01Z</time><extensions><speed>0.226560</speed><course>82.366588</course><hAcc>2.246021</hAcc><vAcc>1.157759</vAcc></extensions></trkpt>
      <trkpt lon="-117.167021" lat="32.897943"><ele>93.421705</ele><time>2024-08-28T03:19:02Z</time><extensions><speed>0.219807</speed><course>83.168173</course><hAcc>2.281558</hAcc><vAcc>1.161405</vAcc></extensions></trkpt>
      <trkpt lon="-117.167018" lat="32.897943"><ele>93.385793</ele><time>2024-08-28T03:19:03Z</time><extensions><speed>0.197384</speed><course>84.774349</course><hAcc>2.302284</hAcc><vAcc>1.163831</vAcc></extensions></trkpt>
      <trkpt lon="-117.167016" lat="32.897943"><ele>93.351486</ele><time>2024-08-28T03:19:04Z</time><extensions><speed>0.170767</speed><course>85.461368</course><hAcc>2.305205</hAcc><vAcc>1.164228</vAcc></extensions></trkpt>
      <trkpt lon="-117.167015" lat="32.897944"><ele>93.319057</ele><time>2024-08-28T03:19:05Z</time><extensions><speed>0.149318</speed><course>83.422152</course><hAcc>2.289717</hAcc><vAcc>1.164109</vAcc></extensions></trkpt>
      <trkpt lon="-117.167013" lat="32.897944"><ele>93.288667</ele><time>2024-08-28T03:19:06Z</time><extensions><speed>0.107185</speed><course>97.144049</course><hAcc>2.274258</hAcc><vAcc>1.163190</vAcc></extensions></trkpt>
      <trkpt lon="-117.167012" lat="32.897943"><ele>93.260399</ele><time>2024-08-28T03:19:07Z</time><extensions><speed>0.081545</speed><course>106.091837</course><hAcc>2.246302</hAcc><vAcc>1.161576</vAcc></extensions></trkpt>
      <trkpt lon="-117.167012" lat="32.897943"><ele>93.234275</ele><time>2024-08-28T03:19:08Z</time><extensions><speed>0.064509</speed><course>111.389013</course><hAcc>2.208010</hAcc><vAcc>1.159493</vAcc></extensions></trkpt>
      <trkpt lon="-117.167011" lat="32.897943"><ele>93.210421</ele><time>2024-08-28T03:19:09Z</time><extensions><speed>0.050407</speed><course>114.386668</course><hAcc>2.170342</hAcc><vAcc>1.155891</vAcc></extensions></trkpt>
      <trkpt lon="-117.167010" lat="32.897943"><ele>93.188764</ele><time>2024-08-28T03:19:10Z</time><extensions><speed>0.038709</speed><course>116.089698</course><hAcc>2.136768</hAcc><vAcc>1.151170</vAcc></extensions></trkpt>
      <trkpt lon="-117.167010" lat="32.897942"><ele>93.162387</ele><time>2024-08-28T03:19:11Z</time><extensions><speed>0.038064</speed><course>121.318197</course><hAcc>2.105655</hAcc><vAcc>1.145324</vAcc></extensions></trkpt>
      <trkpt lon="-117.167009" lat="32.897942"><ele>93.137759</ele><time>2024-08-28T03:19:12Z</time><extensions><speed>0.041172</speed><course>125.603042</course><hAcc>2.071533</hAcc><vAcc>1.139752</vAcc></extensions></trkpt>
      <trkpt lon="-117.167009" lat="32.897942"><ele>93.114959</ele><time>2024-08-28T03:19:13Z</time><extensions><speed>0.047181</speed><course>128.802012</course><hAcc>2.036283</hAcc><vAcc>1.134580</vAcc></extensions></trkpt>
      <trkpt lon="-117.167008" lat="32.897941"><ele>93.093747</ele><time>2024-08-28T03:19:14Z</time><extensions><speed>0.055810</speed><course>131.046566</course><hAcc>2.005661</hAcc><vAcc>1.129520</vAcc></extensions></trkpt>
      <trkpt lon="-117.167007" lat="32.897941"><ele>93.074011</ele><time>2024-08-28T03:19:15Z</time><extensions><speed>0.060597</speed><course>132.596833</course><hAcc>1.991718</hAcc><vAcc>1.125073</vAcc></extensions></trkpt>
      <trkpt lon="-117.167007" lat="32.897940"><ele>93.055588</ele><time>2024-08-28T03:19:16Z</time><extensions><speed>0.070327</speed><course>133.635193</course><hAcc>1.979012</hAcc><vAcc>1.120433</vAcc></extensions></trkpt>
      <trkpt lon="-117.167006" lat="32.897940"><ele>93.038403</ele><time>2024-08-28T03:19:17Z</time><extensions><speed>0.081977</speed><course>134.235748</course><hAcc>1.971293</hAcc><vAcc>1.116458</vAcc></extensions></trkpt>
      <trkpt lon="-117.167006" lat="32.897939"><ele>93.022368</ele><time>2024-08-28T03:19:18Z</time><extensions><speed>0.091435</speed><course>134.456104</course><hAcc>1.971350</hAcc><vAcc>1.112663</vAcc></extensions></trkpt>
      <trkpt lon="-117.167005" lat="32.897938"><ele>93.007415</ele><time>2024-08-28T03:19:19Z</time><extensions><speed>0.117543</speed><course>134.187401</course><hAcc>1.961560</hAcc><vAcc>1.109333</vAcc></extensions></trkpt>
      <trkpt lon="-117.167004" lat="32.897938"><ele>92.993500</ele><time>2024-08-28T03:19:20Z</time><extensions><speed>0.134455</speed><course>133.003294</course><hAcc>1.951261</hAcc><vAcc>1.106556</vAcc></extensions></trkpt>
      <trkpt lon="-117.167002" lat="32.897937"><ele>92.980644</ele><time>2024-08-28T03:19:21Z</time><extensions><speed>0.171642</speed><course>129.929236</course><hAcc>1.915109</hAcc><vAcc>1.103766</vAcc></extensions></trkpt>
      <trkpt lon="-117.167001" lat="32.897936"><ele>92.968803</ele><time>2024-08-28T03:19:22Z</time><extensions><speed>0.150731</speed><course>133.272914</course><hAcc>1.912026</hAcc><vAcc>1.101974</vAcc></extensions></trkpt>
      <trkpt lon="-117.167000" lat="32.897935"><ele>92.957963</ele><time>2024-08-28T03:19:23Z</time><extensions><speed>0.120910</speed><course>134.810743</course><hAcc>1.913942</hAcc><vAcc>1.101526</vAcc></extensions></trkpt>
      <trkpt lon="-117.166999" lat="32.897934"><ele>92.948180</ele><time>2024-08-28T03:19:24Z</time><extensions><speed>0.097171</speed><course>135.578719</course><hAcc>1.908377</hAcc><vAcc>1.101447</vAcc></extensions></trkpt>
      <trkpt lon="-117.166999" lat="32.897934"><ele>92.939362</ele><time>2024-08-28T03:19:25Z</time><extensions><speed>0.069652</speed><course>135.975705</course><hAcc>1.912680</hAcc><vAcc>1.102642</vAcc></extensions></trkpt>
      <trkpt lon="-117.166998" lat="32.897933"><ele>92.939565</ele><time>2024-08-28T03:19:26Z</time><extensions><speed>0.050848</speed><course>140.245634</course><hAcc>1.917599</hAcc><vAcc>1.104092</vAcc></extensions></trkpt>
      <trkpt lon="-117.166998" lat="32.897933"><ele>92.945475</ele><time>2024-08-28T03:19:27Z</time><extensions><speed>0.036339</speed><course>148.665530</course><hAcc>1.921595</hAcc><vAcc>1.105819</vAcc></extensions></trkpt>
      <trkpt lon="-117.166998" lat="32.897932"><ele>92.962074</ele><time>2024-08-28T03:19:28Z</time><extensions><speed>0.035327</speed><course>162.775929</course><hAcc>1.903248</hAcc><vAcc>1.105411</vAcc></extensions></trkpt>
      <trkpt lon="-117.166998" lat="32.897932"><ele>92.981588</ele><time>2024-08-28T03:19:29Z</time><extensions><speed>0.033547</speed><course>182.471544</course><hAcc>1.905320</hAcc><vAcc>1.103237</vAcc></extensions></trkpt>
      <trkpt lon="-117.166998" lat="32.897932"><ele>93.003366</ele><time>2024-08-28T03:19:30Z</time><extensions><speed>0.036437</speed><course>204.558073</course><hAcc>1.923896</hAcc><vAcc>1.099154</vAcc></extensions></trkpt>
      <trkpt lon="-117.166998" lat="32.897931"><ele>93.025849</ele><time>2024-08-28T03:19:31Z</time><extensions><speed>0.045658</speed><course>221.839442</course><hAcc>1.946135</hAcc><vAcc>1.094997</vAcc></extensions></trkpt>
      <trkpt lon="-117.166999" lat="32.897931"><ele>93.048992</ele><time>2024-08-28T03:19:32Z</time><extensions><speed>0.059912</speed><course>232.628606</course><hAcc>1.968062</hAcc><vAcc>1.091185</vAcc></extensions></trkpt>
      <trkpt lon="-117.167000" lat="32.897931"><ele>93.073344</ele><time>2024-08-28T03:19:33Z</time><extensions><speed>0.077572</speed><course>239.296707</course><hAcc>1.988074</hAcc><vAcc>1.086486</vAcc></extensions></trkpt>
      <trkpt lon="-117.167000" lat="32.897930"><ele>93.098863</ele><time>2024-08-28T03:19:34Z</time><extensions><speed>0.096599</speed><course>244.302961</course><hAcc>2.003518</hAcc><vAcc>1.080035</vAcc></extensions></trkpt>
      <trkpt lon="-117.167002" lat="32.897930"><ele>93.150727</ele><time>2024-08-28T03:19:35Z</time><extensions><speed>0.116199</speed><course>251.943685</course><hAcc>2.009338</hAcc><vAcc>1.074929</vAcc></extensions></trkpt>
      <trkpt lon="-117.167003" lat="32.897930"><ele>93.204734</ele><time>2024-08-28T03:19:36Z</time><extensions><speed>0.125537</speed><course>264.051966</course><hAcc>2.003567</hAcc><vAcc>1.068945</vAcc></extensions></trkpt>
      <trkpt lon="-117.167004" lat="32.897930"><ele>93.271913</ele><time>2024-08-28T03:19:37Z</time><extensions><speed>0.116523</speed><course>273.595876</course><hAcc>2.006024</hAcc><vAcc>1.061128</vAcc></extensions></trkpt>
      <trkpt lon="-117.167006" lat="32.897930"><ele>93.352322</ele><time>2024-08-28T03:19:38Z</time><extensions><speed>0.102015</speed><course>265.792492</course><hAcc>2.017312</hAcc><vAcc>1.049649</vAcc></extensions></trkpt>
      <trkpt lon="-117.167007" lat="32.897930"><ele>93.431769</ele><time>2024-08-28T03:19:39Z</time><extensions><speed>0.091175</speed><course>264.629782</course><hAcc>2.019727</hAcc><vAcc>1.037840</vAcc></extensions></trkpt>
      <trkpt lon="-117.167008" lat="32.897930"><ele>93.512525</ele><time>2024-08-28T03:19:40Z</time><extensions><speed>0.085055</speed><course>267.489725</course><hAcc>2.014682</hAcc><vAcc>1.024248</vAcc></extensions></trkpt>
      <trkpt lon="-117.167008" lat="32.897930"><ele>93.593526</ele><time>2024-08-28T03:19:41Z</time><extensions><speed>0.082716</speed><course>272.366746</course><hAcc>2.010494</hAcc><vAcc>1.009225</vAcc></extensions></trkpt>
      <trkpt lon="-117.167009" lat="32.897930"><ele>93.673594</ele><time>2024-08-28T03:19:42Z</time><extensions><speed>0.085496</speed><course>277.312427</course><hAcc>2.007301</hAcc><vAcc>0.994271</vAcc></extensions></trkpt>
      <trkpt lon="-117.167010" lat="32.897930"><ele>93.753109</ele><time>2024-08-28T03:19:43Z</time><extensions><speed>0.091699</speed><course>280.906462</course><hAcc>2.003827</hAcc><vAcc>0.979769</vAcc></extensions></trkpt>
      <trkpt lon="-117.167011" lat="32.897930"><ele>93.832172</ele><time>2024-08-28T03:19:44Z</time><extensions><speed>0.095781</speed><course>282.311334</course><hAcc>2.000693</hAcc><vAcc>0.964948</vAcc></extensions></trkpt>
      <trkpt lon="-117.167012" lat="32.897930"><ele>93.910052</ele><time>2024-08-28T03:19:45Z</time><extensions><speed>0.083784</speed><course>279.561222</course><hAcc>1.998744</hAcc><vAcc>0.949593</vAcc></extensions></trkpt>
      <trkpt lon="-117.167013" lat="32.897930"><ele>93.985728</ele><time>2024-08-28T03:19:46Z</time><extensions><speed>0.059596</speed><course>269.591313</course><hAcc>1.991942</hAcc><vAcc>0.933566</vAcc></extensions></trkpt>
      <trkpt lon="-117.167013" lat="32.897930"><ele>94.058164</ele><time>2024-08-28T03:19:47Z</time><extensions><speed>0.041100</speed><course>252.583855</course><hAcc>1.975211</hAcc><vAcc>0.916853</vAcc></extensions></trkpt>
      <trkpt lon="-117.167014" lat="32.897930"><ele>94.126809</ele><time>2024-08-28T03:19:48Z</time><extensions><speed>0.028862</speed><course>239.780257</course><hAcc>1.955614</hAcc><vAcc>0.900132</vAcc></extensions></trkpt>
      <trkpt lon="-117.167014" lat="32.897930"><ele>94.190882</ele><time>2024-08-28T03:19:49Z</time><extensions><speed>0.024315</speed><course>222.454270</course><hAcc>1.942384</hAcc><vAcc>0.883697</vAcc></extensions></trkpt>
      <trkpt lon="-117.167014" lat="32.897930"><ele>94.249967</ele><time>2024-08-28T03:19:50Z</time><extensions><speed>0.019821</speed><course>213.708625</course><hAcc>1.925275</hAcc><vAcc>0.868084</vAcc></extensions></trkpt>
      <trkpt lon="-117.167014" lat="32.897930"><ele>94.303876</ele><time>2024-08-28T03:19:51Z</time><extensions><speed>0.015425</speed><course>208.987386</course><hAcc>1.904927</hAcc><vAcc>0.853927</vAcc></extensions></trkpt>
      <trkpt lon="-117.167014" lat="32.897930"><ele>94.359139</ele><time>2024-08-28T03:19:52Z</time><extensions><speed>0.010236</speed><course>207.305807</course><hAcc>1.888641</hAcc><vAcc>0.841426</vAcc></extensions></trkpt>
      <trkpt lon="-117.167014" lat="32.897930"><ele>94.414035</ele><time>2024-08-28T03:19:53Z</time><extensions><speed>0.006487</speed><course>197.664723</course><hAcc>1.876154</hAcc><vAcc>0.830554</vAcc></extensions></trkpt>
      <trkpt lon="-117.167014" lat="32.897929"><ele>94.461806</ele><time>2024-08-28T03:19:54Z</time><extensions><speed>0.004612</speed><course>182.975755</course><hAcc>1.866426</hAcc><vAcc>0.821873</vAcc></extensions></trkpt>
      <trkpt lon="-117.167014" lat="32.897929"><ele>94.505215</ele><time>2024-08-28T03:19:55Z</time><extensions><speed>0.003478</speed><course>187.639845</course><hAcc>1.856613</hAcc><vAcc>0.815177</vAcc></extensions></trkpt>
      <trkpt lon="-117.167014" lat="32.897929"><ele>94.545396</ele><time>2024-08-28T03:19:56Z</time><extensions><speed>0.002524</speed><course>194.493245</course><hAcc>1.855636</hAcc><vAcc>0.810518</vAcc></extensions></trkpt>
      <trkpt lon="-117.167014" lat="32.897929"><ele>94.582338</ele><time>2024-08-28T03:19:57Z</time><extensions><speed>0.001604</speed><course>205.628365</course><hAcc>1.870212</hAcc><vAcc>0.807753</vAcc></extensions></trkpt>
      <trkpt lon="-117.167015" lat="32.897929"><ele>94.609363</ele><time>2024-08-28T03:19:58Z</time><extensions><speed>0.002014</speed><course>285.466377</course><hAcc>1.869279</hAcc><vAcc>0.807329</vAcc></extensions></trkpt>
      <trkpt lon="-117.167015" lat="32.897929"><ele>94.628817</ele><time>2024-08-28T03:19:59Z</time><extensions><speed>0.005398</speed><course>319.151218</course><hAcc>1.849591</hAcc><vAcc>0.808875</vAcc></extensions></trkpt>
      <trkpt lon="-117.167015" lat="32.897929"><ele>94.639926</ele><time>2024-08-28T03:20:00Z</time><extensions><speed>0.010092</speed><course>332.938114</course><hAcc>1.856490</hAcc><vAcc>0.812537</vAcc></extensions></trkpt>
      <trkpt lon="-117.167015" lat="32.897930"><ele>94.641830</ele><time>2024-08-28T03:20:01Z</time><extensions><speed>0.018957</speed><course>335.485468</course><hAcc>1.873266</hAcc><vAcc>0.817657</vAcc></extensions></trkpt>
      <trkpt lon="-117.167015" lat="32.897930"><ele>94.638118</ele><time>2024-08-28T03:20:02Z</time><extensions><speed>0.036136</speed><course>339.583184</course><hAcc>1.880718</hAcc><vAcc>0.823883</vAcc></extensions></trkpt>
      <trkpt lon="-117.167015" lat="32.897930"><ele>94.624334</ele><time>2024-08-28T03:20:03Z</time><extensions><speed>0.043548</speed><course>324.158097</course><hAcc>1.882163</hAcc><vAcc>0.830538</vAcc></extensions></trkpt>
      <trkpt lon="-117.167015" lat="32.897930"><ele>94.601295</ele><time>2024-08-28T03:20:04Z</time><extensions><speed>0.061910</speed><course>321.133447</course><hAcc>1.878104</hAcc><vAcc>0.837574</vAcc></extensions></trkpt>
      <trkpt lon="-117.167016" lat="32.897931"><ele>94.572077</ele><time>2024-08-28T03:20:05Z</time><extensions><speed>0.065088</speed><course>317.465531</course><hAcc>1.880241</hAcc><vAcc>0.843965</vAcc></extensions></trkpt>
      <trkpt lon="-117.167016" lat="32.897931"><ele>94.537443</ele><time>2024-08-28T03:20:06Z</time><extensions><speed>0.056711</speed><course>320.373996</course><hAcc>1.894842</hAcc><vAcc>0.849934</vAcc></extensions></trkpt>
      <trkpt lon="-117.167017" lat="32.897932"><ele>94.498253</ele><time>2024-08-28T03:20:07Z</time><extensions><speed>0.063751</speed><course>338.352828</course><hAcc>1.898644</hAcc><vAcc>0.855660</vAcc></extensions></trkpt>
      <trkpt lon="-117.167017" lat="32.897933"><ele>94.455420</ele><time>2024-08-28T03:20:08Z</time><extensions><speed>0.092693</speed><course>357.313310</course><hAcc>1.887142</hAcc><vAcc>0.861575</vAcc></extensions></trkpt>
      <trkpt lon="-117.167017" lat="32.897933"><ele>94.409557</ele><time>2024-08-28T03:20:09Z</time><extensions><speed>0.088583</speed><course>5.212421</course><hAcc>1.879395</hAcc><vAcc>0.867126</vAcc></extensions></trkpt>
      <trkpt lon="-117.167017" lat="32.897934"><ele>94.343649</ele><time>2024-08-28T03:20:10Z</time><extensions><speed>0.093988</speed><course>7.498325</course><hAcc>1.869556</hAcc><vAcc>0.872660</vAcc></extensions></trkpt>
      <trkpt lon="-117.167016" lat="32.897935"><ele>94.271945</ele><time>2024-08-28T03:20:11Z</time><extensions><speed>0.120184</speed><course>6.675382</course><hAcc>1.847903</hAcc><vAcc>0.877617</vAcc></extensions></trkpt>
      <trkpt lon="-117.167016" lat="32.897936"><ele>94.201836</ele><time>2024-08-28T03:20:12Z</time><extensions><speed>0.119417</speed><course>2.256887</course><hAcc>1.829276</hAcc><vAcc>0.882222</vAcc></extensions></trkpt>
      <trkpt lon="-117.167016" lat="32.897937"><ele>94.134510</ele><time>2024-08-28T03:20:13Z</time><extensions><speed>0.086640</speed><course>351.734384</course><hAcc>1.819070</hAcc><vAcc>0.887477</vAcc></extensions></trkpt>
      <trkpt lon="-117.167016" lat="32.897938"><ele>94.067697</ele><time>2024-08-28T03:20:14Z</time><extensions><speed>0.061745</speed><course>342.824477</course><hAcc>1.806448</hAcc><vAcc>0.894146</vAcc></extensions></trkpt>
      <trkpt lon="-117.167017" lat="32.897938"><ele>94.008166</ele><time>2024-08-28T03:20:15Z</time><extensions><speed>0.020333</speed><course>312.956908</course><hAcc>1.810222</hAcc><vAcc>0.902316</vAcc></extensions></trkpt>
      <trkpt lon="-117.167017" lat="32.897938"><ele>93.957145</ele><time>2024-08-28T03:20:16Z</time><extensions><speed>0.008598</speed><course>207.109785</course><hAcc>1.824691</hAcc><vAcc>0.911327</vAcc></extensions></trkpt>
      <trkpt lon="-117.167017" lat="32.897938"><ele>93.908490</ele><time>2024-08-28T03:20:17Z</time><extensions><speed>0.020333</speed><course>154.451171</course><hAcc>1.835054</hAcc><vAcc>0.922072</vAcc></extensions></trkpt>
      <trkpt lon="-117.167017" lat="32.897938"><ele>93.865402</ele><time>2024-08-28T03:20:18Z</time><extensions><speed>0.038339</speed><course>136.999211</course><hAcc>1.824561</hAcc><vAcc>0.934187</vAcc></extensions></trkpt>
      <trkpt lon="-117.167016" lat="32.897937"><ele>93.831443</ele><time>2024-08-28T03:20:19Z</time><extensions><speed>0.046415</speed><course>119.704035</course><hAcc>1.834182</hAcc><vAcc>0.947540</vAcc></extensions></trkpt>
      <trkpt lon="-117.167016" lat="32.897937"><ele>93.794665</ele><time>2024-08-28T03:20:20Z</time><extensions><speed>0.045791</speed><course>79.790654</course><hAcc>1.852996</hAcc><vAcc>0.962697</vAcc></extensions></trkpt>
      <trkpt lon="-117.167015" lat="32.897938"><ele>93.766006</ele><time>2024-08-28T03:20:21Z</time><extensions><speed>0.046206</speed><course>38.233745</course><hAcc>1.880533</hAcc><vAcc>0.978375</vAcc></extensions></trkpt>
      <trkpt lon="-117.167015" lat="32.897938"><ele>93.748444</ele><time>2024-08-28T03:20:22Z</time><extensions><speed>0.048017</speed><course>7.534982</course><hAcc>1.918040</hAcc><vAcc>0.993566</vAcc></extensions></trkpt>
      <trkpt lon="-117.167015" lat="32.897938"><ele>93.739809</ele><time>2024-08-28T03:20:23Z</time><extensions><speed>0.030598</speed><course>334.627992</course><hAcc>1.967421</hAcc><vAcc>1.009131</vAcc></extensions></trkpt>
      <trkpt lon="-117.167015" lat="32.897939"><ele>93.739226</ele><time>2024-08-28T03:20:24Z</time><extensions><speed>0.037746</speed><course>328.907143</course><hAcc>2.005774</hAcc><vAcc>1.023869</vAcc></extensions></trkpt>
      <trkpt lon="-117.167016" lat="32.897939"><ele>93.745528</ele><time>2024-08-28T03:20:25Z</time><extensions><speed>0.050571</speed><course>341.334649</course><hAcc>2.035415</hAcc><vAcc>1.037690</vAcc></extensions></trkpt>
      <trkpt lon="-117.167016" lat="32.897939"><ele>93.760694</ele><time>2024-08-28T03:20:26Z</time><extensions><speed>0.049351</speed><course>346.456785</course><hAcc>2.064531</hAcc><vAcc>1.050322</vAcc></extensions></trkpt>
      <trkpt lon="-117.167016" lat="32.897940"><ele>93.780337</ele><time>2024-08-28T03:20:27Z</time><extensions><speed>0.049143</speed><course>348.782905</course><hAcc>2.089013</hAcc><vAcc>1.061408</vAcc></extensions></trkpt>
      <trkpt lon="-117.167016" lat="32.897940"><ele>93.810891</ele><time>2024-08-28T03:20:28Z</time><extensions><speed>0.044927</speed><course>348.511125</course><hAcc>2.112767</hAcc><vAcc>1.072144</vAcc></extensions></trkpt>
      <trkpt lon="-117.167016" lat="32.897940"><ele>93.844868</ele><time>2024-08-28T03:20:29Z</time><extensions><speed>0.020397</speed><course>336.490440</course><hAcc>2.137247</hAcc><vAcc>1.080521</vAcc></extensions></trkpt>
      <trkpt lon="-117.167016" lat="32.897940"><ele>93.879486</ele><time>2024-08-28T03:20:30Z</time><extensions><speed>0.014157</speed><course>17.578100</course><hAcc>2.142874</hAcc><vAcc>1.089688</vAcc></extensions></trkpt>
      <trkpt lon="-117.167016" lat="32.897940"><ele>93.916121</ele><time>2024-08-28T03:20:31Z</time><extensions><speed>0.025655</speed><course>87.347181</course><hAcc>2.148154</hAcc><vAcc>1.097931</vAcc></extensions></trkpt>
      <trkpt lon="-117.167015" lat="32.897940"><ele>93.954790</ele><time>2024-08-28T03:20:32Z</time><extensions><speed>0.052104</speed><course>82.523247</course><hAcc>2.141384</hAcc><vAcc>1.104218</vAcc></extensions></trkpt>
      <trkpt lon="-117.167015" lat="32.897940"><ele>93.994160</ele><time>2024-08-28T03:20:33Z</time><extensions><speed>0.065328</speed><course>93.704401</course><hAcc>2.133281</hAcc><vAcc>1.110297</vAcc></extensions></trkpt>
      <trkpt lon="-117.167014" lat="32.897940"><ele>94.033901</ele><time>2024-08-28T03:20:34Z</time><extensions><speed>0.068634</speed><course>105.019937</course><hAcc>2.130335</hAcc><vAcc>1.116069</vAcc></extensions></trkpt>
      <trkpt lon="-117.167013" lat="32.897940"><ele>94.075533</ele><time>2024-08-28T03:20:35Z</time><extensions><speed>0.068725</speed><course>104.930264</course><hAcc>2.116556</hAcc><vAcc>1.121482</vAcc></extensions></trkpt>
      <trkpt lon="-117.167012" lat="32.897940"><ele>94.123197</ele><time>2024-08-28T03:20:36Z</time><extensions><speed>0.069350</speed><course>106.401232</course><hAcc>2.095474</hAcc><vAcc>1.125465</vAcc></extensions></trkpt>
      <trkpt lon="-117.167012" lat="32.897940"><ele>94.169834</ele><time>2024-08-28T03:20:37Z</time><extensions><speed>0.071919</speed><course>102.737304</course><hAcc>2.069012</hAcc><vAcc>1.130051</vAcc></extensions></trkpt>
      <trkpt lon="-117.167011" lat="32.897940"><ele>94.215198</ele><time>2024-08-28T03:20:38Z</time><extensions><speed>0.060420</speed><course>105.285342</course><hAcc>2.066596</hAcc><vAcc>1.135390</vAcc></extensions></trkpt>
      <trkpt lon="-117.167010" lat="32.897940"><ele>94.259317</ele><time>2024-08-28T03:20:39Z</time><extensions><speed>0.041825</speed><course>112.720448</course><hAcc>2.073788</hAcc><vAcc>1.140204</vAcc></extensions></trkpt>
      <trkpt lon="-117.167010" lat="32.897940"><ele>94.301725</ele><time>2024-08-28T03:20:40Z</time><extensions><speed>0.030157</speed><course>108.550610</course><hAcc>2.060766</hAcc><vAcc>1.145112</vAcc></extensions></trkpt>
      <trkpt lon="-117.167010" lat="32.897940"><ele>94.342221</ele><time>2024-08-28T03:20:41Z</time><extensions><speed>0.020133</speed><course>89.647344</course><hAcc>2.050500</hAcc><vAcc>1.150208</vAcc></extensions></trkpt>
      <trkpt lon="-117.167010" lat="32.897940"><ele>94.367550</ele><time>2024-08-28T03:20:42Z</time><extensions><speed>0.018993</speed><course>44.638223</course><hAcc>2.042174</hAcc><vAcc>1.154933</vAcc></extensions></trkpt>
      <trkpt lon="-117.167010" lat="32.897940"><ele>94.390360</ele><time>2024-08-28T03:20:43Z</time><extensions><speed>0.027980</speed><course>16.925835</course><hAcc>2.040634</hAcc><vAcc>1.161231</vAcc></extensions></trkpt>
      <trkpt lon="-117.167010" lat="32.897941"><ele>94.410650</ele><time>2024-08-28T03:20:44Z</time><extensions><speed>0.039192</speed><course>7.030199</course><hAcc>2.041840</hAcc><vAcc>1.168534</vAcc></extensions></trkpt>
      <trkpt lon="-117.167010" lat="32.897941"><ele>94.428416</ele><time>2024-08-28T03:20:45Z</time><extensions><speed>0.059679</speed><course>5.836655</course><hAcc>2.032045</hAcc><vAcc>1.177261</vAcc></extensions></trkpt>
      <trkpt lon="-117.167010" lat="32.897942"><ele>94.437712</ele><time>2024-08-28T03:20:46Z</time><extensions><speed>0.044515</speed><course>2.501776</course><hAcc>2.066504</hAcc><vAcc>1.186134</vAcc></extensions></trkpt>
      <trkpt lon="-117.167010" lat="32.897942"><ele>94.445376</ele><time>2024-08-28T03:20:47Z</time><extensions><speed>0.045295</speed><course>355.180156</course><hAcc>2.080174</hAcc><vAcc>1.198531</vAcc></extensions></trkpt>
      <trkpt lon="-117.167010" lat="32.897943"><ele>94.450546</ele><time>2024-08-28T03:20:48Z</time><extensions><speed>0.063646</speed><course>348.136409</course><hAcc>2.065895</hAcc><vAcc>1.214020</vAcc></extensions></trkpt>
      <trkpt lon="-117.167010" lat="32.897943"><ele>94.451775</ele><time>2024-08-28T03:20:49Z</time><extensions><speed>0.078026</speed><course>342.813254</course><hAcc>2.068344</hAcc><vAcc>1.229927</vAcc></extensions></trkpt>
      <trkpt lon="-117.167010" lat="32.897944"><ele>94.450097</ele><time>2024-08-28T03:20:50Z</time><extensions><speed>0.090948</speed><course>338.708460</course><hAcc>2.083681</hAcc><vAcc>1.247672</vAcc></extensions></trkpt>
      <trkpt lon="-117.167011" lat="32.897945"><ele>94.445584</ele><time>2024-08-28T03:20:51Z</time><extensions><speed>0.100504</speed><course>335.609519</course><hAcc>2.102662</hAcc><vAcc>1.266695</vAcc></extensions></trkpt>
      <trkpt lon="-117.167011" lat="32.897946"><ele>94.438681</ele><time>2024-08-28T03:20:52Z</time><extensions><speed>0.098801</speed><course>333.052863</course><hAcc>2.127427</hAcc><vAcc>1.287008</vAcc></extensions></trkpt>
      <trkpt lon="-117.167012" lat="32.897947"><ele>94.429671</ele><time>2024-08-28T03:20:53Z</time><extensions><speed>0.082924</speed><course>330.512790</course><hAcc>2.162376</hAcc><vAcc>1.307848</vAcc></extensions></trkpt>
      <trkpt lon="-117.167012" lat="32.897947"><ele>94.419361</ele><time>2024-08-28T03:20:54Z</time><extensions><speed>0.068132</speed><course>327.869833</course><hAcc>2.197093</hAcc><vAcc>1.330540</vAcc></extensions></trkpt>
      <trkpt lon="-117.167013" lat="32.897948"><ele>94.407821</ele><time>2024-08-28T03:20:55Z</time><extensions><speed>0.058646</speed><course>325.216811</course><hAcc>2.220034</hAcc><vAcc>1.353574</vAcc></extensions></trkpt>
      <trkpt lon="-117.167013" lat="32.897948"><ele>94.365663</ele><time>2024-08-28T03:20:56Z</time><extensions><speed>0.063447</speed><course>323.907135</course><hAcc>2.220180</hAcc><vAcc>1.376977</vAcc></extensions></trkpt>
      <trkpt lon="-117.167013" lat="32.897948"><ele>94.322270</ele><time>2024-08-28T03:20:57Z</time><extensions><speed>0.056255</speed><course>323.832187</course><hAcc>2.242763</hAcc><vAcc>1.400923</vAcc></extensions></trkpt>
      <trkpt lon="-117.167014" lat="32.897949"><ele>94.276239</ele><time>2024-08-28T03:20:58Z</time><extensions><speed>0.045292</speed><course>324.322439</course><hAcc>2.283479</hAcc><vAcc>1.423822</vAcc></extensions></trkpt>
      <trkpt lon="-117.167014" lat="32.897949"><ele>94.227828</ele><time>2024-08-28T03:20:59Z</time><extensions><speed>0.033899</speed><course>325.510107</course><hAcc>2.327814</hAcc><vAcc>1.444893</vAcc></extensions></trkpt>
      <trkpt lon="-117.167014" lat="32.897949"><ele>94.178355</ele><time>2024-08-28T03:21:00Z</time><extensions><speed>0.023508</speed><course>328.020474</course><hAcc>2.368642</hAcc><vAcc>1.464815</vAcc></extensions></trkpt>
      <trkpt lon="-117.167014" lat="32.897949"><ele>94.128573</ele><time>2024-08-28T03:21:01Z</time><extensions><speed>0.014329</speed><course>334.151978</course><hAcc>2.403554</hAcc><vAcc>1.484082</vAcc></extensions></trkpt>
      <trkpt lon="-117.167014" lat="32.897950"><ele>94.075349</ele><time>2024-08-28T03:21:02Z</time><extensions><speed>0.007550</speed><course>7.632951</course><hAcc>2.431954</hAcc><vAcc>1.497645</vAcc></extensions></trkpt>
      <trkpt lon="-117.167014" lat="32.897950"><ele>94.023455</ele><time>2024-08-28T03:21:03Z</time><extensions><speed>0.008561</speed><course>69.314924</course><hAcc>2.453933</hAcc><vAcc>1.510643</vAcc></extensions></trkpt>
      <trkpt lon="-117.167014" lat="32.897950"><ele>93.971877</ele><time>2024-08-28T03:21:04Z</time><extensions><speed>0.014889</speed><course>89.439691</course><hAcc>2.467877</hAcc><vAcc>1.521486</vAcc></extensions></trkpt>
      <trkpt lon="-117.167013" lat="32.897950"><ele>93.920013</ele><time>2024-08-28T03:21:05Z</time><extensions><speed>0.021617</speed><course>89.025833</course><hAcc>2.469303</hAcc><vAcc>1.526846</vAcc></extensions></trkpt>
      <trkpt lon="-117.167013" lat="32.897950"><ele>93.868933</ele><time>2024-08-28T03:21:06Z</time><extensions><speed>0.029068</speed><course>75.530448</course><hAcc>2.460484</hAcc><vAcc>1.527692</vAcc></extensions></trkpt>
      <trkpt lon="-117.167013" lat="32.897950"><ele>93.820280</ele><time>2024-08-28T03:21:07Z</time><extensions><speed>0.025529</speed><course>90.105806</course><hAcc>2.465932</hAcc><vAcc>1.529480</vAcc></extensions></trkpt>
      <trkpt lon="-117.167012" lat="32.897950"><ele>93.774037</ele><time>2024-08-28T03:21:08Z</time><extensions><speed>0.023686</speed><course>93.740473</course><hAcc>2.469742</hAcc><vAcc>1.532378</vAcc></extensions></trkpt>
      <trkpt lon="-117.167012" lat="32.897950"><ele>93.730002</ele><time>2024-08-28T03:21:09Z</time><extensions><speed>0.021788</speed><course>90.934572</course><hAcc>2.472905</hAcc><vAcc>1.534684</vAcc></extensions></trkpt>
      <trkpt lon="-117.167012" lat="32.897950"><ele>93.688284</ele><time>2024-08-28T03:21:10Z</time><extensions><speed>0.021526</speed><course>83.740530</course><hAcc>2.474379</hAcc><vAcc>1.536408</vAcc></extensions></trkpt>
      <trkpt lon="-117.167012" lat="32.897950"><ele>93.648920</ele><time>2024-08-28T03:21:11Z</time><extensions><speed>0.022016</speed><course>71.518524</course><hAcc>2.471566</hAcc><vAcc>1.536391</vAcc></extensions></trkpt>
      <trkpt lon="-117.167012" lat="32.897950"><ele>93.578933</ele><time>2024-08-28T03:21:12Z</time><extensions><speed>0.028680</speed><course>45.931429</course><hAcc>2.437941</hAcc><vAcc>1.537948</vAcc></extensions></trkpt>
      <trkpt lon="-117.167012" lat="32.897950"><ele>93.511461</ele><time>2024-08-28T03:21:13Z</time><extensions><speed>0.014500</speed><course>38.560296</course><hAcc>2.427046</hAcc><vAcc>1.539823</vAcc></extensions></trkpt>
      <trkpt lon="-117.167012" lat="32.897950"><ele>93.441057</ele><time>2024-08-28T03:21:14Z</time><extensions><speed>0.010736</speed><course>331.154912</course><hAcc>2.426926</hAcc><vAcc>1.538729</vAcc></extensions></trkpt>
      <trkpt lon="-117.167013" lat="32.897950"><ele>93.376819</ele><time>2024-08-28T03:21:15Z</time><extensions><speed>0.022714</speed><course>297.510004</course><hAcc>2.425555</hAcc><vAcc>1.537311</vAcc></extensions></trkpt>
      <trkpt lon="-117.167013" lat="32.897951"><ele>93.314667</ele><time>2024-08-28T03:21:16Z</time><extensions><speed>0.038168</speed><course>289.575667</course><hAcc>2.422587</hAcc><vAcc>1.535721</vAcc></extensions></trkpt>
      <trkpt lon="-117.167014" lat="32.897951"><ele>93.255149</ele><time>2024-08-28T03:21:17Z</time><extensions><speed>0.055052</speed><course>286.803273</course><hAcc>2.417594</hAcc><vAcc>1.535430</vAcc></extensions></trkpt>
      <trkpt lon="-117.167015" lat="32.897951"><ele>93.193046</ele><time>2024-08-28T03:21:18Z</time><extensions><speed>0.073230</speed><course>285.891295</course><hAcc>2.409832</hAcc><vAcc>1.534379</vAcc></extensions></trkpt>
      <trkpt lon="-117.167016" lat="32.897951"><ele>93.137708</ele><time>2024-08-28T03:21:19Z</time><extensions><speed>0.092791</speed><course>285.734067</course><hAcc>2.398192</hAcc><vAcc>1.533682</vAcc></extensions></trkpt>
      <trkpt lon="-117.167017" lat="32.897952"><ele>93.101431</ele><time>2024-08-28T03:21:20Z</time><extensions><speed>0.108738</speed><course>286.091130</course><hAcc>2.387853</hAcc><vAcc>1.527178</vAcc></extensions></trkpt>
      <trkpt lon="-117.167018" lat="32.897952"><ele>93.064329</ele><time>2024-08-28T03:21:21Z</time><extensions><speed>0.115640</speed><course>286.512113</course><hAcc>2.390261</hAcc><vAcc>1.525029</vAcc></extensions></trkpt>
      <trkpt lon="-117.167020" lat="32.897952"><ele>93.027887</ele><time>2024-08-28T03:21:22Z</time><extensions><speed>0.097215</speed><course>288.062414</course><hAcc>2.406244</hAcc><vAcc>1.524240</vAcc></extensions></trkpt>
      <trkpt lon="-117.167021" lat="32.897952"><ele>92.995134</ele><time>2024-08-28T03:21:23Z</time><extensions><speed>0.095746</speed><course>293.147498</course><hAcc>2.395669</hAcc><vAcc>1.521902</vAcc></extensions></trkpt>
      <trkpt lon="-117.167022" lat="32.897953"><ele>92.959887</ele><time>2024-08-28T03:21:24Z</time><extensions><speed>0.121526</speed><course>301.827349</course><hAcc>2.369730</hAcc><vAcc>1.519735</vAcc></extensions></trkpt>
      <trkpt lon="-117.167023" lat="32.897953"><ele>92.928479</ele><time>2024-08-28T03:21:25Z</time><extensions><speed>0.090022</speed><course>294.347890</course><hAcc>2.388500</hAcc><vAcc>1.517973</vAcc></extensions></trkpt>
      <trkpt lon="-117.167024" lat="32.897954"><ele>92.899929</ele><time>2024-08-28T03:21:26Z</time><extensions><speed>0.094752</speed><course>292.237094</course><hAcc>2.396119</hAcc><vAcc>1.516469</vAcc></extensions></trkpt>
      <trkpt lon="-117.167025" lat="32.897954"><ele>92.874068</ele><time>2024-08-28T03:21:27Z</time><extensions><speed>0.084704</speed><course>296.813831</course><hAcc>2.416853</hAcc><vAcc>1.516663</vAcc></extensions></trkpt>
      <trkpt lon="-117.167026" lat="32.897955"><ele>92.850947</ele><time>2024-08-28T03:21:28Z</time><extensions><speed>0.120355</speed><course>308.522578</course><hAcc>2.404297</hAcc><vAcc>1.517098</vAcc></extensions></trkpt>
      <trkpt lon="-117.167027" lat="32.897955"><ele>92.830531</ele><time>2024-08-28T03:21:29Z</time><extensions><speed>0.130488</speed><course>308.297690</course><hAcc>2.408394</hAcc><vAcc>1.516549</vAcc></extensions></trkpt>
      <trkpt lon="-117.167028" lat="32.897956"><ele>92.812595</ele><time>2024-08-28T03:21:30Z</time><extensions><speed>0.132693</speed><course>307.394403</course><hAcc>2.428718</hAcc><vAcc>1.515089</vAcc></extensions></trkpt>
      <trkpt lon="-117.167030" lat="32.897956"><ele>92.796861</ele><time>2024-08-28T03:21:31Z</time><extensions><speed>0.115856</speed><course>296.734126</course><hAcc>2.454056</hAcc><vAcc>1.513125</vAcc></extensions></trkpt>
      <trkpt lon="-117.167031" lat="32.897957"><ele>92.783013</ele><time>2024-08-28T03:21:32Z</time><extensions><speed>0.108399</speed><course>292.058824</course><hAcc>2.465575</hAcc><vAcc>1.511722</vAcc></extensions></trkpt>
      <trkpt lon="-117.167032" lat="32.897957"><ele>92.770744</ele><time>2024-08-28T03:21:33Z</time><extensions><speed>0.097342</speed><course>284.792811</course><hAcc>2.467047</hAcc><vAcc>1.512412</vAcc></extensions></trkpt>
      <trkpt lon="-117.167033" lat="32.897957"><ele>92.774716</ele><time>2024-08-28T03:21:34Z</time><extensions><speed>0.091398</speed><course>289.217457</course><hAcc>2.457804</hAcc><vAcc>1.512379</vAcc></extensions></trkpt>
      <trkpt lon="-117.167034" lat="32.897957"><ele>92.780922</ele><time>2024-08-28T03:21:35Z</time><extensions><speed>0.072755</speed><course>270.559299</course><hAcc>2.458501</hAcc><vAcc>1.512592</vAcc></extensions></trkpt>
      <trkpt lon="-117.167035" lat="32.897957"><ele>92.788332</ele><time>2024-08-28T03:21:36Z</time><extensions><speed>0.061847</speed><course>257.004196</course><hAcc>2.455824</hAcc><vAcc>1.513713</vAcc></extensions></trkpt>
      <trkpt lon="-117.167035" lat="32.897957"><ele>92.796929</ele><time>2024-08-28T03:21:37Z</time><extensions><speed>0.053404</speed><course>245.820834</course><hAcc>2.448927</hAcc><vAcc>1.515691</vAcc></extensions></trkpt>
      <trkpt lon="-117.167036" lat="32.897956"><ele>92.806525</ele><time>2024-08-28T03:21:38Z</time><extensions><speed>0.048531</speed><course>235.393287</course><hAcc>2.437177</hAcc><vAcc>1.518904</vAcc></extensions></trkpt>
      <trkpt lon="-117.167036" lat="32.897956"><ele>92.816986</ele><time>2024-08-28T03:21:39Z</time><extensions><speed>0.045692</speed><course>225.461894</course><hAcc>2.426956</hAcc><vAcc>1.523685</vAcc></extensions></trkpt>
      <trkpt lon="-117.167036" lat="32.897956"><ele>92.828130</ele><time>2024-08-28T03:21:40Z</time><extensions><speed>0.043502</speed><course>216.251896</course><hAcc>2.426168</hAcc><vAcc>1.530628</vAcc></extensions></trkpt>
      <trkpt lon="-117.167037" lat="32.897955"><ele>92.840028</ele><time>2024-08-28T03:21:41Z</time><extensions><speed>0.040678</speed><course>207.923281</course><hAcc>2.434934</hAcc><vAcc>1.539324</vAcc></extensions></trkpt>
      <trkpt lon="-117.167037" lat="32.897955"><ele>92.852726</ele><time>2024-08-28T03:21:42Z</time><extensions><speed>0.042225</speed><course>201.216411</course><hAcc>2.436702</hAcc><vAcc>1.548981</vAcc></extensions></trkpt>
      <trkpt lon="-117.167037" lat="32.897955"><ele>92.865840</ele><time>2024-08-28T03:21:43Z</time><extensions><speed>0.044018</speed><course>196.925387</course><hAcc>2.427890</hAcc><vAcc>1.560720</vAcc></extensions></trkpt>
      <trkpt lon="-117.167037" lat="32.897954"><ele>92.879205</ele><time>2024-08-28T03:21:44Z</time><extensions><speed>0.040853</speed><course>195.730633</course><hAcc>2.408899</hAcc><vAcc>1.574607</vAcc></extensions></trkpt>
      <trkpt lon="-117.167037" lat="32.897954"><ele>92.892914</ele><time>2024-08-28T03:21:45Z</time><extensions><speed>0.048309</speed><course>193.593230</course><hAcc>2.418723</hAcc><vAcc>1.588377</vAcc></extensions></trkpt>
      <trkpt lon="-117.167037" lat="32.897953"><ele>92.906684</ele><time>2024-08-28T03:21:46Z</time><extensions><speed>0.046227</speed><course>192.898663</course><hAcc>2.435123</hAcc><vAcc>1.602218</vAcc></extensions></trkpt>
      <trkpt lon="-117.167037" lat="32.897953"><ele>92.920295</ele><time>2024-08-28T03:21:47Z</time><extensions><speed>0.040843</speed><course>192.596744</course><hAcc>2.447512</hAcc><vAcc>1.616300</vAcc></extensions></trkpt>
      <trkpt lon="-117.167038" lat="32.897953"><ele>92.933934</ele><time>2024-08-28T03:21:48Z</time><extensions><speed>0.034551</speed><course>192.449432</course><hAcc>2.456187</hAcc><vAcc>1.625784</vAcc></extensions></trkpt>
      <trkpt lon="-117.167038" lat="32.897952"><ele>92.947201</ele><time>2024-08-28T03:21:49Z</time><extensions><speed>0.028607</speed><course>192.373503</course><hAcc>2.462240</hAcc><vAcc>1.633283</vAcc></extensions></trkpt>
      <trkpt lon="-117.167038" lat="32.897952"><ele>92.959794</ele><time>2024-08-28T03:21:50Z</time><extensions><speed>0.022863</speed><course>192.333062</course><hAcc>2.467798</hAcc><vAcc>1.642725</vAcc></extensions></trkpt>
      <trkpt lon="-117.167038" lat="32.897952"><ele>92.978581</ele><time>2024-08-28T03:21:51Z</time><extensions><speed>0.017778</speed><course>201.589290</course><hAcc>2.469267</hAcc><vAcc>1.652319</vAcc></extensions></trkpt>
      <trkpt lon="-117.167038" lat="32.897952"><ele>92.997526</ele><time>2024-08-28T03:21:52Z</time><extensions><speed>0.013918</speed><course>215.448470</course><hAcc>2.469971</hAcc><vAcc>1.657580</vAcc></extensions></trkpt>
      <trkpt lon="-117.167038" lat="32.897952"><ele>93.016071</ele><time>2024-08-28T03:21:53Z</time><extensions><speed>0.011975</speed><course>232.919655</course><hAcc>2.471748</hAcc><vAcc>1.660254</vAcc></extensions></trkpt>
      <trkpt lon="-117.167039" lat="32.897952"><ele>93.022369</ele><time>2024-08-28T03:21:54Z</time><extensions><speed>0.014284</speed><course>259.441600</course><hAcc>2.481504</hAcc><vAcc>1.666670</vAcc></extensions></trkpt>
      <trkpt lon="-117.167039" lat="32.897952"><ele>93.028387</ele><time>2024-08-28T03:21:55Z</time><extensions><speed>0.017599</speed><course>273.534558</course><hAcc>2.494133</hAcc><vAcc>1.675579</vAcc></extensions></trkpt>
      <trkpt lon="-117.167040" lat="32.897952"><ele>93.033376</ele><time>2024-08-28T03:21:56Z</time><extensions><speed>0.023587</speed><course>281.150193</course><hAcc>2.499379</hAcc><vAcc>1.681853</vAcc></extensions></trkpt>
      <trkpt lon="-117.167040" lat="32.897952"><ele>93.037746</ele><time>2024-08-28T03:21:57Z</time><extensions><speed>0.034045</speed><course>285.383746</course><hAcc>2.494934</hAcc><vAcc>1.688428</vAcc></extensions></trkpt>
      <trkpt lon="-117.167041" lat="32.897952"><ele>93.041730</ele><time>2024-08-28T03:21:58Z</time><extensions><speed>0.055922</speed><course>287.593917</course><hAcc>2.477955</hAcc><vAcc>1.697761</vAcc></extensions></trkpt>
      <trkpt lon="-117.167042" lat="32.897953"><ele>93.044834</ele><time>2024-08-28T03:21:59Z</time><extensions><speed>0.073094</speed><course>288.792507</course><hAcc>2.481699</hAcc><vAcc>1.705795</vAcc></extensions></trkpt>
      <trkpt lon="-117.167043" lat="32.897953"><ele>93.047180</ele><time>2024-08-28T03:22:00Z</time><extensions><speed>0.086782</speed><course>289.419870</course><hAcc>2.500229</hAcc><vAcc>1.713443</vAcc></extensions></trkpt>
      <trkpt lon="-117.167044" lat="32.897953"><ele>93.048852</ele><time>2024-08-28T03:22:01Z</time><extensions><speed>0.094913</speed><course>289.382005</course><hAcc>2.521873</hAcc><vAcc>1.721513</vAcc></extensions></trkpt>
      <trkpt lon="-117.167045" lat="32.897953"><ele>93.049850</ele><time>2024-08-28T03:22:02Z</time><extensions><speed>0.098408</speed><course>288.862152</course><hAcc>2.543013</hAcc><vAcc>1.729906</vAcc></extensions></trkpt>
      <trkpt lon="-117.167046" lat="32.897954"><ele>93.050241</ele><time>2024-08-28T03:22:03Z</time><extensions><speed>0.094440</speed><course>288.272186</course><hAcc>2.569465</hAcc><vAcc>1.739088</vAcc></extensions></trkpt>
      <trkpt lon="-117.167047" lat="32.897954"><ele>93.049836</ele><time>2024-08-28T03:22:04Z</time><extensions><speed>0.079970</speed><course>287.857486</course><hAcc>2.594693</hAcc><vAcc>1.745220</vAcc></extensions></trkpt>
      <trkpt lon="-117.167048" lat="32.897954"><ele>93.048698</ele><time>2024-08-28T03:22:05Z</time><extensions><speed>0.075086</speed><course>287.672270</course><hAcc>2.598202</hAcc><vAcc>1.746755</vAcc></extensions></trkpt>
      <trkpt lon="-117.167048" lat="32.897954"><ele>93.047482</ele><time>2024-08-28T03:22:06Z</time><extensions><speed>0.070330</speed><course>287.594617</course><hAcc>2.598281</hAcc><vAcc>1.753228</vAcc></extensions></trkpt>
      <trkpt lon="-117.167049" lat="32.897955"><ele>93.045966</ele><time>2024-08-28T03:22:07Z</time><extensions><speed>0.061750</speed><course>287.559962</course><hAcc>2.607419</hAcc><vAcc>1.760023</vAcc></extensions></trkpt>
      <trkpt lon="-117.167050" lat="32.897955"><ele>93.044110</ele><time>2024-08-28T03:22:08Z</time><extensions><speed>0.053360</speed><course>287.543152</course><hAcc>2.619638</hAcc><vAcc>1.764628</vAcc></extensions></trkpt>
      <trkpt lon="-117.167050" lat="32.897955"><ele>93.041961</ele><time>2024-08-28T03:22:09Z</time><extensions><speed>0.045451</speed><course>287.534777</course><hAcc>2.631024</hAcc><vAcc>1.765981</vAcc></extensions></trkpt>
      <trkpt lon="-117.167051" lat="32.897955"><ele>93.039828</ele><time>2024-08-28T03:22:10Z</time><extensions><speed>0.038612</speed><course>287.530539</course><hAcc>2.639655</hAcc><vAcc>1.770966</vAcc></extensions></trkpt>
      <trkpt lon="-117.167051" lat="32.897955"><ele>93.037602</ele><time>2024-08-28T03:22:11Z</time><extensions><speed>0.032896</speed><course>287.528382</course><hAcc>2.644299</hAcc><vAcc>1.775761</vAcc></extensions></trkpt>
      <trkpt lon="-117.167052" lat="32.897955"><ele>93.035302</ele><time>2024-08-28T03:22:12Z</time><extensions><speed>0.028220</speed><course>287.527286</course><hAcc>2.644003</hAcc><vAcc>1.779701</vAcc></extensions></trkpt>
      <trkpt lon="-117.167052" lat="32.897955"><ele>93.032946</ele><time>2024-08-28T03:22:13Z</time><extensions><speed>0.024282</speed><course>287.526733</course><hAcc>2.637625</hAcc><vAcc>1.781876</vAcc></extensions></trkpt>
      <trkpt lon="-117.167052" lat="32.897955"><ele>93.030597</ele><time>2024-08-28T03:22:14Z</time><extensions><speed>0.020888</speed><course>287.526456</course><hAcc>2.625994</hAcc><vAcc>1.783563</vAcc></extensions></trkpt>
      <trkpt lon="-117.167052" lat="32.897955"><ele>93.063024</ele><time>2024-08-28T03:22:15Z</time><extensions><speed>0.017764</speed><course>255.894783</course><hAcc>2.612835</hAcc><vAcc>1.783671</vAcc></extensions></trkpt>
      <trkpt lon="-117.167053" lat="32.897954"><ele>93.097817</ele><time>2024-08-28T03:22:16Z</time><extensions><speed>0.020136</speed><course>225.284647</course><hAcc>2.601113</hAcc><vAcc>1.779895</vAcc></extensions></trkpt>
      <trkpt lon="-117.167053" lat="32.897954"><ele>93.132890</ele><time>2024-08-28T03:22:17Z</time><extensions><speed>0.026366</speed><course>207.594954</course><hAcc>2.587004</hAcc><vAcc>1.774578</vAcc></extensions></trkpt>
      <trkpt lon="-117.167053" lat="32.897953"><ele>93.160955</ele><time>2024-08-28T03:22:18Z</time><extensions><speed>0.031986</speed><course>199.041087</course><hAcc>2.573089</hAcc><vAcc>1.769627</vAcc></extensions></trkpt>
      <trkpt lon="-117.167053" lat="32.897953"><ele>93.188691</ele><time>2024-08-28T03:22:19Z</time><extensions><speed>0.041984</speed><course>194.285664</course><hAcc>2.547430</hAcc><vAcc>1.764698</vAcc></extensions></trkpt>
      <trkpt lon="-117.167053" lat="32.897952"><ele>93.216445</ele><time>2024-08-28T03:22:20Z</time><extensions><speed>0.050290</speed><course>191.545262</course><hAcc>2.526744</hAcc><vAcc>1.758935</vAcc></extensions></trkpt>
      <trkpt lon="-117.167053" lat="32.897951"><ele>93.244087</ele><time>2024-08-28T03:22:21Z</time><extensions><speed>0.054377</speed><course>189.735061</course><hAcc>2.518239</hAcc><vAcc>1.752578</vAcc></extensions></trkpt>
      <trkpt lon="-117.167053" lat="32.897951"><ele>93.271656</ele><time>2024-08-28T03:22:22Z</time><extensions><speed>0.056259</speed><course>188.423666</course><hAcc>2.514920</hAcc><vAcc>1.745183</vAcc></extensions></trkpt>
      <trkpt lon="-117.167054" lat="32.897950"><ele>93.299014</ele><time>2024-08-28T03:22:23Z</time><extensions><speed>0.063835</speed><course>187.526939</course><hAcc>2.505538</hAcc><vAcc>1.736771</vAcc></extensions></trkpt>
      <trkpt lon="-117.167054" lat="32.897949"><ele>93.311438</ele><time>2024-08-28T03:22:24Z</time><extensions><speed>0.075936</speed><course>185.361750</course><hAcc>2.491336</hAcc><vAcc>1.724486</vAcc></extensions></trkpt>
      <trkpt lon="-117.167053" lat="32.897948"><ele>93.320928</ele><time>2024-08-28T03:22:25Z</time><extensions><speed>0.091910</speed><course>183.655205</course><hAcc>2.466166</hAcc><vAcc>1.715878</vAcc></extensions></trkpt>
      <trkpt lon="-117.167053" lat="32.897947"><ele>93.329127</ele><time>2024-08-28T03:22:26Z</time><extensions><speed>0.113313</speed><course>181.982733</course><hAcc>2.430490</hAcc><vAcc>1.707418</vAcc></extensions></trkpt>
      <trkpt lon="-117.167053" lat="32.897946"><ele>93.336567</ele><time>2024-08-28T03:22:27Z</time><extensions><speed>0.110151</speed><course>179.968498</course><hAcc>2.421965</hAcc><vAcc>1.699737</vAcc></extensions></trkpt>
      <trkpt lon="-117.167053" lat="32.897945"><ele>93.342657</ele><time>2024-08-28T03:22:28Z</time><extensions><speed>0.090363</speed><course>177.088108</course><hAcc>2.434917</hAcc><vAcc>1.690640</vAcc></extensions></trkpt>
      <trkpt lon="-117.167053" lat="32.897944"><ele>93.347153</ele><time>2024-08-28T03:22:29Z</time><extensions><speed>0.081604</speed><course>173.130495</course><hAcc>2.438076</hAcc><vAcc>1.678750</vAcc></extensions></trkpt>
      <trkpt lon="-117.167053" lat="32.897943"><ele>93.350640</ele><time>2024-08-28T03:22:30Z</time><extensions><speed>0.069792</speed><course>168.471931</course><hAcc>2.445930</hAcc><vAcc>1.667291</vAcc></extensions></trkpt>
      <trkpt lon="-117.167053" lat="32.897943"><ele>93.352946</ele><time>2024-08-28T03:22:31Z</time><extensions><speed>0.059841</speed><course>163.305344</course><hAcc>2.454006</hAcc><vAcc>1.655323</vAcc></extensions></trkpt>
      <trkpt lon="-117.167052" lat="32.897942"><ele>93.354129</ele><time>2024-08-28T03:22:32Z</time><extensions><speed>0.060133</speed><course>158.974896</course><hAcc>2.449503</hAcc><vAcc>1.642978</vAcc></extensions></trkpt>
      <trkpt lon="-117.167052" lat="32.897942"><ele>93.354423</ele><time>2024-08-28T03:22:33Z</time><extensions><speed>0.054218</speed><course>157.941875</course><hAcc>2.440566</hAcc><vAcc>1.631621</vAcc></extensions></trkpt>
      <trkpt lon="-117.167052" lat="32.897941"><ele>93.354008</ele><time>2024-08-28T03:22:34Z</time><extensions><speed>0.049795</speed><course>167.414716</course><hAcc>2.407154</hAcc><vAcc>1.622381</vAcc></extensions></trkpt>
      <trkpt lon="-117.167052" lat="32.897941"><ele>93.364614</ele><time>2024-08-28T03:22:35Z</time><extensions><speed>0.043572</speed><course>165.345174</course><hAcc>2.404791</hAcc><vAcc>1.613873</vAcc></extensions></trkpt>
      <trkpt lon="-117.167051" lat="32.897940"><ele>93.369199</ele><time>2024-08-28T03:22:36Z</time><extensions><speed>0.050106</speed><course>148.304578</course><hAcc>2.425766</hAcc><vAcc>1.603545</vAcc></extensions></trkpt>
      <trkpt lon="-117.167051" lat="32.897940"><ele>93.373936</ele><time>2024-08-28T03:22:37Z</time><extensions><speed>0.048781</speed><course>140.349886</course><hAcc>2.435593</hAcc><vAcc>1.592383</vAcc></extensions></trkpt>
      <trkpt lon="-117.167051" lat="32.897940"><ele>93.378284</ele><time>2024-08-28T03:22:38Z</time><extensions><speed>0.044970</speed><course>133.577937</course><hAcc>2.431688</hAcc><vAcc>1.580842</vAcc></extensions></trkpt>
      <trkpt lon="-117.167050" lat="32.897940"><ele>93.382254</ele><time>2024-08-28T03:22:39Z</time><extensions><speed>0.042043</speed><course>125.904051</course><hAcc>2.419320</hAcc><vAcc>1.570849</vAcc></extensions></trkpt>
      <trkpt lon="-117.167050" lat="32.897939"><ele>93.386038</ele><time>2024-08-28T03:22:40Z</time><extensions><speed>0.038853</speed><course>116.504579</course><hAcc>2.409035</hAcc><vAcc>1.560461</vAcc></extensions></trkpt>
      <trkpt lon="-117.167049" lat="32.897939"><ele>93.389684</ele><time>2024-08-28T03:22:41Z</time><extensions><speed>0.037014</speed><course>105.406707</course><hAcc>2.400546</hAcc><vAcc>1.549959</vAcc></extensions></trkpt>
      <trkpt lon="-117.167049" lat="32.897939"><ele>93.393211</ele><time>2024-08-28T03:22:42Z</time><extensions><speed>0.037172</speed><course>93.800699</course><hAcc>2.391277</hAcc><vAcc>1.540208</vAcc></extensions></trkpt>
      <trkpt lon="-117.167049" lat="32.897939"><ele>93.396667</ele><time>2024-08-28T03:22:43Z</time><extensions><speed>0.038756</speed><course>83.092331</course><hAcc>2.379591</hAcc><vAcc>1.530559</vAcc></extensions></trkpt>
      <trkpt lon="-117.167048" lat="32.897939"><ele>93.400062</ele><time>2024-08-28T03:22:44Z</time><extensions><speed>0.039963</speed><course>73.653378</course><hAcc>2.364128</hAcc><vAcc>1.520471</vAcc></extensions></trkpt>
      <trkpt lon="-117.167048" lat="32.897940"><ele>93.403314</ele><time>2024-08-28T03:22:45Z</time><extensions><speed>0.037602</speed><course>63.435794</course><hAcc>2.340966</hAcc><vAcc>1.514150</vAcc></extensions></trkpt>
      <trkpt lon="-117.167047" lat="32.897940"><ele>93.406469</ele><time>2024-08-28T03:22:46Z</time><extensions><speed>0.032084</speed><course>42.715164</course><hAcc>2.312543</hAcc><vAcc>1.506881</vAcc></extensions></trkpt>
      <trkpt lon="-117.167047" lat="32.897940"><ele>93.409481</ele><time>2024-08-28T03:22:47Z</time><extensions><speed>0.027156</speed><course>59.112920</course><hAcc>2.296464</hAcc><vAcc>1.500432</vAcc></extensions></trkpt>
      <trkpt lon="-117.167047" lat="32.897940"><ele>93.412335</ele><time>2024-08-28T03:22:48Z</time><extensions><speed>0.023202</speed><course>66.792075</course><hAcc>2.275237</hAcc><vAcc>1.495535</vAcc></extensions></trkpt>
      <trkpt lon="-117.167047" lat="32.897940"><ele>93.415026</ele><time>2024-08-28T03:22:49Z</time><extensions><speed>0.019360</speed><course>70.420023</course><hAcc>2.252694</hAcc><vAcc>1.491607</vAcc></extensions></trkpt>
      <trkpt lon="-117.167047" lat="32.897940"><ele>93.417549</ele><time>2024-08-28T03:22:50Z</time><extensions><speed>0.015420</speed><course>72.180282</course><hAcc>2.241461</hAcc><vAcc>1.488636</vAcc></extensions></trkpt>
      <trkpt lon="-117.167046" lat="32.897940"><ele>93.419899</ele><time>2024-08-28T03:22:51Z</time><extensions><speed>0.010762</speed><course>73.095922</course><hAcc>2.247520</hAcc><vAcc>1.486494</vAcc></extensions></trkpt>
      <trkpt lon="-117.167046" lat="32.897940"><ele>93.422082</ele><time>2024-08-28T03:22:52Z</time><extensions><speed>0.008346</speed><course>73.590529</course><hAcc>2.248920</hAcc><vAcc>1.487744</vAcc></extensions></trkpt>
      <trkpt lon="-117.167046" lat="32.897940"><ele>93.424098</ele><time>2024-08-28T03:22:53Z</time><extensions><speed>0.007088</speed><course>73.822018</course><hAcc>2.244829</hAcc><vAcc>1.491256</vAcc></extensions></trkpt>
      <trkpt lon="-117.167046" lat="32.897940"><ele>93.425941</ele><time>2024-08-28T03:22:54Z</time><extensions><speed>0.007103</speed><course>73.916049</course><hAcc>2.239928</hAcc><vAcc>1.494576</vAcc></extensions></trkpt>
      <trkpt lon="-117.167046" lat="32.897940"><ele>93.427623</ele><time>2024-08-28T03:22:55Z</time><extensions><speed>0.005402</speed><course>73.955331</course><hAcc>2.263862</hAcc><vAcc>1.499129</vAcc></extensions></trkpt>
      <trkpt lon="-117.167046" lat="32.897940"><ele>93.429146</ele><time>2024-08-28T03:22:56Z</time><extensions><speed>0.005435</speed><course>73.974510</course><hAcc>2.265867</hAcc><vAcc>1.504056</vAcc></extensions></trkpt>
      <trkpt lon="-117.167046" lat="32.897940"><ele>93.430514</ele><time>2024-08-28T03:22:57Z</time><extensions><speed>0.004864</speed><course>73.982495</course><hAcc>2.279142</hAcc><vAcc>1.508546</vAcc></extensions></trkpt>
      <trkpt lon="-117.167046" lat="32.897940"><ele>93.431731</ele><time>2024-08-28T03:22:58Z</time><extensions><speed>0.004127</speed><course>73.986439</course><hAcc>2.300857</hAcc><vAcc>1.511335</vAcc></extensions></trkpt>
      <trkpt lon="-117.167046" lat="32.897940"><ele>93.432802</ele><time>2024-08-28T03:22:59Z</time><extensions><speed>0.003409</speed><course>73.988551</course><hAcc>2.320573</hAcc><vAcc>1.511407</vAcc></extensions></trkpt>
      <trkpt lon="-117.167046" lat="32.897940"><ele>93.433760</ele><time>2024-08-28T03:23:00Z</time><extensions><speed>0.002771</speed><course>73.989729</course><hAcc>2.334043</hAcc><vAcc>1.512546</vAcc></extensions></trkpt>
      <trkpt lon="-117.167046" lat="32.897940"><ele>93.434606</ele><time>2024-08-28T03:23:01Z</time><extensions><speed>0.002218</speed><course>73.990402</course><hAcc>2.341169</hAcc><vAcc>1.513598</vAcc></extensions></trkpt>
      <trkpt lon="-117.167046" lat="32.897941"><ele>93.436901</ele><time>2024-08-28T03:23:02Z</time><extensions><speed>0.010299</speed><course>31.874792</course><hAcc>2.342051</hAcc><vAcc>1.514195</vAcc></extensions></trkpt>
      <trkpt lon="-117.167045" lat="32.897941"><ele>93.440616</ele><time>2024-08-28T03:23:03Z</time><extensions><speed>0.018376</speed><course>27.505243</course><hAcc>2.337650</hAcc><vAcc>1.514411</vAcc></extensions></trkpt>
      <trkpt lon="-117.167045" lat="32.897941"><ele>93.444010</ele><time>2024-08-28T03:23:04Z</time><extensions><speed>0.026491</speed><course>26.646936</course><hAcc>2.326629</hAcc><vAcc>1.514231</vAcc></extensions></trkpt>
      <trkpt lon="-117.167045" lat="32.897942"><ele>93.448000</ele><time>2024-08-28T03:23:05Z</time><extensions><speed>0.032270</speed><course>25.970958</course><hAcc>2.321372</hAcc><vAcc>1.518919</vAcc></extensions></trkpt>
      <trkpt lon="-117.167045" lat="32.897942"><ele>93.451697</ele><time>2024-08-28T03:23:06Z</time><extensions><speed>0.038192</speed><course>25.617906</course><hAcc>2.321809</hAcc><vAcc>1.527920</vAcc></extensions></trkpt>
      <trkpt lon="-117.167044" lat="32.897943"><ele>93.455395</ele><time>2024-08-28T03:23:07Z</time><extensions><speed>0.041938</speed><course>25.229572</course><hAcc>2.332198</hAcc><vAcc>1.538268</vAcc></extensions></trkpt>
      <trkpt lon="-117.167044" lat="32.897943"><ele>93.459287</ele><time>2024-08-28T03:23:08Z</time><extensions><speed>0.056461</speed><course>24.651634</course><hAcc>2.325362</hAcc><vAcc>1.546634</vAcc></extensions></trkpt>
      <trkpt lon="-117.167044" lat="32.897944"><ele>93.479252</ele><time>2024-08-28T03:23:09Z</time><extensions><speed>0.090775</speed><course>24.354699</course><hAcc>2.299186</hAcc><vAcc>1.551602</vAcc></extensions></trkpt>
      <trkpt lon="-117.167043" lat="32.897945"><ele>93.500181</ele><time>2024-08-28T03:23:10Z</time><extensions><speed>0.118564</speed><course>23.508777</course><hAcc>2.293386</hAcc><vAcc>1.555186</vAcc></extensions></trkpt>
      <trkpt lon="-117.167043" lat="32.897946"><ele>93.521527</ele><time>2024-08-28T03:23:11Z</time><extensions><speed>0.140418</speed><course>21.460683</course><hAcc>2.303025</hAcc><vAcc>1.558158</vAcc></extensions></trkpt>
      <trkpt lon="-117.167042" lat="32.897947"><ele>93.528639</ele><time>2024-08-28T03:23:12Z</time><extensions><speed>0.151337</speed><course>16.621846</course><hAcc>2.314323</hAcc><vAcc>1.564622</vAcc></extensions></trkpt>
      <trkpt lon="-117.167042" lat="32.897948"><ele>93.535626</ele><time>2024-08-28T03:23:13Z</time><extensions><speed>0.139414</speed><course>15.085997</course><hAcc>2.331607</hAcc><vAcc>1.570460</vAcc></extensions></trkpt>
      <trkpt lon="-117.167041" lat="32.897949"><ele>93.542496</ele><time>2024-08-28T03:23:14Z</time><extensions><speed>0.113891</speed><course>17.693969</course><hAcc>2.362256</hAcc><vAcc>1.576682</vAcc></extensions></trkpt>
      <trkpt lon="-117.167041" lat="32.897950"><ele>93.549136</ele><time>2024-08-28T03:23:15Z</time><extensions><speed>0.082315</speed><course>26.186887</course><hAcc>2.407342</hAcc><vAcc>1.582068</vAcc></extensions></trkpt>
      <trkpt lon="-117.167040" lat="32.897951"><ele>93.555360</ele><time>2024-08-28T03:23:16Z</time><extensions><speed>0.061881</speed><course>33.070482</course><hAcc>2.450276</hAcc><vAcc>1.583818</vAcc></extensions></trkpt>
      <trkpt lon="-117.167040" lat="32.897951"><ele>93.561215</ele><time>2024-08-28T03:23:17Z</time><extensions><speed>0.048448</speed><course>38.685917</course><hAcc>2.486012</hAcc><vAcc>1.583606</vAcc></extensions></trkpt>
      <trkpt lon="-117.167040" lat="32.897952"><ele>93.566781</ele><time>2024-08-28T03:23:18Z</time><extensions><speed>0.041261</speed><course>43.110608</course><hAcc>2.503369</hAcc><vAcc>1.584675</vAcc></extensions></trkpt>
      <trkpt lon="-117.167039" lat="32.897952"><ele>93.571847</ele><time>2024-08-28T03:23:19Z</time><extensions><speed>0.046291</speed><course>45.362878</course><hAcc>2.490025</hAcc><vAcc>1.584698</vAcc></extensions></trkpt>
      <trkpt lon="-117.167039" lat="32.897952"><ele>93.567743</ele><time>2024-08-28T03:23:20Z</time><extensions><speed>0.043729</speed><course>46.505334</course><hAcc>2.494469</hAcc><vAcc>1.582917</vAcc></extensions></trkpt>
      <trkpt lon="-117.167039" lat="32.897952"><ele>93.562764</ele><time>2024-08-28T03:23:21Z</time><extensions><speed>0.036662</speed><course>47.101805</course><hAcc>2.523618</hAcc><vAcc>1.581450</vAcc></extensions></trkpt>
      <trkpt lon="-117.167038" lat="32.897953"><ele>93.556725</ele><time>2024-08-28T03:23:22Z</time><extensions><speed>0.026054</speed><course>47.910155</course><hAcc>2.555407</hAcc><vAcc>1.577364</vAcc></extensions></trkpt>
      <trkpt lon="-117.167038" lat="32.897953"><ele>93.550160</ele><time>2024-08-28T03:23:23Z</time><extensions><speed>0.026379</speed><course>49.363613</course><hAcc>2.542042</hAcc><vAcc>1.572489</vAcc></extensions></trkpt>
      <trkpt lon="-117.167038" lat="32.897953"><ele>93.543935</ele><time>2024-08-28T03:23:24Z</time><extensions><speed>0.024588</speed><course>51.288042</course><hAcc>2.530211</hAcc><vAcc>1.571667</vAcc></extensions></trkpt>
      <trkpt lon="-117.167038" lat="32.897953"><ele>93.537132</ele><time>2024-08-28T03:23:25Z</time><extensions><speed>0.022250</speed><course>53.883318</course><hAcc>2.524904</hAcc><vAcc>1.570287</vAcc></extensions></trkpt>
      <trkpt lon="-117.167037" lat="32.897953"><ele>93.529919</ele><time>2024-08-28T03:23:26Z</time><extensions><speed>0.020143</speed><course>57.255532</course><hAcc>2.518200</hAcc><vAcc>1.569005</vAcc></extensions></trkpt>
      <trkpt lon="-117.167037" lat="32.897953"><ele>93.522338</ele><time>2024-08-28T03:23:27Z</time><extensions><speed>0.018328</speed><course>61.380852</course><hAcc>2.507714</hAcc><vAcc>1.567722</vAcc></extensions></trkpt>
      <trkpt lon="-117.167037" lat="32.897953"><ele>93.514345</ele><time>2024-08-28T03:23:28Z</time><extensions><speed>0.016722</speed><course>65.985091</course><hAcc>2.494811</hAcc><vAcc>1.565202</vAcc></extensions></trkpt>
      <trkpt lon="-117.167037" lat="32.897953"><ele>93.506333</ele><time>2024-08-28T03:23:29Z</time><extensions><speed>0.015206</speed><course>70.444531</course><hAcc>2.479922</hAcc><vAcc>1.564588</vAcc></extensions></trkpt>
      <trkpt lon="-117.167037" lat="32.897953"><ele>93.498209</ele><time>2024-08-28T03:23:30Z</time><extensions><speed>0.013265</speed><course>73.569354</course><hAcc>2.463091</hAcc><vAcc>1.563988</vAcc></extensions></trkpt>
      <trkpt lon="-117.167036" lat="32.897953"><ele>93.502610</ele><time>2024-08-28T03:23:31Z</time><extensions><speed>0.015462</speed><course>89.053133</course><hAcc>2.447143</hAcc><vAcc>1.562503</vAcc></extensions></trkpt>
      <trkpt lon="-117.167036" lat="32.897953"><ele>93.507403</ele><time>2024-08-28T03:23:32Z</time><extensions><speed>0.017873</speed><course>99.084045</course><hAcc>2.439483</hAcc><vAcc>1.560699</vAcc></extensions></trkpt>
      <trkpt lon="-117.167036" lat="32.897953"><ele>93.516269</ele><time>2024-08-28T03:23:33Z</time><extensions><speed>0.018576</speed><course>105.939787</course><hAcc>2.440937</hAcc><vAcc>1.559090</vAcc></extensions></trkpt>
      <trkpt lon="-117.167035" lat="32.897953"><ele>93.524981</ele><time>2024-08-28T03:23:34Z</time><extensions><speed>0.021175</speed><course>111.040363</course><hAcc>2.437393</hAcc><vAcc>1.557043</vAcc></extensions></trkpt>
      <trkpt lon="-117.167035" lat="32.897953"><ele>93.534539</ele><time>2024-08-28T03:23:35Z</time><extensions><speed>0.025384</speed><course>114.544414</course><hAcc>2.431738</hAcc><vAcc>1.553275</vAcc></extensions></trkpt>
      <trkpt lon="-117.167035" lat="32.897953"><ele>93.545050</ele><time>2024-08-28T03:23:36Z</time><extensions><speed>0.031624</speed><course>116.931443</course><hAcc>2.425956</hAcc><vAcc>1.546624</vAcc></extensions></trkpt>
      <trkpt lon="-117.167034" lat="32.897953"><ele>93.556221</ele><time>2024-08-28T03:23:37Z</time><extensions><speed>0.041604</speed><course>118.550403</course><hAcc>2.413498</hAcc><vAcc>1.537502</vAcc></extensions></trkpt>
      <trkpt lon="-117.167034" lat="32.897952"><ele>93.567660</ele><time>2024-08-28T03:23:38Z</time><extensions><speed>0.058748</speed><course>119.591955</course><hAcc>2.388889</hAcc><vAcc>1.527395</vAcc></extensions></trkpt>
      <trkpt lon="-117.167033" lat="32.897952"><ele>93.579361</ele><time>2024-08-28T03:23:39Z</time><extensions><speed>0.071051</speed><course>120.322063</course><hAcc>2.373352</hAcc><vAcc>1.515961</vAcc></extensions></trkpt>
      <trkpt lon="-117.167032" lat="32.897952"><ele>93.591204</ele><time>2024-08-28T03:23:40Z</time><extensions><speed>0.078207</speed><course>120.981783</course><hAcc>2.361303</hAcc><vAcc>1.503416</vAcc></extensions></trkpt>
      <trkpt lon="-117.167032" lat="32.897951"><ele>93.603013</ele><time>2024-08-28T03:23:41Z</time><extensions><speed>0.074721</speed><course>121.865876</course><hAcc>2.349367</hAcc><vAcc>1.490523</vAcc></extensions></trkpt>
      <trkpt lon="-117.167031" lat="32.897951"><ele>93.614767</ele><time>2024-08-28T03:23:42Z</time><extensions><speed>0.059817</speed><course>123.204435</course><hAcc>2.346915</hAcc><vAcc>1.476331</vAcc></extensions></trkpt>
      <trkpt lon="-117.167031" lat="32.897951"><ele>93.646805</ele><time>2024-08-28T03:23:43Z</time><extensions><speed>0.040141</speed><course>123.842135</course><hAcc>2.356271</hAcc><vAcc>1.461813</vAcc></extensions></trkpt>
      <trkpt lon="-117.167030" lat="32.897950"><ele>93.679786</ele><time>2024-08-28T03:23:44Z</time><extensions><speed>0.032593</speed><course>126.703601</course><hAcc>2.343527</hAcc><vAcc>1.444189</vAcc></extensions></trkpt>
      <trkpt lon="-117.167030" lat="32.897950"><ele>93.720930</ele><time>2024-08-28T03:23:45Z</time><extensions><speed>0.026186</speed><course>131.528193</course><hAcc>2.323506</hAcc><vAcc>1.424022</vAcc></extensions></trkpt>
      <trkpt lon="-117.167030" lat="32.897950"><ele>93.756648</ele><time>2024-08-28T03:23:46Z</time><extensions><speed>0.028053</speed><course>140.299517</course><hAcc>2.281011</hAcc><vAcc>1.405625</vAcc></extensions></trkpt>
      <trkpt lon="-117.167030" lat="32.897950"><ele>93.790767</ele><time>2024-08-28T03:23:47Z</time><extensions><speed>0.026114</speed><course>153.494941</course><hAcc>2.255714</hAcc><vAcc>1.391903</vAcc></extensions></trkpt>
      <trkpt lon="-117.167030" lat="32.897949"><ele>93.823286</ele><time>2024-08-28T03:23:48Z</time><extensions><speed>0.025259</speed><course>171.059426</course><hAcc>2.249144</hAcc><vAcc>1.381877</vAcc></extensions></trkpt>
      <trkpt lon="-117.167030" lat="32.897949"><ele>93.854772</ele><time>2024-08-28T03:23:49Z</time><extensions><speed>0.027138</speed><course>191.318194</course><hAcc>2.252713</hAcc><vAcc>1.375765</vAcc></extensions></trkpt>
      <trkpt lon="-117.167030" lat="32.897949"><ele>93.886092</ele><time>2024-08-28T03:23:50Z</time><extensions><speed>0.033524</speed><course>211.080555</course><hAcc>2.260640</hAcc><vAcc>1.371700</vAcc></extensions></trkpt>
      <trkpt lon="-117.167030" lat="32.897949"><ele>93.917236</ele><time>2024-08-28T03:23:51Z</time><extensions><speed>0.045978</speed><course>228.707580</course><hAcc>2.271575</hAcc><vAcc>1.369318</vAcc></extensions></trkpt>
      <trkpt lon="-117.167031" lat="32.897948"><ele>93.947954</ele><time>2024-08-28T03:23:52Z</time><extensions><speed>0.068700</speed><course>244.805695</course><hAcc>2.282935</hAcc><vAcc>1.368908</vAcc></extensions></trkpt>
      <trkpt lon="-117.167032" lat="32.897948"><ele>93.978016</ele><time>2024-08-28T03:23:53Z</time><extensions><speed>0.112241</speed><course>259.667447</course><hAcc>2.292594</hAcc><vAcc>1.370314</vAcc></extensions></trkpt>
      <trkpt lon="-117.167033" lat="32.897948"><ele>93.982404</ele><time>2024-08-28T03:23:54Z</time><extensions><speed>0.150208</speed><course>264.103678</course><hAcc>2.310979</hAcc><vAcc>1.377284</vAcc></extensions></trkpt>
      <trkpt lon="-117.167035" lat="32.897947"><ele>93.983293</ele><time>2024-08-28T03:23:55Z</time><extensions><speed>0.151609</speed><course>261.923605</course><hAcc>2.344253</hAcc><vAcc>1.386247</vAcc></extensions></trkpt>
      <trkpt lon="-117.167036" lat="32.897947"><ele>93.980293</ele><time>2024-08-28T03:23:56Z</time><extensions><speed>0.143005</speed><course>260.716641</course><hAcc>2.389238</hAcc><vAcc>1.396744</vAcc></extensions></trkpt>
      <trkpt lon="-117.167037" lat="32.897947"><ele>93.972953</ele><time>2024-08-28T03:23:57Z</time><extensions><speed>0.091184</speed><course>236.511280</course><hAcc>2.445765</hAcc><vAcc>1.407455</vAcc></extensions></trkpt>
      <trkpt lon="-117.167038" lat="32.897946"><ele>93.974541</ele><time>2024-08-28T03:23:58Z</time><extensions><speed>0.073878</speed><course>210.394481</course><hAcc>2.490811</hAcc><vAcc>1.421333</vAcc></extensions></trkpt>
      <trkpt lon="-117.167038" lat="32.897945"><ele>93.973850</ele><time>2024-08-28T03:23:59Z</time><extensions><speed>0.072919</speed><course>190.106848</course><hAcc>2.522420</hAcc><vAcc>1.435728</vAcc></extensions></trkpt>
      <trkpt lon="-117.167038" lat="32.897944"><ele>93.984666</ele><time>2024-08-28T03:24:00Z</time><extensions><speed>0.081013</speed><course>175.627166</course><hAcc>2.544774</hAcc><vAcc>1.451898</vAcc></extensions></trkpt>
      <trkpt lon="-117.167038" lat="32.897943"><ele>93.975736</ele><time>2024-08-28T03:24:01Z</time><extensions><speed>0.092492</speed><course>167.033283</course><hAcc>2.561646</hAcc><vAcc>1.464844</vAcc></extensions></trkpt>
      <trkpt lon="-117.167037" lat="32.897942"><ele>93.970479</ele><time>2024-08-28T03:24:02Z</time><extensions><speed>0.104597</speed><course>162.530529</course><hAcc>2.572704</hAcc><vAcc>1.475907</vAcc></extensions></trkpt>
      <trkpt lon="-117.167037" lat="32.897941"><ele>93.964282</ele><time>2024-08-28T03:24:03Z</time><extensions><speed>0.114089</speed><course>160.680145</course><hAcc>2.578302</hAcc><vAcc>1.488719</vAcc></extensions></trkpt>
      <trkpt lon="-117.167036" lat="32.897940"><ele>93.957380</ele><time>2024-08-28T03:24:04Z</time><extensions><speed>0.111111</speed><course>162.167836</course><hAcc>2.585277</hAcc><vAcc>1.503166</vAcc></extensions></trkpt>
      <trkpt lon="-117.167036" lat="32.897939"><ele>93.949844</ele><time>2024-08-28T03:24:05Z</time><extensions><speed>0.109401</speed><course>158.855964</course><hAcc>2.603378</hAcc><vAcc>1.516647</vAcc></extensions></trkpt>
      <trkpt lon="-117.167036" lat="32.897938"><ele>93.942035</ele><time>2024-08-28T03:24:06Z</time><extensions><speed>0.102532</speed><course>158.733193</course><hAcc>2.618693</hAcc><vAcc>1.529589</vAcc></extensions></trkpt>
      <trkpt lon="-117.167035" lat="32.897937"><ele>93.934204</ele><time>2024-08-28T03:24:07Z</time><extensions><speed>0.099588</speed><course>160.953796</course><hAcc>2.621475</hAcc><vAcc>1.542423</vAcc></extensions></trkpt>
      <trkpt lon="-117.167035" lat="32.897936"><ele>93.933982</ele><time>2024-08-28T03:24:08Z</time><extensions><speed>0.102937</speed><course>163.599389</course><hAcc>2.617909</hAcc><vAcc>1.555740</vAcc></extensions></trkpt>
      <trkpt lon="-117.167034" lat="32.897935"><ele>93.939600</ele><time>2024-08-28T03:24:09Z</time><extensions><speed>0.105363</speed><course>160.262668</course><hAcc>2.631581</hAcc><vAcc>1.565977</vAcc></extensions></trkpt>
      <trkpt lon="-117.167033" lat="32.897934"><ele>93.942961</ele><time>2024-08-28T03:24:10Z</time><extensions><speed>0.094582</speed><course>162.248109</course><hAcc>2.649482</hAcc><vAcc>1.570397</vAcc></extensions></trkpt>
      <trkpt lon="-117.167033" lat="32.897933"><ele>93.946634</ele><time>2024-08-28T03:24:11Z</time><extensions><speed>0.074996</speed><course>164.850728</course><hAcc>2.686874</hAcc><vAcc>1.573658</vAcc></extensions></trkpt>
      <trkpt lon="-117.167032" lat="32.897933"><ele>93.950304</ele><time>2024-08-28T03:24:12Z</time><extensions><speed>0.067722</speed><course>149.870546</course><hAcc>2.744321</hAcc><vAcc>1.578433</vAcc></extensions></trkpt>
      <trkpt lon="-117.167032" lat="32.897932"><ele>93.954364</ele><time>2024-08-28T03:24:13Z</time><extensions><speed>0.070551</speed><course>139.447534</course><hAcc>2.761595</hAcc><vAcc>1.582641</vAcc></extensions></trkpt>
      <trkpt lon="-117.167031" lat="32.897932"><ele>93.958873</ele><time>2024-08-28T03:24:14Z</time><extensions><speed>0.092375</speed><course>131.733479</course><hAcc>2.746628</hAcc><vAcc>1.585747</vAcc></extensions></trkpt>
      <trkpt lon="-117.167030" lat="32.897931"><ele>93.963949</ele><time>2024-08-28T03:24:15Z</time><extensions><speed>0.103549</speed><course>125.615739</course><hAcc>2.745290</hAcc><vAcc>1.586071</vAcc></extensions></trkpt>
      <trkpt lon="-117.167029" lat="32.897930"><ele>93.969399</ele><time>2024-08-28T03:24:16Z</time><extensions><speed>0.109164</speed><course>120.008165</course><hAcc>2.754119</hAcc><vAcc>1.584643</vAcc></extensions></trkpt>
      <trkpt lon="-117.167028" lat="32.897930"><ele>93.975068</ele><time>2024-08-28T03:24:17Z</time><extensions><speed>0.111019</speed><course>114.691291</course><hAcc>2.755435</hAcc><vAcc>1.582534</vAcc></extensions></trkpt>
      <trkpt lon="-117.167026" lat="32.897930"><ele>93.980929</ele><time>2024-08-28T03:24:18Z</time><extensions><speed>0.103884</speed><course>109.035592</course><hAcc>2.744102</hAcc><vAcc>1.579010</vAcc></extensions></trkpt>
      <trkpt lon="-117.167025" lat="32.897929"><ele>93.986844</ele><time>2024-08-28T03:24:19Z</time><extensions><speed>0.085173</speed><course>104.418416</course><hAcc>2.738533</hAcc><vAcc>1.574828</vAcc></extensions></trkpt>
      <trkpt lon="-117.167025" lat="32.897929"><ele>93.992811</ele><time>2024-08-28T03:24:20Z</time><extensions><speed>0.083055</speed><course>105.952996</course><hAcc>2.728003</hAcc><vAcc>1.568077</vAcc></extensions></trkpt>
      <trkpt lon="-117.167024" lat="32.897929"><ele>93.998698</ele><time>2024-08-28T03:24:21Z</time><extensions><speed>0.073037</speed><course>106.647806</course><hAcc>2.705712</hAcc><vAcc>1.559780</vAcc></extensions></trkpt>
      <trkpt lon="-117.167024" lat="32.897930"><ele>93.941966</ele><time>2024-08-28T03:24:22Z</time><extensions><speed>0.047023</speed><course>92.065416</course><hAcc>2.670192</hAcc><vAcc>1.551811</vAcc></extensions></trkpt>
      <trkpt lon="-117.167024" lat="32.897930"><ele>93.887954</ele><time>2024-08-28T03:24:23Z</time><extensions><speed>0.030309</speed><course>52.903246</course><hAcc>2.626447</hAcc><vAcc>1.545052</vAcc></extensions></trkpt>
      <trkpt lon="-117.167024" lat="32.897931"><ele>93.827303</ele><time>2024-08-28T03:24:24Z</time><extensions><speed>0.039361</speed><course>2.259430</course><hAcc>2.577889</hAcc><vAcc>1.532861</vAcc></extensions></trkpt>
      <trkpt lon="-117.167025" lat="32.897932"><ele>93.766159</ele><time>2024-08-28T03:24:25Z</time><extensions><speed>0.066130</speed><course>339.578808</course><hAcc>2.529043</hAcc><vAcc>1.520024</vAcc></extensions></trkpt>
      <trkpt lon="-117.167026" lat="32.897933"><ele>93.706423</ele><time>2024-08-28T03:24:26Z</time><extensions><speed>0.096803</speed><course>330.840414</course><hAcc>2.481238</hAcc><vAcc>1.507320</vAcc></extensions></trkpt>
      <trkpt lon="-117.167027" lat="32.897934"><ele>93.647720</ele><time>2024-08-28T03:24:27Z</time><extensions><speed>0.128790</speed><course>326.759571</course><hAcc>2.436474</hAcc><vAcc>1.495250</vAcc></extensions></trkpt>
      <trkpt lon="-117.167028" lat="32.897936"><ele>93.590247</ele><time>2024-08-28T03:24:28Z</time><extensions><speed>0.150156</speed><course>324.500452</course><hAcc>2.406589</hAcc><vAcc>1.484756</vAcc></extensions></trkpt>
      <trkpt lon="-117.167029" lat="32.897937"><ele>93.533272</ele><time>2024-08-28T03:24:29Z</time><extensions><speed>0.165198</speed><course>323.063501</course><hAcc>2.389551</hAcc><vAcc>1.475436</vAcc></extensions></trkpt>
      <trkpt lon="-117.167030" lat="32.897938"><ele>93.476283</ele><time>2024-08-28T03:24:30Z</time><extensions><speed>0.176971</speed><course>322.068369</course><hAcc>2.379461</hAcc><vAcc>1.466454</vAcc></extensions></trkpt>
      <trkpt lon="-117.167032" lat="32.897940"><ele>93.420071</ele><time>2024-08-28T03:24:31Z</time><extensions><speed>0.202850</speed><course>321.316967</course><hAcc>2.364989</hAcc><vAcc>1.459154</vAcc></extensions></trkpt>
      <trkpt lon="-117.167033" lat="32.897941"><ele>93.365042</ele><time>2024-08-28T03:24:32Z</time><extensions><speed>0.227531</speed><course>320.567727</course><hAcc>2.341129</hAcc><vAcc>1.454230</vAcc></extensions></trkpt>
      <trkpt lon="-117.167035" lat="32.897943"><ele>93.311171</ele><time>2024-08-28T03:24:33Z</time><extensions><speed>0.278656</speed><course>319.677275</course><hAcc>2.299422</hAcc><vAcc>1.450299</vAcc></extensions></trkpt>
      <trkpt lon="-117.167037" lat="32.897945"><ele>93.259249</ele><time>2024-08-28T03:24:34Z</time><extensions><speed>0.279520</speed><course>318.640697</course><hAcc>2.276622</hAcc><vAcc>1.449041</vAcc></extensions></trkpt>
      <trkpt lon="-117.167039" lat="32.897947"><ele>93.209354</ele><time>2024-08-28T03:24:35Z</time><extensions><speed>0.271034</speed><course>317.465458</course><hAcc>2.269198</hAcc><vAcc>1.448817</vAcc></extensions></trkpt>
      <trkpt lon="-117.167041" lat="32.897949"><ele>93.161784</ele><time>2024-08-28T03:24:36Z</time><extensions><speed>0.206366</speed><course>317.702941</course><hAcc>2.276330</hAcc><vAcc>1.448703</vAcc></extensions></trkpt>
      <trkpt lon="-117.167042" lat="32.897950"><ele>93.116859</ele><time>2024-08-28T03:24:37Z</time><extensions><speed>0.161018</speed><course>317.849283</course><hAcc>2.277553</hAcc><vAcc>1.448948</vAcc></extensions></trkpt>
      <trkpt lon="-117.167043" lat="32.897951"><ele>93.074766</ele><time>2024-08-28T03:24:38Z</time><extensions><speed>0.125017</speed><course>317.937232</course><hAcc>2.273803</hAcc><vAcc>1.450005</vAcc></extensions></trkpt>
      <trkpt lon="-117.167044" lat="32.897952"><ele>93.035590</ele><time>2024-08-28T03:24:39Z</time><extensions><speed>0.098064</speed><course>317.989824</course><hAcc>2.265584</hAcc><vAcc>1.451545</vAcc></extensions></trkpt>
      <trkpt lon="-117.167045" lat="32.897952"><ele>92.999388</ele><time>2024-08-28T03:24:40Z</time><extensions><speed>0.076930</speed><course>318.020639</course><hAcc>2.255632</hAcc><vAcc>1.452497</vAcc></extensions></trkpt>
      <trkpt lon="-117.167045" lat="32.897953"><ele>92.966092</ele><time>2024-08-28T03:24:41Z</time><extensions><speed>0.059095</speed><course>318.038599</course><hAcc>2.247325</hAcc><vAcc>1.453654</vAcc></extensions></trkpt>
      <trkpt lon="-117.167045" lat="32.897953"><ele>92.968156</ele><time>2024-08-28T03:24:42Z</time><extensions><speed>0.044482</speed><course>326.411628</course><hAcc>2.240047</hAcc><vAcc>1.455541</vAcc></extensions></trkpt>
      <trkpt lon="-117.167045" lat="32.897954"><ele>92.981512</ele><time>2024-08-28T03:24:43Z</time><extensions><speed>0.035612</speed><course>339.274938</course><hAcc>2.231609</hAcc><vAcc>1.457269</vAcc></extensions></trkpt>
      <trkpt lon="-117.167045" lat="32.897954"><ele>92.997515</ele><time>2024-08-28T03:24:44Z</time><extensions><speed>0.030359</speed><course>355.408892</course><hAcc>2.226561</hAcc><vAcc>1.459425</vAcc></extensions></trkpt>
      <trkpt lon="-117.167045" lat="32.897954"><ele>93.016665</ele><time>2024-08-28T03:24:45Z</time><extensions><speed>0.030511</speed><course>11.806198</course><hAcc>2.218326</hAcc><vAcc>1.461400</vAcc></extensions></trkpt>
      <trkpt lon="-117.167045" lat="32.897955"><ele>93.036509</ele><time>2024-08-28T03:24:46Z</time><extensions><speed>0.034486</speed><course>24.934041</course><hAcc>2.210883</hAcc><vAcc>1.465893</vAcc></extensions></trkpt>
      <trkpt lon="-117.167045" lat="32.897955"><ele>93.060662</ele><time>2024-08-28T03:24:47Z</time><extensions><speed>0.040167</speed><course>34.364622</course><hAcc>2.213322</hAcc><vAcc>1.468627</vAcc></extensions></trkpt>
      <trkpt lon="-117.167044" lat="32.897955"><ele>93.087997</ele><time>2024-08-28T03:24:48Z</time><extensions><speed>0.046044</speed><course>41.098852</course><hAcc>2.226438</hAcc><vAcc>1.470187</vAcc></extensions></trkpt>
      <trkpt lon="-117.167044" lat="32.897956"><ele>93.116299</ele><time>2024-08-28T03:24:49Z</time><extensions><speed>0.061276</speed><course>45.597624</course><hAcc>2.228577</hAcc><vAcc>1.473715</vAcc></extensions></trkpt>
      <trkpt lon="-117.167043" lat="32.897956"><ele>93.141572</ele><time>2024-08-28T03:24:50Z</time><extensions><speed>0.096318</speed><course>48.692409</course><hAcc>2.214096</hAcc><vAcc>1.475272</vAcc></extensions></trkpt>
      <trkpt lon="-117.167042" lat="32.897957"><ele>93.170527</ele><time>2024-08-28T03:24:51Z</time><extensions><speed>0.119035</speed><course>50.614319</course><hAcc>2.220942</hAcc><vAcc>1.477623</vAcc></extensions></trkpt>
      <trkpt lon="-117.167041" lat="32.897958"><ele>93.200054</ele><time>2024-08-28T03:24:52Z</time><extensions><speed>0.125174</speed><course>51.967591</course><hAcc>2.241944</hAcc><vAcc>1.481237</vAcc></extensions></trkpt>
      <trkpt lon="-117.167040" lat="32.897958"><ele>93.230329</ele><time>2024-08-28T03:24:53Z</time><extensions><speed>0.117112</speed><course>53.295708</course><hAcc>2.262124</hAcc><vAcc>1.483451</vAcc></extensions></trkpt>
      <trkpt lon="-117.167039" lat="32.897959"><ele>93.260804</ele><time>2024-08-28T03:24:54Z</time><extensions><speed>0.105368</speed><course>55.007094</course><hAcc>2.275781</hAcc><vAcc>1.483652</vAcc></extensions></trkpt>
      <trkpt lon="-117.167038" lat="32.897960"><ele>93.297055</ele><time>2024-08-28T03:24:55Z</time><extensions><speed>0.095328</speed><course>57.411660</course><hAcc>2.283132</hAcc><vAcc>1.481792</vAcc></extensions></trkpt>
      <trkpt lon="-117.167037" lat="32.897960"><ele>93.332113</ele><time>2024-08-28T03:24:56Z</time><extensions><speed>0.087820</speed><course>59.939797</course><hAcc>2.282449</hAcc><vAcc>1.480531</vAcc></extensions></trkpt>
      <trkpt lon="-117.167036" lat="32.897960"><ele>93.366314</ele><time>2024-08-28T03:24:57Z</time><extensions><speed>0.084364</speed><course>62.348562</course><hAcc>2.271346</hAcc><vAcc>1.477455</vAcc></extensions></trkpt>
      <trkpt lon="-117.167035" lat="32.897961"><ele>93.399379</ele><time>2024-08-28T03:24:58Z</time><extensions><speed>0.082696</speed><course>63.847479</course><hAcc>2.252620</hAcc><vAcc>1.472378</vAcc></extensions></trkpt>
      <trkpt lon="-117.167034" lat="32.897961"><ele>93.431193</ele><time>2024-08-28T03:24:59Z</time><extensions><speed>0.078885</speed><course>63.024101</course><hAcc>2.231310</hAcc><vAcc>1.464373</vAcc></extensions></trkpt>
      <trkpt lon="-117.167034" lat="32.897961"><ele>93.460987</ele><time>2024-08-28T03:25:00Z</time><extensions><speed>0.068675</speed><course>55.870811</course><hAcc>2.219278</hAcc><vAcc>1.459637</vAcc></extensions></trkpt>
      <trkpt lon="-117.167033" lat="32.897962"><ele>93.489068</ele><time>2024-08-28T03:25:01Z</time><extensions><speed>0.051609</speed><course>65.258272</course><hAcc>2.233291</hAcc><vAcc>1.456804</vAcc></extensions></trkpt>
      <trkpt lon="-117.167032" lat="32.897962"><ele>93.515737</ele><time>2024-08-28T03:25:02Z</time><extensions><speed>0.047858</speed><course>68.809101</course><hAcc>2.225245</hAcc><vAcc>1.450135</vAcc></extensions></trkpt>
      <trkpt lon="-117.167032" lat="32.897962"><ele>93.540760</ele><time>2024-08-28T03:25:03Z</time><extensions><speed>0.043761</speed><course>68.158699</course><hAcc>2.218568</hAcc><vAcc>1.444867</vAcc></extensions></trkpt>
      <trkpt lon="-117.167032" lat="32.897962"><ele>93.564182</ele><time>2024-08-28T03:25:04Z</time><extensions><speed>0.038697</speed><course>63.041102</course><hAcc>2.214749</hAcc><vAcc>1.438577</vAcc></extensions></trkpt>
      <trkpt lon="-117.167031" lat="32.897962"><ele>93.585996</ele><time>2024-08-28T03:25:05Z</time><extensions><speed>0.041777</speed><course>50.328471</course><hAcc>2.191809</hAcc><vAcc>1.432560</vAcc></extensions></trkpt>
      <trkpt lon="-117.167031" lat="32.897963"><ele>93.606185</ele><time>2024-08-28T03:25:06Z</time><extensions><speed>0.039576</speed><course>59.786889</course><hAcc>2.199916</hAcc><vAcc>1.426205</vAcc></extensions></trkpt>
      <trkpt lon="-117.167031" lat="32.897963"><ele>93.624749</ele><time>2024-08-28T03:25:07Z</time><extensions><speed>0.034521</speed><course>64.043966</course><hAcc>2.223377</hAcc><vAcc>1.419349</vAcc></extensions></trkpt>
      <trkpt lon="-117.167030" lat="32.897963"><ele>93.641696</ele><time>2024-08-28T03:25:08Z</time><extensions><speed>0.029019</speed><course>66.241854</course><hAcc>2.246113</hAcc><vAcc>1.411645</vAcc></extensions></trkpt>
      <trkpt lon="-117.167030" lat="32.897963"><ele>93.657109</ele><time>2024-08-28T03:25:09Z</time><extensions><speed>0.023542</speed><course>67.465509</course><hAcc>2.265648</hAcc><vAcc>1.403912</vAcc></extensions></trkpt>
      <trkpt lon="-117.167030" lat="32.897963"><ele>93.671041</ele><time>2024-08-28T03:25:10Z</time><extensions><speed>0.018626</speed><course>68.188087</course><hAcc>2.279345</hAcc><vAcc>1.396087</vAcc></extensions></trkpt>
      <trkpt lon="-117.167030" lat="32.897963"><ele>93.683512</ele><time>2024-08-28T03:25:11Z</time><extensions><speed>0.014574</speed><course>68.629864</course><hAcc>2.284229</hAcc><vAcc>1.387261</vAcc></extensions></trkpt>
      <trkpt lon="-117.167029" lat="32.897963"><ele>93.694646</ele><time>2024-08-28T03:25:12Z</time><extensions><speed>0.011373</speed><course>68.900719</course><hAcc>2.279995</hAcc><vAcc>1.378041</vAcc></extensions></trkpt>
      <trkpt lon="-117.167029" lat="32.897963"><ele>93.704849</ele><time>2024-08-28T03:25:13Z</time><extensions><speed>0.008524</speed><course>69.067656</course><hAcc>2.272576</hAcc><vAcc>1.373930</vAcc></extensions></trkpt>
      <trkpt lon="-117.167029" lat="32.897963"><ele>93.713801</ele><time>2024-08-28T03:25:14Z</time><extensions><speed>0.006615</speed><course>69.170581</course><hAcc>2.256372</hAcc><vAcc>1.369150</vAcc></extensions></trkpt>
      <trkpt lon="-117.167029" lat="32.897963"><ele>93.721658</ele><time>2024-08-28T03:25:15Z</time><extensions><speed>0.004942</speed><course>69.231862</course><hAcc>2.240484</hAcc><vAcc>1.364720</vAcc></extensions></trkpt>
      <trkpt lon="-117.167029" lat="32.897963"><ele>93.728486</ele><time>2024-08-28T03:25:16Z</time><extensions><speed>0.003850</speed><course>69.268141</course><hAcc>2.219778</hAcc><vAcc>1.360278</vAcc></extensions></trkpt>
      <trkpt lon="-117.167029" lat="32.897963"><ele>93.734506</ele><time>2024-08-28T03:25:17Z</time><extensions><speed>0.003071</speed><course>69.287942</course><hAcc>2.202219</hAcc><vAcc>1.358383</vAcc></extensions></trkpt>
      <trkpt lon="-117.167029" lat="32.897963"><ele>93.739628</ele><time>2024-08-28T03:25:18Z</time><extensions><speed>0.002191</speed><course>69.298665</course><hAcc>2.205149</hAcc><vAcc>1.356259</vAcc></extensions></trkpt>
      <trkpt lon="-117.167029" lat="32.897964"><ele>93.757967</ele><time>2024-08-28T03:25:19Z</time><extensions><speed>0.005211</speed><course>24.057041</course><hAcc>2.213128</hAcc><vAcc>1.354868</vAcc></extensions></trkpt>
      <trkpt lon="-117.167029" lat="32.897964"><ele>93.779401</ele><time>2024-08-28T03:25:20Z</time><extensions><speed>0.010920</speed><course>24.988900</course><hAcc>2.207175</hAcc><vAcc>1.355567</vAcc></extensions></trkpt>
      <trkpt lon="-117.167029" lat="32.897964"><ele>93.800389</ele><time>2024-08-28T03:25:21Z</time><extensions><speed>0.022230</speed><course>25.748988</course><hAcc>2.185852</hAcc><vAcc>1.358151</vAcc></extensions></trkpt>
      <trkpt lon="-117.167028" lat="32.897964"><ele>93.822775</ele><time>2024-08-28T03:25:22Z</time><extensions><speed>0.033989</speed><course>26.268486</course><hAcc>2.190096</hAcc><vAcc>1.358692</vAcc></extensions></trkpt>
      <trkpt lon="-117.167028" lat="32.897965"><ele>93.845301</ele><time>2024-08-28T03:25:23Z</time><extensions><speed>0.046313</speed><course>26.562944</course><hAcc>2.211641</hAcc><vAcc>1.359237</vAcc></extensions></trkpt>
      <trkpt lon="-117.167028" lat="32.897965"><ele>93.874268</ele><time>2024-08-28T03:25:24Z</time><extensions><speed>0.060065</speed><course>21.087378</course><hAcc>2.231746</hAcc><vAcc>1.358699</vAcc></extensions></trkpt>
      <trkpt lon="-117.167028" lat="32.897966"><ele>93.898970</ele><time>2024-08-28T03:25:25Z</time><extensions><speed>0.074512</speed><course>19.254925</course><hAcc>2.244433</hAcc><vAcc>1.356269</vAcc></extensions></trkpt>
      <trkpt lon="-117.167028" lat="32.897967"><ele>93.924486</ele><time>2024-08-28T03:25:26Z</time><extensions><speed>0.088965</speed><course>19.380557</course><hAcc>2.252416</hAcc><vAcc>1.354816</vAcc></extensions></trkpt>
      <trkpt lon="-117.167027" lat="32.897967"><ele>93.955223</ele><time>2024-08-28T03:25:27Z</time><extensions><speed>0.100882</speed><course>22.332863</course><hAcc>2.261547</hAcc><vAcc>1.355864</vAcc></extensions></trkpt>
      <trkpt lon="-117.167026" lat="32.897968"><ele>93.984940</ele><time>2024-08-28T03:25:28Z</time><extensions><speed>0.105361</speed><course>24.594533</course><hAcc>2.280879</hAcc><vAcc>1.359745</vAcc></extensions></trkpt>
      <trkpt lon="-117.167026" lat="32.897969"><ele>94.014580</ele><time>2024-08-28T03:25:29Z</time><extensions><speed>0.087291</speed><course>27.523697</course><hAcc>2.308007</hAcc><vAcc>1.364030</vAcc></extensions></trkpt>
      <trkpt lon="-117.167025" lat="32.897969"><ele>94.045800</ele><time>2024-08-28T03:25:30Z</time><extensions><speed>0.087198</speed><course>35.301362</course><hAcc>2.310614</hAcc><vAcc>1.369498</vAcc></extensions></trkpt>
      <trkpt lon="-117.167024" lat="32.897970"><ele>94.067637</ele><time>2024-08-28T03:25:31Z</time><extensions><speed>0.067257</speed><course>45.143829</course><hAcc>2.329306</hAcc><vAcc>1.373418</vAcc></extensions></trkpt>
      <trkpt lon="-117.167023" lat="32.897970"><ele>94.087374</ele><time>2024-08-28T03:25:32Z</time><extensions><speed>0.073498</speed><course>56.684665</course><hAcc>2.320863</hAcc><vAcc>1.373625</vAcc></extensions></trkpt>
      <trkpt lon="-117.167022" lat="32.897970"><ele>94.085597</ele><time>2024-08-28T03:25:33Z</time><extensions><speed>0.078276</speed><course>66.381179</course><hAcc>2.322469</hAcc><vAcc>1.373720</vAcc></extensions></trkpt>
      <trkpt lon="-117.167021" lat="32.897971"><ele>94.082142</ele><time>2024-08-28T03:25:34Z</time><extensions><speed>0.084501</speed><course>68.535078</course><hAcc>2.335296</hAcc><vAcc>1.373039</vAcc></extensions></trkpt>
      <trkpt lon="-117.167019" lat="32.897971"><ele>94.077622</ele><time>2024-08-28T03:25:35Z</time><extensions><speed>0.143133</speed><course>96.010857</course><hAcc>2.369890</hAcc><vAcc>1.373676</vAcc></extensions></trkpt>
      <trkpt lon="-117.167017" lat="32.897970"><ele>94.062280</ele><time>2024-08-28T03:25:36Z</time><extensions><speed>0.217765</speed><course>106.781413</course><hAcc>2.407526</hAcc><vAcc>1.378141</vAcc></extensions></trkpt>
      <trkpt lon="-117.167015" lat="32.897969"><ele>94.046487</ele><time>2024-08-28T03:25:37Z</time><extensions><speed>0.262135</speed><course>109.683178</course><hAcc>2.433899</hAcc><vAcc>1.385545</vAcc></extensions></trkpt>
      <trkpt lon="-117.167012" lat="32.897969"><ele>94.027615</ele><time>2024-08-28T03:25:38Z</time><extensions><speed>0.288433</speed><course>110.458934</course><hAcc>2.448137</hAcc><vAcc>1.393211</vAcc></extensions></trkpt>
      <trkpt lon="-117.167009" lat="32.897968"><ele>94.005440</ele><time>2024-08-28T03:25:39Z</time><extensions><speed>0.302119</speed><course>110.146879</course><hAcc>2.450945</hAcc><vAcc>1.400255</vAcc></extensions></trkpt>
      <trkpt lon="-117.167006" lat="32.897967"><ele>93.981446</ele><time>2024-08-28T03:25:40Z</time><extensions><speed>0.291850</speed><course>108.506249</course><hAcc>2.446611</hAcc><vAcc>1.408367</vAcc></extensions></trkpt>
      <trkpt lon="-117.167003" lat="32.897966"><ele>93.955672</ele><time>2024-08-28T03:25:41Z</time><extensions><speed>0.248668</speed><course>106.839182</course><hAcc>2.453580</hAcc><vAcc>1.417318</vAcc></extensions></trkpt>
      <trkpt lon="-117.167001" lat="32.897965"><ele>93.928271</ele><time>2024-08-28T03:25:42Z</time><extensions><speed>0.197866</speed><course>105.786610</course><hAcc>2.464769</hAcc><vAcc>1.426774</vAcc></extensions></trkpt>
      <trkpt lon="-117.166999" lat="32.897965"><ele>93.899752</ele><time>2024-08-28T03:25:43Z</time><extensions><speed>0.155646</speed><course>102.945225</course><hAcc>2.458972</hAcc><vAcc>1.437003</vAcc></extensions></trkpt>
      <trkpt lon="-117.166997" lat="32.897965"><ele>93.870975</ele><time>2024-08-28T03:25:44Z</time><extensions><speed>0.124785</speed><course>103.423217</course><hAcc>2.457435</hAcc><vAcc>1.449544</vAcc></extensions></trkpt>
      <trkpt lon="-117.166996" lat="32.897964"><ele>93.841921</ele><time>2024-08-28T03:25:45Z</time><extensions><speed>0.094014</speed><course>103.118722</course><hAcc>2.459010</hAcc><vAcc>1.463264</vAcc></extensions></trkpt>
      <trkpt lon="-117.166995" lat="32.897964"><ele>93.812913</ele><time>2024-08-28T03:25:46Z</time><extensions><speed>0.075097</speed><course>105.034045</course><hAcc>2.467507</hAcc><vAcc>1.477817</vAcc></extensions></trkpt>
      <trkpt lon="-117.166995" lat="32.897964"><ele>93.784383</ele><time>2024-08-28T03:25:47Z</time><extensions><speed>0.059846</speed><course>106.168594</course><hAcc>2.478431</hAcc><vAcc>1.493538</vAcc></extensions></trkpt>
      <trkpt lon="-117.166994" lat="32.897964"><ele>93.756380</ele><time>2024-08-28T03:25:48Z</time><extensions><speed>0.047505</speed><course>106.843906</course><hAcc>2.489783</hAcc><vAcc>1.508574</vAcc></extensions></trkpt>
      <trkpt lon="-117.166994" lat="32.897964"><ele>93.729346</ele><time>2024-08-28T03:25:49Z</time><extensions><speed>0.037818</speed><course>107.245281</course><hAcc>2.499714</hAcc><vAcc>1.524156</vAcc></extensions></trkpt>
      <trkpt lon="-117.166994" lat="32.897964"><ele>93.686402</ele><time>2024-08-28T03:25:50Z</time><extensions><speed>0.024407</speed><course>116.930280</course><hAcc>2.508461</hAcc><vAcc>1.538365</vAcc></extensions></trkpt>
      <trkpt lon="-117.166994" lat="32.897963"><ele>93.643413</ele><time>2024-08-28T03:25:51Z</time><extensions><speed>0.014251</speed><course>142.183896</course><hAcc>2.516993</hAcc><vAcc>1.550708</vAcc></extensions></trkpt>
      <trkpt lon="-117.166994" lat="32.897963"><ele>93.590415</ele><time>2024-08-28T03:25:52Z</time><extensions><speed>0.013063</speed><course>195.877115</course><hAcc>2.525001</hAcc><vAcc>1.563886</vAcc></extensions></trkpt>
      <trkpt lon="-117.166994" lat="32.897963"><ele>93.535446</ele><time>2024-08-28T03:25:53Z</time><extensions><speed>0.020642</speed><course>222.429305</course><hAcc>2.532239</hAcc><vAcc>1.577595</vAcc></extensions></trkpt>
      <trkpt lon="-117.166995" lat="32.897963"><ele>93.492185</ele><time>2024-08-28T03:25:54Z</time><extensions><speed>0.026535</speed><course>228.909751</course><hAcc>2.543233</hAcc><vAcc>1.593890</vAcc></extensions></trkpt>
      <trkpt lon="-117.166995" lat="32.897962"><ele>93.449657</ele><time>2024-08-28T03:25:55Z</time><extensions><speed>0.030852</speed><course>231.148066</course><hAcc>2.556099</hAcc><vAcc>1.610543</vAcc></extensions></trkpt>
      <trkpt lon="-117.166995" lat="32.897962"><ele>93.418261</ele><time>2024-08-28T03:25:56Z</time><extensions><speed>0.035956</speed><course>231.384258</course><hAcc>2.566285</hAcc><vAcc>1.622670</vAcc></extensions></trkpt>
      <trkpt lon="-117.166995" lat="32.897962"><ele>93.393691</ele><time>2024-08-28T03:25:57Z</time><extensions><speed>0.039893</speed><course>230.384600</course><hAcc>2.574299</hAcc><vAcc>1.636414</vAcc></extensions></trkpt>
      <trkpt lon="-117.166995" lat="32.897961"><ele>93.370754</ele><time>2024-08-28T03:25:58Z</time><extensions><speed>0.052791</speed><course>229.739525</course><hAcc>2.573674</hAcc><vAcc>1.651443</vAcc></extensions></trkpt>
      <trkpt lon="-117.166996" lat="32.897961"><ele>93.363773</ele><time>2024-08-28T03:25:59Z</time><extensions><speed>0.049236</speed><course>227.454961</course><hAcc>2.601476</hAcc><vAcc>1.666693</vAcc></extensions></trkpt>
      <trkpt lon="-117.166996" lat="32.897961"><ele>93.359799</ele><time>2024-08-28T03:26:00Z</time><extensions><speed>0.050901</speed><course>224.179940</course><hAcc>2.611316</hAcc><vAcc>1.679243</vAcc></extensions></trkpt>
      <trkpt lon="-117.166996" lat="32.897960"><ele>93.362799</ele><time>2024-08-28T03:26:01Z</time><extensions><speed>0.059971</speed><course>222.441907</course><hAcc>2.595113</hAcc><vAcc>1.691370</vAcc></extensions></trkpt>
      <trkpt lon="-117.166997" lat="32.897960"><ele>93.368653</ele><time>2024-08-28T03:26:02Z</time><extensions><speed>0.062260</speed><course>233.731521</course><hAcc>2.591143</hAcc><vAcc>1.703673</vAcc></extensions></trkpt>
      <trkpt lon="-117.166997" lat="32.897959"><ele>93.383630</ele><time>2024-08-28T03:26:03Z</time><extensions><speed>0.052293</speed><course>223.960206</course><hAcc>2.611483</hAcc><vAcc>1.714164</vAcc></extensions></trkpt>
      <trkpt lon="-117.166997" lat="32.897959"><ele>93.391879</ele><time>2024-08-28T03:26:04Z</time><extensions><speed>0.053472</speed><course>178.289206</course><hAcc>2.644473</hAcc><vAcc>1.725787</vAcc></extensions></trkpt>
      <trkpt lon="-117.166997" lat="32.897958"><ele>93.410364</ele><time>2024-08-28T03:26:05Z</time><extensions><speed>0.056948</speed><course>166.494908</course><hAcc>2.663117</hAcc><vAcc>1.733685</vAcc></extensions></trkpt>
      <trkpt lon="-117.166997" lat="32.897957"><ele>93.424759</ele><time>2024-08-28T03:26:06Z</time><extensions><speed>0.050990</speed><course>175.246199</course><hAcc>2.658047</hAcc><vAcc>1.735310</vAcc></extensions></trkpt>
      <trkpt lon="-117.166997" lat="32.897957"><ele>93.439443</ele><time>2024-08-28T03:26:07Z</time><extensions><speed>0.056118</speed><course>173.849403</course><hAcc>2.658520</hAcc><vAcc>1.739214</vAcc></extensions></trkpt>
      <trkpt lon="-117.166997" lat="32.897956"><ele>93.460465</ele><time>2024-08-28T03:26:08Z</time><extensions><speed>0.065649</speed><course>167.931119</course><hAcc>2.667291</hAcc><vAcc>1.736260</vAcc></extensions></trkpt>
      <trkpt lon="-117.166997" lat="32.897955"><ele>93.500292</ele><time>2024-08-28T03:26:09Z</time><extensions><speed>0.059414</speed><course>180.951722</course><hAcc>2.667392</hAcc><vAcc>1.735895</vAcc></extensions></trkpt>
      <trkpt lon="-117.166997" lat="32.897955"><ele>93.539311</ele><time>2024-08-28T03:26:10Z</time><extensions><speed>0.064143</speed><course>178.916492</course><hAcc>2.671092</hAcc><vAcc>1.731870</vAcc></extensions></trkpt>
      <trkpt lon="-117.166997" lat="32.897954"><ele>93.581205</ele><time>2024-08-28T03:26:11Z</time><extensions><speed>0.062714</speed><course>183.265679</course><hAcc>2.681372</hAcc><vAcc>1.720503</vAcc></extensions></trkpt>
      <trkpt lon="-117.166997" lat="32.897954"><ele>93.622163</ele><time>2024-08-28T03:26:12Z</time><extensions><speed>0.064652</speed><course>180.157858</course><hAcc>2.696918</hAcc><vAcc>1.707977</vAcc></extensions></trkpt>
      <trkpt lon="-117.166997" lat="32.897953"><ele>93.661267</ele><time>2024-08-28T03:26:13Z</time><extensions><speed>0.056439</speed><course>195.547426</course><hAcc>2.701933</hAcc><vAcc>1.696672</vAcc></extensions></trkpt>
      <trkpt lon="-117.166997" lat="32.897953"><ele>93.700271</ele><time>2024-08-28T03:26:14Z</time><extensions><speed>0.054507</speed><course>227.394762</course><hAcc>2.692694</hAcc><vAcc>1.681787</vAcc></extensions></trkpt>
      <trkpt lon="-117.166998" lat="32.897953"><ele>93.738532</ele><time>2024-08-28T03:26:15Z</time><extensions><speed>0.062924</speed><course>255.969816</course><hAcc>2.681104</hAcc><vAcc>1.664323</vAcc></extensions></trkpt>
      <trkpt lon="-117.166999" lat="32.897953"><ele>93.724800</ele><time>2024-08-28T03:26:16Z</time><extensions><speed>0.094781</speed><course>278.144753</course><hAcc>2.663906</hAcc><vAcc>1.646547</vAcc></extensions></trkpt>
      <trkpt lon="-117.167000" lat="32.897953"><ele>93.713471</ele><time>2024-08-28T03:26:17Z</time><extensions><speed>0.126889</speed><course>291.790094</course><hAcc>2.675368</hAcc><vAcc>1.630789</vAcc></extensions></trkpt>
      <trkpt lon="-117.167001" lat="32.897954"><ele>93.705921</ele><time>2024-08-28T03:26:18Z</time><extensions><speed>0.069529</speed><course>293.432140</course><hAcc>2.686004</hAcc><vAcc>1.618939</vAcc></extensions></trkpt>
      <trkpt lon="-117.167002" lat="32.897954"><ele>93.706676</ele><time>2024-08-28T03:26:19Z</time><extensions><speed>0.052356</speed><course>301.318368</course><hAcc>2.669946</hAcc><vAcc>1.611494</vAcc></extensions></trkpt>
      <trkpt lon="-117.167002" lat="32.897954"><ele>93.706995</ele><time>2024-08-28T03:26:20Z</time><extensions><speed>0.045255</speed><course>309.758850</course><hAcc>2.644709</hAcc><vAcc>1.605044</vAcc></extensions></trkpt>
      <trkpt lon="-117.167003" lat="32.897955"><ele>93.706318</ele><time>2024-08-28T03:26:21Z</time><extensions><speed>0.051612</speed><course>314.148885</course><hAcc>2.621241</hAcc><vAcc>1.602174</vAcc></extensions></trkpt>
      <trkpt lon="-117.167003" lat="32.897955"><ele>93.711121</ele><time>2024-08-28T03:26:22Z</time><extensions><speed>0.063910</speed><course>315.537005</course><hAcc>2.601344</hAcc><vAcc>1.601207</vAcc></extensions></trkpt>
      <trkpt lon="-117.167004" lat="32.897956"><ele>93.712390</ele><time>2024-08-28T03:26:23Z</time><extensions><speed>0.076088</speed><course>316.248398</course><hAcc>2.587437</hAcc><vAcc>1.600864</vAcc></extensions></trkpt>
      <trkpt lon="-117.167005" lat="32.897957"><ele>93.711141</ele><time>2024-08-28T03:26:24Z</time><extensions><speed>0.085543</speed><course>316.860143</course><hAcc>2.581086</hAcc><vAcc>1.598421</vAcc></extensions></trkpt>
      <trkpt lon="-117.167006" lat="32.897957"><ele>93.695551</ele><time>2024-08-28T03:26:25Z</time><extensions><speed>0.091618</speed><course>317.698139</course><hAcc>2.581553</hAcc><vAcc>1.592411</vAcc></extensions></trkpt>
      <trkpt lon="-117.167006" lat="32.897958"><ele>93.679327</ele><time>2024-08-28T03:26:26Z</time><extensions><speed>0.088326</speed><course>318.309617</course><hAcc>2.585014</hAcc><vAcc>1.588449</vAcc></extensions></trkpt>
      <trkpt lon="-117.167007" lat="32.897959"><ele>93.652264</ele><time>2024-08-28T03:26:27Z</time><extensions><speed>0.082611</speed><course>318.919789</course><hAcc>2.584980</hAcc><vAcc>1.583418</vAcc></extensions></trkpt>
      <trkpt lon="-117.167008" lat="32.897959"><ele>93.624943</ele><time>2024-08-28T03:26:28Z</time><extensions><speed>0.085960</speed><course>316.874397</course><hAcc>2.577673</hAcc><vAcc>1.578833</vAcc></extensions></trkpt>
      <trkpt lon="-117.167009" lat="32.897960"><ele>93.596992</ele><time>2024-08-28T03:26:29Z</time><extensions><speed>0.110251</speed><course>312.366739</course><hAcc>2.561567</hAcc><vAcc>1.573137</vAcc></extensions></trkpt>
      <trkpt lon="-117.167009" lat="32.897960"><ele>93.569149</ele><time>2024-08-28T03:26:30Z</time><extensions><speed>0.118397</speed><course>309.156969</course><hAcc>2.560901</hAcc><vAcc>1.567268</vAcc></extensions></trkpt>
      <trkpt lon="-117.167011" lat="32.897961"><ele>93.541275</ele><time>2024-08-28T03:26:31Z</time><extensions><speed>0.139542</speed><course>306.186477</course><hAcc>2.567411</hAcc><vAcc>1.560260</vAcc></extensions></trkpt>
      <trkpt lon="-117.167012" lat="32.897962"><ele>93.494006</ele><time>2024-08-28T03:26:32Z</time><extensions><speed>0.153474</speed><course>301.203024</course><hAcc>2.571012</hAcc><vAcc>1.550351</vAcc></extensions></trkpt>
      <trkpt lon="-117.167014" lat="32.897962"><ele>93.452463</ele><time>2024-08-28T03:26:33Z</time><extensions><speed>0.212107</speed><course>297.129449</course><hAcc>2.561534</hAcc><vAcc>1.537182</vAcc></extensions></trkpt>
      <trkpt lon="-117.167017" lat="32.897963"><ele>93.412735</ele><time>2024-08-28T03:26:34Z</time><extensions><speed>0.251515</speed><course>292.997194</course><hAcc>2.553150</hAcc><vAcc>1.516561</vAcc></extensions></trkpt>
      <trkpt lon="-117.167019" lat="32.897964"><ele>93.393600</ele><time>2024-08-28T03:26:35Z</time><extensions><speed>0.228984</speed><course>285.372608</course><hAcc>2.553239</hAcc><vAcc>1.499008</vAcc></extensions></trkpt>
      <trkpt lon="-117.167022" lat="32.897964"><ele>93.364130</ele><time>2024-08-28T03:26:36Z</time><extensions><speed>0.230155</speed><course>275.560462</course><hAcc>2.551240</hAcc><vAcc>1.473485</vAcc></extensions></trkpt>
      <trkpt lon="-117.167024" lat="32.897964"><ele>93.335788</ele><time>2024-08-28T03:26:37Z</time><extensions><speed>0.154579</speed><course>262.933329</course><hAcc>2.551873</hAcc><vAcc>1.443758</vAcc></extensions></trkpt>
      <trkpt lon="-117.167025" lat="32.897963"><ele>93.308903</ele><time>2024-08-28T03:26:38Z</time><extensions><speed>0.131958</speed><course>248.160878</course><hAcc>2.548930</hAcc><vAcc>1.413196</vAcc></extensions></trkpt>
      <trkpt lon="-117.167026" lat="32.897963"><ele>93.283511</ele><time>2024-08-28T03:26:39Z</time><extensions><speed>0.138509</speed><course>237.634512</course><hAcc>2.542265</hAcc><vAcc>1.384932</vAcc></extensions></trkpt>
      <trkpt lon="-117.167027" lat="32.897962"><ele>93.306560</ele><time>2024-08-28T03:26:40Z</time><extensions><speed>0.152442</speed><course>230.328770</course><hAcc>2.533630</hAcc><vAcc>1.358926</vAcc></extensions></trkpt>
      <trkpt lon="-117.167028" lat="32.897961"><ele>93.332873</ele><time>2024-08-28T03:26:41Z</time><extensions><speed>0.173764</speed><course>228.346809</course><hAcc>2.521124</hAcc><vAcc>1.330790</vAcc></extensions></trkpt>
      <trkpt lon="-117.167030" lat="32.897960"><ele>93.361329</ele><time>2024-08-28T03:26:42Z</time><extensions><speed>0.196880</speed><course>231.468041</course><hAcc>2.499954</hAcc><vAcc>1.300814</vAcc></extensions></trkpt>
      <trkpt lon="-117.167031" lat="32.897959"><ele>93.385831</ele><time>2024-08-28T03:26:43Z</time><extensions><speed>0.217959</speed><course>237.165110</course><hAcc>2.470613</hAcc><vAcc>1.274205</vAcc></extensions></trkpt>
      <trkpt lon="-117.167033" lat="32.897958"><ele>93.411408</ele><time>2024-08-28T03:26:44Z</time><extensions><speed>0.204195</speed><course>237.544010</course><hAcc>2.441485</hAcc><vAcc>1.248811</vAcc></extensions></trkpt>
      <trkpt lon="-117.167034" lat="32.897957"><ele>93.437924</ele><time>2024-08-28T03:26:45Z</time><extensions><speed>0.129797</speed><course>217.393453</course><hAcc>2.420271</hAcc><vAcc>1.225924</vAcc></extensions></trkpt>
      <trkpt lon="-117.167034" lat="32.897956"><ele>93.466640</ele><time>2024-08-28T03:26:46Z</time><extensions><speed>0.097490</speed><course>165.936730</course><hAcc>2.403318</hAcc><vAcc>1.205161</vAcc></extensions></trkpt>
      <trkpt lon="-117.167034" lat="32.897955"><ele>93.497673</ele><time>2024-08-28T03:26:47Z</time><extensions><speed>0.119929</speed><course>133.322907</course><hAcc>2.385693</hAcc><vAcc>1.186845</vAcc></extensions></trkpt>
      <trkpt lon="-117.167033" lat="32.897954"><ele>93.530664</ele><time>2024-08-28T03:26:48Z</time><extensions><speed>0.146238</speed><course>118.837551</course><hAcc>2.365935</hAcc><vAcc>1.171769</vAcc></extensions></trkpt>
      <trkpt lon="-117.167031" lat="32.897954"><ele>93.565298</ele><time>2024-08-28T03:26:49Z</time><extensions><speed>0.164072</speed><course>111.982272</course><hAcc>2.340062</hAcc><vAcc>1.160153</vAcc></extensions></trkpt>
      <trkpt lon="-117.167029" lat="32.897953"><ele>93.600974</ele><time>2024-08-28T03:26:50Z</time><extensions><speed>0.154298</speed><course>109.725409</course><hAcc>2.311275</hAcc><vAcc>1.152029</vAcc></extensions></trkpt>
      <trkpt lon="-117.167028" lat="32.897953"><ele>93.636809</ele><time>2024-08-28T03:26:51Z</time><extensions><speed>0.155095</speed><course>106.989975</course><hAcc>2.299518</hAcc><vAcc>1.148069</vAcc></extensions></trkpt>
      <trkpt lon="-117.167026" lat="32.897952"><ele>93.695103</ele><time>2024-08-28T03:26:52Z</time><extensions><speed>0.141789</speed><course>106.697928</course><hAcc>2.302751</hAcc><vAcc>1.148437</vAcc></extensions></trkpt>
      <trkpt lon="-117.167024" lat="32.897952"><ele>93.758109</ele><time>2024-08-28T03:26:53Z</time><extensions><speed>0.127366</speed><course>107.457344</course><hAcc>2.313107</hAcc><vAcc>1.150336</vAcc></extensions></trkpt>
      <trkpt lon="-117.167023" lat="32.897951"><ele>93.820627</ele><time>2024-08-28T03:26:54Z</time><extensions><speed>0.117964</speed><course>108.917424</course><hAcc>2.326541</hAcc><vAcc>1.155719</vAcc></extensions></trkpt>
      <trkpt lon="-117.167021" lat="32.897951"><ele>93.883455</ele><time>2024-08-28T03:26:55Z</time><extensions><speed>0.114506</speed><course>110.811958</course><hAcc>2.341083</hAcc><vAcc>1.163440</vAcc></extensions></trkpt>
      <trkpt lon="-117.167020" lat="32.897950"><ele>93.946719</ele><time>2024-08-28T03:26:56Z</time><extensions><speed>0.119359</speed><course>112.742647</course><hAcc>2.354797</hAcc><vAcc>1.172192</vAcc></extensions></trkpt>
      <trkpt lon="-117.167019" lat="32.897950"><ele>94.010215</ele><time>2024-08-28T03:26:57Z</time><extensions><speed>0.127219</speed><course>114.422864</course><hAcc>2.372354</hAcc><vAcc>1.180656</vAcc></extensions></trkpt>
      <trkpt lon="-117.167017" lat="32.897949"><ele>94.072596</ele><time>2024-08-28T03:26:58Z</time><extensions><speed>0.138119</speed><course>115.745815</course><hAcc>2.391675</hAcc><vAcc>1.189889</vAcc></extensions></trkpt>
      <trkpt lon="-117.167016" lat="32.897948"><ele>94.133391</ele><time>2024-08-28T03:26:59Z</time><extensions><speed>0.153809</speed><course>116.696071</course><hAcc>2.408755</hAcc><vAcc>1.200449</vAcc></extensions></trkpt>
      <trkpt lon="-117.167014" lat="32.897948"><ele>94.192626</ele><time>2024-08-28T03:27:00Z</time><extensions><speed>0.168850</speed><course>117.330497</course><hAcc>2.423361</hAcc><vAcc>1.211611</vAcc></extensions></trkpt>
      <trkpt lon="-117.167013" lat="32.897947"><ele>94.229100</ele><time>2024-08-28T03:27:01Z</time><extensions><speed>0.184243</speed><course>118.262178</course><hAcc>2.424012</hAcc><vAcc>1.223610</vAcc></extensions></trkpt>
      <trkpt lon="-117.167011" lat="32.897946"><ele>94.259063</ele><time>2024-08-28T03:27:02Z</time><extensions><speed>0.196755</speed><course>119.263265</course><hAcc>2.409316</hAcc><vAcc>1.234444</vAcc></extensions></trkpt>
      <trkpt lon="-117.167009" lat="32.897945"><ele>94.283433</ele><time>2024-08-28T03:27:03Z</time><extensions><speed>0.175607</speed><course>120.463723</course><hAcc>2.404166</hAcc><vAcc>1.242445</vAcc></extensions></trkpt>
      <trkpt lon="-117.167008" lat="32.897944"><ele>94.303473</ele><time>2024-08-28T03:27:04Z</time><extensions><speed>0.132600</speed><course>122.007283</course><hAcc>2.419043</hAcc><vAcc>1.248706</vAcc></extensions></trkpt>
      <trkpt lon="-117.167007" lat="32.897944"><ele>94.320255</ele><time>2024-08-28T03:27:05Z</time><extensions><speed>0.087229</speed><course>125.130972</course><hAcc>2.441270</hAcc><vAcc>1.254893</vAcc></extensions></trkpt>
      <trkpt lon="-117.167007" lat="32.897944"><ele>94.332770</ele><time>2024-08-28T03:27:06Z</time><extensions><speed>0.052454</speed><course>132.593432</course><hAcc>2.454808</hAcc><vAcc>1.259711</vAcc></extensions></trkpt>
      <trkpt lon="-117.167006" lat="32.897943"><ele>94.342890</ele><time>2024-08-28T03:27:07Z</time><extensions><speed>0.031654</speed><course>154.318950</course><hAcc>2.447109</hAcc><vAcc>1.266797</vAcc></extensions></trkpt>
      <trkpt lon="-117.167006" lat="32.897943"><ele>94.347917</ele><time>2024-08-28T03:27:08Z</time><extensions><speed>0.030575</speed><course>203.563792</course><hAcc>2.418728</hAcc><vAcc>1.270927</vAcc></extensions></trkpt>
      <trkpt lon="-117.167007" lat="32.897943"><ele>94.349941</ele><time>2024-08-28T03:27:09Z</time><extensions><speed>0.048748</speed><course>240.299422</course><hAcc>2.408312</hAcc><vAcc>1.275906</vAcc></extensions></trkpt>
      <trkpt lon="-117.167007" lat="32.897943"><ele>94.349857</ele><time>2024-08-28T03:27:10Z</time><extensions><speed>0.075995</speed><course>255.295091</course><hAcc>2.412640</hAcc><vAcc>1.284140</vAcc></extensions></trkpt>
      <trkpt lon="-117.167008" lat="32.897942"><ele>94.346692</ele><time>2024-08-28T03:27:11Z</time><extensions><speed>0.101776</speed><course>261.947447</course><hAcc>2.418565</hAcc><vAcc>1.292203</vAcc></extensions></trkpt>
      <trkpt lon="-117.167009" lat="32.897942"><ele>94.341003</ele><time>2024-08-28T03:27:12Z</time><extensions><speed>0.081836</speed><course>259.740286</course><hAcc>2.420874</hAcc><vAcc>1.300013</vAcc></extensions></trkpt>
      <trkpt lon="-117.167010" lat="32.897942"><ele>94.346659</ele><time>2024-08-28T03:27:13Z</time><extensions><speed>0.061825</speed><course>248.551166</course><hAcc>2.412883</hAcc><vAcc>1.305739</vAcc></extensions></trkpt>
      <trkpt lon="-117.167010" lat="32.897941"><ele>94.354268</ele><time>2024-08-28T03:27:14Z</time><extensions><speed>0.050896</speed><course>234.175194</course><hAcc>2.395561</hAcc><vAcc>1.311563</vAcc></extensions></trkpt>
      <trkpt lon="-117.167011" lat="32.897941"><ele>94.361888</ele><time>2024-08-28T03:27:15Z</time><extensions><speed>0.046216</speed><course>217.685907</course><hAcc>2.375482</hAcc><vAcc>1.316289</vAcc></extensions></trkpt>
      <trkpt lon="-117.167011" lat="32.897940"><ele>94.369637</ele><time>2024-08-28T03:27:16Z</time><extensions><speed>0.047096</speed><course>202.311084</course><hAcc>2.355612</hAcc><vAcc>1.320063</vAcc></extensions></trkpt>
      <trkpt lon="-117.167011" lat="32.897940"><ele>94.377404</ele><time>2024-08-28T03:27:17Z</time><extensions><speed>0.053890</speed><course>190.893919</course><hAcc>2.337074</hAcc><vAcc>1.323888</vAcc></extensions></trkpt>
      <trkpt lon="-117.167011" lat="32.897939"><ele>94.385489</ele><time>2024-08-28T03:27:18Z</time><extensions><speed>0.059637</speed><course>183.247813</course><hAcc>2.331833</hAcc><vAcc>1.327296</vAcc></extensions></trkpt>
      <trkpt lon="-117.167011" lat="32.897938"><ele>94.394301</ele><time>2024-08-28T03:27:19Z</time><extensions><speed>0.071293</speed><course>178.377007</course><hAcc>2.327203</hAcc><vAcc>1.328535</vAcc></extensions></trkpt>
      <trkpt lon="-117.167011" lat="32.897938"><ele>94.403528</ele><time>2024-08-28T03:27:20Z</time><extensions><speed>0.086222</speed><course>175.624955</course><hAcc>2.324943</hAcc><vAcc>1.329002</vAcc></extensions></trkpt>
      <trkpt lon="-117.167011" lat="32.897937"><ele>94.413231</ele><time>2024-08-28T03:27:21Z</time><extensions><speed>0.103642</speed><course>174.354202</course><hAcc>2.324447</hAcc><vAcc>1.328090</vAcc></extensions></trkpt>
      <trkpt lon="-117.167011" lat="32.897936"><ele>94.422830</ele><time>2024-08-28T03:27:22Z</time><extensions><speed>0.121854</speed><course>173.521651</course><hAcc>2.318748</hAcc><vAcc>1.327461</vAcc></extensions></trkpt>
      <trkpt lon="-117.167011" lat="32.897935"><ele>94.420557</ele><time>2024-08-28T03:27:23Z</time><extensions><speed>0.138190</speed><course>175.059477</course><hAcc>2.302353</hAcc><vAcc>1.323890</vAcc></extensions></trkpt>
      <trkpt lon="-117.167011" lat="32.897933"><ele>94.402862</ele><time>2024-08-28T03:27:24Z</time><extensions><speed>0.128684</speed><course>173.586454</course><hAcc>2.298452</hAcc><vAcc>1.313430</vAcc></extensions></trkpt>
      <trkpt lon="-117.167011" lat="32.897932"><ele>94.366431</ele><time>2024-08-28T03:27:25Z</time><extensions><speed>0.105681</speed><course>173.277798</course><hAcc>2.301102</hAcc><vAcc>1.301671</vAcc></extensions></trkpt>
      <trkpt lon="-117.167010" lat="32.897932"><ele>94.332686</ele><time>2024-08-28T03:27:26Z</time><extensions><speed>0.077298</speed><course>173.894537</course><hAcc>2.300581</hAcc><vAcc>1.295691</vAcc></extensions></trkpt>
      <trkpt lon="-117.167010" lat="32.897931"><ele>94.293569</ele><time>2024-08-28T03:27:27Z</time><extensions><speed>0.046926</speed><course>177.976477</course><hAcc>2.295191</hAcc><vAcc>1.291342</vAcc></extensions></trkpt>
      <trkpt lon="-117.167011" lat="32.897931"><ele>94.266461</ele><time>2024-08-28T03:27:28Z</time><extensions><speed>0.017318</speed><course>205.343132</course><hAcc>2.288145</hAcc><vAcc>1.286763</vAcc></extensions></trkpt>
      <trkpt lon="-117.167011" lat="32.897931"><ele>94.255261</ele><time>2024-08-28T03:27:29Z</time><extensions><speed>0.027102</speed><course>304.898460</course><hAcc>2.282750</hAcc><vAcc>1.283802</vAcc></extensions></trkpt>
      <trkpt lon="-117.167011" lat="32.897932"><ele>94.247859</ele><time>2024-08-28T03:27:30Z</time><extensions><speed>0.065777</speed><course>313.670360</course><hAcc>2.279165</hAcc><vAcc>1.277986</vAcc></extensions></trkpt>
      <trkpt lon="-117.167012" lat="32.897932"><ele>94.243908</ele><time>2024-08-28T03:27:31Z</time><extensions><speed>0.122753</speed><course>309.507662</course><hAcc>2.274877</hAcc><vAcc>1.268449</vAcc></extensions></trkpt>
      <trkpt lon="-117.167013" lat="32.897933"><ele>94.222270</ele><time>2024-08-28T03:27:32Z</time><extensions><speed>0.223365</speed><course>301.536118</course><hAcc>2.266957</hAcc><vAcc>1.259416</vAcc></extensions></trkpt>
      <trkpt lon="-117.167015" lat="32.897934"><ele>94.183610</ele><time>2024-08-28T03:27:33Z</time><extensions><speed>0.223549</speed><course>303.238277</course><hAcc>2.270463</hAcc><vAcc>1.253582</vAcc></extensions></trkpt>
      <trkpt lon="-117.167017" lat="32.897935"><ele>94.151464</ele><time>2024-08-28T03:27:34Z</time><extensions><speed>0.233512</speed><course>305.533298</course><hAcc>2.269592</hAcc><vAcc>1.252409</vAcc></extensions></trkpt>
      <trkpt lon="-117.167019" lat="32.897936"><ele>94.112728</ele><time>2024-08-28T03:27:35Z</time><extensions><speed>0.237106</speed><course>305.977823</course><hAcc>2.272122</hAcc><vAcc>1.250533</vAcc></extensions></trkpt>
      <trkpt lon="-117.167021" lat="32.897937"><ele>94.077785</ele><time>2024-08-28T03:27:36Z</time><extensions><speed>0.166939</speed><course>312.693218</course><hAcc>2.285376</hAcc><vAcc>1.250754</vAcc></extensions></trkpt>
      <trkpt lon="-117.167022" lat="32.897938"><ele>94.044588</ele><time>2024-08-28T03:27:37Z</time><extensions><speed>0.112543</speed><course>312.485408</course><hAcc>2.285391</hAcc><vAcc>1.254918</vAcc></extensions></trkpt>
      <trkpt lon="-117.167022" lat="32.897939"><ele>94.021644</ele><time>2024-08-28T03:27:38Z</time><extensions><speed>0.070148</speed><course>296.478696</course><hAcc>2.272693</hAcc><vAcc>1.261778</vAcc></extensions></trkpt>
      <trkpt lon="-117.167023" lat="32.897939"><ele>94.000767</ele><time>2024-08-28T03:27:39Z</time><extensions><speed>0.016282</speed><course>220.378009</course><hAcc>2.265613</hAcc><vAcc>1.270786</vAcc></extensions></trkpt>
      <trkpt lon="-117.167022" lat="32.897938"><ele>93.975723</ele><time>2024-08-28T03:27:40Z</time><extensions><speed>0.044950</speed><course>157.125776</course><hAcc>2.255848</hAcc><vAcc>1.278266</vAcc></extensions></trkpt>
      <trkpt lon="-117.167022" lat="32.897938"><ele>93.973142</ele><time>2024-08-28T03:27:41Z</time><extensions><speed>0.065332</speed><course>157.454330</course><hAcc>2.243934</hAcc><vAcc>1.285158</vAcc></extensions></trkpt>
      <trkpt lon="-117.167022" lat="32.897937"><ele>93.970924</ele><time>2024-08-28T03:27:42Z</time><extensions><speed>0.081209</speed><course>153.586927</course><hAcc>2.252658</hAcc><vAcc>1.291404</vAcc></extensions></trkpt>
      <trkpt lon="-117.167021" lat="32.897936"><ele>93.987721</ele><time>2024-08-28T03:27:43Z</time><extensions><speed>0.077892</speed><course>169.052831</course><hAcc>2.288357</hAcc><vAcc>1.296596</vAcc></extensions></trkpt>
      <trkpt lon="-117.167021" lat="32.897936"><ele>94.020422</ele><time>2024-08-28T03:27:44Z</time><extensions><speed>0.068814</speed><course>149.662102</course><hAcc>2.348111</hAcc><vAcc>1.299552</vAcc></extensions></trkpt>
      <trkpt lon="-117.167020" lat="32.897935"><ele>94.079881</ele><time>2024-08-28T03:27:45Z</time><extensions><speed>0.078914</speed><course>155.699109</course><hAcc>2.367777</hAcc><vAcc>1.298056</vAcc></extensions></trkpt>
      <trkpt lon="-117.167020" lat="32.897934"><ele>94.143384</ele><time>2024-08-28T03:27:46Z</time><extensions><speed>0.104351</speed><course>135.116594</course><hAcc>2.409185</hAcc><vAcc>1.296549</vAcc></extensions></trkpt>
      <trkpt lon="-117.167019" lat="32.897933"><ele>94.204171</ele><time>2024-08-28T03:27:47Z</time><extensions><speed>0.115052</speed><course>133.221611</course><hAcc>2.450759</hAcc><vAcc>1.294139</vAcc></extensions></trkpt>
      <trkpt lon="-117.167018" lat="32.897932"><ele>94.255477</ele><time>2024-08-28T03:27:48Z</time><extensions><speed>0.112175</speed><course>142.163979</course><hAcc>2.475490</hAcc><vAcc>1.289748</vAcc></extensions></trkpt>
      <trkpt lon="-117.167017" lat="32.897932"><ele>94.275578</ele><time>2024-08-28T03:27:49Z</time><extensions><speed>0.109651</speed><course>161.723020</course><hAcc>2.486648</hAcc><vAcc>1.284914</vAcc></extensions></trkpt>
      <trkpt lon="-117.167017" lat="32.897931"><ele>94.297473</ele><time>2024-08-28T03:27:50Z</time><extensions><speed>0.138866</speed><course>190.600120</course><hAcc>2.477091</hAcc><vAcc>1.277265</vAcc></extensions></trkpt>
      <trkpt lon="-117.167017" lat="32.897930"><ele>94.310023</ele><time>2024-08-28T03:27:51Z</time><extensions><speed>0.165439</speed><course>193.349615</course><hAcc>2.461980</hAcc><vAcc>1.267451</vAcc></extensions></trkpt>
      <trkpt lon="-117.167017" lat="32.897928"><ele>94.320354</ele><time>2024-08-28T03:27:52Z</time><extensions><speed>0.170587</speed><course>192.671925</course><hAcc>2.445155</hAcc><vAcc>1.255697</vAcc></extensions></trkpt>
      <trkpt lon="-117.167017" lat="32.897927"><ele>94.325649</ele><time>2024-08-28T03:27:53Z</time><extensions><speed>0.138471</speed><course>183.778781</course><hAcc>2.425638</hAcc><vAcc>1.243519</vAcc></extensions></trkpt>
      <trkpt lon="-117.167017" lat="32.897926"><ele>94.328331</ele><time>2024-08-28T03:27:54Z</time><extensions><speed>0.094856</speed><course>192.048558</course><hAcc>2.392145</hAcc><vAcc>1.228197</vAcc></extensions></trkpt>
      <trkpt lon="-117.167017" lat="32.897926"><ele>94.343627</ele><time>2024-08-28T03:27:55Z</time><extensions><speed>0.039427</speed><course>115.642280</course><hAcc>2.366029</hAcc><vAcc>1.213934</vAcc></extensions></trkpt>
      <trkpt lon="-117.167016" lat="32.897927"><ele>94.373150</ele><time>2024-08-28T03:27:56Z</time><extensions><speed>0.106201</speed><course>44.081428</course><hAcc>2.340498</hAcc><vAcc>1.201321</vAcc></extensions></trkpt>
      <trkpt lon="-117.167015" lat="32.897928"><ele>94.404866</ele><time>2024-08-28T03:27:57Z</time><extensions><speed>0.204528</speed><course>28.391127</course><hAcc>2.308439</hAcc><vAcc>1.188361</vAcc></extensions></trkpt>
      <trkpt lon="-117.167014" lat="32.897931"><ele>94.445773</ele><time>2024-08-28T03:27:58Z</time><extensions><speed>0.305096</speed><course>19.826079</course><hAcc>2.271299</hAcc><vAcc>1.174380</vAcc></extensions></trkpt>
      <trkpt lon="-117.167012" lat="32.897934"><ele>94.474842</ele><time>2024-08-28T03:27:59Z</time><extensions><speed>0.400135</speed><course>20.791183</course><hAcc>2.243938</hAcc><vAcc>1.161115</vAcc></extensions></trkpt>
      <trkpt lon="-117.167010" lat="32.897938"><ele>94.509783</ele><time>2024-08-28T03:28:00Z</time><extensions><speed>0.480018</speed><course>25.976096</course><hAcc>2.231127</hAcc><vAcc>1.148677</vAcc></extensions></trkpt>
      <trkpt lon="-117.167007" lat="32.897942"><ele>94.530240</ele><time>2024-08-28T03:28:01Z</time><extensions><speed>0.567950</speed><course>29.261747</course><hAcc>2.216871</hAcc><vAcc>1.137472</vAcc></extensions></trkpt>
      <trkpt lon="-117.167004" lat="32.897947"><ele>94.587641</ele><time>2024-08-28T03:28:02Z</time><extensions><speed>0.657952</speed><course>29.465557</course><hAcc>2.195336</hAcc><vAcc>1.127141</vAcc></extensions></trkpt>
      <trkpt lon="-117.167000" lat="32.897953"><ele>94.663748</ele><time>2024-08-28T03:28:03Z</time><extensions><speed>0.733928</speed><course>28.856625</course><hAcc>2.173383</hAcc><vAcc>1.118148</vAcc></extensions></trkpt>
      <trkpt lon="-117.166996" lat="32.897959"><ele>94.738004</ele><time>2024-08-28T03:28:04Z</time><extensions><speed>0.770228</speed><course>28.735182</course><hAcc>2.155893</hAcc><vAcc>1.111771</vAcc></extensions></trkpt>
      <trkpt lon="-117.166992" lat="32.897965"><ele>94.796809</ele><time>2024-08-28T03:28:05Z</time><extensions><speed>0.789332</speed><course>28.420891</course><hAcc>2.136992</hAcc><vAcc>1.105021</vAcc></extensions></trkpt>
      <trkpt lon="-117.166988" lat="32.897971"><ele>94.889469</ele><time>2024-08-28T03:28:06Z</time><extensions><speed>0.787448</speed><course>27.684019</course><hAcc>2.114621</hAcc><vAcc>1.098333</vAcc></extensions></trkpt>
      <trkpt lon="-117.166984" lat="32.897978"><ele>94.983712</ele><time>2024-08-28T03:28:07Z</time><extensions><speed>0.792548</speed><course>25.714576</course><hAcc>2.079455</hAcc><vAcc>1.090963</vAcc></extensions></trkpt>
      <trkpt lon="-117.166980" lat="32.897984"><ele>95.053348</ele><time>2024-08-28T03:28:08Z</time><extensions><speed>0.793680</speed><course>23.439423</course><hAcc>2.026524</hAcc><vAcc>1.082540</vAcc></extensions></trkpt>
      <trkpt lon="-117.166977" lat="32.897991"><ele>95.127717</ele><time>2024-08-28T03:28:09Z</time><extensions><speed>0.834594</speed><course>21.465940</course><hAcc>1.950876</hAcc><vAcc>1.073546</vAcc></extensions></trkpt>
      <trkpt lon="-117.166973" lat="32.897998"><ele>95.203809</ele><time>2024-08-28T03:28:10Z</time><extensions><speed>0.908167</speed><course>19.868985</course><hAcc>1.872877</hAcc><vAcc>1.064454</vAcc></extensions></trkpt>
      <trkpt lon="-117.166970" lat="32.898007"><ele>95.259343</ele><time>2024-08-28T03:28:11Z</time><extensions><speed>1.067912</speed><course>18.304232</course><hAcc>1.819610</hAcc><vAcc>1.055825</vAcc></extensions></trkpt>
      <trkpt lon="-117.166964" lat="32.898017"><ele>95.313816</ele><time>2024-08-28T03:28:12Z</time><extensions><speed>1.299451</speed><course>30.996038</course><hAcc>1.785343</hAcc><vAcc>1.046790</vAcc></extensions></trkpt>
      <trkpt lon="-117.166956" lat="32.898027"><ele>95.371126</ele><time>2024-08-28T03:28:13Z</time><extensions><speed>1.415886</speed><course>38.279548</course><hAcc>1.755145</hAcc><vAcc>1.036654</vAcc></extensions></trkpt>
      <trkpt lon="-117.166947" lat="32.898035"><ele>95.420091</ele><time>2024-08-28T03:28:14Z</time><extensions><speed>1.178105</speed><course>44.167090</course><hAcc>1.753732</hAcc><vAcc>1.026124</vAcc></extensions></trkpt>
      <trkpt lon="-117.166939" lat="32.898043"><ele>95.464319</ele><time>2024-08-28T03:28:15Z</time><extensions><speed>1.017564</speed><course>42.361417</course><hAcc>1.682349</hAcc><vAcc>1.014482</vAcc></extensions></trkpt>
      <trkpt lon="-117.166932" lat="32.898050"><ele>95.509768</ele><time>2024-08-28T03:28:16Z</time><extensions><speed>1.024871</speed><course>37.400061</course><hAcc>1.638183</hAcc><vAcc>1.001730</vAcc></extensions></trkpt>
      <trkpt lon="-117.166924" lat="32.898057"><ele>95.542300</ele><time>2024-08-28T03:28:17Z</time><extensions><speed>1.102054</speed><course>39.233075</course><hAcc>1.621354</hAcc><vAcc>0.988685</vAcc></extensions></trkpt>
      <trkpt lon="-117.166917" lat="32.898065"><ele>95.566341</ele><time>2024-08-28T03:28:18Z</time><extensions><speed>1.072694</speed><course>44.069707</course><hAcc>1.608610</hAcc><vAcc>0.976010</vAcc></extensions></trkpt>
      <trkpt lon="-117.166908" lat="32.898071"><ele>95.595659</ele><time>2024-08-28T03:28:19Z</time><extensions><speed>1.052702</speed><course>47.477309</course><hAcc>1.595313</hAcc><vAcc>0.963170</vAcc></extensions></trkpt>
      <trkpt lon="-117.166900" lat="32.898078"><ele>95.633756</ele><time>2024-08-28T03:28:20Z</time><extensions><speed>0.996842</speed><course>47.586177</course><hAcc>1.572353</hAcc><vAcc>0.950422</vAcc></extensions></trkpt>
      <trkpt lon="-117.166892" lat="32.898084"><ele>95.678461</ele><time>2024-08-28T03:28:21Z</time><extensions><speed>0.979445</speed><course>46.699885</course><hAcc>1.553162</hAcc><vAcc>0.938142</vAcc></extensions></trkpt>
      <trkpt lon="-117.166885" lat="32.898090"><ele>95.709962</ele><time>2024-08-28T03:28:22Z</time><extensions><speed>0.987316</speed><course>43.498547</course><hAcc>1.556484</hAcc><vAcc>0.926338</vAcc></extensions></trkpt>
      <trkpt lon="-117.166878" lat="32.898097"><ele>95.734242</ele><time>2024-08-28T03:28:23Z</time><extensions><speed>1.054033</speed><course>41.639401</course><hAcc>1.551738</hAcc><vAcc>0.915908</vAcc></extensions></trkpt>
      <trkpt lon="-117.166870" lat="32.898104"><ele>95.761264</ele><time>2024-08-28T03:28:24Z</time><extensions><speed>1.103594</speed><course>43.762712</course><hAcc>1.540296</hAcc><vAcc>0.906053</vAcc></extensions></trkpt>
      <trkpt lon="-117.166861" lat="32.898111"><ele>95.733301</ele><time>2024-08-28T03:28:25Z</time><extensions><speed>1.134423</speed><course>47.914704</course><hAcc>1.526279</hAcc><vAcc>0.896736</vAcc></extensions></trkpt>
      <trkpt lon="-117.166851" lat="32.898117"><ele>95.682314</ele><time>2024-08-28T03:28:26Z</time><extensions><speed>1.145923</speed><course>54.373237</course><hAcc>1.514029</hAcc><vAcc>0.888128</vAcc></extensions></trkpt>
      <trkpt lon="-117.166841" lat="32.898123"><ele>95.669232</ele><time>2024-08-28T03:28:27Z</time><extensions><speed>1.124844</speed><course>61.695334</course><hAcc>1.492291</hAcc><vAcc>0.879728</vAcc></extensions></trkpt>
      <trkpt lon="-117.166830" lat="32.898127"><ele>95.666352</ele><time>2024-08-28T03:28:28Z</time><extensions><speed>1.177437</speed><course>66.751353</course><hAcc>1.481870</hAcc><vAcc>0.871432</vAcc></extensions></trkpt>
      <trkpt lon="-117.166818" lat="32.898131"><ele>95.659448</ele><time>2024-08-28T03:28:29Z</time><extensions><speed>1.301445</speed><course>68.996162</course><hAcc>1.476411</hAcc><vAcc>0.863416</vAcc></extensions></trkpt>
      <trkpt lon="-117.166804" lat="32.898136"><ele>95.642540</ele><time>2024-08-28T03:28:30Z</time><extensions><speed>1.378553</speed><course>67.617063</course><hAcc>1.463846</hAcc><vAcc>0.856216</vAcc></extensions></trkpt>
      <trkpt lon="-117.166791" lat="32.898141"><ele>95.618440</ele><time>2024-08-28T03:28:31Z</time><extensions><speed>1.379085</speed><course>62.159727</course><hAcc>1.453890</hAcc><vAcc>0.849175</vAcc></extensions></trkpt>
      <trkpt lon="-117.166778" lat="32.898148"><ele>95.614205</ele><time>2024-08-28T03:28:32Z</time><extensions><speed>1.503946</speed><course>57.057145</course><hAcc>1.453963</hAcc><vAcc>0.842322</vAcc></extensions></trkpt>
      <trkpt lon="-117.166763" lat="32.898156"><ele>95.605173</ele><time>2024-08-28T03:28:33Z</time><extensions><speed>1.949811</speed><course>57.129788</course><hAcc>1.453063</hAcc><vAcc>0.835079</vAcc></extensions></trkpt>
      <trkpt lon="-117.166742" lat="32.898166"><ele>95.599793</ele><time>2024-08-28T03:28:34Z</time><extensions><speed>2.487725</speed><course>59.979260</course><hAcc>1.445060</hAcc><vAcc>0.828205</vAcc></extensions></trkpt>
      <trkpt lon="-117.166716" lat="32.898178"><ele>95.597753</ele><time>2024-08-28T03:28:35Z</time><extensions><speed>3.028637</speed><course>62.869041</course><hAcc>1.447445</hAcc><vAcc>0.821310</vAcc></extensions></trkpt>
      <trkpt lon="-117.166687" lat="32.898190"><ele>95.604359</ele><time>2024-08-28T03:28:36Z</time><extensions><speed>3.054471</speed><course>64.403519</course><hAcc>1.451224</hAcc><vAcc>0.814702</vAcc></extensions></trkpt>
      <trkpt lon="-117.166660" lat="32.898201"><ele>95.618347</ele><time>2024-08-28T03:28:37Z</time><extensions><speed>2.536219</speed><course>67.011939</course><hAcc>1.447533</hAcc><vAcc>0.808532</vAcc></extensions></trkpt>
      <trkpt lon="-117.166639" lat="32.898208"><ele>95.640768</ele><time>2024-08-28T03:28:38Z</time><extensions><speed>1.797814</speed><course>66.738801</course><hAcc>1.443919</hAcc><vAcc>0.802981</vAcc></extensions></trkpt>
      <trkpt lon="-117.166625" lat="32.898214"><ele>95.658301</ele><time>2024-08-28T03:28:39Z</time><extensions><speed>1.123400</speed><course>64.918804</course><hAcc>1.445752</hAcc><vAcc>0.798192</vAcc></extensions></trkpt>
      <trkpt lon="-117.166615" lat="32.898217"><ele>95.663734</ele><time>2024-08-28T03:28:40Z</time><extensions><speed>0.847594</speed><course>63.595191</course><hAcc>1.426674</hAcc><vAcc>0.793965</vAcc></extensions></trkpt>
      <trkpt lon="-117.166608" lat="32.898221"><ele>95.664359</ele><time>2024-08-28T03:28:41Z</time><extensions><speed>0.856129</speed><course>59.901091</course><hAcc>1.405920</hAcc><vAcc>0.790496</vAcc></extensions></trkpt>
      <trkpt lon="-117.166599" lat="32.898225"><ele>95.672074</ele><time>2024-08-28T03:28:42Z</time><extensions><speed>1.070974</speed><course>63.218592</course><hAcc>1.389704</hAcc><vAcc>0.787947</vAcc></extensions></trkpt>
      <trkpt lon="-117.166587" lat="32.898229"><ele>95.684974</ele><time>2024-08-28T03:28:43Z</time><extensions><speed>1.344762</speed><course>71.865352</course><hAcc>1.373583</hAcc><vAcc>0.786346</vAcc></extensions></trkpt>
      <trkpt lon="-117.166572" lat="32.898232"><ele>95.695065</ele><time>2024-08-28T03:28:44Z</time><extensions><speed>1.530850</speed><course>81.825967</course><hAcc>1.356738</hAcc><vAcc>0.785328</vAcc></extensions></trkpt>
      <trkpt lon="-117.166556" lat="32.898234"><ele>95.704212</ele><time>2024-08-28T03:28:45Z</time><extensions><speed>1.551077</speed><course>86.307728</course><hAcc>1.359259</hAcc><vAcc>0.785166</vAcc></extensions></trkpt>
      <trkpt lon="-117.166540" lat="32.898234"><ele>95.707076</ele><time>2024-08-28T03:28:46Z</time><extensions><speed>1.468636</speed><course>89.812085</course><hAcc>1.355628</hAcc><vAcc>0.785724</vAcc></extensions></trkpt>
      <trkpt lon="-117.166524" lat="32.898234"><ele>95.708593</ele><time>2024-08-28T03:28:47Z</time><extensions><speed>1.521225</speed><course>95.992279</course><hAcc>1.345220</hAcc><vAcc>0.786687</vAcc></extensions></trkpt>
      <trkpt lon="-117.166508" lat="32.898232"><ele>95.704455</ele><time>2024-08-28T03:28:48Z</time><extensions><speed>1.474899</speed><course>101.727033</course><hAcc>1.335685</hAcc><vAcc>0.788659</vAcc></extensions></trkpt>
      <trkpt lon="-117.166493" lat="32.898229"><ele>95.701336</ele><time>2024-08-28T03:28:49Z</time><extensions><speed>1.392672</speed><course>100.686879</course><hAcc>1.341609</hAcc><vAcc>0.792275</vAcc></extensions></trkpt>
      <trkpt lon="-117.166479" lat="32.898228"><ele>95.702748</ele><time>2024-08-28T03:28:50Z</time><extensions><speed>1.277249</speed><course>93.331085</course><hAcc>1.365180</hAcc><vAcc>0.798308</vAcc></extensions></trkpt>
      <trkpt lon="-117.166466" lat="32.898228"><ele>95.710262</ele><time>2024-08-28T03:28:51Z</time><extensions><speed>1.225581</speed><course>81.434000</course><hAcc>1.385991</hAcc><vAcc>0.805918</vAcc></extensions></trkpt>
      <trkpt lon="-117.166453" lat="32.898230"><ele>95.730083</ele><time>2024-08-28T03:28:52Z</time><extensions><speed>1.127803</speed><course>78.066997</course><hAcc>1.406926</hAcc><vAcc>0.814317</vAcc></extensions></trkpt>
      <trkpt lon="-117.166442" lat="32.898232"><ele>95.753811</ele><time>2024-08-28T03:28:53Z</time><extensions><speed>0.976111</speed><course>79.120925</course><hAcc>1.422804</hAcc><vAcc>0.823847</vAcc></extensions></trkpt>
      <trkpt lon="-117.166432" lat="32.898233"><ele>95.788738</ele><time>2024-08-28T03:28:54Z</time><extensions><speed>0.985367</speed><course>83.786379</course><hAcc>1.442203</hAcc><vAcc>0.834942</vAcc></extensions></trkpt>
      <trkpt lon="-117.166421" lat="32.898234"><ele>95.833450</ele><time>2024-08-28T03:28:55Z</time><extensions><speed>1.086379</speed><course>90.007952</course><hAcc>1.462007</hAcc><vAcc>0.845366</vAcc></extensions></trkpt>
      <trkpt lon="-117.166409" lat="32.898233"><ele>95.881360</ele><time>2024-08-28T03:28:56Z</time><extensions><speed>1.087777</speed><course>97.174905</course><hAcc>1.476940</hAcc><vAcc>0.855943</vAcc></extensions></trkpt>
      <trkpt lon="-117.166398" lat="32.898231"><ele>95.942814</ele><time>2024-08-28T03:28:57Z</time><extensions><speed>1.057192</speed><course>106.523447</course><hAcc>1.492240</hAcc><vAcc>0.865656</vAcc></extensions></trkpt>
      <trkpt lon="-117.166387" lat="32.898227"><ele>95.983944</ele><time>2024-08-28T03:28:58Z</time><extensions><speed>1.095509</speed><course>118.034089</course><hAcc>1.515792</hAcc><vAcc>0.873670</vAcc></extensions></trkpt>
      <trkpt lon="-117.166377" lat="32.898223"><ele>96.019368</ele><time>2024-08-28T03:28:59Z</time><extensions><speed>1.076720</speed><course>119.739032</course><hAcc>1.532662</hAcc><vAcc>0.880486</vAcc></extensions></trkpt>
      <trkpt lon="-117.166366" lat="32.898218"><ele>96.050801</ele><time>2024-08-28T03:29:00Z</time><extensions><speed>1.049219</speed><course>115.018213</course><hAcc>1.543075</hAcc><vAcc>0.886466</vAcc></extensions></trkpt>
      <trkpt lon="-117.166356" lat="32.898215"><ele>96.070859</ele><time>2024-08-28T03:29:01Z</time><extensions><speed>1.049500</speed><course>111.404158</course><hAcc>1.561744</hAcc><vAcc>0.889860</vAcc></extensions></trkpt>
      <trkpt lon="-117.166345" lat="32.898212"><ele>96.100717</ele><time>2024-08-28T03:29:02Z</time><extensions><speed>1.061781</speed><course>106.937436</course><hAcc>1.577675</hAcc><vAcc>0.890747</vAcc></extensions></trkpt>
      <trkpt lon="-117.166334" lat="32.898209"><ele>96.137060</ele><time>2024-08-28T03:29:03Z</time><extensions><speed>1.141182</speed><course>104.919254</course><hAcc>1.599687</hAcc><vAcc>0.889846</vAcc></extensions></trkpt>
      <trkpt lon="-117.166322" lat="32.898206"><ele>96.166470</ele><time>2024-08-28T03:29:04Z</time><extensions><speed>1.200274</speed><course>105.293557</course><hAcc>1.605826</hAcc><vAcc>0.887601</vAcc></extensions></trkpt>
      <trkpt lon="-117.166310" lat="32.898203"><ele>96.186486</ele><time>2024-08-28T03:29:05Z</time><extensions><speed>1.187854</speed><course>109.501243</course><hAcc>1.595456</hAcc><vAcc>0.883915</vAcc></extensions></trkpt>
      <trkpt lon="-117.166298" lat="32.898199"><ele>96.208157</ele><time>2024-08-28T03:29:06Z</time><extensions><speed>1.197985</speed><course>115.619254</course><hAcc>1.585328</hAcc><vAcc>0.880090</vAcc></extensions></trkpt>
      <trkpt lon="-117.166286" lat="32.898194"><ele>96.218204</ele><time>2024-08-28T03:29:07Z</time><extensions><speed>1.278492</speed><course>117.453501</course><hAcc>1.565859</hAcc><vAcc>0.875422</vAcc></extensions></trkpt>
      <trkpt lon="-117.166273" lat="32.898189"><ele>96.215907</ele><time>2024-08-28T03:29:08Z</time><extensions><speed>1.423966</speed><course>115.025286</course><hAcc>1.553789</hAcc><vAcc>0.870187</vAcc></extensions></trkpt>
      <trkpt lon="-117.166259" lat="32.898184"><ele>96.209611</ele><time>2024-08-28T03:29:09Z</time><extensions><speed>1.482806</speed><course>111.541022</course><hAcc>1.552944</hAcc><vAcc>0.865062</vAcc></extensions></trkpt>
      <trkpt lon="-117.166245" lat="32.898179"><ele>96.199704</ele><time>2024-08-28T03:29:10Z</time><extensions><speed>1.330435</speed><course>110.876294</course><hAcc>1.557672</hAcc><vAcc>0.860072</vAcc></extensions></trkpt>
      <trkpt lon="-117.166232" lat="32.898175"><ele>96.183144</ele><time>2024-08-28T03:29:11Z</time><extensions><speed>1.237807</speed><course>107.339840</course><hAcc>1.525135</hAcc><vAcc>0.855169</vAcc></extensions></trkpt>
      <trkpt lon="-117.166220" lat="32.898172"><ele>96.180574</ele><time>2024-08-28T03:29:12Z</time><extensions><speed>1.113191</speed><course>106.629138</course><hAcc>1.503006</hAcc><vAcc>0.850421</vAcc></extensions></trkpt>
      <trkpt lon="-117.166209" lat="32.898170"><ele>96.179460</ele><time>2024-08-28T03:29:13Z</time><extensions><speed>1.029949</speed><course>103.314833</course><hAcc>1.488707</hAcc><vAcc>0.845455</vAcc></extensions></trkpt>
      <trkpt lon="-117.166199" lat="32.898168"><ele>96.159419</ele><time>2024-08-28T03:29:14Z</time><extensions><speed>0.902248</speed><course>98.397209</course><hAcc>1.472946</hAcc><vAcc>0.840696</vAcc></extensions></trkpt>
      <trkpt lon="-117.166189" lat="32.898168"><ele>96.130729</ele><time>2024-08-28T03:29:15Z</time><extensions><speed>0.936216</speed><course>84.790901</course><hAcc>1.460477</hAcc><vAcc>0.835961</vAcc></extensions></trkpt>
      <trkpt lon="-117.166179" lat="32.898170"><ele>96.115249</ele><time>2024-08-28T03:29:16Z</time><extensions><speed>1.029692</speed><course>64.856972</course><hAcc>1.453071</hAcc><vAcc>0.831646</vAcc></extensions></trkpt>
      <trkpt lon="-117.166169" lat="32.898176"><ele>96.111275</ele><time>2024-08-28T03:29:17Z</time><extensions><speed>1.233530</speed><course>51.709286</course><hAcc>1.436792</hAcc><vAcc>0.827055</vAcc></extensions></trkpt>
      <trkpt lon="-117.166159" lat="32.898184"><ele>96.113811</ele><time>2024-08-28T03:29:18Z</time><extensions><speed>1.287041</speed><course>41.325227</course><hAcc>1.425241</hAcc><vAcc>0.822000</vAcc></extensions></trkpt>
      <trkpt lon="-117.166151" lat="32.898193"><ele>96.111725</ele><time>2024-08-28T03:29:19Z</time><extensions><speed>1.245477</speed><course>35.334607</course><hAcc>1.424871</hAcc><vAcc>0.816808</vAcc></extensions></trkpt>
      <trkpt lon="-117.166144" lat="32.898201"><ele>96.098384</ele><time>2024-08-28T03:29:20Z</time><extensions><speed>1.173359</speed><course>34.573340</course><hAcc>1.428587</hAcc><vAcc>0.811501</vAcc></extensions></trkpt>
      <trkpt lon="-117.166136" lat="32.898210"><ele>96.094877</ele><time>2024-08-28T03:29:21Z</time><extensions><speed>1.197320</speed><course>37.569800</course><hAcc>1.426375</hAcc><vAcc>0.806586</vAcc></extensions></trkpt>
      <trkpt lon="-117.166128" lat="32.898218"><ele>96.108087</ele><time>2024-08-28T03:29:22Z</time><extensions><speed>1.174797</speed><course>41.749405</course><hAcc>1.410612</hAcc><vAcc>0.802587</vAcc></extensions></trkpt>
      <trkpt lon="-117.166120" lat="32.898227"><ele>96.133613</ele><time>2024-08-28T03:29:23Z</time><extensions><speed>1.217193</speed><course>40.483164</course><hAcc>1.409553</hAcc><vAcc>0.799726</vAcc></extensions></trkpt>
      <trkpt lon="-117.166112" lat="32.898236"><ele>96.159366</ele><time>2024-08-28T03:29:24Z</time><extensions><speed>1.343151</speed><course>36.263099</course><hAcc>1.410714</hAcc><vAcc>0.798297</vAcc></extensions></trkpt>
      <trkpt lon="-117.166103" lat="32.898246"><ele>96.203203</ele><time>2024-08-28T03:29:25Z</time><extensions><speed>1.456359</speed><course>34.000579</course><hAcc>1.422779</hAcc><vAcc>0.797816</vAcc></extensions></trkpt>
      <trkpt lon="-117.166095" lat="32.898256"><ele>96.248481</ele><time>2024-08-28T03:29:26Z</time><extensions><speed>1.390436</speed><course>33.195637</course><hAcc>1.453855</hAcc><vAcc>0.798352</vAcc></extensions></trkpt>
      <trkpt lon="-117.166087" lat="32.898267"><ele>96.289997</ele><time>2024-08-28T03:29:27Z</time><extensions><speed>1.395824</speed><course>29.915781</course><hAcc>1.422493</hAcc><vAcc>0.800315</vAcc></extensions></trkpt>
      <trkpt lon="-117.166080" lat="32.898278"><ele>96.343185</ele><time>2024-08-28T03:29:28Z</time><extensions><speed>1.389401</speed><course>29.812559</course><hAcc>1.413902</hAcc><vAcc>0.802616</vAcc></extensions></trkpt>
      <trkpt lon="-117.166072" lat="32.898289"><ele>96.393290</ele><time>2024-08-28T03:29:29Z</time><extensions><speed>1.416115</speed><course>29.643299</course><hAcc>1.418744</hAcc><vAcc>0.805979</vAcc></extensions></trkpt>
      <trkpt lon="-117.166065" lat="32.898301"><ele>96.443288</ele><time>2024-08-28T03:29:30Z</time><extensions><speed>1.448528</speed><course>25.570245</course><hAcc>1.411425</hAcc><vAcc>0.808893</vAcc></extensions></trkpt>
      <trkpt lon="-117.166059" lat="32.898313"><ele>96.490465</ele><time>2024-08-28T03:29:31Z</time><extensions><speed>1.461919</speed><course>22.416702</course><hAcc>1.395913</hAcc><vAcc>0.812659</vAcc></extensions></trkpt>
      <trkpt lon="-117.166053" lat="32.898325"><ele>96.529700</ele><time>2024-08-28T03:29:32Z</time><extensions><speed>1.383907</speed><course>21.920539</course><hAcc>1.376029</hAcc><vAcc>0.816015</vAcc></extensions></trkpt>
      <trkpt lon="-117.166048" lat="32.898335"><ele>96.558696</ele><time>2024-08-28T03:29:33Z</time><extensions><speed>1.261863</speed><course>24.698064</course><hAcc>1.383662</hAcc><vAcc>0.818842</vAcc></extensions></trkpt>
      <trkpt lon="-117.166042" lat="32.898346"><ele>96.587955</ele><time>2024-08-28T03:29:34Z</time><extensions><speed>1.253519</speed><course>29.480683</course><hAcc>1.393245</hAcc><vAcc>0.819957</vAcc></extensions></trkpt>
      <trkpt lon="-117.166035" lat="32.898355"><ele>96.624727</ele><time>2024-08-28T03:29:35Z</time><extensions><speed>1.153166</speed><course>32.573137</course><hAcc>1.334196</hAcc><vAcc>0.820051</vAcc></extensions></trkpt>
      <trkpt lon="-117.166029" lat="32.898363"><ele>96.663585</ele><time>2024-08-28T03:29:36Z</time><extensions><speed>1.096241</speed><course>34.359436</course><hAcc>1.318336</hAcc><vAcc>0.819416</vAcc></extensions></trkpt>
      <trkpt lon="-117.166022" lat="32.898372"><ele>96.703494</ele><time>2024-08-28T03:29:37Z</time><extensions><speed>1.220551</speed><course>33.029544</course><hAcc>1.339964</hAcc><vAcc>0.818345</vAcc></extensions></trkpt>
      <trkpt lon="-117.166015" lat="32.898382"><ele>96.725913</ele><time>2024-08-28T03:29:38Z</time><extensions><speed>1.360529</speed><course>28.205526</course><hAcc>1.315365</hAcc><vAcc>0.816046</vAcc></extensions></trkpt>
      <trkpt lon="-117.166009" lat="32.898393"><ele>96.735389</ele><time>2024-08-28T03:29:39Z</time><extensions><speed>1.347674</speed><course>24.180735</course><hAcc>1.323054</hAcc><vAcc>0.812928</vAcc></extensions></trkpt>
      <trkpt lon="-117.166004" lat="32.898403"><ele>96.741439</ele><time>2024-08-28T03:29:40Z</time><extensions><speed>1.255604</speed><course>19.722761</course><hAcc>1.321695</hAcc><vAcc>0.809148</vAcc></extensions></trkpt>
      <trkpt lon="-117.166000" lat="32.898414"><ele>96.757274</ele><time>2024-08-28T03:29:41Z</time><extensions><speed>1.145844</speed><course>11.998090</course><hAcc>1.348336</hAcc><vAcc>0.804812</vAcc></extensions></trkpt>
      <trkpt lon="-117.166000" lat="32.898423"><ele>96.760862</ele><time>2024-08-28T03:29:42Z</time><extensions><speed>0.897426</speed><course>350.996185</course><hAcc>1.328801</hAcc><vAcc>0.800033</vAcc></extensions></trkpt>
      <trkpt lon="-117.166004" lat="32.898430"><ele>96.770175</ele><time>2024-08-28T03:29:43Z</time><extensions><speed>0.920362</speed><course>317.318694</course><hAcc>1.301180</hAcc><vAcc>0.794973</vAcc></extensions></trkpt>
      <trkpt lon="-117.166012" lat="32.898436"><ele>96.777302</ele><time>2024-08-28T03:29:44Z</time><extensions><speed>1.240446</speed><course>304.904836</course><hAcc>1.303006</hAcc><vAcc>0.789851</vAcc></extensions></trkpt>
      <trkpt lon="-117.166025" lat="32.898443"><ele>96.766459</ele><time>2024-08-28T03:29:45Z</time><extensions><speed>1.516384</speed><course>301.434997</course><hAcc>1.303922</hAcc><vAcc>0.784900</vAcc></extensions></trkpt>
      <trkpt lon="-117.166038" lat="32.898449"><ele>96.748741</ele><time>2024-08-28T03:29:46Z</time><extensions><speed>1.399283</speed><course>296.068913</course><hAcc>1.314061</hAcc><vAcc>0.780280</vAcc></extensions></trkpt>
      <trkpt lon="-117.166051" lat="32.898454"><ele>96.726290</ele><time>2024-08-28T03:29:47Z</time><extensions><speed>1.276742</speed><course>293.238543</course><hAcc>1.325008</hAcc><vAcc>0.776059</vAcc></extensions></trkpt>
      <trkpt lon="-117.166063" lat="32.898458"><ele>96.705468</ele><time>2024-08-28T03:29:48Z</time><extensions><speed>1.053248</speed><course>288.055041</course><hAcc>1.286864</hAcc><vAcc>0.772268</vAcc></extensions></trkpt>
      <trkpt lon="-117.166073" lat="32.898460"><ele>96.674689</ele><time>2024-08-28T03:29:49Z</time><extensions><speed>1.013672</speed><course>288.225954</course><hAcc>1.267965</hAcc><vAcc>0.768947</vAcc></extensions></trkpt>
      <trkpt lon="-117.166084" lat="32.898464"><ele>96.641799</ele><time>2024-08-28T03:29:50Z</time><extensions><speed>1.105553</speed><course>291.217330</course><hAcc>1.272610</hAcc><vAcc>0.766126</vAcc></extensions></trkpt>
      <trkpt lon="-117.166095" lat="32.898467"><ele>96.602372</ele><time>2024-08-28T03:29:51Z</time><extensions><speed>1.180768</speed><course>289.820622</course><hAcc>1.283596</hAcc><vAcc>0.763799</vAcc></extensions></trkpt>
      <trkpt lon="-117.166107" lat="32.898470"><ele>96.530801</ele><time>2024-08-28T03:29:52Z</time><extensions><speed>1.085632</speed><course>282.523593</course><hAcc>1.307621</hAcc><vAcc>0.761932</vAcc></extensions></trkpt>
      <trkpt lon="-117.166117" lat="32.898470"><ele>96.448933</ele><time>2024-08-28T03:29:53Z</time><extensions><speed>0.823208</speed><course>255.157240</course><hAcc>1.299412</hAcc><vAcc>0.760475</vAcc></extensions></trkpt>
      <trkpt lon="-117.166124" lat="32.898466"><ele>96.352249</ele><time>2024-08-28T03:29:54Z</time><extensions><speed>0.891188</speed><course>216.040483</course><hAcc>1.293348</hAcc><vAcc>0.759367</vAcc></extensions></trkpt>
      <trkpt lon="-117.166129" lat="32.898459"><ele>96.250512</ele><time>2024-08-28T03:29:55Z</time><extensions><speed>1.002207</speed><course>203.043275</course><hAcc>1.312840</hAcc><vAcc>0.758546</vAcc></extensions></trkpt>
      <trkpt lon="-117.166132" lat="32.898451"><ele>96.145202</ele><time>2024-08-28T03:29:56Z</time><extensions><speed>0.753929</speed><course>196.066705</course><hAcc>1.317207</hAcc><vAcc>0.757954</vAcc></extensions></trkpt>
      <trkpt lon="-117.166134" lat="32.898446"><ele>96.033219</ele><time>2024-08-28T03:29:57Z</time><extensions><speed>0.512429</speed><course>192.045116</course><hAcc>1.334369</hAcc><vAcc>0.757540</vAcc></extensions></trkpt>
      <trkpt lon="-117.166134" lat="32.898442"><ele>95.925401</ele><time>2024-08-28T03:29:58Z</time><extensions><speed>0.282638</speed><course>183.532081</course><hAcc>1.350385</hAcc><vAcc>0.757257</vAcc></extensions></trkpt>
      <trkpt lon="-117.166135" lat="32.898440"><ele>95.813088</ele><time>2024-08-28T03:29:59Z</time><extensions><speed>0.263441</speed><course>193.879791</course><hAcc>1.353347</hAcc><vAcc>0.757071</vAcc></extensions></trkpt>
      <trkpt lon="-117.166136" lat="32.898437"><ele>95.696573</ele><time>2024-08-28T03:30:00Z</time><extensions><speed>0.349184</speed><course>209.175722</course><hAcc>1.364031</hAcc><vAcc>0.756953</vAcc></extensions></trkpt>
      <trkpt lon="-117.166139" lat="32.898434"><ele>95.579656</ele><time>2024-08-28T03:30:01Z</time><extensions><speed>0.566566</speed><course>217.633248</course><hAcc>1.378336</hAcc><vAcc>0.756880</vAcc></extensions></trkpt>
      <trkpt lon="-117.166144" lat="32.898429"><ele>95.469455</ele><time>2024-08-28T03:30:02Z</time><extensions><speed>0.942467</speed><course>221.870458</course><hAcc>1.400731</hAcc><vAcc>0.756837</vAcc></extensions></trkpt>
      <trkpt lon="-117.166151" lat="32.898422"><ele>95.367238</ele><time>2024-08-28T03:30:03Z</time><extensions><speed>0.997773</speed><course>220.710948</course><hAcc>1.416951</hAcc><vAcc>0.756812</vAcc></extensions></trkpt>
      <trkpt lon="-117.166158" lat="32.898416"><ele>95.274344</ele><time>2024-08-28T03:30:04Z</time><extensions><speed>0.940701</speed><course>223.572618</course><hAcc>1.431033</hAcc><vAcc>0.756798</vAcc></extensions></trkpt>
      <trkpt lon="-117.166165" lat="32.898410"><ele>95.192859</ele><time>2024-08-28T03:30:05Z</time><extensions><speed>0.915681</speed><course>227.715737</course><hAcc>1.464180</hAcc><vAcc>0.756790</vAcc></extensions></trkpt>
      <trkpt lon="-117.166172" lat="32.898404"><ele>95.114581</ele><time>2024-08-28T03:30:06Z</time><extensions><speed>0.943524</speed><course>228.852480</course><hAcc>1.527865</hAcc><vAcc>0.761885</vAcc></extensions></trkpt>
      <trkpt lon="-117.166180" lat="32.898398"><ele>95.044323</ele><time>2024-08-28T03:30:07Z</time><extensions><speed>0.995597</speed><course>228.827889</course><hAcc>1.624285</hAcc><vAcc>0.770652</vAcc></extensions></trkpt>
      <trkpt lon="-117.166188" lat="32.898393"><ele>94.981513</ele><time>2024-08-28T03:30:08Z</time><extensions><speed>0.924750</speed><course>225.793138</course><hAcc>1.755786</hAcc><vAcc>0.785261</vAcc></extensions></trkpt>
      <trkpt lon="-117.166194" lat="32.898387"><ele>94.925347</ele><time>2024-08-28T03:30:09Z</time><extensions><speed>0.791959</speed><course>218.087092</course><hAcc>1.897086</hAcc><vAcc>0.808585</vAcc></extensions></trkpt>
      <trkpt lon="-117.166198" lat="32.898381"><ele>94.874973</ele><time>2024-08-28T03:30:10Z</time><extensions><speed>0.692156</speed><course>206.986514</course><hAcc>2.040068</hAcc><vAcc>0.844122</vAcc></extensions></trkpt>
      <trkpt lon="-117.166201" lat="32.898376"><ele>94.829517</ele><time>2024-08-28T03:30:11Z</time><extensions><speed>0.678643</speed><course>198.848333</course><hAcc>2.189550</hAcc><vAcc>0.895716</vAcc></extensions></trkpt>
      <trkpt lon="-117.166203" lat="32.898370"><ele>94.787983</ele><time>2024-08-28T03:30:12Z</time><extensions><speed>0.671104</speed><course>194.910893</course><hAcc>2.359613</hAcc><vAcc>0.967120</vAcc></extensions></trkpt>
      <trkpt lon="-117.166205" lat="32.898364"><ele>94.749272</ele><time>2024-08-28T03:30:13Z</time><extensions><speed>0.648058</speed><course>196.617449</course><hAcc>2.593511</hAcc><vAcc>1.061501</vAcc></extensions></trkpt>
      <trkpt lon="-117.166207" lat="32.898359"><ele>94.712318</ele><time>2024-08-28T03:30:14Z</time><extensions><speed>0.553512</speed><course>198.776697</course><hAcc>2.980561</hAcc><vAcc>1.181070</vAcc></extensions></trkpt>
      <trkpt lon="-117.166209" lat="32.898354"><ele>94.676225</ele><time>2024-08-28T03:30:15Z</time><extensions><speed>0.479046</speed><course>199.996574</course><hAcc>3.645840</hAcc><vAcc>1.326914</vAcc></extensions></trkpt>
    </trkseg>
  </trk>
</gpx>