<?xml version="1.0" encoding="UTF-8"?>
<gpx version="1.1" creator="Apple Health Export" xmlns="http://www.topografix.com/GPX/1/1" xmlns:xsi="http://www.w3.org/2001/XMLSchema-instance" xsi:schemaLocation="http://www.topografix.com/GPX/1/1 http://www.topografix.com/GPX/1/1/gpx.xsd">
  <metadata>
    <time>2026-01-11T07:57:32Z</time>
  </metadata>
  <trk>
    <name>Route 2024-08-19 7:23pm</name>
    <trkseg>
      <trkpt lon="-117.165654" lat="32.896315"><ele>72.522073</ele><time>2024-08-20T01:34:28Z</time><extensions><speed>0.012966</speed><course>127.324134</course><hAcc>5.280219</hAcc><vAcc>1.447554</vAcc></extensions></trkpt>
      <trkpt lon="-117.165653" lat="32.896313"><ele>72.483100</ele><time>2024-08-20T01:34:30Z</time><extensions><speed>0.016010</speed><course>132.114832</course><hAcc>5.043818</hAcc><vAcc>1.251117</vAcc></extensions></trkpt>
      <trkpt lon="-117.165652" lat="32.896311"><ele>72.442015</ele><time>2024-08-20T01:34:31Z</time><extensions><speed>0.022970</speed><course>140.251935</course><hAcc>4.881491</hAcc><vAcc>1.107288</vAcc></extensions></trkpt>
      <trkpt lon="-117.165652" lat="32.896310"><ele>72.399865</ele><time>2024-08-20T01:34:32Z</time><extensions><speed>0.048298</speed><course>144.802639</course><hAcc>4.721152</hAcc><vAcc>0.998619</vAcc></extensions></trkpt>
      <trkpt lon="-117.165652" lat="32.896308"><ele>72.358440</ele><time>2024-08-20T01:34:33Z</time><extensions><speed>0.089768</speed><course>149.296740</course><hAcc>4.573832</hAcc><vAcc>0.919374</vAcc></extensions></trkpt>
      <trkpt lon="-117.165653" lat="32.896305"><ele>72.319229</ele><time>2024-08-20T01:34:34Z</time><extensions><speed>0.081897</speed><course>155.128438</course><hAcc>4.478224</hAcc><vAcc>0.863853</vAcc></extensions></trkpt>
      <trkpt lon="-117.165655" lat="32.896301"><ele>72.281860</ele><time>2024-08-20T01:34:35Z</time><extensions><speed>0.067163</speed><course>162.780494</course><hAcc>4.401207</hAcc><vAcc>0.826579</vAcc></extensions></trkpt>
      <trkpt lon="-117.165656" lat="32.896296"><ele>72.244653</ele><time>2024-08-20T01:34:36Z</time><extensions><speed>0.078119</speed><course>171.995590</course><hAcc>4.311784</hAcc><vAcc>0.802618</vAcc></extensions></trkpt>
      <trkpt lon="-117.165657" lat="32.896291"><ele>72.207070</ele><time>2024-08-20T01:34:37Z</time><extensions><speed>0.117641</speed><course>180.377328</course><hAcc>4.214913</hAcc><vAcc>0.787852</vAcc></extensions></trkpt>
      <trkpt lon="-117.165658" lat="32.896284"><ele>72.169315</ele><time>2024-08-20T01:34:38Z</time><extensions><speed>0.178518</speed><course>185.853294</course><hAcc>4.119538</hAcc><vAcc>0.779089</vAcc></extensions></trkpt>
      <trkpt lon="-117.165659" lat="32.896279"><ele>72.131120</ele><time>2024-08-20T01:34:39Z</time><extensions><speed>0.238563</speed><course>190.401971</course><hAcc>4.062021</hAcc><vAcc>0.774019</vAcc></extensions></trkpt>
      <trkpt lon="-117.165660" lat="32.896275"><ele>72.093261</ele><time>2024-08-20T01:34:40Z</time><extensions><speed>0.272168</speed><course>194.998959</course><hAcc>4.038782</hAcc><vAcc>0.771068</vAcc></extensions></trkpt>
      <trkpt lon="-117.165662" lat="32.896271"><ele>72.055871</ele><time>2024-08-20T01:34:41Z</time><extensions><speed>0.245332</speed><course>202.283730</course><hAcc>4.028505</hAcc><vAcc>0.769233</vAcc></extensions></trkpt>
      <trkpt lon="-117.165664" lat="32.896268"><ele>72.019650</ele><time>2024-08-20T01:34:42Z</time><extensions><speed>0.142923</speed><course>232.705570</course><hAcc>4.022304</hAcc><vAcc>0.767915</vAcc></extensions></trkpt>
      <trkpt lon="-117.165665" lat="32.896264"><ele>71.984293</ele><time>2024-08-20T01:34:43Z</time><extensions><speed>0.364734</speed><course>201.811130</course><hAcc>4.005252</hAcc><vAcc>0.766789</vAcc></extensions></trkpt>
      <trkpt lon="-117.165667" lat="32.896259"><ele>71.949998</ele><time>2024-08-20T01:34:44Z</time><extensions><speed>0.497349</speed><course>196.689141</course><hAcc>3.996208</hAcc><vAcc>0.765705</vAcc></extensions></trkpt>
      <trkpt lon="-117.165669" lat="32.896253"><ele>71.916106</ele><time>2024-08-20T01:34:45Z</time><extensions><speed>0.536845</speed><course>194.082104</course><hAcc>3.997962</hAcc><vAcc>0.764614</vAcc></extensions></trkpt>
      <trkpt lon="-117.165670" lat="32.896246"><ele>71.882347</ele><time>2024-08-20T01:34:46Z</time><extensions><speed>0.538759</speed><course>192.242507</course><hAcc>4.003967</hAcc><vAcc>0.763524</vAcc></extensions></trkpt>
      <trkpt lon="-117.165671" lat="32.896240"><ele>71.850079</ele><time>2024-08-20T01:34:47Z</time><extensions><speed>0.584603</speed><course>190.725255</course><hAcc>3.990110</hAcc><vAcc>0.762463</vAcc></extensions></trkpt>
      <trkpt lon="-117.165672" lat="32.896233"><ele>71.821469</ele><time>2024-08-20T01:34:48Z</time><extensions><speed>0.753937</speed><course>188.767851</course><hAcc>3.945905</hAcc><vAcc>0.761464</vAcc></extensions></trkpt>
      <trkpt lon="-117.165671" lat="32.896223"><ele>71.794686</ele><time>2024-08-20T01:34:49Z</time><extensions><speed>0.922594</speed><course>185.924540</course><hAcc>3.903026</hAcc><vAcc>0.760555</vAcc></extensions></trkpt>
      <trkpt lon="-117.165670" lat="32.896212"><ele>71.766665</ele><time>2024-08-20T01:34:50Z</time><extensions><speed>0.985064</speed><course>181.686329</course><hAcc>3.883394</hAcc><vAcc>0.759755</vAcc></extensions></trkpt>
      <trkpt lon="-117.165667" lat="32.896201"><ele>71.739889</ele><time>2024-08-20T01:34:51Z</time><extensions><speed>0.961463</speed><course>176.591329</course><hAcc>3.864284</hAcc><vAcc>0.759071</vAcc></extensions></trkpt>
      <trkpt lon="-117.165642" lat="32.896188"><ele>71.747364</ele><time>2024-08-20T01:34:52Z</time><extensions><speed>1.055647</speed><course>154.656430</course><hAcc>3.752705</hAcc><vAcc>0.760549</vAcc></extensions></trkpt>
      <trkpt lon="-117.165619" lat="32.896175"><ele>71.779634</ele><time>2024-08-20T01:34:53Z</time><extensions><speed>1.105261</speed><course>140.906948</course><hAcc>3.611286</hAcc><vAcc>0.762894</vAcc></extensions></trkpt>
      <trkpt lon="-117.165603" lat="32.896166"><ele>71.816074</ele><time>2024-08-20T01:34:54Z</time><extensions><speed>1.012326</speed><course>132.364569</course><hAcc>3.518067</hAcc><vAcc>0.767528</vAcc></extensions></trkpt>
      <trkpt lon="-117.165589" lat="32.896160"><ele>71.872957</ele><time>2024-08-20T01:34:55Z</time><extensions><speed>0.713111</speed><course>121.849765</course><hAcc>3.460327</hAcc><vAcc>0.774543</vAcc></extensions></trkpt>
      <trkpt lon="-117.165579" lat="32.896157"><ele>71.944609</ele><time>2024-08-20T01:34:56Z</time><extensions><speed>0.501289</speed><course>98.269904</course><hAcc>3.412860</hAcc><vAcc>0.785035</vAcc></extensions></trkpt>
      <trkpt lon="-117.165570" lat="32.896156"><ele>72.037955</ele><time>2024-08-20T01:34:57Z</time><extensions><speed>0.541274</speed><course>87.461602</course><hAcc>3.342465</hAcc><vAcc>0.798788</vAcc></extensions></trkpt>
      <trkpt lon="-117.165561" lat="32.896156"><ele>72.142115</ele><time>2024-08-20T01:34:58Z</time><extensions><speed>0.646727</speed><course>81.811101</course><hAcc>3.266473</hAcc><vAcc>0.815107</vAcc></extensions></trkpt>
      <trkpt lon="-117.165552" lat="32.896157"><ele>72.252965</ele><time>2024-08-20T01:34:59Z</time><extensions><speed>0.674290</speed><course>82.810189</course><hAcc>3.203427</hAcc><vAcc>0.834403</vAcc></extensions></trkpt>
      <trkpt lon="-117.165541" lat="32.896156"><ele>72.380461</ele><time>2024-08-20T01:35:00Z</time><extensions><speed>1.030985</speed><course>105.565172</course><hAcc>3.119077</hAcc><vAcc>0.857090</vAcc></extensions></trkpt>
      <trkpt lon="-117.165528" lat="32.896153"><ele>72.508312</ele><time>2024-08-20T01:35:01Z</time><extensions><speed>1.358266</speed><course>114.157034</course><hAcc>3.036339</hAcc><vAcc>0.881731</vAcc></extensions></trkpt>
      <trkpt lon="-117.165511" lat="32.896146"><ele>72.635909</ele><time>2024-08-20T01:35:02Z</time><extensions><speed>2.029285</speed><course>122.987700</course><hAcc>2.948353</hAcc><vAcc>0.909195</vAcc></extensions></trkpt>
      <trkpt lon="-117.165492" lat="32.896135"><ele>72.755738</ele><time>2024-08-20T01:35:03Z</time><extensions><speed>2.138029</speed><course>127.595282</course><hAcc>2.892704</hAcc><vAcc>0.937529</vAcc></extensions></trkpt>
      <trkpt lon="-117.165472" lat="32.896124"><ele>72.856826</ele><time>2024-08-20T01:35:04Z</time><extensions><speed>2.194016</speed><course>125.540322</course><hAcc>2.877941</hAcc><vAcc>0.965676</vAcc></extensions></trkpt>
      <trkpt lon="-117.165453" lat="32.896114"><ele>72.948767</ele><time>2024-08-20T01:35:05Z</time><extensions><speed>2.009892</speed><course>126.070127</course><hAcc>2.905175</hAcc><vAcc>0.992799</vAcc></extensions></trkpt>
      <trkpt lon="-117.165435" lat="32.896104"><ele>73.032188</ele><time>2024-08-20T01:35:06Z</time><extensions><speed>1.923457</speed><course>124.932249</course><hAcc>2.925168</hAcc><vAcc>1.017374</vAcc></extensions></trkpt>
      <trkpt lon="-117.165418" lat="32.896095"><ele>73.119758</ele><time>2024-08-20T01:35:07Z</time><extensions><speed>1.734503</speed><course>126.950884</course><hAcc>2.942265</hAcc><vAcc>1.041283</vAcc></extensions></trkpt>
      <trkpt lon="-117.165404" lat="32.896086"><ele>73.203716</ele><time>2024-08-20T01:35:08Z</time><extensions><speed>1.589214</speed><course>125.263489</course><hAcc>2.928757</hAcc><vAcc>1.063651</vAcc></extensions></trkpt>
      <trkpt lon="-117.165389" lat="32.896078"><ele>73.275207</ele><time>2024-08-20T01:35:09Z</time><extensions><speed>1.477925</speed><course>123.850620</course><hAcc>2.923542</hAcc><vAcc>1.083572</vAcc></extensions></trkpt>
      <trkpt lon="-117.165377" lat="32.896071"><ele>73.340599</ele><time>2024-08-20T01:35:10Z</time><extensions><speed>1.332976</speed><course>127.427863</course><hAcc>2.941930</hAcc><vAcc>1.100786</vAcc></extensions></trkpt>
      <trkpt lon="-117.165366" lat="32.896065"><ele>73.383061</ele><time>2024-08-20T01:35:11Z</time><extensions><speed>1.269070</speed><course>129.213390</course><hAcc>2.967733</hAcc><vAcc>1.112734</vAcc></extensions></trkpt>
      <trkpt lon="-117.165356" lat="32.896057"><ele>73.421312</ele><time>2024-08-20T01:35:12Z</time><extensions><speed>1.182019</speed><course>137.949751</course><hAcc>3.005019</hAcc><vAcc>1.132886</vAcc></extensions></trkpt>
      <trkpt lon="-117.165348" lat="32.896050"><ele>73.457048</ele><time>2024-08-20T01:35:13Z</time><extensions><speed>1.139431</speed><course>131.603213</course><hAcc>2.953156</hAcc><vAcc>1.151824</vAcc></extensions></trkpt>
      <trkpt lon="-117.165339" lat="32.896043"><ele>73.479985</ele><time>2024-08-20T01:35:14Z</time><extensions><speed>1.131690</speed><course>132.074947</course><hAcc>2.909391</hAcc><vAcc>1.171792</vAcc></extensions></trkpt>
      <trkpt lon="-117.165330" lat="32.896035"><ele>73.490775</ele><time>2024-08-20T01:35:15Z</time><extensions><speed>1.148722</speed><course>136.876580</course><hAcc>2.902382</hAcc><vAcc>1.191356</vAcc></extensions></trkpt>
      <trkpt lon="-117.165322" lat="32.896027"><ele>73.497488</ele><time>2024-08-20T01:35:16Z</time><extensions><speed>1.176927</speed><course>141.806211</course><hAcc>2.920196</hAcc><vAcc>1.212899</vAcc></extensions></trkpt>
      <trkpt lon="-117.165315" lat="32.896019"><ele>73.499116</ele><time>2024-08-20T01:35:17Z</time><extensions><speed>1.230887</speed><course>144.730332</course><hAcc>2.942012</hAcc><vAcc>1.232981</vAcc></extensions></trkpt>
      <trkpt lon="-117.165308" lat="32.896009"><ele>73.489402</ele><time>2024-08-20T01:35:18Z</time><extensions><speed>1.224948</speed><course>147.273176</course><hAcc>2.935327</hAcc><vAcc>1.253197</vAcc></extensions></trkpt>
      <trkpt lon="-117.165302" lat="32.896000"><ele>73.471554</ele><time>2024-08-20T01:35:19Z</time><extensions><speed>1.115460</speed><course>151.920544</course><hAcc>2.896187</hAcc><vAcc>1.271287</vAcc></extensions></trkpt>
      <trkpt lon="-117.165297" lat="32.895992"><ele>73.468085</ele><time>2024-08-20T01:35:20Z</time><extensions><speed>0.947443</speed><course>157.600810</course><hAcc>2.836279</hAcc><vAcc>1.286484</vAcc></extensions></trkpt>
      <trkpt lon="-117.165294" lat="32.895984"><ele>73.442133</ele><time>2024-08-20T01:35:21Z</time><extensions><speed>0.826980</speed><course>164.730128</course><hAcc>2.783394</hAcc><vAcc>1.297560</vAcc></extensions></trkpt>
      <trkpt lon="-117.165293" lat="32.895977"><ele>73.413348</ele><time>2024-08-20T01:35:22Z</time><extensions><speed>0.795532</speed><course>171.852782</course><hAcc>2.752139</hAcc><vAcc>1.304315</vAcc></extensions></trkpt>
      <trkpt lon="-117.165292" lat="32.895970"><ele>73.409894</ele><time>2024-08-20T01:35:23Z</time><extensions><speed>0.761394</speed><course>173.170916</course><hAcc>2.724455</hAcc><vAcc>1.310754</vAcc></extensions></trkpt>
      <trkpt lon="-117.165290" lat="32.895963"><ele>73.400851</ele><time>2024-08-20T01:35:24Z</time><extensions><speed>0.813031</speed><course>170.946728</course><hAcc>2.697725</hAcc><vAcc>1.314671</vAcc></extensions></trkpt>
      <trkpt lon="-117.165289" lat="32.895955"><ele>73.396491</ele><time>2024-08-20T01:35:25Z</time><extensions><speed>0.783168</speed><course>167.355011</course><hAcc>2.657099</hAcc><vAcc>1.317987</vAcc></extensions></trkpt>
      <trkpt lon="-117.165287" lat="32.895948"><ele>73.390691</ele><time>2024-08-20T01:35:26Z</time><extensions><speed>0.750264</speed><course>164.499194</course><hAcc>2.636283</hAcc><vAcc>1.318922</vAcc></extensions></trkpt>
      <trkpt lon="-117.165285" lat="32.895942"><ele>73.381934</ele><time>2024-08-20T01:35:27Z</time><extensions><speed>0.670750</speed><course>168.588478</course><hAcc>2.591850</hAcc><vAcc>1.316818</vAcc></extensions></trkpt>
      <trkpt lon="-117.165283" lat="32.895936"><ele>73.380913</ele><time>2024-08-20T01:35:28Z</time><extensions><speed>0.655132</speed><course>169.500394</course><hAcc>2.553306</hAcc><vAcc>1.315869</vAcc></extensions></trkpt>
      <trkpt lon="-117.165281" lat="32.895930"><ele>73.379132</ele><time>2024-08-20T01:35:29Z</time><extensions><speed>0.710889</speed><course>168.090505</course><hAcc>2.532391</hAcc><vAcc>1.314086</vAcc></extensions></trkpt>
      <trkpt lon="-117.165279" lat="32.895923"><ele>73.387923</ele><time>2024-08-20T01:35:30Z</time><extensions><speed>0.856854</speed><course>163.286061</course><hAcc>2.521981</hAcc><vAcc>1.312284</vAcc></extensions></trkpt>
      <trkpt lon="-117.165276" lat="32.895916"><ele>73.395080</ele><time>2024-08-20T01:35:31Z</time><extensions><speed>1.006176</speed><course>159.011956</course><hAcc>2.536651</hAcc><vAcc>1.308700</vAcc></extensions></trkpt>
      <trkpt lon="-117.165271" lat="32.895908"><ele>73.405326</ele><time>2024-08-20T01:35:32Z</time><extensions><speed>0.999237</speed><course>154.005005</course><hAcc>2.534335</hAcc><vAcc>1.305558</vAcc></extensions></trkpt>
      <trkpt lon="-117.165266" lat="32.895900"><ele>73.431510</ele><time>2024-08-20T01:35:33Z</time><extensions><speed>0.933169</speed><course>150.102870</course><hAcc>2.513643</hAcc><vAcc>1.302374</vAcc></extensions></trkpt>
      <trkpt lon="-117.165261" lat="32.895893"><ele>73.458339</ele><time>2024-08-20T01:35:34Z</time><extensions><speed>0.890461</speed><course>147.694656</course><hAcc>2.507437</hAcc><vAcc>1.301873</vAcc></extensions></trkpt>
      <trkpt lon="-117.165255" lat="32.895887"><ele>73.483693</ele><time>2024-08-20T01:35:35Z</time><extensions><speed>0.873975</speed><course>145.741916</course><hAcc>2.508419</hAcc><vAcc>1.300309</vAcc></extensions></trkpt>
      <trkpt lon="-117.165249" lat="32.895880"><ele>73.504569</ele><time>2024-08-20T01:35:36Z</time><extensions><speed>0.876384</speed><course>141.864351</course><hAcc>2.506640</hAcc><vAcc>1.297922</vAcc></extensions></trkpt>
      <trkpt lon="-117.165243" lat="32.895875"><ele>73.508845</ele><time>2024-08-20T01:35:37Z</time><extensions><speed>0.870428</speed><course>134.195680</course><hAcc>2.504089</hAcc><vAcc>1.294078</vAcc></extensions></trkpt>
      <trkpt lon="-117.165236" lat="32.895869"><ele>73.502279</ele><time>2024-08-20T01:35:38Z</time><extensions><speed>0.854031</speed><course>129.853116</course><hAcc>2.508109</hAcc><vAcc>1.292471</vAcc></extensions></trkpt>
      <trkpt lon="-117.165228" lat="32.895864"><ele>73.478329</ele><time>2024-08-20T01:35:39Z</time><extensions><speed>0.904490</speed><course>131.119171</course><hAcc>2.513103</hAcc><vAcc>1.290297</vAcc></extensions></trkpt>
      <trkpt lon="-117.165220" lat="32.895858"><ele>73.438460</ele><time>2024-08-20T01:35:40Z</time><extensions><speed>0.944608</speed><course>133.057071</course><hAcc>2.497158</hAcc><vAcc>1.290253</vAcc></extensions></trkpt>
      <trkpt lon="-117.165213" lat="32.895851"><ele>73.417040</ele><time>2024-08-20T01:35:41Z</time><extensions><speed>0.991128</speed><course>132.334328</course><hAcc>2.478594</hAcc><vAcc>1.291441</vAcc></extensions></trkpt>
      <trkpt lon="-117.165204" lat="32.895844"><ele>73.383519</ele><time>2024-08-20T01:35:42Z</time><extensions><speed>1.146801</speed><course>133.880370</course><hAcc>2.486390</hAcc><vAcc>1.291453</vAcc></extensions></trkpt>
      <trkpt lon="-117.165195" lat="32.895835"><ele>73.344952</ele><time>2024-08-20T01:35:43Z</time><extensions><speed>1.367007</speed><course>135.219824</course><hAcc>2.502382</hAcc><vAcc>1.292659</vAcc></extensions></trkpt>
      <trkpt lon="-117.165185" lat="32.895826"><ele>73.301364</ele><time>2024-08-20T01:35:44Z</time><extensions><speed>1.226900</speed><course>136.034657</course><hAcc>2.518622</hAcc><vAcc>1.293607</vAcc></extensions></trkpt>
      <trkpt lon="-117.165176" lat="32.895818"><ele>73.265489</ele><time>2024-08-20T01:35:45Z</time><extensions><speed>1.182422</speed><course>137.556730</course><hAcc>2.485981</hAcc><vAcc>1.296654</vAcc></extensions></trkpt>
      <trkpt lon="-117.165169" lat="32.895809"><ele>73.236552</ele><time>2024-08-20T01:35:46Z</time><extensions><speed>1.146848</speed><course>141.831151</course><hAcc>2.460365</hAcc><vAcc>1.299025</vAcc></extensions></trkpt>
      <trkpt lon="-117.165162" lat="32.895800"><ele>73.223214</ele><time>2024-08-20T01:35:47Z</time><extensions><speed>1.142038</speed><course>146.068327</course><hAcc>2.475748</hAcc><vAcc>1.302747</vAcc></extensions></trkpt>
      <trkpt lon="-117.165156" lat="32.895790"><ele>73.217534</ele><time>2024-08-20T01:35:48Z</time><extensions><speed>1.151219</speed><course>150.559343</course><hAcc>2.492283</hAcc><vAcc>1.303763</vAcc></extensions></trkpt>
      <trkpt lon="-117.165151" lat="32.895780"><ele>73.233679</ele><time>2024-08-20T01:35:49Z</time><extensions><speed>1.201143</speed><course>155.374142</course><hAcc>2.489584</hAcc><vAcc>1.303692</vAcc></extensions></trkpt>
      <trkpt lon="-117.165146" lat="32.895769"><ele>73.243842</ele><time>2024-08-20T01:35:50Z</time><extensions><speed>1.260577</speed><course>161.412296</course><hAcc>2.492594</hAcc><vAcc>1.302075</vAcc></extensions></trkpt>
      <trkpt lon="-117.165142" lat="32.895758"><ele>73.249027</ele><time>2024-08-20T01:35:51Z</time><extensions><speed>1.294862</speed><course>165.219827</course><hAcc>2.512162</hAcc><vAcc>1.300171</vAcc></extensions></trkpt>
      <trkpt lon="-117.165139" lat="32.895746"><ele>73.271102</ele><time>2024-08-20T01:35:52Z</time><extensions><speed>1.280646</speed><course>166.264247</course><hAcc>2.519339</hAcc><vAcc>1.298763</vAcc></extensions></trkpt>
      <trkpt lon="-117.165137" lat="32.895735"><ele>73.264513</ele><time>2024-08-20T01:35:53Z</time><extensions><speed>1.209681</speed><course>167.779174</course><hAcc>2.515044</hAcc><vAcc>1.295756</vAcc></extensions></trkpt>
      <trkpt lon="-117.165134" lat="32.895725"><ele>73.255335</ele><time>2024-08-20T01:35:54Z</time><extensions><speed>1.142942</speed><course>167.297936</course><hAcc>2.522593</hAcc><vAcc>1.294377</vAcc></extensions></trkpt>
      <trkpt lon="-117.165132" lat="32.895715"><ele>73.254411</ele><time>2024-08-20T01:35:55Z</time><extensions><speed>1.065021</speed><course>164.368664</course><hAcc>2.559543</hAcc><vAcc>1.294373</vAcc></extensions></trkpt>
      <trkpt lon="-117.165130" lat="32.895704"><ele>73.262591</ele><time>2024-08-20T01:35:56Z</time><extensions><speed>1.252894</speed><course>169.839044</course><hAcc>2.566194</hAcc><vAcc>1.292779</vAcc></extensions></trkpt>
      <trkpt lon="-117.165128" lat="32.895692"><ele>73.261362</ele><time>2024-08-20T01:35:57Z</time><extensions><speed>1.262351</speed><course>174.461727</course><hAcc>2.563005</hAcc><vAcc>1.286144</vAcc></extensions></trkpt>
      <trkpt lon="-117.165127" lat="32.895681"><ele>73.252902</ele><time>2024-08-20T01:35:58Z</time><extensions><speed>1.134163</speed><course>176.539043</course><hAcc>2.555676</hAcc><vAcc>1.278851</vAcc></extensions></trkpt>
      <trkpt lon="-117.165127" lat="32.895671"><ele>73.231767</ele><time>2024-08-20T01:35:59Z</time><extensions><speed>0.915327</speed><course>185.321227</course><hAcc>2.535565</hAcc><vAcc>1.269564</vAcc></extensions></trkpt>
      <trkpt lon="-117.165129" lat="32.895662"><ele>73.214143</ele><time>2024-08-20T01:36:00Z</time><extensions><speed>0.813985</speed><course>196.064102</course><hAcc>2.521654</hAcc><vAcc>1.261630</vAcc></extensions></trkpt>
      <trkpt lon="-117.165132" lat="32.895654"><ele>73.197638</ele><time>2024-08-20T01:36:01Z</time><extensions><speed>0.810675</speed><course>206.063019</course><hAcc>2.529072</hAcc><vAcc>1.253336</vAcc></extensions></trkpt>
      <trkpt lon="-117.165136" lat="32.895647"><ele>73.191950</ele><time>2024-08-20T01:36:02Z</time><extensions><speed>0.929056</speed><course>218.310105</course><hAcc>2.547057</hAcc><vAcc>1.245455</vAcc></extensions></trkpt>
      <trkpt lon="-117.165144" lat="32.895639"><ele>73.178041</ele><time>2024-08-20T01:36:03Z</time><extensions><speed>1.046621</speed><course>229.607614</course><hAcc>2.570317</hAcc><vAcc>1.240116</vAcc></extensions></trkpt>
      <trkpt lon="-117.165153" lat="32.895631"><ele>73.166630</ele><time>2024-08-20T01:36:04Z</time><extensions><speed>1.260320</speed><course>229.835651</course><hAcc>2.564083</hAcc><vAcc>1.235087</vAcc></extensions></trkpt>
      <trkpt lon="-117.165164" lat="32.895622"><ele>73.152707</ele><time>2024-08-20T01:36:05Z</time><extensions><speed>1.386950</speed><course>226.189336</course><hAcc>2.540904</hAcc><vAcc>1.228571</vAcc></extensions></trkpt>
      <trkpt lon="-117.165174" lat="32.895612"><ele>73.130237</ele><time>2024-08-20T01:36:06Z</time><extensions><speed>1.420219</speed><course>218.554209</course><hAcc>2.509570</hAcc><vAcc>1.222882</vAcc></extensions></trkpt>
      <trkpt lon="-117.165183" lat="32.895601"><ele>73.106759</ele><time>2024-08-20T01:36:07Z</time><extensions><speed>1.449191</speed><course>213.150603</course><hAcc>2.480212</hAcc><vAcc>1.219351</vAcc></extensions></trkpt>
      <trkpt lon="-117.165191" lat="32.895590"><ele>73.079472</ele><time>2024-08-20T01:36:08Z</time><extensions><speed>1.470977</speed><course>212.517138</course><hAcc>2.458261</hAcc><vAcc>1.216989</vAcc></extensions></trkpt>
      <trkpt lon="-117.165200" lat="32.895579"><ele>73.036447</ele><time>2024-08-20T01:36:09Z</time><extensions><speed>1.495963</speed><course>213.092081</course><hAcc>2.442768</hAcc><vAcc>1.213775</vAcc></extensions></trkpt>
      <trkpt lon="-117.165208" lat="32.895568"><ele>72.980113</ele><time>2024-08-20T01:36:10Z</time><extensions><speed>1.467495</speed><course>209.846781</course><hAcc>2.431542</hAcc><vAcc>1.209139</vAcc></extensions></trkpt>
      <trkpt lon="-117.165215" lat="32.895557"><ele>72.905806</ele><time>2024-08-20T01:36:11Z</time><extensions><speed>1.430925</speed><course>208.588588</course><hAcc>2.425559</hAcc><vAcc>1.203212</vAcc></extensions></trkpt>
      <trkpt lon="-117.165223" lat="32.895546"><ele>72.839467</ele><time>2024-08-20T01:36:12Z</time><extensions><speed>1.385969</speed><course>212.295238</course><hAcc>2.423538</hAcc><vAcc>1.197427</vAcc></extensions></trkpt>
      <trkpt lon="-117.165231" lat="32.895537"><ele>72.778974</ele><time>2024-08-20T01:36:13Z</time><extensions><speed>1.177975</speed><course>222.061417</course><hAcc>2.427299</hAcc><vAcc>1.190765</vAcc></extensions></trkpt>
      <trkpt lon="-117.165241" lat="32.895530"><ele>72.732821</ele><time>2024-08-20T01:36:14Z</time><extensions><speed>1.181955</speed><course>229.510305</course><hAcc>2.430915</hAcc><vAcc>1.183024</vAcc></extensions></trkpt>
      <trkpt lon="-117.165251" lat="32.895523"><ele>72.697235</ele><time>2024-08-20T01:36:15Z</time><extensions><speed>1.193269</speed><course>235.179540</course><hAcc>2.436721</hAcc><vAcc>1.174849</vAcc></extensions></trkpt>
      <trkpt lon="-117.165261" lat="32.895517"><ele>72.660406</ele><time>2024-08-20T01:36:16Z</time><extensions><speed>1.144705</speed><course>237.497925</course><hAcc>2.449489</hAcc><vAcc>1.168186</vAcc></extensions></trkpt>
      <trkpt lon="-117.165272" lat="32.895512"><ele>72.642731</ele><time>2024-08-20T01:36:17Z</time><extensions><speed>1.045638</speed><course>242.636044</course><hAcc>2.462098</hAcc><vAcc>1.160586</vAcc></extensions></trkpt>
      <trkpt lon="-117.165282" lat="32.895508"><ele>72.622851</ele><time>2024-08-20T01:36:18Z</time><extensions><speed>1.013117</speed><course>248.068235</course><hAcc>2.464352</hAcc><vAcc>1.151914</vAcc></extensions></trkpt>
      <trkpt lon="-117.165293" lat="32.895505"><ele>72.626067</ele><time>2024-08-20T01:36:19Z</time><extensions><speed>0.948708</speed><course>251.570667</course><hAcc>2.451708</hAcc><vAcc>1.143920</vAcc></extensions></trkpt>
      <trkpt lon="-117.165303" lat="32.895502"><ele>72.636441</ele><time>2024-08-20T01:36:20Z</time><extensions><speed>0.938642</speed><course>251.109330</course><hAcc>2.461555</hAcc><vAcc>1.136960</vAcc></extensions></trkpt>
      <trkpt lon="-117.165313" lat="32.895499"><ele>72.660490</ele><time>2024-08-20T01:36:21Z</time><extensions><speed>1.025010</speed><course>248.870940</course><hAcc>2.495504</hAcc><vAcc>1.130911</vAcc></extensions></trkpt>
      <trkpt lon="-117.165324" lat="32.895495"><ele>72.702441</ele><time>2024-08-20T01:36:22Z</time><extensions><speed>1.194357</speed><course>246.332278</course><hAcc>2.544736</hAcc><vAcc>1.127227</vAcc></extensions></trkpt>
      <trkpt lon="-117.165337" lat="32.895490"><ele>72.761540</ele><time>2024-08-20T01:36:23Z</time><extensions><speed>1.319675</speed><course>246.476699</course><hAcc>2.567077</hAcc><vAcc>1.124169</vAcc></extensions></trkpt>
      <trkpt lon="-117.165350" lat="32.895485"><ele>72.822213</ele><time>2024-08-20T01:36:24Z</time><extensions><speed>1.268474</speed><course>247.633317</course><hAcc>2.574744</hAcc><vAcc>1.122312</vAcc></extensions></trkpt>
      <trkpt lon="-117.165362" lat="32.895480"><ele>72.878565</ele><time>2024-08-20T01:36:25Z</time><extensions><speed>1.139109</speed><course>245.384210</course><hAcc>2.572610</hAcc><vAcc>1.122355</vAcc></extensions></trkpt>
      <trkpt lon="-117.165374" lat="32.895475"><ele>72.924825</ele><time>2024-08-20T01:36:26Z</time><extensions><speed>1.151797</speed><course>246.223571</course><hAcc>2.566364</hAcc><vAcc>1.124393</vAcc></extensions></trkpt>
      <trkpt lon="-117.165387" lat="32.895471"><ele>72.976614</ele><time>2024-08-20T01:36:27Z</time><extensions><speed>1.175778</speed><course>249.529941</course><hAcc>2.584906</hAcc><vAcc>1.128640</vAcc></extensions></trkpt>
      <trkpt lon="-117.165399" lat="32.895467"><ele>73.031450</ele><time>2024-08-20T01:36:28Z</time><extensions><speed>1.106697</speed><course>253.636529</course><hAcc>2.596442</hAcc><vAcc>1.134803</vAcc></extensions></trkpt>
      <trkpt lon="-117.165412" lat="32.895463"><ele>73.076935</ele><time>2024-08-20T01:36:29Z</time><extensions><speed>1.183080</speed><course>251.055040</course><hAcc>2.589336</hAcc><vAcc>1.141262</vAcc></extensions></trkpt>
      <trkpt lon="-117.165426" lat="32.895459"><ele>73.117521</ele><time>2024-08-20T01:36:30Z</time><extensions><speed>1.264754</speed><course>249.156092</course><hAcc>2.602465</hAcc><vAcc>1.146445</vAcc></extensions></trkpt>
      <trkpt lon="-117.165440" lat="32.895454"><ele>73.148058</ele><time>2024-08-20T01:36:31Z</time><extensions><speed>1.348305</speed><course>250.144268</course><hAcc>2.609830</hAcc><vAcc>1.152840</vAcc></extensions></trkpt>
      <trkpt lon="-117.165455" lat="32.895449"><ele>73.183552</ele><time>2024-08-20T01:36:32Z</time><extensions><speed>1.416215</speed><course>252.470960</course><hAcc>2.610067</hAcc><vAcc>1.161118</vAcc></extensions></trkpt>
      <trkpt lon="-117.165471" lat="32.895445"><ele>73.214609</ele><time>2024-08-20T01:36:33Z</time><extensions><speed>1.462381</speed><course>255.821494</course><hAcc>2.606247</hAcc><vAcc>1.166019</vAcc></extensions></trkpt>
      <trkpt lon="-117.165487" lat="32.895441"><ele>73.236833</ele><time>2024-08-20T01:36:34Z</time><extensions><speed>1.509561</speed><course>254.169654</course><hAcc>2.601210</hAcc><vAcc>1.173964</vAcc></extensions></trkpt>
      <trkpt lon="-117.165503" lat="32.895436"><ele>73.267254</ele><time>2024-08-20T01:36:35Z</time><extensions><speed>1.474825</speed><course>247.808981</course><hAcc>2.595911</hAcc><vAcc>1.182506</vAcc></extensions></trkpt>
      <trkpt lon="-117.165518" lat="32.895431"><ele>73.279210</ele><time>2024-08-20T01:36:36Z</time><extensions><speed>1.475316</speed><course>244.533698</course><hAcc>2.587073</hAcc><vAcc>1.190580</vAcc></extensions></trkpt>
      <trkpt lon="-117.165533" lat="32.895425"><ele>73.295692</ele><time>2024-08-20T01:36:37Z</time><extensions><speed>1.533024</speed><course>243.823541</course><hAcc>2.578928</hAcc><vAcc>1.199401</vAcc></extensions></trkpt>
      <trkpt lon="-117.165548" lat="32.895419"><ele>73.318796</ele><time>2024-08-20T01:36:38Z</time><extensions><speed>1.603220</speed><course>244.588226</course><hAcc>2.567808</hAcc><vAcc>1.209024</vAcc></extensions></trkpt>
      <trkpt lon="-117.165564" lat="32.895413"><ele>73.308980</ele><time>2024-08-20T01:36:39Z</time><extensions><speed>1.596743</speed><course>247.466487</course><hAcc>2.556148</hAcc><vAcc>1.216658</vAcc></extensions></trkpt>
      <trkpt lon="-117.165580" lat="32.895409"><ele>73.295333</ele><time>2024-08-20T01:36:40Z</time><extensions><speed>1.461843</speed><course>249.334041</course><hAcc>2.548963</hAcc><vAcc>1.224911</vAcc></extensions></trkpt>
      <trkpt lon="-117.165595" lat="32.895405"><ele>73.288183</ele><time>2024-08-20T01:36:41Z</time><extensions><speed>1.428743</speed><course>250.882457</course><hAcc>2.545554</hAcc><vAcc>1.231391</vAcc></extensions></trkpt>
      <trkpt lon="-117.165609" lat="32.895402"><ele>73.285533</ele><time>2024-08-20T01:36:42Z</time><extensions><speed>1.325132</speed><course>254.006212</course><hAcc>2.539917</hAcc><vAcc>1.235986</vAcc></extensions></trkpt>
      <trkpt lon="-117.165621" lat="32.895399"><ele>73.278052</ele><time>2024-08-20T01:36:43Z</time><extensions><speed>1.142922</speed><course>257.033081</course><hAcc>2.523999</hAcc><vAcc>1.239604</vAcc></extensions></trkpt>
      <trkpt lon="-117.165632" lat="32.895398"><ele>73.265045</ele><time>2024-08-20T01:36:44Z</time><extensions><speed>0.948249</speed><course>262.631757</course><hAcc>2.497784</hAcc><vAcc>1.242261</vAcc></extensions></trkpt>
      <trkpt lon="-117.165640" lat="32.895397"><ele>73.255723</ele><time>2024-08-20T01:36:45Z</time><extensions><speed>0.813454</speed><course>272.175724</course><hAcc>2.488281</hAcc><vAcc>1.244308</vAcc></extensions></trkpt>
      <trkpt lon="-117.165649" lat="32.895398"><ele>73.253808</ele><time>2024-08-20T01:36:46Z</time><extensions><speed>0.806855</speed><course>278.601495</course><hAcc>2.498598</hAcc><vAcc>1.244423</vAcc></extensions></trkpt>
      <trkpt lon="-117.165657" lat="32.895400"><ele>73.259828</ele><time>2024-08-20T01:36:47Z</time><extensions><speed>0.840621</speed><course>281.207032</course><hAcc>2.529166</hAcc><vAcc>1.243355</vAcc></extensions></trkpt>
      <trkpt lon="-117.165665" lat="32.895402"><ele>73.254232</ele><time>2024-08-20T01:36:48Z</time><extensions><speed>0.876983</speed><course>292.566036</course><hAcc>2.528204</hAcc><vAcc>1.240591</vAcc></extensions></trkpt>
      <trkpt lon="-117.165673" lat="32.895406"><ele>73.240184</ele><time>2024-08-20T01:36:49Z</time><extensions><speed>0.887802</speed><course>304.486968</course><hAcc>2.536648</hAcc><vAcc>1.233163</vAcc></extensions></trkpt>
      <trkpt lon="-117.165679" lat="32.895411"><ele>73.217824</ele><time>2024-08-20T01:36:50Z</time><extensions><speed>0.820408</speed><course>314.428443</course><hAcc>2.551365</hAcc><vAcc>1.222744</vAcc></extensions></trkpt>
      <trkpt lon="-117.165682" lat="32.895416"><ele>73.205425</ele><time>2024-08-20T01:36:51Z</time><extensions><speed>0.503695</speed><course>333.367454</course><hAcc>2.537983</hAcc><vAcc>1.211257</vAcc></extensions></trkpt>
      <trkpt lon="-117.165682" lat="32.895420"><ele>73.195666</ele><time>2024-08-20T01:36:52Z</time><extensions><speed>0.354647</speed><course>12.372370</course><hAcc>2.531193</hAcc><vAcc>1.200460</vAcc></extensions></trkpt>
      <trkpt lon="-117.165680" lat="32.895423"><ele>73.183673</ele><time>2024-08-20T01:36:53Z</time><extensions><speed>0.383436</speed><course>42.265925</course><hAcc>2.548067</hAcc><vAcc>1.191091</vAcc></extensions></trkpt>
      <trkpt lon="-117.165675" lat="32.895425"><ele>73.179488</ele><time>2024-08-20T01:36:54Z</time><extensions><speed>0.445783</speed><course>56.141931</course><hAcc>2.574524</hAcc><vAcc>1.181855</vAcc></extensions></trkpt>
      <trkpt lon="-117.165670" lat="32.895428"><ele>73.182301</ele><time>2024-08-20T01:36:55Z</time><extensions><speed>0.503826</speed><course>62.020124</course><hAcc>2.596735</hAcc><vAcc>1.171168</vAcc></extensions></trkpt>
      <trkpt lon="-117.165664" lat="32.895430"><ele>73.179577</ele><time>2024-08-20T01:36:56Z</time><extensions><speed>0.558559</speed><course>65.405306</course><hAcc>2.611264</hAcc><vAcc>1.159421</vAcc></extensions></trkpt>
      <trkpt lon="-117.165658" lat="32.895432"><ele>73.179352</ele><time>2024-08-20T01:36:57Z</time><extensions><speed>0.602765</speed><course>67.248800</course><hAcc>2.618189</hAcc><vAcc>1.147733</vAcc></extensions></trkpt>
      <trkpt lon="-117.165651" lat="32.895434"><ele>73.162950</ele><time>2024-08-20T01:36:58Z</time><extensions><speed>0.647653</speed><course>69.215734</course><hAcc>2.618027</hAcc><vAcc>1.139004</vAcc></extensions></trkpt>
      <trkpt lon="-117.165644" lat="32.895437"><ele>73.143243</ele><time>2024-08-20T01:36:59Z</time><extensions><speed>0.688596</speed><course>70.356372</course><hAcc>2.613539</hAcc><vAcc>1.131811</vAcc></extensions></trkpt>
      <trkpt lon="-117.165636" lat="32.895439"><ele>73.144056</ele><time>2024-08-20T01:37:00Z</time><extensions><speed>0.709828</speed><course>70.038584</course><hAcc>2.607114</hAcc><vAcc>1.126682</vAcc></extensions></trkpt>
      <trkpt lon="-117.165629" lat="32.895441"><ele>73.162766</ele><time>2024-08-20T01:37:01Z</time><extensions><speed>0.732006</speed><course>71.201845</course><hAcc>2.599965</hAcc><vAcc>1.124778</vAcc></extensions></trkpt>
      <trkpt lon="-117.165621" lat="32.895444"><ele>73.177476</ele><time>2024-08-20T01:37:02Z</time><extensions><speed>0.725910</speed><course>71.319133</course><hAcc>2.593278</hAcc><vAcc>1.124781</vAcc></extensions></trkpt>
      <trkpt lon="-117.165613" lat="32.895446"><ele>73.185490</ele><time>2024-08-20T01:37:03Z</time><extensions><speed>0.687537</speed><course>69.990536</course><hAcc>2.585301</hAcc><vAcc>1.126455</vAcc></extensions></trkpt>
      <trkpt lon="-117.165606" lat="32.895448"><ele>73.219715</ele><time>2024-08-20T01:37:04Z</time><extensions><speed>0.649002</speed><course>66.953681</course><hAcc>2.569113</hAcc><vAcc>1.129834</vAcc></extensions></trkpt>
      <trkpt lon="-117.165600" lat="32.895450"><ele>73.266614</ele><time>2024-08-20T01:37:05Z</time><extensions><speed>0.602274</speed><course>61.364902</course><hAcc>2.543671</hAcc><vAcc>1.135212</vAcc></extensions></trkpt>
      <trkpt lon="-117.165594" lat="32.895453"><ele>73.306057</ele><time>2024-08-20T01:37:06Z</time><extensions><speed>0.568015</speed><course>50.713363</course><hAcc>2.511167</hAcc><vAcc>1.143557</vAcc></extensions></trkpt>
      <trkpt lon="-117.165590" lat="32.895456"><ele>73.333543</ele><time>2024-08-20T01:37:07Z</time><extensions><speed>0.563724</speed><course>40.566362</course><hAcc>2.489264</hAcc><vAcc>1.152192</vAcc></extensions></trkpt>
      <trkpt lon="-117.165585" lat="32.895460"><ele>73.359644</ele><time>2024-08-20T01:37:08Z</time><extensions><speed>0.587884</speed><course>35.582776</course><hAcc>2.489266</hAcc><vAcc>1.160708</vAcc></extensions></trkpt>
      <trkpt lon="-117.165580" lat="32.895464"><ele>73.402484</ele><time>2024-08-20T01:37:09Z</time><extensions><speed>0.678679</speed><course>45.842030</course><hAcc>2.482109</hAcc><vAcc>1.167956</vAcc></extensions></trkpt>
      <trkpt lon="-117.165573" lat="32.895467"><ele>73.457043</ele><time>2024-08-20T01:37:10Z</time><extensions><speed>0.814374</speed><course>58.176917</course><hAcc>2.453852</hAcc><vAcc>1.174736</vAcc></extensions></trkpt>
      <trkpt lon="-117.165565" lat="32.895470"><ele>73.499509</ele><time>2024-08-20T01:37:11Z</time><extensions><speed>0.951969</speed><course>66.726524</course><hAcc>2.430311</hAcc><vAcc>1.184296</vAcc></extensions></trkpt>
      <trkpt lon="-117.165554" lat="32.895472"><ele>73.538447</ele><time>2024-08-20T01:37:12Z</time><extensions><speed>1.014666</speed><course>78.022014</course><hAcc>2.417372</hAcc><vAcc>1.193927</vAcc></extensions></trkpt>
      <trkpt lon="-117.165543" lat="32.895473"><ele>73.583408</ele><time>2024-08-20T01:37:13Z</time><extensions><speed>1.058232</speed><course>89.605420</course><hAcc>2.397112</hAcc><vAcc>1.203384</vAcc></extensions></trkpt>
      <trkpt lon="-117.165531" lat="32.895472"><ele>73.628228</ele><time>2024-08-20T01:37:14Z</time><extensions><speed>1.100673</speed><course>100.293626</course><hAcc>2.356226</hAcc><vAcc>1.213103</vAcc></extensions></trkpt>
      <trkpt lon="-117.165519" lat="32.895469"><ele>73.659969</ele><time>2024-08-20T01:37:15Z</time><extensions><speed>1.204385</speed><course>108.563294</course><hAcc>2.326208</hAcc><vAcc>1.223837</vAcc></extensions></trkpt>
      <trkpt lon="-117.165505" lat="32.895465"><ele>73.687638</ele><time>2024-08-20T01:37:16Z</time><extensions><speed>1.372951</speed><course>112.973083</course><hAcc>2.326257</hAcc><vAcc>1.232868</vAcc></extensions></trkpt>
      <trkpt lon="-117.165491" lat="32.895459"><ele>73.725174</ele><time>2024-08-20T01:37:17Z</time><extensions><speed>1.547549</speed><course>116.611696</course><hAcc>2.322805</hAcc><vAcc>1.239076</vAcc></extensions></trkpt>
      <trkpt lon="-117.165476" lat="32.895452"><ele>73.771704</ele><time>2024-08-20T01:37:18Z</time><extensions><speed>1.549936</speed><course>122.848024</course><hAcc>2.307286</hAcc><vAcc>1.243438</vAcc></extensions></trkpt>
      <trkpt lon="-117.165463" lat="32.895445"><ele>73.812410</ele><time>2024-08-20T01:37:19Z</time><extensions><speed>1.450111</speed><course>128.560490</course><hAcc>2.291889</hAcc><vAcc>1.247779</vAcc></extensions></trkpt>
      <trkpt lon="-117.165451" lat="32.895437"><ele>73.834789</ele><time>2024-08-20T01:37:20Z</time><extensions><speed>1.377648</speed><course>131.283393</course><hAcc>2.283109</hAcc><vAcc>1.250370</vAcc></extensions></trkpt>
      <trkpt lon="-117.165440" lat="32.895429"><ele>73.852316</ele><time>2024-08-20T01:37:21Z</time><extensions><speed>1.259953</speed><course>129.829349</course><hAcc>2.281848</hAcc><vAcc>1.252604</vAcc></extensions></trkpt>
      <trkpt lon="-117.165429" lat="32.895423"><ele>73.890378</ele><time>2024-08-20T01:37:22Z</time><extensions><speed>1.211639</speed><course>127.460176</course><hAcc>2.278673</hAcc><vAcc>1.254289</vAcc></extensions></trkpt>
      <trkpt lon="-117.165419" lat="32.895417"><ele>73.931167</ele><time>2024-08-20T01:37:23Z</time><extensions><speed>1.128884</speed><course>124.623977</course><hAcc>2.275168</hAcc><vAcc>1.253729</vAcc></extensions></trkpt>
      <trkpt lon="-117.165409" lat="32.895411"><ele>73.978470</ele><time>2024-08-20T01:37:24Z</time><extensions><speed>1.117279</speed><course>119.872703</course><hAcc>2.272759</hAcc><vAcc>1.254611</vAcc></extensions></trkpt>
      <trkpt lon="-117.165398" lat="32.895406"><ele>74.025224</ele><time>2024-08-20T01:37:25Z</time><extensions><speed>1.120031</speed><course>111.928727</course><hAcc>2.270355</hAcc><vAcc>1.256592</vAcc></extensions></trkpt>
      <trkpt lon="-117.165387" lat="32.895403"><ele>74.082946</ele><time>2024-08-20T01:37:26Z</time><extensions><speed>1.158667</speed><course>105.256494</course><hAcc>2.269264</hAcc><vAcc>1.260685</vAcc></extensions></trkpt>
      <trkpt lon="-117.165375" lat="32.895401"><ele>74.134523</ele><time>2024-08-20T01:37:27Z</time><extensions><speed>1.022816</speed><course>96.198634</course><hAcc>2.255767</hAcc><vAcc>1.263317</vAcc></extensions></trkpt>
      <trkpt lon="-117.165365" lat="32.895400"><ele>74.192755</ele><time>2024-08-20T01:37:28Z</time><extensions><speed>0.957299</speed><course>87.319709</course><hAcc>2.239784</hAcc><vAcc>1.264307</vAcc></extensions></trkpt>
      <trkpt lon="-117.165355" lat="32.895401"><ele>74.260221</ele><time>2024-08-20T01:37:29Z</time><extensions><speed>0.958512</speed><course>78.279601</course><hAcc>2.250840</hAcc><vAcc>1.264372</vAcc></extensions></trkpt>
      <trkpt lon="-117.165345" lat="32.895403"><ele>74.351819</ele><time>2024-08-20T01:37:30Z</time><extensions><speed>0.980514</speed><course>70.821847</course><hAcc>2.249091</hAcc><vAcc>1.264314</vAcc></extensions></trkpt>
      <trkpt lon="-117.165336" lat="32.895406"><ele>74.448408</ele><time>2024-08-20T01:37:31Z</time><extensions><speed>1.001834</speed><course>70.015393</course><hAcc>2.243565</hAcc><vAcc>1.264516</vAcc></extensions></trkpt>
      <trkpt lon="-117.165326" lat="32.895408"><ele>74.543008</ele><time>2024-08-20T01:37:32Z</time><extensions><speed>0.950544</speed><course>72.763304</course><hAcc>2.235231</hAcc><vAcc>1.266951</vAcc></extensions></trkpt>
      <trkpt lon="-117.165317" lat="32.895410"><ele>74.640525</ele><time>2024-08-20T01:37:33Z</time><extensions><speed>0.875475</speed><course>76.089136</course><hAcc>2.221733</hAcc><vAcc>1.266241</vAcc></extensions></trkpt>
      <trkpt lon="-117.165308" lat="32.895412"><ele>74.759075</ele><time>2024-08-20T01:37:34Z</time><extensions><speed>0.859826</speed><course>75.756037</course><hAcc>2.205978</hAcc><vAcc>1.264032</vAcc></extensions></trkpt>
      <trkpt lon="-117.165299" lat="32.895414"><ele>74.876877</ele><time>2024-08-20T01:37:35Z</time><extensions><speed>0.781194</speed><course>70.326968</course><hAcc>2.186371</hAcc><vAcc>1.261276</vAcc></extensions></trkpt>
      <trkpt lon="-117.165291" lat="32.895417"><ele>74.959924</ele><time>2024-08-20T01:37:36Z</time><extensions><speed>0.855550</speed><course>64.242630</course><hAcc>2.194994</hAcc><vAcc>1.257927</vAcc></extensions></trkpt>
      <trkpt lon="-117.165283" lat="32.895420"><ele>75.023413</ele><time>2024-08-20T01:37:37Z</time><extensions><speed>0.886935</speed><course>61.232181</course><hAcc>2.206210</hAcc><vAcc>1.250481</vAcc></extensions></trkpt>
      <trkpt lon="-117.165275" lat="32.895424"><ele>75.093587</ele><time>2024-08-20T01:37:38Z</time><extensions><speed>0.877186</speed><course>59.776668</course><hAcc>2.208400</hAcc><vAcc>1.237860</vAcc></extensions></trkpt>
      <trkpt lon="-117.165267" lat="32.895427"><ele>75.099077</ele><time>2024-08-20T01:37:39Z</time><extensions><speed>0.900254</speed><course>60.563797</course><hAcc>2.183111</hAcc><vAcc>1.218818</vAcc></extensions></trkpt>
      <trkpt lon="-117.165259" lat="32.895432"><ele>75.111576</ele><time>2024-08-20T01:37:40Z</time><extensions><speed>0.949097</speed><course>58.246742</course><hAcc>2.160503</hAcc><vAcc>1.196937</vAcc></extensions></trkpt>
      <trkpt lon="-117.165250" lat="32.895437"><ele>75.140731</ele><time>2024-08-20T01:37:41Z</time><extensions><speed>0.949596</speed><course>62.222473</course><hAcc>2.147351</hAcc><vAcc>1.173468</vAcc></extensions></trkpt>
      <trkpt lon="-117.165241" lat="32.895440"><ele>75.165096</ele><time>2024-08-20T01:37:42Z</time><extensions><speed>0.919349</speed><course>60.566909</course><hAcc>2.139052</hAcc><vAcc>1.150967</vAcc></extensions></trkpt>
      <trkpt lon="-117.165233" lat="32.895444"><ele>75.209105</ele><time>2024-08-20T01:37:43Z</time><extensions><speed>0.904531</speed><course>61.995320</course><hAcc>2.134538</hAcc><vAcc>1.128622</vAcc></extensions></trkpt>
      <trkpt lon="-117.165224" lat="32.895448"><ele>75.231889</ele><time>2024-08-20T01:37:44Z</time><extensions><speed>1.065035</speed><course>60.784257</course><hAcc>2.130308</hAcc><vAcc>1.103410</vAcc></extensions></trkpt>
      <trkpt lon="-117.165213" lat="32.895453"><ele>75.238923</ele><time>2024-08-20T01:37:45Z</time><extensions><speed>1.154832</speed><course>62.373182</course><hAcc>2.118094</hAcc><vAcc>1.077072</vAcc></extensions></trkpt>
      <trkpt lon="-117.165203" lat="32.895458"><ele>75.226645</ele><time>2024-08-20T01:37:46Z</time><extensions><speed>1.030607</speed><course>57.718157</course><hAcc>2.095989</hAcc><vAcc>1.049891</vAcc></extensions></trkpt>
      <trkpt lon="-117.165195" lat="32.895462"><ele>75.214778</ele><time>2024-08-20T01:37:47Z</time><extensions><speed>0.912873</speed><course>52.075836</course><hAcc>2.087276</hAcc><vAcc>1.023447</vAcc></extensions></trkpt>
      <trkpt lon="-117.165188" lat="32.895467"><ele>75.187151</ele><time>2024-08-20T01:37:48Z</time><extensions><speed>0.893965</speed><course>42.878322</course><hAcc>2.100405</hAcc><vAcc>0.997793</vAcc></extensions></trkpt>
      <trkpt lon="-117.165181" lat="32.895474"><ele>75.164449</ele><time>2024-08-20T01:37:49Z</time><extensions><speed>1.121636</speed><course>34.193611</course><hAcc>2.099257</hAcc><vAcc>0.973270</vAcc></extensions></trkpt>
      <trkpt lon="-117.165174" lat="32.895484"><ele>75.125997</ele><time>2024-08-20T01:37:50Z</time><extensions><speed>1.470455</speed><course>27.898872</course><hAcc>2.062919</hAcc><vAcc>0.950605</vAcc></extensions></trkpt>
      <trkpt lon="-117.165168" lat="32.895494"><ele>75.084741</ele><time>2024-08-20T01:37:51Z</time><extensions><speed>1.146300</speed><course>31.180883</course><hAcc>2.049519</hAcc><vAcc>0.931537</vAcc></extensions></trkpt>
      <trkpt lon="-117.165162" lat="32.895500"><ele>75.038897</ele><time>2024-08-20T01:37:52Z</time><extensions><speed>0.625373</speed><course>44.487791</course><hAcc>2.032943</hAcc><vAcc>0.917112</vAcc></extensions></trkpt>
      <trkpt lon="-117.165157" lat="32.895504"><ele>74.989232</ele><time>2024-08-20T01:37:53Z</time><extensions><speed>0.634575</speed><course>48.153642</course><hAcc>2.017164</hAcc><vAcc>0.907658</vAcc></extensions></trkpt>
      <trkpt lon="-117.165152" lat="32.895508"><ele>74.930877</ele><time>2024-08-20T01:37:54Z</time><extensions><speed>0.739637</speed><course>40.732009</course><hAcc>2.036503</hAcc><vAcc>0.902480</vAcc></extensions></trkpt>
      <trkpt lon="-117.165147" lat="32.895513"><ele>74.871092</ele><time>2024-08-20T01:37:55Z</time><extensions><speed>0.743499</speed><course>43.528821</course><hAcc>2.036336</hAcc><vAcc>0.903328</vAcc></extensions></trkpt>
      <trkpt lon="-117.165142" lat="32.895517"><ele>74.820193</ele><time>2024-08-20T01:37:56Z</time><extensions><speed>0.656944</speed><course>49.035945</course><hAcc>2.016908</hAcc><vAcc>0.908910</vAcc></extensions></trkpt>
      <trkpt lon="-117.165136" lat="32.895520"><ele>74.773551</ele><time>2024-08-20T01:37:57Z</time><extensions><speed>0.534456</speed><course>57.652711</course><hAcc>1.984984</hAcc><vAcc>0.918879</vAcc></extensions></trkpt>
      <trkpt lon="-117.165132" lat="32.895521"><ele>74.732530</ele><time>2024-08-20T01:37:58Z</time><extensions><speed>0.455576</speed><course>59.371737</course><hAcc>1.962879</hAcc><vAcc>0.933577</vAcc></extensions></trkpt>
      <trkpt lon="-117.165126" lat="32.895524"><ele>74.705642</ele><time>2024-08-20T01:37:59Z</time><extensions><speed>0.676954</speed><course>63.760320</course><hAcc>1.943510</hAcc><vAcc>0.950845</vAcc></extensions></trkpt>
      <trkpt lon="-117.165118" lat="32.895526"><ele>74.684839</ele><time>2024-08-20T01:38:00Z</time><extensions><speed>0.820915</speed><course>71.018647</course><hAcc>1.935368</hAcc><vAcc>0.971401</vAcc></extensions></trkpt>
      <trkpt lon="-117.165110" lat="32.895528"><ele>74.677797</ele><time>2024-08-20T01:38:01Z</time><extensions><speed>0.804950</speed><course>71.843147</course><hAcc>1.946186</hAcc><vAcc>0.994223</vAcc></extensions></trkpt>
      <trkpt lon="-117.165101" lat="32.895531"><ele>74.693373</ele><time>2024-08-20T01:38:02Z</time><extensions><speed>0.925629</speed><course>71.146045</course><hAcc>1.959008</hAcc><vAcc>1.015690</vAcc></extensions></trkpt>
      <trkpt lon="-117.165092" lat="32.895533"><ele>74.717758</ele><time>2024-08-20T01:38:03Z</time><extensions><speed>0.921760</speed><course>75.980123</course><hAcc>1.922632</hAcc><vAcc>1.036024</vAcc></extensions></trkpt>
      <trkpt lon="-117.165082" lat="32.895535"><ele>74.740107</ele><time>2024-08-20T01:38:04Z</time><extensions><speed>0.889684</speed><course>82.843101</course><hAcc>1.880931</hAcc><vAcc>1.055582</vAcc></extensions></trkpt>
      <trkpt lon="-117.165073" lat="32.895536"><ele>74.767371</ele><time>2024-08-20T01:38:05Z</time><extensions><speed>0.919438</speed><course>83.112554</course><hAcc>1.890643</hAcc><vAcc>1.073761</vAcc></extensions></trkpt>
      <trkpt lon="-117.165063" lat="32.895537"><ele>74.793732</ele><time>2024-08-20T01:38:06Z</time><extensions><speed>0.986963</speed><course>82.376639</course><hAcc>1.913010</hAcc><vAcc>1.092241</vAcc></extensions></trkpt>
      <trkpt lon="-117.165052" lat="32.895538"><ele>74.830463</ele><time>2024-08-20T01:38:07Z</time><extensions><speed>1.057316</speed><course>79.628468</course><hAcc>1.934815</hAcc><vAcc>1.110374</vAcc></extensions></trkpt>
      <trkpt lon="-117.165040" lat="32.895541"><ele>74.868346</ele><time>2024-08-20T01:38:08Z</time><extensions><speed>1.117216</speed><course>76.444380</course><hAcc>1.960412</hAcc><vAcc>1.127081</vAcc></extensions></trkpt>
      <trkpt lon="-117.165029" lat="32.895543"><ele>74.904298</ele><time>2024-08-20T01:38:09Z</time><extensions><speed>1.058945</speed><course>73.563637</course><hAcc>1.967751</hAcc><vAcc>1.142840</vAcc></extensions></trkpt>
      <trkpt lon="-117.165018" lat="32.895546"><ele>74.942097</ele><time>2024-08-20T01:38:10Z</time><extensions><speed>0.972265</speed><course>70.504447</course><hAcc>1.968786</hAcc><vAcc>1.158789</vAcc></extensions></trkpt>
      <trkpt lon="-117.165009" lat="32.895549"><ele>74.985675</ele><time>2024-08-20T01:38:11Z</time><extensions><speed>0.854321</speed><course>68.313487</course><hAcc>1.962554</hAcc><vAcc>1.170503</vAcc></extensions></trkpt>
      <trkpt lon="-117.165000" lat="32.895552"><ele>75.022311</ele><time>2024-08-20T01:38:12Z</time><extensions><speed>0.894584</speed><course>62.893405</course><hAcc>1.969152</hAcc><vAcc>1.181675</vAcc></extensions></trkpt>
      <trkpt lon="-117.164992" lat="32.895556"><ele>75.053238</ele><time>2024-08-20T01:38:13Z</time><extensions><speed>0.911778</speed><course>55.964011</course><hAcc>1.980065</hAcc><vAcc>1.190281</vAcc></extensions></trkpt>
      <trkpt lon="-117.164984" lat="32.895561"><ele>75.087794</ele><time>2024-08-20T01:38:14Z</time><extensions><speed>0.853632</speed><course>45.463150</course><hAcc>1.972269</hAcc><vAcc>1.194368</vAcc></extensions></trkpt>
      <trkpt lon="-117.164977" lat="32.895567"><ele>75.118648</ele><time>2024-08-20T01:38:15Z</time><extensions><speed>0.911077</speed><course>40.020497</course><hAcc>1.967856</hAcc><vAcc>1.198462</vAcc></extensions></trkpt>
      <trkpt lon="-117.164971" lat="32.895573"><ele>75.144324</ele><time>2024-08-20T01:38:16Z</time><extensions><speed>0.939482</speed><course>38.507199</course><hAcc>1.952992</hAcc><vAcc>1.198874</vAcc></extensions></trkpt>
      <trkpt lon="-117.164964" lat="32.895580"><ele>75.169173</ele><time>2024-08-20T01:38:17Z</time><extensions><speed>0.976896</speed><course>41.574576</course><hAcc>1.946323</hAcc><vAcc>1.197765</vAcc></extensions></trkpt>
      <trkpt lon="-117.164957" lat="32.895587"><ele>75.182124</ele><time>2024-08-20T01:38:18Z</time><extensions><speed>1.047138</speed><course>42.723827</course><hAcc>1.959176</hAcc><vAcc>1.194643</vAcc></extensions></trkpt>
      <trkpt lon="-117.164949" lat="32.895593"><ele>75.187393</ele><time>2024-08-20T01:38:19Z</time><extensions><speed>1.049573</speed><course>45.854910</course><hAcc>1.928763</hAcc><vAcc>1.192776</vAcc></extensions></trkpt>
      <trkpt lon="-117.164940" lat="32.895599"><ele>75.176789</ele><time>2024-08-20T01:38:20Z</time><extensions><speed>0.968810</speed><course>49.216381</course><hAcc>1.901086</hAcc><vAcc>1.189324</vAcc></extensions></trkpt>
      <trkpt lon="-117.164932" lat="32.895604"><ele>75.154840</ele><time>2024-08-20T01:38:21Z</time><extensions><speed>0.948538</speed><course>52.440616</course><hAcc>1.896674</hAcc><vAcc>1.187570</vAcc></extensions></trkpt>
      <trkpt lon="-117.164924" lat="32.895609"><ele>75.131379</ele><time>2024-08-20T01:38:22Z</time><extensions><speed>0.954829</speed><course>54.266972</course><hAcc>1.925515</hAcc><vAcc>1.184689</vAcc></extensions></trkpt>
      <trkpt lon="-117.164915" lat="32.895614"><ele>75.090450</ele><time>2024-08-20T01:38:23Z</time><extensions><speed>0.974872</speed><course>65.729446</course><hAcc>1.906528</hAcc><vAcc>1.181893</vAcc></extensions></trkpt>
      <trkpt lon="-117.164905" lat="32.895617"><ele>75.054651</ele><time>2024-08-20T01:38:24Z</time><extensions><speed>1.066465</speed><course>73.186958</course><hAcc>1.876478</hAcc><vAcc>1.181628</vAcc></extensions></trkpt>
      <trkpt lon="-117.164893" lat="32.895619"><ele>75.021764</ele><time>2024-08-20T01:38:25Z</time><extensions><speed>1.143688</speed><course>76.504760</course><hAcc>1.878759</hAcc><vAcc>1.182488</vAcc></extensions></trkpt>
      <trkpt lon="-117.164880" lat="32.895622"><ele>75.004200</ele><time>2024-08-20T01:38:26Z</time><extensions><speed>1.203977</speed><course>76.435080</course><hAcc>1.893218</hAcc><vAcc>1.180697</vAcc></extensions></trkpt>
      <trkpt lon="-117.164867" lat="32.895624"><ele>74.983879</ele><time>2024-08-20T01:38:27Z</time><extensions><speed>1.233505</speed><course>76.960738</course><hAcc>1.908277</hAcc><vAcc>1.176811</vAcc></extensions></trkpt>
      <trkpt lon="-117.164854" lat="32.895626"><ele>74.967605</ele><time>2024-08-20T01:38:28Z</time><extensions><speed>1.220908</speed><course>78.218386</course><hAcc>1.909223</hAcc><vAcc>1.167712</vAcc></extensions></trkpt>
      <trkpt lon="-117.164842" lat="32.895628"><ele>74.959665</ele><time>2024-08-20T01:38:29Z</time><extensions><speed>1.116205</speed><course>82.234949</course><hAcc>1.905818</hAcc><vAcc>1.159311</vAcc></extensions></trkpt>
      <trkpt lon="-117.164830" lat="32.895629"><ele>74.949180</ele><time>2024-08-20T01:38:30Z</time><extensions><speed>1.080960</speed><course>84.070337</course><hAcc>1.904184</hAcc><vAcc>1.155141</vAcc></extensions></trkpt>
      <trkpt lon="-117.164819" lat="32.895630"><ele>74.934769</ele><time>2024-08-20T01:38:31Z</time><extensions><speed>1.067591</speed><course>84.280332</course><hAcc>1.899218</hAcc><vAcc>1.150170</vAcc></extensions></trkpt>
      <trkpt lon="-117.164807" lat="32.895631"><ele>74.937399</ele><time>2024-08-20T01:38:32Z</time><extensions><speed>1.017299</speed><course>83.717494</course><hAcc>1.895467</hAcc><vAcc>1.144600</vAcc></extensions></trkpt>
      <trkpt lon="-117.164796" lat="32.895632"><ele>74.938508</ele><time>2024-08-20T01:38:33Z</time><extensions><speed>1.013388</speed><course>86.516945</course><hAcc>1.907217</hAcc><vAcc>1.139579</vAcc></extensions></trkpt>
      <trkpt lon="-117.164785" lat="32.895632"><ele>74.949974</ele><time>2024-08-20T01:38:34Z</time><extensions><speed>1.010313</speed><course>85.891106</course><hAcc>1.944958</hAcc><vAcc>1.135441</vAcc></extensions></trkpt>
      <trkpt lon="-117.164774" lat="32.895633"><ele>74.959985</ele><time>2024-08-20T01:38:35Z</time><extensions><speed>1.093115</speed><course>88.032327</course><hAcc>1.933472</hAcc><vAcc>1.130180</vAcc></extensions></trkpt>
      <trkpt lon="-117.164763" lat="32.895633"><ele>74.959535</ele><time>2024-08-20T01:38:36Z</time><extensions><speed>1.058576</speed><course>90.151439</course><hAcc>1.915834</hAcc><vAcc>1.123295</vAcc></extensions></trkpt>
      <trkpt lon="-117.164752" lat="32.895632"><ele>74.965851</ele><time>2024-08-20T01:38:37Z</time><extensions><speed>1.003324</speed><course>91.143149</course><hAcc>1.923010</hAcc><vAcc>1.119461</vAcc></extensions></trkpt>
      <trkpt lon="-117.164742" lat="32.895632"><ele>74.980623</ele><time>2024-08-20T01:38:38Z</time><extensions><speed>0.982342</speed><course>93.445232</course><hAcc>1.934440</hAcc><vAcc>1.115667</vAcc></extensions></trkpt>
      <trkpt lon="-117.164731" lat="32.895631"><ele>75.007625</ele><time>2024-08-20T01:38:39Z</time><extensions><speed>1.009756</speed><course>97.850254</course><hAcc>1.947215</hAcc><vAcc>1.113003</vAcc></extensions></trkpt>
      <trkpt lon="-117.164720" lat="32.895629"><ele>75.023728</ele><time>2024-08-20T01:38:40Z</time><extensions><speed>1.051913</speed><course>103.853377</course><hAcc>1.962042</hAcc><vAcc>1.109972</vAcc></extensions></trkpt>
      <trkpt lon="-117.164709" lat="32.895626"><ele>75.044577</ele><time>2024-08-20T01:38:41Z</time><extensions><speed>1.059513</speed><course>109.473654</course><hAcc>1.970270</hAcc><vAcc>1.107044</vAcc></extensions></trkpt>
      <trkpt lon="-117.164698" lat="32.895622"><ele>75.068646</ele><time>2024-08-20T01:38:42Z</time><extensions><speed>1.144576</speed><course>115.478660</course><hAcc>1.964644</hAcc><vAcc>1.106625</vAcc></extensions></trkpt>
      <trkpt lon="-117.164686" lat="32.895616"><ele>75.107281</ele><time>2024-08-20T01:38:43Z</time><extensions><speed>1.253422</speed><course>120.268550</course><hAcc>1.958093</hAcc><vAcc>1.109078</vAcc></extensions></trkpt>
      <trkpt lon="-117.164675" lat="32.895610"><ele>75.149761</ele><time>2024-08-20T01:38:44Z</time><extensions><speed>1.313197</speed><course>128.444827</course><hAcc>1.948299</hAcc><vAcc>1.112018</vAcc></extensions></trkpt>
      <trkpt lon="-117.164664" lat="32.895602"><ele>75.201110</ele><time>2024-08-20T01:38:45Z</time><extensions><speed>1.324060</speed><course>132.877782</course><hAcc>1.938440</hAcc><vAcc>1.114706</vAcc></extensions></trkpt>
      <trkpt lon="-117.164654" lat="32.895594"><ele>75.292182</ele><time>2024-08-20T01:38:46Z</time><extensions><speed>1.147641</speed><course>138.416927</course><hAcc>1.933894</hAcc><vAcc>1.118346</vAcc></extensions></trkpt>
      <trkpt lon="-117.164646" lat="32.895586"><ele>75.407274</ele><time>2024-08-20T01:38:47Z</time><extensions><speed>1.014700</speed><course>142.821224</course><hAcc>1.938472</hAcc><vAcc>1.121025</vAcc></extensions></trkpt>
      <trkpt lon="-117.164640" lat="32.895578"><ele>75.523009</ele><time>2024-08-20T01:38:48Z</time><extensions><speed>1.056479</speed><course>146.116268</course><hAcc>1.924492</hAcc><vAcc>1.122601</vAcc></extensions></trkpt>
      <trkpt lon="-117.164634" lat="32.895570"><ele>75.640127</ele><time>2024-08-20T01:38:49Z</time><extensions><speed>1.032205</speed><course>149.028317</course><hAcc>1.907038</hAcc><vAcc>1.124432</vAcc></extensions></trkpt>
      <trkpt lon="-117.164628" lat="32.895562"><ele>75.767906</ele><time>2024-08-20T01:38:50Z</time><extensions><speed>1.073468</speed><course>147.870658</course><hAcc>1.865685</hAcc><vAcc>1.128435</vAcc></extensions></trkpt>
      <trkpt lon="-117.164621" lat="32.895554"><ele>75.918190</ele><time>2024-08-20T01:38:51Z</time><extensions><speed>1.177370</speed><course>146.841568</course><hAcc>1.853543</hAcc><vAcc>1.129278</vAcc></extensions></trkpt>
      <trkpt lon="-117.164614" lat="32.895545"><ele>76.090039</ele><time>2024-08-20T01:38:52Z</time><extensions><speed>1.173980</speed><course>144.518285</course><hAcc>1.866332</hAcc><vAcc>1.128713</vAcc></extensions></trkpt>
      <trkpt lon="-117.164607" lat="32.895537"><ele>76.246309</ele><time>2024-08-20T01:38:53Z</time><extensions><speed>1.064685</speed><course>142.454272</course><hAcc>1.871539</hAcc><vAcc>1.126817</vAcc></extensions></trkpt>
      <trkpt lon="-117.164599" lat="32.895529"><ele>76.418514</ele><time>2024-08-20T01:38:54Z</time><extensions><speed>1.159386</speed><course>138.948608</course><hAcc>1.836347</hAcc><vAcc>1.125884</vAcc></extensions></trkpt>
      <trkpt lon="-117.164591" lat="32.895522"><ele>76.589955</ele><time>2024-08-20T01:38:55Z</time><extensions><speed>1.155254</speed><course>135.794475</course><hAcc>1.811724</hAcc><vAcc>1.125465</vAcc></extensions></trkpt>
      <trkpt lon="-117.164583" lat="32.895515"><ele>76.763834</ele><time>2024-08-20T01:38:56Z</time><extensions><speed>1.081537</speed><course>134.785305</course><hAcc>1.799622</hAcc><vAcc>1.122534</vAcc></extensions></trkpt>
      <trkpt lon="-117.164574" lat="32.895508"><ele>76.939532</ele><time>2024-08-20T01:38:57Z</time><extensions><speed>1.131585</speed><course>135.938615</course><hAcc>1.784261</hAcc><vAcc>1.117291</vAcc></extensions></trkpt>
      <trkpt lon="-117.164566" lat="32.895500"><ele>77.107767</ele><time>2024-08-20T01:38:58Z</time><extensions><speed>1.188195</speed><course>138.478766</course><hAcc>1.788797</hAcc><vAcc>1.113137</vAcc></extensions></trkpt>
      <trkpt lon="-117.164558" lat="32.895492"><ele>77.275303</ele><time>2024-08-20T01:38:59Z</time><extensions><speed>1.201661</speed><course>141.537542</course><hAcc>1.783225</hAcc><vAcc>1.107194</vAcc></extensions></trkpt>
      <trkpt lon="-117.164550" lat="32.895483"><ele>77.451765</ele><time>2024-08-20T01:39:00Z</time><extensions><speed>1.254277</speed><course>140.584482</course><hAcc>1.786692</hAcc><vAcc>1.098653</vAcc></extensions></trkpt>
      <trkpt lon="-117.164541" lat="32.895476"><ele>77.617211</ele><time>2024-08-20T01:39:01Z</time><extensions><speed>1.072129</speed><course>135.922552</course><hAcc>1.771946</hAcc><vAcc>1.090378</vAcc></extensions></trkpt>
      <trkpt lon="-117.164533" lat="32.895469"><ele>77.771645</ele><time>2024-08-20T01:39:02Z</time><extensions><speed>0.971777</speed><course>129.918986</course><hAcc>1.754539</hAcc><vAcc>1.081330</vAcc></extensions></trkpt>
      <trkpt lon="-117.164525" lat="32.895464"><ele>77.920647</ele><time>2024-08-20T01:39:03Z</time><extensions><speed>0.893588</speed><course>127.264323</course><hAcc>1.740821</hAcc><vAcc>1.072774</vAcc></extensions></trkpt>
      <trkpt lon="-117.164518" lat="32.895459"><ele>78.070296</ele><time>2024-08-20T01:39:04Z</time><extensions><speed>0.945619</speed><course>129.051927</course><hAcc>1.752384</hAcc><vAcc>1.063705</vAcc></extensions></trkpt>
      <trkpt lon="-117.164509" lat="32.895453"><ele>78.223139</ele><time>2024-08-20T01:39:05Z</time><extensions><speed>1.005111</speed><course>130.572590</course><hAcc>1.751600</hAcc><vAcc>1.054253</vAcc></extensions></trkpt>
      <trkpt lon="-117.164501" lat="32.895447"><ele>78.382231</ele><time>2024-08-20T01:39:06Z</time><extensions><speed>1.092877</speed><course>131.201061</course><hAcc>1.743698</hAcc><vAcc>1.045653</vAcc></extensions></trkpt>
      <trkpt lon="-117.164492" lat="32.895441"><ele>78.543667</ele><time>2024-08-20T01:39:07Z</time><extensions><speed>1.081213</speed><course>133.346091</course><hAcc>1.735224</hAcc><vAcc>1.035902</vAcc></extensions></trkpt>
      <trkpt lon="-117.164484" lat="32.895434"><ele>78.716176</ele><time>2024-08-20T01:39:08Z</time><extensions><speed>1.091170</speed><course>135.613063</course><hAcc>1.729568</hAcc><vAcc>1.026351</vAcc></extensions></trkpt>
      <trkpt lon="-117.164476" lat="32.895428"><ele>78.895315</ele><time>2024-08-20T01:39:09Z</time><extensions><speed>0.935423</speed><course>135.454837</course><hAcc>1.710805</hAcc><vAcc>1.017297</vAcc></extensions></trkpt>
      <trkpt lon="-117.164469" lat="32.895422"><ele>79.072877</ele><time>2024-08-20T01:39:10Z</time><extensions><speed>0.898420</speed><course>136.561231</course><hAcc>1.694849</hAcc><vAcc>1.008174</vAcc></extensions></trkpt>
      <trkpt lon="-117.164463" lat="32.895416"><ele>79.262438</ele><time>2024-08-20T01:39:11Z</time><extensions><speed>0.908399</speed><course>137.734740</course><hAcc>1.695055</hAcc><vAcc>1.000171</vAcc></extensions></trkpt>
      <trkpt lon="-117.164456" lat="32.895409"><ele>79.467133</ele><time>2024-08-20T01:39:12Z</time><extensions><speed>0.934777</speed><course>135.536332</course><hAcc>1.692844</hAcc><vAcc>0.993080</vAcc></extensions></trkpt>
      <trkpt lon="-117.164448" lat="32.895403"><ele>79.667261</ele><time>2024-08-20T01:39:13Z</time><extensions><speed>0.954984</speed><course>133.836901</course><hAcc>1.690883</hAcc><vAcc>0.986704</vAcc></extensions></trkpt>
      <trkpt lon="-117.164441" lat="32.895397"><ele>79.856753</ele><time>2024-08-20T01:39:14Z</time><extensions><speed>1.011092</speed><course>131.753687</course><hAcc>1.689605</hAcc><vAcc>0.980974</vAcc></extensions></trkpt>
      <trkpt lon="-117.164432" lat="32.895391"><ele>80.044502</ele><time>2024-08-20T01:39:15Z</time><extensions><speed>1.011067</speed><course>130.765162</course><hAcc>1.693620</hAcc><vAcc>0.975293</vAcc></extensions></trkpt>
      <trkpt lon="-117.164424" lat="32.895385"><ele>80.242603</ele><time>2024-08-20T01:39:16Z</time><extensions><speed>0.978885</speed><course>130.100519</course><hAcc>1.699542</hAcc><vAcc>0.971147</vAcc></extensions></trkpt>
      <trkpt lon="-117.164416" lat="32.895380"><ele>80.457153</ele><time>2024-08-20T01:39:17Z</time><extensions><speed>0.961374</speed><course>128.905159</course><hAcc>1.667952</hAcc><vAcc>0.969025</vAcc></extensions></trkpt>
      <trkpt lon="-117.164408" lat="32.895374"><ele>80.672081</ele><time>2024-08-20T01:39:18Z</time><extensions><speed>1.057799</speed><course>130.579858</course><hAcc>1.658222</hAcc><vAcc>0.967736</vAcc></extensions></trkpt>
      <trkpt lon="-117.164399" lat="32.895367"><ele>80.883482</ele><time>2024-08-20T01:39:19Z</time><extensions><speed>1.170943</speed><course>133.944492</course><hAcc>1.673401</hAcc><vAcc>0.966757</vAcc></extensions></trkpt>
      <trkpt lon="-117.164390" lat="32.895359"><ele>81.099390</ele><time>2024-08-20T01:39:20Z</time><extensions><speed>1.235781</speed><course>135.568754</course><hAcc>1.678554</hAcc><vAcc>0.965178</vAcc></extensions></trkpt>
      <trkpt lon="-117.164381" lat="32.895351"><ele>81.321875</ele><time>2024-08-20T01:39:21Z</time><extensions><speed>1.271695</speed><course>136.220536</course><hAcc>1.674727</hAcc><vAcc>0.964203</vAcc></extensions></trkpt>
      <trkpt lon="-117.164371" lat="32.895343"><ele>81.531512</ele><time>2024-08-20T01:39:22Z</time><extensions><speed>1.222967</speed><course>135.115691</course><hAcc>1.669263</hAcc><vAcc>0.965535</vAcc></extensions></trkpt>
      <trkpt lon="-117.164362" lat="32.895336"><ele>81.743558</ele><time>2024-08-20T01:39:23Z</time><extensions><speed>1.196043</speed><course>134.759898</course><hAcc>1.672101</hAcc><vAcc>0.967868</vAcc></extensions></trkpt>
      <trkpt lon="-117.164353" lat="32.895328"><ele>81.949331</ele><time>2024-08-20T01:39:24Z</time><extensions><speed>1.257103</speed><course>133.606391</course><hAcc>1.667201</hAcc><vAcc>0.970788</vAcc></extensions></trkpt>
      <trkpt lon="-117.164343" lat="32.895320"><ele>82.157531</ele><time>2024-08-20T01:39:25Z</time><extensions><speed>1.255638</speed><course>131.835792</course><hAcc>1.670376</hAcc><vAcc>0.974021</vAcc></extensions></trkpt>
      <trkpt lon="-117.164333" lat="32.895313"><ele>82.361625</ele><time>2024-08-20T01:39:26Z</time><extensions><speed>1.168038</speed><course>131.026229</course><hAcc>1.676826</hAcc><vAcc>0.978433</vAcc></extensions></trkpt>
      <trkpt lon="-117.164324" lat="32.895306"><ele>82.564872</ele><time>2024-08-20T01:39:27Z</time><extensions><speed>1.123011</speed><course>132.537523</course><hAcc>1.678748</hAcc><vAcc>0.982985</vAcc></extensions></trkpt>
      <trkpt lon="-117.164315" lat="32.895299"><ele>82.759359</ele><time>2024-08-20T01:39:28Z</time><extensions><speed>1.070226</speed><course>134.781731</course><hAcc>1.683452</hAcc><vAcc>0.987202</vAcc></extensions></trkpt>
      <trkpt lon="-117.164307" lat="32.895293"><ele>82.962852</ele><time>2024-08-20T01:39:29Z</time><extensions><speed>1.051505</speed><course>135.652425</course><hAcc>1.688381</hAcc><vAcc>0.989872</vAcc></extensions></trkpt>
      <trkpt lon="-117.164299" lat="32.895286"><ele>83.179141</ele><time>2024-08-20T01:39:30Z</time><extensions><speed>1.055566</speed><course>133.929292</course><hAcc>1.687299</hAcc><vAcc>0.991771</vAcc></extensions></trkpt>
      <trkpt lon="-117.164291" lat="32.895280"><ele>83.390043</ele><time>2024-08-20T01:39:31Z</time><extensions><speed>1.042762</speed><course>129.432986</course><hAcc>1.682121</hAcc><vAcc>0.991722</vAcc></extensions></trkpt>
      <trkpt lon="-117.164282" lat="32.895274"><ele>83.588405</ele><time>2024-08-20T01:39:32Z</time><extensions><speed>1.086206</speed><course>124.096740</course><hAcc>1.681831</hAcc><vAcc>0.992547</vAcc></extensions></trkpt>
      <trkpt lon="-117.164273" lat="32.895269"><ele>83.789103</ele><time>2024-08-20T01:39:33Z</time><extensions><speed>1.074046</speed><course>117.012375</course><hAcc>1.671802</hAcc><vAcc>0.993275</vAcc></extensions></trkpt>
      <trkpt lon="-117.164262" lat="32.895266"><ele>83.980300</ele><time>2024-08-20T01:39:34Z</time><extensions><speed>1.046326</speed><course>109.740312</course><hAcc>1.660733</hAcc><vAcc>0.992804</vAcc></extensions></trkpt>
      <trkpt lon="-117.164252" lat="32.895263"><ele>84.163647</ele><time>2024-08-20T01:39:35Z</time><extensions><speed>1.035349</speed><course>102.057416</course><hAcc>1.649681</hAcc><vAcc>0.990186</vAcc></extensions></trkpt>
      <trkpt lon="-117.164241" lat="32.895262"><ele>84.356226</ele><time>2024-08-20T01:39:36Z</time><extensions><speed>1.083503</speed><course>91.171620</course><hAcc>1.645632</hAcc><vAcc>0.985709</vAcc></extensions></trkpt>
      <trkpt lon="-117.164229" lat="32.895263"><ele>84.521951</ele><time>2024-08-20T01:39:37Z</time><extensions><speed>1.063361</speed><course>83.347737</course><hAcc>1.641363</hAcc><vAcc>0.980255</vAcc></extensions></trkpt>
      <trkpt lon="-117.164218" lat="32.895264"><ele>84.692538</ele><time>2024-08-20T01:39:38Z</time><extensions><speed>1.025075</speed><course>79.496357</course><hAcc>1.635871</hAcc><vAcc>0.974895</vAcc></extensions></trkpt>
      <trkpt lon="-117.164208" lat="32.895266"><ele>84.850916</ele><time>2024-08-20T01:39:39Z</time><extensions><speed>1.021830</speed><course>76.778614</course><hAcc>1.627708</hAcc><vAcc>0.969170</vAcc></extensions></trkpt>
      <trkpt lon="-117.164198" lat="32.895269"><ele>85.003408</ele><time>2024-08-20T01:39:40Z</time><extensions><speed>0.886375</speed><course>69.716198</course><hAcc>1.617543</hAcc><vAcc>0.962597</vAcc></extensions></trkpt>
      <trkpt lon="-117.164190" lat="32.895272"><ele>85.148989</ele><time>2024-08-20T01:39:41Z</time><extensions><speed>0.830927</speed><course>58.836079</course><hAcc>1.617896</hAcc><vAcc>0.955163</vAcc></extensions></trkpt>
      <trkpt lon="-117.164183" lat="32.895277"><ele>85.284395</ele><time>2024-08-20T01:39:42Z</time><extensions><speed>0.906135</speed><course>49.181080</course><hAcc>1.621048</hAcc><vAcc>0.948894</vAcc></extensions></trkpt>
      <trkpt lon="-117.164176" lat="32.895283"><ele>85.419240</ele><time>2024-08-20T01:39:43Z</time><extensions><speed>0.978140</speed><course>37.983544</course><hAcc>1.617241</hAcc><vAcc>0.942917</vAcc></extensions></trkpt>
      <trkpt lon="-117.164170" lat="32.895290"><ele>85.549520</ele><time>2024-08-20T01:39:44Z</time><extensions><speed>1.059746</speed><course>29.127449</course><hAcc>1.612777</hAcc><vAcc>0.937636</vAcc></extensions></trkpt>
      <trkpt lon="-117.164165" lat="32.895299"><ele>85.668214</ele><time>2024-08-20T01:39:45Z</time><extensions><speed>1.114753</speed><course>23.971515</course><hAcc>1.604768</hAcc><vAcc>0.934477</vAcc></extensions></trkpt>
      <trkpt lon="-117.164160" lat="32.895308"><ele>85.782563</ele><time>2024-08-20T01:39:46Z</time><extensions><speed>1.107845</speed><course>20.569518</course><hAcc>1.593555</hAcc><vAcc>0.931629</vAcc></extensions></trkpt>
      <trkpt lon="-117.164156" lat="32.895318"><ele>85.889390</ele><time>2024-08-20T01:39:47Z</time><extensions><speed>1.070185</speed><course>18.943176</course><hAcc>1.587717</hAcc><vAcc>0.928447</vAcc></extensions></trkpt>
      <trkpt lon="-117.164152" lat="32.895327"><ele>85.979461</ele><time>2024-08-20T01:39:48Z</time><extensions><speed>1.062133</speed><course>15.876232</course><hAcc>1.585194</hAcc><vAcc>0.926250</vAcc></extensions></trkpt>
      <trkpt lon="-117.164149" lat="32.895336"><ele>86.063008</ele><time>2024-08-20T01:39:49Z</time><extensions><speed>1.099342</speed><course>13.770684</course><hAcc>1.582465</hAcc><vAcc>0.924947</vAcc></extensions></trkpt>
      <trkpt lon="-117.164147" lat="32.895345"><ele>86.144834</ele><time>2024-08-20T01:39:50Z</time><extensions><speed>1.077720</speed><course>9.556363</course><hAcc>1.574376</hAcc><vAcc>0.923259</vAcc></extensions></trkpt>
      <trkpt lon="-117.164145" lat="32.895354"><ele>86.237780</ele><time>2024-08-20T01:39:51Z</time><extensions><speed>1.010723</speed><course>6.133565</course><hAcc>1.567414</hAcc><vAcc>0.921850</vAcc></extensions></trkpt>
      <trkpt lon="-117.164144" lat="32.895363"><ele>86.328822</ele><time>2024-08-20T01:39:52Z</time><extensions><speed>1.023231</speed><course>6.715773</course><hAcc>1.563662</hAcc><vAcc>0.920829</vAcc></extensions></trkpt>
      <trkpt lon="-117.164142" lat="32.895372"><ele>86.405202</ele><time>2024-08-20T01:39:53Z</time><extensions><speed>1.018628</speed><course>10.076922</course><hAcc>1.562322</hAcc><vAcc>0.920915</vAcc></extensions></trkpt>
      <trkpt lon="-117.164139" lat="32.895380"><ele>86.487742</ele><time>2024-08-20T01:39:54Z</time><extensions><speed>0.917551</speed><course>19.553890</course><hAcc>1.583782</hAcc><vAcc>0.920898</vAcc></extensions></trkpt>
      <trkpt lon="-117.164135" lat="32.895387"><ele>86.586552</ele><time>2024-08-20T01:39:55Z</time><extensions><speed>0.749069</speed><course>35.504228</course><hAcc>1.633425</hAcc><vAcc>0.920565</vAcc></extensions></trkpt>
      <trkpt lon="-117.164129" lat="32.895390"><ele>86.692150</ele><time>2024-08-20T01:39:56Z</time><extensions><speed>0.676824</speed><course>75.684671</course><hAcc>1.591441</hAcc><vAcc>0.919520</vAcc></extensions></trkpt>
      <trkpt lon="-117.164122" lat="32.895390"><ele>86.814409</ele><time>2024-08-20T01:39:57Z</time><extensions><speed>0.825509</speed><course>111.756940</course><hAcc>1.585189</hAcc><vAcc>0.917356</vAcc></extensions></trkpt>
      <trkpt lon="-117.164113" lat="32.895385"><ele>86.948643</ele><time>2024-08-20T01:39:58Z</time><extensions><speed>1.063394</speed><course>127.759649</course><hAcc>1.610604</hAcc><vAcc>0.915365</vAcc></extensions></trkpt>
      <trkpt lon="-117.164103" lat="32.895378"><ele>87.095875</ele><time>2024-08-20T01:39:59Z</time><extensions><speed>1.323230</speed><course>135.187414</course><hAcc>1.637620</hAcc><vAcc>0.913527</vAcc></extensions></trkpt>
      <trkpt lon="-117.164093" lat="32.895369"><ele>87.251677</ele><time>2024-08-20T01:40:00Z</time><extensions><speed>1.493215</speed><course>139.152230</course><hAcc>1.668637</hAcc><vAcc>0.911392</vAcc></extensions></trkpt>
      <trkpt lon="-117.164082" lat="32.895358"><ele>87.424439</ele><time>2024-08-20T01:40:01Z</time><extensions><speed>1.582345</speed><course>142.180139</course><hAcc>1.687587</hAcc><vAcc>0.909568</vAcc></extensions></trkpt>
      <trkpt lon="-117.164072" lat="32.895347"><ele>87.604517</ele><time>2024-08-20T01:40:02Z</time><extensions><speed>1.565587</speed><course>142.769329</course><hAcc>1.708397</hAcc><vAcc>0.908159</vAcc></extensions></trkpt>
      <trkpt lon="-117.164062" lat="32.895336"><ele>87.800153</ele><time>2024-08-20T01:40:03Z</time><extensions><speed>1.460949</speed><course>142.521014</course><hAcc>1.729018</hAcc><vAcc>0.906337</vAcc></extensions></trkpt>
      <trkpt lon="-117.164053" lat="32.895326"><ele>88.017955</ele><time>2024-08-20T01:40:04Z</time><extensions><speed>1.376742</speed><course>140.988027</course><hAcc>1.739204</hAcc><vAcc>0.903776</vAcc></extensions></trkpt>
      <trkpt lon="-117.164044" lat="32.895316"><ele>88.258633</ele><time>2024-08-20T01:40:05Z</time><extensions><speed>1.298612</speed><course>139.624184</course><hAcc>1.734221</hAcc><vAcc>0.900742</vAcc></extensions></trkpt>
      <trkpt lon="-117.164035" lat="32.895307"><ele>88.502643</ele><time>2024-08-20T01:40:06Z</time><extensions><speed>1.239339</speed><course>138.564987</course><hAcc>1.708441</hAcc><vAcc>0.897479</vAcc></extensions></trkpt>
      <trkpt lon="-117.164026" lat="32.895299"><ele>88.765110</ele><time>2024-08-20T01:40:07Z</time><extensions><speed>1.196068</speed><course>138.710554</course><hAcc>1.693626</hAcc><vAcc>0.893734</vAcc></extensions></trkpt>
      <trkpt lon="-117.164018" lat="32.895291"><ele>89.032482</ele><time>2024-08-20T01:40:08Z</time><extensions><speed>1.181279</speed><course>140.667088</course><hAcc>1.698730</hAcc><vAcc>0.890243</vAcc></extensions></trkpt>
      <trkpt lon="-117.164011" lat="32.895282"><ele>89.311692</ele><time>2024-08-20T01:40:09Z</time><extensions><speed>1.150312</speed><course>145.093600</course><hAcc>1.689435</hAcc><vAcc>0.887582</vAcc></extensions></trkpt>
      <trkpt lon="-117.164003" lat="32.895274"><ele>89.595165</ele><time>2024-08-20T01:40:10Z</time><extensions><speed>1.201595</speed><course>144.709854</course><hAcc>1.677671</hAcc><vAcc>0.885176</vAcc></extensions></trkpt>
      <trkpt lon="-117.163996" lat="32.895265"><ele>89.865907</ele><time>2024-08-20T01:40:11Z</time><extensions><speed>1.240700</speed><course>143.786588</course><hAcc>1.662555</hAcc><vAcc>0.883120</vAcc></extensions></trkpt>
      <trkpt lon="-117.163988" lat="32.895256"><ele>90.143251</ele><time>2024-08-20T01:40:12Z</time><extensions><speed>1.252524</speed><course>146.064199</course><hAcc>1.649831</hAcc><vAcc>0.880576</vAcc></extensions></trkpt>
      <trkpt lon="-117.163981" lat="32.895246"><ele>90.402915</ele><time>2024-08-20T01:40:13Z</time><extensions><speed>1.268704</speed><course>151.064942</course><hAcc>1.636483</hAcc><vAcc>0.878153</vAcc></extensions></trkpt>
      <trkpt lon="-117.163976" lat="32.895236"><ele>90.654525</ele><time>2024-08-20T01:40:14Z</time><extensions><speed>1.306048</speed><course>159.421280</course><hAcc>1.627557</hAcc><vAcc>0.876379</vAcc></extensions></trkpt>
      <trkpt lon="-117.163972" lat="32.895224"><ele>90.906737</ele><time>2024-08-20T01:40:15Z</time><extensions><speed>1.279673</speed><course>171.785760</course><hAcc>1.626607</hAcc><vAcc>0.874979</vAcc></extensions></trkpt>
      <trkpt lon="-117.163972" lat="32.895213"><ele>91.162632</ele><time>2024-08-20T01:40:16Z</time><extensions><speed>1.161812</speed><course>186.235719</course><hAcc>1.629269</hAcc><vAcc>0.873467</vAcc></extensions></trkpt>
      <trkpt lon="-117.163975" lat="32.895204"><ele>91.392613</ele><time>2024-08-20T01:40:17Z</time><extensions><speed>1.043094</speed><course>199.257003</course><hAcc>1.625295</hAcc><vAcc>0.872022</vAcc></extensions></trkpt>
      <trkpt lon="-117.163979" lat="32.895195"><ele>91.597201</ele><time>2024-08-20T01:40:18Z</time><extensions><speed>1.003560</speed><course>209.224497</course><hAcc>1.628299</hAcc><vAcc>0.871339</vAcc></extensions></trkpt>
      <trkpt lon="-117.163985" lat="32.895188"><ele>91.793298</ele><time>2024-08-20T01:40:19Z</time><extensions><speed>0.922788</speed><course>218.506795</course><hAcc>1.639226</hAcc><vAcc>0.870384</vAcc></extensions></trkpt>
      <trkpt lon="-117.163991" lat="32.895182"><ele>91.971534</ele><time>2024-08-20T01:40:20Z</time><extensions><speed>0.798037</speed><course>225.009406</course><hAcc>1.650210</hAcc><vAcc>0.869418</vAcc></extensions></trkpt>
      <trkpt lon="-117.163996" lat="32.895179"><ele>92.139474</ele><time>2024-08-20T01:40:21Z</time><extensions><speed>0.522122</speed><course>240.441620</course><hAcc>1.637939</hAcc><vAcc>0.868208</vAcc></extensions></trkpt>
      <trkpt lon="-117.164001" lat="32.895177"><ele>92.285490</ele><time>2024-08-20T01:40:22Z</time><extensions><speed>0.375825</speed><course>254.940951</course><hAcc>1.646133</hAcc><vAcc>0.866303</vAcc></extensions></trkpt>
      <trkpt lon="-117.164005" lat="32.895176"><ele>92.404076</ele><time>2024-08-20T01:40:23Z</time><extensions><speed>0.476526</speed><course>254.805755</course><hAcc>1.640555</hAcc><vAcc>0.864011</vAcc></extensions></trkpt>
      <trkpt lon="-117.164010" lat="32.895175"><ele>92.497236</ele><time>2024-08-20T01:40:24Z</time><extensions><speed>0.430704</speed><course>250.875653</course><hAcc>1.650032</hAcc><vAcc>0.861691</vAcc></extensions></trkpt>
      <trkpt lon="-117.164013" lat="32.895174"><ele>92.570532</ele><time>2024-08-20T01:40:25Z</time><extensions><speed>0.266332</speed><course>266.372172</course><hAcc>1.656705</hAcc><vAcc>0.859385</vAcc></extensions></trkpt>
      <trkpt lon="-117.164016" lat="32.895174"><ele>92.625800</ele><time>2024-08-20T01:40:26Z</time><extensions><speed>0.269399</speed><course>270.706758</course><hAcc>1.653146</hAcc><vAcc>0.857209</vAcc></extensions></trkpt>
      <trkpt lon="-117.164020" lat="32.895174"><ele>92.668480</ele><time>2024-08-20T01:40:27Z</time><extensions><speed>0.371013</speed><course>258.630587</course><hAcc>1.648573</hAcc><vAcc>0.855487</vAcc></extensions></trkpt>
      <trkpt lon="-117.164024" lat="32.895173"><ele>92.695705</ele><time>2024-08-20T01:40:28Z</time><extensions><speed>0.432979</speed><course>243.781979</course><hAcc>1.661726</hAcc><vAcc>0.853739</vAcc></extensions></trkpt>
      <trkpt lon="-117.164028" lat="32.895171"><ele>92.709958</ele><time>2024-08-20T01:40:29Z</time><extensions><speed>0.511670</speed><course>226.175095</course><hAcc>1.708400</hAcc><vAcc>0.852604</vAcc></extensions></trkpt>
      <trkpt lon="-117.164031" lat="32.895167"><ele>92.712448</ele><time>2024-08-20T01:40:30Z</time><extensions><speed>0.542493</speed><course>213.875851</course><hAcc>1.758667</hAcc><vAcc>0.852053</vAcc></extensions></trkpt>
      <trkpt lon="-117.164034" lat="32.895164"><ele>92.702733</ele><time>2024-08-20T01:40:31Z</time><extensions><speed>0.268658</speed><course>230.996374</course><hAcc>1.772322</hAcc><vAcc>0.851810</vAcc></extensions></trkpt>
      <trkpt lon="-117.164036" lat="32.895164"><ele>92.687579</ele><time>2024-08-20T01:40:32Z</time><extensions><speed>0.200948</speed><course>304.796502</course><hAcc>1.783613</hAcc><vAcc>0.851902</vAcc></extensions></trkpt>
      <trkpt lon="-117.164038" lat="32.895165"><ele>92.665769</ele><time>2024-08-20T01:40:33Z</time><extensions><speed>0.262216</speed><course>326.376244</course><hAcc>1.806232</hAcc><vAcc>0.852325</vAcc></extensions></trkpt>
      <trkpt lon="-117.164039" lat="32.895167"><ele>92.639336</ele><time>2024-08-20T01:40:34Z</time><extensions><speed>0.248555</speed><course>331.054084</course><hAcc>1.830528</hAcc><vAcc>0.853059</vAcc></extensions></trkpt>
      <trkpt lon="-117.164041" lat="32.895169"><ele>92.610149</ele><time>2024-08-20T01:40:35Z</time><extensions><speed>0.192985</speed><course>324.319332</course><hAcc>1.844327</hAcc><vAcc>0.854038</vAcc></extensions></trkpt>
      <trkpt lon="-117.164042" lat="32.895170"><ele>92.579766</ele><time>2024-08-20T01:40:36Z</time><extensions><speed>0.155242</speed><course>311.852660</course><hAcc>1.850135</hAcc><vAcc>0.855332</vAcc></extensions></trkpt>
      <trkpt lon="-117.164043" lat="32.895171"><ele>92.549408</ele><time>2024-08-20T01:40:37Z</time><extensions><speed>0.139478</speed><course>300.302094</course><hAcc>1.852789</hAcc><vAcc>0.856897</vAcc></extensions></trkpt>
      <trkpt lon="-117.164044" lat="32.895172"><ele>92.520010</ele><time>2024-08-20T01:40:38Z</time><extensions><speed>0.137630</speed><course>295.576064</course><hAcc>1.854299</hAcc><vAcc>0.858540</vAcc></extensions></trkpt>
      <trkpt lon="-117.164046" lat="32.895172"><ele>92.492145</ele><time>2024-08-20T01:40:39Z</time><extensions><speed>0.145243</speed><course>284.487702</course><hAcc>1.852109</hAcc><vAcc>0.860571</vAcc></extensions></trkpt>
      <trkpt lon="-117.164047" lat="32.895172"><ele>92.466245</ele><time>2024-08-20T01:40:40Z</time><extensions><speed>0.162064</speed><course>274.044103</course><hAcc>1.844437</hAcc><vAcc>0.863128</vAcc></extensions></trkpt>
      <trkpt lon="-117.164049" lat="32.895172"><ele>92.442625</ele><time>2024-08-20T01:40:41Z</time><extensions><speed>0.168188</speed><course>266.405322</course><hAcc>1.832497</hAcc><vAcc>0.866193</vAcc></extensions></trkpt>
      <trkpt lon="-117.164051" lat="32.895172"><ele>92.421437</ele><time>2024-08-20T01:40:42Z</time><extensions><speed>0.143990</speed><course>265.659030</course><hAcc>1.821574</hAcc><vAcc>0.869751</vAcc></extensions></trkpt>
      <trkpt lon="-117.164052" lat="32.895172"><ele>92.378765</ele><time>2024-08-20T01:40:43Z</time><extensions><speed>0.111224</speed><course>263.135424</course><hAcc>1.812374</hAcc><vAcc>0.873603</vAcc></extensions></trkpt>
      <trkpt lon="-117.164053" lat="32.895172"><ele>92.335843</ele><time>2024-08-20T01:40:44Z</time><extensions><speed>0.082603</speed><course>258.625748</course><hAcc>1.802708</hAcc><vAcc>0.878003</vAcc></extensions></trkpt>
      <trkpt lon="-117.164054" lat="32.895171"><ele>92.291762</ele><time>2024-08-20T01:40:45Z</time><extensions><speed>0.062480</speed><course>251.257824</course><hAcc>1.794622</hAcc><vAcc>0.882625</vAcc></extensions></trkpt>
      <trkpt lon="-117.164055" lat="32.895171"><ele>92.248954</ele><time>2024-08-20T01:40:46Z</time><extensions><speed>0.045620</speed><course>242.863037</course><hAcc>1.796967</hAcc><vAcc>0.887575</vAcc></extensions></trkpt>
      <trkpt lon="-117.164055" lat="32.895171"><ele>92.204234</ele><time>2024-08-20T01:40:47Z</time><extensions><speed>0.038622</speed><course>231.465342</course><hAcc>1.800846</hAcc><vAcc>0.892656</vAcc></extensions></trkpt>
      <trkpt lon="-117.164055" lat="32.895171"><ele>92.158765</ele><time>2024-08-20T01:40:48Z</time><extensions><speed>0.036303</speed><course>219.864878</course><hAcc>1.814493</hAcc><vAcc>0.897947</vAcc></extensions></trkpt>
      <trkpt lon="-117.164056" lat="32.895171"><ele>92.112398</ele><time>2024-08-20T01:40:49Z</time><extensions><speed>0.042636</speed><course>210.728360</course><hAcc>1.826616</hAcc><vAcc>0.902920</vAcc></extensions></trkpt>
      <trkpt lon="-117.164056" lat="32.895170"><ele>92.076739</ele><time>2024-08-20T01:40:50Z</time><extensions><speed>0.056138</speed><course>207.272015</course><hAcc>1.832692</hAcc><vAcc>0.907333</vAcc></extensions></trkpt>
      <trkpt lon="-117.164056" lat="32.895170"><ele>92.041046</ele><time>2024-08-20T01:40:51Z</time><extensions><speed>0.083743</speed><course>205.716334</course><hAcc>1.823673</hAcc><vAcc>0.911127</vAcc></extensions></trkpt>
      <trkpt lon="-117.164057" lat="32.895169"><ele>92.013630</ele><time>2024-08-20T01:40:52Z</time><extensions><speed>0.098165</speed><course>205.399945</course><hAcc>1.833276</hAcc><vAcc>0.914697</vAcc></extensions></trkpt>
      <trkpt lon="-117.164057" lat="32.895168"><ele>91.992392</ele><time>2024-08-20T01:40:53Z</time><extensions><speed>0.092113</speed><course>207.536323</course><hAcc>1.852434</hAcc><vAcc>0.917691</vAcc></extensions></trkpt>
      <trkpt lon="-117.164057" lat="32.895168"><ele>91.970035</ele><time>2024-08-20T01:40:54Z</time><extensions><speed>0.047947</speed><course>221.583293</course><hAcc>1.873681</hAcc><vAcc>0.920723</vAcc></extensions></trkpt>
      <trkpt lon="-117.164058" lat="32.895168"><ele>91.946508</ele><time>2024-08-20T01:40:55Z</time><extensions><speed>0.025668</speed><course>275.831644</course><hAcc>1.876324</hAcc><vAcc>0.923184</vAcc></extensions></trkpt>
      <trkpt lon="-117.164058" lat="32.895168"><ele>91.926344</ele><time>2024-08-20T01:40:56Z</time><extensions><speed>0.033639</speed><course>305.851253</course><hAcc>1.864911</hAcc><vAcc>0.924938</vAcc></extensions></trkpt>
      <trkpt lon="-117.164058" lat="32.895168"><ele>91.912097</ele><time>2024-08-20T01:40:57Z</time><extensions><speed>0.052710</speed><course>333.129952</course><hAcc>1.866801</hAcc><vAcc>0.925292</vAcc></extensions></trkpt>
      <trkpt lon="-117.164059" lat="32.895169"><ele>91.897123</ele><time>2024-08-20T01:40:58Z</time><extensions><speed>0.063148</speed><course>336.434149</course><hAcc>1.871873</hAcc><vAcc>0.923953</vAcc></extensions></trkpt>
      <trkpt lon="-117.164059" lat="32.895169"><ele>91.891972</ele><time>2024-08-20T01:40:59Z</time><extensions><speed>0.064217</speed><course>334.132764</course><hAcc>1.872787</hAcc><vAcc>0.924574</vAcc></extensions></trkpt>
      <trkpt lon="-117.164059" lat="32.895170"><ele>91.887787</ele><time>2024-08-20T01:41:00Z</time><extensions><speed>0.052668</speed><course>325.241927</course><hAcc>1.865449</hAcc><vAcc>0.925235</vAcc></extensions></trkpt>
      <trkpt lon="-117.164059" lat="32.895170"><ele>91.886414</ele><time>2024-08-20T01:41:01Z</time><extensions><speed>0.026586</speed><course>283.816624</course><hAcc>1.875702</hAcc><vAcc>0.925564</vAcc></extensions></trkpt>
      <trkpt lon="-117.164060" lat="32.895170"><ele>91.886992</ele><time>2024-08-20T01:41:02Z</time><extensions><speed>0.069799</speed><course>211.606251</course><hAcc>1.869771</hAcc><vAcc>0.926322</vAcc></extensions></trkpt>
      <trkpt lon="-117.164060" lat="32.895169"><ele>91.889001</ele><time>2024-08-20T01:41:03Z</time><extensions><speed>0.064256</speed><course>204.615280</course><hAcc>1.880617</hAcc><vAcc>0.927326</vAcc></extensions></trkpt>
      <trkpt lon="-117.164060" lat="32.895169"><ele>91.892028</ele><time>2024-08-20T01:41:04Z</time><extensions><speed>0.026020</speed><course>189.372239</course><hAcc>1.902656</hAcc><vAcc>0.928118</vAcc></extensions></trkpt>
      <trkpt lon="-117.164060" lat="32.895168"><ele>91.895747</ele><time>2024-08-20T01:41:05Z</time><extensions><speed>0.031386</speed><course>153.770055</course><hAcc>1.916352</hAcc><vAcc>0.928697</vAcc></extensions></trkpt>
      <trkpt lon="-117.164060" lat="32.895168"><ele>91.899971</ele><time>2024-08-20T01:41:06Z</time><extensions><speed>0.047576</speed><course>127.162972</course><hAcc>1.923534</hAcc><vAcc>0.928915</vAcc></extensions></trkpt>
      <trkpt lon="-117.164059" lat="32.895168"><ele>91.904538</ele><time>2024-08-20T01:41:07Z</time><extensions><speed>0.072919</speed><course>116.893892</course><hAcc>1.924747</hAcc><vAcc>0.928952</vAcc></extensions></trkpt>
      <trkpt lon="-117.164058" lat="32.895168"><ele>91.909318</ele><time>2024-08-20T01:41:08Z</time><extensions><speed>0.099194</speed><course>104.968543</course><hAcc>1.917446</hAcc><vAcc>0.928607</vAcc></extensions></trkpt>
      <trkpt lon="-117.164057" lat="32.895168"><ele>91.914180</ele><time>2024-08-20T01:41:09Z</time><extensions><speed>0.116414</speed><course>92.051107</course><hAcc>1.905013</hAcc><vAcc>0.927809</vAcc></extensions></trkpt>
      <trkpt lon="-117.164056" lat="32.895167"><ele>91.918997</ele><time>2024-08-20T01:41:10Z</time><extensions><speed>0.116300</speed><course>92.024796</course><hAcc>1.878140</hAcc><vAcc>0.926605</vAcc></extensions></trkpt>
      <trkpt lon="-117.164055" lat="32.895168"><ele>91.923671</ele><time>2024-08-20T01:41:11Z</time><extensions><speed>0.105165</speed><course>78.848961</course><hAcc>1.846885</hAcc><vAcc>0.925065</vAcc></extensions></trkpt>
      <trkpt lon="-117.164054" lat="32.895168"><ele>91.928126</ele><time>2024-08-20T01:41:12Z</time><extensions><speed>0.083428</speed><course>72.633324</course><hAcc>1.814077</hAcc><vAcc>0.922586</vAcc></extensions></trkpt>
      <trkpt lon="-117.164053" lat="32.895168"><ele>91.932322</ele><time>2024-08-20T01:41:13Z</time><extensions><speed>0.061198</speed><course>69.144070</course><hAcc>1.782199</hAcc><vAcc>0.919419</vAcc></extensions></trkpt>
      <trkpt lon="-117.164053" lat="32.895168"><ele>91.930475</ele><time>2024-08-20T01:41:14Z</time><extensions><speed>0.040215</speed><course>66.349254</course><hAcc>1.758630</hAcc><vAcc>0.915754</vAcc></extensions></trkpt>
      <trkpt lon="-117.164052" lat="32.895168"><ele>91.927820</ele><time>2024-08-20T01:41:15Z</time><extensions><speed>0.021169</speed><course>63.146492</course><hAcc>1.754568</hAcc><vAcc>0.911360</vAcc></extensions></trkpt>
      <trkpt lon="-117.164052" lat="32.895168"><ele>91.924217</ele><time>2024-08-20T01:41:16Z</time><extensions><speed>0.008446</speed><course>52.769788</course><hAcc>1.747143</hAcc><vAcc>0.906316</vAcc></extensions></trkpt>
      <trkpt lon="-117.164052" lat="32.895168"><ele>91.921109</ele><time>2024-08-20T01:41:17Z</time><extensions><speed>0.005544</speed><course>285.251808</course><hAcc>1.732622</hAcc><vAcc>0.901040</vAcc></extensions></trkpt>
      <trkpt lon="-117.164053" lat="32.895168"><ele>91.918652</ele><time>2024-08-20T01:41:18Z</time><extensions><speed>0.023206</speed><course>264.154514</course><hAcc>1.703483</hAcc><vAcc>0.895407</vAcc></extensions></trkpt>
      <trkpt lon="-117.164053" lat="32.895168"><ele>91.916509</ele><time>2024-08-20T01:41:19Z</time><extensions><speed>0.044475</speed><course>261.262595</course><hAcc>1.695347</hAcc><vAcc>0.889593</vAcc></extensions></trkpt>
      <trkpt lon="-117.164053" lat="32.895168"><ele>91.912697</ele><time>2024-08-20T01:41:20Z</time><extensions><speed>0.069576</speed><course>259.795116</course><hAcc>1.697658</hAcc><vAcc>0.884043</vAcc></extensions></trkpt>
      <trkpt lon="-117.164054" lat="32.895168"><ele>91.907583</ele><time>2024-08-20T01:41:21Z</time><extensions><speed>0.097403</speed><course>258.869967</course><hAcc>1.697673</hAcc><vAcc>0.878790</vAcc></extensions></trkpt>
      <trkpt lon="-117.164056" lat="32.895168"><ele>91.898756</ele><time>2024-08-20T01:41:22Z</time><extensions><speed>0.123146</speed><course>258.145222</course><hAcc>1.700736</hAcc><vAcc>0.873979</vAcc></extensions></trkpt>
      <trkpt lon="-117.164057" lat="32.895168"><ele>91.888093</ele><time>2024-08-20T01:41:23Z</time><extensions><speed>0.131946</speed><course>256.832104</course><hAcc>1.718021</hAcc><vAcc>0.869819</vAcc></extensions></trkpt>
      <trkpt lon="-117.164058" lat="32.895167"><ele>91.880544</ele><time>2024-08-20T01:41:24Z</time><extensions><speed>0.129691</speed><course>253.330364</course><hAcc>1.728665</hAcc><vAcc>0.866512</vAcc></extensions></trkpt>
      <trkpt lon="-117.164059" lat="32.895167"><ele>91.876625</ele><time>2024-08-20T01:41:25Z</time><extensions><speed>0.109576</speed><course>264.697998</course><hAcc>1.721018</hAcc><vAcc>0.864352</vAcc></extensions></trkpt>
      <trkpt lon="-117.164061" lat="32.895167"><ele>91.882706</ele><time>2024-08-20T01:41:26Z</time><extensions><speed>0.100588</speed><course>274.422635</course><hAcc>1.706442</hAcc><vAcc>0.863155</vAcc></extensions></trkpt>
      <trkpt lon="-117.164062" lat="32.895167"><ele>91.888100</ele><time>2024-08-20T01:41:27Z</time><extensions><speed>0.086205</speed><course>277.987100</course><hAcc>1.707591</hAcc><vAcc>0.863354</vAcc></extensions></trkpt>
      <trkpt lon="-117.164062" lat="32.895167"><ele>91.895558</ele><time>2024-08-20T01:41:28Z</time><extensions><speed>0.067849</speed><course>295.670953</course><hAcc>1.720949</hAcc><vAcc>0.864953</vAcc></extensions></trkpt>
      <trkpt lon="-117.164063" lat="32.895168"><ele>91.905182</ele><time>2024-08-20T01:41:29Z</time><extensions><speed>0.058198</speed><course>317.205278</course><hAcc>1.736907</hAcc><vAcc>0.867969</vAcc></extensions></trkpt>
      <trkpt lon="-117.164063" lat="32.895168"><ele>91.908074</ele><time>2024-08-20T01:41:30Z</time><extensions><speed>0.058349</speed><course>335.816770</course><hAcc>1.754729</hAcc><vAcc>0.872177</vAcc></extensions></trkpt>
      <trkpt lon="-117.164063" lat="32.895169"><ele>91.914882</ele><time>2024-08-20T01:41:31Z</time><extensions><speed>0.063012</speed><course>347.580524</course><hAcc>1.772375</hAcc><vAcc>0.877958</vAcc></extensions></trkpt>
      <trkpt lon="-117.164064" lat="32.895169"><ele>91.922573</ele><time>2024-08-20T01:41:32Z</time><extensions><speed>0.062059</speed><course>348.157759</course><hAcc>1.772325</hAcc><vAcc>0.885474</vAcc></extensions></trkpt>
      <trkpt lon="-117.164064" lat="32.895170"><ele>91.935162</ele><time>2024-08-20T01:41:33Z</time><extensions><speed>0.102100</speed><course>359.670168</course><hAcc>1.786218</hAcc><vAcc>0.894309</vAcc></extensions></trkpt>
      <trkpt lon="-117.164064" lat="32.895171"><ele>91.949219</ele><time>2024-08-20T01:41:34Z</time><extensions><speed>0.123889</speed><course>1.807109</course><hAcc>1.805409</hAcc><vAcc>0.904519</vAcc></extensions></trkpt>
      <trkpt lon="-117.164064" lat="32.895172"><ele>91.963954</ele><time>2024-08-20T01:41:35Z</time><extensions><speed>0.119094</speed><course>0.590215</course><hAcc>1.821351</hAcc><vAcc>0.916686</vAcc></extensions></trkpt>
      <trkpt lon="-117.164064" lat="32.895173"><ele>91.979049</ele><time>2024-08-20T01:41:36Z</time><extensions><speed>0.106029</speed><course>0.383012</course><hAcc>1.836944</hAcc><vAcc>0.929954</vAcc></extensions></trkpt>
      <trkpt lon="-117.164064" lat="32.895174"><ele>91.996885</ele><time>2024-08-20T01:41:37Z</time><extensions><speed>0.126870</speed><course>5.234930</course><hAcc>1.854857</hAcc><vAcc>0.943560</vAcc></extensions></trkpt>
      <trkpt lon="-117.164063" lat="32.895176"><ele>92.006695</ele><time>2024-08-20T01:41:38Z</time><extensions><speed>0.127081</speed><course>5.947787</course><hAcc>1.864540</hAcc><vAcc>0.957696</vAcc></extensions></trkpt>
      <trkpt lon="-117.164063" lat="32.895177"><ele>92.015270</ele><time>2024-08-20T01:41:39Z</time><extensions><speed>0.115235</speed><course>3.729677</course><hAcc>1.866725</hAcc><vAcc>0.972079</vAcc></extensions></trkpt>
      <trkpt lon="-117.164063" lat="32.895178"><ele>92.022494</ele><time>2024-08-20T01:41:40Z</time><extensions><speed>0.086712</speed><course>354.333380</course><hAcc>1.867887</hAcc><vAcc>0.986229</vAcc></extensions></trkpt>
      <trkpt lon="-117.164064" lat="32.895178"><ele>92.028492</ele><time>2024-08-20T01:41:41Z</time><extensions><speed>0.056197</speed><course>327.145455</course><hAcc>1.879980</hAcc><vAcc>1.000171</vAcc></extensions></trkpt>
      <trkpt lon="-117.164064" lat="32.895178"><ele>92.033235</ele><time>2024-08-20T01:41:42Z</time><extensions><speed>0.049943</speed><course>308.588794</course><hAcc>1.906703</hAcc><vAcc>1.013446</vAcc></extensions></trkpt>
      <trkpt lon="-117.164064" lat="32.895179"><ele>92.023863</ele><time>2024-08-20T01:41:43Z</time><extensions><speed>0.053093</speed><course>286.079751</course><hAcc>1.912778</hAcc><vAcc>1.025740</vAcc></extensions></trkpt>
      <trkpt lon="-117.164065" lat="32.895179"><ele>92.009870</ele><time>2024-08-20T01:41:44Z</time><extensions><speed>0.049911</speed><course>299.195555</course><hAcc>1.931010</hAcc><vAcc>1.037587</vAcc></extensions></trkpt>
      <trkpt lon="-117.164065" lat="32.895179"><ele>91.993216</ele><time>2024-08-20T01:41:45Z</time><extensions><speed>0.044819</speed><course>306.272178</course><hAcc>1.954981</hAcc><vAcc>1.047750</vAcc></extensions></trkpt>
      <trkpt lon="-117.164066" lat="32.895180"><ele>91.974429</ele><time>2024-08-20T01:41:46Z</time><extensions><speed>0.040359</speed><course>311.512030</course><hAcc>1.976552</hAcc><vAcc>1.056496</vAcc></extensions></trkpt>
      <trkpt lon="-117.164066" lat="32.895180"><ele>91.954355</ele><time>2024-08-20T01:41:47Z</time><extensions><speed>0.036751</speed><course>317.405757</course><hAcc>2.004113</hAcc><vAcc>1.064928</vAcc></extensions></trkpt>
      <trkpt lon="-117.164066" lat="32.895180"><ele>91.932948</ele><time>2024-08-20T01:41:48Z</time><extensions><speed>0.031691</speed><course>326.128322</course><hAcc>2.040738</hAcc><vAcc>1.073039</vAcc></extensions></trkpt>
      <trkpt lon="-117.164066" lat="32.895180"><ele>91.909956</ele><time>2024-08-20T01:41:49Z</time><extensions><speed>0.038802</speed><course>335.538623</course><hAcc>2.043719</hAcc><vAcc>1.079766</vAcc></extensions></trkpt>
      <trkpt lon="-117.164067" lat="32.895181"><ele>91.886015</ele><time>2024-08-20T01:41:50Z</time><extensions><speed>0.053293</speed><course>341.818595</course><hAcc>2.032943</hAcc><vAcc>1.086179</vAcc></extensions></trkpt>
      <trkpt lon="-117.164067" lat="32.895181"><ele>91.861158</ele><time>2024-08-20T01:41:51Z</time><extensions><speed>0.065264</speed><course>345.764725</course><hAcc>2.036481</hAcc><vAcc>1.091270</vAcc></extensions></trkpt>
      <trkpt lon="-117.164067" lat="32.895182"><ele>91.835874</ele><time>2024-08-20T01:41:52Z</time><extensions><speed>0.072588</speed><course>348.492972</course><hAcc>2.046838</hAcc><vAcc>1.095637</vAcc></extensions></trkpt>
      <trkpt lon="-117.164067" lat="32.895183"><ele>91.810539</ele><time>2024-08-20T01:41:53Z</time><extensions><speed>0.067308</speed><course>350.795288</course><hAcc>2.054179</hAcc><vAcc>1.099062</vAcc></extensions></trkpt>
      <trkpt lon="-117.164067" lat="32.895183"><ele>91.785608</ele><time>2024-08-20T01:41:54Z</time><extensions><speed>0.053977</speed><course>353.160870</course><hAcc>2.057749</hAcc><vAcc>1.101851</vAcc></extensions></trkpt>
      <trkpt lon="-117.164067" lat="32.895184"><ele>91.761464</ele><time>2024-08-20T01:41:55Z</time><extensions><speed>0.045981</speed><course>356.970659</course><hAcc>2.062286</hAcc><vAcc>1.103134</vAcc></extensions></trkpt>
      <trkpt lon="-117.164067" lat="32.895184"><ele>91.738420</ele><time>2024-08-20T01:41:56Z</time><extensions><speed>0.036628</speed><course>359.017718</course><hAcc>2.065917</hAcc><vAcc>1.103600</vAcc></extensions></trkpt>
      <trkpt lon="-117.164067" lat="32.895184"><ele>91.717633</ele><time>2024-08-20T01:41:57Z</time><extensions><speed>0.030957</speed><course>14.954519</course><hAcc>2.068830</hAcc><vAcc>1.103870</vAcc></extensions></trkpt>
      <trkpt lon="-117.164067" lat="32.895185"><ele>91.698140</ele><time>2024-08-20T01:41:58Z</time><extensions><speed>0.030548</speed><course>34.122814</course><hAcc>2.068751</hAcc><vAcc>1.104139</vAcc></extensions></trkpt>
      <trkpt lon="-117.164066" lat="32.895185"><ele>91.680119</ele><time>2024-08-20T01:41:59Z</time><extensions><speed>0.034664</speed><course>49.988803</course><hAcc>2.065915</hAcc><vAcc>1.104773</vAcc></extensions></trkpt>
      <trkpt lon="-117.164066" lat="32.895185"><ele>91.654477</ele><time>2024-08-20T01:42:00Z</time><extensions><speed>0.039914</speed><course>61.204100</course><hAcc>2.063128</hAcc><vAcc>1.105110</vAcc></extensions></trkpt>
      <trkpt lon="-117.164065" lat="32.895185"><ele>91.616773</ele><time>2024-08-20T01:42:01Z</time><extensions><speed>0.049579</speed><course>66.798964</course><hAcc>2.060148</hAcc><vAcc>1.104710</vAcc></extensions></trkpt>
      <trkpt lon="-117.164065" lat="32.895185"><ele>91.577522</ele><time>2024-08-20T01:42:02Z</time><extensions><speed>0.057798</speed><course>69.886665</course><hAcc>2.063675</hAcc><vAcc>1.105161</vAcc></extensions></trkpt>
      <trkpt lon="-117.164064" lat="32.895186"><ele>91.541947</ele><time>2024-08-20T01:42:03Z</time><extensions><speed>0.072817</speed><course>71.677549</course><hAcc>2.062749</hAcc><vAcc>1.103035</vAcc></extensions></trkpt>
      <trkpt lon="-117.164063" lat="32.895186"><ele>91.505720</ele><time>2024-08-20T01:42:04Z</time><extensions><speed>0.092038</speed><course>73.271381</course><hAcc>2.054762</hAcc><vAcc>1.102745</vAcc></extensions></trkpt>
      <trkpt lon="-117.164062" lat="32.895186"><ele>91.469645</ele><time>2024-08-20T01:42:05Z</time><extensions><speed>0.138038</speed><course>74.263980</course><hAcc>2.021810</hAcc><vAcc>1.102379</vAcc></extensions></trkpt>
      <trkpt lon="-117.164060" lat="32.895187"><ele>91.435167</ele><time>2024-08-20T01:42:06Z</time><extensions><speed>0.163954</speed><course>74.961254</course><hAcc>2.008345</hAcc><vAcc>1.102023</vAcc></extensions></trkpt>
      <trkpt lon="-117.164059" lat="32.895187"><ele>91.400874</ele><time>2024-08-20T01:42:07Z</time><extensions><speed>0.154921</speed><course>76.549183</course><hAcc>2.017500</hAcc><vAcc>1.100989</vAcc></extensions></trkpt>
      <trkpt lon="-117.164057" lat="32.895187"><ele>91.378814</ele><time>2024-08-20T01:42:08Z</time><extensions><speed>0.133265</speed><course>75.620413</course><hAcc>2.027657</hAcc><vAcc>1.099339</vAcc></extensions></trkpt>
      <trkpt lon="-117.164056" lat="32.895187"><ele>91.359034</ele><time>2024-08-20T01:42:09Z</time><extensions><speed>0.105891</speed><course>78.474100</course><hAcc>2.029104</hAcc><vAcc>1.098013</vAcc></extensions></trkpt>
      <trkpt lon="-117.164055" lat="32.895188"><ele>91.339810</ele><time>2024-08-20T01:42:10Z</time><extensions><speed>0.090739</speed><course>90.309562</course><hAcc>2.008957</hAcc><vAcc>1.098404</vAcc></extensions></trkpt>
      <trkpt lon="-117.164054" lat="32.895187"><ele>91.323336</ele><time>2024-08-20T01:42:11Z</time><extensions><speed>0.069998</speed><course>107.329050</course><hAcc>1.996377</hAcc><vAcc>1.097139</vAcc></extensions></trkpt>
      <trkpt lon="-117.164053" lat="32.895187"><ele>91.309004</ele><time>2024-08-20T01:42:12Z</time><extensions><speed>0.053291</speed><course>137.589377</course><hAcc>1.987797</hAcc><vAcc>1.095673</vAcc></extensions></trkpt>
      <trkpt lon="-117.164053" lat="32.895187"><ele>91.297060</ele><time>2024-08-20T01:42:13Z</time><extensions><speed>0.059976</speed><course>172.987916</course><hAcc>1.979682</hAcc><vAcc>1.093948</vAcc></extensions></trkpt>
      <trkpt lon="-117.164053" lat="32.895186"><ele>91.276812</ele><time>2024-08-20T01:42:14Z</time><extensions><speed>0.024469</speed><course>151.992415</course><hAcc>1.984145</hAcc><vAcc>1.091963</vAcc></extensions></trkpt>
      <trkpt lon="-117.164053" lat="32.895186"><ele>91.258486</ele><time>2024-08-20T01:42:15Z</time><extensions><speed>0.012165</speed><course>152.566210</course><hAcc>1.984521</hAcc><vAcc>1.089349</vAcc></extensions></trkpt>
      <trkpt lon="-117.164053" lat="32.895186"><ele>91.242106</ele><time>2024-08-20T01:42:16Z</time><extensions><speed>0.017756</speed><course>189.198174</course><hAcc>1.973023</hAcc><vAcc>1.086404</vAcc></extensions></trkpt>
      <trkpt lon="-117.164053" lat="32.895186"><ele>91.227449</ele><time>2024-08-20T01:42:17Z</time><extensions><speed>0.040033</speed><course>198.916665</course><hAcc>1.951879</hAcc><vAcc>1.082966</vAcc></extensions></trkpt>
      <trkpt lon="-117.164053" lat="32.895186"><ele>91.214248</ele><time>2024-08-20T01:42:18Z</time><extensions><speed>0.077283</speed><course>201.308581</course><hAcc>1.928313</hAcc><vAcc>1.079052</vAcc></extensions></trkpt>
      <trkpt lon="-117.164053" lat="32.895185"><ele>91.202164</ele><time>2024-08-20T01:42:19Z</time><extensions><speed>0.019602</speed><course>167.857013</course><hAcc>1.929342</hAcc><vAcc>1.074426</vAcc></extensions></trkpt>
      <trkpt lon="-117.164053" lat="32.895185"><ele>91.190987</ele><time>2024-08-20T01:42:20Z</time><extensions><speed>0.025518</speed><course>70.052720</course><hAcc>1.929234</hAcc><vAcc>1.070321</vAcc></extensions></trkpt>
      <trkpt lon="-117.164053" lat="32.895185"><ele>91.180415</ele><time>2024-08-20T01:42:21Z</time><extensions><speed>0.043638</speed><course>55.606476</course><hAcc>1.939830</hAcc><vAcc>1.065914</vAcc></extensions></trkpt>
      <trkpt lon="-117.164052" lat="32.895186"><ele>91.170300</ele><time>2024-08-20T01:42:22Z</time><extensions><speed>0.064979</speed><course>52.507072</course><hAcc>1.941508</hAcc><vAcc>1.061300</vAcc></extensions></trkpt>
      <trkpt lon="-117.164051" lat="32.895186"><ele>91.160572</ele><time>2024-08-20T01:42:23Z</time><extensions><speed>0.078944</speed><course>51.857183</course><hAcc>1.946324</hAcc><vAcc>1.055942</vAcc></extensions></trkpt>
      <trkpt lon="-117.164051" lat="32.895186"><ele>91.151252</ele><time>2024-08-20T01:42:24Z</time><extensions><speed>0.095141</speed><course>52.351568</course><hAcc>1.931444</hAcc><vAcc>1.050167</vAcc></extensions></trkpt>
      <trkpt lon="-117.164050" lat="32.895187"><ele>91.142414</ele><time>2024-08-20T01:42:25Z</time><extensions><speed>0.091661</speed><course>51.312026</course><hAcc>1.932299</hAcc><vAcc>1.044011</vAcc></extensions></trkpt>
      <trkpt lon="-117.164049" lat="32.895187"><ele>91.134143</ele><time>2024-08-20T01:42:26Z</time><extensions><speed>0.076320</speed><course>50.838044</course><hAcc>1.942696</hAcc><vAcc>1.037294</vAcc></extensions></trkpt>
      <trkpt lon="-117.164049" lat="32.895188"><ele>91.126453</ele><time>2024-08-20T01:42:27Z</time><extensions><speed>0.059168</speed><course>50.572038</course><hAcc>1.948840</hAcc><vAcc>1.030876</vAcc></extensions></trkpt>
      <trkpt lon="-117.164048" lat="32.895188"><ele>91.119383</ele><time>2024-08-20T01:42:28Z</time><extensions><speed>0.044383</speed><course>50.407252</course><hAcc>1.947012</hAcc><vAcc>1.024622</vAcc></extensions></trkpt>
      <trkpt lon="-117.164048" lat="32.895188"><ele>91.112931</ele><time>2024-08-20T01:42:29Z</time><extensions><speed>0.032276</speed><course>50.300250</course><hAcc>1.942699</hAcc><vAcc>1.018937</vAcc></extensions></trkpt>
      <trkpt lon="-117.164048" lat="32.895189"><ele>91.107096</ele><time>2024-08-20T01:42:30Z</time><extensions><speed>0.022259</speed><course>50.226878</course><hAcc>1.939861</hAcc><vAcc>1.013906</vAcc></extensions></trkpt>
      <trkpt lon="-117.164048" lat="32.895189"><ele>91.101864</ele><time>2024-08-20T01:42:31Z</time><extensions><speed>0.015819</speed><course>50.174915</course><hAcc>1.927936</hAcc><vAcc>1.009762</vAcc></extensions></trkpt>
      <trkpt lon="-117.164047" lat="32.895189"><ele>91.097218</ele><time>2024-08-20T01:42:32Z</time><extensions><speed>0.011616</speed><course>50.140204</course><hAcc>1.910743</hAcc><vAcc>1.006589</vAcc></extensions></trkpt>
      <trkpt lon="-117.164047" lat="32.895189"><ele>91.093160</ele><time>2024-08-20T01:42:33Z</time><extensions><speed>0.008116</speed><course>50.117676</course><hAcc>1.904423</hAcc><vAcc>1.003967</vAcc></extensions></trkpt>
      <trkpt lon="-117.164047" lat="32.895189"><ele>91.089639</ele><time>2024-08-20T01:42:34Z</time><extensions><speed>0.005421</speed><course>50.102422</course><hAcc>1.909433</hAcc><vAcc>1.002308</vAcc></extensions></trkpt>
      <trkpt lon="-117.164047" lat="32.895189"><ele>91.086605</ele><time>2024-08-20T01:42:35Z</time><extensions><speed>0.003650</speed><course>50.091729</course><hAcc>1.911082</hAcc><vAcc>1.002067</vAcc></extensions></trkpt>
      <trkpt lon="-117.164047" lat="32.895189"><ele>91.084046</ele><time>2024-08-20T01:42:36Z</time><extensions><speed>0.003149</speed><course>50.085073</course><hAcc>1.890358</hAcc><vAcc>1.002642</vAcc></extensions></trkpt>
      <trkpt lon="-117.164047" lat="32.895189"><ele>91.081906</ele><time>2024-08-20T01:42:37Z</time><extensions><speed>0.002476</speed><course>50.081531</course><hAcc>1.891198</hAcc><vAcc>1.004388</vAcc></extensions></trkpt>
      <trkpt lon="-117.164047" lat="32.895189"><ele>91.080148</ele><time>2024-08-20T01:42:38Z</time><extensions><speed>0.001847</speed><course>50.079348</course><hAcc>1.909956</hAcc><vAcc>1.007043</vAcc></extensions></trkpt>
      <trkpt lon="-117.164047" lat="32.895189"><ele>91.078722</ele><time>2024-08-20T01:42:39Z</time><extensions><speed>0.001337</speed><course>50.077880</course><hAcc>1.932421</hAcc><vAcc>1.010679</vAcc></extensions></trkpt>
      <trkpt lon="-117.164047" lat="32.895189"><ele>91.035344</ele><time>2024-08-20T01:42:40Z</time><extensions><speed>0.010260</speed><course>202.111444</course><hAcc>1.952505</hAcc><vAcc>1.014745</vAcc></extensions></trkpt>
      <trkpt lon="-117.164047" lat="32.895188"><ele>90.991120</ele><time>2024-08-20T01:42:41Z</time><extensions><speed>0.024022</speed><course>202.390738</course><hAcc>1.967053</hAcc><vAcc>1.018510</vAcc></extensions></trkpt>
      <trkpt lon="-117.164048" lat="32.895188"><ele>90.939765</ele><time>2024-08-20T01:42:42Z</time><extensions><speed>0.040260</speed><course>201.253710</course><hAcc>1.975450</hAcc><vAcc>1.019646</vAcc></extensions></trkpt>
      <trkpt lon="-117.164048" lat="32.895187"><ele>90.883844</ele><time>2024-08-20T01:42:43Z</time><extensions><speed>0.057254</speed><course>199.606321</course><hAcc>1.980251</hAcc><vAcc>1.018860</vAcc></extensions></trkpt>
      <trkpt lon="-117.164048" lat="32.895187"><ele>90.839118</ele><time>2024-08-20T01:42:44Z</time><extensions><speed>0.075946</speed><course>198.457887</course><hAcc>1.981425</hAcc><vAcc>1.018651</vAcc></extensions></trkpt>
      <trkpt lon="-117.164048" lat="32.895186"><ele>90.792946</ele><time>2024-08-20T01:42:45Z</time><extensions><speed>0.097097</speed><course>197.891887</course><hAcc>1.982140</hAcc><vAcc>1.017327</vAcc></extensions></trkpt>
      <trkpt lon="-117.164049" lat="32.895185"><ele>90.745565</ele><time>2024-08-20T01:42:46Z</time><extensions><speed>0.116086</speed><course>197.590429</course><hAcc>1.989314</hAcc><vAcc>1.015024</vAcc></extensions></trkpt>
      <trkpt lon="-117.164049" lat="32.895184"><ele>90.697226</ele><time>2024-08-20T01:42:47Z</time><extensions><speed>0.147614</speed><course>197.411685</course><hAcc>1.996101</hAcc><vAcc>1.011869</vAcc></extensions></trkpt>
      <trkpt lon="-117.164050" lat="32.895182"><ele>90.648338</ele><time>2024-08-20T01:42:48Z</time><extensions><speed>0.170379</speed><course>197.252181</course><hAcc>2.017574</hAcc><vAcc>1.007301</vAcc></extensions></trkpt>
      <trkpt lon="-117.164050" lat="32.895181"><ele>90.599643</ele><time>2024-08-20T01:42:49Z</time><extensions><speed>0.225361</speed><course>197.036148</course><hAcc>2.022870</hAcc><vAcc>1.000785</vAcc></extensions></trkpt>
      <trkpt lon="-117.164051" lat="32.895178"><ele>90.552086</ele><time>2024-08-20T01:42:50Z</time><extensions><speed>0.328873</speed><course>196.711396</course><hAcc>2.002277</hAcc><vAcc>0.992154</vAcc></extensions></trkpt>
      <trkpt lon="-117.164052" lat="32.895175"><ele>90.506658</ele><time>2024-08-20T01:42:51Z</time><extensions><speed>0.370466</speed><course>195.922123</course><hAcc>1.994217</hAcc><vAcc>0.981392</vAcc></extensions></trkpt>
      <trkpt lon="-117.164053" lat="32.895172"><ele>90.509990</ele><time>2024-08-20T01:42:52Z</time><extensions><speed>0.319152</speed><course>193.098232</course><hAcc>1.997025</hAcc><vAcc>0.969496</vAcc></extensions></trkpt>
      <trkpt lon="-117.164054" lat="32.895170"><ele>90.525317</ele><time>2024-08-20T01:42:53Z</time><extensions><speed>0.247095</speed><course>189.992206</course><hAcc>1.996775</hAcc><vAcc>0.957551</vAcc></extensions></trkpt>
      <trkpt lon="-117.164054" lat="32.895168"><ele>90.562053</ele><time>2024-08-20T01:42:54Z</time><extensions><speed>0.170729</speed><course>186.691625</course><hAcc>1.988928</hAcc><vAcc>0.944877</vAcc></extensions></trkpt>
      <trkpt lon="-117.164054" lat="32.895167"><ele>90.644127</ele><time>2024-08-20T01:42:55Z</time><extensions><speed>0.087457</speed><course>176.108577</course><hAcc>1.975830</hAcc><vAcc>0.932173</vAcc></extensions></trkpt>
      <trkpt lon="-117.164054" lat="32.895167"><ele>90.715607</ele><time>2024-08-20T01:42:56Z</time><extensions><speed>0.035990</speed><course>150.695845</course><hAcc>1.959761</hAcc><vAcc>0.919460</vAcc></extensions></trkpt>
      <trkpt lon="-117.164054" lat="32.895166"><ele>90.791708</ele><time>2024-08-20T01:42:57Z</time><extensions><speed>0.027613</speed><course>70.928118</course><hAcc>1.944618</hAcc><vAcc>0.907379</vAcc></extensions></trkpt>
      <trkpt lon="-117.164053" lat="32.895167"><ele>90.874927</ele><time>2024-08-20T01:42:58Z</time><extensions><speed>0.052853</speed><course>38.709482</course><hAcc>1.931387</hAcc><vAcc>0.895454</vAcc></extensions></trkpt>
      <trkpt lon="-117.164053" lat="32.895167"><ele>90.971699</ele><time>2024-08-20T01:42:59Z</time><extensions><speed>0.082395</speed><course>28.443749</course><hAcc>1.920116</hAcc><vAcc>0.884247</vAcc></extensions></trkpt>
      <trkpt lon="-117.164052" lat="32.895168"><ele>91.077123</ele><time>2024-08-20T01:43:00Z</time><extensions><speed>0.113944</speed><course>22.552284</course><hAcc>1.910559</hAcc><vAcc>0.874950</vAcc></extensions></trkpt>
      <trkpt lon="-117.164052" lat="32.895169"><ele>91.190166</ele><time>2024-08-20T01:43:01Z</time><extensions><speed>0.152134</speed><course>17.250084</course><hAcc>1.893221</hAcc><vAcc>0.867290</vAcc></extensions></trkpt>
      <trkpt lon="-117.164051" lat="32.895171"><ele>91.308217</ele><time>2024-08-20T01:43:02Z</time><extensions><speed>0.212345</speed><course>10.604160</course><hAcc>1.853064</hAcc><vAcc>0.861872</vAcc></extensions></trkpt>
      <trkpt lon="-117.164051" lat="32.895173"><ele>91.428212</ele><time>2024-08-20T01:43:03Z</time><extensions><speed>0.264490</speed><course>3.008734</course><hAcc>1.820040</hAcc><vAcc>0.858862</vAcc></extensions></trkpt>
      <trkpt lon="-117.164051" lat="32.895176"><ele>91.546557</ele><time>2024-08-20T01:43:04Z</time><extensions><speed>0.314980</speed><course>354.434842</course><hAcc>1.802940</hAcc><vAcc>0.857522</vAcc></extensions></trkpt>
      <trkpt lon="-117.164052" lat="32.895179"><ele>91.660290</ele><time>2024-08-20T01:43:05Z</time><extensions><speed>0.394924</speed><course>343.540257</course><hAcc>1.795870</hAcc><vAcc>0.857714</vAcc></extensions></trkpt>
      <trkpt lon="-117.164052" lat="32.895182"><ele>91.767351</ele><time>2024-08-20T01:43:06Z</time><extensions><speed>0.247769</speed><course>2.806451</course><hAcc>1.772025</hAcc><vAcc>0.859408</vAcc></extensions></trkpt>
      <trkpt lon="-117.164052" lat="32.895184"><ele>91.866429</ele><time>2024-08-20T01:43:07Z</time><extensions><speed>0.183511</speed><course>20.507587</course><hAcc>1.736717</hAcc><vAcc>0.862220</vAcc></extensions></trkpt>
      <trkpt lon="-117.164051" lat="32.895185"><ele>91.956755</ele><time>2024-08-20T01:43:08Z</time><extensions><speed>0.152684</speed><course>25.970222</course><hAcc>1.709550</hAcc><vAcc>0.865424</vAcc></extensions></trkpt>
      <trkpt lon="-117.164051" lat="32.895186"><ele>92.026558</ele><time>2024-08-20T01:43:09Z</time><extensions><speed>0.105990</speed><course>26.080972</course><hAcc>1.703016</hAcc><vAcc>0.868533</vAcc></extensions></trkpt>
      <trkpt lon="-117.164050" lat="32.895187"><ele>92.086046</ele><time>2024-08-20T01:43:10Z</time><extensions><speed>0.080595</speed><course>24.170962</course><hAcc>1.684840</hAcc><vAcc>0.871446</vAcc></extensions></trkpt>
      <trkpt lon="-117.164050" lat="32.895187"><ele>92.140410</ele><time>2024-08-20T01:43:11Z</time><extensions><speed>0.058268</speed><course>22.188073</course><hAcc>1.670955</hAcc><vAcc>0.873562</vAcc></extensions></trkpt>
      <trkpt lon="-117.164050" lat="32.895188"><ele>92.185806</ele><time>2024-08-20T01:43:12Z</time><extensions><speed>0.045155</speed><course>19.428174</course><hAcc>1.652277</hAcc><vAcc>0.874481</vAcc></extensions></trkpt>
      <trkpt lon="-117.164050" lat="32.895188"><ele>92.223030</ele><time>2024-08-20T01:43:13Z</time><extensions><speed>0.041042</speed><course>15.452655</course><hAcc>1.623919</hAcc><vAcc>0.874339</vAcc></extensions></trkpt>
      <trkpt lon="-117.164050" lat="32.895189"><ele>92.262624</ele><time>2024-08-20T01:43:14Z</time><extensions><speed>0.035409</speed><course>10.440662</course><hAcc>1.622866</hAcc><vAcc>0.873311</vAcc></extensions></trkpt>
      <trkpt lon="-117.164049" lat="32.895189"><ele>92.303650</ele><time>2024-08-20T01:43:15Z</time><extensions><speed>0.028172</speed><course>2.564173</course><hAcc>1.643482</hAcc><vAcc>0.871087</vAcc></extensions></trkpt>
      <trkpt lon="-117.164049" lat="32.895189"><ele>92.335098</ele><time>2024-08-20T01:43:16Z</time><extensions><speed>0.035805</speed><course>354.730847</course><hAcc>1.625813</hAcc><vAcc>0.868102</vAcc></extensions></trkpt>
      <trkpt lon="-117.164050" lat="32.895189"><ele>92.360215</ele><time>2024-08-20T01:43:17Z</time><extensions><speed>0.042483</speed><course>349.245922</course><hAcc>1.618342</hAcc><vAcc>0.865466</vAcc></extensions></trkpt>
      <trkpt lon="-117.164050" lat="32.895190"><ele>92.383950</ele><time>2024-08-20T01:43:18Z</time><extensions><speed>0.048198</speed><course>345.594022</course><hAcc>1.620200</hAcc><vAcc>0.863135</vAcc></extensions></trkpt>
      <trkpt lon="-117.164050" lat="32.895190"><ele>92.400775</ele><time>2024-08-20T01:43:19Z</time><extensions><speed>0.047917</speed><course>343.351536</course><hAcc>1.622993</hAcc><vAcc>0.861323</vAcc></extensions></trkpt>
      <trkpt lon="-117.164050" lat="32.895191"><ele>92.414150</ele><time>2024-08-20T01:43:20Z</time><extensions><speed>0.039977</speed><course>340.558996</course><hAcc>1.626770</hAcc><vAcc>0.860833</vAcc></extensions></trkpt>
      <trkpt lon="-117.164050" lat="32.895191"><ele>92.422329</ele><time>2024-08-20T01:43:21Z</time><extensions><speed>0.031115</speed><course>336.857618</course><hAcc>1.633713</hAcc><vAcc>0.862287</vAcc></extensions></trkpt>
      <trkpt lon="-117.164050" lat="32.895191"><ele>92.428550</ele><time>2024-08-20T01:43:22Z</time><extensions><speed>0.022661</speed><course>330.213268</course><hAcc>1.644504</hAcc><vAcc>0.866113</vAcc></extensions></trkpt>
      <trkpt lon="-117.164050" lat="32.895191"><ele>92.436571</ele><time>2024-08-20T01:43:23Z</time><extensions><speed>0.018154</speed><course>309.873719</course><hAcc>1.650584</hAcc><vAcc>0.872459</vAcc></extensions></trkpt>
      <trkpt lon="-117.164051" lat="32.895191"><ele>92.436793</ele><time>2024-08-20T01:43:24Z</time><extensions><speed>0.026367</speed><course>279.773657</course><hAcc>1.642715</hAcc><vAcc>0.880595</vAcc></extensions></trkpt>
      <trkpt lon="-117.164051" lat="32.895191"><ele>92.429227</ele><time>2024-08-20T01:43:25Z</time><extensions><speed>0.033988</speed><course>236.039050</course><hAcc>1.664355</hAcc><vAcc>0.890202</vAcc></extensions></trkpt>
      <trkpt lon="-117.164051" lat="32.895191"><ele>92.412018</ele><time>2024-08-20T01:43:26Z</time><extensions><speed>0.061383</speed><course>192.953951</course><hAcc>1.690708</hAcc><vAcc>0.901365</vAcc></extensions></trkpt>
      <trkpt lon="-117.164051" lat="32.895190"><ele>92.388880</ele><time>2024-08-20T01:43:27Z</time><extensions><speed>0.063714</speed><course>185.434480</course><hAcc>1.699292</hAcc><vAcc>0.913498</vAcc></extensions></trkpt>
      <trkpt lon="-117.164051" lat="32.895190"><ele>92.369586</ele><time>2024-08-20T01:43:28Z</time><extensions><speed>0.040753</speed><course>181.129911</course><hAcc>1.699039</hAcc><vAcc>0.925045</vAcc></extensions></trkpt>
      <trkpt lon="-117.164051" lat="32.895190"><ele>92.346898</ele><time>2024-08-20T01:43:29Z</time><extensions><speed>0.034201</speed><course>156.413554</course><hAcc>1.722710</hAcc><vAcc>0.935589</vAcc></extensions></trkpt>
      <trkpt lon="-117.164051" lat="32.895189"><ele>92.322346</ele><time>2024-08-20T01:43:30Z</time><extensions><speed>0.034145</speed><course>129.449875</course><hAcc>1.763654</hAcc><vAcc>0.945395</vAcc></extensions></trkpt>
      <trkpt lon="-117.164050" lat="32.895189"><ele>92.296374</ele><time>2024-08-20T01:43:31Z</time><extensions><speed>0.040988</speed><course>102.804130</course><hAcc>1.775743</hAcc><vAcc>0.953529</vAcc></extensions></trkpt>
      <trkpt lon="-117.164050" lat="32.895189"><ele>92.269540</ele><time>2024-08-20T01:43:32Z</time><extensions><speed>0.048714</speed><course>79.914346</course><hAcc>1.789603</hAcc><vAcc>0.959467</vAcc></extensions></trkpt>
      <trkpt lon="-117.164049" lat="32.895189"><ele>92.242360</ele><time>2024-08-20T01:43:33Z</time><extensions><speed>0.061158</speed><course>54.945042</course><hAcc>1.805866</hAcc><vAcc>0.964153</vAcc></extensions></trkpt>
      <trkpt lon="-117.164049" lat="32.895190"><ele>92.215261</ele><time>2024-08-20T01:43:34Z</time><extensions><speed>0.059388</speed><course>57.032056</course><hAcc>1.836934</hAcc><vAcc>0.966772</vAcc></extensions></trkpt>
      <trkpt lon="-117.164048" lat="32.895190"><ele>92.188763</ele><time>2024-08-20T01:43:35Z</time><extensions><speed>0.052992</speed><course>56.923839</course><hAcc>1.862375</hAcc><vAcc>0.967037</vAcc></extensions></trkpt>
      <trkpt lon="-117.164048" lat="32.895190"><ele>92.163294</ele><time>2024-08-20T01:43:36Z</time><extensions><speed>0.051614</speed><course>57.357640</course><hAcc>1.862268</hAcc><vAcc>0.965658</vAcc></extensions></trkpt>
      <trkpt lon="-117.164047" lat="32.895190"><ele>92.139294</ele><time>2024-08-20T01:43:37Z</time><extensions><speed>0.049613</speed><course>55.750802</course><hAcc>1.857175</hAcc><vAcc>0.962656</vAcc></extensions></trkpt>
      <trkpt lon="-117.164047" lat="32.895191"><ele>92.117108</ele><time>2024-08-20T01:43:38Z</time><extensions><speed>0.044215</speed><course>55.973295</course><hAcc>1.856706</hAcc><vAcc>0.957873</vAcc></extensions></trkpt>
      <trkpt lon="-117.164047" lat="32.895191"><ele>92.096844</ele><time>2024-08-20T01:43:39Z</time><extensions><speed>0.033483</speed><course>77.819767</course><hAcc>1.862230</hAcc><vAcc>0.951701</vAcc></extensions></trkpt>
      <trkpt lon="-117.164046" lat="32.895191"><ele>92.078536</ele><time>2024-08-20T01:43:40Z</time><extensions><speed>0.026555</speed><course>90.345305</course><hAcc>1.859121</hAcc><vAcc>0.944486</vAcc></extensions></trkpt>
      <trkpt lon="-117.164046" lat="32.895191"><ele>92.062204</ele><time>2024-08-20T01:43:41Z</time><extensions><speed>0.020462</speed><course>97.427310</course><hAcc>1.846243</hAcc><vAcc>0.936335</vAcc></extensions></trkpt>
      <trkpt lon="-117.164046" lat="32.895191"><ele>92.047616</ele><time>2024-08-20T01:43:42Z</time><extensions><speed>0.015637</speed><course>101.605021</course><hAcc>1.825168</hAcc><vAcc>0.928456</vAcc></extensions></trkpt>
      <trkpt lon="-117.164046" lat="32.895191"><ele>92.034807</ele><time>2024-08-20T01:43:43Z</time><extensions><speed>0.011234</speed><course>104.174246</course><hAcc>1.806387</hAcc><vAcc>0.920666</vAcc></extensions></trkpt>
      <trkpt lon="-117.164046" lat="32.895191"><ele>92.023674</ele><time>2024-08-20T01:43:44Z</time><extensions><speed>0.007833</speed><course>105.861123</course><hAcc>1.788293</hAcc><vAcc>0.913202</vAcc></extensions></trkpt>
      <trkpt lon="-117.164046" lat="32.895191"><ele>92.014168</ele><time>2024-08-20T01:43:45Z</time><extensions><speed>0.005395</speed><course>106.987627</course><hAcc>1.770097</hAcc><vAcc>0.905848</vAcc></extensions></trkpt>
      <trkpt lon="-117.164046" lat="32.895191"><ele>92.006133</ele><time>2024-08-20T01:43:46Z</time><extensions><speed>0.003725</speed><course>107.729169</course><hAcc>1.755328</hAcc><vAcc>0.898815</vAcc></extensions></trkpt>
      <trkpt lon="-117.164046" lat="32.895191"><ele>91.999487</ele><time>2024-08-20T01:43:47Z</time><extensions><speed>0.002427</speed><course>108.216834</course><hAcc>1.748778</hAcc><vAcc>0.891784</vAcc></extensions></trkpt>
      <trkpt lon="-117.164045" lat="32.895191"><ele>91.994038</ele><time>2024-08-20T01:43:48Z</time><extensions><speed>0.001763</speed><course>108.527460</course><hAcc>1.736875</hAcc><vAcc>0.885138</vAcc></extensions></trkpt>
      <trkpt lon="-117.164045" lat="32.895191"><ele>91.989631</ele><time>2024-08-20T01:43:49Z</time><extensions><speed>0.001207</speed><course>108.704886</course><hAcc>1.739356</hAcc><vAcc>0.879237</vAcc></extensions></trkpt>
      <trkpt lon="-117.164045" lat="32.895191"><ele>91.986176</ele><time>2024-08-20T01:43:50Z</time><extensions><speed>0.000832</speed><course>108.811201</course><hAcc>1.743373</hAcc><vAcc>0.873873</vAcc></extensions></trkpt>
      <trkpt lon="-117.164045" lat="32.895191"><ele>91.983525</ele><time>2024-08-20T01:43:51Z</time><extensions><speed>0.000763</speed><course>108.867529</course><hAcc>1.723770</hAcc><vAcc>0.869407</vAcc></extensions></trkpt>
      <trkpt lon="-117.164045" lat="32.895191"><ele>91.981589</ele><time>2024-08-20T01:43:52Z</time><extensions><speed>0.000615</speed><course>108.892931</course><hAcc>1.724429</hAcc><vAcc>0.865519</vAcc></extensions></trkpt>
      <trkpt lon="-117.164045" lat="32.895191"><ele>91.980271</ele><time>2024-08-20T01:43:53Z</time><extensions><speed>0.000467</speed><course>108.906800</course><hAcc>1.737586</hAcc><vAcc>0.861735</vAcc></extensions></trkpt>
      <trkpt lon="-117.164045" lat="32.895191"><ele>91.979431</ele><time>2024-08-20T01:43:54Z</time><extensions><speed>0.000342</speed><course>108.915138</course><hAcc>1.748887</hAcc><vAcc>0.858617</vAcc></extensions></trkpt>
      <trkpt lon="-117.164045" lat="32.895191"><ele>91.979000</ele><time>2024-08-20T01:43:55Z</time><extensions><speed>0.000247</speed><course>108.920416</course><hAcc>1.752721</hAcc><vAcc>0.855621</vAcc></extensions></trkpt>
      <trkpt lon="-117.164045" lat="32.895191"><ele>91.978893</ele><time>2024-08-20T01:43:56Z</time><extensions><speed>0.000177</speed><course>108.923852</course><hAcc>1.749404</hAcc><vAcc>0.852702</vAcc></extensions></trkpt>
      <trkpt lon="-117.164045" lat="32.895191"><ele>91.979044</ele><time>2024-08-20T01:43:57Z</time><extensions><speed>0.000125</speed><course>108.926130</course><hAcc>1.741234</hAcc><vAcc>0.849406</vAcc></extensions></trkpt>
      <trkpt lon="-117.164045" lat="32.895191"><ele>91.979382</ele><time>2024-08-20T01:43:58Z</time><extensions><speed>0.000086</speed><course>108.927670</course><hAcc>1.731337</hAcc><vAcc>0.846127</vAcc></extensions></trkpt>
      <trkpt lon="-117.164045" lat="32.895191"><ele>91.979860</ele><time>2024-08-20T01:43:59Z</time><extensions><speed>0.000060</speed><course>108.928728</course><hAcc>1.720224</hAcc><vAcc>0.842656</vAcc></extensions></trkpt>
      <trkpt lon="-117.164045" lat="32.895191"><ele>91.980436</ele><time>2024-08-20T01:44:00Z</time><extensions><speed>0.000041</speed><course>108.929456</course><hAcc>1.710849</hAcc><vAcc>0.838554</vAcc></extensions></trkpt>
      <trkpt lon="-117.164045" lat="32.895191"><ele>91.981073</ele><time>2024-08-20T01:44:01Z</time><extensions><speed>0.000027</speed><course>108.929959</course><hAcc>1.701159</hAcc><vAcc>0.833907</vAcc></extensions></trkpt>
      <trkpt lon="-117.164045" lat="32.895191"><ele>91.981742</ele><time>2024-08-20T01:44:02Z</time><extensions><speed>0.000018</speed><course>108.930298</course><hAcc>1.686630</hAcc><vAcc>0.828780</vAcc></extensions></trkpt>
      <trkpt lon="-117.164045" lat="32.895191"><ele>91.982419</ele><time>2024-08-20T01:44:03Z</time><extensions><speed>0.000013</speed><course>108.930514</course><hAcc>1.663161</hAcc><vAcc>0.823187</vAcc></extensions></trkpt>
      <trkpt lon="-117.164045" lat="32.895191"><ele>91.983085</ele><time>2024-08-20T01:44:04Z</time><extensions><speed>0.000009</speed><course>108.930633</course><hAcc>1.639725</hAcc><vAcc>0.817195</vAcc></extensions></trkpt>
      <trkpt lon="-117.164045" lat="32.895191"><ele>91.983726</ele><time>2024-08-20T01:44:05Z</time><extensions><speed>0.000006</speed><course>108.930668</course><hAcc>1.627975</hAcc><vAcc>0.810904</vAcc></extensions></trkpt>
      <trkpt lon="-117.164045" lat="32.895191"><ele>91.984330</ele><time>2024-08-20T01:44:06Z</time><extensions><speed>0.000004</speed><course>108.930609</course><hAcc>1.625131</hAcc><vAcc>0.804446</vAcc></extensions></trkpt>
      <trkpt lon="-117.164045" lat="32.895191"><ele>91.984889</ele><time>2024-08-20T01:44:07Z</time><extensions><speed>0.000003</speed><course>108.930365</course><hAcc>1.619090</hAcc><vAcc>0.797985</vAcc></extensions></trkpt>
      <trkpt lon="-117.164045" lat="32.895191"><ele>91.985399</ele><time>2024-08-20T01:44:08Z</time><extensions><speed>0.000002</speed><course>108.929938</course><hAcc>1.606878</hAcc><vAcc>0.791694</vAcc></extensions></trkpt>
      <trkpt lon="-117.164045" lat="32.895191"><ele>91.985856</ele><time>2024-08-20T01:44:09Z</time><extensions><speed>0.000002</speed><course>108.929621</course><hAcc>1.578196</hAcc><vAcc>0.785730</vAcc></extensions></trkpt>
      <trkpt lon="-117.164046" lat="32.895191"><ele>91.983203</ele><time>2024-08-20T01:44:10Z</time><extensions><speed>0.007522</speed><course>206.028855</course><hAcc>1.570410</hAcc><vAcc>0.780236</vAcc></extensions></trkpt>
      <trkpt lon="-117.164046" lat="32.895190"><ele>91.979684</ele><time>2024-08-20T01:44:11Z</time><extensions><speed>0.017984</speed><course>206.111017</course><hAcc>1.572009</hAcc><vAcc>0.775787</vAcc></extensions></trkpt>
      <trkpt lon="-117.164046" lat="32.895190"><ele>91.979868</ele><time>2024-08-20T01:44:12Z</time><extensions><speed>0.032933</speed><course>205.355222</course><hAcc>1.571635</hAcc><vAcc>0.772002</vAcc></extensions></trkpt>
      <trkpt lon="-117.164046" lat="32.895190"><ele>91.984544</ele><time>2024-08-20T01:44:13Z</time><extensions><speed>0.053982</speed><course>205.353485</course><hAcc>1.567967</hAcc><vAcc>0.769186</vAcc></extensions></trkpt>
      <trkpt lon="-117.164046" lat="32.895189"><ele>92.005412</ele><time>2024-08-20T01:44:14Z</time><extensions><speed>0.084758</speed><course>205.179978</course><hAcc>1.561619</hAcc><vAcc>0.767206</vAcc></extensions></trkpt>
      <trkpt lon="-117.164047" lat="32.895188"><ele>92.027965</ele><time>2024-08-20T01:44:15Z</time><extensions><speed>0.128783</speed><course>205.537589</course><hAcc>1.552738</hAcc><vAcc>0.766280</vAcc></extensions></trkpt>
      <trkpt lon="-117.164048" lat="32.895187"><ele>92.051773</ele><time>2024-08-20T01:44:16Z</time><extensions><speed>0.188955</speed><course>206.010846</course><hAcc>1.543819</hAcc><vAcc>0.765790</vAcc></extensions></trkpt>
      <trkpt lon="-117.164049" lat="32.895185"><ele>92.082946</ele><time>2024-08-20T01:44:17Z</time><extensions><speed>0.268475</speed><course>206.568363</course><hAcc>1.537737</hAcc><vAcc>0.765781</vAcc></extensions></trkpt>
      <trkpt lon="-117.164050" lat="32.895183"><ele>92.117970</ele><time>2024-08-20T01:44:18Z</time><extensions><speed>0.365438</speed><course>207.375178</course><hAcc>1.536393</hAcc><vAcc>0.766724</vAcc></extensions></trkpt>
      <trkpt lon="-117.164052" lat="32.895179"><ele>92.160028</ele><time>2024-08-20T01:44:19Z</time><extensions><speed>0.466788</speed><course>208.935242</course><hAcc>1.532723</hAcc><vAcc>0.767888</vAcc></extensions></trkpt>
      <trkpt lon="-117.164055" lat="32.895175"><ele>92.207884</ele><time>2024-08-20T01:44:20Z</time><extensions><speed>0.548052</speed><course>212.373853</course><hAcc>1.516116</hAcc><vAcc>0.769070</vAcc></extensions></trkpt>
      <trkpt lon="-117.164058" lat="32.895172"><ele>92.263176</ele><time>2024-08-20T01:44:21Z</time><extensions><speed>0.463564</speed><course>214.295554</course><hAcc>1.526204</hAcc><vAcc>0.770216</vAcc></extensions></trkpt>
      <trkpt lon="-117.164061" lat="32.895169"><ele>92.323574</ele><time>2024-08-20T01:44:22Z</time><extensions><speed>0.373256</speed><course>224.072281</course><hAcc>1.528671</hAcc><vAcc>0.771159</vAcc></extensions></trkpt>
      <trkpt lon="-117.164064" lat="32.895167"><ele>92.378425</ele><time>2024-08-20T01:44:23Z</time><extensions><speed>0.310577</speed><course>239.698221</course><hAcc>1.527414</hAcc><vAcc>0.772571</vAcc></extensions></trkpt>
      <trkpt lon="-117.164067" lat="32.895166"><ele>92.429403</ele><time>2024-08-20T01:44:24Z</time><extensions><speed>0.285886</speed><course>255.482326</course><hAcc>1.528946</hAcc><vAcc>0.774341</vAcc></extensions></trkpt>
      <trkpt lon="-117.164069" lat="32.895165"><ele>92.472614</ele><time>2024-08-20T01:44:25Z</time><extensions><speed>0.246038</speed><course>247.230186</course><hAcc>1.531499</hAcc><vAcc>0.776476</vAcc></extensions></trkpt>
      <trkpt lon="-117.164071" lat="32.895164"><ele>92.507914</ele><time>2024-08-20T01:44:26Z</time><extensions><speed>0.204706</speed><course>237.644481</course><hAcc>1.533582</hAcc><vAcc>0.779023</vAcc></extensions></trkpt>
      <trkpt lon="-117.164073" lat="32.895163"><ele>92.534650</ele><time>2024-08-20T01:44:27Z</time><extensions><speed>0.165975</speed><course>236.834321</course><hAcc>1.530573</hAcc><vAcc>0.781968</vAcc></extensions></trkpt>
      <trkpt lon="-117.164075" lat="32.895162"><ele>92.555893</ele><time>2024-08-20T01:44:28Z</time><extensions><speed>0.146309</speed><course>250.280076</course><hAcc>1.519495</hAcc><vAcc>0.785544</vAcc></extensions></trkpt>
      <trkpt lon="-117.164076" lat="32.895162"><ele>92.571974</ele><time>2024-08-20T01:44:29Z</time><extensions><speed>0.123543</speed><course>249.156428</course><hAcc>1.522283</hAcc><vAcc>0.789975</vAcc></extensions></trkpt>
      <trkpt lon="-117.164077" lat="32.895162"><ele>92.579906</ele><time>2024-08-20T01:44:30Z</time><extensions><speed>0.105952</speed><course>254.162856</course><hAcc>1.527224</hAcc><vAcc>0.795059</vAcc></extensions></trkpt>
      <trkpt lon="-117.164078" lat="32.895162"><ele>92.584716</ele><time>2024-08-20T01:44:31Z</time><extensions><speed>0.090758</speed><course>269.389636</course><hAcc>1.534259</hAcc><vAcc>0.800620</vAcc></extensions></trkpt>
      <trkpt lon="-117.164079" lat="32.895162"><ele>92.581943</ele><time>2024-08-20T01:44:32Z</time><extensions><speed>0.084294</speed><course>288.889270</course><hAcc>1.553167</hAcc><vAcc>0.806840</vAcc></extensions></trkpt>
      <trkpt lon="-117.164080" lat="32.895162"><ele>92.573339</ele><time>2024-08-20T01:44:33Z</time><extensions><speed>0.060487</speed><course>294.379596</course><hAcc>1.587357</hAcc><vAcc>0.812871</vAcc></extensions></trkpt>
      <trkpt lon="-117.164080" lat="32.895162"><ele>92.560205</ele><time>2024-08-20T01:44:34Z</time><extensions><speed>0.014667</speed><course>232.843997</course><hAcc>1.626995</hAcc><vAcc>0.818631</vAcc></extensions></trkpt>
      <trkpt lon="-117.164080" lat="32.895162"><ele>92.543938</ele><time>2024-08-20T01:44:35Z</time><extensions><speed>0.005563</speed><course>94.144775</course><hAcc>1.648082</hAcc><vAcc>0.823479</vAcc></extensions></trkpt>
      <trkpt lon="-117.164080" lat="32.895162"><ele>92.525891</ele><time>2024-08-20T01:44:36Z</time><extensions><speed>0.030599</speed><course>13.970189</course><hAcc>1.651742</hAcc><vAcc>0.827241</vAcc></extensions></trkpt>
      <trkpt lon="-117.164080" lat="32.895163"><ele>92.507221</ele><time>2024-08-20T01:44:37Z</time><extensions><speed>0.068410</speed><course>3.525877</course><hAcc>1.645947</hAcc><vAcc>0.829692</vAcc></extensions></trkpt>
      <trkpt lon="-117.164080" lat="32.895163"><ele>92.488774</ele><time>2024-08-20T01:44:38Z</time><extensions><speed>0.083382</speed><course>5.699994</course><hAcc>1.638967</hAcc><vAcc>0.830966</vAcc></extensions></trkpt>
      <trkpt lon="-117.164080" lat="32.895164"><ele>92.489571</ele><time>2024-08-20T01:44:39Z</time><extensions><speed>0.049880</speed><course>42.450521</course><hAcc>1.639817</hAcc><vAcc>0.830780</vAcc></extensions></trkpt>
      <trkpt lon="-117.164079" lat="32.895164"><ele>92.496293</ele><time>2024-08-20T01:44:40Z</time><extensions><speed>0.053779</speed><course>87.868544</course><hAcc>1.632207</hAcc><vAcc>0.830002</vAcc></extensions></trkpt>
      <trkpt lon="-117.164079" lat="32.895164"><ele>92.508640</ele><time>2024-08-20T01:44:41Z</time><extensions><speed>0.057773</speed><course>96.198829</course><hAcc>1.610909</hAcc><vAcc>0.828026</vAcc></extensions></trkpt>
      <trkpt lon="-117.164078" lat="32.895164"><ele>92.526378</ele><time>2024-08-20T01:44:42Z</time><extensions><speed>0.051849</speed><course>105.769820</course><hAcc>1.592544</hAcc><vAcc>0.825626</vAcc></extensions></trkpt>
      <trkpt lon="-117.164078" lat="32.895164"><ele>92.551924</ele><time>2024-08-20T01:44:43Z</time><extensions><speed>0.038618</speed><course>110.666506</course><hAcc>1.575308</hAcc><vAcc>0.822379</vAcc></extensions></trkpt>
      <trkpt lon="-117.164077" lat="32.895164"><ele>92.585012</ele><time>2024-08-20T01:44:44Z</time><extensions><speed>0.023776</speed><course>115.225912</course><hAcc>1.560983</hAcc><vAcc>0.818819</vAcc></extensions></trkpt>
      <trkpt lon="-117.164077" lat="32.895163"><ele>92.623591</ele><time>2024-08-20T01:44:45Z</time><extensions><speed>0.010453</speed><course>126.331778</course><hAcc>1.547116</hAcc><vAcc>0.815028</vAcc></extensions></trkpt>
      <trkpt lon="-117.164077" lat="32.895163"><ele>92.667064</ele><time>2024-08-20T01:44:46Z</time><extensions><speed>0.005046</speed><course>254.564459</course><hAcc>1.541525</hAcc><vAcc>0.811071</vAcc></extensions></trkpt>
      <trkpt lon="-117.164077" lat="32.895163"><ele>92.714901</ele><time>2024-08-20T01:44:47Z</time><extensions><speed>0.021116</speed><course>285.329806</course><hAcc>1.542845</hAcc><vAcc>0.807285</vAcc></extensions></trkpt>
      <trkpt lon="-117.164078" lat="32.895164"><ele>92.765247</ele><time>2024-08-20T01:44:48Z</time><extensions><speed>0.044177</speed><course>292.363902</course><hAcc>1.548632</hAcc><vAcc>0.803644</vAcc></extensions></trkpt>
      <trkpt lon="-117.164078" lat="32.895164"><ele>92.816861</ele><time>2024-08-20T01:44:49Z</time><extensions><speed>0.083590</speed><course>297.799035</course><hAcc>1.544986</hAcc><vAcc>0.800186</vAcc></extensions></trkpt>
      <trkpt lon="-117.164079" lat="32.895164"><ele>92.868877</ele><time>2024-08-20T01:44:50Z</time><extensions><speed>0.131494</speed><course>301.289505</course><hAcc>1.545282</hAcc><vAcc>0.797285</vAcc></extensions></trkpt>
      <trkpt lon="-117.164080" lat="32.895165"><ele>92.918695</ele><time>2024-08-20T01:44:51Z</time><extensions><speed>0.132255</speed><course>295.270265</course><hAcc>1.555488</hAcc><vAcc>0.794661</vAcc></extensions></trkpt>
      <trkpt lon="-117.164082" lat="32.895165"><ele>92.964992</ele><time>2024-08-20T01:44:52Z</time><extensions><speed>0.108901</speed><course>285.180792</course><hAcc>1.561519</hAcc><vAcc>0.791910</vAcc></extensions></trkpt>
      <trkpt lon="-117.164083" lat="32.895165"><ele>93.010324</ele><time>2024-08-20T01:44:53Z</time><extensions><speed>0.083487</speed><course>276.208432</course><hAcc>1.556915</hAcc><vAcc>0.789122</vAcc></extensions></trkpt>
      <trkpt lon="-117.164083" lat="32.895165"><ele>93.057677</ele><time>2024-08-20T01:44:54Z</time><extensions><speed>0.052092</speed><course>262.821760</course><hAcc>1.546094</hAcc><vAcc>0.786378</vAcc></extensions></trkpt>
      <trkpt lon="-117.164084" lat="32.895165"><ele>93.102530</ele><time>2024-08-20T01:44:55Z</time><extensions><speed>0.028524</speed><course>250.779744</course><hAcc>1.530216</hAcc><vAcc>0.783943</vAcc></extensions></trkpt>
      <trkpt lon="-117.164084" lat="32.895165"><ele>93.141358</ele><time>2024-08-20T01:44:56Z</time><extensions><speed>0.023097</speed><course>199.977782</course><hAcc>1.518128</hAcc><vAcc>0.781743</vAcc></extensions></trkpt>
      <trkpt lon="-117.164084" lat="32.895165"><ele>93.165874</ele><time>2024-08-20T01:44:57Z</time><extensions><speed>0.050011</speed><course>168.592334</course><hAcc>1.519494</hAcc><vAcc>0.779761</vAcc></extensions></trkpt>
      <trkpt lon="-117.164084" lat="32.895164"><ele>93.182324</ele><time>2024-08-20T01:44:58Z</time><extensions><speed>0.061081</speed><course>165.151149</course><hAcc>1.512108</hAcc><vAcc>0.778065</vAcc></extensions></trkpt>
      <trkpt lon="-117.164084" lat="32.895164"><ele>93.192989</ele><time>2024-08-20T01:44:59Z</time><extensions><speed>0.072317</speed><course>160.204834</course><hAcc>1.511007</hAcc><vAcc>0.776582</vAcc></extensions></trkpt>
      <trkpt lon="-117.164083" lat="32.895163"><ele>93.198633</ele><time>2024-08-20T01:45:00Z</time><extensions><speed>0.083570</speed><course>153.093502</course><hAcc>1.519193</hAcc><vAcc>0.775454</vAcc></extensions></trkpt>
      <trkpt lon="-117.164083" lat="32.895162"><ele>93.199441</ele><time>2024-08-20T01:45:01Z</time><extensions><speed>0.092996</speed><course>144.244968</course><hAcc>1.530039</hAcc><vAcc>0.774672</vAcc></extensions></trkpt>
      <trkpt lon="-117.164082" lat="32.895162"><ele>93.186303</ele><time>2024-08-20T01:45:02Z</time><extensions><speed>0.109582</speed><course>133.003418</course><hAcc>1.520425</hAcc><vAcc>0.774013</vAcc></extensions></trkpt>
      <trkpt lon="-117.164081" lat="32.895161"><ele>93.166011</ele><time>2024-08-20T01:45:03Z</time><extensions><speed>0.111892</speed><course>113.718126</course><hAcc>1.510396</hAcc><vAcc>0.773584</vAcc></extensions></trkpt>
      <trkpt lon="-117.164080" lat="32.895161"><ele>93.139051</ele><time>2024-08-20T01:45:04Z</time><extensions><speed>0.116180</speed><course>80.827409</course><hAcc>1.504714</hAcc><vAcc>0.773840</vAcc></extensions></trkpt>
      <trkpt lon="-117.164079" lat="32.895162"><ele>93.104281</ele><time>2024-08-20T01:45:05Z</time><extensions><speed>0.162849</speed><course>46.871764</course><hAcc>1.497619</hAcc><vAcc>0.775355</vAcc></extensions></trkpt>
      <trkpt lon="-117.164077" lat="32.895163"><ele>93.062429</ele><time>2024-08-20T01:45:06Z</time><extensions><speed>0.204232</speed><course>38.782828</course><hAcc>1.500501</hAcc><vAcc>0.778083</vAcc></extensions></trkpt>
      <trkpt lon="-117.164076" lat="32.895164"><ele>93.014954</ele><time>2024-08-20T01:45:07Z</time><extensions><speed>0.174739</speed><course>55.097275</course><hAcc>1.518472</hAcc><vAcc>0.782146</vAcc></extensions></trkpt>
      <trkpt lon="-117.164074" lat="32.895165"><ele>92.963125</ele><time>2024-08-20T01:45:08Z</time><extensions><speed>0.144812</speed><course>70.493189</course><hAcc>1.534559</hAcc><vAcc>0.787634</vAcc></extensions></trkpt>
      <trkpt lon="-117.164073" lat="32.895165"><ele>92.907726</ele><time>2024-08-20T01:45:09Z</time><extensions><speed>0.125701</speed><course>87.697025</course><hAcc>1.549014</hAcc><vAcc>0.793365</vAcc></extensions></trkpt>
      <trkpt lon="-117.164072" lat="32.895165"><ele>92.850643</ele><time>2024-08-20T01:45:10Z</time><extensions><speed>0.124210</speed><course>103.851888</course><hAcc>1.566533</hAcc><vAcc>0.800072</vAcc></extensions></trkpt>
      <trkpt lon="-117.164070" lat="32.895165"><ele>92.792879</ele><time>2024-08-20T01:45:11Z</time><extensions><speed>0.133743</speed><course>113.535748</course><hAcc>1.586499</hAcc><vAcc>0.807175</vAcc></extensions></trkpt>
      <trkpt lon="-117.164069" lat="32.895164"><ele>92.737768</ele><time>2024-08-20T01:45:12Z</time><extensions><speed>0.130079</speed><course>114.955968</course><hAcc>1.609735</hAcc><vAcc>0.813304</vAcc></extensions></trkpt>
      <trkpt lon="-117.164068" lat="32.895164"><ele>92.676791</ele><time>2024-08-20T01:45:13Z</time><extensions><speed>0.105930</speed><course>109.005551</course><hAcc>1.637667</hAcc><vAcc>0.818365</vAcc></extensions></trkpt>
      <trkpt lon="-117.164067" lat="32.895163"><ele>92.643727</ele><time>2024-08-20T01:45:14Z</time><extensions><speed>0.076247</speed><course>90.465949</course><hAcc>1.658605</hAcc><vAcc>0.822692</vAcc></extensions></trkpt>
      <trkpt lon="-117.164066" lat="32.895163"><ele>92.603928</ele><time>2024-08-20T01:45:15Z</time><extensions><speed>0.058012</speed><course>86.103782</course><hAcc>1.685018</hAcc><vAcc>0.826292</vAcc></extensions></trkpt>
      <trkpt lon="-117.164066" lat="32.895163"><ele>92.571070</ele><time>2024-08-20T01:45:16Z</time><extensions><speed>0.044958</speed><course>103.764562</course><hAcc>1.711893</hAcc><vAcc>0.828231</vAcc></extensions></trkpt>
      <trkpt lon="-117.164065" lat="32.895163"><ele>92.540888</ele><time>2024-08-20T01:45:17Z</time><extensions><speed>0.024222</speed><course>119.850449</course><hAcc>1.723032</hAcc><vAcc>0.828154</vAcc></extensions></trkpt>
      <trkpt lon="-117.164065" lat="32.895163"><ele>92.515230</ele><time>2024-08-20T01:45:18Z</time><extensions><speed>0.009062</speed><course>219.835257</course><hAcc>1.724417</hAcc><vAcc>0.826280</vAcc></extensions></trkpt>
      <trkpt lon="-117.164065" lat="32.895163"><ele>92.494581</ele><time>2024-08-20T01:45:19Z</time><extensions><speed>0.034883</speed><course>272.600678</course><hAcc>1.722989</hAcc><vAcc>0.822646</vAcc></extensions></trkpt>
      <trkpt lon="-117.164066" lat="32.895163"><ele>92.478874</ele><time>2024-08-20T01:45:20Z</time><extensions><speed>0.066390</speed><course>281.448999</course><hAcc>1.719873</hAcc><vAcc>0.817550</vAcc></extensions></trkpt>
      <trkpt lon="-117.164067" lat="32.895164"><ele>92.467892</ele><time>2024-08-20T01:45:21Z</time><extensions><speed>0.098893</speed><course>287.291064</course><hAcc>1.711029</hAcc><vAcc>0.811351</vAcc></extensions></trkpt>
      <trkpt lon="-117.164068" lat="32.895164"><ele>92.461222</ele><time>2024-08-20T01:45:22Z</time><extensions><speed>0.122383</speed><course>295.418953</course><hAcc>1.696907</hAcc><vAcc>0.804541</vAcc></extensions></trkpt>
      <trkpt lon="-117.164069" lat="32.895164"><ele>92.458314</ele><time>2024-08-20T01:45:23Z</time><extensions><speed>0.130829</speed><course>304.176224</course><hAcc>1.679085</hAcc><vAcc>0.797618</vAcc></extensions></trkpt>
      <trkpt lon="-117.164070" lat="32.895165"><ele>92.458431</ele><time>2024-08-20T01:45:24Z</time><extensions><speed>0.174939</speed><course>314.681133</course><hAcc>1.649898</hAcc><vAcc>0.790995</vAcc></extensions></trkpt>
      <trkpt lon="-117.164072" lat="32.895166"><ele>92.460713</ele><time>2024-08-20T01:45:25Z</time><extensions><speed>0.115211</speed><course>310.358186</course><hAcc>1.633536</hAcc><vAcc>0.785012</vAcc></extensions></trkpt>
      <trkpt lon="-117.164072" lat="32.895167"><ele>92.464462</ele><time>2024-08-20T01:45:26Z</time><extensions><speed>0.054597</speed><course>288.952186</course><hAcc>1.620485</hAcc><vAcc>0.779801</vAcc></extensions></trkpt>
      <trkpt lon="-117.164073" lat="32.895167"><ele>92.458694</ele><time>2024-08-20T01:45:27Z</time><extensions><speed>0.033803</speed><course>276.062070</course><hAcc>1.597191</hAcc><vAcc>0.775421</vAcc></extensions></trkpt>
      <trkpt lon="-117.164073" lat="32.895167"><ele>92.451198</ele><time>2024-08-20T01:45:28Z</time><extensions><speed>0.020472</speed><course>234.736860</course><hAcc>1.576706</hAcc><vAcc>0.771930</vAcc></extensions></trkpt>
      <trkpt lon="-117.164073" lat="32.895167"><ele>92.441436</ele><time>2024-08-20T01:45:29Z</time><extensions><speed>0.014901</speed><course>208.569798</course><hAcc>1.556312</hAcc><vAcc>0.769178</vAcc></extensions></trkpt>
      <trkpt lon="-117.164073" lat="32.895167"><ele>92.429230</ele><time>2024-08-20T01:45:30Z</time><extensions><speed>0.009389</speed><course>189.110320</course><hAcc>1.533376</hAcc><vAcc>0.767016</vAcc></extensions></trkpt>
      <trkpt lon="-117.164073" lat="32.895166"><ele>92.414070</ele><time>2024-08-20T01:45:31Z</time><extensions><speed>0.004227</speed><course>146.666252</course><hAcc>1.512045</hAcc><vAcc>0.765445</vAcc></extensions></trkpt>
      <trkpt lon="-117.164073" lat="32.895166"><ele>92.403541</ele><time>2024-08-20T01:45:32Z</time><extensions><speed>0.005475</speed><course>69.036946</course><hAcc>1.498562</hAcc><vAcc>0.764396</vAcc></extensions></trkpt>
      <trkpt lon="-117.164073" lat="32.895166"><ele>92.386450</ele><time>2024-08-20T01:45:33Z</time><extensions><speed>0.010528</speed><course>48.960039</course><hAcc>1.495254</hAcc><vAcc>0.763726</vAcc></extensions></trkpt>
      <trkpt lon="-117.164073" lat="32.895167"><ele>92.368106</ele><time>2024-08-20T01:45:34Z</time><extensions><speed>0.017533</speed><course>43.456976</course><hAcc>1.483544</hAcc><vAcc>0.763351</vAcc></extensions></trkpt>
      <trkpt lon="-117.164073" lat="32.895167"><ele>92.348242</ele><time>2024-08-20T01:45:35Z</time><extensions><speed>0.023984</speed><course>41.737220</course><hAcc>1.480158</hAcc><vAcc>0.763155</vAcc></extensions></trkpt>
      <trkpt lon="-117.164073" lat="32.895167"><ele>92.327330</ele><time>2024-08-20T01:45:36Z</time><extensions><speed>0.026818</speed><course>41.618089</course><hAcc>1.492668</hAcc><vAcc>0.763018</vAcc></extensions></trkpt>
      <trkpt lon="-117.164072" lat="32.895167"><ele>92.306033</ele><time>2024-08-20T01:45:37Z</time><extensions><speed>0.021367</speed><course>44.497347</course><hAcc>1.509769</hAcc><vAcc>0.762839</vAcc></extensions></trkpt>
      <trkpt lon="-117.164072" lat="32.895167"><ele>92.285106</ele><time>2024-08-20T01:45:38Z</time><extensions><speed>0.011223</speed><course>61.597255</course><hAcc>1.510026</hAcc><vAcc>0.762545</vAcc></extensions></trkpt>
      <trkpt lon="-117.164072" lat="32.895167"><ele>92.265183</ele><time>2024-08-20T01:45:39Z</time><extensions><speed>0.009721</speed><course>163.117536</course><hAcc>1.505988</hAcc><vAcc>0.762111</vAcc></extensions></trkpt>
      <trkpt lon="-117.164072" lat="32.895167"><ele>92.246688</ele><time>2024-08-20T01:45:40Z</time><extensions><speed>0.026685</speed><course>192.611926</course><hAcc>1.512001</hAcc><vAcc>0.761557</vAcc></extensions></trkpt>
      <trkpt lon="-117.164072" lat="32.895167"><ele>92.229857</ele><time>2024-08-20T01:45:41Z</time><extensions><speed>0.042518</speed><course>198.548087</course><hAcc>1.511263</hAcc><vAcc>0.760931</vAcc></extensions></trkpt>
      <trkpt lon="-117.164072" lat="32.895166"><ele>92.214742</ele><time>2024-08-20T01:45:42Z</time><extensions><speed>0.059037</speed><course>185.636586</course><hAcc>1.517728</hAcc><vAcc>0.760283</vAcc></extensions></trkpt>
      <trkpt lon="-117.164072" lat="32.895166"><ele>92.201301</ele><time>2024-08-20T01:45:43Z</time><extensions><speed>0.070149</speed><course>173.455911</course><hAcc>1.518377</hAcc><vAcc>0.759652</vAcc></extensions></trkpt>
      <trkpt lon="-117.164072" lat="32.895165"><ele>92.189499</ele><time>2024-08-20T01:45:44Z</time><extensions><speed>0.063599</speed><course>167.425576</course><hAcc>1.520941</hAcc><vAcc>0.759069</vAcc></extensions></trkpt>
      <trkpt lon="-117.164072" lat="32.895164"><ele>92.179296</ele><time>2024-08-20T01:45:45Z</time><extensions><speed>0.047493</speed><course>164.745149</course><hAcc>1.521703</hAcc><vAcc>0.758555</vAcc></extensions></trkpt>
      <trkpt lon="-117.164072" lat="32.895164"><ele>92.170607</ele><time>2024-08-20T01:45:46Z</time><extensions><speed>0.033420</speed><course>163.208540</course><hAcc>1.518470</hAcc><vAcc>0.758118</vAcc></extensions></trkpt>
      <trkpt lon="-117.164072" lat="32.895164"><ele>92.163322</ele><time>2024-08-20T01:45:47Z</time><extensions><speed>0.021744</speed><course>162.239467</course><hAcc>1.519987</hAcc><vAcc>0.757759</vAcc></extensions></trkpt>
      <trkpt lon="-117.164072" lat="32.895164"><ele>92.157317</ele><time>2024-08-20T01:45:48Z</time><extensions><speed>0.014060</speed><course>161.595771</course><hAcc>1.527081</hAcc><vAcc>0.757475</vAcc></extensions></trkpt>
      <trkpt lon="-117.164072" lat="32.895164"><ele>92.152463</ele><time>2024-08-20T01:45:49Z</time><extensions><speed>0.008468</speed><course>161.165128</course><hAcc>1.550358</hAcc><vAcc>0.757255</vAcc></extensions></trkpt>
      <trkpt lon="-117.164072" lat="32.895164"><ele>92.148624</ele><time>2024-08-20T01:45:50Z</time><extensions><speed>0.005465</speed><course>160.875013</course><hAcc>1.578201</hAcc><vAcc>0.757091</vAcc></extensions></trkpt>
      <trkpt lon="-117.164072" lat="32.895164"><ele>92.145670</ele><time>2024-08-20T01:45:51Z</time><extensions><speed>0.003719</speed><course>160.698537</course><hAcc>1.613198</hAcc><vAcc>0.756972</vAcc></extensions></trkpt>
      <trkpt lon="-117.164072" lat="32.895164"><ele>92.148151</ele><time>2024-08-20T01:45:52Z</time><extensions><speed>0.003461</speed><course>171.159744</course><hAcc>1.645883</hAcc><vAcc>0.756889</vAcc></extensions></trkpt>
      <trkpt lon="-117.164072" lat="32.895163"><ele>92.138196</ele><time>2024-08-20T01:45:53Z</time><extensions><speed>0.009087</speed><course>170.275420</course><hAcc>1.664087</hAcc><vAcc>0.756833</vAcc></extensions></trkpt>
      <trkpt lon="-117.164072" lat="32.895163"><ele>92.129789</ele><time>2024-08-20T01:45:54Z</time><extensions><speed>0.020959</speed><course>173.711498</course><hAcc>1.703633</hAcc><vAcc>0.756796</vAcc></extensions></trkpt>
      <trkpt lon="-117.164072" lat="32.895163"><ele>92.123869</ele><time>2024-08-20T01:45:55Z</time><extensions><speed>0.035017</speed><course>173.832791</course><hAcc>1.745482</hAcc><vAcc>0.756799</vAcc></extensions></trkpt>
      <trkpt lon="-117.164072" lat="32.895162"><ele>92.118894</ele><time>2024-08-20T01:45:56Z</time><extensions><speed>0.052725</speed><course>172.588378</course><hAcc>1.773940</hAcc><vAcc>0.757067</vAcc></extensions></trkpt>
      <trkpt lon="-117.164071" lat="32.895162"><ele>92.115446</ele><time>2024-08-20T01:45:57Z</time><extensions><speed>0.078458</speed><course>171.618414</course><hAcc>1.786066</hAcc><vAcc>0.757337</vAcc></extensions></trkpt>
      <trkpt lon="-117.164071" lat="32.895161"><ele>92.119313</ele><time>2024-08-20T01:45:58Z</time><extensions><speed>0.117360</speed><course>172.276471</course><hAcc>1.784265</hAcc><vAcc>0.757619</vAcc></extensions></trkpt>
      <trkpt lon="-117.164071" lat="32.895160"><ele>92.123445</ele><time>2024-08-20T01:45:59Z</time><extensions><speed>0.176845</speed><course>174.022388</course><hAcc>1.774269</hAcc><vAcc>0.758805</vAcc></extensions></trkpt>
      <trkpt lon="-117.164071" lat="32.895158"><ele>92.130744</ele><time>2024-08-20T01:46:00Z</time><extensions><speed>0.264847</speed><course>176.794493</course><hAcc>1.760047</hAcc><vAcc>0.760784</vAcc></extensions></trkpt>
      <trkpt lon="-117.164071" lat="32.895155"><ele>92.139833</ele><time>2024-08-20T01:46:01Z</time><extensions><speed>0.401771</speed><course>180.437793</course><hAcc>1.741566</hAcc><vAcc>0.764048</vAcc></extensions></trkpt>
      <trkpt lon="-117.164071" lat="32.895150"><ele>92.151993</ele><time>2024-08-20T01:46:02Z</time><extensions><speed>0.594278</speed><course>185.208400</course><hAcc>1.734178</hAcc><vAcc>0.767985</vAcc></extensions></trkpt>
      <trkpt lon="-117.164072" lat="32.895144"><ele>92.166753</ele><time>2024-08-20T01:46:03Z</time><extensions><speed>0.859026</speed><course>191.121603</course><hAcc>1.755787</hAcc><vAcc>0.773002</vAcc></extensions></trkpt>
      <trkpt lon="-117.164074" lat="32.895137"><ele>92.184318</ele><time>2024-08-20T01:46:04Z</time><extensions><speed>0.782408</speed><course>190.634980</course><hAcc>1.767430</hAcc><vAcc>0.779027</vAcc></extensions></trkpt>
      <trkpt lon="-117.164075" lat="32.895132"><ele>92.204424</ele><time>2024-08-20T01:46:05Z</time><extensions><speed>0.371995</speed><course>178.755999</course><hAcc>1.756879</hAcc><vAcc>0.786454</vAcc></extensions></trkpt>
      <trkpt lon="-117.164074" lat="32.895130"><ele>92.226771</ele><time>2024-08-20T01:46:06Z</time><extensions><speed>0.128753</speed><course>141.952079</course><hAcc>1.733717</hAcc><vAcc>0.795230</vAcc></extensions></trkpt>
      <trkpt lon="-117.164073" lat="32.895129"><ele>92.251650</ele><time>2024-08-20T01:46:07Z</time><extensions><speed>0.090643</speed><course>66.891919</course><hAcc>1.732657</hAcc><vAcc>0.805149</vAcc></extensions></trkpt>
      <trkpt lon="-117.164073" lat="32.895130"><ele>92.276952</ele><time>2024-08-20T01:46:08Z</time><extensions><speed>0.122559</speed><course>28.190211</course><hAcc>1.753746</hAcc><vAcc>0.816130</vAcc></extensions></trkpt>
      <trkpt lon="-117.164072" lat="32.895131"><ele>92.298737</ele><time>2024-08-20T01:46:09Z</time><extensions><speed>0.138232</speed><course>15.096966</course><hAcc>1.769525</hAcc><vAcc>0.827494</vAcc></extensions></trkpt>
      <trkpt lon="-117.164072" lat="32.895133"><ele>92.319635</ele><time>2024-08-20T01:46:10Z</time><extensions><speed>0.122909</speed><course>8.655247</course><hAcc>1.799263</hAcc><vAcc>0.839410</vAcc></extensions></trkpt>
      <trkpt lon="-117.164072" lat="32.895134"><ele>92.339005</ele><time>2024-08-20T01:46:11Z</time><extensions><speed>0.119285</speed><course>5.382930</course><hAcc>1.818519</hAcc><vAcc>0.851030</vAcc></extensions></trkpt>
      <trkpt lon="-117.164071" lat="32.895135"><ele>92.356466</ele><time>2024-08-20T01:46:12Z</time><extensions><speed>0.139959</speed><course>3.679204</course><hAcc>1.824195</hAcc><vAcc>0.861948</vAcc></extensions></trkpt>
      <trkpt lon="-117.164071" lat="32.895136"><ele>92.371819</ele><time>2024-08-20T01:46:13Z</time><extensions><speed>0.179958</speed><course>2.850077</course><hAcc>1.832832</hAcc><vAcc>0.871983</vAcc></extensions></trkpt>
      <trkpt lon="-117.164071" lat="32.895138"><ele>92.385098</ele><time>2024-08-20T01:46:14Z</time><extensions><speed>0.213922</speed><course>2.464163</course><hAcc>1.864616</hAcc><vAcc>0.881546</vAcc></extensions></trkpt>
      <trkpt lon="-117.164071" lat="32.895140"><ele>92.396193</ele><time>2024-08-20T01:46:15Z</time><extensions><speed>0.246198</speed><course>2.376176</course><hAcc>1.904075</hAcc><vAcc>0.890498</vAcc></extensions></trkpt>
      <trkpt lon="-117.164071" lat="32.895143"><ele>92.398665</ele><time>2024-08-20T01:46:16Z</time><extensions><speed>0.273401</speed><course>3.166114</course><hAcc>1.937533</hAcc><vAcc>0.898449</vAcc></extensions></trkpt>
      <trkpt lon="-117.164071" lat="32.895145"><ele>92.397134</ele><time>2024-08-20T01:46:17Z</time><extensions><speed>0.264995</speed><course>4.716308</course><hAcc>1.964266</hAcc><vAcc>0.905851</vAcc></extensions></trkpt>
      <trkpt lon="-117.164070" lat="32.895147"><ele>92.390516</ele><time>2024-08-20T01:46:18Z</time><extensions><speed>0.221047</speed><course>7.761123</course><hAcc>1.991027</hAcc><vAcc>0.912461</vAcc></extensions></trkpt>
      <trkpt lon="-117.164070" lat="32.895149"><ele>92.380952</ele><time>2024-08-20T01:46:19Z</time><extensions><speed>0.178254</speed><course>12.097526</course><hAcc>2.017410</hAcc><vAcc>0.917950</vAcc></extensions></trkpt>
      <trkpt lon="-117.164069" lat="32.895151"><ele>92.369129</ele><time>2024-08-20T01:46:20Z</time><extensions><speed>0.164845</speed><course>16.843598</course><hAcc>2.012520</hAcc><vAcc>0.922806</vAcc></extensions></trkpt>
      <trkpt lon="-117.164069" lat="32.895152"><ele>92.355371</ele><time>2024-08-20T01:46:21Z</time><extensions><speed>0.153659</speed><course>20.998488</course><hAcc>2.006688</hAcc><vAcc>0.927304</vAcc></extensions></trkpt>
      <trkpt lon="-117.164068" lat="32.895153"><ele>92.339938</ele><time>2024-08-20T01:46:22Z</time><extensions><speed>0.144476</speed><course>25.658924</course><hAcc>2.003779</hAcc><vAcc>0.931739</vAcc></extensions></trkpt>
      <trkpt lon="-117.164067" lat="32.895154"><ele>92.322917</ele><time>2024-08-20T01:46:23Z</time><extensions><speed>0.141473</speed><course>30.654888</course><hAcc>2.000452</hAcc><vAcc>0.935726</vAcc></extensions></trkpt>
      <trkpt lon="-117.164067" lat="32.895156"><ele>92.304675</ele><time>2024-08-20T01:46:24Z</time><extensions><speed>0.144256</speed><course>35.359417</course><hAcc>1.994527</hAcc><vAcc>0.939460</vAcc></extensions></trkpt>
      <trkpt lon="-117.164066" lat="32.895157"><ele>92.285556</ele><time>2024-08-20T01:46:25Z</time><extensions><speed>0.145490</speed><course>39.499101</course><hAcc>1.984087</hAcc><vAcc>0.942829</vAcc></extensions></trkpt>
      <trkpt lon="-117.164065" lat="32.895158"><ele>92.265984</ele><time>2024-08-20T01:46:26Z</time><extensions><speed>0.131843</speed><course>43.934073</course><hAcc>1.968269</hAcc><vAcc>0.946013</vAcc></extensions></trkpt>
      <trkpt lon="-117.164064" lat="32.895158"><ele>92.246388</ele><time>2024-08-20T01:46:27Z</time><extensions><speed>0.116304</speed><course>42.961488</course><hAcc>1.957297</hAcc><vAcc>0.949038</vAcc></extensions></trkpt>
      <trkpt lon="-117.164063" lat="32.895159"><ele>92.227155</ele><time>2024-08-20T01:46:28Z</time><extensions><speed>0.089867</speed><course>42.768203</course><hAcc>1.953387</hAcc><vAcc>0.952336</vAcc></extensions></trkpt>
      <trkpt lon="-117.164062" lat="32.895160"><ele>92.208614</ele><time>2024-08-20T01:46:29Z</time><extensions><speed>0.065406</speed><course>42.655738</course><hAcc>1.949460</hAcc><vAcc>0.955921</vAcc></extensions></trkpt>
      <trkpt lon="-117.164062" lat="32.895160"><ele>92.191049</ele><time>2024-08-20T01:46:30Z</time><extensions><speed>0.050109</speed><course>42.588272</course><hAcc>1.941129</hAcc><vAcc>0.959420</vAcc></extensions></trkpt>
      <trkpt lon="-117.164062" lat="32.895160"><ele>92.174682</ele><time>2024-08-20T01:46:31Z</time><extensions><speed>0.036311</speed><course>42.548549</course><hAcc>1.943354</hAcc><vAcc>0.962327</vAcc></extensions></trkpt>
      <trkpt lon="-117.164061" lat="32.895160"><ele>92.159577</ele><time>2024-08-20T01:46:32Z</time><extensions><speed>0.027819</speed><course>42.524548</course><hAcc>1.947877</hAcc><vAcc>0.964994</vAcc></extensions></trkpt>
      <trkpt lon="-117.164061" lat="32.895161"><ele>92.145809</ele><time>2024-08-20T01:46:33Z</time><extensions><speed>0.020155</speed><course>42.510385</course><hAcc>1.962252</hAcc><vAcc>0.967159</vAcc></extensions></trkpt>
      <trkpt lon="-117.164061" lat="32.895161"><ele>92.133414</ele><time>2024-08-20T01:46:34Z</time><extensions><speed>0.015365</speed><course>42.501658</course><hAcc>1.969193</hAcc><vAcc>0.968505</vAcc></extensions></trkpt>
      <trkpt lon="-117.164061" lat="32.895161"><ele>92.122303</ele><time>2024-08-20T01:46:35Z</time><extensions><speed>0.013144</speed><course>42.496708</course><hAcc>1.963016</hAcc><vAcc>0.969614</vAcc></extensions></trkpt>
      <trkpt lon="-117.164061" lat="32.895161"><ele>92.112508</ele><time>2024-08-20T01:46:36Z</time><extensions><speed>0.010435</speed><course>42.494014</course><hAcc>1.968416</hAcc><vAcc>0.969770</vAcc></extensions></trkpt>
      <trkpt lon="-117.164061" lat="32.895161"><ele>92.103913</ele><time>2024-08-20T01:46:37Z</time><extensions><speed>0.007939</speed><course>42.492364</course><hAcc>1.980456</hAcc><vAcc>0.969385</vAcc></extensions></trkpt>
      <trkpt lon="-117.164061" lat="32.895161"><ele>92.096415</ele><time>2024-08-20T01:46:38Z</time><extensions><speed>0.005877</speed><course>42.491277</course><hAcc>1.990183</hAcc><vAcc>0.968813</vAcc></extensions></trkpt>
      <trkpt lon="-117.164061" lat="32.895161"><ele>92.089932</ele><time>2024-08-20T01:46:39Z</time><extensions><speed>0.004276</speed><course>42.490527</course><hAcc>1.993577</hAcc><vAcc>0.968234</vAcc></extensions></trkpt>
      <trkpt lon="-117.164061" lat="32.895161"><ele>92.084394</ele><time>2024-08-20T01:46:40Z</time><extensions><speed>0.003065</speed><course>42.489994</course><hAcc>1.990166</hAcc><vAcc>0.967677</vAcc></extensions></trkpt>
      <trkpt lon="-117.164061" lat="32.895161"><ele>92.079731</ele><time>2024-08-20T01:46:41Z</time><extensions><speed>0.002177</speed><course>42.489607</course><hAcc>1.981041</hAcc><vAcc>0.967183</vAcc></extensions></trkpt>
      <trkpt lon="-117.164061" lat="32.895161"><ele>92.075877</ele><time>2024-08-20T01:46:42Z</time><extensions><speed>0.001530</speed><course>42.489324</course><hAcc>1.968847</hAcc><vAcc>0.966629</vAcc></extensions></trkpt>
      <trkpt lon="-117.164061" lat="32.895161"><ele>92.072738</ele><time>2024-08-20T01:46:43Z</time><extensions><speed>0.001067</speed><course>42.489112</course><hAcc>1.954960</hAcc><vAcc>0.966303</vAcc></extensions></trkpt>
      <trkpt lon="-117.164061" lat="32.895161"><ele>92.070250</ele><time>2024-08-20T01:46:44Z</time><extensions><speed>0.000737</speed><course>42.488954</course><hAcc>1.940801</hAcc><vAcc>0.965950</vAcc></extensions></trkpt>
      <trkpt lon="-117.164061" lat="32.895161"><ele>92.041082</ele><time>2024-08-20T01:46:45Z</time><extensions><speed>0.000759</speed><course>129.615954</course><hAcc>1.927779</hAcc><vAcc>0.966079</vAcc></extensions></trkpt>
      <trkpt lon="-117.164061" lat="32.895161"><ele>92.010353</ele><time>2024-08-20T01:46:46Z</time><extensions><speed>0.001864</speed><course>155.103004</course><hAcc>1.917146</hAcc><vAcc>0.967002</vAcc></extensions></trkpt>
      <trkpt lon="-117.164061" lat="32.895161"><ele>91.977766</ele><time>2024-08-20T01:46:47Z</time><extensions><speed>0.003371</speed><course>160.776551</course><hAcc>1.911211</hAcc><vAcc>0.968809</vAcc></extensions></trkpt>
      <trkpt lon="-117.164061" lat="32.895161"><ele>91.946879</ele><time>2024-08-20T01:46:48Z</time><extensions><speed>0.003679</speed><course>169.118808</course><hAcc>1.911376</hAcc><vAcc>0.971035</vAcc></extensions></trkpt>
      <trkpt lon="-117.164061" lat="32.895161"><ele>91.910167</ele><time>2024-08-20T01:46:49Z</time><extensions><speed>0.005251</speed><course>189.773998</course><hAcc>1.916464</hAcc><vAcc>0.971315</vAcc></extensions></trkpt>
      <trkpt lon="-117.164061" lat="32.895161"><ele>91.869927</ele><time>2024-08-20T01:46:50Z</time><extensions><speed>0.008732</speed><course>197.751739</course><hAcc>1.922382</hAcc><vAcc>0.973093</vAcc></extensions></trkpt>
      <trkpt lon="-117.164061" lat="32.895161"><ele>91.834011</ele><time>2024-08-20T01:46:51Z</time><extensions><speed>0.013319</speed><course>204.594031</course><hAcc>1.927098</hAcc><vAcc>0.971822</vAcc></extensions></trkpt>
      <trkpt lon="-117.164061" lat="32.895161"><ele>91.798055</ele><time>2024-08-20T01:46:52Z</time><extensions><speed>0.019953</speed><course>204.998835</course><hAcc>1.928093</hAcc><vAcc>0.970654</vAcc></extensions></trkpt>
      <trkpt lon="-117.164061" lat="32.895160"><ele>91.761612</ele><time>2024-08-20T01:46:53Z</time><extensions><speed>0.027574</speed><course>207.156705</course><hAcc>1.926262</hAcc><vAcc>0.967706</vAcc></extensions></trkpt>
      <trkpt lon="-117.164061" lat="32.895160"><ele>91.725281</ele><time>2024-08-20T01:46:54Z</time><extensions><speed>0.036476</speed><course>210.475672</course><hAcc>1.925399</hAcc><vAcc>0.962373</vAcc></extensions></trkpt>
      <trkpt lon="-117.164062" lat="32.895160"><ele>91.689511</ele><time>2024-08-20T01:46:55Z</time><extensions><speed>0.046266</speed><course>215.636365</course><hAcc>1.931775</hAcc><vAcc>0.955541</vAcc></extensions></trkpt>
      <trkpt lon="-117.164062" lat="32.895159"><ele>91.654909</ele><time>2024-08-20T01:46:56Z</time><extensions><speed>0.059758</speed><course>218.177293</course><hAcc>1.948128</hAcc><vAcc>0.947471</vAcc></extensions></trkpt>
      <trkpt lon="-117.164062" lat="32.895159"><ele>91.622302</ele><time>2024-08-20T01:46:57Z</time><extensions><speed>0.090528</speed><course>212.810087</course><hAcc>1.956166</hAcc><vAcc>0.937366</vAcc></extensions></trkpt>
      <trkpt lon="-117.164063" lat="32.895158"><ele>91.591852</ele><time>2024-08-20T01:46:58Z</time><extensions><speed>0.171376</speed><course>202.905496</course><hAcc>1.937246</hAcc><vAcc>0.925952</vAcc></extensions></trkpt>
      <trkpt lon="-117.164064" lat="32.895156"><ele>91.563903</ele><time>2024-08-20T01:46:59Z</time><extensions><speed>0.268694</speed><course>195.134506</course><hAcc>1.918852</hAcc><vAcc>0.913228</vAcc></extensions></trkpt>
      <trkpt lon="-117.164064" lat="32.895153"><ele>91.538681</ele><time>2024-08-20T01:47:00Z</time><extensions><speed>0.326671</speed><course>188.875556</course><hAcc>1.914394</hAcc><vAcc>0.899341</vAcc></extensions></trkpt>
      <trkpt lon="-117.164065" lat="32.895151"><ele>91.516281</ele><time>2024-08-20T01:47:01Z</time><extensions><speed>0.289719</speed><course>179.579627</course><hAcc>1.921188</hAcc><vAcc>0.884552</vAcc></extensions></trkpt>
      <trkpt lon="-117.164065" lat="32.895149"><ele>91.496668</ele><time>2024-08-20T01:47:02Z</time><extensions><speed>0.127002</speed><course>183.976648</course><hAcc>1.901365</hAcc><vAcc>0.869221</vAcc></extensions></trkpt>
      <trkpt lon="-117.164065" lat="32.895148"><ele>91.479730</ele><time>2024-08-20T01:47:03Z</time><extensions><speed>0.049300</speed><course>193.407542</course><hAcc>1.874586</hAcc><vAcc>0.853769</vAcc></extensions></trkpt>
      <trkpt lon="-117.164065" lat="32.895148"><ele>91.465313</ele><time>2024-08-20T01:47:04Z</time><extensions><speed>0.016012</speed><course>221.247019</course><hAcc>1.849834</hAcc><vAcc>0.838659</vAcc></extensions></trkpt>
      <trkpt lon="-117.164065" lat="32.895148"><ele>91.453234</ele><time>2024-08-20T01:47:05Z</time><extensions><speed>0.008839</speed><course>287.369331</course><hAcc>1.831337</hAcc><vAcc>0.824353</vAcc></extensions></trkpt>
      <trkpt lon="-117.164065" lat="32.895148"><ele>91.443290</ele><time>2024-08-20T01:47:06Z</time><extensions><speed>0.009240</speed><course>319.485762</course><hAcc>1.822824</hAcc><vAcc>0.811245</vAcc></extensions></trkpt>
      <trkpt lon="-117.164065" lat="32.895148"><ele>91.435263</ele><time>2024-08-20T01:47:07Z</time><extensions><speed>0.008168</speed><course>330.264957</course><hAcc>1.814346</hAcc><vAcc>0.799627</vAcc></extensions></trkpt>
      <trkpt lon="-117.164065" lat="32.895148"><ele>91.428930</ele><time>2024-08-20T01:47:08Z</time><extensions><speed>0.006807</speed><course>335.093744</course><hAcc>1.793523</hAcc><vAcc>0.789672</vAcc></extensions></trkpt>
      <trkpt lon="-117.164065" lat="32.895148"><ele>91.424070</ele><time>2024-08-20T01:47:09Z</time><extensions><speed>0.005799</speed><course>337.438940</course><hAcc>1.770250</hAcc><vAcc>0.781419</vAcc></extensions></trkpt>
      <trkpt lon="-117.164065" lat="32.895148"><ele>91.420472</ele><time>2024-08-20T01:47:10Z</time><extensions><speed>0.003792</speed><course>338.759872</course><hAcc>1.776329</hAcc><vAcc>0.774786</vAcc></extensions></trkpt>
      <trkpt lon="-117.164065" lat="32.895148"><ele>91.417938</ele><time>2024-08-20T01:47:11Z</time><extensions><speed>0.003169</speed><course>339.639459</course><hAcc>1.751990</hAcc><vAcc>0.769611</vAcc></extensions></trkpt>
      <trkpt lon="-117.164065" lat="32.895148"><ele>91.416285</ele><time>2024-08-20T01:47:12Z</time><extensions><speed>0.002400</speed><course>340.144950</course><hAcc>1.737550</hAcc><vAcc>0.765689</vAcc></extensions></trkpt>
      <trkpt lon="-117.164065" lat="32.895148"><ele>91.415351</ele><time>2024-08-20T01:47:13Z</time><extensions><speed>0.001689</speed><course>340.488389</course><hAcc>1.734450</hAcc><vAcc>0.762803</vAcc></extensions></trkpt>
      <trkpt lon="-117.164065" lat="32.895148"><ele>91.414989</ele><time>2024-08-20T01:47:14Z</time><extensions><speed>0.001124</speed><course>340.751864</course><hAcc>1.729692</hAcc><vAcc>0.760741</vAcc></extensions></trkpt>
      <trkpt lon="-117.164065" lat="32.895148"><ele>91.415072</ele><time>2024-08-20T01:47:15Z</time><extensions><speed>0.000709</speed><course>340.973381</course><hAcc>1.719033</hAcc><vAcc>0.759313</vAcc></extensions></trkpt>
      <trkpt lon="-117.164065" lat="32.895148"><ele>91.415492</ele><time>2024-08-20T01:47:16Z</time><extensions><speed>0.000431</speed><course>341.174509</course><hAcc>1.701650</hAcc><vAcc>0.758357</vAcc></extensions></trkpt>
      <trkpt lon="-117.164065" lat="32.895148"><ele>91.416155</ele><time>2024-08-20T01:47:17Z</time><extensions><speed>0.000259</speed><course>341.365405</course><hAcc>1.680994</hAcc><vAcc>0.757740</vAcc></extensions></trkpt>
      <trkpt lon="-117.164065" lat="32.895148"><ele>91.416984</ele><time>2024-08-20T01:47:18Z</time><extensions><speed>0.000148</speed><course>341.553906</course><hAcc>1.668604</hAcc><vAcc>0.757358</vAcc></extensions></trkpt>
      <trkpt lon="-117.164065" lat="32.895148"><ele>91.417915</ele><time>2024-08-20T01:47:19Z</time><extensions><speed>0.000080</speed><course>341.756322</course><hAcc>1.663300</hAcc><vAcc>0.757133</vAcc></extensions></trkpt>
      <trkpt lon="-117.164065" lat="32.895148"><ele>91.418897</ele><time>2024-08-20T01:47:20Z</time><extensions><speed>0.000043</speed><course>341.987049</course><hAcc>1.658876</hAcc><vAcc>0.757008</vAcc></extensions></trkpt>
      <trkpt lon="-117.164065" lat="32.895148"><ele>91.468780</ele><time>2024-08-20T01:47:21Z</time><extensions><speed>0.000983</speed><course>9.562339</course><hAcc>1.661106</hAcc><vAcc>0.756942</vAcc></extensions></trkpt>
      <trkpt lon="-117.164065" lat="32.895148"><ele>91.531424</ele><time>2024-08-20T01:47:22Z</time><extensions><speed>0.002407</speed><course>7.465008</course><hAcc>1.678741</hAcc><vAcc>0.756909</vAcc></extensions></trkpt>
      <trkpt lon="-117.164065" lat="32.895148"><ele>91.591341</ele><time>2024-08-20T01:47:23Z</time><extensions><speed>0.003340</speed><course>7.412014</course><hAcc>1.696108</hAcc><vAcc>0.756893</vAcc></extensions></trkpt>
      <trkpt lon="-117.164065" lat="32.895148"><ele>91.658647</ele><time>2024-08-20T01:47:24Z</time><extensions><speed>0.004633</speed><course>12.243239</course><hAcc>1.696801</hAcc><vAcc>0.756884</vAcc></extensions></trkpt>
      <trkpt lon="-117.164065" lat="32.895148"><ele>91.733644</ele><time>2024-08-20T01:47:25Z</time><extensions><speed>0.007762</speed><course>15.134483</course><hAcc>1.685506</hAcc><vAcc>0.756875</vAcc></extensions></trkpt>
      <trkpt lon="-117.164065" lat="32.895148"><ele>91.816004</ele><time>2024-08-20T01:47:26Z</time><extensions><speed>0.010086</speed><course>19.164508</course><hAcc>1.705085</hAcc><vAcc>0.756865</vAcc></extensions></trkpt>
      <trkpt lon="-117.164065" lat="32.895148"><ele>91.905116</ele><time>2024-08-20T01:47:27Z</time><extensions><speed>0.014491</speed><course>25.338232</course><hAcc>1.708047</hAcc><vAcc>0.756854</vAcc></extensions></trkpt>
      <trkpt lon="-117.164065" lat="32.895148"><ele>91.999986</ele><time>2024-08-20T01:47:28Z</time><extensions><speed>0.017323</speed><course>36.360075</course><hAcc>1.714145</hAcc><vAcc>0.756841</vAcc></extensions></trkpt>
      <trkpt lon="-117.164065" lat="32.895149"><ele>92.103189</ele><time>2024-08-20T01:47:29Z</time><extensions><speed>0.018786</speed><course>63.134769</course><hAcc>1.719864</hAcc><vAcc>0.756827</vAcc></extensions></trkpt>
      <trkpt lon="-117.164065" lat="32.895149"><ele>92.209440</ele><time>2024-08-20T01:47:30Z</time><extensions><speed>0.028026</speed><course>114.172502</course><hAcc>1.718672</hAcc><vAcc>0.756813</vAcc></extensions></trkpt>
      <trkpt lon="-117.164064" lat="32.895148"><ele>92.315932</ele><time>2024-08-20T01:47:31Z</time><extensions><speed>0.071457</speed><course>149.077493</course><hAcc>1.707125</hAcc><vAcc>0.756800</vAcc></extensions></trkpt>
      <trkpt lon="-117.164064" lat="32.895147"><ele>92.419557</ele><time>2024-08-20T01:47:32Z</time><extensions><speed>0.112267</speed><course>159.341092</course><hAcc>1.693061</hAcc><vAcc>0.756789</vAcc></extensions></trkpt>
      <trkpt lon="-117.164064" lat="32.895147"><ele>92.517919</ele><time>2024-08-20T01:47:33Z</time><extensions><speed>0.095123</speed><course>162.008971</course><hAcc>1.694022</hAcc><vAcc>0.756778</vAcc></extensions></trkpt>
      <trkpt lon="-117.164063" lat="32.895146"><ele>92.609671</ele><time>2024-08-20T01:47:34Z</time><extensions><speed>0.043733</speed><course>158.104184</course><hAcc>1.708110</hAcc><vAcc>0.756770</vAcc></extensions></trkpt>
      <trkpt lon="-117.164063" lat="32.895146"><ele>92.694104</ele><time>2024-08-20T01:47:35Z</time><extensions><speed>0.029113</speed><course>141.897633</course><hAcc>1.683470</hAcc><vAcc>0.756763</vAcc></extensions></trkpt>
      <trkpt lon="-117.164063" lat="32.895146"><ele>92.770869</ele><time>2024-08-20T01:47:36Z</time><extensions><speed>0.026447</speed><course>117.024735</course><hAcc>1.671059</hAcc><vAcc>0.756757</vAcc></extensions></trkpt>
      <trkpt lon="-117.164063" lat="32.895145"><ele>92.839880</ele><time>2024-08-20T01:47:37Z</time><extensions><speed>0.031952</speed><course>99.992930</course><hAcc>1.671915</hAcc><vAcc>0.756753</vAcc></extensions></trkpt>
      <trkpt lon="-117.164062" lat="32.895145"><ele>92.901219</ele><time>2024-08-20T01:47:38Z</time><extensions><speed>0.038714</speed><course>92.745096</course><hAcc>1.671923</hAcc><vAcc>0.756750</vAcc></extensions></trkpt>
      <trkpt lon="-117.164062" lat="32.895145"><ele>92.955070</ele><time>2024-08-20T01:47:39Z</time><extensions><speed>0.037937</speed><course>90.030830</course><hAcc>1.668361</hAcc><vAcc>0.756747</vAcc></extensions></trkpt>
      <trkpt lon="-117.164061" lat="32.895145"><ele>93.001690</ele><time>2024-08-20T01:47:40Z</time><extensions><speed>0.030158</speed><course>88.863362</course><hAcc>1.663709</hAcc><vAcc>0.756746</vAcc></extensions></trkpt>
      <trkpt lon="-117.164061" lat="32.895145"><ele>93.041451</ele><time>2024-08-20T01:47:41Z</time><extensions><speed>0.020052</speed><course>88.170067</course><hAcc>1.665139</hAcc><vAcc>0.756744</vAcc></extensions></trkpt>
      <trkpt lon="-117.164061" lat="32.895145"><ele>93.074836</ele><time>2024-08-20T01:47:42Z</time><extensions><speed>0.014079</speed><course>87.685641</course><hAcc>1.651351</hAcc><vAcc>0.756744</vAcc></extensions></trkpt>
      <trkpt lon="-117.164061" lat="32.895145"><ele>93.102396</ele><time>2024-08-20T01:47:43Z</time><extensions><speed>0.009639</speed><course>87.357258</course><hAcc>1.639650</hAcc><vAcc>0.756743</vAcc></extensions></trkpt>
      <trkpt lon="-117.164061" lat="32.895145"><ele>93.124723</ele><time>2024-08-20T01:47:44Z</time><extensions><speed>0.006408</speed><course>87.124244</course><hAcc>1.637827</hAcc><vAcc>0.756743</vAcc></extensions></trkpt>
      <trkpt lon="-117.164061" lat="32.895145"><ele>93.142416</ele><time>2024-08-20T01:47:45Z</time><extensions><speed>0.004278</speed><course>86.954988</course><hAcc>1.650772</hAcc><vAcc>0.756743</vAcc></extensions></trkpt>
      <trkpt lon="-117.164061" lat="32.895145"><ele>93.156069</ele><time>2024-08-20T01:47:46Z</time><extensions><speed>0.002373</speed><course>86.819032</course><hAcc>1.685404</hAcc><vAcc>0.756742</vAcc></extensions></trkpt>
      <trkpt lon="-117.164061" lat="32.895145"><ele>93.166249</ele><time>2024-08-20T01:47:47Z</time><extensions><speed>0.001720</speed><course>86.701898</course><hAcc>1.688453</hAcc><vAcc>0.756742</vAcc></extensions></trkpt>
      <trkpt lon="-117.164061" lat="32.895145"><ele>93.173490</ele><time>2024-08-20T01:47:48Z</time><extensions><speed>0.001182</speed><course>86.619785</course><hAcc>1.704244</hAcc><vAcc>0.756742</vAcc></extensions></trkpt>
      <trkpt lon="-117.164061" lat="32.895145"><ele>93.178283</ele><time>2024-08-20T01:47:49Z</time><extensions><speed>0.000783</speed><course>86.556301</course><hAcc>1.728476</hAcc><vAcc>0.756742</vAcc></extensions></trkpt>
      <trkpt lon="-117.164061" lat="32.895145"><ele>93.181075</ele><time>2024-08-20T01:47:50Z</time><extensions><speed>0.000506</speed><course>86.503899</course><hAcc>1.747848</hAcc><vAcc>0.756742</vAcc></extensions></trkpt>
      <trkpt lon="-117.164061" lat="32.895145"><ele>93.182261</ele><time>2024-08-20T01:47:51Z</time><extensions><speed>0.000320</speed><course>86.458544</course><hAcc>1.759077</hAcc><vAcc>0.756742</vAcc></extensions></trkpt>
      <trkpt lon="-117.164061" lat="32.895145"><ele>93.182192</ele><time>2024-08-20T01:47:52Z</time><extensions><speed>0.000200</speed><course>86.417611</course><hAcc>1.763175</hAcc><vAcc>0.756742</vAcc></extensions></trkpt>
      <trkpt lon="-117.164061" lat="32.895146"><ele>93.185426</ele><time>2024-08-20T01:47:53Z</time><extensions><speed>0.003984</speed><course>357.330746</course><hAcc>1.761682</hAcc><vAcc>0.756742</vAcc></extensions></trkpt>
      <trkpt lon="-117.164061" lat="32.895146"><ele>93.188856</ele><time>2024-08-20T01:47:54Z</time><extensions><speed>0.009761</speed><course>355.990212</course><hAcc>1.758835</hAcc><vAcc>0.756742</vAcc></extensions></trkpt>
      <trkpt lon="-117.164061" lat="32.895146"><ele>93.192703</ele><time>2024-08-20T01:47:55Z</time><extensions><speed>0.018500</speed><course>355.692161</course><hAcc>1.751869</hAcc><vAcc>0.756742</vAcc></extensions></trkpt>
      <trkpt lon="-117.164061" lat="32.895146"><ele>93.200351</ele><time>2024-08-20T01:47:56Z</time><extensions><speed>0.033591</speed><course>355.461068</course><hAcc>1.740559</hAcc><vAcc>0.756742</vAcc></extensions></trkpt>
      <trkpt lon="-117.164061" lat="32.895147"><ele>93.193323</ele><time>2024-08-20T01:47:57Z</time><extensions><speed>0.054197</speed><course>354.882874</course><hAcc>1.724010</hAcc><vAcc>0.756742</vAcc></extensions></trkpt>
      <trkpt lon="-117.164061" lat="32.895147"><ele>93.172339</ele><time>2024-08-20T01:47:58Z</time><extensions><speed>0.082180</speed><course>354.547474</course><hAcc>1.705094</hAcc><vAcc>0.756742</vAcc></extensions></trkpt>
      <trkpt lon="-117.164061" lat="32.895148"><ele>93.154745</ele><time>2024-08-20T01:47:59Z</time><extensions><speed>0.119281</speed><course>354.350835</course><hAcc>1.685383</hAcc><vAcc>0.756742</vAcc></extensions></trkpt>
      <trkpt lon="-117.164061" lat="32.895149"><ele>93.129754</ele><time>2024-08-20T01:48:00Z</time><extensions><speed>0.166869</speed><course>354.115957</course><hAcc>1.669813</hAcc><vAcc>0.756742</vAcc></extensions></trkpt>
      <trkpt lon="-117.164061" lat="32.895151"><ele>93.104113</ele><time>2024-08-20T01:48:01Z</time><extensions><speed>0.220190</speed><course>353.945808</course><hAcc>1.659210</hAcc><vAcc>0.756790</vAcc></extensions></trkpt>
      <trkpt lon="-117.164062" lat="32.895153"><ele>93.073434</ele><time>2024-08-20T01:48:02Z</time><extensions><speed>0.267261</speed><course>353.700396</course><hAcc>1.652862</hAcc><vAcc>0.756854</vAcc></extensions></trkpt>
      <trkpt lon="-117.164062" lat="32.895156"><ele>93.039662</ele><time>2024-08-20T01:48:03Z</time><extensions><speed>0.245994</speed><course>352.966858</course><hAcc>1.661111</hAcc><vAcc>0.757012</vAcc></extensions></trkpt>
      <trkpt lon="-117.164062" lat="32.895157"><ele>92.996604</ele><time>2024-08-20T01:48:04Z</time><extensions><speed>0.170161</speed><course>350.798867</course><hAcc>1.676679</hAcc><vAcc>0.757354</vAcc></extensions></trkpt>
      <trkpt lon="-117.164062" lat="32.895158"><ele>92.950753</ele><time>2024-08-20T01:48:05Z</time><extensions><speed>0.055023</speed><course>339.066375</course><hAcc>1.692061</hAcc><vAcc>0.758201</vAcc></extensions></trkpt>
      <trkpt lon="-117.164063" lat="32.895158"><ele>92.897823</ele><time>2024-08-20T01:48:06Z</time><extensions><speed>0.116862</speed><course>183.872907</course><hAcc>1.669724</hAcc><vAcc>0.759397</vAcc></extensions></trkpt>
      <trkpt lon="-117.164063" lat="32.895156"><ele>92.840751</ele><time>2024-08-20T01:48:07Z</time><extensions><speed>0.271296</speed><course>179.955048</course><hAcc>1.659595</hAcc><vAcc>0.761347</vAcc></extensions></trkpt>
      <trkpt lon="-117.164063" lat="32.895154"><ele>92.774513</ele><time>2024-08-20T01:48:08Z</time><extensions><speed>0.236755</speed><course>181.682493</course><hAcc>1.661396</hAcc><vAcc>0.764134</vAcc></extensions></trkpt>
      <trkpt lon="-117.164063" lat="32.895152"><ele>92.715217</ele><time>2024-08-20T01:48:09Z</time><extensions><speed>0.135442</speed><course>186.031827</course><hAcc>1.654012</hAcc><vAcc>0.766814</vAcc></extensions></trkpt>
      <trkpt lon="-117.164063" lat="32.895152"><ele>92.657028</ele><time>2024-08-20T01:48:10Z</time><extensions><speed>0.053409</speed><course>192.910507</course><hAcc>1.663771</hAcc><vAcc>0.769480</vAcc></extensions></trkpt>
      <trkpt lon="-117.164063" lat="32.895151"><ele>92.599724</ele><time>2024-08-20T01:48:11Z</time><extensions><speed>0.013809</speed><course>211.726714</course><hAcc>1.687163</hAcc><vAcc>0.773816</vAcc></extensions></trkpt>
      <trkpt lon="-117.164063" lat="32.895151"><ele>92.544539</ele><time>2024-08-20T01:48:12Z</time><extensions><speed>0.027221</speed><course>195.244202</course><hAcc>1.686701</hAcc><vAcc>0.779177</vAcc></extensions></trkpt>
      <trkpt lon="-117.164063" lat="32.895151"><ele>92.492075</ele><time>2024-08-20T01:48:13Z</time><extensions><speed>0.052471</speed><course>185.956011</course><hAcc>1.689203</hAcc><vAcc>0.785590</vAcc></extensions></trkpt>
      <trkpt lon="-117.164063" lat="32.895150"><ele>92.443346</ele><time>2024-08-20T01:48:14Z</time><extensions><speed>0.106479</speed><course>176.578357</course><hAcc>1.677922</hAcc><vAcc>0.792268</vAcc></extensions></trkpt>
      <trkpt lon="-117.164063" lat="32.895149"><ele>92.398344</ele><time>2024-08-20T01:48:15Z</time><extensions><speed>0.117381</speed><course>167.206141</course><hAcc>1.687415</hAcc><vAcc>0.799657</vAcc></extensions></trkpt>
      <trkpt lon="-117.164063" lat="32.895148"><ele>92.357481</ele><time>2024-08-20T01:48:16Z</time><extensions><speed>0.117897</speed><course>156.546214</course><hAcc>1.690445</hAcc><vAcc>0.807637</vAcc></extensions></trkpt>
      <trkpt lon="-117.164062" lat="32.895147"><ele>92.321266</ele><time>2024-08-20T01:48:17Z</time><extensions><speed>0.099885</speed><course>143.731513</course><hAcc>1.682899</hAcc><vAcc>0.815685</vAcc></extensions></trkpt>
      <trkpt lon="-117.164061" lat="32.895147"><ele>92.289902</ele><time>2024-08-20T01:48:18Z</time><extensions><speed>0.083390</speed><course>132.656199</course><hAcc>1.664111</hAcc><vAcc>0.823438</vAcc></extensions></trkpt>
      <trkpt lon="-117.164061" lat="32.895146"><ele>92.263143</ele><time>2024-08-20T01:48:19Z</time><extensions><speed>0.039317</speed><course>88.273563</course><hAcc>1.671740</hAcc><vAcc>0.831106</vAcc></extensions></trkpt>
      <trkpt lon="-117.164060" lat="32.895146"><ele>92.240817</ele><time>2024-08-20T01:48:20Z</time><extensions><speed>0.031710</speed><course>56.713703</course><hAcc>1.665423</hAcc><vAcc>0.838329</vAcc></extensions></trkpt>
      <trkpt lon="-117.164060" lat="32.895147"><ele>92.222198</ele><time>2024-08-20T01:48:21Z</time><extensions><speed>0.026317</speed><course>43.937694</course><hAcc>1.658631</hAcc><vAcc>0.845831</vAcc></extensions></trkpt>
      <trkpt lon="-117.164060" lat="32.895147"><ele>92.207205</ele><time>2024-08-20T01:48:22Z</time><extensions><speed>0.020820</speed><course>38.414298</course><hAcc>1.658794</hAcc><vAcc>0.852492</vAcc></extensions></trkpt>
      <trkpt lon="-117.164060" lat="32.895147"><ele>92.195023</ele><time>2024-08-20T01:48:23Z</time><extensions><speed>0.016199</speed><course>35.808940</course><hAcc>1.662995</hAcc><vAcc>0.859473</vAcc></extensions></trkpt>
      <trkpt lon="-117.164060" lat="32.895147"><ele>92.195033</ele><time>2024-08-20T01:48:24Z</time><extensions><speed>0.009348</speed><course>29.692931</course><hAcc>1.668557</hAcc><vAcc>0.865250</vAcc></extensions></trkpt>
      <trkpt lon="-117.164060" lat="32.895147"><ele>92.206843</ele><time>2024-08-20T01:48:25Z</time><extensions><speed>0.004345</speed><course>0.430481</course><hAcc>1.675432</hAcc><vAcc>0.869899</vAcc></extensions></trkpt>
      <trkpt lon="-117.164060" lat="32.895147"><ele>92.222481</ele><time>2024-08-20T01:48:26Z</time><extensions><speed>0.004415</speed><course>288.600698</course><hAcc>1.681385</hAcc><vAcc>0.873593</vAcc></extensions></trkpt>
      <trkpt lon="-117.164060" lat="32.895147"><ele>92.241956</ele><time>2024-08-20T01:48:27Z</time><extensions><speed>0.008140</speed><course>262.455004</course><hAcc>1.687352</hAcc><vAcc>0.876074</vAcc></extensions></trkpt>
      <trkpt lon="-117.164060" lat="32.895147"><ele>92.264100</ele><time>2024-08-20T01:48:28Z</time><extensions><speed>0.012538</speed><course>254.286492</course><hAcc>1.691933</hAcc><vAcc>0.878144</vAcc></extensions></trkpt>
      <trkpt lon="-117.164060" lat="32.895147"><ele>92.298112</ele><time>2024-08-20T01:48:29Z</time><extensions><speed>0.016235</speed><course>248.865753</course><hAcc>1.696194</hAcc><vAcc>0.879289</vAcc></extensions></trkpt>
      <trkpt lon="-117.164061" lat="32.895147"><ele>92.334174</ele><time>2024-08-20T01:48:30Z</time><extensions><speed>0.022667</speed><course>242.601339</course><hAcc>1.706366</hAcc><vAcc>0.879148</vAcc></extensions></trkpt>
      <trkpt lon="-117.164061" lat="32.895147"><ele>92.377666</ele><time>2024-08-20T01:48:31Z</time><extensions><speed>0.031361</speed><course>234.676989</course><hAcc>1.726368</hAcc><vAcc>0.877547</vAcc></extensions></trkpt>
      <trkpt lon="-117.164061" lat="32.895146"><ele>92.423443</ele><time>2024-08-20T01:48:32Z</time><extensions><speed>0.044022</speed><course>224.674445</course><hAcc>1.749395</hAcc><vAcc>0.875319</vAcc></extensions></trkpt>
      <trkpt lon="-117.164062" lat="32.895146"><ele>92.471232</ele><time>2024-08-20T01:48:33Z</time><extensions><speed>0.087999</speed><course>212.565283</course><hAcc>1.741966</hAcc><vAcc>0.872514</vAcc></extensions></trkpt>
      <trkpt lon="-117.164062" lat="32.895145"><ele>92.520536</ele><time>2024-08-20T01:48:34Z</time><extensions><speed>0.174312</speed><course>200.430857</course><hAcc>1.735970</hAcc><vAcc>0.869234</vAcc></extensions></trkpt>
      <trkpt lon="-117.164063" lat="32.895144"><ele>92.572462</ele><time>2024-08-20T01:48:35Z</time><extensions><speed>0.082317</speed><course>210.746203</course><hAcc>1.773507</hAcc><vAcc>0.865499</vAcc></extensions></trkpt>
      <trkpt lon="-117.164063" lat="32.895143"><ele>92.628547</ele><time>2024-08-20T01:48:36Z</time><extensions><speed>0.048351</speed><course>214.459983</course><hAcc>1.803640</hAcc><vAcc>0.861295</vAcc></extensions></trkpt>
      <trkpt lon="-117.164063" lat="32.895143"><ele>92.685610</ele><time>2024-08-20T01:48:37Z</time><extensions><speed>0.042703</speed><course>205.412276</course><hAcc>1.820142</hAcc><vAcc>0.856628</vAcc></extensions></trkpt>
      <trkpt lon="-117.164064" lat="32.895142"><ele>92.746144</ele><time>2024-08-20T01:48:38Z</time><extensions><speed>0.060799</speed><course>193.080250</course><hAcc>1.821772</hAcc><vAcc>0.851774</vAcc></extensions></trkpt>
      <trkpt lon="-117.164064" lat="32.895142"><ele>92.805968</ele><time>2024-08-20T01:48:39Z</time><extensions><speed>0.138744</speed><course>189.172171</course><hAcc>1.775153</hAcc><vAcc>0.847155</vAcc></extensions></trkpt>
      <trkpt lon="-117.164064" lat="32.895140"><ele>92.864839</ele><time>2024-08-20T01:48:40Z</time><extensions><speed>0.172224</speed><course>189.842073</course><hAcc>1.753076</hAcc><vAcc>0.843195</vAcc></extensions></trkpt>
      <trkpt lon="-117.164065" lat="32.895139"><ele>92.922316</ele><time>2024-08-20T01:48:41Z</time><extensions><speed>0.082474</speed><course>202.390331</course><hAcc>1.775979</hAcc><vAcc>0.839273</vAcc></extensions></trkpt>
      <trkpt lon="-117.164065" lat="32.895139"><ele>92.977787</ele><time>2024-08-20T01:48:42Z</time><extensions><speed>0.042132</speed><course>229.795939</course><hAcc>1.795890</hAcc><vAcc>0.835875</vAcc></extensions></trkpt>
      <trkpt lon="-117.164065" lat="32.895139"><ele>93.030986</ele><time>2024-08-20T01:48:43Z</time><extensions><speed>0.035494</speed><course>267.023920</course><hAcc>1.805947</hAcc><vAcc>0.833488</vAcc></extensions></trkpt>
      <trkpt lon="-117.164066" lat="32.895139"><ele>93.081649</ele><time>2024-08-20T01:48:44Z</time><extensions><speed>0.047070</speed><course>287.501425</course><hAcc>1.803309</hAcc><vAcc>0.831940</vAcc></extensions></trkpt>
      <trkpt lon="-117.164066" lat="32.895139"><ele>93.129501</ele><time>2024-08-20T01:48:45Z</time><extensions><speed>0.069767</speed><course>295.135203</course><hAcc>1.784484</hAcc><vAcc>0.831026</vAcc></extensions></trkpt>
      <trkpt lon="-117.164067" lat="32.895139"><ele>93.174298</ele><time>2024-08-20T01:48:46Z</time><extensions><speed>0.088076</speed><course>300.701179</course><hAcc>1.776498</hAcc><vAcc>0.830617</vAcc></extensions></trkpt>
      <trkpt lon="-117.164068" lat="32.895140"><ele>93.215839</ele><time>2024-08-20T01:48:47Z</time><extensions><speed>0.102257</speed><course>312.264747</course><hAcc>1.781626</hAcc><vAcc>0.830673</vAcc></extensions></trkpt>
      <trkpt lon="-117.164069" lat="32.895140"><ele>93.253988</ele><time>2024-08-20T01:48:48Z</time><extensions><speed>0.105889</speed><course>318.800581</course><hAcc>1.780398</hAcc><vAcc>0.831270</vAcc></extensions></trkpt>
      <trkpt lon="-117.164069" lat="32.895141"><ele>93.288508</ele><time>2024-08-20T01:48:49Z</time><extensions><speed>0.091099</speed><course>323.511918</course><hAcc>1.784158</hAcc><vAcc>0.832140</vAcc></extensions></trkpt>
      <trkpt lon="-117.164070" lat="32.895142"><ele>93.319255</ele><time>2024-08-20T01:48:50Z</time><extensions><speed>0.075185</speed><course>328.751936</course><hAcc>1.782690</hAcc><vAcc>0.832925</vAcc></extensions></trkpt>
      <trkpt lon="-117.164070" lat="32.895142"><ele>93.346366</ele><time>2024-08-20T01:48:51Z</time><extensions><speed>0.057046</speed><course>331.424057</course><hAcc>1.772420</hAcc><vAcc>0.833662</vAcc></extensions></trkpt>
      <trkpt lon="-117.164070" lat="32.895143"><ele>93.369974</ele><time>2024-08-20T01:48:52Z</time><extensions><speed>0.041954</speed><course>332.922217</course><hAcc>1.760372</hAcc><vAcc>0.834327</vAcc></extensions></trkpt>
      <trkpt lon="-117.164071" lat="32.895143"><ele>93.390338</ele><time>2024-08-20T01:48:53Z</time><extensions><speed>0.028961</speed><course>333.805999</course><hAcc>1.756053</hAcc><vAcc>0.835135</vAcc></extensions></trkpt>
      <trkpt lon="-117.164071" lat="32.895143"><ele>93.407578</ele><time>2024-08-20T01:48:54Z</time><extensions><speed>0.020769</speed><course>334.339400</course><hAcc>1.751364</hAcc><vAcc>0.835801</vAcc></extensions></trkpt>
      <trkpt lon="-117.164071" lat="32.895143"><ele>93.422028</ele><time>2024-08-20T01:48:55Z</time><extensions><speed>0.014878</speed><course>334.640373</course><hAcc>1.754060</hAcc><vAcc>0.836556</vAcc></extensions></trkpt>
      <trkpt lon="-117.164071" lat="32.895143"><ele>93.433872</ele><time>2024-08-20T01:48:56Z</time><extensions><speed>0.009844</speed><course>334.814477</course><hAcc>1.763774</hAcc><vAcc>0.837100</vAcc></extensions></trkpt>
      <trkpt lon="-117.164071" lat="32.895144"><ele>93.443467</ele><time>2024-08-20T01:48:57Z</time><extensions><speed>0.009047</speed><course>334.908368</course><hAcc>1.745864</hAcc><vAcc>0.837733</vAcc></extensions></trkpt>
      <trkpt lon="-117.164071" lat="32.895144"><ele>93.450834</ele><time>2024-08-20T01:48:58Z</time><extensions><speed>0.007862</speed><course>1.402806</course><hAcc>1.745458</hAcc><vAcc>0.838169</vAcc></extensions></trkpt>
      <trkpt lon="-117.164071" lat="32.895144"><ele>93.450726</ele><time>2024-08-20T01:48:59Z</time><extensions><speed>0.010365</speed><course>31.355332</course><hAcc>1.756732</hAcc><vAcc>0.837918</vAcc></extensions></trkpt>
      <trkpt lon="-117.164070" lat="32.895144"><ele>93.435342</ele><time>2024-08-20T01:49:00Z</time><extensions><speed>0.014954</speed><course>51.892404</course><hAcc>1.767282</hAcc><vAcc>0.836691</vAcc></extensions></trkpt>
      <trkpt lon="-117.164070" lat="32.895144"><ele>93.413399</ele><time>2024-08-20T01:49:01Z</time><extensions><speed>0.021737</speed><course>61.280008</course><hAcc>1.775120</hAcc><vAcc>0.836009</vAcc></extensions></trkpt>
      <trkpt lon="-117.164070" lat="32.895144"><ele>93.390032</ele><time>2024-08-20T01:49:02Z</time><extensions><speed>0.030536</speed><course>65.128299</course><hAcc>1.782341</hAcc><vAcc>0.834442</vAcc></extensions></trkpt>
      <trkpt lon="-117.164070" lat="32.895144"><ele>93.363899</ele><time>2024-08-20T01:49:03Z</time><extensions><speed>0.042498</speed><course>67.016608</course><hAcc>1.791526</hAcc><vAcc>0.831931</vAcc></extensions></trkpt>
      <trkpt lon="-117.164069" lat="32.895144"><ele>93.335651</ele><time>2024-08-20T01:49:04Z</time><extensions><speed>0.058269</speed><course>68.705738</course><hAcc>1.803642</hAcc><vAcc>0.829689</vAcc></extensions></trkpt>
      <trkpt lon="-117.164068" lat="32.895145"><ele>93.304621</ele><time>2024-08-20T01:49:05Z</time><extensions><speed>0.078681</speed><course>70.883798</course><hAcc>1.818215</hAcc><vAcc>0.827182</vAcc></extensions></trkpt>
      <trkpt lon="-117.164068" lat="32.895145"><ele>93.271010</ele><time>2024-08-20T01:49:06Z</time><extensions><speed>0.103393</speed><course>74.310882</course><hAcc>1.830608</hAcc><vAcc>0.824157</vAcc></extensions></trkpt>
      <trkpt lon="-117.164066" lat="32.895145"><ele>93.235363</ele><time>2024-08-20T01:49:07Z</time><extensions><speed>0.130876</speed><course>80.483593</course><hAcc>1.822320</hAcc><vAcc>0.821232</vAcc></extensions></trkpt>
      <trkpt lon="-117.164065" lat="32.895145"><ele>93.198238</ele><time>2024-08-20T01:49:08Z</time><extensions><speed>0.159166</speed><course>92.703262</course><hAcc>1.777520</hAcc><vAcc>0.818192</vAcc></extensions></trkpt>
      <trkpt lon="-117.164063" lat="32.895145"><ele>93.160421</ele><time>2024-08-20T01:49:09Z</time><extensions><speed>0.130968</speed><course>119.209250</course><hAcc>1.757267</hAcc><vAcc>0.815278</vAcc></extensions></trkpt>
      <trkpt lon="-117.164062" lat="32.895144"><ele>93.122947</ele><time>2024-08-20T01:49:09Z</time><extensions><speed>0.095866</speed><course>154.786408</course><hAcc>1.729980</hAcc><vAcc>0.812538</vAcc></extensions></trkpt>
      <trkpt lon="-117.164062" lat="32.895144"><ele>93.086748</ele><time>2024-08-20T01:49:10Z</time><extensions><speed>0.028551</speed><course>169.600716</course><hAcc>1.684994</hAcc><vAcc>0.810020</vAcc></extensions></trkpt>
      <trkpt lon="-117.164062" lat="32.895144"><ele>93.052597</ele><time>2024-08-20T01:49:11Z</time><extensions><speed>0.018812</speed><course>13.343569</course><hAcc>1.666296</hAcc><vAcc>0.807889</vAcc></extensions></trkpt>
      <trkpt lon="-117.164062" lat="32.895144"><ele>93.020841</ele><time>2024-08-20T01:49:12Z</time><extensions><speed>0.034358</speed><course>13.868997</course><hAcc>1.642176</hAcc><vAcc>0.806591</vAcc></extensions></trkpt>
      <trkpt lon="-117.164062" lat="32.895144"><ele>92.991847</ele><time>2024-08-20T01:49:13Z</time><extensions><speed>0.032405</speed><course>13.949915</course><hAcc>1.615910</hAcc><vAcc>0.805988</vAcc></extensions></trkpt>
      <trkpt lon="-117.164062" lat="32.895144"><ele>92.965831</ele><time>2024-08-20T01:49:14Z</time><extensions><speed>0.026783</speed><course>13.977412</course><hAcc>1.594285</hAcc><vAcc>0.805757</vAcc></extensions></trkpt>
      <trkpt lon="-117.164062" lat="32.895145"><ele>92.942701</ele><time>2024-08-20T01:49:15Z</time><extensions><speed>0.020866</speed><course>13.988574</course><hAcc>1.579710</hAcc><vAcc>0.805993</vAcc></extensions></trkpt>
      <trkpt lon="-117.164062" lat="32.895145"><ele>92.922506</ele><time>2024-08-20T01:49:16Z</time><extensions><speed>0.016319</speed><course>13.993403</course><hAcc>1.567405</hAcc><vAcc>0.806295</vAcc></extensions></trkpt>
      <trkpt lon="-117.164062" lat="32.895145"><ele>92.912428</ele><time>2024-08-20T01:49:17Z</time><extensions><speed>0.018657</speed><course>1.353718</course><hAcc>1.556345</hAcc><vAcc>0.806494</vAcc></extensions></trkpt>
      <trkpt lon="-117.164062" lat="32.895145"><ele>92.905675</ele><time>2024-08-20T01:49:18Z</time><extensions><speed>0.020337</speed><course>350.193442</course><hAcc>1.547006</hAcc><vAcc>0.806309</vAcc></extensions></trkpt>
      <trkpt lon="-117.164062" lat="32.895146"><ele>92.884472</ele><time>2024-08-20T01:49:19Z</time><extensions><speed>0.024339</speed><course>343.216458</course><hAcc>1.538228</hAcc><vAcc>0.806097</vAcc></extensions></trkpt>
      <trkpt lon="-117.164062" lat="32.895146"><ele>92.873049</ele><time>2024-08-20T01:49:20Z</time><extensions><speed>0.028292</speed><course>337.496940</course><hAcc>1.538254</hAcc><vAcc>0.805827</vAcc></extensions></trkpt>
      <trkpt lon="-117.164063" lat="32.895146"><ele>92.864834</ele><time>2024-08-20T01:49:21Z</time><extensions><speed>0.033287</speed><course>333.064105</course><hAcc>1.545556</hAcc><vAcc>0.806142</vAcc></extensions></trkpt>
      <trkpt lon="-117.164063" lat="32.895147"><ele>92.854734</ele><time>2024-08-20T01:49:22Z</time><extensions><speed>0.046172</speed><course>329.984321</course><hAcc>1.549719</hAcc><vAcc>0.807002</vAcc></extensions></trkpt>
      <trkpt lon="-117.164063" lat="32.895147"><ele>92.839804</ele><time>2024-08-20T01:49:23Z</time><extensions><speed>0.063126</speed><course>329.552281</course><hAcc>1.565853</hAcc><vAcc>0.808427</vAcc></extensions></trkpt>
      <trkpt lon="-117.164064" lat="32.895148"><ele>92.828645</ele><time>2024-08-20T01:49:24Z</time><extensions><speed>0.078485</speed><course>330.768904</course><hAcc>1.597586</hAcc><vAcc>0.810201</vAcc></extensions></trkpt>
      <trkpt lon="-117.164064" lat="32.895149"><ele>92.816546</ele><time>2024-08-20T01:49:25Z</time><extensions><speed>0.129294</speed><course>333.330403</course><hAcc>1.613059</hAcc><vAcc>0.811324</vAcc></extensions></trkpt>
      <trkpt lon="-117.164065" lat="32.895150"><ele>92.793872</ele><time>2024-08-20T01:49:26Z</time><extensions><speed>0.194149</speed><course>336.945561</course><hAcc>1.625898</hAcc><vAcc>0.812212</vAcc></extensions></trkpt>
      <trkpt lon="-117.164065" lat="32.895152"><ele>92.773409</ele><time>2024-08-20T01:49:27Z</time><extensions><speed>0.321403</speed><course>342.100249</course><hAcc>1.607475</hAcc><vAcc>0.812701</vAcc></extensions></trkpt>
      <trkpt lon="-117.164066" lat="32.895155"><ele>92.754550</ele><time>2024-08-20T01:49:28Z</time><extensions><speed>0.396332</speed><course>351.625013</course><hAcc>1.612006</hAcc><vAcc>0.813160</vAcc></extensions></trkpt>
      <trkpt lon="-117.164066" lat="32.895159"><ele>92.735086</ele><time>2024-08-20T01:49:29Z</time><extensions><speed>0.548769</speed><course>7.342917</course><hAcc>1.621065</hAcc><vAcc>0.813873</vAcc></extensions></trkpt>
      <trkpt lon="-117.164065" lat="32.895165"><ele>92.718429</ele><time>2024-08-20T01:49:30Z</time><extensions><speed>0.650131</speed><course>10.772333</course><hAcc>1.615911</hAcc><vAcc>0.814595</vAcc></extensions></trkpt>
      <trkpt lon="-117.164064" lat="32.895171"><ele>92.707217</ele><time>2024-08-20T01:49:31Z</time><extensions><speed>0.776949</speed><course>10.661868</course><hAcc>1.588974</hAcc><vAcc>0.814732</vAcc></extensions></trkpt>
      <trkpt lon="-117.164061" lat="32.895179"><ele>92.700077</ele><time>2024-08-20T01:49:32Z</time><extensions><speed>0.961593</speed><course>16.334896</course><hAcc>1.562752</hAcc><vAcc>0.813869</vAcc></extensions></trkpt>
      <trkpt lon="-117.164057" lat="32.895187"><ele>92.702098</ele><time>2024-08-20T01:49:33Z</time><extensions><speed>1.025504</speed><course>32.823339</course><hAcc>1.530021</hAcc><vAcc>0.812165</vAcc></extensions></trkpt>
      <trkpt lon="-117.164049" lat="32.895194"><ele>92.719590</ele><time>2024-08-20T01:49:34Z</time><extensions><speed>1.169962</speed><course>48.799341</course><hAcc>1.495042</hAcc><vAcc>0.809676</vAcc></extensions></trkpt>
      <trkpt lon="-117.164039" lat="32.895200"><ele>92.739856</ele><time>2024-08-20T01:49:35Z</time><extensions><speed>1.250739</speed><course>64.148674</course><hAcc>1.467000</hAcc><vAcc>0.806323</vAcc></extensions></trkpt>
      <trkpt lon="-117.164026" lat="32.895203"><ele>92.771371</ele><time>2024-08-20T01:49:36Z</time><extensions><speed>1.221789</speed><course>78.371107</course><hAcc>1.442601</hAcc><vAcc>0.802382</vAcc></extensions></trkpt>
      <trkpt lon="-117.164014" lat="32.895205"><ele>92.806849</ele><time>2024-08-20T01:49:37Z</time><extensions><speed>1.113335</speed><course>79.582370</course><hAcc>1.417393</hAcc><vAcc>0.798088</vAcc></extensions></trkpt>
      <trkpt lon="-117.164003" lat="32.895207"><ele>92.852792</ele><time>2024-08-20T01:49:38Z</time><extensions><speed>1.047661</speed><course>76.281905</course><hAcc>1.394055</hAcc><vAcc>0.793635</vAcc></extensions></trkpt>
      <trkpt lon="-117.163992" lat="32.895210"><ele>92.905469</ele><time>2024-08-20T01:49:39Z</time><extensions><speed>1.078322</speed><course>74.196920</course><hAcc>1.374695</hAcc><vAcc>0.789143</vAcc></extensions></trkpt>
      <trkpt lon="-117.163980" lat="32.895212"><ele>92.966930</ele><time>2024-08-20T01:49:40Z</time><extensions><speed>1.096328</speed><course>78.577439</course><hAcc>1.360140</hAcc><vAcc>0.784679</vAcc></extensions></trkpt>
      <trkpt lon="-117.163968" lat="32.895213"><ele>93.039753</ele><time>2024-08-20T01:49:41Z</time><extensions><speed>1.157101</speed><course>88.511719</course><hAcc>1.340475</hAcc><vAcc>0.780324</vAcc></extensions></trkpt>
      <trkpt lon="-117.163956" lat="32.895212"><ele>93.129824</ele><time>2024-08-20T01:49:42Z</time><extensions><speed>1.215220</speed><course>99.466922</course><hAcc>1.322504</hAcc><vAcc>0.776199</vAcc></extensions></trkpt>
      <trkpt lon="-117.163943" lat="32.895210"><ele>93.232556</ele><time>2024-08-20T01:49:43Z</time><extensions><speed>1.173997</speed><course>109.181584</course><hAcc>1.311921</hAcc><vAcc>0.772433</vAcc></extensions></trkpt>
      <trkpt lon="-117.163932" lat="32.895206"><ele>93.348539</ele><time>2024-08-20T01:49:44Z</time><extensions><speed>1.122374</speed><course>117.496590</course><hAcc>1.310975</hAcc><vAcc>0.769114</vAcc></extensions></trkpt>
      <trkpt lon="-117.163921" lat="32.895200"><ele>93.468885</ele><time>2024-08-20T01:49:45Z</time><extensions><speed>1.172759</speed><course>123.109008</course><hAcc>1.288073</hAcc><vAcc>0.766276</vAcc></extensions></trkpt>
      <trkpt lon="-117.163911" lat="32.895194"><ele>93.611634</ele><time>2024-08-20T01:49:46Z</time><extensions><speed>1.231936</speed><course>124.079189</course><hAcc>1.267567</hAcc><vAcc>0.763922</vAcc></extensions></trkpt>
      <trkpt lon="-117.163900" lat="32.895188"><ele>93.760947</ele><time>2024-08-20T01:49:47Z</time><extensions><speed>1.226879</speed><course>123.868486</course><hAcc>1.253426</hAcc><vAcc>0.762026</vAcc></extensions></trkpt>
      <trkpt lon="-117.163889" lat="32.895182"><ele>93.909011</ele><time>2024-08-20T01:49:48Z</time><extensions><speed>1.200870</speed><course>121.245190</course><hAcc>1.242509</hAcc><vAcc>0.760541</vAcc></extensions></trkpt>
      <trkpt lon="-117.163878" lat="32.895177"><ele>94.071120</ele><time>2024-08-20T01:49:49Z</time><extensions><speed>1.180784</speed><course>120.384176</course><hAcc>1.229480</hAcc><vAcc>0.759409</vAcc></extensions></trkpt>
      <trkpt lon="-117.163867" lat="32.895172"><ele>94.231020</ele><time>2024-08-20T01:49:50Z</time><extensions><speed>1.122958</speed><course>117.234419</course><hAcc>1.244760</hAcc><vAcc>0.758570</vAcc></extensions></trkpt>
      <trkpt lon="-117.163856" lat="32.895167"><ele>94.391918</ele><time>2024-08-20T01:49:51Z</time><extensions><speed>1.236858</speed><course>116.028826</course><hAcc>1.209894</hAcc><vAcc>0.757964</vAcc></extensions></trkpt>
      <trkpt lon="-117.163843" lat="32.895162"><ele>94.553334</ele><time>2024-08-20T01:49:52Z</time><extensions><speed>1.342475</speed><course>113.908656</course><hAcc>1.205297</hAcc><vAcc>0.757540</vAcc></extensions></trkpt>
      <trkpt lon="-117.163831" lat="32.895157"><ele>94.727465</ele><time>2024-08-20T01:49:53Z</time><extensions><speed>1.233479</speed><course>114.747629</course><hAcc>1.221625</hAcc><vAcc>0.757252</vAcc></extensions></trkpt>
      <trkpt lon="-117.163819" lat="32.895153"><ele>94.909301</ele><time>2024-08-20T01:49:54Z</time><extensions><speed>1.252848</speed><course>113.432302</course><hAcc>1.216011</hAcc><vAcc>0.757063</vAcc></extensions></trkpt>
      <trkpt lon="-117.163807" lat="32.895149"><ele>95.085819</ele><time>2024-08-20T01:49:55Z</time><extensions><speed>1.155853</speed><course>110.679957</course><hAcc>1.223310</hAcc><vAcc>0.756943</vAcc></extensions></trkpt>
      <trkpt lon="-117.163796" lat="32.895145"><ele>95.255782</ele><time>2024-08-20T01:49:56Z</time><extensions><speed>1.041523</speed><course>108.403068</course><hAcc>1.228025</hAcc><vAcc>0.756870</vAcc></extensions></trkpt>
      <trkpt lon="-117.163785" lat="32.895143"><ele>95.426646</ele><time>2024-08-20T01:49:57Z</time><extensions><speed>0.977788</speed><course>108.480877</course><hAcc>1.249436</hAcc><vAcc>0.756828</vAcc></extensions></trkpt>
      <trkpt lon="-117.163776" lat="32.895140"><ele>95.593325</ele><time>2024-08-20T01:49:58Z</time><extensions><speed>0.943171</speed><course>107.698434</course><hAcc>1.255162</hAcc><vAcc>0.756805</vAcc></extensions></trkpt>
      <trkpt lon="-117.163766" lat="32.895137"><ele>95.751451</ele><time>2024-08-20T01:49:59Z</time><extensions><speed>0.926545</speed><course>108.326778</course><hAcc>1.249517</hAcc><vAcc>0.756793</vAcc></extensions></trkpt>
      <trkpt lon="-117.163756" lat="32.895135"><ele>95.903000</ele><time>2024-08-20T01:50:00Z</time><extensions><speed>1.015452</speed><course>104.204290</course><hAcc>1.248681</hAcc><vAcc>0.756786</vAcc></extensions></trkpt>
      <trkpt lon="-117.163745" lat="32.895133"><ele>96.047276</ele><time>2024-08-20T01:50:01Z</time><extensions><speed>1.099458</speed><course>100.552977</course><hAcc>1.246907</hAcc><vAcc>0.756782</vAcc></extensions></trkpt>
      <trkpt lon="-117.163733" lat="32.895131"><ele>96.189545</ele><time>2024-08-20T01:50:02Z</time><extensions><speed>1.194496</speed><course>95.783434</course><hAcc>1.235777</hAcc><vAcc>0.756779</vAcc></extensions></trkpt>
      <trkpt lon="-117.163720" lat="32.895131"><ele>96.328428</ele><time>2024-08-20T01:50:03Z</time><extensions><speed>1.331151</speed><course>89.168420</course><hAcc>1.228461</hAcc><vAcc>0.756776</vAcc></extensions></trkpt>
      <trkpt lon="-117.163707" lat="32.895132"><ele>96.467525</ele><time>2024-08-20T01:50:04Z</time><extensions><speed>1.169273</speed><course>78.957969</course><hAcc>1.218985</hAcc><vAcc>0.756773</vAcc></extensions></trkpt>
      <trkpt lon="-117.163695" lat="32.895134"><ele>96.602420</ele><time>2024-08-20T01:50:05Z</time><extensions><speed>1.059849</speed><course>72.471597</course><hAcc>1.216368</hAcc><vAcc>0.756770</vAcc></extensions></trkpt>
      <trkpt lon="-117.163684" lat="32.895138"><ele>96.737465</ele><time>2024-08-20T01:50:06Z</time><extensions><speed>1.068115</speed><course>65.809545</course><hAcc>1.211417</hAcc><vAcc>0.756766</vAcc></extensions></trkpt>
      <trkpt lon="-117.163674" lat="32.895142"><ele>96.869833</ele><time>2024-08-20T01:50:07Z</time><extensions><speed>1.052192</speed><course>62.315409</course><hAcc>1.205283</hAcc><vAcc>0.756762</vAcc></extensions></trkpt>
      <trkpt lon="-117.163665" lat="32.895147"><ele>96.993866</ele><time>2024-08-20T01:50:08Z</time><extensions><speed>1.025803</speed><course>59.017561</course><hAcc>1.202798</hAcc><vAcc>0.756759</vAcc></extensions></trkpt>
      <trkpt lon="-117.163655" lat="32.895152"><ele>97.118029</ele><time>2024-08-20T01:50:09Z</time><extensions><speed>1.070464</speed><course>55.443505</course><hAcc>1.199107</hAcc><vAcc>0.756756</vAcc></extensions></trkpt>
      <trkpt lon="-117.163645" lat="32.895158"><ele>97.234117</ele><time>2024-08-20T01:50:10Z</time><extensions><speed>1.162923</speed><course>52.175807</course><hAcc>1.192325</hAcc><vAcc>0.756753</vAcc></extensions></trkpt>
      <trkpt lon="-117.163636" lat="32.895165"><ele>97.346568</ele><time>2024-08-20T01:50:11Z</time><extensions><speed>1.259560</speed><course>47.966122</course><hAcc>1.183507</hAcc><vAcc>0.756750</vAcc></extensions></trkpt>
      <trkpt lon="-117.163626" lat="32.895173"><ele>97.454214</ele><time>2024-08-20T01:50:12Z</time><extensions><speed>1.256367</speed><course>44.154561</course><hAcc>1.173511</hAcc><vAcc>0.756748</vAcc></extensions></trkpt>
      <trkpt lon="-117.163617" lat="32.895181"><ele>97.558938</ele><time>2024-08-20T01:50:13Z</time><extensions><speed>1.192901</speed><course>43.575996</course><hAcc>1.169972</hAcc><vAcc>0.756747</vAcc></extensions></trkpt>
      <trkpt lon="-117.163608" lat="32.895188"><ele>97.652940</ele><time>2024-08-20T01:50:14Z</time><extensions><speed>1.106612</speed><course>47.575375</course><hAcc>1.180655</hAcc><vAcc>0.756746</vAcc></extensions></trkpt>
      <trkpt lon="-117.163599" lat="32.895195"><ele>97.752317</ele><time>2024-08-20T01:50:15Z</time><extensions><speed>1.121442</speed><course>50.154400</course><hAcc>1.203675</hAcc><vAcc>0.756745</vAcc></extensions></trkpt>
      <trkpt lon="-117.163590" lat="32.895202"><ele>97.852893</ele><time>2024-08-20T01:50:16Z</time><extensions><speed>1.223262</speed><course>48.099600</course><hAcc>1.161860</hAcc><vAcc>0.756744</vAcc></extensions></trkpt>
      <trkpt lon="-117.163580" lat="32.895209"><ele>97.961821</ele><time>2024-08-20T01:50:17Z</time><extensions><speed>1.332122</speed><course>46.193682</course><hAcc>1.158591</hAcc><vAcc>0.756743</vAcc></extensions></trkpt>
      <trkpt lon="-117.163569" lat="32.895218"><ele>98.072407</ele><time>2024-08-20T01:50:18Z</time><extensions><speed>1.382230</speed><course>44.768368</course><hAcc>1.172241</hAcc><vAcc>0.756743</vAcc></extensions></trkpt>
      <trkpt lon="-117.163559" lat="32.895227"><ele>98.198233</ele><time>2024-08-20T01:50:19Z</time><extensions><speed>1.328591</speed><course>45.703967</course><hAcc>1.188113</hAcc><vAcc>0.756743</vAcc></extensions></trkpt>
      <trkpt lon="-117.163550" lat="32.895234"><ele>98.326048</ele><time>2024-08-20T01:50:20Z</time><extensions><speed>1.095927</speed><course>52.121779</course><hAcc>1.223502</hAcc><vAcc>0.756743</vAcc></extensions></trkpt>
      <trkpt lon="-117.163541" lat="32.895240"><ele>98.450959</ele><time>2024-08-20T01:50:22Z</time><extensions><speed>0.885576</speed><course>47.544758</course><hAcc>1.215299</hAcc><vAcc>0.756743</vAcc></extensions></trkpt>
      <trkpt lon="-117.163535" lat="32.895246"><ele>98.579518</ele><time>2024-08-20T01:50:23Z</time><extensions><speed>0.950033</speed><course>38.933508</course><hAcc>1.195114</hAcc><vAcc>0.756742</vAcc></extensions></trkpt>
      <trkpt lon="-117.163528" lat="32.895253"><ele>98.711423</ele><time>2024-08-20T01:50:24Z</time><extensions><speed>1.115318</speed><course>30.590518</course><hAcc>1.200776</hAcc><vAcc>0.756742</vAcc></extensions></trkpt>
      <trkpt lon="-117.163522" lat="32.895263"><ele>98.846162</ele><time>2024-08-20T01:50:25Z</time><extensions><speed>1.285086</speed><course>28.876605</course><hAcc>1.212448</hAcc><vAcc>0.756742</vAcc></extensions></trkpt>
      <trkpt lon="-117.163515" lat="32.895273"><ele>98.990710</ele><time>2024-08-20T01:50:26Z</time><extensions><speed>1.277363</speed><course>29.674313</course><hAcc>1.227873</hAcc><vAcc>0.756742</vAcc></extensions></trkpt>
      <trkpt lon="-117.163509" lat="32.895282"><ele>99.139079</ele><time>2024-08-20T01:50:27Z</time><extensions><speed>1.030231</speed><course>28.950937</course><hAcc>1.255457</hAcc><vAcc>0.756742</vAcc></extensions></trkpt>
      <trkpt lon="-117.163505" lat="32.895290"><ele>99.277526</ele><time>2024-08-20T01:50:28Z</time><extensions><speed>0.947384</speed><course>22.123501</course><hAcc>1.232129</hAcc><vAcc>0.756742</vAcc></extensions></trkpt>
      <trkpt lon="-117.163501" lat="32.895298"><ele>99.416613</ele><time>2024-08-20T01:50:29Z</time><extensions><speed>0.963841</speed><course>21.780366</course><hAcc>1.237875</hAcc><vAcc>0.756742</vAcc></extensions></trkpt>
      <trkpt lon="-117.163497" lat="32.895306"><ele>99.547877</ele><time>2024-08-20T01:50:30Z</time><extensions><speed>0.990006</speed><course>25.618019</course><hAcc>1.223704</hAcc><vAcc>0.756742</vAcc></extensions></trkpt>
      <trkpt lon="-117.163491" lat="32.895314"><ele>99.673086</ele><time>2024-08-20T01:50:31Z</time><extensions><speed>1.095514</speed><course>36.054712</course><hAcc>1.209660</hAcc><vAcc>0.756742</vAcc></extensions></trkpt>
      <trkpt lon="-117.163482" lat="32.895322"><ele>99.789495</ele><time>2024-08-20T01:50:32Z</time><extensions><speed>1.295036</speed><course>47.441403</course><hAcc>1.222789</hAcc><vAcc>0.756742</vAcc></extensions></trkpt>
      <trkpt lon="-117.163471" lat="32.895328"><ele>99.915310</ele><time>2024-08-20T01:50:33Z</time><extensions><speed>1.181098</speed><course>67.307298</course><hAcc>1.249027</hAcc><vAcc>0.756742</vAcc></extensions></trkpt>
      <trkpt lon="-117.163458" lat="32.895331"><ele>100.034465</ele><time>2024-08-20T01:50:34Z</time><extensions><speed>1.409843</speed><course>81.021256</course><hAcc>1.213072</hAcc><vAcc>0.756742</vAcc></extensions></trkpt>
      <trkpt lon="-117.163444" lat="32.895333"><ele>100.143235</ele><time>2024-08-20T01:50:35Z</time><extensions><speed>1.309208</speed><course>84.161179</course><hAcc>1.199045</hAcc><vAcc>0.756742</vAcc></extensions></trkpt>
      <trkpt lon="-117.163430" lat="32.895334"><ele>100.259274</ele><time>2024-08-20T01:50:36Z</time><extensions><speed>1.245689</speed><course>82.377230</course><hAcc>1.197815</hAcc><vAcc>0.756742</vAcc></extensions></trkpt>
      <trkpt lon="-117.163417" lat="32.895336"><ele>100.381785</ele><time>2024-08-20T01:50:37Z</time><extensions><speed>1.254238</speed><course>78.448574</course><hAcc>1.202739</hAcc><vAcc>0.756742</vAcc></extensions></trkpt>
      <trkpt lon="-117.163404" lat="32.895339"><ele>100.505977</ele><time>2024-08-20T01:50:38Z</time><extensions><speed>1.286257</speed><course>73.660804</course><hAcc>1.212829</hAcc><vAcc>0.756742</vAcc></extensions></trkpt>
      <trkpt lon="-117.163391" lat="32.895342"><ele>100.637143</ele><time>2024-08-20T01:50:39Z</time><extensions><speed>1.254974</speed><course>67.889821</course><hAcc>1.219883</hAcc><vAcc>0.756742</vAcc></extensions></trkpt>
      <trkpt lon="-117.163379" lat="32.895347"><ele>100.784719</ele><time>2024-08-20T01:50:40Z</time><extensions><speed>1.250558</speed><course>62.517213</course><hAcc>1.231817</hAcc><vAcc>0.756742</vAcc></extensions></trkpt>
      <trkpt lon="-117.163367" lat="32.895352"><ele>100.935144</ele><time>2024-08-20T01:50:41Z</time><extensions><speed>1.248156</speed><course>60.743786</course><hAcc>1.246539</hAcc><vAcc>0.756742</vAcc></extensions></trkpt>
      <trkpt lon="-117.163355" lat="32.895358"><ele>101.087065</ele><time>2024-08-20T01:50:42Z</time><extensions><speed>1.286225</speed><course>58.931928</course><hAcc>1.254842</hAcc><vAcc>0.756742</vAcc></extensions></trkpt>
      <trkpt lon="-117.163344" lat="32.895364"><ele>101.243256</ele><time>2024-08-20T01:50:43Z</time><extensions><speed>1.310521</speed><course>56.436225</course><hAcc>1.255494</hAcc><vAcc>0.756742</vAcc></extensions></trkpt>
      <trkpt lon="-117.163332" lat="32.895371"><ele>101.402897</ele><time>2024-08-20T01:50:44Z</time><extensions><speed>1.287495</speed><course>52.946857</course><hAcc>1.262263</hAcc><vAcc>0.756742</vAcc></extensions></trkpt>
      <trkpt lon="-117.163321" lat="32.895378"><ele>101.568086</ele><time>2024-08-20T01:50:45Z</time><extensions><speed>1.302770</speed><course>51.430230</course><hAcc>1.260606</hAcc><vAcc>0.756742</vAcc></extensions></trkpt>
      <trkpt lon="-117.163311" lat="32.895385"><ele>101.737100</ele><time>2024-08-20T01:50:46Z</time><extensions><speed>1.236317</speed><course>53.349139</course><hAcc>1.257228</hAcc><vAcc>0.756742</vAcc></extensions></trkpt>
      <trkpt lon="-117.163300" lat="32.895392"><ele>101.903497</ele><time>2024-08-20T01:50:47Z</time><extensions><speed>1.161454</speed><course>54.743577</course><hAcc>1.257313</hAcc><vAcc>0.756742</vAcc></extensions></trkpt>
      <trkpt lon="-117.163291" lat="32.895397"><ele>102.079307</ele><time>2024-08-20T01:50:48Z</time><extensions><speed>1.058083</speed><course>54.319435</course><hAcc>1.261384</hAcc><vAcc>0.756975</vAcc></extensions></trkpt>
      <trkpt lon="-117.163281" lat="32.895403"><ele>102.260712</ele><time>2024-08-20T01:50:49Z</time><extensions><speed>1.063695</speed><course>54.973308</course><hAcc>1.262691</hAcc><vAcc>0.757395</vAcc></extensions></trkpt>
      <trkpt lon="-117.163272" lat="32.895408"><ele>102.434695</ele><time>2024-08-20T01:50:50Z</time><extensions><speed>1.093662</speed><course>56.402701</course><hAcc>1.274017</hAcc><vAcc>0.757869</vAcc></extensions></trkpt>
      <trkpt lon="-117.163262" lat="32.895414"><ele>102.612437</ele><time>2024-08-20T01:50:51Z</time><extensions><speed>1.113566</speed><course>57.408665</course><hAcc>1.300698</hAcc><vAcc>0.758501</vAcc></extensions></trkpt>
      <trkpt lon="-117.163252" lat="32.895419"><ele>102.791554</ele><time>2024-08-20T01:50:52Z</time><extensions><speed>1.051120</speed><course>57.041387</course><hAcc>1.323471</hAcc><vAcc>0.759815</vAcc></extensions></trkpt>
      <trkpt lon="-117.163243" lat="32.895424"><ele>102.969777</ele><time>2024-08-20T01:50:53Z</time><extensions><speed>0.943394</speed><course>56.692851</course><hAcc>1.333847</hAcc><vAcc>0.761628</vAcc></extensions></trkpt>
      <trkpt lon="-117.163236" lat="32.895428"><ele>103.139334</ele><time>2024-08-20T01:50:54Z</time><extensions><speed>0.782769</speed><course>57.993303</course><hAcc>1.324038</hAcc><vAcc>0.763232</vAcc></extensions></trkpt>
      <trkpt lon="-117.163229" lat="32.895432"><ele>103.307979</ele><time>2024-08-20T01:50:55Z</time><extensions><speed>0.778663</speed><course>59.612954</course><hAcc>1.331935</hAcc><vAcc>0.764858</vAcc></extensions></trkpt>
      <trkpt lon="-117.163221" lat="32.895436"><ele>103.474782</ele><time>2024-08-20T01:50:56Z</time><extensions><speed>0.862538</speed><course>59.731170</course><hAcc>1.354478</hAcc><vAcc>0.767934</vAcc></extensions></trkpt>
      <trkpt lon="-117.163213" lat="32.895440"><ele>103.651545</ele><time>2024-08-20T01:50:57Z</time><extensions><speed>0.976392</speed><course>55.538790</course><hAcc>1.359496</hAcc><vAcc>0.771525</vAcc></extensions></trkpt>
      <trkpt lon="-117.163204" lat="32.895446"><ele>103.832339</ele><time>2024-08-20T01:50:58Z</time><extensions><speed>1.075367</speed><course>53.442478</course><hAcc>1.359416</hAcc><vAcc>0.775917</vAcc></extensions></trkpt>
      <trkpt lon="-117.163195" lat="32.895451"><ele>104.004406</ele><time>2024-08-20T01:50:59Z</time><extensions><speed>1.020653</speed><course>53.502167</course><hAcc>1.348881</hAcc><vAcc>0.780231</vAcc></extensions></trkpt>
      <trkpt lon="-117.163186" lat="32.895457"><ele>104.160032</ele><time>2024-08-20T01:51:00Z</time><extensions><speed>1.047911</speed><course>55.438027</course><hAcc>1.348593</hAcc><vAcc>0.784874</vAcc></extensions></trkpt>
      <trkpt lon="-117.163176" lat="32.895462"><ele>104.306495</ele><time>2024-08-20T01:51:01Z</time><extensions><speed>1.171556</speed><course>55.819086</course><hAcc>1.350000</hAcc><vAcc>0.789509</vAcc></extensions></trkpt>
      <trkpt lon="-117.163165" lat="32.895469"><ele>104.446810</ele><time>2024-08-20T01:51:02Z</time><extensions><speed>1.279930</speed><course>55.331435</course><hAcc>1.363585</hAcc><vAcc>0.794102</vAcc></extensions></trkpt>
      <trkpt lon="-117.163154" lat="32.895475"><ele>104.588975</ele><time>2024-08-20T01:51:03Z</time><extensions><speed>1.176622</speed><course>56.596051</course><hAcc>1.396055</hAcc><vAcc>0.798751</vAcc></extensions></trkpt>
      <trkpt lon="-117.163144" lat="32.895480"><ele>104.731122</ele><time>2024-08-20T01:51:04Z</time><extensions><speed>1.079613</speed><course>59.587338</course><hAcc>1.371711</hAcc><vAcc>0.803877</vAcc></extensions></trkpt>
      <trkpt lon="-117.163134" lat="32.895485"><ele>104.864726</ele><time>2024-08-20T01:51:05Z</time><extensions><speed>1.046105</speed><course>60.620545</course><hAcc>1.367401</hAcc><vAcc>0.809241</vAcc></extensions></trkpt>
      <trkpt lon="-117.163124" lat="32.895489"><ele>104.984876</ele><time>2024-08-20T01:51:06Z</time><extensions><speed>1.082353</speed><course>62.201438</course><hAcc>1.379856</hAcc><vAcc>0.813865</vAcc></extensions></trkpt>
      <trkpt lon="-117.163114" lat="32.895493"><ele>105.100288</ele><time>2024-08-20T01:51:07Z</time><extensions><speed>1.071822</speed><course>66.727829</course><hAcc>1.384981</hAcc><vAcc>0.817015</vAcc></extensions></trkpt>
      <trkpt lon="-117.163103" lat="32.895497"><ele>105.219968</ele><time>2024-08-20T01:51:08Z</time><extensions><speed>1.066318</speed><course>68.044348</course><hAcc>1.394501</hAcc><vAcc>0.819295</vAcc></extensions></trkpt>
      <trkpt lon="-117.163093" lat="32.895501"><ele>105.328258</ele><time>2024-08-20T01:51:09Z</time><extensions><speed>1.094047</speed><course>66.853993</course><hAcc>1.390235</hAcc><vAcc>0.821688</vAcc></extensions></trkpt>
      <trkpt lon="-117.163083" lat="32.895505"><ele>105.431621</ele><time>2024-08-20T01:51:10Z</time><extensions><speed>1.052253</speed><course>63.581043</course><hAcc>1.375498</hAcc><vAcc>0.823278</vAcc></extensions></trkpt>
      <trkpt lon="-117.163073" lat="32.895509"><ele>105.536759</ele><time>2024-08-20T01:51:11Z</time><extensions><speed>0.958154</speed><course>59.503197</course><hAcc>1.363658</hAcc><vAcc>0.823969</vAcc></extensions></trkpt>
      <trkpt lon="-117.163064" lat="32.895514"><ele>105.638364</ele><time>2024-08-20T01:51:12Z</time><extensions><speed>1.056922</speed><course>62.290101</course><hAcc>1.355465</hAcc><vAcc>0.824811</vAcc></extensions></trkpt>
      <trkpt lon="-117.163053" lat="32.895518"><ele>105.744841</ele><time>2024-08-20T01:51:13Z</time><extensions><speed>1.129501</speed><course>63.097963</course><hAcc>1.346681</hAcc><vAcc>0.825379</vAcc></extensions></trkpt>
      <trkpt lon="-117.163042" lat="32.895523"><ele>105.849898</ele><time>2024-08-20T01:51:14Z</time><extensions><speed>1.277611</speed><course>62.033823</course><hAcc>1.360608</hAcc><vAcc>0.825854</vAcc></extensions></trkpt>
      <trkpt lon="-117.163030" lat="32.895529"><ele>105.962548</ele><time>2024-08-20T01:51:15Z</time><extensions><speed>1.200890</speed><course>59.373687</course><hAcc>1.356673</hAcc><vAcc>0.826256</vAcc></extensions></trkpt>
      <trkpt lon="-117.163020" lat="32.895534"><ele>106.076987</ele><time>2024-08-20T01:51:16Z</time><extensions><speed>1.075124</speed><course>57.955000</course><hAcc>1.335112</hAcc><vAcc>0.826813</vAcc></extensions></trkpt>
      <trkpt lon="-117.163011" lat="32.895539"><ele>106.191299</ele><time>2024-08-20T01:51:17Z</time><extensions><speed>1.016191</speed><course>54.334762</course><hAcc>1.332514</hAcc><vAcc>0.828016</vAcc></extensions></trkpt>
      <trkpt lon="-117.163002" lat="32.895545"><ele>106.303540</ele><time>2024-08-20T01:51:18Z</time><extensions><speed>0.990593</speed><course>50.556813</course><hAcc>1.343093</hAcc><vAcc>0.830014</vAcc></extensions></trkpt>
      <trkpt lon="-117.162994" lat="32.895551"><ele>106.416797</ele><time>2024-08-20T01:51:19Z</time><extensions><speed>1.082541</speed><course>49.691829</course><hAcc>1.352714</hAcc><vAcc>0.832458</vAcc></extensions></trkpt>
      <trkpt lon="-117.162984" lat="32.895557"><ele>106.536073</ele><time>2024-08-20T01:51:20Z</time><extensions><speed>1.195606</speed><course>50.799915</course><hAcc>1.356607</hAcc><vAcc>0.835726</vAcc></extensions></trkpt>
      <trkpt lon="-117.162975" lat="32.895564"><ele>106.654606</ele><time>2024-08-20T01:51:20Z</time><extensions><speed>1.183655</speed><course>50.594657</course><hAcc>1.363354</hAcc><vAcc>0.840650</vAcc></extensions></trkpt>
      <trkpt lon="-117.162965" lat="32.895571"><ele>106.783886</ele><time>2024-08-20T01:51:21Z</time><extensions><speed>1.193406</speed><course>52.460413</course><hAcc>1.372851</hAcc><vAcc>0.845844</vAcc></extensions></trkpt>
      <trkpt lon="-117.162954" lat="32.895577"><ele>106.900158</ele><time>2024-08-20T01:51:22Z</time><extensions><speed>1.191382</speed><course>55.515407</course><hAcc>1.383342</hAcc><vAcc>0.850878</vAcc></extensions></trkpt>
      <trkpt lon="-117.162943" lat="32.895583"><ele>107.022101</ele><time>2024-08-20T01:51:23Z</time><extensions><speed>1.195110</speed><course>59.290507</course><hAcc>1.391215</hAcc><vAcc>0.854508</vAcc></extensions></trkpt>
      <trkpt lon="-117.162932" lat="32.895588"><ele>107.127359</ele><time>2024-08-20T01:51:24Z</time><extensions><speed>1.150895</speed><course>63.097375</course><hAcc>1.394700</hAcc><vAcc>0.857756</vAcc></extensions></trkpt>
      <trkpt lon="-117.162921" lat="32.895593"><ele>107.241940</ele><time>2024-08-20T01:51:25Z</time><extensions><speed>1.157323</speed><course>63.854572</course><hAcc>1.398739</hAcc><vAcc>0.860111</vAcc></extensions></trkpt>
      <trkpt lon="-117.162910" lat="32.895597"><ele>107.363962</ele><time>2024-08-20T01:51:26Z</time><extensions><speed>1.204719</speed><course>64.710124</course><hAcc>1.396626</hAcc><vAcc>0.861785</vAcc></extensions></trkpt>
      <trkpt lon="-117.162898" lat="32.895602"><ele>107.493460</ele><time>2024-08-20T01:51:27Z</time><extensions><speed>1.221055</speed><course>62.218599</course><hAcc>1.390690</hAcc><vAcc>0.862167</vAcc></extensions></trkpt>
      <trkpt lon="-117.162887" lat="32.895607"><ele>107.611364</ele><time>2024-08-20T01:51:28Z</time><extensions><speed>1.201356</speed><course>58.304333</course><hAcc>1.385349</hAcc><vAcc>0.860980</vAcc></extensions></trkpt>
      <trkpt lon="-117.162876" lat="32.895613"><ele>107.724417</ele><time>2024-08-20T01:51:29Z</time><extensions><speed>1.137446</speed><course>56.899255</course><hAcc>1.389595</hAcc><vAcc>0.859218</vAcc></extensions></trkpt>
      <trkpt lon="-117.162867" lat="32.895618"><ele>107.854500</ele><time>2024-08-20T01:51:30Z</time><extensions><speed>1.037411</speed><course>57.120584</course><hAcc>1.407999</hAcc><vAcc>0.855908</vAcc></extensions></trkpt>
      <trkpt lon="-117.162857" lat="32.895623"><ele>107.973973</ele><time>2024-08-20T01:51:31Z</time><extensions><speed>1.110502</speed><course>62.503839</course><hAcc>1.396157</hAcc><vAcc>0.852154</vAcc></extensions></trkpt>
      <trkpt lon="-117.162846" lat="32.895628"><ele>108.095848</ele><time>2024-08-20T01:51:33Z</time><extensions><speed>1.153031</speed><course>65.806359</course><hAcc>1.388788</hAcc><vAcc>0.847681</vAcc></extensions></trkpt>
      <trkpt lon="-117.162835" lat="32.895632"><ele>108.222558</ele><time>2024-08-20T01:51:34Z</time><extensions><speed>1.123633</speed><course>65.634310</course><hAcc>1.388640</hAcc><vAcc>0.843097</vAcc></extensions></trkpt>
      <trkpt lon="-117.162824" lat="32.895636"><ele>108.352150</ele><time>2024-08-20T01:51:35Z</time><extensions><speed>1.054984</speed><course>66.113488</course><hAcc>1.383590</hAcc><vAcc>0.838504</vAcc></extensions></trkpt>
      <trkpt lon="-117.162814" lat="32.895640"><ele>108.480599</ele><time>2024-08-20T01:51:36Z</time><extensions><speed>1.024262</speed><course>62.983976</course><hAcc>1.396217</hAcc><vAcc>0.833890</vAcc></extensions></trkpt>
      <trkpt lon="-117.162804" lat="32.895644"><ele>108.600746</ele><time>2024-08-20T01:51:37Z</time><extensions><speed>1.059331</speed><course>62.865440</course><hAcc>1.398105</hAcc><vAcc>0.829907</vAcc></extensions></trkpt>
      <trkpt lon="-117.162794" lat="32.895649"><ele>108.727989</ele><time>2024-08-20T01:51:38Z</time><extensions><speed>1.106362</speed><course>63.817515</course><hAcc>1.395273</hAcc><vAcc>0.826919</vAcc></extensions></trkpt>
      <trkpt lon="-117.162783" lat="32.895653"><ele>108.861138</ele><time>2024-08-20T01:51:39Z</time><extensions><speed>1.124722</speed><course>60.813072</course><hAcc>1.390661</hAcc><vAcc>0.825376</vAcc></extensions></trkpt>
      <trkpt lon="-117.162773" lat="32.895659"><ele>109.022046</ele><time>2024-08-20T01:51:40Z</time><extensions><speed>1.129656</speed><course>54.992376</course><hAcc>1.391876</hAcc><vAcc>0.824603</vAcc></extensions></trkpt>
      <trkpt lon="-117.162764" lat="32.895665"><ele>109.195624</ele><time>2024-08-20T01:51:41Z</time><extensions><speed>1.088405</speed><course>51.638026</course><hAcc>1.391620</hAcc><vAcc>0.825447</vAcc></extensions></trkpt>
      <trkpt lon="-117.162755" lat="32.895671"><ele>109.389364</ele><time>2024-08-20T01:51:42Z</time><extensions><speed>1.102662</speed><course>51.864560</course><hAcc>1.387720</hAcc><vAcc>0.827372</vAcc></extensions></trkpt>
      <trkpt lon="-117.162745" lat="32.895677"><ele>109.589843</ele><time>2024-08-20T01:51:43Z</time><extensions><speed>1.097880</speed><course>53.362013</course><hAcc>1.388533</hAcc><vAcc>0.829814</vAcc></extensions></trkpt>
      <trkpt lon="-117.162735" lat="32.895683"><ele>109.807618</ele><time>2024-08-20T01:51:44Z</time><extensions><speed>1.162310</speed><course>56.907668</course><hAcc>1.388201</hAcc><vAcc>0.832282</vAcc></extensions></trkpt>
      <trkpt lon="-117.162725" lat="32.895689"><ele>110.031100</ele><time>2024-08-20T01:51:45Z</time><extensions><speed>1.173491</speed><course>56.788038</course><hAcc>1.383261</hAcc><vAcc>0.835222</vAcc></extensions></trkpt>
      <trkpt lon="-117.162715" lat="32.895695"><ele>110.259780</ele><time>2024-08-20T01:51:46Z</time><extensions><speed>1.195028</speed><course>54.182447</course><hAcc>1.372361</hAcc><vAcc>0.838395</vAcc></extensions></trkpt>
      <trkpt lon="-117.162704" lat="32.895701"><ele>110.500367</ele><time>2024-08-20T01:51:47Z</time><extensions><speed>1.184982</speed><course>53.803497</course><hAcc>1.363021</hAcc><vAcc>0.842382</vAcc></extensions></trkpt>
      <trkpt lon="-117.162694" lat="32.895707"><ele>110.753624</ele><time>2024-08-20T01:51:48Z</time><extensions><speed>1.173334</speed><course>55.517540</course><hAcc>1.369501</hAcc><vAcc>0.846038</vAcc></extensions></trkpt>
      <trkpt lon="-117.162684" lat="32.895713"><ele>110.995906</ele><time>2024-08-20T01:51:49Z</time><extensions><speed>1.158078</speed><course>56.369331</course><hAcc>1.383995</hAcc><vAcc>0.849930</vAcc></extensions></trkpt>
      <trkpt lon="-117.162673" lat="32.895719"><ele>111.237463</ele><time>2024-08-20T01:51:50Z</time><extensions><speed>1.219268</speed><course>55.495000</course><hAcc>1.364141</hAcc><vAcc>0.854350</vAcc></extensions></trkpt>
      <trkpt lon="-117.162664" lat="32.895725"><ele>111.475524</ele><time>2024-08-20T01:51:51Z</time><extensions><speed>1.051328</speed><course>52.397654</course><hAcc>1.368847</hAcc><vAcc>0.858768</vAcc></extensions></trkpt>
      <trkpt lon="-117.162655" lat="32.895731"><ele>111.715083</ele><time>2024-08-20T01:51:52Z</time><extensions><speed>1.084086</speed><course>48.881171</course><hAcc>1.373135</hAcc><vAcc>0.862620</vAcc></extensions></trkpt>
      <trkpt lon="-117.162646" lat="32.895738"><ele>111.939411</ele><time>2024-08-20T01:51:53Z</time><extensions><speed>1.178026</speed><course>49.958059</course><hAcc>1.380251</hAcc><vAcc>0.866576</vAcc></extensions></trkpt>
      <trkpt lon="-117.162636" lat="32.895744"><ele>112.151802</ele><time>2024-08-20T01:51:54Z</time><extensions><speed>1.136980</speed><course>51.994328</course><hAcc>1.380349</hAcc><vAcc>0.870189</vAcc></extensions></trkpt>
      <trkpt lon="-117.162627" lat="32.895750"><ele>112.364843</ele><time>2024-08-20T01:51:55Z</time><extensions><speed>1.062766</speed><course>52.416421</course><hAcc>1.378748</hAcc><vAcc>0.873651</vAcc></extensions></trkpt>
      <trkpt lon="-117.162618" lat="32.895756"><ele>112.570455</ele><time>2024-08-20T01:51:56Z</time><extensions><speed>1.044123</speed><course>51.291961</course><hAcc>1.383905</hAcc><vAcc>0.876776</vAcc></extensions></trkpt>
      <trkpt lon="-117.162609" lat="32.895762"><ele>112.756601</ele><time>2024-08-20T01:51:57Z</time><extensions><speed>1.085357</speed><course>53.636020</course><hAcc>1.398659</hAcc><vAcc>0.879830</vAcc></extensions></trkpt>
      <trkpt lon="-117.162599" lat="32.895768"><ele>112.924675</ele><time>2024-08-20T01:51:58Z</time><extensions><speed>1.138738</speed><course>55.866803</course><hAcc>1.385631</hAcc><vAcc>0.883223</vAcc></extensions></trkpt>
      <trkpt lon="-117.162589" lat="32.895774"><ele>113.083901</ele><time>2024-08-20T01:51:59Z</time><extensions><speed>1.140838</speed><course>56.451079</course><hAcc>1.389009</hAcc><vAcc>0.886882</vAcc></extensions></trkpt>
      <trkpt lon="-117.162580" lat="32.895779"><ele>113.228164</ele><time>2024-08-20T01:52:00Z</time><extensions><speed>1.071793</speed><course>53.566156</course><hAcc>1.405813</hAcc><vAcc>0.890248</vAcc></extensions></trkpt>
      <trkpt lon="-117.162570" lat="32.895785"><ele>113.365652</ele><time>2024-08-20T01:52:01Z</time><extensions><speed>1.113851</speed><course>52.049788</course><hAcc>1.417058</hAcc><vAcc>0.893418</vAcc></extensions></trkpt>
      <trkpt lon="-117.162561" lat="32.895791"><ele>113.490408</ele><time>2024-08-20T01:52:02Z</time><extensions><speed>1.034131</speed><course>49.528737</course><hAcc>1.414806</hAcc><vAcc>0.896967</vAcc></extensions></trkpt>
      <trkpt lon="-117.162553" lat="32.895797"><ele>113.602438</ele><time>2024-08-20T01:52:03Z</time><extensions><speed>0.986467</speed><course>52.933614</course><hAcc>1.419438</hAcc><vAcc>0.901540</vAcc></extensions></trkpt>
      <trkpt lon="-117.162545" lat="32.895802"><ele>113.701613</ele><time>2024-08-20T01:52:04Z</time><extensions><speed>0.989547</speed><course>55.111799</course><hAcc>1.428067</hAcc><vAcc>0.906142</vAcc></extensions></trkpt>
      <trkpt lon="-117.162536" lat="32.895808"><ele>113.795604</ele><time>2024-08-20T01:52:05Z</time><extensions><speed>1.025235</speed><course>53.774941</course><hAcc>1.426697</hAcc><vAcc>0.911108</vAcc></extensions></trkpt>
      <trkpt lon="-117.162527" lat="32.895813"><ele>113.889617</ele><time>2024-08-20T01:52:06Z</time><extensions><speed>1.082471</speed><course>52.787779</course><hAcc>1.421414</hAcc><vAcc>0.915990</vAcc></extensions></trkpt>
      <trkpt lon="-117.162518" lat="32.895819"><ele>113.994382</ele><time>2024-08-20T01:52:07Z</time><extensions><speed>1.113737</speed><course>53.206304</course><hAcc>1.425029</hAcc><vAcc>0.919554</vAcc></extensions></trkpt>
      <trkpt lon="-117.162508" lat="32.895825"><ele>114.109501</ele><time>2024-08-20T01:52:08Z</time><extensions><speed>1.101263</speed><course>55.949516</course><hAcc>1.437623</hAcc><vAcc>0.922638</vAcc></extensions></trkpt>
      <trkpt lon="-117.162498" lat="32.895830"><ele>114.247602</ele><time>2024-08-20T01:52:09Z</time><extensions><speed>1.033989</speed><course>59.142568</course><hAcc>1.447103</hAcc><vAcc>0.924783</vAcc></extensions></trkpt>
      <trkpt lon="-117.162489" lat="32.895835"><ele>114.378509</ele><time>2024-08-20T01:52:10Z</time><extensions><speed>1.047730</speed><course>59.888711</course><hAcc>1.437240</hAcc><vAcc>0.926637</vAcc></extensions></trkpt>
      <trkpt lon="-117.162478" lat="32.895840"><ele>114.518815</ele><time>2024-08-20T01:52:11Z</time><extensions><speed>1.160051</speed><course>61.130819</course><hAcc>1.443342</hAcc><vAcc>0.929541</vAcc></extensions></trkpt>
      <trkpt lon="-117.162468" lat="32.895845"><ele>114.654546</ele><time>2024-08-20T01:52:12Z</time><extensions><speed>1.159672</speed><course>59.561298</course><hAcc>1.462427</hAcc><vAcc>0.931972</vAcc></extensions></trkpt>
      <trkpt lon="-117.162457" lat="32.895850"><ele>114.784517</ele><time>2024-08-20T01:52:13Z</time><extensions><speed>1.123032</speed><course>59.558498</course><hAcc>1.483661</hAcc><vAcc>0.934092</vAcc></extensions></trkpt>
      <trkpt lon="-117.162447" lat="32.895856"><ele>114.910807</ele><time>2024-08-20T01:52:14Z</time><extensions><speed>1.113313</speed><course>56.905855</course><hAcc>1.498516</hAcc><vAcc>0.936074</vAcc></extensions></trkpt>
      <trkpt lon="-117.162437" lat="32.895861"><ele>115.032535</ele><time>2024-08-20T01:52:15Z</time><extensions><speed>1.135336</speed><course>55.305766</course><hAcc>1.513863</hAcc><vAcc>0.937271</vAcc></extensions></trkpt>
      <trkpt lon="-117.162427" lat="32.895867"><ele>115.158065</ele><time>2024-08-20T01:52:16Z</time><extensions><speed>1.162138</speed><course>55.354409</course><hAcc>1.529078</hAcc><vAcc>0.938012</vAcc></extensions></trkpt>
      <trkpt lon="-117.162416" lat="32.895873"><ele>115.285032</ele><time>2024-08-20T01:52:17Z</time><extensions><speed>1.200538</speed><course>58.893220</course><hAcc>1.545741</hAcc><vAcc>0.938795</vAcc></extensions></trkpt>
      <trkpt lon="-117.162405" lat="32.895878"><ele>115.401706</ele><time>2024-08-20T01:52:18Z</time><extensions><speed>1.166898</speed><course>62.140229</course><hAcc>1.566514</hAcc><vAcc>0.941171</vAcc></extensions></trkpt>
      <trkpt lon="-117.162393" lat="32.895882"><ele>115.500555</ele><time>2024-08-20T01:52:19Z</time><extensions><speed>1.155351</speed><course>65.180739</course><hAcc>1.588780</hAcc><vAcc>0.944006</vAcc></extensions></trkpt>
      <trkpt lon="-117.162382" lat="32.895886"><ele>115.580378</ele><time>2024-08-20T01:52:20Z</time><extensions><speed>1.162024</speed><course>68.120426</course><hAcc>1.612028</hAcc><vAcc>0.946813</vAcc></extensions></trkpt>
      <trkpt lon="-117.162370" lat="32.895890"><ele>115.666627</ele><time>2024-08-20T01:52:21Z</time><extensions><speed>1.165429</speed><course>65.939327</course><hAcc>1.627195</hAcc><vAcc>0.951087</vAcc></extensions></trkpt>
      <trkpt lon="-117.162358" lat="32.895894"><ele>115.734718</ele><time>2024-08-20T01:52:22Z</time><extensions><speed>1.203976</speed><course>68.227539</course><hAcc>1.635300</hAcc><vAcc>0.956506</vAcc></extensions></trkpt>
      <trkpt lon="-117.162345" lat="32.895897"><ele>115.793730</ele><time>2024-08-20T01:52:23Z</time><extensions><speed>1.184839</speed><course>73.122725</course><hAcc>1.648620</hAcc><vAcc>0.961229</vAcc></extensions></trkpt>
      <trkpt lon="-117.162332" lat="32.895899"><ele>115.849719</ele><time>2024-08-20T01:52:24Z</time><extensions><speed>1.246739</speed><course>80.245225</course><hAcc>1.651897</hAcc><vAcc>0.965464</vAcc></extensions></trkpt>
      <trkpt lon="-117.162318" lat="32.895900"><ele>115.905860</ele><time>2024-08-20T01:52:25Z</time><extensions><speed>1.321031</speed><course>90.123116</course><hAcc>1.645234</hAcc><vAcc>0.968378</vAcc></extensions></trkpt>
      <trkpt lon="-117.162304" lat="32.895899"><ele>115.948503</ele><time>2024-08-20T01:52:26Z</time><extensions><speed>1.410966</speed><course>100.299677</course><hAcc>1.644677</hAcc><vAcc>0.971629</vAcc></extensions></trkpt>
      <trkpt lon="-117.162288" lat="32.895895"><ele>115.972656</ele><time>2024-08-20T01:52:27Z</time><extensions><speed>1.548207</speed><course>108.042520</course><hAcc>1.659430</hAcc><vAcc>0.974598</vAcc></extensions></trkpt>
      <trkpt lon="-117.162274" lat="32.895890"><ele>115.991195</ele><time>2024-08-20T01:52:28Z</time><extensions><speed>1.423218</speed><course>121.235053</course><hAcc>1.682385</hAcc><vAcc>0.977783</vAcc></extensions></trkpt>
      <trkpt lon="-117.162261" lat="32.895882"><ele>116.011817</ele><time>2024-08-20T01:52:29Z</time><extensions><speed>1.588306</speed><course>130.830171</course><hAcc>1.645211</hAcc><vAcc>0.980036</vAcc></extensions></trkpt>
      <trkpt lon="-117.162248" lat="32.895872"><ele>116.028053</ele><time>2024-08-20T01:52:30Z</time><extensions><speed>1.568587</speed><course>135.135090</course><hAcc>1.629053</hAcc><vAcc>0.980589</vAcc></extensions></trkpt>
      <trkpt lon="-117.162236" lat="32.895862"><ele>116.045150</ele><time>2024-08-20T01:52:31Z</time><extensions><speed>1.457276</speed><course>134.482723</course><hAcc>1.643826</hAcc><vAcc>0.981870</vAcc></extensions></trkpt>
      <trkpt lon="-117.162226" lat="32.895853"><ele>116.065809</ele><time>2024-08-20T01:52:32Z</time><extensions><speed>1.248764</speed><course>134.048083</course><hAcc>1.656762</hAcc><vAcc>0.981441</vAcc></extensions></trkpt>
      <trkpt lon="-117.162216" lat="32.895846"><ele>116.097307</ele><time>2024-08-20T01:52:33Z</time><extensions><speed>1.324732</speed><course>132.181031</course><hAcc>1.627133</hAcc><vAcc>0.979971</vAcc></extensions></trkpt>
      <trkpt lon="-117.162205" lat="32.895837"><ele>116.124300</ele><time>2024-08-20T01:52:34Z</time><extensions><speed>1.327949</speed><course>133.124196</course><hAcc>1.607164</hAcc><vAcc>0.978853</vAcc></extensions></trkpt>
      <trkpt lon="-117.162195" lat="32.895829"><ele>116.156035</ele><time>2024-08-20T01:52:35Z</time><extensions><speed>1.249606</speed><course>133.625760</course><hAcc>1.600356</hAcc><vAcc>0.977742</vAcc></extensions></trkpt>
      <trkpt lon="-117.162186" lat="32.895822"><ele>116.203995</ele><time>2024-08-20T01:52:36Z</time><extensions><speed>1.065953</speed><course>139.672171</course><hAcc>1.600923</hAcc><vAcc>0.975554</vAcc></extensions></trkpt>
      <trkpt lon="-117.162179" lat="32.895814"><ele>116.263555</ele><time>2024-08-20T01:52:37Z</time><extensions><speed>1.165152</speed><course>142.419425</course><hAcc>1.558310</hAcc><vAcc>0.972199</vAcc></extensions></trkpt>
      <trkpt lon="-117.162171" lat="32.895805"><ele>116.318158</ele><time>2024-08-20T01:52:38Z</time><extensions><speed>1.210851</speed><course>143.291202</course><hAcc>1.565869</hAcc><vAcc>0.969058</vAcc></extensions></trkpt>
      <trkpt lon="-117.162163" lat="32.895796"><ele>116.358626</ele><time>2024-08-20T01:52:39Z</time><extensions><speed>1.350157</speed><course>144.312195</course><hAcc>1.579950</hAcc><vAcc>0.966613</vAcc></extensions></trkpt>
      <trkpt lon="-117.162155" lat="32.895786"><ele>116.389231</ele><time>2024-08-20T01:52:40Z</time><extensions><speed>1.408075</speed><course>143.536551</course><hAcc>1.575516</hAcc><vAcc>0.962510</vAcc></extensions></trkpt>
      <trkpt lon="-117.162146" lat="32.895776"><ele>116.421705</ele><time>2024-08-20T01:52:41Z</time><extensions><speed>1.167730</speed><course>140.952909</course><hAcc>1.602697</hAcc><vAcc>0.958462</vAcc></extensions></trkpt>
      <trkpt lon="-117.162139" lat="32.895769"><ele>116.474458</ele><time>2024-08-20T01:52:42Z</time><extensions><speed>1.069920</speed><course>141.014111</course><hAcc>1.570372</hAcc><vAcc>0.953641</vAcc></extensions></trkpt>
      <trkpt lon="-117.162132" lat="32.895761"><ele>116.524058</ele><time>2024-08-20T01:52:43Z</time><extensions><speed>1.048790</speed><course>141.813882</course><hAcc>1.558761</hAcc><vAcc>0.948694</vAcc></extensions></trkpt>
      <trkpt lon="-117.162125" lat="32.895754"><ele>116.557727</ele><time>2024-08-20T01:52:44Z</time><extensions><speed>1.094235</speed><course>142.945351</course><hAcc>1.590091</hAcc><vAcc>0.944254</vAcc></extensions></trkpt>
      <trkpt lon="-117.162117" lat="32.895746"><ele>116.567050</ele><time>2024-08-20T01:52:45Z</time><extensions><speed>1.151877</speed><course>142.490920</course><hAcc>1.617584</hAcc><vAcc>0.939690</vAcc></extensions></trkpt>
      <trkpt lon="-117.162110" lat="32.895738"><ele>116.589058</ele><time>2024-08-20T01:52:46Z</time><extensions><speed>1.102942</speed><course>144.574553</course><hAcc>1.631173</hAcc><vAcc>0.934766</vAcc></extensions></trkpt>
      <trkpt lon="-117.162104" lat="32.895730"><ele>116.615321</ele><time>2024-08-20T01:52:47Z</time><extensions><speed>0.972316</speed><course>146.105035</course><hAcc>1.635212</hAcc><vAcc>0.929811</vAcc></extensions></trkpt>
      <trkpt lon="-117.162098" lat="32.895723"><ele>116.636763</ele><time>2024-08-20T01:52:48Z</time><extensions><speed>0.833693</speed><course>147.315855</course><hAcc>1.624000</hAcc><vAcc>0.925507</vAcc></extensions></trkpt>
      <trkpt lon="-117.162094" lat="32.895717"><ele>116.639342</ele><time>2024-08-20T01:52:49Z</time><extensions><speed>0.812347</speed><course>146.129674</course><hAcc>1.625554</hAcc><vAcc>0.921444</vAcc></extensions></trkpt>
      <trkpt lon="-117.162088" lat="32.895711"><ele>116.623434</ele><time>2024-08-20T01:52:50Z</time><extensions><speed>0.880298</speed><course>143.501666</course><hAcc>1.634434</hAcc><vAcc>0.917739</vAcc></extensions></trkpt>
      <trkpt lon="-117.162082" lat="32.895705"><ele>116.594946</ele><time>2024-08-20T01:52:51Z</time><extensions><speed>1.030216</speed><course>139.456033</course><hAcc>1.648754</hAcc><vAcc>0.914177</vAcc></extensions></trkpt>
      <trkpt lon="-117.162074" lat="32.895698"><ele>116.567894</ele><time>2024-08-20T01:52:52Z</time><extensions><speed>1.086691</speed><course>133.554100</course><hAcc>1.651415</hAcc><vAcc>0.911691</vAcc></extensions></trkpt>
      <trkpt lon="-117.162065" lat="32.895692"><ele>116.542300</ele><time>2024-08-20T01:52:53Z</time><extensions><speed>1.039260</speed><course>126.351031</course><hAcc>1.649085</hAcc><vAcc>0.909770</vAcc></extensions></trkpt>
      <trkpt lon="-117.162057" lat="32.895687"><ele>116.509426</ele><time>2024-08-20T01:52:54Z</time><extensions><speed>0.879580</speed><course>118.101206</course><hAcc>1.635058</hAcc><vAcc>0.907677</vAcc></extensions></trkpt>
      <trkpt lon="-117.162049" lat="32.895684"><ele>116.476460</ele><time>2024-08-20T01:52:55Z</time><extensions><speed>0.760857</speed><course>112.693767</course><hAcc>1.624992</hAcc><vAcc>0.906089</vAcc></extensions></trkpt>
      <trkpt lon="-117.162041" lat="32.895681"><ele>116.449303</ele><time>2024-08-20T01:52:56Z</time><extensions><speed>0.809698</speed><course>118.069768</course><hAcc>1.644669</hAcc><vAcc>0.905054</vAcc></extensions></trkpt>
      <trkpt lon="-117.162033" lat="32.895677"><ele>116.411937</ele><time>2024-08-20T01:52:57Z</time><extensions><speed>0.967826</speed><course>121.651299</course><hAcc>1.651236</hAcc><vAcc>0.905695</vAcc></extensions></trkpt>
      <trkpt lon="-117.162024" lat="32.895672"><ele>116.370039</ele><time>2024-08-20T01:52:58Z</time><extensions><speed>1.038242</speed><course>121.833503</course><hAcc>1.649045</hAcc><vAcc>0.907020</vAcc></extensions></trkpt>
      <trkpt lon="-117.162015" lat="32.895667"><ele>116.340327</ele><time>2024-08-20T01:52:59Z</time><extensions><speed>1.018098</speed><course>123.319847</course><hAcc>1.644930</hAcc><vAcc>0.909255</vAcc></extensions></trkpt>
      <trkpt lon="-117.162006" lat="32.895662"><ele>116.330511</ele><time>2024-08-20T01:53:00Z</time><extensions><speed>0.870855</speed><course>123.340987</course><hAcc>1.629487</hAcc><vAcc>0.911811</vAcc></extensions></trkpt>
      <trkpt lon="-117.161999" lat="32.895658"><ele>116.335859</ele><time>2024-08-20T01:53:01Z</time><extensions><speed>0.800043</speed><course>125.521290</course><hAcc>1.612758</hAcc><vAcc>0.914361</vAcc></extensions></trkpt>
      <trkpt lon="-117.161992" lat="32.895654"><ele>116.350287</ele><time>2024-08-20T01:53:02Z</time><extensions><speed>0.886045</speed><course>126.731677</course><hAcc>1.607733</hAcc><vAcc>0.917850</vAcc></extensions></trkpt>
      <trkpt lon="-117.161983" lat="32.895649"><ele>116.364538</ele><time>2024-08-20T01:53:03Z</time><extensions><speed>1.062411</speed><course>127.349857</course><hAcc>1.609938</hAcc><vAcc>0.921026</vAcc></extensions></trkpt>
      <trkpt lon="-117.161974" lat="32.895643"><ele>116.381227</ele><time>2024-08-20T01:53:04Z</time><extensions><speed>1.126539</speed><course>127.863481</course><hAcc>1.608974</hAcc><vAcc>0.924147</vAcc></extensions></trkpt>
      <trkpt lon="-117.161965" lat="32.895636"><ele>116.407599</ele><time>2024-08-20T01:53:05Z</time><extensions><speed>1.137622</speed><course>131.647008</course><hAcc>1.609049</hAcc><vAcc>0.926587</vAcc></extensions></trkpt>
      <trkpt lon="-117.161956" lat="32.895629"><ele>116.437525</ele><time>2024-08-20T01:53:06Z</time><extensions><speed>1.087624</speed><course>132.929072</course><hAcc>1.609990</hAcc><vAcc>0.929934</vAcc></extensions></trkpt>
      <trkpt lon="-117.161948" lat="32.895623"><ele>116.458823</ele><time>2024-08-20T01:53:07Z</time><extensions><speed>0.981034</speed><course>131.783816</course><hAcc>1.607515</hAcc><vAcc>0.932842</vAcc></extensions></trkpt>
      <trkpt lon="-117.161940" lat="32.895618"><ele>116.475416</ele><time>2024-08-20T01:53:08Z</time><extensions><speed>0.929963</speed><course>130.635215</course><hAcc>1.611652</hAcc><vAcc>0.935507</vAcc></extensions></trkpt>
      <trkpt lon="-117.161932" lat="32.895612"><ele>116.494739</ele><time>2024-08-20T01:53:09Z</time><extensions><speed>0.958036</speed><course>127.424751</course><hAcc>1.624711</hAcc><vAcc>0.937693</vAcc></extensions></trkpt>
      <trkpt lon="-117.161924" lat="32.895607"><ele>116.517165</ele><time>2024-08-20T01:53:10Z</time><extensions><speed>1.001615</speed><course>124.417202</course><hAcc>1.634880</hAcc><vAcc>0.940079</vAcc></extensions></trkpt>
      <trkpt lon="-117.161914" lat="32.895602"><ele>116.551560</ele><time>2024-08-20T01:53:11Z</time><extensions><speed>1.085188</speed><course>122.902887</course><hAcc>1.638314</hAcc><vAcc>0.941513</vAcc></extensions></trkpt>
      <trkpt lon="-117.161905" lat="32.895597"><ele>116.579834</ele><time>2024-08-20T01:53:12Z</time><extensions><speed>1.092205</speed><course>122.520309</course><hAcc>1.639356</hAcc><vAcc>0.942531</vAcc></extensions></trkpt>
      <trkpt lon="-117.161895" lat="32.895592"><ele>116.599245</ele><time>2024-08-20T01:53:13Z</time><extensions><speed>1.031127</speed><course>124.091771</course><hAcc>1.625312</hAcc><vAcc>0.942460</vAcc></extensions></trkpt>
      <trkpt lon="-117.161886" lat="32.895587"><ele>116.615101</ele><time>2024-08-20T01:53:14Z</time><extensions><speed>0.951242</speed><course>125.368159</course><hAcc>1.615742</hAcc><vAcc>0.941996</vAcc></extensions></trkpt>
      <trkpt lon="-117.161878" lat="32.895582"><ele>116.621350</ele><time>2024-08-20T01:53:15Z</time><extensions><speed>0.917864</speed><course>124.512372</course><hAcc>1.623592</hAcc><vAcc>0.941846</vAcc></extensions></trkpt>
      <trkpt lon="-117.161870" lat="32.895577"><ele>116.617531</ele><time>2024-08-20T01:53:16Z</time><extensions><speed>1.009836</speed><course>120.652110</course><hAcc>1.630300</hAcc><vAcc>0.941659</vAcc></extensions></trkpt>
      <trkpt lon="-117.161860" lat="32.895573"><ele>116.601945</ele><time>2024-08-20T01:53:17Z</time><extensions><speed>1.114936</speed><course>118.465200</course><hAcc>1.631782</hAcc><vAcc>0.940993</vAcc></extensions></trkpt>
      <trkpt lon="-117.161849" lat="32.895568"><ele>116.574751</ele><time>2024-08-20T01:53:18Z</time><extensions><speed>1.128667</speed><course>119.635283</course><hAcc>1.632176</hAcc><vAcc>0.940666</vAcc></extensions></trkpt>
      <trkpt lon="-117.161839" lat="32.895562"><ele>116.551552</ele><time>2024-08-20T01:53:19Z</time><extensions><speed>1.037138</speed><course>122.375112</course><hAcc>1.635508</hAcc><vAcc>0.941644</vAcc></extensions></trkpt>
      <trkpt lon="-117.161830" lat="32.895557"><ele>116.545771</ele><time>2024-08-20T01:53:20Z</time><extensions><speed>0.991906</speed><course>122.910965</course><hAcc>1.637809</hAcc><vAcc>0.941574</vAcc></extensions></trkpt>
      <trkpt lon="-117.161822" lat="32.895552"><ele>116.555975</ele><time>2024-08-20T01:53:21Z</time><extensions><speed>0.992316</speed><course>124.194971</course><hAcc>1.641271</hAcc><vAcc>0.940593</vAcc></extensions></trkpt>
      <trkpt lon="-117.161813" lat="32.895547"><ele>116.599408</ele><time>2024-08-20T01:53:22Z</time><extensions><speed>1.006073</speed><course>125.536148</course><hAcc>1.644473</hAcc><vAcc>0.939784</vAcc></extensions></trkpt>
      <trkpt lon="-117.161804" lat="32.895542"><ele>116.645492</ele><time>2024-08-20T01:53:23Z</time><extensions><speed>1.028999</speed><course>127.446662</course><hAcc>1.646234</hAcc><vAcc>0.938948</vAcc></extensions></trkpt>
      <trkpt lon="-117.161795" lat="32.895536"><ele>116.687039</ele><time>2024-08-20T01:53:24Z</time><extensions><speed>1.029829</speed><course>129.356567</course><hAcc>1.649311</hAcc><vAcc>0.937226</vAcc></extensions></trkpt>
      <trkpt lon="-117.161786" lat="32.895530"><ele>116.748508</ele><time>2024-08-20T01:53:25Z</time><extensions><speed>1.068921</speed><course>133.084220</course><hAcc>1.648394</hAcc><vAcc>0.934683</vAcc></extensions></trkpt>
      <trkpt lon="-117.161778" lat="32.895523"><ele>116.801241</ele><time>2024-08-20T01:53:26Z</time><extensions><speed>1.039902</speed><course>137.971088</course><hAcc>1.639037</hAcc><vAcc>0.932497</vAcc></extensions></trkpt>
      <trkpt lon="-117.161771" lat="32.895515"><ele>116.860263</ele><time>2024-08-20T01:53:27Z</time><extensions><speed>1.069491</speed><course>140.668077</course><hAcc>1.626281</hAcc><vAcc>0.930604</vAcc></extensions></trkpt>
      <trkpt lon="-117.161763" lat="32.895508"><ele>116.922610</ele><time>2024-08-20T01:53:28Z</time><extensions><speed>1.172159</speed><course>137.702753</course><hAcc>1.631134</hAcc><vAcc>0.929076</vAcc></extensions></trkpt>
      <trkpt lon="-117.161753" lat="32.895499"><ele>116.996653</ele><time>2024-08-20T01:53:29Z</time><extensions><speed>1.332863</speed><course>135.416005</course><hAcc>1.664258</hAcc><vAcc>0.927808</vAcc></extensions></trkpt>
      <trkpt lon="-117.161743" lat="32.895490"><ele>117.073518</ele><time>2024-08-20T01:53:30Z</time><extensions><speed>1.375728</speed><course>134.317478</course><hAcc>1.642537</hAcc><vAcc>0.926818</vAcc></extensions></trkpt>
      <trkpt lon="-117.161732" lat="32.895482"><ele>117.144320</ele><time>2024-08-20T01:53:31Z</time><extensions><speed>1.327277</speed><course>131.765218</course><hAcc>1.633205</hAcc><vAcc>0.925226</vAcc></extensions></trkpt>
      <trkpt lon="-117.161720" lat="32.895473"><ele>117.199972</ele><time>2024-08-20T01:53:32Z</time><extensions><speed>1.464283</speed><course>129.874540</course><hAcc>1.638771</hAcc><vAcc>0.923474</vAcc></extensions></trkpt>
      <trkpt lon="-117.161708" lat="32.895464"><ele>117.225526</ele><time>2024-08-20T01:53:33Z</time><extensions><speed>1.536215</speed><course>132.164069</course><hAcc>1.650616</hAcc><vAcc>0.921692</vAcc></extensions></trkpt>
      <trkpt lon="-117.161696" lat="32.895455"><ele>117.239944</ele><time>2024-08-20T01:53:34Z</time><extensions><speed>1.495084</speed><course>133.698445</course><hAcc>1.659567</hAcc><vAcc>0.920864</vAcc></extensions></trkpt>
      <trkpt lon="-117.161685" lat="32.895445"><ele>117.244142</ele><time>2024-08-20T01:53:35Z</time><extensions><speed>1.402615</speed><course>135.209813</course><hAcc>1.665367</hAcc><vAcc>0.921656</vAcc></extensions></trkpt>
      <trkpt lon="-117.161674" lat="32.895436"><ele>117.235536</ele><time>2024-08-20T01:53:36Z</time><extensions><speed>1.366371</speed><course>136.282945</course><hAcc>1.666193</hAcc><vAcc>0.924024</vAcc></extensions></trkpt>
      <trkpt lon="-117.161664" lat="32.895427"><ele>117.203772</ele><time>2024-08-20T01:53:37Z</time><extensions><speed>1.366957</speed><course>136.681416</course><hAcc>1.659041</hAcc><vAcc>0.927217</vAcc></extensions></trkpt>
      <trkpt lon="-117.161653" lat="32.895418"><ele>117.146213</ele><time>2024-08-20T01:53:38Z</time><extensions><speed>1.416575</speed><course>136.686664</course><hAcc>1.652306</hAcc><vAcc>0.931141</vAcc></extensions></trkpt>
      <trkpt lon="-117.161643" lat="32.895408"><ele>117.077448</ele><time>2024-08-20T01:53:39Z</time><extensions><speed>1.396109</speed><course>136.438636</course><hAcc>1.673011</hAcc><vAcc>0.936908</vAcc></extensions></trkpt>
      <trkpt lon="-117.161633" lat="32.895399"><ele>116.989776</ele><time>2024-08-20T01:53:40Z</time><extensions><speed>1.270102</speed><course>135.362383</course><hAcc>1.705013</hAcc><vAcc>0.943213</vAcc></extensions></trkpt>
      <trkpt lon="-117.161623" lat="32.895391"><ele>116.866308</ele><time>2024-08-20T01:53:41Z</time><extensions><speed>1.382695</speed><course>135.107109</course><hAcc>1.680198</hAcc><vAcc>0.949109</vAcc></extensions></trkpt>
      <trkpt lon="-117.161612" lat="32.895382"><ele>116.711840</ele><time>2024-08-20T01:53:42Z</time><extensions><speed>1.431550</speed><course>135.230448</course><hAcc>1.668362</hAcc><vAcc>0.955836</vAcc></extensions></trkpt>
      <trkpt lon="-117.161602" lat="32.895372"><ele>116.527072</ele><time>2024-08-20T01:53:43Z</time><extensions><speed>1.475336</speed><course>137.204383</course><hAcc>1.665480</hAcc><vAcc>0.964002</vAcc></extensions></trkpt>
      <trkpt lon="-117.161591" lat="32.895363"><ele>116.317468</ele><time>2024-08-20T01:53:44Z</time><extensions><speed>1.398856</speed><course>138.406174</course><hAcc>1.680679</hAcc><vAcc>0.973290</vAcc></extensions></trkpt>
      <trkpt lon="-117.161582" lat="32.895354"><ele>116.113696</ele><time>2024-08-20T01:53:45Z</time><extensions><speed>1.352672</speed><course>137.794539</course><hAcc>1.704679</hAcc><vAcc>0.982585</vAcc></extensions></trkpt>
      <trkpt lon="-117.161572" lat="32.895345"><ele>115.880206</ele><time>2024-08-20T01:53:46Z</time><extensions><speed>1.319942</speed><course>135.440568</course><hAcc>1.720845</hAcc><vAcc>0.991015</vAcc></extensions></trkpt>
      <trkpt lon="-117.161562" lat="32.895337"><ele>115.636147</ele><time>2024-08-20T01:53:47Z</time><extensions><speed>1.229095</speed><course>132.084739</course><hAcc>1.727649</hAcc><vAcc>0.998795</vAcc></extensions></trkpt>
      <trkpt lon="-117.161553" lat="32.895330"><ele>115.377856</ele><time>2024-08-20T01:53:48Z</time><extensions><speed>1.114755</speed><course>129.927298</course><hAcc>1.745582</hAcc><vAcc>1.004206</vAcc></extensions></trkpt>
      <trkpt lon="-117.161545" lat="32.895324"><ele>115.106356</ele><time>2024-08-20T01:53:49Z</time><extensions><speed>0.923352</speed><course>130.343682</course><hAcc>1.778926</hAcc><vAcc>1.007696</vAcc></extensions></trkpt>
      <trkpt lon="-117.161538" lat="32.895319"><ele>114.851594</ele><time>2024-08-20T01:53:50Z</time><extensions><speed>0.856575</speed><course>134.215442</course><hAcc>1.749998</hAcc><vAcc>1.010935</vAcc></extensions></trkpt>
      <trkpt lon="-117.161532" lat="32.895313"><ele>114.575063</ele><time>2024-08-20T01:53:51Z</time><extensions><speed>0.905639</speed><course>135.992704</course><hAcc>1.745762</hAcc><vAcc>1.012394</vAcc></extensions></trkpt>
      <trkpt lon="-117.161525" lat="32.895307"><ele>114.296651</ele><time>2024-08-20T01:53:52Z</time><extensions><speed>0.982889</speed><course>135.385477</course><hAcc>1.769653</hAcc><vAcc>1.011020</vAcc></extensions></trkpt>
      <trkpt lon="-117.161517" lat="32.895301"><ele>114.003332</ele><time>2024-08-20T01:53:53Z</time><extensions><speed>0.945481</speed><course>132.753506</course><hAcc>1.792240</hAcc><vAcc>1.009014</vAcc></extensions></trkpt>
      <trkpt lon="-117.161509" lat="32.895295"><ele>113.721186</ele><time>2024-08-20T01:53:54Z</time><extensions><speed>0.935435</speed><course>129.057269</course><hAcc>1.796105</hAcc><vAcc>1.005819</vAcc></extensions></trkpt>
      <trkpt lon="-117.161501" lat="32.895290"><ele>113.463771</ele><time>2024-08-20T01:53:55Z</time><extensions><speed>0.927109</speed><course>123.076139</course><hAcc>1.804816</hAcc><vAcc>1.001773</vAcc></extensions></trkpt>
      <trkpt lon="-117.161493" lat="32.895286"><ele>113.218819</ele><time>2024-08-20T01:53:56Z</time><extensions><speed>0.884431</speed><course>124.903217</course><hAcc>1.807407</hAcc><vAcc>0.996436</vAcc></extensions></trkpt>
      <trkpt lon="-117.161486" lat="32.895280"><ele>112.956689</ele><time>2024-08-20T01:53:57Z</time><extensions><speed>0.869959</speed><course>133.891947</course><hAcc>1.811035</hAcc><vAcc>0.990903</vAcc></extensions></trkpt>
      <trkpt lon="-117.161479" lat="32.895274"><ele>112.679893</ele><time>2024-08-20T01:53:58Z</time><extensions><speed>0.942051</speed><course>142.268855</course><hAcc>1.814526</hAcc><vAcc>0.985235</vAcc></extensions></trkpt>
      <trkpt lon="-117.161473" lat="32.895267"><ele>112.378612</ele><time>2024-08-20T01:53:59Z</time><extensions><speed>0.940651</speed><course>149.443677</course><hAcc>1.811710</hAcc><vAcc>0.979562</vAcc></extensions></trkpt>
      <trkpt lon="-117.161468" lat="32.895259"><ele>112.088388</ele><time>2024-08-20T01:54:00Z</time><extensions><speed>0.991682</speed><course>149.140830</course><hAcc>1.809893</hAcc><vAcc>0.973808</vAcc></extensions></trkpt>
      <trkpt lon="-117.161462" lat="32.895251"><ele>111.818950</ele><time>2024-08-20T01:54:01Z</time><extensions><speed>1.161639</speed><course>148.784191</course><hAcc>1.810890</hAcc><vAcc>0.970277</vAcc></extensions></trkpt>
      <trkpt lon="-117.161455" lat="32.895241"><ele>111.553086</ele><time>2024-08-20T01:54:02Z</time><extensions><speed>1.280986</speed><course>147.765151</course><hAcc>1.809607</hAcc><vAcc>0.968121</vAcc></extensions></trkpt>
      <trkpt lon="-117.161448" lat="32.895231"><ele>111.293748</ele><time>2024-08-20T01:54:03Z</time><extensions><speed>1.305688</speed><course>148.077611</course><hAcc>1.797635</hAcc><vAcc>0.966804</vAcc></extensions></trkpt>
      <trkpt lon="-117.161441" lat="32.895221"><ele>111.032076</ele><time>2024-08-20T01:54:04Z</time><extensions><speed>1.296773</speed><course>150.090891</course><hAcc>1.799981</hAcc><vAcc>0.966712</vAcc></extensions></trkpt>
      <trkpt lon="-117.161434" lat="32.895211"><ele>110.764174</ele><time>2024-08-20T01:54:05Z</time><extensions><speed>1.297231</speed><course>152.423940</course><hAcc>1.803284</hAcc><vAcc>0.967692</vAcc></extensions></trkpt>
      <trkpt lon="-117.161428" lat="32.895200"><ele>110.476581</ele><time>2024-08-20T01:54:06Z</time><extensions><speed>1.331026</speed><course>155.267514</course><hAcc>1.804946</hAcc><vAcc>0.969488</vAcc></extensions></trkpt>
      <trkpt lon="-117.161423" lat="32.895189"><ele>110.191364</ele><time>2024-08-20T01:54:07Z</time><extensions><speed>1.288684</speed><course>160.854652</course><hAcc>1.796699</hAcc><vAcc>0.971532</vAcc></extensions></trkpt>
      <trkpt lon="-117.161419" lat="32.895178"><ele>109.922396</ele><time>2024-08-20T01:54:08Z</time><extensions><speed>1.259368</speed><course>162.935217</course><hAcc>1.774641</hAcc><vAcc>0.973644</vAcc></extensions></trkpt>
      <trkpt lon="-117.161415" lat="32.895168"><ele>109.659753</ele><time>2024-08-20T01:54:09Z</time><extensions><speed>1.141138</speed><course>163.483421</course><hAcc>1.749540</hAcc><vAcc>0.976487</vAcc></extensions></trkpt>
      <trkpt lon="-117.161412" lat="32.895159"><ele>109.381523</ele><time>2024-08-20T01:54:10Z</time><extensions><speed>1.006880</speed><course>162.931105</course><hAcc>1.746296</hAcc><vAcc>0.979186</vAcc></extensions></trkpt>
      <trkpt lon="-117.161409" lat="32.895151"><ele>109.114313</ele><time>2024-08-20T01:54:11Z</time><extensions><speed>0.977559</speed><course>158.712257</course><hAcc>1.773267</hAcc><vAcc>0.981135</vAcc></extensions></trkpt>
      <trkpt lon="-117.161405" lat="32.895142"><ele>108.859300</ele><time>2024-08-20T01:54:12Z</time><extensions><speed>1.065090</speed><course>158.049531</course><hAcc>1.775360</hAcc><vAcc>0.980818</vAcc></extensions></trkpt>
      <trkpt lon="-117.161401" lat="32.895133"><ele>108.590427</ele><time>2024-08-20T01:54:13Z</time><extensions><speed>1.012618</speed><course>161.123621</course><hAcc>1.765879</hAcc><vAcc>0.979683</vAcc></extensions></trkpt>
      <trkpt lon="-117.161398" lat="32.895126"><ele>108.304681</ele><time>2024-08-20T01:54:14Z</time><extensions><speed>0.846939</speed><course>165.211079</course><hAcc>1.751775</hAcc><vAcc>0.977522</vAcc></extensions></trkpt>
      <trkpt lon="-117.161396" lat="32.895119"><ele>108.022834</ele><time>2024-08-20T01:54:15Z</time><extensions><speed>0.793821</speed><course>165.847803</course><hAcc>1.733964</hAcc><vAcc>0.974466</vAcc></extensions></trkpt>
      <trkpt lon="-117.161394" lat="32.895112"><ele>107.751486</ele><time>2024-08-20T01:54:16Z</time><extensions><speed>0.745269</speed><course>164.112919</course><hAcc>1.715253</hAcc><vAcc>0.970365</vAcc></extensions></trkpt>
      <trkpt lon="-117.161391" lat="32.895106"><ele>107.501523</ele><time>2024-08-20T01:54:17Z</time><extensions><speed>0.779574</speed><course>159.756241</course><hAcc>1.716241</hAcc><vAcc>0.966292</vAcc></extensions></trkpt>
      <trkpt lon="-117.161388" lat="32.895099"><ele>107.251170</ele><time>2024-08-20T01:54:18Z</time><extensions><speed>0.835524</speed><course>155.756273</course><hAcc>1.726756</hAcc><vAcc>0.961361</vAcc></extensions></trkpt>
      <trkpt lon="-117.161384" lat="32.895092"><ele>107.000673</ele><time>2024-08-20T01:54:19Z</time><extensions><speed>0.758421</speed><course>153.338230</course><hAcc>1.717341</hAcc><vAcc>0.955911</vAcc></extensions></trkpt>
      <trkpt lon="-117.161381" lat="32.895087"><ele>106.759905</ele><time>2024-08-20T01:54:20Z</time><extensions><speed>0.560147</speed><course>146.243025</course><hAcc>1.682371</hAcc><vAcc>0.951309</vAcc></extensions></trkpt>
      <trkpt lon="-117.161378" lat="32.895084"><ele>106.537530</ele><time>2024-08-20T01:54:21Z</time><extensions><speed>0.447588</speed><course>132.513486</course><hAcc>1.661143</hAcc><vAcc>0.947204</vAcc></extensions></trkpt>
      <trkpt lon="-117.161374" lat="32.895082"><ele>106.333152</ele><time>2024-08-20T01:54:22Z</time><extensions><speed>0.432140</speed><course>104.919118</course><hAcc>1.650105</hAcc><vAcc>0.943132</vAcc></extensions></trkpt>
      <trkpt lon="-117.161368" lat="32.895082"><ele>106.156693</ele><time>2024-08-20T01:54:23Z</time><extensions><speed>0.622057</speed><course>84.259193</course><hAcc>1.648371</hAcc><vAcc>0.939054</vAcc></extensions></trkpt>
      <trkpt lon="-117.161361" lat="32.895083"><ele>106.011811</ele><time>2024-08-20T01:54:24Z</time><extensions><speed>0.873395</speed><course>73.889008</course><hAcc>1.638350</hAcc><vAcc>0.935293</vAcc></extensions></trkpt>
      <trkpt lon="-117.161352" lat="32.895086"><ele>105.890047</ele><time>2024-08-20T01:54:25Z</time><extensions><speed>0.938078</speed><course>66.471291</course><hAcc>1.626704</hAcc><vAcc>0.930810</vAcc></extensions></trkpt>
      <trkpt lon="-117.161343" lat="32.895090"><ele>105.789827</ele><time>2024-08-20T01:54:26Z</time><extensions><speed>0.870283</speed><course>62.128165</course><hAcc>1.614083</hAcc><vAcc>0.926729</vAcc></extensions></trkpt>
      <trkpt lon="-117.161335" lat="32.895094"><ele>105.700196</ele><time>2024-08-20T01:54:27Z</time><extensions><speed>0.869400</speed><course>66.660582</course><hAcc>1.607116</hAcc><vAcc>0.924004</vAcc></extensions></trkpt>
      <trkpt lon="-117.161326" lat="32.895096"><ele>105.609196</ele><time>2024-08-20T01:54:28Z</time><extensions><speed>0.961774</speed><course>72.755879</course><hAcc>1.587920</hAcc><vAcc>0.922449</vAcc></extensions></trkpt>
      <trkpt lon="-117.161316" lat="32.895098"><ele>105.554161</ele><time>2024-08-20T01:54:29Z</time><extensions><speed>0.958953</speed><course>82.776177</course><hAcc>1.569695</hAcc><vAcc>0.921089</vAcc></extensions></trkpt>
      <trkpt lon="-117.161306" lat="32.895099"><ele>105.518664</ele><time>2024-08-20T01:54:30Z</time><extensions><speed>0.870887</speed><course>92.950275</course><hAcc>1.567827</hAcc><vAcc>0.919429</vAcc></extensions></trkpt>
      <trkpt lon="-117.161298" lat="32.895098"><ele>105.514301</ele><time>2024-08-20T01:54:31Z</time><extensions><speed>0.787709</speed><course>95.110940</course><hAcc>1.572781</hAcc><vAcc>0.916367</vAcc></extensions></trkpt>
      <trkpt lon="-117.161289" lat="32.895098"><ele>105.526685</ele><time>2024-08-20T01:54:32Z</time><extensions><speed>0.833474</speed><course>90.037751</course><hAcc>1.568815</hAcc><vAcc>0.912157</vAcc></extensions></trkpt>
      <trkpt lon="-117.161280" lat="32.895098"><ele>105.546836</ele><time>2024-08-20T01:54:33Z</time><extensions><speed>0.916774</speed><course>83.592511</course><hAcc>1.556048</hAcc><vAcc>0.907157</vAcc></extensions></trkpt>
      <trkpt lon="-117.161270" lat="32.895100"><ele>105.585603</ele><time>2024-08-20T01:54:34Z</time><extensions><speed>0.986648</speed><course>79.459579</course><hAcc>1.558701</hAcc><vAcc>0.902114</vAcc></extensions></trkpt>
      <trkpt lon="-117.161260" lat="32.895101"><ele>105.634956</ele><time>2024-08-20T01:54:35Z</time><extensions><speed>0.964691</speed><course>77.922287</course><hAcc>1.581908</hAcc><vAcc>0.897042</vAcc></extensions></trkpt>
      <trkpt lon="-117.161250" lat="32.895103"><ele>105.682960</ele><time>2024-08-20T01:54:36Z</time><extensions><speed>0.838143</speed><course>79.198485</course><hAcc>1.599270</hAcc><vAcc>0.891937</vAcc></extensions></trkpt>
      <trkpt lon="-117.161243" lat="32.895104"><ele>105.747567</ele><time>2024-08-20T01:54:37Z</time><extensions><speed>0.638235</speed><course>81.465217</course><hAcc>1.604245</hAcc><vAcc>0.886338</vAcc></extensions></trkpt>
      <trkpt lon="-117.161236" lat="32.895105"><ele>105.811442</ele><time>2024-08-20T01:54:38Z</time><extensions><speed>0.676234</speed><course>84.428758</course><hAcc>1.627781</hAcc><vAcc>0.880745</vAcc></extensions></trkpt>
      <trkpt lon="-117.161229" lat="32.895105"><ele>105.890142</ele><time>2024-08-20T01:54:39Z</time><extensions><speed>0.630817</speed><course>81.881696</course><hAcc>1.649428</hAcc><vAcc>0.875491</vAcc></extensions></trkpt>
      <trkpt lon="-117.161223" lat="32.895106"><ele>105.962597</ele><time>2024-08-20T01:54:40Z</time><extensions><speed>0.541934</speed><course>69.779362</course><hAcc>1.645624</hAcc><vAcc>0.870269</vAcc></extensions></trkpt>
      <trkpt lon="-117.161218" lat="32.895108"><ele>106.052314</ele><time>2024-08-20T01:54:41Z</time><extensions><speed>0.508623</speed><course>62.249643</course><hAcc>1.639073</hAcc><vAcc>0.864929</vAcc></extensions></trkpt>
      <trkpt lon="-117.161213" lat="32.895110"><ele>106.158840</ele><time>2024-08-20T01:54:42Z</time><extensions><speed>0.506763</speed><course>59.887156</course><hAcc>1.629367</hAcc><vAcc>0.859289</vAcc></extensions></trkpt>
      <trkpt lon="-117.161208" lat="32.895113"><ele>106.271247</ele><time>2024-08-20T01:54:43Z</time><extensions><speed>0.569079</speed><course>58.138677</course><hAcc>1.615487</hAcc><vAcc>0.854645</vAcc></extensions></trkpt>
      <trkpt lon="-117.161202" lat="32.895116"><ele>106.382703</ele><time>2024-08-20T01:54:44Z</time><extensions><speed>0.760649</speed><course>62.155015</course><hAcc>1.612506</hAcc><vAcc>0.850867</vAcc></extensions></trkpt>
      <trkpt lon="-117.161194" lat="32.895118"><ele>106.492115</ele><time>2024-08-20T01:54:45Z</time><extensions><speed>0.831536</speed><course>72.483650</course><hAcc>1.592587</hAcc><vAcc>0.848264</vAcc></extensions></trkpt>
      <trkpt lon="-117.161185" lat="32.895120"><ele>106.607883</ele><time>2024-08-20T01:54:46Z</time><extensions><speed>0.840050</speed><course>80.889695</course><hAcc>1.570684</hAcc><vAcc>0.846134</vAcc></extensions></trkpt>
      <trkpt lon="-117.161176" lat="32.895121"><ele>106.721124</ele><time>2024-08-20T01:54:47Z</time><extensions><speed>0.867997</speed><course>81.309998</course><hAcc>1.554014</hAcc><vAcc>0.844282</vAcc></extensions></trkpt>
      <trkpt lon="-117.161167" lat="32.895123"><ele>106.828095</ele><time>2024-08-20T01:54:48Z</time><extensions><speed>0.869927</speed><course>79.068638</course><hAcc>1.551868</hAcc><vAcc>0.842530</vAcc></extensions></trkpt>
      <trkpt lon="-117.161158" lat="32.895124"><ele>106.939738</ele><time>2024-08-20T01:54:49Z</time><extensions><speed>0.830034</speed><course>79.881603</course><hAcc>1.551377</hAcc><vAcc>0.841496</vAcc></extensions></trkpt>
      <trkpt lon="-117.161149" lat="32.895125"><ele>107.048568</ele><time>2024-08-20T01:54:50Z</time><extensions><speed>0.853341</speed><course>80.298148</course><hAcc>1.541570</hAcc><vAcc>0.840353</vAcc></extensions></trkpt>
      <trkpt lon="-117.161140" lat="32.895127"><ele>107.162173</ele><time>2024-08-20T01:54:51Z</time><extensions><speed>0.914559</speed><course>77.713700</course><hAcc>1.548090</hAcc><vAcc>0.838838</vAcc></extensions></trkpt>
      <trkpt lon="-117.161131" lat="32.895128"><ele>107.263482</ele><time>2024-08-20T01:54:52Z</time><extensions><speed>0.906101</speed><course>76.844813</course><hAcc>1.555448</hAcc><vAcc>0.837520</vAcc></extensions></trkpt>
      <trkpt lon="-117.161122" lat="32.895130"><ele>107.360890</ele><time>2024-08-20T01:54:53Z</time><extensions><speed>0.857325</speed><course>75.229420</course><hAcc>1.564252</hAcc><vAcc>0.836174</vAcc></extensions></trkpt>
      <trkpt lon="-117.161113" lat="32.895132"><ele>107.465530</ele><time>2024-08-20T01:54:54Z</time><extensions><speed>0.795558</speed><course>74.094743</course><hAcc>1.550763</hAcc><vAcc>0.835196</vAcc></extensions></trkpt>
      <trkpt lon="-117.161105" lat="32.895134"><ele>107.565441</ele><time>2024-08-20T01:54:55Z</time><extensions><speed>0.805908</speed><course>74.887623</course><hAcc>1.545766</hAcc><vAcc>0.833891</vAcc></extensions></trkpt>
      <trkpt lon="-117.161095" lat="32.895136"><ele>107.658792</ele><time>2024-08-20T01:54:56Z</time><extensions><speed>0.953972</speed><course>75.144025</course><hAcc>1.548439</hAcc><vAcc>0.833123</vAcc></extensions></trkpt>
      <trkpt lon="-117.161084" lat="32.895138"><ele>107.745870</ele><time>2024-08-20T01:54:57Z</time><extensions><speed>1.175201</speed><course>73.912122</course><hAcc>1.535475</hAcc><vAcc>0.832462</vAcc></extensions></trkpt>
      <trkpt lon="-117.161072" lat="32.895141"><ele>107.828516</ele><time>2024-08-20T01:54:58Z</time><extensions><speed>1.186117</speed><course>76.126003</course><hAcc>1.531898</hAcc><vAcc>0.832395</vAcc></extensions></trkpt>
      <trkpt lon="-117.161061" lat="32.895143"><ele>107.900983</ele><time>2024-08-20T01:54:59Z</time><extensions><speed>0.931746</speed><course>79.937484</course><hAcc>1.553006</hAcc><vAcc>0.833640</vAcc></extensions></trkpt>
      <trkpt lon="-117.161051" lat="32.895144"><ele>107.968429</ele><time>2024-08-20T01:55:00Z</time><extensions><speed>0.872206</speed><course>83.405675</course><hAcc>1.496467</hAcc><vAcc>0.835650</vAcc></extensions></trkpt>
      <trkpt lon="-117.161041" lat="32.895146"><ele>108.026759</ele><time>2024-08-20T01:55:01Z</time><extensions><speed>0.986561</speed><course>79.811958</course><hAcc>1.481335</hAcc><vAcc>0.838915</vAcc></extensions></trkpt>
      <trkpt lon="-117.161030" lat="32.895148"><ele>108.078417</ele><time>2024-08-20T01:55:02Z</time><extensions><speed>1.127460</speed><course>77.385255</course><hAcc>1.486612</hAcc><vAcc>0.843251</vAcc></extensions></trkpt>
      <trkpt lon="-117.161018" lat="32.895151"><ele>108.116183</ele><time>2024-08-20T01:55:03Z</time><extensions><speed>1.182726</speed><course>73.346407</course><hAcc>1.505858</hAcc><vAcc>0.848277</vAcc></extensions></trkpt>
      <trkpt lon="-117.161006" lat="32.895154"><ele>108.139097</ele><time>2024-08-20T01:55:04Z</time><extensions><speed>1.002047</speed><course>71.591878</course><hAcc>1.543696</hAcc><vAcc>0.853878</vAcc></extensions></trkpt>
      <trkpt lon="-117.160995" lat="32.895157"><ele>108.154490</ele><time>2024-08-20T01:55:05Z</time><extensions><speed>1.123516</speed><course>73.243730</course><hAcc>1.511447</hAcc><vAcc>0.859865</vAcc></extensions></trkpt>
      <trkpt lon="-117.160983" lat="32.895160"><ele>108.160316</ele><time>2024-08-20T01:55:06Z</time><extensions><speed>1.235140</speed><course>73.835656</course><hAcc>1.502892</hAcc><vAcc>0.865776</vAcc></extensions></trkpt>
      <trkpt lon="-117.160970" lat="32.895163"><ele>108.153390</ele><time>2024-08-20T01:55:07Z</time><extensions><speed>1.364762</speed><course>72.314349</course><hAcc>1.510971</hAcc><vAcc>0.871459</vAcc></extensions></trkpt>
      <trkpt lon="-117.160956" lat="32.895168"><ele>108.131845</ele><time>2024-08-20T01:55:08Z</time><extensions><speed>1.387370</speed><course>67.539938</course><hAcc>1.536342</hAcc><vAcc>0.876440</vAcc></extensions></trkpt>
      <trkpt lon="-117.160943" lat="32.895173"><ele>108.100439</ele><time>2024-08-20T01:55:09Z</time><extensions><speed>1.270940</speed><course>64.861433</course><hAcc>1.571025</hAcc><vAcc>0.880445</vAcc></extensions></trkpt>
      <trkpt lon="-117.160930" lat="32.895178"><ele>108.065018</ele><time>2024-08-20T01:55:10Z</time><extensions><speed>1.318749</speed><course>64.465181</course><hAcc>1.560187</hAcc><vAcc>0.884025</vAcc></extensions></trkpt>
      <trkpt lon="-117.160917" lat="32.895183"><ele>108.014386</ele><time>2024-08-20T01:55:11Z</time><extensions><speed>1.366482</speed><course>63.331300</course><hAcc>1.564086</hAcc><vAcc>0.886640</vAcc></extensions></trkpt>
      <trkpt lon="-117.160904" lat="32.895189"><ele>107.955008</ele><time>2024-08-20T01:55:12Z</time><extensions><speed>1.425881</speed><course>62.497063</course><hAcc>1.570597</hAcc><vAcc>0.888666</vAcc></extensions></trkpt>
      <trkpt lon="-117.160891" lat="32.895194"><ele>107.886075</ele><time>2024-08-20T01:55:13Z</time><extensions><speed>1.333032</speed><course>67.755058</course><hAcc>1.577653</hAcc><vAcc>0.889900</vAcc></extensions></trkpt>
      <trkpt lon="-117.160878" lat="32.895198"><ele>107.800240</ele><time>2024-08-20T01:55:14Z</time><extensions><speed>1.213299</speed><course>73.044000</course><hAcc>1.580817</hAcc><vAcc>0.890502</vAcc></extensions></trkpt>
      <trkpt lon="-117.160866" lat="32.895200"><ele>107.715339</ele><time>2024-08-20T01:55:15Z</time><extensions><speed>1.175981</speed><course>79.130549</course><hAcc>1.580168</hAcc><vAcc>0.890417</vAcc></extensions></trkpt>
      <trkpt lon="-117.160853" lat="32.895202"><ele>107.624072</ele><time>2024-08-20T01:55:16Z</time><extensions><speed>1.200178</speed><course>83.750518</course><hAcc>1.571843</hAcc><vAcc>0.889495</vAcc></extensions></trkpt>
      <trkpt lon="-117.160840" lat="32.895203"><ele>107.530140</ele><time>2024-08-20T01:55:17Z</time><extensions><speed>1.231147</speed><course>84.848006</course><hAcc>1.558880</hAcc><vAcc>0.888489</vAcc></extensions></trkpt>
      <trkpt lon="-117.160827" lat="32.895204"><ele>107.426235</ele><time>2024-08-20T01:55:18Z</time><extensions><speed>1.183644</speed><course>85.422100</course><hAcc>1.543919</hAcc><vAcc>0.887199</vAcc></extensions></trkpt>
      <trkpt lon="-117.160815" lat="32.895204"><ele>107.308792</ele><time>2024-08-20T01:55:19Z</time><extensions><speed>1.134391</speed><course>87.414199</course><hAcc>1.531784</hAcc><vAcc>0.885987</vAcc></extensions></trkpt>
      <trkpt lon="-117.160803" lat="32.895204"><ele>107.183623</ele><time>2024-08-20T01:55:20Z</time><extensions><speed>1.087184</speed><course>93.480277</course><hAcc>1.527762</hAcc><vAcc>0.883730</vAcc></extensions></trkpt>
      <trkpt lon="-117.160791" lat="32.895203"><ele>107.049245</ele><time>2024-08-20T01:55:21Z</time><extensions><speed>1.119260</speed><course>100.426841</course><hAcc>1.506320</hAcc><vAcc>0.881297</vAcc></extensions></trkpt>
      <trkpt lon="-117.160779" lat="32.895201"><ele>106.909073</ele><time>2024-08-20T01:55:22Z</time><extensions><speed>1.162871</speed><course>102.347586</course><hAcc>1.490813</hAcc><vAcc>0.878349</vAcc></extensions></trkpt>
      <trkpt lon="-117.160767" lat="32.895199"><ele>106.757337</ele><time>2024-08-20T01:55:23Z</time><extensions><speed>1.150758</speed><course>101.979637</course><hAcc>1.483946</hAcc><vAcc>0.875457</vAcc></extensions></trkpt>
      <trkpt lon="-117.160756" lat="32.895197"><ele>106.593790</ele><time>2024-08-20T01:55:24Z</time><extensions><speed>1.087251</speed><course>102.324224</course><hAcc>1.482860</hAcc><vAcc>0.872174</vAcc></extensions></trkpt>
      <trkpt lon="-117.160744" lat="32.895194"><ele>106.439678</ele><time>2024-08-20T01:55:25Z</time><extensions><speed>1.069789</speed><course>103.702939</course><hAcc>1.470448</hAcc><vAcc>0.868663</vAcc></extensions></trkpt>
      <trkpt lon="-117.160733" lat="32.895192"><ele>106.284886</ele><time>2024-08-20T01:55:26Z</time><extensions><speed>1.152977</speed><course>107.885540</course><hAcc>1.462512</hAcc><vAcc>0.863854</vAcc></extensions></trkpt>
      <trkpt lon="-117.160721" lat="32.895188"><ele>106.103596</ele><time>2024-08-20T01:55:27Z</time><extensions><speed>1.247840</speed><course>115.560973</course><hAcc>1.464884</hAcc><vAcc>0.858814</vAcc></extensions></trkpt>
      <trkpt lon="-117.160709" lat="32.895182"><ele>105.906259</ele><time>2024-08-20T01:55:28Z</time><extensions><speed>1.252893</speed><course>124.821548</course><hAcc>1.471970</hAcc><vAcc>0.853610</vAcc></extensions></trkpt>
      <trkpt lon="-117.160699" lat="32.895176"><ele>105.714978</ele><time>2024-08-20T01:55:29Z</time><extensions><speed>1.207885</speed><course>129.434230</course><hAcc>1.482069</hAcc><vAcc>0.848405</vAcc></extensions></trkpt>
      <trkpt lon="-117.160690" lat="32.895169"><ele>105.516136</ele><time>2024-08-20T01:55:30Z</time><extensions><speed>1.053692</speed><course>133.062746</course><hAcc>1.487297</hAcc><vAcc>0.843382</vAcc></extensions></trkpt>
      <trkpt lon="-117.160682" lat="32.895163"><ele>105.313408</ele><time>2024-08-20T01:55:31Z</time><extensions><speed>0.871626</speed><course>129.584233</course><hAcc>1.487689</hAcc><vAcc>0.838322</vAcc></extensions></trkpt>
      <trkpt lon="-117.160675" lat="32.895160"><ele>105.104327</ele><time>2024-08-20T01:55:32Z</time><extensions><speed>0.756792</speed><course>110.224710</course><hAcc>1.478305</hAcc><vAcc>0.834004</vAcc></extensions></trkpt>
      <trkpt lon="-117.160667" lat="32.895158"><ele>104.886133</ele><time>2024-08-20T01:55:33Z</time><extensions><speed>0.839392</speed><course>89.188047</course><hAcc>1.485148</hAcc><vAcc>0.830169</vAcc></extensions></trkpt>
      <trkpt lon="-117.160657" lat="32.895160"><ele>104.673766</ele><time>2024-08-20T01:55:34Z</time><extensions><speed>1.022168</speed><course>72.644350</course><hAcc>1.489167</hAcc><vAcc>0.827128</vAcc></extensions></trkpt>
      <trkpt lon="-117.160646" lat="32.895163"><ele>104.467373</ele><time>2024-08-20T01:55:35Z</time><extensions><speed>1.123120</speed><course>66.037498</course><hAcc>1.487894</hAcc><vAcc>0.824361</vAcc></extensions></trkpt>
      <trkpt lon="-117.160636" lat="32.895168"><ele>104.263586</ele><time>2024-08-20T01:55:36Z</time><extensions><speed>1.048619</speed><course>63.133454</course><hAcc>1.473664</hAcc><vAcc>0.821388</vAcc></extensions></trkpt>
      <trkpt lon="-117.160627" lat="32.895172"><ele>104.072093</ele><time>2024-08-20T01:55:37Z</time><extensions><speed>0.931681</speed><course>61.091850</course><hAcc>1.444642</hAcc><vAcc>0.818804</vAcc></extensions></trkpt>
      <trkpt lon="-117.160618" lat="32.895176"><ele>103.886169</ele><time>2024-08-20T01:55:38Z</time><extensions><speed>0.903497</speed><course>62.365070</course><hAcc>1.441127</hAcc><vAcc>0.817004</vAcc></extensions></trkpt>
      <trkpt lon="-117.160609" lat="32.895180"><ele>103.712865</ele><time>2024-08-20T01:55:39Z</time><extensions><speed>1.020876</speed><course>63.341131</course><hAcc>1.435744</hAcc><vAcc>0.815293</vAcc></extensions></trkpt>
      <trkpt lon="-117.160598" lat="32.895184"><ele>103.542473</ele><time>2024-08-20T01:55:40Z</time><extensions><speed>1.148417</speed><course>65.368187</course><hAcc>1.420515</hAcc><vAcc>0.814018</vAcc></extensions></trkpt>
      <trkpt lon="-117.160587" lat="32.895188"><ele>103.376304</ele><time>2024-08-20T01:55:41Z</time><extensions><speed>1.146188</speed><course>65.923344</course><hAcc>1.403411</hAcc><vAcc>0.812651</vAcc></extensions></trkpt>
      <trkpt lon="-117.160576" lat="32.895192"><ele>103.221683</ele><time>2024-08-20T01:55:42Z</time><extensions><speed>1.110683</speed><course>65.420569</course><hAcc>1.391997</hAcc><vAcc>0.811576</vAcc></extensions></trkpt>
      <trkpt lon="-117.160565" lat="32.895196"><ele>103.066104</ele><time>2024-08-20T01:55:43Z</time><extensions><speed>1.179964</speed><course>67.331733</course><hAcc>1.393230</hAcc><vAcc>0.810612</vAcc></extensions></trkpt>
      <trkpt lon="-117.160554" lat="32.895200"><ele>102.925763</ele><time>2024-08-20T01:55:44Z</time><extensions><speed>1.095384</speed><course>68.121709</course><hAcc>1.424424</hAcc><vAcc>0.810010</vAcc></extensions></trkpt>
      <trkpt lon="-117.160543" lat="32.895204"><ele>102.798261</ele><time>2024-08-20T01:55:45Z</time><extensions><speed>1.120614</speed><course>63.694885</course><hAcc>1.394334</hAcc><vAcc>0.809897</vAcc></extensions></trkpt>
      <trkpt lon="-117.160532" lat="32.895209"><ele>102.678586</ele><time>2024-08-20T01:55:46Z</time><extensions><speed>1.146351</speed><course>63.043668</course><hAcc>1.380982</hAcc><vAcc>0.810202</vAcc></extensions></trkpt>
      <trkpt lon="-117.160521" lat="32.895213"><ele>102.565192</ele><time>2024-08-20T01:55:47Z</time><extensions><speed>1.106512</speed><course>66.228286</course><hAcc>1.386221</hAcc><vAcc>0.811203</vAcc></extensions></trkpt>
      <trkpt lon="-117.160511" lat="32.895217"><ele>102.463120</ele><time>2024-08-20T01:55:48Z</time><extensions><speed>1.071482</speed><course>70.245730</course><hAcc>1.394042</hAcc><vAcc>0.812934</vAcc></extensions></trkpt>
      <trkpt lon="-117.160499" lat="32.895220"><ele>102.383988</ele><time>2024-08-20T01:55:49Z</time><extensions><speed>1.152228</speed><course>73.754086</course><hAcc>1.385603</hAcc><vAcc>0.814843</vAcc></extensions></trkpt>
      <trkpt lon="-117.160488" lat="32.895223"><ele>102.318780</ele><time>2024-08-20T01:55:50Z</time><extensions><speed>1.132127</speed><course>72.921503</course><hAcc>1.383026</hAcc><vAcc>0.817135</vAcc></extensions></trkpt>
      <trkpt lon="-117.160476" lat="32.895226"><ele>102.262771</ele><time>2024-08-20T01:55:51Z</time><extensions><speed>1.104483</speed><course>70.241836</course><hAcc>1.377038</hAcc><vAcc>0.820039</vAcc></extensions></trkpt>
      <trkpt lon="-117.160466" lat="32.895229"><ele>102.224609</ele><time>2024-08-20T01:55:52Z</time><extensions><speed>1.011599</speed><course>69.146683</course><hAcc>1.369536</hAcc><vAcc>0.822910</vAcc></extensions></trkpt>
      <trkpt lon="-117.160456" lat="32.895233"><ele>102.191325</ele><time>2024-08-20T01:55:53Z</time><extensions><speed>0.989619</speed><course>68.483700</course><hAcc>1.357149</hAcc><vAcc>0.825563</vAcc></extensions></trkpt>
      <trkpt lon="-117.160446" lat="32.895236"><ele>102.185150</ele><time>2024-08-20T01:55:54Z</time><extensions><speed>1.065576</speed><course>69.047453</course><hAcc>1.345555</hAcc><vAcc>0.827436</vAcc></extensions></trkpt>
      <trkpt lon="-117.160435" lat="32.895240"><ele>102.207897</ele><time>2024-08-20T01:55:55Z</time><extensions><speed>1.094946</speed><course>67.803693</course><hAcc>1.331069</hAcc><vAcc>0.828690</vAcc></extensions></trkpt>
      <trkpt lon="-117.160424" lat="32.895244"><ele>102.235850</ele><time>2024-08-20T01:55:56Z</time><extensions><speed>1.064030</speed><course>65.846622</course><hAcc>1.319222</hAcc><vAcc>0.828963</vAcc></extensions></trkpt>
      <trkpt lon="-117.160414" lat="32.895247"><ele>102.279860</ele><time>2024-08-20T01:55:57Z</time><extensions><speed>0.983379</speed><course>65.088354</course><hAcc>1.317457</hAcc><vAcc>0.828850</vAcc></extensions></trkpt>
      <trkpt lon="-117.160405" lat="32.895251"><ele>102.330807</ele><time>2024-08-20T01:55:58Z</time><extensions><speed>0.897815</speed><course>61.823663</course><hAcc>1.319878</hAcc><vAcc>0.827833</vAcc></extensions></trkpt>
      <trkpt lon="-117.160397" lat="32.895255"><ele>102.391591</ele><time>2024-08-20T01:55:59Z</time><extensions><speed>0.910418</speed><course>57.526548</course><hAcc>1.280888</hAcc><vAcc>0.825847</vAcc></extensions></trkpt>
      <trkpt lon="-117.160389" lat="32.895260"><ele>102.474699</ele><time>2024-08-20T01:56:00Z</time><extensions><speed>0.928562</speed><course>56.815672</course><hAcc>1.269185</hAcc><vAcc>0.822828</vAcc></extensions></trkpt>
      <trkpt lon="-117.160380" lat="32.895264"><ele>102.553335</ele><time>2024-08-20T01:56:01Z</time><extensions><speed>0.963657</speed><course>57.589664</course><hAcc>1.271258</hAcc><vAcc>0.819298</vAcc></extensions></trkpt>
      <trkpt lon="-117.160372" lat="32.895269"><ele>102.633553</ele><time>2024-08-20T01:56:02Z</time><extensions><speed>0.968353</speed><course>58.155263</course><hAcc>1.274842</hAcc><vAcc>0.815042</vAcc></extensions></trkpt>
      <trkpt lon="-117.160363" lat="32.895274"><ele>102.720386</ele><time>2024-08-20T01:56:03Z</time><extensions><speed>0.916104</speed><course>53.887611</course><hAcc>1.265390</hAcc><vAcc>0.810225</vAcc></extensions></trkpt>
      <trkpt lon="-117.160356" lat="32.895279"><ele>102.812873</ele><time>2024-08-20T01:56:04Z</time><extensions><speed>0.913896</speed><course>49.466781</course><hAcc>1.244309</hAcc><vAcc>0.805173</vAcc></extensions></trkpt>
      <trkpt lon="-117.160348" lat="32.895285"><ele>102.899420</ele><time>2024-08-20T01:56:05Z</time><extensions><speed>0.974975</speed><course>46.942725</course><hAcc>1.230936</hAcc><vAcc>0.800256</vAcc></extensions></trkpt>
      <trkpt lon="-117.160340" lat="32.895291"><ele>102.993244</ele><time>2024-08-20T01:56:06Z</time><extensions><speed>1.050586</speed><course>47.626883</course><hAcc>1.230767</hAcc><vAcc>0.795377</vAcc></extensions></trkpt>
      <trkpt lon="-117.160332" lat="32.895297"><ele>103.085172</ele><time>2024-08-20T01:56:07Z</time><extensions><speed>1.011199</speed><course>50.251450</course><hAcc>1.235906</hAcc><vAcc>0.790732</vAcc></extensions></trkpt>
      <trkpt lon="-117.160324" lat="32.895303"><ele>103.191625</ele><time>2024-08-20T01:56:08Z</time><extensions><speed>0.971660</speed><course>49.573827</course><hAcc>1.232466</hAcc><vAcc>0.786348</vAcc></extensions></trkpt>
      <trkpt lon="-117.160316" lat="32.895308"><ele>103.292946</ele><time>2024-08-20T01:56:09Z</time><extensions><speed>0.913668</speed><course>48.040022</course><hAcc>1.222635</hAcc><vAcc>0.782237</vAcc></extensions></trkpt>
      <trkpt lon="-117.160309" lat="32.895314"><ele>103.388219</ele><time>2024-08-20T01:56:10Z</time><extensions><speed>0.930557</speed><course>47.363481</course><hAcc>1.218096</hAcc><vAcc>0.778422</vAcc></extensions></trkpt>
      <trkpt lon="-117.160302" lat="32.895319"><ele>103.471761</ele><time>2024-08-20T01:56:11Z</time><extensions><speed>0.931460</speed><course>47.983392</course><hAcc>1.233763</hAcc><vAcc>0.774929</vAcc></extensions></trkpt>
      <trkpt lon="-117.160295" lat="32.895325"><ele>103.553511</ele><time>2024-08-20T01:56:12Z</time><extensions><speed>0.807685</speed><course>49.869440</course><hAcc>1.233263</hAcc><vAcc>0.771875</vAcc></extensions></trkpt>
      <trkpt lon="-117.160288" lat="32.895329"><ele>103.634142</ele><time>2024-08-20T01:56:13Z</time><extensions><speed>0.736805</speed><course>51.760944</course><hAcc>1.224970</hAcc><vAcc>0.769630</vAcc></extensions></trkpt>
      <trkpt lon="-117.160282" lat="32.895333"><ele>103.714156</ele><time>2024-08-20T01:56:14Z</time><extensions><speed>0.728021</speed><course>48.521392</course><hAcc>1.227570</hAcc><vAcc>0.768015</vAcc></extensions></trkpt>
      <trkpt lon="-117.160277" lat="32.895338"><ele>103.795239</ele><time>2024-08-20T01:56:15Z</time><extensions><speed>0.758554</speed><course>44.164669</course><hAcc>1.264992</hAcc><vAcc>0.767394</vAcc></extensions></trkpt>
      <trkpt lon="-117.160271" lat="32.895343"><ele>103.874845</ele><time>2024-08-20T01:56:16Z</time><extensions><speed>0.810433</speed><course>42.659476</course><hAcc>1.270720</hAcc><vAcc>0.767822</vAcc></extensions></trkpt>
      <trkpt lon="-117.160265" lat="32.895348"><ele>103.957765</ele><time>2024-08-20T01:56:17Z</time><extensions><speed>0.807070</speed><course>45.684626</course><hAcc>1.273753</hAcc><vAcc>0.769535</vAcc></extensions></trkpt>
      <trkpt lon="-117.160259" lat="32.895353"><ele>104.045362</ele><time>2024-08-20T01:56:18Z</time><extensions><speed>0.678081</speed><course>52.110610</course><hAcc>1.268456</hAcc><vAcc>0.772033</vAcc></extensions></trkpt>
      <trkpt lon="-117.160253" lat="32.895357"><ele>104.131419</ele><time>2024-08-20T01:56:19Z</time><extensions><speed>0.708762</speed><course>50.975194</course><hAcc>1.280570</hAcc><vAcc>0.775173</vAcc></extensions></trkpt>
      <trkpt lon="-117.160247" lat="32.895361"><ele>104.221524</ele><time>2024-08-20T01:56:20Z</time><extensions><speed>0.846629</speed><course>43.417910</course><hAcc>1.297533</hAcc><vAcc>0.778757</vAcc></extensions></trkpt>
      <trkpt lon="-117.160241" lat="32.895368"><ele>104.331238</ele><time>2024-08-20T01:56:21Z</time><extensions><speed>1.012188</speed><course>37.730755</course><hAcc>1.303711</hAcc><vAcc>0.782359</vAcc></extensions></trkpt>
      <trkpt lon="-117.160235" lat="32.895375"><ele>104.438123</ele><time>2024-08-20T01:56:22Z</time><extensions><speed>0.962158</speed><course>30.571189</course><hAcc>1.308010</hAcc><vAcc>0.785979</vAcc></extensions></trkpt>
      <trkpt lon="-117.160230" lat="32.895383"><ele>104.553728</ele><time>2024-08-20T01:56:23Z</time><extensions><speed>0.957419</speed><course>27.107122</course><hAcc>1.305504</hAcc><vAcc>0.789873</vAcc></extensions></trkpt>
      <trkpt lon="-117.160225" lat="32.895391"><ele>104.696249</ele><time>2024-08-20T01:56:24Z</time><extensions><speed>1.020930</speed><course>26.413150</course><hAcc>1.295300</hAcc><vAcc>0.793848</vAcc></extensions></trkpt>
      <trkpt lon="-117.160221" lat="32.895399"><ele>104.842313</ele><time>2024-08-20T01:56:25Z</time><extensions><speed>0.963489</speed><course>23.966294</course><hAcc>1.288150</hAcc><vAcc>0.797807</vAcc></extensions></trkpt>
      <trkpt lon="-117.160217" lat="32.895406"><ele>104.997806</ele><time>2024-08-20T01:56:26Z</time><extensions><speed>0.876523</speed><course>24.600862</course><hAcc>1.291411</hAcc><vAcc>0.801322</vAcc></extensions></trkpt>
      <trkpt lon="-117.160213" lat="32.895413"><ele>105.176077</ele><time>2024-08-20T01:56:27Z</time><extensions><speed>0.845752</speed><course>26.821588</course><hAcc>1.313702</hAcc><vAcc>0.804007</vAcc></extensions></trkpt>
      <trkpt lon="-117.160209" lat="32.895420"><ele>105.367036</ele><time>2024-08-20T01:56:28Z</time><extensions><speed>0.874274</speed><course>24.994645</course><hAcc>1.291300</hAcc><vAcc>0.805822</vAcc></extensions></trkpt>
      <trkpt lon="-117.160205" lat="32.895428"><ele>105.573270</ele><time>2024-08-20T01:56:29Z</time><extensions><speed>0.888268</speed><course>21.128047</course><hAcc>1.290304</hAcc><vAcc>0.807640</vAcc></extensions></trkpt>
      <trkpt lon="-117.160202" lat="32.895435"><ele>105.787476</ele><time>2024-08-20T01:56:30Z</time><extensions><speed>0.912065</speed><course>18.239471</course><hAcc>1.299262</hAcc><vAcc>0.809746</vAcc></extensions></trkpt>
      <trkpt lon="-117.160199" lat="32.895443"><ele>105.997885</ele><time>2024-08-20T01:56:31Z</time><extensions><speed>0.920720</speed><course>15.152081</course><hAcc>1.303883</hAcc><vAcc>0.811749</vAcc></extensions></trkpt>
      <trkpt lon="-117.160197" lat="32.895451"><ele>106.231420</ele><time>2024-08-20T01:56:32Z</time><extensions><speed>0.840205</speed><course>15.405135</course><hAcc>1.295566</hAcc><vAcc>0.813880</vAcc></extensions></trkpt>
      <trkpt lon="-117.160194" lat="32.895458"><ele>106.477952</ele><time>2024-08-20T01:56:33Z</time><extensions><speed>0.834071</speed><course>16.511457</course><hAcc>1.293346</hAcc><vAcc>0.816057</vAcc></extensions></trkpt>
      <trkpt lon="-117.160191" lat="32.895465"><ele>106.728318</ele><time>2024-08-20T01:56:34Z</time><extensions><speed>0.890391</speed><course>17.397206</course><hAcc>1.298806</hAcc><vAcc>0.817652</vAcc></extensions></trkpt>
      <trkpt lon="-117.160189" lat="32.895473"><ele>107.002438</ele><time>2024-08-20T01:56:35Z</time><extensions><speed>0.898088</speed><course>17.810320</course><hAcc>1.307806</hAcc><vAcc>0.818928</vAcc></extensions></trkpt>
      <trkpt lon="-117.160186" lat="32.895481"><ele>107.287657</ele><time>2024-08-20T01:56:36Z</time><extensions><speed>0.949900</speed><course>16.889474</course><hAcc>1.312012</hAcc><vAcc>0.819673</vAcc></extensions></trkpt>
      <trkpt lon="-117.160183" lat="32.895489"><ele>107.580092</ele><time>2024-08-20T01:56:37Z</time><extensions><speed>0.929664</speed><course>11.490795</course><hAcc>1.290136</hAcc><vAcc>0.819591</vAcc></extensions></trkpt>
      <trkpt lon="-117.160182" lat="32.895498"><ele>107.886946</ele><time>2024-08-20T01:56:38Z</time><extensions><speed>0.924447</speed><course>8.327006</course><hAcc>1.288495</hAcc><vAcc>0.818475</vAcc></extensions></trkpt>
      <trkpt lon="-117.160180" lat="32.895506"><ele>108.198661</ele><time>2024-08-20T01:56:39Z</time><extensions><speed>0.886531</speed><course>7.984733</course><hAcc>1.296774</hAcc><vAcc>0.816196</vAcc></extensions></trkpt>
      <trkpt lon="-117.160179" lat="32.895514"><ele>108.514130</ele><time>2024-08-20T01:56:40Z</time><extensions><speed>0.918961</speed><course>8.010231</course><hAcc>1.317967</hAcc><vAcc>0.812704</vAcc></extensions></trkpt>
      <trkpt lon="-117.160177" lat="32.895522"><ele>108.826924</ele><time>2024-08-20T01:56:41Z</time><extensions><speed>0.893198</speed><course>12.428782</course><hAcc>1.293997</hAcc><vAcc>0.808458</vAcc></extensions></trkpt>
      <trkpt lon="-117.160175" lat="32.895530"><ele>109.138011</ele><time>2024-08-20T01:56:42Z</time><extensions><speed>0.928121</speed><course>14.701146</course><hAcc>1.296338</hAcc><vAcc>0.803431</vAcc></extensions></trkpt>
      <trkpt lon="-117.160173" lat="32.895538"><ele>109.441396</ele><time>2024-08-20T01:56:43Z</time><extensions><speed>1.005946</speed><course>10.761939</course><hAcc>1.299510</hAcc><vAcc>0.798174</vAcc></extensions></trkpt>
      <trkpt lon="-117.160172" lat="32.895547"><ele>109.736349</ele><time>2024-08-20T01:56:44Z</time><extensions><speed>1.026441</speed><course>1.641541</course><hAcc>1.300968</hAcc><vAcc>0.792856</vAcc></extensions></trkpt>
      <trkpt lon="-117.160172" lat="32.895557"><ele>110.021167</ele><time>2024-08-20T01:56:45Z</time><extensions><speed>1.042926</speed><course>350.511636</course><hAcc>1.303636</hAcc><vAcc>0.788039</vAcc></extensions></trkpt>
      <trkpt lon="-117.160175" lat="32.895566"><ele>110.300546</ele><time>2024-08-20T01:56:46Z</time><extensions><speed>1.094462</speed><course>346.894138</course><hAcc>1.315954</hAcc><vAcc>0.784281</vAcc></extensions></trkpt>
      <trkpt lon="-117.160177" lat="32.895575"><ele>110.571155</ele><time>2024-08-20T01:56:47Z</time><extensions><speed>1.024980</speed><course>349.108412</course><hAcc>1.309044</hAcc><vAcc>0.781557</vAcc></extensions></trkpt>
      <trkpt lon="-117.160178" lat="32.895584"><ele>110.833486</ele><time>2024-08-20T01:56:48Z</time><extensions><speed>0.937278</speed><course>355.707200</course><hAcc>1.291465</hAcc><vAcc>0.779820</vAcc></extensions></trkpt>
      <trkpt lon="-117.160178" lat="32.895592"><ele>111.080697</ele><time>2024-08-20T01:56:49Z</time><extensions><speed>0.941875</speed><course>3.852071</course><hAcc>1.287228</hAcc><vAcc>0.779067</vAcc></extensions></trkpt>
      <trkpt lon="-117.160178" lat="32.895601"><ele>111.319426</ele><time>2024-08-20T01:56:50Z</time><extensions><speed>0.917256</speed><course>0.821665</course><hAcc>1.286989</hAcc><vAcc>0.779438</vAcc></extensions></trkpt>
      <trkpt lon="-117.160178" lat="32.895609"><ele>111.538591</ele><time>2024-08-20T01:56:51Z</time><extensions><speed>0.935016</speed><course>3.049395</course><hAcc>1.302455</hAcc><vAcc>0.780645</vAcc></extensions></trkpt>
      <trkpt lon="-117.160177" lat="32.895618"><ele>111.756213</ele><time>2024-08-20T01:56:52Z</time><extensions><speed>0.944589</speed><course>5.032361</course><hAcc>1.271205</hAcc><vAcc>0.782674</vAcc></extensions></trkpt>
      <trkpt lon="-117.160177" lat="32.895626"><ele>111.963457</ele><time>2024-08-20T01:56:53Z</time><extensions><speed>0.973761</speed><course>0.712970</course><hAcc>1.255481</hAcc><vAcc>0.784872</vAcc></extensions></trkpt>
      <trkpt lon="-117.160177" lat="32.895635"><ele>112.159447</ele><time>2024-08-20T01:56:54Z</time><extensions><speed>1.020466</speed><course>355.748781</course><hAcc>1.249313</hAcc><vAcc>0.787367</vAcc></extensions></trkpt>
      <trkpt lon="-117.160178" lat="32.895644"><ele>112.348637</ele><time>2024-08-20T01:56:55Z</time><extensions><speed>0.996392</speed><course>353.850192</course><hAcc>1.250112</hAcc><vAcc>0.790250</vAcc></extensions></trkpt>
      <trkpt lon="-117.160179" lat="32.895653"><ele>112.538388</ele><time>2024-08-20T01:56:56Z</time><extensions><speed>0.882090</speed><course>352.570773</course><hAcc>1.264607</hAcc><vAcc>0.793213</vAcc></extensions></trkpt>
      <trkpt lon="-117.160181" lat="32.895661"><ele>112.736726</ele><time>2024-08-20T01:56:57Z</time><extensions><speed>0.901034</speed><course>348.698876</course><hAcc>1.250715</hAcc><vAcc>0.797148</vAcc></extensions></trkpt>
      <trkpt lon="-117.160183" lat="32.895669"><ele>112.944637</ele><time>2024-08-20T01:56:58Z</time><extensions><speed>0.972257</speed><course>344.121800</course><hAcc>1.250023</hAcc><vAcc>0.801712</vAcc></extensions></trkpt>
      <trkpt lon="-117.160186" lat="32.895677"><ele>113.158021</ele><time>2024-08-20T01:56:59Z</time><extensions><speed>1.010875</speed><course>342.805759</course><hAcc>1.263983</hAcc><vAcc>0.807026</vAcc></extensions></trkpt>
      <trkpt lon="-117.160190" lat="32.895686"><ele>113.378831</ele><time>2024-08-20T01:57:00Z</time><extensions><speed>0.982450</speed><course>340.384787</course><hAcc>1.277341</hAcc><vAcc>0.813492</vAcc></extensions></trkpt>
      <trkpt lon="-117.160193" lat="32.895694"><ele>113.599042</ele><time>2024-08-20T01:57:01Z</time><extensions><speed>0.998371</speed><course>342.733831</course><hAcc>1.284994</hAcc><vAcc>0.820822</vAcc></extensions></trkpt>
      <trkpt lon="-117.160196" lat="32.895703"><ele>113.833902</ele><time>2024-08-20T01:57:02Z</time><extensions><speed>1.037940</speed><course>343.074387</course><hAcc>1.289175</hAcc><vAcc>0.829068</vAcc></extensions></trkpt>
      <trkpt lon="-117.160199" lat="32.895712"><ele>114.085306</ele><time>2024-08-20T01:57:03Z</time><extensions><speed>1.021796</speed><course>342.435780</course><hAcc>1.313119</hAcc><vAcc>0.837696</vAcc></extensions></trkpt>
      <trkpt lon="-117.160203" lat="32.895721"><ele>114.343692</ele><time>2024-08-20T01:57:04Z</time><extensions><speed>1.013300</speed><course>338.424262</course><hAcc>1.336765</hAcc><vAcc>0.847404</vAcc></extensions></trkpt>
      <trkpt lon="-117.160208" lat="32.895729"><ele>114.609367</ele><time>2024-08-20T01:57:05Z</time><extensions><speed>0.992083</speed><course>333.522892</course><hAcc>1.351145</hAcc><vAcc>0.857080</vAcc></extensions></trkpt>
      <trkpt lon="-117.160212" lat="32.895737"><ele>114.896327</ele><time>2024-08-20T01:57:06Z</time><extensions><speed>1.041437</speed><course>333.128596</course><hAcc>1.371320</hAcc><vAcc>0.864744</vAcc></extensions></trkpt>
      <trkpt lon="-117.160218" lat="32.895745"><ele>115.183153</ele><time>2024-08-20T01:57:07Z</time><extensions><speed>1.001677</speed><course>324.586379</course><hAcc>1.386294</hAcc><vAcc>0.871037</vAcc></extensions></trkpt>
      <trkpt lon="-117.160225" lat="32.895752"><ele>115.465019</ele><time>2024-08-20T01:57:08Z</time><extensions><speed>0.981506</speed><course>316.191781</course><hAcc>1.392679</hAcc><vAcc>0.875872</vAcc></extensions></trkpt>
      <trkpt lon="-117.160232" lat="32.895758"><ele>115.760902</ele><time>2024-08-20T01:57:09Z</time><extensions><speed>0.984793</speed><course>314.244916</course><hAcc>1.399722</hAcc><vAcc>0.878782</vAcc></extensions></trkpt>
      <trkpt lon="-117.160240" lat="32.895764"><ele>116.048085</ele><time>2024-08-20T01:57:10Z</time><extensions><speed>1.027984</speed><course>315.723090</course><hAcc>1.403000</hAcc><vAcc>0.881284</vAcc></extensions></trkpt>
      <trkpt lon="-117.160248" lat="32.895771"><ele>116.346641</ele><time>2024-08-20T01:57:11Z</time><extensions><speed>1.057918</speed><course>319.295651</course><hAcc>1.406436</hAcc><vAcc>0.882363</vAcc></extensions></trkpt>
      <trkpt lon="-117.160255" lat="32.895778"><ele>116.651883</ele><time>2024-08-20T01:57:12Z</time><extensions><speed>1.076492</speed><course>320.313791</course><hAcc>1.411919</hAcc><vAcc>0.882077</vAcc></extensions></trkpt>
      <trkpt lon="-117.160263" lat="32.895786"><ele>116.954869</ele><time>2024-08-20T01:57:13Z</time><extensions><speed>1.054327</speed><course>319.782097</course><hAcc>1.416758</hAcc><vAcc>0.880801</vAcc></extensions></trkpt>
      <trkpt lon="-117.160270" lat="32.895793"><ele>117.263419</ele><time>2024-08-20T01:57:14Z</time><extensions><speed>1.023543</speed><course>320.014296</course><hAcc>1.424328</hAcc><vAcc>0.878665</vAcc></extensions></trkpt>
      <trkpt lon="-117.160277" lat="32.895800"><ele>117.569832</ele><time>2024-08-20T01:57:15Z</time><extensions><speed>1.010529</speed><course>318.942860</course><hAcc>1.429259</hAcc><vAcc>0.875949</vAcc></extensions></trkpt>
      <trkpt lon="-117.160284" lat="32.895806"><ele>117.876553</ele><time>2024-08-20T01:57:16Z</time><extensions><speed>0.994302</speed><course>316.440113</course><hAcc>1.434174</hAcc><vAcc>0.873095</vAcc></extensions></trkpt>
      <trkpt lon="-117.160292" lat="32.895812"><ele>118.190976</ele><time>2024-08-20T01:57:17Z</time><extensions><speed>0.968310</speed><course>310.348732</course><hAcc>1.439552</hAcc><vAcc>0.871176</vAcc></extensions></trkpt>
      <trkpt lon="-117.160300" lat="32.895818"><ele>118.507027</ele><time>2024-08-20T01:57:18Z</time><extensions><speed>0.980639</speed><course>305.367025</course><hAcc>1.453112</hAcc><vAcc>0.870360</vAcc></extensions></trkpt>
      <trkpt lon="-117.160309" lat="32.895823"><ele>118.833190</ele><time>2024-08-20T01:57:19Z</time><extensions><speed>1.009738</speed><course>300.927580</course><hAcc>1.459035</hAcc><vAcc>0.871172</vAcc></extensions></trkpt>
      <trkpt lon="-117.160318" lat="32.895827"><ele>119.178135</ele><time>2024-08-20T01:57:20Z</time><extensions><speed>0.987922</speed><course>298.065989</course><hAcc>1.464149</hAcc><vAcc>0.873239</vAcc></extensions></trkpt>
      <trkpt lon="-117.160327" lat="32.895831"><ele>119.523573</ele><time>2024-08-20T01:57:21Z</time><extensions><speed>0.942773</speed><course>298.228489</course><hAcc>1.460454</hAcc><vAcc>0.876442</vAcc></extensions></trkpt>
      <trkpt lon="-117.160336" lat="32.895836"><ele>119.841926</ele><time>2024-08-20T01:57:22Z</time><extensions><speed>0.962364</speed><course>307.423708</course><hAcc>1.463278</hAcc><vAcc>0.880518</vAcc></extensions></trkpt>
      <trkpt lon="-117.160344" lat="32.895841"><ele>120.157816</ele><time>2024-08-20T01:57:23Z</time><extensions><speed>0.913323</speed><course>313.378421</course><hAcc>1.461249</hAcc><vAcc>0.884856</vAcc></extensions></trkpt>
      <trkpt lon="-117.160350" lat="32.895847"><ele>120.462471</ele><time>2024-08-20T01:57:24Z</time><extensions><speed>0.865024</speed><course>313.722376</course><hAcc>1.457303</hAcc><vAcc>0.889518</vAcc></extensions></trkpt>
      <trkpt lon="-117.160357" lat="32.895852"><ele>120.754463</ele><time>2024-08-20T01:57:25Z</time><extensions><speed>0.916404</speed><course>315.487304</course><hAcc>1.463216</hAcc><vAcc>0.893968</vAcc></extensions></trkpt>
      <trkpt lon="-117.160364" lat="32.895858"><ele>121.040962</ele><time>2024-08-20T01:57:26Z</time><extensions><speed>0.952465</speed><course>318.267981</course><hAcc>1.467373</hAcc><vAcc>0.898236</vAcc></extensions></trkpt>
      <trkpt lon="-117.160371" lat="32.895865"><ele>121.311333</ele><time>2024-08-20T01:57:27Z</time><extensions><speed>0.956441</speed><course>320.153175</course><hAcc>1.468181</hAcc><vAcc>0.901916</vAcc></extensions></trkpt>
      <trkpt lon="-117.160377" lat="32.895871"><ele>121.558247</ele><time>2024-08-20T01:57:28Z</time><extensions><speed>0.898524</speed><course>320.447813</course><hAcc>1.472662</hAcc><vAcc>0.903934</vAcc></extensions></trkpt>
      <trkpt lon="-117.160383" lat="32.895878"><ele>121.796430</ele><time>2024-08-20T01:57:29Z</time><extensions><speed>0.863281</speed><course>322.914511</course><hAcc>1.474375</hAcc><vAcc>0.904500</vAcc></extensions></trkpt>
      <trkpt lon="-117.160388" lat="32.895884"><ele>122.019792</ele><time>2024-08-20T01:57:30Z</time><extensions><speed>0.899578</speed><course>324.077635</course><hAcc>1.470268</hAcc><vAcc>0.903808</vAcc></extensions></trkpt>
      <trkpt lon="-117.160394" lat="32.895891"><ele>122.224774</ele><time>2024-08-20T01:57:31Z</time><extensions><speed>0.870636</speed><course>328.051986</course><hAcc>1.475113</hAcc><vAcc>0.902393</vAcc></extensions></trkpt>
      <trkpt lon="-117.160398" lat="32.895898"><ele>122.400043</ele><time>2024-08-20T01:57:32Z</time><extensions><speed>0.869575</speed><course>333.099330</course><hAcc>1.464087</hAcc><vAcc>0.900456</vAcc></extensions></trkpt>
      <trkpt lon="-117.160402" lat="32.895904"><ele>122.565211</ele><time>2024-08-20T01:57:33Z</time><extensions><speed>0.825450</speed><course>337.095022</course><hAcc>1.439217</hAcc><vAcc>0.897970</vAcc></extensions></trkpt>
      <trkpt lon="-117.160405" lat="32.895911"><ele>122.714471</ele><time>2024-08-20T01:57:34Z</time><extensions><speed>0.860897</speed><course>337.575545</course><hAcc>1.432397</hAcc><vAcc>0.895314</vAcc></extensions></trkpt>
      <trkpt lon="-117.160409" lat="32.895919"><ele>122.857984</ele><time>2024-08-20T01:57:35Z</time><extensions><speed>0.935524</speed><course>334.114645</course><hAcc>1.421267</hAcc><vAcc>0.892462</vAcc></extensions></trkpt>
      <trkpt lon="-117.160414" lat="32.895926"><ele>122.994077</ele><time>2024-08-20T01:57:36Z</time><extensions><speed>0.992008</speed><course>332.462053</course><hAcc>1.417700</hAcc><vAcc>0.888716</vAcc></extensions></trkpt>
      <trkpt lon="-117.160419" lat="32.895934"><ele>123.122739</ele><time>2024-08-20T01:57:37Z</time><extensions><speed>1.032294</speed><course>331.253121</course><hAcc>1.410649</hAcc><vAcc>0.885284</vAcc></extensions></trkpt>
      <trkpt lon="-117.160424" lat="32.895942"><ele>123.249721</ele><time>2024-08-20T01:57:38Z</time><extensions><speed>0.969074</speed><course>330.161027</course><hAcc>1.390951</hAcc><vAcc>0.881056</vAcc></extensions></trkpt>
      <trkpt lon="-117.160430" lat="32.895950"><ele>123.384867</ele><time>2024-08-20T01:57:39Z</time><extensions><speed>0.972131</speed><course>327.272975</course><hAcc>1.391971</hAcc><vAcc>0.876186</vAcc></extensions></trkpt>
      <trkpt lon="-117.160435" lat="32.895957"><ele>123.514227</ele><time>2024-08-20T01:57:40Z</time><extensions><speed>0.974614</speed><course>325.310221</course><hAcc>1.406016</hAcc><vAcc>0.871675</vAcc></extensions></trkpt>
      <trkpt lon="-117.160441" lat="32.895964"><ele>123.633219</ele><time>2024-08-20T01:57:41Z</time><extensions><speed>0.913841</speed><course>323.673941</course><hAcc>1.424021</hAcc><vAcc>0.867670</vAcc></extensions></trkpt>
      <trkpt lon="-117.160446" lat="32.895970"><ele>123.746235</ele><time>2024-08-20T01:57:42Z</time><extensions><speed>0.711881</speed><course>323.716504</course><hAcc>1.438799</hAcc><vAcc>0.862890</vAcc></extensions></trkpt>
      <trkpt lon="-117.160451" lat="32.895974"><ele>123.848517</ele><time>2024-08-20T01:57:43Z</time><extensions><speed>0.524725</speed><course>314.029467</course><hAcc>1.455266</hAcc><vAcc>0.858094</vAcc></extensions></trkpt>
      <trkpt lon="-117.160454" lat="32.895977"><ele>123.943036</ele><time>2024-08-20T01:57:44Z</time><extensions><speed>0.355204</speed><course>307.176862</course><hAcc>1.486373</hAcc><vAcc>0.853365</vAcc></extensions></trkpt>
      <trkpt lon="-117.160456" lat="32.895978"><ele>124.031438</ele><time>2024-08-20T01:57:45Z</time><extensions><speed>0.126060</speed><course>298.387572</course><hAcc>1.514671</hAcc><vAcc>0.848592</vAcc></extensions></trkpt>
      <trkpt lon="-117.160456" lat="32.895978"><ele>124.120434</ele><time>2024-08-20T01:57:46Z</time><extensions><speed>0.163355</speed><course>134.461599</course><hAcc>1.545397</hAcc><vAcc>0.843636</vAcc></extensions></trkpt>
      <trkpt lon="-117.160454" lat="32.895976"><ele>124.202631</ele><time>2024-08-20T01:57:47Z</time><extensions><speed>0.416616</speed><course>135.965492</course><hAcc>1.569138</hAcc><vAcc>0.838894</vAcc></extensions></trkpt>
      <trkpt lon="-117.160450" lat="32.895972"><ele>124.275126</ele><time>2024-08-20T01:57:48Z</time><extensions><speed>0.564928</speed><course>137.208440</course><hAcc>1.592671</hAcc><vAcc>0.834258</vAcc></extensions></trkpt>
      <trkpt lon="-117.160446" lat="32.895968"><ele>124.333338</ele><time>2024-08-20T01:57:49Z</time><extensions><speed>0.672200</speed><course>138.570237</course><hAcc>1.606197</hAcc><vAcc>0.829662</vAcc></extensions></trkpt>
      <trkpt lon="-117.160441" lat="32.895963"><ele>124.366043</ele><time>2024-08-20T01:57:50Z</time><extensions><speed>0.780724</speed><course>139.649111</course><hAcc>1.616478</hAcc><vAcc>0.825808</vAcc></extensions></trkpt>
      <trkpt lon="-117.160436" lat="32.895958"><ele>124.386881</ele><time>2024-08-20T01:57:51Z</time><extensions><speed>0.740283</speed><course>141.073796</course><hAcc>1.655866</hAcc><vAcc>0.823096</vAcc></extensions></trkpt>
      <trkpt lon="-117.160431" lat="32.895953"><ele>124.387600</ele><time>2024-08-20T01:57:52Z</time><extensions><speed>0.737702</speed><course>143.907864</course><hAcc>1.689732</hAcc><vAcc>0.821371</vAcc></extensions></trkpt>
      <trkpt lon="-117.160426" lat="32.895947"><ele>124.365261</ele><time>2024-08-20T01:57:53Z</time><extensions><speed>0.758181</speed><course>147.776601</course><hAcc>1.716087</hAcc><vAcc>0.820855</vAcc></extensions></trkpt>
      <trkpt lon="-117.160422" lat="32.895941"><ele>124.318965</ele><time>2024-08-20T01:57:54Z</time><extensions><speed>0.804065</speed><course>151.594622</course><hAcc>1.735931</hAcc><vAcc>0.821017</vAcc></extensions></trkpt>
      <trkpt lon="-117.160418" lat="32.895934"><ele>124.265905</ele><time>2024-08-20T01:57:55Z</time><extensions><speed>0.858635</speed><course>152.774160</course><hAcc>1.745031</hAcc><vAcc>0.821969</vAcc></extensions></trkpt>
      <trkpt lon="-117.160413" lat="32.895927"><ele>124.206446</ele><time>2024-08-20T01:57:56Z</time><extensions><speed>0.942948</speed><course>150.761608</course><hAcc>1.745781</hAcc><vAcc>0.824024</vAcc></extensions></trkpt>
      <trkpt lon="-117.160408" lat="32.895920"><ele>124.131593</ele><time>2024-08-20T01:57:57Z</time><extensions><speed>0.848783</speed><course>146.462853</course><hAcc>1.767414</hAcc><vAcc>0.827030</vAcc></extensions></trkpt>
      <trkpt lon="-117.160403" lat="32.895914"><ele>124.041226</ele><time>2024-08-20T01:57:58Z</time><extensions><speed>0.815411</speed><course>141.276376</course><hAcc>1.770853</hAcc><vAcc>0.831215</vAcc></extensions></trkpt>
      <trkpt lon="-117.160397" lat="32.895908"><ele>123.947878</ele><time>2024-08-20T01:57:59Z</time><extensions><speed>0.824398</speed><course>138.270773</course><hAcc>1.764187</hAcc><vAcc>0.836179</vAcc></extensions></trkpt>
      <trkpt lon="-117.160392" lat="32.895903"><ele>123.835203</ele><time>2024-08-20T01:58:00Z</time><extensions><speed>0.766064</speed><course>140.440569</course><hAcc>1.775564</hAcc><vAcc>0.841747</vAcc></extensions></trkpt>
      <trkpt lon="-117.160387" lat="32.895897"><ele>123.715888</ele><time>2024-08-20T01:58:01Z</time><extensions><speed>0.748484</speed><course>147.612124</course><hAcc>1.782988</hAcc><vAcc>0.847585</vAcc></extensions></trkpt>
      <trkpt lon="-117.160383" lat="32.895891"><ele>123.579719</ele><time>2024-08-20T01:58:02Z</time><extensions><speed>0.760612</speed><course>155.888863</course><hAcc>1.780695</hAcc><vAcc>0.853935</vAcc></extensions></trkpt>
      <trkpt lon="-117.160380" lat="32.895884"><ele>123.434780</ele><time>2024-08-20T01:58:03Z</time><extensions><speed>0.791371</speed><course>163.104957</course><hAcc>1.777423</hAcc><vAcc>0.860499</vAcc></extensions></trkpt>
      <trkpt lon="-117.160378" lat="32.895877"><ele>123.288288</ele><time>2024-08-20T01:58:04Z</time><extensions><speed>0.830581</speed><course>169.046966</course><hAcc>1.782255</hAcc><vAcc>0.867629</vAcc></extensions></trkpt>
      <trkpt lon="-117.160377" lat="32.895870"><ele>123.138166</ele><time>2024-08-20T01:58:05Z</time><extensions><speed>0.885834</speed><course>174.333277</course><hAcc>1.789967</hAcc><vAcc>0.874978</vAcc></extensions></trkpt>
      <trkpt lon="-117.160377" lat="32.895861"><ele>122.975153</ele><time>2024-08-20T01:58:06Z</time><extensions><speed>0.942423</speed><course>179.046188</course><hAcc>1.794680</hAcc><vAcc>0.882746</vAcc></extensions></trkpt>
      <trkpt lon="-117.160377" lat="32.895853"><ele>122.809500</ele><time>2024-08-20T01:58:07Z</time><extensions><speed>0.963559</speed><course>181.995609</course><hAcc>1.804952</hAcc><vAcc>0.890847</vAcc></extensions></trkpt>
      <trkpt lon="-117.160377" lat="32.895844"><ele>122.628983</ele><time>2024-08-20T01:58:08Z</time><extensions><speed>0.964136</speed><course>184.453118</course><hAcc>1.817347</hAcc><vAcc>0.898878</vAcc></extensions></trkpt>
      <trkpt lon="-117.160378" lat="32.895835"><ele>122.430636</ele><time>2024-08-20T01:58:09Z</time><extensions><speed>0.945935</speed><course>187.202555</course><hAcc>1.831944</hAcc><vAcc>0.907010</vAcc></extensions></trkpt>
      <trkpt lon="-117.160380" lat="32.895827"><ele>122.222404</ele><time>2024-08-20T01:58:10Z</time><extensions><speed>0.932656</speed><course>190.800970</course><hAcc>1.844842</hAcc><vAcc>0.914853</vAcc></extensions></trkpt>
      <trkpt lon="-117.160382" lat="32.895818"><ele>122.027394</ele><time>2024-08-20T01:58:11Z</time><extensions><speed>0.948902</speed><course>195.064008</course><hAcc>1.855120</hAcc><vAcc>0.922955</vAcc></extensions></trkpt>
      <trkpt lon="-117.160385" lat="32.895810"><ele>121.833782</ele><time>2024-08-20T01:58:12Z</time><extensions><speed>0.928852</speed><course>198.525331</course><hAcc>1.872361</hAcc><vAcc>0.930419</vAcc></extensions></trkpt>
      <trkpt lon="-117.160389" lat="32.895802"><ele>121.634529</ele><time>2024-08-20T01:58:13Z</time><extensions><speed>0.933828</speed><course>204.016956</course><hAcc>1.878394</hAcc><vAcc>0.937597</vAcc></extensions></trkpt>
      <trkpt lon="-117.160394" lat="32.895795"><ele>121.422379</ele><time>2024-08-20T01:58:14Z</time><extensions><speed>0.927655</speed><course>209.663667</course><hAcc>1.884123</hAcc><vAcc>0.943657</vAcc></extensions></trkpt>
      <trkpt lon="-117.160399" lat="32.895787"><ele>121.194830</ele><time>2024-08-20T01:58:15Z</time><extensions><speed>0.929175</speed><course>213.960001</course><hAcc>1.894462</hAcc><vAcc>0.950203</vAcc></extensions></trkpt>
      <trkpt lon="-117.160405" lat="32.895781"><ele>120.957601</ele><time>2024-08-20T01:58:16Z</time><extensions><speed>0.948753</speed><course>218.595022</course><hAcc>1.904249</hAcc><vAcc>0.957647</vAcc></extensions></trkpt>
      <trkpt lon="-117.160412" lat="32.895774"><ele>120.715579</ele><time>2024-08-20T01:58:17Z</time><extensions><speed>0.964693</speed><course>221.468786</course><hAcc>1.916238</hAcc><vAcc>0.964525</vAcc></extensions></trkpt>
      <trkpt lon="-117.160419" lat="32.895767"><ele>120.458969</ele><time>2024-08-20T01:58:18Z</time><extensions><speed>0.979229</speed><course>224.676242</course><hAcc>1.927248</hAcc><vAcc>0.970698</vAcc></extensions></trkpt>
      <trkpt lon="-117.160426" lat="32.895761"><ele>120.228387</ele><time>2024-08-20T01:58:19Z</time><extensions><speed>0.992406</speed><course>226.812716</course><hAcc>1.936883</hAcc><vAcc>0.974513</vAcc></extensions></trkpt>
      <trkpt lon="-117.160434" lat="32.895755"><ele>120.003826</ele><time>2024-08-20T01:58:20Z</time><extensions><speed>1.010214</speed><course>229.048974</course><hAcc>1.941724</hAcc><vAcc>0.976740</vAcc></extensions></trkpt>
      <trkpt lon="-117.160443" lat="32.895749"><ele>119.796273</ele><time>2024-08-20T01:58:21Z</time><extensions><speed>1.026939</speed><course>232.049067</course><hAcc>1.939308</hAcc><vAcc>0.978496</vAcc></extensions></trkpt>
      <trkpt lon="-117.160452" lat="32.895743"><ele>119.575682</ele><time>2024-08-20T01:58:22Z</time><extensions><speed>1.043426</speed><course>235.207404</course><hAcc>1.928045</hAcc><vAcc>0.980725</vAcc></extensions></trkpt>
      <trkpt lon="-117.160462" lat="32.895738"><ele>119.382408</ele><time>2024-08-20T01:58:23Z</time><extensions><speed>1.065893</speed><course>237.993386</course><hAcc>1.906189</hAcc><vAcc>0.982516</vAcc></extensions></trkpt>
      <trkpt lon="-117.160472" lat="32.895733"><ele>119.214914</ele><time>2024-08-20T01:58:24Z</time><extensions><speed>1.100776</speed><course>240.645867</course><hAcc>1.873921</hAcc><vAcc>0.983097</vAcc></extensions></trkpt>
      <trkpt lon="-117.160482" lat="32.895728"><ele>119.055266</ele><time>2024-08-20T01:58:25Z</time><extensions><speed>1.140689</speed><course>243.036844</course><hAcc>1.843494</hAcc><vAcc>0.982888</vAcc></extensions></trkpt>
      <trkpt lon="-117.160494" lat="32.895723"><ele>118.902696</ele><time>2024-08-20T01:58:26Z</time><extensions><speed>1.193680</speed><course>244.983769</course><hAcc>1.833904</hAcc><vAcc>0.982014</vAcc></extensions></trkpt>
      <trkpt lon="-117.160506" lat="32.895718"><ele>118.776651</ele><time>2024-08-20T01:58:27Z</time><extensions><speed>1.285542</speed><course>244.487903</course><hAcc>1.832230</hAcc><vAcc>0.981676</vAcc></extensions></trkpt>
      <trkpt lon="-117.160518" lat="32.895713"><ele>118.648369</ele><time>2024-08-20T01:58:28Z</time><extensions><speed>1.410401</speed><course>239.069522</course><hAcc>1.805996</hAcc><vAcc>0.982090</vAcc></extensions></trkpt>
      <trkpt lon="-117.160531" lat="32.895706"><ele>118.530560</ele><time>2024-08-20T01:58:29Z</time><extensions><speed>1.406720</speed><course>235.227078</course><hAcc>1.791593</hAcc><vAcc>0.982848</vAcc></extensions></trkpt>
      <trkpt lon="-117.160543" lat="32.895699"><ele>118.408299</ele><time>2024-08-20T01:58:30Z</time><extensions><speed>1.295328</speed><course>234.788641</course><hAcc>1.785640</hAcc><vAcc>0.984311</vAcc></extensions></trkpt>
      <trkpt lon="-117.160554" lat="32.895692"><ele>118.297049</ele><time>2024-08-20T01:58:31Z</time><extensions><speed>1.170765</speed><course>236.590833</course><hAcc>1.778044</hAcc><vAcc>0.985614</vAcc></extensions></trkpt>
      <trkpt lon="-117.160564" lat="32.895687"><ele>118.195384</ele><time>2024-08-20T01:58:32Z</time><extensions><speed>1.107805</speed><course>239.306486</course><hAcc>1.767937</hAcc><vAcc>0.987905</vAcc></extensions></trkpt>
      <trkpt lon="-117.160574" lat="32.895682"><ele>118.105852</ele><time>2024-08-20T01:58:33Z</time><extensions><speed>1.063720</speed><course>244.341469</course><hAcc>1.783748</hAcc><vAcc>0.991008</vAcc></extensions></trkpt>
      <trkpt lon="-117.160584" lat="32.895678"><ele>118.014100</ele><time>2024-08-20T01:58:34Z</time><extensions><speed>1.084328</speed><course>244.645927</course><hAcc>1.795006</hAcc><vAcc>0.994613</vAcc></extensions></trkpt>
      <trkpt lon="-117.160595" lat="32.895674"><ele>117.918004</ele><time>2024-08-20T01:58:35Z</time><extensions><speed>1.071149</speed><course>244.489845</course><hAcc>1.801444</hAcc><vAcc>1.000429</vAcc></extensions></trkpt>
      <trkpt lon="-117.160604" lat="32.895670"><ele>117.810038</ele><time>2024-08-20T01:58:36Z</time><extensions><speed>0.914541</speed><course>243.761925</course><hAcc>1.804323</hAcc><vAcc>1.006585</vAcc></extensions></trkpt>
      <trkpt lon="-117.160612" lat="32.895666"><ele>117.706263</ele><time>2024-08-20T01:58:37Z</time><extensions><speed>0.841568</speed><course>233.923557</course><hAcc>1.803836</hAcc><vAcc>1.013230</vAcc></extensions></trkpt>
      <trkpt lon="-117.160619" lat="32.895661"><ele>117.625062</ele><time>2024-08-20T01:58:38Z</time><extensions><speed>0.852598</speed><course>230.838670</course><hAcc>1.823851</hAcc><vAcc>1.020720</vAcc></extensions></trkpt>
      <trkpt lon="-117.160627" lat="32.895656"><ele>117.547500</ele><time>2024-08-20T01:58:39Z</time><extensions><speed>0.887322</speed><course>231.082235</course><hAcc>1.831904</hAcc><vAcc>1.028702</vAcc></extensions></trkpt>
      <trkpt lon="-117.160634" lat="32.895651"><ele>117.463188</ele><time>2024-08-20T01:58:40Z</time><extensions><speed>0.964451</speed><course>231.805773</course><hAcc>1.834109</hAcc><vAcc>1.038363</vAcc></extensions></trkpt>
      <trkpt lon="-117.160642" lat="32.895646"><ele>117.356631</ele><time>2024-08-20T01:58:41Z</time><extensions><speed>1.004127</speed><course>232.799169</course><hAcc>1.848442</hAcc><vAcc>1.048467</vAcc></extensions></trkpt>
      <trkpt lon="-117.160651" lat="32.895641"><ele>117.251622</ele><time>2024-08-20T01:58:42Z</time><extensions><speed>0.877343</speed><course>236.321035</course><hAcc>1.856105</hAcc><vAcc>1.056784</vAcc></extensions></trkpt>
      <trkpt lon="-117.160658" lat="32.895637"><ele>117.138794</ele><time>2024-08-20T01:58:43Z</time><extensions><speed>0.846647</speed><course>238.157027</course><hAcc>1.858687</hAcc><vAcc>1.065500</vAcc></extensions></trkpt>
      <trkpt lon="-117.160666" lat="32.895633"><ele>117.028167</ele><time>2024-08-20T01:58:44Z</time><extensions><speed>0.869102</speed><course>239.977118</course><hAcc>1.879437</hAcc><vAcc>1.074387</vAcc></extensions></trkpt>
      <trkpt lon="-117.160674" lat="32.895629"><ele>116.918811</ele><time>2024-08-20T01:58:45Z</time><extensions><speed>0.847894</speed><course>240.119793</course><hAcc>1.880508</hAcc><vAcc>1.081406</vAcc></extensions></trkpt>
      <trkpt lon="-117.160682" lat="32.895626"><ele>116.839342</ele><time>2024-08-20T01:58:46Z</time><extensions><speed>0.681070</speed><course>242.432765</course><hAcc>1.869362</hAcc><vAcc>1.087877</vAcc></extensions></trkpt>
      <trkpt lon="-117.160688" lat="32.895623"><ele>116.781159</ele><time>2024-08-20T01:58:47Z</time><extensions><speed>0.611178</speed><course>243.607843</course><hAcc>1.867158</hAcc><vAcc>1.092944</vAcc></extensions></trkpt>
      <trkpt lon="-117.160694" lat="32.895621"><ele>116.710149</ele><time>2024-08-20T01:58:48Z</time><extensions><speed>0.626525</speed><course>241.669327</course><hAcc>1.870198</hAcc><vAcc>1.098628</vAcc></extensions></trkpt>
      <trkpt lon="-117.160700" lat="32.895618"><ele>116.666534</ele><time>2024-08-20T01:58:49Z</time><extensions><speed>0.678485</speed><course>238.527954</course><hAcc>1.863258</hAcc><vAcc>1.100547</vAcc></extensions></trkpt>
      <trkpt lon="-117.160707" lat="32.895615"><ele>116.640768</ele><time>2024-08-20T01:58:50Z</time><extensions><speed>0.754120</speed><course>234.935061</course><hAcc>1.847955</hAcc><vAcc>1.102588</vAcc></extensions></trkpt>
      <trkpt lon="-117.160713" lat="32.895611"><ele>116.618150</ele><time>2024-08-20T01:58:51Z</time><extensions><speed>0.796874</speed><course>234.396460</course><hAcc>1.820792</hAcc><vAcc>1.102681</vAcc></extensions></trkpt>
      <trkpt lon="-117.160721" lat="32.895607"><ele>116.583591</ele><time>2024-08-20T01:58:52Z</time><extensions><speed>0.853567</speed><course>235.276447</course><hAcc>1.804222</hAcc><vAcc>1.101510</vAcc></extensions></trkpt>
      <trkpt lon="-117.160729" lat="32.895602"><ele>116.553793</ele><time>2024-08-20T01:58:53Z</time><extensions><speed>0.924575</speed><course>234.469336</course><hAcc>1.802772</hAcc><vAcc>1.098338</vAcc></extensions></trkpt>
      <trkpt lon="-117.160737" lat="32.895597"><ele>116.529112</ele><time>2024-08-20T01:58:54Z</time><extensions><speed>0.892204</speed><course>235.749311</course><hAcc>1.795418</hAcc><vAcc>1.093846</vAcc></extensions></trkpt>
      <trkpt lon="-117.160745" lat="32.895594"><ele>116.502162</ele><time>2024-08-20T01:58:55Z</time><extensions><speed>0.934619</speed><course>249.949301</course><hAcc>1.749725</hAcc><vAcc>1.090615</vAcc></extensions></trkpt>
      <trkpt lon="-117.160756" lat="32.895591"><ele>116.493495</ele><time>2024-08-20T01:58:56Z</time><extensions><speed>1.102958</speed><course>258.510539</course><hAcc>1.750657</hAcc><vAcc>1.087507</vAcc></extensions></trkpt>
      <trkpt lon="-117.160768" lat="32.895590"><ele>116.493776</ele><time>2024-08-20T01:58:57Z</time><extensions><speed>1.175549</speed><course>271.884940</course><hAcc>1.767849</hAcc><vAcc>1.084879</vAcc></extensions></trkpt>
      <trkpt lon="-117.160780" lat="32.895592"><ele>116.482809</ele><time>2024-08-20T01:58:58Z</time><extensions><speed>1.190346</speed><course>284.036393</course><hAcc>1.794251</hAcc><vAcc>1.082640</vAcc></extensions></trkpt>
      <trkpt lon="-117.160791" lat="32.895594"><ele>116.476969</ele><time>2024-08-20T01:58:59Z</time><extensions><speed>0.872119</speed><course>290.732838</course><hAcc>1.769534</hAcc><vAcc>1.079489</vAcc></extensions></trkpt>
      <trkpt lon="-117.160798" lat="32.895596"><ele>116.487947</ele><time>2024-08-20T01:59:00Z</time><extensions><speed>0.558836</speed><course>285.184466</course><hAcc>1.765227</hAcc><vAcc>1.077561</vAcc></extensions></trkpt>
      <trkpt lon="-117.160803" lat="32.895597"><ele>116.523464</ele><time>2024-08-20T01:59:01Z</time><extensions><speed>0.406317</speed><course>270.754376</course><hAcc>1.788219</hAcc><vAcc>1.076464</vAcc></extensions></trkpt>
      <trkpt lon="-117.160808" lat="32.895596"><ele>116.580623</ele><time>2024-08-20T01:59:02Z</time><extensions><speed>0.436146</speed><course>254.119397</course><hAcc>1.797146</hAcc><vAcc>1.076154</vAcc></extensions></trkpt>
      <trkpt lon="-117.160812" lat="32.895595"><ele>116.629922</ele><time>2024-08-20T01:59:03Z</time><extensions><speed>0.503701</speed><course>242.468990</course><hAcc>1.797109</hAcc><vAcc>1.076792</vAcc></extensions></trkpt>
      <trkpt lon="-117.160817" lat="32.895592"><ele>116.677818</ele><time>2024-08-20T01:59:04Z</time><extensions><speed>0.586612</speed><course>236.241741</course><hAcc>1.786906</hAcc><vAcc>1.075103</vAcc></extensions></trkpt>
      <trkpt lon="-117.160823" lat="32.895589"><ele>116.731348</ele><time>2024-08-20T01:59:05Z</time><extensions><speed>0.663758</speed><course>232.142881</course><hAcc>1.769443</hAcc><vAcc>1.072246</vAcc></extensions></trkpt>
      <trkpt lon="-117.160829" lat="32.895585"><ele>116.777174</ele><time>2024-08-20T01:59:06Z</time><extensions><speed>0.829842</speed><course>231.306352</course><hAcc>1.740372</hAcc><vAcc>1.068784</vAcc></extensions></trkpt>
      <trkpt lon="-117.160837" lat="32.895580"><ele>116.803445</ele><time>2024-08-20T01:59:07Z</time><extensions><speed>0.992309</speed><course>232.726214</course><hAcc>1.709418</hAcc><vAcc>1.064562</vAcc></extensions></trkpt>
      <trkpt lon="-117.160846" lat="32.895575"><ele>116.827648</ele><time>2024-08-20T01:59:08Z</time><extensions><speed>1.101660</speed><course>233.711708</course><hAcc>1.677073</hAcc><vAcc>1.059726</vAcc></extensions></trkpt>
      <trkpt lon="-117.160856" lat="32.895569"><ele>116.859652</ele><time>2024-08-20T01:59:09Z</time><extensions><speed>1.134563</speed><course>236.472837</course><hAcc>1.638664</hAcc><vAcc>1.054991</vAcc></extensions></trkpt>
      <trkpt lon="-117.160867" lat="32.895564"><ele>116.906970</ele><time>2024-08-20T01:59:10Z</time><extensions><speed>1.201393</speed><course>241.867256</course><hAcc>1.616082</hAcc><vAcc>1.048979</vAcc></extensions></trkpt>
      <trkpt lon="-117.160879" lat="32.895558"><ele>116.946952</ele><time>2024-08-20T01:59:11Z</time><extensions><speed>1.292038</speed><course>244.794414</course><hAcc>1.579578</hAcc><vAcc>1.042161</vAcc></extensions></trkpt>
      <trkpt lon="-117.160893" lat="32.895554"><ele>116.983482</ele><time>2024-08-20T01:59:12Z</time><extensions><speed>1.396819</speed><course>253.356139</course><hAcc>1.560336</hAcc><vAcc>1.034684</vAcc></extensions></trkpt>
      <trkpt lon="-117.160906" lat="32.895552"><ele>116.986058</ele><time>2024-08-20T01:59:13Z</time><extensions><speed>1.263348</speed><course>266.721085</course><hAcc>1.577286</hAcc><vAcc>1.025942</vAcc></extensions></trkpt>
      <trkpt lon="-117.160920" lat="32.895553"><ele>116.968620</ele><time>2024-08-20T01:59:14Z</time><extensions><speed>1.337780</speed><course>280.413978</course><hAcc>1.551394</hAcc><vAcc>1.018238</vAcc></extensions></trkpt>
      <trkpt lon="-117.160934" lat="32.895555"><ele>116.930350</ele><time>2024-08-20T01:59:15Z</time><extensions><speed>1.346354</speed><course>282.840240</course><hAcc>1.537743</hAcc><vAcc>1.009793</vAcc></extensions></trkpt>
      <trkpt lon="-117.160947" lat="32.895558"><ele>116.883600</ele><time>2024-08-20T01:59:16Z</time><extensions><speed>1.207119</speed><course>282.330089</course><hAcc>1.542584</hAcc><vAcc>1.001152</vAcc></extensions></trkpt>
      <trkpt lon="-117.160960" lat="32.895560"><ele>116.828833</ele><time>2024-08-20T01:59:17Z</time><extensions><speed>1.125281</speed><course>284.909118</course><hAcc>1.549763</hAcc><vAcc>0.992036</vAcc></extensions></trkpt>
      <trkpt lon="-117.160971" lat="32.895563"><ele>116.810720</ele><time>2024-08-20T01:59:18Z</time><extensions><speed>1.140000</speed><course>288.059952</course><hAcc>1.567524</hAcc><vAcc>0.983122</vAcc></extensions></trkpt>
      <trkpt lon="-117.160983" lat="32.895566"><ele>116.813130</ele><time>2024-08-20T01:59:19Z</time><extensions><speed>1.132438</speed><course>288.893909</course><hAcc>1.588923</hAcc><vAcc>0.974717</vAcc></extensions></trkpt>
      <trkpt lon="-117.160993" lat="32.895569"><ele>116.820657</ele><time>2024-08-20T01:59:20Z</time><extensions><speed>0.917512</speed><course>286.286173</course><hAcc>1.601295</hAcc><vAcc>0.966475</vAcc></extensions></trkpt>
      <trkpt lon="-117.161001" lat="32.895571"><ele>116.835204</ele><time>2024-08-20T01:59:21Z</time><extensions><speed>0.598811</speed><course>280.934987</course><hAcc>1.609723</hAcc><vAcc>0.958660</vAcc></extensions></trkpt>
      <trkpt lon="-117.161006" lat="32.895571"><ele>116.849145</ele><time>2024-08-20T01:59:22Z</time><extensions><speed>0.381363</speed><course>261.524069</course><hAcc>1.630350</hAcc><vAcc>0.952242</vAcc></extensions></trkpt>
      <trkpt lon="-117.161010" lat="32.895570"><ele>116.891353</ele><time>2024-08-20T01:59:23Z</time><extensions><speed>0.376729</speed><course>237.265866</course><hAcc>1.657045</hAcc><vAcc>0.946864</vAcc></extensions></trkpt>
      <trkpt lon="-117.161013" lat="32.895568"><ele>116.947826</ele><time>2024-08-20T01:59:24Z</time><extensions><speed>0.381811</speed><course>221.164853</course><hAcc>1.686996</hAcc><vAcc>0.941863</vAcc></extensions></trkpt>
      <trkpt lon="-117.161015" lat="32.895565"><ele>117.032692</ele><time>2024-08-20T01:59:25Z</time><extensions><speed>0.429651</speed><course>219.822351</course><hAcc>1.692785</hAcc><vAcc>0.937705</vAcc></extensions></trkpt>
      <trkpt lon="-117.161019" lat="32.895561"><ele>117.124783</ele><time>2024-08-20T01:59:26Z</time><extensions><speed>0.547618</speed><course>228.185688</course><hAcc>1.692860</hAcc><vAcc>0.933941</vAcc></extensions></trkpt>
      <trkpt lon="-117.161024" lat="32.895558"><ele>117.230655</ele><time>2024-08-20T01:59:27Z</time><extensions><speed>0.653813</speed><course>236.600698</course><hAcc>1.698738</hAcc><vAcc>0.930656</vAcc></extensions></trkpt>
      <trkpt lon="-117.161030" lat="32.895555"><ele>117.351565</ele><time>2024-08-20T01:59:28Z</time><extensions><speed>0.670685</speed><course>248.639873</course><hAcc>1.703244</hAcc><vAcc>0.927825</vAcc></extensions></trkpt>
      <trkpt lon="-117.161037" lat="32.895554"><ele>117.477150</ele><time>2024-08-20T01:59:29Z</time><extensions><speed>0.600394</speed><course>257.802897</course><hAcc>1.681695</hAcc><vAcc>0.925022</vAcc></extensions></trkpt>
      <trkpt lon="-117.161043" lat="32.895552"><ele>117.631054</ele><time>2024-08-20T01:59:30Z</time><extensions><speed>0.614852</speed><course>258.132364</course><hAcc>1.673563</hAcc><vAcc>0.922831</vAcc></extensions></trkpt>
      <trkpt lon="-117.161049" lat="32.895551"><ele>117.793894</ele><time>2024-08-20T01:59:31Z</time><extensions><speed>0.656134</speed><course>247.780376</course><hAcc>1.673933</hAcc><vAcc>0.922807</vAcc></extensions></trkpt>
      <trkpt lon="-117.161056" lat="32.895548"><ele>117.950129</ele><time>2024-08-20T01:59:32Z</time><extensions><speed>0.806446</speed><course>240.836769</course><hAcc>1.695679</hAcc><vAcc>0.923988</vAcc></extensions></trkpt>
      <trkpt lon="-117.161064" lat="32.895544"><ele>118.121082</ele><time>2024-08-20T01:59:33Z</time><extensions><speed>0.898606</speed><course>238.271092</course><hAcc>1.717602</hAcc><vAcc>0.926564</vAcc></extensions></trkpt>
      <trkpt lon="-117.161072" lat="32.895540"><ele>118.285645</ele><time>2024-08-20T01:59:34Z</time><extensions><speed>0.852899</speed><course>233.201711</course><hAcc>1.718880</hAcc><vAcc>0.930148</vAcc></extensions></trkpt>
      <trkpt lon="-117.161078" lat="32.895535"><ele>118.448139</ele><time>2024-08-20T01:59:35Z</time><extensions><speed>0.773688</speed><course>223.174853</course><hAcc>1.700542</hAcc><vAcc>0.934796</vAcc></extensions></trkpt>
      <trkpt lon="-117.161084" lat="32.895530"><ele>118.612582</ele><time>2024-08-20T01:59:36Z</time><extensions><speed>0.792139</speed><course>220.972268</course><hAcc>1.709019</hAcc><vAcc>0.939422</vAcc></extensions></trkpt>
      <trkpt lon="-117.161090" lat="32.895524"><ele>118.790268</ele><time>2024-08-20T01:59:37Z</time><extensions><speed>0.878503</speed><course>228.134318</course><hAcc>1.740642</hAcc><vAcc>0.944528</vAcc></extensions></trkpt>
      <trkpt lon="-117.161097" lat="32.895519"><ele>118.951350</ele><time>2024-08-20T01:59:38Z</time><extensions><speed>0.939520</speed><course>232.686226</course><hAcc>1.751175</hAcc><vAcc>0.950917</vAcc></extensions></trkpt>
      <trkpt lon="-117.161105" lat="32.895514"><ele>119.104192</ele><time>2024-08-20T01:59:39Z</time><extensions><speed>0.867891</speed><course>238.647597</course><hAcc>1.747005</hAcc><vAcc>0.957353</vAcc></extensions></trkpt>
      <trkpt lon="-117.161113" lat="32.895510"><ele>119.243533</ele><time>2024-08-20T01:59:40Z</time><extensions><speed>0.839225</speed><course>240.437460</course><hAcc>1.742862</hAcc><vAcc>0.964573</vAcc></extensions></trkpt>
      <trkpt lon="-117.161121" lat="32.895506"><ele>119.357000</ele><time>2024-08-20T01:59:41Z</time><extensions><speed>0.908239</speed><course>236.957182</course><hAcc>1.742782</hAcc><vAcc>0.969403</vAcc></extensions></trkpt>
      <trkpt lon="-117.161129" lat="32.895502"><ele>119.466321</ele><time>2024-08-20T01:59:42Z</time><extensions><speed>0.917524</speed><course>235.394877</course><hAcc>1.742785</hAcc><vAcc>0.974037</vAcc></extensions></trkpt>
      <trkpt lon="-117.161137" lat="32.895497"><ele>119.552245</ele><time>2024-08-20T01:59:43Z</time><extensions><speed>0.961474</speed><course>234.398721</course><hAcc>1.749021</hAcc><vAcc>0.978999</vAcc></extensions></trkpt>
      <trkpt lon="-117.161147" lat="32.895491"><ele>119.620081</ele><time>2024-08-20T01:59:44Z</time><extensions><speed>1.076229</speed><course>236.392472</course><hAcc>1.765068</hAcc><vAcc>0.984445</vAcc></extensions></trkpt>
      <trkpt lon="-117.161157" lat="32.895486"><ele>119.665792</ele><time>2024-08-20T01:59:45Z</time><extensions><speed>1.177345</speed><course>238.015615</course><hAcc>1.787455</hAcc><vAcc>0.989461</vAcc></extensions></trkpt>
      <trkpt lon="-117.161168" lat="32.895480"><ele>119.680834</ele><time>2024-08-20T01:59:46Z</time><extensions><speed>1.149944</speed><course>237.471052</course><hAcc>1.773421</hAcc><vAcc>0.993388</vAcc></extensions></trkpt>
      <trkpt lon="-117.161177" lat="32.895474"><ele>119.668734</ele><time>2024-08-20T01:59:47Z</time><extensions><speed>1.032541</speed><course>233.722700</course><hAcc>1.765058</hAcc><vAcc>0.996825</vAcc></extensions></trkpt>
      <trkpt lon="-117.161185" lat="32.895469"><ele>119.648704</ele><time>2024-08-20T01:59:48Z</time><extensions><speed>0.942870</speed><course>231.279302</course><hAcc>1.759878</hAcc><vAcc>1.000217</vAcc></extensions></trkpt>
      <trkpt lon="-117.161193" lat="32.895463"><ele>119.602879</ele><time>2024-08-20T01:59:49Z</time><extensions><speed>0.988933</speed><course>231.529382</course><hAcc>1.776521</hAcc><vAcc>1.003818</vAcc></extensions></trkpt>
      <trkpt lon="-117.161203" lat="32.895458"><ele>119.533930</ele><time>2024-08-20T01:59:50Z</time><extensions><speed>1.153907</speed><course>234.701705</course><hAcc>1.808845</hAcc><vAcc>1.006764</vAcc></extensions></trkpt>
      <trkpt lon="-117.161213" lat="32.895452"><ele>119.440389</ele><time>2024-08-20T01:59:51Z</time><extensions><speed>1.276260</speed><course>236.400518</course><hAcc>1.792027</hAcc><vAcc>1.008443</vAcc></extensions></trkpt>
      <trkpt lon="-117.161224" lat="32.895446"><ele>119.333476</ele><time>2024-08-20T01:59:52Z</time><extensions><speed>1.254461</speed><course>237.673639</course><hAcc>1.788074</hAcc><vAcc>1.012566</vAcc></extensions></trkpt>
      <trkpt lon="-117.161235" lat="32.895440"><ele>119.225344</ele><time>2024-08-20T01:59:53Z</time><extensions><speed>1.131743</speed><course>239.129134</course><hAcc>1.784151</hAcc><vAcc>1.016753</vAcc></extensions></trkpt>
      <trkpt lon="-117.161245" lat="32.895436"><ele>119.088735</ele><time>2024-08-20T01:59:54Z</time><extensions><speed>0.978991</speed><course>242.622204</course><hAcc>1.767011</hAcc><vAcc>1.020732</vAcc></extensions></trkpt>
      <trkpt lon="-117.161254" lat="32.895432"><ele>118.938486</ele><time>2024-08-20T01:59:55Z</time><extensions><speed>0.927159</speed><course>242.741261</course><hAcc>1.766540</hAcc><vAcc>1.026461</vAcc></extensions></trkpt>
      <trkpt lon="-117.161262" lat="32.895428"><ele>118.773973</ele><time>2024-08-20T01:59:56Z</time><extensions><speed>0.932451</speed><course>237.280362</course><hAcc>1.753138</hAcc><vAcc>1.032621</vAcc></extensions></trkpt>
      <trkpt lon="-117.161270" lat="32.895423"><ele>118.611704</ele><time>2024-08-20T01:59:57Z</time><extensions><speed>0.961166</speed><course>231.212397</course><hAcc>1.747012</hAcc><vAcc>1.038710</vAcc></extensions></trkpt>
      <trkpt lon="-117.161278" lat="32.895417"><ele>118.440618</ele><time>2024-08-20T01:59:58Z</time><extensions><speed>0.966129</speed><course>228.539354</course><hAcc>1.760713</hAcc><vAcc>1.045825</vAcc></extensions></trkpt>
      <trkpt lon="-117.161286" lat="32.895412"><ele>118.267214</ele><time>2024-08-20T01:59:59Z</time><extensions><speed>0.998103</speed><course>233.049494</course><hAcc>1.778521</hAcc><vAcc>1.052761</vAcc></extensions></trkpt>
      <trkpt lon="-117.161295" lat="32.895408"><ele>118.081684</ele><time>2024-08-20T02:00:00Z</time><extensions><speed>0.900039</speed><course>246.494069</course><hAcc>1.741342</hAcc><vAcc>1.059958</vAcc></extensions></trkpt>
      <trkpt lon="-117.161304" lat="32.895405"><ele>117.894663</ele><time>2024-08-20T02:00:01Z</time><extensions><speed>0.933320</speed><course>253.306580</course><hAcc>1.721266</hAcc><vAcc>1.065802</vAcc></extensions></trkpt>
      <trkpt lon="-117.161313" lat="32.895402"><ele>117.701627</ele><time>2024-08-20T02:00:02Z</time><extensions><speed>0.984781</speed><course>252.076714</course><hAcc>1.723230</hAcc><vAcc>1.072384</vAcc></extensions></trkpt>
      <trkpt lon="-117.161323" lat="32.895399"><ele>117.515751</ele><time>2024-08-20T02:00:03Z</time><extensions><speed>0.965296</speed><course>247.431201</course><hAcc>1.718621</hAcc><vAcc>1.079757</vAcc></extensions></trkpt>
      <trkpt lon="-117.161332" lat="32.895396"><ele>117.322844</ele><time>2024-08-20T02:00:04Z</time><extensions><speed>0.909096</speed><course>249.429743</course><hAcc>1.716129</hAcc><vAcc>1.088267</vAcc></extensions></trkpt>
      <trkpt lon="-117.161341" lat="32.895393"><ele>117.133153</ele><time>2024-08-20T02:00:05Z</time><extensions><speed>0.863203</speed><course>246.425532</course><hAcc>1.739864</hAcc><vAcc>1.096459</vAcc></extensions></trkpt>
      <trkpt lon="-117.161349" lat="32.895390"><ele>116.957537</ele><time>2024-08-20T02:00:06Z</time><extensions><speed>0.786062</speed><course>240.340753</course><hAcc>1.772047</hAcc><vAcc>1.105478</vAcc></extensions></trkpt>
      <trkpt lon="-117.161357" lat="32.895387"><ele>116.764876</ele><time>2024-08-20T02:00:07Z</time><extensions><speed>0.866913</speed><course>239.004381</course><hAcc>1.742892</hAcc><vAcc>1.113075</vAcc></extensions></trkpt>
      <trkpt lon="-117.161366" lat="32.895382"><ele>116.562372</ele><time>2024-08-20T02:00:08Z</time><extensions><speed>0.971553</speed><course>240.461840</course><hAcc>1.732696</hAcc><vAcc>1.120783</vAcc></extensions></trkpt>
      <trkpt lon="-117.161375" lat="32.895378"><ele>116.355559</ele><time>2024-08-20T02:00:09Z</time><extensions><speed>1.029151</speed><course>237.855829</course><hAcc>1.737720</hAcc><vAcc>1.128083</vAcc></extensions></trkpt>
      <trkpt lon="-117.161385" lat="32.895373"><ele>116.137364</ele><time>2024-08-20T02:00:10Z</time><extensions><speed>1.019171</speed><course>237.884562</course><hAcc>1.741604</hAcc><vAcc>1.132906</vAcc></extensions></trkpt>
      <trkpt lon="-117.161394" lat="32.895368"><ele>115.921060</ele><time>2024-08-20T02:00:11Z</time><extensions><speed>1.017810</speed><course>237.577240</course><hAcc>1.742179</hAcc><vAcc>1.137696</vAcc></extensions></trkpt>
      <trkpt lon="-117.161403" lat="32.895363"><ele>115.741477</ele><time>2024-08-20T02:00:12Z</time><extensions><speed>1.067209</speed><course>236.655398</course><hAcc>1.747122</hAcc><vAcc>1.141523</vAcc></extensions></trkpt>
      <trkpt lon="-117.161412" lat="32.895359"><ele>115.570987</ele><time>2024-08-20T02:00:13Z</time><extensions><speed>0.997927</speed><course>236.020652</course><hAcc>1.761693</hAcc><vAcc>1.147065</vAcc></extensions></trkpt>
      <trkpt lon="-117.161421" lat="32.895354"><ele>115.401793</ele><time>2024-08-20T02:00:14Z</time><extensions><speed>0.875976</speed><course>241.072733</course><hAcc>1.766403</hAcc><vAcc>1.149075</vAcc></extensions></trkpt>
      <trkpt lon="-117.161430" lat="32.895351"><ele>115.231411</ele><time>2024-08-20T02:00:15Z</time><extensions><speed>0.945525</speed><course>247.963302</course><hAcc>1.745693</hAcc><vAcc>1.148461</vAcc></extensions></trkpt>
      <trkpt lon="-117.161440" lat="32.895347"><ele>115.079520</ele><time>2024-08-20T02:00:16Z</time><extensions><speed>1.083596</speed><course>247.522542</course><hAcc>1.749477</hAcc><vAcc>1.145832</vAcc></extensions></trkpt>
      <trkpt lon="-117.161452" lat="32.895344"><ele>114.947429</ele><time>2024-08-20T02:00:17Z</time><extensions><speed>1.097930</speed><course>250.217710</course><hAcc>1.726833</hAcc><vAcc>1.140792</vAcc></extensions></trkpt>
      <trkpt lon="-117.161463" lat="32.895341"><ele>114.809849</ele><time>2024-08-20T02:00:18Z</time><extensions><speed>1.055373</speed><course>253.566718</course><hAcc>1.716736</hAcc><vAcc>1.137985</vAcc></extensions></trkpt>
      <trkpt lon="-117.161474" lat="32.895339"><ele>114.686428</ele><time>2024-08-20T02:00:19Z</time><extensions><speed>0.973249</speed><course>258.305613</course><hAcc>1.720126</hAcc><vAcc>1.135473</vAcc></extensions></trkpt>
      <trkpt lon="-117.161483" lat="32.895338"><ele>114.573398</ele><time>2024-08-20T02:00:20Z</time><extensions><speed>0.737207</speed><course>275.409962</course><hAcc>1.703964</hAcc><vAcc>1.132380</vAcc></extensions></trkpt>
      <trkpt lon="-117.161488" lat="32.895341"><ele>114.474878</ele><time>2024-08-20T02:00:21Z</time><extensions><speed>0.543976</speed><course>343.706130</course><hAcc>1.690343</hAcc><vAcc>1.125601</vAcc></extensions></trkpt>
      <trkpt lon="-117.161488" lat="32.895347"><ele>114.379941</ele><time>2024-08-20T02:00:22Z</time><extensions><speed>0.776524</speed><course>4.967718</course><hAcc>1.683614</hAcc><vAcc>1.118684</vAcc></extensions></trkpt>
      <trkpt lon="-117.161487" lat="32.895354"><ele>114.300944</ele><time>2024-08-20T02:00:23Z</time><extensions><speed>0.826677</speed><course>12.554815</course><hAcc>1.703607</hAcc><vAcc>1.111727</vAcc></extensions></trkpt>
      <trkpt lon="-117.161488" lat="32.895360"><ele>114.229473</ele><time>2024-08-20T02:00:24Z</time><extensions><speed>0.698331</speed><course>339.883447</course><hAcc>1.659107</hAcc><vAcc>1.105412</vAcc></extensions></trkpt>
      <trkpt lon="-117.161493" lat="32.895366"><ele>114.182677</ele><time>2024-08-20T02:00:25Z</time><extensions><speed>0.913203</speed><course>315.256752</course><hAcc>1.626879</hAcc><vAcc>1.098088</vAcc></extensions></trkpt>
      <trkpt lon="-117.161501" lat="32.895372"><ele>114.152530</ele><time>2024-08-20T02:00:26Z</time><extensions><speed>1.189171</speed><course>307.126579</course><hAcc>1.616539</hAcc><vAcc>1.090003</vAcc></extensions></trkpt>
      <trkpt lon="-117.161513" lat="32.895379"><ele>114.155614</ele><time>2024-08-20T02:00:27Z</time><extensions><speed>1.380820</speed><course>301.998396</course><hAcc>1.600168</hAcc><vAcc>1.083334</vAcc></extensions></trkpt>
      <trkpt lon="-117.161526" lat="32.895385"><ele>114.162656</ele><time>2024-08-20T02:00:28Z</time><extensions><speed>1.423620</speed><course>300.600379</course><hAcc>1.592790</hAcc><vAcc>1.078309</vAcc></extensions></trkpt>
      <trkpt lon="-117.161538" lat="32.895392"><ele>114.169246</ele><time>2024-08-20T02:00:29Z</time><extensions><speed>1.257543</speed><course>303.535304</course><hAcc>1.597313</hAcc><vAcc>1.073398</vAcc></extensions></trkpt>
      <trkpt lon="-117.161549" lat="32.895398"><ele>114.192267</ele><time>2024-08-20T02:00:30Z</time><extensions><speed>1.234106</speed><course>309.431207</course><hAcc>1.579314</hAcc><vAcc>1.068429</vAcc></extensions></trkpt>
      <trkpt lon="-117.161559" lat="32.895405"><ele>114.229958</ele><time>2024-08-20T02:00:31Z</time><extensions><speed>1.120866</speed><course>307.524807</course><hAcc>1.545074</hAcc><vAcc>1.062030</vAcc></extensions></trkpt>
      <trkpt lon="-117.161568" lat="32.895411"><ele>114.298742</ele><time>2024-08-20T02:00:32Z</time><extensions><speed>1.107547</speed><course>305.358988</course><hAcc>1.533438</hAcc><vAcc>1.056349</vAcc></extensions></trkpt>
      <trkpt lon="-117.161578" lat="32.895417"><ele>114.390572</ele><time>2024-08-20T02:00:33Z</time><extensions><speed>1.104601</speed><course>305.055876</course><hAcc>1.541040</hAcc><vAcc>1.050109</vAcc></extensions></trkpt>
      <trkpt lon="-117.161588" lat="32.895422"><ele>114.512510</ele><time>2024-08-20T02:00:34Z</time><extensions><speed>1.119656</speed><course>307.216279</course><hAcc>1.553235</hAcc><vAcc>1.043661</vAcc></extensions></trkpt>
      <trkpt lon="-117.161597" lat="32.895429"><ele>114.638922</ele><time>2024-08-20T02:00:35Z</time><extensions><speed>1.113915</speed><course>309.312604</course><hAcc>1.553823</hAcc><vAcc>1.038394</vAcc></extensions></trkpt>
      <trkpt lon="-117.161607" lat="32.895435"><ele>114.798131</ele><time>2024-08-20T02:00:36Z</time><extensions><speed>1.052339</speed><course>307.973082</course><hAcc>1.533534</hAcc><vAcc>1.032054</vAcc></extensions></trkpt>
      <trkpt lon="-117.161616" lat="32.895440"><ele>114.991500</ele><time>2024-08-20T02:00:37Z</time><extensions><speed>1.054999</speed><course>305.963641</course><hAcc>1.528343</hAcc><vAcc>1.023920</vAcc></extensions></trkpt>
      <trkpt lon="-117.161625" lat="32.895446"><ele>115.180710</ele><time>2024-08-20T02:00:38Z</time><extensions><speed>1.036156</speed><course>307.574286</course><hAcc>1.544021</hAcc><vAcc>1.014702</vAcc></extensions></trkpt>
      <trkpt lon="-117.161634" lat="32.895452"><ele>115.376112</ele><time>2024-08-20T02:00:39Z</time><extensions><speed>1.091302</speed><course>305.463570</course><hAcc>1.541267</hAcc><vAcc>1.005016</vAcc></extensions></trkpt>
      <trkpt lon="-117.161644" lat="32.895457"><ele>115.562331</ele><time>2024-08-20T02:00:40Z</time><extensions><speed>1.097627</speed><course>304.483303</course><hAcc>1.555676</hAcc><vAcc>0.994949</vAcc></extensions></trkpt>
      <trkpt lon="-117.161653" lat="32.895462"><ele>115.758037</ele><time>2024-08-20T02:00:41Z</time><extensions><speed>1.063317</speed><course>300.819522</course><hAcc>1.531318</hAcc><vAcc>0.985007</vAcc></extensions></trkpt>
      <trkpt lon="-117.161663" lat="32.895467"><ele>115.945154</ele><time>2024-08-20T02:00:42Z</time><extensions><speed>1.090462</speed><course>300.579332</course><hAcc>1.531052</hAcc><vAcc>0.975369</vAcc></extensions></trkpt>
      <trkpt lon="-117.161674" lat="32.895472"><ele>116.138416</ele><time>2024-08-20T02:00:43Z</time><extensions><speed>1.072255</speed><course>300.141788</course><hAcc>1.533422</hAcc><vAcc>0.966568</vAcc></extensions></trkpt>
      <trkpt lon="-117.161684" lat="32.895477"><ele>116.333938</ele><time>2024-08-20T02:00:44Z</time><extensions><speed>1.052939</speed><course>298.029666</course><hAcc>1.536259</hAcc><vAcc>0.958480</vAcc></extensions></trkpt>
      <trkpt lon="-117.161693" lat="32.895481"><ele>116.537029</ele><time>2024-08-20T02:00:45Z</time><extensions><speed>0.971726</speed><course>300.321307</course><hAcc>1.549555</hAcc><vAcc>0.951454</vAcc></extensions></trkpt>
      <trkpt lon="-117.161703" lat="32.895486"><ele>116.729366</ele><time>2024-08-20T02:00:46Z</time><extensions><speed>1.049062</speed><course>301.511212</course><hAcc>1.524733</hAcc><vAcc>0.946721</vAcc></extensions></trkpt>
      <trkpt lon="-117.161713" lat="32.895492"><ele>116.897064</ele><time>2024-08-20T02:00:47Z</time><extensions><speed>1.152014</speed><course>305.466519</course><hAcc>1.524886</hAcc><vAcc>0.944280</vAcc></extensions></trkpt>
      <trkpt lon="-117.161723" lat="32.895498"><ele>117.044010</ele><time>2024-08-20T02:00:48Z</time><extensions><speed>1.207126</speed><course>307.151638</course><hAcc>1.531559</hAcc><vAcc>0.943660</vAcc></extensions></trkpt>
      <trkpt lon="-117.161733" lat="32.895504"><ele>117.159295</ele><time>2024-08-20T02:00:49Z</time><extensions><speed>1.122016</speed><course>304.392278</course><hAcc>1.521194</hAcc><vAcc>0.944715</vAcc></extensions></trkpt>
      <trkpt lon="-117.161743" lat="32.895510"><ele>117.253979</ele><time>2024-08-20T02:00:50Z</time><extensions><speed>1.167235</speed><course>299.811701</course><hAcc>1.496817</hAcc><vAcc>0.946899</vAcc></extensions></trkpt>
      <trkpt lon="-117.161754" lat="32.895515"><ele>117.365836</ele><time>2024-08-20T02:00:51Z</time><extensions><speed>1.243243</speed><course>300.778617</course><hAcc>1.506866</hAcc><vAcc>0.950030</vAcc></extensions></trkpt>
      <trkpt lon="-117.161766" lat="32.895521"><ele>117.458046</ele><time>2024-08-20T02:00:52Z</time><extensions><speed>1.326784</speed><course>302.245701</course><hAcc>1.519440</hAcc><vAcc>0.954357</vAcc></extensions></trkpt>
      <trkpt lon="-117.161778" lat="32.895528"><ele>117.536859</ele><time>2024-08-20T02:00:53Z</time><extensions><speed>1.274906</speed><course>306.333134</course><hAcc>1.529174</hAcc><vAcc>0.960472</vAcc></extensions></trkpt>
      <trkpt lon="-117.161788" lat="32.895535"><ele>117.604082</ele><time>2024-08-20T02:00:54Z</time><extensions><speed>1.266088</speed><course>311.190282</course><hAcc>1.521261</hAcc><vAcc>0.966742</vAcc></extensions></trkpt>
      <trkpt lon="-117.161799" lat="32.895543"><ele>117.681235</ele><time>2024-08-20T02:00:55Z</time><extensions><speed>1.259708</speed><course>311.720138</course><hAcc>1.524363</hAcc><vAcc>0.973252</vAcc></extensions></trkpt>
      <trkpt lon="-117.161809" lat="32.895550"><ele>117.767909</ele><time>2024-08-20T02:00:56Z</time><extensions><speed>1.280636</speed><course>308.583353</course><hAcc>1.533824</hAcc><vAcc>0.978557</vAcc></extensions></trkpt>
      <trkpt lon="-117.161820" lat="32.895557"><ele>117.867059</ele><time>2024-08-20T02:00:57Z</time><extensions><speed>1.304658</speed><course>305.694840</course><hAcc>1.538269</hAcc><vAcc>0.983161</vAcc></extensions></trkpt>
      <trkpt lon="-117.161832" lat="32.895564"><ele>117.973106</ele><time>2024-08-20T02:00:58Z</time><extensions><speed>1.338186</speed><course>306.321270</course><hAcc>1.544058</hAcc><vAcc>0.985653</vAcc></extensions></trkpt>
      <trkpt lon="-117.161843" lat="32.895572"><ele>118.093181</ele><time>2024-08-20T02:00:59Z</time><extensions><speed>1.242469</speed><course>311.080899</course><hAcc>1.538835</hAcc><vAcc>0.986333</vAcc></extensions></trkpt>
      <trkpt lon="-117.161852" lat="32.895579"><ele>118.206888</ele><time>2024-08-20T02:01:00Z</time><extensions><speed>1.143840</speed><course>315.569340</course><hAcc>1.538344</hAcc><vAcc>0.986642</vAcc></extensions></trkpt>
      <trkpt lon="-117.161861" lat="32.895587"><ele>118.347723</ele><time>2024-08-20T02:01:01Z</time><extensions><speed>1.232849</speed><course>314.265842</course><hAcc>1.534243</hAcc><vAcc>0.985114</vAcc></extensions></trkpt>
      <trkpt lon="-117.161871" lat="32.895594"><ele>118.500721</ele><time>2024-08-20T02:01:02Z</time><extensions><speed>1.328955</speed><course>311.081986</course><hAcc>1.530771</hAcc><vAcc>0.982055</vAcc></extensions></trkpt>
      <trkpt lon="-117.161882" lat="32.895602"><ele>118.648438</ele><time>2024-08-20T02:01:03Z</time><extensions><speed>1.288316</speed><course>308.502455</course><hAcc>1.516016</hAcc><vAcc>0.977956</vAcc></extensions></trkpt>
      <trkpt lon="-117.161893" lat="32.895609"><ele>118.801165</ele><time>2024-08-20T02:01:04Z</time><extensions><speed>1.223311</speed><course>309.002662</course><hAcc>1.496528</hAcc><vAcc>0.972900</vAcc></extensions></trkpt>
      <trkpt lon="-117.161903" lat="32.895616"><ele>118.950838</ele><time>2024-08-20T02:01:05Z</time><extensions><speed>1.225240</speed><course>309.552828</course><hAcc>1.478806</hAcc><vAcc>0.968821</vAcc></extensions></trkpt>
      <trkpt lon="-117.161913" lat="32.895623"><ele>119.096185</ele><time>2024-08-20T02:01:06Z</time><extensions><speed>1.304773</speed><course>310.021647</course><hAcc>1.458585</hAcc><vAcc>0.964217</vAcc></extensions></trkpt>
      <trkpt lon="-117.161924" lat="32.895630"><ele>119.244375</ele><time>2024-08-20T02:01:07Z</time><extensions><speed>1.324889</speed><course>308.043099</course><hAcc>1.443708</hAcc><vAcc>0.959498</vAcc></extensions></trkpt>
      <trkpt lon="-117.161935" lat="32.895638"><ele>119.385808</ele><time>2024-08-20T02:01:08Z</time><extensions><speed>1.254690</speed><course>307.353352</course><hAcc>1.428103</hAcc><vAcc>0.954169</vAcc></extensions></trkpt>
      <trkpt lon="-117.161945" lat="32.895644"><ele>119.521236</ele><time>2024-08-20T02:01:09Z</time><extensions><speed>1.062915</speed><course>307.179980</course><hAcc>1.438733</hAcc><vAcc>0.948075</vAcc></extensions></trkpt>
      <trkpt lon="-117.161953" lat="32.895649"><ele>119.637304</ele><time>2024-08-20T02:01:10Z</time><extensions><speed>0.904703</speed><course>311.676035</course><hAcc>1.471617</hAcc><vAcc>0.942334</vAcc></extensions></trkpt>
      <trkpt lon="-117.161961" lat="32.895655"><ele>119.723429</ele><time>2024-08-20T02:01:11Z</time><extensions><speed>1.001384</speed><course>313.061670</course><hAcc>1.433128</hAcc><vAcc>0.937688</vAcc></extensions></trkpt>
      <trkpt lon="-117.161969" lat="32.895662"><ele>119.807145</ele><time>2024-08-20T02:01:12Z</time><extensions><speed>1.079293</speed><course>314.410572</course><hAcc>1.440367</hAcc><vAcc>0.933640</vAcc></extensions></trkpt>
      <trkpt lon="-117.161977" lat="32.895668"><ele>119.881264</ele><time>2024-08-20T02:01:13Z</time><extensions><speed>1.014519</speed><course>314.857518</course><hAcc>1.472193</hAcc><vAcc>0.931435</vAcc></extensions></trkpt>
      <trkpt lon="-117.161984" lat="32.895675"><ele>119.920615</ele><time>2024-08-20T02:01:14Z</time><extensions><speed>0.935582</speed><course>315.056836</course><hAcc>1.495194</hAcc><vAcc>0.930001</vAcc></extensions></trkpt>
      <trkpt lon="-117.161991" lat="32.895680"><ele>119.953861</ele><time>2024-08-20T02:01:15Z</time><extensions><speed>0.893667</speed><course>316.441862</course><hAcc>1.499571</hAcc><vAcc>0.929798</vAcc></extensions></trkpt>
      <trkpt lon="-117.161998" lat="32.895687"><ele>119.984279</ele><time>2024-08-20T02:01:16Z</time><extensions><speed>1.005186</speed><course>316.044296</course><hAcc>1.519041</hAcc><vAcc>0.931142</vAcc></extensions></trkpt>
      <trkpt lon="-117.162006" lat="32.895693"><ele>119.984894</ele><time>2024-08-20T02:01:17Z</time><extensions><speed>1.135016</speed><course>313.060219</course><hAcc>1.527553</hAcc><vAcc>0.933622</vAcc></extensions></trkpt>
      <trkpt lon="-117.162015" lat="32.895701"><ele>119.957879</ele><time>2024-08-20T02:01:18Z</time><extensions><speed>1.236058</speed><course>313.659120</course><hAcc>1.524475</hAcc><vAcc>0.937540</vAcc></extensions></trkpt>
      <trkpt lon="-117.162025" lat="32.895709"><ele>119.927992</ele><time>2024-08-20T02:01:19Z</time><extensions><speed>1.173089</speed><course>315.846572</course><hAcc>1.518055</hAcc><vAcc>0.942588</vAcc></extensions></trkpt>
      <trkpt lon="-117.162033" lat="32.895716"><ele>119.893360</ele><time>2024-08-20T02:01:20Z</time><extensions><speed>1.059241</speed><course>315.169025</course><hAcc>1.507661</hAcc><vAcc>0.947807</vAcc></extensions></trkpt>
      <trkpt lon="-117.162041" lat="32.895723"><ele>119.863454</ele><time>2024-08-20T02:01:21Z</time><extensions><speed>1.067335</speed><course>315.124590</course><hAcc>1.502575</hAcc><vAcc>0.951598</vAcc></extensions></trkpt>
      <trkpt lon="-117.162049" lat="32.895729"><ele>119.836085</ele><time>2024-08-20T02:01:22Z</time><extensions><speed>1.012095</speed><course>318.661550</course><hAcc>1.518161</hAcc><vAcc>0.954214</vAcc></extensions></trkpt>
      <trkpt lon="-117.162055" lat="32.895736"><ele>119.815204</ele><time>2024-08-20T02:01:23Z</time><extensions><speed>0.955510</speed><course>320.417901</course><hAcc>1.514472</hAcc><vAcc>0.955154</vAcc></extensions></trkpt>
      <trkpt lon="-117.162061" lat="32.895743"><ele>119.780664</ele><time>2024-08-20T02:01:24Z</time><extensions><speed>0.905610</speed><course>326.696634</course><hAcc>1.484895</hAcc><vAcc>0.954439</vAcc></extensions></trkpt>
      <trkpt lon="-117.162066" lat="32.895750"><ele>119.768114</ele><time>2024-08-20T02:01:25Z</time><extensions><speed>0.924355</speed><course>328.833538</course><hAcc>1.475748</hAcc><vAcc>0.953416</vAcc></extensions></trkpt>
      <trkpt lon="-117.162072" lat="32.895758"><ele>119.735217</ele><time>2024-08-20T02:01:26Z</time><extensions><speed>1.045622</speed><course>328.654348</course><hAcc>1.488602</hAcc><vAcc>0.952254</vAcc></extensions></trkpt>
      <trkpt lon="-117.162078" lat="32.895766"><ele>119.708327</ele><time>2024-08-20T02:01:27Z</time><extensions><speed>1.119226</speed><course>326.645991</course><hAcc>1.491273</hAcc><vAcc>0.950018</vAcc></extensions></trkpt>
      <trkpt lon="-117.162085" lat="32.895774"><ele>119.689742</ele><time>2024-08-20T02:01:28Z</time><extensions><speed>1.193244</speed><course>323.326031</course><hAcc>1.489078</hAcc><vAcc>0.946434</vAcc></extensions></trkpt>
      <trkpt lon="-117.162092" lat="32.895782"><ele>119.680139</ele><time>2024-08-20T02:01:29Z</time><extensions><speed>1.085144</speed><course>318.820740</course><hAcc>1.493899</hAcc><vAcc>0.940873</vAcc></extensions></trkpt>
      <trkpt lon="-117.162100" lat="32.895789"><ele>119.668602</ele><time>2024-08-20T02:01:30Z</time><extensions><speed>1.046638</speed><course>318.066952</course><hAcc>1.483277</hAcc><vAcc>0.934319</vAcc></extensions></trkpt>
      <trkpt lon="-117.162107" lat="32.895797"><ele>119.662682</ele><time>2024-08-20T02:01:31Z</time><extensions><speed>1.050900</speed><course>319.542661</course><hAcc>1.488634</hAcc><vAcc>0.926653</vAcc></extensions></trkpt>
      <trkpt lon="-117.162114" lat="32.895804"><ele>119.634909</ele><time>2024-08-20T02:01:32Z</time><extensions><speed>0.924487</speed><course>323.711760</course><hAcc>1.500556</hAcc><vAcc>0.918420</vAcc></extensions></trkpt>
      <trkpt lon="-117.162119" lat="32.895810"><ele>119.611640</ele><time>2024-08-20T02:01:33Z</time><extensions><speed>0.788338</speed><course>335.140537</course><hAcc>1.499075</hAcc><vAcc>0.910536</vAcc></extensions></trkpt>
      <trkpt lon="-117.162122" lat="32.895817"><ele>119.592747</ele><time>2024-08-20T02:01:34Z</time><extensions><speed>0.833956</speed><course>341.525147</course><hAcc>1.508567</hAcc><vAcc>0.903384</vAcc></extensions></trkpt>
      <trkpt lon="-117.162125" lat="32.895824"><ele>119.557746</ele><time>2024-08-20T02:01:35Z</time><extensions><speed>0.938430</speed><course>339.045728</course><hAcc>1.538653</hAcc><vAcc>0.897230</vAcc></extensions></trkpt>
      <trkpt lon="-117.162130" lat="32.895832"><ele>119.521572</ele><time>2024-08-20T02:01:36Z</time><extensions><speed>0.917134</speed><course>330.988746</course><hAcc>1.551523</hAcc><vAcc>0.892382</vAcc></extensions></trkpt>
      <trkpt lon="-117.162135" lat="32.895839"><ele>119.483620</ele><time>2024-08-20T02:01:37Z</time><extensions><speed>0.899839</speed><course>324.210735</course><hAcc>1.545486</hAcc><vAcc>0.888197</vAcc></extensions></trkpt>
      <trkpt lon="-117.162141" lat="32.895845"><ele>119.430710</ele><time>2024-08-20T02:01:38Z</time><extensions><speed>0.900502</speed><course>322.683966</course><hAcc>1.528319</hAcc><vAcc>0.884803</vAcc></extensions></trkpt>
      <trkpt lon="-117.162147" lat="32.895852"><ele>119.366399</ele><time>2024-08-20T02:01:39Z</time><extensions><speed>0.934708</speed><course>322.699666</course><hAcc>1.518653</hAcc><vAcc>0.881817</vAcc></extensions></trkpt>
      <trkpt lon="-117.162153" lat="32.895859"><ele>119.304083</ele><time>2024-08-20T02:01:40Z</time><extensions><speed>1.030177</speed><course>321.191877</course><hAcc>1.517241</hAcc><vAcc>0.879925</vAcc></extensions></trkpt>
      <trkpt lon="-117.162160" lat="32.895866"><ele>119.230521</ele><time>2024-08-20T02:01:41Z</time><extensions><speed>1.079055</speed><course>319.881826</course><hAcc>1.507894</hAcc><vAcc>0.879533</vAcc></extensions></trkpt>
      <trkpt lon="-117.162167" lat="32.895873"><ele>119.151778</ele><time>2024-08-20T02:01:42Z</time><extensions><speed>1.013116</speed><course>319.146399</course><hAcc>1.492188</hAcc><vAcc>0.880393</vAcc></extensions></trkpt>
      <trkpt lon="-117.162175" lat="32.895880"><ele>119.063409</ele><time>2024-08-20T02:01:43Z</time><extensions><speed>1.037838</speed><course>316.966151</course><hAcc>1.495416</hAcc><vAcc>0.881347</vAcc></extensions></trkpt>
      <trkpt lon="-117.162183" lat="32.895887"><ele>118.966087</ele><time>2024-08-20T02:01:44Z</time><extensions><speed>1.067104</speed><course>314.388104</course><hAcc>1.494624</hAcc><vAcc>0.883329</vAcc></extensions></trkpt>
      <trkpt lon="-117.162191" lat="32.895893"><ele>118.861318</ele><time>2024-08-20T02:01:45Z</time><extensions><speed>0.966890</speed><course>311.296984</course><hAcc>1.485689</hAcc><vAcc>0.885764</vAcc></extensions></trkpt>
      <trkpt lon="-117.162199" lat="32.895898"><ele>118.758148</ele><time>2024-08-20T02:01:46Z</time><extensions><speed>0.909010</speed><course>298.730707</course><hAcc>1.478928</hAcc><vAcc>0.888889</vAcc></extensions></trkpt>
      <trkpt lon="-117.162208" lat="32.895901"><ele>118.663211</ele><time>2024-08-20T02:01:47Z</time><extensions><speed>0.941266</speed><course>289.410825</course><hAcc>1.464782</hAcc><vAcc>0.893644</vAcc></extensions></trkpt>
      <trkpt lon="-117.162218" lat="32.895903"><ele>118.573331</ele><time>2024-08-20T02:01:48Z</time><extensions><speed>1.036939</speed><course>281.394241</course><hAcc>1.446949</hAcc><vAcc>0.898098</vAcc></extensions></trkpt>
      <trkpt lon="-117.162229" lat="32.895905"><ele>118.498987</ele><time>2024-08-20T02:01:49Z</time><extensions><speed>1.097828</speed><course>272.294522</course><hAcc>1.430021</hAcc><vAcc>0.902909</vAcc></extensions></trkpt>
      <trkpt lon="-117.162241" lat="32.895904"><ele>118.438611</ele><time>2024-08-20T02:01:50Z</time><extensions><speed>1.041192</speed><course>263.576106</course><hAcc>1.429692</hAcc><vAcc>0.908275</vAcc></extensions></trkpt>
      <trkpt lon="-117.162251" lat="32.895902"><ele>118.383872</ele><time>2024-08-20T02:01:51Z</time><extensions><speed>0.965006</speed><course>255.104441</course><hAcc>1.451765</hAcc><vAcc>0.913300</vAcc></extensions></trkpt>
      <trkpt lon="-117.162262" lat="32.895900"><ele>118.330203</ele><time>2024-08-20T02:01:52Z</time><extensions><speed>1.126856</speed><course>255.604015</course><hAcc>1.447134</hAcc><vAcc>0.918610</vAcc></extensions></trkpt>
      <trkpt lon="-117.162273" lat="32.895898"><ele>118.273799</ele><time>2024-08-20T02:01:53Z</time><extensions><speed>1.111686</speed><course>258.907675</course><hAcc>1.423090</hAcc><vAcc>0.922179</vAcc></extensions></trkpt>
      <trkpt lon="-117.162285" lat="32.895896"><ele>118.207614</ele><time>2024-08-20T02:01:54Z</time><extensions><speed>1.117676</speed><course>260.972867</course><hAcc>1.425675</hAcc><vAcc>0.925579</vAcc></extensions></trkpt>
      <trkpt lon="-117.162297" lat="32.895894"><ele>118.159285</ele><time>2024-08-20T02:01:55Z</time><extensions><speed>1.082160</speed><course>259.995284</course><hAcc>1.429725</hAcc><vAcc>0.927186</vAcc></extensions></trkpt>
      <trkpt lon="-117.162308" lat="32.895892"><ele>118.119648</ele><time>2024-08-20T02:01:56Z</time><extensions><speed>1.033767</speed><course>255.868308</course><hAcc>1.436804</hAcc><vAcc>0.927514</vAcc></extensions></trkpt>
      <trkpt lon="-117.162318" lat="32.895890"><ele>118.103243</ele><time>2024-08-20T02:01:57Z</time><extensions><speed>1.003671</speed><course>251.345367</course><hAcc>1.451112</hAcc><vAcc>0.926472</vAcc></extensions></trkpt>
      <trkpt lon="-117.162327" lat="32.895887"><ele>118.097282</ele><time>2024-08-20T02:01:58Z</time><extensions><speed>0.910608</speed><course>246.088158</course><hAcc>1.432733</hAcc><vAcc>0.924417</vAcc></extensions></trkpt>
      <trkpt lon="-117.162336" lat="32.895883"><ele>118.079449</ele><time>2024-08-20T02:01:59Z</time><extensions><speed>0.886341</speed><course>239.570987</course><hAcc>1.427971</hAcc><vAcc>0.921824</vAcc></extensions></trkpt>
      <trkpt lon="-117.162344" lat="32.895878"><ele>118.056943</ele><time>2024-08-20T02:02:00Z</time><extensions><speed>0.897362</speed><course>229.118898</course><hAcc>1.429180</hAcc><vAcc>0.919232</vAcc></extensions></trkpt>
      <trkpt lon="-117.162350" lat="32.895873"><ele>118.045086</ele><time>2024-08-20T02:02:01Z</time><extensions><speed>0.933268</speed><course>220.681353</course><hAcc>1.442853</hAcc><vAcc>0.916346</vAcc></extensions></trkpt>
      <trkpt lon="-117.162357" lat="32.895866"><ele>118.015341</ele><time>2024-08-20T02:02:02Z</time><extensions><speed>0.986690</speed><course>219.256380</course><hAcc>1.461670</hAcc><vAcc>0.912845</vAcc></extensions></trkpt>
      <trkpt lon="-117.162363" lat="32.895859"><ele>117.995961</ele><time>2024-08-20T02:02:03Z</time><extensions><speed>0.933868</speed><course>219.652869</course><hAcc>1.451961</hAcc><vAcc>0.909366</vAcc></extensions></trkpt>
      <trkpt lon="-117.162369" lat="32.895853"><ele>117.984369</ele><time>2024-08-20T02:02:04Z</time><extensions><speed>0.840080</speed><course>223.133660</course><hAcc>1.446321</hAcc><vAcc>0.905228</vAcc></extensions></trkpt>
      <trkpt lon="-117.162376" lat="32.895848"><ele>117.977593</ele><time>2024-08-20T02:02:05Z</time><extensions><speed>0.896589</speed><course>227.556719</course><hAcc>1.464820</hAcc><vAcc>0.901516</vAcc></extensions></trkpt>
      <trkpt lon="-117.162384" lat="32.895842"><ele>117.978008</ele><time>2024-08-20T02:02:06Z</time><extensions><speed>1.007128</speed><course>230.615277</course><hAcc>1.481064</hAcc><vAcc>0.898670</vAcc></extensions></trkpt>
      <trkpt lon="-117.162392" lat="32.895837"><ele>117.970753</ele><time>2024-08-20T02:02:07Z</time><extensions><speed>0.978049</speed><course>235.131124</course><hAcc>1.491157</hAcc><vAcc>0.898785</vAcc></extensions></trkpt>
      <trkpt lon="-117.162400" lat="32.895832"><ele>117.955566</ele><time>2024-08-20T02:02:08Z</time><extensions><speed>0.907553</speed><course>235.674134</course><hAcc>1.499785</hAcc><vAcc>0.900187</vAcc></extensions></trkpt>
      <trkpt lon="-117.162408" lat="32.895828"><ele>117.919996</ele><time>2024-08-20T02:02:09Z</time><extensions><speed>0.809626</speed><course>232.229259</course><hAcc>1.507720</hAcc><vAcc>0.902549</vAcc></extensions></trkpt>
      <trkpt lon="-117.162415" lat="32.895823"><ele>117.875665</ele><time>2024-08-20T02:02:10Z</time><extensions><speed>0.899748</speed><course>229.206513</course><hAcc>1.529571</hAcc><vAcc>0.905605</vAcc></extensions></trkpt>
      <trkpt lon="-117.162422" lat="32.895817"><ele>117.810441</ele><time>2024-08-20T02:02:11Z</time><extensions><speed>1.002676</speed><course>227.732639</course><hAcc>1.542558</hAcc><vAcc>0.909024</vAcc></extensions></trkpt>
      <trkpt lon="-117.162431" lat="32.895811"><ele>117.722853</ele><time>2024-08-20T02:02:12Z</time><extensions><speed>1.102494</speed><course>228.173879</course><hAcc>1.549786</hAcc><vAcc>0.913173</vAcc></extensions></trkpt>
      <trkpt lon="-117.162440" lat="32.895804"><ele>117.626918</ele><time>2024-08-20T02:02:13Z</time><extensions><speed>1.138994</speed><course>229.942321</course><hAcc>1.570350</hAcc><vAcc>0.917965</vAcc></extensions></trkpt>
      <trkpt lon="-117.162449" lat="32.895798"><ele>117.538372</ele><time>2024-08-20T02:02:14Z</time><extensions><speed>1.017262</speed><course>232.369158</course><hAcc>1.572917</hAcc><vAcc>0.923818</vAcc></extensions></trkpt>
      <trkpt lon="-117.162457" lat="32.895793"><ele>117.454843</ele><time>2024-08-20T02:02:15Z</time><extensions><speed>0.914509</speed><course>234.499165</course><hAcc>1.569144</hAcc><vAcc>0.929283</vAcc></extensions></trkpt>
      <trkpt lon="-117.162465" lat="32.895789"><ele>117.358256</ele><time>2024-08-20T02:02:16Z</time><extensions><speed>0.822609</speed><course>238.151260</course><hAcc>1.562795</hAcc><vAcc>0.934383</vAcc></extensions></trkpt>
      <trkpt lon="-117.162472" lat="32.895785"><ele>117.240368</ele><time>2024-08-20T02:02:17Z</time><extensions><speed>0.893004</speed><course>237.915949</course><hAcc>1.589447</hAcc><vAcc>0.939847</vAcc></extensions></trkpt>
      <trkpt lon="-117.162481" lat="32.895780"><ele>117.118059</ele><time>2024-08-20T02:02:18Z</time><extensions><speed>1.027084</speed><course>237.434818</course><hAcc>1.606380</hAcc><vAcc>0.944544</vAcc></extensions></trkpt>
      <trkpt lon="-117.162491" lat="32.895775"><ele>116.989804</ele><time>2024-08-20T02:02:19Z</time><extensions><speed>1.084188</speed><course>239.219237</course><hAcc>1.595540</hAcc><vAcc>0.948092</vAcc></extensions></trkpt>
      <trkpt lon="-117.162501" lat="32.895770"><ele>116.858483</ele><time>2024-08-20T02:02:20Z</time><extensions><speed>1.104544</speed><course>240.431730</course><hAcc>1.600516</hAcc><vAcc>0.949977</vAcc></extensions></trkpt>
      <trkpt lon="-117.162511" lat="32.895766"><ele>116.739654</ele><time>2024-08-20T02:02:21Z</time><extensions><speed>1.009567</speed><course>242.371735</course><hAcc>1.598376</hAcc><vAcc>0.952338</vAcc></extensions></trkpt>
      <trkpt lon="-117.162520" lat="32.895762"><ele>116.617057</ele><time>2024-08-20T02:02:22Z</time><extensions><speed>0.963960</speed><course>244.527952</course><hAcc>1.595499</hAcc><vAcc>0.954725</vAcc></extensions></trkpt>
      <trkpt lon="-117.162530" lat="32.895758"><ele>116.487692</ele><time>2024-08-20T02:02:23Z</time><extensions><speed>0.948094</speed><course>244.704557</course><hAcc>1.617443</hAcc><vAcc>0.956375</vAcc></extensions></trkpt>
      <trkpt lon="-117.162539" lat="32.895754"><ele>116.357657</ele><time>2024-08-20T02:02:24Z</time><extensions><speed>0.995823</speed><course>241.715456</course><hAcc>1.656642</hAcc><vAcc>0.957794</vAcc></extensions></trkpt>
      <trkpt lon="-117.162549" lat="32.895749"><ele>116.223100</ele><time>2024-08-20T02:02:25Z</time><extensions><speed>1.048271</speed><course>240.183704</course><hAcc>1.647013</hAcc><vAcc>0.958261</vAcc></extensions></trkpt>
      <trkpt lon="-117.162559" lat="32.895744"><ele>116.083248</ele><time>2024-08-20T02:02:26Z</time><extensions><speed>1.085837</speed><course>238.609832</course><hAcc>1.647977</hAcc><vAcc>0.958374</vAcc></extensions></trkpt>
      <trkpt lon="-117.162569" lat="32.895739"><ele>115.949946</ele><time>2024-08-20T02:02:27Z</time><extensions><speed>1.114173</speed><course>238.341040</course><hAcc>1.655033</hAcc><vAcc>0.957684</vAcc></extensions></trkpt>
      <trkpt lon="-117.162579" lat="32.895734"><ele>115.829550</ele><time>2024-08-20T02:02:28Z</time><extensions><speed>1.180107</speed><course>238.834170</course><hAcc>1.671636</hAcc><vAcc>0.957739</vAcc></extensions></trkpt>
      <trkpt lon="-117.162590" lat="32.895728"><ele>115.700840</ele><time>2024-08-20T02:02:29Z</time><extensions><speed>1.220083</speed><course>239.237377</course><hAcc>1.683355</hAcc><vAcc>0.958455</vAcc></extensions></trkpt>
      <trkpt lon="-117.162601" lat="32.895723"><ele>115.576427</ele><time>2024-08-20T02:02:30Z</time><extensions><speed>1.204794</speed><course>238.755856</course><hAcc>1.698549</hAcc><vAcc>0.959612</vAcc></extensions></trkpt>
      <trkpt lon="-117.162612" lat="32.895717"><ele>115.443906</ele><time>2024-08-20T02:02:31Z</time><extensions><speed>1.223679</speed><course>239.811792</course><hAcc>1.719568</hAcc><vAcc>0.960801</vAcc></extensions></trkpt>
      <trkpt lon="-117.162624" lat="32.895712"><ele>115.298015</ele><time>2024-08-20T02:02:32Z</time><extensions><speed>1.299275</speed><course>242.641354</course><hAcc>1.732516</hAcc><vAcc>0.962247</vAcc></extensions></trkpt>
      <trkpt lon="-117.162636" lat="32.895706"><ele>115.154556</ele><time>2024-08-20T02:02:33Z</time><extensions><speed>1.280651</speed><course>243.106550</course><hAcc>1.738671</hAcc><vAcc>0.963538</vAcc></extensions></trkpt>
      <trkpt lon="-117.162648" lat="32.895701"><ele>115.019287</ele><time>2024-08-20T02:02:34Z</time><extensions><speed>1.184122</speed><course>242.983306</course><hAcc>1.746461</hAcc><vAcc>0.965637</vAcc></extensions></trkpt>
      <trkpt lon="-117.162659" lat="32.895697"><ele>114.882882</ele><time>2024-08-20T02:02:35Z</time><extensions><speed>0.996743</speed><course>241.916738</course><hAcc>1.753500</hAcc><vAcc>0.968141</vAcc></extensions></trkpt>
      <trkpt lon="-117.162668" lat="32.895693"><ele>114.736983</ele><time>2024-08-20T02:02:36Z</time><extensions><speed>0.899555</speed><course>239.966166</course><hAcc>1.757785</hAcc><vAcc>0.971717</vAcc></extensions></trkpt>
      <trkpt lon="-117.162676" lat="32.895689"><ele>114.599608</ele><time>2024-08-20T02:02:37Z</time><extensions><speed>0.852075</speed><course>243.206421</course><hAcc>1.751878</hAcc><vAcc>0.975915</vAcc></extensions></trkpt>
      <trkpt lon="-117.162684" lat="32.895686"><ele>114.478029</ele><time>2024-08-20T02:02:38Z</time><extensions><speed>0.903176</speed><course>246.725002</course><hAcc>1.777216</hAcc><vAcc>0.980514</vAcc></extensions></trkpt>
      <trkpt lon="-117.162694" lat="32.895682"><ele>114.360186</ele><time>2024-08-20T02:02:39Z</time><extensions><speed>0.989386</speed><course>248.295344</course><hAcc>1.798022</hAcc><vAcc>0.985619</vAcc></extensions></trkpt>
      <trkpt lon="-117.162704" lat="32.895679"><ele>114.223868</ele><time>2024-08-20T02:02:40Z</time><extensions><speed>1.017741</speed><course>248.041513</course><hAcc>1.811182</hAcc><vAcc>0.990292</vAcc></extensions></trkpt>
      <trkpt lon="-117.162714" lat="32.895675"><ele>114.097035</ele><time>2024-08-20T02:02:41Z</time><extensions><speed>1.076695</speed><course>246.726197</course><hAcc>1.813990</hAcc><vAcc>0.994520</vAcc></extensions></trkpt>
      <trkpt lon="-117.162725" lat="32.895671"><ele>113.980758</ele><time>2024-08-20T02:02:42Z</time><extensions><speed>1.119465</speed><course>246.790535</course><hAcc>1.811834</hAcc><vAcc>0.997976</vAcc></extensions></trkpt>
      <trkpt lon="-117.162736" lat="32.895667"><ele>113.869727</ele><time>2024-08-20T02:02:43Z</time><extensions><speed>1.135727</speed><course>245.411249</course><hAcc>1.816034</hAcc><vAcc>1.000837</vAcc></extensions></trkpt>
      <trkpt lon="-117.162747" lat="32.895663"><ele>113.762779</ele><time>2024-08-20T02:02:44Z</time><extensions><speed>1.125798</speed><course>244.465315</course><hAcc>1.825322</hAcc><vAcc>1.004008</vAcc></extensions></trkpt>
      <trkpt lon="-117.162758" lat="32.895658"><ele>113.655212</ele><time>2024-08-20T02:02:45Z</time><extensions><speed>1.142550</speed><course>242.647117</course><hAcc>1.832441</hAcc><vAcc>1.006623</vAcc></extensions></trkpt>
      <trkpt lon="-117.162768" lat="32.895653"><ele>113.536789</ele><time>2024-08-20T02:02:46Z</time><extensions><speed>1.066289</speed><course>241.010728</course><hAcc>1.826846</hAcc><vAcc>1.009062</vAcc></extensions></trkpt>
      <trkpt lon="-117.162778" lat="32.895648"><ele>113.406225</ele><time>2024-08-20T02:02:47Z</time><extensions><speed>0.993089</speed><course>237.818987</course><hAcc>1.816316</hAcc><vAcc>1.010597</vAcc></extensions></trkpt>
      <trkpt lon="-117.162787" lat="32.895643"><ele>113.271191</ele><time>2024-08-20T02:02:48Z</time><extensions><speed>1.011890</speed><course>236.593740</course><hAcc>1.805339</hAcc><vAcc>1.011503</vAcc></extensions></trkpt>
      <trkpt lon="-117.162796" lat="32.895638"><ele>113.138720</ele><time>2024-08-20T02:02:49Z</time><extensions><speed>1.109277</speed><course>234.911400</course><hAcc>1.810054</hAcc><vAcc>1.012327</vAcc></extensions></trkpt>
      <trkpt lon="-117.162806" lat="32.895632"><ele>113.005243</ele><time>2024-08-20T02:02:50Z</time><extensions><speed>1.165031</speed><course>234.827501</course><hAcc>1.802311</hAcc><vAcc>1.012070</vAcc></extensions></trkpt>
      <trkpt lon="-117.162816" lat="32.895626"><ele>112.856260</ele><time>2024-08-20T02:02:51Z</time><extensions><speed>1.096236</speed><course>235.071848</course><hAcc>1.794704</hAcc><vAcc>1.011181</vAcc></extensions></trkpt>
      <trkpt lon="-117.162825" lat="32.895620"><ele>112.687822</ele><time>2024-08-20T02:02:52Z</time><extensions><speed>1.038504</speed><course>234.359428</course><hAcc>1.785136</hAcc><vAcc>1.009931</vAcc></extensions></trkpt>
      <trkpt lon="-117.162834" lat="32.895614"><ele>112.512295</ele><time>2024-08-20T02:02:53Z</time><extensions><speed>1.047928</speed><course>234.061842</course><hAcc>1.774465</hAcc><vAcc>1.008965</vAcc></extensions></trkpt>
      <trkpt lon="-117.162843" lat="32.895608"><ele>112.335258</ele><time>2024-08-20T02:02:54Z</time><extensions><speed>1.049550</speed><course>232.304321</course><hAcc>1.769013</hAcc><vAcc>1.008437</vAcc></extensions></trkpt>
      <trkpt lon="-117.162852" lat="32.895602"><ele>112.155457</ele><time>2024-08-20T02:02:55Z</time><extensions><speed>1.044557</speed><course>230.490091</course><hAcc>1.764491</hAcc><vAcc>1.008010</vAcc></extensions></trkpt>
      <trkpt lon="-117.162860" lat="32.895596"><ele>111.956466</ele><time>2024-08-20T02:02:56Z</time><extensions><speed>1.066741</speed><course>228.094404</course><hAcc>1.756454</hAcc><vAcc>1.007819</vAcc></extensions></trkpt>
      <trkpt lon="-117.162869" lat="32.895589"><ele>111.741444</ele><time>2024-08-20T02:02:57Z</time><extensions><speed>1.074760</speed><course>225.080483</course><hAcc>1.745928</hAcc><vAcc>1.007241</vAcc></extensions></trkpt>
      <trkpt lon="-117.162876" lat="32.895582"><ele>111.520761</ele><time>2024-08-20T02:02:58Z</time><extensions><speed>1.055304</speed><course>224.554043</course><hAcc>1.748781</hAcc><vAcc>1.006530</vAcc></extensions></trkpt>
      <trkpt lon="-117.162885" lat="32.895575"><ele>111.291754</ele><time>2024-08-20T02:02:59Z</time><extensions><speed>1.069598</speed><course>226.060069</course><hAcc>1.756702</hAcc><vAcc>1.006636</vAcc></extensions></trkpt>
      <trkpt lon="-117.162893" lat="32.895569"><ele>111.048265</ele><time>2024-08-20T02:03:00Z</time><extensions><speed>1.080272</speed><course>227.538908</course><hAcc>1.754095</hAcc><vAcc>1.006056</vAcc></extensions></trkpt>
      <trkpt lon="-117.162901" lat="32.895562"><ele>110.812659</ele><time>2024-08-20T02:03:01Z</time><extensions><speed>1.032948</speed><course>227.482460</course><hAcc>1.740186</hAcc><vAcc>1.005874</vAcc></extensions></trkpt>
      <trkpt lon="-117.162909" lat="32.895556"><ele>110.583933</ele><time>2024-08-20T02:03:02Z</time><extensions><speed>1.069202</speed><course>226.375012</course><hAcc>1.722474</hAcc><vAcc>1.005647</vAcc></extensions></trkpt>
      <trkpt lon="-117.162918" lat="32.895549"><ele>110.348179</ele><time>2024-08-20T02:03:03Z</time><extensions><speed>1.113779</speed><course>227.389042</course><hAcc>1.723117</hAcc><vAcc>1.006228</vAcc></extensions></trkpt>
      <trkpt lon="-117.162927" lat="32.895542"><ele>110.091654</ele><time>2024-08-20T02:03:04Z</time><extensions><speed>1.156773</speed><course>230.693757</course><hAcc>1.726758</hAcc><vAcc>1.006204</vAcc></extensions></trkpt>
      <trkpt lon="-117.162936" lat="32.895536"><ele>109.833791</ele><time>2024-08-20T02:03:05Z</time><extensions><speed>1.076697</speed><course>233.221745</course><hAcc>1.716107</hAcc><vAcc>1.005325</vAcc></extensions></trkpt>
      <trkpt lon="-117.162945" lat="32.895530"><ele>109.584534</ele><time>2024-08-20T02:03:06Z</time><extensions><speed>1.029122</speed><course>233.293466</course><hAcc>1.700438</hAcc><vAcc>1.004044</vAcc></extensions></trkpt>
      <trkpt lon="-117.162954" lat="32.895524"><ele>109.346949</ele><time>2024-08-20T02:03:07Z</time><extensions><speed>1.038429</speed><course>232.415226</course><hAcc>1.686387</hAcc><vAcc>1.003482</vAcc></extensions></trkpt>
      <trkpt lon="-117.162963" lat="32.895519"><ele>109.104452</ele><time>2024-08-20T02:03:08Z</time><extensions><speed>1.070103</speed><course>232.394813</course><hAcc>1.681851</hAcc><vAcc>1.003103</vAcc></extensions></trkpt>
      <trkpt lon="-117.162972" lat="32.895513"><ele>108.850982</ele><time>2024-08-20T02:03:09Z</time><extensions><speed>1.048354</speed><course>231.176740</course><hAcc>1.674117</hAcc><vAcc>1.001286</vAcc></extensions></trkpt>
      <trkpt lon="-117.162980" lat="32.895507"><ele>108.593124</ele><time>2024-08-20T02:03:10Z</time><extensions><speed>0.953221</speed><course>229.279649</course><hAcc>1.666392</hAcc><vAcc>0.997414</vAcc></extensions></trkpt>
      <trkpt lon="-117.162987" lat="32.895501"><ele>108.339721</ele><time>2024-08-20T02:03:11Z</time><extensions><speed>0.902929</speed><course>229.280475</course><hAcc>1.667998</hAcc><vAcc>0.993112</vAcc></extensions></trkpt>
      <trkpt lon="-117.162995" lat="32.895496"><ele>108.095706</ele><time>2024-08-20T02:03:12Z</time><extensions><speed>0.878587</speed><course>230.584244</course><hAcc>1.654775</hAcc><vAcc>0.987995</vAcc></extensions></trkpt>
      <trkpt lon="-117.163002" lat="32.895491"><ele>107.886654</ele><time>2024-08-20T02:03:13Z</time><extensions><speed>0.938613</speed><course>231.638354</course><hAcc>1.650544</hAcc><vAcc>0.981503</vAcc></extensions></trkpt>
      <trkpt lon="-117.163010" lat="32.895486"><ele>107.686045</ele><time>2024-08-20T02:03:14Z</time><extensions><speed>0.938026</speed><course>230.685143</course><hAcc>1.624546</hAcc><vAcc>0.975394</vAcc></extensions></trkpt>
      <trkpt lon="-117.163017" lat="32.895480"><ele>107.480775</ele><time>2024-08-20T02:03:15Z</time><extensions><speed>0.934158</speed><course>229.779079</course><hAcc>1.605509</hAcc><vAcc>0.968854</vAcc></extensions></trkpt>
      <trkpt lon="-117.163025" lat="32.895475"><ele>107.280582</ele><time>2024-08-20T02:03:16Z</time><extensions><speed>0.946487</speed><course>231.686956</course><hAcc>1.598966</hAcc><vAcc>0.962256</vAcc></extensions></trkpt>
      <trkpt lon="-117.163034" lat="32.895469"><ele>107.103263</ele><time>2024-08-20T02:03:17Z</time><extensions><speed>1.104848</speed><course>234.413951</course><hAcc>1.597204</hAcc><vAcc>0.955127</vAcc></extensions></trkpt>
      <trkpt lon="-117.163044" lat="32.895463"><ele>106.941469</ele><time>2024-08-20T02:03:18Z</time><extensions><speed>1.169735</speed><course>235.172622</course><hAcc>1.587030</hAcc><vAcc>0.947503</vAcc></extensions></trkpt>
      <trkpt lon="-117.163054" lat="32.895457"><ele>106.792722</ele><time>2024-08-20T02:03:19Z</time><extensions><speed>1.223405</speed><course>237.780203</course><hAcc>1.571555</hAcc><vAcc>0.940738</vAcc></extensions></trkpt>
      <trkpt lon="-117.163065" lat="32.895451"><ele>106.646276</ele><time>2024-08-20T02:03:20Z</time><extensions><speed>1.211512</speed><course>236.061860</course><hAcc>1.562373</hAcc><vAcc>0.934447</vAcc></extensions></trkpt>
      <trkpt lon="-117.163075" lat="32.895445"><ele>106.515233</ele><time>2024-08-20T02:03:21Z</time><extensions><speed>1.051396</speed><course>231.416419</course><hAcc>1.559394</hAcc><vAcc>0.929849</vAcc></extensions></trkpt>
      <trkpt lon="-117.163083" lat="32.895439"><ele>106.385815</ele><time>2024-08-20T02:03:22Z</time><extensions><speed>0.990783</speed><course>230.870492</course><hAcc>1.562744</hAcc><vAcc>0.926893</vAcc></extensions></trkpt>
      <trkpt lon="-117.163091" lat="32.895434"><ele>106.270909</ele><time>2024-08-20T02:03:23Z</time><extensions><speed>0.978589</speed><course>229.657363</course><hAcc>1.562743</hAcc><vAcc>0.925260</vAcc></extensions></trkpt>
      <trkpt lon="-117.163099" lat="32.895428"><ele>106.166594</ele><time>2024-08-20T02:03:24Z</time><extensions><speed>1.002925</speed><course>228.251252</course><hAcc>1.567621</hAcc><vAcc>0.924982</vAcc></extensions></trkpt>
      <trkpt lon="-117.163107" lat="32.895422"><ele>106.058590</ele><time>2024-08-20T02:03:25Z</time><extensions><speed>0.960667</speed><course>223.723050</course><hAcc>1.562038</hAcc><vAcc>0.926088</vAcc></extensions></trkpt>
      <trkpt lon="-117.163114" lat="32.895415"><ele>105.951629</ele><time>2024-08-20T02:03:26Z</time><extensions><speed>0.983813</speed><course>221.848256</course><hAcc>1.558936</hAcc><vAcc>0.927843</vAcc></extensions></trkpt>
      <trkpt lon="-117.163121" lat="32.895409"><ele>105.851359</ele><time>2024-08-20T02:03:27Z</time><extensions><speed>0.994220</speed><course>223.606184</course><hAcc>1.572050</hAcc><vAcc>0.929951</vAcc></extensions></trkpt>
      <trkpt lon="-117.163129" lat="32.895402"><ele>105.761116</ele><time>2024-08-20T02:03:28Z</time><extensions><speed>1.041259</speed><course>225.363194</course><hAcc>1.578110</hAcc><vAcc>0.932175</vAcc></extensions></trkpt>
      <trkpt lon="-117.163137" lat="32.895396"><ele>105.659175</ele><time>2024-08-20T02:03:29Z</time><extensions><speed>1.068143</speed><course>226.995923</course><hAcc>1.584012</hAcc><vAcc>0.934731</vAcc></extensions></trkpt>
      <trkpt lon="-117.163145" lat="32.895389"><ele>105.545055</ele><time>2024-08-20T02:03:30Z</time><extensions><speed>1.030176</speed><course>228.678484</course><hAcc>1.588080</hAcc><vAcc>0.937747</vAcc></extensions></trkpt>
      <trkpt lon="-117.163154" lat="32.895383"><ele>105.420453</ele><time>2024-08-20T02:03:31Z</time><extensions><speed>1.053970</speed><course>231.632124</course><hAcc>1.595545</hAcc><vAcc>0.940646</vAcc></extensions></trkpt>
      <trkpt lon="-117.163163" lat="32.895378"><ele>105.295003</ele><time>2024-08-20T02:03:32Z</time><extensions><speed>1.099794</speed><course>234.792221</course><hAcc>1.598457</hAcc><vAcc>0.942140</vAcc></extensions></trkpt>
      <trkpt lon="-117.163173" lat="32.895372"><ele>105.166315</ele><time>2024-08-20T02:03:33Z</time><extensions><speed>1.085992</speed><course>236.075900</course><hAcc>1.607623</hAcc><vAcc>0.942270</vAcc></extensions></trkpt>
      <trkpt lon="-117.163183" lat="32.895367"><ele>105.045499</ele><time>2024-08-20T02:03:34Z</time><extensions><speed>1.051808</speed><course>239.793301</course><hAcc>1.605311</hAcc><vAcc>0.942543</vAcc></extensions></trkpt>
      <trkpt lon="-117.163192" lat="32.895363"><ele>104.911602</ele><time>2024-08-20T02:03:35Z</time><extensions><speed>0.980911</speed><course>244.579169</course><hAcc>1.582629</hAcc><vAcc>0.941384</vAcc></extensions></trkpt>
      <trkpt lon="-117.163202" lat="32.895359"><ele>104.769631</ele><time>2024-08-20T02:03:36Z</time><extensions><speed>0.936626</speed><course>249.544272</course><hAcc>1.551749</hAcc><vAcc>0.939008</vAcc></extensions></trkpt>
      <trkpt lon="-117.163211" lat="32.895356"><ele>104.613004</ele><time>2024-08-20T02:03:37Z</time><extensions><speed>0.993669</speed><course>250.468471</course><hAcc>1.544943</hAcc><vAcc>0.935765</vAcc></extensions></trkpt>
      <trkpt lon="-117.163222" lat="32.895353"><ele>104.451389</ele><time>2024-08-20T02:03:38Z</time><extensions><speed>1.080987</speed><course>252.055865</course><hAcc>1.528237</hAcc><vAcc>0.931698</vAcc></extensions></trkpt>
      <trkpt lon="-117.163233" lat="32.895350"><ele>104.267671</ele><time>2024-08-20T02:03:39Z</time><extensions><speed>1.182941</speed><course>253.731825</course><hAcc>1.517060</hAcc><vAcc>0.927682</vAcc></extensions></trkpt>
      <trkpt lon="-117.163245" lat="32.895348"><ele>104.069961</ele><time>2024-08-20T02:03:40Z</time><extensions><speed>1.106724</speed><course>254.971070</course><hAcc>1.528188</hAcc><vAcc>0.924110</vAcc></extensions></trkpt>
      <trkpt lon="-117.163256" lat="32.895345"><ele>103.863158</ele><time>2024-08-20T02:03:41Z</time><extensions><speed>1.094671</speed><course>249.163025</course><hAcc>1.481528</hAcc><vAcc>0.920704</vAcc></extensions></trkpt>
      <trkpt lon="-117.163267" lat="32.895341"><ele>103.641969</ele><time>2024-08-20T02:03:42Z</time><extensions><speed>1.113104</speed><course>246.158298</course><hAcc>1.469162</hAcc><vAcc>0.916289</vAcc></extensions></trkpt>
      <trkpt lon="-117.163278" lat="32.895337"><ele>103.416270</ele><time>2024-08-20T02:03:43Z</time><extensions><speed>1.147578</speed><course>243.638727</course><hAcc>1.472943</hAcc><vAcc>0.911299</vAcc></extensions></trkpt>
      <trkpt lon="-117.163290" lat="32.895332"><ele>103.184596</ele><time>2024-08-20T02:03:44Z</time><extensions><speed>1.229916</speed><course>239.733129</course><hAcc>1.485128</hAcc><vAcc>0.906631</vAcc></extensions></trkpt>
      <trkpt lon="-117.163301" lat="32.895326"><ele>102.952661</ele><time>2024-08-20T02:03:45Z</time><extensions><speed>1.215384</speed><course>239.988382</course><hAcc>1.475813</hAcc><vAcc>0.902319</vAcc></extensions></trkpt>
      <trkpt lon="-117.163312" lat="32.895321"><ele>102.720019</ele><time>2024-08-20T02:03:46Z</time><extensions><speed>1.132098</speed><course>241.963635</course><hAcc>1.464563</hAcc><vAcc>0.898195</vAcc></extensions></trkpt>
      <trkpt lon="-117.163322" lat="32.895316"><ele>102.491631</ele><time>2024-08-20T02:03:47Z</time><extensions><speed>1.055811</speed><course>244.164921</course><hAcc>1.458886</hAcc><vAcc>0.894290</vAcc></extensions></trkpt>
      <trkpt lon="-117.163332" lat="32.895313"><ele>102.266413</ele><time>2024-08-20T02:03:48Z</time><extensions><speed>1.049527</speed><course>247.066179</course><hAcc>1.464805</hAcc><vAcc>0.890104</vAcc></extensions></trkpt>
      <trkpt lon="-117.163343" lat="32.895309"><ele>102.044857</ele><time>2024-08-20T02:03:49Z</time><extensions><speed>1.047293</speed><course>253.047937</course><hAcc>1.458403</hAcc><vAcc>0.886939</vAcc></extensions></trkpt>
      <trkpt lon="-117.163354" lat="32.895306"><ele>101.815974</ele><time>2024-08-20T02:03:50Z</time><extensions><speed>1.041747</speed><course>251.681772</course><hAcc>1.448335</hAcc><vAcc>0.883561</vAcc></extensions></trkpt>
      <trkpt lon="-117.163365" lat="32.895303"><ele>101.596006</ele><time>2024-08-20T02:03:51Z</time><extensions><speed>1.139955</speed><course>249.089631</course><hAcc>1.448325</hAcc><vAcc>0.880618</vAcc></extensions></trkpt>
      <trkpt lon="-117.163376" lat="32.895299"><ele>101.386682</ele><time>2024-08-20T02:03:52Z</time><extensions><speed>1.127492</speed><course>248.701286</course><hAcc>1.440704</hAcc><vAcc>0.878092</vAcc></extensions></trkpt>
      <trkpt lon="-117.163387" lat="32.895296"><ele>101.188739</ele><time>2024-08-20T02:03:53Z</time><extensions><speed>1.112454</speed><course>247.335680</course><hAcc>1.428411</hAcc><vAcc>0.875920</vAcc></extensions></trkpt>
      <trkpt lon="-117.163398" lat="32.895292"><ele>100.994123</ele><time>2024-08-20T02:03:54Z</time><extensions><speed>1.081450</speed><course>247.269277</course><hAcc>1.418704</hAcc><vAcc>0.874135</vAcc></extensions></trkpt>
      <trkpt lon="-117.163409" lat="32.895288"><ele>100.804782</ele><time>2024-08-20T02:03:55Z</time><extensions><speed>1.102656</speed><course>246.710766</course><hAcc>1.410581</hAcc><vAcc>0.873482</vAcc></extensions></trkpt>
      <trkpt lon="-117.163419" lat="32.895284"><ele>100.620643</ele><time>2024-08-20T02:03:56Z</time><extensions><speed>1.111300</speed><course>245.102591</course><hAcc>1.396132</hAcc><vAcc>0.872151</vAcc></extensions></trkpt>
      <trkpt lon="-117.163430" lat="32.895280"><ele>100.438585</ele><time>2024-08-20T02:03:57Z</time><extensions><speed>1.148671</speed><course>243.158010</course><hAcc>1.389503</hAcc><vAcc>0.870552</vAcc></extensions></trkpt>
      <trkpt lon="-117.163441" lat="32.895275"><ele>100.271800</ele><time>2024-08-20T02:03:58Z</time><extensions><speed>1.149722</speed><course>240.239430</course><hAcc>1.388818</hAcc><vAcc>0.869708</vAcc></extensions></trkpt>
      <trkpt lon="-117.163452" lat="32.895270"><ele>100.117652</ele><time>2024-08-20T02:03:59Z</time><extensions><speed>1.134689</speed><course>241.715235</course><hAcc>1.396880</hAcc><vAcc>0.867430</vAcc></extensions></trkpt>
      <trkpt lon="-117.163462" lat="32.895265"><ele>99.967981</ele><time>2024-08-20T02:04:00Z</time><extensions><speed>1.110376</speed><course>247.651853</course><hAcc>1.371742</hAcc><vAcc>0.864884</vAcc></extensions></trkpt>
      <trkpt lon="-117.163473" lat="32.895262"><ele>99.825958</ele><time>2024-08-20T02:04:01Z</time><extensions><speed>1.111114</speed><course>248.400320</course><hAcc>1.365559</hAcc><vAcc>0.861404</vAcc></extensions></trkpt>
      <trkpt lon="-117.163484" lat="32.895258"><ele>99.690229</ele><time>2024-08-20T02:04:02Z</time><extensions><speed>1.105713</speed><course>245.906316</course><hAcc>1.365615</hAcc><vAcc>0.857151</vAcc></extensions></trkpt>
      <trkpt lon="-117.163495" lat="32.895253"><ele>99.557734</ele><time>2024-08-20T02:04:03Z</time><extensions><speed>1.153134</speed><course>242.186975</course><hAcc>1.366105</hAcc><vAcc>0.852121</vAcc></extensions></trkpt>
      <trkpt lon="-117.163506" lat="32.895248"><ele>99.417337</ele><time>2024-08-20T02:04:04Z</time><extensions><speed>1.210503</speed><course>236.196121</course><hAcc>1.364579</hAcc><vAcc>0.846245</vAcc></extensions></trkpt>
      <trkpt lon="-117.163515" lat="32.895242"><ele>99.290173</ele><time>2024-08-20T02:04:05Z</time><extensions><speed>1.022255</speed><course>228.912240</course><hAcc>1.356621</hAcc><vAcc>0.839748</vAcc></extensions></trkpt>
      <trkpt lon="-117.163523" lat="32.895236"><ele>99.170633</ele><time>2024-08-20T02:04:06Z</time><extensions><speed>0.926474</speed><course>222.328093</course><hAcc>1.335773</hAcc><vAcc>0.832766</vAcc></extensions></trkpt>
      <trkpt lon="-117.163529" lat="32.895229"><ele>99.055661</ele><time>2024-08-20T02:04:07Z</time><extensions><speed>0.935931</speed><course>218.610049</course><hAcc>1.333755</hAcc><vAcc>0.825432</vAcc></extensions></trkpt>
      <trkpt lon="-117.163536" lat="32.895222"><ele>98.952701</ele><time>2024-08-20T02:04:08Z</time><extensions><speed>0.987661</speed><course>217.829937</course><hAcc>1.349056</hAcc><vAcc>0.817964</vAcc></extensions></trkpt>
      <trkpt lon="-117.163542" lat="32.895215"><ele>98.869711</ele><time>2024-08-20T02:04:09Z</time><extensions><speed>0.988520</speed><course>218.364262</course><hAcc>1.340011</hAcc><vAcc>0.810835</vAcc></extensions></trkpt>
      <trkpt lon="-117.163549" lat="32.895209"><ele>98.794533</ele><time>2024-08-20T02:04:10Z</time><extensions><speed>0.973488</speed><course>219.797333</course><hAcc>1.338221</hAcc><vAcc>0.804508</vAcc></extensions></trkpt>
      <trkpt lon="-117.163556" lat="32.895202"><ele>98.724190</ele><time>2024-08-20T02:04:11Z</time><extensions><speed>0.971612</speed><course>222.409375</course><hAcc>1.350046</hAcc><vAcc>0.799136</vAcc></extensions></trkpt>
      <trkpt lon="-117.163563" lat="32.895196"><ele>98.659501</ele><time>2024-08-20T02:04:12Z</time><extensions><speed>0.978630</speed><course>226.646419</course><hAcc>1.363588</hAcc><vAcc>0.795066</vAcc></extensions></trkpt>
      <trkpt lon="-117.163571" lat="32.895190"><ele>98.600627</ele><time>2024-08-20T02:04:13Z</time><extensions><speed>1.015141</speed><course>232.509970</course><hAcc>1.367177</hAcc><vAcc>0.792210</vAcc></extensions></trkpt>
      <trkpt lon="-117.163580" lat="32.895185"><ele>98.541960</ele><time>2024-08-20T02:04:14Z</time><extensions><speed>0.964040</speed><course>237.016057</course><hAcc>1.370036</hAcc><vAcc>0.791300</vAcc></extensions></trkpt>
      <trkpt lon="-117.163589" lat="32.895180"><ele>98.480549</ele><time>2024-08-20T02:04:15Z</time><extensions><speed>0.953594</speed><course>237.120021</course><hAcc>1.389597</hAcc><vAcc>0.791186</vAcc></extensions></trkpt>
      <trkpt lon="-117.163598" lat="32.895175"><ele>98.420149</ele><time>2024-08-20T02:04:16Z</time><extensions><speed>1.073866</speed><course>239.733229</course><hAcc>1.397129</hAcc><vAcc>0.791695</vAcc></extensions></trkpt>
      <trkpt lon="-117.163608" lat="32.895170"><ele>98.360654</ele><time>2024-08-20T02:04:17Z</time><extensions><speed>1.142210</speed><course>238.549232</course><hAcc>1.392389</hAcc><vAcc>0.793274</vAcc></extensions></trkpt>
      <trkpt lon="-117.163618" lat="32.895165"><ele>98.294929</ele><time>2024-08-20T02:04:18Z</time><extensions><speed>1.174399</speed><course>237.303272</course><hAcc>1.387281</hAcc><vAcc>0.795230</vAcc></extensions></trkpt>
      <trkpt lon="-117.163629" lat="32.895159"><ele>98.223716</ele><time>2024-08-20T02:04:19Z</time><extensions><speed>1.199797</speed><course>238.056263</course><hAcc>1.378264</hAcc><vAcc>0.797801</vAcc></extensions></trkpt>
      <trkpt lon="-117.163640" lat="32.895153"><ele>98.151141</ele><time>2024-08-20T02:04:20Z</time><extensions><speed>1.200151</speed><course>239.155940</course><hAcc>1.378034</hAcc><vAcc>0.800676</vAcc></extensions></trkpt>
      <trkpt lon="-117.163651" lat="32.895148"><ele>98.074989</ele><time>2024-08-20T02:04:21Z</time><extensions><speed>1.223007</speed><course>240.270656</course><hAcc>1.364022</hAcc><vAcc>0.803759</vAcc></extensions></trkpt>
      <trkpt lon="-117.163663" lat="32.895142"><ele>97.988005</ele><time>2024-08-20T02:04:22Z</time><extensions><speed>1.270090</speed><course>240.448866</course><hAcc>1.350744</hAcc><vAcc>0.806111</vAcc></extensions></trkpt>
      <trkpt lon="-117.163675" lat="32.895137"><ele>97.919610</ele><time>2024-08-20T02:04:23Z</time><extensions><speed>1.340002</speed><course>241.517876</course><hAcc>1.352391</hAcc><vAcc>0.808545</vAcc></extensions></trkpt>
      <trkpt lon="-117.163687" lat="32.895132"><ele>97.821611</ele><time>2024-08-20T02:04:24Z</time><extensions><speed>1.162784</speed><course>245.923426</course><hAcc>1.380457</hAcc><vAcc>0.810666</vAcc></extensions></trkpt>
      <trkpt lon="-117.163699" lat="32.895129"><ele>97.711831</ele><time>2024-08-20T02:04:25Z</time><extensions><speed>1.163251</speed><course>256.634185</course><hAcc>1.349690</hAcc><vAcc>0.812566</vAcc></extensions></trkpt>
      <trkpt lon="-117.163711" lat="32.895127"><ele>97.600420</ele><time>2024-08-20T02:04:26Z</time><extensions><speed>1.092970</speed><course>263.631296</course><hAcc>1.335703</hAcc><vAcc>0.814266</vAcc></extensions></trkpt>
      <trkpt lon="-117.163723" lat="32.895126"><ele>97.489468</ele><time>2024-08-20T02:04:27Z</time><extensions><speed>1.133038</speed><course>265.176919</course><hAcc>1.329316</hAcc><vAcc>0.815793</vAcc></extensions></trkpt>
      <trkpt lon="-117.163736" lat="32.895125"><ele>97.374622</ele><time>2024-08-20T02:04:28Z</time><extensions><speed>1.243489</speed><course>266.538425</course><hAcc>1.321426</hAcc><vAcc>0.816443</vAcc></extensions></trkpt>
      <trkpt lon="-117.163749" lat="32.895125"><ele>97.240549</ele><time>2024-08-20T02:04:29Z</time><extensions><speed>1.337388</speed><course>269.791792</course><hAcc>1.322661</hAcc><vAcc>0.816863</vAcc></extensions></trkpt>
      <trkpt lon="-117.163764" lat="32.895125"><ele>97.096740</ele><time>2024-08-20T02:04:30Z</time><extensions><speed>1.364457</speed><course>274.424501</course><hAcc>1.335567</hAcc><vAcc>0.816632</vAcc></extensions></trkpt>
      <trkpt lon="-117.163777" lat="32.895127"><ele>96.942669</ele><time>2024-08-20T02:04:31Z</time><extensions><speed>1.149984</speed><course>281.967263</course><hAcc>1.357497</hAcc><vAcc>0.815246</vAcc></extensions></trkpt>
      <trkpt lon="-117.163790" lat="32.895130"><ele>96.765928</ele><time>2024-08-20T02:04:32Z</time><extensions><speed>1.310511</speed><course>286.616081</course><hAcc>1.321361</hAcc><vAcc>0.813104</vAcc></extensions></trkpt>
      <trkpt lon="-117.163803" lat="32.895134"><ele>96.596479</ele><time>2024-08-20T02:04:33Z</time><extensions><speed>1.339007</speed><course>291.912253</course><hAcc>1.319280</hAcc><vAcc>0.810666</vAcc></extensions></trkpt>
      <trkpt lon="-117.163816" lat="32.895139"><ele>96.434575</ele><time>2024-08-20T02:04:34Z</time><extensions><speed>1.311034</speed><course>297.471958</course><hAcc>1.332003</hAcc><vAcc>0.807828</vAcc></extensions></trkpt>
      <trkpt lon="-117.163828" lat="32.895144"><ele>96.257326</ele><time>2024-08-20T02:04:35Z</time><extensions><speed>1.250480</speed><course>300.112193</course><hAcc>1.346325</hAcc><vAcc>0.804723</vAcc></extensions></trkpt>
      <trkpt lon="-117.163839" lat="32.895149"><ele>96.074258</ele><time>2024-08-20T02:04:36Z</time><extensions><speed>1.181358</speed><course>297.496829</course><hAcc>1.358942</hAcc><vAcc>0.801224</vAcc></extensions></trkpt>
      <trkpt lon="-117.163851" lat="32.895154"><ele>95.881006</ele><time>2024-08-20T02:04:37Z</time><extensions><speed>1.192063</speed><course>295.442109</course><hAcc>1.355163</hAcc><vAcc>0.797382</vAcc></extensions></trkpt>
      <trkpt lon="-117.163862" lat="32.895159"><ele>95.678425</ele><time>2024-08-20T02:04:38Z</time><extensions><speed>1.208669</speed><course>296.040106</course><hAcc>1.350339</hAcc><vAcc>0.793501</vAcc></extensions></trkpt>
      <trkpt lon="-117.163874" lat="32.895163"><ele>95.473046</ele><time>2024-08-20T02:04:39Z</time><extensions><speed>1.195633</speed><course>295.442564</course><hAcc>1.357169</hAcc><vAcc>0.789713</vAcc></extensions></trkpt>
      <trkpt lon="-117.163885" lat="32.895168"><ele>95.266097</ele><time>2024-08-20T02:04:40Z</time><extensions><speed>1.156777</speed><course>297.439758</course><hAcc>1.346771</hAcc><vAcc>0.786116</vAcc></extensions></trkpt>
      <trkpt lon="-117.163896" lat="32.895173"><ele>95.074238</ele><time>2024-08-20T02:04:41Z</time><extensions><speed>1.153109</speed><course>298.749273</course><hAcc>1.346579</hAcc><vAcc>0.782786</vAcc></extensions></trkpt>
      <trkpt lon="-117.163906" lat="32.895177"><ele>94.892799</ele><time>2024-08-20T02:04:42Z</time><extensions><speed>0.978748</speed><course>297.017224</course><hAcc>1.348683</hAcc><vAcc>0.780022</vAcc></extensions></trkpt>
      <trkpt lon="-117.163915" lat="32.895181"><ele>94.728376</ele><time>2024-08-20T02:04:43Z</time><extensions><speed>0.881574</speed><course>290.271921</course><hAcc>1.360110</hAcc><vAcc>0.777396</vAcc></extensions></trkpt>
      <trkpt lon="-117.163924" lat="32.895183"><ele>94.587460</ele><time>2024-08-20T02:04:44Z</time><extensions><speed>0.922984</speed><course>286.190743</course><hAcc>1.386556</hAcc><vAcc>0.775000</vAcc></extensions></trkpt>
      <trkpt lon="-117.163933" lat="32.895185"><ele>94.467028</ele><time>2024-08-20T02:04:45Z</time><extensions><speed>0.838708</speed><course>278.771860</course><hAcc>1.405537</hAcc><vAcc>0.772724</vAcc></extensions></trkpt>
      <trkpt lon="-117.163941" lat="32.895185"><ele>94.360709</ele><time>2024-08-20T02:04:46Z</time><extensions><speed>0.636168</speed><course>256.325205</course><hAcc>1.415782</hAcc><vAcc>0.770553</vAcc></extensions></trkpt>
      <trkpt lon="-117.163946" lat="32.895182"><ele>94.278058</ele><time>2024-08-20T02:04:47Z</time><extensions><speed>0.616757</speed><course>203.645124</course><hAcc>1.409225</hAcc><vAcc>0.768519</vAcc></extensions></trkpt>
      <trkpt lon="-117.163948" lat="32.895175"><ele>94.214142</ele><time>2024-08-20T02:04:48Z</time><extensions><speed>0.893162</speed><course>184.773358</course><hAcc>1.398815</hAcc><vAcc>0.766724</vAcc></extensions></trkpt>
      <trkpt lon="-117.163948" lat="32.895166"><ele>94.183793</ele><time>2024-08-20T02:04:49Z</time><extensions><speed>1.089025</speed><course>179.854211</course><hAcc>1.386421</hAcc><vAcc>0.765812</vAcc></extensions></trkpt>
      <trkpt lon="-117.163948" lat="32.895156"><ele>94.176254</ele><time>2024-08-20T02:04:50Z</time><extensions><speed>1.251804</speed><course>180.090919</course><hAcc>1.371203</hAcc><vAcc>0.765133</vAcc></extensions></trkpt>
      <trkpt lon="-117.163948" lat="32.895144"><ele>94.186314</ele><time>2024-08-20T02:04:51Z</time><extensions><speed>1.308199</speed><course>182.924476</course><hAcc>1.371360</hAcc><vAcc>0.764783</vAcc></extensions></trkpt>
      <trkpt lon="-117.163950" lat="32.895133"><ele>94.202325</ele><time>2024-08-20T02:04:52Z</time><extensions><speed>1.314891</speed><course>187.409372</course><hAcc>1.345359</hAcc><vAcc>0.764790</vAcc></extensions></trkpt>
      <trkpt lon="-117.163952" lat="32.895121"><ele>94.231855</ele><time>2024-08-20T02:04:53Z</time><extensions><speed>1.264272</speed><course>192.109864</course><hAcc>1.314223</hAcc><vAcc>0.765303</vAcc></extensions></trkpt>
      <trkpt lon="-117.163956" lat="32.895111"><ele>94.270216</ele><time>2024-08-20T02:04:54Z</time><extensions><speed>1.145621</speed><course>199.309272</course><hAcc>1.292757</hAcc><vAcc>0.766235</vAcc></extensions></trkpt>
      <trkpt lon="-117.163961" lat="32.895102"><ele>94.302023</ele><time>2024-08-20T02:04:55Z</time><extensions><speed>0.995971</speed><course>214.629019</course><hAcc>1.282757</hAcc><vAcc>0.767526</vAcc></extensions></trkpt>
      <trkpt lon="-117.163968" lat="32.895096"><ele>94.332820</ele><time>2024-08-20T02:04:56Z</time><extensions><speed>0.930596</speed><course>238.071050</course><hAcc>1.288498</hAcc><vAcc>0.769130</vAcc></extensions></trkpt>
      <trkpt lon="-117.163977" lat="32.895093"><ele>94.359277</ele><time>2024-08-20T02:04:57Z</time><extensions><speed>0.959907</speed><course>260.807454</course><hAcc>1.302237</hAcc><vAcc>0.771401</vAcc></extensions></trkpt>
      <trkpt lon="-117.163988" lat="32.895093"><ele>94.380075</ele><time>2024-08-20T02:04:58Z</time><extensions><speed>1.083165</speed><course>272.119273</course><hAcc>1.310840</hAcc><vAcc>0.773774</vAcc></extensions></trkpt>
      <trkpt lon="-117.164000" lat="32.895094"><ele>94.371780</ele><time>2024-08-20T02:04:59Z</time><extensions><speed>1.183413</speed><course>281.947405</course><hAcc>1.310350</hAcc><vAcc>0.775698</vAcc></extensions></trkpt>
      <trkpt lon="-117.164012" lat="32.895097"><ele>94.345370</ele><time>2024-08-20T02:05:00Z</time><extensions><speed>1.242885</speed><course>285.694564</course><hAcc>1.322127</hAcc><vAcc>0.777314</vAcc></extensions></trkpt>
      <trkpt lon="-117.164025" lat="32.895100"><ele>94.345158</ele><time>2024-08-20T02:05:01Z</time><extensions><speed>1.246799</speed><course>289.426072</course><hAcc>1.332026</hAcc><vAcc>0.778584</vAcc></extensions></trkpt>
      <trkpt lon="-117.164037" lat="32.895104"><ele>94.329753</ele><time>2024-08-20T02:05:02Z</time><extensions><speed>1.200264</speed><course>290.297877</course><hAcc>1.325599</hAcc><vAcc>0.779458</vAcc></extensions></trkpt>
      <trkpt lon="-117.164049" lat="32.895107"><ele>94.309603</ele><time>2024-08-20T02:05:03Z</time><extensions><speed>1.133409</speed><course>290.986583</course><hAcc>1.321119</hAcc><vAcc>0.779893</vAcc></extensions></trkpt>
      <trkpt lon="-117.164060" lat="32.895111"><ele>94.275753</ele><time>2024-08-20T02:05:04Z</time><extensions><speed>1.116597</speed><course>290.456715</course><hAcc>1.313132</hAcc><vAcc>0.779838</vAcc></extensions></trkpt>
      <trkpt lon="-117.164071" lat="32.895114"><ele>94.232892</ele><time>2024-08-20T02:05:05Z</time><extensions><speed>1.056742</speed><course>289.229513</course><hAcc>1.305989</hAcc><vAcc>0.779260</vAcc></extensions></trkpt>
      <trkpt lon="-117.164081" lat="32.895117"><ele>94.185321</ele><time>2024-08-20T02:05:06Z</time><extensions><speed>0.930667</speed><course>287.462431</course><hAcc>1.315043</hAcc><vAcc>0.778153</vAcc></extensions></trkpt>
      <trkpt lon="-117.164090" lat="32.895119"><ele>94.135640</ele><time>2024-08-20T02:05:07Z</time><extensions><speed>0.718573</speed><course>286.880207</course><hAcc>1.333434</hAcc><vAcc>0.776537</vAcc></extensions></trkpt>
      <trkpt lon="-117.164095" lat="32.895121"><ele>94.085568</ele><time>2024-08-20T02:05:08Z</time><extensions><speed>0.257908</speed><course>281.289910</course><hAcc>1.318405</hAcc><vAcc>0.774476</vAcc></extensions></trkpt>
      <trkpt lon="-117.164095" lat="32.895120"><ele>94.036670</ele><time>2024-08-20T02:05:09Z</time><extensions><speed>0.173214</speed><course>117.228433</course><hAcc>1.317136</hAcc><vAcc>0.772206</vAcc></extensions></trkpt>
      <trkpt lon="-117.164092" lat="32.895119"><ele>93.982633</ele><time>2024-08-20T02:05:10Z</time><extensions><speed>0.399486</speed><course>112.456230</course><hAcc>1.336916</hAcc><vAcc>0.769957</vAcc></extensions></trkpt>
      <trkpt lon="-117.164088" lat="32.895118"><ele>93.924260</ele><time>2024-08-20T02:05:11Z</time><extensions><speed>0.508515</speed><course>112.928525</course><hAcc>1.362204</hAcc><vAcc>0.767702</vAcc></extensions></trkpt>
      <trkpt lon="-117.164084" lat="32.895116"><ele>93.861190</ele><time>2024-08-20T02:05:12Z</time><extensions><speed>0.341439</speed><course>108.097860</course><hAcc>1.363083</hAcc><vAcc>0.765672</vAcc></extensions></trkpt>
      <trkpt lon="-117.164081" lat="32.895116"><ele>93.798349</ele><time>2024-08-20T02:05:13Z</time><extensions><speed>0.174131</speed><course>86.832229</course><hAcc>1.365988</hAcc><vAcc>0.763938</vAcc></extensions></trkpt>
      <trkpt lon="-117.164080" lat="32.895116"><ele>93.732188</ele><time>2024-08-20T02:05:14Z</time><extensions><speed>0.087330</speed><course>45.232013</course><hAcc>1.379181</hAcc><vAcc>0.762527</vAcc></extensions></trkpt>
      <trkpt lon="-117.164080" lat="32.895117"><ele>93.657569</ele><time>2024-08-20T02:05:15Z</time><extensions><speed>0.076820</speed><course>353.267131</course><hAcc>1.391494</hAcc><vAcc>0.761431</vAcc></extensions></trkpt>
      <trkpt lon="-117.164080" lat="32.895118"><ele>93.582952</ele><time>2024-08-20T02:05:16Z</time><extensions><speed>0.086966</speed><course>328.598483</course><hAcc>1.409450</hAcc><vAcc>0.760614</vAcc></extensions></trkpt>
      <trkpt lon="-117.164080" lat="32.895118"><ele>93.508639</ele><time>2024-08-20T02:05:17Z</time><extensions><speed>0.097329</speed><course>316.477478</course><hAcc>1.435113</hAcc><vAcc>0.760027</vAcc></extensions></trkpt>
      <trkpt lon="-117.164081" lat="32.895119"><ele>93.439447</ele><time>2024-08-20T02:05:18Z</time><extensions><speed>0.110194</speed><course>308.907750</course><hAcc>1.465470</hAcc><vAcc>0.759650</vAcc></extensions></trkpt>
      <trkpt lon="-117.164082" lat="32.895120"><ele>93.364496</ele><time>2024-08-20T02:05:19Z</time><extensions><speed>0.121489</speed><course>302.746910</course><hAcc>1.495566</hAcc><vAcc>0.759438</vAcc></extensions></trkpt>
      <trkpt lon="-117.164083" lat="32.895120"><ele>93.289618</ele><time>2024-08-20T02:05:20Z</time><extensions><speed>0.114639</speed><course>292.827929</course><hAcc>1.524731</hAcc><vAcc>0.759391</vAcc></extensions></trkpt>
      <trkpt lon="-117.164085" lat="32.895120"><ele>93.219299</ele><time>2024-08-20T02:05:21Z</time><extensions><speed>0.097639</speed><course>275.703963</course><hAcc>1.551159</hAcc><vAcc>0.759546</vAcc></extensions></trkpt>
      <trkpt lon="-117.164086" lat="32.895120"><ele>93.159458</ele><time>2024-08-20T02:05:22Z</time><extensions><speed>0.113389</speed><course>255.720818</course><hAcc>1.546024</hAcc><vAcc>0.759697</vAcc></extensions></trkpt>
      <trkpt lon="-117.164087" lat="32.895120"><ele>93.104708</ele><time>2024-08-20T02:05:23Z</time><extensions><speed>0.127231</speed><course>252.517062</course><hAcc>1.555961</hAcc><vAcc>0.760100</vAcc></extensions></trkpt>
      <trkpt lon="-117.164088" lat="32.895120"><ele>93.056295</ele><time>2024-08-20T02:05:24Z</time><extensions><speed>0.115760</speed><course>261.604053</course><hAcc>1.581985</hAcc><vAcc>0.760733</vAcc></extensions></trkpt>
      <trkpt lon="-117.164089" lat="32.895120"><ele>93.014999</ele><time>2024-08-20T02:05:25Z</time><extensions><speed>0.099416</speed><course>269.082622</course><hAcc>1.583127</hAcc><vAcc>0.761502</vAcc></extensions></trkpt>
      <trkpt lon="-117.164090" lat="32.895120"><ele>92.980993</ele><time>2024-08-20T02:05:26Z</time><extensions><speed>0.094399</speed><course>262.619575</course><hAcc>1.556573</hAcc><vAcc>0.762466</vAcc></extensions></trkpt>
      <trkpt lon="-117.164091" lat="32.895119"><ele>92.954362</ele><time>2024-08-20T02:05:27Z</time><extensions><speed>0.093831</speed><course>259.803437</course><hAcc>1.538830</hAcc><vAcc>0.763520</vAcc></extensions></trkpt>
      <trkpt lon="-117.164092" lat="32.895119"><ele>92.946651</ele><time>2024-08-20T02:05:28Z</time><extensions><speed>0.090965</speed><course>262.746564</course><hAcc>1.515999</hAcc><vAcc>0.764768</vAcc></extensions></trkpt>
      <trkpt lon="-117.164093" lat="32.895119"><ele>92.952039</ele><time>2024-08-20T02:05:29Z</time><extensions><speed>0.086304</speed><course>278.108112</course><hAcc>1.516780</hAcc><vAcc>0.766122</vAcc></extensions></trkpt>
      <trkpt lon="-117.164094" lat="32.895120"><ele>92.969635</ele><time>2024-08-20T02:05:30Z</time><extensions><speed>0.069929</speed><course>290.113794</course><hAcc>1.530588</hAcc><vAcc>0.767217</vAcc></extensions></trkpt>
      <trkpt lon="-117.164095" lat="32.895120"><ele>92.992003</ele><time>2024-08-20T02:05:31Z</time><extensions><speed>0.074139</speed><course>300.554004</course><hAcc>1.494906</hAcc><vAcc>0.768144</vAcc></extensions></trkpt>
      <trkpt lon="-117.164095" lat="32.895120"><ele>93.018078</ele><time>2024-08-20T02:05:32Z</time><extensions><speed>0.068163</speed><course>311.610898</course><hAcc>1.469879</hAcc><vAcc>0.768829</vAcc></extensions></trkpt>
      <trkpt lon="-117.164096" lat="32.895121"><ele>93.048958</ele><time>2024-08-20T02:05:33Z</time><extensions><speed>0.059177</speed><course>325.007218</course><hAcc>1.486959</hAcc><vAcc>0.769224</vAcc></extensions></trkpt>
      <trkpt lon="-117.164096" lat="32.895121"><ele>93.084045</ele><time>2024-08-20T02:05:34Z</time><extensions><speed>0.058066</speed><course>338.538168</course><hAcc>1.497879</hAcc><vAcc>0.769295</vAcc></extensions></trkpt>
      <trkpt lon="-117.164096" lat="32.895122"><ele>93.110307</ele><time>2024-08-20T02:05:35Z</time><extensions><speed>0.063330</speed><course>350.076289</course><hAcc>1.506857</hAcc><vAcc>0.769035</vAcc></extensions></trkpt>
      <trkpt lon="-117.164096" lat="32.895122"><ele>93.136575</ele><time>2024-08-20T02:05:36Z</time><extensions><speed>0.075975</speed><course>358.453065</course><hAcc>1.515756</hAcc><vAcc>0.768464</vAcc></extensions></trkpt>
      <trkpt lon="-117.164096" lat="32.895123"><ele>93.158891</ele><time>2024-08-20T02:05:37Z</time><extensions><speed>0.089496</speed><course>5.187563</course><hAcc>1.524543</hAcc><vAcc>0.767624</vAcc></extensions></trkpt>
      <trkpt lon="-117.164096" lat="32.895124"><ele>93.177929</ele><time>2024-08-20T02:05:38Z</time><extensions><speed>0.080404</speed><course>16.596887</course><hAcc>1.529567</hAcc><vAcc>0.766778</vAcc></extensions></trkpt>
      <trkpt lon="-117.164096" lat="32.895124"><ele>93.193418</ele><time>2024-08-20T02:05:39Z</time><extensions><speed>0.063837</speed><course>47.259632</course><hAcc>1.520192</hAcc><vAcc>0.765805</vAcc></extensions></trkpt>
      <trkpt lon="-117.164095" lat="32.895125"><ele>93.201799</ele><time>2024-08-20T02:05:40Z</time><extensions><speed>0.054641</speed><course>71.080339</course><hAcc>1.526747</hAcc><vAcc>0.764692</vAcc></extensions></trkpt>
      <trkpt lon="-117.164095" lat="32.895125"><ele>93.202036</ele><time>2024-08-20T02:05:41Z</time><extensions><speed>0.061203</speed><course>90.730687</course><hAcc>1.521982</hAcc><vAcc>0.763622</vAcc></extensions></trkpt>
      <trkpt lon="-117.164094" lat="32.895125"><ele>93.195316</ele><time>2024-08-20T02:05:42Z</time><extensions><speed>0.049607</speed><course>69.123353</course><hAcc>1.526618</hAcc><vAcc>0.762729</vAcc></extensions></trkpt>
      <trkpt lon="-117.164094" lat="32.895125"><ele>93.183173</ele><time>2024-08-20T02:05:43Z</time><extensions><speed>0.051569</speed><course>44.167163</course><hAcc>1.537625</hAcc><vAcc>0.761958</vAcc></extensions></trkpt>
      <trkpt lon="-117.164093" lat="32.895125"><ele>93.162508</ele><time>2024-08-20T02:05:44Z</time><extensions><speed>0.061620</speed><course>46.274828</course><hAcc>1.537988</hAcc><vAcc>0.761436</vAcc></extensions></trkpt>
      <trkpt lon="-117.164093" lat="32.895126"><ele>93.136703</ele><time>2024-08-20T02:05:45Z</time><extensions><speed>0.069740</speed><course>61.963342</course><hAcc>1.533685</hAcc><vAcc>0.761555</vAcc></extensions></trkpt>
      <trkpt lon="-117.164092" lat="32.895126"><ele>93.107267</ele><time>2024-08-20T02:05:46Z</time><extensions><speed>0.068803</speed><course>79.520091</course><hAcc>1.547782</hAcc><vAcc>0.761671</vAcc></extensions></trkpt>
      <trkpt lon="-117.164091" lat="32.895126"><ele>93.075439</ele><time>2024-08-20T02:05:47Z</time><extensions><speed>0.062577</speed><course>90.603202</course><hAcc>1.579569</hAcc><vAcc>0.762718</vAcc></extensions></trkpt>
      <trkpt lon="-117.164090" lat="32.895126"><ele>93.042074</ele><time>2024-08-20T02:05:48Z</time><extensions><speed>0.085636</speed><course>100.021792</course><hAcc>1.589918</hAcc><vAcc>0.764355</vAcc></extensions></trkpt>
      <trkpt lon="-117.164089" lat="32.895126"><ele>93.008109</ele><time>2024-08-20T02:05:49Z</time><extensions><speed>0.097975</speed><course>97.665393</course><hAcc>1.608272</hAcc><vAcc>0.766597</vAcc></extensions></trkpt>
      <trkpt lon="-117.164089" lat="32.895126"><ele>92.974344</ele><time>2024-08-20T02:05:50Z</time><extensions><speed>0.084133</speed><course>70.468416</course><hAcc>1.627073</hAcc><vAcc>0.769417</vAcc></extensions></trkpt>
      <trkpt lon="-117.164088" lat="32.895126"><ele>92.941424</ele><time>2024-08-20T02:05:51Z</time><extensions><speed>0.087898</speed><course>34.952370</course><hAcc>1.637086</hAcc><vAcc>0.773014</vAcc></extensions></trkpt>
      <trkpt lon="-117.164087" lat="32.895127"><ele>92.909978</ele><time>2024-08-20T02:05:52Z</time><extensions><speed>0.094930</speed><course>19.968018</course><hAcc>1.625189</hAcc><vAcc>0.777192</vAcc></extensions></trkpt>
      <trkpt lon="-117.164087" lat="32.895128"><ele>92.880514</ele><time>2024-08-20T02:05:53Z</time><extensions><speed>0.091597</speed><course>8.504799</course><hAcc>1.612121</hAcc><vAcc>0.781607</vAcc></extensions></trkpt>
      <trkpt lon="-117.164087" lat="32.895129"><ele>92.853165</ele><time>2024-08-20T02:05:54Z</time><extensions><speed>0.078414</speed><course>359.344340</course><hAcc>1.612990</hAcc><vAcc>0.786662</vAcc></extensions></trkpt>
      <trkpt lon="-117.164087" lat="32.895129"><ele>92.818887</ele><time>2024-08-20T02:05:55Z</time><extensions><speed>0.062193</speed><course>356.315611</course><hAcc>1.611172</hAcc><vAcc>0.792478</vAcc></extensions></trkpt>
      <trkpt lon="-117.164087" lat="32.895130"><ele>92.781816</ele><time>2024-08-20T02:05:56Z</time><extensions><speed>0.043424</speed><course>353.415211</course><hAcc>1.623036</hAcc><vAcc>0.798517</vAcc></extensions></trkpt>
      <trkpt lon="-117.164087" lat="32.895130"><ele>92.744728</ele><time>2024-08-20T02:05:57Z</time><extensions><speed>0.031579</speed><course>354.008932</course><hAcc>1.631993</hAcc><vAcc>0.804233</vAcc></extensions></trkpt>
      <trkpt lon="-117.164087" lat="32.895130"><ele>92.708116</ele><time>2024-08-20T02:05:58Z</time><extensions><speed>0.024043</speed><course>358.592199</course><hAcc>1.640086</hAcc><vAcc>0.809662</vAcc></extensions></trkpt>
      <trkpt lon="-117.164087" lat="32.895131"><ele>92.663801</ele><time>2024-08-20T02:05:59Z</time><extensions><speed>0.021949</speed><course>7.967947</course><hAcc>1.632624</hAcc><vAcc>0.814522</vAcc></extensions></trkpt>
      <trkpt lon="-117.164087" lat="32.895131"><ele>92.623532</ele><time>2024-08-20T02:06:00Z</time><extensions><speed>0.019193</speed><course>18.417674</course><hAcc>1.635311</hAcc><vAcc>0.818632</vAcc></extensions></trkpt>
      <trkpt lon="-117.164087" lat="32.895131"><ele>92.587824</ele><time>2024-08-20T02:06:01Z</time><extensions><speed>0.016879</speed><course>25.885775</course><hAcc>1.640844</hAcc><vAcc>0.821818</vAcc></extensions></trkpt>
      <trkpt lon="-117.164087" lat="32.895131"><ele>92.554923</ele><time>2024-08-20T02:06:02Z</time><extensions><speed>0.015602</speed><course>37.118050</course><hAcc>1.640811</hAcc><vAcc>0.824314</vAcc></extensions></trkpt>
      <trkpt lon="-117.164087" lat="32.895131"><ele>92.518631</ele><time>2024-08-20T02:06:03Z</time><extensions><speed>0.015356</speed><course>55.437686</course><hAcc>1.633937</hAcc><vAcc>0.826614</vAcc></extensions></trkpt>
      <trkpt lon="-117.164087" lat="32.895131"><ele>92.487588</ele><time>2024-08-20T02:06:04Z</time><extensions><speed>0.016039</speed><course>88.923974</course><hAcc>1.622134</hAcc><vAcc>0.828916</vAcc></extensions></trkpt>
      <trkpt lon="-117.164087" lat="32.895131"><ele>92.456905</ele><time>2024-08-20T02:06:05Z</time><extensions><speed>0.028961</speed><course>140.710914</course><hAcc>1.616790</hAcc><vAcc>0.830804</vAcc></extensions></trkpt>
      <trkpt lon="-117.164087" lat="32.895131"><ele>92.421713</ele><time>2024-08-20T02:06:06Z</time><extensions><speed>0.027146</speed><course>187.712563</course><hAcc>1.639564</hAcc><vAcc>0.832282</vAcc></extensions></trkpt>
      <trkpt lon="-117.164087" lat="32.895130"><ele>92.386196</ele><time>2024-08-20T02:06:07Z</time><extensions><speed>0.050754</speed><course>208.224221</course><hAcc>1.653193</hAcc><vAcc>0.833537</vAcc></extensions></trkpt>
      <trkpt lon="-117.164087" lat="32.895130"><ele>92.349873</ele><time>2024-08-20T02:06:08Z</time><extensions><speed>0.078673</speed><course>212.491576</course><hAcc>1.667159</hAcc><vAcc>0.834727</vAcc></extensions></trkpt>
      <trkpt lon="-117.164088" lat="32.895129"><ele>92.316124</ele><time>2024-08-20T02:06:09Z</time><extensions><speed>0.143368</speed><course>212.835661</course><hAcc>1.642420</hAcc><vAcc>0.835871</vAcc></extensions></trkpt>
      <trkpt lon="-117.164089" lat="32.895128"><ele>92.285938</ele><time>2024-08-20T02:06:10Z</time><extensions><speed>0.158349</speed><course>216.441000</course><hAcc>1.650675</hAcc><vAcc>0.837821</vAcc></extensions></trkpt>
      <trkpt lon="-117.164090" lat="32.895127"><ele>92.244650</ele><time>2024-08-20T02:06:11Z</time><extensions><speed>0.128845</speed><course>227.083955</course><hAcc>1.680509</hAcc><vAcc>0.840650</vAcc></extensions></trkpt>
      <trkpt lon="-117.164091" lat="32.895126"><ele>92.205039</ele><time>2024-08-20T02:06:12Z</time><extensions><speed>0.098073</speed><course>235.044501</course><hAcc>1.694614</hAcc><vAcc>0.843821</vAcc></extensions></trkpt>
      <trkpt lon="-117.164092" lat="32.895126"><ele>92.169331</ele><time>2024-08-20T02:06:13Z</time><extensions><speed>0.079299</speed><course>244.052289</course><hAcc>1.693424</hAcc><vAcc>0.847292</vAcc></extensions></trkpt>
      <trkpt lon="-117.164092" lat="32.895126"><ele>92.136455</ele><time>2024-08-20T02:06:14Z</time><extensions><speed>0.075001</speed><course>262.165489</course><hAcc>1.701265</hAcc><vAcc>0.850914</vAcc></extensions></trkpt>
      <trkpt lon="-117.164093" lat="32.895126"><ele>92.097563</ele><time>2024-08-20T02:06:15Z</time><extensions><speed>0.092834</speed><course>284.594565</course><hAcc>1.725102</hAcc><vAcc>0.853686</vAcc></extensions></trkpt>
      <trkpt lon="-117.164094" lat="32.895126"><ele>92.059565</ele><time>2024-08-20T02:06:16Z</time><extensions><speed>0.100640</speed><course>281.649213</course><hAcc>1.731137</hAcc><vAcc>0.855605</vAcc></extensions></trkpt>
      <trkpt lon="-117.164095" lat="32.895126"><ele>92.026216</ele><time>2024-08-20T02:06:17Z</time><extensions><speed>0.102681</speed><course>263.726869</course><hAcc>1.713665</hAcc><vAcc>0.858210</vAcc></extensions></trkpt>
      <trkpt lon="-117.164096" lat="32.895126"><ele>91.995902</ele><time>2024-08-20T02:06:18Z</time><extensions><speed>0.108352</speed><course>250.826242</course><hAcc>1.700160</hAcc><vAcc>0.860804</vAcc></extensions></trkpt>
      <trkpt lon="-117.164098" lat="32.895126"><ele>91.969796</ele><time>2024-08-20T02:06:19Z</time><extensions><speed>0.115103</speed><course>257.528084</course><hAcc>1.707311</hAcc><vAcc>0.863270</vAcc></extensions></trkpt>
      <trkpt lon="-117.164099" lat="32.895126"><ele>91.941600</ele><time>2024-08-20T02:06:20Z</time><extensions><speed>0.107559</speed><course>263.050031</course><hAcc>1.723577</hAcc><vAcc>0.864841</vAcc></extensions></trkpt>
      <trkpt lon="-117.164100" lat="32.895125"><ele>91.913065</ele><time>2024-08-20T02:06:21Z</time><extensions><speed>0.097937</speed><course>245.956364</course><hAcc>1.711583</hAcc><vAcc>0.865691</vAcc></extensions></trkpt>
      <trkpt lon="-117.164101" lat="32.895125"><ele>91.902200</ele><time>2024-08-20T02:06:22Z</time><extensions><speed>0.087515</speed><course>217.754661</course><hAcc>1.713626</hAcc><vAcc>0.865645</vAcc></extensions></trkpt>
      <trkpt lon="-117.164101" lat="32.895124"><ele>91.893441</ele><time>2024-08-20T02:06:23Z</time><extensions><speed>0.081097</speed><course>193.292438</course><hAcc>1.729111</hAcc><vAcc>0.865090</vAcc></extensions></trkpt>
      <trkpt lon="-117.164101" lat="32.895123"><ele>91.888335</ele><time>2024-08-20T02:06:24Z</time><extensions><speed>0.130105</speed><course>167.058479</course><hAcc>1.717654</hAcc><vAcc>0.864232</vAcc></extensions></trkpt>
      <trkpt lon="-117.164100" lat="32.895122"><ele>91.887269</ele><time>2024-08-20T02:06:25Z</time><extensions><speed>0.100892</speed><course>147.572052</course><hAcc>1.705805</hAcc><vAcc>0.863045</vAcc></extensions></trkpt>
      <trkpt lon="-117.164100" lat="32.895122"><ele>91.890065</ele><time>2024-08-20T02:06:26Z</time><extensions><speed>0.055530</speed><course>98.694078</course><hAcc>1.712986</hAcc><vAcc>0.861850</vAcc></extensions></trkpt>
      <trkpt lon="-117.164099" lat="32.895122"><ele>91.896362</ele><time>2024-08-20T02:06:27Z</time><extensions><speed>0.072244</speed><course>37.103083</course><hAcc>1.734488</hAcc><vAcc>0.861095</vAcc></extensions></trkpt>
      <trkpt lon="-117.164099" lat="32.895123"><ele>91.905925</ele><time>2024-08-20T02:06:28Z</time><extensions><speed>0.080451</speed><course>34.318389</course><hAcc>1.736855</hAcc><vAcc>0.860754</vAcc></extensions></trkpt>
      <trkpt lon="-117.164098" lat="32.895123"><ele>91.931208</ele><time>2024-08-20T02:06:29Z</time><extensions><speed>0.061155</speed><course>58.983326</course><hAcc>1.721743</hAcc><vAcc>0.861029</vAcc></extensions></trkpt>
      <trkpt lon="-117.164098" lat="32.895123"><ele>91.956492</ele><time>2024-08-20T02:06:30Z</time><extensions><speed>0.043640</speed><course>102.728115</course><hAcc>1.715280</hAcc><vAcc>0.861519</vAcc></extensions></trkpt>
      <trkpt lon="-117.164098" lat="32.895123"><ele>91.983338</ele><time>2024-08-20T02:06:31Z</time><extensions><speed>0.051878</speed><course>149.112017</course><hAcc>1.705757</hAcc><vAcc>0.862773</vAcc></extensions></trkpt>
      <trkpt lon="-117.164097" lat="32.895122"><ele>92.013930</ele><time>2024-08-20T02:06:32Z</time><extensions><speed>0.088434</speed><course>166.525822</course><hAcc>1.693776</hAcc><vAcc>0.864556</vAcc></extensions></trkpt>
      <trkpt lon="-117.164097" lat="32.895122"><ele>92.046746</ele><time>2024-08-20T02:06:33Z</time><extensions><speed>0.024994</speed><course>192.352174</course><hAcc>1.707733</hAcc><vAcc>0.866273</vAcc></extensions></trkpt>
      <trkpt lon="-117.164097" lat="32.895122"><ele>92.084170</ele><time>2024-08-20T02:06:34Z</time><extensions><speed>0.017214</speed><course>289.527821</course><hAcc>1.722422</hAcc><vAcc>0.868344</vAcc></extensions></trkpt>
      <trkpt lon="-117.164098" lat="32.895122"><ele>92.120813</ele><time>2024-08-20T02:06:35Z</time><extensions><speed>0.031060</speed><course>316.940460</course><hAcc>1.736881</hAcc><vAcc>0.871009</vAcc></extensions></trkpt>
      <trkpt lon="-117.164098" lat="32.895122"><ele>92.158189</ele><time>2024-08-20T02:06:36Z</time><extensions><speed>0.042255</speed><course>325.131230</course><hAcc>1.753224</hAcc><vAcc>0.874832</vAcc></extensions></trkpt>
      <trkpt lon="-117.164098" lat="32.895123"><ele>92.197912</ele><time>2024-08-20T02:06:37Z</time><extensions><speed>0.050378</speed><course>329.914280</course><hAcc>1.768690</hAcc><vAcc>0.879690</vAcc></extensions></trkpt>
      <trkpt lon="-117.164098" lat="32.895123"><ele>92.235981</ele><time>2024-08-20T02:06:38Z</time><extensions><speed>0.053142</speed><course>334.228334</course><hAcc>1.775350</hAcc><vAcc>0.885924</vAcc></extensions></trkpt>
      <trkpt lon="-117.164098" lat="32.895124"><ele>92.273224</ele><time>2024-08-20T02:06:39Z</time><extensions><speed>0.040701</speed><course>343.714762</course><hAcc>1.772510</hAcc><vAcc>0.892065</vAcc></extensions></trkpt>
      <trkpt lon="-117.164099" lat="32.895124"><ele>92.309107</ele><time>2024-08-20T02:06:40Z</time><extensions><speed>0.069939</speed><course>355.347933</course><hAcc>1.785669</hAcc><vAcc>0.898818</vAcc></extensions></trkpt>
      <trkpt lon="-117.164099" lat="32.895125"><ele>92.343293</ele><time>2024-08-20T02:06:41Z</time><extensions><speed>0.085089</speed><course>3.893887</course><hAcc>1.792617</hAcc><vAcc>0.906533</vAcc></extensions></trkpt>
      <trkpt lon="-117.164098" lat="32.895126"><ele>92.375453</ele><time>2024-08-20T02:06:42Z</time><extensions><speed>0.098784</speed><course>9.553796</course><hAcc>1.795737</hAcc><vAcc>0.914733</vAcc></extensions></trkpt>
      <trkpt lon="-117.164098" lat="32.895126"><ele>92.405336</ele><time>2024-08-20T02:06:43Z</time><extensions><speed>0.100377</speed><course>20.262176</course><hAcc>1.788725</hAcc><vAcc>0.923084</vAcc></extensions></trkpt>
      <trkpt lon="-117.164098" lat="32.895127"><ele>92.432793</ele><time>2024-08-20T02:06:44Z</time><extensions><speed>0.104568</speed><course>28.066982</course><hAcc>1.785514</hAcc><vAcc>0.931443</vAcc></extensions></trkpt>
      <trkpt lon="-117.164097" lat="32.895128"><ele>92.457929</ele><time>2024-08-20T02:06:45Z</time><extensions><speed>0.116104</speed><course>22.987306</course><hAcc>1.796545</hAcc><vAcc>0.940696</vAcc></extensions></trkpt>
      <trkpt lon="-117.164097" lat="32.895129"><ele>92.482190</ele><time>2024-08-20T02:06:46Z</time><extensions><speed>0.104248</speed><course>23.183558</course><hAcc>1.810316</hAcc><vAcc>0.949972</vAcc></extensions></trkpt>
      <trkpt lon="-117.164096" lat="32.895130"><ele>92.504243</ele><time>2024-08-20T02:06:47Z</time><extensions><speed>0.072919</speed><course>27.900982</course><hAcc>1.838412</hAcc><vAcc>0.960028</vAcc></extensions></trkpt>
      <trkpt lon="-117.164096" lat="32.895130"><ele>92.524108</ele><time>2024-08-20T02:06:48Z</time><extensions><speed>0.052361</speed><course>16.826374</course><hAcc>1.877362</hAcc><vAcc>0.970104</vAcc></extensions></trkpt>
      <trkpt lon="-117.164096" lat="32.895131"><ele>92.541882</ele><time>2024-08-20T02:06:49Z</time><extensions><speed>0.049970</speed><course>8.894047</course><hAcc>1.870081</hAcc><vAcc>0.979941</vAcc></extensions></trkpt>
      <trkpt lon="-117.164096" lat="32.895131"><ele>92.557710</ele><time>2024-08-20T02:06:50Z</time><extensions><speed>0.042109</speed><course>1.539909</course><hAcc>1.870211</hAcc><vAcc>0.989592</vAcc></extensions></trkpt>
      <trkpt lon="-117.164096" lat="32.895132"><ele>92.571771</ele><time>2024-08-20T02:06:51Z</time><extensions><speed>0.034257</speed><course>351.562894</course><hAcc>1.880108</hAcc><vAcc>0.999416</vAcc></extensions></trkpt>
      <trkpt lon="-117.164096" lat="32.895132"><ele>92.584189</ele><time>2024-08-20T02:06:52Z</time><extensions><speed>0.029043</speed><course>337.317248</course><hAcc>1.888379</hAcc><vAcc>1.009355</vAcc></extensions></trkpt>
      <trkpt lon="-117.164096" lat="32.895132"><ele>92.595115</ele><time>2024-08-20T02:06:53Z</time><extensions><speed>0.027502</speed><course>320.205573</course><hAcc>1.892543</hAcc><vAcc>1.019637</vAcc></extensions></trkpt>
      <trkpt lon="-117.164096" lat="32.895132"><ele>92.604664</ele><time>2024-08-20T02:06:54Z</time><extensions><speed>0.029173</speed><course>305.136426</course><hAcc>1.896063</hAcc><vAcc>1.030227</vAcc></extensions></trkpt>
      <trkpt lon="-117.164097" lat="32.895132"><ele>92.627771</ele><time>2024-08-20T02:06:55Z</time><extensions><speed>0.040420</speed><course>289.821655</course><hAcc>1.905958</hAcc><vAcc>1.040675</vAcc></extensions></trkpt>
      <trkpt lon="-117.164098" lat="32.895133"><ele>92.650689</ele><time>2024-08-20T02:06:56Z</time><extensions><speed>0.045935</speed><course>283.079275</course><hAcc>1.927033</hAcc><vAcc>1.053350</vAcc></extensions></trkpt>
      <trkpt lon="-117.164099" lat="32.895133"><ele>92.669024</ele><time>2024-08-20T02:06:57Z</time><extensions><speed>0.048896</speed><course>279.501993</course><hAcc>1.948028</hAcc><vAcc>1.066663</vAcc></extensions></trkpt>
      <trkpt lon="-117.164099" lat="32.895133"><ele>92.685978</ele><time>2024-08-20T02:06:58Z</time><extensions><speed>0.050685</speed><course>277.113373</course><hAcc>1.975629</hAcc><vAcc>1.080290</vAcc></extensions></trkpt>
      <trkpt lon="-117.164100" lat="32.895133"><ele>92.694285</ele><time>2024-08-20T02:06:59Z</time><extensions><speed>0.054874</speed><course>275.568952</course><hAcc>2.009111</hAcc><vAcc>1.093365</vAcc></extensions></trkpt>
      <trkpt lon="-117.164101" lat="32.895133"><ele>92.703479</ele><time>2024-08-20T02:07:00Z</time><extensions><speed>0.059198</speed><course>274.465016</course><hAcc>2.049570</hAcc><vAcc>1.105823</vAcc></extensions></trkpt>
      <trkpt lon="-117.164101" lat="32.895133"><ele>92.704851</ele><time>2024-08-20T02:07:01Z</time><extensions><speed>0.075545</speed><course>273.949742</course><hAcc>2.076855</hAcc><vAcc>1.116963</vAcc></extensions></trkpt>
      <trkpt lon="-117.164102" lat="32.895133"><ele>92.706557</ele><time>2024-08-20T02:07:02Z</time><extensions><speed>0.116481</speed><course>273.104559</course><hAcc>2.089628</hAcc><vAcc>1.125446</vAcc></extensions></trkpt>
      <trkpt lon="-117.164104" lat="32.895133"><ele>92.705013</ele><time>2024-08-20T02:07:03Z</time><extensions><speed>0.147194</speed><course>271.647078</course><hAcc>2.125681</hAcc><vAcc>1.133535</vAcc></extensions></trkpt>
      <trkpt lon="-117.164106" lat="32.895133"><ele>92.700800</ele><time>2024-08-20T02:07:04Z</time><extensions><speed>0.168204</speed><course>269.439165</course><hAcc>2.171772</hAcc><vAcc>1.140884</vAcc></extensions></trkpt>
      <trkpt lon="-117.164108" lat="32.895133"><ele>92.694810</ele><time>2024-08-20T02:07:05Z</time><extensions><speed>0.171088</speed><course>263.620609</course><hAcc>2.212575</hAcc><vAcc>1.147412</vAcc></extensions></trkpt>
      <trkpt lon="-117.164109" lat="32.895133"><ele>92.687200</ele><time>2024-08-20T02:07:06Z</time><extensions><speed>0.152029</speed><course>255.272104</course><hAcc>2.252613</hAcc><vAcc>1.151932</vAcc></extensions></trkpt>
      <trkpt lon="-117.164111" lat="32.895133"><ele>92.678145</ele><time>2024-08-20T02:07:07Z</time><extensions><speed>0.122622</speed><course>261.301021</course><hAcc>2.290591</hAcc><vAcc>1.154605</vAcc></extensions></trkpt>
      <trkpt lon="-117.164112" lat="32.895132"><ele>92.667708</ele><time>2024-08-20T02:07:08Z</time><extensions><speed>0.106256</speed><course>253.602027</course><hAcc>2.306240</hAcc><vAcc>1.155016</vAcc></extensions></trkpt>
      <trkpt lon="-117.164113" lat="32.895132"><ele>92.659597</ele><time>2024-08-20T02:07:09Z</time><extensions><speed>0.082182</speed><course>262.478790</course><hAcc>2.319508</hAcc><vAcc>1.154808</vAcc></extensions></trkpt>
      <trkpt lon="-117.164114" lat="32.895132"><ele>92.644843</ele><time>2024-08-20T02:07:10Z</time><extensions><speed>0.065531</speed><course>255.764735</course><hAcc>2.314827</hAcc><vAcc>1.152866</vAcc></extensions></trkpt>
      <trkpt lon="-117.164114" lat="32.895132"><ele>92.628784</ele><time>2024-08-20T02:07:11Z</time><extensions><speed>0.050943</speed><course>252.653084</course><hAcc>2.300254</hAcc><vAcc>1.149694</vAcc></extensions></trkpt>
      <trkpt lon="-117.164114" lat="32.895132"><ele>92.611751</ele><time>2024-08-20T02:07:12Z</time><extensions><speed>0.042525</speed><course>228.344217</course><hAcc>2.276788</hAcc><vAcc>1.145533</vAcc></extensions></trkpt>
      <trkpt lon="-117.164115" lat="32.895132"><ele>92.601980</ele><time>2024-08-20T02:07:13Z</time><extensions><speed>0.023018</speed><course>225.299456</course><hAcc>2.264626</hAcc><vAcc>1.141258</vAcc></extensions></trkpt>
      <trkpt lon="-117.164115" lat="32.895132"><ele>92.589571</ele><time>2024-08-20T02:07:14Z</time><extensions><speed>0.011866</speed><course>350.485097</course><hAcc>2.257171</hAcc><vAcc>1.136206</vAcc></extensions></trkpt>
      <trkpt lon="-117.164114" lat="32.895132"><ele>92.577173</ele><time>2024-08-20T02:07:15Z</time><extensions><speed>0.039760</speed><course>17.990766</course><hAcc>2.246782</hAcc><vAcc>1.130196</vAcc></extensions></trkpt>
      <trkpt lon="-117.164114" lat="32.895132"><ele>92.557145</ele><time>2024-08-20T02:07:16Z</time><extensions><speed>0.055786</speed><course>34.729048</course><hAcc>2.230074</hAcc><vAcc>1.123050</vAcc></extensions></trkpt>
      <trkpt lon="-117.164114" lat="32.895133"><ele>92.540062</ele><time>2024-08-20T02:07:17Z</time><extensions><speed>0.071119</speed><course>50.370889</course><hAcc>2.211707</hAcc><vAcc>1.115086</vAcc></extensions></trkpt>
      <trkpt lon="-117.164113" lat="32.895133"><ele>92.520681</ele><time>2024-08-20T02:07:18Z</time><extensions><speed>0.088281</speed><course>65.165936</course><hAcc>2.191480</hAcc><vAcc>1.106991</vAcc></extensions></trkpt>
      <trkpt lon="-117.164112" lat="32.895134"><ele>92.504993</ele><time>2024-08-20T02:07:19Z</time><extensions><speed>0.105795</speed><course>82.572221</course><hAcc>2.163321</hAcc><vAcc>1.098558</vAcc></extensions></trkpt>
      <trkpt lon="-117.164111" lat="32.895134"><ele>92.489376</ele><time>2024-08-20T02:07:20Z</time><extensions><speed>0.119256</speed><course>100.187758</course><hAcc>2.133929</hAcc><vAcc>1.090827</vAcc></extensions></trkpt>
      <trkpt lon="-117.164110" lat="32.895133"><ele>92.474430</ele><time>2024-08-20T02:07:21Z</time><extensions><speed>0.133978</speed><course>119.110188</course><hAcc>2.109758</hAcc><vAcc>1.083354</vAcc></extensions></trkpt>
      <trkpt lon="-117.164109" lat="32.895133"><ele>92.460178</ele><time>2024-08-20T02:07:22Z</time><extensions><speed>0.096701</speed><course>121.548217</course><hAcc>2.097296</hAcc><vAcc>1.076902</vAcc></extensions></trkpt>
      <trkpt lon="-117.164108" lat="32.895132"><ele>92.442513</ele><time>2024-08-20T02:07:23Z</time><extensions><speed>0.077981</speed><course>130.689224</course><hAcc>2.074545</hAcc><vAcc>1.070372</vAcc></extensions></trkpt>
      <trkpt lon="-117.164107" lat="32.895132"><ele>92.425811</ele><time>2024-08-20T02:07:24Z</time><extensions><speed>0.035895</speed><course>125.900584</course><hAcc>2.052637</hAcc><vAcc>1.063751</vAcc></extensions></trkpt>
      <trkpt lon="-117.164107" lat="32.895132"><ele>92.414261</ele><time>2024-08-20T02:07:25Z</time><extensions><speed>0.005366</speed><course>43.273716</course><hAcc>2.026662</hAcc><vAcc>1.057414</vAcc></extensions></trkpt>
      <trkpt lon="-117.164107" lat="32.895132"><ele>92.399691</ele><time>2024-08-20T02:07:26Z</time><extensions><speed>0.016746</speed><course>319.203570</course><hAcc>1.992713</hAcc><vAcc>1.051879</vAcc></extensions></trkpt>
      <trkpt lon="-117.164108" lat="32.895132"><ele>92.387712</ele><time>2024-08-20T02:07:27Z</time><extensions><speed>0.033372</speed><course>320.821760</course><hAcc>1.971169</hAcc><vAcc>1.046835</vAcc></extensions></trkpt>
      <trkpt lon="-117.164108" lat="32.895133"><ele>92.374722</ele><time>2024-08-20T02:07:28Z</time><extensions><speed>0.045235</speed><course>323.669910</course><hAcc>1.957739</hAcc><vAcc>1.042341</vAcc></extensions></trkpt>
      <trkpt lon="-117.164108" lat="32.895133"><ele>92.367626</ele><time>2024-08-20T02:07:29Z</time><extensions><speed>0.047289</speed><course>327.233885</course><hAcc>1.947328</hAcc><vAcc>1.038394</vAcc></extensions></trkpt>
      <trkpt lon="-117.164108" lat="32.895133"><ele>92.366914</ele><time>2024-08-20T02:07:30Z</time><extensions><speed>0.058956</speed><course>337.042050</course><hAcc>1.950056</hAcc><vAcc>1.036007</vAcc></extensions></trkpt>
      <trkpt lon="-117.164109" lat="32.895134"><ele>92.364341</ele><time>2024-08-20T02:07:31Z</time><extensions><speed>0.065937</speed><course>344.975870</course><hAcc>1.954048</hAcc><vAcc>1.032937</vAcc></extensions></trkpt>
      <trkpt lon="-117.164109" lat="32.895135"><ele>92.360770</ele><time>2024-08-20T02:07:32Z</time><extensions><speed>0.070227</speed><course>351.641475</course><hAcc>1.953731</hAcc><vAcc>1.029725</vAcc></extensions></trkpt>
      <trkpt lon="-117.164109" lat="32.895135"><ele>92.358295</ele><time>2024-08-20T02:07:33Z</time><extensions><speed>0.067545</speed><course>358.093900</course><hAcc>1.946316</hAcc><vAcc>1.026173</vAcc></extensions></trkpt>
      <trkpt lon="-117.164109" lat="32.895136"><ele>92.359659</ele><time>2024-08-20T02:07:34Z</time><extensions><speed>0.060732</speed><course>4.926063</course><hAcc>1.936419</hAcc><vAcc>1.022297</vAcc></extensions></trkpt>
      <trkpt lon="-117.164109" lat="32.895136"><ele>92.362254</ele><time>2024-08-20T02:07:35Z</time><extensions><speed>0.045908</speed><course>13.836810</course><hAcc>1.933005</hAcc><vAcc>1.018173</vAcc></extensions></trkpt>
      <trkpt lon="-117.164109" lat="32.895137"><ele>92.370064</ele><time>2024-08-20T02:07:36Z</time><extensions><speed>0.042340</speed><course>9.638383</course><hAcc>1.935870</hAcc><vAcc>1.013775</vAcc></extensions></trkpt>
      <trkpt lon="-117.164108" lat="32.895137"><ele>92.382681</ele><time>2024-08-20T02:07:37Z</time><extensions><speed>0.024090</speed><course>25.509883</course><hAcc>1.926543</hAcc><vAcc>1.008929</vAcc></extensions></trkpt>
      <trkpt lon="-117.164108" lat="32.895137"><ele>92.398420</ele><time>2024-08-20T02:07:38Z</time><extensions><speed>0.023982</speed><course>27.808110</course><hAcc>1.913960</hAcc><vAcc>1.002123</vAcc></extensions></trkpt>
      <trkpt lon="-117.164108" lat="32.895137"><ele>92.402189</ele><time>2024-08-20T02:07:39Z</time><extensions><speed>0.020081</speed><course>74.050628</course><hAcc>1.897456</hAcc><vAcc>0.994049</vAcc></extensions></trkpt>
      <trkpt lon="-117.164108" lat="32.895137"><ele>92.410084</ele><time>2024-08-20T02:07:40Z</time><extensions><speed>0.026055</speed><course>88.089859</course><hAcc>1.879235</hAcc><vAcc>0.986876</vAcc></extensions></trkpt>
      <trkpt lon="-117.164108" lat="32.895137"><ele>92.418099</ele><time>2024-08-20T02:07:41Z</time><extensions><speed>0.038086</speed><course>107.611173</course><hAcc>1.858517</hAcc><vAcc>0.979785</vAcc></extensions></trkpt>
      <trkpt lon="-117.164107" lat="32.895137"><ele>92.420644</ele><time>2024-08-20T02:07:42Z</time><extensions><speed>0.038955</speed><course>100.262062</course><hAcc>1.850838</hAcc><vAcc>0.972544</vAcc></extensions></trkpt>
      <trkpt lon="-117.164107" lat="32.895137"><ele>92.411404</ele><time>2024-08-20T02:07:43Z</time><extensions><speed>0.047952</speed><course>103.557959</course><hAcc>1.843955</hAcc><vAcc>0.964960</vAcc></extensions></trkpt>
      <trkpt lon="-117.164106" lat="32.895137"><ele>92.396805</ele><time>2024-08-20T02:07:44Z</time><extensions><speed>0.061548</speed><course>106.434455</course><hAcc>1.835575</hAcc><vAcc>0.956252</vAcc></extensions></trkpt>
      <trkpt lon="-117.164105" lat="32.895137"><ele>92.381300</ele><time>2024-08-20T02:07:45Z</time><extensions><speed>0.084076</speed><course>108.711674</course><hAcc>1.817012</hAcc><vAcc>0.947052</vAcc></extensions></trkpt>
      <trkpt lon="-117.164104" lat="32.895137"><ele>92.355265</ele><time>2024-08-20T02:07:46Z</time><extensions><speed>0.117866</speed><course>107.911317</course><hAcc>1.786214</hAcc><vAcc>0.938702</vAcc></extensions></trkpt>
      <trkpt lon="-117.164103" lat="32.895136"><ele>92.329302</ele><time>2024-08-20T02:07:47Z</time><extensions><speed>0.122406</speed><course>101.874672</course><hAcc>1.780150</hAcc><vAcc>0.931059</vAcc></extensions></trkpt>
      <trkpt lon="-117.164102" lat="32.895136"><ele>92.299887</ele><time>2024-08-20T02:07:48Z</time><extensions><speed>0.107890</speed><course>79.280732</course><hAcc>1.783369</hAcc><vAcc>0.923694</vAcc></extensions></trkpt>
      <trkpt lon="-117.164101" lat="32.895137"><ele>92.269239</ele><time>2024-08-20T02:07:49Z</time><extensions><speed>0.107605</speed><course>51.405775</course><hAcc>1.789729</hAcc><vAcc>0.917166</vAcc></extensions></trkpt>
      <trkpt lon="-117.164100" lat="32.895137"><ele>92.241824</ele><time>2024-08-20T02:07:50Z</time><extensions><speed>0.111389</speed><course>42.969646</course><hAcc>1.789326</hAcc><vAcc>0.911283</vAcc></extensions></trkpt>
      <trkpt lon="-117.164099" lat="32.895138"><ele>92.213159</ele><time>2024-08-20T02:07:51Z</time><extensions><speed>0.112166</speed><course>40.471697</course><hAcc>1.789480</hAcc><vAcc>0.905800</vAcc></extensions></trkpt>
      <trkpt lon="-117.164098" lat="32.895139"><ele>92.183889</ele><time>2024-08-20T02:07:52Z</time><extensions><speed>0.114533</speed><course>32.395212</course><hAcc>1.796306</hAcc><vAcc>0.900511</vAcc></extensions></trkpt>
      <trkpt lon="-117.164098" lat="32.895140"><ele>92.165593</ele><time>2024-08-20T02:07:53Z</time><extensions><speed>0.108668</speed><course>28.845327</course><hAcc>1.792613</hAcc><vAcc>0.895184</vAcc></extensions></trkpt>
      <trkpt lon="-117.164097" lat="32.895141"><ele>92.148230</ele><time>2024-08-20T02:07:54Z</time><extensions><speed>0.093101</speed><course>30.371082</course><hAcc>1.774670</hAcc><vAcc>0.890393</vAcc></extensions></trkpt>
      <trkpt lon="-117.164097" lat="32.895141"><ele>92.138130</ele><time>2024-08-20T02:07:55Z</time><extensions><speed>0.069009</speed><course>43.146794</course><hAcc>1.751469</hAcc><vAcc>0.886282</vAcc></extensions></trkpt>
      <trkpt lon="-117.164096" lat="32.895142"><ele>92.131814</ele><time>2024-08-20T02:07:56Z</time><extensions><speed>0.061405</speed><course>38.607981</course><hAcc>1.734180</hAcc><vAcc>0.882716</vAcc></extensions></trkpt>
      <trkpt lon="-117.164096" lat="32.895142"><ele>92.129990</ele><time>2024-08-20T02:07:57Z</time><extensions><speed>0.053058</speed><course>30.894337</course><hAcc>1.722822</hAcc><vAcc>0.879526</vAcc></extensions></trkpt>
      <trkpt lon="-117.164096" lat="32.895142"><ele>92.133196</ele><time>2024-08-20T02:07:58Z</time><extensions><speed>0.035856</speed><course>39.565297</course><hAcc>1.705054</hAcc><vAcc>0.876245</vAcc></extensions></trkpt>
      <trkpt lon="-117.164096" lat="32.895142"><ele>92.141068</ele><time>2024-08-20T02:07:59Z</time><extensions><speed>0.017775</speed><course>85.258715</course><hAcc>1.685782</hAcc><vAcc>0.872856</vAcc></extensions></trkpt>
      <trkpt lon="-117.164095" lat="32.895142"><ele>92.153083</ele><time>2024-08-20T02:08:00Z</time><extensions><speed>0.029581</speed><course>157.023391</course><hAcc>1.667472</hAcc><vAcc>0.869509</vAcc></extensions></trkpt>
      <trkpt lon="-117.164095" lat="32.895142"><ele>92.160225</ele><time>2024-08-20T02:08:01Z</time><extensions><speed>0.057269</speed><course>171.057039</course><hAcc>1.649717</hAcc><vAcc>0.866123</vAcc></extensions></trkpt>
      <trkpt lon="-117.164095" lat="32.895141"><ele>92.171351</ele><time>2024-08-20T02:08:02Z</time><extensions><speed>0.089481</speed><course>174.737339</course><hAcc>1.625625</hAcc><vAcc>0.862643</vAcc></extensions></trkpt>
      <trkpt lon="-117.164095" lat="32.895140"><ele>92.187338</ele><time>2024-08-20T02:08:03Z</time><extensions><speed>0.124721</speed><course>175.761428</course><hAcc>1.594981</hAcc><vAcc>0.859347</vAcc></extensions></trkpt>
      <trkpt lon="-117.164095" lat="32.895139"><ele>92.211234</ele><time>2024-08-20T02:08:04Z</time><extensions><speed>0.101419</speed><course>180.072110</course><hAcc>1.580708</hAcc><vAcc>0.855825</vAcc></extensions></trkpt>
      <trkpt lon="-117.164095" lat="32.895138"><ele>92.234355</ele><time>2024-08-20T02:08:05Z</time><extensions><speed>0.085297</speed><course>180.209565</course><hAcc>1.567687</hAcc><vAcc>0.852132</vAcc></extensions></trkpt>
      <trkpt lon="-117.164095" lat="32.895138"><ele>92.259882</ele><time>2024-08-20T02:08:06Z</time><extensions><speed>0.060331</speed><course>172.868539</course><hAcc>1.574629</hAcc><vAcc>0.848175</vAcc></extensions></trkpt>
      <trkpt lon="-117.164095" lat="32.895137"><ele>92.286775</ele><time>2024-08-20T02:08:07Z</time><extensions><speed>0.049706</speed><course>156.232732</course><hAcc>1.576225</hAcc><vAcc>0.843819</vAcc></extensions></trkpt>
      <trkpt lon="-117.164094" lat="32.895137"><ele>92.312667</ele><time>2024-08-20T02:08:08Z</time><extensions><speed>0.067355</speed><course>138.725908</course><hAcc>1.549681</hAcc><vAcc>0.839304</vAcc></extensions></trkpt>
      <trkpt lon="-117.164094" lat="32.895136"><ele>92.333905</ele><time>2024-08-20T02:08:09Z</time><extensions><speed>0.087443</speed><course>127.713067</course><hAcc>1.542986</hAcc><vAcc>0.834511</vAcc></extensions></trkpt>
      <trkpt lon="-117.164093" lat="32.895136"><ele>92.353818</ele><time>2024-08-20T02:08:10Z</time><extensions><speed>0.106429</speed><course>121.206052</course><hAcc>1.550425</hAcc><vAcc>0.829325</vAcc></extensions></trkpt>
      <trkpt lon="-117.164092" lat="32.895135"><ele>92.368739</ele><time>2024-08-20T02:08:11Z</time><extensions><speed>0.108665</speed><course>117.342280</course><hAcc>1.559663</hAcc><vAcc>0.823858</vAcc></extensions></trkpt>
      <trkpt lon="-117.164091" lat="32.895135"><ele>92.381706</ele><time>2024-08-20T02:08:12Z</time><extensions><speed>0.090785</speed><course>112.990993</course><hAcc>1.567430</hAcc><vAcc>0.818598</vAcc></extensions></trkpt>
      <trkpt lon="-117.164090" lat="32.895135"><ele>92.392417</ele><time>2024-08-20T02:08:13Z</time><extensions><speed>0.070209</speed><course>107.520956</course><hAcc>1.571120</hAcc><vAcc>0.813405</vAcc></extensions></trkpt>
      <trkpt lon="-117.164089" lat="32.895135"><ele>92.402030</ele><time>2024-08-20T02:08:14Z</time><extensions><speed>0.055842</speed><course>103.470311</course><hAcc>1.567908</hAcc><vAcc>0.808338</vAcc></extensions></trkpt>
      <trkpt lon="-117.164089" lat="32.895135"><ele>92.410200</ele><time>2024-08-20T02:08:15Z</time><extensions><speed>0.042215</speed><course>100.379089</course><hAcc>1.561564</hAcc><vAcc>0.803602</vAcc></extensions></trkpt>
      <trkpt lon="-117.164089" lat="32.895134"><ele>92.415296</ele><time>2024-08-20T02:08:16Z</time><extensions><speed>0.033622</speed><course>107.947976</course><hAcc>1.546145</hAcc><vAcc>0.799488</vAcc></extensions></trkpt>
      <trkpt lon="-117.164088" lat="32.895134"><ele>92.419710</ele><time>2024-08-20T02:08:17Z</time><extensions><speed>0.018480</speed><course>115.745637</course><hAcc>1.547052</hAcc><vAcc>0.796009</vAcc></extensions></trkpt>
      <trkpt lon="-117.164088" lat="32.895134"><ele>92.431408</ele><time>2024-08-20T02:08:18Z</time><extensions><speed>0.018348</speed><course>160.997532</course><hAcc>1.535157</hAcc><vAcc>0.793073</vAcc></extensions></trkpt>
      <trkpt lon="-117.164088" lat="32.895134"><ele>92.445098</ele><time>2024-08-20T02:08:19Z</time><extensions><speed>0.015733</speed><course>211.326204</course><hAcc>1.525400</hAcc><vAcc>0.790803</vAcc></extensions></trkpt>
      <trkpt lon="-117.164088" lat="32.895134"><ele>92.460742</ele><time>2024-08-20T02:08:20Z</time><extensions><speed>0.024494</speed><course>220.873979</course><hAcc>1.511621</hAcc><vAcc>0.789196</vAcc></extensions></trkpt>
      <trkpt lon="-117.164089" lat="32.895134"><ele>92.479387</ele><time>2024-08-20T02:08:21Z</time><extensions><speed>0.030924</speed><course>212.294402</course><hAcc>1.501464</hAcc><vAcc>0.788306</vAcc></extensions></trkpt>
      <trkpt lon="-117.164089" lat="32.895133"><ele>92.500154</ele><time>2024-08-20T02:08:22Z</time><extensions><speed>0.034181</speed><course>198.878874</course><hAcc>1.506544</hAcc><vAcc>0.788054</vAcc></extensions></trkpt>
      <trkpt lon="-117.164089" lat="32.895133"><ele>92.523372</ele><time>2024-08-20T02:08:23Z</time><extensions><speed>0.027623</speed><course>192.810178</course><hAcc>1.525619</hAcc><vAcc>0.788250</vAcc></extensions></trkpt>
      <trkpt lon="-117.164089" lat="32.895133"><ele>92.549205</ele><time>2024-08-20T02:08:24Z</time><extensions><speed>0.040673</speed><course>174.861761</course><hAcc>1.529760</hAcc><vAcc>0.788544</vAcc></extensions></trkpt>
      <trkpt lon="-117.164089" lat="32.895132"><ele>92.577369</ele><time>2024-08-20T02:08:25Z</time><extensions><speed>0.056493</speed><course>164.479611</course><hAcc>1.544009</hAcc><vAcc>0.789014</vAcc></extensions></trkpt>
      <trkpt lon="-117.164088" lat="32.895132"><ele>92.607665</ele><time>2024-08-20T02:08:26Z</time><extensions><speed>0.083306</speed><course>159.774305</course><hAcc>1.553277</hAcc><vAcc>0.789300</vAcc></extensions></trkpt>
      <trkpt lon="-117.164088" lat="32.895131"><ele>92.639590</ele><time>2024-08-20T02:08:27Z</time><extensions><speed>0.110476</speed><course>157.913053</course><hAcc>1.552261</hAcc><vAcc>0.789436</vAcc></extensions></trkpt>
      <trkpt lon="-117.164088" lat="32.895130"><ele>92.672455</ele><time>2024-08-20T02:08:28Z</time><extensions><speed>0.132035</speed><course>158.247180</course><hAcc>1.535566</hAcc><vAcc>0.789241</vAcc></extensions></trkpt>
      <trkpt lon="-117.164087" lat="32.895129"><ele>92.719922</ele><time>2024-08-20T02:08:29Z</time><extensions><speed>0.085234</speed><course>156.082355</course><hAcc>1.518464</hAcc><vAcc>0.788741</vAcc></extensions></trkpt>
      <trkpt lon="-117.164087" lat="32.895129"><ele>92.772521</ele><time>2024-08-20T02:08:30Z</time><extensions><speed>0.049853</speed><course>151.833277</course><hAcc>1.499451</hAcc><vAcc>0.787722</vAcc></extensions></trkpt>
      <trkpt lon="-117.164087" lat="32.895128"><ele>92.828709</ele><time>2024-08-20T02:08:31Z</time><extensions><speed>0.016953</speed><course>139.846045</course><hAcc>1.495298</hAcc><vAcc>0.786452</vAcc></extensions></trkpt>
      <trkpt lon="-117.164087" lat="32.895128"><ele>92.880638</ele><time>2024-08-20T02:08:32Z</time><extensions><speed>0.007568</speed><course>118.126681</course><hAcc>1.482400</hAcc><vAcc>0.785051</vAcc></extensions></trkpt>
      <trkpt lon="-117.164086" lat="32.895128"><ele>92.933607</ele><time>2024-08-20T02:08:33Z</time><extensions><speed>0.006252</speed><course>112.246817</course><hAcc>1.476999</hAcc><vAcc>0.783252</vAcc></extensions></trkpt>
      <trkpt lon="-117.164086" lat="32.895128"><ele>92.987563</ele><time>2024-08-20T02:08:34Z</time><extensions><speed>0.010558</speed><course>127.169739</course><hAcc>1.464513</hAcc><vAcc>0.781321</vAcc></extensions></trkpt>
      <trkpt lon="-117.164086" lat="32.895128"><ele>93.041736</ele><time>2024-08-20T02:08:35Z</time><extensions><speed>0.018659</speed><course>137.208392</course><hAcc>1.469161</hAcc><vAcc>0.779333</vAcc></extensions></trkpt>
      <trkpt lon="-117.164086" lat="32.895128"><ele>93.095731</ele><time>2024-08-20T02:08:36Z</time><extensions><speed>0.032225</speed><course>142.740363</course><hAcc>1.483344</hAcc><vAcc>0.777340</vAcc></extensions></trkpt>
      <trkpt lon="-117.164086" lat="32.895128"><ele>93.146332</ele><time>2024-08-20T02:08:37Z</time><extensions><speed>0.052965</speed><course>146.027148</course><hAcc>1.498780</hAcc><vAcc>0.775366</vAcc></extensions></trkpt>
      <trkpt lon="-117.164085" lat="32.895127"><ele>93.198587</ele><time>2024-08-20T02:08:38Z</time><extensions><speed>0.083030</speed><course>148.685587</course><hAcc>1.507882</hAcc><vAcc>0.773647</vAcc></extensions></trkpt>
      <trkpt lon="-117.164085" lat="32.895126"><ele>93.257599</ele><time>2024-08-20T02:08:39Z</time><extensions><speed>0.124464</speed><course>151.697376</course><hAcc>1.504597</hAcc><vAcc>0.772074</vAcc></extensions></trkpt>
      <trkpt lon="-117.164084" lat="32.895125"><ele>93.306273</ele><time>2024-08-20T02:08:40Z</time><extensions><speed>0.146774</speed><course>151.553087</course><hAcc>1.506987</hAcc><vAcc>0.771037</vAcc></extensions></trkpt>
      <trkpt lon="-117.164083" lat="32.895124"><ele>93.353323</ele><time>2024-08-20T02:08:41Z</time><extensions><speed>0.158397</speed><course>145.564814</course><hAcc>1.508744</hAcc><vAcc>0.770396</vAcc></extensions></trkpt>
      <trkpt lon="-117.164082" lat="32.895123"><ele>93.397688</ele><time>2024-08-20T02:08:42Z</time><extensions><speed>0.132444</speed><course>130.737495</course><hAcc>1.514648</hAcc><vAcc>0.770224</vAcc></extensions></trkpt>
      <trkpt lon="-117.164081" lat="32.895122"><ele>93.446474</ele><time>2024-08-20T02:08:43Z</time><extensions><speed>0.141308</speed><course>121.844361</course><hAcc>1.510694</hAcc><vAcc>0.771122</vAcc></extensions></trkpt>
      <trkpt lon="-117.164080" lat="32.895122"><ele>93.487640</ele><time>2024-08-20T02:08:44Z</time><extensions><speed>0.124283</speed><course>107.389510</course><hAcc>1.519905</hAcc><vAcc>0.772988</vAcc></extensions></trkpt>
      <trkpt lon="-117.164079" lat="32.895122"><ele>93.525960</ele><time>2024-08-20T02:08:45Z</time><extensions><speed>0.132838</speed><course>97.432062</course><hAcc>1.534225</hAcc><vAcc>0.775739</vAcc></extensions></trkpt>
      <trkpt lon="-117.164077" lat="32.895122"><ele>93.560777</ele><time>2024-08-20T02:08:46Z</time><extensions><speed>0.128413</speed><course>82.061835</course><hAcc>1.561068</hAcc><vAcc>0.779180</vAcc></extensions></trkpt>
      <trkpt lon="-117.164076" lat="32.895122"><ele>93.592788</ele><time>2024-08-20T02:08:47Z</time><extensions><speed>0.113858</speed><course>70.947338</course><hAcc>1.577648</hAcc><vAcc>0.783697</vAcc></extensions></trkpt>
      <trkpt lon="-117.164075" lat="32.895122"><ele>93.622157</ele><time>2024-08-20T02:08:48Z</time><extensions><speed>0.080525</speed><course>63.302548</course><hAcc>1.579674</hAcc><vAcc>0.789460</vAcc></extensions></trkpt>
      <trkpt lon="-117.164075" lat="32.895123"><ele>93.648706</ele><time>2024-08-20T02:08:49Z</time><extensions><speed>0.057435</speed><course>1.268907</course><hAcc>1.585173</hAcc><vAcc>0.795964</vAcc></extensions></trkpt>
      <trkpt lon="-117.164075" lat="32.895123"><ele>93.672556</ele><time>2024-08-20T02:08:50Z</time><extensions><speed>0.108864</speed><course>318.288639</course><hAcc>1.614901</hAcc><vAcc>0.803316</vAcc></extensions></trkpt>
      <trkpt lon="-117.164076" lat="32.895124"><ele>93.697157</ele><time>2024-08-20T02:08:51Z</time><extensions><speed>0.106336</speed><course>298.242673</course><hAcc>1.648728</hAcc><vAcc>0.811188</vAcc></extensions></trkpt>
      <trkpt lon="-117.164077" lat="32.895124"><ele>93.719887</ele><time>2024-08-20T02:08:52Z</time><extensions><speed>0.120339</speed><course>269.763394</course><hAcc>1.627900</hAcc><vAcc>0.819136</vAcc></extensions></trkpt>
      <trkpt lon="-117.164078" lat="32.895124"><ele>93.740632</ele><time>2024-08-20T02:08:53Z</time><extensions><speed>0.124065</speed><course>255.785724</course><hAcc>1.627995</hAcc><vAcc>0.827552</vAcc></extensions></trkpt>
      <trkpt lon="-117.164080" lat="32.895124"><ele>93.759472</ele><time>2024-08-20T02:08:54Z</time><extensions><speed>0.108881</speed><course>274.101200</course><hAcc>1.658639</hAcc><vAcc>0.835589</vAcc></extensions></trkpt>
      <trkpt lon="-117.164081" lat="32.895124"><ele>93.776525</ele><time>2024-08-20T02:08:55Z</time><extensions><speed>0.095054</speed><course>285.154441</course><hAcc>1.678307</hAcc><vAcc>0.843529</vAcc></extensions></trkpt>
      <trkpt lon="-117.164082" lat="32.895124"><ele>93.791988</ele><time>2024-08-20T02:08:56Z</time><extensions><speed>0.089393</speed><course>305.768678</course><hAcc>1.696375</hAcc><vAcc>0.851170</vAcc></extensions></trkpt>
      <trkpt lon="-117.164082" lat="32.895125"><ele>93.806061</ele><time>2024-08-20T02:08:57Z</time><extensions><speed>0.089864</speed><course>321.043419</course><hAcc>1.707540</hAcc><vAcc>0.858597</vAcc></extensions></trkpt>
      <trkpt lon="-117.164083" lat="32.895126"><ele>93.818915</ele><time>2024-08-20T02:08:58Z</time><extensions><speed>0.097046</speed><course>332.205228</course><hAcc>1.713789</hAcc><vAcc>0.865799</vAcc></extensions></trkpt>
      <trkpt lon="-117.164083" lat="32.895127"><ele>93.830721</ele><time>2024-08-20T02:08:59Z</time><extensions><speed>0.109113</speed><course>339.427051</course><hAcc>1.715377</hAcc><vAcc>0.873164</vAcc></extensions></trkpt>
      <trkpt lon="-117.164084" lat="32.895128"><ele>93.841538</ele><time>2024-08-20T02:09:00Z</time><extensions><speed>0.118364</speed><course>343.541972</course><hAcc>1.713807</hAcc><vAcc>0.880420</vAcc></extensions></trkpt>
      <trkpt lon="-117.164084" lat="32.895129"><ele>93.851395</ele><time>2024-08-20T02:09:01Z</time><extensions><speed>0.106955</speed><course>345.516045</course><hAcc>1.718284</hAcc><vAcc>0.887507</vAcc></extensions></trkpt>
      <trkpt lon="-117.164084" lat="32.895129"><ele>93.860303</ele><time>2024-08-20T02:09:02Z</time><extensions><speed>0.074783</speed><course>346.364861</course><hAcc>1.740933</hAcc><vAcc>0.894595</vAcc></extensions></trkpt>
      <trkpt lon="-117.164084" lat="32.895130"><ele>93.868243</ele><time>2024-08-20T02:09:03Z</time><extensions><speed>0.049584</speed><course>346.851250</course><hAcc>1.760935</hAcc><vAcc>0.901502</vAcc></extensions></trkpt>
      <trkpt lon="-117.164084" lat="32.895130"><ele>93.875250</ele><time>2024-08-20T02:09:04Z</time><extensions><speed>0.037563</speed><course>347.127262</course><hAcc>1.762261</hAcc><vAcc>0.908390</vAcc></extensions></trkpt>
      <trkpt lon="-117.164085" lat="32.895131"><ele>93.881353</ele><time>2024-08-20T02:09:05Z</time><extensions><speed>0.036130</speed><course>347.255259</course><hAcc>1.744065</hAcc><vAcc>0.915142</vAcc></extensions></trkpt>
      <trkpt lon="-117.164085" lat="32.895131"><ele>93.886604</ele><time>2024-08-20T02:09:06Z</time><extensions><speed>0.030034</speed><course>347.309407</course><hAcc>1.748436</hAcc><vAcc>0.921739</vAcc></extensions></trkpt>
      <trkpt lon="-117.164085" lat="32.895131"><ele>93.891096</ele><time>2024-08-20T02:09:07Z</time><extensions><speed>0.023208</speed><course>347.337815</course><hAcc>1.765930</hAcc><vAcc>0.928640</vAcc></extensions></trkpt>
      <trkpt lon="-117.164085" lat="32.895131"><ele>93.894858</ele><time>2024-08-20T02:09:08Z</time><extensions><speed>0.017187</speed><course>347.354486</course><hAcc>1.782964</hAcc><vAcc>0.935329</vAcc></extensions></trkpt>
      <trkpt lon="-117.164085" lat="32.895132"><ele>93.890786</ele><time>2024-08-20T02:09:09Z</time><extensions><speed>0.031004</speed><course>1.027262</course><hAcc>1.796177</hAcc><vAcc>0.941910</vAcc></extensions></trkpt>
      <trkpt lon="-117.164085" lat="32.895133"><ele>93.885524</ele><time>2024-08-20T02:09:10Z</time><extensions><speed>0.046360</speed><course>5.774113</course><hAcc>1.806939</hAcc><vAcc>0.948479</vAcc></extensions></trkpt>
      <trkpt lon="-117.164084" lat="32.895133"><ele>93.880028</ele><time>2024-08-20T02:09:11Z</time><extensions><speed>0.064938</speed><course>7.328855</course><hAcc>1.811143</hAcc><vAcc>0.954297</vAcc></extensions></trkpt>
      <trkpt lon="-117.164084" lat="32.895134"><ele>93.870346</ele><time>2024-08-20T02:09:12Z</time><extensions><speed>0.083335</speed><course>8.055088</course><hAcc>1.816814</hAcc><vAcc>0.959919</vAcc></extensions></trkpt>
      <trkpt lon="-117.164084" lat="32.895135"><ele>93.858854</ele><time>2024-08-20T02:09:13Z</time><extensions><speed>0.103450</speed><course>8.478569</course><hAcc>1.822146</hAcc><vAcc>0.964983</vAcc></extensions></trkpt>
      <trkpt lon="-117.164084" lat="32.895137"><ele>93.846138</ele><time>2024-08-20T02:09:14Z</time><extensions><speed>0.135017</speed><course>8.677538</course><hAcc>1.820328</hAcc><vAcc>0.969203</vAcc></extensions></trkpt>
      <trkpt lon="-117.164084" lat="32.895138"><ele>93.813013</ele><time>2024-08-20T02:09:15Z</time><extensions><speed>0.179792</speed><course>8.716051</course><hAcc>1.818851</hAcc><vAcc>0.972438</vAcc></extensions></trkpt>
      <trkpt lon="-117.164083" lat="32.895140"><ele>93.777359</ele><time>2024-08-20T02:09:16Z</time><extensions><speed>0.216641</speed><course>8.741412</course><hAcc>1.835025</hAcc><vAcc>0.975228</vAcc></extensions></trkpt>
      <trkpt lon="-117.164083" lat="32.895142"><ele>93.740321</ele><time>2024-08-20T02:09:17Z</time><extensions><speed>0.262185</speed><course>8.749414</course><hAcc>1.851089</hAcc><vAcc>0.977943</vAcc></extensions></trkpt>
      <trkpt lon="-117.164082" lat="32.895145"><ele>93.691022</ele><time>2024-08-20T02:09:18Z</time><extensions><speed>0.382841</speed><course>8.776090</course><hAcc>1.839615</hAcc><vAcc>0.980018</vAcc></extensions></trkpt>
      <trkpt lon="-117.164082" lat="32.895148"><ele>93.634763</ele><time>2024-08-20T02:09:19Z</time><extensions><speed>0.406507</speed><course>8.805911</course><hAcc>1.841754</hAcc><vAcc>0.981467</vAcc></extensions></trkpt>
      <trkpt lon="-117.164081" lat="32.895152"><ele>93.569817</ele><time>2024-08-20T02:09:20Z</time><extensions><speed>0.353971</speed><course>9.078340</course><hAcc>1.847935</hAcc><vAcc>0.982002</vAcc></extensions></trkpt>
      <trkpt lon="-117.164081" lat="32.895154"><ele>93.502292</ele><time>2024-08-20T02:09:21Z</time><extensions><speed>0.277558</speed><course>10.840421</course><hAcc>1.844590</hAcc><vAcc>0.981830</vAcc></extensions></trkpt>
      <trkpt lon="-117.164080" lat="32.895157"><ele>93.432790</ele><time>2024-08-20T02:09:22Z</time><extensions><speed>0.193810</speed><course>12.864340</course><hAcc>1.844707</hAcc><vAcc>0.981078</vAcc></extensions></trkpt>
      <trkpt lon="-117.164080" lat="32.895158"><ele>93.362208</ele><time>2024-08-20T02:09:23Z</time><extensions><speed>0.132390</speed><course>9.865610</course><hAcc>1.853864</hAcc><vAcc>0.980360</vAcc></extensions></trkpt>
      <trkpt lon="-117.164080" lat="32.895159"><ele>93.290738</ele><time>2024-08-20T02:09:24Z</time><extensions><speed>0.075896</speed><course>9.287614</course><hAcc>1.848679</hAcc><vAcc>0.979522</vAcc></extensions></trkpt>
      <trkpt lon="-117.164079" lat="32.895159"><ele>93.219071</ele><time>2024-08-20T02:09:25Z</time><extensions><speed>0.026587</speed><course>22.399218</course><hAcc>1.827817</hAcc><vAcc>0.978741</vAcc></extensions></trkpt>
      <trkpt lon="-117.164079" lat="32.895159"><ele>93.147994</ele><time>2024-08-20T02:09:26Z</time><extensions><speed>0.004438</speed><course>40.849659</course><hAcc>1.819848</hAcc><vAcc>0.978255</vAcc></extensions></trkpt>
      <trkpt lon="-117.164079" lat="32.895159"><ele>93.078303</ele><time>2024-08-20T02:09:27Z</time><extensions><speed>0.019531</speed><course>180.281665</course><hAcc>1.807372</hAcc><vAcc>0.977670</vAcc></extensions></trkpt>
      <trkpt lon="-117.164079" lat="32.895159"><ele>93.010824</ele><time>2024-08-20T02:09:28Z</time><extensions><speed>0.038715</speed><course>182.125710</course><hAcc>1.775328</hAcc><vAcc>0.977108</vAcc></extensions></trkpt>
      <trkpt lon="-117.164079" lat="32.895159"><ele>92.946237</ele><time>2024-08-20T02:09:29Z</time><extensions><speed>0.050892</speed><course>181.722069</course><hAcc>1.743494</hAcc><vAcc>0.977045</vAcc></extensions></trkpt>
      <trkpt lon="-117.164079" lat="32.895158"><ele>92.885310</ele><time>2024-08-20T02:09:30Z</time><extensions><speed>0.032350</speed><course>187.331278</course><hAcc>1.743333</hAcc><vAcc>0.977215</vAcc></extensions></trkpt>
      <trkpt lon="-117.164079" lat="32.895158"><ele>92.828606</ele><time>2024-08-20T02:09:31Z</time><extensions><speed>0.021694</speed><course>191.015205</course><hAcc>1.741061</hAcc><vAcc>0.977573</vAcc></extensions></trkpt>
      <trkpt lon="-117.164079" lat="32.895158"><ele>92.776516</ele><time>2024-08-20T02:09:32Z</time><extensions><speed>0.014028</speed><course>193.245195</course><hAcc>1.747034</hAcc><vAcc>0.978009</vAcc></extensions></trkpt>
      <trkpt lon="-117.164079" lat="32.895158"><ele>92.728890</ele><time>2024-08-20T02:09:33Z</time><extensions><speed>0.010382</speed><course>194.552972</course><hAcc>1.747498</hAcc><vAcc>0.979385</vAcc></extensions></trkpt>
      <trkpt lon="-117.164080" lat="32.895158"><ele>92.682105</ele><time>2024-08-20T02:09:34Z</time><extensions><speed>0.017913</speed><course>207.237885</course><hAcc>1.735653</hAcc><vAcc>0.980835</vAcc></extensions></trkpt>
      <trkpt lon="-117.164080" lat="32.895157"><ele>92.639515</ele><time>2024-08-20T02:09:35Z</time><extensions><speed>0.027468</speed><course>213.778355</course><hAcc>1.749356</hAcc><vAcc>0.981934</vAcc></extensions></trkpt>
      <trkpt lon="-117.164080" lat="32.895157"><ele>92.601127</ele><time>2024-08-20T02:09:36Z</time><extensions><speed>0.039706</speed><course>217.223255</course><hAcc>1.774562</hAcc><vAcc>0.982464</vAcc></extensions></trkpt>
      <trkpt lon="-117.164081" lat="32.895157"><ele>92.566687</ele><time>2024-08-20T02:09:37Z</time><extensions><speed>0.055388</speed><course>219.047783</course><hAcc>1.796064</hAcc><vAcc>0.982534</vAcc></extensions></trkpt>
      <trkpt lon="-117.164081" lat="32.895156"><ele>92.535797</ele><time>2024-08-20T02:09:38Z</time><extensions><speed>0.076796</speed><course>220.029847</course><hAcc>1.809740</hAcc><vAcc>0.982848</vAcc></extensions></trkpt>
      <trkpt lon="-117.164082" lat="32.895155"><ele>92.508335</ele><time>2024-08-20T02:09:39Z</time><extensions><speed>0.105244</speed><course>220.540975</course><hAcc>1.815646</hAcc><vAcc>0.982435</vAcc></extensions></trkpt>
      <trkpt lon="-117.164083" lat="32.895155"><ele>92.483938</ele><time>2024-08-20T02:09:40Z</time><extensions><speed>0.141501</speed><course>220.801451</course><hAcc>1.814161</hAcc><vAcc>0.981558</vAcc></extensions></trkpt>
      <trkpt lon="-117.164084" lat="32.895153"><ele>92.462473</ele><time>2024-08-20T02:09:41Z</time><extensions><speed>0.184727</speed><course>220.928241</course><hAcc>1.806250</hAcc><vAcc>0.979341</vAcc></extensions></trkpt>
      <trkpt lon="-117.164085" lat="32.895152"><ele>92.443401</ele><time>2024-08-20T02:09:42Z</time><extensions><speed>0.230163</speed><course>220.977087</course><hAcc>1.793196</hAcc><vAcc>0.977081</vAcc></extensions></trkpt>
      <trkpt lon="-117.164087" lat="32.895150"><ele>92.426436</ele><time>2024-08-20T02:09:43Z</time><extensions><speed>0.264068</speed><course>220.963977</course><hAcc>1.775497</hAcc><vAcc>0.975361</vAcc></extensions></trkpt>
      <trkpt lon="-117.164089" lat="32.895148"><ele>92.411561</ele><time>2024-08-20T02:09:44Z</time><extensions><speed>0.255747</speed><course>220.845608</course><hAcc>1.753733</hAcc><vAcc>0.973665</vAcc></extensions></trkpt>
      <trkpt lon="-117.164091" lat="32.895147"><ele>92.407396</ele><time>2024-08-20T02:09:45Z</time><extensions><speed>0.207778</speed><course>220.914888</course><hAcc>1.734699</hAcc><vAcc>0.972540</vAcc></extensions></trkpt>
      <trkpt lon="-117.164092" lat="32.895146"><ele>92.400493</ele><time>2024-08-20T02:09:46Z</time><extensions><speed>0.140886</speed><course>220.842233</course><hAcc>1.724861</hAcc><vAcc>0.971584</vAcc></extensions></trkpt>
      <trkpt lon="-117.164093" lat="32.895145"><ele>92.399433</ele><time>2024-08-20T02:09:47Z</time><extensions><speed>0.122831</speed><course>220.596555</course><hAcc>1.695111</hAcc><vAcc>0.970801</vAcc></extensions></trkpt>
      <trkpt lon="-117.164093" lat="32.895144"><ele>92.400313</ele><time>2024-08-20T02:09:48Z</time><extensions><speed>0.080793</speed><course>220.091384</course><hAcc>1.700036</hAcc><vAcc>0.970524</vAcc></extensions></trkpt>
      <trkpt lon="-117.164094" lat="32.895144"><ele>92.403239</ele><time>2024-08-20T02:09:49Z</time><extensions><speed>0.064230</speed><course>219.102469</course><hAcc>1.700047</hAcc><vAcc>0.970914</vAcc></extensions></trkpt>
      <trkpt lon="-117.164094" lat="32.895143"><ele>92.408012</ele><time>2024-08-20T02:09:50Z</time><extensions><speed>0.051182</speed><course>217.227681</course><hAcc>1.706574</hAcc><vAcc>0.972097</vAcc></extensions></trkpt>
      <trkpt lon="-117.164095" lat="32.895143"><ele>92.414449</ele><time>2024-08-20T02:09:51Z</time><extensions><speed>0.055385</speed><course>214.307152</course><hAcc>1.701052</hAcc><vAcc>0.974071</vAcc></extensions></trkpt>
      <trkpt lon="-117.164095" lat="32.895142"><ele>92.422214</ele><time>2024-08-20T02:09:52Z</time><extensions><speed>0.056115</speed><course>210.511073</course><hAcc>1.723948</hAcc><vAcc>0.977417</vAcc></extensions></trkpt>
      <trkpt lon="-117.164095" lat="32.895142"><ele>92.432798</ele><time>2024-08-20T02:09:53Z</time><extensions><speed>0.060904</speed><course>205.496253</course><hAcc>1.762556</hAcc><vAcc>0.981953</vAcc></extensions></trkpt>
      <trkpt lon="-117.164096" lat="32.895141"><ele>92.444084</ele><time>2024-08-20T02:09:54Z</time><extensions><speed>0.070462</speed><course>199.802443</course><hAcc>1.796915</hAcc><vAcc>0.987672</vAcc></extensions></trkpt>
      <trkpt lon="-117.164096" lat="32.895141"><ele>92.456121</ele><time>2024-08-20T02:09:55Z</time><extensions><speed>0.085982</speed><course>193.188731</course><hAcc>1.819045</hAcc><vAcc>0.994177</vAcc></extensions></trkpt>
      <trkpt lon="-117.164096" lat="32.895140"><ele>92.468578</ele><time>2024-08-20T02:09:56Z</time><extensions><speed>0.089680</speed><course>188.830102</course><hAcc>1.838539</hAcc><vAcc>1.001452</vAcc></extensions></trkpt>
      <trkpt lon="-117.164096" lat="32.895139"><ele>92.481199</ele><time>2024-08-20T02:09:57Z</time><extensions><speed>0.073252</speed><course>190.005035</course><hAcc>1.855339</hAcc><vAcc>1.009257</vAcc></extensions></trkpt>
      <trkpt lon="-117.164096" lat="32.895138"><ele>92.493771</ele><time>2024-08-20T02:09:58Z</time><extensions><speed>0.053328</speed><course>196.187517</course><hAcc>1.869767</hAcc><vAcc>1.016766</vAcc></extensions></trkpt>
      <trkpt lon="-117.164096" lat="32.895138"><ele>92.506066</ele><time>2024-08-20T02:09:59Z</time><extensions><speed>0.047243</speed><course>199.631051</course><hAcc>1.881137</hAcc><vAcc>1.024360</vAcc></extensions></trkpt>
      <trkpt lon="-117.164097" lat="32.895137"><ele>92.504188</ele><time>2024-08-20T02:10:00Z</time><extensions><speed>0.051760</speed><course>200.281945</course><hAcc>1.892618</hAcc><vAcc>1.031478</vAcc></extensions></trkpt>
      <trkpt lon="-117.164097" lat="32.895137"><ele>92.502907</ele><time>2024-08-20T02:10:01Z</time><extensions><speed>0.062995</speed><course>199.289074</course><hAcc>1.904392</hAcc><vAcc>1.038678</vAcc></extensions></trkpt>
      <trkpt lon="-117.164097" lat="32.895136"><ele>92.497282</ele><time>2024-08-20T02:10:02Z</time><extensions><speed>0.077500</speed><course>197.588222</course><hAcc>1.914704</hAcc><vAcc>1.043601</vAcc></extensions></trkpt>
      <trkpt lon="-117.164097" lat="32.895136"><ele>92.489177</ele><time>2024-08-20T02:10:03Z</time><extensions><speed>0.092510</speed><course>195.940401</course><hAcc>1.922095</hAcc><vAcc>1.047628</vAcc></extensions></trkpt>
      <trkpt lon="-117.164098" lat="32.895135"><ele>92.479334</ele><time>2024-08-20T02:10:04Z</time><extensions><speed>0.080001</speed><course>199.817954</course><hAcc>1.944138</hAcc><vAcc>1.053850</vAcc></extensions></trkpt>
      <trkpt lon="-117.164098" lat="32.895134"><ele>92.460061</ele><time>2024-08-20T02:10:05Z</time><extensions><speed>0.073768</speed><course>202.914146</course><hAcc>1.963202</hAcc><vAcc>1.056641</vAcc></extensions></trkpt>
      <trkpt lon="-117.164098" lat="32.895134"><ele>92.438977</ele><time>2024-08-20T02:10:06Z</time><extensions><speed>0.073310</speed><course>204.229365</course><hAcc>1.978729</hAcc><vAcc>1.054897</vAcc></extensions></trkpt>
      <trkpt lon="-117.164099" lat="32.895133"><ele>92.410060</ele><time>2024-08-20T02:10:07Z</time><extensions><speed>0.080101</speed><course>204.231434</course><hAcc>1.992691</hAcc><vAcc>1.052494</vAcc></extensions></trkpt>
      <trkpt lon="-117.164099" lat="32.895132"><ele>92.380636</ele><time>2024-08-20T02:10:08Z</time><extensions><speed>0.095914</speed><course>202.964132</course><hAcc>2.002701</hAcc><vAcc>1.050088</vAcc></extensions></trkpt>
      <trkpt lon="-117.164100" lat="32.895131"><ele>92.364388</ele><time>2024-08-20T02:10:09Z</time><extensions><speed>0.124056</speed><course>199.638299</course><hAcc>1.999557</hAcc><vAcc>1.046045</vAcc></extensions></trkpt>
      <trkpt lon="-117.164100" lat="32.895130"><ele>92.346167</ele><time>2024-08-20T02:10:10Z</time><extensions><speed>0.172537</speed><course>194.151929</course><hAcc>1.977634</hAcc><vAcc>1.041019</vAcc></extensions></trkpt>
      <trkpt lon="-117.164100" lat="32.895129"><ele>92.330179</ele><time>2024-08-20T02:10:11Z</time><extensions><speed>0.180295</speed><course>188.926647</course><hAcc>1.980392</hAcc><vAcc>1.034472</vAcc></extensions></trkpt>
      <trkpt lon="-117.164101" lat="32.895127"><ele>92.314198</ele><time>2024-08-20T02:10:12Z</time><extensions><speed>0.112122</speed><course>193.912058</course><hAcc>1.992677</hAcc><vAcc>1.026842</vAcc></extensions></trkpt>
      <trkpt lon="-117.164101" lat="32.895127"><ele>92.305221</ele><time>2024-08-20T02:10:13Z</time><extensions><speed>0.042912</speed><course>208.939217</course><hAcc>1.994261</hAcc><vAcc>1.017450</vAcc></extensions></trkpt>
      <trkpt lon="-117.164101" lat="32.895126"><ele>92.295264</ele><time>2024-08-20T02:10:14Z</time><extensions><speed>0.003298</speed><course>185.441604</course><hAcc>1.974647</hAcc><vAcc>1.007250</vAcc></extensions></trkpt>
      <trkpt lon="-117.164101" lat="32.895126"><ele>92.287916</ele><time>2024-08-20T02:10:15Z</time><extensions><speed>0.027095</speed><course>81.681317</course><hAcc>1.937488</hAcc><vAcc>0.996586</vAcc></extensions></trkpt>
      <trkpt lon="-117.164100" lat="32.895126"><ele>92.277056</ele><time>2024-08-20T02:10:16Z</time><extensions><speed>0.048154</speed><course>96.170872</course><hAcc>1.905361</hAcc><vAcc>0.985330</vAcc></extensions></trkpt>
      <trkpt lon="-117.164100" lat="32.895126"><ele>92.272308</ele><time>2024-08-20T02:10:17Z</time><extensions><speed>0.047148</speed><course>70.492945</course><hAcc>1.894184</hAcc><vAcc>0.974321</vAcc></extensions></trkpt>
      <trkpt lon="-117.164099" lat="32.895127"><ele>92.275942</ele><time>2024-08-20T02:10:18Z</time><extensions><speed>0.049601</speed><course>60.731800</course><hAcc>1.885825</hAcc><vAcc>0.963305</vAcc></extensions></trkpt>
      <trkpt lon="-117.164099" lat="32.895127"><ele>92.286532</ele><time>2024-08-20T02:10:19Z</time><extensions><speed>0.052460</speed><course>70.823546</course><hAcc>1.875599</hAcc><vAcc>0.952963</vAcc></extensions></trkpt>
      <trkpt lon="-117.164098" lat="32.895127"><ele>92.299313</ele><time>2024-08-20T02:10:20Z</time><extensions><speed>0.056625</speed><course>73.752635</course><hAcc>1.867219</hAcc><vAcc>0.943743</vAcc></extensions></trkpt>
      <trkpt lon="-117.164098" lat="32.895127"><ele>92.314892</ele><time>2024-08-20T02:10:21Z</time><extensions><speed>0.056879</speed><course>76.056748</course><hAcc>1.860593</hAcc><vAcc>0.935758</vAcc></extensions></trkpt>
      <trkpt lon="-117.164097" lat="32.895127"><ele>92.342920</ele><time>2024-08-20T02:10:22Z</time><extensions><speed>0.055978</speed><course>84.599692</course><hAcc>1.847910</hAcc><vAcc>0.928773</vAcc></extensions></trkpt>
      <trkpt lon="-117.164096" lat="32.895127"><ele>92.375584</ele><time>2024-08-20T02:10:23Z</time><extensions><speed>0.060535</speed><course>100.421287</course><hAcc>1.826696</hAcc><vAcc>0.922726</vAcc></extensions></trkpt>
      <trkpt lon="-117.164096" lat="32.895127"><ele>92.413599</ele><time>2024-08-20T02:10:24Z</time><extensions><speed>0.045877</speed><course>84.844445</course><hAcc>1.819277</hAcc><vAcc>0.918039</vAcc></extensions></trkpt>
      <trkpt lon="-117.164095" lat="32.895127"><ele>92.458686</ele><time>2024-08-20T02:10:25Z</time><extensions><speed>0.039229</speed><course>74.398619</course><hAcc>1.810713</hAcc><vAcc>0.914681</vAcc></extensions></trkpt>
      <trkpt lon="-117.164095" lat="32.895127"><ele>92.506431</ele><time>2024-08-20T02:10:26Z</time><extensions><speed>0.036345</speed><course>54.992707</course><hAcc>1.807950</hAcc><vAcc>0.913165</vAcc></extensions></trkpt>
      <trkpt lon="-117.164095" lat="32.895128"><ele>92.556630</ele><time>2024-08-20T02:10:27Z</time><extensions><speed>0.035341</speed><course>63.733767</course><hAcc>1.804033</hAcc><vAcc>0.913493</vAcc></extensions></trkpt>
      <trkpt lon="-117.164094" lat="32.895128"><ele>92.619388</ele><time>2024-08-20T02:10:28Z</time><extensions><speed>0.039471</speed><course>81.200953</course><hAcc>1.806752</hAcc><vAcc>0.915538</vAcc></extensions></trkpt>
      <trkpt lon="-117.164094" lat="32.895128"><ele>92.686737</ele><time>2024-08-20T02:10:29Z</time><extensions><speed>0.055173</speed><course>108.349685</course><hAcc>1.810886</hAcc><vAcc>0.919073</vAcc></extensions></trkpt>
      <trkpt lon="-117.164093" lat="32.895127"><ele>92.756215</ele><time>2024-08-20T02:10:30Z</time><extensions><speed>0.072090</speed><course>118.017223</course><hAcc>1.817901</hAcc><vAcc>0.923734</vAcc></extensions></trkpt>
      <trkpt lon="-117.164093" lat="32.895127"><ele>92.823345</ele><time>2024-08-20T02:10:31Z</time><extensions><speed>0.069803</speed><course>110.470643</course><hAcc>1.827231</hAcc><vAcc>0.928997</vAcc></extensions></trkpt>
      <trkpt lon="-117.164092" lat="32.895127"><ele>92.897626</ele><time>2024-08-20T02:10:32Z</time><extensions><speed>0.078648</speed><course>113.221771</course><hAcc>1.829729</hAcc><vAcc>0.933190</vAcc></extensions></trkpt>
      <trkpt lon="-117.164091" lat="32.895127"><ele>92.968568</ele><time>2024-08-20T02:10:33Z</time><extensions><speed>0.058886</speed><course>90.168487</course><hAcc>1.842206</hAcc><vAcc>0.936617</vAcc></extensions></trkpt>
      <trkpt lon="-117.164090" lat="32.895127"><ele>93.036060</ele><time>2024-08-20T02:10:34Z</time><extensions><speed>0.056479</speed><course>80.690718</course><hAcc>1.849626</hAcc><vAcc>0.942122</vAcc></extensions></trkpt>
      <trkpt lon="-117.164090" lat="32.895127"><ele>93.100767</ele><time>2024-08-20T02:10:35Z</time><extensions><speed>0.053882</speed><course>65.499204</course><hAcc>1.863258</hAcc><vAcc>0.946728</vAcc></extensions></trkpt>
      <trkpt lon="-117.164089" lat="32.895127"><ele>93.159978</ele><time>2024-08-20T02:10:36Z</time><extensions><speed>0.052407</speed><course>56.611969</course><hAcc>1.880448</hAcc><vAcc>0.950744</vAcc></extensions></trkpt>
      <trkpt lon="-117.164089" lat="32.895128"><ele>93.209862</ele><time>2024-08-20T02:10:37Z</time><extensions><speed>0.050691</speed><course>54.534699</course><hAcc>1.896744</hAcc><vAcc>0.954315</vAcc></extensions></trkpt>
      <trkpt lon="-117.164088" lat="32.895128"><ele>93.252127</ele><time>2024-08-20T02:10:38Z</time><extensions><speed>0.047234</speed><course>64.763135</course><hAcc>1.907738</hAcc><vAcc>0.956959</vAcc></extensions></trkpt>
      <trkpt lon="-117.164088" lat="32.895128"><ele>93.286520</ele><time>2024-08-20T02:10:39Z</time><extensions><speed>0.042399</speed><course>76.705076</course><hAcc>1.927642</hAcc><vAcc>0.958597</vAcc></extensions></trkpt>
      <trkpt lon="-117.164088" lat="32.895128"><ele>93.311399</ele><time>2024-08-20T02:10:40Z</time><extensions><speed>0.043407</speed><course>88.665138</course><hAcc>1.941116</hAcc><vAcc>0.959310</vAcc></extensions></trkpt>
      <trkpt lon="-117.164087" lat="32.895128"><ele>93.329575</ele><time>2024-08-20T02:10:41Z</time><extensions><speed>0.064507</speed><course>112.196560</course><hAcc>1.930015</hAcc><vAcc>0.959054</vAcc></extensions></trkpt>
      <trkpt lon="-117.164086" lat="32.895128"><ele>93.341618</ele><time>2024-08-20T02:10:42Z</time><extensions><speed>0.087195</speed><course>121.585563</course><hAcc>1.916082</hAcc><vAcc>0.957746</vAcc></extensions></trkpt>
      <trkpt lon="-117.164086" lat="32.895127"><ele>93.347913</ele><time>2024-08-20T02:10:43Z</time><extensions><speed>0.065714</speed><course>105.419506</course><hAcc>1.916206</hAcc><vAcc>0.955615</vAcc></extensions></trkpt>
      <trkpt lon="-117.164085" lat="32.895127"><ele>93.338873</ele><time>2024-08-20T02:10:44Z</time><extensions><speed>0.048185</speed><course>74.803600</course><hAcc>1.915795</hAcc><vAcc>0.952950</vAcc></extensions></trkpt>
      <trkpt lon="-117.164084" lat="32.895127"><ele>93.323720</ele><time>2024-08-20T02:10:45Z</time><extensions><speed>0.040634</speed><course>65.096931</course><hAcc>1.901925</hAcc><vAcc>0.949570</vAcc></extensions></trkpt>
      <trkpt lon="-117.164084" lat="32.895128"><ele>93.300797</ele><time>2024-08-20T02:10:46Z</time><extensions><speed>0.033492</speed><course>75.321259</course><hAcc>1.884301</hAcc><vAcc>0.945752</vAcc></extensions></trkpt>
      <trkpt lon="-117.164084" lat="32.895128"><ele>93.276437</ele><time>2024-08-20T02:10:47Z</time><extensions><speed>0.025404</speed><course>60.122698</course><hAcc>1.885835</hAcc><vAcc>0.941260</vAcc></extensions></trkpt>
      <trkpt lon="-117.164084" lat="32.895128"><ele>93.247817</ele><time>2024-08-20T02:10:48Z</time><extensions><speed>0.024434</speed><course>60.237039</course><hAcc>1.862998</hAcc><vAcc>0.936566</vAcc></extensions></trkpt>
      <trkpt lon="-117.164083" lat="32.895128"><ele>93.217198</ele><time>2024-08-20T02:10:49Z</time><extensions><speed>0.025503</speed><course>57.587539</course><hAcc>1.840207</hAcc><vAcc>0.931692</vAcc></extensions></trkpt>
      <trkpt lon="-117.164083" lat="32.895128"><ele>93.187889</ele><time>2024-08-20T02:10:50Z</time><extensions><speed>0.028475</speed><course>41.596757</course><hAcc>1.832347</hAcc><vAcc>0.926665</vAcc></extensions></trkpt>
      <trkpt lon="-117.164083" lat="32.895128"><ele>93.148599</ele><time>2024-08-20T02:10:51Z</time><extensions><speed>0.032488</speed><course>33.563795</course><hAcc>1.831475</hAcc><vAcc>0.922354</vAcc></extensions></trkpt>
      <trkpt lon="-117.164083" lat="32.895129"><ele>93.139582</ele><time>2024-08-20T02:10:52Z</time><extensions><speed>0.037434</speed><course>30.272681</course><hAcc>1.828452</hAcc><vAcc>0.918505</vAcc></extensions></trkpt>
      <trkpt lon="-117.164083" lat="32.895129"><ele>93.126459</ele><time>2024-08-20T02:10:53Z</time><extensions><speed>0.044019</speed><course>30.078411</course><hAcc>1.818258</hAcc><vAcc>0.915464</vAcc></extensions></trkpt>
      <trkpt lon="-117.164082" lat="32.895129"><ele>93.108335</ele><time>2024-08-20T02:10:54Z</time><extensions><speed>0.043930</speed><course>29.873668</course><hAcc>1.811862</hAcc><vAcc>0.912814</vAcc></extensions></trkpt>
      <trkpt lon="-117.164082" lat="32.895130"><ele>93.086505</ele><time>2024-08-20T02:10:55Z</time><extensions><speed>0.037907</speed><course>24.432764</course><hAcc>1.806178</hAcc><vAcc>0.911506</vAcc></extensions></trkpt>
      <trkpt lon="-117.164082" lat="32.895130"><ele>93.065793</ele><time>2024-08-20T02:10:56Z</time><extensions><speed>0.026028</speed><course>12.327900</course><hAcc>1.804620</hAcc><vAcc>0.910842</vAcc></extensions></trkpt>
      <trkpt lon="-117.164082" lat="32.895130"><ele>93.047550</ele><time>2024-08-20T02:10:57Z</time><extensions><speed>0.015237</speed><course>320.414170</course><hAcc>1.816699</hAcc><vAcc>0.911493</vAcc></extensions></trkpt>
      <trkpt lon="-117.164082" lat="32.895130"><ele>93.024509</ele><time>2024-08-20T02:10:58Z</time><extensions><speed>0.031279</speed><course>266.503299</course><hAcc>1.827164</hAcc><vAcc>0.912965</vAcc></extensions></trkpt>
      <trkpt lon="-117.164083" lat="32.895130"><ele>93.001637</ele><time>2024-08-20T02:10:59Z</time><extensions><speed>0.072447</speed><course>224.441707</course><hAcc>1.819633</hAcc><vAcc>0.915718</vAcc></extensions></trkpt>
      <trkpt lon="-117.164084" lat="32.895129"><ele>92.969506</ele><time>2024-08-20T02:11:00Z</time><extensions><speed>0.149097</speed><course>201.873776</course><hAcc>1.812445</hAcc><vAcc>0.918908</vAcc></extensions></trkpt>
      <trkpt lon="-117.164084" lat="32.895128"><ele>92.938731</ele><time>2024-08-20T02:11:01Z</time><extensions><speed>0.202485</speed><course>193.753898</course><hAcc>1.827088</hAcc><vAcc>0.920702</vAcc></extensions></trkpt>
      <trkpt lon="-117.164084" lat="32.895125"><ele>92.907256</ele><time>2024-08-20T02:11:02Z</time><extensions><speed>0.366583</speed><course>180.676015</course><hAcc>1.838739</hAcc><vAcc>0.922465</vAcc></extensions></trkpt>
      <trkpt lon="-117.164085" lat="32.895123"><ele>92.876501</ele><time>2024-08-20T02:11:03Z</time><extensions><speed>0.231959</speed><course>196.679795</course><hAcc>1.838203</hAcc><vAcc>0.926409</vAcc></extensions></trkpt>
      <trkpt lon="-117.164086" lat="32.895121"><ele>92.849415</ele><time>2024-08-20T02:11:04Z</time><extensions><speed>0.125787</speed><course>249.918299</course><hAcc>1.846704</hAcc><vAcc>0.931009</vAcc></extensions></trkpt>
      <trkpt lon="-117.164087" lat="32.895122"><ele>92.819484</ele><time>2024-08-20T02:11:05Z</time><extensions><speed>0.147518</speed><course>291.498276</course><hAcc>1.866070</hAcc><vAcc>0.934834</vAcc></extensions></trkpt>
      <trkpt lon="-117.164089" lat="32.895122"><ele>92.787497</ele><time>2024-08-20T02:11:06Z</time><extensions><speed>0.154697</speed><course>299.170074</course><hAcc>1.882846</hAcc><vAcc>0.940034</vAcc></extensions></trkpt>
      <trkpt lon="-117.164090" lat="32.895123"><ele>92.755677</ele><time>2024-08-20T02:11:07Z</time><extensions><speed>0.149934</speed><course>297.153005</course><hAcc>1.888505</hAcc><vAcc>0.945024</vAcc></extensions></trkpt>
      <trkpt lon="-117.164092" lat="32.895123"><ele>92.726402</ele><time>2024-08-20T02:11:08Z</time><extensions><speed>0.146169</speed><course>301.282372</course><hAcc>1.901090</hAcc><vAcc>0.949712</vAcc></extensions></trkpt>
      <trkpt lon="-117.164093" lat="32.895124"><ele>92.702987</ele><time>2024-08-20T02:11:09Z</time><extensions><speed>0.126131</speed><course>305.404258</course><hAcc>1.917113</hAcc><vAcc>0.954549</vAcc></extensions></trkpt>
      <trkpt lon="-117.164094" lat="32.895125"><ele>92.678220</ele><time>2024-08-20T02:11:10Z</time><extensions><speed>0.109179</speed><course>313.749345</course><hAcc>1.929993</hAcc><vAcc>0.959009</vAcc></extensions></trkpt>
      <trkpt lon="-117.164094" lat="32.895126"><ele>92.655935</ele><time>2024-08-20T02:11:11Z</time><extensions><speed>0.094055</speed><course>319.746838</course><hAcc>1.938798</hAcc><vAcc>0.963800</vAcc></extensions></trkpt>
      <trkpt lon="-117.164095" lat="32.895126"><ele>92.645459</ele><time>2024-08-20T02:11:12Z</time><extensions><speed>0.084578</speed><course>326.439469</course><hAcc>1.954589</hAcc><vAcc>0.968263</vAcc></extensions></trkpt>
      <trkpt lon="-117.164095" lat="32.895127"><ele>92.644889</ele><time>2024-08-20T02:11:13Z</time><extensions><speed>0.066719</speed><course>330.408009</course><hAcc>1.967658</hAcc><vAcc>0.971294</vAcc></extensions></trkpt>
      <trkpt lon="-117.164096" lat="32.895127"><ele>92.646038</ele><time>2024-08-20T02:11:14Z</time><extensions><speed>0.033489</speed><course>333.892723</course><hAcc>1.970649</hAcc><vAcc>0.975407</vAcc></extensions></trkpt>
      <trkpt lon="-117.164096" lat="32.895128"><ele>92.643872</ele><time>2024-08-20T02:11:15Z</time><extensions><speed>0.029480</speed><course>2.246478</course><hAcc>1.968740</hAcc><vAcc>0.978360</vAcc></extensions></trkpt>
      <trkpt lon="-117.164096" lat="32.895128"><ele>92.649904</ele><time>2024-08-20T02:11:16Z</time><extensions><speed>0.054529</speed><course>13.093658</course><hAcc>1.982451</hAcc><vAcc>0.980121</vAcc></extensions></trkpt>
      <trkpt lon="-117.164095" lat="32.895129"><ele>92.651187</ele><time>2024-08-20T02:11:17Z</time><extensions><speed>0.075500</speed><course>17.688690</course><hAcc>1.997975</hAcc><vAcc>0.980543</vAcc></extensions></trkpt>
      <trkpt lon="-117.164095" lat="32.895129"><ele>92.658081</ele><time>2024-08-20T02:11:18Z</time><extensions><speed>0.075930</speed><course>31.406205</course><hAcc>2.002994</hAcc><vAcc>0.979724</vAcc></extensions></trkpt>
      <trkpt lon="-117.164095" lat="32.895130"><ele>92.660049</ele><time>2024-08-20T02:11:19Z</time><extensions><speed>0.068587</speed><course>52.771592</course><hAcc>1.996529</hAcc><vAcc>0.978469</vAcc></extensions></trkpt>
      <trkpt lon="-117.164094" lat="32.895130"><ele>92.666177</ele><time>2024-08-20T02:11:20Z</time><extensions><speed>0.060973</speed><course>72.351013</course><hAcc>1.980454</hAcc><vAcc>0.976961</vAcc></extensions></trkpt>
      <trkpt lon="-117.164094" lat="32.895130"><ele>92.666978</ele><time>2024-08-20T02:11:21Z</time><extensions><speed>0.054938</speed><course>103.479366</course><hAcc>1.959948</hAcc><vAcc>0.974317</vAcc></extensions></trkpt>
      <trkpt lon="-117.164093" lat="32.895130"><ele>92.669499</ele><time>2024-08-20T02:11:22Z</time><extensions><speed>0.030283</speed><course>91.364577</course><hAcc>1.942932</hAcc><vAcc>0.970412</vAcc></extensions></trkpt>
      <trkpt lon="-117.164093" lat="32.895130"><ele>92.665748</ele><time>2024-08-20T02:11:23Z</time><extensions><speed>0.030707</speed><course>356.476731</course><hAcc>1.932321</hAcc><vAcc>0.965855</vAcc></extensions></trkpt>
      <trkpt lon="-117.164093" lat="32.895131"><ele>92.663510</ele><time>2024-08-20T02:11:24Z</time><extensions><speed>0.074876</speed><course>331.366234</course><hAcc>1.926677</hAcc><vAcc>0.960413</vAcc></extensions></trkpt>
      <trkpt lon="-117.164094" lat="32.895131"><ele>92.664227</ele><time>2024-08-20T02:11:25Z</time><extensions><speed>0.082760</speed><course>316.378240</course><hAcc>1.906926</hAcc><vAcc>0.954710</vAcc></extensions></trkpt>
      <trkpt lon="-117.164094" lat="32.895132"><ele>92.661846</ele><time>2024-08-20T02:11:26Z</time><extensions><speed>0.072110</speed><course>294.693080</course><hAcc>1.883676</hAcc><vAcc>0.949214</vAcc></extensions></trkpt>
      <trkpt lon="-117.164095" lat="32.895132"><ele>92.655080</ele><time>2024-08-20T02:11:27Z</time><extensions><speed>0.083268</speed><course>302.387815</course><hAcc>1.876004</hAcc><vAcc>0.943437</vAcc></extensions></trkpt>
      <trkpt lon="-117.164096" lat="32.895132"><ele>92.646838</ele><time>2024-08-20T02:11:28Z</time><extensions><speed>0.069099</speed><course>291.623771</course><hAcc>1.863725</hAcc><vAcc>0.937604</vAcc></extensions></trkpt>
      <trkpt lon="-117.164096" lat="32.895132"><ele>92.637285</ele><time>2024-08-20T02:11:29Z</time><extensions><speed>0.058613</speed><course>267.726959</course><hAcc>1.848935</hAcc><vAcc>0.931400</vAcc></extensions></trkpt>
      <trkpt lon="-117.164097" lat="32.895132"><ele>92.626774</ele><time>2024-08-20T02:11:30Z</time><extensions><speed>0.056711</speed><course>273.157266</course><hAcc>1.843768</hAcc><vAcc>0.925072</vAcc></extensions></trkpt>
      <trkpt lon="-117.164098" lat="32.895133"><ele>92.615621</ele><time>2024-08-20T02:11:31Z</time><extensions><speed>0.054892</speed><course>295.728210</course><hAcc>1.838789</hAcc><vAcc>0.918990</vAcc></extensions></trkpt>
      <trkpt lon="-117.164098" lat="32.895133"><ele>92.605399</ele><time>2024-08-20T02:11:32Z</time><extensions><speed>0.030786</speed><course>290.547435</course><hAcc>1.818819</hAcc><vAcc>0.912767</vAcc></extensions></trkpt>
      <trkpt lon="-117.164098" lat="32.895133"><ele>92.593597</ele><time>2024-08-20T02:11:33Z</time><extensions><speed>0.009652</speed><course>315.331788</course><hAcc>1.795174</hAcc><vAcc>0.907095</vAcc></extensions></trkpt>
      <trkpt lon="-117.164098" lat="32.895133"><ele>92.577555</ele><time>2024-08-20T02:11:34Z</time><extensions><speed>0.014886</speed><course>81.545039</course><hAcc>1.771301</hAcc><vAcc>0.901951</vAcc></extensions></trkpt>
      <trkpt lon="-117.164098" lat="32.895133"><ele>92.557716</ele><time>2024-08-20T02:11:35Z</time><extensions><speed>0.032821</speed><course>102.524417</course><hAcc>1.757019</hAcc><vAcc>0.897895</vAcc></extensions></trkpt>
      <trkpt lon="-117.164098" lat="32.895133"><ele>92.550253</ele><time>2024-08-20T02:11:36Z</time><extensions><speed>0.036703</speed><course>41.483576</course><hAcc>1.760594</hAcc><vAcc>0.894194</vAcc></extensions></trkpt>
      <trkpt lon="-117.164097" lat="32.895133"><ele>92.539973</ele><time>2024-08-20T02:11:37Z</time><extensions><speed>0.050631</speed><course>20.821630</course><hAcc>1.737865</hAcc><vAcc>0.890322</vAcc></extensions></trkpt>
      <trkpt lon="-117.164097" lat="32.895134"><ele>92.528159</ele><time>2024-08-20T02:11:38Z</time><extensions><speed>0.063969</speed><course>6.178344</course><hAcc>1.720167</hAcc><vAcc>0.886556</vAcc></extensions></trkpt>
      <trkpt lon="-117.164097" lat="32.895135"><ele>92.499857</ele><time>2024-08-20T02:11:39Z</time><extensions><speed>0.078944</speed><course>356.066019</course><hAcc>1.712789</hAcc><vAcc>0.883741</vAcc></extensions></trkpt>
      <trkpt lon="-117.164098" lat="32.895135"><ele>92.457048</ele><time>2024-08-20T02:11:40Z</time><extensions><speed>0.096924</speed><course>348.589428</course><hAcc>1.713222</hAcc><vAcc>0.881386</vAcc></extensions></trkpt>
      <trkpt lon="-117.164098" lat="32.895136"><ele>92.411352</ele><time>2024-08-20T02:11:41Z</time><extensions><speed>0.116825</speed><course>342.485407</course><hAcc>1.716223</hAcc><vAcc>0.879802</vAcc></extensions></trkpt>
      <trkpt lon="-117.164098" lat="32.895138"><ele>92.351283</ele><time>2024-08-20T02:11:42Z</time><extensions><speed>0.127912</speed><course>335.138658</course><hAcc>1.724133</hAcc><vAcc>0.878686</vAcc></extensions></trkpt>
      <trkpt lon="-117.164099" lat="32.895139"><ele>92.284837</ele><time>2024-08-20T02:11:43Z</time><extensions><speed>0.144190</speed><course>328.953513</course><hAcc>1.745876</hAcc><vAcc>0.877591</vAcc></extensions></trkpt>
      <trkpt lon="-117.164100" lat="32.895140"><ele>92.209707</ele><time>2024-08-20T02:11:44Z</time><extensions><speed>0.174672</speed><course>324.387119</course><hAcc>1.748275</hAcc><vAcc>0.876521</vAcc></extensions></trkpt>
      <trkpt lon="-117.164101" lat="32.895141"><ele>92.135842</ele><time>2024-08-20T02:11:45Z</time><extensions><speed>0.229478</speed><course>325.493968</course><hAcc>1.749948</hAcc><vAcc>0.875391</vAcc></extensions></trkpt>
      <trkpt lon="-117.164103" lat="32.895143"><ele>92.052448</ele><time>2024-08-20T02:11:46Z</time><extensions><speed>0.289299</speed><course>327.621958</course><hAcc>1.745731</hAcc><vAcc>0.873950</vAcc></extensions></trkpt>
      <trkpt lon="-117.164105" lat="32.895146"><ele>91.957291</ele><time>2024-08-20T02:11:47Z</time><extensions><speed>0.399113</speed><course>334.422260</course><hAcc>1.748109</hAcc><vAcc>0.871446</vAcc></extensions></trkpt>
      <trkpt lon="-117.164106" lat="32.895150"><ele>91.857850</ele><time>2024-08-20T02:11:48Z</time><extensions><speed>0.516364</speed><course>338.898360</course><hAcc>1.746974</hAcc><vAcc>0.868215</vAcc></extensions></trkpt>
      <trkpt lon="-117.164109" lat="32.895155"><ele>91.754731</ele><time>2024-08-20T02:11:49Z</time><extensions><speed>0.644875</speed><course>340.904635</course><hAcc>1.736135</hAcc><vAcc>0.864746</vAcc></extensions></trkpt>
      <trkpt lon="-117.164111" lat="32.895161"><ele>91.651295</ele><time>2024-08-20T02:11:50Z</time><extensions><speed>0.793676</speed><course>342.076064</course><hAcc>1.712586</hAcc><vAcc>0.860419</vAcc></extensions></trkpt>
      <trkpt lon="-117.164114" lat="32.895169"><ele>91.548005</ele><time>2024-08-20T02:11:51Z</time><extensions><speed>0.959829</speed><course>343.496810</course><hAcc>1.682442</hAcc><vAcc>0.855204</vAcc></extensions></trkpt>
      <trkpt lon="-117.164116" lat="32.895177"><ele>91.444464</ele><time>2024-08-20T02:11:52Z</time><extensions><speed>0.881509</speed><course>346.049281</course><hAcc>1.685206</hAcc><vAcc>0.849388</vAcc></extensions></trkpt>
      <trkpt lon="-117.164118" lat="32.895184"><ele>91.343506</ele><time>2024-08-20T02:11:53Z</time><extensions><speed>0.849323</speed><course>350.557828</course><hAcc>1.674340</hAcc><vAcc>0.842955</vAcc></extensions></trkpt>
      <trkpt lon="-117.164119" lat="32.895192"><ele>91.234796</ele><time>2024-08-20T02:11:54Z</time><extensions><speed>0.845469</speed><course>357.064665</course><hAcc>1.652779</hAcc><vAcc>0.836125</vAcc></extensions></trkpt>
      <trkpt lon="-117.164119" lat="32.895199"><ele>91.136817</ele><time>2024-08-20T02:11:55Z</time><extensions><speed>0.837634</speed><course>5.803397</course><hAcc>1.633614</hAcc><vAcc>0.828974</vAcc></extensions></trkpt>
      <trkpt lon="-117.164117" lat="32.895207"><ele>91.039235</ele><time>2024-08-20T02:11:56Z</time><extensions><speed>0.821993</speed><course>16.442389</course><hAcc>1.621294</hAcc><vAcc>0.821278</vAcc></extensions></trkpt>
      <trkpt lon="-117.164114" lat="32.895214"><ele>90.957753</ele><time>2024-08-20T02:11:57Z</time><extensions><speed>0.842847</speed><course>28.434874</course><hAcc>1.602945</hAcc><vAcc>0.813430</vAcc></extensions></trkpt>
      <trkpt lon="-117.164109" lat="32.895220"><ele>90.886070</ele><time>2024-08-20T02:11:58Z</time><extensions><speed>0.897416</speed><course>40.557745</course><hAcc>1.577350</hAcc><vAcc>0.805661</vAcc></extensions></trkpt>
      <trkpt lon="-117.164102" lat="32.895226"><ele>90.821069</ele><time>2024-08-20T02:11:59Z</time><extensions><speed>0.939234</speed><course>51.398267</course><hAcc>1.551991</hAcc><vAcc>0.798206</vAcc></extensions></trkpt>
      <trkpt lon="-117.164093" lat="32.895231"><ele>90.756457</ele><time>2024-08-20T02:12:00Z</time><extensions><speed>0.978256</speed><course>61.141492</course><hAcc>1.520252</hAcc><vAcc>0.791267</vAcc></extensions></trkpt>
      <trkpt lon="-117.164083" lat="32.895234"><ele>90.702236</ele><time>2024-08-20T02:12:01Z</time><extensions><speed>1.028319</speed><course>70.042100</course><hAcc>1.477195</hAcc><vAcc>0.785019</vAcc></extensions></trkpt>
      <trkpt lon="-117.164072" lat="32.895237"><ele>90.663021</ele><time>2024-08-20T02:12:02Z</time><extensions><speed>1.124190</speed><course>78.708966</course><hAcc>1.435282</hAcc><vAcc>0.779605</vAcc></extensions></trkpt>
      <trkpt lon="-117.164060" lat="32.895238"><ele>90.626237</ele><time>2024-08-20T02:12:03Z</time><extensions><speed>1.261034</speed><course>85.430197</course><hAcc>1.424622</hAcc><vAcc>0.775007</vAcc></extensions></trkpt>
      <trkpt lon="-117.164047" lat="32.895239"><ele>90.599815</ele><time>2024-08-20T02:12:04Z</time><extensions><speed>1.199712</speed><course>83.735320</course><hAcc>1.417729</hAcc><vAcc>0.771187</vAcc></extensions></trkpt>
      <trkpt lon="-117.164035" lat="32.895241"><ele>90.574070</ele><time>2024-08-20T02:12:05Z</time><extensions><speed>0.951813</speed><course>83.186684</course><hAcc>1.400426</hAcc><vAcc>0.768039</vAcc></extensions></trkpt>
      <trkpt lon="-117.164026" lat="32.895242"><ele>90.549786</ele><time>2024-08-20T02:12:06Z</time><extensions><speed>0.753405</speed><course>82.089628</course><hAcc>1.358606</hAcc><vAcc>0.765463</vAcc></extensions></trkpt>
      <trkpt lon="-117.164019" lat="32.895243"><ele>90.526543</ele><time>2024-08-20T02:12:07Z</time><extensions><speed>0.616039</speed><course>77.785159</course><hAcc>1.359493</hAcc><vAcc>0.763386</vAcc></extensions></trkpt>
      <trkpt lon="-117.164015" lat="32.895245"><ele>90.501424</ele><time>2024-08-20T02:12:08Z</time><extensions><speed>0.460810</speed><course>32.850050</course><hAcc>1.351996</hAcc><vAcc>0.761745</vAcc></extensions></trkpt>
      <trkpt lon="-117.164014" lat="32.895250"><ele>90.474598</ele><time>2024-08-20T02:12:09Z</time><extensions><speed>0.713280</speed><course>350.960534</course><hAcc>1.315702</hAcc><vAcc>0.760472</vAcc></extensions></trkpt>
      <trkpt lon="-117.164017" lat="32.895257"><ele>90.439731</ele><time>2024-08-20T02:12:10Z</time><extensions><speed>1.075245</speed><course>335.597478</course><hAcc>1.297776</hAcc><vAcc>0.759504</vAcc></extensions></trkpt>
      <trkpt lon="-117.164022" lat="32.895266"><ele>90.398115</ele><time>2024-08-20T02:12:11Z</time><extensions><speed>1.182624</speed><course>328.208893</course><hAcc>1.299895</hAcc><vAcc>0.758779</vAcc></extensions></trkpt>
      <trkpt lon="-117.164030" lat="32.895276"><ele>90.344585</ele><time>2024-08-20T02:12:12Z</time><extensions><speed>1.259678</speed><course>324.090724</course><hAcc>1.275094</hAcc><vAcc>0.758240</vAcc></extensions></trkpt>
      <trkpt lon="-117.164038" lat="32.895285"><ele>90.273984</ele><time>2024-08-20T02:12:13Z</time><extensions><speed>1.233096</speed><course>322.671415</course><hAcc>1.255406</hAcc><vAcc>0.757842</vAcc></extensions></trkpt>
      <trkpt lon="-117.164046" lat="32.895293"><ele>90.182617</ele><time>2024-08-20T02:12:14Z</time><extensions><speed>1.155514</speed><course>320.075879</course><hAcc>1.265196</hAcc><vAcc>0.757549</vAcc></extensions></trkpt>
      <trkpt lon="-117.164054" lat="32.895301"><ele>90.086050</ele><time>2024-08-20T02:12:15Z</time><extensions><speed>1.148186</speed><course>319.017036</course><hAcc>1.243422</hAcc><vAcc>0.757335</vAcc></extensions></trkpt>
      <trkpt lon="-117.164062" lat="32.895308"><ele>89.974877</ele><time>2024-08-20T02:12:16Z</time><extensions><speed>1.113042</speed><course>317.415932</course><hAcc>1.243777</hAcc><vAcc>0.757201</vAcc></extensions></trkpt>
      <trkpt lon="-117.164070" lat="32.895316"><ele>89.850950</ele><time>2024-08-20T02:12:17Z</time><extensions><speed>1.103967</speed><course>317.435954</course><hAcc>1.252922</hAcc><vAcc>0.757286</vAcc></extensions></trkpt>
      <trkpt lon="-117.164077" lat="32.895323"><ele>89.715280</ele><time>2024-08-20T02:12:18Z</time><extensions><speed>1.076018</speed><course>320.371246</course><hAcc>1.259686</hAcc><vAcc>0.757303</vAcc></extensions></trkpt>
      <trkpt lon="-117.164084" lat="32.895331"><ele>89.569736</ele><time>2024-08-20T02:12:19Z</time><extensions><speed>1.053475</speed><course>323.339682</course><hAcc>1.263507</hAcc><vAcc>0.757360</vAcc></extensions></trkpt>
      <trkpt lon="-117.164091" lat="32.895339"><ele>89.415750</ele><time>2024-08-20T02:12:20Z</time><extensions><speed>1.062506</speed><course>323.279153</course><hAcc>1.265065</hAcc><vAcc>0.757530</vAcc></extensions></trkpt>
      <trkpt lon="-117.164098" lat="32.895346"><ele>89.257030</ele><time>2024-08-20T02:12:21Z</time><extensions><speed>1.101735</speed><course>324.979177</course><hAcc>1.266379</hAcc><vAcc>0.758057</vAcc></extensions></trkpt>
      <trkpt lon="-117.164105" lat="32.895355"><ele>89.100690</ele><time>2024-08-20T02:12:22Z</time><extensions><speed>1.105542</speed><course>326.245020</course><hAcc>1.262878</hAcc><vAcc>0.758594</vAcc></extensions></trkpt>
      <trkpt lon="-117.164111" lat="32.895363"><ele>88.942380</ele><time>2024-08-20T02:12:23Z</time><extensions><speed>1.129320</speed><course>327.425388</course><hAcc>1.252586</hAcc><vAcc>0.759071</vAcc></extensions></trkpt>
      <trkpt lon="-117.164117" lat="32.895372"><ele>88.772851</ele><time>2024-08-20T02:12:24Z</time><extensions><speed>1.110817</speed><course>329.941063</course><hAcc>1.240615</hAcc><vAcc>0.759598</vAcc></extensions></trkpt>
      <trkpt lon="-117.164123" lat="32.895380"><ele>88.587132</ele><time>2024-08-20T02:12:25Z</time><extensions><speed>1.092395</speed><course>332.886670</course><hAcc>1.237791</hAcc><vAcc>0.760217</vAcc></extensions></trkpt>
      <trkpt lon="-117.164128" lat="32.895389"><ele>88.395795</ele><time>2024-08-20T02:12:26Z</time><extensions><speed>1.020392</speed><course>336.510272</course><hAcc>1.230360</hAcc><vAcc>0.761290</vAcc></extensions></trkpt>
      <trkpt lon="-117.164132" lat="32.895397"><ele>88.200364</ele><time>2024-08-20T02:12:27Z</time><extensions><speed>0.963543</speed><course>340.854929</course><hAcc>1.236416</hAcc><vAcc>0.762681</vAcc></extensions></trkpt>
      <trkpt lon="-117.164135" lat="32.895407"><ele>87.999595</ele><time>2024-08-20T02:12:28Z</time><extensions><speed>1.190151</speed><course>342.595189</course><hAcc>1.209145</hAcc><vAcc>0.764590</vAcc></extensions></trkpt>
      <trkpt lon="-117.164139" lat="32.895417"><ele>87.796404</ele><time>2024-08-20T02:12:29Z</time><extensions><speed>1.301885</speed><course>340.370185</course><hAcc>1.202561</hAcc><vAcc>0.767395</vAcc></extensions></trkpt>
      <trkpt lon="-117.164144" lat="32.895428"><ele>87.595145</ele><time>2024-08-20T02:12:30Z</time><extensions><speed>1.205054</speed><course>338.543603</course><hAcc>1.219729</hAcc><vAcc>0.770518</vAcc></extensions></trkpt>
      <trkpt lon="-117.164149" lat="32.895438"><ele>87.404938</ele><time>2024-08-20T02:12:31Z</time><extensions><speed>1.129580</speed><course>335.370138</course><hAcc>1.242605</hAcc><vAcc>0.773760</vAcc></extensions></trkpt>
      <trkpt lon="-117.164154" lat="32.895447"><ele>87.219275</ele><time>2024-08-20T02:12:32Z</time><extensions><speed>1.094815</speed><course>339.462530</course><hAcc>1.233609</hAcc><vAcc>0.777319</vAcc></extensions></trkpt>
      <trkpt lon="-117.164157" lat="32.895456"><ele>87.020884</ele><time>2024-08-20T02:12:33Z</time><extensions><speed>1.081095</speed><course>343.471068</course><hAcc>1.250713</hAcc><vAcc>0.780840</vAcc></extensions></trkpt>
      <trkpt lon="-117.164161" lat="32.895466"><ele>86.813241</ele><time>2024-08-20T02:12:34Z</time><extensions><speed>1.156219</speed><course>341.857972</course><hAcc>1.261462</hAcc><vAcc>0.785040</vAcc></extensions></trkpt>
      <trkpt lon="-117.164165" lat="32.895476"><ele>86.598872</ele><time>2024-08-20T02:12:35Z</time><extensions><speed>1.232043</speed><course>338.751009</course><hAcc>1.278734</hAcc><vAcc>0.789721</vAcc></extensions></trkpt>
      <trkpt lon="-117.164170" lat="32.895486"><ele>86.381042</ele><time>2024-08-20T02:12:36Z</time><extensions><speed>1.227456</speed><course>335.163576</course><hAcc>1.300386</hAcc><vAcc>0.795121</vAcc></extensions></trkpt>
      <trkpt lon="-117.164176" lat="32.895496"><ele>86.166656</ele><time>2024-08-20T02:12:37Z</time><extensions><speed>1.234029</speed><course>333.244564</course><hAcc>1.285688</hAcc><vAcc>0.800406</vAcc></extensions></trkpt>
      <trkpt lon="-117.164182" lat="32.895506"><ele>85.959644</ele><time>2024-08-20T02:12:38Z</time><extensions><speed>1.180789</speed><course>335.591440</course><hAcc>1.289008</hAcc><vAcc>0.805561</vAcc></extensions></trkpt>
      <trkpt lon="-117.164186" lat="32.895515"><ele>85.784930</ele><time>2024-08-20T02:12:39Z</time><extensions><speed>1.086659</speed><course>338.202909</course><hAcc>1.323962</hAcc><vAcc>0.809601</vAcc></extensions></trkpt>
      <trkpt lon="-117.164190" lat="32.895524"><ele>85.619870</ele><time>2024-08-20T02:12:40Z</time><extensions><speed>1.059776</speed><course>342.184257</course><hAcc>1.292076</hAcc><vAcc>0.813258</vAcc></extensions></trkpt>
      <trkpt lon="-117.164193" lat="32.895534"><ele>85.453544</ele><time>2024-08-20T02:12:41Z</time><extensions><speed>1.100133</speed><course>344.755475</course><hAcc>1.285550</hAcc><vAcc>0.817217</vAcc></extensions></trkpt>
      <trkpt lon="-117.164196" lat="32.895543"><ele>85.291670</ele><time>2024-08-20T02:12:42Z</time><extensions><speed>1.058075</speed><course>348.753603</course><hAcc>1.290208</hAcc><vAcc>0.820725</vAcc></extensions></trkpt>
      <trkpt lon="-117.164198" lat="32.895552"><ele>85.128889</ele><time>2024-08-20T02:12:43Z</time><extensions><speed>1.017912</speed><course>349.936302</course><hAcc>1.285240</hAcc><vAcc>0.824276</vAcc></extensions></trkpt>
      <trkpt lon="-117.164200" lat="32.895562"><ele>84.964102</ele><time>2024-08-20T02:12:44Z</time><extensions><speed>1.121715</speed><course>349.297759</course><hAcc>1.276029</hAcc><vAcc>0.827200</vAcc></extensions></trkpt>
      <trkpt lon="-117.164203" lat="32.895572"><ele>84.812679</ele><time>2024-08-20T02:12:45Z</time><extensions><speed>1.259214</speed><course>349.313818</course><hAcc>1.286676</hAcc><vAcc>0.829570</vAcc></extensions></trkpt>
      <trkpt lon="-117.164205" lat="32.895583"><ele>84.677884</ele><time>2024-08-20T02:12:46Z</time><extensions><speed>1.147914</speed><course>348.383122</course><hAcc>1.320710</hAcc><vAcc>0.832417</vAcc></extensions></trkpt>
      <trkpt lon="-117.164208" lat="32.895592"><ele>84.550327</ele><time>2024-08-20T02:12:47Z</time><extensions><speed>1.025878</speed><course>343.080828</course><hAcc>1.297894</hAcc><vAcc>0.833832</vAcc></extensions></trkpt>
      <trkpt lon="-117.164212" lat="32.895600"><ele>84.420799</ele><time>2024-08-20T02:12:48Z</time><extensions><speed>0.837793</speed><course>329.018967</course><hAcc>1.296781</hAcc><vAcc>0.835112</vAcc></extensions></trkpt>
      <trkpt lon="-117.164218" lat="32.895605"><ele>84.287113</ele><time>2024-08-20T02:12:49Z</time><extensions><speed>0.748431</speed><course>296.803230</course><hAcc>1.287235</hAcc><vAcc>0.835603</vAcc></extensions></trkpt>
      <trkpt lon="-117.164227" lat="32.895607"><ele>84.158614</ele><time>2024-08-20T02:12:50Z</time><extensions><speed>0.950307</speed><course>279.650905</course><hAcc>1.308787</hAcc><vAcc>0.835899</vAcc></extensions></trkpt>
      <trkpt lon="-117.164237" lat="32.895608"><ele>84.027079</ele><time>2024-08-20T02:12:51Z</time><extensions><speed>1.070835</speed><course>269.629476</course><hAcc>1.342952</hAcc><vAcc>0.835809</vAcc></extensions></trkpt>
      <trkpt lon="-117.164250" lat="32.895607"><ele>83.888292</ele><time>2024-08-20T02:12:52Z</time><extensions><speed>1.238478</speed><course>260.703336</course><hAcc>1.323966</hAcc><vAcc>0.835426</vAcc></extensions></trkpt>
      <trkpt lon="-117.164263" lat="32.895604"><ele>83.737967</ele><time>2024-08-20T02:12:53Z</time><extensions><speed>1.290383</speed><course>255.080998</course><hAcc>1.297040</hAcc><vAcc>0.835178</vAcc></extensions></trkpt>
      <trkpt lon="-117.164276" lat="32.895601"><ele>83.586707</ele><time>2024-08-20T02:12:54Z</time><extensions><speed>1.321999</speed><course>253.920844</course><hAcc>1.277069</hAcc><vAcc>0.835531</vAcc></extensions></trkpt>
      <trkpt lon="-117.164290" lat="32.895598"><ele>83.432435</ele><time>2024-08-20T02:12:55Z</time><extensions><speed>1.372912</speed><course>257.040976</course><hAcc>1.274491</hAcc><vAcc>0.836278</vAcc></extensions></trkpt>
      <trkpt lon="-117.164304" lat="32.895597"><ele>83.276623</ele><time>2024-08-20T02:12:56Z</time><extensions><speed>1.166113</speed><course>266.314522</course><hAcc>1.293773</hAcc><vAcc>0.838104</vAcc></extensions></trkpt>
      <trkpt lon="-117.164316" lat="32.895597"><ele>83.113632</ele><time>2024-08-20T02:12:57Z</time><extensions><speed>1.150073</speed><course>276.088445</course><hAcc>1.260819</hAcc><vAcc>0.840641</vAcc></extensions></trkpt>
      <trkpt lon="-117.164328" lat="32.895599"><ele>82.939077</ele><time>2024-08-20T02:12:58Z</time><extensions><speed>1.224459</speed><course>282.181211</course><hAcc>1.262895</hAcc><vAcc>0.844138</vAcc></extensions></trkpt>
      <trkpt lon="-117.164341" lat="32.895602"><ele>82.749524</ele><time>2024-08-20T02:12:59Z</time><extensions><speed>1.284331</speed><course>288.462532</course><hAcc>1.262087</hAcc><vAcc>0.848369</vAcc></extensions></trkpt>
      <trkpt lon="-117.164354" lat="32.895606"><ele>82.552790</ele><time>2024-08-20T02:13:00Z</time><extensions><speed>1.298136</speed><course>293.876350</course><hAcc>1.276064</hAcc><vAcc>0.852769</vAcc></extensions></trkpt>
      <trkpt lon="-117.164367" lat="32.895611"><ele>82.348148</ele><time>2024-08-20T02:13:01Z</time><extensions><speed>1.309893</speed><course>297.738244</course><hAcc>1.288590</hAcc><vAcc>0.858257</vAcc></extensions></trkpt>
      <trkpt lon="-117.164379" lat="32.895616"><ele>82.154084</ele><time>2024-08-20T02:13:02Z</time><extensions><speed>1.285912</speed><course>297.580074</course><hAcc>1.293963</hAcc><vAcc>0.864141</vAcc></extensions></trkpt>
      <trkpt lon="-117.164391" lat="32.895622"><ele>81.950464</ele><time>2024-08-20T02:13:03Z</time><extensions><speed>1.284330</speed><course>296.843922</course><hAcc>1.304506</hAcc><vAcc>0.870554</vAcc></extensions></trkpt>
      <trkpt lon="-117.164403" lat="32.895627"><ele>81.741579</ele><time>2024-08-20T02:13:04Z</time><extensions><speed>1.192040</speed><course>297.626540</course><hAcc>1.338626</hAcc><vAcc>0.877818</vAcc></extensions></trkpt>
      <trkpt lon="-117.164414" lat="32.895632"><ele>81.543458</ele><time>2024-08-20T02:13:05Z</time><extensions><speed>1.213417</speed><course>305.245206</course><hAcc>1.333059</hAcc><vAcc>0.884811</vAcc></extensions></trkpt>
      <trkpt lon="-117.164424" lat="32.895639"><ele>81.341098</ele><time>2024-08-20T02:13:06Z</time><extensions><speed>1.268346</speed><course>312.476976</course><hAcc>1.339029</hAcc><vAcc>0.890484</vAcc></extensions></trkpt>
      <trkpt lon="-117.164434" lat="32.895648"><ele>81.143097</ele><time>2024-08-20T02:13:07Z</time><extensions><speed>1.304731</speed><course>319.018413</course><hAcc>1.350524</hAcc><vAcc>0.895526</vAcc></extensions></trkpt>
      <trkpt lon="-117.164443" lat="32.895657"><ele>80.950356</ele><time>2024-08-20T02:13:08Z</time><extensions><speed>1.306879</speed><course>321.238102</course><hAcc>1.363693</hAcc><vAcc>0.902114</vAcc></extensions></trkpt>
      <trkpt lon="-117.164451" lat="32.895665"><ele>80.749722</ele><time>2024-08-20T02:13:09Z</time><extensions><speed>1.193195</speed><course>322.592941</course><hAcc>1.372272</hAcc><vAcc>0.908324</vAcc></extensions></trkpt>
      <trkpt lon="-117.164459" lat="32.895674"><ele>80.555286</ele><time>2024-08-20T02:13:10Z</time><extensions><speed>1.101093</speed><course>320.410206</course><hAcc>1.384394</hAcc><vAcc>0.914081</vAcc></extensions></trkpt>
      <trkpt lon="-117.164466" lat="32.895681"><ele>80.376022</ele><time>2024-08-20T02:13:11Z</time><extensions><speed>0.999757</speed><course>314.727505</course><hAcc>1.395453</hAcc><vAcc>0.920381</vAcc></extensions></trkpt>
      <trkpt lon="-117.164475" lat="32.895686"><ele>80.198269</ele><time>2024-08-20T02:13:12Z</time><extensions><speed>0.996067</speed><course>300.316298</course><hAcc>1.386736</hAcc><vAcc>0.925545</vAcc></extensions></trkpt>
      <trkpt lon="-117.164485" lat="32.895690"><ele>80.023680</ele><time>2024-08-20T02:13:13Z</time><extensions><speed>1.073596</speed><course>288.708005</course><hAcc>1.374729</hAcc><vAcc>0.929632</vAcc></extensions></trkpt>
      <trkpt lon="-117.164496" lat="32.895692"><ele>79.855462</ele><time>2024-08-20T02:13:14Z</time><extensions><speed>1.132712</speed><course>280.315068</course><hAcc>1.377243</hAcc><vAcc>0.932674</vAcc></extensions></trkpt>
      <trkpt lon="-117.164509" lat="32.895694"><ele>79.683440</ele><time>2024-08-20T02:13:15Z</time><extensions><speed>1.195999</speed><course>277.096963</course><hAcc>1.399677</hAcc><vAcc>0.935478</vAcc></extensions></trkpt>
      <trkpt lon="-117.164522" lat="32.895695"><ele>79.514748</ele><time>2024-08-20T02:13:16Z</time><extensions><speed>1.371483</speed><course>272.506947</course><hAcc>1.362277</hAcc><vAcc>0.937135</vAcc></extensions></trkpt>
      <trkpt lon="-117.164537" lat="32.895695"><ele>79.339337</ele><time>2024-08-20T02:13:17Z</time><extensions><speed>1.396855</speed><course>272.281509</course><hAcc>1.356818</hAcc><vAcc>0.937939</vAcc></extensions></trkpt>
      <trkpt lon="-117.164551" lat="32.895696"><ele>79.171250</ele><time>2024-08-20T02:13:18Z</time><extensions><speed>1.211792</speed><course>276.181511</course><hAcc>1.389772</hAcc><vAcc>0.939224</vAcc></extensions></trkpt>
      <trkpt lon="-117.164564" lat="32.895699"><ele>79.008860</ele><time>2024-08-20T02:13:19Z</time><extensions><speed>1.173802</speed><course>288.679232</course><hAcc>1.384552</hAcc><vAcc>0.938856</vAcc></extensions></trkpt>
      <trkpt lon="-117.164576" lat="32.895703"><ele>78.844347</ele><time>2024-08-20T02:13:20Z</time><extensions><speed>1.257710</speed><course>296.608168</course><hAcc>1.396124</hAcc><vAcc>0.938384</vAcc></extensions></trkpt>
      <trkpt lon="-117.164587" lat="32.895708"><ele>78.669330</ele><time>2024-08-20T02:13:21Z</time><extensions><speed>1.210409</speed><course>299.989886</course><hAcc>1.404305</hAcc><vAcc>0.934527</vAcc></extensions></trkpt>
      <trkpt lon="-117.164598" lat="32.895714"><ele>78.482779</ele><time>2024-08-20T02:13:22Z</time><extensions><speed>1.197459</speed><course>300.814145</course><hAcc>1.398885</hAcc><vAcc>0.929160</vAcc></extensions></trkpt>
      <trkpt lon="-117.164609" lat="32.895719"><ele>78.298067</ele><time>2024-08-20T02:13:23Z</time><extensions><speed>1.249282</speed><course>299.724690</course><hAcc>1.412676</hAcc><vAcc>0.923117</vAcc></extensions></trkpt>
      <trkpt lon="-117.164621" lat="32.895725"><ele>78.125695</ele><time>2024-08-20T02:13:24Z</time><extensions><speed>1.291247</speed><course>298.215194</course><hAcc>1.429817</hAcc><vAcc>0.917865</vAcc></extensions></trkpt>
      <trkpt lon="-117.164633" lat="32.895730"><ele>77.950058</ele><time>2024-08-20T02:13:25Z</time><extensions><speed>1.262416</speed><course>299.692002</course><hAcc>1.438783</hAcc><vAcc>0.912646</vAcc></extensions></trkpt>
      <trkpt lon="-117.164645" lat="32.895736"><ele>77.770968</ele><time>2024-08-20T02:13:26Z</time><extensions><speed>1.204231</speed><course>302.484790</course><hAcc>1.442631</hAcc><vAcc>0.907851</vAcc></extensions></trkpt>
      <trkpt lon="-117.164655" lat="32.895742"><ele>77.595588</ele><time>2024-08-20T02:13:27Z</time><extensions><speed>1.161189</speed><course>307.134810</course><hAcc>1.444190</hAcc><vAcc>0.903782</vAcc></extensions></trkpt>
      <trkpt lon="-117.164665" lat="32.895749"><ele>77.417061</ele><time>2024-08-20T02:13:28Z</time><extensions><speed>1.195810</speed><course>309.414580</course><hAcc>1.449832</hAcc><vAcc>0.901057</vAcc></extensions></trkpt>
      <trkpt lon="-117.164675" lat="32.895756"><ele>77.224427</ele><time>2024-08-20T02:13:29Z</time><extensions><speed>1.209903</speed><course>312.346991</course><hAcc>1.449143</hAcc><vAcc>0.899944</vAcc></extensions></trkpt>
      <trkpt lon="-117.164684" lat="32.895764"><ele>77.047593</ele><time>2024-08-20T02:13:30Z</time><extensions><speed>1.284945</speed><course>314.815682</course><hAcc>1.448904</hAcc><vAcc>0.900153</vAcc></extensions></trkpt>
      <trkpt lon="-117.164694" lat="32.895772"><ele>76.865364</ele><time>2024-08-20T02:13:31Z</time><extensions><speed>1.325014</speed><course>317.588590</course><hAcc>1.434311</hAcc><vAcc>0.901553</vAcc></extensions></trkpt>
      <trkpt lon="-117.164703" lat="32.895781"><ele>76.681125</ele><time>2024-08-20T02:13:32Z</time><extensions><speed>1.313462</speed><course>319.469832</course><hAcc>1.421352</hAcc><vAcc>0.904931</vAcc></extensions></trkpt>
      <trkpt lon="-117.164713" lat="32.895790"><ele>76.504184</ele><time>2024-08-20T02:13:33Z</time><extensions><speed>1.268456</speed><course>317.573714</course><hAcc>1.434039</hAcc><vAcc>0.910591</vAcc></extensions></trkpt>
      <trkpt lon="-117.164722" lat="32.895797"><ele>76.332086</ele><time>2024-08-20T02:13:34Z</time><extensions><speed>1.140670</speed><course>313.251135</course><hAcc>1.472339</hAcc><vAcc>0.918051</vAcc></extensions></trkpt>
      <trkpt lon="-117.164731" lat="32.895804"><ele>76.178249</ele><time>2024-08-20T02:13:35Z</time><extensions><speed>1.068452</speed><course>307.728354</course><hAcc>1.450951</hAcc><vAcc>0.926422</vAcc></extensions></trkpt>
      <trkpt lon="-117.164740" lat="32.895809"><ele>76.039813</ele><time>2024-08-20T02:13:36Z</time><extensions><speed>1.080298</speed><course>301.715452</course><hAcc>1.455118</hAcc><vAcc>0.936853</vAcc></extensions></trkpt>
      <trkpt lon="-117.164751" lat="32.895813"><ele>75.937579</ele><time>2024-08-20T02:13:37Z</time><extensions><speed>1.115421</speed><course>294.460644</course><hAcc>1.481071</hAcc><vAcc>0.948439</vAcc></extensions></trkpt>
      <trkpt lon="-117.164762" lat="32.895817"><ele>75.831111</ele><time>2024-08-20T02:13:38Z</time><extensions><speed>1.074145</speed><course>283.839330</course><hAcc>1.503150</hAcc><vAcc>0.960515</vAcc></extensions></trkpt>
      <trkpt lon="-117.164773" lat="32.895817"><ele>75.747300</ele><time>2024-08-20T02:13:39Z</time><extensions><speed>1.109611</speed><course>268.178133</course><hAcc>1.526310</hAcc><vAcc>0.971799</vAcc></extensions></trkpt>
      <trkpt lon="-117.164786" lat="32.895816"><ele>75.660948</ele><time>2024-08-20T02:13:40Z</time><extensions><speed>1.193086</speed><course>253.880519</course><hAcc>1.556523</hAcc><vAcc>0.983058</vAcc></extensions></trkpt>
      <trkpt lon="-117.164798" lat="32.895812"><ele>75.564088</ele><time>2024-08-20T02:13:41Z</time><extensions><speed>1.270618</speed><course>248.069175</course><hAcc>1.570590</hAcc><vAcc>0.991597</vAcc></extensions></trkpt>
      <trkpt lon="-117.164811" lat="32.895808"><ele>75.472152</ele><time>2024-08-20T02:13:42Z</time><extensions><speed>1.188602</speed><course>245.744746</course><hAcc>1.564288</hAcc><vAcc>0.999496</vAcc></extensions></trkpt>
      <trkpt lon="-117.164823" lat="32.895803"><ele>75.372645</ele><time>2024-08-20T02:13:43Z</time><extensions><speed>1.262317</speed><course>243.717444</course><hAcc>1.547793</hAcc><vAcc>1.006785</vAcc></extensions></trkpt>
      <trkpt lon="-117.164835" lat="32.895798"><ele>75.279286</ele><time>2024-08-20T02:13:44Z</time><extensions><speed>1.336254</speed><course>242.343437</course><hAcc>1.559351</hAcc><vAcc>1.012493</vAcc></extensions></trkpt>
      <trkpt lon="-117.164849" lat="32.895792"><ele>75.185792</ele><time>2024-08-20T02:13:45Z</time><extensions><speed>1.434026</speed><course>240.514869</course><hAcc>1.571002</hAcc><vAcc>1.016335</vAcc></extensions></trkpt>
      <trkpt lon="-117.164862" lat="32.895785"><ele>75.087924</ele><time>2024-08-20T02:13:46Z</time><extensions><speed>1.449124</speed><course>238.101482</course><hAcc>1.579984</hAcc><vAcc>1.019774</vAcc></extensions></trkpt>
      <trkpt lon="-117.164874" lat="32.895779"><ele>75.013569</ele><time>2024-08-20T02:13:47Z</time><extensions><speed>1.301184</speed><course>235.581457</course><hAcc>1.602162</hAcc><vAcc>1.021723</vAcc></extensions></trkpt>
      <trkpt lon="-117.164887" lat="32.895772"><ele>74.915634</ele><time>2024-08-20T02:13:48Z</time><extensions><speed>1.388981</speed><course>241.759023</course><hAcc>1.586670</hAcc><vAcc>1.022614</vAcc></extensions></trkpt>
      <trkpt lon="-117.164900" lat="32.895767"><ele>74.825527</ele><time>2024-08-20T02:13:49Z</time><extensions><speed>1.361240</speed><course>246.954448</course><hAcc>1.593648</hAcc><vAcc>1.023565</vAcc></extensions></trkpt>
      <trkpt lon="-117.164914" lat="32.895763"><ele>74.732081</ele><time>2024-08-20T02:13:50Z</time><extensions><speed>1.327832</speed><course>257.798645</course><hAcc>1.607021</hAcc><vAcc>1.024864</vAcc></extensions></trkpt>
      <trkpt lon="-117.164928" lat="32.895762"><ele>74.646367</ele><time>2024-08-20T02:13:51Z</time><extensions><speed>1.275014</speed><course>271.213158</course><hAcc>1.629944</hAcc><vAcc>1.026768</vAcc></extensions></trkpt>
      <trkpt lon="-117.164942" lat="32.895763"><ele>74.578058</ele><time>2024-08-20T02:13:52Z</time><extensions><speed>1.300274</speed><course>280.195958</course><hAcc>1.664171</hAcc><vAcc>1.029602</vAcc></extensions></trkpt>
      <trkpt lon="-117.164957" lat="32.895765"><ele>74.513046</ele><time>2024-08-20T02:13:53Z</time><extensions><speed>1.487012</speed><course>282.661539</course><hAcc>1.698380</hAcc><vAcc>1.033421</vAcc></extensions></trkpt>
      <trkpt lon="-117.164972" lat="32.895769"><ele>74.458872</ele><time>2024-08-20T02:13:54Z</time><extensions><speed>1.520471</speed><course>286.720852</course><hAcc>1.725805</hAcc><vAcc>1.037216</vAcc></extensions></trkpt>
      <trkpt lon="-117.164987" lat="32.895773"><ele>74.398356</ele><time>2024-08-20T02:13:55Z</time><extensions><speed>1.422159</speed><course>294.620887</course><hAcc>1.746793</hAcc><vAcc>1.041987</vAcc></extensions></trkpt>
      <trkpt lon="-117.165001" lat="32.895779"><ele>74.343693</ele><time>2024-08-20T02:13:56Z</time><extensions><speed>1.370684</speed><course>299.479490</course><hAcc>1.764563</hAcc><vAcc>1.048284</vAcc></extensions></trkpt>
      <trkpt lon="-117.165014" lat="32.895785"><ele>74.286519</ele><time>2024-08-20T02:13:57Z</time><extensions><speed>1.375202</speed><course>297.375430</course><hAcc>1.780169</hAcc><vAcc>1.054839</vAcc></extensions></trkpt>
      <trkpt lon="-117.165028" lat="32.895790"><ele>74.239864</ele><time>2024-08-20T02:13:58Z</time><extensions><speed>1.389615</speed><course>292.716192</course><hAcc>1.792495</hAcc><vAcc>1.061634</vAcc></extensions></trkpt>
      <trkpt lon="-117.165042" lat="32.895794"><ele>74.198173</ele><time>2024-08-20T02:13:59Z</time><extensions><speed>1.345105</speed><course>291.245760</course><hAcc>1.810212</hAcc><vAcc>1.069237</vAcc></extensions></trkpt>
      <trkpt lon="-117.165055" lat="32.895798"><ele>74.180204</ele><time>2024-08-20T02:14:00Z</time><extensions><speed>1.248102</speed><course>289.548959</course><hAcc>1.825774</hAcc><vAcc>1.076611</vAcc></extensions></trkpt>
      <trkpt lon="-117.165066" lat="32.895801"><ele>74.159503</ele><time>2024-08-20T02:14:01Z</time><extensions><speed>1.049511</speed><course>295.542203</course><hAcc>1.844600</hAcc><vAcc>1.086863</vAcc></extensions></trkpt>
      <trkpt lon="-117.165075" lat="32.895806"><ele>74.132553</ele><time>2024-08-20T02:14:02Z</time><extensions><speed>0.930433</speed><course>304.975590</course><hAcc>1.857291</hAcc><vAcc>1.095721</vAcc></extensions></trkpt>
      <trkpt lon="-117.165083" lat="32.895811"><ele>74.106555</ele><time>2024-08-20T02:14:03Z</time><extensions><speed>0.909475</speed><course>308.635867</course><hAcc>1.851518</hAcc><vAcc>1.101550</vAcc></extensions></trkpt>
      <trkpt lon="-117.165092" lat="32.895816"><ele>74.082528</ele><time>2024-08-20T02:14:04Z</time><extensions><speed>1.049732</speed><course>308.539198</course><hAcc>1.840968</hAcc><vAcc>1.104437</vAcc></extensions></trkpt>
      <trkpt lon="-117.165101" lat="32.895822"><ele>74.063137</ele><time>2024-08-20T02:14:05Z</time><extensions><speed>1.079955</speed><course>305.535873</course><hAcc>1.869401</hAcc><vAcc>1.105856</vAcc></extensions></trkpt>
      <trkpt lon="-117.165110" lat="32.895827"><ele>74.047439</ele><time>2024-08-20T02:14:06Z</time><extensions><speed>0.858216</speed><course>300.988463</course><hAcc>1.903292</hAcc><vAcc>1.107993</vAcc></extensions></trkpt>
      <trkpt lon="-117.165118" lat="32.895830"><ele>74.030790</ele><time>2024-08-20T02:14:07Z</time><extensions><speed>0.872244</speed><course>282.347687</course><hAcc>1.854294</hAcc><vAcc>1.111642</vAcc></extensions></trkpt>
      <trkpt lon="-117.165128" lat="32.895830"><ele>74.020250</ele><time>2024-08-20T02:14:08Z</time><extensions><speed>0.957302</speed><course>266.737755</course><hAcc>1.838929</hAcc><vAcc>1.115808</vAcc></extensions></trkpt>
      <trkpt lon="-117.165138" lat="32.895828"><ele>74.002680</ele><time>2024-08-20T02:14:09Z</time><extensions><speed>1.119729</speed><course>255.343687</course><hAcc>1.875484</hAcc><vAcc>1.121186</vAcc></extensions></trkpt>
      <trkpt lon="-117.165150" lat="32.895825"><ele>73.996424</ele><time>2024-08-20T02:14:10Z</time><extensions><speed>1.270705</speed><course>243.407547</course><hAcc>1.912539</hAcc><vAcc>1.126476</vAcc></extensions></trkpt>
      <trkpt lon="-117.165160" lat="32.895820"><ele>73.971946</ele><time>2024-08-20T02:14:11Z</time><extensions><speed>1.083664</speed><course>236.790281</course><hAcc>1.946133</hAcc><vAcc>1.131911</vAcc></extensions></trkpt>
      <trkpt lon="-117.165170" lat="32.895815"><ele>73.947212</ele><time>2024-08-20T02:14:12Z</time><extensions><speed>1.068454</speed><course>241.124061</course><hAcc>1.921218</hAcc><vAcc>1.137307</vAcc></extensions></trkpt>
      <trkpt lon="-117.165180" lat="32.895811"><ele>73.930904</ele><time>2024-08-20T02:14:13Z</time><extensions><speed>1.006942</speed><course>249.910641</course><hAcc>1.914797</hAcc><vAcc>1.143292</vAcc></extensions></trkpt>
      <trkpt lon="-117.165190" lat="32.895808"><ele>73.926874</ele><time>2024-08-20T02:14:14Z</time><extensions><speed>1.019846</speed><course>254.263507</course><hAcc>1.921221</hAcc><vAcc>1.152342</vAcc></extensions></trkpt>
      <trkpt lon="-117.165200" lat="32.895805"><ele>73.922661</ele><time>2024-08-20T02:14:15Z</time><extensions><speed>1.009192</speed><course>254.092894</course><hAcc>1.930194</hAcc><vAcc>1.163324</vAcc></extensions></trkpt>
      <trkpt lon="-117.165209" lat="32.895802"><ele>73.932122</ele><time>2024-08-20T02:14:16Z</time><extensions><speed>0.972120</speed><course>250.958405</course><hAcc>1.944739</hAcc><vAcc>1.174278</vAcc></extensions></trkpt>
      <trkpt lon="-117.165219" lat="32.895799"><ele>73.957416</ele><time>2024-08-20T02:14:17Z</time><extensions><speed>0.954604</speed><course>249.821317</course><hAcc>1.973072</hAcc><vAcc>1.186901</vAcc></extensions></trkpt>
      <trkpt lon="-117.165228" lat="32.895796"><ele>73.987850</ele><time>2024-08-20T02:14:18Z</time><extensions><speed>0.895850</speed><course>253.738623</course><hAcc>1.995231</hAcc><vAcc>1.197808</vAcc></extensions></trkpt>
      <trkpt lon="-117.165236" lat="32.895795"><ele>74.010505</ele><time>2024-08-20T02:14:19Z</time><extensions><speed>0.755679</speed><course>272.577528</course><hAcc>1.982869</hAcc><vAcc>1.205694</vAcc></extensions></trkpt>
      <trkpt lon="-117.165244" lat="32.895797"><ele>74.015919</ele><time>2024-08-20T02:14:20Z</time><extensions><speed>0.850034</speed><course>296.562103</course><hAcc>1.983134</hAcc><vAcc>1.209353</vAcc></extensions></trkpt>
      <trkpt lon="-117.165251" lat="32.895801"><ele>73.986183</ele><time>2024-08-20T02:14:21Z</time><extensions><speed>0.891281</speed><course>314.053934</course><hAcc>1.995733</hAcc><vAcc>1.210427</vAcc></extensions></trkpt>
      <trkpt lon="-117.165257" lat="32.895806"><ele>73.975392</ele><time>2024-08-20T02:14:22Z</time><extensions><speed>0.815235</speed><course>321.859923</course><hAcc>2.015822</hAcc><vAcc>1.211679</vAcc></extensions></trkpt>
      <trkpt lon="-117.165263" lat="32.895812"><ele>73.950092</ele><time>2024-08-20T02:14:23Z</time><extensions><speed>0.856331</speed><course>321.724795</course><hAcc>2.036556</hAcc><vAcc>1.211633</vAcc></extensions></trkpt>
      <trkpt lon="-117.165268" lat="32.895818"><ele>73.936505</ele><time>2024-08-20T02:14:24Z</time><extensions><speed>0.913429</speed><course>322.096465</course><hAcc>2.051305</hAcc><vAcc>1.212905</vAcc></extensions></trkpt>
      <trkpt lon="-117.165274" lat="32.895825"><ele>73.928853</ele><time>2024-08-20T02:14:25Z</time><extensions><speed>0.920123</speed><course>323.181231</course><hAcc>2.068385</hAcc><vAcc>1.213265</vAcc></extensions></trkpt>
      <trkpt lon="-117.165280" lat="32.895833"><ele>73.941885</ele><time>2024-08-20T02:14:26Z</time><extensions><speed>1.102791</speed><course>325.082395</course><hAcc>2.103816</hAcc><vAcc>1.214444</vAcc></extensions></trkpt>
      <trkpt lon="-117.165286" lat="32.895841"><ele>73.973151</ele><time>2024-08-20T02:14:27Z</time><extensions><speed>1.209788</speed><course>326.261628</course><hAcc>2.144544</hAcc><vAcc>1.214999</vAcc></extensions></trkpt>
      <trkpt lon="-117.165291" lat="32.895850"><ele>73.991452</ele><time>2024-08-20T02:14:28Z</time><extensions><speed>0.903791</speed><course>334.011369</course><hAcc>2.118083</hAcc><vAcc>1.215849</vAcc></extensions></trkpt>
      <trkpt lon="-117.165294" lat="32.895857"><ele>74.004226</ele><time>2024-08-20T02:14:29Z</time><extensions><speed>0.693851</speed><course>342.159863</course><hAcc>2.097973</hAcc><vAcc>1.215460</vAcc></extensions></trkpt>
      <trkpt lon="-117.165296" lat="32.895863"><ele>74.022749</ele><time>2024-08-20T02:14:30Z</time><extensions><speed>0.719386</speed><course>342.340172</course><hAcc>2.102601</hAcc><vAcc>1.215673</vAcc></extensions></trkpt>
      <trkpt lon="-117.165299" lat="32.895869"><ele>74.039164</ele><time>2024-08-20T02:14:31Z</time><extensions><speed>0.804977</speed><course>338.163529</course><hAcc>2.118438</hAcc><vAcc>1.214453</vAcc></extensions></trkpt>
      <trkpt lon="-117.165302" lat="32.895877"><ele>74.055769</ele><time>2024-08-20T02:14:32Z</time><extensions><speed>0.859350</speed><course>341.834826</course><hAcc>2.114200</hAcc><vAcc>1.212816</vAcc></extensions></trkpt>
      <trkpt lon="-117.165304" lat="32.895885"><ele>74.066013</ele><time>2024-08-20T02:14:33Z</time><extensions><speed>0.964670</speed><course>349.928980</course><hAcc>2.081489</hAcc><vAcc>1.214218</vAcc></extensions></trkpt>
      <trkpt lon="-117.165306" lat="32.895894"><ele>74.081244</ele><time>2024-08-20T02:14:34Z</time><extensions><speed>1.148443</speed><course>350.325885</course><hAcc>2.069447</hAcc><vAcc>1.217733</vAcc></extensions></trkpt>
      <trkpt lon="-117.165308" lat="32.895905"><ele>74.090715</ele><time>2024-08-20T02:14:35Z</time><extensions><speed>1.158938</speed><course>348.591711</course><hAcc>2.054437</hAcc><vAcc>1.219345</vAcc></extensions></trkpt>
      <trkpt lon="-117.165311" lat="32.895915"><ele>74.099942</ele><time>2024-08-20T02:14:36Z</time><extensions><speed>1.187096</speed><course>345.800620</course><hAcc>2.033874</hAcc><vAcc>1.221764</vAcc></extensions></trkpt>
      <trkpt lon="-117.165315" lat="32.895926"><ele>74.102441</ele><time>2024-08-20T02:14:37Z</time><extensions><speed>1.225888</speed><course>345.832029</course><hAcc>2.016761</hAcc><vAcc>1.223812</vAcc></extensions></trkpt>
      <trkpt lon="-117.165317" lat="32.895936"><ele>74.109345</ele><time>2024-08-20T02:14:38Z</time><extensions><speed>1.093411</speed><course>348.725118</course><hAcc>2.012408</hAcc><vAcc>1.227293</vAcc></extensions></trkpt>
      <trkpt lon="-117.165320" lat="32.895946"><ele>74.127726</ele><time>2024-08-20T02:14:39Z</time><extensions><speed>1.120059</speed><course>349.063707</course><hAcc>1.974560</hAcc><vAcc>1.231409</vAcc></extensions></trkpt>
      <trkpt lon="-117.165323" lat="32.895956"><ele>74.138302</ele><time>2024-08-20T02:14:40Z</time><extensions><speed>1.157051</speed><course>342.374830</course><hAcc>1.951227</hAcc><vAcc>1.234276</vAcc></extensions></trkpt>
      <trkpt lon="-117.165327" lat="32.895965"><ele>74.143696</ele><time>2024-08-20T02:14:41Z</time><extensions><speed>1.187492</speed><course>337.981442</course><hAcc>1.937701</hAcc><vAcc>1.237292</vAcc></extensions></trkpt>
      <trkpt lon="-117.165332" lat="32.895975"><ele>74.154420</ele><time>2024-08-20T02:14:42Z</time><extensions><speed>1.230341</speed><course>334.565889</course><hAcc>1.928951</hAcc><vAcc>1.241317</vAcc></extensions></trkpt>
      <trkpt lon="-117.165338" lat="32.895985"><ele>74.171620</ele><time>2024-08-20T02:14:43Z</time><extensions><speed>1.223969</speed><course>334.830980</course><hAcc>1.919952</hAcc><vAcc>1.243328</vAcc></extensions></trkpt>
      <trkpt lon="-117.165343" lat="32.895995"><ele>74.187722</ele><time>2024-08-20T02:14:44Z</time><extensions><speed>1.174503</speed><course>335.945912</course><hAcc>1.912626</hAcc><vAcc>1.243182</vAcc></extensions></trkpt>
      <trkpt lon="-117.165348" lat="32.896005"><ele>74.201957</ele><time>2024-08-20T02:14:45Z</time><extensions><speed>1.188345</speed><course>337.420997</course><hAcc>1.906594</hAcc><vAcc>1.244486</vAcc></extensions></trkpt>
      <trkpt lon="-117.165353" lat="32.896014"><ele>74.247329</ele><time>2024-08-20T02:14:46Z</time><extensions><speed>1.125075</speed><course>335.527216</course><hAcc>1.906667</hAcc><vAcc>1.244723</vAcc></extensions></trkpt>
      <trkpt lon="-117.165357" lat="32.896023"><ele>74.294971</ele><time>2024-08-20T02:14:47Z</time><extensions><speed>1.073149</speed><course>335.038092</course><hAcc>1.890538</hAcc><vAcc>1.244154</vAcc></extensions></trkpt>
      <trkpt lon="-117.165362" lat="32.896032"><ele>74.341391</ele><time>2024-08-20T02:14:48Z</time><extensions><speed>1.083154</speed><course>335.830178</course><hAcc>1.882851</hAcc><vAcc>1.243154</vAcc></extensions></trkpt>
      <trkpt lon="-117.165367" lat="32.896041"><ele>74.396094</ele><time>2024-08-20T02:14:49Z</time><extensions><speed>1.079800</speed><course>337.680199</course><hAcc>1.881512</hAcc><vAcc>1.239773</vAcc></extensions></trkpt>
      <trkpt lon="-117.165371" lat="32.896050"><ele>74.467084</ele><time>2024-08-20T02:14:50Z</time><extensions><speed>1.033499</speed><course>336.450153</course><hAcc>1.884515</hAcc><vAcc>1.237807</vAcc></extensions></trkpt>
      <trkpt lon="-117.165375" lat="32.896059"><ele>74.525607</ele><time>2024-08-20T02:14:51Z</time><extensions><speed>0.996275</speed><course>338.454700</course><hAcc>1.882511</hAcc><vAcc>1.237320</vAcc></extensions></trkpt>
      <trkpt lon="-117.165378" lat="32.896067"><ele>74.574462</ele><time>2024-08-20T02:14:52Z</time><extensions><speed>1.003080</speed><course>342.953027</course><hAcc>1.879389</hAcc><vAcc>1.238431</vAcc></extensions></trkpt>
      <trkpt lon="-117.165381" lat="32.896076"><ele>74.627036</ele><time>2024-08-20T02:14:53Z</time><extensions><speed>0.974715</speed><course>344.811702</course><hAcc>1.870854</hAcc><vAcc>1.240672</vAcc></extensions></trkpt>
      <trkpt lon="-117.165384" lat="32.896084"><ele>74.695180</ele><time>2024-08-20T02:14:54Z</time><extensions><speed>0.973430</speed><course>343.456867</course><hAcc>1.865832</hAcc><vAcc>1.239580</vAcc></extensions></trkpt>
      <trkpt lon="-117.165387" lat="32.896093"><ele>74.743861</ele><time>2024-08-20T02:14:55Z</time><extensions><speed>1.085081</speed><course>340.231171</course><hAcc>1.861022</hAcc><vAcc>1.238058</vAcc></extensions></trkpt>
      <trkpt lon="-117.165391" lat="32.896102"><ele>74.782094</ele><time>2024-08-20T02:14:56Z</time><extensions><speed>1.101007</speed><course>337.556882</course><hAcc>1.848834</hAcc><vAcc>1.238363</vAcc></extensions></trkpt>
      <trkpt lon="-117.165396" lat="32.896112"><ele>74.814855</ele><time>2024-08-20T02:14:57Z</time><extensions><speed>1.060148</speed><course>337.422977</course><hAcc>1.847412</hAcc><vAcc>1.239531</vAcc></extensions></trkpt>
      <trkpt lon="-117.165400" lat="32.896120"><ele>74.831863</ele><time>2024-08-20T02:14:58Z</time><extensions><speed>1.047504</speed><course>338.863855</course><hAcc>1.838197</hAcc><vAcc>1.239114</vAcc></extensions></trkpt>
      <trkpt lon="-117.165404" lat="32.896130"><ele>74.863262</ele><time>2024-08-20T02:14:59Z</time><extensions><speed>1.078880</speed><course>340.995294</course><hAcc>1.817123</hAcc><vAcc>1.238724</vAcc></extensions></trkpt>
      <trkpt lon="-117.165408" lat="32.896139"><ele>74.880016</ele><time>2024-08-20T02:15:00Z</time><extensions><speed>1.096277</speed><course>342.876903</course><hAcc>1.797044</hAcc><vAcc>1.237620</vAcc></extensions></trkpt>
      <trkpt lon="-117.165411" lat="32.896149"><ele>74.867778</ele><time>2024-08-20T02:15:01Z</time><extensions><speed>1.130324</speed><course>344.083208</course><hAcc>1.804437</hAcc><vAcc>1.233417</vAcc></extensions></trkpt>
      <trkpt lon="-117.165415" lat="32.896158"><ele>74.875818</ele><time>2024-08-20T02:15:02Z</time><extensions><speed>1.065760</speed><course>343.133037</course><hAcc>1.817112</hAcc><vAcc>1.227798</vAcc></extensions></trkpt>
      <trkpt lon="-117.165418" lat="32.896167"><ele>74.900311</ele><time>2024-08-20T02:15:03Z</time><extensions><speed>1.018965</speed><course>342.129267</course><hAcc>1.826860</hAcc><vAcc>1.220987</vAcc></extensions></trkpt>
      <trkpt lon="-117.165422" lat="32.896176"><ele>74.903399</ele><time>2024-08-20T02:15:04Z</time><extensions><speed>1.091981</speed><course>341.976200</course><hAcc>1.780287</hAcc><vAcc>1.212254</vAcc></extensions></trkpt>
      <trkpt lon="-117.165426" lat="32.896186"><ele>74.904532</ele><time>2024-08-20T02:15:05Z</time><extensions><speed>1.140815</speed><course>342.482679</course><hAcc>1.781301</hAcc><vAcc>1.201083</vAcc></extensions></trkpt>
      <trkpt lon="-117.165429" lat="32.896196"><ele>74.896295</ele><time>2024-08-20T02:15:06Z</time><extensions><speed>1.150429</speed><course>342.425220</course><hAcc>1.804869</hAcc><vAcc>1.188543</vAcc></extensions></trkpt>
      <trkpt lon="-117.165433" lat="32.896206"><ele>74.896438</ele><time>2024-08-20T02:15:07Z</time><extensions><speed>1.178000</speed><course>343.551965</course><hAcc>1.821769</hAcc><vAcc>1.176334</vAcc></extensions></trkpt>
      <trkpt lon="-117.165436" lat="32.896216"><ele>74.907329</ele><time>2024-08-20T02:15:08Z</time><extensions><speed>1.113918</speed><course>341.420046</course><hAcc>1.823479</hAcc><vAcc>1.164262</vAcc></extensions></trkpt>
      <trkpt lon="-117.165440" lat="32.896225"><ele>74.903090</ele><time>2024-08-20T02:15:09Z</time><extensions><speed>1.112789</speed><course>337.400526</course><hAcc>1.847004</hAcc><vAcc>1.151379</vAcc></extensions></trkpt>
      <trkpt lon="-117.165445" lat="32.896234"><ele>74.921252</ele><time>2024-08-20T02:15:10Z</time><extensions><speed>1.113378</speed><course>333.413141</course><hAcc>1.871433</hAcc><vAcc>1.138663</vAcc></extensions></trkpt>
      <trkpt lon="-117.165451" lat="32.896243"><ele>74.935303</ele><time>2024-08-20T02:15:11Z</time><extensions><speed>1.060912</speed><course>331.201318</course><hAcc>1.890704</hAcc><vAcc>1.126277</vAcc></extensions></trkpt>
      <trkpt lon="-117.165456" lat="32.896251"><ele>74.944592</ele><time>2024-08-20T02:15:12Z</time><extensions><speed>1.032426</speed><course>332.168231</course><hAcc>1.914672</hAcc><vAcc>1.114474</vAcc></extensions></trkpt>
      <trkpt lon="-117.165461" lat="32.896259"><ele>74.948419</ele><time>2024-08-20T02:15:13Z</time><extensions><speed>0.860006</speed><course>336.040837</course><hAcc>1.936674</hAcc><vAcc>1.103642</vAcc></extensions></trkpt>
      <trkpt lon="-117.165463" lat="32.896265"><ele>74.948585</ele><time>2024-08-20T02:15:14Z</time><extensions><speed>0.618466</speed><course>341.451245</course><hAcc>1.966705</hAcc><vAcc>1.093161</vAcc></extensions></trkpt>
      <trkpt lon="-117.165465" lat="32.896270"><ele>74.957589</ele><time>2024-08-20T02:15:15Z</time><extensions><speed>0.486586</speed><course>354.662483</course><hAcc>1.994679</hAcc><vAcc>1.084460</vAcc></extensions></trkpt>
      <trkpt lon="-117.165465" lat="32.896274"><ele>74.964680</ele><time>2024-08-20T02:15:16Z</time><extensions><speed>0.487654</speed><course>7.155440</course><hAcc>2.038278</hAcc><vAcc>1.078168</vAcc></extensions></trkpt>
      <trkpt lon="-117.165464" lat="32.896279"><ele>74.961723</ele><time>2024-08-20T02:15:17Z</time><extensions><speed>0.536653</speed><course>16.256910</course><hAcc>2.089995</hAcc><vAcc>1.073743</vAcc></extensions></trkpt>
      <trkpt lon="-117.165462" lat="32.896283"><ele>74.957770</ele><time>2024-08-20T02:15:18Z</time><extensions><speed>0.538739</speed><course>21.533552</course><hAcc>2.130174</hAcc><vAcc>1.072088</vAcc></extensions></trkpt>
      <trkpt lon="-117.165459" lat="32.896288"><ele>74.958757</ele><time>2024-08-20T02:15:19Z</time><extensions><speed>0.465972</speed><course>23.718348</course><hAcc>2.166968</hAcc><vAcc>1.072807</vAcc></extensions></trkpt>
      <trkpt lon="-117.165457" lat="32.896291"><ele>74.970349</ele><time>2024-08-20T02:15:20Z</time><extensions><speed>0.460199</speed><course>24.147475</course><hAcc>2.189322</hAcc><vAcc>1.075453</vAcc></extensions></trkpt>
      <trkpt lon="-117.165456" lat="32.896295"><ele>74.989302</ele><time>2024-08-20T02:15:21Z</time><extensions><speed>0.415733</speed><course>21.973666</course><hAcc>2.205971</hAcc><vAcc>1.079953</vAcc></extensions></trkpt>
      <trkpt lon="-117.165454" lat="32.896298"><ele>75.020273</ele><time>2024-08-20T02:15:22Z</time><extensions><speed>0.390922</speed><course>20.448740</course><hAcc>2.199715</hAcc><vAcc>1.084893</vAcc></extensions></trkpt>
      <trkpt lon="-117.165453" lat="32.896301"><ele>75.055443</ele><time>2024-08-20T02:15:23Z</time><extensions><speed>0.411827</speed><course>19.838277</course><hAcc>2.191369</hAcc><vAcc>1.088186</vAcc></extensions></trkpt>
      <trkpt lon="-117.165451" lat="32.896305"><ele>75.072299</ele><time>2024-08-20T02:15:24Z</time><extensions><speed>0.503444</speed><course>19.914824</course><hAcc>2.185847</hAcc><vAcc>1.090974</vAcc></extensions></trkpt>
      <trkpt lon="-117.165449" lat="32.896310"><ele>75.095523</ele><time>2024-08-20T02:15:25Z</time><extensions><speed>0.630478</speed><course>18.345244</course><hAcc>2.170849</hAcc><vAcc>1.097219</vAcc></extensions></trkpt>
      <trkpt lon="-117.165447" lat="32.896316"><ele>75.114428</ele><time>2024-08-20T02:15:26Z</time><extensions><speed>0.728301</speed><course>15.356768</course><hAcc>2.157732</hAcc><vAcc>1.102961</vAcc></extensions></trkpt>
      <trkpt lon="-117.165445" lat="32.896323"><ele>75.131965</ele><time>2024-08-20T02:15:27Z</time><extensions><speed>0.829522</speed><course>14.064444</course><hAcc>2.153041</hAcc><vAcc>1.109048</vAcc></extensions></trkpt>
      <trkpt lon="-117.165443" lat="32.896331"><ele>75.144549</ele><time>2024-08-20T02:15:28Z</time><extensions><speed>0.867826</speed><course>10.202866</course><hAcc>2.136160</hAcc><vAcc>1.117907</vAcc></extensions></trkpt>
      <trkpt lon="-117.165442" lat="32.896339"><ele>75.177837</ele><time>2024-08-20T02:15:29Z</time><extensions><speed>0.873333</speed><course>3.231876</course><hAcc>2.115129</hAcc><vAcc>1.127296</vAcc></extensions></trkpt>
      <trkpt lon="-117.165442" lat="32.896347"><ele>75.199388</ele><time>2024-08-20T02:15:30Z</time><extensions><speed>0.883468</speed><course>353.966990</course><hAcc>2.109031</hAcc><vAcc>1.137276</vAcc></extensions></trkpt>
      <trkpt lon="-117.165444" lat="32.896355"><ele>75.225261</ele><time>2024-08-20T02:15:31Z</time><extensions><speed>0.904199</speed><course>340.448347</course><hAcc>2.110921</hAcc><vAcc>1.148353</vAcc></extensions></trkpt>
      <trkpt lon="-117.165448" lat="32.896363"><ele>75.249367</ele><time>2024-08-20T02:15:32Z</time><extensions><speed>1.049094</speed><course>338.276402</course><hAcc>2.102980</hAcc><vAcc>1.160514</vAcc></extensions></trkpt>
      <trkpt lon="-117.165451" lat="32.896372"><ele>75.273352</ele><time>2024-08-20T02:15:33Z</time><extensions><speed>1.016994</speed><course>343.561451</course><hAcc>2.102631</hAcc><vAcc>1.173423</vAcc></extensions></trkpt>
      <trkpt lon="-117.165454" lat="32.896382"><ele>75.291834</ele><time>2024-08-20T02:15:34Z</time><extensions><speed>1.006343</speed><course>350.872169</course><hAcc>2.116605</hAcc><vAcc>1.185674</vAcc></extensions></trkpt>
      <trkpt lon="-117.165455" lat="32.896391"><ele>75.299974</ele><time>2024-08-20T02:15:35Z</time><extensions><speed>1.068814</speed><course>355.557029</course><hAcc>2.136148</hAcc><vAcc>1.198677</vAcc></extensions></trkpt>
      <trkpt lon="-117.165456" lat="32.896401"><ele>75.322064</ele><time>2024-08-20T02:15:36Z</time><extensions><speed>1.082022</speed><course>359.295426</course><hAcc>2.122656</hAcc><vAcc>1.210302</vAcc></extensions></trkpt>
      <trkpt lon="-117.165456" lat="32.896411"><ele>75.377577</ele><time>2024-08-20T02:15:37Z</time><extensions><speed>1.114709</speed><course>0.434791</course><hAcc>2.124949</hAcc><vAcc>1.224430</vAcc></extensions></trkpt>
      <trkpt lon="-117.165456" lat="32.896421"><ele>75.425675</ele><time>2024-08-20T02:15:38Z</time><extensions><speed>1.206972</speed><course>0.327026</course><hAcc>2.147584</hAcc><vAcc>1.234617</vAcc></extensions></trkpt>
      <trkpt lon="-117.165456" lat="32.896433"><ele>75.464805</ele><time>2024-08-20T02:15:39Z</time><extensions><speed>1.347733</speed><course>0.511877</course><hAcc>2.152902</hAcc><vAcc>1.245178</vAcc></extensions></trkpt>
      <trkpt lon="-117.165456" lat="32.896445"><ele>75.501290</ele><time>2024-08-20T02:15:40Z</time><extensions><speed>1.366292</speed><course>0.712793</course><hAcc>2.136907</hAcc><vAcc>1.257010</vAcc></extensions></trkpt>
      <trkpt lon="-117.165456" lat="32.896457"><ele>75.536424</ele><time>2024-08-20T02:15:41Z</time><extensions><speed>1.300230</speed><course>1.249049</course><hAcc>2.123697</hAcc><vAcc>1.265540</vAcc></extensions></trkpt>
      <trkpt lon="-117.165456" lat="32.896468"><ele>75.574684</ele><time>2024-08-20T02:15:42Z</time><extensions><speed>1.252572</speed><course>358.909300</course><hAcc>2.108513</hAcc><vAcc>1.273367</vAcc></extensions></trkpt>
      <trkpt lon="-117.165456" lat="32.896480"><ele>75.618934</ele><time>2024-08-20T02:15:43Z</time><extensions><speed>1.269381</speed><course>358.426059</course><hAcc>2.095296</hAcc><vAcc>1.281653</vAcc></extensions></trkpt>
      <trkpt lon="-117.165456" lat="32.896491"><ele>75.660310</ele><time>2024-08-20T02:15:44Z</time><extensions><speed>1.210606</speed><course>1.132799</course><hAcc>2.084578</hAcc><vAcc>1.289864</vAcc></extensions></trkpt>
      <trkpt lon="-117.165456" lat="32.896501"><ele>75.685957</ele><time>2024-08-20T02:15:45Z</time><extensions><speed>1.167908</speed><course>5.953935</course><hAcc>2.073428</hAcc><vAcc>1.299006</vAcc></extensions></trkpt>
      <trkpt lon="-117.165454" lat="32.896512"><ele>75.711595</ele><time>2024-08-20T02:15:46Z</time><extensions><speed>1.103650</speed><course>6.218455</course><hAcc>2.064952</hAcc><vAcc>1.302466</vAcc></extensions></trkpt>
      <trkpt lon="-117.165453" lat="32.896521"><ele>75.731014</ele><time>2024-08-20T02:15:47Z</time><extensions><speed>1.042447</speed><course>0.843312</course><hAcc>2.050829</hAcc><vAcc>1.304313</vAcc></extensions></trkpt>
      <trkpt lon="-117.165453" lat="32.896530"><ele>75.733441</ele><time>2024-08-20T02:15:48Z</time><extensions><speed>0.988123</speed><course>356.020056</course><hAcc>2.041601</hAcc><vAcc>1.304846</vAcc></extensions></trkpt>
      <trkpt lon="-117.165454" lat="32.896539"><ele>75.740098</ele><time>2024-08-20T02:15:49Z</time><extensions><speed>0.940345</speed><course>352.908593</course><hAcc>2.026383</hAcc><vAcc>1.302420</vAcc></extensions></trkpt>
      <trkpt lon="-117.165455" lat="32.896547"><ele>75.747644</ele><time>2024-08-20T02:15:50Z</time><extensions><speed>0.896404</speed><course>356.060356</course><hAcc>2.015619</hAcc><vAcc>1.300285</vAcc></extensions></trkpt>
      <trkpt lon="-117.165455" lat="32.896555"><ele>75.748997</ele><time>2024-08-20T02:15:51Z</time><extensions><speed>0.989471</speed><course>358.053616</course><hAcc>1.990675</hAcc><vAcc>1.294613</vAcc></extensions></trkpt>
      <trkpt lon="-117.165456" lat="32.896564"><ele>75.752120</ele><time>2024-08-20T02:15:52Z</time><extensions><speed>0.977750</speed><course>357.145724</course><hAcc>1.975364</hAcc><vAcc>1.289693</vAcc></extensions></trkpt>
      <trkpt lon="-117.165456" lat="32.896573"><ele>75.758168</ele><time>2024-08-20T02:15:53Z</time><extensions><speed>0.990202</speed><course>356.205128</course><hAcc>1.968680</hAcc><vAcc>1.284227</vAcc></extensions></trkpt>
      <trkpt lon="-117.165457" lat="32.896582"><ele>75.778120</ele><time>2024-08-20T02:15:54Z</time><extensions><speed>1.038558</speed><course>355.540884</course><hAcc>1.964800</hAcc><vAcc>1.277427</vAcc></extensions></trkpt>
      <trkpt lon="-117.165458" lat="32.896592"><ele>75.804798</ele><time>2024-08-20T02:15:55Z</time><extensions><speed>1.093190</speed><course>357.125823</course><hAcc>1.968975</hAcc><vAcc>1.273425</vAcc></extensions></trkpt>
      <trkpt lon="-117.165458" lat="32.896601"><ele>75.823959</ele><time>2024-08-20T02:15:56Z</time><extensions><speed>1.039737</speed><course>359.487629</course><hAcc>1.938637</hAcc><vAcc>1.266891</vAcc></extensions></trkpt>
      <trkpt lon="-117.165458" lat="32.896610"><ele>75.850340</ele><time>2024-08-20T02:15:57Z</time><extensions><speed>1.011162</speed><course>1.345889</course><hAcc>1.917296</hAcc><vAcc>1.260539</vAcc></extensions></trkpt>
      <trkpt lon="-117.165458" lat="32.896620"><ele>75.876597</ele><time>2024-08-20T02:15:58Z</time><extensions><speed>1.062338</speed><course>4.580895</course><hAcc>1.901247</hAcc><vAcc>1.256673</vAcc></extensions></trkpt>
      <trkpt lon="-117.165457" lat="32.896629"><ele>75.911517</ele><time>2024-08-20T02:15:59Z</time><extensions><speed>1.014409</speed><course>2.220430</course><hAcc>1.896879</hAcc><vAcc>1.252931</vAcc></extensions></trkpt>
      <trkpt lon="-117.165457" lat="32.896638"><ele>75.963154</ele><time>2024-08-20T02:16:00Z</time><extensions><speed>1.088752</speed><course>357.777951</course><hAcc>1.899912</hAcc><vAcc>1.247747</vAcc></extensions></trkpt>
      <trkpt lon="-117.165458" lat="32.896648"><ele>76.024749</ele><time>2024-08-20T02:16:01Z</time><extensions><speed>1.068356</speed><course>356.029103</course><hAcc>1.880985</hAcc><vAcc>1.241114</vAcc></extensions></trkpt>
      <trkpt lon="-117.165459" lat="32.896658"><ele>76.081491</ele><time>2024-08-20T02:16:02Z</time><extensions><speed>1.063131</speed><course>353.089339</course><hAcc>1.865508</hAcc><vAcc>1.237571</vAcc></extensions></trkpt>
      <trkpt lon="-117.165462" lat="32.896667"><ele>76.175217</ele><time>2024-08-20T02:16:03Z</time><extensions><speed>1.019714</speed><course>350.648832</course><hAcc>1.859036</hAcc><vAcc>1.235707</vAcc></extensions></trkpt>
      <trkpt lon="-117.165464" lat="32.896676"><ele>76.288936</ele><time>2024-08-20T02:16:04Z</time><extensions><speed>0.975664</speed><course>350.513506</course><hAcc>1.873011</hAcc><vAcc>1.235149</vAcc></extensions></trkpt>
      <trkpt lon="-117.165466" lat="32.896684"><ele>76.406952</ele><time>2024-08-20T02:16:05Z</time><extensions><speed>0.925856</speed><course>352.219405</course><hAcc>1.899276</hAcc><vAcc>1.234407</vAcc></extensions></trkpt>
      <trkpt lon="-117.165468" lat="32.896692"><ele>76.548497</ele><time>2024-08-20T02:16:06Z</time><extensions><speed>0.921755</speed><course>346.988599</course><hAcc>1.873675</hAcc><vAcc>1.235003</vAcc></extensions></trkpt>
      <trkpt lon="-117.165471" lat="32.896700"><ele>76.709739</ele><time>2024-08-20T02:16:07Z</time><extensions><speed>0.918336</speed><course>342.260504</course><hAcc>1.868039</hAcc><vAcc>1.234769</vAcc></extensions></trkpt>
      <trkpt lon="-117.165475" lat="32.896708"><ele>76.872416</ele><time>2024-08-20T02:16:08Z</time><extensions><speed>0.926320</speed><course>339.065728</course><hAcc>1.886902</hAcc><vAcc>1.234705</vAcc></extensions></trkpt>
      <trkpt lon="-117.165479" lat="32.896716"><ele>77.032800</ele><time>2024-08-20T02:16:09Z</time><extensions><speed>0.973503</speed><course>338.914622</course><hAcc>1.908677</hAcc><vAcc>1.236304</vAcc></extensions></trkpt>
      <trkpt lon="-117.165483" lat="32.896725"><ele>77.187924</ele><time>2024-08-20T02:16:10Z</time><extensions><speed>1.021750</speed><course>336.216378</course><hAcc>1.917198</hAcc><vAcc>1.237382</vAcc></extensions></trkpt>
      <trkpt lon="-117.165488" lat="32.896733"><ele>77.371806</ele><time>2024-08-20T02:16:11Z</time><extensions><speed>1.046471</speed><course>333.479534</course><hAcc>1.943989</hAcc><vAcc>1.236761</vAcc></extensions></trkpt>
      <trkpt lon="-117.165494" lat="32.896741"><ele>77.576094</ele><time>2024-08-20T02:16:12Z</time><extensions><speed>1.096813</speed><course>328.810070</course><hAcc>1.975676</hAcc><vAcc>1.233431</vAcc></extensions></trkpt>
      <trkpt lon="-117.165501" lat="32.896749"><ele>77.782335</ele><time>2024-08-20T02:16:13Z</time><extensions><speed>1.087296</speed><course>320.995595</course><hAcc>2.001257</hAcc><vAcc>1.229885</vAcc></extensions></trkpt>
      <trkpt lon="-117.165509" lat="32.896756"><ele>77.958473</ele><time>2024-08-20T02:16:14Z</time><extensions><speed>1.036916</speed><course>313.717799</course><hAcc>2.011268</hAcc><vAcc>1.228972</vAcc></extensions></trkpt>
      <trkpt lon="-117.165517" lat="32.896762"><ele>78.131248</ele><time>2024-08-20T02:16:15Z</time><extensions><speed>0.957485</speed><course>309.019863</course><hAcc>2.000713</hAcc><vAcc>1.224136</vAcc></extensions></trkpt>
      <trkpt lon="-117.165524" lat="32.896767"><ele>78.261609</ele><time>2024-08-20T02:16:16Z</time><extensions><speed>0.844904</speed><course>314.137756</course><hAcc>2.007153</hAcc><vAcc>1.217004</vAcc></extensions></trkpt>
      <trkpt lon="-117.165530" lat="32.896773"><ele>78.406456</ele><time>2024-08-20T02:16:17Z</time><extensions><speed>0.886563</speed><course>325.163221</course><hAcc>2.029326</hAcc><vAcc>1.209093</vAcc></extensions></trkpt>
      <trkpt lon="-117.165536" lat="32.896780"><ele>78.551333</ele><time>2024-08-20T02:16:18Z</time><extensions><speed>0.912901</speed><course>331.482319</course><hAcc>2.052518</hAcc><vAcc>1.200362</vAcc></extensions></trkpt>
      <trkpt lon="-117.165541" lat="32.896786"><ele>78.704258</ele><time>2024-08-20T02:16:19Z</time><extensions><speed>0.786756</speed><course>325.488822</course><hAcc>2.054425</hAcc><vAcc>1.191933</vAcc></extensions></trkpt>
      <trkpt lon="-117.165547" lat="32.896791"><ele>78.855924</ele><time>2024-08-20T02:16:20Z</time><extensions><speed>0.665668</speed><course>296.789009</course><hAcc>2.023364</hAcc><vAcc>1.182942</vAcc></extensions></trkpt>
      <trkpt lon="-117.165554" lat="32.896792"><ele>79.001634</ele><time>2024-08-20T02:16:21Z</time><extensions><speed>0.723544</speed><course>268.330801</course><hAcc>2.025604</hAcc><vAcc>1.173683</vAcc></extensions></trkpt>
      <trkpt lon="-117.165564" lat="32.896791"><ele>79.153931</ele><time>2024-08-20T02:16:22Z</time><extensions><speed>1.140698</speed><course>263.344272</course><hAcc>2.020507</hAcc><vAcc>1.164136</vAcc></extensions></trkpt>
      <trkpt lon="-117.165578" lat="32.896789"><ele>79.293168</ele><time>2024-08-20T02:16:23Z</time><extensions><speed>1.302193</speed><course>262.304473</course><hAcc>2.044944</hAcc><vAcc>1.155924</vAcc></extensions></trkpt>
      <trkpt lon="-117.165591" lat="32.896787"><ele>79.422600</ele><time>2024-08-20T02:16:24Z</time><extensions><speed>1.135802</speed><course>262.528525</course><hAcc>2.088426</hAcc><vAcc>1.147097</vAcc></extensions></trkpt>
      <trkpt lon="-117.165603" lat="32.896786"><ele>79.540620</ele><time>2024-08-20T02:16:25Z</time><extensions><speed>1.095052</speed><course>269.322582</course><hAcc>2.070134</hAcc><vAcc>1.138106</vAcc></extensions></trkpt>
      <trkpt lon="-117.165615" lat="32.896787"><ele>79.656177</ele><time>2024-08-20T02:16:26Z</time><extensions><speed>1.069092</speed><course>272.059981</course><hAcc>2.062275</hAcc><vAcc>1.131201</vAcc></extensions></trkpt>
      <trkpt lon="-117.165627" lat="32.896787"><ele>79.770133</ele><time>2024-08-20T02:16:27Z</time><extensions><speed>1.117240</speed><course>271.469878</course><hAcc>2.089068</hAcc><vAcc>1.124491</vAcc></extensions></trkpt>
      <trkpt lon="-117.165639" lat="32.896787"><ele>79.876718</ele><time>2024-08-20T02:16:28Z</time><extensions><speed>1.192043</speed><course>269.854452</course><hAcc>2.132965</hAcc><vAcc>1.118163</vAcc></extensions></trkpt>
      <trkpt lon="-117.165651" lat="32.896788"><ele>79.954739</ele><time>2024-08-20T02:16:29Z</time><extensions><speed>1.127904</speed><course>268.928869</course><hAcc>2.146309</hAcc><vAcc>1.113984</vAcc></extensions></trkpt>
      <trkpt lon="-117.165664" lat="32.896788"><ele>80.052369</ele><time>2024-08-20T02:16:30Z</time><extensions><speed>1.098312</speed><course>268.418496</course><hAcc>2.139299</hAcc><vAcc>1.110035</vAcc></extensions></trkpt>
      <trkpt lon="-117.165675" lat="32.896787"><ele>80.141147</ele><time>2024-08-20T02:16:31Z</time><extensions><speed>1.084011</speed><course>268.031630</course><hAcc>2.140324</hAcc><vAcc>1.110039</vAcc></extensions></trkpt>
      <trkpt lon="-117.165687" lat="32.896787"><ele>80.235002</ele><time>2024-08-20T02:16:32Z</time><extensions><speed>1.077628</speed><course>265.597828</course><hAcc>2.152462</hAcc><vAcc>1.112934</vAcc></extensions></trkpt>
      <trkpt lon="-117.165699" lat="32.896787"><ele>80.320414</ele><time>2024-08-20T02:16:33Z</time><extensions><speed>1.121562</speed><course>262.576589</course><hAcc>2.145216</hAcc><vAcc>1.117450</vAcc></extensions></trkpt>
      <trkpt lon="-117.165711" lat="32.896786"><ele>80.404947</ele><time>2024-08-20T02:16:34Z</time><extensions><speed>1.180815</speed><course>265.189187</course><hAcc>2.126717</hAcc><vAcc>1.122557</vAcc></extensions></trkpt>
      <trkpt lon="-117.165723" lat="32.896787"><ele>80.489465</ele><time>2024-08-20T02:16:35Z</time><extensions><speed>1.089038</speed><course>276.916930</course><hAcc>2.117351</hAcc><vAcc>1.130066</vAcc></extensions></trkpt>
      <trkpt lon="-117.165733" lat="32.896790"><ele>80.570307</ele><time>2024-08-20T02:16:36Z</time><extensions><speed>0.958117</speed><course>298.805927</course><hAcc>2.114288</hAcc><vAcc>1.141152</vAcc></extensions></trkpt>
      <trkpt lon="-117.165741" lat="32.896795"><ele>80.643098</ele><time>2024-08-20T02:16:37Z</time><extensions><speed>0.943637</speed><course>319.752392</course><hAcc>2.049607</hAcc><vAcc>1.152257</vAcc></extensions></trkpt>
      <trkpt lon="-117.165748" lat="32.896803"><ele>80.719858</ele><time>2024-08-20T02:16:38Z</time><extensions><speed>1.079937</speed><course>328.890639</course><hAcc>1.996211</hAcc><vAcc>1.166115</vAcc></extensions></trkpt>
      <trkpt lon="-117.165755" lat="32.896812"><ele>80.797250</ele><time>2024-08-20T02:16:39Z</time><extensions><speed>1.227095</speed><course>326.827181</course><hAcc>1.983299</hAcc><vAcc>1.178249</vAcc></extensions></trkpt>
      <trkpt lon="-117.165763" lat="32.896822"><ele>80.874846</ele><time>2024-08-20T02:16:40Z</time><extensions><speed>1.316145</speed><course>321.910464</course><hAcc>1.993907</hAcc><vAcc>1.190365</vAcc></extensions></trkpt>
      <trkpt lon="-117.165772" lat="32.896831"><ele>80.954123</ele><time>2024-08-20T02:16:41Z</time><extensions><speed>1.182361</speed><course>318.338830</course><hAcc>2.016004</hAcc><vAcc>1.202024</vAcc></extensions></trkpt>
      <trkpt lon="-117.165781" lat="32.896839"><ele>81.046578</ele><time>2024-08-20T02:16:42Z</time><extensions><speed>1.264539</speed><course>322.261399</course><hAcc>2.002277</hAcc><vAcc>1.212601</vAcc></extensions></trkpt>
      <trkpt lon="-117.165789" lat="32.896849"><ele>81.140303</ele><time>2024-08-20T02:16:43Z</time><extensions><speed>1.263615</speed><course>326.972053</course><hAcc>1.959546</hAcc><vAcc>1.220620</vAcc></extensions></trkpt>
      <trkpt lon="-117.165797" lat="32.896859"><ele>81.249748</ele><time>2024-08-20T02:16:44Z</time><extensions><speed>1.236201</speed><course>326.126490</course><hAcc>1.936543</hAcc><vAcc>1.230642</vAcc></extensions></trkpt>
      <trkpt lon="-117.165804" lat="32.896868"><ele>81.368299</ele><time>2024-08-20T02:16:45Z</time><extensions><speed>1.234797</speed><course>321.859013</course><hAcc>1.934317</hAcc><vAcc>1.234468</vAcc></extensions></trkpt>
      <trkpt lon="-117.165813" lat="32.896877"><ele>81.500094</ele><time>2024-08-20T02:16:46Z</time><extensions><speed>1.284993</speed><course>315.918359</course><hAcc>1.944681</hAcc><vAcc>1.234786</vAcc></extensions></trkpt>
      <trkpt lon="-117.165823" lat="32.896886"><ele>81.635718</ele><time>2024-08-20T02:16:47Z</time><extensions><speed>1.515104</speed><course>310.001908</course><hAcc>1.936779</hAcc><vAcc>1.235513</vAcc></extensions></trkpt>
      <trkpt lon="-117.165835" lat="32.896894"><ele>81.786909</ele><time>2024-08-20T02:16:48Z</time><extensions><speed>1.381126</speed><course>306.534700</course><hAcc>1.935821</hAcc><vAcc>1.234372</vAcc></extensions></trkpt>
      <trkpt lon="-117.165846" lat="32.896902"><ele>81.936618</ele><time>2024-08-20T02:16:49Z</time><extensions><speed>1.367475</speed><course>307.313436</course><hAcc>1.913811</hAcc><vAcc>1.233079</vAcc></extensions></trkpt>
      <trkpt lon="-117.165857" lat="32.896910"><ele>82.094677</ele><time>2024-08-20T02:16:50Z</time><extensions><speed>1.340515</speed><course>312.304856</course><hAcc>1.894198</hAcc><vAcc>1.228657</vAcc></extensions></trkpt>
      <trkpt lon="-117.165867" lat="32.896918"><ele>82.258725</ele><time>2024-08-20T02:16:51Z</time><extensions><speed>1.333293</speed><course>316.638402</course><hAcc>1.881761</hAcc><vAcc>1.222348</vAcc></extensions></trkpt>
      <trkpt lon="-117.165876" lat="32.896927"><ele>82.429629</ele><time>2024-08-20T02:16:52Z</time><extensions><speed>1.371736</speed><course>322.109133</course><hAcc>1.870384</hAcc><vAcc>1.213389</vAcc></extensions></trkpt>
      <trkpt lon="-117.165884" lat="32.896938"><ele>82.605470</ele><time>2024-08-20T02:16:53Z</time><extensions><speed>1.382818</speed><course>329.845126</course><hAcc>1.863581</hAcc><vAcc>1.200943</vAcc></extensions></trkpt>
      <trkpt lon="-117.165890" lat="32.896949"><ele>82.764115</ele><time>2024-08-20T02:16:54Z</time><extensions><speed>1.221457</speed><course>343.051252</course><hAcc>1.865372</hAcc><vAcc>1.186832</vAcc></extensions></trkpt>
      <trkpt lon="-117.165892" lat="32.896959"><ele>82.920410</ele><time>2024-08-20T02:16:55Z</time><extensions><speed>1.210593</speed><course>358.494106</course><hAcc>1.841434</hAcc><vAcc>1.175710</vAcc></extensions></trkpt>
      <trkpt lon="-117.165890" lat="32.896970"><ele>83.055133</ele><time>2024-08-20T02:16:56Z</time><extensions><speed>1.229485</speed><course>11.687147</course><hAcc>1.825825</hAcc><vAcc>1.164336</vAcc></extensions></trkpt>
      <trkpt lon="-117.165887" lat="32.896981"><ele>83.183192</ele><time>2024-08-20T02:16:57Z</time><extensions><speed>1.323031</speed><course>18.517511</course><hAcc>1.817014</hAcc><vAcc>1.151937</vAcc></extensions></trkpt>
      <trkpt lon="-117.165881" lat="32.896992"><ele>83.293584</ele><time>2024-08-20T02:16:58Z</time><extensions><speed>1.272809</speed><course>26.784923</course><hAcc>1.807028</hAcc><vAcc>1.138803</vAcc></extensions></trkpt>
      <trkpt lon="-117.165875" lat="32.897002"><ele>83.392409</ele><time>2024-08-20T02:16:59Z</time><extensions><speed>1.269729</speed><course>31.926357</course><hAcc>1.808242</hAcc><vAcc>1.126479</vAcc></extensions></trkpt>
      <trkpt lon="-117.165868" lat="32.897012"><ele>83.476845</ele><time>2024-08-20T02:17:00Z</time><extensions><speed>1.240376</speed><course>32.062210</course><hAcc>1.795446</hAcc><vAcc>1.114447</vAcc></extensions></trkpt>
      <trkpt lon="-117.165861" lat="32.897021"><ele>83.567988</ele><time>2024-08-20T02:17:01Z</time><extensions><speed>1.156196</speed><course>27.421021</course><hAcc>1.780343</hAcc><vAcc>1.103863</vAcc></extensions></trkpt>
      <trkpt lon="-117.165856" lat="32.897031"><ele>83.647053</ele><time>2024-08-20T02:17:02Z</time><extensions><speed>1.229907</speed><course>20.454935</course><hAcc>1.771628</hAcc><vAcc>1.093868</vAcc></extensions></trkpt>
      <trkpt lon="-117.165852" lat="32.897042"><ele>83.736001</ele><time>2024-08-20T02:17:03Z</time><extensions><speed>1.300982</speed><course>16.634965</course><hAcc>1.762607</hAcc><vAcc>1.087287</vAcc></extensions></trkpt>
      <trkpt lon="-117.165848" lat="32.897053"><ele>83.828660</ele><time>2024-08-20T02:17:04Z</time><extensions><speed>1.276318</speed><course>16.477289</course><hAcc>1.757698</hAcc><vAcc>1.080028</vAcc></extensions></trkpt>
      <trkpt lon="-117.165845" lat="32.897063"><ele>83.897397</ele><time>2024-08-20T02:17:05Z</time><extensions><speed>1.099541</speed><course>14.062642</course><hAcc>1.753897</hAcc><vAcc>1.075690</vAcc></extensions></trkpt>
      <trkpt lon="-117.165843" lat="32.897072"><ele>83.972183</ele><time>2024-08-20T02:17:06Z</time><extensions><speed>1.006549</speed><course>10.995633</course><hAcc>1.739878</hAcc><vAcc>1.071071</vAcc></extensions></trkpt>
      <trkpt lon="-117.165841" lat="32.897081"><ele>84.058082</ele><time>2024-08-20T02:17:07Z</time><extensions><speed>1.028848</speed><course>6.995063</course><hAcc>1.726326</hAcc><vAcc>1.066909</vAcc></extensions></trkpt>
      <trkpt lon="-117.165840" lat="32.897091"><ele>84.151309</ele><time>2024-08-20T02:17:08Z</time><extensions><speed>1.038222</speed><course>8.092871</course><hAcc>1.703380</hAcc><vAcc>1.064410</vAcc></extensions></trkpt>
      <trkpt lon="-117.165838" lat="32.897100"><ele>84.243558</ele><time>2024-08-20T02:17:09Z</time><extensions><speed>1.112285</speed><course>7.754125</course><hAcc>1.679156</hAcc><vAcc>1.061908</vAcc></extensions></trkpt>
      <trkpt lon="-117.165837" lat="32.897110"><ele>84.334867</ele><time>2024-08-20T02:17:10Z</time><extensions><speed>1.173301</speed><course>2.871729</course><hAcc>1.656759</hAcc><vAcc>1.058588</vAcc></extensions></trkpt>
      <trkpt lon="-117.165837" lat="32.897121"><ele>84.432636</ele><time>2024-08-20T02:17:11Z</time><extensions><speed>1.257668</speed><course>358.935232</course><hAcc>1.640134</hAcc><vAcc>1.053361</vAcc></extensions></trkpt>
      <trkpt lon="-117.165837" lat="32.897133"><ele>84.527312</ele><time>2024-08-20T02:17:12Z</time><extensions><speed>1.312115</speed><course>359.456223</course><hAcc>1.625778</hAcc><vAcc>1.049463</vAcc></extensions></trkpt>
      <trkpt lon="-117.165838" lat="32.897144"><ele>84.627649</ele><time>2024-08-20T02:17:13Z</time><extensions><speed>1.183691</speed><course>359.671170</course><hAcc>1.632596</hAcc><vAcc>1.046408</vAcc></extensions></trkpt>
      <trkpt lon="-117.165838" lat="32.897155"><ele>84.743977</ele><time>2024-08-20T02:17:14Z</time><extensions><speed>1.178985</speed><course>353.584173</course><hAcc>1.603668</hAcc><vAcc>1.043892</vAcc></extensions></trkpt>
      <trkpt lon="-117.165840" lat="32.897165"><ele>84.874580</ele><time>2024-08-20T02:17:15Z</time><extensions><speed>1.116724</speed><course>353.149875</course><hAcc>1.612846</hAcc><vAcc>1.040092</vAcc></extensions></trkpt>
      <trkpt lon="-117.165842" lat="32.897175"><ele>85.008263</ele><time>2024-08-20T02:17:16Z</time><extensions><speed>1.106564</speed><course>348.799448</course><hAcc>1.572358</hAcc><vAcc>1.036564</vAcc></extensions></trkpt>
      <trkpt lon="-117.165844" lat="32.897185"><ele>85.141565</ele><time>2024-08-20T02:17:17Z</time><extensions><speed>1.137331</speed><course>347.970336</course><hAcc>1.553065</hAcc><vAcc>1.032049</vAcc></extensions></trkpt>
      <trkpt lon="-117.165847" lat="32.897195"><ele>85.288344</ele><time>2024-08-20T02:17:18Z</time><extensions><speed>1.165550</speed><course>346.773320</course><hAcc>1.558915</hAcc><vAcc>1.026963</vAcc></extensions></trkpt>
      <trkpt lon="-117.165850" lat="32.897205"><ele>85.432877</ele><time>2024-08-20T02:17:19Z</time><extensions><speed>1.096346</speed><course>347.996926</course><hAcc>1.572781</hAcc><vAcc>1.021622</vAcc></extensions></trkpt>
      <trkpt lon="-117.165852" lat="32.897215"><ele>85.572340</ele><time>2024-08-20T02:17:20Z</time><extensions><speed>1.050242</speed><course>348.267833</course><hAcc>1.557194</hAcc><vAcc>1.016800</vAcc></extensions></trkpt>
      <trkpt lon="-117.165855" lat="32.897224"><ele>85.731093</ele><time>2024-08-20T02:17:21Z</time><extensions><speed>1.139064</speed><course>350.456070</course><hAcc>1.553417</hAcc><vAcc>1.012403</vAcc></extensions></trkpt>
      <trkpt lon="-117.165857" lat="32.897235"><ele>85.892045</ele><time>2024-08-20T02:17:22Z</time><extensions><speed>1.243106</speed><course>349.564234</course><hAcc>1.563682</hAcc><vAcc>1.009259</vAcc></extensions></trkpt>
      <trkpt lon="-117.165860" lat="32.897246"><ele>86.052492</ele><time>2024-08-20T02:17:23Z</time><extensions><speed>1.302859</speed><course>347.961031</course><hAcc>1.571664</hAcc><vAcc>1.006345</vAcc></extensions></trkpt>
      <trkpt lon="-117.165863" lat="32.897258"><ele>86.229200</ele><time>2024-08-20T02:17:24Z</time><extensions><speed>1.316254</speed><course>347.164348</course><hAcc>1.569701</hAcc><vAcc>1.004392</vAcc></extensions></trkpt>
      <trkpt lon="-117.165866" lat="32.897269"><ele>86.417352</ele><time>2024-08-20T02:17:25Z</time><extensions><speed>1.282142</speed><course>348.382902</course><hAcc>1.570284</hAcc><vAcc>1.003999</vAcc></extensions></trkpt>
      <trkpt lon="-117.165868" lat="32.897280"><ele>86.604176</ele><time>2024-08-20T02:17:26Z</time><extensions><speed>1.244317</speed><course>352.115564</course><hAcc>1.576854</hAcc><vAcc>1.001592</vAcc></extensions></trkpt>
      <trkpt lon="-117.165870" lat="32.897291"><ele>86.792321</ele><time>2024-08-20T02:17:27Z</time><extensions><speed>1.152679</speed><course>352.732664</course><hAcc>1.568227</hAcc><vAcc>0.998642</vAcc></extensions></trkpt>
      <trkpt lon="-117.165872" lat="32.897301"><ele>87.008426</ele><time>2024-08-20T02:17:28Z</time><extensions><speed>1.108414</speed><course>350.833493</course><hAcc>1.559519</hAcc><vAcc>0.995606</vAcc></extensions></trkpt>
      <trkpt lon="-117.165874" lat="32.897311"><ele>87.230350</ele><time>2024-08-20T02:17:29Z</time><extensions><speed>1.089238</speed><course>348.956928</course><hAcc>1.551764</hAcc><vAcc>0.992213</vAcc></extensions></trkpt>
      <trkpt lon="-117.165876" lat="32.897320"><ele>87.440470</ele><time>2024-08-20T02:17:30Z</time><extensions><speed>1.035775</speed><course>345.746308</course><hAcc>1.543096</hAcc><vAcc>0.987951</vAcc></extensions></trkpt>
      <trkpt lon="-117.165879" lat="32.897329"><ele>87.664082</ele><time>2024-08-20T02:17:31Z</time><extensions><speed>0.963366</speed><course>339.309795</course><hAcc>1.537103</hAcc><vAcc>0.983054</vAcc></extensions></trkpt>
      <trkpt lon="-117.165883" lat="32.897337"><ele>87.905195</ele><time>2024-08-20T02:17:32Z</time><extensions><speed>0.952997</speed><course>339.696050</course><hAcc>1.542646</hAcc><vAcc>0.977619</vAcc></extensions></trkpt>
      <trkpt lon="-117.165886" lat="32.897345"><ele>88.149613</ele><time>2024-08-20T02:17:33Z</time><extensions><speed>0.974220</speed><course>340.920095</course><hAcc>1.532250</hAcc><vAcc>0.970422</vAcc></extensions></trkpt>
      <trkpt lon="-117.165890" lat="32.897354"><ele>88.375711</ele><time>2024-08-20T02:17:34Z</time><extensions><speed>1.080990</speed><course>340.582009</course><hAcc>1.528877</hAcc><vAcc>0.962808</vAcc></extensions></trkpt>
      <trkpt lon="-117.165894" lat="32.897363"><ele>88.594476</ele><time>2024-08-20T02:17:35Z</time><extensions><speed>1.119382</speed><course>342.134547</course><hAcc>1.536956</hAcc><vAcc>0.954271</vAcc></extensions></trkpt>
      <trkpt lon="-117.165897" lat="32.897373"><ele>88.801689</ele><time>2024-08-20T02:17:36Z</time><extensions><speed>1.099535</speed><course>344.171111</course><hAcc>1.534890</hAcc><vAcc>0.945232</vAcc></extensions></trkpt>
      <trkpt lon="-117.165900" lat="32.897382"><ele>88.981548</ele><time>2024-08-20T02:17:37Z</time><extensions><speed>1.058786</speed><course>349.029685</course><hAcc>1.534096</hAcc><vAcc>0.935146</vAcc></extensions></trkpt>
      <trkpt lon="-117.165901" lat="32.897391"><ele>89.154202</ele><time>2024-08-20T02:17:38Z</time><extensions><speed>1.030173</speed><course>354.624894</course><hAcc>1.531427</hAcc><vAcc>0.924412</vAcc></extensions></trkpt>
      <trkpt lon="-117.165902" lat="32.897401"><ele>89.327245</ele><time>2024-08-20T02:17:39Z</time><extensions><speed>0.999008</speed><course>357.583856</course><hAcc>1.538850</hAcc><vAcc>0.913727</vAcc></extensions></trkpt>
      <trkpt lon="-117.165903" lat="32.897409"><ele>89.506425</ele><time>2024-08-20T02:17:40Z</time><extensions><speed>0.962410</speed><course>356.298673</course><hAcc>1.548238</hAcc><vAcc>0.903721</vAcc></extensions></trkpt>
      <trkpt lon="-117.165903" lat="32.897418"><ele>89.686581</ele><time>2024-08-20T02:17:41Z</time><extensions><speed>0.941594</speed><course>355.817635</course><hAcc>1.549272</hAcc><vAcc>0.893888</vAcc></extensions></trkpt>
      <trkpt lon="-117.165904" lat="32.897426"><ele>89.853363</ele><time>2024-08-20T02:17:42Z</time><extensions><speed>0.874087</speed><course>359.031676</course><hAcc>1.533655</hAcc><vAcc>0.884690</vAcc></extensions></trkpt>
      <trkpt lon="-117.165904" lat="32.897434"><ele>90.005436</ele><time>2024-08-20T02:17:43Z</time><extensions><speed>0.841736</speed><course>1.426447</course><hAcc>1.530759</hAcc><vAcc>0.876608</vAcc></extensions></trkpt>
      <trkpt lon="-117.165904" lat="32.897442"><ele>90.143911</ele><time>2024-08-20T02:17:44Z</time><extensions><speed>0.845091</speed><course>3.207333</course><hAcc>1.536903</hAcc><vAcc>0.869934</vAcc></extensions></trkpt>
      <trkpt lon="-117.165903" lat="32.897450"><ele>90.282621</ele><time>2024-08-20T02:17:45Z</time><extensions><speed>1.016342</speed><course>3.230812</course><hAcc>1.553061</hAcc><vAcc>0.864930</vAcc></extensions></trkpt>
      <trkpt lon="-117.165903" lat="32.897459"><ele>90.420488</ele><time>2024-08-20T02:17:46Z</time><extensions><speed>1.098249</speed><course>2.652730</course><hAcc>1.550940</hAcc><vAcc>0.861213</vAcc></extensions></trkpt>
      <trkpt lon="-117.165902" lat="32.897469"><ele>90.555677</ele><time>2024-08-20T02:17:47Z</time><extensions><speed>1.055958</speed><course>4.228616</course><hAcc>1.529709</hAcc><vAcc>0.858559</vAcc></extensions></trkpt>
      <trkpt lon="-117.165901" lat="32.897478"><ele>90.692316</ele><time>2024-08-20T02:17:48Z</time><extensions><speed>1.016486</speed><course>4.339566</course><hAcc>1.525000</hAcc><vAcc>0.856893</vAcc></extensions></trkpt>
      <trkpt lon="-117.165901" lat="32.897488"><ele>90.829282</ele><time>2024-08-20T02:17:49Z</time><extensions><speed>1.105548</speed><course>0.518399</course><hAcc>1.525074</hAcc><vAcc>0.856873</vAcc></extensions></trkpt>
      <trkpt lon="-117.165901" lat="32.897498"><ele>90.960314</ele><time>2024-08-20T02:17:50Z</time><extensions><speed>1.152890</speed><course>357.215606</course><hAcc>1.514668</hAcc><vAcc>0.858583</vAcc></extensions></trkpt>
      <trkpt lon="-117.165902" lat="32.897509"><ele>91.097448</ele><time>2024-08-20T02:17:51Z</time><extensions><speed>1.153789</speed><course>355.179998</course><hAcc>1.501115</hAcc><vAcc>0.859878</vAcc></extensions></trkpt>
      <trkpt lon="-117.165903" lat="32.897519"><ele>91.217668</ele><time>2024-08-20T02:17:52Z</time><extensions><speed>1.138324</speed><course>354.936854</course><hAcc>1.495504</hAcc><vAcc>0.860671</vAcc></extensions></trkpt>
      <trkpt lon="-117.165904" lat="32.897529"><ele>91.325472</ele><time>2024-08-20T02:17:53Z</time><extensions><speed>1.190614</speed><course>351.962184</course><hAcc>1.492017</hAcc><vAcc>0.861374</vAcc></extensions></trkpt>
      <trkpt lon="-117.165906" lat="32.897540"><ele>91.432319</ele><time>2024-08-20T02:17:54Z</time><extensions><speed>1.220956</speed><course>352.779565</course><hAcc>1.487614</hAcc><vAcc>0.862712</vAcc></extensions></trkpt>
      <trkpt lon="-117.165908" lat="32.897551"><ele>91.546279</ele><time>2024-08-20T02:17:55Z</time><extensions><speed>1.165569</speed><course>350.837030</course><hAcc>1.486933</hAcc><vAcc>0.864249</vAcc></extensions></trkpt>
      <trkpt lon="-117.165910" lat="32.897560"><ele>91.655658</ele><time>2024-08-20T02:17:56Z</time><extensions><speed>1.025684</speed><course>351.255049</course><hAcc>1.482539</hAcc><vAcc>0.864911</vAcc></extensions></trkpt>
      <trkpt lon="-117.165911" lat="32.897570"><ele>91.761732</ele><time>2024-08-20T02:17:57Z</time><extensions><speed>1.051100</speed><course>352.506762</course><hAcc>1.482047</hAcc><vAcc>0.864796</vAcc></extensions></trkpt>
      <trkpt lon="-117.165913" lat="32.897579"><ele>91.864216</ele><time>2024-08-20T02:17:58Z</time><extensions><speed>1.098200</speed><course>354.223952</course><hAcc>1.483594</hAcc><vAcc>0.864696</vAcc></extensions></trkpt>
      <trkpt lon="-117.165914" lat="32.897589"><ele>91.957509</ele><time>2024-08-20T02:17:59Z</time><extensions><speed>1.065759</speed><course>355.458421</course><hAcc>1.481976</hAcc><vAcc>0.864790</vAcc></extensions></trkpt>
      <trkpt lon="-117.165915" lat="32.897599"><ele>92.046766</ele><time>2024-08-20T02:18:00Z</time><extensions><speed>1.083307</speed><course>352.287372</course><hAcc>1.476352</hAcc><vAcc>0.864528</vAcc></extensions></trkpt>
      <trkpt lon="-117.165917" lat="32.897608"><ele>92.143494</ele><time>2024-08-20T02:18:01Z</time><extensions><speed>1.120527</speed><course>349.677277</course><hAcc>1.464606</hAcc><vAcc>0.864100</vAcc></extensions></trkpt>
      <trkpt lon="-117.165919" lat="32.897618"><ele>92.246846</ele><time>2024-08-20T02:18:02Z</time><extensions><speed>1.069166</speed><course>348.808890</course><hAcc>1.458435</hAcc><vAcc>0.864409</vAcc></extensions></trkpt>
      <trkpt lon="-117.165921" lat="32.897627"><ele>92.353123</ele><time>2024-08-20T02:18:03Z</time><extensions><speed>1.038109</speed><course>345.992562</course><hAcc>1.452667</hAcc><vAcc>0.865204</vAcc></extensions></trkpt>
      <trkpt lon="-117.165924" lat="32.897636"><ele>92.454250</ele><time>2024-08-20T02:18:04Z</time><extensions><speed>1.038379</speed><course>342.278870</course><hAcc>1.447520</hAcc><vAcc>0.866028</vAcc></extensions></trkpt>
      <trkpt lon="-117.165928" lat="32.897645"><ele>92.560776</ele><time>2024-08-20T02:18:05Z</time><extensions><speed>1.051952</speed><course>337.457110</course><hAcc>1.431306</hAcc><vAcc>0.866163</vAcc></extensions></trkpt>
      <trkpt lon="-117.165933" lat="32.897654"><ele>92.669914</ele><time>2024-08-20T02:18:06Z</time><extensions><speed>1.177561</speed><course>334.403237</course><hAcc>1.416211</hAcc><vAcc>0.866298</vAcc></extensions></trkpt>
      <trkpt lon="-117.165939" lat="32.897664"><ele>92.784706</ele><time>2024-08-20T02:18:07Z</time><extensions><speed>1.286103</speed><course>333.871284</course><hAcc>1.401433</hAcc><vAcc>0.865880</vAcc></extensions></trkpt>
      <trkpt lon="-117.165945" lat="32.897675"><ele>92.907101</ele><time>2024-08-20T02:18:08Z</time><extensions><speed>1.314943</speed><course>336.044167</course><hAcc>1.403317</hAcc><vAcc>0.864467</vAcc></extensions></trkpt>
      <trkpt lon="-117.165949" lat="32.897685"><ele>93.033333</ele><time>2024-08-20T02:18:09Z</time><extensions><speed>1.093429</speed><course>343.257126</course><hAcc>1.412645</hAcc><vAcc>0.862739</vAcc></extensions></trkpt>
      <trkpt lon="-117.165952" lat="32.897694"><ele>93.167210</ele><time>2024-08-20T02:18:10Z</time><extensions><speed>0.981620</speed><course>350.189451</course><hAcc>1.387539</hAcc><vAcc>0.861097</vAcc></extensions></trkpt>
      <trkpt lon="-117.165954" lat="32.897703"><ele>93.298216</ele><time>2024-08-20T02:18:11Z</time><extensions><speed>0.949300</speed><course>351.879836</course><hAcc>1.367458</hAcc><vAcc>0.857918</vAcc></extensions></trkpt>
      <trkpt lon="-117.165955" lat="32.897711"><ele>93.422704</ele><time>2024-08-20T02:18:12Z</time><extensions><speed>0.991763</speed><course>352.750759</course><hAcc>1.357625</hAcc><vAcc>0.854166</vAcc></extensions></trkpt>
      <trkpt lon="-117.165956" lat="32.897721"><ele>93.547832</ele><time>2024-08-20T02:18:13Z</time><extensions><speed>1.081407</speed><course>353.001607</course><hAcc>1.372438</hAcc><vAcc>0.849171</vAcc></extensions></trkpt>
      <trkpt lon="-117.165958" lat="32.897730"><ele>93.674523</ele><time>2024-08-20T02:18:14Z</time><extensions><speed>1.082701</speed><course>355.150906</course><hAcc>1.383700</hAcc><vAcc>0.843698</vAcc></extensions></trkpt>
      <trkpt lon="-117.165959" lat="32.897740"><ele>93.808833</ele><time>2024-08-20T02:18:15Z</time><extensions><speed>1.064688</speed><course>352.578189</course><hAcc>1.355357</hAcc><vAcc>0.838318</vAcc></extensions></trkpt>
      <trkpt lon="-117.165961" lat="32.897750"><ele>93.954014</ele><time>2024-08-20T02:18:16Z</time><extensions><speed>1.148444</speed><course>348.648202</course><hAcc>1.341323</hAcc><vAcc>0.832829</vAcc></extensions></trkpt>
      <trkpt lon="-117.165964" lat="32.897760"><ele>94.088612</ele><time>2024-08-20T02:18:17Z</time><extensions><speed>1.220960</speed><course>345.496030</course><hAcc>1.333899</hAcc><vAcc>0.827188</vAcc></extensions></trkpt>
      <trkpt lon="-117.165968" lat="32.897771"><ele>94.211698</ele><time>2024-08-20T02:18:18Z</time><extensions><speed>1.233160</speed><course>340.939061</course><hAcc>1.322426</hAcc><vAcc>0.821551</vAcc></extensions></trkpt>
      <trkpt lon="-117.165972" lat="32.897782"><ele>94.347888</ele><time>2024-08-20T02:18:19Z</time><extensions><speed>1.246826</speed><course>340.161641</course><hAcc>1.327256</hAcc><vAcc>0.816889</vAcc></extensions></trkpt>
      <trkpt lon="-117.165977" lat="32.897792"><ele>94.463280</ele><time>2024-08-20T02:18:20Z</time><extensions><speed>1.193364</speed><course>339.707230</course><hAcc>1.356405</hAcc><vAcc>0.812506</vAcc></extensions></trkpt>
      <trkpt lon="-117.165981" lat="32.897801"><ele>94.568879</ele><time>2024-08-20T02:18:21Z</time><extensions><speed>1.071541</speed><course>338.167411</course><hAcc>1.322488</hAcc><vAcc>0.808644</vAcc></extensions></trkpt>
      <trkpt lon="-117.165985" lat="32.897810"><ele>94.667983</ele><time>2024-08-20T02:18:22Z</time><extensions><speed>1.077673</speed><course>341.018343</course><hAcc>1.306420</hAcc><vAcc>0.805165</vAcc></extensions></trkpt>
      <trkpt lon="-117.165989" lat="32.897820"><ele>94.763086</ele><time>2024-08-20T02:18:23Z</time><extensions><speed>1.248120</speed><course>344.512005</course><hAcc>1.308063</hAcc><vAcc>0.802352</vAcc></extensions></trkpt>
      <trkpt lon="-117.165992" lat="32.897832"><ele>94.851520</ele><time>2024-08-20T02:18:24Z</time><extensions><speed>1.343780</speed><course>348.568442</course><hAcc>1.321607</hAcc><vAcc>0.799726</vAcc></extensions></trkpt>
      <trkpt lon="-117.165994" lat="32.897843"><ele>94.925381</ele><time>2024-08-20T02:18:25Z</time><extensions><speed>1.150250</speed><course>350.486037</course><hAcc>1.352524</hAcc><vAcc>0.797045</vAcc></extensions></trkpt>
      <trkpt lon="-117.165997" lat="32.897853"><ele>94.980563</ele><time>2024-08-20T02:18:26Z</time><extensions><speed>1.102038</speed><course>347.274058</course><hAcc>1.319895</hAcc><vAcc>0.794397</vAcc></extensions></trkpt>
      <trkpt lon="-117.165999" lat="32.897862"><ele>95.028979</ele><time>2024-08-20T02:18:27Z</time><extensions><speed>1.035725</speed><course>344.371629</course><hAcc>1.334400</hAcc><vAcc>0.791871</vAcc></extensions></trkpt>
      <trkpt lon="-117.166003" lat="32.897871"><ele>95.059717</ele><time>2024-08-20T02:18:28Z</time><extensions><speed>0.933125</speed><course>341.235911</course><hAcc>1.358141</hAcc><vAcc>0.789796</vAcc></extensions></trkpt>
      <trkpt lon="-117.166006" lat="32.897878"><ele>95.081972</ele><time>2024-08-20T02:18:29Z</time><extensions><speed>0.889443</speed><course>340.238484</course><hAcc>1.374058</hAcc><vAcc>0.788713</vAcc></extensions></trkpt>
      <trkpt lon="-117.166009" lat="32.897886"><ele>95.093788</ele><time>2024-08-20T02:18:30Z</time><extensions><speed>0.861222</speed><course>340.692848</course><hAcc>1.388497</hAcc><vAcc>0.788567</vAcc></extensions></trkpt>
      <trkpt lon="-117.166012" lat="32.897893"><ele>95.092055</ele><time>2024-08-20T02:18:31Z</time><extensions><speed>0.912580</speed><course>343.638749</course><hAcc>1.426853</hAcc><vAcc>0.789859</vAcc></extensions></trkpt>
      <trkpt lon="-117.166015" lat="32.897902"><ele>95.079363</ele><time>2024-08-20T02:18:32Z</time><extensions><speed>0.988810</speed><course>344.414989</course><hAcc>1.459261</hAcc><vAcc>0.793217</vAcc></extensions></trkpt>
      <trkpt lon="-117.166018" lat="32.897911"><ele>95.062570</ele><time>2024-08-20T02:18:33Z</time><extensions><speed>1.097919</speed><course>346.034126</course><hAcc>1.489674</hAcc><vAcc>0.798348</vAcc></extensions></trkpt>
      <trkpt lon="-117.166021" lat="32.897920"><ele>95.034903</ele><time>2024-08-20T02:18:34Z</time><extensions><speed>0.989874</speed><course>341.424634</course><hAcc>1.507382</hAcc><vAcc>0.805098</vAcc></extensions></trkpt>
      <trkpt lon="-117.166025" lat="32.897928"><ele>94.997838</ele><time>2024-08-20T02:18:35Z</time><extensions><speed>0.915757</speed><course>336.357056</course><hAcc>1.530890</hAcc><vAcc>0.813336</vAcc></extensions></trkpt>
      <trkpt lon="-117.166029" lat="32.897935"><ele>94.956507</ele><time>2024-08-20T02:18:36Z</time><extensions><speed>0.891642</speed><course>330.130997</course><hAcc>1.551766</hAcc><vAcc>0.822870</vAcc></extensions></trkpt>
      <trkpt lon="-117.166034" lat="32.897942"><ele>94.925079</ele><time>2024-08-20T02:18:37Z</time><extensions><speed>0.878684</speed><course>326.690140</course><hAcc>1.570079</hAcc><vAcc>0.833149</vAcc></extensions></trkpt>
      <trkpt lon="-117.166039" lat="32.897948"><ele>94.900706</ele><time>2024-08-20T02:18:38Z</time><extensions><speed>0.868097</speed><course>327.896194</course><hAcc>1.607745</hAcc><vAcc>0.843854</vAcc></extensions></trkpt>
      <trkpt lon="-117.166044" lat="32.897955"><ele>94.894023</ele><time>2024-08-20T02:18:39Z</time><extensions><speed>0.845408</speed><course>331.155119</course><hAcc>1.642048</hAcc><vAcc>0.854423</vAcc></extensions></trkpt>
      <trkpt lon="-117.166048" lat="32.897961"><ele>94.892875</ele><time>2024-08-20T02:18:40Z</time><extensions><speed>0.825702</speed><course>328.695910</course><hAcc>1.640921</hAcc><vAcc>0.864035</vAcc></extensions></trkpt>
      <trkpt lon="-117.166053" lat="32.897968"><ele>94.895330</ele><time>2024-08-20T02:18:41Z</time><extensions><speed>0.842270</speed><course>330.510891</course><hAcc>1.645385</hAcc><vAcc>0.872726</vAcc></extensions></trkpt>
      <trkpt lon="-117.166057" lat="32.897975"><ele>94.894611</ele><time>2024-08-20T02:18:42Z</time><extensions><speed>0.997294</speed><course>336.288871</course><hAcc>1.670961</hAcc><vAcc>0.879811</vAcc></extensions></trkpt>
      <trkpt lon="-117.166061" lat="32.897984"><ele>94.896733</ele><time>2024-08-20T02:18:43Z</time><extensions><speed>1.007003</speed><course>338.312565</course><hAcc>1.669564</hAcc><vAcc>0.884896</vAcc></extensions></trkpt>
      <trkpt lon="-117.166065" lat="32.897992"><ele>94.890482</ele><time>2024-08-20T02:18:44Z</time><extensions><speed>1.006646</speed><course>336.867745</course><hAcc>1.643860</hAcc><vAcc>0.889987</vAcc></extensions></trkpt>
      <trkpt lon="-117.166070" lat="32.898000"><ele>94.933056</ele><time>2024-08-20T02:18:45Z</time><extensions><speed>0.996774</speed><course>335.446564</course><hAcc>1.622917</hAcc><vAcc>0.893177</vAcc></extensions></trkpt>
      <trkpt lon="-117.166074" lat="32.898008"><ele>94.974718</ele><time>2024-08-20T02:18:46Z</time><extensions><speed>0.981045</speed><course>330.343797</course><hAcc>1.614155</hAcc><vAcc>0.894520</vAcc></extensions></trkpt>
      <trkpt lon="-117.166080" lat="32.898016"><ele>95.013008</ele><time>2024-08-20T02:18:47Z</time><extensions><speed>0.993797</speed><course>323.437769</course><hAcc>1.602439</hAcc><vAcc>0.893996</vAcc></extensions></trkpt>
      <trkpt lon="-117.166087" lat="32.898023"><ele>95.056146</ele><time>2024-08-20T02:18:48Z</time><extensions><speed>0.998217</speed><course>322.724580</course><hAcc>1.574358</hAcc><vAcc>0.892050</vAcc></extensions></trkpt>
      <trkpt lon="-117.166093" lat="32.898030"><ele>95.097108</ele><time>2024-08-20T02:18:49Z</time><extensions><speed>0.938914</speed><course>323.760990</course><hAcc>1.546143</hAcc><vAcc>0.888763</vAcc></extensions></trkpt>
      <trkpt lon="-117.166099" lat="32.898037"><ele>95.142168</ele><time>2024-08-20T02:18:50Z</time><extensions><speed>0.992259</speed><course>320.419826</course><hAcc>1.533850</hAcc><vAcc>0.884725</vAcc></extensions></trkpt>
      <trkpt lon="-117.166107" lat="32.898044"><ele>95.178513</ele><time>2024-08-20T02:18:51Z</time><extensions><speed>1.142467</speed><course>316.642673</course><hAcc>1.531880</hAcc><vAcc>0.880187</vAcc></extensions></trkpt>
      <trkpt lon="-117.166115" lat="32.898051"><ele>95.218780</ele><time>2024-08-20T02:18:52Z</time><extensions><speed>1.165901</speed><course>317.350753</course><hAcc>1.527897</hAcc><vAcc>0.875862</vAcc></extensions></trkpt>
      <trkpt lon="-117.166123" lat="32.898059"><ele>95.253231</ele><time>2024-08-20T02:18:53Z</time><extensions><speed>1.141751</speed><course>320.854140</course><hAcc>1.521460</hAcc><vAcc>0.871447</vAcc></extensions></trkpt>
      <trkpt lon="-117.166131" lat="32.898067"><ele>95.295795</ele><time>2024-08-20T02:18:54Z</time><extensions><speed>1.107428</speed><course>323.253431</course><hAcc>1.510343</hAcc><vAcc>0.867343</vAcc></extensions></trkpt>
      <trkpt lon="-117.166138" lat="32.898075"><ele>95.346294</ele><time>2024-08-20T02:18:55Z</time><extensions><speed>1.042536</speed><course>320.287740</course><hAcc>1.499217</hAcc><vAcc>0.863171</vAcc></extensions></trkpt>
      <trkpt lon="-117.166144" lat="32.898082"><ele>95.379839</ele><time>2024-08-20T02:18:56Z</time><extensions><speed>0.968670</speed><course>317.219430</course><hAcc>1.505228</hAcc><vAcc>0.859487</vAcc></extensions></trkpt>
      <trkpt lon="-117.166151" lat="32.898088"><ele>95.404826</ele><time>2024-08-20T02:18:57Z</time><extensions><speed>0.899433</speed><course>313.460578</course><hAcc>1.507851</hAcc><vAcc>0.855582</vAcc></extensions></trkpt>
      <trkpt lon="-117.166158" lat="32.898093"><ele>95.427027</ele><time>2024-08-20T02:18:58Z</time><extensions><speed>0.898783</speed><course>308.632540</course><hAcc>1.505954</hAcc><vAcc>0.851093</vAcc></extensions></trkpt>
      <trkpt lon="-117.166166" lat="32.898098"><ele>95.452006</ele><time>2024-08-20T02:18:59Z</time><extensions><speed>0.929101</speed><course>309.215086</course><hAcc>1.501290</hAcc><vAcc>0.846348</vAcc></extensions></trkpt>
      <trkpt lon="-117.166174" lat="32.898104"><ele>95.452305</ele><time>2024-08-20T02:19:00Z</time><extensions><speed>1.005866</speed><course>314.637257</course><hAcc>1.499833</hAcc><vAcc>0.841637</vAcc></extensions></trkpt>
      <trkpt lon="-117.166181" lat="32.898111"><ele>95.435285</ele><time>2024-08-20T02:19:01Z</time><extensions><speed>1.040083</speed><course>319.453159</course><hAcc>1.493594</hAcc><vAcc>0.836849</vAcc></extensions></trkpt>
      <trkpt lon="-117.166188" lat="32.898118"><ele>95.400943</ele><time>2024-08-20T02:19:02Z</time><extensions><speed>1.002565</speed><course>325.925759</course><hAcc>1.490340</hAcc><vAcc>0.831837</vAcc></extensions></trkpt>
      <trkpt lon="-117.166192" lat="32.898126"><ele>95.358016</ele><time>2024-08-20T02:19:03Z</time><extensions><speed>0.935852</speed><course>338.047663</course><hAcc>1.488990</hAcc><vAcc>0.826456</vAcc></extensions></trkpt>
      <trkpt lon="-117.166194" lat="32.898134"><ele>95.313159</ele><time>2024-08-20T02:19:04Z</time><extensions><speed>0.944656</speed><course>2.458443</course><hAcc>1.493963</hAcc><vAcc>0.820604</vAcc></extensions></trkpt>
      <trkpt lon="-117.166192" lat="32.898143"><ele>95.261717</ele><time>2024-08-20T02:19:05Z</time><extensions><speed>1.097689</speed><course>22.878989</course><hAcc>1.482111</hAcc><vAcc>0.814260</vAcc></extensions></trkpt>
      <trkpt lon="-117.166186" lat="32.898152"><ele>95.205123</ele><time>2024-08-20T02:19:06Z</time><extensions><speed>1.161248</speed><course>32.535766</course><hAcc>1.495492</hAcc><vAcc>0.807492</vAcc></extensions></trkpt>
      <trkpt lon="-117.166179" lat="32.898160"><ele>95.155501</ele><time>2024-08-20T02:19:07Z</time><extensions><speed>1.129060</speed><course>37.895149</course><hAcc>1.514842</hAcc><vAcc>0.800467</vAcc></extensions></trkpt>
      <trkpt lon="-117.166171" lat="32.898167"><ele>95.111579</ele><time>2024-08-20T02:19:08Z</time><extensions><speed>0.960501</speed><course>47.277830</course><hAcc>1.526914</hAcc><vAcc>0.793567</vAcc></extensions></trkpt>
      <trkpt lon="-117.166164" lat="32.898173"><ele>95.064713</ele><time>2024-08-20T02:19:09Z</time><extensions><speed>0.860628</speed><course>49.290762</course><hAcc>1.529921</hAcc><vAcc>0.787309</vAcc></extensions></trkpt>
      <trkpt lon="-117.166157" lat="32.898178"><ele>95.016877</ele><time>2024-08-20T02:19:10Z</time><extensions><speed>0.815728</speed><course>47.112352</course><hAcc>1.547738</hAcc><vAcc>0.781728</vAcc></extensions></trkpt>
      <trkpt lon="-117.166151" lat="32.898183"><ele>94.979760</ele><time>2024-08-20T02:19:11Z</time><extensions><speed>0.792260</speed><course>44.976106</course><hAcc>1.571938</hAcc><vAcc>0.777554</vAcc></extensions></trkpt>
      <trkpt lon="-117.166145" lat="32.898188"><ele>94.967367</ele><time>2024-08-20T02:19:12Z</time><extensions><speed>0.787506</speed><course>43.836740</course><hAcc>1.579521</hAcc><vAcc>0.774670</vAcc></extensions></trkpt>
      <trkpt lon="-117.166139" lat="32.898194"><ele>94.975517</ele><time>2024-08-20T02:19:13Z</time><extensions><speed>0.902764</speed><course>41.670613</course><hAcc>1.578150</hAcc><vAcc>0.773355</vAcc></extensions></trkpt>
      <trkpt lon="-117.166132" lat="32.898201"><ele>95.001686</ele><time>2024-08-20T02:19:14Z</time><extensions><speed>1.035827</speed><course>41.970075</course><hAcc>1.576164</hAcc><vAcc>0.773445</vAcc></extensions></trkpt>
      <trkpt lon="-117.166124" lat="32.898208"><ele>95.044995</ele><time>2024-08-20T02:19:15Z</time><extensions><speed>1.151563</speed><course>42.407250</course><hAcc>1.579762</hAcc><vAcc>0.774964</vAcc></extensions></trkpt>
      <trkpt lon="-117.166116" lat="32.898216"><ele>95.114149</ele><time>2024-08-20T02:19:16Z</time><extensions><speed>1.216633</speed><course>39.400111</course><hAcc>1.569687</hAcc><vAcc>0.777835</vAcc></extensions></trkpt>
      <trkpt lon="-117.166108" lat="32.898225"><ele>95.195662</ele><time>2024-08-20T02:19:17Z</time><extensions><speed>1.343102</speed><course>35.954798</course><hAcc>1.561898</hAcc><vAcc>0.782288</vAcc></extensions></trkpt>
      <trkpt lon="-117.166100" lat="32.898236"><ele>95.280906</ele><time>2024-08-20T02:19:18Z</time><extensions><speed>1.333069</speed><course>31.854930</course><hAcc>1.558292</hAcc><vAcc>0.787862</vAcc></extensions></trkpt>
      <trkpt lon="-117.166093" lat="32.898246"><ele>95.387302</ele><time>2024-08-20T02:19:19Z</time><extensions><speed>1.348134</speed><course>28.155780</course><hAcc>1.559737</hAcc><vAcc>0.795036</vAcc></extensions></trkpt>
      <trkpt lon="-117.166086" lat="32.898257"><ele>95.511693</ele><time>2024-08-20T02:19:20Z</time><extensions><speed>1.366750</speed><course>27.708510</course><hAcc>1.557399</hAcc><vAcc>0.802302</vAcc></extensions></trkpt>
      <trkpt lon="-117.166079" lat="32.898268"><ele>95.637294</ele><time>2024-08-20T02:19:21Z</time><extensions><speed>1.442734</speed><course>26.082187</course><hAcc>1.557574</hAcc><vAcc>0.810429</vAcc></extensions></trkpt>
      <trkpt lon="-117.166072" lat="32.898281"><ele>95.758761</ele><time>2024-08-20T02:19:22Z</time><extensions><speed>1.673189</speed><course>23.490139</course><hAcc>1.548140</hAcc><vAcc>0.818911</vAcc></extensions></trkpt>
      <trkpt lon="-117.166065" lat="32.898295"><ele>95.867540</ele><time>2024-08-20T02:19:23Z</time><extensions><speed>1.697253</speed><course>21.573565</course><hAcc>1.544930</hAcc><vAcc>0.826876</vAcc></extensions></trkpt>
      <trkpt lon="-117.166057" lat="32.898309"><ele>95.966502</ele><time>2024-08-20T02:19:24Z</time><extensions><speed>1.656677</speed><course>26.884848</course><hAcc>1.536470</hAcc><vAcc>0.834645</vAcc></extensions></trkpt>
      <trkpt lon="-117.166049" lat="32.898322"><ele>96.055759</ele><time>2024-08-20T02:19:25Z</time><extensions><speed>1.525813</speed><course>30.724855</course><hAcc>1.527672</hAcc><vAcc>0.841885</vAcc></extensions></trkpt>
      <trkpt lon="-117.166042" lat="32.898333"><ele>96.155495</ele><time>2024-08-20T02:19:26Z</time><extensions><speed>1.417365</speed><course>29.606914</course><hAcc>1.511595</hAcc><vAcc>0.849559</vAcc></extensions></trkpt>
      <trkpt lon="-117.166034" lat="32.898344"><ele>96.237596</ele><time>2024-08-20T02:19:27Z</time><extensions><speed>1.403831</speed><course>28.352470</course><hAcc>1.504074</hAcc><vAcc>0.856257</vAcc></extensions></trkpt>
      <trkpt lon="-117.166027" lat="32.898356"><ele>96.301403</ele><time>2024-08-20T02:19:28Z</time><extensions><speed>1.494841</speed><course>28.318797</course><hAcc>1.498522</hAcc><vAcc>0.862073</vAcc></extensions></trkpt>
      <trkpt lon="-117.166020" lat="32.898367"><ele>96.346207</ele><time>2024-08-20T02:19:29Z</time><extensions><speed>1.339998</speed><course>28.669997</course><hAcc>1.508875</hAcc><vAcc>0.867394</vAcc></extensions></trkpt>
      <trkpt lon="-117.166013" lat="32.898377"><ele>96.372208</ele><time>2024-08-20T02:19:30Z</time><extensions><speed>1.372424</speed><course>29.644328</course><hAcc>1.486825</hAcc><vAcc>0.871482</vAcc></extensions></trkpt>
      <trkpt lon="-117.166007" lat="32.898387"><ele>96.389883</ele><time>2024-08-20T02:19:31Z</time><extensions><speed>1.214668</speed><course>28.135082</course><hAcc>1.500340</hAcc><vAcc>0.874335</vAcc></extensions></trkpt>
      <trkpt lon="-117.166001" lat="32.898396"><ele>96.397674</ele><time>2024-08-20T02:19:32Z</time><extensions><speed>0.963859</speed><course>24.925765</course><hAcc>1.482832</hAcc><vAcc>0.876246</vAcc></extensions></trkpt>
      <trkpt lon="-117.165998" lat="32.898404"><ele>96.395390</ele><time>2024-08-20T02:19:33Z</time><extensions><speed>0.803406</speed><course>15.734614</course><hAcc>1.468439</hAcc><vAcc>0.877680</vAcc></extensions></trkpt>
      <trkpt lon="-117.165997" lat="32.898410"><ele>96.388383</ele><time>2024-08-20T02:19:34Z</time><extensions><speed>0.739936</speed><course>354.158745</course><hAcc>1.457751</hAcc><vAcc>0.878762</vAcc></extensions></trkpt>
      <trkpt lon="-117.166000" lat="32.898417"><ele>96.369349</ele><time>2024-08-20T02:19:35Z</time><extensions><speed>0.876806</speed><course>331.692009</course><hAcc>1.463396</hAcc><vAcc>0.878772</vAcc></extensions></trkpt>
      <trkpt lon="-117.166006" lat="32.898425"><ele>96.342586</ele><time>2024-08-20T02:19:36Z</time><extensions><speed>1.162679</speed><course>324.274005</course><hAcc>1.492916</hAcc><vAcc>0.877538</vAcc></extensions></trkpt>
      <trkpt lon="-117.166014" lat="32.898433"><ele>96.303891</ele><time>2024-08-20T02:19:37Z</time><extensions><speed>1.245970</speed><course>312.363967</course><hAcc>1.490025</hAcc><vAcc>0.876003</vAcc></extensions></trkpt>
      <trkpt lon="-117.166025" lat="32.898439"><ele>96.270203</ele><time>2024-08-20T02:19:38Z</time><extensions><speed>1.257178</speed><course>300.595576</course><hAcc>1.485452</hAcc><vAcc>0.873663</vAcc></extensions></trkpt>
      <trkpt lon="-117.166037" lat="32.898444"><ele>96.241198</ele><time>2024-08-20T02:19:39Z</time><extensions><speed>1.191153</speed><course>294.486156</course><hAcc>1.480830</hAcc><vAcc>0.870778</vAcc></extensions></trkpt>
      <trkpt lon="-117.166048" lat="32.898448"><ele>96.203224</ele><time>2024-08-20T02:19:40Z</time><extensions><speed>1.075169</speed><course>292.062158</course><hAcc>1.482446</hAcc><vAcc>0.867451</vAcc></extensions></trkpt>
      <trkpt lon="-117.166058" lat="32.898452"><ele>96.164045</ele><time>2024-08-20T02:19:41Z</time><extensions><speed>0.994687</speed><course>290.323430</course><hAcc>1.491742</hAcc><vAcc>0.863922</vAcc></extensions></trkpt>
      <trkpt lon="-117.166068" lat="32.898455"><ele>96.114711</ele><time>2024-08-20T02:19:42Z</time><extensions><speed>1.018957</speed><course>288.938106</course><hAcc>1.500646</hAcc><vAcc>0.859604</vAcc></extensions></trkpt>
      <trkpt lon="-117.166079" lat="32.898457"><ele>96.076153</ele><time>2024-08-20T02:19:43Z</time><extensions><speed>1.096884</speed><course>286.588767</course><hAcc>1.515293</hAcc><vAcc>0.854280</vAcc></extensions></trkpt>
      <trkpt lon="-117.166090" lat="32.898460"><ele>96.027448</ele><time>2024-08-20T02:19:44Z</time><extensions><speed>1.042205</speed><course>284.084925</course><hAcc>1.531097</hAcc><vAcc>0.848608</vAcc></extensions></trkpt>
      <trkpt lon="-117.166100" lat="32.898462"><ele>95.967863</ele><time>2024-08-20T02:19:45Z</time><extensions><speed>0.845581</speed><course>277.997538</course><hAcc>1.539287</hAcc><vAcc>0.842571</vAcc></extensions></trkpt>
      <trkpt lon="-117.166108" lat="32.898462"><ele>95.913158</ele><time>2024-08-20T02:19:46Z</time><extensions><speed>0.645228</speed><course>256.683582</course><hAcc>1.533013</hAcc><vAcc>0.836194</vAcc></extensions></trkpt>
      <trkpt lon="-117.166113" lat="32.898459"><ele>95.866305</ele><time>2024-08-20T02:19:47Z</time><extensions><speed>0.632557</speed><course>228.076007</course><hAcc>1.542353</hAcc><vAcc>0.829517</vAcc></extensions></trkpt>
      <trkpt lon="-117.166118" lat="32.898454"><ele>95.811208</ele><time>2024-08-20T02:19:48Z</time><extensions><speed>0.708092</speed><course>207.591743</course><hAcc>1.564974</hAcc><vAcc>0.822580</vAcc></extensions></trkpt>
      <trkpt lon="-117.166121" lat="32.898448"><ele>95.759109</ele><time>2024-08-20T02:19:49Z</time><extensions><speed>0.829616</speed><course>201.681683</course><hAcc>1.577071</hAcc><vAcc>0.815433</vAcc></extensions></trkpt>
      <trkpt lon="-117.166124" lat="32.898441"><ele>95.703905</ele><time>2024-08-20T02:19:50Z</time><extensions><speed>0.863742</speed><course>202.062385</course><hAcc>1.592508</hAcc><vAcc>0.808154</vAcc></extensions></trkpt>
      <trkpt lon="-117.166128" lat="32.898434"><ele>95.652351</ele><time>2024-08-20T02:19:51Z</time><extensions><speed>0.721584</speed><course>200.518165</course><hAcc>1.591741</hAcc><vAcc>0.800860</vAcc></extensions></trkpt>
      <trkpt lon="-117.166130" lat="32.898429"><ele>95.600493</ele><time>2024-08-20T02:19:52Z</time><extensions><speed>0.548321</speed><course>200.000389</course><hAcc>1.597268</hAcc><vAcc>0.793727</vAcc></extensions></trkpt>
      <trkpt lon="-117.166132" lat="32.898425"><ele>95.549072</ele><time>2024-08-20T02:19:53Z</time><extensions><speed>0.396947</speed><course>198.996134</course><hAcc>1.621353</hAcc><vAcc>0.786986</vAcc></extensions></trkpt>
      <trkpt lon="-117.166133" lat="32.898422"><ele>95.498549</ele><time>2024-08-20T02:19:54Z</time><extensions><speed>0.272898</speed><course>196.547026</course><hAcc>1.636363</hAcc><vAcc>0.780867</vAcc></extensions></trkpt>
      <trkpt lon="-117.166133" lat="32.898420"><ele>95.444396</ele><time>2024-08-20T02:19:55Z</time><extensions><speed>0.122521</speed><course>199.658362</course><hAcc>1.664916</hAcc><vAcc>0.775520</vAcc></extensions></trkpt>
      <trkpt lon="-117.166134" lat="32.898420"><ele>95.391430</ele><time>2024-08-20T02:19:56Z</time><extensions><speed>0.137824</speed><course>323.687381</course><hAcc>1.703984</hAcc><vAcc>0.771008</vAcc></extensions></trkpt>
      <trkpt lon="-117.166135" lat="32.898422"><ele>95.342778</ele><time>2024-08-20T02:19:57Z</time><extensions><speed>0.320491</speed><course>340.893406</course><hAcc>1.742074</hAcc><vAcc>0.767320</vAcc></extensions></trkpt>
      <trkpt lon="-117.166136" lat="32.898425"><ele>95.294209</ele><time>2024-08-20T02:19:58Z</time><extensions><speed>0.375323</speed><course>340.346325</course><hAcc>1.793851</hAcc><vAcc>0.764395</vAcc></extensions></trkpt>
      <trkpt lon="-117.166138" lat="32.898428"><ele>95.250858</ele><time>2024-08-20T02:19:59Z</time><extensions><speed>0.296700</speed><course>331.984364</course><hAcc>1.860055</hAcc><vAcc>0.762141</vAcc></extensions></trkpt>
      <trkpt lon="-117.166139" lat="32.898429"><ele>95.212424</ele><time>2024-08-20T02:20:00Z</time><extensions><speed>0.135689</speed><course>293.324476</course><hAcc>1.949902</hAcc><vAcc>0.760453</vAcc></extensions></trkpt>
      <trkpt lon="-117.166140" lat="32.898429"><ele>95.171438</ele><time>2024-08-20T02:20:01Z</time><extensions><speed>0.184905</speed><course>202.343849</course><hAcc>2.043239</hAcc><vAcc>0.759226</vAcc></extensions></trkpt>
      <trkpt lon="-117.166141" lat="32.898426"><ele>95.130243</ele><time>2024-08-20T02:20:02Z</time><extensions><speed>0.516062</speed><course>187.151749</course><hAcc>2.066115</hAcc><vAcc>0.758360</vAcc></extensions></trkpt>
      <trkpt lon="-117.166141" lat="32.898420"><ele>95.097010</ele><time>2024-08-20T02:20:03Z</time><extensions><speed>0.759595</speed><course>183.882969</course><hAcc>2.092566</hAcc><vAcc>0.757768</vAcc></extensions></trkpt>
      <trkpt lon="-117.166142" lat="32.898413"><ele>95.067428</ele><time>2024-08-20T02:20:04Z</time><extensions><speed>0.783600</speed><course>186.464128</course><hAcc>2.118345</hAcc><vAcc>0.757378</vAcc></extensions></trkpt>
      <trkpt lon="-117.166143" lat="32.898407"><ele>95.043157</ele><time>2024-08-20T02:20:05Z</time><extensions><speed>0.591681</speed><course>186.359501</course><hAcc>2.137372</hAcc><vAcc>0.757130</vAcc></extensions></trkpt>
      <trkpt lon="-117.166144" lat="32.898402"><ele>95.018248</ele><time>2024-08-20T02:20:06Z</time><extensions><speed>0.394942</speed><course>187.587041</course><hAcc>2.144630</hAcc><vAcc>0.756980</vAcc></extensions></trkpt>
      <trkpt lon="-117.166144" lat="32.898400"><ele>94.995875</ele><time>2024-08-20T02:20:07Z</time><extensions><speed>0.228808</speed><course>173.976398</course><hAcc>2.157522</hAcc><vAcc>0.756894</vAcc></extensions></trkpt>
      <trkpt lon="-117.166143" lat="32.898398"><ele>94.974450</ele><time>2024-08-20T02:20:08Z</time><extensions><speed>0.198128</speed><course>147.909365</course><hAcc>2.174844</hAcc><vAcc>0.756848</vAcc></extensions></trkpt>
      <trkpt lon="-117.166142" lat="32.898397"><ele>94.956915</ele><time>2024-08-20T02:20:09Z</time><extensions><speed>0.213435</speed><course>143.151757</course><hAcc>2.197457</hAcc><vAcc>0.756825</vAcc></extensions></trkpt>
      <trkpt lon="-117.166140" lat="32.898395"><ele>94.945043</ele><time>2024-08-20T02:20:10Z</time><extensions><speed>0.275937</speed><course>153.261583</course><hAcc>2.232686</hAcc><vAcc>0.756814</vAcc></extensions></trkpt>
      <trkpt lon="-117.166139" lat="32.898392"><ele>94.934371</ele><time>2024-08-20T02:20:11Z</time><extensions><speed>0.359431</speed><course>163.262971</course><hAcc>2.292827</hAcc><vAcc>0.756809</vAcc></extensions></trkpt>
      <trkpt lon="-117.166138" lat="32.898389"><ele>94.923374</ele><time>2024-08-20T02:20:12Z</time><extensions><speed>0.326543</speed><course>166.589321</course><hAcc>2.375557</hAcc><vAcc>0.756806</vAcc></extensions></trkpt>
      <trkpt lon="-117.166136" lat="32.898386"><ele>94.913360</ele><time>2024-08-20T02:20:13Z</time><extensions><speed>0.269064</speed><course>151.811665</course><hAcc>2.473471</hAcc><vAcc>0.756802</vAcc></extensions></trkpt>
      <trkpt lon="-117.166134" lat="32.898384"><ele>94.907099</ele><time>2024-08-20T02:20:14Z</time><extensions><speed>0.288228</speed><course>130.066490</course><hAcc>2.587479</hAcc><vAcc>0.756798</vAcc></extensions></trkpt>
      <trkpt lon="-117.166131" lat="32.898383"><ele>94.898797</ele><time>2024-08-20T02:20:15Z</time><extensions><speed>0.367832</speed><course>111.158350</course><hAcc>2.701627</hAcc><vAcc>0.756793</vAcc></extensions></trkpt>
      <trkpt lon="-117.166127" lat="32.898382"><ele>94.894144</ele><time>2024-08-20T02:20:16Z</time><extensions><speed>0.546760</speed><course>106.441761</course><hAcc>2.782010</hAcc><vAcc>0.756786</vAcc></extensions></trkpt>
      <trkpt lon="-117.166120" lat="32.898380"><ele>94.886913</ele><time>2024-08-20T02:20:17Z</time><extensions><speed>0.770831</speed><course>103.814576</course><hAcc>2.828283</hAcc><vAcc>0.756780</vAcc></extensions></trkpt>
      <trkpt lon="-117.166111" lat="32.898379"><ele>94.880312</ele><time>2024-08-20T02:20:18Z</time><extensions><speed>0.959537</speed><course>104.894913</course><hAcc>2.850830</hAcc><vAcc>0.756774</vAcc></extensions></trkpt>
      <trkpt lon="-117.166101" lat="32.898376"><ele>94.878059</ele><time>2024-08-20T02:20:19Z</time><extensions><speed>1.058789</speed><course>105.027509</course><hAcc>2.867379</hAcc><vAcc>0.756768</vAcc></extensions></trkpt>
      <trkpt lon="-117.166090" lat="32.898374"><ele>94.876672</ele><time>2024-08-20T02:20:20Z</time><extensions><speed>1.001104</speed><course>102.185282</course><hAcc>2.885325</hAcc><vAcc>0.756763</vAcc></extensions></trkpt>
      <trkpt lon="-117.166081" lat="32.898373"><ele>94.875097</ele><time>2024-08-20T02:20:21Z</time><extensions><speed>0.798216</speed><course>97.346861</course><hAcc>2.918529</hAcc><vAcc>0.756758</vAcc></extensions></trkpt>
      <trkpt lon="-117.166074" lat="32.898373"><ele>94.876259</ele><time>2024-08-20T02:20:22Z</time><extensions><speed>0.616766</speed><course>88.932578</course><hAcc>2.973748</hAcc><vAcc>0.756754</vAcc></extensions></trkpt>
      <trkpt lon="-117.166069" lat="32.898373"><ele>94.875935</ele><time>2024-08-20T02:20:23Z</time><extensions><speed>0.433536</speed><course>71.602557</course><hAcc>3.045567</hAcc><vAcc>0.756751</vAcc></extensions></trkpt>
      <trkpt lon="-117.166065" lat="32.898375"><ele>94.874953</ele><time>2024-08-20T02:20:24Z</time><extensions><speed>0.324577</speed><course>40.252035</course><hAcc>3.113017</hAcc><vAcc>0.756749</vAcc></extensions></trkpt>
      <trkpt lon="-117.166064" lat="32.898378"><ele>94.878984</ele><time>2024-08-20T02:20:25Z</time><extensions><speed>0.314458</speed><course>1.054767</course><hAcc>3.157520</hAcc><vAcc>0.756747</vAcc></extensions></trkpt>
      <trkpt lon="-117.166065" lat="32.898380"><ele>94.877704</ele><time>2024-08-20T02:20:26Z</time><extensions><speed>0.378676</speed><course>329.049894</course><hAcc>3.172101</hAcc><vAcc>0.756745</vAcc></extensions></trkpt>
      <trkpt lon="-117.166069" lat="32.898383"><ele>94.876015</ele><time>2024-08-20T02:20:27Z</time><extensions><speed>0.493322</speed><course>303.270183</course><hAcc>3.168514</hAcc><vAcc>0.756744</vAcc></extensions></trkpt>
      <trkpt lon="-117.166073" lat="32.898385"><ele>94.868348</ele><time>2024-08-20T02:20:28Z</time><extensions><speed>0.520945</speed><course>290.048035</course><hAcc>3.157427</hAcc><vAcc>0.756744</vAcc></extensions></trkpt>
      <trkpt lon="-117.166078" lat="32.898387"><ele>94.864043</ele><time>2024-08-20T02:20:29Z</time><extensions><speed>0.467322</speed><course>284.119050</course><hAcc>3.144252</hAcc><vAcc>0.756743</vAcc></extensions></trkpt>
      <trkpt lon="-117.166082" lat="32.898387"><ele>94.854136</ele><time>2024-08-20T02:20:30Z</time><extensions><speed>0.315117</speed><course>277.658983</course><hAcc>3.150998</hAcc><vAcc>0.756743</vAcc></extensions></trkpt>
      <trkpt lon="-117.166085" lat="32.898388"><ele>94.844415</ele><time>2024-08-20T02:20:31Z</time><extensions><speed>0.195972</speed><course>279.199876</course><hAcc>3.198169</hAcc><vAcc>0.756803</vAcc></extensions></trkpt>
      <trkpt lon="-117.166087" lat="32.898389"><ele>94.838011</ele><time>2024-08-20T02:20:32Z</time><extensions><speed>0.158146</speed><course>299.634306</course><hAcc>3.290116</hAcc><vAcc>0.756816</vAcc></extensions></trkpt>
      <trkpt lon="-117.166088" lat="32.898391"><ele>94.832952</ele><time>2024-08-20T02:20:33Z</time><extensions><speed>0.218604</speed><course>335.409007</course><hAcc>3.451850</hAcc><vAcc>0.756828</vAcc></extensions></trkpt>
      <trkpt lon="-117.166092" lat="32.898395"><ele>94.826649</ele><time>2024-08-20T02:20:34Z</time><extensions><speed>0.454107</speed><course>333.495481</course><hAcc>3.676662</hAcc><vAcc>0.756842</vAcc></extensions></trkpt>
      <trkpt lon="-117.166097" lat="32.898400"><ele>94.817510</ele><time>2024-08-20T02:20:35Z</time><extensions><speed>0.712423</speed><course>329.378691</course><hAcc>3.954037</hAcc><vAcc>0.756857</vAcc></extensions></trkpt>
      <trkpt lon="-117.166104" lat="32.898406"><ele>94.814445</ele><time>2024-08-20T02:20:36Z</time><extensions><speed>0.993088</speed><course>325.865788</course><hAcc>4.247403</hAcc><vAcc>0.756878</vAcc></extensions></trkpt>
      <trkpt lon="-117.166110" lat="32.898410"><ele>94.809223</ele><time>2024-08-20T02:20:37Z</time><extensions><speed>1.120714</speed><course>321.425772</course><hAcc>4.503220</hAcc><vAcc>0.756909</vAcc></extensions></trkpt>
      <trkpt lon="-117.166117" lat="32.898415"><ele>94.802627</ele><time>2024-08-20T02:20:38Z</time><extensions><speed>1.252613</speed><course>316.966247</course><hAcc>4.688218</hAcc><vAcc>0.756956</vAcc></extensions></trkpt>
      <trkpt lon="-117.166125" lat="32.898418"><ele>94.798374</ele><time>2024-08-20T02:20:39Z</time><extensions><speed>1.297926</speed><course>310.947026</course><hAcc>4.782122</hAcc><vAcc>0.757028</vAcc></extensions></trkpt>
      <trkpt lon="-117.166135" lat="32.898423"><ele>94.796354</ele><time>2024-08-20T02:20:40Z</time><extensions><speed>1.422064</speed><course>305.637185</course><hAcc>4.793449</hAcc><vAcc>0.757138</vAcc></extensions></trkpt>
      <trkpt lon="-117.166149" lat="32.898429"><ele>94.795391</ele><time>2024-08-20T02:20:41Z</time><extensions><speed>1.636865</speed><course>301.379315</course><hAcc>4.720129</hAcc><vAcc>0.756927</vAcc></extensions></trkpt>
      <trkpt lon="-117.166163" lat="32.898436"><ele>94.797420</ele><time>2024-08-20T02:20:42Z</time><extensions><speed>1.632952</speed><course>296.093747</course><hAcc>4.591103</hAcc><vAcc>0.756405</vAcc></extensions></trkpt>
      <trkpt lon="-117.166178" lat="32.898440"><ele>94.800338</ele><time>2024-08-20T02:20:43Z</time><extensions><speed>1.373816</speed><course>285.266920</course><hAcc>4.408975</hAcc><vAcc>0.756483</vAcc></extensions></trkpt>
      <trkpt lon="-117.166190" lat="32.898441"><ele>94.804571</ele><time>2024-08-20T02:20:44Z</time><extensions><speed>1.062361</speed><course>266.346529</course><hAcc>4.196559</hAcc><vAcc>0.756539</vAcc></extensions></trkpt>
      <trkpt lon="-117.166200" lat="32.898438"><ele>94.814307</ele><time>2024-08-20T02:20:45Z</time><extensions><speed>0.914927</speed><course>227.189052</course><hAcc>3.965343</hAcc><vAcc>0.756581</vAcc></extensions></trkpt>
      <trkpt lon="-117.166205" lat="32.898430"><ele>94.817657</ele><time>2024-08-20T02:20:46Z</time><extensions><speed>1.081803</speed><course>196.137147</course><hAcc>3.736119</hAcc><vAcc>0.756613</vAcc></extensions></trkpt>
      <trkpt lon="-117.166207" lat="32.898420"><ele>94.823222</ele><time>2024-08-20T02:20:47Z</time><extensions><speed>1.199634</speed><course>183.096205</course><hAcc>3.529718</hAcc><vAcc>0.756638</vAcc></extensions></trkpt>
      <trkpt lon="-117.166207" lat="32.898409"><ele>94.825284</ele><time>2024-08-20T02:20:48Z</time><extensions><speed>1.156245</speed><course>178.100937</course><hAcc>3.350274</hAcc><vAcc>0.756658</vAcc></extensions></trkpt>
      <trkpt lon="-117.166206" lat="32.898400"><ele>94.825573</ele><time>2024-08-20T02:20:49Z</time><extensions><speed>0.940107</speed><course>180.044857</course><hAcc>3.202235</hAcc><vAcc>0.756674</vAcc></extensions></trkpt>
      <trkpt lon="-117.166207" lat="32.898393"><ele>94.826429</ele><time>2024-08-20T02:20:50Z</time><extensions><speed>0.622408</speed><course>192.680840</course><hAcc>3.095644</hAcc><vAcc>0.756687</vAcc></extensions></trkpt>
      <trkpt lon="-117.166210" lat="32.898389"><ele>94.830009</ele><time>2024-08-20T02:20:51Z</time><extensions><speed>0.367857</speed><course>231.640545</course><hAcc>3.041683</hAcc><vAcc>0.756698</vAcc></extensions></trkpt>
      <trkpt lon="-117.166214" lat="32.898389"><ele>94.829076</ele><time>2024-08-20T02:20:52Z</time><extensions><speed>0.458018</speed><course>285.898439</course><hAcc>3.039573</hAcc><vAcc>0.756708</vAcc></extensions></trkpt>
      <trkpt lon="-117.166219" lat="32.898391"><ele>94.827872</ele><time>2024-08-20T02:20:53Z</time><extensions><speed>0.672210</speed><course>305.642728</course><hAcc>3.083186</hAcc><vAcc>0.756715</vAcc></extensions></trkpt>
      <trkpt lon="-117.166225" lat="32.898396"><ele>94.826497</ele><time>2024-08-20T02:20:54Z</time><extensions><speed>0.871519</speed><course>312.772295</course><hAcc>3.154959</hAcc><vAcc>0.756721</vAcc></extensions></trkpt>
      <trkpt lon="-117.166232" lat="32.898402"><ele>94.824201</ele><time>2024-08-20T02:20:55Z</time><extensions><speed>1.021594</speed><course>316.125433</course><hAcc>3.267494</hAcc><vAcc>0.756726</vAcc></extensions></trkpt>
      <trkpt lon="-117.166239" lat="32.898408"><ele>94.821072</ele><time>2024-08-20T02:20:56Z</time><extensions><speed>1.076428</speed><course>319.064757</course><hAcc>3.422318</hAcc><vAcc>0.756730</vAcc></extensions></trkpt>
      <trkpt lon="-117.166246" lat="32.898415"><ele>94.821003</ele><time>2024-08-20T02:20:57Z</time><extensions><speed>1.013677</speed><course>321.928375</course><hAcc>3.613439</hAcc><vAcc>0.756733</vAcc></extensions></trkpt>
      <trkpt lon="-117.166252" lat="32.898422"><ele>94.820697</ele><time>2024-08-20T02:20:58Z</time><extensions><speed>0.851388</speed><course>325.296827</course><hAcc>3.814961</hAcc><vAcc>0.756735</vAcc></extensions></trkpt>
      <trkpt lon="-117.166256" lat="32.898427"><ele>94.820435</ele><time>2024-08-20T02:20:59Z</time><extensions><speed>0.631834</speed><course>329.752225</course><hAcc>4.001295</hAcc><vAcc>0.756737</vAcc></extensions></trkpt>
      <trkpt lon="-117.166258" lat="32.898431"><ele>94.822626</ele><time>2024-08-20T02:21:00Z</time><extensions><speed>0.396826</speed><course>337.219460</course><hAcc>4.162244</hAcc><vAcc>0.756798</vAcc></extensions></trkpt>
      <trkpt lon="-117.166259" lat="32.898434"><ele>94.823437</ele><time>2024-08-20T02:21:01Z</time><extensions><speed>0.188840</speed><course>355.695478</course><hAcc>4.279094</hAcc><vAcc>0.756872</vAcc></extensions></trkpt>
      <trkpt lon="-117.166258" lat="32.898434"><ele>94.822470</ele><time>2024-08-20T02:21:02Z</time><extensions><speed>0.092663</speed><course>52.507225</course><hAcc>4.378515</hAcc><vAcc>0.756957</vAcc></extensions></trkpt>
      <trkpt lon="-117.166256" lat="32.898435"><ele>94.827924</ele><time>2024-08-20T02:21:03Z</time><extensions><speed>0.113961</speed><course>91.089284</course><hAcc>4.473922</hAcc><vAcc>0.757054</vAcc></extensions></trkpt>
      <trkpt lon="-117.166255" lat="32.898436"><ele>94.835215</ele><time>2024-08-20T02:21:04Z</time><extensions><speed>0.099429</speed><course>101.446247</course><hAcc>4.538772</hAcc><vAcc>0.757167</vAcc></extensions></trkpt>
      <trkpt lon="-117.166250" lat="32.898436"><ele>94.842858</ele><time>2024-08-20T02:21:05Z</time><extensions><speed>0.125181</speed><course>96.262829</course><hAcc>4.493571</hAcc><vAcc>0.758553</vAcc></extensions></trkpt>
      <trkpt lon="-117.166248" lat="32.898437"><ele>94.847889</ele><time>2024-08-20T02:21:06Z</time><extensions><speed>0.112206</speed><course>82.531738</course><hAcc>4.440403</hAcc><vAcc>0.760284</vAcc></extensions></trkpt>
      <trkpt lon="-117.166245" lat="32.898437"><ele>94.852554</ele><time>2024-08-20T02:21:07Z</time><extensions><speed>0.160543</speed><course>61.688085</course><hAcc>4.330315</hAcc><vAcc>0.762383</vAcc></extensions></trkpt>
      <trkpt lon="-117.166239" lat="32.898435"><ele>94.860806</ele><time>2024-08-20T02:21:08Z</time><extensions><speed>0.272101</speed><course>75.708995</course><hAcc>4.204122</hAcc><vAcc>0.764931</vAcc></extensions></trkpt>
      <trkpt lon="-117.166232" lat="32.898434"><ele>94.866766</ele><time>2024-08-20T02:21:09Z</time><extensions><speed>0.399343</speed><course>85.472133</course><hAcc>4.118972</hAcc><vAcc>0.768087</vAcc></extensions></trkpt>
      <trkpt lon="-117.166223" lat="32.898433"><ele>94.872464</ele><time>2024-08-20T02:21:10Z</time><extensions><speed>0.513090</speed><course>90.217618</course><hAcc>4.089118</hAcc><vAcc>0.771932</vAcc></extensions></trkpt>
      <trkpt lon="-117.166215" lat="32.898433"><ele>94.878702</ele><time>2024-08-20T02:21:11Z</time><extensions><speed>0.528038</speed><course>92.835525</course><hAcc>4.080702</hAcc><vAcc>0.776286</vAcc></extensions></trkpt>
      <trkpt lon="-117.166205" lat="32.898432"><ele>94.885134</ele><time>2024-08-20T02:21:12Z</time><extensions><speed>0.716885</speed><course>94.050385</course><hAcc>3.997316</hAcc><vAcc>0.782361</vAcc></extensions></trkpt>
      <trkpt lon="-117.166195" lat="32.898431"><ele>94.888389</ele><time>2024-08-20T02:21:13Z</time><extensions><speed>0.890056</speed><course>95.653817</course><hAcc>3.869664</hAcc><vAcc>0.790898</vAcc></extensions></trkpt>
      <trkpt lon="-117.166185" lat="32.898430"><ele>94.892463</ele><time>2024-08-20T02:21:14Z</time><extensions><speed>1.013906</speed><course>98.469412</course><hAcc>3.744138</hAcc><vAcc>0.802816</vAcc></extensions></trkpt>
      <trkpt lon="-117.166160" lat="32.898426"><ele>94.894735</ele><time>2024-08-20T02:21:16Z</time><extensions><speed>1.313143</speed><course>103.212116</course><hAcc>3.417953</hAcc><vAcc>0.804162</vAcc></extensions></trkpt>
      <trkpt lon="-117.166145" lat="32.898423"><ele>94.893475</ele><time>2024-08-20T02:21:17Z</time><extensions><speed>1.443138</speed><course>104.299340</course><hAcc>3.228618</hAcc><vAcc>0.791745</vAcc></extensions></trkpt>
      <trkpt lon="-117.166129" lat="32.898420"><ele>94.891446</ele><time>2024-08-20T02:21:18Z</time><extensions><speed>1.538237</speed><course>105.231524</course><hAcc>3.105878</hAcc><vAcc>0.783083</vAcc></extensions></trkpt>
      <trkpt lon="-117.166113" lat="32.898418"><ele>94.885856</ele><time>2024-08-20T02:21:19Z</time><extensions><speed>1.618882</speed><course>102.538871</course><hAcc>3.011333</hAcc><vAcc>0.777101</vAcc></extensions></trkpt>
      <trkpt lon="-117.166096" lat="32.898416"><ele>94.878723</ele><time>2024-08-20T02:21:20Z</time><extensions><speed>1.773952</speed><course>98.051998</course><hAcc>2.922442</hAcc><vAcc>0.773028</vAcc></extensions></trkpt>
      <trkpt lon="-117.166076" lat="32.898416"><ele>94.870054</ele><time>2024-08-20T02:21:21Z</time><extensions><speed>1.759209</speed><course>92.946224</course><hAcc>2.854440</hAcc><vAcc>0.769850</vAcc></extensions></trkpt>
      <trkpt lon="-117.166059" lat="32.898416"><ele>94.860524</ele><time>2024-08-20T02:21:22Z</time><extensions><speed>1.530915</speed><course>86.500513</course><hAcc>2.824678</hAcc><vAcc>0.767120</vAcc></extensions></trkpt>
      <trkpt lon="-117.166045" lat="32.898419"><ele>94.850023</ele><time>2024-08-20T02:21:23Z</time><extensions><speed>1.113399</speed><course>76.796003</course><hAcc>2.820103</hAcc><vAcc>0.765056</vAcc></extensions></trkpt>
      <trkpt lon="-117.166035" lat="32.898423"><ele>94.838706</ele><time>2024-08-20T02:21:24Z</time><extensions><speed>0.901985</speed><course>60.633088</course><hAcc>2.793939</hAcc><vAcc>0.763454</vAcc></extensions></trkpt>
      <trkpt lon="-117.166029" lat="32.898427"><ele>94.826777</ele><time>2024-08-20T02:21:25Z</time><extensions><speed>0.742785</speed><course>42.847369</course><hAcc>2.783383</hAcc><vAcc>0.762181</vAcc></extensions></trkpt>
      <trkpt lon="-117.166023" lat="32.898429"><ele>94.817398</ele><time>2024-08-20T02:21:26Z</time><extensions><speed>0.477211</speed><course>30.476508</course><hAcc>2.802070</hAcc><vAcc>0.761137</vAcc></extensions></trkpt>
      <trkpt lon="-117.166020" lat="32.898431"><ele>94.806198</ele><time>2024-08-20T02:21:27Z</time><extensions><speed>0.404606</speed><course>15.688697</course><hAcc>2.783324</hAcc><vAcc>0.760266</vAcc></extensions></trkpt>
      <trkpt lon="-117.166019" lat="32.898433"><ele>94.792122</ele><time>2024-08-20T02:21:28Z</time><extensions><speed>0.368920</speed><course>5.586800</course><hAcc>2.738293</hAcc><vAcc>0.759560</vAcc></extensions></trkpt>
      <trkpt lon="-117.166018" lat="32.898435"><ele>94.777805</ele><time>2024-08-20T02:21:29Z</time><extensions><speed>0.366121</speed><course>3.884225</course><hAcc>2.661706</hAcc><vAcc>0.758986</vAcc></extensions></trkpt>
      <trkpt lon="-117.166017" lat="32.898437"><ele>94.763503</ele><time>2024-08-20T02:21:30Z</time><extensions><speed>0.205422</speed><course>17.849915</course><hAcc>2.616899</hAcc><vAcc>0.758509</vAcc></extensions></trkpt>
      <trkpt lon="-117.166016" lat="32.898437"><ele>94.749644</ele><time>2024-08-20T02:21:31Z</time><extensions><speed>0.118336</speed><course>95.171170</course><hAcc>2.606987</hAcc><vAcc>0.758101</vAcc></extensions></trkpt>
      <trkpt lon="-117.166014" lat="32.898436"><ele>94.735241</ele><time>2024-08-20T02:21:32Z</time><extensions><speed>0.269777</speed><course>139.848887</course><hAcc>2.609459</hAcc><vAcc>0.757762</vAcc></extensions></trkpt>
      <trkpt lon="-117.166011" lat="32.898433"><ele>94.719882</ele><time>2024-08-20T02:21:33Z</time><extensions><speed>0.474908</speed><course>148.911132</course><hAcc>2.611133</hAcc><vAcc>0.757486</vAcc></extensions></trkpt>
      <trkpt lon="-117.166008" lat="32.898428"><ele>94.707041</ele><time>2024-08-20T02:21:34Z</time><extensions><speed>0.642957</speed><course>151.937671</course><hAcc>2.624935</hAcc><vAcc>0.757278</vAcc></extensions></trkpt>
      <trkpt lon="-117.166004" lat="32.898422"><ele>94.694740</ele><time>2024-08-20T02:21:35Z</time><extensions><speed>0.753750</speed><course>152.945095</course><hAcc>2.647286</hAcc><vAcc>0.757097</vAcc></extensions></trkpt>
      <trkpt lon="-117.166000" lat="32.898416"><ele>94.683002</ele><time>2024-08-20T02:21:36Z</time><extensions><speed>0.779147</speed><course>152.283558</course><hAcc>2.656396</hAcc><vAcc>0.756919</vAcc></extensions></trkpt>
      <trkpt lon="-117.165995" lat="32.898409"><ele>94.671835</ele><time>2024-08-20T02:21:37Z</time><extensions><speed>0.902083</speed><course>150.179155</course><hAcc>2.631683</hAcc><vAcc>0.756781</vAcc></extensions></trkpt>
      <trkpt lon="-117.165990" lat="32.898402"><ele>94.661335</ele><time>2024-08-20T02:21:38Z</time><extensions><speed>0.914533</speed><course>146.882021</course><hAcc>2.634077</hAcc><vAcc>0.756666</vAcc></extensions></trkpt>
      <trkpt lon="-117.165985" lat="32.898396"><ele>94.651697</ele><time>2024-08-20T02:21:39Z</time><extensions><speed>0.783675</speed><course>142.641623</course><hAcc>2.674403</hAcc><vAcc>0.756538</vAcc></extensions></trkpt>
      <trkpt lon="-117.165980" lat="32.898391"><ele>94.643067</ele><time>2024-08-20T02:21:40Z</time><extensions><speed>0.627324</speed><course>137.070735</course><hAcc>2.723249</hAcc><vAcc>0.756386</vAcc></extensions></trkpt>
      <trkpt lon="-117.165976" lat="32.898389"><ele>94.633155</ele><time>2024-08-20T02:21:41Z</time><extensions><speed>0.454951</speed><course>128.192430</course><hAcc>2.768791</hAcc><vAcc>0.756273</vAcc></extensions></trkpt>
      <trkpt lon="-117.165973" lat="32.898388"><ele>94.623930</ele><time>2024-08-20T02:21:42Z</time><extensions><speed>0.343440</speed><course>120.330544</course><hAcc>2.800026</hAcc><vAcc>0.756250</vAcc></extensions></trkpt>
      <trkpt lon="-117.165970" lat="32.898387"><ele>94.615386</ele><time>2024-08-20T02:21:43Z</time><extensions><speed>0.318030</speed><course>111.217470</course><hAcc>2.787554</hAcc><vAcc>0.756192</vAcc></extensions></trkpt>
      <trkpt lon="-117.165967" lat="32.898388"><ele>94.608312</ele><time>2024-08-20T02:21:44Z</time><extensions><speed>0.237445</speed><course>90.071331</course><hAcc>2.780711</hAcc><vAcc>0.756121</vAcc></extensions></trkpt>
      <trkpt lon="-117.165966" lat="32.898391"><ele>94.602900</ele><time>2024-08-20T02:21:45Z</time><extensions><speed>0.215937</speed><course>41.543564</course><hAcc>2.785229</hAcc><vAcc>0.756053</vAcc></extensions></trkpt>
      <trkpt lon="-117.165966" lat="32.898394"><ele>94.599950</ele><time>2024-08-20T02:21:46Z</time><extensions><speed>0.324871</speed><course>8.600149</course><hAcc>2.794837</hAcc><vAcc>0.756058</vAcc></extensions></trkpt>
      <trkpt lon="-117.165967" lat="32.898399"><ele>94.597816</ele><time>2024-08-20T02:21:47Z</time><extensions><speed>0.491754</speed><course>354.441370</course><hAcc>2.802481</hAcc><vAcc>0.756192</vAcc></extensions></trkpt>
      <trkpt lon="-117.165969" lat="32.898405"><ele>94.596597</ele><time>2024-08-20T02:21:48Z</time><extensions><speed>0.670718</speed><course>347.953050</course><hAcc>2.804072</hAcc><vAcc>0.756280</vAcc></extensions></trkpt>
      <trkpt lon="-117.165971" lat="32.898413"><ele>94.593460</ele><time>2024-08-20T02:21:49Z</time><extensions><speed>0.863626</speed><course>344.667587</course><hAcc>2.799136</hAcc><vAcc>0.756359</vAcc></extensions></trkpt>
      <trkpt lon="-117.165974" lat="32.898422"><ele>94.590407</ele><time>2024-08-20T02:21:50Z</time><extensions><speed>1.023429</speed><course>342.555418</course><hAcc>2.795073</hAcc><vAcc>0.756426</vAcc></extensions></trkpt>
      <trkpt lon="-117.165978" lat="32.898431"><ele>94.587615</ele><time>2024-08-20T02:21:51Z</time><extensions><speed>1.107141</speed><course>340.697735</course><hAcc>2.796019</hAcc><vAcc>0.756462</vAcc></extensions></trkpt>
      <trkpt lon="-117.165982" lat="32.898441"><ele>94.585119</ele><time>2024-08-20T02:21:52Z</time><extensions><speed>1.115179</speed><course>338.778730</course><hAcc>2.801182</hAcc><vAcc>0.756511</vAcc></extensions></trkpt>
      <trkpt lon="-117.165987" lat="32.898451"><ele>94.582880</ele><time>2024-08-20T02:21:53Z</time><extensions><speed>1.121345</speed><course>336.862899</course><hAcc>2.806689</hAcc><vAcc>0.756586</vAcc></extensions></trkpt>
      <trkpt lon="-117.165992" lat="32.898461"><ele>94.580835</ele><time>2024-08-20T02:21:54Z</time><extensions><speed>1.200711</speed><course>335.346538</course><hAcc>2.817761</hAcc><vAcc>0.756606</vAcc></extensions></trkpt>
      <trkpt lon="-117.165997" lat="32.898469"><ele>94.578837</ele><time>2024-08-20T02:21:55Z</time><extensions><speed>0.822611</speed><course>335.337799</course><hAcc>2.852506</hAcc><vAcc>0.756647</vAcc></extensions></trkpt>
      <trkpt lon="-117.166001" lat="32.898476"><ele>94.576718</ele><time>2024-08-20T02:21:56Z</time><extensions><speed>0.860194</speed><course>335.617710</course><hAcc>2.846227</hAcc><vAcc>0.756685</vAcc></extensions></trkpt>
      <trkpt lon="-117.166004" lat="32.898483"><ele>94.574354</ele><time>2024-08-20T02:21:57Z</time><extensions><speed>0.691301</speed><course>336.111385</course><hAcc>2.845726</hAcc><vAcc>0.756683</vAcc></extensions></trkpt>
      <trkpt lon="-117.166007" lat="32.898488"><ele>94.571691</ele><time>2024-08-20T02:21:58Z</time><extensions><speed>0.546662</speed><course>336.818807</course><hAcc>2.855748</hAcc><vAcc>0.756662</vAcc></extensions></trkpt>
      <trkpt lon="-117.166009" lat="32.898493"><ele>94.568784</ele><time>2024-08-20T02:21:59Z</time><extensions><speed>0.503198</speed><course>337.428946</course><hAcc>2.856930</hAcc><vAcc>0.756657</vAcc></extensions></trkpt>
      <trkpt lon="-117.166011" lat="32.898497"><ele>94.565729</ele><time>2024-08-20T02:22:00Z</time><extensions><speed>0.400607</speed><course>337.849205</course><hAcc>2.875603</hAcc><vAcc>0.756681</vAcc></extensions></trkpt>
      <trkpt lon="-117.166012" lat="32.898500"><ele>94.562659</ele><time>2024-08-20T02:22:01Z</time><extensions><speed>0.320731</speed><course>338.136702</course><hAcc>2.898489</hAcc><vAcc>0.756695</vAcc></extensions></trkpt>
      <trkpt lon="-117.166014" lat="32.898502"><ele>94.559664</ele><time>2024-08-20T02:22:02Z</time><extensions><speed>0.247890</speed><course>338.335821</course><hAcc>2.919778</hAcc><vAcc>0.756712</vAcc></extensions></trkpt>
      <trkpt lon="-117.166014" lat="32.898504"><ele>94.556809</ele><time>2024-08-20T02:22:03Z</time><extensions><speed>0.194661</speed><course>338.476591</course><hAcc>2.932150</hAcc><vAcc>0.756726</vAcc></extensions></trkpt>
      <trkpt lon="-117.166015" lat="32.898506"><ele>94.554152</ele><time>2024-08-20T02:22:04Z</time><extensions><speed>0.153953</speed><course>338.572883</course><hAcc>2.938345</hAcc><vAcc>0.756736</vAcc></extensions></trkpt>
      <trkpt lon="-117.166016" lat="32.898507"><ele>94.551715</ele><time>2024-08-20T02:22:05Z</time><extensions><speed>0.121383</speed><course>338.637694</course><hAcc>2.945919</hAcc><vAcc>0.756750</vAcc></extensions></trkpt>
      <trkpt lon="-117.166016" lat="32.898508"><ele>94.549520</ele><time>2024-08-20T02:22:06Z</time><extensions><speed>0.093481</speed><course>338.680652</course><hAcc>2.963108</hAcc><vAcc>0.756748</vAcc></extensions></trkpt>
      <trkpt lon="-117.166016" lat="32.898508"><ele>94.547573</ele><time>2024-08-20T02:22:07Z</time><extensions><speed>0.066304</speed><course>338.710340</course><hAcc>2.991377</hAcc><vAcc>0.756740</vAcc></extensions></trkpt>
      <trkpt lon="-117.166017" lat="32.898509"><ele>94.545874</ele><time>2024-08-20T02:22:08Z</time><extensions><speed>0.052019</speed><course>338.730825</course><hAcc>3.011985</hAcc><vAcc>0.756736</vAcc></extensions></trkpt>
      <trkpt lon="-117.166017" lat="32.898509"><ele>94.544407</ele><time>2024-08-20T02:22:09Z</time><extensions><speed>0.039910</speed><course>338.743749</course><hAcc>3.036344</hAcc><vAcc>0.756745</vAcc></extensions></trkpt>
      <trkpt lon="-117.166017" lat="32.898510"><ele>94.543164</ele><time>2024-08-20T02:22:10Z</time><extensions><speed>0.032559</speed><course>338.751986</course><hAcc>3.046796</hAcc><vAcc>0.756739</vAcc></extensions></trkpt>
      <trkpt lon="-117.166017" lat="32.898510"><ele>94.542125</ele><time>2024-08-20T02:22:11Z</time><extensions><speed>0.035494</speed><course>338.756352</course><hAcc>3.026328</hAcc><vAcc>0.756722</vAcc></extensions></trkpt>
      <trkpt lon="-117.166017" lat="32.898510"><ele>94.541274</ele><time>2024-08-20T02:22:12Z</time><extensions><speed>0.033332</speed><course>338.758348</course><hAcc>3.025436</hAcc><vAcc>0.756693</vAcc></extensions></trkpt>
      <trkpt lon="-117.166021" lat="32.898506"><ele>94.546249</ele><time>2024-08-20T02:22:13Z</time><extensions><speed>0.114069</speed><course>226.181346</course><hAcc>3.041519</hAcc><vAcc>0.756676</vAcc></extensions></trkpt>
      <trkpt lon="-117.166024" lat="32.898502"><ele>94.551313</ele><time>2024-08-20T02:22:14Z</time><extensions><speed>0.234128</speed><course>220.038988</course><hAcc>3.065040</hAcc><vAcc>0.756683</vAcc></extensions></trkpt>
      <trkpt lon="-117.166028" lat="32.898498"><ele>94.560983</ele><time>2024-08-20T02:22:15Z</time><extensions><speed>0.334707</speed><course>218.032070</course><hAcc>3.089284</hAcc><vAcc>0.756669</vAcc></extensions></trkpt>
      <trkpt lon="-117.166033" lat="32.898493"><ele>94.572229</ele><time>2024-08-20T02:22:16Z</time><extensions><speed>0.448996</speed><course>217.048192</course><hAcc>3.102049</hAcc><vAcc>0.756686</vAcc></extensions></trkpt>
      <trkpt lon="-117.166037" lat="32.898488"><ele>94.582356</ele><time>2024-08-20T02:22:17Z</time><extensions><speed>0.571557</speed><course>215.927790</course><hAcc>3.109313</hAcc><vAcc>0.756714</vAcc></extensions></trkpt>
      <trkpt lon="-117.166042" lat="32.898482"><ele>94.593468</ele><time>2024-08-20T02:22:18Z</time><extensions><speed>0.683015</speed><course>215.122428</course><hAcc>3.121193</hAcc><vAcc>0.756727</vAcc></extensions></trkpt>
      <trkpt lon="-117.166048" lat="32.898475"><ele>94.608491</ele><time>2024-08-20T02:22:19Z</time><extensions><speed>0.808081</speed><course>215.194401</course><hAcc>3.137526</hAcc><vAcc>0.756728</vAcc></extensions></trkpt>
      <trkpt lon="-117.166054" lat="32.898468"><ele>94.624933</ele><time>2024-08-20T02:22:20Z</time><extensions><speed>0.911155</speed><course>215.331467</course><hAcc>3.162006</hAcc><vAcc>0.756705</vAcc></extensions></trkpt>
      <trkpt lon="-117.166061" lat="32.898460"><ele>94.644244</ele><time>2024-08-20T02:22:21Z</time><extensions><speed>1.087019</speed><course>215.740465</course><hAcc>3.179060</hAcc><vAcc>0.756698</vAcc></extensions></trkpt>
      <trkpt lon="-117.166069" lat="32.898451"><ele>94.665012</ele><time>2024-08-20T02:22:22Z</time><extensions><speed>1.343413</speed><course>216.282061</course><hAcc>3.184314</hAcc><vAcc>0.756720</vAcc></extensions></trkpt>
      <trkpt lon="-117.166079" lat="32.898440"><ele>94.686687</ele><time>2024-08-20T02:22:23Z</time><extensions><speed>1.583665</speed><course>217.188370</course><hAcc>3.184260</hAcc><vAcc>0.756728</vAcc></extensions></trkpt>
      <trkpt lon="-117.166091" lat="32.898429"><ele>94.704588</ele><time>2024-08-20T02:22:24Z</time><extensions><speed>1.640978</speed><course>219.174231</course><hAcc>3.202022</hAcc><vAcc>0.756741</vAcc></extensions></trkpt>
      <trkpt lon="-117.166103" lat="32.898419"><ele>94.720270</ele><time>2024-08-20T02:22:25Z</time><extensions><speed>1.517163</speed><course>221.447767</course><hAcc>3.251659</hAcc><vAcc>0.756739</vAcc></extensions></trkpt>
      <trkpt lon="-117.166114" lat="32.898412"><ele>94.737792</ele><time>2024-08-20T02:22:26Z</time><extensions><speed>1.183140</speed><course>225.999621</course><hAcc>3.314614</hAcc><vAcc>0.756746</vAcc></extensions></trkpt>
      <trkpt lon="-117.166125" lat="32.898407"><ele>94.754281</ele><time>2024-08-20T02:22:27Z</time><extensions><speed>1.022288</speed><course>234.096295</course><hAcc>3.342637</hAcc><vAcc>0.756768</vAcc></extensions></trkpt>
      <trkpt lon="-117.166135" lat="32.898404"><ele>94.769546</ele><time>2024-08-20T02:22:28Z</time><extensions><speed>0.902647</speed><course>245.298822</course><hAcc>3.355690</hAcc><vAcc>0.756771</vAcc></extensions></trkpt>
      <trkpt lon="-117.166145" lat="32.898402"><ele>94.783420</ele><time>2024-08-20T02:22:29Z</time><extensions><speed>0.777926</speed><course>259.430970</course><hAcc>3.370883</hAcc><vAcc>0.756750</vAcc></extensions></trkpt>
      <trkpt lon="-117.166154" lat="32.898403"><ele>94.795761</ele><time>2024-08-20T02:22:30Z</time><extensions><speed>0.734793</speed><course>275.129272</course><hAcc>3.375147</hAcc><vAcc>0.756738</vAcc></extensions></trkpt>
      <trkpt lon="-117.166162" lat="32.898405"><ele>94.811637</ele><time>2024-08-20T02:22:31Z</time><extensions><speed>0.757888</speed><course>288.511748</course><hAcc>3.365567</hAcc><vAcc>0.756735</vAcc></extensions></trkpt>
      <trkpt lon="-117.166170" lat="32.898407"><ele>94.823069</ele><time>2024-08-20T02:22:32Z</time><extensions><speed>0.805163</speed><course>297.841990</course><hAcc>3.349900</hAcc><vAcc>0.756741</vAcc></extensions></trkpt>
      <trkpt lon="-117.166178" lat="32.898411"><ele>94.833166</ele><time>2024-08-20T02:22:33Z</time><extensions><speed>0.794458</speed><course>304.039053</course><hAcc>3.341435</hAcc><vAcc>0.756725</vAcc></extensions></trkpt>
      <trkpt lon="-117.166184" lat="32.898415"><ele>94.842163</ele><time>2024-08-20T02:22:34Z</time><extensions><speed>0.754288</speed><course>308.092752</course><hAcc>3.338037</hAcc><vAcc>0.756723</vAcc></extensions></trkpt>
      <trkpt lon="-117.166191" lat="32.898419"><ele>94.851135</ele><time>2024-08-20T02:22:35Z</time><extensions><speed>0.666369</speed><course>310.588309</course><hAcc>3.346955</hAcc><vAcc>0.756728</vAcc></extensions></trkpt>
      <trkpt lon="-117.166196" lat="32.898423"><ele>94.858428</ele><time>2024-08-20T02:22:36Z</time><extensions><speed>0.488774</speed><course>311.495792</course><hAcc>3.370497</hAcc><vAcc>0.756747</vAcc></extensions></trkpt>
      <trkpt lon="-117.166199" lat="32.898425"><ele>94.864299</ele><time>2024-08-20T02:22:37Z</time><extensions><speed>0.368956</speed><course>310.921334</course><hAcc>3.367953</hAcc><vAcc>0.756756</vAcc></extensions></trkpt>
      <trkpt lon="-117.166202" lat="32.898427"><ele>94.871305</ele><time>2024-08-20T02:22:38Z</time><extensions><speed>0.358935</speed><course>308.657742</course><hAcc>3.331149</hAcc><vAcc>0.756738</vAcc></extensions></trkpt>
      <trkpt lon="-117.166205" lat="32.898429"><ele>94.876000</ele><time>2024-08-20T02:22:39Z</time><extensions><speed>0.302662</speed><course>305.189417</course><hAcc>3.314846</hAcc><vAcc>0.756735</vAcc></extensions></trkpt>
      <trkpt lon="-117.166208" lat="32.898431"><ele>94.882404</ele><time>2024-08-20T02:22:40Z</time><extensions><speed>0.235565</speed><course>300.411478</course><hAcc>3.331949</hAcc><vAcc>0.756729</vAcc></extensions></trkpt>
      <trkpt lon="-117.166210" lat="32.898432"><ele>94.888432</ele><time>2024-08-20T02:22:41Z</time><extensions><speed>0.181347</speed><course>296.111208</course><hAcc>3.368154</hAcc><vAcc>0.756654</vAcc></extensions></trkpt>
      <trkpt lon="-117.166211" lat="32.898432"><ele>94.895539</ele><time>2024-08-20T02:22:42Z</time><extensions><speed>0.138385</speed><course>294.199747</course><hAcc>3.424281</hAcc><vAcc>0.756652</vAcc></extensions></trkpt>
      <trkpt lon="-117.166213" lat="32.898433"><ele>94.900144</ele><time>2024-08-20T02:22:43Z</time><extensions><speed>0.122341</speed><course>300.576563</course><hAcc>3.481264</hAcc><vAcc>0.756665</vAcc></extensions></trkpt>
      <trkpt lon="-117.166214" lat="32.898433"><ele>94.903564</ele><time>2024-08-20T02:22:44Z</time><extensions><speed>0.151617</speed><course>311.583773</course><hAcc>3.510819</hAcc><vAcc>0.756719</vAcc></extensions></trkpt>
      <trkpt lon="-117.166214" lat="32.898435"><ele>94.907233</ele><time>2024-08-20T02:22:45Z</time><extensions><speed>0.218461</speed><course>325.933234</course><hAcc>3.543826</hAcc><vAcc>0.760440</vAcc></extensions></trkpt>
      <trkpt lon="-117.166215" lat="32.898437"><ele>94.910371</ele><time>2024-08-20T02:22:46Z</time><extensions><speed>0.215704</speed><course>334.668642</course><hAcc>3.611622</hAcc><vAcc>0.765655</vAcc></extensions></trkpt>
      <trkpt lon="-117.166215" lat="32.898438"><ele>94.913185</ele><time>2024-08-20T02:22:47Z</time><extensions><speed>0.138963</speed><course>349.528490</course><hAcc>3.709258</hAcc><vAcc>0.772497</vAcc></extensions></trkpt>
      <trkpt lon="-117.166214" lat="32.898440"><ele>94.915746</ele><time>2024-08-20T02:22:48Z</time><extensions><speed>0.138848</speed><course>11.521615</course><hAcc>3.793603</hAcc><vAcc>0.781449</vAcc></extensions></trkpt>
      <trkpt lon="-117.166213" lat="32.898441"><ele>94.918055</ele><time>2024-08-20T02:22:49Z</time><extensions><speed>0.155458</speed><course>35.455417</course><hAcc>3.895359</hAcc><vAcc>0.793226</vAcc></extensions></trkpt>
      <trkpt lon="-117.166211" lat="32.898442"><ele>94.920092</ele><time>2024-08-20T02:22:50Z</time><extensions><speed>0.189992</speed><course>54.121538</course><hAcc>4.033031</hAcc><vAcc>0.808833</vAcc></extensions></trkpt>
      <trkpt lon="-117.166209" lat="32.898443"><ele>94.921889</ele><time>2024-08-20T02:22:51Z</time><extensions><speed>0.216158</speed><course>61.779704</course><hAcc>4.210482</hAcc><vAcc>0.832230</vAcc></extensions></trkpt>
      <trkpt lon="-117.166207" lat="32.898444"><ele>94.923322</ele><time>2024-08-20T02:22:52Z</time><extensions><speed>0.262048</speed><course>67.659220</course><hAcc>4.387565</hAcc><vAcc>0.863420</vAcc></extensions></trkpt>
      <trkpt lon="-117.166204" lat="32.898445"><ele>94.924397</ele><time>2024-08-20T02:22:53Z</time><extensions><speed>0.305379</speed><course>70.174692</course><hAcc>4.570290</hAcc><vAcc>0.904267</vAcc></extensions></trkpt>
      <trkpt lon="-117.166201" lat="32.898446"><ele>94.925185</ele><time>2024-08-20T02:22:54Z</time><extensions><speed>0.324206</speed><course>72.788679</course><hAcc>4.728256</hAcc><vAcc>0.957114</vAcc></extensions></trkpt>
      <trkpt lon="-117.166182" lat="32.898450"><ele>94.922541</ele><time>2024-08-20T02:22:59Z</time><extensions><speed>0.431580</speed><course>75.170304</course><hAcc>5.268328</hAcc><vAcc>1.000010</vAcc></extensions></trkpt>
      <trkpt lon="-117.166178" lat="32.898451"><ele>94.920819</ele><time>2024-08-20T02:23:00Z</time><extensions><speed>0.300215</speed><course>75.189495</course><hAcc>5.496776</hAcc><vAcc>1.012888</vAcc></extensions></trkpt>
      <trkpt lon="-117.166175" lat="32.898452"><ele>94.919118</ele><time>2024-08-20T02:23:01Z</time><extensions><speed>0.205350</speed><course>75.205025</course><hAcc>5.702232</hAcc><vAcc>1.068784</vAcc></extensions></trkpt>
      <trkpt lon="-117.166174" lat="32.898452"><ele>94.917443</ele><time>2024-08-20T02:23:02Z</time><extensions><speed>0.134293</speed><course>75.216807</course><hAcc>5.910064</hAcc><vAcc>1.165548</vAcc></extensions></trkpt>
      <trkpt lon="-117.166172" lat="32.898452"><ele>94.915787</ele><time>2024-08-20T02:23:03Z</time><extensions><speed>0.084132</speed><course>75.224707</course><hAcc>6.140905</hAcc><vAcc>1.300227</vAcc></extensions></trkpt>
      <trkpt lon="-117.166172" lat="32.898453"><ele>94.914147</ele><time>2024-08-20T02:23:04Z</time><extensions><speed>0.052207</speed><course>75.227970</course><hAcc>6.418340</hAcc><vAcc>1.469154</vAcc></extensions></trkpt>
    </trkseg>
  </trk>
</gpx>