<?xml version="1.0" encoding="UTF-8"?>
<gpx version="1.1" creator="Apple Health Export" xmlns="http://www.topografix.com/GPX/1/1" xmlns:xsi="http://www.w3.org/2001/XMLSchema-instance" xsi:schemaLocation="http://www.topografix.com/GPX/1/1 http://www.topografix.com/GPX/1/1/gpx.xsd">
  <metadata>
    <time>2026-01-11T07:58:07Z</time>
  </metadata>
  <trk>
    <name>Route 2025-03-12 4:29pm</name>
    <trkseg>
      <trkpt lon="-117.331986" lat="33.979285"><ele>317.525612</ele><time>2025-03-12T23:17:27Z</time><extensions><speed>0.087920</speed><course>184.239156</course><hAcc>3.501020</hAcc><vAcc>2.341367</vAcc></extensions></trkpt>
      <trkpt lon="-117.331987" lat="33.979281"><ele>317.553740</ele><time>2025-03-12T23:17:28Z</time><extensions><speed>0.101250</speed><course>175.626844</course><hAcc>2.816896</hAcc><vAcc>2.034482</vAcc></extensions></trkpt>
      <trkpt lon="-117.331988" lat="33.979279"><ele>317.577570</ele><time>2025-03-12T23:17:29Z</time><extensions><speed>0.145509</speed><course>144.792791</course><hAcc>2.337727</hAcc><vAcc>1.771421</vAcc></extensions></trkpt>
      <trkpt lon="-117.331987" lat="33.979277"><ele>317.593667</ele><time>2025-03-12T23:17:30Z</time><extensions><speed>0.395557</speed><course>114.747201</course><hAcc>1.945343</hAcc><vAcc>1.547395</vAcc></extensions></trkpt>
      <trkpt lon="-117.331980" lat="33.979275"><ele>317.606707</ele><time>2025-03-12T23:17:31Z</time><extensions><speed>1.042061</speed><course>99.519395</course><hAcc>1.764137</hAcc><vAcc>1.358994</vAcc></extensions></trkpt>
      <trkpt lon="-117.331969" lat="33.979274"><ele>317.616615</ele><time>2025-03-12T23:17:32Z</time><extensions><speed>1.110288</speed><course>96.503651</course><hAcc>1.631664</hAcc><vAcc>1.203651</vAcc></extensions></trkpt>
      <trkpt lon="-117.331958" lat="33.979272"><ele>317.625829</ele><time>2025-03-12T23:17:33Z</time><extensions><speed>1.027761</speed><course>102.192122</course><hAcc>1.547260</hAcc><vAcc>1.090878</vAcc></extensions></trkpt>
      <trkpt lon="-117.331947" lat="33.979270"><ele>317.639877</ele><time>2025-03-12T23:17:34Z</time><extensions><speed>1.034463</speed><course>96.854947</course><hAcc>1.481870</hAcc><vAcc>0.991761</vAcc></extensions></trkpt>
      <trkpt lon="-117.331934" lat="33.979269"><ele>317.655428</ele><time>2025-03-12T23:17:35Z</time><extensions><speed>1.276323</speed><course>95.194328</course><hAcc>1.426997</hAcc><vAcc>0.917151</vAcc></extensions></trkpt>
      <trkpt lon="-117.331919" lat="33.979268"><ele>317.672000</ele><time>2025-03-12T23:17:36Z</time><extensions><speed>1.612030</speed><course>96.303913</course><hAcc>1.371584</hAcc><vAcc>0.863139</vAcc></extensions></trkpt>
      <trkpt lon="-117.331902" lat="33.979266"><ele>317.691474</ele><time>2025-03-12T23:17:37Z</time><extensions><speed>1.612282</speed><course>94.023818</course><hAcc>1.319127</hAcc><vAcc>0.825643</vAcc></extensions></trkpt>
      <trkpt lon="-117.331887" lat="33.979266"><ele>317.709986</ele><time>2025-03-12T23:17:38Z</time><extensions><speed>1.329196</speed><course>81.546260</course><hAcc>1.271739</hAcc><vAcc>0.800726</vAcc></extensions></trkpt>
      <trkpt lon="-117.331875" lat="33.979268"><ele>317.734133</ele><time>2025-03-12T23:17:39Z</time><extensions><speed>0.875881</speed><course>73.678699</course><hAcc>1.243255</hAcc><vAcc>0.784897</vAcc></extensions></trkpt>
      <trkpt lon="-117.331867" lat="33.979270"><ele>317.760462</ele><time>2025-03-12T23:17:40Z</time><extensions><speed>0.751854</speed><course>87.983800</course><hAcc>1.223688</hAcc><vAcc>0.775294</vAcc></extensions></trkpt>
      <trkpt lon="-117.331858" lat="33.979270"><ele>317.786237</ele><time>2025-03-12T23:17:41Z</time><extensions><speed>0.793327</speed><course>91.470974</course><hAcc>1.196913</hAcc><vAcc>0.769731</vAcc></extensions></trkpt>
      <trkpt lon="-117.331847" lat="33.979269"><ele>317.811929</ele><time>2025-03-12T23:17:42Z</time><extensions><speed>1.357426</speed><course>96.784213</course><hAcc>1.183867</hAcc><vAcc>0.766635</vAcc></extensions></trkpt>
      <trkpt lon="-117.331830" lat="33.979269"><ele>317.838913</ele><time>2025-03-12T23:17:43Z</time><extensions><speed>1.843022</speed><course>85.686123</course><hAcc>1.175892</hAcc><vAcc>0.764941</vAcc></extensions></trkpt>
      <trkpt lon="-117.331810" lat="33.979270"><ele>317.866446</ele><time>2025-03-12T23:17:44Z</time><extensions><speed>1.766220</speed><course>87.499181</course><hAcc>1.170198</hAcc><vAcc>0.763968</vAcc></extensions></trkpt>
      <trkpt lon="-117.331791" lat="33.979271"><ele>317.894695</ele><time>2025-03-12T23:17:45Z</time><extensions><speed>1.734177</speed><course>87.699676</course><hAcc>1.166357</hAcc><vAcc>0.763405</vAcc></extensions></trkpt>
      <trkpt lon="-117.331774" lat="33.979271"><ele>317.923511</ele><time>2025-03-12T23:17:46Z</time><extensions><speed>1.462804</speed><course>93.599876</course><hAcc>1.164300</hAcc><vAcc>0.762888</vAcc></extensions></trkpt>
      <trkpt lon="-117.331761" lat="33.979270"><ele>317.953746</ele><time>2025-03-12T23:17:47Z</time><extensions><speed>0.857000</speed><course>94.430476</course><hAcc>1.163135</hAcc><vAcc>0.762375</vAcc></extensions></trkpt>
      <trkpt lon="-117.331751" lat="33.979270"><ele>317.979679</ele><time>2025-03-12T23:17:48Z</time><extensions><speed>1.006211</speed><course>95.972266</course><hAcc>1.165187</hAcc><vAcc>0.761837</vAcc></extensions></trkpt>
      <trkpt lon="-117.331740" lat="33.979269"><ele>318.004481</ele><time>2025-03-12T23:17:49Z</time><extensions><speed>1.023257</speed><course>88.888869</course><hAcc>1.165350</hAcc><vAcc>0.761280</vAcc></extensions></trkpt>
      <trkpt lon="-117.331729" lat="33.979270"><ele>318.025557</ele><time>2025-03-12T23:17:50Z</time><extensions><speed>1.047880</speed><course>87.692355</course><hAcc>1.158989</hAcc><vAcc>0.760876</vAcc></extensions></trkpt>
      <trkpt lon="-117.331721" lat="33.979269"><ele>318.048550</ele><time>2025-03-12T23:17:51Z</time><extensions><speed>1.058294</speed><course>87.047603</course><hAcc>1.133093</hAcc><vAcc>0.760415</vAcc></extensions></trkpt>
      <trkpt lon="-117.331710" lat="33.979270"><ele>318.063259</ele><time>2025-03-12T23:17:52Z</time><extensions><speed>1.101481</speed><course>89.144281</course><hAcc>1.120061</hAcc><vAcc>0.760010</vAcc></extensions></trkpt>
      <trkpt lon="-117.331699" lat="33.979270"><ele>318.080419</ele><time>2025-03-12T23:17:53Z</time><extensions><speed>1.118751</speed><course>91.856951</course><hAcc>1.127943</hAcc><vAcc>0.759667</vAcc></extensions></trkpt>
      <trkpt lon="-117.331687" lat="33.979269"><ele>318.101426</ele><time>2025-03-12T23:17:54Z</time><extensions><speed>1.097040</speed><course>95.936715</course><hAcc>1.126064</hAcc><vAcc>0.759385</vAcc></extensions></trkpt>
      <trkpt lon="-117.331675" lat="33.979268"><ele>318.132715</ele><time>2025-03-12T23:17:55Z</time><extensions><speed>1.094429</speed><course>94.152484</course><hAcc>1.122477</hAcc><vAcc>0.759152</vAcc></extensions></trkpt>
      <trkpt lon="-117.331663" lat="33.979268"><ele>318.168102</ele><time>2025-03-12T23:17:56Z</time><extensions><speed>1.132357</speed><course>93.818559</course><hAcc>1.111882</hAcc><vAcc>0.759280</vAcc></extensions></trkpt>
      <trkpt lon="-117.331651" lat="33.979267"><ele>318.196905</ele><time>2025-03-12T23:17:57Z</time><extensions><speed>1.143046</speed><course>91.449269</course><hAcc>1.120001</hAcc><vAcc>0.759919</vAcc></extensions></trkpt>
      <trkpt lon="-117.331638" lat="33.979267"><ele>318.227721</ele><time>2025-03-12T23:17:58Z</time><extensions><speed>1.131202</speed><course>94.510729</course><hAcc>1.120891</hAcc><vAcc>0.760520</vAcc></extensions></trkpt>
      <trkpt lon="-117.331627" lat="33.979266"><ele>318.257280</ele><time>2025-03-12T23:17:59Z</time><extensions><speed>1.043594</speed><course>92.787988</course><hAcc>1.119871</hAcc><vAcc>0.761264</vAcc></extensions></trkpt>
      <trkpt lon="-117.331615" lat="33.979265"><ele>318.308966</ele><time>2025-03-12T23:18:00Z</time><extensions><speed>1.019329</speed><course>95.375155</course><hAcc>1.107685</hAcc><vAcc>0.762832</vAcc></extensions></trkpt>
      <trkpt lon="-117.331605" lat="33.979265"><ele>318.340391</ele><time>2025-03-12T23:18:01Z</time><extensions><speed>0.860510</speed><course>84.758818</course><hAcc>1.037801</hAcc><vAcc>0.764808</vAcc></extensions></trkpt>
      <trkpt lon="-117.331596" lat="33.979267"><ele>318.357904</ele><time>2025-03-12T23:18:02Z</time><extensions><speed>0.929489</speed><course>76.025565</course><hAcc>1.061610</hAcc><vAcc>0.767099</vAcc></extensions></trkpt>
      <trkpt lon="-117.331586" lat="33.979269"><ele>318.390236</ele><time>2025-03-12T23:18:03Z</time><extensions><speed>1.004541</speed><course>78.229220</course><hAcc>1.138213</hAcc><vAcc>0.770095</vAcc></extensions></trkpt>
      <trkpt lon="-117.331575" lat="33.979270"><ele>318.435040</ele><time>2025-03-12T23:18:04Z</time><extensions><speed>1.073703</speed><course>79.003315</course><hAcc>1.205594</hAcc><vAcc>0.773540</vAcc></extensions></trkpt>
      <trkpt lon="-117.331563" lat="33.979272"><ele>318.477185</ele><time>2025-03-12T23:18:05Z</time><extensions><speed>1.142132</speed><course>84.649396</course><hAcc>1.226673</hAcc><vAcc>0.778337</vAcc></extensions></trkpt>
      <trkpt lon="-117.331550" lat="33.979272"><ele>318.502637</ele><time>2025-03-12T23:18:06Z</time><extensions><speed>1.245683</speed><course>89.455895</course><hAcc>1.246524</hAcc><vAcc>0.782838</vAcc></extensions></trkpt>
      <trkpt lon="-117.331536" lat="33.979272"><ele>318.542394</ele><time>2025-03-12T23:18:07Z</time><extensions><speed>1.305849</speed><course>91.529690</course><hAcc>1.264121</hAcc><vAcc>0.788033</vAcc></extensions></trkpt>
      <trkpt lon="-117.331522" lat="33.979272"><ele>318.583011</ele><time>2025-03-12T23:18:08Z</time><extensions><speed>1.239168</speed><course>89.843289</course><hAcc>1.265401</hAcc><vAcc>0.793075</vAcc></extensions></trkpt>
      <trkpt lon="-117.331509" lat="33.979272"><ele>318.623591</ele><time>2025-03-12T23:18:09Z</time><extensions><speed>1.271976</speed><course>87.594268</course><hAcc>1.279815</hAcc><vAcc>0.798075</vAcc></extensions></trkpt>
      <trkpt lon="-117.331495" lat="33.979273"><ele>318.662971</ele><time>2025-03-12T23:18:10Z</time><extensions><speed>1.170443</speed><course>86.607643</course><hAcc>1.313859</hAcc><vAcc>0.802903</vAcc></extensions></trkpt>
      <trkpt lon="-117.331484" lat="33.979273"><ele>318.689085</ele><time>2025-03-12T23:18:11Z</time><extensions><speed>0.989433</speed><course>86.263464</course><hAcc>1.274530</hAcc><vAcc>0.807060</vAcc></extensions></trkpt>
      <trkpt lon="-117.331473" lat="33.979274"><ele>318.724612</ele><time>2025-03-12T23:18:12Z</time><extensions><speed>1.047567</speed><course>91.725489</course><hAcc>1.259254</hAcc><vAcc>0.810149</vAcc></extensions></trkpt>
      <trkpt lon="-117.331460" lat="33.979273"><ele>318.749285</ele><time>2025-03-12T23:18:13Z</time><extensions><speed>1.264632</speed><course>94.665561</course><hAcc>1.266115</hAcc><vAcc>0.812991</vAcc></extensions></trkpt>
      <trkpt lon="-117.331446" lat="33.979272"><ele>318.778475</ele><time>2025-03-12T23:18:14Z</time><extensions><speed>1.404727</speed><course>96.916574</course><hAcc>1.260302</hAcc><vAcc>0.814972</vAcc></extensions></trkpt>
      <trkpt lon="-117.331431" lat="33.979270"><ele>318.814417</ele><time>2025-03-12T23:18:15Z</time><extensions><speed>1.277323</speed><course>95.844105</course><hAcc>1.272240</hAcc><vAcc>0.815433</vAcc></extensions></trkpt>
      <trkpt lon="-117.331417" lat="33.979269"><ele>318.861387</ele><time>2025-03-12T23:18:16Z</time><extensions><speed>1.391215</speed><course>95.188243</course><hAcc>1.238619</hAcc><vAcc>0.814823</vAcc></extensions></trkpt>
      <trkpt lon="-117.331403" lat="33.979268"><ele>318.908416</ele><time>2025-03-12T23:18:17Z</time><extensions><speed>1.213341</speed><course>92.184022</course><hAcc>1.257609</hAcc><vAcc>0.813141</vAcc></extensions></trkpt>
      <trkpt lon="-117.331390" lat="33.979267"><ele>318.953931</ele><time>2025-03-12T23:18:18Z</time><extensions><speed>1.166361</speed><course>96.743763</course><hAcc>1.232591</hAcc><vAcc>0.810453</vAcc></extensions></trkpt>
      <trkpt lon="-117.331377" lat="33.979266"><ele>319.004597</ele><time>2025-03-12T23:18:19Z</time><extensions><speed>1.199109</speed><course>100.626059</course><hAcc>1.226262</hAcc><vAcc>0.807447</vAcc></extensions></trkpt>
      <trkpt lon="-117.331364" lat="33.979263"><ele>319.048650</ele><time>2025-03-12T23:18:20Z</time><extensions><speed>1.244947</speed><course>103.828739</course><hAcc>1.223564</hAcc><vAcc>0.804573</vAcc></extensions></trkpt>
      <trkpt lon="-117.331350" lat="33.979260"><ele>319.091402</ele><time>2025-03-12T23:18:21Z</time><extensions><speed>1.433933</speed><course>105.575850</course><hAcc>1.211593</hAcc><vAcc>0.801858</vAcc></extensions></trkpt>
      <trkpt lon="-117.331335" lat="33.979256"><ele>319.125241</ele><time>2025-03-12T23:18:22Z</time><extensions><speed>1.548971</speed><course>109.107921</course><hAcc>1.200164</hAcc><vAcc>0.799335</vAcc></extensions></trkpt>
      <trkpt lon="-117.331320" lat="33.979250"><ele>319.144316</ele><time>2025-03-12T23:18:23Z</time><extensions><speed>1.485954</speed><course>118.188398</course><hAcc>1.206693</hAcc><vAcc>0.797776</vAcc></extensions></trkpt>
      <trkpt lon="-117.331307" lat="33.979244"><ele>319.148924</ele><time>2025-03-12T23:18:24Z</time><extensions><speed>1.309393</speed><course>124.547805</course><hAcc>1.228516</hAcc><vAcc>0.796884</vAcc></extensions></trkpt>
      <trkpt lon="-117.331296" lat="33.979237"><ele>319.163843</ele><time>2025-03-12T23:18:25Z</time><extensions><speed>1.365836</speed><course>129.185418</course><hAcc>1.192778</hAcc><vAcc>0.797281</vAcc></extensions></trkpt>
      <trkpt lon="-117.331285" lat="33.979228"><ele>319.173935</ele><time>2025-03-12T23:18:26Z</time><extensions><speed>1.341907</speed><course>134.760795</course><hAcc>1.182823</hAcc><vAcc>0.799292</vAcc></extensions></trkpt>
      <trkpt lon="-117.331275" lat="33.979219"><ele>319.164576</ele><time>2025-03-12T23:18:27Z</time><extensions><speed>1.359816</speed><course>140.681664</course><hAcc>1.188165</hAcc><vAcc>0.801662</vAcc></extensions></trkpt>
      <trkpt lon="-117.331266" lat="33.979209"><ele>319.153468</ele><time>2025-03-12T23:18:28Z</time><extensions><speed>1.467060</speed><course>145.472017</course><hAcc>1.189055</hAcc><vAcc>0.804636</vAcc></extensions></trkpt>
      <trkpt lon="-117.331257" lat="33.979197"><ele>319.131311</ele><time>2025-03-12T23:18:29Z</time><extensions><speed>1.616527</speed><course>150.199106</course><hAcc>1.181638</hAcc><vAcc>0.808985</vAcc></extensions></trkpt>
      <trkpt lon="-117.331249" lat="33.979184"><ele>319.098581</ele><time>2025-03-12T23:18:30Z</time><extensions><speed>1.629121</speed><course>156.966960</course><hAcc>1.181123</hAcc><vAcc>0.814371</vAcc></extensions></trkpt>
      <trkpt lon="-117.331242" lat="33.979171"><ele>319.076007</ele><time>2025-03-12T23:18:31Z</time><extensions><speed>1.494833</speed><course>159.326474</course><hAcc>1.188846</hAcc><vAcc>0.819992</vAcc></extensions></trkpt>
      <trkpt lon="-117.331238" lat="33.979158"><ele>319.052364</ele><time>2025-03-12T23:18:32Z</time><extensions><speed>1.505860</speed><course>167.259480</course><hAcc>1.183706</hAcc><vAcc>0.824997</vAcc></extensions></trkpt>
      <trkpt lon="-117.331235" lat="33.979145"><ele>318.987337</ele><time>2025-03-12T23:18:33Z</time><extensions><speed>1.311391</speed><course>173.435171</course><hAcc>1.206656</hAcc><vAcc>0.829547</vAcc></extensions></trkpt>
      <trkpt lon="-117.331234" lat="33.979134"><ele>318.892091</ele><time>2025-03-12T23:18:34Z</time><extensions><speed>1.317945</speed><course>181.825254</course><hAcc>1.180291</hAcc><vAcc>0.833573</vAcc></extensions></trkpt>
      <trkpt lon="-117.331235" lat="33.979121"><ele>318.787785</ele><time>2025-03-12T23:18:35Z</time><extensions><speed>1.432460</speed><course>183.865346</course><hAcc>1.208889</hAcc><vAcc>0.837204</vAcc></extensions></trkpt>
      <trkpt lon="-117.331236" lat="33.979108"><ele>318.708323</ele><time>2025-03-12T23:18:36Z</time><extensions><speed>1.403802</speed><course>181.106580</course><hAcc>1.267015</hAcc><vAcc>0.840373</vAcc></extensions></trkpt>
      <trkpt lon="-117.331235" lat="33.979095"><ele>318.634043</ele><time>2025-03-12T23:18:37Z</time><extensions><speed>1.510752</speed><course>173.957656</course><hAcc>1.268737</hAcc><vAcc>0.844666</vAcc></extensions></trkpt>
      <trkpt lon="-117.331233" lat="33.979082"><ele>318.572531</ele><time>2025-03-12T23:18:38Z</time><extensions><speed>1.521311</speed><course>171.299370</course><hAcc>1.298093</hAcc><vAcc>0.848851</vAcc></extensions></trkpt>
      <trkpt lon="-117.331230" lat="33.979068"><ele>318.519018</ele><time>2025-03-12T23:18:39Z</time><extensions><speed>1.528660</speed><course>170.641439</course><hAcc>1.333765</hAcc><vAcc>0.853101</vAcc></extensions></trkpt>
      <trkpt lon="-117.331228" lat="33.979055"><ele>318.477290</ele><time>2025-03-12T23:18:40Z</time><extensions><speed>1.473878</speed><course>171.456487</course><hAcc>1.365839</hAcc><vAcc>0.857980</vAcc></extensions></trkpt>
      <trkpt lon="-117.331225" lat="33.979042"><ele>318.449755</ele><time>2025-03-12T23:18:41Z</time><extensions><speed>1.458270</speed><course>168.336249</course><hAcc>1.392369</hAcc><vAcc>0.863687</vAcc></extensions></trkpt>
      <trkpt lon="-117.331222" lat="33.979029"><ele>318.413980</ele><time>2025-03-12T23:18:42Z</time><extensions><speed>1.412209</speed><course>167.782629</course><hAcc>1.402200</hAcc><vAcc>0.869581</vAcc></extensions></trkpt>
      <trkpt lon="-117.331219" lat="33.979017"><ele>318.396534</ele><time>2025-03-12T23:18:43Z</time><extensions><speed>1.362328</speed><course>168.420073</course><hAcc>1.401508</hAcc><vAcc>0.875408</vAcc></extensions></trkpt>
      <trkpt lon="-117.331216" lat="33.979004"><ele>318.377872</ele><time>2025-03-12T23:18:44Z</time><extensions><speed>1.365125</speed><course>170.479002</course><hAcc>1.389345</hAcc><vAcc>0.882231</vAcc></extensions></trkpt>
      <trkpt lon="-117.331214" lat="33.978992"><ele>318.373116</ele><time>2025-03-12T23:18:45Z</time><extensions><speed>1.338915</speed><course>173.899857</course><hAcc>1.379930</hAcc><vAcc>0.887626</vAcc></extensions></trkpt>
      <trkpt lon="-117.331213" lat="33.978980"><ele>318.412608</ele><time>2025-03-12T23:18:46Z</time><extensions><speed>1.310049</speed><course>179.470859</course><hAcc>1.395495</hAcc><vAcc>0.892570</vAcc></extensions></trkpt>
      <trkpt lon="-117.331213" lat="33.978969"><ele>318.456837</ele><time>2025-03-12T23:18:47Z</time><extensions><speed>1.240366</speed><course>179.512778</course><hAcc>1.413689</hAcc><vAcc>0.898182</vAcc></extensions></trkpt>
      <trkpt lon="-117.331212" lat="33.978958"><ele>318.522263</ele><time>2025-03-12T23:18:48Z</time><extensions><speed>1.179842</speed><course>174.682179</course><hAcc>1.366506</hAcc><vAcc>0.902875</vAcc></extensions></trkpt>
      <trkpt lon="-117.331211" lat="33.978947"><ele>318.586741</ele><time>2025-03-12T23:18:49Z</time><extensions><speed>1.170966</speed><course>175.963075</course><hAcc>1.337487</hAcc><vAcc>0.907017</vAcc></extensions></trkpt>
      <trkpt lon="-117.331210" lat="33.978936"><ele>318.646642</ele><time>2025-03-12T23:18:50Z</time><extensions><speed>1.277190</speed><course>176.994401</course><hAcc>1.340123</hAcc><vAcc>0.910836</vAcc></extensions></trkpt>
      <trkpt lon="-117.331210" lat="33.978925"><ele>318.709928</ele><time>2025-03-12T23:18:51Z</time><extensions><speed>1.207093</speed><course>176.163746</course><hAcc>1.364382</hAcc><vAcc>0.914640</vAcc></extensions></trkpt>
      <trkpt lon="-117.331209" lat="33.978914"><ele>318.762868</ele><time>2025-03-12T23:18:52Z</time><extensions><speed>1.346643</speed><course>179.500934</course><hAcc>1.345023</hAcc><vAcc>0.915945</vAcc></extensions></trkpt>
      <trkpt lon="-117.331210" lat="33.978902"><ele>318.824353</ele><time>2025-03-12T23:18:53Z</time><extensions><speed>1.404972</speed><course>183.954721</course><hAcc>1.338647</hAcc><vAcc>0.916699</vAcc></extensions></trkpt>
      <trkpt lon="-117.331211" lat="33.978890"><ele>318.864434</ele><time>2025-03-12T23:18:54Z</time><extensions><speed>1.242241</speed><course>186.919433</course><hAcc>1.365591</hAcc><vAcc>0.917322</vAcc></extensions></trkpt>
      <trkpt lon="-117.331212" lat="33.978879"><ele>318.929476</ele><time>2025-03-12T23:18:55Z</time><extensions><speed>1.215372</speed><course>186.572086</course><hAcc>1.342228</hAcc><vAcc>0.917680</vAcc></extensions></trkpt>
      <trkpt lon="-117.331213" lat="33.978868"><ele>318.999535</ele><time>2025-03-12T23:18:56Z</time><extensions><speed>1.138678</speed><course>182.192544</course><hAcc>1.345605</hAcc><vAcc>0.917528</vAcc></extensions></trkpt>
      <trkpt lon="-117.331214" lat="33.978859"><ele>319.070359</ele><time>2025-03-12T23:18:57Z</time><extensions><speed>1.062420</speed><course>179.828142</course><hAcc>1.360254</hAcc><vAcc>0.915764</vAcc></extensions></trkpt>
      <trkpt lon="-117.331213" lat="33.978849"><ele>319.125977</ele><time>2025-03-12T23:18:58Z</time><extensions><speed>1.049908</speed><course>176.100279</course><hAcc>1.367517</hAcc><vAcc>0.914943</vAcc></extensions></trkpt>
      <trkpt lon="-117.331212" lat="33.978840"><ele>319.188731</ele><time>2025-03-12T23:18:59Z</time><extensions><speed>1.021166</speed><course>173.645720</course><hAcc>1.370674</hAcc><vAcc>0.913397</vAcc></extensions></trkpt>
      <trkpt lon="-117.331210" lat="33.978831"><ele>319.255665</ele><time>2025-03-12T23:19:00Z</time><extensions><speed>1.037262</speed><course>165.106443</course><hAcc>1.383229</hAcc><vAcc>0.911629</vAcc></extensions></trkpt>
      <trkpt lon="-117.331206" lat="33.978822"><ele>319.310276</ele><time>2025-03-12T23:19:01Z</time><extensions><speed>1.019485</speed><course>149.356344</course><hAcc>1.422984</hAcc><vAcc>0.910271</vAcc></extensions></trkpt>
      <trkpt lon="-117.331200" lat="33.978817"><ele>319.352545</ele><time>2025-03-12T23:19:02Z</time><extensions><speed>0.722790</speed><course>122.768390</course><hAcc>1.393695</hAcc><vAcc>0.907706</vAcc></extensions></trkpt>
      <trkpt lon="-117.331193" lat="33.978814"><ele>319.383428</ele><time>2025-03-12T23:19:03Z</time><extensions><speed>0.760412</speed><course>106.272413</course><hAcc>1.403962</hAcc><vAcc>0.905413</vAcc></extensions></trkpt>
      <trkpt lon="-117.331184" lat="33.978813"><ele>319.389959</ele><time>2025-03-12T23:19:04Z</time><extensions><speed>0.863450</speed><course>94.096279</course><hAcc>1.396981</hAcc><vAcc>0.904007</vAcc></extensions></trkpt>
      <trkpt lon="-117.331174" lat="33.978812"><ele>319.403245</ele><time>2025-03-12T23:19:05Z</time><extensions><speed>0.988099</speed><course>95.459170</course><hAcc>1.384224</hAcc><vAcc>0.903675</vAcc></extensions></trkpt>
      <trkpt lon="-117.331162" lat="33.978810"><ele>319.404399</ele><time>2025-03-12T23:19:06Z</time><extensions><speed>1.204939</speed><course>102.608991</course><hAcc>1.374389</hAcc><vAcc>0.902358</vAcc></extensions></trkpt>
      <trkpt lon="-117.331149" lat="33.978807"><ele>319.402728</ele><time>2025-03-12T23:19:07Z</time><extensions><speed>1.361306</speed><course>107.257077</course><hAcc>1.361094</hAcc><vAcc>0.900462</vAcc></extensions></trkpt>
      <trkpt lon="-117.331135" lat="33.978804"><ele>319.396325</ele><time>2025-03-12T23:19:08Z</time><extensions><speed>1.259738</speed><course>108.267879</course><hAcc>1.360164</hAcc><vAcc>0.899614</vAcc></extensions></trkpt>
      <trkpt lon="-117.331122" lat="33.978800"><ele>319.379483</ele><time>2025-03-12T23:19:09Z</time><extensions><speed>1.240789</speed><course>108.090598</course><hAcc>1.337644</hAcc><vAcc>0.898700</vAcc></extensions></trkpt>
      <trkpt lon="-117.331110" lat="33.978797"><ele>319.361757</ele><time>2025-03-12T23:19:10Z</time><extensions><speed>1.214907</speed><course>109.200101</course><hAcc>1.325263</hAcc><vAcc>0.899542</vAcc></extensions></trkpt>
      <trkpt lon="-117.331098" lat="33.978793"><ele>319.344946</ele><time>2025-03-12T23:19:11Z</time><extensions><speed>1.140597</speed><course>111.308303</course><hAcc>1.308700</hAcc><vAcc>0.901622</vAcc></extensions></trkpt>
      <trkpt lon="-117.331086" lat="33.978790"><ele>319.332148</ele><time>2025-03-12T23:19:12Z</time><extensions><speed>1.201629</speed><course>110.826163</course><hAcc>1.294620</hAcc><vAcc>0.903591</vAcc></extensions></trkpt>
      <trkpt lon="-117.331073" lat="33.978786"><ele>319.312756</ele><time>2025-03-12T23:19:13Z</time><extensions><speed>1.288580</speed><course>109.348018</course><hAcc>1.285415</hAcc><vAcc>0.906095</vAcc></extensions></trkpt>
      <trkpt lon="-117.331060" lat="33.978782"><ele>319.298561</ele><time>2025-03-12T23:19:14Z</time><extensions><speed>1.322028</speed><course>110.036234</course><hAcc>1.286677</hAcc><vAcc>0.908588</vAcc></extensions></trkpt>
      <trkpt lon="-117.331047" lat="33.978778"><ele>319.290828</ele><time>2025-03-12T23:19:15Z</time><extensions><speed>1.231633</speed><course>111.492230</course><hAcc>1.320723</hAcc><vAcc>0.912386</vAcc></extensions></trkpt>
      <trkpt lon="-117.331035" lat="33.978774"><ele>319.278787</ele><time>2025-03-12T23:19:16Z</time><extensions><speed>1.216403</speed><course>112.901103</course><hAcc>1.288886</hAcc><vAcc>0.916402</vAcc></extensions></trkpt>
      <trkpt lon="-117.331023" lat="33.978769"><ele>319.275146</ele><time>2025-03-12T23:19:17Z</time><extensions><speed>1.184594</speed><course>112.837913</course><hAcc>1.282749</hAcc><vAcc>0.920534</vAcc></extensions></trkpt>
      <trkpt lon="-117.331011" lat="33.978765"><ele>319.267670</ele><time>2025-03-12T23:19:18Z</time><extensions><speed>1.243056</speed><course>113.722133</course><hAcc>1.301565</hAcc><vAcc>0.923878</vAcc></extensions></trkpt>
      <trkpt lon="-117.330998" lat="33.978760"><ele>319.267498</ele><time>2025-03-12T23:19:19Z</time><extensions><speed>1.374238</speed><course>112.058110</course><hAcc>1.322933</hAcc><vAcc>0.927283</vAcc></extensions></trkpt>
      <trkpt lon="-117.330984" lat="33.978756"><ele>319.264203</ele><time>2025-03-12T23:19:20Z</time><extensions><speed>1.293534</speed><course>110.609362</course><hAcc>1.354821</hAcc><vAcc>0.931462</vAcc></extensions></trkpt>
      <trkpt lon="-117.330971" lat="33.978752"><ele>319.271625</ele><time>2025-03-12T23:19:21Z</time><extensions><speed>1.235365</speed><course>109.346178</course><hAcc>1.336202</hAcc><vAcc>0.935670</vAcc></extensions></trkpt>
      <trkpt lon="-117.330959" lat="33.978749"><ele>319.286452</ele><time>2025-03-12T23:19:22Z</time><extensions><speed>1.171884</speed><course>106.686154</course><hAcc>1.336063</hAcc><vAcc>0.939445</vAcc></extensions></trkpt>
      <trkpt lon="-117.330947" lat="33.978746"><ele>319.314362</ele><time>2025-03-12T23:19:23Z</time><extensions><speed>1.062957</speed><course>105.085761</course><hAcc>1.349187</hAcc><vAcc>0.944168</vAcc></extensions></trkpt>
      <trkpt lon="-117.330936" lat="33.978743"><ele>319.340751</ele><time>2025-03-12T23:19:24Z</time><extensions><speed>1.142683</speed><course>109.051985</course><hAcc>1.360269</hAcc><vAcc>0.947252</vAcc></extensions></trkpt>
      <trkpt lon="-117.330924" lat="33.978739"><ele>319.372316</ele><time>2025-03-12T23:19:25Z</time><extensions><speed>1.154603</speed><course>116.910994</course><hAcc>1.383365</hAcc><vAcc>0.949718</vAcc></extensions></trkpt>
      <trkpt lon="-117.330913" lat="33.978733"><ele>319.400552</ele><time>2025-03-12T23:19:26Z</time><extensions><speed>1.151604</speed><course>122.999157</course><hAcc>1.374183</hAcc><vAcc>0.951609</vAcc></extensions></trkpt>
      <trkpt lon="-117.330903" lat="33.978727"><ele>319.430322</ele><time>2025-03-12T23:19:27Z</time><extensions><speed>1.163957</speed><course>125.274702</course><hAcc>1.371409</hAcc><vAcc>0.953434</vAcc></extensions></trkpt>
      <trkpt lon="-117.330892" lat="33.978721"><ele>319.464821</ele><time>2025-03-12T23:19:28Z</time><extensions><speed>1.219843</speed><course>124.081333</course><hAcc>1.369524</hAcc><vAcc>0.955564</vAcc></extensions></trkpt>
      <trkpt lon="-117.330881" lat="33.978715"><ele>319.484036</ele><time>2025-03-12T23:19:29Z</time><extensions><speed>1.278439</speed><course>124.907403</course><hAcc>1.377358</hAcc><vAcc>0.958340</vAcc></extensions></trkpt>
      <trkpt lon="-117.330870" lat="33.978707"><ele>319.513873</ele><time>2025-03-12T23:19:30Z</time><extensions><speed>1.312624</speed><course>133.965869</course><hAcc>1.384044</hAcc><vAcc>0.960100</vAcc></extensions></trkpt>
      <trkpt lon="-117.330861" lat="33.978698"><ele>319.543162</ele><time>2025-03-12T23:19:31Z</time><extensions><speed>1.364505</speed><course>143.369229</course><hAcc>1.385729</hAcc><vAcc>0.960323</vAcc></extensions></trkpt>
      <trkpt lon="-117.330853" lat="33.978688"><ele>319.570102</ele><time>2025-03-12T23:19:32Z</time><extensions><speed>1.233647</speed><course>152.901399</course><hAcc>1.390508</hAcc><vAcc>0.959741</vAcc></extensions></trkpt>
      <trkpt lon="-117.330848" lat="33.978679"><ele>319.593675</ele><time>2025-03-12T23:19:33Z</time><extensions><speed>1.118261</speed><course>156.957660</course><hAcc>1.403057</hAcc><vAcc>0.957914</vAcc></extensions></trkpt>
      <trkpt lon="-117.330843" lat="33.978669"><ele>319.613617</ele><time>2025-03-12T23:19:34Z</time><extensions><speed>1.193291</speed><course>154.204020</course><hAcc>1.376397</hAcc><vAcc>0.955677</vAcc></extensions></trkpt>
      <trkpt lon="-117.330836" lat="33.978659"><ele>319.627179</ele><time>2025-03-12T23:19:35Z</time><extensions><speed>1.242732</speed><course>150.985033</course><hAcc>1.359840</hAcc><vAcc>0.951922</vAcc></extensions></trkpt>
      <trkpt lon="-117.330830" lat="33.978650"><ele>319.629674</ele><time>2025-03-12T23:19:36Z</time><extensions><speed>1.269815</speed><course>149.264875</course><hAcc>1.350307</hAcc><vAcc>0.946639</vAcc></extensions></trkpt>
      <trkpt lon="-117.330823" lat="33.978640"><ele>319.634571</ele><time>2025-03-12T23:19:37Z</time><extensions><speed>1.249629</speed><course>150.751192</course><hAcc>1.348032</hAcc><vAcc>0.941438</vAcc></extensions></trkpt>
      <trkpt lon="-117.330817" lat="33.978630"><ele>319.636800</ele><time>2025-03-12T23:19:38Z</time><extensions><speed>1.142100</speed><course>155.000404</course><hAcc>1.348734</hAcc><vAcc>0.936028</vAcc></extensions></trkpt>
      <trkpt lon="-117.330812" lat="33.978621"><ele>319.665772</ele><time>2025-03-12T23:19:39Z</time><extensions><speed>1.009005</speed><course>157.761690</course><hAcc>1.344381</hAcc><vAcc>0.928518</vAcc></extensions></trkpt>
      <trkpt lon="-117.330808" lat="33.978612"><ele>319.668551</ele><time>2025-03-12T23:19:40Z</time><extensions><speed>1.169812</speed><course>159.124473</course><hAcc>1.323473</hAcc><vAcc>0.919894</vAcc></extensions></trkpt>
      <trkpt lon="-117.330803" lat="33.978602"><ele>319.687001</ele><time>2025-03-12T23:19:41Z</time><extensions><speed>1.200552</speed><course>159.695675</course><hAcc>1.316901</hAcc><vAcc>0.910381</vAcc></extensions></trkpt>
      <trkpt lon="-117.330799" lat="33.978592"><ele>319.695900</ele><time>2025-03-12T23:19:42Z</time><extensions><speed>1.103613</speed><course>159.636862</course><hAcc>1.311775</hAcc><vAcc>0.900737</vAcc></extensions></trkpt>
      <trkpt lon="-117.330795" lat="33.978583"><ele>319.701751</ele><time>2025-03-12T23:19:43Z</time><extensions><speed>1.053042</speed><course>156.256367</course><hAcc>1.309961</hAcc><vAcc>0.891533</vAcc></extensions></trkpt>
      <trkpt lon="-117.330790" lat="33.978575"><ele>319.715138</ele><time>2025-03-12T23:19:44Z</time><extensions><speed>1.027686</speed><course>148.997143</course><hAcc>1.316194</hAcc><vAcc>0.881312</vAcc></extensions></trkpt>
      <trkpt lon="-117.330783" lat="33.978566"><ele>319.733527</ele><time>2025-03-12T23:19:45Z</time><extensions><speed>1.219456</speed><course>144.396127</course><hAcc>1.289610</hAcc><vAcc>0.871873</vAcc></extensions></trkpt>
      <trkpt lon="-117.330775" lat="33.978557"><ele>319.764148</ele><time>2025-03-12T23:19:46Z</time><extensions><speed>1.207704</speed><course>146.884470</course><hAcc>1.278717</hAcc><vAcc>0.862035</vAcc></extensions></trkpt>
      <trkpt lon="-117.330768" lat="33.978548"><ele>319.797580</ele><time>2025-03-12T23:19:47Z</time><extensions><speed>1.204805</speed><course>148.987956</course><hAcc>1.298625</hAcc><vAcc>0.852787</vAcc></extensions></trkpt>
      <trkpt lon="-117.330762" lat="33.978539"><ele>319.831780</ele><time>2025-03-12T23:19:48Z</time><extensions><speed>1.065213</speed><course>152.745215</course><hAcc>1.285506</hAcc><vAcc>0.843913</vAcc></extensions></trkpt>
      <trkpt lon="-117.330757" lat="33.978531"><ele>319.873124</ele><time>2025-03-12T23:19:49Z</time><extensions><speed>1.101267</speed><course>152.332131</course><hAcc>1.270614</hAcc><vAcc>0.835260</vAcc></extensions></trkpt>
      <trkpt lon="-117.330752" lat="33.978522"><ele>319.920604</ele><time>2025-03-12T23:19:50Z</time><extensions><speed>1.112043</speed><course>154.172949</course><hAcc>1.266473</hAcc><vAcc>0.827116</vAcc></extensions></trkpt>
      <trkpt lon="-117.330747" lat="33.978512"><ele>319.981991</ele><time>2025-03-12T23:19:51Z</time><extensions><speed>1.113620</speed><course>156.281639</course><hAcc>1.269903</hAcc><vAcc>0.820214</vAcc></extensions></trkpt>
      <trkpt lon="-117.330742" lat="33.978503"><ele>320.040145</ele><time>2025-03-12T23:19:52Z</time><extensions><speed>1.176194</speed><course>157.739876</course><hAcc>1.259773</hAcc><vAcc>0.813712</vAcc></extensions></trkpt>
      <trkpt lon="-117.330737" lat="33.978492"><ele>320.101017</ele><time>2025-03-12T23:19:53Z</time><extensions><speed>1.321393</speed><course>158.320128</course><hAcc>1.248248</hAcc><vAcc>0.807574</vAcc></extensions></trkpt>
      <trkpt lon="-117.330731" lat="33.978481"><ele>320.168486</ele><time>2025-03-12T23:19:54Z</time><extensions><speed>1.439669</speed><course>156.677332</course><hAcc>1.237712</hAcc><vAcc>0.801868</vAcc></extensions></trkpt>
      <trkpt lon="-117.330725" lat="33.978470"><ele>320.246575</ele><time>2025-03-12T23:19:55Z</time><extensions><speed>1.291065</speed><course>154.053674</course><hAcc>1.234797</hAcc><vAcc>0.796551</vAcc></extensions></trkpt>
      <trkpt lon="-117.330719" lat="33.978460"><ele>320.324403</ele><time>2025-03-12T23:19:56Z</time><extensions><speed>1.133538</speed><course>152.697275</course><hAcc>1.218957</hAcc><vAcc>0.791612</vAcc></extensions></trkpt>
      <trkpt lon="-117.330713" lat="33.978451"><ele>320.408711</ele><time>2025-03-12T23:19:57Z</time><extensions><speed>1.119117</speed><course>152.073348</course><hAcc>1.209596</hAcc><vAcc>0.787264</vAcc></extensions></trkpt>
      <trkpt lon="-117.330707" lat="33.978442"><ele>320.488422</ele><time>2025-03-12T23:19:58Z</time><extensions><speed>1.242141</speed><course>150.817252</course><hAcc>1.200222</hAcc><vAcc>0.783205</vAcc></extensions></trkpt>
      <trkpt lon="-117.330700" lat="33.978431"><ele>320.560473</ele><time>2025-03-12T23:19:59Z</time><extensions><speed>1.372595</speed><course>149.949061</course><hAcc>1.184012</hAcc><vAcc>0.779568</vAcc></extensions></trkpt>
      <trkpt lon="-117.330693" lat="33.978420"><ele>320.629062</ele><time>2025-03-12T23:20:00Z</time><extensions><speed>1.461361</speed><course>152.431280</course><hAcc>1.168305</hAcc><vAcc>0.776656</vAcc></extensions></trkpt>
      <trkpt lon="-117.330686" lat="33.978409"><ele>320.690215</ele><time>2025-03-12T23:20:01Z</time><extensions><speed>1.262528</speed><course>154.314775</course><hAcc>1.172581</hAcc><vAcc>0.774270</vAcc></extensions></trkpt>
      <trkpt lon="-117.330681" lat="33.978399"><ele>320.738229</ele><time>2025-03-12T23:20:02Z</time><extensions><speed>1.096332</speed><course>156.653476</course><hAcc>1.183007</hAcc><vAcc>0.772427</vAcc></extensions></trkpt>
      <trkpt lon="-117.330676" lat="33.978390"><ele>320.797354</ele><time>2025-03-12T23:20:03Z</time><extensions><speed>1.094588</speed><course>153.687682</course><hAcc>1.143790</hAcc><vAcc>0.771766</vAcc></extensions></trkpt>
      <trkpt lon="-117.330670" lat="33.978381"><ele>320.850631</ele><time>2025-03-12T23:20:04Z</time><extensions><speed>1.182775</speed><course>151.369561</course><hAcc>1.132329</hAcc><vAcc>0.771653</vAcc></extensions></trkpt>
      <trkpt lon="-117.330664" lat="33.978372"><ele>320.901878</ele><time>2025-03-12T23:20:05Z</time><extensions><speed>1.281377</speed><course>151.944113</course><hAcc>1.134183</hAcc><vAcc>0.772598</vAcc></extensions></trkpt>
      <trkpt lon="-117.330657" lat="33.978361"><ele>320.915876</ele><time>2025-03-12T23:20:06Z</time><extensions><speed>1.362753</speed><course>155.507374</course><hAcc>1.150937</hAcc><vAcc>0.774393</vAcc></extensions></trkpt>
      <trkpt lon="-117.330652" lat="33.978350"><ele>320.918278</ele><time>2025-03-12T23:20:07Z</time><extensions><speed>1.221687</speed><course>156.140290</course><hAcc>1.181805</hAcc><vAcc>0.776784</vAcc></extensions></trkpt>
      <trkpt lon="-117.330646" lat="33.978340"><ele>320.935940</ele><time>2025-03-12T23:20:08Z</time><extensions><speed>1.180436</speed><course>157.307629</course><hAcc>1.157002</hAcc><vAcc>0.780813</vAcc></extensions></trkpt>
      <trkpt lon="-117.330642" lat="33.978330"><ele>320.944760</ele><time>2025-03-12T23:20:09Z</time><extensions><speed>1.175210</speed><course>161.811798</course><hAcc>1.157614</hAcc><vAcc>0.785029</vAcc></extensions></trkpt>
      <trkpt lon="-117.330638" lat="33.978320"><ele>320.949613</ele><time>2025-03-12T23:20:10Z</time><extensions><speed>1.261975</speed><course>166.910623</course><hAcc>1.195671</hAcc><vAcc>0.790655</vAcc></extensions></trkpt>
      <trkpt lon="-117.330636" lat="33.978309"><ele>320.970065</ele><time>2025-03-12T23:20:11Z</time><extensions><speed>1.299771</speed><course>169.852894</course><hAcc>1.224644</hAcc><vAcc>0.796936</vAcc></extensions></trkpt>
      <trkpt lon="-117.330633" lat="33.978297"><ele>320.980083</ele><time>2025-03-12T23:20:12Z</time><extensions><speed>1.290292</speed><course>170.919269</course><hAcc>1.229237</hAcc><vAcc>0.803428</vAcc></extensions></trkpt>
      <trkpt lon="-117.330631" lat="33.978287"><ele>321.005754</ele><time>2025-03-12T23:20:13Z</time><extensions><speed>0.992193</speed><course>169.863296</course><hAcc>1.248796</hAcc><vAcc>0.809922</vAcc></extensions></trkpt>
      <trkpt lon="-117.330627" lat="33.978279"><ele>321.037057</ele><time>2025-03-12T23:20:14Z</time><extensions><speed>0.882988</speed><course>141.327041</course><hAcc>1.236043</hAcc><vAcc>0.815568</vAcc></extensions></trkpt>
      <trkpt lon="-117.330619" lat="33.978274"><ele>321.077217</ele><time>2025-03-12T23:20:15Z</time><extensions><speed>1.030487</speed><course>124.727076</course><hAcc>1.245143</hAcc><vAcc>0.820592</vAcc></extensions></trkpt>
      <trkpt lon="-117.330609" lat="33.978269"><ele>321.117417</ele><time>2025-03-12T23:20:16Z</time><extensions><speed>1.194422</speed><course>113.380938</course><hAcc>1.227877</hAcc><vAcc>0.825753</vAcc></extensions></trkpt>
      <trkpt lon="-117.330596" lat="33.978264"><ele>321.152825</ele><time>2025-03-12T23:20:17Z</time><extensions><speed>1.342398</speed><course>113.263697</course><hAcc>1.223711</hAcc><vAcc>0.829834</vAcc></extensions></trkpt>
      <trkpt lon="-117.330584" lat="33.978260"><ele>321.178352</ele><time>2025-03-12T23:20:18Z</time><extensions><speed>1.163032</speed><course>118.175680</course><hAcc>1.245363</hAcc><vAcc>0.834183</vAcc></extensions></trkpt>
      <trkpt lon="-117.330574" lat="33.978254"><ele>321.201586</ele><time>2025-03-12T23:20:19Z</time><extensions><speed>1.045762</speed><course>130.078175</course><hAcc>1.219407</hAcc><vAcc>0.838068</vAcc></extensions></trkpt>
      <trkpt lon="-117.330567" lat="33.978248"><ele>321.216993</ele><time>2025-03-12T23:20:20Z</time><extensions><speed>0.909261</speed><course>143.931499</course><hAcc>1.247651</hAcc><vAcc>0.841764</vAcc></extensions></trkpt>
      <trkpt lon="-117.330560" lat="33.978241"><ele>321.232296</ele><time>2025-03-12T23:20:21Z</time><extensions><speed>0.924339</speed><course>131.799209</course><hAcc>1.224569</hAcc><vAcc>0.845096</vAcc></extensions></trkpt>
      <trkpt lon="-117.330552" lat="33.978236"><ele>321.232997</ele><time>2025-03-12T23:20:22Z</time><extensions><speed>0.994045</speed><course>120.120703</course><hAcc>1.231449</hAcc><vAcc>0.848037</vAcc></extensions></trkpt>
      <trkpt lon="-117.330541" lat="33.978232"><ele>321.224603</ele><time>2025-03-12T23:20:23Z</time><extensions><speed>1.112171</speed><course>109.012618</course><hAcc>1.244504</hAcc><vAcc>0.850569</vAcc></extensions></trkpt>
      <trkpt lon="-117.330529" lat="33.978229"><ele>321.216460</ele><time>2025-03-12T23:20:24Z</time><extensions><speed>1.241929</speed><course>104.968345</course><hAcc>1.247699</hAcc><vAcc>0.853700</vAcc></extensions></trkpt>
      <trkpt lon="-117.330516" lat="33.978226"><ele>321.191459</ele><time>2025-03-12T23:20:25Z</time><extensions><speed>1.222219</speed><course>105.386398</course><hAcc>1.255550</hAcc><vAcc>0.857616</vAcc></extensions></trkpt>
      <trkpt lon="-117.330504" lat="33.978223"><ele>321.163679</ele><time>2025-03-12T23:20:26Z</time><extensions><speed>1.125637</speed><course>111.352035</course><hAcc>1.287644</hAcc><vAcc>0.861817</vAcc></extensions></trkpt>
      <trkpt lon="-117.330493" lat="33.978218"><ele>321.124030</ele><time>2025-03-12T23:20:27Z</time><extensions><speed>1.237400</speed><course>128.069574</course><hAcc>1.275999</hAcc><vAcc>0.867397</vAcc></extensions></trkpt>
      <trkpt lon="-117.330483" lat="33.978209"><ele>321.099635</ele><time>2025-03-12T23:20:28Z</time><extensions><speed>1.402996</speed><course>143.053780</course><hAcc>1.291916</hAcc><vAcc>0.873667</vAcc></extensions></trkpt>
      <trkpt lon="-117.330475" lat="33.978198"><ele>321.072792</ele><time>2025-03-12T23:20:29Z</time><extensions><speed>1.511340</speed><course>154.529574</course><hAcc>1.315681</hAcc><vAcc>0.879460</vAcc></extensions></trkpt>
      <trkpt lon="-117.330469" lat="33.978185"><ele>321.053147</ele><time>2025-03-12T23:20:30Z</time><extensions><speed>1.472927</speed><course>165.139926</course><hAcc>1.341410</hAcc><vAcc>0.885661</vAcc></extensions></trkpt>
      <trkpt lon="-117.330466" lat="33.978172"><ele>321.034467</ele><time>2025-03-12T23:20:31Z</time><extensions><speed>1.435892</speed><course>173.307224</course><hAcc>1.362909</hAcc><vAcc>0.891844</vAcc></extensions></trkpt>
      <trkpt lon="-117.330464" lat="33.978159"><ele>321.014466</ele><time>2025-03-12T23:20:32Z</time><extensions><speed>1.412383</speed><course>174.586561</course><hAcc>1.375214</hAcc><vAcc>0.897746</vAcc></extensions></trkpt>
      <trkpt lon="-117.330463" lat="33.978147"><ele>321.000181</ele><time>2025-03-12T23:20:33Z</time><extensions><speed>1.339767</speed><course>172.047436</course><hAcc>1.389387</hAcc><vAcc>0.903336</vAcc></extensions></trkpt>
      <trkpt lon="-117.330460" lat="33.978135"><ele>320.978046</ele><time>2025-03-12T23:20:34Z</time><extensions><speed>1.388148</speed><course>170.189519</course><hAcc>1.402952</hAcc><vAcc>0.907655</vAcc></extensions></trkpt>
      <trkpt lon="-117.330458" lat="33.978122"><ele>320.970035</ele><time>2025-03-12T23:20:35Z</time><extensions><speed>1.405382</speed><course>171.348834</course><hAcc>1.408167</hAcc><vAcc>0.910002</vAcc></extensions></trkpt>
      <trkpt lon="-117.330455" lat="33.978110"><ele>320.965247</ele><time>2025-03-12T23:20:36Z</time><extensions><speed>1.277786</speed><course>172.849514</course><hAcc>1.415331</hAcc><vAcc>0.911775</vAcc></extensions></trkpt>
      <trkpt lon="-117.330454" lat="33.978099"><ele>320.940693</ele><time>2025-03-12T23:20:37Z</time><extensions><speed>1.241945</speed><course>174.752792</course><hAcc>1.422932</hAcc><vAcc>0.912817</vAcc></extensions></trkpt>
      <trkpt lon="-117.330453" lat="33.978088"><ele>320.912436</ele><time>2025-03-12T23:20:38Z</time><extensions><speed>1.246023</speed><course>175.233825</course><hAcc>1.420154</hAcc><vAcc>0.913098</vAcc></extensions></trkpt>
      <trkpt lon="-117.330451" lat="33.978077"><ele>320.865829</ele><time>2025-03-12T23:20:39Z</time><extensions><speed>1.194617</speed><course>173.267486</course><hAcc>1.413896</hAcc><vAcc>0.912447</vAcc></extensions></trkpt>
      <trkpt lon="-117.330449" lat="33.978066"><ele>320.836428</ele><time>2025-03-12T23:20:40Z</time><extensions><speed>1.231357</speed><course>170.331001</course><hAcc>1.408817</hAcc><vAcc>0.911399</vAcc></extensions></trkpt>
      <trkpt lon="-117.330447" lat="33.978055"><ele>320.788894</ele><time>2025-03-12T23:20:41Z</time><extensions><speed>1.297518</speed><course>168.337855</course><hAcc>1.410371</hAcc><vAcc>0.910244</vAcc></extensions></trkpt>
      <trkpt lon="-117.330444" lat="33.978043"><ele>320.744509</ele><time>2025-03-12T23:20:42Z</time><extensions><speed>1.301217</speed><course>167.291883</course><hAcc>1.406373</hAcc><vAcc>0.908060</vAcc></extensions></trkpt>
      <trkpt lon="-117.330441" lat="33.978032"><ele>320.671578</ele><time>2025-03-12T23:20:43Z</time><extensions><speed>1.306267</speed><course>168.315283</course><hAcc>1.399348</hAcc><vAcc>0.905475</vAcc></extensions></trkpt>
      <trkpt lon="-117.330438" lat="33.978020"><ele>320.611846</ele><time>2025-03-12T23:20:44Z</time><extensions><speed>1.357916</speed><course>168.618754</course><hAcc>1.387187</hAcc><vAcc>0.903167</vAcc></extensions></trkpt>
      <trkpt lon="-117.330435" lat="33.978008"><ele>320.559442</ele><time>2025-03-12T23:20:45Z</time><extensions><speed>1.379899</speed><course>168.620255</course><hAcc>1.380836</hAcc><vAcc>0.900267</vAcc></extensions></trkpt>
      <trkpt lon="-117.330432" lat="33.977996"><ele>320.503069</ele><time>2025-03-12T23:20:46Z</time><extensions><speed>1.373519</speed><course>169.532677</course><hAcc>1.380819</hAcc><vAcc>0.897005</vAcc></extensions></trkpt>
      <trkpt lon="-117.330429" lat="33.977984"><ele>320.449488</ele><time>2025-03-12T23:20:47Z</time><extensions><speed>1.327377</speed><course>171.099359</course><hAcc>1.380838</hAcc><vAcc>0.894431</vAcc></extensions></trkpt>
      <trkpt lon="-117.330428" lat="33.977972"><ele>320.408333</ele><time>2025-03-12T23:20:48Z</time><extensions><speed>1.280718</speed><course>173.388747</course><hAcc>1.380712</hAcc><vAcc>0.893222</vAcc></extensions></trkpt>
      <trkpt lon="-117.330426" lat="33.977961"><ele>320.379595</ele><time>2025-03-12T23:20:49Z</time><extensions><speed>1.256231</speed><course>174.839555</course><hAcc>1.377136</hAcc><vAcc>0.892094</vAcc></extensions></trkpt>
      <trkpt lon="-117.330425" lat="33.977950"><ele>320.371943</ele><time>2025-03-12T23:20:50Z</time><extensions><speed>1.201250</speed><course>176.084692</course><hAcc>1.387805</hAcc><vAcc>0.890364</vAcc></extensions></trkpt>
      <trkpt lon="-117.330424" lat="33.977939"><ele>320.395358</ele><time>2025-03-12T23:20:51Z</time><extensions><speed>1.182347</speed><course>174.974245</course><hAcc>1.395641</hAcc><vAcc>0.888780</vAcc></extensions></trkpt>
      <trkpt lon="-117.330423" lat="33.977928"><ele>320.415616</ele><time>2025-03-12T23:20:52Z</time><extensions><speed>1.141591</speed><course>175.340702</course><hAcc>1.383650</hAcc><vAcc>0.888959</vAcc></extensions></trkpt>
      <trkpt lon="-117.330422" lat="33.977918"><ele>320.434450</ele><time>2025-03-12T23:20:53Z</time><extensions><speed>1.131023</speed><course>175.754046</course><hAcc>1.362369</hAcc><vAcc>0.890337</vAcc></extensions></trkpt>
      <trkpt lon="-117.330421" lat="33.977908"><ele>320.458547</ele><time>2025-03-12T23:20:54Z</time><extensions><speed>1.144541</speed><course>178.261289</course><hAcc>1.366151</hAcc><vAcc>0.891661</vAcc></extensions></trkpt>
      <trkpt lon="-117.330421" lat="33.977898"><ele>320.480886</ele><time>2025-03-12T23:20:55Z</time><extensions><speed>1.150966</speed><course>178.593317</course><hAcc>1.351912</hAcc><vAcc>0.892738</vAcc></extensions></trkpt>
      <trkpt lon="-117.330421" lat="33.977888"><ele>320.496719</ele><time>2025-03-12T23:20:56Z</time><extensions><speed>1.089127</speed><course>178.294271</course><hAcc>1.336162</hAcc><vAcc>0.894508</vAcc></extensions></trkpt>
      <trkpt lon="-117.330420" lat="33.977878"><ele>320.526558</ele><time>2025-03-12T23:20:57Z</time><extensions><speed>1.143360</speed><course>177.445640</course><hAcc>1.339087</hAcc><vAcc>0.897174</vAcc></extensions></trkpt>
      <trkpt lon="-117.330419" lat="33.977868"><ele>320.570827</ele><time>2025-03-12T23:20:58Z</time><extensions><speed>1.101447</speed><course>173.481893</course><hAcc>1.372230</hAcc><vAcc>0.900466</vAcc></extensions></trkpt>
      <trkpt lon="-117.330417" lat="33.977859"><ele>320.626520</ele><time>2025-03-12T23:20:59Z</time><extensions><speed>0.940144</speed><course>159.257929</course><hAcc>1.350926</hAcc><vAcc>0.903740</vAcc></extensions></trkpt>
      <trkpt lon="-117.330412" lat="33.977852"><ele>320.700734</ele><time>2025-03-12T23:21:00Z</time><extensions><speed>0.932553</speed><course>143.027640</course><hAcc>1.359379</hAcc><vAcc>0.907433</vAcc></extensions></trkpt>
      <trkpt lon="-117.330405" lat="33.977845"><ele>320.772391</ele><time>2025-03-12T23:21:01Z</time><extensions><speed>1.057533</speed><course>133.474405</course><hAcc>1.395653</hAcc><vAcc>0.912923</vAcc></extensions></trkpt>
      <trkpt lon="-117.330396" lat="33.977839"><ele>320.847160</ele><time>2025-03-12T23:21:02Z</time><extensions><speed>1.027713</speed><course>129.751174</course><hAcc>1.452501</hAcc><vAcc>0.918829</vAcc></extensions></trkpt>
      <trkpt lon="-117.330389" lat="33.977834"><ele>320.916722</ele><time>2025-03-12T23:21:03Z</time><extensions><speed>0.707448</speed><course>119.198982</course><hAcc>1.430829</hAcc><vAcc>0.925848</vAcc></extensions></trkpt>
      <trkpt lon="-117.330382" lat="33.977832"><ele>321.016909</ele><time>2025-03-12T23:21:04Z</time><extensions><speed>0.649128</speed><course>112.893583</course><hAcc>1.425262</hAcc><vAcc>0.931437</vAcc></extensions></trkpt>
      <trkpt lon="-117.330374" lat="33.977828"><ele>321.107946</ele><time>2025-03-12T23:21:05Z</time><extensions><speed>0.975039</speed><course>118.428936</course><hAcc>1.446734</hAcc><vAcc>0.938412</vAcc></extensions></trkpt>
      <trkpt lon="-117.330364" lat="33.977824"><ele>321.206213</ele><time>2025-03-12T23:21:06Z</time><extensions><speed>1.197199</speed><course>117.474454</course><hAcc>1.462307</hAcc><vAcc>0.945775</vAcc></extensions></trkpt>
      <trkpt lon="-117.330352" lat="33.977819"><ele>321.312720</ele><time>2025-03-12T23:21:07Z</time><extensions><speed>1.218326</speed><course>112.963880</course><hAcc>1.456384</hAcc><vAcc>0.952326</vAcc></extensions></trkpt>
      <trkpt lon="-117.330340" lat="33.977814"><ele>321.433110</ele><time>2025-03-12T23:21:08Z</time><extensions><speed>1.111970</speed><course>112.413658</course><hAcc>1.437110</hAcc><vAcc>0.959781</vAcc></extensions></trkpt>
      <trkpt lon="-117.330330" lat="33.977810"><ele>321.570485</ele><time>2025-03-12T23:21:09Z</time><extensions><speed>1.076293</speed><course>123.868757</course><hAcc>1.409111</hAcc><vAcc>0.965737</vAcc></extensions></trkpt>
      <trkpt lon="-117.330320" lat="33.977804"><ele>321.689629</ele><time>2025-03-12T23:21:10Z</time><extensions><speed>1.176210</speed><course>126.042903</course><hAcc>1.376915</hAcc><vAcc>0.971096</vAcc></extensions></trkpt>
      <trkpt lon="-117.330309" lat="33.977797"><ele>321.810617</ele><time>2025-03-12T23:21:11Z</time><extensions><speed>1.157099</speed><course>123.541133</course><hAcc>1.378069</hAcc><vAcc>0.975816</vAcc></extensions></trkpt>
      <trkpt lon="-117.330298" lat="33.977791"><ele>321.935793</ele><time>2025-03-12T23:21:12Z</time><extensions><speed>1.241500</speed><course>125.390741</course><hAcc>1.382365</hAcc><vAcc>0.981395</vAcc></extensions></trkpt>
      <trkpt lon="-117.330288" lat="33.977784"><ele>322.061379</ele><time>2025-03-12T23:21:13Z</time><extensions><speed>1.183322</speed><course>135.502675</course><hAcc>1.376296</hAcc><vAcc>0.987709</vAcc></extensions></trkpt>
      <trkpt lon="-117.330281" lat="33.977775"><ele>322.185865</ele><time>2025-03-12T23:21:14Z</time><extensions><speed>1.251927</speed><course>154.571357</course><hAcc>1.345102</hAcc><vAcc>0.991879</vAcc></extensions></trkpt>
      <trkpt lon="-117.330277" lat="33.977764"><ele>322.303289</ele><time>2025-03-12T23:21:15Z</time><extensions><speed>1.151989</speed><course>169.863252</course><hAcc>1.364385</hAcc><vAcc>0.996289</vAcc></extensions></trkpt>
      <trkpt lon="-117.330275" lat="33.977753"><ele>322.419376</ele><time>2025-03-12T23:21:16Z</time><extensions><speed>1.374388</speed><course>177.186147</course><hAcc>1.367560</hAcc><vAcc>0.999262</vAcc></extensions></trkpt>
      <trkpt lon="-117.330274" lat="33.977740"><ele>322.526309</ele><time>2025-03-12T23:21:17Z</time><extensions><speed>1.522107</speed><course>178.714167</course><hAcc>1.380935</hAcc><vAcc>1.002089</vAcc></extensions></trkpt>
      <trkpt lon="-117.330274" lat="33.977727"><ele>322.616817</ele><time>2025-03-12T23:21:18Z</time><extensions><speed>1.406303</speed><course>176.810561</course><hAcc>1.397600</hAcc><vAcc>1.001896</vAcc></extensions></trkpt>
      <trkpt lon="-117.330273" lat="33.977714"><ele>322.702278</ele><time>2025-03-12T23:21:19Z</time><extensions><speed>1.423715</speed><course>173.318981</course><hAcc>1.376308</hAcc><vAcc>1.002329</vAcc></extensions></trkpt>
      <trkpt lon="-117.330271" lat="33.977701"><ele>322.777150</ele><time>2025-03-12T23:21:20Z</time><extensions><speed>1.504410</speed><course>173.018322</course><hAcc>1.372587</hAcc><vAcc>1.001936</vAcc></extensions></trkpt>
      <trkpt lon="-117.330269" lat="33.977687"><ele>322.825502</ele><time>2025-03-12T23:21:21Z</time><extensions><speed>1.558657</speed><course>173.724198</course><hAcc>1.383162</hAcc><vAcc>0.999281</vAcc></extensions></trkpt>
      <trkpt lon="-117.330267" lat="33.977673"><ele>322.847252</ele><time>2025-03-12T23:21:22Z</time><extensions><speed>1.578334</speed><course>173.518420</course><hAcc>1.400339</hAcc><vAcc>0.996866</vAcc></extensions></trkpt>
      <trkpt lon="-117.330265" lat="33.977659"><ele>322.864008</ele><time>2025-03-12T23:21:23Z</time><extensions><speed>1.416446</speed><course>172.902750</course><hAcc>1.402692</hAcc><vAcc>0.995623</vAcc></extensions></trkpt>
      <trkpt lon="-117.330263" lat="33.977646"><ele>322.885878</ele><time>2025-03-12T23:21:24Z</time><extensions><speed>1.513943</speed><course>174.421734</course><hAcc>1.379473</hAcc><vAcc>0.992297</vAcc></extensions></trkpt>
      <trkpt lon="-117.330262" lat="33.977633"><ele>322.913650</ele><time>2025-03-12T23:21:25Z</time><extensions><speed>1.347730</speed><course>176.332714</course><hAcc>1.392322</hAcc><vAcc>0.989844</vAcc></extensions></trkpt>
      <trkpt lon="-117.330261" lat="33.977621"><ele>322.938193</ele><time>2025-03-12T23:21:26Z</time><extensions><speed>1.385071</speed><course>179.519399</course><hAcc>1.388852</hAcc><vAcc>0.985190</vAcc></extensions></trkpt>
      <trkpt lon="-117.330261" lat="33.977609"><ele>322.955771</ele><time>2025-03-12T23:21:27Z</time><extensions><speed>1.240706</speed><course>180.746424</course><hAcc>1.395929</hAcc><vAcc>0.979816</vAcc></extensions></trkpt>
      <trkpt lon="-117.330261" lat="33.977597"><ele>322.956953</ele><time>2025-03-12T23:21:28Z</time><extensions><speed>1.222183</speed><course>182.069110</course><hAcc>1.380447</hAcc><vAcc>0.973382</vAcc></extensions></trkpt>
      <trkpt lon="-117.330262" lat="33.977586"><ele>322.953156</ele><time>2025-03-12T23:21:29Z</time><extensions><speed>1.241807</speed><course>181.634920</course><hAcc>1.382398</hAcc><vAcc>0.967613</vAcc></extensions></trkpt>
      <trkpt lon="-117.330262" lat="33.977575"><ele>322.935628</ele><time>2025-03-12T23:21:30Z</time><extensions><speed>1.360266</speed><course>179.979820</course><hAcc>1.385949</hAcc><vAcc>0.961338</vAcc></extensions></trkpt>
      <trkpt lon="-117.330262" lat="33.977562"><ele>322.910327</ele><time>2025-03-12T23:21:31Z</time><extensions><speed>1.479629</speed><course>179.352907</course><hAcc>1.382258</hAcc><vAcc>0.956674</vAcc></extensions></trkpt>
      <trkpt lon="-117.330262" lat="33.977548"><ele>322.875434</ele><time>2025-03-12T23:21:32Z</time><extensions><speed>1.517934</speed><course>179.775330</course><hAcc>1.383512</hAcc><vAcc>0.952644</vAcc></extensions></trkpt>
      <trkpt lon="-117.330261" lat="33.977535"><ele>322.824158</ele><time>2025-03-12T23:21:33Z</time><extensions><speed>1.365575</speed><course>178.867562</course><hAcc>1.394308</hAcc><vAcc>0.949983</vAcc></extensions></trkpt>
      <trkpt lon="-117.330261" lat="33.977522"><ele>322.752976</ele><time>2025-03-12T23:21:34Z</time><extensions><speed>1.444981</speed><course>175.505072</course><hAcc>1.382696</hAcc><vAcc>0.947518</vAcc></extensions></trkpt>
      <trkpt lon="-117.330259" lat="33.977510"><ele>322.667024</ele><time>2025-03-12T23:21:35Z</time><extensions><speed>1.303864</speed><course>172.676170</course><hAcc>1.390638</hAcc><vAcc>0.944577</vAcc></extensions></trkpt>
      <trkpt lon="-117.330257" lat="33.977498"><ele>322.591284</ele><time>2025-03-12T23:21:36Z</time><extensions><speed>1.323385</speed><course>174.380960</course><hAcc>1.377855</hAcc><vAcc>0.941824</vAcc></extensions></trkpt>
      <trkpt lon="-117.330256" lat="33.977486"><ele>322.513932</ele><time>2025-03-12T23:21:37Z</time><extensions><speed>1.361775</speed><course>176.030813</course><hAcc>1.377320</hAcc><vAcc>0.941546</vAcc></extensions></trkpt>
      <trkpt lon="-117.330255" lat="33.977474"><ele>322.413842</ele><time>2025-03-12T23:21:38Z</time><extensions><speed>1.356239</speed><course>177.835425</course><hAcc>1.379837</hAcc><vAcc>0.941946</vAcc></extensions></trkpt>
      <trkpt lon="-117.330255" lat="33.977462"><ele>322.306973</ele><time>2025-03-12T23:21:39Z</time><extensions><speed>1.289776</speed><course>178.920137</course><hAcc>1.382283</hAcc><vAcc>0.944054</vAcc></extensions></trkpt>
      <trkpt lon="-117.330254" lat="33.977450"><ele>322.191552</ele><time>2025-03-12T23:21:40Z</time><extensions><speed>1.259280</speed><course>178.144556</course><hAcc>1.387043</hAcc><vAcc>0.945862</vAcc></extensions></trkpt>
      <trkpt lon="-117.330254" lat="33.977439"><ele>322.066064</ele><time>2025-03-12T23:21:41Z</time><extensions><speed>1.241668</speed><course>177.121013</course><hAcc>1.400917</hAcc><vAcc>0.947103</vAcc></extensions></trkpt>
      <trkpt lon="-117.330252" lat="33.977428"><ele>321.927101</ele><time>2025-03-12T23:21:42Z</time><extensions><speed>1.299405</speed><course>174.324032</course><hAcc>1.402035</hAcc><vAcc>0.948069</vAcc></extensions></trkpt>
      <trkpt lon="-117.330251" lat="33.977416"><ele>321.807841</ele><time>2025-03-12T23:21:43Z</time><extensions><speed>1.362186</speed><course>172.170238</course><hAcc>1.416080</hAcc><vAcc>0.948853</vAcc></extensions></trkpt>
      <trkpt lon="-117.330248" lat="33.977404"><ele>321.674437</ele><time>2025-03-12T23:21:44Z</time><extensions><speed>1.326003</speed><course>171.093378</course><hAcc>1.403860</hAcc><vAcc>0.949982</vAcc></extensions></trkpt>
      <trkpt lon="-117.330246" lat="33.977392"><ele>321.519437</ele><time>2025-03-12T23:21:45Z</time><extensions><speed>1.308551</speed><course>170.585201</course><hAcc>1.404279</hAcc><vAcc>0.949047</vAcc></extensions></trkpt>
      <trkpt lon="-117.330244" lat="33.977381"><ele>321.366297</ele><time>2025-03-12T23:21:46Z</time><extensions><speed>1.191565</speed><course>169.459178</course><hAcc>1.415577</hAcc><vAcc>0.947549</vAcc></extensions></trkpt>
      <trkpt lon="-117.330242" lat="33.977371"><ele>321.197793</ele><time>2025-03-12T23:21:47Z</time><extensions><speed>1.087141</speed><course>170.886010</course><hAcc>1.436728</hAcc><vAcc>0.945452</vAcc></extensions></trkpt>
      <trkpt lon="-117.330239" lat="33.977362"><ele>321.046083</ele><time>2025-03-12T23:21:48Z</time><extensions><speed>1.041203</speed><course>166.525644</course><hAcc>1.424743</hAcc><vAcc>0.943094</vAcc></extensions></trkpt>
      <trkpt lon="-117.330237" lat="33.977352"><ele>320.888901</ele><time>2025-03-12T23:21:49Z</time><extensions><speed>1.142416</speed><course>164.076117</course><hAcc>1.429435</hAcc><vAcc>0.940186</vAcc></extensions></trkpt>
      <trkpt lon="-117.330232" lat="33.977342"><ele>320.737284</ele><time>2025-03-12T23:21:50Z</time><extensions><speed>1.179002</speed><course>158.083131</course><hAcc>1.422746</hAcc><vAcc>0.936792</vAcc></extensions></trkpt>
      <trkpt lon="-117.330227" lat="33.977333"><ele>320.597539</ele><time>2025-03-12T23:21:51Z</time><extensions><speed>1.161648</speed><course>155.137927</course><hAcc>1.417771</hAcc><vAcc>0.933598</vAcc></extensions></trkpt>
      <trkpt lon="-117.330222" lat="33.977323"><ele>320.445591</ele><time>2025-03-12T23:21:52Z</time><extensions><speed>1.158444</speed><course>153.083417</course><hAcc>1.410287</hAcc><vAcc>0.931233</vAcc></extensions></trkpt>
      <trkpt lon="-117.330216" lat="33.977314"><ele>320.290976</ele><time>2025-03-12T23:21:53Z</time><extensions><speed>1.100500</speed><course>151.532966</course><hAcc>1.408234</hAcc><vAcc>0.930027</vAcc></extensions></trkpt>
      <trkpt lon="-117.330211" lat="33.977305"><ele>320.123358</ele><time>2025-03-12T23:21:54Z</time><extensions><speed>1.085552</speed><course>152.183820</course><hAcc>1.420564</hAcc><vAcc>0.929357</vAcc></extensions></trkpt>
      <trkpt lon="-117.330206" lat="33.977297"><ele>319.946993</ele><time>2025-03-12T23:21:55Z</time><extensions><speed>1.000927</speed><course>154.933019</course><hAcc>1.392295</hAcc><vAcc>0.928726</vAcc></extensions></trkpt>
      <trkpt lon="-117.330201" lat="33.977289"><ele>319.773926</ele><time>2025-03-12T23:21:56Z</time><extensions><speed>1.048196</speed><course>155.395930</course><hAcc>1.386126</hAcc><vAcc>0.928546</vAcc></extensions></trkpt>
      <trkpt lon="-117.330196" lat="33.977280"><ele>319.611421</ele><time>2025-03-12T23:21:57Z</time><extensions><speed>1.051724</speed><course>156.588746</course><hAcc>1.383378</hAcc><vAcc>0.928827</vAcc></extensions></trkpt>
      <trkpt lon="-117.330192" lat="33.977272"><ele>319.480390</ele><time>2025-03-12T23:21:58Z</time><extensions><speed>0.993399</speed><course>158.721461</course><hAcc>1.390504</hAcc><vAcc>0.928668</vAcc></extensions></trkpt>
      <trkpt lon="-117.330189" lat="33.977263"><ele>319.360339</ele><time>2025-03-12T23:21:59Z</time><extensions><speed>0.970298</speed><course>160.858905</course><hAcc>1.389772</hAcc><vAcc>0.929748</vAcc></extensions></trkpt>
      <trkpt lon="-117.330185" lat="33.977255"><ele>319.243227</ele><time>2025-03-12T23:22:00Z</time><extensions><speed>0.938735</speed><course>160.606043</course><hAcc>1.392224</hAcc><vAcc>0.931234</vAcc></extensions></trkpt>
      <trkpt lon="-117.330182" lat="33.977248"><ele>319.097636</ele><time>2025-03-12T23:22:01Z</time><extensions><speed>0.869998</speed><course>157.824874</course><hAcc>1.394892</hAcc><vAcc>0.931394</vAcc></extensions></trkpt>
      <trkpt lon="-117.330178" lat="33.977241"><ele>318.970001</ele><time>2025-03-12T23:22:02Z</time><extensions><speed>0.831118</speed><course>156.955102</course><hAcc>1.406223</hAcc><vAcc>0.931436</vAcc></extensions></trkpt>
      <trkpt lon="-117.330175" lat="33.977234"><ele>318.861108</ele><time>2025-03-12T23:22:03Z</time><extensions><speed>0.762633</speed><course>158.060693</course><hAcc>1.414543</hAcc><vAcc>0.929950</vAcc></extensions></trkpt>
      <trkpt lon="-117.330171" lat="33.977228"><ele>318.801332</ele><time>2025-03-12T23:22:04Z</time><extensions><speed>0.803370</speed><course>156.940906</course><hAcc>1.418729</hAcc><vAcc>0.926838</vAcc></extensions></trkpt>
      <trkpt lon="-117.330168" lat="33.977221"><ele>318.740589</ele><time>2025-03-12T23:22:05Z</time><extensions><speed>0.826052</speed><course>153.224918</course><hAcc>1.413436</hAcc><vAcc>0.922997</vAcc></extensions></trkpt>
      <trkpt lon="-117.330163" lat="33.977215"><ele>318.702356</ele><time>2025-03-12T23:22:06Z</time><extensions><speed>0.854832</speed><course>146.182243</course><hAcc>1.408583</hAcc><vAcc>0.918123</vAcc></extensions></trkpt>
      <trkpt lon="-117.330157" lat="33.977209"><ele>318.675065</ele><time>2025-03-12T23:22:07Z</time><extensions><speed>0.797153</speed><course>131.063533</course><hAcc>1.393863</hAcc><vAcc>0.913564</vAcc></extensions></trkpt>
      <trkpt lon="-117.330149" lat="33.977204"><ele>318.649483</ele><time>2025-03-12T23:22:08Z</time><extensions><speed>1.021053</speed><course>124.950763</course><hAcc>1.397446</hAcc><vAcc>0.908038</vAcc></extensions></trkpt>
      <trkpt lon="-117.330139" lat="33.977199"><ele>318.669646</ele><time>2025-03-12T23:22:09Z</time><extensions><speed>1.215394</speed><course>113.957083</course><hAcc>1.394942</hAcc><vAcc>0.901346</vAcc></extensions></trkpt>
      <trkpt lon="-117.330126" lat="33.977197"><ele>318.651833</ele><time>2025-03-12T23:22:10Z</time><extensions><speed>1.318934</speed><course>94.763325</course><hAcc>1.376736</hAcc><vAcc>0.894075</vAcc></extensions></trkpt>
      <trkpt lon="-117.330111" lat="33.977197"><ele>318.637127</ele><time>2025-03-12T23:22:11Z</time><extensions><speed>1.427909</speed><course>82.706934</course><hAcc>1.353797</hAcc><vAcc>0.887147</vAcc></extensions></trkpt>
      <trkpt lon="-117.330096" lat="33.977199"><ele>318.596171</ele><time>2025-03-12T23:22:12Z</time><extensions><speed>1.446388</speed><course>79.772486</course><hAcc>1.349240</hAcc><vAcc>0.880520</vAcc></extensions></trkpt>
      <trkpt lon="-117.330080" lat="33.977201"><ele>318.586837</ele><time>2025-03-12T23:22:13Z</time><extensions><speed>1.446933</speed><course>79.098491</course><hAcc>1.341336</hAcc><vAcc>0.874275</vAcc></extensions></trkpt>
      <trkpt lon="-117.330065" lat="33.977204"><ele>318.597561</ele><time>2025-03-12T23:22:14Z</time><extensions><speed>1.365579</speed><course>77.700936</course><hAcc>1.320280</hAcc><vAcc>0.868755</vAcc></extensions></trkpt>
      <trkpt lon="-117.330051" lat="33.977206"><ele>318.626877</ele><time>2025-03-12T23:22:15Z</time><extensions><speed>1.330479</speed><course>78.447922</course><hAcc>1.307706</hAcc><vAcc>0.863536</vAcc></extensions></trkpt>
      <trkpt lon="-117.330037" lat="33.977209"><ele>318.638445</ele><time>2025-03-12T23:22:16Z</time><extensions><speed>1.371758</speed><course>80.504167</course><hAcc>1.311357</hAcc><vAcc>0.859990</vAcc></extensions></trkpt>
      <trkpt lon="-117.330022" lat="33.977210"><ele>318.669278</ele><time>2025-03-12T23:22:17Z</time><extensions><speed>1.277459</speed><course>83.069145</course><hAcc>1.343899</hAcc><vAcc>0.857116</vAcc></extensions></trkpt>
      <trkpt lon="-117.330009" lat="33.977212"><ele>318.705314</ele><time>2025-03-12T23:22:18Z</time><extensions><speed>1.233395</speed><course>79.144568</course><hAcc>1.308879</hAcc><vAcc>0.854016</vAcc></extensions></trkpt>
      <trkpt lon="-117.329996" lat="33.977214"><ele>318.730581</ele><time>2025-03-12T23:22:19Z</time><extensions><speed>1.117728</speed><course>78.086040</course><hAcc>1.288916</hAcc><vAcc>0.851233</vAcc></extensions></trkpt>
      <trkpt lon="-117.329985" lat="33.977216"><ele>318.755189</ele><time>2025-03-12T23:22:20Z</time><extensions><speed>1.113656</speed><course>82.404350</course><hAcc>1.287406</hAcc><vAcc>0.848510</vAcc></extensions></trkpt>
      <trkpt lon="-117.329973" lat="33.977217"><ele>318.792033</ele><time>2025-03-12T23:22:21Z</time><extensions><speed>1.106132</speed><course>88.293284</course><hAcc>1.276640</hAcc><vAcc>0.847118</vAcc></extensions></trkpt>
      <trkpt lon="-117.329961" lat="33.977217"><ele>318.821144</ele><time>2025-03-12T23:22:22Z</time><extensions><speed>1.041190</speed><course>89.158472</course><hAcc>1.262316</hAcc><vAcc>0.845711</vAcc></extensions></trkpt>
      <trkpt lon="-117.329949" lat="33.977217"><ele>318.850913</ele><time>2025-03-12T23:22:23Z</time><extensions><speed>1.184253</speed><course>88.684327</course><hAcc>1.275318</hAcc><vAcc>0.845495</vAcc></extensions></trkpt>
      <trkpt lon="-117.329936" lat="33.977217"><ele>318.877601</ele><time>2025-03-12T23:22:24Z</time><extensions><speed>1.196127</speed><course>92.168008</course><hAcc>1.266429</hAcc><vAcc>0.844783</vAcc></extensions></trkpt>
      <trkpt lon="-117.329921" lat="33.977217"><ele>318.897425</ele><time>2025-03-12T23:22:25Z</time><extensions><speed>1.593435</speed><course>91.408498</course><hAcc>1.224525</hAcc><vAcc>0.844157</vAcc></extensions></trkpt>
      <trkpt lon="-117.329905" lat="33.977217"><ele>318.918627</ele><time>2025-03-12T23:22:26Z</time><extensions><speed>1.382324</speed><course>88.195296</course><hAcc>1.243471</hAcc><vAcc>0.844372</vAcc></extensions></trkpt>
      <trkpt lon="-117.329891" lat="33.977217"><ele>318.946829</ele><time>2025-03-12T23:22:27Z</time><extensions><speed>1.248354</speed><course>87.391173</course><hAcc>1.241579</hAcc><vAcc>0.844603</vAcc></extensions></trkpt>
      <trkpt lon="-117.329877" lat="33.977218"><ele>318.981556</ele><time>2025-03-12T23:22:28Z</time><extensions><speed>1.205650</speed><course>86.387473</course><hAcc>1.215213</hAcc><vAcc>0.845027</vAcc></extensions></trkpt>
      <trkpt lon="-117.329864" lat="33.977218"><ele>319.026350</ele><time>2025-03-12T23:22:29Z</time><extensions><speed>1.290160</speed><course>85.677173</course><hAcc>1.202609</hAcc><vAcc>0.844854</vAcc></extensions></trkpt>
      <trkpt lon="-117.329849" lat="33.977219"><ele>319.070280</ele><time>2025-03-12T23:22:30Z</time><extensions><speed>1.414463</speed><course>87.310855</course><hAcc>1.210214</hAcc><vAcc>0.845015</vAcc></extensions></trkpt>
      <trkpt lon="-117.329834" lat="33.977220"><ele>319.104887</ele><time>2025-03-12T23:22:31Z</time><extensions><speed>1.319449</speed><course>86.293006</course><hAcc>1.236525</hAcc><vAcc>0.846150</vAcc></extensions></trkpt>
      <trkpt lon="-117.329819" lat="33.977220"><ele>319.151331</ele><time>2025-03-12T23:22:32Z</time><extensions><speed>1.507761</speed><course>90.371569</course><hAcc>1.212585</hAcc><vAcc>0.847321</vAcc></extensions></trkpt>
      <trkpt lon="-117.329804" lat="33.977220"><ele>319.188593</ele><time>2025-03-12T23:22:33Z</time><extensions><speed>1.311128</speed><course>90.337867</course><hAcc>1.228549</hAcc><vAcc>0.848276</vAcc></extensions></trkpt>
      <trkpt lon="-117.329789" lat="33.977220"><ele>319.234576</ele><time>2025-03-12T23:22:34Z</time><extensions><speed>1.344462</speed><course>92.581218</course><hAcc>1.193710</hAcc><vAcc>0.849168</vAcc></extensions></trkpt>
      <trkpt lon="-117.329775" lat="33.977219"><ele>319.275044</ele><time>2025-03-12T23:22:35Z</time><extensions><speed>1.276547</speed><course>94.533471</course><hAcc>1.179183</hAcc><vAcc>0.848434</vAcc></extensions></trkpt>
      <trkpt lon="-117.329762" lat="33.977218"><ele>319.310674</ele><time>2025-03-12T23:22:36Z</time><extensions><speed>1.066209</speed><course>98.943559</course><hAcc>1.197837</hAcc><vAcc>0.847777</vAcc></extensions></trkpt>
      <trkpt lon="-117.329751" lat="33.977217"><ele>319.351539</ele><time>2025-03-12T23:22:37Z</time><extensions><speed>0.996262</speed><course>95.339000</course><hAcc>1.215280</hAcc><vAcc>0.845533</vAcc></extensions></trkpt>
      <trkpt lon="-117.329740" lat="33.977217"><ele>319.392108</ele><time>2025-03-12T23:22:38Z</time><extensions><speed>1.007499</speed><course>86.784399</course><hAcc>1.216542</hAcc><vAcc>0.842672</vAcc></extensions></trkpt>
      <trkpt lon="-117.329728" lat="33.977218"><ele>319.438901</ele><time>2025-03-12T23:22:39Z</time><extensions><speed>1.259410</speed><course>82.453332</course><hAcc>1.177842</hAcc><vAcc>0.839833</vAcc></extensions></trkpt>
      <trkpt lon="-117.329714" lat="33.977219"><ele>319.501158</ele><time>2025-03-12T23:22:40Z</time><extensions><speed>1.326995</speed><course>83.759049</course><hAcc>1.175232</hAcc><vAcc>0.836045</vAcc></extensions></trkpt>
      <trkpt lon="-117.329700" lat="33.977220"><ele>319.568501</ele><time>2025-03-12T23:22:41Z</time><extensions><speed>1.369053</speed><course>84.653001</course><hAcc>1.178265</hAcc><vAcc>0.831384</vAcc></extensions></trkpt>
      <trkpt lon="-117.329685" lat="33.977221"><ele>319.634888</ele><time>2025-03-12T23:22:42Z</time><extensions><speed>1.411737</speed><course>85.888129</course><hAcc>1.196387</hAcc><vAcc>0.826948</vAcc></extensions></trkpt>
      <trkpt lon="-117.329669" lat="33.977222"><ele>319.703834</ele><time>2025-03-12T23:22:43Z</time><extensions><speed>1.533114</speed><course>88.692878</course><hAcc>1.181965</hAcc><vAcc>0.821546</vAcc></extensions></trkpt>
      <trkpt lon="-117.329653" lat="33.977222"><ele>319.775721</ele><time>2025-03-12T23:22:44Z</time><extensions><speed>1.400573</speed><course>92.526697</course><hAcc>1.185201</hAcc><vAcc>0.816897</vAcc></extensions></trkpt>
      <trkpt lon="-117.329638" lat="33.977221"><ele>319.847979</ele><time>2025-03-12T23:22:45Z</time><extensions><speed>1.408752</speed><course>92.096430</course><hAcc>1.166191</hAcc><vAcc>0.812050</vAcc></extensions></trkpt>
      <trkpt lon="-117.329623" lat="33.977221"><ele>319.921606</ele><time>2025-03-12T23:22:46Z</time><extensions><speed>1.269238</speed><course>89.738086</course><hAcc>1.171211</hAcc><vAcc>0.807848</vAcc></extensions></trkpt>
      <trkpt lon="-117.329610" lat="33.977221"><ele>319.981426</ele><time>2025-03-12T23:22:47Z</time><extensions><speed>1.212236</speed><course>89.017002</course><hAcc>1.161660</hAcc><vAcc>0.804802</vAcc></extensions></trkpt>
      <trkpt lon="-117.329597" lat="33.977221"><ele>320.046123</ele><time>2025-03-12T23:22:48Z</time><extensions><speed>1.222128</speed><course>91.406221</course><hAcc>1.162370</hAcc><vAcc>0.803424</vAcc></extensions></trkpt>
      <trkpt lon="-117.329583" lat="33.977221"><ele>320.114449</ele><time>2025-03-12T23:22:49Z</time><extensions><speed>1.267195</speed><course>91.955915</course><hAcc>1.170937</hAcc><vAcc>0.802821</vAcc></extensions></trkpt>
      <trkpt lon="-117.329569" lat="33.977220"><ele>320.169985</ele><time>2025-03-12T23:22:50Z</time><extensions><speed>1.356094</speed><course>92.555008</course><hAcc>1.157190</hAcc><vAcc>0.802749</vAcc></extensions></trkpt>
      <trkpt lon="-117.329554" lat="33.977220"><ele>320.213442</ele><time>2025-03-12T23:22:51Z</time><extensions><speed>1.445614</speed><course>92.511419</course><hAcc>1.157668</hAcc><vAcc>0.803328</vAcc></extensions></trkpt>
      <trkpt lon="-117.329539" lat="33.977219"><ele>320.242036</ele><time>2025-03-12T23:22:52Z</time><extensions><speed>1.354535</speed><course>92.981821</course><hAcc>1.178321</hAcc><vAcc>0.805526</vAcc></extensions></trkpt>
      <trkpt lon="-117.329524" lat="33.977219"><ele>320.258475</ele><time>2025-03-12T23:22:53Z</time><extensions><speed>1.437178</speed><course>92.101951</course><hAcc>1.162602</hAcc><vAcc>0.808219</vAcc></extensions></trkpt>
      <trkpt lon="-117.329509" lat="33.977219"><ele>320.267004</ele><time>2025-03-12T23:22:54Z</time><extensions><speed>1.292302</speed><course>88.308332</course><hAcc>1.178927</hAcc><vAcc>0.811573</vAcc></extensions></trkpt>
      <trkpt lon="-117.329495" lat="33.977219"><ele>320.293846</ele><time>2025-03-12T23:22:55Z</time><extensions><speed>1.304053</speed><course>88.543243</course><hAcc>1.175192</hAcc><vAcc>0.814788</vAcc></extensions></trkpt>
      <trkpt lon="-117.329481" lat="33.977219"><ele>320.324936</ele><time>2025-03-12T23:22:56Z</time><extensions><speed>1.306240</speed><course>88.440809</course><hAcc>1.181873</hAcc><vAcc>0.818000</vAcc></extensions></trkpt>
      <trkpt lon="-117.329467" lat="33.977219"><ele>320.344336</ele><time>2025-03-12T23:22:57Z</time><extensions><speed>1.265615</speed><course>88.892771</course><hAcc>1.196290</hAcc><vAcc>0.819721</vAcc></extensions></trkpt>
      <trkpt lon="-117.329453" lat="33.977220"><ele>320.355395</ele><time>2025-03-12T23:22:58Z</time><extensions><speed>1.199236</speed><course>86.805763</course><hAcc>1.217504</hAcc><vAcc>0.820674</vAcc></extensions></trkpt>
      <trkpt lon="-117.329441" lat="33.977220"><ele>320.356577</ele><time>2025-03-12T23:22:59Z</time><extensions><speed>1.102998</speed><course>86.545831</course><hAcc>1.199367</hAcc><vAcc>0.820809</vAcc></extensions></trkpt>
      <trkpt lon="-117.329428" lat="33.977221"><ele>320.353344</ele><time>2025-03-12T23:23:00Z</time><extensions><speed>1.214279</speed><course>89.833068</course><hAcc>1.183917</hAcc><vAcc>0.819974</vAcc></extensions></trkpt>
      <trkpt lon="-117.329414" lat="33.977220"><ele>320.346183</ele><time>2025-03-12T23:23:01Z</time><extensions><speed>1.365166</speed><course>93.987756</course><hAcc>1.175091</hAcc><vAcc>0.818479</vAcc></extensions></trkpt>
      <trkpt lon="-117.329400" lat="33.977219"><ele>320.329636</ele><time>2025-03-12T23:23:02Z</time><extensions><speed>1.277196</speed><course>98.038840</course><hAcc>1.181040</hAcc><vAcc>0.815624</vAcc></extensions></trkpt>
      <trkpt lon="-117.329387" lat="33.977217"><ele>320.303113</ele><time>2025-03-12T23:23:03Z</time><extensions><speed>1.241648</speed><course>101.519310</course><hAcc>1.142820</hAcc><vAcc>0.812129</vAcc></extensions></trkpt>
      <trkpt lon="-117.329374" lat="33.977215"><ele>320.271062</ele><time>2025-03-12T23:23:04Z</time><extensions><speed>1.187097</speed><course>98.980557</course><hAcc>1.141208</hAcc><vAcc>0.807743</vAcc></extensions></trkpt>
      <trkpt lon="-117.329361" lat="33.977214"><ele>320.245898</ele><time>2025-03-12T23:23:05Z</time><extensions><speed>1.194113</speed><course>93.491440</course><hAcc>1.146180</hAcc><vAcc>0.803370</vAcc></extensions></trkpt>
      <trkpt lon="-117.329348" lat="33.977214"><ele>320.208579</ele><time>2025-03-12T23:23:06Z</time><extensions><speed>1.178569</speed><course>91.056799</course><hAcc>1.140725</hAcc><vAcc>0.798935</vAcc></extensions></trkpt>
      <trkpt lon="-117.329335" lat="33.977213"><ele>320.192557</ele><time>2025-03-12T23:23:07Z</time><extensions><speed>1.145899</speed><course>92.181937</course><hAcc>1.117768</hAcc><vAcc>0.794195</vAcc></extensions></trkpt>
      <trkpt lon="-117.329323" lat="33.977213"><ele>320.144911</ele><time>2025-03-12T23:23:08Z</time><extensions><speed>1.206300</speed><course>93.448116</course><hAcc>1.119822</hAcc><vAcc>0.789778</vAcc></extensions></trkpt>
      <trkpt lon="-117.329309" lat="33.977212"><ele>320.105571</ele><time>2025-03-12T23:23:09Z</time><extensions><speed>1.373979</speed><course>92.267005</course><hAcc>1.121904</hAcc><vAcc>0.785840</vAcc></extensions></trkpt>
      <trkpt lon="-117.329293" lat="33.977212"><ele>320.072686</ele><time>2025-03-12T23:23:10Z</time><extensions><speed>1.490692</speed><course>91.688186</course><hAcc>1.122918</hAcc><vAcc>0.782502</vAcc></extensions></trkpt>
      <trkpt lon="-117.329278" lat="33.977211"><ele>320.032846</ele><time>2025-03-12T23:23:11Z</time><extensions><speed>1.415491</speed><course>92.664675</course><hAcc>1.122970</hAcc><vAcc>0.780347</vAcc></extensions></trkpt>
      <trkpt lon="-117.329262" lat="33.977210"><ele>319.986812</ele><time>2025-03-12T23:23:12Z</time><extensions><speed>1.555958</speed><course>94.311776</course><hAcc>1.096372</hAcc><vAcc>0.778318</vAcc></extensions></trkpt>
      <trkpt lon="-117.329246" lat="33.977210"><ele>319.954664</ele><time>2025-03-12T23:23:13Z</time><extensions><speed>1.355653</speed><course>90.933886</course><hAcc>1.100466</hAcc><vAcc>0.777135</vAcc></extensions></trkpt>
      <trkpt lon="-117.329231" lat="33.977210"><ele>319.933111</ele><time>2025-03-12T23:23:14Z</time><extensions><speed>1.441715</speed><course>85.324356</course><hAcc>1.076295</hAcc><vAcc>0.776463</vAcc></extensions></trkpt>
      <trkpt lon="-117.329216" lat="33.977211"><ele>319.903624</ele><time>2025-03-12T23:23:15Z</time><extensions><speed>1.283796</speed><course>83.045558</course><hAcc>1.101136</hAcc><vAcc>0.775951</vAcc></extensions></trkpt>
      <trkpt lon="-117.329203" lat="33.977213"><ele>319.891999</ele><time>2025-03-12T23:23:16Z</time><extensions><speed>1.180590</speed><course>83.154923</course><hAcc>1.111105</hAcc><vAcc>0.775455</vAcc></extensions></trkpt>
      <trkpt lon="-117.329189" lat="33.977213"><ele>319.884653</ele><time>2025-03-12T23:23:17Z</time><extensions><speed>1.355365</speed><course>91.208568</course><hAcc>1.083026</hAcc><vAcc>0.775747</vAcc></extensions></trkpt>
      <trkpt lon="-117.329174" lat="33.977213"><ele>319.888128</ele><time>2025-03-12T23:23:18Z</time><extensions><speed>1.368117</speed><course>92.437933</course><hAcc>1.089832</hAcc><vAcc>0.776290</vAcc></extensions></trkpt>
      <trkpt lon="-117.329159" lat="33.977213"><ele>319.901993</ele><time>2025-03-12T23:23:19Z</time><extensions><speed>1.409617</speed><course>90.868408</course><hAcc>1.111100</hAcc><vAcc>0.776932</vAcc></extensions></trkpt>
      <trkpt lon="-117.329144" lat="33.977212"><ele>319.909530</ele><time>2025-03-12T23:23:20Z</time><extensions><speed>1.392678</speed><course>89.718682</course><hAcc>1.128810</hAcc><vAcc>0.777986</vAcc></extensions></trkpt>
      <trkpt lon="-117.329130" lat="33.977213"><ele>319.920558</ele><time>2025-03-12T23:23:21Z</time><extensions><speed>1.269687</speed><course>84.424447</course><hAcc>1.148791</hAcc><vAcc>0.779091</vAcc></extensions></trkpt>
      <trkpt lon="-117.329116" lat="33.977214"><ele>319.933650</ele><time>2025-03-12T23:23:22Z</time><extensions><speed>1.280751</speed><course>82.684394</course><hAcc>1.131179</hAcc><vAcc>0.780081</vAcc></extensions></trkpt>
      <trkpt lon="-117.329102" lat="33.977216"><ele>319.947660</ele><time>2025-03-12T23:23:23Z</time><extensions><speed>1.321024</speed><course>83.680401</course><hAcc>1.143800</hAcc><vAcc>0.780891</vAcc></extensions></trkpt>
      <trkpt lon="-117.329088" lat="33.977217"><ele>319.971320</ele><time>2025-03-12T23:23:24Z</time><extensions><speed>1.329506</speed><course>84.684699</course><hAcc>1.148283</hAcc><vAcc>0.781514</vAcc></extensions></trkpt>
      <trkpt lon="-117.329073" lat="33.977218"><ele>319.998944</ele><time>2025-03-12T23:23:25Z</time><extensions><speed>1.341430</speed><course>82.876460</course><hAcc>1.154809</hAcc><vAcc>0.781972</vAcc></extensions></trkpt>
      <trkpt lon="-117.329059" lat="33.977220"><ele>320.037553</ele><time>2025-03-12T23:23:26Z</time><extensions><speed>1.366479</speed><course>80.878230</course><hAcc>1.164972</hAcc><vAcc>0.782487</vAcc></extensions></trkpt>
      <trkpt lon="-117.329044" lat="33.977222"><ele>320.066147</ele><time>2025-03-12T23:23:27Z</time><extensions><speed>1.362960</speed><course>80.914895</course><hAcc>1.183912</hAcc><vAcc>0.782424</vAcc></extensions></trkpt>
      <trkpt lon="-117.329030" lat="33.977224"><ele>320.080386</ele><time>2025-03-12T23:23:28Z</time><extensions><speed>1.329936</speed><course>84.617213</course><hAcc>1.197907</hAcc><vAcc>0.782203</vAcc></extensions></trkpt>
      <trkpt lon="-117.329015" lat="33.977224"><ele>320.095087</ele><time>2025-03-12T23:23:29Z</time><extensions><speed>1.345288</speed><course>89.673022</course><hAcc>1.195509</hAcc><vAcc>0.781951</vAcc></extensions></trkpt>
      <trkpt lon="-117.329001" lat="33.977224"><ele>320.112116</ele><time>2025-03-12T23:23:30Z</time><extensions><speed>1.375305</speed><course>91.536513</course><hAcc>1.204413</hAcc><vAcc>0.781377</vAcc></extensions></trkpt>
      <trkpt lon="-117.328986" lat="33.977224"><ele>320.127703</ele><time>2025-03-12T23:23:31Z</time><extensions><speed>1.409796</speed><course>91.496365</course><hAcc>1.217709</hAcc><vAcc>0.780432</vAcc></extensions></trkpt>
      <trkpt lon="-117.328971" lat="33.977224"><ele>320.138940</ele><time>2025-03-12T23:23:32Z</time><extensions><speed>1.377233</speed><course>88.729871</course><hAcc>1.226528</hAcc><vAcc>0.779337</vAcc></extensions></trkpt>
      <trkpt lon="-117.328956" lat="33.977224"><ele>320.148120</ele><time>2025-03-12T23:23:33Z</time><extensions><speed>1.317910</speed><course>83.898169</course><hAcc>1.231408</hAcc><vAcc>0.778033</vAcc></extensions></trkpt>
      <trkpt lon="-117.328942" lat="33.977226"><ele>320.163190</ele><time>2025-03-12T23:23:34Z</time><extensions><speed>1.323879</speed><course>82.504367</course><hAcc>1.239894</hAcc><vAcc>0.776623</vAcc></extensions></trkpt>
      <trkpt lon="-117.328928" lat="33.977227"><ele>320.182102</ele><time>2025-03-12T23:23:35Z</time><extensions><speed>1.338749</speed><course>84.361878</course><hAcc>1.248403</hAcc><vAcc>0.775134</vAcc></extensions></trkpt>
      <trkpt lon="-117.328913" lat="33.977228"><ele>320.208323</ele><time>2025-03-12T23:23:36Z</time><extensions><speed>1.334697</speed><course>87.690766</course><hAcc>1.259757</hAcc><vAcc>0.774202</vAcc></extensions></trkpt>
      <trkpt lon="-117.328899" lat="33.977228"><ele>320.232270</ele><time>2025-03-12T23:23:37Z</time><extensions><speed>1.370120</speed><course>93.073274</course><hAcc>1.262094</hAcc><vAcc>0.772930</vAcc></extensions></trkpt>
      <trkpt lon="-117.328884" lat="33.977227"><ele>320.272518</ele><time>2025-03-12T23:23:38Z</time><extensions><speed>1.370248</speed><course>99.289601</course><hAcc>1.269687</hAcc><vAcc>0.772098</vAcc></extensions></trkpt>
      <trkpt lon="-117.328869" lat="33.977225"><ele>320.311584</ele><time>2025-03-12T23:23:39Z</time><extensions><speed>1.346618</speed><course>99.461275</course><hAcc>1.289874</hAcc><vAcc>0.771539</vAcc></extensions></trkpt>
      <trkpt lon="-117.328856" lat="33.977223"><ele>320.352662</ele><time>2025-03-12T23:23:40Z</time><extensions><speed>1.211784</speed><course>95.872421</course><hAcc>1.283398</hAcc><vAcc>0.771502</vAcc></extensions></trkpt>
      <trkpt lon="-117.328842" lat="33.977222"><ele>320.406781</ele><time>2025-03-12T23:23:41Z</time><extensions><speed>1.256035</speed><course>93.078793</course><hAcc>1.282216</hAcc><vAcc>0.771868</vAcc></extensions></trkpt>
      <trkpt lon="-117.328829" lat="33.977222"><ele>320.478611</ele><time>2025-03-12T23:23:42Z</time><extensions><speed>1.280897</speed><course>90.538112</course><hAcc>1.288137</hAcc><vAcc>0.773366</vAcc></extensions></trkpt>
      <trkpt lon="-117.328815" lat="33.977222"><ele>320.552236</ele><time>2025-03-12T23:23:43Z</time><extensions><speed>1.223671</speed><course>87.810281</course><hAcc>1.280969</hAcc><vAcc>0.775987</vAcc></extensions></trkpt>
      <trkpt lon="-117.328802" lat="33.977222"><ele>320.621459</ele><time>2025-03-12T23:23:44Z</time><extensions><speed>1.252878</speed><course>87.084474</course><hAcc>1.273587</hAcc><vAcc>0.779232</vAcc></extensions></trkpt>
      <trkpt lon="-117.328788" lat="33.977223"><ele>320.691041</ele><time>2025-03-12T23:23:45Z</time><extensions><speed>1.291066</speed><course>88.043902</course><hAcc>1.276803</hAcc><vAcc>0.782090</vAcc></extensions></trkpt>
      <trkpt lon="-117.328775" lat="33.977223"><ele>320.771295</ele><time>2025-03-12T23:23:46Z</time><extensions><speed>1.205939</speed><course>86.566573</course><hAcc>1.286018</hAcc><vAcc>0.785021</vAcc></extensions></trkpt>
      <trkpt lon="-117.328762" lat="33.977224"><ele>320.850331</ele><time>2025-03-12T23:23:47Z</time><extensions><speed>1.166208</speed><course>84.873199</course><hAcc>1.265342</hAcc><vAcc>0.789262</vAcc></extensions></trkpt>
      <trkpt lon="-117.328749" lat="33.977225"><ele>320.937247</ele><time>2025-03-12T23:23:48Z</time><extensions><speed>1.199007</speed><course>82.070357</course><hAcc>1.268074</hAcc><vAcc>0.793579</vAcc></extensions></trkpt>
      <trkpt lon="-117.328736" lat="33.977227"><ele>321.015533</ele><time>2025-03-12T23:23:49Z</time><extensions><speed>1.222831</speed><course>77.419342</course><hAcc>1.262636</hAcc><vAcc>0.798025</vAcc></extensions></trkpt>
      <trkpt lon="-117.328723" lat="33.977229"><ele>321.084867</ele><time>2025-03-12T23:23:50Z</time><extensions><speed>1.307187</speed><course>82.711097</course><hAcc>1.255905</hAcc><vAcc>0.802421</vAcc></extensions></trkpt>
      <trkpt lon="-117.328708" lat="33.977230"><ele>321.150904</ele><time>2025-03-12T23:23:51Z</time><extensions><speed>1.419523</speed><course>88.451166</course><hAcc>1.252286</hAcc><vAcc>0.807261</vAcc></extensions></trkpt>
      <trkpt lon="-117.328693" lat="33.977230"><ele>321.211498</ele><time>2025-03-12T23:23:52Z</time><extensions><speed>1.325280</speed><course>96.335457</course><hAcc>1.268869</hAcc><vAcc>0.811905</vAcc></extensions></trkpt>
      <trkpt lon="-117.328679" lat="33.977228"><ele>321.252571</ele><time>2025-03-12T23:23:53Z</time><extensions><speed>1.242741</speed><course>102.535168</course><hAcc>1.295272</hAcc><vAcc>0.816042</vAcc></extensions></trkpt>
      <trkpt lon="-117.328668" lat="33.977225"><ele>321.281978</ele><time>2025-03-12T23:23:54Z</time><extensions><speed>1.006386</speed><course>105.211184</course><hAcc>1.243939</hAcc><vAcc>0.819379</vAcc></extensions></trkpt>
      <trkpt lon="-117.328656" lat="33.977223"><ele>321.302033</ele><time>2025-03-12T23:23:55Z</time><extensions><speed>1.127164</speed><course>98.770074</course><hAcc>1.214541</hAcc><vAcc>0.821719</vAcc></extensions></trkpt>
      <trkpt lon="-117.328643" lat="33.977222"><ele>321.340975</ele><time>2025-03-12T23:23:56Z</time><extensions><speed>1.405334</speed><course>95.507433</course><hAcc>1.249776</hAcc><vAcc>0.824246</vAcc></extensions></trkpt>
      <trkpt lon="-117.328628" lat="33.977220"><ele>321.383292</ele><time>2025-03-12T23:23:57Z</time><extensions><speed>1.313927</speed><course>102.722535</course><hAcc>1.285039</hAcc><vAcc>0.826102</vAcc></extensions></trkpt>
      <trkpt lon="-117.328614" lat="33.977218"><ele>321.417706</ele><time>2025-03-12T23:23:58Z</time><extensions><speed>1.356403</speed><course>100.296140</course><hAcc>1.253262</hAcc><vAcc>0.827405</vAcc></extensions></trkpt>
      <trkpt lon="-117.328600" lat="33.977216"><ele>321.451017</ele><time>2025-03-12T23:23:59Z</time><extensions><speed>1.307505</speed><course>95.824897</course><hAcc>1.247170</hAcc><vAcc>0.827937</vAcc></extensions></trkpt>
      <trkpt lon="-117.328586" lat="33.977216"><ele>321.484839</ele><time>2025-03-12T23:24:00Z</time><extensions><speed>1.320461</speed><course>90.436212</course><hAcc>1.256714</hAcc><vAcc>0.828498</vAcc></extensions></trkpt>
      <trkpt lon="-117.328571" lat="33.977216"><ele>321.522806</ele><time>2025-03-12T23:24:01Z</time><extensions><speed>1.367090</speed><course>87.928423</course><hAcc>1.273945</hAcc><vAcc>0.827391</vAcc></extensions></trkpt>
      <trkpt lon="-117.328556" lat="33.977216"><ele>321.563478</ele><time>2025-03-12T23:24:02Z</time><extensions><speed>1.365922</speed><course>85.994032</course><hAcc>1.275717</hAcc><vAcc>0.825197</vAcc></extensions></trkpt>
      <trkpt lon="-117.328542" lat="33.977217"><ele>321.602551</ele><time>2025-03-12T23:24:03Z</time><extensions><speed>1.260778</speed><course>85.372660</course><hAcc>1.259619</hAcc><vAcc>0.821868</vAcc></extensions></trkpt>
      <trkpt lon="-117.328529" lat="33.977218"><ele>321.643874</ele><time>2025-03-12T23:24:04Z</time><extensions><speed>1.234878</speed><course>82.326185</course><hAcc>1.245720</hAcc><vAcc>0.817543</vAcc></extensions></trkpt>
      <trkpt lon="-117.328515" lat="33.977220"><ele>321.687676</ele><time>2025-03-12T23:24:05Z</time><extensions><speed>1.333347</speed><course>83.857422</course><hAcc>1.247468</hAcc><vAcc>0.812425</vAcc></extensions></trkpt>
      <trkpt lon="-117.328501" lat="33.977221"><ele>321.735810</ele><time>2025-03-12T23:24:06Z</time><extensions><speed>1.281919</speed><course>84.764841</course><hAcc>1.265868</hAcc><vAcc>0.806829</vAcc></extensions></trkpt>
      <trkpt lon="-117.328487" lat="33.977222"><ele>321.783787</ele><time>2025-03-12T23:24:07Z</time><extensions><speed>1.284235</speed><course>83.050486</course><hAcc>1.223863</hAcc><vAcc>0.800871</vAcc></extensions></trkpt>
      <trkpt lon="-117.328473" lat="33.977223"><ele>321.832765</ele><time>2025-03-12T23:24:08Z</time><extensions><speed>1.253473</speed><course>84.776167</course><hAcc>1.202458</hAcc><vAcc>0.794890</vAcc></extensions></trkpt>
      <trkpt lon="-117.328459" lat="33.977224"><ele>321.884585</ele><time>2025-03-12T23:24:09Z</time><extensions><speed>1.343993</speed><course>86.730275</course><hAcc>1.205204</hAcc><vAcc>0.789113</vAcc></extensions></trkpt>
      <trkpt lon="-117.328445" lat="33.977225"><ele>321.940561</ele><time>2025-03-12T23:24:10Z</time><extensions><speed>1.289729</speed><course>88.194583</course><hAcc>1.236638</hAcc><vAcc>0.783701</vAcc></extensions></trkpt>
      <trkpt lon="-117.328431" lat="33.977225"><ele>321.996434</ele><time>2025-03-12T23:24:11Z</time><extensions><speed>1.290202</speed><course>89.654405</course><hAcc>1.204833</hAcc><vAcc>0.778771</vAcc></extensions></trkpt>
      <trkpt lon="-117.328417" lat="33.977225"><ele>322.054836</ele><time>2025-03-12T23:24:12Z</time><extensions><speed>1.236916</speed><course>89.487985</course><hAcc>1.202435</hAcc><vAcc>0.774421</vAcc></extensions></trkpt>
      <trkpt lon="-117.328404" lat="33.977225"><ele>322.115999</ele><time>2025-03-12T23:24:13Z</time><extensions><speed>1.204409</speed><course>90.893305</course><hAcc>1.215365</hAcc><vAcc>0.770709</vAcc></extensions></trkpt>
      <trkpt lon="-117.328391" lat="33.977225"><ele>322.172590</ele><time>2025-03-12T23:24:14Z</time><extensions><speed>1.234976</speed><course>92.335036</course><hAcc>1.226360</hAcc><vAcc>0.767626</vAcc></extensions></trkpt>
      <trkpt lon="-117.328377" lat="33.977224"><ele>322.228666</ele><time>2025-03-12T23:24:15Z</time><extensions><speed>1.285853</speed><course>94.878784</course><hAcc>1.231341</hAcc><vAcc>0.765115</vAcc></extensions></trkpt>
      <trkpt lon="-117.328364" lat="33.977223"><ele>322.247980</ele><time>2025-03-12T23:24:16Z</time><extensions><speed>1.273002</speed><course>95.798777</course><hAcc>1.230980</hAcc><vAcc>0.763551</vAcc></extensions></trkpt>
      <trkpt lon="-117.328350" lat="33.977222"><ele>322.252142</ele><time>2025-03-12T23:24:17Z</time><extensions><speed>1.252121</speed><course>97.448408</course><hAcc>1.227334</hAcc><vAcc>0.762900</vAcc></extensions></trkpt>
      <trkpt lon="-117.328336" lat="33.977220"><ele>322.250345</ele><time>2025-03-12T23:24:18Z</time><extensions><speed>1.284934</speed><course>96.059907</course><hAcc>1.222762</hAcc><vAcc>0.762981</vAcc></extensions></trkpt>
      <trkpt lon="-117.328323" lat="33.977219"><ele>322.229994</ele><time>2025-03-12T23:24:19Z</time><extensions><speed>1.273593</speed><course>93.165362</course><hAcc>1.218622</hAcc><vAcc>0.763474</vAcc></extensions></trkpt>
      <trkpt lon="-117.328309" lat="33.977219"><ele>322.207865</ele><time>2025-03-12T23:24:20Z</time><extensions><speed>1.234219</speed><course>91.495797</course><hAcc>1.215034</hAcc><vAcc>0.764450</vAcc></extensions></trkpt>
      <trkpt lon="-117.328296" lat="33.977219"><ele>322.180850</ele><time>2025-03-12T23:24:21Z</time><extensions><speed>1.172487</speed><course>92.561559</course><hAcc>1.210822</hAcc><vAcc>0.765641</vAcc></extensions></trkpt>
      <trkpt lon="-117.328283" lat="33.977218"><ele>322.147135</ele><time>2025-03-12T23:24:22Z</time><extensions><speed>1.247969</speed><course>94.056618</course><hAcc>1.204740</hAcc><vAcc>0.767079</vAcc></extensions></trkpt>
      <trkpt lon="-117.328269" lat="33.977217"><ele>322.110908</ele><time>2025-03-12T23:24:23Z</time><extensions><speed>1.317355</speed><course>95.179429</course><hAcc>1.197937</hAcc><vAcc>0.768728</vAcc></extensions></trkpt>
      <trkpt lon="-117.328255" lat="33.977216"><ele>322.071121</ele><time>2025-03-12T23:24:24Z</time><extensions><speed>1.294832</speed><course>94.468747</course><hAcc>1.195164</hAcc><vAcc>0.770454</vAcc></extensions></trkpt>
      <trkpt lon="-117.328241" lat="33.977215"><ele>322.032861</ele><time>2025-03-12T23:24:25Z</time><extensions><speed>1.252662</speed><course>92.232437</course><hAcc>1.204890</hAcc><vAcc>0.772075</vAcc></extensions></trkpt>
      <trkpt lon="-117.328228" lat="33.977215"><ele>321.997752</ele><time>2025-03-12T23:24:26Z</time><extensions><speed>1.168854</speed><course>90.655337</course><hAcc>1.230818</hAcc><vAcc>0.773366</vAcc></extensions></trkpt>
      <trkpt lon="-117.328215" lat="33.977215"><ele>321.968571</ele><time>2025-03-12T23:24:27Z</time><extensions><speed>1.264138</speed><course>93.851935</course><hAcc>1.217394</hAcc><vAcc>0.774091</vAcc></extensions></trkpt>
      <trkpt lon="-117.328201" lat="33.977214"><ele>321.940613</ele><time>2025-03-12T23:24:28Z</time><extensions><speed>1.286082</speed><course>95.514618</course><hAcc>1.234704</hAcc><vAcc>0.774093</vAcc></extensions></trkpt>
      <trkpt lon="-117.328188" lat="33.977212"><ele>321.921554</ele><time>2025-03-12T23:24:29Z</time><extensions><speed>1.229136</speed><course>97.327785</course><hAcc>1.247492</hAcc><vAcc>0.773356</vAcc></extensions></trkpt>
      <trkpt lon="-117.328175" lat="33.977211"><ele>321.904365</ele><time>2025-03-12T23:24:30Z</time><extensions><speed>1.237967</speed><course>95.240684</course><hAcc>1.252837</hAcc><vAcc>0.771999</vAcc></extensions></trkpt>
      <trkpt lon="-117.328161" lat="33.977210"><ele>321.899237</ele><time>2025-03-12T23:24:31Z</time><extensions><speed>1.278754</speed><course>95.471555</course><hAcc>1.246674</hAcc><vAcc>0.770215</vAcc></extensions></trkpt>
      <trkpt lon="-117.328147" lat="33.977209"><ele>321.893044</ele><time>2025-03-12T23:24:32Z</time><extensions><speed>1.276100</speed><course>94.379223</course><hAcc>1.238002</hAcc><vAcc>0.768223</vAcc></extensions></trkpt>
      <trkpt lon="-117.328133" lat="33.977208"><ele>321.885229</ele><time>2025-03-12T23:24:33Z</time><extensions><speed>1.283569</speed><course>92.812316</course><hAcc>1.231400</hAcc><vAcc>0.766210</vAcc></extensions></trkpt>
      <trkpt lon="-117.328119" lat="33.977208"><ele>321.879946</ele><time>2025-03-12T23:24:34Z</time><extensions><speed>1.292728</speed><course>91.218538</course><hAcc>1.226727</hAcc><vAcc>0.764316</vAcc></extensions></trkpt>
      <trkpt lon="-117.328105" lat="33.977208"><ele>321.877070</ele><time>2025-03-12T23:24:35Z</time><extensions><speed>1.298916</speed><course>91.141758</course><hAcc>1.223586</hAcc><vAcc>0.762627</vAcc></extensions></trkpt>
      <trkpt lon="-117.328091" lat="33.977207"><ele>321.866999</ele><time>2025-03-12T23:24:36Z</time><extensions><speed>1.290145</speed><course>91.587814</course><hAcc>1.222501</hAcc><vAcc>0.761186</vAcc></extensions></trkpt>
      <trkpt lon="-117.328078" lat="33.977207"><ele>321.864167</ele><time>2025-03-12T23:24:37Z</time><extensions><speed>1.278896</speed><course>95.666191</course><hAcc>1.223681</hAcc><vAcc>0.760002</vAcc></extensions></trkpt>
      <trkpt lon="-117.328064" lat="33.977205"><ele>321.854987</ele><time>2025-03-12T23:24:38Z</time><extensions><speed>1.260157</speed><course>96.727803</course><hAcc>1.224125</hAcc><vAcc>0.759063</vAcc></extensions></trkpt>
      <trkpt lon="-117.328051" lat="33.977204"><ele>321.829025</ele><time>2025-03-12T23:24:39Z</time><extensions><speed>1.221566</speed><course>94.909826</course><hAcc>1.224168</hAcc><vAcc>0.758343</vAcc></extensions></trkpt>
      <trkpt lon="-117.328037" lat="33.977203"><ele>321.805099</ele><time>2025-03-12T23:24:40Z</time><extensions><speed>1.284534</speed><course>100.039820</course><hAcc>1.222270</hAcc><vAcc>0.757808</vAcc></extensions></trkpt>
      <trkpt lon="-117.328023" lat="33.977200"><ele>321.772680</ele><time>2025-03-12T23:24:41Z</time><extensions><speed>1.393677</speed><course>104.274179</course><hAcc>1.225328</hAcc><vAcc>0.757425</vAcc></extensions></trkpt>
      <trkpt lon="-117.328008" lat="33.977197"><ele>321.737111</ele><time>2025-03-12T23:24:42Z</time><extensions><speed>1.406775</speed><course>104.193469</course><hAcc>1.229043</hAcc><vAcc>0.757160</vAcc></extensions></trkpt>
      <trkpt lon="-117.327994" lat="33.977194"><ele>321.695675</ele><time>2025-03-12T23:24:43Z</time><extensions><speed>1.317270</speed><course>100.703207</course><hAcc>1.232730</hAcc><vAcc>0.756984</vAcc></extensions></trkpt>
      <trkpt lon="-117.327980" lat="33.977193"><ele>321.647878</ele><time>2025-03-12T23:24:44Z</time><extensions><speed>1.294316</speed><course>97.276127</course><hAcc>1.239735</hAcc><vAcc>0.756873</vAcc></extensions></trkpt>
      <trkpt lon="-117.327966" lat="33.977191"><ele>321.618247</ele><time>2025-03-12T23:24:45Z</time><extensions><speed>1.330607</speed><course>97.396265</course><hAcc>1.249394</hAcc><vAcc>0.756807</vAcc></extensions></trkpt>
      <trkpt lon="-117.327952" lat="33.977189"><ele>321.601920</ele><time>2025-03-12T23:24:46Z</time><extensions><speed>1.345889</speed><course>100.677502</course><hAcc>1.256549</hAcc><vAcc>0.756943</vAcc></extensions></trkpt>
      <trkpt lon="-117.327938" lat="33.977187"><ele>321.599180</ele><time>2025-03-12T23:24:47Z</time><extensions><speed>1.225998</speed><course>102.798151</course><hAcc>1.264115</hAcc><vAcc>0.757005</vAcc></extensions></trkpt>
      <trkpt lon="-117.327925" lat="33.977185"><ele>321.597486</ele><time>2025-03-12T23:24:48Z</time><extensions><speed>1.185985</speed><course>100.990378</course><hAcc>1.274017</hAcc><vAcc>0.757094</vAcc></extensions></trkpt>
      <trkpt lon="-117.327912" lat="33.977183"><ele>321.597081</ele><time>2025-03-12T23:24:49Z</time><extensions><speed>1.217173</speed><course>98.312054</course><hAcc>1.276331</hAcc><vAcc>0.757204</vAcc></extensions></trkpt>
      <trkpt lon="-117.327899" lat="33.977181"><ele>321.612295</ele><time>2025-03-12T23:24:50Z</time><extensions><speed>1.214641</speed><course>99.053752</course><hAcc>1.285052</hAcc><vAcc>0.757330</vAcc></extensions></trkpt>
      <trkpt lon="-117.327886" lat="33.977179"><ele>321.645047</ele><time>2025-03-12T23:24:51Z</time><extensions><speed>1.232715</speed><course>101.052407</course><hAcc>1.287816</hAcc><vAcc>0.757466</vAcc></extensions></trkpt>
      <trkpt lon="-117.327873" lat="33.977177"><ele>321.695584</ele><time>2025-03-12T23:24:52Z</time><extensions><speed>1.218651</speed><course>99.173266</course><hAcc>1.285079</hAcc><vAcc>0.757607</vAcc></extensions></trkpt>
      <trkpt lon="-117.327860" lat="33.977176"><ele>321.765314</ele><time>2025-03-12T23:24:53Z</time><extensions><speed>1.224240</speed><course>94.727873</course><hAcc>1.280600</hAcc><vAcc>0.757741</vAcc></extensions></trkpt>
      <trkpt lon="-117.327846" lat="33.977175"><ele>321.826440</ele><time>2025-03-12T23:24:54Z</time><extensions><speed>1.350555</speed><course>91.164590</course><hAcc>1.276294</hAcc><vAcc>0.757855</vAcc></extensions></trkpt>
      <trkpt lon="-117.327831" lat="33.977175"><ele>321.887795</ele><time>2025-03-12T23:24:55Z</time><extensions><speed>1.446965</speed><course>89.581909</course><hAcc>1.287320</hAcc><vAcc>0.757932</vAcc></extensions></trkpt>
      <trkpt lon="-117.327816" lat="33.977175"><ele>321.954920</ele><time>2025-03-12T23:24:56Z</time><extensions><speed>1.325558</speed><course>90.646523</course><hAcc>1.321145</hAcc><vAcc>0.757952</vAcc></extensions></trkpt>
      <trkpt lon="-117.327801" lat="33.977175"><ele>322.008645</ele><time>2025-03-12T23:24:57Z</time><extensions><speed>1.367603</speed><course>90.218576</course><hAcc>1.284815</hAcc><vAcc>0.757905</vAcc></extensions></trkpt>
      <trkpt lon="-117.327787" lat="33.977175"><ele>322.060219</ele><time>2025-03-12T23:24:58Z</time><extensions><speed>1.326099</speed><course>90.436190</course><hAcc>1.272675</hAcc><vAcc>0.757805</vAcc></extensions></trkpt>
      <trkpt lon="-117.327772" lat="33.977175"><ele>322.118591</ele><time>2025-03-12T23:24:59Z</time><extensions><speed>1.323043</speed><course>89.093253</course><hAcc>1.276777</hAcc><vAcc>0.757673</vAcc></extensions></trkpt>
      <trkpt lon="-117.327758" lat="33.977175"><ele>322.182384</ele><time>2025-03-12T23:25:00Z</time><extensions><speed>1.344795</speed><course>90.197383</course><hAcc>1.286275</hAcc><vAcc>0.757528</vAcc></extensions></trkpt>
      <trkpt lon="-117.327743" lat="33.977175"><ele>322.242954</ele><time>2025-03-12T23:25:01Z</time><extensions><speed>1.352079</speed><course>89.739802</course><hAcc>1.288640</hAcc><vAcc>0.757384</vAcc></extensions></trkpt>
      <trkpt lon="-117.327729" lat="33.977175"><ele>322.291628</ele><time>2025-03-12T23:25:02Z</time><extensions><speed>1.298087</speed><course>90.891118</course><hAcc>1.289360</hAcc><vAcc>0.757250</vAcc></extensions></trkpt>
      <trkpt lon="-117.327715" lat="33.977175"><ele>322.335337</ele><time>2025-03-12T23:25:03Z</time><extensions><speed>1.307422</speed><course>90.194400</course><hAcc>1.291061</hAcc><vAcc>0.757132</vAcc></extensions></trkpt>
      <trkpt lon="-117.327701" lat="33.977175"><ele>322.387132</ele><time>2025-03-12T23:25:04Z</time><extensions><speed>1.328439</speed><course>90.842487</course><hAcc>1.285769</hAcc><vAcc>0.757033</vAcc></extensions></trkpt>
      <trkpt lon="-117.327687" lat="33.977175"><ele>322.435715</ele><time>2025-03-12T23:25:05Z</time><extensions><speed>1.276002</speed><course>90.354692</course><hAcc>1.282611</hAcc><vAcc>0.756953</vAcc></extensions></trkpt>
      <trkpt lon="-117.327673" lat="33.977175"><ele>322.476189</ele><time>2025-03-12T23:25:06Z</time><extensions><speed>1.197411</speed><course>87.899338</course><hAcc>1.281716</hAcc><vAcc>0.756890</vAcc></extensions></trkpt>
      <trkpt lon="-117.327660" lat="33.977175"><ele>322.521551</ele><time>2025-03-12T23:25:07Z</time><extensions><speed>1.150987</speed><course>89.866376</course><hAcc>1.266702</hAcc><vAcc>0.756842</vAcc></extensions></trkpt>
      <trkpt lon="-117.327648" lat="33.977175"><ele>322.568158</ele><time>2025-03-12T23:25:08Z</time><extensions><speed>1.213875</speed><course>93.153448</course><hAcc>1.261425</hAcc><vAcc>0.756808</vAcc></extensions></trkpt>
      <trkpt lon="-117.327634" lat="33.977174"><ele>322.621729</ele><time>2025-03-12T23:25:09Z</time><extensions><speed>1.245699</speed><course>93.630192</course><hAcc>1.261679</hAcc><vAcc>0.756783</vAcc></extensions></trkpt>
      <trkpt lon="-117.327621" lat="33.977173"><ele>322.677560</ele><time>2025-03-12T23:25:10Z</time><extensions><speed>1.231975</speed><course>96.482558</course><hAcc>1.245607</hAcc><vAcc>0.756766</vAcc></extensions></trkpt>
      <trkpt lon="-117.327608" lat="33.977172"><ele>322.741723</ele><time>2025-03-12T23:25:11Z</time><extensions><speed>1.188636</speed><course>99.380156</course><hAcc>1.235515</hAcc><vAcc>0.756755</vAcc></extensions></trkpt>
      <trkpt lon="-117.327595" lat="33.977170"><ele>322.814226</ele><time>2025-03-12T23:25:12Z</time><extensions><speed>1.179221</speed><course>101.313093</course><hAcc>1.228850</hAcc><vAcc>0.756749</vAcc></extensions></trkpt>
      <trkpt lon="-117.327583" lat="33.977168"><ele>322.892263</ele><time>2025-03-12T23:25:13Z</time><extensions><speed>1.217350</speed><course>95.803531</course><hAcc>1.220260</hAcc><vAcc>0.756745</vAcc></extensions></trkpt>
      <trkpt lon="-117.327569" lat="33.977168"><ele>322.974020</ele><time>2025-03-12T23:25:14Z</time><extensions><speed>1.276030</speed><course>89.392475</course><hAcc>1.209861</hAcc><vAcc>0.756743</vAcc></extensions></trkpt>
      <trkpt lon="-117.327555" lat="33.977168"><ele>323.060902</ele><time>2025-03-12T23:25:15Z</time><extensions><speed>1.345120</speed><course>88.788523</course><hAcc>1.204393</hAcc><vAcc>0.756742</vAcc></extensions></trkpt>
      <trkpt lon="-117.327540" lat="33.977168"><ele>323.154076</ele><time>2025-03-12T23:25:16Z</time><extensions><speed>1.373754</speed><course>91.034488</course><hAcc>1.197069</hAcc><vAcc>0.756742</vAcc></extensions></trkpt>
      <trkpt lon="-117.327525" lat="33.977168"><ele>323.244137</ele><time>2025-03-12T23:25:17Z</time><extensions><speed>1.402414</speed><course>91.253316</course><hAcc>1.187588</hAcc><vAcc>0.756742</vAcc></extensions></trkpt>
      <trkpt lon="-117.327510" lat="33.977168"><ele>323.334851</ele><time>2025-03-12T23:25:18Z</time><extensions><speed>1.390902</speed><course>87.603529</course><hAcc>1.172501</hAcc><vAcc>0.756743</vAcc></extensions></trkpt>
      <trkpt lon="-117.327495" lat="33.977169"><ele>323.429390</ele><time>2025-03-12T23:25:19Z</time><extensions><speed>1.349872</speed><course>86.055871</course><hAcc>1.155252</hAcc><vAcc>0.756743</vAcc></extensions></trkpt>
      <trkpt lon="-117.327480" lat="33.977169"><ele>323.524876</ele><time>2025-03-12T23:25:20Z</time><extensions><speed>1.423319</speed><course>86.437478</course><hAcc>1.151081</hAcc><vAcc>0.756743</vAcc></extensions></trkpt>
      <trkpt lon="-117.327465" lat="33.977170"><ele>323.616883</ele><time>2025-03-12T23:25:21Z</time><extensions><speed>1.314055</speed><course>85.405113</course><hAcc>1.175500</hAcc><vAcc>0.756743</vAcc></extensions></trkpt>
      <trkpt lon="-117.327452" lat="33.977173"><ele>323.702565</ele><time>2025-03-12T23:25:22Z</time><extensions><speed>1.324087</speed><course>73.616570</course><hAcc>1.145086</hAcc><vAcc>0.756743</vAcc></extensions></trkpt>
      <trkpt lon="-117.327437" lat="33.977176"><ele>323.773474</ele><time>2025-03-12T23:25:23Z</time><extensions><speed>1.407838</speed><course>70.672681</course><hAcc>1.141991</hAcc><vAcc>0.756743</vAcc></extensions></trkpt>
      <trkpt lon="-117.327423" lat="33.977180"><ele>323.838684</ele><time>2025-03-12T23:25:24Z</time><extensions><speed>1.327240</speed><course>78.231306</course><hAcc>1.160979</hAcc><vAcc>0.756743</vAcc></extensions></trkpt>
      <trkpt lon="-117.327409" lat="33.977181"><ele>323.895459</ele><time>2025-03-12T23:25:25Z</time><extensions><speed>1.377667</speed><course>85.485771</course><hAcc>1.157140</hAcc><vAcc>0.756743</vAcc></extensions></trkpt>
      <trkpt lon="-117.327394" lat="33.977182"><ele>323.944180</ele><time>2025-03-12T23:25:26Z</time><extensions><speed>1.305262</speed><course>89.970730</course><hAcc>1.171714</hAcc><vAcc>0.756743</vAcc></extensions></trkpt>
      <trkpt lon="-117.327380" lat="33.977182"><ele>323.985581</ele><time>2025-03-12T23:25:27Z</time><extensions><speed>1.307601</speed><course>92.730214</course><hAcc>1.161498</hAcc><vAcc>0.756743</vAcc></extensions></trkpt>
      <trkpt lon="-117.327366" lat="33.977181"><ele>324.022128</ele><time>2025-03-12T23:25:28Z</time><extensions><speed>1.290865</speed><course>91.788975</course><hAcc>1.184965</hAcc><vAcc>0.756743</vAcc></extensions></trkpt>
      <trkpt lon="-117.327352" lat="33.977181"><ele>324.057330</ele><time>2025-03-12T23:25:29Z</time><extensions><speed>1.276203</speed><course>89.379936</course><hAcc>1.182761</hAcc><vAcc>0.756743</vAcc></extensions></trkpt>
      <trkpt lon="-117.327338" lat="33.977181"><ele>324.084389</ele><time>2025-03-12T23:25:30Z</time><extensions><speed>1.268678</speed><course>86.572900</course><hAcc>1.205957</hAcc><vAcc>0.756742</vAcc></extensions></trkpt>
      <trkpt lon="-117.327325" lat="33.977182"><ele>324.102663</ele><time>2025-03-12T23:25:31Z</time><extensions><speed>1.197491</speed><course>87.721431</course><hAcc>1.207789</hAcc><vAcc>0.756742</vAcc></extensions></trkpt>
      <trkpt lon="-117.327312" lat="33.977182"><ele>324.130131</ele><time>2025-03-12T23:25:32Z</time><extensions><speed>1.205392</speed><course>87.610868</course><hAcc>1.220496</hAcc><vAcc>0.756742</vAcc></extensions></trkpt>
      <trkpt lon="-117.327299" lat="33.977183"><ele>324.147886</ele><time>2025-03-12T23:25:33Z</time><extensions><speed>1.227217</speed><course>89.094939</course><hAcc>1.233405</hAcc><vAcc>0.756742</vAcc></extensions></trkpt>
      <trkpt lon="-117.327285" lat="33.977183"><ele>324.176424</ele><time>2025-03-12T23:25:34Z</time><extensions><speed>1.242862</speed><course>92.039891</course><hAcc>1.238553</hAcc><vAcc>0.756804</vAcc></extensions></trkpt>
      <trkpt lon="-117.327272" lat="33.977182"><ele>324.194641</ele><time>2025-03-12T23:25:35Z</time><extensions><speed>1.270662</speed><course>92.123503</course><hAcc>1.240892</hAcc><vAcc>0.757126</vAcc></extensions></trkpt>
      <trkpt lon="-117.327258" lat="33.977182"><ele>324.225368</ele><time>2025-03-12T23:25:36Z</time><extensions><speed>1.313250</speed><course>88.501894</course><hAcc>1.251096</hAcc><vAcc>0.757690</vAcc></extensions></trkpt>
      <trkpt lon="-117.327243" lat="33.977183"><ele>324.255781</ele><time>2025-03-12T23:25:37Z</time><extensions><speed>1.356523</speed><course>84.154087</course><hAcc>1.275092</hAcc><vAcc>0.758350</vAcc></extensions></trkpt>
      <trkpt lon="-117.327229" lat="33.977184"><ele>324.299365</ele><time>2025-03-12T23:25:38Z</time><extensions><speed>1.274887</speed><course>85.779183</course><hAcc>1.263518</hAcc><vAcc>0.759250</vAcc></extensions></trkpt>
      <trkpt lon="-117.327216" lat="33.977184"><ele>324.350401</ele><time>2025-03-12T23:25:39Z</time><extensions><speed>1.235582</speed><course>88.653972</course><hAcc>1.268284</hAcc><vAcc>0.760221</vAcc></extensions></trkpt>
      <trkpt lon="-117.327203" lat="33.977185"><ele>324.397675</ele><time>2025-03-12T23:25:40Z</time><extensions><speed>1.193749</speed><course>90.033664</course><hAcc>1.286434</hAcc><vAcc>0.761290</vAcc></extensions></trkpt>
      <trkpt lon="-117.327190" lat="33.977185"><ele>324.456163</ele><time>2025-03-12T23:25:41Z</time><extensions><speed>1.208625</speed><course>89.029583</course><hAcc>1.301985</hAcc><vAcc>0.763023</vAcc></extensions></trkpt>
      <trkpt lon="-117.327176" lat="33.977185"><ele>324.518648</ele><time>2025-03-12T23:25:42Z</time><extensions><speed>1.273963</speed><course>88.178927</course><hAcc>1.309338</hAcc><vAcc>0.765134</vAcc></extensions></trkpt>
      <trkpt lon="-117.327162" lat="33.977185"><ele>324.584501</ele><time>2025-03-12T23:25:43Z</time><extensions><speed>1.320128</speed><course>88.134512</course><hAcc>1.321478</hAcc><vAcc>0.767670</vAcc></extensions></trkpt>
      <trkpt lon="-117.327149" lat="33.977185"><ele>324.650641</ele><time>2025-03-12T23:25:44Z</time><extensions><speed>1.233925</speed><course>90.952401</course><hAcc>1.321612</hAcc><vAcc>0.770486</vAcc></extensions></trkpt>
      <trkpt lon="-117.327135" lat="33.977184"><ele>324.719059</ele><time>2025-03-12T23:25:45Z</time><extensions><speed>1.217192</speed><course>95.125563</course><hAcc>1.322100</hAcc><vAcc>0.772920</vAcc></extensions></trkpt>
      <trkpt lon="-117.327122" lat="33.977183"><ele>324.791068</ele><time>2025-03-12T23:25:46Z</time><extensions><speed>1.223308</speed><course>99.285555</course><hAcc>1.320528</hAcc><vAcc>0.775877</vAcc></extensions></trkpt>
      <trkpt lon="-117.327109" lat="33.977180"><ele>324.864240</ele><time>2025-03-12T23:25:47Z</time><extensions><speed>1.232308</speed><course>107.894109</course><hAcc>1.312383</hAcc><vAcc>0.778725</vAcc></extensions></trkpt>
      <trkpt lon="-117.327097" lat="33.977175"><ele>324.925993</ele><time>2025-03-12T23:25:48Z</time><extensions><speed>1.287823</speed><course>120.825689</course><hAcc>1.295185</hAcc><vAcc>0.781395</vAcc></extensions></trkpt>
      <trkpt lon="-117.327086" lat="33.977168"><ele>324.968636</ele><time>2025-03-12T23:25:49Z</time><extensions><speed>1.359242</speed><course>134.322679</course><hAcc>1.271951</hAcc><vAcc>0.783375</vAcc></extensions></trkpt>
      <trkpt lon="-117.327076" lat="33.977158"><ele>325.032721</ele><time>2025-03-12T23:25:50Z</time><extensions><speed>1.477384</speed><course>146.301860</course><hAcc>1.249020</hAcc><vAcc>0.785045</vAcc></extensions></trkpt>
      <trkpt lon="-117.327068" lat="33.977147"><ele>325.062847</ele><time>2025-03-12T23:25:51Z</time><extensions><speed>1.492199</speed><course>153.800635</course><hAcc>1.235816</hAcc><vAcc>0.786456</vAcc></extensions></trkpt>
      <trkpt lon="-117.327062" lat="33.977134"><ele>325.123158</ele><time>2025-03-12T23:25:52Z</time><extensions><speed>1.508211</speed><course>160.047268</course><hAcc>1.216192</hAcc><vAcc>0.787465</vAcc></extensions></trkpt>
      <trkpt lon="-117.327057" lat="33.977121"><ele>325.148677</ele><time>2025-03-12T23:25:53Z</time><extensions><speed>1.423248</speed><course>165.637111</course><hAcc>1.214402</hAcc><vAcc>0.788150</vAcc></extensions></trkpt>
      <trkpt lon="-117.327054" lat="33.977109"><ele>325.165370</ele><time>2025-03-12T23:25:54Z</time><extensions><speed>1.321212</speed><course>170.741351</course><hAcc>1.219586</hAcc><vAcc>0.788664</vAcc></extensions></trkpt>
      <trkpt lon="-117.327052" lat="33.977097"><ele>325.186809</ele><time>2025-03-12T23:25:55Z</time><extensions><speed>1.440291</speed><course>176.493764</course><hAcc>1.185052</hAcc><vAcc>0.788761</vAcc></extensions></trkpt>
      <trkpt lon="-117.327052" lat="33.977084"><ele>325.208854</ele><time>2025-03-12T23:25:56Z</time><extensions><speed>1.436043</speed><course>177.756779</course><hAcc>1.197070</hAcc><vAcc>0.788445</vAcc></extensions></trkpt>
      <trkpt lon="-117.327051" lat="33.977071"><ele>325.205226</ele><time>2025-03-12T23:25:57Z</time><extensions><speed>1.443817</speed><course>180.896140</course><hAcc>1.214833</hAcc><vAcc>0.788124</vAcc></extensions></trkpt>
      <trkpt lon="-117.327052" lat="33.977058"><ele>325.219794</ele><time>2025-03-12T23:25:58Z</time><extensions><speed>1.393704</speed><course>184.226327</course><hAcc>1.240553</hAcc><vAcc>0.787566</vAcc></extensions></trkpt>
      <trkpt lon="-117.327053" lat="33.977046"><ele>325.200521</ele><time>2025-03-12T23:25:59Z</time><extensions><speed>1.379375</speed><course>184.236799</course><hAcc>1.212582</hAcc><vAcc>0.786701</vAcc></extensions></trkpt>
      <trkpt lon="-117.327054" lat="33.977033"><ele>325.183249</ele><time>2025-03-12T23:26:00Z</time><extensions><speed>1.386704</speed><course>180.153177</course><hAcc>1.223767</hAcc><vAcc>0.786362</vAcc></extensions></trkpt>
      <trkpt lon="-117.327054" lat="33.977020"><ele>325.148945</ele><time>2025-03-12T23:26:01Z</time><extensions><speed>1.469245</speed><course>180.284275</course><hAcc>1.248623</hAcc><vAcc>0.786808</vAcc></extensions></trkpt>
      <trkpt lon="-117.327054" lat="33.977007"><ele>325.102633</ele><time>2025-03-12T23:26:02Z</time><extensions><speed>1.473642</speed><course>178.726376</course><hAcc>1.272184</hAcc><vAcc>0.787420</vAcc></extensions></trkpt>
      <trkpt lon="-117.327053" lat="33.976994"><ele>325.037227</ele><time>2025-03-12T23:26:03Z</time><extensions><speed>1.300640</speed><course>178.569759</course><hAcc>1.318397</hAcc><vAcc>0.787816</vAcc></extensions></trkpt>
      <trkpt lon="-117.327052" lat="33.976982"><ele>324.958461</ele><time>2025-03-12T23:26:04Z</time><extensions><speed>1.368621</speed><course>173.360055</course><hAcc>1.305095</hAcc><vAcc>0.788205</vAcc></extensions></trkpt>
      <trkpt lon="-117.327050" lat="33.976970"><ele>324.874741</ele><time>2025-03-12T23:26:05Z</time><extensions><speed>1.377219</speed><course>169.619029</course><hAcc>1.317591</hAcc><vAcc>0.788094</vAcc></extensions></trkpt>
      <trkpt lon="-117.327047" lat="33.976958"><ele>324.795300</ele><time>2025-03-12T23:26:06Z</time><extensions><speed>1.399419</speed><course>168.082245</course><hAcc>1.331281</hAcc><vAcc>0.787754</vAcc></extensions></trkpt>
      <trkpt lon="-117.327044" lat="33.976945"><ele>324.731572</ele><time>2025-03-12T23:26:07Z</time><extensions><speed>1.399293</speed><course>171.261149</course><hAcc>1.343656</hAcc><vAcc>0.787102</vAcc></extensions></trkpt>
      <trkpt lon="-117.327042" lat="33.976933"><ele>324.660482</ele><time>2025-03-12T23:26:08Z</time><extensions><speed>1.467608</speed><course>173.293886</course><hAcc>1.339749</hAcc><vAcc>0.786121</vAcc></extensions></trkpt>
      <trkpt lon="-117.327041" lat="33.976919"><ele>324.549740</ele><time>2025-03-12T23:26:09Z</time><extensions><speed>1.468204</speed><course>176.489489</course><hAcc>1.344420</hAcc><vAcc>0.784872</vAcc></extensions></trkpt>
      <trkpt lon="-117.327040" lat="33.976907"><ele>324.436885</ele><time>2025-03-12T23:26:10Z</time><extensions><speed>1.377872</speed><course>175.912829</course><hAcc>1.356770</hAcc><vAcc>0.783339</vAcc></extensions></trkpt>
      <trkpt lon="-117.327039" lat="33.976895"><ele>324.340348</ele><time>2025-03-12T23:26:11Z</time><extensions><speed>1.245244</speed><course>177.081112</course><hAcc>1.366974</hAcc><vAcc>0.781722</vAcc></extensions></trkpt>
      <trkpt lon="-117.327038" lat="33.976883"><ele>324.245958</ele><time>2025-03-12T23:26:12Z</time><extensions><speed>1.286142</speed><course>178.128356</course><hAcc>1.355852</hAcc><vAcc>0.779945</vAcc></extensions></trkpt>
      <trkpt lon="-117.327038" lat="33.976872"><ele>324.168239</ele><time>2025-03-12T23:26:13Z</time><extensions><speed>1.306221</speed><course>181.349145</course><hAcc>1.355067</hAcc><vAcc>0.778091</vAcc></extensions></trkpt>
      <trkpt lon="-117.327039" lat="33.976860"><ele>324.104806</ele><time>2025-03-12T23:26:14Z</time><extensions><speed>1.262379</speed><course>184.468667</course><hAcc>1.360921</hAcc><vAcc>0.776457</vAcc></extensions></trkpt>
      <trkpt lon="-117.327040" lat="33.976849"><ele>324.059033</ele><time>2025-03-12T23:26:15Z</time><extensions><speed>1.241823</speed><course>185.942091</course><hAcc>1.365005</hAcc><vAcc>0.775484</vAcc></extensions></trkpt>
      <trkpt lon="-117.327041" lat="33.976838"><ele>324.023997</ele><time>2025-03-12T23:26:16Z</time><extensions><speed>1.131768</speed><course>184.503875</course><hAcc>1.374503</hAcc><vAcc>0.775648</vAcc></extensions></trkpt>
      <trkpt lon="-117.327042" lat="33.976829"><ele>324.001391</ele><time>2025-03-12T23:26:17Z</time><extensions><speed>1.045595</speed><course>181.004063</course><hAcc>1.387396</hAcc><vAcc>0.777004</vAcc></extensions></trkpt>
      <trkpt lon="-117.327041" lat="33.976820"><ele>323.991631</ele><time>2025-03-12T23:26:18Z</time><extensions><speed>0.823261</speed><course>172.016100</course><hAcc>1.406617</hAcc><vAcc>0.779344</vAcc></extensions></trkpt>
      <trkpt lon="-117.327040" lat="33.976813"><ele>323.992976</ele><time>2025-03-12T23:26:19Z</time><extensions><speed>0.720120</speed><course>166.090582</course><hAcc>1.415342</hAcc><vAcc>0.782694</vAcc></extensions></trkpt>
      <trkpt lon="-117.327038" lat="33.976808"><ele>324.009554</ele><time>2025-03-12T23:26:20Z</time><extensions><speed>0.580700</speed><course>155.767253</course><hAcc>1.448249</hAcc><vAcc>0.787721</vAcc></extensions></trkpt>
      <trkpt lon="-117.327035" lat="33.976804"><ele>324.036699</ele><time>2025-03-12T23:26:21Z</time><extensions><speed>0.446879</speed><course>127.726617</course><hAcc>1.481531</hAcc><vAcc>0.793775</vAcc></extensions></trkpt>
      <trkpt lon="-117.327030" lat="33.976803"><ele>324.077531</ele><time>2025-03-12T23:26:22Z</time><extensions><speed>0.452864</speed><course>90.613710</course><hAcc>1.501643</hAcc><vAcc>0.800487</vAcc></extensions></trkpt>
      <trkpt lon="-117.327024" lat="33.976803"><ele>324.108524</ele><time>2025-03-12T23:26:23Z</time><extensions><speed>0.653645</speed><course>87.359462</course><hAcc>1.502445</hAcc><vAcc>0.808749</vAcc></extensions></trkpt>
      <trkpt lon="-117.327016" lat="33.976803"><ele>324.153136</ele><time>2025-03-12T23:26:24Z</time><extensions><speed>0.913173</speed><course>95.697914</course><hAcc>1.504111</hAcc><vAcc>0.818906</vAcc></extensions></trkpt>
      <trkpt lon="-117.327005" lat="33.976801"><ele>324.194803</ele><time>2025-03-12T23:26:25Z</time><extensions><speed>1.138490</speed><course>107.082353</course><hAcc>1.515197</hAcc><vAcc>0.830398</vAcc></extensions></trkpt>
      <trkpt lon="-117.326993" lat="33.976796"><ele>324.240695</ele><time>2025-03-12T23:26:26Z</time><extensions><speed>1.223283</speed><course>120.734493</course><hAcc>1.505696</hAcc><vAcc>0.843565</vAcc></extensions></trkpt>
      <trkpt lon="-117.326982" lat="33.976790"><ele>324.288088</ele><time>2025-03-12T23:26:27Z</time><extensions><speed>1.284149</speed><course>132.229849</course><hAcc>1.475776</hAcc><vAcc>0.857100</vAcc></extensions></trkpt>
      <trkpt lon="-117.326973" lat="33.976781"><ele>324.350167</ele><time>2025-03-12T23:26:28Z</time><extensions><speed>1.321215</speed><course>142.579229</course><hAcc>1.439061</hAcc><vAcc>0.869318</vAcc></extensions></trkpt>
      <trkpt lon="-117.326964" lat="33.976771"><ele>324.401776</ele><time>2025-03-12T23:26:29Z</time><extensions><speed>1.408346</speed><course>147.729431</course><hAcc>1.428745</hAcc><vAcc>0.882819</vAcc></extensions></trkpt>
      <trkpt lon="-117.326956" lat="33.976760"><ele>324.442962</ele><time>2025-03-12T23:26:30Z</time><extensions><speed>1.323697</speed><course>144.632610</course><hAcc>1.448367</hAcc><vAcc>0.894409</vAcc></extensions></trkpt>
      <trkpt lon="-117.326946" lat="33.976751"><ele>324.484556</ele><time>2025-03-12T23:26:31Z</time><extensions><speed>1.410666</speed><course>141.010899</course><hAcc>1.414800</hAcc><vAcc>0.905343</vAcc></extensions></trkpt>
      <trkpt lon="-117.326936" lat="33.976741"><ele>324.506065</ele><time>2025-03-12T23:26:32Z</time><extensions><speed>1.490864</speed><course>137.669368</course><hAcc>1.402387</hAcc><vAcc>0.915762</vAcc></extensions></trkpt>
      <trkpt lon="-117.326925" lat="33.976731"><ele>324.507065</ele><time>2025-03-12T23:26:33Z</time><extensions><speed>1.526296</speed><course>135.166266</course><hAcc>1.414111</hAcc><vAcc>0.924794</vAcc></extensions></trkpt>
      <trkpt lon="-117.326913" lat="33.976721"><ele>324.506335</ele><time>2025-03-12T23:26:34Z</time><extensions><speed>1.499171</speed><course>135.709718</course><hAcc>1.428591</hAcc><vAcc>0.932860</vAcc></extensions></trkpt>
      <trkpt lon="-117.326902" lat="33.976712"><ele>324.499603</ele><time>2025-03-12T23:26:35Z</time><extensions><speed>1.382084</speed><course>135.338285</course><hAcc>1.456968</hAcc><vAcc>0.940597</vAcc></extensions></trkpt>
      <trkpt lon="-117.326892" lat="33.976703"><ele>324.480402</ele><time>2025-03-12T23:26:36Z</time><extensions><speed>1.298490</speed><course>138.174190</course><hAcc>1.455149</hAcc><vAcc>0.947031</vAcc></extensions></trkpt>
      <trkpt lon="-117.326882" lat="33.976693"><ele>324.480938</ele><time>2025-03-12T23:26:37Z</time><extensions><speed>1.394668</speed><course>141.359755</course><hAcc>1.438421</hAcc><vAcc>0.951600</vAcc></extensions></trkpt>
      <trkpt lon="-117.326872" lat="33.976683"><ele>324.448788</ele><time>2025-03-12T23:26:38Z</time><extensions><speed>1.551285</speed><course>139.470961</course><hAcc>1.434961</hAcc><vAcc>0.955552</vAcc></extensions></trkpt>
      <trkpt lon="-117.326861" lat="33.976673"><ele>324.435854</ele><time>2025-03-12T23:26:39Z</time><extensions><speed>1.470630</speed><course>137.917811</course><hAcc>1.456107</hAcc><vAcc>0.958546</vAcc></extensions></trkpt>
      <trkpt lon="-117.326850" lat="33.976663"><ele>324.401019</ele><time>2025-03-12T23:26:40Z</time><extensions><speed>1.442973</speed><course>135.172306</course><hAcc>1.452722</hAcc><vAcc>0.960197</vAcc></extensions></trkpt>
      <trkpt lon="-117.326839" lat="33.976655"><ele>324.344600</ele><time>2025-03-12T23:26:41Z</time><extensions><speed>1.366978</speed><course>132.493732</course><hAcc>1.464765</hAcc><vAcc>0.959942</vAcc></extensions></trkpt>
      <trkpt lon="-117.326829" lat="33.976646"><ele>324.273050</ele><time>2025-03-12T23:26:42Z</time><extensions><speed>1.320507</speed><course>131.864341</course><hAcc>1.481713</hAcc><vAcc>0.958565</vAcc></extensions></trkpt>
      <trkpt lon="-117.326818" lat="33.976638"><ele>324.225728</ele><time>2025-03-12T23:26:43Z</time><extensions><speed>1.384461</speed><course>129.541967</course><hAcc>1.472198</hAcc><vAcc>0.956761</vAcc></extensions></trkpt>
      <trkpt lon="-117.326806" lat="33.976630"><ele>324.200938</ele><time>2025-03-12T23:26:44Z</time><extensions><speed>1.368057</speed><course>128.710801</course><hAcc>1.474534</hAcc><vAcc>0.956117</vAcc></extensions></trkpt>
      <trkpt lon="-117.326795" lat="33.976623"><ele>324.141413</ele><time>2025-03-12T23:26:45Z</time><extensions><speed>1.365211</speed><course>129.264785</course><hAcc>1.482668</hAcc><vAcc>0.954950</vAcc></extensions></trkpt>
      <trkpt lon="-117.326784" lat="33.976615"><ele>324.117068</ele><time>2025-03-12T23:26:46Z</time><extensions><speed>1.303042</speed><course>130.836738</course><hAcc>1.483880</hAcc><vAcc>0.953972</vAcc></extensions></trkpt>
      <trkpt lon="-117.326774" lat="33.976607"><ele>324.066644</ele><time>2025-03-12T23:26:47Z</time><extensions><speed>1.156336</speed><course>134.224663</course><hAcc>1.477954</hAcc><vAcc>0.953963</vAcc></extensions></trkpt>
      <trkpt lon="-117.326766" lat="33.976600"><ele>323.989165</ele><time>2025-03-12T23:26:48Z</time><extensions><speed>1.096698</speed><course>138.448332</course><hAcc>1.487306</hAcc><vAcc>0.952951</vAcc></extensions></trkpt>
      <trkpt lon="-117.326758" lat="33.976592"><ele>323.936946</ele><time>2025-03-12T23:26:49Z</time><extensions><speed>1.132070</speed><course>140.727094</course><hAcc>1.502854</hAcc><vAcc>0.951783</vAcc></extensions></trkpt>
      <trkpt lon="-117.326750" lat="33.976584"><ele>323.890052</ele><time>2025-03-12T23:26:50Z</time><extensions><speed>1.201153</speed><course>145.435297</course><hAcc>1.494662</hAcc><vAcc>0.949934</vAcc></extensions></trkpt>
      <trkpt lon="-117.326744" lat="33.976574"><ele>323.849745</ele><time>2025-03-12T23:26:51Z</time><extensions><speed>1.269914</speed><course>154.527680</course><hAcc>1.464343</hAcc><vAcc>0.949938</vAcc></extensions></trkpt>
      <trkpt lon="-117.326738" lat="33.976563"><ele>323.784684</ele><time>2025-03-12T23:26:52Z</time><extensions><speed>1.405009</speed><course>161.601630</course><hAcc>1.466268</hAcc><vAcc>0.948551</vAcc></extensions></trkpt>
      <trkpt lon="-117.326734" lat="33.976550"><ele>323.725485</ele><time>2025-03-12T23:26:53Z</time><extensions><speed>1.526858</speed><course>166.227375</course><hAcc>1.494151</hAcc><vAcc>0.947715</vAcc></extensions></trkpt>
      <trkpt lon="-117.326731" lat="33.976538"><ele>323.666429</ele><time>2025-03-12T23:26:54Z</time><extensions><speed>1.343134</speed><course>170.843308</course><hAcc>1.516815</hAcc><vAcc>0.948729</vAcc></extensions></trkpt>
      <trkpt lon="-117.326729" lat="33.976526"><ele>323.627868</ele><time>2025-03-12T23:26:55Z</time><extensions><speed>1.258105</speed><course>175.640588</course><hAcc>1.500586</hAcc><vAcc>0.950097</vAcc></extensions></trkpt>
      <trkpt lon="-117.326728" lat="33.976515"><ele>323.582986</ele><time>2025-03-12T23:26:56Z</time><extensions><speed>1.079179</speed><course>175.375020</course><hAcc>1.517391</hAcc><vAcc>0.952604</vAcc></extensions></trkpt>
      <trkpt lon="-117.326726" lat="33.976506"><ele>323.536112</ele><time>2025-03-12T23:26:57Z</time><extensions><speed>0.996974</speed><course>174.202744</course><hAcc>1.556934</hAcc><vAcc>0.955725</vAcc></extensions></trkpt>
      <trkpt lon="-117.326726" lat="33.976496"><ele>323.487224</ele><time>2025-03-12T23:26:58Z</time><extensions><speed>1.129184</speed><course>182.526461</course><hAcc>1.536020</hAcc><vAcc>0.959242</vAcc></extensions></trkpt>
      <trkpt lon="-117.326727" lat="33.976485"><ele>323.438116</ele><time>2025-03-12T23:26:59Z</time><extensions><speed>1.315783</speed><course>184.438883</course><hAcc>1.564296</hAcc><vAcc>0.964436</vAcc></extensions></trkpt>
      <trkpt lon="-117.326727" lat="33.976472"><ele>323.389870</ele><time>2025-03-12T23:27:00Z</time><extensions><speed>1.368891</speed><course>180.000173</course><hAcc>1.573221</hAcc><vAcc>0.970160</vAcc></extensions></trkpt>
      <trkpt lon="-117.326726" lat="33.976460"><ele>323.346129</ele><time>2025-03-12T23:27:01Z</time><extensions><speed>1.295247</speed><course>175.401998</course><hAcc>1.581156</hAcc><vAcc>0.977011</vAcc></extensions></trkpt>
      <trkpt lon="-117.326725" lat="33.976449"><ele>323.223255</ele><time>2025-03-12T23:27:02Z</time><extensions><speed>1.245127</speed><course>171.920312</course><hAcc>1.591826</hAcc><vAcc>0.982806</vAcc></extensions></trkpt>
      <trkpt lon="-117.326723" lat="33.976438"><ele>323.090947</ele><time>2025-03-12T23:27:03Z</time><extensions><speed>1.186714</speed><course>172.512019</course><hAcc>1.603944</hAcc><vAcc>0.988426</vAcc></extensions></trkpt>
      <trkpt lon="-117.326722" lat="33.976427"><ele>322.952759</ele><time>2025-03-12T23:27:04Z</time><extensions><speed>1.192416</speed><course>174.804756</course><hAcc>1.623546</hAcc><vAcc>0.996628</vAcc></extensions></trkpt>
      <trkpt lon="-117.326721" lat="33.976415"><ele>322.813377</ele><time>2025-03-12T23:27:05Z</time><extensions><speed>1.332694</speed><course>174.695158</course><hAcc>1.603852</hAcc><vAcc>1.004661</vAcc></extensions></trkpt>
      <trkpt lon="-117.326720" lat="33.976403"><ele>322.657277</ele><time>2025-03-12T23:27:06Z</time><extensions><speed>1.316190</speed><course>178.665811</course><hAcc>1.631804</hAcc><vAcc>1.011685</vAcc></extensions></trkpt>
      <trkpt lon="-117.326719" lat="33.976391"><ele>322.498569</ele><time>2025-03-12T23:27:07Z</time><extensions><speed>1.449336</speed><course>179.158168</course><hAcc>1.621678</hAcc><vAcc>1.019064</vAcc></extensions></trkpt>
      <trkpt lon="-117.326719" lat="33.976377"><ele>322.348881</ele><time>2025-03-12T23:27:08Z</time><extensions><speed>1.508981</speed><course>178.138412</course><hAcc>1.621130</hAcc><vAcc>1.025860</vAcc></extensions></trkpt>
      <trkpt lon="-117.326718" lat="33.976364"><ele>322.195999</ele><time>2025-03-12T23:27:09Z</time><extensions><speed>1.426990</speed><course>177.889481</course><hAcc>1.650397</hAcc><vAcc>1.032662</vAcc></extensions></trkpt>
      <trkpt lon="-117.326718" lat="33.976351"><ele>322.052397</ele><time>2025-03-12T23:27:10Z</time><extensions><speed>1.334328</speed><course>177.816091</course><hAcc>1.661049</hAcc><vAcc>1.038780</vAcc></extensions></trkpt>
      <trkpt lon="-117.326717" lat="33.976339"><ele>321.894452</ele><time>2025-03-12T23:27:11Z</time><extensions><speed>1.181828</speed><course>178.752033</course><hAcc>1.689463</hAcc><vAcc>1.044910</vAcc></extensions></trkpt>
      <trkpt lon="-117.326718" lat="33.976330"><ele>321.737821</ele><time>2025-03-12T23:27:12Z</time><extensions><speed>1.002229</speed><course>186.441585</course><hAcc>1.715219</hAcc><vAcc>1.049855</vAcc></extensions></trkpt>
      <trkpt lon="-117.326719" lat="33.976320"><ele>321.580620</ele><time>2025-03-12T23:27:13Z</time><extensions><speed>1.155898</speed><course>187.918776</course><hAcc>1.712865</hAcc><vAcc>1.056296</vAcc></extensions></trkpt>
      <trkpt lon="-117.326720" lat="33.976309"><ele>321.412623</ele><time>2025-03-12T23:27:14Z</time><extensions><speed>1.123002</speed><course>186.183446</course><hAcc>1.724069</hAcc><vAcc>1.061164</vAcc></extensions></trkpt>
      <trkpt lon="-117.326721" lat="33.976299"><ele>321.208619</ele><time>2025-03-12T23:27:15Z</time><extensions><speed>1.219313</speed><course>183.446762</course><hAcc>1.745391</hAcc><vAcc>1.065627</vAcc></extensions></trkpt>
      <trkpt lon="-117.326722" lat="33.976287"><ele>321.016576</ele><time>2025-03-12T23:27:16Z</time><extensions><speed>1.368122</speed><course>181.109427</course><hAcc>1.763180</hAcc><vAcc>1.070244</vAcc></extensions></trkpt>
      <trkpt lon="-117.326722" lat="33.976274"><ele>320.823547</ele><time>2025-03-12T23:27:17Z</time><extensions><speed>1.439140</speed><course>180.187917</course><hAcc>1.784995</hAcc><vAcc>1.075396</vAcc></extensions></trkpt>
      <trkpt lon="-117.326722" lat="33.976260"><ele>320.668394</ele><time>2025-03-12T23:27:18Z</time><extensions><speed>1.474483</speed><course>179.972044</course><hAcc>1.780441</hAcc><vAcc>1.079393</vAcc></extensions></trkpt>
      <trkpt lon="-117.326722" lat="33.976247"><ele>320.526789</ele><time>2025-03-12T23:27:19Z</time><extensions><speed>1.412849</speed><course>180.799979</course><hAcc>1.777870</hAcc><vAcc>1.082249</vAcc></extensions></trkpt>
      <trkpt lon="-117.326722" lat="33.976234"><ele>320.376537</ele><time>2025-03-12T23:27:20Z</time><extensions><speed>1.403179</speed><course>181.274823</course><hAcc>1.761240</hAcc><vAcc>1.086400</vAcc></extensions></trkpt>
      <trkpt lon="-117.326723" lat="33.976221"><ele>320.261289</ele><time>2025-03-12T23:27:21Z</time><extensions><speed>1.330658</speed><course>180.969866</course><hAcc>1.757446</hAcc><vAcc>1.091219</vAcc></extensions></trkpt>
      <trkpt lon="-117.326723" lat="33.976209"><ele>320.165703</ele><time>2025-03-12T23:27:22Z</time><extensions><speed>1.247477</speed><course>180.924451</course><hAcc>1.762204</hAcc><vAcc>1.095603</vAcc></extensions></trkpt>
      <trkpt lon="-117.326723" lat="33.976198"><ele>320.078346</ele><time>2025-03-12T23:27:23Z</time><extensions><speed>1.312504</speed><course>181.889978</course><hAcc>1.771244</hAcc><vAcc>1.101744</vAcc></extensions></trkpt>
      <trkpt lon="-117.326723" lat="33.976185"><ele>319.989409</ele><time>2025-03-12T23:27:24Z</time><extensions><speed>1.444827</speed><course>182.926068</course><hAcc>1.736875</hAcc><vAcc>1.109560</vAcc></extensions></trkpt>
      <trkpt lon="-117.326724" lat="33.976172"><ele>319.922591</ele><time>2025-03-12T23:27:25Z</time><extensions><speed>1.487975</speed><course>183.766830</course><hAcc>1.733536</hAcc><vAcc>1.117597</vAcc></extensions></trkpt>
      <trkpt lon="-117.326725" lat="33.976159"><ele>319.922365</ele><time>2025-03-12T23:27:26Z</time><extensions><speed>1.380345</speed><course>181.798110</course><hAcc>1.758154</hAcc><vAcc>1.124856</vAcc></extensions></trkpt>
      <trkpt lon="-117.326725" lat="33.976146"><ele>319.933039</ele><time>2025-03-12T23:27:27Z</time><extensions><speed>1.433699</speed><course>176.797040</course><hAcc>1.723146</hAcc><vAcc>1.133576</vAcc></extensions></trkpt>
      <trkpt lon="-117.326723" lat="33.976133"><ele>319.954711</ele><time>2025-03-12T23:27:28Z</time><extensions><speed>1.370715</speed><course>174.264241</course><hAcc>1.709491</hAcc><vAcc>1.141679</vAcc></extensions></trkpt>
      <trkpt lon="-117.326721" lat="33.976121"><ele>320.028686</ele><time>2025-03-12T23:27:29Z</time><extensions><speed>1.318293</speed><course>173.761142</course><hAcc>1.708282</hAcc><vAcc>1.147866</vAcc></extensions></trkpt>
      <trkpt lon="-117.326720" lat="33.976109"><ele>320.106812</ele><time>2025-03-12T23:27:30Z</time><extensions><speed>1.283358</speed><course>176.431801</course><hAcc>1.717297</hAcc><vAcc>1.152425</vAcc></extensions></trkpt>
      <trkpt lon="-117.326719" lat="33.976097"><ele>320.212886</ele><time>2025-03-12T23:27:31Z</time><extensions><speed>1.389500</speed><course>179.515943</course><hAcc>1.700146</hAcc><vAcc>1.158021</vAcc></extensions></trkpt>
      <trkpt lon="-117.326719" lat="33.976084"><ele>320.311178</ele><time>2025-03-12T23:27:32Z</time><extensions><speed>1.467877</speed><course>181.090008</course><hAcc>1.680119</hAcc><vAcc>1.166327</vAcc></extensions></trkpt>
      <trkpt lon="-117.326719" lat="33.976070"><ele>320.465137</ele><time>2025-03-12T23:27:33Z</time><extensions><speed>1.512140</speed><course>184.157274</course><hAcc>1.681292</hAcc><vAcc>1.173481</vAcc></extensions></trkpt>
      <trkpt lon="-117.326721" lat="33.976057"><ele>320.633189</ele><time>2025-03-12T23:27:34Z</time><extensions><speed>1.380971</speed><course>186.403747</course><hAcc>1.690134</hAcc><vAcc>1.179186</vAcc></extensions></trkpt>
      <trkpt lon="-117.326722" lat="33.976045"><ele>320.784014</ele><time>2025-03-12T23:27:35Z</time><extensions><speed>1.402635</speed><course>185.034676</course><hAcc>1.688450</hAcc><vAcc>1.181604</vAcc></extensions></trkpt>
      <trkpt lon="-117.326723" lat="33.976033"><ele>320.938951</ele><time>2025-03-12T23:27:36Z</time><extensions><speed>1.277460</speed><course>183.174253</course><hAcc>1.679704</hAcc><vAcc>1.181286</vAcc></extensions></trkpt>
      <trkpt lon="-117.326723" lat="33.976022"><ele>321.096715</ele><time>2025-03-12T23:27:37Z</time><extensions><speed>1.131989</speed><course>179.595212</course><hAcc>1.700859</hAcc><vAcc>1.178350</vAcc></extensions></trkpt>
      <trkpt lon="-117.326722" lat="33.976011"><ele>321.264443</ele><time>2025-03-12T23:27:38Z</time><extensions><speed>1.243632</speed><course>172.795351</course><hAcc>1.689541</hAcc><vAcc>1.171931</vAcc></extensions></trkpt>
      <trkpt lon="-117.326719" lat="33.976001"><ele>321.422479</ele><time>2025-03-12T23:27:39Z</time><extensions><speed>1.225805</speed><course>167.618663</course><hAcc>1.680332</hAcc><vAcc>1.168470</vAcc></extensions></trkpt>
      <trkpt lon="-117.326716" lat="33.975990"><ele>321.555204</ele><time>2025-03-12T23:27:40Z</time><extensions><speed>1.171006</speed><course>163.242474</course><hAcc>1.673283</hAcc><vAcc>1.165144</vAcc></extensions></trkpt>
      <trkpt lon="-117.326713" lat="33.975981"><ele>321.668065</ele><time>2025-03-12T23:27:41Z</time><extensions><speed>1.136293</speed><course>163.834666</course><hAcc>1.681126</hAcc><vAcc>1.161061</vAcc></extensions></trkpt>
      <trkpt lon="-117.326709" lat="33.975971"><ele>321.778103</ele><time>2025-03-12T23:27:42Z</time><extensions><speed>1.090896</speed><course>164.591759</course><hAcc>1.707028</hAcc><vAcc>1.156987</vAcc></extensions></trkpt>
      <trkpt lon="-117.326706" lat="33.975962"><ele>321.867976</ele><time>2025-03-12T23:27:43Z</time><extensions><speed>1.096490</speed><course>159.548573</course><hAcc>1.705814</hAcc><vAcc>1.152946</vAcc></extensions></trkpt>
      <trkpt lon="-117.326701" lat="33.975953"><ele>321.946503</ele><time>2025-03-12T23:27:44Z</time><extensions><speed>1.188594</speed><course>149.870817</course><hAcc>1.681420</hAcc><vAcc>1.148442</vAcc></extensions></trkpt>
      <trkpt lon="-117.326694" lat="33.975944"><ele>322.020717</ele><time>2025-03-12T23:27:45Z</time><extensions><speed>1.174353</speed><course>138.686232</course><hAcc>1.667964</hAcc><vAcc>1.143367</vAcc></extensions></trkpt>
      <trkpt lon="-117.326685" lat="33.975937"><ele>322.089278</ele><time>2025-03-12T23:27:46Z</time><extensions><speed>1.112475</speed><course>125.408589</course><hAcc>1.670987</hAcc><vAcc>1.136613</vAcc></extensions></trkpt>
      <trkpt lon="-117.326675" lat="33.975932"><ele>322.162869</ele><time>2025-03-12T23:27:47Z</time><extensions><speed>1.003100</speed><course>116.156159</course><hAcc>1.666913</hAcc><vAcc>1.127891</vAcc></extensions></trkpt>
      <trkpt lon="-117.326666" lat="33.975928"><ele>322.218324</ele><time>2025-03-12T23:27:48Z</time><extensions><speed>0.861090</speed><course>108.469243</course><hAcc>1.657519</hAcc><vAcc>1.119375</vAcc></extensions></trkpt>
      <trkpt lon="-117.326656" lat="33.975926"><ele>322.251028</ele><time>2025-03-12T23:27:49Z</time><extensions><speed>0.926506</speed><course>102.029388</course><hAcc>1.662520</hAcc><vAcc>1.114125</vAcc></extensions></trkpt>
      <trkpt lon="-117.326645" lat="33.975924"><ele>322.274639</ele><time>2025-03-12T23:27:50Z</time><extensions><speed>0.969515</speed><course>100.508701</course><hAcc>1.642435</hAcc><vAcc>1.110877</vAcc></extensions></trkpt>
      <trkpt lon="-117.326633" lat="33.975921"><ele>322.285356</ele><time>2025-03-12T23:27:51Z</time><extensions><speed>1.255104</speed><course>100.694838</course><hAcc>1.637591</hAcc><vAcc>1.109763</vAcc></extensions></trkpt>
      <trkpt lon="-117.326620" lat="33.975919"><ele>322.292069</ele><time>2025-03-12T23:27:52Z</time><extensions><speed>1.220084</speed><course>105.584307</course><hAcc>1.645302</hAcc><vAcc>1.110362</vAcc></extensions></trkpt>
      <trkpt lon="-117.326608" lat="33.975915"><ele>322.302368</ele><time>2025-03-12T23:27:53Z</time><extensions><speed>1.119899</speed><course>120.206820</course><hAcc>1.650040</hAcc><vAcc>1.110588</vAcc></extensions></trkpt>
      <trkpt lon="-117.326599" lat="33.975908"><ele>322.298892</ele><time>2025-03-12T23:27:54Z</time><extensions><speed>1.093950</speed><course>140.357722</course><hAcc>1.660190</hAcc><vAcc>1.111671</vAcc></extensions></trkpt>
      <trkpt lon="-117.326591" lat="33.975899"><ele>322.310359</ele><time>2025-03-12T23:27:55Z</time><extensions><speed>1.292090</speed><course>152.073428</course><hAcc>1.647926</hAcc><vAcc>1.113250</vAcc></extensions></trkpt>
      <trkpt lon="-117.326584" lat="33.975888"><ele>322.279640</ele><time>2025-03-12T23:27:56Z</time><extensions><speed>1.493582</speed><course>154.724118</course><hAcc>1.658302</hAcc><vAcc>1.117812</vAcc></extensions></trkpt>
      <trkpt lon="-117.326577" lat="33.975876"><ele>322.273100</ele><time>2025-03-12T23:27:57Z</time><extensions><speed>1.526117</speed><course>153.478438</course><hAcc>1.687622</hAcc><vAcc>1.124335</vAcc></extensions></trkpt>
      <trkpt lon="-117.326569" lat="33.975864"><ele>322.247118</ele><time>2025-03-12T23:27:58Z</time><extensions><speed>1.473664</speed><course>148.264774</course><hAcc>1.731587</hAcc><vAcc>1.130877</vAcc></extensions></trkpt>
      <trkpt lon="-117.326560" lat="33.975853"><ele>322.222123</ele><time>2025-03-12T23:27:59Z</time><extensions><speed>1.432374</speed><course>143.973884</course><hAcc>1.777211</hAcc><vAcc>1.140069</vAcc></extensions></trkpt>
      <trkpt lon="-117.326551" lat="33.975843"><ele>322.168574</ele><time>2025-03-12T23:28:00Z</time><extensions><speed>1.297910</speed><course>141.863595</course><hAcc>1.809451</hAcc><vAcc>1.152256</vAcc></extensions></trkpt>
      <trkpt lon="-117.326542" lat="33.975834"><ele>322.134205</ele><time>2025-03-12T23:28:01Z</time><extensions><speed>1.227447</speed><course>140.142015</course><hAcc>1.827661</hAcc><vAcc>1.163950</vAcc></extensions></trkpt>
      <trkpt lon="-117.326534" lat="33.975825"><ele>322.118637</ele><time>2025-03-12T23:28:02Z</time><extensions><speed>1.123446</speed><course>141.177457</course><hAcc>1.855073</hAcc><vAcc>1.173952</vAcc></extensions></trkpt>
      <trkpt lon="-117.326526" lat="33.975818"><ele>322.118949</ele><time>2025-03-12T23:28:03Z</time><extensions><speed>1.101017</speed><course>140.429505</course><hAcc>1.870420</hAcc><vAcc>1.183211</vAcc></extensions></trkpt>
      <trkpt lon="-117.326518" lat="33.975810"><ele>322.128916</ele><time>2025-03-12T23:28:04Z</time><extensions><speed>1.029546</speed><course>134.941771</course><hAcc>1.864057</hAcc><vAcc>1.192854</vAcc></extensions></trkpt>
      <trkpt lon="-117.326510" lat="33.975804"><ele>322.172384</ele><time>2025-03-12T23:28:05Z</time><extensions><speed>1.058468</speed><course>134.827562</course><hAcc>1.868055</hAcc><vAcc>1.202298</vAcc></extensions></trkpt>
      <trkpt lon="-117.326502" lat="33.975797"><ele>322.205689</ele><time>2025-03-12T23:28:06Z</time><extensions><speed>1.086956</speed><course>139.053506</course><hAcc>1.902307</hAcc><vAcc>1.207981</vAcc></extensions></trkpt>
      <trkpt lon="-117.326494" lat="33.975788"><ele>322.256308</ele><time>2025-03-12T23:28:07Z</time><extensions><speed>1.291937</speed><course>147.803757</course><hAcc>1.927273</hAcc><vAcc>1.217771</vAcc></extensions></trkpt>
      <trkpt lon="-117.326487" lat="33.975777"><ele>322.308536</ele><time>2025-03-12T23:28:08Z</time><extensions><speed>1.418821</speed><course>158.927875</course><hAcc>1.891964</hAcc><vAcc>1.226054</vAcc></extensions></trkpt>
      <trkpt lon="-117.326483" lat="33.975764"><ele>322.367462</ele><time>2025-03-12T23:28:09Z</time><extensions><speed>1.442237</speed><course>166.411102</course><hAcc>1.876556</hAcc><vAcc>1.234999</vAcc></extensions></trkpt>
      <trkpt lon="-117.326479" lat="33.975752"><ele>322.440674</ele><time>2025-03-12T23:28:10Z</time><extensions><speed>1.356441</speed><course>169.672024</course><hAcc>1.882342</hAcc><vAcc>1.242170</vAcc></extensions></trkpt>
      <trkpt lon="-117.326476" lat="33.975740"><ele>322.570889</ele><time>2025-03-12T23:28:11Z</time><extensions><speed>1.315794</speed><course>172.419838</course><hAcc>1.912681</hAcc><vAcc>1.245933</vAcc></extensions></trkpt>
      <trkpt lon="-117.326474" lat="33.975729"><ele>322.712013</ele><time>2025-03-12T23:28:12Z</time><extensions><speed>1.125145</speed><course>172.364670</course><hAcc>1.931152</hAcc><vAcc>1.248704</vAcc></extensions></trkpt>
      <trkpt lon="-117.326472" lat="33.975720"><ele>322.862896</ele><time>2025-03-12T23:28:13Z</time><extensions><speed>0.975418</speed><course>165.040313</course><hAcc>1.929459</hAcc><vAcc>1.251402</vAcc></extensions></trkpt>
      <trkpt lon="-117.326468" lat="33.975712"><ele>323.045218</ele><time>2025-03-12T23:28:14Z</time><extensions><speed>0.913492</speed><course>154.472569</course><hAcc>1.914249</hAcc><vAcc>1.253452</vAcc></extensions></trkpt>
      <trkpt lon="-117.326463" lat="33.975704"><ele>323.232447</ele><time>2025-03-12T23:28:15Z</time><extensions><speed>1.015930</speed><course>152.442319</course><hAcc>1.908620</hAcc><vAcc>1.254685</vAcc></extensions></trkpt>
      <trkpt lon="-117.326457" lat="33.975695"><ele>323.408434</ele><time>2025-03-12T23:28:16Z</time><extensions><speed>1.245198</speed><course>158.561959</course><hAcc>1.938629</hAcc><vAcc>1.252300</vAcc></extensions></trkpt>
      <trkpt lon="-117.326452" lat="33.975684"><ele>323.562462</ele><time>2025-03-12T23:28:17Z</time><extensions><speed>1.320931</speed><course>163.706484</course><hAcc>1.971171</hAcc><vAcc>1.250638</vAcc></extensions></trkpt>
      <trkpt lon="-117.326448" lat="33.975672"><ele>323.706038</ele><time>2025-03-12T23:28:18Z</time><extensions><speed>1.385190</speed><course>163.251067</course><hAcc>1.977836</hAcc><vAcc>1.251977</vAcc></extensions></trkpt>
      <trkpt lon="-117.326444" lat="33.975661"><ele>323.852150</ele><time>2025-03-12T23:28:19Z</time><extensions><speed>1.276124</speed><course>164.506891</course><hAcc>2.002043</hAcc><vAcc>1.253362</vAcc></extensions></trkpt>
      <trkpt lon="-117.326440" lat="33.975650"><ele>323.968190</ele><time>2025-03-12T23:28:20Z</time><extensions><speed>1.151014</speed><course>161.836540</course><hAcc>1.988427</hAcc><vAcc>1.253338</vAcc></extensions></trkpt>
      <trkpt lon="-117.326435" lat="33.975641"><ele>324.107163</ele><time>2025-03-12T23:28:21Z</time><extensions><speed>0.977614</speed><course>153.525117</course><hAcc>1.968400</hAcc><vAcc>1.251890</vAcc></extensions></trkpt>
      <trkpt lon="-117.326430" lat="33.975634"><ele>324.204559</ele><time>2025-03-12T23:28:22Z</time><extensions><speed>0.859730</speed><course>144.865275</course><hAcc>1.974269</hAcc><vAcc>1.250703</vAcc></extensions></trkpt>
      <trkpt lon="-117.326424" lat="33.975629"><ele>324.325159</ele><time>2025-03-12T23:28:23Z</time><extensions><speed>0.805560</speed><course>142.154117</course><hAcc>2.004466</hAcc><vAcc>1.247638</vAcc></extensions></trkpt>
      <trkpt lon="-117.326419" lat="33.975623"><ele>324.416578</ele><time>2025-03-12T23:28:24Z</time><extensions><speed>0.845276</speed><course>145.301953</course><hAcc>2.035350</hAcc><vAcc>1.243656</vAcc></extensions></trkpt>
      <trkpt lon="-117.326414" lat="33.975616"><ele>324.512522</ele><time>2025-03-12T23:28:25Z</time><extensions><speed>0.856772</speed><course>149.367749</course><hAcc>2.057223</hAcc><vAcc>1.239434</vAcc></extensions></trkpt>
      <trkpt lon="-117.326410" lat="33.975610"><ele>324.607189</ele><time>2025-03-12T23:28:26Z</time><extensions><speed>0.803358</speed><course>146.491849</course><hAcc>2.042087</hAcc><vAcc>1.234071</vAcc></extensions></trkpt>
      <trkpt lon="-117.326405" lat="33.975603"><ele>324.681124</ele><time>2025-03-12T23:28:27Z</time><extensions><speed>0.792184</speed><course>146.241666</course><hAcc>2.044680</hAcc><vAcc>1.227601</vAcc></extensions></trkpt>
      <trkpt lon="-117.326400" lat="33.975597"><ele>324.758277</ele><time>2025-03-12T23:28:28Z</time><extensions><speed>0.866788</speed><course>149.961405</course><hAcc>2.069830</hAcc><vAcc>1.216869</vAcc></extensions></trkpt>
      <trkpt lon="-117.326395" lat="33.975589"><ele>324.754943</ele><time>2025-03-12T23:28:29Z</time><extensions><speed>0.987631</speed><course>153.842598</course><hAcc>2.103302</hAcc><vAcc>1.204448</vAcc></extensions></trkpt>
      <trkpt lon="-117.326391" lat="33.975582"><ele>324.818643</ele><time>2025-03-12T23:28:30Z</time><extensions><speed>0.818099</speed><course>147.995374</course><hAcc>2.100389</hAcc><vAcc>1.196675</vAcc></extensions></trkpt>
      <trkpt lon="-117.326386" lat="33.975577"><ele>324.833995</ele><time>2025-03-12T23:28:31Z</time><extensions><speed>0.570915</speed><course>140.292274</course><hAcc>2.109699</hAcc><vAcc>1.186375</vAcc></extensions></trkpt>
      <trkpt lon="-117.326383" lat="33.975573"><ele>324.866207</ele><time>2025-03-12T23:28:32Z</time><extensions><speed>0.365275</speed><course>137.004597</course><hAcc>2.126044</hAcc><vAcc>1.173258</vAcc></extensions></trkpt>
      <trkpt lon="-117.326381" lat="33.975571"><ele>324.785593</ele><time>2025-03-12T23:28:33Z</time><extensions><speed>0.274552</speed><course>152.490825</course><hAcc>2.144965</hAcc><vAcc>1.156605</vAcc></extensions></trkpt>
      <trkpt lon="-117.326380" lat="33.975568"><ele>324.842876</ele><time>2025-03-12T23:28:34Z</time><extensions><speed>0.297017</speed><course>168.303530</course><hAcc>2.171631</hAcc><vAcc>1.135541</vAcc></extensions></trkpt>
      <trkpt lon="-117.326379" lat="33.975565"><ele>324.824958</ele><time>2025-03-12T23:28:35Z</time><extensions><speed>0.347827</speed><course>174.566621</course><hAcc>2.205472</hAcc><vAcc>1.109649</vAcc></extensions></trkpt>
      <trkpt lon="-117.326379" lat="33.975562"><ele>324.848879</ele><time>2025-03-12T23:28:36Z</time><extensions><speed>0.387681</speed><course>174.782813</course><hAcc>2.238342</hAcc><vAcc>1.084945</vAcc></extensions></trkpt>
      <trkpt lon="-117.326379" lat="33.975559"><ele>324.848921</ele><time>2025-03-12T23:28:37Z</time><extensions><speed>0.402350</speed><course>171.400247</course><hAcc>2.266322</hAcc><vAcc>1.060330</vAcc></extensions></trkpt>
      <trkpt lon="-117.326377" lat="33.975555"><ele>324.863391</ele><time>2025-03-12T23:28:38Z</time><extensions><speed>0.394079</speed><course>163.778301</course><hAcc>2.295123</hAcc><vAcc>1.035314</vAcc></extensions></trkpt>
      <trkpt lon="-117.326376" lat="33.975552"><ele>324.857993</ele><time>2025-03-12T23:28:39Z</time><extensions><speed>0.322019</speed><course>165.516383</course><hAcc>2.332542</hAcc><vAcc>1.009714</vAcc></extensions></trkpt>
      <trkpt lon="-117.326375" lat="33.975550"><ele>324.855336</ele><time>2025-03-12T23:28:40Z</time><extensions><speed>0.266561</speed><course>156.676061</course><hAcc>2.358160</hAcc><vAcc>0.983513</vAcc></extensions></trkpt>
      <trkpt lon="-117.326374" lat="33.975548"><ele>324.849266</ele><time>2025-03-12T23:28:41Z</time><extensions><speed>0.239885</speed><course>133.249932</course><hAcc>2.375811</hAcc><vAcc>0.956840</vAcc></extensions></trkpt>
      <trkpt lon="-117.326371" lat="33.975546"><ele>324.839095</ele><time>2025-03-12T23:28:42Z</time><extensions><speed>0.341384</speed><course>101.113632</course><hAcc>2.389206</hAcc><vAcc>0.930024</vAcc></extensions></trkpt>
      <trkpt lon="-117.326366" lat="33.975545"><ele>324.826131</ele><time>2025-03-12T23:28:43Z</time><extensions><speed>0.500962</speed><course>93.458717</course><hAcc>2.423124</hAcc><vAcc>0.903606</vAcc></extensions></trkpt>
      <trkpt lon="-117.326361" lat="33.975544"><ele>324.806752</ele><time>2025-03-12T23:28:44Z</time><extensions><speed>0.500165</speed><course>106.834603</course><hAcc>2.437522</hAcc><vAcc>0.878288</vAcc></extensions></trkpt>
      <trkpt lon="-117.326356" lat="33.975542"><ele>324.779229</ele><time>2025-03-12T23:28:45Z</time><extensions><speed>0.573153</speed><course>122.614008</course><hAcc>2.428328</hAcc><vAcc>0.854836</vAcc></extensions></trkpt>
      <trkpt lon="-117.326351" lat="33.975538"><ele>324.751616</ele><time>2025-03-12T23:28:46Z</time><extensions><speed>0.786696</speed><course>140.840331</course><hAcc>2.405794</hAcc><vAcc>0.833915</vAcc></extensions></trkpt>
      <trkpt lon="-117.326346" lat="33.975531"><ele>324.738773</ele><time>2025-03-12T23:28:47Z</time><extensions><speed>1.121240</speed><course>155.106477</course><hAcc>2.383677</hAcc><vAcc>0.815925</vAcc></extensions></trkpt>
      <trkpt lon="-117.326342" lat="33.975519"><ele>324.716112</ele><time>2025-03-12T23:28:48Z</time><extensions><speed>1.526600</speed><course>165.503477</course><hAcc>2.364516</hAcc><vAcc>0.800979</vAcc></extensions></trkpt>
      <trkpt lon="-117.326339" lat="33.975503"><ele>324.701017</ele><time>2025-03-12T23:28:49Z</time><extensions><speed>1.950780</speed><course>175.627167</course><hAcc>2.347605</hAcc><vAcc>0.788961</vAcc></extensions></trkpt>
      <trkpt lon="-117.326339" lat="33.975483"><ele>324.670262</ele><time>2025-03-12T23:28:50Z</time><extensions><speed>2.277024</speed><course>183.405012</course><hAcc>2.343727</hAcc><vAcc>0.779596</vAcc></extensions></trkpt>
      <trkpt lon="-117.326341" lat="33.975463"><ele>324.647793</ele><time>2025-03-12T23:28:51Z</time><extensions><speed>2.154490</speed><course>181.965371</course><hAcc>2.349643</hAcc><vAcc>0.772520</vAcc></extensions></trkpt>
      <trkpt lon="-117.326341" lat="33.975446"><ele>324.624831</ele><time>2025-03-12T23:28:52Z</time><extensions><speed>1.596106</speed><course>177.333420</course><hAcc>2.357280</hAcc><vAcc>0.767337</vAcc></extensions></trkpt>
      <trkpt lon="-117.326340" lat="33.975432"><ele>324.605391</ele><time>2025-03-12T23:28:53Z</time><extensions><speed>1.466303</speed><course>178.270814</course><hAcc>2.323716</hAcc><vAcc>0.763658</vAcc></extensions></trkpt>
      <trkpt lon="-117.326340" lat="33.975419"><ele>324.587952</ele><time>2025-03-12T23:28:54Z</time><extensions><speed>1.407390</speed><course>181.484177</course><hAcc>2.279419</hAcc><vAcc>0.761132</vAcc></extensions></trkpt>
      <trkpt lon="-117.326341" lat="33.975406"><ele>324.572182</ele><time>2025-03-12T23:28:55Z</time><extensions><speed>1.370952</speed><course>184.602123</course><hAcc>2.276025</hAcc><vAcc>0.759459</vAcc></extensions></trkpt>
      <trkpt lon="-117.326342" lat="33.975394"><ele>324.559526</ele><time>2025-03-12T23:28:56Z</time><extensions><speed>1.296688</speed><course>185.647729</course><hAcc>2.336191</hAcc><vAcc>0.758395</vAcc></extensions></trkpt>
      <trkpt lon="-117.326344" lat="33.975382"><ele>324.555758</ele><time>2025-03-12T23:28:57Z</time><extensions><speed>1.363518</speed><course>187.374421</course><hAcc>2.395318</hAcc><vAcc>0.757815</vAcc></extensions></trkpt>
      <trkpt lon="-117.326346" lat="33.975370"><ele>324.552309</ele><time>2025-03-12T23:28:58Z</time><extensions><speed>1.442805</speed><course>185.394122</course><hAcc>2.466592</hAcc><vAcc>0.757526</vAcc></extensions></trkpt>
      <trkpt lon="-117.326347" lat="33.975357"><ele>324.548678</ele><time>2025-03-12T23:28:59Z</time><extensions><speed>1.455261</speed><course>179.936431</course><hAcc>2.543972</hAcc><vAcc>0.757422</vAcc></extensions></trkpt>
      <trkpt lon="-117.326346" lat="33.975343"><ele>324.546444</ele><time>2025-03-12T23:29:00Z</time><extensions><speed>1.546815</speed><course>174.193166</course><hAcc>2.633001</hAcc><vAcc>0.757433</vAcc></extensions></trkpt>
      <trkpt lon="-117.326344" lat="33.975329"><ele>324.546638</ele><time>2025-03-12T23:29:01Z</time><extensions><speed>1.564060</speed><course>171.815604</course><hAcc>2.730026</hAcc><vAcc>0.762546</vAcc></extensions></trkpt>
      <trkpt lon="-117.326341" lat="33.975315"><ele>324.548319</ele><time>2025-03-12T23:29:02Z</time><extensions><speed>1.581944</speed><course>171.495320</course><hAcc>2.848303</hAcc><vAcc>0.771322</vAcc></extensions></trkpt>
      <trkpt lon="-117.326339" lat="33.975301"><ele>324.551120</ele><time>2025-03-12T23:29:03Z</time><extensions><speed>1.585863</speed><course>172.042618</course><hAcc>3.022809</hAcc><vAcc>0.785884</vAcc></extensions></trkpt>
      <trkpt lon="-117.326337" lat="33.975287"><ele>324.554704</ele><time>2025-03-12T23:29:04Z</time><extensions><speed>1.578298</speed><course>172.762370</course><hAcc>3.284047</hAcc><vAcc>0.809059</vAcc></extensions></trkpt>
      <trkpt lon="-117.326335" lat="33.975273"><ele>324.558796</ele><time>2025-03-12T23:29:05Z</time><extensions><speed>1.577222</speed><course>173.675670</course><hAcc>3.620768</hAcc><vAcc>0.844301</vAcc></extensions></trkpt>
      <trkpt lon="-117.326333" lat="33.975259"><ele>324.563166</ele><time>2025-03-12T23:29:06Z</time><extensions><speed>1.581193</speed><course>174.318816</course><hAcc>4.025963</hAcc><vAcc>0.895429</vAcc></extensions></trkpt>
      <trkpt lon="-117.326331" lat="33.975244"><ele>324.567780</ele><time>2025-03-12T23:29:07Z</time><extensions><speed>1.578647</speed><course>174.363688</course><hAcc>4.548303</hAcc><vAcc>0.969728</vAcc></extensions></trkpt>
      <trkpt lon="-117.326329" lat="33.975230"><ele>324.572048</ele><time>2025-03-12T23:29:08Z</time><extensions><speed>1.578936</speed><course>174.146643</course><hAcc>5.191360</hAcc><vAcc>1.064259</vAcc></extensions></trkpt>
      <trkpt lon="-117.326327" lat="33.975216"><ele>324.576133</ele><time>2025-03-12T23:29:09Z</time><extensions><speed>1.578379</speed><course>173.943321</course><hAcc>6.038761</hAcc><vAcc>1.183991</vAcc></extensions></trkpt>
      <trkpt lon="-117.326326" lat="33.975202"><ele>324.580115</ele><time>2025-03-12T23:29:10Z</time><extensions><speed>1.577633</speed><course>173.821975</course><hAcc>7.169857</hAcc><vAcc>1.330047</vAcc></extensions></trkpt>
    </trkseg>
  </trk>
</gpx>