<?xml version="1.0" encoding="UTF-8"?>
<gpx version="1.1" creator="Apple Health Export" xmlns="http://www.topografix.com/GPX/1/1" xmlns:xsi="http://www.w3.org/2001/XMLSchema-instance" xsi:schemaLocation="http://www.topografix.com/GPX/1/1 http://www.topografix.com/GPX/1/1/gpx.xsd">
  <metadata>
    <time>2026-01-11T07:58:08Z</time>
  </metadata>
  <trk>
    <name>Route 2025-03-16 11:54pm</name>
    <trkseg>
      <trkpt lon="-117.331751" lat="33.979301"><ele>318.341367</ele><time>2025-03-17T06:46:05Z</time><extensions><speed>0.067123</speed><course>222.327120</course><hAcc>2.957689</hAcc><vAcc>2.342751</vAcc></extensions></trkpt>
      <trkpt lon="-117.331754" lat="33.979298"><ele>318.336896</ele><time>2025-03-17T06:46:06Z</time><extensions><speed>0.111019</speed><course>222.868697</course><hAcc>2.558264</hAcc><vAcc>2.037661</vAcc></extensions></trkpt>
      <trkpt lon="-117.331754" lat="33.979296"><ele>318.338708</ele><time>2025-03-17T06:46:07Z</time><extensions><speed>0.132145</speed><course>223.557896</course><hAcc>2.246175</hAcc><vAcc>1.775846</vAcc></extensions></trkpt>
      <trkpt lon="-117.331755" lat="33.979294"><ele>318.331323</ele><time>2025-03-17T06:46:08Z</time><extensions><speed>0.102273</speed><course>224.222298</course><hAcc>2.025968</hAcc><vAcc>1.552594</vAcc></extensions></trkpt>
      <trkpt lon="-117.331755" lat="33.979292"><ele>318.317326</ele><time>2025-03-17T06:46:09Z</time><extensions><speed>0.050035</speed><course>223.597070</course><hAcc>1.893802</hAcc><vAcc>1.364616</vAcc></extensions></trkpt>
      <trkpt lon="-117.331754" lat="33.979291"><ele>318.300169</ele><time>2025-03-17T06:46:10Z</time><extensions><speed>0.036056</speed><course>222.326828</course><hAcc>1.799981</hAcc><vAcc>1.209512</vAcc></extensions></trkpt>
      <trkpt lon="-117.331753" lat="33.979291"><ele>318.283265</ele><time>2025-03-17T06:46:11Z</time><extensions><speed>0.030400</speed><course>221.243784</course><hAcc>1.725083</hAcc><vAcc>1.085290</vAcc></extensions></trkpt>
      <trkpt lon="-117.331752" lat="33.979290"><ele>318.266358</ele><time>2025-03-17T06:46:12Z</time><extensions><speed>0.028597</speed><course>217.767749</course><hAcc>1.661992</hAcc><vAcc>0.988081</vAcc></extensions></trkpt>
      <trkpt lon="-117.331751" lat="33.979289"><ele>318.250665</ele><time>2025-03-17T06:46:13Z</time><extensions><speed>0.023910</speed><course>207.061668</course><hAcc>1.610758</hAcc><vAcc>0.914950</vAcc></extensions></trkpt>
      <trkpt lon="-117.331750" lat="33.979289"><ele>318.237874</ele><time>2025-03-17T06:46:14Z</time><extensions><speed>0.026873</speed><course>185.123918</course><hAcc>1.565370</hAcc><vAcc>0.862016</vAcc></extensions></trkpt>
      <trkpt lon="-117.331750" lat="33.979288"><ele>318.227736</ele><time>2025-03-17T06:46:15Z</time><extensions><speed>0.049573</speed><course>152.853574</course><hAcc>1.517312</hAcc><vAcc>0.825246</vAcc></extensions></trkpt>
      <trkpt lon="-117.331748" lat="33.979288"><ele>318.221170</ele><time>2025-03-17T06:46:16Z</time><extensions><speed>0.141504</speed><course>118.849726</course><hAcc>1.468045</hAcc><vAcc>0.800767</vAcc></extensions></trkpt>
      <trkpt lon="-117.331744" lat="33.979287"><ele>318.216970</ele><time>2025-03-17T06:46:17Z</time><extensions><speed>0.494315</speed><course>95.299486</course><hAcc>1.453948</hAcc><vAcc>0.785163</vAcc></extensions></trkpt>
      <trkpt lon="-117.331737" lat="33.979286"><ele>318.214683</ele><time>2025-03-17T06:46:18Z</time><extensions><speed>0.580386</speed><course>94.698726</course><hAcc>1.437662</hAcc><vAcc>0.775642</vAcc></extensions></trkpt>
      <trkpt lon="-117.331728" lat="33.979285"><ele>318.212923</ele><time>2025-03-17T06:46:19Z</time><extensions><speed>1.112407</speed><course>96.446991</course><hAcc>1.401508</hAcc><vAcc>0.770072</vAcc></extensions></trkpt>
      <trkpt lon="-117.331714" lat="33.979284"><ele>318.214337</ele><time>2025-03-17T06:46:20Z</time><extensions><speed>1.376379</speed><course>96.070964</course><hAcc>1.399216</hAcc><vAcc>0.766925</vAcc></extensions></trkpt>
      <trkpt lon="-117.331698" lat="33.979282"><ele>318.218305</ele><time>2025-03-17T06:46:21Z</time><extensions><speed>1.408023</speed><course>93.848239</course><hAcc>1.411173</hAcc><vAcc>0.765161</vAcc></extensions></trkpt>
      <trkpt lon="-117.331682" lat="33.979281"><ele>318.223741</ele><time>2025-03-17T06:46:22Z</time><extensions><speed>1.488731</speed><course>92.312309</course><hAcc>1.413570</hAcc><vAcc>0.764118</vAcc></extensions></trkpt>
      <trkpt lon="-117.331665" lat="33.979280"><ele>318.230799</ele><time>2025-03-17T06:46:23Z</time><extensions><speed>1.568705</speed><course>91.946134</course><hAcc>1.417425</hAcc><vAcc>0.763399</vAcc></extensions></trkpt>
      <trkpt lon="-117.331648" lat="33.979280"><ele>318.239916</ele><time>2025-03-17T06:46:24Z</time><extensions><speed>1.626893</speed><course>88.889434</course><hAcc>1.420892</hAcc><vAcc>0.762789</vAcc></extensions></trkpt>
      <trkpt lon="-117.331630" lat="33.979280"><ele>318.249079</ele><time>2025-03-17T06:46:25Z</time><extensions><speed>1.631373</speed><course>89.976609</course><hAcc>1.423399</hAcc><vAcc>0.762189</vAcc></extensions></trkpt>
      <trkpt lon="-117.331612" lat="33.979280"><ele>318.258915</ele><time>2025-03-17T06:46:26Z</time><extensions><speed>1.616897</speed><course>86.174087</course><hAcc>1.428176</hAcc><vAcc>0.761568</vAcc></extensions></trkpt>
      <trkpt lon="-117.331594" lat="33.979281"><ele>318.269667</ele><time>2025-03-17T06:46:27Z</time><extensions><speed>1.638727</speed><course>87.657315</course><hAcc>1.424413</hAcc><vAcc>0.760930</vAcc></extensions></trkpt>
      <trkpt lon="-117.331576" lat="33.979281"><ele>318.272063</ele><time>2025-03-17T06:46:28Z</time><extensions><speed>1.633540</speed><course>90.562113</course><hAcc>1.411704</hAcc><vAcc>0.760296</vAcc></extensions></trkpt>
      <trkpt lon="-117.331558" lat="33.979280"><ele>318.272477</ele><time>2025-03-17T06:46:29Z</time><extensions><speed>1.628660</speed><course>95.661676</course><hAcc>1.408838</hAcc><vAcc>0.759690</vAcc></extensions></trkpt>
      <trkpt lon="-117.331541" lat="33.979279"><ele>318.272982</ele><time>2025-03-17T06:46:30Z</time><extensions><speed>1.609950</speed><course>92.974391</course><hAcc>1.410573</hAcc><vAcc>0.759132</vAcc></extensions></trkpt>
      <trkpt lon="-117.331524" lat="33.979278"><ele>318.270186</ele><time>2025-03-17T06:46:31Z</time><extensions><speed>1.546842</speed><course>96.136216</course><hAcc>1.414804</hAcc><vAcc>0.758636</vAcc></extensions></trkpt>
      <trkpt lon="-117.331507" lat="33.979276"><ele>318.270871</ele><time>2025-03-17T06:46:32Z</time><extensions><speed>1.545849</speed><course>97.478397</course><hAcc>1.412761</hAcc><vAcc>0.758209</vAcc></extensions></trkpt>
      <trkpt lon="-117.331491" lat="33.979274"><ele>318.279069</ele><time>2025-03-17T06:46:33Z</time><extensions><speed>1.559658</speed><course>98.253413</course><hAcc>1.411687</hAcc><vAcc>0.757853</vAcc></extensions></trkpt>
      <trkpt lon="-117.331474" lat="33.979272"><ele>318.295098</ele><time>2025-03-17T06:46:34Z</time><extensions><speed>1.570932</speed><course>97.329124</course><hAcc>1.426231</hAcc><vAcc>0.757564</vAcc></extensions></trkpt>
      <trkpt lon="-117.331457" lat="33.979271"><ele>318.315690</ele><time>2025-03-17T06:46:35Z</time><extensions><speed>1.566594</speed><course>94.481533</course><hAcc>1.448103</hAcc><vAcc>0.757336</vAcc></extensions></trkpt>
      <trkpt lon="-117.331440" lat="33.979269"><ele>318.328320</ele><time>2025-03-17T06:46:36Z</time><extensions><speed>1.564848</speed><course>96.002771</course><hAcc>1.451201</hAcc><vAcc>0.757160</vAcc></extensions></trkpt>
      <trkpt lon="-117.331423" lat="33.979268"><ele>318.348502</ele><time>2025-03-17T06:46:37Z</time><extensions><speed>1.582237</speed><course>97.359848</course><hAcc>1.447156</hAcc><vAcc>0.757029</vAcc></extensions></trkpt>
      <trkpt lon="-117.331406" lat="33.979265"><ele>318.368105</ele><time>2025-03-17T06:46:38Z</time><extensions><speed>1.538604</speed><course>99.783089</course><hAcc>1.393473</hAcc><vAcc>0.756933</vAcc></extensions></trkpt>
      <trkpt lon="-117.331390" lat="33.979263"><ele>318.396637</ele><time>2025-03-17T06:46:39Z</time><extensions><speed>1.537100</speed><course>97.698181</course><hAcc>1.410888</hAcc><vAcc>0.756865</vAcc></extensions></trkpt>
      <trkpt lon="-117.331373" lat="33.979262"><ele>318.414845</ele><time>2025-03-17T06:46:40Z</time><extensions><speed>1.662618</speed><course>95.050025</course><hAcc>1.467654</hAcc><vAcc>0.757967</vAcc></extensions></trkpt>
      <trkpt lon="-117.331355" lat="33.979260"><ele>318.423130</ele><time>2025-03-17T06:46:41Z</time><extensions><speed>1.683554</speed><course>98.896356</course><hAcc>1.513245</hAcc><vAcc>0.758660</vAcc></extensions></trkpt>
      <trkpt lon="-117.331337" lat="33.979256"><ele>318.429695</ele><time>2025-03-17T06:46:42Z</time><extensions><speed>1.746560</speed><course>107.244875</course><hAcc>1.535781</hAcc><vAcc>0.759335</vAcc></extensions></trkpt>
      <trkpt lon="-117.331319" lat="33.979251"><ele>318.438239</ele><time>2025-03-17T06:46:43Z</time><extensions><speed>1.694995</speed><course>114.016726</course><hAcc>1.550417</hAcc><vAcc>0.762389</vAcc></extensions></trkpt>
      <trkpt lon="-117.331303" lat="33.979244"><ele>318.436892</ele><time>2025-03-17T06:46:44Z</time><extensions><speed>1.629508</speed><course>119.363447</course><hAcc>1.559546</hAcc><vAcc>0.766683</vAcc></extensions></trkpt>
      <trkpt lon="-117.331288" lat="33.979236"><ele>318.387659</ele><time>2025-03-17T06:46:45Z</time><extensions><speed>1.613954</speed><course>123.778051</course><hAcc>1.563396</hAcc><vAcc>0.772095</vAcc></extensions></trkpt>
      <trkpt lon="-117.331273" lat="33.979228"><ele>318.338545</ele><time>2025-03-17T06:46:46Z</time><extensions><speed>1.498425</speed><course>123.901329</course><hAcc>1.562615</hAcc><vAcc>0.779043</vAcc></extensions></trkpt>
      <trkpt lon="-117.331259" lat="33.979222"><ele>318.309863</ele><time>2025-03-17T06:46:47Z</time><extensions><speed>1.335542</speed><course>114.028590</course><hAcc>1.549746</hAcc><vAcc>0.787421</vAcc></extensions></trkpt>
      <trkpt lon="-117.331247" lat="33.979219"><ele>318.290950</ele><time>2025-03-17T06:46:48Z</time><extensions><speed>1.084944</speed><course>97.386638</course><hAcc>1.517279</hAcc><vAcc>0.796844</vAcc></extensions></trkpt>
      <trkpt lon="-117.331236" lat="33.979220"><ele>318.256553</ele><time>2025-03-17T06:46:49Z</time><extensions><speed>0.973037</speed><course>65.956323</course><hAcc>1.503164</hAcc><vAcc>0.807249</vAcc></extensions></trkpt>
      <trkpt lon="-117.331227" lat="33.979227"><ele>318.242430</ele><time>2025-03-17T06:46:50Z</time><extensions><speed>1.300453</speed><course>31.894863</course><hAcc>1.516358</hAcc><vAcc>0.817712</vAcc></extensions></trkpt>
      <trkpt lon="-117.331221" lat="33.979239"><ele>318.253640</ele><time>2025-03-17T06:46:51Z</time><extensions><speed>1.718967</speed><course>16.338057</course><hAcc>1.528955</hAcc><vAcc>0.829109</vAcc></extensions></trkpt>
      <trkpt lon="-117.331213" lat="33.979253"><ele>318.266089</ele><time>2025-03-17T06:46:52Z</time><extensions><speed>1.732002</speed><course>32.650681</course><hAcc>1.518152</hAcc><vAcc>0.840932</vAcc></extensions></trkpt>
      <trkpt lon="-117.331199" lat="33.979262"><ele>318.289170</ele><time>2025-03-17T06:46:53Z</time><extensions><speed>1.857635</speed><course>74.103350</course><hAcc>1.546584</hAcc><vAcc>0.852418</vAcc></extensions></trkpt>
      <trkpt lon="-117.331173" lat="33.979263"><ele>318.320013</ele><time>2025-03-17T06:46:54Z</time><extensions><speed>2.943231</speed><course>96.386396</course><hAcc>1.528800</hAcc><vAcc>0.862725</vAcc></extensions></trkpt>
      <trkpt lon="-117.331138" lat="33.979259"><ele>318.368927</ele><time>2025-03-17T06:46:55Z</time><extensions><speed>3.648788</speed><course>97.886674</course><hAcc>1.535768</hAcc><vAcc>0.871916</vAcc></extensions></trkpt>
      <trkpt lon="-117.331100" lat="33.979256"><ele>318.427070</ele><time>2025-03-17T06:46:56Z</time><extensions><speed>3.500603</speed><course>93.864034</course><hAcc>1.560376</hAcc><vAcc>0.879495</vAcc></extensions></trkpt>
      <trkpt lon="-117.331063" lat="33.979255"><ele>318.499503</ele><time>2025-03-17T06:46:57Z</time><extensions><speed>3.280735</speed><course>86.753419</course><hAcc>1.580280</hAcc><vAcc>0.885686</vAcc></extensions></trkpt>
      <trkpt lon="-117.331030" lat="33.979259"><ele>318.578175</ele><time>2025-03-17T06:46:58Z</time><extensions><speed>2.905893</speed><course>77.988165</course><hAcc>1.590975</hAcc><vAcc>0.890501</vAcc></extensions></trkpt>
      <trkpt lon="-117.331002" lat="33.979265"><ele>318.682046</ele><time>2025-03-17T06:46:59Z</time><extensions><speed>2.485878</speed><course>68.878957</course><hAcc>1.597683</hAcc><vAcc>0.894128</vAcc></extensions></trkpt>
      <trkpt lon="-117.330980" lat="33.979274"><ele>318.787736</ele><time>2025-03-17T06:47:00Z</time><extensions><speed>2.092543</speed><course>59.960759</course><hAcc>1.603661</hAcc><vAcc>0.896447</vAcc></extensions></trkpt>
      <trkpt lon="-117.330961" lat="33.979284"><ele>318.905288</ele><time>2025-03-17T06:47:01Z</time><extensions><speed>2.152102</speed><course>55.604445</course><hAcc>1.589257</hAcc><vAcc>0.898054</vAcc></extensions></trkpt>
      <trkpt lon="-117.330942" lat="33.979294"><ele>319.028188</ele><time>2025-03-17T06:47:02Z</time><extensions><speed>2.121446</speed><course>60.964586</course><hAcc>1.581850</hAcc><vAcc>0.899185</vAcc></extensions></trkpt>
      <trkpt lon="-117.330923" lat="33.979301"><ele>319.138911</ele><time>2025-03-17T06:47:03Z</time><extensions><speed>1.823215</speed><course>75.415536</course><hAcc>1.576245</hAcc><vAcc>0.899528</vAcc></extensions></trkpt>
      <trkpt lon="-117.330905" lat="33.979303"><ele>319.255137</ele><time>2025-03-17T06:47:04Z</time><extensions><speed>1.601601</speed><course>89.880957</course><hAcc>1.572120</hAcc><vAcc>0.899166</vAcc></extensions></trkpt>
      <trkpt lon="-117.330888" lat="33.979303"><ele>319.357871</ele><time>2025-03-17T06:47:05Z</time><extensions><speed>1.557191</speed><course>93.820462</course><hAcc>1.570254</hAcc><vAcc>0.899306</vAcc></extensions></trkpt>
      <trkpt lon="-117.330871" lat="33.979302"><ele>319.466212</ele><time>2025-03-17T06:47:06Z</time><extensions><speed>1.599028</speed><course>92.287207</course><hAcc>1.553324</hAcc><vAcc>0.898858</vAcc></extensions></trkpt>
      <trkpt lon="-117.330854" lat="33.979302"><ele>319.580688</ele><time>2025-03-17T06:47:07Z</time><extensions><speed>1.596233</speed><course>89.051302</course><hAcc>1.544435</hAcc><vAcc>0.897992</vAcc></extensions></trkpt>
      <trkpt lon="-117.330836" lat="33.979303"><ele>319.670460</ele><time>2025-03-17T06:47:08Z</time><extensions><speed>1.668107</speed><course>85.890499</course><hAcc>1.541839</hAcc><vAcc>0.896497</vAcc></extensions></trkpt>
      <trkpt lon="-117.330818" lat="33.979304"><ele>319.755410</ele><time>2025-03-17T06:47:09Z</time><extensions><speed>1.667500</speed><course>83.440475</course><hAcc>1.537289</hAcc><vAcc>0.894264</vAcc></extensions></trkpt>
      <trkpt lon="-117.330801" lat="33.979306"><ele>319.832137</ele><time>2025-03-17T06:47:10Z</time><extensions><speed>1.621409</speed><course>81.040414</course><hAcc>1.532783</hAcc><vAcc>0.893069</vAcc></extensions></trkpt>
      <trkpt lon="-117.330784" lat="33.979309"><ele>319.889868</ele><time>2025-03-17T06:47:11Z</time><extensions><speed>1.518575</speed><course>79.193708</course><hAcc>1.523256</hAcc><vAcc>0.891691</vAcc></extensions></trkpt>
      <trkpt lon="-117.330768" lat="33.979312"><ele>319.929682</ele><time>2025-03-17T06:47:12Z</time><extensions><speed>1.517742</speed><course>77.352928</course><hAcc>1.507215</hAcc><vAcc>0.890002</vAcc></extensions></trkpt>
      <trkpt lon="-117.330752" lat="33.979315"><ele>319.952346</ele><time>2025-03-17T06:47:13Z</time><extensions><speed>1.569005</speed><course>78.388655</course><hAcc>1.487783</hAcc><vAcc>0.887339</vAcc></extensions></trkpt>
      <trkpt lon="-117.330735" lat="33.979317"><ele>319.961001</ele><time>2025-03-17T06:47:14Z</time><extensions><speed>1.553445</speed><course>83.362457</course><hAcc>1.486151</hAcc><vAcc>0.885212</vAcc></extensions></trkpt>
      <trkpt lon="-117.330719" lat="33.979318"><ele>319.957953</ele><time>2025-03-17T06:47:15Z</time><extensions><speed>1.357234</speed><course>84.338039</course><hAcc>1.511774</hAcc><vAcc>0.882301</vAcc></extensions></trkpt>
      <trkpt lon="-117.330705" lat="33.979320"><ele>319.959148</ele><time>2025-03-17T06:47:16Z</time><extensions><speed>1.230445</speed><course>79.712238</course><hAcc>1.475125</hAcc><vAcc>0.879519</vAcc></extensions></trkpt>
      <trkpt lon="-117.330692" lat="33.979322"><ele>319.966983</ele><time>2025-03-17T06:47:17Z</time><extensions><speed>1.243749</speed><course>76.663124</course><hAcc>1.452035</hAcc><vAcc>0.877302</vAcc></extensions></trkpt>
      <trkpt lon="-117.330679" lat="33.979325"><ele>319.981219</ele><time>2025-03-17T06:47:18Z</time><extensions><speed>1.337577</speed><course>77.753479</course><hAcc>1.443437</hAcc><vAcc>0.874330</vAcc></extensions></trkpt>
      <trkpt lon="-117.330663" lat="33.979328"><ele>319.988521</ele><time>2025-03-17T06:47:19Z</time><extensions><speed>1.510548</speed><course>79.378985</course><hAcc>1.442971</hAcc><vAcc>0.872521</vAcc></extensions></trkpt>
      <trkpt lon="-117.330647" lat="33.979330"><ele>320.003488</ele><time>2025-03-17T06:47:20Z</time><extensions><speed>1.480397</speed><course>78.665903</course><hAcc>1.453288</hAcc><vAcc>0.870120</vAcc></extensions></trkpt>
      <trkpt lon="-117.330632" lat="33.979333"><ele>320.027638</ele><time>2025-03-17T06:47:21Z</time><extensions><speed>1.469167</speed><course>80.622880</course><hAcc>1.458148</hAcc><vAcc>0.868884</vAcc></extensions></trkpt>
      <trkpt lon="-117.330616" lat="33.979335"><ele>320.066387</ele><time>2025-03-17T06:47:22Z</time><extensions><speed>1.505387</speed><course>80.773794</course><hAcc>1.435151</hAcc><vAcc>0.867101</vAcc></extensions></trkpt>
      <trkpt lon="-117.330599" lat="33.979337"><ele>320.087850</ele><time>2025-03-17T06:47:23Z</time><extensions><speed>1.555421</speed><course>82.548949</course><hAcc>1.427853</hAcc><vAcc>0.866082</vAcc></extensions></trkpt>
      <trkpt lon="-117.330583" lat="33.979338"><ele>320.110817</ele><time>2025-03-17T06:47:24Z</time><extensions><speed>1.537744</speed><course>84.099277</course><hAcc>1.439446</hAcc><vAcc>0.864752</vAcc></extensions></trkpt>
      <trkpt lon="-117.330566" lat="33.979340"><ele>320.134879</ele><time>2025-03-17T06:47:25Z</time><extensions><speed>1.596877</speed><course>79.875209</course><hAcc>1.427929</hAcc><vAcc>0.863284</vAcc></extensions></trkpt>
      <trkpt lon="-117.330548" lat="33.979343"><ele>320.159643</ele><time>2025-03-17T06:47:26Z</time><extensions><speed>1.716595</speed><course>81.728852</course><hAcc>1.427508</hAcc><vAcc>0.862447</vAcc></extensions></trkpt>
      <trkpt lon="-117.330530" lat="33.979344"><ele>320.208443</ele><time>2025-03-17T06:47:27Z</time><extensions><speed>1.569516</speed><course>85.080269</course><hAcc>1.436127</hAcc><vAcc>0.862157</vAcc></extensions></trkpt>
      <trkpt lon="-117.330513" lat="33.979345"><ele>320.265121</ele><time>2025-03-17T06:47:28Z</time><extensions><speed>1.567820</speed><course>87.918390</course><hAcc>1.427252</hAcc><vAcc>0.862005</vAcc></extensions></trkpt>
      <trkpt lon="-117.330497" lat="33.979346"><ele>320.314685</ele><time>2025-03-17T06:47:29Z</time><extensions><speed>1.531897</speed><course>87.426532</course><hAcc>1.436846</hAcc><vAcc>0.861559</vAcc></extensions></trkpt>
      <trkpt lon="-117.330480" lat="33.979347"><ele>320.355234</ele><time>2025-03-17T06:47:30Z</time><extensions><speed>1.547558</speed><course>83.705440</course><hAcc>1.430539</hAcc><vAcc>0.861284</vAcc></extensions></trkpt>
      <trkpt lon="-117.330463" lat="33.979349"><ele>320.399961</ele><time>2025-03-17T06:47:31Z</time><extensions><speed>1.508546</speed><course>82.230724</course><hAcc>1.438548</hAcc><vAcc>0.860063</vAcc></extensions></trkpt>
      <trkpt lon="-117.330447" lat="33.979351"><ele>320.438671</ele><time>2025-03-17T06:47:32Z</time><extensions><speed>1.522431</speed><course>85.028291</course><hAcc>1.433104</hAcc><vAcc>0.858456</vAcc></extensions></trkpt>
      <trkpt lon="-117.330431" lat="33.979351"><ele>320.478988</ele><time>2025-03-17T06:47:33Z</time><extensions><speed>1.454126</speed><course>88.193678</course><hAcc>1.441504</hAcc><vAcc>0.856704</vAcc></extensions></trkpt>
      <trkpt lon="-117.330415" lat="33.979352"><ele>320.513815</ele><time>2025-03-17T06:47:34Z</time><extensions><speed>1.389607</speed><course>87.932817</course><hAcc>1.431085</hAcc><vAcc>0.855084</vAcc></extensions></trkpt>
      <trkpt lon="-117.330400" lat="33.979352"><ele>320.553558</ele><time>2025-03-17T06:47:35Z</time><extensions><speed>1.434141</speed><course>88.381515</course><hAcc>1.424172</hAcc><vAcc>0.854424</vAcc></extensions></trkpt>
      <trkpt lon="-117.330384" lat="33.979353"><ele>320.591446</ele><time>2025-03-17T06:47:36Z</time><extensions><speed>1.566204</speed><course>88.151071</course><hAcc>1.421375</hAcc><vAcc>0.854177</vAcc></extensions></trkpt>
      <trkpt lon="-117.330366" lat="33.979354"><ele>320.624801</ele><time>2025-03-17T06:47:37Z</time><extensions><speed>1.623466</speed><course>85.980035</course><hAcc>1.431761</hAcc><vAcc>0.854907</vAcc></extensions></trkpt>
      <trkpt lon="-117.330349" lat="33.979355"><ele>320.663363</ele><time>2025-03-17T06:47:38Z</time><extensions><speed>1.510737</speed><course>80.444534</course><hAcc>1.452841</hAcc><vAcc>0.855799</vAcc></extensions></trkpt>
      <trkpt lon="-117.330333" lat="33.979358"><ele>320.709572</ele><time>2025-03-17T06:47:39Z</time><extensions><speed>1.617521</speed><course>74.395097</course><hAcc>1.434749</hAcc><vAcc>0.858146</vAcc></extensions></trkpt>
      <trkpt lon="-117.330316" lat="33.979362"><ele>320.757974</ele><time>2025-03-17T06:47:40Z</time><extensions><speed>1.565828</speed><course>74.543126</course><hAcc>1.450185</hAcc><vAcc>0.861272</vAcc></extensions></trkpt>
      <trkpt lon="-117.330299" lat="33.979366"><ele>320.817209</ele><time>2025-03-17T06:47:41Z</time><extensions><speed>1.594065</speed><course>76.503981</course><hAcc>1.450316</hAcc><vAcc>0.865213</vAcc></extensions></trkpt>
      <trkpt lon="-117.330282" lat="33.979369"><ele>320.880865</ele><time>2025-03-17T06:47:42Z</time><extensions><speed>1.547478</speed><course>79.132236</course><hAcc>1.467078</hAcc><vAcc>0.870552</vAcc></extensions></trkpt>
      <trkpt lon="-117.330265" lat="33.979371"><ele>320.934351</ele><time>2025-03-17T06:47:43Z</time><extensions><speed>1.635567</speed><course>81.925159</course><hAcc>1.491823</hAcc><vAcc>0.877849</vAcc></extensions></trkpt>
      <trkpt lon="-117.330247" lat="33.979373"><ele>320.995749</ele><time>2025-03-17T06:47:44Z</time><extensions><speed>1.689116</speed><course>84.289799</course><hAcc>1.518945</hAcc><vAcc>0.886589</vAcc></extensions></trkpt>
      <trkpt lon="-117.330230" lat="33.979374"><ele>321.066507</ele><time>2025-03-17T06:47:45Z</time><extensions><speed>1.572993</speed><course>85.394101</course><hAcc>1.545689</hAcc><vAcc>0.895900</vAcc></extensions></trkpt>
      <trkpt lon="-117.330213" lat="33.979375"><ele>321.142246</ele><time>2025-03-17T06:47:46Z</time><extensions><speed>1.596730</speed><course>87.081590</course><hAcc>1.547374</hAcc><vAcc>0.906211</vAcc></extensions></trkpt>
      <trkpt lon="-117.330195" lat="33.979375"><ele>321.217106</ele><time>2025-03-17T06:47:47Z</time><extensions><speed>1.560132</speed><course>89.685024</course><hAcc>1.556274</hAcc><vAcc>0.916781</vAcc></extensions></trkpt>
      <trkpt lon="-117.330179" lat="33.979375"><ele>321.294590</ele><time>2025-03-17T06:47:48Z</time><extensions><speed>1.541901</speed><course>90.134529</course><hAcc>1.571095</hAcc><vAcc>0.929162</vAcc></extensions></trkpt>
      <trkpt lon="-117.330162" lat="33.979375"><ele>321.359378</ele><time>2025-03-17T06:47:49Z</time><extensions><speed>1.480602</speed><course>91.187108</course><hAcc>1.605331</hAcc><vAcc>0.939029</vAcc></extensions></trkpt>
      <trkpt lon="-117.330146" lat="33.979375"><ele>321.436719</ele><time>2025-03-17T06:47:50Z</time><extensions><speed>1.512727</speed><course>90.946251</course><hAcc>1.584591</hAcc><vAcc>0.947749</vAcc></extensions></trkpt>
      <trkpt lon="-117.330130" lat="33.979375"><ele>321.516306</ele><time>2025-03-17T06:47:51Z</time><extensions><speed>1.494668</speed><course>88.515851</course><hAcc>1.587724</hAcc><vAcc>0.955897</vAcc></extensions></trkpt>
      <trkpt lon="-117.330114" lat="33.979375"><ele>321.606735</ele><time>2025-03-17T06:47:52Z</time><extensions><speed>1.476113</speed><course>88.835762</course><hAcc>1.608775</hAcc><vAcc>0.962543</vAcc></extensions></trkpt>
      <trkpt lon="-117.330098" lat="33.979375"><ele>321.698158</ele><time>2025-03-17T06:47:53Z</time><extensions><speed>1.450815</speed><course>89.996267</course><hAcc>1.630776</hAcc><vAcc>0.967401</vAcc></extensions></trkpt>
      <trkpt lon="-117.330082" lat="33.979375"><ele>321.792242</ele><time>2025-03-17T06:47:54Z</time><extensions><speed>1.419329</speed><course>91.441487</course><hAcc>1.646821</hAcc><vAcc>0.969753</vAcc></extensions></trkpt>
      <trkpt lon="-117.330067" lat="33.979375"><ele>321.884637</ele><time>2025-03-17T06:47:55Z</time><extensions><speed>1.427586</speed><course>91.418736</course><hAcc>1.655939</hAcc><vAcc>0.971071</vAcc></extensions></trkpt>
      <trkpt lon="-117.330051" lat="33.979375"><ele>321.976674</ele><time>2025-03-17T06:47:56Z</time><extensions><speed>1.463315</speed><course>90.717853</course><hAcc>1.662194</hAcc><vAcc>0.970595</vAcc></extensions></trkpt>
      <trkpt lon="-117.330035" lat="33.979374"><ele>322.066457</ele><time>2025-03-17T06:47:57Z</time><extensions><speed>1.497280</speed><course>91.487763</course><hAcc>1.671652</hAcc><vAcc>0.968629</vAcc></extensions></trkpt>
      <trkpt lon="-117.330019" lat="33.979374"><ele>322.155044</ele><time>2025-03-17T06:47:58Z</time><extensions><speed>1.443241</speed><course>91.202058</course><hAcc>1.682448</hAcc><vAcc>0.965208</vAcc></extensions></trkpt>
      <trkpt lon="-117.330003" lat="33.979374"><ele>322.233746</ele><time>2025-03-17T06:47:59Z</time><extensions><speed>1.431010</speed><course>89.172115</course><hAcc>1.676237</hAcc><vAcc>0.960802</vAcc></extensions></trkpt>
      <trkpt lon="-117.329988" lat="33.979374"><ele>322.306210</ele><time>2025-03-17T06:48:00Z</time><extensions><speed>1.367249</speed><course>87.955751</course><hAcc>1.676508</hAcc><vAcc>0.955571</vAcc></extensions></trkpt>
      <trkpt lon="-117.329973" lat="33.979374"><ele>322.376859</ele><time>2025-03-17T06:48:01Z</time><extensions><speed>1.311340</speed><course>88.328206</course><hAcc>1.677584</hAcc><vAcc>0.949601</vAcc></extensions></trkpt>
      <trkpt lon="-117.329959" lat="33.979374"><ele>322.441755</ele><time>2025-03-17T06:48:02Z</time><extensions><speed>1.371003</speed><course>88.381229</course><hAcc>1.674883</hAcc><vAcc>0.943959</vAcc></extensions></trkpt>
      <trkpt lon="-117.329944" lat="33.979374"><ele>322.506791</ele><time>2025-03-17T06:48:03Z</time><extensions><speed>1.366414</speed><course>91.457836</course><hAcc>1.669452</hAcc><vAcc>0.938402</vAcc></extensions></trkpt>
      <trkpt lon="-117.329929" lat="33.979373"><ele>322.566072</ele><time>2025-03-17T06:48:04Z</time><extensions><speed>1.409414</speed><course>92.937819</course><hAcc>1.664265</hAcc><vAcc>0.933626</vAcc></extensions></trkpt>
      <trkpt lon="-117.329914" lat="33.979372"><ele>322.622196</ele><time>2025-03-17T06:48:05Z</time><extensions><speed>1.401140</speed><course>95.550648</course><hAcc>1.661103</hAcc><vAcc>0.929919</vAcc></extensions></trkpt>
      <trkpt lon="-117.329899" lat="33.979370"><ele>322.672135</ele><time>2025-03-17T06:48:06Z</time><extensions><speed>1.339428</speed><course>100.341519</course><hAcc>1.658721</hAcc><vAcc>0.927158</vAcc></extensions></trkpt>
      <trkpt lon="-117.329885" lat="33.979368"><ele>322.716345</ele><time>2025-03-17T06:48:07Z</time><extensions><speed>1.325561</speed><course>102.502429</course><hAcc>1.660526</hAcc><vAcc>0.925320</vAcc></extensions></trkpt>
      <trkpt lon="-117.329871" lat="33.979365"><ele>322.756489</ele><time>2025-03-17T06:48:08Z</time><extensions><speed>1.349483</speed><course>104.632672</course><hAcc>1.652995</hAcc><vAcc>0.924855</vAcc></extensions></trkpt>
      <trkpt lon="-117.329857" lat="33.979362"><ele>322.795064</ele><time>2025-03-17T06:48:09Z</time><extensions><speed>1.351626</speed><course>105.890949</course><hAcc>1.650238</hAcc><vAcc>0.925630</vAcc></extensions></trkpt>
      <trkpt lon="-117.329843" lat="33.979358"><ele>322.823186</ele><time>2025-03-17T06:48:10Z</time><extensions><speed>1.323131</speed><course>104.703321</course><hAcc>1.648752</hAcc><vAcc>0.926834</vAcc></extensions></trkpt>
      <trkpt lon="-117.329829" lat="33.979355"><ele>322.839435</ele><time>2025-03-17T06:48:11Z</time><extensions><speed>1.287780</speed><course>102.491898</course><hAcc>1.647420</hAcc><vAcc>0.928282</vAcc></extensions></trkpt>
      <trkpt lon="-117.329815" lat="33.979353"><ele>322.855096</ele><time>2025-03-17T06:48:12Z</time><extensions><speed>1.273789</speed><course>98.510920</course><hAcc>1.649820</hAcc><vAcc>0.930262</vAcc></extensions></trkpt>
      <trkpt lon="-117.329802" lat="33.979352"><ele>322.878043</ele><time>2025-03-17T06:48:13Z</time><extensions><speed>1.242219</speed><course>96.941588</course><hAcc>1.653889</hAcc><vAcc>0.932315</vAcc></extensions></trkpt>
      <trkpt lon="-117.329789" lat="33.979350"><ele>322.901865</ele><time>2025-03-17T06:48:14Z</time><extensions><speed>1.175455</speed><course>96.651800</course><hAcc>1.649972</hAcc><vAcc>0.935334</vAcc></extensions></trkpt>
      <trkpt lon="-117.329776" lat="33.979349"><ele>322.927006</ele><time>2025-03-17T06:48:15Z</time><extensions><speed>1.192781</speed><course>97.256346</course><hAcc>1.652837</hAcc><vAcc>0.938502</vAcc></extensions></trkpt>
      <trkpt lon="-117.329763" lat="33.979347"><ele>322.948261</ele><time>2025-03-17T06:48:16Z</time><extensions><speed>1.198799</speed><course>98.784588</course><hAcc>1.655771</hAcc><vAcc>0.941626</vAcc></extensions></trkpt>
      <trkpt lon="-117.329751" lat="33.979345"><ele>322.977288</ele><time>2025-03-17T06:48:17Z</time><extensions><speed>1.198366</speed><course>101.402401</course><hAcc>1.657141</hAcc><vAcc>0.945110</vAcc></extensions></trkpt>
      <trkpt lon="-117.329738" lat="33.979343"><ele>322.995213</ele><time>2025-03-17T06:48:18Z</time><extensions><speed>1.207554</speed><course>100.991729</course><hAcc>1.662503</hAcc><vAcc>0.947993</vAcc></extensions></trkpt>
      <trkpt lon="-117.329725" lat="33.979340"><ele>323.003598</ele><time>2025-03-17T06:48:19Z</time><extensions><speed>1.237293</speed><course>101.663614</course><hAcc>1.669606</hAcc><vAcc>0.951497</vAcc></extensions></trkpt>
      <trkpt lon="-117.329712" lat="33.979338"><ele>323.004450</ele><time>2025-03-17T06:48:20Z</time><extensions><speed>1.260801</speed><course>103.320320</course><hAcc>1.675494</hAcc><vAcc>0.953812</vAcc></extensions></trkpt>
      <trkpt lon="-117.329698" lat="33.979335"><ele>323.005359</ele><time>2025-03-17T06:48:21Z</time><extensions><speed>1.261419</speed><course>103.498693</course><hAcc>1.678625</hAcc><vAcc>0.958197</vAcc></extensions></trkpt>
      <trkpt lon="-117.329685" lat="33.979332"><ele>323.002226</ele><time>2025-03-17T06:48:22Z</time><extensions><speed>1.267927</speed><course>103.011553</course><hAcc>1.684311</hAcc><vAcc>0.961768</vAcc></extensions></trkpt>
      <trkpt lon="-117.329672" lat="33.979330"><ele>322.986252</ele><time>2025-03-17T06:48:23Z</time><extensions><speed>1.246125</speed><course>103.039419</course><hAcc>1.684570</hAcc><vAcc>0.966866</vAcc></extensions></trkpt>
      <trkpt lon="-117.329659" lat="33.979327"><ele>322.983140</ele><time>2025-03-17T06:48:24Z</time><extensions><speed>1.226670</speed><course>103.271430</course><hAcc>1.680239</hAcc><vAcc>0.971304</vAcc></extensions></trkpt>
      <trkpt lon="-117.329646" lat="33.979325"><ele>322.986917</ele><time>2025-03-17T06:48:25Z</time><extensions><speed>1.243629</speed><course>102.151678</course><hAcc>1.669968</hAcc><vAcc>0.977126</vAcc></extensions></trkpt>
      <trkpt lon="-117.329633" lat="33.979322"><ele>322.987899</ele><time>2025-03-17T06:48:26Z</time><extensions><speed>1.233557</speed><course>102.108464</course><hAcc>1.654787</hAcc><vAcc>0.981114</vAcc></extensions></trkpt>
      <trkpt lon="-117.329619" lat="33.979320"><ele>322.983009</ele><time>2025-03-17T06:48:27Z</time><extensions><speed>1.321893</speed><course>101.563642</course><hAcc>1.637867</hAcc><vAcc>0.985721</vAcc></extensions></trkpt>
      <trkpt lon="-117.329605" lat="33.979317"><ele>322.991668</ele><time>2025-03-17T06:48:28Z</time><extensions><speed>1.429625</speed><course>101.866075</course><hAcc>1.623439</hAcc><vAcc>0.990343</vAcc></extensions></trkpt>
      <trkpt lon="-117.329590" lat="33.979315"><ele>323.013175</ele><time>2025-03-17T06:48:29Z</time><extensions><speed>1.373693</speed><course>102.544990</course><hAcc>1.621856</hAcc><vAcc>0.992517</vAcc></extensions></trkpt>
      <trkpt lon="-117.329575" lat="33.979312"><ele>323.015653</ele><time>2025-03-17T06:48:30Z</time><extensions><speed>1.444537</speed><course>101.840817</course><hAcc>1.593864</hAcc><vAcc>0.995239</vAcc></extensions></trkpt>
      <trkpt lon="-117.329560" lat="33.979309"><ele>323.025727</ele><time>2025-03-17T06:48:31Z</time><extensions><speed>1.352608</speed><course>99.622404</course><hAcc>1.588182</hAcc><vAcc>0.995223</vAcc></extensions></trkpt>
      <trkpt lon="-117.329545" lat="33.979307"><ele>323.034209</ele><time>2025-03-17T06:48:32Z</time><extensions><speed>1.413341</speed><course>100.649330</course><hAcc>1.564126</hAcc><vAcc>0.993569</vAcc></extensions></trkpt>
      <trkpt lon="-117.329531" lat="33.979305"><ele>323.041326</ele><time>2025-03-17T06:48:33Z</time><extensions><speed>1.319840</speed><course>98.583468</course><hAcc>1.574701</hAcc><vAcc>0.990882</vAcc></extensions></trkpt>
      <trkpt lon="-117.329516" lat="33.979304"><ele>323.030979</ele><time>2025-03-17T06:48:34Z</time><extensions><speed>1.444116</speed><course>88.344392</course><hAcc>1.551734</hAcc><vAcc>0.986782</vAcc></extensions></trkpt>
      <trkpt lon="-117.329501" lat="33.979305"><ele>323.027147</ele><time>2025-03-17T06:48:35Z</time><extensions><speed>1.318677</speed><course>83.494166</course><hAcc>1.563670</hAcc><vAcc>0.981316</vAcc></extensions></trkpt>
      <trkpt lon="-117.329487" lat="33.979305"><ele>323.028086</ele><time>2025-03-17T06:48:36Z</time><extensions><speed>1.365118</speed><course>89.336942</course><hAcc>1.540466</hAcc><vAcc>0.975391</vAcc></extensions></trkpt>
      <trkpt lon="-117.329472" lat="33.979305"><ele>323.017166</ele><time>2025-03-17T06:48:37Z</time><extensions><speed>1.293710</speed><course>91.553240</course><hAcc>1.549531</hAcc><vAcc>0.969125</vAcc></extensions></trkpt>
      <trkpt lon="-117.329458" lat="33.979304"><ele>323.008165</ele><time>2025-03-17T06:48:38Z</time><extensions><speed>1.296693</speed><course>95.054238</course><hAcc>1.541380</hAcc><vAcc>0.960703</vAcc></extensions></trkpt>
      <trkpt lon="-117.329444" lat="33.979303"><ele>323.001759</ele><time>2025-03-17T06:48:39Z</time><extensions><speed>1.399765</speed><course>98.830328</course><hAcc>1.535762</hAcc><vAcc>0.952700</vAcc></extensions></trkpt>
      <trkpt lon="-117.329429" lat="33.979301"><ele>322.993731</ele><time>2025-03-17T06:48:40Z</time><extensions><speed>1.306205</speed><course>98.617862</course><hAcc>1.550585</hAcc><vAcc>0.944354</vAcc></extensions></trkpt>
      <trkpt lon="-117.329415" lat="33.979299"><ele>322.973335</ele><time>2025-03-17T06:48:41Z</time><extensions><speed>1.315973</speed><course>100.335834</course><hAcc>1.531688</hAcc><vAcc>0.935697</vAcc></extensions></trkpt>
      <trkpt lon="-117.329401" lat="33.979296"><ele>322.953043</ele><time>2025-03-17T06:48:42Z</time><extensions><speed>1.404661</speed><course>105.385741</course><hAcc>1.519409</hAcc><vAcc>0.927686</vAcc></extensions></trkpt>
      <trkpt lon="-117.329386" lat="33.979293"><ele>322.917981</ele><time>2025-03-17T06:48:43Z</time><extensions><speed>1.510168</speed><course>104.846571</course><hAcc>1.505492</hAcc><vAcc>0.919327</vAcc></extensions></trkpt>
      <trkpt lon="-117.329369" lat="33.979289"><ele>322.871237</ele><time>2025-03-17T06:48:44Z</time><extensions><speed>1.612318</speed><course>102.938871</course><hAcc>1.484233</hAcc><vAcc>0.911902</vAcc></extensions></trkpt>
      <trkpt lon="-117.329352" lat="33.979286"><ele>322.820631</ele><time>2025-03-17T06:48:45Z</time><extensions><speed>1.619716</speed><course>101.467560</course><hAcc>1.462447</hAcc><vAcc>0.904876</vAcc></extensions></trkpt>
      <trkpt lon="-117.329336" lat="33.979284"><ele>322.778179</ele><time>2025-03-17T06:48:46Z</time><extensions><speed>1.510598</speed><course>101.122398</course><hAcc>1.455547</hAcc><vAcc>0.898968</vAcc></extensions></trkpt>
      <trkpt lon="-117.329321" lat="33.979281"><ele>322.740358</ele><time>2025-03-17T06:48:47Z</time><extensions><speed>1.266794</speed><course>102.857179</course><hAcc>1.460539</hAcc><vAcc>0.893603</vAcc></extensions></trkpt>
      <trkpt lon="-117.329307" lat="33.979278"><ele>322.687770</ele><time>2025-03-17T06:48:48Z</time><extensions><speed>1.413454</speed><course>103.052820</course><hAcc>1.428205</hAcc><vAcc>0.889572</vAcc></extensions></trkpt>
      <trkpt lon="-117.329293" lat="33.979276"><ele>322.635318</ele><time>2025-03-17T06:48:49Z</time><extensions><speed>1.236062</speed><course>101.029413</course><hAcc>1.430190</hAcc><vAcc>0.886069</vAcc></extensions></trkpt>
      <trkpt lon="-117.329279" lat="33.979274"><ele>322.593065</ele><time>2025-03-17T06:48:50Z</time><extensions><speed>1.264997</speed><course>97.807311</course><hAcc>1.412940</hAcc><vAcc>0.882731</vAcc></extensions></trkpt>
      <trkpt lon="-117.329266" lat="33.979273"><ele>322.561694</ele><time>2025-03-17T06:48:51Z</time><extensions><speed>1.283780</speed><course>96.701134</course><hAcc>1.407170</hAcc><vAcc>0.879039</vAcc></extensions></trkpt>
      <trkpt lon="-117.329252" lat="33.979272"><ele>322.536872</ele><time>2025-03-17T06:48:52Z</time><extensions><speed>1.253442</speed><course>96.751818</course><hAcc>1.415149</hAcc><vAcc>0.876358</vAcc></extensions></trkpt>
      <trkpt lon="-117.329238" lat="33.979271"><ele>322.505552</ele><time>2025-03-17T06:48:53Z</time><extensions><speed>1.267163</speed><course>94.245368</course><hAcc>1.408172</hAcc><vAcc>0.873268</vAcc></extensions></trkpt>
      <trkpt lon="-117.329225" lat="33.979271"><ele>322.490463</ele><time>2025-03-17T06:48:54Z</time><extensions><speed>1.255838</speed><course>89.065155</course><hAcc>1.399262</hAcc><vAcc>0.870774</vAcc></extensions></trkpt>
      <trkpt lon="-117.329211" lat="33.979271"><ele>322.477805</ele><time>2025-03-17T06:48:55Z</time><extensions><speed>1.288835</speed><course>87.153061</course><hAcc>1.384804</hAcc><vAcc>0.868116</vAcc></extensions></trkpt>
      <trkpt lon="-117.329196" lat="33.979272"><ele>322.479880</ele><time>2025-03-17T06:48:56Z</time><extensions><speed>1.376146</speed><course>89.046473</course><hAcc>1.364680</hAcc><vAcc>0.865797</vAcc></extensions></trkpt>
      <trkpt lon="-117.329181" lat="33.979272"><ele>322.501190</ele><time>2025-03-17T06:48:57Z</time><extensions><speed>1.447683</speed><course>89.056356</course><hAcc>1.344326</hAcc><vAcc>0.863034</vAcc></extensions></trkpt>
      <trkpt lon="-117.329165" lat="33.979273"><ele>322.524840</ele><time>2025-03-17T06:48:58Z</time><extensions><speed>1.419001</speed><course>87.030554</course><hAcc>1.345064</hAcc><vAcc>0.859648</vAcc></extensions></trkpt>
      <trkpt lon="-117.329149" lat="33.979273"><ele>322.576906</ele><time>2025-03-17T06:48:59Z</time><extensions><speed>1.529345</speed><course>87.662958</course><hAcc>1.348328</hAcc><vAcc>0.855570</vAcc></extensions></trkpt>
      <trkpt lon="-117.329133" lat="33.979274"><ele>322.644407</ele><time>2025-03-17T06:49:00Z</time><extensions><speed>1.426536</speed><course>86.620795</course><hAcc>1.319938</hAcc><vAcc>0.851976</vAcc></extensions></trkpt>
      <trkpt lon="-117.329117" lat="33.979275"><ele>322.708544</ele><time>2025-03-17T06:49:01Z</time><extensions><speed>1.507447</speed><course>83.023940</course><hAcc>1.305722</hAcc><vAcc>0.848155</vAcc></extensions></trkpt>
      <trkpt lon="-117.329102" lat="33.979278"><ele>322.774263</ele><time>2025-03-17T06:49:02Z</time><extensions><speed>1.332770</speed><course>76.853115</course><hAcc>1.334380</hAcc><vAcc>0.845046</vAcc></extensions></trkpt>
      <trkpt lon="-117.329087" lat="33.979280"><ele>322.840943</ele><time>2025-03-17T06:49:03Z</time><extensions><speed>1.495769</speed><course>79.270718</course><hAcc>1.321102</hAcc><vAcc>0.841640</vAcc></extensions></trkpt>
      <trkpt lon="-117.329072" lat="33.979282"><ele>322.904554</ele><time>2025-03-17T06:49:04Z</time><extensions><speed>1.335529</speed><course>82.838467</course><hAcc>1.346157</hAcc><vAcc>0.839075</vAcc></extensions></trkpt>
      <trkpt lon="-117.329057" lat="33.979283"><ele>322.965338</ele><time>2025-03-17T06:49:05Z</time><extensions><speed>1.417226</speed><course>84.702168</course><hAcc>1.339464</hAcc><vAcc>0.836079</vAcc></extensions></trkpt>
      <trkpt lon="-117.329041" lat="33.979284"><ele>323.044160</ele><time>2025-03-17T06:49:06Z</time><extensions><speed>1.492839</speed><course>87.909775</course><hAcc>1.347938</hAcc><vAcc>0.833037</vAcc></extensions></trkpt>
      <trkpt lon="-117.329025" lat="33.979285"><ele>323.118602</ele><time>2025-03-17T06:49:07Z</time><extensions><speed>1.532058</speed><course>88.773373</course><hAcc>1.346059</hAcc><vAcc>0.830061</vAcc></extensions></trkpt>
      <trkpt lon="-117.329008" lat="33.979285"><ele>323.198636</ele><time>2025-03-17T06:49:08Z</time><extensions><speed>1.531039</speed><course>90.533158</course><hAcc>1.339722</hAcc><vAcc>0.827266</vAcc></extensions></trkpt>
      <trkpt lon="-117.328992" lat="33.979285"><ele>323.273738</ele><time>2025-03-17T06:49:09Z</time><extensions><speed>1.596058</speed><course>89.351568</course><hAcc>1.337865</hAcc><vAcc>0.825132</vAcc></extensions></trkpt>
      <trkpt lon="-117.328975" lat="33.979285"><ele>323.349290</ele><time>2025-03-17T06:49:10Z</time><extensions><speed>1.440178</speed><course>84.464554</course><hAcc>1.354092</hAcc><vAcc>0.823772</vAcc></extensions></trkpt>
      <trkpt lon="-117.328959" lat="33.979287"><ele>323.427504</ele><time>2025-03-17T06:49:11Z</time><extensions><speed>1.629033</speed><course>82.944015</course><hAcc>1.334514</hAcc><vAcc>0.822766</vAcc></extensions></trkpt>
      <trkpt lon="-117.328942" lat="33.979288"><ele>323.511261</ele><time>2025-03-17T06:49:12Z</time><extensions><speed>1.462671</speed><course>85.669188</course><hAcc>1.338305</hAcc><vAcc>0.821022</vAcc></extensions></trkpt>
      <trkpt lon="-117.328926" lat="33.979289"><ele>323.600084</ele><time>2025-03-17T06:49:13Z</time><extensions><speed>1.554201</speed><course>91.980677</course><hAcc>1.331964</hAcc><vAcc>0.818651</vAcc></extensions></trkpt>
      <trkpt lon="-117.328909" lat="33.979288"><ele>323.687250</ele><time>2025-03-17T06:49:14Z</time><extensions><speed>1.436506</speed><course>98.196862</course><hAcc>1.348034</hAcc><vAcc>0.815659</vAcc></extensions></trkpt>
      <trkpt lon="-117.328893" lat="33.979285"><ele>323.772392</ele><time>2025-03-17T06:49:15Z</time><extensions><speed>1.572988</speed><course>100.183509</course><hAcc>1.326571</hAcc><vAcc>0.812014</vAcc></extensions></trkpt>
      <trkpt lon="-117.328877" lat="33.979284"><ele>323.849626</ele><time>2025-03-17T06:49:16Z</time><extensions><speed>1.460626</speed><course>95.036145</course><hAcc>1.314008</hAcc><vAcc>0.808003</vAcc></extensions></trkpt>
      <trkpt lon="-117.328862" lat="33.979283"><ele>323.922015</ele><time>2025-03-17T06:49:17Z</time><extensions><speed>1.370277</speed><course>86.347075</course><hAcc>1.300981</hAcc><vAcc>0.803616</vAcc></extensions></trkpt>
      <trkpt lon="-117.328847" lat="33.979284"><ele>323.982643</ele><time>2025-03-17T06:49:18Z</time><extensions><speed>1.349653</speed><course>85.083661</course><hAcc>1.276822</hAcc><vAcc>0.799010</vAcc></extensions></trkpt>
      <trkpt lon="-117.328832" lat="33.979285"><ele>324.039237</ele><time>2025-03-17T06:49:19Z</time><extensions><speed>1.355067</speed><course>86.179410</course><hAcc>1.267844</hAcc><vAcc>0.794392</vAcc></extensions></trkpt>
      <trkpt lon="-117.328818" lat="33.979286"><ele>324.087823</ele><time>2025-03-17T06:49:20Z</time><extensions><speed>1.234052</speed><course>86.123216</course><hAcc>1.292962</hAcc><vAcc>0.789789</vAcc></extensions></trkpt>
      <trkpt lon="-117.328805" lat="33.979287"><ele>324.136727</ele><time>2025-03-17T06:49:21Z</time><extensions><speed>1.134574</speed><course>84.039113</course><hAcc>1.287068</hAcc><vAcc>0.785434</vAcc></extensions></trkpt>
      <trkpt lon="-117.328792" lat="33.979288"><ele>324.179329</ele><time>2025-03-17T06:49:22Z</time><extensions><speed>1.304709</speed><course>88.338048</course><hAcc>1.239194</hAcc><vAcc>0.781323</vAcc></extensions></trkpt>
      <trkpt lon="-117.328778" lat="33.979288"><ele>324.225343</ele><time>2025-03-17T06:49:23Z</time><extensions><speed>1.408865</speed><course>93.023198</course><hAcc>1.225172</hAcc><vAcc>0.777421</vAcc></extensions></trkpt>
      <trkpt lon="-117.328762" lat="33.979287"><ele>324.275667</ele><time>2025-03-17T06:49:24Z</time><extensions><speed>1.500917</speed><course>97.256796</course><hAcc>1.222644</hAcc><vAcc>0.774222</vAcc></extensions></trkpt>
      <trkpt lon="-117.328746" lat="33.979285"><ele>324.329462</ele><time>2025-03-17T06:49:25Z</time><extensions><speed>1.556476</speed><course>98.594140</course><hAcc>1.218412</hAcc><vAcc>0.771792</vAcc></extensions></trkpt>
      <trkpt lon="-117.328730" lat="33.979283"><ele>324.388942</ele><time>2025-03-17T06:49:26Z</time><extensions><speed>1.372776</speed><course>97.956888</course><hAcc>1.240593</hAcc><vAcc>0.769790</vAcc></extensions></trkpt>
      <trkpt lon="-117.328715" lat="33.979281"><ele>324.447202</ele><time>2025-03-17T06:49:27Z</time><extensions><speed>1.453629</speed><course>98.693370</course><hAcc>1.245085</hAcc><vAcc>0.768568</vAcc></extensions></trkpt>
      <trkpt lon="-117.328699" lat="33.979279"><ele>324.504255</ele><time>2025-03-17T06:49:28Z</time><extensions><speed>1.484677</speed><course>94.909776</course><hAcc>1.205583</hAcc><vAcc>0.768212</vAcc></extensions></trkpt>
      <trkpt lon="-117.328683" lat="33.979279"><ele>324.559403</ele><time>2025-03-17T06:49:29Z</time><extensions><speed>1.344096</speed><course>89.821754</course><hAcc>1.213021</hAcc><vAcc>0.768125</vAcc></extensions></trkpt>
      <trkpt lon="-117.328669" lat="33.979279"><ele>324.618259</ele><time>2025-03-17T06:49:30Z</time><extensions><speed>1.361474</speed><course>84.847353</course><hAcc>1.208505</hAcc><vAcc>0.768603</vAcc></extensions></trkpt>
      <trkpt lon="-117.328655" lat="33.979281"><ele>324.695638</ele><time>2025-03-17T06:49:31Z</time><extensions><speed>1.272562</speed><course>80.164575</course><hAcc>1.236907</hAcc><vAcc>0.769145</vAcc></extensions></trkpt>
      <trkpt lon="-117.328641" lat="33.979283"><ele>324.786812</ele><time>2025-03-17T06:49:32Z</time><extensions><speed>1.213132</speed><course>80.713027</course><hAcc>1.254117</hAcc><vAcc>0.769842</vAcc></extensions></trkpt>
      <trkpt lon="-117.328628" lat="33.979285"><ele>324.883157</ele><time>2025-03-17T06:49:33Z</time><extensions><speed>1.216459</speed><course>79.188608</course><hAcc>1.236349</hAcc><vAcc>0.770605</vAcc></extensions></trkpt>
      <trkpt lon="-117.328615" lat="33.979287"><ele>324.960914</ele><time>2025-03-17T06:49:34Z</time><extensions><speed>1.263539</speed><course>81.439917</course><hAcc>1.248519</hAcc><vAcc>0.771255</vAcc></extensions></trkpt>
      <trkpt lon="-117.328601" lat="33.979288"><ele>325.043165</ele><time>2025-03-17T06:49:35Z</time><extensions><speed>1.377638</speed><course>87.210212</course><hAcc>1.260889</hAcc><vAcc>0.771750</vAcc></extensions></trkpt>
      <trkpt lon="-117.328586" lat="33.979288"><ele>325.130335</ele><time>2025-03-17T06:49:36Z</time><extensions><speed>1.413015</speed><course>92.726821</course><hAcc>1.257030</hAcc><vAcc>0.771892</vAcc></extensions></trkpt>
      <trkpt lon="-117.328570" lat="33.979286"><ele>325.215648</ele><time>2025-03-17T06:49:37Z</time><extensions><speed>1.481786</speed><course>97.406976</course><hAcc>1.266554</hAcc><vAcc>0.772023</vAcc></extensions></trkpt>
      <trkpt lon="-117.328555" lat="33.979285"><ele>325.293148</ele><time>2025-03-17T06:49:38Z</time><extensions><speed>1.388622</speed><course>97.518278</course><hAcc>1.288443</hAcc><vAcc>0.772006</vAcc></extensions></trkpt>
      <trkpt lon="-117.328539" lat="33.979283"><ele>325.369230</ele><time>2025-03-17T06:49:39Z</time><extensions><speed>1.485367</speed><course>97.018855</course><hAcc>1.269658</hAcc><vAcc>0.771350</vAcc></extensions></trkpt>
      <trkpt lon="-117.328523" lat="33.979282"><ele>325.444169</ele><time>2025-03-17T06:49:40Z</time><extensions><speed>1.424643</speed><course>91.515037</course><hAcc>1.277165</hAcc><vAcc>0.770799</vAcc></extensions></trkpt>
      <trkpt lon="-117.328508" lat="33.979282"><ele>325.516867</ele><time>2025-03-17T06:49:41Z</time><extensions><speed>1.368501</speed><course>87.772406</course><hAcc>1.269522</hAcc><vAcc>0.769927</vAcc></extensions></trkpt>
      <trkpt lon="-117.328494" lat="33.979283"><ele>325.581086</ele><time>2025-03-17T06:49:42Z</time><extensions><speed>1.263695</speed><course>87.591090</course><hAcc>1.266072</hAcc><vAcc>0.769085</vAcc></extensions></trkpt>
      <trkpt lon="-117.328480" lat="33.979283"><ele>325.642600</ele><time>2025-03-17T06:49:43Z</time><extensions><speed>1.257386</speed><course>92.664058</course><hAcc>1.264797</hAcc><vAcc>0.768362</vAcc></extensions></trkpt>
      <trkpt lon="-117.328467" lat="33.979281"><ele>325.701453</ele><time>2025-03-17T06:49:44Z</time><extensions><speed>1.340956</speed><course>99.196445</course><hAcc>1.258421</hAcc><vAcc>0.767787</vAcc></extensions></trkpt>
      <trkpt lon="-117.328452" lat="33.979279"><ele>325.749427</ele><time>2025-03-17T06:49:45Z</time><extensions><speed>1.414105</speed><course>99.959915</course><hAcc>1.266345</hAcc><vAcc>0.767343</vAcc></extensions></trkpt>
      <trkpt lon="-117.328437" lat="33.979277"><ele>325.792620</ele><time>2025-03-17T06:49:46Z</time><extensions><speed>1.429294</speed><course>97.791698</course><hAcc>1.252864</hAcc><vAcc>0.766964</vAcc></extensions></trkpt>
      <trkpt lon="-117.328421" lat="33.979275"><ele>325.823645</ele><time>2025-03-17T06:49:47Z</time><extensions><speed>1.512366</speed><course>97.747177</course><hAcc>1.264101</hAcc><vAcc>0.766554</vAcc></extensions></trkpt>
      <trkpt lon="-117.328405" lat="33.979274"><ele>325.845859</ele><time>2025-03-17T06:49:48Z</time><extensions><speed>1.446614</speed><course>97.368244</course><hAcc>1.268885</hAcc><vAcc>0.766008</vAcc></extensions></trkpt>
      <trkpt lon="-117.328389" lat="33.979273"><ele>325.856689</ele><time>2025-03-17T06:49:49Z</time><extensions><speed>1.586372</speed><course>92.222022</course><hAcc>1.249580</hAcc><vAcc>0.765280</vAcc></extensions></trkpt>
      <trkpt lon="-117.328372" lat="33.979273"><ele>325.856752</ele><time>2025-03-17T06:49:50Z</time><extensions><speed>1.433921</speed><course>85.439159</course><hAcc>1.254887</hAcc><vAcc>0.764435</vAcc></extensions></trkpt>
      <trkpt lon="-117.328357" lat="33.979274"><ele>325.851559</ele><time>2025-03-17T06:49:51Z</time><extensions><speed>1.410235</speed><course>82.302233</course><hAcc>1.239381</hAcc><vAcc>0.763473</vAcc></extensions></trkpt>
      <trkpt lon="-117.328342" lat="33.979276"><ele>325.835754</ele><time>2025-03-17T06:49:52Z</time><extensions><speed>1.423106</speed><course>84.526570</course><hAcc>1.244760</hAcc><vAcc>0.762835</vAcc></extensions></trkpt>
      <trkpt lon="-117.328327" lat="33.979277"><ele>325.814607</ele><time>2025-03-17T06:49:53Z</time><extensions><speed>1.250248</speed><course>83.722209</course><hAcc>1.275403</hAcc><vAcc>0.762234</vAcc></extensions></trkpt>
      <trkpt lon="-117.328314" lat="33.979278"><ele>325.788219</ele><time>2025-03-17T06:49:54Z</time><extensions><speed>1.226181</speed><course>89.307488</course><hAcc>1.258082</hAcc><vAcc>0.762191</vAcc></extensions></trkpt>
      <trkpt lon="-117.328301" lat="33.979278"><ele>325.753320</ele><time>2025-03-17T06:49:55Z</time><extensions><speed>1.255027</speed><course>89.034461</course><hAcc>1.280884</hAcc><vAcc>0.762874</vAcc></extensions></trkpt>
      <trkpt lon="-117.328287" lat="33.979278"><ele>325.712253</ele><time>2025-03-17T06:49:56Z</time><extensions><speed>1.199830</speed><course>90.677651</course><hAcc>1.285541</hAcc><vAcc>0.764533</vAcc></extensions></trkpt>
      <trkpt lon="-117.328274" lat="33.979278"><ele>325.661686</ele><time>2025-03-17T06:49:57Z</time><extensions><speed>1.293988</speed><course>91.185845</course><hAcc>1.320648</hAcc><vAcc>0.767068</vAcc></extensions></trkpt>
      <trkpt lon="-117.328259" lat="33.979278"><ele>325.611607</ele><time>2025-03-17T06:49:58Z</time><extensions><speed>1.355726</speed><course>88.690161</course><hAcc>1.359022</hAcc><vAcc>0.771385</vAcc></extensions></trkpt>
      <trkpt lon="-117.328244" lat="33.979278"><ele>325.562379</ele><time>2025-03-17T06:49:59Z</time><extensions><speed>1.398765</speed><course>87.000817</course><hAcc>1.389119</hAcc><vAcc>0.777376</vAcc></extensions></trkpt>
      <trkpt lon="-117.328229" lat="33.979279"><ele>325.522455</ele><time>2025-03-17T06:50:00Z</time><extensions><speed>1.395716</speed><course>87.114769</course><hAcc>1.412654</hAcc><vAcc>0.785425</vAcc></extensions></trkpt>
      <trkpt lon="-117.328214" lat="33.979280"><ele>325.480934</ele><time>2025-03-17T06:50:01Z</time><extensions><speed>1.457278</speed><course>88.397093</course><hAcc>1.442752</hAcc><vAcc>0.795213</vAcc></extensions></trkpt>
      <trkpt lon="-117.328198" lat="33.979280"><ele>325.452758</ele><time>2025-03-17T06:50:02Z</time><extensions><speed>1.414357</speed><course>92.342627</course><hAcc>1.484704</hAcc><vAcc>0.805154</vAcc></extensions></trkpt>
      <trkpt lon="-117.328183" lat="33.979279"><ele>325.425947</ele><time>2025-03-17T06:50:03Z</time><extensions><speed>1.421733</speed><course>91.794313</course><hAcc>1.468979</hAcc><vAcc>0.817011</vAcc></extensions></trkpt>
      <trkpt lon="-117.328168" lat="33.979279"><ele>325.413990</ele><time>2025-03-17T06:50:04Z</time><extensions><speed>1.417452</speed><course>90.158971</course><hAcc>1.470940</hAcc><vAcc>0.829983</vAcc></extensions></trkpt>
      <trkpt lon="-117.328153" lat="33.979280"><ele>325.403699</ele><time>2025-03-17T06:50:05Z</time><extensions><speed>1.401448</speed><course>87.204304</course><hAcc>1.477946</hAcc><vAcc>0.843452</vAcc></extensions></trkpt>
      <trkpt lon="-117.328138" lat="33.979281"><ele>325.394963</ele><time>2025-03-17T06:50:06Z</time><extensions><speed>1.412447</speed><course>86.104206</course><hAcc>1.475993</hAcc><vAcc>0.857102</vAcc></extensions></trkpt>
      <trkpt lon="-117.328122" lat="33.979282"><ele>325.393686</ele><time>2025-03-17T06:50:07Z</time><extensions><speed>1.402497</speed><course>85.547412</course><hAcc>1.476698</hAcc><vAcc>0.870299</vAcc></extensions></trkpt>
      <trkpt lon="-117.328107" lat="33.979283"><ele>325.406382</ele><time>2025-03-17T06:50:08Z</time><extensions><speed>1.376025</speed><course>86.373711</course><hAcc>1.499626</hAcc><vAcc>0.883211</vAcc></extensions></trkpt>
      <trkpt lon="-117.328093" lat="33.979284"><ele>325.429748</ele><time>2025-03-17T06:50:09Z</time><extensions><speed>1.332586</speed><course>82.151806</course><hAcc>1.467646</hAcc><vAcc>0.894435</vAcc></extensions></trkpt>
      <trkpt lon="-117.328079" lat="33.979287"><ele>325.464493</ele><time>2025-03-17T06:50:10Z</time><extensions><speed>1.314634</speed><course>76.882442</course><hAcc>1.464563</hAcc><vAcc>0.904460</vAcc></extensions></trkpt>
      <trkpt lon="-117.328065" lat="33.979290"><ele>325.499164</ele><time>2025-03-17T06:50:11Z</time><extensions><speed>1.337210</speed><course>71.657489</course><hAcc>1.441215</hAcc><vAcc>0.912233</vAcc></extensions></trkpt>
      <trkpt lon="-117.328051" lat="33.979295"><ele>325.543787</ele><time>2025-03-17T06:50:12Z</time><extensions><speed>1.416185</speed><course>65.256984</course><hAcc>1.413789</hAcc><vAcc>0.918172</vAcc></extensions></trkpt>
      <trkpt lon="-117.328038" lat="33.979301"><ele>325.600204</ele><time>2025-03-17T06:50:13Z</time><extensions><speed>1.336715</speed><course>56.843052</course><hAcc>1.413998</hAcc><vAcc>0.923848</vAcc></extensions></trkpt>
      <trkpt lon="-117.328027" lat="33.979309"><ele>325.674220</ele><time>2025-03-17T06:50:14Z</time><extensions><speed>1.377934</speed><course>40.547787</course><hAcc>1.401388</hAcc><vAcc>0.926551</vAcc></extensions></trkpt>
      <trkpt lon="-117.328017" lat="33.979320"><ele>325.742127</ele><time>2025-03-17T06:50:15Z</time><extensions><speed>1.658288</speed><course>37.250594</course><hAcc>1.375660</hAcc><vAcc>0.929540</vAcc></extensions></trkpt>
      <trkpt lon="-117.328007" lat="33.979331"><ele>325.826888</ele><time>2025-03-17T06:50:16Z</time><extensions><speed>1.457145</speed><course>38.958141</course><hAcc>1.362615</hAcc><vAcc>0.929840</vAcc></extensions></trkpt>
      <trkpt lon="-117.327997" lat="33.979341"><ele>325.926129</ele><time>2025-03-17T06:50:17Z</time><extensions><speed>1.456942</speed><course>39.932698</course><hAcc>1.357567</hAcc><vAcc>0.928578</vAcc></extensions></trkpt>
      <trkpt lon="-117.327987" lat="33.979352"><ele>326.018617</ele><time>2025-03-17T06:50:18Z</time><extensions><speed>1.463448</speed><course>37.513021</course><hAcc>1.336037</hAcc><vAcc>0.928019</vAcc></extensions></trkpt>
      <trkpt lon="-117.327977" lat="33.979363"><ele>326.127171</ele><time>2025-03-17T06:50:19Z</time><extensions><speed>1.593879</speed><course>35.824429</course><hAcc>1.337420</hAcc><vAcc>0.925234</vAcc></extensions></trkpt>
      <trkpt lon="-117.327968" lat="33.979374"><ele>326.259559</ele><time>2025-03-17T06:50:20Z</time><extensions><speed>1.346829</speed><course>34.098184</course><hAcc>1.349382</hAcc><vAcc>0.921214</vAcc></extensions></trkpt>
      <trkpt lon="-117.327961" lat="33.979385"><ele>326.375117</ele><time>2025-03-17T06:50:21Z</time><extensions><speed>1.455779</speed><course>25.947744</course><hAcc>1.317029</hAcc><vAcc>0.917967</vAcc></extensions></trkpt>
      <trkpt lon="-117.327954" lat="33.979397"><ele>326.475228</ele><time>2025-03-17T06:50:22Z</time><extensions><speed>1.510279</speed><course>20.519588</course><hAcc>1.321513</hAcc><vAcc>0.913708</vAcc></extensions></trkpt>
      <trkpt lon="-117.327950" lat="33.979410"><ele>326.584925</ele><time>2025-03-17T06:50:23Z</time><extensions><speed>1.366194</speed><course>11.544149</course><hAcc>1.354361</hAcc><vAcc>0.909752</vAcc></extensions></trkpt>
      <trkpt lon="-117.327947" lat="33.979422"><ele>326.689457</ele><time>2025-03-17T06:50:24Z</time><extensions><speed>1.537454</speed><course>9.803074</course><hAcc>1.344429</hAcc><vAcc>0.906398</vAcc></extensions></trkpt>
      <trkpt lon="-117.327944" lat="33.979435"><ele>326.788200</ele><time>2025-03-17T06:50:25Z</time><extensions><speed>1.398962</speed><course>13.682363</course><hAcc>1.371903</hAcc><vAcc>0.903201</vAcc></extensions></trkpt>
      <trkpt lon="-117.327940" lat="33.979448"><ele>326.885774</ele><time>2025-03-17T06:50:26Z</time><extensions><speed>1.353947</speed><course>14.856671</course><hAcc>1.365862</hAcc><vAcc>0.900016</vAcc></extensions></trkpt>
      <trkpt lon="-117.327936" lat="33.979460"><ele>326.971503</ele><time>2025-03-17T06:50:27Z</time><extensions><speed>1.491181</speed><course>18.445808</course><hAcc>1.387544</hAcc><vAcc>0.897759</vAcc></extensions></trkpt>
      <trkpt lon="-117.327931" lat="33.979472"><ele>327.034803</ele><time>2025-03-17T06:50:28Z</time><extensions><speed>1.338562</speed><course>16.732226</course><hAcc>1.420650</hAcc><vAcc>0.895696</vAcc></extensions></trkpt>
      <trkpt lon="-117.327928" lat="33.979484"><ele>327.098373</ele><time>2025-03-17T06:50:29Z</time><extensions><speed>1.303241</speed><course>10.582973</course><hAcc>1.405416</hAcc><vAcc>0.895612</vAcc></extensions></trkpt>
      <trkpt lon="-117.327925" lat="33.979496"><ele>327.152284</ele><time>2025-03-17T06:50:30Z</time><extensions><speed>1.434051</speed><course>11.073362</course><hAcc>1.414683</hAcc><vAcc>0.895797</vAcc></extensions></trkpt>
      <trkpt lon="-117.327922" lat="33.979508"><ele>327.193909</ele><time>2025-03-17T06:50:31Z</time><extensions><speed>1.374922</speed><course>10.086182</course><hAcc>1.452804</hAcc><vAcc>0.896435</vAcc></extensions></trkpt>
      <trkpt lon="-117.327920" lat="33.979521"><ele>327.224104</ele><time>2025-03-17T06:50:32Z</time><extensions><speed>1.451324</speed><course>8.267255</course><hAcc>1.449850</hAcc><vAcc>0.897916</vAcc></extensions></trkpt>
      <trkpt lon="-117.327917" lat="33.979534"><ele>327.243727</ele><time>2025-03-17T06:50:33Z</time><extensions><speed>1.460387</speed><course>9.384133</course><hAcc>1.457273</hAcc><vAcc>0.901249</vAcc></extensions></trkpt>
      <trkpt lon="-117.327915" lat="33.979546"><ele>327.259297</ele><time>2025-03-17T06:50:34Z</time><extensions><speed>1.376706</speed><course>8.275706</course><hAcc>1.471829</hAcc><vAcc>0.904792</vAcc></extensions></trkpt>
      <trkpt lon="-117.327912" lat="33.979559"><ele>327.257695</ele><time>2025-03-17T06:50:35Z</time><extensions><speed>1.422294</speed><course>6.445062</course><hAcc>1.481303</hAcc><vAcc>0.907268</vAcc></extensions></trkpt>
      <trkpt lon="-117.327910" lat="33.979572"><ele>327.240225</ele><time>2025-03-17T06:50:36Z</time><extensions><speed>1.428062</speed><course>7.222768</course><hAcc>1.483446</hAcc><vAcc>0.907688</vAcc></extensions></trkpt>
      <trkpt lon="-117.327908" lat="33.979584"><ele>327.222468</ele><time>2025-03-17T06:50:37Z</time><extensions><speed>1.432917</speed><course>10.051425</course><hAcc>1.486118</hAcc><vAcc>0.907029</vAcc></extensions></trkpt>
      <trkpt lon="-117.327904" lat="33.979597"><ele>327.199767</ele><time>2025-03-17T06:50:38Z</time><extensions><speed>1.453506</speed><course>12.721752</course><hAcc>1.483983</hAcc><vAcc>0.906744</vAcc></extensions></trkpt>
      <trkpt lon="-117.327901" lat="33.979609"><ele>327.177040</ele><time>2025-03-17T06:50:39Z</time><extensions><speed>1.383392</speed><course>13.253722</course><hAcc>1.496547</hAcc><vAcc>0.905926</vAcc></extensions></trkpt>
      <trkpt lon="-117.327896" lat="33.979622"><ele>327.156492</ele><time>2025-03-17T06:50:40Z</time><extensions><speed>1.422031</speed><course>18.788511</course><hAcc>1.471265</hAcc><vAcc>0.903324</vAcc></extensions></trkpt>
      <trkpt lon="-117.327891" lat="33.979634"><ele>327.128907</ele><time>2025-03-17T06:50:41Z</time><extensions><speed>1.445732</speed><course>23.328567</course><hAcc>1.458496</hAcc><vAcc>0.900406</vAcc></extensions></trkpt>
      <trkpt lon="-117.327884" lat="33.979645"><ele>327.106142</ele><time>2025-03-17T06:50:42Z</time><extensions><speed>1.425404</speed><course>30.354970</course><hAcc>1.466023</hAcc><vAcc>0.896059</vAcc></extensions></trkpt>
      <trkpt lon="-117.327875" lat="33.979655"><ele>327.076447</ele><time>2025-03-17T06:50:43Z</time><extensions><speed>1.364909</speed><course>43.103635</course><hAcc>1.489464</hAcc><vAcc>0.891544</vAcc></extensions></trkpt>
      <trkpt lon="-117.327863" lat="33.979663"><ele>327.052984</ele><time>2025-03-17T06:50:44Z</time><extensions><speed>1.432921</speed><course>61.464257</course><hAcc>1.463774</hAcc><vAcc>0.886059</vAcc></extensions></trkpt>
      <trkpt lon="-117.327848" lat="33.979668"><ele>327.039882</ele><time>2025-03-17T06:50:45Z</time><extensions><speed>1.523761</speed><course>75.449975</course><hAcc>1.451200</hAcc><vAcc>0.879472</vAcc></extensions></trkpt>
      <trkpt lon="-117.327831" lat="33.979670"><ele>327.038288</ele><time>2025-03-17T06:50:46Z</time><extensions><speed>1.571552</speed><course>84.752711</course><hAcc>1.444212</hAcc><vAcc>0.872834</vAcc></extensions></trkpt>
      <trkpt lon="-117.327814" lat="33.979671"><ele>327.032603</ele><time>2025-03-17T06:50:47Z</time><extensions><speed>1.577550</speed><course>86.151709</course><hAcc>1.445697</hAcc><vAcc>0.865663</vAcc></extensions></trkpt>
      <trkpt lon="-117.327797" lat="33.979672"><ele>327.024430</ele><time>2025-03-17T06:50:48Z</time><extensions><speed>1.467450</speed><course>83.626250</course><hAcc>1.462896</hAcc><vAcc>0.859038</vAcc></extensions></trkpt>
      <trkpt lon="-117.327781" lat="33.979675"><ele>327.016094</ele><time>2025-03-17T06:50:49Z</time><extensions><speed>1.501280</speed><course>77.713988</course><hAcc>1.445376</hAcc><vAcc>0.853330</vAcc></extensions></trkpt>
      <trkpt lon="-117.327765" lat="33.979678"><ele>327.017169</ele><time>2025-03-17T06:50:50Z</time><extensions><speed>1.559959</speed><course>77.460878</course><hAcc>1.425658</hAcc><vAcc>0.848231</vAcc></extensions></trkpt>
      <trkpt lon="-117.327749" lat="33.979680"><ele>327.027318</ele><time>2025-03-17T06:50:51Z</time><extensions><speed>1.462630</speed><course>82.466393</course><hAcc>1.425901</hAcc><vAcc>0.844025</vAcc></extensions></trkpt>
      <trkpt lon="-117.327733" lat="33.979681"><ele>327.050756</ele><time>2025-03-17T06:50:52Z</time><extensions><speed>1.482814</speed><course>87.163829</course><hAcc>1.412360</hAcc><vAcc>0.841150</vAcc></extensions></trkpt>
      <trkpt lon="-117.327717" lat="33.979682"><ele>327.083853</ele><time>2025-03-17T06:50:53Z</time><extensions><speed>1.490658</speed><course>88.871950</course><hAcc>1.420845</hAcc><vAcc>0.839116</vAcc></extensions></trkpt>
      <trkpt lon="-117.327700" lat="33.979682"><ele>327.128316</ele><time>2025-03-17T06:50:54Z</time><extensions><speed>1.495214</speed><course>91.298486</course><hAcc>1.420266</hAcc><vAcc>0.837422</vAcc></extensions></trkpt>
      <trkpt lon="-117.327684" lat="33.979682"><ele>327.179466</ele><time>2025-03-17T06:50:55Z</time><extensions><speed>1.522613</speed><course>90.953248</course><hAcc>1.420552</hAcc><vAcc>0.836189</vAcc></extensions></trkpt>
      <trkpt lon="-117.327668" lat="33.979682"><ele>327.247106</ele><time>2025-03-17T06:50:56Z</time><extensions><speed>1.409645</speed><course>90.995030</course><hAcc>1.439853</hAcc><vAcc>0.835159</vAcc></extensions></trkpt>
      <trkpt lon="-117.327654" lat="33.979683"><ele>327.315882</ele><time>2025-03-17T06:50:57Z</time><extensions><speed>1.251240</speed><course>90.463192</course><hAcc>1.425971</hAcc><vAcc>0.834281</vAcc></extensions></trkpt>
      <trkpt lon="-117.327641" lat="33.979682"><ele>327.374640</ele><time>2025-03-17T06:50:58Z</time><extensions><speed>1.095304</speed><course>99.571931</course><hAcc>1.444822</hAcc><vAcc>0.834232</vAcc></extensions></trkpt>
      <trkpt lon="-117.327628" lat="33.979681"><ele>327.404345</ele><time>2025-03-17T06:50:59Z</time><extensions><speed>1.291219</speed><course>95.616486</course><hAcc>1.474587</hAcc><vAcc>0.834523</vAcc></extensions></trkpt>
      <trkpt lon="-117.327614" lat="33.979680"><ele>327.409450</ele><time>2025-03-17T06:51:00Z</time><extensions><speed>1.440056</speed><course>87.627515</course><hAcc>1.508764</hAcc><vAcc>0.834807</vAcc></extensions></trkpt>
      <trkpt lon="-117.327598" lat="33.979682"><ele>327.414495</ele><time>2025-03-17T06:51:01Z</time><extensions><speed>1.468451</speed><course>81.238367</course><hAcc>1.534238</hAcc><vAcc>0.835829</vAcc></extensions></trkpt>
      <trkpt lon="-117.327583" lat="33.979684"><ele>327.424650</ele><time>2025-03-17T06:51:02Z</time><extensions><speed>1.423947</speed><course>76.807604</course><hAcc>1.554693</hAcc><vAcc>0.836999</vAcc></extensions></trkpt>
      <trkpt lon="-117.327569" lat="33.979688"><ele>327.439575</ele><time>2025-03-17T06:51:03Z</time><extensions><speed>1.367757</speed><course>74.536997</course><hAcc>1.572149</hAcc><vAcc>0.838599</vAcc></extensions></trkpt>
      <trkpt lon="-117.327555" lat="33.979692"><ele>327.455937</ele><time>2025-03-17T06:51:04Z</time><extensions><speed>1.240359</speed><course>67.759014</course><hAcc>1.583504</hAcc><vAcc>0.840298</vAcc></extensions></trkpt>
      <trkpt lon="-117.327544" lat="33.979697"><ele>327.470314</ele><time>2025-03-17T06:51:05Z</time><extensions><speed>1.065962</speed><course>53.999790</course><hAcc>1.591439</hAcc><vAcc>0.842330</vAcc></extensions></trkpt>
      <trkpt lon="-117.327537" lat="33.979704"><ele>327.483215</ele><time>2025-03-17T06:51:06Z</time><extensions><speed>0.995326</speed><course>31.277826</course><hAcc>1.586524</hAcc><vAcc>0.845813</vAcc></extensions></trkpt>
      <trkpt lon="-117.327533" lat="33.979712"><ele>327.500576</ele><time>2025-03-17T06:51:07Z</time><extensions><speed>1.027819</speed><course>13.259355</course><hAcc>1.596176</hAcc><vAcc>0.850430</vAcc></extensions></trkpt>
      <trkpt lon="-117.327532" lat="33.979722"><ele>327.519032</ele><time>2025-03-17T06:51:08Z</time><extensions><speed>1.063370</speed><course>359.573941</course><hAcc>1.598565</hAcc><vAcc>0.856813</vAcc></extensions></trkpt>
      <trkpt lon="-117.327533" lat="33.979732"><ele>327.547557</ele><time>2025-03-17T06:51:09Z</time><extensions><speed>1.126119</speed><course>351.111237</course><hAcc>1.594181</hAcc><vAcc>0.863349</vAcc></extensions></trkpt>
      <trkpt lon="-117.327536" lat="33.979742"><ele>327.601237</ele><time>2025-03-17T06:51:10Z</time><extensions><speed>1.109653</speed><course>346.091281</course><hAcc>1.604497</hAcc><vAcc>0.870626</vAcc></extensions></trkpt>
      <trkpt lon="-117.327539" lat="33.979751"><ele>327.666292</ele><time>2025-03-17T06:51:11Z</time><extensions><speed>0.960762</speed><course>341.893821</course><hAcc>1.634704</hAcc><vAcc>0.878887</vAcc></extensions></trkpt>
      <trkpt lon="-117.327542" lat="33.979760"><ele>327.730261</ele><time>2025-03-17T06:51:12Z</time><extensions><speed>1.280012</speed><course>344.407084</course><hAcc>1.603530</hAcc><vAcc>0.887806</vAcc></extensions></trkpt>
      <trkpt lon="-117.327546" lat="33.979772"><ele>327.808325</ele><time>2025-03-17T06:51:13Z</time><extensions><speed>1.484696</speed><course>349.786157</course><hAcc>1.580029</hAcc><vAcc>0.896633</vAcc></extensions></trkpt>
      <trkpt lon="-117.327548" lat="33.979786"><ele>327.897809</ele><time>2025-03-17T06:51:14Z</time><extensions><speed>1.640276</speed><course>355.611870</course><hAcc>1.568190</hAcc><vAcc>0.905315</vAcc></extensions></trkpt>
      <trkpt lon="-117.327548" lat="33.979802"><ele>328.010651</ele><time>2025-03-17T06:51:15Z</time><extensions><speed>1.753242</speed><course>359.963367</course><hAcc>1.566779</hAcc><vAcc>0.913382</vAcc></extensions></trkpt>
      <trkpt lon="-117.327548" lat="33.979817"><ele>328.143289</ele><time>2025-03-17T06:51:16Z</time><extensions><speed>1.579203</speed><course>2.600446</course><hAcc>1.585214</hAcc><vAcc>0.920506</vAcc></extensions></trkpt>
      <trkpt lon="-117.327548" lat="33.979831"><ele>328.288434</ele><time>2025-03-17T06:51:17Z</time><extensions><speed>1.432806</speed><course>358.181653</course><hAcc>1.592783</hAcc><vAcc>0.928007</vAcc></extensions></trkpt>
      <trkpt lon="-117.327549" lat="33.979843"><ele>328.442216</ele><time>2025-03-17T06:51:18Z</time><extensions><speed>1.327081</speed><course>358.194452</course><hAcc>1.600286</hAcc><vAcc>0.935223</vAcc></extensions></trkpt>
      <trkpt lon="-117.327549" lat="33.979854"><ele>328.584364</ele><time>2025-03-17T06:51:19Z</time><extensions><speed>1.212498</speed><course>2.340483</course><hAcc>1.604983</hAcc><vAcc>0.940756</vAcc></extensions></trkpt>
      <trkpt lon="-117.327547" lat="33.979864"><ele>328.711003</ele><time>2025-03-17T06:51:20Z</time><extensions><speed>1.078341</speed><course>6.812425</course><hAcc>1.623384</hAcc><vAcc>0.947395</vAcc></extensions></trkpt>
      <trkpt lon="-117.327546" lat="33.979873"><ele>328.832999</ele><time>2025-03-17T06:51:21Z</time><extensions><speed>0.933540</speed><course>9.772284</course><hAcc>1.645957</hAcc><vAcc>0.955439</vAcc></extensions></trkpt>
      <trkpt lon="-117.327544" lat="33.979881"><ele>328.948583</ele><time>2025-03-17T06:51:22Z</time><extensions><speed>0.904349</speed><course>14.677659</course><hAcc>1.691683</hAcc><vAcc>0.964205</vAcc></extensions></trkpt>
      <trkpt lon="-117.327541" lat="33.979889"><ele>329.062314</ele><time>2025-03-17T06:51:23Z</time><extensions><speed>0.988843</speed><course>19.084063</course><hAcc>1.739538</hAcc><vAcc>0.973545</vAcc></extensions></trkpt>
      <trkpt lon="-117.327537" lat="33.979898"><ele>329.154705</ele><time>2025-03-17T06:51:24Z</time><extensions><speed>1.113063</speed><course>18.557275</course><hAcc>1.760217</hAcc><vAcc>0.981406</vAcc></extensions></trkpt>
      <trkpt lon="-117.327533" lat="33.979908"><ele>329.241830</ele><time>2025-03-17T06:51:25Z</time><extensions><speed>1.243007</speed><course>12.736427</course><hAcc>1.773292</hAcc><vAcc>0.988383</vAcc></extensions></trkpt>
      <trkpt lon="-117.327531" lat="33.979920"><ele>329.336350</ele><time>2025-03-17T06:51:26Z</time><extensions><speed>1.300602</speed><course>6.485445</course><hAcc>1.799977</hAcc><vAcc>0.995735</vAcc></extensions></trkpt>
      <trkpt lon="-117.327530" lat="33.979931"><ele>329.420329</ele><time>2025-03-17T06:51:27Z</time><extensions><speed>1.131618</speed><course>0.215786</course><hAcc>1.836432</hAcc><vAcc>1.003300</vAcc></extensions></trkpt>
      <trkpt lon="-117.327529" lat="33.979939"><ele>329.504183</ele><time>2025-03-17T06:51:28Z</time><extensions><speed>0.559074</speed><course>22.615309</course><hAcc>1.789318</hAcc><vAcc>1.012099</vAcc></extensions></trkpt>
      <trkpt lon="-117.327524" lat="33.979942"><ele>329.585571</ele><time>2025-03-17T06:51:29Z</time><extensions><speed>0.510865</speed><course>72.948416</course><hAcc>1.774938</hAcc><vAcc>1.022954</vAcc></extensions></trkpt>
      <trkpt lon="-117.327517" lat="33.979943"><ele>329.661472</ele><time>2025-03-17T06:51:30Z</time><extensions><speed>0.730833</speed><course>93.335897</course><hAcc>1.817661</hAcc><vAcc>1.034218</vAcc></extensions></trkpt>
      <trkpt lon="-117.327508" lat="33.979943"><ele>329.716623</ele><time>2025-03-17T06:51:31Z</time><extensions><speed>0.885408</speed><course>95.688460</course><hAcc>1.883307</hAcc><vAcc>1.045437</vAcc></extensions></trkpt>
      <trkpt lon="-117.327497" lat="33.979943"><ele>329.768920</ele><time>2025-03-17T06:51:32Z</time><extensions><speed>0.911552</speed><course>88.860240</course><hAcc>1.918456</hAcc><vAcc>1.055716</vAcc></extensions></trkpt>
      <trkpt lon="-117.327487" lat="33.979944"><ele>329.828512</ele><time>2025-03-17T06:51:33Z</time><extensions><speed>0.925633</speed><course>76.643764</course><hAcc>1.926846</hAcc><vAcc>1.065795</vAcc></extensions></trkpt>
      <trkpt lon="-117.327477" lat="33.979948"><ele>329.882245</ele><time>2025-03-17T06:51:34Z</time><extensions><speed>1.001309</speed><course>62.108512</course><hAcc>1.899861</hAcc><vAcc>1.076275</vAcc></extensions></trkpt>
      <trkpt lon="-117.327466" lat="33.979953"><ele>329.939594</ele><time>2025-03-17T06:51:35Z</time><extensions><speed>1.215058</speed><course>55.135525</course><hAcc>1.901004</hAcc><vAcc>1.086804</vAcc></extensions></trkpt>
      <trkpt lon="-117.327455" lat="33.979961"><ele>329.983101</ele><time>2025-03-17T06:51:36Z</time><extensions><speed>1.334477</speed><course>51.916996</course><hAcc>1.928335</hAcc><vAcc>1.098126</vAcc></extensions></trkpt>
      <trkpt lon="-117.327442" lat="33.979969"><ele>330.028685</ele><time>2025-03-17T06:51:37Z</time><extensions><speed>1.507164</speed><course>52.724099</course><hAcc>1.952105</hAcc><vAcc>1.107870</vAcc></extensions></trkpt>
      <trkpt lon="-117.327428" lat="33.979977"><ele>330.057177</ele><time>2025-03-17T06:51:38Z</time><extensions><speed>1.534939</speed><course>56.917713</course><hAcc>1.978483</hAcc><vAcc>1.114170</vAcc></extensions></trkpt>
      <trkpt lon="-117.327414" lat="33.979986"><ele>330.070200</ele><time>2025-03-17T06:51:39Z</time><extensions><speed>1.652805</speed><course>56.667948</course><hAcc>1.970394</hAcc><vAcc>1.120396</vAcc></extensions></trkpt>
      <trkpt lon="-117.327398" lat="33.979995"><ele>330.051451</ele><time>2025-03-17T06:51:40Z</time><extensions><speed>1.731335</speed><course>53.584607</course><hAcc>1.952899</hAcc><vAcc>1.124028</vAcc></extensions></trkpt>
      <trkpt lon="-117.327384" lat="33.980005"><ele>330.012274</ele><time>2025-03-17T06:51:41Z</time><extensions><speed>1.732581</speed><course>46.561592</course><hAcc>1.931225</hAcc><vAcc>1.125714</vAcc></extensions></trkpt>
      <trkpt lon="-117.327372" lat="33.980017"><ele>329.967903</ele><time>2025-03-17T06:51:42Z</time><extensions><speed>1.608047</speed><course>32.994417</course><hAcc>1.902115</hAcc><vAcc>1.125401</vAcc></extensions></trkpt>
      <trkpt lon="-117.327364" lat="33.980030"><ele>329.936120</ele><time>2025-03-17T06:51:43Z</time><extensions><speed>1.652831</speed><course>21.254024</course><hAcc>1.864867</hAcc><vAcc>1.122289</vAcc></extensions></trkpt>
      <trkpt lon="-117.327359" lat="33.980044"><ele>329.908966</ele><time>2025-03-17T06:51:44Z</time><extensions><speed>1.702252</speed><course>14.024847</course><hAcc>1.832445</hAcc><vAcc>1.116633</vAcc></extensions></trkpt>
      <trkpt lon="-117.327355" lat="33.980059"><ele>329.867257</ele><time>2025-03-17T06:51:45Z</time><extensions><speed>1.644378</speed><course>9.950412</course><hAcc>1.819426</hAcc><vAcc>1.108765</vAcc></extensions></trkpt>
      <trkpt lon="-117.327352" lat="33.980073"><ele>329.803063</ele><time>2025-03-17T06:51:46Z</time><extensions><speed>1.431708</speed><course>9.130335</course><hAcc>1.831262</hAcc><vAcc>1.100369</vAcc></extensions></trkpt>
      <trkpt lon="-117.327350" lat="33.980085"><ele>329.752056</ele><time>2025-03-17T06:51:47Z</time><extensions><speed>1.437084</speed><course>10.370448</course><hAcc>1.787105</hAcc><vAcc>1.088792</vAcc></extensions></trkpt>
      <trkpt lon="-117.327347" lat="33.980098"><ele>329.716655</ele><time>2025-03-17T06:51:48Z</time><extensions><speed>1.455685</speed><course>10.227745</course><hAcc>1.758148</hAcc><vAcc>1.076914</vAcc></extensions></trkpt>
      <trkpt lon="-117.327345" lat="33.980111"><ele>329.685509</ele><time>2025-03-17T06:51:49Z</time><extensions><speed>1.405164</speed><course>8.744513</course><hAcc>1.748721</hAcc><vAcc>1.064114</vAcc></extensions></trkpt>
      <trkpt lon="-117.327343" lat="33.980124"><ele>329.653811</ele><time>2025-03-17T06:51:50Z</time><extensions><speed>1.397394</speed><course>5.479713</course><hAcc>1.734675</hAcc><vAcc>1.050613</vAcc></extensions></trkpt>
      <trkpt lon="-117.327342" lat="33.980136"><ele>329.622319</ele><time>2025-03-17T06:51:51Z</time><extensions><speed>1.398967</speed><course>2.150364</course><hAcc>1.723450</hAcc><vAcc>1.037391</vAcc></extensions></trkpt>
      <trkpt lon="-117.327342" lat="33.980149"><ele>329.592688</ele><time>2025-03-17T06:51:52Z</time><extensions><speed>1.399122</speed><course>358.667618</course><hAcc>1.711030</hAcc><vAcc>1.025187</vAcc></extensions></trkpt>
      <trkpt lon="-117.327342" lat="33.980162"><ele>329.546053</ele><time>2025-03-17T06:51:53Z</time><extensions><speed>1.425834</speed><course>356.833610</course><hAcc>1.693665</hAcc><vAcc>1.013837</vAcc></extensions></trkpt>
      <trkpt lon="-117.327342" lat="33.980175"><ele>329.509402</ele><time>2025-03-17T06:51:54Z</time><extensions><speed>1.379733</speed><course>357.301873</course><hAcc>1.673051</hAcc><vAcc>1.004451</vAcc></extensions></trkpt>
      <trkpt lon="-117.327342" lat="33.980188"><ele>329.483196</ele><time>2025-03-17T06:51:55Z</time><extensions><speed>1.440914</speed><course>359.605578</course><hAcc>1.675361</hAcc><vAcc>0.995757</vAcc></extensions></trkpt>
      <trkpt lon="-117.327341" lat="33.980200"><ele>329.471310</ele><time>2025-03-17T06:51:56Z</time><extensions><speed>1.345557</speed><course>2.095845</course><hAcc>1.697316</hAcc><vAcc>0.989436</vAcc></extensions></trkpt>
      <trkpt lon="-117.327340" lat="33.980213"><ele>329.464595</ele><time>2025-03-17T06:51:57Z</time><extensions><speed>1.364640</speed><course>4.606209</course><hAcc>1.659204</hAcc><vAcc>0.984191</vAcc></extensions></trkpt>
      <trkpt lon="-117.327338" lat="33.980225"><ele>329.453850</ele><time>2025-03-17T06:51:58Z</time><extensions><speed>1.387619</speed><course>7.058267</course><hAcc>1.628331</hAcc><vAcc>0.979007</vAcc></extensions></trkpt>
      <trkpt lon="-117.327335" lat="33.980238"><ele>329.451766</ele><time>2025-03-17T06:51:59Z</time><extensions><speed>1.479620</speed><course>11.289754</course><hAcc>1.614022</hAcc><vAcc>0.976665</vAcc></extensions></trkpt>
      <trkpt lon="-117.327330" lat="33.980252"><ele>329.465949</ele><time>2025-03-17T06:52:00Z</time><extensions><speed>1.585362</speed><course>16.835036</course><hAcc>1.603048</hAcc><vAcc>0.972021</vAcc></extensions></trkpt>
      <trkpt lon="-117.327324" lat="33.980266"><ele>329.469138</ele><time>2025-03-17T06:52:01Z</time><extensions><speed>1.669044</speed><course>25.445771</course><hAcc>1.583412</hAcc><vAcc>0.966145</vAcc></extensions></trkpt>
      <trkpt lon="-117.327314" lat="33.980279"><ele>329.477009</ele><time>2025-03-17T06:52:02Z</time><extensions><speed>1.700622</speed><course>36.313520</course><hAcc>1.560751</hAcc><vAcc>0.957992</vAcc></extensions></trkpt>
      <trkpt lon="-117.327302" lat="33.980291"><ele>329.489004</ele><time>2025-03-17T06:52:03Z</time><extensions><speed>1.755765</speed><course>48.478949</course><hAcc>1.551444</hAcc><vAcc>0.950435</vAcc></extensions></trkpt>
      <trkpt lon="-117.327288" lat="33.980299"><ele>329.501996</ele><time>2025-03-17T06:52:04Z</time><extensions><speed>1.521452</speed><course>63.647299</course><hAcc>1.568137</hAcc><vAcc>0.941983</vAcc></extensions></trkpt>
      <trkpt lon="-117.327272" lat="33.980304"><ele>329.515890</ele><time>2025-03-17T06:52:05Z</time><extensions><speed>1.547182</speed><course>74.680533</course><hAcc>1.536467</hAcc><vAcc>0.933577</vAcc></extensions></trkpt>
      <trkpt lon="-117.327257" lat="33.980307"><ele>329.530475</ele><time>2025-03-17T06:52:06Z</time><extensions><speed>1.398145</speed><course>79.049684</course><hAcc>1.539088</hAcc><vAcc>0.925348</vAcc></extensions></trkpt>
      <trkpt lon="-117.327241" lat="33.980310"><ele>329.549619</ele><time>2025-03-17T06:52:07Z</time><extensions><speed>1.493512</speed><course>77.439365</course><hAcc>1.519246</hAcc><vAcc>0.916698</vAcc></extensions></trkpt>
      <trkpt lon="-117.327225" lat="33.980313"><ele>329.574891</ele><time>2025-03-17T06:52:08Z</time><extensions><speed>1.585544</speed><course>78.049749</course><hAcc>1.534844</hAcc><vAcc>0.908227</vAcc></extensions></trkpt>
      <trkpt lon="-117.327208" lat="33.980316"><ele>329.600001</ele><time>2025-03-17T06:52:09Z</time><extensions><speed>1.416096</speed><course>80.662044</course><hAcc>1.584860</hAcc><vAcc>0.900241</vAcc></extensions></trkpt>
      <trkpt lon="-117.327193" lat="33.980319"><ele>329.625901</ele><time>2025-03-17T06:52:10Z</time><extensions><speed>1.483427</speed><course>74.645755</course><hAcc>1.575989</hAcc><vAcc>0.894267</vAcc></extensions></trkpt>
      <trkpt lon="-117.327177" lat="33.980323"><ele>329.639591</ele><time>2025-03-17T06:52:11Z</time><extensions><speed>1.532516</speed><course>69.210980</course><hAcc>1.595774</hAcc><vAcc>0.891329</vAcc></extensions></trkpt>
      <trkpt lon="-117.327161" lat="33.980329"><ele>329.652961</ele><time>2025-03-17T06:52:12Z</time><extensions><speed>1.498417</speed><course>63.343434</course><hAcc>1.634976</hAcc><vAcc>0.892513</vAcc></extensions></trkpt>
      <trkpt lon="-117.327146" lat="33.980336"><ele>329.667417</ele><time>2025-03-17T06:52:13Z</time><extensions><speed>1.445505</speed><course>60.024562</course><hAcc>1.683243</hAcc><vAcc>0.897651</vAcc></extensions></trkpt>
      <trkpt lon="-117.327131" lat="33.980342"><ele>329.687712</ele><time>2025-03-17T06:52:14Z</time><extensions><speed>1.390904</speed><course>63.460050</course><hAcc>1.777058</hAcc><vAcc>0.907538</vAcc></extensions></trkpt>
      <trkpt lon="-117.327116" lat="33.980347"><ele>329.714050</ele><time>2025-03-17T06:52:15Z</time><extensions><speed>1.318467</speed><course>72.945972</course><hAcc>1.878485</hAcc><vAcc>0.919285</vAcc></extensions></trkpt>
      <trkpt lon="-117.327100" lat="33.980350"><ele>329.751533</ele><time>2025-03-17T06:52:16Z</time><extensions><speed>1.590003</speed><course>74.527398</course><hAcc>1.895381</hAcc><vAcc>0.934024</vAcc></extensions></trkpt>
      <trkpt lon="-117.327081" lat="33.980355"><ele>329.805124</ele><time>2025-03-17T06:52:17Z</time><extensions><speed>1.810229</speed><course>75.602147</course><hAcc>1.925575</hAcc><vAcc>0.949553</vAcc></extensions></trkpt>
      <trkpt lon="-117.327061" lat="33.980358"><ele>329.879787</ele><time>2025-03-17T06:52:18Z</time><extensions><speed>1.916261</speed><course>78.569093</course><hAcc>1.972739</hAcc><vAcc>0.967906</vAcc></extensions></trkpt>
      <trkpt lon="-117.327039" lat="33.980362"><ele>329.972743</ele><time>2025-03-17T06:52:19Z</time><extensions><speed>1.980020</speed><course>81.312952</course><hAcc>2.007231</hAcc><vAcc>0.986829</vAcc></extensions></trkpt>
      <trkpt lon="-117.327017" lat="33.980364"><ele>330.093223</ele><time>2025-03-17T06:52:20Z</time><extensions><speed>2.016057</speed><course>83.277164</course><hAcc>2.040856</hAcc><vAcc>1.006088</vAcc></extensions></trkpt>
      <trkpt lon="-117.326994" lat="33.980366"><ele>330.224191</ele><time>2025-03-17T06:52:21Z</time><extensions><speed>2.048959</speed><course>86.616314</course><hAcc>2.079168</hAcc><vAcc>1.025892</vAcc></extensions></trkpt>
      <trkpt lon="-117.326972" lat="33.980366"><ele>330.378038</ele><time>2025-03-17T06:52:22Z</time><extensions><speed>1.870887</speed><course>90.281564</course><hAcc>2.116195</hAcc><vAcc>1.045461</vAcc></extensions></trkpt>
      <trkpt lon="-117.326951" lat="33.980367"><ele>330.525966</ele><time>2025-03-17T06:52:23Z</time><extensions><speed>1.873211</speed><course>86.997408</course><hAcc>2.124501</hAcc><vAcc>1.064974</vAcc></extensions></trkpt>
      <trkpt lon="-117.326931" lat="33.980368"><ele>330.645188</ele><time>2025-03-17T06:52:24Z</time><extensions><speed>1.733989</speed><course>84.903884</course><hAcc>2.124309</hAcc><vAcc>1.084499</vAcc></extensions></trkpt>
      <trkpt lon="-117.326911" lat="33.980369"><ele>330.753627</ele><time>2025-03-17T06:52:25Z</time><extensions><speed>1.741688</speed><course>83.464204</course><hAcc>2.124480</hAcc><vAcc>1.103548</vAcc></extensions></trkpt>
      <trkpt lon="-117.326892" lat="33.980371"><ele>330.891108</ele><time>2025-03-17T06:52:26Z</time><extensions><speed>1.662335</speed><course>81.274860</course><hAcc>2.158216</hAcc><vAcc>1.119956</vAcc></extensions></trkpt>
      <trkpt lon="-117.326874" lat="33.980373"><ele>331.041741</ele><time>2025-03-17T06:52:27Z</time><extensions><speed>1.591852</speed><course>78.568704</course><hAcc>2.190036</hAcc><vAcc>1.135422</vAcc></extensions></trkpt>
      <trkpt lon="-117.326857" lat="33.980375"><ele>331.175775</ele><time>2025-03-17T06:52:28Z</time><extensions><speed>1.504344</speed><course>77.365786</course><hAcc>2.210582</hAcc><vAcc>1.150422</vAcc></extensions></trkpt>
      <trkpt lon="-117.326841" lat="33.980378"><ele>331.292902</ele><time>2025-03-17T06:52:29Z</time><extensions><speed>1.384177</speed><course>78.234695</course><hAcc>2.197894</hAcc><vAcc>1.164536</vAcc></extensions></trkpt>
      <trkpt lon="-117.326827" lat="33.980380"><ele>331.457705</ele><time>2025-03-17T06:52:30Z</time><extensions><speed>1.286859</speed><course>81.178311</course><hAcc>2.189358</hAcc><vAcc>1.175499</vAcc></extensions></trkpt>
      <trkpt lon="-117.326813" lat="33.980382"><ele>331.611836</ele><time>2025-03-17T06:52:31Z</time><extensions><speed>1.187669</speed><course>82.723479</course><hAcc>2.187027</hAcc><vAcc>1.183288</vAcc></extensions></trkpt>
      <trkpt lon="-117.326800" lat="33.980384"><ele>331.764199</ele><time>2025-03-17T06:52:32Z</time><extensions><speed>1.195626</speed><course>85.078872</course><hAcc>2.178417</hAcc><vAcc>1.190807</vAcc></extensions></trkpt>
      <trkpt lon="-117.326787" lat="33.980386"><ele>331.907648</ele><time>2025-03-17T06:52:33Z</time><extensions><speed>1.217706</speed><course>85.826905</course><hAcc>2.183584</hAcc><vAcc>1.197763</vAcc></extensions></trkpt>
      <trkpt lon="-117.326773" lat="33.980387"><ele>332.081558</ele><time>2025-03-17T06:52:34Z</time><extensions><speed>1.255915</speed><course>87.056541</course><hAcc>2.195698</hAcc><vAcc>1.204519</vAcc></extensions></trkpt>
      <trkpt lon="-117.326759" lat="33.980388"><ele>332.229254</ele><time>2025-03-17T06:52:35Z</time><extensions><speed>1.232385</speed><course>93.191415</course><hAcc>2.184527</hAcc><vAcc>1.208174</vAcc></extensions></trkpt>
      <trkpt lon="-117.326746" lat="33.980388"><ele>332.359917</ele><time>2025-03-17T06:52:36Z</time><extensions><speed>1.043971</speed><course>104.257431</course><hAcc>2.144824</hAcc><vAcc>1.213262</vAcc></extensions></trkpt>
      <trkpt lon="-117.326734" lat="33.980386"><ele>332.452601</ele><time>2025-03-17T06:52:37Z</time><extensions><speed>1.088982</speed><course>104.660752</course><hAcc>2.117327</hAcc><vAcc>1.215539</vAcc></extensions></trkpt>
      <trkpt lon="-117.326721" lat="33.980385"><ele>332.510297</ele><time>2025-03-17T06:52:38Z</time><extensions><speed>1.190443</speed><course>100.551801</course><hAcc>2.125669</hAcc><vAcc>1.218961</vAcc></extensions></trkpt>
      <trkpt lon="-117.326707" lat="33.980385"><ele>332.556584</ele><time>2025-03-17T06:52:39Z</time><extensions><speed>1.300726</speed><course>92.981262</course><hAcc>2.118260</hAcc><vAcc>1.220096</vAcc></extensions></trkpt>
      <trkpt lon="-117.326693" lat="33.980386"><ele>332.592000</ele><time>2025-03-17T06:52:40Z</time><extensions><speed>1.333125</speed><course>79.946552</course><hAcc>2.056031</hAcc><vAcc>1.219965</vAcc></extensions></trkpt>
      <trkpt lon="-117.326678" lat="33.980389"><ele>332.607653</ele><time>2025-03-17T06:52:41Z</time><extensions><speed>1.458990</speed><course>76.766678</course><hAcc>2.019608</hAcc><vAcc>1.219616</vAcc></extensions></trkpt>
      <trkpt lon="-117.326661" lat="33.980392"><ele>332.616250</ele><time>2025-03-17T06:52:42Z</time><extensions><speed>1.587106</speed><course>81.539128</course><hAcc>2.016846</hAcc><vAcc>1.218347</vAcc></extensions></trkpt>
      <trkpt lon="-117.326644" lat="33.980394"><ele>332.617059</ele><time>2025-03-17T06:52:43Z</time><extensions><speed>1.624018</speed><course>88.538127</course><hAcc>2.026386</hAcc><vAcc>1.217630</vAcc></extensions></trkpt>
      <trkpt lon="-117.326627" lat="33.980395"><ele>332.595063</ele><time>2025-03-17T06:52:44Z</time><extensions><speed>1.418735</speed><course>88.739513</course><hAcc>2.035391</hAcc><vAcc>1.216895</vAcc></extensions></trkpt>
      <trkpt lon="-117.326611" lat="33.980397"><ele>332.547402</ele><time>2025-03-17T06:52:45Z</time><extensions><speed>1.609323</speed><course>83.169366</course><hAcc>2.002878</hAcc><vAcc>1.218001</vAcc></extensions></trkpt>
      <trkpt lon="-117.326593" lat="33.980399"><ele>332.487783</ele><time>2025-03-17T06:52:46Z</time><extensions><speed>1.595328</speed><course>79.880255</course><hAcc>1.994496</hAcc><vAcc>1.216293</vAcc></extensions></trkpt>
      <trkpt lon="-117.326576" lat="33.980403"><ele>332.410948</ele><time>2025-03-17T06:52:47Z</time><extensions><speed>1.650562</speed><course>75.809414</course><hAcc>1.959976</hAcc><vAcc>1.214616</vAcc></extensions></trkpt>
      <trkpt lon="-117.326559" lat="33.980407"><ele>332.335006</ele><time>2025-03-17T06:52:48Z</time><extensions><speed>1.570066</speed><course>73.311465</course><hAcc>1.936994</hAcc><vAcc>1.214608</vAcc></extensions></trkpt>
      <trkpt lon="-117.326543" lat="33.980412"><ele>332.224444</ele><time>2025-03-17T06:52:49Z</time><extensions><speed>1.568918</speed><course>70.816863</course><hAcc>1.918232</hAcc><vAcc>1.212882</vAcc></extensions></trkpt>
      <trkpt lon="-117.326527" lat="33.980416"><ele>332.100879</ele><time>2025-03-17T06:52:50Z</time><extensions><speed>1.521413</speed><course>71.503242</course><hAcc>1.903088</hAcc><vAcc>1.209675</vAcc></extensions></trkpt>
      <trkpt lon="-117.326511" lat="33.980421"><ele>331.955962</ele><time>2025-03-17T06:52:51Z</time><extensions><speed>1.569825</speed><course>71.637379</course><hAcc>1.884145</hAcc><vAcc>1.207434</vAcc></extensions></trkpt>
      <trkpt lon="-117.326494" lat="33.980426"><ele>331.819037</ele><time>2025-03-17T06:52:52Z</time><extensions><speed>1.620412</speed><course>69.959988</course><hAcc>1.871797</hAcc><vAcc>1.205636</vAcc></extensions></trkpt>
      <trkpt lon="-117.326477" lat="33.980431"><ele>331.695628</ele><time>2025-03-17T06:52:53Z</time><extensions><speed>1.735727</speed><course>66.498003</course><hAcc>1.870499</hAcc><vAcc>1.204279</vAcc></extensions></trkpt>
      <trkpt lon="-117.326460" lat="33.980438"><ele>331.581744</ele><time>2025-03-17T06:52:54Z</time><extensions><speed>1.704738</speed><course>63.876808</course><hAcc>1.869291</hAcc><vAcc>1.203849</vAcc></extensions></trkpt>
      <trkpt lon="-117.326444" lat="33.980444"><ele>331.462155</ele><time>2025-03-17T06:52:55Z</time><extensions><speed>1.409162</speed><course>65.158047</course><hAcc>1.888888</hAcc><vAcc>1.204093</vAcc></extensions></trkpt>
      <trkpt lon="-117.326431" lat="33.980449"><ele>331.347814</ele><time>2025-03-17T06:52:56Z</time><extensions><speed>1.269279</speed><course>67.267305</course><hAcc>1.863122</hAcc><vAcc>1.205157</vAcc></extensions></trkpt>
      <trkpt lon="-117.326418" lat="33.980453"><ele>331.243002</ele><time>2025-03-17T06:52:57Z</time><extensions><speed>1.222604</speed><course>71.751715</course><hAcc>1.854641</hAcc><vAcc>1.204936</vAcc></extensions></trkpt>
      <trkpt lon="-117.326405" lat="33.980456"><ele>331.141125</ele><time>2025-03-17T06:52:58Z</time><extensions><speed>1.201647</speed><course>76.599254</course><hAcc>1.863103</hAcc><vAcc>1.204109</vAcc></extensions></trkpt>
      <trkpt lon="-117.326391" lat="33.980458"><ele>331.046167</ele><time>2025-03-17T06:52:59Z</time><extensions><speed>1.249483</speed><course>80.953228</course><hAcc>1.855163</hAcc><vAcc>1.203422</vAcc></extensions></trkpt>
      <trkpt lon="-117.326377" lat="33.980460"><ele>330.967002</ele><time>2025-03-17T06:53:00Z</time><extensions><speed>1.308883</speed><course>84.865646</course><hAcc>1.849983</hAcc><vAcc>1.202866</vAcc></extensions></trkpt>
      <trkpt lon="-117.326363" lat="33.980460"><ele>330.889666</ele><time>2025-03-17T06:53:01Z</time><extensions><speed>1.407099</speed><course>88.738886</course><hAcc>1.845330</hAcc><vAcc>1.200940</vAcc></extensions></trkpt>
      <trkpt lon="-117.326347" lat="33.980460"><ele>330.848111</ele><time>2025-03-17T06:53:02Z</time><extensions><speed>1.372683</speed><course>88.821627</course><hAcc>1.843379</hAcc><vAcc>1.199619</vAcc></extensions></trkpt>
      <trkpt lon="-117.326333" lat="33.980461"><ele>330.805050</ele><time>2025-03-17T06:53:03Z</time><extensions><speed>1.297301</speed><course>85.052013</course><hAcc>1.845002</hAcc><vAcc>1.195638</vAcc></extensions></trkpt>
      <trkpt lon="-117.326319" lat="33.980462"><ele>330.789070</ele><time>2025-03-17T06:53:04Z</time><extensions><speed>1.252241</speed><course>82.651548</course><hAcc>1.847953</hAcc><vAcc>1.191414</vAcc></extensions></trkpt>
      <trkpt lon="-117.326305" lat="33.980463"><ele>330.792469</ele><time>2025-03-17T06:53:05Z</time><extensions><speed>1.345319</speed><course>85.134841</course><hAcc>1.825005</hAcc><vAcc>1.185381</vAcc></extensions></trkpt>
      <trkpt lon="-117.326290" lat="33.980464"><ele>330.798359</ele><time>2025-03-17T06:53:06Z</time><extensions><speed>1.410144</speed><course>90.093034</course><hAcc>1.807896</hAcc><vAcc>1.179043</vAcc></extensions></trkpt>
      <trkpt lon="-117.326274" lat="33.980463"><ele>330.809302</ele><time>2025-03-17T06:53:07Z</time><extensions><speed>1.384305</speed><course>94.512766</course><hAcc>1.790570</hAcc><vAcc>1.170896</vAcc></extensions></trkpt>
      <trkpt lon="-117.326260" lat="33.980462"><ele>330.833772</ele><time>2025-03-17T06:53:08Z</time><extensions><speed>1.330444</speed><course>97.356041</course><hAcc>1.777820</hAcc><vAcc>1.161823</vAcc></extensions></trkpt>
      <trkpt lon="-117.326245" lat="33.980461"><ele>330.854809</ele><time>2025-03-17T06:53:09Z</time><extensions><speed>1.259657</speed><course>98.137961</course><hAcc>1.778076</hAcc><vAcc>1.154046</vAcc></extensions></trkpt>
      <trkpt lon="-117.326231" lat="33.980459"><ele>330.885303</ele><time>2025-03-17T06:53:10Z</time><extensions><speed>1.326407</speed><course>98.806044</course><hAcc>1.786368</hAcc><vAcc>1.145179</vAcc></extensions></trkpt>
      <trkpt lon="-117.326217" lat="33.980457"><ele>330.929102</ele><time>2025-03-17T06:53:11Z</time><extensions><speed>1.374437</speed><course>96.362832</course><hAcc>1.772696</hAcc><vAcc>1.135049</vAcc></extensions></trkpt>
      <trkpt lon="-117.326202" lat="33.980456"><ele>330.993425</ele><time>2025-03-17T06:53:12Z</time><extensions><speed>1.420611</speed><course>95.686935</course><hAcc>1.773690</hAcc><vAcc>1.126388</vAcc></extensions></trkpt>
      <trkpt lon="-117.326186" lat="33.980455"><ele>331.076445</ele><time>2025-03-17T06:53:13Z</time><extensions><speed>1.447962</speed><course>90.864135</course><hAcc>1.770190</hAcc><vAcc>1.118052</vAcc></extensions></trkpt>
      <trkpt lon="-117.326171" lat="33.980455"><ele>331.195442</ele><time>2025-03-17T06:53:14Z</time><extensions><speed>1.359840</speed><course>87.276410</course><hAcc>1.779347</hAcc><vAcc>1.109712</vAcc></extensions></trkpt>
      <trkpt lon="-117.326157" lat="33.980456"><ele>331.321997</ele><time>2025-03-17T06:53:15Z</time><extensions><speed>1.195623</speed><course>85.118678</course><hAcc>1.787030</hAcc><vAcc>1.100208</vAcc></extensions></trkpt>
      <trkpt lon="-117.326144" lat="33.980457"><ele>331.454491</ele><time>2025-03-17T06:53:16Z</time><extensions><speed>1.136371</speed><course>88.742030</course><hAcc>1.793282</hAcc><vAcc>1.088506</vAcc></extensions></trkpt>
      <trkpt lon="-117.326132" lat="33.980457"><ele>331.579760</ele><time>2025-03-17T06:53:17Z</time><extensions><speed>1.115189</speed><course>90.867122</course><hAcc>1.797573</hAcc><vAcc>1.077358</vAcc></extensions></trkpt>
      <trkpt lon="-117.326120" lat="33.980457"><ele>331.713286</ele><time>2025-03-17T06:53:18Z</time><extensions><speed>1.126011</speed><course>88.302289</course><hAcc>1.800450</hAcc><vAcc>1.065904</vAcc></extensions></trkpt>
      <trkpt lon="-117.326108" lat="33.980457"><ele>331.859348</ele><time>2025-03-17T06:53:19Z</time><extensions><speed>1.082225</speed><course>84.085174</course><hAcc>1.786829</hAcc><vAcc>1.056167</vAcc></extensions></trkpt>
      <trkpt lon="-117.326096" lat="33.980458"><ele>331.990761</ele><time>2025-03-17T06:53:20Z</time><extensions><speed>1.123037</speed><course>83.507479</course><hAcc>1.791441</hAcc><vAcc>1.046134</vAcc></extensions></trkpt>
      <trkpt lon="-117.326083" lat="33.980460"><ele>332.109992</ele><time>2025-03-17T06:53:21Z</time><extensions><speed>1.246970</speed><course>83.553542</course><hAcc>1.786119</hAcc><vAcc>1.035280</vAcc></extensions></trkpt>
      <trkpt lon="-117.326069" lat="33.980461"><ele>332.208198</ele><time>2025-03-17T06:53:22Z</time><extensions><speed>1.365926</speed><course>84.639938</course><hAcc>1.774692</hAcc><vAcc>1.022115</vAcc></extensions></trkpt>
      <trkpt lon="-117.326054" lat="33.980462"><ele>332.321447</ele><time>2025-03-17T06:53:23Z</time><extensions><speed>1.335435</speed><course>88.139885</course><hAcc>1.771866</hAcc><vAcc>1.008530</vAcc></extensions></trkpt>
      <trkpt lon="-117.326040" lat="33.980462"><ele>332.415195</ele><time>2025-03-17T06:53:24Z</time><extensions><speed>1.334630</speed><course>91.330240</course><hAcc>1.773932</hAcc><vAcc>0.993802</vAcc></extensions></trkpt>
      <trkpt lon="-117.326026" lat="33.980462"><ele>332.492959</ele><time>2025-03-17T06:53:25Z</time><extensions><speed>1.243887</speed><course>90.900621</course><hAcc>1.752804</hAcc><vAcc>0.977838</vAcc></extensions></trkpt>
      <trkpt lon="-117.326013" lat="33.980461"><ele>332.569361</ele><time>2025-03-17T06:53:26Z</time><extensions><speed>1.272073</speed><course>92.644303</course><hAcc>1.744557</hAcc><vAcc>0.964209</vAcc></extensions></trkpt>
      <trkpt lon="-117.325999" lat="33.980460"><ele>332.634848</ele><time>2025-03-17T06:53:27Z</time><extensions><speed>1.263947</speed><course>96.489438</course><hAcc>1.755405</hAcc><vAcc>0.952323</vAcc></extensions></trkpt>
      <trkpt lon="-117.325986" lat="33.980459"><ele>332.681678</ele><time>2025-03-17T06:53:28Z</time><extensions><speed>1.235778</speed><course>95.395812</course><hAcc>1.774338</hAcc><vAcc>0.940147</vAcc></extensions></trkpt>
      <trkpt lon="-117.325973" lat="33.980458"><ele>332.715729</ele><time>2025-03-17T06:53:29Z</time><extensions><speed>1.205127</speed><course>92.522853</course><hAcc>1.796748</hAcc><vAcc>0.926541</vAcc></extensions></trkpt>
      <trkpt lon="-117.325960" lat="33.980458"><ele>332.733198</ele><time>2025-03-17T06:53:30Z</time><extensions><speed>1.188779</speed><course>90.724201</course><hAcc>1.814189</hAcc><vAcc>0.912335</vAcc></extensions></trkpt>
      <trkpt lon="-117.325947" lat="33.980458"><ele>332.765902</ele><time>2025-03-17T06:53:31Z</time><extensions><speed>1.200729</speed><course>88.804096</course><hAcc>1.815057</hAcc><vAcc>0.898490</vAcc></extensions></trkpt>
      <trkpt lon="-117.325934" lat="33.980458"><ele>332.790671</ele><time>2025-03-17T06:53:32Z</time><extensions><speed>1.185451</speed><course>88.505309</course><hAcc>1.817071</hAcc><vAcc>0.885320</vAcc></extensions></trkpt>
      <trkpt lon="-117.325922" lat="33.980458"><ele>332.783407</ele><time>2025-03-17T06:53:33Z</time><extensions><speed>1.171516</speed><course>90.222549</course><hAcc>1.844111</hAcc><vAcc>0.872999</vAcc></extensions></trkpt>
      <trkpt lon="-117.325909" lat="33.980457"><ele>332.775808</ele><time>2025-03-17T06:53:34Z</time><extensions><speed>1.288747</speed><course>94.367309</course><hAcc>1.886128</hAcc><vAcc>0.861612</vAcc></extensions></trkpt>
      <trkpt lon="-117.325895" lat="33.980455"><ele>332.768316</ele><time>2025-03-17T06:53:35Z</time><extensions><speed>1.313829</speed><course>98.331182</course><hAcc>1.945064</hAcc><vAcc>0.851097</vAcc></extensions></trkpt>
      <trkpt lon="-117.325882" lat="33.980454"><ele>332.759735</ele><time>2025-03-17T06:53:36Z</time><extensions><speed>1.265725</speed><course>97.963377</course><hAcc>2.016915</hAcc><vAcc>0.841202</vAcc></extensions></trkpt>
      <trkpt lon="-117.325868" lat="33.980453"><ele>332.754422</ele><time>2025-03-17T06:53:37Z</time><extensions><speed>1.254092</speed><course>99.246360</course><hAcc>2.052141</hAcc><vAcc>0.831542</vAcc></extensions></trkpt>
      <trkpt lon="-117.325855" lat="33.980452"><ele>332.750518</ele><time>2025-03-17T06:53:38Z</time><extensions><speed>1.264646</speed><course>99.454893</course><hAcc>2.090539</hAcc><vAcc>0.821851</vAcc></extensions></trkpt>
      <trkpt lon="-117.325840" lat="33.980450"><ele>332.751088</ele><time>2025-03-17T06:53:39Z</time><extensions><speed>1.352537</speed><course>99.415194</course><hAcc>2.129593</hAcc><vAcc>0.812173</vAcc></extensions></trkpt>
      <trkpt lon="-117.325824" lat="33.980448"><ele>332.745152</ele><time>2025-03-17T06:53:40Z</time><extensions><speed>1.455101</speed><course>96.947317</course><hAcc>2.167024</hAcc><vAcc>0.802798</vAcc></extensions></trkpt>
      <trkpt lon="-117.325807" lat="33.980447"><ele>332.746181</ele><time>2025-03-17T06:53:41Z</time><extensions><speed>1.500887</speed><course>92.225350</course><hAcc>2.200175</hAcc><vAcc>0.794076</vAcc></extensions></trkpt>
      <trkpt lon="-117.325791" lat="33.980446"><ele>332.759749</ele><time>2025-03-17T06:53:42Z</time><extensions><speed>1.401424</speed><course>90.659909</course><hAcc>2.230734</hAcc><vAcc>0.786278</vAcc></extensions></trkpt>
      <trkpt lon="-117.325776" lat="33.980446"><ele>332.783079</ele><time>2025-03-17T06:53:43Z</time><extensions><speed>1.303564</speed><course>90.981051</course><hAcc>2.201260</hAcc><vAcc>0.779552</vAcc></extensions></trkpt>
      <trkpt lon="-117.325763" lat="33.980446"><ele>332.817208</ele><time>2025-03-17T06:53:44Z</time><extensions><speed>1.168467</speed><course>84.289965</course><hAcc>2.170201</hAcc><vAcc>0.773940</vAcc></extensions></trkpt>
      <trkpt lon="-117.325751" lat="33.980448"><ele>332.858199</ele><time>2025-03-17T06:53:45Z</time><extensions><speed>1.122717</speed><course>75.440529</course><hAcc>2.188093</hAcc><vAcc>0.769400</vAcc></extensions></trkpt>
      <trkpt lon="-117.325740" lat="33.980451"><ele>332.903651</ele><time>2025-03-17T06:53:46Z</time><extensions><speed>1.053025</speed><course>67.960613</course><hAcc>2.247203</hAcc><vAcc>0.765833</vAcc></extensions></trkpt>
      <trkpt lon="-117.325728" lat="33.980455"><ele>332.953154</ele><time>2025-03-17T06:53:47Z</time><extensions><speed>1.270182</speed><course>71.982175</course><hAcc>2.292021</hAcc><vAcc>0.763111</vAcc></extensions></trkpt>
      <trkpt lon="-117.325713" lat="33.980458"><ele>333.013801</ele><time>2025-03-17T06:53:48Z</time><extensions><speed>1.470914</speed><course>79.640385</course><hAcc>2.315867</hAcc><vAcc>0.761091</vAcc></extensions></trkpt>
      <trkpt lon="-117.325697" lat="33.980459"><ele>333.080355</ele><time>2025-03-17T06:53:49Z</time><extensions><speed>1.553402</speed><course>87.354952</course><hAcc>2.334818</hAcc><vAcc>0.759700</vAcc></extensions></trkpt>
      <trkpt lon="-117.325681" lat="33.980459"><ele>333.151947</ele><time>2025-03-17T06:53:50Z</time><extensions><speed>1.449351</speed><course>92.955979</course><hAcc>2.356415</hAcc><vAcc>0.758759</vAcc></extensions></trkpt>
      <trkpt lon="-117.325666" lat="33.980458"><ele>333.232195</ele><time>2025-03-17T06:53:51Z</time><extensions><speed>1.282845</speed><course>96.856216</course><hAcc>2.426108</hAcc><vAcc>0.758160</vAcc></extensions></trkpt>
      <trkpt lon="-117.325653" lat="33.980457"><ele>333.315286</ele><time>2025-03-17T06:53:52Z</time><extensions><speed>1.148175</speed><course>99.317154</course><hAcc>2.550791</hAcc><vAcc>0.757814</vAcc></extensions></trkpt>
      <trkpt lon="-117.325641" lat="33.980455"><ele>333.406256</ele><time>2025-03-17T06:53:53Z</time><extensions><speed>1.068694</speed><course>100.514618</course><hAcc>2.739068</hAcc><vAcc>0.757652</vAcc></extensions></trkpt>
      <trkpt lon="-117.325630" lat="33.980454"><ele>333.493672</ele><time>2025-03-17T06:53:54Z</time><extensions><speed>1.026082</speed><course>98.619615</course><hAcc>2.984831</hAcc><vAcc>0.757626</vAcc></extensions></trkpt>
      <trkpt lon="-117.325618" lat="33.980455"><ele>333.577864</ele><time>2025-03-17T06:53:55Z</time><extensions><speed>1.004181</speed><course>93.868575</course><hAcc>3.258609</hAcc><vAcc>0.757639</vAcc></extensions></trkpt>
      <trkpt lon="-117.325606" lat="33.980456"><ele>333.661396</ele><time>2025-03-17T06:53:56Z</time><extensions><speed>0.981903</speed><course>88.280097</course><hAcc>3.503595</hAcc><vAcc>0.757728</vAcc></extensions></trkpt>
      <trkpt lon="-117.325590" lat="33.980458"><ele>333.744642</ele><time>2025-03-17T06:53:57Z</time><extensions><speed>1.140883</speed><course>83.791348</course><hAcc>3.651234</hAcc><vAcc>0.757895</vAcc></extensions></trkpt>
      <trkpt lon="-117.325572" lat="33.980456"><ele>333.819441</ele><time>2025-03-17T06:53:58Z</time><extensions><speed>1.374879</speed><course>85.079644</course><hAcc>3.762987</hAcc><vAcc>0.758162</vAcc></extensions></trkpt>
      <trkpt lon="-117.325553" lat="33.980455"><ele>333.894906</ele><time>2025-03-17T06:53:59Z</time><extensions><speed>1.632454</speed><course>85.536906</course><hAcc>3.878424</hAcc><vAcc>0.758171</vAcc></extensions></trkpt>
      <trkpt lon="-117.325531" lat="33.980454"><ele>333.984800</ele><time>2025-03-17T06:54:00Z</time><extensions><speed>1.966300</speed><course>86.656004</course><hAcc>3.981255</hAcc><vAcc>0.757605</vAcc></extensions></trkpt>
      <trkpt lon="-117.325506" lat="33.980453"><ele>334.063886</ele><time>2025-03-17T06:54:01Z</time><extensions><speed>2.313908</speed><course>88.195390</course><hAcc>4.056236</hAcc><vAcc>0.757139</vAcc></extensions></trkpt>
      <trkpt lon="-117.325477" lat="33.980452"><ele>334.132165</ele><time>2025-03-17T06:54:02Z</time><extensions><speed>2.654547</speed><course>89.514624</course><hAcc>4.088814</hAcc><vAcc>0.756711</vAcc></extensions></trkpt>
      <trkpt lon="-117.325446" lat="33.980451"><ele>334.207221</ele><time>2025-03-17T06:54:03Z</time><extensions><speed>2.915693</speed><course>91.106210</course><hAcc>4.060873</hAcc><vAcc>0.756262</vAcc></extensions></trkpt>
      <trkpt lon="-117.325413" lat="33.980449"><ele>334.278923</ele><time>2025-03-17T06:54:04Z</time><extensions><speed>3.056277</speed><course>93.474060</course><hAcc>3.968329</hAcc><vAcc>0.755754</vAcc></extensions></trkpt>
      <trkpt lon="-117.325382" lat="33.980446"><ele>334.346748</ele><time>2025-03-17T06:54:05Z</time><extensions><speed>3.002890</speed><course>97.127799</course><hAcc>3.832113</hAcc><vAcc>0.755482</vAcc></extensions></trkpt>
      <trkpt lon="-117.325351" lat="33.980440"><ele>334.422318</ele><time>2025-03-17T06:54:06Z</time><extensions><speed>2.785519</speed><course>104.382873</course><hAcc>3.658711</hAcc><vAcc>0.755772</vAcc></extensions></trkpt>
      <trkpt lon="-117.325324" lat="33.980432"><ele>334.498621</ele><time>2025-03-17T06:54:07Z</time><extensions><speed>2.401015</speed><course>113.876608</course><hAcc>3.498809</hAcc><vAcc>0.755980</vAcc></extensions></trkpt>
      <trkpt lon="-117.325304" lat="33.980423"><ele>334.597691</ele><time>2025-03-17T06:54:08Z</time><extensions><speed>1.935509</speed><course>124.629717</course><hAcc>3.379441</hAcc><vAcc>0.756133</vAcc></extensions></trkpt>
      <trkpt lon="-117.325288" lat="33.980413"><ele>334.696712</ele><time>2025-03-17T06:54:09Z</time><extensions><speed>1.768461</speed><course>129.663185</course><hAcc>3.275491</hAcc><vAcc>0.756249</vAcc></extensions></trkpt>
      <trkpt lon="-117.325273" lat="33.980402"><ele>334.794042</ele><time>2025-03-17T06:54:10Z</time><extensions><speed>1.888217</speed><course>131.219798</course><hAcc>3.194759</hAcc><vAcc>0.756340</vAcc></extensions></trkpt>
      <trkpt lon="-117.325258" lat="33.980390"><ele>334.888580</ele><time>2025-03-17T06:54:11Z</time><extensions><speed>1.819821</speed><course>132.663072</course><hAcc>3.180036</hAcc><vAcc>0.756415</vAcc></extensions></trkpt>
      <trkpt lon="-117.325244" lat="33.980379"><ele>334.978972</ele><time>2025-03-17T06:54:12Z</time><extensions><speed>1.729000</speed><course>134.389308</course><hAcc>3.233534</hAcc><vAcc>0.756476</vAcc></extensions></trkpt>
      <trkpt lon="-117.325232" lat="33.980369"><ele>335.064857</ele><time>2025-03-17T06:54:13Z</time><extensions><speed>1.500873</speed><course>138.241077</course><hAcc>3.341003</hAcc><vAcc>0.756527</vAcc></extensions></trkpt>
      <trkpt lon="-117.325222" lat="33.980359"><ele>335.145039</ele><time>2025-03-17T06:54:14Z</time><extensions><speed>1.294109</speed><course>142.689664</course><hAcc>3.484308</hAcc><vAcc>0.756632</vAcc></extensions></trkpt>
      <trkpt lon="-117.325215" lat="33.980350"><ele>335.221101</ele><time>2025-03-17T06:54:15Z</time><extensions><speed>1.116974</speed><course>147.400390</course><hAcc>3.668755</hAcc><vAcc>0.758044</vAcc></extensions></trkpt>
      <trkpt lon="-117.325209" lat="33.980342"><ele>335.292067</ele><time>2025-03-17T06:54:16Z</time><extensions><speed>0.984508</speed><course>150.772600</course><hAcc>3.924299</hAcc><vAcc>0.759793</vAcc></extensions></trkpt>
      <trkpt lon="-117.325204" lat="33.980335"><ele>335.352874</ele><time>2025-03-17T06:54:17Z</time><extensions><speed>0.855444</speed><course>153.855843</course><hAcc>4.256445</hAcc><vAcc>0.761898</vAcc></extensions></trkpt>
      <trkpt lon="-117.325201" lat="33.980328"><ele>335.405519</ele><time>2025-03-17T06:54:18Z</time><extensions><speed>0.741022</speed><course>156.873280</course><hAcc>4.648150</hAcc><vAcc>0.764426</vAcc></extensions></trkpt>
      <trkpt lon="-117.325198" lat="33.980322"><ele>335.449091</ele><time>2025-03-17T06:54:19Z</time><extensions><speed>0.626462</speed><course>160.948110</course><hAcc>5.069950</hAcc><vAcc>0.767526</vAcc></extensions></trkpt>
      <trkpt lon="-117.325196" lat="33.980317"><ele>335.477048</ele><time>2025-03-17T06:54:20Z</time><extensions><speed>0.532873</speed><course>164.536545</course><hAcc>5.491991</hAcc><vAcc>0.771442</vAcc></extensions></trkpt>
      <trkpt lon="-117.325195" lat="33.980313"><ele>335.493559</ele><time>2025-03-17T06:54:21Z</time><extensions><speed>0.452442</speed><course>167.399379</course><hAcc>5.891450</hAcc><vAcc>0.776543</vAcc></extensions></trkpt>
      <trkpt lon="-117.325194" lat="33.980310"><ele>335.506289</ele><time>2025-03-17T06:54:22Z</time><extensions><speed>0.387165</speed><course>169.696271</course><hAcc>6.312896</hAcc><vAcc>0.786519</vAcc></extensions></trkpt>
      <trkpt lon="-117.325194" lat="33.980306"><ele>335.510919</ele><time>2025-03-17T06:54:23Z</time><extensions><speed>0.331720</speed><course>171.230338</course><hAcc>6.739037</hAcc><vAcc>0.800598</vAcc></extensions></trkpt>
      <trkpt lon="-117.325193" lat="33.980303"><ele>335.508305</ele><time>2025-03-17T06:54:24Z</time><extensions><speed>0.280208</speed><course>171.548339</course><hAcc>7.216217</hAcc><vAcc>0.821231</vAcc></extensions></trkpt>
      <trkpt lon="-117.325192" lat="33.980300"><ele>335.478750</ele><time>2025-03-17T06:54:26Z</time><extensions><speed>0.127551</speed><course>148.588925</course><hAcc>7.863712</hAcc><vAcc>0.853784</vAcc></extensions></trkpt>
      <trkpt lon="-117.325191" lat="33.980299"><ele>335.453625</ele><time>2025-03-17T06:54:27Z</time><extensions><speed>0.147714</speed><course>132.767350</course><hAcc>7.982761</hAcc><vAcc>0.877564</vAcc></extensions></trkpt>
      <trkpt lon="-117.325190" lat="33.980298"><ele>335.425942</ele><time>2025-03-17T06:54:28Z</time><extensions><speed>0.156626</speed><course>125.911962</course><hAcc>8.138453</hAcc><vAcc>0.923112</vAcc></extensions></trkpt>
      <trkpt lon="-117.325188" lat="33.980297"><ele>335.396616</ele><time>2025-03-17T06:54:29Z</time><extensions><speed>0.165428</speed><course>121.898439</course><hAcc>8.392156</hAcc><vAcc>0.992599</vAcc></extensions></trkpt>
      <trkpt lon="-117.325187" lat="33.980297"><ele>335.366178</ele><time>2025-03-17T06:54:30Z</time><extensions><speed>0.174658</speed><course>119.420551</course><hAcc>8.820170</hAcc><vAcc>1.088251</vAcc></extensions></trkpt>
      <trkpt lon="-117.325185" lat="33.980296"><ele>335.335143</ele><time>2025-03-17T06:54:31Z</time><extensions><speed>0.181474</speed><course>118.037000</course><hAcc>9.503510</hAcc><vAcc>1.211502</vAcc></extensions></trkpt>
      <trkpt lon="-117.325183" lat="33.980295"><ele>335.304190</ele><time>2025-03-17T06:54:32Z</time><extensions><speed>0.186148</speed><course>117.452073</course><hAcc>10.513588</hAcc><vAcc>1.361475</vAcc></extensions></trkpt>
    </trkseg>
  </trk>
</gpx>