<?xml version="1.0" encoding="UTF-8"?>
<gpx version="1.1" creator="Apple Health Export" xmlns="http://www.topografix.com/GPX/1/1" xmlns:xsi="http://www.w3.org/2001/XMLSchema-instance" xsi:schemaLocation="http://www.topografix.com/GPX/1/1 http://www.topografix.com/GPX/1/1/gpx.xsd">
  <metadata>
    <time>2026-01-11T07:58:11Z</time>
  </metadata>
  <trk>
    <name>Route 2025-04-15 7:43pm</name>
    <trkseg>
      <trkpt lon="-117.331564" lat="33.982894"><ele>316.804034</ele><time>2025-04-16T02:10:58Z</time><extensions><speed>1.241118</speed><course>266.854883</course><hAcc>1.928583</hAcc><vAcc>1.438632</vAcc></extensions></trkpt>
      <trkpt lon="-117.331577" lat="33.982894"><ele>316.776737</ele><time>2025-04-16T02:10:59Z</time><extensions><speed>1.218489</speed><course>269.367839</course><hAcc>1.819745</hAcc><vAcc>1.252904</vAcc></extensions></trkpt>
      <trkpt lon="-117.331590" lat="33.982893"><ele>316.746710</ele><time>2025-04-16T02:11:00Z</time><extensions><speed>1.197173</speed><course>269.975584</course><hAcc>1.724032</hAcc><vAcc>1.108417</vAcc></extensions></trkpt>
      <trkpt lon="-117.331603" lat="33.982893"><ele>316.716486</ele><time>2025-04-16T02:11:01Z</time><extensions><speed>1.195560</speed><course>268.589944</course><hAcc>1.642391</hAcc><vAcc>0.999257</vAcc></extensions></trkpt>
      <trkpt lon="-117.331616" lat="33.982892"><ele>316.686685</ele><time>2025-04-16T02:11:02Z</time><extensions><speed>1.192148</speed><course>268.162655</course><hAcc>1.567105</hAcc><vAcc>0.919665</vAcc></extensions></trkpt>
      <trkpt lon="-117.331629" lat="33.982892"><ele>316.657785</ele><time>2025-04-16T02:11:03Z</time><extensions><speed>1.196241</speed><course>269.641326</course><hAcc>1.516393</hAcc><vAcc>0.863920</vAcc></extensions></trkpt>
      <trkpt lon="-117.331642" lat="33.982892"><ele>316.629606</ele><time>2025-04-16T02:11:04Z</time><extensions><speed>1.212621</speed><course>269.445369</course><hAcc>1.472250</hAcc><vAcc>0.826519</vAcc></extensions></trkpt>
      <trkpt lon="-117.331655" lat="33.982892"><ele>316.602523</ele><time>2025-04-16T02:11:05Z</time><extensions><speed>1.230529</speed><course>269.144763</course><hAcc>1.447390</hAcc><vAcc>0.802502</vAcc></extensions></trkpt>
      <trkpt lon="-117.331668" lat="33.982891"><ele>316.577440</ele><time>2025-04-16T02:11:06Z</time><extensions><speed>1.216895</speed><course>269.722018</course><hAcc>1.411828</hAcc><vAcc>0.787724</vAcc></extensions></trkpt>
      <trkpt lon="-117.331681" lat="33.982891"><ele>316.553201</ele><time>2025-04-16T02:11:07Z</time><extensions><speed>1.232849</speed><course>267.924565</course><hAcc>1.399396</hAcc><vAcc>0.778976</vAcc></extensions></trkpt>
      <trkpt lon="-117.331695" lat="33.982891"><ele>316.530379</ele><time>2025-04-16T02:11:08Z</time><extensions><speed>1.277149</speed><course>269.605959</course><hAcc>1.375595</hAcc><vAcc>0.773933</vAcc></extensions></trkpt>
      <trkpt lon="-117.331708" lat="33.982891"><ele>316.510418</ele><time>2025-04-16T02:11:09Z</time><extensions><speed>1.277385</speed><course>271.530929</course><hAcc>1.359421</hAcc><vAcc>0.771013</vAcc></extensions></trkpt>
      <trkpt lon="-117.331722" lat="33.982892"><ele>316.492497</ele><time>2025-04-16T02:11:10Z</time><extensions><speed>1.277376</speed><course>275.210610</course><hAcc>1.361441</hAcc><vAcc>0.769205</vAcc></extensions></trkpt>
      <trkpt lon="-117.331736" lat="33.982893"><ele>316.476002</ele><time>2025-04-16T02:11:11Z</time><extensions><speed>1.272518</speed><course>275.170170</course><hAcc>1.345527</hAcc><vAcc>0.767910</vAcc></extensions></trkpt>
      <trkpt lon="-117.331749" lat="33.982894"><ele>316.460594</ele><time>2025-04-16T02:11:12Z</time><extensions><speed>1.262392</speed><course>274.980546</course><hAcc>1.342281</hAcc><vAcc>0.766801</vAcc></extensions></trkpt>
      <trkpt lon="-117.331762" lat="33.982895"><ele>316.446215</ele><time>2025-04-16T02:11:13Z</time><extensions><speed>1.256939</speed><course>274.534745</course><hAcc>1.356012</hAcc><vAcc>0.765728</vAcc></extensions></trkpt>
      <trkpt lon="-117.331776" lat="33.982895"><ele>316.431873</ele><time>2025-04-16T02:11:14Z</time><extensions><speed>1.236414</speed><course>272.909312</course><hAcc>1.353379</hAcc><vAcc>0.764645</vAcc></extensions></trkpt>
      <trkpt lon="-117.331788" lat="33.982896"><ele>316.419082</ele><time>2025-04-16T02:11:15Z</time><extensions><speed>1.183320</speed><course>272.415644</course><hAcc>1.365783</hAcc><vAcc>0.763558</vAcc></extensions></trkpt>
      <trkpt lon="-117.331801" lat="33.982896"><ele>316.407201</ele><time>2025-04-16T02:11:16Z</time><extensions><speed>1.187247</speed><course>270.664775</course><hAcc>1.388663</hAcc><vAcc>0.762497</vAcc></extensions></trkpt>
      <trkpt lon="-117.331814" lat="33.982896"><ele>316.396746</ele><time>2025-04-16T02:11:17Z</time><extensions><speed>1.147957</speed><course>272.101907</course><hAcc>1.385518</hAcc><vAcc>0.761497</vAcc></extensions></trkpt>
      <trkpt lon="-117.331826" lat="33.982897"><ele>316.387457</ele><time>2025-04-16T02:11:18Z</time><extensions><speed>1.172302</speed><course>272.815127</course><hAcc>1.394353</hAcc><vAcc>0.760586</vAcc></extensions></trkpt>
      <trkpt lon="-117.331839" lat="33.982897"><ele>316.379203</ele><time>2025-04-16T02:11:19Z</time><extensions><speed>1.172693</speed><course>273.163025</course><hAcc>1.386183</hAcc><vAcc>0.759783</vAcc></extensions></trkpt>
      <trkpt lon="-117.331851" lat="33.982898"><ele>316.371418</ele><time>2025-04-16T02:11:20Z</time><extensions><speed>1.194314</speed><course>274.477872</course><hAcc>1.386765</hAcc><vAcc>0.759096</vAcc></extensions></trkpt>
      <trkpt lon="-117.331864" lat="33.982897"><ele>316.353316</ele><time>2025-04-16T02:11:21Z</time><extensions><speed>1.222606</speed><course>272.311367</course><hAcc>1.372805</hAcc><vAcc>0.758526</vAcc></extensions></trkpt>
      <trkpt lon="-117.331877" lat="33.982896"><ele>316.336580</ele><time>2025-04-16T02:11:22Z</time><extensions><speed>1.210502</speed><course>269.193472</course><hAcc>1.351570</hAcc><vAcc>0.758065</vAcc></extensions></trkpt>
      <trkpt lon="-117.331890" lat="33.982895"><ele>316.323074</ele><time>2025-04-16T02:11:23Z</time><extensions><speed>1.175709</speed><course>267.067742</course><hAcc>1.353161</hAcc><vAcc>0.757703</vAcc></extensions></trkpt>
      <trkpt lon="-117.331902" lat="33.982894"><ele>316.305544</ele><time>2025-04-16T02:11:24Z</time><extensions><speed>1.137231</speed><course>265.245012</course><hAcc>1.338776</hAcc><vAcc>0.757424</vAcc></extensions></trkpt>
      <trkpt lon="-117.331914" lat="33.982893"><ele>316.271385</ele><time>2025-04-16T02:11:25Z</time><extensions><speed>1.132994</speed><course>264.194569</course><hAcc>1.343181</hAcc><vAcc>0.757216</vAcc></extensions></trkpt>
      <trkpt lon="-117.331926" lat="33.982892"><ele>316.236755</ele><time>2025-04-16T02:11:26Z</time><extensions><speed>1.187825</speed><course>266.077749</course><hAcc>1.358943</hAcc><vAcc>0.757065</vAcc></extensions></trkpt>
      <trkpt lon="-117.331939" lat="33.982891"><ele>316.214110</ele><time>2025-04-16T02:11:27Z</time><extensions><speed>1.188486</speed><course>264.730444</course><hAcc>1.355517</hAcc><vAcc>0.756957</vAcc></extensions></trkpt>
      <trkpt lon="-117.331952" lat="33.982890"><ele>316.171101</ele><time>2025-04-16T02:11:28Z</time><extensions><speed>1.185611</speed><course>263.896940</course><hAcc>1.358323</hAcc><vAcc>0.756883</vAcc></extensions></trkpt>
      <trkpt lon="-117.331965" lat="33.982889"><ele>316.120102</ele><time>2025-04-16T02:11:29Z</time><extensions><speed>1.158236</speed><course>264.670675</course><hAcc>1.363093</hAcc><vAcc>0.756833</vAcc></extensions></trkpt>
      <trkpt lon="-117.331977" lat="33.982888"><ele>316.065760</ele><time>2025-04-16T02:11:30Z</time><extensions><speed>1.157360</speed><course>262.518404</course><hAcc>1.353785</hAcc><vAcc>0.756801</vAcc></extensions></trkpt>
      <trkpt lon="-117.331989" lat="33.982885"><ele>316.009192</ele><time>2025-04-16T02:11:31Z</time><extensions><speed>1.163647</speed><course>251.422692</course><hAcc>1.272389</hAcc><vAcc>0.756781</vAcc></extensions></trkpt>
      <trkpt lon="-117.332001" lat="33.982882"><ele>315.948932</ele><time>2025-04-16T02:11:32Z</time><extensions><speed>1.086597</speed><course>252.241620</course><hAcc>1.240385</hAcc><vAcc>0.756768</vAcc></extensions></trkpt>
      <trkpt lon="-117.332012" lat="33.982880"><ele>315.888794</ele><time>2025-04-16T02:11:33Z</time><extensions><speed>1.012812</speed><course>256.548487</course><hAcc>1.245278</hAcc><vAcc>0.756761</vAcc></extensions></trkpt>
      <trkpt lon="-117.332023" lat="33.982878"><ele>315.817345</ele><time>2025-04-16T02:11:34Z</time><extensions><speed>1.062687</speed><course>262.599415</course><hAcc>1.257655</hAcc><vAcc>0.756970</vAcc></extensions></trkpt>
      <trkpt lon="-117.332034" lat="33.982877"><ele>315.741218</ele><time>2025-04-16T02:11:35Z</time><extensions><speed>1.053571</speed><course>264.753015</course><hAcc>1.244342</hAcc><vAcc>0.757663</vAcc></extensions></trkpt>
      <trkpt lon="-117.332045" lat="33.982876"><ele>315.657836</ele><time>2025-04-16T02:11:36Z</time><extensions><speed>1.024855</speed><course>266.210411</course><hAcc>1.253171</hAcc><vAcc>0.758722</vAcc></extensions></trkpt>
      <trkpt lon="-117.332057" lat="33.982876"><ele>315.572357</ele><time>2025-04-16T02:11:37Z</time><extensions><speed>1.078696</speed><course>269.635336</course><hAcc>1.254646</hAcc><vAcc>0.760121</vAcc></extensions></trkpt>
      <trkpt lon="-117.332068" lat="33.982876"><ele>315.474761</ele><time>2025-04-16T02:11:38Z</time><extensions><speed>1.016168</speed><course>270.397432</course><hAcc>1.256281</hAcc><vAcc>0.761867</vAcc></extensions></trkpt>
      <trkpt lon="-117.332079" lat="33.982876"><ele>315.360557</ele><time>2025-04-16T02:11:39Z</time><extensions><speed>0.949363</speed><course>272.986618</course><hAcc>1.271420</hAcc><vAcc>0.764221</vAcc></extensions></trkpt>
      <trkpt lon="-117.332089" lat="33.982876"><ele>315.235326</ele><time>2025-04-16T02:11:40Z</time><extensions><speed>0.951802</speed><course>272.380446</course><hAcc>1.301611</hAcc><vAcc>0.767471</vAcc></extensions></trkpt>
      <trkpt lon="-117.332100" lat="33.982877"><ele>315.113905</ele><time>2025-04-16T02:11:41Z</time><extensions><speed>1.033599</speed><course>270.181323</course><hAcc>1.325849</hAcc><vAcc>0.771152</vAcc></extensions></trkpt>
      <trkpt lon="-117.332111" lat="33.982876"><ele>314.974180</ele><time>2025-04-16T02:11:42Z</time><extensions><speed>1.084226</speed><course>268.085485</course><hAcc>1.353633</hAcc><vAcc>0.775697</vAcc></extensions></trkpt>
      <trkpt lon="-117.332123" lat="33.982876"><ele>314.831364</ele><time>2025-04-16T02:11:43Z</time><extensions><speed>1.072852</speed><course>267.699942</course><hAcc>1.378512</hAcc><vAcc>0.780794</vAcc></extensions></trkpt>
      <trkpt lon="-117.332135" lat="33.982876"><ele>314.697024</ele><time>2025-04-16T02:11:44Z</time><extensions><speed>1.146079</speed><course>271.567863</course><hAcc>1.391897</hAcc><vAcc>0.786607</vAcc></extensions></trkpt>
      <trkpt lon="-117.332148" lat="33.982877"><ele>314.568693</ele><time>2025-04-16T02:11:45Z</time><extensions><speed>1.248334</speed><course>273.855935</course><hAcc>1.415662</hAcc><vAcc>0.793084</vAcc></extensions></trkpt>
      <trkpt lon="-117.332162" lat="33.982877"><ele>314.443992</ele><time>2025-04-16T02:11:46Z</time><extensions><speed>1.297862</speed><course>274.666125</course><hAcc>1.439395</hAcc><vAcc>0.799839</vAcc></extensions></trkpt>
      <trkpt lon="-117.332175" lat="33.982878"><ele>314.330705</ele><time>2025-04-16T02:11:47Z</time><extensions><speed>1.226574</speed><course>274.425864</course><hAcc>1.456787</hAcc><vAcc>0.806700</vAcc></extensions></trkpt>
      <trkpt lon="-117.332188" lat="33.982879"><ele>314.228126</ele><time>2025-04-16T02:11:48Z</time><extensions><speed>1.175739</speed><course>275.478782</course><hAcc>1.463774</hAcc><vAcc>0.813547</vAcc></extensions></trkpt>
      <trkpt lon="-117.332201" lat="33.982880"><ele>314.135640</ele><time>2025-04-16T02:11:49Z</time><extensions><speed>1.198601</speed><course>275.670461</course><hAcc>1.480309</hAcc><vAcc>0.820044</vAcc></extensions></trkpt>
      <trkpt lon="-117.332214" lat="33.982881"><ele>314.054302</ele><time>2025-04-16T02:11:50Z</time><extensions><speed>1.161729</speed><course>273.462004</course><hAcc>1.502920</hAcc><vAcc>0.826296</vAcc></extensions></trkpt>
      <trkpt lon="-117.332226" lat="33.982882"><ele>313.988530</ele><time>2025-04-16T02:11:51Z</time><extensions><speed>1.093852</speed><course>271.967138</course><hAcc>1.523985</hAcc><vAcc>0.832416</vAcc></extensions></trkpt>
      <trkpt lon="-117.332238" lat="33.982882"><ele>313.933406</ele><time>2025-04-16T02:11:52Z</time><extensions><speed>1.082673</speed><course>270.639488</course><hAcc>1.521587</hAcc><vAcc>0.838726</vAcc></extensions></trkpt>
      <trkpt lon="-117.332250" lat="33.982882"><ele>313.894576</ele><time>2025-04-16T02:11:53Z</time><extensions><speed>1.110685</speed><course>270.317050</course><hAcc>1.524230</hAcc><vAcc>0.844638</vAcc></extensions></trkpt>
      <trkpt lon="-117.332263" lat="33.982882"><ele>313.866582</ele><time>2025-04-16T02:11:54Z</time><extensions><speed>1.197409</speed><course>271.084769</course><hAcc>1.551643</hAcc><vAcc>0.849867</vAcc></extensions></trkpt>
      <trkpt lon="-117.332276" lat="33.982882"><ele>313.841043</ele><time>2025-04-16T02:11:55Z</time><extensions><speed>1.345662</speed><course>270.993684</course><hAcc>1.558460</hAcc><vAcc>0.854411</vAcc></extensions></trkpt>
      <trkpt lon="-117.332291" lat="33.982882"><ele>313.823130</ele><time>2025-04-16T02:11:56Z</time><extensions><speed>1.388754</speed><course>270.659508</course><hAcc>1.552384</hAcc><vAcc>0.858415</vAcc></extensions></trkpt>
      <trkpt lon="-117.332306" lat="33.982883"><ele>313.816900</ele><time>2025-04-16T02:11:57Z</time><extensions><speed>1.344372</speed><course>270.901000</course><hAcc>1.547667</hAcc><vAcc>0.861591</vAcc></extensions></trkpt>
      <trkpt lon="-117.332320" lat="33.982883"><ele>313.825108</ele><time>2025-04-16T02:11:58Z</time><extensions><speed>1.250244</speed><course>271.054718</course><hAcc>1.545375</hAcc><vAcc>0.863692</vAcc></extensions></trkpt>
      <trkpt lon="-117.332334" lat="33.982883"><ele>313.822623</ele><time>2025-04-16T02:11:59Z</time><extensions><speed>1.241466</speed><course>269.031876</course><hAcc>1.544876</hAcc><vAcc>0.865124</vAcc></extensions></trkpt>
      <trkpt lon="-117.332347" lat="33.982882"><ele>313.814345</ele><time>2025-04-16T02:12:00Z</time><extensions><speed>1.207834</speed><course>268.877916</course><hAcc>1.547605</hAcc><vAcc>0.865784</vAcc></extensions></trkpt>
      <trkpt lon="-117.332360" lat="33.982882"><ele>313.795780</ele><time>2025-04-16T02:12:01Z</time><extensions><speed>1.103121</speed><course>269.547003</course><hAcc>1.556939</hAcc><vAcc>0.865856</vAcc></extensions></trkpt>
      <trkpt lon="-117.332372" lat="33.982882"><ele>313.772671</ele><time>2025-04-16T02:12:02Z</time><extensions><speed>1.082863</speed><course>271.148060</course><hAcc>1.568308</hAcc><vAcc>0.865560</vAcc></extensions></trkpt>
      <trkpt lon="-117.332384" lat="33.982883"><ele>313.748742</ele><time>2025-04-16T02:12:03Z</time><extensions><speed>1.079543</speed><course>271.043045</course><hAcc>1.573264</hAcc><vAcc>0.864713</vAcc></extensions></trkpt>
      <trkpt lon="-117.332395" lat="33.982882"><ele>313.716761</ele><time>2025-04-16T02:12:04Z</time><extensions><speed>1.078865</speed><course>267.928955</course><hAcc>1.562937</hAcc><vAcc>0.864092</vAcc></extensions></trkpt>
      <trkpt lon="-117.332407" lat="33.982882"><ele>313.678169</ele><time>2025-04-16T02:12:05Z</time><extensions><speed>1.111546</speed><course>264.566646</course><hAcc>1.573647</hAcc><vAcc>0.863527</vAcc></extensions></trkpt>
      <trkpt lon="-117.332420" lat="33.982881"><ele>313.629692</ele><time>2025-04-16T02:12:06Z</time><extensions><speed>1.195451</speed><course>264.598266</course><hAcc>1.589950</hAcc><vAcc>0.863221</vAcc></extensions></trkpt>
      <trkpt lon="-117.332433" lat="33.982880"><ele>313.579300</ele><time>2025-04-16T02:12:07Z</time><extensions><speed>1.284828</speed><course>265.019524</course><hAcc>1.594786</hAcc><vAcc>0.863231</vAcc></extensions></trkpt>
      <trkpt lon="-117.332447" lat="33.982879"><ele>313.525636</ele><time>2025-04-16T02:12:08Z</time><extensions><speed>1.237513</speed><course>267.492216</course><hAcc>1.589042</hAcc><vAcc>0.864231</vAcc></extensions></trkpt>
      <trkpt lon="-117.332460" lat="33.982879"><ele>313.472571</ele><time>2025-04-16T02:12:09Z</time><extensions><speed>1.184414</speed><course>269.792359</course><hAcc>1.579092</hAcc><vAcc>0.866152</vAcc></extensions></trkpt>
      <trkpt lon="-117.332473" lat="33.982879"><ele>313.420929</ele><time>2025-04-16T02:12:10Z</time><extensions><speed>1.186571</speed><course>271.385428</course><hAcc>1.569230</hAcc><vAcc>0.868831</vAcc></extensions></trkpt>
      <trkpt lon="-117.332486" lat="33.982879"><ele>313.379533</ele><time>2025-04-16T02:12:11Z</time><extensions><speed>1.202423</speed><course>271.059531</course><hAcc>1.561625</hAcc><vAcc>0.871877</vAcc></extensions></trkpt>
      <trkpt lon="-117.332499" lat="33.982879"><ele>313.335254</ele><time>2025-04-16T02:12:12Z</time><extensions><speed>1.212580</speed><course>270.289592</course><hAcc>1.564508</hAcc><vAcc>0.875245</vAcc></extensions></trkpt>
      <trkpt lon="-117.332513" lat="33.982879"><ele>313.289978</ele><time>2025-04-16T02:12:13Z</time><extensions><speed>1.209832</speed><course>268.577917</course><hAcc>1.565925</hAcc><vAcc>0.879100</vAcc></extensions></trkpt>
      <trkpt lon="-117.332525" lat="33.982878"><ele>313.256067</ele><time>2025-04-16T02:12:14Z</time><extensions><speed>1.143425</speed><course>266.717313</course><hAcc>1.567846</hAcc><vAcc>0.883190</vAcc></extensions></trkpt>
      <trkpt lon="-117.332538" lat="33.982878"><ele>313.217345</ele><time>2025-04-16T02:12:15Z</time><extensions><speed>1.130185</speed><course>265.833126</course><hAcc>1.571320</hAcc><vAcc>0.886354</vAcc></extensions></trkpt>
      <trkpt lon="-117.332550" lat="33.982877"><ele>313.197736</ele><time>2025-04-16T02:12:16Z</time><extensions><speed>1.179409</speed><course>265.742450</course><hAcc>1.577776</hAcc><vAcc>0.888752</vAcc></extensions></trkpt>
      <trkpt lon="-117.332563" lat="33.982876"><ele>313.185844</ele><time>2025-04-16T02:12:17Z</time><extensions><speed>1.246629</speed><course>267.102780</course><hAcc>1.589766</hAcc><vAcc>0.890605</vAcc></extensions></trkpt>
      <trkpt lon="-117.332577" lat="33.982876"><ele>313.170997</ele><time>2025-04-16T02:12:18Z</time><extensions><speed>1.234775</speed><course>268.213379</course><hAcc>1.596596</hAcc><vAcc>0.891047</vAcc></extensions></trkpt>
      <trkpt lon="-117.332590" lat="33.982876"><ele>313.156273</ele><time>2025-04-16T02:12:19Z</time><extensions><speed>1.143627</speed><course>270.845370</course><hAcc>1.598059</hAcc><vAcc>0.890624</vAcc></extensions></trkpt>
      <trkpt lon="-117.332602" lat="33.982876"><ele>313.141730</ele><time>2025-04-16T02:12:20Z</time><extensions><speed>1.079674</speed><course>271.180540</course><hAcc>1.587608</hAcc><vAcc>0.889379</vAcc></extensions></trkpt>
      <trkpt lon="-117.332613" lat="33.982876"><ele>313.128397</ele><time>2025-04-16T02:12:21Z</time><extensions><speed>1.027761</speed><course>268.003166</course><hAcc>1.564178</hAcc><vAcc>0.887265</vAcc></extensions></trkpt>
      <trkpt lon="-117.332625" lat="33.982875"><ele>313.116022</ele><time>2025-04-16T02:12:22Z</time><extensions><speed>1.029034</speed><course>266.146587</course><hAcc>1.553383</hAcc><vAcc>0.884432</vAcc></extensions></trkpt>
      <trkpt lon="-117.332636" lat="33.982874"><ele>313.090900</ele><time>2025-04-16T02:12:23Z</time><extensions><speed>1.090934</speed><course>265.745320</course><hAcc>1.557058</hAcc><vAcc>0.880984</vAcc></extensions></trkpt>
      <trkpt lon="-117.332649" lat="33.982874"><ele>313.085402</ele><time>2025-04-16T02:12:24Z</time><extensions><speed>1.194197</speed><course>265.309430</course><hAcc>1.550796</hAcc><vAcc>0.878138</vAcc></extensions></trkpt>
      <trkpt lon="-117.332661" lat="33.982872"><ele>313.080263</ele><time>2025-04-16T02:12:25Z</time><extensions><speed>1.176443</speed><course>262.534435</course><hAcc>1.532875</hAcc><vAcc>0.874784</vAcc></extensions></trkpt>
      <trkpt lon="-117.332674" lat="33.982871"><ele>313.069721</ele><time>2025-04-16T02:12:26Z</time><extensions><speed>1.177801</speed><course>262.715862</course><hAcc>1.526076</hAcc><vAcc>0.871318</vAcc></extensions></trkpt>
      <trkpt lon="-117.332687" lat="33.982870"><ele>313.049166</ele><time>2025-04-16T02:12:27Z</time><extensions><speed>1.146989</speed><course>264.026605</course><hAcc>1.519359</hAcc><vAcc>0.868540</vAcc></extensions></trkpt>
      <trkpt lon="-117.332699" lat="33.982869"><ele>313.030616</ele><time>2025-04-16T02:12:28Z</time><extensions><speed>1.160658</speed><course>266.543381</course><hAcc>1.505150</hAcc><vAcc>0.867233</vAcc></extensions></trkpt>
      <trkpt lon="-117.332712" lat="33.982869"><ele>313.024917</ele><time>2025-04-16T02:12:29Z</time><extensions><speed>1.206380</speed><course>269.542499</course><hAcc>1.499542</hAcc><vAcc>0.866081</vAcc></extensions></trkpt>
      <trkpt lon="-117.332725" lat="33.982869"><ele>313.019283</ele><time>2025-04-16T02:12:30Z</time><extensions><speed>1.219097</speed><course>270.627232</course><hAcc>1.492230</hAcc><vAcc>0.865579</vAcc></extensions></trkpt>
      <trkpt lon="-117.332738" lat="33.982869"><ele>313.010608</ele><time>2025-04-16T02:12:31Z</time><extensions><speed>1.245831</speed><course>269.344284</course><hAcc>1.480079</hAcc><vAcc>0.865836</vAcc></extensions></trkpt>
      <trkpt lon="-117.332752" lat="33.982868"><ele>312.996077</ele><time>2025-04-16T02:12:32Z</time><extensions><speed>1.351279</speed><course>267.994825</course><hAcc>1.469072</hAcc><vAcc>0.866502</vAcc></extensions></trkpt>
      <trkpt lon="-117.332767" lat="33.982868"><ele>312.981612</ele><time>2025-04-16T02:12:33Z</time><extensions><speed>1.398349</speed><course>266.714239</course><hAcc>1.467334</hAcc><vAcc>0.867579</vAcc></extensions></trkpt>
      <trkpt lon="-117.332781" lat="33.982867"><ele>312.968518</ele><time>2025-04-16T02:12:34Z</time><extensions><speed>1.220927</speed><course>267.829411</course><hAcc>1.500306</hAcc><vAcc>0.868674</vAcc></extensions></trkpt>
      <trkpt lon="-117.332794" lat="33.982867"><ele>312.959373</ele><time>2025-04-16T02:12:35Z</time><extensions><speed>1.159865</speed><course>270.371274</course><hAcc>1.465133</hAcc><vAcc>0.869609</vAcc></extensions></trkpt>
      <trkpt lon="-117.332806" lat="33.982867"><ele>312.929761</ele><time>2025-04-16T02:12:36Z</time><extensions><speed>1.070169</speed><course>269.064787</course><hAcc>1.453222</hAcc><vAcc>0.870512</vAcc></extensions></trkpt>
      <trkpt lon="-117.332818" lat="33.982867"><ele>312.914769</ele><time>2025-04-16T02:12:37Z</time><extensions><speed>1.043325</speed><course>266.870095</course><hAcc>1.461933</hAcc><vAcc>0.871054</vAcc></extensions></trkpt>
      <trkpt lon="-117.332829" lat="33.982866"><ele>312.899801</ele><time>2025-04-16T02:12:38Z</time><extensions><speed>1.004370</speed><course>264.779920</course><hAcc>1.479377</hAcc><vAcc>0.871144</vAcc></extensions></trkpt>
      <trkpt lon="-117.332839" lat="33.982865"><ele>312.872719</ele><time>2025-04-16T02:12:39Z</time><extensions><speed>0.939015</speed><course>258.536807</course><hAcc>1.491104</hAcc><vAcc>0.871450</vAcc></extensions></trkpt>
      <trkpt lon="-117.332850" lat="33.982864"><ele>312.836934</ele><time>2025-04-16T02:12:40Z</time><extensions><speed>1.010567</speed><course>260.915503</course><hAcc>1.491984</hAcc><vAcc>0.871111</vAcc></extensions></trkpt>
      <trkpt lon="-117.332861" lat="33.982863"><ele>312.797138</ele><time>2025-04-16T02:12:41Z</time><extensions><speed>1.039991</speed><course>266.999723</course><hAcc>1.490583</hAcc><vAcc>0.869823</vAcc></extensions></trkpt>
      <trkpt lon="-117.332873" lat="33.982863"><ele>312.756166</ele><time>2025-04-16T02:12:42Z</time><extensions><speed>1.086286</speed><course>273.873033</course><hAcc>1.485777</hAcc><vAcc>0.867482</vAcc></extensions></trkpt>
      <trkpt lon="-117.332885" lat="33.982864"><ele>312.697452</ele><time>2025-04-16T02:12:43Z</time><extensions><speed>1.132655</speed><course>278.609593</course><hAcc>1.486284</hAcc><vAcc>0.864733</vAcc></extensions></trkpt>
      <trkpt lon="-117.332897" lat="33.982865"><ele>312.631568</ele><time>2025-04-16T02:12:44Z</time><extensions><speed>1.195107</speed><course>279.992166</course><hAcc>1.484889</hAcc><vAcc>0.861226</vAcc></extensions></trkpt>
      <trkpt lon="-117.332910" lat="33.982867"><ele>312.560307</ele><time>2025-04-16T02:12:45Z</time><extensions><speed>1.271050</speed><course>278.326656</course><hAcc>1.484884</hAcc><vAcc>0.857113</vAcc></extensions></trkpt>
      <trkpt lon="-117.332924" lat="33.982869"><ele>312.489936</ele><time>2025-04-16T02:12:46Z</time><extensions><speed>1.288640</speed><course>276.097541</course><hAcc>1.480520</hAcc><vAcc>0.852662</vAcc></extensions></trkpt>
      <trkpt lon="-117.332938" lat="33.982870"><ele>312.426586</ele><time>2025-04-16T02:12:47Z</time><extensions><speed>1.291991</speed><course>274.657295</course><hAcc>1.485166</hAcc><vAcc>0.847816</vAcc></extensions></trkpt>
      <trkpt lon="-117.332952" lat="33.982871"><ele>312.369909</ele><time>2025-04-16T02:12:48Z</time><extensions><speed>1.253312</speed><course>274.430932</course><hAcc>1.491543</hAcc><vAcc>0.843048</vAcc></extensions></trkpt>
      <trkpt lon="-117.332965" lat="33.982871"><ele>312.308023</ele><time>2025-04-16T02:12:49Z</time><extensions><speed>1.205327</speed><course>276.005125</course><hAcc>1.497872</hAcc><vAcc>0.838167</vAcc></extensions></trkpt>
      <trkpt lon="-117.332979" lat="33.982872"><ele>312.248921</ele><time>2025-04-16T02:12:50Z</time><extensions><speed>1.293181</speed><course>270.654065</course><hAcc>1.496173</hAcc><vAcc>0.833807</vAcc></extensions></trkpt>
      <trkpt lon="-117.332993" lat="33.982872"><ele>312.192497</ele><time>2025-04-16T02:12:51Z</time><extensions><speed>1.316230</speed><course>266.491962</course><hAcc>1.512728</hAcc><vAcc>0.830221</vAcc></extensions></trkpt>
      <trkpt lon="-117.333007" lat="33.982871"><ele>312.140247</ele><time>2025-04-16T02:12:52Z</time><extensions><speed>1.280017</speed><course>263.661290</course><hAcc>1.529213</hAcc><vAcc>0.827162</vAcc></extensions></trkpt>
      <trkpt lon="-117.333021" lat="33.982869"><ele>312.095939</ele><time>2025-04-16T02:12:53Z</time><extensions><speed>1.252617</speed><course>263.714226</course><hAcc>1.532768</hAcc><vAcc>0.824554</vAcc></extensions></trkpt>
      <trkpt lon="-117.333034" lat="33.982868"><ele>312.057887</ele><time>2025-04-16T02:12:54Z</time><extensions><speed>1.226654</speed><course>264.900098</course><hAcc>1.539458</hAcc><vAcc>0.822845</vAcc></extensions></trkpt>
      <trkpt lon="-117.333048" lat="33.982867"><ele>312.020824</ele><time>2025-04-16T02:12:55Z</time><extensions><speed>1.231554</speed><course>266.447481</course><hAcc>1.536939</hAcc><vAcc>0.822424</vAcc></extensions></trkpt>
      <trkpt lon="-117.333061" lat="33.982866"><ele>311.991592</ele><time>2025-04-16T02:12:56Z</time><extensions><speed>1.230623</speed><course>267.591780</course><hAcc>1.529555</hAcc><vAcc>0.822258</vAcc></extensions></trkpt>
      <trkpt lon="-117.333074" lat="33.982866"><ele>311.962504</ele><time>2025-04-16T02:12:57Z</time><extensions><speed>1.255952</speed><course>267.785647</course><hAcc>1.544287</hAcc><vAcc>0.822151</vAcc></extensions></trkpt>
      <trkpt lon="-117.333088" lat="33.982866"><ele>311.937184</ele><time>2025-04-16T02:12:58Z</time><extensions><speed>1.288411</speed><course>268.838081</course><hAcc>1.548649</hAcc><vAcc>0.822059</vAcc></extensions></trkpt>
      <trkpt lon="-117.333102" lat="33.982865"><ele>311.917068</ele><time>2025-04-16T02:12:59Z</time><extensions><speed>1.285130</speed><course>265.514347</course><hAcc>1.555501</hAcc><vAcc>0.821868</vAcc></extensions></trkpt>
      <trkpt lon="-117.333117" lat="33.982864"><ele>311.889657</ele><time>2025-04-16T02:13:00Z</time><extensions><speed>1.376015</speed><course>267.262224</course><hAcc>1.574061</hAcc><vAcc>0.821882</vAcc></extensions></trkpt>
      <trkpt lon="-117.333131" lat="33.982864"><ele>311.850246</ele><time>2025-04-16T02:13:01Z</time><extensions><speed>1.233908</speed><course>265.005062</course><hAcc>1.577352</hAcc><vAcc>0.821243</vAcc></extensions></trkpt>
      <trkpt lon="-117.333143" lat="33.982862"><ele>311.811714</ele><time>2025-04-16T02:13:02Z</time><extensions><speed>1.113163</speed><course>260.362216</course><hAcc>1.547505</hAcc><vAcc>0.820108</vAcc></extensions></trkpt>
      <trkpt lon="-117.333155" lat="33.982861"><ele>311.772338</ele><time>2025-04-16T02:13:03Z</time><extensions><speed>1.002718</speed><course>262.367732</course><hAcc>1.547319</hAcc><vAcc>0.818367</vAcc></extensions></trkpt>
      <trkpt lon="-117.333165" lat="33.982860"><ele>311.732768</ele><time>2025-04-16T02:13:04Z</time><extensions><speed>0.913330</speed><course>268.662335</course><hAcc>1.586958</hAcc><vAcc>0.816258</vAcc></extensions></trkpt>
      <trkpt lon="-117.333175" lat="33.982860"><ele>311.689041</ele><time>2025-04-16T02:13:05Z</time><extensions><speed>0.889547</speed><course>274.204719</course><hAcc>1.634900</hAcc><vAcc>0.814081</vAcc></extensions></trkpt>
      <trkpt lon="-117.333185" lat="33.982861"><ele>311.641773</ele><time>2025-04-16T02:13:06Z</time><extensions><speed>0.928672</speed><course>276.926232</course><hAcc>1.598178</hAcc><vAcc>0.811975</vAcc></extensions></trkpt>
      <trkpt lon="-117.333195" lat="33.982862"><ele>311.604946</ele><time>2025-04-16T02:13:07Z</time><extensions><speed>0.974189</speed><course>278.279186</course><hAcc>1.582752</hAcc><vAcc>0.810007</vAcc></extensions></trkpt>
      <trkpt lon="-117.333206" lat="33.982863"><ele>311.577413</ele><time>2025-04-16T02:13:08Z</time><extensions><speed>1.015684</speed><course>277.301434</course><hAcc>1.596078</hAcc><vAcc>0.809159</vAcc></extensions></trkpt>
      <trkpt lon="-117.333217" lat="33.982864"><ele>311.553644</ele><time>2025-04-16T02:13:09Z</time><extensions><speed>1.032945</speed><course>275.912113</course><hAcc>1.612249</hAcc><vAcc>0.809501</vAcc></extensions></trkpt>
      <trkpt lon="-117.333229" lat="33.982865"><ele>311.527855</ele><time>2025-04-16T02:13:10Z</time><extensions><speed>1.087358</speed><course>275.649442</course><hAcc>1.608515</hAcc><vAcc>0.811094</vAcc></extensions></trkpt>
      <trkpt lon="-117.333241" lat="33.982866"><ele>311.506263</ele><time>2025-04-16T02:13:11Z</time><extensions><speed>1.154779</speed><course>275.385251</course><hAcc>1.593566</hAcc><vAcc>0.813592</vAcc></extensions></trkpt>
      <trkpt lon="-117.333254" lat="33.982867"><ele>311.484731</ele><time>2025-04-16T02:13:12Z</time><extensions><speed>1.163042</speed><course>273.615623</course><hAcc>1.583565</hAcc><vAcc>0.816812</vAcc></extensions></trkpt>
      <trkpt lon="-117.333267" lat="33.982867"><ele>311.457478</ele><time>2025-04-16T02:13:13Z</time><extensions><speed>1.162605</speed><course>269.312145</course><hAcc>1.563454</hAcc><vAcc>0.820818</vAcc></extensions></trkpt>
      <trkpt lon="-117.333280" lat="33.982866"><ele>311.436030</ele><time>2025-04-16T02:13:14Z</time><extensions><speed>1.192991</speed><course>262.180134</course><hAcc>1.540520</hAcc><vAcc>0.824770</vAcc></extensions></trkpt>
      <trkpt lon="-117.333293" lat="33.982865"><ele>311.422301</ele><time>2025-04-16T02:13:15Z</time><extensions><speed>1.164639</speed><course>260.870536</course><hAcc>1.559728</hAcc><vAcc>0.828450</vAcc></extensions></trkpt>
      <trkpt lon="-117.333307" lat="33.982863"><ele>311.415958</ele><time>2025-04-16T02:13:16Z</time><extensions><speed>1.396303</speed><course>261.242507</course><hAcc>1.519292</hAcc><vAcc>0.833060</vAcc></extensions></trkpt>
      <trkpt lon="-117.333322" lat="33.982861"><ele>311.411758</ele><time>2025-04-16T02:13:17Z</time><extensions><speed>1.483284</speed><course>263.354377</course><hAcc>1.511317</hAcc><vAcc>0.837103</vAcc></extensions></trkpt>
      <trkpt lon="-117.333338" lat="33.982860"><ele>311.418115</ele><time>2025-04-16T02:13:18Z</time><extensions><speed>1.413833</speed><course>267.408030</course><hAcc>1.547936</hAcc><vAcc>0.839593</vAcc></extensions></trkpt>
      <trkpt lon="-117.333352" lat="33.982860"><ele>311.412610</ele><time>2025-04-16T02:13:19Z</time><extensions><speed>1.147191</speed><course>271.558261</course><hAcc>1.578738</hAcc><vAcc>0.841275</vAcc></extensions></trkpt>
      <trkpt lon="-117.333365" lat="33.982860"><ele>311.418965</ele><time>2025-04-16T02:13:20Z</time><extensions><speed>1.226311</speed><course>273.098980</course><hAcc>1.551930</hAcc><vAcc>0.842181</vAcc></extensions></trkpt>
      <trkpt lon="-117.333379" lat="33.982861"><ele>311.424690</ele><time>2025-04-16T02:13:21Z</time><extensions><speed>1.314836</speed><course>270.703822</course><hAcc>1.537565</hAcc><vAcc>0.842499</vAcc></extensions></trkpt>
      <trkpt lon="-117.333393" lat="33.982860"><ele>311.434012</ele><time>2025-04-16T02:13:22Z</time><extensions><speed>1.367162</speed><course>268.687538</course><hAcc>1.559977</hAcc><vAcc>0.842273</vAcc></extensions></trkpt>
      <trkpt lon="-117.333408" lat="33.982860"><ele>311.434626</ele><time>2025-04-16T02:13:23Z</time><extensions><speed>1.379637</speed><course>269.374141</course><hAcc>1.587737</hAcc><vAcc>0.841433</vAcc></extensions></trkpt>
      <trkpt lon="-117.333422" lat="33.982860"><ele>311.414982</ele><time>2025-04-16T02:13:24Z</time><extensions><speed>1.253473</speed><course>267.232470</course><hAcc>1.590574</hAcc><vAcc>0.840721</vAcc></extensions></trkpt>
      <trkpt lon="-117.333435" lat="33.982859"><ele>311.393493</ele><time>2025-04-16T02:13:25Z</time><extensions><speed>1.090949</speed><course>262.317197</course><hAcc>1.597734</hAcc><vAcc>0.840029</vAcc></extensions></trkpt>
      <trkpt lon="-117.333446" lat="33.982858"><ele>311.347291</ele><time>2025-04-16T02:13:26Z</time><extensions><speed>0.908689</speed><course>260.850165</course><hAcc>1.652101</hAcc><vAcc>0.838868</vAcc></extensions></trkpt>
      <trkpt lon="-117.333456" lat="33.982856"><ele>311.292078</ele><time>2025-04-16T02:13:27Z</time><extensions><speed>0.994445</speed><course>257.377008</course><hAcc>1.609286</hAcc><vAcc>0.837518</vAcc></extensions></trkpt>
      <trkpt lon="-117.333466" lat="33.982854"><ele>311.226419</ele><time>2025-04-16T02:13:28Z</time><extensions><speed>1.025570</speed><course>257.413551</course><hAcc>1.597239</hAcc><vAcc>0.836246</vAcc></extensions></trkpt>
      <trkpt lon="-117.333477" lat="33.982852"><ele>311.149077</ele><time>2025-04-16T02:13:29Z</time><extensions><speed>1.009995</speed><course>261.204403</course><hAcc>1.602561</hAcc><vAcc>0.835713</vAcc></extensions></trkpt>
      <trkpt lon="-117.333488" lat="33.982852"><ele>311.055489</ele><time>2025-04-16T02:13:30Z</time><extensions><speed>1.010151</speed><course>267.561147</course><hAcc>1.624584</hAcc><vAcc>0.836312</vAcc></extensions></trkpt>
      <trkpt lon="-117.333499" lat="33.982852"><ele>310.955378</ele><time>2025-04-16T02:13:31Z</time><extensions><speed>0.966210</speed><course>272.202689</course><hAcc>1.616901</hAcc><vAcc>0.836785</vAcc></extensions></trkpt>
      <trkpt lon="-117.333509" lat="33.982852"><ele>310.843975</ele><time>2025-04-16T02:13:32Z</time><extensions><speed>0.958863</speed><course>276.565580</course><hAcc>1.603975</hAcc><vAcc>0.837315</vAcc></extensions></trkpt>
      <trkpt lon="-117.333520" lat="33.982854"><ele>310.715575</ele><time>2025-04-16T02:13:33Z</time><extensions><speed>0.971296</speed><course>279.780656</course><hAcc>1.591913</hAcc><vAcc>0.838051</vAcc></extensions></trkpt>
      <trkpt lon="-117.333531" lat="33.982855"><ele>310.578791</ele><time>2025-04-16T02:13:34Z</time><extensions><speed>1.000644</speed><course>279.991082</course><hAcc>1.605697</hAcc><vAcc>0.838415</vAcc></extensions></trkpt>
      <trkpt lon="-117.333541" lat="33.982856"><ele>310.421693</ele><time>2025-04-16T02:13:35Z</time><extensions><speed>0.980579</speed><course>277.382794</course><hAcc>1.640151</hAcc><vAcc>0.839052</vAcc></extensions></trkpt>
      <trkpt lon="-117.333552" lat="33.982858"><ele>310.261423</ele><time>2025-04-16T02:13:36Z</time><extensions><speed>1.016396</speed><course>277.590480</course><hAcc>1.578422</hAcc><vAcc>0.839525</vAcc></extensions></trkpt>
      <trkpt lon="-117.333563" lat="33.982859"><ele>310.109418</ele><time>2025-04-16T02:13:37Z</time><extensions><speed>1.049497</speed><course>277.611852</course><hAcc>1.550959</hAcc><vAcc>0.840641</vAcc></extensions></trkpt>
      <trkpt lon="-117.333575" lat="33.982860"><ele>309.974845</ele><time>2025-04-16T02:13:38Z</time><extensions><speed>1.135161</speed><course>278.657118</course><hAcc>1.549358</hAcc><vAcc>0.841243</vAcc></extensions></trkpt>
      <trkpt lon="-117.333587" lat="33.982862"><ele>309.841111</ele><time>2025-04-16T02:13:39Z</time><extensions><speed>1.136306</speed><course>279.658433</course><hAcc>1.547444</hAcc><vAcc>0.842107</vAcc></extensions></trkpt>
      <trkpt lon="-117.333599" lat="33.982863"><ele>309.710509</ele><time>2025-04-16T02:13:40Z</time><extensions><speed>1.081563</speed><course>280.174600</course><hAcc>1.546210</hAcc><vAcc>0.842259</vAcc></extensions></trkpt>
      <trkpt lon="-117.333611" lat="33.982865"><ele>309.588149</ele><time>2025-04-16T02:13:41Z</time><extensions><speed>1.102736</speed><course>280.124072</course><hAcc>1.543328</hAcc><vAcc>0.841948</vAcc></extensions></trkpt>
      <trkpt lon="-117.333623" lat="33.982867"><ele>309.472955</ele><time>2025-04-16T02:13:42Z</time><extensions><speed>1.123991</speed><course>277.878541</course><hAcc>1.540717</hAcc><vAcc>0.841826</vAcc></extensions></trkpt>
      <trkpt lon="-117.333635" lat="33.982868"><ele>309.365235</ele><time>2025-04-16T02:13:43Z</time><extensions><speed>1.192370</speed><course>274.171380</course><hAcc>1.541769</hAcc><vAcc>0.841407</vAcc></extensions></trkpt>
      <trkpt lon="-117.333648" lat="33.982868"><ele>309.271071</ele><time>2025-04-16T02:13:44Z</time><extensions><speed>1.221229</speed><course>271.509217</course><hAcc>1.549276</hAcc><vAcc>0.841078</vAcc></extensions></trkpt>
      <trkpt lon="-117.333661" lat="33.982868"><ele>309.182024</ele><time>2025-04-16T02:13:45Z</time><extensions><speed>1.153426</speed><course>270.480756</course><hAcc>1.550346</hAcc><vAcc>0.840879</vAcc></extensions></trkpt>
      <trkpt lon="-117.333673" lat="33.982868"><ele>309.115728</ele><time>2025-04-16T02:13:46Z</time><extensions><speed>1.073422</speed><course>270.066887</course><hAcc>1.562993</hAcc><vAcc>0.840085</vAcc></extensions></trkpt>
      <trkpt lon="-117.333685" lat="33.982868"><ele>309.047005</ele><time>2025-04-16T02:13:47Z</time><extensions><speed>0.979085</speed><course>271.363262</course><hAcc>1.582519</hAcc><vAcc>0.838443</vAcc></extensions></trkpt>
      <trkpt lon="-117.333696" lat="33.982869"><ele>308.971486</ele><time>2025-04-16T02:13:48Z</time><extensions><speed>1.025326</speed><course>272.909727</course><hAcc>1.569594</hAcc><vAcc>0.836055</vAcc></extensions></trkpt>
      <trkpt lon="-117.333707" lat="33.982869"><ele>308.907138</ele><time>2025-04-16T02:13:49Z</time><extensions><speed>1.023641</speed><course>276.086571</course><hAcc>1.553354</hAcc><vAcc>0.832809</vAcc></extensions></trkpt>
      <trkpt lon="-117.333718" lat="33.982871"><ele>308.858542</ele><time>2025-04-16T02:13:50Z</time><extensions><speed>1.104993</speed><course>277.084988</course><hAcc>1.543356</hAcc><vAcc>0.828688</vAcc></extensions></trkpt>
      <trkpt lon="-117.333730" lat="33.982871"><ele>308.820382</ele><time>2025-04-16T02:13:51Z</time><extensions><speed>1.145753</speed><course>271.713551</course><hAcc>1.528729</hAcc><vAcc>0.823856</vAcc></extensions></trkpt>
      <trkpt lon="-117.333743" lat="33.982871"><ele>308.787287</ele><time>2025-04-16T02:13:52Z</time><extensions><speed>1.183717</speed><course>265.573790</course><hAcc>1.516657</hAcc><vAcc>0.818968</vAcc></extensions></trkpt>
      <trkpt lon="-117.333756" lat="33.982870"><ele>308.755161</ele><time>2025-04-16T02:13:53Z</time><extensions><speed>1.199418</speed><course>262.137473</course><hAcc>1.501311</hAcc><vAcc>0.813598</vAcc></extensions></trkpt>
      <trkpt lon="-117.333769" lat="33.982868"><ele>308.731407</ele><time>2025-04-16T02:13:54Z</time><extensions><speed>1.185063</speed><course>263.135705</course><hAcc>1.491530</hAcc><vAcc>0.808298</vAcc></extensions></trkpt>
      <trkpt lon="-117.333781" lat="33.982868"><ele>308.714416</ele><time>2025-04-16T02:13:55Z</time><extensions><speed>1.157331</speed><course>267.738901</course><hAcc>1.485026</hAcc><vAcc>0.802804</vAcc></extensions></trkpt>
      <trkpt lon="-117.333794" lat="33.982867"><ele>308.702250</ele><time>2025-04-16T02:13:56Z</time><extensions><speed>1.151869</speed><course>269.550653</course><hAcc>1.473645</hAcc><vAcc>0.797891</vAcc></extensions></trkpt>
      <trkpt lon="-117.333807" lat="33.982867"><ele>308.688248</ele><time>2025-04-16T02:13:57Z</time><extensions><speed>1.225328</speed><course>271.215861</course><hAcc>1.454028</hAcc><vAcc>0.793846</vAcc></extensions></trkpt>
      <trkpt lon="-117.333821" lat="33.982867"><ele>308.681783</ele><time>2025-04-16T02:13:58Z</time><extensions><speed>1.300025</speed><course>271.102885</course><hAcc>1.433910</hAcc><vAcc>0.790477</vAcc></extensions></trkpt>
      <trkpt lon="-117.333835" lat="33.982868"><ele>308.686153</ele><time>2025-04-16T02:13:59Z</time><extensions><speed>1.335956</speed><course>271.162978</course><hAcc>1.430749</hAcc><vAcc>0.787509</vAcc></extensions></trkpt>
      <trkpt lon="-117.333849" lat="33.982868"><ele>308.684673</ele><time>2025-04-16T02:14:00Z</time><extensions><speed>1.304985</speed><course>268.770542</course><hAcc>1.431954</hAcc><vAcc>0.785847</vAcc></extensions></trkpt>
      <trkpt lon="-117.333863" lat="33.982867"><ele>308.688674</ele><time>2025-04-16T02:14:01Z</time><extensions><speed>1.199717</speed><course>263.484851</course><hAcc>1.428339</hAcc><vAcc>0.784936</vAcc></extensions></trkpt>
      <trkpt lon="-117.333876" lat="33.982866"><ele>308.689615</ele><time>2025-04-16T02:14:02Z</time><extensions><speed>1.140202</speed><course>263.566586</course><hAcc>1.419956</hAcc><vAcc>0.784375</vAcc></extensions></trkpt>
      <trkpt lon="-117.333888" lat="33.982864"><ele>308.689243</ele><time>2025-04-16T02:14:03Z</time><extensions><speed>1.126341</speed><course>262.224030</course><hAcc>1.389156</hAcc><vAcc>0.783917</vAcc></extensions></trkpt>
      <trkpt lon="-117.333900" lat="33.982863"><ele>308.681931</ele><time>2025-04-16T02:14:04Z</time><extensions><speed>1.163430</speed><course>262.570745</course><hAcc>1.384567</hAcc><vAcc>0.783511</vAcc></extensions></trkpt>
      <trkpt lon="-117.333914" lat="33.982862"><ele>308.680498</ele><time>2025-04-16T02:14:05Z</time><extensions><speed>1.280370</speed><course>264.789522</course><hAcc>1.371517</hAcc><vAcc>0.783006</vAcc></extensions></trkpt>
      <trkpt lon="-117.333928" lat="33.982861"><ele>308.674264</ele><time>2025-04-16T02:14:06Z</time><extensions><speed>1.388802</speed><course>264.184461</course><hAcc>1.359541</hAcc><vAcc>0.782554</vAcc></extensions></trkpt>
      <trkpt lon="-117.333943" lat="33.982859"><ele>308.664980</ele><time>2025-04-16T02:14:07Z</time><extensions><speed>1.409146</speed><course>263.982081</course><hAcc>1.360844</hAcc><vAcc>0.781674</vAcc></extensions></trkpt>
      <trkpt lon="-117.333959" lat="33.982858"><ele>308.651993</ele><time>2025-04-16T02:14:08Z</time><extensions><speed>1.413572</speed><course>264.124424</course><hAcc>1.325400</hAcc><vAcc>0.780405</vAcc></extensions></trkpt>
      <trkpt lon="-117.333973" lat="33.982857"><ele>308.640667</ele><time>2025-04-16T02:14:09Z</time><extensions><speed>1.296754</speed><course>265.784706</course><hAcc>1.307253</hAcc><vAcc>0.778809</vAcc></extensions></trkpt>
      <trkpt lon="-117.333986" lat="33.982856"><ele>308.636256</ele><time>2025-04-16T02:14:10Z</time><extensions><speed>1.093808</speed><course>267.533384</course><hAcc>1.337222</hAcc><vAcc>0.776949</vAcc></extensions></trkpt>
      <trkpt lon="-117.333998" lat="33.982855"><ele>308.632941</ele><time>2025-04-16T02:14:11Z</time><extensions><speed>1.006177</speed><course>264.081875</course><hAcc>1.340885</hAcc><vAcc>0.774879</vAcc></extensions></trkpt>
      <trkpt lon="-117.334010" lat="33.982855"><ele>308.615673</ele><time>2025-04-16T02:14:12Z</time><extensions><speed>1.260841</speed><course>264.675594</course><hAcc>1.313717</hAcc><vAcc>0.772685</vAcc></extensions></trkpt>
      <trkpt lon="-117.334024" lat="33.982854"><ele>308.584414</ele><time>2025-04-16T02:14:13Z</time><extensions><speed>1.335443</speed><course>266.163271</course><hAcc>1.312823</hAcc><vAcc>0.770483</vAcc></extensions></trkpt>
      <trkpt lon="-117.334038" lat="33.982853"><ele>308.557769</ele><time>2025-04-16T02:14:14Z</time><extensions><speed>1.303643</speed><course>267.525647</course><hAcc>1.321440</hAcc><vAcc>0.768386</vAcc></extensions></trkpt>
      <trkpt lon="-117.334052" lat="33.982853"><ele>308.529720</ele><time>2025-04-16T02:14:15Z</time><extensions><speed>1.279098</speed><course>269.416170</course><hAcc>1.342069</hAcc><vAcc>0.766458</vAcc></extensions></trkpt>
      <trkpt lon="-117.334065" lat="33.982853"><ele>308.493596</ele><time>2025-04-16T02:14:16Z</time><extensions><speed>1.203050</speed><course>271.439217</course><hAcc>1.357342</hAcc><vAcc>0.764721</vAcc></extensions></trkpt>
      <trkpt lon="-117.334079" lat="33.982853"><ele>308.458573</ele><time>2025-04-16T02:14:17Z</time><extensions><speed>1.227866</speed><course>271.390007</course><hAcc>1.341377</hAcc><vAcc>0.763171</vAcc></extensions></trkpt>
      <trkpt lon="-117.334092" lat="33.982853"><ele>308.426159</ele><time>2025-04-16T02:14:18Z</time><extensions><speed>1.160338</speed><course>273.432608</course><hAcc>1.336990</hAcc><vAcc>0.761815</vAcc></extensions></trkpt>
      <trkpt lon="-117.334104" lat="33.982855"><ele>308.391600</ele><time>2025-04-16T02:14:19Z</time><extensions><speed>1.195238</speed><course>278.330242</course><hAcc>1.343027</hAcc><vAcc>0.760661</vAcc></extensions></trkpt>
      <trkpt lon="-117.334117" lat="33.982856"><ele>308.360584</ele><time>2025-04-16T02:14:20Z</time><extensions><speed>1.220526</speed><course>277.100067</course><hAcc>1.342537</hAcc><vAcc>0.759705</vAcc></extensions></trkpt>
      <trkpt lon="-117.334130" lat="33.982857"><ele>308.330878</ele><time>2025-04-16T02:14:21Z</time><extensions><speed>1.111718</speed><course>272.698712</course><hAcc>1.344826</hAcc><vAcc>0.758936</vAcc></extensions></trkpt>
      <trkpt lon="-117.334142" lat="33.982857"><ele>308.300681</ele><time>2025-04-16T02:14:22Z</time><extensions><speed>1.100517</speed><course>273.496024</course><hAcc>1.349530</hAcc><vAcc>0.758332</vAcc></extensions></trkpt>
      <trkpt lon="-117.334153" lat="33.982858"><ele>308.274338</ele><time>2025-04-16T02:14:23Z</time><extensions><speed>1.043495</speed><course>277.805951</course><hAcc>1.355528</hAcc><vAcc>0.757870</vAcc></extensions></trkpt>
      <trkpt lon="-117.334164" lat="33.982860"><ele>308.252168</ele><time>2025-04-16T02:14:24Z</time><extensions><speed>1.000522</speed><course>279.873071</course><hAcc>1.367730</hAcc><vAcc>0.757662</vAcc></extensions></trkpt>
      <trkpt lon="-117.334175" lat="33.982861"><ele>308.232546</ele><time>2025-04-16T02:14:25Z</time><extensions><speed>1.037783</speed><course>276.290253</course><hAcc>1.359014</hAcc><vAcc>0.758124</vAcc></extensions></trkpt>
      <trkpt lon="-117.334187" lat="33.982862"><ele>308.211774</ele><time>2025-04-16T02:14:26Z</time><extensions><speed>1.077243</speed><course>271.383782</course><hAcc>1.374600</hAcc><vAcc>0.758564</vAcc></extensions></trkpt>
      <trkpt lon="-117.334199" lat="33.982861"><ele>308.193375</ele><time>2025-04-16T02:14:27Z</time><extensions><speed>1.173638</speed><course>266.990272</course><hAcc>1.375360</hAcc><vAcc>0.759120</vAcc></extensions></trkpt>
      <trkpt lon="-117.334212" lat="33.982860"><ele>308.174541</ele><time>2025-04-16T02:14:28Z</time><extensions><speed>1.174478</speed><course>261.384984</course><hAcc>1.372967</hAcc><vAcc>0.759989</vAcc></extensions></trkpt>
      <trkpt lon="-117.334225" lat="33.982859"><ele>308.166029</ele><time>2025-04-16T02:14:29Z</time><extensions><speed>1.218572</speed><course>261.144015</course><hAcc>1.374565</hAcc><vAcc>0.761024</vAcc></extensions></trkpt>
      <trkpt lon="-117.334238" lat="33.982857"><ele>308.165671</ele><time>2025-04-16T02:14:30Z</time><extensions><speed>1.196038</speed><course>261.492129</course><hAcc>1.379283</hAcc><vAcc>0.762288</vAcc></extensions></trkpt>
      <trkpt lon="-117.334251" lat="33.982856"><ele>308.176416</ele><time>2025-04-16T02:14:31Z</time><extensions><speed>1.242306</speed><course>263.468276</course><hAcc>1.365269</hAcc><vAcc>0.763602</vAcc></extensions></trkpt>
      <trkpt lon="-117.334264" lat="33.982855"><ele>308.197962</ele><time>2025-04-16T02:14:32Z</time><extensions><speed>1.291852</speed><course>265.145847</course><hAcc>1.355471</hAcc><vAcc>0.764886</vAcc></extensions></trkpt>
      <trkpt lon="-117.334278" lat="33.982854"><ele>308.211673</ele><time>2025-04-16T02:14:33Z</time><extensions><speed>1.227947</speed><course>267.309919</course><hAcc>1.349549</hAcc><vAcc>0.766167</vAcc></extensions></trkpt>
      <trkpt lon="-117.334292" lat="33.982853"><ele>308.228351</ele><time>2025-04-16T02:14:34Z</time><extensions><speed>1.290592</speed><course>267.930190</course><hAcc>1.353911</hAcc><vAcc>0.767260</vAcc></extensions></trkpt>
      <trkpt lon="-117.334305" lat="33.982853"><ele>308.252312</ele><time>2025-04-16T02:14:35Z</time><extensions><speed>1.162340</speed><course>265.628314</course><hAcc>1.372478</hAcc><vAcc>0.768054</vAcc></extensions></trkpt>
      <trkpt lon="-117.334318" lat="33.982852"><ele>308.287707</ele><time>2025-04-16T02:14:36Z</time><extensions><speed>1.226711</speed><course>265.976089</course><hAcc>1.352286</hAcc><vAcc>0.768443</vAcc></extensions></trkpt>
      <trkpt lon="-117.334331" lat="33.982851"><ele>308.323088</ele><time>2025-04-16T02:14:37Z</time><extensions><speed>1.199657</speed><course>266.465838</course><hAcc>1.350687</hAcc><vAcc>0.768411</vAcc></extensions></trkpt>
      <trkpt lon="-117.334343" lat="33.982851"><ele>308.357727</ele><time>2025-04-16T02:14:38Z</time><extensions><speed>1.004322</speed><course>265.065437</course><hAcc>1.351755</hAcc><vAcc>0.767993</vAcc></extensions></trkpt>
      <trkpt lon="-117.334353" lat="33.982850"><ele>308.390754</ele><time>2025-04-16T02:14:39Z</time><extensions><speed>0.950355</speed><course>270.882004</course><hAcc>1.335377</hAcc><vAcc>0.767243</vAcc></extensions></trkpt>
      <trkpt lon="-117.334364" lat="33.982851"><ele>308.417516</ele><time>2025-04-16T02:14:40Z</time><extensions><speed>0.997260</speed><course>277.135553</course><hAcc>1.333322</hAcc><vAcc>0.766231</vAcc></extensions></trkpt>
      <trkpt lon="-117.334375" lat="33.982852"><ele>308.434111</ele><time>2025-04-16T02:14:41Z</time><extensions><speed>1.165103</speed><course>279.071492</course><hAcc>1.313987</hAcc><vAcc>0.765045</vAcc></extensions></trkpt>
      <trkpt lon="-117.334389" lat="33.982854"><ele>308.449043</ele><time>2025-04-16T02:14:42Z</time><extensions><speed>1.282136</speed><course>275.753298</course><hAcc>1.302084</hAcc><vAcc>0.763786</vAcc></extensions></trkpt>
      <trkpt lon="-117.334402" lat="33.982854"><ele>308.458033</ele><time>2025-04-16T02:14:43Z</time><extensions><speed>1.249503</speed><course>270.808408</course><hAcc>1.313306</hAcc><vAcc>0.762544</vAcc></extensions></trkpt>
      <trkpt lon="-117.334415" lat="33.982854"><ele>308.459103</ele><time>2025-04-16T02:14:44Z</time><extensions><speed>1.144901</speed><course>270.090050</course><hAcc>1.285978</hAcc><vAcc>0.761388</vAcc></extensions></trkpt>
      <trkpt lon="-117.334427" lat="33.982854"><ele>308.452657</ele><time>2025-04-16T02:14:45Z</time><extensions><speed>1.052156</speed><course>269.710426</course><hAcc>1.277383</hAcc><vAcc>0.760362</vAcc></extensions></trkpt>
      <trkpt lon="-117.334438" lat="33.982854"><ele>308.453047</ele><time>2025-04-16T02:14:46Z</time><extensions><speed>1.042063</speed><course>272.037804</course><hAcc>1.279227</hAcc><vAcc>0.759488</vAcc></extensions></trkpt>
      <trkpt lon="-117.334449" lat="33.982855"><ele>308.445830</ele><time>2025-04-16T02:14:47Z</time><extensions><speed>0.985770</speed><course>271.371823</course><hAcc>1.283200</hAcc><vAcc>0.758769</vAcc></extensions></trkpt>
      <trkpt lon="-117.334461" lat="33.982855"><ele>308.440984</ele><time>2025-04-16T02:14:48Z</time><extensions><speed>1.072747</speed><course>268.275989</course><hAcc>1.285066</hAcc><vAcc>0.758198</vAcc></extensions></trkpt>
      <trkpt lon="-117.334473" lat="33.982854"><ele>308.441325</ele><time>2025-04-16T02:14:49Z</time><extensions><speed>1.214436</speed><course>268.128428</course><hAcc>1.292700</hAcc><vAcc>0.757757</vAcc></extensions></trkpt>
      <trkpt lon="-117.334487" lat="33.982854"><ele>308.442402</ele><time>2025-04-16T02:14:50Z</time><extensions><speed>1.268910</speed><course>269.086452</course><hAcc>1.301085</hAcc><vAcc>0.757429</vAcc></extensions></trkpt>
      <trkpt lon="-117.334500" lat="33.982854"><ele>308.440575</ele><time>2025-04-16T02:14:51Z</time><extensions><speed>1.274885</speed><course>269.079608</course><hAcc>1.302111</hAcc><vAcc>0.757191</vAcc></extensions></trkpt>
      <trkpt lon="-117.334514" lat="33.982853"><ele>308.440203</ele><time>2025-04-16T02:14:52Z</time><extensions><speed>1.277801</speed><course>265.899823</course><hAcc>1.311122</hAcc><vAcc>0.757025</vAcc></extensions></trkpt>
      <trkpt lon="-117.334528" lat="33.982853"><ele>308.438752</ele><time>2025-04-16T02:14:53Z</time><extensions><speed>1.193750</speed><course>266.492877</course><hAcc>1.309939</hAcc><vAcc>0.756913</vAcc></extensions></trkpt>
      <trkpt lon="-117.334541" lat="33.982852"><ele>308.436584</ele><time>2025-04-16T02:14:54Z</time><extensions><speed>1.228374</speed><course>271.046913</course><hAcc>1.298949</hAcc><vAcc>0.756841</vAcc></extensions></trkpt>
      <trkpt lon="-117.334555" lat="33.982853"><ele>308.434314</ele><time>2025-04-16T02:14:55Z</time><extensions><speed>1.341516</speed><course>275.704996</course><hAcc>1.300358</hAcc><vAcc>0.756796</vAcc></extensions></trkpt>
      <trkpt lon="-117.334570" lat="33.982855"><ele>308.418613</ele><time>2025-04-16T02:14:56Z</time><extensions><speed>1.516817</speed><course>280.109089</course><hAcc>1.306258</hAcc><vAcc>0.756771</vAcc></extensions></trkpt>
      <trkpt lon="-117.334587" lat="33.982858"><ele>308.396241</ele><time>2025-04-16T02:14:57Z</time><extensions><speed>1.614172</speed><course>281.290259</course><hAcc>1.312589</hAcc><vAcc>0.756886</vAcc></extensions></trkpt>
      <trkpt lon="-117.334604" lat="33.982860"><ele>308.371238</ele><time>2025-04-16T02:14:58Z</time><extensions><speed>1.613077</speed><course>277.656712</course><hAcc>1.317542</hAcc><vAcc>0.757065</vAcc></extensions></trkpt>
      <trkpt lon="-117.334621" lat="33.982861"><ele>308.350637</ele><time>2025-04-16T02:14:59Z</time><extensions><speed>1.626456</speed><course>271.997741</course><hAcc>1.324700</hAcc><vAcc>0.757250</vAcc></extensions></trkpt>
      <trkpt lon="-117.334639" lat="33.982862"><ele>308.317980</ele><time>2025-04-16T02:15:00Z</time><extensions><speed>1.566929</speed><course>272.677634</course><hAcc>1.330263</hAcc><vAcc>0.758146</vAcc></extensions></trkpt>
      <trkpt lon="-117.334655" lat="33.982862"><ele>308.287717</ele><time>2025-04-16T02:15:01Z</time><extensions><speed>1.451524</speed><course>271.720536</course><hAcc>1.333906</hAcc><vAcc>0.758938</vAcc></extensions></trkpt>
      <trkpt lon="-117.334670" lat="33.982862"><ele>308.246665</ele><time>2025-04-16T02:15:02Z</time><extensions><speed>1.291834</speed><course>269.821195</course><hAcc>1.338706</hAcc><vAcc>0.759929</vAcc></extensions></trkpt>
      <trkpt lon="-117.334683" lat="33.982862"><ele>308.201877</ele><time>2025-04-16T02:15:03Z</time><extensions><speed>1.236837</speed><course>269.525268</course><hAcc>1.345455</hAcc><vAcc>0.760970</vAcc></extensions></trkpt>
      <trkpt lon="-117.334696" lat="33.982862"><ele>308.151814</ele><time>2025-04-16T02:15:04Z</time><extensions><speed>1.176296</speed><course>270.509506</course><hAcc>1.354944</hAcc><vAcc>0.762038</vAcc></extensions></trkpt>
      <trkpt lon="-117.334709" lat="33.982862"><ele>308.089400</ele><time>2025-04-16T02:15:05Z</time><extensions><speed>1.163884</speed><course>271.194878</course><hAcc>1.360027</hAcc><vAcc>0.763177</vAcc></extensions></trkpt>
      <trkpt lon="-117.334721" lat="33.982862"><ele>308.010051</ele><time>2025-04-16T02:15:06Z</time><extensions><speed>1.107871</speed><course>266.624097</course><hAcc>1.353104</hAcc><vAcc>0.764333</vAcc></extensions></trkpt>
      <trkpt lon="-117.334734" lat="33.982861"><ele>307.940205</ele><time>2025-04-16T02:15:07Z</time><extensions><speed>1.215160</speed><course>263.371767</course><hAcc>1.357216</hAcc><vAcc>0.765420</vAcc></extensions></trkpt>
      <trkpt lon="-117.334747" lat="33.982860"><ele>307.871401</ele><time>2025-04-16T02:15:08Z</time><extensions><speed>1.313725</speed><course>264.228429</course><hAcc>1.363682</hAcc><vAcc>0.766334</vAcc></extensions></trkpt>
      <trkpt lon="-117.334762" lat="33.982859"><ele>307.787187</ele><time>2025-04-16T02:15:09Z</time><extensions><speed>1.345721</speed><course>267.835226</course><hAcc>1.367046</hAcc><vAcc>0.767069</vAcc></extensions></trkpt>
      <trkpt lon="-117.334775" lat="33.982859"><ele>307.710591</ele><time>2025-04-16T02:15:10Z</time><extensions><speed>1.178701</speed><course>271.698142</course><hAcc>1.374148</hAcc><vAcc>0.767904</vAcc></extensions></trkpt>
      <trkpt lon="-117.334788" lat="33.982859"><ele>307.634548</ele><time>2025-04-16T02:15:11Z</time><extensions><speed>1.118750</speed><course>272.184154</course><hAcc>1.364340</hAcc><vAcc>0.768291</vAcc></extensions></trkpt>
      <trkpt lon="-117.334800" lat="33.982860"><ele>307.548768</ele><time>2025-04-16T02:15:12Z</time><extensions><speed>1.145525</speed><course>272.962427</course><hAcc>1.367638</hAcc><vAcc>0.768773</vAcc></extensions></trkpt>
      <trkpt lon="-117.334813" lat="33.982860"><ele>307.464586</ele><time>2025-04-16T02:15:13Z</time><extensions><speed>1.143447</speed><course>268.843265</course><hAcc>1.375945</hAcc><vAcc>0.769365</vAcc></extensions></trkpt>
      <trkpt lon="-117.334825" lat="33.982859"><ele>307.375057</ele><time>2025-04-16T02:15:14Z</time><extensions><speed>1.131494</speed><course>262.689246</course><hAcc>1.382228</hAcc><vAcc>0.770164</vAcc></extensions></trkpt>
      <trkpt lon="-117.334837" lat="33.982858"><ele>307.282282</ele><time>2025-04-16T02:15:15Z</time><extensions><speed>1.167109</speed><course>260.050184</course><hAcc>1.374359</hAcc><vAcc>0.771474</vAcc></extensions></trkpt>
      <trkpt lon="-117.334850" lat="33.982856"><ele>307.188966</ele><time>2025-04-16T02:15:16Z</time><extensions><speed>1.263273</speed><course>260.169859</course><hAcc>1.380656</hAcc><vAcc>0.773475</vAcc></extensions></trkpt>
      <trkpt lon="-117.334864" lat="33.982854"><ele>307.101868</ele><time>2025-04-16T02:15:17Z</time><extensions><speed>1.296152</speed><course>262.179025</course><hAcc>1.398816</hAcc><vAcc>0.776375</vAcc></extensions></trkpt>
      <trkpt lon="-117.334878" lat="33.982853"><ele>307.011629</ele><time>2025-04-16T02:15:18Z</time><extensions><speed>1.267942</speed><course>265.140665</course><hAcc>1.399460</hAcc><vAcc>0.780452</vAcc></extensions></trkpt>
      <trkpt lon="-117.334891" lat="33.982852"><ele>306.918910</ele><time>2025-04-16T02:15:19Z</time><extensions><speed>1.260395</speed><course>264.813452</course><hAcc>1.400338</hAcc><vAcc>0.785378</vAcc></extensions></trkpt>
      <trkpt lon="-117.334905" lat="33.982851"><ele>306.830320</ele><time>2025-04-16T02:15:20Z</time><extensions><speed>1.274444</speed><course>264.663836</course><hAcc>1.426952</hAcc><vAcc>0.791235</vAcc></extensions></trkpt>
      <trkpt lon="-117.334920" lat="33.982850"><ele>306.749361</ele><time>2025-04-16T02:15:21Z</time><extensions><speed>1.440218</speed><course>265.494653</course><hAcc>1.426765</hAcc><vAcc>0.797934</vAcc></extensions></trkpt>
      <trkpt lon="-117.334935" lat="33.982849"><ele>306.665296</ele><time>2025-04-16T02:15:22Z</time><extensions><speed>1.418766</speed><course>270.236479</course><hAcc>1.441050</hAcc><vAcc>0.805481</vAcc></extensions></trkpt>
      <trkpt lon="-117.334950" lat="33.982850"><ele>306.589010</ele><time>2025-04-16T02:15:23Z</time><extensions><speed>1.321520</speed><course>274.198355</course><hAcc>1.465599</hAcc><vAcc>0.814046</vAcc></extensions></trkpt>
      <trkpt lon="-117.334964" lat="33.982851"><ele>306.502164</ele><time>2025-04-16T02:15:24Z</time><extensions><speed>1.286241</speed><course>274.889022</course><hAcc>1.486172</hAcc><vAcc>0.823137</vAcc></extensions></trkpt>
      <trkpt lon="-117.334978" lat="33.982852"><ele>306.426243</ele><time>2025-04-16T02:15:25Z</time><extensions><speed>1.206955</speed><course>273.441376</course><hAcc>1.505791</hAcc><vAcc>0.832433</vAcc></extensions></trkpt>
      <trkpt lon="-117.334991" lat="33.982852"><ele>306.365540</ele><time>2025-04-16T02:15:26Z</time><extensions><speed>1.172195</speed><course>272.268641</course><hAcc>1.527269</hAcc><vAcc>0.842190</vAcc></extensions></trkpt>
      <trkpt lon="-117.335003" lat="33.982852"><ele>306.313667</ele><time>2025-04-16T02:15:27Z</time><extensions><speed>1.186359</speed><course>271.888846</course><hAcc>1.550374</hAcc><vAcc>0.852908</vAcc></extensions></trkpt>
      <trkpt lon="-117.335016" lat="33.982853"><ele>306.294208</ele><time>2025-04-16T02:15:28Z</time><extensions><speed>1.183761</speed><course>274.434470</course><hAcc>1.568164</hAcc><vAcc>0.863890</vAcc></extensions></trkpt>
      <trkpt lon="-117.335029" lat="33.982854"><ele>306.285225</ele><time>2025-04-16T02:15:29Z</time><extensions><speed>1.123971</speed><course>275.324660</course><hAcc>1.581225</hAcc><vAcc>0.874120</vAcc></extensions></trkpt>
      <trkpt lon="-117.335041" lat="33.982855"><ele>306.292773</ele><time>2025-04-16T02:15:30Z</time><extensions><speed>1.123658</speed><course>274.174307</course><hAcc>1.591459</hAcc><vAcc>0.883709</vAcc></extensions></trkpt>
      <trkpt lon="-117.335053" lat="33.982855"><ele>306.292499</ele><time>2025-04-16T02:15:31Z</time><extensions><speed>1.177047</speed><course>271.897808</course><hAcc>1.598793</hAcc><vAcc>0.892521</vAcc></extensions></trkpt>
      <trkpt lon="-117.335066" lat="33.982856"><ele>306.310948</ele><time>2025-04-16T02:15:32Z</time><extensions><speed>1.144479</speed><course>269.117565</course><hAcc>1.604045</hAcc><vAcc>0.900378</vAcc></extensions></trkpt>
      <trkpt lon="-117.335078" lat="33.982856"><ele>306.331294</ele><time>2025-04-16T02:15:33Z</time><extensions><speed>1.124945</speed><course>270.777862</course><hAcc>1.615958</hAcc><vAcc>0.907017</vAcc></extensions></trkpt>
      <trkpt lon="-117.335089" lat="33.982856"><ele>306.359646</ele><time>2025-04-16T02:15:34Z</time><extensions><speed>1.001291</speed><course>274.086670</course><hAcc>1.620431</hAcc><vAcc>0.912572</vAcc></extensions></trkpt>
      <trkpt lon="-117.335100" lat="33.982857"><ele>306.391516</ele><time>2025-04-16T02:15:35Z</time><extensions><speed>0.884251</speed><course>274.461999</course><hAcc>1.617043</hAcc><vAcc>0.917206</vAcc></extensions></trkpt>
      <trkpt lon="-117.335109" lat="33.982857"><ele>306.455715</ele><time>2025-04-16T02:15:36Z</time><extensions><speed>0.856861</speed><course>273.559083</course><hAcc>1.612885</hAcc><vAcc>0.920442</vAcc></extensions></trkpt>
      <trkpt lon="-117.335119" lat="33.982858"><ele>306.524052</ele><time>2025-04-16T02:15:37Z</time><extensions><speed>0.921340</speed><course>272.633619</course><hAcc>1.631974</hAcc><vAcc>0.922139</vAcc></extensions></trkpt>
      <trkpt lon="-117.335129" lat="33.982859"><ele>306.588064</ele><time>2025-04-16T02:15:38Z</time><extensions><speed>0.971253</speed><course>276.778891</course><hAcc>1.631672</hAcc><vAcc>0.922426</vAcc></extensions></trkpt>
      <trkpt lon="-117.335139" lat="33.982861"><ele>306.650723</ele><time>2025-04-16T02:15:39Z</time><extensions><speed>0.984593</speed><course>284.447129</course><hAcc>1.637761</hAcc><vAcc>0.921768</vAcc></extensions></trkpt>
      <trkpt lon="-117.335149" lat="33.982864"><ele>306.700198</ele><time>2025-04-16T02:15:40Z</time><extensions><speed>0.910987</speed><course>300.377431</course><hAcc>1.618520</hAcc><vAcc>0.920464</vAcc></extensions></trkpt>
      <trkpt lon="-117.335157" lat="33.982869"><ele>306.760802</ele><time>2025-04-16T02:15:41Z</time><extensions><speed>0.996125</speed><course>310.410970</course><hAcc>1.607611</hAcc><vAcc>0.918844</vAcc></extensions></trkpt>
      <trkpt lon="-117.335166" lat="33.982876"><ele>306.822300</ele><time>2025-04-16T02:15:42Z</time><extensions><speed>1.140136</speed><course>312.818433</course><hAcc>1.621710</hAcc><vAcc>0.917391</vAcc></extensions></trkpt>
      <trkpt lon="-117.335175" lat="33.982884"><ele>306.888887</ele><time>2025-04-16T02:15:43Z</time><extensions><speed>1.290701</speed><course>318.869271</course><hAcc>1.612048</hAcc><vAcc>0.916471</vAcc></extensions></trkpt>
      <trkpt lon="-117.335183" lat="33.982893"><ele>306.958492</ele><time>2025-04-16T02:15:44Z</time><extensions><speed>1.364778</speed><course>325.013203</course><hAcc>1.606862</hAcc><vAcc>0.916240</vAcc></extensions></trkpt>
      <trkpt lon="-117.335191" lat="33.982904"><ele>307.032187</ele><time>2025-04-16T02:15:45Z</time><extensions><speed>1.443351</speed><course>330.372728</course><hAcc>1.595741</hAcc><vAcc>0.916512</vAcc></extensions></trkpt>
      <trkpt lon="-117.335199" lat="33.982916"><ele>307.097342</ele><time>2025-04-16T02:15:46Z</time><extensions><speed>1.547145</speed><course>335.676186</course><hAcc>1.581590</hAcc><vAcc>0.917447</vAcc></extensions></trkpt>
      <trkpt lon="-117.335205" lat="33.982929"><ele>307.163743</ele><time>2025-04-16T02:15:47Z</time><extensions><speed>1.602241</speed><course>338.638259</course><hAcc>1.583097</hAcc><vAcc>0.918953</vAcc></extensions></trkpt>
      <trkpt lon="-117.335211" lat="33.982943"><ele>307.228108</ele><time>2025-04-16T02:15:48Z</time><extensions><speed>1.561923</speed><course>340.328487</course><hAcc>1.583055</hAcc><vAcc>0.921347</vAcc></extensions></trkpt>
      <trkpt lon="-117.335216" lat="33.982956"><ele>307.300016</ele><time>2025-04-16T02:15:49Z</time><extensions><speed>1.454824</speed><course>342.091910</course><hAcc>1.579883</hAcc><vAcc>0.923933</vAcc></extensions></trkpt>
      <trkpt lon="-117.335220" lat="33.982968"><ele>307.390595</ele><time>2025-04-16T02:15:50Z</time><extensions><speed>1.374407</speed><course>343.802742</course><hAcc>1.573696</hAcc><vAcc>0.926129</vAcc></extensions></trkpt>
      <trkpt lon="-117.335225" lat="33.982980"><ele>307.468455</ele><time>2025-04-16T02:15:51Z</time><extensions><speed>1.413935</speed><course>342.889197</course><hAcc>1.575094</hAcc><vAcc>0.929555</vAcc></extensions></trkpt>
      <trkpt lon="-117.335229" lat="33.982992"><ele>307.531779</ele><time>2025-04-16T02:15:52Z</time><extensions><speed>1.316490</speed><course>344.450725</course><hAcc>1.575269</hAcc><vAcc>0.931011</vAcc></extensions></trkpt>
      <trkpt lon="-117.335232" lat="33.983003"><ele>307.587904</ele><time>2025-04-16T02:15:53Z</time><extensions><speed>1.312592</speed><course>348.933789</course><hAcc>1.575200</hAcc><vAcc>0.930609</vAcc></extensions></trkpt>
      <trkpt lon="-117.335234" lat="33.983015"><ele>307.656368</ele><time>2025-04-16T02:15:54Z</time><extensions><speed>1.310283</speed><course>356.161688</course><hAcc>1.574521</hAcc><vAcc>0.929960</vAcc></extensions></trkpt>
      <trkpt lon="-117.335234" lat="33.983026"><ele>307.713537</ele><time>2025-04-16T02:15:55Z</time><extensions><speed>1.280625</speed><course>2.443999</course><hAcc>1.571997</hAcc><vAcc>0.928478</vAcc></extensions></trkpt>
      <trkpt lon="-117.335234" lat="33.983038"><ele>307.776877</ele><time>2025-04-16T02:15:56Z</time><extensions><speed>1.260762</speed><course>5.925440</course><hAcc>1.572134</hAcc><vAcc>0.926210</vAcc></extensions></trkpt>
      <trkpt lon="-117.335232" lat="33.983049"><ele>307.824566</ele><time>2025-04-16T02:15:57Z</time><extensions><speed>1.239433</speed><course>4.020177</course><hAcc>1.572929</hAcc><vAcc>0.923170</vAcc></extensions></trkpt>
      <trkpt lon="-117.335232" lat="33.983060"><ele>307.866957</ele><time>2025-04-16T02:15:58Z</time><extensions><speed>1.177107</speed><course>359.670357</course><hAcc>1.576238</hAcc><vAcc>0.919594</vAcc></extensions></trkpt>
      <trkpt lon="-117.335233" lat="33.983070"><ele>307.904688</ele><time>2025-04-16T02:15:59Z</time><extensions><speed>1.050808</speed><course>354.797533</course><hAcc>1.583015</hAcc><vAcc>0.915057</vAcc></extensions></trkpt>
      <trkpt lon="-117.335234" lat="33.983079"><ele>307.928849</ele><time>2025-04-16T02:16:00Z</time><extensions><speed>1.000747</speed><course>351.687174</course><hAcc>1.591876</hAcc><vAcc>0.909900</vAcc></extensions></trkpt>
      <trkpt lon="-117.335236" lat="33.983087"><ele>307.952610</ele><time>2025-04-16T02:16:01Z</time><extensions><speed>0.884362</speed><course>345.802657</course><hAcc>1.600531</hAcc><vAcc>0.905336</vAcc></extensions></trkpt>
      <trkpt lon="-117.335239" lat="33.983094"><ele>307.986276</ele><time>2025-04-16T02:16:02Z</time><extensions><speed>0.687040</speed><course>334.524327</course><hAcc>1.582250</hAcc><vAcc>0.901391</vAcc></extensions></trkpt>
      <trkpt lon="-117.335242" lat="33.983099"><ele>308.006507</ele><time>2025-04-16T02:16:03Z</time><extensions><speed>0.631528</speed><course>320.555617</course><hAcc>1.583730</hAcc><vAcc>0.898560</vAcc></extensions></trkpt>
      <trkpt lon="-117.335247" lat="33.983103"><ele>308.021286</ele><time>2025-04-16T02:16:04Z</time><extensions><speed>0.693399</speed><course>308.998853</course><hAcc>1.598349</hAcc><vAcc>0.897815</vAcc></extensions></trkpt>
      <trkpt lon="-117.335254" lat="33.983107"><ele>308.031286</ele><time>2025-04-16T02:16:05Z</time><extensions><speed>0.887678</speed><course>302.466769</course><hAcc>1.600800</hAcc><vAcc>0.898392</vAcc></extensions></trkpt>
      <trkpt lon="-117.335263" lat="33.983111"><ele>308.037557</ele><time>2025-04-16T02:16:06Z</time><extensions><speed>1.072366</speed><course>300.700860</course><hAcc>1.626450</hAcc><vAcc>0.900655</vAcc></extensions></trkpt>
      <trkpt lon="-117.335273" lat="33.983117"><ele>308.034593</ele><time>2025-04-16T02:16:07Z</time><extensions><speed>1.113417</speed><course>301.701101</course><hAcc>1.639871</hAcc><vAcc>0.904669</vAcc></extensions></trkpt>
      <trkpt lon="-117.335283" lat="33.983122"><ele>308.030881</ele><time>2025-04-16T02:16:08Z</time><extensions><speed>1.089965</speed><course>307.258944</course><hAcc>1.653160</hAcc><vAcc>0.910563</vAcc></extensions></trkpt>
      <trkpt lon="-117.335291" lat="33.983128"><ele>308.014899</ele><time>2025-04-16T02:16:09Z</time><extensions><speed>0.986992</speed><course>312.012516</course><hAcc>1.669692</hAcc><vAcc>0.917242</vAcc></extensions></trkpt>
      <trkpt lon="-117.335298" lat="33.983134"><ele>307.988542</ele><time>2025-04-16T02:16:10Z</time><extensions><speed>0.772597</speed><course>322.196119</course><hAcc>1.691318</hAcc><vAcc>0.925600</vAcc></extensions></trkpt>
      <trkpt lon="-117.335302" lat="33.983139"><ele>307.947311</ele><time>2025-04-16T02:16:11Z</time><extensions><speed>0.667566</speed><course>325.334409</course><hAcc>1.715228</hAcc><vAcc>0.935197</vAcc></extensions></trkpt>
      <trkpt lon="-117.335306" lat="33.983143"><ele>307.896980</ele><time>2025-04-16T02:16:12Z</time><extensions><speed>0.315846</speed><course>322.926528</course><hAcc>1.723828</hAcc><vAcc>0.944668</vAcc></extensions></trkpt>
      <trkpt lon="-117.335306" lat="33.983144"><ele>307.847161</ele><time>2025-04-16T02:16:13Z</time><extensions><speed>0.059196</speed><course>73.871583</course><hAcc>1.744544</hAcc><vAcc>0.953425</vAcc></extensions></trkpt>
      <trkpt lon="-117.335305" lat="33.983143"><ele>307.803302</ele><time>2025-04-16T02:16:14Z</time><extensions><speed>0.176151</speed><course>115.491578</course><hAcc>1.775231</hAcc><vAcc>0.961570</vAcc></extensions></trkpt>
      <trkpt lon="-117.335303" lat="33.983143"><ele>307.760318</ele><time>2025-04-16T02:16:15Z</time><extensions><speed>0.190443</speed><course>120.946261</course><hAcc>1.807049</hAcc><vAcc>0.969516</vAcc></extensions></trkpt>
      <trkpt lon="-117.335302" lat="33.983142"><ele>307.714269</ele><time>2025-04-16T02:16:16Z</time><extensions><speed>0.130554</speed><course>132.603423</course><hAcc>1.825008</hAcc><vAcc>0.976721</vAcc></extensions></trkpt>
      <trkpt lon="-117.335302" lat="33.983141"><ele>307.684248</ele><time>2025-04-16T02:16:17Z</time><extensions><speed>0.083098</speed><course>221.222336</course><hAcc>1.825512</hAcc><vAcc>0.982463</vAcc></extensions></trkpt>
      <trkpt lon="-117.335304" lat="33.983140"><ele>307.638876</ele><time>2025-04-16T02:16:18Z</time><extensions><speed>0.292028</speed><course>263.543090</course><hAcc>1.812449</hAcc><vAcc>0.985809</vAcc></extensions></trkpt>
      <trkpt lon="-117.335308" lat="33.983140"><ele>307.578898</ele><time>2025-04-16T02:16:19Z</time><extensions><speed>0.572313</speed><course>267.488663</course><hAcc>1.794368</hAcc><vAcc>0.988344</vAcc></extensions></trkpt>
      <trkpt lon="-117.335316" lat="33.983139"><ele>307.532873</ele><time>2025-04-16T02:16:20Z</time><extensions><speed>0.734654</speed><course>266.353088</course><hAcc>1.768877</hAcc><vAcc>0.989688</vAcc></extensions></trkpt>
      <trkpt lon="-117.335325" lat="33.983139"><ele>307.492463</ele><time>2025-04-16T02:16:21Z</time><extensions><speed>0.948222</speed><course>266.139440</course><hAcc>1.743330</hAcc><vAcc>0.991545</vAcc></extensions></trkpt>
      <trkpt lon="-117.335336" lat="33.983138"><ele>307.460848</ele><time>2025-04-16T02:16:22Z</time><extensions><speed>1.155148</speed><course>267.946388</course><hAcc>1.719345</hAcc><vAcc>0.992399</vAcc></extensions></trkpt>
      <trkpt lon="-117.335349" lat="33.983138"><ele>307.420175</ele><time>2025-04-16T02:16:23Z</time><extensions><speed>1.267491</speed><course>268.042853</course><hAcc>1.700336</hAcc><vAcc>0.992439</vAcc></extensions></trkpt>
      <trkpt lon="-117.335363" lat="33.983137"><ele>307.385111</ele><time>2025-04-16T02:16:24Z</time><extensions><speed>1.280889</speed><course>264.393527</course><hAcc>1.684935</hAcc><vAcc>0.991446</vAcc></extensions></trkpt>
      <trkpt lon="-117.335376" lat="33.983135"><ele>307.346596</ele><time>2025-04-16T02:16:25Z</time><extensions><speed>1.253838</speed><course>259.158279</course><hAcc>1.676533</hAcc><vAcc>0.989212</vAcc></extensions></trkpt>
      <trkpt lon="-117.335389" lat="33.983132"><ele>307.301099</ele><time>2025-04-16T02:16:26Z</time><extensions><speed>1.273355</speed><course>253.989710</course><hAcc>1.665762</hAcc><vAcc>0.985439</vAcc></extensions></trkpt>
      <trkpt lon="-117.335402" lat="33.983129"><ele>307.252956</ele><time>2025-04-16T02:16:27Z</time><extensions><speed>1.213821</speed><course>248.207754</course><hAcc>1.655776</hAcc><vAcc>0.982004</vAcc></extensions></trkpt>
      <trkpt lon="-117.335414" lat="33.983124"><ele>307.206450</ele><time>2025-04-16T02:16:28Z</time><extensions><speed>1.122332</speed><course>243.345874</course><hAcc>1.640075</hAcc><vAcc>0.978024</vAcc></extensions></trkpt>
      <trkpt lon="-117.335424" lat="33.983120"><ele>307.161774</ele><time>2025-04-16T02:16:29Z</time><extensions><speed>1.069468</speed><course>239.271275</course><hAcc>1.624519</hAcc><vAcc>0.974344</vAcc></extensions></trkpt>
      <trkpt lon="-117.335434" lat="33.983115"><ele>307.121280</ele><time>2025-04-16T02:16:30Z</time><extensions><speed>1.093117</speed><course>241.599487</course><hAcc>1.636574</hAcc><vAcc>0.970450</vAcc></extensions></trkpt>
      <trkpt lon="-117.335445" lat="33.983110"><ele>307.074401</ele><time>2025-04-16T02:16:31Z</time><extensions><speed>1.199651</speed><course>246.840146</course><hAcc>1.654256</hAcc><vAcc>0.966848</vAcc></extensions></trkpt>
      <trkpt lon="-117.335457" lat="33.983106"><ele>307.017020</ele><time>2025-04-16T02:16:32Z</time><extensions><speed>1.215776</speed><course>244.760790</course><hAcc>1.648006</hAcc><vAcc>0.964559</vAcc></extensions></trkpt>
      <trkpt lon="-117.335468" lat="33.983101"><ele>306.969156</ele><time>2025-04-16T02:16:33Z</time><extensions><speed>1.045592</speed><course>234.760110</course><hAcc>1.649665</hAcc><vAcc>0.963512</vAcc></extensions></trkpt>
      <trkpt lon="-117.335476" lat="33.983095"><ele>306.925349</ele><time>2025-04-16T02:16:34Z</time><extensions><speed>0.987496</speed><course>222.103384</course><hAcc>1.658548</hAcc><vAcc>0.962521</vAcc></extensions></trkpt>
      <trkpt lon="-117.335484" lat="33.983088"><ele>306.883145</ele><time>2025-04-16T02:16:35Z</time><extensions><speed>1.088797</speed><course>220.340793</course><hAcc>1.668201</hAcc><vAcc>0.962697</vAcc></extensions></trkpt>
      <trkpt lon="-117.335492" lat="33.983081"><ele>306.850397</ele><time>2025-04-16T02:16:36Z</time><extensions><speed>1.031711</speed><course>228.991855</course><hAcc>1.684075</hAcc><vAcc>0.962976</vAcc></extensions></trkpt>
      <trkpt lon="-117.335501" lat="33.983076"><ele>306.827336</ele><time>2025-04-16T02:16:37Z</time><extensions><speed>0.934993</speed><course>244.139770</course><hAcc>1.696785</hAcc><vAcc>0.963901</vAcc></extensions></trkpt>
      <trkpt lon="-117.335511" lat="33.983073"><ele>306.801380</ele><time>2025-04-16T02:16:38Z</time><extensions><speed>0.933375</speed><course>257.462229</course><hAcc>1.695816</hAcc><vAcc>0.965360</vAcc></extensions></trkpt>
      <trkpt lon="-117.335521" lat="33.983072"><ele>306.780700</ele><time>2025-04-16T02:16:39Z</time><extensions><speed>0.970041</speed><course>267.066494</course><hAcc>1.708998</hAcc><vAcc>0.968791</vAcc></extensions></trkpt>
      <trkpt lon="-117.335532" lat="33.983072"><ele>306.770186</ele><time>2025-04-16T02:16:40Z</time><extensions><speed>0.980978</speed><course>269.218782</course><hAcc>1.701115</hAcc><vAcc>0.973039</vAcc></extensions></trkpt>
      <trkpt lon="-117.335542" lat="33.983071"><ele>306.763288</ele><time>2025-04-16T02:16:41Z</time><extensions><speed>0.962480</speed><course>268.481790</course><hAcc>1.697562</hAcc><vAcc>0.975823</vAcc></extensions></trkpt>
      <trkpt lon="-117.335552" lat="33.983071"><ele>306.758100</ele><time>2025-04-16T02:16:42Z</time><extensions><speed>0.853527</speed><course>265.434181</course><hAcc>1.744255</hAcc><vAcc>0.978333</vAcc></extensions></trkpt>
      <trkpt lon="-117.335563" lat="33.983070"><ele>306.765603</ele><time>2025-04-16T02:16:43Z</time><extensions><speed>1.082613</speed><course>264.656517</course><hAcc>1.715827</hAcc><vAcc>0.979404</vAcc></extensions></trkpt>
      <trkpt lon="-117.335576" lat="33.983069"><ele>306.772591</ele><time>2025-04-16T02:16:44Z</time><extensions><speed>1.347431</speed><course>267.849695</course><hAcc>1.686180</hAcc><vAcc>0.982804</vAcc></extensions></trkpt>
      <trkpt lon="-117.335591" lat="33.983069"><ele>306.758883</ele><time>2025-04-16T02:16:45Z</time><extensions><speed>1.336700</speed><course>268.426291</course><hAcc>1.677655</hAcc><vAcc>0.985551</vAcc></extensions></trkpt>
      <trkpt lon="-117.335605" lat="33.983069"><ele>306.731788</ele><time>2025-04-16T02:16:46Z</time><extensions><speed>1.242186</speed><course>270.139495</course><hAcc>1.662369</hAcc><vAcc>0.986396</vAcc></extensions></trkpt>
      <trkpt lon="-117.335619" lat="33.983069"><ele>306.726776</ele><time>2025-04-16T02:16:47Z</time><extensions><speed>1.361449</speed><course>271.550869</course><hAcc>1.646136</hAcc><vAcc>0.986316</vAcc></extensions></trkpt>
      <trkpt lon="-117.335635" lat="33.983069"><ele>306.732108</ele><time>2025-04-16T02:16:48Z</time><extensions><speed>1.451771</speed><course>270.032146</course><hAcc>1.645436</hAcc><vAcc>0.986462</vAcc></extensions></trkpt>
      <trkpt lon="-117.335650" lat="33.983069"><ele>306.738154</ele><time>2025-04-16T02:16:49Z</time><extensions><speed>1.348268</speed><course>271.972035</course><hAcc>1.667694</hAcc><vAcc>0.987763</vAcc></extensions></trkpt>
      <trkpt lon="-117.335664" lat="33.983069"><ele>306.759790</ele><time>2025-04-16T02:16:50Z</time><extensions><speed>1.311541</speed><course>270.726345</course><hAcc>1.634332</hAcc><vAcc>0.987372</vAcc></extensions></trkpt>
      <trkpt lon="-117.335678" lat="33.983069"><ele>306.793567</ele><time>2025-04-16T02:16:51Z</time><extensions><speed>1.213800</speed><course>268.309683</course><hAcc>1.592450</hAcc><vAcc>0.986064</vAcc></extensions></trkpt>
      <trkpt lon="-117.335692" lat="33.983068"><ele>306.819867</ele><time>2025-04-16T02:16:52Z</time><extensions><speed>1.275893</speed><course>267.603828</course><hAcc>1.576888</hAcc><vAcc>0.984408</vAcc></extensions></trkpt>
      <trkpt lon="-117.335707" lat="33.983068"><ele>306.839156</ele><time>2025-04-16T02:16:53Z</time><extensions><speed>1.478200</speed><course>269.081721</course><hAcc>1.587067</hAcc><vAcc>0.984352</vAcc></extensions></trkpt>
      <trkpt lon="-117.335723" lat="33.983068"><ele>306.855930</ele><time>2025-04-16T02:16:54Z</time><extensions><speed>1.441157</speed><course>272.302226</course><hAcc>1.624100</hAcc><vAcc>0.982913</vAcc></extensions></trkpt>
      <trkpt lon="-117.335738" lat="33.983068"><ele>306.891306</ele><time>2025-04-16T02:16:55Z</time><extensions><speed>1.373797</speed><course>269.719409</course><hAcc>1.612706</hAcc><vAcc>0.980657</vAcc></extensions></trkpt>
      <trkpt lon="-117.335752" lat="33.983067"><ele>306.929531</ele><time>2025-04-16T02:16:56Z</time><extensions><speed>1.257528</speed><course>265.112174</course><hAcc>1.577328</hAcc><vAcc>0.979293</vAcc></extensions></trkpt>
      <trkpt lon="-117.335765" lat="33.983066"><ele>306.965882</ele><time>2025-04-16T02:16:57Z</time><extensions><speed>1.196915</speed><course>261.477697</course><hAcc>1.574257</hAcc><vAcc>0.976233</vAcc></extensions></trkpt>
      <trkpt lon="-117.335778" lat="33.983065"><ele>306.990896</ele><time>2025-04-16T02:16:58Z</time><extensions><speed>1.259300</speed><course>265.866675</course><hAcc>1.610270</hAcc><vAcc>0.972145</vAcc></extensions></trkpt>
      <trkpt lon="-117.335792" lat="33.983065"><ele>307.025815</ele><time>2025-04-16T02:16:59Z</time><extensions><speed>1.316151</speed><course>269.286067</course><hAcc>1.631513</hAcc><vAcc>0.969460</vAcc></extensions></trkpt>
      <trkpt lon="-117.335806" lat="33.983065"><ele>307.057533</ele><time>2025-04-16T02:17:00Z</time><extensions><speed>1.294886</speed><course>270.779054</course><hAcc>1.611743</hAcc><vAcc>0.966147</vAcc></extensions></trkpt>
      <trkpt lon="-117.335820" lat="33.983065"><ele>307.093854</ele><time>2025-04-16T02:17:01Z</time><extensions><speed>1.267765</speed><course>272.778030</course><hAcc>1.599537</hAcc><vAcc>0.962320</vAcc></extensions></trkpt>
      <trkpt lon="-117.335834" lat="33.983065"><ele>307.151763</ele><time>2025-04-16T02:17:02Z</time><extensions><speed>1.302185</speed><course>274.646771</course><hAcc>1.608691</hAcc><vAcc>0.958174</vAcc></extensions></trkpt>
      <trkpt lon="-117.335848" lat="33.983066"><ele>307.221054</ele><time>2025-04-16T02:17:03Z</time><extensions><speed>1.283098</speed><course>272.899854</course><hAcc>1.626046</hAcc><vAcc>0.953574</vAcc></extensions></trkpt>
      <trkpt lon="-117.335862" lat="33.983066"><ele>307.277877</ele><time>2025-04-16T02:17:04Z</time><extensions><speed>1.219267</speed><course>266.497395</course><hAcc>1.609514</hAcc><vAcc>0.948657</vAcc></extensions></trkpt>
      <trkpt lon="-117.335875" lat="33.983065"><ele>307.351218</ele><time>2025-04-16T02:17:05Z</time><extensions><speed>1.134349</speed><course>260.979625</course><hAcc>1.615734</hAcc><vAcc>0.944419</vAcc></extensions></trkpt>
      <trkpt lon="-117.335887" lat="33.983063"><ele>307.438535</ele><time>2025-04-16T02:17:06Z</time><extensions><speed>1.182701</speed><course>264.019015</course><hAcc>1.635304</hAcc><vAcc>0.941072</vAcc></extensions></trkpt>
      <trkpt lon="-117.335900" lat="33.983062"><ele>307.526937</ele><time>2025-04-16T02:17:07Z</time><extensions><speed>1.122428</speed><course>267.837155</course><hAcc>1.625437</hAcc><vAcc>0.938414</vAcc></extensions></trkpt>
      <trkpt lon="-117.335912" lat="33.983062"><ele>307.603282</ele><time>2025-04-16T02:17:08Z</time><extensions><speed>1.092647</speed><course>267.595261</course><hAcc>1.623813</hAcc><vAcc>0.936688</vAcc></extensions></trkpt>
      <trkpt lon="-117.335923" lat="33.983061"><ele>307.673737</ele><time>2025-04-16T02:17:09Z</time><extensions><speed>1.093111</speed><course>263.454586</course><hAcc>1.640549</hAcc><vAcc>0.935761</vAcc></extensions></trkpt>
      <trkpt lon="-117.335936" lat="33.983060"><ele>307.742952</ele><time>2025-04-16T02:17:10Z</time><extensions><speed>1.204084</speed><course>260.124711</course><hAcc>1.649410</hAcc><vAcc>0.935260</vAcc></extensions></trkpt>
      <trkpt lon="-117.335948" lat="33.983058"><ele>307.833976</ele><time>2025-04-16T02:17:11Z</time><extensions><speed>1.176891</speed><course>258.066739</course><hAcc>1.654154</hAcc><vAcc>0.935031</vAcc></extensions></trkpt>
      <trkpt lon="-117.335961" lat="33.983055"><ele>307.907728</ele><time>2025-04-16T02:17:12Z</time><extensions><speed>1.193792</speed><course>256.663673</course><hAcc>1.653835</hAcc><vAcc>0.934240</vAcc></extensions></trkpt>
      <trkpt lon="-117.335974" lat="33.983053"><ele>307.952140</ele><time>2025-04-16T02:17:13Z</time><extensions><speed>1.289593</speed><course>258.796030</course><hAcc>1.657536</hAcc><vAcc>0.932238</vAcc></extensions></trkpt>
      <trkpt lon="-117.335988" lat="33.983051"><ele>308.001644</ele><time>2025-04-16T02:17:14Z</time><extensions><speed>1.219074</speed><course>261.592099</course><hAcc>1.663996</hAcc><vAcc>0.931268</vAcc></extensions></trkpt>
      <trkpt lon="-117.336001" lat="33.983050"><ele>308.037519</ele><time>2025-04-16T02:17:15Z</time><extensions><speed>1.183192</speed><course>265.755256</course><hAcc>1.684885</hAcc><vAcc>0.930515</vAcc></extensions></trkpt>
      <trkpt lon="-117.336014" lat="33.983049"><ele>308.068716</ele><time>2025-04-16T02:17:16Z</time><extensions><speed>1.265811</speed><course>269.424621</course><hAcc>1.716180</hAcc><vAcc>0.930570</vAcc></extensions></trkpt>
      <trkpt lon="-117.336027" lat="33.983049"><ele>308.096142</ele><time>2025-04-16T02:17:17Z</time><extensions><speed>1.191848</speed><course>269.424928</course><hAcc>1.703736</hAcc><vAcc>0.930852</vAcc></extensions></trkpt>
      <trkpt lon="-117.336040" lat="33.983049"><ele>308.122558</ele><time>2025-04-16T02:17:18Z</time><extensions><speed>1.143583</speed><course>268.650514</course><hAcc>1.695352</hAcc><vAcc>0.931474</vAcc></extensions></trkpt>
      <trkpt lon="-117.336052" lat="33.983049"><ele>308.138517</ele><time>2025-04-16T02:17:19Z</time><extensions><speed>1.089286</speed><course>269.675075</course><hAcc>1.694880</hAcc><vAcc>0.932261</vAcc></extensions></trkpt>
      <trkpt lon="-117.336064" lat="33.983049"><ele>308.150029</ele><time>2025-04-16T02:17:20Z</time><extensions><speed>1.095313</speed><course>271.503421</course><hAcc>1.691235</hAcc><vAcc>0.932788</vAcc></extensions></trkpt>
      <trkpt lon="-117.336076" lat="33.983049"><ele>308.144109</ele><time>2025-04-16T02:17:21Z</time><extensions><speed>1.168633</speed><course>270.861660</course><hAcc>1.679760</hAcc><vAcc>0.933870</vAcc></extensions></trkpt>
      <trkpt lon="-117.336089" lat="33.983049"><ele>308.134447</ele><time>2025-04-16T02:17:22Z</time><extensions><speed>1.212748</speed><course>269.500275</course><hAcc>1.669290</hAcc><vAcc>0.934901</vAcc></extensions></trkpt>
      <trkpt lon="-117.336102" lat="33.983049"><ele>308.140195</ele><time>2025-04-16T02:17:23Z</time><extensions><speed>1.115206</speed><course>266.913374</course><hAcc>1.645402</hAcc><vAcc>0.937720</vAcc></extensions></trkpt>
      <trkpt lon="-117.336114" lat="33.983048"><ele>308.145355</ele><time>2025-04-16T02:17:24Z</time><extensions><speed>1.088079</speed><course>268.792150</course><hAcc>1.628509</hAcc><vAcc>0.941412</vAcc></extensions></trkpt>
      <trkpt lon="-117.336126" lat="33.983048"><ele>308.148017</ele><time>2025-04-16T02:17:25Z</time><extensions><speed>1.176050</speed><course>269.277117</course><hAcc>1.610908</hAcc><vAcc>0.945148</vAcc></extensions></trkpt>
      <trkpt lon="-117.336140" lat="33.983049"><ele>308.134463</ele><time>2025-04-16T02:17:26Z</time><extensions><speed>1.238776</speed><course>271.720160</course><hAcc>1.602693</hAcc><vAcc>0.949595</vAcc></extensions></trkpt>
      <trkpt lon="-117.336153" lat="33.983049"><ele>308.119070</ele><time>2025-04-16T02:17:27Z</time><extensions><speed>1.219260</speed><course>270.479659</course><hAcc>1.606436</hAcc><vAcc>0.954656</vAcc></extensions></trkpt>
      <trkpt lon="-117.336165" lat="33.983049"><ele>308.107749</ele><time>2025-04-16T02:17:28Z</time><extensions><speed>1.076570</speed><course>268.634811</course><hAcc>1.617405</hAcc><vAcc>0.959691</vAcc></extensions></trkpt>
      <trkpt lon="-117.336177" lat="33.983049"><ele>308.095625</ele><time>2025-04-16T02:17:29Z</time><extensions><speed>0.992182</speed><course>270.333642</course><hAcc>1.628634</hAcc><vAcc>0.964918</vAcc></extensions></trkpt>
      <trkpt lon="-117.336188" lat="33.983049"><ele>308.083762</ele><time>2025-04-16T02:17:30Z</time><extensions><speed>1.145520</speed><course>269.995000</course><hAcc>1.592606</hAcc><vAcc>0.970161</vAcc></extensions></trkpt>
      <trkpt lon="-117.336202" lat="33.983049"><ele>308.082500</ele><time>2025-04-16T02:17:31Z</time><extensions><speed>1.300293</speed><course>271.312640</course><hAcc>1.592425</hAcc><vAcc>0.975034</vAcc></extensions></trkpt>
      <trkpt lon="-117.336216" lat="33.983050"><ele>308.083725</ele><time>2025-04-16T02:17:32Z</time><extensions><speed>1.410156</speed><course>270.148269</course><hAcc>1.625743</hAcc><vAcc>0.979840</vAcc></extensions></trkpt>
      <trkpt lon="-117.336231" lat="33.983050"><ele>308.077541</ele><time>2025-04-16T02:17:33Z</time><extensions><speed>1.325935</speed><course>268.850855</course><hAcc>1.674065</hAcc><vAcc>0.983529</vAcc></extensions></trkpt>
      <trkpt lon="-117.336246" lat="33.983050"><ele>308.064627</ele><time>2025-04-16T02:17:34Z</time><extensions><speed>1.331338</speed><course>274.130821</course><hAcc>1.657461</hAcc><vAcc>0.986925</vAcc></extensions></trkpt>
      <trkpt lon="-117.336260" lat="33.983051"><ele>308.049359</ele><time>2025-04-16T02:17:35Z</time><extensions><speed>1.321442</speed><course>274.428377</course><hAcc>1.656379</hAcc><vAcc>0.990201</vAcc></extensions></trkpt>
      <trkpt lon="-117.336274" lat="33.983052"><ele>308.023139</ele><time>2025-04-16T02:17:36Z</time><extensions><speed>1.283819</speed><course>276.493101</course><hAcc>1.667136</hAcc><vAcc>0.993654</vAcc></extensions></trkpt>
      <trkpt lon="-117.336288" lat="33.983054"><ele>307.997253</ele><time>2025-04-16T02:17:37Z</time><extensions><speed>1.210248</speed><course>279.425451</course><hAcc>1.687381</hAcc><vAcc>0.997442</vAcc></extensions></trkpt>
      <trkpt lon="-117.336301" lat="33.983056"><ele>307.969221</ele><time>2025-04-16T02:17:38Z</time><extensions><speed>1.244226</speed><course>284.717759</course><hAcc>1.702245</hAcc><vAcc>1.000038</vAcc></extensions></trkpt>
      <trkpt lon="-117.336314" lat="33.983060"><ele>307.929813</ele><time>2025-04-16T02:17:39Z</time><extensions><speed>1.363628</speed><course>285.626473</course><hAcc>1.705866</hAcc><vAcc>1.001963</vAcc></extensions></trkpt>
      <trkpt lon="-117.336329" lat="33.983063"><ele>307.881541</ele><time>2025-04-16T02:17:40Z</time><extensions><speed>1.357756</speed><course>281.789210</course><hAcc>1.704803</hAcc><vAcc>1.004737</vAcc></extensions></trkpt>
      <trkpt lon="-117.336343" lat="33.983065"><ele>307.824819</ele><time>2025-04-16T02:17:41Z</time><extensions><speed>1.281676</speed><course>277.903691</course><hAcc>1.700534</hAcc><vAcc>1.006163</vAcc></extensions></trkpt>
      <trkpt lon="-117.336356" lat="33.983066"><ele>307.771649</ele><time>2025-04-16T02:17:42Z</time><extensions><speed>1.192677</speed><course>276.982784</course><hAcc>1.697641</hAcc><vAcc>1.008110</vAcc></extensions></trkpt>
      <trkpt lon="-117.336369" lat="33.983068"><ele>307.716847</ele><time>2025-04-16T02:17:43Z</time><extensions><speed>1.175402</speed><course>278.164079</course><hAcc>1.691889</hAcc><vAcc>1.009995</vAcc></extensions></trkpt>
      <trkpt lon="-117.336382" lat="33.983069"><ele>307.651285</ele><time>2025-04-16T02:17:44Z</time><extensions><speed>1.261225</speed><course>278.709092</course><hAcc>1.683815</hAcc><vAcc>1.010332</vAcc></extensions></trkpt>
      <trkpt lon="-117.336396" lat="33.983071"><ele>307.580286</ele><time>2025-04-16T02:17:45Z</time><extensions><speed>1.346097</speed><course>278.747368</course><hAcc>1.675010</hAcc><vAcc>1.009289</vAcc></extensions></trkpt>
      <trkpt lon="-117.336410" lat="33.983073"><ele>307.495561</ele><time>2025-04-16T02:17:46Z</time><extensions><speed>1.345213</speed><course>280.019623</course><hAcc>1.661412</hAcc><vAcc>1.007450</vAcc></extensions></trkpt>
      <trkpt lon="-117.336424" lat="33.983075"><ele>307.414118</ele><time>2025-04-16T02:17:47Z</time><extensions><speed>1.247544</speed><course>278.841552</course><hAcc>1.643527</hAcc><vAcc>1.004954</vAcc></extensions></trkpt>
      <trkpt lon="-117.336436" lat="33.983077"><ele>307.331976</ele><time>2025-04-16T02:17:48Z</time><extensions><speed>1.106556</speed><course>278.682416</course><hAcc>1.621268</hAcc><vAcc>1.002833</vAcc></extensions></trkpt>
      <trkpt lon="-117.336448" lat="33.983078"><ele>307.249607</ele><time>2025-04-16T02:17:49Z</time><extensions><speed>0.992776</speed><course>277.555820</course><hAcc>1.621105</hAcc><vAcc>0.999893</vAcc></extensions></trkpt>
      <trkpt lon="-117.336457" lat="33.983079"><ele>307.175417</ele><time>2025-04-16T02:17:50Z</time><extensions><speed>0.768533</speed><course>276.200810</course><hAcc>1.651659</hAcc><vAcc>0.995679</vAcc></extensions></trkpt>
      <trkpt lon="-117.336466" lat="33.983080"><ele>307.114222</ele><time>2025-04-16T02:17:51Z</time><extensions><speed>0.896682</speed><course>276.689440</course><hAcc>1.607217</hAcc><vAcc>0.990821</vAcc></extensions></trkpt>
      <trkpt lon="-117.336476" lat="33.983081"><ele>307.049401</ele><time>2025-04-16T02:17:52Z</time><extensions><speed>0.978559</speed><course>272.854395</course><hAcc>1.594413</hAcc><vAcc>0.984470</vAcc></extensions></trkpt>
      <trkpt lon="-117.336487" lat="33.983081"><ele>306.967314</ele><time>2025-04-16T02:17:53Z</time><extensions><speed>1.042552</speed><course>276.932894</course><hAcc>1.604262</hAcc><vAcc>0.977837</vAcc></extensions></trkpt>
      <trkpt lon="-117.336498" lat="33.983083"><ele>306.872023</ele><time>2025-04-16T02:17:54Z</time><extensions><speed>1.103102</speed><course>281.330636</course><hAcc>1.606647</hAcc><vAcc>0.970729</vAcc></extensions></trkpt>
      <trkpt lon="-117.336510" lat="33.983085"><ele>306.779272</ele><time>2025-04-16T02:17:55Z</time><extensions><speed>1.051422</speed><course>279.656954</course><hAcc>1.608666</hAcc><vAcc>0.964411</vAcc></extensions></trkpt>
      <trkpt lon="-117.336521" lat="33.983086"><ele>306.700325</ele><time>2025-04-16T02:17:56Z</time><extensions><speed>1.000555</speed><course>277.386918</course><hAcc>1.608009</hAcc><vAcc>0.959000</vAcc></extensions></trkpt>
      <trkpt lon="-117.336532" lat="33.983087"><ele>306.623779</ele><time>2025-04-16T02:17:57Z</time><extensions><speed>1.034643</speed><course>274.398474</course><hAcc>1.618946</hAcc><vAcc>0.953889</vAcc></extensions></trkpt>
      <trkpt lon="-117.336543" lat="33.983087"><ele>306.554319</ele><time>2025-04-16T02:17:58Z</time><extensions><speed>1.032346</speed><course>273.133370</course><hAcc>1.630559</hAcc><vAcc>0.949794</vAcc></extensions></trkpt>
      <trkpt lon="-117.336554" lat="33.983088"><ele>306.503506</ele><time>2025-04-16T02:17:59Z</time><extensions><speed>1.047958</speed><course>273.261097</course><hAcc>1.636594</hAcc><vAcc>0.947307</vAcc></extensions></trkpt>
      <trkpt lon="-117.336566" lat="33.983089"><ele>306.446582</ele><time>2025-04-16T02:18:00Z</time><extensions><speed>1.147638</speed><course>272.988816</course><hAcc>1.644098</hAcc><vAcc>0.946023</vAcc></extensions></trkpt>
      <trkpt lon="-117.336579" lat="33.983089"><ele>306.404076</ele><time>2025-04-16T02:18:01Z</time><extensions><speed>1.187613</speed><course>272.477090</course><hAcc>1.652871</hAcc><vAcc>0.945128</vAcc></extensions></trkpt>
      <trkpt lon="-117.336592" lat="33.983089"><ele>306.357916</ele><time>2025-04-16T02:18:02Z</time><extensions><speed>1.096521</speed><course>271.714455</course><hAcc>1.659028</hAcc><vAcc>0.945823</vAcc></extensions></trkpt>
      <trkpt lon="-117.336603" lat="33.983089"><ele>306.310124</ele><time>2025-04-16T02:18:03Z</time><extensions><speed>1.082323</speed><course>268.958913</course><hAcc>1.654412</hAcc><vAcc>0.946935</vAcc></extensions></trkpt>
      <trkpt lon="-117.336615" lat="33.983089"><ele>306.267576</ele><time>2025-04-16T02:18:04Z</time><extensions><speed>1.134793</speed><course>266.890741</course><hAcc>1.655188</hAcc><vAcc>0.949742</vAcc></extensions></trkpt>
      <trkpt lon="-117.336628" lat="33.983088"><ele>306.219776</ele><time>2025-04-16T02:18:05Z</time><extensions><speed>1.123015</speed><course>265.369928</course><hAcc>1.657494</hAcc><vAcc>0.953293</vAcc></extensions></trkpt>
      <trkpt lon="-117.336640" lat="33.983088"><ele>306.168138</ele><time>2025-04-16T02:18:06Z</time><extensions><speed>1.084955</speed><course>266.462785</course><hAcc>1.648344</hAcc><vAcc>0.958192</vAcc></extensions></trkpt>
      <trkpt lon="-117.336652" lat="33.983088"><ele>306.107049</ele><time>2025-04-16T02:18:07Z</time><extensions><speed>1.114216</speed><course>270.998647</course><hAcc>1.617736</hAcc><vAcc>0.963449</vAcc></extensions></trkpt>
      <trkpt lon="-117.336664" lat="33.983088"><ele>306.047755</ele><time>2025-04-16T02:18:08Z</time><extensions><speed>1.127725</speed><course>276.912789</course><hAcc>1.598770</hAcc><vAcc>0.967885</vAcc></extensions></trkpt>
      <trkpt lon="-117.336676" lat="33.983090"><ele>305.990956</ele><time>2025-04-16T02:18:09Z</time><extensions><speed>1.159565</speed><course>280.169316</course><hAcc>1.599893</hAcc><vAcc>0.973236</vAcc></extensions></trkpt>
      <trkpt lon="-117.336689" lat="33.983092"><ele>305.943742</ele><time>2025-04-16T02:18:10Z</time><extensions><speed>1.191273</speed><course>279.025350</course><hAcc>1.580454</hAcc><vAcc>0.977886</vAcc></extensions></trkpt>
      <trkpt lon="-117.336701" lat="33.983093"><ele>305.910935</ele><time>2025-04-16T02:18:11Z</time><extensions><speed>1.180935</speed><course>274.574059</course><hAcc>1.543023</hAcc><vAcc>0.981694</vAcc></extensions></trkpt>
      <trkpt lon="-117.336714" lat="33.983093"><ele>305.876911</ele><time>2025-04-16T02:18:12Z</time><extensions><speed>1.198263</speed><course>271.823561</course><hAcc>1.519347</hAcc><vAcc>0.983930</vAcc></extensions></trkpt>
      <trkpt lon="-117.336727" lat="33.983094"><ele>305.843462</ele><time>2025-04-16T02:18:13Z</time><extensions><speed>1.181100</speed><course>272.787230</course><hAcc>1.489281</hAcc><vAcc>0.983902</vAcc></extensions></trkpt>
      <trkpt lon="-117.336740" lat="33.983094"><ele>305.808562</ele><time>2025-04-16T02:18:14Z</time><extensions><speed>1.218302</speed><course>275.812545</course><hAcc>1.482410</hAcc><vAcc>0.983840</vAcc></extensions></trkpt>
      <trkpt lon="-117.336753" lat="33.983096"><ele>305.778995</ele><time>2025-04-16T02:18:15Z</time><extensions><speed>1.230978</speed><course>277.223951</course><hAcc>1.452532</hAcc><vAcc>0.985062</vAcc></extensions></trkpt>
      <trkpt lon="-117.336766" lat="33.983097"><ele>305.748110</ele><time>2025-04-16T02:18:16Z</time><extensions><speed>1.179163</speed><course>275.523679</course><hAcc>1.456865</hAcc><vAcc>0.982908</vAcc></extensions></trkpt>
      <trkpt lon="-117.336778" lat="33.983097"><ele>305.720469</ele><time>2025-04-16T02:18:17Z</time><extensions><speed>0.974575</speed><course>272.847411</course><hAcc>1.472527</hAcc><vAcc>0.980443</vAcc></extensions></trkpt>
      <trkpt lon="-117.336789" lat="33.983098"><ele>305.697851</ele><time>2025-04-16T02:18:18Z</time><extensions><speed>1.040714</speed><course>271.295574</course><hAcc>1.430479</hAcc><vAcc>0.978724</vAcc></extensions></trkpt>
      <trkpt lon="-117.336800" lat="33.983098"><ele>305.679224</ele><time>2025-04-16T02:18:19Z</time><extensions><speed>1.081077</speed><course>273.032293</course><hAcc>1.435567</hAcc><vAcc>0.976431</vAcc></extensions></trkpt>
      <trkpt lon="-117.336813" lat="33.983099"><ele>305.676866</ele><time>2025-04-16T02:18:20Z</time><extensions><speed>1.204703</speed><course>272.712733</course><hAcc>1.447737</hAcc><vAcc>0.971950</vAcc></extensions></trkpt>
      <trkpt lon="-117.336826" lat="33.983099"><ele>305.678700</ele><time>2025-04-16T02:18:21Z</time><extensions><speed>1.195345</speed><course>271.247833</course><hAcc>1.441611</hAcc><vAcc>0.966955</vAcc></extensions></trkpt>
      <trkpt lon="-117.336839" lat="33.983099"><ele>305.674849</ele><time>2025-04-16T02:18:22Z</time><extensions><speed>1.196927</speed><course>269.805306</course><hAcc>1.437877</hAcc><vAcc>0.961726</vAcc></extensions></trkpt>
      <trkpt lon="-117.336851" lat="33.983099"><ele>305.680399</ele><time>2025-04-16T02:18:23Z</time><extensions><speed>1.158818</speed><course>268.036189</course><hAcc>1.441878</hAcc><vAcc>0.955557</vAcc></extensions></trkpt>
      <trkpt lon="-117.336863" lat="33.983098"><ele>305.689830</ele><time>2025-04-16T02:18:24Z</time><extensions><speed>1.049544</speed><course>266.835822</course><hAcc>1.450125</hAcc><vAcc>0.949966</vAcc></extensions></trkpt>
      <trkpt lon="-117.336874" lat="33.983098"><ele>305.702659</ele><time>2025-04-16T02:18:25Z</time><extensions><speed>1.023343</speed><course>265.231433</course><hAcc>1.459721</hAcc><vAcc>0.943787</vAcc></extensions></trkpt>
      <trkpt lon="-117.336886" lat="33.983097"><ele>305.695831</ele><time>2025-04-16T02:18:26Z</time><extensions><speed>1.078199</speed><course>266.276899</course><hAcc>1.445168</hAcc><vAcc>0.937661</vAcc></extensions></trkpt>
      <trkpt lon="-117.336898" lat="33.983097"><ele>305.705233</ele><time>2025-04-16T02:18:27Z</time><extensions><speed>1.139300</speed><course>270.779711</course><hAcc>1.443043</hAcc><vAcc>0.932094</vAcc></extensions></trkpt>
      <trkpt lon="-117.336911" lat="33.983097"><ele>305.719935</ele><time>2025-04-16T02:18:28Z</time><extensions><speed>1.211103</speed><course>274.797535</course><hAcc>1.445016</hAcc><vAcc>0.927778</vAcc></extensions></trkpt>
      <trkpt lon="-117.336924" lat="33.983099"><ele>305.716020</ele><time>2025-04-16T02:18:29Z</time><extensions><speed>1.251440</speed><course>278.616190</course><hAcc>1.440092</hAcc><vAcc>0.922099</vAcc></extensions></trkpt>
      <trkpt lon="-117.336937" lat="33.983100"><ele>305.720704</ele><time>2025-04-16T02:18:30Z</time><extensions><speed>1.197955</speed><course>276.010295</course><hAcc>1.421664</hAcc><vAcc>0.916810</vAcc></extensions></trkpt>
      <trkpt lon="-117.336950" lat="33.983101"><ele>305.736627</ele><time>2025-04-16T02:18:31Z</time><extensions><speed>1.152475</speed><course>272.426658</course><hAcc>1.419243</hAcc><vAcc>0.912150</vAcc></extensions></trkpt>
      <trkpt lon="-117.336962" lat="33.983101"><ele>305.753620</ele><time>2025-04-16T02:18:32Z</time><extensions><speed>1.150785</speed><course>270.034840</course><hAcc>1.421528</hAcc><vAcc>0.907246</vAcc></extensions></trkpt>
      <trkpt lon="-117.336975" lat="33.983101"><ele>305.777530</ele><time>2025-04-16T02:18:33Z</time><extensions><speed>1.206401</speed><course>269.483347</course><hAcc>1.415004</hAcc><vAcc>0.902828</vAcc></extensions></trkpt>
      <trkpt lon="-117.336988" lat="33.983101"><ele>305.798971</ele><time>2025-04-16T02:18:34Z</time><extensions><speed>1.225370</speed><course>270.602629</course><hAcc>1.412578</hAcc><vAcc>0.899010</vAcc></extensions></trkpt>
      <trkpt lon="-117.337001" lat="33.983101"><ele>305.820194</ele><time>2025-04-16T02:18:35Z</time><extensions><speed>1.202616</speed><course>269.897419</course><hAcc>1.403845</hAcc><vAcc>0.896135</vAcc></extensions></trkpt>
      <trkpt lon="-117.337014" lat="33.983101"><ele>305.811917</ele><time>2025-04-16T02:18:36Z</time><extensions><speed>1.251699</speed><course>266.369183</course><hAcc>1.395087</hAcc><vAcc>0.892173</vAcc></extensions></trkpt>
      <trkpt lon="-117.337028" lat="33.983100"><ele>305.798600</ele><time>2025-04-16T02:18:37Z</time><extensions><speed>1.362046</speed><course>262.269966</course><hAcc>1.408590</hAcc><vAcc>0.887935</vAcc></extensions></trkpt>
      <trkpt lon="-117.337042" lat="33.983098"><ele>305.802331</ele><time>2025-04-16T02:18:38Z</time><extensions><speed>1.223100</speed><course>259.430727</course><hAcc>1.418454</hAcc><vAcc>0.883557</vAcc></extensions></trkpt>
      <trkpt lon="-117.337054" lat="33.983096"><ele>305.809238</ele><time>2025-04-16T02:18:39Z</time><extensions><speed>1.126292</speed><course>258.564121</course><hAcc>1.396012</hAcc><vAcc>0.879431</vAcc></extensions></trkpt>
      <trkpt lon="-117.337066" lat="33.983094"><ele>305.816847</ele><time>2025-04-16T02:18:40Z</time><extensions><speed>1.023255</speed><course>256.995993</course><hAcc>1.411670</hAcc><vAcc>0.874377</vAcc></extensions></trkpt>
      <trkpt lon="-117.337076" lat="33.983092"><ele>305.821214</ele><time>2025-04-16T02:18:41Z</time><extensions><speed>0.813519</speed><course>260.004057</course><hAcc>1.427227</hAcc><vAcc>0.870314</vAcc></extensions></trkpt>
      <trkpt lon="-117.337085" lat="33.983091"><ele>305.814422</ele><time>2025-04-16T02:18:42Z</time><extensions><speed>0.867289</speed><course>266.143593</course><hAcc>1.407096</hAcc><vAcc>0.865844</vAcc></extensions></trkpt>
      <trkpt lon="-117.337095" lat="33.983091"><ele>305.805510</ele><time>2025-04-16T02:18:43Z</time><extensions><speed>1.113432</speed><course>268.976781</course><hAcc>1.418580</hAcc><vAcc>0.861251</vAcc></extensions></trkpt>
      <trkpt lon="-117.337109" lat="33.983091"><ele>305.794579</ele><time>2025-04-16T02:18:44Z</time><extensions><speed>1.339816</speed><course>272.336274</course><hAcc>1.445725</hAcc><vAcc>0.856786</vAcc></extensions></trkpt>
      <trkpt lon="-117.337123" lat="33.983092"><ele>305.777271</ele><time>2025-04-16T02:18:45Z</time><extensions><speed>1.234279</speed><course>276.463992</course><hAcc>1.467561</hAcc><vAcc>0.853424</vAcc></extensions></trkpt>
      <trkpt lon="-117.337135" lat="33.983092"><ele>305.755995</ele><time>2025-04-16T02:18:46Z</time><extensions><speed>1.096289</speed><course>272.796435</course><hAcc>1.437899</hAcc><vAcc>0.850022</vAcc></extensions></trkpt>
      <trkpt lon="-117.337146" lat="33.983093"><ele>305.721272</ele><time>2025-04-16T02:18:47Z</time><extensions><speed>0.974338</speed><course>267.791974</course><hAcc>1.417273</hAcc><vAcc>0.847158</vAcc></extensions></trkpt>
      <trkpt lon="-117.337157" lat="33.983092"><ele>305.682787</ele><time>2025-04-16T02:18:48Z</time><extensions><speed>0.957397</speed><course>268.803596</course><hAcc>1.399823</hAcc><vAcc>0.845077</vAcc></extensions></trkpt>
      <trkpt lon="-117.337167" lat="33.983092"><ele>305.646724</ele><time>2025-04-16T02:18:49Z</time><extensions><speed>1.010615</speed><course>271.083268</course><hAcc>1.395123</hAcc><vAcc>0.844666</vAcc></extensions></trkpt>
      <trkpt lon="-117.337179" lat="33.983092"><ele>305.612472</ele><time>2025-04-16T02:18:50Z</time><extensions><speed>1.145130</speed><course>271.566819</course><hAcc>1.392109</hAcc><vAcc>0.844911</vAcc></extensions></trkpt>
      <trkpt lon="-117.337192" lat="33.983093"><ele>305.575491</ele><time>2025-04-16T02:18:51Z</time><extensions><speed>1.203919</speed><course>271.033995</course><hAcc>1.406663</hAcc><vAcc>0.845593</vAcc></extensions></trkpt>
      <trkpt lon="-117.337205" lat="33.983093"><ele>305.536354</ele><time>2025-04-16T02:18:52Z</time><extensions><speed>1.297298</speed><course>270.893493</course><hAcc>1.364485</hAcc><vAcc>0.847533</vAcc></extensions></trkpt>
      <trkpt lon="-117.337219" lat="33.983093"><ele>305.489230</ele><time>2025-04-16T02:18:53Z</time><extensions><speed>1.302568</speed><course>271.059732</course><hAcc>1.344988</hAcc><vAcc>0.849711</vAcc></extensions></trkpt>
      <trkpt lon="-117.337233" lat="33.983093"><ele>305.451032</ele><time>2025-04-16T02:18:54Z</time><extensions><speed>1.212728</speed><course>270.574944</course><hAcc>1.356982</hAcc><vAcc>0.852858</vAcc></extensions></trkpt>
      <trkpt lon="-117.337246" lat="33.983093"><ele>305.410882</ele><time>2025-04-16T02:18:55Z</time><extensions><speed>1.133451</speed><course>271.321336</course><hAcc>1.391130</hAcc><vAcc>0.856984</vAcc></extensions></trkpt>
      <trkpt lon="-117.337258" lat="33.983094"><ele>305.366200</ele><time>2025-04-16T02:18:56Z</time><extensions><speed>1.110272</speed><course>271.816733</course><hAcc>1.365335</hAcc><vAcc>0.861423</vAcc></extensions></trkpt>
      <trkpt lon="-117.337270" lat="33.983094"><ele>305.336223</ele><time>2025-04-16T02:18:57Z</time><extensions><speed>1.150961</speed><course>271.314012</course><hAcc>1.356750</hAcc><vAcc>0.864752</vAcc></extensions></trkpt>
      <trkpt lon="-117.337283" lat="33.983094"><ele>305.316554</ele><time>2025-04-16T02:18:58Z</time><extensions><speed>1.147497</speed><course>269.084778</course><hAcc>1.365607</hAcc><vAcc>0.867761</vAcc></extensions></trkpt>
      <trkpt lon="-117.337295" lat="33.983094"><ele>305.307771</ele><time>2025-04-16T02:18:59Z</time><extensions><speed>1.130662</speed><course>269.229766</course><hAcc>1.371572</hAcc><vAcc>0.871593</vAcc></extensions></trkpt>
      <trkpt lon="-117.337308" lat="33.983094"><ele>305.296824</ele><time>2025-04-16T02:19:00Z</time><extensions><speed>1.199249</speed><course>269.295080</course><hAcc>1.359608</hAcc><vAcc>0.875992</vAcc></extensions></trkpt>
      <trkpt lon="-117.337321" lat="33.983093"><ele>305.292345</ele><time>2025-04-16T02:19:01Z</time><extensions><speed>1.222617</speed><course>268.453496</course><hAcc>1.353628</hAcc><vAcc>0.880826</vAcc></extensions></trkpt>
      <trkpt lon="-117.337333" lat="33.983093"><ele>305.289248</ele><time>2025-04-16T02:19:02Z</time><extensions><speed>1.114470</speed><course>266.160317</course><hAcc>1.366344</hAcc><vAcc>0.885422</vAcc></extensions></trkpt>
      <trkpt lon="-117.337345" lat="33.983092"><ele>305.295846</ele><time>2025-04-16T02:19:03Z</time><extensions><speed>1.067431</speed><course>266.694952</course><hAcc>1.336538</hAcc><vAcc>0.889553</vAcc></extensions></trkpt>
      <trkpt lon="-117.337357" lat="33.983092"><ele>305.300646</ele><time>2025-04-16T02:19:04Z</time><extensions><speed>1.104406</speed><course>268.571548</course><hAcc>1.350369</hAcc><vAcc>0.892510</vAcc></extensions></trkpt>
      <trkpt lon="-117.337369" lat="33.983092"><ele>305.300674</ele><time>2025-04-16T02:19:05Z</time><extensions><speed>1.245546</speed><course>269.973497</course><hAcc>1.374075</hAcc><vAcc>0.895116</vAcc></extensions></trkpt>
      <trkpt lon="-117.337383" lat="33.983092"><ele>305.305079</ele><time>2025-04-16T02:19:06Z</time><extensions><speed>1.304488</speed><course>268.864906</course><hAcc>1.373383</hAcc><vAcc>0.898127</vAcc></extensions></trkpt>
      <trkpt lon="-117.337397" lat="33.983092"><ele>305.313261</ele><time>2025-04-16T02:19:07Z</time><extensions><speed>1.323804</speed><course>269.420551</course><hAcc>1.363123</hAcc><vAcc>0.900414</vAcc></extensions></trkpt>
      <trkpt lon="-117.337411" lat="33.983091"><ele>305.323030</ele><time>2025-04-16T02:19:08Z</time><extensions><speed>1.237825</speed><course>269.903002</course><hAcc>1.367845</hAcc><vAcc>0.902416</vAcc></extensions></trkpt>
      <trkpt lon="-117.337424" lat="33.983092"><ele>305.342717</ele><time>2025-04-16T02:19:09Z</time><extensions><speed>1.106456</speed><course>271.599749</course><hAcc>1.373330</hAcc><vAcc>0.904389</vAcc></extensions></trkpt>
      <trkpt lon="-117.337435" lat="33.983092"><ele>305.355463</ele><time>2025-04-16T02:19:10Z</time><extensions><speed>1.064126</speed><course>273.110429</course><hAcc>1.372360</hAcc><vAcc>0.906463</vAcc></extensions></trkpt>
      <trkpt lon="-117.337447" lat="33.983092"><ele>305.372435</ele><time>2025-04-16T02:19:11Z</time><extensions><speed>1.093254</speed><course>274.240916</course><hAcc>1.369286</hAcc><vAcc>0.908120</vAcc></extensions></trkpt>
      <trkpt lon="-117.337459" lat="33.983093"><ele>305.388227</ele><time>2025-04-16T02:19:12Z</time><extensions><speed>1.142873</speed><course>274.243469</course><hAcc>1.362845</hAcc><vAcc>0.908038</vAcc></extensions></trkpt>
      <trkpt lon="-117.337471" lat="33.983094"><ele>305.410918</ele><time>2025-04-16T02:19:13Z</time><extensions><speed>1.148082</speed><course>274.577944</course><hAcc>1.351109</hAcc><vAcc>0.907888</vAcc></extensions></trkpt>
      <trkpt lon="-117.337484" lat="33.983094"><ele>305.444601</ele><time>2025-04-16T02:19:14Z</time><extensions><speed>1.128732</speed><course>273.005773</course><hAcc>1.308787</hAcc><vAcc>0.906948</vAcc></extensions></trkpt>
      <trkpt lon="-117.337495" lat="33.983095"><ele>305.467673</ele><time>2025-04-16T02:19:15Z</time><extensions><speed>1.084227</speed><course>271.231677</course><hAcc>1.289527</hAcc><vAcc>0.905709</vAcc></extensions></trkpt>
      <trkpt lon="-117.337507" lat="33.983095"><ele>305.493102</ele><time>2025-04-16T02:19:16Z</time><extensions><speed>1.051390</speed><course>267.513817</course><hAcc>1.309821</hAcc><vAcc>0.904209</vAcc></extensions></trkpt>
      <trkpt lon="-117.337518" lat="33.983094"><ele>305.509974</ele><time>2025-04-16T02:19:17Z</time><extensions><speed>1.051574</speed><course>265.321253</course><hAcc>1.321188</hAcc><vAcc>0.902485</vAcc></extensions></trkpt>
      <trkpt lon="-117.337530" lat="33.983093"><ele>305.522224</ele><time>2025-04-16T02:19:18Z</time><extensions><speed>1.031624</speed><course>263.882283</course><hAcc>1.286039</hAcc><vAcc>0.900181</vAcc></extensions></trkpt>
      <trkpt lon="-117.337541" lat="33.983092"><ele>305.530204</ele><time>2025-04-16T02:19:19Z</time><extensions><speed>1.058552</speed><course>262.450565</course><hAcc>1.281823</hAcc><vAcc>0.897041</vAcc></extensions></trkpt>
      <trkpt lon="-117.337553" lat="33.983091"><ele>305.534029</ele><time>2025-04-16T02:19:20Z</time><extensions><speed>1.109428</speed><course>262.775956</course><hAcc>1.294815</hAcc><vAcc>0.894304</vAcc></extensions></trkpt>
      <trkpt lon="-117.337564" lat="33.983090"><ele>305.529349</ele><time>2025-04-16T02:19:21Z</time><extensions><speed>1.124638</speed><course>263.859424</course><hAcc>1.303455</hAcc><vAcc>0.890735</vAcc></extensions></trkpt>
      <trkpt lon="-117.337576" lat="33.983089"><ele>305.527867</ele><time>2025-04-16T02:19:22Z</time><extensions><speed>1.077811</speed><course>264.876493</course><hAcc>1.283662</hAcc><vAcc>0.886688</vAcc></extensions></trkpt>
      <trkpt lon="-117.337588" lat="33.983088"><ele>305.524793</ele><time>2025-04-16T02:19:23Z</time><extensions><speed>1.100136</speed><course>266.768963</course><hAcc>1.285703</hAcc><vAcc>0.881939</vAcc></extensions></trkpt>
      <trkpt lon="-117.337600" lat="33.983088"><ele>305.505486</ele><time>2025-04-16T02:19:24Z</time><extensions><speed>1.122416</speed><course>267.906045</course><hAcc>1.290721</hAcc><vAcc>0.876827</vAcc></extensions></trkpt>
      <trkpt lon="-117.337612" lat="33.983087"><ele>305.496631</ele><time>2025-04-16T02:19:25Z</time><extensions><speed>1.137688</speed><course>270.443233</course><hAcc>1.300517</hAcc><vAcc>0.871486</vAcc></extensions></trkpt>
      <trkpt lon="-117.337624" lat="33.983087"><ele>305.473234</ele><time>2025-04-16T02:19:26Z</time><extensions><speed>1.128847</speed><course>269.677430</course><hAcc>1.321932</hAcc><vAcc>0.866730</vAcc></extensions></trkpt>
      <trkpt lon="-117.337637" lat="33.983088"><ele>305.444134</ele><time>2025-04-16T02:19:27Z</time><extensions><speed>1.181949</speed><course>273.398656</course><hAcc>1.331575</hAcc><vAcc>0.862662</vAcc></extensions></trkpt>
      <trkpt lon="-117.337650" lat="33.983089"><ele>305.406499</ele><time>2025-04-16T02:19:28Z</time><extensions><speed>1.242405</speed><course>279.579110</course><hAcc>1.325314</hAcc><vAcc>0.859096</vAcc></extensions></trkpt>
      <trkpt lon="-117.337663" lat="33.983091"><ele>305.370393</ele><time>2025-04-16T02:19:29Z</time><extensions><speed>1.214492</speed><course>282.642688</course><hAcc>1.345015</hAcc><vAcc>0.856046</vAcc></extensions></trkpt>
      <trkpt lon="-117.337675" lat="33.983093"><ele>305.332335</ele><time>2025-04-16T02:19:30Z</time><extensions><speed>1.075524</speed><course>278.678734</course><hAcc>1.374067</hAcc><vAcc>0.854122</vAcc></extensions></trkpt>
      <trkpt lon="-117.337686" lat="33.983094"><ele>305.295379</ele><time>2025-04-16T02:19:31Z</time><extensions><speed>0.867897</speed><course>270.363571</course><hAcc>1.376415</hAcc><vAcc>0.852292</vAcc></extensions></trkpt>
      <trkpt lon="-117.337695" lat="33.983093"><ele>305.262977</ele><time>2025-04-16T02:19:32Z</time><extensions><speed>0.874680</speed><course>267.657814</course><hAcc>1.412528</hAcc><vAcc>0.851166</vAcc></extensions></trkpt>
      <trkpt lon="-117.337705" lat="33.983093"><ele>305.230800</ele><time>2025-04-16T02:19:33Z</time><extensions><speed>0.920694</speed><course>266.291293</course><hAcc>1.432552</hAcc><vAcc>0.851290</vAcc></extensions></trkpt>
      <trkpt lon="-117.337715" lat="33.983092"><ele>305.196551</ele><time>2025-04-16T02:19:34Z</time><extensions><speed>0.894243</speed><course>263.116547</course><hAcc>1.434578</hAcc><vAcc>0.853095</vAcc></extensions></trkpt>
      <trkpt lon="-117.337724" lat="33.983091"><ele>305.168674</ele><time>2025-04-16T02:19:35Z</time><extensions><speed>0.889331</speed><course>264.272639</course><hAcc>1.445284</hAcc><vAcc>0.855732</vAcc></extensions></trkpt>
      <trkpt lon="-117.337735" lat="33.983091"><ele>305.142207</ele><time>2025-04-16T02:19:36Z</time><extensions><speed>1.081981</speed><course>266.264526</course><hAcc>1.471918</hAcc><vAcc>0.859589</vAcc></extensions></trkpt>
      <trkpt lon="-117.337747" lat="33.983090"><ele>305.116732</ele><time>2025-04-16T02:19:37Z</time><extensions><speed>1.202343</speed><course>267.319267</course><hAcc>1.487323</hAcc><vAcc>0.865465</vAcc></extensions></trkpt>
      <trkpt lon="-117.337760" lat="33.983089"><ele>305.094043</ele><time>2025-04-16T02:19:38Z</time><extensions><speed>1.226090</speed><course>266.401600</course><hAcc>1.487090</hAcc><vAcc>0.872202</vAcc></extensions></trkpt>
      <trkpt lon="-117.337773" lat="33.983089"><ele>305.087288</ele><time>2025-04-16T02:19:39Z</time><extensions><speed>1.147085</speed><course>263.771094</course><hAcc>1.485829</hAcc><vAcc>0.877921</vAcc></extensions></trkpt>
      <trkpt lon="-117.337785" lat="33.983088"><ele>305.072451</ele><time>2025-04-16T02:19:40Z</time><extensions><speed>1.085552</speed><course>265.879449</course><hAcc>1.483997</hAcc><vAcc>0.882847</vAcc></extensions></trkpt>
      <trkpt lon="-117.337796" lat="33.983087"><ele>305.039090</ele><time>2025-04-16T02:19:41Z</time><extensions><speed>1.104294</speed><course>271.165302</course><hAcc>1.461294</hAcc><vAcc>0.887222</vAcc></extensions></trkpt>
      <trkpt lon="-117.337808" lat="33.983088"><ele>305.012960</ele><time>2025-04-16T02:19:42Z</time><extensions><speed>1.118596</speed><course>273.042467</course><hAcc>1.445451</hAcc><vAcc>0.890586</vAcc></extensions></trkpt>
      <trkpt lon="-117.337820" lat="33.983088"><ele>304.999280</ele><time>2025-04-16T02:19:43Z</time><extensions><speed>1.090233</speed><course>273.086445</course><hAcc>1.447258</hAcc><vAcc>0.893437</vAcc></extensions></trkpt>
      <trkpt lon="-117.337832" lat="33.983089"><ele>304.999016</ele><time>2025-04-16T02:19:44Z</time><extensions><speed>1.054860</speed><course>272.706401</course><hAcc>1.466722</hAcc><vAcc>0.895519</vAcc></extensions></trkpt>
      <trkpt lon="-117.337843" lat="33.983089"><ele>305.000695</ele><time>2025-04-16T02:19:45Z</time><extensions><speed>1.046371</speed><course>271.641888</course><hAcc>1.458000</hAcc><vAcc>0.896009</vAcc></extensions></trkpt>
      <trkpt lon="-117.337854" lat="33.983089"><ele>304.996549</ele><time>2025-04-16T02:19:46Z</time><extensions><speed>1.013334</speed><course>271.248998</course><hAcc>1.486546</hAcc><vAcc>0.895132</vAcc></extensions></trkpt>
      <trkpt lon="-117.337865" lat="33.983090"><ele>305.002243</ele><time>2025-04-16T02:19:47Z</time><extensions><speed>0.972158</speed><course>271.126160</course><hAcc>1.527851</hAcc><vAcc>0.892863</vAcc></extensions></trkpt>
      <trkpt lon="-117.337873" lat="33.983089"><ele>305.001335</ele><time>2025-04-16T02:19:48Z</time><extensions><speed>0.510193</speed><course>266.605487</course><hAcc>1.525144</hAcc><vAcc>0.889332</vAcc></extensions></trkpt>
      <trkpt lon="-117.337877" lat="33.983089"><ele>305.006501</ele><time>2025-04-16T02:19:49Z</time><extensions><speed>0.164200</speed><course>237.772355</course><hAcc>1.523081</hAcc><vAcc>0.884377</vAcc></extensions></trkpt>
      <trkpt lon="-117.337878" lat="33.983088"><ele>305.014384</ele><time>2025-04-16T02:19:50Z</time><extensions><speed>0.148808</speed><course>201.967990</course><hAcc>1.536084</hAcc><vAcc>0.878760</vAcc></extensions></trkpt>
      <trkpt lon="-117.337879" lat="33.983087"><ele>305.015439</ele><time>2025-04-16T02:19:51Z</time><extensions><speed>0.238528</speed><course>243.932541</course><hAcc>1.538665</hAcc><vAcc>0.872700</vAcc></extensions></trkpt>
      <trkpt lon="-117.337884" lat="33.983086"><ele>305.011676</ele><time>2025-04-16T02:19:52Z</time><extensions><speed>0.588241</speed><course>259.835424</course><hAcc>1.533049</hAcc><vAcc>0.866304</vAcc></extensions></trkpt>
      <trkpt lon="-117.337892" lat="33.983085"><ele>305.008540</ele><time>2025-04-16T02:19:53Z</time><extensions><speed>1.003928</speed><course>266.808690</course><hAcc>1.538488</hAcc><vAcc>0.859831</vAcc></extensions></trkpt>
      <trkpt lon="-117.337905" lat="33.983085"><ele>305.017577</ele><time>2025-04-16T02:19:54Z</time><extensions><speed>1.307790</speed><course>275.511523</course><hAcc>1.523305</hAcc><vAcc>0.853717</vAcc></extensions></trkpt>
      <trkpt lon="-117.337919" lat="33.983087"><ele>305.020515</ele><time>2025-04-16T02:19:55Z</time><extensions><speed>1.352258</speed><course>280.221495</course><hAcc>1.507203</hAcc><vAcc>0.849237</vAcc></extensions></trkpt>
      <trkpt lon="-117.337933" lat="33.983089"><ele>305.028280</ele><time>2025-04-16T02:19:56Z</time><extensions><speed>1.235853</speed><course>280.311991</course><hAcc>1.502092</hAcc><vAcc>0.845529</vAcc></extensions></trkpt>
      <trkpt lon="-117.337946" lat="33.983090"><ele>305.035761</ele><time>2025-04-16T02:19:57Z</time><extensions><speed>1.212222</speed><course>275.754935</course><hAcc>1.504379</hAcc><vAcc>0.842483</vAcc></extensions></trkpt>
      <trkpt lon="-117.337959" lat="33.983091"><ele>305.050757</ele><time>2025-04-16T02:19:58Z</time><extensions><speed>1.181022</speed><course>272.506388</course><hAcc>1.506102</hAcc><vAcc>0.839945</vAcc></extensions></trkpt>
      <trkpt lon="-117.337972" lat="33.983091"><ele>305.058194</ele><time>2025-04-16T02:19:59Z</time><extensions><speed>1.092434</speed><course>270.559246</course><hAcc>1.514496</hAcc><vAcc>0.838861</vAcc></extensions></trkpt>
      <trkpt lon="-117.337984" lat="33.983091"><ele>305.065815</ele><time>2025-04-16T02:20:00Z</time><extensions><speed>1.099489</speed><course>270.682633</course><hAcc>1.518984</hAcc><vAcc>0.838871</vAcc></extensions></trkpt>
      <trkpt lon="-117.337996" lat="33.983091"><ele>305.059362</ele><time>2025-04-16T02:20:01Z</time><extensions><speed>1.146145</speed><course>270.581422</course><hAcc>1.506566</hAcc><vAcc>0.839803</vAcc></extensions></trkpt>
      <trkpt lon="-117.338008" lat="33.983091"><ele>305.041467</ele><time>2025-04-16T02:20:02Z</time><extensions><speed>1.182058</speed><course>269.888515</course><hAcc>1.488684</hAcc><vAcc>0.840652</vAcc></extensions></trkpt>
      <trkpt lon="-117.338022" lat="33.983091"><ele>305.015272</ele><time>2025-04-16T02:20:03Z</time><extensions><speed>1.280554</speed><course>269.735591</course><hAcc>1.488917</hAcc><vAcc>0.841790</vAcc></extensions></trkpt>
      <trkpt lon="-117.338036" lat="33.983092"><ele>304.989062</ele><time>2025-04-16T02:20:04Z</time><extensions><speed>1.389727</speed><course>270.680756</course><hAcc>1.506656</hAcc><vAcc>0.843233</vAcc></extensions></trkpt>
      <trkpt lon="-117.338051" lat="33.983092"><ele>304.955777</ele><time>2025-04-16T02:20:05Z</time><extensions><speed>1.234567</speed><course>272.484522</course><hAcc>1.544364</hAcc><vAcc>0.844529</vAcc></extensions></trkpt>
      <trkpt lon="-117.338064" lat="33.983092"><ele>304.912901</ele><time>2025-04-16T02:20:06Z</time><extensions><speed>1.185786</speed><course>271.769128</course><hAcc>1.510824</hAcc><vAcc>0.846524</vAcc></extensions></trkpt>
      <trkpt lon="-117.338077" lat="33.983092"><ele>304.870512</ele><time>2025-04-16T02:20:07Z</time><extensions><speed>1.132491</speed><course>266.009659</course><hAcc>1.488100</hAcc><vAcc>0.848406</vAcc></extensions></trkpt>
      <trkpt lon="-117.338089" lat="33.983092"><ele>304.821571</ele><time>2025-04-16T02:20:08Z</time><extensions><speed>1.123458</speed><course>267.548289</course><hAcc>1.505453</hAcc><vAcc>0.850245</vAcc></extensions></trkpt>
      <trkpt lon="-117.338101" lat="33.983091"><ele>304.779212</ele><time>2025-04-16T02:20:09Z</time><extensions><speed>1.183248</speed><course>270.512848</course><hAcc>1.519046</hAcc><vAcc>0.852449</vAcc></extensions></trkpt>
      <trkpt lon="-117.338114" lat="33.983092"><ele>304.731560</ele><time>2025-04-16T02:20:10Z</time><extensions><speed>1.217864</speed><course>273.535833</course><hAcc>1.516722</hAcc><vAcc>0.854916</vAcc></extensions></trkpt>
      <trkpt lon="-117.338128" lat="33.983093"><ele>304.698541</ele><time>2025-04-16T02:20:11Z</time><extensions><speed>1.195326</speed><course>277.609945</course><hAcc>1.497675</hAcc><vAcc>0.857128</vAcc></extensions></trkpt>
      <trkpt lon="-117.338141" lat="33.983094"><ele>304.651475</ele><time>2025-04-16T02:20:12Z</time><extensions><speed>1.204487</speed><course>279.680481</course><hAcc>1.484852</hAcc><vAcc>0.858911</vAcc></extensions></trkpt>
      <trkpt lon="-117.338154" lat="33.983096"><ele>304.590166</ele><time>2025-04-16T02:20:13Z</time><extensions><speed>1.228382</speed><course>279.966876</course><hAcc>1.473080</hAcc><vAcc>0.860372</vAcc></extensions></trkpt>
      <trkpt lon="-117.338166" lat="33.983098"><ele>304.542188</ele><time>2025-04-16T02:20:14Z</time><extensions><speed>1.206781</speed><course>280.652567</course><hAcc>1.457069</hAcc><vAcc>0.861635</vAcc></extensions></trkpt>
      <trkpt lon="-117.338179" lat="33.983100"><ele>304.488379</ele><time>2025-04-16T02:20:15Z</time><extensions><speed>1.146326</speed><course>276.872997</course><hAcc>1.447735</hAcc><vAcc>0.862645</vAcc></extensions></trkpt>
      <trkpt lon="-117.338191" lat="33.983101"><ele>304.433928</ele><time>2025-04-16T02:20:16Z</time><extensions><speed>1.123291</speed><course>274.146575</course><hAcc>1.452579</hAcc><vAcc>0.864449</vAcc></extensions></trkpt>
      <trkpt lon="-117.338203" lat="33.983101"><ele>304.385280</ele><time>2025-04-16T02:20:17Z</time><extensions><speed>1.124649</speed><course>271.335354</course><hAcc>1.434400</hAcc><vAcc>0.865312</vAcc></extensions></trkpt>
      <trkpt lon="-117.338216" lat="33.983101"><ele>304.341340</ele><time>2025-04-16T02:20:18Z</time><extensions><speed>1.160595</speed><course>269.438919</course><hAcc>1.423683</hAcc><vAcc>0.864960</vAcc></extensions></trkpt>
      <trkpt lon="-117.338228" lat="33.983101"><ele>304.297163</ele><time>2025-04-16T02:20:19Z</time><extensions><speed>1.163692</speed><course>268.295131</course><hAcc>1.414846</hAcc><vAcc>0.863763</vAcc></extensions></trkpt>
      <trkpt lon="-117.338241" lat="33.983101"><ele>304.264594</ele><time>2025-04-16T02:20:20Z</time><extensions><speed>1.169448</speed><course>268.656709</course><hAcc>1.423669</hAcc><vAcc>0.861941</vAcc></extensions></trkpt>
      <trkpt lon="-117.338254" lat="33.983100"><ele>304.247274</ele><time>2025-04-16T02:20:21Z</time><extensions><speed>1.227356</speed><course>266.997579</course><hAcc>1.428522</hAcc><vAcc>0.859836</vAcc></extensions></trkpt>
      <trkpt lon="-117.338268" lat="33.983099"><ele>304.234587</ele><time>2025-04-16T02:20:22Z</time><extensions><speed>1.257361</speed><course>265.631697</course><hAcc>1.422665</hAcc><vAcc>0.857278</vAcc></extensions></trkpt>
      <trkpt lon="-117.338281" lat="33.983099"><ele>304.204295</ele><time>2025-04-16T02:20:23Z</time><extensions><speed>1.204912</speed><course>264.951535</course><hAcc>1.399035</hAcc><vAcc>0.854725</vAcc></extensions></trkpt>
      <trkpt lon="-117.338294" lat="33.983098"><ele>304.170713</ele><time>2025-04-16T02:20:24Z</time><extensions><speed>1.213948</speed><course>266.435276</course><hAcc>1.400311</hAcc><vAcc>0.852591</vAcc></extensions></trkpt>
      <trkpt lon="-117.338307" lat="33.983097"><ele>304.146750</ele><time>2025-04-16T02:20:25Z</time><extensions><speed>1.287475</speed><course>271.054382</course><hAcc>1.412775</hAcc><vAcc>0.851419</vAcc></extensions></trkpt>
      <trkpt lon="-117.338321" lat="33.983098"><ele>304.119881</ele><time>2025-04-16T02:20:26Z</time><extensions><speed>1.201160</speed><course>273.159493</course><hAcc>1.445447</hAcc><vAcc>0.850890</vAcc></extensions></trkpt>
      <trkpt lon="-117.338334" lat="33.983098"><ele>304.100455</ele><time>2025-04-16T02:20:27Z</time><extensions><speed>1.144222</speed><course>268.708748</course><hAcc>1.425279</hAcc><vAcc>0.852003</vAcc></extensions></trkpt>
      <trkpt lon="-117.338346" lat="33.983098"><ele>304.082275</ele><time>2025-04-16T02:20:28Z</time><extensions><speed>1.152163</speed><course>267.097572</course><hAcc>1.426703</hAcc><vAcc>0.853659</vAcc></extensions></trkpt>
      <trkpt lon="-117.338358" lat="33.983097"><ele>304.067051</ele><time>2025-04-16T02:20:29Z</time><extensions><speed>1.112797</speed><course>266.932712</course><hAcc>1.447785</hAcc><vAcc>0.855666</vAcc></extensions></trkpt>
      <trkpt lon="-117.338370" lat="33.983097"><ele>304.028933</ele><time>2025-04-16T02:20:30Z</time><extensions><speed>1.104387</speed><course>268.005514</course><hAcc>1.476520</hAcc><vAcc>0.857960</vAcc></extensions></trkpt>
      <trkpt lon="-117.338382" lat="33.983096"><ele>303.993357</ele><time>2025-04-16T02:20:31Z</time><extensions><speed>1.130724</speed><course>266.634858</course><hAcc>1.500482</hAcc><vAcc>0.861691</vAcc></extensions></trkpt>
      <trkpt lon="-117.338394" lat="33.983096"><ele>303.957284</ele><time>2025-04-16T02:20:32Z</time><extensions><speed>1.052059</speed><course>266.479423</course><hAcc>1.513237</hAcc><vAcc>0.865894</vAcc></extensions></trkpt>
      <trkpt lon="-117.338405" lat="33.983095"><ele>303.928105</ele><time>2025-04-16T02:20:33Z</time><extensions><speed>0.951249</speed><course>265.362231</course><hAcc>1.507004</hAcc><vAcc>0.870901</vAcc></extensions></trkpt>
      <trkpt lon="-117.338415" lat="33.983094"><ele>303.920868</ele><time>2025-04-16T02:20:34Z</time><extensions><speed>0.948351</speed><course>265.362168</course><hAcc>1.509408</hAcc><vAcc>0.876325</vAcc></extensions></trkpt>
      <trkpt lon="-117.338426" lat="33.983094"><ele>303.923487</ele><time>2025-04-16T02:20:35Z</time><extensions><speed>1.043394</speed><course>268.430937</course><hAcc>1.518543</hAcc><vAcc>0.880993</vAcc></extensions></trkpt>
      <trkpt lon="-117.338437" lat="33.983094"><ele>303.892590</ele><time>2025-04-16T02:20:36Z</time><extensions><speed>1.079392</speed><course>273.178796</course><hAcc>1.517876</hAcc><vAcc>0.885126</vAcc></extensions></trkpt>
      <trkpt lon="-117.338448" lat="33.983095"><ele>303.875256</ele><time>2025-04-16T02:20:37Z</time><extensions><speed>1.024086</speed><course>276.296266</course><hAcc>1.530521</hAcc><vAcc>0.888505</vAcc></extensions></trkpt>
      <trkpt lon="-117.338460" lat="33.983096"><ele>303.872660</ele><time>2025-04-16T02:20:38Z</time><extensions><speed>1.084026</speed><course>274.859368</course><hAcc>1.484410</hAcc><vAcc>0.890617</vAcc></extensions></trkpt>
      <trkpt lon="-117.338472" lat="33.983096"><ele>303.866599</ele><time>2025-04-16T02:20:39Z</time><extensions><speed>1.219693</speed><course>270.041911</course><hAcc>1.458840</hAcc><vAcc>0.891563</vAcc></extensions></trkpt>
      <trkpt lon="-117.338485" lat="33.983096"><ele>303.865110</ele><time>2025-04-16T02:20:40Z</time><extensions><speed>1.209286</speed><course>267.158259</course><hAcc>1.462616</hAcc><vAcc>0.891407</vAcc></extensions></trkpt>
      <trkpt lon="-117.338498" lat="33.983095"><ele>303.882400</ele><time>2025-04-16T02:20:41Z</time><extensions><speed>1.140610</speed><course>266.845432</course><hAcc>1.503301</hAcc><vAcc>0.890017</vAcc></extensions></trkpt>
      <trkpt lon="-117.338510" lat="33.983095"><ele>303.918246</ele><time>2025-04-16T02:20:42Z</time><extensions><speed>1.088825</speed><course>271.689951</course><hAcc>1.484089</hAcc><vAcc>0.887890</vAcc></extensions></trkpt>
      <trkpt lon="-117.338522" lat="33.983095"><ele>303.937510</ele><time>2025-04-16T02:20:43Z</time><extensions><speed>1.133319</speed><course>273.096553</course><hAcc>1.480082</hAcc><vAcc>0.885714</vAcc></extensions></trkpt>
      <trkpt lon="-117.338535" lat="33.983096"><ele>303.952355</ele><time>2025-04-16T02:20:44Z</time><extensions><speed>1.200374</speed><course>275.622954</course><hAcc>1.478630</hAcc><vAcc>0.882834</vAcc></extensions></trkpt>
      <trkpt lon="-117.338548" lat="33.983097"><ele>303.959659</ele><time>2025-04-16T02:20:45Z</time><extensions><speed>1.191446</speed><course>274.221496</course><hAcc>1.490222</hAcc><vAcc>0.879042</vAcc></extensions></trkpt>
      <trkpt lon="-117.338560" lat="33.983098"><ele>303.953854</ele><time>2025-04-16T02:20:46Z</time><extensions><speed>1.075475</speed><course>269.268137</course><hAcc>1.493514</hAcc><vAcc>0.875066</vAcc></extensions></trkpt>
      <trkpt lon="-117.338572" lat="33.983097"><ele>303.942965</ele><time>2025-04-16T02:20:47Z</time><extensions><speed>1.082734</speed><course>262.646465</course><hAcc>1.497497</hAcc><vAcc>0.869871</vAcc></extensions></trkpt>
      <trkpt lon="-117.338584" lat="33.983096"><ele>303.932351</ele><time>2025-04-16T02:20:48Z</time><extensions><speed>1.158533</speed><course>263.535278</course><hAcc>1.487030</hAcc><vAcc>0.864690</vAcc></extensions></trkpt>
      <trkpt lon="-117.338596" lat="33.983095"><ele>303.927419</ele><time>2025-04-16T02:20:49Z</time><extensions><speed>1.151590</speed><course>266.045624</course><hAcc>1.474101</hAcc><vAcc>0.858498</vAcc></extensions></trkpt>
      <trkpt lon="-117.338609" lat="33.983094"><ele>303.916038</ele><time>2025-04-16T02:20:50Z</time><extensions><speed>1.142506</speed><course>268.105641</course><hAcc>1.450435</hAcc><vAcc>0.851992</vAcc></extensions></trkpt>
      <trkpt lon="-117.338621" lat="33.983094"><ele>303.904834</ele><time>2025-04-16T02:20:51Z</time><extensions><speed>1.152575</speed><course>268.627835</course><hAcc>1.415150</hAcc><vAcc>0.845492</vAcc></extensions></trkpt>
      <trkpt lon="-117.338633" lat="33.983094"><ele>303.881366</ele><time>2025-04-16T02:20:52Z</time><extensions><speed>1.164028</speed><course>268.096481</course><hAcc>1.404636</hAcc><vAcc>0.839444</vAcc></extensions></trkpt>
      <trkpt lon="-117.338645" lat="33.983093"><ele>303.845770</ele><time>2025-04-16T02:20:53Z</time><extensions><speed>1.054336</speed><course>268.462720</course><hAcc>1.414343</hAcc><vAcc>0.833630</vAcc></extensions></trkpt>
      <trkpt lon="-117.338657" lat="33.983093"><ele>303.803372</ele><time>2025-04-16T02:20:54Z</time><extensions><speed>1.107239</speed><course>263.017616</course><hAcc>1.389453</hAcc><vAcc>0.827379</vAcc></extensions></trkpt>
      <trkpt lon="-117.338670" lat="33.983091"><ele>303.771358</ele><time>2025-04-16T02:20:55Z</time><extensions><speed>1.283436</speed><course>262.546853</course><hAcc>1.365471</hAcc><vAcc>0.820968</vAcc></extensions></trkpt>
      <trkpt lon="-117.338684" lat="33.983090"><ele>303.743063</ele><time>2025-04-16T02:20:56Z</time><extensions><speed>1.334610</speed><course>261.401410</course><hAcc>1.367197</hAcc><vAcc>0.814405</vAcc></extensions></trkpt>
      <trkpt lon="-117.338698" lat="33.983087"><ele>303.713809</ele><time>2025-04-16T02:20:57Z</time><extensions><speed>1.281980</speed><course>258.822094</course><hAcc>1.359091</hAcc><vAcc>0.807753</vAcc></extensions></trkpt>
      <trkpt lon="-117.338711" lat="33.983085"><ele>303.679197</ele><time>2025-04-16T02:20:58Z</time><extensions><speed>1.120129</speed><course>258.265917</course><hAcc>1.357155</hAcc><vAcc>0.801156</vAcc></extensions></trkpt>
      <trkpt lon="-117.338723" lat="33.983084"><ele>303.650501</ele><time>2025-04-16T02:20:59Z</time><extensions><speed>1.090695</speed><course>265.993371</course><hAcc>1.333029</hAcc><vAcc>0.794908</vAcc></extensions></trkpt>
      <trkpt lon="-117.338736" lat="33.983084"><ele>303.628022</ele><time>2025-04-16T02:21:00Z</time><extensions><speed>1.286364</speed><course>274.632128</course><hAcc>1.334447</hAcc><vAcc>0.789037</vAcc></extensions></trkpt>
      <trkpt lon="-117.338751" lat="33.983086"><ele>303.620832</ele><time>2025-04-16T02:21:01Z</time><extensions><speed>1.520059</speed><course>282.798130</course><hAcc>1.335597</hAcc><vAcc>0.783802</vAcc></extensions></trkpt>
      <trkpt lon="-117.338766" lat="33.983089"><ele>303.613839</ele><time>2025-04-16T02:21:02Z</time><extensions><speed>1.467334</speed><course>286.799914</course><hAcc>1.351378</hAcc><vAcc>0.779151</vAcc></extensions></trkpt>
      <trkpt lon="-117.338781" lat="33.983092"><ele>303.608759</ele><time>2025-04-16T02:21:03Z</time><extensions><speed>1.327828</speed><course>280.592670</course><hAcc>1.356446</hAcc><vAcc>0.775395</vAcc></extensions></trkpt>
      <trkpt lon="-117.338795" lat="33.983094"><ele>303.603373</ele><time>2025-04-16T02:21:04Z</time><extensions><speed>1.247130</speed><course>273.590494</course><hAcc>1.336681</hAcc><vAcc>0.772491</vAcc></extensions></trkpt>
      <trkpt lon="-117.338808" lat="33.983094"><ele>303.601682</ele><time>2025-04-16T02:21:05Z</time><extensions><speed>1.184089</speed><course>269.210821</course><hAcc>1.340092</hAcc><vAcc>0.770887</vAcc></extensions></trkpt>
      <trkpt lon="-117.338821" lat="33.983094"><ele>303.593407</ele><time>2025-04-16T02:21:06Z</time><extensions><speed>1.158030</speed><course>267.803909</course><hAcc>1.347196</hAcc><vAcc>0.770877</vAcc></extensions></trkpt>
      <trkpt lon="-117.338834" lat="33.983094"><ele>303.589267</ele><time>2025-04-16T02:21:07Z</time><extensions><speed>1.198997</speed><course>268.617879</course><hAcc>1.349862</hAcc><vAcc>0.771617</vAcc></extensions></trkpt>
      <trkpt lon="-117.338847" lat="33.983094"><ele>303.590579</ele><time>2025-04-16T02:21:08Z</time><extensions><speed>1.296803</speed><course>273.791105</course><hAcc>1.348927</hAcc><vAcc>0.773394</vAcc></extensions></trkpt>
      <trkpt lon="-117.338862" lat="33.983095"><ele>303.591446</ele><time>2025-04-16T02:21:09Z</time><extensions><speed>1.388961</speed><course>280.051732</course><hAcc>1.351148</hAcc><vAcc>0.776144</vAcc></extensions></trkpt>
      <trkpt lon="-117.338877" lat="33.983098"><ele>303.583607</ele><time>2025-04-16T02:21:10Z</time><extensions><speed>1.463799</speed><course>288.076602</course><hAcc>1.352728</hAcc><vAcc>0.780057</vAcc></extensions></trkpt>
      <trkpt lon="-117.338891" lat="33.983103"><ele>303.569092</ele><time>2025-04-16T02:21:11Z</time><extensions><speed>1.417343</speed><course>294.190175</course><hAcc>1.370692</hAcc><vAcc>0.784098</vAcc></extensions></trkpt>
      <trkpt lon="-117.338905" lat="33.983108"><ele>303.555441</ele><time>2025-04-16T02:21:12Z</time><extensions><speed>1.342076</speed><course>296.751001</course><hAcc>1.354938</hAcc><vAcc>0.787944</vAcc></extensions></trkpt>
      <trkpt lon="-117.338917" lat="33.983113"><ele>303.529233</ele><time>2025-04-16T02:21:13Z</time><extensions><speed>1.192781</speed><course>292.805435</course><hAcc>1.343905</hAcc><vAcc>0.791950</vAcc></extensions></trkpt>
      <trkpt lon="-117.338929" lat="33.983117"><ele>303.489927</ele><time>2025-04-16T02:21:14Z</time><extensions><speed>1.209209</speed><course>287.845513</course><hAcc>1.336464</hAcc><vAcc>0.795803</vAcc></extensions></trkpt>
      <trkpt lon="-117.338942" lat="33.983120"><ele>303.454859</ele><time>2025-04-16T02:21:15Z</time><extensions><speed>1.217232</speed><course>284.572021</course><hAcc>1.351619</hAcc><vAcc>0.799334</vAcc></extensions></trkpt>
      <trkpt lon="-117.338954" lat="33.983122"><ele>303.417006</ele><time>2025-04-16T02:21:16Z</time><extensions><speed>1.169223</speed><course>281.944484</course><hAcc>1.386657</hAcc><vAcc>0.802433</vAcc></extensions></trkpt>
      <trkpt lon="-117.338968" lat="33.983124"><ele>303.367409</ele><time>2025-04-16T02:21:17Z</time><extensions><speed>1.336446</speed><course>275.701569</course><hAcc>1.344763</hAcc><vAcc>0.804432</vAcc></extensions></trkpt>
      <trkpt lon="-117.338983" lat="33.983125"><ele>303.317629</ele><time>2025-04-16T02:21:18Z</time><extensions><speed>1.420941</speed><course>273.736167</course><hAcc>1.326188</hAcc><vAcc>0.805123</vAcc></extensions></trkpt>
      <trkpt lon="-117.338998" lat="33.983126"><ele>303.267811</ele><time>2025-04-16T02:21:19Z</time><extensions><speed>1.428796</speed><course>273.620765</course><hAcc>1.336565</hAcc><vAcc>0.804776</vAcc></extensions></trkpt>
      <trkpt lon="-117.339012" lat="33.983127"><ele>303.215745</ele><time>2025-04-16T02:21:20Z</time><extensions><speed>1.246424</speed><course>273.967555</course><hAcc>1.358745</hAcc><vAcc>0.803734</vAcc></extensions></trkpt>
      <trkpt lon="-117.339025" lat="33.983127"><ele>303.168052</ele><time>2025-04-16T02:21:21Z</time><extensions><speed>1.059675</speed><course>269.636339</course><hAcc>1.337922</hAcc><vAcc>0.802808</vAcc></extensions></trkpt>
      <trkpt lon="-117.339036" lat="33.983127"><ele>303.136673</ele><time>2025-04-16T02:21:22Z</time><extensions><speed>0.993131</speed><course>265.160722</course><hAcc>1.341042</hAcc><vAcc>0.801521</vAcc></extensions></trkpt>
      <trkpt lon="-117.339047" lat="33.983126"><ele>303.107666</ele><time>2025-04-16T02:21:23Z</time><extensions><speed>1.023803</speed><course>265.363996</course><hAcc>1.350220</hAcc><vAcc>0.800112</vAcc></extensions></trkpt>
      <trkpt lon="-117.339058" lat="33.983125"><ele>303.087709</ele><time>2025-04-16T02:21:24Z</time><extensions><speed>1.101598</speed><course>269.589754</course><hAcc>1.364304</hAcc><vAcc>0.798640</vAcc></extensions></trkpt>
      <trkpt lon="-117.339071" lat="33.983126"><ele>303.080579</ele><time>2025-04-16T02:21:25Z</time><extensions><speed>1.234619</speed><course>274.223703</course><hAcc>1.386827</hAcc><vAcc>0.797236</vAcc></extensions></trkpt>
      <trkpt lon="-117.339085" lat="33.983127"><ele>303.082353</ele><time>2025-04-16T02:21:26Z</time><extensions><speed>1.311071</speed><course>278.340638</course><hAcc>1.399131</hAcc><vAcc>0.795838</vAcc></extensions></trkpt>
      <trkpt lon="-117.339099" lat="33.983129"><ele>303.095873</ele><time>2025-04-16T02:21:27Z</time><extensions><speed>1.265733</speed><course>278.746244</course><hAcc>1.397236</hAcc><vAcc>0.794171</vAcc></extensions></trkpt>
      <trkpt lon="-117.339111" lat="33.983130"><ele>303.119823</ele><time>2025-04-16T02:21:28Z</time><extensions><speed>1.077338</speed><course>275.287034</course><hAcc>1.382469</hAcc><vAcc>0.792613</vAcc></extensions></trkpt>
      <trkpt lon="-117.339122" lat="33.983130"><ele>303.157943</ele><time>2025-04-16T02:21:29Z</time><extensions><speed>0.931913</speed><course>269.318074</course><hAcc>1.347322</hAcc><vAcc>0.790770</vAcc></extensions></trkpt>
      <trkpt lon="-117.339132" lat="33.983130"><ele>303.206593</ele><time>2025-04-16T02:21:30Z</time><extensions><speed>0.905952</speed><course>265.313249</course><hAcc>1.346658</hAcc><vAcc>0.789112</vAcc></extensions></trkpt>
      <trkpt lon="-117.339142" lat="33.983129"><ele>303.264958</ele><time>2025-04-16T02:21:31Z</time><extensions><speed>0.893656</speed><course>264.756480</course><hAcc>1.395211</hAcc><vAcc>0.787779</vAcc></extensions></trkpt>
      <trkpt lon="-117.339153" lat="33.983128"><ele>303.326004</ele><time>2025-04-16T02:21:32Z</time><extensions><speed>1.127362</speed><course>264.143860</course><hAcc>1.353024</hAcc><vAcc>0.786023</vAcc></extensions></trkpt>
      <trkpt lon="-117.339166" lat="33.983127"><ele>303.387171</ele><time>2025-04-16T02:21:33Z</time><extensions><speed>1.251445</speed><course>266.821720</course><hAcc>1.336364</hAcc><vAcc>0.784151</vAcc></extensions></trkpt>
      <trkpt lon="-117.339179" lat="33.983127"><ele>303.451685</ele><time>2025-04-16T02:21:34Z</time><extensions><speed>1.213214</speed><course>267.852197</course><hAcc>1.343326</hAcc><vAcc>0.783079</vAcc></extensions></trkpt>
      <trkpt lon="-117.339192" lat="33.983126"><ele>303.530553</ele><time>2025-04-16T02:21:35Z</time><extensions><speed>1.164876</speed><course>266.764128</course><hAcc>1.355799</hAcc><vAcc>0.782937</vAcc></extensions></trkpt>
      <trkpt lon="-117.339204" lat="33.983125"><ele>303.607385</ele><time>2025-04-16T02:21:36Z</time><extensions><speed>1.071886</speed><course>262.245738</course><hAcc>1.357947</hAcc><vAcc>0.782799</vAcc></extensions></trkpt>
      <trkpt lon="-117.339216" lat="33.983124"><ele>303.663053</ele><time>2025-04-16T02:21:37Z</time><extensions><speed>1.088733</speed><course>259.415311</course><hAcc>1.341486</hAcc><vAcc>0.783103</vAcc></extensions></trkpt>
      <trkpt lon="-117.339228" lat="33.983122"><ele>303.703025</ele><time>2025-04-16T02:21:38Z</time><extensions><speed>1.185477</speed><course>261.529465</course><hAcc>1.341920</hAcc><vAcc>0.783782</vAcc></extensions></trkpt>
      <trkpt lon="-117.339241" lat="33.983121"><ele>303.732641</ele><time>2025-04-16T02:21:39Z</time><extensions><speed>1.306678</speed><course>265.604474</course><hAcc>1.338693</hAcc><vAcc>0.784591</vAcc></extensions></trkpt>
      <trkpt lon="-117.339256" lat="33.983120"><ele>303.762189</ele><time>2025-04-16T02:21:40Z</time><extensions><speed>1.339042</speed><course>269.292233</course><hAcc>1.334146</hAcc><vAcc>0.786046</vAcc></extensions></trkpt>
      <trkpt lon="-117.339270" lat="33.983120"><ele>303.776661</ele><time>2025-04-16T02:21:41Z</time><extensions><speed>1.365968</speed><course>271.792485</course><hAcc>1.319359</hAcc><vAcc>0.786937</vAcc></extensions></trkpt>
      <trkpt lon="-117.339285" lat="33.983121"><ele>303.786258</ele><time>2025-04-16T02:21:42Z</time><extensions><speed>1.424156</speed><course>272.299337</course><hAcc>1.289725</hAcc><vAcc>0.787974</vAcc></extensions></trkpt>
      <trkpt lon="-117.339300" lat="33.983121"><ele>303.784500</ele><time>2025-04-16T02:21:43Z</time><extensions><speed>1.303849</speed><course>272.281006</course><hAcc>1.293042</hAcc><vAcc>0.788475</vAcc></extensions></trkpt>
      <trkpt lon="-117.339313" lat="33.983122"><ele>303.780935</ele><time>2025-04-16T02:21:44Z</time><extensions><speed>1.100881</speed><course>270.986108</course><hAcc>1.342713</hAcc><vAcc>0.789221</vAcc></extensions></trkpt>
      <trkpt lon="-117.339326" lat="33.983121"><ele>303.766691</ele><time>2025-04-16T02:21:45Z</time><extensions><speed>1.209439</speed><course>266.966646</course><hAcc>1.321241</hAcc><vAcc>0.789609</vAcc></extensions></trkpt>
      <trkpt lon="-117.339339" lat="33.983121"><ele>303.745994</ele><time>2025-04-16T02:21:46Z</time><extensions><speed>1.268859</speed><course>265.893926</course><hAcc>1.315477</hAcc><vAcc>0.789486</vAcc></extensions></trkpt>
      <trkpt lon="-117.339353" lat="33.983120"><ele>303.713877</ele><time>2025-04-16T02:21:47Z</time><extensions><speed>1.221735</speed><course>267.507601</course><hAcc>1.321720</hAcc><vAcc>0.789768</vAcc></extensions></trkpt>
      <trkpt lon="-117.339366" lat="33.983120"><ele>303.669758</ele><time>2025-04-16T02:21:48Z</time><extensions><speed>1.200891</speed><course>271.285065</course><hAcc>1.329376</hAcc><vAcc>0.790645</vAcc></extensions></trkpt>
      <trkpt lon="-117.339378" lat="33.983121"><ele>303.618052</ele><time>2025-04-16T02:21:49Z</time><extensions><speed>1.143397</speed><course>274.759784</course><hAcc>1.329994</hAcc><vAcc>0.790928</vAcc></extensions></trkpt>
      <trkpt lon="-117.339391" lat="33.983122"><ele>303.561829</ele><time>2025-04-16T02:21:50Z</time><extensions><speed>1.117133</speed><course>276.795392</course><hAcc>1.327666</hAcc><vAcc>0.790916</vAcc></extensions></trkpt>
      <trkpt lon="-117.339403" lat="33.983123"><ele>303.502939</ele><time>2025-04-16T02:21:51Z</time><extensions><speed>1.215535</speed><course>276.784537</course><hAcc>1.309775</hAcc><vAcc>0.791214</vAcc></extensions></trkpt>
      <trkpt lon="-117.339415" lat="33.983124"><ele>303.439281</ele><time>2025-04-16T02:21:52Z</time><extensions><speed>1.074973</speed><course>275.859017</course><hAcc>1.326579</hAcc><vAcc>0.791387</vAcc></extensions></trkpt>
      <trkpt lon="-117.339427" lat="33.983125"><ele>303.369445</ele><time>2025-04-16T02:21:53Z</time><extensions><speed>1.043700</speed><course>275.006635</course><hAcc>1.268881</hAcc><vAcc>0.791313</vAcc></extensions></trkpt>
      <trkpt lon="-117.339438" lat="33.983125"><ele>303.299856</ele><time>2025-04-16T02:21:54Z</time><extensions><speed>1.084281</speed><course>272.654599</course><hAcc>1.284650</hAcc><vAcc>0.790895</vAcc></extensions></trkpt>
      <trkpt lon="-117.339451" lat="33.983126"><ele>303.244243</ele><time>2025-04-16T02:21:55Z</time><extensions><speed>1.166797</speed><course>270.106341</course><hAcc>1.260577</hAcc><vAcc>0.790113</vAcc></extensions></trkpt>
      <trkpt lon="-117.339463" lat="33.983126"><ele>303.184408</ele><time>2025-04-16T02:21:56Z</time><extensions><speed>1.153671</speed><course>268.908806</course><hAcc>1.258204</hAcc><vAcc>0.789213</vAcc></extensions></trkpt>
      <trkpt lon="-117.339475" lat="33.983125"><ele>303.128862</ele><time>2025-04-16T02:21:57Z</time><extensions><speed>1.079897</speed><course>269.568800</course><hAcc>1.288015</hAcc><vAcc>0.787634</vAcc></extensions></trkpt>
      <trkpt lon="-117.339487" lat="33.983125"><ele>303.079026</ele><time>2025-04-16T02:21:58Z</time><extensions><speed>1.099702</speed><course>269.905745</course><hAcc>1.298267</hAcc><vAcc>0.785560</vAcc></extensions></trkpt>
      <trkpt lon="-117.339499" lat="33.983126"><ele>303.037198</ele><time>2025-04-16T02:21:59Z</time><extensions><speed>1.131201</speed><course>272.477258</course><hAcc>1.284180</hAcc><vAcc>0.783042</vAcc></extensions></trkpt>
      <trkpt lon="-117.339511" lat="33.983126"><ele>302.995134</ele><time>2025-04-16T02:22:00Z</time><extensions><speed>1.039843</speed><course>273.501997</course><hAcc>1.292535</hAcc><vAcc>0.780243</vAcc></extensions></trkpt>
      <trkpt lon="-117.339522" lat="33.983127"><ele>302.951463</ele><time>2025-04-16T02:22:01Z</time><extensions><speed>0.993298</speed><course>272.960682</course><hAcc>1.306853</hAcc><vAcc>0.777343</vAcc></extensions></trkpt>
      <trkpt lon="-117.339533" lat="33.983127"><ele>302.901224</ele><time>2025-04-16T02:22:02Z</time><extensions><speed>1.076602</speed><course>271.825036</course><hAcc>1.312011</hAcc><vAcc>0.774476</vAcc></extensions></trkpt>
      <trkpt lon="-117.339545" lat="33.983127"><ele>302.851397</ele><time>2025-04-16T02:22:03Z</time><extensions><speed>1.179777</speed><course>271.059668</course><hAcc>1.306696</hAcc><vAcc>0.771749</vAcc></extensions></trkpt>
      <trkpt lon="-117.339559" lat="33.983127"><ele>302.802726</ele><time>2025-04-16T02:22:04Z</time><extensions><speed>1.281654</speed><course>270.659077</course><hAcc>1.299004</hAcc><vAcc>0.769243</vAcc></extensions></trkpt>
      <trkpt lon="-117.339573" lat="33.983127"><ele>302.754700</ele><time>2025-04-16T02:22:05Z</time><extensions><speed>1.385458</speed><course>268.558614</course><hAcc>1.296348</hAcc><vAcc>0.767004</vAcc></extensions></trkpt>
      <trkpt lon="-117.339587" lat="33.983127"><ele>302.703807</ele><time>2025-04-16T02:22:06Z</time><extensions><speed>1.224583</speed><course>264.450788</course><hAcc>1.319692</hAcc><vAcc>0.765036</vAcc></extensions></trkpt>
      <trkpt lon="-117.339599" lat="33.983125"><ele>302.652663</ele><time>2025-04-16T02:22:07Z</time><extensions><speed>1.053956</speed><course>257.034254</course><hAcc>1.299485</hAcc><vAcc>0.763321</vAcc></extensions></trkpt>
      <trkpt lon="-117.339610" lat="33.983123"><ele>302.589072</ele><time>2025-04-16T02:22:08Z</time><extensions><speed>1.037966</speed><course>254.122548</course><hAcc>1.300607</hAcc><vAcc>0.761855</vAcc></extensions></trkpt>
      <trkpt lon="-117.339621" lat="33.983121"><ele>302.510080</ele><time>2025-04-16T02:22:09Z</time><extensions><speed>1.091185</speed><course>263.441556</course><hAcc>1.316031</hAcc><vAcc>0.760637</vAcc></extensions></trkpt>
      <trkpt lon="-117.339633" lat="33.983121"><ele>302.418833</ele><time>2025-04-16T02:22:10Z</time><extensions><speed>1.030932</speed><course>282.224204</course><hAcc>1.335447</hAcc><vAcc>0.759649</vAcc></extensions></trkpt>
      <trkpt lon="-117.339643" lat="33.983124"><ele>302.315991</ele><time>2025-04-16T02:22:11Z</time><extensions><speed>1.010099</speed><course>296.054907</course><hAcc>1.352498</hAcc><vAcc>0.758868</vAcc></extensions></trkpt>
      <trkpt lon="-117.339651" lat="33.983128"><ele>302.204306</ele><time>2025-04-16T02:22:12Z</time><extensions><speed>0.698090</speed><course>299.056184</course><hAcc>1.362289</hAcc><vAcc>0.758266</vAcc></extensions></trkpt>
      <trkpt lon="-117.339655" lat="33.983129"><ele>302.085416</ele><time>2025-04-16T02:22:13Z</time><extensions><speed>0.078761</speed><course>241.953744</course><hAcc>1.363344</hAcc><vAcc>0.757813</vAcc></extensions></trkpt>
      <trkpt lon="-117.339654" lat="33.983128"><ele>301.969235</ele><time>2025-04-16T02:22:14Z</time><extensions><speed>0.303201</speed><course>134.841626</course><hAcc>1.372791</hAcc><vAcc>0.757480</vAcc></extensions></trkpt>
      <trkpt lon="-117.339651" lat="33.983126"><ele>301.853416</ele><time>2025-04-16T02:22:15Z</time><extensions><speed>0.343376</speed><course>128.797339</course><hAcc>1.387870</hAcc><vAcc>0.757241</vAcc></extensions></trkpt>
      <trkpt lon="-117.339649" lat="33.983124"><ele>301.738234</ele><time>2025-04-16T02:22:16Z</time><extensions><speed>0.252147</speed><course>122.280803</course><hAcc>1.388977</hAcc><vAcc>0.757084</vAcc></extensions></trkpt>
      <trkpt lon="-117.339647" lat="33.983124"><ele>301.623825</ele><time>2025-04-16T02:22:17Z</time><extensions><speed>0.158236</speed><course>107.476135</course><hAcc>1.389158</hAcc><vAcc>0.757447</vAcc></extensions></trkpt>
      <trkpt lon="-117.339646" lat="33.983123"><ele>301.511558</ele><time>2025-04-16T02:22:18Z</time><extensions><speed>0.088373</speed><course>83.777122</course><hAcc>1.377970</hAcc><vAcc>0.758778</vAcc></extensions></trkpt>
      <trkpt lon="-117.339645" lat="33.983124"><ele>301.403966</ele><time>2025-04-16T02:22:19Z</time><extensions><speed>0.064126</speed><course>34.359665</course><hAcc>1.377625</hAcc><vAcc>0.761244</vAcc></extensions></trkpt>
      <trkpt lon="-117.339644" lat="33.983124"><ele>301.307767</ele><time>2025-04-16T02:22:20Z</time><extensions><speed>0.081941</speed><course>51.325472</course><hAcc>1.404133</hAcc><vAcc>0.764820</vAcc></extensions></trkpt>
      <trkpt lon="-117.339644" lat="33.983125"><ele>301.221530</ele><time>2025-04-16T02:22:21Z</time><extensions><speed>0.088256</speed><course>55.221691</course><hAcc>1.380298</hAcc><vAcc>0.769713</vAcc></extensions></trkpt>
      <trkpt lon="-117.339643" lat="33.983125"><ele>301.154126</ele><time>2025-04-16T02:22:22Z</time><extensions><speed>0.074180</speed><course>72.900067</course><hAcc>1.381310</hAcc><vAcc>0.775853</vAcc></extensions></trkpt>
      <trkpt lon="-117.339642" lat="33.983125"><ele>301.101620</ele><time>2025-04-16T02:22:23Z</time><extensions><speed>0.035042</speed><course>93.543006</course><hAcc>1.393837</hAcc><vAcc>0.783436</vAcc></extensions></trkpt>
      <trkpt lon="-117.339642" lat="33.983125"><ele>301.062494</ele><time>2025-04-16T02:22:24Z</time><extensions><speed>0.015044</speed><course>169.588567</course><hAcc>1.401762</hAcc><vAcc>0.792135</vAcc></extensions></trkpt>
      <trkpt lon="-117.339642" lat="33.983125"><ele>301.041242</ele><time>2025-04-16T02:22:25Z</time><extensions><speed>0.026743</speed><course>231.349980</course><hAcc>1.413849</hAcc><vAcc>0.802176</vAcc></extensions></trkpt>
      <trkpt lon="-117.339642" lat="33.983125"><ele>301.026909</ele><time>2025-04-16T02:22:26Z</time><extensions><speed>0.034142</speed><course>137.009456</course><hAcc>1.454830</hAcc><vAcc>0.813386</vAcc></extensions></trkpt>
      <trkpt lon="-117.339642" lat="33.983124"><ele>301.020441</ele><time>2025-04-16T02:22:27Z</time><extensions><speed>0.056415</speed><course>126.137167</course><hAcc>1.505313</hAcc><vAcc>0.825219</vAcc></extensions></trkpt>
      <trkpt lon="-117.339641" lat="33.983124"><ele>301.011370</ele><time>2025-04-16T02:22:28Z</time><extensions><speed>0.072001</speed><course>127.235421</course><hAcc>1.560008</hAcc><vAcc>0.838040</vAcc></extensions></trkpt>
      <trkpt lon="-117.339640" lat="33.983123"><ele>301.020955</ele><time>2025-04-16T02:22:29Z</time><extensions><speed>0.093686</speed><course>132.565860</course><hAcc>1.595159</hAcc><vAcc>0.850501</vAcc></extensions></trkpt>
      <trkpt lon="-117.339640" lat="33.983123"><ele>301.034155</ele><time>2025-04-16T02:22:30Z</time><extensions><speed>0.107998</speed><course>144.840763</course><hAcc>1.616084</hAcc><vAcc>0.862413</vAcc></extensions></trkpt>
      <trkpt lon="-117.339639" lat="33.983122"><ele>301.058969</ele><time>2025-04-16T02:22:31Z</time><extensions><speed>0.118891</speed><course>157.348294</course><hAcc>1.642006</hAcc><vAcc>0.872866</vAcc></extensions></trkpt>
      <trkpt lon="-117.339639" lat="33.983121"><ele>301.088533</ele><time>2025-04-16T02:22:32Z</time><extensions><speed>0.123517</speed><course>177.721626</course><hAcc>1.667128</hAcc><vAcc>0.882063</vAcc></extensions></trkpt>
      <trkpt lon="-117.339639" lat="33.983120"><ele>301.120828</ele><time>2025-04-16T02:22:33Z</time><extensions><speed>0.153700</speed><course>208.401397</course><hAcc>1.676673</hAcc><vAcc>0.889676</vAcc></extensions></trkpt>
      <trkpt lon="-117.339641" lat="33.983118"><ele>301.154403</ele><time>2025-04-16T02:22:34Z</time><extensions><speed>0.239752</speed><course>234.696234</course><hAcc>1.684232</hAcc><vAcc>0.896271</vAcc></extensions></trkpt>
      <trkpt lon="-117.339642" lat="33.983117"><ele>301.188614</ele><time>2025-04-16T02:22:35Z</time><extensions><speed>0.209746</speed><course>224.869730</course><hAcc>1.700524</hAcc><vAcc>0.901503</vAcc></extensions></trkpt>
      <trkpt lon="-117.339643" lat="33.983116"><ele>301.222780</ele><time>2025-04-16T02:22:36Z</time><extensions><speed>0.160502</speed><course>189.867751</course><hAcc>1.705691</hAcc><vAcc>0.905511</vAcc></extensions></trkpt>
      <trkpt lon="-117.339643" lat="33.983114"><ele>301.256499</ele><time>2025-04-16T02:22:37Z</time><extensions><speed>0.156831</speed><course>157.302540</course><hAcc>1.723803</hAcc><vAcc>0.908470</vAcc></extensions></trkpt>
      <trkpt lon="-117.339643" lat="33.983113"><ele>301.289567</ele><time>2025-04-16T02:22:38Z</time><extensions><speed>0.155406</speed><course>161.817886</course><hAcc>1.729817</hAcc><vAcc>0.910682</vAcc></extensions></trkpt>
      <trkpt lon="-117.339642" lat="33.983112"><ele>301.321849</ele><time>2025-04-16T02:22:39Z</time><extensions><speed>0.136400</speed><course>177.679645</course><hAcc>1.738243</hAcc><vAcc>0.912839</vAcc></extensions></trkpt>
      <trkpt lon="-117.339643" lat="33.983111"><ele>301.353042</ele><time>2025-04-16T02:22:40Z</time><extensions><speed>0.145988</speed><course>206.690601</course><hAcc>1.744254</hAcc><vAcc>0.914741</vAcc></extensions></trkpt>
      <trkpt lon="-117.339643" lat="33.983109"><ele>301.382740</ele><time>2025-04-16T02:22:41Z</time><extensions><speed>0.112042</speed><course>202.076285</course><hAcc>1.745949</hAcc><vAcc>0.916209</vAcc></extensions></trkpt>
      <trkpt lon="-117.339643" lat="33.983109"><ele>301.410646</ele><time>2025-04-16T02:22:42Z</time><extensions><speed>0.067381</speed><course>176.305954</course><hAcc>1.746133</hAcc><vAcc>0.917611</vAcc></extensions></trkpt>
      <trkpt lon="-117.339643" lat="33.983108"><ele>301.436599</ele><time>2025-04-16T02:22:43Z</time><extensions><speed>0.047029</speed><course>155.705169</course><hAcc>1.738732</hAcc><vAcc>0.919689</vAcc></extensions></trkpt>
      <trkpt lon="-117.339643" lat="33.983108"><ele>301.460300</ele><time>2025-04-16T02:22:44Z</time><extensions><speed>0.034212</speed><course>142.144355</course><hAcc>1.728160</hAcc><vAcc>0.922128</vAcc></extensions></trkpt>
      <trkpt lon="-117.339643" lat="33.983108"><ele>301.481580</ele><time>2025-04-16T02:22:45Z</time><extensions><speed>0.024660</speed><course>133.486320</course><hAcc>1.718096</hAcc><vAcc>0.924574</vAcc></extensions></trkpt>
      <trkpt lon="-117.339643" lat="33.983107"><ele>301.519160</ele><time>2025-04-16T02:22:46Z</time><extensions><speed>0.019914</speed><course>145.272709</course><hAcc>1.713138</hAcc><vAcc>0.927650</vAcc></extensions></trkpt>
      <trkpt lon="-117.339643" lat="33.983107"><ele>301.555887</ele><time>2025-04-16T02:22:47Z</time><extensions><speed>0.017895</speed><course>158.264886</course><hAcc>1.714375</hAcc><vAcc>0.931245</vAcc></extensions></trkpt>
      <trkpt lon="-117.339642" lat="33.983107"><ele>301.595972</ele><time>2025-04-16T02:22:48Z</time><extensions><speed>0.018088</speed><course>157.416855</course><hAcc>1.719800</hAcc><vAcc>0.934832</vAcc></extensions></trkpt>
      <trkpt lon="-117.339642" lat="33.983107"><ele>301.625511</ele><time>2025-04-16T02:22:49Z</time><extensions><speed>0.018266</speed><course>155.989944</course><hAcc>1.731118</hAcc><vAcc>0.938754</vAcc></extensions></trkpt>
      <trkpt lon="-117.339642" lat="33.983107"><ele>301.655965</ele><time>2025-04-16T02:22:50Z</time><extensions><speed>0.019265</speed><course>156.440689</course><hAcc>1.749095</hAcc><vAcc>0.942467</vAcc></extensions></trkpt>
      <trkpt lon="-117.339642" lat="33.983107"><ele>301.680554</ele><time>2025-04-16T02:22:51Z</time><extensions><speed>0.021103</speed><course>153.120635</course><hAcc>1.767013</hAcc><vAcc>0.945282</vAcc></extensions></trkpt>
      <trkpt lon="-117.339642" lat="33.983107"><ele>301.721330</ele><time>2025-04-16T02:22:52Z</time><extensions><speed>0.025531</speed><course>148.478530</course><hAcc>1.780323</hAcc><vAcc>0.947492</vAcc></extensions></trkpt>
      <trkpt lon="-117.339642" lat="33.983106"><ele>301.763702</ele><time>2025-04-16T02:22:53Z</time><extensions><speed>0.028793</speed><course>143.403465</course><hAcc>1.806659</hAcc><vAcc>0.949680</vAcc></extensions></trkpt>
      <trkpt lon="-117.339641" lat="33.983106"><ele>301.801650</ele><time>2025-04-16T02:22:54Z</time><extensions><speed>0.030984</speed><course>133.884559</course><hAcc>1.827829</hAcc><vAcc>0.951715</vAcc></extensions></trkpt>
      <trkpt lon="-117.339641" lat="33.983106"><ele>301.839237</ele><time>2025-04-16T02:22:55Z</time><extensions><speed>0.038303</speed><course>112.430108</course><hAcc>1.817813</hAcc><vAcc>0.953683</vAcc></extensions></trkpt>
      <trkpt lon="-117.339641" lat="33.983106"><ele>301.876327</ele><time>2025-04-16T02:22:56Z</time><extensions><speed>0.049902</speed><course>62.759628</course><hAcc>1.816561</hAcc><vAcc>0.954516</vAcc></extensions></trkpt>
      <trkpt lon="-117.339640" lat="33.983107"><ele>301.901042</ele><time>2025-04-16T02:22:57Z</time><extensions><speed>0.087473</speed><course>27.158206</course><hAcc>1.819464</hAcc><vAcc>0.954626</vAcc></extensions></trkpt>
      <trkpt lon="-117.339640" lat="33.983108"><ele>301.915101</ele><time>2025-04-16T02:22:58Z</time><extensions><speed>0.122753</speed><course>15.736733</course><hAcc>1.820531</hAcc><vAcc>0.954043</vAcc></extensions></trkpt>
      <trkpt lon="-117.339640" lat="33.983109"><ele>301.923441</ele><time>2025-04-16T02:22:59Z</time><extensions><speed>0.131416</speed><course>2.829622</course><hAcc>1.814018</hAcc><vAcc>0.952620</vAcc></extensions></trkpt>
      <trkpt lon="-117.339639" lat="33.983110"><ele>301.927699</ele><time>2025-04-16T02:23:00Z</time><extensions><speed>0.144077</speed><course>23.328950</course><hAcc>1.796628</hAcc><vAcc>0.950911</vAcc></extensions></trkpt>
      <trkpt lon="-117.339639" lat="33.983111"><ele>301.927938</ele><time>2025-04-16T02:23:01Z</time><extensions><speed>0.135764</speed><course>25.683807</course><hAcc>1.766727</hAcc><vAcc>0.948474</vAcc></extensions></trkpt>
      <trkpt lon="-117.339638" lat="33.983112"><ele>301.924938</ele><time>2025-04-16T02:23:02Z</time><extensions><speed>0.110972</speed><course>24.711901</course><hAcc>1.739835</hAcc><vAcc>0.946107</vAcc></extensions></trkpt>
      <trkpt lon="-117.339637" lat="33.983113"><ele>301.918480</ele><time>2025-04-16T02:23:03Z</time><extensions><speed>0.088635</speed><course>29.267885</course><hAcc>1.734881</hAcc><vAcc>0.944005</vAcc></extensions></trkpt>
      <trkpt lon="-117.339637" lat="33.983113"><ele>301.908264</ele><time>2025-04-16T02:23:04Z</time><extensions><speed>0.067865</speed><course>39.804043</course><hAcc>1.755939</hAcc><vAcc>0.941934</vAcc></extensions></trkpt>
      <trkpt lon="-117.339637" lat="33.983114"><ele>301.894372</ele><time>2025-04-16T02:23:05Z</time><extensions><speed>0.065707</speed><course>43.154867</course><hAcc>1.747621</hAcc><vAcc>0.939571</vAcc></extensions></trkpt>
      <trkpt lon="-117.339636" lat="33.983114"><ele>301.876785</ele><time>2025-04-16T02:23:06Z</time><extensions><speed>0.067663</speed><course>40.262523</course><hAcc>1.725555</hAcc><vAcc>0.936934</vAcc></extensions></trkpt>
      <trkpt lon="-117.339636" lat="33.983115"><ele>301.856115</ele><time>2025-04-16T02:23:07Z</time><extensions><speed>0.055894</speed><course>30.457530</course><hAcc>1.715342</hAcc><vAcc>0.934050</vAcc></extensions></trkpt>
      <trkpt lon="-117.339636" lat="33.983115"><ele>301.830044</ele><time>2025-04-16T02:23:08Z</time><extensions><speed>0.039458</speed><course>15.043769</course><hAcc>1.709623</hAcc><vAcc>0.931509</vAcc></extensions></trkpt>
      <trkpt lon="-117.339635" lat="33.983116"><ele>301.802625</ele><time>2025-04-16T02:23:09Z</time><extensions><speed>0.029542</speed><course>21.374998</course><hAcc>1.705092</hAcc><vAcc>0.929310</vAcc></extensions></trkpt>
      <trkpt lon="-117.339635" lat="33.983116"><ele>301.774420</ele><time>2025-04-16T02:23:10Z</time><extensions><speed>0.024116</speed><course>33.316195</course><hAcc>1.700714</hAcc><vAcc>0.927396</vAcc></extensions></trkpt>
      <trkpt lon="-117.339635" lat="33.983116"><ele>301.746057</ele><time>2025-04-16T02:23:11Z</time><extensions><speed>0.017180</speed><course>21.587101</course><hAcc>1.693760</hAcc><vAcc>0.926044</vAcc></extensions></trkpt>
      <trkpt lon="-117.339635" lat="33.983116"><ele>301.717964</ele><time>2025-04-16T02:23:12Z</time><extensions><speed>0.015241</speed><course>343.583852</course><hAcc>1.686978</hAcc><vAcc>0.925088</vAcc></extensions></trkpt>
      <trkpt lon="-117.339635" lat="33.983116"><ele>301.690522</ele><time>2025-04-16T02:23:13Z</time><extensions><speed>0.022501</speed><course>312.546896</course><hAcc>1.684859</hAcc><vAcc>0.924480</vAcc></extensions></trkpt>
      <trkpt lon="-117.339636" lat="33.983116"><ele>301.664014</ele><time>2025-04-16T02:23:14Z</time><extensions><speed>0.033926</speed><course>299.879053</course><hAcc>1.688130</hAcc><vAcc>0.924437</vAcc></extensions></trkpt>
      <trkpt lon="-117.339636" lat="33.983116"><ele>301.638623</ele><time>2025-04-16T02:23:15Z</time><extensions><speed>0.044841</speed><course>294.067805</course><hAcc>1.693124</hAcc><vAcc>0.925282</vAcc></extensions></trkpt>
      <trkpt lon="-117.339636" lat="33.983117"><ele>301.614499</ele><time>2025-04-16T02:23:16Z</time><extensions><speed>0.052059</speed><course>289.892675</course><hAcc>1.689270</hAcc><vAcc>0.927200</vAcc></extensions></trkpt>
      <trkpt lon="-117.339637" lat="33.983117"><ele>301.591771</ele><time>2025-04-16T02:23:17Z</time><extensions><speed>0.051399</speed><course>285.279751</course><hAcc>1.690706</hAcc><vAcc>0.930436</vAcc></extensions></trkpt>
      <trkpt lon="-117.339637" lat="33.983117"><ele>301.570648</ele><time>2025-04-16T02:23:18Z</time><extensions><speed>0.046028</speed><course>282.130596</course><hAcc>1.696804</hAcc><vAcc>0.934605</vAcc></extensions></trkpt>
      <trkpt lon="-117.339638" lat="33.983117"><ele>301.551242</ele><time>2025-04-16T02:23:19Z</time><extensions><speed>0.028099</speed><course>284.478643</course><hAcc>1.705798</hAcc><vAcc>0.939763</vAcc></extensions></trkpt>
      <trkpt lon="-117.339638" lat="33.983117"><ele>301.533669</ele><time>2025-04-16T02:23:20Z</time><extensions><speed>0.017316</speed><course>286.592737</course><hAcc>1.706853</hAcc><vAcc>0.945546</vAcc></extensions></trkpt>
      <trkpt lon="-117.339638" lat="33.983117"><ele>301.517963</ele><time>2025-04-16T02:23:21Z</time><extensions><speed>0.010561</speed><course>288.478515</course><hAcc>1.701917</hAcc><vAcc>0.951648</vAcc></extensions></trkpt>
      <trkpt lon="-117.339638" lat="33.983117"><ele>301.504025</ele><time>2025-04-16T02:23:22Z</time><extensions><speed>0.006483</speed><course>290.142559</course><hAcc>1.693150</hAcc><vAcc>0.958348</vAcc></extensions></trkpt>
      <trkpt lon="-117.339638" lat="33.983117"><ele>301.491793</ele><time>2025-04-16T02:23:23Z</time><extensions><speed>0.003882</speed><course>291.563455</course><hAcc>1.692461</hAcc><vAcc>0.965529</vAcc></extensions></trkpt>
      <trkpt lon="-117.339638" lat="33.983117"><ele>301.492184</ele><time>2025-04-16T02:23:24Z</time><extensions><speed>0.002758</speed><course>282.314362</course><hAcc>1.710098</hAcc><vAcc>0.972650</vAcc></extensions></trkpt>
      <trkpt lon="-117.339638" lat="33.983117"><ele>301.494877</ele><time>2025-04-16T02:23:25Z</time><extensions><speed>0.002319</speed><course>258.668385</course><hAcc>1.737817</hAcc><vAcc>0.979936</vAcc></extensions></trkpt>
      <trkpt lon="-117.339638" lat="33.983117"><ele>301.501383</ele><time>2025-04-16T02:23:26Z</time><extensions><speed>0.003107</speed><course>228.003401</course><hAcc>1.764421</hAcc><vAcc>0.987320</vAcc></extensions></trkpt>
      <trkpt lon="-117.339638" lat="33.983117"><ele>301.513825</ele><time>2025-04-16T02:23:27Z</time><extensions><speed>0.005407</speed><course>210.326683</course><hAcc>1.785821</hAcc><vAcc>0.993925</vAcc></extensions></trkpt>
      <trkpt lon="-117.339639" lat="33.983117"><ele>301.535846</ele><time>2025-04-16T02:23:28Z</time><extensions><speed>0.010375</speed><course>199.518910</course><hAcc>1.796254</hAcc><vAcc>1.000086</vAcc></extensions></trkpt>
      <trkpt lon="-117.339639" lat="33.983117"><ele>301.559551</ele><time>2025-04-16T02:23:29Z</time><extensions><speed>0.015356</speed><course>194.393266</course><hAcc>1.827949</hAcc><vAcc>1.005358</vAcc></extensions></trkpt>
      <trkpt lon="-117.339639" lat="33.983117"><ele>301.579626</ele><time>2025-04-16T02:23:30Z</time><extensions><speed>0.021200</speed><course>190.885377</course><hAcc>1.864465</hAcc><vAcc>1.009975</vAcc></extensions></trkpt>
      <trkpt lon="-117.339639" lat="33.983116"><ele>301.598283</ele><time>2025-04-16T02:23:31Z</time><extensions><speed>0.029611</speed><course>188.361875</course><hAcc>1.892796</hAcc><vAcc>1.014307</vAcc></extensions></trkpt>
      <trkpt lon="-117.339639" lat="33.983116"><ele>301.623930</ele><time>2025-04-16T02:23:32Z</time><extensions><speed>0.039675</speed><course>188.073340</course><hAcc>1.912009</hAcc><vAcc>1.017456</vAcc></extensions></trkpt>
      <trkpt lon="-117.339639" lat="33.983116"><ele>301.644028</ele><time>2025-04-16T02:23:33Z</time><extensions><speed>0.052057</speed><course>188.943891</course><hAcc>1.922813</hAcc><vAcc>1.020602</vAcc></extensions></trkpt>
      <trkpt lon="-117.339639" lat="33.983115"><ele>301.665572</ele><time>2025-04-16T02:23:34Z</time><extensions><speed>0.065217</speed><course>190.930444</course><hAcc>1.926879</hAcc><vAcc>1.022239</vAcc></extensions></trkpt>
      <trkpt lon="-117.339639" lat="33.983114"><ele>301.687123</ele><time>2025-04-16T02:23:35Z</time><extensions><speed>0.074518</speed><course>191.992703</course><hAcc>1.928671</hAcc><vAcc>1.023751</vAcc></extensions></trkpt>
      <trkpt lon="-117.339639" lat="33.983114"><ele>301.708291</ele><time>2025-04-16T02:23:36Z</time><extensions><speed>0.070321</speed><course>185.582427</course><hAcc>1.934968</hAcc><vAcc>1.025865</vAcc></extensions></trkpt>
      <trkpt lon="-117.339639" lat="33.983113"><ele>301.728474</ele><time>2025-04-16T02:23:37Z</time><extensions><speed>0.068197</speed><course>198.564850</course><hAcc>1.937135</hAcc><vAcc>1.027710</vAcc></extensions></trkpt>
      <trkpt lon="-117.339639" lat="33.983113"><ele>301.738448</ele><time>2025-04-16T02:23:38Z</time><extensions><speed>0.061841</speed><course>209.895106</course><hAcc>1.939923</hAcc><vAcc>1.029151</vAcc></extensions></trkpt>
      <trkpt lon="-117.339640" lat="33.983112"><ele>301.751729</ele><time>2025-04-16T02:23:39Z</time><extensions><speed>0.092503</speed><course>237.802464</course><hAcc>1.934046</hAcc><vAcc>1.030071</vAcc></extensions></trkpt>
      <trkpt lon="-117.339641" lat="33.983112"><ele>301.764046</ele><time>2025-04-16T02:23:40Z</time><extensions><speed>0.114704</speed><course>247.223387</course><hAcc>1.926924</hAcc><vAcc>1.032421</vAcc></extensions></trkpt>
      <trkpt lon="-117.339642" lat="33.983111"><ele>301.774338</ele><time>2025-04-16T02:23:41Z</time><extensions><speed>0.134399</speed><course>253.887716</course><hAcc>1.914220</hAcc><vAcc>1.034813</vAcc></extensions></trkpt>
      <trkpt lon="-117.339644" lat="33.983111"><ele>301.805029</ele><time>2025-04-16T02:23:42Z</time><extensions><speed>0.167761</speed><course>258.864395</course><hAcc>1.895835</hAcc><vAcc>1.037667</vAcc></extensions></trkpt>
      <trkpt lon="-117.339645" lat="33.983111"><ele>301.837130</ele><time>2025-04-16T02:23:43Z</time><extensions><speed>0.104983</speed><course>259.429890</course><hAcc>1.890165</hAcc><vAcc>1.040259</vAcc></extensions></trkpt>
      <trkpt lon="-117.339646" lat="33.983111"><ele>301.865350</ele><time>2025-04-16T02:23:44Z</time><extensions><speed>0.027655</speed><course>257.415163</course><hAcc>1.895443</hAcc><vAcc>1.043378</vAcc></extensions></trkpt>
      <trkpt lon="-117.339646" lat="33.983111"><ele>301.893736</ele><time>2025-04-16T02:23:45Z</time><extensions><speed>0.005556</speed><course>70.642924</course><hAcc>1.898474</hAcc><vAcc>1.046492</vAcc></extensions></trkpt>
      <trkpt lon="-117.339646" lat="33.983111"><ele>301.921986</ele><time>2025-04-16T02:23:46Z</time><extensions><speed>0.016385</speed><course>64.700896</course><hAcc>1.901752</hAcc><vAcc>1.048303</vAcc></extensions></trkpt>
      <trkpt lon="-117.339646" lat="33.983111"><ele>301.939258</ele><time>2025-04-16T02:23:47Z</time><extensions><speed>0.015087</speed><course>45.530615</course><hAcc>1.904864</hAcc><vAcc>1.048789</vAcc></extensions></trkpt>
      <trkpt lon="-117.339646" lat="33.983111"><ele>301.946524</ele><time>2025-04-16T02:23:48Z</time><extensions><speed>0.015010</speed><course>323.937806</course><hAcc>1.907684</hAcc><vAcc>1.052036</vAcc></extensions></trkpt>
      <trkpt lon="-117.339646" lat="33.983111"><ele>301.945173</ele><time>2025-04-16T02:23:49Z</time><extensions><speed>0.018764</speed><course>34.633212</course><hAcc>1.923110</hAcc><vAcc>1.054942</vAcc></extensions></trkpt>
      <trkpt lon="-117.339645" lat="33.983111"><ele>301.939707</ele><time>2025-04-16T02:23:50Z</time><extensions><speed>0.038474</speed><course>61.930888</course><hAcc>1.946953</hAcc><vAcc>1.057494</vAcc></extensions></trkpt>
      <trkpt lon="-117.339645" lat="33.983112"><ele>301.920891</ele><time>2025-04-16T02:23:51Z</time><extensions><speed>0.043531</speed><course>65.638934</course><hAcc>1.966270</hAcc><vAcc>1.059772</vAcc></extensions></trkpt>
      <trkpt lon="-117.339644" lat="33.983112"><ele>301.890402</ele><time>2025-04-16T02:23:52Z</time><extensions><speed>0.032784</speed><course>56.486723</course><hAcc>1.972547</hAcc><vAcc>1.061482</vAcc></extensions></trkpt>
      <trkpt lon="-117.339644" lat="33.983112"><ele>301.857526</ele><time>2025-04-16T02:23:53Z</time><extensions><speed>0.009097</speed><course>357.451373</course><hAcc>1.970283</hAcc><vAcc>1.064080</vAcc></extensions></trkpt>
      <trkpt lon="-117.339644" lat="33.983112"><ele>301.823382</ele><time>2025-04-16T02:23:54Z</time><extensions><speed>0.025985</speed><course>230.734844</course><hAcc>1.963579</hAcc><vAcc>1.065079</vAcc></extensions></trkpt>
      <trkpt lon="-117.339644" lat="33.983111"><ele>301.781903</ele><time>2025-04-16T02:23:55Z</time><extensions><speed>0.061907</speed><course>195.058614</course><hAcc>1.953110</hAcc><vAcc>1.067934</vAcc></extensions></trkpt>
      <trkpt lon="-117.339644" lat="33.983110"><ele>301.720773</ele><time>2025-04-16T02:23:56Z</time><extensions><speed>0.137940</speed><course>190.633088</course><hAcc>1.926269</hAcc><vAcc>1.068047</vAcc></extensions></trkpt>
      <trkpt lon="-117.339645" lat="33.983108"><ele>301.663529</ele><time>2025-04-16T02:23:57Z</time><extensions><speed>0.277069</speed><course>196.012686</course><hAcc>1.878459</hAcc><vAcc>1.068130</vAcc></extensions></trkpt>
      <trkpt lon="-117.339646" lat="33.983105"><ele>301.612824</ele><time>2025-04-16T02:23:58Z</time><extensions><speed>0.495091</speed><course>198.202268</course><hAcc>1.821864</hAcc><vAcc>1.068414</vAcc></extensions></trkpt>
      <trkpt lon="-117.339648" lat="33.983099"><ele>301.576262</ele><time>2025-04-16T02:23:59Z</time><extensions><speed>0.810765</speed><course>198.098124</course><hAcc>1.780287</hAcc><vAcc>1.065398</vAcc></extensions></trkpt>
      <trkpt lon="-117.339651" lat="33.983091"><ele>301.551405</ele><time>2025-04-16T02:24:00Z</time><extensions><speed>1.078360</speed><course>193.553743</course><hAcc>1.755123</hAcc><vAcc>1.061800</vAcc></extensions></trkpt>
      <trkpt lon="-117.339653" lat="33.983080"><ele>301.522976</ele><time>2025-04-16T02:24:01Z</time><extensions><speed>1.270329</speed><course>185.359757</course><hAcc>1.709684</hAcc><vAcc>1.056968</vAcc></extensions></trkpt>
      <trkpt lon="-117.339653" lat="33.983068"><ele>301.496488</ele><time>2025-04-16T02:24:02Z</time><extensions><speed>1.345430</speed><course>180.657435</course><hAcc>1.662301</hAcc><vAcc>1.052067</vAcc></extensions></trkpt>
      <trkpt lon="-117.339653" lat="33.983056"><ele>301.483804</ele><time>2025-04-16T02:24:03Z</time><extensions><speed>1.343572</speed><course>179.477698</course><hAcc>1.630138</hAcc><vAcc>1.044333</vAcc></extensions></trkpt>
      <trkpt lon="-117.339653" lat="33.983044"><ele>301.476384</ele><time>2025-04-16T02:24:04Z</time><extensions><speed>1.343663</speed><course>177.926937</course><hAcc>1.589411</hAcc><vAcc>1.035640</vAcc></extensions></trkpt>
      <trkpt lon="-117.339652" lat="33.983032"><ele>301.456287</ele><time>2025-04-16T02:24:05Z</time><extensions><speed>1.352982</speed><course>176.875313</course><hAcc>1.561803</hAcc><vAcc>1.025738</vAcc></extensions></trkpt>
      <trkpt lon="-117.339651" lat="33.983020"><ele>301.430951</ele><time>2025-04-16T02:24:06Z</time><extensions><speed>1.450417</speed><course>175.910322</course><hAcc>1.516177</hAcc><vAcc>1.015220</vAcc></extensions></trkpt>
      <trkpt lon="-117.339650" lat="33.983006"><ele>301.417912</ele><time>2025-04-16T02:24:07Z</time><extensions><speed>1.506247</speed><course>177.929921</course><hAcc>1.493804</hAcc><vAcc>1.002913</vAcc></extensions></trkpt>
      <trkpt lon="-117.339650" lat="33.982993"><ele>301.405485</ele><time>2025-04-16T02:24:08Z</time><extensions><speed>1.465076</speed><course>180.932659</course><hAcc>1.484823</hAcc><vAcc>0.989917</vAcc></extensions></trkpt>
      <trkpt lon="-117.339651" lat="33.982980"><ele>301.401655</ele><time>2025-04-16T02:24:09Z</time><extensions><speed>1.495186</speed><course>184.314270</course><hAcc>1.444644</hAcc><vAcc>0.975375</vAcc></extensions></trkpt>
      <trkpt lon="-117.339652" lat="33.982966"><ele>301.388913</ele><time>2025-04-16T02:24:10Z</time><extensions><speed>1.439147</speed><course>186.134006</course><hAcc>1.416046</hAcc><vAcc>0.960901</vAcc></extensions></trkpt>
      <trkpt lon="-117.339654" lat="33.982954"><ele>301.388190</ele><time>2025-04-16T02:24:11Z</time><extensions><speed>1.346506</speed><course>187.944574</course><hAcc>1.401709</hAcc><vAcc>0.945712</vAcc></extensions></trkpt>
      <trkpt lon="-117.339656" lat="33.982942"><ele>301.403524</ele><time>2025-04-16T02:24:12Z</time><extensions><speed>1.258747</speed><course>189.064394</course><hAcc>1.403830</hAcc><vAcc>0.930112</vAcc></extensions></trkpt>
      <trkpt lon="-117.339658" lat="33.982932"><ele>301.417854</ele><time>2025-04-16T02:24:13Z</time><extensions><speed>1.090605</speed><course>187.898878</course><hAcc>1.368689</hAcc><vAcc>0.915051</vAcc></extensions></trkpt>
      <trkpt lon="-117.339660" lat="33.982922"><ele>301.432163</ele><time>2025-04-16T02:24:14Z</time><extensions><speed>0.989760</speed><course>189.735353</course><hAcc>1.357441</hAcc><vAcc>0.899617</vAcc></extensions></trkpt>
      <trkpt lon="-117.339661" lat="33.982914"><ele>301.443789</ele><time>2025-04-16T02:24:15Z</time><extensions><speed>0.876802</speed><course>191.050604</course><hAcc>1.355217</hAcc><vAcc>0.884840</vAcc></extensions></trkpt>
      <trkpt lon="-117.339663" lat="33.982907"><ele>301.466806</ele><time>2025-04-16T02:24:16Z</time><extensions><speed>0.826988</speed><course>196.050444</course><hAcc>1.383664</hAcc><vAcc>0.870504</vAcc></extensions></trkpt>
      <trkpt lon="-117.339666" lat="33.982899"><ele>301.487529</ele><time>2025-04-16T02:24:17Z</time><extensions><speed>1.002380</speed><course>196.686117</course><hAcc>1.342724</hAcc><vAcc>0.856690</vAcc></extensions></trkpt>
      <trkpt lon="-117.339669" lat="33.982889"><ele>301.495669</ele><time>2025-04-16T02:24:18Z</time><extensions><speed>1.160002</speed><course>196.586717</course><hAcc>1.329410</hAcc><vAcc>0.843633</vAcc></extensions></trkpt>
      <trkpt lon="-117.339674" lat="33.982879"><ele>301.493311</ele><time>2025-04-16T02:24:19Z</time><extensions><speed>1.338559</speed><course>199.019843</course><hAcc>1.334717</hAcc><vAcc>0.831456</vAcc></extensions></trkpt>
      <trkpt lon="-117.339678" lat="33.982867"><ele>301.496782</ele><time>2025-04-16T02:24:20Z</time><extensions><speed>1.318580</speed><course>198.487229</course><hAcc>1.346881</hAcc><vAcc>0.820255</vAcc></extensions></trkpt>
      <trkpt lon="-117.339682" lat="33.982856"><ele>301.509339</ele><time>2025-04-16T02:24:21Z</time><extensions><speed>1.251900</speed><course>193.126213</course><hAcc>1.321177</hAcc><vAcc>0.810089</vAcc></extensions></trkpt>
      <trkpt lon="-117.339685" lat="33.982846"><ele>301.526054</ele><time>2025-04-16T02:24:22Z</time><extensions><speed>1.130924</speed><course>190.020946</course><hAcc>1.308245</hAcc><vAcc>0.800992</vAcc></extensions></trkpt>
      <trkpt lon="-117.339687" lat="33.982835"><ele>301.527611</ele><time>2025-04-16T02:24:23Z</time><extensions><speed>1.164003</speed><course>188.535616</course><hAcc>1.311339</hAcc><vAcc>0.792963</vAcc></extensions></trkpt>
      <trkpt lon="-117.339688" lat="33.982825"><ele>301.515474</ele><time>2025-04-16T02:24:24Z</time><extensions><speed>1.201296</speed><course>183.251187</course><hAcc>1.294911</hAcc><vAcc>0.785969</vAcc></extensions></trkpt>
      <trkpt lon="-117.339688" lat="33.982814"><ele>301.503517</ele><time>2025-04-16T02:24:25Z</time><extensions><speed>1.224012</speed><course>176.634124</course><hAcc>1.285525</hAcc><vAcc>0.779967</vAcc></extensions></trkpt>
      <trkpt lon="-117.339687" lat="33.982803"><ele>301.493164</ele><time>2025-04-16T02:24:26Z</time><extensions><speed>1.182478</speed><course>173.287591</course><hAcc>1.284097</hAcc><vAcc>0.774894</vAcc></extensions></trkpt>
      <trkpt lon="-117.339685" lat="33.982793"><ele>301.485371</ele><time>2025-04-16T02:24:27Z</time><extensions><speed>1.157426</speed><course>171.813882</course><hAcc>1.272145</hAcc><vAcc>0.770680</vAcc></extensions></trkpt>
      <trkpt lon="-117.339683" lat="33.982782"><ele>301.470223</ele><time>2025-04-16T02:24:28Z</time><extensions><speed>1.211333</speed><course>171.929384</course><hAcc>1.248439</hAcc><vAcc>0.767253</vAcc></extensions></trkpt>
      <trkpt lon="-117.339682" lat="33.982770"><ele>301.460024</ele><time>2025-04-16T02:24:29Z</time><extensions><speed>1.346583</speed><course>174.231723</course><hAcc>1.235863</hAcc><vAcc>0.764527</vAcc></extensions></trkpt>
      <trkpt lon="-117.339680" lat="33.982759"><ele>301.448785</ele><time>2025-04-16T02:24:30Z</time><extensions><speed>1.313866</speed><course>177.296479</course><hAcc>1.252883</hAcc><vAcc>0.762407</vAcc></extensions></trkpt>
      <trkpt lon="-117.339681" lat="33.982747"><ele>301.439501</ele><time>2025-04-16T02:24:31Z</time><extensions><speed>1.227620</speed><course>183.817096</course><hAcc>1.273035</hAcc><vAcc>0.761016</vAcc></extensions></trkpt>
      <trkpt lon="-117.339681" lat="33.982736"><ele>301.434455</ele><time>2025-04-16T02:24:32Z</time><extensions><speed>1.135160</speed><course>183.435728</course><hAcc>1.236158</hAcc><vAcc>0.760248</vAcc></extensions></trkpt>
      <trkpt lon="-117.339682" lat="33.982726"><ele>301.432179</ele><time>2025-04-16T02:24:33Z</time><extensions><speed>1.109890</speed><course>184.857935</course><hAcc>1.226106</hAcc><vAcc>0.759913</vAcc></extensions></trkpt>
      <trkpt lon="-117.339683" lat="33.982716"><ele>301.442568</ele><time>2025-04-16T02:24:34Z</time><extensions><speed>1.266469</speed><course>183.736166</course><hAcc>1.227230</hAcc><vAcc>0.760174</vAcc></extensions></trkpt>
      <trkpt lon="-117.339684" lat="33.982703"><ele>301.461675</ele><time>2025-04-16T02:24:35Z</time><extensions><speed>1.436291</speed><course>184.007343</course><hAcc>1.228175</hAcc><vAcc>0.760443</vAcc></extensions></trkpt>
      <trkpt lon="-117.339685" lat="33.982690"><ele>301.484779</ele><time>2025-04-16T02:24:36Z</time><extensions><speed>1.512493</speed><course>183.357065</course><hAcc>1.228060</hAcc><vAcc>0.760943</vAcc></extensions></trkpt>
      <trkpt lon="-117.339686" lat="33.982677"><ele>301.519421</ele><time>2025-04-16T02:24:37Z</time><extensions><speed>1.352738</speed><course>182.291857</course><hAcc>1.251304</hAcc><vAcc>0.761620</vAcc></extensions></trkpt>
      <trkpt lon="-117.339686" lat="33.982665"><ele>301.558284</ele><time>2025-04-16T02:24:38Z</time><extensions><speed>1.281558</speed><course>178.277396</course><hAcc>1.206538</hAcc><vAcc>0.762478</vAcc></extensions></trkpt>
      <trkpt lon="-117.339686" lat="33.982654"><ele>301.605134</ele><time>2025-04-16T02:24:39Z</time><extensions><speed>1.212277</speed><course>177.260040</course><hAcc>1.185358</hAcc><vAcc>0.763866</vAcc></extensions></trkpt>
      <trkpt lon="-117.339685" lat="33.982643"><ele>301.653285</ele><time>2025-04-16T02:24:40Z</time><extensions><speed>1.197035</speed><course>179.658867</course><hAcc>1.187528</hAcc><vAcc>0.765470</vAcc></extensions></trkpt>
      <trkpt lon="-117.339686" lat="33.982633"><ele>301.697570</ele><time>2025-04-16T02:24:41Z</time><extensions><speed>1.085768</speed><course>184.500749</course><hAcc>1.206873</hAcc><vAcc>0.767150</vAcc></extensions></trkpt>
      <trkpt lon="-117.339687" lat="33.982622"><ele>301.737885</ele><time>2025-04-16T02:24:42Z</time><extensions><speed>1.342591</speed><course>187.546953</course><hAcc>1.181631</hAcc><vAcc>0.769089</vAcc></extensions></trkpt>
      <trkpt lon="-117.339689" lat="33.982610"><ele>301.773510</ele><time>2025-04-16T02:24:43Z</time><extensions><speed>1.420365</speed><course>189.747480</course><hAcc>1.183907</hAcc><vAcc>0.770863</vAcc></extensions></trkpt>
      <trkpt lon="-117.339692" lat="33.982598"><ele>301.810647</ele><time>2025-04-16T02:24:44Z</time><extensions><speed>1.328097</speed><course>193.036898</course><hAcc>1.218564</hAcc><vAcc>0.772778</vAcc></extensions></trkpt>
      <trkpt lon="-117.339696" lat="33.982586"><ele>301.842333</ele><time>2025-04-16T02:24:45Z</time><extensions><speed>1.381050</speed><course>197.877453</course><hAcc>1.198015</hAcc><vAcc>0.774156</vAcc></extensions></trkpt>
      <trkpt lon="-117.339701" lat="33.982574"><ele>301.882728</ele><time>2025-04-16T02:24:46Z</time><extensions><speed>1.349748</speed><course>196.783411</course><hAcc>1.197598</hAcc><vAcc>0.775437</vAcc></extensions></trkpt>
      <trkpt lon="-117.339704" lat="33.982563"><ele>301.913267</ele><time>2025-04-16T02:24:47Z</time><extensions><speed>1.299865</speed><course>193.894495</course><hAcc>1.208167</hAcc><vAcc>0.777284</vAcc></extensions></trkpt>
      <trkpt lon="-117.339707" lat="33.982551"><ele>301.941209</ele><time>2025-04-16T02:24:48Z</time><extensions><speed>1.248134</speed><course>190.257965</course><hAcc>1.217806</hAcc><vAcc>0.778861</vAcc></extensions></trkpt>
      <trkpt lon="-117.339709" lat="33.982540"><ele>301.962269</ele><time>2025-04-16T02:24:49Z</time><extensions><speed>1.215823</speed><course>188.104101</course><hAcc>1.223085</hAcc><vAcc>0.780749</vAcc></extensions></trkpt>
      <trkpt lon="-117.339711" lat="33.982529"><ele>301.973252</ele><time>2025-04-16T02:24:50Z</time><extensions><speed>1.311358</speed><course>187.288517</course><hAcc>1.211708</hAcc><vAcc>0.781855</vAcc></extensions></trkpt>
      <trkpt lon="-117.339713" lat="33.982517"><ele>301.982927</ele><time>2025-04-16T02:24:51Z</time><extensions><speed>1.343841</speed><course>184.454315</course><hAcc>1.208902</hAcc><vAcc>0.783057</vAcc></extensions></trkpt>
      <trkpt lon="-117.339713" lat="33.982505"><ele>301.983598</ele><time>2025-04-16T02:24:52Z</time><extensions><speed>1.306812</speed><course>177.833370</course><hAcc>1.225677</hAcc><vAcc>0.783546</vAcc></extensions></trkpt>
      <trkpt lon="-117.339713" lat="33.982494"><ele>301.983324</ele><time>2025-04-16T02:24:53Z</time><extensions><speed>1.232417</speed><course>180.489378</course><hAcc>1.200945</hAcc><vAcc>0.783884</vAcc></extensions></trkpt>
      <trkpt lon="-117.339713" lat="33.982483"><ele>301.985554</ele><time>2025-04-16T02:24:54Z</time><extensions><speed>1.183572</speed><course>184.688771</course><hAcc>1.198053</hAcc><vAcc>0.783530</vAcc></extensions></trkpt>
      <trkpt lon="-117.339715" lat="33.982472"><ele>301.970592</ele><time>2025-04-16T02:24:55Z</time><extensions><speed>1.298410</speed><course>185.707560</course><hAcc>1.180435</hAcc><vAcc>0.782762</vAcc></extensions></trkpt>
      <trkpt lon="-117.339716" lat="33.982460"><ele>301.957676</ele><time>2025-04-16T02:24:56Z</time><extensions><speed>1.378815</speed><course>183.469160</course><hAcc>1.172972</hAcc><vAcc>0.781910</vAcc></extensions></trkpt>
      <trkpt lon="-117.339716" lat="33.982448"><ele>301.946000</ele><time>2025-04-16T02:24:57Z</time><extensions><speed>1.343890</speed><course>182.601900</course><hAcc>1.185007</hAcc><vAcc>0.781600</vAcc></extensions></trkpt>
      <trkpt lon="-117.339717" lat="33.982435"><ele>301.936486</ele><time>2025-04-16T02:24:58Z</time><extensions><speed>1.408126</speed><course>178.737748</course><hAcc>1.171308</hAcc><vAcc>0.780878</vAcc></extensions></trkpt>
      <trkpt lon="-117.339716" lat="33.982423"><ele>301.932471</ele><time>2025-04-16T02:24:59Z</time><extensions><speed>1.350248</speed><course>175.762332</course><hAcc>1.173021</hAcc><vAcc>0.779979</vAcc></extensions></trkpt>
      <trkpt lon="-117.339714" lat="33.982411"><ele>301.926546</ele><time>2025-04-16T02:25:00Z</time><extensions><speed>1.327065</speed><course>171.689888</course><hAcc>1.165417</hAcc><vAcc>0.779008</vAcc></extensions></trkpt>
      <trkpt lon="-117.339712" lat="33.982399"><ele>301.912466</ele><time>2025-04-16T02:25:01Z</time><extensions><speed>1.224400</speed><course>171.596822</course><hAcc>1.190433</hAcc><vAcc>0.777957</vAcc></extensions></trkpt>
      <trkpt lon="-117.339711" lat="33.982389"><ele>301.909083</ele><time>2025-04-16T02:25:02Z</time><extensions><speed>1.074565</speed><course>175.582510</course><hAcc>1.183189</hAcc><vAcc>0.776804</vAcc></extensions></trkpt>
      <trkpt lon="-117.339710" lat="33.982379"><ele>301.905643</ele><time>2025-04-16T02:25:03Z</time><extensions><speed>1.059425</speed><course>178.265929</course><hAcc>1.192942</hAcc><vAcc>0.775536</vAcc></extensions></trkpt>
      <trkpt lon="-117.339710" lat="33.982370"><ele>301.914463</ele><time>2025-04-16T02:25:04Z</time><extensions><speed>1.022858</speed><course>182.391928</course><hAcc>1.203138</hAcc><vAcc>0.774158</vAcc></extensions></trkpt>
      <trkpt lon="-117.339711" lat="33.982361"><ele>301.935055</ele><time>2025-04-16T02:25:05Z</time><extensions><speed>1.050406</speed><course>180.309569</course><hAcc>1.198600</hAcc><vAcc>0.772697</vAcc></extensions></trkpt>
      <trkpt lon="-117.339711" lat="33.982350"><ele>301.952724</ele><time>2025-04-16T02:25:06Z</time><extensions><speed>1.240648</speed><course>178.822252</course><hAcc>1.210666</hAcc><vAcc>0.771164</vAcc></extensions></trkpt>
      <trkpt lon="-117.339710" lat="33.982339"><ele>301.975835</ele><time>2025-04-16T02:25:07Z</time><extensions><speed>1.235814</speed><course>176.847106</course><hAcc>1.224758</hAcc><vAcc>0.769540</vAcc></extensions></trkpt>
      <trkpt lon="-117.339709" lat="33.982328"><ele>302.007112</ele><time>2025-04-16T02:25:08Z</time><extensions><speed>1.174339</speed><course>173.369364</course><hAcc>1.194289</hAcc><vAcc>0.767820</vAcc></extensions></trkpt>
      <trkpt lon="-117.339707" lat="33.982318"><ele>302.048712</ele><time>2025-04-16T02:25:09Z</time><extensions><speed>1.106150</speed><course>170.679295</course><hAcc>1.177918</hAcc><vAcc>0.766203</vAcc></extensions></trkpt>
      <trkpt lon="-117.339705" lat="33.982308"><ele>302.104139</ele><time>2025-04-16T02:25:10Z</time><extensions><speed>1.148505</speed><course>172.401630</course><hAcc>1.186968</hAcc><vAcc>0.764584</vAcc></extensions></trkpt>
      <trkpt lon="-117.339704" lat="33.982298"><ele>302.171745</ele><time>2025-04-16T02:25:11Z</time><extensions><speed>1.204675</speed><course>174.351580</course><hAcc>1.202701</hAcc><vAcc>0.763120</vAcc></extensions></trkpt>
      <trkpt lon="-117.339703" lat="33.982286"><ele>302.246571</ele><time>2025-04-16T02:25:12Z</time><extensions><speed>1.355390</speed><course>177.339022</course><hAcc>1.195097</hAcc><vAcc>0.761857</vAcc></extensions></trkpt>
      <trkpt lon="-117.339702" lat="33.982274"><ele>302.321431</ele><time>2025-04-16T02:25:13Z</time><extensions><speed>1.404150</speed><course>179.005364</course><hAcc>1.198485</hAcc><vAcc>0.761143</vAcc></extensions></trkpt>
      <trkpt lon="-117.339702" lat="33.982261"><ele>302.381804</ele><time>2025-04-16T02:25:14Z</time><extensions><speed>1.422850</speed><course>180.155239</course><hAcc>1.200792</hAcc><vAcc>0.760534</vAcc></extensions></trkpt>
      <trkpt lon="-117.339703" lat="33.982248"><ele>302.437340</ele><time>2025-04-16T02:25:15Z</time><extensions><speed>1.400924</speed><course>182.412280</course><hAcc>1.200423</hAcc><vAcc>0.760188</vAcc></extensions></trkpt>
      <trkpt lon="-117.339703" lat="33.982236"><ele>302.487201</ele><time>2025-04-16T02:25:16Z</time><extensions><speed>1.316283</speed><course>183.221892</course><hAcc>1.199394</hAcc><vAcc>0.760001</vAcc></extensions></trkpt>
      <trkpt lon="-117.339705" lat="33.982225"><ele>302.519152</ele><time>2025-04-16T02:25:17Z</time><extensions><speed>1.182146</speed><course>186.549799</course><hAcc>1.194322</hAcc><vAcc>0.759981</vAcc></extensions></trkpt>
      <trkpt lon="-117.339706" lat="33.982214"><ele>302.539734</ele><time>2025-04-16T02:25:18Z</time><extensions><speed>1.138426</speed><course>184.776044</course><hAcc>1.190505</hAcc><vAcc>0.760080</vAcc></extensions></trkpt>
      <trkpt lon="-117.339706" lat="33.982204"><ele>302.562739</ele><time>2025-04-16T02:25:19Z</time><extensions><speed>1.228914</speed><course>179.739901</course><hAcc>1.196128</hAcc><vAcc>0.760245</vAcc></extensions></trkpt>
      <trkpt lon="-117.339706" lat="33.982193"><ele>302.579781</ele><time>2025-04-16T02:25:20Z</time><extensions><speed>1.236565</speed><course>178.674002</course><hAcc>1.174043</hAcc><vAcc>0.760423</vAcc></extensions></trkpt>
      <trkpt lon="-117.339706" lat="33.982182"><ele>302.584429</ele><time>2025-04-16T02:25:21Z</time><extensions><speed>1.220505</speed><course>177.262501</course><hAcc>1.157344</hAcc><vAcc>0.760707</vAcc></extensions></trkpt>
      <trkpt lon="-117.339705" lat="33.982171"><ele>302.585416</ele><time>2025-04-16T02:25:22Z</time><extensions><speed>1.232051</speed><course>177.854908</course><hAcc>1.159079</hAcc><vAcc>0.761190</vAcc></extensions></trkpt>
      <trkpt lon="-117.339705" lat="33.982160"><ele>302.586553</ele><time>2025-04-16T02:25:23Z</time><extensions><speed>1.234158</speed><course>178.678986</course><hAcc>1.185558</hAcc><vAcc>0.761414</vAcc></extensions></trkpt>
      <trkpt lon="-117.339705" lat="33.982149"><ele>302.591831</ele><time>2025-04-16T02:25:24Z</time><extensions><speed>1.155808</speed><course>181.026206</course><hAcc>1.165930</hAcc><vAcc>0.761512</vAcc></extensions></trkpt>
      <trkpt lon="-117.339705" lat="33.982138"><ele>302.592297</ele><time>2025-04-16T02:25:25Z</time><extensions><speed>1.171853</speed><course>183.484305</course><hAcc>1.189997</hAcc><vAcc>0.761518</vAcc></extensions></trkpt>
      <trkpt lon="-117.339706" lat="33.982128"><ele>302.598057</ele><time>2025-04-16T02:25:26Z</time><extensions><speed>1.096504</speed><course>182.630074</course><hAcc>1.179229</hAcc><vAcc>0.761988</vAcc></extensions></trkpt>
      <trkpt lon="-117.339706" lat="33.982119"><ele>302.607230</ele><time>2025-04-16T02:25:27Z</time><extensions><speed>1.009045</speed><course>182.777475</course><hAcc>1.181402</hAcc><vAcc>0.762738</vAcc></extensions></trkpt>
      <trkpt lon="-117.339707" lat="33.982109"><ele>302.626868</ele><time>2025-04-16T02:25:28Z</time><extensions><speed>1.035408</speed><course>181.759504</course><hAcc>1.202080</hAcc><vAcc>0.763332</vAcc></extensions></trkpt>
      <trkpt lon="-117.339707" lat="33.982100"><ele>302.641324</ele><time>2025-04-16T02:25:29Z</time><extensions><speed>1.019036</speed><course>179.918035</course><hAcc>1.220365</hAcc><vAcc>0.764454</vAcc></extensions></trkpt>
      <trkpt lon="-117.339707" lat="33.982090"><ele>302.662719</ele><time>2025-04-16T02:25:30Z</time><extensions><speed>1.124553</speed><course>177.484167</course><hAcc>1.226127</hAcc><vAcc>0.765407</vAcc></extensions></trkpt>
      <trkpt lon="-117.339706" lat="33.982080"><ele>302.688933</ele><time>2025-04-16T02:25:31Z</time><extensions><speed>1.076568</speed><course>174.516288</course><hAcc>1.228245</hAcc><vAcc>0.767145</vAcc></extensions></trkpt>
      <trkpt lon="-117.339705" lat="33.982070"><ele>302.726286</ele><time>2025-04-16T02:25:32Z</time><extensions><speed>1.180953</speed><course>174.676905</course><hAcc>1.225337</hAcc><vAcc>0.768648</vAcc></extensions></trkpt>
      <trkpt lon="-117.339704" lat="33.982060"><ele>302.771853</ele><time>2025-04-16T02:25:33Z</time><extensions><speed>1.233856</speed><course>176.380885</course><hAcc>1.215170</hAcc><vAcc>0.769964</vAcc></extensions></trkpt>
      <trkpt lon="-117.339703" lat="33.982048"><ele>302.815413</ele><time>2025-04-16T02:25:34Z</time><extensions><speed>1.228231</speed><course>177.146460</course><hAcc>1.197166</hAcc><vAcc>0.771222</vAcc></extensions></trkpt>
      <trkpt lon="-117.339702" lat="33.982037"><ele>302.863226</ele><time>2025-04-16T02:25:35Z</time><extensions><speed>1.302465</speed><course>175.790693</course><hAcc>1.181483</hAcc><vAcc>0.772356</vAcc></extensions></trkpt>
      <trkpt lon="-117.339701" lat="33.982025"><ele>302.912534</ele><time>2025-04-16T02:25:36Z</time><extensions><speed>1.349604</speed><course>177.169825</course><hAcc>1.196238</hAcc><vAcc>0.773247</vAcc></extensions></trkpt>
      <trkpt lon="-117.339701" lat="33.982013"><ele>302.960063</ele><time>2025-04-16T02:25:37Z</time><extensions><speed>1.409991</speed><course>179.616784</course><hAcc>1.182815</hAcc><vAcc>0.773758</vAcc></extensions></trkpt>
      <trkpt lon="-117.339701" lat="33.982000"><ele>303.007912</ele><time>2025-04-16T02:25:38Z</time><extensions><speed>1.501278</speed><course>180.941438</course><hAcc>1.149321</hAcc><vAcc>0.773810</vAcc></extensions></trkpt>
      <trkpt lon="-117.339701" lat="33.981986"><ele>303.052996</ele><time>2025-04-16T02:25:39Z</time><extensions><speed>1.470572</speed><course>182.434089</course><hAcc>1.148299</hAcc><vAcc>0.773385</vAcc></extensions></trkpt>
      <trkpt lon="-117.339702" lat="33.981973"><ele>303.087707</ele><time>2025-04-16T02:25:40Z</time><extensions><speed>1.438199</speed><course>181.784556</course><hAcc>1.144117</hAcc><vAcc>0.772506</vAcc></extensions></trkpt>
      <trkpt lon="-117.339702" lat="33.981961"><ele>303.118612</ele><time>2025-04-16T02:25:41Z</time><extensions><speed>1.283759</speed><course>179.725971</course><hAcc>1.176380</hAcc><vAcc>0.771216</vAcc></extensions></trkpt>
      <trkpt lon="-117.339702" lat="33.981950"><ele>303.146757</ele><time>2025-04-16T02:25:42Z</time><extensions><speed>1.055315</speed><course>179.311863</course><hAcc>1.141500</hAcc><vAcc>0.769593</vAcc></extensions></trkpt>
      <trkpt lon="-117.339702" lat="33.981941"><ele>303.165317</ele><time>2025-04-16T02:25:43Z</time><extensions><speed>1.030175</speed><course>181.546676</course><hAcc>1.131112</hAcc><vAcc>0.768079</vAcc></extensions></trkpt>
      <trkpt lon="-117.339702" lat="33.981931"><ele>303.179928</ele><time>2025-04-16T02:25:44Z</time><extensions><speed>1.189434</speed><course>182.127581</course><hAcc>1.141578</hAcc><vAcc>0.766438</vAcc></extensions></trkpt>
      <trkpt lon="-117.339703" lat="33.981920"><ele>303.185291</ele><time>2025-04-16T02:25:45Z</time><extensions><speed>1.251827</speed><course>182.368437</course><hAcc>1.172132</hAcc><vAcc>0.765462</vAcc></extensions></trkpt>
      <trkpt lon="-117.339704" lat="33.981908"><ele>303.177256</ele><time>2025-04-16T02:25:46Z</time><extensions><speed>1.427896</speed><course>183.492149</course><hAcc>1.161538</hAcc><vAcc>0.764522</vAcc></extensions></trkpt>
      <trkpt lon="-117.339705" lat="33.981895"><ele>303.156148</ele><time>2025-04-16T02:25:47Z</time><extensions><speed>1.402171</speed><course>184.194494</course><hAcc>1.186862</hAcc><vAcc>0.764942</vAcc></extensions></trkpt>
      <trkpt lon="-117.339705" lat="33.981882"><ele>303.122213</ele><time>2025-04-16T02:25:48Z</time><extensions><speed>1.386455</speed><course>179.603539</course><hAcc>1.182517</hAcc><vAcc>0.766162</vAcc></extensions></trkpt>
      <trkpt lon="-117.339705" lat="33.981870"><ele>303.080616</ele><time>2025-04-16T02:25:49Z</time><extensions><speed>1.276308</speed><course>175.963946</course><hAcc>1.186913</hAcc><vAcc>0.768203</vAcc></extensions></trkpt>
      <trkpt lon="-117.339703" lat="33.981859"><ele>303.033372</ele><time>2025-04-16T02:25:50Z</time><extensions><speed>1.164384</speed><course>172.875448</course><hAcc>1.185685</hAcc><vAcc>0.770987</vAcc></extensions></trkpt>
      <trkpt lon="-117.339702" lat="33.981849"><ele>302.982469</ele><time>2025-04-16T02:25:51Z</time><extensions><speed>1.127906</speed><course>173.112094</course><hAcc>1.179266</hAcc><vAcc>0.774388</vAcc></extensions></trkpt>
      <trkpt lon="-117.339701" lat="33.981838"><ele>302.923921</ele><time>2025-04-16T02:25:52Z</time><extensions><speed>1.237138</speed><course>175.397138</course><hAcc>1.182409</hAcc><vAcc>0.779391</vAcc></extensions></trkpt>
      <trkpt lon="-117.339700" lat="33.981827"><ele>302.864446</ele><time>2025-04-16T02:25:53Z</time><extensions><speed>1.284734</speed><course>179.800432</course><hAcc>1.208381</hAcc><vAcc>0.784141</vAcc></extensions></trkpt>
      <trkpt lon="-117.339701" lat="33.981815"><ele>302.821802</ele><time>2025-04-16T02:25:54Z</time><extensions><speed>1.497505</speed><course>183.931935</course><hAcc>1.184558</hAcc><vAcc>0.789578</vAcc></extensions></trkpt>
      <trkpt lon="-117.339702" lat="33.981801"><ele>302.786081</ele><time>2025-04-16T02:25:55Z</time><extensions><speed>1.433648</speed><course>186.868646</course><hAcc>1.200475</hAcc><vAcc>0.794796</vAcc></extensions></trkpt>
      <trkpt lon="-117.339704" lat="33.981789"><ele>302.749782</ele><time>2025-04-16T02:25:56Z</time><extensions><speed>1.357389</speed><course>189.073517</course><hAcc>1.205581</hAcc><vAcc>0.799605</vAcc></extensions></trkpt>
      <trkpt lon="-117.339706" lat="33.981777"><ele>302.713726</ele><time>2025-04-16T02:25:57Z</time><extensions><speed>1.267309</speed><course>187.165152</course><hAcc>1.228160</hAcc><vAcc>0.804534</vAcc></extensions></trkpt>
      <trkpt lon="-117.339707" lat="33.981766"><ele>302.697303</ele><time>2025-04-16T02:25:58Z</time><extensions><speed>1.221634</speed><course>182.472458</course><hAcc>1.235778</hAcc><vAcc>0.808711</vAcc></extensions></trkpt>
      <trkpt lon="-117.339707" lat="33.981755"><ele>302.706015</ele><time>2025-04-16T02:25:59Z</time><extensions><speed>1.213460</speed><course>180.071340</course><hAcc>1.250779</hAcc><vAcc>0.812234</vAcc></extensions></trkpt>
      <trkpt lon="-117.339707" lat="33.981744"><ele>302.708020</ele><time>2025-04-16T02:26:00Z</time><extensions><speed>1.298447</speed><course>179.870047</course><hAcc>1.256455</hAcc><vAcc>0.815199</vAcc></extensions></trkpt>
      <trkpt lon="-117.339708" lat="33.981731"><ele>302.704360</ele><time>2025-04-16T02:26:01Z</time><extensions><speed>1.404980</speed><course>181.175637</course><hAcc>1.254610</hAcc><vAcc>0.816588</vAcc></extensions></trkpt>
      <trkpt lon="-117.339708" lat="33.981719"><ele>302.704338</ele><time>2025-04-16T02:26:02Z</time><extensions><speed>1.415698</speed><course>183.502161</course><hAcc>1.266572</hAcc><vAcc>0.816714</vAcc></extensions></trkpt>
      <trkpt lon="-117.339709" lat="33.981706"><ele>302.725281</ele><time>2025-04-16T02:26:03Z</time><extensions><speed>1.449335</speed><course>181.782160</course><hAcc>1.243093</hAcc><vAcc>0.815818</vAcc></extensions></trkpt>
      <trkpt lon="-117.339709" lat="33.981693"><ele>302.755317</ele><time>2025-04-16T02:26:04Z</time><extensions><speed>1.372683</speed><course>179.787082</course><hAcc>1.237875</hAcc><vAcc>0.814936</vAcc></extensions></trkpt>
      <trkpt lon="-117.339708" lat="33.981681"><ele>302.805679</ele><time>2025-04-16T02:26:05Z</time><extensions><speed>1.231944</speed><course>173.262428</course><hAcc>1.225041</hAcc><vAcc>0.813163</vAcc></extensions></trkpt>
      <trkpt lon="-117.339706" lat="33.981671"><ele>302.854352</ele><time>2025-04-16T02:26:06Z</time><extensions><speed>1.228619</speed><course>165.998377</course><hAcc>1.211950</hAcc><vAcc>0.810631</vAcc></extensions></trkpt>
      <trkpt lon="-117.339702" lat="33.981660"><ele>302.902035</ele><time>2025-04-16T02:26:07Z</time><extensions><speed>1.270361</speed><course>162.778843</course><hAcc>1.212608</hAcc><vAcc>0.807653</vAcc></extensions></trkpt>
      <trkpt lon="-117.339698" lat="33.981648"><ele>302.955677</ele><time>2025-04-16T02:26:08Z</time><extensions><speed>1.398122</speed><course>162.147588</course><hAcc>1.204702</hAcc><vAcc>0.804250</vAcc></extensions></trkpt>
      <trkpt lon="-117.339694" lat="33.981636"><ele>303.016449</ele><time>2025-04-16T02:26:09Z</time><extensions><speed>1.323261</speed><course>166.596790</course><hAcc>1.215770</hAcc><vAcc>0.800608</vAcc></extensions></trkpt>
      <trkpt lon="-117.339691" lat="33.981625"><ele>303.076433</ele><time>2025-04-16T02:26:10Z</time><extensions><speed>1.262354</speed><course>166.838943</course><hAcc>1.231047</hAcc><vAcc>0.796514</vAcc></extensions></trkpt>
      <trkpt lon="-117.339688" lat="33.981614"><ele>303.142351</ele><time>2025-04-16T02:26:11Z</time><extensions><speed>1.168537</speed><course>172.825063</course><hAcc>1.201712</hAcc><vAcc>0.792196</vAcc></extensions></trkpt>
      <trkpt lon="-117.339687" lat="33.981604"><ele>303.207909</ele><time>2025-04-16T02:26:12Z</time><extensions><speed>1.203095</speed><course>180.216441</course><hAcc>1.199523</hAcc><vAcc>0.788009</vAcc></extensions></trkpt>
      <trkpt lon="-117.339688" lat="33.981592"><ele>303.278069</ele><time>2025-04-16T02:26:13Z</time><extensions><speed>1.357140</speed><course>185.172914</course><hAcc>1.223079</hAcc><vAcc>0.784494</vAcc></extensions></trkpt>
      <trkpt lon="-117.339689" lat="33.981580"><ele>303.336407</ele><time>2025-04-16T02:26:14Z</time><extensions><speed>1.307752</speed><course>185.985073</course><hAcc>1.262040</hAcc><vAcc>0.781140</vAcc></extensions></trkpt>
      <trkpt lon="-117.339690" lat="33.981569"><ele>303.393009</ele><time>2025-04-16T02:26:15Z</time><extensions><speed>1.206232</speed><course>179.179853</course><hAcc>1.225602</hAcc><vAcc>0.778445</vAcc></extensions></trkpt>
      <trkpt lon="-117.339690" lat="33.981558"><ele>303.457357</ele><time>2025-04-16T02:26:16Z</time><extensions><speed>1.166906</speed><course>176.802732</course><hAcc>1.216111</hAcc><vAcc>0.776133</vAcc></extensions></trkpt>
      <trkpt lon="-117.339689" lat="33.981548"><ele>303.525075</ele><time>2025-04-16T02:26:17Z</time><extensions><speed>1.146353</speed><course>175.903929</course><hAcc>1.219657</hAcc><vAcc>0.774189</vAcc></extensions></trkpt>
      <trkpt lon="-117.339688" lat="33.981537"><ele>303.590945</ele><time>2025-04-16T02:26:18Z</time><extensions><speed>1.273539</speed><course>176.539912</course><hAcc>1.222602</hAcc><vAcc>0.773052</vAcc></extensions></trkpt>
      <trkpt lon="-117.339687" lat="33.981525"><ele>303.649859</ele><time>2025-04-16T02:26:19Z</time><extensions><speed>1.417614</speed><course>177.128135</course><hAcc>1.225577</hAcc><vAcc>0.772617</vAcc></extensions></trkpt>
      <trkpt lon="-117.339687" lat="33.981512"><ele>303.702002</ele><time>2025-04-16T02:26:20Z</time><extensions><speed>1.447326</speed><course>178.385023</course><hAcc>1.208829</hAcc><vAcc>0.772382</vAcc></extensions></trkpt>
      <trkpt lon="-117.339686" lat="33.981499"><ele>303.749821</ele><time>2025-04-16T02:26:21Z</time><extensions><speed>1.348865</speed><course>178.385664</course><hAcc>1.200037</hAcc><vAcc>0.772426</vAcc></extensions></trkpt>
      <trkpt lon="-117.339686" lat="33.981488"><ele>303.798352</ele><time>2025-04-16T02:26:22Z</time><extensions><speed>1.239394</speed><course>177.455567</course><hAcc>1.210601</hAcc><vAcc>0.772725</vAcc></extensions></trkpt>
      <trkpt lon="-117.339685" lat="33.981477"><ele>303.843641</ele><time>2025-04-16T02:26:23Z</time><extensions><speed>1.166783</speed><course>177.079396</course><hAcc>1.228427</hAcc><vAcc>0.772873</vAcc></extensions></trkpt>
      <trkpt lon="-117.339684" lat="33.981466"><ele>303.885166</ele><time>2025-04-16T02:26:24Z</time><extensions><speed>1.212231</speed><course>178.632494</course><hAcc>1.197734</hAcc><vAcc>0.772785</vAcc></extensions></trkpt>
      <trkpt lon="-117.339684" lat="33.981455"><ele>303.924708</ele><time>2025-04-16T02:26:25Z</time><extensions><speed>1.239566</speed><course>179.065955</course><hAcc>1.191883</hAcc><vAcc>0.772378</vAcc></extensions></trkpt>
      <trkpt lon="-117.339684" lat="33.981444"><ele>303.965912</ele><time>2025-04-16T02:26:26Z</time><extensions><speed>1.257939</speed><course>179.642721</course><hAcc>1.197163</hAcc><vAcc>0.771642</vAcc></extensions></trkpt>
      <trkpt lon="-117.339684" lat="33.981432"><ele>304.003464</ele><time>2025-04-16T02:26:27Z</time><extensions><speed>1.261730</speed><course>180.400841</course><hAcc>1.197184</hAcc><vAcc>0.770626</vAcc></extensions></trkpt>
      <trkpt lon="-117.339684" lat="33.981421"><ele>304.038832</ele><time>2025-04-16T02:26:28Z</time><extensions><speed>1.221575</speed><course>182.707398</course><hAcc>1.203252</hAcc><vAcc>0.769394</vAcc></extensions></trkpt>
      <trkpt lon="-117.339685" lat="33.981410"><ele>304.073439</ele><time>2025-04-16T02:26:29Z</time><extensions><speed>1.150545</speed><course>181.470861</course><hAcc>1.201443</hAcc><vAcc>0.767999</vAcc></extensions></trkpt>
      <trkpt lon="-117.339685" lat="33.981400"><ele>304.107512</ele><time>2025-04-16T02:26:30Z</time><extensions><speed>1.115591</speed><course>178.753279</course><hAcc>1.175518</hAcc><vAcc>0.766504</vAcc></extensions></trkpt>
      <trkpt lon="-117.339685" lat="33.981390"><ele>304.129745</ele><time>2025-04-16T02:26:31Z</time><extensions><speed>1.074988</speed><course>177.262266</course><hAcc>1.176418</hAcc><vAcc>0.764998</vAcc></extensions></trkpt>
      <trkpt lon="-117.339684" lat="33.981381"><ele>304.141774</ele><time>2025-04-16T02:26:32Z</time><extensions><speed>1.085517</speed><course>179.303023</course><hAcc>1.190276</hAcc><vAcc>0.763554</vAcc></extensions></trkpt>
      <trkpt lon="-117.339684" lat="33.981370"><ele>304.153227</ele><time>2025-04-16T02:26:33Z</time><extensions><speed>1.167084</speed><course>180.349949</course><hAcc>1.180550</hAcc><vAcc>0.762223</vAcc></extensions></trkpt>
      <trkpt lon="-117.339684" lat="33.981359"><ele>304.163395</ele><time>2025-04-16T02:26:34Z</time><extensions><speed>1.266218</speed><course>181.934410</course><hAcc>1.182669</hAcc><vAcc>0.761042</vAcc></extensions></trkpt>
      <trkpt lon="-117.339685" lat="33.981348"><ele>304.164530</ele><time>2025-04-16T02:26:35Z</time><extensions><speed>1.347826</speed><course>184.261154</course><hAcc>1.186931</hAcc><vAcc>0.760033</vAcc></extensions></trkpt>
      <trkpt lon="-117.339686" lat="33.981335"><ele>304.168817</ele><time>2025-04-16T02:26:36Z</time><extensions><speed>1.363731</speed><course>184.174703</course><hAcc>1.190930</hAcc><vAcc>0.759200</vAcc></extensions></trkpt>
      <trkpt lon="-117.339687" lat="33.981323"><ele>304.168619</ele><time>2025-04-16T02:26:37Z</time><extensions><speed>1.302030</speed><course>182.009185</course><hAcc>1.194339</hAcc><vAcc>0.758532</vAcc></extensions></trkpt>
      <trkpt lon="-117.339688" lat="33.981312"><ele>304.158237</ele><time>2025-04-16T02:26:38Z</time><extensions><speed>1.180290</speed><course>182.229202</course><hAcc>1.188008</hAcc><vAcc>0.758013</vAcc></extensions></trkpt>
      <trkpt lon="-117.339688" lat="33.981302"><ele>304.134946</ele><time>2025-04-16T02:26:39Z</time><extensions><speed>1.059971</speed><course>185.530233</course><hAcc>1.168466</hAcc><vAcc>0.757620</vAcc></extensions></trkpt>
      <trkpt lon="-117.339690" lat="33.981293"><ele>304.108160</ele><time>2025-04-16T02:26:40Z</time><extensions><speed>0.970457</speed><course>188.159076</course><hAcc>1.136399</hAcc><vAcc>0.757333</vAcc></extensions></trkpt>
      <trkpt lon="-117.339691" lat="33.981284"><ele>304.079840</ele><time>2025-04-16T02:26:41Z</time><extensions><speed>1.079947</speed><course>188.059074</course><hAcc>1.145460</hAcc><vAcc>0.757128</vAcc></extensions></trkpt>
      <trkpt lon="-117.339693" lat="33.981273"><ele>304.049178</ele><time>2025-04-16T02:26:42Z</time><extensions><speed>1.297560</speed><course>186.079682</course><hAcc>1.145108</hAcc><vAcc>0.756987</vAcc></extensions></trkpt>
      <trkpt lon="-117.339694" lat="33.981261"><ele>304.009782</ele><time>2025-04-16T02:26:43Z</time><extensions><speed>1.404919</speed><course>184.364570</course><hAcc>1.114084</hAcc><vAcc>0.756893</vAcc></extensions></trkpt>
      <trkpt lon="-117.339695" lat="33.981249"><ele>303.958239</ele><time>2025-04-16T02:26:44Z</time><extensions><speed>1.304526</speed><course>179.985439</course><hAcc>1.129534</hAcc><vAcc>0.756833</vAcc></extensions></trkpt>
      <trkpt lon="-117.339694" lat="33.981237"><ele>303.903269</ele><time>2025-04-16T02:26:45Z</time><extensions><speed>1.271695</speed><course>175.909731</course><hAcc>1.119574</hAcc><vAcc>0.756796</vAcc></extensions></trkpt>
      <trkpt lon="-117.339693" lat="33.981226"><ele>303.857874</ele><time>2025-04-16T02:26:46Z</time><extensions><speed>1.176705</speed><course>173.205705</course><hAcc>1.129834</hAcc><vAcc>0.756775</vAcc></extensions></trkpt>
      <trkpt lon="-117.339691" lat="33.981216"><ele>303.792923</ele><time>2025-04-16T02:26:47Z</time><extensions><speed>1.041598</speed><course>171.487051</course><hAcc>1.137918</hAcc><vAcc>0.756764</vAcc></extensions></trkpt>
      <trkpt lon="-117.339690" lat="33.981207"><ele>303.723913</ele><time>2025-04-16T02:26:48Z</time><extensions><speed>1.053494</speed><course>175.871448</course><hAcc>1.141280</hAcc><vAcc>0.756758</vAcc></extensions></trkpt>
      <trkpt lon="-117.339690" lat="33.981197"><ele>303.654839</ele><time>2025-04-16T02:26:49Z</time><extensions><speed>1.136721</speed><course>180.191831</course><hAcc>1.140980</hAcc><vAcc>0.756756</vAcc></extensions></trkpt>
      <trkpt lon="-117.339690" lat="33.981186"><ele>303.590188</ele><time>2025-04-16T02:26:50Z</time><extensions><speed>1.326152</speed><course>181.557974</course><hAcc>1.143167</hAcc><vAcc>0.756755</vAcc></extensions></trkpt>
      <trkpt lon="-117.339690" lat="33.981174"><ele>303.519559</ele><time>2025-04-16T02:26:51Z</time><extensions><speed>1.391800</speed><course>181.827349</course><hAcc>1.144893</hAcc><vAcc>0.756755</vAcc></extensions></trkpt>
      <trkpt lon="-117.339691" lat="33.981162"><ele>303.454588</ele><time>2025-04-16T02:26:52Z</time><extensions><speed>1.301845</speed><course>179.516776</course><hAcc>1.159250</hAcc><vAcc>0.756754</vAcc></extensions></trkpt>
      <trkpt lon="-117.339690" lat="33.981150"><ele>303.398427</ele><time>2025-04-16T02:26:53Z</time><extensions><speed>1.261575</speed><course>178.260200</course><hAcc>1.155490</hAcc><vAcc>0.756754</vAcc></extensions></trkpt>
      <trkpt lon="-117.339690" lat="33.981139"><ele>303.343542</ele><time>2025-04-16T02:26:54Z</time><extensions><speed>1.173286</speed><course>181.472853</course><hAcc>1.159646</hAcc><vAcc>0.756753</vAcc></extensions></trkpt>
      <trkpt lon="-117.339691" lat="33.981129"><ele>303.286226</ele><time>2025-04-16T02:26:55Z</time><extensions><speed>1.148640</speed><course>183.881267</course><hAcc>1.176951</hAcc><vAcc>0.756752</vAcc></extensions></trkpt>
      <trkpt lon="-117.339692" lat="33.981118"><ele>303.234835</ele><time>2025-04-16T02:26:56Z</time><extensions><speed>1.270565</speed><course>186.816502</course><hAcc>1.196046</hAcc><vAcc>0.756751</vAcc></extensions></trkpt>
      <trkpt lon="-117.339694" lat="33.981106"><ele>303.179726</ele><time>2025-04-16T02:26:57Z</time><extensions><speed>1.281822</speed><course>186.612250</course><hAcc>1.220872</hAcc><vAcc>0.756749</vAcc></extensions></trkpt>
      <trkpt lon="-117.339695" lat="33.981095"><ele>303.129231</ele><time>2025-04-16T02:26:58Z</time><extensions><speed>1.197092</speed><course>188.251546</course><hAcc>1.233094</hAcc><vAcc>0.756748</vAcc></extensions></trkpt>
      <trkpt lon="-117.339697" lat="33.981084"><ele>303.085640</ele><time>2025-04-16T02:26:59Z</time><extensions><speed>1.287563</speed><course>188.851188</course><hAcc>1.240370</hAcc><vAcc>0.756747</vAcc></extensions></trkpt>
      <trkpt lon="-117.339699" lat="33.981073"><ele>303.055078</ele><time>2025-04-16T02:27:00Z</time><extensions><speed>1.240772</speed><course>184.877849</course><hAcc>1.239220</hAcc><vAcc>0.756746</vAcc></extensions></trkpt>
      <trkpt lon="-117.339700" lat="33.981062"><ele>303.025248</ele><time>2025-04-16T02:27:01Z</time><extensions><speed>1.125308</speed><course>179.004298</course><hAcc>1.233882</hAcc><vAcc>0.756745</vAcc></extensions></trkpt>
      <trkpt lon="-117.339699" lat="33.981053"><ele>303.008111</ele><time>2025-04-16T02:27:02Z</time><extensions><speed>1.014978</speed><course>174.369300</course><hAcc>1.237078</hAcc><vAcc>0.756744</vAcc></extensions></trkpt>
      <trkpt lon="-117.339697" lat="33.981043"><ele>302.998255</ele><time>2025-04-16T02:27:03Z</time><extensions><speed>1.076485</speed><course>169.149939</course><hAcc>1.242396</hAcc><vAcc>0.757005</vAcc></extensions></trkpt>
      <trkpt lon="-117.339695" lat="33.981033"><ele>302.994422</ele><time>2025-04-16T02:27:04Z</time><extensions><speed>1.182034</speed><course>169.584628</course><hAcc>1.241475</hAcc><vAcc>0.757124</vAcc></extensions></trkpt>
      <trkpt lon="-117.339693" lat="33.981023"><ele>303.002574</ele><time>2025-04-16T02:27:05Z</time><extensions><speed>1.104146</speed><course>174.401171</course><hAcc>1.237718</hAcc><vAcc>0.757267</vAcc></extensions></trkpt>
      <trkpt lon="-117.339693" lat="33.981014"><ele>303.025049</ele><time>2025-04-16T02:27:06Z</time><extensions><speed>0.945795</speed><course>182.238829</course><hAcc>1.234556</hAcc><vAcc>0.757433</vAcc></extensions></trkpt>
      <trkpt lon="-117.339694" lat="33.981005"><ele>303.045649</ele><time>2025-04-16T02:27:07Z</time><extensions><speed>0.933487</speed><course>186.915389</course><hAcc>1.222859</hAcc><vAcc>0.757619</vAcc></extensions></trkpt>
      <trkpt lon="-117.339695" lat="33.980997"><ele>303.066218</ele><time>2025-04-16T02:27:08Z</time><extensions><speed>1.013915</speed><course>187.170839</course><hAcc>1.224415</hAcc><vAcc>0.757822</vAcc></extensions></trkpt>
      <trkpt lon="-117.339696" lat="33.980987"><ele>303.085127</ele><time>2025-04-16T02:27:09Z</time><extensions><speed>1.176761</speed><course>184.846321</course><hAcc>1.245244</hAcc><vAcc>0.758030</vAcc></extensions></trkpt>
      <trkpt lon="-117.339697" lat="33.980976"><ele>303.110819</ele><time>2025-04-16T02:27:10Z</time><extensions><speed>1.287815</speed><course>182.997987</course><hAcc>1.257585</hAcc><vAcc>0.758231</vAcc></extensions></trkpt>
      <trkpt lon="-117.339698" lat="33.980964"><ele>303.140072</ele><time>2025-04-16T02:27:11Z</time><extensions><speed>1.412503</speed><course>181.558018</course><hAcc>1.244250</hAcc><vAcc>0.758835</vAcc></extensions></trkpt>
      <trkpt lon="-117.339698" lat="33.980950"><ele>303.174341</ele><time>2025-04-16T02:27:12Z</time><extensions><speed>1.527314</speed><course>179.660364</course><hAcc>1.260376</hAcc><vAcc>0.760216</vAcc></extensions></trkpt>
      <trkpt lon="-117.339697" lat="33.980937"><ele>303.219327</ele><time>2025-04-16T02:27:13Z</time><extensions><speed>1.338642</speed><course>175.594578</course><hAcc>1.294496</hAcc><vAcc>0.761836</vAcc></extensions></trkpt>
      <trkpt lon="-117.339696" lat="33.980926"><ele>303.272203</ele><time>2025-04-16T02:27:14Z</time><extensions><speed>1.267312</speed><course>173.544425</course><hAcc>1.291137</hAcc><vAcc>0.763591</vAcc></extensions></trkpt>
      <trkpt lon="-117.339695" lat="33.980914"><ele>303.325667</ele><time>2025-04-16T02:27:15Z</time><extensions><speed>1.286702</speed><course>176.682876</course><hAcc>1.299789</hAcc><vAcc>0.765116</vAcc></extensions></trkpt>
      <trkpt lon="-117.339694" lat="33.980902"><ele>303.356952</ele><time>2025-04-16T02:27:16Z</time><extensions><speed>1.329278</speed><course>179.727678</course><hAcc>1.313067</hAcc><vAcc>0.766739</vAcc></extensions></trkpt>
      <trkpt lon="-117.339694" lat="33.980890"><ele>303.379367</ele><time>2025-04-16T02:27:17Z</time><extensions><speed>1.342306</speed><course>181.517563</course><hAcc>1.327792</hAcc><vAcc>0.768518</vAcc></extensions></trkpt>
      <trkpt lon="-117.339694" lat="33.980879"><ele>303.397476</ele><time>2025-04-16T02:27:18Z</time><extensions><speed>1.217331</speed><course>177.270879</course><hAcc>1.326351</hAcc><vAcc>0.770401</vAcc></extensions></trkpt>
      <trkpt lon="-117.339693" lat="33.980868"><ele>303.409614</ele><time>2025-04-16T02:27:19Z</time><extensions><speed>1.164196</speed><course>173.728443</course><hAcc>1.310449</hAcc><vAcc>0.772556</vAcc></extensions></trkpt>
      <trkpt lon="-117.339692" lat="33.980858"><ele>303.438510</ele><time>2025-04-16T02:27:20Z</time><extensions><speed>1.143992</speed><course>172.963913</course><hAcc>1.302214</hAcc><vAcc>0.774906</vAcc></extensions></trkpt>
      <trkpt lon="-117.339691" lat="33.980848"><ele>303.463727</ele><time>2025-04-16T02:27:21Z</time><extensions><speed>1.088956</speed><course>176.204046</course><hAcc>1.309666</hAcc><vAcc>0.776986</vAcc></extensions></trkpt>
      <trkpt lon="-117.339691" lat="33.980838"><ele>303.487970</ele><time>2025-04-16T02:27:22Z</time><extensions><speed>0.985916</speed><course>183.116278</course><hAcc>1.336049</hAcc><vAcc>0.778694</vAcc></extensions></trkpt>
      <trkpt lon="-117.339692" lat="33.980829"><ele>303.522197</ele><time>2025-04-16T02:27:23Z</time><extensions><speed>1.094886</speed><course>185.373961</course><hAcc>1.299025</hAcc><vAcc>0.779541</vAcc></extensions></trkpt>
      <trkpt lon="-117.339693" lat="33.980819"><ele>303.550676</ele><time>2025-04-16T02:27:24Z</time><extensions><speed>1.202299</speed><course>185.512261</course><hAcc>1.302021</hAcc><vAcc>0.779882</vAcc></extensions></trkpt>
      <trkpt lon="-117.339694" lat="33.980807"><ele>303.577102</ele><time>2025-04-16T02:27:25Z</time><extensions><speed>1.315912</speed><course>183.846939</course><hAcc>1.321455</hAcc><vAcc>0.779792</vAcc></extensions></trkpt>
      <trkpt lon="-117.339695" lat="33.980795"><ele>303.607637</ele><time>2025-04-16T02:27:26Z</time><extensions><speed>1.456469</speed><course>183.661211</course><hAcc>1.345322</hAcc><vAcc>0.780060</vAcc></extensions></trkpt>
      <trkpt lon="-117.339696" lat="33.980782"><ele>303.633776</ele><time>2025-04-16T02:27:27Z</time><extensions><speed>1.328093</speed><course>185.258712</course><hAcc>1.366091</hAcc><vAcc>0.780510</vAcc></extensions></trkpt>
      <trkpt lon="-117.339697" lat="33.980770"><ele>303.662806</ele><time>2025-04-16T02:27:28Z</time><extensions><speed>1.297553</speed><course>187.038217</course><hAcc>1.382845</hAcc><vAcc>0.781120</vAcc></extensions></trkpt>
      <trkpt lon="-117.339699" lat="33.980759"><ele>303.690018</ele><time>2025-04-16T02:27:29Z</time><extensions><speed>1.281434</speed><course>183.547220</course><hAcc>1.393145</hAcc><vAcc>0.781980</vAcc></extensions></trkpt>
      <trkpt lon="-117.339700" lat="33.980748"><ele>303.734907</ele><time>2025-04-16T02:27:30Z</time><extensions><speed>1.181296</speed><course>184.950271</course><hAcc>1.394646</hAcc><vAcc>0.783177</vAcc></extensions></trkpt>
      <trkpt lon="-117.339701" lat="33.980738"><ele>303.772104</ele><time>2025-04-16T02:27:31Z</time><extensions><speed>1.071189</speed><course>187.778134</course><hAcc>1.403929</hAcc><vAcc>0.785294</vAcc></extensions></trkpt>
      <trkpt lon="-117.339703" lat="33.980728"><ele>303.804593</ele><time>2025-04-16T02:27:32Z</time><extensions><speed>1.104756</speed><course>188.071247</course><hAcc>1.402675</hAcc><vAcc>0.787726</vAcc></extensions></trkpt>
      <trkpt lon="-117.339704" lat="33.980718"><ele>303.835426</ele><time>2025-04-16T02:27:33Z</time><extensions><speed>1.174464</speed><course>185.844584</course><hAcc>1.393296</hAcc><vAcc>0.790510</vAcc></extensions></trkpt>
      <trkpt lon="-117.339705" lat="33.980707"><ele>303.863332</ele><time>2025-04-16T02:27:34Z</time><extensions><speed>1.179083</speed><course>184.190889</course><hAcc>1.393943</hAcc><vAcc>0.793855</vAcc></extensions></trkpt>
      <trkpt lon="-117.339706" lat="33.980697"><ele>303.893088</ele><time>2025-04-16T02:27:35Z</time><extensions><speed>1.147909</speed><course>183.182848</course><hAcc>1.387503</hAcc><vAcc>0.796768</vAcc></extensions></trkpt>
      <trkpt lon="-117.339707" lat="33.980686"><ele>303.929680</ele><time>2025-04-16T02:27:36Z</time><extensions><speed>1.274345</speed><course>183.653982</course><hAcc>1.377689</hAcc><vAcc>0.799253</vAcc></extensions></trkpt>
      <trkpt lon="-117.339708" lat="33.980674"><ele>303.981299</ele><time>2025-04-16T02:27:37Z</time><extensions><speed>1.300559</speed><course>185.248723</course><hAcc>1.360297</hAcc><vAcc>0.801983</vAcc></extensions></trkpt>
      <trkpt lon="-117.339710" lat="33.980663"><ele>304.032805</ele><time>2025-04-16T02:27:38Z</time><extensions><speed>1.274557</speed><course>186.810530</course><hAcc>1.339358</hAcc><vAcc>0.805420</vAcc></extensions></trkpt>
      <trkpt lon="-117.339711" lat="33.980651"><ele>304.082726</ele><time>2025-04-16T02:27:39Z</time><extensions><speed>1.264219</speed><course>187.344848</course><hAcc>1.313381</hAcc><vAcc>0.808668</vAcc></extensions></trkpt>
      <trkpt lon="-117.339713" lat="33.980640"><ele>304.138205</ele><time>2025-04-16T02:27:40Z</time><extensions><speed>1.226800</speed><course>184.747309</course><hAcc>1.291869</hAcc><vAcc>0.812204</vAcc></extensions></trkpt>
      <trkpt lon="-117.339714" lat="33.980629"><ele>304.195252</ele><time>2025-04-16T02:27:41Z</time><extensions><speed>1.119805</speed><course>182.678235</course><hAcc>1.295772</hAcc><vAcc>0.816105</vAcc></extensions></trkpt>
      <trkpt lon="-117.339714" lat="33.980619"><ele>304.261391</ele><time>2025-04-16T02:27:42Z</time><extensions><speed>1.084369</speed><course>182.438531</course><hAcc>1.265385</hAcc><vAcc>0.818466</vAcc></extensions></trkpt>
      <trkpt lon="-117.339714" lat="33.980610"><ele>304.313794</ele><time>2025-04-16T02:27:43Z</time><extensions><speed>1.098457</speed><course>180.687956</course><hAcc>1.271757</hAcc><vAcc>0.819293</vAcc></extensions></trkpt>
      <trkpt lon="-117.339715" lat="33.980599"><ele>304.359240</ele><time>2025-04-16T02:27:44Z</time><extensions><speed>1.199144</speed><course>180.864717</course><hAcc>1.274341</hAcc><vAcc>0.820506</vAcc></extensions></trkpt>
      <trkpt lon="-117.339715" lat="33.980588"><ele>304.398588</ele><time>2025-04-16T02:27:45Z</time><extensions><speed>1.361824</speed><course>180.193777</course><hAcc>1.243589</hAcc><vAcc>0.820712</vAcc></extensions></trkpt>
      <trkpt lon="-117.339715" lat="33.980575"><ele>304.441014</ele><time>2025-04-16T02:27:46Z</time><extensions><speed>1.434193</speed><course>182.152706</course><hAcc>1.238238</hAcc><vAcc>0.820648</vAcc></extensions></trkpt>
      <trkpt lon="-117.339716" lat="33.980562"><ele>304.482975</ele><time>2025-04-16T02:27:47Z</time><extensions><speed>1.428943</speed><course>184.023541</course><hAcc>1.251554</hAcc><vAcc>0.819897</vAcc></extensions></trkpt>
      <trkpt lon="-117.339717" lat="33.980550"><ele>304.508741</ele><time>2025-04-16T02:27:48Z</time><extensions><speed>1.327926</speed><course>184.952041</course><hAcc>1.283107</hAcc><vAcc>0.819281</vAcc></extensions></trkpt>
      <trkpt lon="-117.339718" lat="33.980538"><ele>304.530968</ele><time>2025-04-16T02:27:49Z</time><extensions><speed>1.253171</speed><course>183.258893</course><hAcc>1.259804</hAcc><vAcc>0.818095</vAcc></extensions></trkpt>
      <trkpt lon="-117.339718" lat="33.980527"><ele>304.545120</ele><time>2025-04-16T02:27:50Z</time><extensions><speed>1.249909</speed><course>177.895502</course><hAcc>1.258039</hAcc><vAcc>0.815592</vAcc></extensions></trkpt>
      <trkpt lon="-117.339717" lat="33.980516"><ele>304.555857</ele><time>2025-04-16T02:27:51Z</time><extensions><speed>1.259884</speed><course>176.188942</course><hAcc>1.279177</hAcc><vAcc>0.812332</vAcc></extensions></trkpt>
      <trkpt lon="-117.339716" lat="33.980504"><ele>304.550328</ele><time>2025-04-16T02:27:52Z</time><extensions><speed>1.227721</speed><course>174.426352</course><hAcc>1.257104</hAcc><vAcc>0.808537</vAcc></extensions></trkpt>
      <trkpt lon="-117.339715" lat="33.980494"><ele>304.529449</ele><time>2025-04-16T02:27:53Z</time><extensions><speed>1.094791</speed><course>173.869061</course><hAcc>1.248687</hAcc><vAcc>0.804444</vAcc></extensions></trkpt>
      <trkpt lon="-117.339714" lat="33.980485"><ele>304.502822</ele><time>2025-04-16T02:27:54Z</time><extensions><speed>1.001707</speed><course>175.737164</course><hAcc>1.265600</hAcc><vAcc>0.800090</vAcc></extensions></trkpt>
      <trkpt lon="-117.339713" lat="33.980475"><ele>304.456215</ele><time>2025-04-16T02:27:55Z</time><extensions><speed>1.081191</speed><course>171.897201</course><hAcc>1.248210</hAcc><vAcc>0.795743</vAcc></extensions></trkpt>
      <trkpt lon="-117.339711" lat="33.980466"><ele>304.390454</ele><time>2025-04-16T02:27:56Z</time><extensions><speed>1.066128</speed><course>170.564079</course><hAcc>1.239548</hAcc><vAcc>0.791493</vAcc></extensions></trkpt>
      <trkpt lon="-117.339709" lat="33.980456"><ele>304.323717</ele><time>2025-04-16T02:27:57Z</time><extensions><speed>0.987925</speed><course>173.606697</course><hAcc>1.235101</hAcc><vAcc>0.787392</vAcc></extensions></trkpt>
      <trkpt lon="-117.339709" lat="33.980447"><ele>304.264725</ele><time>2025-04-16T02:27:58Z</time><extensions><speed>1.031330</speed><course>179.725746</course><hAcc>1.264995</hAcc><vAcc>0.783443</vAcc></extensions></trkpt>
      <trkpt lon="-117.339709" lat="33.980438"><ele>304.198843</ele><time>2025-04-16T02:27:59Z</time><extensions><speed>1.140698</speed><course>182.199459</course><hAcc>1.262081</hAcc><vAcc>0.779640</vAcc></extensions></trkpt>
      <trkpt lon="-117.339709" lat="33.980427"><ele>304.134405</ele><time>2025-04-16T02:28:00Z</time><extensions><speed>1.148963</speed><course>182.036814</course><hAcc>1.232534</hAcc><vAcc>0.776025</vAcc></extensions></trkpt>
      <trkpt lon="-117.339710" lat="33.980417"><ele>304.070801</ele><time>2025-04-16T02:28:01Z</time><extensions><speed>1.137828</speed><course>181.510683</course><hAcc>1.228768</hAcc><vAcc>0.772689</vAcc></extensions></trkpt>
      <trkpt lon="-117.339710" lat="33.980407"><ele>304.005070</ele><time>2025-04-16T02:28:02Z</time><extensions><speed>1.121467</speed><course>182.139892</course><hAcc>1.225840</hAcc><vAcc>0.769697</vAcc></extensions></trkpt>
      <trkpt lon="-117.339711" lat="33.980397"><ele>303.941764</ele><time>2025-04-16T02:28:03Z</time><extensions><speed>1.141617</speed><course>184.113526</course><hAcc>1.215089</hAcc><vAcc>0.767072</vAcc></extensions></trkpt>
      <trkpt lon="-117.339712" lat="33.980386"><ele>303.893499</ele><time>2025-04-16T02:28:04Z</time><extensions><speed>1.227327</speed><course>186.958385</course><hAcc>1.216013</hAcc><vAcc>0.764814</vAcc></extensions></trkpt>
      <trkpt lon="-117.339714" lat="33.980375"><ele>303.842236</ele><time>2025-04-16T02:28:05Z</time><extensions><speed>1.234999</speed><course>188.760247</course><hAcc>1.226683</hAcc><vAcc>0.762921</vAcc></extensions></trkpt>
      <trkpt lon="-117.339716" lat="33.980364"><ele>303.789918</ele><time>2025-04-16T02:28:06Z</time><extensions><speed>1.133338</speed><course>189.828884</course><hAcc>1.234168</hAcc><vAcc>0.761374</vAcc></extensions></trkpt>
      <trkpt lon="-117.339719" lat="33.980354"><ele>303.757219</ele><time>2025-04-16T02:28:07Z</time><extensions><speed>1.166007</speed><course>193.017762</course><hAcc>1.199122</hAcc><vAcc>0.760144</vAcc></extensions></trkpt>
      <trkpt lon="-117.339722" lat="33.980344"><ele>303.733348</ele><time>2025-04-16T02:28:08Z</time><extensions><speed>1.199967</speed><course>194.457710</course><hAcc>1.188962</hAcc><vAcc>0.759189</vAcc></extensions></trkpt>
      <trkpt lon="-117.339725" lat="33.980334"><ele>303.713387</ele><time>2025-04-16T02:28:09Z</time><extensions><speed>1.190978</speed><course>194.698632</course><hAcc>1.212465</hAcc><vAcc>0.758638</vAcc></extensions></trkpt>
      <trkpt lon="-117.339728" lat="33.980323"><ele>303.699810</ele><time>2025-04-16T02:28:10Z</time><extensions><speed>1.182940</speed><course>194.366395</course><hAcc>1.251305</hAcc><vAcc>0.758184</vAcc></extensions></trkpt>
      <trkpt lon="-117.339731" lat="33.980313"><ele>303.685875</ele><time>2025-04-16T02:28:11Z</time><extensions><speed>1.183101</speed><course>193.517439</course><hAcc>1.241723</hAcc><vAcc>0.758046</vAcc></extensions></trkpt>
      <trkpt lon="-117.339734" lat="33.980302"><ele>303.671532</ele><time>2025-04-16T02:28:12Z</time><extensions><speed>1.180824</speed><course>192.667426</course><hAcc>1.245658</hAcc><vAcc>0.757956</vAcc></extensions></trkpt>
      <trkpt lon="-117.339737" lat="33.980292"><ele>303.668534</ele><time>2025-04-16T02:28:13Z</time><extensions><speed>1.221790</speed><course>188.110378</course><hAcc>1.265500</hAcc><vAcc>0.757978</vAcc></extensions></trkpt>
      <trkpt lon="-117.339739" lat="33.980281"><ele>303.654698</ele><time>2025-04-16T02:28:14Z</time><extensions><speed>1.162714</speed><course>191.217866</course><hAcc>1.256689</hAcc><vAcc>0.758086</vAcc></extensions></trkpt>
      <trkpt lon="-117.339741" lat="33.980271"><ele>303.645848</ele><time>2025-04-16T02:28:15Z</time><extensions><speed>1.134792</speed><course>192.610104</course><hAcc>1.273206</hAcc><vAcc>0.758440</vAcc></extensions></trkpt>
      <trkpt lon="-117.339744" lat="33.980260"><ele>303.635168</ele><time>2025-04-16T02:28:16Z</time><extensions><speed>1.280038</speed><course>190.874000</course><hAcc>1.259566</hAcc><vAcc>0.758921</vAcc></extensions></trkpt>
      <trkpt lon="-117.339746" lat="33.980248"><ele>303.622083</ele><time>2025-04-16T02:28:17Z</time><extensions><speed>1.373605</speed><course>186.393234</course><hAcc>1.260173</hAcc><vAcc>0.759528</vAcc></extensions></trkpt>
      <trkpt lon="-117.339747" lat="33.980236"><ele>303.600805</ele><time>2025-04-16T02:28:18Z</time><extensions><speed>1.320695</speed><course>181.400393</course><hAcc>1.277216</hAcc><vAcc>0.760382</vAcc></extensions></trkpt>
      <trkpt lon="-117.339747" lat="33.980224"><ele>303.566923</ele><time>2025-04-16T02:28:19Z</time><extensions><speed>1.275685</speed><course>176.030464</course><hAcc>1.274961</hAcc><vAcc>0.761040</vAcc></extensions></trkpt>
      <trkpt lon="-117.339745" lat="33.980213"><ele>303.527007</ele><time>2025-04-16T02:28:20Z</time><extensions><speed>1.277315</speed><course>172.961599</course><hAcc>1.263430</hAcc><vAcc>0.761658</vAcc></extensions></trkpt>
      <trkpt lon="-117.339744" lat="33.980202"><ele>303.484941</ele><time>2025-04-16T02:28:21Z</time><extensions><speed>1.187874</speed><course>173.841835</course><hAcc>1.298266</hAcc><vAcc>0.762467</vAcc></extensions></trkpt>
      <trkpt lon="-117.339742" lat="33.980190"><ele>303.431056</ele><time>2025-04-16T02:28:22Z</time><extensions><speed>1.418767</speed><course>176.144861</course><hAcc>1.275267</hAcc><vAcc>0.763096</vAcc></extensions></trkpt>
      <trkpt lon="-117.339741" lat="33.980177"><ele>303.367593</ele><time>2025-04-16T02:28:23Z</time><extensions><speed>1.494196</speed><course>177.065542</course><hAcc>1.275958</hAcc><vAcc>0.763825</vAcc></extensions></trkpt>
      <trkpt lon="-117.339741" lat="33.980164"><ele>303.296358</ele><time>2025-04-16T02:28:24Z</time><extensions><speed>1.407045</speed><course>177.318592</course><hAcc>1.286047</hAcc><vAcc>0.764461</vAcc></extensions></trkpt>
      <trkpt lon="-117.339740" lat="33.980152"><ele>303.217820</ele><time>2025-04-16T02:28:25Z</time><extensions><speed>1.315061</speed><course>176.015966</course><hAcc>1.297567</hAcc><vAcc>0.765280</vAcc></extensions></trkpt>
      <trkpt lon="-117.339739" lat="33.980141"><ele>303.134395</ele><time>2025-04-16T02:28:26Z</time><extensions><speed>1.215841</speed><course>175.035994</course><hAcc>1.304196</hAcc><vAcc>0.766051</vAcc></extensions></trkpt>
      <trkpt lon="-117.339738" lat="33.980130"><ele>303.037351</ele><time>2025-04-16T02:28:27Z</time><extensions><speed>1.058410</speed><course>176.337962</course><hAcc>1.321312</hAcc><vAcc>0.766975</vAcc></extensions></trkpt>
      <trkpt lon="-117.339737" lat="33.980121"><ele>302.933067</ele><time>2025-04-16T02:28:28Z</time><extensions><speed>0.962097</speed><course>176.231080</course><hAcc>1.339488</hAcc><vAcc>0.767600</vAcc></extensions></trkpt>
      <trkpt lon="-117.339736" lat="33.980113"><ele>302.821906</ele><time>2025-04-16T02:28:29Z</time><extensions><speed>0.932862</speed><course>170.936044</course><hAcc>1.301044</hAcc><vAcc>0.768043</vAcc></extensions></trkpt>
      <trkpt lon="-117.339735" lat="33.980105"><ele>302.707763</ele><time>2025-04-16T02:28:30Z</time><extensions><speed>0.932150</speed><course>172.149934</course><hAcc>1.303812</hAcc><vAcc>0.768471</vAcc></extensions></trkpt>
      <trkpt lon="-117.339734" lat="33.980096"><ele>302.594606</ele><time>2025-04-16T02:28:31Z</time><extensions><speed>0.975480</speed><course>176.724156</course><hAcc>1.319042</hAcc><vAcc>0.769362</vAcc></extensions></trkpt>
      <trkpt lon="-117.339733" lat="33.980087"><ele>302.485525</ele><time>2025-04-16T02:28:32Z</time><extensions><speed>1.046995</speed><course>180.776017</course><hAcc>1.321819</hAcc><vAcc>0.770146</vAcc></extensions></trkpt>
      <trkpt lon="-117.339734" lat="33.980077"><ele>302.364257</ele><time>2025-04-16T02:28:33Z</time><extensions><speed>1.147933</speed><course>182.551386</course><hAcc>1.341187</hAcc><vAcc>0.771300</vAcc></extensions></trkpt>
      <trkpt lon="-117.339734" lat="33.980067"><ele>302.237657</ele><time>2025-04-16T02:28:34Z</time><extensions><speed>1.139552</speed><course>181.705231</course><hAcc>1.366832</hAcc><vAcc>0.772817</vAcc></extensions></trkpt>
      <trkpt lon="-117.339735" lat="33.980057"><ele>302.119016</ele><time>2025-04-16T02:28:35Z</time><extensions><speed>1.094275</speed><course>180.354814</course><hAcc>1.380131</hAcc><vAcc>0.774497</vAcc></extensions></trkpt>
      <trkpt lon="-117.339735" lat="33.980047"><ele>302.002113</ele><time>2025-04-16T02:28:36Z</time><extensions><speed>1.107535</speed><course>180.036480</course><hAcc>1.368639</hAcc><vAcc>0.776657</vAcc></extensions></trkpt>
      <trkpt lon="-117.339734" lat="33.980037"><ele>301.886463</ele><time>2025-04-16T02:28:37Z</time><extensions><speed>1.132060</speed><course>178.494359</course><hAcc>1.385295</hAcc><vAcc>0.779466</vAcc></extensions></trkpt>
      <trkpt lon="-117.339734" lat="33.980026"><ele>301.783016</ele><time>2025-04-16T02:28:38Z</time><extensions><speed>1.159842</speed><course>176.499039</course><hAcc>1.404962</hAcc><vAcc>0.781865</vAcc></extensions></trkpt>
      <trkpt lon="-117.339733" lat="33.980016"><ele>301.688713</ele><time>2025-04-16T02:28:39Z</time><extensions><speed>1.137085</speed><course>175.934218</course><hAcc>1.416811</hAcc><vAcc>0.784509</vAcc></extensions></trkpt>
      <trkpt lon="-117.339733" lat="33.980006"><ele>301.598334</ele><time>2025-04-16T02:28:40Z</time><extensions><speed>1.063686</speed><course>181.526856</course><hAcc>1.430302</hAcc><vAcc>0.787568</vAcc></extensions></trkpt>
      <trkpt lon="-117.339734" lat="33.979997"><ele>301.514542</ele><time>2025-04-16T02:28:41Z</time><extensions><speed>1.024634</speed><course>186.953689</course><hAcc>1.454421</hAcc><vAcc>0.791017</vAcc></extensions></trkpt>
      <trkpt lon="-117.339735" lat="33.979988"><ele>301.453948</ele><time>2025-04-16T02:28:42Z</time><extensions><speed>0.964812</speed><course>186.160868</course><hAcc>1.421573</hAcc><vAcc>0.794938</vAcc></extensions></trkpt>
      <trkpt lon="-117.339736" lat="33.979979"><ele>301.417356</ele><time>2025-04-16T02:28:43Z</time><extensions><speed>0.928380</speed><course>185.651671</course><hAcc>1.400369</hAcc><vAcc>0.799254</vAcc></extensions></trkpt>
      <trkpt lon="-117.339737" lat="33.979971"><ele>301.390596</ele><time>2025-04-16T02:28:44Z</time><extensions><speed>0.878340</speed><course>186.253098</course><hAcc>1.405172</hAcc><vAcc>0.804384</vAcc></extensions></trkpt>
      <trkpt lon="-117.339738" lat="33.979962"><ele>301.373919</ele><time>2025-04-16T02:28:45Z</time><extensions><speed>1.064067</speed><course>185.351877</course><hAcc>1.404144</hAcc><vAcc>0.809410</vAcc></extensions></trkpt>
      <trkpt lon="-117.339739" lat="33.979952"><ele>301.377692</ele><time>2025-04-16T02:28:46Z</time><extensions><speed>1.211097</speed><course>183.037180</course><hAcc>1.415852</hAcc><vAcc>0.814119</vAcc></extensions></trkpt>
      <trkpt lon="-117.339739" lat="33.979941"><ele>301.414730</ele><time>2025-04-16T02:28:47Z</time><extensions><speed>1.275624</speed><course>181.170826</course><hAcc>1.418210</hAcc><vAcc>0.819099</vAcc></extensions></trkpt>
      <trkpt lon="-117.339740" lat="33.979929"><ele>301.454430</ele><time>2025-04-16T02:28:48Z</time><extensions><speed>1.222865</speed><course>181.688937</course><hAcc>1.418190</hAcc><vAcc>0.824323</vAcc></extensions></trkpt>
      <trkpt lon="-117.339740" lat="33.979919"><ele>301.491809</ele><time>2025-04-16T02:28:49Z</time><extensions><speed>1.207859</speed><course>183.564257</course><hAcc>1.438413</hAcc><vAcc>0.830517</vAcc></extensions></trkpt>
      <trkpt lon="-117.339742" lat="33.979908"><ele>301.545805</ele><time>2025-04-16T02:28:50Z</time><extensions><speed>1.180899</speed><course>186.650762</course><hAcc>1.448208</hAcc><vAcc>0.835992</vAcc></extensions></trkpt>
      <trkpt lon="-117.339743" lat="33.979897"><ele>301.620467</ele><time>2025-04-16T02:28:51Z</time><extensions><speed>1.228871</speed><course>188.343992</course><hAcc>1.466155</hAcc><vAcc>0.840381</vAcc></extensions></trkpt>
      <trkpt lon="-117.339745" lat="33.979886"><ele>301.703332</ele><time>2025-04-16T02:28:52Z</time><extensions><speed>1.340316</speed><course>188.080548</course><hAcc>1.483926</hAcc><vAcc>0.844233</vAcc></extensions></trkpt>
      <trkpt lon="-117.339747" lat="33.979874"><ele>301.779303</ele><time>2025-04-16T02:28:53Z</time><extensions><speed>1.270312</speed><course>186.860544</course><hAcc>1.507317</hAcc><vAcc>0.847998</vAcc></extensions></trkpt>
      <trkpt lon="-117.339749" lat="33.979863"><ele>301.847211</ele><time>2025-04-16T02:28:54Z</time><extensions><speed>1.118823</speed><course>186.231452</course><hAcc>1.543664</hAcc><vAcc>0.851257</vAcc></extensions></trkpt>
      <trkpt lon="-117.339750" lat="33.979853"><ele>301.924060</ele><time>2025-04-16T02:28:55Z</time><extensions><speed>1.165369</speed><course>183.121565</course><hAcc>1.520112</hAcc><vAcc>0.853460</vAcc></extensions></trkpt>
      <trkpt lon="-117.339751" lat="33.979842"><ele>302.012922</ele><time>2025-04-16T02:28:56Z</time><extensions><speed>1.265910</speed><course>184.135370</course><hAcc>1.498524</hAcc><vAcc>0.854860</vAcc></extensions></trkpt>
      <trkpt lon="-117.339752" lat="33.979831"><ele>302.100583</ele><time>2025-04-16T02:28:57Z</time><extensions><speed>1.294518</speed><course>183.551174</course><hAcc>1.487894</hAcc><vAcc>0.855270</vAcc></extensions></trkpt>
      <trkpt lon="-117.339752" lat="33.979819"><ele>302.172764</ele><time>2025-04-16T02:28:58Z</time><extensions><speed>1.314373</speed><course>178.850265</course><hAcc>1.501272</hAcc><vAcc>0.854382</vAcc></extensions></trkpt>
      <trkpt lon="-117.339751" lat="33.979808"><ele>302.247370</ele><time>2025-04-16T02:28:59Z</time><extensions><speed>1.194318</speed><course>174.185672</course><hAcc>1.526266</hAcc><vAcc>0.853079</vAcc></extensions></trkpt>
      <trkpt lon="-117.339751" lat="33.979797"><ele>302.298753</ele><time>2025-04-16T02:29:00Z</time><extensions><speed>1.105846</speed><course>184.961918</course><hAcc>1.504750</hAcc><vAcc>0.850155</vAcc></extensions></trkpt>
      <trkpt lon="-117.339752" lat="33.979787"><ele>302.345892</ele><time>2025-04-16T02:29:01Z</time><extensions><speed>1.135691</speed><course>188.134376</course><hAcc>1.500526</hAcc><vAcc>0.846239</vAcc></extensions></trkpt>
      <trkpt lon="-117.339754" lat="33.979778"><ele>302.395905</ele><time>2025-04-16T02:29:02Z</time><extensions><speed>1.006053</speed><course>188.028464</course><hAcc>1.501339</hAcc><vAcc>0.841767</vAcc></extensions></trkpt>
      <trkpt lon="-117.339756" lat="33.979769"><ele>302.445922</ele><time>2025-04-16T02:29:03Z</time><extensions><speed>0.892743</speed><course>190.342286</course><hAcc>1.487327</hAcc><vAcc>0.837041</vAcc></extensions></trkpt>
      <trkpt lon="-117.339757" lat="33.979761"><ele>302.496738</ele><time>2025-04-16T02:29:04Z</time><extensions><speed>0.919950</speed><course>188.219773</course><hAcc>1.491081</hAcc><vAcc>0.832686</vAcc></extensions></trkpt>
      <trkpt lon="-117.339758" lat="33.979752"><ele>302.555552</ele><time>2025-04-16T02:29:05Z</time><extensions><speed>1.073382</speed><course>183.032606</course><hAcc>1.507042</hAcc><vAcc>0.828576</vAcc></extensions></trkpt>
      <trkpt lon="-117.339758" lat="33.979742"><ele>302.614236</ele><time>2025-04-16T02:29:06Z</time><extensions><speed>1.089273</speed><course>177.768008</course><hAcc>1.498532</hAcc><vAcc>0.824926</vAcc></extensions></trkpt>
      <trkpt lon="-117.339758" lat="33.979733"><ele>302.661949</ele><time>2025-04-16T02:29:07Z</time><extensions><speed>0.962047</speed><course>174.862955</course><hAcc>1.483956</hAcc><vAcc>0.821657</vAcc></extensions></trkpt>
      <trkpt lon="-117.339757" lat="33.979724"><ele>302.700601</ele><time>2025-04-16T02:29:08Z</time><extensions><speed>1.016260</speed><course>173.583488</course><hAcc>1.459957</hAcc><vAcc>0.818784</vAcc></extensions></trkpt>
      <trkpt lon="-117.339755" lat="33.979715"><ele>302.738807</ele><time>2025-04-16T02:29:09Z</time><extensions><speed>1.118179</speed><course>174.338951</course><hAcc>1.452773</hAcc><vAcc>0.816233</vAcc></extensions></trkpt>
      <trkpt lon="-117.339754" lat="33.979704"><ele>302.783920</ele><time>2025-04-16T02:29:10Z</time><extensions><speed>1.188739</speed><course>169.909182</course><hAcc>1.428565</hAcc><vAcc>0.813779</vAcc></extensions></trkpt>
      <trkpt lon="-117.339751" lat="33.979694"><ele>302.830964</ele><time>2025-04-16T02:29:11Z</time><extensions><speed>1.119224</speed><course>167.647685</course><hAcc>1.413339</hAcc><vAcc>0.811890</vAcc></extensions></trkpt>
      <trkpt lon="-117.339749" lat="33.979684"><ele>302.882289</ele><time>2025-04-16T02:29:12Z</time><extensions><speed>1.153069</speed><course>171.136250</course><hAcc>1.407902</hAcc><vAcc>0.810359</vAcc></extensions></trkpt>
      <trkpt lon="-117.339748" lat="33.979673"><ele>302.938218</ele><time>2025-04-16T02:29:13Z</time><extensions><speed>1.248876</speed><course>176.740583</course><hAcc>1.404320</hAcc><vAcc>0.809922</vAcc></extensions></trkpt>
      <trkpt lon="-117.339748" lat="33.979662"><ele>302.995993</ele><time>2025-04-16T02:29:14Z</time><extensions><speed>1.289607</speed><course>182.201394</course><hAcc>1.410189</hAcc><vAcc>0.809306</vAcc></extensions></trkpt>
      <trkpt lon="-117.339748" lat="33.979650"><ele>303.051742</ele><time>2025-04-16T02:29:15Z</time><extensions><speed>1.345162</speed><course>183.698498</course><hAcc>1.406469</hAcc><vAcc>0.808388</vAcc></extensions></trkpt>
      <trkpt lon="-117.339749" lat="33.979638"><ele>303.113211</ele><time>2025-04-16T02:29:16Z</time><extensions><speed>1.228336</speed><course>185.310516</course><hAcc>1.399317</hAcc><vAcc>0.806967</vAcc></extensions></trkpt>
      <trkpt lon="-117.339750" lat="33.979628"><ele>303.179232</ele><time>2025-04-16T02:29:17Z</time><extensions><speed>1.096715</speed><course>182.428817</course><hAcc>1.385035</hAcc><vAcc>0.804906</vAcc></extensions></trkpt>
      <trkpt lon="-117.339751" lat="33.979618"><ele>303.243717</ele><time>2025-04-16T02:29:18Z</time><extensions><speed>1.125902</speed><course>181.433244</course><hAcc>1.382340</hAcc><vAcc>0.802139</vAcc></extensions></trkpt>
      <trkpt lon="-117.339751" lat="33.979608"><ele>303.302567</ele><time>2025-04-16T02:29:19Z</time><extensions><speed>1.144805</speed><course>182.128478</course><hAcc>1.383450</hAcc><vAcc>0.798729</vAcc></extensions></trkpt>
      <trkpt lon="-117.339752" lat="33.979597"><ele>303.359628</ele><time>2025-04-16T02:29:20Z</time><extensions><speed>1.203288</speed><course>184.738195</course><hAcc>1.374328</hAcc><vAcc>0.794834</vAcc></extensions></trkpt>
      <trkpt lon="-117.339753" lat="33.979586"><ele>303.418696</ele><time>2025-04-16T02:29:21Z</time><extensions><speed>1.376990</speed><course>186.696593</course><hAcc>1.360768</hAcc><vAcc>0.791089</vAcc></extensions></trkpt>
      <trkpt lon="-117.339755" lat="33.979573"><ele>303.469470</ele><time>2025-04-16T02:29:22Z</time><extensions><speed>1.444168</speed><course>185.778672</course><hAcc>1.361522</hAcc><vAcc>0.787195</vAcc></extensions></trkpt>
      <trkpt lon="-117.339756" lat="33.979561"><ele>303.522482</ele><time>2025-04-16T02:29:23Z</time><extensions><speed>1.305353</speed><course>183.266148</course><hAcc>1.385081</hAcc><vAcc>0.783249</vAcc></extensions></trkpt>
      <trkpt lon="-117.339756" lat="33.979550"><ele>303.586915</ele><time>2025-04-16T02:29:24Z</time><extensions><speed>1.146657</speed><course>179.076004</course><hAcc>1.370993</hAcc><vAcc>0.779485</vAcc></extensions></trkpt>
      <trkpt lon="-117.339756" lat="33.979540"><ele>303.654747</ele><time>2025-04-16T02:29:25Z</time><extensions><speed>0.967656</speed><course>175.714733</course><hAcc>1.369893</hAcc><vAcc>0.776019</vAcc></extensions></trkpt>
      <trkpt lon="-117.339755" lat="33.979532"><ele>303.733799</ele><time>2025-04-16T02:29:26Z</time><extensions><speed>0.882394</speed><course>175.305865</course><hAcc>1.365769</hAcc><vAcc>0.772963</vAcc></extensions></trkpt>
      <trkpt lon="-117.339754" lat="33.979524"><ele>303.825453</ele><time>2025-04-16T02:29:27Z</time><extensions><speed>0.944148</speed><course>175.805273</course><hAcc>1.366764</hAcc><vAcc>0.770408</vAcc></extensions></trkpt>
      <trkpt lon="-117.339753" lat="33.979514"><ele>303.922634</ele><time>2025-04-16T02:29:28Z</time><extensions><speed>1.110309</speed><course>173.994892</course><hAcc>1.370353</hAcc><vAcc>0.768312</vAcc></extensions></trkpt>
      <trkpt lon="-117.339751" lat="33.979504"><ele>304.023244</ele><time>2025-04-16T02:29:29Z</time><extensions><speed>1.277433</speed><course>169.488373</course><hAcc>1.360911</hAcc><vAcc>0.766795</vAcc></extensions></trkpt>
      <trkpt lon="-117.339748" lat="33.979492"><ele>304.128307</ele><time>2025-04-16T02:29:30Z</time><extensions><speed>1.323694</speed><course>164.148978</course><hAcc>1.362485</hAcc><vAcc>0.765685</vAcc></extensions></trkpt>
      <trkpt lon="-117.339744" lat="33.979482"><ele>304.237722</ele><time>2025-04-16T02:29:31Z</time><extensions><speed>1.209817</speed><course>160.643344</course><hAcc>1.388195</hAcc><vAcc>0.764821</vAcc></extensions></trkpt>
      <trkpt lon="-117.339739" lat="33.979473"><ele>304.346256</ele><time>2025-04-16T02:29:32Z</time><extensions><speed>0.975168</speed><course>148.422598</course><hAcc>1.348322</hAcc><vAcc>0.764051</vAcc></extensions></trkpt>
      <trkpt lon="-117.339733" lat="33.979466"><ele>304.455876</ele><time>2025-04-16T02:29:33Z</time><extensions><speed>0.872824</speed><course>131.628708</course><hAcc>1.335371</hAcc><vAcc>0.763361</vAcc></extensions></trkpt>
      <trkpt lon="-117.339726" lat="33.979461"><ele>304.566265</ele><time>2025-04-16T02:29:34Z</time><extensions><speed>0.873635</speed><course>126.146373</course><hAcc>1.366184</hAcc><vAcc>0.762894</vAcc></extensions></trkpt>
      <trkpt lon="-117.339719" lat="33.979458"><ele>304.674386</ele><time>2025-04-16T02:29:35Z</time><extensions><speed>0.575694</speed><course>124.136419</course><hAcc>1.385897</hAcc><vAcc>0.762470</vAcc></extensions></trkpt>
      <trkpt lon="-117.339716" lat="33.979456"><ele>304.785350</ele><time>2025-04-16T02:29:36Z</time><extensions><speed>0.105069</speed><course>78.581036</course><hAcc>1.386577</hAcc><vAcc>0.762161</vAcc></extensions></trkpt>
      <trkpt lon="-117.339716" lat="33.979457"><ele>304.890363</ele><time>2025-04-16T02:29:37Z</time><extensions><speed>0.158096</speed><course>333.427840</course><hAcc>1.402513</hAcc><vAcc>0.762317</vAcc></extensions></trkpt>
      <trkpt lon="-117.339717" lat="33.979458"><ele>304.984467</ele><time>2025-04-16T02:29:38Z</time><extensions><speed>0.220230</speed><course>317.417597</course><hAcc>1.428713</hAcc><vAcc>0.762317</vAcc></extensions></trkpt>
      <trkpt lon="-117.339719" lat="33.979460"><ele>305.050348</ele><time>2025-04-16T02:29:39Z</time><extensions><speed>0.225337</speed><course>309.392122</course><hAcc>1.452398</hAcc><vAcc>0.762468</vAcc></extensions></trkpt>
      <trkpt lon="-117.339721" lat="33.979461"><ele>305.101534</ele><time>2025-04-16T02:29:40Z</time><extensions><speed>0.202561</speed><course>300.937061</course><hAcc>1.470383</hAcc><vAcc>0.762609</vAcc></extensions></trkpt>
      <trkpt lon="-117.339723" lat="33.979462"><ele>305.138396</ele><time>2025-04-16T02:29:41Z</time><extensions><speed>0.176614</speed><course>288.111019</course><hAcc>1.475882</hAcc><vAcc>0.762667</vAcc></extensions></trkpt>
      <trkpt lon="-117.339724" lat="33.979462"><ele>305.163450</ele><time>2025-04-16T02:29:42Z</time><extensions><speed>0.157268</speed><course>271.424737</course><hAcc>1.473706</hAcc><vAcc>0.762686</vAcc></extensions></trkpt>
      <trkpt lon="-117.339726" lat="33.979462"><ele>305.175982</ele><time>2025-04-16T02:29:43Z</time><extensions><speed>0.146670</speed><course>254.457748</course><hAcc>1.477235</hAcc><vAcc>0.762672</vAcc></extensions></trkpt>
      <trkpt lon="-117.339727" lat="33.979461"><ele>305.186430</ele><time>2025-04-16T02:29:44Z</time><extensions><speed>0.154254</speed><course>235.247432</course><hAcc>1.483855</hAcc><vAcc>0.762625</vAcc></extensions></trkpt>
      <trkpt lon="-117.339728" lat="33.979460"><ele>305.201559</ele><time>2025-04-16T02:29:45Z</time><extensions><speed>0.211648</speed><course>204.950689</course><hAcc>1.479250</hAcc><vAcc>0.762532</vAcc></extensions></trkpt>
      <trkpt lon="-117.339729" lat="33.979457"><ele>305.196367</ele><time>2025-04-16T02:29:46Z</time><extensions><speed>0.355051</speed><course>187.694870</course><hAcc>1.464708</hAcc><vAcc>0.762371</vAcc></extensions></trkpt>
      <trkpt lon="-117.339730" lat="33.979453"><ele>305.184870</ele><time>2025-04-16T02:29:47Z</time><extensions><speed>0.571842</speed><course>184.113734</course><hAcc>1.439793</hAcc><vAcc>0.762113</vAcc></extensions></trkpt>
      <trkpt lon="-117.339730" lat="33.979446"><ele>305.176318</ele><time>2025-04-16T02:29:48Z</time><extensions><speed>0.942282</speed><course>182.537126</course><hAcc>1.406219</hAcc><vAcc>0.761830</vAcc></extensions></trkpt>
      <trkpt lon="-117.339730" lat="33.979437"><ele>305.178123</ele><time>2025-04-16T02:29:49Z</time><extensions><speed>1.184140</speed><course>181.684677</course><hAcc>1.394106</hAcc><vAcc>0.761419</vAcc></extensions></trkpt>
      <trkpt lon="-117.339730" lat="33.979425"><ele>305.180914</ele><time>2025-04-16T02:29:50Z</time><extensions><speed>1.348336</speed><course>172.973535</course><hAcc>1.371994</hAcc><vAcc>0.760985</vAcc></extensions></trkpt>
      <trkpt lon="-117.339727" lat="33.979413"><ele>305.180237</ele><time>2025-04-16T02:29:51Z</time><extensions><speed>1.385311</speed><course>166.437882</course><hAcc>1.345061</hAcc><vAcc>0.760494</vAcc></extensions></trkpt>
      <trkpt lon="-117.339723" lat="33.979401"><ele>305.176373</ele><time>2025-04-16T02:29:52Z</time><extensions><speed>1.427882</speed><course>164.759174</course><hAcc>1.328008</hAcc><vAcc>0.760026</vAcc></extensions></trkpt>
      <trkpt lon="-117.339719" lat="33.979388"><ele>305.174217</ele><time>2025-04-16T02:29:53Z</time><extensions><speed>1.538822</speed><course>165.686231</course><hAcc>1.323315</hAcc><vAcc>0.759612</vAcc></extensions></trkpt>
      <trkpt lon="-117.339715" lat="33.979374"><ele>305.173213</ele><time>2025-04-16T02:29:54Z</time><extensions><speed>1.552050</speed><course>167.992920</course><hAcc>1.325986</hAcc><vAcc>0.759269</vAcc></extensions></trkpt>
      <trkpt lon="-117.339712" lat="33.979361"><ele>305.169626</ele><time>2025-04-16T02:29:55Z</time><extensions><speed>1.470459</speed><course>168.346904</course><hAcc>1.315942</hAcc><vAcc>0.758999</vAcc></extensions></trkpt>
      <trkpt lon="-117.339708" lat="33.979348"><ele>305.163690</ele><time>2025-04-16T02:29:56Z</time><extensions><speed>1.478999</speed><course>166.497240</course><hAcc>1.299791</hAcc><vAcc>0.758792</vAcc></extensions></trkpt>
      <trkpt lon="-117.339705" lat="33.979335"><ele>305.139181</ele><time>2025-04-16T02:29:57Z</time><extensions><speed>1.522215</speed><course>165.454294</course><hAcc>1.301809</hAcc><vAcc>0.758630</vAcc></extensions></trkpt>
      <trkpt lon="-117.339701" lat="33.979321"><ele>305.116998</ele><time>2025-04-16T02:29:58Z</time><extensions><speed>1.543759</speed><course>166.597949</course><hAcc>1.300580</hAcc><vAcc>0.758485</vAcc></extensions></trkpt>
      <trkpt lon="-117.339697" lat="33.979308"><ele>305.100545</ele><time>2025-04-16T02:29:59Z</time><extensions><speed>1.500409</speed><course>168.155929</course><hAcc>1.295854</hAcc><vAcc>0.758334</vAcc></extensions></trkpt>
      <trkpt lon="-117.339694" lat="33.979295"><ele>305.080201</ele><time>2025-04-16T02:30:00Z</time><extensions><speed>1.372094</speed><course>166.935235</course><hAcc>1.299222</hAcc><vAcc>0.758165</vAcc></extensions></trkpt>
      <trkpt lon="-117.339690" lat="33.979284"><ele>305.041106</ele><time>2025-04-16T02:30:01Z</time><extensions><speed>1.228636</speed><course>162.594424</course><hAcc>1.278396</hAcc><vAcc>0.757980</vAcc></extensions></trkpt>
      <trkpt lon="-117.339686" lat="33.979274"><ele>304.979237</ele><time>2025-04-16T02:30:02Z</time><extensions><speed>1.164204</speed><course>163.377713</course><hAcc>1.265405</hAcc><vAcc>0.757789</vAcc></extensions></trkpt>
      <trkpt lon="-117.339683" lat="33.979263"><ele>304.915783</ele><time>2025-04-16T02:30:03Z</time><extensions><speed>1.228232</speed><course>171.124883</course><hAcc>1.265765</hAcc><vAcc>0.757604</vAcc></extensions></trkpt>
      <trkpt lon="-117.339682" lat="33.979251"><ele>304.865716</ele><time>2025-04-16T02:30:04Z</time><extensions><speed>1.432009</speed><course>178.882011</course><hAcc>1.264390</hAcc><vAcc>0.757434</vAcc></extensions></trkpt>
      <trkpt lon="-117.339682" lat="33.979238"><ele>304.825822</ele><time>2025-04-16T02:30:05Z</time><extensions><speed>1.517846</speed><course>184.626776</course><hAcc>1.252127</hAcc><vAcc>0.757283</vAcc></extensions></trkpt>
      <trkpt lon="-117.339684" lat="33.979225"><ele>304.771595</ele><time>2025-04-16T02:30:06Z</time><extensions><speed>1.432289</speed><course>185.111350</course><hAcc>1.251460</hAcc><vAcc>0.757155</vAcc></extensions></trkpt>
      <trkpt lon="-117.339685" lat="33.979212"><ele>304.723019</ele><time>2025-04-16T02:30:07Z</time><extensions><speed>1.399700</speed><course>181.886271</course><hAcc>1.225532</hAcc><vAcc>0.757050</vAcc></extensions></trkpt>
      <trkpt lon="-117.339685" lat="33.979199"><ele>304.682746</ele><time>2025-04-16T02:30:08Z</time><extensions><speed>1.456987</speed><course>182.099712</course><hAcc>1.220456</hAcc><vAcc>0.756966</vAcc></extensions></trkpt>
      <trkpt lon="-117.339685" lat="33.979186"><ele>304.640457</ele><time>2025-04-16T02:30:09Z</time><extensions><speed>1.443560</speed><course>181.761684</course><hAcc>1.212200</hAcc><vAcc>0.756901</vAcc></extensions></trkpt>
      <trkpt lon="-117.339686" lat="33.979173"><ele>304.612873</ele><time>2025-04-16T02:30:10Z</time><extensions><speed>1.339828</speed><course>183.562948</course><hAcc>1.208007</hAcc><vAcc>0.756852</vAcc></extensions></trkpt>
      <trkpt lon="-117.339686" lat="33.979162"><ele>304.588882</ele><time>2025-04-16T02:30:11Z</time><extensions><speed>1.169774</speed><course>181.835508</course><hAcc>1.212075</hAcc><vAcc>0.756816</vAcc></extensions></trkpt>
      <trkpt lon="-117.339686" lat="33.979152"><ele>304.568638</ele><time>2025-04-16T02:30:12Z</time><extensions><speed>1.040288</speed><course>175.128505</course><hAcc>1.186249</hAcc><vAcc>0.756790</vAcc></extensions></trkpt>
      <trkpt lon="-117.339686" lat="33.979143"><ele>304.556268</ele><time>2025-04-16T02:30:13Z</time><extensions><speed>0.968299</speed><course>178.857430</course><hAcc>1.202378</hAcc><vAcc>0.756773</vAcc></extensions></trkpt>
      <trkpt lon="-117.339685" lat="33.979134"><ele>304.544514</ele><time>2025-04-16T02:30:14Z</time><extensions><speed>1.083369</speed><course>180.640050</course><hAcc>1.212059</hAcc><vAcc>0.756761</vAcc></extensions></trkpt>
      <trkpt lon="-117.339685" lat="33.979123"><ele>304.538358</ele><time>2025-04-16T02:30:15Z</time><extensions><speed>1.321747</speed><course>178.832268</course><hAcc>1.186042</hAcc><vAcc>0.756754</vAcc></extensions></trkpt>
      <trkpt lon="-117.339685" lat="33.979111"><ele>304.534291</ele><time>2025-04-16T02:30:16Z</time><extensions><speed>1.356602</speed><course>178.923874</course><hAcc>1.213067</hAcc><vAcc>0.756749</vAcc></extensions></trkpt>
      <trkpt lon="-117.339684" lat="33.979099"><ele>304.530622</ele><time>2025-04-16T02:30:17Z</time><extensions><speed>1.326917</speed><course>169.439659</course><hAcc>1.213421</hAcc><vAcc>0.756747</vAcc></extensions></trkpt>
      <trkpt lon="-117.339680" lat="33.979087"><ele>304.543384</ele><time>2025-04-16T02:30:18Z</time><extensions><speed>1.345606</speed><course>160.213184</course><hAcc>1.232162</hAcc><vAcc>0.756745</vAcc></extensions></trkpt>
      <trkpt lon="-117.339674" lat="33.979076"><ele>304.557953</ele><time>2025-04-16T02:30:19Z</time><extensions><speed>1.347195</speed><course>154.614534</course><hAcc>1.261832</hAcc><vAcc>0.756745</vAcc></extensions></trkpt>
      <trkpt lon="-117.339668" lat="33.979065"><ele>304.569011</ele><time>2025-04-16T02:30:20Z</time><extensions><speed>1.288541</speed><course>152.150024</course><hAcc>1.290702</hAcc><vAcc>0.756744</vAcc></extensions></trkpt>
      <trkpt lon="-117.339662" lat="33.979055"><ele>304.577980</ele><time>2025-04-16T02:30:21Z</time><extensions><speed>1.161198</speed><course>154.220037</course><hAcc>1.302033</hAcc><vAcc>0.756744</vAcc></extensions></trkpt>
      <trkpt lon="-117.339658" lat="33.979046"><ele>304.603881</ele><time>2025-04-16T02:30:22Z</time><extensions><speed>1.019331</speed><course>163.837211</course><hAcc>1.282022</hAcc><vAcc>0.756744</vAcc></extensions></trkpt>
      <trkpt lon="-117.339655" lat="33.979037"><ele>304.630686</ele><time>2025-04-16T02:30:23Z</time><extensions><speed>1.065042</speed><course>174.015363</course><hAcc>1.311851</hAcc><vAcc>0.756744</vAcc></extensions></trkpt>
      <trkpt lon="-117.339655" lat="33.979027"><ele>304.665781</ele><time>2025-04-16T02:30:24Z</time><extensions><speed>1.184824</speed><course>181.583461</course><hAcc>1.380191</hAcc><vAcc>0.756744</vAcc></extensions></trkpt>
      <trkpt lon="-117.339656" lat="33.979015"><ele>304.687753</ele><time>2025-04-16T02:30:25Z</time><extensions><speed>1.373427</speed><course>183.564901</course><hAcc>1.352773</hAcc><vAcc>0.756744</vAcc></extensions></trkpt>
      <trkpt lon="-117.339656" lat="33.979003"><ele>304.709717</ele><time>2025-04-16T02:30:26Z</time><extensions><speed>1.429149</speed><course>183.118624</course><hAcc>1.347288</hAcc><vAcc>0.756744</vAcc></extensions></trkpt>
      <trkpt lon="-117.339657" lat="33.978990"><ele>304.722986</ele><time>2025-04-16T02:30:27Z</time><extensions><speed>1.412985</speed><course>182.150438</course><hAcc>1.359718</hAcc><vAcc>0.756744</vAcc></extensions></trkpt>
      <trkpt lon="-117.339658" lat="33.978977"><ele>304.729656</ele><time>2025-04-16T02:30:28Z</time><extensions><speed>1.335455</speed><course>182.728603</course><hAcc>1.380067</hAcc><vAcc>0.756743</vAcc></extensions></trkpt>
      <trkpt lon="-117.339658" lat="33.978965"><ele>304.739500</ele><time>2025-04-16T02:30:29Z</time><extensions><speed>1.263522</speed><course>184.120201</course><hAcc>1.398160</hAcc><vAcc>0.756743</vAcc></extensions></trkpt>
      <trkpt lon="-117.339659" lat="33.978954"><ele>304.745339</ele><time>2025-04-16T02:30:30Z</time><extensions><speed>1.200347</speed><course>182.788275</course><hAcc>1.402303</hAcc><vAcc>0.756743</vAcc></extensions></trkpt>
      <trkpt lon="-117.339659" lat="33.978944"><ele>304.736938</ele><time>2025-04-16T02:30:31Z</time><extensions><speed>1.183106</speed><course>178.259017</course><hAcc>1.410329</hAcc><vAcc>0.756743</vAcc></extensions></trkpt>
      <trkpt lon="-117.339659" lat="33.978933"><ele>304.722708</ele><time>2025-04-16T02:30:32Z</time><extensions><speed>1.190037</speed><course>178.487586</course><hAcc>1.432626</hAcc><vAcc>0.756743</vAcc></extensions></trkpt>
      <trkpt lon="-117.339659" lat="33.978922"><ele>304.699422</ele><time>2025-04-16T02:30:33Z</time><extensions><speed>1.156138</speed><course>181.003821</course><hAcc>1.477354</hAcc><vAcc>0.756743</vAcc></extensions></trkpt>
      <trkpt lon="-117.339659" lat="33.978911"><ele>304.672164</ele><time>2025-04-16T02:30:34Z</time><extensions><speed>1.283441</speed><course>181.092647</course><hAcc>1.463237</hAcc><vAcc>0.756743</vAcc></extensions></trkpt>
      <trkpt lon="-117.339659" lat="33.978900"><ele>304.640055</ele><time>2025-04-16T02:30:35Z</time><extensions><speed>1.354719</speed><course>179.319591</course><hAcc>1.469802</hAcc><vAcc>0.756743</vAcc></extensions></trkpt>
      <trkpt lon="-117.339659" lat="33.978887"><ele>304.617748</ele><time>2025-04-16T02:30:36Z</time><extensions><speed>1.367386</speed><course>176.979563</course><hAcc>1.481904</hAcc><vAcc>0.756743</vAcc></extensions></trkpt>
      <trkpt lon="-117.339657" lat="33.978874"><ele>304.597471</ele><time>2025-04-16T02:30:37Z</time><extensions><speed>1.525509</speed><course>173.896857</course><hAcc>1.518496</hAcc><vAcc>0.756743</vAcc></extensions></trkpt>
      <trkpt lon="-117.339654" lat="33.978860"><ele>304.582686</ele><time>2025-04-16T02:30:38Z</time><extensions><speed>1.815351</speed><course>165.936531</course><hAcc>1.554129</hAcc><vAcc>0.756743</vAcc></extensions></trkpt>
      <trkpt lon="-117.339649" lat="33.978846"><ele>304.579907</ele><time>2025-04-16T02:30:39Z</time><extensions><speed>1.337640</speed><course>161.964172</course><hAcc>1.600817</hAcc><vAcc>0.756743</vAcc></extensions></trkpt>
      <trkpt lon="-117.339646" lat="33.978836"><ele>304.571704</ele><time>2025-04-16T02:30:40Z</time><extensions><speed>0.884328</speed><course>163.510637</course><hAcc>1.594125</hAcc><vAcc>0.756743</vAcc></extensions></trkpt>
      <trkpt lon="-117.339644" lat="33.978830"><ele>304.579102</ele><time>2025-04-16T02:30:41Z</time><extensions><speed>0.582708</speed><course>164.166141</course><hAcc>1.599762</hAcc><vAcc>0.756742</vAcc></extensions></trkpt>
      <trkpt lon="-117.339642" lat="33.978825"><ele>304.599129</ele><time>2025-04-16T02:30:42Z</time><extensions><speed>0.496658</speed><course>165.323541</course><hAcc>1.615987</hAcc><vAcc>0.756742</vAcc></extensions></trkpt>
      <trkpt lon="-117.339641" lat="33.978821"><ele>304.633216</ele><time>2025-04-16T02:30:43Z</time><extensions><speed>0.528683</speed><course>165.347481</course><hAcc>1.617978</hAcc><vAcc>0.756742</vAcc></extensions></trkpt>
      <trkpt lon="-117.339639" lat="33.978815"><ele>304.673309</ele><time>2025-04-16T02:30:44Z</time><extensions><speed>0.685239</speed><course>166.832745</course><hAcc>1.609674</hAcc><vAcc>0.756742</vAcc></extensions></trkpt>
      <trkpt lon="-117.339637" lat="33.978808"><ele>304.721858</ele><time>2025-04-16T02:30:45Z</time><extensions><speed>0.950175</speed><course>168.993691</course><hAcc>1.602837</hAcc><vAcc>0.756742</vAcc></extensions></trkpt>
      <trkpt lon="-117.339636" lat="33.978798"><ele>304.773505</ele><time>2025-04-16T02:30:46Z</time><extensions><speed>1.207198</speed><course>172.948179</course><hAcc>1.606060</hAcc><vAcc>0.756742</vAcc></extensions></trkpt>
      <trkpt lon="-117.339634" lat="33.978786"><ele>304.831622</ele><time>2025-04-16T02:30:47Z</time><extensions><speed>1.508378</speed><course>174.125249</course><hAcc>1.587640</hAcc><vAcc>0.756742</vAcc></extensions></trkpt>
      <trkpt lon="-117.339632" lat="33.978772"><ele>304.901801</ele><time>2025-04-16T02:30:48Z</time><extensions><speed>1.613513</speed><course>172.445901</course><hAcc>1.575827</hAcc><vAcc>0.756742</vAcc></extensions></trkpt>
      <trkpt lon="-117.339630" lat="33.978759"><ele>304.970396</ele><time>2025-04-16T02:30:49Z</time><extensions><speed>1.344523</speed><course>171.312742</course><hAcc>1.580158</hAcc><vAcc>0.756742</vAcc></extensions></trkpt>
      <trkpt lon="-117.339628" lat="33.978747"><ele>305.037787</ele><time>2025-04-16T02:30:50Z</time><extensions><speed>1.239802</speed><course>170.812400</course><hAcc>1.542091</hAcc><vAcc>0.756742</vAcc></extensions></trkpt>
      <trkpt lon="-117.339626" lat="33.978737"><ele>305.122966</ele><time>2025-04-16T02:30:51Z</time><extensions><speed>1.064715</speed><course>169.990154</course><hAcc>1.503437</hAcc><vAcc>0.756742</vAcc></extensions></trkpt>
      <trkpt lon="-117.339625" lat="33.978727"><ele>305.188435</ele><time>2025-04-16T02:30:52Z</time><extensions><speed>1.058102</speed><course>177.681425</course><hAcc>1.494925</hAcc><vAcc>0.756742</vAcc></extensions></trkpt>
      <trkpt lon="-117.339625" lat="33.978716"><ele>305.247659</ele><time>2025-04-16T02:30:53Z</time><extensions><speed>1.207085</speed><course>185.404224</course><hAcc>1.520069</hAcc><vAcc>0.756742</vAcc></extensions></trkpt>
      <trkpt lon="-117.339627" lat="33.978705"><ele>305.305842</ele><time>2025-04-16T02:30:54Z</time><extensions><speed>1.349270</speed><course>186.088376</course><hAcc>1.543141</hAcc><vAcc>0.756742</vAcc></extensions></trkpt>
      <trkpt lon="-117.339628" lat="33.978692"><ele>305.364167</ele><time>2025-04-16T02:30:55Z</time><extensions><speed>1.503581</speed><course>182.516483</course><hAcc>1.511568</hAcc><vAcc>0.756742</vAcc></extensions></trkpt>
      <trkpt lon="-117.339629" lat="33.978678"><ele>305.417436</ele><time>2025-04-16T02:30:56Z</time><extensions><speed>1.507070</speed><course>185.595446</course><hAcc>1.497595</hAcc><vAcc>0.757017</vAcc></extensions></trkpt>
      <trkpt lon="-117.339631" lat="33.978665"><ele>305.473139</ele><time>2025-04-16T02:30:57Z</time><extensions><speed>1.417533</speed><course>187.727613</course><hAcc>1.500819</hAcc><vAcc>0.758090</vAcc></extensions></trkpt>
      <trkpt lon="-117.339633" lat="33.978653"><ele>305.529378</ele><time>2025-04-16T02:30:58Z</time><extensions><speed>1.350876</speed><course>186.747861</course><hAcc>1.498869</hAcc><vAcc>0.759733</vAcc></extensions></trkpt>
      <trkpt lon="-117.339634" lat="33.978641"><ele>305.584010</ele><time>2025-04-16T02:30:59Z</time><extensions><speed>1.290465</speed><course>185.164476</course><hAcc>1.541058</hAcc><vAcc>0.762516</vAcc></extensions></trkpt>
      <trkpt lon="-117.339635" lat="33.978628"><ele>305.631428</ele><time>2025-04-16T02:31:00Z</time><extensions><speed>1.417209</speed><course>182.721984</course><hAcc>1.524436</hAcc><vAcc>0.766501</vAcc></extensions></trkpt>
      <trkpt lon="-117.339636" lat="33.978615"><ele>305.682278</ele><time>2025-04-16T02:31:01Z</time><extensions><speed>1.483747</speed><course>182.148284</course><hAcc>1.508234</hAcc><vAcc>0.771911</vAcc></extensions></trkpt>
      <trkpt lon="-117.339636" lat="33.978602"><ele>305.720715</ele><time>2025-04-16T02:31:02Z</time><extensions><speed>1.416760</speed><course>180.701672</course><hAcc>1.527461</hAcc><vAcc>0.778662</vAcc></extensions></trkpt>
      <trkpt lon="-117.339637" lat="33.978589"><ele>305.769195</ele><time>2025-04-16T02:31:03Z</time><extensions><speed>1.314594</speed><course>179.347274</course><hAcc>1.572741</hAcc><vAcc>0.786772</vAcc></extensions></trkpt>
      <trkpt lon="-117.339637" lat="33.978577"><ele>305.814041</ele><time>2025-04-16T02:31:04Z</time><extensions><speed>1.518566</speed><course>180.320290</course><hAcc>1.584626</hAcc><vAcc>0.795577</vAcc></extensions></trkpt>
      <trkpt lon="-117.339637" lat="33.978563"><ele>305.854905</ele><time>2025-04-16T02:31:05Z</time><extensions><speed>1.572493</speed><course>179.422588</course><hAcc>1.571893</hAcc><vAcc>0.804698</vAcc></extensions></trkpt>
      <trkpt lon="-117.339636" lat="33.978548"><ele>305.890987</ele><time>2025-04-16T02:31:06Z</time><extensions><speed>1.558666</speed><course>177.013170</course><hAcc>1.587856</hAcc><vAcc>0.814042</vAcc></extensions></trkpt>
      <trkpt lon="-117.339635" lat="33.978535"><ele>305.936251</ele><time>2025-04-16T02:31:07Z</time><extensions><speed>1.393464</speed><course>177.191527</course><hAcc>1.626453</hAcc><vAcc>0.822819</vAcc></extensions></trkpt>
      <trkpt lon="-117.339635" lat="33.978523"><ele>305.982587</ele><time>2025-04-16T02:31:08Z</time><extensions><speed>1.266751</speed><course>179.425037</course><hAcc>1.626059</hAcc><vAcc>0.830375</vAcc></extensions></trkpt>
      <trkpt lon="-117.339635" lat="33.978512"><ele>306.029720</ele><time>2025-04-16T02:31:09Z</time><extensions><speed>1.200399</speed><course>182.454246</course><hAcc>1.639558</hAcc><vAcc>0.835793</vAcc></extensions></trkpt>
      <trkpt lon="-117.339636" lat="33.978501"><ele>306.062669</ele><time>2025-04-16T02:31:10Z</time><extensions><speed>1.214970</speed><course>184.118608</course><hAcc>1.655969</hAcc><vAcc>0.839584</vAcc></extensions></trkpt>
      <trkpt lon="-117.339637" lat="33.978490"><ele>306.086493</ele><time>2025-04-16T02:31:11Z</time><extensions><speed>1.221185</speed><course>186.120050</course><hAcc>1.674317</hAcc><vAcc>0.841395</vAcc></extensions></trkpt>
      <trkpt lon="-117.339638" lat="33.978479"><ele>306.116394</ele><time>2025-04-16T02:31:12Z</time><extensions><speed>1.244732</speed><course>187.165654</course><hAcc>1.682730</hAcc><vAcc>0.841037</vAcc></extensions></trkpt>
      <trkpt lon="-117.339640" lat="33.978468"><ele>306.143727</ele><time>2025-04-16T02:31:13Z</time><extensions><speed>1.228265</speed><course>185.785191</course><hAcc>1.692887</hAcc><vAcc>0.838502</vAcc></extensions></trkpt>
      <trkpt lon="-117.339641" lat="33.978457"><ele>306.175768</ele><time>2025-04-16T02:31:14Z</time><extensions><speed>1.204569</speed><course>182.206252</course><hAcc>1.694818</hAcc><vAcc>0.833954</vAcc></extensions></trkpt>
      <trkpt lon="-117.339641" lat="33.978446"><ele>306.201294</ele><time>2025-04-16T02:31:15Z</time><extensions><speed>1.179350</speed><course>176.312186</course><hAcc>1.693317</hAcc><vAcc>0.827722</vAcc></extensions></trkpt>
      <trkpt lon="-117.339640" lat="33.978435"><ele>306.227961</ele><time>2025-04-16T02:31:16Z</time><extensions><speed>1.178439</speed><course>175.431211</course><hAcc>1.692510</hAcc><vAcc>0.820216</vAcc></extensions></trkpt>
      <trkpt lon="-117.339640" lat="33.978425"><ele>306.259421</ele><time>2025-04-16T02:31:17Z</time><extensions><speed>1.092773</speed><course>183.226134</course><hAcc>1.692642</hAcc><vAcc>0.812158</vAcc></extensions></trkpt>
      <trkpt lon="-117.339641" lat="33.978415"><ele>306.283008</ele><time>2025-04-16T02:31:18Z</time><extensions><speed>1.041563</speed><course>193.975292</course><hAcc>1.684779</hAcc><vAcc>0.804040</vAcc></extensions></trkpt>
      <trkpt lon="-117.339644" lat="33.978406"><ele>306.294005</ele><time>2025-04-16T02:31:19Z</time><extensions><speed>1.044439</speed><course>195.299466</course><hAcc>1.652965</hAcc><vAcc>0.795990</vAcc></extensions></trkpt>
      <trkpt lon="-117.339647" lat="33.978397"><ele>306.300668</ele><time>2025-04-16T02:31:20Z</time><extensions><speed>1.099795</speed><course>191.830478</course><hAcc>1.625641</hAcc><vAcc>0.788626</vAcc></extensions></trkpt>
      <trkpt lon="-117.339649" lat="33.978386"><ele>306.320217</ele><time>2025-04-16T02:31:21Z</time><extensions><speed>1.173662</speed><course>188.885814</course><hAcc>1.614136</hAcc><vAcc>0.782215</vAcc></extensions></trkpt>
      <trkpt lon="-117.339651" lat="33.978375"><ele>306.344921</ele><time>2025-04-16T02:31:22Z</time><extensions><speed>1.354987</speed><course>188.147131</course><hAcc>1.610243</hAcc><vAcc>0.776877</vAcc></extensions></trkpt>
      <trkpt lon="-117.339653" lat="33.978362"><ele>306.358650</ele><time>2025-04-16T02:31:23Z</time><extensions><speed>1.606247</speed><course>186.248203</course><hAcc>1.591563</hAcc><vAcc>0.772610</vAcc></extensions></trkpt>
      <trkpt lon="-117.339654" lat="33.978347"><ele>306.362113</ele><time>2025-04-16T02:31:24Z</time><extensions><speed>1.525468</speed><course>184.479215</course><hAcc>1.584674</hAcc><vAcc>0.769324</vAcc></extensions></trkpt>
      <trkpt lon="-117.339655" lat="33.978334"><ele>306.359183</ele><time>2025-04-16T02:31:25Z</time><extensions><speed>1.407047</speed><course>178.932547</course><hAcc>1.559139</hAcc><vAcc>0.766870</vAcc></extensions></trkpt>
      <trkpt lon="-117.339654" lat="33.978321"><ele>306.348866</ele><time>2025-04-16T02:31:26Z</time><extensions><speed>1.472061</speed><course>177.394657</course><hAcc>1.520087</hAcc><vAcc>0.765061</vAcc></extensions></trkpt>
      <trkpt lon="-117.339654" lat="33.978307"><ele>306.323208</ele><time>2025-04-16T02:31:27Z</time><extensions><speed>1.618210</speed><course>181.837665</course><hAcc>1.509267</hAcc><vAcc>0.763698</vAcc></extensions></trkpt>
      <trkpt lon="-117.339655" lat="33.978293"><ele>306.309610</ele><time>2025-04-16T02:31:28Z</time><extensions><speed>1.473420</speed><course>185.522204</course><hAcc>1.527438</hAcc><vAcc>0.762596</vAcc></extensions></trkpt>
      <trkpt lon="-117.339657" lat="33.978279"><ele>306.278891</ele><time>2025-04-16T02:31:29Z</time><extensions><speed>1.450142</speed><course>184.575950</course><hAcc>1.503056</hAcc><vAcc>0.761641</vAcc></extensions></trkpt>
      <trkpt lon="-117.339657" lat="33.978267"><ele>306.241573</ele><time>2025-04-16T02:31:30Z</time><extensions><speed>1.314218</speed><course>180.940645</course><hAcc>1.513150</hAcc><vAcc>0.760793</vAcc></extensions></trkpt>
      <trkpt lon="-117.339656" lat="33.978255"><ele>306.195317</ele><time>2025-04-16T02:31:31Z</time><extensions><speed>1.219683</speed><course>172.440328</course><hAcc>1.480042</hAcc><vAcc>0.760044</vAcc></extensions></trkpt>
      <trkpt lon="-117.339654" lat="33.978245"><ele>306.151969</ele><time>2025-04-16T02:31:32Z</time><extensions><speed>1.094038</speed><course>164.237672</course><hAcc>1.494748</hAcc><vAcc>0.759392</vAcc></extensions></trkpt>
      <trkpt lon="-117.339651" lat="33.978235"><ele>306.106984</ele><time>2025-04-16T02:31:33Z</time><extensions><speed>0.982946</speed><course>168.364943</course><hAcc>1.549403</hAcc><vAcc>0.758834</vAcc></extensions></trkpt>
      <trkpt lon="-117.339650" lat="33.978226"><ele>306.063562</ele><time>2025-04-16T02:31:34Z</time><extensions><speed>1.055515</speed><course>173.939140</course><hAcc>1.563034</hAcc><vAcc>0.758366</vAcc></extensions></trkpt>
      <trkpt lon="-117.339648" lat="33.978215"><ele>306.019071</ele><time>2025-04-16T02:31:35Z</time><extensions><speed>1.288682</speed><course>175.326364</course><hAcc>1.526034</hAcc><vAcc>0.757982</vAcc></extensions></trkpt>
      <trkpt lon="-117.339648" lat="33.978203"><ele>305.983555</ele><time>2025-04-16T02:31:36Z</time><extensions><speed>1.446752</speed><course>176.205613</course><hAcc>1.539263</hAcc><vAcc>0.757673</vAcc></extensions></trkpt>
      <trkpt lon="-117.339647" lat="33.978189"><ele>305.944724</ele><time>2025-04-16T02:31:37Z</time><extensions><speed>1.521153</speed><course>177.186966</course><hAcc>1.585435</hAcc><vAcc>0.757429</vAcc></extensions></trkpt>
      <trkpt lon="-117.339646" lat="33.978175"><ele>305.908410</ele><time>2025-04-16T02:31:38Z</time><extensions><speed>1.571749</speed><course>176.577337</course><hAcc>1.618499</hAcc><vAcc>0.757241</vAcc></extensions></trkpt>
      <trkpt lon="-117.339645" lat="33.978161"><ele>305.878212</ele><time>2025-04-16T02:31:39Z</time><extensions><speed>1.624916</speed><course>175.621694</course><hAcc>1.622090</hAcc><vAcc>0.757099</vAcc></extensions></trkpt>
      <trkpt lon="-117.339643" lat="33.978146"><ele>305.839021</ele><time>2025-04-16T02:31:40Z</time><extensions><speed>1.577892</speed><course>174.425106</course><hAcc>1.614973</hAcc><vAcc>0.756993</vAcc></extensions></trkpt>
      <trkpt lon="-117.339641" lat="33.978132"><ele>305.802039</ele><time>2025-04-16T02:31:41Z</time><extensions><speed>1.480210</speed><course>171.911140</course><hAcc>1.602746</hAcc><vAcc>0.756916</vAcc></extensions></trkpt>
      <trkpt lon="-117.339639" lat="33.978119"><ele>305.778653</ele><time>2025-04-16T02:31:42Z</time><extensions><speed>1.372747</speed><course>171.439598</course><hAcc>1.610389</hAcc><vAcc>0.756862</vAcc></extensions></trkpt>
      <trkpt lon="-117.339637" lat="33.978108"><ele>305.766671</ele><time>2025-04-16T02:31:43Z</time><extensions><speed>1.103017</speed><course>172.352179</course><hAcc>1.660641</hAcc><vAcc>0.756824</vAcc></extensions></trkpt>
      <trkpt lon="-117.339637" lat="33.978098"><ele>305.763420</ele><time>2025-04-16T02:31:44Z</time><extensions><speed>1.238871</speed><course>187.876232</course><hAcc>1.624200</hAcc><vAcc>0.756878</vAcc></extensions></trkpt>
      <trkpt lon="-117.339639" lat="33.978086"><ele>305.786658</ele><time>2025-04-16T02:31:45Z</time><extensions><speed>1.250146</speed><course>190.832577</course><hAcc>1.615647</hAcc><vAcc>0.757081</vAcc></extensions></trkpt>
      <trkpt lon="-117.339641" lat="33.978074"><ele>305.805814</ele><time>2025-04-16T02:31:46Z</time><extensions><speed>1.469934</speed><course>185.168087</course><hAcc>1.633403</hAcc><vAcc>0.757197</vAcc></extensions></trkpt>
      <trkpt lon="-117.339642" lat="33.978060"><ele>305.832860</ele><time>2025-04-16T02:31:47Z</time><extensions><speed>1.574965</speed><course>178.744136</course><hAcc>1.681689</hAcc><vAcc>0.757341</vAcc></extensions></trkpt>
      <trkpt lon="-117.339642" lat="33.978046"><ele>305.878697</ele><time>2025-04-16T02:31:48Z</time><extensions><speed>1.551690</speed><course>178.312915</course><hAcc>1.695623</hAcc><vAcc>0.757510</vAcc></extensions></trkpt>
      <trkpt lon="-117.339641" lat="33.978033"><ele>305.956770</ele><time>2025-04-16T02:31:49Z</time><extensions><speed>1.439849</speed><course>178.321830</course><hAcc>1.678544</hAcc><vAcc>0.757700</vAcc></extensions></trkpt>
      <trkpt lon="-117.339640" lat="33.978020"><ele>306.029898</ele><time>2025-04-16T02:31:50Z</time><extensions><speed>1.340496</speed><course>176.116921</course><hAcc>1.657782</hAcc><vAcc>0.757903</vAcc></extensions></trkpt>
      <trkpt lon="-117.339639" lat="33.978008"><ele>306.091888</ele><time>2025-04-16T02:31:51Z</time><extensions><speed>1.338555</speed><course>173.803456</course><hAcc>1.628873</hAcc><vAcc>0.758110</vAcc></extensions></trkpt>
      <trkpt lon="-117.339637" lat="33.977996"><ele>306.146167</ele><time>2025-04-16T02:31:52Z</time><extensions><speed>1.387592</speed><course>173.774615</course><hAcc>1.608720</hAcc><vAcc>0.758302</vAcc></extensions></trkpt>
      <trkpt lon="-117.339636" lat="33.977983"><ele>306.189437</ele><time>2025-04-16T02:31:53Z</time><extensions><speed>1.438237</speed><course>175.668622</course><hAcc>1.604918</hAcc><vAcc>0.758458</vAcc></extensions></trkpt>
      <trkpt lon="-117.339635" lat="33.977970"><ele>306.245268</ele><time>2025-04-16T02:31:54Z</time><extensions><speed>1.488161</speed><course>177.456427</course><hAcc>1.600295</hAcc><vAcc>0.758549</vAcc></extensions></trkpt>
      <trkpt lon="-117.339635" lat="33.977957"><ele>306.302438</ele><time>2025-04-16T02:31:55Z</time><extensions><speed>1.290554</speed><course>178.669645</course><hAcc>1.613893</hAcc><vAcc>0.758565</vAcc></extensions></trkpt>
      <trkpt lon="-117.339634" lat="33.977946"><ele>306.365332</ele><time>2025-04-16T02:31:56Z</time><extensions><speed>1.231299</speed><course>179.282473</course><hAcc>1.560908</hAcc><vAcc>0.758478</vAcc></extensions></trkpt>
      <trkpt lon="-117.339634" lat="33.977935"><ele>306.430910</ele><time>2025-04-16T02:31:57Z</time><extensions><speed>1.179519</speed><course>178.460545</course><hAcc>1.525293</hAcc><vAcc>0.758321</vAcc></extensions></trkpt>
      <trkpt lon="-117.339634" lat="33.977924"><ele>306.484402</ele><time>2025-04-16T02:31:58Z</time><extensions><speed>1.176169</speed><course>176.886942</course><hAcc>1.538921</hAcc><vAcc>0.758538</vAcc></extensions></trkpt>
      <trkpt lon="-117.339633" lat="33.977913"><ele>306.534914</ele><time>2025-04-16T02:31:59Z</time><extensions><speed>1.316954</speed><course>178.468628</course><hAcc>1.541131</hAcc><vAcc>0.758693</vAcc></extensions></trkpt>
      <trkpt lon="-117.339633" lat="33.977901"><ele>306.585594</ele><time>2025-04-16T02:32:00Z</time><extensions><speed>1.324698</speed><course>179.189293</course><hAcc>1.567787</hAcc><vAcc>0.759342</vAcc></extensions></trkpt>
      <trkpt lon="-117.339633" lat="33.977889"><ele>306.627304</ele><time>2025-04-16T02:32:01Z</time><extensions><speed>1.249485</speed><course>178.424786</course><hAcc>1.573388</hAcc><vAcc>0.760270</vAcc></extensions></trkpt>
      <trkpt lon="-117.339632" lat="33.977878"><ele>306.675026</ele><time>2025-04-16T02:32:02Z</time><extensions><speed>1.182471</speed><course>176.343082</course><hAcc>1.567566</hAcc><vAcc>0.761852</vAcc></extensions></trkpt>
      <trkpt lon="-117.339631" lat="33.977867"><ele>306.737771</ele><time>2025-04-16T02:32:03Z</time><extensions><speed>1.147051</speed><course>177.525545</course><hAcc>1.558185</hAcc><vAcc>0.764103</vAcc></extensions></trkpt>
      <trkpt lon="-117.339631" lat="33.977857"><ele>306.817684</ele><time>2025-04-16T02:32:04Z</time><extensions><speed>1.161680</speed><course>181.300494</course><hAcc>1.561099</hAcc><vAcc>0.767192</vAcc></extensions></trkpt>
      <trkpt lon="-117.339632" lat="33.977846"><ele>306.887000</ele><time>2025-04-16T02:32:05Z</time><extensions><speed>1.244113</speed><course>184.636279</course><hAcc>1.570596</hAcc><vAcc>0.771236</vAcc></extensions></trkpt>
      <trkpt lon="-117.339634" lat="33.977835"><ele>306.960234</ele><time>2025-04-16T02:32:06Z</time><extensions><speed>1.369012</speed><course>188.524588</course><hAcc>1.558754</hAcc><vAcc>0.776116</vAcc></extensions></trkpt>
      <trkpt lon="-117.339637" lat="33.977822"><ele>307.034042</ele><time>2025-04-16T02:32:07Z</time><extensions><speed>1.377353</speed><course>192.594154</course><hAcc>1.557811</hAcc><vAcc>0.782558</vAcc></extensions></trkpt>
      <trkpt lon="-117.339641" lat="33.977810"><ele>307.119198</ele><time>2025-04-16T02:32:08Z</time><extensions><speed>1.389177</speed><course>194.487863</course><hAcc>1.582079</hAcc><vAcc>0.790289</vAcc></extensions></trkpt>
      <trkpt lon="-117.339645" lat="33.977798"><ele>307.201959</ele><time>2025-04-16T02:32:09Z</time><extensions><speed>1.513527</speed><course>193.742316</course><hAcc>1.575858</hAcc><vAcc>0.799037</vAcc></extensions></trkpt>
      <trkpt lon="-117.339648" lat="33.977785"><ele>307.281178</ele><time>2025-04-16T02:32:10Z</time><extensions><speed>1.449852</speed><course>191.015292</course><hAcc>1.591567</hAcc><vAcc>0.808713</vAcc></extensions></trkpt>
      <trkpt lon="-117.339651" lat="33.977773"><ele>307.360595</ele><time>2025-04-16T02:32:11Z</time><extensions><speed>1.234943</speed><course>193.317468</course><hAcc>1.603454</hAcc><vAcc>0.819477</vAcc></extensions></trkpt>
      <trkpt lon="-117.339655" lat="33.977763"><ele>307.433041</ele><time>2025-04-16T02:32:12Z</time><extensions><speed>1.043778</speed><course>198.107344</course><hAcc>1.610714</hAcc><vAcc>0.830592</vAcc></extensions></trkpt>
      <trkpt lon="-117.339659" lat="33.977755"><ele>307.492632</ele><time>2025-04-16T02:32:13Z</time><extensions><speed>0.928687</speed><course>204.360885</course><hAcc>1.626125</hAcc><vAcc>0.841581</vAcc></extensions></trkpt>
      <trkpt lon="-117.339663" lat="33.977747"><ele>307.541989</ele><time>2025-04-16T02:32:14Z</time><extensions><speed>0.866906</speed><course>204.700181</course><hAcc>1.649676</hAcc><vAcc>0.852543</vAcc></extensions></trkpt>
      <trkpt lon="-117.339666" lat="33.977740"><ele>307.585923</ele><time>2025-04-16T02:32:15Z</time><extensions><speed>0.941350</speed><course>197.063870</course><hAcc>1.675879</hAcc><vAcc>0.864335</vAcc></extensions></trkpt>
      <trkpt lon="-117.339669" lat="33.977731"><ele>307.621272</ele><time>2025-04-16T02:32:16Z</time><extensions><speed>1.058202</speed><course>191.424357</course><hAcc>1.683201</hAcc><vAcc>0.876669</vAcc></extensions></trkpt>
      <trkpt lon="-117.339671" lat="33.977722"><ele>307.644267</ele><time>2025-04-16T02:32:17Z</time><extensions><speed>1.079104</speed><course>188.120878</course><hAcc>1.683496</hAcc><vAcc>0.888897</vAcc></extensions></trkpt>
      <trkpt lon="-117.339672" lat="33.977713"><ele>307.648019</ele><time>2025-04-16T02:32:18Z</time><extensions><speed>0.884171</speed><course>179.976476</course><hAcc>1.679346</hAcc><vAcc>0.900547</vAcc></extensions></trkpt>
      <trkpt lon="-117.339672" lat="33.977706"><ele>307.639871</ele><time>2025-04-16T02:32:19Z</time><extensions><speed>0.758378</speed><course>169.366626</course><hAcc>1.677054</hAcc><vAcc>0.912019</vAcc></extensions></trkpt>
      <trkpt lon="-117.339669" lat="33.977700"><ele>307.607897</ele><time>2025-04-16T02:32:20Z</time><extensions><speed>0.703027</speed><course>158.239113</course><hAcc>1.662227</hAcc><vAcc>0.922317</vAcc></extensions></trkpt>
      <trkpt lon="-117.339666" lat="33.977695"><ele>307.545185</ele><time>2025-04-16T02:32:21Z</time><extensions><speed>0.634811</speed><course>152.726836</course><hAcc>1.634232</hAcc><vAcc>0.930550</vAcc></extensions></trkpt>
      <trkpt lon="-117.339663" lat="33.977690"><ele>307.476846</ele><time>2025-04-16T02:32:22Z</time><extensions><speed>0.701796</speed><course>146.792668</course><hAcc>1.625005</hAcc><vAcc>0.935979</vAcc></extensions></trkpt>
      <trkpt lon="-117.339658" lat="33.977684"><ele>307.415353</ele><time>2025-04-16T02:32:23Z</time><extensions><speed>0.839481</speed><course>145.537297</course><hAcc>1.603241</hAcc><vAcc>0.939270</vAcc></extensions></trkpt>
      <trkpt lon="-117.339652" lat="33.977677"><ele>307.339726</ele><time>2025-04-16T02:32:24Z</time><extensions><speed>1.067890</speed><course>142.738725</course><hAcc>1.580286</hAcc><vAcc>0.941074</vAcc></extensions></trkpt>
      <trkpt lon="-117.339644" lat="33.977670"><ele>307.253813</ele><time>2025-04-16T02:32:25Z</time><extensions><speed>1.143618</speed><course>136.798706</course><hAcc>1.575651</hAcc><vAcc>0.942076</vAcc></extensions></trkpt>
      <trkpt lon="-117.339635" lat="33.977663"><ele>307.153908</ele><time>2025-04-16T02:32:26Z</time><extensions><speed>1.131709</speed><course>130.874704</course><hAcc>1.563525</hAcc><vAcc>0.941431</vAcc></extensions></trkpt>
      <trkpt lon="-117.339626" lat="33.977657"><ele>307.052383</ele><time>2025-04-16T02:32:27Z</time><extensions><speed>0.934781</speed><course>122.380085</course><hAcc>1.524645</hAcc><vAcc>0.940264</vAcc></extensions></trkpt>
      <trkpt lon="-117.339618" lat="33.977654"><ele>306.961299</ele><time>2025-04-16T02:32:28Z</time><extensions><speed>0.797379</speed><course>111.343676</course><hAcc>1.505470</hAcc><vAcc>0.938358</vAcc></extensions></trkpt>
      <trkpt lon="-117.339610" lat="33.977652"><ele>306.871786</ele><time>2025-04-16T02:32:29Z</time><extensions><speed>0.753807</speed><course>101.996814</course><hAcc>1.514606</hAcc><vAcc>0.935085</vAcc></extensions></trkpt>
      <trkpt lon="-117.339601" lat="33.977651"><ele>306.795068</ele><time>2025-04-16T02:32:30Z</time><extensions><speed>0.925303</speed><course>98.926680</course><hAcc>1.516130</hAcc><vAcc>0.930511</vAcc></extensions></trkpt>
      <trkpt lon="-117.339590" lat="33.977650"><ele>306.716408</ele><time>2025-04-16T02:32:31Z</time><extensions><speed>1.160280</speed><course>93.983251</course><hAcc>1.478227</hAcc><vAcc>0.924537</vAcc></extensions></trkpt>
      <trkpt lon="-117.339577" lat="33.977649"><ele>306.649086</ele><time>2025-04-16T02:32:32Z</time><extensions><speed>1.224390</speed><course>91.541871</course><hAcc>1.473650</hAcc><vAcc>0.918333</vAcc></extensions></trkpt>
      <trkpt lon="-117.339563" lat="33.977649"><ele>306.592096</ele><time>2025-04-16T02:32:33Z</time><extensions><speed>1.187223</speed><course>88.627308</course><hAcc>1.482344</hAcc><vAcc>0.911629</vAcc></extensions></trkpt>
      <trkpt lon="-117.339550" lat="33.977650"><ele>306.534568</ele><time>2025-04-16T02:32:34Z</time><extensions><speed>1.198128</speed><course>85.973109</course><hAcc>1.501412</hAcc><vAcc>0.906045</vAcc></extensions></trkpt>
      <trkpt lon="-117.339537" lat="33.977650"><ele>306.475374</ele><time>2025-04-16T02:32:35Z</time><extensions><speed>1.318574</speed><course>87.284076</course><hAcc>1.528638</hAcc><vAcc>0.900949</vAcc></extensions></trkpt>
      <trkpt lon="-117.339522" lat="33.977650"><ele>306.423867</ele><time>2025-04-16T02:32:36Z</time><extensions><speed>1.377125</speed><course>89.445981</course><hAcc>1.522782</hAcc><vAcc>0.898138</vAcc></extensions></trkpt>
      <trkpt lon="-117.339507" lat="33.977650"><ele>306.383791</ele><time>2025-04-16T02:32:37Z</time><extensions><speed>1.396490</speed><course>89.838004</course><hAcc>1.527597</hAcc><vAcc>0.896291</vAcc></extensions></trkpt>
      <trkpt lon="-117.339492" lat="33.977650"><ele>306.348418</ele><time>2025-04-16T02:32:38Z</time><extensions><speed>1.423853</speed><course>90.155656</course><hAcc>1.536247</hAcc><vAcc>0.895883</vAcc></extensions></trkpt>
      <trkpt lon="-117.339476" lat="33.977650"><ele>306.317783</ele><time>2025-04-16T02:32:39Z</time><extensions><speed>1.494976</speed><course>92.066773</course><hAcc>1.539345</hAcc><vAcc>0.896755</vAcc></extensions></trkpt>
      <trkpt lon="-117.339460" lat="33.977648"><ele>306.295184</ele><time>2025-04-16T02:32:40Z</time><extensions><speed>1.422866</speed><course>95.789163</course><hAcc>1.533652</hAcc><vAcc>0.898593</vAcc></extensions></trkpt>
      <trkpt lon="-117.339446" lat="33.977646"><ele>306.272281</ele><time>2025-04-16T02:32:41Z</time><extensions><speed>1.347341</speed><course>100.427051</course><hAcc>1.527278</hAcc><vAcc>0.901963</vAcc></extensions></trkpt>
      <trkpt lon="-117.339433" lat="33.977643"><ele>306.238142</ele><time>2025-04-16T02:32:42Z</time><extensions><speed>1.211364</speed><course>111.020831</course><hAcc>1.512091</hAcc><vAcc>0.904462</vAcc></extensions></trkpt>
      <trkpt lon="-117.339421" lat="33.977639"><ele>306.192047</ele><time>2025-04-16T02:32:43Z</time><extensions><speed>1.116639</speed><course>119.465035</course><hAcc>1.491703</hAcc><vAcc>0.905831</vAcc></extensions></trkpt>
      <trkpt lon="-117.339411" lat="33.977633"><ele>306.156278</ele><time>2025-04-16T02:32:44Z</time><extensions><speed>1.115854</speed><course>127.766844</course><hAcc>1.482717</hAcc><vAcc>0.907592</vAcc></extensions></trkpt>
      <trkpt lon="-117.339402" lat="33.977626"><ele>306.125844</ele><time>2025-04-16T02:32:45Z</time><extensions><speed>1.154486</speed><course>137.774075</course><hAcc>1.485383</hAcc><vAcc>0.908380</vAcc></extensions></trkpt>
      <trkpt lon="-117.339394" lat="33.977618"><ele>306.108805</ele><time>2025-04-16T02:32:46Z</time><extensions><speed>1.162430</speed><course>143.314259</course><hAcc>1.509845</hAcc><vAcc>0.907919</vAcc></extensions></trkpt>
      <trkpt lon="-117.339387" lat="33.977608"><ele>306.111638</ele><time>2025-04-16T02:32:47Z</time><extensions><speed>1.416334</speed><course>158.551853</course><hAcc>1.484260</hAcc><vAcc>0.906696</vAcc></extensions></trkpt>
      <trkpt lon="-117.339383" lat="33.977596"><ele>306.120719</ele><time>2025-04-16T02:32:48Z</time><extensions><speed>1.356048</speed><course>166.700998</course><hAcc>1.490964</hAcc><vAcc>0.904571</vAcc></extensions></trkpt>
      <trkpt lon="-117.339380" lat="33.977583"><ele>306.140273</ele><time>2025-04-16T02:32:49Z</time><extensions><speed>1.409853</speed><course>172.962065</course><hAcc>1.475092</hAcc><vAcc>0.901702</vAcc></extensions></trkpt>
      <trkpt lon="-117.339379" lat="33.977570"><ele>306.151962</ele><time>2025-04-16T02:32:50Z</time><extensions><speed>1.507506</speed><course>176.144512</course><hAcc>1.478785</hAcc><vAcc>0.897401</vAcc></extensions></trkpt>
      <trkpt lon="-117.339378" lat="33.977557"><ele>306.166745</ele><time>2025-04-16T02:32:51Z</time><extensions><speed>1.381367</speed><course>177.670021</course><hAcc>1.493694</hAcc><vAcc>0.891895</vAcc></extensions></trkpt>
      <trkpt lon="-117.339377" lat="33.977545"><ele>306.188001</ele><time>2025-04-16T02:32:52Z</time><extensions><speed>1.354258</speed><course>176.046633</course><hAcc>1.482981</hAcc><vAcc>0.886195</vAcc></extensions></trkpt>
      <trkpt lon="-117.339375" lat="33.977533"><ele>306.203988</ele><time>2025-04-16T02:32:53Z</time><extensions><speed>1.283810</speed><course>171.902902</course><hAcc>1.486828</hAcc><vAcc>0.880009</vAcc></extensions></trkpt>
      <trkpt lon="-117.339373" lat="33.977522"><ele>306.227077</ele><time>2025-04-16T02:32:54Z</time><extensions><speed>1.197843</speed><course>165.590280</course><hAcc>1.500858</hAcc><vAcc>0.873807</vAcc></extensions></trkpt>
      <trkpt lon="-117.339368" lat="33.977512"><ele>306.236417</ele><time>2025-04-16T02:32:55Z</time><extensions><speed>1.141531</speed><course>154.921677</course><hAcc>1.504077</hAcc><vAcc>0.868147</vAcc></extensions></trkpt>
      <trkpt lon="-117.339363" lat="33.977503"><ele>306.244329</ele><time>2025-04-16T02:32:56Z</time><extensions><speed>1.161824</speed><course>149.479618</course><hAcc>1.505440</hAcc><vAcc>0.863311</vAcc></extensions></trkpt>
      <trkpt lon="-117.339357" lat="33.977494"><ele>306.275049</ele><time>2025-04-16T02:32:57Z</time><extensions><speed>1.189415</speed><course>152.496220</course><hAcc>1.515767</hAcc><vAcc>0.860745</vAcc></extensions></trkpt>
      <trkpt lon="-117.339351" lat="33.977484"><ele>306.301404</ele><time>2025-04-16T02:32:58Z</time><extensions><speed>1.128251</speed><course>159.415196</course><hAcc>1.519943</hAcc><vAcc>0.858817</vAcc></extensions></trkpt>
      <trkpt lon="-117.339347" lat="33.977475"><ele>306.321696</ele><time>2025-04-16T02:32:59Z</time><extensions><speed>1.130574</speed><course>161.081781</course><hAcc>1.502754</hAcc><vAcc>0.858100</vAcc></extensions></trkpt>
      <trkpt lon="-117.339344" lat="33.977465"><ele>306.329309</ele><time>2025-04-16T02:33:00Z</time><extensions><speed>1.074491</speed><course>163.586003</course><hAcc>1.488822</hAcc><vAcc>0.857919</vAcc></extensions></trkpt>
      <trkpt lon="-117.339339" lat="33.977456"><ele>306.329379</ele><time>2025-04-16T02:33:01Z</time><extensions><speed>1.134807</speed><course>154.759972</course><hAcc>1.488596</hAcc><vAcc>0.857915</vAcc></extensions></trkpt>
      <trkpt lon="-117.339333" lat="33.977447"><ele>306.321941</ele><time>2025-04-16T02:33:02Z</time><extensions><speed>1.124786</speed><course>146.428524</course><hAcc>1.485302</hAcc><vAcc>0.857793</vAcc></extensions></trkpt>
      <trkpt lon="-117.339326" lat="33.977440"><ele>306.326734</ele><time>2025-04-16T02:33:03Z</time><extensions><speed>0.972198</speed><course>135.110593</course><hAcc>1.464524</hAcc><vAcc>0.857400</vAcc></extensions></trkpt>
      <trkpt lon="-117.339319" lat="33.977435"><ele>306.353185</ele><time>2025-04-16T02:33:04Z</time><extensions><speed>0.892896</speed><course>120.934046</course><hAcc>1.444469</hAcc><vAcc>0.856222</vAcc></extensions></trkpt>
      <trkpt lon="-117.339309" lat="33.977431"><ele>306.373520</ele><time>2025-04-16T02:33:05Z</time><extensions><speed>1.020098</speed><course>113.897133</course><hAcc>1.418048</hAcc><vAcc>0.854452</vAcc></extensions></trkpt>
      <trkpt lon="-117.339298" lat="33.977427"><ele>306.387403</ele><time>2025-04-16T02:33:06Z</time><extensions><speed>1.249957</speed><course>111.464982</course><hAcc>1.421507</hAcc><vAcc>0.851568</vAcc></extensions></trkpt>
      <trkpt lon="-117.339285" lat="33.977423"><ele>306.386745</ele><time>2025-04-16T02:33:07Z</time><extensions><speed>1.265590</speed><course>109.064495</course><hAcc>1.441271</hAcc><vAcc>0.847589</vAcc></extensions></trkpt>
      <trkpt lon="-117.339273" lat="33.977419"><ele>306.377140</ele><time>2025-04-16T02:33:08Z</time><extensions><speed>1.181224</speed><course>113.343364</course><hAcc>1.418211</hAcc><vAcc>0.842735</vAcc></extensions></trkpt>
      <trkpt lon="-117.339262" lat="33.977415"><ele>306.378632</ele><time>2025-04-16T02:33:09Z</time><extensions><speed>1.018441</speed><course>120.273394</course><hAcc>1.407761</hAcc><vAcc>0.836944</vAcc></extensions></trkpt>
      <trkpt lon="-117.339254" lat="33.977410"><ele>306.384232</ele><time>2025-04-16T02:33:10Z</time><extensions><speed>0.906094</speed><course>122.192879</course><hAcc>1.392137</hAcc><vAcc>0.830349</vAcc></extensions></trkpt>
      <trkpt lon="-117.339245" lat="33.977406"><ele>306.373579</ele><time>2025-04-16T02:33:11Z</time><extensions><speed>0.961206</speed><course>121.142360</course><hAcc>1.382848</hAcc><vAcc>0.823597</vAcc></extensions></trkpt>
      <trkpt lon="-117.339235" lat="33.977401"><ele>306.368035</ele><time>2025-04-16T02:33:12Z</time><extensions><speed>1.095342</speed><course>120.240806</course><hAcc>1.378148</hAcc><vAcc>0.816393</vAcc></extensions></trkpt>
      <trkpt lon="-117.339225" lat="33.977396"><ele>306.367104</ele><time>2025-04-16T02:33:13Z</time><extensions><speed>1.130672</speed><course>116.292855</course><hAcc>1.373314</hAcc><vAcc>0.809193</vAcc></extensions></trkpt>
      <trkpt lon="-117.339214" lat="33.977391"><ele>306.359531</ele><time>2025-04-16T02:33:14Z</time><extensions><speed>1.127485</speed><course>119.442641</course><hAcc>1.354659</hAcc><vAcc>0.802198</vAcc></extensions></trkpt>
      <trkpt lon="-117.339204" lat="33.977386"><ele>306.354401</ele><time>2025-04-16T02:33:15Z</time><extensions><speed>1.060201</speed><course>119.676711</course><hAcc>1.345310</hAcc><vAcc>0.795572</vAcc></extensions></trkpt>
      <trkpt lon="-117.339194" lat="33.977382"><ele>306.340960</ele><time>2025-04-16T02:33:16Z</time><extensions><speed>0.919412</speed><course>114.989308</course><hAcc>1.325464</hAcc><vAcc>0.789446</vAcc></extensions></trkpt>
      <trkpt lon="-117.339185" lat="33.977379"><ele>306.337409</ele><time>2025-04-16T02:33:17Z</time><extensions><speed>0.929491</speed><course>107.691077</course><hAcc>1.299737</hAcc><vAcc>0.783916</vAcc></extensions></trkpt>
      <trkpt lon="-117.339174" lat="33.977377"><ele>306.328929</ele><time>2025-04-16T02:33:18Z</time><extensions><speed>1.111148</speed><course>104.500099</course><hAcc>1.284972</hAcc><vAcc>0.779034</vAcc></extensions></trkpt>
      <trkpt lon="-117.339162" lat="33.977374"><ele>306.322396</ele><time>2025-04-16T02:33:19Z</time><extensions><speed>1.318952</speed><course>105.734860</course><hAcc>1.273958</hAcc><vAcc>0.774806</vAcc></extensions></trkpt>
      <trkpt lon="-117.339148" lat="33.977370"><ele>306.312952</ele><time>2025-04-16T02:33:20Z</time><extensions><speed>1.433245</speed><course>111.684067</course><hAcc>1.263237</hAcc><vAcc>0.771201</vAcc></extensions></trkpt>
      <trkpt lon="-117.339134" lat="33.977364"><ele>306.303414</ele><time>2025-04-16T02:33:21Z</time><extensions><speed>1.395327</speed><course>118.409036</course><hAcc>1.266289</hAcc><vAcc>0.768162</vAcc></extensions></trkpt>
      <trkpt lon="-117.339121" lat="33.977358"><ele>306.290988</ele><time>2025-04-16T02:33:22Z</time><extensions><speed>1.412613</speed><course>123.236518</course><hAcc>1.247636</hAcc><vAcc>0.765621</vAcc></extensions></trkpt>
      <trkpt lon="-117.339108" lat="33.977351"><ele>306.290687</ele><time>2025-04-16T02:33:23Z</time><extensions><speed>1.367311</speed><course>128.924520</course><hAcc>1.236467</hAcc><vAcc>0.763528</vAcc></extensions></trkpt>
      <trkpt lon="-117.339097" lat="33.977343"><ele>306.282987</ele><time>2025-04-16T02:33:24Z</time><extensions><speed>1.334263</speed><course>131.859853</course><hAcc>1.233335</hAcc><vAcc>0.761841</vAcc></extensions></trkpt>
      <trkpt lon="-117.339087" lat="33.977335"><ele>306.263617</ele><time>2025-04-16T02:33:25Z</time><extensions><speed>1.300066</speed><course>130.428398</course><hAcc>1.236595</hAcc><vAcc>0.760509</vAcc></extensions></trkpt>
      <trkpt lon="-117.339077" lat="33.977327"><ele>306.246472</ele><time>2025-04-16T02:33:26Z</time><extensions><speed>1.226068</speed><course>134.653638</course><hAcc>1.235961</hAcc><vAcc>0.759479</vAcc></extensions></trkpt>
      <trkpt lon="-117.339067" lat="33.977319"><ele>306.239893</ele><time>2025-04-16T02:33:27Z</time><extensions><speed>1.235670</speed><course>137.658264</course><hAcc>1.235500</hAcc><vAcc>0.758699</vAcc></extensions></trkpt>
      <trkpt lon="-117.339059" lat="33.977311"><ele>306.248265</ele><time>2025-04-16T02:33:28Z</time><extensions><speed>1.189754</speed><course>140.107820</course><hAcc>1.237720</hAcc><vAcc>0.758121</vAcc></extensions></trkpt>
      <trkpt lon="-117.339051" lat="33.977304"><ele>306.262512</ele><time>2025-04-16T02:33:29Z</time><extensions><speed>1.034693</speed><course>135.339949</course><hAcc>1.238823</hAcc><vAcc>0.757701</vAcc></extensions></trkpt>
      <trkpt lon="-117.339042" lat="33.977298"><ele>306.276923</ele><time>2025-04-16T02:33:30Z</time><extensions><speed>0.975473</speed><course>124.418732</course><hAcc>1.222857</hAcc><vAcc>0.757402</vAcc></extensions></trkpt>
      <trkpt lon="-117.339032" lat="33.977293"><ele>306.297504</ele><time>2025-04-16T02:33:31Z</time><extensions><speed>1.089210</speed><course>112.327539</course><hAcc>1.188213</hAcc><vAcc>0.757194</vAcc></extensions></trkpt>
      <trkpt lon="-117.339020" lat="33.977290"><ele>306.317438</ele><time>2025-04-16T02:33:32Z</time><extensions><speed>1.302248</speed><course>107.689072</course><hAcc>1.189410</hAcc><vAcc>0.757052</vAcc></extensions></trkpt>
      <trkpt lon="-117.339007" lat="33.977287"><ele>306.344300</ele><time>2025-04-16T02:33:33Z</time><extensions><speed>1.336676</speed><course>104.042506</course><hAcc>1.214413</hAcc><vAcc>0.756957</vAcc></extensions></trkpt>
      <trkpt lon="-117.338992" lat="33.977284"><ele>306.380057</ele><time>2025-04-16T02:33:34Z</time><extensions><speed>1.384126</speed><course>103.048079</course><hAcc>1.181980</hAcc><vAcc>0.756894</vAcc></extensions></trkpt>
      <trkpt lon="-117.338978" lat="33.977281"><ele>306.420916</ele><time>2025-04-16T02:33:35Z</time><extensions><speed>1.271521</speed><course>100.549979</course><hAcc>1.188513</hAcc><vAcc>0.756853</vAcc></extensions></trkpt>
      <trkpt lon="-117.338965" lat="33.977279"><ele>306.472690</ele><time>2025-04-16T02:33:36Z</time><extensions><speed>1.134054</speed><course>101.827400</course><hAcc>1.181613</hAcc><vAcc>0.756826</vAcc></extensions></trkpt>
      <trkpt lon="-117.338953" lat="33.977277"><ele>306.525743</ele><time>2025-04-16T02:33:37Z</time><extensions><speed>1.168121</speed><course>104.508830</course><hAcc>1.184866</hAcc><vAcc>0.756808</vAcc></extensions></trkpt>
      <trkpt lon="-117.338941" lat="33.977274"><ele>306.580488</ele><time>2025-04-16T02:33:38Z</time><extensions><speed>1.231456</speed><course>103.940825</course><hAcc>1.187415</hAcc><vAcc>0.756796</vAcc></extensions></trkpt>
      <trkpt lon="-117.338928" lat="33.977271"><ele>306.638532</ele><time>2025-04-16T02:33:39Z</time><extensions><speed>1.265966</speed><course>104.155865</course><hAcc>1.198720</hAcc><vAcc>0.756819</vAcc></extensions></trkpt>
      <trkpt lon="-117.338914" lat="33.977269"><ele>306.698923</ele><time>2025-04-16T02:33:40Z</time><extensions><speed>1.328059</speed><course>102.614913</course><hAcc>1.200681</hAcc><vAcc>0.756827</vAcc></extensions></trkpt>
      <trkpt lon="-117.338900" lat="33.977266"><ele>306.753780</ele><time>2025-04-16T02:33:41Z</time><extensions><speed>1.241783</speed><course>99.782597</course><hAcc>1.192364</hAcc><vAcc>0.756839</vAcc></extensions></trkpt>
      <trkpt lon="-117.338887" lat="33.977265"><ele>306.804763</ele><time>2025-04-16T02:33:42Z</time><extensions><speed>1.173994</speed><course>94.901380</course><hAcc>1.181775</hAcc><vAcc>0.756855</vAcc></extensions></trkpt>
      <trkpt lon="-117.338875" lat="33.977264"><ele>306.853185</ele><time>2025-04-16T02:33:43Z</time><extensions><speed>1.106548</speed><course>92.993170</course><hAcc>1.175328</hAcc><vAcc>0.756874</vAcc></extensions></trkpt>
      <trkpt lon="-117.338863" lat="33.977263"><ele>306.898424</ele><time>2025-04-16T02:33:44Z</time><extensions><speed>1.147144</speed><course>99.076139</course><hAcc>1.166852</hAcc><vAcc>0.756992</vAcc></extensions></trkpt>
      <trkpt lon="-117.338850" lat="33.977261"><ele>306.940636</ele><time>2025-04-16T02:33:45Z</time><extensions><speed>1.201494</speed><course>99.854215</course><hAcc>1.153538</hAcc><vAcc>0.757384</vAcc></extensions></trkpt>
      <trkpt lon="-117.338837" lat="33.977260"><ele>306.980904</ele><time>2025-04-16T02:33:46Z</time><extensions><speed>1.262468</speed><course>97.445086</course><hAcc>1.143735</hAcc><vAcc>0.757606</vAcc></extensions></trkpt>
      <trkpt lon="-117.338824" lat="33.977258"><ele>307.025962</ele><time>2025-04-16T02:33:47Z</time><extensions><speed>1.250780</speed><course>97.253369</course><hAcc>1.140069</hAcc><vAcc>0.757862</vAcc></extensions></trkpt>
      <trkpt lon="-117.338810" lat="33.977257"><ele>307.065902</ele><time>2025-04-16T02:33:48Z</time><extensions><speed>1.263875</speed><course>98.452564</course><hAcc>1.126083</hAcc><vAcc>0.758147</vAcc></extensions></trkpt>
      <trkpt lon="-117.338797" lat="33.977255"><ele>307.105582</ele><time>2025-04-16T02:33:49Z</time><extensions><speed>1.191232</speed><course>97.946182</course><hAcc>1.128166</hAcc><vAcc>0.758453</vAcc></extensions></trkpt>
      <trkpt lon="-117.338785" lat="33.977254"><ele>307.146854</ele><time>2025-04-16T02:33:50Z</time><extensions><speed>1.155415</speed><course>95.555025</course><hAcc>1.109703</hAcc><vAcc>0.759228</vAcc></extensions></trkpt>
      <trkpt lon="-117.338772" lat="33.977253"><ele>307.194842</ele><time>2025-04-16T02:33:51Z</time><extensions><speed>1.147371</speed><course>91.397789</course><hAcc>1.099037</hAcc><vAcc>0.760230</vAcc></extensions></trkpt>
      <trkpt lon="-117.338759" lat="33.977253"><ele>307.256431</ele><time>2025-04-16T02:33:52Z</time><extensions><speed>1.221510</speed><course>89.540874</course><hAcc>1.094086</hAcc><vAcc>0.760962</vAcc></extensions></trkpt>
      <trkpt lon="-117.338746" lat="33.977253"><ele>307.327983</ele><time>2025-04-16T02:33:53Z</time><extensions><speed>1.197679</speed><course>93.512081</course><hAcc>1.113803</hAcc><vAcc>0.761713</vAcc></extensions></trkpt>
      <trkpt lon="-117.338732" lat="33.977251"><ele>307.402139</ele><time>2025-04-16T02:33:54Z</time><extensions><speed>1.398931</speed><course>103.130658</course><hAcc>1.108073</hAcc><vAcc>0.762438</vAcc></extensions></trkpt>
      <trkpt lon="-117.338718" lat="33.977248"><ele>307.476579</ele><time>2025-04-16T02:33:55Z</time><extensions><speed>1.317872</speed><course>105.311270</course><hAcc>1.122142</hAcc><vAcc>0.763086</vAcc></extensions></trkpt>
      <trkpt lon="-117.338705" lat="33.977245"><ele>307.555813</ele><time>2025-04-16T02:33:56Z</time><extensions><speed>1.166825</speed><course>102.225940</course><hAcc>1.108688</hAcc><vAcc>0.763621</vAcc></extensions></trkpt>
      <trkpt lon="-117.338693" lat="33.977244"><ele>307.634161</ele><time>2025-04-16T02:33:57Z</time><extensions><speed>1.110719</speed><course>97.687473</course><hAcc>1.119373</hAcc><vAcc>0.764137</vAcc></extensions></trkpt>
      <trkpt lon="-117.338681" lat="33.977243"><ele>307.722589</ele><time>2025-04-16T02:33:58Z</time><extensions><speed>1.136160</speed><course>94.055324</course><hAcc>1.131583</hAcc><vAcc>0.764657</vAcc></extensions></trkpt>
      <trkpt lon="-117.338668" lat="33.977242"><ele>307.808466</ele><time>2025-04-16T02:33:59Z</time><extensions><speed>1.195352</speed><course>90.955773</course><hAcc>1.135209</hAcc><vAcc>0.764918</vAcc></extensions></trkpt>
      <trkpt lon="-117.338655" lat="33.977242"><ele>307.880988</ele><time>2025-04-16T02:34:00Z</time><extensions><speed>1.206463</speed><course>89.093651</course><hAcc>1.139586</hAcc><vAcc>0.764974</vAcc></extensions></trkpt>
      <trkpt lon="-117.338642" lat="33.977242"><ele>307.956369</ele><time>2025-04-16T02:34:01Z</time><extensions><speed>1.199266</speed><course>88.386545</course><hAcc>1.150100</hAcc><vAcc>0.764769</vAcc></extensions></trkpt>
      <trkpt lon="-117.338629" lat="33.977243"><ele>308.035295</ele><time>2025-04-16T02:34:02Z</time><extensions><speed>1.143683</speed><course>89.119433</course><hAcc>1.158514</hAcc><vAcc>0.764317</vAcc></extensions></trkpt>
      <trkpt lon="-117.338617" lat="33.977242"><ele>308.115322</ele><time>2025-04-16T02:34:03Z</time><extensions><speed>1.139175</speed><course>92.663717</course><hAcc>1.141766</hAcc><vAcc>0.763702</vAcc></extensions></trkpt>
      <trkpt lon="-117.338605" lat="33.977242"><ele>308.193894</ele><time>2025-04-16T02:34:04Z</time><extensions><speed>1.098674</speed><course>93.734304</course><hAcc>1.146689</hAcc><vAcc>0.763018</vAcc></extensions></trkpt>
      <trkpt lon="-117.338593" lat="33.977241"><ele>308.264592</ele><time>2025-04-16T02:34:05Z</time><extensions><speed>1.111008</speed><course>95.195548</course><hAcc>1.153008</hAcc><vAcc>0.762327</vAcc></extensions></trkpt>
      <trkpt lon="-117.338581" lat="33.977240"><ele>308.329142</ele><time>2025-04-16T02:34:06Z</time><extensions><speed>1.200070</speed><course>97.681418</course><hAcc>1.164676</hAcc><vAcc>0.761661</vAcc></extensions></trkpt>
      <trkpt lon="-117.338568" lat="33.977239"><ele>308.391213</ele><time>2025-04-16T02:34:07Z</time><extensions><speed>1.180157</speed><course>96.087473</course><hAcc>1.176066</hAcc><vAcc>0.761149</vAcc></extensions></trkpt>
      <trkpt lon="-117.338556" lat="33.977238"><ele>308.446022</ele><time>2025-04-16T02:34:08Z</time><extensions><speed>1.097087</speed><course>92.961126</course><hAcc>1.188792</hAcc><vAcc>0.760590</vAcc></extensions></trkpt>
      <trkpt lon="-117.338543" lat="33.977238"><ele>308.502021</ele><time>2025-04-16T02:34:09Z</time><extensions><speed>1.153687</speed><course>91.712102</course><hAcc>1.176522</hAcc><vAcc>0.760061</vAcc></extensions></trkpt>
      <trkpt lon="-117.338531" lat="33.977237"><ele>308.539249</ele><time>2025-04-16T02:34:10Z</time><extensions><speed>1.154671</speed><course>91.539153</course><hAcc>1.169890</hAcc><vAcc>0.759577</vAcc></extensions></trkpt>
      <trkpt lon="-117.338519" lat="33.977237"><ele>308.567708</ele><time>2025-04-16T02:34:11Z</time><extensions><speed>1.079543</speed><course>92.360835</course><hAcc>1.186430</hAcc><vAcc>0.759377</vAcc></extensions></trkpt>
      <trkpt lon="-117.338507" lat="33.977237"><ele>308.588124</ele><time>2025-04-16T02:34:12Z</time><extensions><speed>1.033045</speed><course>92.681144</course><hAcc>1.189477</hAcc><vAcc>0.759132</vAcc></extensions></trkpt>
      <trkpt lon="-117.338496" lat="33.977236"><ele>308.609806</ele><time>2025-04-16T02:34:13Z</time><extensions><speed>1.079264</speed><course>93.156585</course><hAcc>1.192686</hAcc><vAcc>0.759115</vAcc></extensions></trkpt>
      <trkpt lon="-117.338483" lat="33.977235"><ele>308.623692</ele><time>2025-04-16T02:34:14Z</time><extensions><speed>1.230119</speed><course>94.428830</course><hAcc>1.189516</hAcc><vAcc>0.759107</vAcc></extensions></trkpt>
      <trkpt lon="-117.338469" lat="33.977235"><ele>308.625289</ele><time>2025-04-16T02:34:15Z</time><extensions><speed>1.382670</speed><course>92.991491</course><hAcc>1.177519</hAcc><vAcc>0.759176</vAcc></extensions></trkpt>
      <trkpt lon="-117.338454" lat="33.977234"><ele>308.619704</ele><time>2025-04-16T02:34:16Z</time><extensions><speed>1.406200</speed><course>91.555597</course><hAcc>1.178608</hAcc><vAcc>0.759496</vAcc></extensions></trkpt>
      <trkpt lon="-117.338440" lat="33.977234"><ele>308.625210</ele><time>2025-04-16T02:34:17Z</time><extensions><speed>1.257853</speed><course>91.954803</course><hAcc>1.206663</hAcc><vAcc>0.760267</vAcc></extensions></trkpt>
      <trkpt lon="-117.338426" lat="33.977234"><ele>308.632081</ele><time>2025-04-16T02:34:18Z</time><extensions><speed>1.335805</speed><course>89.691610</course><hAcc>1.166231</hAcc><vAcc>0.761372</vAcc></extensions></trkpt>
      <trkpt lon="-117.338411" lat="33.977233"><ele>308.648883</ele><time>2025-04-16T02:34:19Z</time><extensions><speed>1.382812</speed><course>91.399204</course><hAcc>1.152938</hAcc><vAcc>0.762539</vAcc></extensions></trkpt>
      <trkpt lon="-117.338396" lat="33.977233"><ele>308.666055</ele><time>2025-04-16T02:34:20Z</time><extensions><speed>1.380815</speed><course>93.072725</course><hAcc>1.146322</hAcc><vAcc>0.764104</vAcc></extensions></trkpt>
      <trkpt lon="-117.338382" lat="33.977232"><ele>308.686052</ele><time>2025-04-16T02:34:21Z</time><extensions><speed>1.329395</speed><course>93.891619</course><hAcc>1.159732</hAcc><vAcc>0.765660</vAcc></extensions></trkpt>
      <trkpt lon="-117.338367" lat="33.977232"><ele>308.723628</ele><time>2025-04-16T02:34:22Z</time><extensions><speed>1.354070</speed><course>91.920405</course><hAcc>1.151914</hAcc><vAcc>0.767073</vAcc></extensions></trkpt>
      <trkpt lon="-117.338353" lat="33.977231"><ele>308.784452</ele><time>2025-04-16T02:34:23Z</time><extensions><speed>1.243216</speed><course>94.232218</course><hAcc>1.150416</hAcc><vAcc>0.768989</vAcc></extensions></trkpt>
      <trkpt lon="-117.338340" lat="33.977229"><ele>308.853119</ele><time>2025-04-16T02:34:24Z</time><extensions><speed>1.225875</speed><course>105.688325</course><hAcc>1.144154</hAcc><vAcc>0.770587</vAcc></extensions></trkpt>
      <trkpt lon="-117.338328" lat="33.977225"><ele>308.911255</ele><time>2025-04-16T02:34:25Z</time><extensions><speed>1.228589</speed><course>123.020956</course><hAcc>1.150606</hAcc><vAcc>0.772118</vAcc></extensions></trkpt>
      <trkpt lon="-117.338318" lat="33.977218"><ele>308.970154</ele><time>2025-04-16T02:34:26Z</time><extensions><speed>1.170071</speed><course>136.410636</course><hAcc>1.179621</hAcc><vAcc>0.773457</vAcc></extensions></trkpt>
      <trkpt lon="-117.338310" lat="33.977210"><ele>309.032830</ele><time>2025-04-16T02:34:27Z</time><extensions><speed>1.032692</speed><course>138.567870</course><hAcc>1.209662</hAcc><vAcc>0.774437</vAcc></extensions></trkpt>
      <trkpt lon="-117.338302" lat="33.977203"><ele>309.087301</ele><time>2025-04-16T02:34:28Z</time><extensions><speed>1.146824</speed><course>141.990034</course><hAcc>1.207757</hAcc><vAcc>0.774902</vAcc></extensions></trkpt>
      <trkpt lon="-117.338294" lat="33.977194"><ele>309.149733</ele><time>2025-04-16T02:34:29Z</time><extensions><speed>1.266550</speed><course>140.382507</course><hAcc>1.228029</hAcc><vAcc>0.775123</vAcc></extensions></trkpt>
      <trkpt lon="-117.338285" lat="33.977186"><ele>309.223934</ele><time>2025-04-16T02:34:30Z</time><extensions><speed>1.254001</speed><course>138.549876</course><hAcc>1.261545</hAcc><vAcc>0.775381</vAcc></extensions></trkpt>
      <trkpt lon="-117.338277" lat="33.977177"><ele>309.286402</ele><time>2025-04-16T02:34:31Z</time><extensions><speed>1.167319</speed><course>141.357684</course><hAcc>1.279641</hAcc><vAcc>0.774951</vAcc></extensions></trkpt>
      <trkpt lon="-117.338269" lat="33.977169"><ele>309.345987</ele><time>2025-04-16T02:34:32Z</time><extensions><speed>1.180569</speed><course>143.262262</course><hAcc>1.314723</hAcc><vAcc>0.774243</vAcc></extensions></trkpt>
      <trkpt lon="-117.338261" lat="33.977160"><ele>309.395196</ele><time>2025-04-16T02:34:33Z</time><extensions><speed>1.287607</speed><course>142.795666</course><hAcc>1.346526</hAcc><vAcc>0.773475</vAcc></extensions></trkpt>
      <trkpt lon="-117.338252" lat="33.977151"><ele>309.431457</ele><time>2025-04-16T02:34:34Z</time><extensions><speed>1.406262</speed><course>140.531821</course><hAcc>1.378015</hAcc><vAcc>0.773189</vAcc></extensions></trkpt>
      <trkpt lon="-117.338242" lat="33.977141"><ele>309.469532</ele><time>2025-04-16T02:34:35Z</time><extensions><speed>1.384101</speed><course>136.536731</course><hAcc>1.403511</hAcc><vAcc>0.773399</vAcc></extensions></trkpt>
      <trkpt lon="-117.338232" lat="33.977133"><ele>309.501989</ele><time>2025-04-16T02:34:36Z</time><extensions><speed>1.250376</speed><course>133.357180</course><hAcc>1.419491</hAcc><vAcc>0.774840</vAcc></extensions></trkpt>
      <trkpt lon="-117.338222" lat="33.977125"><ele>309.535798</ele><time>2025-04-16T02:34:37Z</time><extensions><speed>1.155818</speed><course>134.157915</course><hAcc>1.422783</hAcc><vAcc>0.777016</vAcc></extensions></trkpt>
      <trkpt lon="-117.338213" lat="33.977118"><ele>309.575121</ele><time>2025-04-16T02:34:38Z</time><extensions><speed>1.184264</speed><course>138.039439</course><hAcc>1.450786</hAcc><vAcc>0.779876</vAcc></extensions></trkpt>
      <trkpt lon="-117.338205" lat="33.977109"><ele>309.610350</ele><time>2025-04-16T02:34:39Z</time><extensions><speed>1.177562</speed><course>138.953036</course><hAcc>1.477647</hAcc><vAcc>0.783042</vAcc></extensions></trkpt>
      <trkpt lon="-117.338196" lat="33.977102"><ele>309.645939</ele><time>2025-04-16T02:34:40Z</time><extensions><speed>1.220100</speed><course>134.968200</course><hAcc>1.485771</hAcc><vAcc>0.787134</vAcc></extensions></trkpt>
      <trkpt lon="-117.338186" lat="33.977094"><ele>309.694357</ele><time>2025-04-16T02:34:41Z</time><extensions><speed>1.265659</speed><course>132.539354</course><hAcc>1.497292</hAcc><vAcc>0.791441</vAcc></extensions></trkpt>
      <trkpt lon="-117.338176" lat="33.977086"><ele>309.739452</ele><time>2025-04-16T02:34:42Z</time><extensions><speed>1.258587</speed><course>131.900685</course><hAcc>1.509072</hAcc><vAcc>0.795633</vAcc></extensions></trkpt>
      <trkpt lon="-117.338166" lat="33.977079"><ele>309.766996</ele><time>2025-04-16T02:34:43Z</time><extensions><speed>1.193369</speed><course>132.310677</course><hAcc>1.511985</hAcc><vAcc>0.800167</vAcc></extensions></trkpt>
      <trkpt lon="-117.338157" lat="33.977072"><ele>309.800675</ele><time>2025-04-16T02:34:44Z</time><extensions><speed>1.213273</speed><course>135.085452</course><hAcc>1.509650</hAcc><vAcc>0.805265</vAcc></extensions></trkpt>
      <trkpt lon="-117.338148" lat="33.977064"><ele>309.846947</ele><time>2025-04-16T02:34:45Z</time><extensions><speed>1.178943</speed><course>137.671478</course><hAcc>1.511996</hAcc><vAcc>0.811179</vAcc></extensions></trkpt>
      <trkpt lon="-117.338139" lat="33.977056"><ele>309.883561</ele><time>2025-04-16T02:34:46Z</time><extensions><speed>1.205067</speed><course>139.688951</course><hAcc>1.513746</hAcc><vAcc>0.816727</vAcc></extensions></trkpt>
      <trkpt lon="-117.338130" lat="33.977047"><ele>309.917871</ele><time>2025-04-16T02:34:47Z</time><extensions><speed>1.284098</speed><course>137.471040</course><hAcc>1.501833</hAcc><vAcc>0.823383</vAcc></extensions></trkpt>
      <trkpt lon="-117.338120" lat="33.977039"><ele>309.955828</ele><time>2025-04-16T02:34:48Z</time><extensions><speed>1.337620</speed><course>134.784187</course><hAcc>1.488202</hAcc><vAcc>0.829572</vAcc></extensions></trkpt>
      <trkpt lon="-117.338110" lat="33.977031"><ele>310.009746</ele><time>2025-04-16T02:34:49Z</time><extensions><speed>1.270375</speed><course>131.661876</course><hAcc>1.485438</hAcc><vAcc>0.836160</vAcc></extensions></trkpt>
      <trkpt lon="-117.338099" lat="33.977024"><ele>310.074226</ele><time>2025-04-16T02:34:50Z</time><extensions><speed>1.186796</speed><course>126.676840</course><hAcc>1.496877</hAcc><vAcc>0.842349</vAcc></extensions></trkpt>
      <trkpt lon="-117.338089" lat="33.977018"><ele>310.129271</ele><time>2025-04-16T02:34:51Z</time><extensions><speed>1.118940</speed><course>119.370590</course><hAcc>1.462347</hAcc><vAcc>0.848300</vAcc></extensions></trkpt>
      <trkpt lon="-117.338078" lat="33.977014"><ele>310.182145</ele><time>2025-04-16T02:34:52Z</time><extensions><speed>1.086998</speed><course>115.888662</course><hAcc>1.459347</hAcc><vAcc>0.856212</vAcc></extensions></trkpt>
      <trkpt lon="-117.338067" lat="33.977010"><ele>310.238564</ele><time>2025-04-16T02:34:53Z</time><extensions><speed>1.095893</speed><course>112.867695</course><hAcc>1.457804</hAcc><vAcc>0.864288</vAcc></extensions></trkpt>
      <trkpt lon="-117.338056" lat="33.977006"><ele>310.293572</ele><time>2025-04-16T02:34:54Z</time><extensions><speed>1.175240</speed><course>110.598322</course><hAcc>1.459435</hAcc><vAcc>0.871495</vAcc></extensions></trkpt>
      <trkpt lon="-117.338042" lat="33.977001"><ele>310.356839</ele><time>2025-04-16T02:34:55Z</time><extensions><speed>1.464562</speed><course>113.336657</course><hAcc>1.450385</hAcc><vAcc>0.879292</vAcc></extensions></trkpt>
      <trkpt lon="-117.338027" lat="33.976995"><ele>310.404262</ele><time>2025-04-16T02:34:56Z</time><extensions><speed>1.611447</speed><course>117.303501</course><hAcc>1.466479</hAcc><vAcc>0.886993</vAcc></extensions></trkpt>
      <trkpt lon="-117.338013" lat="33.976989"><ele>310.438616</ele><time>2025-04-16T02:34:57Z</time><extensions><speed>1.352648</speed><course>121.627845</course><hAcc>1.500821</hAcc><vAcc>0.895066</vAcc></extensions></trkpt>
      <trkpt lon="-117.338001" lat="33.976982"><ele>310.476617</ele><time>2025-04-16T02:34:58Z</time><extensions><speed>1.239586</speed><course>126.381009</course><hAcc>1.474730</hAcc><vAcc>0.902847</vAcc></extensions></trkpt>
      <trkpt lon="-117.337991" lat="33.976976"><ele>310.528144</ele><time>2025-04-16T02:34:59Z</time><extensions><speed>1.107785</speed><course>126.796113</course><hAcc>1.457623</hAcc><vAcc>0.911115</vAcc></extensions></trkpt>
      <trkpt lon="-117.337981" lat="33.976970"><ele>310.579818</ele><time>2025-04-16T02:35:00Z</time><extensions><speed>1.082806</speed><course>121.885122</course><hAcc>1.442472</hAcc><vAcc>0.920042</vAcc></extensions></trkpt>
      <trkpt lon="-117.337971" lat="33.976964"><ele>310.632998</ele><time>2025-04-16T02:35:01Z</time><extensions><speed>1.107515</speed><course>124.687149</course><hAcc>1.474312</hAcc><vAcc>0.928606</vAcc></extensions></trkpt>
      <trkpt lon="-117.337962" lat="33.976958"><ele>310.679746</ele><time>2025-04-16T02:35:02Z</time><extensions><speed>1.027725</speed><course>131.511914</course><hAcc>1.540851</hAcc><vAcc>0.937562</vAcc></extensions></trkpt>
      <trkpt lon="-117.337953" lat="33.976951"><ele>310.721572</ele><time>2025-04-16T02:35:03Z</time><extensions><speed>1.244898</speed><course>133.685314</course><hAcc>1.546519</hAcc><vAcc>0.946966</vAcc></extensions></trkpt>
      <trkpt lon="-117.337943" lat="33.976942"><ele>310.745623</ele><time>2025-04-16T02:35:04Z</time><extensions><speed>1.407327</speed><course>132.732546</course><hAcc>1.534896</hAcc><vAcc>0.957123</vAcc></extensions></trkpt>
      <trkpt lon="-117.337932" lat="33.976934"><ele>310.772519</ele><time>2025-04-16T02:35:05Z</time><extensions><speed>1.396859</speed><course>133.257479</course><hAcc>1.557355</hAcc><vAcc>0.967642</vAcc></extensions></trkpt>
      <trkpt lon="-117.337921" lat="33.976925"><ele>310.808517</ele><time>2025-04-16T02:35:06Z</time><extensions><speed>1.255962</speed><course>135.406405</course><hAcc>1.596518</hAcc><vAcc>0.978287</vAcc></extensions></trkpt>
      <trkpt lon="-117.337912" lat="33.976916"><ele>310.859010</ele><time>2025-04-16T02:35:07Z</time><extensions><speed>1.250039</speed><course>141.890813</course><hAcc>1.617000</hAcc><vAcc>0.988684</vAcc></extensions></trkpt>
      <trkpt lon="-117.337904" lat="33.976907"><ele>310.907789</ele><time>2025-04-16T02:35:08Z</time><extensions><speed>1.336234</speed><course>150.013646</course><hAcc>1.646624</hAcc><vAcc>0.999322</vAcc></extensions></trkpt>
      <trkpt lon="-117.337898" lat="33.976895"><ele>310.945872</ele><time>2025-04-16T02:35:09Z</time><extensions><speed>1.450813</speed><course>157.662441</course><hAcc>1.673520</hAcc><vAcc>1.008493</vAcc></extensions></trkpt>
      <trkpt lon="-117.337892" lat="33.976883"><ele>310.982116</ele><time>2025-04-16T02:35:10Z</time><extensions><speed>1.477752</speed><course>163.695210</course><hAcc>1.686441</hAcc><vAcc>1.014471</vAcc></extensions></trkpt>
      <trkpt lon="-117.337888" lat="33.976869"><ele>311.008603</ele><time>2025-04-16T02:35:11Z</time><extensions><speed>1.531660</speed><course>166.615312</course><hAcc>1.663027</hAcc><vAcc>1.020265</vAcc></extensions></trkpt>
      <trkpt lon="-117.337885" lat="33.976856"><ele>311.031671</ele><time>2025-04-16T02:35:12Z</time><extensions><speed>1.470956</speed><course>166.420140</course><hAcc>1.645157</hAcc><vAcc>1.022447</vAcc></extensions></trkpt>
      <trkpt lon="-117.337880" lat="33.976844"><ele>311.045762</ele><time>2025-04-16T02:35:13Z</time><extensions><speed>1.354167</speed><course>161.426616</course><hAcc>1.636808</hAcc><vAcc>1.022656</vAcc></extensions></trkpt>
      <trkpt lon="-117.337875" lat="33.976833"><ele>311.062983</ele><time>2025-04-16T02:35:14Z</time><extensions><speed>1.146459</speed><course>153.510705</course><hAcc>1.635475</hAcc><vAcc>1.022835</vAcc></extensions></trkpt>
      <trkpt lon="-117.337869" lat="33.976824"><ele>311.070195</ele><time>2025-04-16T02:35:15Z</time><extensions><speed>1.063922</speed><course>148.230657</course><hAcc>1.611057</hAcc><vAcc>1.023634</vAcc></extensions></trkpt>
      <trkpt lon="-117.337863" lat="33.976816"><ele>311.075735</ele><time>2025-04-16T02:35:16Z</time><extensions><speed>1.054166</speed><course>144.226978</course><hAcc>1.594950</hAcc><vAcc>1.022320</vAcc></extensions></trkpt>
      <trkpt lon="-117.337856" lat="33.976808"><ele>311.074424</ele><time>2025-04-16T02:35:17Z</time><extensions><speed>1.102945</speed><course>143.834067</course><hAcc>1.592175</hAcc><vAcc>1.019320</vAcc></extensions></trkpt>
      <trkpt lon="-117.337849" lat="33.976800"><ele>311.074548</ele><time>2025-04-16T02:35:18Z</time><extensions><speed>1.166378</speed><course>144.331230</course><hAcc>1.602725</hAcc><vAcc>1.014531</vAcc></extensions></trkpt>
      <trkpt lon="-117.337842" lat="33.976791"><ele>311.068921</ele><time>2025-04-16T02:35:19Z</time><extensions><speed>1.255600</speed><course>145.954724</course><hAcc>1.592499</hAcc><vAcc>1.009642</vAcc></extensions></trkpt>
      <trkpt lon="-117.337833" lat="33.976781"><ele>311.063579</ele><time>2025-04-16T02:35:20Z</time><extensions><speed>1.397919</speed><course>145.363686</course><hAcc>1.576510</hAcc><vAcc>1.004741</vAcc></extensions></trkpt>
      <trkpt lon="-117.337825" lat="33.976771"><ele>311.042439</ele><time>2025-04-16T02:35:21Z</time><extensions><speed>1.379011</speed><course>142.641802</course><hAcc>1.595150</hAcc><vAcc>0.999996</vAcc></extensions></trkpt>
      <trkpt lon="-117.337816" lat="33.976761"><ele>310.995373</ele><time>2025-04-16T02:35:22Z</time><extensions><speed>1.277901</speed><course>141.581514</course><hAcc>1.592825</hAcc><vAcc>0.995640</vAcc></extensions></trkpt>
      <trkpt lon="-117.337808" lat="33.976752"><ele>310.941215</ele><time>2025-04-16T02:35:23Z</time><extensions><speed>1.160417</speed><course>141.497510</course><hAcc>1.598386</hAcc><vAcc>0.991716</vAcc></extensions></trkpt>
      <trkpt lon="-117.337800" lat="33.976744"><ele>310.901146</ele><time>2025-04-16T02:35:24Z</time><extensions><speed>1.087265</speed><course>144.105316</course><hAcc>1.606136</hAcc><vAcc>0.989898</vAcc></extensions></trkpt>
      <trkpt lon="-117.337793" lat="33.976736"><ele>310.870333</ele><time>2025-04-16T02:35:25Z</time><extensions><speed>1.071100</speed><course>145.169456</course><hAcc>1.639492</hAcc><vAcc>0.988369</vAcc></extensions></trkpt>
      <trkpt lon="-117.337786" lat="33.976727"><ele>310.849633</ele><time>2025-04-16T02:35:26Z</time><extensions><speed>1.230528</speed><course>146.240186</course><hAcc>1.653587</hAcc><vAcc>0.986428</vAcc></extensions></trkpt>
      <trkpt lon="-117.337778" lat="33.976718"><ele>310.822278</ele><time>2025-04-16T02:35:27Z</time><extensions><speed>1.329309</speed><course>145.746271</course><hAcc>1.659550</hAcc><vAcc>0.985321</vAcc></extensions></trkpt>
      <trkpt lon="-117.337770" lat="33.976708"><ele>310.798894</ele><time>2025-04-16T02:35:28Z</time><extensions><speed>1.308485</speed><course>145.843384</course><hAcc>1.665008</hAcc><vAcc>0.986352</vAcc></extensions></trkpt>
      <trkpt lon="-117.337762" lat="33.976697"><ele>310.781016</ele><time>2025-04-16T02:35:29Z</time><extensions><speed>1.358828</speed><course>145.834848</course><hAcc>1.668363</hAcc><vAcc>0.987430</vAcc></extensions></trkpt>
      <trkpt lon="-117.337754" lat="33.976687"><ele>310.789712</ele><time>2025-04-16T02:35:30Z</time><extensions><speed>1.349289</speed><course>144.843600</course><hAcc>1.662085</hAcc><vAcc>0.988356</vAcc></extensions></trkpt>
      <trkpt lon="-117.337745" lat="33.976678"><ele>310.787773</ele><time>2025-04-16T02:35:31Z</time><extensions><speed>1.306302</speed><course>143.652822</course><hAcc>1.633180</hAcc><vAcc>0.989846</vAcc></extensions></trkpt>
      <trkpt lon="-117.337737" lat="33.976668"><ele>310.771116</ele><time>2025-04-16T02:35:32Z</time><extensions><speed>1.348590</speed><course>145.693193</course><hAcc>1.601761</hAcc><vAcc>0.990165</vAcc></extensions></trkpt>
      <trkpt lon="-117.337729" lat="33.976657"><ele>310.752815</ele><time>2025-04-16T02:35:33Z</time><extensions><speed>1.424808</speed><course>147.181446</course><hAcc>1.593759</hAcc><vAcc>0.989554</vAcc></extensions></trkpt>
      <trkpt lon="-117.337720" lat="33.976646"><ele>310.764410</ele><time>2025-04-16T02:35:34Z</time><extensions><speed>1.479878</speed><course>148.666839</course><hAcc>1.612063</hAcc><vAcc>0.988432</vAcc></extensions></trkpt>
      <trkpt lon="-117.337712" lat="33.976634"><ele>310.802461</ele><time>2025-04-16T02:35:35Z</time><extensions><speed>1.545332</speed><course>150.875670</course><hAcc>1.587574</hAcc><vAcc>0.986352</vAcc></extensions></trkpt>
      <trkpt lon="-117.337704" lat="33.976622"><ele>310.858092</ele><time>2025-04-16T02:35:36Z</time><extensions><speed>1.579951</speed><course>152.386700</course><hAcc>1.549579</hAcc><vAcc>0.983598</vAcc></extensions></trkpt>
      <trkpt lon="-117.337696" lat="33.976609"><ele>310.901346</ele><time>2025-04-16T02:35:37Z</time><extensions><speed>1.557876</speed><course>152.444167</course><hAcc>1.542938</hAcc><vAcc>0.979652</vAcc></extensions></trkpt>
      <trkpt lon="-117.337689" lat="33.976598"><ele>310.940002</ele><time>2025-04-16T02:35:38Z</time><extensions><speed>1.373879</speed><course>152.466628</course><hAcc>1.563903</hAcc><vAcc>0.977386</vAcc></extensions></trkpt>
      <trkpt lon="-117.337682" lat="33.976587"><ele>310.990259</ele><time>2025-04-16T02:35:39Z</time><extensions><speed>1.279101</speed><course>151.723990</course><hAcc>1.547884</hAcc><vAcc>0.974647</vAcc></extensions></trkpt>
      <trkpt lon="-117.337676" lat="33.976577"><ele>311.040979</ele><time>2025-04-16T02:35:40Z</time><extensions><speed>1.176560</speed><course>153.045833</course><hAcc>1.536707</hAcc><vAcc>0.973310</vAcc></extensions></trkpt>
      <trkpt lon="-117.337671" lat="33.976568"><ele>311.097379</ele><time>2025-04-16T02:35:41Z</time><extensions><speed>1.098024</speed><course>157.531836</course><hAcc>1.540341</hAcc><vAcc>0.972208</vAcc></extensions></trkpt>
      <trkpt lon="-117.337667" lat="33.976559"><ele>311.161883</ele><time>2025-04-16T02:35:42Z</time><extensions><speed>0.962021</speed><course>163.212426</course><hAcc>1.529771</hAcc><vAcc>0.970780</vAcc></extensions></trkpt>
      <trkpt lon="-117.337664" lat="33.976550"><ele>311.232990</ele><time>2025-04-16T02:35:43Z</time><extensions><speed>1.012617</speed><course>170.586892</course><hAcc>1.529234</hAcc><vAcc>0.969647</vAcc></extensions></trkpt>
      <trkpt lon="-117.337662" lat="33.976540"><ele>311.293941</ele><time>2025-04-16T02:35:44Z</time><extensions><speed>1.261180</speed><course>171.493964</course><hAcc>1.527360</hAcc><vAcc>0.970143</vAcc></extensions></trkpt>
      <trkpt lon="-117.337660" lat="33.976529"><ele>311.352726</ele><time>2025-04-16T02:35:45Z</time><extensions><speed>1.284196</speed><course>166.129284</course><hAcc>1.503463</hAcc><vAcc>0.970998</vAcc></extensions></trkpt>
      <trkpt lon="-117.337656" lat="33.976518"><ele>311.398186</ele><time>2025-04-16T02:35:46Z</time><extensions><speed>1.283327</speed><course>160.948283</course><hAcc>1.479918</hAcc><vAcc>0.972515</vAcc></extensions></trkpt>
      <trkpt lon="-117.337651" lat="33.976507"><ele>311.438845</ele><time>2025-04-16T02:35:47Z</time><extensions><speed>1.273538</speed><course>159.874873</course><hAcc>1.475901</hAcc><vAcc>0.974359</vAcc></extensions></trkpt>
      <trkpt lon="-117.337646" lat="33.976496"><ele>311.473915</ele><time>2025-04-16T02:35:48Z</time><extensions><speed>1.312204</speed><course>161.037110</course><hAcc>1.503543</hAcc><vAcc>0.977903</vAcc></extensions></trkpt>
      <trkpt lon="-117.337642" lat="33.976484"><ele>311.498120</ele><time>2025-04-16T02:35:49Z</time><extensions><speed>1.413946</speed><course>166.106046</course><hAcc>1.474912</hAcc><vAcc>0.982059</vAcc></extensions></trkpt>
      <trkpt lon="-117.337639" lat="33.976471"><ele>311.524855</ele><time>2025-04-16T02:35:50Z</time><extensions><speed>1.536938</speed><course>171.089246</course><hAcc>1.478231</hAcc><vAcc>0.986850</vAcc></extensions></trkpt>
      <trkpt lon="-117.337636" lat="33.976457"><ele>311.531583</ele><time>2025-04-16T02:35:51Z</time><extensions><speed>1.502293</speed><course>171.099913</course><hAcc>1.498266</hAcc><vAcc>0.990619</vAcc></extensions></trkpt>
      <trkpt lon="-117.337633" lat="33.976444"><ele>311.538444</ele><time>2025-04-16T02:35:52Z</time><extensions><speed>1.483277</speed><course>168.699400</course><hAcc>1.509474</hAcc><vAcc>0.993388</vAcc></extensions></trkpt>
      <trkpt lon="-117.337630" lat="33.976431"><ele>311.541073</ele><time>2025-04-16T02:35:53Z</time><extensions><speed>1.433391</speed><course>167.620340</course><hAcc>1.531452</hAcc><vAcc>0.996583</vAcc></extensions></trkpt>
      <trkpt lon="-117.337627" lat="33.976418"><ele>311.533768</ele><time>2025-04-16T02:35:54Z</time><extensions><speed>1.351737</speed><course>170.799243</course><hAcc>1.556504</hAcc><vAcc>0.997785</vAcc></extensions></trkpt>
      <trkpt lon="-117.337625" lat="33.976406"><ele>311.499177</ele><time>2025-04-16T02:35:55Z</time><extensions><speed>1.362925</speed><course>174.094673</course><hAcc>1.572713</hAcc><vAcc>1.000043</vAcc></extensions></trkpt>
      <trkpt lon="-117.337623" lat="33.976394"><ele>311.460263</ele><time>2025-04-16T02:35:56Z</time><extensions><speed>1.352163</speed><course>172.916865</course><hAcc>1.581550</hAcc><vAcc>1.000233</vAcc></extensions></trkpt>
      <trkpt lon="-117.337621" lat="33.976382"><ele>311.417499</ele><time>2025-04-16T02:35:57Z</time><extensions><speed>1.320746</speed><course>171.850391</course><hAcc>1.590684</hAcc><vAcc>1.000986</vAcc></extensions></trkpt>
      <trkpt lon="-117.337619" lat="33.976369"><ele>311.376132</ele><time>2025-04-16T02:35:58Z</time><extensions><speed>1.412913</speed><course>171.289576</course><hAcc>1.594916</hAcc><vAcc>1.001233</vAcc></extensions></trkpt>
      <trkpt lon="-117.337617" lat="33.976357"><ele>311.340483</ele><time>2025-04-16T02:35:59Z</time><extensions><speed>1.471636</speed><course>170.998687</course><hAcc>1.591450</hAcc><vAcc>0.999245</vAcc></extensions></trkpt>
      <trkpt lon="-117.337614" lat="33.976343"><ele>311.310088</ele><time>2025-04-16T02:36:00Z</time><extensions><speed>1.499523</speed><course>170.570045</course><hAcc>1.584532</hAcc><vAcc>0.997093</vAcc></extensions></trkpt>
      <trkpt lon="-117.337612" lat="33.976330"><ele>311.291278</ele><time>2025-04-16T02:36:01Z</time><extensions><speed>1.534858</speed><course>170.271453</course><hAcc>1.567001</hAcc><vAcc>0.992459</vAcc></extensions></trkpt>
      <trkpt lon="-117.337609" lat="33.976316"><ele>311.274681</ele><time>2025-04-16T02:36:02Z</time><extensions><speed>1.579879</speed><course>170.797672</course><hAcc>1.567446</hAcc><vAcc>0.986448</vAcc></extensions></trkpt>
      <trkpt lon="-117.337607" lat="33.976302"><ele>311.250595</ele><time>2025-04-16T02:36:03Z</time><extensions><speed>1.515584</speed><course>172.846195</course><hAcc>1.581396</hAcc><vAcc>0.979307</vAcc></extensions></trkpt>
      <trkpt lon="-117.337605" lat="33.976289"><ele>311.206807</ele><time>2025-04-16T02:36:04Z</time><extensions><speed>1.500114</speed><course>174.648939</course><hAcc>1.564139</hAcc><vAcc>0.971421</vAcc></extensions></trkpt>
      <trkpt lon="-117.337604" lat="33.976276"><ele>311.153550</ele><time>2025-04-16T02:36:05Z</time><extensions><speed>1.295585</speed><course>177.703488</course><hAcc>1.563797</hAcc><vAcc>0.962304</vAcc></extensions></trkpt>
      <trkpt lon="-117.337604" lat="33.976266"><ele>311.103501</ele><time>2025-04-16T02:36:06Z</time><extensions><speed>1.141092</speed><course>184.162557</course><hAcc>1.549062</hAcc><vAcc>0.952403</vAcc></extensions></trkpt>
      <trkpt lon="-117.337605" lat="33.976255"><ele>311.068879</ele><time>2025-04-16T02:36:07Z</time><extensions><speed>1.100504</speed><course>190.806470</course><hAcc>1.551819</hAcc><vAcc>0.942280</vAcc></extensions></trkpt>
      <trkpt lon="-117.337608" lat="33.976245"><ele>311.044529</ele><time>2025-04-16T02:36:08Z</time><extensions><speed>1.162761</speed><course>193.237308</course><hAcc>1.560359</hAcc><vAcc>0.931935</vAcc></extensions></trkpt>
      <trkpt lon="-117.337611" lat="33.976235"><ele>311.030099</ele><time>2025-04-16T02:36:09Z</time><extensions><speed>1.239653</speed><course>191.083155</course><hAcc>1.565473</hAcc><vAcc>0.921573</vAcc></extensions></trkpt>
      <trkpt lon="-117.337613" lat="33.976223"><ele>311.014638</ele><time>2025-04-16T02:36:10Z</time><extensions><speed>1.248635</speed><course>186.083108</course><hAcc>1.578977</hAcc><vAcc>0.911829</vAcc></extensions></trkpt>
      <trkpt lon="-117.337614" lat="33.976212"><ele>310.995294</ele><time>2025-04-16T02:36:11Z</time><extensions><speed>1.189743</speed><course>183.877184</course><hAcc>1.581257</hAcc><vAcc>0.902927</vAcc></extensions></trkpt>
      <trkpt lon="-117.337615" lat="33.976202"><ele>310.981422</ele><time>2025-04-16T02:36:12Z</time><extensions><speed>1.078195</speed><course>182.465857</course><hAcc>1.589919</hAcc><vAcc>0.895110</vAcc></extensions></trkpt>
      <trkpt lon="-117.337615" lat="33.976193"><ele>310.978818</ele><time>2025-04-16T02:36:13Z</time><extensions><speed>0.855032</speed><course>178.567650</course><hAcc>1.596177</hAcc><vAcc>0.888893</vAcc></extensions></trkpt>
      <trkpt lon="-117.337614" lat="33.976186"><ele>310.991890</ele><time>2025-04-16T02:36:14Z</time><extensions><speed>0.698980</speed><course>167.818694</course><hAcc>1.585711</hAcc><vAcc>0.885359</vAcc></extensions></trkpt>
      <trkpt lon="-117.337612" lat="33.976180"><ele>311.020591</ele><time>2025-04-16T02:36:15Z</time><extensions><speed>0.797750</speed><course>167.132292</course><hAcc>1.586622</hAcc><vAcc>0.884105</vAcc></extensions></trkpt>
      <trkpt lon="-117.337610" lat="33.976171"><ele>311.041464</ele><time>2025-04-16T02:36:16Z</time><extensions><speed>1.039352</speed><course>172.044516</course><hAcc>1.607513</hAcc><vAcc>0.885017</vAcc></extensions></trkpt>
      <trkpt lon="-117.337609" lat="33.976161"><ele>311.074959</ele><time>2025-04-16T02:36:17Z</time><extensions><speed>1.282472</speed><course>176.850463</course><hAcc>1.631421</hAcc><vAcc>0.888041</vAcc></extensions></trkpt>
      <trkpt lon="-117.337609" lat="33.976149"><ele>311.106958</ele><time>2025-04-16T02:36:18Z</time><extensions><speed>1.363444</speed><course>180.534182</course><hAcc>1.639935</hAcc><vAcc>0.892815</vAcc></extensions></trkpt>
      <trkpt lon="-117.337609" lat="33.976137"><ele>311.145871</ele><time>2025-04-16T02:36:19Z</time><extensions><speed>1.305005</speed><course>182.761149</course><hAcc>1.642368</hAcc><vAcc>0.900036</vAcc></extensions></trkpt>
      <trkpt lon="-117.337610" lat="33.976125"><ele>311.197309</ele><time>2025-04-16T02:36:20Z</time><extensions><speed>1.189387</speed><course>184.075646</course><hAcc>1.643380</hAcc><vAcc>0.908353</vAcc></extensions></trkpt>
      <trkpt lon="-117.337611" lat="33.976115"><ele>311.254345</ele><time>2025-04-16T02:36:21Z</time><extensions><speed>1.141508</speed><course>184.620020</course><hAcc>1.642212</hAcc><vAcc>0.915934</vAcc></extensions></trkpt>
      <trkpt lon="-117.337612" lat="33.976105"><ele>311.302814</ele><time>2025-04-16T02:36:22Z</time><extensions><speed>1.135820</speed><course>185.872209</course><hAcc>1.644434</hAcc><vAcc>0.924324</vAcc></extensions></trkpt>
      <trkpt lon="-117.337613" lat="33.976094"><ele>311.348625</ele><time>2025-04-16T02:36:23Z</time><extensions><speed>1.197555</speed><course>185.535856</course><hAcc>1.638727</hAcc><vAcc>0.932169</vAcc></extensions></trkpt>
      <trkpt lon="-117.337615" lat="33.976083"><ele>311.386654</ele><time>2025-04-16T02:36:24Z</time><extensions><speed>1.320824</speed><course>185.670190</course><hAcc>1.643958</hAcc><vAcc>0.940127</vAcc></extensions></trkpt>
      <trkpt lon="-117.337616" lat="33.976071"><ele>311.421927</ele><time>2025-04-16T02:36:25Z</time><extensions><speed>1.311989</speed><course>186.742658</course><hAcc>1.635968</hAcc><vAcc>0.947199</vAcc></extensions></trkpt>
      <trkpt lon="-117.337618" lat="33.976059"><ele>311.461518</ele><time>2025-04-16T02:36:26Z</time><extensions><speed>1.265885</speed><course>186.991906</course><hAcc>1.620615</hAcc><vAcc>0.953277</vAcc></extensions></trkpt>
      <trkpt lon="-117.337619" lat="33.976048"><ele>311.501059</ele><time>2025-04-16T02:36:27Z</time><extensions><speed>1.212774</speed><course>186.672627</course><hAcc>1.597501</hAcc><vAcc>0.957069</vAcc></extensions></trkpt>
      <trkpt lon="-117.337620" lat="33.976037"><ele>311.517571</ele><time>2025-04-16T02:36:28Z</time><extensions><speed>1.233523</speed><course>184.777267</course><hAcc>1.572358</hAcc><vAcc>0.960291</vAcc></extensions></trkpt>
      <trkpt lon="-117.337621" lat="33.976026"><ele>311.518991</ele><time>2025-04-16T02:36:29Z</time><extensions><speed>1.278579</speed><course>183.703892</course><hAcc>1.560861</hAcc><vAcc>0.960893</vAcc></extensions></trkpt>
      <trkpt lon="-117.337622" lat="33.976014"><ele>311.534398</ele><time>2025-04-16T02:36:30Z</time><extensions><speed>1.377915</speed><course>185.040206</course><hAcc>1.544443</hAcc><vAcc>0.960360</vAcc></extensions></trkpt>
      <trkpt lon="-117.337624" lat="33.976001"><ele>311.562038</ele><time>2025-04-16T02:36:31Z</time><extensions><speed>1.404763</speed><course>185.928327</course><hAcc>1.512061</hAcc><vAcc>0.959781</vAcc></extensions></trkpt>
      <trkpt lon="-117.337625" lat="33.975989"><ele>311.597351</ele><time>2025-04-16T02:36:32Z</time><extensions><speed>1.373825</speed><course>185.185499</course><hAcc>1.510426</hAcc><vAcc>0.957651</vAcc></extensions></trkpt>
      <trkpt lon="-117.337626" lat="33.975977"><ele>311.621348</ele><time>2025-04-16T02:36:33Z</time><extensions><speed>1.244887</speed><course>183.356046</course><hAcc>1.510523</hAcc><vAcc>0.954835</vAcc></extensions></trkpt>
      <trkpt lon="-117.337627" lat="33.975966"><ele>311.638789</ele><time>2025-04-16T02:36:34Z</time><extensions><speed>1.129011</speed><course>181.160849</course><hAcc>1.513517</hAcc><vAcc>0.951489</vAcc></extensions></trkpt>
      <trkpt lon="-117.337626" lat="33.975956"><ele>311.659254</ele><time>2025-04-16T02:36:35Z</time><extensions><speed>1.168023</speed><course>172.635988</course><hAcc>1.488061</hAcc><vAcc>0.947292</vAcc></extensions></trkpt>
      <trkpt lon="-117.337624" lat="33.975945"><ele>311.671504</ele><time>2025-04-16T02:36:36Z</time><extensions><speed>1.138045</speed><course>169.852175</course><hAcc>1.475852</hAcc><vAcc>0.943485</vAcc></extensions></trkpt>
      <trkpt lon="-117.337621" lat="33.975935"><ele>311.677357</ele><time>2025-04-16T02:36:37Z</time><extensions><speed>1.184680</speed><course>167.263306</course><hAcc>1.481614</hAcc><vAcc>0.940169</vAcc></extensions></trkpt>
      <trkpt lon="-117.337619" lat="33.975925"><ele>311.687343</ele><time>2025-04-16T02:36:38Z</time><extensions><speed>1.209739</speed><course>166.994673</course><hAcc>1.516431</hAcc><vAcc>0.936997</vAcc></extensions></trkpt>
      <trkpt lon="-117.337616" lat="33.975914"><ele>311.692561</ele><time>2025-04-16T02:36:39Z</time><extensions><speed>1.180462</speed><course>166.554323</course><hAcc>1.502400</hAcc><vAcc>0.935521</vAcc></extensions></trkpt>
      <trkpt lon="-117.337613" lat="33.975904"><ele>311.683867</ele><time>2025-04-16T02:36:40Z</time><extensions><speed>1.246363</speed><course>169.162587</course><hAcc>1.501888</hAcc><vAcc>0.933681</vAcc></extensions></trkpt>
      <trkpt lon="-117.337611" lat="33.975893"><ele>311.668449</ele><time>2025-04-16T02:36:41Z</time><extensions><speed>1.163043</speed><course>172.480638</course><hAcc>1.502522</hAcc><vAcc>0.933955</vAcc></extensions></trkpt>
      <trkpt lon="-117.337609" lat="33.975883"><ele>311.634057</ele><time>2025-04-16T02:36:42Z</time><extensions><speed>1.072817</speed><course>172.267041</course><hAcc>1.504336</hAcc><vAcc>0.934647</vAcc></extensions></trkpt>
      <trkpt lon="-117.337607" lat="33.975874"><ele>311.596177</ele><time>2025-04-16T02:36:43Z</time><extensions><speed>1.006756</speed><course>167.491398</course><hAcc>1.506105</hAcc><vAcc>0.935637</vAcc></extensions></trkpt>
      <trkpt lon="-117.337604" lat="33.975866"><ele>311.539816</ele><time>2025-04-16T02:36:44Z</time><extensions><speed>0.999442</speed><course>159.582261</course><hAcc>1.496523</hAcc><vAcc>0.937195</vAcc></extensions></trkpt>
      <trkpt lon="-117.337600" lat="33.975858"><ele>311.483539</ele><time>2025-04-16T02:36:45Z</time><extensions><speed>1.037910</speed><course>151.867913</course><hAcc>1.479682</hAcc><vAcc>0.941415</vAcc></extensions></trkpt>
      <trkpt lon="-117.337593" lat="33.975850"><ele>311.422278</ele><time>2025-04-16T02:36:46Z</time><extensions><speed>1.102291</speed><course>140.814221</course><hAcc>1.465207</hAcc><vAcc>0.944282</vAcc></extensions></trkpt>
      <trkpt lon="-117.337585" lat="33.975843"><ele>311.374881</ele><time>2025-04-16T02:36:47Z</time><extensions><speed>1.170473</speed><course>128.245384</course><hAcc>1.457644</hAcc><vAcc>0.946642</vAcc></extensions></trkpt>
      <trkpt lon="-117.337574" lat="33.975837"><ele>311.325898</ele><time>2025-04-16T02:36:48Z</time><extensions><speed>1.209272</speed><course>121.391020</course><hAcc>1.436631</hAcc><vAcc>0.950237</vAcc></extensions></trkpt>
      <trkpt lon="-117.337563" lat="33.975832"><ele>311.279190</ele><time>2025-04-16T02:36:49Z</time><extensions><speed>1.178581</speed><course>117.604806</course><hAcc>1.430425</hAcc><vAcc>0.952062</vAcc></extensions></trkpt>
      <trkpt lon="-117.337551" lat="33.975828"><ele>311.263924</ele><time>2025-04-16T02:36:50Z</time><extensions><speed>1.138383</speed><course>109.190217</course><hAcc>1.417629</hAcc><vAcc>0.952981</vAcc></extensions></trkpt>
      <trkpt lon="-117.337540" lat="33.975825"><ele>311.244830</ele><time>2025-04-16T02:36:51Z</time><extensions><speed>1.086998</speed><course>102.482073</course><hAcc>1.430014</hAcc><vAcc>0.952523</vAcc></extensions></trkpt>
      <trkpt lon="-117.337529" lat="33.975824"><ele>311.229168</ele><time>2025-04-16T02:36:52Z</time><extensions><speed>0.989907</speed><course>88.403937</course><hAcc>1.394325</hAcc><vAcc>0.949458</vAcc></extensions></trkpt>
      <trkpt lon="-117.337518" lat="33.975825"><ele>311.210004</ele><time>2025-04-16T02:36:53Z</time><extensions><speed>1.050788</speed><course>79.394827</course><hAcc>1.381598</hAcc><vAcc>0.944737</vAcc></extensions></trkpt>
      <trkpt lon="-117.337506" lat="33.975828"><ele>311.191522</ele><time>2025-04-16T02:36:54Z</time><extensions><speed>1.146549</speed><course>73.947584</course><hAcc>1.378163</hAcc><vAcc>0.938393</vAcc></extensions></trkpt>
      <trkpt lon="-117.337495" lat="33.975830"><ele>311.177349</ele><time>2025-04-16T02:36:55Z</time><extensions><speed>1.132071</speed><course>78.057447</course><hAcc>1.385437</hAcc><vAcc>0.930788</vAcc></extensions></trkpt>
      <trkpt lon="-117.337482" lat="33.975833"><ele>311.180055</ele><time>2025-04-16T02:36:56Z</time><extensions><speed>1.344919</speed><course>75.753971</course><hAcc>1.359041</hAcc><vAcc>0.921832</vAcc></extensions></trkpt>
      <trkpt lon="-117.337467" lat="33.975836"><ele>311.196535</ele><time>2025-04-16T02:36:57Z</time><extensions><speed>1.452547</speed><course>75.198640</course><hAcc>1.354004</hAcc><vAcc>0.911506</vAcc></extensions></trkpt>
      <trkpt lon="-117.337453" lat="33.975839"><ele>311.204132</ele><time>2025-04-16T02:36:58Z</time><extensions><speed>1.265197</speed><course>73.804098</course><hAcc>1.374888</hAcc><vAcc>0.899992</vAcc></extensions></trkpt>
      <trkpt lon="-117.337440" lat="33.975843"><ele>311.214564</ele><time>2025-04-16T02:36:59Z</time><extensions><speed>1.206146</speed><course>70.982733</course><hAcc>1.347661</hAcc><vAcc>0.887378</vAcc></extensions></trkpt>
      <trkpt lon="-117.337428" lat="33.975846"><ele>311.244063</ele><time>2025-04-16T02:37:00Z</time><extensions><speed>1.134657</speed><course>72.167912</course><hAcc>1.338419</hAcc><vAcc>0.873910</vAcc></extensions></trkpt>
      <trkpt lon="-117.337417" lat="33.975849"><ele>311.273146</ele><time>2025-04-16T02:37:01Z</time><extensions><speed>1.047618</speed><course>75.322467</course><hAcc>1.341352</hAcc><vAcc>0.859910</vAcc></extensions></trkpt>
      <trkpt lon="-117.337406" lat="33.975851"><ele>311.307965</ele><time>2025-04-16T02:37:02Z</time><extensions><speed>0.914517</speed><course>78.941426</course><hAcc>1.333208</hAcc><vAcc>0.845790</vAcc></extensions></trkpt>
      <trkpt lon="-117.337396" lat="33.975852"><ele>311.331947</ele><time>2025-04-16T02:37:03Z</time><extensions><speed>0.985236</speed><course>82.619867</course><hAcc>1.332412</hAcc><vAcc>0.832094</vAcc></extensions></trkpt>
      <trkpt lon="-117.337385" lat="33.975853"><ele>311.353017</ele><time>2025-04-16T02:37:04Z</time><extensions><speed>1.096307</speed><course>84.694360</course><hAcc>1.331817</hAcc><vAcc>0.819128</vAcc></extensions></trkpt>
      <trkpt lon="-117.337373" lat="33.975854"><ele>311.362458</ele><time>2025-04-16T02:37:05Z</time><extensions><speed>1.131047</speed><course>89.112588</course><hAcc>1.328032</hAcc><vAcc>0.807294</vAcc></extensions></trkpt>
      <trkpt lon="-117.337361" lat="33.975853"><ele>311.379779</ele><time>2025-04-16T02:37:06Z</time><extensions><speed>1.167928</speed><course>92.135092</course><hAcc>1.325525</hAcc><vAcc>0.796832</vAcc></extensions></trkpt>
      <trkpt lon="-117.337348" lat="33.975853"><ele>311.403392</ele><time>2025-04-16T02:37:07Z</time><extensions><speed>1.098022</speed><course>94.231902</course><hAcc>1.320314</hAcc><vAcc>0.787864</vAcc></extensions></trkpt>
      <trkpt lon="-117.337337" lat="33.975852"><ele>311.427008</ele><time>2025-04-16T02:37:08Z</time><extensions><speed>0.958685</speed><course>95.563839</course><hAcc>1.314698</hAcc><vAcc>0.780408</vAcc></extensions></trkpt>
      <trkpt lon="-117.337327" lat="33.975851"><ele>311.456415</ele><time>2025-04-16T02:37:09Z</time><extensions><speed>0.954150</speed><course>92.168120</course><hAcc>1.305146</hAcc><vAcc>0.774392</vAcc></extensions></trkpt>
      <trkpt lon="-117.337316" lat="33.975851"><ele>311.483718</ele><time>2025-04-16T02:37:10Z</time><extensions><speed>1.047688</speed><course>91.250587</course><hAcc>1.289270</hAcc><vAcc>0.769833</vAcc></extensions></trkpt>
      <trkpt lon="-117.337304" lat="33.975851"><ele>311.510042</ele><time>2025-04-16T02:37:11Z</time><extensions><speed>1.176435</speed><course>91.729199</course><hAcc>1.283141</hAcc><vAcc>0.766439</vAcc></extensions></trkpt>
      <trkpt lon="-117.337290" lat="33.975850"><ele>311.542341</ele><time>2025-04-16T02:37:12Z</time><extensions><speed>1.282387</speed><course>92.637598</course><hAcc>1.289696</hAcc><vAcc>0.763954</vAcc></extensions></trkpt>
      <trkpt lon="-117.337277" lat="33.975850"><ele>311.571002</ele><time>2025-04-16T02:37:13Z</time><extensions><speed>1.198792</speed><course>92.100622</course><hAcc>1.317296</hAcc><vAcc>0.762244</vAcc></extensions></trkpt>
      <trkpt lon="-117.337264" lat="33.975849"><ele>311.595436</ele><time>2025-04-16T02:37:14Z</time><extensions><speed>1.201000</speed><course>95.497421</course><hAcc>1.297652</hAcc><vAcc>0.761431</vAcc></extensions></trkpt>
      <trkpt lon="-117.337251" lat="33.975848"><ele>311.619850</ele><time>2025-04-16T02:37:15Z</time><extensions><speed>1.234083</speed><course>101.770806</course><hAcc>1.292070</hAcc><vAcc>0.761123</vAcc></extensions></trkpt>
      <trkpt lon="-117.337237" lat="33.975845"><ele>311.646205</ele><time>2025-04-16T02:37:16Z</time><extensions><speed>1.348855</speed><course>103.893482</course><hAcc>1.308588</hAcc><vAcc>0.761695</vAcc></extensions></trkpt>
      <trkpt lon="-117.337223" lat="33.975842"><ele>311.678142</ele><time>2025-04-16T02:37:17Z</time><extensions><speed>1.462449</speed><course>103.228292</course><hAcc>1.318073</hAcc><vAcc>0.762404</vAcc></extensions></trkpt>
      <trkpt lon="-117.337208" lat="33.975839"><ele>311.701962</ele><time>2025-04-16T02:37:18Z</time><extensions><speed>1.370199</speed><course>99.511816</course><hAcc>1.323743</hAcc><vAcc>0.763813</vAcc></extensions></trkpt>
      <trkpt lon="-117.337194" lat="33.975838"><ele>311.721044</ele><time>2025-04-16T02:37:19Z</time><extensions><speed>1.179366</speed><course>92.291608</course><hAcc>1.324387</hAcc><vAcc>0.765744</vAcc></extensions></trkpt>
      <trkpt lon="-117.337182" lat="33.975839"><ele>311.745704</ele><time>2025-04-16T02:37:20Z</time><extensions><speed>1.106606</speed><course>84.268320</course><hAcc>1.329096</hAcc><vAcc>0.767891</vAcc></extensions></trkpt>
      <trkpt lon="-117.337169" lat="33.975839"><ele>311.775212</ele><time>2025-04-16T02:37:21Z</time><extensions><speed>1.253948</speed><course>85.893629</course><hAcc>1.323268</hAcc><vAcc>0.770065</vAcc></extensions></trkpt>
      <trkpt lon="-117.337155" lat="33.975840"><ele>311.797986</ele><time>2025-04-16T02:37:22Z</time><extensions><speed>1.282579</speed><course>91.470115</course><hAcc>1.313162</hAcc><vAcc>0.772302</vAcc></extensions></trkpt>
      <trkpt lon="-117.337141" lat="33.975839"><ele>311.813060</ele><time>2025-04-16T02:37:23Z</time><extensions><speed>1.280966</speed><course>94.613609</course><hAcc>1.310315</hAcc><vAcc>0.774859</vAcc></extensions></trkpt>
      <trkpt lon="-117.337127" lat="33.975838"><ele>311.824227</ele><time>2025-04-16T02:37:24Z</time><extensions><speed>1.319417</speed><course>92.826845</course><hAcc>1.306441</hAcc><vAcc>0.776876</vAcc></extensions></trkpt>
      <trkpt lon="-117.337113" lat="33.975838"><ele>311.823478</ele><time>2025-04-16T02:37:25Z</time><extensions><speed>1.361245</speed><course>93.069216</course><hAcc>1.297949</hAcc><vAcc>0.779006</vAcc></extensions></trkpt>
      <trkpt lon="-117.337098" lat="33.975837"><ele>311.804884</ele><time>2025-04-16T02:37:26Z</time><extensions><speed>1.380575</speed><course>95.929472</course><hAcc>1.293107</hAcc><vAcc>0.780441</vAcc></extensions></trkpt>
      <trkpt lon="-117.337083" lat="33.975835"><ele>311.803899</ele><time>2025-04-16T02:37:27Z</time><extensions><speed>1.389919</speed><course>98.451849</course><hAcc>1.283505</hAcc><vAcc>0.781801</vAcc></extensions></trkpt>
      <trkpt lon="-117.337068" lat="33.975834"><ele>311.805890</ele><time>2025-04-16T02:37:28Z</time><extensions><speed>1.364050</speed><course>94.851998</course><hAcc>1.288331</hAcc><vAcc>0.782880</vAcc></extensions></trkpt>
      <trkpt lon="-117.337053" lat="33.975833"><ele>311.810565</ele><time>2025-04-16T02:37:29Z</time><extensions><speed>1.363875</speed><course>88.326370</course><hAcc>1.280278</hAcc><vAcc>0.782971</vAcc></extensions></trkpt>
      <trkpt lon="-117.337039" lat="33.975834"><ele>311.812861</ele><time>2025-04-16T02:37:30Z</time><extensions><speed>1.330035</speed><course>85.393363</course><hAcc>1.271653</hAcc><vAcc>0.782512</vAcc></extensions></trkpt>
      <trkpt lon="-117.337025" lat="33.975835"><ele>311.811107</ele><time>2025-04-16T02:37:31Z</time><extensions><speed>1.300614</speed><course>84.985863</course><hAcc>1.263483</hAcc><vAcc>0.781585</vAcc></extensions></trkpt>
      <trkpt lon="-117.337010" lat="33.975836"><ele>311.810280</ele><time>2025-04-16T02:37:32Z</time><extensions><speed>1.361333</speed><course>85.329747</course><hAcc>1.266000</hAcc><vAcc>0.780302</vAcc></extensions></trkpt>
      <trkpt lon="-117.336996" lat="33.975837"><ele>311.808015</ele><time>2025-04-16T02:37:33Z</time><extensions><speed>1.281836</speed><course>86.758905</course><hAcc>1.262134</hAcc><vAcc>0.778765</vAcc></extensions></trkpt>
      <trkpt lon="-117.336982" lat="33.975837"><ele>311.801131</ele><time>2025-04-16T02:37:34Z</time><extensions><speed>1.270578</speed><course>87.915301</course><hAcc>1.251626</hAcc><vAcc>0.777059</vAcc></extensions></trkpt>
      <trkpt lon="-117.336968" lat="33.975838"><ele>311.795455</ele><time>2025-04-16T02:37:35Z</time><extensions><speed>1.303720</speed><course>88.351664</course><hAcc>1.240079</hAcc><vAcc>0.775255</vAcc></extensions></trkpt>
      <trkpt lon="-117.336954" lat="33.975838"><ele>311.793788</ele><time>2025-04-16T02:37:36Z</time><extensions><speed>1.395950</speed><course>88.683430</course><hAcc>1.231088</hAcc><vAcc>0.773427</vAcc></extensions></trkpt>
      <trkpt lon="-117.336939" lat="33.975839"><ele>311.794788</ele><time>2025-04-16T02:37:37Z</time><extensions><speed>1.384779</speed><course>85.468538</course><hAcc>1.237812</hAcc><vAcc>0.771529</vAcc></extensions></trkpt>
      <trkpt lon="-117.336924" lat="33.975840"><ele>311.804447</ele><time>2025-04-16T02:37:38Z</time><extensions><speed>1.334866</speed><course>86.325466</course><hAcc>1.238049</hAcc><vAcc>0.769583</vAcc></extensions></trkpt>
      <trkpt lon="-117.336910" lat="33.975841"><ele>311.811232</ele><time>2025-04-16T02:37:39Z</time><extensions><speed>1.303384</speed><course>83.096650</course><hAcc>1.221339</hAcc><vAcc>0.767622</vAcc></extensions></trkpt>
      <trkpt lon="-117.336896" lat="33.975842"><ele>311.825879</ele><time>2025-04-16T02:37:40Z</time><extensions><speed>1.247331</speed><course>80.675325</course><hAcc>1.217435</hAcc><vAcc>0.765735</vAcc></extensions></trkpt>
      <trkpt lon="-117.336883" lat="33.975844"><ele>311.831615</ele><time>2025-04-16T02:37:41Z</time><extensions><speed>1.191652</speed><course>79.275760</course><hAcc>1.216964</hAcc><vAcc>0.764004</vAcc></extensions></trkpt>
      <trkpt lon="-117.336871" lat="33.975846"><ele>311.861978</ele><time>2025-04-16T02:37:42Z</time><extensions><speed>1.160037</speed><course>77.872643</course><hAcc>1.211780</hAcc><vAcc>0.762483</vAcc></extensions></trkpt>
      <trkpt lon="-117.336857" lat="33.975848"><ele>311.886882</ele><time>2025-04-16T02:37:43Z</time><extensions><speed>1.331823</speed><course>83.047839</course><hAcc>1.203020</hAcc><vAcc>0.761193</vAcc></extensions></trkpt>
      <trkpt lon="-117.336843" lat="33.975849"><ele>311.902542</ele><time>2025-04-16T02:37:44Z</time><extensions><speed>1.347874</speed><course>89.721047</course><hAcc>1.200634</hAcc><vAcc>0.760132</vAcc></extensions></trkpt>
      <trkpt lon="-117.336828" lat="33.975848"><ele>311.910815</ele><time>2025-04-16T02:37:45Z</time><extensions><speed>1.417366</speed><course>97.991208</course><hAcc>1.189093</hAcc><vAcc>0.759283</vAcc></extensions></trkpt>
      <trkpt lon="-117.336813" lat="33.975846"><ele>311.918249</ele><time>2025-04-16T02:37:46Z</time><extensions><speed>1.337038</speed><course>100.051350</course><hAcc>1.186955</hAcc><vAcc>0.758617</vAcc></extensions></trkpt>
      <trkpt lon="-117.336799" lat="33.975844"><ele>311.930221</ele><time>2025-04-16T02:37:47Z</time><extensions><speed>1.322920</speed><course>97.248776</course><hAcc>1.169174</hAcc><vAcc>0.758102</vAcc></extensions></trkpt>
      <trkpt lon="-117.336785" lat="33.975844"><ele>311.932985</ele><time>2025-04-16T02:37:48Z</time><extensions><speed>1.264845</speed><course>89.968477</course><hAcc>1.189269</hAcc><vAcc>0.757713</vAcc></extensions></trkpt>
      <trkpt lon="-117.336771" lat="33.975844"><ele>311.934433</ele><time>2025-04-16T02:37:49Z</time><extensions><speed>1.260851</speed><course>82.348602</course><hAcc>1.165381</hAcc><vAcc>0.757424</vAcc></extensions></trkpt>
      <trkpt lon="-117.336757" lat="33.975846"><ele>311.934370</ele><time>2025-04-16T02:37:50Z</time><extensions><speed>1.348977</speed><course>78.458572</course><hAcc>1.160152</hAcc><vAcc>0.757214</vAcc></extensions></trkpt>
      <trkpt lon="-117.336743" lat="33.975849"><ele>311.945769</ele><time>2025-04-16T02:37:51Z</time><extensions><speed>1.401223</speed><course>80.928994</course><hAcc>1.178548</hAcc><vAcc>0.757065</vAcc></extensions></trkpt>
      <trkpt lon="-117.336728" lat="33.975850"><ele>311.958924</ele><time>2025-04-16T02:37:52Z</time><extensions><speed>1.457977</speed><course>84.261435</course><hAcc>1.173917</hAcc><vAcc>0.756962</vAcc></extensions></trkpt>
      <trkpt lon="-117.336712" lat="33.975851"><ele>311.962890</ele><time>2025-04-16T02:37:53Z</time><extensions><speed>1.325533</speed><course>87.986222</course><hAcc>1.203082</hAcc><vAcc>0.757121</vAcc></extensions></trkpt>
      <trkpt lon="-117.336699" lat="33.975852"><ele>311.961713</ele><time>2025-04-16T02:37:54Z</time><extensions><speed>1.254795</speed><course>84.970438</course><hAcc>1.187266</hAcc><vAcc>0.757180</vAcc></extensions></trkpt>
      <trkpt lon="-117.336685" lat="33.975853"><ele>311.953801</ele><time>2025-04-16T02:37:55Z</time><extensions><speed>1.250533</speed><course>85.045414</course><hAcc>1.183682</hAcc><vAcc>0.757276</vAcc></extensions></trkpt>
      <trkpt lon="-117.336671" lat="33.975853"><ele>311.948432</ele><time>2025-04-16T02:37:56Z</time><extensions><speed>1.331887</speed><course>86.941900</course><hAcc>1.193853</hAcc><vAcc>0.757469</vAcc></extensions></trkpt>
      <trkpt lon="-117.336656" lat="33.975854"><ele>311.941331</ele><time>2025-04-16T02:37:57Z</time><extensions><speed>1.426452</speed><course>87.338607</course><hAcc>1.201786</hAcc><vAcc>0.757651</vAcc></extensions></trkpt>
      <trkpt lon="-117.336641" lat="33.975854"><ele>311.935351</ele><time>2025-04-16T02:37:58Z</time><extensions><speed>1.388205</speed><course>89.870938</course><hAcc>1.207848</hAcc><vAcc>0.757858</vAcc></extensions></trkpt>
      <trkpt lon="-117.336626" lat="33.975854"><ele>311.925020</ele><time>2025-04-16T02:37:59Z</time><extensions><speed>1.352813</speed><course>88.802389</course><hAcc>1.192392</hAcc><vAcc>0.758078</vAcc></extensions></trkpt>
      <trkpt lon="-117.336612" lat="33.975855"><ele>311.912024</ele><time>2025-04-16T02:38:00Z</time><extensions><speed>1.252453</speed><course>87.011297</course><hAcc>1.187848</hAcc><vAcc>0.758297</vAcc></extensions></trkpt>
      <trkpt lon="-117.336599" lat="33.975856"><ele>311.890305</ele><time>2025-04-16T02:38:01Z</time><extensions><speed>1.261953</speed><course>84.813847</course><hAcc>1.185989</hAcc><vAcc>0.758497</vAcc></extensions></trkpt>
      <trkpt lon="-117.336585" lat="33.975856"><ele>311.859635</ele><time>2025-04-16T02:38:02Z</time><extensions><speed>1.333387</speed><course>89.021690</course><hAcc>1.183731</hAcc><vAcc>0.758649</vAcc></extensions></trkpt>
      <trkpt lon="-117.336570" lat="33.975856"><ele>311.823018</ele><time>2025-04-16T02:38:03Z</time><extensions><speed>1.267986</speed><course>90.466959</course><hAcc>1.204910</hAcc><vAcc>0.758725</vAcc></extensions></trkpt>
      <trkpt lon="-117.336557" lat="33.975856"><ele>311.781819</ele><time>2025-04-16T02:38:04Z</time><extensions><speed>1.273967</speed><course>95.220573</course><hAcc>1.171720</hAcc><vAcc>0.759017</vAcc></extensions></trkpt>
      <trkpt lon="-117.336544" lat="33.975854"><ele>311.744993</ele><time>2025-04-16T02:38:05Z</time><extensions><speed>1.193177</speed><course>100.066418</course><hAcc>1.156433</hAcc><vAcc>0.759053</vAcc></extensions></trkpt>
      <trkpt lon="-117.336531" lat="33.975852"><ele>311.709723</ele><time>2025-04-16T02:38:06Z</time><extensions><speed>1.166877</speed><course>106.692745</course><hAcc>1.159724</hAcc><vAcc>0.759054</vAcc></extensions></trkpt>
      <trkpt lon="-117.336518" lat="33.975848"><ele>311.671200</ele><time>2025-04-16T02:38:07Z</time><extensions><speed>1.329460</speed><course>108.538906</course><hAcc>1.148158</hAcc><vAcc>0.759039</vAcc></extensions></trkpt>
      <trkpt lon="-117.336505" lat="33.975845"><ele>311.639580</ele><time>2025-04-16T02:38:08Z</time><extensions><speed>1.285032</speed><course>108.066735</course><hAcc>1.153521</hAcc><vAcc>0.759030</vAcc></extensions></trkpt>
      <trkpt lon="-117.336492" lat="33.975841"><ele>311.604769</ele><time>2025-04-16T02:38:09Z</time><extensions><speed>1.276612</speed><course>110.083902</course><hAcc>1.136903</hAcc><vAcc>0.759042</vAcc></extensions></trkpt>
      <trkpt lon="-117.336479" lat="33.975837"><ele>311.581198</ele><time>2025-04-16T02:38:10Z</time><extensions><speed>1.178047</speed><course>107.173356</course><hAcc>1.154464</hAcc><vAcc>0.759078</vAcc></extensions></trkpt>
      <trkpt lon="-117.336467" lat="33.975835"><ele>311.563002</ele><time>2025-04-16T02:38:11Z</time><extensions><speed>1.078702</speed><course>103.802102</course><hAcc>1.135922</hAcc><vAcc>0.759129</vAcc></extensions></trkpt>
      <trkpt lon="-117.336456" lat="33.975833"><ele>311.551316</ele><time>2025-04-16T02:38:12Z</time><extensions><speed>1.051483</speed><course>97.315186</course><hAcc>1.144718</hAcc><vAcc>0.759175</vAcc></extensions></trkpt>
      <trkpt lon="-117.336445" lat="33.975832"><ele>311.546514</ele><time>2025-04-16T02:38:13Z</time><extensions><speed>1.048551</speed><course>90.444330</course><hAcc>1.162888</hAcc><vAcc>0.759185</vAcc></extensions></trkpt>
      <trkpt lon="-117.336434" lat="33.975833"><ele>311.545529</ele><time>2025-04-16T02:38:14Z</time><extensions><speed>0.992606</speed><course>84.115359</course><hAcc>1.177245</hAcc><vAcc>0.759123</vAcc></extensions></trkpt>
      <trkpt lon="-117.336423" lat="33.975834"><ele>311.551395</ele><time>2025-04-16T02:38:15Z</time><extensions><speed>1.005679</speed><course>75.413354</course><hAcc>1.184638</hAcc><vAcc>0.758966</vAcc></extensions></trkpt>
      <trkpt lon="-117.336414" lat="33.975837"><ele>311.560558</ele><time>2025-04-16T02:38:16Z</time><extensions><speed>0.857123</speed><course>62.149627</course><hAcc>1.204648</hAcc><vAcc>0.758733</vAcc></extensions></trkpt>
      <trkpt lon="-117.336407" lat="33.975841"><ele>311.584239</ele><time>2025-04-16T02:38:17Z</time><extensions><speed>0.661754</speed><course>47.350464</course><hAcc>1.227391</hAcc><vAcc>0.758460</vAcc></extensions></trkpt>
      <trkpt lon="-117.336403" lat="33.975845"><ele>311.610605</ele><time>2025-04-16T02:38:18Z</time><extensions><speed>0.431998</speed><course>30.102819</course><hAcc>1.257976</hAcc><vAcc>0.758177</vAcc></extensions></trkpt>
      <trkpt lon="-117.336403" lat="33.975847"><ele>311.642258</ele><time>2025-04-16T02:38:19Z</time><extensions><speed>0.233479</speed><course>345.195226</course><hAcc>1.283134</hAcc><vAcc>0.757966</vAcc></extensions></trkpt>
      <trkpt lon="-117.336404" lat="33.975849"><ele>311.685038</ele><time>2025-04-16T02:38:20Z</time><extensions><speed>0.229427</speed><course>302.766608</course><hAcc>1.314980</hAcc><vAcc>0.757747</vAcc></extensions></trkpt>
      <trkpt lon="-117.336406" lat="33.975850"><ele>311.728708</ele><time>2025-04-16T02:38:21Z</time><extensions><speed>0.253048</speed><course>274.534236</course><hAcc>1.353213</hAcc><vAcc>0.757567</vAcc></extensions></trkpt>
      <trkpt lon="-117.336409" lat="33.975850"><ele>311.780964</ele><time>2025-04-16T02:38:22Z</time><extensions><speed>0.229527</speed><course>258.854715</course><hAcc>1.385068</hAcc><vAcc>0.757428</vAcc></extensions></trkpt>
      <trkpt lon="-117.336411" lat="33.975849"><ele>311.819928</ele><time>2025-04-16T02:38:23Z</time><extensions><speed>0.176950</speed><course>237.265238</course><hAcc>1.407042</hAcc><vAcc>0.757329</vAcc></extensions></trkpt>
      <trkpt lon="-117.336412" lat="33.975848"><ele>311.863016</ele><time>2025-04-16T02:38:24Z</time><extensions><speed>0.147369</speed><course>186.213539</course><hAcc>1.413189</hAcc><vAcc>0.757265</vAcc></extensions></trkpt>
      <trkpt lon="-117.336411" lat="33.975846"><ele>311.911846</ele><time>2025-04-16T02:38:25Z</time><extensions><speed>0.279342</speed><course>132.954336</course><hAcc>1.398730</hAcc><vAcc>0.757631</vAcc></extensions></trkpt>
      <trkpt lon="-117.336407" lat="33.975844"><ele>311.959556</ele><time>2025-04-16T02:38:26Z</time><extensions><speed>0.556855</speed><course>113.902271</course><hAcc>1.370104</hAcc><vAcc>0.758204</vAcc></extensions></trkpt>
      <trkpt lon="-117.336399" lat="33.975842"><ele>312.004404</ele><time>2025-04-16T02:38:27Z</time><extensions><speed>0.944529</speed><course>105.409661</course><hAcc>1.344175</hAcc><vAcc>0.758596</vAcc></extensions></trkpt>
      <trkpt lon="-117.336387" lat="33.975840"><ele>312.053219</ele><time>2025-04-16T02:38:28Z</time><extensions><speed>1.301593</speed><course>103.808851</course><hAcc>1.333258</hAcc><vAcc>0.759191</vAcc></extensions></trkpt>
      <trkpt lon="-117.336372" lat="33.975837"><ele>312.114626</ele><time>2025-04-16T02:38:29Z</time><extensions><speed>1.559824</speed><course>102.914821</course><hAcc>1.307639</hAcc><vAcc>0.760066</vAcc></extensions></trkpt>
      <trkpt lon="-117.336356" lat="33.975834"><ele>312.182451</ele><time>2025-04-16T02:38:30Z</time><extensions><speed>1.520758</speed><course>101.145943</course><hAcc>1.281063</hAcc><vAcc>0.760813</vAcc></extensions></trkpt>
      <trkpt lon="-117.336341" lat="33.975831"><ele>312.254358</ele><time>2025-04-16T02:38:31Z</time><extensions><speed>1.379600</speed><course>100.786229</course><hAcc>1.259599</hAcc><vAcc>0.761612</vAcc></extensions></trkpt>
      <trkpt lon="-117.336327" lat="33.975829"><ele>312.316307</ele><time>2025-04-16T02:38:32Z</time><extensions><speed>1.276996</speed><course>102.260984</course><hAcc>1.239109</hAcc><vAcc>0.762728</vAcc></extensions></trkpt>
      <trkpt lon="-117.336314" lat="33.975827"><ele>312.368888</ele><time>2025-04-16T02:38:33Z</time><extensions><speed>1.145712</speed><course>100.064023</course><hAcc>1.213948</hAcc><vAcc>0.764454</vAcc></extensions></trkpt>
      <trkpt lon="-117.336302" lat="33.975825"><ele>312.424948</ele><time>2025-04-16T02:38:34Z</time><extensions><speed>1.137659</speed><course>98.718829</course><hAcc>1.192337</hAcc><vAcc>0.765649</vAcc></extensions></trkpt>
      <trkpt lon="-117.336290" lat="33.975824"><ele>312.472597</ele><time>2025-04-16T02:38:35Z</time><extensions><speed>1.144828</speed><course>100.161932</course><hAcc>1.188622</hAcc><vAcc>0.766703</vAcc></extensions></trkpt>
      <trkpt lon="-117.336276" lat="33.975821"><ele>312.517224</ele><time>2025-04-16T02:38:36Z</time><extensions><speed>1.336965</speed><course>102.361012</course><hAcc>1.199836</hAcc><vAcc>0.767548</vAcc></extensions></trkpt>
      <trkpt lon="-117.336262" lat="33.975818"><ele>312.560763</ele><time>2025-04-16T02:38:37Z</time><extensions><speed>1.393988</speed><course>104.901673</course><hAcc>1.164904</hAcc><vAcc>0.768147</vAcc></extensions></trkpt>
      <trkpt lon="-117.336248" lat="33.975815"><ele>312.599163</ele><time>2025-04-16T02:38:38Z</time><extensions><speed>1.302572</speed><course>105.755194</course><hAcc>1.180972</hAcc><vAcc>0.768514</vAcc></extensions></trkpt>
      <trkpt lon="-117.336235" lat="33.975812"><ele>312.636665</ele><time>2025-04-16T02:38:39Z</time><extensions><speed>1.185224</speed><course>105.828258</course><hAcc>1.181580</hAcc><vAcc>0.768659</vAcc></extensions></trkpt>
      <trkpt lon="-117.336223" lat="33.975810"><ele>312.659141</ele><time>2025-04-16T02:38:40Z</time><extensions><speed>1.042844</speed><course>102.408255</course><hAcc>1.178379</hAcc><vAcc>0.768586</vAcc></extensions></trkpt>
      <trkpt lon="-117.336213" lat="33.975808"><ele>312.672097</ele><time>2025-04-16T02:38:41Z</time><extensions><speed>0.852753</speed><course>97.469788</course><hAcc>1.188391</hAcc><vAcc>0.768300</vAcc></extensions></trkpt>
      <trkpt lon="-117.336205" lat="33.975807"><ele>312.676681</ele><time>2025-04-16T02:38:42Z</time><extensions><speed>0.697188</speed><course>95.293520</course><hAcc>1.205260</hAcc><vAcc>0.767776</vAcc></extensions></trkpt>
      <trkpt lon="-117.336198" lat="33.975807"><ele>312.673961</ele><time>2025-04-16T02:38:43Z</time><extensions><speed>0.565708</speed><course>96.017151</course><hAcc>1.242402</hAcc><vAcc>0.766972</vAcc></extensions></trkpt>
      <trkpt lon="-117.336194" lat="33.975807"><ele>312.666342</ele><time>2025-04-16T02:38:44Z</time><extensions><speed>0.148322</speed><course>85.064357</course><hAcc>1.243765</hAcc><vAcc>0.765898</vAcc></extensions></trkpt>
      <trkpt lon="-117.336194" lat="33.975807"><ele>312.652732</ele><time>2025-04-16T02:38:45Z</time><extensions><speed>0.114652</speed><course>318.554456</course><hAcc>1.246851</hAcc><vAcc>0.764653</vAcc></extensions></trkpt>
      <trkpt lon="-117.336195" lat="33.975808"><ele>312.635989</ele><time>2025-04-16T02:38:46Z</time><extensions><speed>0.141451</speed><course>322.976027</course><hAcc>1.269699</hAcc><vAcc>0.763361</vAcc></extensions></trkpt>
      <trkpt lon="-117.336195" lat="33.975809"><ele>312.615959</ele><time>2025-04-16T02:38:47Z</time><extensions><speed>0.123525</speed><course>352.057753</course><hAcc>1.290012</hAcc><vAcc>0.762486</vAcc></extensions></trkpt>
      <trkpt lon="-117.336195" lat="33.975810"><ele>312.593392</ele><time>2025-04-16T02:38:48Z</time><extensions><speed>0.132729</speed><course>0.422455</course><hAcc>1.308491</hAcc><vAcc>0.762143</vAcc></extensions></trkpt>
      <trkpt lon="-117.336196" lat="33.975812"><ele>312.567316</ele><time>2025-04-16T02:38:49Z</time><extensions><speed>0.147382</speed><course>354.875200</course><hAcc>1.330365</hAcc><vAcc>0.762656</vAcc></extensions></trkpt>
      <trkpt lon="-117.336196" lat="33.975813"><ele>312.539129</ele><time>2025-04-16T02:38:50Z</time><extensions><speed>0.149465</speed><course>1.802327</course><hAcc>1.352737</hAcc><vAcc>0.764146</vAcc></extensions></trkpt>
      <trkpt lon="-117.336195" lat="33.975814"><ele>312.508655</ele><time>2025-04-16T02:38:51Z</time><extensions><speed>0.139512</speed><course>6.771593</course><hAcc>1.375902</hAcc><vAcc>0.766384</vAcc></extensions></trkpt>
      <trkpt lon="-117.336195" lat="33.975815"><ele>312.471220</ele><time>2025-04-16T02:38:52Z</time><extensions><speed>0.117304</speed><course>15.466560</course><hAcc>1.400171</hAcc><vAcc>0.769435</vAcc></extensions></trkpt>
      <trkpt lon="-117.336195" lat="33.975816"><ele>312.432551</ele><time>2025-04-16T02:38:53Z</time><extensions><speed>0.086546</speed><course>22.022333</course><hAcc>1.431479</hAcc><vAcc>0.773144</vAcc></extensions></trkpt>
      <trkpt lon="-117.336195" lat="33.975817"><ele>312.390773</ele><time>2025-04-16T02:38:54Z</time><extensions><speed>0.044092</speed><course>39.722636</course><hAcc>1.467175</hAcc><vAcc>0.777329</vAcc></extensions></trkpt>
      <trkpt lon="-117.336194" lat="33.975817"><ele>312.345693</ele><time>2025-04-16T02:38:55Z</time><extensions><speed>0.029378</speed><course>113.464619</course><hAcc>1.470151</hAcc><vAcc>0.782383</vAcc></extensions></trkpt>
      <trkpt lon="-117.336194" lat="33.975816"><ele>312.300089</ele><time>2025-04-16T02:38:56Z</time><extensions><speed>0.059114</speed><course>162.603394</course><hAcc>1.495605</hAcc><vAcc>0.788122</vAcc></extensions></trkpt>
      <trkpt lon="-117.336194" lat="33.975816"><ele>312.236252</ele><time>2025-04-16T02:38:57Z</time><extensions><speed>0.094149</speed><course>178.468557</course><hAcc>1.538294</hAcc><vAcc>0.793572</vAcc></extensions></trkpt>
      <trkpt lon="-117.336194" lat="33.975815"><ele>312.174302</ele><time>2025-04-16T02:38:58Z</time><extensions><speed>0.129131</speed><course>185.092507</course><hAcc>1.580401</hAcc><vAcc>0.798753</vAcc></extensions></trkpt>
      <trkpt lon="-117.336194" lat="33.975813"><ele>312.112957</ele><time>2025-04-16T02:38:59Z</time><extensions><speed>0.152348</speed><course>191.152611</course><hAcc>1.614444</hAcc><vAcc>0.803367</vAcc></extensions></trkpt>
      <trkpt lon="-117.336195" lat="33.975812"><ele>312.057242</ele><time>2025-04-16T02:39:00Z</time><extensions><speed>0.160172</speed><course>197.917642</course><hAcc>1.636724</hAcc><vAcc>0.806888</vAcc></extensions></trkpt>
      <trkpt lon="-117.336195" lat="33.975811"><ele>312.004032</ele><time>2025-04-16T02:39:01Z</time><extensions><speed>0.161662</speed><course>202.296189</course><hAcc>1.644817</hAcc><vAcc>0.809361</vAcc></extensions></trkpt>
      <trkpt lon="-117.336196" lat="33.975809"><ele>311.953990</ele><time>2025-04-16T02:39:02Z</time><extensions><speed>0.156721</speed><course>206.245287</course><hAcc>1.644574</hAcc><vAcc>0.810505</vAcc></extensions></trkpt>
      <trkpt lon="-117.336197" lat="33.975808"><ele>311.905772</ele><time>2025-04-16T02:39:03Z</time><extensions><speed>0.147455</speed><course>208.700925</course><hAcc>1.639069</hAcc><vAcc>0.810559</vAcc></extensions></trkpt>
      <trkpt lon="-117.336197" lat="33.975807"><ele>311.860380</ele><time>2025-04-16T02:39:04Z</time><extensions><speed>0.135638</speed><course>195.812094</course><hAcc>1.627035</hAcc><vAcc>0.809591</vAcc></extensions></trkpt>
      <trkpt lon="-117.336197" lat="33.975806"><ele>311.818663</ele><time>2025-04-16T02:39:05Z</time><extensions><speed>0.124881</speed><course>178.425453</course><hAcc>1.609372</hAcc><vAcc>0.807682</vAcc></extensions></trkpt>
      <trkpt lon="-117.336197" lat="33.975805"><ele>311.781215</ele><time>2025-04-16T02:39:06Z</time><extensions><speed>0.135263</speed><course>148.791236</course><hAcc>1.584263</hAcc><vAcc>0.805083</vAcc></extensions></trkpt>
      <trkpt lon="-117.336196" lat="33.975804"><ele>311.752236</ele><time>2025-04-16T02:39:07Z</time><extensions><speed>0.089174</speed><course>145.364074</course><hAcc>1.563994</hAcc><vAcc>0.801827</vAcc></extensions></trkpt>
      <trkpt lon="-117.336196" lat="33.975803"><ele>311.730866</ele><time>2025-04-16T02:39:08Z</time><extensions><speed>0.046080</speed><course>155.758053</course><hAcc>1.550648</hAcc><vAcc>0.798078</vAcc></extensions></trkpt>
      <trkpt lon="-117.336196" lat="33.975803"><ele>311.717350</ele><time>2025-04-16T02:39:09Z</time><extensions><speed>0.025704</speed><course>181.377599</course><hAcc>1.541943</hAcc><vAcc>0.794056</vAcc></extensions></trkpt>
      <trkpt lon="-117.336196" lat="33.975803"><ele>311.710412</ele><time>2025-04-16T02:39:10Z</time><extensions><speed>0.015725</speed><course>157.197807</course><hAcc>1.534801</hAcc><vAcc>0.789914</vAcc></extensions></trkpt>
      <trkpt lon="-117.336196" lat="33.975803"><ele>311.709130</ele><time>2025-04-16T02:39:11Z</time><extensions><speed>0.021638</speed><course>102.058014</course><hAcc>1.529587</hAcc><vAcc>0.785807</vAcc></extensions></trkpt>
      <trkpt lon="-117.336196" lat="33.975803"><ele>311.712949</ele><time>2025-04-16T02:39:12Z</time><extensions><speed>0.028374</speed><course>81.673722</course><hAcc>1.525788</hAcc><vAcc>0.781818</vAcc></extensions></trkpt>
      <trkpt lon="-117.336195" lat="33.975803"><ele>311.721103</ele><time>2025-04-16T02:39:13Z</time><extensions><speed>0.021004</speed><course>58.942603</course><hAcc>1.523505</hAcc><vAcc>0.778051</vAcc></extensions></trkpt>
      <trkpt lon="-117.336195" lat="33.975803"><ele>311.732864</ele><time>2025-04-16T02:39:14Z</time><extensions><speed>0.015749</speed><course>40.975615</course><hAcc>1.521530</hAcc><vAcc>0.774570</vAcc></extensions></trkpt>
      <trkpt lon="-117.336195" lat="33.975803"><ele>311.750063</ele><time>2025-04-16T02:39:15Z</time><extensions><speed>0.013273</speed><course>46.611603</course><hAcc>1.519200</hAcc><vAcc>0.771418</vAcc></extensions></trkpt>
      <trkpt lon="-117.336195" lat="33.975803"><ele>311.771817</ele><time>2025-04-16T02:39:16Z</time><extensions><speed>0.014614</speed><course>79.619937</course><hAcc>1.515796</hAcc><vAcc>0.768618</vAcc></extensions></trkpt>
      <trkpt lon="-117.336195" lat="33.975803"><ele>311.798621</ele><time>2025-04-16T02:39:17Z</time><extensions><speed>0.027751</speed><course>112.817619</course><hAcc>1.508662</hAcc><vAcc>0.766178</vAcc></extensions></trkpt>
      <trkpt lon="-117.336194" lat="33.975803"><ele>311.826606</ele><time>2025-04-16T02:39:18Z</time><extensions><speed>0.018272</speed><course>154.635436</course><hAcc>1.502537</hAcc><vAcc>0.764100</vAcc></extensions></trkpt>
      <trkpt lon="-117.336194" lat="33.975803"><ele>311.854403</ele><time>2025-04-16T02:39:19Z</time><extensions><speed>0.019210</speed><course>158.521222</course><hAcc>1.496653</hAcc><vAcc>0.762374</vAcc></extensions></trkpt>
      <trkpt lon="-117.336194" lat="33.975803"><ele>311.880518</ele><time>2025-04-16T02:39:20Z</time><extensions><speed>0.005970</speed><course>179.161969</course><hAcc>1.493873</hAcc><vAcc>0.760976</vAcc></extensions></trkpt>
      <trkpt lon="-117.336194" lat="33.975803"><ele>311.907228</ele><time>2025-04-16T02:39:21Z</time><extensions><speed>0.011643</speed><course>336.985812</course><hAcc>1.492383</hAcc><vAcc>0.759868</vAcc></extensions></trkpt>
      <trkpt lon="-117.336194" lat="33.975803"><ele>311.931807</ele><time>2025-04-16T02:39:22Z</time><extensions><speed>0.028850</speed><course>353.425518</course><hAcc>1.488403</hAcc><vAcc>0.759009</vAcc></extensions></trkpt>
      <trkpt lon="-117.336194" lat="33.975803"><ele>311.953474</ele><time>2025-04-16T02:39:23Z</time><extensions><speed>0.047409</speed><course>1.047949</course><hAcc>1.482166</hAcc><vAcc>0.758357</vAcc></extensions></trkpt>
      <trkpt lon="-117.336194" lat="33.975804"><ele>311.975904</ele><time>2025-04-16T02:39:24Z</time><extensions><speed>0.061811</speed><course>7.411192</course><hAcc>1.478857</hAcc><vAcc>0.757872</vAcc></extensions></trkpt>
      <trkpt lon="-117.336194" lat="33.975804"><ele>312.000110</ele><time>2025-04-16T02:39:25Z</time><extensions><speed>0.061229</speed><course>22.103351</course><hAcc>1.475480</hAcc><vAcc>0.757847</vAcc></extensions></trkpt>
      <trkpt lon="-117.336194" lat="33.975805"><ele>312.023264</ele><time>2025-04-16T02:39:26Z</time><extensions><speed>0.062793</speed><course>57.855990</course><hAcc>1.471823</hAcc><vAcc>0.757955</vAcc></extensions></trkpt>
      <trkpt lon="-117.336193" lat="33.975805"><ele>312.041370</ele><time>2025-04-16T02:39:27Z</time><extensions><speed>0.053967</speed><course>66.799768</course><hAcc>1.471028</hAcc><vAcc>0.758352</vAcc></extensions></trkpt>
      <trkpt lon="-117.336193" lat="33.975805"><ele>312.058641</ele><time>2025-04-16T02:39:28Z</time><extensions><speed>0.086188</speed><course>83.796876</course><hAcc>1.467034</hAcc><vAcc>0.759356</vAcc></extensions></trkpt>
      <trkpt lon="-117.336191" lat="33.975805"><ele>312.073776</ele><time>2025-04-16T02:39:29Z</time><extensions><speed>0.157503</speed><course>89.111270</course><hAcc>1.458747</hAcc><vAcc>0.760682</vAcc></extensions></trkpt>
      <trkpt lon="-117.336189" lat="33.975805"><ele>312.096739</ele><time>2025-04-16T02:39:30Z</time><extensions><speed>0.258350</speed><course>90.022304</course><hAcc>1.446387</hAcc><vAcc>0.762481</vAcc></extensions></trkpt>
      <trkpt lon="-117.336186" lat="33.975805"><ele>312.115383</ele><time>2025-04-16T02:39:31Z</time><extensions><speed>0.355360</speed><course>86.522091</course><hAcc>1.430570</hAcc><vAcc>0.764764</vAcc></extensions></trkpt>
      <trkpt lon="-117.336180" lat="33.975806"><ele>312.141154</ele><time>2025-04-16T02:39:32Z</time><extensions><speed>0.630504</speed><course>87.180296</course><hAcc>1.402488</hAcc><vAcc>0.767722</vAcc></extensions></trkpt>
      <trkpt lon="-117.336171" lat="33.975806"><ele>312.171021</ele><time>2025-04-16T02:39:33Z</time><extensions><speed>1.042268</speed><course>88.015529</course><hAcc>1.382215</hAcc><vAcc>0.771495</vAcc></extensions></trkpt>
      <trkpt lon="-117.336158" lat="33.975806"><ele>312.204013</ele><time>2025-04-16T02:39:34Z</time><extensions><speed>1.422082</speed><course>89.071531</course><hAcc>1.386534</hAcc><vAcc>0.776068</vAcc></extensions></trkpt>
      <trkpt lon="-117.336141" lat="33.975807"><ele>312.265715</ele><time>2025-04-16T02:39:35Z</time><extensions><speed>1.630278</speed><course>88.275946</course><hAcc>1.373002</hAcc><vAcc>0.779918</vAcc></extensions></trkpt>
      <trkpt lon="-117.336124" lat="33.975807"><ele>312.330290</ele><time>2025-04-16T02:39:36Z</time><extensions><speed>1.536140</speed><course>86.883142</course><hAcc>1.354818</hAcc><vAcc>0.784079</vAcc></extensions></trkpt>
      <trkpt lon="-117.336109" lat="33.975808"><ele>312.410647</ele><time>2025-04-16T02:39:37Z</time><extensions><speed>1.361016</speed><course>89.522580</course><hAcc>1.340402</hAcc><vAcc>0.787505</vAcc></extensions></trkpt>
      <trkpt lon="-117.336094" lat="33.975808"><ele>312.503195</ele><time>2025-04-16T02:39:38Z</time><extensions><speed>1.267018</speed><course>89.403255</course><hAcc>1.330663</hAcc><vAcc>0.790583</vAcc></extensions></trkpt>
      <trkpt lon="-117.336081" lat="33.975808"><ele>312.591756</ele><time>2025-04-16T02:39:39Z</time><extensions><speed>1.254687</speed><course>85.579043</course><hAcc>1.318587</hAcc><vAcc>0.793251</vAcc></extensions></trkpt>
      <trkpt lon="-117.336067" lat="33.975809"><ele>312.684365</ele><time>2025-04-16T02:39:40Z</time><extensions><speed>1.230874</speed><course>82.069075</course><hAcc>1.312377</hAcc><vAcc>0.795829</vAcc></extensions></trkpt>
      <trkpt lon="-117.336054" lat="33.975811"><ele>312.775130</ele><time>2025-04-16T02:39:41Z</time><extensions><speed>1.246519</speed><course>81.880822</course><hAcc>1.302447</hAcc><vAcc>0.797161</vAcc></extensions></trkpt>
      <trkpt lon="-117.336041" lat="33.975812"><ele>312.864294</ele><time>2025-04-16T02:39:42Z</time><extensions><speed>1.220594</speed><course>83.563992</course><hAcc>1.280743</hAcc><vAcc>0.797586</vAcc></extensions></trkpt>
      <trkpt lon="-117.336028" lat="33.975813"><ele>312.945753</ele><time>2025-04-16T02:39:43Z</time><extensions><speed>1.182216</speed><course>86.465643</course><hAcc>1.274641</hAcc><vAcc>0.797215</vAcc></extensions></trkpt>
      <trkpt lon="-117.336015" lat="33.975813"><ele>313.028992</ele><time>2025-04-16T02:39:44Z</time><extensions><speed>1.253942</speed><course>91.868673</course><hAcc>1.283146</hAcc><vAcc>0.796317</vAcc></extensions></trkpt>
      <trkpt lon="-117.336001" lat="33.975813"><ele>313.119466</ele><time>2025-04-16T02:39:45Z</time><extensions><speed>1.285035</speed><course>91.267425</course><hAcc>1.252036</hAcc><vAcc>0.794272</vAcc></extensions></trkpt>
      <trkpt lon="-117.335987" lat="33.975813"><ele>313.208256</ele><time>2025-04-16T02:39:46Z</time><extensions><speed>1.205338</speed><course>91.009911</course><hAcc>1.247903</hAcc><vAcc>0.791757</vAcc></extensions></trkpt>
      <trkpt lon="-117.335974" lat="33.975812"><ele>313.291070</ele><time>2025-04-16T02:39:47Z</time><extensions><speed>1.244332</speed><course>98.789227</course><hAcc>1.235766</hAcc><vAcc>0.789060</vAcc></extensions></trkpt>
      <trkpt lon="-117.335961" lat="33.975809"><ele>313.368682</ele><time>2025-04-16T02:39:48Z</time><extensions><speed>1.329913</speed><course>107.554411</course><hAcc>1.228612</hAcc><vAcc>0.786384</vAcc></extensions></trkpt>
      <trkpt lon="-117.335947" lat="33.975805"><ele>313.453267</ele><time>2025-04-16T02:39:49Z</time><extensions><speed>1.369734</speed><course>111.603402</course><hAcc>1.227203</hAcc><vAcc>0.783821</vAcc></extensions></trkpt>
      <trkpt lon="-117.335933" lat="33.975801"><ele>313.532433</ele><time>2025-04-16T02:39:50Z</time><extensions><speed>1.311186</speed><course>111.537249</course><hAcc>1.235370</hAcc><vAcc>0.781923</vAcc></extensions></trkpt>
      <trkpt lon="-117.335920" lat="33.975797"><ele>313.602325</ele><time>2025-04-16T02:39:51Z</time><extensions><speed>1.324147</speed><course>108.275481</course><hAcc>1.204568</hAcc><vAcc>0.779750</vAcc></extensions></trkpt>
      <trkpt lon="-117.335907" lat="33.975793"><ele>313.681324</ele><time>2025-04-16T02:39:52Z</time><extensions><speed>1.237447</speed><course>102.447453</course><hAcc>1.184058</hAcc><vAcc>0.777644</vAcc></extensions></trkpt>
      <trkpt lon="-117.335894" lat="33.975791"><ele>313.768467</ele><time>2025-04-16T02:39:53Z</time><extensions><speed>1.173779</speed><course>97.448785</course><hAcc>1.180003</hAcc><vAcc>0.775589</vAcc></extensions></trkpt>
      <trkpt lon="-117.335881" lat="33.975790"><ele>313.865947</ele><time>2025-04-16T02:39:54Z</time><extensions><speed>1.143945</speed><course>94.027563</course><hAcc>1.202618</hAcc><vAcc>0.773570</vAcc></extensions></trkpt>
      <trkpt lon="-117.335868" lat="33.975790"><ele>313.953734</ele><time>2025-04-16T02:39:55Z</time><extensions><speed>1.294802</speed><course>93.381353</course><hAcc>1.171770</hAcc><vAcc>0.771606</vAcc></extensions></trkpt>
      <trkpt lon="-117.335854" lat="33.975789"><ele>314.046975</ele><time>2025-04-16T02:39:56Z</time><extensions><speed>1.288373</speed><course>91.608648</course><hAcc>1.169055</hAcc><vAcc>0.769764</vAcc></extensions></trkpt>
      <trkpt lon="-117.335840" lat="33.975789"><ele>314.144133</ele><time>2025-04-16T02:39:57Z</time><extensions><speed>1.328868</speed><course>89.065270</course><hAcc>1.191304</hAcc><vAcc>0.768101</vAcc></extensions></trkpt>
      <trkpt lon="-117.335825" lat="33.975789"><ele>314.250906</ele><time>2025-04-16T02:39:58Z</time><extensions><speed>1.425143</speed><course>94.424344</course><hAcc>1.177888</hAcc><vAcc>0.766631</vAcc></extensions></trkpt>
      <trkpt lon="-117.335809" lat="33.975787"><ele>314.361163</ele><time>2025-04-16T02:39:59Z</time><extensions><speed>1.512192</speed><course>100.122866</course><hAcc>1.199215</hAcc><vAcc>0.765326</vAcc></extensions></trkpt>
      <trkpt lon="-117.335794" lat="33.975784"><ele>314.481443</ele><time>2025-04-16T02:40:00Z</time><extensions><speed>1.324937</speed><course>102.807785</course><hAcc>1.248252</hAcc><vAcc>0.764122</vAcc></extensions></trkpt>
      <trkpt lon="-117.335781" lat="33.975781"><ele>314.591577</ele><time>2025-04-16T02:40:01Z</time><extensions><speed>1.262610</speed><course>111.358066</course><hAcc>1.231588</hAcc><vAcc>0.762972</vAcc></extensions></trkpt>
      <trkpt lon="-117.335769" lat="33.975777"><ele>314.702163</ele><time>2025-04-16T02:40:02Z</time><extensions><speed>1.115993</speed><course>115.663143</course><hAcc>1.254106</hAcc><vAcc>0.761885</vAcc></extensions></trkpt>
      <trkpt lon="-117.335758" lat="33.975773"><ele>314.827733</ele><time>2025-04-16T02:40:03Z</time><extensions><speed>1.135143</speed><course>113.443186</course><hAcc>1.295261</hAcc><vAcc>0.760895</vAcc></extensions></trkpt>
      <trkpt lon="-117.335746" lat="33.975769"><ele>314.953368</ele><time>2025-04-16T02:40:04Z</time><extensions><speed>1.206863</speed><course>110.639589</course><hAcc>1.337868</hAcc><vAcc>0.760022</vAcc></extensions></trkpt>
      <trkpt lon="-117.335733" lat="33.975765"><ele>315.083293</ele><time>2025-04-16T02:40:05Z</time><extensions><speed>1.355051</speed><course>109.072479</course><hAcc>1.354134</hAcc><vAcc>0.759277</vAcc></extensions></trkpt>
      <trkpt lon="-117.335718" lat="33.975761"><ele>315.214632</ele><time>2025-04-16T02:40:06Z</time><extensions><speed>1.530723</speed><course>106.922120</course><hAcc>1.364644</hAcc><vAcc>0.758659</vAcc></extensions></trkpt>
      <trkpt lon="-117.335702" lat="33.975757"><ele>315.348871</ele><time>2025-04-16T02:40:07Z</time><extensions><speed>1.675604</speed><course>102.256026</course><hAcc>1.366868</hAcc><vAcc>0.758161</vAcc></extensions></trkpt>
      <trkpt lon="-117.335684" lat="33.975755"><ele>315.483100</ele><time>2025-04-16T02:40:08Z</time><extensions><speed>1.654816</speed><course>91.844977</course><hAcc>1.383772</hAcc><vAcc>0.757769</vAcc></extensions></trkpt>
      <trkpt lon="-117.335667" lat="33.975755"><ele>315.616859</ele><time>2025-04-16T02:40:09Z</time><extensions><speed>1.386179</speed><course>84.919749</course><hAcc>1.420183</hAcc><vAcc>0.757469</vAcc></extensions></trkpt>
      <trkpt lon="-117.335653" lat="33.975756"><ele>315.745377</ele><time>2025-04-16T02:40:10Z</time><extensions><speed>1.284413</speed><course>85.825304</course><hAcc>1.400424</hAcc><vAcc>0.757246</vAcc></extensions></trkpt>
      <trkpt lon="-117.335640" lat="33.975757"><ele>315.891809</ele><time>2025-04-16T02:40:11Z</time><extensions><speed>1.162724</speed><course>89.003519</course><hAcc>1.417943</hAcc><vAcc>0.757083</vAcc></extensions></trkpt>
      <trkpt lon="-117.335629" lat="33.975757"><ele>316.023003</ele><time>2025-04-16T02:40:12Z</time><extensions><speed>0.930142</speed><course>96.497948</course><hAcc>1.449495</hAcc><vAcc>0.756969</vAcc></extensions></trkpt>
      <trkpt lon="-117.335620" lat="33.975755"><ele>316.170741</ele><time>2025-04-16T02:40:13Z</time><extensions><speed>0.784962</speed><course>101.585449</course><hAcc>1.504191</hAcc><vAcc>0.756890</vAcc></extensions></trkpt>
      <trkpt lon="-117.335613" lat="33.975754"><ele>316.306367</ele><time>2025-04-16T02:40:14Z</time><extensions><speed>0.536657</speed><course>112.970761</course><hAcc>1.529087</hAcc><vAcc>0.756838</vAcc></extensions></trkpt>
      <trkpt lon="-117.335609" lat="33.975753"><ele>316.445604</ele><time>2025-04-16T02:40:15Z</time><extensions><speed>0.245148</speed><course>99.227401</course><hAcc>1.612256</hAcc><vAcc>0.756804</vAcc></extensions></trkpt>
      <trkpt lon="-117.335608" lat="33.975754"><ele>316.572350</ele><time>2025-04-16T02:40:16Z</time><extensions><speed>0.286542</speed><course>352.913058</course><hAcc>1.758329</hAcc><vAcc>0.756783</vAcc></extensions></trkpt>
      <trkpt lon="-117.335609" lat="33.975759"><ele>316.696006</ele><time>2025-04-16T02:40:17Z</time><extensions><speed>0.761049</speed><course>337.473118</course><hAcc>1.945817</hAcc><vAcc>0.756770</vAcc></extensions></trkpt>
      <trkpt lon="-117.335614" lat="33.975767"><ele>316.811135</ele><time>2025-04-16T02:40:18Z</time><extensions><speed>1.222969</speed><course>337.962477</course><hAcc>2.153871</hAcc><vAcc>0.756763</vAcc></extensions></trkpt>
      <trkpt lon="-117.335619" lat="33.975779"><ele>316.932563</ele><time>2025-04-16T02:40:19Z</time><extensions><speed>1.601051</speed><course>340.449170</course><hAcc>2.363940</hAcc><vAcc>0.756759</vAcc></extensions></trkpt>
      <trkpt lon="-117.335624" lat="33.975794"><ele>317.050966</ele><time>2025-04-16T02:40:20Z</time><extensions><speed>1.831223</speed><course>344.291996</course><hAcc>2.564600</hAcc><vAcc>0.756756</vAcc></extensions></trkpt>
      <trkpt lon="-117.335628" lat="33.975810"><ele>317.161807</ele><time>2025-04-16T02:40:21Z</time><extensions><speed>1.791718</speed><course>350.316108</course><hAcc>2.759969</hAcc><vAcc>0.756755</vAcc></extensions></trkpt>
      <trkpt lon="-117.335630" lat="33.975824"><ele>317.271041</ele><time>2025-04-16T02:40:22Z</time><extensions><speed>1.503154</speed><course>356.397967</course><hAcc>2.925904</hAcc><vAcc>0.756754</vAcc></extensions></trkpt>
      <trkpt lon="-117.335631" lat="33.975838"><ele>317.370851</ele><time>2025-04-16T02:40:23Z</time><extensions><speed>1.595441</speed><course>358.252860</course><hAcc>3.021281</hAcc><vAcc>0.756753</vAcc></extensions></trkpt>
      <trkpt lon="-117.335630" lat="33.975853"><ele>317.467758</ele><time>2025-04-16T02:40:24Z</time><extensions><speed>1.725644</speed><course>0.490449</course><hAcc>3.122987</hAcc><vAcc>0.756808</vAcc></extensions></trkpt>
      <trkpt lon="-117.335629" lat="33.975869"><ele>317.557379</ele><time>2025-04-16T02:40:25Z</time><extensions><speed>1.655160</speed><course>8.004448</course><hAcc>3.290566</hAcc><vAcc>0.756874</vAcc></extensions></trkpt>
      <trkpt lon="-117.335625" lat="33.975883"><ele>317.643616</ele><time>2025-04-16T02:40:26Z</time><extensions><speed>1.572485</speed><course>16.747840</course><hAcc>3.517589</hAcc><vAcc>0.756952</vAcc></extensions></trkpt>
      <trkpt lon="-117.335618" lat="33.975895"><ele>317.728341</ele><time>2025-04-16T02:40:27Z</time><extensions><speed>1.532144</speed><course>26.170649</course><hAcc>3.785229</hAcc><vAcc>0.757042</vAcc></extensions></trkpt>
      <trkpt lon="-117.335609" lat="33.975907"><ele>317.811665</ele><time>2025-04-16T02:40:28Z</time><extensions><speed>1.550630</speed><course>35.441341</course><hAcc>4.081772</hAcc><vAcc>0.757149</vAcc></extensions></trkpt>
      <trkpt lon="-117.335597" lat="33.975918"><ele>317.891126</ele><time>2025-04-16T02:40:29Z</time><extensions><speed>1.597307</speed><course>42.971939</course><hAcc>4.396706</hAcc><vAcc>0.757273</vAcc></extensions></trkpt>
      <trkpt lon="-117.335584" lat="33.975928"><ele>317.960190</ele><time>2025-04-16T02:40:30Z</time><extensions><speed>1.616651</speed><course>48.049350</course><hAcc>4.706346</hAcc><vAcc>0.757424</vAcc></extensions></trkpt>
      <trkpt lon="-117.335571" lat="33.975938"><ele>318.034561</ele><time>2025-04-16T02:40:31Z</time><extensions><speed>1.590990</speed><course>50.130909</course><hAcc>4.986305</hAcc><vAcc>0.757612</vAcc></extensions></trkpt>
      <trkpt lon="-117.335559" lat="33.975948"><ele>318.089451</ele><time>2025-04-16T02:40:32Z</time><extensions><speed>1.528279</speed><course>51.005193</course><hAcc>5.241738</hAcc><vAcc>0.757859</vAcc></extensions></trkpt>
      <trkpt lon="-117.335547" lat="33.975957"><ele>318.147193</ele><time>2025-04-16T02:40:33Z</time><extensions><speed>1.432783</speed><course>50.699892</course><hAcc>5.467692</hAcc><vAcc>0.758193</vAcc></extensions></trkpt>
      <trkpt lon="-117.335535" lat="33.975965"><ele>318.206791</ele><time>2025-04-16T02:40:34Z</time><extensions><speed>1.293908</speed><course>49.096266</course><hAcc>5.624973</hAcc><vAcc>0.758308</vAcc></extensions></trkpt>
      <trkpt lon="-117.335525" lat="33.975974"><ele>318.261334</ele><time>2025-04-16T02:40:35Z</time><extensions><speed>1.260135</speed><course>48.255870</course><hAcc>5.663304</hAcc><vAcc>0.757939</vAcc></extensions></trkpt>
      <trkpt lon="-117.335516" lat="33.975982"><ele>318.308934</ele><time>2025-04-16T02:40:36Z</time><extensions><speed>1.241220</speed><course>47.438263</course><hAcc>5.681178</hAcc><vAcc>0.757681</vAcc></extensions></trkpt>
      <trkpt lon="-117.335506" lat="33.975989"><ele>318.357425</ele><time>2025-04-16T02:40:37Z</time><extensions><speed>1.224791</speed><course>46.567535</course><hAcc>5.712692</hAcc><vAcc>0.757487</vAcc></extensions></trkpt>
      <trkpt lon="-117.335497" lat="33.975997"><ele>318.400299</ele><time>2025-04-16T02:40:38Z</time><extensions><speed>1.224571</speed><course>45.515962</course><hAcc>5.748526</hAcc><vAcc>0.757322</vAcc></extensions></trkpt>
      <trkpt lon="-117.335488" lat="33.976005"><ele>318.440170</ele><time>2025-04-16T02:40:39Z</time><extensions><speed>1.196168</speed><course>44.093057</course><hAcc>5.796796</hAcc><vAcc>0.757178</vAcc></extensions></trkpt>
      <trkpt lon="-117.335479" lat="33.976013"><ele>318.482981</ele><time>2025-04-16T02:40:40Z</time><extensions><speed>1.133178</speed><course>42.640665</course><hAcc>5.857511</hAcc><vAcc>0.757075</vAcc></extensions></trkpt>
      <trkpt lon="-117.335473" lat="33.976021"><ele>318.517149</ele><time>2025-04-16T02:40:41Z</time><extensions><speed>0.969847</speed><course>30.908094</course><hAcc>5.883406</hAcc><vAcc>0.756996</vAcc></extensions></trkpt>
      <trkpt lon="-117.335468" lat="33.976028"><ele>318.548961</ele><time>2025-04-16T02:40:42Z</time><extensions><speed>0.883991</speed><course>24.267350</course><hAcc>5.923437</hAcc><vAcc>0.756942</vAcc></extensions></trkpt>
      <trkpt lon="-117.335464" lat="33.976024"><ele>318.581263</ele><time>2025-04-16T02:40:43Z</time><extensions><speed>0.515072</speed><course>34.116039</course><hAcc>5.989078</hAcc><vAcc>0.761532</vAcc></extensions></trkpt>
      <trkpt lon="-117.335460" lat="33.976024"><ele>318.605907</ele><time>2025-04-16T02:40:44Z</time><extensions><speed>0.311462</speed><course>69.917846</course><hAcc>6.109439</hAcc><vAcc>0.769704</vAcc></extensions></trkpt>
      <trkpt lon="-117.335455" lat="33.976023"><ele>318.628877</ele><time>2025-04-16T02:40:45Z</time><extensions><speed>0.427318</speed><course>125.978853</course><hAcc>6.289574</hAcc><vAcc>0.781518</vAcc></extensions></trkpt>
      <trkpt lon="-117.335448" lat="33.976020"><ele>318.649472</ele><time>2025-04-16T02:40:46Z</time><extensions><speed>0.791932</speed><course>143.085676</course><hAcc>6.523500</hAcc><vAcc>0.797774</vAcc></extensions></trkpt>
      <trkpt lon="-117.335439" lat="33.976013"><ele>318.670708</ele><time>2025-04-16T02:40:47Z</time><extensions><speed>1.242663</speed><course>147.349402</course><hAcc>6.795255</hAcc><vAcc>0.819638</vAcc></extensions></trkpt>
      <trkpt lon="-117.335415" lat="33.976009"><ele>318.697617</ele><time>2025-04-16T02:40:48Z</time><extensions><speed>1.805987</speed><course>136.290119</course><hAcc>7.052232</hAcc><vAcc>0.848161</vAcc></extensions></trkpt>
      <trkpt lon="-117.335398" lat="33.975996"><ele>318.732322</ele><time>2025-04-16T02:40:49Z</time><extensions><speed>2.382861</speed><course>137.906771</course><hAcc>7.277397</hAcc><vAcc>0.884310</vAcc></extensions></trkpt>
      <trkpt lon="-117.335378" lat="33.975979"><ele>318.770874</ele><time>2025-04-16T02:40:50Z</time><extensions><speed>2.997690</speed><course>139.645304</course><hAcc>7.402300</hAcc><vAcc>0.928966</vAcc></extensions></trkpt>
      <trkpt lon="-117.335354" lat="33.975956"><ele>318.824155</ele><time>2025-04-16T02:40:51Z</time><extensions><speed>3.647846</speed><course>141.002098</course><hAcc>7.356005</hAcc><vAcc>0.982827</vAcc></extensions></trkpt>
      <trkpt lon="-117.335327" lat="33.975929"><ele>318.903586</ele><time>2025-04-16T02:40:52Z</time><extensions><speed>4.334076</speed><course>142.032905</course><hAcc>7.053739</hAcc><vAcc>1.046806</vAcc></extensions></trkpt>
      <trkpt lon="-117.335047" lat="33.975749"><ele>318.677093</ele><time>2025-04-16T02:41:03Z</time><extensions><speed>2.064489</speed><course>96.296908</course><hAcc>3.317643</hAcc><vAcc>1.037627</vAcc></extensions></trkpt>
      <trkpt lon="-117.335026" lat="33.975749"><ele>318.556343</ele><time>2025-04-16T02:41:04Z</time><extensions><speed>1.740816</speed><course>84.413724</course><hAcc>3.050447</hAcc><vAcc>0.971783</vAcc></extensions></trkpt>
      <trkpt lon="-117.335007" lat="33.975752"><ele>318.404712</ele><time>2025-04-16T02:41:05Z</time><extensions><speed>1.919356</speed><course>76.050389</course><hAcc>2.789025</hAcc><vAcc>0.919794</vAcc></extensions></trkpt>
      <trkpt lon="-117.334986" lat="33.975757"><ele>318.231144</ele><time>2025-04-16T02:41:06Z</time><extensions><speed>2.001962</speed><course>72.217662</course><hAcc>2.473845</hAcc><vAcc>0.879352</vAcc></extensions></trkpt>
      <trkpt lon="-117.334966" lat="33.975763"><ele>318.043674</ele><time>2025-04-16T02:41:07Z</time><extensions><speed>1.962793</speed><course>69.078164</course><hAcc>2.113279</hAcc><vAcc>0.848349</vAcc></extensions></trkpt>
      <trkpt lon="-117.334947" lat="33.975769"><ele>317.848196</ele><time>2025-04-16T02:41:08Z</time><extensions><speed>1.782475</speed><course>67.941749</course><hAcc>1.783731</hAcc><vAcc>0.824901</vAcc></extensions></trkpt>
      <trkpt lon="-117.334930" lat="33.975775"><ele>317.632778</ele><time>2025-04-16T02:41:09Z</time><extensions><speed>1.586355</speed><course>68.033437</course><hAcc>1.549946</hAcc><vAcc>0.807373</vAcc></extensions></trkpt>
      <trkpt lon="-117.334915" lat="33.975780"><ele>317.399036</ele><time>2025-04-16T02:41:10Z</time><extensions><speed>1.448710</speed><course>68.666701</course><hAcc>1.422450</hAcc><vAcc>0.794393</vAcc></extensions></trkpt>
      <trkpt lon="-117.334901" lat="33.975785"><ele>317.156683</ele><time>2025-04-16T02:41:11Z</time><extensions><speed>1.411412</speed><course>70.426252</course><hAcc>1.341518</hAcc><vAcc>0.784841</vAcc></extensions></trkpt>
      <trkpt lon="-117.334886" lat="33.975788"><ele>316.919512</ele><time>2025-04-16T02:41:12Z</time><extensions><speed>1.463435</speed><course>76.520793</course><hAcc>1.302383</hAcc><vAcc>0.777836</vAcc></extensions></trkpt>
      <trkpt lon="-117.334870" lat="33.975791"><ele>316.676757</ele><time>2025-04-16T02:41:13Z</time><extensions><speed>1.432319</speed><course>79.485403</course><hAcc>1.292030</hAcc><vAcc>0.772697</vAcc></extensions></trkpt>
      <trkpt lon="-117.334856" lat="33.975793"><ele>316.443350</ele><time>2025-04-16T02:41:14Z</time><extensions><speed>1.332520</speed><course>83.971120</course><hAcc>1.266167</hAcc><vAcc>0.768914</vAcc></extensions></trkpt>
      <trkpt lon="-117.334841" lat="33.975794"><ele>316.216237</ele><time>2025-04-16T02:41:15Z</time><extensions><speed>1.297151</speed><course>87.459881</course><hAcc>1.237878</hAcc><vAcc>0.766109</vAcc></extensions></trkpt>
      <trkpt lon="-117.334827" lat="33.975794"><ele>316.007055</ele><time>2025-04-16T02:41:16Z</time><extensions><speed>1.326350</speed><course>87.963475</course><hAcc>1.231588</hAcc><vAcc>0.764007</vAcc></extensions></trkpt>
      <trkpt lon="-117.334813" lat="33.975794"><ele>315.808067</ele><time>2025-04-16T02:41:17Z</time><extensions><speed>1.254659</speed><course>93.523079</course><hAcc>1.217187</hAcc><vAcc>0.762415</vAcc></extensions></trkpt>
      <trkpt lon="-117.334800" lat="33.975793"><ele>315.624657</ele><time>2025-04-16T02:41:18Z</time><extensions><speed>1.308669</speed><course>95.411046</course><hAcc>1.194047</hAcc><vAcc>0.761193</vAcc></extensions></trkpt>
      <trkpt lon="-117.334785" lat="33.975792"><ele>315.459043</ele><time>2025-04-16T02:41:19Z</time><extensions><speed>1.343829</speed><course>95.301459</course><hAcc>1.178544</hAcc><vAcc>0.760244</vAcc></extensions></trkpt>
      <trkpt lon="-117.334771" lat="33.975791"><ele>315.310969</ele><time>2025-04-16T02:41:20Z</time><extensions><speed>1.227805</speed><course>92.604019</course><hAcc>1.186228</hAcc><vAcc>0.759499</vAcc></extensions></trkpt>
      <trkpt lon="-117.334759" lat="33.975791"><ele>315.177659</ele><time>2025-04-16T02:41:21Z</time><extensions><speed>1.069519</speed><course>93.117847</course><hAcc>1.153054</hAcc><vAcc>0.758910</vAcc></extensions></trkpt>
      <trkpt lon="-117.334747" lat="33.975790"><ele>315.063538</ele><time>2025-04-16T02:41:22Z</time><extensions><speed>1.094452</speed><course>96.341702</course><hAcc>1.142355</hAcc><vAcc>0.758441</vAcc></extensions></trkpt>
      <trkpt lon="-117.334736" lat="33.975789"><ele>314.958679</ele><time>2025-04-16T02:41:23Z</time><extensions><speed>1.082013</speed><course>95.075364</course><hAcc>1.155362</hAcc><vAcc>0.758068</vAcc></extensions></trkpt>
      <trkpt lon="-117.334724" lat="33.975788"><ele>314.867633</ele><time>2025-04-16T02:41:24Z</time><extensions><speed>1.076876</speed><course>91.382191</course><hAcc>1.136557</hAcc><vAcc>0.757772</vAcc></extensions></trkpt>
      <trkpt lon="-117.334712" lat="33.975788"><ele>314.796398</ele><time>2025-04-16T02:41:25Z</time><extensions><speed>1.114822</speed><course>89.881475</course><hAcc>1.128621</hAcc><vAcc>0.757536</vAcc></extensions></trkpt>
      <trkpt lon="-117.334700" lat="33.975788"><ele>314.729839</ele><time>2025-04-16T02:41:26Z</time><extensions><speed>1.144048</speed><course>90.179648</course><hAcc>1.128628</hAcc><vAcc>0.757351</vAcc></extensions></trkpt>
      <trkpt lon="-117.334688" lat="33.975788"><ele>314.668873</ele><time>2025-04-16T02:41:27Z</time><extensions><speed>1.106792</speed><course>92.487377</course><hAcc>1.130704</hAcc><vAcc>0.757205</vAcc></extensions></trkpt>
      <trkpt lon="-117.334677" lat="33.975788"><ele>314.616136</ele><time>2025-04-16T02:41:28Z</time><extensions><speed>0.978719</speed><course>92.813973</course><hAcc>1.138945</hAcc><vAcc>0.757092</vAcc></extensions></trkpt>
      <trkpt lon="-117.334666" lat="33.975787"><ele>314.566222</ele><time>2025-04-16T02:41:29Z</time><extensions><speed>0.882468</speed><course>92.547105</course><hAcc>1.150596</hAcc><vAcc>0.757005</vAcc></extensions></trkpt>
      <trkpt lon="-117.334656" lat="33.975787"><ele>314.520151</ele><time>2025-04-16T02:41:30Z</time><extensions><speed>0.996033</speed><course>87.151611</course><hAcc>1.136499</hAcc><vAcc>0.756938</vAcc></extensions></trkpt>
      <trkpt lon="-117.334645" lat="33.975788"><ele>314.475456</ele><time>2025-04-16T02:41:31Z</time><extensions><speed>1.070015</speed><course>81.827732</course><hAcc>1.148923</hAcc><vAcc>0.756887</vAcc></extensions></trkpt>
      <trkpt lon="-117.334634" lat="33.975790"><ele>314.426176</ele><time>2025-04-16T02:41:32Z</time><extensions><speed>1.023898</speed><course>78.783517</course><hAcc>1.181464</hAcc><vAcc>0.756850</vAcc></extensions></trkpt>
      <trkpt lon="-117.334623" lat="33.975792"><ele>314.379624</ele><time>2025-04-16T02:41:33Z</time><extensions><speed>1.018253</speed><course>78.325255</course><hAcc>1.178463</hAcc><vAcc>0.756821</vAcc></extensions></trkpt>
      <trkpt lon="-117.334612" lat="33.975794"><ele>314.339262</ele><time>2025-04-16T02:41:34Z</time><extensions><speed>1.048962</speed><course>75.737963</course><hAcc>1.184434</hAcc><vAcc>0.756801</vAcc></extensions></trkpt>
      <trkpt lon="-117.334601" lat="33.975796"><ele>314.301817</ele><time>2025-04-16T02:41:35Z</time><extensions><speed>1.042496</speed><course>73.505482</course><hAcc>1.199334</hAcc><vAcc>0.756785</vAcc></extensions></trkpt>
      <trkpt lon="-117.334591" lat="33.975799"><ele>314.273847</ele><time>2025-04-16T02:41:36Z</time><extensions><speed>0.981017</speed><course>72.357262</course><hAcc>1.220142</hAcc><vAcc>0.756774</vAcc></extensions></trkpt>
      <trkpt lon="-117.334581" lat="33.975802"><ele>314.256628</ele><time>2025-04-16T02:41:37Z</time><extensions><speed>0.891062</speed><course>67.628358</course><hAcc>1.245252</hAcc><vAcc>0.756766</vAcc></extensions></trkpt>
      <trkpt lon="-117.334574" lat="33.975805"><ele>314.246439</ele><time>2025-04-16T02:41:38Z</time><extensions><speed>0.692855</speed><course>53.567825</course><hAcc>1.226979</hAcc><vAcc>0.756760</vAcc></extensions></trkpt>
      <trkpt lon="-117.334568" lat="33.975810"><ele>314.243534</ele><time>2025-04-16T02:41:39Z</time><extensions><speed>0.797814</speed><course>46.166973</course><hAcc>1.228657</hAcc><vAcc>0.756756</vAcc></extensions></trkpt>
      <trkpt lon="-117.334561" lat="33.975815"><ele>314.247611</ele><time>2025-04-16T02:41:40Z</time><extensions><speed>0.997570</speed><course>47.350191</course><hAcc>1.253284</hAcc><vAcc>0.756753</vAcc></extensions></trkpt>
      <trkpt lon="-117.334552" lat="33.975821"><ele>314.260767</ele><time>2025-04-16T02:41:41Z</time><extensions><speed>1.055976</speed><course>52.144796</course><hAcc>1.256398</hAcc><vAcc>0.756750</vAcc></extensions></trkpt>
      <trkpt lon="-117.334544" lat="33.975826"><ele>314.277475</ele><time>2025-04-16T02:41:42Z</time><extensions><speed>0.836175</speed><course>57.480210</course><hAcc>1.259069</hAcc><vAcc>0.756748</vAcc></extensions></trkpt>
      <trkpt lon="-117.334538" lat="33.975829"><ele>314.300800</ele><time>2025-04-16T02:41:43Z</time><extensions><speed>0.460665</speed><course>60.043693</course><hAcc>1.268326</hAcc><vAcc>0.756747</vAcc></extensions></trkpt>
      <trkpt lon="-117.334536" lat="33.975830"><ele>314.330033</ele><time>2025-04-16T02:41:44Z</time><extensions><speed>0.025581</speed><course>146.427356</course><hAcc>1.273134</hAcc><vAcc>0.756746</vAcc></extensions></trkpt>
      <trkpt lon="-117.334536" lat="33.975829"><ele>314.364011</ele><time>2025-04-16T02:41:45Z</time><extensions><speed>0.132152</speed><course>222.356307</course><hAcc>1.290319</hAcc><vAcc>0.756745</vAcc></extensions></trkpt>
      <trkpt lon="-117.334537" lat="33.975828"><ele>314.396478</ele><time>2025-04-16T02:41:46Z</time><extensions><speed>0.154782</speed><course>215.342698</course><hAcc>1.313190</hAcc><vAcc>0.756745</vAcc></extensions></trkpt>
      <trkpt lon="-117.334538" lat="33.975827"><ele>314.427634</ele><time>2025-04-16T02:41:47Z</time><extensions><speed>0.147881</speed><course>185.645899</course><hAcc>1.324266</hAcc><vAcc>0.756744</vAcc></extensions></trkpt>
      <trkpt lon="-117.334538" lat="33.975826"><ele>314.452842</ele><time>2025-04-16T02:41:48Z</time><extensions><speed>0.180351</speed><course>164.536541</course><hAcc>1.327757</hAcc><vAcc>0.756744</vAcc></extensions></trkpt>
      <trkpt lon="-117.334537" lat="33.975824"><ele>314.471089</ele><time>2025-04-16T02:41:49Z</time><extensions><speed>0.202323</speed><course>167.482871</course><hAcc>1.334222</hAcc><vAcc>0.756744</vAcc></extensions></trkpt>
      <trkpt lon="-117.334537" lat="33.975822"><ele>314.477357</ele><time>2025-04-16T02:41:50Z</time><extensions><speed>0.204685</speed><course>164.242181</course><hAcc>1.342903</hAcc><vAcc>0.756743</vAcc></extensions></trkpt>
      <trkpt lon="-117.334536" lat="33.975821"><ele>314.476304</ele><time>2025-04-16T02:41:51Z</time><extensions><speed>0.198772</speed><course>159.089417</course><hAcc>1.352909</hAcc><vAcc>0.756743</vAcc></extensions></trkpt>
      <trkpt lon="-117.334535" lat="33.975819"><ele>314.468711</ele><time>2025-04-16T02:41:52Z</time><extensions><speed>0.172233</speed><course>155.516876</course><hAcc>1.368760</hAcc><vAcc>0.756780</vAcc></extensions></trkpt>
      <trkpt lon="-117.334534" lat="33.975818"><ele>314.456930</ele><time>2025-04-16T02:41:53Z</time><extensions><speed>0.141931</speed><course>151.850611</course><hAcc>1.384952</hAcc><vAcc>0.756832</vAcc></extensions></trkpt>
      <trkpt lon="-117.334534" lat="33.975817"><ele>314.439972</ele><time>2025-04-16T02:41:54Z</time><extensions><speed>0.125018</speed><course>146.705939</course><hAcc>1.396190</hAcc><vAcc>0.756979</vAcc></extensions></trkpt>
      <trkpt lon="-117.334533" lat="33.975816"><ele>314.417637</ele><time>2025-04-16T02:41:55Z</time><extensions><speed>0.120143</speed><course>139.423258</course><hAcc>1.401997</hAcc><vAcc>0.757280</vAcc></extensions></trkpt>
      <trkpt lon="-117.334532" lat="33.975815"><ele>314.390845</ele><time>2025-04-16T02:41:56Z</time><extensions><speed>0.112341</speed><course>126.990646</course><hAcc>1.405772</hAcc><vAcc>0.757574</vAcc></extensions></trkpt>
      <trkpt lon="-117.334531" lat="33.975815"><ele>314.360742</ele><time>2025-04-16T02:41:57Z</time><extensions><speed>0.104624</speed><course>105.368226</course><hAcc>1.412403</hAcc><vAcc>0.757850</vAcc></extensions></trkpt>
      <trkpt lon="-117.334530" lat="33.975815"><ele>314.328639</ele><time>2025-04-16T02:41:58Z</time><extensions><speed>0.079082</speed><course>87.412782</course><hAcc>1.425287</hAcc><vAcc>0.758164</vAcc></extensions></trkpt>
      <trkpt lon="-117.334529" lat="33.975815"><ele>314.295929</ele><time>2025-04-16T02:41:59Z</time><extensions><speed>0.062903</speed><course>55.377633</course><hAcc>1.439042</hAcc><vAcc>0.758513</vAcc></extensions></trkpt>
      <trkpt lon="-117.334529" lat="33.975815"><ele>314.264908</ele><time>2025-04-16T02:42:00Z</time><extensions><speed>0.064998</speed><course>20.293410</course><hAcc>1.452982</hAcc><vAcc>0.758876</vAcc></extensions></trkpt>
      <trkpt lon="-117.334529" lat="33.975816"><ele>314.235531</ele><time>2025-04-16T02:42:01Z</time><extensions><speed>0.071354</speed><course>343.709629</course><hAcc>1.471687</hAcc><vAcc>0.759234</vAcc></extensions></trkpt>
      <trkpt lon="-117.334529" lat="33.975816"><ele>314.208893</ele><time>2025-04-16T02:42:02Z</time><extensions><speed>0.087205</speed><course>331.969410</course><hAcc>1.488387</hAcc><vAcc>0.759556</vAcc></extensions></trkpt>
      <trkpt lon="-117.334530" lat="33.975817"><ele>314.185343</ele><time>2025-04-16T02:42:03Z</time><extensions><speed>0.093282</speed><course>331.195362</course><hAcc>1.496657</hAcc><vAcc>0.759805</vAcc></extensions></trkpt>
      <trkpt lon="-117.334530" lat="33.975818"><ele>314.164954</ele><time>2025-04-16T02:42:04Z</time><extensions><speed>0.086286</speed><course>327.566986</course><hAcc>1.502411</hAcc><vAcc>0.759940</vAcc></extensions></trkpt>
      <trkpt lon="-117.334530" lat="33.975818"><ele>314.147631</ele><time>2025-04-16T02:42:05Z</time><extensions><speed>0.072956</speed><course>329.488034</course><hAcc>1.502125</hAcc><vAcc>0.759930</vAcc></extensions></trkpt>
      <trkpt lon="-117.334531" lat="33.975819"><ele>314.133197</ele><time>2025-04-16T02:42:06Z</time><extensions><speed>0.060205</speed><course>331.300072</course><hAcc>1.494503</hAcc><vAcc>0.759770</vAcc></extensions></trkpt>
      <trkpt lon="-117.334531" lat="33.975819"><ele>314.121429</ele><time>2025-04-16T02:42:07Z</time><extensions><speed>0.053104</speed><course>340.928247</course><hAcc>1.487004</hAcc><vAcc>0.759490</vAcc></extensions></trkpt>
      <trkpt lon="-117.334531" lat="33.975820"><ele>314.120849</ele><time>2025-04-16T02:42:08Z</time><extensions><speed>0.053203</speed><course>353.937852</course><hAcc>1.487568</hAcc><vAcc>0.759138</vAcc></extensions></trkpt>
      <trkpt lon="-117.334531" lat="33.975820"><ele>314.118364</ele><time>2025-04-16T02:42:09Z</time><extensions><speed>0.059007</speed><course>4.543650</course><hAcc>1.486645</hAcc><vAcc>0.758759</vAcc></extensions></trkpt>
      <trkpt lon="-117.334531" lat="33.975821"><ele>314.100309</ele><time>2025-04-16T02:42:10Z</time><extensions><speed>0.067471</speed><course>12.002070</course><hAcc>1.466371</hAcc><vAcc>0.758387</vAcc></extensions></trkpt>
      <trkpt lon="-117.334531" lat="33.975822"><ele>314.081768</ele><time>2025-04-16T02:42:11Z</time><extensions><speed>0.055079</speed><course>15.286503</course><hAcc>1.454415</hAcc><vAcc>0.758043</vAcc></extensions></trkpt>
      <trkpt lon="-117.334531" lat="33.975822"><ele>314.072365</ele><time>2025-04-16T02:42:12Z</time><extensions><speed>0.030575</speed><course>18.319607</course><hAcc>1.449493</hAcc><vAcc>0.757741</vAcc></extensions></trkpt>
      <trkpt lon="-117.334531" lat="33.975822"><ele>314.049838</ele><time>2025-04-16T02:42:13Z</time><extensions><speed>0.014564</speed><course>67.765249</course><hAcc>1.446120</hAcc><vAcc>0.757487</vAcc></extensions></trkpt>
      <trkpt lon="-117.334531" lat="33.975822"><ele>314.026298</ele><time>2025-04-16T02:42:14Z</time><extensions><speed>0.033457</speed><course>122.787302</course><hAcc>1.446303</hAcc><vAcc>0.757282</vAcc></extensions></trkpt>
      <trkpt lon="-117.334530" lat="33.975822"><ele>314.013987</ele><time>2025-04-16T02:42:15Z</time><extensions><speed>0.074015</speed><course>126.178660</course><hAcc>1.450004</hAcc><vAcc>0.757121</vAcc></extensions></trkpt>
      <trkpt lon="-117.334529" lat="33.975821"><ele>314.008871</ele><time>2025-04-16T02:42:16Z</time><extensions><speed>0.141163</speed><course>121.497765</course><hAcc>1.453703</hAcc><vAcc>0.756999</vAcc></extensions></trkpt>
      <trkpt lon="-117.334527" lat="33.975820"><ele>314.001299</ele><time>2025-04-16T02:42:17Z</time><extensions><speed>0.259461</speed><course>115.317671</course><hAcc>1.451994</hAcc><vAcc>0.757007</vAcc></extensions></trkpt>
      <trkpt lon="-117.334523" lat="33.975819"><ele>313.995031</ele><time>2025-04-16T02:42:18Z</time><extensions><speed>0.464610</speed><course>108.523393</course><hAcc>1.438802</hAcc><vAcc>0.757339</vAcc></extensions></trkpt>
      <trkpt lon="-117.334517" lat="33.975818"><ele>313.983301</ele><time>2025-04-16T02:42:19Z</time><extensions><speed>0.848545</speed><course>102.018491</course><hAcc>1.406715</hAcc><vAcc>0.757922</vAcc></extensions></trkpt>
      <trkpt lon="-117.334506" lat="33.975816"><ele>313.974368</ele><time>2025-04-16T02:42:20Z</time><extensions><speed>1.209619</speed><course>100.712456</course><hAcc>1.396172</hAcc><vAcc>0.758824</vAcc></extensions></trkpt>
      <trkpt lon="-117.334492" lat="33.975813"><ele>313.973601</ele><time>2025-04-16T02:42:21Z</time><extensions><speed>1.464767</speed><course>102.934878</course><hAcc>1.391618</hAcc><vAcc>0.759830</vAcc></extensions></trkpt>
      <trkpt lon="-117.334476" lat="33.975811"><ele>313.986939</ele><time>2025-04-16T02:42:22Z</time><extensions><speed>1.425088</speed><course>101.902203</course><hAcc>1.373545</hAcc><vAcc>0.761087</vAcc></extensions></trkpt>
      <trkpt lon="-117.334462" lat="33.975808"><ele>313.999294</ele><time>2025-04-16T02:42:23Z</time><extensions><speed>1.361302</speed><course>102.645208</course><hAcc>1.348606</hAcc><vAcc>0.762539</vAcc></extensions></trkpt>
      <trkpt lon="-117.334448" lat="33.975806"><ele>314.012154</ele><time>2025-04-16T02:42:24Z</time><extensions><speed>1.253018</speed><course>100.501700</course><hAcc>1.331485</hAcc><vAcc>0.763938</vAcc></extensions></trkpt>
      <trkpt lon="-117.334434" lat="33.975804"><ele>314.032764</ele><time>2025-04-16T02:42:25Z</time><extensions><speed>1.272691</speed><course>97.898951</course><hAcc>1.319602</hAcc><vAcc>0.765416</vAcc></extensions></trkpt>
      <trkpt lon="-117.334421" lat="33.975802"><ele>314.058824</ele><time>2025-04-16T02:42:26Z</time><extensions><speed>1.249000</speed><course>99.313352</course><hAcc>1.309721</hAcc><vAcc>0.766892</vAcc></extensions></trkpt>
      <trkpt lon="-117.334408" lat="33.975800"><ele>314.083109</ele><time>2025-04-16T02:42:27Z</time><extensions><speed>1.129920</speed><course>103.378226</course><hAcc>1.298325</hAcc><vAcc>0.768247</vAcc></extensions></trkpt>
      <trkpt lon="-117.334397" lat="33.975798"><ele>314.113282</ele><time>2025-04-16T02:42:28Z</time><extensions><speed>1.075991</speed><course>106.152873</course><hAcc>1.284930</hAcc><vAcc>0.769432</vAcc></extensions></trkpt>
      <trkpt lon="-117.334385" lat="33.975795"><ele>314.149278</ele><time>2025-04-16T02:42:29Z</time><extensions><speed>1.074835</speed><course>107.475824</course><hAcc>1.271703</hAcc><vAcc>0.770449</vAcc></extensions></trkpt>
      <trkpt lon="-117.334374" lat="33.975792"><ele>314.184654</ele><time>2025-04-16T02:42:30Z</time><extensions><speed>1.131609</speed><course>104.138149</course><hAcc>1.269541</hAcc><vAcc>0.770774</vAcc></extensions></trkpt>
      <trkpt lon="-117.334362" lat="33.975790"><ele>314.214882</ele><time>2025-04-16T02:42:31Z</time><extensions><speed>1.180965</speed><course>98.874566</course><hAcc>1.261899</hAcc><vAcc>0.770596</vAcc></extensions></trkpt>
      <trkpt lon="-117.334349" lat="33.975789"><ele>314.239173</ele><time>2025-04-16T02:42:32Z</time><extensions><speed>1.155651</speed><course>92.780406</course><hAcc>1.248476</hAcc><vAcc>0.769994</vAcc></extensions></trkpt>
      <trkpt lon="-117.334337" lat="33.975789"><ele>314.279891</ele><time>2025-04-16T02:42:33Z</time><extensions><speed>1.108955</speed><course>86.214539</course><hAcc>1.241108</hAcc><vAcc>0.769038</vAcc></extensions></trkpt>
      <trkpt lon="-117.334325" lat="33.975790"><ele>314.316465</ele><time>2025-04-16T02:42:34Z</time><extensions><speed>1.011419</speed><course>82.266204</course><hAcc>1.228609</hAcc><vAcc>0.767878</vAcc></extensions></trkpt>
      <trkpt lon="-117.334315" lat="33.975791"><ele>314.344851</ele><time>2025-04-16T02:42:35Z</time><extensions><speed>1.021555</speed><course>79.638242</course><hAcc>1.214941</hAcc><vAcc>0.766650</vAcc></extensions></trkpt>
      <trkpt lon="-117.334303" lat="33.975793"><ele>314.366876</ele><time>2025-04-16T02:42:36Z</time><extensions><speed>1.145815</speed><course>77.484865</course><hAcc>1.201726</hAcc><vAcc>0.765528</vAcc></extensions></trkpt>
      <trkpt lon="-117.334290" lat="33.975795"><ele>314.392468</ele><time>2025-04-16T02:42:37Z</time><extensions><speed>1.270430</speed><course>79.798948</course><hAcc>1.185997</hAcc><vAcc>0.764446</vAcc></extensions></trkpt>
      <trkpt lon="-117.334276" lat="33.975797"><ele>314.415652</ele><time>2025-04-16T02:42:38Z</time><extensions><speed>1.316475</speed><course>83.429007</course><hAcc>1.177818</hAcc><vAcc>0.763458</vAcc></extensions></trkpt>
      <trkpt lon="-117.334263" lat="33.975798"><ele>314.434340</ele><time>2025-04-16T02:42:39Z</time><extensions><speed>1.226499</speed><course>85.249227</course><hAcc>1.180154</hAcc><vAcc>0.762542</vAcc></extensions></trkpt>
      <trkpt lon="-117.334249" lat="33.975799"><ele>314.449594</ele><time>2025-04-16T02:42:40Z</time><extensions><speed>1.261570</speed><course>87.657240</course><hAcc>1.143732</hAcc><vAcc>0.761684</vAcc></extensions></trkpt>
      <trkpt lon="-117.334235" lat="33.975799"><ele>314.468562</ele><time>2025-04-16T02:42:41Z</time><extensions><speed>1.338481</speed><course>91.238479</course><hAcc>1.134101</hAcc><vAcc>0.760897</vAcc></extensions></trkpt>
      <trkpt lon="-117.334221" lat="33.975799"><ele>314.484761</ele><time>2025-04-16T02:42:42Z</time><extensions><speed>1.257212</speed><course>85.964613</course><hAcc>1.160312</hAcc><vAcc>0.760198</vAcc></extensions></trkpt>
      <trkpt lon="-117.334207" lat="33.975800"><ele>314.508655</ele><time>2025-04-16T02:42:43Z</time><extensions><speed>1.268794</speed><course>85.524749</course><hAcc>1.119664</hAcc><vAcc>0.759594</vAcc></extensions></trkpt>
      <trkpt lon="-117.334194" lat="33.975801"><ele>314.521144</ele><time>2025-04-16T02:42:44Z</time><extensions><speed>1.174789</speed><course>88.458479</course><hAcc>1.105170</hAcc><vAcc>0.759084</vAcc></extensions></trkpt>
      <trkpt lon="-117.334182" lat="33.975801"><ele>314.531043</ele><time>2025-04-16T02:42:45Z</time><extensions><speed>1.047400</speed><course>92.583781</course><hAcc>1.115236</hAcc><vAcc>0.758656</vAcc></extensions></trkpt>
      <trkpt lon="-117.334171" lat="33.975800"><ele>314.525139</ele><time>2025-04-16T02:42:46Z</time><extensions><speed>1.068812</speed><course>94.383088</course><hAcc>1.127340</hAcc><vAcc>0.758296</vAcc></extensions></trkpt>
      <trkpt lon="-117.334159" lat="33.975799"><ele>314.527079</ele><time>2025-04-16T02:42:47Z</time><extensions><speed>1.152225</speed><course>93.182482</course><hAcc>1.140219</hAcc><vAcc>0.757988</vAcc></extensions></trkpt>
      <trkpt lon="-117.334146" lat="33.975799"><ele>314.530040</ele><time>2025-04-16T02:42:48Z</time><extensions><speed>1.221254</speed><course>92.923180</course><hAcc>1.117192</hAcc><vAcc>0.758032</vAcc></extensions></trkpt>
      <trkpt lon="-117.334132" lat="33.975798"><ele>314.539609</ele><time>2025-04-16T02:42:49Z</time><extensions><speed>1.313309</speed><course>91.398151</course><hAcc>1.111939</hAcc><vAcc>0.757954</vAcc></extensions></trkpt>
      <trkpt lon="-117.334118" lat="33.975798"><ele>314.545526</ele><time>2025-04-16T02:42:50Z</time><extensions><speed>1.375677</speed><course>89.766627</course><hAcc>1.115831</hAcc><vAcc>0.758601</vAcc></extensions></trkpt>
      <trkpt lon="-117.334103" lat="33.975798"><ele>314.548699</ele><time>2025-04-16T02:42:51Z</time><extensions><speed>1.379918</speed><course>95.607020</course><hAcc>1.116919</hAcc><vAcc>0.758942</vAcc></extensions></trkpt>
      <trkpt lon="-117.334089" lat="33.975796"><ele>314.552009</ele><time>2025-04-16T02:42:52Z</time><extensions><speed>1.259680</speed><course>102.119911</course><hAcc>1.125956</hAcc><vAcc>0.759711</vAcc></extensions></trkpt>
      <trkpt lon="-117.334076" lat="33.975793"><ele>314.560471</ele><time>2025-04-16T02:42:53Z</time><extensions><speed>1.237502</speed><course>105.288589</course><hAcc>1.115018</hAcc><vAcc>0.760394</vAcc></extensions></trkpt>
      <trkpt lon="-117.334063" lat="33.975790"><ele>314.568559</ele><time>2025-04-16T02:42:54Z</time><extensions><speed>1.165515</speed><course>105.505042</course><hAcc>1.152205</hAcc><vAcc>0.761180</vAcc></extensions></trkpt>
      <trkpt lon="-117.334051" lat="33.975788"><ele>314.577822</ele><time>2025-04-16T02:42:55Z</time><extensions><speed>1.087215</speed><course>100.320758</course><hAcc>1.119503</hAcc><vAcc>0.762035</vAcc></extensions></trkpt>
      <trkpt lon="-117.334039" lat="33.975786"><ele>314.582430</ele><time>2025-04-16T02:42:56Z</time><extensions><speed>1.193525</speed><course>99.234089</course><hAcc>1.119068</hAcc><vAcc>0.762908</vAcc></extensions></trkpt>
      <trkpt lon="-117.334026" lat="33.975785"><ele>314.590042</ele><time>2025-04-16T02:42:57Z</time><extensions><speed>1.312733</speed><course>98.654292</course><hAcc>1.146763</hAcc><vAcc>0.763725</vAcc></extensions></trkpt>
      <trkpt lon="-117.334012" lat="33.975783"><ele>314.607673</ele><time>2025-04-16T02:42:58Z</time><extensions><speed>1.327167</speed><course>98.049541</course><hAcc>1.154497</hAcc><vAcc>0.764386</vAcc></extensions></trkpt>
      <trkpt lon="-117.333997" lat="33.975781"><ele>314.629550</ele><time>2025-04-16T02:42:59Z</time><extensions><speed>1.387855</speed><course>95.507395</course><hAcc>1.147023</hAcc><vAcc>0.764795</vAcc></extensions></trkpt>
      <trkpt lon="-117.333983" lat="33.975781"><ele>314.655485</ele><time>2025-04-16T02:43:00Z</time><extensions><speed>1.262751</speed><course>91.673358</course><hAcc>1.157657</hAcc><vAcc>0.764875</vAcc></extensions></trkpt>
      <trkpt lon="-117.333969" lat="33.975781"><ele>314.687180</ele><time>2025-04-16T02:43:01Z</time><extensions><speed>1.304472</speed><course>89.493867</course><hAcc>1.140373</hAcc><vAcc>0.764601</vAcc></extensions></trkpt>
      <trkpt lon="-117.333955" lat="33.975781"><ele>314.723420</ele><time>2025-04-16T02:43:02Z</time><extensions><speed>1.227387</speed><course>86.137046</course><hAcc>1.156045</hAcc><vAcc>0.764015</vAcc></extensions></trkpt>
      <trkpt lon="-117.333942" lat="33.975782"><ele>314.755182</ele><time>2025-04-16T02:43:03Z</time><extensions><speed>1.239020</speed><course>83.644220</course><hAcc>1.142799</hAcc><vAcc>0.768341</vAcc></extensions></trkpt>
      <trkpt lon="-117.333928" lat="33.975783"><ele>314.789283</ele><time>2025-04-16T02:43:04Z</time><extensions><speed>1.291713</speed><course>83.913598</course><hAcc>1.134388</hAcc><vAcc>0.776175</vAcc></extensions></trkpt>
      <trkpt lon="-117.333915" lat="33.975784"><ele>314.825589</ele><time>2025-04-16T02:43:05Z</time><extensions><speed>1.223249</speed><course>87.505829</course><hAcc>1.134713</hAcc><vAcc>0.789786</vAcc></extensions></trkpt>
      <trkpt lon="-117.333901" lat="33.975784"><ele>314.864005</ele><time>2025-04-16T02:43:06Z</time><extensions><speed>1.222254</speed><course>90.190047</course><hAcc>1.133598</hAcc><vAcc>0.812129</vAcc></extensions></trkpt>
      <trkpt lon="-117.333888" lat="33.975784"><ele>314.904369</ele><time>2025-04-16T02:43:07Z</time><extensions><speed>1.285567</speed><course>90.960911</course><hAcc>1.128446</hAcc><vAcc>0.846761</vAcc></extensions></trkpt>
      <trkpt lon="-117.333874" lat="33.975784"><ele>314.946302</ele><time>2025-04-16T02:43:08Z</time><extensions><speed>1.311032</speed><course>91.222176</course><hAcc>1.132003</hAcc><vAcc>0.897573</vAcc></extensions></trkpt>
      <trkpt lon="-117.333860" lat="33.975784"><ele>314.989247</ele><time>2025-04-16T02:43:09Z</time><extensions><speed>1.208273</speed><course>91.210458</course><hAcc>1.171215</hAcc><vAcc>0.968344</vAcc></extensions></trkpt>
      <trkpt lon="-117.333847" lat="33.975784"><ele>315.032668</ele><time>2025-04-16T02:43:10Z</time><extensions><speed>1.149804</speed><course>89.498411</course><hAcc>1.222382</hAcc><vAcc>1.062248</vAcc></extensions></trkpt>
      <trkpt lon="-117.333835" lat="33.975784"><ele>315.076164</ele><time>2025-04-16T02:43:11Z</time><extensions><speed>1.171162</speed><course>88.145649</course><hAcc>1.297784</hAcc><vAcc>1.181485</vAcc></extensions></trkpt>
      <trkpt lon="-117.333822" lat="33.975784"><ele>315.119522</ele><time>2025-04-16T02:43:12Z</time><extensions><speed>1.199304</speed><course>87.592252</course><hAcc>1.558847</hAcc><vAcc>1.327119</vAcc></extensions></trkpt>
    </trkseg>
  </trk>
</gpx>