<?xml version="1.0" encoding="UTF-8"?>
<gpx version="1.1" creator="Apple Health Export" xmlns="http://www.topografix.com/GPX/1/1" xmlns:xsi="http://www.w3.org/2001/XMLSchema-instance" xsi:schemaLocation="http://www.topografix.com/GPX/1/1 http://www.topografix.com/GPX/1/1/gpx.xsd">
  <metadata>
    <time>2026-01-11T07:57:34Z</time>
  </metadata>
  <trk>
    <name>Route 2024-10-04 2:06pm</name>
    <trkseg>
      <trkpt lon="-117.329424" lat="33.973704"><ele>0.000000</ele><time>2024-10-04T20:52:36Z</time><extensions><speed>1.049437</speed><course>9.199352</course><hAcc>5.819645</hAcc><vAcc>-1.000000</vAcc></extensions></trkpt>
      <trkpt lon="-117.329421" lat="33.973718"><ele>0.000000</ele><time>2024-10-04T20:52:37Z</time><extensions><speed>1.203342</speed><course>9.638229</course><hAcc>4.602427</hAcc><vAcc>-1.000000</vAcc></extensions></trkpt>
      <trkpt lon="-117.329419" lat="33.973729"><ele>0.000000</ele><time>2024-10-04T20:52:38Z</time><extensions><speed>1.256469</speed><course>10.108666</course><hAcc>4.155968</hAcc><vAcc>-1.000000</vAcc></extensions></trkpt>
      <trkpt lon="-117.329417" lat="33.973740"><ele>0.000000</ele><time>2024-10-04T20:52:39Z</time><extensions><speed>1.292297</speed><course>11.308036</course><hAcc>3.953923</hAcc><vAcc>-1.000000</vAcc></extensions></trkpt>
      <trkpt lon="-117.329413" lat="33.973751"><ele>0.000000</ele><time>2024-10-04T20:52:40Z</time><extensions><speed>1.311566</speed><course>15.356720</course><hAcc>3.899046</hAcc><vAcc>-1.000000</vAcc></extensions></trkpt>
      <trkpt lon="-117.329409" lat="33.973762"><ele>0.000000</ele><time>2024-10-04T20:52:41Z</time><extensions><speed>1.321983</speed><course>22.144849</course><hAcc>3.925603</hAcc><vAcc>-1.000000</vAcc></extensions></trkpt>
      <trkpt lon="-117.329402" lat="33.973773"><ele>0.000000</ele><time>2024-10-04T20:52:42Z</time><extensions><speed>1.338903</speed><course>31.596505</course><hAcc>3.994079</hAcc><vAcc>-1.000000</vAcc></extensions></trkpt>
      <trkpt lon="-117.329394" lat="33.973783"><ele>0.000000</ele><time>2024-10-04T20:52:43Z</time><extensions><speed>1.367122</speed><course>41.087659</course><hAcc>4.082541</hAcc><vAcc>-1.000000</vAcc></extensions></trkpt>
      <trkpt lon="-117.329383" lat="33.973792"><ele>0.000000</ele><time>2024-10-04T20:52:44Z</time><extensions><speed>1.407778</speed><course>48.737738</course><hAcc>4.179345</hAcc><vAcc>-1.000000</vAcc></extensions></trkpt>
      <trkpt lon="-117.329371" lat="33.973800"><ele>0.000000</ele><time>2024-10-04T20:52:45Z</time><extensions><speed>1.452170</speed><course>54.154477</course><hAcc>4.278452</hAcc><vAcc>-1.000000</vAcc></extensions></trkpt>
      <trkpt lon="-117.329358" lat="33.973807"><ele>0.000000</ele><time>2024-10-04T20:52:46Z</time><extensions><speed>1.493491</speed><course>57.679404</course><hAcc>4.376757</hAcc><vAcc>-1.000000</vAcc></extensions></trkpt>
      <trkpt lon="-117.329344" lat="33.973814"><ele>0.000000</ele><time>2024-10-04T20:52:47Z</time><extensions><speed>1.534409</speed><course>60.301882</course><hAcc>4.472675</hAcc><vAcc>-1.000000</vAcc></extensions></trkpt>
      <trkpt lon="-117.329329" lat="33.973821"><ele>0.000000</ele><time>2024-10-04T20:52:48Z</time><extensions><speed>1.571250</speed><course>62.427546</course><hAcc>4.565389</hAcc><vAcc>-1.000000</vAcc></extensions></trkpt>
      <trkpt lon="-117.329314" lat="33.973827"><ele>0.000000</ele><time>2024-10-04T20:52:49Z</time><extensions><speed>1.588611</speed><course>64.221680</course><hAcc>4.654476</hAcc><vAcc>-1.000000</vAcc></extensions></trkpt>
      <trkpt lon="-117.329298" lat="33.973833"><ele>0.000000</ele><time>2024-10-04T20:52:50Z</time><extensions><speed>1.586103</speed><course>65.415065</course><hAcc>4.739729</hAcc><vAcc>-1.000000</vAcc></extensions></trkpt>
      <trkpt lon="-117.329283" lat="33.973839"><ele>0.000000</ele><time>2024-10-04T20:52:51Z</time><extensions><speed>1.565951</speed><course>66.030467</course><hAcc>4.821097</hAcc><vAcc>-1.000000</vAcc></extensions></trkpt>
      <trkpt lon="-117.329267" lat="33.973844"><ele>0.000000</ele><time>2024-10-04T20:52:52Z</time><extensions><speed>1.545521</speed><course>66.326217</course><hAcc>4.898647</hAcc><vAcc>-1.000000</vAcc></extensions></trkpt>
      <trkpt lon="-117.329252" lat="33.973850"><ele>0.000000</ele><time>2024-10-04T20:52:53Z</time><extensions><speed>1.523816</speed><course>67.683074</course><hAcc>4.972501</hAcc><vAcc>-1.000000</vAcc></extensions></trkpt>
      <trkpt lon="-117.329237" lat="33.973855"><ele>0.000000</ele><time>2024-10-04T20:52:54Z</time><extensions><speed>1.499934</speed><course>69.220150</course><hAcc>5.042818</hAcc><vAcc>-1.000000</vAcc></extensions></trkpt>
      <trkpt lon="-117.329222" lat="33.973859"><ele>0.000000</ele><time>2024-10-04T20:52:55Z</time><extensions><speed>1.477444</speed><course>70.174607</course><hAcc>5.109810</hAcc><vAcc>-1.000000</vAcc></extensions></trkpt>
      <trkpt lon="-117.329207" lat="33.973864"><ele>0.000000</ele><time>2024-10-04T20:52:56Z</time><extensions><speed>1.451172</speed><course>70.097047</course><hAcc>5.173713</hAcc><vAcc>-1.000000</vAcc></extensions></trkpt>
      <trkpt lon="-117.329192" lat="33.973868"><ele>0.000000</ele><time>2024-10-04T20:52:57Z</time><extensions><speed>1.427927</speed><course>70.020975</course><hAcc>5.234763</hAcc><vAcc>-1.000000</vAcc></extensions></trkpt>
      <trkpt lon="-117.329178" lat="33.973873"><ele>0.000000</ele><time>2024-10-04T20:52:58Z</time><extensions><speed>1.410648</speed><course>69.573759</course><hAcc>5.293160</hAcc><vAcc>-1.000000</vAcc></extensions></trkpt>
      <trkpt lon="-117.329164" lat="33.973877"><ele>0.000000</ele><time>2024-10-04T20:52:59Z</time><extensions><speed>1.401841</speed><course>68.966022</course><hAcc>5.349103</hAcc><vAcc>-1.000000</vAcc></extensions></trkpt>
      <trkpt lon="-117.329150" lat="33.973882"><ele>0.000000</ele><time>2024-10-04T20:53:00Z</time><extensions><speed>1.391558</speed><course>68.089432</course><hAcc>5.402804</hAcc><vAcc>-1.000000</vAcc></extensions></trkpt>
      <trkpt lon="-117.329136" lat="33.973887"><ele>0.000000</ele><time>2024-10-04T20:53:01Z</time><extensions><speed>1.384782</speed><course>67.158393</course><hAcc>5.454392</hAcc><vAcc>-1.000000</vAcc></extensions></trkpt>
      <trkpt lon="-117.329122" lat="33.973892"><ele>0.000000</ele><time>2024-10-04T20:53:02Z</time><extensions><speed>1.384691</speed><course>66.274023</course><hAcc>5.504156</hAcc><vAcc>-1.000000</vAcc></extensions></trkpt>
      <trkpt lon="-117.329108" lat="33.973897"><ele>0.000000</ele><time>2024-10-04T20:53:03Z</time><extensions><speed>1.378566</speed><course>66.008832</course><hAcc>5.552241</hAcc><vAcc>-1.000000</vAcc></extensions></trkpt>
      <trkpt lon="-117.329094" lat="33.973902"><ele>0.000000</ele><time>2024-10-04T20:53:04Z</time><extensions><speed>1.366136</speed><course>66.026492</course><hAcc>5.598791</hAcc><vAcc>-1.000000</vAcc></extensions></trkpt>
      <trkpt lon="-117.329081" lat="33.973907"><ele>0.000000</ele><time>2024-10-04T20:53:05Z</time><extensions><speed>1.353144</speed><course>66.032178</course><hAcc>5.643765</hAcc><vAcc>-1.000000</vAcc></extensions></trkpt>
      <trkpt lon="-117.329068" lat="33.973911"><ele>0.000000</ele><time>2024-10-04T20:53:06Z</time><extensions><speed>1.340229</speed><course>66.313064</course><hAcc>5.687405</hAcc><vAcc>-1.000000</vAcc></extensions></trkpt>
      <trkpt lon="-117.329055" lat="33.973916"><ele>0.000000</ele><time>2024-10-04T20:53:07Z</time><extensions><speed>1.315846</speed><course>66.871495</course><hAcc>5.729951</hAcc><vAcc>-1.000000</vAcc></extensions></trkpt>
      <trkpt lon="-117.329042" lat="33.973920"><ele>0.000000</ele><time>2024-10-04T20:53:08Z</time><extensions><speed>1.268534</speed><course>67.469134</course><hAcc>5.771645</hAcc><vAcc>-1.000000</vAcc></extensions></trkpt>
      <trkpt lon="-117.329029" lat="33.973924"><ele>0.000000</ele><time>2024-10-04T20:53:09Z</time><extensions><speed>1.201543</speed><course>66.983610</course><hAcc>5.812700</hAcc><vAcc>-1.000000</vAcc></extensions></trkpt>
      <trkpt lon="-117.329018" lat="33.973928"><ele>0.000000</ele><time>2024-10-04T20:53:10Z</time><extensions><speed>1.109071</speed><course>65.056302</course><hAcc>5.853314</hAcc><vAcc>-1.000000</vAcc></extensions></trkpt>
      <trkpt lon="-117.329008" lat="33.973933"><ele>0.000000</ele><time>2024-10-04T20:53:11Z</time><extensions><speed>0.979243</speed><course>62.586780</course><hAcc>5.893661</hAcc><vAcc>-1.000000</vAcc></extensions></trkpt>
      <trkpt lon="-117.328999" lat="33.973937"><ele>0.000000</ele><time>2024-10-04T20:53:12Z</time><extensions><speed>0.809820</speed><course>57.161037</course><hAcc>5.933879</hAcc><vAcc>-1.000000</vAcc></extensions></trkpt>
      <trkpt lon="-117.328993" lat="33.973941"><ele>0.000000</ele><time>2024-10-04T20:53:13Z</time><extensions><speed>0.730989</speed><course>50.414457</course><hAcc>5.974003</hAcc><vAcc>-1.000000</vAcc></extensions></trkpt>
      <trkpt lon="-117.328987" lat="33.973945"><ele>0.000000</ele><time>2024-10-04T20:53:14Z</time><extensions><speed>0.737111</speed><course>43.442315</course><hAcc>6.014079</hAcc><vAcc>-1.000000</vAcc></extensions></trkpt>
      <trkpt lon="-117.328982" lat="33.973951"><ele>0.000000</ele><time>2024-10-04T20:53:15Z</time><extensions><speed>0.826628</speed><course>37.723388</course><hAcc>6.054117</hAcc><vAcc>-1.000000</vAcc></extensions></trkpt>
      <trkpt lon="-117.328978" lat="33.973957"><ele>0.000000</ele><time>2024-10-04T20:53:16Z</time><extensions><speed>0.909387</speed><course>27.792408</course><hAcc>6.094137</hAcc><vAcc>-1.000000</vAcc></extensions></trkpt>
      <trkpt lon="-117.328974" lat="33.973965"><ele>0.000000</ele><time>2024-10-04T20:53:17Z</time><extensions><speed>0.982250</speed><course>17.646369</course><hAcc>6.134151</hAcc><vAcc>-1.000000</vAcc></extensions></trkpt>
      <trkpt lon="-117.328972" lat="33.973974"><ele>0.000000</ele><time>2024-10-04T20:53:18Z</time><extensions><speed>1.049812</speed><course>8.545069</course><hAcc>6.174071</hAcc><vAcc>-1.000000</vAcc></extensions></trkpt>
      <trkpt lon="-117.328971" lat="33.973984"><ele>0.000000</ele><time>2024-10-04T20:53:19Z</time><extensions><speed>1.113981</speed><course>1.820516</course><hAcc>6.213565</hAcc><vAcc>-1.000000</vAcc></extensions></trkpt>
      <trkpt lon="-117.328971" lat="33.973995"><ele>0.000000</ele><time>2024-10-04T20:53:20Z</time><extensions><speed>1.162433</speed><course>358.065330</course><hAcc>6.252354</hAcc><vAcc>-1.000000</vAcc></extensions></trkpt>
      <trkpt lon="-117.328972" lat="33.974005"><ele>0.000000</ele><time>2024-10-04T20:53:21Z</time><extensions><speed>1.192095</speed><course>357.012428</course><hAcc>6.290383</hAcc><vAcc>-1.000000</vAcc></extensions></trkpt>
      <trkpt lon="-117.328973" lat="33.974016"><ele>0.000000</ele><time>2024-10-04T20:53:22Z</time><extensions><speed>1.216079</speed><course>358.186345</course><hAcc>6.327405</hAcc><vAcc>-1.000000</vAcc></extensions></trkpt>
      <trkpt lon="-117.328973" lat="33.974027"><ele>0.000000</ele><time>2024-10-04T20:53:23Z</time><extensions><speed>1.229388</speed><course>1.184401</course><hAcc>6.363220</hAcc><vAcc>-1.000000</vAcc></extensions></trkpt>
      <trkpt lon="-117.328971" lat="33.974038"><ele>0.000000</ele><time>2024-10-04T20:53:24Z</time><extensions><speed>1.238779</speed><course>6.657870</course><hAcc>6.397906</hAcc><vAcc>-1.000000</vAcc></extensions></trkpt>
      <trkpt lon="-117.328968" lat="33.974049"><ele>0.000000</ele><time>2024-10-04T20:53:25Z</time><extensions><speed>1.239998</speed><course>13.027761</course><hAcc>6.431480</hAcc><vAcc>-1.000000</vAcc></extensions></trkpt>
      <trkpt lon="-117.328964" lat="33.974059"><ele>0.000000</ele><time>2024-10-04T20:53:26Z</time><extensions><speed>1.234851</speed><course>19.210207</course><hAcc>6.463867</hAcc><vAcc>-1.000000</vAcc></extensions></trkpt>
      <trkpt lon="-117.328959" lat="33.974069"><ele>0.000000</ele><time>2024-10-04T20:53:27Z</time><extensions><speed>1.222100</speed><course>24.982745</course><hAcc>6.495028</hAcc><vAcc>-1.000000</vAcc></extensions></trkpt>
      <trkpt lon="-117.328953" lat="33.974079"><ele>0.000000</ele><time>2024-10-04T20:53:28Z</time><extensions><speed>1.194805</speed><course>31.389737</course><hAcc>6.524959</hAcc><vAcc>-1.000000</vAcc></extensions></trkpt>
      <trkpt lon="-117.328945" lat="33.974087"><ele>0.000000</ele><time>2024-10-04T20:53:29Z</time><extensions><speed>1.152219</speed><course>38.906877</course><hAcc>6.553732</hAcc><vAcc>-1.000000</vAcc></extensions></trkpt>
      <trkpt lon="-117.328937" lat="33.974095"><ele>0.000000</ele><time>2024-10-04T20:53:30Z</time><extensions><speed>1.119531</speed><course>43.818796</course><hAcc>6.581527</hAcc><vAcc>-1.000000</vAcc></extensions></trkpt>
      <trkpt lon="-117.328929" lat="33.974102"><ele>0.000000</ele><time>2024-10-04T20:53:31Z</time><extensions><speed>1.116183</speed><course>43.450380</course><hAcc>6.608567</hAcc><vAcc>-1.000000</vAcc></extensions></trkpt>
      <trkpt lon="-117.328921" lat="33.974110"><ele>0.000000</ele><time>2024-10-04T20:53:32Z</time><extensions><speed>1.084652</speed><course>41.597917</course><hAcc>6.634950</hAcc><vAcc>-1.000000</vAcc></extensions></trkpt>
      <trkpt lon="-117.328914" lat="33.974118"><ele>0.000000</ele><time>2024-10-04T20:53:33Z</time><extensions><speed>1.046259</speed><course>35.758127</course><hAcc>6.660783</hAcc><vAcc>-1.000000</vAcc></extensions></trkpt>
      <trkpt lon="-117.328908" lat="33.974126"><ele>0.000000</ele><time>2024-10-04T20:53:34Z</time><extensions><speed>1.042443</speed><course>25.514217</course><hAcc>6.686145</hAcc><vAcc>-1.000000</vAcc></extensions></trkpt>
      <trkpt lon="-117.328905" lat="33.974135"><ele>0.000000</ele><time>2024-10-04T20:53:35Z</time><extensions><speed>1.039206</speed><course>13.711193</course><hAcc>6.711031</hAcc><vAcc>-1.000000</vAcc></extensions></trkpt>
      <trkpt lon="-117.328903" lat="33.974144"><ele>0.000000</ele><time>2024-10-04T20:53:36Z</time><extensions><speed>1.050574</speed><course>5.301684</course><hAcc>6.735345</hAcc><vAcc>-1.000000</vAcc></extensions></trkpt>
      <trkpt lon="-117.328903" lat="33.974153"><ele>0.000000</ele><time>2024-10-04T20:53:37Z</time><extensions><speed>1.049969</speed><course>358.521191</course><hAcc>6.759216</hAcc><vAcc>-1.000000</vAcc></extensions></trkpt>
      <trkpt lon="-117.328904" lat="33.974163"><ele>0.000000</ele><time>2024-10-04T20:53:38Z</time><extensions><speed>1.033102</speed><course>352.368087</course><hAcc>6.782497</hAcc><vAcc>-1.000000</vAcc></extensions></trkpt>
      <trkpt lon="-117.328906" lat="33.974172"><ele>0.000000</ele><time>2024-10-04T20:53:39Z</time><extensions><speed>1.002541</speed><course>347.068955</course><hAcc>6.805048</hAcc><vAcc>-1.000000</vAcc></extensions></trkpt>
      <trkpt lon="-117.328909" lat="33.974180"><ele>0.000000</ele><time>2024-10-04T20:53:40Z</time><extensions><speed>0.951971</speed><course>342.294674</course><hAcc>6.826763</hAcc><vAcc>-1.000000</vAcc></extensions></trkpt>
      <trkpt lon="-117.328913" lat="33.974188"><ele>0.000000</ele><time>2024-10-04T20:53:41Z</time><extensions><speed>0.883410</speed><course>337.114856</course><hAcc>6.847581</hAcc><vAcc>-1.000000</vAcc></extensions></trkpt>
      <trkpt lon="-117.328917" lat="33.974194"><ele>0.000000</ele><time>2024-10-04T20:53:42Z</time><extensions><speed>0.792503</speed><course>330.874529</course><hAcc>6.867510</hAcc><vAcc>-1.000000</vAcc></extensions></trkpt>
      <trkpt lon="-117.328921" lat="33.974200"><ele>0.000000</ele><time>2024-10-04T20:53:43Z</time><extensions><speed>0.694143</speed><course>325.508700</course><hAcc>6.886639</hAcc><vAcc>-1.000000</vAcc></extensions></trkpt>
      <trkpt lon="-117.328925" lat="33.974204"><ele>0.000000</ele><time>2024-10-04T20:53:44Z</time><extensions><speed>0.591579</speed><course>322.027949</course><hAcc>6.905021</hAcc><vAcc>-1.000000</vAcc></extensions></trkpt>
      <trkpt lon="-117.328928" lat="33.974208"><ele>0.000000</ele><time>2024-10-04T20:53:45Z</time><extensions><speed>0.482863</speed><course>321.902661</course><hAcc>6.922939</hAcc><vAcc>-1.000000</vAcc></extensions></trkpt>
      <trkpt lon="-117.328931" lat="33.974211"><ele>0.000000</ele><time>2024-10-04T20:53:46Z</time><extensions><speed>0.379576</speed><course>325.527480</course><hAcc>6.940578</hAcc><vAcc>-1.000000</vAcc></extensions></trkpt>
      <trkpt lon="-117.328933" lat="33.974214"><ele>0.000000</ele><time>2024-10-04T20:53:47Z</time><extensions><speed>0.300754</speed><course>332.711624</course><hAcc>6.958071</hAcc><vAcc>-1.000000</vAcc></extensions></trkpt>
      <trkpt lon="-117.328934" lat="33.974216"><ele>0.000000</ele><time>2024-10-04T20:53:48Z</time><extensions><speed>0.243708</speed><course>337.358572</course><hAcc>6.975479</hAcc><vAcc>-1.000000</vAcc></extensions></trkpt>
      <trkpt lon="-117.328935" lat="33.974218"><ele>0.000000</ele><time>2024-10-04T20:53:49Z</time><extensions><speed>0.207596</speed><course>342.045277</course><hAcc>6.992802</hAcc><vAcc>-1.000000</vAcc></extensions></trkpt>
      <trkpt lon="-117.328936" lat="33.974219"><ele>0.000000</ele><time>2024-10-04T20:53:50Z</time><extensions><speed>0.187317</speed><course>345.926873</course><hAcc>7.010007</hAcc><vAcc>-1.000000</vAcc></extensions></trkpt>
      <trkpt lon="-117.328936" lat="33.974221"><ele>0.000000</ele><time>2024-10-04T20:53:51Z</time><extensions><speed>0.179195</speed><course>348.206560</course><hAcc>7.027049</hAcc><vAcc>-1.000000</vAcc></extensions></trkpt>
      <trkpt lon="-117.328937" lat="33.974223"><ele>0.000000</ele><time>2024-10-04T20:53:52Z</time><extensions><speed>0.181096</speed><course>348.460569</course><hAcc>7.043881</hAcc><vAcc>-1.000000</vAcc></extensions></trkpt>
      <trkpt lon="-117.328937" lat="33.974224"><ele>0.000000</ele><time>2024-10-04T20:53:53Z</time><extensions><speed>0.192503</speed><course>346.748799</course><hAcc>7.060465</hAcc><vAcc>-1.000000</vAcc></extensions></trkpt>
      <trkpt lon="-117.328938" lat="33.974226"><ele>0.000000</ele><time>2024-10-04T20:53:54Z</time><extensions><speed>0.214530</speed><course>343.555153</course><hAcc>7.076734</hAcc><vAcc>-1.000000</vAcc></extensions></trkpt>
      <trkpt lon="-117.328938" lat="33.974228"><ele>0.000000</ele><time>2024-10-04T20:53:55Z</time><extensions><speed>0.195661</speed><course>354.356331</course><hAcc>7.092784</hAcc><vAcc>-1.000000</vAcc></extensions></trkpt>
      <trkpt lon="-117.328938" lat="33.974229"><ele>0.000000</ele><time>2024-10-04T20:53:56Z</time><extensions><speed>0.174287</speed><course>359.665352</course><hAcc>7.108463</hAcc><vAcc>-1.000000</vAcc></extensions></trkpt>
      <trkpt lon="-117.328938" lat="33.974231"><ele>0.000000</ele><time>2024-10-04T20:53:57Z</time><extensions><speed>0.160415</speed><course>4.227176</course><hAcc>7.123800</hAcc><vAcc>-1.000000</vAcc></extensions></trkpt>
      <trkpt lon="-117.328938" lat="33.974232"><ele>0.000000</ele><time>2024-10-04T20:53:58Z</time><extensions><speed>0.152509</speed><course>7.951387</course><hAcc>7.138799</hAcc><vAcc>-1.000000</vAcc></extensions></trkpt>
      <trkpt lon="-117.328938" lat="33.974233"><ele>0.000000</ele><time>2024-10-04T20:53:59Z</time><extensions><speed>0.149264</speed><course>10.961963</course><hAcc>7.153445</hAcc><vAcc>-1.000000</vAcc></extensions></trkpt>
      <trkpt lon="-117.328937" lat="33.974235"><ele>0.000000</ele><time>2024-10-04T20:54:00Z</time><extensions><speed>0.149017</speed><course>13.141458</course><hAcc>7.167724</hAcc><vAcc>-1.000000</vAcc></extensions></trkpt>
      <trkpt lon="-117.328937" lat="33.974236"><ele>0.000000</ele><time>2024-10-04T20:54:01Z</time><extensions><speed>0.151336</speed><course>14.625002</course><hAcc>7.181625</hAcc><vAcc>-1.000000</vAcc></extensions></trkpt>
      <trkpt lon="-117.328936" lat="33.974237"><ele>0.000000</ele><time>2024-10-04T20:54:02Z</time><extensions><speed>0.155919</speed><course>15.570299</course><hAcc>7.194919</hAcc><vAcc>-1.000000</vAcc></extensions></trkpt>
      <trkpt lon="-117.328936" lat="33.974239"><ele>0.000000</ele><time>2024-10-04T20:54:03Z</time><extensions><speed>0.162262</speed><course>16.193025</course><hAcc>7.207572</hAcc><vAcc>-1.000000</vAcc></extensions></trkpt>
      <trkpt lon="-117.328935" lat="33.974240"><ele>0.000000</ele><time>2024-10-04T20:54:04Z</time><extensions><speed>0.171675</speed><course>16.691782</course><hAcc>7.219779</hAcc><vAcc>-1.000000</vAcc></extensions></trkpt>
      <trkpt lon="-117.328935" lat="33.974242"><ele>0.000000</ele><time>2024-10-04T20:54:05Z</time><extensions><speed>0.164661</speed><course>13.824378</course><hAcc>7.231542</hAcc><vAcc>-1.000000</vAcc></extensions></trkpt>
      <trkpt lon="-117.328934" lat="33.974243"><ele>0.000000</ele><time>2024-10-04T20:54:06Z</time><extensions><speed>0.156592</speed><course>13.277693</course><hAcc>7.242615</hAcc><vAcc>-1.000000</vAcc></extensions></trkpt>
      <trkpt lon="-117.328934" lat="33.974244"><ele>0.000000</ele><time>2024-10-04T20:54:07Z</time><extensions><speed>0.164661</speed><course>15.807914</course><hAcc>7.253298</hAcc><vAcc>-1.000000</vAcc></extensions></trkpt>
      <trkpt lon="-117.328933" lat="33.974246"><ele>0.000000</ele><time>2024-10-04T20:54:08Z</time><extensions><speed>0.168499</speed><course>20.254383</course><hAcc>7.263591</hAcc><vAcc>-1.000000</vAcc></extensions></trkpt>
      <trkpt lon="-117.328933" lat="33.974247"><ele>0.000000</ele><time>2024-10-04T20:54:09Z</time><extensions><speed>0.153104</speed><course>21.780847</course><hAcc>7.273416</hAcc><vAcc>-1.000000</vAcc></extensions></trkpt>
      <trkpt lon="-117.328932" lat="33.974248"><ele>0.000000</ele><time>2024-10-04T20:54:10Z</time><extensions><speed>0.140336</speed><course>24.044965</course><hAcc>7.282781</hAcc><vAcc>-1.000000</vAcc></extensions></trkpt>
      <trkpt lon="-117.328932" lat="33.974249"><ele>0.000000</ele><time>2024-10-04T20:54:11Z</time><extensions><speed>0.128835</speed><course>27.389026</course><hAcc>7.291705</hAcc><vAcc>-1.000000</vAcc></extensions></trkpt>
      <trkpt lon="-117.328931" lat="33.974250"><ele>0.000000</ele><time>2024-10-04T20:54:12Z</time><extensions><speed>0.117977</speed><course>32.446786</course><hAcc>7.300222</hAcc><vAcc>-1.000000</vAcc></extensions></trkpt>
      <trkpt lon="-117.328930" lat="33.974251"><ele>0.000000</ele><time>2024-10-04T20:54:13Z</time><extensions><speed>0.131196</speed><course>33.832422</course><hAcc>7.308410</hAcc><vAcc>-1.000000</vAcc></extensions></trkpt>
      <trkpt lon="-117.328929" lat="33.974252"><ele>0.000000</ele><time>2024-10-04T20:54:13Z</time><extensions><speed>0.147123</speed><course>30.341819</course><hAcc>7.316338</hAcc><vAcc>-1.000000</vAcc></extensions></trkpt>
      <trkpt lon="-117.328929" lat="33.974254"><ele>0.000000</ele><time>2024-10-04T20:54:14Z</time><extensions><speed>0.143385</speed><course>26.678114</course><hAcc>7.324056</hAcc><vAcc>-1.000000</vAcc></extensions></trkpt>
      <trkpt lon="-117.328928" lat="33.974255"><ele>0.000000</ele><time>2024-10-04T20:54:15Z</time><extensions><speed>0.141207</speed><course>23.848666</course><hAcc>7.331596</hAcc><vAcc>-1.000000</vAcc></extensions></trkpt>
      <trkpt lon="-117.328927" lat="33.974256"><ele>0.000000</ele><time>2024-10-04T20:54:16Z</time><extensions><speed>0.166333</speed><course>19.287649</course><hAcc>7.338975</hAcc><vAcc>-1.000000</vAcc></extensions></trkpt>
      <trkpt lon="-117.328927" lat="33.974257"><ele>0.000000</ele><time>2024-10-04T20:54:17Z</time><extensions><speed>0.180538</speed><course>16.283724</course><hAcc>7.346171</hAcc><vAcc>-1.000000</vAcc></extensions></trkpt>
      <trkpt lon="-117.328926" lat="33.974259"><ele>0.000000</ele><time>2024-10-04T20:54:18Z</time><extensions><speed>0.175792</speed><course>17.287106</course><hAcc>7.353163</hAcc><vAcc>-1.000000</vAcc></extensions></trkpt>
      <trkpt lon="-117.328926" lat="33.974260"><ele>0.000000</ele><time>2024-10-04T20:54:19Z</time><extensions><speed>0.164940</speed><course>16.944073</course><hAcc>7.359918</hAcc><vAcc>-1.000000</vAcc></extensions></trkpt>
      <trkpt lon="-117.328925" lat="33.974262"><ele>0.000000</ele><time>2024-10-04T20:54:20Z</time><extensions><speed>0.157005</speed><course>16.666396</course><hAcc>7.366410</hAcc><vAcc>-1.000000</vAcc></extensions></trkpt>
      <trkpt lon="-117.328925" lat="33.974263"><ele>0.000000</ele><time>2024-10-04T20:54:21Z</time><extensions><speed>0.151223</speed><course>16.448552</course><hAcc>7.372615</hAcc><vAcc>-1.000000</vAcc></extensions></trkpt>
      <trkpt lon="-117.328924" lat="33.974264"><ele>0.000000</ele><time>2024-10-04T20:54:22Z</time><extensions><speed>0.147025</speed><course>16.282289</course><hAcc>7.378519</hAcc><vAcc>-1.000000</vAcc></extensions></trkpt>
      <trkpt lon="-117.328924" lat="33.974266"><ele>0.000000</ele><time>2024-10-04T20:54:23Z</time><extensions><speed>0.143992</speed><course>16.158491</course><hAcc>7.384107</hAcc><vAcc>-1.000000</vAcc></extensions></trkpt>
      <trkpt lon="-117.328923" lat="33.974267"><ele>0.000000</ele><time>2024-10-04T20:54:24Z</time><extensions><speed>0.141813</speed><course>16.068425</course><hAcc>7.389369</hAcc><vAcc>-1.000000</vAcc></extensions></trkpt>
      <trkpt lon="-117.328923" lat="33.974268"><ele>0.000000</ele><time>2024-10-04T20:54:25Z</time><extensions><speed>0.140259</speed><course>16.004405</course><hAcc>7.394299</hAcc><vAcc>-1.000000</vAcc></extensions></trkpt>
      <trkpt lon="-117.328923" lat="33.974269"><ele>0.000000</ele><time>2024-10-04T20:54:26Z</time><extensions><speed>0.139161</speed><course>15.960037</course><hAcc>7.398890</hAcc><vAcc>-1.000000</vAcc></extensions></trkpt>
      <trkpt lon="-117.328922" lat="33.974271"><ele>0.000000</ele><time>2024-10-04T20:54:27Z</time><extensions><speed>0.138395</speed><course>15.930208</course><hAcc>7.403138</hAcc><vAcc>-1.000000</vAcc></extensions></trkpt>
      <trkpt lon="-117.328922" lat="33.974272"><ele>0.000000</ele><time>2024-10-04T20:54:28Z</time><extensions><speed>0.137868</speed><course>15.910948</course><hAcc>7.407042</hAcc><vAcc>-1.000000</vAcc></extensions></trkpt>
      <trkpt lon="-117.328921" lat="33.974273"><ele>0.000000</ele><time>2024-10-04T20:54:29Z</time><extensions><speed>0.137513</speed><course>15.899240</course><hAcc>7.410599</hAcc><vAcc>-1.000000</vAcc></extensions></trkpt>
      <trkpt lon="-117.328921" lat="33.974274"><ele>0.000000</ele><time>2024-10-04T20:54:30Z</time><extensions><speed>0.137282</speed><course>15.892831</course><hAcc>7.413807</hAcc><vAcc>-1.000000</vAcc></extensions></trkpt>
      <trkpt lon="-117.328921" lat="33.974276"><ele>0.000000</ele><time>2024-10-04T20:54:31Z</time><extensions><speed>0.136048</speed><course>16.361806</course><hAcc>7.416614</hAcc><vAcc>-1.000000</vAcc></extensions></trkpt>
      <trkpt lon="-117.328921" lat="33.974277"><ele>0.000000</ele><time>2024-10-04T20:54:32Z</time><extensions><speed>0.131958</speed><course>19.021279</course><hAcc>7.418896</hAcc><vAcc>-1.000000</vAcc></extensions></trkpt>
      <trkpt lon="-117.328921" lat="33.974278"><ele>0.000000</ele><time>2024-10-04T20:54:33Z</time><extensions><speed>0.128268</speed><course>25.083025</course><hAcc>7.420616</hAcc><vAcc>-1.000000</vAcc></extensions></trkpt>
      <trkpt lon="-117.328920" lat="33.974279"><ele>0.000000</ele><time>2024-10-04T20:54:34Z</time><extensions><speed>0.127188</speed><course>34.825845</course><hAcc>7.421721</hAcc><vAcc>-1.000000</vAcc></extensions></trkpt>
      <trkpt lon="-117.328919" lat="33.974279"><ele>0.000000</ele><time>2024-10-04T20:54:35Z</time><extensions><speed>0.132877</speed><course>47.788943</course><hAcc>7.422409</hAcc><vAcc>-1.000000</vAcc></extensions></trkpt>
      <trkpt lon="-117.328917" lat="33.974280"><ele>0.000000</ele><time>2024-10-04T20:54:36Z</time><extensions><speed>0.147979</speed><course>61.555157</course><hAcc>7.422675</hAcc><vAcc>-1.000000</vAcc></extensions></trkpt>
      <trkpt lon="-117.328915" lat="33.974280"><ele>0.000000</ele><time>2024-10-04T20:54:37Z</time><extensions><speed>0.176668</speed><course>74.984571</course><hAcc>7.422504</hAcc><vAcc>-1.000000</vAcc></extensions></trkpt>
      <trkpt lon="-117.328912" lat="33.974281"><ele>0.000000</ele><time>2024-10-04T20:54:38Z</time><extensions><speed>0.224382</speed><course>86.751736</course><hAcc>7.421885</hAcc><vAcc>-1.000000</vAcc></extensions></trkpt>
      <trkpt lon="-117.328909" lat="33.974281"><ele>0.000000</ele><time>2024-10-04T20:54:39Z</time><extensions><speed>0.297182</speed><course>96.456225</course><hAcc>7.420840</hAcc><vAcc>-1.000000</vAcc></extensions></trkpt>
      <trkpt lon="-117.328906" lat="33.974281"><ele>0.000000</ele><time>2024-10-04T20:54:40Z</time><extensions><speed>0.403585</speed><course>104.520665</course><hAcc>7.419350</hAcc><vAcc>-1.000000</vAcc></extensions></trkpt>
      <trkpt lon="-117.328901" lat="33.974280"><ele>0.000000</ele><time>2024-10-04T20:54:41Z</time><extensions><speed>0.554712</speed><course>110.778423</course><hAcc>7.417410</hAcc><vAcc>-1.000000</vAcc></extensions></trkpt>
      <trkpt lon="-117.328894" lat="33.974278"><ele>0.000000</ele><time>2024-10-04T20:54:42Z</time><extensions><speed>0.658426</speed><course>108.751984</course><hAcc>7.415088</hAcc><vAcc>-1.000000</vAcc></extensions></trkpt>
      <trkpt lon="-117.328888" lat="33.974276"><ele>0.000000</ele><time>2024-10-04T20:54:43Z</time><extensions><speed>0.660255</speed><course>108.394186</course><hAcc>7.412446</hAcc><vAcc>-1.000000</vAcc></extensions></trkpt>
      <trkpt lon="-117.328882" lat="33.974274"><ele>0.000000</ele><time>2024-10-04T20:54:44Z</time><extensions><speed>0.592637</speed><course>109.281412</course><hAcc>7.409560</hAcc><vAcc>-1.000000</vAcc></extensions></trkpt>
      <trkpt lon="-117.328876" lat="33.974272"><ele>0.000000</ele><time>2024-10-04T20:54:45Z</time><extensions><speed>0.444621</speed><course>115.032560</course><hAcc>7.406489</hAcc><vAcc>-1.000000</vAcc></extensions></trkpt>
      <trkpt lon="-117.328873" lat="33.974270"><ele>0.000000</ele><time>2024-10-04T20:54:46Z</time><extensions><speed>0.357048</speed><course>130.020647</course><hAcc>7.403229</hAcc><vAcc>-1.000000</vAcc></extensions></trkpt>
      <trkpt lon="-117.328870" lat="33.974267"><ele>0.000000</ele><time>2024-10-04T20:54:47Z</time><extensions><speed>0.353742</speed><course>151.631058</course><hAcc>7.399741</hAcc><vAcc>-1.000000</vAcc></extensions></trkpt>
      <trkpt lon="-117.328869" lat="33.974264"><ele>0.000000</ele><time>2024-10-04T20:54:48Z</time><extensions><speed>0.447514</speed><course>170.195245</course><hAcc>7.396066</hAcc><vAcc>-1.000000</vAcc></extensions></trkpt>
      <trkpt lon="-117.328869" lat="33.974259"><ele>0.000000</ele><time>2024-10-04T20:54:49Z</time><extensions><speed>0.631938</speed><course>180.892646</course><hAcc>7.392174</hAcc><vAcc>-1.000000</vAcc></extensions></trkpt>
      <trkpt lon="-117.328870" lat="33.974253"><ele>0.000000</ele><time>2024-10-04T20:54:50Z</time><extensions><speed>0.769347</speed><course>186.129309</course><hAcc>7.388018</hAcc><vAcc>-1.000000</vAcc></extensions></trkpt>
      <trkpt lon="-117.328871" lat="33.974245"><ele>0.000000</ele><time>2024-10-04T20:54:51Z</time><extensions><speed>0.864234</speed><course>189.136255</course><hAcc>7.383558</hAcc><vAcc>-1.000000</vAcc></extensions></trkpt>
      <trkpt lon="-117.328873" lat="33.974237"><ele>0.000000</ele><time>2024-10-04T20:54:52Z</time><extensions><speed>0.920660</speed><course>189.868820</course><hAcc>7.378762</hAcc><vAcc>-1.000000</vAcc></extensions></trkpt>
      <trkpt lon="-117.328875" lat="33.974229"><ele>0.000000</ele><time>2024-10-04T20:54:53Z</time><extensions><speed>0.949063</speed><course>190.090889</course><hAcc>7.373596</hAcc><vAcc>-1.000000</vAcc></extensions></trkpt>
      <trkpt lon="-117.328877" lat="33.974220"><ele>0.000000</ele><time>2024-10-04T20:54:54Z</time><extensions><speed>0.958382</speed><course>190.060474</course><hAcc>7.368025</hAcc><vAcc>-1.000000</vAcc></extensions></trkpt>
      <trkpt lon="-117.328879" lat="33.974212"><ele>0.000000</ele><time>2024-10-04T20:54:55Z</time><extensions><speed>0.953843</speed><course>190.105485</course><hAcc>7.362031</hAcc><vAcc>-1.000000</vAcc></extensions></trkpt>
      <trkpt lon="-117.328880" lat="33.974203"><ele>0.000000</ele><time>2024-10-04T20:54:56Z</time><extensions><speed>0.937885</speed><course>190.428066</course><hAcc>7.355623</hAcc><vAcc>-1.000000</vAcc></extensions></trkpt>
      <trkpt lon="-117.328882" lat="33.974195"><ele>0.000000</ele><time>2024-10-04T20:54:57Z</time><extensions><speed>0.936071</speed><course>189.238615</course><hAcc>7.348779</hAcc><vAcc>-1.000000</vAcc></extensions></trkpt>
      <trkpt lon="-117.328883" lat="33.974187"><ele>0.000000</ele><time>2024-10-04T20:54:58Z</time><extensions><speed>0.951370</speed><course>185.162824</course><hAcc>7.341509</hAcc><vAcc>-1.000000</vAcc></extensions></trkpt>
      <trkpt lon="-117.328883" lat="33.974178"><ele>0.000000</ele><time>2024-10-04T20:54:59Z</time><extensions><speed>0.971730</speed><course>179.856708</course><hAcc>7.333789</hAcc><vAcc>-1.000000</vAcc></extensions></trkpt>
      <trkpt lon="-117.328883" lat="33.974169"><ele>0.000000</ele><time>2024-10-04T20:55:00Z</time><extensions><speed>0.983732</speed><course>174.798171</course><hAcc>7.325625</hAcc><vAcc>-1.000000</vAcc></extensions></trkpt>
      <trkpt lon="-117.328882" lat="33.974160"><ele>0.000000</ele><time>2024-10-04T20:55:01Z</time><extensions><speed>0.989092</speed><course>170.387106</course><hAcc>7.317020</hAcc><vAcc>-1.000000</vAcc></extensions></trkpt>
      <trkpt lon="-117.328880" lat="33.974152"><ele>0.000000</ele><time>2024-10-04T20:55:02Z</time><extensions><speed>0.987583</speed><course>166.986444</course><hAcc>7.307964</hAcc><vAcc>-1.000000</vAcc></extensions></trkpt>
      <trkpt lon="-117.328877" lat="33.974143"><ele>0.000000</ele><time>2024-10-04T20:55:03Z</time><extensions><speed>0.984584</speed><course>164.438182</course><hAcc>7.298430</hAcc><vAcc>-1.000000</vAcc></extensions></trkpt>
      <trkpt lon="-117.328874" lat="33.974134"><ele>0.000000</ele><time>2024-10-04T20:55:04Z</time><extensions><speed>0.973540</speed><course>162.653703</course><hAcc>7.288387</hAcc><vAcc>-1.000000</vAcc></extensions></trkpt>
      <trkpt lon="-117.328871" lat="33.974125"><ele>0.000000</ele><time>2024-10-04T20:55:05Z</time><extensions><speed>0.944552</speed><course>161.947309</course><hAcc>7.277818</hAcc><vAcc>-1.000000</vAcc></extensions></trkpt>
      <trkpt lon="-117.328868" lat="33.974117"><ele>0.000000</ele><time>2024-10-04T20:55:06Z</time><extensions><speed>0.901753</speed><course>162.428274</course><hAcc>7.266722</hAcc><vAcc>-1.000000</vAcc></extensions></trkpt>
      <trkpt lon="-117.328865" lat="33.974110"><ele>0.000000</ele><time>2024-10-04T20:55:07Z</time><extensions><speed>0.856684</speed><course>162.076924</course><hAcc>7.255114</hAcc><vAcc>-1.000000</vAcc></extensions></trkpt>
      <trkpt lon="-117.328862" lat="33.974103"><ele>0.000000</ele><time>2024-10-04T20:55:08Z</time><extensions><speed>0.824709</speed><course>158.037720</course><hAcc>7.242956</hAcc><vAcc>-1.000000</vAcc></extensions></trkpt>
      <trkpt lon="-117.328858" lat="33.974096"><ele>0.000000</ele><time>2024-10-04T20:55:09Z</time><extensions><speed>0.801758</speed><course>150.301471</course><hAcc>7.230208</hAcc><vAcc>-1.000000</vAcc></extensions></trkpt>
      <trkpt lon="-117.328853" lat="33.974091"><ele>0.000000</ele><time>2024-10-04T20:55:10Z</time><extensions><speed>0.765731</speed><course>141.704616</course><hAcc>7.216854</hAcc><vAcc>-1.000000</vAcc></extensions></trkpt>
      <trkpt lon="-117.328848" lat="33.974086"><ele>0.000000</ele><time>2024-10-04T20:55:11Z</time><extensions><speed>0.730122</speed><course>131.465748</course><hAcc>7.202908</hAcc><vAcc>-1.000000</vAcc></extensions></trkpt>
      <trkpt lon="-117.328841" lat="33.974082"><ele>0.000000</ele><time>2024-10-04T20:55:12Z</time><extensions><speed>0.724436</speed><course>118.235143</course><hAcc>7.188457</hAcc><vAcc>-1.000000</vAcc></extensions></trkpt>
      <trkpt lon="-117.328833" lat="33.974080"><ele>0.000000</ele><time>2024-10-04T20:55:13Z</time><extensions><speed>0.762569</speed><course>101.571554</course><hAcc>7.173488</hAcc><vAcc>-1.000000</vAcc></extensions></trkpt>
      <trkpt lon="-117.328824" lat="33.974080"><ele>0.000000</ele><time>2024-10-04T20:55:14Z</time><extensions><speed>0.848707</speed><course>85.008180</course><hAcc>7.157898</hAcc><vAcc>-1.000000</vAcc></extensions></trkpt>
      <trkpt lon="-117.328815" lat="33.974082"><ele>0.000000</ele><time>2024-10-04T20:55:15Z</time><extensions><speed>0.941747</speed><course>73.658201</course><hAcc>7.141697</hAcc><vAcc>-1.000000</vAcc></extensions></trkpt>
      <trkpt lon="-117.328805" lat="33.974085"><ele>0.000000</ele><time>2024-10-04T20:55:16Z</time><extensions><speed>1.024828</speed><course>65.455851</course><hAcc>7.124902</hAcc><vAcc>-1.000000</vAcc></extensions></trkpt>
      <trkpt lon="-117.328795" lat="33.974090"><ele>0.000000</ele><time>2024-10-04T20:55:17Z</time><extensions><speed>1.098706</speed><course>59.131583</course><hAcc>7.107523</hAcc><vAcc>-1.000000</vAcc></extensions></trkpt>
      <trkpt lon="-117.328785" lat="33.974095"><ele>0.000000</ele><time>2024-10-04T20:55:18Z</time><extensions><speed>1.168879</speed><course>55.079191</course><hAcc>7.089584</hAcc><vAcc>-1.000000</vAcc></extensions></trkpt>
      <trkpt lon="-117.328775" lat="33.974102"><ele>0.000000</ele><time>2024-10-04T20:55:19Z</time><extensions><speed>1.210785</speed><course>52.077982</course><hAcc>7.071106</hAcc><vAcc>-1.000000</vAcc></extensions></trkpt>
      <trkpt lon="-117.328765" lat="33.974109"><ele>0.000000</ele><time>2024-10-04T20:55:20Z</time><extensions><speed>1.236180</speed><course>48.464020</course><hAcc>7.052096</hAcc><vAcc>-1.000000</vAcc></extensions></trkpt>
      <trkpt lon="-117.328755" lat="33.974117"><ele>0.000000</ele><time>2024-10-04T20:55:21Z</time><extensions><speed>1.244499</speed><course>44.082545</course><hAcc>7.032580</hAcc><vAcc>-1.000000</vAcc></extensions></trkpt>
      <trkpt lon="-117.328746" lat="33.974125"><ele>0.000000</ele><time>2024-10-04T20:55:22Z</time><extensions><speed>1.254133</speed><course>39.271457</course><hAcc>7.012549</hAcc><vAcc>-1.000000</vAcc></extensions></trkpt>
      <trkpt lon="-117.328737" lat="33.974134"><ele>0.000000</ele><time>2024-10-04T20:55:23Z</time><extensions><speed>1.290270</speed><course>37.716335</course><hAcc>6.991950</hAcc><vAcc>-1.000000</vAcc></extensions></trkpt>
      <trkpt lon="-117.328728" lat="33.974144"><ele>0.000000</ele><time>2024-10-04T20:55:24Z</time><extensions><speed>1.349676</speed><course>40.518471</course><hAcc>6.970764</hAcc><vAcc>-1.000000</vAcc></extensions></trkpt>
      <trkpt lon="-117.328718" lat="33.974153"><ele>0.000000</ele><time>2024-10-04T20:55:25Z</time><extensions><speed>1.373994</speed><course>42.691009</course><hAcc>6.948999</hAcc><vAcc>-1.000000</vAcc></extensions></trkpt>
      <trkpt lon="-117.328708" lat="33.974162"><ele>0.000000</ele><time>2024-10-04T20:55:26Z</time><extensions><speed>1.377495</speed><course>44.239815</course><hAcc>6.926639</hAcc><vAcc>-1.000000</vAcc></extensions></trkpt>
      <trkpt lon="-117.328698" lat="33.974171"><ele>0.000000</ele><time>2024-10-04T20:55:27Z</time><extensions><speed>1.380893</speed><course>45.020507</course><hAcc>6.903703</hAcc><vAcc>-1.000000</vAcc></extensions></trkpt>
      <trkpt lon="-117.328687" lat="33.974179"><ele>0.000000</ele><time>2024-10-04T20:55:28Z</time><extensions><speed>1.378372</speed><course>45.113384</course><hAcc>6.880196</hAcc><vAcc>-1.000000</vAcc></extensions></trkpt>
      <trkpt lon="-117.328677" lat="33.974188"><ele>0.000000</ele><time>2024-10-04T20:55:29Z</time><extensions><speed>1.368752</speed><course>45.007677</course><hAcc>6.856085</hAcc><vAcc>-1.000000</vAcc></extensions></trkpt>
      <trkpt lon="-117.328666" lat="33.974197"><ele>0.000000</ele><time>2024-10-04T20:55:30Z</time><extensions><speed>1.356431</speed><course>44.772574</course><hAcc>6.831355</hAcc><vAcc>-1.000000</vAcc></extensions></trkpt>
      <trkpt lon="-117.328656" lat="33.974206"><ele>0.000000</ele><time>2024-10-04T20:55:31Z</time><extensions><speed>1.345916</speed><course>44.266328</course><hAcc>6.806205</hAcc><vAcc>-1.000000</vAcc></extensions></trkpt>
      <trkpt lon="-117.328645" lat="33.974215"><ele>0.000000</ele><time>2024-10-04T20:55:32Z</time><extensions><speed>1.331226</speed><course>44.012780</course><hAcc>6.780638</hAcc><vAcc>-1.000000</vAcc></extensions></trkpt>
      <trkpt lon="-117.328635" lat="33.974223"><ele>0.000000</ele><time>2024-10-04T20:55:33Z</time><extensions><speed>1.306724</speed><course>44.220774</course><hAcc>6.754659</hAcc><vAcc>-1.000000</vAcc></extensions></trkpt>
      <trkpt lon="-117.328626" lat="33.974232"><ele>0.000000</ele><time>2024-10-04T20:55:34Z</time><extensions><speed>1.270210</speed><course>44.121849</course><hAcc>6.728290</hAcc><vAcc>-1.000000</vAcc></extensions></trkpt>
      <trkpt lon="-117.328616" lat="33.974240"><ele>0.000000</ele><time>2024-10-04T20:55:35Z</time><extensions><speed>1.233202</speed><course>43.712359</course><hAcc>6.701548</hAcc><vAcc>-1.000000</vAcc></extensions></trkpt>
      <trkpt lon="-117.328607" lat="33.974247"><ele>0.000000</ele><time>2024-10-04T20:55:36Z</time><extensions><speed>1.198470</speed><course>43.379407</course><hAcc>6.674376</hAcc><vAcc>-1.000000</vAcc></extensions></trkpt>
      <trkpt lon="-117.328598" lat="33.974254"><ele>0.000000</ele><time>2024-10-04T20:55:37Z</time><extensions><speed>1.147922</speed><course>42.746044</course><hAcc>6.646756</hAcc><vAcc>-1.000000</vAcc></extensions></trkpt>
      <trkpt lon="-117.328591" lat="33.974262"><ele>0.000000</ele><time>2024-10-04T20:55:38Z</time><extensions><speed>1.082806</speed><course>41.941527</course><hAcc>6.618797</hAcc><vAcc>-1.000000</vAcc></extensions></trkpt>
      <trkpt lon="-117.328584" lat="33.974269"><ele>0.000000</ele><time>2024-10-04T20:55:39Z</time><extensions><speed>0.990206</speed><course>41.070900</course><hAcc>6.590297</hAcc><vAcc>-1.000000</vAcc></extensions></trkpt>
      <trkpt lon="-117.328578" lat="33.974275"><ele>0.000000</ele><time>2024-10-04T20:55:40Z</time><extensions><speed>0.856529</speed><course>39.218672</course><hAcc>6.561370</hAcc><vAcc>-1.000000</vAcc></extensions></trkpt>
      <trkpt lon="-117.328573" lat="33.974281"><ele>0.000000</ele><time>2024-10-04T20:55:41Z</time><extensions><speed>0.667460</speed><course>34.744741</course><hAcc>6.532180</hAcc><vAcc>-1.000000</vAcc></extensions></trkpt>
      <trkpt lon="-117.328569" lat="33.974285"><ele>0.000000</ele><time>2024-10-04T20:55:42Z</time><extensions><speed>0.550986</speed><course>28.259508</course><hAcc>6.502652</hAcc><vAcc>-1.000000</vAcc></extensions></trkpt>
      <trkpt lon="-117.328566" lat="33.974289"><ele>0.000000</ele><time>2024-10-04T20:55:43Z</time><extensions><speed>0.497643</speed><course>20.063034</course><hAcc>6.472604</hAcc><vAcc>-1.000000</vAcc></extensions></trkpt>
      <trkpt lon="-117.328565" lat="33.974294"><ele>0.000000</ele><time>2024-10-04T20:55:44Z</time><extensions><speed>0.503071</speed><course>11.287293</course><hAcc>6.441979</hAcc><vAcc>-1.000000</vAcc></extensions></trkpt>
      <trkpt lon="-117.328565" lat="33.974298"><ele>0.000000</ele><time>2024-10-04T20:55:45Z</time><extensions><speed>0.567348</speed><course>3.796170</course><hAcc>6.410558</hAcc><vAcc>-1.000000</vAcc></extensions></trkpt>
      <trkpt lon="-117.328564" lat="33.974304"><ele>0.000000</ele><time>2024-10-04T20:55:46Z</time><extensions><speed>0.688364</speed><course>359.253760</course><hAcc>6.378367</hAcc><vAcc>-1.000000</vAcc></extensions></trkpt>
      <trkpt lon="-117.328564" lat="33.974311"><ele>0.000000</ele><time>2024-10-04T20:55:47Z</time><extensions><speed>0.754903</speed><course>0.685185</course><hAcc>6.345314</hAcc><vAcc>-1.000000</vAcc></extensions></trkpt>
      <trkpt lon="-117.328563" lat="33.974317"><ele>0.000000</ele><time>2024-10-04T20:55:48Z</time><extensions><speed>0.771261</speed><course>6.754268</course><hAcc>6.311346</hAcc><vAcc>-1.000000</vAcc></extensions></trkpt>
      <trkpt lon="-117.328562" lat="33.974324"><ele>0.000000</ele><time>2024-10-04T20:55:49Z</time><extensions><speed>0.738453</speed><course>13.010403</course><hAcc>6.276467</hAcc><vAcc>-1.000000</vAcc></extensions></trkpt>
      <trkpt lon="-117.328560" lat="33.974331"><ele>0.000000</ele><time>2024-10-04T20:55:50Z</time><extensions><speed>0.757702</speed><course>9.634085</course><hAcc>6.240697</hAcc><vAcc>-1.000000</vAcc></extensions></trkpt>
      <trkpt lon="-117.328560" lat="33.974338"><ele>0.000000</ele><time>2024-10-04T20:55:51Z</time><extensions><speed>0.798846</speed><course>1.873535</course><hAcc>6.204074</hAcc><vAcc>-1.000000</vAcc></extensions></trkpt>
      <trkpt lon="-117.328560" lat="33.974345"><ele>0.000000</ele><time>2024-10-04T20:55:52Z</time><extensions><speed>0.859148</speed><course>356.371660</course><hAcc>6.166558</hAcc><vAcc>-1.000000</vAcc></extensions></trkpt>
      <trkpt lon="-117.328561" lat="33.974353"><ele>0.000000</ele><time>2024-10-04T20:55:53Z</time><extensions><speed>0.924868</speed><course>352.575048</course><hAcc>6.128054</hAcc><vAcc>-1.000000</vAcc></extensions></trkpt>
      <trkpt lon="-117.328563" lat="33.974362"><ele>0.000000</ele><time>2024-10-04T20:55:54Z</time><extensions><speed>0.971891</speed><course>351.954872</course><hAcc>6.088479</hAcc><vAcc>-1.000000</vAcc></extensions></trkpt>
      <trkpt lon="-117.328564" lat="33.974370"><ele>0.000000</ele><time>2024-10-04T20:55:55Z</time><extensions><speed>0.982994</speed><course>351.834012</course><hAcc>6.047793</hAcc><vAcc>-1.000000</vAcc></extensions></trkpt>
      <trkpt lon="-117.328566" lat="33.974379"><ele>0.000000</ele><time>2024-10-04T20:55:56Z</time><extensions><speed>1.034359</speed><course>344.801319</course><hAcc>6.005964</hAcc><vAcc>-1.000000</vAcc></extensions></trkpt>
      <trkpt lon="-117.328570" lat="33.974388"><ele>0.000000</ele><time>2024-10-04T20:55:57Z</time><extensions><speed>1.080444</speed><course>339.885061</course><hAcc>5.962975</hAcc><vAcc>-1.000000</vAcc></extensions></trkpt>
      <trkpt lon="-117.328574" lat="33.974397"><ele>0.000000</ele><time>2024-10-04T20:55:58Z</time><extensions><speed>1.125797</speed><course>336.706628</course><hAcc>5.918853</hAcc><vAcc>-1.000000</vAcc></extensions></trkpt>
      <trkpt lon="-117.328580" lat="33.974407"><ele>0.000000</ele><time>2024-10-04T20:55:59Z</time><extensions><speed>1.164425</speed><course>335.271947</course><hAcc>5.873615</hAcc><vAcc>-1.000000</vAcc></extensions></trkpt>
      <trkpt lon="-117.328585" lat="33.974417"><ele>0.000000</ele><time>2024-10-04T20:56:00Z</time><extensions><speed>1.182222</speed><course>334.752911</course><hAcc>5.827310</hAcc><vAcc>-1.000000</vAcc></extensions></trkpt>
      <trkpt lon="-117.328591" lat="33.974426"><ele>0.000000</ele><time>2024-10-04T20:56:01Z</time><extensions><speed>1.189266</speed><course>335.102490</course><hAcc>5.779937</hAcc><vAcc>-1.000000</vAcc></extensions></trkpt>
      <trkpt lon="-117.328596" lat="33.974436"><ele>0.000000</ele><time>2024-10-04T20:56:02Z</time><extensions><speed>1.186035</speed><course>334.974689</course><hAcc>5.731477</hAcc><vAcc>-1.000000</vAcc></extensions></trkpt>
      <trkpt lon="-117.328602" lat="33.974445"><ele>0.000000</ele><time>2024-10-04T20:56:03Z</time><extensions><speed>1.180907</speed><course>334.464348</course><hAcc>5.681853</hAcc><vAcc>-1.000000</vAcc></extensions></trkpt>
      <trkpt lon="-117.328607" lat="33.974455"><ele>0.000000</ele><time>2024-10-04T20:56:04Z</time><extensions><speed>1.178649</speed><course>334.344698</course><hAcc>5.631012</hAcc><vAcc>-1.000000</vAcc></extensions></trkpt>
      <trkpt lon="-117.328613" lat="33.974464"><ele>0.000000</ele><time>2024-10-04T20:56:05Z</time><extensions><speed>1.172619</speed><course>335.008816</course><hAcc>5.578948</hAcc><vAcc>-1.000000</vAcc></extensions></trkpt>
      <trkpt lon="-117.328618" lat="33.974474"><ele>0.000000</ele><time>2024-10-04T20:56:06Z</time><extensions><speed>1.154878</speed><course>336.043853</course><hAcc>5.525649</hAcc><vAcc>-1.000000</vAcc></extensions></trkpt>
      <trkpt lon="-117.328622" lat="33.974483"><ele>0.000000</ele><time>2024-10-04T20:56:07Z</time><extensions><speed>1.131513</speed><course>338.065603</course><hAcc>5.471110</hAcc><vAcc>-1.000000</vAcc></extensions></trkpt>
      <trkpt lon="-117.328626" lat="33.974493"><ele>0.000000</ele><time>2024-10-04T20:56:08Z</time><extensions><speed>1.103187</speed><course>341.103304</course><hAcc>5.416395</hAcc><vAcc>-1.000000</vAcc></extensions></trkpt>
      <trkpt lon="-117.328630" lat="33.974502"><ele>0.000000</ele><time>2024-10-04T20:56:09Z</time><extensions><speed>1.071245</speed><course>344.535597</course><hAcc>5.360829</hAcc><vAcc>-1.000000</vAcc></extensions></trkpt>
      <trkpt lon="-117.328632" lat="33.974511"><ele>0.000000</ele><time>2024-10-04T20:56:10Z</time><extensions><speed>1.041900</speed><course>348.496977</course><hAcc>5.304257</hAcc><vAcc>-1.000000</vAcc></extensions></trkpt>
      <trkpt lon="-117.328634" lat="33.974520"><ele>0.000000</ele><time>2024-10-04T20:56:11Z</time><extensions><speed>1.033147</speed><course>352.170942</course><hAcc>5.246506</hAcc><vAcc>-1.000000</vAcc></extensions></trkpt>
      <trkpt lon="-117.328635" lat="33.974530"><ele>0.000000</ele><time>2024-10-04T20:56:12Z</time><extensions><speed>1.048013</speed><course>355.529321</course><hAcc>5.187291</hAcc><vAcc>-1.000000</vAcc></extensions></trkpt>
      <trkpt lon="-117.328636" lat="33.974540"><ele>0.000000</ele><time>2024-10-04T20:56:13Z</time><extensions><speed>1.098605</speed><course>357.833360</course><hAcc>5.126309</hAcc><vAcc>-1.000000</vAcc></extensions></trkpt>
      <trkpt lon="-117.328637" lat="33.974550"><ele>0.000000</ele><time>2024-10-04T20:56:14Z</time><extensions><speed>1.142339</speed><course>358.600149</course><hAcc>5.063207</hAcc><vAcc>-1.000000</vAcc></extensions></trkpt>
      <trkpt lon="-117.328637" lat="33.974561"><ele>0.000000</ele><time>2024-10-04T20:56:15Z</time><extensions><speed>1.172887</speed><course>357.345710</course><hAcc>4.997831</hAcc><vAcc>-1.000000</vAcc></extensions></trkpt>
      <trkpt lon="-117.328638" lat="33.974571"><ele>0.000000</ele><time>2024-10-04T20:56:16Z</time><extensions><speed>1.187987</speed><course>355.782481</course><hAcc>4.930862</hAcc><vAcc>-1.000000</vAcc></extensions></trkpt>
      <trkpt lon="-117.328639" lat="33.974581"><ele>0.000000</ele><time>2024-10-04T20:56:17Z</time><extensions><speed>1.189055</speed><course>353.566384</course><hAcc>4.865551</hAcc><vAcc>-1.000000</vAcc></extensions></trkpt>
      <trkpt lon="-117.328641" lat="33.974593"><ele>0.000000</ele><time>2024-10-04T20:56:18Z</time><extensions><speed>1.180470</speed><course>351.385091</course><hAcc>4.778934</hAcc><vAcc>-1.000000</vAcc></extensions></trkpt>
      <trkpt lon="-117.328643" lat="33.974603"><ele>0.000000</ele><time>2024-10-04T20:56:19Z</time><extensions><speed>1.144432</speed><course>350.549197</course><hAcc>4.686210</hAcc><vAcc>-1.000000</vAcc></extensions></trkpt>
      <trkpt lon="-117.328645" lat="33.974613"><ele>0.000000</ele><time>2024-10-04T20:56:20Z</time><extensions><speed>1.080829</speed><course>350.599270</course><hAcc>4.595163</hAcc><vAcc>-1.000000</vAcc></extensions></trkpt>
      <trkpt lon="-117.328647" lat="33.974622"><ele>0.000000</ele><time>2024-10-04T20:56:21Z</time><extensions><speed>0.994908</speed><course>351.603421</course><hAcc>4.502408</hAcc><vAcc>-1.000000</vAcc></extensions></trkpt>
      <trkpt lon="-117.328648" lat="33.974630"><ele>0.000000</ele><time>2024-10-04T20:56:22Z</time><extensions><speed>0.901796</speed><course>352.903603</course><hAcc>4.407056</hAcc><vAcc>-1.000000</vAcc></extensions></trkpt>
      <trkpt lon="-117.328649" lat="33.974638"><ele>0.000000</ele><time>2024-10-04T20:56:23Z</time><extensions><speed>0.794702</speed><course>356.630850</course><hAcc>4.309354</hAcc><vAcc>-1.000000</vAcc></extensions></trkpt>
      <trkpt lon="-117.328649" lat="33.974645"><ele>0.000000</ele><time>2024-10-04T20:56:24Z</time><extensions><speed>0.768332</speed><course>359.433762</course><hAcc>4.210251</hAcc><vAcc>-1.000000</vAcc></extensions></trkpt>
      <trkpt lon="-117.328649" lat="33.974652"><ele>0.000000</ele><time>2024-10-04T20:56:25Z</time><extensions><speed>0.832335</speed><course>1.592432</course><hAcc>4.111645</hAcc><vAcc>-1.000000</vAcc></extensions></trkpt>
      <trkpt lon="-117.328649" lat="33.974660"><ele>0.000000</ele><time>2024-10-04T20:56:26Z</time><extensions><speed>0.987248</speed><course>2.556228</course><hAcc>4.017044</hAcc><vAcc>-1.000000</vAcc></extensions></trkpt>
      <trkpt lon="-117.328648" lat="33.974670"><ele>0.000000</ele><time>2024-10-04T20:56:27Z</time><extensions><speed>1.134435</speed><course>2.097656</course><hAcc>3.932283</hAcc><vAcc>-1.000000</vAcc></extensions></trkpt>
      <trkpt lon="-117.328648" lat="33.974681"><ele>0.000000</ele><time>2024-10-04T20:56:28Z</time><extensions><speed>1.241810</speed><course>1.220254</course><hAcc>3.865712</hAcc><vAcc>-1.000000</vAcc></extensions></trkpt>
      <trkpt lon="-117.328648" lat="33.974693"><ele>0.000000</ele><time>2024-10-04T20:56:29Z</time><extensions><speed>1.308919</speed><course>0.301171</course><hAcc>3.826935</hAcc><vAcc>-1.000000</vAcc></extensions></trkpt>
      <trkpt lon="-117.328648" lat="33.974705"><ele>0.000000</ele><time>2024-10-04T20:56:30Z</time><extensions><speed>1.341355</speed><course>359.608132</course><hAcc>3.823012</hAcc><vAcc>-1.000000</vAcc></extensions></trkpt>
      <trkpt lon="-117.328648" lat="33.974717"><ele>0.000000</ele><time>2024-10-04T20:56:31Z</time><extensions><speed>1.326997</speed><course>358.224151</course><hAcc>3.853894</hAcc><vAcc>-1.000000</vAcc></extensions></trkpt>
      <trkpt lon="-117.328649" lat="33.974728"><ele>0.000000</ele><time>2024-10-04T20:56:32Z</time><extensions><speed>1.283044</speed><course>356.842824</course><hAcc>3.912401</hAcc><vAcc>-1.000000</vAcc></extensions></trkpt>
      <trkpt lon="-117.328650" lat="33.974739"><ele>0.000000</ele><time>2024-10-04T20:56:33Z</time><extensions><speed>1.223192</speed><course>354.650214</course><hAcc>3.988734</hAcc><vAcc>-1.000000</vAcc></extensions></trkpt>
      <trkpt lon="-117.328651" lat="33.974750"><ele>0.000000</ele><time>2024-10-04T20:56:34Z</time><extensions><speed>1.142950</speed><course>352.353066</course><hAcc>4.074148</hAcc><vAcc>-1.000000</vAcc></extensions></trkpt>
      <trkpt lon="-117.328653" lat="33.974759"><ele>0.000000</ele><time>2024-10-04T20:56:35Z</time><extensions><speed>1.026712</speed><course>349.674587</course><hAcc>4.162224</hAcc><vAcc>-1.000000</vAcc></extensions></trkpt>
      <trkpt lon="-117.328655" lat="33.974767"><ele>0.000000</ele><time>2024-10-04T20:56:36Z</time><extensions><speed>0.855220</speed><course>347.790727</course><hAcc>4.248880</hAcc><vAcc>-1.000000</vAcc></extensions></trkpt>
      <trkpt lon="-117.328656" lat="33.974774"><ele>0.000000</ele><time>2024-10-04T20:56:37Z</time><extensions><speed>0.643694</speed><course>345.717330</course><hAcc>4.331953</hAcc><vAcc>-1.000000</vAcc></extensions></trkpt>
      <trkpt lon="-117.328658" lat="33.974779"><ele>0.000000</ele><time>2024-10-04T20:56:38Z</time><extensions><speed>0.532042</speed><course>341.875654</course><hAcc>4.410664</hAcc><vAcc>-1.000000</vAcc></extensions></trkpt>
      <trkpt lon="-117.328660" lat="33.974783"><ele>0.000000</ele><time>2024-10-04T20:56:39Z</time><extensions><speed>0.491430</speed><course>338.045762</course><hAcc>4.485070</hAcc><vAcc>-1.000000</vAcc></extensions></trkpt>
      <trkpt lon="-117.328662" lat="33.974787"><ele>0.000000</ele><time>2024-10-04T20:56:40Z</time><extensions><speed>0.515562</speed><course>335.172838</course><hAcc>4.555618</hAcc><vAcc>-1.000000</vAcc></extensions></trkpt>
      <trkpt lon="-117.328665" lat="33.974792"><ele>0.000000</ele><time>2024-10-04T20:56:41Z</time><extensions><speed>0.602278</speed><course>333.784857</course><hAcc>4.622874</hAcc><vAcc>-1.000000</vAcc></extensions></trkpt>
      <trkpt lon="-117.328668" lat="33.974798"><ele>0.000000</ele><time>2024-10-04T20:56:42Z</time><extensions><speed>0.754393</speed><course>333.558801</course><hAcc>4.687333</hAcc><vAcc>-1.000000</vAcc></extensions></trkpt>
      <trkpt lon="-117.328672" lat="33.974804"><ele>0.000000</ele><time>2024-10-04T20:56:43Z</time><extensions><speed>0.977459</speed><course>333.584090</course><hAcc>4.749370</hAcc><vAcc>-1.000000</vAcc></extensions></trkpt>
      <trkpt lon="-117.328677" lat="33.974813"><ele>0.000000</ele><time>2024-10-04T20:56:44Z</time><extensions><speed>1.128354</speed><course>333.437727</course><hAcc>4.809167</hAcc><vAcc>-1.000000</vAcc></extensions></trkpt>
      <trkpt lon="-117.328684" lat="33.974822"><ele>0.000000</ele><time>2024-10-04T20:56:45Z</time><extensions><speed>1.238092</speed><course>333.784273</course><hAcc>4.866758</hAcc><vAcc>-1.000000</vAcc></extensions></trkpt>
      <trkpt lon="-117.328690" lat="33.974833"><ele>0.000000</ele><time>2024-10-04T20:56:46Z</time><extensions><speed>1.316140</speed><course>334.408876</course><hAcc>4.922122</hAcc><vAcc>-1.000000</vAcc></extensions></trkpt>
      <trkpt lon="-117.328696" lat="33.974844"><ele>0.000000</ele><time>2024-10-04T20:56:47Z</time><extensions><speed>1.371035</speed><course>334.751727</course><hAcc>4.975224</hAcc><vAcc>-1.000000</vAcc></extensions></trkpt>
      <trkpt lon="-117.328702" lat="33.974855"><ele>0.000000</ele><time>2024-10-04T20:56:48Z</time><extensions><speed>1.406131</speed><course>334.959965</course><hAcc>5.026039</hAcc><vAcc>-1.000000</vAcc></extensions></trkpt>
      <trkpt lon="-117.328709" lat="33.974866"><ele>0.000000</ele><time>2024-10-04T20:56:49Z</time><extensions><speed>1.423264</speed><course>335.172030</course><hAcc>5.074574</hAcc><vAcc>-1.000000</vAcc></extensions></trkpt>
      <trkpt lon="-117.328715" lat="33.974878"><ele>0.000000</ele><time>2024-10-04T20:56:50Z</time><extensions><speed>1.424289</speed><course>335.834497</course><hAcc>5.120880</hAcc><vAcc>-1.000000</vAcc></extensions></trkpt>
      <trkpt lon="-117.328721" lat="33.974890"><ele>0.000000</ele><time>2024-10-04T20:56:51Z</time><extensions><speed>1.411535</speed><course>336.934320</course><hAcc>5.165053</hAcc><vAcc>-1.000000</vAcc></extensions></trkpt>
      <trkpt lon="-117.328727" lat="33.974901"><ele>0.000000</ele><time>2024-10-04T20:56:52Z</time><extensions><speed>1.392163</speed><course>338.984218</course><hAcc>5.207218</hAcc><vAcc>-1.000000</vAcc></extensions></trkpt>
      <trkpt lon="-117.328732" lat="33.974913"><ele>0.000000</ele><time>2024-10-04T20:56:53Z</time><extensions><speed>1.388602</speed><course>343.820095</course><hAcc>5.247519</hAcc><vAcc>-1.000000</vAcc></extensions></trkpt>
      <trkpt lon="-117.328735" lat="33.974926"><ele>0.000000</ele><time>2024-10-04T20:56:54Z</time><extensions><speed>1.399216</speed><course>349.638520</course><hAcc>5.286055</hAcc><vAcc>-1.000000</vAcc></extensions></trkpt>
      <trkpt lon="-117.328736" lat="33.974938"><ele>0.000000</ele><time>2024-10-04T20:56:55Z</time><extensions><speed>1.413388</speed><course>355.342957</course><hAcc>5.322870</hAcc><vAcc>-1.000000</vAcc></extensions></trkpt>
      <trkpt lon="-117.328737" lat="33.974951"><ele>0.000000</ele><time>2024-10-04T20:56:56Z</time><extensions><speed>1.438263</speed><course>358.723482</course><hAcc>5.357977</hAcc><vAcc>-1.000000</vAcc></extensions></trkpt>
      <trkpt lon="-117.328737" lat="33.974964"><ele>0.000000</ele><time>2024-10-04T20:56:57Z</time><extensions><speed>1.457838</speed><course>0.818466</course><hAcc>5.391376</hAcc><vAcc>-1.000000</vAcc></extensions></trkpt>
      <trkpt lon="-117.328737" lat="33.974977"><ele>0.000000</ele><time>2024-10-04T20:56:58Z</time><extensions><speed>1.470004</speed><course>2.166456</course><hAcc>5.423057</hAcc><vAcc>-1.000000</vAcc></extensions></trkpt>
      <trkpt lon="-117.328736" lat="33.974990"><ele>0.000000</ele><time>2024-10-04T20:56:59Z</time><extensions><speed>1.479622</speed><course>2.492775</course><hAcc>5.453015</hAcc><vAcc>-1.000000</vAcc></extensions></trkpt>
      <trkpt lon="-117.328736" lat="33.975003"><ele>0.000000</ele><time>2024-10-04T20:57:00Z</time><extensions><speed>1.483634</speed><course>1.784167</course><hAcc>5.481258</hAcc><vAcc>-1.000000</vAcc></extensions></trkpt>
      <trkpt lon="-117.328735" lat="33.975017"><ele>0.000000</ele><time>2024-10-04T20:57:01Z</time><extensions><speed>1.485116</speed><course>0.295641</course><hAcc>5.507795</hAcc><vAcc>-1.000000</vAcc></extensions></trkpt>
      <trkpt lon="-117.328736" lat="33.975030"><ele>0.000000</ele><time>2024-10-04T20:57:02Z</time><extensions><speed>1.477737</speed><course>358.859239</course><hAcc>5.532639</hAcc><vAcc>-1.000000</vAcc></extensions></trkpt>
      <trkpt lon="-117.328736" lat="33.975043"><ele>0.000000</ele><time>2024-10-04T20:57:03Z</time><extensions><speed>1.481970</speed><course>356.621304</course><hAcc>5.555816</hAcc><vAcc>-1.000000</vAcc></extensions></trkpt>
      <trkpt lon="-117.328738" lat="33.975057"><ele>0.000000</ele><time>2024-10-04T20:57:04Z</time><extensions><speed>1.484792</speed><course>353.470875</course><hAcc>5.577395</hAcc><vAcc>-1.000000</vAcc></extensions></trkpt>
      <trkpt lon="-117.328740" lat="33.975070"><ele>0.000000</ele><time>2024-10-04T20:57:05Z</time><extensions><speed>1.503404</speed><course>350.136117</course><hAcc>5.597416</hAcc><vAcc>-1.000000</vAcc></extensions></trkpt>
      <trkpt lon="-117.328743" lat="33.975083"><ele>0.000000</ele><time>2024-10-04T20:57:06Z</time><extensions><speed>1.522828</speed><course>349.343414</course><hAcc>5.615926</hAcc><vAcc>-1.000000</vAcc></extensions></trkpt>
      <trkpt lon="-117.328746" lat="33.975097"><ele>0.000000</ele><time>2024-10-04T20:57:07Z</time><extensions><speed>1.538175</speed><course>349.983579</course><hAcc>5.632950</hAcc><vAcc>-1.000000</vAcc></extensions></trkpt>
      <trkpt lon="-117.328749" lat="33.975111"><ele>0.000000</ele><time>2024-10-04T20:57:08Z</time><extensions><speed>1.546985</speed><course>351.213892</course><hAcc>5.648451</hAcc><vAcc>-1.000000</vAcc></extensions></trkpt>
      <trkpt lon="-117.328751" lat="33.975124"><ele>0.000000</ele><time>2024-10-04T20:57:09Z</time><extensions><speed>1.550782</speed><course>353.045765</course><hAcc>5.662467</hAcc><vAcc>-1.000000</vAcc></extensions></trkpt>
      <trkpt lon="-117.328753" lat="33.975138"><ele>0.000000</ele><time>2024-10-04T20:57:10Z</time><extensions><speed>1.555162</speed><course>355.210093</course><hAcc>5.675021</hAcc><vAcc>-1.000000</vAcc></extensions></trkpt>
      <trkpt lon="-117.328754" lat="33.975152"><ele>0.000000</ele><time>2024-10-04T20:57:11Z</time><extensions><speed>1.556648</speed><course>357.489562</course><hAcc>5.686090</hAcc><vAcc>-1.000000</vAcc></extensions></trkpt>
      <trkpt lon="-117.328754" lat="33.975166"><ele>0.000000</ele><time>2024-10-04T20:57:12Z</time><extensions><speed>1.560438</speed><course>0.329096</course><hAcc>5.695684</hAcc><vAcc>-1.000000</vAcc></extensions></trkpt>
      <trkpt lon="-117.328753" lat="33.975180"><ele>0.000000</ele><time>2024-10-04T20:57:13Z</time><extensions><speed>1.538833</speed><course>2.689801</course><hAcc>5.703811</hAcc><vAcc>-1.000000</vAcc></extensions></trkpt>
      <trkpt lon="-117.328752" lat="33.975194"><ele>0.000000</ele><time>2024-10-04T20:57:14Z</time><extensions><speed>1.505719</speed><course>4.671652</course><hAcc>5.710480</hAcc><vAcc>-1.000000</vAcc></extensions></trkpt>
      <trkpt lon="-117.328751" lat="33.975207"><ele>0.000000</ele><time>2024-10-04T20:57:15Z</time><extensions><speed>1.495147</speed><course>5.585956</course><hAcc>5.715703</hAcc><vAcc>-1.000000</vAcc></extensions></trkpt>
      <trkpt lon="-117.328749" lat="33.975221"><ele>0.000000</ele><time>2024-10-04T20:57:16Z</time><extensions><speed>1.492041</speed><course>5.594765</course><hAcc>5.719491</hAcc><vAcc>-1.000000</vAcc></extensions></trkpt>
      <trkpt lon="-117.328748" lat="33.975234"><ele>0.000000</ele><time>2024-10-04T20:57:17Z</time><extensions><speed>1.486686</speed><course>5.366684</course><hAcc>5.721847</hAcc><vAcc>-1.000000</vAcc></extensions></trkpt>
      <trkpt lon="-117.328746" lat="33.975247"><ele>0.000000</ele><time>2024-10-04T20:57:18Z</time><extensions><speed>1.476948</speed><course>4.471236</course><hAcc>5.722767</hAcc><vAcc>-1.000000</vAcc></extensions></trkpt>
      <trkpt lon="-117.328745" lat="33.975260"><ele>0.000000</ele><time>2024-10-04T20:57:19Z</time><extensions><speed>1.463748</speed><course>3.288859</course><hAcc>5.722250</hAcc><vAcc>-1.000000</vAcc></extensions></trkpt>
      <trkpt lon="-117.328745" lat="33.975273"><ele>0.000000</ele><time>2024-10-04T20:57:20Z</time><extensions><speed>1.448775</speed><course>1.910829</course><hAcc>5.720308</hAcc><vAcc>-1.000000</vAcc></extensions></trkpt>
      <trkpt lon="-117.328744" lat="33.975286"><ele>0.000000</ele><time>2024-10-04T20:57:21Z</time><extensions><speed>1.438848</speed><course>0.099093</course><hAcc>5.716943</hAcc><vAcc>-1.000000</vAcc></extensions></trkpt>
      <trkpt lon="-117.328744" lat="33.975299"><ele>0.000000</ele><time>2024-10-04T20:57:22Z</time><extensions><speed>1.429456</speed><course>358.265468</course><hAcc>5.712167</hAcc><vAcc>-1.000000</vAcc></extensions></trkpt>
      <trkpt lon="-117.328745" lat="33.975312"><ele>0.000000</ele><time>2024-10-04T20:57:23Z</time><extensions><speed>1.418933</speed><course>356.333436</course><hAcc>5.705992</hAcc><vAcc>-1.000000</vAcc></extensions></trkpt>
      <trkpt lon="-117.328746" lat="33.975325"><ele>0.000000</ele><time>2024-10-04T20:57:24Z</time><extensions><speed>1.403993</speed><course>354.822856</course><hAcc>5.698406</hAcc><vAcc>-1.000000</vAcc></extensions></trkpt>
      <trkpt lon="-117.328748" lat="33.975337"><ele>0.000000</ele><time>2024-10-04T20:57:25Z</time><extensions><speed>1.387772</speed><course>353.680689</course><hAcc>5.689419</hAcc><vAcc>-1.000000</vAcc></extensions></trkpt>
      <trkpt lon="-117.328749" lat="33.975349"><ele>0.000000</ele><time>2024-10-04T20:57:26Z</time><extensions><speed>1.373637</speed><course>353.012491</course><hAcc>5.679037</hAcc><vAcc>-1.000000</vAcc></extensions></trkpt>
      <trkpt lon="-117.328751" lat="33.975362"><ele>0.000000</ele><time>2024-10-04T20:57:27Z</time><extensions><speed>1.365389</speed><course>352.818987</course><hAcc>5.667235</hAcc><vAcc>-1.000000</vAcc></extensions></trkpt>
      <trkpt lon="-117.328753" lat="33.975374"><ele>0.000000</ele><time>2024-10-04T20:57:28Z</time><extensions><speed>1.361291</speed><course>352.885874</course><hAcc>5.654023</hAcc><vAcc>-1.000000</vAcc></extensions></trkpt>
      <trkpt lon="-117.328755" lat="33.975387"><ele>0.000000</ele><time>2024-10-04T20:57:29Z</time><extensions><speed>1.360678</speed><course>352.588960</course><hAcc>5.639521</hAcc><vAcc>-1.000000</vAcc></extensions></trkpt>
      <trkpt lon="-117.328757" lat="33.975399"><ele>0.000000</ele><time>2024-10-04T20:57:30Z</time><extensions><speed>1.360552</speed><course>351.423028</course><hAcc>5.623798</hAcc><vAcc>-1.000000</vAcc></extensions></trkpt>
      <trkpt lon="-117.328759" lat="33.975410"><ele>0.000000</ele><time>2024-10-04T20:57:31Z</time><extensions><speed>1.349824</speed><course>350.148900</course><hAcc>5.606866</hAcc><vAcc>-1.000000</vAcc></extensions></trkpt>
      <trkpt lon="-117.328762" lat="33.975422"><ele>0.000000</ele><time>2024-10-04T20:57:32Z</time><extensions><speed>1.338403</speed><course>348.555825</course><hAcc>5.588744</hAcc><vAcc>-1.000000</vAcc></extensions></trkpt>
      <trkpt lon="-117.328765" lat="33.975434"><ele>0.000000</ele><time>2024-10-04T20:57:33Z</time><extensions><speed>1.318465</speed><course>347.178108</course><hAcc>5.569486</hAcc><vAcc>-1.000000</vAcc></extensions></trkpt>
      <trkpt lon="-117.328768" lat="33.975445"><ele>0.000000</ele><time>2024-10-04T20:57:34Z</time><extensions><speed>1.286649</speed><course>346.231800</course><hAcc>5.549089</hAcc><vAcc>-1.000000</vAcc></extensions></trkpt>
      <trkpt lon="-117.328772" lat="33.975456"><ele>0.000000</ele><time>2024-10-04T20:57:35Z</time><extensions><speed>1.243243</speed><course>344.888967</course><hAcc>5.527545</hAcc><vAcc>-1.000000</vAcc></extensions></trkpt>
      <trkpt lon="-117.328775" lat="33.975466"><ele>0.000000</ele><time>2024-10-04T20:57:36Z</time><extensions><speed>1.182177</speed><course>343.766841</course><hAcc>5.504889</hAcc><vAcc>-1.000000</vAcc></extensions></trkpt>
      <trkpt lon="-117.328779" lat="33.975476"><ele>0.000000</ele><time>2024-10-04T20:57:37Z</time><extensions><speed>1.105247</speed><course>342.952215</course><hAcc>5.481173</hAcc><vAcc>-1.000000</vAcc></extensions></trkpt>
      <trkpt lon="-117.328782" lat="33.975485"><ele>0.000000</ele><time>2024-10-04T20:57:38Z</time><extensions><speed>1.022131</speed><course>341.041951</course><hAcc>5.456412</hAcc><vAcc>-1.000000</vAcc></extensions></trkpt>
      <trkpt lon="-117.328786" lat="33.975493"><ele>0.000000</ele><time>2024-10-04T20:57:39Z</time><extensions><speed>0.939190</speed><course>338.199838</course><hAcc>5.430576</hAcc><vAcc>-1.000000</vAcc></extensions></trkpt>
      <trkpt lon="-117.328790" lat="33.975501"><ele>0.000000</ele><time>2024-10-04T20:57:40Z</time><extensions><speed>0.977963</speed><course>335.003765</course><hAcc>5.403529</hAcc><vAcc>-1.000000</vAcc></extensions></trkpt>
      <trkpt lon="-117.328795" lat="33.975509"><ele>0.000000</ele><time>2024-10-04T20:57:41Z</time><extensions><speed>1.115365</speed><course>332.546925</course><hAcc>5.375151</hAcc><vAcc>-1.000000</vAcc></extensions></trkpt>
      <trkpt lon="-117.328801" lat="33.975519"><ele>0.000000</ele><time>2024-10-04T20:57:42Z</time><extensions><speed>1.191152</speed><course>332.298812</course><hAcc>5.345746</hAcc><vAcc>-1.000000</vAcc></extensions></trkpt>
      <trkpt lon="-117.328807" lat="33.975529"><ele>0.000000</ele><time>2024-10-04T20:57:43Z</time><extensions><speed>1.255709</speed><course>333.101062</course><hAcc>5.315250</hAcc><vAcc>-1.000000</vAcc></extensions></trkpt>
      <trkpt lon="-117.328813" lat="33.975539"><ele>0.000000</ele><time>2024-10-04T20:57:44Z</time><extensions><speed>1.322312</speed><course>334.994374</course><hAcc>5.283728</hAcc><vAcc>-1.000000</vAcc></extensions></trkpt>
      <trkpt lon="-117.328819" lat="33.975550"><ele>0.000000</ele><time>2024-10-04T20:57:45Z</time><extensions><speed>1.372670</speed><course>337.242290</course><hAcc>5.251422</hAcc><vAcc>-1.000000</vAcc></extensions></trkpt>
      <trkpt lon="-117.328825" lat="33.975562"><ele>0.000000</ele><time>2024-10-04T20:57:46Z</time><extensions><speed>1.407196</speed><course>338.138572</course><hAcc>5.218781</hAcc><vAcc>-1.000000</vAcc></extensions></trkpt>
      <trkpt lon="-117.328830" lat="33.975574"><ele>0.000000</ele><time>2024-10-04T20:57:47Z</time><extensions><speed>1.435805</speed><course>337.740226</course><hAcc>5.186447</hAcc><vAcc>-1.000000</vAcc></extensions></trkpt>
      <trkpt lon="-117.328836" lat="33.975586"><ele>0.000000</ele><time>2024-10-04T20:57:48Z</time><extensions><speed>1.459046</speed><course>336.826127</course><hAcc>5.155221</hAcc><vAcc>-1.000000</vAcc></extensions></trkpt>
      <trkpt lon="-117.328843" lat="33.975598"><ele>0.000000</ele><time>2024-10-04T20:57:49Z</time><extensions><speed>1.476884</speed><course>335.738834</course><hAcc>5.125984</hAcc><vAcc>-1.000000</vAcc></extensions></trkpt>
      <trkpt lon="-117.328850" lat="33.975610"><ele>0.000000</ele><time>2024-10-04T20:57:50Z</time><extensions><speed>1.492176</speed><course>334.988810</course><hAcc>5.099617</hAcc><vAcc>-1.000000</vAcc></extensions></trkpt>
      <trkpt lon="-117.328857" lat="33.975622"><ele>0.000000</ele><time>2024-10-04T20:57:51Z</time><extensions><speed>1.517409</speed><course>334.902068</course><hAcc>5.076722</hAcc><vAcc>-1.000000</vAcc></extensions></trkpt>
      <trkpt lon="-117.328864" lat="33.975634"><ele>0.000000</ele><time>2024-10-04T20:57:52Z</time><extensions><speed>1.506498</speed><course>334.209120</course><hAcc>5.057427</hAcc><vAcc>-1.000000</vAcc></extensions></trkpt>
      <trkpt lon="-117.328871" lat="33.975646"><ele>0.000000</ele><time>2024-10-04T20:57:53Z</time><extensions><speed>1.499744</speed><course>333.121931</course><hAcc>5.041206</hAcc><vAcc>-1.000000</vAcc></extensions></trkpt>
      <trkpt lon="-117.328878" lat="33.975658"><ele>0.000000</ele><time>2024-10-04T20:57:54Z</time><extensions><speed>1.492761</speed><course>331.938321</course><hAcc>5.027131</hAcc><vAcc>-1.000000</vAcc></extensions></trkpt>
      <trkpt lon="-117.328885" lat="33.975670"><ele>0.000000</ele><time>2024-10-04T20:57:55Z</time><extensions><speed>1.482829</speed><course>330.365604</course><hAcc>5.014181</hAcc><vAcc>-1.000000</vAcc></extensions></trkpt>
      <trkpt lon="-117.328893" lat="33.975681"><ele>0.000000</ele><time>2024-10-04T20:57:56Z</time><extensions><speed>1.467709</speed><course>328.901867</course><hAcc>5.001415</hAcc><vAcc>-1.000000</vAcc></extensions></trkpt>
      <trkpt lon="-117.328902" lat="33.975693"><ele>0.000000</ele><time>2024-10-04T20:57:57Z</time><extensions><speed>1.443229</speed><course>328.220308</course><hAcc>4.988048</hAcc><vAcc>-1.000000</vAcc></extensions></trkpt>
      <trkpt lon="-117.328910" lat="33.975703"><ele>0.000000</ele><time>2024-10-04T20:57:58Z</time><extensions><speed>1.412207</speed><course>328.677796</course><hAcc>4.973470</hAcc><vAcc>-1.000000</vAcc></extensions></trkpt>
      <trkpt lon="-117.328918" lat="33.975714"><ele>0.000000</ele><time>2024-10-04T20:57:59Z</time><extensions><speed>1.384229</speed><course>329.774529</course><hAcc>4.957227</hAcc><vAcc>-1.000000</vAcc></extensions></trkpt>
      <trkpt lon="-117.328926" lat="33.975725"><ele>0.000000</ele><time>2024-10-04T20:58:00Z</time><extensions><speed>1.353104</speed><course>332.562897</course><hAcc>4.938951</hAcc><vAcc>-1.000000</vAcc></extensions></trkpt>
      <trkpt lon="-117.328932" lat="33.975735"><ele>0.000000</ele><time>2024-10-04T20:58:01Z</time><extensions><speed>1.314869</speed><course>334.199930</course><hAcc>4.918365</hAcc><vAcc>-1.000000</vAcc></extensions></trkpt>
      <trkpt lon="-117.328938" lat="33.975746"><ele>0.000000</ele><time>2024-10-04T20:58:02Z</time><extensions><speed>1.383620</speed><course>329.775444</course><hAcc>4.895249</hAcc><vAcc>-1.000000</vAcc></extensions></trkpt>
      <trkpt lon="-117.328946" lat="33.975757"><ele>0.000000</ele><time>2024-10-04T20:58:03Z</time><extensions><speed>1.422999</speed><course>326.671556</course><hAcc>4.869494</hAcc><vAcc>-1.000000</vAcc></extensions></trkpt>
      <trkpt lon="-117.328955" lat="33.975768"><ele>0.000000</ele><time>2024-10-04T20:58:04Z</time><extensions><speed>1.450111</speed><course>325.271021</course><hAcc>4.841077</hAcc><vAcc>-1.000000</vAcc></extensions></trkpt>
      <trkpt lon="-117.328964" lat="33.975779"><ele>0.000000</ele><time>2024-10-04T20:58:05Z</time><extensions><speed>1.474828</speed><course>326.123863</course><hAcc>4.810015</hAcc><vAcc>-1.000000</vAcc></extensions></trkpt>
      <trkpt lon="-117.328972" lat="33.975790"><ele>0.000000</ele><time>2024-10-04T20:58:06Z</time><extensions><speed>1.488154</speed><course>328.320396</course><hAcc>4.776308</hAcc><vAcc>-1.000000</vAcc></extensions></trkpt>
      <trkpt lon="-117.328981" lat="33.975801"><ele>0.000000</ele><time>2024-10-04T20:58:07Z</time><extensions><speed>1.493992</speed><course>331.381795</course><hAcc>4.739921</hAcc><vAcc>-1.000000</vAcc></extensions></trkpt>
      <trkpt lon="-117.328988" lat="33.975813"><ele>0.000000</ele><time>2024-10-04T20:58:08Z</time><extensions><speed>1.497309</speed><course>335.183459</course><hAcc>4.700724</hAcc><vAcc>-1.000000</vAcc></extensions></trkpt>
      <trkpt lon="-117.328994" lat="33.975826"><ele>0.000000</ele><time>2024-10-04T20:58:09Z</time><extensions><speed>1.501120</speed><course>338.769440</course><hAcc>4.658695</hAcc><vAcc>-1.000000</vAcc></extensions></trkpt>
      <trkpt lon="-117.329000" lat="33.975838"><ele>0.000000</ele><time>2024-10-04T20:58:10Z</time><extensions><speed>1.504828</speed><course>339.837375</course><hAcc>4.613478</hAcc><vAcc>-1.000000</vAcc></extensions></trkpt>
      <trkpt lon="-117.329006" lat="33.975851"><ele>0.000000</ele><time>2024-10-04T20:58:11Z</time><extensions><speed>1.510117</speed><course>338.212328</course><hAcc>4.564772</hAcc><vAcc>-1.000000</vAcc></extensions></trkpt>
      <trkpt lon="-117.329012" lat="33.975863"><ele>0.000000</ele><time>2024-10-04T20:58:12Z</time><extensions><speed>1.507282</speed><course>335.112758</course><hAcc>4.512337</hAcc><vAcc>-1.000000</vAcc></extensions></trkpt>
      <trkpt lon="-117.329019" lat="33.975876"><ele>0.000000</ele><time>2024-10-04T20:58:13Z</time><extensions><speed>1.491007</speed><course>333.703062</course><hAcc>4.455991</hAcc><vAcc>-1.000000</vAcc></extensions></trkpt>
      <trkpt lon="-117.329026" lat="33.975888"><ele>0.000000</ele><time>2024-10-04T20:58:14Z</time><extensions><speed>1.474132</speed><course>333.942387</course><hAcc>4.395522</hAcc><vAcc>-1.000000</vAcc></extensions></trkpt>
      <trkpt lon="-117.329033" lat="33.975899"><ele>0.000000</ele><time>2024-10-04T20:58:15Z</time><extensions><speed>1.459770</speed><course>334.765776</course><hAcc>4.330590</hAcc><vAcc>-1.000000</vAcc></extensions></trkpt>
      <trkpt lon="-117.329040" lat="33.975911"><ele>0.000000</ele><time>2024-10-04T20:58:16Z</time><extensions><speed>1.447421</speed><course>335.266109</course><hAcc>4.260737</hAcc><vAcc>-1.000000</vAcc></extensions></trkpt>
      <trkpt lon="-117.329046" lat="33.975923"><ele>0.000000</ele><time>2024-10-04T20:58:17Z</time><extensions><speed>1.430326</speed><course>335.684268</course><hAcc>4.185261</hAcc><vAcc>-1.000000</vAcc></extensions></trkpt>
      <trkpt lon="-117.329053" lat="33.975934"><ele>0.000000</ele><time>2024-10-04T20:58:18Z</time><extensions><speed>1.409307</speed><course>335.560763</course><hAcc>4.104299</hAcc><vAcc>-1.000000</vAcc></extensions></trkpt>
      <trkpt lon="-117.329059" lat="33.975946"><ele>0.000000</ele><time>2024-10-04T20:58:19Z</time><extensions><speed>1.393606</speed><course>336.825018</course><hAcc>4.010747</hAcc><vAcc>-1.000000</vAcc></extensions></trkpt>
      <trkpt lon="-117.329065" lat="33.975958"><ele>0.000000</ele><time>2024-10-04T20:58:20Z</time><extensions><speed>1.388015</speed><course>338.270235</course><hAcc>3.908592</hAcc><vAcc>-1.000000</vAcc></extensions></trkpt>
      <trkpt lon="-117.329070" lat="33.975969"><ele>0.000000</ele><time>2024-10-04T20:58:21Z</time><extensions><speed>1.385650</speed><course>339.547880</course><hAcc>3.798024</hAcc><vAcc>-1.000000</vAcc></extensions></trkpt>
      <trkpt lon="-117.329075" lat="33.975981"><ele>0.000000</ele><time>2024-10-04T20:58:22Z</time><extensions><speed>1.385503</speed><course>341.836059</course><hAcc>3.678105</hAcc><vAcc>-1.000000</vAcc></extensions></trkpt>
      <trkpt lon="-117.329079" lat="33.975993"><ele>0.000000</ele><time>2024-10-04T20:58:23Z</time><extensions><speed>1.388312</speed><course>346.005768</course><hAcc>3.548813</hAcc><vAcc>-1.000000</vAcc></extensions></trkpt>
      <trkpt lon="-117.329082" lat="33.976005"><ele>0.000000</ele><time>2024-10-04T20:58:24Z</time><extensions><speed>1.401794</speed><course>351.856980</course><hAcc>3.410846</hAcc><vAcc>-1.000000</vAcc></extensions></trkpt>
      <trkpt lon="-117.329084" lat="33.976018"><ele>0.000000</ele><time>2024-10-04T20:58:25Z</time><extensions><speed>1.425733</speed><course>357.371626</course><hAcc>3.266629</hAcc><vAcc>-1.000000</vAcc></extensions></trkpt>
      <trkpt lon="-117.329084" lat="33.976031"><ele>0.000000</ele><time>2024-10-04T20:58:26Z</time><extensions><speed>1.452592</speed><course>1.177278</course><hAcc>3.119022</hAcc><vAcc>-1.000000</vAcc></extensions></trkpt>
      <trkpt lon="-117.329084" lat="33.976042"><ele>0.000000</ele><time>2024-10-04T20:58:27Z</time><extensions><speed>1.467039</speed><course>3.393367</course><hAcc>3.010079</hAcc><vAcc>-1.000000</vAcc></extensions></trkpt>
      <trkpt lon="-117.329082" lat="33.976057"><ele>0.000000</ele><time>2024-10-04T20:58:28Z</time><extensions><speed>1.479336</speed><course>6.464680</course><hAcc>2.883491</hAcc><vAcc>-1.000000</vAcc></extensions></trkpt>
      <trkpt lon="-117.329080" lat="33.976070"><ele>0.000000</ele><time>2024-10-04T20:58:29Z</time><extensions><speed>1.476857</speed><course>8.773216</course><hAcc>2.766616</hAcc><vAcc>-1.000000</vAcc></extensions></trkpt>
      <trkpt lon="-117.329078" lat="33.976081"><ele>0.000000</ele><time>2024-10-04T20:58:30Z</time><extensions><speed>1.484491</speed><course>10.375362</course><hAcc>2.703205</hAcc><vAcc>-1.000000</vAcc></extensions></trkpt>
      <trkpt lon="-117.329074" lat="33.976096"><ele>0.000000</ele><time>2024-10-04T20:58:31Z</time><extensions><speed>1.491293</speed><course>12.513434</course><hAcc>2.636885</hAcc><vAcc>-1.000000</vAcc></extensions></trkpt>
      <trkpt lon="-117.329070" lat="33.976110"><ele>0.000000</ele><time>2024-10-04T20:58:32Z</time><extensions><speed>1.487610</speed><course>13.206286</course><hAcc>2.568672</hAcc><vAcc>-1.000000</vAcc></extensions></trkpt>
      <trkpt lon="-117.329067" lat="33.976121"><ele>0.000000</ele><time>2024-10-04T20:58:33Z</time><extensions><speed>1.494724</speed><course>13.132201</course><hAcc>2.541647</hAcc><vAcc>-1.000000</vAcc></extensions></trkpt>
      <trkpt lon="-117.329063" lat="33.976136"><ele>0.000000</ele><time>2024-10-04T20:58:34Z</time><extensions><speed>1.530719</speed><course>11.708733</course><hAcc>2.517728</hAcc><vAcc>-1.000000</vAcc></extensions></trkpt>
      <trkpt lon="-117.329060" lat="33.976149"><ele>0.000000</ele><time>2024-10-04T20:58:35Z</time><extensions><speed>1.550527</speed><course>9.797229</course><hAcc>2.481190</hAcc><vAcc>-1.000000</vAcc></extensions></trkpt>
      <trkpt lon="-117.329058" lat="33.976162"><ele>0.000000</ele><time>2024-10-04T20:58:36Z</time><extensions><speed>1.568352</speed><course>7.946244</course><hAcc>2.475434</hAcc><vAcc>-1.000000</vAcc></extensions></trkpt>
      <trkpt lon="-117.329055" lat="33.976177"><ele>0.000000</ele><time>2024-10-04T20:58:37Z</time><extensions><speed>1.590562</speed><course>4.543841</course><hAcc>2.472231</hAcc><vAcc>-1.000000</vAcc></extensions></trkpt>
      <trkpt lon="-117.329055" lat="33.976192"><ele>0.000000</ele><time>2024-10-04T20:58:38Z</time><extensions><speed>1.578533</speed><course>1.804148</course><hAcc>2.447281</hAcc><vAcc>-1.000000</vAcc></extensions></trkpt>
      <trkpt lon="-117.329054" lat="33.976204"><ele>0.000000</ele><time>2024-10-04T20:58:39Z</time><extensions><speed>1.567922</speed><course>359.617161</course><hAcc>2.443887</hAcc><vAcc>-1.000000</vAcc></extensions></trkpt>
      <trkpt lon="-117.329055" lat="33.976220"><ele>0.000000</ele><time>2024-10-04T20:58:40Z</time><extensions><speed>1.564265</speed><course>356.325558</course><hAcc>2.438537</hAcc><vAcc>-1.000000</vAcc></extensions></trkpt>
      <trkpt lon="-117.329056" lat="33.976234"><ele>0.000000</ele><time>2024-10-04T20:58:41Z</time><extensions><speed>1.561622</speed><course>353.778705</course><hAcc>2.410264</hAcc><vAcc>-1.000000</vAcc></extensions></trkpt>
      <trkpt lon="-117.329058" lat="33.976246"><ele>0.000000</ele><time>2024-10-04T20:58:42Z</time><extensions><speed>1.559172</speed><course>351.885250</course><hAcc>2.401257</hAcc><vAcc>-1.000000</vAcc></extensions></trkpt>
      <trkpt lon="-117.329061" lat="33.976261"><ele>0.000000</ele><time>2024-10-04T20:58:43Z</time><extensions><speed>1.541634</speed><course>349.846946</course><hAcc>2.391761</hAcc><vAcc>-1.000000</vAcc></extensions></trkpt>
      <trkpt lon="-117.329064" lat="33.976275"><ele>0.000000</ele><time>2024-10-04T20:58:44Z</time><extensions><speed>1.516217</speed><course>349.362646</course><hAcc>2.366201</hAcc><vAcc>-1.000000</vAcc></extensions></trkpt>
      <trkpt lon="-117.329067" lat="33.976287"><ele>0.000000</ele><time>2024-10-04T20:58:45Z</time><extensions><speed>1.498621</speed><course>349.849538</course><hAcc>2.361996</hAcc><vAcc>-1.000000</vAcc></extensions></trkpt>
      <trkpt lon="-117.329070" lat="33.976301"><ele>0.000000</ele><time>2024-10-04T20:58:46Z</time><extensions><speed>1.460688</speed><course>351.347126</course><hAcc>2.361335</hAcc><vAcc>-1.000000</vAcc></extensions></trkpt>
      <trkpt lon="-117.329072" lat="33.976314"><ele>0.000000</ele><time>2024-10-04T20:58:47Z</time><extensions><speed>1.428588</speed><course>353.041311</course><hAcc>2.343884</hAcc><vAcc>-1.000000</vAcc></extensions></trkpt>
      <trkpt lon="-117.329073" lat="33.976326"><ele>0.000000</ele><time>2024-10-04T20:58:48Z</time><extensions><speed>1.411411</speed><course>354.583924</course><hAcc>2.341877</hAcc><vAcc>-1.000000</vAcc></extensions></trkpt>
      <trkpt lon="-117.329075" lat="33.976340"><ele>0.000000</ele><time>2024-10-04T20:58:49Z</time><extensions><speed>1.401079</speed><course>356.485430</course><hAcc>2.341250</hAcc><vAcc>-1.000000</vAcc></extensions></trkpt>
      <trkpt lon="-117.329075" lat="33.976352"><ele>0.000000</ele><time>2024-10-04T20:58:50Z</time><extensions><speed>1.391169</speed><course>357.745236</course><hAcc>2.324101</hAcc><vAcc>-1.000000</vAcc></extensions></trkpt>
      <trkpt lon="-117.329076" lat="33.976364"><ele>0.000000</ele><time>2024-10-04T20:58:51Z</time><extensions><speed>1.393895</speed><course>358.477863</course><hAcc>2.319481</hAcc><vAcc>-1.000000</vAcc></extensions></trkpt>
      <trkpt lon="-117.329076" lat="33.976377"><ele>0.000000</ele><time>2024-10-04T20:58:52Z</time><extensions><speed>1.400819</speed><course>359.102852</course><hAcc>2.315628</hAcc><vAcc>-1.000000</vAcc></extensions></trkpt>
      <trkpt lon="-117.329076" lat="33.976390"><ele>0.000000</ele><time>2024-10-04T20:58:53Z</time><extensions><speed>1.396282</speed><course>359.494577</course><hAcc>2.296637</hAcc><vAcc>-1.000000</vAcc></extensions></trkpt>
      <trkpt lon="-117.329076" lat="33.976401"><ele>0.000000</ele><time>2024-10-04T20:58:54Z</time><extensions><speed>1.380575</speed><course>359.664292</course><hAcc>2.287212</hAcc><vAcc>-1.000000</vAcc></extensions></trkpt>
      <trkpt lon="-117.329077" lat="33.976414"><ele>0.000000</ele><time>2024-10-04T20:58:55Z</time><extensions><speed>1.340582</speed><course>359.415017</course><hAcc>2.276489</hAcc><vAcc>-1.000000</vAcc></extensions></trkpt>
      <trkpt lon="-117.329077" lat="33.976426"><ele>0.000000</ele><time>2024-10-04T20:58:56Z</time><extensions><speed>1.273273</speed><course>358.625780</course><hAcc>2.250252</hAcc><vAcc>-1.000000</vAcc></extensions></trkpt>
      <trkpt lon="-117.329077" lat="33.976437"><ele>0.000000</ele><time>2024-10-04T20:58:57Z</time><extensions><speed>1.186214</speed><course>357.894176</course><hAcc>2.230911</hAcc><vAcc>-1.000000</vAcc></extensions></trkpt>
      <trkpt lon="-117.329078" lat="33.976447"><ele>0.000000</ele><time>2024-10-04T20:58:58Z</time><extensions><speed>1.065314</speed><course>356.957357</course><hAcc>2.216834</hAcc><vAcc>-1.000000</vAcc></extensions></trkpt>
      <trkpt lon="-117.329079" lat="33.976457"><ele>0.000000</ele><time>2024-10-04T20:58:59Z</time><extensions><speed>1.063043</speed><course>356.224687</course><hAcc>2.205411</hAcc><vAcc>-1.000000</vAcc></extensions></trkpt>
      <trkpt lon="-117.329079" lat="33.976466"><ele>0.000000</ele><time>2024-10-04T20:59:00Z</time><extensions><speed>1.193909</speed><course>355.975012</course><hAcc>2.212207</hAcc><vAcc>-1.000000</vAcc></extensions></trkpt>
      <trkpt lon="-117.329081" lat="33.976478"><ele>0.000000</ele><time>2024-10-04T20:59:01Z</time><extensions><speed>1.283478</speed><course>356.171444</course><hAcc>2.226732</hAcc><vAcc>-1.000000</vAcc></extensions></trkpt>
      <trkpt lon="-117.329081" lat="33.976490"><ele>0.000000</ele><time>2024-10-04T20:59:02Z</time><extensions><speed>1.343494</speed><course>357.262030</course><hAcc>2.229529</hAcc><vAcc>-1.000000</vAcc></extensions></trkpt>
      <trkpt lon="-117.329082" lat="33.976502"><ele>0.000000</ele><time>2024-10-04T20:59:03Z</time><extensions><speed>1.368013</speed><course>359.231561</course><hAcc>2.233082</hAcc><vAcc>-1.000000</vAcc></extensions></trkpt>
      <trkpt lon="-117.329081" lat="33.976514"><ele>0.000000</ele><time>2024-10-04T20:59:04Z</time><extensions><speed>1.364292</speed><course>2.335350</course><hAcc>2.241969</hAcc><vAcc>-1.000000</vAcc></extensions></trkpt>
      <trkpt lon="-117.329080" lat="33.976526"><ele>0.000000</ele><time>2024-10-04T20:59:05Z</time><extensions><speed>1.360559</speed><course>5.919644</course><hAcc>2.250980</hAcc><vAcc>-1.000000</vAcc></extensions></trkpt>
      <trkpt lon="-117.329078" lat="33.976538"><ele>0.000000</ele><time>2024-10-04T20:59:06Z</time><extensions><speed>1.363068</speed><course>9.368083</course><hAcc>2.269535</hAcc><vAcc>-1.000000</vAcc></extensions></trkpt>
      <trkpt lon="-117.329076" lat="33.976551"><ele>0.000000</ele><time>2024-10-04T20:59:07Z</time><extensions><speed>1.372467</speed><course>12.599357</course><hAcc>2.297606</hAcc><vAcc>-1.000000</vAcc></extensions></trkpt>
      <trkpt lon="-117.329072" lat="33.976563"><ele>0.000000</ele><time>2024-10-04T20:59:08Z</time><extensions><speed>1.387002</speed><course>15.135469</course><hAcc>2.318192</hAcc><vAcc>-1.000000</vAcc></extensions></trkpt>
      <trkpt lon="-117.329068" lat="33.976575"><ele>0.000000</ele><time>2024-10-04T20:59:08Z</time><extensions><speed>1.396530</speed><course>16.055185</course><hAcc>2.324841</hAcc><vAcc>-1.000000</vAcc></extensions></trkpt>
      <trkpt lon="-117.329064" lat="33.976587"><ele>0.000000</ele><time>2024-10-04T20:59:09Z</time><extensions><speed>1.395421</speed><course>14.889435</course><hAcc>2.322990</hAcc><vAcc>-1.000000</vAcc></extensions></trkpt>
      <trkpt lon="-117.329061" lat="33.976599"><ele>0.000000</ele><time>2024-10-04T20:59:10Z</time><extensions><speed>1.350092</speed><course>11.091980</course><hAcc>2.318958</hAcc><vAcc>-1.000000</vAcc></extensions></trkpt>
      <trkpt lon="-117.329059" lat="33.976610"><ele>0.000000</ele><time>2024-10-04T20:59:11Z</time><extensions><speed>1.287887</speed><course>2.252404</course><hAcc>2.315388</hAcc><vAcc>-1.000000</vAcc></extensions></trkpt>
      <trkpt lon="-117.329059" lat="33.976622"><ele>0.000000</ele><time>2024-10-04T20:59:12Z</time><extensions><speed>1.265631</speed><course>353.970537</course><hAcc>2.314174</hAcc><vAcc>-1.000000</vAcc></extensions></trkpt>
      <trkpt lon="-117.329062" lat="33.976633"><ele>0.000000</ele><time>2024-10-04T20:59:13Z</time><extensions><speed>1.271104</speed><course>347.600378</course><hAcc>2.314429</hAcc><vAcc>-1.000000</vAcc></extensions></trkpt>
      <trkpt lon="-117.329065" lat="33.976644"><ele>0.000000</ele><time>2024-10-04T20:59:14Z</time><extensions><speed>1.286495</speed><course>343.498509</course><hAcc>2.314176</hAcc><vAcc>-1.000000</vAcc></extensions></trkpt>
      <trkpt lon="-117.329069" lat="33.976655"><ele>0.000000</ele><time>2024-10-04T20:59:15Z</time><extensions><speed>1.301491</speed><course>341.497677</course><hAcc>2.314023</hAcc><vAcc>-1.000000</vAcc></extensions></trkpt>
      <trkpt lon="-117.329074" lat="33.976666"><ele>0.000000</ele><time>2024-10-04T20:59:16Z</time><extensions><speed>1.306027</speed><course>341.399706</course><hAcc>2.313504</hAcc><vAcc>-1.000000</vAcc></extensions></trkpt>
      <trkpt lon="-117.329078" lat="33.976677"><ele>0.000000</ele><time>2024-10-04T20:59:17Z</time><extensions><speed>1.308697</speed><course>343.011369</course><hAcc>2.310962</hAcc><vAcc>-1.000000</vAcc></extensions></trkpt>
      <trkpt lon="-117.329082" lat="33.976689"><ele>0.000000</ele><time>2024-10-04T20:59:18Z</time><extensions><speed>1.302587</speed><course>345.389849</course><hAcc>2.306887</hAcc><vAcc>-1.000000</vAcc></extensions></trkpt>
      <trkpt lon="-117.329085" lat="33.976700"><ele>0.000000</ele><time>2024-10-04T20:59:19Z</time><extensions><speed>1.284311</speed><course>348.597428</course><hAcc>2.301225</hAcc><vAcc>-1.000000</vAcc></extensions></trkpt>
      <trkpt lon="-117.329088" lat="33.976711"><ele>0.000000</ele><time>2024-10-04T20:59:20Z</time><extensions><speed>1.261131</speed><course>351.697514</course><hAcc>2.293426</hAcc><vAcc>-1.000000</vAcc></extensions></trkpt>
      <trkpt lon="-117.329089" lat="33.976722"><ele>0.000000</ele><time>2024-10-04T20:59:21Z</time><extensions><speed>1.256401</speed><course>354.937732</course><hAcc>2.284860</hAcc><vAcc>-1.000000</vAcc></extensions></trkpt>
      <trkpt lon="-117.329090" lat="33.976734"><ele>0.000000</ele><time>2024-10-04T20:59:22Z</time><extensions><speed>1.251159</speed><course>357.405311</course><hAcc>2.276073</hAcc><vAcc>-1.000000</vAcc></extensions></trkpt>
      <trkpt lon="-117.329090" lat="33.976745"><ele>0.000000</ele><time>2024-10-04T20:59:23Z</time><extensions><speed>1.261188</speed><course>359.247004</course><hAcc>2.268020</hAcc><vAcc>-1.000000</vAcc></extensions></trkpt>
      <trkpt lon="-117.329090" lat="33.976757"><ele>0.000000</ele><time>2024-10-04T20:59:24Z</time><extensions><speed>1.306644</speed><course>0.627251</course><hAcc>2.264378</hAcc><vAcc>-1.000000</vAcc></extensions></trkpt>
      <trkpt lon="-117.329090" lat="33.976768"><ele>0.000000</ele><time>2024-10-04T20:59:25Z</time><extensions><speed>1.360479</speed><course>1.622169</course><hAcc>2.265837</hAcc><vAcc>-1.000000</vAcc></extensions></trkpt>
      <trkpt lon="-117.329090" lat="33.976781"><ele>0.000000</ele><time>2024-10-04T20:59:26Z</time><extensions><speed>1.415985</speed><course>2.194845</course><hAcc>2.269895</hAcc><vAcc>-1.000000</vAcc></extensions></trkpt>
      <trkpt lon="-117.329089" lat="33.976794"><ele>0.000000</ele><time>2024-10-04T20:59:27Z</time><extensions><speed>1.453155</speed><course>2.394800</course><hAcc>2.275529</hAcc><vAcc>-1.000000</vAcc></extensions></trkpt>
      <trkpt lon="-117.329088" lat="33.976807"><ele>0.000000</ele><time>2024-10-04T20:59:28Z</time><extensions><speed>1.464311</speed><course>2.292828</course><hAcc>2.281036</hAcc><vAcc>-1.000000</vAcc></extensions></trkpt>
      <trkpt lon="-117.329088" lat="33.976820"><ele>0.000000</ele><time>2024-10-04T20:59:29Z</time><extensions><speed>1.467650</speed><course>1.916199</course><hAcc>2.285077</hAcc><vAcc>-1.000000</vAcc></extensions></trkpt>
      <trkpt lon="-117.329087" lat="33.976833"><ele>0.000000</ele><time>2024-10-04T20:59:30Z</time><extensions><speed>1.468042</speed><course>1.399962</course><hAcc>2.289176</hAcc><vAcc>-1.000000</vAcc></extensions></trkpt>
      <trkpt lon="-117.329087" lat="33.976846"><ele>0.000000</ele><time>2024-10-04T20:59:31Z</time><extensions><speed>1.456429</speed><course>0.910425</course><hAcc>2.293154</hAcc><vAcc>-1.000000</vAcc></extensions></trkpt>
      <trkpt lon="-117.329087" lat="33.976859"><ele>0.000000</ele><time>2024-10-04T20:59:32Z</time><extensions><speed>1.450668</speed><course>0.501819</course><hAcc>2.295789</hAcc><vAcc>-1.000000</vAcc></extensions></trkpt>
      <trkpt lon="-117.329087" lat="33.976872"><ele>0.000000</ele><time>2024-10-04T20:59:33Z</time><extensions><speed>1.456967</speed><course>0.196448</course><hAcc>2.298160</hAcc><vAcc>-1.000000</vAcc></extensions></trkpt>
      <trkpt lon="-117.329087" lat="33.976886"><ele>0.000000</ele><time>2024-10-04T20:59:34Z</time><extensions><speed>1.453513</speed><course>359.994719</course><hAcc>2.299831</hAcc><vAcc>-1.000000</vAcc></extensions></trkpt>
      <trkpt lon="-117.329087" lat="33.976899"><ele>0.000000</ele><time>2024-10-04T20:59:35Z</time><extensions><speed>1.452574</speed><course>359.872263</course><hAcc>2.299299</hAcc><vAcc>-1.000000</vAcc></extensions></trkpt>
      <trkpt lon="-117.329087" lat="33.976912"><ele>0.000000</ele><time>2024-10-04T20:59:36Z</time><extensions><speed>1.450148</speed><course>359.807162</course><hAcc>2.297348</hAcc><vAcc>-1.000000</vAcc></extensions></trkpt>
      <trkpt lon="-117.329087" lat="33.976925"><ele>0.000000</ele><time>2024-10-04T20:59:37Z</time><extensions><speed>1.437354</speed><course>359.778976</course><hAcc>2.293842</hAcc><vAcc>-1.000000</vAcc></extensions></trkpt>
      <trkpt lon="-117.329087" lat="33.976937"><ele>0.000000</ele><time>2024-10-04T20:59:38Z</time><extensions><speed>1.420019</speed><course>359.772620</course><hAcc>2.288482</hAcc><vAcc>-1.000000</vAcc></extensions></trkpt>
      <trkpt lon="-117.329087" lat="33.976950"><ele>0.000000</ele><time>2024-10-04T20:59:39Z</time><extensions><speed>1.399723</speed><course>359.777789</course><hAcc>2.283373</hAcc><vAcc>-1.000000</vAcc></extensions></trkpt>
      <trkpt lon="-117.329087" lat="33.976963"><ele>0.000000</ele><time>2024-10-04T20:59:40Z</time><extensions><speed>1.384353</speed><course>359.790180</course><hAcc>2.278480</hAcc><vAcc>-1.000000</vAcc></extensions></trkpt>
      <trkpt lon="-117.329087" lat="33.976975"><ele>0.000000</ele><time>2024-10-04T20:59:41Z</time><extensions><speed>1.381915</speed><course>359.803892</course><hAcc>2.272107</hAcc><vAcc>-1.000000</vAcc></extensions></trkpt>
      <trkpt lon="-117.329087" lat="33.976987"><ele>0.000000</ele><time>2024-10-04T20:59:42Z</time><extensions><speed>1.390413</speed><course>359.815149</course><hAcc>2.264831</hAcc><vAcc>-1.000000</vAcc></extensions></trkpt>
      <trkpt lon="-117.329087" lat="33.977000"><ele>0.000000</ele><time>2024-10-04T20:59:43Z</time><extensions><speed>1.391116</speed><course>359.976530</course><hAcc>2.256252</hAcc><vAcc>-1.000000</vAcc></extensions></trkpt>
      <trkpt lon="-117.329087" lat="33.977012"><ele>0.000000</ele><time>2024-10-04T20:59:44Z</time><extensions><speed>1.389725</speed><course>359.973457</course><hAcc>2.245928</hAcc><vAcc>-1.000000</vAcc></extensions></trkpt>
      <trkpt lon="-117.329087" lat="33.977025"><ele>0.000000</ele><time>2024-10-04T20:59:45Z</time><extensions><speed>1.384096</speed><course>359.823900</course><hAcc>2.236601</hAcc><vAcc>-1.000000</vAcc></extensions></trkpt>
      <trkpt lon="-117.329087" lat="33.977037"><ele>0.000000</ele><time>2024-10-04T20:59:46Z</time><extensions><speed>1.373249</speed><course>359.670129</course><hAcc>2.229231</hAcc><vAcc>-1.000000</vAcc></extensions></trkpt>
      <trkpt lon="-117.329087" lat="33.977050"><ele>0.000000</ele><time>2024-10-04T20:59:47Z</time><extensions><speed>1.375776</speed><course>359.273156</course><hAcc>2.222332</hAcc><vAcc>-1.000000</vAcc></extensions></trkpt>
      <trkpt lon="-117.329087" lat="33.977062"><ele>0.000000</ele><time>2024-10-04T20:59:48Z</time><extensions><speed>1.385021</speed><course>358.498369</course><hAcc>2.216671</hAcc><vAcc>-1.000000</vAcc></extensions></trkpt>
      <trkpt lon="-117.329088" lat="33.977075"><ele>0.000000</ele><time>2024-10-04T20:59:49Z</time><extensions><speed>1.382371</speed><course>357.225571</course><hAcc>2.211734</hAcc><vAcc>-1.000000</vAcc></extensions></trkpt>
      <trkpt lon="-117.329089" lat="33.977087"><ele>0.000000</ele><time>2024-10-04T20:59:50Z</time><extensions><speed>1.381906</speed><course>355.286110</course><hAcc>2.206639</hAcc><vAcc>-1.000000</vAcc></extensions></trkpt>
      <trkpt lon="-117.329090" lat="33.977099"><ele>0.000000</ele><time>2024-10-04T20:59:51Z</time><extensions><speed>1.382109</speed><course>352.721309</course><hAcc>2.204811</hAcc><vAcc>-1.000000</vAcc></extensions></trkpt>
      <trkpt lon="-117.329093" lat="33.977111"><ele>0.000000</ele><time>2024-10-04T20:59:52Z</time><extensions><speed>1.360195</speed><course>349.682403</course><hAcc>2.209909</hAcc><vAcc>-1.000000</vAcc></extensions></trkpt>
      <trkpt lon="-117.329096" lat="33.977123"><ele>0.000000</ele><time>2024-10-04T20:59:53Z</time><extensions><speed>1.334864</speed><course>346.817094</course><hAcc>2.227921</hAcc><vAcc>-1.000000</vAcc></extensions></trkpt>
      <trkpt lon="-117.329099" lat="33.977135"><ele>0.000000</ele><time>2024-10-04T20:59:54Z</time><extensions><speed>1.307982</speed><course>344.606965</course><hAcc>2.273837</hAcc><vAcc>-1.000000</vAcc></extensions></trkpt>
      <trkpt lon="-117.329103" lat="33.977146"><ele>0.000000</ele><time>2024-10-04T20:59:55Z</time><extensions><speed>1.290436</speed><course>340.676112</course><hAcc>2.363556</hAcc><vAcc>-1.000000</vAcc></extensions></trkpt>
      <trkpt lon="-117.329108" lat="33.977157"><ele>0.000000</ele><time>2024-10-04T20:59:56Z</time><extensions><speed>1.294695</speed><course>334.907846</course><hAcc>2.498861</hAcc><vAcc>-1.000000</vAcc></extensions></trkpt>
      <trkpt lon="-117.329115" lat="33.977167"><ele>0.000000</ele><time>2024-10-04T20:59:57Z</time><extensions><speed>1.287743</speed><course>330.933911</course><hAcc>2.664298</hAcc><vAcc>-1.000000</vAcc></extensions></trkpt>
      <trkpt lon="-117.329122" lat="33.977177"><ele>0.000000</ele><time>2024-10-04T20:59:58Z</time><extensions><speed>1.266270</speed><course>327.987878</course><hAcc>2.839598</hAcc><vAcc>-1.000000</vAcc></extensions></trkpt>
      <trkpt lon="-117.329129" lat="33.977187"><ele>0.000000</ele><time>2024-10-04T20:59:59Z</time><extensions><speed>1.233664</speed><course>325.377567</course><hAcc>3.004095</hAcc><vAcc>-1.000000</vAcc></extensions></trkpt>
      <trkpt lon="-117.329137" lat="33.977195"><ele>0.000000</ele><time>2024-10-04T21:00:00Z</time><extensions><speed>1.184108</speed><course>322.763444</course><hAcc>3.157408</hAcc><vAcc>-1.000000</vAcc></extensions></trkpt>
      <trkpt lon="-117.329145" lat="33.977203"><ele>0.000000</ele><time>2024-10-04T21:00:01Z</time><extensions><speed>1.130805</speed><course>318.322059</course><hAcc>3.297610</hAcc><vAcc>-1.000000</vAcc></extensions></trkpt>
      <trkpt lon="-117.329153" lat="33.977210"><ele>0.000000</ele><time>2024-10-04T21:00:02Z</time><extensions><speed>1.089283</speed><course>310.194143</course><hAcc>3.425988</hAcc><vAcc>-1.000000</vAcc></extensions></trkpt>
      <trkpt lon="-117.329163" lat="33.977216"><ele>0.000000</ele><time>2024-10-04T21:00:03Z</time><extensions><speed>1.072977</speed><course>299.285928</course><hAcc>3.544586</hAcc><vAcc>-1.000000</vAcc></extensions></trkpt>
      <trkpt lon="-117.329173" lat="33.977219"><ele>0.000000</ele><time>2024-10-04T21:00:04Z</time><extensions><speed>1.083236</speed><course>286.790949</course><hAcc>3.654884</hAcc><vAcc>-1.000000</vAcc></extensions></trkpt>
      <trkpt lon="-117.329185" lat="33.977221"><ele>0.000000</ele><time>2024-10-04T21:00:05Z</time><extensions><speed>1.128882</speed><course>275.251485</course><hAcc>3.757422</hAcc><vAcc>-1.000000</vAcc></extensions></trkpt>
      <trkpt lon="-117.329198" lat="33.977221"><ele>0.000000</ele><time>2024-10-04T21:00:06Z</time><extensions><speed>1.190982</speed><course>267.635648</course><hAcc>3.852534</hAcc><vAcc>-1.000000</vAcc></extensions></trkpt>
      <trkpt lon="-117.329211" lat="33.977220"><ele>0.000000</ele><time>2024-10-04T21:00:07Z</time><extensions><speed>1.252652</speed><course>262.892061</course><hAcc>3.939988</hAcc><vAcc>-1.000000</vAcc></extensions></trkpt>
      <trkpt lon="-117.329224" lat="33.977218"><ele>0.000000</ele><time>2024-10-04T21:00:08Z</time><extensions><speed>1.306304</speed><course>260.143652</course><hAcc>4.019776</hAcc><vAcc>-1.000000</vAcc></extensions></trkpt>
      <trkpt lon="-117.329238" lat="33.977216"><ele>0.000000</ele><time>2024-10-04T21:00:09Z</time><extensions><speed>1.341347</speed><course>258.718633</course><hAcc>4.092113</hAcc><vAcc>-1.000000</vAcc></extensions></trkpt>
      <trkpt lon="-117.329252" lat="33.977213"><ele>0.000000</ele><time>2024-10-04T21:00:10Z</time><extensions><speed>1.359073</speed><course>258.169406</course><hAcc>4.157343</hAcc><vAcc>-1.000000</vAcc></extensions></trkpt>
      <trkpt lon="-117.329267" lat="33.977211"><ele>0.000000</ele><time>2024-10-04T21:00:11Z</time><extensions><speed>1.361801</speed><course>258.179361</course><hAcc>4.215834</hAcc><vAcc>-1.000000</vAcc></extensions></trkpt>
      <trkpt lon="-117.329281" lat="33.977208"><ele>0.000000</ele><time>2024-10-04T21:00:12Z</time><extensions><speed>1.354176</speed><course>258.551279</course><hAcc>4.267949</hAcc><vAcc>-1.000000</vAcc></extensions></trkpt>
      <trkpt lon="-117.329295" lat="33.977206"><ele>0.000000</ele><time>2024-10-04T21:00:13Z</time><extensions><speed>1.341216</speed><course>259.146979</course><hAcc>4.314257</hAcc><vAcc>-1.000000</vAcc></extensions></trkpt>
      <trkpt lon="-117.329309" lat="33.977204"><ele>0.000000</ele><time>2024-10-04T21:00:14Z</time><extensions><speed>1.328667</speed><course>259.865719</course><hAcc>4.356280</hAcc><vAcc>-1.000000</vAcc></extensions></trkpt>
      <trkpt lon="-117.329323" lat="33.977202"><ele>0.000000</ele><time>2024-10-04T21:00:15Z</time><extensions><speed>1.320591</speed><course>260.623155</course><hAcc>4.398494</hAcc><vAcc>-1.000000</vAcc></extensions></trkpt>
      <trkpt lon="-117.329340" lat="33.977200"><ele>0.000000</ele><time>2024-10-04T21:00:16Z</time><extensions><speed>1.312176</speed><course>261.655492</course><hAcc>4.427120</hAcc><vAcc>-1.000000</vAcc></extensions></trkpt>
      <trkpt lon="-117.329354" lat="33.977198"><ele>0.000000</ele><time>2024-10-04T21:00:17Z</time><extensions><speed>1.325361</speed><course>262.651916</course><hAcc>4.432857</hAcc><vAcc>-1.000000</vAcc></extensions></trkpt>
      <trkpt lon="-117.329368" lat="33.977196"><ele>0.000000</ele><time>2024-10-04T21:00:18Z</time><extensions><speed>1.350335</speed><course>263.760069</course><hAcc>4.439291</hAcc><vAcc>-1.000000</vAcc></extensions></trkpt>
      <trkpt lon="-117.329383" lat="33.977195"><ele>0.000000</ele><time>2024-10-04T21:00:19Z</time><extensions><speed>1.359507</speed><course>264.808617</course><hAcc>4.442730</hAcc><vAcc>-1.000000</vAcc></extensions></trkpt>
      <trkpt lon="-117.329398" lat="33.977194"><ele>0.000000</ele><time>2024-10-04T21:00:20Z</time><extensions><speed>1.353652</speed><course>265.765073</course><hAcc>4.442418</hAcc><vAcc>-1.000000</vAcc></extensions></trkpt>
      <trkpt lon="-117.329412" lat="33.977193"><ele>0.000000</ele><time>2024-10-04T21:00:21Z</time><extensions><speed>1.334352</speed><course>266.610475</course><hAcc>4.438707</hAcc><vAcc>-1.000000</vAcc></extensions></trkpt>
      <trkpt lon="-117.329427" lat="33.977193"><ele>0.000000</ele><time>2024-10-04T21:00:22Z</time><extensions><speed>1.286891</speed><course>267.306776</course><hAcc>4.432420</hAcc><vAcc>-1.000000</vAcc></extensions></trkpt>
      <trkpt lon="-117.329439" lat="33.977192"><ele>0.000000</ele><time>2024-10-04T21:00:23Z</time><extensions><speed>1.214144</speed><course>267.920416</course><hAcc>4.424771</hAcc><vAcc>-1.000000</vAcc></extensions></trkpt>
      <trkpt lon="-117.329452" lat="33.977192"><ele>0.000000</ele><time>2024-10-04T21:00:24Z</time><extensions><speed>1.115772</speed><course>268.479168</course><hAcc>4.417457</hAcc><vAcc>-1.000000</vAcc></extensions></trkpt>
      <trkpt lon="-117.329463" lat="33.977192"><ele>0.000000</ele><time>2024-10-04T21:00:25Z</time><extensions><speed>1.003938</speed><course>269.041133</course><hAcc>4.412751</hAcc><vAcc>-1.000000</vAcc></extensions></trkpt>
      <trkpt lon="-117.329473" lat="33.977192"><ele>0.000000</ele><time>2024-10-04T21:00:26Z</time><extensions><speed>0.878584</speed><course>269.665991</course><hAcc>4.413487</hAcc><vAcc>-1.000000</vAcc></extensions></trkpt>
      <trkpt lon="-117.329481" lat="33.977192"><ele>0.000000</ele><time>2024-10-04T21:00:27Z</time><extensions><speed>0.739923</speed><course>270.439028</course><hAcc>4.422725</hAcc><vAcc>-1.000000</vAcc></extensions></trkpt>
      <trkpt lon="-117.329489" lat="33.977192"><ele>0.000000</ele><time>2024-10-04T21:00:28Z</time><extensions><speed>0.595449</speed><course>271.635368</course><hAcc>4.442955</hAcc><vAcc>-1.000000</vAcc></extensions></trkpt>
      <trkpt lon="-117.329495" lat="33.977192"><ele>0.000000</ele><time>2024-10-04T21:00:29Z</time><extensions><speed>0.534571</speed><course>273.015977</course><hAcc>4.475010</hAcc><vAcc>-1.000000</vAcc></extensions></trkpt>
      <trkpt lon="-117.329500" lat="33.977193"><ele>0.000000</ele><time>2024-10-04T21:00:30Z</time><extensions><speed>0.544810</speed><course>274.099814</course><hAcc>4.517694</hAcc><vAcc>-1.000000</vAcc></extensions></trkpt>
      <trkpt lon="-117.329506" lat="33.977193"><ele>0.000000</ele><time>2024-10-04T21:00:31Z</time><extensions><speed>0.617610</speed><course>274.573168</course><hAcc>4.568538</hAcc><vAcc>-1.000000</vAcc></extensions></trkpt>
      <trkpt lon="-117.329514" lat="33.977194"><ele>0.000000</ele><time>2024-10-04T21:00:32Z</time><extensions><speed>0.754823</speed><course>274.455726</course><hAcc>4.624823</hAcc><vAcc>-1.000000</vAcc></extensions></trkpt>
      <trkpt lon="-117.329523" lat="33.977194"><ele>0.000000</ele><time>2024-10-04T21:00:33Z</time><extensions><speed>0.963056</speed><course>273.959969</course><hAcc>4.684105</hAcc><vAcc>-1.000000</vAcc></extensions></trkpt>
      <trkpt lon="-117.329534" lat="33.977195"><ele>0.000000</ele><time>2024-10-04T21:00:34Z</time><extensions><speed>1.073614</speed><course>273.813859</course><hAcc>4.744400</hAcc><vAcc>-1.000000</vAcc></extensions></trkpt>
      <trkpt lon="-117.329546" lat="33.977196"><ele>0.000000</ele><time>2024-10-04T21:00:35Z</time><extensions><speed>1.146080</speed><course>273.682211</course><hAcc>4.804233</hAcc><vAcc>-1.000000</vAcc></extensions></trkpt>
      <trkpt lon="-117.329559" lat="33.977196"><ele>0.000000</ele><time>2024-10-04T21:00:36Z</time><extensions><speed>1.215888</speed><course>273.457987</course><hAcc>4.862603</hAcc><vAcc>-1.000000</vAcc></extensions></trkpt>
      <trkpt lon="-117.329572" lat="33.977197"><ele>0.000000</ele><time>2024-10-04T21:00:37Z</time><extensions><speed>1.273335</speed><course>273.182475</course><hAcc>4.918901</hAcc><vAcc>-1.000000</vAcc></extensions></trkpt>
      <trkpt lon="-117.329586" lat="33.977198"><ele>0.000000</ele><time>2024-10-04T21:00:38Z</time><extensions><speed>1.304861</speed><course>272.887085</course><hAcc>4.972726</hAcc><vAcc>-1.000000</vAcc></extensions></trkpt>
      <trkpt lon="-117.329600" lat="33.977198"><ele>0.000000</ele><time>2024-10-04T21:00:39Z</time><extensions><speed>1.325274</speed><course>272.559829</course><hAcc>5.023928</hAcc><vAcc>-1.000000</vAcc></extensions></trkpt>
      <trkpt lon="-117.329614" lat="33.977199"><ele>0.000000</ele><time>2024-10-04T21:00:40Z</time><extensions><speed>1.346133</speed><course>272.223028</course><hAcc>5.072400</hAcc><vAcc>-1.000000</vAcc></extensions></trkpt>
      <trkpt lon="-117.329629" lat="33.977199"><ele>0.000000</ele><time>2024-10-04T21:00:41Z</time><extensions><speed>1.356782</speed><course>271.916254</course><hAcc>5.118120</hAcc><vAcc>-1.000000</vAcc></extensions></trkpt>
      <trkpt lon="-117.329643" lat="33.977200"><ele>0.000000</ele><time>2024-10-04T21:00:42Z</time><extensions><speed>1.365437</speed><course>271.638533</course><hAcc>5.161110</hAcc><vAcc>-1.000000</vAcc></extensions></trkpt>
      <trkpt lon="-117.329658" lat="33.977200"><ele>0.000000</ele><time>2024-10-04T21:00:43Z</time><extensions><speed>1.369718</speed><course>271.397113</course><hAcc>5.201439</hAcc><vAcc>-1.000000</vAcc></extensions></trkpt>
      <trkpt lon="-117.329674" lat="33.977200"><ele>0.000000</ele><time>2024-10-04T21:00:44Z</time><extensions><speed>1.371755</speed><course>271.190234</course><hAcc>5.239323</hAcc><vAcc>-1.000000</vAcc></extensions></trkpt>
      <trkpt lon="-117.329689" lat="33.977200"><ele>0.000000</ele><time>2024-10-04T21:00:45Z</time><extensions><speed>1.357989</speed><course>271.023297</course><hAcc>5.274919</hAcc><vAcc>-1.000000</vAcc></extensions></trkpt>
      <trkpt lon="-117.329703" lat="33.977201"><ele>0.000000</ele><time>2024-10-04T21:00:46Z</time><extensions><speed>1.331938</speed><course>270.887657</course><hAcc>5.308404</hAcc><vAcc>-1.000000</vAcc></extensions></trkpt>
      <trkpt lon="-117.329717" lat="33.977201"><ele>0.000000</ele><time>2024-10-04T21:00:47Z</time><extensions><speed>1.288509</speed><course>270.779969</course><hAcc>5.339846</hAcc><vAcc>-1.000000</vAcc></extensions></trkpt>
      <trkpt lon="-117.329730" lat="33.977201"><ele>0.000000</ele><time>2024-10-04T21:00:48Z</time><extensions><speed>1.256335</speed><course>270.685738</course><hAcc>5.369383</hAcc><vAcc>-1.000000</vAcc></extensions></trkpt>
      <trkpt lon="-117.329743" lat="33.977201"><ele>0.000000</ele><time>2024-10-04T21:00:49Z</time><extensions><speed>1.241425</speed><course>270.603399</course><hAcc>5.397146</hAcc><vAcc>-1.000000</vAcc></extensions></trkpt>
      <trkpt lon="-117.329756" lat="33.977201"><ele>0.000000</ele><time>2024-10-04T21:00:50Z</time><extensions><speed>1.221018</speed><course>270.537837</course><hAcc>5.423244</hAcc><vAcc>-1.000000</vAcc></extensions></trkpt>
      <trkpt lon="-117.329769" lat="33.977201"><ele>0.000000</ele><time>2024-10-04T21:00:51Z</time><extensions><speed>1.195453</speed><course>270.485776</course><hAcc>5.447774</hAcc><vAcc>-1.000000</vAcc></extensions></trkpt>
      <trkpt lon="-117.329782" lat="33.977201"><ele>0.000000</ele><time>2024-10-04T21:00:52Z</time><extensions><speed>1.141347</speed><course>270.447635</course><hAcc>5.470838</hAcc><vAcc>-1.000000</vAcc></extensions></trkpt>
      <trkpt lon="-117.329793" lat="33.977201"><ele>0.000000</ele><time>2024-10-04T21:00:53Z</time><extensions><speed>1.055986</speed><course>270.420129</course><hAcc>5.492464</hAcc><vAcc>-1.000000</vAcc></extensions></trkpt>
      <trkpt lon="-117.329804" lat="33.977201"><ele>0.000000</ele><time>2024-10-04T21:00:54Z</time><extensions><speed>0.928896</speed><course>270.402107</course><hAcc>5.512609</hAcc><vAcc>-1.000000</vAcc></extensions></trkpt>
      <trkpt lon="-117.329814" lat="33.977202"><ele>0.000000</ele><time>2024-10-04T21:00:55Z</time><extensions><speed>0.916148</speed><course>270.376175</course><hAcc>5.531139</hAcc><vAcc>-1.000000</vAcc></extensions></trkpt>
      <trkpt lon="-117.329825" lat="33.977202"><ele>0.000000</ele><time>2024-10-04T21:00:56Z</time><extensions><speed>0.995323</speed><course>270.350427</course><hAcc>5.547832</hAcc><vAcc>-1.000000</vAcc></extensions></trkpt>
      <trkpt lon="-117.329836" lat="33.977202"><ele>0.000000</ele><time>2024-10-04T21:00:57Z</time><extensions><speed>1.169890</speed><course>270.329708</course><hAcc>5.562517</hAcc><vAcc>-1.000000</vAcc></extensions></trkpt>
      <trkpt lon="-117.329849" lat="33.977202"><ele>0.000000</ele><time>2024-10-04T21:00:58Z</time><extensions><speed>1.279844</speed><course>270.318132</course><hAcc>5.575200</hAcc><vAcc>-1.000000</vAcc></extensions></trkpt>
      <trkpt lon="-117.329864" lat="33.977202"><ele>0.000000</ele><time>2024-10-04T21:00:59Z</time><extensions><speed>1.364655</speed><course>270.290975</course><hAcc>5.585911</hAcc><vAcc>-1.000000</vAcc></extensions></trkpt>
      <trkpt lon="-117.329879" lat="33.977202"><ele>0.000000</ele><time>2024-10-04T21:01:00Z</time><extensions><speed>1.430563</speed><course>270.248931</course><hAcc>5.594646</hAcc><vAcc>-1.000000</vAcc></extensions></trkpt>
      <trkpt lon="-117.329895" lat="33.977202"><ele>0.000000</ele><time>2024-10-04T21:01:01Z</time><extensions><speed>1.485626</speed><course>270.192641</course><hAcc>5.601454</hAcc><vAcc>-1.000000</vAcc></extensions></trkpt>
      <trkpt lon="-117.329911" lat="33.977202"><ele>0.000000</ele><time>2024-10-04T21:01:02Z</time><extensions><speed>1.525631</speed><course>270.118947</course><hAcc>5.606411</hAcc><vAcc>-1.000000</vAcc></extensions></trkpt>
      <trkpt lon="-117.329928" lat="33.977202"><ele>0.000000</ele><time>2024-10-04T21:01:03Z</time><extensions><speed>1.544175</speed><course>270.015530</course><hAcc>5.609591</hAcc><vAcc>-1.000000</vAcc></extensions></trkpt>
      <trkpt lon="-117.329945" lat="33.977202"><ele>0.000000</ele><time>2024-10-04T21:01:04Z</time><extensions><speed>1.557484</speed><course>269.898256</course><hAcc>5.611061</hAcc><vAcc>-1.000000</vAcc></extensions></trkpt>
      <trkpt lon="-117.329962" lat="33.977201"><ele>0.000000</ele><time>2024-10-04T21:01:05Z</time><extensions><speed>1.565629</speed><course>269.766411</course><hAcc>5.610852</hAcc><vAcc>-1.000000</vAcc></extensions></trkpt>
      <trkpt lon="-117.329980" lat="33.977200"><ele>0.000000</ele><time>2024-10-04T21:01:06Z</time><extensions><speed>1.582767</speed><course>269.276830</course><hAcc>5.608967</hAcc><vAcc>-1.000000</vAcc></extensions></trkpt>
      <trkpt lon="-117.329998" lat="33.977200"><ele>0.000000</ele><time>2024-10-04T21:01:07Z</time><extensions><speed>1.610544</speed><course>269.082928</course><hAcc>5.605463</hAcc><vAcc>-1.000000</vAcc></extensions></trkpt>
      <trkpt lon="-117.330016" lat="33.977199"><ele>0.000000</ele><time>2024-10-04T21:01:08Z</time><extensions><speed>1.643322</speed><course>269.219366</course><hAcc>5.600466</hAcc><vAcc>-1.000000</vAcc></extensions></trkpt>
      <trkpt lon="-117.330034" lat="33.977199"><ele>0.000000</ele><time>2024-10-04T21:01:09Z</time><extensions><speed>1.659462</speed><course>269.691466</course><hAcc>5.594368</hAcc><vAcc>-1.000000</vAcc></extensions></trkpt>
      <trkpt lon="-117.330053" lat="33.977199"><ele>0.000000</ele><time>2024-10-04T21:01:10Z</time><extensions><speed>1.662138</speed><course>270.577751</course><hAcc>5.587347</hAcc><vAcc>-1.000000</vAcc></extensions></trkpt>
      <trkpt lon="-117.330071" lat="33.977199"><ele>0.000000</ele><time>2024-10-04T21:01:11Z</time><extensions><speed>1.657431</speed><course>272.084133</course><hAcc>5.579601</hAcc><vAcc>-1.000000</vAcc></extensions></trkpt>
      <trkpt lon="-117.330089" lat="33.977200"><ele>0.000000</ele><time>2024-10-04T21:01:12Z</time><extensions><speed>1.654915</speed><course>274.384307</course><hAcc>5.571254</hAcc><vAcc>-1.000000</vAcc></extensions></trkpt>
      <trkpt lon="-117.330107" lat="33.977202"><ele>0.000000</ele><time>2024-10-04T21:01:13Z</time><extensions><speed>1.637472</speed><course>277.779532</course><hAcc>5.562883</hAcc><vAcc>-1.000000</vAcc></extensions></trkpt>
      <trkpt lon="-117.330124" lat="33.977204"><ele>0.000000</ele><time>2024-10-04T21:01:14Z</time><extensions><speed>1.601932</speed><course>282.692759</course><hAcc>5.554730</hAcc><vAcc>-1.000000</vAcc></extensions></trkpt>
      <trkpt lon="-117.330140" lat="33.977210"><ele>0.000000</ele><time>2024-10-04T21:01:15Z</time><extensions><speed>1.548269</speed><course>290.548268</course><hAcc>5.546981</hAcc><vAcc>-1.000000</vAcc></extensions></trkpt>
      <trkpt lon="-117.330154" lat="33.977216"><ele>0.000000</ele><time>2024-10-04T21:01:16Z</time><extensions><speed>1.517713</speed><course>301.412759</course><hAcc>5.540109</hAcc><vAcc>-1.000000</vAcc></extensions></trkpt>
      <trkpt lon="-117.330166" lat="33.977225"><ele>0.000000</ele><time>2024-10-04T21:01:17Z</time><extensions><speed>1.523301</speed><course>309.658281</course><hAcc>5.534723</hAcc><vAcc>-1.000000</vAcc></extensions></trkpt>
      <trkpt lon="-117.330178" lat="33.977235"><ele>0.000000</ele><time>2024-10-04T21:01:18Z</time><extensions><speed>1.536346</speed><course>315.618780</course><hAcc>5.531054</hAcc><vAcc>-1.000000</vAcc></extensions></trkpt>
      <trkpt lon="-117.330189" lat="33.977246"><ele>0.000000</ele><time>2024-10-04T21:01:19Z</time><extensions><speed>1.550317</speed><course>319.619183</course><hAcc>5.528924</hAcc><vAcc>-1.000000</vAcc></extensions></trkpt>
      <trkpt lon="-117.330200" lat="33.977257"><ele>0.000000</ele><time>2024-10-04T21:01:20Z</time><extensions><speed>1.562035</speed><course>322.185102</course><hAcc>5.527654</hAcc><vAcc>-1.000000</vAcc></extensions></trkpt>
      <trkpt lon="-117.330210" lat="33.977268"><ele>0.000000</ele><time>2024-10-04T21:01:21Z</time><extensions><speed>1.547474</speed><course>323.329560</course><hAcc>5.526260</hAcc><vAcc>-1.000000</vAcc></extensions></trkpt>
      <trkpt lon="-117.330220" lat="33.977280"><ele>0.000000</ele><time>2024-10-04T21:01:22Z</time><extensions><speed>1.501906</speed><course>323.162867</course><hAcc>5.523676</hAcc><vAcc>-1.000000</vAcc></extensions></trkpt>
      <trkpt lon="-117.330230" lat="33.977290"><ele>0.000000</ele><time>2024-10-04T21:01:23Z</time><extensions><speed>1.439787</speed><course>321.369507</course><hAcc>5.518988</hAcc><vAcc>-1.000000</vAcc></extensions></trkpt>
      <trkpt lon="-117.330239" lat="33.977300"><ele>0.000000</ele><time>2024-10-04T21:01:24Z</time><extensions><speed>1.356700</speed><course>317.282320</course><hAcc>5.511500</hAcc><vAcc>-1.000000</vAcc></extensions></trkpt>
      <trkpt lon="-117.330249" lat="33.977308"><ele>0.000000</ele><time>2024-10-04T21:01:25Z</time><extensions><speed>1.273517</speed><course>309.481735</course><hAcc>5.500985</hAcc><vAcc>-1.000000</vAcc></extensions></trkpt>
      <trkpt lon="-117.330259" lat="33.977314"><ele>0.000000</ele><time>2024-10-04T21:01:26Z</time><extensions><speed>1.228537</speed><course>303.975973</course><hAcc>5.487760</hAcc><vAcc>-1.000000</vAcc></extensions></trkpt>
      <trkpt lon="-117.330270" lat="33.977320"><ele>0.000000</ele><time>2024-10-04T21:01:27Z</time><extensions><speed>1.189098</speed><course>300.958972</course><hAcc>5.472396</hAcc><vAcc>-1.000000</vAcc></extensions></trkpt>
      <trkpt lon="-117.330281" lat="33.977326"><ele>0.000000</ele><time>2024-10-04T21:01:28Z</time><extensions><speed>1.135228</speed><course>300.732769</course><hAcc>5.455411</hAcc><vAcc>-1.000000</vAcc></extensions></trkpt>
      <trkpt lon="-117.330291" lat="33.977331"><ele>0.000000</ele><time>2024-10-04T21:01:29Z</time><extensions><speed>1.065429</speed><course>303.718786</course><hAcc>5.437158</hAcc><vAcc>-1.000000</vAcc></extensions></trkpt>
      <trkpt lon="-117.330300" lat="33.977336"><ele>0.000000</ele><time>2024-10-04T21:01:30Z</time><extensions><speed>0.979845</speed><course>305.815305</course><hAcc>5.417977</hAcc><vAcc>-1.000000</vAcc></extensions></trkpt>
      <trkpt lon="-117.330308" lat="33.977341"><ele>0.000000</ele><time>2024-10-04T21:01:31Z</time><extensions><speed>0.867171</speed><course>306.968681</course><hAcc>5.398163</hAcc><vAcc>-1.000000</vAcc></extensions></trkpt>
      <trkpt lon="-117.330316" lat="33.977346"><ele>0.000000</ele><time>2024-10-04T21:01:32Z</time><extensions><speed>0.879049</speed><course>307.717919</course><hAcc>5.377656</hAcc><vAcc>-1.000000</vAcc></extensions></trkpt>
      <trkpt lon="-117.330324" lat="33.977351"><ele>0.000000</ele><time>2024-10-04T21:01:33Z</time><extensions><speed>0.973527</speed><course>307.688629</course><hAcc>5.356480</hAcc><vAcc>-1.000000</vAcc></extensions></trkpt>
      <trkpt lon="-117.330333" lat="33.977357"><ele>0.000000</ele><time>2024-10-04T21:01:34Z</time><extensions><speed>1.159367</speed><course>307.581660</course><hAcc>5.334318</hAcc><vAcc>-1.000000</vAcc></extensions></trkpt>
      <trkpt lon="-117.330344" lat="33.977364"><ele>0.000000</ele><time>2024-10-04T21:01:35Z</time><extensions><speed>1.249424</speed><course>307.488886</course><hAcc>5.311352</hAcc><vAcc>-1.000000</vAcc></extensions></trkpt>
      <trkpt lon="-117.330354" lat="33.977371"><ele>0.000000</ele><time>2024-10-04T21:01:36Z</time><extensions><speed>1.292178</speed><course>308.194112</course><hAcc>5.288312</hAcc><vAcc>-1.000000</vAcc></extensions></trkpt>
      <trkpt lon="-117.330365" lat="33.977378"><ele>0.000000</ele><time>2024-10-04T21:01:37Z</time><extensions><speed>1.306726</speed><course>309.993474</course><hAcc>5.265700</hAcc><vAcc>-1.000000</vAcc></extensions></trkpt>
      <trkpt lon="-117.330376" lat="33.977385"><ele>0.000000</ele><time>2024-10-04T21:01:38Z</time><extensions><speed>1.298003</speed><course>312.485334</course><hAcc>5.244098</hAcc><vAcc>-1.000000</vAcc></extensions></trkpt>
      <trkpt lon="-117.330386" lat="33.977393"><ele>0.000000</ele><time>2024-10-04T21:01:39Z</time><extensions><speed>1.274698</speed><course>316.041797</course><hAcc>5.224053</hAcc><vAcc>-1.000000</vAcc></extensions></trkpt>
      <trkpt lon="-117.330395" lat="33.977402"><ele>0.000000</ele><time>2024-10-04T21:01:40Z</time><extensions><speed>1.241136</speed><course>321.174513</course><hAcc>5.205880</hAcc><vAcc>-1.000000</vAcc></extensions></trkpt>
      <trkpt lon="-117.330403" lat="33.977411"><ele>0.000000</ele><time>2024-10-04T21:01:41Z</time><extensions><speed>1.215560</speed><course>327.046036</course><hAcc>5.189565</hAcc><vAcc>-1.000000</vAcc></extensions></trkpt>
      <trkpt lon="-117.330410" lat="33.977420"><ele>0.000000</ele><time>2024-10-04T21:01:42Z</time><extensions><speed>1.181616</speed><course>331.703855</course><hAcc>5.174757</hAcc><vAcc>-1.000000</vAcc></extensions></trkpt>
      <trkpt lon="-117.330415" lat="33.977429"><ele>0.000000</ele><time>2024-10-04T21:01:43Z</time><extensions><speed>1.134409</speed><course>335.971519</course><hAcc>5.160968</hAcc><vAcc>-1.000000</vAcc></extensions></trkpt>
      <trkpt lon="-117.330420" lat="33.977438"><ele>0.000000</ele><time>2024-10-04T21:01:44Z</time><extensions><speed>1.047674</speed><course>338.456689</course><hAcc>5.147915</hAcc><vAcc>-1.000000</vAcc></extensions></trkpt>
      <trkpt lon="-117.330424" lat="33.977447"><ele>0.000000</ele><time>2024-10-04T21:01:45Z</time><extensions><speed>1.090809</speed><course>340.858678</course><hAcc>5.135581</hAcc><vAcc>-1.000000</vAcc></extensions></trkpt>
      <trkpt lon="-117.330428" lat="33.977457"><ele>0.000000</ele><time>2024-10-04T21:01:46Z</time><extensions><speed>1.238311</speed><course>343.472572</course><hAcc>5.124026</hAcc><vAcc>-1.000000</vAcc></extensions></trkpt>
      <trkpt lon="-117.330432" lat="33.977469"><ele>0.000000</ele><time>2024-10-04T21:01:47Z</time><extensions><speed>1.320801</speed><course>346.130142</course><hAcc>5.113134</hAcc><vAcc>-1.000000</vAcc></extensions></trkpt>
      <trkpt lon="-117.330435" lat="33.977480"><ele>0.000000</ele><time>2024-10-04T21:01:48Z</time><extensions><speed>1.372525</speed><course>349.457282</course><hAcc>5.102636</hAcc><vAcc>-1.000000</vAcc></extensions></trkpt>
      <trkpt lon="-117.330438" lat="33.977493"><ele>0.000000</ele><time>2024-10-04T21:01:49Z</time><extensions><speed>1.405618</speed><course>351.582904</course><hAcc>5.092175</hAcc><vAcc>-1.000000</vAcc></extensions></trkpt>
      <trkpt lon="-117.330440" lat="33.977505"><ele>0.000000</ele><time>2024-10-04T21:01:50Z</time><extensions><speed>1.421605</speed><course>352.940582</course><hAcc>5.081341</hAcc><vAcc>-1.000000</vAcc></extensions></trkpt>
      <trkpt lon="-117.330442" lat="33.977518"><ele>0.000000</ele><time>2024-10-04T21:01:51Z</time><extensions><speed>1.422408</speed><course>353.796458</course><hAcc>5.069693</hAcc><vAcc>-1.000000</vAcc></extensions></trkpt>
      <trkpt lon="-117.330444" lat="33.977531"><ele>0.000000</ele><time>2024-10-04T21:01:52Z</time><extensions><speed>1.422946</speed><course>354.352176</course><hAcc>5.056839</hAcc><vAcc>-1.000000</vAcc></extensions></trkpt>
      <trkpt lon="-117.330445" lat="33.977543"><ele>0.000000</ele><time>2024-10-04T21:01:53Z</time><extensions><speed>1.424588</speed><course>354.709642</course><hAcc>5.042453</hAcc><vAcc>-1.000000</vAcc></extensions></trkpt>
      <trkpt lon="-117.330447" lat="33.977556"><ele>0.000000</ele><time>2024-10-04T21:01:54Z</time><extensions><speed>1.422739</speed><course>354.914077</course><hAcc>5.026283</hAcc><vAcc>-1.000000</vAcc></extensions></trkpt>
      <trkpt lon="-117.330448" lat="33.977569"><ele>0.000000</ele><time>2024-10-04T21:01:55Z</time><extensions><speed>1.422405</speed><course>355.030484</course><hAcc>5.008142</hAcc><vAcc>-1.000000</vAcc></extensions></trkpt>
      <trkpt lon="-117.330450" lat="33.977581"><ele>0.000000</ele><time>2024-10-04T21:01:56Z</time><extensions><speed>1.418303</speed><course>355.041118</course><hAcc>4.987867</hAcc><vAcc>-1.000000</vAcc></extensions></trkpt>
      <trkpt lon="-117.330452" lat="33.977594"><ele>0.000000</ele><time>2024-10-04T21:01:57Z</time><extensions><speed>1.412527</speed><course>354.929956</course><hAcc>4.965271</hAcc><vAcc>-1.000000</vAcc></extensions></trkpt>
      <trkpt lon="-117.330453" lat="33.977607"><ele>0.000000</ele><time>2024-10-04T21:01:58Z</time><extensions><speed>1.411122</speed><course>354.739986</course><hAcc>4.940190</hAcc><vAcc>-1.000000</vAcc></extensions></trkpt>
      <trkpt lon="-117.330455" lat="33.977620"><ele>0.000000</ele><time>2024-10-04T21:01:59Z</time><extensions><speed>1.421854</speed><course>354.591284</course><hAcc>4.912406</hAcc><vAcc>-1.000000</vAcc></extensions></trkpt>
      <trkpt lon="-117.330456" lat="33.977632"><ele>0.000000</ele><time>2024-10-04T21:02:00Z</time><extensions><speed>1.444056</speed><course>354.523615</course><hAcc>4.881668</hAcc><vAcc>-1.000000</vAcc></extensions></trkpt>
      <trkpt lon="-117.330458" lat="33.977645"><ele>0.000000</ele><time>2024-10-04T21:02:01Z</time><extensions><speed>1.479122</speed><course>354.465060</course><hAcc>4.847784</hAcc><vAcc>-1.000000</vAcc></extensions></trkpt>
      <trkpt lon="-117.330460" lat="33.977659"><ele>0.000000</ele><time>2024-10-04T21:02:02Z</time><extensions><speed>1.505571</speed><course>354.392349</course><hAcc>4.810611</hAcc><vAcc>-1.000000</vAcc></extensions></trkpt>
      <trkpt lon="-117.330461" lat="33.977672"><ele>0.000000</ele><time>2024-10-04T21:02:03Z</time><extensions><speed>1.521011</speed><course>354.330034</course><hAcc>4.770042</hAcc><vAcc>-1.000000</vAcc></extensions></trkpt>
      <trkpt lon="-117.330463" lat="33.977686"><ele>0.000000</ele><time>2024-10-04T21:02:04Z</time><extensions><speed>1.531608</speed><course>354.352863</course><hAcc>4.726020</hAcc><vAcc>-1.000000</vAcc></extensions></trkpt>
      <trkpt lon="-117.330465" lat="33.977700"><ele>0.000000</ele><time>2024-10-04T21:02:05Z</time><extensions><speed>1.531684</speed><course>354.450830</course><hAcc>4.678493</hAcc><vAcc>-1.000000</vAcc></extensions></trkpt>
      <trkpt lon="-117.330466" lat="33.977713"><ele>0.000000</ele><time>2024-10-04T21:02:06Z</time><extensions><speed>1.516758</speed><course>354.645070</course><hAcc>4.627345</hAcc><vAcc>-1.000000</vAcc></extensions></trkpt>
      <trkpt lon="-117.330468" lat="33.977727"><ele>0.000000</ele><time>2024-10-04T21:02:07Z</time><extensions><speed>1.499707</speed><course>354.965838</course><hAcc>4.572423</hAcc><vAcc>-1.000000</vAcc></extensions></trkpt>
      <trkpt lon="-117.330469" lat="33.977740"><ele>0.000000</ele><time>2024-10-04T21:02:08Z</time><extensions><speed>1.472986</speed><course>355.382523</course><hAcc>4.513474</hAcc><vAcc>-1.000000</vAcc></extensions></trkpt>
      <trkpt lon="-117.330470" lat="33.977753"><ele>0.000000</ele><time>2024-10-04T21:02:09Z</time><extensions><speed>1.476264</speed><course>355.977833</course><hAcc>4.450134</hAcc><vAcc>-1.000000</vAcc></extensions></trkpt>
      <trkpt lon="-117.330471" lat="33.977767"><ele>0.000000</ele><time>2024-10-04T21:02:10Z</time><extensions><speed>1.505642</speed><course>356.571269</course><hAcc>4.381976</hAcc><vAcc>-1.000000</vAcc></extensions></trkpt>
      <trkpt lon="-117.330472" lat="33.977780"><ele>0.000000</ele><time>2024-10-04T21:02:11Z</time><extensions><speed>1.521967</speed><course>357.076806</course><hAcc>4.308561</hAcc><vAcc>-1.000000</vAcc></extensions></trkpt>
      <trkpt lon="-117.330473" lat="33.977794"><ele>0.000000</ele><time>2024-10-04T21:02:12Z</time><extensions><speed>1.512102</speed><course>357.487445</course><hAcc>4.229395</hAcc><vAcc>-1.000000</vAcc></extensions></trkpt>
      <trkpt lon="-117.330474" lat="33.977807"><ele>0.000000</ele><time>2024-10-04T21:02:13Z</time><extensions><speed>1.491956</speed><course>357.884238</course><hAcc>4.143855</hAcc><vAcc>-1.000000</vAcc></extensions></trkpt>
      <trkpt lon="-117.330474" lat="33.977820"><ele>0.000000</ele><time>2024-10-04T21:02:14Z</time><extensions><speed>1.454558</speed><course>358.286870</course><hAcc>4.051072</hAcc><vAcc>-1.000000</vAcc></extensions></trkpt>
      <trkpt lon="-117.330475" lat="33.977833"><ele>0.000000</ele><time>2024-10-04T21:02:15Z</time><extensions><speed>1.424791</speed><course>358.673287</course><hAcc>3.949980</hAcc><vAcc>-1.000000</vAcc></extensions></trkpt>
      <trkpt lon="-117.330475" lat="33.977846"><ele>0.000000</ele><time>2024-10-04T21:02:16Z</time><extensions><speed>1.408399</speed><course>358.944866</course><hAcc>3.839625</hAcc><vAcc>-1.000000</vAcc></extensions></trkpt>
      <trkpt lon="-117.330475" lat="33.977858"><ele>0.000000</ele><time>2024-10-04T21:02:17Z</time><extensions><speed>1.376203</speed><course>358.977459</course><hAcc>3.718908</hAcc><vAcc>-1.000000</vAcc></extensions></trkpt>
      <trkpt lon="-117.330476" lat="33.977871"><ele>0.000000</ele><time>2024-10-04T21:02:18Z</time><extensions><speed>1.341415</speed><course>358.705750</course><hAcc>3.586708</hAcc><vAcc>-1.000000</vAcc></extensions></trkpt>
      <trkpt lon="-117.330476" lat="33.977883"><ele>0.000000</ele><time>2024-10-04T21:02:19Z</time><extensions><speed>1.330238</speed><course>358.141612</course><hAcc>3.442279</hAcc><vAcc>-1.000000</vAcc></extensions></trkpt>
      <trkpt lon="-117.330477" lat="33.977895"><ele>0.000000</ele><time>2024-10-04T21:02:20Z</time><extensions><speed>1.349389</speed><course>357.479785</course><hAcc>3.286111</hAcc><vAcc>-1.000000</vAcc></extensions></trkpt>
      <trkpt lon="-117.330477" lat="33.977907"><ele>0.000000</ele><time>2024-10-04T21:02:21Z</time><extensions><speed>1.363688</speed><course>356.936652</course><hAcc>3.121759</hAcc><vAcc>-1.000000</vAcc></extensions></trkpt>
      <trkpt lon="-117.330478" lat="33.977919"><ele>0.000000</ele><time>2024-10-04T21:02:22Z</time><extensions><speed>1.379518</speed><course>356.760821</course><hAcc>2.958866</hAcc><vAcc>-1.000000</vAcc></extensions></trkpt>
      <trkpt lon="-117.330479" lat="33.977932"><ele>0.000000</ele><time>2024-10-04T21:02:23Z</time><extensions><speed>1.399339</speed><course>357.050510</course><hAcc>2.816570</hAcc><vAcc>-1.000000</vAcc></extensions></trkpt>
      <trkpt lon="-117.330480" lat="33.977944"><ele>0.000000</ele><time>2024-10-04T21:02:24Z</time><extensions><speed>1.413666</speed><course>357.630237</course><hAcc>2.723268</hAcc><vAcc>-1.000000</vAcc></extensions></trkpt>
      <trkpt lon="-117.330480" lat="33.977957"><ele>0.000000</ele><time>2024-10-04T21:02:25Z</time><extensions><speed>1.398171</speed><course>358.244772</course><hAcc>2.704890</hAcc><vAcc>-1.000000</vAcc></extensions></trkpt>
      <trkpt lon="-117.330481" lat="33.977969"><ele>0.000000</ele><time>2024-10-04T21:02:26Z</time><extensions><speed>1.393993</speed><course>358.821801</course><hAcc>2.765751</hAcc><vAcc>-1.000000</vAcc></extensions></trkpt>
      <trkpt lon="-117.330481" lat="33.977982"><ele>0.000000</ele><time>2024-10-04T21:02:27Z</time><extensions><speed>1.371510</speed><course>359.268006</course><hAcc>2.885518</hAcc><vAcc>-1.000000</vAcc></extensions></trkpt>
      <trkpt lon="-117.330481" lat="33.977994"><ele>0.000000</ele><time>2024-10-04T21:02:28Z</time><extensions><speed>1.370197</speed><course>359.608897</course><hAcc>3.036408</hAcc><vAcc>-1.000000</vAcc></extensions></trkpt>
      <trkpt lon="-117.330481" lat="33.978006"><ele>0.000000</ele><time>2024-10-04T21:02:29Z</time><extensions><speed>1.397577</speed><course>359.850464</course><hAcc>3.197241</hAcc><vAcc>-1.000000</vAcc></extensions></trkpt>
      <trkpt lon="-117.330481" lat="33.978019"><ele>0.000000</ele><time>2024-10-04T21:02:30Z</time><extensions><speed>1.430470</speed><course>0.005479</course><hAcc>3.355579</hAcc><vAcc>-1.000000</vAcc></extensions></trkpt>
      <trkpt lon="-117.330481" lat="33.978032"><ele>0.000000</ele><time>2024-10-04T21:02:31Z</time><extensions><speed>1.458249</speed><course>0.098744</course><hAcc>3.505238</hAcc><vAcc>-1.000000</vAcc></extensions></trkpt>
      <trkpt lon="-117.330481" lat="33.978045"><ele>0.000000</ele><time>2024-10-04T21:02:32Z</time><extensions><speed>1.483409</speed><course>0.151355</course><hAcc>3.643815</hAcc><vAcc>-1.000000</vAcc></extensions></trkpt>
      <trkpt lon="-117.330481" lat="33.978059"><ele>0.000000</ele><time>2024-10-04T21:02:33Z</time><extensions><speed>1.504121</speed><course>0.177991</course><hAcc>3.770954</hAcc><vAcc>-1.000000</vAcc></extensions></trkpt>
      <trkpt lon="-117.330481" lat="33.978072"><ele>0.000000</ele><time>2024-10-04T21:02:34Z</time><extensions><speed>1.525369</speed><course>0.188536</course><hAcc>3.887276</hAcc><vAcc>-1.000000</vAcc></extensions></trkpt>
      <trkpt lon="-117.330481" lat="33.978086"><ele>0.000000</ele><time>2024-10-04T21:02:35Z</time><extensions><speed>1.544617</speed><course>0.189707</course><hAcc>3.993754</hAcc><vAcc>-1.000000</vAcc></extensions></trkpt>
      <trkpt lon="-117.330481" lat="33.978100"><ele>0.000000</ele><time>2024-10-04T21:02:36Z</time><extensions><speed>1.561860</speed><course>0.185829</course><hAcc>4.091404</hAcc><vAcc>-1.000000</vAcc></extensions></trkpt>
      <trkpt lon="-117.330481" lat="33.978114"><ele>0.000000</ele><time>2024-10-04T21:02:37Z</time><extensions><speed>1.572675</speed><course>0.179730</course><hAcc>4.181146</hAcc><vAcc>-1.000000</vAcc></extensions></trkpt>
      <trkpt lon="-117.330481" lat="33.978128"><ele>0.000000</ele><time>2024-10-04T21:02:38Z</time><extensions><speed>1.577046</speed><course>0.172972</course><hAcc>4.263763</hAcc><vAcc>-1.000000</vAcc></extensions></trkpt>
      <trkpt lon="-117.330481" lat="33.978142"><ele>0.000000</ele><time>2024-10-04T21:02:39Z</time><extensions><speed>1.564357</speed><course>0.166623</course><hAcc>4.339905</hAcc><vAcc>-1.000000</vAcc></extensions></trkpt>
      <trkpt lon="-117.330481" lat="33.978156"><ele>0.000000</ele><time>2024-10-04T21:02:40Z</time><extensions><speed>1.542522</speed><course>0.160867</course><hAcc>4.410149</hAcc><vAcc>-1.000000</vAcc></extensions></trkpt>
      <trkpt lon="-117.330481" lat="33.978170"><ele>0.000000</ele><time>2024-10-04T21:02:41Z</time><extensions><speed>1.516782</speed><course>0.155795</course><hAcc>4.475010</hAcc><vAcc>-1.000000</vAcc></extensions></trkpt>
      <trkpt lon="-117.330481" lat="33.978184"><ele>0.000000</ele><time>2024-10-04T21:02:42Z</time><extensions><speed>1.490637</speed><course>0.151434</course><hAcc>4.534970</hAcc><vAcc>-1.000000</vAcc></extensions></trkpt>
      <trkpt lon="-117.330480" lat="33.978197"><ele>0.000000</ele><time>2024-10-04T21:02:43Z</time><extensions><speed>1.466460</speed><course>0.147765</course><hAcc>4.590456</hAcc><vAcc>-1.000000</vAcc></extensions></trkpt>
      <trkpt lon="-117.330480" lat="33.978210"><ele>0.000000</ele><time>2024-10-04T21:02:44Z</time><extensions><speed>1.456140</speed><course>0.144673</course><hAcc>4.641877</hAcc><vAcc>-1.000000</vAcc></extensions></trkpt>
      <trkpt lon="-117.330480" lat="33.978223"><ele>0.000000</ele><time>2024-10-04T21:02:45Z</time><extensions><speed>1.434070</speed><course>0.142277</course><hAcc>4.689569</hAcc><vAcc>-1.000000</vAcc></extensions></trkpt>
      <trkpt lon="-117.330480" lat="33.978236"><ele>0.000000</ele><time>2024-10-04T21:02:46Z</time><extensions><speed>1.419988</speed><course>0.140359</course><hAcc>4.733895</hAcc><vAcc>-1.000000</vAcc></extensions></trkpt>
      <trkpt lon="-117.330480" lat="33.978249"><ele>0.000000</ele><time>2024-10-04T21:02:47Z</time><extensions><speed>1.417862</speed><course>0.138824</course><hAcc>4.775366</hAcc><vAcc>-1.000000</vAcc></extensions></trkpt>
      <trkpt lon="-117.330480" lat="33.978261"><ele>0.000000</ele><time>2024-10-04T21:02:48Z</time><extensions><speed>1.403893</speed><course>0.137682</course><hAcc>4.814098</hAcc><vAcc>-1.000000</vAcc></extensions></trkpt>
      <trkpt lon="-117.330480" lat="33.978273"><ele>0.000000</ele><time>2024-10-04T21:02:49Z</time><extensions><speed>1.375563</speed><course>0.136834</course><hAcc>4.850238</hAcc><vAcc>-1.000000</vAcc></extensions></trkpt>
      <trkpt lon="-117.330480" lat="33.978285"><ele>0.000000</ele><time>2024-10-04T21:02:50Z</time><extensions><speed>1.347143</speed><course>0.136218</course><hAcc>4.883918</hAcc><vAcc>-1.000000</vAcc></extensions></trkpt>
      <trkpt lon="-117.330480" lat="33.978297"><ele>0.000000</ele><time>2024-10-04T21:02:51Z</time><extensions><speed>1.320511</speed><course>0.135761</course><hAcc>4.915272</hAcc><vAcc>-1.000000</vAcc></extensions></trkpt>
      <trkpt lon="-117.330480" lat="33.978309"><ele>0.000000</ele><time>2024-10-04T21:02:52Z</time><extensions><speed>1.295572</speed><course>0.135429</course><hAcc>4.944441</hAcc><vAcc>-1.000000</vAcc></extensions></trkpt>
      <trkpt lon="-117.330480" lat="33.978320"><ele>0.000000</ele><time>2024-10-04T21:02:53Z</time><extensions><speed>1.277645</speed><course>0.135193</course><hAcc>4.971605</hAcc><vAcc>-1.000000</vAcc></extensions></trkpt>
      <trkpt lon="-117.330480" lat="33.978331"><ele>0.000000</ele><time>2024-10-04T21:02:54Z</time><extensions><speed>1.267658</speed><course>0.135035</course><hAcc>4.996946</hAcc><vAcc>-1.000000</vAcc></extensions></trkpt>
      <trkpt lon="-117.330480" lat="33.978343"><ele>0.000000</ele><time>2024-10-04T21:02:55Z</time><extensions><speed>1.255662</speed><course>0.134939</course><hAcc>5.020588</hAcc><vAcc>-1.000000</vAcc></extensions></trkpt>
      <trkpt lon="-117.330480" lat="33.978354"><ele>0.000000</ele><time>2024-10-04T21:02:56Z</time><extensions><speed>1.249159</speed><course>0.134897</course><hAcc>5.042499</hAcc><vAcc>-1.000000</vAcc></extensions></trkpt>
      <trkpt lon="-117.330480" lat="33.978365"><ele>0.000000</ele><time>2024-10-04T21:02:57Z</time><extensions><speed>1.243651</speed><course>0.134902</course><hAcc>5.062364</hAcc><vAcc>-1.000000</vAcc></extensions></trkpt>
      <trkpt lon="-117.330480" lat="33.978377"><ele>0.000000</ele><time>2024-10-04T21:02:58Z</time><extensions><speed>1.307893</speed><course>0.134950</course><hAcc>5.079699</hAcc><vAcc>-1.000000</vAcc></extensions></trkpt>
      <trkpt lon="-117.330480" lat="33.978389"><ele>0.000000</ele><time>2024-10-04T21:02:59Z</time><extensions><speed>1.385582</speed><course>0.135006</course><hAcc>5.094125</hAcc><vAcc>-1.000000</vAcc></extensions></trkpt>
      <trkpt lon="-117.330480" lat="33.978401"><ele>0.000000</ele><time>2024-10-04T21:03:00Z</time><extensions><speed>1.443461</speed><course>0.135048</course><hAcc>5.105491</hAcc><vAcc>-1.000000</vAcc></extensions></trkpt>
      <trkpt lon="-117.330480" lat="33.978414"><ele>0.000000</ele><time>2024-10-04T21:03:01Z</time><extensions><speed>1.486169</speed><course>0.135072</course><hAcc>5.113809</hAcc><vAcc>-1.000000</vAcc></extensions></trkpt>
      <trkpt lon="-117.330480" lat="33.978428"><ele>0.000000</ele><time>2024-10-04T21:03:02Z</time><extensions><speed>1.511463</speed><course>0.135085</course><hAcc>5.119162</hAcc><vAcc>-1.000000</vAcc></extensions></trkpt>
      <trkpt lon="-117.330480" lat="33.978442"><ele>0.000000</ele><time>2024-10-04T21:03:03Z</time><extensions><speed>1.534228</speed><course>0.135091</course><hAcc>5.121639</hAcc><vAcc>-1.000000</vAcc></extensions></trkpt>
      <trkpt lon="-117.330480" lat="33.978455"><ele>0.000000</ele><time>2024-10-04T21:03:04Z</time><extensions><speed>1.553307</speed><course>0.135093</course><hAcc>5.121320</hAcc><vAcc>-1.000000</vAcc></extensions></trkpt>
      <trkpt lon="-117.330480" lat="33.978469"><ele>0.000000</ele><time>2024-10-04T21:03:05Z</time><extensions><speed>1.564921</speed><course>0.135092</course><hAcc>5.118267</hAcc><vAcc>-1.000000</vAcc></extensions></trkpt>
      <trkpt lon="-117.330480" lat="33.978483"><ele>0.000000</ele><time>2024-10-04T21:03:06Z</time><extensions><speed>1.561863</speed><course>0.135090</course><hAcc>5.112513</hAcc><vAcc>-1.000000</vAcc></extensions></trkpt>
      <trkpt lon="-117.330480" lat="33.978497"><ele>0.000000</ele><time>2024-10-04T21:03:07Z</time><extensions><speed>1.556207</speed><course>0.135086</course><hAcc>5.104096</hAcc><vAcc>-1.000000</vAcc></extensions></trkpt>
      <trkpt lon="-117.330480" lat="33.978511"><ele>0.000000</ele><time>2024-10-04T21:03:08Z</time><extensions><speed>1.561640</speed><course>0.135083</course><hAcc>5.093054</hAcc><vAcc>-1.000000</vAcc></extensions></trkpt>
      <trkpt lon="-117.330481" lat="33.978526"><ele>0.000000</ele><time>2024-10-04T21:03:09Z</time><extensions><speed>1.574389</speed><course>358.705132</course><hAcc>5.079418</hAcc><vAcc>-1.000000</vAcc></extensions></trkpt>
      <trkpt lon="-117.330483" lat="33.978540"><ele>0.000000</ele><time>2024-10-04T21:03:10Z</time><extensions><speed>1.588819</speed><course>357.187105</course><hAcc>5.063217</hAcc><vAcc>-1.000000</vAcc></extensions></trkpt>
      <trkpt lon="-117.330485" lat="33.978554"><ele>0.000000</ele><time>2024-10-04T21:03:11Z</time><extensions><speed>1.606211</speed><course>355.528603</course><hAcc>5.044457</hAcc><vAcc>-1.000000</vAcc></extensions></trkpt>
      <trkpt lon="-117.330487" lat="33.978569"><ele>0.000000</ele><time>2024-10-04T21:03:12Z</time><extensions><speed>1.619705</speed><course>353.705576</course><hAcc>5.023129</hAcc><vAcc>-1.000000</vAcc></extensions></trkpt>
      <trkpt lon="-117.330490" lat="33.978583"><ele>0.000000</ele><time>2024-10-04T21:03:13Z</time><extensions><speed>1.628251</speed><course>351.690530</course><hAcc>4.999231</hAcc><vAcc>-1.000000</vAcc></extensions></trkpt>
      <trkpt lon="-117.330493" lat="33.978598"><ele>0.000000</ele><time>2024-10-04T21:03:14Z</time><extensions><speed>1.638448</speed><course>349.516306</course><hAcc>4.972868</hAcc><vAcc>-1.000000</vAcc></extensions></trkpt>
      <trkpt lon="-117.330497" lat="33.978612"><ele>0.000000</ele><time>2024-10-04T21:03:15Z</time><extensions><speed>1.651118</speed><course>347.100530</course><hAcc>4.944136</hAcc><vAcc>-1.000000</vAcc></extensions></trkpt>
      <trkpt lon="-117.330502" lat="33.978627"><ele>0.000000</ele><time>2024-10-04T21:03:16Z</time><extensions><speed>1.664098</speed><course>344.443765</course><hAcc>4.913076</hAcc><vAcc>-1.000000</vAcc></extensions></trkpt>
      <trkpt lon="-117.330508" lat="33.978642"><ele>0.000000</ele><time>2024-10-04T21:03:17Z</time><extensions><speed>1.684532</speed><course>341.691921</course><hAcc>4.879923</hAcc><vAcc>-1.000000</vAcc></extensions></trkpt>
      <trkpt lon="-117.330514" lat="33.978656"><ele>0.000000</ele><time>2024-10-04T21:03:18Z</time><extensions><speed>1.689312</speed><course>339.154249</course><hAcc>4.844936</hAcc><vAcc>-1.000000</vAcc></extensions></trkpt>
      <trkpt lon="-117.330521" lat="33.978670"><ele>0.000000</ele><time>2024-10-04T21:03:19Z</time><extensions><speed>1.678861</speed><course>337.055859</course><hAcc>4.808504</hAcc><vAcc>-1.000000</vAcc></extensions></trkpt>
      <trkpt lon="-117.330528" lat="33.978683"><ele>0.000000</ele><time>2024-10-04T21:03:20Z</time><extensions><speed>1.640964</speed><course>335.564998</course><hAcc>4.771111</hAcc><vAcc>-1.000000</vAcc></extensions></trkpt>
      <trkpt lon="-117.330536" lat="33.978697"><ele>0.000000</ele><time>2024-10-04T21:03:21Z</time><extensions><speed>1.594530</speed><course>334.158300</course><hAcc>4.733465</hAcc><vAcc>-1.000000</vAcc></extensions></trkpt>
      <trkpt lon="-117.330543" lat="33.978709"><ele>0.000000</ele><time>2024-10-04T21:03:22Z</time><extensions><speed>1.522690</speed><course>332.530166</course><hAcc>4.696330</hAcc><vAcc>-1.000000</vAcc></extensions></trkpt>
      <trkpt lon="-117.330551" lat="33.978721"><ele>0.000000</ele><time>2024-10-04T21:03:23Z</time><extensions><speed>1.428799</speed><course>330.231937</course><hAcc>4.660459</hAcc><vAcc>-1.000000</vAcc></extensions></trkpt>
      <trkpt lon="-117.330558" lat="33.978731"><ele>0.000000</ele><time>2024-10-04T21:03:24Z</time><extensions><speed>1.298775</speed><course>327.051450</course><hAcc>4.626217</hAcc><vAcc>-1.000000</vAcc></extensions></trkpt>
      <trkpt lon="-117.330566" lat="33.978740"><ele>0.000000</ele><time>2024-10-04T21:03:25Z</time><extensions><speed>1.140821</speed><course>324.161909</course><hAcc>4.593607</hAcc><vAcc>-1.000000</vAcc></extensions></trkpt>
      <trkpt lon="-117.330573" lat="33.978747"><ele>0.000000</ele><time>2024-10-04T21:03:26Z</time><extensions><speed>0.955225</speed><course>322.318672</course><hAcc>4.562195</hAcc><vAcc>-1.000000</vAcc></extensions></trkpt>
      <trkpt lon="-117.330578" lat="33.978753"><ele>0.000000</ele><time>2024-10-04T21:03:27Z</time><extensions><speed>0.756303</speed><course>320.919667</course><hAcc>4.531172</hAcc><vAcc>-1.000000</vAcc></extensions></trkpt>
      <trkpt lon="-117.330583" lat="33.978758"><ele>0.000000</ele><time>2024-10-04T21:03:28Z</time><extensions><speed>0.678846</speed><course>320.436787</course><hAcc>4.499533</hAcc><vAcc>-1.000000</vAcc></extensions></trkpt>
      <trkpt lon="-117.330587" lat="33.978763"><ele>0.000000</ele><time>2024-10-04T21:03:29Z</time><extensions><speed>0.668989</speed><course>321.384194</course><hAcc>4.466048</hAcc><vAcc>-1.000000</vAcc></extensions></trkpt>
      <trkpt lon="-117.330592" lat="33.978768"><ele>0.000000</ele><time>2024-10-04T21:03:30Z</time><extensions><speed>0.722865</speed><course>323.360350</course><hAcc>4.429482</hAcc><vAcc>-1.000000</vAcc></extensions></trkpt>
      <trkpt lon="-117.330596" lat="33.978774"><ele>0.000000</ele><time>2024-10-04T21:03:31Z</time><extensions><speed>0.668356</speed><course>327.536205</course><hAcc>4.388653</hAcc><vAcc>-1.000000</vAcc></extensions></trkpt>
      <trkpt lon="-117.330599" lat="33.978779"><ele>0.000000</ele><time>2024-10-04T21:03:32Z</time><extensions><speed>0.717122</speed><course>330.465724</course><hAcc>4.342466</hAcc><vAcc>-1.000000</vAcc></extensions></trkpt>
      <trkpt lon="-117.330603" lat="33.978785"><ele>0.000000</ele><time>2024-10-04T21:03:33Z</time><extensions><speed>0.825792</speed><course>332.673218</course><hAcc>4.290226</hAcc><vAcc>-1.000000</vAcc></extensions></trkpt>
      <trkpt lon="-117.330608" lat="33.978792"><ele>0.000000</ele><time>2024-10-04T21:03:34Z</time><extensions><speed>0.996727</speed><course>333.817178</course><hAcc>4.232103</hAcc><vAcc>-1.000000</vAcc></extensions></trkpt>
      <trkpt lon="-117.330613" lat="33.978801"><ele>0.000000</ele><time>2024-10-04T21:03:35Z</time><extensions><speed>1.061308</speed><course>332.997494</course><hAcc>4.169516</hAcc><vAcc>-1.000000</vAcc></extensions></trkpt>
      <trkpt lon="-117.330618" lat="33.978809"><ele>0.000000</ele><time>2024-10-04T21:03:36Z</time><extensions><speed>1.081463</speed><course>327.892752</course><hAcc>4.104903</hAcc><vAcc>-1.000000</vAcc></extensions></trkpt>
      <trkpt lon="-117.330625" lat="33.978816"><ele>0.000000</ele><time>2024-10-04T21:03:37Z</time><extensions><speed>1.060416</speed><course>318.727823</course><hAcc>4.040938</hAcc><vAcc>-1.000000</vAcc></extensions></trkpt>
      <trkpt lon="-117.330633" lat="33.978823"><ele>0.000000</ele><time>2024-10-04T21:03:38Z</time><extensions><speed>1.035488</speed><course>305.280069</course><hAcc>3.979431</hAcc><vAcc>-1.000000</vAcc></extensions></trkpt>
      <trkpt lon="-117.330643" lat="33.978827"><ele>0.000000</ele><time>2024-10-04T21:03:39Z</time><extensions><speed>1.048511</speed><course>291.571574</course><hAcc>3.920399</hAcc><vAcc>-1.000000</vAcc></extensions></trkpt>
      <trkpt lon="-117.330654" lat="33.978830"><ele>0.000000</ele><time>2024-10-04T21:03:40Z</time><extensions><speed>1.104912</speed><course>279.581048</course><hAcc>3.862024</hAcc><vAcc>-1.000000</vAcc></extensions></trkpt>
      <trkpt lon="-117.330666" lat="33.978830"><ele>0.000000</ele><time>2024-10-04T21:03:41Z</time><extensions><speed>1.182369</speed><course>271.139796</course><hAcc>3.801329</hAcc><vAcc>-1.000000</vAcc></extensions></trkpt>
      <trkpt lon="-117.330679" lat="33.978830"><ele>0.000000</ele><time>2024-10-04T21:03:42Z</time><extensions><speed>1.252877</speed><course>266.456184</course><hAcc>3.734894</hAcc><vAcc>-1.000000</vAcc></extensions></trkpt>
      <trkpt lon="-117.330693" lat="33.978829"><ele>0.000000</ele><time>2024-10-04T21:03:43Z</time><extensions><speed>1.323769</speed><course>264.554563</course><hAcc>3.660065</hAcc><vAcc>-1.000000</vAcc></extensions></trkpt>
      <trkpt lon="-117.330708" lat="33.978828"><ele>0.000000</ele><time>2024-10-04T21:03:44Z</time><extensions><speed>1.374395</speed><course>264.445109</course><hAcc>3.574254</hAcc><vAcc>-1.000000</vAcc></extensions></trkpt>
      <trkpt lon="-117.330723" lat="33.978827"><ele>0.000000</ele><time>2024-10-04T21:03:45Z</time><extensions><speed>1.409495</speed><course>265.370816</course><hAcc>3.475337</hAcc><vAcc>-1.000000</vAcc></extensions></trkpt>
      <trkpt lon="-117.330738" lat="33.978826"><ele>0.000000</ele><time>2024-10-04T21:03:46Z</time><extensions><speed>1.442586</speed><course>266.787577</course><hAcc>3.361112</hAcc><vAcc>-1.000000</vAcc></extensions></trkpt>
      <trkpt lon="-117.330754" lat="33.978826"><ele>0.000000</ele><time>2024-10-04T21:03:47Z</time><extensions><speed>1.465733</speed><course>268.303012</course><hAcc>3.230902</hAcc><vAcc>-1.000000</vAcc></extensions></trkpt>
      <trkpt lon="-117.330769" lat="33.978826"><ele>0.000000</ele><time>2024-10-04T21:03:48Z</time><extensions><speed>1.476493</speed><course>269.670410</course><hAcc>3.086403</hAcc><vAcc>-1.000000</vAcc></extensions></trkpt>
      <trkpt lon="-117.330785" lat="33.978825"><ele>0.000000</ele><time>2024-10-04T21:03:49Z</time><extensions><speed>1.495090</speed><course>269.832278</course><hAcc>2.931113</hAcc><vAcc>-1.000000</vAcc></extensions></trkpt>
      <trkpt lon="-117.330802" lat="33.978824"><ele>0.000000</ele><time>2024-10-04T21:03:50Z</time><extensions><speed>1.526991</speed><course>270.045054</course><hAcc>2.771813</hAcc><vAcc>-1.000000</vAcc></extensions></trkpt>
      <trkpt lon="-117.330817" lat="33.978824"><ele>0.000000</ele><time>2024-10-04T21:03:51Z</time><extensions><speed>1.564418</speed><course>270.149591</course><hAcc>2.645071</hAcc><vAcc>-1.000000</vAcc></extensions></trkpt>
      <trkpt lon="-117.330836" lat="33.978824"><ele>0.000000</ele><time>2024-10-04T21:03:52Z</time><extensions><speed>1.605503</speed><course>270.632017</course><hAcc>2.516689</hAcc><vAcc>-1.000000</vAcc></extensions></trkpt>
      <trkpt lon="-117.330853" lat="33.978825"><ele>0.000000</ele><time>2024-10-04T21:03:53Z</time><extensions><speed>1.619572</speed><course>271.679126</course><hAcc>2.404028</hAcc><vAcc>-1.000000</vAcc></extensions></trkpt>
      <trkpt lon="-117.330869" lat="33.978825"><ele>0.000000</ele><time>2024-10-04T21:03:54Z</time><extensions><speed>1.632956</speed><course>273.592707</course><hAcc>2.331035</hAcc><vAcc>-1.000000</vAcc></extensions></trkpt>
      <trkpt lon="-117.330888" lat="33.978827"><ele>0.000000</ele><time>2024-10-04T21:03:55Z</time><extensions><speed>1.654834</speed><course>278.888525</course><hAcc>2.269366</hAcc><vAcc>-1.000000</vAcc></extensions></trkpt>
      <trkpt lon="-117.330906" lat="33.978830"><ele>0.000000</ele><time>2024-10-04T21:03:56Z</time><extensions><speed>1.681290</speed><course>286.788860</course><hAcc>2.209360</hAcc><vAcc>-1.000000</vAcc></extensions></trkpt>
      <trkpt lon="-117.330922" lat="33.978835"><ele>0.000000</ele><time>2024-10-04T21:03:57Z</time><extensions><speed>1.752839</speed><course>296.555403</course><hAcc>2.172139</hAcc><vAcc>-1.000000</vAcc></extensions></trkpt>
      <trkpt lon="-117.330939" lat="33.978845"><ele>0.000000</ele><time>2024-10-04T21:03:58Z</time><extensions><speed>1.936096</speed><course>310.122345</course><hAcc>2.147802</hAcc><vAcc>-1.000000</vAcc></extensions></trkpt>
      <trkpt lon="-117.330955" lat="33.978858"><ele>0.000000</ele><time>2024-10-04T21:03:59Z</time><extensions><speed>2.089150</speed><course>321.137846</course><hAcc>2.128452</hAcc><vAcc>-1.000000</vAcc></extensions></trkpt>
      <trkpt lon="-117.330967" lat="33.978873"><ele>0.000000</ele><time>2024-10-04T21:04:00Z</time><extensions><speed>2.121012</speed><course>325.911594</course><hAcc>2.130429</hAcc><vAcc>-1.000000</vAcc></extensions></trkpt>
      <trkpt lon="-117.330981" lat="33.978889"><ele>0.000000</ele><time>2024-10-04T21:04:01Z</time><extensions><speed>2.147158</speed><course>327.085707</course><hAcc>2.141578</hAcc><vAcc>-1.000000</vAcc></extensions></trkpt>
      <trkpt lon="-117.330994" lat="33.978905"><ele>0.000000</ele><time>2024-10-04T21:04:02Z</time><extensions><speed>2.160578</speed><course>324.980084</course><hAcc>2.140356</hAcc><vAcc>-1.000000</vAcc></extensions></trkpt>
      <trkpt lon="-117.331007" lat="33.978920"><ele>0.000000</ele><time>2024-10-04T21:04:03Z</time><extensions><speed>2.186551</speed><course>322.930257</course><hAcc>2.141667</hAcc><vAcc>-1.000000</vAcc></extensions></trkpt>
      <trkpt lon="-117.331022" lat="33.978937"><ele>0.000000</ele><time>2024-10-04T21:04:04Z</time><extensions><speed>2.177367</speed><course>323.860381</course><hAcc>2.142356</hAcc><vAcc>-1.000000</vAcc></extensions></trkpt>
      <trkpt lon="-117.331035" lat="33.978953"><ele>0.000000</ele><time>2024-10-04T21:04:05Z</time><extensions><speed>2.085774</speed><course>328.236365</course><hAcc>2.133926</hAcc><vAcc>-1.000000</vAcc></extensions></trkpt>
      <trkpt lon="-117.331045" lat="33.978969"><ele>0.000000</ele><time>2024-10-04T21:04:06Z</time><extensions><speed>2.031865</speed><course>335.124316</course><hAcc>2.132471</hAcc><vAcc>-1.000000</vAcc></extensions></trkpt>
      <trkpt lon="-117.331053" lat="33.978986"><ele>0.000000</ele><time>2024-10-04T21:04:07Z</time><extensions><speed>2.037818</speed><course>339.776898</course><hAcc>2.135720</hAcc><vAcc>-1.000000</vAcc></extensions></trkpt>
      <trkpt lon="-117.331060" lat="33.979003"><ele>0.000000</ele><time>2024-10-04T21:04:08Z</time><extensions><speed>2.004151</speed><course>343.370753</course><hAcc>2.132022</hAcc><vAcc>-1.000000</vAcc></extensions></trkpt>
      <trkpt lon="-117.331066" lat="33.979020"><ele>0.000000</ele><time>2024-10-04T21:04:09Z</time><extensions><speed>1.951424</speed><course>347.687922</course><hAcc>2.132452</hAcc><vAcc>-1.000000</vAcc></extensions></trkpt>
      <trkpt lon="-117.331069" lat="33.979037"><ele>0.000000</ele><time>2024-10-04T21:04:10Z</time><extensions><speed>1.910257</speed><course>352.683543</course><hAcc>2.138966</hAcc><vAcc>-1.000000</vAcc></extensions></trkpt>
      <trkpt lon="-117.331071" lat="33.979054"><ele>0.000000</ele><time>2024-10-04T21:04:11Z</time><extensions><speed>1.840543</speed><course>356.193342</course><hAcc>2.140061</hAcc><vAcc>-1.000000</vAcc></extensions></trkpt>
      <trkpt lon="-117.331072" lat="33.979070"><ele>0.000000</ele><time>2024-10-04T21:04:12Z</time><extensions><speed>1.760227</speed><course>359.313662</course><hAcc>2.141227</hAcc><vAcc>-1.000000</vAcc></extensions></trkpt>
      <trkpt lon="-117.331072" lat="33.979085"><ele>0.000000</ele><time>2024-10-04T21:04:13Z</time><extensions><speed>1.650085</speed><course>1.357447</course><hAcc>2.149776</hAcc><vAcc>-1.000000</vAcc></extensions></trkpt>
      <trkpt lon="-117.331071" lat="33.979099"><ele>0.000000</ele><time>2024-10-04T21:04:13Z</time><extensions><speed>1.359481</speed><course>1.832513</course><hAcc>2.157970</hAcc><vAcc>-1.000000</vAcc></extensions></trkpt>
      <trkpt lon="-117.331071" lat="33.979110"><ele>0.000000</ele><time>2024-10-04T21:04:14Z</time><extensions><speed>1.035005</speed><course>0.674461</course><hAcc>2.161605</hAcc><vAcc>-1.000000</vAcc></extensions></trkpt>
      <trkpt lon="-117.331071" lat="33.979119"><ele>0.000000</ele><time>2024-10-04T21:04:15Z</time><extensions><speed>0.919595</speed><course>354.356935</course><hAcc>2.161588</hAcc><vAcc>-1.000000</vAcc></extensions></trkpt>
      <trkpt lon="-117.331073" lat="33.979127"><ele>0.000000</ele><time>2024-10-04T21:04:16Z</time><extensions><speed>1.058489</speed><course>350.163026</course><hAcc>2.159524</hAcc><vAcc>-1.000000</vAcc></extensions></trkpt>
      <trkpt lon="-117.331075" lat="33.979138"><ele>0.000000</ele><time>2024-10-04T21:04:17Z</time><extensions><speed>1.423755</speed><course>348.643056</course><hAcc>2.166698</hAcc><vAcc>-1.000000</vAcc></extensions></trkpt>
      <trkpt lon="-117.331079" lat="33.979153"><ele>0.000000</ele><time>2024-10-04T21:04:18Z</time><extensions><speed>1.929460</speed><course>348.182028</course><hAcc>2.191596</hAcc><vAcc>-1.000000</vAcc></extensions></trkpt>
      <trkpt lon="-117.331083" lat="33.979171"><ele>0.000000</ele><time>2024-10-04T21:04:19Z</time><extensions><speed>2.086057</speed><course>347.754177</course><hAcc>2.220047</hAcc><vAcc>-1.000000</vAcc></extensions></trkpt>
      <trkpt lon="-117.331088" lat="33.979189"><ele>0.000000</ele><time>2024-10-04T21:04:20Z</time><extensions><speed>2.148961</speed><course>346.552144</course><hAcc>2.235687</hAcc><vAcc>-1.000000</vAcc></extensions></trkpt>
      <trkpt lon="-117.331094" lat="33.979208"><ele>0.000000</ele><time>2024-10-04T21:04:21Z</time><extensions><speed>2.159795</speed><course>343.243437</course><hAcc>2.236039</hAcc><vAcc>-1.000000</vAcc></extensions></trkpt>
      <trkpt lon="-117.331102" lat="33.979226"><ele>0.000000</ele><time>2024-10-04T21:04:22Z</time><extensions><speed>2.051233</speed><course>339.250865</course><hAcc>2.224820</hAcc><vAcc>-1.000000</vAcc></extensions></trkpt>
      <trkpt lon="-117.331110" lat="33.979243"><ele>0.000000</ele><time>2024-10-04T21:04:23Z</time><extensions><speed>1.973163</speed><course>334.133358</course><hAcc>2.207971</hAcc><vAcc>-1.000000</vAcc></extensions></trkpt>
      <trkpt lon="-117.331120" lat="33.979258"><ele>0.000000</ele><time>2024-10-04T21:04:24Z</time><extensions><speed>1.910934</speed><course>329.121055</course><hAcc>2.192850</hAcc><vAcc>-1.000000</vAcc></extensions></trkpt>
      <trkpt lon="-117.331131" lat="33.979272"><ele>0.000000</ele><time>2024-10-04T21:04:25Z</time><extensions><speed>1.823108</speed><course>327.437913</course><hAcc>2.182478</hAcc><vAcc>-1.000000</vAcc></extensions></trkpt>
      <trkpt lon="-117.331141" lat="33.979286"><ele>0.000000</ele><time>2024-10-04T21:04:26Z</time><extensions><speed>1.779122</speed><course>325.245848</course><hAcc>2.176196</hAcc><vAcc>-1.000000</vAcc></extensions></trkpt>
      <trkpt lon="-117.331153" lat="33.979298"><ele>0.000000</ele><time>2024-10-04T21:04:27Z</time><extensions><speed>1.762842</speed><course>321.363881</course><hAcc>2.173956</hAcc><vAcc>-1.000000</vAcc></extensions></trkpt>
      <trkpt lon="-117.331165" lat="33.979310"><ele>0.000000</ele><time>2024-10-04T21:04:28Z</time><extensions><speed>1.700179</speed><course>316.992849</course><hAcc>2.171465</hAcc><vAcc>-1.000000</vAcc></extensions></trkpt>
      <trkpt lon="-117.331178" lat="33.979321"><ele>0.000000</ele><time>2024-10-04T21:04:29Z</time><extensions><speed>1.629906</speed><course>313.582281</course><hAcc>2.163115</hAcc><vAcc>-1.000000</vAcc></extensions></trkpt>
      <trkpt lon="-117.331190" lat="33.979330"><ele>0.000000</ele><time>2024-10-04T21:04:30Z</time><extensions><speed>1.556113</speed><course>310.688895</course><hAcc>2.149355</hAcc><vAcc>-1.000000</vAcc></extensions></trkpt>
      <trkpt lon="-117.331203" lat="33.979339"><ele>0.000000</ele><time>2024-10-04T21:04:31Z</time><extensions><speed>1.418434</speed><course>309.257403</course><hAcc>2.133931</hAcc><vAcc>-1.000000</vAcc></extensions></trkpt>
      <trkpt lon="-117.331214" lat="33.979347"><ele>0.000000</ele><time>2024-10-04T21:04:32Z</time><extensions><speed>1.283464</speed><course>308.217716</course><hAcc>2.122584</hAcc><vAcc>-1.000000</vAcc></extensions></trkpt>
      <trkpt lon="-117.331225" lat="33.979353"><ele>0.000000</ele><time>2024-10-04T21:04:33Z</time><extensions><speed>1.199762</speed><course>305.812115</course><hAcc>2.122299</hAcc><vAcc>-1.000000</vAcc></extensions></trkpt>
      <trkpt lon="-117.331236" lat="33.979360"><ele>0.000000</ele><time>2024-10-04T21:04:34Z</time><extensions><speed>1.338100</speed><course>305.443821</course><hAcc>2.133425</hAcc><vAcc>-1.000000</vAcc></extensions></trkpt>
      <trkpt lon="-117.331249" lat="33.979368"><ele>0.000000</ele><time>2024-10-04T21:04:35Z</time><extensions><speed>1.604855</speed><course>306.148925</course><hAcc>2.148733</hAcc><vAcc>-1.000000</vAcc></extensions></trkpt>
      <trkpt lon="-117.331263" lat="33.979377"><ele>0.000000</ele><time>2024-10-04T21:04:36Z</time><extensions><speed>1.733871</speed><course>306.315135</course><hAcc>2.158980</hAcc><vAcc>-1.000000</vAcc></extensions></trkpt>
      <trkpt lon="-117.331278" lat="33.979386"><ele>0.000000</ele><time>2024-10-04T21:04:37Z</time><extensions><speed>1.732860</speed><course>306.554501</course><hAcc>2.158578</hAcc><vAcc>-1.000000</vAcc></extensions></trkpt>
      <trkpt lon="-117.331293" lat="33.979395"><ele>0.000000</ele><time>2024-10-04T21:04:38Z</time><extensions><speed>1.699553</speed><course>306.720397</course><hAcc>2.148911</hAcc><vAcc>-1.000000</vAcc></extensions></trkpt>
      <trkpt lon="-117.331308" lat="33.979404"><ele>0.000000</ele><time>2024-10-04T21:04:39Z</time><extensions><speed>1.658737</speed><course>304.545027</course><hAcc>2.137787</hAcc><vAcc>-1.000000</vAcc></extensions></trkpt>
      <trkpt lon="-117.331323" lat="33.979412"><ele>0.000000</ele><time>2024-10-04T21:04:40Z</time><extensions><speed>1.585692</speed><course>298.025013</course><hAcc>2.130203</hAcc><vAcc>-1.000000</vAcc></extensions></trkpt>
      <trkpt lon="-117.331338" lat="33.979417"><ele>0.000000</ele><time>2024-10-04T21:04:41Z</time><extensions><speed>1.536012</speed><course>290.345848</course><hAcc>2.125722</hAcc><vAcc>-1.000000</vAcc></extensions></trkpt>
      <trkpt lon="-117.331354" lat="33.979421"><ele>0.000000</ele><time>2024-10-04T21:04:42Z</time><extensions><speed>1.522761</speed><course>283.210440</course><hAcc>2.126783</hAcc><vAcc>-1.000000</vAcc></extensions></trkpt>
      <trkpt lon="-117.331370" lat="33.979424"><ele>0.000000</ele><time>2024-10-04T21:04:43Z</time><extensions><speed>1.500233</speed><course>277.083751</course><hAcc>2.134256</hAcc><vAcc>-1.000000</vAcc></extensions></trkpt>
      <trkpt lon="-117.331386" lat="33.979425"><ele>0.000000</ele><time>2024-10-04T21:04:44Z</time><extensions><speed>1.497895</speed><course>272.327800</course><hAcc>2.143680</hAcc><vAcc>-1.000000</vAcc></extensions></trkpt>
      <trkpt lon="-117.331402" lat="33.979425"><ele>0.000000</ele><time>2024-10-04T21:04:45Z</time><extensions><speed>1.493785</speed><course>269.373972</course><hAcc>2.152301</hAcc><vAcc>-1.000000</vAcc></extensions></trkpt>
      <trkpt lon="-117.331418" lat="33.979425"><ele>0.000000</ele><time>2024-10-04T21:04:46Z</time><extensions><speed>1.456389</speed><course>267.885344</course><hAcc>2.158236</hAcc><vAcc>-1.000000</vAcc></extensions></trkpt>
      <trkpt lon="-117.331433" lat="33.979424"><ele>0.000000</ele><time>2024-10-04T21:04:47Z</time><extensions><speed>1.414795</speed><course>267.375250</course><hAcc>2.161117</hAcc><vAcc>-1.000000</vAcc></extensions></trkpt>
      <trkpt lon="-117.331448" lat="33.979424"><ele>0.000000</ele><time>2024-10-04T21:04:48Z</time><extensions><speed>1.366630</speed><course>267.406703</course><hAcc>2.165008</hAcc><vAcc>-1.000000</vAcc></extensions></trkpt>
      <trkpt lon="-117.331463" lat="33.979423"><ele>0.000000</ele><time>2024-10-04T21:04:49Z</time><extensions><speed>1.330467</speed><course>267.705661</course><hAcc>2.171170</hAcc><vAcc>-1.000000</vAcc></extensions></trkpt>
      <trkpt lon="-117.331477" lat="33.979423"><ele>0.000000</ele><time>2024-10-04T21:04:50Z</time><extensions><speed>1.299747</speed><course>268.069867</course><hAcc>2.178151</hAcc><vAcc>-1.000000</vAcc></extensions></trkpt>
      <trkpt lon="-117.331490" lat="33.979422"><ele>0.000000</ele><time>2024-10-04T21:04:51Z</time><extensions><speed>1.298892</speed><course>268.429068</course><hAcc>2.187109</hAcc><vAcc>-1.000000</vAcc></extensions></trkpt>
      <trkpt lon="-117.331505" lat="33.979422"><ele>0.000000</ele><time>2024-10-04T21:04:52Z</time><extensions><speed>1.328392</speed><course>268.719258</course><hAcc>2.196766</hAcc><vAcc>-1.000000</vAcc></extensions></trkpt>
      <trkpt lon="-117.331519" lat="33.979422"><ele>0.000000</ele><time>2024-10-04T21:04:53Z</time><extensions><speed>1.388607</speed><course>268.923631</course><hAcc>2.204652</hAcc><vAcc>-1.000000</vAcc></extensions></trkpt>
      <trkpt lon="-117.331535" lat="33.979422"><ele>0.000000</ele><time>2024-10-04T21:04:54Z</time><extensions><speed>1.505086</speed><course>269.070892</course><hAcc>2.212001</hAcc><vAcc>-1.000000</vAcc></extensions></trkpt>
      <trkpt lon="-117.331553" lat="33.979421"><ele>0.000000</ele><time>2024-10-04T21:04:55Z</time><extensions><speed>1.664302</speed><course>269.172438</course><hAcc>2.218325</hAcc><vAcc>-1.000000</vAcc></extensions></trkpt>
      <trkpt lon="-117.331572" lat="33.979421"><ele>0.000000</ele><time>2024-10-04T21:04:56Z</time><extensions><speed>1.880659</speed><course>269.259599</course><hAcc>2.220728</hAcc><vAcc>-1.000000</vAcc></extensions></trkpt>
      <trkpt lon="-117.331594" lat="33.979421"><ele>0.000000</ele><time>2024-10-04T21:04:57Z</time><extensions><speed>2.135914</speed><course>269.344993</course><hAcc>2.217426</hAcc><vAcc>-1.000000</vAcc></extensions></trkpt>
      <trkpt lon="-117.331618" lat="33.979421"><ele>0.000000</ele><time>2024-10-04T21:04:58Z</time><extensions><speed>2.363091</speed><course>269.425499</course><hAcc>2.203431</hAcc><vAcc>-1.000000</vAcc></extensions></trkpt>
      <trkpt lon="-117.331645" lat="33.979420"><ele>0.000000</ele><time>2024-10-04T21:04:59Z</time><extensions><speed>2.548205</speed><course>269.490910</course><hAcc>2.173681</hAcc><vAcc>-1.000000</vAcc></extensions></trkpt>
      <trkpt lon="-117.331673" lat="33.979420"><ele>0.000000</ele><time>2024-10-04T21:05:00Z</time><extensions><speed>2.637637</speed><course>269.560295</course><hAcc>2.132938</hAcc><vAcc>-1.000000</vAcc></extensions></trkpt>
      <trkpt lon="-117.331699" lat="33.979420"><ele>0.000000</ele><time>2024-10-04T21:05:01Z</time><extensions><speed>2.314911</speed><course>269.567885</course><hAcc>2.095160</hAcc><vAcc>-1.000000</vAcc></extensions></trkpt>
      <trkpt lon="-117.331721" lat="33.979420"><ele>0.000000</ele><time>2024-10-04T21:05:02Z</time><extensions><speed>1.709248</speed><course>269.514440</course><hAcc>2.075051</hAcc><vAcc>-1.000000</vAcc></extensions></trkpt>
      <trkpt lon="-117.331736" lat="33.979420"><ele>0.000000</ele><time>2024-10-04T21:05:03Z</time><extensions><speed>1.139346</speed><course>269.440896</course><hAcc>2.078958</hAcc><vAcc>-1.000000</vAcc></extensions></trkpt>
      <trkpt lon="-117.331746" lat="33.979420"><ele>0.000000</ele><time>2024-10-04T21:05:04Z</time><extensions><speed>0.636697</speed><course>269.285470</course><hAcc>2.100051</hAcc><vAcc>-1.000000</vAcc></extensions></trkpt>
      <trkpt lon="-117.331751" lat="33.979420"><ele>0.000000</ele><time>2024-10-04T21:05:05Z</time><extensions><speed>0.313311</speed><course>269.029224</course><hAcc>2.118701</hAcc><vAcc>-1.000000</vAcc></extensions></trkpt>
      <trkpt lon="-117.331753" lat="33.979420"><ele>0.000000</ele><time>2024-10-04T21:05:06Z</time><extensions><speed>0.121317</speed><course>268.387511</course><hAcc>2.130149</hAcc><vAcc>-1.000000</vAcc></extensions></trkpt>
      <trkpt lon="-117.331753" lat="33.979420"><ele>0.000000</ele><time>2024-10-04T21:05:07Z</time><extensions><speed>0.019599</speed><course>263.771889</course><hAcc>2.134567</hAcc><vAcc>-1.000000</vAcc></extensions></trkpt>
      <trkpt lon="-117.331753" lat="33.979420"><ele>0.000000</ele><time>2024-10-04T21:05:08Z</time><extensions><speed>0.014663</speed><course>95.531609</course><hAcc>2.131827</hAcc><vAcc>-1.000000</vAcc></extensions></trkpt>
      <trkpt lon="-117.331753" lat="33.979420"><ele>0.000000</ele><time>2024-10-04T21:05:09Z</time><extensions><speed>0.018603</speed><course>265.756686</course><hAcc>2.124994</hAcc><vAcc>-1.000000</vAcc></extensions></trkpt>
      <trkpt lon="-117.331754" lat="33.979420"><ele>0.000000</ele><time>2024-10-04T21:05:10Z</time><extensions><speed>0.090322</speed><course>268.650628</course><hAcc>2.113549</hAcc><vAcc>-1.000000</vAcc></extensions></trkpt>
      <trkpt lon="-117.331756" lat="33.979420"><ele>0.000000</ele><time>2024-10-04T21:05:11Z</time><extensions><speed>0.225361</speed><course>269.032532</course><hAcc>2.091551</hAcc><vAcc>-1.000000</vAcc></extensions></trkpt>
      <trkpt lon="-117.331759" lat="33.979419"><ele>0.000000</ele><time>2024-10-04T21:05:12Z</time><extensions><speed>0.453423</speed><course>269.154612</course><hAcc>2.056656</hAcc><vAcc>-1.000000</vAcc></extensions></trkpt>
      <trkpt lon="-117.331766" lat="33.979419"><ele>0.000000</ele><time>2024-10-04T21:05:13Z</time><extensions><speed>0.793636</speed><course>269.193766</course><hAcc>2.009233</hAcc><vAcc>-1.000000</vAcc></extensions></trkpt>
      <trkpt lon="-117.331777" lat="33.979419"><ele>0.000000</ele><time>2024-10-04T21:05:14Z</time><extensions><speed>1.295421</speed><course>269.244936</course><hAcc>1.958813</hAcc><vAcc>-1.000000</vAcc></extensions></trkpt>
      <trkpt lon="-117.331795" lat="33.979419"><ele>0.000000</ele><time>2024-10-04T21:05:15Z</time><extensions><speed>1.954864</speed><course>269.328053</course><hAcc>1.941571</hAcc><vAcc>-1.000000</vAcc></extensions></trkpt>
      <trkpt lon="-117.331819" lat="33.979419"><ele>0.000000</ele><time>2024-10-04T21:05:16Z</time><extensions><speed>2.559940</speed><course>269.421031</course><hAcc>1.981820</hAcc><vAcc>-1.000000</vAcc></extensions></trkpt>
      <trkpt lon="-117.331848" lat="33.979419"><ele>0.000000</ele><time>2024-10-04T21:05:17Z</time><extensions><speed>2.809945</speed><course>269.457355</course><hAcc>2.051094</hAcc><vAcc>-1.000000</vAcc></extensions></trkpt>
      <trkpt lon="-117.331879" lat="33.979418"><ele>0.000000</ele><time>2024-10-04T21:05:18Z</time><extensions><speed>2.782417</speed><course>269.581177</course><hAcc>2.115736</hAcc><vAcc>-1.000000</vAcc></extensions></trkpt>
      <trkpt lon="-117.331907" lat="33.979418"><ele>0.000000</ele><time>2024-10-04T21:05:19Z</time><extensions><speed>2.489005</speed><course>269.796524</course><hAcc>2.162782</hAcc><vAcc>-1.000000</vAcc></extensions></trkpt>
      <trkpt lon="-117.331933" lat="33.979418"><ele>0.000000</ele><time>2024-10-04T21:05:20Z</time><extensions><speed>2.235785</speed><course>270.148782</course><hAcc>2.191182</hAcc><vAcc>-1.000000</vAcc></extensions></trkpt>
      <trkpt lon="-117.331956" lat="33.979418"><ele>0.000000</ele><time>2024-10-04T21:05:21Z</time><extensions><speed>2.037655</speed><course>270.593550</course><hAcc>2.206728</hAcc><vAcc>-1.000000</vAcc></extensions></trkpt>
      <trkpt lon="-117.331977" lat="33.979419"><ele>0.000000</ele><time>2024-10-04T21:05:22Z</time><extensions><speed>1.851509</speed><course>271.028487</course><hAcc>2.212542</hAcc><vAcc>-1.000000</vAcc></extensions></trkpt>
      <trkpt lon="-117.331996" lat="33.979419"><ele>0.000000</ele><time>2024-10-04T21:05:23Z</time><extensions><speed>1.734212</speed><course>271.279724</course><hAcc>2.209252</hAcc><vAcc>-1.000000</vAcc></extensions></trkpt>
      <trkpt lon="-117.332014" lat="33.979419"><ele>0.000000</ele><time>2024-10-04T21:05:24Z</time><extensions><speed>1.619418</speed><course>271.189485</course><hAcc>2.201754</hAcc><vAcc>-1.000000</vAcc></extensions></trkpt>
      <trkpt lon="-117.332030" lat="33.979420"><ele>0.000000</ele><time>2024-10-04T21:05:25Z</time><extensions><speed>1.424711</speed><course>270.989538</course><hAcc>2.198245</hAcc><vAcc>-1.000000</vAcc></extensions></trkpt>
      <trkpt lon="-117.332044" lat="33.979420"><ele>0.000000</ele><time>2024-10-04T21:05:26Z</time><extensions><speed>1.188441</speed><course>271.248005</course><hAcc>2.207186</hAcc><vAcc>-1.000000</vAcc></extensions></trkpt>
      <trkpt lon="-117.332056" lat="33.979420"><ele>0.000000</ele><time>2024-10-04T21:05:27Z</time><extensions><speed>0.957674</speed><course>273.051622</course><hAcc>2.234129</hAcc><vAcc>-1.000000</vAcc></extensions></trkpt>
      <trkpt lon="-117.332066" lat="33.979421"><ele>0.000000</ele><time>2024-10-04T21:05:28Z</time><extensions><speed>0.910037</speed><course>273.619639</course><hAcc>2.269206</hAcc><vAcc>-1.000000</vAcc></extensions></trkpt>
      <trkpt lon="-117.332076" lat="33.979421"><ele>0.000000</ele><time>2024-10-04T21:05:29Z</time><extensions><speed>1.047872</speed><course>274.164929</course><hAcc>2.294601</hAcc><vAcc>-1.000000</vAcc></extensions></trkpt>
      <trkpt lon="-117.332089" lat="33.979422"><ele>0.000000</ele><time>2024-10-04T21:05:30Z</time><extensions><speed>1.321384</speed><course>274.422303</course><hAcc>2.298109</hAcc><vAcc>-1.000000</vAcc></extensions></trkpt>
      <trkpt lon="-117.332105" lat="33.979423"><ele>0.000000</ele><time>2024-10-04T21:05:31Z</time><extensions><speed>1.491583</speed><course>274.789898</course><hAcc>2.273741</hAcc><vAcc>-1.000000</vAcc></extensions></trkpt>
      <trkpt lon="-117.332121" lat="33.979424"><ele>0.000000</ele><time>2024-10-04T21:05:32Z</time><extensions><speed>1.513220</speed><course>275.327819</course><hAcc>2.213386</hAcc><vAcc>-1.000000</vAcc></extensions></trkpt>
      <trkpt lon="-117.332125" lat="33.979425"><ele>0.000000</ele><time>2024-10-04T21:05:33Z</time><extensions><speed>1.504598</speed><course>275.400454</course><hAcc>2.200126</hAcc><vAcc>-1.000000</vAcc></extensions></trkpt>
      <trkpt lon="-117.332142" lat="33.979426"><ele>0.000000</ele><time>2024-10-04T21:05:34Z</time><extensions><speed>1.558516</speed><course>275.958427</course><hAcc>2.187591</hAcc><vAcc>-1.000000</vAcc></extensions></trkpt>
      <trkpt lon="-117.332159" lat="33.979427"><ele>0.000000</ele><time>2024-10-04T21:05:35Z</time><extensions><speed>1.540978</speed><course>276.103560</course><hAcc>2.153474</hAcc><vAcc>-1.000000</vAcc></extensions></trkpt>
      <trkpt lon="-117.332175" lat="33.979429"><ele>0.000000</ele><time>2024-10-04T21:05:36Z</time><extensions><speed>1.427224</speed><course>275.866475</course><hAcc>2.119829</hAcc><vAcc>-1.000000</vAcc></extensions></trkpt>
      <trkpt lon="-117.332175" lat="33.979429"><ele>0.000000</ele><time>2024-10-04T21:05:36Z</time><extensions><speed>1.426500</speed><course>275.855775</course><hAcc>2.117222</hAcc><vAcc>-1.000000</vAcc></extensions></trkpt>
      <trkpt lon="-117.332190" lat="33.979430"><ele>0.000000</ele><time>2024-10-04T21:05:37Z</time><extensions><speed>1.438342</speed><course>275.396921</course><hAcc>2.090001</hAcc><vAcc>-1.000000</vAcc></extensions></trkpt>
      <trkpt lon="-117.332205" lat="33.979431"><ele>0.000000</ele><time>2024-10-04T21:05:38Z</time><extensions><speed>1.399696</speed><course>274.942061</course><hAcc>2.069542</hAcc><vAcc>-1.000000</vAcc></extensions></trkpt>
      <trkpt lon="-117.332220" lat="33.979432"><ele>0.000000</ele><time>2024-10-04T21:05:39Z</time><extensions><speed>1.320125</speed><course>274.627689</course><hAcc>2.056446</hAcc><vAcc>-1.000000</vAcc></extensions></trkpt>
      <trkpt lon="-117.332220" lat="33.979432"><ele>0.000000</ele><time>2024-10-04T21:05:39Z</time><extensions><speed>1.319509</speed><course>274.581395</course><hAcc>2.054859</hAcc><vAcc>-1.000000</vAcc></extensions></trkpt>
      <trkpt lon="-117.332235" lat="33.979433"><ele>0.000000</ele><time>2024-10-04T21:05:40Z</time><extensions><speed>1.381548</speed><course>274.680157</course><hAcc>2.051328</hAcc><vAcc>-1.000000</vAcc></extensions></trkpt>
      <trkpt lon="-117.332249" lat="33.979434"><ele>0.000000</ele><time>2024-10-04T21:05:41Z</time><extensions><speed>1.368244</speed><course>274.920851</course><hAcc>2.060116</hAcc><vAcc>-1.000000</vAcc></extensions></trkpt>
      <trkpt lon="-117.332264" lat="33.979435"><ele>0.000000</ele><time>2024-10-04T21:05:42Z</time><extensions><speed>1.286417</speed><course>275.801009</course><hAcc>2.087818</hAcc><vAcc>-1.000000</vAcc></extensions></trkpt>
      <trkpt lon="-117.332264" lat="33.979435"><ele>0.000000</ele><time>2024-10-04T21:05:42Z</time><extensions><speed>1.285553</speed><course>275.671667</course><hAcc>2.086105</hAcc><vAcc>-1.000000</vAcc></extensions></trkpt>
      <trkpt lon="-117.332278" lat="33.979436"><ele>0.000000</ele><time>2024-10-04T21:05:43Z</time><extensions><speed>1.325196</speed><course>277.759139</course><hAcc>2.136102</hAcc><vAcc>-1.000000</vAcc></extensions></trkpt>
      <trkpt lon="-117.332292" lat="33.979438"><ele>0.000000</ele><time>2024-10-04T21:05:44Z</time><extensions><speed>1.303397</speed><course>280.215400</course><hAcc>2.191916</hAcc><vAcc>-1.000000</vAcc></extensions></trkpt>
      <trkpt lon="-117.332305" lat="33.979440"><ele>0.000000</ele><time>2024-10-04T21:05:45Z</time><extensions><speed>1.232363</speed><course>284.248309</course><hAcc>2.222330</hAcc><vAcc>-1.000000</vAcc></extensions></trkpt>
      <trkpt lon="-117.332318" lat="33.979443"><ele>0.000000</ele><time>2024-10-04T21:05:46Z</time><extensions><speed>1.291767</speed><course>288.774815</course><hAcc>2.220216</hAcc><vAcc>-1.000000</vAcc></extensions></trkpt>
      <trkpt lon="-117.332332" lat="33.979448"><ele>0.000000</ele><time>2024-10-04T21:05:47Z</time><extensions><speed>1.326551</speed><course>294.280514</course><hAcc>2.188039</hAcc><vAcc>-1.000000</vAcc></extensions></trkpt>
      <trkpt lon="-117.332344" lat="33.979453"><ele>0.000000</ele><time>2024-10-04T21:05:48Z</time><extensions><speed>1.315601</speed><course>300.652342</course><hAcc>2.148699</hAcc><vAcc>-1.000000</vAcc></extensions></trkpt>
      <trkpt lon="-117.332344" lat="33.979453"><ele>0.000000</ele><time>2024-10-04T21:05:48Z</time><extensions><speed>1.315264</speed><course>300.639784</course><hAcc>2.146043</hAcc><vAcc>-1.000000</vAcc></extensions></trkpt>
      <trkpt lon="-117.332356" lat="33.979460"><ele>0.000000</ele><time>2024-10-04T21:05:49Z</time><extensions><speed>1.451176</speed><course>307.086163</course><hAcc>2.113035</hAcc><vAcc>-1.000000</vAcc></extensions></trkpt>
      <trkpt lon="-117.332369" lat="33.979469"><ele>0.000000</ele><time>2024-10-04T21:05:50Z</time><extensions><speed>1.539085</speed><course>312.108942</course><hAcc>2.091349</hAcc><vAcc>-1.000000</vAcc></extensions></trkpt>
      <trkpt lon="-117.332381" lat="33.979479"><ele>0.000000</ele><time>2024-10-04T21:05:51Z</time><extensions><speed>1.549623</speed><course>316.763392</course><hAcc>2.078192</hAcc><vAcc>-1.000000</vAcc></extensions></trkpt>
      <trkpt lon="-117.332381" lat="33.979479"><ele>0.000000</ele><time>2024-10-04T21:05:51Z</time><extensions><speed>1.550599</speed><course>316.933453</course><hAcc>2.075737</hAcc><vAcc>-1.000000</vAcc></extensions></trkpt>
      <trkpt lon="-117.332392" lat="33.979490"><ele>0.000000</ele><time>2024-10-04T21:05:52Z</time><extensions><speed>1.684749</speed><course>320.570234</course><hAcc>2.068356</hAcc><vAcc>-1.000000</vAcc></extensions></trkpt>
      <trkpt lon="-117.332404" lat="33.979502"><ele>0.000000</ele><time>2024-10-04T21:05:53Z</time><extensions><speed>1.715002</speed><course>321.778104</course><hAcc>2.066014</hAcc><vAcc>-1.000000</vAcc></extensions></trkpt>
      <trkpt lon="-117.332415" lat="33.979514"><ele>0.000000</ele><time>2024-10-04T21:05:54Z</time><extensions><speed>1.616579</speed><course>321.643008</course><hAcc>2.065925</hAcc><vAcc>-1.000000</vAcc></extensions></trkpt>
      <trkpt lon="-117.332415" lat="33.979514"><ele>0.000000</ele><time>2024-10-04T21:05:54Z</time><extensions><speed>1.616243</speed><course>321.760105</course><hAcc>2.063445</hAcc><vAcc>-1.000000</vAcc></extensions></trkpt>
      <trkpt lon="-117.332426" lat="33.979525"><ele>0.000000</ele><time>2024-10-04T21:05:55Z</time><extensions><speed>1.620424</speed><course>319.523950</course><hAcc>2.065081</hAcc><vAcc>-1.000000</vAcc></extensions></trkpt>
      <trkpt lon="-117.332437" lat="33.979536"><ele>0.000000</ele><time>2024-10-04T21:05:56Z</time><extensions><speed>1.539826</speed><course>315.473438</course><hAcc>2.065687</hAcc><vAcc>-1.000000</vAcc></extensions></trkpt>
      <trkpt lon="-117.332449" lat="33.979545"><ele>0.000000</ele><time>2024-10-04T21:05:57Z</time><extensions><speed>1.399141</speed><course>308.208953</course><hAcc>2.064587</hAcc><vAcc>-1.000000</vAcc></extensions></trkpt>
      <trkpt lon="-117.332449" lat="33.979545"><ele>0.000000</ele><time>2024-10-04T21:05:57Z</time><extensions><speed>1.407178</speed><course>308.045783</course><hAcc>2.063014</hAcc><vAcc>-1.000000</vAcc></extensions></trkpt>
      <trkpt lon="-117.332462" lat="33.979552"><ele>0.000000</ele><time>2024-10-04T21:05:58Z</time><extensions><speed>1.417870</speed><course>298.851966</course><hAcc>2.063654</hAcc><vAcc>-1.000000</vAcc></extensions></trkpt>
      <trkpt lon="-117.332476" lat="33.979557"><ele>0.000000</ele><time>2024-10-04T21:05:59Z</time><extensions><speed>1.413394</speed><course>291.887578</course><hAcc>2.071545</hAcc><vAcc>-1.000000</vAcc></extensions></trkpt>
      <trkpt lon="-117.332490" lat="33.979561"><ele>0.000000</ele><time>2024-10-04T21:06:00Z</time><extensions><speed>1.387066</speed><course>286.369014</course><hAcc>2.094646</hAcc><vAcc>-1.000000</vAcc></extensions></trkpt>
      <trkpt lon="-117.332490" lat="33.979561"><ele>0.000000</ele><time>2024-10-04T21:06:00Z</time><extensions><speed>1.383139</speed><course>286.387076</course><hAcc>2.093582</hAcc><vAcc>-1.000000</vAcc></extensions></trkpt>
      <trkpt lon="-117.332505" lat="33.979564"><ele>0.000000</ele><time>2024-10-04T21:06:01Z</time><extensions><speed>1.482392</speed><course>282.487153</course><hAcc>2.137787</hAcc><vAcc>-1.000000</vAcc></extensions></trkpt>
      <trkpt lon="-117.332521" lat="33.979567"><ele>0.000000</ele><time>2024-10-04T21:06:02Z</time><extensions><speed>1.516663</speed><course>280.821491</course><hAcc>2.195547</hAcc><vAcc>-1.000000</vAcc></extensions></trkpt>
      <trkpt lon="-117.332536" lat="33.979570"><ele>0.000000</ele><time>2024-10-04T21:06:03Z</time><extensions><speed>1.467865</speed><course>280.619145</course><hAcc>2.244283</hAcc><vAcc>-1.000000</vAcc></extensions></trkpt>
      <trkpt lon="-117.332552" lat="33.979572"><ele>0.000000</ele><time>2024-10-04T21:06:04Z</time><extensions><speed>1.542587</speed><course>281.039863</course><hAcc>2.281740</hAcc><vAcc>-1.000000</vAcc></extensions></trkpt>
      <trkpt lon="-117.332569" lat="33.979575"><ele>0.000000</ele><time>2024-10-04T21:06:05Z</time><extensions><speed>1.560356</speed><course>281.601829</course><hAcc>2.304162</hAcc><vAcc>-1.000000</vAcc></extensions></trkpt>
      <trkpt lon="-117.332585" lat="33.979578"><ele>0.000000</ele><time>2024-10-04T21:06:06Z</time><extensions><speed>1.507342</speed><course>282.139535</course><hAcc>2.317890</hAcc><vAcc>-1.000000</vAcc></extensions></trkpt>
      <trkpt lon="-117.332601" lat="33.979581"><ele>0.000000</ele><time>2024-10-04T21:06:07Z</time><extensions><speed>1.583352</speed><course>282.590119</course><hAcc>2.332969</hAcc><vAcc>-1.000000</vAcc></extensions></trkpt>
      <trkpt lon="-117.332618" lat="33.979584"><ele>0.000000</ele><time>2024-10-04T21:06:08Z</time><extensions><speed>1.595486</speed><course>282.591402</course><hAcc>2.343651</hAcc><vAcc>-1.000000</vAcc></extensions></trkpt>
      <trkpt lon="-117.332635" lat="33.979587"><ele>0.000000</ele><time>2024-10-04T21:06:09Z</time><extensions><speed>1.528521</speed><course>282.029204</course><hAcc>2.351192</hAcc><vAcc>-1.000000</vAcc></extensions></trkpt>
      <trkpt lon="-117.332651" lat="33.979590"><ele>0.000000</ele><time>2024-10-04T21:06:10Z</time><extensions><speed>1.590263</speed><course>281.440165</course><hAcc>2.364163</hAcc><vAcc>-1.000000</vAcc></extensions></trkpt>
      <trkpt lon="-117.332668" lat="33.979592"><ele>0.000000</ele><time>2024-10-04T21:06:11Z</time><extensions><speed>1.592989</speed><course>281.035328</course><hAcc>2.378604</hAcc><vAcc>-1.000000</vAcc></extensions></trkpt>
      <trkpt lon="-117.332685" lat="33.979595"><ele>0.000000</ele><time>2024-10-04T21:06:12Z</time><extensions><speed>1.524582</speed><course>280.113178</course><hAcc>2.396160</hAcc><vAcc>-1.000000</vAcc></extensions></trkpt>
      <trkpt lon="-117.332701" lat="33.979597"><ele>0.000000</ele><time>2024-10-04T21:06:13Z</time><extensions><speed>1.574934</speed><course>280.004599</course><hAcc>2.423295</hAcc><vAcc>-1.000000</vAcc></extensions></trkpt>
      <trkpt lon="-117.332718" lat="33.979600"><ele>0.000000</ele><time>2024-10-04T21:06:14Z</time><extensions><speed>1.537909</speed><course>280.578910</course><hAcc>2.449623</hAcc><vAcc>-1.000000</vAcc></extensions></trkpt>
      <trkpt lon="-117.332733" lat="33.979602"><ele>0.000000</ele><time>2024-10-04T21:06:15Z</time><extensions><speed>1.409620</speed><course>282.187665</course><hAcc>2.473918</hAcc><vAcc>-1.000000</vAcc></extensions></trkpt>
      <trkpt lon="-117.332748" lat="33.979605"><ele>0.000000</ele><time>2024-10-04T21:06:16Z</time><extensions><speed>1.395796</speed><course>284.698526</course><hAcc>2.502982</hAcc><vAcc>-1.000000</vAcc></extensions></trkpt>
      <trkpt lon="-117.332762" lat="33.979609"><ele>0.000000</ele><time>2024-10-04T21:06:17Z</time><extensions><speed>1.319340</speed><course>288.687875</course><hAcc>2.530660</hAcc><vAcc>-1.000000</vAcc></extensions></trkpt>
      <trkpt lon="-117.332775" lat="33.979613"><ele>0.000000</ele><time>2024-10-04T21:06:18Z</time><extensions><speed>1.184824</speed><course>295.384582</course><hAcc>2.561231</hAcc><vAcc>-1.000000</vAcc></extensions></trkpt>
      <trkpt lon="-117.332786" lat="33.979618"><ele>0.000000</ele><time>2024-10-04T21:06:19Z</time><extensions><speed>1.181703</speed><course>303.009924</course><hAcc>2.612930</hAcc><vAcc>-1.000000</vAcc></extensions></trkpt>
      <trkpt lon="-117.332796" lat="33.979624"><ele>0.000000</ele><time>2024-10-04T21:06:20Z</time><extensions><speed>1.144222</speed><course>311.727129</course><hAcc>2.713845</hAcc><vAcc>-1.000000</vAcc></extensions></trkpt>
      <trkpt lon="-117.332804" lat="33.979632"><ele>0.000000</ele><time>2024-10-04T21:06:21Z</time><extensions><speed>1.086034</speed><course>322.752465</course><hAcc>2.946944</hAcc><vAcc>-1.000000</vAcc></extensions></trkpt>
      <trkpt lon="-117.332814" lat="33.979653"><ele>311.879448</ele><time>2024-10-04T21:06:23Z</time><extensions><speed>1.472457</speed><course>349.382221</course><hAcc>3.560116</hAcc><vAcc>1.971642</vAcc></extensions></trkpt>
      <trkpt lon="-117.332817" lat="33.979666"><ele>312.079332</ele><time>2024-10-04T21:06:24Z</time><extensions><speed>1.476101</speed><course>351.802823</course><hAcc>3.578628</hAcc><vAcc>2.011325</vAcc></extensions></trkpt>
    </trkseg>
  </trk>
</gpx>