Name,Kaushik Vada
Date of Birth,"Mar 17, 2005"
Recorded Date,2025-09-27 18:31:14 -0800
Classification,Sinus Rhythm
Symptoms,
Software Version,1.90
Device,"Watch7,12"
Sample Rate,512 hertz


Lead,Lead I
Unit,µV

-14.218
-17.512
-20.887
-24.121
-26.796
-28.302
-28.322
-26.828
-24.072
-20.62
-16.895
-13.115
-9.632
-6.89
-5.149
-4.498
-4.763
-5.491
-6.376
-7.291
-8.077
-8.588
-8.721
-8.406
-7.706
-6.825
-5.883
-4.924
-3.971
-3.008
-2.036
-1.082
-0.141
0.817
1.804
2.822
3.859
4.886
5.884
6.851
7.783
8.683
9.552
10.387
11.183
11.94
12.656
13.331
13.966
14.56
15.116
15.635
16.121
16.577
17.008
17.416
17.801
18.164
18.504
18.823
19.123
19.405
19.671
19.923
20.162
20.391
20.61
20.821
21.025
21.223
21.415
21.603
21.786
21.967
22.146
22.324
22.502
22.68
22.858
23.038
23.22
23.404
23.591
23.78
23.971
24.165
24.36
24.557
24.755
24.953
25.149
25.344
25.536
25.724
25.906
26.08
26.245
26.399
26.541
26.667
26.778
26.87
26.942
26.993
27.019
27.02
26.993
26.937
26.849
26.728
26.572
26.378
26.146
25.873
25.558
25.199
24.797
24.349
23.855
23.315
22.73
22.099
21.424
20.705
19.944
19.143
18.304
17.429
16.521
15.583
14.618
13.629
12.62
11.595
10.557
9.509
8.458
7.405
6.355
5.313
4.282
3.266
2.271
1.299
0.354
-0.56
-1.438
-2.279
-3.08
-3.837
-4.549
-5.215
-5.833
-6.402
-6.923
-7.395
-7.819
-8.197
-8.528
-8.816
-9.06
-9.263
-9.428
-9.555
-9.648
-9.709
-9.74
-9.744
-9.723
-9.68
-9.616
-9.534
-9.435
-9.321
-9.192
-9.051
-8.898
-8.734
-8.558
-8.37
-8.17
-7.956
-7.726
-7.477
-7.207
-6.91
-6.584
-6.222
-5.822
-5.379
-4.888
-4.344
-3.744
-3.084
-2.359
-1.567
-0.704
0.233
1.245
2.333
3.497
4.736
6.047
7.427
8.869
10.367
11.91
13.488
15.088
16.694
18.292
19.862
21.387
22.849
24.226
25.499
26.649
27.654
28.496
29.155
29.612
29.85
29.855
29.617
29.134
28.403
27.425
26.2
24.724
22.995
21.014
18.779
16.285
13.532
10.52
7.265
3.798
0.152
-3.645
-7.567
-11.604
-15.741
-19.943
-24.173
-28.379
-32.505
-36.519
-40.359
-43.917
-47.146
-50.048
-52.713
-55.375
-58.245
-61.461
-65.223
-69.751
-75.158
-81.484
-88.529
-95.755
-102.711
-109.01
-114.18
-117.791
-119.486
-119.038
-116.578
-112.665
-107.802
-102.465
-97.93
-96.136
-98.76
-107.153
-119.861
-132.619
-142.802
-149.012
-154.155
-165.321
-185.783
-215.779
-249.789
-275.785
-283.273
-262.626
-206.493
-113.653
14.043
171.107
346.686
530.724
716.452
898.384
1073.779
1234.497
1361.253
1429.704
1415.675
1307.939
1117.028
870.551
604.686
350.824
127.907
-57.104
-203.852
-311.668
-379.553
-407.198
-399.204
-368.193
-329.07
-295.789
-276.541
-269.359
-267.734
-263.93
-252.029
-232.772
-210.156
-188.77
-172.837
-162.99
-157.743
-155.305
-153.702
-152.203
-150.898
-149.625
-148.181
-146.13
-142.894
-138.423
-133.001
-126.903
-120.46
-114.031
-107.946
-102.685
-98.804
-96.475
-95.586
-95.916
-97.11
-98.9
-101.097
-103.421
-105.552
-107.269
-108.448
-109.067
-109.197
-108.862
-108.049
-106.745
-104.924
-102.605
-99.834
-96.651
-93.097
-89.189
-84.936
-80.36
-75.497
-70.386
-65.059
-59.53
-53.792
-47.865
-41.782
-35.595
-29.373
-23.145
-16.918
-10.694
-4.465
1.775
8.025
14.299
20.627
27.033
33.539
40.161
46.903
53.776
60.796
67.982
75.357
82.927
90.678
98.583
106.618
114.758
122.982
131.268
139.577
147.868
156.109
164.265
172.319
180.261
188.082
195.773
203.346
210.821
218.238
225.65
233.092
240.57
248.086
255.617
263.152
270.688
278.197
285.637
292.955
300.079
306.934
313.443
319.493
324.937
329.621
333.376
336.065
337.598
337.893
336.896
334.556
330.818
325.653
319.067
311.069
301.688
290.966
278.944
265.722
251.456
236.304
220.445
204.043
187.229
170.14
152.905
135.657
118.537
101.68
85.212
69.255
53.926
39.332
25.583
12.742
0.819
-10.182
-20.274
-29.47
-37.781
-45.228
-51.844
-57.675
-62.778
-67.229
-71.117
-74.533
-77.563
-80.292
-82.809
-85.18
-87.444
-89.633
-91.766
-93.857
-95.922
-97.967
-99.994
-101.992
-103.946
-105.822
-107.573
-109.16
-110.552
-111.721
-112.643
-113.304
-113.697
-113.829
-113.717
-113.381
-112.838
-112.108
-111.213
-110.179
-109.036
-107.82
-106.571
-105.323
-104.102
-102.933
-101.835
-100.823
-99.909
-99.098
-98.388
-97.776
-97.263
-96.847
-96.529
-96.306
-96.174
-96.128
-96.161
-96.27
-96.451
-96.699
-97.013
-97.39
-97.827
-98.322
-98.878
-99.491
-100.159
-100.879
-101.647
-102.458
-103.309
-104.196
-105.114
-106.058
-107.026
-108.015
-109.02
-110.041
-111.073
-112.116
-113.165
-114.221
-115.28
-116.341
-117.404
-118.465
-119.523
-120.577
-121.625
-122.665
-123.693
-124.709
-125.709
-126.69
-127.651
-128.589
-129.501
-130.385
-131.24
-132.064
-132.854
-133.61
-134.33
-135.013
-135.659
-136.266
-136.833
-137.361
-137.849
-138.296
-138.702
-139.067
-139.392
-139.676
-139.919
-140.123
-140.288
-140.416
-140.507
-140.564
-140.589
-140.583
-140.55
-140.492
-140.412
-140.313
-140.199
-140.072
-139.935
-139.793
-139.648
-139.504
-139.363
-139.229
-139.103
-138.99
-138.891
-138.809
-138.745
-138.702
-138.682
-138.684
-138.712
-138.765
-138.844
-138.949
-139.081
-139.238
-139.42
-139.625
-139.852
-140.098
-140.361
-140.638
-140.925
-141.219
-141.516
-141.812
-142.103
-142.383
-142.649
-142.894
-143.114
-143.304
-143.457
-143.569
-143.634
-143.648
-143.604
-143.498
-143.325
-143.08
-142.757
-142.352
-141.861
-141.278
-140.602
-139.828
-138.953
-137.977
-136.896
-135.711
-134.421
-133.028
-131.53
-129.931
-128.235
-126.445
-124.565
-122.603
-120.566
-118.461
-116.3
-114.094
-111.856
-109.6
-107.341
-105.098
-102.889
-100.733
-98.652
-96.662
-94.781
-93.03
-91.428
-89.988
-88.726
-87.652
-86.777
-86.118
-85.688
-85.494
-85.539
-85.817
-86.323
-87.055
-88.014
-89.195
-90.592
-92.196
-93.999
-96.007
-98.222
-100.636
-103.23
-105.952
-108.75
-111.592
-114.453
-117.304
-120.107
-122.805
-125.327
-127.634
-129.692
-131.449
-132.828
-133.765
-134.254
-134.369
-134.299
-134.266
-134.464
-135.119
-136.483
-138.688
-141.767
-145.583
-149.737
-153.79
-157.317
-159.75
-160.586
-159.582
-156.538
-151.47
-144.809
-136.982
-129.24
-123.683
-121.722
-124.058
-129.516
-135.475
-141.322
-148.402
-159.969
-179.839
-207.614
-239.137
-268.297
-287.912
-292.708
-278.843
-241.873
-176.841
-80.555
46.577
200.161
370.353
547.861
727.696
905.032
1076.441
1232.244
1351.156
1409.339
1384.757
1268.177
1072.158
823.503
557.075
305.664
89.038
-82.447
-206.038
-285.437
-323.119
-325.67
-305.385
-273.61
-244.687
-228.299
-223.307
-225.585
-226.54
-218.299
-201.355
-179.143
-156.848
-139.786
-128.631
-121.732
-117.239
-113.19
-108.907
-104.597
-100.385
-96.349
-92.418
-88.432
-84.212
-79.593
-74.642
-69.549
-64.517
-59.807
-55.64
-52.185
-49.687
-48.374
-48.248
-49.154
-50.865
-53.128
-55.732
-58.489
-61.159
-63.462
-65.213
-66.32
-66.736
-66.441
-65.428
-63.691
-61.263
-58.232
-54.678
-50.667
-46.264
-41.498
-36.398
-31.006
-25.361
-19.503
-13.476
-7.319
-1.076
5.185
11.418
17.597
23.71
29.773
35.807
41.827
47.858
53.924
60.048
66.25
72.55
78.966
85.515
92.211
99.071
106.12
113.37
120.82
128.46
136.26
144.189
152.218
160.315
168.454
176.613
184.767
192.889
200.956
208.948
216.861
224.698
232.449
240.109
247.674
255.148
262.565
269.944
277.29
284.596
291.824
298.928
305.871
312.613
319.098
325.261
331.005
336.225
340.848
344.799
348.006
350.389
351.826
352.216
351.49
349.598
346.53
342.282
336.836
330.183
322.343
313.354
303.293
292.25
280.27
267.406
253.724
239.305
224.277
208.768
192.88
176.709
160.34
143.871
127.428
111.146
95.136
79.5
64.309
49.627
35.56
22.205
9.636
-2.09
-12.954
-22.948
-32.058
-40.275
-47.605
-54.084
-59.776
-64.769
-69.156
-73.013
-76.407
-79.404
-82.09
-84.547
-86.841
-89.025
-91.125
-93.168
-95.181
-97.185
-99.19
-101.185
-103.142
-105.016
-106.756
-108.322
-109.688
-110.828
-111.714
-112.33
-112.665
-112.721
-112.516
-112.065
-111.381
-110.48
-109.381
-108.112
-106.705
-105.201
-103.643
-102.064
-100.494
-98.957
-97.474
-96.062
-94.731
-93.487
-92.327
-91.249
-90.255
-89.345
-88.52
-87.777
-87.112
-86.52
-85.994
-85.529
-85.121
-84.766
-84.46
-84.199
-83.98
-83.802
-83.663
-83.563
-83.498
-83.465
-83.458
-83.473
-83.507
-83.556
-83.614
-83.677
-83.743
-83.808
-83.87
-83.928
-83.98
-84.024
-84.06
-84.088
-84.106
-84.117
-84.12
-84.117
-84.109
-84.097
-84.084
-84.071
-84.061
-84.056
-84.058
-84.07
-84.094
-84.133
-84.189
-84.266
-84.366
-84.492
-84.647
-84.832
-85.05
-85.303
-85.592
-85.919
-86.285
-86.688
-87.13
-87.609
-88.126
-88.678
-89.264
-89.881
-90.528
-91.202
-91.899
-92.614
-93.345
-94.086
-94.831
-95.576
-96.314
-97.04
-97.746
-98.427
-99.074
-99.682
-100.242
-100.746
-101.188
-101.558
-101.851
-102.06
-102.177
-102.197
-102.114
-101.924
-101.623
-101.209
-100.677
-100.028
-99.259
-98.371
-97.366
-96.245
-95.011
-93.67
-92.225
-90.686
-89.062
-87.366
-85.611
-83.813
-81.99
-80.162
-78.349
-76.574
-74.857
-73.217
-71.675
-70.25
-68.961
-67.829
-66.872
-66.107
-65.548
-65.204
-65.085
-65.193
-65.525
-66.074
-66.831
-67.791
-68.954
-70.324
-71.902
-73.693
-75.702
-77.924
-80.352
-82.972
-85.756
-88.683
-91.731
-94.879
-98.107
-101.389
-104.689
-107.964
-111.163
-114.218
-117.033
-119.533
-121.678
-123.493
-125.103
-126.652
-128.27
-130.124
-132.419
-135.286
-138.787
-142.825
-147.003
-150.908
-154.261
-156.699
-157.856
-157.503
-155.339
-151.346
-146.124
-140.199
-133.87
-127.83
-122.69
-119.525
-120.541
-126.527
-136.977
-150.598
-164.488
-178.062
-192.682
-209.393
-229.54
-251.09
-269.713
-281.265
-280.254
-261.969
-220.615
-149.379
-45.137
92.582
258.608
443.476
640.386
841.693
1038.771
1219.467
1360.978
1436.699
1424.37
1314.58
1119.299
867.815
596.892
339.051
114.789
-67.791
-208.429
-308.095
-367.046
-386.355
-371.965
-336.199
-295.185
-263.876
-248.163
-244.782
-244.631
-237.317
-219.496
-194.199
-167.51
-146.209
-132.569
-125.251
-121.899
-119.845
-117.936
-116.129
-114.396
-112.746
-110.961
-108.724
-105.865
-102.276
-98.071
-93.538
-88.941
-84.58
-80.75
-77.675
-75.632
-74.85
-75.31
-76.828
-79.147
-81.977
-85.07
-88.215
-91.126
-93.491
-95.098
-95.817
-95.617
-94.538
-92.613
-89.877
-86.394
-82.253
-77.551
-72.382
-66.82
-60.907
-54.678
-48.171
-41.439
-34.556
-27.594
-20.626
-13.699
-6.838
-0.063
6.624
13.229
19.769
26.275
32.784
39.33
45.941
52.642
59.449
66.379
73.451
80.687
88.108
95.721
103.52
111.483
119.59
127.822
136.162
144.597
153.1
161.639
170.178
178.681
187.131
195.522
203.845
212.095
220.279
228.415
236.549
244.741
253.031
261.429
269.923
278.482
287.08
295.698
304.314
312.894
321.376
329.686
337.753
345.497
352.819
359.59
365.631
370.752
374.801
377.668
379.275
379.569
378.504
376.028
372.103
366.717
359.874
351.593
341.895
330.81
318.393
304.756
290.071
274.525
258.281
241.482
224.254
206.715
188.989
171.211
153.51
136.01
118.845
102.148
86.047
70.668
56.122
42.472
29.732
17.903
6.985
-3.023
-12.121
-20.322
-27.647
-34.137
-39.837
-44.814
-49.16
-52.967
-56.325
-59.324
-62.052
-64.572
-66.929
-69.155
-71.267
-73.282
-75.216
-77.077
-78.868
-80.582
-82.203
-83.702
-85.03
-86.146
-87.021
-87.625
-87.937
-87.943
-87.636
-87.022
-86.124
-84.963
-83.559
-81.935
-80.113
-78.122
-75.997
-73.776
-71.502
-69.214
-66.941
-64.709
-62.54
-60.453
-58.463
-56.577
-54.792
-53.11
-51.531
-50.056
-48.686
-47.418
-46.249
-45.173
-44.183
-43.274
-42.442
-41.683
-40.992
-40.366
-39.803
-39.301
-38.86
-38.477
-38.151
-37.878
-37.653
-37.472
-37.333
-37.231
-37.161
-37.119
-37.103
-37.109
-37.135
-37.177
-37.235
-37.304
-37.384
-37.471
-37.565
-37.664
-37.767
-37.873
-37.981
-38.09
-38.199
-38.308
-38.415
-38.518
-38.617
-38.71
-38.795
-38.87
-38.934
-38.983
-39.018
-39.034
-39.031
-39.006
-38.957
-38.883
-38.78
-38.648
-38.484
-38.287
-38.055
-37.787
-37.481
-37.137
-36.755
-36.333
-35.872
-35.371
-34.831
-34.254
-33.639
-32.988
-32.303
-31.586
-30.838
-30.063
-29.263
-28.442
-27.604
-26.752
-25.891
-25.026
-24.16
-23.299
-22.448
-21.613
-20.798
-20.009
-19.252
-18.531
-17.852
-17.219
-16.637
-16.111
-15.644
-15.241
-14.903
-14.635
-14.438
-14.314
-14.265
-14.293
-14.396
-14.577
-14.834
-15.167
-15.575
-16.056
-16.607
-17.227
-17.912
-18.659
-19.465
-20.324
-21.234
-22.188
-23.183
-24.213
-25.273
-26.358
-27.462
-28.579
-29.704
-30.832
-31.957
-33.075
-34.181
-35.27
-36.338
-37.381
-38.394
-39.375
-40.321
-41.228
-42.094
-42.916
-43.693
-44.424
-45.106
-45.739
-46.322
-46.856
-47.34
-47.774
-48.159
-48.496
-48.786
-49.03
-49.229
-49.386
-49.501
-49.578
-49.617
-49.621
-49.592
-49.532
-49.444
-49.329
-49.189
-49.026
-48.843
-48.641
-48.423
-48.191
-47.946
-47.692
-47.431
-47.165
-46.895
-46.626
-46.359
-46.096
-45.839
-45.592
-45.356
-45.133
-44.926
-44.737
-44.568
-44.422
-44.301
-44.206
-44.14
-44.106
-44.105
-44.139
-44.211
-44.322
-44.476
-44.673
-44.916
-45.206
-45.546
-45.936
-46.377
-46.869
-47.412
-48.005
-48.647
-49.336
-50.07
-50.845
-51.659
-52.508
-53.389
-54.295
-55.223
-56.166
-57.12
-58.077
-59.032
-59.976
-60.903
-61.806
-62.675
-63.505
-64.285
-65.009
-65.667
-66.251
-66.751
-67.159
-67.466
-67.662
-67.74
-67.692
-67.512
-67.193
-66.73
-66.118
-65.356
-64.44
-63.371
-62.147
-60.771
-59.244
-57.572
-55.76
-53.815
-51.745
-49.559
-47.271
-44.893
-42.443
-39.941
-37.405
-34.859
-32.326
-29.833
-27.406
-25.068
-22.844
-20.757
-18.829
-17.083
-15.543
-14.23
-13.164
-12.36
-11.83
-11.582
-11.62
-11.937
-12.527
-13.377
-14.479
-15.835
-17.445
-19.309
-21.432
-23.813
-26.448
-29.323
-32.418
-35.699
-39.139
-42.719
-46.423
-50.231
-54.116
-58.037
-61.943
-65.782
-69.477
-72.914
-76.005
-78.713
-81.082
-83.285
-85.51
-87.901
-90.622
-93.874
-97.752
-102.22
-107.015
-111.542
-115.218
-117.646
-118.446
-117.26
-113.883
-108.305
-100.945
-92.67
-84.27
-76.354
-69.51
-65.027
-64.778
-69.855
-80.218
-93.296
-105.115
-114.439
-122.49
-132.981
-150.278
-173.458
-197.391
-215.458
-220.693
-209.703
-181.241
-131.621
-55.845
50.307
189.015
355.559
540.194
734.575
930.472
1120.276
1293.609
1430.531
1505.979
1497.062
1392.992
1202.808
953.269
680.933
419.151
190.829
6.797
-132.132
-228.069
-283.616
-302.498
-291.39
-261.068
-225.249
-196.506
-179.809
-173.178
-169.494
-160.086
-142.581
-119.631
-96.507
-79.585
-70.898
-69.147
-72.045
-76.461
-80.669
-84.223
-86.726
-87.986
-87.76
-85.674
-81.596
-75.772
-68.684
-60.891
-52.935
-45.313
-38.415
-32.606
-28.245
-25.421
-23.993
-23.739
-24.338
-25.479
-26.958
-28.578
-30.121
-31.492
-32.631
-33.478
-34.054
-34.38
-34.431
-34.206
-33.678
-32.779
-31.489
-29.818
-27.774
-25.39
-22.677
-19.617
-16.215
-12.481
-8.427
-4.084
0.535
5.432
10.583
15.95
21.483
27.108
32.784
38.501
44.25
50.035
55.859
61.714
67.612
73.574
79.612
85.739
91.965
98.284
104.71
111.259
117.95
124.812
131.864
139.109
146.552
154.183
161.976
169.907
177.949
186.06
194.206
202.352
210.455
218.488
226.431
234.26
241.953
249.475
256.774
263.803
270.516
276.874
282.864
288.462
293.633
298.358
302.618
306.399
309.708
312.52
314.776
316.431
317.44
317.783
317.476
316.534
314.965
312.773
309.948
306.487
302.408
297.703
292.355
286.347
279.633
272.206
264.109
255.365
245.993
236
225.353
214.024
202.012
189.319
175.963
161.973
147.377
132.239
116.654
100.721
84.577
68.346
52.121
36.026
20.186
4.727
-10.201
-24.443
-37.881
-50.401
-61.904
-72.321
-81.597
-89.71
-96.675
-102.519
-107.306
-111.112
-114.021
-116.142
-117.586
-118.45
-118.847
-118.893
-118.685
-118.313
-117.861
-117.379
-116.916
-116.504
-116.157
-115.883
-115.667
-115.481
-115.286
-115.025
-114.654
-114.146
-113.47
-112.6
-111.522
-110.223
-108.704
-106.983
-105.077
-103.002
-100.781
-98.437
-95.999
-93.505
-90.997
-88.521
-86.114
-83.802
-81.609
-79.554
-77.651
-75.911
-74.334
-72.914
-71.649
-70.536
-69.572
-68.754
-68.077
-67.533
-67.113
-66.808
-66.61
-66.509
-66.5
-66.574
-66.726
-66.95
-67.241
-67.595
-68.008
-68.474
-68.986
-69.537
-70.119
-70.728
-71.354
-71.99
-72.631
-73.271
-73.905
-74.528
-75.137
-75.729
-76.301
-76.85
-77.375
-77.874
-78.346
-78.789
-79.203
-79.587
-79.941
-80.266
-80.56
-80.825
-81.061
-81.268
-81.447
-81.598
-81.721
-81.818
-81.888
-81.934
-81.954
-81.952
-81.928
-81.883
-81.819
-81.737
-81.639
-81.526
-81.4
-81.26
-81.109
-80.947
-80.775
-80.593
-80.401
-80.201
-79.993
-79.777
-79.553
-79.323
-79.085
-78.841
-78.59
-78.333
-78.069
-77.799
-77.522
-77.24
-76.952
-76.66
-76.362
-76.06
-75.754
-75.444
-75.131
-74.814
-74.494
-74.171
-73.845
-73.515
-73.182
-72.846
-72.506
-72.163
-71.816
-71.466
-71.112
-70.754
-70.391
-70.024
-69.653
-69.276
-68.894
-68.507
-68.115
-67.718
-67.316
-66.908
-66.496
-66.079
-65.656
-65.228
-64.795
-64.357
-63.914
-63.466
-63.013
-62.556
-62.095
-61.63
-61.163
-60.693
-60.221
-59.748
-59.274
-58.8
-58.326
-57.854
-57.384
-56.917
-56.454
-55.995
-55.542
-55.095
-54.655
-54.223
-53.798
-53.383
-52.977
-52.581
-52.196
-51.822
-51.459
-51.109
-50.771
-50.446
-50.135
-49.838
-49.554
-49.285
-49.03
-48.789
-48.563
-48.352
-48.156
-47.975
-47.809
-47.658
-47.524
-47.405
-47.303
-47.217
-47.148
-47.096
-47.062
-47.046
-47.049
-47.07
-47.111
-47.172
-47.252
-47.354
-47.475
-47.618
-47.781
-47.966
-48.171
-48.396
-48.643
-48.909
-49.196
-49.503
-49.829
-50.173
-50.536
-50.916
-51.313
-51.726
-52.153
-52.594
-53.047
-53.51
-53.983
-54.464
-54.95
-55.44
-55.932
-56.424
-56.913
-57.398
-57.876
-58.345
-58.803
-59.249
-59.681
-60.096
-60.494
-60.873
-61.232
-61.569
-61.885
-62.177
-62.447
-62.693
-62.915
-63.114
-63.288
-63.439
-63.567
-63.671
-63.752
-63.81
-63.845
-63.857
-63.847
-63.814
-63.759
-63.683
-63.585
-63.467
-63.329
-63.17
-62.992
-62.793
-62.573
-62.331
-62.067
-61.779
-61.465
-61.124
-60.754
-60.351
-59.914
-59.439
-58.923
-58.361
-57.751
-57.087
-56.365
-55.582
-54.734
-53.816
-52.827
-51.763
-50.622
-49.402
-48.102
-46.721
-45.258
-43.713
-42.088
-40.384
-38.604
-36.749
-34.826
-32.841
-30.803
-28.725
-26.619
-24.5
-22.384
-20.291
-18.238
-16.246
-14.332
-12.513
-10.808
-9.233
-7.809
-6.556
-5.49
-4.624
-3.971
-3.539
-3.335
-3.359
-3.607
-4.07
-4.74
-5.615
-6.701
-8.008
-9.538
-11.3
-13.294
-15.515
-17.961
-20.621
-23.471
-26.493
-29.663
-32.949
-36.327
-39.764
-43.221
-46.66
-50.009
-53.158
-56.038
-58.612
-60.892
-62.988
-64.989
-66.946
-68.994
-71.324
-74.074
-77.324
-80.957
-84.629
-88.063
-91.098
-93.543
-95.141
-95.591
-94.688
-92.595
-89.723
-86.336
-82.587
-78.601
-75.415
-75.007
-78.664
-86.572
-96.41
-104.402
-109.526
-113.723
-121.99
-140.101
-168.733
-203.427
-236.082
-257.14
-260.361
-242.277
-200.97
-135.578
-44.253
72.87
213.674
374.854
550.546
736.99
930.263
1122.219
1299.836
1440.518
1516.232
1503.485
1392.147
1191.937
931.551
649.09
378.319
142.354
-48.598
-193.968
-294.133
-349.513
-362.635
-340.866
-298.736
-254.821
-224.501
-212.717
-214.342
-217.661
-211.015
-191.301
-162.404
-131.786
-107.329
-91.689
-83.654
-80.7
-79.757
-79.42
-79.355
-79.833
-81.078
-81.952
-81.671
-78.557
-71.195
-61.78
-51.925
-43.891
-40.544
-40.065
-41.019
-42.519
-42.511
-42.271
-42.984
-44.578
-47.652
-51.413
-54.862
-57.772
-59.77
-60.75
-60.815
-59.933
-58.098
-55.377
-51.834
-47.552
-42.645
-37.233
-31.423
-25.302
-18.928
-12.351
-5.632
1.139
7.852
14.431
20.843
27.067
33.101
38.941
44.581
50.043
55.374
60.62
65.821
71.008
76.197
81.416
86.701
92.092
97.634
103.364
109.307
115.488
121.927
128.633
135.611
142.852
150.328
158.018
165.897
173.926
182.075
190.308
198.59
206.902
215.225
223.536
231.809
240.014
248.126
256.143
264.069
271.9
279.636
287.276
294.829
302.335
309.823
317.304
324.777
332.202
339.526
346.703
353.69
360.424
366.829
372.801
378.222
383.015
387.117
390.455
392.94
394.441
394.832
394.029
391.971
388.631
384.003
378.077
370.856
362.393
352.771
342.094
330.484
318.009
304.702
290.634
275.904
260.658
245.048
229.204
213.239
197.271
181.43
165.839
150.605
135.782
121.389
107.447
93.974
81.036
68.739
57.146
46.289
36.174
26.791
18.13
10.181
2.895
-3.821
-10.038
-15.815
-21.174
-26.108
-30.627
-34.756
-38.54
-42.048
-45.333
-48.423
-51.348
-54.134
-56.796
-59.341
-61.744
-63.942
-65.893
-67.579
-68.994
-70.158
-71.08
-71.759
-72.199
-72.404
-72.38
-72.141
-71.697
-71.051
-70.222
-69.231
-68.119
-66.939
-65.735
-64.537
-63.371
-62.252
-61.197
-60.221
-59.336
-58.54
-57.838
-57.231
-56.725
-56.325
-56.035
-55.85
-55.765
-55.771
-55.859
-56.024
-56.259
-56.557
-56.912
-57.319
-57.774
-58.274
-58.818
-59.4
-60.015
-60.655
-61.316
-61.991
-62.675
-63.36
-64.041
-64.714
-65.373
-66.015
-66.638
-67.237
-67.811
-68.358
-68.876
-69.365
-69.825
-70.255
-70.656
-71.03
-71.377
-71.699
-71.998
-72.276
-72.535
-72.777
-73.005
-73.222
-73.429
-73.628
-73.823
-74.014
-74.205
-74.397
-74.592
-74.793
-75
-75.216
-75.442
-75.679
-75.928
-76.189
-76.463
-76.75
-77.049
-77.36
-77.681
-78.012
-78.351
-78.698
-79.05
-79.405
-79.763
-80.121
-80.478
-80.83
-81.177
-81.515
-81.844
-82.161
-82.463
-82.751
-83.021
-83.272
-83.503
-83.713
-83.901
-84.066
-84.207
-84.325
-84.42
-84.49
-84.538
-84.563
-84.567
-84.55
-84.513
-84.459
-84.388
-84.302
-84.204
-84.095
-83.978
-83.853
-83.725
-83.594
-83.464
-83.336
-83.213
-83.097
-82.991
-82.897
-82.817
-82.753
-82.708
-82.683
-82.679
-82.699
-82.744
-82.814
-82.911
-83.035
-83.186
-83.364
-83.57
-83.803
-84.062
-84.347
-84.657
-84.991
-85.347
-85.725
-86.122
-86.537
-86.969
-87.416
-87.876
-88.347
-88.828
-89.317
-89.811
-90.308
-90.807
-91.306
-91.802
-92.294
-92.779
-93.256
-93.722
-94.177
-94.62
-95.048
-95.461
-95.859
-96.239
-96.603
-96.95
-97.279
-97.591
-97.886
-98.164
-98.426
-98.673
-98.905
-99.123
-99.327
-99.519
-99.698
-99.867
-100.026
-100.176
-100.318
-100.452
-100.58
-100.703
-100.822
-100.938
-101.052
-101.165
-101.279
-101.394
-101.511
-101.631
-101.755
-101.884
-102.017
-102.156
-102.301
-102.451
-102.608
-102.771
-102.942
-103.118
-103.302
-103.492
-103.69
-103.893
-104.104
-104.321
-104.545
-104.775
-105.013
-105.257
-105.509
-105.768
-106.034
-106.308
-106.589
-106.878
-107.174
-107.477
-107.787
-108.105
-108.43
-108.763
-109.103
-109.45
-109.804
-110.165
-110.532
-110.904
-111.28
-111.66
-112.04
-112.421
-112.799
-113.174
-113.543
-113.904
-114.254
-114.589
-114.908
-115.207
-115.482
-115.729
-115.943
-116.121
-116.259
-116.351
-116.393
-116.381
-116.309
-116.173
-115.968
-115.687
-115.325
-114.877
-114.338
-113.702
-112.966
-112.123
-111.172
-110.108
-108.929
-107.633
-106.219
-104.688
-103.038
-101.272
-99.391
-97.398
-95.298
-93.096
-90.797
-88.41
-85.945
-83.417
-80.837
-78.222
-75.59
-72.959
-70.35
-67.783
-65.279
-62.857
-60.538
-58.341
-56.287
-54.399
-52.696
-51.197
-49.916
-48.866
-48.057
-47.494
-47.176
-47.099
-47.257
-47.645
-48.265
-49.121
-50.212
-51.54
-53.104
-54.899
-56.916
-59.137
-61.538
-64.092
-66.782
-69.583
-72.471
-75.417
-78.38
-81.315
-84.177
-86.902
-89.398
-91.603
-93.485
-95.069
-96.466
-97.78
-99.088
-100.509
-102.218
-104.355
-106.994
-110.049
-113.232
-116.312
-119.162
-121.62
-123.42
-124.192
-123.653
-121.843
-119
-115.229
-110.555
-104.981
-99.464
-96.062
-96.186
-100.108
-105.874
-110.225
-112.442
-115.213
-123.754
-142.411
-170.902
-203.214
-230.237
-245.188
-243.816
-224.523
-186.663
-125.893
-38.021
78.97
225.249
396.59
587.573
793.026
1004.494
1208.571
1385.339
1508.848
1554.247
1505.84
1362.732
1142.142
873.915
592.417
329.058
103.631
-73.349
-198.824
-276.783
-310.421
-307.449
-281.078
-243.372
-209.779
-190.276
-183.652
-185.341
-185.566
-176.04
-157.471
-133.613
-110.317
-93.237
-82.845
-77.338
-74.765
-72.793
-70.331
-67.492
-64.33
-60.727
-56.86
-52.186
-45.258
-36.414
-26.974
-18.655
-15.353
-17.691
-22.139
-25.769
-23.345
-13.119
-0.751
9.688
13.388
7.652
-2.178
-12.185
-19.54
-21.621
-20.999
-19.658
-17.903
-16.65
-15.158
-12.724
-9.692
-6.11
-2.076
2.207
6.77
11.651
16.796
22.171
27.771
33.566
39.494
45.514
51.573
57.588
63.523
69.36
75.084
80.713
86.274
91.785
97.275
102.776
108.313
113.918
119.624
125.454
131.436
137.594
143.953
150.547
157.397
164.507
171.869
179.456
187.243
195.21
203.338
211.606
219.989
228.46
236.983
245.527
254.071
262.605
271.116
279.595
288.046
296.486
304.955
313.512
322.193
331.014
339.968
349.029
358.172
367.369
376.591
385.798
394.924
403.886
412.601
420.98
428.915
436.284
442.918
448.629
453.259
456.678
458.798
459.552
458.879
456.728
453.059
447.855
441.14
432.958
423.356
412.389
400.126
386.653
372.121
356.71
340.589
323.917
306.825
289.439
271.899
254.352
236.946
219.801
203.008
186.638
170.768
155.48
140.856
126.98
113.876
101.542
89.973
79.156
69.091
59.763
51.126
43.112
35.635
28.634
22.072
15.924
10.16
4.737
-0.403
-5.323
-10.052
-14.606
-19
-23.244
-27.354
-31.332
-35.153
-38.768
-42.12
-45.17
-47.903
-50.316
-52.409
-54.175
-55.603
-56.684
-57.431
-57.856
-57.975
-57.801
-57.346
-56.632
-55.696
-54.589
-53.366
-52.069
-50.731
-49.377
-48.03
-46.713
-45.445
-44.24
-43.103
-42.04
-41.06
-40.171
-39.384
-38.703
-38.128
-37.653
-37.275
-36.988
-36.791
-36.679
-36.649
-36.696
-36.818
-37.014
-37.284
-37.625
-38.033
-38.503
-39.028
-39.601
-40.216
-40.867
-41.544
-42.242
-42.953
-43.672
-44.393
-45.113
-45.826
-46.527
-47.214
-47.882
-48.529
-49.152
-49.75
-50.321
-50.864
-51.38
-51.868
-52.328
-52.763
-53.173
-53.559
-53.923
-54.267
-54.592
-54.901
-55.197
-55.481
-55.756
-56.027
-56.295
-56.565
-56.84
-57.124
-57.418
-57.727
-58.054
-58.399
-58.766
-59.156
-59.571
-60.012
-60.479
-60.974
-61.496
-62.045
-62.622
-63.225
-63.854
-64.507
-65.183
-65.88
-66.597
-67.332
-68.082
-68.847
-69.623
-70.408
-71.2
-71.997
-72.795
-73.592
-74.386
-75.174
-75.952
-76.719
-77.472
-78.208
-78.926
-79.622
-80.296
-80.944
-81.566
-82.161
-82.726
-83.262
-83.767
-84.241
-84.685
-85.098
-85.479
-85.831
-86.153
-86.445
-86.709
-86.946
-87.155
-87.339
-87.499
-87.635
-87.749
-87.843
-87.918
-87.974
-88.015
-88.04
-88.053
-88.054
-88.045
-88.027
-88.004
-87.975
-87.943
-87.91
-87.877
-87.845
-87.815
-87.789
-87.767
-87.751
-87.74
-87.736
-87.739
-87.75
-87.768
-87.795
-87.829
-87.871
-87.922
-87.98
-88.046
-88.119
-88.199
-88.287
-88.382
-88.483
-88.591
-88.705
-88.825
-88.95
-89.08
-89.215
-89.353
-89.494
-89.638
-89.783
-89.929
-90.076
-90.223
-90.369
-90.514
-90.658
-90.799
-90.939
-91.076
-91.211
-91.343
-91.472
-91.599
-91.724
-91.847
-91.968
-92.088
-92.207
-92.325
-92.442
-92.558
-92.674
-92.788
-92.903
-93.016
-93.128
-93.24
-93.35
-93.46
-93.569
-93.677
-93.783
-93.889
-93.993
-94.095
-94.196
-94.295
-94.393
-94.49
-94.585
-94.679
-94.771
-94.861
-94.949
-95.035
-95.117
-95.195
-95.27
-95.339
-95.403
-95.462
-95.514
-95.561
-95.602
-95.637
-95.667
-95.691
-95.71
-95.725
-95.736
-95.745
-95.751
-95.757
-95.762
-95.769
-95.779
-95.791
-95.806
-95.826
-95.849
-95.876
-95.907
-95.94
-95.977
-96.016
-96.056
-96.097
-96.138
-96.179
-96.217
-96.251
-96.28
-96.3
-96.31
-96.306
-96.286
-96.247
-96.183
-96.092
-95.97
-95.81
-95.608
-95.358
-95.055
-94.691
-94.261
-93.757
-93.175
-92.509
-91.752
-90.901
-89.951
-88.898
-87.739
-86.472
-85.095
-83.605
-82.004
-80.291
-78.467
-76.537
-74.502
-72.369
-70.145
-67.84
-65.465
-63.034
-60.563
-58.066
-55.565
-53.077
-50.623
-48.222
-45.894
-43.658
-41.537
-39.55
-37.717
-36.06
-34.595
-33.338
-32.302
-31.494
-30.915
-30.566
-30.442
-30.542
-30.869
-31.426
-32.215
-33.241
-34.507
-36.016
-37.764
-39.733
-41.894
-44.219
-46.682
-49.268
-51.963
-54.736
-57.553
-60.367
-63.122
-65.779
-68.274
-70.504
-72.408
-73.972
-75.253
-76.426
-77.668
-79.091
-80.863
-83.202
-86.215
-89.929
-94.191
-98.577
-102.735
-106.44
-109.351
-111.061
-111.334
-110.078
-107.386
-103.664
-99.217
-94.093
-89.397
-87.219
-88.832
-95.186
-104.515
-111.926
-115.63
-116.079
-117.139
-127.319
-149.539
-181.47
-217.202
-244.73
-255.442
-244.658
-207.857
-143.103
-48.264
78.192
233.626
410.166
598.436
790.784
980.16
1161.97
1326.38
1453.075
1518.106
1498.068
1382.561
1182.546
925.268
647.432
382.19
150.997
-36.202
-178.173
-276.106
-331.349
-347.198
-331.309
-296.174
-257.211
-227.554
-211.599
-206.26
-203.309
-193.633
-175.034
-150.444
-125.238
-105.77
-93.939
-88.386
-87.066
-87.144
-87.139
-86.919
-86.329
-85.252
-83.527
-80.752
-76.621
-71.312
-65.215
-58.69
-52.142
-45.937
-40.356
-35.794
-32.664
-31.029
-30.724
-31.488
-32.965
-34.898
-37.106
-39.343
-41.32
-42.83
-43.768
-44.126
-43.958
-43.289
-42.094
-40.345
-38.054
-35.275
-32.074
-28.517
-24.649
-20.48
-16.034
-11.341
-6.436
-1.361
3.86
9.227
14.731
20.345
26.025
31.706
37.347
42.95
48.52
54.074
59.625
65.179
70.753
76.379
82.084
87.89
93.811
99.852
106.029
112.371
118.91
125.678
132.693
139.956
147.461
155.196
163.141
171.264
179.526
187.884
196.302
204.753
213.212
221.655
230.051
238.36
246.556
254.624
262.553
270.342
277.99
285.497
292.884
300.179
307.406
314.568
321.655
328.641
335.499
342.193
348.684
354.931
360.868
366.421
371.513
376.05
379.941
383.094
385.385
386.686
386.892
385.92
383.714
380.23
375.421
369.268
361.774
352.953
342.856
331.532
319.028
305.43
290.829
275.333
259.095
242.274
225.009
207.449
189.729
171.99
154.403
137.103
120.194
103.775
87.916
72.703
58.243
44.597
31.809
19.907
8.877
-1.296
-10.616
-19.121
-26.864
-33.916
-40.386
-46.357
-51.874
-56.99
-61.745
-66.194
-70.424
-74.484
-78.405
-82.215
-85.921
-89.539
-93.094
-96.577
-99.96
-103.204
-106.246
-109.044
-111.588
-113.864
-115.865
-117.581
-118.99
-120.087
-120.892
-121.418
-121.679
-121.69
-121.457
-121.004
-120.371
-119.6
-118.741
-117.831
-116.896
-115.959
-115.044
-114.167
-113.347
-112.592
-111.903
-111.281
-110.73
-110.255
-109.861
-109.549
-109.313
-109.146
-109.043
-108.998
-109.007
-109.065
-109.166
-109.306
-109.483
-109.694
-109.94
-110.218
-110.524
-110.853
-111.203
-111.566
-111.94
-112.318
-112.696
-113.069
-113.431
-113.779
-114.11
-114.42
-114.705
-114.962
-115.189
-115.383
-115.541
-115.662
-115.744
-115.786
-115.785
-115.742
-115.656
-115.525
-115.35
-115.13
-114.865
-114.554
-114.196
-113.793
-113.342
-112.844
-112.3
-111.708
-111.068
-110.381
-109.647
-108.867
-108.039
-107.166
-106.247
-105.283
-104.275
-103.223
-102.128
-100.992
-99.815
-98.599
-97.346
-96.057
-94.734
-93.38
-91.996
-90.586
-89.152
-87.698
-86.225
-84.736
-83.236
-81.728
-80.214
-78.699
-77.186
-75.678
-74.18
-72.695
-71.228
-69.781
-68.36
-66.967
-65.606
-64.282
-62.996
-61.753
-60.555
-59.406
-58.307
-57.261
-56.269
-55.334
-54.455
-53.633
-52.87
-52.164
-51.514
-50.921
-50.383
-49.898
-49.464
-49.08
-48.744
-48.452
-48.202
-47.991
-47.816
-47.674
-47.563
-47.477
-47.415
-47.374
-47.348
-47.336
-47.335
-47.34
-47.35
-47.36
-47.369
-47.375
-47.374
-47.365
-47.347
-47.318
-47.278
-47.226
-47.163
-47.089
-47.004
-46.91
-46.809
-46.701
-46.59
-46.478
-46.367
-46.261
-46.163
-46.076
-46.004
-45.949
-45.916
-45.908
-45.928
-45.979
-46.065
-46.189
-46.354
-46.562
-46.817
-47.121
-47.476
-47.884
-48.348
-48.868
-49.446
-50.082
-50.776
-51.529
-52.34
-53.209
-54.134
-55.113
-56.144
-57.226
-58.353
-59.523
-60.732
-61.974
-63.246
-64.54
-65.853
-67.177
-68.507
-69.838
-71.162
-72.473
-73.764
-75.029
-76.262
-77.454
-78.599
-79.689
-80.719
-81.68
-82.566
-83.369
-84.085
-84.704
-85.222
-85.632
-85.927
-86.102
-86.15
-86.067
-85.847
-85.488
-84.985
-84.336
-83.539
-82.593
-81.497
-80.252
-78.86
-77.322
-75.641
-73.82
-71.866
-69.782
-67.576
-65.256
-62.829
-60.309
-57.709
-55.044
-52.329
-49.582
-46.823
-44.072
-41.349
-38.673
-36.062
-33.536
-31.113
-28.814
-26.659
-24.666
-22.854
-21.236
-19.823
-18.625
-17.646
-16.885
-16.339
-16.001
-15.87
-15.95
-16.244
-16.758
-17.492
-18.448
-19.617
-20.989
-22.545
-24.259
-26.108
-28.073
-30.132
-32.263
-34.437
-36.619
-38.768
-40.847
-42.79
-44.507
-45.949
-47.104
-48.024
-48.844
-49.67
-50.565
-51.64
-53.062
-54.921
-57.229
-59.841
-62.417
-64.735
-66.75
-68.362
-69.362
-69.6
-69.015
-67.661
-65.816
-63.559
-60.569
-57.324
-55.299
-55.568
-58.941
-63.799
-65.795
-63.222
-57.08
-52.651
-58.738
-78.313
-108.767
-141.84
-165.916
-176.065
-171.585
-153.696
-122.355
-69.67
13.616
132.029
281.964
449.567
619.23
781.726
934.639
1079.067
1210.698
1311.859
1356.571
1320.627
1193.058
986.872
733.283
470.518
233.289
39.259
-107.873
-211.891
-281.56
-320.037
-328.957
-314.29
-282.245
-245.003
-215.108
-196.013
-186.969
-181.125
-169.249
-149.469
-124.015
-97.753
-76.866
-63.103
-55.129
-50.963
-48.24
-45.8
-43.56
-41.372
-38.969
-36.063
-32.397
-27.854
-22.575
-16.922
-11.229
-5.839
-1.151
2.541
4.961
5.878
5.327
3.533
0.77
-2.655
-6.461
-10.415
-14.223
-17.552
-20.183
-21.978
-22.89
-22.952
-22.191
-20.637
-18.351
-15.425
-11.961
-8.057
-3.796
0.778
5.627
10.713
15.977
21.344
26.737
32.081
37.331
42.46
47.447
52.288
56.99
61.576
66.083
70.555
75.027
79.527
84.076
88.694
93.408
98.253
103.26
108.47
113.917
119.627
125.627
131.932
138.544
145.456
152.656
160.115
167.809
175.703
183.754
191.929
200.195
208.521
216.881
225.238
233.545
241.763
249.851
257.776
265.522
273.079
280.437
287.612
294.631
301.528
308.353
315.128
321.85
328.52
335.121
341.639
348.075
354.409
360.614
366.659
372.488
378.027
383.195
387.861
391.871
395.075
397.307
398.44
398.382
397.039
394.334
390.203
384.57
377.378
368.596
358.187
346.149
332.534
317.415
300.931
283.272
264.611
245.148
225.073
204.55
183.756
162.874
142.072
121.545
101.498
82.113
63.59
46.094
29.724
14.562
0.632
-12.089
-23.616
-33.986
-43.26
-51.484
-58.716
-65.04
-70.531
-75.3
-79.498
-83.258
-86.722
-90.016
-93.216
-96.387
-99.574
-102.79
-106.045
-109.34
-112.653
-115.975
-119.297
-122.593
-125.838
-128.986
-131.958
-134.693
-137.138
-139.248
-141.003
-142.394
-143.411
-144.067
-144.384
-144.388
-144.112
-143.584
-142.822
-141.857
-140.72
-139.45
-138.096
-136.7
-135.293
-133.904
-132.551
-131.253
-130.026
-128.875
-127.801
-126.801
-125.877
-125.029
-124.263
-123.579
-122.977
-122.455
-122.008
-121.636
-121.337
-121.112
-120.959
-120.878
-120.869
-120.931
-121.069
-121.282
-121.569
-121.928
-122.357
-122.853
-123.413
-124.035
-124.714
-125.447
-126.23
-127.061
-127.936
-128.851
-129.802
-130.784
-131.794
-132.827
-133.878
-134.943
-136.018
-137.098
-138.177
-139.252
-140.317
-141.368
-142.398
-143.402
-144.377
-145.316
-146.217
-147.076
-147.889
-148.653
-149.367
-150.029
-150.637
-151.19
-151.686
-152.125
-152.507
-152.831
-153.098
-153.309
-153.465
-153.569
-153.622
-153.631
-153.596
-153.524
-153.418
-153.283
-153.125
-152.949
-152.762
-152.568
-152.376
-152.19
-152.019
-151.868
-151.742
-151.648
-151.59
-151.57
-151.591
-151.654
-151.759
-151.905
-152.092
-152.319
-152.586
-152.89
-153.232
-153.61
-154.022
-154.467
-154.938
-155.427
-155.927
-156.426
-156.915
-157.382
-157.812
-158.19
-158.505
-158.747
-158.905
-158.966
-158.916
-158.731
-158.398
-157.907
-157.253
-156.433
-155.447
-154.297
-152.997
-151.573
-150.05
-148.452
-146.791
-145.064
-143.271
-141.42
-139.514
-137.568
-135.576
-133.516
-131.373
-129.139
-126.801
-124.351
-121.754
-118.944
-115.876
-112.517
-108.859
-104.933
-100.763
-96.366
-91.779
-87.045
-82.238
-77.466
-72.82
-68.363
-64.168
-60.299
-56.856
-53.972
-51.748
-50.24
-49.472
-49.425
-50.085
-51.45
-53.482
-56.105
-59.203
-62.619
-66.212
-69.889
-73.54
-77.027
-80.218
-82.989
-85.303
-87.249
-88.951
-90.511
-92.062
-93.764
-95.734
-98.067
-100.717
-103.436
-105.967
-108.07
-109.429
-109.698
-108.58
-105.804
-101.392
-95.694
-88.942
-81.493
-73.985
-67.059
-62.149
-60.705
-62.889
-69.137
-78.587
-90.009
-104.374
-120.507
-137.524
-154.618
-167.813
-176.266
-178.543
-171.116
-150.736
-108.779
-37.528
66.153
201.051
357.114
523.193
690.898
853.346
1006.511
1140.888
1237.814
1275.04
1232.343
1102.497
899.377
652.223
397.003
166.313
-22.898
-166.087
-265.695
-328.991
-358.407
-356.823
-332.519
-294.428
-256.812
-231.408
-219.324
-217.064
-215.516
-205.666
-186.859
-162.41
-137.72
-118.038
-104.033
-93.779
-85.204
-76.667
-67.726
-58.677
-49.866
-41.593
-34.122
-27.837
-22.953
-19.331
-16.926
-15.704
-15.416
-15.748
-16.306
-16.548
-16.136
-15.057
-13.303
-10.924
-8.234
-5.639
-3.511
-2.246
-2.019
-2.741
-4.285
-6.436
-8.803
-10.958
-12.556
-13.309
-13.093
-11.931
-9.866
-6.992
-3.453
0.584
4.985
9.65
14.518
19.559
24.741
30.016
35.329
40.647
45.951
51.223
56.472
61.698
66.909
72.134
77.403
82.745
88.188
93.753
99.463
105.348
111.44
117.767
124.363
131.25
138.435
145.919
153.681
161.688
169.909
178.308
186.851
195.514
204.267
213.072
221.892
230.684
239.418
248.078
256.646
265.11
273.471
281.742
289.964
298.199
306.48
314.819
323.202
331.594
339.971
348.317
356.61
364.815
372.877
380.721
388.282
395.492
402.246
408.411
413.806
418.231
421.538
423.622
424.406
423.844
421.88
418.452
413.525
407.086
399.135
389.686
378.744
366.318
352.485
337.373
321.173
304.095
286.306
267.947
249.159
230.068
210.817
191.562
172.432
153.556
135.089
117.179
99.984
83.665
68.313
53.97
40.638
28.295
16.939
6.569
-2.837
-11.306
-18.875
-25.599
-31.529
-36.729
-41.318
-45.405
-49.106
-52.544
-55.794
-58.908
-61.925
-64.867
-67.75
-70.595
-73.402
-76.163
-78.881
-81.543
-84.136
-86.633
-88.974
-91.106
-92.99
-94.584
-95.87
-96.84
-97.487
-97.82
-97.862
-97.632
-97.157
-96.468
-95.582
-94.527
-93.332
-92.031
-90.67
-89.286
-87.908
-86.559
-85.26
-84.024
-82.864
-81.786
-80.783
-79.854
-78.996
-78.206
-77.483
-76.827
-76.231
-75.69
-75.198
-74.749
-74.341
-73.968
-73.629
-73.321
-73.041
-72.788
-72.563
-72.368
-72.199
-72.055
-71.933
-71.833
-71.753
-71.692
-71.647
-71.618
-71.604
-71.606
-71.624
-71.661
-71.715
-71.79
-71.887
-72.008
-72.154
-72.33
-72.536
-72.774
-73.047
-73.355
-73.701
-74.084
-74.504
-74.961
-75.455
-75.984
-76.547
-77.141
-77.765
-78.417
-79.092
-79.787
-80.499
-81.224
-81.955
-82.689
-83.419
-84.141
-84.847
-85.531
-86.187
-86.808
-87.387
-87.916
-88.389
-88.799
-89.137
-89.399
-89.576
-89.663
-89.655
-89.547
-89.336
-89.019
-88.594
-88.06
-87.416
-86.663
-85.804
-84.839
-83.774
-82.612
-81.36
-80.023
-78.61
-77.131
-75.599
-74.03
-72.439
-70.842
-69.259
-67.708
-66.211
-64.787
-63.453
-62.225
-61.121
-60.156
-59.35
-58.719
-58.277
-58.037
-58.006
-58.191
-58.595
-59.22
-60.057
-61.097
-62.333
-63.758
-65.379
-67.201
-69.227
-71.458
-73.89
-76.512
-79.317
-82.287
-85.394
-88.616
-91.921
-95.276
-98.654
-102.021
-105.339
-108.57
-111.648
-114.477
-116.999
-119.189
-121.066
-122.73
-124.267
-125.724
-127.209
-128.883
-130.854
-133.171
-135.748
-138.301
-140.579
-142.484
-143.899
-144.642
-144.561
-143.531
-141.627
-139.167
-136.393
-133.354
-130.116
-127.442
-126.739
-129.091
-134.71
-141.727
-147.174
-150.125
-152.51
-158.838
-173.2
-195.41
-220.036
-239.086
-247.111
-241.858
-224.223
-194.481
-147.269
-76.237
24.217
155.036
308.608
475.446
644.547
805.091
948.289
1061.302
1129.032
1137.088
1074.531
941.271
750.28
524.178
290.246
74.052
-107.048
-244.319
-335.072
-382.554
-394.119
-379.878
-353.625
-328.703
-312.053
-304.475
-300.08
-289.797
-269.947
-241.77
-210.38
-183.17
-163.448
-150.981
-144.152
-140.054
-137.068
-134.881
-133
-131.133
-128.983
-126.1
-122.289
-117.574
-112.161
-106.386
-100.678
-95.45
-91.05
-87.8
-85.991
-85.882
-87.481
-90.587
-94.902
-100.065
-105.761
-111.7
-117.536
-122.863
-127.374
-130.898
-133.36
-134.777
-135.171
-134.546
-132.939
-130.423
-127.095
-123.052
-118.383
-113.154
-107.409
-101.2
-94.618
-87.776
-80.77
-73.685
-66.562
-59.394
-52.227
-45.139
-38.132
-31.193
-24.375
-17.661
-10.932
-4.219
2.551
9.782
16.976
23.609
30.538
37.712
46.803
60.751
77.452
94.521
108.507
112.772
109.063
103.561
101.239
110.699
132.641
158.733
183.597
200.301
205.789
206.758
207.358
210.592
219.313
230.258
241.154
251.795
261.071
269.816
278.898
287.958
297.024
306.069
314.895
323.545
332.074
340.414
348.501
356.302
363.7
370.509
376.556
381.648
385.621
388.393
389.875
389.975
388.618
385.732
381.274
375.24
367.624
358.415
347.646
335.375
321.726
306.889
291.059
274.443
257.23
239.576
221.655
203.655
185.754
168.138
150.964
134.36
118.469
103.448
89.413
76.448
64.58
53.773
43.989
35.18
27.295
20.287
14.084
8.587
3.696
-0.699
-4.696
-8.372
-11.825
-15.164
-18.478
-21.833
-25.263
-28.765
-32.341
-35.991
-39.707
-43.478
-47.273
-51.051
-54.763
-58.357
-61.79
-65.034
-68.057
-70.823
-73.312
-75.51
-77.424
-79.073
-80.477
-81.653
-82.621
-83.407
-84.041
-84.561
-85.005
-85.413
-85.818
-86.247
-86.724
-87.268
-87.893
-88.609
-89.421
-90.323
-91.313
-92.391
-93.552
-94.794
-96.11
-97.492
-98.93
-100.415
-101.936
-103.485
-105.054
-106.635
-108.221
-109.805
-111.383
-112.949
-114.499
-116.026
-117.525
-118.989
-120.41
-121.784
-123.105
-124.367
-125.565
-126.696
-127.758
-128.748
-129.666
-130.511
-131.284
-131.984
-132.613
-133.173
-133.667
-134.097
-134.467
-134.782
-135.044
-135.26
-135.434
-135.57
-135.673
-135.748
-135.798
-135.829
-135.844
-135.847
-135.84
-135.828
-135.813
-135.797
-135.782
-135.769
-135.76
-135.754
-135.752
-135.752
-135.753
-135.751
-135.744
-135.727
-135.697
-135.649
-135.577
-135.476
-135.34
-135.163
-134.937
-134.657
-134.315
-133.905
-133.419
-132.852
-132.195
-131.445
-130.596
-129.644
-128.583
-127.413
-126.129
-124.731
-123.218
-121.59
-119.849
-117.997
-116.039
-113.979
-111.823
-109.58
-107.258
-104.869
-102.428
-99.948
-97.448
-94.944
-92.459
-90.011
-87.624
-85.318
-83.115
-81.034
-79.096
-77.32
-75.726
-74.332
-73.157
-72.216
-71.522
-71.085
-70.91
-70.997
-71.345
-71.951
-72.808
-73.919
-75.283
-76.898
-78.767
-80.888
-83.259
-85.868
-88.691
-91.697
-94.852
-98.127
-101.501
-104.954
-108.451
-111.951
-115.409
-118.766
-121.983
-125.003
-127.725
-130.094
-132.104
-133.805
-135.37
-136.966
-138.678
-140.644
-143.042
-145.922
-149.308
-153.063
-156.746
-160.042
-162.784
-164.709
-165.607
-165.411
-164.042
-161.617
-158.643
-155.404
-151.925
-149.004
-147.971
-149.655
-154.83
-162.106
-167.533
-169.456
-168.243
-167.034
-172.121
-185.723
-205.351
-225.922
-240.448
-244.156
-235.081
-210.216
-163.818
-90.408
13.987
148.266
303.486
470.212
640.228
806.089
962.137
1096.455
1189.389
1220.094
1171.788
1041.255
844.337
608.688
365.921
143.7
-43.563
-189.968
-294.403
-359.944
-386.947
-380.508
-351.698
-312.45
-278.695
-258.64
-250.5
-248.774
-242.761
-227.188
-204.438
-178.977
-157.578
-143.393
-135.176
-130.774
-127.464
-123.894
-119.926
-115.534
-110.845
-105.785
-100.25
-94.278
-87.839
-81.035
-74.183
-67.568
-61.49
-56.251
-52.017
-48.975
-47.325
-47.06
-48.009
-49.947
-52.624
-55.809
-59.306
-62.87
-66.209
-69.118
-71.477
-73.204
-74.245
-74.563
-74.124
-72.943
-71.091
-68.636
-65.634
-62.144
-58.192
-53.807
-49.034
-43.912
-38.484
-32.8
-26.906
-20.857
-14.727
-8.573
-2.424
3.704
9.821
15.946
22.09
28.279
34.54
40.895
47.364
53.966
60.709
67.614
74.709
82.017
89.568
97.377
105.447
113.773
122.335
131.103
140.036
149.095
158.233
167.411
176.601
185.763
194.866
203.879
212.76
221.482
230.029
238.388
246.551
254.534
262.355
270.043
277.646
285.188
292.674
300.11
307.48
314.774
321.975
329.046
335.942
342.62
349.011
355.046
360.638
365.652
369.95
373.391
375.818
377.116
377.197
375.969
373.357
369.307
363.787
356.8
348.37
338.51
327.242
314.622
300.737
285.747
269.834
253.172
235.949
218.338
200.503
182.631
164.915
147.507
130.53
114.089
98.265
83.175
68.945
55.655
43.349
32.013
21.604
12.095
3.454
-4.369
-11.443
-17.865
-23.752
-29.179
-34.19
-38.835
-43.151
-47.205
-51.088
-54.856
-58.531
-62.121
-65.617
-69.023
-72.353
-75.591
-78.702
-81.633
-84.321
-86.733
-88.862
-90.698
-92.235
-93.459
-94.345
-94.892
-95.117
-95.036
-94.668
-94.027
-93.121
-91.978
-90.637
-89.142
-87.543
-85.872
-84.152
-82.407
-80.657
-78.922
-77.218
-75.556
-73.934
-72.358
-70.834
-69.366
-67.963
-66.624
-65.346
-64.125
-62.956
-61.837
-60.764
-59.736
-58.749
-57.803
-56.896
-56.03
-55.206
-54.424
-53.684
-52.982
-52.317
-51.687
-51.089
-50.521
-49.98
-49.463
-48.968
-48.494
-48.04
-47.606
-47.188
-46.788
-46.404
-46.036
-45.684
-45.348
-45.028
-44.723
-44.437
-44.169
-43.92
-43.688
-43.473
-43.273
-43.086
-42.919
-42.77
-42.636
-42.52
-42.428
-42.366
-42.347
-42.369
-42.403
-42.443
-42.494
-42.535
-42.55
-42.529
-42.431
-42.272
-42.136
-42.049
-41.994
-42.049
-42.324
-42.795
-43.434
-44.19
-44.678
-45.258
-47.087
-49.823
-52.728
-54.034
-49.475
-39.378
-28.015
-19.928
-23.343
-39.816
-61.341
-80.371
-86.785
-75.806
-55.703
-35.252
-22.884
-24.892
-36.422
-50.216
-61.535
-65.886
-64.543
-61.644
-58.883
-57.742
-58.326
-59.157
-59.877
-60.582
-61.204
-61.975
-62.957
-63.964
-64.922
-65.836
-66.662
-67.373
-67.987
-68.51
-68.948
-69.326
-69.646
-69.888
-70.046
-70.119
-70.099
-69.979
-69.754
-69.414
-68.957
-68.381
-67.684
-66.864
-65.92
-64.854
-63.673
-62.381
-60.984
-59.481
-57.874
-56.173
-54.383
-52.501
-50.525
-48.441
-46.257
-44.013
-41.752
-39.495
-37.28
-35.155
-33.174
-31.417
-29.917
-28.608
-27.424
-26.362
-25.352
-24.241
-22.989
-21.603
-20.168
-19.128
-18.188
-16.018
-12.302
-7.742
-5.4
-11.059
-26.891
-49.184
-69.152
-74.605
-59.359
-29.53
0.744
15.678
5.637
-24.008
-58.373
-83.97
-91.668
-83.865
-71.121
-60.936
-58.3
-62.827
-69.434
-75.566
-79.901
-82.289
-84.41
-86.59
-88.999
-92.253
-95.631
-98.869
-101.086
-100.235
-96.501
-91.152
-86.851
-87.534
-94.689
-106.288
-117.042
-121.523
-115.673
-100.165
-81.796
-66.145
-59.14
-64.29
-77.156
-94.42
-111.246
-120.72
-123.93
-123.047
-121.744
-128.548
-144.878
-167.919
-193.758
-213.173
-220.031
-210.746
-179.333
-121.385
-33.544
85.214
229.096
388.182
553.897
720.125
883.595
1040.365
1176.887
1270.229
1294.624
1230.346
1077.077
857.249
607.248
365.789
161.222
2.932
-113.74
-198.124
-260.333
-303.512
-324.173
-321.773
-296.903
-254.504
-208.407
-170.651
-149.84
-151.108
-168.031
-187.756
-198.372
-189.899
-160.151
-118.85
-79.979
-54.561
-50.419
-64.343
-83.823
-100.069
-105.59
-98.114
-84.874
-70.487
-57.974
-50.01
-43.807
-37.72
-32.075
-26.415
-21.938
-19.548
-18.812
-19.523
-21.32
-23.704
-26.468
-29.402
-32.203
-34.676
-36.706
-38.187
-39.041
-39.229
-38.72
-37.519
-35.672
-33.227
-30.232
-26.746
-22.826
-18.534
-13.921
-9.023
-3.873
1.486
6.99
12.569
18.148
23.68
29.139
34.509
39.789
44.985
50.117
55.218
60.33
65.488
70.717
76.038
81.471
87.049
92.812
98.8
105.048
111.578
118.402
125.523
132.937
140.624
148.548
156.67
164.952
173.367
181.898
190.519
199.2
207.9
216.575
225.197
233.751
242.222
250.599
258.884
267.09
275.261
283.459
291.719
300.052
308.444
316.857
325.264
333.649
341.989
350.25
358.374
366.285
373.919
381.208
388.049
394.31
399.811
404.35
407.784
410.007
410.945
410.552
408.774
405.549
400.842
394.642
386.946
377.77
367.118
354.997
341.484
326.707
310.852
294.131
276.707
258.722
240.312
221.605
202.74
183.874
165.138
146.658
128.593
111.089
94.306
78.407
63.483
49.576
36.69
24.801
13.907
4.008
-4.918
-12.901
-19.977
-26.204
-31.634
-36.334
-40.426
-44.023
-47.242
-50.21
-53.006
-55.68
-58.276
-60.815
-63.315
-65.797
-68.26
-70.696
-73.107
-75.481
-77.8
-80.039
-82.131
-84.025
-85.677
-87.043
-88.102
-88.847
-89.267
-89.371
-89.181
-88.714
-87.996
-87.058
-85.917
-84.6
-83.137
-81.562
-79.922
-78.254
-76.587
-74.947
-73.354
-71.823
-70.367
-68.993
-67.696
-66.475
-65.328
-64.255
-63.256
-62.33
-61.475
-60.685
-59.955
-59.281
-58.66
-58.09
-57.569
-57.093
-56.663
-56.276
-55.935
-55.64
-55.388
-55.177
-55.004
-54.867
-54.762
-54.688
-54.639
-54.614
-54.61
-54.625
-54.658
-54.708
-54.773
-54.852
-54.945
-55.049
-55.166
-55.295
-55.435
-55.586
-55.748
-55.922
-56.107
-56.302
-56.509
-56.725
-56.951
-57.187
-57.432
-57.685
-57.946
-58.214
-58.49
-58.773
-59.063
-59.36
-59.663
-59.972
-60.287
-60.607
-60.933
-61.263
-61.597
-61.934
-62.273
-62.614
-62.955
-63.296
-63.636
-63.975
-64.311
-64.644
-64.973
-65.297
-65.616
-65.929
-66.235
-66.534
-66.825
-67.108
-67.382
-67.647
-67.903
-68.15
-68.386
-68.613
-68.828
-69.033
-69.226
-69.409
-69.58
-69.74
-69.889
-70.027
-70.154
-70.272
-70.379
-70.477
-70.565
-70.645
-70.716
-70.778
-70.833
-70.88
-70.921
-70.955
-70.983
-71.006
-71.025
-71.039
-71.05
-71.057
-71.063
-71.067
-71.07
-71.073
-71.078
-71.084
-71.093
-71.106
-71.124
-71.147
-71.176
-71.212
-71.255
-71.306
-71.365
-71.433
-71.51
-71.597
-71.695
-71.802
-71.921
-72.051
-72.192
-72.344
-72.509
-72.685
-72.873
-73.074
-73.286
-73.511
-73.748
-73.996
-74.256
-74.527
-74.809
-75.101
-75.403
-75.713
-76.031
-76.355
-76.686
-77.022
-77.362
-77.706
-78.052
-78.4
-78.749
-79.097
-79.445
-79.79
-80.133
-80.472
-80.806
-81.135
-81.457
-81.772
-82.08
-82.378
-82.666
-82.944
-83.211
-83.466
-83.708
-83.936
-84.15
-84.35
-84.535
-84.706
-84.861
-85
-85.125
-85.234
-85.329
-85.408
-85.473
-85.523
-85.558
-85.579
-85.586
-85.579
-85.559
-85.526
-85.48
-85.422
-85.352
-85.27
-85.177
-85.072
-84.957
-84.831
-84.696
-84.55
-84.395
-84.231
-84.058
-83.877
-83.688
-83.49
-83.285
-83.072
-82.851
-82.623
-82.387
-82.145
-81.896
-81.641
-81.38
-81.115
-80.845
-80.571
-80.294
-80.014
-79.733
-79.451
-79.168
-78.887
-78.606
-78.328
-78.054
-77.785
-77.522
-77.267
-77.021
-76.784
-76.559
-76.347
-76.15
-75.968
-75.804
-75.659
-75.535
-75.433
-75.356
-75.303
-75.275
-75.274
-75.3
-75.351
-75.428
-75.531
-75.657
-75.806
-75.976
-76.166
-76.373
-76.596
-76.831
-77.077
-77.33
-77.586
-77.842
-78.092
-78.334
-78.561
-78.769
-78.953
-79.108
-79.228
-79.307
-79.339
-79.317
-79.235
-79.086
-78.864
-78.563
-78.175
-77.696
-77.122
-76.446
-75.667
-74.781
-73.787
-72.682
-71.467
-70.141
-68.705
-67.16
-65.51
-63.757
-61.906
-59.964
-57.94
-55.845
-53.692
-51.497
-49.275
-47.044
-44.823
-42.633
-40.49
-38.413
-36.42
-34.527
-32.754
-31.123
-29.651
-28.353
-27.242
-26.329
-25.622
-25.126
-24.843
-24.765
-24.885
-25.198
-25.704
-26.415
-27.337
-28.478
-29.839
-31.42
-33.219
-35.235
-37.461
-39.879
-42.467
-45.189
-48.016
-50.923
-53.875
-56.846
-59.775
-62.56
-65.137
-67.466
-69.552
-71.467
-73.268
-74.969
-76.649
-78.449
-80.449
-82.704
-85.126
-87.432
-89.411
-90.921
-91.814
-91.965
-91.265
-89.612
-87.122
-84.202
-81.14
-78.138
-75.335
-72.812
-71.356
-72.359
-76.706
-84.349
-93.482
-101.253
-106.571
-111.164
-119.162
-134.295
-156.88
-182.155
-202.35
-211.942
-207.162
-187.187
-152.141
-96.933
-16.895
91.419
229.298
389.66
564.22
744.699
921.529
1087.578
1230.983
1334.763
1380.664
1351.129
1239.906
1055.491
819.427
563.704
319.733
111.132
-48.041
-155.965
-219.288
-246.523
-248.61
-235.943
-215.282
-194.662
-179.418
-169.524
-164.409
-159.728
-150.266
-136.063
-118.635
-101.162
-88.115
-80.411
-77.063
-76.821
-77.637
-78.495
-79.33
-79.947
-80.255
-80.099
-79.154
-77.156
-73.974
-69.703
-64.626
-59.104
-53.46
-47.989
-42.929
-38.522
-35.079
-32.714
-31.295
-30.619
-30.504
-30.794
-31.456
-32.474
-33.613
-34.691
-35.642
-36.389
-36.915
-37.211
-37.149
-36.591
-35.561
-34.095
-32.23
-30.05
-27.55
-24.7
-21.518
-18.009
-14.163
-9.991
-5.488
-0.649
4.49
9.879
15.457
21.136
26.865
32.619
38.385
44.172
49.987
55.827
61.706
67.643
73.654
79.756
85.955
92.251
98.651
105.177
111.857
118.731
125.83
133.167
140.742
148.548
156.574
164.798
173.189
181.694
190.25
198.807
207.329
215.794
224.184
232.477
240.643
248.654
256.487
264.12
271.542
278.73
285.653
292.302
298.681
304.818
310.774
316.572
322.201
327.637
332.831
337.735
342.31
346.488
350.178
353.306
355.803
357.626
358.762
359.163
358.75
357.429
355.075
351.612
347.027
341.315
334.498
326.612
317.689
307.816
297.138
285.76
273.768
261.228
248.16
234.646
220.828
206.842
192.849
178.969
165.271
151.829
138.716
125.98
113.669
101.79
90.284
79.132
68.352
57.972
48.067
38.669
29.728
21.19
13.034
5.275
-2.045
-8.905
-15.328
-21.368
-27.035
-32.259
-37.03
-41.515
-45.782
-49.8
-53.64
-57.133
-60.561
-65.034
-70.391
-75.576
-78.983
-77.444
-70.94
-62.718
-55.965
-55.202
-61.037
-69.189
-76.319
-78.909
-76.127
-71.196
-66.191
-62.447
-60.478
-59.01
-57.419
-55.786
-54.086
-52.53
-51.186
-49.885
-48.573
-47.292
-46.051
-44.853
-43.709
-42.632
-41.639
-40.762
-40.012
-39.375
-38.844
-38.416
-38.085
-37.849
-37.705
-37.647
-37.669
-37.768
-37.938
-38.173
-38.468
-38.816
-39.209
-39.64
-40.101
-40.585
-41.087
-41.6
-42.117
-42.633
-43.141
-43.637
-44.116
-44.572
-45.001
-45.4
-45.766
-46.095
-46.385
-46.634
-46.842
-47.007
-47.129
-47.208
-47.244
-47.24
-47.194
-47.111
-46.99
-46.835
-46.649
-46.434
-46.193
-45.931
-45.649
-45.354
-45.049
-44.737
-44.424
-44.112
-43.806
-43.51
-43.227
-42.961
-42.715
-42.493
-42.298
-42.133
-42
-41.902
-41.841
-41.819
-41.838
-41.898
-42.002
-42.15
-42.342
-42.578
-42.859
-43.184
-43.551
-43.961
-44.412
-44.902
-45.429
-45.992
-46.586
-47.211
-47.863
-48.539
-49.237
-49.952
-50.683
-51.426
-52.177
-52.934
-53.693
-54.451
-55.205
-55.952
-56.69
-57.414
-58.124
-58.815
-59.487
-60.136
-60.761
-61.361
-61.933
-62.476
-62.989
-63.472
-63.923
-64.343
-64.73
-65.086
-65.41
-65.703
-65.965
-66.199
-66.403
-66.58
-66.731
-66.857
-66.959
-67.04
-67.101
-67.143
-67.168
-67.179
-67.176
-67.163
-67.139
-67.108
-67.071
-67.028
-66.983
-66.935
-66.887
-66.84
-66.795
-66.753
-66.715
-66.682
-66.654
-66.632
-66.617
-66.609
-66.607
-66.613
-66.626
-66.646
-66.673
-66.706
-66.747
-66.794
-66.846
-66.904
-66.967
-67.034
-67.104
-67.177
-67.252
-67.329
-67.407
-67.485
-67.563
-67.64
-67.716
-67.791
-67.863
-67.933
-68
-68.065
-68.126
-68.183
-68.237
-68.288
-68.335
-68.379
-68.419
-68.456
-68.49
-68.521
-68.549
-68.575
-68.598
-68.62
-68.64
-68.66
-68.68
-68.7
-68.722
-68.745
-68.771
-68.801
-68.834
-68.871
-68.914
-68.962
-69.016
-69.076
-69.142
-69.216
-69.296
-69.384
-69.479
-69.581
-69.69
-69.806
-69.929
-70.058
-70.194
-70.336
-70.484
-70.637
-70.795
-70.956
-71.121
-71.289
-71.458
-71.628
-71.796
-71.963
-72.126
-72.283
-72.434
-72.577
-72.709
-72.829
-72.937
-73.029
-73.105
-73.164
-73.204
-73.223
-73.222
-73.199
-73.153
-73.084
-72.992
-72.875
-72.734
-72.568
-72.379
-72.165
-71.928
-71.668
-71.385
-71.081
-70.755
-70.41
-70.047
-69.667
-69.273
-68.867
-68.451
-68.028
-67.601
-67.173
-66.746
-66.326
-65.913
-65.513
-65.128
-64.761
-64.416
-64.096
-63.803
-63.541
-63.312
-63.117
-62.959
-62.84
-62.759
-62.718
-62.717
-62.756
-62.835
-62.953
-63.111
-63.305
-63.536
-63.801
-64.097
-64.421
-64.77
-65.139
-65.523
-65.917
-66.317
-66.715
-67.105
-67.481
-67.836
-68.161
-68.45
-68.695
-68.887
-69.019
-69.083
-69.071
-68.976
-68.793
-68.515
-68.136
-67.653
-67.062
-66.359
-65.541
-64.608
-63.557
-62.388
-61.104
-59.707
-58.2
-56.588
-54.878
-53.079
-51.205
-49.267
-47.281
-45.264
-43.236
-41.216
-39.226
-37.287
-35.419
-33.644
-31.981
-30.451
-29.074
-27.869
-26.855
-26.049
-25.462
-25.105
-24.983
-25.092
-25.43
-25.991
-26.771
-27.773
-28.998
-30.447
-32.124
-34.03
-36.164
-38.519
-41.073
-43.791
-46.64
-49.591
-52.628
-55.741
-58.902
-62.08
-65.232
-68.295
-71.228
-73.97
-76.406
-78.473
-80.161
-81.524
-82.755
-84.066
-85.596
-87.545
-90.153
-93.527
-97.697
-102.47
-107.321
-111.796
-115.498
-117.924
-118.62
-117.177
-113.334
-107.306
-99.666
-91.001
-82.139
-73.96
-67.961
-65.845
-68.19
-75.625
-87.089
-101.165
-118.583
-138.002
-158.838
-180.352
-198.262
-211.098
-216.225
-208.508
-184.336
-136.338
-58.426
49.489
185.488
342.374
511.005
686.746
864.601
1038.594
1199.948
1330.113
1406.349
1408.646
1325.262
1162.122
941.064
692.147
446.065
225.096
41.292
-100.279
-198.682
-254.354
-270.328
-255.534
-223.662
-190.536
-169.032
-162.418
-165.601
-169.066
-163.642
-147.285
-123.983
-100.147
-82.001
-71.394
-66.977
-66.48
-67.351
-68.46
-69.453
-69.959
-69.791
-68.624
-66.071
-61.956
-56.389
-49.697
-42.426
-35.156
-28.378
-22.498
-17.848
-14.723
-13.193
-13.118
-14.257
-16.277
-18.852
-21.729
-24.67
-27.425
-29.833
-31.783
-33.15
-33.866
-33.897
-33.217
-31.851
-29.849
-27.244
-24.086
-20.438
-16.364
-11.936
-7.214
-2.227
2.998
8.423
13.998
19.634
25.246
30.797
36.261
41.629
46.905
52.06
57.089
62.037
66.921
71.73
76.475
81.136
85.702
90.282
94.978
99.802
104.893
110.508
116.664
123.292
130.485
137.925
145.791
155.444
166.671
178.086
187.839
191.379
187.431
180.477
175.646
180.728
200.087
227.669
255.568
275.52
281.202
276.88
270.135
266.476
270.77
281.714
294.75
307.76
319.038
328.473
337.623
346.797
355.802
364.62
372.911
380.489
387.399
393.532
398.693
402.789
405.751
407.456
407.82
406.769
404.217
400.159
394.648
387.73
379.466
369.939
359.235
347.506
334.953
321.749
308.077
294.08
279.859
265.554
251.293
237.177
223.306
209.729
196.471
183.572
171.067
158.977
147.319
136.057
125.128
114.504
104.158
94.091
84.327
74.837
65.594
56.599
47.854
39.386
31.232
23.4
15.892
8.727
1.918
-4.497
-10.473
-16.003
-21.086
-25.733
-29.966
-33.771
-37.137
-40.074
-42.596
-44.729
-46.5
-47.92
-48.998
-49.761
-50.237
-50.458
-50.459
-50.257
-49.865
-49.303
-48.583
-47.736
-46.792
-45.77
-44.691
-43.573
-42.433
-41.294
-40.179
-39.098
-38.06
-37.075
-36.15
-35.298
-34.529
-33.848
-33.26
-32.768
-32.371
-32.071
-31.868
-31.758
-31.739
-31.805
-31.952
-32.176
-32.475
-32.842
-33.273
-33.763
-34.306
-34.897
-35.531
-36.2
-36.9
-37.623
-38.363
-39.116
-39.877
-40.64
-41.4
-42.153
-42.896
-43.625
-44.336
-45.026
-45.694
-46.336
-46.953
-47.542
-48.103
-48.637
-49.143
-49.622
-50.074
-50.501
-50.904
-51.284
-51.642
-51.979
-52.298
-52.599
-52.884
-53.155
-53.412
-53.659
-53.895
-54.123
-54.345
-54.561
-54.772
-54.981
-55.189
-55.395
-55.602
-55.81
-56.019
-56.232
-56.448
-56.667
-56.892
-57.121
-57.355
-57.594
-57.838
-58.087
-58.342
-58.601
-58.866
-59.136
-59.411
-59.691
-59.976
-60.267
-60.562
-60.864
-61.17
-61.482
-61.8
-62.124
-62.453
-62.788
-63.129
-63.476
-63.828
-64.186
-64.55
-64.919
-65.293
-65.671
-66.053
-66.439
-66.829
-67.221
-67.616
-68.012
-68.41
-68.809
-69.208
-69.607
-70.005
-70.402
-70.797
-71.189
-71.577
-71.961
-72.34
-72.713
-73.079
-73.438
-73.788
-74.128
-74.459
-74.779
-75.087
-75.383
-75.667
-75.938
-76.195
-76.44
-76.671
-76.89
-77.095
-77.288
-77.469
-77.638
-77.796
-77.943
-78.08
-78.208
-78.327
-78.438
-78.543
-78.641
-78.734
-78.822
-78.908
-78.99
-79.072
-79.153
-79.235
-79.319
-79.406
-79.497
-79.593
-79.695
-79.805
-79.923
-80.049
-80.185
-80.33
-80.486
-80.652
-80.829
-81.016
-81.215
-81.424
-81.643
-81.872
-82.11
-82.357
-82.612
-82.874
-83.143
-83.418
-83.698
-83.982
-84.269
-84.559
-84.85
-85.141
-85.431
-85.719
-86.004
-86.284
-86.559
-86.828
-87.088
-87.341
-87.583
-87.815
-88.036
-88.245
-88.441
-88.624
-88.792
-88.947
-89.087
-89.212
-89.322
-89.417
-89.497
-89.563
-89.614
-89.651
-89.674
-89.683
-89.68
-89.664
-89.636
-89.596
-89.545
-89.485
-89.414
-89.335
-89.248
-89.154
-89.054
-88.948
-88.837
-88.722
-88.604
-88.483
-88.36
-88.236
-88.112
-87.989
-87.867
-87.747
-87.631
-87.518
-87.41
-87.308
-87.211
-87.122
-87.04
-86.967
-86.904
-86.85
-86.807
-86.776
-86.756
-86.749
-86.756
-86.776
-86.81
-86.859
-86.923
-87.003
-87.098
-87.211
-87.34
-87.486
-87.65
-87.832
-88.031
-88.249
-88.484
-88.737
-89.008
-89.295
-89.599
-89.918
-90.251
-90.597
-90.953
-91.318
-91.691
-92.067
-92.446
-92.824
-93.2
-93.569
-93.93
-94.278
-94.611
-94.925
-95.216
-95.48
-95.712
-95.908
-96.064
-96.176
-96.239
-96.249
-96.2
-96.088
-95.908
-95.656
-95.325
-94.913
-94.413
-93.823
-93.14
-92.359
-91.479
-90.499
-89.416
-88.231
-86.944
-85.555
-84.065
-82.476
-80.791
-79.014
-77.149
-75.202
-73.18
-71.092
-68.949
-66.765
-64.553
-62.328
-60.108
-57.912
-55.758
-53.667
-51.657
-49.747
-47.954
-46.297
-44.794
-43.461
-42.315
-41.37
-40.639
-40.131
-39.854
-39.808
-39.989
-40.39
-41.006
-41.831
-42.868
-44.119
-45.584
-47.267
-49.168
-51.284
-53.609
-56.117
-58.768
-61.527
-64.359
-67.242
-70.159
-73.074
-75.949
-78.735
-81.37
-83.807
-85.977
-87.779
-89.157
-90.114
-90.717
-91.15
-91.613
-92.256
-93.309
-95.02
-97.495
-100.753
-104.624
-108.672
-112.534
-115.881
-118.18
-118.971
-118.036
-115.179
-110.464
-104.355
-97.19
-90.041
-84.986
-83.493
-86.084
-91.495
-96.962
-101.357
-106.678
-117.138
-136.156
-163.63
-194.183
-219.598
-234.228
-234.198
-217.564
-183.107
-125.364
-39.459
75.182
216.384
376.466
546.718
723.536
903.495
1081.111
1245.421
1374.15
1440.769
1423.679
1314.331
1124.166
880.824
618.915
368.977
150.795
-26.292
-160.457
-251.853
-300.884
-311.751
-293.793
-260.688
-228.213
-206.947
-197.941
-195.758
-191.274
-177.552
-154.949
-128.058
-103.205
-85.795
-76.849
-74.833
-77.358
-81.774
-86.767
-91.829
-96.342
-99.799
-101.564
-100.952
-97.894
-92.776
-86.103
-78.524
-70.684
-63.11
-56.385
-51.088
-47.434
-45.34
-44.583
-44.784
-45.591
-46.751
-47.997
-49.069
-49.829
-50.211
-50.19
-49.795
-49.037
-47.901
-46.373
-44.427
-42.045
-39.24
-36.043
-32.502
-28.67
-24.574
-20.229
-15.646
-10.836
-5.813
-0.593
4.815
10.391
16.104
21.902
27.716
33.498
39.23
44.909
50.552
56.172
61.779
67.39
73.029
78.718
84.473
90.308
96.233
102.268
108.448
114.809
121.388
128.211
135.287
142.617
150.194
157.998
165.996
174.154
182.438
190.818
199.276
207.788
216.322
224.845
233.32
241.72
250.031
258.239
266.335
274.325
282.229
290.079
297.928
305.803
313.703
321.618
329.515
337.37
345.173
352.892
360.484
367.897
375.064
381.916
388.389
394.373
399.729
404.311
407.95
410.529
411.973
412.211
411.203
408.908
405.27
400.27
393.911
386.187
377.105
366.686
354.942
341.962
327.891
312.874
297.082
280.655
263.701
246.349
228.724
210.942
193.144
175.455
157.991
140.917
124.385
108.536
93.521
79.418
66.253
54.057
42.833
32.589
23.342
15.072
7.747
1.344
-4.186
-8.906
-12.888
-16.265
-19.164
-21.696
-23.984
-26.106
-28.111
-30.06
-31.987
-33.919
-35.882
-37.883
-39.915
-41.987
-44.092
-46.207
-48.297
-50.293
-52.134
-53.778
-55.182
-56.322
-57.188
-57.765
-58.057
-58.084
-57.862
-57.413
-56.762
-55.925
-54.924
-53.791
-52.558
-51.273
-49.971
-48.68
-47.424
-46.219
-45.079
-44.015
-43.03
-42.116
-41.27
-40.489
-39.769
-39.11
-38.51
-37.964
-37.465
-37.009
-36.589
-36.202
-35.847
-35.519
-35.218
-34.941
-34.691
-34.467
-34.273
-34.105
-33.965
-33.849
-33.756
-33.687
-33.638
-33.609
-33.599
-33.607
-33.635
-33.682
-33.75
-33.839
-33.952
-34.089
-34.252
-34.442
-34.662
-34.912
-35.194
-35.51
-35.86
-36.246
-36.668
-37.126
-37.621
-38.151
-38.718
-39.318
-39.953
-40.62
-41.318
-42.046
-42.802
-43.585
-44.391
-45.219
-46.067
-46.931
-47.81
-48.7
-49.597
-50.498
-51.399
-52.297
-53.189
-54.069
-54.935
-55.783
-56.608
-57.408
-58.179
-58.919
-59.622
-60.288
-60.912
-61.493
-62.029
-62.518
-62.958
-63.347
-63.686
-63.972
-64.207
-64.389
-64.518
-64.596
-64.623
-64.601
-64.529
-64.412
-64.25
-64.045
-63.801
-63.521
-63.207
-62.862
-62.49
-62.094
-61.678
-61.246
-60.801
-60.348
-59.89
-59.432
-58.978
-58.531
-58.096
-57.676
-57.276
-56.898
-56.548
-56.227
-55.939
-55.688
-55.476
-55.305
-55.178
-55.097
-55.064
-55.08
-55.145
-55.261
-55.427
-55.644
-55.912
-56.229
-56.596
-57.01
-57.47
-57.975
-58.522
-59.11
-59.735
-60.394
-61.085
-61.804
-62.548
-63.313
-64.094
-64.889
-65.693
-66.502
-67.311
-68.117
-68.916
-69.702
-70.473
-71.224
-71.952
-72.652
-73.323
-73.96
-74.561
-75.123
-75.644
-76.123
-76.556
-76.944
-77.284
-77.576
-77.819
-78.013
-78.158
-78.254
-78.302
-78.303
-78.258
-78.169
-78.037
-77.865
-77.654
-77.408
-77.129
-76.819
-76.483
-76.122
-75.741
-75.342
-74.93
-74.507
-74.077
-73.642
-73.207
-72.773
-72.345
-71.923
-71.512
-71.113
-70.727
-70.357
-70.008
-69.679
-69.374
-69.094
-68.838
-68.609
-68.412
-68.242
-68.095
-67.968
-67.858
-67.768
-67.71
-67.676
-67.657
-67.674
-67.739
-67.866
-68.07
-68.338
-68.638
-68.988
-69.415
-69.843
-70.178
-70.477
-70.732
-70.928
-71.262
-71.2
-70.223
-69.073
-67.976
-68.294
-71.659
-76.266
-80.912
-83.806
-82.486
-79.131
-75.584
-73.111
-73.8
-76.157
-78.666
-80.988
-82.199
-82.833
-83.577
-84.298
-85.082
-85.879
-86.548
-87.176
-87.835
-88.496
-89.149
-89.8
-90.442
-91.064
-91.659
-92.209
-92.692
-93.109
-93.459
-93.735
-93.93
-94.037
-94.049
-93.96
-93.768
-93.464
-93.043
-92.501
-91.833
-91.037
-90.11
-89.051
-87.86
-86.536
-85.08
-83.495
-81.783
-79.948
-77.996
-75.931
-73.762
-71.497
-69.15
-66.733
-64.264
-61.759
-59.239
-56.723
-54.236
-51.799
-49.435
-47.163
-45.004
-42.98
-41.112
-39.422
-37.93
-36.65
-35.596
-34.777
-34.201
-33.871
-33.78
-33.921
-34.286
-34.868
-35.67
-36.699
-37.955
-39.445
-41.169
-43.118
-45.291
-47.675
-50.251
-53.007
-55.921
-58.967
-62.125
-65.363
-68.647
-71.946
-75.189
-78.274
-81.124
-83.686
-85.973
-88.086
-90.114
-92.121
-94.224
-96.583
-99.33
-102.53
-106.049
-109.55
-112.694
-115.215
-116.916
-117.544
-116.803
-114.567
-110.969
-106.351
-101.099
-95.548
-89.852
-84.979
-82.694
-84.077
-89.412
-96.937
-103.556
-108.368
-113.551
-123.77
-143.194
-171.845
-204.26
-231.848
-248.317
-250.54
-237.913
-210.468
-163.464
-89.767
15.154
152.434
316.101
495.227
681.494
868.255
1049.922
1219.935
1362.199
1453.318
1469.803
1394.753
1229.665
996.141
727.324
459.573
220.841
24.034
-126.812
-233.309
-298.938
-323.661
-313.053
-278.569
-234.052
-197.77
-178.532
-174.406
-178.423
-177.725
-166.371
-146.661
-123.477
-104.526
-93.095
-87.64
-85.869
-84.854
-83.124
-80.723
-77.919
-75.232
-72.956
-71.241
-69.654
-66.694
-62.132
-56.906
-52.476
-52.263
-57.043
-63.342
-67.291
-63.265
-48.211
-26.951
-6.153
7.237
7.529
-2.476
-16.198
-28.464
-34.459
-34.445
-32.234
-29.699
-28.155
-27.686
-26.745
-24.938
-22.587
-19.776
-16.8
-13.765
-10.466
-6.841
-2.945
1.245
5.754
10.549
15.614
20.91
26.343
31.843
37.355
42.833
48.265
53.662
59.035
64.396
69.757
75.133
80.548
86.031
91.606
97.299
103.129
109.119
115.298
121.697
128.352
135.28
142.479
149.935
157.621
165.513
173.588
181.819
190.18
198.634
207.152
215.711
224.283
232.848
241.399
249.925
258.419
266.895
275.367
283.858
292.41
301.033
309.727
318.486
327.286
336.108
344.92
353.665
362.279
370.691
378.806
386.527
393.748
400.323
406.118
411.007
414.856
417.574
419.094
419.346
418.28
415.862
412.072
406.927
400.463
392.712
383.717
373.549
362.301
350.116
337.129
323.444
309.156
294.34
279.066
263.427
247.525
231.438
215.243
199.01
182.806
166.732
150.904
135.4
120.263
105.511
91.166
77.293
63.988
51.335
39.399
28.219
17.811
8.205
-0.57
-8.517
-15.663
-22.075
-27.851
-33.054
-37.713
-41.857
-45.514
-48.748
-51.657
-54.313
-56.763
-59.049
-61.198
-63.248
-65.242
-67.187
-69.065
-70.837
-72.444
-73.856
-75.069
-76.078
-76.882
-77.469
-77.817
-77.923
-77.804
-77.473
-76.944
-76.228
-75.329
-74.271
-73.094
-71.84
-70.558
-69.283
-68.037
-66.842
-65.717
-64.678
-63.738
-62.902
-62.165
-61.527
-60.988
-60.549
-60.213
-59.978
-59.835
-59.777
-59.794
-59.88
-60.029
-60.235
-60.489
-60.789
-61.129
-61.508
-61.924
-62.374
-62.854
-63.361
-63.888
-64.433
-64.989
-65.553
-66.12
-66.686
-67.248
-67.804
-68.351
-68.888
-69.415
-69.931
-70.435
-70.927
-71.408
-71.877
-72.337
-72.787
-73.23
-73.665
-74.095
-74.522
-74.946
-75.37
-75.794
-76.22
-76.649
-77.081
-77.518
-77.96
-78.408
-78.862
-79.323
-79.791
-80.267
-80.751
-81.243
-81.743
-82.25
-82.766
-83.287
-83.815
-84.348
-84.885
-85.426
-85.97
-86.515
-87.061
-87.607
-88.152
-88.695
-89.236
-89.774
-90.308
-90.839
-91.364
-91.885
-92.402
-92.913
-93.421
-93.924
-94.424
-94.92
-95.415
-95.908
-96.401
-96.894
-97.388
-97.886
-98.387
-98.894
-99.406
-99.926
-100.455
-100.993
-101.542
-102.102
-102.675
-103.26
-103.858
-104.469
-105.094
-105.733
-106.385
-107.05
-107.727
-108.415
-109.114
-109.822
-110.538
-111.26
-111.987
-112.716
-113.446
-114.175
-114.9
-115.619
-116.329
-117.029
-117.715
-118.385
-119.037
-119.667
-120.274
-120.855
-121.408
-121.93
-122.419
-122.873
-123.291
-123.671
-124.011
-124.309
-124.564
-124.776
-124.944
-125.067
-125.144
-125.176
-125.163
-125.105
-125.002
-124.855
-124.665
-124.432
-124.157
-123.842
-123.486
-123.093
-122.661
-122.193
-121.69
-121.152
-120.582
-119.979
-119.344
-118.678
-117.983
-117.258
-116.504
-115.722
-114.912
-114.074
-113.209
-112.315
-111.394
-110.445
-109.467
-108.46
-107.424
-106.356
-105.258
-104.126
-102.962
-101.764
-100.53
-99.261
-97.955
-96.612
-95.231
-93.812
-92.355
-90.86
-89.327
-87.757
-86.152
-84.512
-82.839
-81.136
-79.403
-77.645
-75.863
-74.06
-72.241
-70.408
-68.565
-66.716
-64.866
-63.019
-61.179
-59.353
-57.544
-55.759
-54.003
-52.281
-50.599
-48.962
-47.376
-45.847
-44.38
-42.981
-41.654
-40.405
-39.238
-38.157
-37.166
-36.268
-35.465
-34.759
-34.152
-33.643
-33.234
-32.923
-32.71
-32.592
-32.568
-32.635
-32.789
-33.026
-33.341
-33.731
-34.187
-34.705
-35.276
-35.895
-36.551
-37.238
-37.947
-38.668
-39.391
-40.108
-40.807
-41.479
-42.112
-42.696
-43.221
-43.677
-44.055
-44.344
-44.538
-44.629
-44.609
-44.473
-44.216
-43.833
-43.322
-42.68
-41.906
-41.001
-39.966
-38.803
-37.517
-36.113
-34.601
-32.992
-31.299
-29.537
-27.721
-25.872
-24.009
-22.153
-20.324
-18.544
-16.832
-15.209
-13.697
-12.319
-11.095
-10.045
-9.185
-8.529
-8.088
-7.87
-7.876
-8.104
-8.549
-9.21
-10.092
-11.201
-12.541
-14.117
-15.93
-17.977
-20.25
-22.735
-25.409
-28.245
-31.223
-34.321
-37.517
-40.784
-44.088
-47.384
-50.624
-53.74
-56.642
-59.269
-61.591
-63.63
-65.49
-67.277
-69.087
-71.063
-73.389
-76.188
-79.531
-83.343
-87.319
-91.215
-94.883
-98.081
-100.54
-101.996
-102.107
-100.817
-98.526
-95.416
-91.504
-87.136
-82.645
-79.096
-78.589
-81.822
-88.475
-97.608
-106.707
-115.777
-126.732
-140.88
-160.125
-182.698
-203.861
-219.28
-223.237
-211.083
-178.338
-118.563
-27.443
96.779
251.426
427.516
615.682
807.23
994.122
1169.581
1320.585
1426.792
1465.682
1417.593
1276.931
1058.358
791.214
512.295
255.491
40.477
-124.464
-239.151
-310.025
-340.59
-336.354
-308.132
-266.086
-225.161
-197.445
-183.991
-181.882
-182.134
-174.976
-159.499
-138.572
-117.461
-102.32
-94.218
-91.255
-91.239
-91.69
-91.419
-90.498
-89.119
-87.358
-85.311
-83.133
-80.805
-78.363
-76.087
-74.04
-72.057
-70.131
-68.089
-65.598
-62.633
-59.215
-55.275
-50.985
-46.684
-42.553
-38.85
-35.927
-33.89
-32.746
-32.453
-32.739
-33.235
-33.722
-34.008
-33.873
-33.212
-31.946
-30.037
-27.608
-24.834
-21.81
-18.574
-15.139
-11.476
-7.586
-3.495
0.81
5.362
10.178
15.249
20.536
25.97
31.483
37.049
42.658
48.308
54.002
59.735
65.506
71.331
77.234
83.236
89.352
95.592
101.965
108.492
115.209
122.147
129.335
136.79
144.511
152.492
160.718
169.162
177.786
186.554
195.421
204.35
213.317
222.285
231.22
240.088
248.847
257.464
265.921
274.203
282.299
290.22
297.977
305.597
313.122
320.567
327.933
335.216
342.396
349.462
356.394
363.159
369.72
376.032
382.035
387.662
392.832
397.425
401.314
404.366
406.435
407.418
407.236
405.813
403.087
398.997
393.505
386.603
378.301
368.607
357.538
345.136
331.479
316.705
300.974
284.455
267.327
249.744
231.859
213.84
195.858
178.089
160.679
143.75
127.411
111.781
96.994
83.153
70.316
58.49
47.657
37.789
28.856
20.83
13.655
7.255
1.534
-3.617
-8.275
-12.507
-16.376
-19.956
-23.344
-26.616
-29.817
-32.963
-36.057
-39.104
-42.111
-45.086
-48.003
-50.824
-53.502
-55.978
-58.22
-60.207
-61.919
-63.337
-64.435
-65.193
-65.617
-65.723
-65.531
-65.057
-64.316
-63.322
-62.111
-60.721
-59.194
-57.578
-55.906
-54.205
-52.502
-50.82
-49.179
-47.596
-46.078
-44.628
-43.249
-41.946
-40.724
-39.588
-38.538
-37.571
-36.684
-35.872
-35.133
-34.465
-33.863
-33.327
-32.854
-32.444
-32.097
-31.814
-31.595
-31.438
-31.342
-31.302
-31.316
-31.381
-31.492
-31.646
-31.838
-32.066
-32.327
-32.617
-32.936
-33.281
-33.649
-34.038
-34.448
-34.875
-35.32
-35.781
-36.257
-36.748
-37.253
-37.772
-38.305
-38.852
-39.413
-39.988
-40.576
-41.178
-41.793
-42.421
-43.061
-43.714
-44.38
-45.058
-45.748
-46.451
-47.167
-47.896
-48.638
-49.392
-50.159
-50.937
-51.727
-52.528
-53.34
-54.16
-54.989
-55.825
-56.668
-57.516
-58.369
-59.225
-60.083
-60.942
-61.8
-62.656
-63.508
-64.356
-65.199
-66.034
-66.861
-67.679
-68.486
-69.283
-70.067
-70.839
-71.597
-72.341
-73.07
-73.784
-74.481
-75.162
-75.825
-76.472
-77.101
-77.713
-78.307
-78.883
-79.442
-79.983
-80.507
-81.014
-81.504
-81.977
-82.434
-82.875
-83.3
-83.711
-84.106
-84.487
-84.854
-85.208
-85.548
-85.876
-86.191
-86.495
-86.786
-87.066
-87.334
-87.591
-87.838
-88.073
-88.298
-88.512
-88.716
-88.909
-89.093
-89.266
-89.429
-89.583
-89.726
-89.86
-89.984
-90.098
-90.202
-90.297
-90.382
-90.458
-90.525
-90.584
-90.633
-90.675
-90.709
-90.735
-90.753
-90.766
-90.771
-90.771
-90.766
-90.755
-90.741
-90.722
-90.7
-90.675
-90.648
-90.619
-90.587
-90.555
-90.521
-90.487
-90.452
-90.416
-90.38
-90.345
-90.309
-90.273
-90.238
-90.202
-90.166
-90.129
-90.091
-90.052
-90.011
-89.968
-89.922
-89.873
-89.819
-89.761
-89.698
-89.628
-89.552
-89.468
-89.377
-89.277
-89.169
-89.052
-88.925
-88.79
-88.646
-88.493
-88.332
-88.162
-87.985
-87.801
-87.611
-87.415
-87.214
-87.009
-86.802
-86.594
-86.385
-86.179
-85.975
-85.777
-85.585
-85.402
-85.229
-85.07
-84.925
-84.797
-84.689
-84.602
-84.539
-84.502
-84.492
-84.51
-84.559
-84.638
-84.749
-84.891
-85.063
-85.267
-85.5
-85.763
-86.054
-86.37
-86.711
-87.073
-87.455
-87.853
-88.263
-88.68
-89.102
-89.522
-89.936
-90.339
-90.725
-91.088
-91.421
-91.718
-91.971
-92.174
-92.318
-92.396
-92.4
-92.323
-92.159
-91.9
-91.541
-91.076
-90.5
-89.81
-89.002
-88.074
-87.022
-85.846
-84.548
-83.127
-81.585
-79.927
-78.156
-76.281
-74.312
-72.261
-70.143
-67.973
-65.769
-63.552
-61.342
-59.161
-57.027
-54.96
-52.978
-51.101
-49.351
-47.748
-46.311
-45.056
-43.995
-43.138
-42.495
-42.066
-41.846
-41.826
-41.998
-42.36
-42.92
-43.688
-44.67
-45.87
-47.295
-48.938
-50.798
-52.862
-55.104
-57.506
-60.048
-62.705
-65.467
-68.308
-71.191
-74.081
-76.902
-79.546
-81.944
-84.052
-85.87
-87.506
-89.084
-90.702
-92.538
-94.802
-97.611
-101.014
-104.891
-108.831
-112.392
-115.234
-116.991
-117.314
-115.964
-112.755
-107.725
-101.414
-94.592
-87.834
-81.641
-76.695
-73.621
-73.638
-78.563
-88.64
-103.146
-120.572
-137.801
-153.792
-169.006
-183.813
-199.563
-215.141
-227.495
-232.47
-223.452
-193.884
-136.592
-46.292
76.402
227.281
397.465
577.034
761.468
946.908
1128.113
1294.641
1423.907
1488.582
1465.576
1344.709
1137.695
874.401
593.15
329.13
105.078
-69.953
-197.003
-280.633
-324.536
-332.787
-312.481
-274.541
-233.973
-204.36
-190.531
-189.928
-193.641
-191.035
-178.878
-159.426
-137.96
-121.147
-110.967
-105.888
-103.775
-102.044
-99.568
-96.559
-93.277
-89.98
-86.888
-84.213
-81.924
-79.817
-77.831
-75.815
-73.649
-71.403
-68.901
-65.773
-62.048
-57.957
-53.751
-49.846
-46.423
-43.454
-41.121
-39.714
-39.296
-39.756
-40.788
-41.9
-42.82
-43.463
-43.691
-43.342
-42.275
-40.426
-37.886
-34.889
-31.595
-28.052
-24.265
-20.22
-15.927
-11.43
-6.758
-1.893
3.188
8.472
13.92
19.457
24.999
30.508
35.982
41.426
46.852
52.268
57.671
63.079
68.521
74.02
79.597
85.271
91.05
96.962
103.041
109.319
115.835
122.607
129.636
136.918
144.436
152.159
160.058
168.098
176.234
184.446
192.713
201.016
209.334
217.642
225.918
234.158
242.359
250.515
258.624
266.681
274.69
282.683
290.681
298.691
306.716
314.723
322.665
330.497
338.16
345.587
352.702
359.397
365.55
371.064
375.852
379.839
382.959
385.108
386.193
386.142
384.891
382.418
378.722
373.801
367.67
360.363
351.93
342.466
332.1
320.928
309.026
296.451
283.236
269.458
255.212
240.588
225.68
210.566
195.318
180.03
164.806
149.746
134.934
120.407
106.17
92.254
78.717
65.647
53.162
41.341
30.23
19.863
10.266
1.462
-6.546
-13.789
-20.34
-26.286
-31.692
-36.591
-40.992
-44.913
-48.403
-51.534
-54.396
-57.056
-59.558
-61.943
-64.249
-66.512
-68.747
-70.942
-73.047
-75
-76.76
-78.316
-79.667
-80.817
-81.76
-82.482
-82.971
-83.23
-83.267
-83.09
-82.704
-82.112
-81.327
-80.382
-79.323
-78.199
-77.051
-75.903
-74.776
-73.684
-72.643
-71.665
-70.756
-69.912
-69.132
-68.418
-67.771
-67.196
-66.694
-66.258
-65.881
-65.554
-65.271
-65.025
-64.813
-64.628
-64.466
-64.325
-64.204
-64.104
-64.025
-63.966
-63.922
-63.893
-63.873
-63.862
-63.856
-63.851
-63.846
-63.839
-63.828
-63.813
-63.795
-63.774
-63.751
-63.725
-63.7
-63.676
-63.655
-63.637
-63.626
-63.623
-63.63
-63.648
-63.681
-63.729
-63.794
-63.878
-63.983
-64.108
-64.256
-64.425
-64.616
-64.829
-65.065
-65.322
-65.602
-65.903
-66.225
-66.567
-66.929
-67.31
-67.707
-68.12
-68.547
-68.986
-69.434
-69.89
-70.352
-70.817
-71.283
-71.75
-72.213
-72.672
-73.124
-73.568
-74.001
-74.423
-74.831
-75.225
-75.603
-75.964
-76.308
-76.634
-76.942
-77.232
-77.504
-77.757
-77.994
-78.213
-78.416
-78.604
-78.777
-78.936
-79.083
-79.22
-79.346
-79.464
-79.575
-79.68
-79.781
-79.878
-79.974
-80.069
-80.165
-80.262
-80.363
-80.468
-80.577
-80.692
-80.814
-80.944
-81.081
-81.227
-81.381
-81.545
-81.717
-81.899
-82.09
-82.29
-82.498
-82.714
-82.937
-83.167
-83.403
-83.645
-83.891
-84.14
-84.392
-84.647
-84.902
-85.157
-85.411
-85.664
-85.913
-86.159
-86.399
-86.634
-86.862
-87.083
-87.295
-87.497
-87.689
-87.87
-88.039
-88.194
-88.336
-88.462
-88.574
-88.669
-88.748
-88.81
-88.854
-88.881
-88.889
-88.88
-88.852
-88.805
-88.741
-88.658
-88.558
-88.44
-88.305
-88.153
-87.985
-87.802
-87.604
-87.392
-87.167
-86.931
-86.684
-86.428
-86.164
-85.894
-85.619
-85.342
-85.063
-84.785
-84.509
-84.239
-83.976
-83.723
-83.481
-83.253
-83.041
-82.846
-82.671
-82.516
-82.384
-82.275
-82.191
-82.131
-82.096
-82.087
-82.104
-82.145
-82.211
-82.3
-82.41
-82.54
-82.687
-82.849
-83.023
-83.204
-83.389
-83.575
-83.755
-83.926
-84.081
-84.216
-84.324
-84.398
-84.432
-84.419
-84.352
-84.223
-84.026
-83.754
-83.401
-82.96
-82.426
-81.793
-81.056
-80.211
-79.256
-78.186
-76.999
-75.695
-74.273
-72.735
-71.084
-69.322
-67.455
-65.49
-63.438
-61.309
-59.115
-56.873
-54.597
-52.306
-50.017
-47.75
-45.523
-43.354
-41.262
-39.266
-37.386
-35.641
-34.049
-32.627
-31.389
-30.345
-29.505
-28.868
-28.436
-28.207
-28.178
-28.357
-28.747
-29.348
-30.165
-31.197
-32.444
-33.898
-35.541
-37.34
-39.266
-41.292
-43.401
-45.582
-47.808
-50.053
-52.277
-54.424
-56.456
-58.322
-59.936
-61.25
-62.257
-62.994
-63.612
-64.282
-65.123
-66.305
-68.034
-70.403
-73.468
-77.135
-81.069
-84.971
-88.592
-91.576
-93.527
-94.118
-93.057
-90.302
-86.149
-80.893
-74.885
-68.714
-63.178
-59.193
-57.689
-59.526
-65.287
-75.343
-89.99
-108.282
-127.744
-145.815
-159.387
-166.683
-168.577
-164.22
-150.943
-123.851
-73.849
5.448
114.546
250.376
404.151
566.972
735.854
907.03
1074.648
1227.418
1341.177
1389.488
1352.756
1223.914
1018.937
769.675
511.522
276.389
81.654
-70.293
-182.895
-262.299
-312.579
-332.51
-323.886
-292.939
-248.658
-205.33
-173.046
-153.78
-145.431
-140.044
-130.774
-117.125
-100.787
-85.758
-75.997
-71.428
-70.495
-71.464
-72.121
-71.686
-70.328
-67.936
-64.613
-60.454
-55.311
-49.339
-42.997
-36.659
-30.659
-25.343
-20.899
-17.518
-15.433
-14.628
-14.907
-16.034
-17.726
-19.749
-21.934
-24.072
-25.929
-27.33
-28.174
-28.408
-28.01
-26.976
-25.306
-23.033
-20.223
-16.956
-13.299
-9.316
-5.059
-0.561
4.142
9.02
14.051
19.193
24.406
29.647
34.857
39.998
45.05
50.001
54.859
59.645
64.381
69.094
73.821
78.587
83.417
88.334
93.353
98.499
103.8
109.285
114.995
120.965
127.222
133.794
140.693
147.921
155.473
163.338
171.49
179.903
188.544
197.369
206.345
215.438
224.614
233.845
243.089
252.303
261.453
270.496
279.4
288.15
296.732
305.138
313.383
321.479
329.453
337.343
345.162
352.909
360.571
368.121
375.544
382.817
389.9
396.752
403.326
409.55
415.36
420.668
425.346
429.275
432.322
434.347
435.252
434.956
433.393
430.521
426.291
420.665
413.638
405.201
395.355
384.128
371.544
357.677
342.66
326.627
309.724
292.112
273.921
255.29
236.359
217.254
198.114
179.081
160.286
141.888
124.039
106.874
90.536
75.109
60.626
47.121
34.608
23.088
12.569
3.033
-5.554
-13.216
-19.999
-25.965
-31.191
-35.797
-39.899
-43.599
-47.011
-50.207
-53.233
-56.142
-58.966
-61.725
-64.442
-67.122
-69.758
-72.358
-74.915
-77.408
-79.805
-82.041
-84.065
-85.837
-87.321
-88.497
-89.358
-89.898
-90.124
-90.059
-89.723
-89.141
-88.341
-87.344
-86.174
-84.866
-83.454
-81.987
-80.503
-79.032
-77.601
-76.229
-74.934
-73.728
-72.618
-71.6
-70.673
-69.835
-69.086
-68.426
-67.856
-67.369
-66.962
-66.629
-66.366
-66.168
-66.032
-65.956
-65.935
-65.968
-66.052
-66.188
-66.374
-66.608
-66.885
-67.202
-67.555
-67.941
-68.355
-68.792
-69.25
-69.725
-70.214
-70.715
-71.226
-71.743
-72.267
-72.795
-73.326
-73.86
-74.395
-74.93
-75.467
-76.003
-76.539
-77.074
-77.608
-78.14
-78.669
-79.194
-79.715
-80.231
-80.741
-81.244
-81.741
-82.229
-82.71
-83.181
-83.642
-84.093
-84.533
-84.962
-85.379
-85.784
-86.176
-86.555
-86.92
-87.271
-87.608
-87.93
-88.238
-88.531
-88.81
-89.075
-89.326
-89.565
-89.792
-90.009
-90.218
-90.42
-90.617
-90.812
-91.007
-91.206
-91.411
-91.625
-91.852
-92.095
-92.359
-92.646
-92.962
-93.309
-93.692
-94.115
-94.581
-95.095
-95.659
-96.278
-96.954
-97.691
-98.491
-99.357
-100.292
-101.296
-102.373
-103.522
-104.746
-106.044
-107.416
-108.863
-110.383
-111.974
-113.636
-115.366
-117.161
-119.018
-120.932
-122.899
-124.914
-126.971
-129.065
-131.188
-133.333
-135.495
-137.664
-139.833
-141.993
-144.138
-146.257
-148.343
-150.386
-152.377
-154.308
-156.169
-157.951
-159.647
-161.246
-162.742
-164.125
-165.389
-166.524
-167.525
-168.382
-169.091
-169.644
-170.036
-170.263
-170.32
-170.205
-169.916
-169.451
-168.81
-167.994
-167.004
-165.844
-164.516
-163.025
-161.377
-159.58
-157.64
-155.569
-153.376
-151.076
-148.684
-146.216
-143.69
-141.125
-138.541
-135.96
-133.404
-130.892
-128.445
-126.084
-123.828
-121.695
-119.706
-117.877
-116.227
-114.769
-113.516
-112.476
-111.654
-111.045
-110.644
-110.447
-110.447
-110.648
-111.05
-111.65
-112.45
-113.45
-114.644
-116.025
-117.569
-119.239
-120.999
-122.821
-124.684
-126.581
-128.489
-130.378
-132.21
-133.932
-135.507
-136.887
-137.982
-138.736
-139.139
-139.245
-139.231
-139.305
-139.615
-140.353
-141.737
-143.875
-146.825
-150.452
-154.309
-157.988
-161.124
-163.262
-163.992
-162.971
-159.879
-154.763
-148.145
-140.536
-132.58
-125.113
-118.994
-115.298
-115.094
-119.154
-127.888
-141.438
-159.683
-181.201
-202.873
-221.028
-231.823
-234.128
-230.402
-221.866
-207.297
-179.216
-124.534
-34.078
94.988
254.756
429.636
607.142
778.469
940.3
1087.978
1206.279
1272.815
1262.661
1161.309
975.029
728.898
461.013
208.778
-2.597
-162.007
-271.56
-340.746
-377.939
-390.185
-383.865
-363.303
-335.936
-309.428
-286.445
-268.027
-250.964
-230.081
-205.2
-178.267
-152.861
-133.663
-121.684
-115.586
-113.534
-112.949
-112.231
-110.855
-108.417
-104.799
-100.061
-94.228
-87.472
-80.261
-73.322
-67.478
-63.294
-61.027
-60.671
-62.039
-64.947
-69.083
-73.785
-78.165
-81.609
-83.801
-84.691
-84.517
-83.369
-81.274
-78.516
-75.523
-72.584
-69.832
-67.167
-64.256
-60.95
-57.254
-53.119
-48.509
-43.406
-37.827
-31.938
-26.006
-20.208
-14.625
-9.29
-4.186
0.686
5.316
9.739
14.015
18.202
22.349
26.478
30.602
34.749
38.962
43.296
47.802
52.514
57.46
62.664
68.147
73.934
80.039
86.46
93.192
100.23
107.559
115.17
123.043
131.14
139.429
147.878
156.455
165.141
173.911
182.727
191.554
200.357
209.107
217.796
226.414
234.951
243.416
251.827
260.216
268.632
277.107
285.639
294.224
302.832
311.434
320.014
328.539
336.963
345.224
353.249
360.954
368.262
375.068
381.234
386.612
391.027
394.331
396.428
397.23
396.676
394.716
391.294
386.379
379.984
372.139
362.887
352.282
340.373
327.228
312.98
297.781
281.812
265.252
248.235
230.905
213.405
195.878
178.487
161.368
144.612
128.293
112.493
97.285
82.765
69.022
56.088
43.968
32.65
22.111
12.347
3.337
-4.967
-12.634
-19.754
-26.399
-32.602
-38.387
-43.787
-48.841
-53.611
-58.162
-62.524
-66.713
-70.742
-74.619
-78.359
-81.964
-85.41
-88.648
-91.622
-94.293
-96.649
-98.687
-100.407
-101.805
-102.868
-103.588
-103.976
-104.047
-103.815
-103.293
-102.491
-101.432
-100.151
-98.697
-97.123
-95.468
-93.762
-92.031
-90.294
-88.572
-86.884
-85.242
-83.65
-82.114
-80.64
-79.237
-77.914
-76.675
-75.52
-74.443
-73.441
-72.509
-71.645
-70.847
-70.113
-69.441
-68.828
-68.277
-67.79
-67.367
-67.006
-66.705
-66.462
-66.273
-66.135
-66.046
-66.001
-65.998
-66.035
-66.109
-66.22
-66.366
-66.547
-66.761
-67.007
-67.285
-67.593
-67.931
-68.298
-68.694
-69.118
-69.571
-70.05
-70.557
-71.09
-71.648
-72.23
-72.834
-73.457
-74.096
-74.748
-75.411
-76.08
-76.751
-77.422
-78.088
-78.744
-79.386
-80.008
-80.605
-81.171
-81.7
-82.184
-82.618
-82.994
-83.307
-83.551
-83.72
-83.808
-83.811
-83.724
-83.544
-83.267
-82.891
-82.412
-81.83
-81.146
-80.36
-79.475
-78.496
-77.426
-76.273
-75.048
-73.761
-72.423
-71.048
-69.651
-68.249
-66.858
-65.493
-64.173
-62.912
-61.728
-60.636
-59.655
-58.8
-58.086
-57.526
-57.13
-56.908
-56.863
-56.993
-57.293
-57.761
-58.392
-59.193
-60.165
-61.306
-62.62
-64.104
-65.755
-67.566
-69.513
-71.563
-73.684
-75.851
-78.049
-80.274
-82.507
-84.724
-86.889
-88.952
-90.879
-92.625
-94.113
-95.299
-96.178
-96.8
-97.335
-97.966
-98.83
-100.104
-101.97
-104.51
-107.766
-111.597
-115.605
-119.435
-122.754
-125.123
-126.15
-125.5
-122.857
-118.238
-112.069
-104.749
-96.858
-89.245
-82.739
-78.345
-77.264
-80.372
-88.106
-100.863
-117.944
-137.35
-156.958
-173.709
-185.443
-192.254
-193.369
-187.616
-171.577
-137.465
-78.845
8.969
126.862
268.218
425.43
589.452
750.173
899.876
1026.444
1114.442
1148.334
1113.477
1005.777
835.094
622.367
396.679
185.694
7.242
-130.347
-227.709
-291.398
-326.13
-336.806
-329.82
-310.428
-287.446
-268.724
-255.982
-248.671
-241.86
-229.747
-211.966
-190.475
-169.103
-152.394
-141.36
-134.952
-131.609
-129.154
-126.401
-123.157
-119.314
-114.828
-109.629
-103.543
-96.543
-89.114
-81.966
-75.597
-70.253
-65.945
-62.662
-60.5
-59.508
-59.35
-59.425
-59.282
-58.789
-58.153
-57.537
-56.931
-56.263
-55.57
-55.079
-54.941
-55.033
-55.018
-54.606
-53.662
-52.17
-50.143
-47.504
-44.189
-40.262
-35.879
-31.198
-26.31
-21.247
-16.022
-10.684
-5.306
0.044
5.339
10.58
15.768
20.906
25.994
31.038
36.061
41.102
46.193
51.363
56.629
62.006
67.519
73.202
79.096
85.247
91.68
98.41
105.445
112.785
120.417
128.321
136.457
144.78
153.251
161.845
170.54
179.313
188.129
196.943
205.709
214.397
222.989
231.471
239.831
248.07
256.206
264.285
272.368
280.494
288.677
296.898
305.131
313.361
321.573
329.752
337.869
345.867
353.68
361.25
368.499
375.32
381.569
387.053
391.575
394.985
397.166
398.043
397.552
395.615
392.168
387.165
380.575
372.4
362.643
351.296
338.402
324.053
308.395
291.647
274.021
255.696
236.843
217.609
198.14
178.612
159.186
140.01
121.25
103.053
85.569
68.976
53.387
38.868
25.445
13.082
1.746
-8.582
-17.938
-26.361
-33.887
-40.589
-46.532
-51.785
-56.458
-60.655
-64.48
-68.06
-71.48
-74.793
-78.046
-81.246
-84.396
-87.508
-90.576
-93.586
-96.536
-99.405
-102.167
-104.801
-107.246
-109.456
-111.393
-113.012
-114.292
-115.226
-115.807
-116.047
-115.969
-115.595
-114.95
-114.068
-112.971
-111.687
-110.25
-108.695
-107.066
-105.404
-103.738
-102.096
-100.5
-98.965
-97.508
-96.137
-94.851
-93.651
-92.539
-91.514
-90.58
-89.739
-88.989
-88.327
-87.751
-87.256
-86.842
-86.507
-86.251
-86.07
-85.965
-85.933
-85.975
-86.092
-86.279
-86.533
-86.849
-87.222
-87.647
-88.119
-88.631
-89.178
-89.755
-90.355
-90.974
-91.607
-92.249
-92.893
-93.534
-94.165
-94.782
-95.379
-95.949
-96.486
-96.984
-97.437
-97.838
-98.18
-98.457
-98.663
-98.79
-98.832
-98.784
-98.64
-98.396
-98.047
-97.591
-97.024
-96.345
-95.553
-94.648
-93.63
-92.502
-91.265
-89.922
-88.477
-86.935
-85.304
-83.592
-81.811
-79.973
-78.094
-76.189
-74.277
-72.377
-70.508
-68.689
-66.937
-65.27
-63.706
-62.264
-60.965
-59.824
-58.856
-58.072
-57.483
-57.095
-56.911
-56.926
-57.134
-57.528
-58.103
-58.863
-59.814
-60.958
-62.301
-63.842
-65.575
-67.498
-69.601
-71.865
-74.277
-76.818
-79.462
-82.194
-84.984
-87.801
-90.615
-93.358
-95.94
-98.3
-100.393
-102.225
-103.888
-105.462
-107.01
-108.655
-110.543
-112.774
-115.415
-118.363
-121.326
-124.014
-126.188
-127.651
-128.195
-127.614
-125.747
-122.622
-118.598
-114.076
-109.353
-104.627
-100.149
-96.928
-96.551
-100.046
-107.561
-117.218
-125.985
-133.186
-139.992
-149.573
-165.777
-187.88
-211.979
-232.838
-243.982
-241.039
-220.591
-177.425
-106.883
-6.82
122.085
273.727
438.88
610.899
783.962
952.563
1109.464
1238.455
1317.532
1325.297
1247.332
1086.428
863.144
608.885
357.316
134.026
-47.693
-184.165
-277.303
-330.342
-346.687
-333.476
-301.806
-265.566
-238.401
-225.719
-224.598
-226.734
-221.762
-205.868
-181.749
-155.263
-133.552
-119.467
-112.16
-109.572
-108.896
-108.815
-109.014
-109.119
-108.875
-107.826
-105.447
-101.492
-96.064
-89.496
-82.296
-75.021
-68.189
-62.242
-57.566
-54.486
-53.044
-53.075
-54.318
-56.408
-59.04
-61.979
-64.967
-67.754
-70.168
-72.072
-73.377
-74.047
-74.05
-73.376
-72.047
-70.104
-67.6
-64.604
-61.183
-57.402
-53.311
-48.941
-44.32
-39.468
-34.425
-29.245
-23.988
-18.719
-13.489
-8.329
-3.258
1.717
6.605
11.428
16.219
21.017
25.853
30.75
35.729
40.806
46.003
51.345
56.859
62.578
68.53
74.735
81.214
87.977
95.018
102.326
109.884
117.663
125.632
133.753
141.978
150.259
158.557
166.842
175.091
183.278
191.371
199.338
207.147
214.784
222.236
229.485
236.513
243.299
249.836
256.138
262.236
268.155
273.898
279.443
284.754
289.8
294.547
298.957
302.98
306.537
309.555
311.979
313.768
314.879
315.253
314.801
313.418
311.014
307.523
302.902
297.122
290.154
281.991
272.641
262.142
250.573
238.012
224.519
210.16
195.008
179.17
162.782
146.001
128.98
111.876
94.845
78.054
61.666
45.82
30.635
16.212
2.614
-10.098
-21.861
-32.628
-42.371
-51.087
-58.799
-65.546
-71.378
-76.371
-80.623
-84.257
-87.392
-90.123
-92.54
-94.723
-96.739
-98.649
-100.505
-102.34
-104.182
-106.047
-107.944
-109.876
-111.833
-113.786
-115.69
-117.48
-119.104
-120.528
-121.722
-122.661
-123.328
-123.711
-123.811
-123.649
-123.239
-122.6
-121.748
-120.703
-119.49
-118.143
-116.703
-115.214
-113.713
-112.228
-110.785
-109.405
-108.105
-106.899
-105.793
-104.783
-103.87
-103.054
-102.338
-101.722
-101.205
-100.784
-100.453
-100.208
-100.045
-99.961
-99.952
-100.017
-100.153
-100.357
-100.631
-100.973
-101.383
-101.856
-102.391
-102.983
-103.626
-104.316
-105.047
-105.815
-106.611
-107.433
-108.274
-109.13
-109.997
-110.868
-111.739
-112.607
-113.465
-114.309
-115.134
-115.935
-116.708
-117.446
-118.146
-118.802
-119.408
-119.959
-120.449
-120.872
-121.223
-121.495
-121.683
-121.78
-121.784
-121.688
-121.49
-121.186
-120.774
-120.251
-119.616
-118.87
-118.01
-117.038
-115.955
-114.762
-113.464
-112.063
-110.565
-108.976
-107.304
-105.56
-103.756
-101.906
-100.026
-98.131
-96.24
-94.373
-92.547
-90.783
-89.099
-87.513
-86.044
-84.709
-83.528
-82.517
-81.69
-81.06
-80.634
-80.419
-80.414
-80.616
-81.021
-81.624
-82.426
-83.43
-84.637
-86.051
-87.675
-89.508
-91.549
-93.778
-96.17
-98.696
-101.332
-104.06
-106.866
-109.724
-112.605
-115.471
-118.267
-120.954
-123.471
-125.711
-127.624
-129.194
-130.454
-131.569
-132.714
-134.006
-135.654
-137.898
-140.822
-144.496
-148.813
-153.327
-157.689
-161.584
-164.502
-166.01
-165.854
-163.754
-159.642
-154.016
-147.351
-140.127
-133.88
-129.957
-128.594
-130.843
-136.287
-143.763
-155.484
-171.904
-192.665
-218.096
-243.195
-263.842
-278.418
-283.601
-278.347
-259.438
-219.475
-152.898
-56.215
69.012
215.664
376.748
546.762
722.932
902.427
1076
1226.773
1330.742
1363.445
1310.142
1170.77
962.274
713.068
453.424
209.533
-1.692
-170.263
-290.08
-359.693
-380.81
-363.14
-324.058
-282.019
-253.431
-243.685
-246.646
-251.618
-247.121
-229.397
-202.843
-174.745
-152.835
-140.061
-135.098
-135.369
-137.803
-140.903
-144.191
-147.268
-149.959
-151.879
-152.621
-151.808
-149.133
-144.656
-138.788
-131.954
-124.584
-117.017
-109.401
-102.201
-96.004
-91
-87.161
-84.35
-82.317
-80.995
-80.489
-80.61
-81.013
-81.5
-81.921
-82.219
-82.423
-82.437
-82.08
-81.288
-80.081
-78.491
-76.575
-74.354
-71.816
-68.967
-65.828
-62.399
-58.664
-54.606
-50.216
-45.498
-40.476
-35.191
-29.692
-24.04
-18.31
-12.55
-6.783
-1.021
4.746
10.522
16.31
22.124
27.988
33.926
39.952
46.075
52.292
58.612
65.048
71.614
78.325
85.175
92.153
99.247
106.441
113.724
121.077
128.47
135.872
143.246
150.572
157.845
165.063
172.229
179.358
186.462
193.565
200.713
207.927
215.217
222.578
229.985
237.412
244.834
252.211
259.5
266.645
273.562
280.167
286.373
292.067
297.145
301.486
304.938
307.381
308.722
308.88
307.811
305.478
301.841
296.892
290.648
283.139
274.433
264.597
253.695
241.813
229.043
215.499
201.34
186.713
171.744
156.568
141.303
126.074
111.033
96.302
81.967
68.101
54.756
41.986
29.869
18.472
7.849
-1.973
-10.999
-19.243
-26.705
-33.412
-39.403
-44.742
-49.532
-53.852
-57.749
-61.257
-64.405
-67.229
-69.794
-72.163
-74.383
-76.486
-78.495
-80.425
-82.303
-84.134
-85.903
-87.569
-89.07
-90.362
-91.43
-92.268
-92.877
-93.253
-93.382
-93.255
-92.878
-92.264
-91.421
-90.361
-89.089
-87.621
-85.988
-84.234
-82.41
-80.555
-78.694
-76.849
-75.036
-73.273
-71.575
-69.95
-68.398
-66.92
-65.518
-64.196
-62.962
-61.815
-60.752
-59.765
-58.846
-57.99
-57.192
-56.447
-55.751
-55.099
-54.489
-53.919
-53.391
-52.904
-52.454
-52.037
-51.651
-51.289
-50.95
-50.627
-50.318
-50.017
-49.721
-49.427
-49.133
-48.836
-48.535
-48.228
-47.912
-47.586
-47.25
-46.903
-46.543
-46.171
-45.786
-45.388
-44.979
-44.557
-44.124
-43.678
-43.222
-42.755
-42.276
-41.788
-41.288
-40.779
-40.259
-39.731
-39.194
-38.65
-38.098
-37.541
-36.978
-36.412
-35.843
-35.271
-34.698
-34.125
-33.552
-32.981
-32.413
-31.847
-31.287
-30.731
-30.183
-29.642
-29.111
-28.589
-28.078
-27.58
-27.095
-26.625
-26.171
-25.733
-25.313
-24.911
-24.529
-24.167
-23.826
-23.506
-23.208
-22.931
-22.677
-22.444
-22.234
-22.045
-21.876
-21.728
-21.6
-21.49
-21.398
-21.322
-21.261
-21.213
-21.177
-21.151
-21.133
-21.122
-21.115
-21.111
-21.108
-21.104
-21.099
-21.09
-21.076
-21.057
-21.032
-21.002
-20.964
-20.915
-20.854
-20.781
-20.701
-20.617
-20.526
-20.432
-20.343
-20.268
-20.225
-20.211
-20.203
-20.194
-20.187
-20.172
-20.145
-20.09
-19.965
-19.795
-19.655
-19.583
-19.584
-19.712
-20.065
-20.634
-21.394
-22.292
-22.954
-23.816
-26.057
-29.33
-33.05
-34.915
-30.189
-19.822
-8.035
-0.507
-7.094
-27.091
-51.064
-70.263
-71.587
-53.941
-29.803
-8.606
-2.259
-13.95
-32.455
-49.827
-57.739
-52.616
-42.612
-34.194
-33.993
-44.46
-58.257
-68.601
-67.436
-52.204
-31.363
-13.158
-7.039
-17.639
-37.166
-56.867
-68.708
-66.825
-55.535
-41.868
-30.453
-25.491
-26.04
-28.159
-30.132
-30.6
-29.352
-27.786
-26.316
-24.841
-23.445
-21.925
-20.209
-18.485
-16.839
-15.272
-13.831
-12.548
-11.414
-10.427
-9.589
-8.88
-8.299
-7.869
-7.596
-7.484
-7.541
-7.77
-8.175
-8.762
-9.532
-10.482
-11.609
-12.91
-14.381
-16.017
-17.812
-19.759
-21.849
-24.073
-26.42
-28.88
-31.441
-34.089
-36.812
-39.597
-42.428
-45.291
-48.172
-51.053
-53.921
-56.759
-59.55
-62.28
-64.933
-67.493
-69.948
-72.284
-74.488
-76.549
-78.457
-80.203
-81.778
-83.177
-84.392
-85.421
-86.259
-86.907
-87.364
-87.632
-87.714
-87.616
-87.346
-86.917
-86.34
-85.632
-84.808
-83.89
-82.896
-81.851
-80.774
-79.687
-78.611
-77.568
-76.579
-75.668
-74.858
-74.167
-73.614
-73.211
-72.972
-72.902
-73.002
-73.271
-73.703
-74.297
-75.057
-75.99
-77.102
-78.4
-79.888
-81.565
-83.425
-85.455
-87.627
-89.92
-92.316
-94.797
-97.346
-99.94
-102.549
-105.136
-107.653
-110.036
-112.189
-114.039
-115.558
-116.769
-117.782
-118.738
-119.759
-121.004
-122.698
-124.973
-127.86
-131.277
-134.885
-138.296
-141.27
-143.457
-144.425
-143.926
-141.726
-137.721
-132.271
-125.833
-118.722
-111.59
-105.32
-100.617
-98.399
-99.728
-105.295
-115.65
-131.413
-151.765
-174.148
-196.142
-214.904
-228.858
-239.46
-246.668
-247.181
-234.026
-195.512
-120.634
-5.705
144.206
317.143
497.255
673.749
845.293
1012.892
1177.299
1330.451
1447.474
1498.7
1458.211
1314.24
1083.441
801.919
513.353
258.914
59.123
-84.319
-179.97
-242.885
-280.431
-293.303
-283.759
-254.183
-214.949
-180.889
-159.242
-151.996
-153
-150.886
-141.267
-124.775
-105.699
-91.086
-83.407
-81.471
-83.257
-85.912
-87.933
-89.307
-90.07
-90.194
-89.605
-88.113
-85.564
-82.095
-78.109
-73.94
-69.909
-66.38
-63.57
-61.707
-61.058
-61.602
-63.12
-65.354
-67.962
-70.644
-73.188
-75.318
-76.725
-77.223
-76.694
-75.105
-72.524
-68.998
-64.564
-59.296
-53.274
-46.595
-39.375
-31.706
-23.663
-15.319
-6.743
1.981
10.741
19.453
28.047
36.478
44.726
52.771
60.594
68.194
75.581
82.772
89.797
96.678
103.424
110.053
116.584
123.047
129.483
135.923
142.388
148.896
155.459
162.089
168.799
175.593
182.468
189.419
196.443
203.538
210.704
217.937
225.229
232.568
239.941
247.336
254.742
262.145
269.531
276.885
284.189
291.428
298.583
305.633
312.553
319.314
325.889
332.248
338.362
344.203
349.742
354.951
359.806
364.282
368.353
371.988
375.157
377.832
379.991
381.619
382.706
383.252
383.26
382.743
381.715
380.185
378.156
375.625
372.575
368.995
364.869
360.196
354.988
349.259
343.018
336.273
329.029
321.279
313.007
304.189
294.796
284.819
274.267
263.181
251.629
239.694
227.474
215.053
202.5
189.878
177.246
164.666
152.201
139.926
127.928
116.307
105.177
94.628
84.727
75.5
66.938
59.001
51.626
44.758
38.356
32.386
26.824
21.648
16.837
12.362
8.187
4.259
0.504
-3.138
-6.716
-10.251
-13.737
-17.148
-20.435
-23.559
-26.489
-29.205
-31.7
-33.976
-36.038
-37.898
-39.567
-41.048
-42.33
-43.405
-44.268
-44.927
-45.401
-45.72
-45.921
-46.043
-46.119
-46.178
-46.239
-46.318
-46.425
-46.563
-46.732
-46.935
-47.178
-47.469
-47.816
-48.224
-48.694
-49.227
-49.82
-50.467
-51.165
-51.909
-52.695
-53.519
-54.38
-55.278
-56.213
-57.186
-58.196
-59.241
-60.318
-61.425
-62.557
-63.712
-64.885
-66.071
-67.269
-68.474
-69.685
-70.899
-72.115
-73.329
-74.54
-75.746
-76.945
-78.135
-79.315
-80.481
-81.634
-82.77
-83.89
-84.99
-86.071
-87.131
-88.169
-89.183
-90.174
-91.139
-92.077
-92.988
-93.869
-94.721
-95.541
-96.33
-97.086
-97.809
-98.499
-99.155
-99.777
-100.364
-100.916
-101.431
-101.91
-102.351
-102.754
-103.118
-103.444
-103.732
-103.98
-104.191
-104.364
-104.499
-104.597
-104.658
-104.684
-104.675
-104.633
-104.557
-104.451
-104.314
-104.149
-103.957
-103.739
-103.497
-103.233
-102.949
-102.645
-102.325
-101.989
-101.639
-101.278
-100.908
-100.53
-100.148
-99.762
-99.376
-98.992
-98.611
-98.235
-97.866
-97.506
-97.157
-96.82
-96.496
-96.187
-95.895
-95.619
-95.362
-95.123
-94.904
-94.705
-94.526
-94.367
-94.23
-94.113
-94.017
-93.943
-93.889
-93.856
-93.843
-93.85
-93.876
-93.921
-93.983
-94.061
-94.155
-94.263
-94.383
-94.516
-94.657
-94.808
-94.965
-95.128
-95.294
-95.462
-95.63
-95.797
-95.96
-96.119
-96.272
-96.417
-96.553
-96.679
-96.792
-96.893
-96.978
-97.048
-97.102
-97.136
-97.152
-97.147
-97.12
-97.071
-97
-96.904
-96.784
-96.639
-96.469
-96.274
-96.054
-95.808
-95.538
-95.243
-94.924
-94.581
-94.216
-93.829
-93.422
-92.996
-92.551
-92.091
-91.615
-91.126
-90.627
-90.117
-89.601
-89.079
-88.553
-88.027
-87.502
-86.98
-86.464
-85.956
-85.458
-84.972
-84.502
-84.049
-83.616
-83.204
-82.817
-82.456
-82.124
-81.822
-81.553
-81.317
-81.118
-80.957
-80.835
-80.753
-80.713
-80.715
-80.759
-80.845
-80.973
-81.143
-81.352
-81.599
-81.884
-82.202
-82.553
-82.933
-83.34
-83.77
-84.221
-84.687
-85.166
-85.653
-86.142
-86.629
-87.108
-87.574
-88.02
-88.441
-88.83
-89.18
-89.485
-89.738
-89.93
-90.055
-90.105
-90.072
-89.95
-89.732
-89.411
-88.981
-88.438
-87.776
-86.991
-86.082
-85.044
-83.877
-82.578
-81.148
-79.589
-77.902
-76.09
-74.156
-72.106
-69.949
-67.695
-65.357
-62.948
-60.486
-57.988
-55.475
-52.969
-50.49
-48.059
-45.695
-43.416
-41.243
-39.197
-37.298
-35.563
-34.009
-32.648
-31.489
-30.542
-29.808
-29.282
-28.957
-28.826
-28.885
-29.141
-29.603
-30.28
-31.18
-32.309
-33.663
-35.243
-37.039
-39.03
-41.201
-43.531
-45.993
-48.568
-51.231
-53.944
-56.675
-59.346
-61.848
-64.104
-66.067
-67.74
-69.218
-70.617
-72.025
-73.608
-75.587
-78.087
-81.139
-84.634
-88.203
-91.411
-93.937
-95.421
-95.466
-93.885
-90.616
-85.745
-79.761
-73.408
-67.334
-62.152
-58.644
-57.443
-58.99
-64.395
-74.441
-88.528
-106.519
-126.902
-146.871
-165.958
-182.784
-195.944
-205.962
-211.185
-209.286
-197.302
-169.23
-117.883
-36.883
76.6
220.746
388.5
570.17
759.365
951.039
1139.339
1314.018
1453.757
1530.747
1519.893
1409.113
1207.643
944.551
659.441
388.495
156.303
-26.495
-160.608
-249.981
-298.391
-310.275
-292.616
-256.419
-216.542
-186.57
-171.69
-169.66
-171.879
-167.719
-153.785
-132.235
-108.5
-89.796
-78.609
-73.827
-73.448
-74.462
-75.358
-76.084
-76.525
-76.571
-76.002
-74.356
-71.28
-66.877
-61.52
-55.585
-49.511
-43.757
-38.649
-34.56
-31.884
-30.664
-30.735
-31.863
-33.689
-35.932
-38.402
-40.841
-42.984
-44.672
-45.78
-46.255
-46.11
-45.309
-43.83
-41.703
-38.965
-35.69
-31.966
-27.857
-23.425
-18.723
-13.783
-8.64
-3.326
2.138
7.71
13.35
19.014
24.633
30.157
35.562
40.826
45.957
50.974
55.893
60.738
65.544
70.334
75.132
79.961
84.832
89.768
94.796
99.945
105.255
110.757
116.473
122.423
128.623
135.085
141.815
148.806
156.042
163.503
171.165
178.996
186.959
195.006
203.102
211.212
219.309
227.38
235.404
243.364
251.246
259.018
266.656
274.137
281.43
288.508
295.364
301.994
308.423
314.683
320.778
326.7
332.421
337.883
343.023
347.762
352
355.666
358.705
361.065
362.73
363.678
363.867
363.261
361.792
359.368
355.932
351.432
345.832
339.153
331.44
322.775
313.286
303.068
292.195
280.734
268.714
256.163
243.13
229.644
215.762
201.595
187.249
172.853
158.553
144.433
130.548
116.924
103.541
90.402
77.537
64.972
52.765
40.985
29.694
18.994
8.962
-0.384
-9.051
-17.09
-24.586
-31.584
-38.107
-44.173
-49.767
-54.889
-59.553
-63.757
-67.519
-70.877
-73.878
-76.606
-79.142
-81.52
-83.755
-85.83
-87.699
-89.341
-90.748
-91.906
-92.82
-93.499
-93.951
-94.204
-94.289
-94.218
-93.997
-93.614
-93.055
-92.325
-91.442
-90.433
-89.337
-88.186
-87.007
-85.834
-84.692
-83.598
-82.566
-81.598
-80.69
-79.844
-79.065
-78.358
-77.731
-77.188
-76.729
-76.351
-76.053
-75.83
-75.678
-75.589
-75.557
-75.578
-75.648
-75.767
-75.934
-76.15
-76.412
-76.719
-77.07
-77.462
-77.894
-78.362
-78.862
-79.391
-79.948
-80.529
-81.132
-81.756
-82.398
-83.059
-83.736
-84.429
-85.137
-85.86
-86.596
-87.346
-88.108
-88.882
-89.667
-90.462
-91.267
-92.081
-92.902
-93.73
-94.562
-95.398
-96.235
-97.07
-97.902
-98.727
-99.544
-100.349
-101.14
-101.914
-102.67
-103.404
-104.116
-104.802
-105.461
-106.09
-106.687
-107.251
-107.779
-108.27
-108.722
-109.134
-109.505
-109.834
-110.121
-110.365
-110.567
-110.726
-110.844
-110.92
-110.957
-110.957
-110.92
-110.849
-110.748
-110.618
-110.463
-110.286
-110.09
-109.879
-109.656
-109.424
-109.188
-108.949
-108.713
-108.481
-108.258
-108.046
-107.848
-107.667
-107.506
-107.367
-107.252
-107.163
-107.101
-107.069
-107.068
-107.097
-107.159
-107.253
-107.379
-107.537
-107.726
-107.946
-108.194
-108.469
-108.77
-109.094
-109.44
-109.804
-110.183
-110.577
-110.981
-111.393
-111.811
-112.23
-112.65
-113.066
-113.477
-113.88
-114.272
-114.651
-115.015
-115.362
-115.69
-115.996
-116.28
-116.54
-116.774
-116.982
-117.162
-117.313
-117.435
-117.527
-117.589
-117.621
-117.623
-117.596
-117.54
-117.455
-117.342
-117.202
-117.036
-116.845
-116.629
-116.39
-116.129
-115.846
-115.543
-115.222
-114.882
-114.526
-114.155
-113.77
-113.372
-112.962
-112.542
-112.112
-111.675
-111.231
-110.782
-110.329
-109.874
-109.417
-108.961
-108.506
-108.055
-107.609
-107.169
-106.737
-106.314
-105.903
-105.504
-105.12
-104.753
-104.405
-104.077
-103.771
-103.491
-103.236
-103.009
-102.812
-102.645
-102.51
-102.406
-102.336
-102.299
-102.294
-102.322
-102.383
-102.474
-102.596
-102.747
-102.923
-103.124
-103.346
-103.586
-103.839
-104.101
-104.369
-104.636
-104.897
-105.147
-105.379
-105.586
-105.761
-105.897
-105.986
-106.018
-105.986
-105.882
-105.697
-105.423
-105.052
-104.578
-103.993
-103.292
-102.468
-101.517
-100.434
-99.215
-97.858
-96.362
-94.727
-92.953
-91.042
-88.999
-86.829
-84.542
-82.148
-79.661
-77.096
-74.469
-71.801
-69.112
-66.424
-63.758
-61.134
-58.574
-56.098
-53.728
-51.489
-49.401
-47.486
-45.759
-44.237
-42.932
-41.85
-40.993
-40.359
-39.945
-39.751
-39.784
-40.053
-40.566
-41.332
-42.355
-43.636
-45.165
-46.927
-48.89
-51.03
-53.327
-55.759
-58.305
-60.939
-63.621
-66.31
-68.954
-71.483
-73.798
-75.816
-77.509
-78.918
-80.175
-81.44
-82.845
-84.539
-86.739
-89.597
-93.131
-97.206
-101.435
-105.394
-108.834
-111.487
-112.995
-113.095
-111.633
-108.715
-104.749
-100.141
-95.226
-90.354
-86.548
-85.52
-87.94
-93.687
-101.629
-109.131
-116.75
-127.54
-143.423
-166.118
-192.347
-213.853
-225.274
-224.07
-209.93
-185.202
-146.836
-85.315
7.61
138.155
304.852
496.25
700.533
905.399
1099.667
1274.627
1415.88
1505.409
1525.017
1459.829
1308.17
1083.989
813.642
530.863
267.576
45.937
-122.439
-235.41
-298.669
-320.511
-311.596
-285.211
-253.132
-225.584
-208.722
-200.954
-197.26
-191.182
-177.275
-156.22
-131.971
-109.36
-92.889
-83.376
-79.274
-78.493
-78.893
-79.431
-79.865
-79.906
-79.197
-77.249
-73.587
-68.223
-61.5
-53.881
-45.897
-38.043
-30.8
-24.705
-20.265
-17.645
-16.716
-17.213
-18.761
-21.022
-23.74
-26.62
-29.337
-31.68
-33.518
-34.794
-35.532
-35.736
-35.368
-34.396
-32.821
-30.668
-27.994
-24.864
-21.327
-17.426
-13.197
-8.674
-3.896
1.096
6.266
11.591
17.048
22.609
28.223
33.822
39.36
44.819
50.204
55.533
60.823
66.085
71.339
76.616
81.945
87.354
92.864
98.486
104.239
110.148
116.249
122.585
129.196
136.101
143.306
150.811
158.607
166.681
175.007
183.545
192.248
201.074
209.986
218.954
227.952
236.95
245.916
254.814
263.602
272.254
280.757
289.1
297.282
305.305
313.173
320.909
328.552
336.127
343.642
351.089
358.437
365.652
372.696
379.524
386.091
392.329
398.154
403.481
408.222
412.29
415.598
418.031
419.454
419.754
418.845
416.666
413.186
408.376
402.221
394.729
385.934
375.898
364.698
352.409
339.104
324.864
309.787
294.011
277.701
261.006
244.069
227.022
209.993
193.134
176.578
160.428
144.755
129.612
115.054
101.149
87.978
75.604
64.062
53.359
43.478
34.41
26.132
18.604
11.767
5.522
-0.21
-5.479
-10.314
-14.737
-18.781
-22.501
-25.965
-29.217
-32.29
-35.206
-37.981
-40.639
-43.188
-45.614
-47.882
-49.931
-51.723
-53.243
-54.492
-55.473
-56.189
-56.629
-56.788
-56.676
-56.309
-55.7
-54.863
-53.807
-52.551
-51.127
-49.582
-47.967
-46.323
-44.679
-43.057
-41.477
-39.956
-38.513
-37.158
-35.891
-34.716
-33.636
-32.658
-31.787
-31.025
-30.37
-29.814
-29.351
-28.974
-28.679
-28.462
-28.317
-28.239
-28.225
-28.274
-28.385
-28.556
-28.783
-29.062
-29.387
-29.754
-30.159
-30.595
-31.058
-31.542
-32.043
-32.558
-33.084
-33.618
-34.157
-34.7
-35.243
-35.787
-36.328
-36.868
-37.405
-37.938
-38.467
-38.994
-39.517
-40.038
-40.557
-41.075
-41.593
-42.11
-42.627
-43.146
-43.665
-44.185
-44.708
-45.233
-45.762
-46.294
-46.83
-47.371
-47.918
-48.471
-49.029
-49.593
-50.163
-50.737
-51.316
-51.9
-52.486
-53.076
-53.667
-54.26
-54.853
-55.447
-56.039
-56.629
-57.217
-57.802
-58.382
-58.958
-59.528
-60.093
-60.65
-61.201
-61.744
-62.28
-62.806
-63.324
-63.832
-64.33
-64.818
-65.295
-65.761
-66.216
-66.66
-67.093
-67.515
-67.926
-68.327
-68.716
-69.096
-69.465
-69.824
-70.174
-70.514
-70.845
-71.167
-71.481
-71.787
-72.085
-72.376
-72.66
-72.937
-73.208
-73.474
-73.735
-73.991
-74.244
-74.494
-74.743
-74.991
-75.239
-75.489
-75.74
-75.994
-76.253
-76.515
-76.784
-77.058
-77.338
-77.626
-77.922
-78.226
-78.539
-78.86
-79.191
-79.53
-79.878
-80.234
-80.599
-80.972
-81.353
-81.74
-82.134
-82.533
-82.937
-83.344
-83.754
-84.165
-84.575
-84.983
-85.388
-85.788
-86.181
-86.566
-86.941
-87.304
-87.655
-87.991
-88.312
-88.617
-88.904
-89.173
-89.423
-89.653
-89.863
-90.054
-90.225
-90.376
-90.51
-90.625
-90.724
-90.808
-90.877
-90.935
-90.981
-91.02
-91.052
-91.081
-91.109
-91.138
-91.172
-91.213
-91.263
-91.326
-91.403
-91.497
-91.609
-91.74
-91.893
-92.069
-92.268
-92.49
-92.736
-93.005
-93.297
-93.61
-93.942
-94.29
-94.652
-95.024
-95.402
-95.782
-96.159
-96.528
-96.883
-97.218
-97.527
-97.802
-98.037
-98.223
-98.353
-98.418
-98.411
-98.325
-98.151
-97.884
-97.516
-97.041
-96.455
-95.753
-94.93
-93.984
-92.91
-91.71
-90.381
-88.926
-87.347
-85.648
-83.835
-81.916
-79.903
-77.806
-75.639
-73.417
-71.159
-68.881
-66.603
-64.345
-62.127
-59.969
-57.893
-55.921
-54.072
-52.37
-50.832
-49.48
-48.329
-47.396
-46.689
-46.212
-45.968
-45.957
-46.182
-46.648
-47.361
-48.319
-49.523
-50.973
-52.662
-54.584
-56.717
-59.02
-61.453
-63.979
-66.57
-69.211
-71.881
-74.543
-77.155
-79.66
-82.005
-84.162
-86.075
-87.657
-88.881
-89.762
-90.394
-91
-91.764
-92.813
-94.344
-96.567
-99.602
-103.507
-108.145
-113.13
-118.148
-122.916
-126.999
-129.912
-131.237
-130.697
-128.192
-123.887
-118.061
-111.019
-103.954
-98.925
-96.812
-97.899
-101.45
-104.693
-108.46
-115.4
-126.593
-144.641
-166.488
-185.399
-198.71
-201.582
-190.98
-165.403
-115.903
-35.622
77.713
223.664
390.989
567.417
746.271
920.938
1088.536
1241.04
1357.674
1414.177
1387.743
1268.415
1068.661
816.965
549.388
297.911
81.519
-92.501
-223.729
-313.004
-359.844
-365.579
-337.832
-290.859
-243.132
-210.279
-196.913
-197.967
-202.024
-197.398
-180.997
-156.323
-130.046
-109.452
-96.761
-90.542
-88.574
-88.106
-87.822
-87.68
-87.532
-87.137
-86.183
-84.182
-80.776
-76.052
-70.35
-64.031
-57.547
-51.37
-45.86
-41.416
-38.399
-36.837
-36.573
-37.369
-38.901
-40.911
-43.188
-45.463
-47.467
-49.024
-50.031
-50.457
-50.309
-49.551
-48.164
-46.166
-43.604
-40.558
-37.098
-33.274
-29.129
-24.695
-20.001
-15.087
-9.984
-4.72
0.671
6.157
11.696
17.221
22.685
28.067
33.357
38.575
43.743
48.875
53.997
59.139
64.328
69.592
74.955
80.43
86.038
91.806
97.77
103.978
110.473
117.279
124.41
131.87
139.656
147.759
156.159
164.818
173.691
182.741
191.935
201.247
210.653
220.116
229.6
239.071
248.487
257.821
267.058
276.182
285.185
294.079
302.873
311.592
320.274
328.93
337.564
346.168
354.713
363.175
371.516
379.681
387.619
395.269
402.545
409.361
415.619
421.188
425.961
429.826
432.648
434.337
434.806
433.978
431.817
428.294
423.397
417.139
409.531
400.586
390.36
378.92
366.353
352.788
338.31
323.013
307.026
290.449
273.401
256.01
238.371
220.575
202.723
184.912
167.259
149.904
132.935
116.431
100.458
85.053
70.306
56.297
43.07
30.668
19.11
8.392
-1.469
-10.458
-18.604
-25.946
-32.559
-38.55
-43.986
-48.919
-53.408
-57.498
-61.272
-64.814
-68.171
-71.386
-74.485
-77.487
-80.422
-83.321
-86.175
-88.965
-91.651
-94.173
-96.503
-98.626
-100.523
-102.183
-103.587
-104.714
-105.57
-106.172
-106.534
-106.675
-106.604
-106.333
-105.893
-105.318
-104.649
-103.932
-103.198
-102.472
-101.777
-101.133
-100.554
-100.054
-99.635
-99.293
-99.025
-98.832
-98.712
-98.668
-98.693
-98.78
-98.921
-99.109
-99.337
-99.598
-99.888
-100.198
-100.526
-100.867
-101.22
-101.582
-101.951
-102.322
-102.693
-103.057
-103.412
-103.752
-104.074
-104.374
-104.648
-104.893
-105.11
-105.295
-105.449
-105.573
-105.665
-105.728
-105.762
-105.77
-105.754
-105.716
-105.658
-105.584
-105.496
-105.398
-105.292
-105.183
-105.073
-104.965
-104.863
-104.768
-104.685
-104.615
-104.561
-104.527
-104.515
-104.526
-104.564
-104.629
-104.725
-104.852
-105.011
-105.203
-105.428
-105.686
-105.975
-106.296
-106.647
-107.027
-107.433
-107.863
-108.316
-108.788
-109.278
-109.782
-110.297
-110.82
-111.349
-111.879
-112.408
-112.932
-113.448
-113.952
-114.442
-114.913
-115.363
-115.788
-116.186
-116.553
-116.886
-117.185
-117.446
-117.667
-117.848
-117.988
-118.085
-118.141
-118.153
-118.124
-118.054
-117.943
-117.793
-117.605
-117.382
-117.126
-116.839
-116.524
-116.184
-115.821
-115.44
-115.045
-114.637
-114.223
-113.805
-113.389
-112.978
-112.579
-112.194
-111.83
-111.491
-111.182
-110.906
-110.667
-110.47
-110.317
-110.21
-110.152
-110.145
-110.19
-110.287
-110.437
-110.64
-110.894
-111.199
-111.552
-111.951
-112.393
-112.875
-113.391
-113.937
-114.509
-115.101
-115.707
-116.321
-116.935
-117.542
-118.135
-118.704
-119.24
-119.736
-120.18
-120.564
-120.88
-121.117
-121.268
-121.324
-121.279
-121.125
-120.855
-120.466
-119.953
-119.31
-118.537
-117.632
-116.595
-115.428
-114.132
-112.711
-111.171
-109.521
-107.772
-105.934
-104.022
-102.052
-100.04
-98.008
-95.973
-93.956
-91.975
-90.049
-88.197
-86.44
-84.798
-83.292
-81.94
-80.757
-79.757
-78.95
-78.342
-77.933
-77.721
-77.7
-77.868
-78.23
-78.79
-79.553
-80.524
-81.705
-83.092
-84.675
-86.437
-88.35
-90.393
-92.552
-94.808
-97.147
-99.548
-101.977
-104.398
-106.768
-109.024
-111.08
-112.871
-114.365
-115.6
-116.715
-117.855
-119.14
-120.708
-122.719
-125.261
-128.346
-131.827
-135.29
-138.32
-140.651
-142.006
-142.127
-140.898
-138.168
-134.013
-129.035
-123.741
-118.37
-113.429
-109.292
-106.764
-107.68
-112.504
-120.559
-130.493
-139.298
-147.036
-156.102
-167.914
-184.688
-203.397
-217.282
-222.634
-214.852
-192.876
-157.65
-103.932
-27.151
77.218
212.389
372.426
549.393
733.923
914.034
1079.736
1216.678
1306.014
1329.8
1273.386
1134.215
926.664
677.134
418.487
181.12
-17.196
-169.032
-274.97
-341.078
-370.599
-369.578
-347.621
-314.604
-284.508
-264.879
-254.679
-249.216
-238.827
-218.884
-191.805
-162.373
-137.691
-121.135
-111.804
-107.643
-105.636
-104.163
-102.869
-101.379
-99.414
-96.561
-92.33
-86.556
-79.497
-71.552
-63.239
-55.098
-47.608
-41.203
-36.287
-33.193
-31.939
-32.328
-34.059
-36.736
-40.028
-43.664
-47.337
-50.719
-53.562
-55.698
-57.015
-57.504
-57.167
-56.004
-54.058
-51.388
-48.073
-44.206
-39.879
-35.168
-30.135
-24.83
-19.293
-13.587
-7.784
-1.96
3.806
9.467
14.997
20.375
25.6
30.674
35.62
40.474
45.282
50.086
54.913
59.791
64.74
69.79
74.98
80.351
85.946
91.794
97.923
104.356
111.113
118.211
125.654
133.431
141.524
149.915
158.579
167.493
176.624
185.924
195.354
204.872
214.44
224.025
233.585
243.075
252.459
261.694
270.749
279.609
288.262
296.702
304.94
312.989
320.873
328.629
336.267
343.784
351.171
358.409
365.484
372.378
379.055
385.481
391.614
397.398
402.764
407.621
411.842
415.298
417.867
419.414
419.845
419.089
417.073
413.745
409.06
402.985
395.507
386.612
376.289
364.542
351.417
337.007
321.462
304.938
287.583
269.558
251.007
232.074
212.914
193.672
174.488
155.502
136.868
118.756
101.346
84.807
69.257
54.756
41.321
28.959
17.677
7.472
-1.672
-9.793
-16.939
-23.152
-28.486
-33.002
-36.806
-40.04
-42.848
-45.368
-47.704
-49.918
-52.054
-54.154
-56.251
-58.37
-60.519
-62.689
-64.877
-67.088
-69.318
-71.552
-73.747
-75.828
-77.731
-79.406
-80.816
-81.95
-82.797
-83.352
-83.622
-83.626
-83.388
-82.938
-82.298
-81.482
-80.509
-79.404
-78.201
-76.946
-75.674
-74.411
-73.179
-71.993
-70.865
-69.806
-68.818
-67.892
-67.023
-66.206
-65.437
-64.718
-64.046
-63.416
-62.825
-62.265
-61.733
-61.228
-60.747
-60.288
-59.85
-59.431
-59.033
-58.658
-58.309
-57.985
-57.687
-57.413
-57.164
-56.94
-56.74
-56.564
-56.411
-56.28
-56.173
-56.091
-56.033
-56.001
-55.995
-56.017
-56.068
-56.15
-56.262
-56.407
-56.584
-56.796
-57.041
-57.321
-57.635
-57.983
-58.363
-58.775
-59.217
-59.689
-60.189
-60.714
-61.264
-61.835
-62.425
-63.033
-63.656
-64.292
-64.937
-65.591
-66.25
-66.913
-67.577
-68.24
-68.901
-69.556
-70.204
-70.843
-71.471
-72.087
-72.689
-73.277
-73.849
-74.404
-74.942
-75.464
-75.968
-76.456
-76.929
-77.386
-77.83
-78.261
-78.682
-79.095
-79.501
-79.904
-80.305
-80.708
-81.115
-81.53
-81.955
-82.392
-82.845
-83.315
-83.804
-84.316
-84.85
-85.41
-85.995
-86.608
-87.248
-87.915
-88.61
-89.332
-90.081
-90.854
-91.65
-92.468
-93.304
-94.155
-95.018
-95.889
-96.763
-97.637
-98.503
-99.358
-100.195
-101.007
-101.787
-102.529
-103.226
-103.87
-104.454
-104.971
-105.414
-105.777
-106.054
-106.238
-106.326
-106.311
-106.19
-105.961
-105.619
-105.165
-104.597
-103.917
-103.125
-102.225
-101.218
-100.113
-98.918
-97.643
-96.3
-94.904
-93.469
-92.014
-90.558
-89.12
-87.716
-86.365
-85.084
-83.891
-82.807
-81.849
-81.037
-80.385
-79.905
-79.608
-79.501
-79.588
-79.866
-80.33
-80.974
-81.796
-82.802
-83.999
-85.392
-86.985
-88.778
-90.762
-92.933
-95.278
-97.777
-100.417
-103.177
-106.032
-108.965
-111.95
-114.954
-117.95
-120.869
-123.613
-126.126
-128.37
-130.361
-132.201
-133.971
-135.725
-137.586
-139.7
-142.149
-144.967
-148.017
-150.983
-153.597
-155.656
-156.986
-157.415
-156.808
-155.1
-152.393
-148.992
-145.22
-141.373
-137.668
-134.392
-131.946
-130.77
-131.389
-134.221
-139.672
-148.155
-159.967
-175.222
-192.955
-210.84
-226.242
-236.142
-238.881
-235.159
-224.281
-204.008
-169.819
-113.773
-30.776
79.619
214.522
367.441
532.974
708.319
888.786
1064.022
1214.901
1314.24
1335.078
1261.428
1096.152
862.911
598.509
340.91
118.001
-59.082
-190.971
-284.127
-345.043
-374.573
-375.349
-353.858
-319.414
-286.402
-263.126
-249.818
-242.347
-231.47
-212.921
-188.773
-163.324
-143.209
-131.369
-126.655
-126.905
-128.979
-131.008
-132.59
-133.414
-133.25
-131.829
-128.786
-123.976
-117.714
-110.521
-102.915
-95.422
-88.501
-82.479
-77.698
-74.479
-72.823
-72.54
-73.367
-74.945
-76.989
-79.307
-81.653
-83.774
-85.493
-86.67
-87.217
-87.108
-86.318
-84.838
-82.692
-79.924
-76.592
-72.769
-68.524
-63.921
-59.009
-53.819
-48.38
-42.72
-36.878
-30.914
-24.888
-18.866
-12.899
-7.016
-1.237
4.436
10.014
15.521
20.985
26.445
31.932
37.468
43.073
48.764
54.56
60.492
66.594
72.911
79.487
86.349
93.512
100.985
108.765
116.84
125.192
133.784
142.571
151.514
160.58
169.748
178.998
188.304
197.626
206.919
216.137
225.25
234.241
243.095
251.798
260.352
268.771
277.101
285.401
293.705
302.023
310.34
318.62
326.841
334.988
343.043
350.973
358.725
366.231
373.433
380.269
386.643
392.431
397.458
401.537
404.529
406.333
406.877
406.119
404.005
400.474
395.493
389.052
381.148
371.796
361
348.767
335.172
320.339
304.453
287.719
270.299
252.334
233.961
215.309
196.52
177.752
159.139
140.81
122.924
105.63
89.088
73.461
58.843
45.277
32.767
21.293
10.852
1.443
-6.959
-14.386
-20.878
-26.498
-31.303
-35.366
-38.813
-41.76
-44.331
-46.655
-48.815
-50.867
-52.858
-54.813
-56.754
-58.702
-60.661
-62.624
-64.594
-66.557
-68.498
-70.389
-72.166
-73.775
-75.175
-76.32
-77.19
-77.776
-78.07
-78.079
-77.825
-77.326
-76.609
-75.701
-74.624
-73.402
-72.066
-70.65
-69.199
-67.752
-66.335
-64.973
-63.685
-62.483
-61.381
-60.38
-59.476
-58.664
-57.941
-57.302
-56.747
-56.274
-55.875
-55.544
-55.274
-55.06
-54.896
-54.78
-54.707
-54.674
-54.679
-54.721
-54.799
-54.914
-55.063
-55.243
-55.452
-55.685
-55.941
-56.217
-56.509
-56.815
-57.133
-57.462
-57.8
-58.148
-58.505
-58.87
-59.244
-59.627
-60.019
-60.423
-60.838
-61.265
-61.705
-62.16
-62.628
-63.111
-63.608
-64.12
-64.645
-65.183
-65.732
-66.293
-66.863
-67.441
-68.027
-68.617
-69.212
-69.809
-70.407
-71.003
-71.596
-72.184
-72.765
-73.336
-73.895
-74.44
-74.969
-75.478
-75.965
-76.429
-76.865
-77.273
-77.65
-77.994
-78.304
-78.577
-78.812
-79.009
-79.167
-79.286
-79.365
-79.404
-79.405
-79.368
-79.294
-79.184
-79.04
-78.862
-78.654
-78.416
-78.152
-77.864
-77.553
-77.224
-76.878
-76.518
-76.148
-75.77
-75.387
-75.003
-74.62
-74.241
-73.87
-73.511
-73.164
-72.835
-72.524
-72.235
-71.969
-71.728
-71.513
-71.325
-71.166
-71.035
-70.933
-70.859
-70.813
-70.795
-70.803
-70.836
-70.893
-70.97
-71.066
-71.177
-71.3
-71.431
-71.568
-71.706
-71.84
-71.967
-72.082
-72.178
-72.252
-72.296
-72.306
-72.274
-72.194
-72.061
-71.869
-71.612
-71.285
-70.883
-70.402
-69.838
-69.187
-68.445
-67.61
-66.681
-65.656
-64.534
-63.319
-62.01
-60.611
-59.128
-57.568
-55.938
-54.249
-52.509
-50.735
-48.943
-47.148
-45.369
-43.622
-41.924
-40.292
-38.746
-37.301
-35.977
-34.789
-33.752
-32.881
-32.188
-31.684
-31.38
-31.269
-31.344
-31.595
-32.012
-32.603
-33.378
-34.335
-35.477
-36.803
-38.296
-39.969
-41.833
-43.823
-45.89
-47.986
-50.04
-52.092
-54.2
-56.304
-58.348
-60.391
-62.419
-64.47
-66.643
-68.758
-70.676
-72.504
-74.305
-76.063
-77.865
-79.669
-81.354
-83.165
-85.207
-87.249
-89.166
-90.841
-92.101
-92.928
-93.305
-92.895
-91.546
-89.495
-86.792
-83.459
-79.684
-75.544
-71.801
-70.191
-71.297
-74.87
-80.091
-84.492
-88.724
-95.644
-106.741
-124.392
-145.885
-164.505
-176.999
-179.436
-170.237
-149.557
-110.088
-43.601
55.898
191.845
355.983
535.626
720.68
901.592
1074.309
1231.946
1357.059
1426.978
1417.483
1315.792
1129.802
885.318
619.106
364.724
144.475
-32.225
-165.649
-257.91
-311.116
-327.835
-313.905
-280.496
-241.783
-210.776
-192.836
-185.632
-181.763
-172.413
-154.941
-131.955
-108.553
-90.881
-80.885
-77.11
-77.311
-78.566
-79.365
-79.582
-79.067
-77.736
-75.545
-72.411
-68.425
-63.935
-59.24
-54.438
-49.751
-45.435
-41.59
-38.256
-35.371
-32.751
-30.392
-28.474
-26.994
-25.906
-25.222
-24.958
-25.226
-26.092
-27.367
-28.709
-29.882
-30.736
-31.166
-31.078
-30.323
-28.809
-26.605
-23.893
-20.836
-17.51
-13.927
-10.076
-5.98
-1.691
2.76
7.382
12.184
17.146
22.215
27.302
32.347
37.334
42.269
47.174
52.064
56.946
61.836
66.76
71.743
76.809
81.98
87.269
92.705
98.321
104.153
110.241
116.611
123.27
130.215
137.428
144.88
152.543
160.383
168.366
176.475
184.685
192.969
201.294
209.615
217.897
226.125
234.28
242.348
250.33
258.235
266.095
273.979
281.931
289.972
298.104
306.294
314.509
322.731
330.935
339.099
347.177
355.095
362.78
370.171
377.179
383.69
389.546
394.533
398.475
401.251
402.766
402.966
401.804
399.222
395.171
389.629
382.59
374.061
364.054
352.567
339.627
325.323
309.802
293.276
275.938
257.932
239.396
220.454
201.235
181.882
162.54
143.33
124.384
105.862
87.917
70.719
54.422
39.113
24.832
11.574
-0.674
-11.902
-22.108
-31.31
-39.537
-46.828
-53.235
-58.808
-63.619
-67.798
-71.461
-74.734
-77.742
-80.564
-83.255
-85.86
-88.404
-90.909
-93.397
-95.868
-98.316
-100.742
-103.133
-105.473
-107.732
-109.841
-111.748
-113.409
-114.779
-115.839
-116.58
-116.994
-117.089
-116.89
-116.417
-115.697
-114.763
-113.635
-112.342
-110.918
-109.4
-107.837
-106.269
-104.726
-103.236
-101.82
-100.493
-99.271
-98.158
-97.151
-96.25
-95.451
-94.754
-94.16
-93.667
-93.27
-92.964
-92.743
-92.6
-92.532
-92.534
-92.604
-92.735
-92.926
-93.174
-93.477
-93.834
-94.239
-94.689
-95.177
-95.699
-96.25
-96.824
-97.416
-98.021
-98.635
-99.254
-99.876
-100.497
-101.115
-101.728
-102.333
-102.93
-103.517
-104.094
-104.658
-105.211
-105.751
-106.279
-106.794
-107.296
-107.786
-108.262
-108.725
-109.175
-109.613
-110.039
-110.453
-110.857
-111.251
-111.636
-112.013
-112.384
-112.751
-113.113
-113.473
-113.832
-114.19
-114.549
-114.91
-115.272
-115.637
-116.004
-116.374
-116.748
-117.124
-117.504
-117.886
-118.271
-118.66
-119.051
-119.446
-119.842
-120.242
-120.645
-121.05
-121.458
-121.869
-122.283
-122.698
-123.117
-123.536
-123.958
-124.38
-124.802
-125.223
-125.643
-126.061
-126.477
-126.888
-127.295
-127.697
-128.093
-128.483
-128.866
-129.241
-129.609
-129.969
-130.321
-130.665
-131
-131.326
-131.645
-131.955
-132.256
-132.549
-132.834
-133.111
-133.379
-133.64
-133.892
-134.138
-134.376
-134.609
-134.836
-135.059
-135.278
-135.495
-135.711
-135.927
-136.144
-136.365
-136.59
-136.821
-137.06
-137.307
-137.566
-137.836
-138.12
-138.418
-138.733
-139.063
-139.412
-139.779
-140.165
-140.57
-140.997
-141.444
-141.913
-142.405
-142.918
-143.454
-144.011
-144.591
-145.19
-145.81
-146.447
-147.101
-147.77
-148.452
-149.143
-149.843
-150.547
-151.252
-151.956
-152.653
-153.339
-154.01
-154.661
-155.286
-155.881
-156.44
-156.958
-157.43
-157.849
-158.21
-158.508
-158.736
-158.889
-158.96
-158.943
-158.833
-158.624
-158.311
-157.89
-157.356
-156.705
-155.934
-155.042
-154.025
-152.883
-151.615
-150.221
-148.702
-147.06
-145.3
-143.425
-141.441
-139.357
-137.182
-134.93
-132.613
-130.248
-127.85
-125.439
-123.033
-120.652
-118.315
-116.041
-113.849
-111.758
-109.789
-107.961
-106.294
-104.807
-103.515
-102.432
-101.568
-100.931
-100.52
-100.333
-100.369
-100.628
-101.116
-101.841
-102.804
-104.008
-105.455
-107.138
-109.049
-111.163
-113.439
-115.843
-118.342
-120.912
-123.534
-126.174
-128.793
-131.344
-133.769
-136.021
-138.04
-139.74
-141.081
-142.073
-142.786
-143.377
-144.004
-144.781
-145.889
-147.529
-149.798
-152.733
-156.213
-159.947
-163.76
-167.499
-170.832
-173.432
-175.065
-175.43
-174.457
-172.272
-168.646
-164.123
-160.242
-157.974
-158.284
-160.334
-160.886
-159.056
-155.973
-155.284
-163.199
-181.565
-207.807
-236.552
-260.24
-273.741
-273.717
-256.219
-215.981
-146.726
-44.926
87.916
244.552
413.901
587.23
759.34
926.665
1084.954
1222.038
1316.641
1345.353
1289.205
1143.557
924.811
663.133
394.241
150.53
-50.852
-203.702
-308.669
-372.404
-398.041
-391.158
-362.661
-323.009
-286.79
-264.06
-254.267
-253.105
-251.108
-240.268
-221.05
-197.168
-174.527
-158.496
-149.623
-146.175
-145.88
-146.469
-146.97
-147.203
-146.879
-145.672
-143.21
-139.136
-133.504
-126.677
-119.149
-111.453
-104.079
-97.453
-91.971
-87.998
-85.62
-84.679
-84.926
-86.017
-87.632
-89.522
-91.416
-93.031
-94.181
-94.735
-94.603
-93.754
-92.176
-89.871
-86.88
-83.267
-79.097
-74.444
-69.38
-63.972
-58.284
-52.368
-46.257
-39.982
-33.587
-27.128
-20.671
-14.286
-8.017
-1.889
4.081
9.893
15.555
21.087
26.522
31.9
37.254
42.606
47.98
53.392
58.87
64.445
70.154
76.039
82.137
88.481
95.106
102.033
109.27
116.818
124.666
132.796
141.186
149.807
158.619
167.589
176.683
185.875
195.145
204.459
213.777
223.051
232.234
241.297
250.224
259
267.616
276.08
284.411
292.66
300.888
309.132
317.403
325.684
333.949
342.185
350.382
358.527
366.595
374.533
382.282
389.789
396.982
403.753
409.961
415.409
419.899
423.287
425.462
426.351
425.891
424.005
420.627
415.715
409.241
401.194
391.568
380.34
367.541
353.266
337.664
320.959
303.367
285.059
266.195
246.928
227.411
207.814
188.306
169.028
150.142
131.829
114.273
97.679
82.193
67.885
54.785
42.866
32.1
22.483
13.991
6.584
0.216
-5.168
-9.636
-13.243
-16.09
-18.326
-20.098
-21.567
-22.856
-24.035
-25.159
-26.261
-27.361
-28.486
-29.646
-30.833
-32.049
-33.301
-34.583
-35.891
-37.19
-38.411
-39.492
-40.378
-41.024
-41.416
-41.546
-41.413
-41.039
-40.449
-39.666
-38.713
-37.592
-36.305
-34.876
-33.332
-31.722
-30.094
-28.469
-26.882
-25.395
-24.023
-22.754
-21.511
-20.121
-18.508
-16.721
-14.827
-12.925
-11.142
-9.584
-8.51
-8.361
-9.33
-11.356
