Name,Kaushik Vada
Date of Birth,"Mar 17, 2005"
Recorded Date,2024-02-06 03:31:10 -0800
Classification,Sinus Rhythm
Symptoms,
Software Version,1.90
Device,"Watch6,15"
Sample Rate,512 hertz


Lead,Lead I
Unit,µV

52.076
56.995
61.862
66.626
71.235
75.622
79.705
83.389
86.557
89.121
91.022
92.245
92.818
92.803
92.29
91.355
90.057
88.446
86.557
84.425
82.081
79.563
76.916
74.205
71.517
68.926
66.485
64.215
62.102
60.103
58.152
56.189
54.164
52.035
49.779
47.379
44.827
42.119
39.257
36.226
32.996
29.539
25.831
21.866
17.65
13.205
8.563
3.754
-1.189
-6.231
-11.351
-16.536
-21.791
-27.133
-32.586
-38.161
-43.862
-49.688
-55.632
-61.686
-67.826
-74.011
-80.193
-86.327
-92.372
-98.298
-104.062
-109.608
-114.856
-119.709
-124.076
-127.885
-131.086
-133.638
-135.524
-136.748
-137.353
-137.458
-137.217
-136.796
-136.379
-136.139
-136.247
-136.941
-138.525
-141.237
-145.239
-150.511
-156.758
-163.629
-170.737
-177.502
-183.258
-187.44
-189.584
-189.763
-188.843
-187.87
-188.055
-190.88
-197.448
-208.323
-224.005
-243.894
-265.422
-285.577
-299.546
-300.226
-283.303
-246.181
-187.435
-111.813
-22.334
82.738
203.847
346.343
514.493
701.13
891.999
1064.183
1187.723
1238.393
1206.599
1095.303
920.566
710.07
487.418
273.225
88.346
-59.498
-168.919
-240.846
-288.286
-320.996
-341.424
-356.136
-363.864
-362.745
-358.418
-349.179
-335.482
-319.677
-298.404
-274.448
-251.146
-229.513
-213.046
-201.689
-193.76
-189.22
-187.919
-189.893
-195.22
-202.614
-209.616
-214.653
-217.14
-216.786
-213.691
-208.1
-200.191
-190.8
-181.496
-173.247
-166.457
-161.267
-157.343
-154.38
-152.232
-150.496
-148.647
-146.439
-143.764
-140.649
-137.311
-133.856
-130.32
-126.769
-123.215
-119.663
-116.134
-112.621
-109.13
-105.703
-102.365
-99.142
-96.033
-92.981
-89.941
-86.875
-83.73
-80.491
-77.151
-73.719
-70.26
-66.829
-63.454
-60.153
-56.917
-53.719
-50.55
-47.393
-44.222
-41.036
-37.827
-34.586
-31.317
-28.005
-24.623
-21.138
-17.491
-13.625
-9.5
-5.082
-0.341
4.743
10.19
16.015
22.216
28.797
35.769
43.14
50.925
59.128
67.735
76.726
86.078
95.754
105.718
115.924
126.308
136.82
147.414
158.049
168.698
179.322
189.865
200.28
210.518
220.541
230.331
239.875
249.157
258.19
267.005
275.646
284.182
292.648
301.044
309.365
317.595
325.72
333.74
341.633
349.357
356.863
364.092
370.968
377.409
383.283
388.403
392.579
395.61
397.338
397.664
396.49
393.723
389.281
383.1
375.146
365.43
353.963
340.739
325.799
309.216
291.131
271.778
251.394
230.219
208.47
186.336
164.021
141.752
119.752
98.201
77.255
57.041
37.695
19.398
2.287
-13.554
-28.095
-41.388
-53.491
-64.451
-74.318
-83.165
-91.079
-98.189
-104.63
-110.484
-115.823
-120.713
-125.23
-129.494
-133.6
-137.6
-141.515
-145.337
-149.051
-152.664
-156.171
-159.537
-162.715
-165.64
-168.238
-170.479
-172.347
-173.82
-174.883
-175.505
-175.667
-175.378
-174.662
-173.546
-172.057
-170.216
-168.047
-165.598
-162.918
-160.064
-157.095
-154.052
-150.969
-147.88
-144.817
-141.805
-138.868
-136.02
-133.264
-130.609
-128.065
-125.64
-123.344
-121.177
-119.138
-117.224
-115.433
-113.761
-112.208
-110.769
-109.441
-108.222
-107.11
-106.103
-105.201
-104.399
-103.694
-103.08
-102.552
-102.102
-101.724
-101.412
-101.157
-100.954
-100.795
-100.675
-100.587
-100.527
-100.487
-100.463
-100.449
-100.441
-100.434
-100.423
-100.404
-100.374
-100.329
-100.265
-100.18
-100.071
-99.935
-99.772
-99.578
-99.354
-99.098
-98.809
-98.489
-98.136
-97.752
-97.337
-96.892
-96.417
-95.914
-95.383
-94.826
-94.245
-93.641
-93.014
-92.368
-91.702
-91.019
-90.32
-89.607
-88.881
-88.144
-87.398
-86.644
-85.885
-85.123
-84.36
-83.599
-82.841
-82.09
-81.347
-80.613
-79.891
-79.181
-78.485
-77.804
-77.137
-76.487
-75.854
-75.238
-74.64
-74.06
-73.499
-72.956
-72.432
-71.925
-71.436
-70.965
-70.509
-70.068
-69.643
-69.23
-68.83
-68.442
-68.062
-67.691
-67.325
-66.964
-66.603
-66.242
-65.877
-65.506
-65.127
-64.738
-64.337
-63.921
-63.49
-63.041
-62.573
-62.085
-61.575
-61.042
-60.484
-59.901
-59.293
-58.659
-57.999
-57.314
-56.604
-55.871
-55.115
-54.339
-53.543
-52.73
-51.902
-51.061
-50.211
-49.354
-48.494
-47.634
-46.778
-45.929
-45.093
-44.272
-43.47
-42.692
-41.942
-41.223
-40.54
-39.896
-39.296
-38.744
-38.244
-37.8
-37.416
-37.096
-36.842
-36.659
-36.549
-36.513
-36.554
-36.673
-36.871
-37.147
-37.501
-37.933
-38.439
-39.019
-39.669
-40.385
-41.165
-42.005
-42.898
-43.842
-44.83
-45.857
-46.916
-48.003
-49.108
-50.226
-51.347
-52.464
-53.568
-54.65
-55.701
-56.71
-57.667
-58.562
-59.384
-60.122
-60.767
-61.308
-61.735
-62.04
-62.214
-62.251
-62.144
-61.888
-61.477
-60.91
-60.183
-59.294
-58.242
-57.029
-55.656
-54.125
-52.442
-50.611
-48.642
-46.545
-44.33
-42.012
-39.606
-37.133
-34.613
-32.068
-29.524
-27.003
-24.531
-22.129
-19.822
-17.635
-15.587
-13.702
-11.998
-10.495
-9.215
-8.177
-7.392
-6.865
-6.599
-6.589
-6.839
-7.357
-8.153
-9.237
-10.621
-12.314
-14.327
-16.671
-19.341
-22.309
-25.529
-28.949
-32.526
-36.238
-40.074
-44.008
-47.989
-51.938
-55.768
-59.388
-62.733
-65.707
-68.171
-70.104
-71.584
-72.82
-74.187
-75.986
-78.395
-81.676
-86.054
-91.427
-97.556
-103.968
-109.825
-114.64
-118.075
-119.447
-118.405
-115.141
-110.033
-104.024
-98.468
-94.061
-91.673
-93.035
-99.311
-111.215
-129.094
-151.95
-178.371
-207.394
-236.934
-263.175
-282.22
-289.721
-281.21
-253.666
-204.148
-129.141
-27.973
95.477
235.886
386.261
541.363
703.69
874.939
1049.161
1213.231
1341.056
1403.194
1386.083
1289.698
1130.042
936.581
729.611
524.513
334.671
165.496
28.17
-67.651
-123.493
-143.982
-141.797
-132.988
-124.119
-119.016
-118.076
-115.411
-110.244
-102.438
-90.385
-78.248
-68.082
-60.077
-55.871
-53.259
-49.908
-45.945
-41.21
-36.14
-31.312
-25.877
-18.89
-10.332
-0.376
10.878
23.186
36.448
50.411
64.149
76.799
87.965
97.403
105.093
111.171
115.698
118.894
121.246
123.136
124.764
126.236
127.492
128.478
129.224
129.717
129.929
129.893
129.688
129.472
129.449
129.749
130.433
131.519
132.983
134.813
137.01
139.558
142.442
145.649
149.162
152.978
157.091
161.462
166.021
170.657
175.245
179.698
183.966
188.021
191.859
195.483
198.899
202.139
205.245
208.252
211.192
214.088
216.956
219.827
222.748
225.779
228.986
232.426
236.139
240.159
244.516
249.232
254.325
259.798
265.641
271.842
278.4
285.313
292.587
300.224
308.213
316.534
325.164
334.081
343.25
352.633
362.176
371.81
381.482
391.151
400.789
410.375
419.885
429.287
438.554
447.662
456.586
465.309
473.802
482.026
489.966
497.62
505.012
512.194
519.183
525.954
532.477
538.704
544.579
550.049
555.04
559.453
563.219
566.28
568.596
570.153
570.904
570.771
569.67
567.478
564.115
559.556
553.774
546.752
538.5
529.032
518.389
506.668
493.921
480.162
465.418
449.697
433.047
415.567
397.357
378.552
359.288
339.675
319.839
299.933
280.09
260.446
241.14
222.258
203.919
186.293
169.511
153.705
138.98
125.389
112.977
101.774
91.77
82.945
75.26
68.632
62.974
58.19
54.141
50.727
47.837
45.325
43.084
41.014
39.021
37.045
35.04
32.954
30.769
28.481
26.089
23.621
21.114
18.613
16.198
13.927
11.844
10.001
8.428
7.139
6.155
5.469
5.066
4.934
5.051
5.39
5.93
6.639
7.476
8.403
9.364
10.314
11.224
12.063
12.813
13.459
13.99
14.404
14.708
14.906
15.001
14.998
14.898
14.702
14.419
14.053
13.614
13.108
12.538
11.91
11.225
10.489
9.702
8.866
7.98
7.044
6.061
5.033
3.965
2.861
1.725
0.563
-0.62
-1.819
-3.028
-4.244
-5.463
-6.684
-7.901
-9.114
-10.319
-11.514
-12.699
-13.872
-15.03
-16.174
-17.3
-18.408
-19.497
-20.564
-21.61
-22.63
-23.625
-24.591
-25.527
-26.431
-27.3
-28.134
-28.93
-29.686
-30.403
-31.078
-31.712
-32.304
-32.856
-33.367
-33.839
-34.273
-34.67
-35.031
-35.359
-35.653
-35.916
-36.149
-36.353
-36.531
-36.683
-36.81
-36.916
-37.002
-37.068
-37.118
-37.154
-37.177
-37.189
-37.194
-37.193
-37.19
-37.187
-37.187
-37.194
-37.209
-37.237
-37.278
-37.337
-37.413
-37.511
-37.629
-37.77
-37.934
-38.121
-38.332
-38.566
-38.823
-39.103
-39.405
-39.729
-40.075
-40.44
-40.826
-41.23
-41.652
-42.092
-42.548
-43.02
-43.507
-44.008
-44.522
-45.048
-45.586
-46.132
-46.686
-47.247
-47.812
-48.379
-48.946
-49.513
-50.076
-50.636
-51.19
-51.737
-52.277
-52.809
-53.332
-53.846
-54.35
-54.843
-55.326
-55.797
-56.257
-56.705
-57.142
-57.565
-57.976
-58.373
-58.755
-59.122
-59.473
-59.806
-60.122
-60.419
-60.697
-60.955
-61.194
-61.414
-61.615
-61.798
-61.965
-62.115
-62.252
-62.375
-62.488
-62.59
-62.685
-62.773
-62.858
-62.94
-63.022
-63.107
-63.196
-63.292
-63.397
-63.514
-63.646
-63.796
-63.967
-64.163
-64.386
-64.64
-64.929
-65.257
-65.628
-66.044
-66.509
-67.026
-67.597
-68.225
-68.909
-69.653
-70.454
-71.313
-72.23
-73.202
-74.227
-75.303
-76.426
-77.594
-78.803
-80.048
-81.325
-82.629
-83.955
-85.296
-86.648
-88.002
-89.352
-90.69
-92.008
-93.298
-94.551
-95.759
-96.911
-97.998
-99.011
-99.94
-100.775
-101.508
-102.129
-102.63
-103.005
-103.247
-103.351
-103.313
-103.13
-102.798
-102.317
-101.687
-100.908
-99.982
-98.911
-97.699
-96.353
-94.878
-93.284
-91.578
-89.771
-87.878
-85.915
-83.901
-81.856
-79.804
-77.768
-75.777
-73.857
-72.033
-70.327
-68.76
-67.352
-66.123
-65.094
-64.282
-63.705
-63.376
-63.306
-63.502
-63.968
-64.693
-65.667
-66.878
-68.315
-69.985
-71.899
-74.066
-76.498
-79.204
-82.189
-85.451
-88.964
-92.687
-96.576
-100.593
-104.72
-108.94
-113.216
-117.507
-121.745
-125.834
-129.694
-133.198
-136.171
-138.539
-140.331
-141.68
-142.894
-144.252
-145.888
-148.059
-151.108
-155.046
-159.64
-164.332
-168.173
-170.553
-171.33
-170.139
-166.41
-160.084
-151.496
-141.624
-132.187
-124.309
-118.449
-115.497
-116.869
-123.669
-136.668
-155.747
-179.588
-207.13
-237.478
-268.666
-297.399
-319.526
-330.416
-325.887
-302.405
-256.232
-184.046
-83.533
43.834
191.493
351.6
515.722
679.458
846.484
1017.381
1185.462
1335.03
1434.52
1454.975
1383.391
1221.684
995.843
740.983
486.533
258.32
69.847
-71.854
-163.43
-209.77
-218.403
-205.267
-187.36
-174.543
-174.871
-184.443
-193.565
-198.23
-193.738
-182.049
-171.007
-163.035
-159.16
-158.602
-157.318
-153.774
-148.284
-140.83
-131.919
-122.289
-112.349
-102.601
-93.559
-85.258
-77.591
-70.898
-65.819
-62.681
-61.565
-62.364
-64.778
-68.71
-74.055
-80.363
-87.006
-93.423
-99.18
-104.07
-108.05
-111.011
-112.854
-113.551
-113.098
-111.574
-109.076
-105.665
-101.416
-96.432
-90.858
-84.904
-78.783
-72.664
-66.696
-60.969
-55.533
-50.439
-45.712
-41.36
-37.397
-33.819
-30.605
-27.747
-25.225
-23.003
-21.038
-19.258
-17.584
-15.957
-14.326
-12.651
-10.904
-9.058
-7.085
-4.969
-2.688
-0.215
2.473
5.408
8.619
12.131
15.965
20.138
24.658
29.539
34.795
40.442
46.502
52.991
59.913
67.268
75.049
83.23
91.79
100.699
109.916
119.406
129.141
139.1
149.278
159.672
170.264
181.025
191.907
202.865
213.873
224.909
235.954
247.007
258.056
269.097
280.147
291.202
302.22
313.134
323.834
334.191
344.109
353.51
362.335
370.535
378.035
384.758
390.635
395.588
399.542
402.413
404.087
404.488
403.603
401.468
398.18
393.861
388.589
382.423
375.407
367.572
358.962
349.614
339.562
328.85
317.53
305.684
293.422
280.822
267.909
254.656
240.987
226.832
212.173
197.014
181.395
165.38
149.049
132.518
115.903
99.31
82.833
66.526
50.428
34.606
19.158
4.216
-10.05
-23.506
-36.057
-47.626
-58.184
-67.733
-76.307
-83.999
-90.899
-97.076
-102.594
-107.481
-111.761
-115.484
-118.707
-121.506
-123.983
-126.215
-128.265
-130.193
-132.026
-133.769
-135.405
-136.872
-138.117
-139.113
-139.841
-140.306
-140.524
-140.494
-140.226
-139.732
-139.007
-138.056
-136.886
-135.498
-133.908
-132.147
-130.251
-128.276
-126.275
-124.283
-122.331
-120.44
-118.623
-116.894
-115.26
-113.721
-112.279
-110.939
-109.707
-108.589
-107.589
-106.704
-105.931
-105.26
-104.683
-104.191
-103.779
-103.44
-103.168
-102.96
-102.812
-102.722
-102.689
-102.707
-102.771
-102.874
-103.008
-103.168
-103.347
-103.538
-103.735
-103.933
-104.127
-104.314
-104.491
-104.652
-104.796
-104.919
-105.019
-105.094
-105.142
-105.162
-105.153
-105.115
-105.048
-104.952
-104.828
-104.675
-104.494
-104.285
-104.05
-103.788
-103.502
-103.192
-102.86
-102.507
-102.138
-101.752
-101.353
-100.944
-100.525
-100.1
-99.67
-99.237
-98.804
-98.372
-97.943
-97.518
-97.1
-96.69
-96.289
-95.897
-95.517
-95.149
-94.792
-94.449
-94.118
-93.8
-93.497
-93.208
-92.934
-92.675
-92.432
-92.205
-91.994
-91.799
-91.618
-91.452
-91.3
-91.161
-91.034
-90.919
-90.816
-90.724
-90.644
-90.574
-90.515
-90.466
-90.426
-90.395
-90.372
-90.358
-90.352
-90.355
-90.366
-90.387
-90.417
-90.457
-90.508
-90.569
-90.64
-90.722
-90.815
-90.918
-91.032
-91.157
-91.293
-91.44
-91.6
-91.772
-91.956
-92.154
-92.364
-92.588
-92.825
-93.074
-93.335
-93.609
-93.894
-94.191
-94.499
-94.818
-95.147
-95.484
-95.83
-96.183
-96.541
-96.902
-97.266
-97.629
-97.992
-98.351
-98.706
-99.054
-99.396
-99.728
-100.051
-100.361
-100.658
-100.939
-101.205
-101.452
-101.68
-101.887
-102.074
-102.238
-102.378
-102.495
-102.587
-102.655
-102.696
-102.711
-102.7
-102.662
-102.598
-102.508
-102.392
-102.253
-102.09
-101.905
-101.701
-101.477
-101.238
-100.984
-100.717
-100.44
-100.155
-99.863
-99.568
-99.272
-98.976
-98.683
-98.396
-98.116
-97.845
-97.586
-97.342
-97.113
-96.901
-96.71
-96.541
-96.394
-96.274
-96.18
-96.115
-96.08
-96.077
-96.106
-96.169
-96.266
-96.396
-96.56
-96.757
-96.986
-97.246
-97.534
-97.848
-98.186
-98.546
-98.924
-99.318
-99.724
-100.138
-100.559
-100.98
-101.399
-101.811
-102.212
-102.596
-102.958
-103.293
-103.596
-103.861
-104.081
-104.252
-104.367
-104.42
-104.404
-104.313
-104.14
-103.879
-103.523
-103.067
-102.506
-101.835
-101.05
-100.149
-99.129
-97.989
-96.728
-95.347
-93.844
-92.221
-90.478
-88.62
-86.647
-84.566
-82.382
-80.102
-77.738
-75.304
-72.812
-70.278
-67.717
-65.146
-62.584
-60.049
-57.561
-55.139
-52.803
-50.573
-48.472
-46.523
-44.748
-43.164
-41.784
-40.62
-39.682
-38.98
-38.521
-38.305
-38.333
-38.607
-39.136
-39.93
-40.991
-42.325
-43.927
-45.788
-47.896
-50.233
-52.765
-55.457
-58.267
-61.146
-64.039
-66.897
-69.669
-72.312
-74.78
-77.022
-78.976
-80.571
-81.763
-82.528
-82.874
-82.829
-82.395
-81.645
-80.79
-80.153
-80.111
-81.055
-83.243
-86.824
-92.05
-98.93
-107.056
-115.752
-124.064
-130.853
-134.951
-135.622
-132.34
-124.763
-114.739
-104.312
-93.951
-86.222
-81
-77.131
-79.094
-87.607
-104.522
-134.309
-173.803
-220.932
-270.034
-306.892
-316.855
-284.548
-201.164
-70.258
93.382
269.744
443.986
608.776
767.76
931.204
1100.231
1265.691
1406.871
1489.8
1489.559
1398.163
1222.081
989.835
734
480.877
254.104
66.464
-73.744
-162.224
-201.653
-199.069
-170.61
-133.12
-102.399
-91.096
-98.422
-118.033
-140.018
-153.707
-157.199
-153.725
-148.485
-145.858
-146.056
-146.283
-143.012
-135.144
-123.761
-110.74
-98.536
-88.241
-79.584
-72.759
-68.037
-65.193
-64.028
-63.943
-63.835
-63.377
-62.939
-62.622
-62.497
-62.58
-62.606
-62.523
-62.515
-62.462
-62.058
-61.15
-59.646
-57.572
-55.116
-52.379
-49.394
-46.247
-43.035
-39.818
-36.629
-33.479
-30.37
-27.336
-24.448
-21.755
-19.267
-16.954
-14.748
-12.585
-10.419
-8.2
-5.873
-3.401
-0.768
2
4.834
7.687
10.542
13.399
16.279
19.194
22.146
25.137
28.172
31.258
34.406
37.624
40.911
44.285
47.775
51.432
55.326
59.512
64.028
68.904
74.161
79.82
85.898
92.402
99.322
106.655
114.399
122.562
131.152
140.162
149.568
159.332
169.418
179.789
190.409
201.235
212.211
223.296
234.456
245.679
256.959
268.267
279.563
290.786
301.875
312.786
323.495
333.978
344.2
354.125
363.727
373.003
381.96
390.58
398.799
406.52
413.642
420.1
425.848
430.862
435.112
438.551
441.127
442.797
443.538
443.324
442.114
439.839
436.423
431.838
426.119
419.355
411.634
403.016
393.545
383.26
372.218
360.49
348.139
335.216
321.762
307.834
293.513
278.911
264.147
249.302
234.412
219.479
204.509
189.533
174.59
159.718
144.943
130.289
115.796
101.523
87.527
73.854
60.528
47.556
34.941
22.705
10.883
-0.478
-11.34
-21.677
-31.466
-40.685
-49.309
-57.322
-64.723
-71.524
-77.74
-83.382
-88.456
-92.969
-96.931
-100.358
-103.27
-105.691
-107.645
-109.156
-110.251
-110.96
-111.317
-111.351
-111.09
-110.558
-109.782
-108.788
-107.603
-106.255
-104.768
-103.167
-101.477
-99.721
-97.923
-96.104
-94.281
-92.472
-90.691
-88.954
-87.271
-85.654
-84.112
-82.652
-81.281
-80.004
-78.825
-77.746
-76.769
-75.895
-75.121
-74.448
-73.871
-73.388
-72.995
-72.686
-72.456
-72.301
-72.214
-72.189
-72.22
-72.301
-72.424
-72.585
-72.777
-72.994
-73.231
-73.482
-73.744
-74.013
-74.285
-74.558
-74.83
-75.099
-75.364
-75.624
-75.879
-76.129
-76.374
-76.614
-76.85
-77.085
-77.317
-77.55
-77.784
-78.021
-78.263
-78.51
-78.765
-79.028
-79.303
-79.59
-79.892
-80.209
-80.544
-80.898
-81.271
-81.664
-82.079
-82.514
-82.969
-83.444
-83.937
-84.447
-84.972
-85.511
-86.061
-86.618
-87.182
-87.748
-88.313
-88.875
-89.431
-89.977
-90.511
-91.031
-91.534
-92.018
-92.48
-92.919
-93.334
-93.722
-94.082
-94.412
-94.71
-94.976
-95.208
-95.406
-95.568
-95.695
-95.786
-95.841
-95.862
-95.849
-95.802
-95.724
-95.615
-95.479
-95.316
-95.13
-94.923
-94.698
-94.458
-94.205
-93.942
-93.673
-93.398
-93.122
-92.844
-92.569
-92.296
-92.029
-91.768
-91.515
-91.271
-91.038
-90.817
-90.609
-90.416
-90.238
-90.075
-89.93
-89.801
-89.69
-89.596
-89.519
-89.459
-89.416
-89.389
-89.376
-89.378
-89.392
-89.418
-89.453
-89.496
-89.546
-89.602
-89.661
-89.722
-89.785
-89.849
-89.912
-89.974
-90.034
-90.091
-90.145
-90.194
-90.238
-90.276
-90.307
-90.331
-90.347
-90.353
-90.351
-90.339
-90.316
-90.284
-90.241
-90.188
-90.125
-90.052
-89.97
-89.88
-89.783
-89.679
-89.569
-89.454
-89.336
-89.214
-89.091
-88.966
-88.841
-88.716
-88.591
-88.468
-88.347
-88.229
-88.114
-88.004
-87.899
-87.8
-87.709
-87.628
-87.556
-87.497
-87.45
-87.418
-87.401
-87.4
-87.415
-87.447
-87.497
-87.562
-87.645
-87.743
-87.855
-87.982
-88.12
-88.27
-88.429
-88.595
-88.767
-88.942
-89.119
-89.293
-89.464
-89.627
-89.779
-89.917
-90.038
-90.136
-90.209
-90.249
-90.253
-90.215
-90.128
-89.987
-89.786
-89.517
-89.175
-88.754
-88.249
-87.654
-86.965
-86.176
-85.286
-84.29
-83.188
-81.977
-80.655
-79.222
-77.677
-76.024
-74.262
-72.397
-70.432
-68.375
-66.234
-64.021
-61.747
-59.425
-57.068
-54.69
-52.305
-49.93
-47.581
-45.277
-43.037
-40.878
-38.822
-36.889
-35.102
-33.478
-32.034
-30.778
-29.72
-28.868
-28.229
-27.815
-27.632
-27.692
-28.002
-28.563
-29.379
-30.456
-31.788
-33.36
-35.145
-37.106
-39.205
-41.412
-43.693
-46.012
-48.322
-50.555
-52.655
-54.562
-56.233
-57.662
-58.809
-59.611
-60.02
-60.004
-59.592
-58.921
-58.077
-57.059
-55.977
-55.008
-54.511
-55.096
-57.133
-60.642
-65.621
-72.071
-79.852
-88.765
-97.961
-105.729
-110.77
-112.497
-110.686
-105.483
-97.11
-85.824
-73.075
-61.866
-54.975
-54.158
-60.075
-72.679
-91.901
-116.939
-145.269
-171.078
-186.482
-186.218
-167.119
-128.282
-71.561
5.496
105.847
230.03
380.087
552.179
741.568
943.953
1144.311
1323.263
1454.281
1507.007
1469.597
1345.205
1152.343
924.426
685.338
454.035
246.735
69.13
-67.51
-156.879
-203.859
-213.039
-200.726
-183.467
-168.214
-163.058
-164.955
-164.984
-160.412
-147.113
-127.259
-109.455
-97.725
-94.016
-97.536
-103.813
-110.057
-115.425
-119.219
-120.862
-119.701
-115.272
-107.648
-97.543
-85.943
-73.481
-60.922
-49.407
-39.768
-32.535
-27.947
-25.756
-25.578
-27.129
-29.974
-33.55
-37.418
-41.217
-44.725
-47.916
-50.759
-53.202
-55.197
-56.665
-57.531
-57.734
-57.228
-55.998
-54.054
-51.436
-48.216
-44.489
-40.355
-35.928
-31.284
-26.468
-21.529
-16.507
-11.467
-6.504
-1.69
2.925
7.299
11.418
15.274
18.861
22.2
25.334
28.306
31.164
33.948
36.681
39.393
42.122
44.909
47.814
50.881
54.148
57.649
61.414
65.474
69.856
74.582
79.661
85.103
90.915
97.107
103.689
110.668
118.042
125.804
133.945
142.457
151.336
160.578
170.175
180.102
190.329
200.819
211.528
222.411
233.42
244.495
255.587
266.654
277.667
288.613
299.478
310.233
320.837
331.234
341.367
351.2
360.704
369.854
378.644
387.07
395.136
402.871
410.282
417.335
423.973
430.099
435.602
440.406
444.459
447.731
450.211
451.884
452.736
452.752
451.893
450.11
447.329
443.443
438.372
432.09
424.619
416.04
406.463
395.976
384.649
372.534
359.653
346.015
331.618
316.477
300.634
284.167
267.209
249.931
232.507
215.095
197.803
180.691
163.789
147.125
130.739
114.691
99.066
83.977
69.562
55.935
43.184
31.365
20.468
10.447
1.23
-7.287
-15.178
-22.482
-29.22
-35.395
-41.012
-46.098
-50.691
-54.85
-58.666
-62.214
-65.561
-68.763
-71.835
-74.769
-77.535
-80.066
-82.309
-84.239
-85.842
-87.126
-88.109
-88.8
-89.21
-89.354
-89.228
-88.833
-88.171
-87.24
-86.059
-84.655
-83.068
-81.356
-79.574
-77.762
-75.956
-74.181
-72.454
-70.792
-69.205
-67.696
-66.271
-64.938
-63.705
-62.583
-61.58
-60.697
-59.932
-59.283
-58.741
-58.303
-57.964
-57.721
-57.57
-57.508
-57.535
-57.651
-57.857
-58.15
-58.526
-58.981
-59.509
-60.105
-60.763
-61.477
-62.238
-63.042
-63.882
-64.753
-65.651
-66.571
-67.509
-68.459
-69.419
-70.385
-71.353
-72.321
-73.284
-74.24
-75.188
-76.123
-77.046
-77.953
-78.844
-79.716
-80.57
-81.402
-82.214
-83.003
-83.768
-84.509
-85.226
-85.918
-86.587
-87.233
-87.857
-88.46
-89.044
-89.611
-90.162
-90.697
-91.219
-91.728
-92.226
-92.713
-93.191
-93.66
-94.123
-94.58
-95.032
-95.48
-95.925
-96.367
-96.808
-97.246
-97.684
-98.12
-98.555
-98.989
-99.422
-99.855
-100.286
-100.716
-101.144
-101.57
-101.992
-102.409
-102.821
-103.226
-103.624
-104.012
-104.39
-104.758
-105.114
-105.457
-105.786
-106.102
-106.402
-106.686
-106.954
-107.205
-107.439
-107.655
-107.853
-108.033
-108.197
-108.343
-108.473
-108.588
-108.687
-108.773
-108.845
-108.906
-108.957
-108.998
-109.032
-109.06
-109.085
-109.107
-109.129
-109.153
-109.18
-109.211
-109.249
-109.294
-109.348
-109.411
-109.486
-109.572
-109.67
-109.78
-109.904
-110.041
-110.191
-110.354
-110.529
-110.716
-110.915
-111.124
-111.343
-111.569
-111.803
-112.043
-112.287
-112.533
-112.78
-113.027
-113.27
-113.509
-113.741
-113.964
-114.176
-114.376
-114.562
-114.733
-114.886
-115.022
-115.139
-115.237
-115.315
-115.373
-115.411
-115.431
-115.432
-115.416
-115.384
-115.338
-115.279
-115.21
-115.132
-115.047
-114.957
-114.865
-114.773
-114.683
-114.597
-114.518
-114.448
-114.389
-114.344
-114.315
-114.304
-114.314
-114.345
-114.401
-114.483
-114.592
-114.729
-114.896
-115.092
-115.319
-115.576
-115.863
-116.177
-116.519
-116.885
-117.273
-117.679
-118.1
-118.532
-118.97
-119.41
-119.847
-120.275
-120.691
-121.09
-121.464
-121.811
-122.124
-122.398
-122.628
-122.807
-122.929
-122.989
-122.981
-122.9
-122.74
-122.494
-122.158
-121.726
-121.193
-120.554
-119.802
-118.935
-117.947
-116.835
-115.597
-114.232
-112.739
-111.118
-109.371
-107.499
-105.504
-103.391
-101.162
-98.822
-96.376
-93.829
-91.189
-88.464
-85.662
-82.796
-79.876
-76.918
-73.936
-70.948
-67.973
-65.03
-62.143
-59.332
-56.619
-54.026
-51.573
-49.28
-47.166
-45.247
-43.538
-42.051
-40.8
-39.797
-39.05
-38.562
-38.328
-38.341
-38.589
-39.065
-39.771
-40.703
-41.86
-43.248
-44.866
-46.722
-48.818
-51.141
-53.658
-56.321
-59.077
-61.884
-64.718
-67.564
-70.397
-73.166
-75.802
-78.231
-80.374
-82.171
-83.529
-84.307
-84.481
-84.143
-83.504
-82.95
-82.83
-83.34
-84.773
-87.469
-91.388
-96.321
-101.825
-106.92
-110.887
-113.275
-113.271
-110.185
-104.034
-95.015
-83.862
-72.265
-61.446
-52.666
-48.058
-49.298
-57.494
-73.741
-97.99
-128.993
-164.251
-198.85
-227.096
-244.918
-252.673
-252.686
-243.213
-216.675
-156.764
-49.012
106.298
297.187
500.564
696.503
883.004
1063.791
1241.164
1406.582
1528.411
1572.227
1517.239
1359.812
1127.323
861.526
598.748
370.477
188.44
49.189
-51.18
-120.787
-165.075
-184.001
-182.806
-169.734
-151.623
-138.138
-132.16
-127.677
-120.888
-107.195
-86.62
-67.279
-54.286
-49.961
-54.022
-62.108
-71.245
-80.537
-89.235
-96.573
-101.457
-103.015
-101.146
-96.399
-89.531
-81.037
-71.428
-61.663
-52.841
-45.711
-40.563
-37.258
-35.473
-34.967
-35.537
-36.857
-38.449
-39.943
-41.154
-42.027
-42.63
-43.032
-43.219
-43.18
-42.93
-42.437
-41.691
-40.708
-39.463
-37.958
-36.201
-34.166
-31.872
-29.363
-26.658
-23.779
-20.738
-17.524
-14.155
-10.684
-7.166
-3.674
-0.258
3.067
6.283
9.376
12.334
15.135
17.782
20.303
22.718
25.047
27.306
29.502
31.665
33.843
36.089
38.462
41.012
43.775
46.788
50.087
53.704
57.67
62.005
66.713
71.805
77.293
83.19
89.516
96.276
103.459
111.053
119.037
127.386
136.07
145.051
154.274
163.689
173.251
182.915
192.649
202.418
212.186
221.916
231.564
241.101
250.517
259.808
268.976
278.031
286.982
295.856
304.699
313.543
322.407
331.293
340.182
349.04
357.823
366.476
374.936
383.115
390.896
398.147
404.717
410.465
415.257
418.947
421.377
422.408
421.931
419.867
416.177
410.843
403.875
395.305
385.188
373.621
360.734
346.687
331.666
315.848
299.397
282.486
265.299
248.003
230.746
213.653
196.815
180.312
164.215
148.574
133.427
118.783
104.63
90.932
77.64
64.715
52.134
39.869
27.896
16.197
4.761
-6.406
-17.284
-27.854
-38.101
-48.008
-57.558
-66.723
-75.473
-83.773
-91.586
-98.886
-105.662
-111.904
-117.611
-122.79
-127.451
-131.617
-135.317
-138.581
-141.435
-143.907
-146.025
-147.818
-149.319
-150.562
-151.578
-152.399
-153.054
-153.57
-153.973
-154.288
-154.539
-154.745
-154.923
-155.093
-155.27
-155.472
-155.714
-156.012
-156.377
-156.821
-157.352
-157.981
-158.712
-159.55
-160.497
-161.551
-162.709
-163.968
-165.322
-166.769
-168.304
-169.921
-171.613
-173.373
-175.194
-177.067
-178.985
-180.935
-182.903
-184.876
-186.845
-188.801
-190.744
-192.665
-194.552
-196.39
-198.163
-199.855
-201.454
-202.947
-204.322
-205.567
-206.68
-207.659
-208.515
-209.255
-209.882
-210.391
-210.769
-211.008
-211.113
-211.13
-211.129
-211.152
-211.22
-211.322
-211.416
-211.519
-211.694
-211.882
-211.969
-211.932
-211.786
-211.765
-212.316
-213.556
-215.291
-217.521
-220.214
-222.959
-225.522
-227.334
-226.959
-225.106
-223.031
-219.589
-215.174
-207.564
-193.674
-178.369
-165.625
-160.053
-167.077
-181.36
-197.584
-212.029
-219.624
-222.837
-223.965
-223.152
-222.207
-220.337
-217.042
-213.277
-209.131
-205.051
-201.667
-199.004
-197.062
-195.746
-194.62
-193.397
-191.99
-190.363
-188.564
-186.622
-184.518
-182.256
-179.893
-177.469
-174.996
-172.454
-169.786
-166.959
-163.967
-160.817
-157.527
-154.107
-150.558
-146.885
-143.091
-139.185
-135.176
-131.073
-126.886
-122.624
-118.298
-113.922
-109.512
-105.079
-100.633
-96.179
-91.717
-87.251
-82.785
-78.325
-73.875
-69.44
-65.025
-60.632
-56.268
-51.934
-47.634
-43.368
-39.137
-34.942
-30.781
-26.656
-22.566
-18.51
-14.487
-10.495
-6.533
-2.598
1.313
5.206
9.082
12.943
16.789
20.62
24.435
28.236
32.02
35.785
39.529
43.251
46.951
50.631
54.29
57.923
61.523
65.081
68.592
72.058
75.48
78.861
82.199
85.492
88.738
91.939
95.092
98.188
101.213
104.152
106.992
109.727
112.362
114.901
117.348
119.689
121.871
123.843
125.574
127.062
128.34
129.44
130.338
130.988
131.455
131.866
132.276
132.626
132.648
132.017
130.705
128.995
127
124.613
122.074
119.686
118.032
118.305
119.667
120.599
121.952
123.727
128.532
139.458
151.821
161.968
165.48
157.44
143.58
128.688
115.984
110.381
109.179
109.938
112.458
114.522
116.54
119.35
122.312
125.455
128.549
130.955
132.588
133.646
134.373
135.041
135.804
136.648
137.469
138.246
138.981
139.619
140.109
140.388
140.399
140.138
139.637
138.915
137.969
136.784
135.324
133.563
131.493
129.107
126.405
123.395
120.084
116.483
112.602
108.448
104.009
99.271
94.213
88.814
83.069
76.987
70.601
63.95
57.08
50.027
42.808
35.443
27.969
20.436
12.92
5.519
-1.687
-8.588
-15.01
-20.88
-26.208
-31.091
-35.832
-40.708
-45.743
-50.965
-56.393
-61.758
-66.807
-71.196
-74.133
-75.153
-74.53
-72.668
-70.262
-68.384
-67.587
-68.402
-71.899
-78.453
-87.48
-98.157
-109.111
-118.972
-127.56
-134.793
-140.427
-145.137
-150.136
-156.818
-165.669
-175.045
-182.222
-185.412
-186.324
-187.816
-188.291
-179.478
-145.064
-69.76
49.786
204.775
375.472
544.457
708.087
871.054
1039.807
1208.734
1351.653
1433.453
1423.994
1312.362
1115.767
868.631
608.814
368.521
163.609
-0.979
-122.936
-205.693
-250.627
-259.552
-243.871
-214.875
-186.066
-170.897
-170.22
-178.706
-186.622
-183.781
-169.037
-147.648
-128.109
-116.61
-113.647
-116.687
-122.061
-127.782
-133.796
-139.658
-144.178
-146.456
-145.97
-142.742
-137.368
-130.216
-121.476
-111.866
-102.552
-94.346
-87.664
-82.593
-78.836
-76.199
-74.583
-73.675
-73.019
-72.267
-71.234
-69.897
-68.39
-66.827
-65.26
-63.752
-62.39
-61.244
-60.343
-59.68
-59.198
-58.803
-58.452
-58.11
-57.732
-57.308
-56.81
-56.194
-55.432
-54.497
-53.359
-52.011
-50.448
-48.652
-46.635
-44.424
-42.057
-39.611
-37.142
-34.682
-32.266
-29.905
-27.603
-25.369
-23.192
-21.044
-18.902
-16.74
-14.522
-12.229
-9.827
-7.271
-4.516
-1.501
1.823
5.493
9.541
13.993
18.867
24.176
29.926
36.106
42.712
49.736
57.17
65.006
73.23
81.824
90.765
100.028
109.582
119.398
129.442
139.678
150.07
160.58
171.171
181.806
192.445
203.048
213.574
223.977
234.211
244.228
253.977
263.409
272.474
281.121
289.304
296.978
304.1
310.631
316.54
321.79
326.347
330.176
333.238
335.505
336.957
337.574
337.349
336.281
334.382
331.68
328.209
323.993
319.05
313.392
307.02
299.939
292.158
283.681
274.53
264.728
254.292
243.257
231.648
219.477
206.745
193.427
179.486
164.925
149.768
134.056
117.872
101.303
84.453
67.458
50.432
33.475
16.69
0.149
-16.071
-31.867
-47.131
-61.729
-75.505
-88.352
-100.196
-110.974
-120.683
-129.338
-136.987
-143.732
-149.659
-154.831
-159.308
-163.124
-166.307
-168.918
-171.02
-172.687
-174.026
-175.112
-176.005
-176.768
-177.423
-177.973
-178.4
-178.642
-178.647
-178.392
-177.864
-177.071
-176.032
-174.753
-173.246
-171.523
-169.582
-167.429
-165.071
-162.511
-159.765
-156.859
-153.833
-150.747
-147.659
-144.614
-141.647
-138.779
-136.023
-133.395
-130.905
-128.56
-126.366
-124.326
-122.444
-120.731
-119.197
-117.853
-116.698
-115.717
-114.888
-114.18
-113.578
-113.072
-112.656
-112.327
-112.07
-111.858
-111.67
-111.487
-111.306
-111.153
-111.021
-110.877
-110.708
-110.481
-110.248
-110.176
-110.261
-110.343
-110.276
-109.833
-109.018
-108.188
-107.442
-106.582
-105.777
-105.399
-106.029
-108.685
-113.54
-119.735
-126.689
-134.05
-141.168
-147.446
-151.727
-152.016
-147.733
-139.866
-129.46
-117.782
-106.007
-94.784
-85.476
-80.323
-80.198
-84.562
-92.396
-101.996
-112.118
-122.297
-131.57
-138.483
-142.335
-143.12
-141.416
-138.494
-135.154
-131.599
-128.184
-125.323
-123.277
-122.21
-121.949
-121.967
-121.971
-121.903
-121.74
-121.547
-121.334
-121.031
-120.653
-120.279
-119.949
-119.679
-119.448
-119.192
-118.875
-118.493
-118.046
-117.551
-117.012
-116.425
-115.786
-115.093
-114.347
-113.558
-112.734
-111.882
-111.009
-110.121
-109.227
-108.342
-107.476
-106.635
-105.821
-105.033
-104.272
-103.542
-102.847
-102.192
-101.581
-101.017
-100.503
-100.043
-99.64
-99.297
-99.016
-98.797
-98.641
-98.549
-98.52
-98.555
-98.654
-98.815
-99.036
-99.314
-99.647
-100.032
-100.464
-100.939
-101.454
-102.003
-102.581
-103.183
-103.803
-104.433
-105.068
-105.701
-106.325
-106.933
-107.516
-108.069
-108.582
-109.046
-109.454
-109.797
-110.066
-110.252
-110.346
-110.341
-110.229
-110.005
-109.661
-109.194
-108.599
-107.872
-107.012
-106.014
-104.879
-103.604
-102.192
-100.643
-98.961
-97.15
-95.216
-93.169
-91.018
-88.776
-86.455
-84.068
-81.631
-79.162
-76.681
-74.209
-71.765
-69.369
-67.04
-64.801
-62.673
-60.676
-58.827
-57.139
-55.627
-54.306
-53.195
-52.304
-51.635
-51.186
-50.953
-50.935
-51.14
-51.576
-52.243
-53.143
-54.274
-55.635
-57.229
-59.043
-61.045
-63.192
-65.424
-67.693
-69.972
-72.243
-74.502
-76.724
-78.85
-80.815
-82.551
-83.986
-85.073
-85.758
-85.957
-85.714
-85.188
-84.638
-84.459
-85.01
-86.52
-89.156
-93.002
-97.859
-103.379
-109.04
-114.045
-117.641
-119.114
-117.946
-113.991
-107.598
-99.424
-90.285
-81.223
-73.461
-68.748
-68.652
-74.06
-85.323
-102.167
-124.069
-150.389
-178.293
-201.991
-216.062
-216.979
-205.472
-185.34
-156.626
-112.197
-39.633
69.83
216.697
390.078
571.64
751.276
922.71
1080.008
1217.437
1313.934
1345.217
1298.405
1168.438
972.237
741.986
506.293
295.567
129.665
9.961
-67.134
-115.476
-153.159
-186.516
-217.65
-243.317
-254.951
-252.029
-238.317
-218.418
-199.149
-182.916
-168.375
-154.804
-141.434
-128.064
-115.939
-105.316
-95.337
-86.195
-78.491
-72.498
-68.575
-66.145
-63.508
-59.846
-55.191
-49.427
-42.722
-35.325
-27.255
-19.172
-12.318
-7.359
-4.534
-3.857
-4.939
-7.42
-11.066
-15.437
-19.962
-24.263
-28.055
-31.153
-33.547
-35.185
-36.011
-36.043
-35.302
-33.816
-31.625
-28.782
-25.349
-21.433
-17.144
-12.568
-7.79
-2.885
2.056
6.921
11.627
16.112
20.34
24.29
27.938
31.269
34.288
37.026
39.523
41.83
43.992
46.041
48.024
49.986
51.981
54.071
56.304
58.715
61.34
64.208
67.345
70.78
74.532
78.609
83.021
87.78
92.898
98.385
104.249
110.495
117.128
124.154
131.575
139.382
147.567
156.109
164.984
174.163
183.601
193.247
203.049
212.956
222.919
232.899
242.846
252.715
262.467
272.053
281.443
290.627
299.597
308.358
316.935
325.356
333.663
341.925
350.181
358.459
366.776
375.118
383.477
391.83
400.124
408.3
416.281
423.952
431.193
437.864
443.786
448.791
452.708
455.342
456.547
456.207
454.218
450.527
445.097
437.915
429.018
418.466
406.339
392.765
377.891
361.889
344.989
327.401
309.327
290.991
272.574
254.236
236.132
218.378
201.067
184.286
168.084
152.492
137.543
123.233
109.541
96.43
83.827
71.675
59.933
48.555
37.514
26.797
16.387
6.289
-3.477
-12.896
-21.949
-30.61
-38.864
-46.687
-54.048
-60.914
-67.244
-73.01
-78.199
-82.8
-86.817
-90.256
-93.13
-95.462
-97.284
-98.627
-99.519
-99.992
-100.072
-99.79
-99.179
-98.273
-97.106
-95.713
-94.122
-92.363
-90.464
-88.451
-86.349
-84.18
-81.963
-79.717
-77.462
-75.217
-73.001
-70.83
-68.721
-66.686
-64.74
-62.895
-61.158
-59.538
-58.04
-56.668
-55.425
-54.314
-53.334
-52.485
-51.766
-51.175
-50.708
-50.363
-50.134
-50.018
-50.007
-50.098
-50.283
-50.555
-50.909
-51.338
-51.834
-52.392
-53.003
-53.662
-54.362
-55.097
-55.862
-56.65
-57.456
-58.275
-59.102
-59.933
-60.764
-61.592
-62.415
-63.229
-64.034
-64.828
-65.611
-66.382
-67.141
-67.889
-68.625
-69.351
-70.066
-70.773
-71.472
-72.165
-72.854
-73.54
-74.226
-74.913
-75.603
-76.298
-76.999
-77.708
-78.427
-79.157
-79.898
-80.652
-81.419
-82.2
-82.996
-83.806
-84.631
-85.47
-86.323
-87.189
-88.066
-88.954
-89.849
-90.75
-91.655
-92.561
-93.465
-94.365
-95.258
-96.139
-97.008
-97.859
-98.69
-99.499
-100.28
-101.032
-101.752
-102.436
-103.082
-103.687
-104.25
-104.768
-105.239
-105.662
-106.035
-106.357
-106.628
-106.846
-107.01
-107.121
-107.179
-107.183
-107.136
-107.038
-106.891
-106.698
-106.462
-106.185
-105.87
-105.522
-105.143
-104.739
-104.312
-103.867
-103.408
-102.939
-102.465
-101.989
-101.516
-101.049
-100.594
-100.152
-99.729
-99.326
-98.947
-98.596
-98.274
-97.985
-97.731
-97.516
-97.341
-97.21
-97.124
-97.084
-97.092
-97.148
-97.253
-97.405
-97.603
-97.846
-98.133
-98.46
-98.826
-99.227
-99.661
-100.124
-100.614
-101.125
-101.654
-102.197
-102.748
-103.303
-103.858
-104.407
-104.946
-105.47
-105.975
-106.456
-106.905
-107.318
-107.688
-108.01
-108.275
-108.477
-108.61
-108.667
-108.643
-108.532
-108.328
-108.028
-107.627
-107.121
-106.507
-105.782
-104.944
-103.99
-102.92
-101.732
-100.425
-99
-97.457
-95.8
-94.032
-92.16
-90.191
-88.13
-85.987
-83.773
-81.499
-79.179
-76.824
-74.445
-72.057
-69.676
-67.325
-65.024
-62.794
-60.65
-58.614
-56.704
-54.94
-53.338
-51.899
-50.625
-49.529
-48.625
-47.939
-47.505
-47.348
-47.479
-47.92
-48.681
-49.775
-51.217
-52.995
-55.084
-57.465
-60.131
-63.089
-66.352
-69.885
-73.619
-77.464
-81.296
-85.004
-88.491
-91.635
-94.34
-96.526
-98.105
-99.02
-99.258
-98.81
-97.677
-95.887
-93.431
-90.301
-86.65
-82.791
-79.207
-76.421
-74.779
-74.377
-75.313
-77.923
-82.367
-88.441
-95.391
-101.992
-107.416
-111.586
-114.606
-116.161
-115.972
-114.019
-111.199
-109.728
-111.431
-117.112
-127.084
-141.468
-160.24
-183.151
-208.45
-232.082
-249.511
-256.311
-248.416
-222.32
-174.289
-100.798
0.23
126.196
269.682
422.181
575.158
726.747
883.342
1046.975
1211.694
1357.191
1446.097
1446.565
1344.989
1151.136
901.32
639.95
402.025
208.896
66.488
-32.769
-98.916
-141.762
-172.088
-193.395
-205.575
-207.916
-197.449
-176.133
-149.429
-122.399
-100.236
-85.179
-76.926
-74.957
-77.911
-84.204
-92.301
-100.447
-107.24
-111.68
-113.248
-111.757
-107.356
-100.55
-92.103
-82.932
-73.956
-66.112
-59.982
-55.877
-53.929
-53.976
-55.729
-58.825
-62.762
-66.939
-70.909
-74.346
-77.005
-78.818
-79.746
-79.762
-78.922
-77.313
-75.009
-72.091
-68.636
-64.693
-60.339
-55.67
-50.779
-45.781
-40.783
-35.879
-31.157
-26.676
-22.472
-18.566
-14.96
-11.646
-8.609
-5.826
-3.265
-0.9
1.296
3.351
5.296
7.166
9.003
10.843
12.722
14.671
16.72
18.898
21.23
23.739
26.443
29.362
32.513
35.915
39.59
43.558
47.839
52.451
57.412
62.738
68.445
74.543
81.038
87.932
95.227
102.923
111.022
119.518
128.393
137.628
147.196
157.065
167.197
177.544
188.051
198.661
209.32
219.98
230.594
241.117
251.507
261.72
271.708
281.436
290.888
300.053
308.934
317.543
325.89
334.003
341.919
349.662
357.248
364.688
371.971
379.081
385.992
392.668
399.083
405.197
410.94
416.224
420.924
424.902
428.035
430.186
431.207
430.975
429.372
426.284
421.645
415.417
407.577
398.129
387.064
374.376
360.112
344.365
327.287
309.066
289.874
269.892
249.336
228.416
207.36
186.414
165.762
145.55
125.922
106.999
88.928
71.877
55.954
41.213
27.657
15.249
3.967
-6.215
-15.37
-23.596
-31.018
-37.794
-44.022
-49.761
-55.084
-60.05
-64.747
-69.29
-73.751
-78.161
-82.534
-86.863
-91.152
-95.413
-99.619
-103.712
-107.62
-111.252
-114.561
-117.529
-120.136
-122.369
-124.205
-125.609
-126.577
-127.126
-127.273
-127.039
-126.441
-125.492
-124.227
-122.7
-120.969
-119.099
-117.136
-115.112
-113.059
-111.006
-108.981
-107.008
-105.102
-103.267
-101.514
-99.853
-98.296
-96.856
-95.537
-94.339
-93.259
-92.294
-91.442
-90.703
-90.076
-89.557
-89.146
-88.843
-88.648
-88.563
-88.586
-88.713
-88.939
-89.257
-89.66
-90.142
-90.693
-91.306
-91.97
-92.679
-93.424
-94.199
-94.995
-95.806
-96.624
-97.444
-98.259
-99.063
-99.85
-100.616
-101.356
-102.067
-102.746
-103.389
-103.996
-104.563
-105.09
-105.575
-106.018
-106.417
-106.773
-107.085
-107.355
-107.582
-107.77
-107.921
-108.035
-108.118
-108.172
-108.201
-108.209
-108.198
-108.174
-108.14
-108.098
-108.053
-108.008
-107.966
-107.93
-107.902
-107.886
-107.882
-107.894
-107.923
-107.969
-108.035
-108.12
-108.224
-108.349
-108.494
-108.659
-108.845
-109.051
-109.277
-109.522
-109.786
-110.069
-110.369
-110.685
-111.015
-111.359
-111.715
-112.081
-112.456
-112.837
-113.224
-113.615
-114.008
-114.401
-114.793
-115.183
-115.568
-115.949
-116.323
-116.69
-117.049
-117.401
-117.746
-118.083
-118.412
-118.735
-119.051
-119.36
-119.664
-119.961
-120.252
-120.538
-120.818
-121.094
-121.364
-121.631
-121.893
-122.152
-122.408
-122.661
-122.911
-123.158
-123.402
-123.644
-123.884
-124.122
-124.358
-124.594
-124.83
-125.066
-125.302
-125.537
-125.773
-126.008
-126.242
-126.474
-126.704
-126.93
-127.153
-127.373
-127.588
-127.799
-128.006
-128.208
-128.404
-128.596
-128.781
-128.961
-129.136
-129.304
-129.467
-129.626
-129.781
-129.932
-130.079
-130.224
-130.366
-130.505
-130.641
-130.773
-130.899
-131.02
-131.135
-131.243
-131.342
-131.434
-131.515
-131.584
-131.642
-131.684
-131.71
-131.715
-131.698
-131.655
-131.583
-131.478
-131.338
-131.157
-130.933
-130.66
-130.336
-129.954
-129.51
-128.997
-128.41
-127.744
-126.991
-126.149
-125.21
-124.173
-123.032
-121.786
-120.431
-118.966
-117.389
-115.698
-113.891
-111.97
-109.934
-107.787
-105.531
-103.172
-100.718
-98.18
-95.57
-92.9
-90.184
-87.436
-84.672
-81.91
-79.171
-76.474
-73.84
-71.294
-68.859
-66.562
-64.426
-62.473
-60.72
-59.184
-57.876
-56.81
-56
-55.452
-55.169
-55.155
-55.408
-55.932
-56.731
-57.795
-59.115
-60.685
-62.488
-64.514
-66.752
-69.174
-71.754
-74.459
-77.24
-80.059
-82.883
-85.679
-88.44
-91.14
-93.735
-96.198
-98.471
-100.487
-102.229
-103.633
-104.615
-105.225
-105.571
-105.901
-106.686
-108.331
-111.149
-115.517
-121.589
-129.225
-138.096
-147.275
-155.426
-161.37
-163.827
-161.631
-154.36
-142.101
-125.543
-106.576
-87.44
-70.387
-58.355
-53.939
-58.7
-73.512
-97.833
-129.519
-166.086
-204.209
-238.789
-264.47
-276.012
-268.472
-238.35
-183.075
-100.368
10.818
147.035
300.629
463.151
625.274
783.218
941.443
1099.495
1251.254
1383.003
1464.038
1468.12
1383.849
1209.804
970.849
704.839
443.045
218.116
49.302
-63.726
-123.698
-143.608
-143.654
-135.798
-132.514
-140.915
-156.532
-174.259
-185.947
-184.591
-170.686
-148.195
-124.247
-105.131
-93.144
-87.658
-85.659
-85.027
-85.642
-87.648
-91.222
-95.519
-98.454
-98.803
-96.354
-91.171
-83.572
-73.924
-62.551
-50.351
-38.835
-29.01
-21.339
-15.976
-12.657
-11.118
-11.155
-12.332
-14.033
-15.817
-17.417
-18.722
-19.81
-20.713
-21.398
-21.834
-21.958
-21.712
-21.031
-19.862
-18.174
-15.963
-13.259
-10.115
-6.6
-2.786
1.264
5.509
9.933
14.511
19.209
23.966
28.688
33.305
37.757
42.002
46.024
49.81
53.361
56.697
59.859
62.887
65.827
68.71
71.559
74.406
77.292
80.266
83.392
86.721
90.296
94.156
98.336
102.862
107.761
113.045
118.717
124.778
131.23
138.075
145.316
152.95
160.968
169.358
178.104
187.188
196.59
206.29
216.261
226.478
236.909
247.526
258.298
269.189
280.162
291.176
302.187
313.149
324.018
334.746
345.283
355.582
365.595
375.273
384.57
393.44
401.835
409.713
417.029
423.744
429.817
435.214
439.901
443.847
447.024
449.41
450.982
451.725
451.623
450.667
448.849
446.169
442.627
438.228
432.981
426.902
420.006
412.315
403.856
394.655
384.746
374.163
362.944
351.131
338.767
325.897
312.567
298.829
284.731
270.327
255.669
240.81
225.805
210.708
195.571
180.447
165.388
150.443
135.663
121.094
106.781
92.768
79.095
65.801
52.921
40.488
28.531
17.076
6.145
-4.243
-14.072
-23.331
-32.01
-40.105
-47.612
-54.533
-60.872
-66.635
-71.832
-76.475
-80.578
-84.159
-87.238
-89.835
-91.973
-93.678
-94.973
-95.887
-96.446
-96.679
-96.614
-96.279
-95.704
-94.916
-93.946
-92.821
-91.567
-90.211
-88.778
-87.291
-85.773
-84.244
-82.722
-81.225
-79.769
-78.367
-77.031
-75.773
-74.602
-73.525
-72.549
-71.678
-70.916
-70.263
-69.722
-69.289
-68.965
-68.745
-68.627
-68.605
-68.674
-68.829
-69.062
-69.367
-69.737
-70.162
-70.636
-71.149
-71.694
-72.263
-72.848
-73.441
-74.038
-74.631
-75.216
-75.788
-76.343
-76.878
-77.389
-77.874
-78.333
-78.762
-79.162
-79.533
-79.873
-80.186
-80.47
-80.729
-80.964
-81.177
-81.371
-81.548
-81.711
-81.864
-82.01
-82.153
-82.296
-82.443
-82.598
-82.765
-82.948
-83.151
-83.377
-83.628
-83.907
-84.216
-84.555
-84.926
-85.328
-85.762
-86.228
-86.723
-87.248
-87.801
-88.38
-88.985
-89.612
-90.259
-90.925
-91.606
-92.3
-93.003
-93.713
-94.427
-95.14
-95.85
-96.554
-97.246
-97.925
-98.585
-99.223
-99.834
-100.415
-100.963
-101.474
-101.945
-102.376
-102.763
-103.106
-103.404
-103.658
-103.868
-104.035
-104.159
-104.241
-104.283
-104.287
-104.255
-104.187
-104.087
-103.957
-103.799
-103.615
-103.41
-103.185
-102.943
-102.688
-102.424
-102.152
-101.878
-101.605
-101.336
-101.077
-100.831
-100.602
-100.395
-100.211
-100.055
-99.928
-99.831
-99.767
-99.735
-99.736
-99.768
-99.832
-99.926
-100.048
-100.198
-100.373
-100.572
-100.792
-101.032
-101.287
-101.557
-101.839
-102.129
-102.425
-102.724
-103.023
-103.32
-103.61
-103.892
-104.161
-104.414
-104.646
-104.855
-105.036
-105.187
-105.304
-105.386
-105.43
-105.436
-105.404
-105.333
-105.224
-105.078
-104.898
-104.684
-104.439
-104.166
-103.868
-103.548
-103.21
-102.856
-102.492
-102.119
-101.743
-101.367
-100.994
-100.629
-100.274
-99.933
-99.61
-99.309
-99.033
-98.786
-98.571
-98.392
-98.252
-98.153
-98.098
-98.087
-98.122
-98.204
-98.33
-98.501
-98.714
-98.968
-99.258
-99.581
-99.933
-100.307
-100.698
-101.1
-101.506
-101.909
-102.302
-102.677
-103.027
-103.345
-103.623
-103.853
-104.028
-104.139
-104.178
-104.138
-104.011
-103.792
-103.471
-103.045
-102.507
-101.853
-101.08
-100.183
-99.159
-98.007
-96.727
-95.321
-93.789
-92.135
-90.364
-88.484
-86.508
-84.449
-82.32
-80.135
-77.912
-75.667
-73.422
-71.198
-69.012
-66.882
-64.825
-62.861
-61.012
-59.299
-57.743
-56.359
-55.162
-54.166
-53.388
-52.843
-52.541
-52.485
-52.674
-53.111
-53.811
-54.793
-56.068
-57.645
-59.524
-61.695
-64.148
-66.864
-69.802
-72.916
-76.145
-79.421
-82.686
-85.891
-88.989
-91.946
-94.71
-97.202
-99.338
-101.017
-102.171
-102.799
-102.943
-102.656
-101.979
-101
-99.948
-99.227
-99.258
-100.305
-102.369
-105.317
-109.269
-114.439
-120.749
-127.686
-134.334
-139.796
-143.833
-146.69
-148.136
-147.63
-144.915
-140.338
-135.391
-132.033
-131.207
-133.091
-138.293
-147.66
-161.784
-179.234
-195.334
-204.671
-203.874
-194.319
-179.169
-157.271
-121.333
-56.456
49.47
195.718
371.488
555.956
732.317
898.93
1056.946
1206.963
1340.436
1428.958
1445.106
1374.142
1213.679
987.31
731.119
476.393
255.406
86.497
-31.01
-103.19
-147.09
-181.321
-211.451
-237.743
-254.645
-253.943
-236.395
-207.259
-172.558
-139.571
-111.572
-89.347
-74.482
-67.232
-66.852
-72.619
-82.925
-95.609
-109.197
-121.998
-131.65
-136.906
-137.483
-133.39
-125.415
-114.62
-101.72
-87.848
-74.586
-62.822
-52.971
-45.226
-39.277
-34.843
-31.845
-29.907
-28.493
-27.281
-26.029
-24.669
-23.356
-22.169
-21.137
-20.324
-19.762
-19.482
-19.529
-19.863
-20.393
-20.998
-21.506
-21.814
-21.882
-21.676
-21.196
-20.423
-19.31
-17.844
-16.03
-13.871
-11.381
-8.558
-5.384
-1.881
1.898
5.873
9.925
13.979
18
21.962
25.858
29.684
33.434
37.125
40.803
44.498
48.238
52.044
55.923
59.902
64.028
68.352
72.937
77.832
83.068
88.677
94.684
101.104
107.948
115.204
122.853
130.879
139.272
148.026
157.136
166.578
176.325
186.345
196.6
207.056
217.662
228.356
239.074
249.754
260.345
270.821
281.149
291.294
301.217
310.874
320.239
329.314
338.092
346.561
354.71
362.524
370.011
377.223
384.202
390.976
397.549
403.886
409.958
415.756
421.257
426.429
431.204
435.458
439.075
441.976
444.076
445.298
445.538
444.627
442.413
438.789
433.687
427.085
418.966
409.28
397.994
385.126
370.752
355.026
338.113
320.137
301.234
281.556
261.298
240.724
220.106
199.647
179.513
159.85
140.797
122.535
105.252
89.061
74.02
60.126
47.354
35.709
25.188
15.745
7.289
-0.323
-7.258
-13.619
-19.473
-24.895
-29.954
-34.754
-39.419
-44.016
-48.574
-53.101
-57.595
-62.067
-66.536
-70.975
-75.329
-79.52
-83.458
-87.093
-90.407
-93.377
-95.985
-98.206
-100.003
-101.373
-102.334
-102.903
-103.099
-102.937
-102.429
-101.61
-100.533
-99.254
-97.835
-96.322
-94.743
-93.13
-91.509
-89.905
-88.34
-86.826
-85.365
-83.965
-82.636
-81.385
-80.225
-79.159
-78.182
-77.291
-76.483
-75.754
-75.102
-74.526
-74.025
-73.596
-73.241
-72.962
-72.761
-72.639
-72.592
-72.618
-72.713
-72.871
-73.09
-73.364
-73.689
-74.059
-74.471
-74.922
-75.409
-75.928
-76.479
-77.056
-77.659
-78.284
-78.93
-79.595
-80.277
-80.975
-81.688
-82.415
-83.153
-83.903
-84.662
-85.428
-86.2
-86.974
-87.749
-88.522
-89.291
-90.054
-90.809
-91.554
-92.289
-93.011
-93.72
-94.414
-95.092
-95.754
-96.398
-97.021
-97.624
-98.203
-98.759
-99.289
-99.793
-100.267
-100.711
-101.124
-101.503
-101.848
-102.158
-102.432
-102.669
-102.87
-103.036
-103.168
-103.267
-103.336
-103.376
-103.39
-103.38
-103.35
-103.302
-103.238
-103.161
-103.074
-102.979
-102.881
-102.779
-102.679
-102.58
-102.486
-102.399
-102.32
-102.25
-102.192
-102.147
-102.116
-102.101
-102.103
-102.124
-102.165
-102.226
-102.308
-102.411
-102.535
-102.68
-102.843
-103.025
-103.222
-103.433
-103.657
-103.89
-104.131
-104.377
-104.625
-104.873
-105.118
-105.358
-105.59
-105.813
-106.025
-106.224
-106.41
-106.582
-106.739
-106.881
-107.008
-107.119
-107.216
-107.297
-107.362
-107.413
-107.448
-107.468
-107.473
-107.465
-107.442
-107.406
-107.359
-107.3
-107.232
-107.155
-107.071
-106.982
-106.889
-106.795
-106.7
-106.606
-106.516
-106.431
-106.352
-106.28
-106.216
-106.16
-106.114
-106.076
-106.046
-106.025
-106.01
-106.002
-106
-106.004
-106.012
-106.024
-106.041
-106.062
-106.087
-106.117
-106.152
-106.191
-106.236
-106.287
-106.342
-106.404
-106.47
-106.542
-106.617
-106.697
-106.779
-106.862
-106.947
-107.031
-107.112
-107.191
-107.264
-107.331
-107.389
-107.437
-107.471
-107.492
-107.495
-107.479
-107.441
-107.379
-107.287
-107.164
-107.004
-106.802
-106.553
-106.25
-105.889
-105.462
-104.965
-104.391
-103.734
-102.99
-102.154
-101.223
-100.192
-99.06
-97.821
-96.475
-95.021
-93.459
-91.791
-90.018
-88.144
-86.175
-84.12
-81.99
-79.797
-77.553
-75.271
-72.966
-70.654
-68.353
-66.079
-63.849
-61.679
-59.587
-57.595
-55.724
-53.997
-52.432
-51.044
-49.848
-48.859
-48.09
-47.549
-47.245
-47.184
-47.371
-47.82
-48.548
-49.566
-50.887
-52.515
-54.441
-56.653
-59.127
-61.823
-64.701
-67.711
-70.8
-73.919
-77.006
-80.003
-82.859
-85.518
-87.93
-90.037
-91.743
-92.962
-93.672
-93.893
-93.725
-93.273
-92.547
-91.652
-90.861
-90.572
-91.233
-93.093
-96.062
-100.08
-105.407
-112.16
-120.101
-128.444
-135.881
-141.499
-145.187
-146.932
-146.21
-142.595
-136.258
-128.429
-121.423
-117.408
-117.459
-122.157
-132.898
-149.248
-167.995
-185.493
-196.487
-200.41
-202.955
-204.227
-199.095
-172.563
-101.707
21.414
192.241
393.429
597.842
795.18
982.738
1157.629
1317.618
1439.697
1494.231
1464.123
1342.546
1147.437
912.769
668.466
441.823
249.163
95.009
-20.363
-102.621
-160.667
-202.924
-233.936
-254.269
-261.8
-253.54
-231.6
-201.105
-167.212
-135.451
-108.243
-86.002
-69.807
-59.9
-55.621
-56.174
-60.251
-66.486
-74.159
-82.497
-90.027
-95.376
-97.943
-97.692
-95.074
-90.73
-85.075
-78.569
-72.149
-66.871
-63.315
-61.629
-61.612
-62.843
-64.977
-67.709
-70.55
-72.92
-74.457
-74.993
-74.516
-73.161
-71.017
-68.128
-64.591
-60.532
-56.058
-51.27
-46.244
-41.028
-35.699
-30.355
-25.09
-19.998
-15.141
-10.548
-6.24
-2.22
1.518
4.984
8.195
11.177
13.953
16.548
18.986
21.293
23.5
25.642
27.758
29.886
32.059
34.305
36.651
39.119
41.729
44.504
47.465
50.632
54.028
57.679
61.608
65.839
70.395
75.297
80.562
86.203
92.229
98.65
105.474
112.714
120.373
128.445
136.919
145.777
154.993
164.538
174.373
184.44
194.686
205.056
215.499
225.983
236.477
246.944
257.345
267.639
277.795
287.809
297.682
307.405
316.979
326.404
335.69
344.89
354.037
363.144
372.213
381.206
390.07
398.758
407.216
415.37
423.127
430.357
436.915
442.688
447.563
451.434
454.186
455.66
455.724
454.292
451.301
446.736
440.612
432.94
423.76
413.155
401.236
388.158
374.103
359.217
343.635
327.501
310.959
294.189
277.357
260.586
243.982
227.625
211.579
195.915
180.686
165.902
151.556
137.618
124.034
110.785
97.864
85.259
72.962
60.952
49.212
37.75
26.587
15.739
5.226
-4.941
-14.751
-24.17
-33.162
-41.689
-49.708
-57.192
-64.131
-70.511
-76.331
-81.589
-86.293
-90.459
-94.114
-97.282
-99.984
-102.242
-104.078
-105.52
-106.599
-107.345
-107.788
-107.957
-107.878
-107.579
-107.085
-106.419
-105.602
-104.654
-103.591
-102.432
-101.195
-99.897
-98.555
-97.186
-95.804
-94.422
-93.056
-91.715
-90.409
-89.148
-87.936
-86.78
-85.684
-84.65
-83.68
-82.777
-81.938
-81.165
-80.457
-79.811
-79.227
-78.701
-78.233
-77.82
-77.46
-77.15
-76.887
-76.671
-76.498
-76.366
-76.275
-76.221
-76.202
-76.219
-76.269
-76.35
-76.461
-76.602
-76.77
-76.964
-77.184
-77.428
-77.697
-77.989
-78.306
-78.646
-79.011
-79.4
-79.815
-80.255
-80.721
-81.212
-81.728
-82.269
-82.833
-83.42
-84.029
-84.657
-85.305
-85.969
-86.648
-87.34
-88.042
-88.751
-89.465
-90.181
-90.896
-91.606
-92.309
-93.002
-93.683
-94.349
-94.998
-95.627
-96.234
-96.817
-97.374
-97.903
-98.401
-98.868
-99.301
-99.7
-100.063
-100.389
-100.679
-100.931
-101.147
-101.325
-101.468
-101.575
-101.648
-101.688
-101.697
-101.675
-101.627
-101.553
-101.457
-101.34
-101.205
-101.055
-100.892
-100.719
-100.538
-100.35
-100.159
-99.966
-99.774
-99.584
-99.398
-99.218
-99.046
-98.883
-98.73
-98.59
-98.463
-98.35
-98.252
-98.17
-98.104
-98.055
-98.022
-98.007
-98.01
-98.028
-98.063
-98.114
-98.179
-98.257
-98.348
-98.45
-98.561
-98.682
-98.81
-98.944
-99.083
-99.227
-99.372
-99.52
-99.668
-99.815
-99.961
-100.104
-100.243
-100.378
-100.507
-100.63
-100.747
-100.856
-100.956
-101.048
-101.13
-101.201
-101.262
-101.311
-101.349
-101.375
-101.39
-101.393
-101.387
-101.37
-101.344
-101.31
-101.269
-101.222
-101.169
-101.112
-101.051
-100.989
-100.926
-100.864
-100.803
-100.745
-100.692
-100.644
-100.603
-100.569
-100.544
-100.529
-100.526
-100.534
-100.556
-100.593
-100.645
-100.715
-100.804
-100.912
-101.04
-101.19
-101.361
-101.553
-101.767
-102.001
-102.255
-102.527
-102.817
-103.123
-103.442
-103.773
-104.113
-104.461
-104.812
-105.165
-105.515
-105.859
-106.194
-106.515
-106.818
-107.098
-107.351
-107.572
-107.755
-107.896
-107.989
-108.028
-108.008
-107.922
-107.764
-107.528
-107.209
-106.799
-106.293
-105.687
-104.976
-104.156
-103.224
-102.178
-101.016
-99.737
-98.34
-96.825
-95.192
-93.442
-91.579
-89.604
-87.522
-85.339
-83.064
-80.708
-78.284
-75.807
-73.291
-70.753
-68.21
-65.679
-63.183
-60.738
-58.366
-56.088
-53.925
-51.901
-50.039
-48.361
-46.885
-45.625
-44.592
-43.797
-43.247
-42.949
-42.905
-43.117
-43.587
-44.323
-45.332
-46.615
-48.174
-50.005
-52.097
-54.435
-56.998
-59.749
-62.653
-65.675
-68.766
-71.878
-74.956
-77.944
-80.799
-83.482
-85.953
-88.168
-90.049
-91.54
-92.634
-93.352
-93.732
-93.796
-93.588
-93.273
-93.193
-93.757
-95.336
-98.195
-102.447
-108.247
-115.619
-124.191
-133.173
-141.478
-148.052
-151.751
-151.636
-147.229
-138.193
-126.134
-114.698
-105.598
-99.71
-95.942
-89.649
-82.421
-79.931
-88.044
-115.168
-160.293
-215.515
-271.751
-314.349
-331.197
-310.735
-241.125
-121.393
40.628
229.424
423.971
612.756
794.78
971.682
1144.684
1303.451
1425.219
1485.406
1465.65
1362.157
1186.5
963.807
722.482
485.719
272.625
90.127
-59.217
-170.576
-242.789
-270.965
-257.414
-216.58
-166.425
-130.856
-122.638
-138.45
-167.14
-189.441
-193.865
-181.09
-157.282
-133.111
-115.117
-103.548
-96.345
-90.819
-86.46
-84.376
-85.333
-89.245
-94.592
-99.593
-103.427
-105.569
-105.655
-103.557
-99.186
-92.881
-85.66
-78.649
-72.47
-67.384
-63.372
-60.248
-57.905
-56.205
-54.82
-53.358
-51.604
-49.52
-47.192
-44.787
-42.414
-40.129
-37.976
-35.996
-34.185
-32.499
-30.895
-29.323
-27.737
-26.104
-24.382
-22.528
-20.507
-18.287
-15.833
-13.113
-10.104
-6.789
-3.186
0.67
4.726
8.909
13.167
17.468
21.779
26.076
30.343
34.569
38.76
42.936
47.111
51.299
55.514
59.773
64.107
68.556
73.169
78.003
83.104
88.508
94.252
100.363
106.862
113.763
121.065
128.756
136.829
145.278
154.098
163.287
172.83
182.703
192.882
203.332
214.013
224.879
235.868
246.916
257.975
269.001
279.964
290.846
301.622
312.266
322.757
333.056
343.13
352.95
362.472
371.663
380.512
389.019
397.21
405.124
412.755
420.083
427.085
433.697
439.864
445.519
450.569
454.95
458.63
461.569
463.757
465.178
465.764
465.446
464.128
461.697
458.092
453.268
447.171
439.796
431.163
421.312
410.338
398.308
385.227
371.114
355.979
339.845
322.806
304.977
286.479
267.478
248.124
228.574
209.026
189.655
170.588
151.93
133.744
116.108
99.174
83.082
67.948
53.877
40.908
29.059
18.352
8.77
0.252
-7.278
-13.95
-19.907
-25.235
-30.007
-34.279
-38.112
-41.618
-44.906
-48.047
-51.104
-54.113
-57.101
-60.107
-63.152
-66.21
-69.241
-72.177
-74.932
-77.465
-79.749
-81.759
-83.478
-84.878
-85.931
-86.641
-87.023
-87.091
-86.864
-86.352
-85.567
-84.55
-83.346
-82.01
-80.6
-79.159
-77.719
-76.312
-74.965
-73.699
-72.533
-71.473
-70.517
-69.665
-68.923
-68.291
-67.775
-67.37
-67.071
-66.87
-66.76
-66.736
-66.793
-66.925
-67.128
-67.398
-67.734
-68.134
-68.597
-69.122
-69.704
-70.341
-71.025
-71.752
-72.517
-73.314
-74.135
-74.975
-75.828
-76.688
-77.552
-78.415
-79.273
-80.122
-80.96
-81.784
-82.594
-83.386
-84.161
-84.918
-85.657
-86.377
-87.078
-87.762
-88.426
-89.072
-89.7
-90.308
-90.896
-91.465
-92.014
-92.543
-93.051
-93.538
-94.006
-94.454
-94.883
-95.294
-95.688
-96.065
-96.426
-96.774
-97.108
-97.429
-97.739
-98.037
-98.325
-98.602
-98.868
-99.123
-99.367
-99.598
-99.816
-100.02
-100.21
-100.385
-100.544
-100.688
-100.817
-100.93
-101.03
-101.115
-101.188
-101.249
-101.3
-101.341
-101.374
-101.399
-101.419
-101.435
-101.448
-101.459
-101.47
-101.481
-101.493
-101.508
-101.526
-101.549
-101.577
-101.612
-101.654
-101.707
-101.77
-101.846
-101.937
-102.043
-102.167
-102.309
-102.47
-102.651
-102.852
-103.072
-103.313
-103.572
-103.85
-104.145
-104.456
-104.781
-105.12
-105.469
-105.827
-106.191
-106.559
-106.929
-107.297
-107.661
-108.019
-108.369
-108.707
-109.032
-109.341
-109.631
-109.899
-110.143
-110.359
-110.546
-110.701
-110.821
-110.905
-110.951
-110.957
-110.924
-110.85
-110.735
-110.579
-110.383
-110.147
-109.872
-109.56
-109.212
-108.831
-108.419
-107.979
-107.514
-107.028
-106.524
-106.006
-105.478
-104.943
-104.405
-103.869
-103.338
-102.817
-102.311
-101.823
-101.358
-100.92
-100.513
-100.14
-99.804
-99.509
-99.255
-99.046
-98.881
-98.761
-98.688
-98.661
-98.679
-98.742
-98.846
-98.992
-99.175
-99.394
-99.644
-99.92
-100.219
-100.534
-100.862
-101.195
-101.529
-101.857
-102.173
-102.468
-102.737
-102.972
-103.166
-103.31
-103.396
-103.418
-103.368
-103.242
-103.032
-102.732
-102.34
-101.849
-101.257
-100.56
-99.755
-98.839
-97.814
-96.681
-95.441
-94.099
-92.659
-91.129
-89.517
-87.834
-86.087
-84.287
-82.449
-80.588
-78.722
-76.873
-75.059
-73.3
-71.613
-70.017
-68.534
-67.178
-65.958
-64.88
-63.948
-63.178
-62.594
-62.208
-62.025
-62.044
-62.258
-62.666
-63.282
-64.104
-65.122
-66.324
-67.698
-69.251
-71.004
-72.968
-75.138
-77.461
-79.864
-82.294
-84.727
-87.152
-89.538
-91.818
-93.895
-95.698
-97.187
-98.352
-99.137
-99.379
-99.023
-98.131
-96.901
-95.771
-95.121
-95.118
-96.015
-98.15
-101.494
-105.853
-110.736
-115.026
-117.895
-118.955
-117.569
-113.24
-106.13
-96.6
-85.635
-75.19
-66.667
-61.111
-60.149
-65.154
-76.901
-95.917
-121.644
-152.189
-185.769
-220.173
-251.909
-277.034
-291.203
-289.826
-269.198
-226.602
-159.755
-67.508
49.786
188.713
341.775
500.234
655.05
801.43
942.275
1078.623
1206.204
1312
1368.69
1352.825
1255.412
1082.115
860.201
621.513
390.369
185.936
16.129
-115.617
-207.944
-264.819
-292.573
-301.172
-297.759
-285.446
-266.166
-238.477
-203.834
-166.918
-131.459
-101.926
-81.407
-69.928
-66.316
-68.911
-75.56
-84.099
-93.163
-101.202
-106.212
-107.356
-104.584
-98.095
-88.859
-78.069
-66.523
-55.364
-46.056
-39.316
-35.434
-34.424
-35.762
-38.892
-43.347
-48.467
-53.518
-58.017
-61.671
-64.345
-66.104
-66.969
-66.925
-65.993
-64.193
-61.562
-58.144
-53.996
-49.188
-43.839
-38.121
-32.209
-26.266
-20.431
-14.789
-9.394
-4.28
0.535
5.048
9.249
13.122
16.664
19.874
22.76
25.353
27.694
29.846
31.874
33.845
35.817
37.834
39.932
42.136
44.468
46.942
49.574
52.385
55.393
58.622
62.092
65.825
69.839
74.149
78.769
83.707
88.975
94.584
100.542
106.858
113.535
120.573
127.974
135.737
143.862
152.349
161.189
170.36
179.84
189.603
199.609
209.815
220.167
230.59
241.026
251.428
261.758
271.994
282.112
292.081
301.875
311.467
320.833
329.954
338.806
347.349
355.567
363.458
371.043
378.384
385.509
392.409
399.059
405.406
411.383
416.93
421.969
426.394
430.117
433.066
435.191
436.489
436.941
436.499
435.079
432.559
428.842
423.89
417.681
410.213
401.515
391.623
380.619
368.641
355.815
342.227
327.934
312.935
297.225
280.856
263.929
246.572
228.922
211.091
193.191
175.354
157.712
140.368
123.381
106.747
90.462
74.576
59.169
44.367
30.319
17.117
4.807
-6.573
-17.013
-26.52
-35.121
-42.894
-49.952
-56.374
-62.203
-67.446
-72.09
-76.17
-79.744
-82.893
-85.713
-88.28
-90.642
-92.856
-94.967
-96.991
-98.928
-100.733
-102.325
-103.658
-104.712
-105.482
-105.989
-106.238
-106.223
-105.943
-105.399
-104.594
-103.538
-102.232
-100.679
-98.897
-96.916
-94.783
-92.564
-90.312
-88.06
-85.841
-83.674
-81.577
-79.569
-77.658
-75.847
-74.139
-72.539
-71.054
-69.696
-68.468
-67.371
-66.4
-65.549
-64.811
-64.182
-63.658
-63.234
-62.907
-62.674
-62.533
-62.487
-62.534
-62.672
-62.896
-63.201
-63.58
-64.027
-64.535
-65.097
-65.705
-66.352
-67.032
-67.74
-68.471
-69.22
-69.982
-70.754
-71.53
-72.308
-73.083
-73.852
-74.611
-75.358
-76.089
-76.804
-77.499
-78.174
-78.826
-79.455
-80.058
-80.636
-81.186
-81.709
-82.202
-82.667
-83.104
-83.513
-83.896
-84.256
-84.593
-84.911
-85.211
-85.496
-85.767
-86.028
-86.279
-86.522
-86.759
-86.991
-87.221
-87.449
-87.678
-87.909
-88.143
-88.381
-88.623
-88.872
-89.126
-89.387
-89.655
-89.929
-90.211
-90.499
-90.795
-91.096
-91.403
-91.715
-92.03
-92.348
-92.665
-92.982
-93.295
-93.603
-93.903
-94.194
-94.474
-94.741
-94.993
-95.229
-95.448
-95.648
-95.828
-95.988
-96.126
-96.241
-96.335
-96.405
-96.453
-96.478
-96.482
-96.465
-96.427
-96.37
-96.296
-96.205
-96.099
-95.98
-95.85
-95.71
-95.563
-95.411
-95.257
-95.103
-94.952
-94.806
-94.668
-94.542
-94.428
-94.33
-94.249
-94.188
-94.147
-94.128
-94.132
-94.16
-94.212
-94.29
-94.393
-94.521
-94.674
-94.852
-95.052
-95.275
-95.519
-95.783
-96.064
-96.362
-96.674
-96.999
-97.335
-97.681
-98.034
-98.394
-98.757
-99.123
-99.49
-99.854
-100.215
-100.571
-100.919
-101.26
-101.59
-101.911
-102.22
-102.519
-102.806
-103.081
-103.345
-103.599
-103.842
-104.076
-104.302
-104.522
-104.737
-104.949
-105.16
-105.373
-105.59
-105.813
-106.043
-106.282
-106.53
-106.789
-107.059
-107.34
-107.632
-107.935
-108.249
-108.574
-108.909
-109.253
-109.605
-109.962
-110.323
-110.685
-111.043
-111.395
-111.737
-112.064
-112.372
-112.657
-112.913
-113.135
-113.317
-113.451
-113.533
-113.553
-113.505
-113.38
-113.172
-112.874
-112.48
-111.986
-111.385
-110.675
-109.851
-108.911
-107.854
-106.676
-105.378
-103.958
-102.419
-100.762
-98.993
-97.116
-95.14
-93.076
-90.934
-88.727
-86.47
-84.181
-81.878
-79.582
-77.313
-75.093
-72.943
-70.884
-68.939
-67.128
-65.47
-63.981
-62.677
-61.575
-60.688
-60.034
-59.618
-59.439
-59.495
-59.777
-60.284
-61.022
-61.989
-63.187
-64.619
-66.285
-68.192
-70.344
-72.732
-75.322
-78.065
-80.909
-83.809
-86.75
-89.72
-92.703
-95.653
-98.497
-101.169
-103.598
-105.732
-107.495
-108.741
-109.428
-109.642
-109.601
-109.718
-110.384
-111.814
-114.282
-118.128
-123.296
-129.553
-136.403
-142.712
-147.568
-150.387
-150.255
-146.492
-139.205
-128.715
-115.984
-103.067
-91.512
-82.792
-79.294
-82.772
-94.149
-113.971
-141.29
-173.878
-209.782
-246.063
-277.942
-300.749
-309.681
-299.861
-268.059
-211.758
-128.266
-17.844
114.954
264.511
423.522
586.564
754.741
926.713
1094.787
1244.863
1351.79
1393.115
1362.355
1264.728
1120.56
952.898
770.267
578.955
382.46
187.913
18.05
-110.51
-190.919
-227.197
-239.821
-244.16
-246.617
-247.894
-241.341
-225.209
-203.19
-179.325
-158.171
-141.01
-126.939
-115.83
-107.332
-101.227
-97.232
-94.502
-92.838
-92.66
-93.957
-96.243
-98.67
-100.109
-100.093
-98.779
-96.135
-92.083
-86.777
-80.534
-74.054
-68.303
-63.731
-60.361
-58.147
-56.917
-56.527
-56.831
-57.485
-58.035
-58.223
-57.966
-57.266
-56.198
-54.758
-52.916
-50.708
-48.212
-45.516
-42.666
-39.678
-36.536
-33.223
-29.766
-26.196
-22.53
-18.772
-14.927
-11.002
-7.038
-3.106
0.753
4.515
8.167
11.719
15.17
18.514
21.755
24.901
27.966
30.973
33.942
36.885
39.825
42.792
45.829
48.997
52.342
55.899
59.699
63.767
68.129
72.81
77.829
83.195
88.918
95.01
101.479
108.334
115.575
123.198
131.198
139.571
148.306
157.386
166.79
176.49
186.454
196.646
207.023
217.528
228.104
238.691
249.235
259.697
270.042
280.233
290.231
299.994
309.491
318.721
327.689
336.391
344.833
353.019
360.967
368.735
376.368
383.895
391.334
398.658
405.828
412.809
419.554
425.997
432.052
437.594
442.476
446.589
449.826
452.082
453.25
453.175
451.724
448.807
444.359
438.362
430.832
421.784
411.258
399.346
386.168
371.889
356.71
340.786
324.263
307.29
290.015
272.623
255.286
238.136
221.282
204.808
188.783
173.277
158.343
143.988
130.198
116.932
104.123
91.74
79.768
68.186
56.979
46.12
35.584
25.369
15.49
5.956
-3.222
-12.04
-20.494
-28.558
-36.2
-43.384
-50.07
-56.234
-61.867
-66.962
-71.518
-75.541
-79.037
-82.029
-84.545
-86.611
-88.251
-89.488
-90.343
-90.845
-91.025
-90.916
-90.548
-89.951
-89.153
-88.18
-87.06
-85.814
-84.463
-83.028
-81.523
-79.966
-78.374
-76.764
-75.153
-73.554
-71.983
-70.45
-68.969
-67.549
-66.197
-64.92
-63.724
-62.611
-61.585
-60.648
-59.802
-59.047
-58.383
-57.81
-57.325
-56.927
-56.613
-56.38
-56.225
-56.144
-56.132
-56.186
-56.301
-56.472
-56.696
-56.968
-57.282
-57.636
-58.023
-58.44
-58.884
-59.349
-59.832
-60.331
-60.842
-61.363
-61.891
-62.425
-62.963
-63.503
-64.045
-64.585
-65.125
-65.662
-66.196
-66.726
-67.251
-67.771
-68.287
-68.796
-69.301
-69.8
-70.294
-70.784
-71.269
-71.752
-72.232
-72.71
-73.189
-73.669
-74.15
-74.636
-75.125
-75.618
-76.117
-76.621
-77.13
-77.645
-78.166
-78.692
-79.223
-79.76
-80.301
-80.848
-81.399
-81.955
-82.515
-83.078
-83.644
-84.212
-84.783
-85.355
-85.928
-86.5
-87.073
-87.643
-88.211
-88.776
-89.335
-89.887
-90.43
-90.964
-91.485
-91.994
-92.488
-92.966
-93.428
-93.873
-94.299
-94.707
-95.095
-95.463
-95.812
-96.14
-96.448
-96.735
-97.003
-97.251
-97.48
-97.692
-97.886
-98.064
-98.227
-98.376
-98.511
-98.634
-98.745
-98.847
-98.941
-99.027
-99.108
-99.186
-99.262
-99.337
-99.414
-99.493
-99.576
-99.665
-99.76
-99.862
-99.972
-100.092
-100.221
-100.361
-100.511
-100.673
-100.846
-101.03
-101.226
-101.431
-101.646
-101.87
-102.102
-102.341
-102.585
-102.834
-103.087
-103.341
-103.597
-103.851
-104.104
-104.354
-104.599
-104.839
-105.071
-105.296
-105.512
-105.719
-105.916
-106.103
-106.279
-106.446
-106.602
-106.748
-106.884
-107.01
-107.128
-107.237
-107.339
-107.434
-107.523
-107.606
-107.686
-107.763
-107.838
-107.913
-107.989
-108.068
-108.15
-108.238
-108.332
-108.434
-108.545
-108.665
-108.797
-108.94
-109.095
-109.262
-109.441
-109.632
-109.834
-110.046
-110.267
-110.496
-110.729
-110.966
-111.203
-111.438
-111.668
-111.89
-112.101
-112.298
-112.478
-112.638
-112.775
-112.885
-112.965
-113.011
-113.02
-112.987
-112.908
-112.78
-112.599
-112.361
-112.063
-111.7
-111.27
-110.768
-110.192
-109.537
-108.802
-107.982
-107.077
-106.084
-105.002
-103.832
-102.573
-101.227
-99.795
-98.28
-96.683
-95.008
-93.258
-91.436
-89.547
-87.594
-85.584
-83.523
-81.421
-79.286
-77.133
-74.972
-72.818
-70.684
-68.586
-66.541
-64.567
-62.68
-60.898
-59.238
-57.72
-56.36
-55.178
-54.187
-53.399
-52.821
-52.46
-52.321
-52.41
-52.726
-53.261
-54.01
-54.964
-56.123
-57.486
-59.046
-60.796
-62.731
-64.837
-67.106
-69.525
-72.068
-74.706
-77.399
-80.095
-82.756
-85.346
-87.831
-90.196
-92.396
-94.375
-96.09
-97.473
-98.462
-99.044
-99.157
-98.739
-97.861
-96.642
-95.339
-94.408
-94.212
-95.056
-97.317
-101.193
-106.638
-113.447
-120.881
-127.78
-133.068
-135.538
-134.029
-128.001
-117.368
-102.511
-84.9
-66.642
-50.122
-38.379
-34.335
-39.858
-55.975
-82.715
-118.401
-160.145
-203.691
-243.026
-271.67
-283.4
-272.376
-233.721
-163.679
-61.548
68.357
219.421
383.82
556.284
738.472
929.703
1121.199
1296.04
1425.217
1480.882
1452.37
1342.24
1168.695
960.083
735.315
511.559
304.417
121.339
-23.786
-122.723
-178.651
-195.133
-188.501
-176.717
-167.971
-170.251
-179.607
-185.127
-182.376
-166.507
-139.77
-111.496
-86.788
-69.978
-62.137
-59.494
-60.166
-63.413
-68.437
-75.439
-83.484
-90.266
-94.503
-95.821
-94.127
-89.917
-83.706
-75.831
-67.204
-59.216
-52.707
-48.014
-45.181
-43.84
-43.663
-44.443
-45.76
-47.067
-48.025
-48.461
-48.347
-47.8
-46.882
-45.575
-43.879
-41.834
-39.479
-36.854
-33.999
-30.931
-27.677
-24.287
-20.796
-17.221
-13.57
-9.84
-6.012
-2.096
1.894
5.925
9.932
13.864
17.693
21.395
24.97
28.427
31.769
35.007
38.164
41.246
44.262
47.223
50.133
53.01
55.884
58.793
61.795
64.945
68.285
71.853
75.682
79.795
84.217
88.966
94.05
99.48
105.267
111.421
117.953
124.867
132.162
139.833
147.866
156.248
164.962
173.992
183.317
192.918
202.771
212.852
223.138
233.601
244.21
254.931
265.724
276.55
287.368
298.134
308.803
319.329
329.666
339.766
349.583
359.071
368.185
376.877
385.104
392.823
399.992
406.572
412.526
417.818
422.415
426.289
429.411
431.758
433.309
434.045
433.953
433.022
431.244
428.617
425.141
420.819
415.66
409.676
402.883
395.302
386.954
377.869
368.078
357.614
346.515
334.822
322.577
309.827
296.617
282.997
269.018
254.731
240.19
225.446
210.555
195.57
180.545
165.533
150.585
135.754
121.089
106.639
92.45
78.567
65.031
51.883
39.158
26.89
15.111
3.848
-6.876
-17.04
-26.627
-35.624
-44.02
-51.81
-58.991
-65.564
-71.532
-76.902
-81.685
-85.892
-89.539
-92.643
-95.225
-97.306
-98.909
-100.06
-100.785
-101.114
-101.074
-100.696
-100.009
-99.045
-97.833
-96.406
-94.793
-93.023
-91.127
-89.131
-87.064
-84.951
-82.816
-80.682
-78.57
-76.5
-74.489
-72.552
-70.705
-68.958
-67.323
-65.807
-64.418
-63.162
-62.041
-61.059
-60.217
-59.513
-58.946
-58.513
-58.211
-58.034
-57.976
-58.03
-58.19
-58.447
-58.793
-59.219
-59.716
-60.275
-60.887
-61.543
-62.234
-62.951
-63.687
-64.434
-65.186
-65.935
-66.677
-67.406
-68.117
-68.807
-69.472
-70.111
-70.72
-71.297
-71.843
-72.356
-72.835
-73.282
-73.697
-74.08
-74.434
-74.759
-75.059
-75.335
-75.59
-75.826
-76.047
-76.256
-76.455
-76.647
-76.836
-77.023
-77.212
-77.405
-77.603
-77.809
-78.024
-78.249
-78.486
-78.734
-78.995
-79.269
-79.556
-79.855
-80.167
-80.49
-80.826
-81.172
-81.528
-81.894
-82.269
-82.652
-83.042
-83.439
-83.84
-84.244
-84.652
-85.06
-85.467
-85.873
-86.277
-86.676
-87.071
-87.461
-87.844
-88.221
-88.591
-88.954
-89.309
-89.657
-89.998
-90.332
-90.659
-90.98
-91.295
-91.606
-91.912
-92.214
-92.513
-92.808
-93.1
-93.39
-93.678
-93.963
-94.247
-94.53
-94.813
-95.096
-95.38
-95.667
-95.956
-96.248
-96.544
-96.844
-97.149
-97.458
-97.772
-98.091
-98.416
-98.746
-99.082
-99.424
-99.773
-100.127
-100.488
-100.854
-101.227
-101.605
-101.991
-102.382
-102.781
-103.188
-103.602
-104.026
-104.458
-104.899
-105.35
-105.809
-106.277
-106.754
-107.239
-107.731
-108.23
-108.737
-109.251
-109.771
-110.298
-110.831
-111.371
-111.917
-112.47
-113.028
-113.591
-114.16
-114.734
-115.311
-115.893
-116.477
-117.064
-117.651
-118.238
-118.822
-119.401
-119.975
-120.54
-121.095
-121.637
-122.165
-122.678
-123.173
-123.648
-124.101
-124.529
-124.932
-125.305
-125.647
-125.955
-126.226
-126.455
-126.641
-126.78
-126.866
-126.897
-126.868
-126.775
-126.613
-126.38
-126.071
-125.683
-125.214
-124.661
-124.023
-123.299
-122.486
-121.586
-120.596
-119.52
-118.357
-117.111
-115.785
-114.382
-112.909
-111.373
-109.783
-108.148
-106.478
-104.787
-103.09
-101.404
-99.743
-98.125
-96.565
-95.076
-93.676
-92.38
-91.201
-90.151
-89.241
-88.483
-87.891
-87.477
-87.247
-87.196
-87.317
-87.602
-88.048
-88.658
-89.438
-90.391
-91.521
-92.833
-94.334
-96.027
-97.904
-99.928
-102.047
-104.212
-106.383
-108.546
-110.706
-112.846
-114.927
-116.888
-118.655
-120.157
-121.352
-122.15
-122.428
-122.189
-121.54
-120.728
-120.17
-120.187
-120.967
-122.781
-125.84
-130.028
-135.059
-140.368
-145.042
-148.507
-150.374
-149.982
-146.947
-141.415
-133.827
-125.186
-116.912
-109.862
-104.928
-103.744
-107.631
-117.458
-133.491
-154.749
-179.95
-208.025
-236.917
-263.267
-281.8
-286.926
-275.531
-244.593
-194.23
-124.611
-31.044
84.829
221.203
376.144
538.959
707.884
882.301
1051.604
1205.544
1320.297
1365.338
1328.416
1208.661
1021.557
799.234
564.589
335.904
129.717
-47.767
-187.977
-284.887
-341.661
-362.771
-355.789
-331.179
-298.061
-264.293
-237.555
-218.987
-203.558
-187.58
-166.93
-142.845
-122.584
-109.407
-104.554
-106.937
-111.987
-117.415
-122.396
-125.372
-125.523
-122.507
-116.072
-106.817
-95.743
-83.51
-70.834
-58.85
-48.727
-41.183
-36.496
-34.515
-34.806
-36.988
-40.696
-45.373
-50.34
-55.12
-59.409
-63.016
-65.907
-68.016
-69.215
-69.476
-68.829
-67.289
-64.899
-61.701
-57.713
-53.024
-47.756
-42.028
-35.982
-29.744
-23.417
-17.13
-10.988
-5.061
0.576
5.884
10.847
15.442
19.671
23.553
27.107
30.366
33.374
36.165
38.785
41.287
43.719
46.14
48.602
51.139
53.791
56.585
59.547
62.704
66.076
69.675
73.518
77.624
82.01
86.696
91.696
97.02
102.68
108.685
115.05
121.78
128.871
136.315
144.099
152.204
160.609
169.28
178.172
187.243
196.456
205.777
215.18
224.624
234.071
243.483
252.815
262.038
271.143
280.119
288.964
297.701
306.35
314.957
323.583
332.252
340.975
349.741
358.521
367.302
376.059
384.74
393.299
401.676
409.787
417.562
424.899
431.636
437.618
442.663
446.572
449.202
450.435
450.163
448.321
444.847
439.704
432.915
424.496
414.466
402.863
389.711
375.09
359.179
342.155
324.221
305.611
286.516
267.136
247.691
228.353
209.272
190.573
172.328
154.621
137.562
121.255
105.826
91.343
77.789
65.147
53.388
42.446
32.269
22.77
13.813
5.309
-2.792
-10.528
-17.9
-24.925
-31.658
-38.15
-44.466
-50.647
-56.69
-62.597
-68.374
-74.001
-79.451
-84.666
-89.549
-94.04
-98.115
-101.761
-104.987
-107.797
-110.177
-112.123
-113.637
-114.721
-115.391
-115.659
-115.531
-115.03
-114.193
-113.068
-111.726
-110.219
-108.586
-106.859
-105.062
-103.22
-101.358
-99.494
-97.638
-95.802
-94.001
-92.25
-90.568
-88.968
-87.455
-86.034
-84.703
-83.464
-82.318
-81.267
-80.313
-79.459
-78.705
-78.056
-77.519
-77.096
-76.789
-76.597
-76.518
-76.547
-76.682
-76.916
-77.244
-77.66
-78.16
-78.737
-79.386
-80.101
-80.876
-81.705
-82.582
-83.499
-84.449
-85.423
-86.416
-87.424
-88.442
-89.465
-90.486
-91.495
-92.487
-93.455
-94.393
-95.296
-96.156
-96.966
-97.724
-98.428
-99.079
-99.679
-100.223
-100.709
-101.129
-101.476
-101.763
-102
-102.202
-102.386
-102.544
-102.662
-102.751
-102.81
-102.847
-102.891
-102.895
-102.8
-102.705
-102.673
-102.781
-103.151
-103.654
-104.112
-104.593
-105.136
-105.534
-105.684
-105.326
-104.127
-102.418
-100.581
-98.618
-96.625
-94.844
-93.361
-92.595
-93.031
-94.251
-95.817
-97.649
-99.517
-101.288
-102.965
-104.163
-104.477
-104.214
-103.662
-102.92
-102.212
-101.532
-100.807
-100.233
-99.987
-99.943
-100.004
-100.104
-100.125
-100.113
-100.129
-100.13
-100.095
-100.04
-99.968
-99.9
-99.867
-99.851
-99.834
-99.815
-99.785
-99.754
-99.73
-99.715
-99.713
-99.725
-99.753
-99.8
-99.867
-99.958
-100.073
-100.214
-100.382
-100.578
-100.803
-101.061
-101.351
-101.672
-102.02
-102.392
-102.784
-103.192
-103.613
-104.042
-104.472
-104.9
-105.318
-105.721
-106.101
-106.451
-106.763
-107.029
-107.238
-107.383
-107.455
-107.446
-107.348
-107.153
-106.855
-106.448
-105.927
-105.29
-104.531
-103.649
-102.641
-101.506
-100.244
-98.858
-97.347
-95.717
-93.972
-92.123
-90.179
-88.154
-86.061
-83.912
-81.725
-79.514
-77.3
-75.1
-72.932
-70.811
-68.757
-66.789
-64.931
-63.203
-61.624
-60.209
-58.971
-57.923
-57.079
-56.446
-56.032
-55.84
-55.87
-56.134
-56.647
-57.422
-58.472
-59.802
-61.407
-63.279
-65.403
-67.75
-70.289
-72.975
-75.759
-78.592
-81.418
-84.188
-86.857
-89.37
-91.674
-93.701
-95.358
-96.565
-97.294
-97.541
-97.373
-96.855
-95.978
-94.85
-93.721
-92.941
-92.922
-93.899
-95.824
-98.74
-102.931
-108.498
-115.263
-122.52
-129.095
-134.177
-137.581
-139.188
-138.562
-135.461
-130.001
-123.255
-117.581
-115.356
-118.085
-126.696
-140.602
-157.338
-174.93
-191.844
-209.378
-230.899
-254.848
-272.448
-265.702
-214.886
-110.627
40.271
215.305
390.763
551.119
695.956
838.233
982.724
1124.229
1243.962
1308.466
1299.128
1211.726
1055.682
861.521
652.983
447.387
260.534
96.246
-38.898
-137.612
-199.651
-226.595
-225.092
-207.448
-186.15
-170.457
-167.421
-176.285
-188.978
-199.338
-201.181
-193.217
-181.064
-167.847
-155.632
-145.121
-133.849
-121.236
-108.457
-96.721
-87.554
-81.649
-78.411
-76.689
-75.453
-73.891
-71.313
-67.281
-61.632
-54.446
-46.333
-38.369
-31.397
-25.873
-22
-19.685
-18.715
-18.9
-19.912
-21.275
-22.665
-23.935
-25.03
-26.024
-26.98
-27.852
-28.581
-29.111
-29.347
-29.22
-28.707
-27.775
-26.438
-24.741
-22.716
-20.394
-17.803
-14.946
-11.817
-8.416
-4.737
-0.803
3.323
7.561
11.813
16.005
20.1
24.079
27.937
31.686
35.342
38.934
42.495
46.053
49.627
53.233
56.883
60.606
64.441
68.438
72.658
77.148
81.947
87.086
92.584
98.455
104.707
111.342
118.36
125.756
133.521
141.645
150.113
158.903
167.987
177.326
186.865
196.55
206.331
216.16
226.008
235.848
245.647
255.373
264.994
274.485
283.846
293.084
302.194
311.181
320.047
328.805
337.506
346.183
354.852
363.516
372.138
380.669
389.064
397.272
405.223
412.83
419.965
426.482
432.268
437.211
441.202
444.127
445.829
446.176
445.079
442.475
438.348
432.707
425.562
416.943
406.925
395.611
383.147
369.712
355.445
340.477
324.947
308.992
292.788
276.495
260.233
244.098
228.168
212.503
197.168
182.218
167.663
153.497
139.691
126.191
112.978
100.045
87.381
74.979
62.82
50.887
39.19
27.753
16.596
5.742
-4.795
-15.001
-24.841
-34.275
-43.263
-51.756
-59.727
-67.158
-74.034
-80.347
-86.093
-91.273
-95.899
-99.993
-103.573
-106.658
-109.264
-111.409
-113.117
-114.414
-115.328
-115.887
-116.118
-116.045
-115.694
-115.089
-114.254
-113.208
-111.971
-110.562
-108.998
-107.299
-105.485
-103.575
-101.588
-99.542
-97.453
-95.339
-93.213
-91.09
-88.98
-86.895
-84.843
-82.834
-80.875
-78.973
-77.134
-75.363
-73.665
-72.045
-70.504
-69.045
-67.67
-66.381
-65.177
-64.06
-63.029
-62.085
-61.227
-60.454
-59.768
-59.165
-58.646
-58.209
-57.852
-57.573
-57.369
-57.239
-57.179
-57.187
-57.261
-57.399
-57.597
-57.854
-58.167
-58.535
-58.953
-59.42
-59.932
-60.488
-61.083
-61.715
-62.38
-63.076
-63.8
-64.549
-65.32
-66.11
-66.917
-67.738
-68.569
-69.408
-70.252
-71.097
-71.941
-72.781
-73.615
-74.439
-75.252
-76.051
-76.834
-77.599
-78.344
-79.067
-79.766
-80.44
-81.086
-81.705
-82.295
-82.856
-83.389
-83.892
-84.367
-84.814
-85.234
-85.628
-85.997
-86.342
-86.663
-86.962
-87.24
-87.498
-87.737
-87.959
-88.164
-88.354
-88.531
-88.695
-88.849
-88.993
-89.127
-89.255
-89.375
-89.491
-89.602
-89.711
-89.817
-89.923
-90.029
-90.136
-90.244
-90.354
-90.465
-90.576
-90.687
-90.798
-90.908
-91.015
-91.119
-91.219
-91.315
-91.406
-91.491
-91.57
-91.642
-91.708
-91.766
-91.817
-91.86
-91.896
-91.924
-91.945
-91.959
-91.967
-91.969
-91.966
-91.957
-91.944
-91.926
-91.905
-91.88
-91.853
-91.825
-91.796
-91.769
-91.745
-91.726
-91.714
-91.712
-91.72
-91.741
-91.776
-91.826
-91.893
-91.976
-92.076
-92.194
-92.329
-92.48
-92.649
-92.833
-93.031
-93.242
-93.463
-93.693
-93.928
-94.166
-94.402
-94.634
-94.858
-95.069
-95.264
-95.438
-95.587
-95.705
-95.787
-95.827
-95.818
-95.754
-95.627
-95.432
-95.161
-94.809
-94.37
-93.84
-93.213
-92.487
-91.659
-90.727
-89.687
-88.539
-87.281
-85.915
-84.441
-82.862
-81.18
-79.402
-77.534
-75.588
-73.577
-71.511
-69.406
-67.275
-65.133
-63
-60.894
-58.833
-56.834
-54.914
-53.092
-51.39
-49.831
-48.431
-47.207
-46.168
-45.327
-44.696
-44.288
-44.109
-44.164
-44.45
-44.971
-45.74
-46.771
-48.077
-49.666
-51.535
-53.679
-56.091
-58.755
-61.644
-64.714
-67.914
-71.182
-74.459
-77.693
-80.836
-83.843
-86.666
-89.234
-91.461
-93.26
-94.551
-95.301
-95.545
-95.3
-94.564
-93.457
-92.184
-91.125
-90.853
-91.723
-93.787
-97.109
-101.794
-107.806
-115.054
-122.867
-129.778
-134.753
-137.376
-137.427
-134.985
-130.196
-123.083
-114.757
-107.903
-104.85
-107.256
-116.221
-131.633
-153.085
-180.176
-210.71
-240.024
-262.972
-274.24
-268.452
-241.596
-190.122
-110.135
-1.537
130.256
278.903
436.584
598.49
768.564
947.453
1127.84
1294.037
1414.995
1461.211
1419.076
1289.36
1095.101
869.482
640.044
430.256
252.299
109.602
2.437
-74.43
-128.245
-166.917
-195.392
-214.464
-222.81
-218.102
-202.166
-179.91
-156.227
-135.488
-119.196
-107.136
-99.5
-96.097
-96.202
-98.807
-102.587
-106.7
-110.96
-115.077
-118.227
-119.551
-118.699
-115.806
-111.394
-105.966
-99.769
-93.213
-87.099
-82.163
-78.802
-77.086
-76.753
-77.447
-78.888
-80.712
-82.423
-83.635
-84.174
-84.022
-83.292
-82.116
-80.565
-78.697
-76.6
-74.317
-71.835
-69.147
-66.241
-63.129
-59.881
-56.578
-53.274
-50.014
-46.793
-43.562
-40.287
-36.937
-33.469
-29.875
-26.155
-22.326
-18.454
-14.598
-10.786
-7.038
-3.348
0.307
3.934
7.545
11.153
14.751
18.336
21.91
25.466
29.015
32.581
36.196
39.915
43.792
47.866
52.174
56.741
61.587
66.73
72.181
77.944
84.027
90.446
97.215
104.345
111.836
119.674
127.844
136.317
145.06
154.029
163.171
172.44
181.802
191.223
200.683
210.149
219.58
228.936
238.175
247.266
256.191
264.935
273.49
281.869
290.106
298.249
306.361
314.47
322.571
330.651
338.68
346.641
354.527
362.306
369.941
377.385
384.587
391.492
398.025
404.059
409.421
413.92
417.378
419.676
420.742
420.531
418.984
416.005
411.523
405.506
397.935
388.832
378.158
365.801
351.837
336.53
320.192
303.207
285.751
267.683
249.039
230.074
210.769
190.98
170.504
148.9
126.35
103.742
81.637
60.317
40.246
21.817
5.556
-7.637
-17.715
-25.546
-31.67
-36.441
-40.269
-43.352
-46.152
-49.549
-53.773
-58.36
-63.059
-67.687
-72.123
-76.515
-80.783
-84.581
-87.875
-90.906
-93.829
-96.815
-99.925
-103.026
-106.074
-109.088
-111.996
-114.713
-117.163
-119.24
-120.91
-122.196
-123.105
-123.66
-123.888
-123.795
-123.405
-122.75
-121.854
-120.749
-119.473
-118.066
-116.58
-115.059
-113.535
-112.039
-110.592
-109.211
-107.907
-106.686
-105.543
-104.482
-103.505
-102.614
-101.813
-101.103
-100.479
-99.938
-99.476
-99.087
-98.77
-98.523
-98.341
-98.224
-98.17
-98.18
-98.254
-98.392
-98.592
-98.848
-99.159
-99.518
-99.924
-100.372
-100.856
-101.372
-101.918
-102.489
-103.081
-103.693
-104.319
-104.957
-105.602
-106.251
-106.902
-107.551
-108.195
-108.83
-109.456
-110.068
-110.666
-111.247
-111.808
-112.349
-112.867
-113.361
-113.831
-114.276
-114.695
-115.088
-115.455
-115.797
-116.114
-116.407
-116.675
-116.92
-117.143
-117.344
-117.524
-117.685
-117.828
-117.953
-118.062
-118.156
-118.236
-118.305
-118.363
-118.412
-118.455
-118.492
-118.526
-118.559
-118.592
-118.627
-118.666
-118.71
-118.76
-118.817
-118.881
-118.954
-119.035
-119.125
-119.223
-119.33
-119.445
-119.568
-119.698
-119.835
-119.977
-120.125
-120.276
-120.43
-120.586
-120.743
-120.899
-121.054
-121.206
-121.354
-121.497
-121.632
-121.758
-121.874
-121.977
-122.065
-122.137
-122.192
-122.227
-122.242
-122.235
-122.207
-122.155
-122.08
-121.981
-121.859
-121.713
-121.544
-121.353
-121.14
-120.906
-120.652
-120.38
-120.09
-119.785
-119.466
-119.133
-118.788
-118.433
-118.068
-117.696
-117.318
-116.936
-116.552
-116.167
-115.783
-115.403
-115.028
-114.659
-114.299
-113.948
-113.608
-113.28
-112.964
-112.661
-112.372
-112.096
-111.835
-111.586
-111.351
-111.127
-110.915
-110.713
-110.519
-110.332
-110.152
-109.976
-109.804
-109.635
-109.466
-109.297
-109.127
-108.955
-108.778
-108.597
-108.408
-108.21
-108.003
-107.786
-107.556
-107.313
-107.057
-106.786
-106.501
-106.2
-105.885
-105.555
-105.21
-104.851
-104.479
-104.095
-103.701
-103.299
-102.889
-102.473
-102.054
-101.633
-101.211
-100.788
-100.367
-99.947
-99.528
-99.112
-98.699
-98.288
-97.88
-97.473
-97.068
-96.664
-96.258
-95.849
-95.436
-95.015
-94.583
-94.139
-93.679
-93.198
-92.694
-92.161
-91.595
-90.991
-90.342
-89.643
-88.887
-88.069
-87.181
-86.219
-85.177
-84.049
-82.831
-81.519
-80.11
-78.599
-76.985
-75.266
-73.442
-71.514
-69.483
-67.353
-65.129
-62.816
-60.423
-57.959
-55.436
-52.866
-50.265
-47.651
-45.042
-42.46
-39.923
-37.451
-35.061
-32.773
-30.606
-28.576
-26.703
-25.002
-23.493
-22.196
-21.129
-20.306
-19.731
-19.402
-19.314
-19.466
-19.864
-20.517
-21.431
-22.615
-24.078
-25.825
-27.858
-30.166
-32.709
-35.434
-38.287
-41.217
-44.204
-47.242
-50.311
-53.373
-56.359
-59.183
-61.762
-64.026
-65.878
-67.21
-68.016
-68.404
-68.618
-68.995
-69.829
-71.307
-73.562
-76.742
-80.738
-85.156
-89.518
-93.259
-95.949
-97.452
-97.714
-96.504
-93.979
-90.801
-87.556
-84.852
-83.14
-82.461
-83.012
-85.715
-91.281
-99.672
-110.771
-124.473
-140.59
-158.781
-178.01
-194.12
-200.932
-195.204
-174.502
-138.083
-89.088
-23.111
67.174
183.342
328.974
497.685
675.627
858.405
1038.444
1205.777
1350.305
1447.894
1474.744
1422.412
1293.638
1108.398
895.594
673.735
457.818
258.551
81.256
-61.102
-159.651
-212.355
-220.397
-198.287
-163
-130.426
-114.655
-117.008
-131.155
-145.175
-146.99
-133.628
-109.072
-82.607
-62.299
-50.178
-44.435
-41.399
-39.399
-38.858
-40.337
-43.698
-47.302
-49.719
-50.636
-50.161
-48.497
-45.852
-42.343
-38.542
-35.697
-34.565
-35.286
-37.734
-41.431
-45.957
-51.048
-56.239
-60.9
-64.637
-67.251
-68.671
-69.025
-68.374
-66.691
-64.039
-60.518
-56.239
-51.353
-46.009
-40.317
-34.41
-28.437
-22.521
-16.768
-11.244
-5.967
-0.947
3.813
8.304
12.506
16.412
20.025
23.36
26.448
29.333
32.059
34.672
37.23
39.78
42.363
45.012
47.746
50.573
53.51
56.573
59.781
63.156
66.722
70.501
74.514
78.784
83.329
88.167
93.312
98.778
104.576
110.714
117.196
124.029
131.219
138.772
146.697
154.994
163.648
172.647
181.971
191.59
201.47
211.559
221.79
232.109
242.473
252.847
263.209
273.534
283.79
293.948
303.982
313.867
323.585
333.11
342.402
351.447
360.241
368.806
377.197
385.437
393.507
401.379
408.995
416.291
423.204
429.642
435.492
440.655
445.04
448.578
451.231
452.931
453.597
453.123
451.375
448.265
443.757
437.835
430.511
421.827
411.842
400.664
388.453
375.345
361.456
346.886
331.705
316.01
299.922
283.57
267.105
250.652
234.303
218.146
202.262
186.699
171.492
156.635
142.08
127.804
113.808
100.103
86.726
73.699
61.028
48.725
36.8
25.263
14.133
3.419
-6.874
-16.727
-26.116
-35.002
-43.33
-51.063
-58.183
-64.677
-70.549
-75.803
-80.444
-84.489
-87.961
-90.886
-93.286
-95.185
-96.603
-97.564
-98.102
-98.251
-98.049
-97.533
-96.738
-95.698
-94.445
-93.012
-91.429
-89.722
-87.916
-86.034
-84.102
-82.144
-80.185
-78.247
-76.35
-74.513
-72.754
-71.09
-69.532
-68.092
-66.778
-65.596
-64.552
-63.648
-62.886
-62.266
-61.788
-61.447
-61.243
-61.169
-61.22
-61.391
-61.674
-62.061
-62.545
-63.117
-63.768
-64.489
-65.271
-66.104
-66.981
-67.892
-68.829
-69.783
-70.746
-71.711
-72.67
-73.616
-74.543
-75.446
-76.32
-77.16
-77.965
-78.731
-79.457
-80.142
-80.786
-81.387
-81.947
-82.465
-82.943
-83.381
-83.782
-84.146
-84.475
-84.772
-85.039
-85.278
-85.491
-85.682
-85.853
-86.006
-86.145
-86.273
-86.391
-86.504
-86.614
-86.724
-86.835
-86.951
-87.074
-87.204
-87.345
-87.497
-87.66
-87.837
-88.027
-88.23
-88.449
-88.682
-88.93
-89.193
-89.472
-89.768
-90.08
-90.41
-90.757
-91.123
-91.507
-91.911
-92.334
-92.777
-93.239
-93.721
-94.221
-94.74
-95.277
-95.83
-96.399
-96.983
-97.579
-98.188
-98.808
-99.437
-100.075
-100.719
-101.37
-102.025
-102.684
-103.345
-104.008
-104.672
-105.334
-105.993
-106.648
-107.298
-107.939
-108.569
-109.188
-109.791
-110.378
-110.945
-111.491
-112.013
-112.509
-112.979
-113.419
-113.83
-114.209
-114.557
-114.874
-115.157
-115.409
-115.629
-115.818
-115.976
-116.104
-116.203
-116.273
-116.316
-116.333
-116.324
-116.29
-116.234
-116.155
-116.055
-115.936
-115.799
-115.646
-115.48
-115.301
-115.113
-114.918
-114.719
-114.516
-114.313
-114.112
-113.915
-113.723
-113.539
-113.364
-113.199
-113.046
-112.904
-112.776
-112.662
-112.561
-112.475
-112.403
-112.345
-112.301
-112.272
-112.257
-112.255
-112.268
-112.295
-112.336
-112.391
-112.46
-112.543
-112.64
-112.75
-112.873
-113.009
-113.159
-113.32
-113.494
-113.679
-113.877
-114.086
-114.307
-114.54
-114.784
-115.04
-115.308
-115.588
-115.879
-116.181
-116.495
-116.82
-117.156
-117.501
-117.856
-118.219
-118.59
-118.966
-119.347
-119.73
-120.114
-120.495
-120.872
-121.242
-121.6
-121.943
-122.268
-122.57
-122.844
-123.086
-123.291
-123.454
-123.568
-123.629
-123.63
-123.566
-123.43
-123.217
-122.919
-122.533
-122.052
-121.472
-120.788
-119.997
-119.096
-118.082
-116.954
-115.711
-114.352
-112.876
-111.285
-109.581
-107.766
-105.845
-103.823
-101.707
-99.509
-97.241
-94.916
-92.548
-90.153
-87.748
-85.35
-82.979
-80.655
-78.396
-76.226
-74.163
-72.233
-70.457
-68.857
-67.451
-66.253
-65.273
-64.521
-64.006
-63.734
-63.709
-63.932
-64.403
-65.128
-66.111
-67.351
-68.845
-70.587
-72.563
-74.759
-77.155
-79.72
-82.424
-85.233
-88.104
-90.991
-93.846
-96.619
-99.27
-101.756
-104.036
-106.069
-107.791
-109.142
-110.081
-110.592
-110.681
-110.35
-109.65
-108.727
-107.856
-107.444
-107.945
-109.695
-112.864
-117.61
-123.856
-131.194
-138.96
-145.982
-150.809
-152.255
-149.6
-142.418
-130.887
-115.883
-98.689
-81.591
-67.643
-59.679
-59.819
-69.359
-88.483
-116.164
-150.462
-187.676
-222.347
-248.466
-259.993
-251.373
-217.982
-155.944
-63.751
55.44
195.693
349.53
511.23
681.882
862.17
1045.468
1217.776
1352.501
1419.914
1405.861
1308.159
1140.069
932.649
711.017
498.455
317.627
172.012
61.782
-17.455
-81.226
-134.911
-179.223
-213.883
-231.583
-230.716
-215.726
-191.685
-165.68
-142.151
-121.667
-104.126
-89.402
-78.014
-70.622
-66.913
-65.846
-66.315
-67.845
-70.366
-73.522
-76.279
-77.363
-76.14
-72.674
-67.341
-60.434
-52.136
-42.772
-33.13
-24.319
-17.014
-11.4
-7.425
-4.909
-3.699
-3.665
-4.446
-5.469
-6.377
-7.016
-7.335
-7.409
-7.237
-6.712
-5.826
-4.643
-3.199
-1.535
0.366
2.589
5.149
8.01
11.128
14.427
17.87
21.455
25.154
28.917
32.69
36.391
39.976
43.44
46.771
49.962
52.998
55.852
58.525
61.05
63.455
65.776
68.041
70.265
72.481
74.741
77.095
79.601
82.304
85.231
88.416
91.889
95.682
99.825
104.338
109.226
114.499
120.166
126.233
132.706
139.581
146.846
154.491
162.506
170.887
179.624
188.697
198.08
207.74
217.637
227.722
237.943
248.242
258.567
268.872
279.123
289.298
299.378
309.345
319.169
328.805
338.214
347.358
356.21
364.748
372.966
380.875
388.494
395.856
402.973
409.837
416.409
422.621
428.39
433.614
438.214
442.134
445.324
447.744
449.353
450.11
449.962
448.847
446.687
443.389
438.891
433.158
426.204
418.085
408.895
398.759
387.791
376.087
363.736
350.812
337.389
323.538
309.339
294.875
280.252
265.597
251.021
236.621
222.457
208.559
194.926
181.531
168.356
155.39
142.631
130.092
117.794
105.758
94.01
82.579
71.473
60.689
50.221
40.065
30.228
20.732
11.607
2.891
-5.379
-13.175
-20.472
-27.262
-33.539
-39.308
-44.58
-49.373
-53.703
-57.58
-61.017
-64.023
-66.613
-68.806
-70.624
-72.09
-73.231
-74.073
-74.642
-74.963
-75.06
-74.953
-74.662
-74.204
-73.596
-72.855
-71.999
-71.047
-70.017
-68.924
-67.786
-66.619
-65.437
-64.253
-63.079
-61.925
-60.8
-59.714
-58.672
-57.683
-56.752
-55.883
-55.081
-54.35
-53.692
-53.11
-52.605
-52.179
-51.831
-51.562
-51.371
-51.258
-51.222
-51.261
-51.374
-51.559
-51.814
-52.138
-52.528
-52.982
-53.497
-54.07
-54.7
-55.384
-56.118
-56.9
-57.729
-58.602
-59.516
-60.469
-61.459
-62.485
-63.543
-64.631
-65.748
-66.89
-68.056
-69.243
-70.449
-71.671
-72.907
-74.154
-75.408
-76.669
-77.932
-79.195
-80.456
-81.712
-82.962
-84.202
-85.43
-86.645
-87.845
-89.026
-90.188
-91.327
-92.442
-93.531
-94.592
-95.623
-96.622
-97.589
-98.523
-99.421
-100.283
-101.109
-101.897
-102.646
-103.357
-104.029
-104.66
-105.253
-105.806
-106.321
-106.797
-107.237
-107.64
-108.008
-108.342
-108.642
-108.909
-109.145
-109.351
-109.528
-109.677
-109.8
-109.9
-109.978
-110.036
-110.077
-110.101
-110.111
-110.108
-110.095
-110.072
-110.041
-110.005
-109.966
-109.925
-109.885
-109.848
-109.818
-109.796
-109.784
-109.785
-109.801
-109.834
-109.885
-109.956
-110.05
-110.169
-110.313
-110.486
-110.688
-110.92
-111.183
-111.477
-111.803
-112.16
-112.547
-112.965
-113.413
-113.89
-114.396
-114.93
-115.493
-116.084
-116.701
-117.343
-118.01
-118.698
-119.405
-120.129
-120.868
-121.617
-122.373
-123.135
-123.899
-124.66
-125.417
-126.165
-126.9
-127.62
-128.319
-128.997
-129.648
-130.272
-130.866
-131.43
-131.961
-132.461
-132.928
-133.361
-133.761
-134.126
-134.455
-134.748
-135.003
-135.22
-135.397
-135.534
-135.632
-135.691
-135.711
-135.692
-135.637
-135.545
-135.417
-135.255
-135.058
-134.829
-134.568
-134.277
-133.957
-133.609
-133.234
-132.833
-132.406
-131.95
-131.466
-130.951
-130.401
-129.814
-129.187
-128.517
-127.802
-127.04
-126.228
-125.368
-124.458
-123.498
-122.487
-121.427
-120.315
-119.154
-117.945
-116.688
-115.386
-114.042
-112.66
-111.247
-109.814
-108.367
-106.917
-105.472
-104.044
-102.643
-101.283
-99.975
-98.729
-97.558
-96.474
-95.491
-94.625
-93.892
-93.301
-92.863
-92.582
-92.467
-92.523
-92.751
-93.152
-93.727
-94.473
-95.4
-96.521
-97.847
-99.388
-101.146
-103.116
-105.292
-107.656
-110.181
-112.832
-115.562
-118.321
-121.063
-123.726
-126.257
-128.602
-130.699
-132.493
-133.915
-134.877
-135.302
-135.15
-134.422
-133.18
-131.485
-129.36
-126.934
-124.475
-122.401
-121.174
-121.053
-122.073
-124.318
-127.991
-133.146
-139.472
-146.002
-151.472
-155.07
-156.491
-155.607
-152.232
-146.252
-138.244
-130.192
-124.73
-124.007
-129.403
-141.388
-159.986
-184.972
-214.735
-245.195
-270.902
-286.111
-285.063
-263.015
-215.917
-139.675
-33.525
97.811
247.556
407.309
571.209
739.916
912.764
1083.318
1236.704
1349.083
1395.6
1360.059
1241.025
1048.583
805.124
541.038
283.199
59.973
-106.667
-212.523
-258.69
-256.467
-227.979
-186.527
-146.49
-123.506
-118.516
-131.521
-157.428
-180.402
-194.122
-197.609
-192.471
-187.511
-186.24
-186.726
-186.667
-182.478
-173.032
-159.857
-144.427
-128.053
-111.744
-96.214
-82.239
-70.392
-60.862
-53.609
-48.499
-45.413
-44.239
-44.767
-46.714
-49.818
-53.844
-58.556
-63.734
-69.126
-74.448
-79.481
-84.042
-87.938
-91.046
-93.262
-94.482
-94.678
-93.862
-92.052
-89.309
-85.709
-81.327
-76.279
-70.693
-64.681
-58.373
-51.884
-45.316
-38.793
-32.407
-26.224
-20.308
-14.69
-9.379
-4.391
0.281
4.661
8.769
12.638
16.307
19.807
23.178
26.466
29.715
32.982
36.314
39.743
43.303
47.02
50.914
55.009
59.322
63.861
68.64
73.674
78.978
84.569
90.46
96.656
103.166
109.995
117.153
124.643
132.458
140.589
149.02
157.731
166.699
175.891
185.264
194.774
204.38
214.043
223.73
233.406
243.038
252.588
262.012
271.286
280.4
289.352
298.152
306.814
315.355
323.808
332.222
340.629
349.047
357.468
365.874
374.238
382.521
390.681
398.679
406.446
413.905
420.959
427.481
433.34
438.406
442.517
445.505
447.221
447.536
446.369
443.669
439.4
433.558
426.156
417.204
406.746
394.831
381.524
366.957
351.275
334.625
317.207
299.234
280.916
262.478
244.095
225.902
208.027
190.564
173.592
157.208
141.49
126.521
112.388
99.112
86.701
75.16
64.439
54.473
45.181
36.436
28.15
20.277
12.77
5.613
-1.204
-7.717
-13.954
-19.947
-25.753
-31.392
-36.879
-42.235
-47.444
-52.476
-57.287
-61.792
-65.929
-69.672
-72.998
-75.908
-78.411
-80.503
-82.188
-83.48
-84.374
-84.872
-84.984
-84.711
-84.074
-83.105
-81.844
-80.352
-78.684
-76.88
-74.975
-72.996
-70.964
-68.9
-66.821
-64.734
-62.654
-60.595
-58.574
-56.607
-54.709
-52.887
-51.145
-49.486
-47.909
-46.415
-45.006
-43.684
-42.452
-41.314
-40.274
-39.339
-38.514
-37.802
-37.203
-36.716
-36.34
-36.072
-35.908
-35.845
-35.876
-35.998
-36.205
-36.494
-36.861
-37.299
-37.804
-38.372
-38.996
-39.673
-40.396
-41.162
-41.966
-42.803
-43.669
-44.561
-45.475
-46.407
-47.354
-48.312
-49.277
-50.245
-51.212
-52.174
-53.127
-54.067
-54.992
-55.9
-56.789
-57.657
-58.504
-59.329
-60.133
-60.916
-61.679
-62.421
-63.144
-63.849
-64.536
-65.207
-65.862
-66.501
-67.127
-67.739
-68.339
-68.926
-69.501
-70.063
-70.614
-71.153
-71.68
-72.196
-72.702
-73.197
-73.683
-74.16
-74.629
-75.091
-75.546
-75.994
-76.436
-76.871
-77.299
-77.719
-78.13
-78.532
-78.923
-79.302
-79.669
-80.023
-80.361
-80.684
-80.99
-81.279
-81.55
-81.803
-82.038
-82.255
-82.454
-82.637
-82.803
-82.953
-83.089
-83.212
-83.322
-83.42
-83.507
-83.584
-83.65
-83.708
-83.757
-83.798
-83.831
-83.857
-83.877
-83.892
-83.902
-83.907
-83.908
-83.906
-83.901
-83.893
-83.881
-83.867
-83.848
-83.827
-83.801
-83.77
-83.734
-83.692
-83.642
-83.583
-83.514
-83.433
-83.339
-83.229
-83.104
-82.96
-82.798
-82.616
-82.413
-82.189
-81.944
-81.676
-81.387
-81.076
-80.744
-80.39
-80.015
-79.621
-79.209
-78.78
-78.337
-77.881
-77.414
-76.94
-76.461
-75.98
-75.498
-75.02
-74.547
-74.083
-73.632
-73.195
-72.777
-72.381
-72.009
-71.665
-71.352
-71.072
-70.827
-70.619
-70.45
-70.322
-70.236
-70.192
-70.191
-70.235
-70.324
-70.457
-70.635
-70.856
-71.12
-71.425
-71.77
-72.153
-72.57
-73.021
-73.502
-74.012
-74.547
-75.105
-75.683
-76.277
-76.885
-77.504
-78.13
-78.76
-79.39
-80.017
-80.639
-81.252
-81.855
-82.444
-83.018
-83.573
-84.108
-84.62
-85.106
-85.563
-85.988
-86.379
-86.732
-87.046
-87.316
-87.54
-87.716
-87.841
-87.912
-87.926
-87.879
-87.769
-87.592
-87.344
-87.024
-86.628
-86.155
-85.603
-84.97
-84.256
-83.46
-82.579
-81.614
-80.562
-79.423
-78.198
-76.887
-75.491
-74.013
-72.46
-70.839
-69.161
-67.435
-65.674
-63.888
-62.093
-60.305
-58.539
-56.812
-55.138
-53.534
-52.017
-50.609
-49.326
-48.185
-47.196
-46.368
-45.711
-45.235
-44.95
-44.856
-44.956
-45.247
-45.73
-46.419
-47.325
-48.454
-49.812
-51.397
-53.204
-55.232
-57.472
-59.893
-62.465
-65.135
-67.845
-70.554
-73.215
-75.794
-78.264
-80.565
-82.633
-84.4
-85.789
-86.74
-87.232
-87.238
-86.72
-85.748
-84.492
-83.264
-82.535
-82.766
-84.302
-87.335
-92.032
-98.378
-106.025
-114.34
-122.223
-128.291
-131.409
-130.958
-126.575
-118.41
-107.374
-94.671
-82.337
-73.331
-70.322
-75.221
-89.287
-112.437
-143.157
-179.418
-217.767
-252.844
-278.786
-289.771
-280.449
-246.923
-186.76
-98.191
19.161
161.193
319.724
486.013
650.683
810.217
967.92
1120.645
1259.352
1366.5
1415.538
1392.291
1297.767
1143.795
953.002
745.039
532.268
328.087
147.392
0.913
-103.921
-169.293
-209.483
-234.807
-250.592
-257.759
-250.351
-227.628
-194.131
-155.602
-119.637
-90.805
-70.876
-60.628
-59.226
-65.375
-77.538
-93.31
-110.293
-126.293
-138.875
-146.665
-149.382
-147.098
-140.532
-130.827
-119.05
-106.508
-94.799
-84.863
-77.074
-71.589
-68.139
-66.368
-66.002
-66.554
-67.42
-68.224
-68.733
-68.857
-68.689
-68.281
-67.641
-66.83
-65.916
-64.931
-63.896
-62.773
-61.478
-59.961
-58.202
-56.191
-53.923
-51.401
-48.636
-45.636
-42.412
-38.974
-35.325
-31.47
-27.42
-23.194
-18.816
-14.334
-9.815
-5.312
-0.865
3.498
7.754
11.893
15.906
19.802
23.602
27.327
30.996
34.629
38.245
41.874
45.55
49.319
53.233
57.341
61.683
66.296
71.211
76.454
82.044
87.994
94.299
100.956
107.965
115.325
123.037
131.104
139.518
148.266
157.326
166.671
176.265
186.062
196.015
206.069
216.181
226.313
236.439
246.544
256.613
266.633
276.575
286.4
296.071
305.551
314.809
323.823
332.584
341.099
349.384
357.466
365.351
373.025
380.446
387.543
394.229
400.402
405.979
410.899
415.106
418.555
421.2
422.996
423.882
423.794
422.648
420.35
416.833
412.063
406.046
398.834
390.511
381.197
370.996
360.001
348.295
335.951
323.037
309.624
295.791
281.621
267.219
252.711
238.207
223.804
209.566
195.524
181.684
168.026
154.537
141.212
128.054
115.085
102.329
89.814
77.572
65.632
54.012
42.712
31.731
21.071
10.744
0.772
-8.811
-17.963
-26.647
-34.829
-42.487
-49.606
-56.181
-62.216
-67.719
-72.707
-77.197
-81.199
-84.727
-87.79
-90.405
-92.593
-94.377
-95.782
-96.837
-97.57
-98.011
-98.188
-98.125
-97.848
-97.379
-96.736
-95.94
-95.01
-93.965
-92.824
-91.606
-90.329
-89.011
-87.669
-86.317
-84.972
-83.643
-82.344
-81.083
-79.87
-78.711
-77.613
-76.581
-75.62
-74.732
-73.922
-73.19
-72.538
-71.966
-71.473
-71.057
-70.717
-70.449
-70.251
-70.119
-70.049
-70.037
-70.08
-70.174
-70.317
-70.504
-70.734
-71.002
-71.305
-71.642
-72.007
-72.399
-72.813
-73.248
-73.702
-74.17
-74.652
-75.146
-75.649
-76.159
-76.674
-77.191
-77.709
-78.224
-78.735
-79.24
-79.736
-80.222
-80.696
-81.158
-81.606
-82.04
-82.458
-82.861
-83.247
-83.615
-83.967
-84.3
-84.614
-84.909
-85.184
-85.439
-85.673
-85.886
-86.079
-86.249
-86.398
-86.524
-86.629
-86.711
-86.773
-86.813
-86.834
-86.836
-86.821
-86.792
-86.749
-86.695
-86.633
-86.565
-86.492
-86.417
-86.341
-86.267
-86.195
-86.126
-86.062
-86.003
-85.95
-85.902
-85.861
-85.827
-85.799
-85.778
-85.764
-85.756
-85.755
-85.76
-85.773
-85.793
-85.82
-85.855
-85.899
-85.951
-86.011
-86.081
-86.158
-86.244
-86.336
-86.435
-86.539
-86.648
-86.761
-86.876
-86.993
-87.112
-87.233
-87.355
-87.48
-87.608
-87.74
-87.877
-88.02
-88.172
-88.333
-88.506
-88.693
-88.895
-89.113
-89.349
-89.604
-89.879
-90.175
-90.49
-90.825
-91.179
-91.552
-91.942
-92.349
-92.772
-93.209
-93.661
-94.126
-94.604
-95.094
-95.595
-96.106
-96.626
-97.154
-97.687
-98.225
-98.766
-99.306
-99.843
-100.375
-100.898
-101.409
-101.904
-102.381
-102.834
-103.262
-103.659
-104.024
-104.353
-104.645
-104.897
-105.109
-105.279
-105.406
-105.491
-105.533
-105.532
-105.488
-105.401
-105.271
-105.098
-104.883
-104.627
-104.328
-103.989
-103.611
-103.193
-102.738
-102.247
-101.723
-101.167
-100.582
-99.973
-99.341
-98.693
-98.032
-97.363
-96.692
-96.022
-95.36
-94.711
-94.078
-93.467
-92.883
-92.329
-91.81
-91.331
-90.893
-90.503
-90.162
-89.875
-89.646
-89.476
-89.371
-89.332
-89.362
-89.464
-89.64
-89.892
-90.22
-90.624
-91.105
-91.662
-92.292
-92.992
-93.758
-94.587
-95.474
-96.411
-97.394
-98.414
-99.465
-100.538
-101.624
-102.715
-103.801
-104.872
-105.917
-106.927
-107.891
-108.798
-109.639
-110.401
-111.075
-111.649
-112.114
-112.458
-112.671
-112.744
-112.667
-112.432
-112.033
-111.465
-110.723
-109.804
-108.707
-107.432
-105.979
-104.351
-102.551
-100.583
-98.455
-96.175
-93.752
-91.2
-88.532
-85.768
-82.924
-80.022
-77.085
-74.135
-71.2
-68.307
-65.481
-62.748
-60.131
-57.656
-55.348
-53.23
-51.321
-49.638
-48.197
-47.012
-46.098
-45.469
-45.127
-45.067
-45.28
-45.758
-46.499
-47.512
-48.799
-50.364
-52.202
-54.315
-56.708
-59.377
-62.306
-65.445
-68.727
-72.088
-75.477
-78.862
-82.23
-85.543
-88.731
-91.71
-94.382
-96.663
-98.504
-99.808
-100.454
-100.433
-99.825
-98.88
-98.038
-97.67
-98.038
-99.444
-102.048
-105.775
-110.473
-115.586
-120.191
-123.502
-124.689
-122.961
-118.083
-110.202
-99.695
-87.716
-75.787
-65.468
-58.906
-58.055
-64.16
-78.198
-100.314
-129.395
-162.705
-195.574
-222.622
-239.629
-246.388
-244.875
-233.792
-206.814
-150.712
-51.694
92.17
269.112
458.361
638.504
800.539
950.685
1095.388
1232.944
1349.134
1413.458
1401.311
1305.097
1130.935
905.295
658.489
414.394
196.319
17.441
-115.576
-199.547
-243.086
-257.151
-252.953
-243.004
-230.543
-217.228
-205.17
-190.317
-172.795
-153.703
-131.834
-112.165
-98.515
-91.129
-90.702
-94.691
-100.256
-106.787
-113.636
-119.916
-124.316
-125.782
-123.98
-119.145
-111.983
-102.969
-92.359
-80.918
-69.834
-59.894
-51.484
-44.655
-39.091
-34.592
-31.103
-28.35
-25.894
-23.425
-20.774
-17.932
-15.055
-12.27
-9.638
-7.249
-5.209
-3.601
-2.477
-1.847
-1.659
-1.827
-2.248
-2.812
-3.408
-3.964
-4.416
-4.696
-4.753
-4.535
-3.997
-3.114
-1.862
-0.211
1.857
4.352
7.268
10.554
14.13
17.903
21.784
25.729
29.72
33.754
37.822
41.891
45.958
50.043
54.176
58.408
62.732
67.055
71.43
76.043
81.074
86.763
93.145
99.946
107.075
114.654
122.517
130.349
137.775
144.177
149.536
154.552
159.587
164.721
170.281
176.569
184.072
193.674
205.399
218.353
231.985
245.948
259.847
273.521
286.55
298.109
308.077
317.02
325.289
333.176
340.859
348.217
355.336
362.553
369.874
377.039
383.854
390.096
395.661
400.621
404.951
408.554
411.404
413.498
414.843
415.482
415.424
414.646
413.158
410.968
408.08
404.514
400.265
395.333
389.722
383.434
376.473
368.845
360.55
351.599
342.019
331.812
320.975
309.483
297.28
284.353
270.72
256.416
241.505
226.062
210.167
193.928
177.48
160.94
144.426
128.032
111.829
95.913
80.403
65.437
51.185
37.775
25.281
13.763
3.249
-6.262
-14.782
-22.377
-29.159
-35.214
-40.614
-45.41
-49.624
-53.305
-56.528
-59.375
-61.95
-64.336
-66.582
-68.734
-70.831
-72.884
-74.89
-76.809
-78.561
-80.091
-81.375
-82.398
-83.172
-83.699
-83.969
-83.977
-83.72
-83.198
-82.421
-81.394
-80.12
-78.619
-76.919
-75.064
-73.118
-71.131
-69.136
-67.16
-65.221
-63.336
-61.523
-59.791
-58.142
-56.581
-55.113
-53.746
-52.491
-51.352
-50.332
-49.426
-48.629
-47.935
-47.342
-46.847
-46.447
-46.142
-45.927
-45.806
-45.779
-45.849
-46.013
-46.269
-46.614
-47.043
-47.553
-48.14
-48.798
-49.521
-50.305
-51.145
-52.037
-52.977
-53.959
-54.979
-56.033
-57.116
-58.224
-59.352
-60.496
-61.65
-62.811
-63.974
-65.136
-66.292
-67.438
-68.572
-69.69
-70.79
-71.867
-72.92
-73.946
-74.941
-75.904
-76.831
-77.723
-78.576
-79.39
-80.164
-80.899
-81.594
-82.249
-82.867
-83.446
-83.988
-84.495
-84.969
-85.41
-85.822
-86.206
-86.566
-86.903
-87.221
-87.523
-87.812
-88.092
-88.363
-88.631
-88.896
-89.162
-89.43
-89.704
-89.985
-90.276
-90.578
-90.894
-91.225
-91.574
-91.941
-92.328
-92.737
-93.166
-93.618
-94.092
-94.588
-95.106
-95.644
-96.203
-96.78
-97.374
-97.984
-98.607
-99.24
-99.88
-100.526
-101.173
-101.819
-102.46
-103.095
-103.72
-104.333
-104.93
-105.51
-106.069
-106.607
-107.119
-107.604
-108.06
-108.484
-108.876
-109.233
-109.555
-109.839
-110.086
-110.295
-110.465
-110.596
-110.688
-110.742
-110.759
-110.739
-110.685
-110.598
-110.481
-110.336
-110.166
-109.974
-109.763
-109.537
-109.299
-109.052
-108.799
-108.544
-108.291
-108.043
-107.803
-107.576
-107.365
-107.173
-107.004
-106.86
-106.746
-106.662
-106.612
-106.598
-106.621
-106.682
-106.782
-106.923
-107.103
-107.324
-107.583
-107.879
-108.21
-108.573
-108.966
-109.383
-109.822
-110.278
-110.744
-111.217
-111.69
-112.157
-112.612
-113.048
-113.458
-113.834
-114.169
-114.453
-114.68
-114.84
-114.925
-114.926
-114.835
-114.645
-114.349
-113.939
-113.409
-112.754
-111.969
-111.05
-109.993
-108.796
-107.456
-105.975
-104.353
-102.593
-100.699
-98.678
-96.536
-94.284
-91.934
-89.498
-86.99
-84.426
-81.825
-79.208
-76.597
-74.014
-71.483
-69.027
-66.67
-64.434
-62.344
-60.417
-58.672
-57.126
-55.795
-54.698
-53.848
-53.25
-52.907
-52.817
-52.976
-53.389
-54.056
-54.975
-56.147
-57.573
-59.25
-61.182
-63.36
-65.759
-68.349
-71.079
-73.906
-76.8
-79.737
-82.713
-85.701
-88.649
-91.503
-94.195
-96.646
-98.802
-100.573
-101.831
-102.602
-103.024
-103.323
-103.908
-105.087
-107.042
-110.097
-114.502
-120.107
-126.567
-133.198
-138.937
-143.108
-145.174
-144.206
-139.634
-131.571
-120.54
-107.846
-95.275
-84.028
-75.465
-71.792
-74.822
-85.483
-103.748
-128.49
-158.065
-190.738
-223.993
-252.362
-268.499
-267.924
-247.935
-208.388
-153.076
-78.644
21.136
147.207
302.262
478.646
661.601
846.179
1024.287
1187.493
1328.501
1423.695
1449.275
1393.479
1253.456
1048.885
811.617
569.428
348.569
165.214
25.367
-70.111
-128.11
-159.906
-177.36
-187.532
-191.885
-188.624
-174.659
-151.489
-123.672
-96.092
-73.488
-57.784
-49.371
-47.944
-51.889
-59.658
-69.845
-80.737
-91.334
-100.698
-107.296
-110.503
-110.494
-107.58
-102.566
-96.327
-89.276
-82.084
-75.828
-71.01
-67.775
-66.117
-65.595
-65.824
-66.591
-67.479
-67.985
-67.828
-66.806
-64.849
-62.095
-58.635
-54.578
-50.134
-45.487
-40.807
-36.246
-31.883
-27.78
-24.02
-20.649
-17.702
-15.183
-13.038
-11.243
-9.785
-8.62
-7.705
-6.955
-6.24
-5.464
-4.556
-3.445
-2.091
-0.454
1.516
3.824
6.447
9.348
12.458
15.738
19.175
22.751
26.449
30.25
34.115
38.033
42.013
46.062
50.193
54.418
58.743
63.196
67.825
72.679
77.81
83.262
89.057
95.224
101.786
108.76
116.149
123.946
132.126
140.662
149.528
158.685
168.088
177.69
187.439
197.288
207.199
217.137
227.068
236.958
246.765
256.466
266.053
275.525
284.892
294.162
303.346
312.468
321.57
330.68
339.809
348.954
358.093
367.191
376.199
385.062
393.709
402.049
409.976
417.371
424.104
430.059
435.124
439.175
442.083
443.735
444.035
442.904
440.283
436.126
430.425
423.202
414.512
404.447
393.105
380.609
367.106
352.714
337.547
321.726
305.35
288.529
271.389
254.055
236.67
219.387
202.319
185.549
169.137
153.107
137.488
122.293
107.507
93.15
79.254
65.862
53.058
40.909
29.429
18.623
8.451
-1.162
-10.26
-18.868
-27.011
-34.687
-41.899
-48.647
-54.906
-60.669
-65.956
-70.804
-75.292
-79.492
-83.431
-87.123
-90.553
-93.672
-96.455
-98.888
-100.95
-102.64
-103.967
-104.938
-105.59
-105.959
-106.064
-105.915
-105.504
-104.819
-103.875
-102.693
-101.307
-99.768
-98.114
-96.383
-94.619
-92.855
-91.117
-89.426
-87.79
-86.211
-84.694
-83.25
-81.889
-80.625
-79.465
-78.413
-77.47
-76.634
-75.903
-75.272
-74.736
-74.285
-73.915
-73.621
-73.399
-73.25
-73.168
-73.15
-73.191
-73.286
-73.429
-73.612
-73.829
-74.071
-74.331
-74.602
-74.879
-75.156
-75.43
-75.695
-75.947
-76.185
-76.405
-76.606
-76.785
-76.942
-77.075
-77.185
-77.27
-77.333
-77.374
-77.395
-77.397
-77.384
-77.358
-77.323
-77.282
-77.239
-77.197
-77.16
-77.133
-77.119
-77.123
-77.149
-77.201
-77.283
-77.4
-77.553
-77.747
-77.982
-78.261
-78.585
-78.954
-79.369
-79.829
-80.335
-80.885
-81.479
-82.115
-82.792
-83.507
-84.259
-85.043
-85.858
-86.698
-87.562
-88.443
-89.338
-90.243
-91.152
-92.061
-92.964
-93.856
-94.732
-95.587
-96.415
-97.212
-97.973
-98.695
-99.374
-100.007
-100.593
-101.129
-101.613
-102.046
-102.427
-102.755
-103.03
-103.253
-103.426
-103.549
-103.626
-103.657
-103.647
-103.598
-103.514
-103.399
-103.256
-103.091
-102.907
-102.71
-102.504
-102.296
-102.089
-101.89
-101.704
-101.536
-101.393
-101.276
-101.192
-101.144
-101.134
-101.165
-101.24
-101.358
-101.523
-101.734
-101.992
-102.296
-102.647
-103.042
-103.481
-103.962
-104.482
-105.038
-105.626
-106.244
-106.886
-107.55
-108.23
-108.923
-109.623
-110.326
-111.026
-111.719
-112.398
-113.059
-113.696
-114.305
-114.88
-115.42
-115.919
-116.375
-116.786
-117.149
-117.464
-117.73
-117.946
-118.113
-118.229
-118.297
-118.318
-118.292
-118.223
-118.112
-117.962
-117.775
-117.555
-117.307
-117.032
-116.737
-116.424
-116.099
-115.766
-115.43
-115.097
-114.77
-114.453
-114.153
-113.872
-113.615
-113.384
-113.183
-113.012
-112.874
-112.77
-112.699
-112.662
-112.656
-112.68
-112.731
-112.808
-112.904
-113.015
-113.138
-113.269
-113.403
-113.539
-113.67
-113.793
-113.905
-113.999
-114.07
-114.107
-114.1
-114.038
-113.912
-113.712
-113.431
-113.062
-112.596
-112.028
-111.357
-110.581
-109.696
-108.693
-107.554
-106.274
-104.857
-103.312
-101.659
-99.914
-98.087
-96.199
-94.282
-92.356
-90.437
-88.521
-86.584
-84.62
-82.639
-80.66
-78.725
-76.853
-75.043
-73.292
-71.594
-69.943
-68.337
-66.751
-65.128
-63.449
-61.724
-60.001
-58.377
-56.912
-55.63
-54.546
-53.654
-52.975
-52.556
-52.43
-52.618
-53.153
-54.061
-55.405
-57.286
-59.73
-62.706
-66.126
-69.826
-73.691
-77.647
-81.627
-85.589
-89.456
-93.106
-96.44
-99.369
-101.792
-103.665
-104.901
-105.333
-104.984
-104.008
-102.701
-101.625
-101.267
-101.795
-103.332
-105.977
-109.568
-113.904
-118.561
-122.459
-124.512
-124.198
-121.272
-115.868
-108.597
-99.899
-90.376
-81.66
-75.788
-74.367
-78.578
-88.632
-103.923
-124.174
-148.896
-176.207
-201.723
-219.398
-223.919
-212.046
-185.325
-147.154
-96.73
-29.833
61.636
185.572
341.194
521.347
715.343
911.073
1098.028
1262.62
1386.027
1446.749
1428.126
1327.539
1156.921
939.643
701.12
462.112
238.936
43.972
-110.327
-215.915
-270.402
-278.12
-255.017
-218.005
-183.853
-165.822
-164.128
-173.326
-182.947
-182.722
-171.225
-152.448
-134.394
-123.212
-119.368
-120.341
-122.272
-123.302
-123.669
-123.607
-122.814
-120.382
-115.686
-108.936
-100.642
-91.089
-80.469
-69.08
-57.741
-47.673
-39.614
-33.761
-30.019
-28.109
-27.827
-29.017
-31.289
-34.061
-36.936
-39.685
-42.225
-44.634
-46.89
-48.889
-50.531
-51.692
-52.291
-52.298
-51.68
-50.419
-48.532
-46.053
-43.053
-39.64
-35.891
-31.862
-27.592
-23.087
-18.384
-13.547
-8.658
-3.832
0.847
5.333
9.588
13.597
17.356
20.864
24.149
27.265
30.253
33.145
35.965
38.722
41.442
44.17
46.955
49.861
52.941
56.234
59.781
63.619
67.775
72.274
77.124
82.317
87.855
93.743
99.99
106.613
113.615
120.988
128.72
136.799
145.2
153.895
162.84
171.972
181.243
190.618
200.072
209.592
219.165
228.766
238.377
247.979
257.552
267.088
276.563
285.941
295.211
304.372
313.449
322.502
331.552
340.586
349.574
358.461
367.18
375.664
383.819
391.522
398.669
405.163
410.927
415.915
420.055
423.252
425.395
426.339
425.986
424.288
421.213
416.761
410.961
403.859
395.554
386.195
375.906
364.794
352.948
340.426
327.315
313.724
299.773
285.602
271.326
257.031
242.799
228.705
214.792
201.089
187.584
174.222
160.974
147.838
134.822
121.958
109.266
96.755
84.435
72.318
60.419
48.757
37.346
26.196
15.332
4.787
-5.393
-15.14
-24.407
-33.163
-41.385
-49.062
-56.187
-62.751
-68.758
-74.223
-79.155
-83.567
-87.471
-90.873
-93.79
-96.242
-98.254
-99.856
-101.076
-101.938
-102.47
-102.695
-102.64
-102.328
-101.779
-101.013
-100.049
-98.908
-97.614
-96.188
-94.653
-93.031
-91.343
-89.61
-87.851
-86.086
-84.329
-82.597
-80.901
-79.255
-77.669
-76.153
-74.714
-73.36
-72.095
-70.924
-69.851
-68.877
-68.005
-67.233
-66.562
-65.99
-65.515
-65.137
-64.851
-64.655
-64.546
-64.522
-64.579
-64.712
-64.918
-65.191
-65.526
-65.917
-66.359
-66.845
-67.368
-67.923
-68.504
-69.105
-69.721
-70.347
-70.977
-71.609
-72.237
-72.858
-73.47
-74.068
-74.651
-75.216
-75.762
-76.288
-76.792
-77.273
-77.731
-78.165
-78.575
-78.958
-79.315
-79.646
-79.948
-80.223
-80.47
-80.689
-80.88
-81.045
-81.185
-81.3
-81.391
-81.461
-81.511
-81.542
-81.556
-81.554
-81.538
-81.51
-81.471
-81.422
-81.366
-81.303
-81.234
-81.16
-81.081
-80.997
-80.91
-80.819
-80.725
-80.628
-80.528
-80.427
-80.325
-80.224
-80.123
-80.025
-79.93
-79.839
-79.752
-79.67
-79.595
-79.526
-79.464
-79.41
-79.364
-79.326
-79.298
-79.278
-79.267
-79.265
-79.271
-79.286
-79.31
-79.341
-79.382
-79.431
-79.489
-79.557
-79.635
-79.723
-79.822
-79.931
-80.05
-80.179
-80.317
-80.464
-80.618
-80.778
-80.943
-81.113
-81.284
-81.457
-81.628
-81.796
-81.959
-82.114
-82.26
-82.394
-82.515
-82.62
-82.709
-82.78
-82.832
-82.863
-82.872
-82.859
-82.823
-82.762
-82.677
-82.565
-82.428
-82.264
-82.074
-81.859
-81.618
-81.353
-81.065
-80.756
-80.427
-80.08
-79.718
-79.343
-78.959
-78.569
-78.176
-77.786
-77.402
-77.029
-76.671
-76.334
-76.022
-75.74
-75.491
-75.281
-75.112
-74.99
-74.917
-74.897
-74.934
-75.03
-75.189
-75.411
-75.698
-76.052
-76.473
-76.961
-77.514
-78.133
-78.816
-79.56
-80.365
-81.226
-82.14
-83.103
-84.111
-85.157
-86.234
-87.337
-88.456
-89.583
-90.711
-91.829
-92.93
-94.004
-95.041
-96.031
-96.966
-97.834
-98.626
-99.332
-99.942
-100.446
-100.838
-101.108
-101.25
-101.26
-101.13
-100.858
-100.439
-99.871
-99.151
-98.277
-97.25
-96.071
-94.741
-93.266
-91.653
-89.909
-88.048
-86.084
-84.028
-81.898
-79.712
-77.491
-75.257
-73.033
-70.841
-68.703
-66.642
-64.681
-62.846
-61.158
-59.634
-58.292
-57.147
-56.216
-55.518
-55.065
-54.86
-54.903
-55.19
-55.721
-56.508
-57.557
-58.873
-60.459
-62.316
-64.442
-66.842
-69.504
-72.397
-75.474
-78.672
-81.935
-85.228
-88.524
-91.808
-95.052
-98.185
-101.132
-103.813
-106.138
-108.055
-109.509
-110.406
-110.778
-110.77
-110.633
-110.789
-111.649
-113.46
-116.404
-120.579
-125.807
-131.799
-138.07
-143.767
-148.005
-149.979
-149.158
-145.399
-139.038
-130.682
-121.122
-111.53
-103.504
-98.976
-99.331
-105.702
-118.718
-137.783
-162.358
-190.403
-217.052
-238.641
-252.629
-257.47
-255.32
-242.587
-209.115
-145.268
-40.082
104.249
271.046
445.168
610.922
764.945
918.034
1070.382
1213.739
1328.532
1382.646
1359.924
1262.712
1105.254
914.149
711.481
509.221
318.518
150.67
13.37
-87.136
-152.166
-193.492
-219.485
-234.848
-240.811
-232.862
-211.539
-181.593
-147.81
-116.405
-90.493
-70.657
-58.109
-52.761
-53.414
-58.949
-67.677
-77.726
-88.131
-97.768
-104.866
-108.627
-109.049
-106.37
-101.448
-95.196
-88.098
-80.954
-74.968
-70.755
-68.517
-68.228
-69.413
-71.634
-74.609
-77.867
-80.811
-83.044
-84.327
-84.572
-83.885
-82.341
-79.973
-76.86
-73.109
-68.823
-64.105
-59.036
-53.671
-48.084
-42.371
-36.637
-30.985
-25.51
-20.27
-15.302
-10.629
-6.261
-2.197
1.569
5.054
8.283
11.278
14.062
16.657
19.088
21.383
23.578
25.711
27.817
29.928
32.073
34.279
36.575
38.986
41.539
44.257
47.165
50.288
53.652
57.285
61.213
65.458
70.043
74.987
80.307
86.017
92.128
98.646
105.576
112.919
120.671
128.828
137.379
146.312
155.609
165.253
175.22
185.483
196.015
206.783
217.752
228.888
240.149
251.496
262.885
274.272
285.609
296.852
307.95
318.855
329.517
339.886
349.912
359.547
368.742
377.449
385.62
393.211
400.179
406.488
412.102
416.988
421.118
424.464
427.004
428.721
429.6
429.627
428.793
427.091
424.52
421.087
416.804
411.685
405.745
398.996
391.458
383.154
374.11
364.359
353.932
342.863
331.192
318.969
306.245
293.08
279.526
265.629
251.437
236.989
222.343
207.577
192.765
177.991
163.313
148.752
134.352
120.163
106.232
92.635
79.386
66.406
53.768
41.66
30.251
19.761
10.196
1.253
-7.17
-14.957
-22.281
-29.458
-36.865
-45.12
-54.222
-63.445
-72.417
-81.053
-89.017
-95.997
-101.486
-104.578
-105.243
-104.382
-102.542
-100.069
-97.357
-94.561
-92.106
-90.825
-90.829
-91.532
-92.564
-93.611
-94.477
-95.263
-95.858
-95.896
-95.35
-94.461
-93.413
-92.409
-91.534
-90.69
-89.87
-89.151
-88.546
-88.044
-87.624
-87.241
-86.887
-86.602
-86.41
-86.321
-86.34
-86.448
-86.635
-86.894
-87.218
-87.602
-88.039
-88.519
-89.031
-89.565
-90.11
-90.66
-91.204
-91.731
-92.229
-92.687
-93.097
-93.457
-93.764
-94.015
-94.207
-94.335
-94.396
-94.392
-94.319
-94.179
-93.972
-93.699
-93.363
-92.965
-92.511
-92.006
-91.454
-90.86
-90.23
-89.57
-88.888
-88.19
-87.485
-86.779
-86.08
-85.397
-84.736
-84.105
-83.512
-82.962
-82.464
-82.022
-81.642
-81.33
-81.09
-80.926
-80.843
-80.844
-80.93
-81.104
-81.367
-81.721
-82.165
-82.7
-83.323
-84.034
-84.831
-85.71
-86.668
-87.702
-88.806
-89.976
-91.206
-92.489
-93.82
-95.192
-96.596
-98.027
-99.476
-100.937
-102.4
-103.859
-105.306
-106.732
-108.132
-109.496
-110.819
-112.092
-113.309
-114.463
-115.548
-116.558
-117.487
-118.331
-119.084
-119.743
-120.305
-120.765
-121.122
-121.374
-121.52
-121.559
-121.492
-121.32
-121.044
-120.666
-120.189
-119.618
-118.954
-118.204
-117.371
-116.462
-115.481
-114.436
-113.331
-112.175
-110.974
-109.736
-108.468
-107.178
-105.874
-104.566
-103.26
-101.967
-100.693
-99.448
-98.239
-97.074
-95.96
-94.905
-93.916
-92.998
-92.157
-91.399
-90.727
-90.146
-89.66
-89.27
-88.979
-88.787
-88.696
-88.706
-88.817
-89.027
-89.335
-89.739
-90.237
-90.826
-91.503
-92.262
-93.1
-94.009
-94.985
-96.02
-97.106
-98.237
-99.403
-100.595
-101.806
-103.027
-104.249
-105.462
-106.658
-107.828
-108.963
-110.054
-111.092
-112.069
-112.977
-113.807
-114.553
-115.208
-115.765
-116.217
-116.558
-116.783
-116.885
-116.859
-116.699
-116.401
-115.96
-115.374
-114.64
-113.757
-112.725
-111.544
-110.215
-108.742
-107.126
-105.371
-103.481
-101.46
-99.316
-97.055
-94.686
-92.218
-89.662
-87.032
-84.341
-81.605
-78.84
-76.063
-73.295
-70.556
-67.871
-65.262
-62.751
-60.359
-58.108
-56.018
-54.109
-52.397
-50.897
-49.621
-48.582
-47.794
-47.271
-47.017
-47.027
-47.294
-47.807
-48.557
-49.548
-50.78
-52.253
-53.97
-55.931
-58.141
-60.6
-63.299
-66.2
-69.245
-72.376
-75.543
-78.724
-81.917
-85.102
-88.233
-91.243
-94.043
-96.546
-98.693
-100.38
-101.468
-101.953
-101.929
-101.644
-101.541
-101.979
-103.198
-105.526
-109.175
-113.977
-119.583
-125.342
-130.23
-133.592
-134.9
-133.292
-128.385
-120.513
-110.316
-99.09
-88.529
-79.633
-73.618
-72.644
-78.092
-90.372
-109.649
-134.911
-164.316
-196.754
-228.853
-253.786
-267.403
-267.07
-251.493
-223.899
-181.033
-113.161
-13.626
122.337
289.021
469.499
650.707
825.056
990.814
1149.453
1292.927
1403.299
1457.408
1435.928
1334.242
1160.489
936.955
693.666
457.232
253.775
99.112
-6.737
-70.607
-108.777
-138.161
-164.865
-189.91
-209.208
-217.149
-214.608
-205.39
-194.063
-184.842
-178.081
-172.367
-166.611
-159.711
-151.764
-143.362
-134.291
-124.83
-115.823
-107.85
-101.421
-96.521
-92.115
-87.204
-81.496
-74.729
-66.734
-57.658
-47.636
-37.198
-27.495
-19.451
-13.468
-9.723
-8.083
-8.241
-9.99
-12.947
-16.502
-20.241
-23.93
-27.418
-30.728
-33.856
-36.674
-39.103
-41.088
-42.515
-43.321
-43.468
-42.897
-41.633
-39.736
-37.26
-34.285
-30.872
-27.047
-22.85
-18.313
-13.466
-8.377
-3.118
2.23
7.555
12.776
17.844
22.721
27.404
31.906
36.241
40.438
44.538
48.568
52.558
56.533
60.51
64.521
68.606
72.809
77.187
81.786
86.635
91.762
97.184
102.916
108.968
115.342
122.031
129.031
136.343
143.968
151.906
160.15
168.687
177.502
186.581
195.914
205.485
215.268
225.235
235.353
245.588
255.906
266.26
276.591
286.838
296.938
306.844
316.528
325.958
335.098
343.915
352.367
360.437
368.13
375.441
382.363
388.891
395.018
400.767
406.191
411.332
416.225
420.88
425.265
429.36
433.148
436.595
439.665
442.287
444.344
445.748
446.434
446.328
445.368
443.454
440.45
436.239
430.724
423.832
415.53
405.786
394.568
381.882
367.756
352.27
335.566
317.767
298.973
279.307
258.896
237.9
216.522
194.958
173.393
152.022
131.03
110.602
90.917
72.124
54.348
37.668
22.112
7.711
-5.504
-17.523
-28.348
-38.008
-46.559
-54.07
-60.613
-66.294
-71.242
-75.581
-79.43
-82.895
-86.07
-89.029
-91.821
-94.486
-97.05
-99.537
-101.961
-104.331
-106.65
-108.906
-111.083
-113.142
-115.024
-116.681
-118.077
-119.18
-119.969
-120.431
-120.561
-120.369
-119.881
-119.124
-118.122
-116.901
-115.485
-113.908
-112.205
-110.42
-108.602
-106.794
-105.028
-103.334
-101.738
-100.259
-98.914
-97.711
-96.647
-95.721
-94.933
-94.282
-93.769
-93.389
-93.134
-92.997
-92.968
-93.039
-93.202
-93.45
-93.775
-94.169
-94.628
-95.146
-95.719
-96.342
-97.009
-97.711
-98.443
-99.196
-99.963
-100.737
-101.511
-102.278
-103.031
-103.767
-104.479
-105.164
-105.818
-106.436
-107.017
-107.557
-108.057
-108.515
-108.932
-109.308
-109.645
-109.946
-110.212
-110.447
-110.653
-110.833
-110.99
-111.127
-111.248
-111.355
-111.452
-111.542
-111.629
-111.717
-111.808
-111.906
-112.013
-112.134
-112.269
-112.423
-112.595
-112.788
-113.004
-113.242
-113.505
-113.792
-114.104
-114.44
-114.799
-115.18
-115.581
-115.999
-116.433
-116.878
-117.331
-117.79
-118.249
-118.706
-119.158
-119.601
-120.031
-120.445
-120.84
-121.214
-121.562
-121.883
-122.174
-122.434
-122.661
-122.854
-123.012
-123.135
-123.224
-123.279
-123.301
-123.29
-123.249
-123.178
-123.079
-122.954
-122.806
-122.639
-122.454
-122.257
-122.049
-121.837
-121.622
-121.411
-121.205
-121.011
-120.83
-120.667
-120.525
-120.407
-120.316
-120.254
-120.224
-120.226
-120.263
-120.334
-120.439
-120.578
-120.75
-120.953
-121.184
-121.442
-121.724
-122.026
-122.346
-122.681
-123.026
-123.378
-123.734
-124.089
-124.441
-124.783
-125.114
-125.429
-125.724
-125.996
-126.242
-126.458
-126.643
-126.793
-126.907
-126.984
-127.023
-127.022
-126.983
-126.906
-126.791
-126.642
-126.459
-126.247
-126.009
-125.749
-125.47
-125.179
-124.879
-124.576
-124.274
-123.978
-123.693
-123.422
-123.17
-122.941
-122.737
-122.561
-122.415
-122.301
-122.22
-122.174
-122.161
-122.183
-122.237
-122.322
-122.435
-122.574
-122.735
-122.911
-123.099
-123.291
-123.482
-123.664
-123.829
-123.968
-124.073
-124.133
-124.139
-124.08
-123.947
-123.729
-123.417
-123
-122.473
-121.826
-121.054
-120.151
-119.114
-117.937
-116.619
-115.158
-113.554
-111.806
-109.917
-107.891
-105.732
-103.448
-101.05
-98.55
-95.963
-93.302
-90.585
-87.833
-85.065
-82.307
-79.582
-76.915
-74.328
-71.849
-69.5
-67.31
-65.299
-63.486
-61.888
-60.519
-59.394
-58.529
-57.935
-57.61
-57.552
-57.756
-58.217
-58.942
-59.933
-61.186
-62.702
-64.476
-66.505
-68.794
-71.332
-74.09
-77.031
-80.092
-83.223
-86.391
-89.57
-92.751
-95.902
-98.951
-101.834
-104.474
-106.791
-108.747
-110.258
-111.196
-111.581
-111.536
-111.328
-111.437
-112.241
-113.979
-116.975
-121.415
-127.198
-134.101
-141.37
-147.821
-152.51
-154.49
-152.812
-147.144
-137.58
-124.58
-109.717
-95.041
-82.472
-74.555
-73.753
-81.577
-98.979
-125.802
-160.074
-199.179
-239.848
-277.016
-304.969
-318.206
-311.422
-280.473
-222.899
-136.985
-21.994
117.856
273.761
436.947
598.173
754.998
912.907
1069.188
1213.13
1323.404
1368.812
1333.994
1222.122
1050.72
848.322
634.835
420.776
214.503
25.991
-130.46
-241.994
-303.613
-322.426
-311.468
-284.894
-255.694
-230.182
-212.759
-203.27
-195.537
-185.395
-168.376
-144.805
-121.719
-103.252
-91.98
-87.754
-86.527
-86.715
-88.568
-91.833
-96.449
-101.568
-105.517
-107.704
-108.414
-107.621
-105.292
-101.617
-96.891
-91.877
-87.667
-84.761
-83.133
-82.656
-83.033
-83.972
-85.238
-86.43
-87.04
-86.788
-85.593
-83.483
-80.615
-77.104
-73.019
-68.46
-63.551
-58.393
-53.073
-47.669
-42.236
-36.846
-31.583
-26.511
-21.678
-17.111
-12.817
-8.79
-5.015
-1.468
1.88
5.049
8.057
10.924
13.67
16.32
18.906
21.458
24.007
26.585
29.225
31.953
34.795
37.77
40.893
44.18
47.645
51.305
55.18
59.287
63.643
68.267
73.174
78.381
83.902
89.748
95.924
102.436
109.288
116.484
124.034
131.936
140.178
148.743
157.611
166.753
176.137
185.718
195.439
205.249
215.101
224.954
234.777
244.526
254.159
263.638
272.919
281.975
290.797
299.376
307.713
315.834
323.763
331.551
339.265
346.944
354.606
362.256
369.875
377.459
384.991
392.43
399.729
406.832
413.658
420.132
426.164
431.604
436.302
440.085
442.758
444.183
444.244
442.843
439.905
435.362
429.175
421.359
411.949
400.978
388.497
374.545
359.201
342.633
325.025
306.582
287.526
268.05
248.338
228.595
209.025
189.804
171.075
152.931
135.445
118.715
102.845
87.954
74.115
61.322
49.55
38.765
28.923
19.982
11.874
4.489
-2.306
-8.602
-14.462
-19.919
-24.995
-29.746
-34.246
-38.575
-42.781
-46.875
-50.863
-54.751
-58.551
-62.26
-65.848
-69.247
-72.375
-75.183
-77.652
-79.776
-81.555
-82.977
-84.023
-84.679
-84.955
-84.865
-84.424
-83.644
-82.533
-81.111
-79.419
-77.513
-75.454
-73.29
-71.052
-68.77
-66.468
-64.171
-61.903
-59.68
-57.505
-55.388
-53.337
-51.365
-49.485
-47.702
-46.018
-44.43
-42.933
-41.527
-40.212
-38.986
-37.85
-36.802
-35.846
-34.984
-34.221
-33.56
-33
-32.541
-32.181
-31.915
-31.743
-31.659
-31.658
-31.734
-31.882
-32.098
-32.375
-32.709
-33.093
-33.523
-33.993
-34.498
-35.033
-35.594
-36.176
-36.775
-37.388
-38.011
-38.64
-39.272
-39.904
-40.533
-41.154
-41.765
-42.362
-42.941
-43.497
-44.029
-44.533
-45.006
-45.445
-45.849
-46.217
-46.547
-46.839
-47.094
-47.312
-47.494
-47.641
-47.754
-47.837
-47.889
-47.913
-47.912
-47.886
-47.837
-47.768
-47.681
-47.576
-47.457
-47.325
-47.182
-47.031
-46.872
-46.709
-46.544
-46.379
-46.216
-46.059
-45.91
-45.771
-45.644
-45.533
-45.438
-45.363
-45.307
-45.273
-45.262
-45.273
-45.307
-45.365
-45.445
-45.548
-45.673
-45.821
-45.989
-46.18
-46.391
-46.624
-46.877
-47.151
-47.446
-47.76
-48.094
-48.447
-48.819
-49.208
-49.613
-50.034
-50.469
-50.916
-51.374
-51.84
-52.314
-52.793
-53.273
-53.754
-54.231
-54.703
-55.166
-55.618
-56.055
-56.475
-56.874
-57.249
-57.595
-57.91
-58.188
-58.425
-58.615
-58.754
-58.836
-58.855
-58.806
-58.685
-58.486
-58.206
-57.839
-57.383
-56.835
-56.192
-55.452
-54.613
-53.672
-52.63
-51.485
-50.239
-48.892
-47.446
-45.904
-44.27
-42.547
-40.742
-38.86
-36.906
-34.887
-32.811
-30.686
-28.522
-26.328
-24.115
-21.895
-19.68
-17.482
-15.315
-13.189
-11.117
-9.111
-7.179
-5.331
-3.575
-1.919
-0.368
1.07
2.389
3.584
4.649
5.578
6.368
7.015
7.519
7.88
8.103
8.194
8.163
8.019
7.773
7.436
7.021
6.538
5.999
5.416
4.8
4.168
3.542
2.947
2.407
1.937
1.55
1.253
1.045
0.917
0.859
0.855
0.9
0.995
1.154
1.403
1.77
2.284
2.961
3.802
4.809
5.988
7.349
8.907
10.692
12.745
15.115
17.861
21.019
24.599
28.581
32.907
37.503
42.276
47.153
