Name,Kaushik Vada
Date of Birth,"Mar 17, 2005"
Recorded Date,2025-08-18 13:31:24 -0800
Classification,Sinus Rhythm
Symptoms,
Software Version,1.90
Device,"Watch7,9"
Sample Rate,512 hertz


Lead,Lead I
Unit,µV

-1082.22
-933.488
-816.315
-732.584
-677.851
-642.624
-611.439
-574.827
-527.99
-472.154
-417.216
-370.458
-336.202
-314.182
-297.71
-281.329
-261.635
-237.791
-211.496
-183.113
-152.281
-118.918
-83.245
-47.031
-12.473
19.297
47.582
71.969
92.399
108.94
122.117
133.195
143.58
154.12
165.258
177.144
189.749
203.079
217.014
231.214
245.291
259.052
272.51
285.79
299.045
312.345
325.713
339.178
352.767
366.464
380.164
393.708
406.887
419.515
431.489
442.711
453.083
462.475
470.706
477.604
483.041
486.916
489.168
489.725
488.467
485.387
480.595
474.367
467.21
459.437
451.062
442.073
432.416
421.971
410.761
398.458
384.167
367.536
348.763
328.315
307.276
286.634
266.818
248.681
233.71
222.646
215.777
212.849
212.273
212.707
213.595
214.028
212.781
209.183
202.593
192.87
181.357
169.107
156.49
144.075
132.318
121.453
112.027
104.327
97.668
91.559
85.856
80.329
75.038
70.063
65.169
60.197
55.333
50.691
46.32
42.297
38.501
34.829
31.301
27.921
24.661
21.503
18.397
15.295
12.196
9.101
6.003
2.902
-0.215
-3.361
-6.535
-9.739
-12.968
-16.222
-19.507
-22.828
-26.193
-29.61
-33.079
-36.599
-40.169
-43.786
-47.445
-51.144
-54.873
-58.624
-62.389
-66.163
-69.94
-73.718
-77.49
-81.251
-84.997
-88.724
-92.425
-96.095
-99.729
-103.32
-106.865
-110.359
-113.798
-117.179
-120.501
-123.766
-126.976
-130.135
-133.242
-136.298
-139.304
-142.261
-145.172
-148.036
-150.852
-153.62
-156.345
-159.036
-161.711
-164.376
-167.028
-169.656
-172.243
-174.772
-177.233
-179.605
-181.861
-183.984
-185.968
-187.821
-189.578
-191.253
-192.849
-194.353
-195.733
-196.979
-198.103
-199.118
-200.043
-200.901
-201.704
-202.488
-203.32
-204.224
-205.191
-206.173
-207.07
-207.813
-208.364
-208.698
-208.812
-208.683
-208.263
-207.52
-206.427
-204.947
-203.047
-200.659
-197.673
-194.041
-189.766
-184.902
-179.57
-173.858
-167.815
-161.494
-154.935
-148.187
-141.314
-134.357
-127.334
-120.287
-113.264
-106.346
-99.654
-93.257
-87.182
-81.42
-75.915
-70.632
-65.566
-60.701
-56.021
-51.516
-47.172
-42.998
-39.027
-35.27
-31.727
-28.379
-25.186
-22.129
-19.21
-16.442
-13.855
-11.468
-9.29
-7.333
-5.614
-4.142
-2.92
-1.936
-1.167
-0.596
-0.215
-0.016
0.001
-0.158
-0.481
-0.954
-1.566
-2.301
-3.146
-4.086
-5.103
-6.181
-7.308
-8.476
-9.677
-10.906
-12.151
-13.405
-14.658
-15.902
-17.128
-18.326
-19.487
-20.601
-21.662
-22.662
-23.596
-24.457
-25.241
-25.939
-26.548
-27.061
-27.473
-27.777
-27.967
-28.039
-27.987
-27.807
-27.498
-27.057
-26.483
-25.778
-24.942
-23.978
-22.889
-21.675
-20.342
-18.893
-17.332
-15.665
-13.901
-12.05
-10.128
-8.148
-6.13
-4.095
-2.061
-0.045
1.938
3.881
5.773
7.595
9.328
10.943
12.408
13.69
14.758
15.576
16.127
16.403
16.411
16.173
15.711
15.041
14.167
13.075
11.757
10.228
8.508
6.646
4.714
2.791
0.98
-0.602
-1.871
-2.783
-3.34
-3.573
-3.508
-3.157
-2.493
-1.471
-0.091
1.662
3.813
6.24
8.72
10.893
12.188
12.095
10.251
6.283
0.018
-8.374
-18.522
-29.589
-40.392
-49.967
-57.328
-61.519
-62.127
-59.132
-52.935
-44.897
-36.657
-29.768
-26.454
-28.753
-37.851
-54.748
-79.481
-110.563
-146.579
-184.122
-216.412
-237.546
-241.984
-226.958
-196.178
-151.275
-89.943
-7.624
106.037
257.497
444.568
662.012
897.97
1136.194
1358.666
1540.364
1652.109
1670.691
1586.37
1406.388
1159.445
882.239
605.439
354.935
140.682
-34.772
-165.953
-253.023
-293.821
-292.726
-266.021
-231.536
-210.782
-214.909
-241.114
-279.948
-314.446
-334.958
-341.2
-336.533
-329.505
-324.41
-320.632
-317.542
-313.222
-307.513
-302.431
-299.707
-300.817
-306.473
-316.2
-328.636
-342.119
-355.319
-367.278
-377.314
-384.999
-390.136
-392.894
-394.095
-394.888
-396.032
-397.881
-400.54
-403.906
-407.915
-412.529
-417.487
-422.383
-427.002
-431.292
-435.313
-439.255
-443.238
-447.281
-451.415
-455.662
-459.988
-464.372
-468.78
-473.134
-477.37
-481.433
-485.263
-488.828
-492.096
-495.025
-497.581
-499.73
-501.445
-502.735
-503.634
-504.194
-504.498
-504.607
-504.555
-504.382
-504.118
-503.78
-503.382
-502.922
-502.363
-501.681
-500.861
-499.876
-498.717
-497.382
-495.842
-494.047
-491.993
-489.668
-487.039
-484.129
-480.945
-477.413
-473.498
-469.232
-464.443
-458.978
-453.071
-446.749
-439.858
-432.911
-425.258
-415.988
-406.522
-397.398
-390.917
-391.108
-396.766
-404.967
-410.044
-403.518
-382.951
-352.538
-321.522
-300.843
-297.215
-308.176
-324.138
-336.395
-338.497
-330.672
-319.459
-309.174
-302.609
-300.343
-299.854
-300.15
-301.385
-303.512
-306.965
-311.784
-317.467
-323.811
-330.797
-338.322
-346.332
-354.792
-363.636
-372.843
-382.438
-392.377
-402.564
-412.892
-423.218
-433.446
-443.528
-453.442
-463.211
-472.839
-482.308
-491.611
-500.735
-509.668
-518.394
-526.882
-535.076
-542.942
-550.461
-557.631
-564.475
-570.994
-577.172
-582.983
-588.386
-593.352
-597.865
-601.906
-605.454
-608.498
-611.034
-613.075
-614.646
-615.769
-616.458
-616.728
-616.588
-616.054
-615.15
-613.899
-612.327
-610.46
-608.322
-605.944
-603.355
-600.584
-597.656
-594.592
-591.41
-588.129
-584.77
-581.35
-577.887
-574.398
-570.897
-567.4
-563.92
-560.471
-557.063
-553.703
-550.399
-547.155
-543.976
-540.864
-537.82
-534.844
-531.936
-529.092
-526.311
-523.589
-520.922
-518.305
-515.733
-513.201
-510.703
-508.234
-505.787
-503.358
-500.941
-498.531
-496.123
-493.713
-491.295
-488.868
-486.428
-483.971
-481.497
-479.004
-476.489
-473.952
-471.393
-468.812
-466.21
-463.589
-460.948
-458.292
-455.622
-452.941
-450.251
-447.557
-444.86
-442.164
-439.472
-436.787
-434.112
-431.449
-428.801
-426.17
-423.558
-420.966
-418.396
-415.85
-413.327
-410.829
-408.355
-405.906
-403.48
-401.077
-398.695
-396.333
-393.988
-391.659
-389.344
-387.039
-384.744
-382.455
-380.171
-377.888
-375.604
-373.318
-371.026
-368.726
-366.417
-364.097
-361.764
-359.417
-357.056
-354.68
-352.289
-349.882
-347.46
-345.022
-342.57
-340.103
-337.623
-335.131
-332.63
-330.12
-327.606
-325.09
-322.576
-320.067
-317.567
-315.08
-312.608
-310.154
-307.722
-305.314
-302.934
-300.583
-298.266
-295.984
-293.74
-291.535
-289.372
-287.25
-285.169
-283.131
-281.132
-279.173
-277.252
-275.368
-273.52
-271.707
-269.925
-268.174
-266.451
-264.752
-263.071
-261.403
-259.741
-258.078
-256.407
-254.718
-253.003
-251.255
-249.467
-247.631
-245.742
-243.794
-241.78
-239.695
-237.533
-235.285
-232.945
-230.503
-227.948
-225.275
-222.477
-219.551
-216.495
-213.305
-209.981
-206.527
-202.944
-199.231
-195.388
-191.403
-187.274
-183.013
-178.637
-174.172
-169.652
-165.111
-160.582
-156.113
-151.74
-147.491
-143.379
-139.397
-135.538
-131.81
-128.233
-124.84
-121.665
-118.711
-115.975
-113.451
-111.111
-108.931
-106.87
-104.855
-102.838
-100.81
-98.795
-96.864
-95.102
-93.56
-92.276
-91.266
-90.535
-90.109
-89.99
-90.171
-90.659
-91.449
-92.566
-94.076
-96.014
-98.376
-101.101
-104.045
-107.043
-109.949
-112.646
-115.088
-117.209
-118.917
-120.255
-121.35
-122.45
-123.954
-126.073
-128.841
-132.432
-136.989
-142.489
-148.847
-155.466
-161.452
-166.405
-169.855
-170.947
-169.075
-163.741
-155.743
-148.085
-143.301
-141.785
-140.496
-134.238
-121.099
-105.65
-99.235
-113.701
-152.755
-207.945
-261.311
-295.329
-301.654
-284.316
-251.957
-207.173
-144.068
-48.4
91.954
276.101
494.92
733.267
973.96
1205.189
1411.644
1572.838
1668.295
1678.666
1597.342
1432.698
1205.536
945.23
680.016
436.159
230.68
70.344
-43.977
-122.151
-174.868
-210.247
-237.708
-258.9
-273.744
-283.327
-283.636
-274.689
-258.448
-235.156
-209.103
-182.517
-155.399
-129.396
-104.336
-80.255
-58.365
-38.936
-22.735
-10.878
-3.825
-1.34
-2.384
-5.471
-9.154
-12.676
-15.73
-17.961
-19.113
-19.269
-18.868
-18.688
-19.666
-22.119
-25.813
-30.457
-35.652
-41.039
-46.337
-51.053
-54.55
-56.475
-56.732
-55.362
-52.577
-48.527
-43.283
-37.021
-29.974
-22.388
-14.529
-6.585
1.346
9.173
16.825
24.228
31.292
37.976
44.287
50.239
55.861
61.17
66.166
70.882
75.379
79.732
84.026
88.328
92.68
97.124
101.698
106.438
111.376
116.524
121.88
127.447
133.237
139.267
145.555
152.1
158.893
165.918
173.156
180.591
188.194
195.917
203.719
211.556
219.401
227.246
235.08
242.882
250.63
258.292
265.855
273.333
280.727
288.031
295.253
302.389
309.467
316.551
323.673
330.858
338.106
345.369
352.604
359.783
366.854
373.77
380.464
386.812
392.706
398.058
402.755
406.699
409.756
411.736
412.494
411.921
409.931
406.507
401.648
395.324
387.548
378.34
367.723
355.812
342.726
328.557
313.444
297.534
281.006
264.115
247.106
230.168
213.473
197.142
181.263
165.97
151.368
137.555
124.644
112.671
101.65
91.617
82.567
74.466
67.257
60.806
54.953
49.595
44.646
40.048
35.776
31.767
27.958
24.297
20.715
17.173
13.655
10.127
6.571
2.999
-0.563
-4.045
-7.338
-10.38
-13.132
-15.567
-17.686
-19.477
-20.924
-22.022
-22.771
-23.172
-23.233
-22.959
-22.352
-21.435
-20.241
-18.82
-17.247
-15.573
-13.838
-12.076
-10.311
-8.566
-6.863
-5.218
-3.635
-2.125
-0.7
0.63
1.847
2.943
3.916
4.767
5.501
6.123
6.636
7.043
7.345
7.546
7.647
7.648
7.544
7.338
7.03
6.626
6.13
5.551
4.893
4.163
3.369
2.518
1.618
0.674
-0.308
-1.322
-2.362
-3.422
-4.498
-5.584
-6.675
-7.769
-8.861
-9.948
-11.029
-12.103
-13.168
-14.225
-15.274
-16.314
-17.348
-18.376
-19.399
-20.418
-21.435
-22.451
-23.469
-24.49
-25.517
-26.552
-27.598
-28.657
-29.732
-30.824
-31.937
-33.071
-34.228
-35.409
-36.615
-37.847
-39.104
-40.387
-41.695
-43.027
-44.381
-45.754
-47.144
-48.548
-49.961
-51.38
-52.799
-54.213
-55.619
-57.011
-58.383
-59.73
-61.047
-62.328
-63.568
-64.761
-65.902
-66.987
-68.012
-68.97
-69.86
-70.678
-71.421
-72.086
-72.671
-73.175
-73.596
-73.934
-74.187
-74.358
-74.446
-74.453
-74.384
-74.24
-74.027
-73.748
-73.41
-73.018
-72.579
-72.098
-71.583
-71.042
-70.481
-69.909
-69.334
-68.764
-68.207
-67.671
-67.164
-66.694
-66.269
-65.894
-65.576
-65.321
-65.136
-65.025
-64.992
-65.043
-65.182
-65.411
-65.732
-66.148
-66.658
-67.262
-67.957
-68.743
-69.615
-70.568
-71.599
-72.702
-73.871
-75.099
-76.38
-77.704
-79.064
-80.451
-81.855
-83.265
-84.672
-86.064
-87.432
-88.763
-90.049
-91.277
-92.439
-93.523
-94.52
-95.419
-96.21
-96.882
-97.428
-97.838
-98.104
-98.22
-98.18
-97.98
-97.617
-97.088
-96.393
-95.533
-94.508
-93.319
-91.97
-90.464
-88.807
-87.006
-85.069
-83.006
-80.829
-78.554
-76.198
-73.779
-71.317
-68.831
-66.341
-63.87
-61.44
-59.073
-56.793
-54.622
-52.584
-50.702
-49.001
-47.505
-46.236
-45.21
-44.441
-43.941
-43.72
-43.785
-44.146
-44.804
-45.761
-47.027
-48.609
-50.511
-52.738
-55.289
-58.148
-61.298
-64.709
-68.336
-72.136
-76.054
-80.033
-84.019
-87.938
-91.728
-95.326
-98.667
-101.707
-104.389
-106.629
-108.356
-109.512
-110.085
-110.167
-109.857
-109.192
-108.315
-107.437
-106.907
-107.297
-108.965
-111.96
-116.33
-122.117
-129.263
-137.684
-146.708
-154.901
-161.236
-165.19
-166.438
-165.021
-160.901
-153.93
-145.16
-136.965
-131.323
-129.902
-133.857
-143.205
-158.358
-178.706
-200.349
-218.194
-227.095
-224.458
-212.778
-193.094
-161.688
-109.052
-20.359
112.146
285.286
487.157
700.151
912.885
1119.57
1313.243
1480.916
1597.628
1635.825
1577.043
1419.954
1185.762
906.494
615.704
342.558
103.598
-88.938
-226.732
-308.771
-335.248
-317.793
-276.256
-229.581
-198.711
-191.404
-202.594
-222.527
-234.983
-232.505
-217.635
-196.564
-179.744
-171.643
-170.51
-173.601
-176.844
-178.5
-178.96
-177.778
-174.403
-168.72
-160.732
-150.926
-140.006
-128.313
-116.159
-104.299
-93.68
-84.895
-78.135
-73.241
-69.867
-67.77
-66.777
-66.57
-66.674
-66.717
-66.501
-65.963
-65.188
-64.257
-63.182
-61.993
-60.739
-59.42
-58.053
-56.666
-55.231
-53.734
-52.156
-50.441
-48.581
-46.603
-44.502
-42.271
-39.888
-37.297
-34.466
-31.386
-28.047
-24.458
-20.62
-16.519
-12.17
-7.603
-2.866
1.97
6.865
11.814
16.808
21.846
26.925
32.034
37.179
42.383
47.662
53.031
58.5
64.068
69.751
75.574
81.565
87.762
94.187
100.845
107.738
114.857
122.191
129.724
137.428
145.266
153.202
161.205
169.243
177.286
185.3
193.242
201.071
208.744
216.217
223.45
230.399
237.025
243.289
249.153
254.583
259.55
264.024
267.974
271.372
274.191
276.405
277.994
278.938
279.219
278.825
277.746
275.976
273.515
270.366
266.533
262.026
256.857
251.043
244.602
237.557
229.932
221.754
213.055
203.867
194.225
184.166
173.728
162.951
151.877
140.548
129.006
117.295
105.457
93.538
81.579
69.624
57.716
45.896
34.204
22.681
11.365
0.292
-10.504
-20.99
-31.137
-40.917
-50.306
-59.281
-67.823
-75.914
-83.542
-90.694
-97.361
-103.539
-109.224
-114.414
-119.113
-123.325
-127.056
-130.316
-133.115
-135.467
-137.386
-138.888
-139.992
-140.715
-141.079
-141.105
-140.814
-140.23
-139.376
-138.277
-136.957
-135.439
-133.749
-131.909
-129.945
-127.878
-125.731
-123.525
-121.28
-119.017
-116.753
-114.506
-112.291
-110.122
-108.012
-105.973
-104.015
-102.145
-100.371
-98.698
-97.132
-95.674
-94.328
-93.093
-91.97
-90.957
-90.053
-89.254
-88.556
-87.956
-87.447
-87.023
-86.679
-86.407
-86.201
-86.054
-85.957
-85.903
-85.885
-85.894
-85.925
-85.969
-86.02
-86.071
-86.116
-86.151
-86.17
-86.17
-86.148
-86.1
-86.026
-85.923
-85.792
-85.631
-85.442
-85.226
-84.983
-84.715
-84.425
-84.114
-83.785
-83.441
-83.085
-82.719
-82.347
-81.972
-81.596
-81.222
-80.853
-80.491
-80.14
-79.8
-79.476
-79.167
-78.876
-78.604
-78.352
-78.119
-77.905
-77.709
-77.531
-77.366
-77.214
-77.07
-76.932
-76.795
-76.654
-76.506
-76.344
-76.165
-75.963
-75.733
-75.468
-75.165
-74.819
-74.424
-73.976
-73.471
-72.905
-72.276
-71.579
-70.814
-69.976
-69.066
-68.08
-67.02
-65.883
-64.671
-63.384
-62.023
-60.589
-59.086
-57.517
-55.883
-54.191
-52.443
-50.645
-48.803
-46.921
-45.006
-43.065
-41.102
-39.126
-37.142
-35.158
-33.178
-31.21
-29.259
-27.33
-25.43
-23.562
-21.73
-19.939
-18.191
-16.49
-14.837
-13.234
-11.684
-10.185
-8.74
-7.349
-6.01
-4.724
-3.488
-2.302
-1.164
-0.07
0.981
1.993
2.968
3.91
4.823
5.709
6.574
7.419
8.25
9.069
9.881
10.688
11.494
12.301
13.112
13.929
14.753
15.587
16.43
17.284
18.148
19.024
19.909
20.803
21.707
22.618
23.535
24.456
25.38
26.305
27.228
28.147
29.06
29.964
30.858
31.738
32.602
33.449
34.277
35.083
35.865
36.623
37.354
38.059
38.734
39.381
39.999
40.586
41.144
41.673
42.174
42.646
43.092
43.513
43.909
44.283
44.635
44.968
45.284
45.584
45.871
46.148
46.417
46.682
46.946
47.212
47.483
47.764
48.058
48.368
48.698
49.05
49.428
49.836
50.275
50.751
51.265
51.822
52.425
53.077
53.783
54.546
55.37
56.258
57.215
58.245
59.352
60.54
61.815
63.18
64.641
66.202
67.865
69.633
71.509
73.495
75.592
77.799
80.118
82.546
85.083
87.727
90.475
93.324
96.268
99.303
102.42
105.614
108.874
112.187
115.538
118.91
122.283
125.635
128.945
132.186
135.334
138.366
141.262
144.002
146.569
148.942
151.103
153.035
154.72
156.144
157.298
158.176
158.777
159.112
159.191
159.026
158.626
157.981
157.081
155.913
154.462
152.716
150.665
148.313
145.685
142.827
139.784
136.596
133.275
129.839
126.321
122.768
119.252
115.863
112.678
109.81
107.434
105.638
104.398
103.567
102.807
101.785
100.31
98.132
94.913
90.557
85.268
79.575
74.417
70.599
68.475
68.419
71.04
76.585
84.766
94.754
104.981
113.907
120.719
124.47
123.463
116.335
102.44
81.536
54.523
22.992
-12.312
-48.538
-79.26
-98.86
-102.239
-87.268
-58.452
-18.043
37.628
115.091
225.578
377.252
566.106
783.743
1019.446
1257.124
1483.775
1681.006
1818.882
1872.454
1823.474
1668.898
1433.091
1150.548
857.903
588.832
359.994
180.23
54.68
-18.897
-43.803
-31.07
-0.336
29.544
43.854
39.096
24.119
12.245
13.506
29.899
55.679
81.399
100.563
112.004
117.795
121.415
124.995
128.591
131.509
133.208
133.946
134.156
134.398
135.491
137.517
140.224
143.818
148.372
153.559
159.488
164.874
166.732
165.234
162.241
161.004
167.931
182.622
198.85
210.52
208.975
193.982
174.048
155.688
145.895
145.681
148.668
150.93
149.714
144.281
137.299
130.053
122.651
115.291
107.638
99.658
91.742
84.051
76.594
69.424
62.586
56.101
49.984
44.238
38.822
33.703
28.858
24.214
19.668
15.158
10.645
6.107
1.553
-3.015
-7.589
-12.139
-16.625
-21.014
-25.27
-29.371
-33.297
-37.017
-40.5
-43.703
-46.571
-49.06
-51.126
-52.741
-53.897
-54.59
-54.824
-54.627
-54.036
-53.111
-51.928
-50.551
-49.028
-47.395
-45.671
-43.87
-42.007
-40.104
-38.191
-36.308
-34.496
-32.782
-31.177
-29.679
-28.27
-26.904
-25.526
-24.055
-22.352
-20.433
-18.447
-16.562
-15.022
-13.907
-13.038
-12.404
-12.201
-12.333
-12.531
-12.506
-11.765
-10.426
-9.364
-9.099
-9.827
-12.004
-16.07
-22.565
-32.362
-45.405
-60.63
-77.347
-95.115
-113.43
-132.014
-150.29
-167.245
-182.589
-196.755
-209.98
-222.401
-233.958
-244.334
-253.617
-262.347
-270.828
-278.981
-286.528
-293.112
-298.709
-303.464
-307.234
-309.498
-309.63
-307.432
-303.398
-298.376
-292.939
-287.515
-282.597
-278.942
-277.558
-278.92
-282.598
-287.626
-293.203
-298.773
-303.91
-308.063
-310.417
-310.52
-308.588
-305.3
-301.251
-296.754
-291.946
-286.963
-282.126
-277.692
-273.634
-269.709
-265.696
-261.542
-257.301
-253.08
-248.903
-244.741
-240.605
-236.557
-232.659
-228.942
-225.403
-222.006
-218.729
-215.578
-212.563
-209.696
-206.98
-204.404
-201.957
-199.637
-197.435
-195.351
-193.381
-191.524
-189.78
-188.152
-186.641
-185.25
-183.979
-182.824
-181.778
-180.83
-179.969
-179.185
-178.47
-177.816
-177.217
-176.666
-176.157
-175.683
-175.237
-174.815
-174.409
-174.012
-173.618
-173.22
-172.813
-172.39
-171.948
-171.482
-170.987
-170.458
-169.891
-169.281
-168.624
-167.915
-167.15
-166.323
-165.429
-164.464
-163.423
-162.301
-161.096
-159.802
-158.416
-156.935
-155.356
-153.676
-151.891
-150
-148
-145.888
-143.662
-141.321
-138.863
-136.286
-133.589
-130.773
-127.837
-124.78
-121.604
-118.31
-114.898
-111.371
-107.731
-103.981
-100.123
-96.162
-92.101
-87.946
-83.703
-79.376
-74.973
-70.5
-65.965
-61.375
-56.738
-52.062
-47.354
-42.624
-37.878
-33.125
-28.374
-23.631
-18.905
-14.203
-9.534
-4.906
-0.324
4.203
8.668
13.066
17.388
21.629
25.783
29.844
33.805
37.66
41.404
45.032
48.538
51.918
55.167
58.279
61.252
64.082
66.764
69.296
71.674
73.896
75.957
77.855
79.587
81.151
82.544
83.763
84.806
85.671
86.355
86.857
87.173
87.301
87.24
86.988
86.542
85.902
85.067
84.035
82.808
81.386
79.771
77.965
75.97
73.791
71.43
68.892
66.184
63.31
60.277
57.093
53.765
50.302
46.713
43.007
39.193
35.281
31.281
27.205
23.061
18.861
14.614
10.333
6.027
1.709
-2.611
-6.921
-11.21
-15.467
-19.684
-23.851
-27.962
-32.012
-35.998
-39.915
-43.763
-47.54
-51.247
-54.883
-58.446
-61.936
-65.352
-68.696
-71.973
-75.186
-78.339
-81.435
-84.477
-87.468
-90.413
-93.312
-96.16
-98.955
-101.697
-104.394
-107.065
-109.727
-112.391
-115.068
-117.762
-120.476
-123.212
-125.959
-128.686
-131.363
-133.957
-136.44
-138.798
-141.006
-143.025
-144.804
-146.281
-147.401
-148.125
-148.425
-148.284
-147.707
-146.724
-145.398
-143.817
-142.093
-140.343
-138.7
-137.31
-136.315
-135.827
-135.996
-137.034
-139.081
-142.181
-146.19
-150.708
-155.334
-159.785
-163.703
-166.573
-167.96
-167.664
-166.072
-164.281
-163.366
-163.931
-166.51
-171.931
-180.933
-193.717
-207.946
-218.808
-222.153
-215.694
-201.547
-183.692
-161.187
-129.109
-78.839
-1.617
102.134
225.808
362.23
501.705
635.689
755.169
839.659
866.045
819.748
694.072
505.735
290.014
80.036
-90.817
-204.627
-266.685
-288.049
-287.95
-284.675
-282.095
-279.761
-274.144
-260.183
-240.073
-218.991
-201.297
-191.412
-190.596
-197.192
-208.732
-221.953
-234.077
-243.353
-248.79
-249.911
-246.471
-238.83
-228.12
-215.944
-203.785
-192.673
-183.09
-175.219
-169.266
-165.276
-162.996
-161.935
-161.589
-161.603
-161.83
-162.212
-162.609
-162.834
-162.715
-162.162
-161.155
-159.684
-157.719
-155.217
-152.16
-148.578
-144.538
-140.115
-135.369
-130.353
-125.112
-119.707
-114.213
-108.708
-103.274
-97.967
-92.82
-87.857
-83.091
-78.526
-74.156
-69.961
-65.91
-61.973
-58.13
-54.364
-50.663
-47.01
-43.384
-39.767
-36.139
-32.481
-28.777
-25.008
-21.157
-17.21
-13.156
-8.989
-4.705
-0.3
4.231
8.888
13.676
18.598
23.661
28.88
34.262
39.801
45.485
51.295
57.196
63.162
69.16
75.148
81.094
86.974
92.776
98.509
104.183
109.792
115.319
120.73
125.992
131.093
136.029
140.798
145.42
149.908
154.284
158.601
162.885
167.126
171.289
175.291
179.029
182.435
185.458
188.065
190.235
191.925
193.091
193.703
193.712
193.067
191.708
189.533
186.472
182.517
177.695
172.095
165.847
159.042
151.758
144.074
136.048
127.752
119.257
110.611
101.873
93.117
84.43
75.94
67.758
59.942
52.524
45.491
38.798
32.425
26.362
20.587
15.099
9.895
4.977
0.368
-3.908
-7.846
-11.453
-14.76
-17.796
-20.568
-23.074
-25.298
-27.212
-28.8
-30.051
-30.95
-31.493
-31.685
-31.538
-31.076
-30.334
-29.338
-28.11
-26.669
-25.034
-23.225
-21.269
-19.193
-17.026
-14.795
-12.528
-10.257
-8.009
-5.808
-3.675
-1.628
0.319
2.152
3.857
5.422
6.835
8.084
9.161
10.056
10.759
11.267
11.574
11.679
11.582
11.286
10.794
10.112
9.246
8.204
6.994
5.627
4.113
2.463
0.688
-1.2
-3.188
-5.264
-7.415
-9.63
-11.896
-14.202
-16.537
-18.89
-21.253
-23.614
-25.965
-28.299
-30.606
-32.879
-35.109
-37.291
-39.417
-41.48
-43.475
-45.398
-47.243
-49.008
-50.69
-52.288
-53.799
-55.223
-56.561
-57.812
-58.978
-60.059
-61.058
-61.976
-62.816
-63.579
-64.267
-64.883
-65.428
-65.903
-66.311
-66.652
-66.927
-67.138
-67.285
-67.37
-67.394
-67.359
-67.265
-67.116
-66.913
-66.657
-66.353
-66.002
-65.607
-65.17
-64.696
-64.186
-63.643
-63.069
-62.467
-61.838
-61.184
-60.505
-59.804
-59.081
-58.336
-57.571
-56.786
-55.982
-55.161
-54.324
-53.473
-52.608
-51.731
-50.844
-49.948
-49.043
-48.131
-47.212
-46.287
-45.355
-44.418
-43.472
-42.517
-41.551
-40.571
-39.575
-38.559
-37.52
-36.455
-35.361
-34.235
-33.077
-31.884
-30.656
-29.393
-28.095
-26.762
-25.396
-23.998
-22.569
-21.111
-19.628
-18.122
-16.598
-15.061
-13.518
-11.977
-10.446
-8.934
-7.452
-6.013
-4.63
-3.32
-2.096
-0.97
0.043
0.932
1.683
2.282
2.721
2.992
3.089
3.004
2.727
2.251
1.576
0.714
-0.323
-1.521
-2.877
-4.397
-6.084
-7.94
-9.96
-12.149
-14.512
-17.052
-19.756
-22.581
-25.465
-28.351
-31.2
-33.997
-36.742
-39.412
-41.947
-44.269
-46.289
-47.933
-49.16
-49.89
-50.014
-49.526
-48.524
-47.262
-46.152
-45.563
-45.731
-46.843
-49.012
-52.122
-55.946
-60.031
-63.622
-65.981
-66.404
-64.441
-59.998
-53.393
-45.232
-36.322
-27.738
-20.819
-17.378
-18.926
-26.485
-40.479
-60.394
-85.426
-114.465
-145.316
-174.236
-197.103
-209.545
-207.189
-186.731
-144.878
-78.159
14.168
128.472
259.174
399.056
542.869
691.95
848.296
1008.948
1162.754
1287.382
1354.216
1342.257
1246.026
1075.817
858.639
624.911
398.459
198.1
33.942
-87.493
-160.981
-187.842
-176.45
-144.21
-111.805
-94.061
-96.16
-110.827
-124.787
-128.868
-120.234
-103.607
-87.988
-78.744
-77.176
-81.217
-86.2
-89.131
-88.961
-85.54
-79.661
-71.697
-61.402
-49.039
-35.302
-21.177
-7.894
3.827
13.774
21.763
27.579
31.163
32.597
32.197
30.556
28.119
25.151
21.895
18.527
15.223
12.185
9.558
7.412
5.815
4.829
4.517
4.974
6.253
8.36
11.273
14.931
19.259
24.182
29.616
35.472
41.658
48.087
54.661
61.28
67.871
74.379
80.756
86.963
92.966
98.746
104.303
109.663
114.851
119.894
124.822
129.664
134.46
139.252
144.085
149.006
154.055
159.263
164.663
170.286
176.154
182.279
188.666
195.302
202.169
209.246
216.493
223.87
231.343
238.886
246.479
254.12
261.8
269.513
277.258
285.018
292.776
300.526
308.245
315.921
323.56
331.178
338.819
346.538
354.352
362.253
370.214
378.162
386.022
393.703
401.08
408.054
414.541
420.455
425.743
430.349
434.187
437.167
439.171
440.056
439.736
438.156
435.282
431.14
425.781
419.286
411.796
403.435
394.298
384.481
374.048
363.057
351.601
339.776
327.688
315.479
303.257
291.111
279.128
267.353
255.804
244.48
233.327
222.305
211.401
200.612
189.955
179.459
169.136
159
149.073
139.352
129.84
120.545
111.465
102.614
94.022
85.722
77.769
70.213
63.083
56.403
50.184
44.425
39.127
34.284
29.877
25.894
22.321
19.147
16.363
13.954
11.9
10.179
8.764
7.625
6.738
6.077
5.618
5.337
5.213
5.228
5.366
5.61
5.944
6.35
6.81
7.307
7.826
8.352
8.87
9.367
9.832
10.257
10.632
10.951
11.209
11.4
11.521
11.569
11.541
11.436
11.254
10.992
10.653
10.237
9.744
9.177
8.537
7.825
7.045
6.197
5.285
4.31
3.275
2.18
1.028
-0.18
-1.441
-2.755
-4.119
-5.532
-6.993
-8.5
-10.054
-11.652
-13.295
-14.981
-16.712
-18.486
-20.304
-22.164
-24.067
-26.012
-27.999
-30.027
-32.094
-34.2
-36.343
-38.522
-40.735
-42.98
-45.255
-47.556
-49.882
-52.231
-54.597
-56.98
-59.376
-61.781
-64.193
-66.608
-69.022
-71.433
-73.837
-76.23
-78.61
-80.974
-83.319
-85.641
-87.939
-90.21
-92.452
-94.663
-96.841
-98.984
-101.092
-103.162
-105.193
-107.185
-109.138
-111.049
-112.921
-114.751
-116.541
-118.29
-119.999
-121.669
-123.298
-124.889
-126.441
-127.955
-129.432
-130.872
-132.276
-133.644
-134.978
-136.277
-137.542
-138.775
-139.975
-141.143
-142.28
-143.385
-144.46
-145.505
-146.519
-147.505
-148.462
-149.391
-150.293
-151.169
-152.02
-152.848
-153.654
-154.439
-155.206
-155.957
-156.693
-157.417
-158.132
-158.84
-159.545
-160.248
-160.954
-161.666
-162.387
-163.119
-163.865
-164.629
-165.412
-166.217
-167.046
-167.9
-168.781
-169.689
-170.627
-171.594
-172.59
-173.617
-174.673
-175.757
-176.868
-178.003
-179.16
-180.335
-181.524
-182.722
-183.924
-185.126
-186.32
-187.5
-188.659
-189.788
-190.881
-191.927
-192.919
-193.848
-194.703
-195.478
-196.164
-196.753
-197.239
-197.615
-197.877
-198.018
-198.036
-197.926
-197.685
-197.313
-196.807
-196.171
-195.405
-194.513
-193.5
-192.373
-191.143
-189.82
-188.421
-186.962
-185.462
-183.941
-182.422
-180.929
-179.485
-178.112
-176.83
-175.661
-174.626
-173.745
-173.039
-172.528
-172.231
-172.162
-172.335
-172.756
-173.426
-174.339
-175.49
-176.875
-178.498
-180.369
-182.5
-184.901
-187.586
-190.556
-193.812
-197.332
-201.071
-204.982
-209.015
-213.129
-217.31
-221.526
-225.729
-229.865
-233.856
-237.608
-241.055
-244.077
-246.505
-248.306
-249.541
-250.374
-251.136
-252.072
-253.295
-255.064
-257.729
-261.337
-265.714
-270.409
-274.672
-278.11
-280.706
-282.157
-281.845
-279.519
-275.278
-269.727
-264.033
-258.847
-254.312
-251.075
-250.51
-254.018
-262.766
-277.261
-297.227
-321.194
-346.592
-370.831
-389.748
-402.306
-411.413
-415.038
-408.634
-380.978
-312.526
-194.842
-32.023
162.032
362.347
553.183
733.119
905.7
1075.277
1233.825
1358.601
1421.14
1399.12
1287.481
1095.939
849.529
580.962
318.006
88.627
-88.197
-210.213
-282.108
-319.943
-343.394
-360.259
-372.21
-375.278
-362.791
-336.082
-300.871
-263.568
-230.511
-204.245
-185.298
-173.977
-169.57
-171.054
-176.94
-185.276
-194.93
-205.005
-214.274
-221.665
-226.123
-227.164
-225.251
-221.111
-215.272
-208.335
-200.998
-194.022
-188.395
-184.643
-182.7
-182.346
-183.216
-184.895
-187.046
-189.21
-190.806
-191.504
-191.188
-189.83
-187.551
-184.442
-180.536
-175.937
-170.776
-165.153
-159.168
-152.898
-146.39
-139.729
-133.013
-126.337
-119.796
-113.453
-107.333
-101.462
-95.842
-90.466
-85.328
-80.405
-75.668
-71.097
-66.667
-62.353
-58.134
-53.978
-49.853
-45.725
-41.559
-37.323
-32.991
-28.538
-23.944
-19.189
-14.257
-9.13
-3.796
1.761
7.555
13.6
19.903
26.477
33.33
40.466
47.89
55.589
63.545
71.744
80.166
88.789
97.591
106.54
115.602
124.758
133.986
143.263
152.569
161.858
171.083
180.197
189.149
197.906
206.442
214.711
222.672
230.297
237.554
244.43
250.916
256.947
262.461
267.396
271.686
275.313
278.266
280.529
282.105
282.983
283.153
282.64
281.465
279.605
277.046
273.737
269.618
264.726
259.106
252.807
245.896
238.385
230.281
221.615
212.396
202.627
192.317
181.428
169.947
157.937
145.477
132.706
119.791
106.809
93.819
80.886
68.05
55.39
42.995
30.916
19.23
8.034
-2.57
-12.432
-21.431
-29.534
-36.741
-43.112
-48.755
-53.715
-58.026
-61.733
-64.855
-67.433
-69.509
-71.094
-72.215
-72.928
-73.305
-73.458
-73.489
-73.436
-73.318
-73.112
-72.762
-72.247
-71.553
-70.657
-69.561
-68.269
-66.789
-65.154
-63.404
-61.553
-59.606
-57.55
-55.37
-53.077
-50.695
-48.259
-45.82
-43.417
-41.085
-38.868
-36.795
-34.887
-33.16
-31.614
-30.242
-29.046
-28.027
-27.192
-26.548
-26.097
-25.835
-25.757
-25.855
-26.12
-26.541
-27.103
-27.793
-28.6
-29.512
-30.522
-31.623
-32.806
-34.063
-35.384
-36.76
-38.178
-39.629
-41.099
-42.577
-44.051
-45.51
-46.942
-48.34
-49.693
-50.995
-52.239
-53.417
-54.525
-55.557
-56.511
-57.383
-58.169
-58.868
-59.479
-60.001
-60.435
-60.78
-61.039
-61.215
-61.309
-61.325
-61.267
-61.137
-60.941
-60.681
-60.363
-59.992
-59.573
-59.111
-58.613
-58.086
-57.537
-56.972
-56.398
-55.822
-55.25
-54.688
-54.141
-53.614
-53.111
-52.636
-52.193
-51.784
-51.413
-51.08
-50.788
-50.538
-50.329
-50.161
-50.034
-49.946
-49.896
-49.882
-49.902
-49.952
-50.031
-50.135
-50.261
-50.405
-50.563
-50.73
-50.902
-51.074
-51.241
-51.396
-51.535
-51.652
-51.742
-51.8
-51.821
-51.8
-51.734
-51.619
-51.451
-51.228
-50.947
-50.607
-50.205
-49.743
-49.218
-48.631
-47.983
-47.274
-46.505
-45.679
-44.797
-43.86
-42.872
-41.834
-40.751
-39.623
-38.456
-37.252
-36.016
-34.751
-33.462
-32.153
-30.83
-29.497
-28.159
-26.821
-25.487
-24.163
-22.852
-21.559
-20.287
-19.041
-17.824
-16.638
-15.488
-14.374
-13.301
-12.269
-11.28
-10.338
-9.442
-8.594
-7.796
-7.048
-6.352
-5.707
-5.116
-4.577
-4.092
-3.66
-3.281
-2.954
-2.679
-2.454
-2.278
-2.151
-2.069
-2.03
-2.034
-2.076
-2.156
-2.271
-2.419
-2.597
-2.802
-3.034
-3.289
-3.565
-3.859
-4.167
-4.488
-4.817
-5.151
-5.486
-5.818
-6.144
-6.459
-6.76
-7.042
-7.301
-7.533
-7.734
-7.899
-8.024
-8.106
-8.139
-8.12
-8.045
-7.912
-7.715
-7.454
-7.124
-6.722
-6.245
-5.69
-5.053
-4.332
-3.524
-2.625
-1.635
-0.551
0.627
1.899
3.264
4.722
6.271
7.909
9.632
11.439
13.324
15.284
17.312
19.401
21.543
23.728
25.946
28.185
30.433
32.672
34.887
37.059
39.168
41.193
43.111
44.902
46.544
48.018
49.308
50.398
51.273
51.92
52.326
52.478
52.369
51.993
51.352
50.455
49.314
47.946
46.365
44.576
42.587
40.402
38.018
35.431
32.641
29.648
26.474
23.166
19.77
16.333
12.891
9.445
6.016
2.641
-0.633
-3.728
-6.571
-9.109
-11.232
-12.774
-13.669
-13.955
-13.825
-13.673
-13.841
-14.54
-16.035
-18.639
-22.45
-27.255
-32.464
-37.092
-40.26
-41.506
-40.387
-36.323
-29.065
-18.935
-6.835
5.659
16.967
26.147
32.134
33.402
28.816
17.636
-0.356
-24.229
-52.876
-84.454
-114.779
-139.009
-152.358
-152.784
-142.409
-122.652
-92.359
-44.015
34.668
153.055
315.678
518.128
749.932
999.507
1251.549
1487.383
1683.494
1810.828
1845.144
1776.268
1609.475
1369.841
1092.981
811.575
555.5
341.869
174.196
51.62
-34.473
-94.191
-131.761
-152.247
-160.228
-157.14
-148.256
-136.74
-120.179
-98.349
-70.149
-36.504
-4.061
22.14
39.169
46.636
47.674
44.757
39.115
31.563
22.658
13.999
7.567
4.281
4.222
6.928
11.643
17.773
24.635
31.007
35.572
37.645
37.091
34.206
29.608
23.815
17.292
10.698
4.675
-0.379
-4.263
-6.973
-8.627
-9.283
-8.956
-7.682
-5.514
-2.536
1.148
5.424
10.148
15.168
20.332
25.483
30.511
35.346
39.947
44.309
48.444
52.357
56.051
59.52
62.752
65.755
68.555
71.188
73.718
76.201
78.692
81.253
83.935
86.775
89.802
93.028
96.455
100.093
103.952
108.046
112.391
117.002
121.887
127.053
132.502
138.235
144.246
150.528
157.069
163.855
170.874
178.112
185.554
193.181
200.972
208.901
216.94
225.058
233.221
241.393
249.534
257.606
265.568
273.38
281.003
288.394
295.516
302.328
308.794
314.874
320.536
325.743
330.464
334.669
338.33
341.421
343.919
345.804
347.06
347.671
347.629
346.924
345.555
343.52
340.823
337.469
333.47
328.839
323.591
317.746
311.329
304.363
296.878
288.904
280.475
271.624
262.388
252.804
242.911
232.747
222.352
211.764
201.025
190.174
179.249
168.289
157.333
146.417
135.575
124.844
114.254
103.838
93.624
83.639
73.909
64.456
55.301
46.462
37.954
29.791
21.983
14.539
7.464
0.763
-5.565
-11.519
-17.103
-22.322
-27.183
-31.694
-35.866
-39.709
-43.236
-46.461
-49.398
-52.064
-54.473
-56.642
-58.587
-60.327
-61.877
-63.255
-64.477
-65.561
-66.522
-67.376
-68.138
-68.823
-69.443
-70.013
-70.543
-71.044
-71.527
-72.001
-72.473
-72.952
-73.443
-73.952
-74.484
-75.041
-75.626
-76.243
-76.891
-77.571
-78.284
-79.028
-79.802
-80.606
-81.436
-82.291
-83.168
-84.064
-84.977
-85.902
-86.837
-87.779
-88.723
-89.668
-90.609
-91.545
-92.472
-93.388
-94.291
-95.18
-96.051
-96.903
-97.736
-98.547
-99.335
-100.1
-100.84
-101.555
-102.246
-102.91
-103.549
-104.163
-104.751
-105.314
-105.853
-106.367
-106.858
-107.325
-107.771
-108.195
-108.599
-108.984
-109.352
-109.703
-110.038
-110.359
-110.667
-110.962
-111.246
-111.519
-111.782
-112.034
-112.278
-112.514
-112.742
-112.963
-113.178
-113.388
-113.594
-113.795
-113.994
-114.191
-114.386
-114.581
-114.776
-114.973
-115.172
-115.375
-115.582
-115.794
-116.012
-116.237
-116.468
-116.706
-116.951
-117.203
-117.462
-117.727
-118
-118.28
-118.567
-118.862
-119.163
-119.472
-119.787
-120.109
-120.437
-120.77
-121.109
-121.451
-121.797
-122.146
-122.495
-122.845
-123.193
-123.539
-123.88
-124.215
-124.542
-124.858
-125.161
-125.451
-125.724
-125.979
-126.214
-126.429
-126.621
-126.789
-126.933
-127.05
-127.139
-127.2
-127.231
-127.231
-127.199
-127.135
-127.038
-126.907
-126.743
-126.545
-126.314
-126.049
-125.752
-125.423
-125.063
-124.674
-124.258
-123.816
-123.352
-122.867
-122.365
-121.848
-121.321
-120.786
-120.246
-119.706
-119.167
-118.635
-118.112
-117.602
-117.108
-116.635
-116.186
-115.765
-115.375
-115.019
-114.702
-114.426
-114.195
-114.011
-113.877
-113.796
-113.771
-113.803
-113.894
-114.044
-114.255
-114.526
-114.857
-115.247
-115.693
-116.195
-116.748
-117.351
-118.001
-118.692
-119.423
-120.188
-120.983
-121.802
-122.64
-123.49
-124.347
-125.202
-126.051
-126.885
-127.697
-128.479
-129.226
-129.927
-130.576
-131.165
-131.686
-132.13
-132.49
-132.759
-132.93
-132.999
-132.959
-132.808
-132.542
-132.16
-131.659
-131.039
-130.299
-129.441
-128.465
-127.376
-126.176
-124.871
-123.469
-121.98
-120.417
-118.794
-117.125
-115.427
-113.719
-112.021
-110.355
-108.744
-107.209
-105.773
-104.458
-103.286
-102.282
-101.465
-100.853
-100.46
-100.299
-100.382
-100.723
-101.328
-102.196
-103.325
-104.707
-106.339
-108.227
-110.372
-112.772
-115.43
-118.339
-121.496
-124.901
-128.535
-132.364
-136.343
-140.406
-144.494
-148.566
-152.58
-156.51
-160.312
-163.909
-167.232
-170.201
-172.733
-174.775
-176.244
-177.042
-177.205
-176.872
-176.302
-175.937
-176.158
-177.273
-179.68
-183.616
-189.044
-195.791
-203.227
-210.387
-216.46
-220.471
-221.366
-218.662
-212.289
-202.535
-190.638
-178.137
-166.56
-158.312
-155.823
-160.561
-173.632
-195.337
-224.496
-259.617
-297.223
-330.66
-353.635
-361.474
-352.995
-329.75
-290.356
-227.99
-131.485
6.477
183.751
388.334
602.152
813.395
1017.603
1211.573
1387.581
1525.65
1597.779
1581.018
1467.567
1267.253
1006.137
716.619
428.283
167.046
-49.664
-211.592
-316.313
-369.245
-379.463
-362.15
-331.484
-300.354
-280.103
-271.799
-271.296
-270.075
-259.217
-237.515
-209.223
-182.442
-163.196
-152.298
-147.8
-145.913
-144.707
-144.619
-146.006
-148.725
-152.245
-155.525
-157.7
-158.763
-158.708
-157.331
-154.735
-151.251
-147.273
-143.457
-140.533
-138.691
-137.845
-137.86
-138.386
-139.079
-139.696
-139.888
-139.246
-137.593
-134.896
-131.204
-126.694
-121.507
-115.722
-109.46
-102.859
-96.031
-89.098
-82.165
-75.308
-68.613
-62.153
-55.973
-50.111
-44.586
-39.389
-34.503
-29.901
-25.547
-21.417
-17.491
-13.744
-10.153
-6.687
-3.313
0.003
3.296
6.598
9.94
13.355
16.868
20.502
24.276
28.206
32.305
36.591
41.081
45.792
50.737
55.931
61.381
67.096
73.08
79.333
85.851
92.626
99.647
106.901
114.371
122.038
129.881
137.874
145.991
154.203
162.478
170.782
179.079
187.333
195.505
203.556
211.446
219.136
226.586
233.757
240.61
247.109
253.215
258.895
264.115
268.844
273.051
276.71
279.796
282.288
284.166
285.415
286.023
285.982
285.286
283.933
281.925
279.267
275.967
272.035
267.488
262.341
256.616
250.337
243.528
236.22
228.442
220.228
211.613
202.632
193.324
183.726
173.879
163.822
153.596
143.243
132.802
122.314
111.82
101.359
90.97
80.689
70.553
60.597
50.853
41.353
32.126
23.198
14.595
6.34
-1.548
-9.051
-16.152
-22.84
-29.104
-34.936
-40.332
-45.288
-49.804
-53.883
-57.528
-60.747
-63.548
-65.942
-67.94
-69.557
-70.808
-71.71
-72.282
-72.543
-72.513
-72.213
-71.665
-70.89
-69.912
-68.753
-67.436
-65.983
-64.417
-62.759
-61.032
-59.256
-57.451
-55.638
-53.833
-52.055
-50.321
-48.645
-47.041
-45.523
-44.101
-42.785
-41.584
-40.505
-39.555
-38.737
-38.056
-37.513
-37.108
-36.843
-36.715
-36.722
-36.86
-37.126
-37.514
-38.018
-38.633
-39.35
-40.163
-41.064
-42.043
-43.093
-44.204
-45.368
-46.574
-47.814
-49.078
-50.357
-51.643
-52.926
-54.199
-55.454
-56.682
-57.877
-59.033
-60.143
-61.201
-62.204
-63.146
-64.025
-64.836
-65.577
-66.247
-66.844
-67.367
-67.815
-68.188
-68.487
-68.711
-68.864
-68.945
-68.957
-68.902
-68.784
-68.604
-68.367
-68.076
-67.734
-67.348
-66.919
-66.454
-65.956
-65.431
-64.884
-64.318
-63.74
-63.153
-62.564
-61.976
-61.395
-60.825
-60.27
-59.735
-59.224
-58.741
-58.289
-57.872
-57.494
-57.158
-56.868
-56.626
-56.435
-56.298
-56.216
-56.191
-56.225
-56.318
-56.472
-56.685
-56.959
-57.292
-57.683
-58.131
-58.634
-59.19
-59.796
-60.448
-61.144
-61.879
-62.649
-63.449
-64.274
-65.12
-65.98
-66.849
-67.721
-68.591
-69.452
-70.298
-71.122
-71.919
-72.681
-73.402
-74.076
-74.697
-75.26
-75.759
-76.188
-76.544
-76.822
-77.018
-77.128
-77.15
-77.081
-76.919
-76.662
-76.31
-75.861
-75.317
-74.679
-73.947
-73.124
-72.212
-71.214
-70.135
-68.978
-67.748
-66.45
-65.089
-63.671
-62.203
-60.691
-59.143
-57.565
-55.965
-54.35
-52.728
-51.107
-49.492
-47.893
-46.315
-44.766
-43.253
-41.782
-40.359
-38.992
-37.686
-36.446
-35.277
-34.185
-33.174
-32.247
-31.409
-30.662
-30.009
-29.452
-28.994
-28.634
-28.374
-28.214
-28.153
-28.192
-28.328
-28.56
-28.885
-29.3
-29.803
-30.388
-31.052
-31.79
-32.596
-33.466
-34.392
-35.369
-36.39
-37.448
-38.535
-39.644
-40.766
-41.893
-43.017
-44.129
-45.219
-46.277
-47.295
-48.263
-49.171
-50.01
-50.77
-51.442
-52.017
-52.485
-52.838
-53.067
-53.163
-53.118
-52.925
-52.578
-52.07
-51.397
-50.555
-49.542
-48.355
-46.994
-45.457
-43.747
-41.864
-39.811
-37.594
-35.219
-32.693
-30.026
-27.231
-24.321
-21.314
-18.227
-15.08
-11.896
-8.698
-5.513
-2.369
0.706
3.685
6.539
9.238
11.757
14.068
16.147
17.973
19.526
20.787
21.736
22.357
22.641
22.59
22.204
21.49
20.448
19.072
17.365
15.33
12.965
10.272
7.251
3.906
0.256
-3.65
-7.754
-11.998
-16.331
-20.733
-25.186
-29.661
-34.105
-38.438
-42.591
-46.488
-50.077
-53.263
-55.894
-57.941
-59.515
-60.871
-62.454
-64.653
-67.673
-71.806
-77.43
-84.523
-92.853
-101.862
-110.347
-117.38
-122.44
-124.675
-123.31
-118.301
-109.838
-98.792
-87.214
-76.642
-68.301
-64.258
-66.345
-75.587
-92.623
-116.996
-146.808
-180.296
-215.488
-247.632
-270.255
-277.758
-264.472
-228.39
-173.307
-100.552
-10.234
98.027
232.032
396.467
590.504
813.532
1053.963
1293.305
1510.021
1671.976
1749.617
1724.291
1591.021
1368.396
1089.929
792.116
508.918
260.629
56.045
-100.51
-211.677
-279.46
-306.473
-303.27
-280.11
-249.975
-225.483
-208.516
-196.212
-181.232
-156.19
-121.749
-83.657
-50.513
-28.871
-19.737
-20.705
-27.7
-37.898
-50.025
-62.792
-74.807
-84.316
-90.056
-91.865
-90.101
-85.306
-78.204
-69.654
-60.814
-53.061
-47.196
-43.405
-41.584
-41.317
-42.16
-43.704
-45.356
-46.485
-46.774
-46.15
-44.697
-42.67
-40.245
-37.531
-34.668
-31.76
-28.844
-25.915
-22.949
-19.932
-16.903
-13.933
-11.09
-8.427
-5.948
-3.627
-1.411
0.791
3.058
5.462
8.052
10.833
13.78
16.839
19.965
23.13
26.323
29.554
32.84
36.203
39.661
43.233
46.922
50.711
54.585
58.53
62.545
66.648
70.868
75.248
79.828
84.642
89.717
95.066
100.697
106.605
112.779
119.2
125.851
132.716
139.782
147.034
154.45
162.007
169.674
177.419
185.204
192.991
200.74
208.413
215.972
223.378
230.598
237.596
244.338
250.791
256.919
262.688
268.062
273.01
277.5
281.5
284.983
287.923
290.298
292.087
293.275
293.847
293.794
293.107
291.785
289.824
287.229
284.005
280.16
275.705
270.655
265.028
258.844
252.127
244.901
237.195
229.04
220.468
211.514
202.212
192.6
182.716
172.598
162.286
151.819
141.237
130.581
119.89
109.204
98.561
87.998
77.551
67.255
57.142
47.244
37.589
28.204
19.115
10.345
1.913
-6.16
-13.861
-21.173
-28.088
-34.595
-40.689
-46.367
-51.626
-56.468
-60.897
-64.918
-68.539
-71.769
-74.619
-77.103
-79.235
-81.03
-82.505
-83.677
-84.565
-85.187
-85.563
-85.711
-85.653
-85.407
-84.992
-84.429
-83.735
-82.929
-82.029
-81.053
-80.017
-78.938
-77.83
-76.709
-75.588
-74.479
-73.395
-72.345
-71.339
-70.386
-69.492
-68.664
-67.906
-67.223
-66.618
-66.092
-65.647
-65.284
-65.002
-64.801
-64.679
-64.635
-64.666
-64.771
-64.945
-65.187
-65.493
-65.86
-66.284
-66.761
-67.288
-67.859
-68.472
-69.12
-69.8
-70.508
-71.237
-71.985
-72.746
-73.515
-74.289
-75.063
-75.833
-76.596
-77.349
-78.087
-78.808
-79.51
-80.189
-80.844
-81.472
-82.072
-82.641
-83.177
-83.68
-84.148
-84.579
-84.971
-85.325
-85.639
-85.912
-86.143
-86.333
-86.482
-86.59
-86.657
-86.684
-86.673
-86.625
-86.541
-86.424
-86.275
-86.096
-85.89
-85.659
-85.405
-85.131
-84.838
-84.529
-84.206
-83.871
-83.526
-83.174
-82.816
-82.454
-82.09
-81.726
-81.364
-81.005
-80.651
-80.304
-79.966
-79.637
-79.319
-79.012
-78.719
-78.439
-78.173
-77.922
-77.685
-77.463
-77.256
-77.063
-76.884
-76.719
-76.567
-76.429
-76.302
-76.188
-76.085
-75.993
-75.912
-75.842
-75.783
-75.734
-75.696
-75.669
-75.653
-75.649
-75.656
-75.675
-75.707
-75.753
-75.812
-75.885
-75.973
-76.076
-76.195
-76.33
-76.481
-76.647
-76.829
-77.027
-77.241
-77.469
-77.712
-77.968
-78.237
-78.517
-78.807
-79.106
-79.41
-79.718
-80.026
-80.331
-80.631
-80.921
-81.198
-81.457
-81.694
-81.904
-82.082
-82.223
-82.321
-82.37
-82.366
-82.301
-82.172
-81.972
-81.697
-81.342
-80.904
-80.379
-79.764
-79.057
-78.256
-77.36
-76.369
-75.285
-74.11
-72.846
-71.497
-70.069
-68.572
-67.014
-65.408
-63.766
-62.103
-60.434
-58.778
-57.151
-55.572
-54.057
-52.624
-51.292
-50.083
-49.012
-48.099
-47.36
-46.807
-46.463
-46.348
-46.475
-46.855
-47.495
-48.4
-49.585
-51.068
-52.857
-54.963
-57.389
-60.135
-63.212
-66.621
-70.352
-74.383
-78.654
-83.095
-87.654
-92.272
-96.881
-101.409
-105.751
-109.802
-113.496
-116.773
-119.577
-121.844
-123.494
-124.494
-124.864
-124.673
-124.067
-123.152
-122.012
-120.892
-120.108
-119.999
-120.977
-123.281
-126.981
-132.306
-139.457
-148.15
-157.921
-168.07
-177.315
-184.895
-190.509
-193.243
-193.744
-193.481
-192.108
-190.92
-189.676
-186.786
-186.634
-192.635
-207.445
-233.652
-265.06
-293.542
-313.215
-317.414
-300.61
-258.469
-184.056
-71.638
74.078
243.634
425.418
605.903
782.456
960.394
1139.882
1315.041
1468.362
1566.552
1581.15
1499.536
1323.1
1077.31
797.828
515.229
259.386
49.17
-108.535
-213.51
-276.536
-313.465
-337.894
-356.769
-369.079
-369.601
-354.189
-324.647
-286.637
-246.666
-210.228
-179.654
-156.166
-140.669
-132.729
-131.472
-135.584
-143.1
-152.502
-162.371
-170.555
-175.152
-175.218
-170.509
-161.543
-149.324
-134.738
-118.816
-103.106
-89.101
-77.706
-69.306
-63.803
-60.829
-60.027
-60.99
-63.091
-65.637
-68.194
-70.569
-72.754
-74.849
-76.879
-78.778
-80.505
-82.063
-83.426
-84.545
-85.337
-85.66
-85.453
-84.734
-83.55
-81.978
-80.055
-77.773
-75.125
-72.117
-68.762
-65.089
-61.133
-56.902
-52.427
-47.761
-42.975
-38.165
-33.393
-28.675
-24.009
-19.375
-14.76
-10.16
-5.561
-0.932
3.752
8.514
13.37
18.323
23.387
28.593
33.98
39.602
45.5
51.695
58.196
64.999
72.091
79.445
87.018
94.753
102.593
110.494
118.423
126.364
134.308
142.244
150.164
158.043
165.843
173.529
181.07
188.443
195.632
202.641
209.489
216.21
222.849
229.424
235.933
242.338
248.567
254.531
260.125
265.261
269.88
273.928
277.36
280.13
282.195
283.493
283.957
283.498
282.015
279.433
275.714
270.865
264.947
258.053
250.312
241.84
232.734
223.082
212.959
202.434
191.579
180.469
169.187
157.837
146.547
135.429
124.574
114.037
103.836
93.96
84.37
75.033
65.927
57.038
48.371
39.933
31.739
23.806
16.153
8.779
1.669
-5.192
-11.819
-18.21
-24.352
-30.219
-35.776
-40.993
-45.841
-50.304
-54.374
-58.052
-61.346
-64.272
-66.853
-69.107
-71.047
-72.687
-74.039
-75.118
-75.942
-76.535
-76.918
-77.118
-77.159
-77.065
-76.858
-76.559
-76.183
-75.747
-75.261
-74.738
-74.19
-73.627
-73.063
-72.509
-71.975
-71.473
-71.01
-70.596
-70.237
-69.939
-69.703
-69.534
-69.432
-69.397
-69.43
-69.528
-69.689
-69.911
-70.19
-70.521
-70.901
-71.324
-71.786
-72.281
-72.804
-73.35
-73.912
-74.486
-75.067
-75.651
-76.231
-76.805
-77.37
-77.92
-78.455
-78.969
-79.462
-79.929
-80.369
-80.78
-81.16
-81.508
-81.824
-82.106
-82.355
-82.573
-82.76
-82.917
-83.048
-83.153
-83.236
-83.299
-83.346
-83.379
-83.401
-83.417
-83.429
-83.44
-83.454
-83.475
-83.504
-83.545
-83.601
-83.672
-83.762
-83.87
-83.999
-84.147
-84.317
-84.506
-84.715
-84.944
-85.192
-85.458
-85.74
-86.037
-86.347
-86.668
-86.997
-87.33
-87.664
-87.993
-88.314
-88.621
-88.91
-89.174
-89.407
-89.603
-89.756
-89.858
-89.903
-89.883
-89.791
-89.62
-89.364
-89.016
-88.571
-88.026
-87.375
-86.616
-85.746
-84.763
-83.664
-82.448
-81.114
-79.663
-78.095
-76.412
-74.619
-72.72
-70.723
-68.636
-66.471
-64.239
-61.956
-59.638
-57.305
-54.979
-52.681
-50.433
-48.258
-46.177
-44.213
-42.385
-40.712
-39.21
-37.894
-36.778
-35.876
-35.201
-34.758
-34.543
-34.551
-34.775
-35.209
-35.854
-36.709
-37.777
-39.062
-40.57
-42.31
-44.289
-46.499
-48.912
-51.482
-54.16
-56.903
-59.693
-62.518
-65.359
-68.166
-70.869
-73.397
-75.669
-77.627
-79.173
-80.14
-80.496
-80.334
-79.888
-79.599
-79.86
-80.875
-82.969
-86.554
-91.617
-97.94
-104.967
-111.487
-116.605
-119.835
-120.286
-117.127
-110.299
-100.009
-87.239
-74.21
-62.556
-53.58
-49.549
-52.586
-63.953
-84.468
-113.641
-149.204
-189.118
-231.173
-269.853
-297.826
-308.967
-296.921
-260.564
-205.064
-130.507
-36.154
80.974
230.844
413.181
622.264
851.583
1084.711
1308.389
1506.779
1653.227
1723.54
1696.068
1562.587
1340.034
1058.954
757.201
469.606
215.942
8.716
-144.158
-240.91
-281.521
-275.953
-246.146
-214.669
-199.276
-205.559
-223.098
-235.774
-232.194
-209.317
-174.285
-139.622
-113.78
-99.331
-94.264
-93.498
-93.875
-94.971
-96.77
-99.115
-100.777
-99.964
-95.891
-88.77
-79.217
-67.8
-55.065
-41.747
-29.028
-18.304
-10.368
-5.37
-3.112
-3.206
-5.284
-9
-13.81
-19.014
-24.146
-28.977
-33.406
-37.451
-41.046
-44.001
-46.177
-47.525
-48.021
-47.675
-46.51
-44.517
-41.741
-38.283
-34.247
-29.749
-24.869
-19.642
-14.098
-8.289
-2.287
3.803
9.861
15.818
21.624
27.244
32.667
37.881
42.893
47.737
52.461
57.105
61.7
66.265
70.814
75.373
79.978
84.673
89.507
94.517
99.73
105.167
110.837
116.748
122.904
129.3
135.931
142.787
149.845
157.08
164.462
171.954
179.523
187.125
194.705
202.22
209.636
216.936
224.125
231.193
238.115
244.853
251.354
257.582
263.525
269.171
274.514
279.552
284.276
288.701
292.872
296.795
300.447
303.763
306.628
308.964
310.724
311.875
312.411
312.306
311.513
310
307.745
304.717
300.89
296.206
290.564
283.929
276.318
267.801
258.518
248.574
238.04
226.99
215.484
203.593
191.403
178.98
166.363
153.617
140.815
128.058
115.493
103.212
91.26
79.65
68.344
57.326
46.607
36.188
26.068
16.25
6.734
-2.459
-11.287
-19.727
-27.774
-35.439
-42.757
-49.746
-56.397
-62.698
-68.617
-74.134
-79.244
-83.934
-88.192
-92.014
-95.403
-98.376
-100.964
-103.193
-105.079
-106.639
-107.883
-108.827
-109.492
-109.901
-110.078
-110.046
-109.827
-109.447
-108.934
-108.31
-107.597
-106.812
-105.966
-105.074
-104.149
-103.206
-102.256
-101.31
-100.379
-99.474
-98.605
-97.781
-97.009
-96.294
-95.638
-95.046
-94.518
-94.054
-93.655
-93.318
-93.043
-92.828
-92.67
-92.566
-92.513
-92.508
-92.547
-92.625
-92.738
-92.882
-93.053
-93.246
-93.459
-93.686
-93.927
-94.179
-94.438
-94.704
-94.975
-95.249
-95.526
-95.804
-96.083
-96.361
-96.64
-96.922
-97.206
-97.496
-97.793
-98.101
-98.421
-98.758
-99.114
-99.491
-99.892
-100.319
-100.776
-101.264
-101.787
-102.346
-102.944
-103.582
-104.262
-104.983
-105.747
-106.553
-107.4
-108.287
-109.211
-110.172
-111.167
-112.194
-113.248
-114.328
-115.428
-116.544
-117.671
-118.802
-119.932
-121.051
-122.155
-123.233
-124.279
-125.284
-126.24
-127.139
-127.972
-128.732
-129.409
-129.995
-130.481
-130.859
-131.121
-131.26
-131.27
-131.144
-130.878
-130.468
-129.911
-129.204
-128.346
-127.334
-126.169
-124.851
-123.38
-121.762
-119.998
-118.097
-116.068
-113.921
-111.673
-109.335
-106.925
-104.46
-101.96
-99.446
-96.941
-94.467
-92.048
-89.71
-87.477
-85.376
-83.431
-81.665
-80.097
-78.744
-77.621
-76.742
-76.121
-75.767
-75.681
-75.865
-76.32
-77.049
-78.057
-79.341
-80.897
-82.723
-84.81
-87.15
-89.734
-92.533
-95.517
-98.648
-101.87
-105.146
-108.439
-111.713
-114.954
-118.117
-121.147
-124.001
-126.61
-128.909
-130.88
-132.457
-133.573
-134.317
-134.829
-135.378
-136.419
-138.301
-141.301
-145.778
-151.914
-159.61
-168.593
-178.11
-187.063
-194.523
-199.495
-200.953
-198.393
-191.755
-181.473
-168.896
-155.735
-143.783
-135.34
-132.618
-137.308
-150.574
-172.453
-202.046
-237.077
-272.752
-303.282
-322.781
-327.771
-320.286
-302.424
-272.119
-222.477
-139.784
-12.525
159.095
367.385
597.895
833.708
1063.745
1273.069
1440.377
1541.748
1552.31
1461.368
1277.165
1025.287
741.601
459.132
203.709
-11.067
-178.813
-297.949
-371.543
-403.906
-406.288
-391.661
-372.971
-361.003
-356.496
-355.313
-349.382
-331.616
-302.269
-266.022
-231.188
-204.509
-187.699
-179.357
-175.889
-174.561
-174.817
-176.353
-178.529
-180.209
-179.765
-176.434
-170.502
-162.517
-153.046
-142.738
-132.357
-122.886
-115.516
-110.897
-109.041
-109.725
-112.509
-116.918
-122.495
-128.628
-134.609
-139.928
-144.314
-147.618
-149.809
-150.87
-150.762
-149.52
-147.235
-143.993
-139.88
-134.988
-129.409
-123.253
-116.67
-109.807
-102.803
-95.806
-88.921
-82.23
-75.804
-69.685
-63.897
-58.453
-53.35
-48.568
-44.084
-39.869
-35.883
-32.09
-28.444
-24.888
-21.364
-17.805
-14.16
-10.393
-6.47
-2.37
1.93
6.444
11.176
16.125
21.294
26.696
32.346
38.254
44.413
50.807
57.408
64.188
71.124
78.183
85.324
92.518
99.74
106.983
114.265
121.584
128.925
136.254
143.516
150.675
157.72
164.638
171.423
178.072
184.57
190.93
197.196
203.369
209.421
215.284
220.836
225.993
230.699
234.911
238.613
241.769
244.319
246.221
247.439
247.932
247.662
246.558
244.51
241.471
237.446
232.492
226.737
220.275
213.165
205.471
197.246
188.551
179.466
170.048
160.331
150.375
140.245
130.041
119.901
109.915
100.128
90.551
81.148
71.906
62.837
53.946
45.237
36.72
28.399
20.301
12.477
4.955
-2.251
-9.142
-15.748
-22.073
-28.105
-33.821
-39.183
-44.163
-48.75
-52.924
-56.666
-59.967
-62.824
-65.247
-67.263
-68.892
-70.146
-71.039
-71.577
-71.774
-71.65
-71.227
-70.528
-69.577
-68.398
-67.018
-65.469
-63.776
-61.965
-60.057
-58.071
-56.027
-53.945
-51.846
-49.747
-47.667
-45.624
-43.635
-41.716
-39.882
-38.145
-36.517
-35.005
-33.617
-32.36
-31.237
-30.252
-29.408
-28.705
-28.144
-27.724
-27.442
-27.295
-27.28
-27.39
-27.619
-27.962
-28.409
-28.952
-29.583
-30.293
-31.072
-31.911
-32.799
-33.728
-34.688
-35.668
-36.66
-37.654
-38.642
-39.614
-40.563
-41.481
-42.364
-43.204
-43.997
-44.739
-45.427
-46.058
-46.629
-47.14
-47.589
-47.976
-48.301
-48.565
-48.77
-48.918
-49.011
-49.052
-49.045
-48.992
-48.899
-48.769
-48.605
-48.412
-48.196
-47.96
-47.71
-47.451
-47.188
-46.927
-46.671
-46.427
-46.198
-45.988
-45.802
-45.644
-45.515
-45.418
-45.357
-45.333
-45.346
-45.399
-45.49
-45.621
-45.79
-45.996
-46.237
-46.511
-46.816
-47.149
-47.508
-47.89
-48.292
-48.711
-49.145
-49.588
-50.039
-50.492
-50.944
-51.388
-51.821
-52.236
-52.629
-52.992
-53.32
-53.607
-53.847
-54.034
-54.16
-54.22
-54.208
-54.118
-53.944
-53.681
-53.325
-52.873
-52.321
-51.668
-50.911
-50.052
-49.089
-48.021
-46.85
-45.576
-44.199
-42.723
-41.149
-39.481
-37.724
-35.888
-33.981
-32.014
-30.001
-27.954
-25.886
-23.813
-21.751
-19.718
-17.729
-15.803
-13.959
-12.216
-10.595
-9.116
-7.796
-6.65
-5.687
-4.917
-4.347
-3.98
-3.821
-3.876
-4.146
-4.641
-5.367
-6.328
-7.528
-8.97
-10.644
-12.542
-14.644
-16.921
-19.347
-21.894
-24.526
-27.211
-29.898
-32.535
-35.076
-37.469
-39.681
-41.683
-43.414
-44.814
-45.848
-46.489
-46.802
-46.864
-46.672
-46.334
-46.055
-46.115
-47.027
-49.229
-52.812
-57.88
-64.559
-72.609
-81.722
-91.226
-99.616
-105.6
-108.584
-108.06
-103.876
-96.558
-86.607
-75.369
-65.764
-60.412
-61.004
-68.99
-84.83
-108.006
-138.123
-171.772
-201.968
-222.58
-227.363
-214.433
-187.916
-147.425
-91.298
-14.312
95.875
241.242
418.52
621.844
833.648
1040.563
1227.316
1368.847
1443.307
1428.545
1312.896
1107.993
841.862
556.224
292.471
77.75
-76.989
-178.91
-242.756
-281.073
-302.245
-307.606
-298.106
-279.714
-259.967
-245.899
-239.13
-233.286
-221.396
-200.289
-172.354
-145.567
-125.838
-114.326
-109.084
-106.164
-103.552
-101.267
-99.205
-96.734
-92.647
-86.097
-77.237
-66.768
-55.28
-43.244
-31.17
-19.916
-10.629
-3.976
-0.095
1.186
0.278
-2.427
-6.577
-11.632
-16.966
-22.155
-26.899
-30.985
-34.345
-36.867
-38.447
-39.089
-38.815
-37.645
-35.625
-32.788
-29.192
-24.955
-20.2
-15.042
-9.596
-3.951
1.788
7.486
13.044
18.384
23.45
28.227
32.698
36.844
40.674
44.213
47.495
50.574
53.491
56.28
58.984
61.645
64.314
67.054
69.911
72.918
76.104
79.489
83.089
86.923
90.997
95.307
99.85
104.622
109.619
114.843
120.287
125.941
131.79
137.817
144.003
150.333
156.787
163.341
169.974
176.659
183.371
190.086
196.777
203.411
209.956
216.378
222.643
228.716
234.561
240.145
245.431
250.388
254.983
259.187
262.97
266.304
269.164
271.527
273.37
274.674
275.424
275.605
275.205
274.218
272.638
270.463
267.695
264.337
260.397
255.885
250.814
245.202
239.068
232.433
225.324
217.767
209.792
201.431
192.717
183.686
174.372
164.813
155.048
145.115
135.052
124.898
114.692
104.472
94.275
84.139
74.099
64.189
54.442
44.891
35.563
26.488
17.69
9.194
1.02
-6.812
-14.286
-21.389
-28.11
-34.44
-40.374
-45.908
-51.043
-55.78
-60.124
-64.08
-67.658
-70.867
-73.719
-76.228
-78.409
-80.278
-81.852
-83.149
-84.189
-84.991
-85.574
-85.959
-86.165
-86.213
-86.121
-85.91
-85.599
-85.205
-84.746
-84.239
-83.7
-83.145
-82.585
-82.035
-81.506
-81.006
-80.546
-80.131
-79.768
-79.462
-79.216
-79.034
-78.915
-78.862
-78.874
-78.95
-79.088
-79.287
-79.544
-79.856
-80.219
-80.631
-81.087
-81.585
-82.12
-82.69
-83.291
-83.919
-84.571
-85.245
-85.938
-86.646
-87.367
-88.1
-88.842
-89.592
-90.348
-91.111
-91.878
-92.651
-93.429
-94.213
-95.004
-95.803
-96.61
-97.425
-98.251
-99.088
-99.936
-100.796
-101.668
-102.551
-103.447
-104.353
-105.268
-106.192
-107.122
-108.054
-108.987
-109.916
-110.838
-111.749
-112.645
-113.52
-114.371
-115.193
-115.981
-116.73
-117.436
-118.093
-118.696
-119.241
-119.72
-120.13
-120.463
-120.716
-120.883
-120.959
-120.939
-120.821
-120.598
-120.269
-119.829
-119.275
-118.604
-117.815
-116.906
-115.875
-114.722
-113.449
-112.058
-110.55
-108.93
-107.2
-105.366
-103.432
-101.402
-99.281
-97.076
-94.793
-92.439
-90.023
-87.555
-85.046
-82.51
-79.961
-77.414
-74.885
-72.39
-69.948
-67.58
-65.305
-63.141
-61.107
-59.221
-57.502
-55.966
-54.631
-53.505
-52.599
-51.92
-51.475
-51.277
-51.327
-51.621
-52.15
-52.903
-53.872
-55.061
-56.469
-58.09
-59.925
-61.972
-64.228
-66.698
-69.373
-72.221
-75.201
-78.251
-81.32
-84.375
-87.391
-90.36
-93.256
-96.013
-98.574
-100.867
-102.818
-104.396
-105.528
-106.108
-106.173
-105.873
-105.497
-105.543
-106.399
-108.294
-111.528
-116.258
-122.365
-129.615
-137.293
-144.257
-149.645
-152.671
-152.565
-149.102
-142.427
-132.928
-121.918
-111.203
-102.362
-97.283
-97.933
-105.621
-121.184
-144.948
-175.002
-207.779
-239.889
-266.787
-286.183
-298.848
-303.367
-297.335
-273.375
-219.129
-126.36
8.408
179.114
372.697
578.077
785.38
988.347
1177.314
1333.93
1434.32
1453.393
1379.093
1215.75
985.998
724.617
462.298
225.197
26.381
-130.847
-243.214
-312.857
-340.176
-329.856
-295.178
-250.453
-213.777
-195.013
-192.39
-198.07
-197.76
-184.152
-159.168
-129.468
-105.712
-92.861
-89.939
-94.363
-101.991
-110.741
-120.26
-129.215
-136.222
-140.46
-141.45
-139.429
-135.056
-128.804
-121.237
-113.453
-106.686
-101.667
-98.652
-97.495
-97.784
-99.175
-101.356
-103.807
-105.91
-107.273
-107.713
-107.214
-105.9
-103.849
-101.09
-97.702
-93.802
-89.487
-84.842
-79.93
-74.781
-69.463
-64.068
-58.685
-53.406
-48.288
-43.357
-38.627
-34.1
-29.767
-25.617
-21.631
-17.78
-14.039
-10.386
-6.799
-3.256
0.272
3.817
7.412
11.092
14.885
18.813
22.894
27.147
31.583
36.215
41.05
46.095
51.355
56.838
62.548
68.488
74.66
81.06
87.683
94.522
101.565
108.799
116.205
123.764
131.453
139.247
147.12
155.041
162.98
170.904
178.777
186.563
194.226
201.725
209.023
216.081
222.858
229.318
235.422
241.133
246.417
251.24
255.572
259.382
262.644
265.333
267.427
268.907
269.758
269.967
269.523
268.421
266.658
264.236
261.159
257.434
253.074
248.094
242.511
236.347
229.627
222.376
214.625
206.407
197.755
188.706
179.299
169.574
159.572
149.334
138.904
128.325
117.639
106.889
96.118
85.368
74.68
64.092
53.644
43.372
33.31
23.492
13.948
4.707
-4.207
-12.768
-20.957
-28.756
-36.148
-43.121
-49.664
-55.771
-61.435
-66.656
-71.433
-75.768
-79.668
-83.14
-86.192
-88.837
-91.087
-92.956
-94.463
-95.623
-96.456
-96.981
-97.219
-97.192
-96.92
-96.426
-95.73
-94.856
-93.823
-92.653
-91.365
-89.979
-88.514
-86.987
-85.416
-83.815
-82.2
-80.585
-78.981
-77.401
-75.853
-74.347
-72.892
-71.493
-70.156
-68.887
-67.689
-66.565
-65.517
-64.546
-63.653
-62.838
-62.099
-61.436
-60.844
-60.323
-59.869
-59.478
-59.148
-58.873
-58.652
-58.48
-58.354
-58.27
-58.226
-58.218
-58.243
-58.299
-58.384
-58.496
-58.633
-58.793
-58.976
-59.182
-59.408
-59.656
-59.924
-60.212
-60.521
-60.849
-61.197
-61.563
-61.949
-62.354
-62.778
-63.221
-63.683
-64.165
-64.666
-65.186
-65.726
-66.286
-66.864
-67.46
-68.074
-68.706
-69.354
-70.018
-70.696
-71.387
-72.09
-72.803
-73.523
-74.25
-74.979
-75.71
-76.439
-77.163
-77.882
-78.591
-79.289
-79.974
-80.643
-81.296
-81.929
-82.543
-83.134
-83.702
-84.245
-84.762
-85.253
-85.715
-86.149
-86.553
-86.927
-87.271
-87.584
-87.865
-88.115
-88.334
-88.522
-88.68
-88.809
-88.909
-88.982
-89.029
-89.052
-89.054
-89.037
-89.003
-88.954
-88.894
-88.825
-88.749
-88.669
-88.587
-88.505
-88.425
-88.349
-88.277
-88.212
-88.154
-88.103
-88.062
-88.03
-88.007
-87.994
-87.99
-87.994
-88.007
-88.027
-88.052
-88.079
-88.106
-88.131
-88.148
-88.155
-88.147
-88.118
-88.063
-87.976
-87.85
-87.677
-87.45
-87.162
-86.804
-86.369
-85.85
-85.24
-84.532
-83.722
-82.804
-81.772
-80.624
-79.355
-77.962
-76.442
-74.794
-73.019
-71.116
-69.088
-66.94
-64.678
-62.312
-59.852
-57.308
-54.695
-52.028
-49.326
-46.61
-43.901
-41.22
-38.588
-36.028
-33.563
-31.217
-29.011
-26.963
-25.092
-23.415
-21.948
-20.713
-19.724
-18.986
-18.5
-18.265
-18.284
-18.568
-19.127
-19.968
-21.096
-22.517
-24.233
-26.251
-28.559
-31.129
-33.914
-36.85
-39.882
-42.972
-46.089
-49.213
-52.305
-55.29
-58.088
-60.619
-62.796
-64.561
-65.849
-66.572
-66.774
-66.62
-66.384
-66.479
-67.286
-69.068
-72.039
-76.345
-81.866
-88.309
-95.178
-101.717
-107.199
-110.928
-112.397
-111.387
-108.084
-103.022
-96.92
-90.688
-85.462
-82.832
-84.145
-90.297
-101.804
-118.444
-139.727
-165.324
-192.979
-217.399
-233.44
-236.031
-222.502
-196.307
-159.804
-110.435
-43.075
53.029
188.564
362.978
570.465
801.111
1037.318
1264.478
1464.2
1609.09
1675.169
1642.353
1505.09
1280.452
997.82
695.988
410.584
165.968
-20.006
-144.882
-216.076
-244.367
-250.529
-250.167
-249.462
-252.611
-253.184
-243.091
-221.867
-189.353
-150.515
-114.206
-84.632
-64.539
-54.26
-50.475
-50.779
-53.613
-58.057
-63.864
-70.108
-75.376
-78.269
-78.133
-75.238
-70.164
-63.412
-55.6
-47.489
-40.018
-34.371
-31.146
-30.307
-31.606
-34.533
-38.563
-43.254
-48.017
-52.203
-55.44
-57.567
-58.53
-58.424
-57.286
-55.081
-51.869
-47.736
-42.774
-37.109
-30.863
-24.178
-17.22
-10.158
-3.141
3.721
10.363
16.751
22.86
28.692
34.239
39.484
44.427
49.06
53.392
57.45
61.273
64.919
68.449
71.921
75.391
78.906
82.499
86.194
90.007
93.943
98.011
102.225
106.601
111.154
115.9
120.843
125.992
131.356
136.942
142.755
148.789
155.022
161.437
168.02
174.754
181.622
188.598
195.645
202.739
209.87
217.025
224.195
231.352
238.446
245.43
252.258
258.899
265.345
271.573
277.543
283.233
288.629
293.726
298.54
303.039
307.143
310.781
313.885
316.41
318.347
319.674
320.366
320.391
319.708
318.294
316.155
313.269
309.597
305.101
299.721
293.468
286.426
278.665
270.254
261.248
251.67
241.568
231.009
220.048
208.741
197.133
185.251
173.156
160.934
148.671
136.467
124.372
112.379
100.496
88.74
77.133
65.714
54.505
43.511
32.753
22.268
12.093
2.269
-7.185
-16.272
-24.995
-33.359
-41.354
-48.949
-56.124
-62.867
-69.169
-75.027
-80.435
-85.38
-89.865
-93.91
-97.53
-100.748
-103.578
-106.029
-108.113
-109.846
-111.246
-112.334
-113.132
-113.657
-113.93
-113.973
-113.81
-113.464
-112.955
-112.3
-111.516
-110.619
-109.625
-108.552
-107.414
-106.225
-104.997
-103.743
-102.478
-101.212
-99.955
-98.715
-97.501
-96.32
-95.177
-94.076
-93.023
-92.02
-91.07
-90.174
-89.336
-88.556
-87.835
-87.174
-86.573
-86.032
-85.551
-85.127
-84.761
-84.449
-84.189
-83.98
-83.82
-83.705
-83.633
-83.602
-83.609
-83.653
-83.73
-83.838
-83.972
-84.131
-84.312
-84.511
-84.726
-84.954
-85.192
-85.438
-85.69
-85.946
-86.203
-86.458
-86.71
-86.955
-87.191
-87.417
-87.63
-87.829
-88.011
-88.177
-88.325
-88.456
-88.568
-88.663
-88.741
-88.802
-88.848
-88.88
-88.898
-88.907
-88.906
-88.899
-88.888
-88.876
-88.866
-88.861
-88.863
-88.876
-88.904
-88.948
-89.012
-89.099
-89.213
-89.357
-89.533
-89.746
-89.997
-90.289
-90.625
-91.006
-91.434
-91.909
-92.432
-93.004
-93.623
-94.29
-95.002
-95.759
-96.558
-97.396
-98.27
-99.178
-100.115
-101.078
-102.062
-103.064
-104.078
-105.102
-106.129
-107.156
-108.177
-109.189
-110.187
-111.165
-112.12
-113.047
-113.941
-114.798
-115.614
-116.386
-117.109
-117.781
-118.399
-118.96
-119.461
-119.902
-120.28
-120.595
-120.846
-121.033
-121.157
-121.218
-121.217
-121.157
-121.038
-120.862
-120.632
-120.35
-120.017
-119.637
-119.211
-118.742
-118.232
-117.683
-117.099
-116.48
-115.83
-115.151
-114.445
-113.714
-112.96
-112.187
-111.396
-110.589
-109.769
-108.937
-108.097
-107.25
-106.398
-105.544
-104.687
-103.832
-102.977
-102.126
-101.279
-100.438
-99.603
-98.776
-97.957
-97.148
-96.35
-95.564
-94.792
-94.035
-93.295
-92.575
-91.875
-91.199
-90.549
-89.926
-89.335
-88.776
-88.253
-87.767
-87.32
-86.916
-86.554
-86.237
-85.967
-85.744
-85.569
-85.442
-85.365
-85.335
-85.354
-85.42
-85.533
-85.689
-85.889
-86.13
-86.41
-86.726
-87.075
-87.454
-87.859
-88.285
-88.727
-89.179
-89.634
-90.086
-90.525
-90.946
-91.34
-91.698
-92.011
-92.271
-92.469
-92.595
-92.64
-92.596
-92.452
-92.201
-91.833
-91.343
-90.723
-89.968
-89.074
-88.035
-86.85
-85.514
-84.027
-82.386
-80.591
-78.643
-76.543
-74.296
-71.907
-69.384
-66.736
-63.976
-61.118
-58.179
-55.177
-52.134
-49.073
-46.018
-42.996
-40.031
-37.152
-34.384
-31.752
-29.28
-26.992
-24.906
-23.042
-21.417
-20.045
-18.942
-18.115
-17.563
-17.283
-17.268
-17.513
-18.023
-18.796
-19.834
-21.141
-22.721
-24.58
-26.72
-29.13
-31.775
-34.609
-37.582
-40.648
-43.778
-46.95
-50.138
-53.296
-56.361
-59.264
-61.916
-64.254
-66.201
-67.619
-68.49
-68.901
-69.032
-69.265
-70.006
-71.463
-73.893
-77.649
-82.68
-88.753
-95.441
-101.684
-106.506
-109.432
-109.887
-107.023
-100.536
-90.651
-77.857
-64.86
-55.523
-50.831
-51.006
-54.686
-56.887
-59.236
-68.051
-88.505
-127.571
-180.866
-233.603
-272.979
-288.034
-279.089
-253.696
-212.998
-152.209
-58.715
79.61
262.002
479.374
716.456
956.11
1187.118
1395.007
1560.051
1660.672
1674.521
1592.333
1420.591
1180.947
906.747
630.48
381.651
179.313
28.831
-74.106
-142.631
-190.408
-224.08
-242.347
-241.12
-219.719
-186.267
-155.496
-138.179
-135.914
-140.295
-139.65
-128.178
-108.045
-86.858
-70.936
-61.974
-58.257
-56.998
-57.352
-59.575
-63.463
-68.339
-72.753
-75.737
-77.31
-77.422
-75.932
-72.939
-68.72
-64.077
-60.18
-57.621
-56.444
-56.513
-57.511
-59.133
-61.111
-62.992
-64.215
-64.462
-63.623
-61.727
-58.933
-55.36
-51.09
-46.241
-40.956
-35.357
-29.543
-23.607
-17.616
-11.657
-5.831
-0.214
5.14
10.199
14.955
19.413
23.59
27.511
31.208
34.706
38.025
41.184
44.207
47.117
49.946
52.724
55.484
58.257
61.072
63.957
66.934
70.021
73.233
76.582
80.081
83.743
87.584
91.615
95.851
100.3
104.971
109.87
114.999
120.357
125.938
131.734
137.735
143.926
150.292
156.814
163.47
170.237
177.088
183.996
190.931
197.86
204.75
211.567
218.275
224.837
231.218
237.381
243.289
248.905
254.196
259.126
263.662
267.773
271.428
274.599
277.261
279.39
280.964
281.965
282.378
282.191
281.394
279.982
277.952
275.307
272.049
268.187
263.732
258.698
253.102
246.965
240.309
233.161
225.548
217.502
209.053
200.238
191.091
181.651
171.956
162.045
151.958
141.737
131.421
121.052
110.669
100.311
90.017
79.824
69.77
59.888
50.211
40.772
31.6
22.724
14.167
5.954
-1.895
-9.361
-16.428
-23.084
-29.317
-35.119
-40.486
-45.413
-49.9
-53.949
-57.563
-60.749
-63.515
-65.871
-67.83
-69.405
-70.613
-71.468
-71.991
-72.199
-72.111
-71.748
-71.129
-70.276
-69.208
-67.948
-66.515
-64.93
-63.214
-61.388
-59.47
-57.48
-55.436
-53.356
-51.257
-49.153
-47.061
-44.993
-42.964
-40.985
-39.067
-37.22
-35.453
-33.773
-32.186
-30.698
-29.313
-28.032
-26.858
-25.792
-24.834
-23.982
-23.237
-22.596
-22.058
-21.62
-21.28
-21.033
-20.876
-20.805
-20.816
-20.903
-21.062
-21.287
-21.575
-21.919
-22.315
-22.756
-23.239
-23.757
-24.305
-24.878
-25.47
-26.076
-26.691
-27.311
-27.933
-28.552
-29.166
-29.773
-30.371
-30.958
-31.534
-32.097
-32.647
-33.184
-33.706
-34.213
-34.707
-35.187
-35.655
-36.111
-36.556
-36.992
-37.421
-37.843
-38.26
-38.673
-39.085
-39.497
-39.911
-40.33
-40.756
-41.19
-41.637
-42.099
-42.576
-43.072
-43.588
-44.124
-44.681
-45.259
-45.857
-46.476
-47.113
-47.769
-48.441
-49.128
-49.828
-50.538
-51.257
-51.981
-52.708
-53.434
-54.157
-54.874
-55.582
-56.279
-56.961
-57.626
-58.272
-58.896
-59.497
-60.07
-60.613
-61.124
-61.601
-62.041
-62.442
-62.804
-63.124
-63.403
-63.641
-63.837
-63.994
-64.112
-64.192
-64.236
-64.247
-64.228
-64.18
-64.108
-64.014
-63.903
-63.778
-63.643
-63.501
-63.356
-63.211
-63.069
-62.933
-62.806
-62.69
-62.588
-62.502
-62.435
-62.389
-62.365
-62.367
-62.395
-62.451
-62.536
-62.65
-62.793
-62.966
-63.168
-63.399
-63.658
-63.944
-64.255
-64.59
-64.947
-65.324
-65.719
-66.129
-66.551
-66.984
-67.425
-67.871
-68.32
-68.772
-69.223
-69.673
-70.12
-70.564
-71.002
-71.434
-71.859
-72.276
-72.684
-73.083
-73.472
-73.851
-74.219
-74.577
-74.925
-75.263
-75.59
-75.906
-76.213
-76.509
-76.795
-77.072
-77.339
-77.596
-77.845
-78.086
-78.319
-78.544
-78.762
-78.972
-79.175
-79.371
-79.558
-79.737
-79.907
-80.068
-80.218
-80.359
-80.49
-80.61
-80.719
-80.816
-80.901
-80.975
-81.035
-81.084
-81.12
-81.144
-81.156
-81.159
-81.151
-81.136
-81.114
-81.087
-81.055
-81.021
-80.986
-80.951
-80.919
-80.889
-80.864
-80.846
-80.836
-80.835
-80.845
-80.867
-80.901
-80.949
-81.01
-81.083
-81.168
-81.264
-81.371
-81.485
-81.607
-81.734
-81.863
-81.992
-82.116
-82.233
-82.337
-82.423
-82.484
-82.516
-82.511
-82.463
-82.367
-82.214
-81.998
-81.714
-81.355
-80.913
-80.382
-79.756
-79.027
-78.19
-77.241
-76.173
-74.983
-73.67
-72.236
-70.684
-69.015
-67.233
-65.343
-63.355
-61.281
-59.132
-56.921
-54.657
-52.359
-50.047
-47.745
-45.474
-43.253
-41.095
-39.019
-37.047
-35.202
-33.507
-31.97
-30.589
-29.371
-28.333
-27.497
-26.887
-26.512
-26.369
-26.464
-26.819
-27.465
-28.427
-29.706
-31.279
-33.127
-35.237
-37.618
-40.29
-43.241
-46.437
-49.816
-53.298
-56.814
-60.304
-63.68
-66.827
-69.588
-71.769
-73.299
-74.24
-74.736
-75.039
-75.299
-75.508
-75.754
-76.271
-77.185
-78.44
-79.686
-80.179
-79.377
-77.333
-74.322
-70.556
-66.335
-62.005
-58.135
-55.963
-56.663
-60.47
-66.972
-75.578
-85.52
-96.365
-108.179
-120.407
-132.28
-144.052
-156.484
-170.398
-187.033
-205.335
-220.842
-229.57
-227.313
-211.769
-186.615
-153.619
-110.295
-51.304
37.428
169.146
347.079
569.225
821.932
1082.91
1331.527
1541.62
1685.694
1742.932
1697.945
1551.541
1324.356
1047.272
757.463
488.364
259.903
80.727
-50.757
-143.004
-205.214
-244.588
-267.277
-278.645
-281.294
-278.735
-272.229
-258.737
-237.572
-208.104
-172.291
-137.027
-107.465
-87.005
-76.212
-72.09
-72.328
-75.44
-80.369
-86.495
-92.078
-94.95
-94.027
-89.112
-80.651
-69.566
-56.728
-43.03
-29.881
-18.818
-10.722
-5.912
-4.29
-5.401
-8.807
-14.071
-20.498
-27.305
-33.995
-40.246
-45.888
-50.859
-54.981
-58.083
-60.121
-61.108
-61.082
-60.078
-58.1
-55.165
-51.367
-46.829
-41.683
-36.055
-30.017
-23.647
-17.047
-10.333
-3.659
2.863
9.17
15.221
20.992
26.467
31.633
36.503
41.126
45.547
49.811
53.952
57.989
61.95
65.879
69.824
73.845
77.987
82.279
86.746
91.408
96.282
101.38
106.704
112.239
117.978
123.913
130.041
136.361
142.863
149.534
156.356
163.312
170.383
177.548
184.786
192.069
199.373
206.671
213.937
221.145
228.267
235.271
242.124
248.791
255.239
261.432
267.337
272.917
278.14
282.973
287.386
291.351
294.84
297.827
300.289
302.206
303.558
304.329
304.504
304.072
303.025
301.358
299.068
296.156
292.625
288.483
283.738
278.405
272.5
266.04
259.049
251.549
243.569
235.139
226.289
217.054
207.469
197.572
187.401
176.995
166.396
155.643
144.777
133.838
122.868
111.905
100.989
90.159
79.452
68.904
58.55
48.424
38.557
28.979
19.717
10.796
2.24
-5.932
-13.702
-21.055
-27.977
-34.46
-40.495
-46.08
-51.212
-55.893
-60.127
-63.919
-67.28
-70.219
-72.75
-74.887
-76.647
-78.048
-79.108
-79.847
-80.287
-80.45
-80.358
-80.035
-79.504
-78.79
-77.916
-76.906
-75.784
-74.571
-73.29
-71.964
-70.611
-69.252
-67.906
-66.589
-65.317
-64.106
-62.967
-61.913
-60.953
-60.095
-59.346
-58.711
-58.193
-57.796
-57.519
-57.364
-57.329
-57.412
-57.61
-57.919
-58.336
-58.854
-59.467
-60.169
-60.952
-61.809
-62.732
-63.712
-64.742
-65.814
-66.918
-68.047
-69.194
-70.35
-71.509
-72.663
-73.807
-74.935
-76.042
-77.123
-78.176
-79.197
-80.184
-81.136
-82.052
-82.932
-83.775
-84.582
-85.354
-86.091
-86.795
-87.466
-88.107
-88.719
-89.305
-89.866
-90.406
-90.926
-91.431
-91.92
-92.399
-92.867
-93.329
-93.785
-94.237
-94.688
-95.137
-95.587
-96.037
-96.488
-96.94
-97.392
-97.842
-98.29
-98.732
-99.168
-99.593
-100.007
-100.405
-100.785
-101.145
-101.481
-101.792
-102.076
-102.329
-102.549
-102.735
-102.884
-102.994
-103.064
-103.092
-103.078
-103.02
-102.918
-102.772
-102.582
-102.349
-102.074
-101.758
-101.403
-101.01
-100.582
-100.121
-99.63
-99.113
-98.572
-98.012
-97.437
-96.851
-96.258
-95.662
-95.066
-94.475
-93.892
-93.32
-92.761
-92.22
-91.699
-91.201
-90.728
-90.281
-89.863
-89.475
-89.118
-88.792
-88.497
-88.233
-87.999
-87.793
-87.615
-87.462
-87.333
-87.226
-87.139
-87.069
-87.013
-86.968
-86.932
-86.902
-86.875
-86.848
-86.819
-86.785
-86.744
-86.695
-86.635
-86.563
-86.477
-86.377
-86.261
-86.128
-85.977
-85.808
-85.62
-85.415
-85.191
-84.95
-84.694
-84.423
-84.14
-83.846
-83.543
-83.233
-82.92
-82.603
-82.287
-81.974
-81.664
-81.361
-81.067
-80.783
-80.509
-80.248
-80
-79.765
-79.542
-79.333
-79.136
-78.951
-78.778
-78.617
-78.466
-78.325
-78.195
-78.073
-77.96
-77.855
-77.756
-77.663
-77.575
-77.491
-77.409
-77.329
-77.25
-77.171
-77.092
-77.01
-76.926
-76.838
-76.748
-76.654
-76.557
-76.459
-76.36
-76.262
-76.168
-76.08
-76.001
-75.934
-75.881
-75.846
-75.831
-75.839
-75.873
-75.936
-76.029
-76.156
-76.318
-76.517
-76.754
-77.031
-77.347
-77.703
-78.099
-78.534
-79.006
-79.516
-80.061
-80.64
-81.252
-81.894
-82.563
-83.255
-83.968
-84.695
-85.431
-86.171
-86.906
-87.63
-88.334
-89.013
-89.657
-90.259
-90.81
-91.301
-91.725
-92.072
-92.334
-92.502
-92.568
-92.524
-92.364
-92.082
-91.673
-91.134
-90.46
-89.649
-88.7
-87.61
-86.378
-85.002
-83.485
-81.826
-80.028
-78.095
-76.036
-73.858
-71.576
-69.202
-66.752
-64.242
-61.691
-59.119
-56.55
-54.007
-51.511
-49.086
-46.756
-44.547
-42.484
-40.59
-38.881
-37.373
-36.079
-35.011
-34.185
-33.607
-33.276
-33.187
-33.334
-33.716
-34.34
-35.213
-36.33
-37.689
-39.287
-41.121
-43.195
-45.499
-48
-50.658
-53.409
-56.2
-59.002
-61.785
-64.534
-67.219
-69.765
-72.104
-74.17
-75.884
-77.214
-78.092
-78.393
-78.129
-77.448
-76.632
-76.203
-76.653
-78.277
-81.436
-86.433
-93.214
-101.607
-110.924
-119.783
-126.896
-131.112
-131.278
-126.766
-117.59
-104.021
-87.385
-70.11
-54.739
-44.209
-41.294
-47.946
-65.306
-93.614
-131.857
-176.348
-221.203
-260.112
-286.315
-297.247
-294.679
-276.231
-237.729
-169.161
-55.679
103.845
301.656
521.484
740.502
950.697
1150.676
1338.793
1510.216
1642.242
1705.125
1674.501
1539.547
1313.699
1027.947
721.551
431.916
184.016
-8.283
-141.437
-219.908
-250.993
-247.58
-226.998
-205.616
-195.511
-199.755
-211.264
-218.26
-212.426
-191.952
-161.605
-130.527
-105.015
-86.678
-74.479
-65.424
-57.591
-51.185
-46.969
-45.537
-46.54
-49.004
-51.683
-53.26
-53.179
-51.183
-46.994
-40.749
-32.932
-24.133
-15.332
-7.713
-1.839
2.139
4.221
4.726
3.98
2.213
-0.16
-2.634
-4.943
-6.961
-8.647
-10.088
-11.262
-12.075
-12.481
-12.422
-11.864
-10.819
-9.288
-7.283
-4.849
-2.015
1.197
4.759
8.665
12.908
17.477
22.367
27.534
32.913
38.421
43.95
49.424
54.805
60.066
65.207
70.24
75.17
80.015
84.807
89.563
94.3
99.029
103.755
108.496
113.285
118.162
123.179
128.375
133.773
139.39
145.235
151.308
157.607
164.117
170.813
177.676
184.687
191.828
199.082
206.431
213.846
221.299
228.758
236.189
243.559
250.834
257.979
264.959
271.739
278.287
284.57
290.559
296.217
301.513
306.412
310.882
314.894
318.417
321.423
323.886
325.784
327.095
327.804
327.896
327.359
326.185
324.371
321.913
318.814
315.079
310.714
305.73
300.141
293.964
287.219
279.928
272.117
263.814
255.049
245.855
236.268
226.323
216.059
205.515
194.732
183.751
172.613
161.361
150.036
138.681
127.337
116.045
104.843
93.772
82.866
72.163
61.694
51.492
41.586
32.003
22.766
13.899
5.421
-2.652
-10.304
-17.525
-24.304
-30.637
-36.519
-41.949
-46.928
-51.462
-55.556
-59.219
-62.462
-65.299
-67.743
-69.812
-71.522
-72.893
-73.943
-74.694
-75.167
-75.383
-75.365
-75.134
-74.713
-74.124
-73.389
-72.528
-71.562
-70.512
-69.395
-68.23
-67.033
-65.82
-64.607
-63.406
-62.23
-61.091
-59.999
-58.962
-57.988
-57.083
-56.252
-55.498
-54.825
-54.232
-53.722
-53.293
-52.945
-52.675
-52.483
-52.365
-52.318
-52.339
-52.425
-52.57
-52.771
-53.023
-53.322
-53.665
-54.046
-54.463
-54.912
-55.39
-55.893
-56.42
-56.966
-57.529
-58.107
-58.699
-59.3
-59.911
-60.529
-61.154
-61.784
-62.42
-63.061
-63.707
-64.358
-65.012
-65.671
-66.334
-67
-67.669
-68.34
-69.013
-69.686
-70.36
-71.033
-71.704
-72.372
-73.036
-73.694
-74.344
-74.985
-75.613
-76.228
-76.827
-77.408
-77.969
-78.509
-79.026
-79.519
-79.985
-80.424
-80.834
-81.213
-81.561
-81.875
-82.156
-82.401
-82.612
-82.788
-82.929
-83.035
-83.108
-83.148
-83.157
-83.135
-83.084
-83.006
-82.903
-82.777
-82.629
-82.463
-82.28
-82.083
-81.874
-81.656
-81.432
-81.202
-80.969
-80.735
-80.501
-80.268
-80.038
-79.812
-79.591
-79.376
-79.168
-78.966
-78.773
-78.588
-78.411
-78.241
-78.08
-77.925
-77.776
-77.632
-77.493
-77.356
-77.221
-77.086
-76.95
-76.811
-76.668
-76.519
-76.364
-76.202
-76.03
-75.848
-75.657
-75.455
-75.242
-75.019
-74.786
-74.544
-74.295
-74.038
-73.776
-73.509
-73.239
-72.968
-72.697
-72.428
-72.162
-71.9
-71.645
-71.398
-71.161
-70.936
-70.725
-70.53
-70.354
-70.197
-70.061
-69.949
-69.862
-69.802
-69.769
-69.764
-69.788
-69.842
-69.926
-70.038
-70.179
-70.348
-70.543
-70.762
-71.003
-71.265
-71.544
-71.838
-72.145
-72.462
-72.787
-73.119
-73.454
-73.791
-74.129
-74.465
-74.799
-75.129
-75.452
-75.768
-76.074
-76.37
-76.654
-76.926
-77.184
-77.427
-77.656
-77.87
-78.069
-78.254
-78.425
-78.583
-78.729
-78.865
-78.993
-79.117
-79.238
-79.361
-79.488
-79.623
-79.769
-79.93
-80.107
-80.303
-80.519
-80.756
-81.016
-81.299
-81.605
-81.933
-82.284
-82.657
-83.052
-83.467
-83.901
-84.351
-84.816
-85.293
-85.778
-86.269
-86.76
-87.247
-87.727
-88.194
-88.642
-89.066
-89.457
-89.809
-90.113
-90.361
-90.543
-90.651
-90.676
-90.609
-90.443
-90.172
-89.79
-89.292
-88.672
-87.928
-87.056
-86.054
-84.921
-83.654
-82.253
-80.721
-79.059
-77.273
-75.369
-73.355
-71.243
-69.042
-66.768
-64.436
-62.065
-59.675
-57.288
-54.926
-52.611
-50.368
-48.22
-46.191
-44.301
-42.571
-41.015
-39.65
-38.49
-37.55
-36.841
-36.37
-36.13
-36.116
-36.321
-36.741
-37.383
-38.245
-39.329
-40.635
-42.169
-43.942
-45.958
-48.209
-50.657
-53.248
-55.93
-58.666
-61.435
-64.233
-67.038
-69.786
-72.41
-74.834
-76.977
-78.803
-80.213
-81.038
-81.253
-80.962
-80.43
-80.152
-80.558
-81.864
-84.385
-88.456
-94.026
-100.882
-108.363
-115.162
-120.202
-122.71
-121.807
-116.878
-107.96
-95.369
-80.264
-64.896
-51.374
-41.753
-38.18
-42.504
-55.963
-79.151
-111.843
-151.227
-192.147
-229.259
-256.909
-272.555
-279.286
-278.245
-265.862
-232.404
-159.922
-35.622
140.079
354.883
586.765
817.181
1037.718
1245.098
1433.312
1584.404
1670.412
1663.988
1552.322
1347.637
1081.855
795.491
525.754
293.337
104.672
-40.418
-147.88
-220.266
-257.985
-267.776
-257.082
-236.906
-219.168
-207.104
-199.181
-189.249
-170.922
-144.188
-113.365
-86.04
-68.028
-60.034
-59.886
-63.878
-69.284
-75.298
-81.416
-86.572
-89.474
-89.362
-86.213
-80.578
-73.213
-64.646
-55.426
-46.566
-39.147
-33.744
-30.464
-29.006
-28.886
-29.742
-31.249
-32.915
-34.188
-34.724
-34.414
-33.358
-31.733
-29.63
-27.055
-23.996
-20.513
-16.685
-12.586
-8.279
-3.797
0.815
5.468
10.058
14.505
18.773
22.891
26.942
30.971
34.998
39.009
42.955
46.816
50.597
54.291
57.893
61.404
64.829
68.198
71.568
74.978
78.447
81.977
85.544
89.144
92.794
96.521
100.365
104.36
108.527
112.897
117.501
122.362
127.498
132.91
138.582
144.506
150.677
157.089
163.739
170.618
177.705
184.981
192.422
199.999
207.684
215.445
223.242
231.039
238.799
246.486
254.067
261.506
268.763
275.799
282.575
289.051
295.187
300.945
306.284
311.167
315.558
319.423
322.733
325.459
327.573
329.053
329.88
330.036
329.507
328.285
326.363
323.739
320.412
316.389
311.678
306.289
300.238
293.544
286.228
278.315
269.833
260.81
251.282
241.282
230.848
220.019
208.837
197.342
185.58
173.595
161.432
149.136
136.754
124.331
111.911
99.538
87.255
75.104
63.124
51.354
39.83
28.586
17.655
7.065
-3.157
-12.987
-22.404
-31.388
-39.925
-48.002
-55.607
-62.734
-69.379
-75.538
-81.212
-86.406
-91.123
-95.373
-99.166
-102.513
-105.429
-107.929
-110.032
-111.754
-113.117
-114.141
-114.847
-115.256
-115.392
-115.278
-114.935
-114.387
-113.656
-112.763
-111.731
-110.579
-109.326
-107.992
-106.595
-105.15
-103.674
-102.181
-100.686
-99.2
-97.736
-96.304
-94.912
-93.57
-92.285
-91.061
-89.905
-88.82
-87.81
-86.877
-86.022
-85.247
-84.551
-83.936
-83.4
-82.942
-82.56
-82.252
-82.017
-81.85
-81.75
-81.714
-81.74
-81.824
-81.965
-82.16
-82.406
-82.7
-83.042
-83.427
-83.853
-84.317
-84.818
-85.351
-85.914
-86.505
-87.12
-87.758
-88.414
-89.087
-89.773
-90.468
-91.169
-91.873
-92.576
-93.274
-93.964
-94.641
-95.303
-95.944
-96.563
-97.156
-97.719
-98.248
-98.74
-99.192
-99.601
-99.964
-100.277
-100.539
-100.747
-100.9
-100.996
-101.034
-101.013
-100.934
-100.795
-100.598
-100.343
-100.031
-99.664
-99.244
-98.772
-98.253
-97.69
-97.086
-96.445
-95.773
-95.073
-94.351
-93.611
-92.857
-92.096
-91.332
-90.569
-89.812
-89.067
-88.337
-87.627
-86.941
-86.282
-85.653
-85.059
-84.5
-83.979
-83.498
-83.058
-82.66
-82.307
-81.997
-81.731
-81.51
-81.334
-81.201
-81.11
-81.06
-81.049
-81.074
-81.134
-81.226
-81.346
-81.492
-81.66
-81.848
-82.053
-82.271
-82.5
-82.736
-82.978
-83.222
-83.467
-83.71
-83.951
-84.188
-84.42
-84.647
-84.868
-85.084
-85.294
-85.498
-85.698
-85.892
-86.081
-86.266
-86.446
-86.623
-86.796
-86.968
-87.137
-87.307
-87.478
-87.652
-87.83
-88.013
-88.203
-88.401
-88.61
-88.829
-89.061
-89.308
-89.569
-89.846
-90.141
-90.452
-90.781
-91.127
-91.489
-91.866
-92.257
-92.66
-93.074
-93.498
-93.929
-94.367
-94.809
-95.255
-95.702
-96.149
-96.595
-97.036
-97.471
-97.896
-98.309
-98.706
-99.084
-99.44
-99.77
-100.069
-100.334
-100.56
-100.742
-100.875
-100.955
-100.974
-100.929
-100.814
-100.625
-100.356
-100.005
-99.569
-99.043
-98.426
-97.716
-96.911
-96.009
-95.01
-93.912
-92.714
-91.417
-90.022
-88.531
-86.949
-85.281
-83.536
-81.722
-79.852
-77.937
-75.988
-74.019
-72.043
-70.072
-68.121
-66.207
-64.346
-62.553
-60.848
-59.248
-57.772
-56.435
-55.25
-54.224
-53.365
-52.674
-52.156
-51.819
-51.671
-51.724
-51.99
-52.473
-53.182
-54.126
-55.302
-56.698
-58.296
-60.056
-61.946
-63.936
-65.991
-68.086
-70.179
-72.209
-74.124
-75.859
-77.365
-78.627
-79.601
-80.234
-80.497
-80.368
-79.892
-79.207
-78.397
-77.501
-76.65
-75.999
-75.879
-76.813
-79.095
-82.815
-88.078
-94.848
-102.998
-112.293
-121.811
-130.056
-135.956
-138.766
-138.008
-133.853
-126.492
-116.314
-105.196
-96.041
-91.309
-93.285
-102.553
-117.238
-135.807
-156.112
-176.95
-199.507
-222.739
-243.092
-251.136
-230.995
-169.196
-58.82
95.292
276.983
469.36
660.433
846.027
1025.088
1189.829
1323.152
1398.57
1391.81
1293.353
1108.989
864.322
594.601
331.975
104.727
-72.877
-198.204
-275.005
-312.655
-318.909
-302.426
-271.831
-236.655
-207.596
-188.572
-177.945
-168.806
-153.382
-130.366
-103.992
-81.838
-68.903
-65.337
-68.525
-74.362
-80.632
-86.787
-91.833
-94.876
-95.404
-93.163
-88.584
-82.437
-75.147
-67.133
-59.253
-52.496
-47.474
-44.387
-43.055
-43.067
-44.089
-45.831
-47.829
-49.511
-50.501
-50.613
-49.815
-48.206
-45.863
-42.815
-39.143
-34.972
-30.4
-25.517
-20.394
-15.071
-9.622
-4.148
1.261
6.512
11.542
16.325
20.842
25.087
29.069
32.801
36.304
39.608
42.738
45.713
48.559
51.296
53.955
56.567
59.166
61.785
64.454
67.196
70.034
72.986
76.068
79.294
82.677
86.228
89.96
93.883
98.011
102.353
106.917
111.707
116.727
121.975
127.449
133.141
139.041
145.138
151.415
157.856
164.44
171.145
177.947
184.818
191.73
198.65
205.548
212.388
219.134
225.752
232.204
238.453
244.463
250.196
255.617
260.69
265.382
269.658
273.489
276.842
279.69
282.007
283.77
284.956
285.548
285.529
284.888
283.616
281.708
279.16
275.974
272.154
267.707
262.645
256.982
250.735
243.924
236.572
228.707
220.357
211.554
202.331
192.724
182.769
172.506
161.975
151.215
140.269
129.178
117.984
106.73
95.456
84.205
73.018
61.932
50.988
40.22
29.666
19.357
9.326
-0.399
-9.789
-18.82
-27.47
-35.717
-43.546
-50.941
-57.89
-64.384
-70.417
-75.987
-81.091
-85.733
-89.918
-93.651
-96.942
-99.804
-102.248
-104.292
-105.952
-107.246
-108.196
-108.821
-109.144
-109.188
-108.975
-108.53
-107.876
-107.036
-106.035
-104.894
-103.639
-102.29
-100.871
-99.404
-97.907
-96.403
-94.908
-93.442
-92.02
-90.657
-89.366
-88.16
-87.048
-86.041
-85.145
-84.367
-83.71
-83.177
-82.771
-82.49
-82.333
-82.298
-82.38
-82.574
-82.875
-83.276
-83.77
-84.35
-85.008
-85.734
-86.521
-87.359
-88.24
-89.153
-90.09
-91.041
-91.995
-92.945
-93.881
-94.794
-95.676
-96.52
-97.317
-98.062
-98.748
-99.37
-99.923
-100.403
-100.807
-101.133
-101.38
-101.548
-101.638
-101.652
-101.591
-101.46
-101.261
-100.999
-100.679
-100.307
-99.886
-99.424
-98.927
-98.4
-97.851
-97.287
-96.714
-96.139
-95.57
-95.012
-94.473
-93.96
-93.478
-93.033
-92.631
-92.278
-91.977
-91.735
-91.554
-91.439
-91.391
-91.414
-91.509
-91.676
-91.915
-92.226
-92.605
-93.053
-93.565
-94.138
-94.769
-95.453
-96.185
-96.961
-97.775
-98.621
-99.493
-100.383
-101.285
-102.193
-103.098
-103.995
-104.876
-105.735
-106.564
-107.358
-108.111
-108.815
-109.466
-110.057
-110.582
-111.036
-111.413
-111.708
-111.916
-112.032
-112.054
-111.978
-111.799
-111.517
-111.128
-110.63
-110.022
-109.303
-108.47
-107.523
-106.462
-105.288
-104.002
-102.606
-101.102
-99.492
-97.781
-95.971
-94.065
-92.068
-89.981
-87.81
-85.559
-83.233
-80.837
-78.38
-75.87
-73.32
-70.743
-68.15
-65.555
-62.972
-60.418
-57.91
-55.464
-53.097
-50.824
-48.661
-46.623
-44.728
-42.993
-41.428
-40.04
-38.835
-37.82
-37
-36.385
-35.972
-35.757
-35.734
-35.9
-36.263
-36.833
-37.613
-38.603
-39.8
-41.199
-42.801
-44.599
-46.565
-48.665
-50.847
-53.052
-55.238
-57.368
-59.412
-61.346
-63.117
-64.659
-65.903
-66.785
-67.256
-67.304
-66.909
-66.031
-64.752
-63.27
-61.925
-61.207
-61.552
-63.21
-66.304
-70.97
-77.149
-84.51
-92.424
-99.728
-105.161
-107.883
-107.512
-103.888
-97.223
-88.189
-77.791
-68.055
-61.582
-60.388
-65.919
-79.054
-99.809
-127.769
-160.872
-194.216
-222.228
-239.322
-243.928
-239.025
-223.997
-195.498
-142.827
-50.254
84.684
255.536
446.402
634.803
815.282
989.038
1154.564
1307.679
1420.788
1458.675
1400.258
1237.826
994.546
713.333
433.409
189.872
0.101
-134.489
-217.462
-256.977
-261.342
-241.076
-208.133
-176.475
-158.356
-155.966
-164.957
-174.171
-171.963
-155.383
-128.165
-99.187
-76.302
-61.883
-54.103
-48.893
-44.394
-41.052
-39.573
-40.479
-42.694
-44.383
-44.857
-44.109
-42.079
-38.798
-34.249
-28.533
-22.497
-17.283
-13.447
-11.102
-10.106
-10.114
-10.857
-12.097
-13.394
-14.215
-14.24
-13.335
-11.515
-8.925
-5.668
-1.808
2.563
7.335
12.41
17.708
23.153
28.686
34.232
39.698
45.022
50.156
55.076
59.779
64.278
68.595
72.762
76.818
80.789
84.698
88.566
92.413
96.267
100.159
104.117
108.173
112.356
116.692
121.203
125.909
130.822
135.95
141.299
146.871
152.674
158.711
164.988
171.507
178.268
185.268
192.503
199.966
207.643
215.52
223.578
231.795
240.147
248.609
257.154
265.75
274.365
282.966
291.518
299.985
308.328
316.51
324.491
332.232
339.694
346.839
353.629
360.025
365.993
371.496
376.502
380.98
384.9
388.234
390.957
393.047
394.484
395.252
395.336
394.727
393.417
391.403
388.685
385.268
381.157
376.363
370.9
364.784
358.036
350.679
342.738
334.241
325.219
315.705
305.733
295.34
284.564
273.444
262.02
250.333
238.425
226.339
214.117
201.801
189.435
177.06
164.718
152.448
140.291
128.283
116.461
104.86
93.513
82.451
71.702
61.293
51.249
41.591
32.339
23.51
15.118
7.175
-0.31
-7.332
-13.884
-19.966
-25.578
-30.723
-35.403
-39.627
-43.403
-46.74
-49.652
-52.151
-54.253
-55.975
-57.335
-58.352
-59.045
-59.435
-59.543
-59.39
-58.998
-58.388
-57.583
-56.605
-55.475
-54.215
-52.845
-51.387
-49.86
-48.282
-46.671
-45.045
-43.418
-41.806
-40.223
-38.682
-37.195
-35.773
-34.426
-33.163
-31.992
-30.919
-29.949
-29.088
-28.338
-27.702
-27.181
-26.774
-26.483
-26.307
-26.242
-26.288
-26.44
-26.695
-27.049
-27.497
-28.033
-28.652
-29.347
-30.113
-30.943
-31.832
-32.774
-33.762
-34.79
-35.853
-36.944
-38.058
-39.188
-40.329
-41.477
-42.624
-43.768
-44.904
-46.027
-47.136
-48.226
-49.294
-50.339
-51.358
-52.35
-53.313
-54.245
-55.147
-56.019
-56.86
-57.673
-58.457
-59.214
-59.947
-60.657
-61.345
-62.013
-62.665
-63.301
-63.925
-64.538
-65.143
-65.744
-66.343
-66.943
-67.547
-68.157
-68.776
-69.407
-70.051
-70.71
-71.387
-72.083
-72.8
-73.541
-74.306
-75.097
-75.914
-76.759
-77.632
-78.531
-79.456
-80.407
-81.38
-82.375
-83.391
-84.424
-85.473
-86.537
-87.612
-88.696
-89.785
-90.877
-91.966
-93.05
-94.122
-95.179
-96.216
-97.228
-98.211
-99.159
-100.069
-100.934
-101.749
-102.509
-103.207
-103.838
-104.395
-104.872
-105.264
-105.567
-105.777
-105.89
-105.903
-105.814
-105.62
-105.319
-104.909
-104.389
-103.757
-103.015
-102.164
-101.205
-100.144
-98.986
-97.738
-96.411
-95.015
-93.56
-92.061
-90.533
-88.995
-87.465
-85.961
-84.503
-83.11
-81.799
-80.59
-79.5
-78.546
-77.74
-77.099
-76.636
-76.367
-76.308
-76.464
-76.834
-77.414
-78.199
-79.187
-80.387
-81.803
-83.438
-85.3
-87.394
-89.727
-92.3
-95.097
-98.076
-101.175
-104.337
-107.515
-110.691
-113.858
-116.993
-120.048
-122.956
-125.638
-128.027
-130.072
-131.682
-132.738
-133.253
-133.354
-133.322
-133.6
-134.52
-136.283
-139.149
-143.304
-148.624
-154.811
-161.266
-167.09
-171.746
-174.891
-176.025
-174.955
-171.926
-167.394
-162.298
-157.789
-154.42
-152.852
-154.148
-158.832
-167.303
-179.785
-195.704
-214.784
-236.12
-256.331
-271.433
-277.726
-274.052
-263.637
-249.335
-230.386
-199.096
-142.209
-47.33
93.17
276.499
492.718
727.677
963.193
1182.003
1363.458
1484.914
1527.444
1477.28
1334.931
1117.174
851.585
574.041
317.088
102.166
-58.881
-168.015
-233.755
-265.522
-276.484
-276.293
-273.892
-276.651
-283.939
-292.447
-295.212
-285.967
-265.021
-236.031
-205.932
-180.738
-162.586
-151.319
-144.672
-140.809
-139.463
-140.861
-145.247
-152.089
-159.71
-166.379
-171.219
-173.985
-174.773
-173.774
-171.165
-167.331
-163.208
-159.903
-158.003
-157.667
-158.707
-160.725
-163.388
-166.365
-169.192
-171.368
-172.595
-172.763
-171.911
-170.193
-167.732
-164.624
-160.978
-156.915
-152.541
-147.938
-143.186
-138.354
-133.522
-128.784
-124.205
-119.828
-115.676
-111.752
-108.044
-104.534
-101.191
-97.977
-94.865
-91.836
-88.866
-85.934
-83.012
-80.067
-77.066
-73.975
-70.764
-67.405
-63.872
-60.144
-56.206
-52.045
-47.653
-43.022
-38.143
-33.008
-27.608
-21.939
-15.999
-9.787
-3.308
3.431
10.421
17.644
25.083
32.716
40.519
48.465
56.526
64.67
72.864
81.072
89.258
97.383
105.408
113.293
120.995
128.475
135.691
142.603
149.17
155.352
161.112
166.412
171.219
175.498
179.219
182.353
184.875
186.761
187.993
188.554
188.43
187.613
186.096
183.878
180.96
177.349
173.053
168.085
162.461
156.201
149.328
141.866
133.844
125.291
116.242
106.73
96.791
86.465
75.79
64.807
53.558
42.085
30.43
18.637
6.749
-5.192
-17.143
-29.063
-40.912
-52.649
-64.238
-75.641
-86.824
-97.753
-108.399
-118.732
-128.727
-138.358
-147.605
-156.449
-164.873
-172.862
-180.407
-187.496
-194.124
-200.286
-205.98
-211.205
-215.963
-220.258
-224.095
-227.483
-230.429
-232.947
-235.046
-236.743
-238.051
-238.987
-239.569
-239.814
-239.742
-239.372
-238.724
-237.819
-236.677
-235.319
-233.765
-232.037
-230.153
-228.135
-226.001
-223.77
-221.459
-219.087
-216.67
-214.223
-211.761
-209.299
-206.85
-204.427
-202.041
-199.702
-197.422
-195.208
-193.068
-191.01
-189.04
-187.162
-185.38
-183.697
-182.116
-180.637
-179.26
-177.986
-176.812
-175.737
-174.757
-173.87
-173.07
-172.353
-171.715
-171.151
-170.654
-170.218
-169.839
-169.511
-169.226
-168.979
-168.765
-168.576
-168.408
-168.253
-168.107
-167.963
-167.816
-167.661
-167.494
-167.309
-167.102
-166.87
-166.609
-166.316
-165.989
-165.626
-165.226
-164.787
-164.309
-163.793
-163.239
-162.647
-162.019
-161.357
-160.661
-159.935
-159.179
-158.396
-157.588
-156.757
-155.905
-155.034
-154.145
-153.24
-152.321
-151.39
-150.447
-149.493
-148.53
-147.558
-146.577
-145.589
-144.593
-143.589
-142.576
-141.555
-140.525
-139.484
-138.431
-137.364
-136.282
-135.183
-134.064
-132.924
-131.759
-130.569
-129.35
-128.102
-126.822
-125.509
-124.161
-122.778
-121.359
-119.904
-118.415
-116.891
-115.334
-113.746
-112.13
-110.487
-108.821
-107.135
-105.433
-103.719
-101.996
-100.269
-98.542
-96.82
-95.108
-93.411
-91.732
-90.078
-88.452
-86.86
-85.304
-83.79
-82.32
-80.898
-79.528
-78.212
-76.951
-75.748
-74.602
-73.516
-72.486
-71.513
-70.592
-69.721
-68.894
-68.106
-67.351
-66.623
-65.915
-65.217
-64.522
-63.821
-63.104
-62.362
-61.583
-60.758
-59.875
-58.925
-57.897
-56.782
-55.572
-54.257
-52.83
-51.284
-49.612
-47.809
-45.868
-43.785
-41.558
-39.184
-36.663
-33.998
-31.193
-28.254
-25.192
-22.019
-18.748
-15.398
-11.986
-8.535
-5.067
-1.607
1.823
5.199
8.497
11.694
14.762
17.681
20.431
22.99
25.341
27.463
29.338
30.956
32.318
33.424
34.277
34.873
35.198
35.244
35.004
34.469
33.633
32.49
31.035
29.287
27.291
25.106
22.791
20.396
17.943
15.447
12.939
10.478
8.145
6.017
4.175
2.671
1.595
1.081
1.131
1.625
2.313
2.763
2.594
1.595
-0.536
-4.149
-9.198
-15.474
-22.54
-29.391
-35.255
-39.668
-41.784
-40.854
-36.86
-29.953
-20.76
-10.912
-1.648
5.94
9.879
8.284
-0.025
-15.906
-39.5
-68.663
-99.898
-129.695
-153.045
-167.242
-174.582
-175.053
-164.595
-134.591
-67.098
51.404
218.439
422.583
641.738
855.191
1061.485
1262.316
1455.126
1629.864
1753.106
1789.849
1723.107
1551.286
1302.061
1016.474
726.673
461.91
236.816
56.081
-72.583
-149.143
-177.311
-165.976
-134.403
-100.868
-78.307
-71.295
-72.972
-71.854
-60.173
-36.575
-6.7
19.544
35.925
41.686
39.318
33.343
26.724
20.183
14.277
10.025
8.579
10.599
15.957
23.88
33.479
44.101
55.031
65.131
73.21
78.596
81.123
81.041
78.811
74.831
69.488
63.34
57.052
51.089
45.745
41.178
37.386
34.393
32.26
30.998
30.61
31.097
32.425
34.554
37.45
41.028
45.189
49.829
54.802
59.984
65.264
70.523
75.689
80.718
85.565
90.203
94.603
98.74
102.614
106.246
109.653
112.86
115.896
118.793
121.607
124.393
127.206
130.107
133.139
136.333
139.723
143.335
147.187
151.294
155.668
160.314
165.245
170.474
176.001
181.816
187.902
194.246
200.825
207.615
214.587
221.7
228.928
236.261
243.688
251.202
258.776
266.368
273.933
281.424
288.808
296.071
303.187
310.109
316.809
323.265
329.463
335.411
341.069
346.348
351.171
355.459
359.158
362.252
364.709
366.494
367.568
367.879
367.398
366.121
364.019
361.047
357.158
352.287
346.439
339.693
332.114
323.766
314.699
304.936
294.52
283.52
271.99
259.986
247.557
234.734
221.582
208.194
194.662
181.094
167.548
154.026
140.548
127.139
113.833
100.681
87.715
74.952
62.425
50.183
38.273
26.748
15.638
4.951
-5.304
-15.122
-24.484
-33.348
-41.685
-49.477
-56.704
-63.358
-69.427
-74.893
-79.755
-84.029
-87.728
-90.873
-93.478
-95.553
-97.113
-98.178
-98.768
-98.913
-98.639
-97.971
-96.94
-95.576
-93.911
-91.978
-89.81
-87.43
-84.868
-82.149
-79.302
-76.353
-73.33
-70.254
-67.151
-64.044
-60.955
-57.906
-54.915
-51.999
-49.173
-46.453
-43.85
-41.376
-39.041
-36.852
-34.817
-32.941
-31.227
-29.679
-28.298
-27.082
-26.032
-25.144
-24.415
-23.841
-23.417
-23.136
-22.992
-22.98
-23.091
-23.319
-23.655
-24.094
-24.625
-25.243
-25.94
-26.706
-27.536
-28.42
-29.351
-30.323
-31.328
-32.359
-33.41
-34.473
-35.542
-36.612
-37.677
-38.73
-39.767
-40.784
-41.775
-42.736
-43.666
-44.559
-45.414
-46.228
-46.999
-47.724
-48.401
-49.029
-49.605
-50.128
-50.596
-51.008
-51.362
-51.657
-51.892
-52.064
-52.174
-52.219
-52.201
-52.117
-51.967
-51.753
-51.473
-51.13
-50.724
-50.257
-49.731
-49.148
-48.51
-47.819
-47.079
-46.292
-45.461
-44.589
-43.68
-42.736
-41.762
-40.762
-39.741
-38.702
-37.651
-36.594
-35.534
-34.479
-33.433
-32.403
-31.396
-30.416
-29.472
-28.568
-27.711
-26.907
-26.161
-25.479
-24.865
-24.323
-23.857
-23.47
-23.164
-22.941
-22.803
-22.751
-22.785
-22.907
-23.115
-23.409
-23.788
-24.25
-24.794
-25.417
-26.117
-26.889
-27.731
-28.637
-29.605
-30.628
-31.701
-32.818
-33.974
-35.161
-36.372
-37.602
-38.843
-40.088
-41.33
-42.564
-43.783
-44.982
-46.155
-47.298
-48.408
-49.48
-50.511
-51.499
-52.441
-53.336
-54.182
-54.978
-55.723
-56.416
-57.058
-57.649
-58.187
-58.675
-59.112
-59.499
-59.839
-60.131
-60.379
-60.584
-60.75
-60.878
-60.972
-61.036
-61.073
-61.086
-61.079
-61.056
-61.02
-60.974
-60.921
-60.862
-60.8
-60.737
-60.674
-60.613
-60.553
-60.496
-60.442
-60.392
-60.347
-60.307
-60.273
-60.246
-60.227
-60.218
-60.221
-60.236
-60.266
-60.313
-60.378
-60.464
-60.572
-60.703
-60.859
-61.042
-61.253
-61.493
-61.763
-62.064
-62.397
-62.764
-63.166
-63.605
-64.083
-64.602
-65.164
-65.771
-66.427
-67.134
-67.894
-68.708
-69.579
-70.507
-71.493
-72.537
-73.637
-74.793
-76.002
-77.262
-78.569
-79.92
-81.31
-82.733
-84.186
-85.662
-87.155
-88.658
-90.165
-91.668
-93.161
-94.635
-96.085
-97.501
-98.875
-100.199
-101.463
-102.658
-103.775
-104.802
-105.729
-106.547
-107.244
-107.811
-108.24
-108.523
-108.651
-108.62
-108.424
-108.06
-107.523
-106.812
-105.924
-104.862
-103.627
-102.221
-100.651
-98.922
-97.046
-95.036
-92.906
-90.672
-88.35
-85.957
-83.515
-81.044
-78.569
-76.111
-73.693
-71.341
-69.082
-66.945
-64.955
-63.136
-61.506
-60.085
-58.887
-57.931
-57.229
-56.787
-56.608
-56.694
-57.048
-57.683
-58.605
-59.811
-61.299
-63.063
-65.091
-67.375
-69.899
-72.626
-75.518
-78.526
-81.584
-84.652
-87.685
-90.64
-93.495
-96.189
-98.642
-100.815
-102.657
-104.119
-105.205
-105.865
-106.009
-105.731
-105.248
-104.848
-104.968
-105.971
-108.091
-111.641
-116.933
-123.943
-132.227
-141.051
-149.451
-156.224
-160.195
-160.498
-156.226
-148.057
-138.806
-129.456
-120.283
-110.633
-96.702
-80.985
-71.361
-74.909
-100.258
-146.702
-202.041
-252.955
-285.988
-293.968
-280.174
-251.169
-210.594
-155.879
-78.378
33.748
187.805
379.652
599.688
835.57
1072.319
1299.492
1501.887
1653.669
1728.831
1703.727
1569.447
1343.094
1057.075
750.63
460.785
209.49
6.799
-142.846
-243.506
-301.332
-322.362
-320.313
-306.777
-288.612
-273.913
-260.919
-243.848
-222.016
-192.671
-158.524
-127.968
-104.672
-90.695
-85.671
-85.018
-85.738
-87.097
-88.3
-88.876
-88.207
-84.957
-78.631
-69.947
-59.753
-48.692
-37.466
-26.746
-17.322
-10.33
-6.36
-5.342
-7.033
-10.952
-16.582
-23.492
-31.071
-38.599
-45.571
-51.644
-56.594
-60.354
-62.858
-64.054
-63.978
-62.7
-60.292
-56.845
-52.445
-47.202
-41.258
-34.757
-27.86
-20.711
-13.448
-6.227
0.827
7.618
14.076
20.171
25.889
31.217
36.158
40.739
44.991
48.963
52.702
56.244
59.639
62.938
66.197
69.483
72.85
76.334
79.971
83.784
87.794
92.023
96.484
101.179
106.114
111.293
116.719
122.401
128.34
134.53
140.966
147.632
154.516
161.603
168.88
176.327
183.927
191.657
199.495
207.419
215.404
223.418
231.427
239.391
247.269
255.017
262.596
269.962
277.074
283.893
290.375
296.484
302.186
307.446
312.225
316.483
320.172
323.256
325.713
327.527
328.694
329.211
329.07
328.276
326.847
324.787
322.1
318.771
314.768
310.077
304.704
298.668
292.012
284.762
276.925
268.508
259.514
249.948
239.826
229.139
217.856
205.986
193.57
180.69
167.484
154.059
140.489
126.841
113.156
99.497
85.95
72.591
59.485
46.709
34.335
22.47
11.26
0.791
-8.903
-17.84
-26.108
-33.761
-40.82
-47.309
-53.243
-58.644
-63.555
-67.998
-71.974
-75.509
-78.639
-81.432
-84.001
-86.408
-88.677
-90.795
-92.707
-94.378
-95.806
-96.979
-97.887
-98.527
-98.894
-99.008
-98.912
-98.631
-98.177
-97.548
-96.718
-95.684
-94.467
-93.095
-91.617
-90.071
-88.483
-86.886
-85.315
-83.795
-82.348
-80.982
-79.688
-78.466
-77.321
-76.263
-75.304
-74.451
-73.704
-73.064
-72.528
-72.093
-71.757
-71.514
-71.353
-71.269
-71.256
-71.312
-71.439
-71.634
-71.893
-72.215
-72.594
-73.027
-73.509
-74.035
-74.598
-75.191
-75.808
-76.446
-77.1
-77.766
-78.44
-79.119
-79.8
-80.48
-81.157
-81.828
-82.49
-83.143
-83.784
-84.411
-85.025
-85.623
-86.205
-86.772
-87.322
-87.856
-88.374
-88.875
-89.359
-89.825
-90.274
-90.705
-91.118
-91.513
-91.89
-92.25
-92.594
-92.921
-93.232
-93.528
-93.808
-94.073
-94.322
-94.554
-94.769
-94.966
-95.146
-95.307
-95.449
-95.571
-95.674
-95.755
-95.814
-95.849
-95.86
-95.846
-95.804
-95.733
-95.633
-95.503
-95.34
-95.145
-94.917
-94.655
-94.358
-94.026
-93.658
-93.254
-92.814
-92.339
-91.829
-91.286
-90.71
-90.105
-89.47
-88.81
-88.127
-87.423
-86.701
-85.965
-85.216
-84.459
-83.697
-82.934
-82.173
-81.419
-80.676
-79.948
-79.24
-78.557
-77.902
-77.28
-76.695
-76.152
-75.655
-75.207
-74.813
-74.475
-74.198
-73.985
-73.837
-73.756
-73.744
-73.802
-73.929
-74.125
-74.389
-74.719
-75.114
-75.572
-76.089
-76.663
-77.29
-77.967
-78.69
-79.455
-80.257
-81.091
-81.953
-82.837
-83.739
-84.651
-85.57
-86.489
-87.402
-88.305
-89.192
-90.056
-90.893
-91.697
-92.464
-93.188
-93.866
-94.493
-95.067
-95.585
-96.045
-96.447
-96.789
-97.07
-97.292
-97.456
-97.561
-97.61
-97.605
-97.548
-97.441
-97.287
-97.088
-96.849
-96.572
-96.26
-95.918
-95.548
-95.154
-94.74
-94.31
-93.867
-93.415
-92.958
-92.5
-92.045
-91.597
-91.158
-90.732
-90.323
-89.933
-89.564
-89.218
-88.897
-88.602
-88.334
-88.092
-87.877
-87.688
-87.525
-87.387
-87.273
-87.181
-87.111
-87.061
-87.031
-87.019
-87.024
-87.047
-87.086
-87.14
-87.211
-87.297
-87.398
-87.516
-87.649
-87.798
-87.964
-88.146
-88.344
-88.559
-88.79
-89.037
-89.3
-89.579
-89.874
-90.185
-90.511
-90.854
-91.214
-91.591
-91.986
-92.399
-92.831
-93.282
-93.751
-94.237
-94.739
-95.254
-95.779
-96.312
-96.849
-97.385
-97.916
-98.434
-98.936
-99.412
-99.857
-100.262
-100.62
-100.922
-101.16
-101.328
-101.419
-101.426
-101.343
-101.166
-100.89
-100.51
-100.02
-99.418
-98.699
-97.86
-96.899
-95.813
-94.604
-93.274
-91.826
-90.269
-88.611
-86.861
-85.031
-83.137
-81.195
-79.225
-77.246
-75.279
-73.343
-71.462
-69.657
-67.953
-66.371
-64.929
-63.643
-62.529
-61.602
-60.88
-60.375
-60.086
-60.016
-60.16
-60.519
-61.108
-61.934
-63.002
-64.32
-65.89
-67.714
-69.802
-72.144
-74.708
-77.452
-80.311
-83.229
-86.175
-89.114
-92.029
-94.883
-97.595
-100.09
-102.288
-104.106
-105.502
-106.403
-106.706
-106.454
-105.799
-105.025
-104.622
-104.986
-106.371
-109.108
-113.373
-119.081
-126.08
-133.736
-140.999
-147.049
-151.026
-152.055
-149.862
-144.494
-136.172
-126.068
-115.789
-106.786
-101.097
-100.84
-107.386
-121.711
-144.354
-173.505
-205.335
-236.056
-260.645
-276.534
-286.581
-291.37
-287.14
-264.901
-205.628
-94.311
67.919
269.785
487.872
699.417
901.799
1097.696
1287.222
1463.687
1595.451
1645.812
1593.988
1434.692
1193.093
911.311
626.427
371.134
161.657
1.934
-108.342
-177.116
-212.36
-226.373
-232.074
-235.452
-241.391
-246.582
-243.979
-232.391
-210.466
-181.501
-153.178
-129.05
-112.004
-102.928
-98.714
-97.308
-97.602
-98.883
-101.512
-105.297
-108.88
-110.859
-110.617
-108.231
-104.177
-98.849
-92.466
-85.371
-78.384
-72.65
-68.814
-66.943
-66.819
-68.026
-70.19
-73.031
-76.064
-78.635
-80.335
-80.976
-80.51
-79.081
-76.797
-73.672
-69.796
-65.287
-60.229
-54.762
-48.997
-42.996
-36.863
-30.706
-24.62
-18.721
-13.086
-7.736
-2.687
2.072
6.568
10.803
14.798
18.579
22.162
25.586
28.89
32.102
35.256
38.392
41.545
44.759
48.074
51.511
55.092
58.84
62.769
66.901
71.256
75.844
80.68
85.78
91.151
96.799
102.732
108.952
115.466
122.288
129.414
136.829
144.513
152.431
160.548
168.834
177.246
185.73
194.247
202.759
211.246
219.712
228.141
236.501
244.749
252.82
260.67
268.279
275.626
282.702
289.497
295.993
302.2
308.156
313.86
319.281
324.348
328.94
332.968
336.38
339.135
341.22
342.604
343.233
343.07
342.089
340.253
337.533
333.868
329.155
323.357
316.488
308.618
299.885
290.397
280.225
269.444
258.117
246.316
234.131
221.63
208.857
195.88
182.774
169.649
156.652
143.882
131.39
119.196
107.267
95.592
84.19
73.067
62.228
51.684
41.441
31.525
21.986
12.85
4.132
-4.176
-12.104
-19.663
-26.844
-33.628
-39.982
-45.883
-51.324
-56.29
-60.768
-64.752
-68.246
-71.265
-73.841
-76
-77.758
-79.135
-80.139
-80.789
-81.109
-81.122
-80.853
-80.329
-79.574
-78.615
-77.482
-76.203
-74.799
-73.292
-71.697
-70.031
-68.312
-66.557
-64.781
-62.998
-61.223
-59.468
-57.747
-56.072
-54.45
-52.889
-51.396
-49.973
-48.627
-47.358
-46.168
-45.058
-44.029
-43.08
-42.211
-41.42
-40.706
-40.067
-39.5
-39.003
-38.574
-38.208
-37.904
-37.657
-37.466
-37.326
-37.235
-37.19
-37.188
-37.226
-37.302
-37.413
-37.556
-37.729
-37.929
-38.156
-38.406
-38.679
-38.974
-39.289
-39.624
-39.979
-40.352
-40.742
-41.149
-41.571
-42.008
-42.457
-42.918
-43.388
-43.866
-44.35
-44.838
-45.329
-45.82
-46.31
-46.795
-47.275
-47.748
-48.211
-48.663
-49.103
-49.53
-49.943
-50.341
-50.723
-51.088
-51.436
-51.767
-52.078
-52.371
-52.644
-52.897
-53.131
-53.346
-53.543
-53.722
-53.885
-54.032
-54.166
-54.287
-54.397
-54.498
-54.591
-54.678
-54.762
-54.843
-54.924
-55.006
-55.09
-55.178
-55.27
-55.367
-55.468
-55.574
-55.684
-55.799
-55.916
-56.035
-56.155
-56.276
-56.396
-56.514
-56.628
-56.738
-56.841
-56.936
-57.02
-57.092
-57.151
-57.194
-57.22
-57.228
-57.216
-57.183
-57.128
-57.051
-56.95
-56.825
-56.676
-56.503
-56.307
-56.088
-55.849
-55.59
-55.314
-55.023
-54.72
-54.408
-54.089
-53.767
-53.445
-53.126
-52.812
-52.508
-52.217
-51.941
-51.684
-51.448
-51.237
-51.054
-50.9
-50.777
-50.688
-50.634
-50.615
-50.632
-50.687
-50.777
-50.904
-51.067
-51.263
-51.492
-51.752
-52.039
-52.353
-52.688
-53.043
-53.412
-53.793
-54.182
-54.573
-54.964
-55.349
-55.725
-56.089
-56.435
-56.759
-57.06
-57.332
-57.572
-57.778
-57.947
-58.076
-58.163
-58.208
-58.209
-58.166
-58.079
-57.949
-57.776
-57.562
-57.309
-57.02
-56.696
-56.342
-55.961
-55.557
-55.133
-54.693
-54.243
-53.787
-53.33
-52.877
-52.432
-52
-51.587
-51.197
-50.835
-50.506
-50.213
-49.961
-49.755
-49.597
-49.493
-49.444
-49.454
-49.525
-49.659
-49.856
-50.116
-50.44
-50.825
-51.271
-51.775
-52.333
-52.943
-53.601
-54.303
-55.044
-55.819
-56.624
-57.453
-58.299
-59.157
-60.019
-60.878
-61.728
-62.56
-63.367
-64.141
-64.875
-65.561
-66.191
-66.756
-67.248
-67.659
-67.982
-68.207
-68.329
-68.34
-68.236
-68.013
-67.667
-67.195
-66.597
-65.872
-65.019
-64.039
-62.935
-61.707
-60.361
-58.899
-57.329
-55.658
-53.894
-52.05
-50.139
-48.175
-46.175
-44.155
-42.138
-40.143
-38.195
-36.315
-34.525
-32.846
-31.298
-29.904
-28.681
-27.647
-26.815
-26.198
-25.808
-25.658
-25.757
-26.108
-26.704
-27.535
-28.592
-29.872
-31.38
-33.118
-35.09
-37.292
-39.726
-42.396
-45.298
-48.415
-51.696
-55.076
-58.491
-61.89
-65.242
-68.534
-71.726
-74.75
-77.526
-79.958
-81.964
-83.497
-84.461
-84.733
-84.313
-83.303
-81.977
-80.793
-80.113
-80.182
-81.321
-83.741
-87.421
-92.21
-97.517
-102.402
-106.155
-108.081
-107.438
-103.893
-97.41
-88.231
-77.442
-66.514
-56.743
-49.878
-47.725
-51.561
-62.494
-80.872
-105.568
-134.995
-167.179
-198.696
-225.503
-242.229
-241.69
-217.789
-167.112
-90.301
7.701
120.606
245.428
385.466
547.534
738.78
959.278
1193.873
1415.557
1589.516
1680.547
1668.999
1554.301
1352.747
1096.75
819.294
547.215
301.737
92.969
-71.452
-187.247
-255.564
-279.383
-271.348
-246.464
-219.128
-202.093
-196.184
-196.311
-193.984
-180.98
-157.222
-127.527
-99.092
-77.158
-61.995
-51.354
-42.315
-33.623
-25.871
-19.755
-15.638
-13.621
-13.48
-15.065
-18.127
-21.886
-25.63
-29.028
-31.947
-34.347
-36.275
-37.715
-38.812
-40.089
-41.831
-44.009
-46.509
-49.088
-51.515
-53.662
-55.271
-55.918
-55.375
-53.579
-50.558
-46.494
-41.554
-35.866
-29.647
-23.136
-16.518
-9.955
-3.551
2.662
8.642
14.349
19.762
24.841
29.569
33.954
38.003
41.737
45.193
48.411
51.46
54.409
57.315
60.23
63.195
66.239
69.39
72.672
76.101
79.698
83.484
87.478
91.7
96.169
100.897
105.897
111.173
116.728
122.563
128.678
135.071
141.739
148.677
155.875
163.326
171.017
178.931
187.046
195.338
203.776
212.331
220.967
229.647
238.331
246.98
255.55
264.001
272.287
280.364
288.189
295.716
302.902
309.703
316.078
321.985
327.385
332.24
336.515
340.179
343.202
345.557
347.223
348.178
348.407
347.899
346.643
344.637
341.878
338.368
334.116
329.13
323.427
317.025
309.945
302.213
293.858
284.912
275.409
265.387
254.882
243.938
232.595
220.898
208.892
196.624
184.139
171.486
158.711
145.86
132.981
120.118
107.316
94.618
82.065
69.698
57.554
45.669
34.079
22.814
11.904
1.376
-8.746
-18.441
-27.69
-36.477
-44.791
-52.62
-59.958
-66.8
-73.144
-78.991
-84.344
-89.207
-93.589
-97.499
-100.948
-103.949
-106.518
-108.671
-110.423
-111.796
-112.806
-113.475
-113.822
-113.87
-113.64
-113.152
-112.43
-111.496
-110.37
-109.075
-107.632
-106.061
-104.382
-102.614
-100.776
-98.885
-96.958
-95.011
-93.058
-91.114
-89.189
-87.297
-85.448
-83.651
-81.914
-80.246
-78.652
-77.138
-75.709
-74.37
-73.124
-71.972
-70.919
-69.964
-69.108
-68.352
-67.695
-67.135
-66.672
-66.303
-66.025
-65.836
-65.732
-65.71
-65.766
-65.896
-66.095
-66.359
-66.684
-67.064
-67.495
-67.973
-68.494
-69.052
-69.643
-70.265
-70.912
-71.581
-72.268
-72.969
-73.681
-74.4
-75.123
-75.845
-76.565
-77.278
-77.982
-78.675
-79.353
-80.015
-80.658
-81.28
-81.88
-82.457
-83.008
-83.534
-84.034
-84.507
-84.955
-85.376
-85.773
-86.145
-86.493
-86.819
-87.124
-87.407
-87.67
-87.914
-88.139
-88.347
-88.539
-88.715
-88.877
-89.026
-89.162
-89.288
-89.403
-89.509
-89.607
-89.696
-89.779
-89.855
-89.926
-89.992
-90.054
-90.113
-90.169
-90.222
-90.271
-90.317
-90.358
-90.393
-90.423
-90.444
-90.457
-90.461
-90.454
-90.436
-90.405
-90.362
-90.305
-90.233
-90.147
-90.045
-89.928
-89.795
-89.646
-89.483
-89.305
-89.114
-88.911
-88.696
-88.47
-88.235
-87.991
-87.74
-87.482
-87.22
-86.953
-86.685
-86.418
-86.152
-85.891
-85.637
-85.393
-85.16
-84.943
-84.742
-84.56
-84.4
-84.264
-84.154
-84.071
-84.019
-83.998
-84.01
-84.056
-84.136
-84.251
-84.401
-84.584
-84.801
-85.05
-85.33
-85.641
-85.98
-86.347
-86.739
-87.156
-87.596
-88.057
-88.536
-89.033
-89.543
-90.067
-90.6
-91.142
-91.689
-92.24
-92.792
-93.345
-93.895
-94.44
-94.98
-95.512
-96.036
-96.549
-97.051
-97.541
-98.019
-98.486
-98.941
-99.385
-99.82
-100.246
-100.664
-101.075
-101.482
-101.885
-102.285
-102.684
-103.084
-103.485
-103.889
-104.297
-104.71
-105.129
-105.553
-105.983
-106.42
-106.861
-107.307
-107.757
-108.208
-108.66
-109.111
-109.557
-109.997
-110.428
-110.846
-111.248
-111.631
-111.988
-112.316
-112.61
-112.865
-113.076
-113.24
-113.349
-113.399
-113.384
-113.299
-113.14
-112.9
-112.574
-112.158
-111.647
-111.037
-110.325
-109.508
-108.583
-107.548
-106.403
-105.146
-103.78
-102.304
-100.722
-99.035
-97.247
-95.362
-93.383
-91.316
-89.167
-86.943
-84.656
-82.316
-79.933
-77.521
-75.095
-72.67
-70.261
-67.883
-65.551
-63.281
-61.094
-59.01
-57.053
-55.245
-53.6
-52.138
-50.879
-49.839
-49.027
-48.445
-48.083
-47.94
-48.029
-48.361
-48.956
-49.821
-50.945
-52.327
-53.978
-55.897
-58.089
-60.544
-63.216
-66.086
-69.157
-72.432
-75.939
-79.657
-83.498
-87.376
-91.204
-94.899
-98.435
-101.731
-104.643
-107.077
-108.925
-110.12
-110.71
-110.645
-109.794
-108.158
-105.785
-102.895
-99.983
-97.447
-95.586
-94.828
-95.434
-97.447
-100.833
-105.037
-109.177
-112.56
-114.336
-113.66
-110.219
-104.038
-95.557
-86.064
-76.965
-69.569
-65.862
-67.725
-76.387
-92.882
-117.332
-148.591
-185.618
-225.606
-262.669
-291.426
-306.637
-305.389
-290.244
-261.862
-216.477
-147.807
-45.54
96.799
274.7
479.002
697.946
918.141
1130.94
1323.209
1471.478
1549.991
1533.45
1410.383
1194.73
917.934
621.586
345.851
114.603
-62.875
-186.965
-266.642
-308.46
-316.681
-300.533
-268.787
-234.444
-211.817
-204.713
-209.939
-217.144
-214.738
-199.32
-174.503
-148.968
-129.421
-117.259
-110.381
-104.569
-98.017
-91.376
-85.137
-79.572
-74.199
-67.877
-60.412
-52.343
-43.861
-35.113
-26.363
-17.898
-10.398
-4.759
-1.341
-0.07
-0.766
-3.078
-6.66
-11.211
-16.269
-21.289
-25.874
-29.745
-32.731
-34.772
-35.819
-35.848
-34.876
-32.959
-30.169
-26.574
-22.268
-17.353
-11.938
-6.13
-0.035
6.258
12.642
18.99
25.206
31.216
36.972
42.462
47.671
52.585
57.213
61.583
65.731
69.707
73.553
77.297
80.979
84.641
88.334
92.12
96.048
100.149
104.452
108.979
113.747
118.775
124.071
129.63
135.451
141.528
147.86
154.447
161.285
168.36
175.657
183.156
190.839
198.686
206.676
214.781
222.976
231.233
239.522
247.816
256.084
264.288
272.393
280.359
288.147
295.717
303.028
310.04
316.711
323.003
328.88
334.305
339.243
343.661
347.529
350.816
353.498
355.549
356.949
357.678
357.724
357.073
355.719
353.657
350.885
347.405
343.222
338.346
332.788
326.564
319.692
312.193
304.093
295.419
286.203
276.477
266.277
255.64
244.605
233.214
221.507
209.529
197.322
184.93
172.398
159.771
147.091
134.404
121.752
109.177
96.719
84.419
72.313
60.438
48.827
37.513
26.524
15.889
5.633
-4.221
-13.654
-22.647
-31.185
-39.256
-46.851
-53.963
-60.589
-66.726
-72.377
-77.544
-82.234
-86.455
-90.217
-93.532
-96.414
-98.88
-100.945
-102.63
-103.955
-104.94
-105.607
-105.978
-106.077
-105.927
-105.551
-104.971
-104.212
-103.295
-102.245
-101.082
-99.829
-98.508
-97.138
-95.738
-94.329
-92.925
-91.545
-90.202
-88.91
-87.681
-86.526
-85.455
-84.477
-83.598
-82.825
-82.162
-81.612
-81.177
-80.859
-80.655
-80.565
-80.586
-80.715
-80.948
-81.281
-81.707
-82.222
-82.819
-83.491
-84.231
-85.031
-85.883
-86.779
-87.709
-88.666
-89.64
-90.623
-91.607
-92.585
-93.547
-94.488
-95.399
-96.274
-97.107
-97.892
-98.622
-99.293
-99.901
-100.443
-100.914
-101.314
-101.64
-101.891
-102.066
-102.166
-102.189
-102.137
-102.01
-101.81
-101.538
-101.198
-100.79
-100.32
-99.792
-99.208
-98.576
-97.898
-97.181
-96.429
-95.649
-94.845
-94.024
-93.191
-92.351
-91.511
-90.677
-89.854
-89.048
-88.263
-87.505
-86.779
-86.088
-85.436
-84.827
-84.265
-83.752
-83.293
-82.888
-82.542
-82.257
-82.034
-81.875
-81.782
-81.754
-81.791
-81.893
-82.058
-82.284
-82.569
-82.911
-83.305
-83.747
-84.235
-84.761
-85.322
-85.911
-86.524
-87.152
-87.79
-88.431
-89.069
-89.695
-90.303
-90.886
-91.436
-91.945
-92.405
-92.811
-93.152
-93.422
-93.611
-93.712
-93.717
-93.618
-93.408
-93.078
-92.622
-92.035
-91.312
-90.448
-89.44
-88.286
-86.983
-85.53
-83.928
-82.179
-80.283
-78.243
-76.064
-73.752
-71.315
-68.76
-66.099
-63.343
-60.506
-57.604
-54.654
-51.676
-48.691
-45.723
-42.796
-39.937
-37.17
-34.517
-32.003
-29.648
-27.472
-25.492
-23.725
-22.186
-20.891
-19.852
-19.078
-18.574
-18.333
-18.347
-18.605
-19.102
-19.836
-20.812
-22.03
-23.492
-25.208
-27.185
-29.426
-31.916
-34.609
-37.456
-40.415
-43.456
-46.579
-49.777
-53.009
-56.223
-59.352
-62.313
-65.053
-67.484
-69.429
-70.83
-71.739
-72.329
-73.007
-74.145
-75.944
-78.698
-82.746
-88.026
-94.268
-100.889
-106.724
-110.889
-112.843
-111.775
-107.064
-98.828
-87.52
-74.282
-61.177
-49.719
-41.226
-37.643
-40.451
-50.554
-68.54
-93.703
-124.543
-159.01
-193.017
-221.848
-241.207
-249.19
-248.291
-239.79
-220.69
-182.292
-110.01
5.162
161.163
347.341
546.602
746.324
942.827
1132.358
1305.565
1443.935
1519.007
1507.642
1403.75
1216.616
972.738
704.961
439.876
200.744
4.468
-139.892
-227.249
-259.502
-249.834
-216.602
-178.65
-154.525
-149.979
-159.902
-175.423
-182.23
-173.34
-150.703
-119.606
-89.811
-67.166
-52.116
-43.065
-36.514
-31.256
-28.172
-27.711
-29.884
-33.264
-35.704
-36.246
-34.734
-31.016
-25.132
-17.209
-7.584
2.565
11.739
19.126
24.431
27.701
29.251
29.316
28.118
26.114
23.877
21.774
19.986
18.515
17.251
16.172
15.345
14.877
14.852
15.314
16.285
17.758
19.731
22.19
25.089
28.378
32.004
35.931
40.145
44.664
49.491
54.604
59.951
65.425
70.925
76.389
81.773
87.056
92.23
97.285
102.231
107.103
111.939
116.768
121.605
126.452
131.318
136.229
141.221
146.341
151.629
157.113
162.818
168.77
174.983
181.456
188.177
195.118
202.243
209.52
216.915
224.377
231.862
239.321
246.706
253.99
261.148
268.15
274.964
281.555
287.899
294.005
299.888
305.558
311.036
316.343
321.509
326.602
331.673
336.744
341.832
346.913
351.945
356.901
361.746
366.43
370.897
375.052
378.762
381.923
384.421
386.126
386.905
386.576
384.973
381.995
377.56
371.628
364.206
355.29
344.883
333.028
319.769
305.182
289.419
272.607
254.886
236.443
217.468
198.207
178.925
159.816
141.043
122.745
105.014
87.949
71.664
56.232
41.734
28.252
15.79
4.361
-6.027
-15.427
-23.903
-31.559
-38.553
-44.995
-50.95
-56.483
-61.623
-66.398
-70.868
-75.068
-79.04
-82.851
-86.528
-90.097
-93.593
-97.007
-100.317
-103.482
-106.416
-109.057
-111.383
-113.374
-115.034
-116.375
-117.394
-118.099
-118.509
-118.621
-118.439
-117.974
-117.226
-116.217
-114.98
-113.555
-112.003
-110.381
-108.725
-107.068
-105.435
-103.841
-102.303
-100.835
-99.435
-98.113
-96.878
-95.739
-94.708
-93.794
-92.997
-92.316
-91.745
-91.277
-90.906
-90.628
-90.438
-90.333
-90.311
-90.37
-90.513
-90.741
-91.052
-91.444
-91.912
-92.454
-93.064
-93.739
-94.474
-95.266
-96.111
-97.006
-97.95
-98.941
-99.978
-101.059
-102.184
-103.35
-104.557
-105.805
-107.092
-108.418
-109.782
-111.184
-112.625
-114.104
-115.621
-117.176
-118.769
-120.401
-122.07
-123.775
-125.516
-127.292
-129.1
-130.941
-132.812
-134.713
-136.641
-138.595
-140.572
-142.572
-144.591
-146.626
-148.674
-150.731
-152.794
-154.86
-156.923
-158.98
-161.027
-163.06
-165.075
-167.07
-169.041
-170.985
-172.899
-174.78
-176.626
-178.435
-180.205
-181.933
-183.618
-185.258
-186.851
-188.395
-189.89
-191.333
-192.724
-194.061
-195.344
-196.573
-197.748
-198.867
-199.93
-200.939
-201.892
-202.791
-203.633
-204.42
-205.151
-205.826
-206.445
-207.006
-207.509
-207.953
-208.334
-208.651
-208.9
-209.078
-209.181
-209.206
-209.149
-209.008
-208.779
-208.46
-208.047
-207.539
-206.934
-206.231
-205.427
-204.522
-203.515
-202.408
-201.202
-199.899
-198.504
-197.019
-195.451
-193.808
-192.103
-190.346
-188.555
-186.745
-184.935
-183.145
-181.399
-179.715
-178.11
-176.602
-175.204
-173.937
-172.818
-171.868
-171.103
-170.54
-170.189
-170.059
-170.156
-170.471
-170.998
-171.724
-172.641
-173.76
-175.092
-176.654
-178.464
-180.531
-182.861
-185.45
-188.268
-191.273
-194.421
-197.676
-201.026
-204.46
-207.951
-211.465
-214.944
-218.31
-221.5
-224.398
-226.834
-228.736
-230.137
-231.212
-232.326
-233.78
-235.725
-238.376
-242.01
-246.713
-252.323
-258.246
-263.489
-267.399
-269.778
-270.503
-269.346
-266.052
-260.684
-254.067
-247.661
-242.503
-238.974
-237.284
-237.939
-241.993
-250.601
-264.226
-282.389
-304.939
-330.812
-356.971
-380.358
-396.854
-404.937
-408.72
-409.645
-403.702
-379.743
-317.699
-203.613
-38.126
166.778
389.486
612.093
828.682
1036.165
1227.09
1384.588
1479.727
1485.911
1392.854
1207.515
956.976
676.822
398.208
147.258
-61.801
-222.346
-332.708
-397.258
-422.327
-419.896
-403.19
-385.181
-376.344
-377.747
-385.555
-391.303
-387.011
-371.993
-349.563
-326.441
-308.505
-296.656
-289.201
-283.418
-277.441
-271.317
-265.958
-262.031
-259.258
-257.141
-255.152
-252.615
-249.425
-245.632
-241.127
-236.123
-231.06
-226.269
-222.268
-219.729
-218.868
-219.664
-222.044
-225.68
-230.22
-235.42
-240.926
-246.298
-251.267
-255.629
-259.193
-261.898
-263.706
-264.569
-264.528
-263.655
-261.998
-259.629
-256.634
-253.088
-249.087
-244.705
-239.98
-234.964
-229.719
-224.326
-218.899
-213.531
-208.274
-203.167
-198.233
-193.487
-188.938
-184.57
-180.341
-176.205
-172.117
-168.046
-163.972
-159.862
-155.678
-151.376
-146.9
-142.207
-137.263
-132.028
-126.477
-120.597
-114.379
-107.831
-100.977
-93.841
-86.457
-78.874
-71.133
-63.281
-55.354
-47.366
-39.342
-31.307
-23.286
-15.311
-7.398
0.469
8.289
16.056
23.775
31.439
39.078
46.753
54.503
62.351
70.286
78.25
86.191
94.062
101.79
109.293
116.454
123.113
129.146
134.459
138.952
142.538
145.089
146.435
146.451
145.051
142.185
137.859
132.082
124.862
116.262
106.381
95.361
83.391
70.623
57.167
43.146
28.678
13.907
-0.979
-15.834
-30.551
-45.032
-59.212
-73.022
-86.389
-99.287
-111.727
-123.742
-135.395
-146.717
-157.705
-168.363
-178.69
-188.695
-198.408
-207.831
-216.946
-225.74
-234.198
-242.313
-250.083
-257.488
-264.489
-271.044
-277.108
-282.65
-287.663
-292.138
-296.073
-299.471
-302.335
-304.682
-306.541
-307.936
-308.89
-309.424
-309.557
-309.318
-308.739
-307.856
-306.7
-305.304
-303.697
-301.908
-299.967
-297.899
-295.727
-293.474
-291.155
-288.791
-286.401
-284.004
-281.615
-279.252
-276.928
-274.656
-272.448
-270.314
-268.26
-266.293
-264.416
-262.632
-260.942
-259.346
-257.843
-256.43
-255.105
-253.862
-252.696
-251.603
-250.574
-249.602
-248.68
-247.8
-246.952
-246.129
-245.322
-244.521
-243.719
-242.907
-242.079
-241.226
-240.342
-239.42
-238.456
-237.446
-236.384
-235.268
-234.096
-232.866
-231.577
-230.228
-228.821
-227.356
-225.835
-224.26
-222.634
-220.96
-219.24
-217.48
-215.683
-213.853
-211.995
-210.112
-208.21
-206.293
-204.367
-202.436
-200.506
-198.581
-196.666
-194.766
-192.886
-191.028
-189.198
-187.396
-185.626
-183.889
-182.186
-180.517
-178.883
-177.283
-175.717
-174.183
-172.679
-171.205
-169.757
-168.334
-166.933
-165.551
-164.185
-162.833
-161.492
-160.16
-158.832
-157.508
-156.183
-154.856
-153.523
-152.182
-150.83
-149.464
-148.08
-146.677
-145.251
-143.801
-142.324
-140.82
-139.287
-137.724
-136.133
-134.511
-132.86
-131.181
-129.473
-127.739
-125.978
-124.192
-122.383
-120.552
-118.701
-116.83
-114.942
-113.038
-111.118
-109.184
-107.237
-105.276
-103.303
-101.319
-99.324
-97.318
-95.304
-93.28
-91.249
-89.211
-87.167
-85.117
-83.061
-80.999
-78.932
-76.86
-74.781
-72.696
-70.604
-68.504
-66.397
-64.281
-62.155
-60.02
-57.873
-55.715
-53.545
-51.361
-49.164
-46.953
-44.728
-42.49
-40.239
-37.975
-35.699
-33.411
-31.111
-28.8
-26.478
-24.145
-21.802
-19.448
-17.084
-14.71
-12.325
-9.93
-7.525
-5.108
-2.68
-0.24
2.214
4.682
7.167
9.668
12.187
14.726
17.288
19.873
22.484
25.122
27.792
30.495
33.236
36.018
38.846
41.722
44.651
47.639
50.688
53.803
56.989
60.249
63.588
67.011
70.522
74.125
77.823
81.62
85.518
89.52
93.627
97.839
102.156
106.579
111.106
115.739
120.474
125.308
130.236
135.256
140.361
145.545
150.795
156.1
161.446
166.821
172.21
177.599
182.968
188.297
193.566
198.757
203.85
208.827
213.665
218.341
222.839
227.146
231.254
235.159
238.845
242.294
245.496
248.45
251.153
253.61
255.814
257.75
259.421
260.834
261.998
262.929
263.627
264.089
264.325
264.364
264.257
264.08
263.898
263.763
263.746
263.9
264.285
264.998
266.083
267.591
269.593
272.136
275.259
279.004
283.399
288.35
293.664
299.015
303.948
308.026
310.901
312.351
312.172
310.376
307.307
303.505
299.923
297.725
297.799
300.678
306.706
315.73
327.135
340.202
353.38
364.318
371.034
372.082
366.327
353.581
334.238
308.463
279.581
254.403
238.623
237.691
252.078
275.881
309.164
357.345
431.719
548.771
712.853
915.908
1142.723
1373.896
1597.779
1808.075
1994.19
2137.53
2211.941
2193.012
2071.619
1861.117
1592.214
1303.255
1029.967
795.285
609.958
477.064
390.92
343.227
326.883
330.087
343.436
361.897
378.242
392.876
410.501
431.412
458.124
488.667
515.177
534.063
543.525
543.936
539.77
534.035
527.509
521.095
515.447
511.317
510.035
512.137
517.074
524.259
533.333
543.802
555.087
566.441
576.776
585.511
592.682
598.427
603.027
606.798
609.989
613.033
616.497
620.671
625.587
631.137
637.096
643.325
649.762
656.299
662.821
669.251
675.564
681.816
688.067
694.316
700.524
706.617
712.545
718.316
723.984
729.627
735.321
741.114
747.055
753.194
759.561
766.165
772.97
779.891
786.872
793.89
800.942
808.049
815.226
822.466
829.765
837.12
844.53
851.998
859.525
867.104
874.743
882.464
890.307
898.333
906.584
915.087
923.858
932.9
942.214
951.8
961.646
971.726
982.017
992.497
1003.142
1013.931
1024.835
1035.82
1046.844
1057.863
1068.831
1079.707
1090.445
1101.003
1111.335
1121.4
1131.157
1140.57
1149.599
1158.205
1166.349
1173.99
1181.092
1187.62
1193.539
1198.818
1203.427
1207.342
1210.541
1213.006
1214.725
1215.687
1215.886
1215.321
1213.994
1211.911
1209.081
1205.518
1201.239
1196.263
1190.614
1184.318
1177.404
1169.903
1161.85
1153.281
1144.234
1134.75
1124.87
1114.637
1104.094
1093.288
1082.264
1071.068
1059.747
1048.347
1036.914
1025.495
1014.135
1002.875
991.758
980.824
970.109
959.649
949.476
939.62
930.109
920.966
912.214
903.871
895.953
888.474
881.445
874.874
868.765
863.122
857.945
853.232
848.978
845.175
841.816
838.888
836.378
834.271
832.55
831.195
830.188
829.505
829.126
829.025
829.179
829.564
830.153
830.923
831.849
832.905
834.069
835.318
836.628
837.978
839.348
840.718
842.068
843.382
844.641
845.83
846.934
847.939
848.832
849.602
850.237
850.729
851.069
851.251
851.267
851.114
850.788
850.287
849.608
848.752
847.72
846.512
845.131
843.58
841.863
839.984
837.947
835.756
833.417
830.935
828.313
825.558
822.675
819.668
816.543
813.305
809.96
806.513
802.971
799.338
795.621
791.824
787.955
784.017
780.017
775.96
771.85
767.691
763.489
759.248
754.97
750.661
746.321
741.955
737.565
733.152
728.718
724.266
719.796
715.311
710.811
706.298
701.774
697.24
692.697
688.146
683.589
679.026
674.457
669.882
665.302
660.716
656.123
651.523
646.916
642.298
637.671
633.031
628.378
623.71
619.026
614.323
609.6
604.856
600.089
595.297
590.48
585.635
580.761
575.858
570.923
565.954
560.951
555.909
550.828
545.705
540.538
535.323
530.058
524.741
519.369
513.94
508.452
502.902
497.287
491.607
485.858
480.038
474.147
468.181
462.139
456.019
449.82
443.54
437.177
430.73
424.196
417.575
410.864
404.062
397.166
390.176
383.09
375.906
368.624
361.243
353.763
346.182
338.503
330.723
322.844
314.866
306.79
298.616
290.345
281.979
273.517
264.961
256.314
247.574
238.745
229.827
220.822
211.731
202.556
193.297
183.958
174.539
165.043
155.47
145.824
136.106
126.317
116.46
106.536
96.547
86.493
76.377
66.199
55.96
45.66
35.3
24.881
14.402
3.863
-6.735
-17.394
-28.115
-38.897
-49.743
-60.654
-71.631
-82.675
-93.789
-104.975
-116.234
-127.57
-138.984
-150.48
-162.06
-173.728
-185.487
-197.34
-209.291
-221.341
-233.496
-245.756
-258.126
-270.609
-283.206
-295.922
-308.758
-321.718
-334.805
-348.02
-361.368
-374.849
-388.465
-402.219
-416.111
-430.143
-444.314
-458.626
-473.079
-487.671
-502.403
-517.273
-532.28
-547.42
-562.692
-578.091
-593.614
-609.256
-625.013
-640.879
-656.851
-672.922
-689.086
-705.34
-721.678
-738.093
-754.579
-771.128
-787.734
-804.389
-821.084
-837.809
-854.554
-871.31
-888.069
-904.822
-921.56
-938.276
-954.963
-971.616
-988.229
-1004.796
-1021.311
-1037.766
-1054.158
-1070.481
-1086.732
-1102.911
-1119.015
-1135.047
-1151.008
-1166.908
-1182.752
-1198.545
-1214.289
-1229.982
-1245.631
-1261.251
-1276.862
-1292.487
-1308.159
-1323.912
-1339.794
-1355.867
-1372.186
-1388.801
-1405.757
-1423.09
-1440.843
-1459.072
-1477.832
-1497.185
-1517.181
-1537.846
-1559.206
-1581.285
-1604.075
-1627.557
-1651.677
-1676.337
-1701.456
-1726.963
-1752.779
-1778.842
-1805.061
-1831.309
-1857.469
-1883.423
-1909.059
-1934.307
-1959.077
-1983.257
-2006.777
-2029.582
-2051.667
-2073.117
-2093.962
-2114.176
-2133.826
-2153.079
-2172.232
-2191.767
-2212.112
-2233.546
-2256.4
-2281.08
-2307.809
-2336.531
-2366.803
-2397.731
-2428.387
-2458.181
-2486.597
-2512.91
-2536.657
-2557.929
-2577.354
-2596.403
-2616.89
-2639.881
-2666.153
-2697.126
-2733.982
-2777.183
-2826.583
-2879.203
-2929.872
-2975.059
-3012.412
-3041.909
-3065.688
-3081.488
-3081.522
-3053.813
-2985.863
-2872.258
-2718.233
-2538.02
-2347.522
-2158.928
-1976.386
-1796.717
-1616.441
-1433.484
-1252.235
