Name,Kaushik Vada
Date of Birth,"Mar 17, 2005"
Recorded Date,2024-01-24 14:53:04 -0800
Classification,Sinus Rhythm
Symptoms,
Software Version,1.90
Device,"Watch6,15"
Sample Rate,512 hertz


Lead,Lead I
Unit,µV

53.773
51.248
48.677
46.061
43.434
40.837
38.327
35.965
33.745
31.72
30.043
28.741
27.718
26.723
25.273
22.935
19.538
14.899
8.674
0.796
-8.388
-18.216
-27.542
-35.059
-40.925
-45.336
-46.709
-44.824
-37.871
-24.319
-9.052
4.23
10.811
4.984
-10.653
-33.666
-62.08
-91.424
-122.606
-155.306
-185.017
-208.75
-221.686
-221.088
-210.281
-190.544
-159.398
-111.453
-36.512
72.513
213.306
379.218
560.074
743.33
919.082
1073.393
1186.734
1240.589
1220.944
1126.436
969.508
772.108
557.755
344.32
146.035
-29.646
-176.003
-284.018
-349.363
-368.415
-347.366
-302.849
-253.716
-222.139
-216.931
-234.534
-265.942
-294.947
-316.727
-332.411
-341.537
-347.155
-342.082
-319.328
-281.878
-235.151
-196.015
-180.314
-190.961
-225.723
-269.266
-303.463
-320.331
-315.456
-295.594
-273.458
-255.87
-248.283
-250.12
-255.531
-261.674
-266.513
-269.569
-272.635
-276.041
-279.262
-281.858
-283.145
-282.935
-281.502
-279.063
-275.748
-271.692
-267.016
-261.806
-256.127
-250.029
-243.541
-236.719
-229.673
-222.511
-215.311
-208.134
-201.02
-193.986
-187.044
-180.184
-173.383
-166.611
-159.849
-153.09
-146.329
-139.566
-132.792
-125.995
-119.164
-112.285
-105.348
-98.345
-91.269
-84.12
-76.901
-69.619
-62.286
-54.912
-47.506
-40.075
-32.626
-25.166
-17.701
-10.242
-2.796
4.625
12.009
19.339
26.599
33.771
40.835
47.773
54.564
61.188
67.622
73.847
79.842
85.585
91.058
96.24
101.113
105.66
109.865
113.714
117.193
120.292
123
125.309
127.215
128.714
129.802
130.48
130.748
130.612
130.075
129.146
127.831
126.144
124.095
121.702
118.98
115.948
112.628
109.042
105.213
101.166
96.928
92.526
87.987
83.338
78.609
73.827
69.02
64.216
59.441
54.721
50.082
45.547
41.138
36.878
32.784
28.877
25.171
21.683
18.425
15.41
12.648
10.148
7.917
5.959
4.28
2.879
1.758
0.913
0.343
0.04
-0.001
0.21
0.664
1.349
2.252
3.36
4.658
6.131
7.763
9.536
11.434
13.439
15.535
17.704
19.929
22.193
24.481
26.776
29.064
31.329
33.558
35.737
37.854
39.895
41.85
43.709
45.461
47.098
48.612
49.998
51.25
52.363
53.335
54.162
54.844
55.381
55.773
56.022
56.13
56.1
55.936
55.642
55.223
54.685
54.033
53.274
52.412
51.455
50.408
49.277
48.069
46.789
45.443
44.037
42.577
41.069
39.518
37.929
36.308
34.659
32.985
31.29
29.577
27.847
26.103
24.345
22.574
20.789
18.991
17.178
15.349
13.5
11.63
9.736
7.812
5.856
3.863
1.828
-0.252
-2.383
-4.568
-6.813
-9.122
-11.501
-13.953
-16.485
-19.102
-21.81
-24.615
-27.523
-30.538
-33.664
-36.905
-40.264
-43.741
-47.343
-51.073
-54.931
-58.932
-63.085
-67.393
-71.865
-76.502
-81.285
-86.211
-91.266
-96.388
-101.544
-106.734
-111.942
-117.171
-122.474
-127.882
-133.432
-139.338
-145.777
-152.59
-159.722
-167.249
-174.774
-182.859
-192.133
-201.328
-210.115
-216.601
-217.415
-213.582
-206.552
-200.587
-204.315
-220.99
-249.835
-284.87
-313.21
-326.166
-322.145
-306.405
-290.917
-285.065
-291.512
-307.415
-326.005
-342.182
-354.622
-364.297
-373.279
-382.635
-392.263
-401.9
-411.359
-420.79
-430.477
-440.509
-450.88
-461.58
-472.591
-483.877
-495.356
-506.921
-518.476
-529.965
-541.361
-552.616
-563.679
-574.503
-585.02
-595.176
-604.908
-614.126
-622.77
-630.83
-638.315
-645.316
-651.947
-658.242
-664.372
-670.634
-677.279
-684.629
-692.847
-701.81
-711.606
-722.582
-734.799
-748.099
-762.125
-776.062
-789.47
-802.499
-814.817
-825.63
-834.414
-840.912
-845.507
-849.528
-853.966
-859.164
-865.947
-875.789
-889.234
-904.804
-919.392
-928.538
-930.366
-928.485
-927.807
-929.732
-928.014
-907.308
-848.04
-736.997
-573.746
-368.747
-143.207
79.436
281.301
444.926
555.673
601.312
569.693
457.443
274.546
44.805
-198.199
-420.221
-598.031
-727.862
-819.895
-891.781
-959.797
-1027.717
-1091.104
-1142.476
-1174.235
-1185.65
-1180.876
-1165.313
-1144.674
-1122.119
-1098.99
-1076.277
-1055.054
-1037.425
-1025.276
-1019.255
-1019.45
-1025.253
-1035.678
-1049.851
-1066.007
-1081.345
-1093.327
-1100.256
-1101.066
-1095.555
-1083.792
-1065.849
-1042.787
-1016.281
-987.844
-958.54
-928.859
-898.743
-868.119
-836.944
-804.574
-770.214
-733.204
-693.047
-649.671
-603.251
-553.878
-501.599
-446.652
-389.246
-329.56
-267.848
-204.147
-138.347
-70.466
-0.621
70.942
143.656
216.978
290.742
364.702
438.359
511.596
584.616
657.896
732.852
809.759
886.616
962.207
1037.095
1115.306
1204.45
1308.25
1421.135
1528.236
1610.38
1654.9
1664.737
1658.198
1659.471
1686.907
1744.612
1822.023
1902.782
1974.661
2033.593
2083.659
2132.072
2182.654
2235.593
2288.518
2337.968
2382.323
2421.452
2455.206
2483.49
2506.061
2522.141
2531.287
2533.502
2528.85
2517.665
2500.795
2479.353
2454.358
2426.989
2398.227
2368.669
2338.81
2308.882
2278.667
2247.695
2215.587
2181.977
2146.665
2109.684
2071.105
2031.107
1990.015
1948.225
1906.063
1863.773
1821.534
1779.471
1737.689
1696.279
1655.356
1615.049
1575.551
1537.127
1500.012
1464.417
1430.518
1398.432
1368.264
1340.114
1314.029
1290.021
1268.059
1248.047
1229.903
1213.568
1198.92
1185.814
1174.053
1163.381
1153.599
1144.561
1136.133
1128.207
1120.681
1113.444
1106.428
1099.6
1092.942
1086.463
1080.162
1074.021
1068.057
1062.308
1056.838
1051.741
1047.066
1042.819
1038.997
1035.582
1032.549
1029.879
1027.526
1025.422
1023.504
1021.712
1019.99
1018.297
1016.573
1014.748
1012.746
1010.484
1007.896
1004.94
1001.579
997.781
993.523
988.786
983.562
977.855
971.665
964.987
957.815
950.141
941.964
933.287
924.118
914.464
904.335
893.738
882.68
871.172
859.222
846.839
834.031
820.804
807.167
793.133
778.717
763.935
748.802
733.337
717.557
701.48
685.127
668.516
651.666
634.594
617.322
599.868
582.255
564.501
546.629
528.662
510.621
492.531
474.414
456.292
438.191
420.139
402.159
384.278
366.521
348.908
331.469
314.233
297.215
280.433
263.903
247.638
231.67
216.034
200.739
185.79
171.237
157.122
143.479
130.354
117.737
105.592
93.961
82.904
72.303
62.018
52.148
42.693
33.631
25.295
16.807
7.312
-1.964
-10.647
-16.486
-16.786
-14.534
-11.725
-11.322
-17.401
-26.368
-35.178
-41.749
-42.634
-40.311
-37.291
-34.141
-32.393
-31.173
-29.35
-27.15
-24.437
-21.296
-17.97
-14.32
-10.235
-5.77
-0.946
4.238
9.762
15.602
21.74
28.136
34.749
41.572
48.596
55.799
63.159
70.655
78.261
85.956
93.714
101.506
109.301
117.067
124.772
132.38
139.858
147.173
154.293
161.186
167.82
174.167
180.199
185.89
191.214
196.147
200.664
204.746
208.38
211.565
214.3
216.585
218.415
219.78
220.666
221.065
220.968
220.356
219.217
217.543
215.345
212.671
209.568
206.076
202.215
197.978
193.367
188.417
183.176
177.706
172.083
166.347
160.577
154.945
149.503
144.197
138.84
133.005
126.308
118.551
109.459
98.721
86.41
72.798
58.484
44.687
32.358
22.089
14.704
10.793
10.218
12.565
16.731
20.635
22.716
21.648
15.467
2.734
-17.129
-44.46
-78.52
-117.419
-159.839
-203.062
-241.704
-270.724
-285.128
-282.489
-265.7
-237.601
-199.402
-148.721
-76.75
26.048
166.793
347.382
560.09
788.478
1008.664
1192.08
1310.338
1342.155
1279.107
1127.397
909.447
655.599
395.274
154.985
-51.093
-217.55
-340.623
-424.692
-471.723
-481.45
-463.349
-424.961
-378.721
-344.241
-327.733
-329.695
-344.088
-354.122
-352.453
-339.598
-319.287
-301.227
-290.145
-285.007
-283.87
-283.762
-283.402
-283.029
-282.745
-282.24
-280.666
-277.568
-272.954
-266.805
-259.303
-250.814
-241.652
-232.454
-224.03
-216.691
-210.475
-205.312
-200.923
-197.007
-193.288
-189.406
-184.959
-179.774
-173.816
-167.067
-159.608
-151.511
-142.822
-133.654
-124.134
-114.346
-104.359
-94.254
-84.095
-73.985
-64.044
-54.327
-44.877
-35.71
-26.814
-18.227
-9.982
-2.078
5.483
12.71
19.614
26.182
32.403
38.293
43.868
49.154
54.179
58.947
63.463
67.731
71.75
75.539
79.12
82.501
85.693
88.707
91.554
94.256
96.835
99.296
101.647
103.897
106.049
108.118
110.114
112.043
113.911
115.721
117.473
119.17
120.813
122.401
123.93
125.398
126.798
128.13
129.389
130.572
131.675
132.693
133.617
134.444
135.168
135.781
136.277
136.648
136.889
136.992
136.951
136.761
136.415
135.908
135.234
134.387
133.364
132.158
130.768
129.189
127.419
125.458
123.304
120.958
118.42
115.692
112.776
109.676
106.395
102.936
99.305
95.508
91.549
87.434
83.171
78.765
74.224
69.556
64.767
59.866
54.862
49.761
44.573
39.306
33.969
28.572
23.123
17.632
12.109
6.564
1.006
-4.556
-10.112
-15.652
-21.169
-26.653
-32.096
-37.492
-42.832
-48.109
-53.319
-58.454
-63.51
-68.482
-73.365
-78.155
-82.849
-87.444
-91.937
-96.325
-100.605
-104.777
-108.839
-112.789
-116.627
-120.353
-123.966
-127.468
-130.859
-134.141
-137.317
-140.389
-143.36
-146.233
-149.012
-151.702
-154.305
-156.827
-159.272
-161.644
-163.948
-166.188
-168.367
-170.491
-172.563
-174.587
-176.566
-178.504
-180.405
-182.272
-184.109
-185.919
-187.707
-189.475
-191.229
-192.97
-194.703
-196.43
-198.155
-199.88
-201.609
-203.341
-205.081
-206.828
-208.584
-210.348
-212.122
-213.903
-215.692
-217.486
-219.284
-221.083
-222.881
-224.677
-226.466
-228.247
-230.017
-231.774
-233.514
-235.235
-236.933
-238.603
-240.243
-241.847
-243.409
-244.925
-246.388
-247.793
-249.134
-250.403
-251.596
-252.704
-253.721
-254.641
-255.457
-256.163
-256.751
-257.217
-257.556
-257.763
-257.835
-257.77
-257.566
-257.22
-256.733
-256.103
-255.33
-254.414
-253.355
-252.156
-250.819
-249.348
-247.747
-246.023
-244.187
-242.248
-240.218
-238.112
-235.945
-233.735
-231.5
-229.262
-227.039
-224.852
-222.72
-220.662
-218.699
-216.85
-215.13
-213.555
-212.137
-210.892
-209.833
-208.973
-208.318
-207.866
-207.615
-207.562
-207.711
-208.074
-208.66
-209.478
-210.535
-211.842
-213.41
-215.244
-217.335
-219.65
-222.139
-224.759
-227.474
-230.268
-233.136
-236.057
-238.983
-241.861
-244.621
-247.201
-249.567
-251.638
-253.322
-254.629
-255.65
-256.622
-257.929
-259.881
-262.7
-266.655
-271.909
-278.409
-285.982
-294.102
-301.963
-308.924
-314.361
-317.637
-318.474
-316.898
-313.195
-308.275
-303.333
-299.538
-298.387
-301.28
-309.323
-323.407
-343.742
-369.881
-400.136
-431.156
-459.122
-480.053
-492.321
-496.948
-493.393
-479.732
-448.724
-389.699
-297.311
-169.939
-14.418
156.974
336.405
515.878
688.14
842.835
960.069
1016.338
992.82
883.81
699.483
465.987
213.895
-32.412
-252.824
-438.632
-585.208
-685.318
-737.59
-741.455
-704.145
-644.47
-581.352
-531.919
-502.375
-485.446
-470.563
-449.296
-421.265
-394.082
-376.04
-371.117
-378.375
-393.198
-410.163
-425.961
-438.351
-445.71
-447.671
-444.281
-436.05
-424.194
-410.034
-394.793
-379.985
-366.99
-356.501
-348.784
-343.727
-340.947
-340.105
-340.861
-342.691
-345.016
-347.484
-349.944
-352.358
-354.769
-357.117
-359.245
-361.058
-362.561
-363.764
-364.616
-365.034
-364.894
-364.08
-362.608
-360.558
-357.947
-354.752
-351.112
-347.218
-343.015
-338.601
-334.122
-329.283
-325.099
-322.547
-320.261
-317.844
-312.805
-302.14
-289.197
-276.197
-266.456
-264.541
-266.419
-268.656
-268.879
-263.164
-254.234
-244.871
-235.691
-228.405
-222.016
-215.247
-208.341
-201.148
-193.78
-186.518
-179.211
-171.74
-164.165
-156.517
-148.811
-141.084
-133.382
-125.738
-118.208
-110.847
-103.673
-96.703
-89.968
-83.488
-77.285
-71.379
-65.791
-60.539
-55.646
-51.131
-47.006
-43.281
-39.966
-37.068
-34.594
-32.548
-30.925
-29.717
-28.911
-28.494
-28.452
-28.773
-29.437
-30.427
-31.723
-33.309
-35.176
-37.316
-39.721
-42.379
-45.265
-48.362
-51.665
-55.176
-58.92
-62.914
-67.143
-71.584
-76.199
-80.939
-85.805
-90.769
-95.737
-100.671
-105.56
-110.452
-115.573
-121.111
-127.022
-133.223
-139.557
-145.663
-151.257
-155.902
-158.723
-158.936
-156.162
-150.32
-141.852
-131.674
-120.557
-109.536
-100.295
-94.5
-93.453
-97.84
-107.337
-120.9
-137.491
-155.756
-173.697
-189.116
-200.001
-205.092
-204.211
-197.949
-187.137
-172.847
-156.602
-140.274
-125.632
-113.877
-105.528
-100.52
-98.496
-98.996
-101.281
-104.377
-107.49
-110.011
-111.516
-111.887
-111.08
-109.205
-106.708
-103.978
-101.139
-98.44
-96.18
-94.608
-94.162
-94.835
-96.029
-97.415
-98.924
-100.302
-101.318
-101.595
-100.434
-97.817
-94.454
-90.773
-87.023
-83.465
-80.194
-77.547
-76.124
-75.919
-76.391
-77.159
-77.945
-78.654
-79.356
-79.846
-79.928
-79.902
-79.995
-80.243
-80.838
-81.436
-82.726
-86.81
-93.105
-99.735
-103.318
-97.758
-83.847
-67.55
-55.008
-54.899
-67.136
-83.657
-98.257
-104.046
-100.322
-93.141
-86.056
-81.68
-80.574
-80.237
-79.649
-78.855
-77.78
-76.803
-75.976
-74.96
-73.658
-72.117
-70.325
-68.267
-65.958
-63.411
-60.66
-57.767
-54.755
-51.611
-48.343
-44.964
-41.488
-37.93
-34.305
-30.622
-26.899
-23.154
-19.407
-15.672
-11.97
-8.323
-4.747
-1.248
2.171
5.517
8.782
11.942
14.978
17.876
20.619
23.192
25.563
27.686
29.529
31.079
32.325
33.261
33.842
34.01
33.728
32.974
31.785
30.252
28.437
26.415
24.331
22.281
20.329
18.511
16.697
14.749
12.63
10.261
7.604
4.843
2.353
0.772
0.885
3.207
7.949
15.169
24.739
36.258
48.546
59.546
67.36
70.354
68.181
62.35
52.835
38.903
20.027
-6.859
-40.87
-75.815
-105.839
-120.743
-113.571
-89.266
-55.966
-27.728
-19.416
-33.274
-65.426
-108.09
-150.477
-185.506
-207.103
-204.79
-165.783
-82.216
46.535
208.743
383.194
553.948
713.329
863.69
1013.172
1161.53
1297.108
1398.826
1441.627
1409.891
1303.236
1133.918
925.724
703.315
484.342
283.383
109.185
-31.052
-126.778
-172.784
-171.906
-135.971
-87.145
-47.54
-28.62
-30.267
-41.126
-45.522
-35.721
-12.203
18.496
46.682
67.946
82.721
93.074
101.974
110.278
117.11
121.814
124.167
124.523
123.422
121.257
118.237
114.369
109.855
105.242
101.028
97.359
94.292
91.786
89.953
89.415
90.58
93.208
96.712
100.641
104.722
108.862
112.914
116.319
118.661
120.058
120.982
121.877
122.987
124.361
125.991
128.05
130.674
133.757
137.033
140.243
143.25
146.041
148.672
151.155
153.479
155.679
157.817
159.96
162.159
164.425
166.748
169.122
171.559
174.077
176.706
179.472
182.395
185.497
188.793
192.293
196.009
199.947
204.111
208.501
213.111
217.925
222.931
228.125
233.507
239.075
244.816
250.68
256.576
262.423
268.167
273.783
279.289
284.681
289.873
294.859
299.769
304.659
309.531
314.266
318.433
321.684
324.109
325.682
326.171
325.925
325.42
325.012
326.05
328.695
330.879
333.039
336.684
343.841
360.062
384.301
408.45
424.744
423.356
403.074
373.504
343.465
321.522
310.07
304.056
300.474
297.389
294.759
294.692
296.718
299.709
303.064
305.589
306.851
306.762
304.708
300.828
296.054
290.956
285.933
281.221
276.677
272.34
268.53
265.268
262.323
259.529
256.721
253.861
251.089
248.447
245.893
243.411
240.993
238.637
236.356
234.14
231.947
229.764
227.599
225.453
223.318
221.172
218.972
216.687
214.32
211.835
209.148
206.247
203.16
200.026
197.133
194.589
192.297
190.122
187.876
185.322
182.271
178.254
172.49
164.622
154.731
143.177
130.675
117.838
105.048
93.036
82.866
75.103
69.833
66.65
64.56
62.829
61.084
58.723
54.986
49.436
41.91
32.704
22.636
12.257
1.817
-8.388
-18.088
-27.093
-35.249
-42.645
-49.618
-56.367
-62.956
-69.417
-75.706
-81.813
-87.776
-93.582
-99.171
-104.518
-109.612
-114.472
-119.149
-123.672
-128.05
-132.287
-136.379
-140.328
-144.141
-147.826
-151.39
-154.838
-158.172
-161.395
-164.512
-167.524
-170.432
-173.235
-175.928
-178.507
-180.973
-183.325
-185.567
-187.699
-189.719
-191.622
-193.404
-195.058
-196.578
-197.956
-199.183
-200.249
-201.143
-201.856
-202.378
-202.699
-202.809
-202.699
-202.36
-201.782
-200.958
-199.88
-198.542
-196.938
-195.063
-192.914
-190.49
-187.789
-184.815
-181.573
-178.069
-174.315
-170.319
-166.094
-161.657
-157.025
-152.22
-147.262
-142.173
-136.978
-131.703
-126.374
-121.019
-115.667
-110.34
-105.062
-99.856
-94.744
-89.754
-84.905
-80.21
-75.68
-71.324
-67.154
-63.191
-59.45
-55.942
-52.678
-49.666
-46.916
-44.441
-42.239
-40.29
-38.565
-37.017
-35.608
-34.317
-33.122
-32.016
-30.971
-29.927
-28.832
-27.629
-26.256
-24.682
-22.844
-20.655
-18.15
-15.467
-12.857
-10.745
-9.48
-9.3
-10.494
-13.215
-17.376
-22.764
-28.727
-34.281
-38.606
-40.861
-40.292
-36.669
-30.098
-20.992
-10.555
-0.255
8.452
13.564
13.405
7.183
-5.616
-24.806
-49.139
-77.481
-107.027
-132.041
-147.58
-149.542
-136.428
-112.098
-78.615
-32.991
30.849
122.958
250.26
409.041
590.624
784.368
978.3
1164.77
1332.35
1459.339
1521.789
1497.72
1378.48
1179.377
930.337
666.784
421.399
211.186
42.027
-84
-172.094
-224.144
-239.499
-226.839
-193.564
-151.591
-119.506
-102.71
-100.719
-107.586
-108.259
-97.149
-76.685
-52.059
-32.69
-22.881
-21.182
-24.922
-31.016
-37.969
-45.386
-52.829
-59.53
-64.318
-66.734
-66.974
-65.138
-61.581
-56.886
-51.53
-46.315
-42.145
-39.322
-37.834
-37.529
-38.032
-38.98
-40.061
-40.858
-40.96
-40.17
-38.421
-35.748
-32.278
-28.104
-23.305
-17.979
-12.227
-6.136
0.226
6.789
13.492
20.259
27.002
33.657
40.181
46.546
52.744
58.776
64.653
70.39
76.014
81.542
86.987
92.363
97.685
102.969
108.237
113.513
118.817
124.172
129.594
135.098
140.693
146.387
152.182
158.077
164.072
170.164
176.354
182.638
189.013
195.475
202.015
208.623
215.288
221.996
228.729
235.467
242.191
248.878
255.504
262.046
268.478
274.774
280.907
286.851
292.578
298.061
303.273
308.189
312.781
317.027
320.902
324.386
327.458
330.101
332.298
334.038
335.309
336.104
336.416
336.244
335.588
334.45
332.838
330.759
328.224
325.249
321.85
318.046
313.859
309.313
304.434
299.25
293.789
288.082
282.161
276.057
269.805
263.437
256.988
250.49
243.978
237.484
231.041
224.679
218.429
212.319
206.377
200.628
195.095
189.8
184.761
179.997
175.52
171.342
167.474
163.923
160.692
157.785
155.201
152.938
150.992
149.355
148.02
146.976
146.211
145.71
145.459
145.441
145.637
146.03
146.599
147.325
148.186
149.161
150.229
151.368
152.556
153.774
154.999
156.213
157.394
158.526
159.591
160.572
161.456
162.227
162.874
163.386
163.753
163.966
164.019
163.905
163.62
163.16
162.523
161.708
160.714
159.543
158.196
156.675
154.983
153.124
151.101
148.919
146.583
144.098
141.469
138.701
135.8
132.771
129.62
126.351
122.969
119.478
115.883
112.186
108.39
104.498
100.512
96.432
92.26
87.996
83.639
79.19
74.647
70.01
65.277
60.446
55.517
50.487
45.355
40.12
34.781
29.338
23.788
18.134
12.375
6.512
0.547
-5.518
-11.681
-17.938
-24.286
-30.719
-37.234
-43.823
-50.481
-57.2
-63.973
-70.792
-77.648
-84.531
-91.432
-98.34
-105.245
-112.137
-119.004
-125.835
-132.62
-139.346
-146.003
-152.579
-159.064
-165.447
-171.718
-177.867
-183.884
-189.76
-195.488
-201.06
-206.469
-211.711
-216.778
-221.668
-226.376
-230.899
-235.235
-239.381
-243.336
-247.099
-250.669
-254.046
-257.232
-260.226
-263.03
-265.646
-268.075
-270.319
-272.381
-274.264
-275.969
-277.5
-278.861
-280.054
-281.086
-281.958
-282.676
-283.245
-283.669
-283.954
-284.104
-284.122
-284.016
-283.789
-283.448
-282.997
-282.444
-281.795
-281.057
-280.244
-279.368
-278.444
-277.489
-276.518
-275.55
-274.607
-273.706
-272.863
-272.09
-271.399
-270.803
-270.317
-269.954
-269.726
-269.643
-269.71
-269.929
-270.304
-270.829
-271.491
-272.276
-273.168
-274.164
-275.275
-276.517
-277.906
-279.451
-281.162
-283.043
-285.087
-287.279
-289.586
-291.975
-294.43
-296.933
-299.47
-302.026
-304.559
-307.011
-309.324
-311.39
-313.08
-314.335
-315.138
-315.589
-315.935
-316.386
-317.13
-318.417
-320.488
-323.463
-327.326
-331.662
-335.745
-339.024
-341.048
-341.465
-339.978
-336.207
-329.974
-321.818
-312.752
-303.747
-295.888
-289.912
-286.491
-287.094
-293.194
-305.498
-324.426
-348.903
-375.94
-403.58
-429.793
-453.147
-474.817
-492.921
-502.009
-494.629
-460.016
-391.022
-288.124
-154.913
2.394
178.179
371.97
580.281
792.051
989.055
1144.348
1230.923
1232.17
1145.536
982.423
767.185
527.063
284.23
58.415
-139.725
-303.17
-423.36
-497.81
-524.674
-510.129
-470.338
-422.177
-385.003
-367.663
-366.497
-373.032
-373.08
-359.829
-336.09
-307.973
-285.04
-272.268
-268.749
-271.826
-277.738
-284.539
-291.721
-298.681
-304.671
-308.381
-308.97
-306.493
-301.242
-293.7
-284.589
-274.536
-264.38
-255.207
-247.534
-241.469
-236.973
-233.718
-231.389
-229.742
-228.372
-226.873
-225.055
-222.817
-220.129
-217.031
-213.472
-209.418
-204.918
-200.022
-194.787
-189.244
-183.397
-177.275
-170.927
-164.396
-157.709
-150.836
-143.727
-136.382
-128.822
-121.101
-113.309
-105.494
-97.68
-89.911
-82.213
-74.608
-67.117
-59.726
-52.411
-45.172
-38.019
-30.987
-24.116
-17.416
-10.878
-4.488
1.787
7.965
14.053
20.078
26.057
32.002
37.922
43.805
49.629
55.381
61.056
66.647
72.149
77.544
82.799
87.88
92.754
97.394
101.786
105.902
109.707
113.152
116.167
118.705
120.752
122.302
123.375
123.977
124.059
123.634
122.782
121.535
119.916
117.803
114.888
111.027
106.28
100.767
94.709
88.353
81.847
75.686
70.701
67.396
65.983
66.212
67.269
68.379
68.933
67.945
64.179
56.686
44.693
28.355
8.85
-12.642
-34.958
-56.768
-76.789
-93.722
-106.222
-113.974
-117.7
-118.316
-116.998
-114.761
-112.303
-110.551
-110.567
-112.755
-116.92
-122.521
-128.655
-134.751
-140.632
-146.005
-150.537
-154.066
-156.559
-158.248
-159.62
-160.949
-162.266
-163.536
-164.658
-165.594
-166.398
-167.053
-167.425
-167.374
-166.811
-165.746
-164.31
-162.614
-160.635
-158.383
-156.087
-154.015
-152.278
-150.852
-149.495
-148.719
-150.146
-154.773
-161.712
-166.751
-163.814
-149.593
-126.649
-104.183
-92.558
-97.133
-115.164
-136.184
-150.285
-152.863
-145.404
-134.75
-126.211
-121.567
-120.382
-120.296
-120.047
-119.785
-119.659
-119.906
-120.484
-121.081
-121.601
-122.083
-122.511
-122.871
-123.17
-123.438
-123.726
-124.076
-124.488
-124.933
-125.394
-125.869
-126.355
-126.845
-127.328
-127.794
-128.236
-128.654
-129.044
-129.403
-129.726
-130.009
-130.249
-130.442
-130.586
-130.678
-130.718
-130.703
-130.632
-130.504
-130.32
-130.079
-129.782
-129.431
-129.026
-128.57
-128.066
-127.516
-126.922
-126.288
-125.616
-124.91
-124.173
-123.407
-122.616
-121.802
-120.969
-120.12
-119.258
-118.387
-117.51
-116.63
-115.751
-114.876
-114.009
-113.154
-112.314
-111.493
-110.693
-109.918
-109.172
-108.456
-107.772
-107.125
-106.514
-105.941
-105.409
-104.917
-104.467
-104.059
-103.693
-103.37
-103.088
-102.849
-102.651
-102.494
-102.376
-102.297
-102.255
-102.247
-102.272
-102.325
-102.402
-102.501
-102.616
-102.743
-102.876
-103.008
-103.135
-103.249
-103.343
-103.41
-103.441
-103.428
-103.362
-103.236
-103.039
-102.765
-102.405
-101.95
-101.394
-100.728
-99.946
-99.04
-98.003
-96.828
-95.51
-94.044
-92.425
-90.652
-88.722
-86.639
-84.407
-82.034
-79.527
-76.895
-74.148
-71.299
-68.36
-65.348
-62.275
-59.161
-56.024
-52.885
-49.767
-46.693
-43.688
-40.772
-37.962
-35.277
-32.732
-30.345
-28.129
-26.098
-24.263
-22.637
-21.24
-20.088
-19.189
-18.552
-18.177
-18.057
-18.183
-18.537
-19.087
-19.802
-20.649
-21.587
-22.58
-23.592
-24.584
-25.531
-26.406
-27.18
-27.829
-28.312
-28.584
-28.631
-28.468
-28.136
-27.679
-27.198
-26.875
-27.012
-28.031
-30.348
-34.23
-39.773
-47.06
-55.949
-66.002
-76.547
-86.439
-94.354
-99.29
-100.679
-98.146
-91.834
-82.469
-71.013
-59.309
-49.8
-44.454
-44.785
-52.022
-66.396
-87.264
-112.548
-137.722
-157.718
-168.804
-170.923
-166.327
-154.054
-127.805
-74.397
19.868
157.342
326.966
508.474
680.889
835.424
978.781
1119.05
1256.431
1377.756
1450.973
1447.174
1354.73
1177.506
944.259
690.365
442.072
221.997
38.255
-107.154
-209.572
-269.725
-286.906
-266.468
-222.173
-168.283
-122.799
-94.421
-81.507
-78.549
-73.306
-60.031
-40.766
-19.282
-2.867
5.07
6.292
3.266
-0.938
-4.571
-7.55
-9.871
-11.276
-11.242
-9.607
-6.672
-2.718
1.846
6.65
11.485
15.847
19.104
21.044
21.743
21.429
20.518
19.371
18.211
17.349
17.139
17.762
19.297
21.722
24.901
28.723
33.119
38.002
43.274
48.857
54.656
60.585
66.569
72.523
78.379
84.09
89.622
94.956
100.09
105.036
109.817
114.466
119.009
123.464
127.845
132.167
136.451
140.721
145
149.311
153.672
158.101
162.612
167.218
171.923
176.73
181.635
186.633
191.72
196.893
202.148
207.481
212.884
218.348
223.864
229.418
234.995
240.577
246.142
251.668
257.131
262.506
267.768
272.889
277.842
282.599
287.132
291.413
295.414
299.107
302.467
305.467
308.084
310.295
312.08
313.421
314.3
314.705
314.624
314.048
312.971
311.389
309.3
306.707
303.613
300.025
295.953
291.408
286.407
280.966
275.105
268.849
262.22
255.246
247.956
240.38
232.548
224.495
216.252
207.855
199.337
190.733
182.078
173.405
164.747
156.136
147.604
139.18
130.891
122.765
114.826
107.097
99.599
92.35
85.368
78.667
72.261
66.159
60.371
54.902
49.756
44.936
40.441
36.27
32.418
28.879
25.645
22.707
20.053
17.671
15.547
13.667
12.013
10.569
9.318
8.242
7.324
6.545
5.888
5.336
4.87
4.476
4.136
3.836
3.561
3.296
3.03
2.751
2.446
2.108
1.726
1.293
0.803
0.249
-0.373
-1.067
-1.834
-2.676
-3.593
-4.585
-5.648
-6.78
-7.977
-9.235
-10.548
-11.91
-13.315
-14.757
-16.229
-17.723
-19.233
-20.751
-22.27
-23.783
-25.284
-26.765
-28.221
-29.646
-31.034
-32.381
-33.682
-34.931
-36.127
-37.265
-38.341
-39.355
-40.302
-41.183
-41.995
-42.74
-43.417
-44.026
-44.571
-45.053
-45.473
-45.835
-46.142
-46.396
-46.601
-46.761
-46.88
-46.961
-47.008
-47.026
-47.019
-46.99
-46.944
-46.884
-46.814
-46.737
-46.657
-46.576
-46.497
-46.425
-46.362
-46.312
-46.278
-46.264
-46.273
-46.308
-46.371
-46.464
-46.59
-46.749
-46.942
-47.171
-47.437
-47.743
-48.088
-48.475
-48.905
-49.38
-49.901
-50.469
-51.084
-51.748
-52.461
-53.225
-54.04
-54.907
-55.828
-56.803
-57.833
-58.917
-60.054
-61.244
-62.483
-63.769
-65.096
-66.462
-67.86
-69.283
-70.729
-72.192
-73.669
-75.156
-76.649
-78.144
-79.638
-81.125
-82.597
-84.046
-85.46
-86.823
-88.126
-89.357
-90.504
-91.559
-92.509
-93.348
-94.071
-94.671
-95.138
-95.459
-95.614
-95.586
-95.373
-94.98
-94.417
-93.709
-92.874
-91.933
-90.922
-89.861
-88.763
-87.626
-86.427
-85.142
-83.768
-82.314
-80.81
-79.289
-77.755
-76.209
-74.648
-73.041
-71.365
-69.589
-67.647
-65.503
-63.164
-60.667
-58.102
-55.58
-53.171
-50.923
-48.857
-46.981
-45.33
-43.946
-42.866
-42.155
-41.88
-42.127
-43.031
-44.693
-47.136
-50.329
-54.157
-58.463
-63.141
-68.122
-73.334
-78.716
-84.185
-89.633
-94.98
-100.148
-105.008
-109.365
-113.033
-115.905
-118.045
-119.709
-121.189
-122.735
-124.622
-127.153
-130.508
-134.692
-139.372
-143.854
-147.462
-149.678
-149.978
-147.789
-142.739
-134.749
-124.331
-112.625
-100.869
-90.203
-81.889
-77.574
-78.808
-86.746
-101.953
-124.042
-152.083
-185.127
-220.327
-252.415
-276.615
-288.015
-285.266
-271.656
-246.18
-204.857
-139.494
-38.394
99.836
268.204
454.992
645.657
833.988
1016.193
1182.223
1315.574
1389.945
1382.164
1285.977
1110.923
883.042
633.365
385.879
159.585
-32.469
-181.148
-279.668
-327.057
-332.047
-310.916
-280.955
-258.235
-248.297
-246.59
-245.804
-235.443
-211.595
-177.672
-139.203
-104.88
-79.671
-63.804
-56.074
-53.562
-54.483
-58.876
-66.342
-75.8
-85.709
-94.141
-99.997
-103.198
-103.855
-102.121
-98.398
-93.345
-87.932
-83.367
-80.318
-78.833
-78.752
-79.718
-81.335
-83.287
-85.135
-86.344
-86.629
-85.9
-84.18
-81.633
-78.385
-74.493
-70.055
-65.176
-59.932
-54.407
-48.672
-42.776
-36.795
-30.79
-24.802
-18.867
-12.999
-7.197
-1.453
4.254
9.955
15.663
21.387
27.131
32.897
38.695
44.542
50.448
56.427
62.49
68.645
74.9
81.258
87.715
94.262
100.887
107.575
114.315
121.095
127.905
134.732
141.563
148.381
155.173
161.92
168.604
175.204
181.695
188.055
194.26
200.287
206.113
211.714
217.066
222.148
226.937
231.411
235.549
239.331
242.738
245.752
248.357
250.539
252.285
253.585
254.43
254.816
254.739
254.198
253.194
251.732
249.817
247.458
244.665
241.452
237.835
233.829
229.455
224.733
219.688
214.342
208.724
202.858
196.774
190.499
184.063
177.495
170.825
164.082
157.296
150.496
143.71
136.965
130.29
123.708
117.245
110.924
104.764
98.787
93.01
87.448
82.117
77.027
72.19
67.614
63.305
59.267
55.503
52.014
48.798
45.852
43.172
40.751
38.583
36.657
34.965
33.495
32.234
31.17
30.288
29.575
29.016
28.594
28.296
28.105
28.007
27.985
28.026
28.113
28.235
28.376
28.524
28.667
28.793
28.891
28.951
28.966
28.926
28.826
28.658
28.419
28.104
27.711
27.237
26.682
26.046
25.33
24.534
23.663
22.718
21.704
20.625
19.486
18.291
17.047
15.757
14.429
13.068
11.679
10.268
8.84
7.401
5.956
4.51
3.068
1.634
0.211
-1.196
-2.584
-3.951
-5.295
-6.613
-7.904
-9.169
-10.405
-11.614
-12.796
-13.952
-15.084
-16.194
-17.285
-18.36
-19.421
-20.472
-21.517
-22.558
-23.6
-24.647
-25.7
-26.764
-27.842
-28.938
-30.053
-31.191
-32.353
-33.543
-34.762
-36.01
-37.29
-38.6
-39.943
-41.316
-42.72
-44.153
-45.613
-47.1
-48.611
-50.143
-51.693
-53.258
-54.835
-56.42
-58.008
-59.596
-61.18
-62.754
-64.314
-65.857
-67.377
-68.871
-70.334
-71.762
-73.15
-74.494
-75.79
-77.033
-78.219
-79.344
-80.405
-81.397
-82.317
-83.163
-83.931
-84.621
-85.23
-85.756
-86.199
-86.556
-86.829
-87.015
-87.114
-87.126
-87.05
-86.885
-86.631
-86.289
-85.857
-85.335
-84.722
-84.018
-83.222
-82.335
-81.356
-80.284
-79.121
-77.868
-76.525
-75.097
-73.584
-71.991
-70.321
-68.579
-66.77
-64.899
-62.971
-60.992
-58.97
-56.909
-54.817
-52.702
-50.573
-48.442
-46.326
-44.242
-42.207
-40.24
-38.365
-36.603
-34.977
-33.506
-32.204
-31.086
-30.165
-29.457
-28.981
-28.748
-28.764
-29.031
-29.548
-30.312
-31.319
-32.554
-33.992
-35.612
-37.398
-39.344
-41.469
-43.787
-46.304
-49.025
-51.948
-55.075
-58.415
-61.971
-65.729
-69.665
-73.74
-77.914
-82.167
-86.463
-90.767
-94.996
-98.973
-102.588
-105.824
-108.719
-111.445
-114.138
-116.785
-119.479
-122.468
-125.821
-129.541
-133.416
-136.697
-138.811
-139.548
-138.562
-135.653
-130.824
-123.846
-114.945
-105.278
-95.828
-87.393
-81.004
-77.203
-76.703
-80.972
-90.874
-106.58
-128.195
-155.173
-186.79
-221.639
-256.127
-285.987
-307.009
-316.896
-316.729
-305.82
-280.42
-233.243
-153.53
-36.432
114.827
291.143
478.908
668.534
855.255
1032.963
1191.018
1311.261
1370.125
1350.304
1248.739
1075.815
855.899
616.358
378.073
158.86
-32.359
-190.095
-307.388
-382.773
-414.536
-407.15
-373.671
-327.929
-287.464
-262.13
-250.688
-247.202
-239.861
-222.2
-196.023
-166.36
-141.231
-124.851
-116.736
-114.729
-115.523
-117.499
-120.357
-123.67
-127.151
-130.05
-131.388
-130.942
-128.864
-125.295
-120.631
-115.287
-109.631
-104.274
-99.875
-96.672
-94.594
-93.451
-92.878
-92.54
-92.205
-91.555
-90.241
-88.092
-85.067
-81.209
-76.66
-71.539
-65.915
-59.886
-53.565
-47.036
-40.392
-33.713
-27.055
-20.486
-14.063
-7.821
-1.789
4.02
9.613
15.001
20.204
25.248
30.154
34.934
39.603
44.173
48.664
53.095
57.484
61.85
66.208
70.572
74.955
79.364
83.804
88.275
92.774
97.298
101.844
106.411
110.996
115.595
120.203
124.814
129.419
134.009
138.572
143.094
147.557
151.946
156.241
160.424
164.475
168.373
172.097
175.626
178.937
182.008
184.819
187.348
189.573
191.475
193.036
194.238
195.065
195.503
195.538
195.161
194.363
193.136
191.477
189.384
186.855
183.894
180.504
176.692
172.465
167.836
162.816
157.422
151.669
145.577
139.167
132.461
125.483
118.259
110.816
103.18
95.381
87.448
79.411
71.299
63.143
54.973
46.819
38.709
30.673
22.737
14.93
7.275
-0.201
-7.477
-14.531
-21.343
-27.894
-34.168
-40.15
-45.826
-51.184
-56.214
-60.909
-65.262
-69.267
-72.922
-76.225
-79.177
-81.78
-84.039
-85.958
-87.544
-88.807
-89.757
-90.404
-90.762
-90.844
-90.665
-90.242
-89.589
-88.725
-87.667
-86.434
-85.044
-83.515
-81.866
-80.116
-78.284
-76.387
-74.444
-72.472
-70.488
-68.509
-66.552
-64.632
-62.763
-60.96
-59.237
-57.604
-56.075
-54.659
-53.367
-52.206
-51.183
-50.305
-49.577
-49.002
-48.584
-48.322
-48.219
-48.273
-48.482
-48.844
-49.355
-50.011
-50.806
-51.734
-52.788
-53.961
-55.246
-56.634
-58.117
-59.686
-61.332
-63.045
-64.817
-66.638
-68.498
-70.39
-72.302
-74.227
-76.156
-78.08
-79.992
-81.884
-83.749
-85.581
-87.374
-89.125
-90.828
-92.481
-94.08
-95.624
-97.111
-98.541
-99.914
-101.23
-102.491
-103.699
-104.856
-105.965
-107.028
-108.049
-109.031
-109.977
-110.89
-111.774
-112.632
-113.466
-114.281
-115.078
-115.862
-116.635
-117.399
-118.156
-118.909
-119.658
-120.404
-121.146
-121.884
-122.616
-123.339
-124.052
-124.752
-125.434
-126.094
-126.728
-127.329
-127.893
-128.412
-128.879
-129.289
-129.633
-129.907
-130.103
-130.217
-130.242
-130.175
-130.01
-129.746
-129.379
-128.906
-128.326
-127.637
-126.842
-125.941
-124.936
-123.833
-122.634
-121.348
-119.988
-118.567
-117.101
-115.608
-114.105
-112.614
-111.158
-109.758
-108.432
-107.195
-106.064
-105.053
-104.181
-103.464
-102.919
-102.557
-102.386
-102.412
-102.639
-103.065
-103.677
-104.461
-105.406
-106.506
-107.776
-109.236
-110.898
-112.776
-114.884
-117.22
-119.779
-122.544
-125.472
-128.533
-131.71
-134.976
-138.318
-141.708
-145.097
-148.435
-151.654
-154.639
-157.25
-159.396
-161.066
-162.381
-163.586
-164.905
-166.512
-168.605
-171.464
-175.243
-179.788
-184.639
-189.002
-192.13
-193.684
-193.417
-190.855
-185.706
-178.15
-168.829
-159.077
-150.351
-143.467
-139.148
-138.547
-142.92
-153.351
-170.383
-193.737
-221.702
-251.714
-281.469
-307.681
-329.017
-346.792
-359.962
-366.038
-357.419
-320.299
-244.407
-125.708
30.485
208.931
394.695
578.288
756.272
928.484
1088.389
1217.703
1289.836
1278.898
1172.833
981.833
734.748
469.613
221.837
12.446
-150.973
-268.525
-346.791
-389.234
-397.411
-379.548
-344.544
-306.019
-279.157
-267.431
-267.213
-269.055
-262.192
-244.784
-221.853
-201.299
-188.9
-185.136
-186.91
-190.056
-192.703
-194.564
-195.34
-194.945
-192.75
-188.298
-182.054
-174.559
-166.1
-157.087
-148.016
-139.501
-132.412
-127.215
-123.909
-122.383
-122.347
-123.458
-125.353
-127.494
-129.312
-130.473
-130.817
-130.294
-128.952
-126.806
-123.868
-120.207
-115.884
-110.925
-105.316
-99.029
-92.096
-84.606
-76.704
-68.576
-60.354
-52.13
-43.985
-35.968
-28.108
-20.426
-12.907
-5.522
1.732
8.841
15.772
22.491
28.993
35.296
41.433
47.453
53.394
59.284
65.158
71.035
76.923
82.827
88.731
94.614
100.464
106.278
112.056
117.802
123.512
129.18
134.795
140.345
145.815
151.188
156.444
161.56
166.52
171.306
175.905
180.304
184.489
188.444
192.155
195.605
198.778
201.657
204.225
206.465
208.362
209.903
211.076
211.873
212.283
212.303
211.926
211.149
209.973
208.397
206.424
204.059
201.306
198.175
194.676
190.821
186.626
182.106
177.281
172.171
166.798
161.185
155.357
149.338
143.155
136.835
130.404
123.89
117.322
110.727
104.133
97.568
91.06
84.634
78.316
72.13
66.099
60.245
54.59
49.151
43.946
38.992
34.304
29.894
25.773
21.95
18.431
15.222
12.326
9.742
7.47
5.507
3.848
2.485
1.412
0.619
0.093
-0.176
-0.203
-0.002
0.413
1.025
1.817
2.774
3.879
5.114
6.462
7.905
9.427
11.01
12.637
14.291
15.956
17.616
19.255
20.859
22.414
23.907
25.328
26.664
27.908
29.05
30.083
31.003
31.804
32.483
33.037
33.466
33.77
33.948
34.002
33.935
33.748
33.445
33.029
32.504
31.873
31.141
30.311
29.389
28.38
27.288
26.12
24.88
23.575
22.21
20.79
19.323
17.813
16.265
14.685
13.078
11.447
9.798
8.133
6.457
4.77
3.077
1.379
-0.322
-2.026
-3.731
-5.435
-7.138
-8.839
-10.535
-12.224
-13.905
-15.574
-17.228
-18.864
-20.478
-22.065
-23.622
-25.145
-26.629
-28.069
-29.46
-30.797
-32.076
-33.291
-34.436
-35.506
-36.494
-37.396
-38.206
-38.919
-39.53
-40.032
-40.421
-40.692
-40.839
-40.858
-40.745
-40.495
-40.108
-39.58
-38.914
-38.111
-37.174
-36.113
-34.934
-33.646
-32.26
-30.791
-29.252
-27.66
-26.032
-24.385
-22.736
-21.105
-19.509
-17.97
-16.506
-15.131
-13.862
-12.712
-11.695
-10.828
-10.122
-9.582
-9.212
-9.015
-8.996
-9.17
-9.547
-10.131
-10.928
-11.943
-13.177
-14.634
-16.306
-18.165
-20.18
-22.307
-24.51
-26.77
-29.067
-31.391
-33.71
-35.971
-38.128
-40.131
-41.931
-43.501
-44.784
-45.713
-46.343
-46.813
-47.346
-48.292
-49.914
-52.398
-56.017
-60.938
-67.104
-74.33
-82.092
-89.608
-96.263
-101.42
-104.33
-104.569
-102.024
-96.867
-89.938
-82.346
-75.191
-69.93
-68.113
-71.08
-79.906
-94.975
-116.056
-141.626
-168.228
-191.945
-208.539
-216.07
-216.974
-212.17
-198.945
-169.211
-108.413
-6.963
134.135
304.677
487.31
669.192
845.688
1014.301
1168.246
1287.779
1344.426
1312.916
1182.871
969.275
705.761
433.123
187.894
-10.756
-156.96
-254.179
-311.467
-333.553
-327.545
-303.036
-269.344
-240.667
-224.385
-219.524
-221.082
-217.916
-204.315
-181.733
-154.683
-131.146
-114.965
-105.603
-101.591
-100.042
-99.752
-101.123
-103.974
-108.057
-112.947
-117.725
-121.633
-124.433
-125.937
-126.058
-125.047
-123.199
-120.821
-118.441
-116.614
-115.529
-115.185
-115.457
-116.035
-116.683
-117.237
-117.43
-116.978
-115.744
-113.695
-110.884
-107.456
-103.509
-99.104
-94.331
-89.287
-84.065
-78.759
-73.439
-68.154
-62.942
-57.834
-52.851
-48.008
-43.305
-38.73
-34.264
-29.881
-25.566
-21.307
-17.096
-12.923
-8.775
-4.633
-0.483
3.691
7.902
12.159
16.473
20.852
25.3
29.817
34.4
39.044
43.745
48.501
53.309
58.165
63.063
67.995
72.953
77.928
82.908
87.877
92.819
97.718
102.556
107.314
111.974
116.519
120.928
125.184
129.269
133.164
136.851
140.313
143.533
146.496
149.185
151.588
153.693
155.489
156.966
158.119
158.942
159.433
159.589
159.413
158.906
158.073
156.92
155.458
153.695
151.645
149.322
146.743
143.924
140.885
137.645
134.227
130.651
126.939
123.113
119.197
115.212
111.181
107.127
103.07
99.034
95.038
91.102
87.246
83.487
79.841
76.325
72.951
69.732
66.679
63.803
61.11
58.608
56.301
54.193
52.286
50.58
49.074
47.766
46.651
45.724
44.981
44.412
44.012
43.772
43.682
43.734
43.916
44.219
44.632
45.144
45.743
46.419
47.16
47.955
48.795
49.667
50.562
51.47
52.381
53.286
54.175
55.041
55.874
56.667
57.414
58.107
58.74
59.31
59.809
60.236
60.585
60.853
61.037
61.135
61.143
61.06
60.883
60.611
60.242
59.776
59.21
58.545
57.778
56.91
55.939
54.866
53.688
52.407
51.022
49.532
47.94
46.247
44.453
42.561
40.573
38.492
36.32
34.061
31.719
29.297
26.799
24.231
21.598
18.905
16.159
13.366
10.535
7.674
4.79
1.894
-1.007
-3.902
-6.781
-9.634
-12.45
-15.218
-17.924
-20.558
-23.107
-25.558
-27.899
-30.117
-32.203
-34.144
-35.933
-37.558
-39.012
-40.287
-41.377
-42.274
-42.974
-43.473
-43.767
-43.855
-43.738
-43.418
-42.9
-42.192
-41.304
-40.248
-39.035
-37.681
-36.204
-34.621
-32.954
-31.224
-29.451
-27.66
-25.877
-24.128
-22.44
-20.838
-19.345
-17.981
-16.768
-15.723
-14.867
-14.215
-13.771
-13.541
-13.53
-13.744
-14.201
-14.908
-15.865
-17.072
-18.527
-20.227
-22.173
-24.348
-26.72
-29.249
-31.894
-34.617
-37.404
-40.239
-43.112
-45.999
-48.844
-51.602
-54.236
-56.709
-59.003
-61.072
-62.833
-64.318
-65.672
-67.13
-69.069
-71.797
-75.475
-80.336
-86.635
-94.375
-103.401
-113.162
-122.599
-130.799
-137.034
-140.456
-140.365
-136.433
-128.567
-117.561
-105.115
-92.767
-82.294
-75.861
-75.347
-82.606
-98.381
-120.628
-146.313
-172.58
-197.948
-224.995
-255.659
-286.503
-307.834
-301.515
-248.927
-143.211
8.887
187.978
369.45
540.283
701.798
860.818
1023.101
1178.867
1299.005
1351.887
1313.621
1178.575
967.783
714.317
451.99
211.325
7.44
-154.631
-271.83
-349.003
-389.162
-393.276
-370.857
-329.402
-279.568
-237.424
-207.681
-191.186
-184.311
-175.449
-161.212
-143.313
-124.91
-113.162
-110.253
-113.955
-121.924
-130.652
-137.874
-143.031
-145.436
-144.884
-141.728
-136.373
-129.445
-121.698
-113.877
-106.781
-101.248
-97.728
-96.219
-96.513
-98.209
-100.869
-104.096
-107.397
-110.273
-112.433
-113.754
-114.221
-113.915
-112.889
-111.175
-108.857
-106.028
-102.762
-99.125
-95.165
-90.929
-86.498
-81.967
-77.431
-72.963
-68.603
-64.371
-60.274
-56.309
-52.467
-48.729
-45.063
-41.448
-37.867
-34.304
-30.745
-27.174
-23.567
-19.902
-16.156
-12.313
-8.362
-4.296
-0.113
4.186
8.595
13.106
17.707
22.387
27.139
31.952
36.817
41.721
46.65
51.591
56.527
61.44
66.309
71.115
75.834
80.443
84.92
89.242
93.385
97.326
101.042
104.511
107.711
110.62
113.218
115.486
117.406
118.963
120.143
120.934
121.326
121.313
120.889
120.053
118.804
117.145
115.079
112.613
109.756
106.518
102.912
98.953
94.657
90.042
85.13
79.941
74.499
68.828
62.954
56.902
50.699
44.372
37.949
31.457
24.925
18.378
11.845
5.351
-1.077
-7.415
-13.64
-19.729
-25.664
-31.424
-36.992
-42.354
-47.495
-52.404
-57.068
-61.481
-65.635
-69.524
-73.144
-76.494
-79.573
-82.382
-84.922
-87.198
-89.214
-90.977
-92.493
-93.77
-94.818
-95.645
-96.264
-96.685
-96.92
-96.983
-96.886
-96.643
-96.269
-95.776
-95.178
-94.49
-93.724
-92.893
-92.012
-91.091
-90.143
-89.18
-88.212
-87.251
-86.306
-85.388
-84.504
-83.664
-82.875
-82.144
-81.477
-80.881
-80.361
-79.92
-79.564
-79.296
-79.118
-79.032
-79.039
-79.141
-79.337
-79.626
-80.007
-80.479
-81.038
-81.681
-82.406
-83.209
-84.085
-85.031
-86.041
-87.111
-88.236
-89.409
-90.626
-91.881
-93.166
-94.477
-95.806
-97.146
-98.493
-99.838
-101.176
-102.502
-103.808
-105.09
-106.341
-107.558
-108.734
-109.867
-110.952
-111.985
-112.965
-113.89
-114.757
-115.565
-116.315
-117.006
-117.638
-118.211
-118.725
-119.182
-119.583
-119.928
-120.219
-120.458
-120.647
-120.787
-120.882
-120.934
-120.945
-120.92
-120.859
-120.765
-120.641
-120.489
-120.309
-120.102
-119.871
-119.615
-119.334
-119.027
-118.693
-118.329
-117.934
-117.502
-117.03
-116.512
-115.944
-115.32
-114.633
-113.88
-113.054
-112.151
-111.166
-110.093
-108.927
-107.665
-106.302
-104.833
-103.255
-101.566
-99.764
-97.848
-95.819
-93.68
-91.434
-89.087
-86.647
-84.123
-81.527
-78.874
-76.18
-73.461
-70.738
-68.031
-65.359
-62.743
-60.202
-57.756
-55.425
-53.228
-51.184
-49.311
-47.624
-46.137
-44.859
-43.791
-42.933
-42.284
-41.845
-41.627
-41.637
-41.885
-42.381
-43.135
-44.153
-45.44
-46.985
-48.748
-50.697
-52.799
-55.037
-57.421
-59.945
-62.588
-65.31
-68.046
-70.737
-73.343
-75.785
-77.938
-79.747
-81.256
-82.643
-84.25
-86.377
-89.201
-92.916
-97.793
-103.935
-111.159
-118.985
-126.569
-133.103
-138.151
-141.265
-141.744
-139.16
-133.622
-125.717
-116.774
-108.301
-101.183
-96.479
-96.029
-101.351
-113.275
-132.174
-157.139
-186.466
-219.239
-252.725
-281.007
-298.911
-301.712
-287.302
-259.42
-219.972
-165.887
-91.854
10.533
146.385
310.65
494.67
689.123
882.203
1065.097
1224.727
1337.558
1380.627
1334.302
1191.788
970.966
704.035
430.913
188.568
-3.391
-138.911
-224.271
-271.207
-288.888
-287.027
-272.86
-254.186
-238.814
-228.882
-223.156
-215.385
-199.579
-175.325
-146.024
-119.293
-101.096
-92.344
-91.257
-94.11
-98.087
-102.454
-106.802
-110.324
-111.955
-110.996
-107.42
-101.766
-94.781
-86.991
-78.888
-71.314
-65.149
-60.874
-58.594
-58.073
-58.873
-60.608
-62.907
-65.265
-67.181
-68.342
-68.596
-67.935
-66.439
-64.17
-61.178
-57.554
-53.405
-48.815
-43.859
-38.594
-33.08
-27.403
-21.669
-15.978
-10.405
-4.994
0.231
5.264
10.102
14.758
19.256
23.626
27.893
32.075
36.188
40.25
44.281
48.31
52.361
56.461
60.632
64.891
69.25
73.72
78.302
83.001
87.812
92.733
97.76
102.891
108.125
113.456
118.88
124.387
129.969
135.614
141.306
147.028
152.76
158.482
164.172
169.805
175.358
180.805
186.122
191.281
196.256
201.021
205.55
209.816
213.793
217.459
220.788
223.761
226.355
228.554
230.341
231.701
232.624
233.1
233.121
232.683
231.784
230.424
228.607
226.337
223.625
220.479
216.915
212.948
208.598
203.886
198.834
193.468
187.814
181.9
175.755
169.409
162.893
156.238
149.478
142.643
135.765
128.878
122.01
115.194
108.457
101.828
95.334
89
82.849
76.903
71.182
65.703
60.483
55.536
50.873
46.502
42.432
38.667
35.209
32.059
29.215
26.673
24.427
22.47
20.793
19.384
18.232
17.323
16.642
16.172
15.898
15.8
15.861
16.062
16.383
16.806
17.311
17.88
18.493
19.133
19.782
20.422
21.038
21.614
22.136
22.591
22.966
23.251
23.436
23.514
23.477
23.319
23.037
22.628
22.089
21.421
20.624
19.7
18.652
17.483
16.199
14.805
13.308
11.715
10.033
8.273
6.441
4.548
2.603
0.616
-1.404
-3.447
-5.503
-7.563
-9.617
-11.657
-13.673
-15.658
-17.603
-19.503
-21.35
-23.137
-24.861
-26.517
-28.1
-29.608
-31.038
-32.387
-33.656
-34.842
-35.945
-36.967
-37.907
-38.766
-39.547
-40.252
-40.883
-41.442
-41.933
-42.36
-42.726
-43.034
-43.289
-43.494
-43.653
-43.771
-43.851
-43.897
-43.914
-43.905
-43.874
-43.824
-43.76
-43.684
-43.599
-43.507
-43.412
-43.314
-43.217
-43.122
-43.031
-42.945
-42.867
-42.797
-42.738
-42.692
-42.658
-42.64
-42.639
-42.655
-42.691
-42.748
-42.827
-42.93
-43.059
-43.214
-43.397
-43.61
-43.854
-44.129
-44.435
-44.774
-45.145
-45.548
-45.983
-46.45
-46.949
-47.479
-48.04
-48.632
-49.253
-49.903
-50.579
-51.28
-52.002
-52.743
-53.497
-54.261
-55.03
-55.799
-56.564
-57.318
-58.054
-58.766
-59.447
-60.089
-60.685
-61.226
-61.704
-62.111
-62.441
-62.686
-62.842
-62.902
-62.861
-62.715
-62.461
-62.095
-61.613
-61.013
-60.293
-59.452
-58.491
-57.413
-56.222
-54.924
-53.529
-52.048
-50.492
-48.876
-47.217
-45.533
-43.842
-42.165
-40.52
-38.926
-37.404
-35.974
-34.657
-33.47
-32.428
-31.546
-30.838
-30.319
-30.001
-29.89
-29.981
-30.271
-30.756
-31.439
-32.331
-33.44
-34.769
-36.318
-38.096
-40.11
-42.363
-44.843
-47.506
-50.296
-53.161
-56.06
-58.975
-61.895
-64.79
-67.598
-70.253
-72.685
-74.834
-76.671
-78.113
-79.038
-79.437
-79.406
-79.188
-79.204
-79.821
-81.259
-83.806
-87.739
-93.058
-99.638
-106.989
-114.112
-120.128
-124.312
-125.887
-124.319
-119.563
-111.779
-101.795
-91.286
-81.942
-75.569
-74.042
-78.935
-91.328
-111.714
-139.851
-173.371
-207.828
-238.511
-260.387
-271.142
-273.156
-267
-249.67
-213.108
-142.606
-28.667
127.328
314.609
514.528
712.309
901.758
1079.663
1239.619
1364.577
1428.844
1408.424
1293.229
1094.61
840.833
569.155
313.822
96.077
-72.916
-191.992
-266.75
-301.526
-304.896
-288.024
-261.292
-238.763
-228.014
-228.663
-236.108
-239.053
-230.908
-211.853
-185.878
-161.892
-144.759
-134.65
-130.068
-127.403
-125.292
-124.5
-125.147
-127.049
-129.447
-130.991
-131.197
-130.303
-128.287
-125.125
-121.007
-116.253
-111.56
-107.844
-105.51
-104.517
-104.717
-105.806
-107.47
-109.422
-111.252
-112.485
-112.855
-112.273
-110.753
-108.418
-105.363
-101.657
-97.392
-92.68
-87.616
-82.276
-76.738
-71.065
-65.334
-59.638
-54.04
-48.586
-43.3
-38.19
-33.245
-28.45
-23.779
-19.2
-14.692
-10.239
-5.826
-1.436
2.946
7.344
11.779
16.27
20.836
25.492
30.252
35.12
40.099
45.188
50.38
55.671
61.055
66.527
72.081
77.712
83.412
89.17
94.976
100.816
106.675
112.535
118.374
124.171
129.904
135.549
141.082
146.477
151.71
156.754
161.584
166.174
170.499
174.534
178.255
181.64
184.666
187.312
189.561
191.395
192.8
193.762
194.271
194.32
193.901
193.012
191.651
189.82
187.521
184.761
181.548
177.892
173.807
169.309
164.414
159.144
153.52
147.566
141.308
134.774
127.991
120.988
113.797
106.448
98.972
91.401
83.767
76.101
68.435
60.798
53.221
45.733
38.36
31.129
24.064
17.188
10.522
4.085
-2.104
-8.029
-13.678
-19.037
-24.097
-28.849
-33.287
-37.407
-41.206
-44.685
-47.843
-50.686
-53.217
-55.445
-57.376
-59.021
-60.392
-61.5
-62.36
-62.986
-63.395
-63.601
-63.623
-63.478
-63.182
-62.754
-62.21
-61.568
-60.845
-60.057
-59.218
-58.345
-57.451
-56.55
-55.654
-54.775
-53.924
-53.111
-52.344
-51.631
-50.98
-50.396
-49.885
-49.45
-49.094
-48.82
-48.628
-48.519
-48.492
-48.546
-48.677
-48.883
-49.159
-49.502
-49.906
-50.366
-50.876
-51.43
-52.023
-52.649
-53.301
-53.975
-54.665
-55.366
-56.072
-56.781
-57.487
-58.188
-58.879
-59.56
-60.226
-60.876
-61.509
-62.122
-62.716
-63.289
-63.84
-64.371
-64.879
-65.368
-65.836
-66.285
-66.717
-67.134
-67.537
-67.928
-68.309
-68.684
-69.052
-69.418
-69.783
-70.148
-70.514
-70.884
-71.258
-71.636
-72.019
-72.407
-72.797
-73.19
-73.584
-73.978
-74.368
-74.753
-75.13
-75.498
-75.853
-76.194
-76.519
-76.824
-77.109
-77.369
-77.604
-77.811
-77.988
-78.131
-78.241
-78.313
-78.347
-78.341
-78.293
-78.203
-78.07
-77.893
-77.673
-77.41
-77.106
-76.762
-76.38
-75.962
-75.513
-75.035
-74.534
-74.013
-73.478
-72.934
-72.385
-71.837
-71.295
-70.762
-70.244
-69.744
-69.266
-68.815
-68.392
-68.001
-67.645
-67.326
-67.048
-66.813
-66.621
-66.474
-66.374
-66.319
-66.31
-66.345
-66.422
-66.538
-66.69
-66.874
-67.086
-67.318
-67.566
-67.822
-68.077
-68.324
-68.553
-68.756
-68.922
-69.042
-69.109
-69.113
-69.048
-68.907
-68.682
-68.369
-67.961
-67.454
-66.844
-66.126
-65.298
-64.356
-63.301
-62.134
-60.856
-59.47
-57.984
-56.405
-54.744
-53.015
-51.23
-49.409
-47.568
-45.73
-43.914
-42.141
-40.428
-38.797
-37.266
-35.855
-34.581
-33.46
-32.507
-31.739
-31.168
-30.804
-30.651
-30.702
-30.951
-31.393
-32.028
-32.868
-33.926
-35.208
-36.722
-38.482
-40.495
-42.761
-45.263
-47.945
-50.757
-53.65
-56.595
-59.592
-62.627
-65.658
-68.628
-71.46
-74.067
-76.402
-78.38
-79.852
-80.789
-81.255
-81.427
-81.705
-82.443
-83.84
-86.187
-89.787
-94.597
-100.417
-106.788
-112.75
-117.581
-120.813
-121.693
-119.605
-114.555
-106.792
-97.133
-87.243
-78.374
-71.73
-69.203
-72.356
-82.234
-99.609
-124.043
-154.052
-187.519
-220.57
-248.357
-265.988
-270.497
-261.719
-239.633
-203.644
-149.299
-69.545
40.4
182.834
354.361
547.813
754.421
960.861
1149.947
1300.366
1388.649
1397.41
1321.32
1167.707
957.77
719.483
479.524
261.519
79.552
-59.61
-155.655
-213.469
-237.704
-237.806
-222.378
-200.505
-184.735
-178.742
-182.591
-191.929
-195.042
-187.179
-168.529
-142.6
-118.471
-100.736
-89.57
-83.937
-80.733
-78.776
-78.864
-81.025
-84.741
-88.978
-92.244
-93.858
-93.897
-92.326
-89.148
-84.637
-79.254
-73.789
-69.2
-65.946
-64.039
-63.348
-63.586
-64.434
-65.591
-66.641
-67.125
-66.792
-65.563
-63.465
-60.622
-57.132
-53.064
-48.514
-43.588
-38.374
-32.945
-27.367
-21.696
-16.003
-10.372
-4.86
0.491
5.661
10.646
15.456
20.109
24.629
29.047
33.384
37.658
41.886
46.085
50.275
54.479
58.72
63.022
67.406
71.89
76.489
81.213
86.067
91.053
96.169
101.412
106.781
112.273
117.885
123.614
129.454
135.395
141.427
147.539
153.714
159.933
166.177
172.423
178.646
184.823
190.927
196.93
202.806
208.526
214.061
219.381
224.459
229.265
233.772
237.952
241.779
245.23
248.281
250.912
253.104
254.84
256.107
256.892
257.186
256.982
256.275
255.065
253.351
251.138
248.432
245.242
241.58
237.461
232.901
227.921
222.542
216.787
210.684
204.258
197.539
190.556
183.34
175.923
168.337
160.614
152.786
144.886
136.945
128.994
121.062
113.179
105.372
97.667
90.089
82.659
75.4
68.331
61.469
54.83
48.426
42.27
36.37
30.733
25.365
20.269
15.445
10.893
6.61
2.591
-1.17
-4.679
-7.947
-10.983
-13.798
-16.404
-18.814
-21.042
-23.102
-25.007
-26.771
-28.408
-29.933
-31.358
-32.696
-33.96
-35.162
-36.313
-37.423
-38.501
-39.556
-40.596
-41.628
-42.656
-43.685
-44.72
-45.762
-46.812
-47.872
-48.941
-50.017
-51.098
-52.182
-53.265
-54.343
-55.411
-56.464
-57.498
-58.506
-59.484
-60.425
-61.325
-62.178
-62.98
-63.726
-64.412
-65.035
-65.591
-66.078
-66.494
-66.837
-67.106
-67.302
-67.425
-67.475
-67.455
-67.366
-67.212
-66.994
-66.719
-66.389
-66.01
-65.587
-65.125
-64.63
-64.109
-63.567
-63.01
-62.445
-61.879
-61.316
-60.763
-60.226
-59.709
-59.218
-58.756
-58.328
-57.936
-57.583
-57.272
-57.003
-56.778
-56.597
-56.46
-56.366
-56.313
-56.301
-56.326
-56.387
-56.479
-56.6
-56.746
-56.912
-57.094
-57.288
-57.489
-57.692
-57.893
-58.087
-58.268
-58.433
-58.578
-58.696
-58.785
-58.841
-58.861
-58.84
-58.778
-58.671
-58.518
-58.319
-58.073
-57.781
-57.443
-57.061
-56.636
-56.173
-55.672
-55.139
-54.576
-53.99
-53.383
-52.762
-52.133
-51.5
-50.869
-50.246
-49.636
-49.044
-48.476
-47.937
-47.431
-46.963
-46.536
-46.156
-45.825
-45.547
-45.326
-45.162
-45.059
-45.016
-45.036
-45.115
-45.255
-45.451
-45.702
-46.005
-46.355
-46.748
-47.178
-47.639
-48.123
-48.623
-49.13
-49.637
-50.132
-50.607
-51.053
-51.461
-51.823
-52.13
-52.374
-52.547
-52.644
-52.657
-52.582
-52.411
-52.141
-51.767
-51.289
-50.704
-50.014
-49.22
-48.327
-47.341
-46.271
-45.127
-43.922
-42.67
-41.388
-40.093
-38.805
-37.543
-36.325
-35.171
-34.098
-33.127
-32.276
-31.562
-31.002
-30.614
-30.411
-30.404
-30.6
-30.995
-31.584
-32.362
-33.329
-34.493
-35.86
-37.433
-39.22
-41.227
-43.456
-45.908
-48.564
-51.375
-54.299
-57.298
-60.348
-63.459
-66.622
-69.806
-72.967
-76.04
-78.965
-81.706
-84.188
-86.287
-87.954
-89.242
-90.337
-91.588
-93.308
-95.691
-98.944
-103.335
-108.964
-115.652
-122.941
-130.039
-136.157
-140.793
-143.45
-143.448
-140.387
-134.399
-126.046
-116.476
-107.075
-98.908
-93.194
-91.627
-95.775
-106.64
-124.577
-149.189
-178.454
-209.258
-238.376
-261.297
-275.446
-281.106
-276.199
-258.391
-222.656
-159.662
-65.923
59.355
214.289
391.232
586.462
793.377
997.699
1181.362
1318.295
1382.896
1361.748
1254.741
1075.219
848.958
602.888
359.501
139.771
-45.018
-189.129
-288.416
-347
-367.941
-356.2
-322.694
-276.857
-233.068
-204.123
-192.548
-196.538
-206.58
-210.878
-206.054
-192.894
-175.631
-160.862
-150.5
-143.402
-138.319
-133.336
-127.877
-122.689
-118.166
-114.322
-110.869
-107.561
-104.236
-100.837
-97.469
-94.191
-91.154
-88.731
-87.396
-87.325
-88.392
-90.378
-92.943
-95.784
-98.708
-101.422
-103.541
-104.843
-105.249
-104.739
-103.398
-101.27
-98.297
-94.513
-90.025
-84.951
-79.477
-73.752
-67.865
-61.926
-56.032
-50.245
-44.623
-39.183
-33.892
-28.733
-23.69
-18.757
-13.962
-9.314
-4.794
-0.376
3.993
8.357
12.748
17.203
21.761
26.45
31.29
36.287
41.423
46.686
52.071
57.574
63.197
68.941
74.796
80.754
86.802
92.926
99.11
105.337
111.579
117.812
124.011
130.153
136.218
142.183
148.021
153.708
159.215
164.516
169.583
174.388
178.902
183.095
186.943
190.42
193.503
196.172
198.406
200.188
201.503
202.338
202.682
202.526
201.863
200.689
199.004
196.808
194.105
190.902
187.208
183.035
178.399
173.316
167.808
161.896
155.604
148.959
141.988
134.722
127.19
119.424
111.456
103.321
95.053
86.685
78.251
69.787
61.323
52.894
44.53
36.263
28.12
20.131
12.321
4.716
-2.66
-9.785
-16.641
-23.208
-29.472
-35.417
-41.034
-46.311
-51.243
-55.824
-60.051
-63.923
-67.441
-70.609
-73.431
-75.914
-78.067
-79.899
-81.422
-82.648
-83.592
-84.267
-84.69
-84.877
-84.845
-84.611
-84.193
-83.609
-82.879
-82.02
-81.05
-79.988
-78.851
-77.658
-76.424
-75.167
-73.901
-72.641
-71.401
-70.193
-69.03
-67.922
-66.879
-65.909
-65.02
-64.218
-63.508
-62.895
-62.381
-61.969
-61.661
-61.457
-61.357
-61.36
-61.464
-61.666
-61.963
-62.352
-62.828
-63.386
-64.02
-64.725
-65.494
-66.321
-67.199
-68.121
-69.08
-70.07
-71.083
-72.112
-73.152
-74.196
-75.237
-76.271
-77.292
-78.296
-79.278
-80.235
-81.164
-82.06
-82.923
-83.749
-84.537
-85.286
-85.993
-86.659
-87.283
-87.865
-88.405
-88.904
-89.363
-89.783
-90.165
-90.512
-90.824
-91.104
-91.356
-91.581
-91.783
-91.965
-92.129
-92.279
-92.418
-92.55
-92.676
-92.799
-92.923
-93.048
-93.178
-93.314
-93.457
-93.609
-93.77
-93.941
-94.122
-94.312
-94.512
-94.719
-94.934
-95.154
-95.379
-95.607
-95.835
-96.063
-96.286
-96.503
-96.71
-96.904
-97.08
-97.234
-97.36
-97.456
-97.514
-97.529
-97.497
-97.41
-97.264
-97.051
-96.767
-96.404
-95.956
-95.42
-94.788
-94.057
-93.223
-92.283
-91.232
-90.069
-88.793
-87.402
-85.898
-84.279
-82.547
-80.705
-78.757
-76.707
-74.559
-72.318
-69.994
-67.597
-65.141
-62.641
-60.113
-57.577
-55.052
-52.563
-50.13
-47.772
-45.507
-43.349
-41.315
-39.423
-37.691
-36.139
-34.779
-33.624
-32.682
-31.961
-31.463
-31.181
-31.104
-31.218
-31.518
-32.013
-32.718
-33.647
-34.812
-36.223
-37.882
-39.778
-41.901
-44.219
-46.703
-49.337
-52.098
-54.964
-57.913
-60.906
-63.893
-66.82
-69.585
-72.034
-74.09
-75.746
-77.1
-78.393
-79.819
-81.483
-83.537
-86.216
-89.614
-93.619
-97.787
-101.309
-103.583
-104.433
-103.833
-101.677
-97.884
-92.649
-86.676
-81.258
-77.499
-75.765
-76.026
-78.458
-83.556
-91.669
-102.919
-116.919
-133.062
-151.537
-171.862
-191.673
-208.109
-217.941
-220.449
-218.497
-213.303
-203.115
-179.337
-128.158
-40.247
88.254
250.718
433.458
626.005
818.542
1003.647
1171.189
1301.847
1373.01
1365.526
1273.436
1106.683
889.392
650.171
411.258
190.616
-2.501
-161.911
-279.248
-351.679
-377.7
-363.42
-323.645
-273.269
-229.712
-201.542
-186.822
-180.113
-170.389
-152.543
-129.643
-106.638
-90.519
-84.043
-84.993
-90.165
-96.129
-100.995
-103.865
-103.921
-100.981
-95.186
-87.113
-77.82
-68.164
-58.922
-51.107
-45.612
-42.937
-43.191
-46.061
-50.982
-57.384
-64.677
-72.211
-79.388
-85.814
-91.295
-95.749
-99.159
-101.476
-102.621
-102.578
-101.391
-99.096
-95.738
-91.386
-86.132
-80.146
-73.67
-66.908
-60.004
-53.053
-46.099
-39.185
-32.361
-25.659
-19.096
-12.682
-6.417
-0.311
5.624
11.396
17.036
22.596
28.159
33.783
39.508
45.358
51.344
57.469
63.738
70.141
76.659
83.275
89.976
96.755
103.61
110.531
117.503
124.504
131.51
138.496
145.439
152.317
159.104
165.776
172.312
178.69
184.894
190.901
196.688
202.232
207.504
212.481
217.135
221.442
225.375
228.912
232.03
234.711
236.938
238.695
239.971
240.754
241.036
240.812
240.078
238.832
237.075
234.811
232.046
228.787
225.046
220.835
216.171
211.071
205.556
199.648
193.371
186.752
179.818
172.597
165.122
157.424
149.536
141.494
133.331
125.083
116.787
108.477
100.189
91.955
83.808
75.779
67.9
60.197
52.698
45.428
38.409
31.665
25.214
19.073
13.259
7.784
2.661
-2.103
-6.499
-10.523
-14.171
-17.443
-20.339
-22.863
-25.02
-26.817
-28.263
-29.369
-30.147
-30.612
-30.78
-30.667
-30.292
-29.673
-28.83
-27.783
-26.554
-25.161
-23.626
-21.971
-20.214
-18.377
-16.479
-14.539
-12.576
-10.608
-8.652
-6.725
-4.842
-3.018
-1.267
0.397
1.964
3.42
4.758
5.967
7.04
7.971
8.754
9.385
9.862
10.182
10.347
10.356
10.211
9.915
9.472
8.887
8.163
7.307
6.326
5.226
4.014
2.698
1.284
-0.218
-1.801
-3.456
-5.176
-6.952
-8.776
-10.639
-12.533
-14.45
-16.381
-18.319
-20.255
-22.183
-24.094
-25.983
-27.843
-29.667
-31.452
-33.193
-34.885
-36.525
-38.111
-39.641
-41.113
-42.526
-43.881
-45.176
-46.412
-47.589
-48.709
-49.771
-50.778
-51.73
-52.63
-53.477
-54.275
-55.026
-55.73
-56.391
-57.009
-57.587
-58.126
-58.629
-59.095
-59.527
-59.924
-60.287
-60.617
-60.914
-61.176
-61.403
-61.592
-61.741
-61.848
-61.908
-61.916
-61.87
-61.763
-61.59
-61.347
-61.029
-60.632
-60.151
-59.581
-58.918
-58.157
-57.296
-56.329
-55.254
-54.069
-52.773
-51.363
-49.843
-48.214
-46.482
-44.653
-42.736
-40.739
-38.672
-36.549
-34.384
-32.192
-29.991
-27.795
-25.622
-23.492
-21.422
-19.434
-17.546
-15.776
-14.14
-12.654
-11.333
-10.195
-9.255
-8.516
-7.983
-7.659
-7.552
-7.679
-8.053
-8.679
-9.565
-10.712
-12.121
-13.795
-15.717
-17.855
-20.165
-22.592
-25.092
-27.644
-30.224
-32.824
-35.407
-37.909
-40.278
-42.458
-44.4
-46.086
-47.467
-48.482
-49.2
-49.784
-50.487
-51.697
-53.703
-56.68
-60.871
-66.414
-73.237
-81.181
-89.754
-98.163
-105.779
-111.986
-116.107
-117.822
-117.074
-113.931
-109.07
-103.52
-98.315
-94.85
-94.536
-98.441
-107.405
-121.9
-141.861
-165.475
-189.069
-208.858
-220.664
-224.307
-223.721
-218.066
-203.516
-168.933
-96.809
18.016
170.939
347.548
525.239
694.288
853.695
1004.44
1145.808
1260.528
1321.678
1305.219
1199.016
1013.707
777.055
523.266
284.292
79.099
-84.667
-205.047
-286.372
-331.331
-342.023
-327.56
-297.528
-264.965
-243.462
-235.775
-238.251
-241.568
-235.664
-218.325
-193.216
-167.754
-147.577
-133.586
-124.102
-116.283
-109.065
-103.18
-99.353
-97.92
-98.586
-100.689
-103.611
-106.736
-109.473
-111.364
-112.128
-111.796
-110.619
-108.888
-107.036
-105.562
-104.678
-104.383
-104.56
-104.974
-105.421
-105.75
-105.722
-105.044
-103.589
-101.35
-98.403
-94.894
-90.918
-86.529
-81.809
-76.872
-71.827
-66.773
-61.785
-56.888
-52.098
-47.435
-42.906
-38.515
-34.247
-30.068
-25.939
-21.831
-17.725
-13.609
-9.47
-5.288
-1.042
3.288
7.721
12.269
16.943
21.755
26.712
31.819
37.077
42.48
48.018
53.686
59.475
65.38
71.391
77.498
83.687
89.944
96.253
102.595
108.948
115.288
121.588
127.821
133.96
139.975
145.838
151.52
156.99
162.221
167.184
171.85
176.192
180.184
183.801
187.018
189.814
192.168
194.062
195.479
196.408
196.836
196.756
196.162
195.051
193.424
191.284
188.637
185.49
181.856
177.748
173.184
168.183
162.769
156.966
150.8
144.301
137.499
130.425
123.114
115.598
107.913
100.092
92.171
84.184
76.168
68.156
60.182
52.278
44.477
36.808
29.301
21.982
14.876
8.007
1.395
-4.939
-10.98
-16.712
-22.124
-27.205
-31.947
-36.346
-40.397
-44.101
-47.459
-50.474
-53.152
-55.499
-57.527
-59.245
-60.665
-61.802
-62.67
-63.285
-63.664
-63.825
-63.785
-63.564
-63.18
-62.652
-61.999
-61.239
-60.391
-59.474
-58.503
-57.497
-56.471
-55.44
-54.419
-53.42
-52.457
-51.54
-50.679
-49.884
-49.162
-48.521
-47.965
-47.5
-47.129
-46.853
-46.675
-46.595
-46.611
-46.722
-46.925
-47.218
-47.596
-48.054
-48.587
-49.19
-49.857
-50.581
-51.355
-52.174
-53.029
-53.914
-54.822
-55.746
-56.68
-57.615
-58.546
-59.468
-60.373
-61.256
-62.113
-62.937
-63.725
-64.473
-65.176
-65.831
-66.436
-66.989
-67.487
-67.93
-68.317
-68.65
-68.927
-69.152
-69.325
-69.448
-69.525
-69.558
-69.551
-69.507
-69.43
-69.325
-69.197
-69.05
-68.891
-68.723
-68.554
-68.387
-68.229
-68.086
-67.961
-67.863
-67.794
-67.763
-67.772
-67.829
-67.938
-68.104
-68.33
-68.62
-68.978
-69.405
-69.904
-70.474
-71.116
-71.83
-72.614
-73.468
-74.388
-75.371
-76.414
-77.512
-78.659
-79.85
-81.075
-82.328
-83.601
-84.883
-86.166
-87.439
-88.694
-89.919
-91.103
-92.235
-93.303
-94.295
-95.199
-96.003
-96.694
-97.26
-97.692
-97.979
-98.112
-98.082
-97.883
-97.509
-96.955
-96.216
-95.289
-94.172
-92.866
-91.37
-89.689
-87.826
-85.789
-83.589
-81.241
-78.76
-76.164
-73.469
-70.697
-67.87
-65.011
-62.145
-59.294
-56.483
-53.738
-51.087
-48.559
-46.183
-43.983
-41.979
-40.194
-38.645
-37.35
-36.328
-35.582
-35.119
-34.942
-35.061
-35.493
-36.251
-37.339
-38.755
-40.496
-42.553
-44.919
-47.574
-50.474
-53.578
-56.836
-60.193
-63.61
-67.05
-70.472
-73.843
-77.105
-80.189
-83.039
-85.606
-87.859
-89.803
-91.426
-92.698
-93.695
-94.588
-95.678
-97.344
-99.844
-103.337
-107.996
-114.004
-121.428
-130.03
-139.068
-147.553
-154.743
-159.824
-161.943
-160.603
-155.271
-146.87
-138.305
-130.943
-125.332
-121.069
-115.045
-109.279
-109.36
-118.862
-142.921
-178.938
-217.944
-254.91
-282.845
-297.517
-295.851
-267.324
-202.219
-94.837
52.348
226.082
411.127
596.452
779.375
960.084
1131.573
1276.82
1367.783
1378.332
1298.821
1136.141
916.313
672.349
429.843
209.572
20.871
-131.648
-241.539
-307.962
-330.041
-314.809
-278.159
-235.493
-204.555
-192.673
-195.715
-205.624
-208.946
-199.409
-179.549
-154.974
-134.541
-122.517
-117.892
-118.472
-121.096
-124.478
-128.698
-133.154
-137.084
-139.412
-139.356
-136.979
-132.55
-126.302
-118.677
-110.322
-102.056
-94.839
-89.177
-85.082
-82.43
-80.964
-80.42
-80.563
-81.038
-81.466
-81.656
-81.569
-81.215
-80.651
-79.865
-78.773
-77.367
-75.676
-73.721
-71.532
-69.118
-66.487
-63.664
-60.683
-57.55
-54.227
-50.666
-46.817
-42.661
-38.208
-33.497
-28.592
-23.538
-18.377
-13.14
-7.837
-2.478
2.945
8.443
14.034
19.719
25.477
31.287
37.126
42.985
48.87
54.799
60.801
66.902
73.122
79.478
85.972
92.601
99.351
106.201
113.12
120.085
127.073
134.061
141.031
147.954
154.802
161.54
168.133
174.543
180.73
186.658
192.291
197.597
202.546
207.112
211.272
215.005
218.29
221.107
223.437
225.263
226.57
227.346
227.58
227.266
226.4
224.982
223.017
220.511
217.475
213.921
209.865
205.326
200.325
194.887
189.037
182.805
176.221
169.317
162.127
154.688
147.035
139.207
131.24
123.172
115.042
106.885
98.74
90.64
82.621
74.716
66.957
59.374
51.997
44.853
37.966
31.36
25.054
19.067
13.413
8.105
3.152
-1.439
-5.662
-9.516
-13.001
-16.118
-18.873
-21.271
-23.322
-25.036
-26.426
-27.505
-28.289
-28.795
-29.041
-29.046
-28.828
-28.409
-27.808
-27.047
-26.145
-25.125
-24.006
-22.809
-21.555
-20.261
-18.947
-17.629
-16.324
-15.047
-13.812
-12.632
-11.517
-10.478
-9.525
-8.664
-7.902
-7.245
-6.696
-6.26
-5.936
-5.728
-5.633
-5.65
-5.779
-6.015
-6.355
-6.795
-7.33
-7.953
-8.661
-9.444
-10.298
-11.215
-12.187
-13.207
-14.269
-15.364
-16.487
-17.63
-18.788
-19.954
-21.124
-22.291
-23.453
-24.604
-25.74
-26.859
-27.958
-29.033
-30.083
-31.107
-32.102
-33.068
-34.003
-34.909
-35.784
-36.628
-37.442
-38.226
-38.981
-39.709
-40.409
-41.084
-41.735
-42.363
-42.97
-43.558
-44.129
-44.683
-45.222
-45.748
-46.261
-46.763
-47.253
-47.734
-48.204
-48.665
-49.117
-49.56
-49.993
-50.416
-50.829
-51.232
-51.624
-52.005
-52.374
-52.73
-53.073
-53.403
-53.72
-54.023
-54.313
-54.588
-54.85
-55.098
-55.333
-55.554
-55.762
-55.959
-56.143
-56.318
-56.483
-56.64
-56.789
-56.933
-57.072
-57.208
-57.342
-57.475
-57.609
-57.744
-57.882
-58.025
-58.174
-58.329
-58.493
-58.665
-58.847
-59.038
-59.238
-59.446
-59.661
-59.881
-60.105
-60.33
-60.555
-60.774
-60.986
-61.185
-61.367
-61.528
-61.662
-61.763
-61.825
-61.842
-61.808
-61.718
-61.567
-61.349
-61.06
-60.695
-60.251
-59.724
-59.11
-58.405
-57.608
-56.716
-55.73
-54.65
-53.479
-52.22
-50.883
-49.475
-48.006
-46.488
-44.934
-43.358
-41.776
-40.206
-38.665
-37.17
-35.739
-34.393
-33.151
-32.035
-31.063
-30.25
-29.611
-29.157
-28.905
-28.867
-29.048
-29.453
-30.083
-30.942
-32.045
-33.405
-35.029
-36.922
-39.085
-41.514
-44.207
-47.152
-50.316
-53.664
-57.145
-60.707
-64.314
-67.93
-71.523
-75.06
-78.483
-81.727
-84.727
-87.424
-89.764
-91.723
-93.279
-94.416
-95.231
-95.896
-96.685
-97.956
-100.031
-103.145
-107.442
-113.061
-119.974
-127.907
-136.385
-144.613
-151.679
-156.799
-159.449
-159.213
-156.013
-150.283
-142.704
-134.532
-127.528
-123.573
-124.414
-131.462
-145.545
-165.782
-189.813
-214.729
-236.402
-252.717
-264.268
-270.204
-268.905
-253.33
-210.861
-131.743
-10.171
149.689
335.566
535.62
737.579
932.668
1110.174
1252.553
1340.336
1354.686
1288.263
1147.794
952.558
729.705
501.879
288.667
101.16
-56.854
-179.428
-266.762
-319.162
-336.916
-329.691
-306.466
-277.886
-255.391
-240.552
-230.779
-220.496
-202.945
-177.71
-149.141
-123.365
-105.13
-95.566
-92.832
-93.758
-96.838
-101.8
-108.039
-115.032
-121.68
-126.477
-129.001
-129.503
-128.023
-124.834
-120.458
-115.347
-110.325
-106.386
-103.894
-102.81
-102.981
-104.014
-105.513
-107.206
-108.69
-109.512
-109.462
-108.46
-106.531
-103.83
-100.471
-96.516
-92.061
-87.204
-82.017
-76.587
-70.989
-65.283
-59.55
-53.851
-48.229
-42.721
-37.339
-32.087
-26.952
-21.909
-16.928
-11.988
-7.076
-2.179
2.712
7.616
12.552
17.541
22.604
27.758
33.017
38.396
43.906
49.549
55.325
61.229
67.254
73.396
79.651
86.013
92.477
99.035
105.676
112.39
119.162
125.976
132.813
139.649
146.462
153.225
159.913
166.499
172.955
179.252
185.36
191.251
196.894
202.26
207.319
212.043
216.405
220.377
223.935
227.055
229.716
231.899
233.586
234.763
235.419
235.542
235.126
234.167
232.663
230.614
228.024
224.9
221.252
217.092
212.436
207.301
201.71
195.686
189.255
182.444
175.285
167.808
160.048
152.037
143.813
135.41
126.866
118.218
109.503
100.758
92.018
83.32
74.697
66.183
57.81
49.607
41.603
33.825
26.298
19.045
12.087
5.443
-0.871
-6.84
-12.452
-17.698
-22.571
-27.065
-31.179
-34.913
-38.269
-41.252
-43.869
-46.128
-48.041
-49.619
-50.877
-51.83
-52.496
-52.892
-53.038
-52.953
-52.657
-52.171
-51.516
-50.712
-49.78
-48.739
-47.611
-46.414
-45.167
-43.888
-42.595
-41.306
-40.034
-38.797
-37.606
-36.475
-35.414
-34.435
-33.544
-32.751
-32.06
-31.477
-31.005
-30.645
-30.399
-30.266
-30.244
-30.331
-30.524
-30.816
-31.203
-31.68
-32.238
-32.871
-33.572
-34.334
-35.148
-36.007
-36.903
-37.828
-38.775
-39.735
-40.702
-41.668
-42.625
-43.567
-44.487
-45.38
-46.239
-47.061
-47.84
-48.572
-49.256
-49.886
-50.463
-50.983
-51.447
-51.853
-52.203
-52.496
-52.735
-52.921
-53.056
-53.144
-53.187
-53.187
-53.149
-53.074
-52.967
-52.829
-52.664
-52.476
-52.267
-52.04
-51.8
-51.549
-51.291
-51.029
-50.766
-50.504
-50.247
-49.996
-49.755
-49.524
-49.306
-49.103
-48.917
-48.748
-48.599
-48.471
-48.363
-48.277
-48.213
-48.171
-48.15
-48.152
-48.175
-48.22
-48.287
-48.377
-48.489
-48.623
-48.781
-48.96
-49.161
-49.383
-49.624
-49.884
-50.16
-50.452
-50.757
-51.073
-51.399
-51.733
-52.072
-52.413
-52.754
-53.091
-53.419
-53.736
-54.036
-54.316
-54.57
-54.794
-54.985
-55.136
-55.242
-55.298
-55.299
-55.237
-55.107
-54.901
-54.613
-54.238
-53.769
-53.201
-52.531
-51.755
-50.868
-49.869
-48.757
-47.53
-46.186
-44.727
-43.153
-41.466
-39.672
-37.775
-35.783
-33.705
-31.552
-29.338
-27.077
-24.787
-22.488
-20.197
-17.939
-15.733
-13.603
-11.572
-9.66
-7.889
-6.279
-4.85
-3.619
-2.604
-1.822
-1.284
-1
-0.974
-1.202
-1.678
-2.397
-3.355
-4.557
-6.004
-7.698
-9.642
-11.844
-14.308
-17.033
-20.002
-23.171
-26.5
-29.952
-33.504
-37.157
-40.893
-44.676
-48.454
-52.161
-55.734
-59.13
-62.274
-65.019
-67.301
-69.151
-70.721
-72.345
-74.326
-76.838
-80.085
-84.359
-89.756
-96.15
-103.163
-109.933
-115.616
-119.687
-121.535
-120.492
-116.228
-108.767
-98.577
-87.011
-75.653
-65.748
-58.817
-56.668
-60.874
-72.608
-92.691
-119.964
-151.224
-183.471
-212.929
-237.163
-257.911
-275.481
-286.318
-282.696
-248.809
-170.096
-44.037
122.226
310.262
499.39
681.812
857.123
1026.846
1187.517
1320.387
1397.465
1395.165
1303.698
1130.795
901.688
647.605
396.411
171.807
-12.621
-150.408
-241.655
-292.057
-307.301
-297.627
-270.996
-235.714
-205.122
-183.906
-173.809
-172.612
-168.958
-158.031
-140.471
-119.041
-101.465
-91.504
-87.996
-88.813
-91.115
-93.595
-96.236
-99.012
-101.549
-102.959
-102.922
-101.707
-99.398
-96.199
-92.439
-88.31
-84.396
-81.523
-79.967
-79.699
-80.591
-82.297
-84.504
-86.97
-89.311
-91.087
-92.064
-92.142
-91.317
-89.706
-87.388
-84.421
-80.899
-76.927
-72.595
-67.977
-63.144
-58.153
-53.073
-47.988
-42.954
-38.01
-33.177
-28.456
-23.838
-19.304
-14.829
-10.38
-5.93
-1.461
3.046
7.61
12.251
16.993
21.859
26.87
32.045
37.4
42.946
48.69
54.634
60.773
67.102
73.613
80.299
87.15
94.158
101.313
108.601
116.006
123.512
131.097
138.739
146.411
154.084
161.728
169.312
176.802
184.166
191.368
198.376
205.154
211.668
217.884
223.768
229.288
234.411
239.109
243.351
247.112
250.368
253.097
255.28
256.899
257.943
258.398
258.259
257.518
256.175
254.23
251.687
248.554
244.841
240.561
235.732
230.373
224.508
218.162
211.362
204.139
196.525
188.553
180.259
171.678
162.847
153.804
144.588
135.235
125.784
116.272
106.736
97.212
87.735
78.339
69.054
59.913
50.944
42.173
33.628
25.33
17.302
9.563
2.13
-4.982
-11.76
-18.193
-24.274
-29.997
-35.358
-40.355
-44.989
-49.263
-53.18
-56.746
-59.97
-62.86
-65.426
-67.679
-69.633
-71.3
-72.695
-73.832
-74.727
-75.394
-75.849
-76.109
-76.188
-76.104
-75.87
-75.504
-75.021
-74.435
-73.762
-73.015
-72.209
-71.357
-70.471
-69.564
-68.647
-67.732
-66.827
-65.942
-65.086
-64.267
-63.493
-62.769
-62.103
-61.499
-60.963
-60.498
-60.11
-59.8
-59.573
-59.431
-59.375
-59.408
-59.531
-59.744
-60.048
-60.443
-60.928
-61.503
-62.165
-62.914
-63.746
-64.658
-65.649
-66.713
-67.846
-69.045
-70.304
-71.617
-72.98
-74.387
-75.83
-77.304
-78.801
-80.316
-81.839
-83.363
-84.88
-86.382
-87.86
-89.305
-90.71
-92.065
-93.361
-94.59
-95.744
-96.813
-97.79
-98.667
-99.436
-100.092
-100.627
-101.037
-101.315
-101.458
-101.463
-101.327
-101.047
-100.624
-100.057
-99.345
-98.491
-97.496
-96.363
-95.096
-93.7
-92.179
-90.541
-88.792
-86.941
-84.995
-82.965
-80.861
-78.694
-76.474
-74.213
-71.924
-69.619
-67.312
-65.015
-62.74
-60.503
-58.314
-56.185
-54.13
-52.158
-50.28
-48.505
-46.843
-45.302
-43.888
-42.608
-41.469
-40.475
-39.631
-38.939
-38.402
-38.02
-37.794
-37.722
-37.801
-38.028
-38.397
-38.903
-39.54
-40.3
-41.173
-42.151
-43.222
-44.375
-45.598
-46.876
-48.197
-49.545
-50.907
-52.27
-53.621
-54.945
-56.232
-57.468
-58.644
-59.747
-60.769
-61.7
-62.529
-63.252
-63.86
-64.351
-64.721
-64.968
-65.093
-65.099
-64.992
-64.78
-64.473
-64.082
-63.621
-63.106
-62.553
-61.978
-61.397
-60.826
-60.28
-59.775
-59.328
-58.952
-58.661
-58.472
-58.397
-58.446
-58.625
-58.931
-59.357
-59.901
-60.561
-61.345
-62.264
-63.325
-64.536
-65.913
-67.464
-69.194
-71.091
-73.109
-75.207
-77.345
-79.5
-81.672
-83.85
-85.995
-88.059
-89.983
-91.695
-93.161
-94.303
-94.974
-95.139
-94.862
-94.318
-93.871
-93.832
-94.354
-95.688
-98.144
-101.71
-106.214
-111.221
-115.817
-119.385
-121.615
-121.926
-119.818
-115.298
-108.557
-100.344
-92.158
-84.966
-79.567
-77.343
-79.42
-86.677
-99.94
-119.047
-143.152
-170.873
-199.081
-223.758
-240.801
-248.474
-248.302
-241.462
-227.569
-199.302
-144.237
-53.322
78.998
247.031
437.513
639.877
841.495
1033.251
1204.41
1333.218
1397.035
1374.893
1257.26
1057.34
802.841
530.561
275.726
59.221
-108.51
-226.896
-302.089
-337.991
-342.492
-326.74
-301.662
-282.062
-275.706
-281.375
-293.198
-299.081
-292.415
-274.103
-248.823
-225.744
-209.708
-200.692
-197.445
-196.818
-197.557
-200.461
-205.708
-212.939
-221.407
-229.805
-237.013
-242.707
-246.659
-248.608
-248.669
-247.232
-244.82
-242.204
-240.185
-239.06
-238.839
-239.438
-240.553
-241.856
-243.077
-243.848
-243.78
-242.698
-240.566
-237.429
-233.432
-228.697
-223.29
-217.316
-210.885
-204.082
-197.001
-189.722
-182.304
-174.822
-167.34
-159.903
-152.547
-145.295
-138.146
-131.095
-124.131
-117.233
-110.395
-103.613
-96.882
-90.198
-83.552
-76.931
-70.323
-63.717
-57.101
-50.466
-43.803
-37.108
-30.38
-23.623
-16.842
-10.044
-3.233
3.587
10.412
17.238
24.059
30.867
37.655
44.413
51.13
57.789
64.376
70.873
77.262
83.523
89.637
95.582
101.337
106.879
112.186
117.235
122.004
126.468
130.607
134.397
137.818
140.851
143.477
145.678
147.441
148.751
149.597
149.972
149.866
149.276
148.199
146.634
144.583
142.051
139.043
135.569
131.64
127.269
122.474
117.272
111.684
105.732
99.443
92.841
85.956
78.817
71.455
63.902
56.19
48.353
40.425
32.44
24.433
16.438
8.487
0.614
-7.15
-14.773
-22.227
-29.483
-36.515
-43.297
-49.806
-56.021
-61.92
-67.487
-72.704
-77.558
-82.037
-86.13
-89.829
-93.13
-96.027
-98.52
-100.61
-102.3
-103.594
-104.5
-105.026
-105.183
-104.983
-104.441
-103.571
-102.39
-100.917
-99.169
-97.167
-94.931
-92.482
-89.84
-87.028
-84.067
-80.979
-77.784
-74.504
-71.161
-67.774
-64.364
-60.95
-57.552
-54.188
-50.875
-47.63
-44.468
-41.404
-38.45
-35.619
-32.922
-30.367
-27.963
-25.718
-23.636
-21.722
-19.98
-18.41
-17.014
-15.791
-14.739
-13.855
-13.136
-12.576
-12.171
-11.913
-11.797
-11.813
-11.954
-12.211
-12.575
-13.034
-13.58
-14.2
-14.884
-15.622
-16.401
-17.211
-18.04
-18.879
-19.717
-20.543
-21.348
-22.122
-22.857
-23.544
-24.176
-24.744
-25.244
-25.669
-26.014
-26.275
-26.448
-26.531
-26.521
-26.418
-26.221
-25.93
-25.546
-25.069
-24.503
-23.851
-23.116
-22.303
-21.417
-20.463
-19.449
-18.381
-17.265
-16.108
-14.917
-13.7
-12.463
-11.213
-9.957
-8.702
-7.454
-6.219
-5.004
-3.814
-2.654
-1.528
-0.44
0.607
1.61
2.569
3.482
4.349
5.171
5.948
6.681
7.374
8.03
8.653
9.249
9.825
10.386
10.942
11.501
12.072
12.665
13.288
13.952
14.665
15.435
16.274
17.188
18.186
19.277
20.468
21.767
23.179
24.711
26.364
28.143
30.047
32.073
34.218
36.476
38.841
41.304
43.856
46.482
49.171
51.905
54.67
57.447
60.216
62.957
65.647
68.266
70.795
73.214
75.507
77.655
79.641
81.45
83.076
84.515
85.763
86.814
87.655
88.277
88.68
88.859
88.813
88.541
88.041
87.323
86.413
85.344
84.158
82.888
81.547
80.147
78.692
77.196
75.712
74.28
72.932
71.721
70.669
69.82
69.276
69
68.833
68.561
67.809
66.247
63.735
60.014
54.779
48.103
40.198
31.537
23.16
15.904
10.317
7.274
7.523
11.156
18.094
27.684
38.246
48.321
56.557
60.979
59.721
51.626
35.961
12.608
-16.248
-47.015
-76.341
-99.742
-114.844
-123.257
-123.956
-112.82
-82.235
-18.873
85.249
227.5
397.992
580.471
761.634
937.122
1104.724
1258.083
1383.781
1458.948
1460.92
1380.349
1221.055
1002.235
752.924
500.121
268.234
74.652
-71.256
-168.025
-220.914
-237.662
-231.023
-210.536
-184.371
-163.449
-150.071
-144.461
-143.818
-138.231
-124.24
-102.903
-77.763
-56.779
-43.483
-37.019
-35.522
-35.875
-36.802
-38.412
-40.153
-41.295
-40.866
-38.298
-33.858
-27.953
-20.854
-12.932
-4.729
2.94
9.043
13.028
14.865
14.742
12.999
9.969
5.984
1.49
-2.955
-6.936
-10.248
-12.816
-14.697
-15.927
-16.49
-16.363
-15.523
-13.974
-11.736
-8.851
-5.36
-1.315
3.191
8.056
13.149
18.331
23.509
28.637
33.696
38.683
43.588
48.38
53.028
57.528
61.881
66.095
70.18
74.139
77.992
81.776
85.547
89.367
93.274
97.288
101.417
105.663
110.028
114.514
119.116
123.816
128.599
133.455
138.372
143.343
148.355
153.382
158.395
163.365
168.262
173.059
177.729
182.244
186.575
190.698
194.588
198.227
201.589
204.651
207.387
209.772
211.783
213.399
214.599
215.363
215.674
215.52
214.889
213.774
212.171
210.076
207.49
204.415
200.858
196.826
192.33
187.383
182
176.199
170.002
163.432
156.513
149.272
141.739
133.942
125.914
117.686
109.291
100.763
92.136
83.445
74.723
66.006
57.327
48.719
40.214
31.845
23.639
15.626
7.831
0.278
-7.01
-14.014
-20.715
-27.098
-33.15
-38.859
-44.216
-49.214
-53.849
-58.119
-62.021
-65.559
-68.736
-71.557
-74.028
-76.16
-77.962
-79.447
-80.627
-81.517
-82.133
-82.491
-82.607
-82.501
-82.189
-81.691
-81.024
-80.208
-79.261
-78.202
-77.047
-75.814
-74.521
-73.183
-71.815
-70.432
-69.046
-67.672
-66.319
-64.998
-63.72
-62.492
-61.322
-60.218
-59.184
-58.225
-57.346
-56.549
-55.835
-55.207
-54.664
-54.207
-53.834
-53.545
-53.337
-53.209
-53.158
-53.181
-53.275
-53.437
-53.663
-53.95
-54.293
-54.691
-55.138
-55.631
-56.167
-56.744
-57.357
-58.005
-58.685
-59.395
-60.133
-60.896
-61.684
-62.494
-63.326
-64.179
-65.052
-65.945
-66.857
-67.788
-68.738
-69.706
-70.692
-71.695
-72.715
-73.751
-74.803
-75.868
-76.948
-78.039
-79.143
-80.256
-81.378
-82.509
-83.645
-84.786
-85.929
-87.074
-88.218
-89.36
-90.497
-91.627
-92.749
-93.859
-94.956
-96.036
-97.097
-98.137
-99.152
-100.139
-101.096
-102.02
-102.909
-103.76
-104.572
-105.343
-106.071
-106.755
-107.393
-107.983
-108.525
-109.018
-109.461
-109.853
-110.193
-110.481
-110.716
-110.898
-111.025
-111.098
-111.115
-111.076
-110.979
-110.825
-110.614
-110.346
-110.021
-109.642
-109.208
-108.721
-108.184
-107.597
-106.964
-106.287
-105.569
-104.813
-104.024
-103.207
-102.369
-101.517
-100.661
-99.81
-98.975
-98.168
-97.403
-96.695
-96.057
-95.503
-95.047
-94.703
-94.483
-94.4
-94.464
-94.686
-95.073
-95.633
-96.373
-97.3
-98.413
-99.707
-101.174
-102.804
-104.592
-106.54
-108.647
-110.913
-113.338
-115.923
-118.669
-121.574
-124.626
-127.791
-131.026
-134.284
-137.531
-140.75
-143.933
-147.061
-150.088
-152.955
-155.603
-157.966
-160.01
-161.67
-162.831
-163.486
-163.733
-163.77
-163.95
-164.59
-165.849
-167.977
-171.284
-175.751
-181.224
-187.327
-193.187
-198.14
-201.777
-203.368
-202.223
-198.228
-191.439
-182.432
-172.691
-163.377
-155.523
-150.839
-151.069
-157.49
-171.058
-191.888
-218.003
-246.506
-274.536
-297.921
-314.494
-324.6
-326.689
-318.567
-293.704
-240.936
-152.888
-26.803
131.528
309.961
498.425
688.34
874.08
1046.79
1189.3
1279.529
1295.442
1227.196
1080.2
875.838
644.372
411.362
198.084
14.757
-135.016
-246.101
-318.152
-349.648
-344.11
-314.138
-273.508
-239.911
-223.608
-223.745
-233.682
-239.613
-233.147
-214.172
-187.246
-162.024
-144.012
-133.72
-129.768
-128.533
-128.575
-130.337
-133.494
-137.779
-142.352
-145.735
-147.406
-147.435
-145.687
-142.286
-137.653
-132.198
-126.691
-122.074
-118.72
-116.664
-115.83
-115.921
-116.621
-117.651
-118.595
-119.006
-118.657
-117.467
-115.455
-112.743
-109.418
-105.543
-101.214
-96.531
-91.579
-86.423
-81.123
-75.723
-70.288
-64.89
-59.582
-54.399
-49.359
-44.463
-39.697
-35.046
-30.484
-25.984
-21.523
-17.084
-12.649
-8.201
-3.723
0.807
5.412
10.111
14.925
19.87
24.958
30.198
35.593
41.141
46.842
52.689
58.68
64.807
71.067
77.45
83.948
90.547
97.234
103.992
110.8
117.638
124.479
131.298
138.068
144.759
151.344
157.791
164.069
170.148
175.996
181.582
186.875
191.844
196.461
200.696
204.523
207.917
210.853
213.311
215.271
216.717
217.634
218.012
217.842
217.117
215.836
213.998
211.608
208.672
205.198
201.201
196.694
191.698
186.233
180.324
173.995
167.277
160.198
152.791
145.09
137.129
128.943
120.57
112.046
103.408
94.693
85.94
77.183
68.46
59.805
51.252
42.833
34.58
26.523
18.688
11.102
3.787
-3.234
-9.942
-16.322
-22.358
-28.038
-33.354
-38.298
-42.866
-47.054
-50.863
-54.295
-57.354
-60.046
-62.379
-64.362
-66.008
-67.328
-68.337
-69.05
-69.484
-69.654
-69.58
-69.279
-68.771
-68.074
-67.208
-66.192
-65.045
-63.785
-62.433
-61.004
-59.517
-57.988
-56.433
-54.867
-53.303
-51.754
-50.233
-48.749
-47.315
-45.937
-44.625
-43.385
-42.222
-41.143
-40.15
-39.247
-38.437
-37.719
-37.096
-36.567
-36.132
-35.789
-35.537
-35.373
-35.296
-35.301
-35.385
-35.545
-35.777
-36.076
-36.439
-36.861
-37.338
-37.866
-38.44
-39.057
-39.712
-40.401
-41.12
-41.864
-42.631
-43.416
-44.216
-45.026
-45.844
-46.665
-47.487
-48.306
-49.119
-49.922
-50.713
-51.488
-52.245
-52.98
-53.69
-54.373
-55.026
-55.647
-56.234
-56.783
-57.294
-57.764
-58.191
-58.573
-58.909
-59.197
-59.436
-59.624
-59.761
-59.847
-59.882
-59.865
-59.798
-59.681
-59.516
-59.304
-59.047
-58.748
-58.41
-58.036
-57.63
-57.195
-56.736
-56.259
-55.767
-55.265
-54.758
-54.251
-53.747
-53.253
-52.772
-52.308
-51.866
-51.449
-51.061
-50.706
-50.387
-50.107
-49.867
-49.669
-49.515
-49.404
-49.336
-49.309
-49.321
-49.371
-49.455
-49.568
-49.707
-49.865
-50.035
-50.21
-50.383
-50.544
-50.684
-50.793
-50.862
-50.882
-50.843
-50.736
-50.552
-50.284
-49.921
-49.459
-48.888
-48.204
-47.4
-46.472
-45.417
-44.234
-42.923
-41.486
-39.926
-38.249
-36.464
-34.582
-32.616
-30.581
-28.494
-26.376
-24.245
-22.123
-20.032
-17.992
-16.025
-14.152
-12.394
-10.774
-9.313
-8.033
-6.951
-6.083
-5.44
-5.026
-4.841
-4.888
-5.17
-5.697
-6.479
-7.524
-8.842
-10.444
-12.335
-14.513
-16.961
-19.632
-22.49
-25.496
-28.627
-31.886
-35.256
-38.701
-42.173
-45.602
-48.926
-52.106
-55.062
-57.664
-59.868
-61.723
-63.408
-65.254
-67.513
-70.307
-73.787
-78.17
-83.529
-89.717
-96.308
-102.566
-107.918
-112.138
-114.971
-116.004
-114.943
-111.811
-107.059
-101.656
-96.466
-91.891
-88.544
-87.455
-89.627
-96.044
-107.278
-123.033
-143.139
-166.459
-189.47
-208.495
-219.726
-221.678
-217.944
-210.053
-194.419
-162.347
-98.594
7.932
156.167
337.258
535.827
735.886
929.018
1106.765
1255.623
1358.822
1394.893
1347.243
1214.661
1010.923
762.884
505.094
267.617
70.704
-74.586
-170.087
-223.244
-242.894
-242.203
-231.233
-219.351
-214.191
-215.5
-220.11
-221.195
-212.515
-193.816
-168.139
-142.054
-121.21
-107.036
-98.813
-93.921
-90.282
-87.901
-87.328
-88.743
-91.62
-94.791
-97.031
-97.882
-97.454
-95.726
-92.696
-88.583
-83.777
-79.011
-75.194
-72.734
-71.625
-71.737
-72.771
-74.416
-76.38
-78.25
-79.56
-80.051
-79.636
-78.333
-76.262
-73.519
-70.167
-66.297
-62.016
-57.412
-52.555
-47.515
-42.347
-37.119
-31.912
-26.782
-21.769
-16.89
-12.149
-7.53
-3.016
1.421
5.813
10.183
14.548
18.923
23.326
27.772
32.285
36.881
41.582
46.402
51.355
56.45
61.691
67.076
72.599
78.254
84.03
89.918
95.91
101.996
108.165
114.404
120.699
127.032
133.385
139.736
146.062
152.337
158.532
164.62
170.572
176.358
181.948
187.312
192.42
197.242
201.75
205.915
209.711
213.111
216.092
218.631
220.707
222.303
223.402
223.991
224.059
223.598
222.602
221.068
218.997
216.391
213.256
209.599
205.431
200.767
195.622
190.015
183.969
177.507
170.658
163.449
155.912
148.078
139.982
131.658
123.141
114.467
105.671
96.79
87.86
78.915
69.991
61.122
52.341
43.68
35.168
26.835
18.708
10.811
3.169
-4.198
-11.27
-18.031
-24.464
-30.557
-36.3
-41.683
-46.701
-51.35
-55.628
-59.537
-63.079
-66.259
-69.085
-71.564
-73.708
-75.526
-77.033
-78.241
-79.166
-79.822
-80.227
-80.397
-80.349
-80.1
-79.67
-79.075
-78.333
-77.461
-76.477
-75.398
-74.239
-73.016
-71.745
-70.44
-69.115
-67.782
-66.455
-65.144
-63.859
-62.61
-61.404
-60.248
-59.148
-58.109
-57.135
-56.229
-55.394
-54.631
-53.942
-53.327
-52.786
-52.32
-51.927
-51.606
-51.356
-51.174
-51.059
-51.008
-51.018
-51.087
-51.212
-51.39
-51.618
-51.893
-52.21
-52.568
-52.961
-53.388
-53.844
-54.326
-54.831
-55.356
-55.898
-56.456
-57.027
-57.609
-58.199
-58.797
-59.399
-60.004
-60.611
-61.217
-61.82
-62.418
-63.01
-63.593
-64.166
-64.728
-65.276
-65.809
-66.326
-66.824
-67.302
-67.76
-68.196
-68.609
-68.999
-69.364
-69.706
-70.024
-70.319
-70.59
-70.839
-71.065
-71.271
-71.457
-71.623
-71.772
-71.904
-72.021
-72.124
-72.217
-72.301
-72.378
-72.45
-72.521
-72.592
-72.666
-72.744
-72.829
-72.922
-73.025
-73.139
-73.265
-73.404
-73.556
-73.721
-73.9
-74.091
-74.293
-74.505
-74.725
-74.949
-75.176
-75.4
-75.618
-75.825
-76.015
-76.184
-76.326
-76.435
-76.503
-76.525
-76.492
-76.398
-76.235
-75.994
-75.668
-75.25
-74.733
-74.111
-73.377
-72.527
-71.556
-70.461
-69.238
-67.886
-66.404
-64.79
-63.045
-61.173
-59.175
-57.058
-54.826
-52.488
-50.052
-47.534
-44.951
-42.32
-39.661
-36.995
-34.345
-31.738
-29.195
-26.74
-24.391
-22.167
-20.089
-18.179
-16.459
-14.95
-13.669
-12.627
-11.835
-11.302
-11.028
-11.007
-11.229
-11.684
-12.373
-13.307
-14.504
-15.976
-17.732
-19.778
-22.11
-24.714
-27.566
-30.626
-33.855
-37.23
-40.723
-44.308
-47.957
-51.623
-55.246
-58.767
-62.082
-65.049
-67.598
-69.708
-71.467
-73.102
-74.796
-76.672
-78.93
-81.8
-85.397
-89.744
-94.5
-98.978
-102.717
-105.436
-106.907
-106.93
-105.184
-101.386
-95.904
-89.645
-83.399
-77.894
-73.587
-71.015
-71.435
-76.124
-85.885
-101.031
-121.19
-145.798
-173.553
-201.051
-223.923
-237.655
-240.149
-233.706
-219.558
-195.22
-152.466
-77.383
38.153
192.195
373.745
565.247
754.416
935.68
1104.649
1253.235
1362.679
1409.184
1374.039
1251.977
1058.012
820.075
569.561
335.284
133.961
-27.157
-144.301
-220.896
-261.617
-270.894
-260.701
-241.393
-219.822
-203.882
-191.972
-178.604
-162.416
-140.372
-114.716
-92.615
-76.97
-69.348
-69.206
-72.579
-77.109
-82.262
-87.337
-91.909
-95.489
-97.069
-96.306
-93.736
-89.882
-85.072
-79.752
-74.402
-69.569
-66.05
-64.211
-63.908
-64.928
-66.924
-69.523
-72.431
-75.241
-77.474
-78.867
-79.324
-78.828
-77.485
-75.369
-72.516
-69.023
-64.994
-60.514
-55.667
-50.514
-45.109
-39.531
-33.867
-28.198
-22.588
-17.072
-11.665
-6.373
-1.186
3.91
8.935
13.916
18.876
23.83
28.797
33.793
38.835
43.946
49.146
54.455
59.891
65.465
71.184
77.054
83.071
89.234
95.535
101.966
108.518
115.184
121.952
128.813
135.752
142.754
149.8
156.873
163.948
171
178.003
184.929
191.747
198.428
204.94
211.251
217.33
223.143
228.659
233.845
238.669
243.101
247.11
250.668
253.747
256.322
258.37
259.87
260.804
261.158
260.919
260.077
258.628
256.568
253.897
250.62
246.743
242.278
237.236
231.636
225.497
218.842
211.698
204.093
196.058
187.627
178.835
169.718
160.316
150.667
140.812
130.793
120.651
110.429
100.169
89.913
79.703
69.579
59.58
49.744
40.108
30.705
21.568
12.726
4.208
-3.963
-11.763
-19.173
-26.176
-32.758
-38.909
-44.62
-49.885
-54.702
-59.071
-62.995
-66.479
-69.531
-72.161
-74.379
-76.201
-77.641
-78.718
-79.449
-79.857
-79.961
-79.785
-79.353
-78.688
-77.815
-76.76
-75.547
-74.2
-72.745
-71.204
-69.602
-67.961
-66.302
-64.645
-63.009
-61.414
-59.874
-58.404
-57.019
-55.73
-54.547
-53.479
-52.533
-51.716
-51.031
-50.482
-50.07
-49.797
-49.661
-49.66
-49.791
-50.051
-50.434
-50.935
-51.546
-52.261
-53.071
-53.967
-54.942
-55.985
-57.087
-58.238
-59.429
-60.65
-61.892
-63.144
-64.399
-65.647
-66.882
-68.094
-69.278
-70.426
-71.534
-72.597
-73.609
-74.567
-75.467
-76.308
-77.087
-77.803
-78.454
-79.04
-79.561
-80.017
-80.41
-80.739
-81.007
-81.215
-81.366
-81.463
-81.507
-81.503
-81.454
-81.363
-81.235
-81.073
-80.88
-80.663
-80.423
-80.167
-79.896
-79.616
-79.329
-79.04
-78.751
-78.465
-78.185
-77.915
-77.655
-77.409
-77.178
-76.965
-76.771
-76.597
-76.445
-76.317
-76.214
-76.137
-76.088
-76.068
-76.078
-76.118
-76.19
-76.292
-76.425
-76.589
-76.782
-77.003
-77.251
-77.525
-77.821
-78.139
-78.475
-78.827
-79.193
-79.568
-79.951
-80.337
-80.723
-81.106
-81.48
-81.843
-82.189
-82.514
-82.814
-83.084
-83.318
-83.511
-83.656
-83.749
-83.783
-83.751
-83.648
-83.466
-83.201
-82.846
-82.396
-81.848
-81.198
-80.443
-79.58
-78.609
-77.527
-76.336
-75.035
-73.625
-72.109
-70.489
-68.771
-66.961
-65.068
-63.101
-61.073
-58.998
-56.888
-54.759
-52.628
-50.514
-48.436
-46.411
-44.46
-42.603
-40.862
-39.259
-37.816
-36.552
-35.481
-34.621
-33.983
-33.58
-33.426
-33.522
-33.87
-34.469
-35.323
-36.439
-37.826
-39.479
-41.398
-43.575
-46.005
-48.681
-51.588
-54.693
-57.957
-61.336
-64.776
-68.243
-71.698
-75.102
-78.424
-81.602
-84.575
-87.297
-89.709
-91.764
-93.444
-94.7
-95.488
-95.891
-96.058
-96.25
-96.848
-98.132
-100.307
-103.625
-108.302
-114.386
-121.667
-129.533
-137.047
-143.375
-147.838
-149.805
-148.756
-144.397
-136.977
-127.528
-117.611
-108.863
-102.973
-101.61
-106.273
-118.338
-137.053
-159.601
-183.635
-205.808
-225.761
-245.71
-261.256
-266.741
-252.372
-203.057
-116.459
4.421
153.251
314.103
481.973
657.17
836.202
1019.188
1193.24
1333.003
1413.36
1409.084
1309.892
1127.307
886.899
624.773
374.917
158.866
-12.054
-136.664
-219.674
-264.964
-280.277
-275.954
-262.054
-250.87
-247.532
-249.752
-252.317
-245.846
-226.675
-197.461
-163.312
-132.636
-110.146
-96.172
-89.59
-87.502
-88.129
-91.425
-96.966
-103.846
-110.78
-116.116
-118.957
-119.329
-117.45
-113.575
-108.16
-101.835
-95.469
-90.116
-86.344
-84.199
-83.52
-83.964
-85.149
-86.711
-88.201
-89.12
-89.187
-88.319
-86.529
-83.943
-80.668
-76.779
-72.378
-67.581
-62.475
-57.13
-51.614
-45.983
-40.313
-34.695
-29.192
-23.847
-18.682
-13.703
-8.902
-4.268
0.226
4.611
8.909
13.139
17.315
21.453
25.574
29.702
33.863
38.082
42.378
46.773
51.28
55.91
60.666
65.551
70.563
75.696
80.947
86.315
91.794
97.379
103.063
108.836
114.685
120.597
126.553
132.533
138.514
144.471
150.379
156.208
161.933
167.522
172.945
178.172
183.172
187.913
192.366
196.5
200.285
203.694
206.699
209.276
211.401
213.052
214.212
214.864
214.994
214.591
213.647
212.155
210.114
207.524
204.388
200.713
196.507
191.784
186.559
180.851
174.68
168.073
161.054
153.654
145.904
137.836
129.487
120.891
112.087
103.111
94.003
84.801
75.544
66.27
57.017
47.822
38.719
29.745
20.932
12.311
3.911
-4.238
-12.113
-19.69
-26.947
-33.865
-40.43
-46.625
-52.441
-57.868
-62.899
-67.531
-71.762
-75.593
-79.027
-82.071
-84.731
-87.018
-88.943
-90.521
-91.766
-92.695
-93.326
-93.678
-93.771
-93.624
-93.259
-92.698
-91.96
-91.068
-90.043
-88.905
-87.675
-86.372
-85.017
-83.626
-82.217
-80.808
-79.413
-78.047
-76.723
-75.453
-74.249
-73.121
-72.077
-71.125
-70.271
-69.52
-68.875
-68.34
-67.915
-67.601
-67.396
-67.3
-67.309
-67.419
-67.626
-67.925
-68.311
-68.777
-69.316
-69.922
-70.587
-71.305
-72.067
-72.865
-73.693
-74.543
-75.407
-76.279
-77.151
-78.017
-78.87
-79.704
-80.513
-81.293
-82.037
-82.741
-83.401
-84.013
-84.574
-85.08
-85.529
-85.92
-86.252
-86.522
-86.733
-86.883
-86.974
-87.007
-86.983
-86.906
-86.778
-86.602
-86.381
-86.119
-85.822
-85.492
-85.134
-84.755
-84.356
-83.945
-83.525
-83.1
-82.675
-82.254
-81.841
-81.439
-81.053
-80.686
-80.34
-80.02
-79.726
-79.461
-79.226
-79.023
-78.851
-78.709
-78.598
-78.514
-78.457
-78.423
-78.409
-78.411
-78.424
-78.444
-78.463
-78.476
-78.475
-78.452
-78.4
-78.309
-78.172
-77.982
-77.731
-77.411
-77.015
-76.536
-75.969
-75.307
-74.545
-73.678
-72.701
-71.614
-70.414
-69.101
-67.678
-66.148
-64.516
-62.79
-60.979
-59.092
-57.145
-55.151
-53.127
-51.091
-49.059
-47.052
-45.087
-43.184
-41.361
-39.638
-38.031
-36.561
-35.244
-34.1
-33.146
-32.391
-31.841
-31.497
-31.36
-31.433
-31.724
-32.239
-32.983
-33.963
-35.187
-36.66
-38.381
-40.336
-42.49
-44.796
-47.212
-49.705
-52.261
-54.875
-57.529
-60.182
-62.784
-65.28
-67.622
-69.772
-71.65
-73.147
-74.264
-75.115
-75.937
-77.075
-78.787
-81.186
-84.466
-88.889
-94.451
-100.927
-107.82
-114.316
-119.891
-124.387
-127.434
-128.475
-127.34
-124.147
-119.495
-114.543
-109.975
-106.052
-103.611
-103.893
-107.785
-116.063
-128.883
-145.509
-165.757
-188.345
-209.397
-224.81
-230.425
-224.611
-209.92
-187.399
-155.033
-106.473
-32.135
74.568
215.098
385.147
577.967
784.032
989.545
1176.268
1316.925
1383.908
1358.76
1236.886
1035.768
786.793
524.282
279.952
72.165
-92.007
-211.069
-290.586
-334.933
-347.655
-337.279
-311.2
-279.609
-253.637
-235.957
-224.85
-214.27
-197.085
-172.406
-144.111
-118.644
-100.649
-90.876
-87.581
-87.482
-88.957
-91.928
-96.081
-101.188
-106.687
-111.503
-114.934
-116.905
-117.31
-116.144
-113.718
-110.343
-106.454
-102.73
-99.791
-97.855
-96.904
-96.77
-97.113
-97.679
-98.258
-98.538
-98.199
-97.075
-95.131
-92.432
-89.126
-85.315
-81.056
-76.429
-71.524
-66.43
-61.234
-56.008
-50.802
-45.656
-40.604
-35.67
-30.868
-26.203
-21.66
-17.213
-12.83
-8.489
-4.175
0.124
4.421
8.732
13.081
17.485
21.964
26.534
31.207
35.997
40.915
45.966
51.151
56.465
61.902
67.454
73.119
78.888
84.755
90.708
96.736
102.823
108.955
115.112
121.272
127.411
133.503
139.52
145.435
151.22
156.844
162.28
167.496
172.464
177.153
181.536
185.583
189.268
192.564
195.446
197.892
199.879
201.39
202.408
202.919
202.911
202.378
201.313
199.714
197.583
194.922
191.74
188.047
183.855
179.182
174.046
168.471
162.482
156.106
149.373
142.316
134.969
127.366
119.544
111.54
103.392
95.139
86.818
78.469
70.129
61.837
53.63
45.542
37.609
29.865
22.339
15.063
8.062
1.362
-5.013
-11.045
-16.715
-22.008
-26.913
-31.419
-35.519
-39.211
-42.493
-45.366
-47.834
-49.905
-51.586
-52.89
-53.829
-54.418
-54.673
-54.613
-54.255
-53.621
-52.731
-51.607
-50.272
-48.748
-47.059
-45.227
-43.277
-41.23
-39.108
-36.934
-34.729
-32.512
-30.303
-28.12
-25.979
-23.897
-21.886
-19.961
-18.132
-16.41
-14.801
-13.314
-11.952
-10.72
-9.619
-8.652
-7.817
-7.114
-6.541
-6.095
-5.772
-5.568
-5.479
-5.498
-5.619
-5.837
-6.143
-6.532
-6.997
-7.53
-8.125
-8.775
-9.474
-10.215
-10.994
-11.803
-12.638
-13.495
-14.369
-15.257
-16.155
-17.061
-17.974
-18.893
-19.817
-20.747
-21.681
-22.622
-23.568
-24.521
-25.481
-26.448
-27.423
-28.407
-29.399
-30.4
-31.41
-32.429
-33.457
-34.492
-35.533
-36.578
-37.624
-38.667
-39.703
-40.729
-41.74
-42.729
-43.693
-44.625
-45.517
-46.363
-47.154
-47.882
-48.539
-49.114
-49.599
-49.985
-50.263
-50.425
-50.463
-50.37
-50.14
-49.766
-49.244
-48.57
-47.74
-46.752
-45.604
-44.299
-42.837
-41.223
-39.461
-37.559
-35.526
-33.378
-31.128
-28.794
-26.395
-23.952
-21.488
-19.029
-16.595
-14.209
-11.891
-9.661
-7.541
-5.556
-3.728
-2.08
-0.631
0.603
1.609
2.376
2.904
3.196
3.256
3.087
2.676
2.013
1.084
-0.126
-1.626
-3.418
-5.497
-7.838
-10.401
-13.149
-16.053
-19.1
-22.278
-25.563
-28.919
-32.294
-35.617
-38.837
-41.86
-44.545
-46.83
-48.731
-50.394
-52.129
-54.182
-56.664
-59.727
-63.553
-68.179
-73.487
-78.965
-83.732
-87.234
-89.313
-89.907
-88.971
-86.402
-82.219
-77.178
-72.744
-69.745
-68.249
-68.283
-69.712
-73.641
-82.664
-96.838
-114.135
-131.976
-144.468
-149.208
-149.348
-147.394
-150.797
-165.814
-187.775
-207.509
-207.888
-167.015
-75.191
64.366
238.224
424.818
609.018
787.968
961.644
1126.094
1267.952
1360.412
1376.958
1306.207
1152.137
938.465
698.153
457.538
238.858
52.803
-97.117
-206.009
-274.392
-302.102
-293.785
-262.36
-221.05
-186.304
-167.256
-162.539
-166.018
-165.501
-154.109
-133.034
-107.206
-85.236
-71.626
-65.747
-65.392
-67.169
-69.649
-72.921
-76.547
-79.968
-82.281
-82.819
-81.733
-79.348
-75.841
-71.505
-66.769
-62.248
-58.763
-56.731
-56.088
-56.616
-57.991
-59.88
-61.992
-63.961
-65.349
-65.899
-65.54
-64.283
-62.237
-59.495
-56.108
-52.159
-47.753
-42.974
-37.896
-32.593
-27.122
-21.556
-15.983
-10.463
-5.037
0.27
5.456
10.528
15.5
20.396
25.244
30.064
34.874
39.686
44.515
49.377
54.292
59.279
64.358
69.543
74.847
80.28
85.844
91.538
97.358
103.295
109.34
115.483
121.715
128.027
134.406
140.84
147.313
153.809
160.307
166.787
173.223
179.59
185.859
192.002
197.99
203.794
209.382
214.725
219.794
224.557
228.986
233.053
236.731
239.992
242.813
245.17
247.044
248.415
249.267
249.587
249.363
248.589
247.258
245.368
242.92
239.918
236.367
232.277
227.66
222.532
216.911
210.817
204.276
197.313
189.958
182.241
174.195
165.856
157.258
148.438
139.436
130.288
121.033
111.711
102.359
93.017
83.721
74.508
65.413
56.469
47.71
39.164
30.862
22.828
15.087
7.66
0.568
-6.172
-12.547
-18.543
-24.152
-29.366
-34.182
-38.598
-42.613
-46.233
-49.462
-52.307
-54.779
-56.889
-58.651
-60.08
-61.192
-62.005
-62.539
-62.813
-62.848
-62.665
-62.287
-61.734
-61.029
-60.194
-59.248
-58.214
-57.111
-55.959
-54.776
-53.58
-52.388
-51.215
-50.075
-48.98
-47.943
-46.974
-46.081
-45.27
-44.549
-43.921
-43.389
-42.956
-42.621
-42.385
-42.246
-42.202
-42.249
-42.383
-42.599
-42.891
-43.254
-43.681
-44.166
-44.701
-45.281
-45.899
-46.548
-47.223
-47.918
-48.626
-49.345
-50.068
-50.791
-51.513
-52.23
-52.94
-53.643
-54.339
-55.028
-55.712
-56.394
-57.076
-57.762
-58.456
-59.162
-59.885
-60.632
-61.406
-62.215
-63.064
-63.959
-64.906
-65.91
-66.978
-68.114
-69.322
-70.607
-71.97
-73.415
-74.944
-76.556
-78.252
-80.032
-81.893
-83.835
-85.853
-87.944
-90.101
-92.319
-94.591
-96.907
-99.257
-101.632
-104.019
-106.407
-108.784
-111.135
-113.448
-115.708
-117.901
-120.012
-122.027
-123.929
-125.705
-127.34
-128.82
-130.131
-131.261
-132.2
-132.938
-133.466
-133.775
-133.86
-133.715
-133.335
-132.717
-131.859
-130.762
-129.427
-127.858
-126.061
-124.045
-121.82
-119.402
-116.807
-114.052
-111.157
-108.146
-105.043
-101.873
-98.664
-95.441
-92.233
-89.068
-85.973
-82.98
-80.115
-77.403
-74.868
-72.535
-70.423
-68.556
-66.951
-65.616
-64.557
-63.781
-63.295
-63.118
-63.264
-63.74
-64.553
-65.707
-67.202
-69.04
-71.204
-73.656
-76.352
-79.233
-82.257
-85.395
-88.619
-91.906
-95.211
-98.458
-101.586
-104.531
-107.23
-109.645
-111.725
-113.409
-114.765
-115.956
-117.211
-118.877
-121.214
-124.385
-128.606
-134.004
-140.523
-148.025
-156.074
-163.991
-171.255
-177.292
-181.552
-183.799
-183.712
-181.221
-176.987
-171.637
-166.868
-164.734
-165.565
-170.435
-178.327
-187.512
-199.989
-214.953
-232.92
-254.699
-275.768
-295.657
-311.953
-318.126
-307.136
-265.304
-181.79
-54.372
110.248
297.069
492.436
687.342
877.361
1055.083
1204.454
1302.526
1324.502
1257.746
1105.719
889.051
640.266
390.366
165.478
-19.656
-160.391
-257.546
-316.737
-344.199
-348.73
-339.545
-325.809
-315.102
-308.586
-303.893
-294.955
-276.545
-248.888
-215.818
-184.696
-161.532
-148.065
-143.315
-144.156
-148.097
-154.522
-162.937
-172.442
-181.641
-188.753
-192.801
-193.825
-192.177
-188.218
-182.467
-175.646
-168.706
-162.814
-158.632
-156.232
-155.462
-155.967
-157.334
-159.173
-161.003
-162.284
-162.709
-162.184
-160.702
-158.385
-155.337
-151.618
-147.329
-142.574
-137.427
-131.946
-126.19
-120.206
-114.073
-107.883
-101.701
-95.576
-89.534
-83.582
-77.721
-71.941
-66.218
-60.523
-54.836
-49.144
-43.434
-37.698
-31.918
-26.073
-20.143
-14.107
-7.946
-1.645
4.806
11.415
18.181
25.1
32.164
39.364
46.69
54.133
61.684
69.332
77.064
84.865
92.717
100.603
108.499
116.38
124.22
131.99
139.66
147.201
154.582
161.77
168.734
175.443
181.864
187.967
193.72
199.093
204.058
208.586
212.651
216.229
219.297
221.837
223.83
225.263
226.124
226.404
226.098
225.203
223.718
221.646
218.994
215.77
211.987
207.658
202.802
197.441
191.598
185.298
178.571
171.447
163.957
156.136
148.018
139.639
131.035
122.243
113.302
104.248
95.12
85.954
76.788
67.657
58.596
49.637
40.812
32.152
23.683
15.434
7.428
-0.313
-7.767
-14.917
-21.748
-28.245
-34.398
-40.198
-45.64
-50.719
-55.435
-59.788
-63.78
-67.417
-70.705
-73.653
-76.269
-78.566
-80.556
-82.252
-83.67
-84.826
-85.735
-86.415
-86.884
-87.159
-87.257
-87.196
-86.995
-86.668
-86.235
-85.712
-85.114
-84.457
-83.756
-83.025
-82.277
-81.524
-80.775
-80.042
-79.332
-78.653
-78.01
-77.409
-76.854
-76.347
-75.891
-75.486
-75.133
-74.83
-74.576
-74.369
-74.205
-74.081
-73.994
-73.938
-73.909
-73.902
-73.913
-73.936
-73.967
-73.999
-74.028
-74.047
-74.053
-74.039
-74
-73.933
-73.832
-73.694
-73.516
-73.296
-73.03
-72.718
-72.358
-71.951
-71.496
-70.995
-70.448
-69.858
-69.227
-68.559
-67.858
-67.126
-66.368
-65.589
-64.792
-63.983
-63.165
-62.344
-61.524
-60.708
-59.903
-59.112
-58.34
-57.592
-56.873
-56.186
-55.537
-54.929
-54.367
-53.854
-53.393
-52.988
-52.642
-52.356
-52.133
-51.973
-51.879
-51.848
-51.881
-51.976
-52.13
-52.341
-52.605
-52.919
-53.278
-53.678
-54.113
-54.58
-55.073
-55.586
-56.115
-56.652
-57.191
-57.726
-58.25
-58.755
-59.236
-59.683
-60.091
-60.45
-60.754
-60.994
-61.162
-61.249
-61.248
-61.149
-60.944
-60.627
-60.192
-59.633
-58.945
-58.125
-57.17
-56.078
-54.849
-53.481
-51.976
-50.335
-48.559
-46.653
-44.621
-42.472
-40.212
-37.852
-35.403
-32.88
-30.298
-27.674
-25.028
-22.38
-19.752
-17.168
-14.652
-12.226
-9.916
-7.743
-5.729
-3.893
-2.254
-0.827
0.371
1.328
2.036
2.491
2.696
2.66
2.388
1.886
1.155
0.194
-0.993
-2.406
-4.051
-5.931
-8.05
-10.394
-12.924
-15.605
-18.401
-21.295
-24.292
-27.386
-30.553
-33.754
-36.931
-40.029
-43.007
-45.793
-48.242
-50.27
-51.89
-53.25
-54.695
-56.582
-59.163
-62.707
-67.544
-73.82
-81.394
-89.792
-97.986
-104.852
-109.526
-111.104
-108.702
-101.858
-90.65
-75.829
-59.226
-43.048
-29.266
-20.186
-18.075
-24.596
-40.929
-67.252
-102.066
-143.126
-186.993
-228.242
-261.555
-281.618
-285.047
-271.517
-240.2
-189.9
-117.06
-17.003
111.736
268.119
447.103
642.767
849.256
1056.559
1249.366
1403.487
1490.142
1486.362
1383.199
1192.508
943.443
672.506
413.885
189.786
10.115
-122.504
-212.05
-262.02
-275.865
-263.567
-235.751
-206.139
-187.799
-182.942
-187.42
-191.13
-184.262
-165.14
-137.776
-110.673
-90.372
-78.115
-72.464
-69.967
-68.412
-67.922
-68.803
-70.931
-73.85
-76.607
-78.267
-78.662
-77.897
-75.918
-72.882
-69.188
-65.196
-61.482
-58.741
-57.158
-56.637
-57.039
-58.021
-59.231
-60.438
-61.31
-61.474
-60.772
-59.16
-56.66
-53.415
-49.531
-45.068
-40.124
-34.806
-29.197
-23.392
-17.477
-11.511
-5.572
0.28
6.01
11.589
17.007
22.275
27.406
32.427
37.37
42.258
47.108
51.936
56.758
61.592
66.463
71.391
76.396
81.497
86.707
92.04
97.506
103.106
108.841
114.706
120.694
126.802
133.023
139.354
145.785
152.308
158.909
165.577
172.294
179.042
185.798
192.537
199.234
205.859
212.385
218.782
225.019
231.063
236.885
242.451
247.73
252.69
257.301
261.532
265.355
268.743
271.67
274.112
276.049
277.46
278.33
278.645
278.394
277.569
276.164
274.177
271.609
268.464
264.749
260.474
255.653
250.302
244.44
238.091
231.28
224.034
216.384
208.362
200.002
191.339
182.412
173.257
163.914
154.423
144.823
135.154
125.454
115.763
106.118
96.557
87.113
77.822
68.716
59.823
51.174
42.793
34.705
26.931
19.489
12.397
5.668
-0.687
-6.658
-12.24
-17.428
-22.221
-26.62
-30.629
-34.253
-37.5
-40.379
-42.904
-45.086
-46.942
-48.488
-49.742
-50.721
-51.447
-51.939
-52.219
-52.306
-52.222
-51.989
-51.627
-51.157
-50.599
-49.972
-49.294
-48.585
-47.859
-47.134
-46.423
-45.74
-45.098
-44.508
-43.981
-43.525
-43.148
-42.858
-42.659
-42.555
-42.551
-42.648
-42.846
-43.146
-43.546
-44.045
-44.64
-45.327
-46.102
-46.96
-47.896
-48.903
-49.977
-51.109
-52.294
-53.525
-54.795
-56.098
-57.426
-58.775
-60.136
-61.505
-62.877
-64.245
-65.604
-66.95
-68.278
-69.583
-70.861
-72.109
-73.323
-74.5
-75.637
-76.731
-77.782
-78.786
-79.743
-80.651
-81.509
-82.317
-83.075
-83.783
-84.44
-85.048
-85.607
-86.119
-86.584
-87.004
-87.38
-87.714
-88.007
-88.261
-88.477
-88.657
-88.802
-88.914
-88.995
-89.046
-89.07
-89.069
-89.045
-89.001
-88.938
-88.861
-88.77
-88.668
-88.559
-88.444
-88.327
-88.211
-88.097
-87.99
-87.892
-87.806
-87.733
-87.676
-87.637
-87.617
-87.618
-87.64
-87.685
-87.754
-87.846
-87.964
-88.106
-88.273
-88.465
-88.68
-88.919
-89.177
-89.455
-89.747
-90.052
-90.366
-90.685
-91.005
-91.321
-91.628
-91.922
-92.195
-92.443
-92.658
-92.834
-92.963
-93.039
-93.055
-93.004
-92.88
-92.678
-92.394
-92.021
-91.556
-90.996
-90.337
-89.576
-88.711
-87.74
-86.663
-85.481
-84.195
-82.811
-81.335
-79.775
-78.142
-76.446
-74.7
-72.92
-71.122
-69.323
-67.541
-65.795
-64.104
-62.488
-60.967
-59.563
-58.296
-57.181
-56.233
-55.468
-54.898
-54.537
-54.394
-54.472
-54.769
-55.286
-56.024
-56.994
-58.202
-59.648
-61.33
-63.249
-65.4
-67.784
-70.389
-73.182
-76.125
-79.17
-82.277
-85.42
-88.576
-91.728
-94.839
-97.848
-100.698
-103.342
-105.728
-107.832
-109.604
-110.958
-111.927
-112.646
-113.335
-114.36
-116.028
-118.51
-122.051
-126.904
-133.072
-140.432
-148.533
-156.443
-163.336
-168.561
-171.353
-171.102
-167.593
-160.786
-151.323
-140.721
-130.567
-122.486
-118.228
-119.421
-127.323
-142.782
-165.872
-194.383
-224.209
-251.17
-270.618
-280.531
-282.391
-275.55
-257.459
-221.26
-155.859
-54.026
86.116
259.094
454.522
661.354
867.09
1058.711
1217.793
1321.286
1349.286
1288.845
1142.227
929.842
680.241
424.251
188.594
-13.229
-173.212
-286.544
-354.115
-374.832
-355.67
-312.512
-261.781
-223.795
-208.301
-211.878
-225.805
-234.73
-230.476
-214.361
-191.194
-169.9
-154.71
-144.704
-138.28
-132.395
-125.991
-120.056
-115.076
-111.496
-109.504
-108.537
-107.925
-107.391
-106.63
-105.384
-103.68
-101.54
-98.998
-96.399
-94.264
-92.81
-92.055
-91.9
-92.052
-92.305
-92.544
-92.53
-91.949
-90.621
-88.483
-85.569
-82.023
-77.95
-73.402
-68.467
-63.25
-57.855
-52.39
-46.944
-41.575
-36.325
-31.231
-26.313
-21.588
-17.054
-12.691
-8.469
-4.349
-0.303
3.691
7.651
11.596
15.549
19.534
23.577
27.698
31.917
36.248
40.708
45.31
50.062
54.968
60.028
65.236
70.591
76.093
81.738
87.524
93.445
99.493
105.658
111.929
118.292
124.728
131.217
137.734
144.257
150.758
157.212
163.59
169.862
176
181.972
187.748
193.298
198.592
203.598
208.289
212.635
216.609
220.187
223.344
226.059
228.311
230.084
231.362
232.132
232.385
232.113
231.31
229.976
228.111
225.719
222.807
219.384
215.464
211.063
206.2
200.896
195.174
189.06
182.583
175.773
168.661
161.279
153.663
145.846
137.865
129.756
121.555
113.297
105.018
96.754
88.539
80.405
72.385
64.509
56.806
49.304
42.027
35.001
28.246
21.781
15.623
9.788
4.286
-0.87
-5.675
-10.123
-14.211
-17.938
-21.306
-24.319
-26.984
-29.307
-31.3
-32.974
-34.343
-35.422
-36.226
-36.773
-37.081
-37.169
-37.056
-36.762
-36.307
-35.712
-34.998
-34.183
-33.289
-32.334
-31.338
-30.319
-29.294
-28.279
-27.289
-26.339
-25.443
-24.612
-23.857
-23.188
-22.613
-22.14
-21.775
-21.522
-21.385
-21.365
-21.462
-21.677
-22.008
-22.452
-23.005
-23.664
-24.423
-25.277
-26.219
-27.242
-28.339
-29.502
-30.722
-31.991
-33.3
-34.641
-36.004
-37.383
-38.768
-40.151
-41.527
-42.886
-44.223
-45.531
-46.803
-48.036
-49.223
-50.36
-51.444
-52.471
-53.439
-54.347
-55.193
-55.977
-56.698
-57.359
-57.959
-58.5
-58.984
-59.414
-59.793
-60.123
-60.408
-60.654
-60.864
-61.042
-61.194
-61.325
-61.439
-61.541
-61.634
-61.724
-61.814
-61.907
-62.008
-62.118
-62.241
-62.38
-62.536
-62.711
-62.907
-63.125
-63.364
-63.625
-63.907
-64.208
-64.527
-64.862
-65.209
-65.565
-65.928
-66.293
-66.656
-67.011
-67.354
-67.677
-67.975
-68.241
-68.467
-68.647
-68.772
-68.837
-68.836
-68.763
-68.612
-68.378
-68.056
-67.643
-67.134
-66.527
-65.818
-65.007
-64.091
-63.072
-61.952
-60.732
-59.418
-58.014
-56.529
-54.972
-53.354
-51.689
-49.993
-48.281
-46.572
-44.885
-43.238
-41.65
-40.139
-38.721
-37.413
-36.234
-35.198
-34.32
-33.617
-33.099
-32.774
-32.649
-32.718
-32.977
-33.42
-34.046
-34.859
-35.867
-37.074
-38.489
-40.122
-41.975
-44.05
-46.331
-48.775
-51.348
-54.012
-56.743
-59.543
-62.4
-65.28
-68.141
-70.915
-73.54
-75.971
-78.129
-79.891
-81.213
-82.147
-82.865
-83.681
-84.866
-86.585
-89.028
-92.458
-96.977
-102.423
-108.382
-114.158
-119.117
-122.923
-125.206
-125.351
-122.957
-118.112
-111.319
-103.581
-96.033
-89.442
-84.724
-83.398
-87.045
-96.772
-113.043
-135.726
-163.047
-191.907
-219.407
-241.483
-256.138
-265.744
-269.895
-264.552
-241.439
-184.359
-82.52
61.042
235.49
420.471
598.155
767.433
929.823
1084.238
1223.141
1318.511
1341.085
1276.257
1121.864
901.381
650.38
397.763
170.606
-17.34
-162.06
-259.312
-311.429
-321.149
-296.212
-251.359
-202.161
-167.436
-155.891
-165.217
-186.68
-203.013
-204.813
-192.091
-169.17
-146.302
-128.859
-116.344
-107.499
-99.825
-92.685
-87.575
-85.353
-85.902
-88.683
-92.752
-97.053
-100.943
-103.93
-105.481
-105.438
-104.128
-101.933
-99.424
-97.31
-95.842
-95.05
-94.915
-95.19
-95.615
-95.996
-96.018
-95.334
-93.805
-91.398
-88.161
-84.243
-79.739
-74.706
-69.24
-63.44
-57.405
-51.23
-44.986
-38.727
-32.496
-26.329
-20.251
-14.279
-8.412
-2.634
3.077
8.752
14.408
20.053
25.697
31.345
37.01
42.705
48.442
54.233
60.087
66.01
72.01
78.09
84.251
90.487
96.789
103.147
109.552
115.997
122.473
128.971
135.48
141.988
148.481
154.945
161.362
167.713
173.976
180.128
186.145
192.003
197.677
203.142
208.373
213.345
218.033
222.412
226.459
230.151
233.465
236.381
238.878
240.939
242.546
243.686
244.346
244.514
244.184
243.347
242.001
240.143
237.775
234.9
231.522
227.651
223.295
218.469
213.186
207.464
201.324
194.787
187.877
180.619
173.04
165.169
157.036
148.67
140.102
131.364
122.487
113.503
104.444
95.34
86.222
77.121
68.065
59.083
50.202
41.448
32.845
24.416
16.184
8.167
0.385
-7.146
-14.411
-21.397
-28.093
-34.488
-40.575
-46.348
-51.803
-56.937
-61.75
-66.243
-70.418
-74.278
-77.83
-81.079
-84.033
-86.701
-89.092
-91.217
-93.085
-94.71
-96.103
-97.276
-98.242
-99.014
-99.605
-100.028
-100.295
-100.421
-100.416
-100.294
-100.066
-99.744
-99.339
-98.863
-98.325
-97.736
-97.105
-96.441
-95.752
-95.045
-94.328
-93.607
-92.889
-92.179
-91.481
-90.801
-90.142
-89.508
-88.902
-88.326
-87.783
-87.274
-86.802
-86.366
-85.969
-85.61
-85.29
-85.01
-84.769
-84.568
-84.406
-84.283
-84.199
-84.153
-84.145
-84.173
-84.239
-84.34
-84.477
-84.649
-84.856
-85.096
-85.37
-85.676
-86.013
-86.381
-86.778
-87.204
-87.658
-88.138
-88.644
-89.176
-89.731
-90.311
-90.914
-91.539
-92.186
-92.853
-93.541
-94.248
-94.973
-95.717
-96.477
-97.253
-98.044
-98.848
-99.664
-100.49
-101.322
-102.159
-102.998
-103.836
-104.67
-105.496
-106.311
-107.111
-107.895
-108.657
-109.395
-110.105
-110.783
-111.424
-112.025
-112.58
-113.085
-113.533
-113.921
-114.242
-114.491
-114.663
-114.752
-114.752
-114.657
-114.461
-114.159
-113.746
-113.216
-112.565
-111.789
-110.886
-109.853
-108.689
-107.393
-105.964
-104.404
-102.715
-100.899
-98.959
-96.898
-94.722
-92.437
-90.049
-87.566
-84.995
-82.351
-79.65
-76.909
-74.148
-71.386
-68.647
-65.955
-63.333
-60.806
-58.39
-56.104
-53.965
-51.992
-50.207
-48.634
-47.288
-46.181
-45.322
-44.715
-44.366
-44.274
-44.427
-44.812
-45.418
-46.246
-47.313
-48.642
-50.243
-52.122
-54.277
-56.693
-59.36
-62.262
-65.365
-68.647
-72.076
-75.605
-79.205
-82.842
-86.459
-90.015
-93.409
-96.469
-99.127
-101.388
-103.333
-105.193
-107.13
-109.156
-111.388
-114.03
-117.115
-120.589
-124.136
-127.042
-128.869
-129.608
-129.259
-127.881
-125.581
-122.386
-118.791
-115.666
-113.327
-111.873
-111.182
-111.782
-115.66
-123.171
-133.343
-143.748
-149.407
-151.246
-154.255
-162.233
-181.387
-209.163
-236.629
-259.747
-271.656
-268.79
-248.927
-201.212
-117.003
7.968
170.407
356.662
552.694
746.747
932.387
1104.216
1249.345
1349.463
1382.413
1331.244
1195.131
990.271
744.887
491.233
256.423
54.772
-106.119
-222.454
-295.05
-322.218
-309.771
-272.658
-226.841
-192.264
-179.037
-183.913
-198.308
-207.617
-203.774
-188.222
-166.383
-147.204
-135.087
-129.362
-127.849
-126.975
-125.483
-123.959
-122.43
-121.143
-119.911
-117.913
-115.075
-111.678
-107.675
-103.198
-98.56
-93.924
-89.714
-86.546
-84.573
-83.724
-83.889
-84.763
-86.047
-87.506
-88.803
-89.561
-89.589
-88.806
-87.215
-84.915
-81.981
-78.476
-74.488
-70.122
-65.468
-60.603
-55.6
-50.522
-45.44
-40.436
-35.567
-30.868
-26.354
-22.026
-17.864
-13.848
-9.945
-6.117
-2.33
1.442
5.228
9.05
12.937
16.917
21.02
25.272
29.699
34.32
39.154
44.21
49.496
55.015
60.764
66.741
72.941
79.361
85.994
92.831
99.864
107.078
114.458
121.985
129.637
137.388
145.211
153.073
160.944
168.788
176.571
184.256
191.804
199.178
206.339
213.248
219.868
226.159
232.086
237.613
242.705
247.331
251.462
255.068
258.126
260.614
262.513
263.807
264.484
264.533
263.951
262.733
260.882
258.401
255.299
251.588
247.282
242.4
236.965
231.002
224.54
217.608
210.242
202.478
194.353
185.908
177.183
168.222
159.067
149.761
140.35
130.876
121.383
111.914
102.509
93.209
84.052
75.076
66.314
57.798
49.56
41.627
34.023
26.771
19.891
13.399
7.309
1.633
-3.621
-8.448
-12.846
-16.815
-20.358
-23.481
-26.194
-28.507
-30.433
-31.988
-33.19
-34.057
-34.611
-34.873
-34.867
-34.617
-34.146
-33.482
-32.648
-31.669
-30.572
-29.379
-28.115
-26.803
-25.464
-24.119
-22.788
-21.49
-20.24
-19.055
-17.949
-16.934
-16.021
-15.22
-14.538
-13.981
-13.555
-13.261
-13.101
-13.074
-13.18
-13.414
-13.773
-14.25
-14.84
-15.534
-16.325
-17.202
-18.156
-19.177
-20.254
-21.377
-22.533
-23.713
-24.906
-26.101
-27.289
-28.46
-29.604
-30.714
-31.782
-32.799
-33.76
-34.659
-35.489
-36.247
-36.928
-37.53
-38.05
-38.487
-38.84
-39.108
-39.293
-39.396
-39.419
-39.364
-39.236
-39.037
-38.773
-38.449
-38.069
-37.64
-37.168
-36.659
-36.119
-35.555
-34.974
-34.382
-33.784
-33.189
-32.602
-32.028
-31.475
-30.948
-30.452
-29.994
-29.578
-29.21
-28.895
-28.637
-28.441
-28.311
-28.25
-28.262
-28.35
-28.516
-28.763
-29.09
-29.499
-29.99
-30.561
-31.212
-31.94
-32.742
-33.615
-34.555
-35.559
-36.621
-37.736
-38.898
-40.101
-41.339
-42.604
-43.889
-45.185
-46.484
-47.776
-49.053
-50.305
-51.521
-52.692
-53.807
-54.855
-55.824
-56.705
-57.485
-58.154
-58.701
-59.116
-59.392
-59.519
-59.49
-59.299
-58.94
-58.41
-57.705
-56.824
-55.766
-54.529
-53.119
-51.537
-49.789
-47.881
-45.821
-43.618
-41.288
-38.848
-36.314
-33.709
-31.054
-28.374
-25.694
-23.041
-20.438
-17.908
-15.471
-13.148
-10.966
-8.947
-7.115
-5.491
-4.09
-2.925
-2.008
-1.342
-0.925
-0.751
-0.81
-1.104
-1.642
-2.442
-3.518
-4.88
-6.538
-8.49
-10.721
-13.215
-15.934
-18.846
-21.932
-25.172
-28.539
-32.009
-35.538
-39.063
-42.537
-45.859
-48.889
-51.559
-53.843
-55.826
-57.749
-59.813
-62.145
-64.937
-68.395
-72.596
-77.537
-82.851
-87.81
-91.888
-94.743
-96.136
-95.928
-93.93
-90.03
-84.734
-79.051
-73.847
-69.899
-67.649
-67.493
-70.332
-77.018
-87.997
-103.332
-122.689
-145.622
-171.055
-196.383
-218.165
-232.522
-237.684
-234.683
-223.629
-203.154
-166.311
-102.174
-3.867
131.394
296.892
480.048
672.043
864.181
1050.718
1222.695
1358.564
1433.126
1422.93
1317.01
1128.718
887.875
631.117
392.093
189.586
28.854
-91.618
-177.844
-236.299
-270.835
-286.57
-289.848
-283.42
-270.665
-254.551
-233.326
-208.134
-180.826
-151.306
-123.494
-100.302
-82.323
-70.756
-64.553
-61.994
-62.357
-65.162
-70.201
-76.847
-84.188
-91.155
-96.618
-100.264
-102.23
-102.49
-101.262
-99.003
-96.103
-93.246
-91.256
-90.383
-90.551
-91.594
-93.125
-94.824
-96.495
-97.807
-98.388
-98.069
-96.799
-94.635
-91.751
-88.259
-84.22
-79.726
-74.874
-69.764
-64.496
-59.155
-53.803
-48.491
-43.254
-38.122
-33.113
-28.234
-23.475
-18.812
-14.213
-9.656
-5.129
-0.621
3.875
8.376
12.904
17.478
22.119
26.843
31.66
36.586
41.632
46.802
52.099
57.517
63.048
68.689
74.435
80.283
86.226
92.257
98.365
104.538
110.764
117.026
123.305
129.579
135.822
142.011
148.119
154.12
159.985
165.687
171.195
176.481
181.516
186.269
190.712
194.817
198.554
201.899
204.825
207.31
209.331
210.87
211.909
212.434
212.433
211.896
210.816
209.19
207.017
204.298
201.039
197.247
192.932
188.109
182.794
177.007
170.77
164.109
157.049
149.62
141.853
133.781
125.436
116.855
108.072
99.124
90.049
80.884
71.665
62.43
53.214
44.053
34.981
26.031
17.234
8.619
0.215
-7.953
-15.86
-23.485
-30.808
-37.812
-44.483
-50.807
-56.775
-62.38
-67.616
-72.48
-76.973
-81.096
-84.854
-88.251
-91.296
-93.999
-96.371
-98.424
-100.174
-101.634
-102.821
-103.753
-104.448
-104.923
-105.198
-105.29
-105.219
-105.004
-104.662
-104.211
-103.669
-103.053
-102.378
-101.659
-100.911
-100.147
-99.378
-98.616
-97.87
-97.149
-96.459
-95.807
-95.197
-94.634
-94.12
-93.657
-93.245
-92.886
-92.576
-92.316
-92.102
-91.932
-91.802
-91.709
-91.648
-91.614
-91.604
-91.613
-91.635
-91.668
-91.705
-91.742
-91.776
-91.802
-91.815
-91.814
-91.794
-91.753
-91.689
-91.6
-91.485
-91.344
-91.175
-90.979
-90.758
-90.511
-90.24
-89.947
-89.633
-89.3
-88.951
-88.588
-88.213
-87.828
-87.435
-87.038
-86.637
-86.235
-85.833
-85.433
-85.036
-84.644
-84.257
-83.876
-83.503
-83.138
-82.782
-82.436
-82.099
-81.772
-81.454
-81.146
-80.845
-80.553
-80.267
-79.988
-79.713
-79.441
-79.173
-78.907
-78.641
-78.375
-78.108
-77.84
-77.571
-77.299
-77.026
-76.752
-76.477
-76.203
-75.93
-75.661
-75.396
-75.135
-74.882
-74.636
-74.397
-74.168
-73.947
-73.736
-73.535
-73.344
-73.163
-72.992
-72.829
-72.675
-72.528
-72.386
-72.247
-72.109
-71.969
-71.823
-71.668
-71.501
-71.317
-71.111
-70.878
-70.613
-70.308
-69.958
-69.555
-69.092
-68.561
-67.956
-67.271
-66.498
-65.633
-64.669
-63.604
-62.433
-61.152
-59.76
-58.253
-56.632
-54.895
-53.045
-51.084
-49.017
-46.852
-44.597
-42.265
-39.868
-37.419
-34.935
-32.433
-29.933
-27.456
-25.018
-22.641
-20.345
-18.15
-16.08
-14.156
-12.394
-10.811
-9.424
-8.246
-7.292
-6.576
-6.097
-5.858
-5.858
-6.097
-6.59
-7.344
-8.364
-9.653
-11.212
-13.039
-15.136
-17.489
-20.065
-22.824
-25.711
-28.679
-31.692
-34.72
-37.742
-40.715
-43.574
-46.255
-48.678
-50.782
-52.554
-53.937
-54.871
-55.406
-55.639
-55.803
-56.312
-57.437
-59.338
-62.272
-66.351
-71.535
-77.786
-84.601
-91.064
-96.591
-100.694
-102.574
-101.752
-98.141
-91.528
-83.471
-77.148
-73.452
-72.587
-73.865
-73.569
-73.14
-78.481
-93.38
-122.069
-161.733
-200.737
-230.644
-246.953
-248.384
-236.796
-208.464
-150.7
-52.297
87.834
261.524
449.506
632.694
807.133
972.94
1128.942
1268.625
1366.136
1393.447
1336.076
1191.619
982.427
742.661
499.284
277.642
89.752
-62.909
-175.772
-251.574
-293.443
-303.087
-290.911
-266.015
-238.116
-217.809
-206.524
-201.472
-196.562
-184.696
-165.328
-142.6
-122.804
-110.733
-106.836
-108.778
-113.205
-118.304
-123.491
-127.999
-131.106
-131.815
-129.461
-124.358
-117.122
-108.19
-98.154
-87.76
-77.806
-69.267
-62.7
-58.131
-55.473
-54.518
-54.962
-56.495
-58.678
-60.974
-63.063
-64.769
-65.953
-66.604
-66.712
-66.244
-65.263
-63.842
-61.996
-59.736
-57.033
-53.829
-50.134
-45.987
-41.428
-36.527
-31.344
-25.947
-20.449
-14.934
-9.45
-4.028
1.34
6.664
11.93
17.137
22.283
27.351
32.337
37.245
42.067
46.817
51.518
56.199
60.912
65.701
70.59
75.595
80.718
85.955
91.305
96.76
102.301
107.916
113.591
119.315
125.078
130.866
136.657
142.423
148.134
153.756
159.259
164.612
169.784
174.746
179.47
183.93
188.105
191.97
195.503
198.678
201.472
203.859
205.819
207.332
208.379
208.943
209.013
208.577
207.628
206.164
204.182
201.683
198.67
195.15
191.132
186.627
181.648
176.212
170.338
164.048
157.365
150.315
142.927
135.231
127.257
119.038
110.609
102.003
93.255
84.401
75.475
66.515
57.555
48.63
39.774
31.021
22.404
13.952
5.695
-2.34
-10.128
-17.646
-24.874
-31.792
-38.383
-44.634
-50.532
-56.067
-61.23
-66.015
-70.42
-74.443
-78.084
-81.348
-84.238
-86.762
-88.929
-90.75
-92.237
-93.405
-94.268
-94.843
-95.149
-95.203
-95.024
-94.634
-94.051
-93.297
-92.392
-91.356
-90.209
-88.97
-87.659
-86.294
-84.892
-83.469
-82.042
-80.626
-79.234
-77.88
-76.575
-75.332
-74.159
-73.065
-72.058
-71.145
-70.33
-69.617
-69.01
-68.51
-68.118
-67.832
-67.653
-67.578
-67.603
-67.725
-67.939
-68.24
-68.622
-69.079
-69.606
-70.196
-70.843
-71.54
-72.281
-73.06
-73.872
-74.71
-75.568
-76.442
-77.326
-78.214
-79.103
-79.987
-80.863
-81.727
-82.575
-83.404
-84.213
-84.998
-85.758
-86.492
-87.199
-87.878
-88.53
-89.154
-89.751
-90.323
-90.87
-91.394
-91.895
-92.377
-92.838
-93.281
-93.706
-94.114
-94.504
-94.877
-95.232
-95.569
-95.887
-96.186
-96.463
-96.718
-96.949
-97.154
-97.33
-97.475
-97.586
-97.659
-97.691
-97.677
-97.614
-97.497
-97.322
-97.083
-96.775
-96.393
-95.929
-95.379
-94.737
-93.995
-93.148
-92.191
-91.12
-89.932
-88.622
-87.189
-85.63
-83.946
-82.134
-80.196
-78.133
-75.947
-73.64
-71.219
-68.687
-66.055
-63.332
-60.53
-57.663
-54.745
-51.791
-48.82
-45.851
-42.906
-40.006
-37.172
-34.425
-31.79
-29.288
-26.943
-24.776
-22.806
-21.049
-19.522
-18.237
-17.213
-16.459
-15.977
-15.769
-15.831
-16.165
-16.781
-17.684
-18.874
-20.352
-22.115
-24.159
-26.484
-29.075
-31.898
-34.913
-38.064
-41.305
-44.61
-47.954
-51.327
-54.69
-57.976
-61.124
-64.067
-66.743
-69.123
-71.135
-72.69
-73.835
-74.702
-75.536
-76.737
-78.589
-81.268
-85.049
-90.075
-96.274
-103.486
-111.125
-118.279
-124.287
-128.443
-129.95
-128.465
-123.91
-116.424
-107.044
-97.163
-87.97
-81.167
-78.713
-82.048
-92.268
-110.034
-133.816
-160.5
-187.474
-210.894
-228.482
-241.823
-249.756
-248.063
-229.448
-179.424
-87.364
45.242
209.83
388.576
564.364
734.039
898.175
1057.09
1204.666
1317.744
1369.151
1338.72
1220.255
1029.54
794.51
545.334
308.178
97.907
-75.776
-206.148
-291.35
-329.57
-327.599
-300.361
-262.263
-229.904
-210.947
-201.959
-196.872
-185.712
-163.754
-134.39
-103.63
-79.431
-65.779
-61.709
-64.495
-70.465
-77.824
-86.042
-94.126
-101.132
-105.914
-107.742
-106.908
-103.996
-99.432
-93.771
-87.711
-82.045
-77.722
-75.236
-74.52
-75.319
-77.243
-79.876
-82.844
-85.727
-88.057
-89.573
-90.206
-89.965
-88.965
-87.308
-85.053
-82.292
-79.121
-75.612
-71.83
-67.84
-63.698
-59.485
-55.292
-51.178
-47.19
-43.351
-39.667
-36.134
-32.738
-29.45
-26.241
-23.084
-19.962
-16.857
-13.752
-10.624
-7.446
-4.192
-0.837
2.643
6.268
10.053
14.01
18.144
22.458
26.949
31.614
36.449
41.452
46.618
51.942
57.415
63.026
68.764
74.612
80.551
86.561
92.616
98.691
104.758
110.79
116.756
122.625
128.367
133.949
139.339
144.504
149.413
154.032
158.331
162.279
165.846
169.004
171.728
173.994
175.779
177.064
177.834
178.073
177.77
176.918
175.509
173.542
171.018
167.94
164.314
160.152
155.465
150.272
144.59
138.443
131.855
124.853
117.465
109.723
101.66
93.308
84.703
75.881
66.88
57.737
48.489
39.175
29.831
20.496
11.205
1.992
-7.107
-16.061
-24.838
-33.41
-41.75
-49.831
-57.63
-65.126
-72.301
-79.138
-85.624
-91.746
-97.496
-102.868
-107.857
-112.462
-116.683
-120.524
-123.988
-127.083
-129.816
-132.2
-134.245
-135.967
-137.379
-138.498
-139.342
-139.929
-140.279
-140.409
-140.341
-140.095
-139.69
-139.147
-138.485
-137.724
-136.884
-135.982
-135.037
-134.066
-133.085
-132.108
-131.151
-130.225
-129.342
-128.514
-127.749
-127.056
-126.442
-125.913
-125.473
-125.127
-124.875
-124.72
-124.661
-124.697
-124.826
-125.044
-125.349
-125.736
-126.199
-126.734
-127.336
-127.996
-128.71
-129.471
-130.271
-131.104
-131.963
-132.842
-133.734
-134.633
-135.534
-136.431
-137.32
-138.197
-139.055
-139.893
-140.706
-141.49
-142.244
-142.965
-143.651
-144.3
-144.913
-145.49
-146.03
-146.535
-147.005
-147.442
-147.846
-148.22
-148.564
-148.88
-149.167
-149.427
-149.662
-149.871
-150.056
-150.215
-150.349
-150.457
-150.536
-150.585
-150.601
-150.58
-150.519
-150.414
-150.264
-150.063
-149.809
-149.497
-149.125
-148.688
-148.184
-147.607
-146.955
-146.222
-145.408
-144.509
-143.526
-142.456
-141.301
-140.061
-138.744
-137.355
-135.903
-134.398
-132.851
-131.275
-129.687
-128.101
-126.531
-124.992
-123.497
-122.059
-120.693
-119.419
-118.25
-117.204
-116.295
-115.531
-114.924
-114.479
-114.191
-114.058
-114.074
-114.239
-114.566
-115.07
-115.764
-116.666
-117.783
-119.119
-120.672
-122.416
-124.313
-126.33
-128.437
-130.626
-132.891
-135.212
-137.562
-139.896
-142.154
-144.288
-146.214
-147.806
-149.005
-149.843
-150.46
-151.143
-152.137
-153.571
-155.62
-158.524
-162.391
-167.133
-172.317
-177.188
-181.222
-184.224
-186.035
-186.357
-184.823
-181.331
-176.403
-171.111
-166.294
-162.329
-159.497
-158.418
-160.211
-166.016
-176.359
-190.914
-209.424
-230.949
-253.027
-272.931
-287.015
-293.507
-294.97
-292.431
-282.955
-258.311
-203.431
-107.504
28.74
195.589
375.712
554.245
726.913
892.69
1047.201
1178.571
1262.545
1274.175
1201.592
1047.396
834.002
594.35
357.835
148.933
-20.282
-147.043
-232.755
-282.828
-302.42
-299.49
-282.988
-262.466
-246.903
-238.636
-235.612
-231.49
-220.043
-200.431
-175.78
-152.661
-136.075
-126.946
-123.764
-123.335
-123.631
-124.501
-125.901
-127.529
-128.722
-128.483
-126.453
-122.946
-118.269
-112.624
-106.31
-99.746
-93.517
-88.362
-84.622
-82.197
-80.883
-80.374
-80.338
-80.471
-80.408
-79.73
-78.199
-75.756
-72.406
-68.246
-63.364
-57.816
-51.686
-45.08
-38.081
-30.761
-23.193
-15.442
-7.589
0.27
8.066
15.753
23.298
30.695
37.943
45.052
52.041
58.937
65.76
72.524
79.241
85.92
92.578
99.232
105.901
112.603
119.353
126.162
133.039
139.988
147.007
154.091
161.233
168.421
175.646
182.9
190.172
197.451
204.725
211.98
219.198
226.362
233.452
240.444
247.314
254.034
260.579
266.92
273.03
278.879
284.44
289.684
294.583
299.109
303.235
306.937
310.19
312.971
315.259
317.036
318.287
318.996
319.154
318.751
317.783
316.247
314.144
311.476
308.251
304.476
300.166
295.334
289.998
284.18
277.903
271.192
264.077
256.589
248.759
240.623
232.216
223.575
214.739
205.745
196.633
187.443
178.214
168.985
159.793
150.677
141.673
132.814
124.134
115.663
107.43
99.461
91.782
84.414
77.378
70.69
64.366
58.42
52.862
47.701
42.941
38.585
34.636
31.092
27.951
25.207
22.854
20.883
19.287
18.053
17.171
16.625
16.401
16.482
16.852
17.494
18.389
19.519
20.866
22.412
24.142
26.037
28.08
30.256
32.548
34.937
37.407
39.939
42.514
45.115
47.724
50.321
52.887
55.403
57.85
60.207
62.46
64.589
66.578
68.411
70.074
71.555
72.846
73.94
74.828
75.502
75.954
76.187
76.207
76.025
75.648
75.079
74.312
73.348
72.189
70.838
69.29
67.54
65.587
63.441
61.142
58.739
56.272
