Name,Kaushik Vada
Date of Birth,"Mar 17, 2005"
Recorded Date,2024-11-19 10:49:41 -0800
Classification,Sinus Rhythm
Symptoms,
Software Version,1.90
Device,"Watch7,9"
Sample Rate,512 hertz


Lead,Lead I
Unit,µV

608.308
937.262
1213.807
1378.594
1400.649
1287.056
1072.134
804.488
531.062
281.317
69.142
-102.869
-237.374
-333.28
-388.698
-404.279
-385.702
-346.769
-303.643
-269.789
-252.146
-247.966
-249.769
-249.516
-241.778
-227.578
-211.37
-198.072
-191.632
-192.245
-197.717
-205.551
-213.559
-220.955
-227.707
-233.714
-238.752
-242.372
-244.446
-245.237
-245.054
-244.243
-243.115
-241.907
-241.002
-240.855
-241.618
-243.2
-245.365
-247.756
-250.107
-252.239
-253.928
-254.931
-255.104
-254.384
-252.805
-250.475
-247.473
-243.846
-239.651
-234.948
-229.808
-224.31
-218.53
-212.54
-206.394
-200.131
-193.784
-187.377
-180.927
-174.442
-167.913
-161.318
-154.65
-147.904
-141.084
-134.195
-127.237
-120.2
-113.083
-105.88
-98.593
-91.226
-83.783
-76.271
-68.699
-61.083
-53.443
-45.8
-38.175
-30.584
-23.045
-15.575
-8.191
-0.912
6.244
13.26
20.118
26.797
33.277
39.538
45.56
51.324
56.814
62.011
66.901
71.467
75.698
79.581
83.105
86.262
89.045
91.447
93.465
95.098
96.347
97.214
97.704
97.825
97.585
96.996
96.071
94.825
93.274
91.436
89.329
86.975
84.394
81.608
78.641
75.516
72.259
68.894
65.447
61.942
58.405
54.86
51.332
47.844
44.417
41.074
37.835
34.718
31.742
28.923
26.274
23.81
21.541
19.476
17.622
15.986
14.571
13.378
12.409
11.662
11.133
10.82
10.715
10.813
11.105
11.583
12.237
13.056
14.028
15.142
16.385
17.744
19.206
20.757
22.385
24.076
25.817
27.596
29.398
31.213
33.029
34.834
36.619
38.373
40.087
41.754
43.366
44.917
46.4
47.813
49.15
50.408
51.585
52.68
53.692
54.62
55.465
56.228
56.91
57.513
58.041
58.495
58.878
59.195
59.447
59.639
59.775
59.857
59.89
59.877
59.821
59.726
59.595
59.431
59.237
59.015
58.767
58.494
58.199
57.883
57.546
57.189
56.812
56.417
56.002
55.567
55.113
54.639
54.143
53.624
53.081
52.512
51.916
51.29
50.635
49.947
49.226
48.472
47.683
46.86
46.003
45.111
44.184
43.224
42.231
41.208
40.155
39.075
37.971
36.845
35.702
34.545
33.376
32.199
31.017
29.834
28.652
27.474
26.304
25.144
23.997
22.866
21.754
20.662
19.592
18.544
17.519
16.515
15.53
14.558
13.59
12.62
11.635
10.626
9.581
8.484
7.322
6.085
4.761
3.34
1.812
0.164
-1.617
-3.54
-5.616
-7.849
-10.242
-12.8
-15.519
-18.387
-21.397
-24.536
-27.802
-31.206
-34.758
-38.465
-42.332
-46.366
-50.564
-54.921
-59.417
-64.013
-68.678
-73.389
-78.127
-82.883
-87.638
-92.353
-96.98
-101.47
-105.754
-109.75
-113.404
-116.69
-119.664
-122.503
-125.397
-128.527
-132.105
-136.347
-141.386
-147.278
-153.861
-160.667
-167.279
-173.359
-178.506
-182.36
-184.569
-184.82
-183.244
-180.403
-176.705
-172.583
-168.639
-166.066
-166.943
-173.091
-185.066
-200.737
-216.813
-231.188
-243.456
-257.058
-275.249
-298.342
-325.137
-349.59
-364.798
-364.155
-337.49
-276.709
-175.389
-30.292
152.466
362.748
587.533
809.875
1011.691
1170.588
1260.206
1258.669
1157.166
965.08
711.506
436.284
174.969
-47.902
-222.248
-349.449
-432.713
-474.635
-478.443
-450.768
-404.316
-356.023
-320.579
-303.115
-299.452
-299.061
-291.097
-272.654
-247.264
-221.747
-203.179
-193.581
-191.316
-193.583
-197.219
-200.803
-204.147
-206.965
-209.033
-209.965
-209.262
-206.923
-203.267
-198.645
-193.475
-188.174
-183.104
-178.654
-175.194
-172.792
-171.276
-170.371
-169.71
-168.982
-167.963
-166.41
-164.095
-160.904
-156.813
-151.866
-146.173
-139.82
-132.867
-125.385
-117.451
-109.144
-100.55
-91.752
-82.825
-73.826
-64.799
-55.777
-46.783
-37.828
-28.916
-20.037
-11.173
-2.316
6.538
15.388
24.229
33.065
41.903
50.748
59.605
68.474
77.353
86.237
95.12
103.991
112.834
121.631
130.36
139.002
147.543
155.964
164.249
172.381
180.342
188.115
195.683
203.026
210.125
216.959
223.508
229.751
235.671
241.249
246.467
251.31
255.762
259.809
263.44
266.644
269.411
271.735
273.61
275.032
276.002
276.521
276.593
276.223
275.422
274.2
272.571
270.55
268.155
265.404
262.32
258.925
255.242
251.297
247.116
242.727
238.157
233.436
228.594
223.661
218.666
213.639
208.611
203.61
198.665
193.802
189.048
184.429
179.968
175.686
171.606
167.745
164.12
160.745
157.634
154.797
152.241
149.973
147.997
146.314
144.925
143.828
143.018
142.491
142.24
142.257
142.532
143.055
143.815
144.8
145.995
147.387
148.962
150.705
152.601
154.634
156.789
159.051
161.404
163.834
166.325
168.863
171.434
174.025
176.624
179.219
181.799
184.355
186.876
189.355
191.785
194.16
196.474
198.722
200.902
203.009
205.042
206.998
208.877
210.679
212.401
214.046
215.612
217.102
218.515
219.853
221.118
222.311
223.433
224.487
225.474
226.395
227.254
228.05
228.786
229.464
230.084
230.648
231.156
231.609
232.008
232.354
232.645
232.882
233.064
233.191
233.263
233.278
233.236
233.135
232.975
232.754
232.473
232.129
231.722
231.252
230.718
230.119
229.456
228.728
227.935
227.077
226.155
225.169
224.121
223.012
221.843
220.618
219.338
218.006
216.626
215.201
213.734
212.231
210.694
209.129
207.54
205.934
204.315
202.689
201.063
199.444
197.838
196.253
194.694
193.17
191.686
190.25
188.87
187.553
186.308
185.14
184.059
183.073
182.188
181.414
180.755
180.216
179.803
179.521
179.376
179.371
179.511
179.797
180.232
180.818
181.554
182.44
183.474
184.648
185.955
187.389
188.939
190.595
192.345
194.17
196.05
197.962
199.883
201.792
203.67
205.494
207.243
208.898
210.438
211.85
213.12
214.239
215.191
215.959
216.532
216.913
217.121
217.188
217.131
216.949
216.623
216.128
215.454
214.613
213.597
212.364
210.911
209.259
207.506
205.844
204.367
203.041
201.803
200.565
199.205
197.665
195.774
193.135
189.55
185.035
179.684
173.831
167.84
161.874
156.216
151.42
147.791
145.51
144.7
145.005
146.016
147.537
149.215
150.64
151.598
151.755
150.949
149.576
148.075
146.991
146.233
144.652
141.651
136.877
131.766
129.717
131.084
134.038
133.644
122.232
97.839
63.391
25.33
-7.475
-30.883
-43.458
-42.601
-22.565
27.101
115.238
244.503
408.8
595.159
793.006
995.057
1195.355
1384.591
1541.114
1634.78
1637.455
1535.212
1338.137
1077.718
796.072
530.471
304.28
127.381
-0.466
-81.8
-117.824
-113.062
-77.743
-26.669
21.417
51.865
62.523
58.887
52.3
55.871
72.469
99.329
131.01
157.611
175.181
183.777
183.756
179.586
173.977
167.431
161.428
155.967
151.157
148.057
146.853
147.45
149.748
153.239
157.346
161.578
165.329
168.014
169.441
169.733
169.145
168.07
166.856
165.76
165.078
165.096
165.95
167.668
170.193
173.4
177.192
181.511
186.281
191.425
196.867
202.523
208.321
214.196
220.096
225.981
231.823
237.603
243.313
248.955
254.544
260.101
265.638
271.159
276.666
282.154
287.631
293.103
298.579
304.064
309.562
315.072
320.593
326.123
331.651
337.165
342.649
348.082
353.449
358.734
363.922
368.998
373.945
378.747
383.386
387.847
392.109
396.154
399.96
403.508
406.778
409.751
412.41
414.736
416.715
418.332
419.573
420.427
420.883
420.933
420.571
419.79
418.589
416.967
414.925
412.466
409.597
406.327
402.666
398.628
394.227
389.482
384.411
379.034
373.376
367.459
361.309
354.952
348.417
341.73
334.923
328.025
321.065
314.073
307.08
300.114
293.203
286.375
279.657
273.073
266.647
260.401
254.357
248.533
242.947
237.614
232.548
227.759
223.257
219.05
215.141
211.535
208.231
205.229
202.526
200.117
197.996
196.154
194.582
193.27
192.206
191.376
190.767
190.364
190.153
190.117
190.241
190.509
190.905
191.414
192.02
192.707
193.461
194.268
195.114
195.985
196.869
197.754
198.63
199.486
200.314
201.104
201.85
202.545
203.184
203.761
204.275
204.722
205.099
205.407
205.645
205.812
205.911
205.942
205.908
205.81
205.652
205.435
205.163
204.839
204.466
204.047
203.585
203.083
202.545
201.972
201.368
200.736
200.078
199.396
198.693
197.97
197.23
196.475
195.705
194.922
194.128
193.322
192.505
191.677
190.837
189.987
189.124
188.249
187.36
186.457
185.538
184.603
183.651
182.681
181.692
180.683
179.653
178.602
177.528
176.432
175.311
174.167
172.997
171.802
170.581
169.333
168.057
166.753
165.42
164.057
162.663
161.238
159.783
158.297
156.781
155.236
153.662
152.062
150.437
148.79
147.12
145.432
143.727
142.008
140.279
138.541
136.8
135.059
133.323
131.597
129.887
128.197
126.534
124.903
123.312
121.769
120.28
118.853
117.498
116.224
115.04
113.955
112.979
112.121
111.391
110.796
110.344
110.044
109.902
109.924
110.116
110.484
111.031
111.762
112.678
113.781
115.072
116.548
118.207
120.043
122.047
124.205
126.507
128.935
131.473
134.102
136.801
139.549
142.328
145.119
147.903
150.658
153.36
155.984
158.511
160.921
163.196
165.324
167.291
169.088
170.718
172.181
173.477
174.597
175.52
176.224
176.693
176.912
176.871
176.568
176
175.177
174.125
172.86
171.401
169.772
167.979
166.047
164.007
161.89
159.765
157.731
155.849
154.143
152.585
151.043
149.387
147.526
145.292
142.48
138.962
134.696
129.816
124.71
119.758
115.183
111.226
108.192
106.307
105.728
106.367
107.826
109.745
111.976
114.331
115.791
114.738
109.949
100.995
89.826
79.622
71.137
62.853
50.649
30.068
1.782
-29.546
-57.451
-75.4
-80.617
-71.005
-40.851
16.817
110.317
244.414
413.813
609.401
818.914
1028.083
1225.51
1394.348
1511.942
1556.39
1509.598
1368.448
1150.341
885.602
610.584
357.924
146.052
-16.442
-128.425
-194.653
-217.822
-206.095
-172.634
-130.494
-96.271
-77.295
-70.573
-69.673
-63.057
-45.872
-21.548
4.421
24.165
34.195
35.899
31.671
24.825
17.128
8.952
0.738
-7.145
-14.143
-19.602
-23.183
-24.937
-25.073
-23.969
-22.076
-19.841
-17.73
-16.196
-15.617
-16.08
-17.431
-19.406
-21.649
-23.864
-25.813
-27.249
-27.944
-27.79
-26.789
-25.003
-22.552
-19.53
-15.996
-12.026
-7.699
-3.092
1.711
6.636
11.621
16.614
21.573
26.467
31.274
35.98
40.588
45.107
49.552
53.933
58.249
62.502
66.69
70.818
74.893
78.919
82.901
86.843
90.742
94.599
98.408
102.163
105.85
109.457
112.966
116.363
119.636
122.771
125.757
128.579
131.222
133.673
135.917
137.939
139.72
141.245
142.494
143.453
144.103
144.43
144.419
144.055
143.325
142.216
140.719
138.822
136.517
133.798
130.659
127.097
123.11
118.699
113.865
108.615
102.954
96.892
90.44
83.609
76.415
68.875
61.005
52.825
44.357
35.622
26.643
17.445
8.052
-1.508
-11.21
-21.026
-30.929
-40.893
-50.89
-60.893
-70.878
-80.818
-90.689
-100.468
-110.131
-119.659
-129.03
-138.226
-147.229
-156.025
-164.6
-172.941
-181.037
-188.88
-196.464
-203.782
-210.831
-217.607
-224.112
-230.344
-236.305
-241.999
-247.429
-252.601
-257.521
-262.195
-266.633
-270.84
-274.828
-278.605
-282.18
-285.564
-288.766
-291.797
-294.666
-297.383
-299.96
-302.404
-304.726
-306.934
-309.038
-311.046
-312.965
-314.803
-316.566
-318.261
-319.892
-321.466
-322.987
-324.458
-325.883
-327.265
-328.607
-329.909
-331.174
-332.404
-333.597
-334.756
-335.88
-336.969
-338.022
-339.039
-340.02
-340.963
-341.869
-342.736
-343.563
-344.351
-345.098
-345.803
-346.467
-347.088
-347.666
-348.2
-348.691
-349.139
-349.543
-349.904
-350.222
-350.499
-350.735
-350.931
-351.089
-351.211
-351.299
-351.354
-351.379
-351.378
-351.351
-351.303
-351.237
-351.157
-351.064
-350.964
-350.859
-350.753
-350.648
-350.548
-350.454
-350.369
-350.295
-350.235
-350.19
-350.16
-350.149
-350.157
-350.184
-350.232
-350.3
-350.388
-350.496
-350.621
-350.763
-350.917
-351.082
-351.254
-351.429
-351.603
-351.771
-351.927
-352.064
-352.177
-352.257
-352.298
-352.291
-352.229
-352.102
-351.904
-351.627
-351.264
-350.808
-350.251
-349.588
-348.813
-347.922
-346.909
-345.771
-344.503
-343.103
-341.572
-339.907
-338.11
-336.182
-334.128
-331.958
-329.68
-327.306
-324.851
-322.328
-319.757
-317.155
-314.541
-311.93
-309.339
-306.784
-304.282
-301.852
-299.514
-297.284
-295.177
-293.201
-291.366
-289.679
-288.144
-286.753
-285.501
-284.382
-283.398
-282.565
-281.902
-281.418
-281.125
-281.029
-281.129
-281.427
-281.912
-282.561
-283.362
-284.294
-285.332
-286.47
-287.685
-288.941
-290.208
-291.408
-292.427
-293.214
-293.758
-294.092
-294.361
-294.702
-295.191
-296.003
-297.364
-299.353
-301.958
-304.998
-308.007
-310.572
-312.498
-313.529
-313.329
-311.783
-308.906
-304.81
-299.995
-294.987
-289.804
-285.151
-282.778
-283.717
-288.736
-297.072
-304.828
-309.358
-311.081
-312.547
-319.637
-337.339
-364.72
-397.755
-430.133
-453.265
-461.352
-448.831
-408.399
-336.082
-229.783
-90.446
75.941
263.6
466.528
675.566
877.109
1050.009
1167.298
1204.692
1148.515
1000.898
782.254
523.331
256.612
11.123
-196.13
-356.302
-465.682
-527.988
-545.78
-525.355
-479.778
-420.635
-363.668
-321.793
-296.478
-285.529
-280.287
-270.151
-253.153
-231.154
-209.127
-193.968
-187.234
-187.131
-191.04
-195.511
-199.021
-201.459
-202.589
-202.276
-200.263
-196.475
-191.286
-185.201
-178.707
-172.238
-166.152
-160.861
-156.773
-153.957
-152.225
-151.262
-150.661
-150.108
-149.382
-148.23
-146.407
-143.795
-140.362
-136.154
-131.286
-125.839
-119.863
-113.429
-106.604
-99.469
-92.111
-84.611
-77.044
-69.47
-61.933
-54.467
-47.096
-39.83
-32.672
-25.611
-18.624
-11.701
-4.838
1.967
8.712
15.401
22.046
28.652
35.229
41.778
48.3
54.793
61.253
67.673
74.038
80.332
86.536
92.632
98.605
104.441
110.125
115.641
120.972
126.102
131.015
135.693
140.117
144.268
148.127
151.674
154.894
157.768
160.28
162.417
164.164
165.509
166.442
166.953
167.034
166.679
165.885
164.648
162.97
160.852
158.299
155.318
151.917
148.108
143.906
139.326
134.385
129.103
123.502
117.605
111.435
105.019
98.384
91.558
84.57
77.449
70.227
62.933
55.598
48.252
40.924
33.645
26.441
19.34
12.368
5.55
-1.09
-7.532
-13.753
-19.737
-25.467
-30.927
-36.106
-40.993
-45.579
-49.86
-53.829
-57.486
-60.831
-63.865
-66.592
-69.019
-71.151
-72.999
-74.573
-75.884
-76.946
-77.772
-78.377
-78.776
-78.986
-79.023
-78.903
-78.644
-78.261
-77.772
-77.192
-76.539
-75.827
-75.072
-74.288
-73.488
-72.687
-71.896
-71.125
-70.387
-69.689
-69.041
-68.45
-67.921
-67.461
-67.073
-66.759
-66.523
-66.365
-66.284
-66.279
-66.349
-66.491
-66.7
-66.972
-67.303
-67.688
-68.119
-68.592
-69.1
-69.635
-70.192
-70.764
-71.344
-71.925
-72.501
-73.067
-73.615
-74.141
-74.639
-75.104
-75.531
-75.915
-76.253
-76.541
-76.776
-76.956
-77.079
-77.143
-77.148
-77.095
-76.983
-76.814
-76.589
-76.311
-75.983
-75.608
-75.191
-74.737
-74.25
-73.736
-73.2
-72.648
-72.086
-71.519
-70.954
-70.394
-69.846
-69.315
-68.804
-68.32
-67.865
-67.443
-67.06
-66.716
-66.416
-66.16
-65.95
-65.787
-65.671
-65.601
-65.574
-65.59
-65.645
-65.736
-65.858
-66.006
-66.173
-66.354
-66.539
-66.721
-66.889
-67.034
-67.146
-67.213
-67.226
-67.174
-67.047
-66.834
-66.525
-66.11
-65.58
-64.927
-64.142
-63.217
-62.146
-60.924
-59.546
-58.01
-56.313
-54.457
-52.445
-50.283
-47.979
-45.542
-42.983
-40.317
-37.557
-34.72
-31.82
-28.873
-25.896
-22.904
-19.918
-16.957
-14.043
-11.194
-8.427
-5.755
-3.193
-0.749
1.571
3.767
5.836
7.77
9.552
11.163
12.589
13.814
14.828
15.628
16.217
16.603
16.813
16.868
16.778
16.559
16.219
15.773
15.25
14.691
14.138
13.653
13.323
13.192
13.266
13.488
13.7
13.74
13.494
12.808
11.485
9.432
6.64
3.254
-0.311
-3.721
-6.845
-9.479
-11.361
-12.293
-12.08
-10.828
-9.019
-6.92
-4.526
-1.956
-0.066
-0.396
-4.235
-11.919
-21.392
-29.469
-35.274
-40.017
-47.443
-61.993
-83.36
-107.37
-127.646
-136.409
-128.655
-101.832
-53.488
17.704
112.603
232.11
375.408
540.388
723.775
917.643
1107.658
1272.992
1386.415
1422.481
1366.19
1217.585
997.286
738.351
475.877
240.848
48.618
-95.667
-191.556
-244.239
-255.225
-229.965
-181.782
-124.239
-75.031
-45.397
-33.688
-33.748
-34.094
-25.955
-9.972
9.864
27.341
37.259
39.673
36.974
31.946
27.168
23.44
20.635
18.794
18.038
18.666
20.759
24.031
28.072
32.48
36.928
41.154
44.832
47.579
49.253
49.961
49.922
49.46
48.88
48.394
48.23
48.647
49.78
51.675
54.321
57.628
61.51
65.916
70.772
75.998
81.536
87.313
93.261
99.322
105.429
111.526
117.58
123.563
129.457
135.26
140.971
146.601
152.169
157.684
163.152
168.577
173.961
179.309
184.631
189.933
195.221
200.498
205.761
211.011
216.241
221.441
226.598
231.695
236.714
241.639
246.453
251.142
255.687
260.074
264.282
268.296
272.097
275.665
278.98
282.022
284.77
287.204
289.305
291.054
292.435
293.43
294.024
294.205
293.958
293.274
292.144
290.559
288.515
286.009
283.041
279.611
275.724
271.387
266.609
261.401
255.779
249.758
243.357
236.596
229.497
222.086
214.388
206.429
198.239
189.847
181.283
172.579
163.768
154.881
145.95
137.009
128.088
119.219
110.432
101.758
93.223
84.856
76.681
68.723
61.005
53.545
46.364
39.477
32.898
26.64
20.713
15.124
9.878
4.978
0.426
-3.78
-7.642
-11.165
-14.357
-17.224
-19.777
-22.027
-23.985
-25.665
-27.081
-28.249
-29.184
-29.903
-30.423
-30.761
-30.935
-30.96
-30.856
-30.638
-30.323
-29.927
-29.467
-28.956
-28.409
-27.84
-27.261
-26.684
-26.12
-25.578
-25.068
-24.597
-24.171
-23.797
-23.479
-23.221
-23.026
-22.896
-22.833
-22.838
-22.911
-23.051
-23.256
-23.526
-23.858
-24.249
-24.695
-25.194
-25.742
-26.335
-26.969
-27.64
-28.344
-29.078
-29.837
-30.618
-31.418
-32.232
-33.058
-33.894
-34.737
-35.584
-36.435
-37.288
-38.143
-38.999
-39.855
-40.71
-41.566
-42.421
-43.275
-44.129
-44.982
-45.834
-46.684
-47.535
-48.384
-49.234
-50.083
-50.932
-51.781
-52.628
-53.474
-54.316
-55.153
-55.983
-56.804
-57.615
-58.412
-59.192
-59.952
-60.688
-61.395
-62.067
-62.7
-63.287
-63.821
-64.294
-64.701
-65.035
-65.29
-65.459
-65.537
-65.519
-65.399
-65.174
-64.84
-64.391
-63.826
-63.141
-62.335
-61.409
-60.363
-59.199
-57.922
-56.54
-55.059
-53.49
-51.845
-50.136
-48.376
-46.581
-44.767
-42.949
-41.141
-39.364
-37.633
-35.97
-34.394
-32.922
-31.572
-30.361
-29.304
-28.413
-27.695
-27.148
-26.769
-26.559
-26.522
-26.672
-27.017
-27.559
-28.3
-29.243
-30.387
-31.729
-33.249
-34.904
-36.654
-38.469
-40.327
-42.234
-44.178
-46.136
-48.07
-49.93
-51.672
-53.289
-54.759
-56.027
-57.092
-57.984
-58.816
-59.839
-61.271
-63.247
-65.92
-69.427
-73.821
-79.142
-85.272
-91.783
-98.245
-104.319
-109.503
-113.255
-115.118
-114.409
-111.113
-106.56
-102.052
-98.7
-96.315
-91.929
-83.186
-70.621
-58.341
-54.941
-67.903
-98.77
-143.012
-190.609
-231.701
-260.579
-274.342
-270.965
-245.909
-192.323
-104.768
18.433
173.607
353.565
551.083
757.852
962.069
1146.048
1284.213
1349.136
1321.577
1198.032
995.432
746.085
485.79
243.777
36.404
-130.956
-257.005
-340.107
-377.058
-367.73
-321.269
-255.115
-191.319
-148.375
-131.434
-134.308
-143.827
-146.239
-137.163
-119.639
-100.341
-86.806
-81.11
-81.382
-84.722
-87.833
-89.59
-90.416
-90.584
-90.393
-89.801
-88.446
-86.403
-83.974
-81.342
-78.693
-76.188
-73.949
-72.216
-71.307
-71.266
-71.915
-73.027
-74.295
-75.482
-76.44
-76.964
-76.823
-75.892
-74.142
-71.606
-68.393
-64.583
-60.221
-55.374
-50.119
-44.536
-38.713
-32.728
-26.644
-20.513
-14.371
-8.247
-2.162
3.873
9.861
15.814
21.754
27.691
33.629
39.571
45.515
51.464
57.426
63.402
69.395
75.402
81.418
87.436
93.449
99.442
105.399
111.3
117.121
122.843
128.447
133.913
139.224
144.358
149.297
154.02
158.508
162.74
166.695
170.35
173.685
176.678
179.31
181.563
183.418
184.861
185.877
186.453
186.58
186.248
185.451
184.185
182.448
180.24
177.564
174.424
170.83
166.79
162.318
157.429
152.139
146.469
140.438
134.071
127.392
120.426
113.201
105.746
98.091
90.265
82.3
74.228
66.082
57.894
49.695
41.517
33.391
25.347
17.413
9.617
1.985
-5.46
-12.695
-19.698
-26.453
-32.941
-39.149
-45.065
-50.679
-55.983
-60.972
-65.642
-69.992
-74.024
-77.74
-81.145
-84.244
-87.046
-89.559
-91.794
-93.764
-95.48
-96.957
-98.209
-99.251
-100.1
-100.772
-101.282
-101.647
-101.883
-102.007
-102.034
-101.978
-101.855
-101.678
-101.461
-101.215
-100.952
-100.682
-100.415
-100.158
-99.919
-99.704
-99.519
-99.367
-99.252
-99.176
-99.14
-99.146
-99.192
-99.279
-99.404
-99.566
-99.761
-99.988
-100.241
-100.518
-100.814
-101.124
-101.444
-101.77
-102.097
-102.42
-102.735
-103.038
-103.326
-103.595
-103.842
-104.064
-104.258
-104.425
-104.56
-104.665
-104.737
-104.777
-104.786
-104.763
-104.711
-104.63
-104.522
-104.39
-104.236
-104.063
-103.874
-103.671
-103.458
-103.238
-103.016
-102.795
-102.579
-102.372
-102.179
-102.003
-101.849
-101.72
-101.619
-101.55
-101.515
-101.517
-101.556
-101.636
-101.756
-101.917
-102.12
-102.364
-102.648
-102.972
-103.333
-103.73
-104.159
-104.618
-105.101
-105.605
-106.126
-106.658
-107.196
-107.734
-108.266
-108.786
-109.287
-109.761
-110.199
-110.595
-110.939
-111.222
-111.435
-111.57
-111.619
-111.574
-111.428
-111.173
-110.804
-110.313
-109.697
-108.95
-108.068
-107.048
-105.887
-104.585
-103.141
-101.559
-99.84
-97.989
-96.014
-93.924
-91.727
-89.437
-87.068
-84.634
-82.153
-79.643
-77.119
-74.602
-72.111
-69.664
-67.282
-64.982
-62.785
-60.707
-58.766
-56.978
-55.353
-53.899
-52.617
-51.504
-50.562
-49.792
-49.201
-48.797
-48.58
-48.554
-48.724
-49.092
-49.657
-50.405
-51.299
-52.308
-53.408
-54.583
-55.839
-57.168
-58.546
-59.935
-61.291
-62.563
-63.725
-64.735
-65.513
-66.043
-66.372
-66.625
-67.046
-67.864
-69.23
-71.306
-74.262
-78.125
-82.808
-88.086
-93.474
-98.48
-102.667
-105.557
-106.757
-105.99
-103.049
-97.905
-90.71
-82.553
-75.468
-71.067
-70.906
-73.921
-76.015
-75.811
-73.307
-72.207
-81.663
-105.155
-141.781
-187.073
-228.743
-257.555
-267.297
-250.46
-203.785
-125.054
-12.118
131.578
299.348
485.224
681.11
877.386
1062.945
1218.515
1319.68
1345.135
1281.095
1129.498
911.589
657.831
399.995
166.05
-29.071
-178.611
-278.625
-331.576
-341.115
-314.912
-268.64
-217.572
-175.403
-150.312
-139.616
-136.472
-132.796
-122.38
-106.111
-88.047
-72.955
-65.139
-64.619
-68.952
-75.609
-81.781
-86.63
-91.378
-95.878
-98.975
-98.954
-92.023
-77.503
-59.733
-43.808
-36.837
-42.956
-57.551
-73.777
-84.392
-83.557
-74.019
-62.23
-52.933
-50.254
-53.428
-58.133
-62.045
-63.626
-62.662
-60.599
-57.829
-54.103
-49.294
-43.271
-36.365
-29.026
-21.444
-13.828
-6.442
0.396
6.243
11.054
15.239
19.071
22.71
26.325
29.994
33.915
38.467
43.698
49.326
55.169
61.079
66.962
72.861
78.717
84.35
89.732
94.962
100.105
105.235
110.369
115.437
120.416
125.32
130.137
134.844
139.412
143.802
147.993
151.986
155.772
159.341
162.674
165.745
168.534
171.021
173.19
175.024
176.508
177.628
178.37
178.722
178.674
178.219
177.35
176.062
174.352
172.218
169.663
166.694
163.32
159.552
155.403
150.887
146.02
140.821
135.309
129.507
123.436
117.122
110.589
103.865
96.976
89.952
82.822
75.615
68.36
61.088
53.826
46.603
39.449
32.388
25.449
18.653
12.026
5.588
-0.64
-6.641
-12.399
-17.899
-23.13
-28.081
-32.744
-37.114
-41.188
-44.962
-48.437
-51.615
-54.498
-57.092
-59.402
-61.436
-63.203
-64.712
-65.975
-67.003
-67.809
-68.407
-68.809
-69.031
-69.087
-68.991
-68.76
-68.406
-67.946
-67.393
-66.76
-66.063
-65.312
-64.52
-63.7
-62.86
-62.011
-61.163
-60.322
-59.496
-58.692
-57.915
-57.169
-56.46
-55.789
-55.161
-54.577
-54.039
-53.548
-53.105
-52.71
-52.363
-52.062
-51.808
-51.599
-51.432
-51.308
-51.223
-51.175
-51.163
-51.185
-51.237
-51.318
-51.425
-51.557
-51.711
-51.885
-52.078
-52.288
-52.514
-52.754
-53.007
-53.272
-53.549
-53.836
-54.132
-54.438
-54.751
-55.072
-55.399
-55.731
-56.068
-56.409
-56.753
-57.098
-57.445
-57.792
-58.138
-58.482
-58.824
-59.161
-59.494
-59.82
-60.14
-60.452
-60.755
-61.049
-61.332
-61.605
-61.865
-62.113
-62.348
-62.569
-62.776
-62.969
-63.146
-63.308
-63.456
-63.589
-63.709
-63.815
-63.909
-63.992
-64.064
-64.126
-64.18
-64.225
-64.264
-64.296
-64.323
-64.347
-64.367
-64.384
-64.399
-64.414
-64.426
-64.437
-64.447
-64.453
-64.455
-64.452
-64.442
-64.423
-64.393
-64.35
-64.29
-64.211
-64.108
-63.977
-63.814
-63.614
-63.371
-63.08
-62.736
-62.333
-61.868
-61.335
-60.728
-60.045
-59.281
-58.432
-57.496
-56.468
-55.348
-54.133
-52.825
-51.423
-49.93
-48.349
-46.683
-44.942
-43.133
-41.267
-39.357
-37.416
-35.461
-33.508
-31.576
-29.681
-27.841
-26.075
-24.397
-22.825
-21.379
-20.074
-18.928
-17.956
-17.168
-16.572
-16.174
-15.97
-15.956
-16.128
-16.482
-17.025
-17.76
-18.69
-19.822
-21.16
-22.704
-24.451
-26.381
-28.459
-30.656
-32.951
-35.337
-37.813
-40.359
-42.949
-45.539
-48.073
-50.519
-52.82
-54.875
-56.632
-58.095
-59.348
-60.628
-62.165
-64.087
-66.578
-69.841
-73.929
-78.827
-84.282
-89.679
-94.544
-98.549
-101.244
-102.229
-101.281
-98.265
-93.38
-87.31
-80.539
-73.331
-67.059
-63.824
-64.945
-71.709
-82.536
-92.559
-100.301
-105.594
-110.878
-123.554
-144.955
-173.079
-204.826
-230.106
-241.789
-233.226
-193.646
-118.636
-5.355
145.395
323.423
520.931
729.331
937.24
1133.5
1296.421
1398.499
1415.73
1332.813
1155.967
911.962
638.143
373.165
144.568
-35.43
-165.649
-250.85
-296.902
-308.526
-291.8
-256.448
-214.081
-176.246
-150.369
-136.162
-128.619
-120.867
-107.528
-88.879
-68.596
-51.289
-40.926
-37.85
-39.99
-44.833
-49.995
-54.535
-58.386
-61.323
-63.054
-63.275
-61.94
-59.498
-56.54
-53.348
-50.123
-47.171
-44.83
-43.415
-43.031
-43.346
-43.882
-44.486
-45.038
-45.351
-45.286
-44.633
-43.251
-41.281
-38.933
-36.159
-32.915
-29.207
-25.003
-20.391
-15.468
-10.217
-4.624
1.192
7.12
13.073
18.964
24.787
30.555
36.246
41.85
47.385
52.871
58.326
63.769
69.192
74.588
79.962
85.315
90.657
95.996
101.331
106.661
111.983
117.29
122.57
127.809
132.99
138.096
143.109
148.015
152.799
157.445
161.938
166.262
170.4
174.333
178.043
181.509
184.713
187.634
190.256
192.559
194.528
196.146
197.4
198.276
198.763
198.851
198.531
197.795
196.639
195.061
193.06
190.637
187.797
184.546
180.892
176.847
172.423
167.637
162.506
157.048
151.284
145.237
138.931
132.391
125.644
118.717
111.637
104.435
97.141
89.783
82.392
74.997
67.628
60.313
53.079
45.953
38.961
32.127
25.473
19.021
12.789
6.797
1.058
-4.414
-9.606
-14.51
-19.119
-23.427
-27.432
-31.133
-34.531
-37.629
-40.431
-42.945
-45.179
-47.141
-48.842
-50.296
-51.514
-52.511
-53.302
-53.902
-54.326
-54.592
-54.716
-54.714
-54.602
-54.396
-54.114
-53.769
-53.378
-52.954
-52.512
-52.064
-51.622
-51.199
-50.804
-50.446
-50.134
-49.875
-49.675
-49.539
-49.471
-49.475
-49.552
-49.703
-49.929
-50.229
-50.601
-51.044
-51.554
-52.127
-52.761
-53.451
-54.192
-54.978
-55.806
-56.669
-57.562
-58.48
-59.417
-60.367
-61.326
-62.287
-63.246
-64.198
-65.139
-66.064
-66.969
-67.85
-68.705
-69.529
-70.321
-71.078
-71.799
-72.482
-73.125
-73.729
-74.293
-74.816
-75.3
-75.745
-76.151
-76.52
-76.854
-77.153
-77.419
-77.654
-77.859
-78.038
-78.19
-78.32
-78.427
-78.515
-78.586
-78.641
-78.682
-78.711
-78.729
-78.738
-78.74
-78.736
-78.727
-78.714
-78.7
-78.684
-78.668
-78.653
-78.641
-78.632
-78.626
-78.626
-78.631
-78.642
-78.662
-78.689
-78.726
-78.773
-78.832
-78.903
-78.988
-79.086
-79.199
-79.327
-79.471
-79.63
-79.807
-79.999
-80.209
-80.435
-80.679
-80.94
-81.219
-81.515
-81.826
-82.154
-82.496
-82.851
-83.216
-83.59
-83.969
-84.351
-84.733
-85.112
-85.482
-85.84
-86.181
-86.498
-86.788
-87.042
-87.255
-87.42
-87.53
-87.581
-87.565
-87.478
-87.314
-87.066
-86.73
-86.302
-85.776
-85.149
-84.416
-83.575
-82.624
-81.562
-80.389
-79.108
-77.721
-76.234
-74.657
-72.998
-71.27
-69.485
-67.658
-65.805
-63.945
-62.091
-60.261
-58.472
-56.737
-55.076
-53.505
-52.038
-50.689
-49.472
-48.396
-47.47
-46.697
-46.072
-45.59
-45.249
-45.046
-44.997
-45.111
-45.392
-45.849
-46.489
-47.317
-48.335
-49.525
-50.849
-52.275
-53.778
-55.349
-56.994
-58.699
-60.436
-62.164
-63.823
-65.364
-66.74
-67.868
-68.697
-69.243
-69.595
-69.97
-70.637
-71.819
-73.761
-76.716
-80.763
-85.84
-91.698
-97.8
-103.59
-108.526
-111.89
-113.031
-111.627
-107.519
-100.855
-92.235
-82.295
-72.532
-65.402
-62.762
-65.672
-73.105
-82.413
-92.897
-105.643
-123.448
-149.353
-181.754
-215.778
-245.408
-263.847
-266.805
-250.689
-210.056
-140.371
-38.404
96.525
260.597
448.524
654.147
867.514
1073.405
1249.655
1368.138
1403.98
1343.982
1190.828
966.741
704.558
437.947
196.528
-3.925
-156.788
-260.707
-320.95
-340.376
-325.547
-288.835
-241.494
-198.835
-171.193
-157.874
-154.671
-151.842
-140.831
-121.857
-98.35
-76.083
-60.691
-52.825
-50.785
-52.395
-55.301
-58.531
-62.014
-65.461
-68.541
-70.833
-71.833
-71.42
-69.758
-67.128
-63.884
-60.404
-57.06
-54.235
-52.313
-51.388
-51.322
-51.88
-52.723
-53.572
-54.216
-54.417
-53.947
-52.699
-50.66
-47.878
-44.468
-40.513
-36.072
-31.221
-26.038
-20.602
-14.994
-9.284
-3.529
2.224
7.942
13.601
19.186
24.692
30.127
35.504
40.845
46.16
51.456
56.737
62.006
67.27
72.537
77.817
83.116
88.438
93.782
99.147
104.531
109.924
115.314
120.685
126.02
131.303
136.52
141.656
146.695
151.621
156.416
161.064
165.547
169.844
173.936
177.801
181.417
184.763
187.819
190.565
192.983
195.054
196.762
198.09
199.026
199.555
199.667
199.353
198.605
197.417
195.788
193.716
191.203
188.253
184.875
181.077
176.871
172.273
167.298
161.965
156.295
150.311
144.037
137.498
130.722
123.738
116.576
109.267
101.842
94.334
86.775
79.197
71.632
64.111
56.665
49.324
42.115
35.066
28.204
21.552
15.132
8.965
3.07
-2.538
-7.845
-12.839
-17.51
-21.854
-25.864
-29.54
-32.881
-35.889
-38.57
-40.93
-42.976
-44.72
-46.173
-47.348
-48.26
-48.926
-49.361
-49.583
-49.612
-49.466
-49.164
-48.726
-48.171
-47.518
-46.787
-45.996
-45.163
-44.306
-43.441
-42.584
-41.75
-40.951
-40.202
-39.512
-38.892
-38.35
-37.895
-37.53
-37.263
-37.096
-37.031
-37.069
-37.211
-37.455
-37.799
-38.24
-38.774
-39.396
-40.1
-40.881
-41.731
-42.644
-43.613
-44.629
-45.685
-46.774
-47.887
-49.017
-50.157
-51.298
-52.435
-53.561
-54.669
-55.753
-56.809
-57.831
-58.815
-59.757
-60.653
-61.501
-62.299
-63.044
-63.735
-64.371
-64.952
-65.477
-65.948
-66.365
-66.73
-67.043
-67.308
-67.526
-67.699
-67.831
-67.923
-67.978
-67.998
-67.988
-67.949
-67.883
-67.795
-67.685
-67.558
-67.415
-67.258
-67.09
-66.914
-66.731
-66.544
-66.355
-66.166
-65.979
-65.797
-65.621
-65.454
-65.298
-65.155
-65.025
-64.911
-64.813
-64.733
-64.672
-64.63
-64.608
-64.606
-64.626
-64.668
-64.732
-64.818
-64.926
-65.057
-65.209
-65.382
-65.574
-65.785
-66.012
-66.254
-66.509
-66.774
-67.045
-67.321
-67.595
-67.865
-68.124
-68.367
-68.588
-68.78
-68.937
-69.054
-69.125
-69.142
-69.1
-68.992
-68.815
-68.562
-68.229
-67.811
-67.302
-66.701
-66.004
-65.209
-64.315
-63.321
-62.23
-61.046
-59.776
-58.427
-57.009
-55.533
-54.011
-52.458
-50.889
-49.317
-47.755
-46.216
-44.715
-43.269
-41.894
-40.606
-39.421
-38.35
-37.402
-36.586
-35.905
-35.355
-34.929
-34.622
-34.433
-34.374
-34.456
-34.687
-35.078
-35.635
-36.361
-37.25
-38.291
-39.456
-40.724
-42.084
-43.525
-45.04
-46.62
-48.238
-49.861
-51.451
-52.946
-54.263
-55.358
-56.229
-56.944
-57.666
-58.556
-59.746
-61.411
-63.758
-66.875
-70.728
-75.111
-79.567
-83.705
-87.308
-90.036
-91.529
-91.646
-90.231
-87.326
-83.363
-78.498
-73.318
-69.492
-68.372
-70.99
-76.307
-80.477
-81.4
-79.35
-79.353
-90.21
-115.332
-152.963
-194.606
-227.547
-246.057
-248.026
-234.33
-206.415
-157.457
-80.412
29.773
174.825
347.16
539.376
743.81
948.828
1140.325
1294.219
1381.01
1377.321
1273.785
1082.261
832.994
563.469
305.863
81.307
-100.188
-236.332
-325.996
-368.871
-368.681
-335.088
-283.384
-231.585
-193.911
-173.979
-167.188
-163.763
-153.428
-133.944
-108.911
-84.463
-67.327
-59.357
-58.72
-62.615
-67.961
-73.271
-78.302
-82.779
-86.43
-88.83
-89.536
-88.608
-86.328
-83.054
-79.195
-75.127
-71.248
-67.998
-65.779
-64.684
-64.55
-65.103
-65.99
-66.922
-67.681
-68.018
-67.689
-66.566
-64.632
-61.939
-58.605
-54.717
-50.329
-45.509
-40.331
-34.874
-29.219
-23.442
-17.606
-11.761
-5.943
-0.182
5.502
11.098
16.611
22.054
27.446
32.801
38.123
43.414
48.674
53.908
59.127
64.336
69.542
74.748
79.953
85.154
90.349
95.528
100.679
105.784
110.824
115.784
120.647
125.399
130.025
134.506
138.827
142.97
146.919
150.654
154.155
157.403
160.376
163.057
165.425
167.463
169.155
170.483
171.435
171.998
172.159
171.909
171.24
170.146
168.623
166.667
164.28
161.464
158.224
154.567
150.503
146.044
141.203
135.999
130.448
124.57
118.389
111.927
105.209
98.261
91.111
83.788
76.32
68.739
61.074
53.357
45.618
37.888
30.196
22.572
15.044
7.638
0.381
-6.704
-13.593
-20.265
-26.7
-32.881
-38.793
-44.422
-49.757
-54.788
-59.509
-63.915
-68.002
-71.771
-75.221
-78.356
-81.181
-83.703
-85.928
-87.866
-89.529
-90.927
-92.075
-92.986
-93.674
-94.156
-94.447
-94.563
-94.521
-94.336
-94.025
-93.603
-93.087
-92.492
-91.833
-91.123
-90.377
-89.606
-88.824
-88.042
-87.268
-86.514
-85.786
-85.093
-84.44
-83.835
-83.28
-82.78
-82.339
-81.957
-81.636
-81.378
-81.18
-81.043
-80.965
-80.943
-80.976
-81.061
-81.193
-81.37
-81.588
-81.842
-82.131
-82.448
-82.791
-83.155
-83.537
-83.933
-84.339
-84.753
-85.172
-85.593
-86.013
-86.431
-86.842
-87.247
-87.643
-88.029
-88.402
-88.763
-89.11
-89.442
-89.76
-90.062
-90.351
-90.624
-90.884
-91.131
-91.366
-91.589
-91.803
-92.007
-92.205
-92.396
-92.583
-92.766
-92.947
-93.127
-93.305
-93.483
-93.661
-93.839
-94.015
-94.19
-94.362
-94.531
-94.696
-94.856
-95.008
-95.153
-95.286
-95.408
-95.515
-95.604
-95.671
-95.714
-95.729
-95.712
-95.659
-95.564
-95.424
-95.232
-94.983
-94.671
-94.29
-93.832
-93.292
-92.662
-91.937
-91.11
-90.177
-89.131
-87.968
-86.685
-85.278
-83.743
-82.08
-80.285
-78.358
-76.298
-74.108
-71.788
-69.341
-66.772
-64.086
-61.292
-58.402
-55.428
-52.385
-49.288
-46.155
-43.005
-39.859
-36.732
-33.644
-30.61
-27.65
-24.783
-22.031
-19.413
-16.947
-14.647
-12.526
-10.592
-8.85
-7.297
-5.927
-4.733
-3.715
-2.885
-2.254
-1.83
-1.621
-1.635
-1.869
-2.317
-2.962
-3.772
-4.723
-5.803
-7.001
-8.31
-9.714
-11.184
-12.675
-14.147
-15.532
-16.732
-17.701
-18.429
-18.982
-19.547
-20.315
-21.417
-23.024
-25.34
-28.413
-32.191
-36.452
-40.647
-44.301
-47.182
-48.981
-49.36
-48.233
-45.568
-41.487
-36.599
-31.465
-26.158
-21.478
-18.931
-19.351
-23.771
-31.836
-40.277
-47.17
-52.217
-56.205
-63.994
-79.393
-102.136
-131.039
-160.299
-181.128
-186.479
-167.085
-114.805
-27.682
94.526
247.526
423.044
617.499
825.46
1036.544
1235.431
1393.464
1478.445
1466.865
1350.306
1145.241
886.342
613.349
360.658
147.752
-18.889
-140.031
-218.407
-254.932
-253.284
-222.757
-177.317
-134.481
-106.501
-94.885
-93.751
-92.088
-81.034
-60.117
-33.677
-8.462
9.571
19.402
22.72
21.997
19.87
17.39
14.64
11.896
9.399
7.584
7.061
7.942
9.971
12.857
16.233
19.725
23.028
25.754
27.446
27.975
27.484
26.222
24.556
22.787
21.109
19.759
18.997
18.957
19.673
21.101
23.118
25.633
28.59
31.918
35.538
39.369
43.321
47.315
51.285
55.179
58.96
62.603
66.089
69.414
72.583
75.614
78.533
81.36
84.104
86.772
89.37
91.908
94.402
96.865
99.309
101.744
104.173
106.602
109.033
111.462
113.882
116.283
118.65
120.973
123.241
125.446
127.575
129.62
131.566
133.403
135.116
136.693
138.116
139.369
140.435
141.297
141.94
142.346
142.501
142.39
142
141.319
140.336
139.039
137.422
135.477
133.198
130.582
127.628
124.337
120.71
116.754
112.475
107.883
102.989
97.807
92.35
86.638
80.687
74.518
68.152
61.613
54.924
48.11
41.197
34.213
27.184
20.138
13.102
6.105
-0.827
-7.666
-14.388
-20.967
-27.379
-33.602
-39.615
-45.397
-50.93
-56.199
-61.189
-65.887
-70.282
-74.367
-78.135
-81.581
-84.703
-87.5
-89.974
-92.128
-93.968
-95.498
-96.729
-97.668
-98.328
-98.72
-98.857
-98.753
-98.424
-97.884
-97.15
-96.239
-95.167
-93.952
-92.611
-91.16
-89.616
-87.996
-86.316
-84.591
-82.837
-81.068
-79.297
-77.537
-75.8
-74.099
-72.442
-70.839
-69.299
-67.83
-66.438
-65.129
-63.908
-62.779
-61.747
-60.813
-59.98
-59.25
-58.623
-58.099
-57.678
-57.36
-57.142
-57.023
-57.002
-57.076
-57.242
-57.498
-57.842
-58.271
-58.783
-59.373
-60.041
-60.782
-61.595
-62.476
-63.423
-64.434
-65.506
-66.638
-67.826
-69.069
-70.363
-71.707
-73.098
-74.533
-76.009
-77.522
-79.07
-80.648
-82.252
-83.881
-85.528
-87.191
-88.865
-90.546
-92.229
-93.909
-95.58
-97.235
-98.87
-100.476
-102.046
-103.575
-105.053
-106.473
-107.828
-109.108
-110.304
-111.409
-112.412
-113.305
-114.078
-114.721
-115.227
-115.588
-115.796
-115.844
-115.726
-115.436
-114.97
-114.325
-113.497
-112.483
-111.282
-109.894
-108.32
-106.562
-104.623
-102.508
-100.226
-97.786
-95.202
-92.489
-89.663
-86.743
-83.747
-80.699
-77.62
-74.53
-71.45
-68.4
-65.401
-62.476
-59.65
-56.942
-54.374
-51.962
-49.719
-47.66
-45.792
-44.113
-42.623
-41.319
-40.205
-39.296
-38.606
-38.144
-37.919
-37.943
-38.217
-38.738
-39.494
-40.454
-41.593
-42.898
-44.354
-45.947
-47.661
-49.463
-51.309
-53.159
-54.948
-56.584
-58.026
-59.259
-60.328
-61.384
-62.577
-64.024
-65.913
-68.478
-71.82
-75.942
-80.688
-85.652
-90.501
-95.024
-98.866
-101.539
-102.738
-102.364
-100.431
-97.243
-93.187
-88.431
-84.011
-82.003
-83.202
-87.634
-94.537
-101.298
-108.653
-120.314
-138.548
-165.322
-197.83
-227.769
-249.596
-260.377
-258.344
-244.753
-216.504
-164.84
-84.445
28.285
172.371
338.907
522.519
718.173
916.171
1103.56
1255.037
1339.036
1331.61
1223.678
1029.742
783.262
522.219
277.423
65.482
-109.178
-246.35
-344.006
-398.241
-408.016
-380.972
-333.34
-284.65
-250.058
-232.887
-226.572
-220.288
-204.892
-179.501
-149.253
-121.157
-101.307
-91.045
-88.494
-90.907
-95.403
-100.56
-105.939
-111.012
-115.348
-118.406
-119.594
-118.876
-116.592
-113.143
-109.019
-104.701
-100.592
-97.141
-94.795
-93.655
-93.544
-94.18
-95.175
-96.209
-97.063
-97.487
-97.228
-96.164
-94.275
-91.614
-88.304
-84.438
-80.067
-75.263
-70.1
-64.654
-59.007
-53.234
-47.393
-41.531
-35.682
-29.873
-24.121
-18.432
-12.803
-7.217
-1.655
3.895
9.438
14.975
20.505
26.034
31.569
37.116
42.679
48.258
53.85
59.452
65.057
70.653
76.226
81.756
87.222
92.607
97.893
103.062
108.098
112.982
117.696
122.221
126.539
130.629
134.473
138.047
141.333
144.309
146.959
149.264
151.208
152.777
153.956
154.735
155.104
155.054
154.58
153.677
152.343
150.579
148.388
145.773
142.744
139.308
135.479
131.271
126.7
121.785
116.545
111.004
105.185
99.112
92.813
86.314
79.644
72.833
65.911
58.908
51.855
44.784
37.725
30.708
23.762
16.917
10.2
3.637
-2.748
-8.932
-14.892
-20.609
-26.065
-31.246
-36.136
-40.725
-45.004
-48.965
-52.604
-55.918
-58.907
-61.572
-63.916
-65.945
-67.666
-69.087
-70.219
-71.073
-71.662
-72
-72.101
-71.983
-71.66
-71.152
-70.474
-69.647
-68.687
-67.613
-66.444
-65.197
-63.89
-62.541
-61.166
-59.782
-58.404
-57.046
-55.724
-54.448
-53.233
-52.087
-51.023
-50.048
-49.171
-48.399
-47.736
-47.188
-46.76
-46.453
-46.271
-46.213
-46.282
-46.477
-46.797
-47.242
-47.808
-48.493
-49.295
-50.21
-51.234
-52.363
-53.593
-54.919
-56.336
-57.84
-59.426
-61.087
-62.819
-64.616
-66.471
-68.379
-70.334
-72.33
-74.359
-76.416
-78.495
-80.59
-82.694
-84.802
-86.907
-89.003
-91.084
-93.143
-95.173
-97.167
-99.116
-101.015
-102.855
-104.629
-106.329
-107.947
-109.474
-110.902
-112.223
-113.427
-114.505
-115.448
-116.246
-116.893
-117.379
-117.698
-117.841
-117.803
-117.577
-117.159
-116.545
-115.73
-114.712
-113.487
-112.056
-110.418
-108.574
-106.527
-104.281
-101.841
-99.218
-96.423
-93.47
-90.373
-87.151
-83.82
-80.404
-76.922
-73.395
-69.842
-66.285
-62.742
-59.238
-55.797
-52.44
-49.189
-46.061
-43.072
-40.237
-37.564
-35.055
-32.709
-30.526
-28.509
-26.674
-25.038
-23.611
-22.406
-21.433
-20.696
-20.192
-19.913
-19.83
-19.918
-20.166
-20.559
-21.094
-21.758
-22.523
-23.348
-24.19
-24.989
-25.666
-26.168
-26.476
-26.632
-26.786
-27.117
-27.774
-28.934
-30.8
-33.482
-37.006
-41.245
-45.781
-50.183
-54.179
-57.441
-59.615
-60.437
-59.643
-57.247
-53.703
-49.478
-44.86
-40.185
-36.419
-35.223
-38.219
-46.711
-59.413
-72.708
-84.448
-93.132
-100.962
-113.812
-133.828
-161.359
-192.233
-215.969
-223.847
-206.448
-155.536
-69.898
50.301
201.081
374.133
564.941
767.393
971.465
1163.158
1316.868
1402.448
1395.958
1287.533
1089.996
834.959
561.587
304.118
83.947
-90.472
-219.346
-304.458
-346.775
-348.941
-318.561
-268.957
-217.329
-178.834
-158.537
-152.774
-152.025
-145.469
-130.094
-108.968
-87.875
-73.362
-67.204
-67.534
-71.579
-76.303
-80.312
-83.553
-86.012
-87.723
-88.528
-88.119
-86.59
-84.22
-81.322
-78.222
-75.171
-72.406
-70.214
-68.914
-68.568
-69
-69.948
-71.071
-72.102
-72.866
-73.153
-72.733
-71.479
-69.368
-66.441
-62.813
-58.574
-53.774
-48.482
-42.776
-36.739
-30.463
-24.029
-17.504
-10.941
-4.38
2.15
8.625
15.034
21.377
27.667
33.923
40.154
46.364
52.554
58.721
64.871
71.011
77.145
83.279
89.41
95.537
101.656
107.76
113.84
119.881
125.865
131.772
137.586
143.29
148.868
154.305
159.584
164.688
169.6
174.305
178.783
183.017
186.987
190.674
194.062
197.133
199.872
202.264
204.296
205.955
207.231
208.116
208.602
208.683
208.355
207.616
206.467
204.909
202.947
200.587
197.838
194.71
191.216
187.372
183.194
178.7
173.91
168.848
163.535
157.996
152.256
146.343
140.282
134.103
127.833
121.502
115.136
108.765
102.416
96.115
89.889
83.763
77.76
71.902
66.21
60.704
55.401
50.317
45.467
40.862
36.513
32.428
28.614
25.075
21.812
18.828
16.121
13.686
11.521
9.617
7.968
6.564
5.394
4.447
3.71
3.169
2.812
2.621
2.584
2.684
2.907
3.236
3.657
4.154
4.713
5.319
5.959
6.618
7.285
7.947
8.593
9.212
9.793
10.328
10.809
11.226
11.574
11.847
12.038
12.145
12.162
12.087
11.918
11.654
11.293
10.835
10.28
9.628
8.881
8.039
7.104
6.078
4.962
3.758
2.468
1.094
-0.361
-1.896
-3.508
-5.195
-6.954
-8.783
-10.678
-12.636
-14.655
-16.729
-18.856
-21.031
-23.25
-25.508
-27.8
-30.122
-32.467
-34.831
-37.206
-39.587
-41.967
-44.337
-46.691
-49.02
-51.317
-53.572
-55.776
-57.921
-59.995
-61.989
-63.892
-65.694
-67.383
-68.947
-70.377
-71.662
-72.79
-73.752
-74.54
-75.143
-75.554
-75.765
-75.771
-75.565
-75.144
-74.503
-73.642
-72.56
-71.258
-69.738
-68.006
-66.067
-63.931
-61.612
-59.123
-56.481
-53.706
-50.817
-47.839
-44.795
-41.708
-38.6
-35.494
-32.414
-29.384
-26.431
-23.579
-20.854
-18.274
-15.858
-13.621
-11.575
-9.725
-8.073
-6.62
-5.371
-4.342
-3.549
-3.006
-2.726
-2.72
-2.99
-3.533
-4.337
-5.378
-6.634
-8.096
-9.752
-11.592
-13.597
-15.741
-17.979
-20.269
-22.542
-24.699
-26.679
-28.47
-30.129
-31.819
-33.716
-35.941
-38.642
-42.019
-46.168
-51.062
-56.496
-61.983
-67.075
-71.537
-75.127
-77.551
-78.574
-78.061
-76.21
-73.541
-70.485
-67.346
-64.361
-62.416
-63.23
-67.5
-75.061
-84.742
-93.904
-103.176
-115.825
-133.808
-158.454
-186.236
-208.845
-221.212
-221.657
-210.106
-188.399
-153.363
-95.74
-7.912
115.307
273.99
460.901
667.379
881.837
1086.928
1260.959
1376.91
1409.909
1346.866
1189.895
959.951
689.826
413.581
161.596
-47.164
-203.89
-305.699
-356.066
-361.532
-333.552
-288.328
-242.425
-209.698
-194.256
-191.163
-190.634
-182.023
-162.368
-135.34
-107.745
-87.427
-77.165
-75.7
-80.388
-87.64
-95.677
-104.122
-112.376
-119.975
-126.255
-130.38
-132.215
-132.106
-130.411
-127.616
-124.261
-120.813
-117.846
-115.938
-115.245
-115.624
-116.813
-118.414
-120.094
-121.613
-122.676
-122.994
-122.432
-120.954
-118.61
-115.53
-111.801
-107.479
-102.639
-97.357
-91.713
-85.794
-79.679
-73.439
-67.134
-60.808
-54.498
-48.231
-42.02
-35.87
-29.773
-23.709
-17.672
-11.661
-5.676
0.275
6.195
12.092
17.97
23.835
29.69
35.533
41.364
47.179
52.969
58.722
64.422
70.049
75.587
81.022
86.34
91.529
96.572
101.456
106.165
110.685
115
119.093
122.947
126.543
129.864
132.895
135.619
138.024
140.095
141.82
143.188
144.19
144.817
145.063
144.923
144.393
143.471
142.159
140.459
138.375
135.915
133.088
129.905
126.381
122.53
118.369
113.917
109.194
104.222
99.023
93.622
88.042
82.309
76.451
70.493
64.463
58.389
52.297
46.215
40.169
34.184
28.285
22.496
16.838
11.332
5.999
0.857
-4.079
-8.793
-13.272
-17.507
-21.487
-25.207
-28.662
-31.848
-34.766
-37.416
-39.801
-41.926
-43.796
-45.42
-46.806
-47.964
-48.905
-49.642
-50.188
-50.556
-50.761
-50.819
-50.743
-50.549
-50.254
-49.871
-49.417
-48.906
-48.353
-47.771
-47.175
-46.577
-45.989
-45.423
-44.89
-44.399
-43.96
-43.581
-43.267
-43.027
-42.863
-42.782
-42.786
-42.878
-43.06
-43.332
-43.695
-44.15
-44.693
-45.325
-46.042
-46.842
-47.721
-48.677
-49.705
-50.801
-51.962
-53.182
-54.458
-55.786
-57.161
-58.579
-60.035
-61.526
-63.048
-64.597
-66.17
-67.763
-69.374
-70.999
-72.637
-74.284
-75.939
-77.598
-79.26
-80.922
-82.582
-84.237
-85.885
-87.525
-89.153
-90.769
-92.369
-93.952
-95.516
-97.059
-98.578
-100.071
-101.534
-102.965
-104.36
-105.715
-107.028
-108.293
-109.506
-110.663
-111.76
-112.789
-113.746
-114.625
-115.419
-116.121
-116.726
-117.227
-117.618
-117.895
-118.052
-118.085
-117.988
-117.76
-117.396
-116.895
-116.254
-115.472
-114.547
-113.481
-112.275
-110.933
-109.458
-107.856
-106.136
-104.307
-102.382
-100.375
-98.301
-96.176
-94.019
-91.851
-89.69
-87.556
-85.469
-83.446
-81.51
-79.68
-77.975
-76.413
-75.01
-73.78
-72.733
-71.876
-71.209
-70.728
-70.432
-70.318
-70.395
-70.673
-71.154
-71.846
-72.756
-73.886
-75.236
-76.792
-78.52
-80.392
-82.383
-84.48
-86.686
-88.988
-91.366
-93.783
-96.185
-98.531
-100.77
-102.816
-104.608
-106.136
-107.454
-108.75
-110.256
-112.16
-114.679
-118.056
-122.421
-127.813
-134.059
-140.68
-147.191
-153.107
-157.863
-160.91
-161.717
-159.94
-155.683
-149.369
-141.583
-133.271
-125.347
-119.45
-117.651
-120.797
-129.829
-144.173
-161.986
-183.345
-207.186
-232.563
-259.366
-284.75
-306.16
-320.179
-320.407
-299.68
-249.375
-163.376
-41.192
112.198
286.479
472.889
665.158
856.922
1040.043
1195.877
1297.428
1318.618
1242.142
1071.476
831.111
556.844
285.639
44.653
-151.407
-296.29
-388.453
-428.376
-420.845
-378.584
-320.083
-265.977
-231.904
-220.352
-223.988
-230.315
-227.297
-212.486
-190.306
-167.787
-152.176
-145.337
-145.225
-148.874
-153.183
-156.814
-159.749
-161.979
-163.47
-163.944
-163.026
-160.77
-157.437
-153.357
-148.91
-144.415
-140.205
-136.644
-134.087
-132.646
-132.187
-132.474
-133.179
-133.98
-134.626
-134.866
-134.439
-133.21
-131.147
-128.27
-124.668
-120.434
-115.626
-110.32
-104.601
-98.534
-92.197
-85.666
-79.005
-72.289
-65.58
-58.915
-52.324
-45.827
-39.426
-33.122
-26.902
-20.75
-14.655
-8.613
-2.621
3.321
9.22
15.083
20.918
26.73
32.522
38.293
44.042
49.762
55.445
61.076
66.642
72.126
77.512
82.789
87.943
92.961
97.831
102.538
107.07
111.412
115.549
119.466
123.146
126.573
129.732
132.609
135.188
137.457
139.403
141.016
142.285
143.202
143.76
143.953
143.775
143.225
142.303
141.009
139.346
137.32
134.938
132.209
129.145
125.758
122.063
118.075
113.813
109.294
104.539
99.569
94.405
89.071
83.589
77.985
72.283
66.509
60.689
54.846
49.007
43.197
37.438
31.755
26.17
20.703
15.374
10.203
5.206
0.399
-4.204
-8.59
-12.75
-16.674
-20.355
-23.789
-26.972
-29.904
-32.584
-35.014
-37.198
-39.14
-40.848
-42.327
-43.587
-44.637
-45.489
-46.154
-46.644
-46.974
-47.157
-47.208
-47.141
-46.972
-46.715
-46.386
-46
-45.571
-45.114
-44.641
-44.168
-43.705
-43.267
-42.863
-42.504
-42.2
-41.958
-41.788
-41.694
-41.683
-41.76
-41.926
-42.187
-42.542
-42.994
-43.541
-44.183
-44.919
-45.745
-46.658
-47.654
-48.728
-49.874
-51.085
-52.356
-53.679
-55.046
-56.45
-57.884
-59.339
-60.807
-62.281
-63.752
-65.214
-66.659
-68.079
-69.468
-70.82
-72.129
-73.39
-74.597
-75.747
-76.835
-77.859
-78.815
-79.701
-80.515
-81.256
-81.923
-82.517
-83.039
-83.49
-83.872
-84.187
-84.44
-84.634
-84.773
-84.862
-84.907
-84.913
-84.885
-84.831
-84.755
-84.663
-84.562
-84.457
-84.353
-84.256
-84.169
-84.098
-84.045
-84.015
-84.012
-84.036
-84.092
-84.18
-84.302
-84.459
-84.651
-84.877
-85.134
-85.422
-85.737
-86.076
-86.434
-86.808
-87.191
-87.576
-87.958
-88.328
-88.679
-89.001
-89.285
-89.522
-89.702
-89.817
-89.858
-89.817
-89.685
-89.456
-89.123
-88.68
-88.123
-87.446
-86.645
-85.718
-84.664
-83.482
-82.173
-80.74
-79.188
-77.525
-75.763
-73.914
-71.991
-70.01
-67.987
-65.944
-63.899
-61.87
-59.876
-57.936
-56.067
-54.292
-52.632
-51.108
-49.736
-48.532
-47.509
-46.679
-46.046
-45.61
-45.365
-45.309
-45.444
-45.783
-46.337
-47.115
-48.123
-49.37
-50.857
-52.579
-54.518
-56.641
-58.918
-61.332
-63.867
-66.512
-69.25
-72.045
-74.851
-77.625
-80.311
-82.818
-85.09
-87.09
-88.856
-90.544
-92.331
-94.378
-96.881
-100.063
-104.065
-108.957
-114.592
-120.509
-126.269
-131.46
-135.6
-138.233
-138.901
-137.262
-133.466
-128.034
-121.428
-114.402
-107.789
-102.958
-102.283
-106.848
-116.616
-130.216
-144.527
-159.204
-175.667
-195.244
-219.709
-246.327
-269.685
-284.993
-286.391
-270.014
-231.895
-166.357
-70.826
55.441
208.891
381.525
567.947
761.83
954.625
1133.933
1275.732
1351.42
1337.488
1223.439
1022.146
765.089
491.419
237.355
24.684
-137.664
-249.886
-318.193
-346.841
-342.766
-317.045
-279.635
-243.818
-218.777
-203.93
-196.3
-188.612
-174.007
-153.38
-130.042
-108.616
-93.783
-85.809
-82.754
-82.562
-83.149
-83.714
-84.46
-85.659
-87.565
-90.197
-93.316
-96.711
-100.076
-103.014
-105.304
-106.485
-106.601
-106.629
-106.438
-105.355
-101.943
-93.286
-80.041
-65.759
-54.26
-50.625
-54.806
-62.045
-68.455
-69.696
-65.109
-58.012
-50.258
-43.263
-37.388
-31.286
-24.595
-17.627
-10.507
-3.548
3.15
9.773
16.353
22.834
29.244
35.63
42.013
48.399
54.76
61.04
67.219
73.317
79.347
85.322
91.25
97.131
102.966
108.761
114.515
120.225
125.883
131.478
136.999
142.437
147.788
153.044
158.197
163.238
168.153
172.93
177.557
182.02
186.304
190.397
194.282
197.943
201.368
204.541
207.448
210.076
212.413
214.446
216.164
217.558
218.62
219.343
219.722
219.754
219.437
218.771
217.758
216.404
214.712
212.693
210.357
207.714
204.778
201.566
198.093
194.379
190.441
186.301
181.981
177.503
172.89
168.168
163.362
158.496
153.597
148.69
143.8
138.952
134.17
129.478
124.898
120.452
116.16
112.04
108.111
104.387
100.882
97.609
94.578
91.796
89.27
87.004
85
83.259
81.779
80.558
79.59
78.869
78.388
78.138
78.108
78.287
78.662
79.22
79.947
80.828
81.847
82.989
84.237
85.575
86.987
88.457
89.968
91.504
93.051
94.594
96.118
97.61
99.058
100.45
101.775
103.023
104.185
105.255
106.224
107.087
107.84
108.48
109.002
109.407
109.692
109.858
109.907
109.839
109.657
109.364
108.963
108.46
107.858
107.163
106.38
105.516
104.577
103.568
102.496
101.368
100.19
98.969
97.712
96.424
95.112
93.782
92.441
91.093
89.746
88.403
87.07
85.752
84.454
83.179
81.931
80.715
79.533
78.388
77.284
76.222
75.205
74.236
73.315
72.444
71.625
70.858
70.144
69.483
68.877
68.325
67.827
67.383
66.993
66.658
66.375
66.145
65.967
65.84
65.762
65.732
65.749
65.81
65.914
66.057
66.238
66.454
66.702
66.979
67.28
67.604
67.946
68.302
68.668
69.039
69.411
69.781
70.143
70.493
70.828
71.144
71.436
71.7
71.934
72.132
72.293
72.412
72.485
72.511
72.487
72.41
72.279
72.094
71.853
71.557
71.206
70.804
70.35
69.849
69.301
68.713
68.088
67.432
66.75
66.049
65.337
64.62
63.908
63.209
62.531
61.882
61.27
60.703
60.19
59.738
59.354
59.046
58.82
58.683
58.642
58.701
58.864
59.134
59.512
59.999
60.592
61.287
62.076
62.949
63.897
64.907
65.964
67.054
68.158
69.263
70.353
71.409
72.416
73.355
74.205
74.949
75.569
76.048
76.373
76.532
76.516
76.327
75.965
75.428
74.712
73.798
72.673
71.328
69.754
67.939
65.881
63.583
61.066
58.372
55.539
52.596
49.56
46.437
43.254
40.047
36.869
33.779
30.821
28.046
25.532
23.323
21.402
19.672
17.926
15.941
13.551
10.551
6.734
2.008
-3.627
-9.989
-16.687
-23.388
-29.788
-35.442
-39.94
-43.057
-44.586
-44.559
-43.254
-40.708
-37.832
-36.539
-38.185
-44.083
-53.241
-61.692
-67.82
-71.226
-74.439
-85.027
-105.862
-136.395
-173.476
-206.038
-224.512
-221.18
-186.957
-118.843
-17.807
113.477
267.446
436.366
616.984
806.171
998.277
1181.851
1333.263
1422.136
1422.584
1322.929
1133.128
883.166
611.937
353.61
131.304
-45.461
-177.29
-266.682
-317.407
-333.541
-320.049
-286.618
-244.377
-204.156
-174.31
-155.901
-145.641
-137.863
-126.455
-110.409
-91.836
-74.182
-61.685
-55.239
-53.622
-55.089
-57.107
-58.678
-60.159
-61.817
-64.16
-67.459
-70.762
-73.54
-76.672
-80.244
-85.322
-92.932
-100.485
-106.485
-109.191
-106.037
-99.189
-90.612
-81.871
-75.809
-71.727
-68.498
-65.914
-63.089
-60.478
-58.675
-57.338
-56.052
-54.317
-51.762
-48.39
-44.336
-39.718
-34.638
-29.247
-23.764
-18.336
-13.042
-7.906
-2.878
2.079
6.979
11.849
16.708
21.558
26.396
31.213
35.994
40.736
45.447
50.129
54.788
59.426
64.039
68.624
73.173
77.675
82.118
86.49
90.785
94.997
99.118
103.139
107.049
110.836
114.486
117.982
121.306
124.44
127.365
130.065
132.521
134.719
136.643
138.276
139.605
140.616
141.297
141.637
141.624
141.252
140.514
139.406
137.925
136.071
133.845
131.252
128.298
124.99
121.339
117.356
113.056
108.454
103.568
98.416
93.02
87.402
81.584
75.591
69.448
63.182
56.819
50.386
43.911
37.42
30.941
24.5
18.122
11.834
5.658
-0.383
-6.266
-11.971
-17.482
-22.78
-27.851
-32.682
-37.264
-41.587
-45.644
-49.431
-52.945
-56.187
-59.156
-61.857
-64.293
-66.473
-68.403
-70.093
-71.555
-72.8
-73.84
-74.692
-75.368
-75.885
-76.258
-76.504
-76.64
-76.683
-76.65
-76.559
-76.426
-76.267
-76.099
-75.937
-75.796
-75.689
-75.63
-75.629
-75.699
-75.848
-76.085
-76.419
-76.854
-77.397
-78.052
-78.821
-79.707
-80.71
-81.832
-83.069
-84.422
-85.888
-87.462
-89.142
-90.923
-92.799
-94.764
-96.814
-98.94
-101.135
-103.392
-105.703
-108.06
-110.454
-112.879
-115.325
-117.784
-120.249
-122.713
-125.167
-127.606
-130.022
-132.409
-134.762
-137.075
-139.344
-141.563
-143.73
-145.84
-147.891
-149.879
-151.803
-153.66
-155.448
-157.166
-158.813
-160.388
-161.891
-163.323
-164.684
-165.975
-167.197
-168.351
-169.441
-170.467
-171.433
-172.341
-173.195
-173.996
-174.749
-175.456
-176.122
-176.749
-177.34
-177.898
-178.426
-178.927
-179.402
-179.853
-180.283
-180.693
-181.084
-181.459
-181.819
-182.163
-182.495
-182.813
-183.118
-183.41
-183.688
-183.952
-184.199
-184.428
-184.637
-184.824
-184.986
-185.12
-185.223
-185.289
-185.316
-185.297
-185.229
-185.104
-184.919
-184.668
-184.345
-183.947
-183.47
-182.907
-182.257
-181.516
-180.681
-179.75
-178.721
-177.592
-176.362
-175.032
-173.605
-172.082
-170.467
-168.765
-166.984
-165.133
-163.224
-161.27
-159.284
-157.283
-155.282
-153.302
-151.358
-149.467
-147.646
-145.911
-144.281
-142.772
-141.402
-140.187
-139.143
-138.28
-137.607
-137.132
-136.85
-136.758
-136.854
-137.135
-137.61
-138.287
-139.17
-140.268
-141.584
-143.12
-144.873
-146.821
-148.929
-151.164
-153.501
-155.926
-158.437
-161.014
-163.631
-166.245
-168.798
-171.254
-173.554
-175.605
-177.359
-178.817
-180.061
-181.313
-182.8
-184.674
-187.134
-190.396
-194.545
-199.598
-205.338
-211.232
-216.849
-221.862
-225.86
-228.467
-229.368
-228.302
-225.429
-221.379
-216.654
-211.78
-207.454
-204.447
-203.784
-206.49
-213.248
-224.355
-239.992
-260.209
-283.727
-307.458
-327.687
-340.218
-343.178
-338.479
-326.712
-306.785
-273.942
-217.825
-130.853
-9.418
146.424
330.355
535.221
751.589
962.564
1144.271
1266.152
1298.737
1226.241
1053.334
805.813
522.214
240.69
-10.337
-215.582
-369.12
-469.31
-516.643
-514.794
-475.05
-415.519
-356.799
-315.769
-296.717
-293.138
-292.951
-283.859
-262.821
-234.184
-205.28
-184.126
-173.188
-170.658
-173.545
-178.15
-182.661
-186.836
-190.358
-193.045
-194.531
-194.245
-192.182
-188.741
-184.342
-179.449
-174.496
-169.823
-165.824
-162.928
-161.23
-160.552
-160.617
-161.039
-161.51
-161.822
-161.735
-160.998
-159.481
-157.153
-154.057
-150.31
-146.001
-141.183
-135.928
-130.312
-124.413
-118.321
-112.114
-105.862
-99.619
-93.423
-87.303
-81.279
-75.36
-69.543
-63.814
-58.15
-52.536
-46.967
-41.436
-35.944
-30.481
-25.036
-19.598
-14.156
-8.705
-3.244
2.229
7.713
13.202
18.685
24.148
29.574
34.948
40.257
45.488
50.629
55.664
60.578
65.357
69.985
74.446
78.721
82.79
86.636
90.238
93.579
96.642
99.409
101.865
103.996
105.788
107.228
108.307
109.014
109.342
109.285
108.839
108.003
106.777
105.164
103.168
100.797
98.06
94.971
91.541
87.788
83.729
79.383
74.772
69.917
64.844
59.575
54.139
48.563
42.874
37.102
31.275
25.423
19.575
13.761
8.007
2.341
-3.209
-8.619
-13.864
-18.921
-23.77
-28.389
-32.763
-36.873
-40.707
-44.252
-47.5
-50.441
-53.07
-55.384
-57.383
-59.065
-60.434
-61.494
-62.251
-62.713
-62.889
-62.791
-62.43
-61.82
-60.975
-59.911
-58.644
-57.191
-55.57
-53.798
-51.894
-49.876
-47.764
-45.574
-43.325
-41.034
-38.72
-36.398
-34.085
-31.795
-29.544
-27.345
-25.211
-23.152
-21.181
-19.307
-17.538
-15.882
-14.346
-12.935
-11.653
-10.504
-9.49
-8.613
-7.874
-7.272
-6.807
-6.476
-6.277
-6.208
-6.264
-6.441
-6.734
-7.139
-7.649
-8.258
-8.961
-9.752
-10.622
-11.568
-12.581
-13.656
-14.787
-15.966
-17.188
-18.447
-19.736
-21.051
-22.386
-23.735
-25.095
-26.461
-27.828
-29.193
-30.552
-31.903
-33.24
-34.563
-35.868
-37.151
-38.412
-39.647
-40.854
-42.031
-43.177
-44.289
-45.367
-46.407
-47.409
-48.37
-49.289
-50.162
-50.986
-51.76
-52.479
-53.142
-53.744
-54.284
-54.756
-55.158
-55.485
-55.733
-55.897
-55.973
-55.954
-55.837
-55.615
-55.285
-54.842
-54.282
-53.601
-52.794
-51.859
-50.794
-49.595
-48.261
-46.79
-45.181
-43.435
-41.554
-39.541
-37.4
-35.137
-32.761
-30.28
-27.707
-25.055
-22.339
-19.573
-16.776
-13.965
-11.156
-8.369
-5.624
-2.938
-0.331
2.179
4.572
6.83
8.935
10.871
12.626
14.188
15.556
16.727
17.697
18.461
19.007
19.326
19.415
19.269
18.88
18.249
17.376
16.278
14.997
13.567
12.019
10.375
8.634
6.811
4.939
3.058
1.225
-0.511
-2.133
-3.596
-4.816
-5.768
-6.48
-7.089
-7.866
-9.033
-10.733
-13.125
-16.375
-20.58
-25.751
-31.646
-37.768
-43.665
-48.975
-53.351
-56.436
-57.913
-57.622
-55.719
-52.667
-48.951
-44.931
-41.548
-40.46
-43.042
-50.511
-61.641
-72.684
-81.25
-85.538
-87.392
-92.471
-103.583
-122.082
-144.826
-162.325
-165.478
-144.234
-90.476
-2.58
118.801
269.375
442.259
632.493
832.569
1030.068
1207.001
1336.071
1388.507
1345.048
1202.038
979.21
713.066
442.933
201.711
5.134
-144.954
-251.776
-319.643
-348.082
-337.64
-296.408
-238.284
-182.586
-144.865
-128.463
-127.733
-130.689
-126.132
-111.594
-90.407
-68.91
-53.354
-45.081
-42.533
-43.265
-44.646
-46.06
-47.853
-50.093
-52.962
-56.08
-58.621
-60.338
-61.298
-61.261
-60.698
-60.707
-61.053
-61.351
-60.647
-56.05
-47.742
-38.671
-31.651
-31.027
-37.129
-45.454
-52.409
-54.364
-50.589
-44.231
-37.34
-31.194
-26.149
-21.071
-15.53
-9.693
-3.661
2.319
8.194
14.085
20.004
25.911
31.8
37.683
43.584
49.509
55.448
61.374
67.277
73.169
79.061
84.959
90.869
96.794
102.735
108.693
114.666
120.647
126.627
132.593
138.527
144.408
150.22
155.945
161.569
167.074
172.442
177.655
182.692
187.538
192.174
196.578
200.729
204.607
208.191
211.461
214.4
216.99
219.213
221.056
222.505
223.549
224.177
224.38
224.154
223.493
222.396
220.863
218.897
216.504
213.69
210.468
206.848
202.847
198.481
193.77
188.734
183.395
177.779
171.91
165.814
159.521
153.059
146.457
139.747
132.958
126.122
119.27
112.431
105.636
98.914
92.292
85.799
79.458
73.295
67.332
61.591
56.089
50.845
45.873
41.186
36.794
32.705
28.926
25.46
22.31
19.473
16.95
14.734
12.821
11.203
9.87
8.811
8.016
7.47
7.16
7.072
7.188
7.494
7.972
8.605
9.377
10.27
11.267
12.351
13.504
14.712
15.957
17.225
18.5
19.768
21.017
22.233
23.405
24.523
25.576
26.556
27.455
28.264
28.979
29.594
30.103
30.505
30.795
30.971
31.032
30.976
30.804
30.515
30.11
29.588
28.953
28.204
27.344
26.375
25.299
24.119
22.836
21.455
19.977
18.406
16.744
14.996
13.164
11.253
9.266
7.208
5.084
2.899
0.657
-1.636
-3.975
-6.354
-8.768
-11.209
-13.673
-16.151
-18.638
-21.125
-23.605
-26.07
-28.512
-30.921
-33.29
-35.609
-37.87
-40.062
-42.176
-44.202
-46.13
-47.95
-49.65
-51.222
-52.655
-53.939
-55.066
-56.027
-56.815
-57.423
-57.844
-58.073
-58.107
-57.942
-57.575
-57.006
-56.234
-55.261
-54.091
-52.727
-51.175
-49.442
-47.541
-45.485
-43.289
-40.969
-38.545
-36.038
-33.469
-30.862
-28.237
-25.618
-23.025
-20.481
-18.009
-15.634
-13.38
-11.267
-9.314
-7.537
-5.947
-4.554
-3.359
-2.364
-1.565
-0.966
-0.579
-0.417
-0.489
-0.803
-1.368
-2.182
-3.239
-4.527
-6.018
-7.691
-9.535
-11.533
-13.672
-15.934
-18.285
-20.685
-23.093
-25.444
-27.645
-29.651
-31.45
-33.096
-34.739
-36.527
-38.555
-40.972
-43.97
-47.614
-51.894
-56.648
-61.456
-65.985
-70.099
-73.542
-75.982
-77.266
-77.291
-76.054
-73.943
-71.218
-67.693
-64.162
-62.212
-62.679
-66.749
-73.53
-79.371
-83.47
-86.193
-90.203
-102.28
-124.252
-154.487
-189.511
-220.485
-241.075
-246.565
-229.605
-184.876
-108.107
4.138
148.98
319.262
508.848
708.733
908.188
1094.755
1246.086
1336.767
1345.625
1260.079
1087.449
852.492
588.494
330.07
102.578
-81.15
-217.001
-306.07
-351.736
-358.19
-333.06
-288.977
-240.258
-200.133
-176.03
-166.175
-163.687
-160.166
-149.733
-133.054
-114.436
-98.921
-90.487
-89.268
-93.045
-99.309
-105.784
-111.58
-116.592
-120.648
-123.537
-124.921
-124.737
-123.292
-120.987
-118.228
-115.367
-112.697
-110.568
-109.36
-109.167
-109.831
-111.085
-112.567
-113.995
-115.18
-115.898
-115.918
-115.118
-113.463
-110.995
-107.823
-104.032
-99.675
-94.82
-89.541
-83.917
-78.034
-71.973
-65.805
-59.586
-53.359
-47.155
-41
-34.906
-28.879
-22.91
-16.984
-11.09
-5.229
0.6
6.391
12.148
17.877
23.583
29.272
34.943
40.595
46.225
51.827
57.393
62.908
68.357
73.72
78.98
84.123
89.134
93.999
98.702
103.228
107.562
111.688
115.591
119.252
122.655
125.781
128.614
131.138
133.339
135.204
136.719
137.874
138.659
139.067
139.089
138.722
137.962
136.806
135.257
133.316
130.988
128.279
125.199
121.759
117.972
113.854
109.421
104.691
99.687
94.429
88.94
83.246
77.372
71.344
65.19
58.938
52.617
46.255
39.882
33.525
27.213
20.973
14.832
8.814
2.943
-2.757
-8.265
-13.562
-18.629
-23.45
-28.011
-32.3
-36.306
-40.021
-43.439
-46.557
-49.372
-51.883
-54.094
-56.008
-57.629
-58.967
-60.029
-60.825
-61.368
-61.671
-61.746
-61.61
-61.278
-60.765
-60.089
-59.266
-58.314
-57.249
-56.088
-54.849
-53.548
-52.201
-50.823
-49.429
-48.035
-46.652
-45.295
-43.973
-42.699
-41.482
-40.331
-39.254
-38.258
-37.35
-36.534
-35.814
-35.195
-34.678
-34.264
-33.954
-33.748
-33.645
-33.644
-33.742
-33.938
-34.229
-34.612
-35.083
-35.64
-36.279
-36.995
-37.786
-38.647
-39.576
-40.567
-41.619
-42.728
-43.89
-45.104
-46.365
-47.672
-49.02
-50.408
-51.831
-53.288
-54.774
-56.287
-57.824
-59.381
-60.957
-62.548
-64.151
-65.764
-67.382
-69.002
-70.621
-72.233
-73.834
-75.418
-76.98
-78.514
-80.016
-81.477
-82.892
-84.253
-85.553
-86.783
-87.935
-89
-89.969
-90.833
-91.583
-92.211
-92.71
-93.071
-93.287
-93.353
-93.262
-93.01
-92.593
-92.005
-91.243
-90.306
-89.192
-87.902
-86.437
-84.802
-83.001
-81.044
-78.942
-76.706
-74.351
-71.893
-69.349
-66.737
-64.079
-61.392
-58.697
-56.014
-53.364
-50.77
-48.256
-45.841
-43.547
-41.395
-39.402
-37.585
-35.954
-34.512
-33.262
-32.208
-31.357
-30.726
-30.331
-30.177
-30.273
-30.631
-31.252
-32.136
-33.265
-34.595
-36.086
-37.705
-39.421
-41.232
-43.118
-45.039
-46.954
-48.801
-50.525
-52.101
-53.481
-54.593
-55.431
-56.035
-56.528
-57.162
-58.16
-59.68
-61.904
-65.007
-69.063
-74.077
-79.886
-86.108
-92.324
-98.169
-103.307
-107.29
-109.696
-110.194
-108.485
-105.211
-101.936
-99.79
-99.851
-101.275
-100.958
-98.205
-93.999
-93.08
-103.41
-127.015
-161.477
-198.983
-228.216
-245.135
-248.573
-238.894
-215.642
-169.769
-92.771
20.682
170.733
347.821
543.391
748.825
952.995
1142.722
1293.649
1376.438
1367.328
1256.095
1055.738
798.134
522.78
264.53
44.773
-127.686
-252.531
-331.395
-364.899
-357.443
-319.273
-265.957
-216.907
-186.007
-175.347
-178.517
-183.089
-178.112
-161.882
-138.563
-115.252
-98.67
-90.303
-88.415
-90.378
-93.532
-96.926
-100.731
-105.08
-110.018
-115.127
-119.596
-122.949
-125.089
-126.075
-126.012
-124.877
-122.583
-119.37
-115.912
-112.825
-110.358
-108.496
-107.074
-106.05
-105.583
-105.639
-105.848
-105.73
-104.962
-103.437
-101.202
-98.292
-94.614
-90.119
-84.905
-79.185
-73.177
-67.021
-60.785
-54.491
-48.182
-41.914
-35.713
-29.575
-23.475
-17.389
-11.303
-5.227
0.823
6.843
12.828
18.787
24.728
30.654
36.568
42.469
48.354
54.22
60.065
65.878
71.645
77.351
82.976
88.505
93.925
99.223
104.383
109.387
114.216
118.855
123.287
127.496
131.463
135.17
138.598
141.729
144.547
147.038
149.185
150.975
152.396
153.437
154.09
154.346
154.202
153.651
152.694
151.33
149.561
147.392
144.83
141.884
138.566
134.888
130.867
126.52
121.867
116.929
111.728
106.288
100.634
94.793
88.791
82.657
76.419
70.107
63.749
57.375
51.015
44.696
38.447
32.295
26.265
20.384
14.673
9.155
3.85
-1.223
-6.047
-10.607
-14.892
-18.889
-22.59
-25.989
-29.081
-31.864
-34.338
-36.504
-38.366
-39.929
-41.2
-42.187
-42.9
-43.35
-43.55
-43.514
-43.254
-42.788
-42.13
-41.297
-40.305
-39.171
-37.914
-36.548
-35.092
-33.562
-31.974
-30.343
-28.685
-27.015
-25.346
-23.691
-22.061
-20.469
-18.925
-17.437
-16.015
-14.666
-13.396
-12.21
-11.115
-10.112
-9.207
-8.399
-7.692
-7.085
-6.58
-6.174
-5.868
-5.659
-5.545
-5.525
-5.594
-5.749
-5.988
-6.306
-6.699
-7.164
-7.698
-8.296
-8.954
-9.67
-10.439
-11.258
-12.125
-13.035
-13.988
-14.979
-16.007
-17.07
-18.165
-19.29
-20.444
-21.624
-22.829
-24.056
-25.304
-26.569
-27.85
-29.145
-30.451
-31.766
-33.088
-34.414
-35.742
-37.068
-38.39
-39.704
-41.007
-42.293
-43.559
-44.801
-46.013
-47.19
-48.327
-49.418
-50.456
-51.436
-52.349
-53.189
-53.949
-54.62
-55.195
-55.667
-56.029
-56.276
-56.4
-56.396
-56.258
-55.983
-55.567
-55.007
-54.299
-53.441
-52.435
-51.279
-49.977
-48.53
-46.942
-45.221
-43.375
-41.417
-39.359
-37.216
-35.005
-32.744
-30.453
-28.153
-25.862
-23.601
-21.389
-19.245
-17.193
-15.254
-13.451
-11.801
-10.323
-9.028
-7.929
-7.033
-6.339
-5.844
-5.546
-5.445
-5.555
-5.888
-6.451
-7.251
-8.295
-9.579
-11.098
-12.835
-14.759
-16.845
-19.079
-21.45
-23.952
-26.571
-29.281
-32.042
-34.809
-37.525
-40.1
-42.479
-44.647
-46.653
-48.649
-50.81
-53.276
-56.211
-59.832
-64.256
-69.487
-75.358
-81.426
-87.247
-92.551
-96.994
-100.147
-101.651
-101.241
-99.002
-95.369
-90.709
-85.37
-79.802
-75.245
-73.786
-76.345
-82.982
-92.553
-102.116
-112.425
-126.113
-144.348
-169.434
-197.757
-222.095
-239.276
-244.657
-236.24
-213.27
-167.892
-93.763
13.416
155.09
322.983
508.448
703.182
896.818
1079.759
1233.839
1333.81
1356.015
1283.562
1118.484
883.475
612.773
343.601
105.001
-88.027
-230.579
-323.521
-370.998
-377.536
-350.875
-304.34
-252.507
-209.265
-183.101
-172.502
-170.824
-169.343
-161.143
-146.322
-128.577
-112.701
-103.054
-99.9
-101.347
-105.219
-109.018
-111.819
-113.913
-115.353
-116.275
-116.825
-116.085
-113.522
-110.241
-106.703
-104.583
-105.835
-108.602
-111.777
-113.7
-111.722
-108.002
-104.291
-101.683
-102.239
-104.229
-105.856
-106.551
-105.221
-102.444
-99.025
-94.936
-90.354
-85.28
-79.633
-73.604
-67.368
-60.996
-54.569
-48.143
-41.75
-35.415
-29.153
-22.966
-16.844
-10.781
-4.764
1.222
7.181
13.116
19.024
24.909
30.777
36.637
42.494
48.35
54.203
60.048
65.881
71.692
77.469
83.195
88.85
94.415
99.876
105.216
110.42
115.471
120.351
125.044
129.532
133.796
137.818
141.577
145.052
148.225
151.075
153.586
155.74
157.522
158.916
159.911
160.494
160.656
160.388
159.685
158.543
156.96
154.935
152.473
149.578
146.259
142.525
138.39
133.868
128.976
123.734
118.162
112.283
106.121
99.703
93.054
86.204
79.181
72.016
64.74
57.385
49.981
42.561
35.155
27.794
20.509
13.327
6.277
-0.615
-7.324
-13.826
-20.101
-26.128
-31.891
-37.373
-42.562
-47.447
-52.02
-56.275
-60.207
-63.814
-67.098
-70.061
-72.706
-75.04
-77.071
-78.809
-80.264
-81.449
-82.377
-83.064
-83.524
-83.774
-83.83
-83.711
-83.434
-83.016
-82.476
-81.832
-81.1
-80.299
-79.444
-78.552
-77.638
-76.716
-75.799
-74.9
-74.03
-73.198
-72.414
-71.686
-71.019
-70.42
-69.892
-69.44
-69.064
-68.767
-68.549
-68.408
-68.344
-68.354
-68.435
-68.585
-68.799
-69.073
-69.402
-69.782
-70.207
-70.671
-71.17
-71.697
-72.246
-72.813
-73.391
-73.976
-74.563
-75.147
-75.725
-76.293
-76.849
-77.389
-77.913
-78.419
-78.905
-79.372
-79.82
-80.25
-80.662
-81.059
-81.442
-81.814
-82.178
-82.536
-82.891
-83.246
-83.602
-83.964
-84.333
-84.712
-85.103
-85.508
-85.93
-86.369
-86.828
-87.307
-87.807
-88.328
-88.87
-89.431
-90.01
-90.604
-91.209
-91.823
-92.44
-93.058
-93.669
-94.267
-94.847
-95.399
-95.918
-96.393
-96.815
-97.176
-97.465
-97.673
-97.792
-97.812
-97.725
-97.522
-97.196
-96.74
-96.147
-95.411
-94.526
-93.489
-92.295
-90.941
-89.428
-87.757
-85.928
-83.947
-81.821
-79.558
-77.169
-74.667
-72.066
-69.383
-66.637
-63.845
-61.029
-58.208
-55.404
-52.641
-49.939
-47.323
-44.814
-42.433
-40.203
-38.144
-36.271
-34.597
-33.127
-31.864
-30.815
-29.985
-29.386
-29.028
-28.916
-29.055
-29.452
-30.111
-31.031
-32.196
-33.569
-35.115
-36.805
-38.618
-40.552
-42.593
-44.708
-46.86
-48.995
-51.068
-53.057
-54.904
-56.524
-57.893
-59.043
-60.09
-61.277
-62.803
-64.81
-67.503
-71.082
-75.628
-81.132
-87.387
-93.946
-100.418
-106.441
-111.481
-115.067
-116.941
-116.858
-114.747
-110.876
-105.461
-99.557
-95.328
-94.367
-97.149
-101.987
-105.684
-107.114
-108.832
-116.42
-134.495
-162.904
-195.26
-221.877
-236.37
-235.627
-219.973
-189.218
-136.682
-56.008
58.38
207.948
385.119
583.339
793.902
1003.759
1197.451
1348.225
1425.993
1408.483
1287.505
1078.25
813.727
533.068
270.996
49.044
-123.413
-245.28
-318.805
-346.034
-332.702
-289.823
-232.151
-177.754
-139.955
-121.359
-117.356
-117.324
-110.906
-96.036
-75.82
-56.311
-44.111
-40.649
-43.652
-50.009
-56.442
-61.396
-65.434
-69.075
-71.45
-72.064
-69.418
-62.174
-52.837
-43.211
-35.683
-33.255
-33.908
-36.029
-38.33
-38.345
-37.438
-36.885
-36.703
-37.669
-38.921
-39.414
-39.148
-37.967
-35.933
-33.299
-30.046
-26.145
-21.693
-16.77
-11.428
-5.747
0.19
6.313
12.522
18.737
24.922
31.048
37.092
43.047
48.913
54.699
60.43
66.119
71.769
77.384
82.962
88.511
94.041
99.558
105.07
110.579
116.086
121.59
127.084
132.56
138.003
143.396
148.72
153.957
159.093
164.111
168.996
173.731
178.299
182.683
186.866
190.831
194.556
198.024
201.213
204.106
206.685
208.931
210.83
212.366
213.525
214.295
214.666
214.628
214.174
213.297
211.993
210.261
208.102
205.517
202.511
199.093
195.27
191.057
186.466
181.515
176.221
170.604
164.686
158.491
152.042
145.367
138.491
131.443
124.253
116.948
109.561
102.119
94.655
87.196
79.772
72.412
65.143
57.99
50.98
44.135
37.479
31.031
24.812
18.837
13.123
7.683
2.527
-2.335
-6.896
-11.151
-15.099
-18.738
-22.069
-25.095
-27.821
-30.254
-32.402
-34.274
-35.88
-37.234
-38.347
-39.234
-39.91
-40.389
-40.688
-40.823
-40.809
-40.663
-40.401
-40.039
-39.594
-39.08
-38.513
-37.906
-37.274
-36.63
-35.986
-35.354
-34.744
-34.165
-33.627
-33.138
-32.703
-32.328
-32.02
-31.781
-31.615
-31.524
-31.509
-31.572
-31.712
-31.93
-32.223
-32.59
-33.029
-33.538
-34.113
-34.752
-35.451
-36.207
-37.015
-37.873
-38.775
-39.72
-40.702
-41.718
-42.766
-43.842
-44.942
-46.065
-47.209
-48.37
-49.547
-50.74
-51.945
-53.164
-54.394
-55.636
-56.889
-58.153
-59.427
-60.712
-62.006
-63.31
-64.622
-65.943
-67.272
-68.607
-69.949
-71.295
-72.645
-73.998
-75.351
-76.702
-78.05
-79.391
-80.722
-82.04
-83.34
-84.618
-85.869
-87.088
-88.269
-89.406
-90.492
-91.52
-92.483
-93.373
-94.181
-94.9
-95.521
-96.037
-96.439
-96.722
-96.877
-96.899
-96.781
-96.52
-96.109
-95.547
-94.829
-93.953
-92.919
-91.726
-90.375
-88.87
-87.213
-85.41
-83.471
-81.407
-79.23
-76.955
-74.599
-72.18
-69.718
-67.234
-64.747
-62.277
-59.845
-57.468
-55.171
-52.974
-50.9
-48.966
-47.19
-45.584
-44.161
-42.927
-41.883
-41.025
-40.352
-39.864
-39.572
-39.488
-39.621
-39.979
-40.57
-41.394
-42.448
-43.72
-45.181
-46.81
-48.595
-50.519
-52.572
-54.74
-56.993
-59.292
-61.598
-63.847
-65.949
-67.851
-69.542
-71.069
-72.574
-74.212
-76.096
-78.394
-81.338
-85.04
-89.504
-94.581
-99.859
-104.964
-109.707
-113.766
-116.676
-118.157
-118.04
-116.308
-113.328
-109.421
-104.616
-99.877
-97.024
-97.266
-101.23
-107.615
-113.65
-118.725
-125.269
-137.763
-159.732
-190.714
-224.986
-254.484
-274.246
-281.255
-274.145
-251.059
-205.169
-130.498
-24.083
114.005
278.845
466.081
671.444
885.74
1091.451
1260.541
1359.633
1362.006
1260.005
1067.965
818.407
550.338
293.915
67.66
-120.913
-269.857
-374.574
-430.659
-437.468
-402.954
-345.238
-285.957
-243.248
-222.922
-218.975
-219.523
-212.232
-193.599
-167.692
-141.568
-122.924
-114.152
-113.359
-117.509
-123.013
-128.063
-132.4
-135.752
-137.964
-138.76
-137.736
-134.993
-130.971
-126.138
-120.974
-115.913
-111.311
-107.529
-104.908
-103.486
-103.053
-103.302
-103.846
-104.37
-104.655
-104.468
-103.585
-101.895
-99.376
-96.076
-92.104
-87.545
-82.455
-76.903
-70.959
-64.701
-58.217
-51.588
-44.889
-38.177
-31.496
-24.874
-18.335
-11.888
-5.533
0.742
6.96
13.132
19.265
25.36
31.416
37.44
43.441
49.427
55.406
61.38
67.349
73.309
79.258
85.185
91.076
96.914
102.678
108.349
113.913
119.352
124.651
129.793
134.758
139.531
144.094
148.429
152.515
156.333
159.862
163.085
165.982
168.536
170.732
172.555
173.992
175.031
175.661
175.876
175.668
175.032
173.967
172.472
170.549
168.204
165.442
162.273
158.708
154.763
150.453
145.796
140.814
135.527
129.96
124.138
118.088
111.835
105.41
98.841
92.158
85.392
78.574
71.734
64.902
58.109
51.383
44.754
38.247
31.889
25.704
19.715
13.942
8.406
3.123
-1.891
-6.623
-11.061
-15.198
-19.026
-22.541
-25.74
-28.625
-31.196
-33.457
-35.415
-37.076
-38.451
-39.549
-40.382
-40.963
-41.306
-41.427
-41.34
-41.063
-40.613
-40.005
-39.259
-38.392
-37.421
-36.363
-35.237
-34.058
-32.843
-31.608
-30.368
-29.138
-27.931
-26.76
-25.638
-24.576
-23.584
-22.672
-21.848
-21.119
-20.491
-19.971
-19.561
-19.267
-19.09
-19.034
-19.098
-19.285
-19.593
-20.023
-20.574
-21.243
-22.029
-22.93
-23.942
-25.063
-26.289
-27.617
-29.042
-30.562
-32.17
-33.863
-35.636
-37.483
-39.398
-41.376
-43.411
-45.497
-47.626
-49.792
-51.99
-54.212
-56.452
-58.702
-60.956
-63.206
-65.446
-67.667
-69.861
-72.021
-74.138
-76.204
-78.211
-80.15
-82.013
-83.791
-85.475
-87.055
-88.524
-89.872
-91.091
-92.17
-93.103
-93.882
-94.5
-94.949
-95.225
-95.323
-95.238
-94.968
-94.51
-93.864
-93.028
-92.003
-90.791
-89.396
-87.82
-86.07
-84.154
-82.083
-79.869
-77.529
-75.077
-72.533
-69.917
-67.249
-64.551
-61.844
-59.145
-56.476
-53.857
-51.312
-48.863
-46.532
-44.334
-42.287
-40.401
-38.687
-37.151
-35.791
-34.603
-33.584
-32.735
-32.068
-31.595
-31.323
-31.259
-31.407
-31.761
-32.322
-33.083
-34.025
-35.134
-36.397
-37.793
-39.313
-40.94
-42.644
-44.396
-46.133
-47.765
-49.248
-50.56
-51.722
-52.842
-54.011
-55.295
-56.826
-58.761
-61.182
-64.126
-67.472
-70.909
-74.172
-77.076
-79.45
-81.098
-81.816
-81.407
-79.858
-77.457
-74.454
-70.96
-67.005
-62.725
-59.126
-57.914
-60.384
-66.987
-76.117
-84.998
-92.973
-101.255
-113.173
-132.574
-158.772
-187.664
-213.305
-228.423
-228.208
-208.899
-165.817
-95.811
3.985
134.861
294.796
481.475
689.017
905.438
1111.811
1279.75
1378.596
1384.684
1288.788
1102.348
853.509
578.035
309.909
73.554
-117.612
-258.598
-349.128
-391.905
-392.884
-362.045
-313.739
-263.021
-221.758
-195.549
-181.818
-174.013
-165.33
-151.523
-134.038
-116.906
-103.932
-98.041
-98.676
-103.31
-109.74
-115.806
-120.571
-124.062
-126.191
-126.918
-126.204
-124.167
-121.126
-117.525
-113.772
-110.161
-106.956
-104.445
-102.916
-102.414
-102.763
-103.676
-104.791
-105.838
-106.627
-106.948
-106.582
-105.406
-103.396
-100.593
-97.107
-93.024
-88.393
-83.282
-77.763
-71.918
-65.833
-59.591
-53.262
-46.902
-40.551
-34.242
-27.998
-21.833
-15.747
-9.729
-3.76
2.17
8.066
13.928
19.756
25.553
31.329
37.09
42.842
48.585
54.318
60.038
65.74
71.415
77.048
82.623
88.121
93.523
98.814
103.98
109.005
113.872
118.565
123.068
127.364
131.436
135.266
138.834
142.122
145.112
147.786
150.131
152.129
153.768
155.036
155.921
156.416
156.511
156.202
155.484
154.355
152.815
150.867
148.515
145.765
142.626
139.111
135.231
131.003
126.444
121.573
116.411
110.981
105.305
99.409
93.319
87.061
80.665
74.157
67.568
60.927
54.263
47.605
40.981
34.419
27.946
21.587
15.367
9.309
3.434
-2.238
-7.688
-12.9
-17.861
-22.557
-26.979
-31.119
-34.97
-38.529
-41.793
-44.763
-47.44
-49.829
-51.935
-53.766
-55.328
-56.633
-57.693
-58.518
-59.123
-59.521
-59.728
-59.759
-59.629
-59.354
-58.951
-58.436
-57.823
-57.13
-56.37
-55.56
-54.711
-53.839
-52.956
-52.073
-51.201
-50.35
-49.53
-48.749
-48.014
-47.331
-46.707
-46.145
-45.65
-45.224
-44.869
-44.587
-44.378
-44.242
-44.178
-44.186
-44.264
-44.41
-44.623
-44.899
-45.237
-45.634
-46.088
-46.596
-47.155
-47.763
-48.419
-49.119
-49.863
-50.649
-51.475
-52.341
-53.247
-54.19
-55.17
-56.187
-57.239
-58.326
-59.446
-60.599
-61.784
-63
-64.246
-65.522
-66.825
-68.154
-69.508
-70.884
-72.279
-73.689
-75.11
-76.538
-77.967
-79.392
-80.808
-82.209
-83.585
-84.932
-86.239
-87.499
-88.703
-89.84
-90.899
-91.872
-92.748
-93.516
-94.168
-94.693
-95.083
-95.33
-95.427
-95.366
-95.141
-94.747
-94.177
-93.428
-92.499
-91.386
-90.091
-88.615
-86.962
-85.142
-83.167
-81.047
-78.799
-76.437
-73.982
-71.452
-68.867
-66.245
-63.605
-60.965
-58.347
-55.776
-53.276
-50.868
-48.57
-46.401
-44.375
-42.505
-40.801
-39.259
-37.88
-36.664
-35.618
-34.764
-34.122
-33.701
-33.513
-33.568
-33.864
-34.403
-35.176
-36.154
-37.319
-38.651
-40.126
-41.736
-43.458
-45.254
-47.09
-48.899
-50.584
-52.102
-53.441
-54.622
-55.761
-56.969
-58.32
-59.97
-62.119
-64.876
-68.275
-72.2
-76.3
-80.29
-84.024
-87.303
-89.857
-91.411
-91.743
-90.93
-89.309
-87.134
-84.497
-81.349
-78.477
-77.575
-79.825
-86.207
-95.498
-104.116
-111.1
-116.665
-123.266
-136.922
-158.689
-186.506
-216.694
-240.393
-251.429
-245.138
-214.805
-156.757
-67.774
54.81
208.976
390.696
594.725
810.941
1023.925
1212.499
1348.24
1403.909
1363.249
1225.656
1011.579
755.469
492.874
252.752
49.563
-113.248
-235.532
-317.311
-355.72
-351.335
-313.525
-258.63
-207.488
-175.193
-163.879
-166.105
-168.84
-161.809
-144.229
-121.324
-100.599
-87.872
-83.697
-85.583
-90.408
-95.614
-100.175
-103.974
-106.904
-108.818
-109.506
-108.781
-106.796
-103.884
-100.446
-96.885
-93.54
-90.703
-88.637
-87.586
-87.553
-88.328
-89.62
-91.069
-92.388
-93.381
-93.846
-93.581
-92.485
-90.546
-87.808
-84.38
-80.349
-75.767
-70.702
-65.228
-59.425
-53.382
-47.183
-40.898
-34.584
-28.282
-22.022
-15.826
-9.705
-3.658
2.327
8.272
14.186
20.076
25.943
31.788
37.616
43.436
49.255
55.079
60.908
66.741
72.575
78.404
84.219
90.006
95.747
101.422
107.016
112.511
117.893
123.146
128.253
133.197
137.961
142.528
146.881
151
154.866
158.458
161.759
164.75
167.414
169.734
171.696
173.285
174.489
175.297
175.7
175.691
175.264
174.416
173.145
171.453
169.343
166.821
163.895
160.576
156.876
152.811
148.398
143.655
138.604
133.267
127.668
121.832
115.785
109.556
103.172
96.664
90.06
83.393
76.691
69.985
63.306
56.683
50.144
43.718
37.431
31.309
25.374
19.649
14.155
8.91
3.931
-0.768
-5.175
-9.279
-13.074
-16.553
-19.713
-22.553
-25.074
-27.279
-29.172
-30.762
-32.055
-33.063
-33.795
-34.267
-34.49
-34.481
-34.255
-33.829
-33.22
-32.446
-31.526
-30.476
-29.317
-28.064
-26.738
-25.355
-23.932
-22.486
-21.033
-19.589
-18.167
-16.782
-15.445
-14.17
-12.965
-11.842
-10.808
-9.87
-9.036
-8.309
-7.695
-7.196
-6.814
-6.551
-6.406
-6.38
-6.471
-6.678
-6.998
-7.427
-7.964
-8.603
-9.342
-10.176
-11.1
-12.111
-13.204
-14.374
-15.617
-16.929
-18.303
-19.737
-21.223
-22.759
-24.339
-25.957
-27.609
-29.29
-30.995
-32.718
-34.457
-36.205
-37.958
-39.712
-41.462
-43.204
-44.932
-46.643
-48.33
-49.989
-51.614
-53.2
-54.741
-56.23
-57.663
-59.031
-60.329
-61.547
-62.679
-63.717
-64.652
-65.477
-66.182
-66.76
-67.205
-67.509
-67.666
-67.671
-67.518
-67.203
-66.722
-66.069
-65.245
-64.246
-63.074
-61.729
-60.211
-58.527
-56.682
-54.689
-52.561
-50.308
-47.945
-45.489
-42.959
-40.381
-37.777
-35.168
-32.574
-30.017
-27.517
-25.101
-22.794
-20.615
-18.58
-16.7
-14.987
-13.457
-12.12
-10.981
-10.034
-9.267
-8.672
-8.252
-8.023
-8.011
-8.232
-8.694
-9.397
-10.326
-11.489
-12.919
-14.59
-16.412
-18.302
-20.161
-21.977
-23.873
-25.871
-27.851
-29.787
-31.769
-33.95
-36.649
-40.004
-43.813
-47.999
-52.687
-57.91
-63.591
-69.456
-74.85
-79.246
-82.545
-84.643
-85.349
-84.543
-82.2
-78.49
-74.043
-69.647
-65.779
-62.798
-61.075
-60.798
-62.706
-68.202
-77.911
-92.139
-109.303
-125.48
-138.899
-148.648
-156.28
-167.207
-182.248
-200.237
-218.849
-229.624
-227.282
-206.702
-158.727
-80.316
31.483
177.791
351.306
547.565
759.872
975.054
1176.985
1337.9
1426.017
1418.148
1305.852
1104.567
847.246
572.703
315.691
96.636
-74.579
-195.668
-270.577
-301.997
-297.705
-271.428
-235.408
-204.525
-187.67
-182.387
-183.444
-181.454
-168.918
-147.072
-120.153
-94.129
-74.394
-61.583
-54.331
-50.973
-49.701
-50.082
-52.222
-56.106
-61.83
-69.009
-76.832
-84.421
-91.025
-96.227
-99.943
-102.016
-102.154
-100.396
-97.157
-93.174
-89.223
-85.668
-82.536
-79.915
-78.044
-77.015
-76.709
-76.697
-76.38
-75.439
-73.803
-71.43
-68.257
-64.229
-59.339
-53.747
-47.751
-41.568
-35.313
-29.043
-22.762
-16.496
-10.285
-4.136
1.982
8.1
14.243
20.411
26.578
32.727
38.849
44.947
51.032
57.109
63.179
69.24
75.287
81.317
87.323
93.3
99.233
105.107
110.903
116.607
122.206
127.688
133.037
138.237
143.268
148.111
152.75
157.165
161.338
165.248
168.875
172.2
175.204
177.871
180.183
182.125
183.684
184.845
185.598
185.934
185.845
185.326
184.371
182.979
181.15
178.886
176.193
173.076
169.547
165.615
161.296
156.606
151.563
146.186
140.499
134.525
128.289
121.817
115.138
108.28
101.274
94.15
86.94
79.674
72.383
65.098
57.849
50.666
43.578
36.61
29.79
23.142
16.689
10.454
4.455
-1.29
-6.764
-11.955
-16.849
-21.439
-25.717
-29.677
-33.318
-36.637
-39.638
-42.322
-44.695
-46.764
-48.538
-50.027
-51.242
-52.197
-52.906
-53.383
-53.645
-53.707
-53.588
-53.303
-52.87
-52.307
-51.63
-50.858
-50.006
-49.091
-48.128
-47.134
-46.122
-45.106
-44.099
-43.114
-42.161
-41.25
-40.391
-39.592
-38.86
-38.202
-37.623
-37.128
-36.72
-36.401
-36.174
-36.039
-35.996
-36.046
-36.187
-36.417
-36.735
-37.137
-37.621
-38.184
-38.822
-39.532
-40.31
-41.153
-42.056
-43.017
-44.032
-45.097
-46.209
-47.365
-48.561
-49.796
-51.067
-52.37
-53.704
-55.066
-56.454
-57.866
-59.3
-60.754
-62.225
-63.711
-65.21
-66.719
-68.236
-69.758
-71.282
-72.807
-74.328
-75.843
-77.348
-78.842
-80.318
-81.775
-83.208
-84.612
-85.982
-87.312
-88.599
-89.836
-91.016
-92.135
-93.185
-94.16
-95.053
-95.856
-96.563
-97.166
-97.658
-98.033
-98.284
-98.405
-98.391
-98.238
-97.94
-97.494
-96.899
-96.152
-95.252
-94.199
-92.993
-91.637
-90.132
-88.483
-86.694
-84.771
-82.723
-80.561
-78.3
-75.955
-73.542
-71.08
-68.59
-66.094
-63.613
-61.167
-58.776
-56.459
-54.239
-52.136
-50.175
-48.376
-46.754
-45.325
-44.099
-43.085
-42.287
-41.701
-41.322
-41.144
-41.166
-41.4
-41.856
-42.54
-43.459
-44.615
-46.001
-47.614
-49.443
-51.467
-53.674
-56.046
-58.557
-61.195
-63.936
-66.747
-69.6
-72.425
-75.118
-77.63
-79.945
-82.096
-84.21
-86.389
-88.685
-91.227
-94.186
-97.632
-101.555
-105.778
-109.921
-113.684
-116.923
-119.494
-121.176
-121.851
-121.538
-120.343
-118.568
-116.467
-113.923
-111.235
-109.699
-110.319
-113.783
-119.566
-124.42
-125.842
-124.051
-121.736
-125.257
-140.583
-168.207
-204.674
-243.173
-274.913
-294.424
-297.471
-277.883
-229.877
-148.186
-29.539
122.608
300.247
496.432
702.971
910.453
1105.94
1265.592
1360.609
1366.704
1272.948
1090.423
849.395
587.738
337.943
120.445
-57.699
-196.66
-295.745
-353.743
-370.367
-351.216
-310.206
-264.68
-230.316
-213.138
-209.176
-209.203
-202.892
-187.019
-164.806
-142.144
-125.781
-117.942
-117.085
-120.556
-125.049
-128.918
-131.973
-134.068
-135.207
-135.21
-133.697
-130.755
-126.825
-122.325
-117.681
-113.276
-109.377
-106.294
-104.376
-103.681
-104.012
-105.1
-106.578
-108.096
-109.421
-110.302
-110.473
-109.811
-108.283
-105.903
-102.769
-98.969
-94.556
-89.609
-84.212
-78.432
-72.352
-66.052
-59.601
-53.078
-46.544
-40.037
-33.59
-27.218
-20.923
-14.704
-8.548
-2.434
3.648
9.704
15.739
21.753
27.753
33.747
39.741
45.742
51.751
57.765
63.781
69.792
75.787
81.749
87.661
93.504
99.261
104.914
110.448
115.848
121.097
126.176
131.07
135.761
140.23
144.458
148.425
152.112
155.499
158.569
161.304
163.689
165.708
167.348
168.596
169.443
169.877
169.893
169.485
168.648
167.382
165.687
163.566
161.024
158.07
154.713
150.965
146.841
142.357
137.53
132.38
126.929
121.199
115.214
108.999
102.58
95.984
89.239
82.375
75.42
68.404
61.355
54.302
47.274
40.298
33.402
26.61
19.948
13.44
7.106
0.969
-4.954
-10.644
-16.088
-21.271
-26.183
-30.813
-35.156
-39.206
-42.959
-46.415
-49.574
-52.437
-55.008
-57.294
-59.299
-61.034
-62.505
-63.725
-64.705
-65.458
-65.995
-66.332
-66.483
-66.463
-66.286
-65.969
-65.526
-64.974
-64.327
-63.601
-62.81
-61.97
-61.095
-60.197
-59.29
-58.386
-57.496
-56.63
-55.797
-55.008
-54.268
-53.586
-52.967
-52.417
-51.94
-51.54
-51.219
-50.979
-50.822
-50.749
-50.758
-50.85
-51.022
-51.274
-51.602
-52.003
-52.475
-53.014
-53.615
-54.275
-54.988
-55.75
-56.556
-57.399
-58.276
-59.181
-60.109
-61.054
-62.011
-62.975
-63.943
-64.908
-65.868
-66.818
-67.754
-68.673
-69.572
-70.448
-71.299
-72.122
-72.916
-73.68
-74.411
-75.11
-75.777
-76.411
-77.012
-77.581
-78.117
-78.622
-79.097
-79.541
-79.957
-80.344
-80.704
-81.039
-81.348
-81.635
-81.899
-82.141
-82.362
-82.564
-82.745
-82.905
-83.043
-83.159
-83.252
-83.319
-83.36
-83.371
-83.35
-83.295
-83.202
-83.066
-82.884
-82.65
-82.359
-82.006
-81.586
-81.094
-80.526
-79.875
-79.138
-78.312
-77.391
-76.375
-75.259
-74.041
-72.719
-71.291
-69.759
-68.122
-66.384
-64.548
-62.619
-60.605
-58.517
-56.367
-54.169
-51.936
-49.685
-47.433
-45.2
-43
-40.852
-38.774
-36.782
-34.896
-33.138
-31.523
-30.072
-28.799
-27.717
-26.836
-26.164
-25.694
-25.426
-25.356
-25.484
-25.822
-26.379
-27.157
-28.162
-29.399
-30.866
-32.559
-34.454
-36.507
-38.683
-40.953
-43.304
-45.729
-48.207
-50.705
-53.175
-55.565
-57.836
-59.944
-61.811
-63.392
-64.695
-65.805
-66.933
-68.295
-70.05
-72.389
-75.501
-79.468
-84.322
-89.89
-95.726
-101.465
-106.746
-111.067
-114.042
-115.399
-114.788
-112.167
-107.873
-101.947
-95.277
-89.908
-87.395
-89.374
-95.779
-102.92
-107.906
-109.552
-109.061
-113.682
-129.765
-159.334
-201.253
-245.414
-278.702
-289.857
-267.169
-205.765
-106.461
28.293
191.647
377.066
579.938
792.538
1002.997
1192.663
1334.224
1399.609
1369.118
1238.528
1025.34
762.618
488.42
236.812
27.064
-133.394
-244.626
-312.724
-340.827
-334.575
-304.985
-262.445
-221.748
-193.869
-178.97
-173.798
-169.793
-158.77
-141.079
-120.123
-101.197
-89.622
-85.759
-87.269
-91.502
-95.86
-98.912
-101.062
-102.891
-103.682
-103.196
-100.217
-92.785
-82.582
-72.026
-63.516
-61.224
-64.859
-70.834
-76.801
-78.746
-75.366
-70.169
-65.071
-62.05
-62.584
-64.234
-65.356
-65.406
-63.446
-60.217
-56.454
-52.033
-47.122
-41.745
-35.822
-29.534
-23.059
-16.461
-9.828
-3.24
3.267
9.676
15.963
22.133
28.203
34.179
40.078
45.92
51.71
57.451
63.146
68.803
74.43
80.038
85.636
91.227
96.811
102.387
107.95
113.493
119.002
124.463
129.857
135.167
140.379
145.478
150.449
155.278
159.947
164.439
168.74
172.831
176.692
180.306
183.651
186.709
189.462
191.892
193.981
195.715
197.078
198.057
198.641
198.818
198.58
197.921
196.835
195.32
193.374
191
188.202
184.985
181.358
177.333
172.923
168.142
163.008
157.541
151.759
145.687
139.348
132.766
125.969
118.982
111.835
104.557
97.177
89.725
82.231
74.725
67.235
59.791
52.42
45.15
38.006
31.012
24.192
17.567
11.157
4.981
-0.947
-6.611
-11.999
-17.102
-21.911
-26.42
-30.626
-34.527
-38.122
-41.413
-44.403
-47.099
-49.506
-51.632
-53.488
-55.083
-56.428
-57.538
-58.424
-59.102
-59.584
-59.887
-60.026
-60.015
-59.87
-59.607
-59.241
-58.786
-58.257
-57.667
-57.031
-56.361
-55.668
-54.966
-54.263
-53.571
-52.899
-52.254
-51.645
-51.078
-50.56
-50.095
-49.689
-49.344
-49.064
-48.852
-48.709
-48.636
-48.634
-48.704
-48.845
-49.057
-49.339
-49.691
-50.111
-50.598
-51.149
-51.765
-52.443
-53.181
-53.978
-54.832
-55.743
-56.708
-57.726
-58.796
-59.916
-61.083
-62.297
-63.555
-64.854
-66.192
-67.566
-68.974
-70.412
-71.878
-73.369
-74.88
-76.409
-77.95
-79.501
-81.056
-82.61
-84.158
-85.693
-87.211
-88.705
-90.168
-91.594
-92.977
-94.307
-95.579
-96.783
-97.911
-98.955
-99.906
-100.754
-101.492
-102.111
-102.605
-102.966
-103.187
-103.263
-103.189
-102.96
-102.573
-102.026
-101.314
-100.438
-99.398
-98.197
-96.836
-95.322
-93.661
-91.861
-89.935
-87.894
-85.754
-83.529
-81.238
-78.9
-76.534
-74.16
-71.797
-69.468
-67.192
-64.991
-62.886
-60.894
-59.036
-57.33
-55.791
-54.434
-53.268
-52.293
-51.509
-50.917
-50.518
-50.322
-50.336
-50.56
-50.997
-51.655
-52.534
-53.633
-54.938
-56.408
-58.008
-59.706
-61.483
-63.341
-65.268
-67.238
-69.213
-71.142
-72.981
-74.706
-76.261
-77.558
-78.566
-79.314
-79.936
-80.698
-81.828
-83.507
-85.949
-89.349
-93.785
-99.215
-105.332
-111.583
-117.429
-122.34
-125.733
-127.119
-126.23
-122.884
-117.228
-109.904
-101.594
-93.698
-88.453
-86.873
-89.302
-95.245
-102.237
-110.888
-123.654
-141.405
-165.909
-193.657
-217.752
-235.363
-242.923
-239.129
-222.986
-185.892
-119.784
-18.611
119.723
286.976
473.938
671.255
867.776
1052.967
1207.45
1305.501
1323.814
1246.972
1079.436
845.583
579.808
317.816
85.938
-102.97
-244.559
-338.703
-387.666
-394.546
-366.892
-318.751
-265.519
-221.318
-194.16
-181.693
-176.801
-170.914
-157.462
-137.073
-114.062
-93.567
-80.314
-74.932
-75.426
-79.417
-84.435
-89.39
-94.074
-98.149
-101.231
-102.791
-102.593
-100.845
-97.911
-94.211
-90.152
-86.097
-82.493
-79.82
-78.234
-77.61
-77.689
-78.105
-78.564
-78.861
-78.747
-77.967
-76.388
-73.978
-70.786
-66.933
-62.508
-57.563
-52.171
-46.407
-40.35
-34.082
-27.676
-21.195
-14.685
-8.184
-1.72
4.688
11.03
17.309
23.536
29.729
35.899
42.05
48.18
54.289
60.38
66.46
72.535
78.608
84.681
90.751
96.813
102.863
108.891
114.88
120.814
126.673
132.438
138.093
143.622
149.008
154.233
159.28
164.13
168.766
173.168
177.317
181.191
184.769
188.034
190.965
193.545
195.758
197.588
199.021
200.045
200.649
200.823
200.56
199.855
198.704
197.106
195.061
192.573
189.648
186.293
182.519
178.34
173.769
168.825
163.526
157.893
151.949
145.719
139.229
132.504
125.575
118.469
111.217
103.851
96.401
88.898
81.374
73.86
66.387
58.984
51.679
44.501
37.476
30.629
23.984
17.562
11.384
5.467
-0.171
-5.518
-10.559
-15.287
-19.693
-23.771
-27.519
-30.934
-34.018
-36.773
-39.203
-41.315
-43.116
-44.615
-45.823
-46.752
-47.415
-47.826
-48
-47.952
-47.698
-47.254
-46.638
-45.866
-44.956
-43.924
-42.786
-41.56
-40.261
-38.905
-37.507
-36.082
-34.642
-33.202
-31.773
-30.367
-28.995
-27.665
-26.387
-25.168
-24.017
-22.938
-21.937
-21.018
-20.186
-19.442
-18.789
-18.228
-17.761
-17.386
-17.105
-16.916
-16.819
-16.811
-16.892
-17.06
-17.312
-17.646
-18.06
-18.552
-19.118
-19.758
-20.467
-21.244
-22.087
-22.992
-23.957
-24.979
-26.056
-27.185
-28.363
-29.586
-30.852
-32.158
-33.499
-34.874
-36.278
-37.708
-39.162
-40.634
-42.121
-43.619
-45.124
-46.631
-48.133
-49.627
-51.105
-52.563
-53.993
-55.39
-56.746
-58.054
-59.306
-60.494
-61.61
-62.646
-63.592
-64.44
-65.183
-65.811
-66.318
-66.696
-66.939
-67.04
-66.993
-66.796
-66.442
-65.929
-65.253
-64.413
-63.41
-62.242
-60.913
-59.425
-57.784
-55.999
-54.08
-52.04
-49.893
-47.656
-45.346
-42.982
-40.586
-38.175
-35.768
-33.385
-31.044
-28.767
-26.578
-24.496
-22.541
-20.73
-19.077
-17.593
-16.288
-15.161
-14.209
-13.432
-12.831
-12.421
-12.215
-12.222
-12.452
-12.914
-13.608
-14.529
-15.666
-16.988
-18.47
-20.097
-21.854
-23.733
-25.72
-27.783
-29.882
-31.972
-33.995
-35.869
-37.542
-38.994
-40.268
-41.51
-42.886
-44.532
-46.612
-49.323
-52.776
-56.995
-61.846
-66.923
-71.839
-76.364
-80.194
-82.976
-84.417
-84.246
-82.5
-79.603
-75.853
-71.369
-66.477
-62.297
-60.69
-63.379
-70.992
-81.377
-91.233
-99.003
-105.224
-114.419
-131.339
-156.791
-188.529
-219.226
-240.55
-245.67
-226.937
-178.675
-96.032
23.826
178.023
359.825
559.301
764.985
964.736
1142.96
1280.078
1353.266
1342.347
1239.777
1054.452
812.4
550.337
301.745
90.095
-74.151
-192.314
-269.25
-309.443
-317.424
-299.194
-264.045
-224.696
-192.692
-172.477
-162.044
-154.298
-141.298
-121.258
-97.03
-73.934
-57.751
-50.086
-49.545
-53.738
-59.747
-66.069
-72.298
-77.958
-82.698
-86.068
-87.547
-87.134
-85.183
-82.1
-78.348
-74.378
-70.587
-67.402
-65.239
-64.193
-64.092
-64.661
-65.532
-66.397
-67.04
-67.222
-66.707
-65.38
-63.223
-60.283
-56.675
-52.485
-47.767
-42.588
-37.018
-31.131
-25.007
-18.72
-12.336
-5.905
0.532
6.947
13.32
19.638
25.902
32.123
38.317
44.496
50.661
56.812
62.946
69.067
75.182
81.296
87.413
93.533
99.654
105.772
111.882
117.971
124.025
130.027
135.954
141.788
147.512
153.109
158.56
163.848
168.953
173.856
178.538
182.979
187.158
191.052
194.639
197.9
200.814
203.362
205.527
207.292
208.641
209.562
210.044
210.075
209.647
208.756
207.397
205.569
203.272
200.511
197.291
193.62
189.51
184.975
180.03
174.693
168.986
162.929
156.549
149.869
142.919
135.726
128.32
120.732
112.996
105.142
97.205
89.217
81.212
73.222
65.28
57.417
49.663
42.048
34.598
27.34
20.299
13.497
6.954
0.691
-5.278
-10.938
-16.277
-21.285
-25.954
-30.281
-34.261
-37.895
-41.184
-44.131
-46.743
-49.025
-50.987
-52.64
-53.995
-55.065
-55.865
-56.41
-56.717
-56.801
-56.681
-56.373
-55.896
-55.268
-54.507
-53.63
-52.655
-51.598
-50.478
-49.308
-48.105
-46.883
-45.655
-44.434
-43.231
-42.059
-40.925
-39.84
-38.81
-37.844
-36.945
-36.12
-35.372
-34.704
-34.118
-33.616
-33.199
-32.866
-32.617
-32.451
-32.367
-32.363
-32.437
-32.585
-32.806
-33.096
-33.452
-33.87
-34.347
-34.881
-35.467
-36.102
-36.784
-37.511
-38.278
-39.085
-39.928
-40.806
-41.717
-42.658
-43.63
-44.63
-45.658
-46.714
-47.796
-48.906
-50.042
-51.205
-52.395
-53.611
-54.854
-56.122
-57.415
-58.733
-60.074
-61.438
-62.824
-64.231
-65.658
-67.102
-68.563
-70.038
-71.523
-73.017
-74.515
-76.013
-77.507
-78.993
-80.464
-81.917
-83.346
-84.744
-86.106
-87.424
-88.692
-89.901
-91.044
-92.112
-93.097
-93.992
-94.789
-95.482
-96.063
-96.526
-96.866
-97.077
-97.154
-97.093
-96.89
-96.541
-96.045
-95.401
-94.61
-93.672
-92.592
-91.375
-90.029
-88.563
-86.989
-85.319
-83.568
-81.753
-79.89
-78
-76.099
-74.207
-72.345
-70.531
-68.786
-67.131
-65.582
-64.16
-62.883
-61.766
-60.821
-60.059
-59.478
-59.08
-58.866
-58.839
-59.009
-59.388
-59.976
-60.781
-61.81
-63.065
-64.547
-66.24
-68.101
-70.094
-72.188
-74.36
-76.615
-78.942
-81.313
-83.685
-86.002
-88.215
-90.298
-92.196
-93.817
-95.129
-96.167
-97.086
-98.172
-99.671
-101.766
-104.659
-108.549
-113.534
-119.57
-126.324
-133.229
-139.737
-145.334
-149.496
-151.736
-151.702
-149.226
-144.563
-138.29
-130.967
-123.95
-119.272
-118.493
-123.172
-132.666
-143.565
-154.495
-164.601
-175.003
-190.866
-212.599
-238.425
-265.789
-285.887
-292.43
-279.079
-235.672
-158.377
-44.681
104.806
281.03
477.564
686.564
895.838
1091.429
1249.33
1340.963
1343.564
1247.089
1061.978
817.151
550.222
295.14
75.262
-98.683
-226.201
-309.694
-352.32
-358.992
-337.559
-299.833
-260.361
-231.245
-216.3
-212.434
-211.38
-204.077
-188.353
-166.934
-145.046
-128.87
-120.157
-117.514
-118.868
-121.459
-123.947
-126.315
-128.544
-130.626
-132.427
-133.557
-133.677
-132.817
-131.202
-129.042
-126.582
-124.077
-121.712
-119.758
-118.558
-118.156
-118.4
-119.08
-119.877
-120.544
-120.924
-120.815
-119.997
-118.373
-115.923
-112.691
-108.795
-104.321
-99.324
-93.885
-88.078
-81.983
-75.686
-69.258
-62.756
-56.228
-49.705
-43.21
-36.765
-30.373
-24.035
-17.739
-11.469
-5.214
1.027
7.254
13.467
19.667
25.861
32.052
38.241
44.426
50.602
56.761
62.895
68.992
75.033
81.002
86.875
92.634
98.262
103.74
109.051
114.177
119.098
123.795
128.251
132.444
136.354
139.96
143.241
146.178
148.753
150.948
152.748
154.137
155.104
155.637
155.726
155.364
154.546
153.268
151.528
149.329
146.674
143.569
140.023
136.046
131.654
126.861
121.685
116.147
110.268
104.072
97.584
90.832
83.842
76.646
69.272
61.752
54.118
46.404
38.641
30.862
23.099
15.384
7.748
0.219
-7.172
-14.4
-21.438
-28.262
-34.851
-41.184
-47.242
-53.011
-58.477
-63.628
-68.455
-72.953
-77.115
-80.941
-84.429
-87.583
-90.405
-92.902
-95.081
-96.952
-98.525
-99.812
-100.828
-101.587
-102.104
-102.397
-102.482
-102.377
-102.101
-101.671
-101.105
-100.423
-99.642
-98.779
-97.852
-96.879
-95.873
-94.852
-93.828
-92.815
-91.825
-90.869
-89.957
-89.097
-88.297
-87.565
-86.904
-86.32
-85.816
-85.394
-85.055
-84.801
-84.629
-84.539
-84.529
-84.595
-84.734
-84.942
-85.214
-85.546
-85.932
-86.368
-86.846
-87.362
-87.91
-88.483
-89.076
-89.684
-90.299
-90.918
-91.536
-92.147
-92.749
-93.337
-93.909
-94.462
-94.993
-95.502
-95.986
-96.446
-96.879
-97.288
-97.673
-98.034
-98.374
-98.695
-98.999
-99.288
-99.566
-99.835
-100.097
-100.355
-100.613
-100.873
-101.137
-101.408
-101.689
-101.981
-102.288
-102.61
-102.95
-103.308
-103.685
-104.081
-104.495
-104.925
-105.371
-105.829
-106.298
-106.772
-107.25
-107.725
-108.193
-108.648
-109.083
-109.492
-109.865
-110.196
-110.475
-110.695
-110.845
-110.919
-110.907
-110.802
-110.596
-110.281
-109.851
-109.299
-108.618
-107.804
-106.851
-105.757
-104.517
-103.132
-101.601
-99.924
-98.106
-96.154
-94.076
-91.883
-89.588
-87.204
-84.749
-82.24
-79.697
-77.135
-74.575
-72.034
-69.531
-67.088
-64.727
-62.469
-60.333
-58.336
-56.492
-54.812
-53.305
-51.971
-50.811
-49.823
-49.012
-48.392
-47.977
-47.779
-47.807
-48.07
-48.568
-49.296
-50.238
-51.368
-52.661
-54.105
-55.685
-57.388
-59.194
-61.073
-62.981
-64.878
-66.696
-68.343
-69.77
-70.971
-72.004
-73.028
-74.204
-75.636
-77.484
-79.96
-83.154
-87.058
-91.518
-96.107
-100.471
-104.475
-107.868
-110.268
-111.48
-111.392
-109.973
-107.588
-104.522
-100.565
-96.575
-94.52
-95.459
-100.281
-107.528
-112.727
-114.478
-114.388
-117.028
-129.745
-154.694
-187.871
-221.906
-247.662
-259.028
-253.108
-227.067
-176.85
-98.378
10.617
149.089
312.702
497.202
698.329
908.569
1113.352
1287.675
1400.27
1423.506
1343.917
1169.933
930.291
663.126
404.622
179.489
-3.361
-143.033
-241.734
-302.582
-324.764
-312.014
-274.984
-225.891
-181.111
-151.311
-136.266
-131.751
-128.399
-118.605
-102.721
-83.766
-66.907
-56.83
-53.479
-54.877
-58.617
-62.146
-64.634
-66.263
-67.015
-66.987
-66.139
-64.218
-61.364
-57.967
-54.317
-50.689
-47.334
-44.387
-42.05
-40.589
-39.991
-40.059
-40.543
-41.112
-41.514
-41.596
-41.167
-40.024
-38.075
-35.3
-31.743
-27.514
-22.695
-17.343
-11.532
-5.338
1.154
7.857
14.694
21.598
28.519
35.418
42.268
49.05
55.757
62.387
68.953
75.473
81.956
88.407
94.828
101.218
107.581
113.924
120.25
126.565
132.866
139.15
145.412
151.644
157.834
163.968
170.027
175.99
181.84
187.559
193.13
198.536
203.761
208.785
213.59
218.158
222.47
226.505
230.244
233.666
236.752
239.484
241.844
243.818
245.391
246.55
247.283
247.581
247.437
246.843
245.797
244.297
242.341
239.934
237.081
233.788
230.066
225.926
221.384
216.456
211.161
205.519
199.554
193.29
186.752
179.968
172.966
165.776
158.428
150.954
143.385
135.754
128.093
120.433
112.806
105.241
97.768
90.415
83.209
76.175
69.337
62.716
56.334
50.208
44.355
38.789
33.522
28.563
23.92
19.599
15.601
11.93
8.582
5.555
2.844
0.441
-1.661
-3.473
-5.007
-6.277
-7.295
-8.079
-8.644
-9.007
-9.186
-9.198
-9.062
-8.795
-8.415
-7.941
-7.388
-6.773
-6.113
-5.424
-4.719
-4.012
-3.318
-2.647
-2.011
-1.419
-0.882
-0.407
-0.001
0.331
0.583
0.753
0.836
0.833
0.741
0.562
0.297
-0.053
-0.485
-0.994
-1.577
-2.229
-2.946
-3.72
-4.548
-5.422
-6.338
-7.288
-8.269
-9.273
-10.295
-11.33
-12.374
-13.421
-14.466
-15.505
-16.534
-17.549
-18.546
-19.523
-20.477
-21.404
-22.303
-23.172
-24.01
-24.816
-25.589
-26.328
-27.034
-27.708
-28.349
-28.959
-29.541
-30.094
-30.623
-31.128
-31.613
-32.079
-32.528
-32.964
-33.386
-33.798
-34.2
-34.594
-34.98
-35.36
-35.734
-36.102
-36.466
-36.825
-37.179
-37.527
-37.869
-38.204
-38.529
-38.843
-39.144
-39.429
-39.696
-39.941
-40.161
-40.353
-40.511
-40.631
-40.709
-40.737
-40.712
-40.624
-40.47
-40.241
-39.933
-39.541
-39.059
-38.481
-37.805
-37.025
-36.139
-35.143
-34.035
-32.812
-31.474
-30.02
-28.452
-26.771
-24.982
-23.09
-21.102
-19.029
-16.88
-14.669
-12.411
-10.119
-7.812
-5.507
-3.221
-0.971
1.223
3.343
5.371
7.286
9.074
10.715
12.191
13.49
14.597
15.506
16.216
16.73
17.045
17.161
17.066
16.748
16.206
15.434
14.423
13.171
11.678
9.959
8.059
6.015
3.862
1.624
-0.7
-3.098
-5.536
-7.973
-10.353
-12.622
-14.751
-16.688
-18.347
-19.706
-20.811
-21.806
-22.963
-24.532
-26.702
-29.669
-33.617
-38.622
-44.612
-51.3
-58.195
-64.783
-70.554
-75.072
-77.956
-78.841
-77.568
-74.286
-69.22
-63.542
-59.311
-57.87
-60.462
-66.163
-71.376
-74.932
-77.722
-83.501
-98.984
-125.813
-159.781
-193.647
-218.373
-228.552
-223.403
-201.157
-156.568
-83.546
24.8
170.753
347.892
548.87
763.438
977.851
1176.647
1335.131
1424.962
1423.678
1321.968
1131.543
882.073
611.027
351.555
126.041
-55.353
-191.214
-281.61
-328.118
-334.361
-307.528
-261.258
-211.151
-170.427
-146.06
-135.669
-131.774
-126.17
-113.595
-95.13
-75.312
-59.038
-49.959
-48.006
-50.904
-56.205
-61.694
-66.506
-70.553
-73.668
-75.661
-76.224
-75.303
-73.178
-70.244
-66.899
-63.48
-60.29
-57.693
-56.048
-55.418
-55.717
-56.76
-58.115
-59.493
-60.719
-61.369
-61.744
-62.24
-62.077
-61.068
-57.952
-51.174
-42.607
-33.535
-25.837
-22.077
-20.149
-18.276
-15.254
-9.032
-1.16
6.806
14.504
20.991
26.806
32.655
38.426
44.22
49.994
55.61
61.158
66.719
72.276
77.834
83.407
88.997
94.596
100.2
105.793
111.35
116.862
122.321
127.704
132.993
138.174
143.229
148.145
152.906
157.495
161.892
166.08
170.041
173.755
177.201
180.358
183.206
185.727
187.903
189.715
191.148
192.187
192.819
193.031
192.813
192.156
191.053
189.499
187.492
185.032
182.12
178.761
174.962
170.732
166.084
161.03
155.588
149.776
143.614
137.124
130.331
123.26
115.939
108.395
100.657
92.757
84.725
76.594
68.394
60.158
51.918
43.705
35.549
27.48
19.527
11.717
4.075
-3.373
-10.605
-17.6
-24.34
-30.807
-36.987
-42.868
-48.439
-53.692
-58.621
-63.223
-67.496
-71.441
-75.06
-78.359
-81.344
-84.022
-86.404
-88.501
-90.325
-91.89
-93.21
-94.301
-95.178
-95.858
-96.359
-96.697
-96.89
-96.955
-96.91
-96.77
-96.553
-96.275
-95.949
-95.591
-95.213
-94.83
-94.452
-94.091
-93.757
-93.458
-93.203
-92.999
-92.851
-92.764
-92.743
-92.79
-92.907
-93.096
-93.357
-93.69
-94.093
-94.567
-95.108
-95.715
-96.385
-97.114
-97.9
-98.738
-99.625
-100.557
-101.53
-102.542
-103.587
-104.663
-105.767
-106.897
-108.048
-109.22
-110.41
-111.615
-112.835
-114.067
-115.31
-116.563
-117.826
-119.098
-120.378
-121.668
-122.965
-124.27
-125.583
-126.903
-128.229
-129.561
-130.897
-132.237
-133.578
-134.921
-136.262
-137.6
-138.933
-140.257
-141.571
-142.87
-144.15
-145.407
-146.636
-147.83
-148.984
-150.092
-151.148
-152.146
-153.077
-153.934
-154.71
-155.398
-155.988
-156.473
-156.844
-157.093
-157.212
-157.194
-157.033
-156.723
-156.259
-155.635
-154.848
-153.896
-152.775
-151.485
-150.024
-148.393
-146.592
-144.627
-142.501
-140.22
-137.793
-135.231
-132.546
-129.754
-126.87
-123.914
-120.903
-117.858
-114.803
-111.757
-108.742
-105.782
-102.897
-100.11
-97.445
-94.919
-92.553
-90.366
-88.371
-86.583
-85.009
-83.649
-82.503
-81.57
-80.851
-80.356
-80.091
-80.058
-80.26
-80.701
-81.381
-82.3
-83.444
-84.773
-86.252
-87.848
-89.531
-91.3
-93.14
-95.024
-96.913
-98.747
-100.477
-102.083
-103.529
-104.738
-105.672
-106.327
-106.801
-107.341
-108.181
-109.481
-111.409
-114.146
-117.842
-122.584
-128.212
-134.242
-140.135
-145.456
-149.729
-152.331
-152.591
-149.903
-144.615
-138.123
-131.742
-126.138
-120.105
-111.911
-102.04
-93.649
-93.236
-106.69
-134.72
-173.412
-214.071
-248.298
-273.053
-287.809
-293.501
-288.983
-266.733
-217.49
-134.837
-15.858
135.449
310.616
503.86
708.165
913.817
1106.847
1261.68
1348.598
1343.435
1235.651
1037.767
780.523
503.257
242.394
20.721
-150.564
-270.156
-342.461
-370.522
-363.002
-333.063
-294.315
-263.842
-249.087
-246.676
-249.157
-243.768
-225.05
-196.498
-164.212
-137.072
-119.302
-109.807
-106.374
-105.818
-106.4
-107.946
-110.268
-113.169
-116.212
-118.81
-120.521
-121.021
-120.269
-118.458
-115.828
-112.7
-109.419
-106.268
-103.573
-101.646
-100.514
-100.001
-99.851
-99.762
-99.501
-98.902
-97.769
-95.899
-93.206
-89.703
-85.465
-80.61
-75.224
-69.361
-63.094
-56.516
-49.716
-42.786
-35.8
-28.8
-21.814
-14.869
-7.98
-1.16
5.59
12.283
18.939
25.569
32.177
38.761
45.318
51.852
58.367
64.869
71.36
77.84
84.304
90.746
97.158
103.53
109.845
116.086
122.23
128.259
134.155
139.901
145.48
150.874
156.065
161.033
165.762
170.231
174.421
178.31
181.879
185.107
187.975
190.468
192.568
194.261
195.532
196.372
196.77
196.718
196.208
195.238
193.805
191.908
189.551
186.738
183.475
179.774
175.646
171.106
166.171
160.858
155.189
149.186
142.874
136.277
129.423
122.34
115.057
107.605
100.015
92.319
84.549
76.737
68.915
61.115
53.367
45.703
38.15
30.737
23.49
16.434
9.593
2.988
-3.361
-9.435
-15.22
-20.701
-25.867
-30.71
-35.222
-39.398
-43.235
-46.733
-49.893
-52.718
-55.212
-57.382
-59.236
-60.783
-62.035
-63.003
-63.699
-64.14
-64.338
-64.311
-64.073
-63.641
-63.033
-62.265
-61.354
-60.316
-59.17
-57.93
-56.615
-55.238
-53.816
-52.363
-50.893
-49.419
-47.955
-46.51
-45.097
-43.726
-42.406
-41.146
-39.952
-38.834
-37.797
-36.846
-35.987
-35.225
-34.563
-34.004
-33.552
-33.208
-32.973
-32.85
-32.838
-32.939
-33.151
-33.476
-33.912
-34.457
-35.112
-35.873
-36.738
-37.705
-38.771
-39.931
-41.183
-42.522
-43.943
-45.442
-47.013
-48.651
-50.35
-52.104
-53.906
-55.748
-57.623
-59.524
-61.441
-63.364
-65.285
-67.193
-69.079
-70.933
-72.743
-74.498
-76.187
-77.799
-79.321
-80.743
-82.052
-83.237
-84.285
-85.186
-85.93
-86.507
-86.908
-87.125
-87.15
-86.977
-86.6
-86.015
-85.218
-84.206
-82.977
-81.534
-79.877
-78.01
-75.94
-73.673
-71.22
-68.595
-65.813
-62.891
-59.849
-56.707
-53.489
-50.218
-46.917
-43.61
-40.32
-37.069
-33.883
-30.785
-27.798
-24.946
-22.248
-19.723
-17.384
-15.243
-13.3
-11.557
-10.016
-8.68
-7.562
-6.673
-6.02
-5.614
-5.466
-5.579
-5.955
-6.574
-7.402
-8.408
-9.57
-10.879
-12.331
-13.905
-15.569
-17.279
-18.98
-20.631
-22.175
-23.518
-24.611
-25.463
-26.157
-26.902
-27.913
-29.338
-31.374
-34.225
-37.941
-42.47
-47.574
-52.746
-57.55
-61.626
-64.472
-65.66
-65.038
-62.506
-58.176
-52.527
-45.951
-39.548
-35.268
-34.533
-37.952
-44.138
-50.365
-55.735
-61.653
-72.12
-91.466
-119.676
-152.56
-183.283
-204.361
-210.955
-200.621
-170.229
-115.705
-34.003
77.742
218.918
384.409
570.377
769.975
971.633
1159.683
1308.384
1389.317
1381.495
1277.721
1091.368
851.881
594.206
348.15
132.641
-43.435
-177.246
-266.475
-309.182
-307.788
-272.101
-218.993
-168.481
-135.687
-123.681
-125.676
-129.196
-122.883
-104.482
-78.389
-52.079
-32.864
-22.752
-20.151
-22.371
-26.406
-30.969
-35.908
-40.864
-45.475
-49.164
-51.237
-51.557
-50.354
-47.926
-44.667
-41.004
-37.343
-34.155
-31.911
-30.747
-30.521
-30.981
-31.773
-32.594
-33.228
-33.42
-32.917
-31.595
-29.431
-26.475
-22.845
-18.631
-13.887
-8.683
-3.096
2.798
8.918
15.188
21.544
27.937
34.327
40.686
46.993
53.238
59.423
65.558
71.664
77.748
83.815
89.862
95.888
101.894
107.888
113.873
119.853
125.829
131.798
137.755
143.694
149.605
155.472
161.276
166.996
172.614
178.112
183.472
188.677
193.71
198.55
203.178
207.577
211.727
215.604
219.189
222.459
225.394
227.975
230.182
231.999
233.41
234.4
234.957
235.071
234.732
233.933
232.669
230.938
228.739
226.073
222.947
219.365
215.338
210.878
206
200.72
195.058
189.034
182.672
175.996
169.034
161.812
154.359
146.707
138.886
130.929
122.869
114.739
106.572
98.401
90.26
82.179
74.189
66.32
58.601
51.057
43.715
36.596
29.723
23.114
16.788
10.759
5.039
-0.361
-5.433
-10.171
-14.573
-18.638
-22.366
-25.76
-28.827
-31.572
-34.005
-36.135
-37.975
-39.537
-40.835
-41.886
-42.704
-43.308
-43.715
-43.941
-44.007
-43.928
-43.725
-43.413
-43.012
-42.537
-42.005
-41.431
-40.832
-40.221
-39.611
-39.016
-38.446
-37.912
-37.424
-36.99
-36.617
-36.312
-36.081
-35.927
-35.856
-35.868
-35.968
-36.155
-36.43
-36.794
-37.247
-37.786
-38.412
-39.122
-39.914
-40.787
-41.737
-42.763
-43.862
-45.032
-46.27
-47.574
-48.943
-50.373
-51.863
-53.411
-55.014
-56.671
-58.379
-60.136
-61.94
-63.789
-65.68
-67.611
-69.581
-71.586
-73.624
-75.692
-77.788
-79.908
-82.048
-84.205
-86.373
-88.547
-90.722
-92.893
-95.052
-97.194
-99.311
-101.396
-103.44
-105.434
-107.371
-109.24
-111.031
-112.734
-114.34
-115.839
-117.223
-118.482
-119.607
-120.59
-121.423
-122.1
-122.614
-122.959
-123.129
-123.121
-122.93
-122.555
-121.997
-121.257
-120.337
-119.245
-117.987
-116.574
-115.018
-113.335
-111.539
-109.649
-107.685
-105.664
-103.608
-101.538
-99.474
-97.437
-95.448
-93.528
-91.697
-89.975
-88.378
-86.922
-85.619
-84.472
-83.486
-82.664
-82.011
-81.539
-81.259
-81.179
-81.307
-81.656
-82.23
-83.035
-84.061
-85.276
-86.649
-88.152
-89.764
-91.487
-93.311
-95.205
-97.133
-99.037
-100.866
-102.593
-104.163
-105.482
-106.512
-107.278
-107.91
-108.677
-109.823
-111.519
-113.964
-117.384
-121.898
-127.488
-133.887
-140.553
-146.943
-152.589
-157.002
-159.615
-159.997
-158.04
-153.92
-148.108
-141.423
-134.687
-129.283
-127.538
-130.678
-138.98
-151.614
-165.884
-181.116
-198.12
-217.487
-240.376
-264.805
-286.669
-301.909
-304.951
-290.221
-251.524
-182.625
-80.158
55.508
219.679
405.735
606.673
813.413
1012.992
1185.603
1304.452
1343.878
1288.04
1136.975
911.615
645.518
373.834
127.455
-76.377
-230.951
-334.185
-389.996
-403.06
-381.564
-340.476
-294.798
-258.685
-240.347
-236.719
-239.941
-240.416
-230.972
-212.656
-190.501
-170.356
-157.126
-151.343
-151.026
-153.903
-157.893
-162.098
-166.44
-170.714
-174.588
-177.628
-179.39
-179.789
-178.991
-177.294
-175.054
-172.627
-170.396
-168.742
-168.021
-168.316
-169.467
-171.205
-173.185
-175.116
-176.771
-177.913
-178.313
-177.862
-176.55
-174.433
-171.623
-168.207
-164.243
-159.802
-154.961
-149.797
-144.393
-138.825
-133.154
-127.433
-121.698
-115.979
-110.293
-104.651
-99.046
-93.467
-87.895
-82.319
-76.738
-71.15
-65.556
-59.954
-54.338
-48.704
-43.051
-37.38
-31.696
-26.004
-20.312
-14.634
-8.986
-3.388
2.138
7.574
12.901
18.1
23.155
28.045
32.751
37.254
41.534
45.571
49.343
52.829
56.007
58.856
61.358
63.495
65.249
66.605
67.55
68.07
68.155
67.797
66.989
65.726
64.007
61.832
59.203
56.125
52.606
48.656
44.286
39.512
34.35
28.82
22.943
16.741
10.24
3.466
-3.554
-10.789
-18.211
-25.788
-33.487
-41.277
-49.125
-56.997
-64.863
-72.689
-80.444
-88.1
-95.625
-102.993
-110.178
-117.156
-123.903
-130.399
-136.625
-142.565
-148.204
-153.53
-158.533
-163.205
-167.541
-171.538
-175.196
-178.514
-181.497
-184.15
-186.48
-188.496
-190.209
-191.631
-192.775
-193.657
-194.291
-194.694
-194.885
-194.88
-194.698
-194.357
-193.876
-193.272
-192.565
-191.771
-190.908
-189.993
-189.04
-188.066
-187.084
-186.107
-185.149
-184.219
-183.328
-182.486
-181.7
-180.977
-180.324
-179.744
-179.242
-178.82
-178.48
-178.221
-178.044
-177.948
-177.93
-177.988
-178.117
-178.315
-178.576
-178.897
-179.271
-179.694
-180.161
-180.666
-181.204
-181.769
-182.358
-182.965
-183.585
-184.215
-184.85
-185.487
-186.123
-186.755
-187.38
-187.995
-188.599
-189.189
-189.763
-190.321
-190.86
-191.38
-191.879
-192.356
-192.812
-193.245
-193.656
-194.044
-194.408
-194.749
-195.065
-195.355
-195.618
-195.852
-196.056
-196.226
-196.36
-196.455
-196.508
-196.515
-196.47
-196.37
-196.208
-195.979
-195.677
-195.295
-194.827
-194.266
-193.606
-192.841
-191.965
-190.972
-189.856
-188.613
-187.238
-185.727
-184.076
-182.282
-180.342
-178.257
-176.025
-173.648
-171.128
-168.469
-165.68
-162.77
-159.748
-156.63
-153.43
-150.165
-146.853
-143.513
-140.162
-136.82
-133.504
-130.232
-127.026
-123.905
-120.89
-117.999
-115.249
-112.652
-110.219
-107.958
-105.868
-103.946
-102.191
-100.603
-99.195
-97.979
-96.962
-96.155
-95.564
-95.189
-95.025
-95.055
-95.249
-95.583
-96.043
-96.614
-97.286
-98.044
-98.858
-99.686
-100.486
-101.194
-101.723
-102.021
-102.075
-101.936
-101.761
-101.731
-101.988
-102.706
-104.101
-106.258
-109.158
-112.639
-116.257
-119.573
-122.339
-124.244
-124.9
-124.138
-121.911
-118.26
-113.627
-108.509
-102.945
-97.653
-94.302
-93.932
-97.356
-103.989
-110.326
-113.897
-115.064
-115.984
-121.761
-136.692
-159.348
-185.951
-211.461
-228.812
-233.876
-221.448
-181.875
-108.581
3.292
153.636
332.319
529.8
736.901
943.314
1140.017
1308.438
1422.043
1455.423
1390.254
1228.466
993.965
722.52
452.097
211.336
14.387
-133.874
-233.047
-285.146
-293.273
-265.804
-218.203
-167.6
-129.311
-110.952
-108.562
-112.906
-113.562
-103.528
-84.184
-60.742
-38.871
-23.074
-13.53
-8.209
-5.279
-3.102
-1.052
0.62
1.79
2.538
3.006
3.546
4.616
6.38
8.727
11.541
14.649
17.837
20.983
23.874
26.225
27.997
29.341
30.47
31.643
33.063
34.859
37.195
40.255
44.113
48.761
54.131
60.109
66.608
73.564
80.899
88.514
96.318
104.223
112.157
120.08
127.966
135.79
143.541
151.212
158.805
166.333
173.815
181.263
188.682
196.074
203.438
210.777
218.098
225.403
232.696
239.975
247.234
254.465
261.661
268.809
275.893
282.895
289.792
296.567
303.201
309.678
315.979
322.086
327.98
333.644
339.057
344.201
349.055
353.597
357.808
361.667
365.155
368.256
370.952
373.228
375.071
376.47
377.413
377.894
377.905
377.443
376.506
375.094
373.211
370.862
368.055
364.801
361.112
357.005
352.496
347.607
342.357
336.771
330.874
324.693
318.255
311.59
304.729
297.702
290.542
283.28
275.951
268.586
261.218
253.879
246.6
239.411
232.342
225.42
218.673
212.124
205.798
199.714
193.894
188.353
183.106
178.166
173.544
169.247
165.281
161.649
158.353
155.391
152.76
150.456
148.472
146.799
145.427
144.344
143.539
142.996
142.701
142.638
142.791
143.142
143.675
144.37
145.211
146.179
147.257
148.426
149.67
150.973
152.317
153.688
155.071
156.453
157.819
159.16
160.463
161.72
162.922
164.061
165.131
166.126
167.043
167.879
168.63
169.296
169.877
170.371
170.782
171.109
171.355
171.523
171.616
171.639
171.593
171.485
171.319
171.098
170.829
170.514
170.16
169.77
169.349
168.9
168.428
167.935
167.426
166.902
166.367
165.822
165.268
164.707
164.139
163.564
162.982
162.393
161.796
161.19
160.575
159.95
159.313
158.664
158.002
157.326
156.634
155.926
155.2
154.455
153.692
152.909
152.107
151.285
150.447
149.592
148.724
147.844
146.954
146.06
145.163
144.268
143.381
142.507
141.652
140.823
140.027
139.272
138.567
137.918
137.333
136.82
136.386
136.038
135.782
135.625
135.572
135.627
135.797
136.086
136.495
137.029
137.686
138.468
139.372
140.395
141.528
142.762
144.086
145.487
146.95
148.459
149.996
151.544
153.087
154.607
156.088
157.511
158.857
160.104
161.232
162.223
163.061
163.732
164.224
164.529
164.65
164.588
164.345
163.915
163.281
162.424
161.336
160.007
158.425
156.591
154.51
152.201
149.704
147.053
144.268
141.37
138.373
135.295
132.178
129.073
126.027
123.107
120.396
117.934
115.742
113.762
111.824
109.753
107.391
104.534
100.97
96.592
91.384
85.512
79.395
73.364
67.645
62.544
58.422
55.524
53.952
53.582
53.978
54.857
56.25
57.357
56.551
52.634
44.445
33.183
22.895
15.262
10.592
6.279
-4.713
-24.688
-52.341
-83.967
-109.895
-122.905
-118.04
-88.345
-29.893
59.494
181.75
333.233
507.349
699.928
903.7
1108.062
1297.945
1446.23
1522.958
1505.809
1386.822
1181.544
922.943
648.893
391.639
170.028
-8.616
-142.912
-232.101
-274.613
-273.132
-237.791
-185.194
-135.524
-103.69
-92.368
-95.184
-100.077
-95.96
-80.907
-59.122
-37.537
-23.011
-17.185
-18.18
-23.25
-29.571
-35.96
-42.362
-48.586
-54.355
-59.192
-62.557
-64.395
-64.908
-64.384
-63.193
-61.699
-60.298
-59.44
-59.564
-60.792
-62.983
-65.876
-69.109
-72.38
-75.461
-78.091
-80.01
-81.079
-81.272
-80.637
-79.291
-77.322
-74.783
-71.743
-68.277
-64.46
-60.378
-56.108
-51.715
-47.253
-42.761
-38.269
-33.797
-29.354
-24.938
-20.531
-16.111
-11.665
-7.185
-2.67
1.88
6.471
11.111
15.807
20.564
25.386
30.268
35.208
40.202
45.236
50.295
55.359
60.405
65.411
70.358
75.225
79.992
84.638
89.14
93.474
97.62
101.552
105.244
108.671
111.806
114.624
117.1
119.211
120.933
122.246
123.129
123.564
123.536
123.03
122.033
120.535
118.53
116.012
112.979
109.432
105.374
100.812
95.755
90.215
84.208
77.752
70.866
63.574
55.9
47.872
39.517
30.868
21.955
12.812
3.473
-6.024
-15.645
-25.352
-35.108
-44.878
-54.624
-64.312
-73.907
-83.375
-92.684
-101.805
-110.708
-119.366
-127.755
-135.852
-143.637
-151.092
-158.201
-164.952
-171.334
-177.34
-182.964
-188.204
-193.058
-197.53
-201.622
-205.341
-208.696
-211.695
-214.35
-216.676
-218.684
-220.393
-221.816
-222.973
-223.881
-224.559
-225.025
-225.298
-225.397
-225.341
-225.149
-224.838
-224.427
-223.931
-223.368
-222.752
-222.098
-221.419
-220.728
-220.036
-219.354
-218.69
-218.053
-217.451
-216.889
-216.371
-215.903
-215.487
-215.125
-214.818
-214.567
-214.372
-214.231
-214.144
-214.108
-214.121
-214.182
-214.286
-214.431
-214.615
-214.835
-215.087
-215.369
-215.679
-216.014
-216.372
-216.752
-217.153
-217.572
-218.01
-218.467
-218.942
-219.435
-219.947
-220.478
-221.028
-221.599
-222.192
-222.807
-223.446
-224.108
-224.796
-225.511
-226.254
-227.025
-227.825
-228.655
-229.515
-230.404
-231.323
-232.268
-233.239
-234.233
-235.247
-236.278
-237.322
-238.374
-239.43
-240.482
-241.526
-242.554
-243.558
-244.531
-245.463
-246.348
-247.175
-247.937
-248.627
-249.235
-249.755
-250.177
-250.497
-250.706
-250.799
-250.77
-250.613
-250.325
-249.902
-249.344
-248.649
-247.817
-246.852
-245.76
-244.55
-243.232
-241.817
-240.32
-238.756
-237.142
-235.496
-233.834
-232.171
-230.523
-228.906
-227.339
-225.84
-224.426
-223.114
-221.915
-220.839
-219.897
-219.093
-218.425
-217.889
-217.481
-217.204
-217.074
-217.106
-217.312
-217.703
-218.289
-219.073
-220.052
-221.212
-222.518
-223.946
-225.478
-227.098
-228.797
-230.558
-232.348
-234.123
-235.837
-237.417
-238.774
-239.861
-240.663
-241.243
-241.779
-242.447
-243.411
-244.89
-247.117
-250.202
-254.151
-258.757
-263.523
-268.046
-272.03
-275.061
-276.709
-276.694
-274.873
-271.396
-266.807
-261.494
-255.746
-250.788
-248.42
-249.924
-256.011
-265.03
-273.771
-281.485
-289.469
-301.158
-320.531
-346.879
-375.903
-401.948
-419.029
-423.267
-411.043
-376.514
-313.311
-216.47
-84.596
78.526
266.48
472.047
685.304
891.68
1069.916
1192.125
1232.456
1176.093
1024.24
798.827
533.833
264.665
22.434
-177.015
-328.472
-432.179
-494.45
-517.763
-506.918
-472.792
-425.93
-381.967
-352.573
-338.001
-334.139
-330.809
-318.615
-297.161
-269.934
-243.126
-222.769
-209.922
-203.19
-200.463
-199.54
-199.719
-201.079
-203.576
-207.214
-211.501
-215.576
-218.916
-221.114
-221.958
-221.524
-219.755
-216.435
-211.77
-206.289
-200.452
-194.797
-189.586
-184.727
-180.321
-176.63
-173.642
-171.173
-168.917
-166.367
-163.256
-159.578
-155.251
-150.178
-144.334
-137.724
-130.488
-122.917
-115.197
-107.415
-99.637
-91.872
-84.139
-76.479
-68.889
-61.327
-53.765
-46.178
-38.566
-30.957
-23.365
-15.793
-8.241
-0.698
6.84
14.371
21.893
29.398
36.881
44.334
51.743
59.091
66.359
73.524
80.567
87.474
94.226
100.804
107.186
113.347
119.266
124.919
130.283
135.337
140.054
144.411
148.386
151.958
155.106
157.812
160.058
161.828
163.107
163.883
164.147
163.891
163.108
161.796
159.953
157.581
154.685
151.272
147.351
142.936
138.043
132.689
126.895
120.683
114.08
107.112
99.807
92.197
84.312
76.187
67.855
59.351
50.712
41.974
33.173
24.345
15.525
6.749
-1.95
-10.538
-18.983
-27.257
-35.329
-43.173
-50.764
-58.078
-65.094
-71.795
-78.162
-84.184
-89.847
-95.143
-100.066
-104.612
-108.778
-112.566
-115.979
-119.02
-121.697
-124.019
-125.995
-127.637
-128.959
-129.974
-130.699
-131.149
-131.341
-131.293
-131.023
-130.548
-129.887
-129.058
-128.079
-126.967
-125.739
-124.414
-123.005
-121.531
-120.004
-118.44
-116.851
-115.25
-113.647
-112.052
-110.475
-108.924
-107.405
-105.925
-104.488
-103.098
-101.758
-100.471
-99.237
-98.057
-96.93
-95.856
-94.833
-93.86
-92.933
-92.052
-91.212
-90.412
-89.648
-88.918
-88.218
-87.546
-86.899
-86.274
-85.67
-85.084
-84.514
-83.959
-83.417
-82.887
-82.368
-81.86
-81.362
-80.872
-80.392
-79.921
-79.458
-79.004
-78.559
-78.123
-77.699
-77.285
-76.883
-76.493
-76.116
-75.751
-75.399
-75.059
-74.73
-74.41
-74.098
-73.792
-73.49
-73.189
-72.886
-72.577
-72.257
-71.921
-71.564
-71.18
-70.763
-70.306
-69.802
-69.245
-68.631
-67.951
-67.201
-66.375
-65.468
-64.474
-63.389
-62.209
-60.929
-59.546
-58.058
-56.463
-54.762
-52.957
-51.05
-49.047
-46.955
-44.783
-42.541
-40.242
-37.899
-35.527
-33.142
-30.759
-28.394
-26.065
-23.79
-21.586
-19.472
-17.464
-15.579
-13.833
-12.24
-10.81
-9.552
-8.465
-7.548
-6.802
-6.23
-5.843
-5.65
-5.653
-5.857
-6.267
-6.884
-7.707
-8.719
-9.877
-11.145
-12.49
-13.89
-15.345
-16.842
-18.349
-19.824
-21.214
-22.471
-23.572
-24.466
-25.069
-25.357
-25.363
-25.226
-25.204
-25.525
-26.366
-27.942
-30.464
-34.049
-38.69
-44.138
-49.926
-55.578
-60.604
-64.453
-66.585
-66.608
-64.278
-59.65
-53.1
-45.151
-37.155
-31.159
-28.763
-30.951
-36.688
-43.434
-50.614
-59.182
-71.772
-91.487
-116.699
-142.914
-165.014
-176.857
-175.135
-156.315
-113.114
-39.917
68.041
211.622
383.463
576.521
782.509
989.756
1184.623
1343.488
1437.263
1442.334
1348.348
1166.402
926.872
667.359
419.897
204.95
29.873
-105.45
-200.477
-255.039
-269.998
-250.292
-208.835
-161
-120.737
-96.222
-85.65
-82.03
-76.978
-64.383
-44.835
-22.728
-3.337
8.938
13.602
12.72
8.803
4.17
-0.209
-4.165
-7.431
-9.627
-10.247
-9.121
-6.511
-2.817
1.52
6.087
10.519
14.375
17.193
18.807
19.339
19.036
18.255
17.337
16.529
16.096
16.318
17.335
19.185
21.848
25.224
29.222
33.787
38.847
44.318
50.142
56.247
62.564
69.036
75.597
82.191
88.787
95.357
101.888
108.377
114.828
121.25
127.663
134.076
140.491
146.911
153.335
159.767
166.213
172.677
179.162
185.667
192.189
198.72
205.251
211.769
218.253
224.685
231.04
237.299
243.44
249.443
255.288
260.954
266.418
271.658
276.653
281.378
285.81
289.924
293.697
297.105
300.128
302.745
304.937
306.685
307.975
308.791
309.121
308.955
308.285
307.103
305.406
303.192
300.463
297.222
293.476
289.234
284.508
279.313
273.665
267.584
261.092
254.213
246.973
239.399
231.52
223.368
214.973
206.371
197.594
188.677
179.657
170.568
161.446
152.327
143.243
134.23
125.318
116.541
107.928
99.506
91.304
83.345
75.654
68.251
61.156
54.384
47.951
41.867
36.144
30.787
25.802
21.192
16.956
13.094
9.6
6.469
3.695
1.266
-0.828
-2.599
-4.061
-5.229
-6.12
-6.75
-7.138
-7.301
-7.259
-7.029
-6.632
-6.086
-5.411
-4.624
-3.744
-2.79
-1.778
-0.725
0.354
1.442
2.525
3.591
4.628
5.623
6.567
7.45
8.265
9.004
9.662
10.234
10.714
11.102
11.394
11.589
11.687
11.689
11.596
11.411
11.135
10.772
10.327
9.802
9.204
8.536
7.805
7.014
6.171
5.279
4.346
3.376
2.375
1.349
0.302
-0.761
-1.835
-2.915
-3.997
-5.077
-6.152
-7.218
-8.272
-9.311
-10.333
-11.335
-12.316
-13.274
-14.209
-15.119
-16.005
-16.866
-17.703
-18.516
-19.307
-20.078
-20.829
-21.564
-22.283
-22.989
-23.684
-24.372
-25.054
-25.732
-26.408
-27.085
-27.764
-28.446
-29.132
-29.825
-30.523
-31.228
-31.941
-32.661
-33.389
-34.124
-34.866
-35.614
-36.366
-37.121
-37.875
-38.626
-39.372
-40.108
-40.832
-41.538
-42.222
-42.878
-43.501
-44.084
-44.623
-45.108
-45.534
-45.892
-46.178
-46.383
-46.503
-46.531
-46.462
-46.291
-46.014
-45.628
-45.13
-44.517
-43.787
-42.94
-41.975
-40.894
-39.698
-38.391
-36.978
-35.468
-33.871
-32.201
-30.469
-28.692
-26.886
-25.069
-23.26
-21.476
-19.732
-18.048
-16.439
-14.927
-13.532
-12.273
-11.169
-10.233
-9.476
-8.91
-8.538
-8.357
-8.363
-8.551
-8.921
-9.488
-10.263
-11.254
-12.468
-13.912
-15.583
-17.473
-19.564
-21.821
-24.217
-26.733
-29.351
-32.059
-34.84
-37.659
-40.474
-43.241
-45.892
-48.348
-50.57
-52.552
-54.357
-56.145
-58.067
-60.26
-62.909
-66.206
-70.231
-74.98
-80.292
-85.773
-91.112
-96.132
-100.497
-103.892
-106.199
-107.183
-106.759
-105.263
-102.7
-99.493
-97.305
-97.315
-100.251
-105.623
-110.091
-111.256
-109.799
-109.09
-115.761
-135.005
-166.058
-204.255
-242.237
-271.748
-287.84
-285.713
-258.494
-200.514
-107.109
22.503
182.739
365.895
564.486
770.214
972.46
1154.765
1292.647
1359.37
1335.445
1216.426
1017.516
769.356
507.405
261.857
51.365
-116.236
-239.87
-320.834
-360.045
-361.235
-333.286
-288.82
-243.755
-211.042
-194.075
-189.554
-188.84
-182.449
-168.308
-149.298
-130.806
-119.025
-115.538
-118.616
-125.662
-133.704
-141.266
-148.079
-153.883
-158.486
-161.621
-163.005
-162.77
-161.234
-158.763
-155.701
-152.311
-148.877
-145.702
-143.096
-141.205
-139.946
-139.129
-138.582
-138.222
-137.946
-137.591
-136.863
-135.373
-132.905
-129.456
-125.055
-119.719
-113.515
-106.444
-98.63
-90.496
-82.283
-73.957
-65.547
-56.934
-48.58
-41.984
-38.245
-38.338
-42.118
-47.256
-51.999
-54.033
-50.673
-42.064
-29.098
-16.327
-14.008
-30.11
-65.784
-108.663
-127.259
-82.676
55.519
295.082
