Name,Kaushik Vada
Date of Birth,"Mar 17, 2005"
Recorded Date,2024-05-26 08:10:57 -0800
Classification,Sinus Rhythm
Symptoms,
Software Version,1.90
Device,"Watch6,15"
Sample Rate,512 hertz


Lead,Lead I
Unit,µV

17.386
31.491
45.144
58.237
70.613
82.051
92.37
101.426
109.118
115.415
120.293
123.727
125.752
126.446
125.93
124.384
121.937
118.671
114.676
110.04
104.894
99.413
93.728
87.918
82.039
76.123
70.208
64.342
58.524
52.709
46.836
40.827
34.67
28.389
22.001
15.522
8.942
2.256
-4.494
-11.231
-17.865
-24.32
-30.556
-36.536
-42.2
-47.508
-52.422
-56.929
-61.106
-65.046
-68.84
-72.625
-76.509
-80.609
-85.13
-90.326
-96.392
-103.41
-111.222
-119.418
-127.556
-135.196
-141.827
-146.873
-149.836
-150.55
-149.558
-148.112
-147.71
-149.725
-155.256
-165.171
-179.966
-199.384
-221.688
-243.588
-260.979
-269.684
-265.795
-245.635
-205.912
-143.955
-60.558
39.028
148.217
259.529
369.263
481.225
596.78
711.852
815.428
881.498
885.223
815.22
670.812
473.698
257.766
50.778
-120.605
-241.739
-315.135
-347.017
-352.284
-348.269
-341.35
-333.723
-322.64
-302.452
-274.85
-244.824
-217.046
-196.298
-183.541
-177.67
-178.353
-184.119
-192.89
-202.6
-211.069
-217.246
-221.19
-222.932
-222.177
-219.006
-213.953
-208.083
-202.811
-198.867
-196.337
-195.226
-195.566
-197.344
-200.461
-204.514
-208.814
-212.869
-216.428
-219.359
-221.643
-223.242
-224.095
-224.203
-223.651
-222.535
-220.929
-218.887
-216.42
-213.549
-210.327
-206.824
-203.126
-199.317
-195.47
-191.629
-187.823
-184.073
-180.39
-176.78
-173.242
-169.755
-166.291
-162.833
-159.368
-155.885
-152.372
-148.804
-145.152
-141.39
-137.495
-133.449
-129.236
-124.839
-120.241
-115.431
-110.4
-105.14
-99.646
-93.91
-87.923
-81.678
-75.168
-68.39
-61.342
-54.022
-46.433
-38.577
-30.461
-22.095
-13.489
-4.658
4.385
13.621
23.031
32.594
42.287
52.084
61.96
71.887
81.833
91.769
101.662
111.479
121.187
130.752
140.14
149.318
158.253
166.913
175.265
183.281
190.931
198.188
205.025
211.419
217.349
222.796
227.742
232.174
236.082
239.457
242.295
244.593
246.352
247.577
248.273
248.449
248.117
247.291
245.988
244.227
242.03
239.42
236.423
233.067
229.379
225.39
221.131
216.633
211.927
207.047
202.024
196.89
191.677
186.415
181.135
175.866
170.635
165.467
160.387
155.417
150.577
145.885
141.356
137.006
132.844
128.881
125.124
121.577
118.244
115.125
112.219
109.521
107.027
104.728
102.615
100.677
98.902
97.276
95.784
94.412
93.142
91.958
90.843
89.778
88.745
87.728
86.709
85.671
84.598
83.475
82.288
81.024
79.67
78.216
76.653
74.971
73.165
71.228
69.155
66.944
64.593
62.102
59.472
56.705
53.805
50.777
47.627
44.362
40.989
37.519
33.959
30.32
26.613
22.849
19.039
15.195
11.33
7.454
3.581
-0.279
-4.114
-7.914
-11.667
-15.365
-18.998
-22.558
-26.036
-29.425
-32.719
-35.911
-38.996
-41.969
-44.828
-47.569
-50.192
-52.694
-55.077
-57.341
-59.487
-61.519
-63.439
-65.252
-66.96
-68.57
-70.086
-71.515
-72.863
-74.136
-75.341
-76.486
-77.577
-78.621
-79.627
-80.601
-81.55
-82.482
-83.404
-84.323
-85.245
-86.178
-87.128
-88.102
-89.106
-90.145
-91.224
-92.349
-93.523
-94.749
-96.03
-97.367
-98.761
-100.213
-101.721
-103.285
-104.902
-106.57
-108.286
-110.045
-111.844
-113.678
-115.541
-117.428
-119.333
-121.248
-123.168
-125.084
-126.989
-128.875
-130.733
-132.555
-134.332
-136.054
-137.713
-139.298
-140.799
-142.208
-143.514
-144.708
-145.782
-146.726
-147.534
-148.2
-148.718
-149.084
-149.295
-149.348
-149.243
-148.978
-148.554
-147.971
-147.232
-146.341
-145.302
-144.119
-142.801
-141.355
-139.792
-138.125
-136.37
-134.538
-132.644
-130.704
-128.736
-126.761
-124.8
-122.868
-120.985
-119.167
-117.435
-115.81
-114.314
-112.958
-111.752
-110.707
-109.832
-109.142
-108.65
-108.355
-108.251
-108.333
-108.599
-109.063
-109.737
-110.62
-111.708
-112.993
-114.463
-116.116
-117.944
-119.909
-121.971
-124.08
-126.175
-128.233
-130.235
-132.164
-134.017
-135.74
-137.256
-138.506
-139.418
-139.954
-140.151
-139.998
-139.448
-138.588
-137.572
-136.713
-136.545
-137.342
-139.09
-141.73
-145.186
-149.395
-154.278
-159.221
-162.938
-164.446
-163.322
-159.588
-153.657
-145.689
-135.7
-124.529
-114.241
-107.077
-104.777
-108.195
-117.119
-131.391
-150.991
-174.884
-200.137
-222.499
-237.373
-240.698
-229.342
-200.213
-150.018
-75.998
20.182
132.209
253.565
377.137
501.814
632.901
767.354
895.129
996.84
1043.985
1022.474
933.904
792.424
622.236
439.377
253.7
73.121
-91.711
-221.772
-302.241
-325.171
-295.489
-234.467
-164.048
-106.594
-77.52
-76.159
-94.98
-118.815
-133.492
-135.393
-127.107
-116.788
-110.746
-109.159
-109.41
-107.574
-102.037
-93.799
-84.286
-74.871
-66.262
-58.745
-52.795
-48.727
-46.5
-45.913
-46.645
-48.428
-51.114
-54.509
-58.366
-62.426
-66.456
-70.259
-73.675
-76.572
-78.85
-80.446
-81.33
-81.507
-81.007
-79.884
-78.204
-76.036
-73.438
-70.472
-67.198
-63.69
-60.032
-56.308
-52.594
-48.942
-45.383
-41.936
-38.606
-35.386
-32.259
-29.194
-26.156
-23.117
-20.054
-16.948
-13.779
-10.526
-7.165
-3.672
-0.027
3.786
7.784
11.978
16.379
20.992
25.823
30.871
36.135
41.615
47.311
53.224
59.351
65.691
72.237
78.983
85.922
93.042
100.329
107.768
115.339
123.022
130.795
138.633
146.511
154.402
162.278
170.11
177.867
185.52
193.036
200.386
207.538
214.461
221.124
227.497
233.552
239.26
244.596
249.535
254.052
258.128
261.742
264.877
267.517
269.65
271.264
272.351
272.906
272.926
272.411
271.363
269.791
267.701
265.107
262.022
258.463
254.449
250.001
245.143
239.9
234.298
228.365
222.131
215.626
208.882
201.93
194.802
187.531
180.148
172.685
165.173
157.642
150.12
142.637
135.219
127.892
120.68
113.606
106.69
99.951
93.408
87.073
80.961
75.082
69.444
64.054
58.917
54.034
49.407
45.033
40.909
37.031
33.392
29.982
26.794
23.816
21.035
18.441
16.018
13.753
11.632
9.64
7.763
5.985
4.293
2.673
1.111
-0.407
-1.892
-3.356
-4.81
-6.265
-7.729
-9.21
-10.715
-12.251
-13.823
-15.434
-17.089
-18.789
-20.536
-22.331
-24.174
-26.063
-27.997
-29.973
-31.989
-34.042
-36.126
-38.238
-40.374
-42.527
-44.694
-46.869
-49.046
-51.222
-53.389
-55.545
-57.684
-59.803
-61.898
-63.965
-66.002
-68.008
-69.978
-71.914
-73.813
-75.675
-77.5
-79.287
-81.038
-82.753
-84.432
-86.076
-87.687
-89.265
-90.812
-92.328
-93.814
-95.273
-96.704
-98.11
-99.491
-100.849
-102.185
-103.5
-104.797
-106.076
-107.338
-108.584
-109.816
-111.033
-112.235
-113.424
-114.598
-115.758
-116.903
-118.031
-119.143
-120.236
-121.31
-122.363
-123.394
-124.4
-125.38
-126.334
-127.259
-128.155
-129.02
-129.854
-130.656
-131.426
-132.162
-132.864
-133.531
-134.161
-134.754
-135.308
-135.822
-136.292
-136.718
-137.096
-137.426
-137.705
-137.93
-138.1
-138.21
-138.26
-138.246
-138.167
-138.02
-137.803
-137.513
-137.15
-136.714
-136.201
-135.613
-134.947
-134.204
-133.384
-132.489
-131.517
-130.471
-129.351
-128.161
-126.902
-125.58
-124.198
-122.762
-121.28
-119.761
-118.216
-116.658
-115.1
-113.555
-112.036
-110.558
-109.135
-107.783
-106.513
-105.34
-104.277
-103.339
-102.542
-101.903
-101.435
-101.147
-101.046
-101.139
-101.43
-101.918
-102.604
-103.491
-104.582
-105.886
-107.415
-109.175
-111.172
-113.406
-115.865
-118.53
-121.375
-124.363
-127.457
-130.631
-133.851
-137.093
-140.326
-143.495
-146.557
-149.465
-152.169
-154.646
-156.842
-158.68
-160.151
-161.285
-162.143
-162.857
-163.467
-163.907
-164.308
-164.932
-166.042
-167.991
-170.866
-174.471
-178.954
-184.573
-191.109
-197.96
-204.052
-207.965
-209.118
-207.635
-203.155
-195.492
-185.244
-173.698
-163.514
-157.874
-158.396
-165.598
-180.068
-201.412
-227.954
-256.631
-281.899
-297.557
-298.71
-280.977
-240.351
-174.012
-83.02
26.865
147.543
269.729
391.539
518.075
648.328
776.973
884.119
935.27
908.859
794.698
604.38
377.565
150.995
-41.27
-176.841
-259.683
-299.581
-312.754
-317.728
-318.826
-315.957
-306.767
-286.247
-257.403
-226.74
-198.901
-178.671
-167.491
-163.909
-166.779
-173.88
-181.897
-188.321
-191.846
-191.871
-188.622
-182.64
-173.997
-163.377
-152.395
-142.369
-134.084
-127.905
-123.619
-121.002
-120.178
-120.984
-122.883
-125.422
-128.169
-130.832
-133.358
-135.634
-137.467
-138.757
-139.469
-139.598
-139.193
-138.285
-136.878
-135.009
-132.728
-130.088
-127.162
-124.011
-120.703
-117.315
-113.922
-110.599
-107.4
-104.355
-101.484
-98.795
-96.28
-93.927
-91.708
-89.587
-87.538
-85.538
-83.557
-81.574
-79.558
-77.481
-75.315
-73.034
-70.614
-68.035
-65.277
-62.323
-59.162
-55.784
-52.18
-48.348
-44.28
-39.971
-35.416
-30.612
-25.556
-20.25
-14.694
-8.894
-2.855
3.411
9.892
16.573
23.436
30.463
37.633
44.923
52.309
59.765
67.265
74.782
82.288
89.753
97.149
104.447
111.617
118.631
125.462
132.083
138.466
144.589
150.426
155.955
161.158
166.013
170.504
174.617
178.336
181.653
184.557
187.042
189.105
190.743
191.96
192.759
193.146
193.13
192.724
191.94
190.793
189.303
187.486
185.364
182.958
180.291
177.387
174.27
170.964
167.496
163.889
160.17
156.362
152.491
148.58
144.653
140.731
136.836
132.989
129.21
125.517
121.928
118.458
115.123
111.936
108.907
106.049
103.368
100.871
98.565
96.451
94.532
92.809
91.28
89.944
88.796
87.833
87.048
86.436
85.989
85.7
85.559
85.558
85.688
85.939
86.303
86.77
87.33
87.975
88.696
89.483
90.329
91.225
92.162
93.134
94.132
95.149
96.179
97.217
98.256
99.292
100.321
101.34
102.346
103.336
104.308
105.261
106.194
107.105
107.996
108.866
109.715
110.546
111.357
112.152
112.93
113.694
114.443
115.179
115.903
116.614
117.313
118
118.676
119.342
119.996
120.64
121.273
121.896
122.508
123.109
123.698
124.274
124.837
125.385
125.918
126.434
126.932
127.413
127.874
128.315
128.734
129.13
129.502
129.85
130.171
130.465
130.732
130.972
131.186
131.375
131.541
131.685
131.811
131.921
132.019
132.108
132.192
132.275
132.361
132.457
132.566
132.694
132.849
133.035
133.26
133.531
133.855
134.239
134.69
135.215
135.821
136.516
137.308
138.205
139.213
140.342
141.599
142.992
144.526
146.208
148.043
150.035
152.188
154.504
156.986
159.633
162.446
165.424
168.566
171.869
175.329
178.941
182.7
186.599
190.63
194.785
199.05
203.413
207.86
212.377
216.949
221.56
226.192
230.831
235.461
240.07
244.643
249.165
253.617
257.982
262.243
266.384
270.391
274.251
277.949
281.479
284.839
288.027
291.042
293.873
296.502
298.91
301.089
303.03
304.73
306.196
307.438
308.481
309.372
310.152
310.862
311.539
312.202
312.878
313.608
314.436
315.426
316.641
318.123
319.92
322.066
324.547
327.327
330.337
333.46
336.608
339.698
342.613
345.247
347.486
349.192
350.279
350.624
349.992
348.289
345.569
342.066
338.369
335.123
332.788
331.956
333.354
337.3
343.713
351.952
360.395
367.432
372.035
373.148
369.864
362.164
350.956
338.439
328.594
325.456
332.519
353.564
392.123
450.982
529.527
622.678
723.777
825.628
927.596
1036.098
1150.705
1265.367
1362.518
1410.166
1390.177
1298.044
1141.828
952.949
759.203
580.995
439.759
341.171
282.627
262.07
267.368
287.141
320.335
360.293
400.107
436.551
457.622
460.339
452.687
439.353
429.159
425.871
423.757
420.544
415.094
407.159
399.967
394.742
390.664
387.082
382.94
377.397
370.162
361.093
350.187
337.747
324.28
310.176
295.738
281.275
267.057
253.354
240.409
228.339
217.173
206.936
197.665
189.407
182.198
176.031
170.833
166.496
162.932
160.082
157.882
156.275
155.185
154.52
154.229
154.307
154.747
155.546
156.709
158.236
160.165
162.579
165.535
169.065
173.169
177.799
182.894
188.391
194.197
200.2
206.286
212.328
218.224
223.907
229.274
234.21
238.564
242.137
244.782
246.412
246.959
246.395
244.726
241.968
238.202
233.568
228.176
222.115
215.447
208.188
200.395
192.161
183.593
174.83
165.987
157.139
148.375
139.788
131.432
123.342
115.489
107.77
100.125
92.527
84.962
77.458
70.005
62.552
55.071
47.54
39.936
32.254
24.445
16.42
8.134
-0.425
-9.209
-18.099
-26.995
-35.821
-44.479
-52.866
-60.844
-68.222
-74.857
-80.65
-85.484
-89.253
-91.801
-92.918
-92.448
-90.289
-86.378
-80.715
-73.299
-64.121
-53.235
-40.75
-26.817
-11.648
4.586
21.756
39.704
58.262
77.229
96.362
115.468
134.413
153.068
171.329
189.086
206.216
222.658
238.427
253.569
268.166
282.296
296.009
309.394
322.576
335.669
348.779
361.965
375.219
388.532
401.904
415.328
428.805
442.303
455.706
468.862
481.593
493.674
504.863
514.875
523.357
529.986
534.487
536.622
536.224
533.158
527.261
518.395
506.428
491.226
472.749
451.03
426.142
398.259
367.618
334.51
299.324
262.46
224.281
185.147
145.372
105.237
65.071
25.2
-14.034
-52.24
-89.106
-124.4
-157.931
-189.603
-219.38
-247.266
-273.352
-297.776
-320.661
-342.14
-362.329
-381.31
-399.222
-416.231
-432.535
-448.397
-464.03
-479.584
-495.188
-510.918
-526.816
-542.913
-559.188
-575.569
-592
-608.423
-624.793
-641.095
-657.279
-673.269
-688.97
-704.249
-719.005
-733.178
-746.718
-759.597
-771.805
-783.336
-794.211
-804.488
-814.211
-823.424
-832.158
-840.434
-848.283
-855.753
-862.897
-869.775
-876.437
-882.914
-889.236
-895.427
-901.503
-907.478
-913.352
-919.111
-924.748
-930.26
-935.647
-940.911
-946.052
-951.065
-955.943
-960.684
-965.286
-969.748
-974.07
-978.251
-982.293
-986.202
-989.988
-993.661
-997.23
-1000.702
-1004.086
-1007.389
-1010.62
-1013.782
-1016.88
-1019.919
-1022.905
-1025.846
-1028.751
-1031.63
-1034.491
-1037.342
-1040.192
-1043.051
-1045.925
-1048.811
-1051.712
-1054.626
-1057.563
-1060.541
-1063.567
-1066.649
-1069.789
-1072.987
-1076.24
-1079.533
-1082.84
-1086.113
-1089.309
-1092.387
-1095.318
-1098.088
-1100.668
-1103.027
-1105.123
-1106.902
-1108.33
-1109.389
-1110.047
-1110.276
-1110.086
-1109.524
-1108.681
-1107.697
-1106.671
-1105.658
-1104.733
-1103.977
-1103.471
-1103.297
-1103.536
-1104.216
-1105.427
-1107.366
-1110.071
-1113.413
-1117.121
-1120.664
-1123.479
-1125.153
-1125.085
-1122.509
-1117.205
-1109.44
-1099.841
-1089.606
-1080.017
-1072.152
-1067.156
-1066.369
-1068.707
-1070.51
-1070.03
-1065.916
-1058.645
-1052.579
-1043.399
-1019.867
-974.253
-898.723
-796.875
-685.742
-573.882
-463.716
-358.01
-254.244
-164.608
-118.617
-133.172
-216.107
-357.097
-517.654
-669.909
-796.42
-888.105
-958.904
-1016.374
-1061.061
-1095.799
-1113.404
-1111.446
-1094.454
-1065.314
-1031.18
-998.897
-971.572
-951.605
-939.497
-934.101
-934.172
-938.213
-944.273
-950.423
-955.089
-957.425
-957.326
-955.197
-951.691
-947.421
-943.01
-939.086
-936.141
-934.359
-933.642
-933.736
-934.306
-935.061
-935.746
-936.111
-935.94
-935.091
-933.517
-931.202
-928.128
-924.263
-919.549
-913.922
-907.33
-899.712
-890.998
-881.132
-870.07
-857.787
-844.297
-829.59
-813.638
-796.388
-777.734
-757.603
-735.973
-712.831
-688.197
-662.126
-634.682
-605.984
-576.205
-545.495
-513.981
-481.773
-448.939
-415.576
-381.808
-347.767
-313.616
-279.492
-245.493
-211.717
-178.248
-145.136
-112.413
-80.067
-48.028
-16.26
15.242
46.472
77.392
107.976
138.216
168.093
197.59
226.688
255.355
283.566
311.302
338.524
365.181
391.204
416.503
441.005
464.659
487.423
509.268
530.167
550.093
569.034
586.987
603.946
619.906
634.863
648.806
661.738
673.665
684.603
694.572
703.592
711.683
718.866
725.164
730.603
735.206
738.999
742.004
744.251
745.771
746.599
746.774
746.334
745.319
743.771
741.733
739.247
736.357
733.104
729.529
725.675
721.581
717.29
712.84
708.27
703.617
698.92
694.212
689.528
684.9
680.358
675.932
671.646
667.527
663.596
659.874
656.378
653.123
650.123
647.389
644.929
642.75
640.855
639.245
637.919
636.875
636.106
635.606
635.365
635.373
635.618
636.087
636.766
637.641
638.695
639.912
641.274
642.765
644.367
646.06
647.827
649.649
651.509
653.388
655.27
657.139
658.977
660.771
662.506
664.17
665.749
667.234
668.614
669.881
671.027
672.045
672.931
673.681
674.291
674.761
675.089
675.276
675.323
675.232
675.006
674.647
674.161
673.551
672.822
671.98
671.03
669.978
668.831
667.595
666.277
664.883
663.418
661.89
660.304
658.665
656.979
655.25
653.483
651.681
649.849
647.988
646.102
644.192
642.26
640.307
638.334
636.34
634.327
632.293
630.237
628.159
626.058
623.932
621.782
619.604
617.399
615.165
612.901
610.607
608.281
605.922
603.529
601.103
598.644
596.152
593.628
591.073
588.489
585.88
583.249
580.599
577.934
575.259
572.58
569.901
567.229
564.571
561.934
559.324
556.75
554.219
551.74
549.32
546.967
544.688
542.491
540.382
538.369
536.456
534.65
532.955
531.378
529.921
528.589
527.384
526.307
525.362
524.547
523.859
523.294
522.845
522.505
522.264
522.114
522.042
522.037
522.088
522.186
522.323
522.487
522.667
522.845
523.006
523.137
523.225
523.259
523.224
523.107
522.902
522.609
522.226
521.745
521.149
520.409
519.502
518.413
517.128
515.644
513.955
512.063
509.982
507.751
505.401
502.965
500.463
497.897
495.293
492.692
490.144
487.729
485.503
483.504
481.773
480.331
479.166
478.253
477.536
476.924
476.342
475.698
474.88
473.799
472.333
470.369
467.762
464.242
459.652
454.039
447.626
440.935
434.569
428.931
424.507
422.023
421.831
423.763
427.048
429.931
430.627
428.041
421.216
409.24
391.993
370.451
347.048
326.029
311.835
308.313
319.285
348.461
399.097
470.452
556.996
652.297
749.427
848.912
959.535
1081.253
1206.313
1314.168
1369.14
1351.812
1259.609
1105.997
925.971
744.582
578.218
438.533
323.93
241.653
198.266
192.076
223.274
275.419
327.178
366.079
378.859
368.783
350.469
332.47
324.072
325.692
328.714
329.637
326.86
321.398
317.864
317.791
320.504
325.208
330.435
335.285
339.458
342.431
343.823
343.592
341.906
339.021
335.161
330.508
325.217
319.488
313.545
307.559
301.684
296.066
290.82
286.042
281.796
278.104
274.969
272.384
270.311
268.707
267.517
266.685
266.162
265.896
265.829
265.907
266.067
266.248
266.418
266.561
266.689
266.835
267.035
267.328
267.752
268.331
269.091
270.052
271.232
272.65
274.31
276.189
278.278
280.57
283.041
285.677
288.43
291.216
293.982
296.68
299.288
301.826
304.309
306.735
309.121
311.481
313.844
316.294
318.88
321.626
324.578
327.759
331.225
335.087
339.399
344.186
349.457
355.169
361.285
367.819
374.754
382.075
389.777
397.785
406.055
414.591
423.357
432.31
441.377
450.416
459.316
468.014
476.416
484.443
491.992
498.86
504.837
509.693
513.138
514.914
514.734
512.251
507.15
499.164
488.055
473.643
455.755
434.173
408.726
379.304
345.839
308.389
267.091
222.144
173.853
122.591
68.774
12.905
-44.497
-102.962
-162.016
-221.182
-279.995
-337.921
-394.442
-449.104
-501.478
-551.208
-598.041
-641.796
-682.393
-719.867
-754.303
-785.856
-814.728
-841.1
-865.174
-887.187
-907.387
-926.078
-943.593
-960.242
-976.341
-992.205
-1008.08
-1024.154
-1040.562
-1057.35
-1074.536
-1092.108
-1110.017
-1128.218
-1146.666
-1165.296
-1184.041
-1202.812
-1221.485
-1239.932
-1258.009
-1275.546
-1292.41
-1308.485
-1323.681
-1337.953
-1351.275
-1363.643
-1375.077
-1385.604
-1395.237
-1403.981
-1411.84
-1418.837
-1425.029
-1430.49
-1435.32
-1439.643
-1443.591
-1447.327
-1451.007
-1454.762
-1458.69
-1462.844
-1467.244
-1471.901
-1476.825
-1482.042
-1487.571
-1493.393
-1499.443
-1505.599
-1511.664
-1517.38
-1522.451
-1526.532
-1529.282
-1530.35
-1529.353
-1526.041
-1520.329
-1512.27
-1501.948
-1489.232
-1473.745
-1455.133
-1433.329
-1408.294
-1379.852
-1347.564
-1310.921
-1270.005
-1225.71
-1179.297
-1131.709
-1083.691
-1036.088
-990.139
-947.402
-908.887
-874.552
-843.613
-815.449
-789.714
-766.099
-744.062
-722.661
-701.198
-679.721
-658.865
-639.165
-620.848
-603.928
-588.329
-574.157
-561.424
-549.793
-538.716
-527.701
-516.453
-504.868
-492.962
-480.708
-468.089
-455.174
-442.071
-428.903
-415.749
-402.644
-389.621
-376.749
-364.147
-351.955
-340.284
-329.208
-318.776
-309.013
-299.929
-291.517
-283.74
-276.544
-269.879
-263.7
-257.971
-252.661
-247.726
-243.111
-238.756
-234.586
-230.544
-226.582
-222.663
-218.758
-214.847
-210.914
-206.957
-202.982
-198.991
-194.983
-190.956
-186.901
-182.819
-178.71
-174.577
-170.425
-166.256
-162.07
-157.873
-153.667
-149.455
-145.237
-141.014
-136.787
-132.562
-128.347
-124.151
-119.987
-115.868
-111.804
-107.812
-103.906
-100.096
-96.393
-92.806
-89.343
-86.017
-82.843
-79.83
-76.988
-74.328
-71.857
-69.586
-67.521
-65.658
-63.995
-62.533
-61.275
-60.24
-59.444
-58.894
-58.598
-58.561
-58.777
-59.24
-59.929
-60.801
-61.813
-62.923
-64.092
-65.298
-66.517
-67.708
-68.818
-69.79
-70.56
-71.092
-71.352
-71.299
-70.936
-70.293
-69.436
-68.479
-67.517
-66.635
-65.94
-65.549
-65.585
-66.194
-67.494
-69.617
-72.788
-77.124
-82.578
-88.943
-95.703
-102.237
-108.047
-112.55
-115.007
-115.011
-112.607
-108.386
-103.824
-100.536
-99.64
-102.179
-109.146
-120.804
-136.365
-153.708
-169.007
-178.035
-176.967
-161.951
-129.294
-75.849
-1.69
88.772
189.473
293.386
397.916
507.824
623.716
739.805
842.731
905.009
903.991
832.013
691.181
503.283
298.721
101.45
-63.479
-179.915
-247.303
-269.847
-262.188
-243.303
-221.319
-200.002
-178.146
-150.415
-118.382
-86.504
-58.57
-39.445
-30.926
-31.762
-40.201
-53.278
-67.543
-80.504
-90.79
-97.635
-100.478
-99.285
-94.465
-86.86
-78.074
-69.7
-62.537
-57.004
-53.385
-51.653
-51.726
-53.436
-56.184
-59.297
-62.361
-65.068
-67.262
-68.941
-70.04
-70.506
-70.388
-69.741
-68.619
-67.089
-65.165
-62.844
-60.156
-57.133
-53.834
-50.34
-46.724
-43.06
-39.401
-35.777
-32.214
-28.73
-25.332
-22.024
-18.794
-15.617
-12.478
-9.367
-6.271
-3.18
-0.074
3.076
6.295
9.602
13.016
16.551
20.219
24.036
28.01
32.149
36.457
40.933
45.583
50.409
55.417
60.606
65.977
71.526
77.25
83.146
89.206
95.422
101.782
108.274
114.884
121.596
128.395
135.262
142.177
149.119
156.068
163.001
169.894
176.725
183.468
190.099
196.594
202.928
209.078
215.02
220.731
226.189
231.374
236.266
240.848
245.102
249.016
252.574
255.768
258.586
261.022
263.07
264.727
265.991
266.864
267.349
267.449
267.173
266.529
265.528
264.182
262.506
260.516
258.227
255.66
252.833
249.767
246.484
243.007
239.358
235.562
231.641
227.621
223.524
219.375
215.197
211.011
206.841
202.706
198.628
194.625
190.716
186.919
183.25
179.723
176.354
173.155
170.137
167.31
164.684
162.265
160.059
158.072
156.305
154.762
153.442
152.345
151.47
150.813
150.37
150.135
150.104
150.27
150.623
151.157
151.863
152.732
153.754
154.921
156.224
157.652
159.196
160.847
162.595
164.432
166.347
168.333
170.38
172.48
174.625
176.807
179.019
181.255
183.509
185.775
188.047
190.323
192.599
194.87
197.136
199.394
201.642
203.882
206.112
208.333
210.545
212.75
214.95
217.145
219.337
221.529
223.722
225.919
228.12
230.329
232.548
234.778
237.023
239.285
241.567
243.87
246.198
248.553
250.938
253.354
255.803
258.288
260.81
263.369
265.967
268.604
271.281
273.996
276.75
279.543
282.372
285.238
288.138
291.072
294.037
297.033
300.057
303.108
306.186
309.288
312.414
315.562
318.731
321.92
325.127
328.351
331.59
334.843
338.108
341.383
344.666
347.957
351.252
354.552
357.854
361.158
364.463
367.767
371.072
374.375
377.678
380.98
384.281
387.582
390.882
394.181
397.481
400.781
404.082
407.383
410.685
413.986
417.286
420.585
423.882
427.176
430.466
433.752
437.033
440.31
443.582
446.849
450.112
453.371
456.626
459.877
463.124
466.369
469.61
472.849
476.086
479.322
482.557
485.793
489.031
492.272
495.517
498.769
502.029
505.299
508.581
511.877
515.191
518.526
521.885
525.273
528.693
532.151
535.649
539.192
542.784
546.428
550.128
553.885
557.705
561.589
565.54
569.559
573.649
577.81
582.043
586.349
590.726
595.172
599.685
604.263
608.901
613.593
618.333
623.111
627.922
632.757
637.607
642.461
647.31
652.146
656.961
661.746
666.492
671.186
675.818
680.377
684.854
689.239
693.523
697.695
701.75
705.691
709.514
713.221
716.804
720.249
723.549
726.704
729.717
732.593
735.341
737.979
740.535
743.055
745.583
748.154
750.796
753.518
756.343
759.302
762.43
765.777
769.371
773.214
777.319
781.696
786.32
791.139
796.057
800.922
805.616
810.066
814.187
817.917
821.16
823.778
825.664
826.738
826.911
826.091
824.225
821.335
817.669
813.725
810.064
807.247
805.807
806.273
809.05
814.251
821.468
829.7
837.762
844.599
849.238
850.688
848.248
841.854
832.551
822.718
815.289
813.011
818.871
836.273
868.336
917.831
983.467
1059.088
1139.024
1217.954
1296.736
1382.738
1474.024
1559.832
1619.314
1622.872
1556.879
1426.243
1247.082
1044.901
839.373
640.367
459.402
311.161
205.399
147.465
131.024
135.708
147.004
156.728
162.201
169.372
179.035
188.197
194.613
194.104
185.269
169.597
148.767
125.728
103.725
84.127
67.264
53.095
41.249
31.693
24.181
17.564
10.123
0.684
-11.222
-25.611
-42.223
-61.052
-82.066
-104.816
-128.514
-152.372
-175.831
-198.574
-220.498
-241.476
-261.317
-279.889
-297.106
-312.913
-327.299
-340.265
-351.781
-361.841
-370.505
-377.867
-384.103
-389.439
-394.061
-398.111
-401.69
-404.846
-407.635
-410.113
-412.326
-414.301
-416.053
-417.58
-418.893
-420.011
-420.933
-421.637
-422.073
-422.166
-421.863
-421.133
-419.958
-418.335
-416.263
-413.738
-410.774
-407.395
-403.618
-399.463
-394.939
-390.053
-384.814
-379.241
-373.356
-367.185
-360.751
-354.075
-347.176
-340.076
-332.795
-325.351
-317.76
-310.036
-302.194
-294.253
-286.233
-278.158
-270.049
-261.927
-253.816
-245.738
-237.717
-229.773
-221.927
-214.198
-206.605
-199.166
-191.899
-184.821
-177.946
-171.292
-164.871
-158.699
-152.788
-147.151
-141.798
-136.741
-131.99
-127.554
-123.442
-119.66
-116.216
-113.116
-110.364
-107.966
-105.925
-104.243
-102.923
-101.965
-101.369
-101.134
-101.259
-101.741
-102.577
-103.765
-105.301
-107.183
-109.405
-111.964
-114.856
-118.076
-121.618
-125.48
-129.654
-134.135
-138.919
-143.999
-149.369
-155.022
-160.953
-167.153
-173.615
-180.331
-187.292
-194.49
-201.915
-209.558
-217.409
-225.459
-233.697
-242.112
-250.695
-259.433
-268.315
-277.33
-286.466
-295.71
-305.05
-314.474
-323.969
-333.522
-343.121
-352.753
-362.406
-372.066
-381.721
-391.357
-400.963
-410.524
-420.03
-429.466
-438.822
-448.085
-457.246
-466.292
-475.214
-484.002
-492.647
-501.139
-509.472
-517.636
-525.626
-533.434
-541.056
-548.487
-555.724
-562.762
-569.601
-576.238
-582.672
-588.903
-594.929
-600.753
-606.373
-611.792
-617.01
-622.029
-626.852
-631.481
-635.919
-640.168
-644.232
-648.113
-651.816
-655.343
-658.698
-661.884
-664.905
-667.766
-670.469
-673.019
-675.42
-677.676
-679.79
-681.765
-683.604
-685.311
-686.888
-688.337
-689.661
-690.86
-691.938
-692.896
-693.737
-694.461
-695.071
-695.569
-695.958
-696.239
-696.416
-696.492
-696.469
-696.351
-696.142
-695.847
-695.468
-695.01
-694.478
-693.876
-693.208
-692.478
-691.69
-690.847
-689.954
-689.014
-688.03
-687.006
-685.945
-684.849
-683.722
-682.567
-681.385
-680.179
-678.95
-677.701
-676.432
-675.143
-673.836
-672.508
-671.16
-669.788
-668.392
-666.968
-665.511
-664.017
-662.481
-660.897
-659.258
-657.559
-655.793
-653.951
-652.028
-650.016
-647.908
-645.698
-643.38
-640.948
-638.395
-635.718
-632.912
-629.973
-626.898
-623.685
-620.332
-616.839
-613.205
-609.433
-605.523
-601.48
-597.307
-593.009
-588.594
-584.068
-579.441
-574.722
-569.923
-565.056
-560.135
-555.172
-550.185
-545.189
-540.2
-535.235
-530.313
-525.451
-520.665
-515.975
-511.397
-506.948
-502.645
-498.502
-494.536
-490.76
-487.188
-483.832
-480.704
-477.814
-475.171
-472.784
-470.657
-468.797
-467.207
-465.889
-464.845
-464.073
-463.573
-463.341
-463.373
-463.664
-464.207
-464.995
-466.019
-467.27
-468.738
-470.411
-472.281
-474.335
-476.562
-478.952
-481.496
-484.185
-487.013
-489.974
-493.06
-496.267
-499.589
-503.026
-506.574
-510.229
-513.987
-517.846
-521.802
-525.859
-530.02
-534.285
-538.655
-543.13
-547.711
-552.401
-557.201
-562.107
-567.114
-572.217
-577.414
-582.718
-588.14
-593.687
-599.364
-605.17
-611.098
-617.142
-623.287
-629.499
-635.747
-641.991
-648.199
-654.347
-660.403
-666.345
-672.137
-677.728
-683.074
-688.115
-692.791
-697.071
-700.95
-704.443
-707.637
-710.574
-713.263
-715.89
-718.619
-721.625
-725.168
-729.243
-733.759
-738.956
-745.104
-752.105
-759.852
-767.848
-775.221
-781.783
-787.448
-791.591
-793.597
-793.202
-790.393
-786.263
-782.697
-780.753
-781.262
-785.256
-793.667
-807.172
-825.5
-846.291
-865.738
-880.101
-885.396
-877.595
-852.434
-805.181
-734.455
-644.213
-539.687
-427.164
-308.696
-177.687
-32.878
118.46
259.646
357.546
383.503
326.152
186.774
-10.351
-230.337
-446.346
-631.529
-769.428
-860.16
-906.632
-922.094
-925.089
-923.123
-919.501
-912.423
-895.226
-868.975
-839.123
-810.652
-789.131
-776.211
-770.73
-771.972
-778.209
-787.034
-795.978
-802.736
-806.124
-806.038
-802.572
-795.513
-784.973
-771.646
-756.801
-741.969
-728.062
-715.365
-704.06
-694.441
-686.73
-680.949
-676.794
-673.64
-671.054
-668.86
-666.963
-665.375
-664.121
-663.195
-662.641
-662.547
-662.911
-663.637
-664.565
-665.427
-665.972
-666.015
-665.375
-663.913
-661.517
-658.055
-653.379
-647.298
-639.539
-629.814
-617.888
-603.58
-586.793
-567.5
-545.719
-521.528
-495.044
-466.405
-435.778
-403.308
-369.121
-333.366
-296.212
-257.911
-218.825
-179.314
-139.687
-100.198
-61.021
-22.301
15.829
53.279
89.995
125.963
161.2
195.695
229.402
262.292
294.342
325.625
356.318
386.569
416.487
446.144
475.559
504.757
533.775
562.616
591.249
619.627
647.686
675.401
702.789
729.854
756.601
782.975
808.857
834.166
858.852
882.877
906.219
928.843
950.691
971.734
991.966
1011.369
1029.91
1047.535
1064.167
1079.746
1094.233
1107.607
1119.864
1130.985
1140.931
1149.678
1157.225
1163.589
1168.801
1172.896
1175.91
1177.92
1179.052
1179.437
1179.177
1178.35
1176.98
1175.08
1172.671
1169.758
1166.335
1162.369
1157.766
1152.414
1146.205
1138.997
1130.612
1120.826
1109.342
1095.874
1080.22
1062.228
1041.804
1018.895
993.44
965.423
934.884
901.905
866.626
829.216
789.829
748.661
705.972
662.066
617.317
572.092
526.659
481.24
436.026
391.169
346.832
303.14
260.156
217.923
176.466
135.823
96.063
57.256
19.432
-17.394
-53.236
-88.097
-121.898
-154.521
-185.823
-215.631
-243.766
-270.019
-294.135
-315.842
-334.885
-351.057
-364.202
-374.204
-380.968
-384.395
-384.393
-380.888
-373.848
-363.291
-349.288
-331.943
-311.402
-287.885
-261.67
-233.099
-202.548
-170.356
-136.841
-102.298
-66.998
-31.251
4.603
40.22
75.233
109.293
142.089
173.318
202.703
230.06
255.279
278.33
299.268
318.129
334.946
349.767
362.63
373.632
382.923
390.676
397.102
402.442
406.933
410.842
414.449
417.956
421.509
425.193
429.025
433.028
437.238
441.667
446.326
451.204
456.259
461.451
466.728
472.01
477.203
482.192
486.841
491.064
494.819
498.091
500.905
503.29
505.268
506.883
508.19
509.237
510.076
510.751
511.296
511.759
512.199
512.682
513.28
514.046
515.011
516.198
517.617
519.269
521.153
523.258
525.559
528.039
530.685
533.485
536.434
539.522
542.73
546.043
549.441
552.907
556.426
559.985
563.566
567.158
570.748
574.328
577.891
581.428
584.929
588.383
591.781
595.111
598.364
601.531
604.602
607.57
610.428
613.172
615.797
618.3
620.679
622.933
625.06
627.061
628.935
630.682
632.305
633.803
635.179
636.435
637.574
638.599
639.512
640.318
641.019
641.62
642.124
642.535
642.856
643.091
643.245
643.321
643.324
643.258
643.128
642.939
642.696
642.403
642.066
641.689
641.276
640.833
640.365
639.875
639.369
638.851
638.325
637.795
637.266
636.743
636.229
635.728
635.246
634.788
634.357
633.958
633.597
633.278
633.008
632.79
632.632
632.536
632.51
632.559
632.688
632.902
633.207
633.605
634.102
634.7
635.403
636.214
637.132
638.16
639.298
640.544
641.9
643.363
644.931
646.602
648.375
650.244
652.204
654.248
656.366
658.55
660.787
663.067
665.377
667.702
670.032
672.356
674.664
676.945
679.186
681.374
683.493
685.532
687.477
689.32
691.047
692.65
694.123
695.468
696.686
697.777
698.73
699.526
700.147
700.584
700.829
700.878
700.734
700.397
699.888
699.245
698.506
697.712
696.896
696.077
695.284
694.564
693.976
693.6
693.507
693.748
694.371
695.407
696.86
698.71
700.904
703.356
705.969
708.638
711.238
713.651
715.769
717.498
718.686
719.079
718.461
716.762
714.162
711.07
707.892
704.951
702.698
701.821
702.986
706.454
711.613
717.241
722.216
725.519
726.073
722.62
713.843
700.75
687.681
679.122
677.833
682.005
686.76
692.254
707.15
746.79
823.887
941.35
1088.831
1246.921
1402.836
1548.781
1678.718
1789.605
1867.651
1894.364
1861.934
1766.36
1614.386
1429.036
1230.163
1041.547
890.972
787.449
732.398
716.781
716.103
717.18
715.84
713.06
719.263
737.828
764.62
794.709
821.788
842.857
858.284
868.584
874.188
875.638
873.838
870.195
865.846
861.78
859.01
858.194
860.12
865.294
873.496
884.176
896.685
910.151
923.607
936.452
948.197
958.561
967.615
975.504
982.477
988.89
995.092
1001.169
1006.866
1011.76
1015.519
1017.88
1018.654
1017.946
1015.817
1012.357
1008.101
1003.491
998.414
992.64
985.594
975.937
962.503
944.137
919.161
886.245
844.76
794.282
735.046
668.352
595.502
518.122
438.57
359.151
282.046
209.278
142.258
81.566
27.57
-19.807
-61.281
-97.955
-131.371
-162.951
-193.737
-224.332
-255.052
-286.04
-317.2
-348.044
-377.69
-405.434
-430.823
-453.729
-474.337
-492.837
-509.434
-524.511
-538.589
-552.116
-565.448
-578.727
-591.886
-604.856
-617.564
-629.941
-641.912
-653.373
-664.183
-674.229
-683.454
-691.847
-699.426
-706.171
-712.045
-717.015
-721.07
-724.297
-726.82
-728.748
-730.183
-731.226
-732
-732.687
-733.519
-734.677
-736.287
-738.427
-741.134
-744.469
-748.477
-753.166
-758.494
-764.351
-770.633
-777.27
-784.211
-791.398
-798.747
-806.127
-813.385
-820.411
-827.133
-833.499
-839.473
-845.006
-850.072
-854.683
-858.895
-862.795
-866.445
-869.87
-873.081
-876.085
-878.902
-881.57
-884.125
-886.574
-888.917
-891.157
-893.295
-895.342
-897.295
-899.128
-900.799
-902.255
-903.464
-904.41
-905.087
-905.492
-905.622
-905.476
-905.062
-904.401
-903.51
-902.402
-901.088
-899.576
-897.878
-896.015
-894.009
-891.883
-889.657
-887.349
-884.975
-882.552
-880.094
-877.612
-875.114
-872.605
-870.09
-867.578
-865.075
-862.591
-860.131
-857.702
-855.312
-852.966
-850.67
-848.428
-846.244
-844.117
-842.051
-840.045
-838.1
-836.217
-834.394
-832.633
-830.931
-829.289
-827.705
-826.176
-824.701
-823.277
-821.899
-820.566
-819.273
-818.018
-816.797
-815.608
-814.45
-813.319
-812.217
-811.139
-810.086
-809.055
-808.046
-807.057
-806.086
-805.132
-804.193
-803.268
-802.357
-801.458
-800.572
-799.696
-798.83
-797.973
-797.123
-796.279
-795.438
-794.6
-793.763
-792.925
-792.086
-791.244
-790.399
-789.55
-788.696
-787.837
-786.971
-786.097
-785.212
-784.315
-783.402
-782.471
-781.519
-780.544
-779.541
-778.508
-777.442
-776.337
-775.191
-773.999
-772.758
-771.461
-770.106
-768.688
-767.202
-765.646
-764.015
-762.307
-760.517
-758.644
-756.683
-754.631
-752.486
-750.244
-747.902
-745.457
-742.907
-740.249
-737.481
-734.603
-731.613
-728.511
-725.297
-721.972
-718.536
-714.991
-711.339
-707.581
-703.721
-699.761
-695.706
-691.559
-687.325
-683.009
-678.616
-674.152
-669.623
-665.033
-660.39
-655.699
-650.966
-646.197
-641.398
-636.577
-631.739
-626.893
-622.044
-617.2
-612.367
-607.553
-602.764
-598.005
-593.284
-588.604
-583.973
-579.396
-574.877
-570.421
-566.034
-561.719
-557.481
-553.324
-549.251
-545.266
-541.37
-537.565
-533.853
-530.236
-526.715
-523.289
-519.959
-516.726
-513.589
-510.547
-507.6
-504.745
-501.981
-499.305
-496.714
-494.204
-491.773
-489.414
-487.125
-484.899
-482.733
-480.622
-478.559
-476.538
-474.553
-472.597
-470.662
-468.742
-466.827
-464.909
-462.981
-461.034
-459.06
-457.053
-455.005
-452.908
-450.758
-448.547
-446.271
-443.925
-441.504
-439.004
-436.424
-433.761
-431.014
-428.183
-425.27
-422.278
-419.211
-416.078
-412.886
-409.643
-406.361
-403.05
-399.723
-396.392
-393.066
-389.758
-386.478
-383.24
-380.058
-376.949
-373.927
-371.006
-368.199
-365.518
-362.976
-360.582
-358.335
-356.237
-354.292
-352.507
-350.905
-349.504
-348.318
-347.357
-346.63
-346.137
-345.879
-345.842
-345.989
-346.284
-346.689
-347.172
-347.711
-348.279
-348.834
-349.319
-349.662
-349.792
-349.649
-349.182
-348.345
-347.111
-345.482
-343.496
-341.222
-338.747
-336.168
-333.584
-331.118
-328.909
-327.087
-325.836
-325.398
-325.958
-327.61
-330.272
-333.587
-337.075
-340.251
-342.474
-343.008
-341.295
-337.039
-330.563
-323.059
-316.032
-311.018
-309.605
-313.146
-322.46
-337.681
-357.479
-378.584
-396.782
-407.417
-405.315
-385.571
-344.027
-276.98
-184.46
-71.637
55.576
190.066
327.147
468.812
613.05
750.631
867.37
939.771
946.994
884.205
754.509
571.201
360.719
144.547
-52.967
-203.616
-299.062
-339.932
-337.989
-319.909
-299.378
-280.356
-262.085
-235.53
-199.707
-160.359
-122.291
-91.461
-69.986
-56.361
-49.715
-48.515
-50.492
-53.81
-56.823
-58.109
-57.331
-54.556
-49.399
-41.893
-32.658
-22.446
-12.269
-3.213
4.322
10.228
14.234
16.348
16.742
15.63
13.539
11.136
8.823
6.833
5.334
4.335
3.854
3.945
4.553
5.57
6.913
8.516
10.348
12.418
14.709
17.16
19.697
22.229
24.672
26.981
29.128
31.096
32.878
34.474
35.894
37.17
38.34
39.434
40.471
41.467
42.439
43.411
44.416
45.484
46.643
47.911
49.304
50.834
52.516
54.358
56.362
58.531
60.862
63.356
66.018
68.852
71.857
75.032
78.37
81.865
85.513
89.304
93.228
97.271
101.421
105.665
109.994
114.394
118.847
123.333
127.824
132.299
136.746
141.155
145.524
149.86
154.175
158.493
162.854
167.294
171.849
176.545
181.401
186.439
191.685
197.179
202.967
209.087
215.558
222.384
229.552
237.029
244.768
252.686
260.67
268.61
276.401
283.967
291.269
298.265
304.919
311.186
317.004
322.341
327.202
331.627
335.71
339.577
343.39
347.376
351.82
357.016
363.27
370.833
379.902
390.677
403.345
418.111
435.209
454.82
477.064
502.003
529.598
559.752
592.312
627.01
663.496
701.375
740.2
779.578
819.154
858.524
897.271
934.921
970.923
1004.774
1036.025
1064.257
1089.167
1110.511
1128.09
1141.837
1151.77
1157.946
1160.484
1159.464
1154.939
1147.067
1136.073
1122.267
1106.079
1087.928
1068.219
1047.381
1025.781
1003.75
981.61
959.58
937.831
916.548
895.908
876.146
857.531
840.222
824.295
809.753
796.499
784.43
773.438
763.352
754.006
745.266
737.014
729.204
721.831
714.826
708.079
701.409
694.6
687.52
680.111
672.349
664.26
655.878
647.245
638.478
629.724
621.074
612.568
604.173
595.797
587.413
579.055
570.801
562.746
554.931
547.348
539.982
532.816
525.812
518.914
512.003
504.905
497.523
489.824
481.842
473.683
465.399
456.993
448.459
439.787
430.987
422.09
413.111
404.041
394.902
385.734
376.623
367.702
359.043
350.668
342.558
334.645
326.89
319.285
311.812
304.455
297.199
290.031
282.961
276.025
269.237
262.595
256.077
249.64
243.265
236.957
230.735
224.636
218.684
212.896
207.291
201.895
196.722
191.779
187.062
182.546
178.219
174.076
170.111
166.327
162.719
159.278
155.992
152.85
149.839
146.947
144.161
141.464
138.842
136.284
133.784
131.335
128.934
126.571
124.241
121.937
119.652
117.381
115.115
112.848
110.573
108.284
105.977
103.648
101.292
98.908
96.493
94.046
91.566
89.051
86.503
83.921
81.305
78.656
75.975
73.263
70.52
67.747
64.947
62.121
59.27
56.399
53.509
50.602
47.683
44.754
41.819
38.881
35.943
33.01
30.086
27.176
24.284
21.418
18.581
15.78
13.021
10.311
7.657
5.065
2.541
0.092
-2.276
-4.556
-6.74
-8.822
-10.794
-12.651
-14.383
-15.984
-17.448
-18.769
-19.941
-20.962
-21.827
-22.532
-23.077
-23.461
-23.685
-23.748
-23.653
-23.399
-22.992
-22.437
-21.738
-20.904
-19.943
-18.867
-17.691
-16.431
-15.105
-13.73
-12.324
-10.905
-9.493
-8.109
-6.773
-5.505
-4.324
-3.249
-2.305
-1.518
-0.908
-0.494
-0.288
-0.303
-0.553
-1.049
-1.797
-2.803
-4.073
-5.614
-7.446
-9.582
-12.031
-14.798
-17.88
-21.265
-24.943
-28.89
-33.069
-37.443
-41.974
-46.623
-51.36
-56.136
-60.9
-65.6
-70.188
-74.633
-78.9
-82.936
-86.675
-90.09
-93.208
-96.116
-98.884
-101.516
-104.085
-106.803
-110.056
-114.269
-119.65
-126.156
-133.741
-142.501
-152.352
-162.777
-172.65
-180.582
-185.702
-187.822
-187.019
-183.245
-176.737
-168.6
-161.129
-157.251
-159.132
-167.66
-182.956
-204.908
-232.736
-264.073
-294.494
-318.22
-329.935
-325.267
-300.274
-251.504
-176.239
-76.322
40.883
167.115
294.067
420.815
553.503
691.184
826.588
937.566
989.204
959.014
837.864
642.568
414.746
194.206
16.659
-103.796
-176.169
-215.002
-240.97
-264.844
-285.712
-300.469
-301.938
-288.965
-266.976
-242.036
-221.237
-207.972
-201.666
-201.038
-204.093
-208.932
-214.201
-218.297
-219.759
-218.112
-213.65
-207.09
-199.39
-191.414
-183.869
-177.479
-172.897
-170.393
-169.925
-171.275
-174.095
-178.075
-182.974
-188.517
-194.404
-200.38
-206.194
-211.621
-216.529
-220.809
-224.379
-227.196
-229.23
-230.472
-230.962
-230.761
-229.929
-228.531
-226.621
-224.251
-221.495
-218.436
-215.163
-211.766
-208.302
-204.808
-201.308
-197.814
-194.328
-190.844
-187.338
-183.775
-180.13
-176.384
-172.522
-168.533
-164.4
-160.101
-155.618
-150.933
-146.034
-140.91
-135.553
-129.956
-124.116
-118.034
-111.714
-105.164
-98.387
-91.388
-84.172
-76.745
-69.113
-61.286
-53.274
-45.088
-36.743
-28.255
-19.644
-10.931
-2.138
6.711
15.59
24.475
33.336
42.147
50.877
59.499
67.982
76.294
84.405
92.284
99.9
107.223
114.222
120.868
127.133
132.99
138.414
143.38
147.866
151.852
155.319
158.251
160.634
162.457
163.71
164.388
164.488
164.009
162.956
161.333
159.151
156.421
153.159
149.38
145.105
140.356
135.157
129.533
123.514
117.128
110.407
103.383
96.091
88.564
80.838
72.949
64.931
56.82
48.652
40.462
32.285
24.153
16.1
8.157
0.355
-7.279
-14.716
-21.933
-28.906
-35.616
-42.043
-48.173
-53.993
-59.49
-64.658
-69.491
-73.985
-78.14
-81.956
-85.437
-88.59
-91.42
-93.939
-96.155
-98.083
-99.735
-101.126
-102.272
-103.189
-103.894
-104.406
-104.742
-104.921
-104.961
-104.882
-104.703
-104.442
-104.117
-103.746
-103.346
-102.934
-102.525
-102.134
-101.773
-101.455
-101.191
-100.989
-100.858
-100.805
-100.835
-100.953
-101.16
-101.46
-101.852
-102.336
-102.911
-103.576
-104.327
-105.163
-106.078
-107.071
-108.135
-109.267
-110.462
-111.715
-113.021
-114.374
-115.768
-117.196
-118.654
-120.134
-121.631
-123.137
-124.647
-126.154
-127.653
-129.139
-130.607
-132.051
-133.468
-134.854
-136.206
-137.52
-138.795
-140.028
-141.218
-142.363
-143.463
-144.517
-145.524
-146.483
-147.394
-148.257
-149.07
-149.833
-150.546
-151.208
-151.818
-152.378
-152.887
-153.347
-153.758
-154.122
-154.442
-154.719
-154.958
-155.16
-155.329
-155.47
-155.586
-155.681
-155.759
-155.825
-155.884
-155.94
-155.997
-156.06
-156.132
-156.219
-156.323
-156.448
-156.599
-156.777
-156.987
-157.231
-157.513
-157.837
-158.204
-158.617
-159.079
-159.59
-160.151
-160.763
-161.424
-162.133
-162.888
-163.686
-164.523
-165.395
-166.296
-167.221
-168.164
-169.117
-170.072
-171.021
-171.957
-172.869
-173.749
-174.588
-175.378
-176.111
-176.778
-177.372
-177.887
-178.315
-178.651
-178.888
-179.022
-179.049
-178.963
-178.763
-178.446
-178.011
-177.458
-176.789
-176.006
-175.111
-174.11
-173.005
-171.804
-170.513
-169.14
-167.693
-166.181
-164.615
-163.006
-161.365
-159.704
-158.035
-156.371
-154.723
-153.103
-151.521
-149.988
-148.512
-147.102
-145.766
-144.509
-143.338
-142.258
-141.27
-140.378
-139.582
-138.88
-138.272
-137.752
-137.315
-136.957
-136.668
-136.443
-136.273
-136.147
-136.056
-135.99
-135.937
-135.886
-135.824
-135.738
-135.615
-135.443
-135.209
-134.901
-134.509
-134.021
-133.43
-132.732
-131.924
-131.004
-129.972
-128.83
-127.582
-126.232
-124.788
-123.251
-121.627
-119.924
-118.151
-116.323
-114.455
-112.559
-110.652
-108.747
-106.859
-105.008
-103.204
-101.454
-99.765
-98.151
-96.632
-95.246
-94.026
-92.995
-92.178
-91.589
-91.24
-91.137
-91.271
-91.604
-92.1
-92.719
-93.426
-94.211
-95.049
-95.896
-96.7
-97.38
-97.863
-98.105
-98.068
-97.73
-97.096
-96.197
-95.102
-93.932
-92.826
-91.929
-91.395
-91.361
-91.973
-93.363
-95.716
-99.311
-104.324
-110.767
-118.467
-126.966
-135.735
-144.305
-152.034
-158.045
-161.709
-162.786
-161.666
-159.637
-158.155
-158.45
-161.796
-169.435
-182.025
-199.267
-219.425
-239.109
-254.02
-259.551
-251.039
-223.455
-173.554
-101.954
-11.136
94.72
212.827
346.539
497.611
659.546
817.909
945.499
1012.942
1005.327
919.483
769.722
585.152
391.377
213.188
67.28
-45.004
-126.832
-187.994
-237.935
-277.786
-305.5
-315.578
-304.954
-277.131
-238.52
-196.988
-158.451
-125.363
-98.708
-79.091
-66.903
-61.715
-62.324
-67.073
-74.061
-82.088
-90.263
-97.132
-101.555
-103.15
-101.867
-98.18
-92.903
-86.495
-79.522
-73.006
-67.654
-63.801
-61.599
-60.794
-61.006
-61.976
-63.298
-64.44
-65.076
-65.019
-64.195
-62.695
-60.592
-57.912
-54.738
-51.169
-47.276
-43.113
-38.711
-34.084
-29.274
-24.371
-19.466
-14.638
-9.934
-5.364
-0.928
3.38
7.572
11.654
15.641
19.556
23.415
27.218
30.969
34.661
38.297
41.939
45.646
49.475
53.482
57.684
62.099
66.751
71.658
76.845
82.334
88.126
94.229
100.682
107.523
114.799
122.546
130.719
139.262
148.122
157.239
166.574
176.084
185.707
195.396
205.127
214.888
224.688
234.518
244.319
254.023
263.552
272.846
281.911
290.758
299.4
307.855
316.132
324.27
332.3
340.213
347.949
355.4
362.432
368.947
374.89
380.226
384.93
388.96
392.245
394.733
396.359
397.058
396.754
395.332
392.703
388.846
383.799
377.666
370.596
362.7
354.064
344.776
334.906
324.538
313.759
302.632
291.227
279.633
267.96
256.356
244.956
233.836
223.038
212.556
202.349
192.403
182.715
173.272
164.079
155.144
146.474
138.106
130.075
122.396
115.067
108.064
101.359
94.952
88.852
83.082
77.68
72.669
68.067
63.897
60.17
56.886
54.041
51.612
49.569
47.889
46.554
45.55
44.862
44.472
44.357
44.491
44.848
45.4
46.121
46.981
47.951
49.007
50.127
51.294
52.493
53.708
54.924
56.128
57.304
58.441
59.525
60.545
61.488
62.346
63.11
63.773
64.332
64.781
65.118
65.342
65.451
65.446
65.327
65.098
64.759
64.315
63.77
63.128
62.394
61.575
60.676
59.703
58.662
57.56
56.402
55.194
53.942
52.652
51.329
49.978
48.604
47.212
45.807
44.394
42.978
41.564
40.155
38.756
37.371
36.004
34.658
33.336
32.043
30.779
29.548
28.351
27.19
26.065
24.978
23.927
22.914
21.937
20.995
20.087
19.213
18.371
17.56
16.778
16.023
15.295
14.591
13.908
13.246
12.602
11.974
11.36
10.757
10.163
9.577
8.994
8.413
7.83
7.243
6.649
6.044
5.427
4.795
4.146
3.478
2.79
2.083
1.354
0.606
-0.162
-0.949
-1.755
-2.578
-3.417
-4.27
-5.138
-6.016
-6.904
-7.801
-8.703
-9.609
-10.516
-11.424
-12.329
-13.231
-14.126
-15.014
-15.891
-16.757
-17.608
-18.442
-19.259
-20.055
-20.828
-21.579
-22.306
-23.008
-23.687
-24.343
-24.977
-25.591
-26.187
-26.767
-27.333
-27.889
-28.435
-28.975
-29.511
-30.046
-30.581
-31.119
-31.661
-32.21
-32.766
-33.332
-33.908
-34.493
-35.089
-35.695
-36.311
-36.937
-37.57
-38.209
-38.852
-39.498
-40.143
-40.785
-41.419
-42.041
-42.644
-43.223
-43.771
-44.282
-44.746
-45.157
-45.507
-45.787
-45.992
-46.113
-46.145
-46.08
-45.914
-45.64
-45.256
-44.757
-44.141
-43.406
-42.552
-41.58
-40.49
-39.286
-37.971
-36.551
-35.035
-33.433
-31.754
-30.011
-28.219
-26.39
-24.541
-22.688
-20.844
-19.024
-17.241
-15.513
-13.86
-12.299
-10.848
-9.524
-8.342
-7.315
-6.46
-5.785
-5.292
-4.983
-4.863
-4.944
-5.251
-5.804
-6.614
-7.693
-9.044
-10.666
-12.554
-14.69
-17.033
-19.541
-22.173
-24.897
-27.694
-30.537
-33.38
-36.161
-38.799
-41.217
-43.356
-45.164
-46.606
-47.673
-48.384
-48.792
-48.98
-49.048
-49.102
-49.249
-49.588
-50.209
-51.184
-52.67
-54.934
-58.178
-62.471
-67.691
-73.482
-79.451
-85.254
-90.354
-93.962
-95.394
-94.414
-91.443
-87.449
-83.769
-81.716
-82.563
-88.187
-98.833
-112.099
-125.236
-134.737
-141.179
-150.332
-162.764
-173.706
-168.536
-125.038
-35.158
97.276
256.38
417.016
570.455
716.183
851.739
974.448
1064.562
1095.024
1053.302
937.747
762.13
555.309
340.567
138.07
-31.81
-159.999
-240.482
-271.78
-265.334
-232.145
-184.917
-140.07
-105.512
-87.855
-88.235
-96.838
-106.527
-110.821
-107.568
-103.014
-100.56
-101.273
-104.047
-104.55
-101.105
-94.278
-85.056
-75.109
-65.436
-56.472
-48.912
-43.219
-39.47
-37.527
-37.054
-37.749
-39.409
-41.834
-44.773
-47.963
-51.185
-54.24
-56.958
-59.207
-60.877
-61.895
-62.231
-61.875
-60.838
-59.171
-56.943
-54.222
-51.079
-47.574
-43.762
-39.722
-35.537
-31.299
-27.098
-22.995
-19.027
-15.221
-11.588
-8.129
-4.834
-1.676
1.384
4.376
7.325
10.251
13.173
16.117
19.114
22.192
25.376
28.69
32.154
35.787
39.605
43.621
47.843
52.276
56.923
61.787
66.871
72.18
77.715
83.475
89.456
95.656
102.066
108.677
115.476
122.446
129.568
136.821
144.183
151.629
159.13
166.657
174.18
181.666
189.081
196.392
203.561
210.552
217.329
223.856
230.097
236.017
241.581
246.757
251.514
255.822
259.655
262.988
265.798
268.065
269.771
270.904
271.451
271.405
270.76
269.515
267.671
265.235
262.213
258.619
254.467
249.774
244.561
238.851
232.67
226.046
219.008
211.589
203.823
195.744
187.389
178.794
169.996
161.034
151.945
142.766
133.532
124.279
115.042
105.854
96.744
87.745
78.882
70.181
61.668
53.362
45.283
37.448
29.872
22.565
15.539
8.799
2.352
-3.799
-9.655
-15.216
-20.486
-25.468
-30.171
-34.601
-38.77
-42.687
-46.364
-49.816
-53.054
-56.094
-58.949
-61.635
-64.165
-66.553
-68.813
-70.96
-73.004
-74.96
-76.838
-78.648
-80.401
-82.105
-83.769
-85.399
-87.001
-88.579
-90.137
-91.68
-93.208
-94.723
-96.227
-97.719
-99.199
-100.668
-102.123
-103.563
-104.986
-106.391
-107.776
-109.139
-110.477
-111.79
-113.076
-114.334
-115.565
-116.768
-117.944
-119.093
-120.219
-121.322
-122.405
-123.472
-124.526
-125.571
-126.613
-127.655
-128.704
-129.766
-130.847
-131.953
-133.09
-134.265
-135.484
-136.752
-138.077
-139.462
-140.913
-142.435
-144.031
-145.706
-147.462
-149.301
-151.225
-153.234
-155.327
-157.502
-159.758
-162.091
-164.496
-166.969
-169.503
-172.092
-174.729
-177.405
-180.111
-182.839
-185.577
-188.316
-191.044
-193.75
-196.423
-199.05
-201.621
-204.123
-206.544
-208.874
-211.102
-213.217
-215.208
-217.067
-218.783
-220.349
-221.758
-223.003
-224.077
-224.978
-225.702
-226.246
-226.609
-226.791
-226.794
-226.62
-226.271
-225.752
-225.069
-224.227
-223.233
-222.097
-220.826
-219.43
-217.921
-216.308
-214.603
-212.819
-210.966
-209.059
-207.109
-205.13
-203.134
-201.133
-199.141
-197.17
-195.231
-193.335
-191.494
-189.717
-188.013
-186.392
-184.86
-183.425
-182.092
-180.865
-179.748
-178.744
-177.854
-177.08
-176.42
-175.873
-175.437
-175.108
-174.882
-174.752
-174.713
-174.757
-174.876
-175.061
-175.302
-175.589
-175.911
-176.256
-176.614
-176.972
-177.318
-177.641
-177.928
-178.167
-178.347
-178.456
-178.482
-178.414
-178.242
-177.955
-177.545
-177.003
-176.321
-175.492
-174.509
-173.366
-172.059
-170.584
-168.938
-167.118
-165.124
-162.956
-160.616
-158.109
-155.437
-152.607
-149.626
-146.503
-143.247
-139.87
-136.382
-132.796
-129.126
-125.388
-121.597
-117.769
-113.924
-110.081
-106.264
-102.496
-98.801
-95.202
-91.723
-88.39
-85.23
-82.269
-79.529
-77.029
-74.792
-72.838
-71.194
-69.88
-68.912
-68.305
-68.068
-68.211
-68.75
-69.692
-71.034
-72.773
-74.899
-77.413
-80.333
-83.669
-87.423
-91.593
-96.164
-101.12
-106.454
-112.137
-118.127
-124.368
-130.799
-137.365
-144.019
-150.723
-157.435
-164.097
-170.638
-176.968
-182.985
-188.619
-193.829
-198.597
-202.971
-206.975
-210.573
-213.904
-217.247
-220.872
-225.127
-230.137
-235.66
-241.727
-248.708
-256.59
-265.074
-273.561
-280.85
-286.363
-290.471
-293.105
-293.692
-292.062
-288.385
-283.835
-280.996
-281.609
-285.809
-293.877
-306.587
-324.518
-347.657
-372.539
-392.009
-399.859
-393.108
-374.262
-348.422
-315.793
-270.897
-202.852
-100.43
37.934
205.132
389.733
575.818
748.339
893.274
989.144
1015.472
961.241
824.261
623.731
392.571
161.184
-41.488
-200.374
-315.222
-388.361
-426.695
-437.505
-423.106
-389.605
-347.36
-304.8
-272.409
-253.954
-242.872
-234.353
-222.822
-207.453
-195.732
-191.424
-195.749
-207.487
-220.704
-231.608
-239.098
-242.357
-241.895
-238.388
-232.063
-223.763
-214.895
-206.738
-200.088
-195.469
-193.022
-192.592
-194.037
-197.045
-201.058
-205.469
-209.804
-213.71
-217.013
-219.69
-221.702
-223.034
-223.705
-223.756
-223.25
-222.241
-220.767
-218.847
-216.511
-213.807
-210.81
-207.611
-204.301
-200.968
-197.669
-194.44
-191.306
-188.279
-185.365
-182.564
-179.855
-177.213
-174.616
-172.045
-169.482
-166.913
-164.309
-161.634
-158.85
-155.916
-152.8
-149.488
-145.969
-142.237
-138.298
-134.16
-129.849
-125.403
-120.855
-116.228
-111.535
-106.777
-101.961
-97.108
-92.246
-87.408
-82.622
-77.888
-73.199
-68.546
-63.899
-59.208
-54.391
-49.33
-43.923
-38.108
-31.859
-25.182
-18.083
-10.553
-2.591
5.803
14.614
23.805
33.334
43.158
53.195
63.312
73.315
82.948
91.973
100.22
107.567
113.933
119.236
123.388
126.328
128.021
128.449
127.604
125.433
121.861
116.853
110.454
102.816
94.209
84.884
74.98
64.688
54.316
44.316
35.187
27.203
20.362
14.629
10.218
7.366
6.116
6.148
6.949
8.422
11.129
15.941
23.423
33.949
47.993
66.359
90.106
119.716
154.604
193.487
235.251
279.032
324.01
369.196
413.268
455.257
495.076
533.261
570.275
606.319
641.392
675.474
708.812
741.594
773.688
804.767
834.59
863.151
890.662
917.388
943.477
969.066
994.333
1019.401
1044.261
1068.689
1092.383
1115.177
1137.129
1158.355
1178.765
1198.263
1216.905
1235.002
1252.933
1270.62
1287.285
1301.83
1313.516
1321.765
1325.914
1324.994
1317.773
1303.675
1283.201
1257.5
1227.525
1194.002
1157.625
1119.351
1080.561
1042.241
1004.57
967.181
929.774
892.357
855.13
818.287
781.774
745.579
709.969
675.438
642.43
611.138
581.539
553.47
526.784
501.377
477.097
453.713
430.968
408.66
386.659
364.883
343.253
321.663
300.019
278.263
256.391
234.451
212.504
190.623
168.891
147.401
126.268
105.644
85.693
66.532
48.248
30.917
14.624
-0.538
-14.509
-27.302
-38.998
-49.686
-59.434
-68.288
-76.283
-83.476
-89.955
-95.828
-101.2
-106.14
-110.713
-114.996
-119.095
-123.128
-127.155
-131.156
-135.043
-138.735
-142.191
-145.393
-148.334
-150.981
-153.288
-155.217
-156.746
-157.874
-158.58
-158.82
-158.516
-157.584
-155.989
-153.751
-150.936
-147.601
-143.774
-139.474
-134.718
-129.542
-123.979
-118.046
-111.736
-105.04
-97.968
-90.552
-82.845
-74.9
-66.752
-58.413
-49.881
-41.165
-32.283
-23.257
-14.104
-4.84
4.514
13.923
23.335
32.7
41.975
51.126
60.123
68.935
77.523
85.852
93.884
101.584
108.92
115.857
122.362
128.401
133.945
138.972
143.465
147.408
150.786
153.588
155.805
157.431
158.464
158.902
158.746
158
156.672
154.773
152.318
149.324
145.811
141.801
137.32
132.395
127.054
121.326
115.241
108.831
102.129
95.166
87.975
80.588
73.037
65.356
57.576
49.728
41.842
33.948
26.071
18.237
10.47
2.787
-4.795
-12.26
-19.599
-26.798
-33.851
-40.751
-47.492
-54.068
-60.477
-66.716
-72.787
-78.697
-84.454
-90.065
-95.54
-100.889
-106.121
-111.25
-116.286
-121.231
-126.088
-130.868
-135.585
-140.271
-144.956
-149.656
-154.388
-159.165
-163.992
-168.874
-173.799
-178.728
-183.624
-188.449
-193.17
-197.777
-202.252
-206.555
-210.634
-214.419
-217.847
-220.888
-223.52
-225.72
-227.486
-228.855
-229.903
-230.76
-231.571
-232.461
-233.553
-234.981
-236.904
-239.465
-242.831
-247.217
-252.764
-259.51
-267.367
-275.979
-284.837
-293.489
-301.389
-307.821
-312.247
-314.351
-314.237
-312.879
-311.656
-311.658
-313.757
-319.063
-328.477
-342.168
-359.571
-376.911
-387.748
-388.798
-378.109
-355.72
-325.817
-283.954
-221.884
-136.034
-20.453
118.021
264.27
413.144
555.382
684.157
795.43
866.698
875.661
810.359
664.825
458.897
227.075
-0.688
-193.453
-335.522
-428.537
-476.611
-492.484
-487.595
-467.916
-442.574
-416.478
-394.706
-380.401
-368.573
-356.03
-339.58
-319.357
-302.93
-294.649
-296.059
-306.103
-319.296
-331.995
-342.645
-350.113
-354.316
-355.157
-352.43
-346.748
-339.277
-331.184
-323.617
-317.315
-312.689
-309.996
-309.234
-310.195
-312.492
-315.591
-318.889
-321.953
-324.498
-326.353
-327.496
-327.914
-327.6
-326.606
-325.01
-322.882
-320.285
-317.257
-313.813
-309.988
-305.841
-301.448
-296.9
-292.283
-287.669
-283.111
-278.641
-274.283
-270.05
-265.943
-261.954
-258.065
-254.25
-250.492
-246.775
-243.082
-239.394
-235.686
-231.927
-228.091
-224.151
-220.087
-215.881
-211.514
-206.97
-202.237
-197.305
-192.168
-186.824
-181.267
-175.493
-169.501
-163.292
-156.87
-150.24
-143.408
-136.38
-129.167
-121.78
-114.23
-106.534
-98.708
-90.77
-82.745
-74.658
-66.539
-58.419
-50.332
-42.31
-34.387
-26.595
-18.969
-11.537
-4.328
2.626
9.295
15.642
21.627
27.217
32.387
37.119
41.403
45.241
48.644
51.629
54.218
56.424
58.254
59.701
60.744
61.364
61.541
61.27
60.567
59.446
57.917
55.988
53.66
50.916
47.728
44.055
39.85
35.087
29.775
23.956
17.712
11.147
4.385
-2.472
-9.344
-16.159
-22.85
-29.349
-35.586
-41.474
-46.912
-51.781
-55.941
-59.284
-61.74
-63.29
-63.965
-63.837
-63.013
-61.586
-59.63
-57.208
-54.37
-51.161
-47.625
-43.818
-39.801
-35.661
-31.511
-27.446
-23.541
-19.834
-16.325
-12.984
-9.749
-6.57
-3.406
-0.232
2.961
6.173
9.397
12.622
15.834
19.036
22.248
25.487
28.767
32.085
35.421
38.744
42.007
45.17
48.193
51.047
53.714
56.181
58.446
60.511
62.387
64.079
65.587
66.91
68.045
68.993
69.761
70.357
70.79
71.074
71.222
71.244
71.152
70.954
70.654
70.257
69.764
69.175
68.494
67.723
66.868
65.933
64.923
63.843
62.7
61.498
60.24
58.931
57.573
56.169
54.721
53.231
51.7
50.132
48.526
46.885
45.209
43.501
41.76
39.988
38.185
36.352
34.49
32.6
30.682
28.74
26.773
24.785
22.779
20.757
18.722
16.678
14.628
12.575
10.522
8.473
6.431
4.4
2.382
0.381
-1.597
-3.551
-5.474
-7.365
-9.217
-11.029
-12.795
-14.511
-16.175
-17.781
-19.326
-20.807
-22.219
-23.558
-24.822
-26.008
-27.112
-28.132
-29.067
-29.916
-30.678
-31.353
-31.941
-32.443
-32.861
-33.195
-33.45
-33.626
-33.729
-33.761
-33.726
-33.631
-33.479
-33.276
-33.029
-32.743
-32.424
-32.081
-31.718
-31.343
-30.965
-30.589
-30.225
-29.88
-29.561
-29.278
-29.037
-28.847
-28.714
-28.645
-28.646
-28.722
-28.878
-29.119
-29.447
-29.865
-30.374
-30.976
-31.671
-32.458
-33.335
-34.3
-35.348
-36.477
-37.681
-38.953
-40.286
-41.674
-43.107
-44.577
-46.075
-47.592
-49.117
-50.638
-52.145
-53.627
-55.07
-56.464
-57.795
-59.051
-60.222
-61.296
-62.265
-63.118
-63.846
-64.443
-64.903
-65.222
-65.394
-65.417
-65.29
-65.012
-64.585
-64.011
-63.296
-62.445
-61.466
-60.372
-59.176
-57.893
-56.537
-55.125
-53.676
-52.205
-50.734
-49.277
-47.852
-46.475
-45.166
-43.944
-42.831
-41.846
-41.004
-40.321
-39.807
-39.475
-39.333
-39.38
-39.621
-40.058
-40.697
-41.557
-42.653
-43.993
-45.583
-47.423
-49.501
-51.805
-54.31
-56.974
-59.755
-62.613
-65.504
-68.407
-71.282
-74.072
-76.729
-79.178
-81.356
-83.222
-84.708
-85.761
-86.376
-86.565
-86.38
-85.936
-85.269
-84.412
-83.578
-82.953
-82.748
-83.213
-84.384
-86.311
-89.242
-93.273
-98.017
-102.909
-107.113
-109.732
-110.515
-109.169
-105.17
-98.493
-90.007
-81.242
-74.398
-71.622
-73.807
-81.632
-95.699
-115.46
-138.81
-162.05
-180.087
-187.804
-181.144
-156.024
-108.573
-36.001
60.174
173.328
295.643
418.688
541.099
669.028
800.933
929.128
1033.998
1081.76
1054.035
947.965
776.284
573.24
364.195
165.63
-9.937
-158.687
-268.904
-327.487
-327.544
-274.001
-189.556
-103.662
-46.029
-30.131
-49.196
-86.483
-118.492
-132.6
-130.2
-117.945
-106.722
-101.395
-99.691
-98.663
-95.023
-87.868
-78.781
-69.098
-59.785
-51.568
-44.84
-39.803
-36.503
-34.775
-34.306
-34.873
-36.343
-38.515
-41.15
-44.015
-46.868
-49.517
-51.812
-53.615
-54.822
-55.364
-55.213
-54.368
-52.855
-50.726
-48.043
-44.875
-41.283
-37.33
-33.076
-28.595
-23.973
-19.295
-14.645
-10.081
-5.639
-1.341
2.806
6.805
10.672
14.434
18.131
21.793
25.445
29.109
32.807
36.563
40.408
44.369
48.474
52.747
57.207
61.875
66.767
71.894
77.268
82.891
88.767
94.899
101.289
107.937
114.845
122.008
129.42
137.073
144.956
153.055
161.353
169.833
178.47
187.24
196.116
205.07
214.071
223.088
232.08
241.011
249.84
258.527
267.033
275.32
283.344
291.067
298.447
305.449
312.039
318.182
323.837
328.965
333.526
337.494
340.862
343.615
345.74
347.228
348.073
348.278
347.86
346.819
345.139
342.811
339.82
336.176
331.91
327.052
321.636
315.683
309.189
302.171
294.666
286.692
278.265
269.392
260.06
250.31
240.238
229.93
219.475
208.936
198.341
187.731
177.159
166.678
156.362
146.259
136.394
126.82
117.61
108.84
100.607
92.936
85.77
79.071
72.802
66.941
61.501
56.469
51.807
47.494
43.504
39.825
36.457
33.37
30.499
27.78
25.134
22.532
20.008
17.575
15.236
12.99
10.813
8.698
6.658
4.684
2.749
0.828
-1.113
-3.087
-5.08
-7.085
-9.089
-11.1
-13.151
-15.262
-17.447
-19.718
-22.08
-24.546
-27.135
-29.848
-32.674
-35.6
-38.612
-41.703
-44.872
-48.115
-51.423
-54.788
-58.194
-61.631
-65.088
-68.554
-72.014
-75.455
-78.863
-82.226
-85.539
-88.796
-91.991
-95.117
-98.168
-101.139
-104.028
-106.832
-109.545
-112.164
-114.688
-117.113
-119.439
-121.667
-123.796
-125.827
-127.762
-129.602
-131.35
-133.008
-134.578
-136.064
-137.469
-138.795
-140.046
-141.224
-142.333
-143.375
-144.354
-145.271
-146.129
-146.93
-147.676
-148.366
-149.001
-149.582
-150.107
-150.576
-150.986
-151.337
-151.627
-151.856
-152.021
-152.121
-152.156
-152.124
-152.023
-151.853
-151.612
-151.3
-150.916
-150.459
-149.93
-149.327
-148.652
-147.905
-147.086
-146.197
-145.238
-144.21
-143.116
-141.957
-140.734
-139.45
-138.109
-136.713
-135.266
-133.773
-132.237
-130.665
-129.06
-127.428
-125.773
-124.102
-122.418
-120.726
-119.031
-117.338
-115.65
-113.971
-112.306
-110.657
-109.028
-107.422
-105.841
-104.289
-102.768
-101.279
-99.826
-98.41
-97.034
-95.699
-94.409
-93.166
-91.97
-90.825
-89.731
-88.689
-87.701
-86.766
-85.884
-85.055
-84.279
-83.555
-82.882
-82.258
-81.684
-81.158
-80.679
-80.246
-79.859
-79.516
-79.216
-78.96
-78.745
-78.57
-78.435
-78.337
-78.274
-78.245
-78.246
-78.275
-78.328
-78.401
-78.489
-78.588
-78.692
-78.795
-78.892
-78.978
-79.045
-79.089
-79.106
-79.089
-79.035
-78.938
-78.795
-78.602
-78.355
-78.051
-77.688
-77.261
-76.77
-76.212
-75.585
-74.89
-74.126
-73.295
-72.4
-71.449
-70.445
-69.397
-68.314
-67.206
-66.082
-64.954
-63.828
-62.713
-61.618
-60.553
-59.532
-58.567
-57.67
-56.851
-56.12
-55.487
-54.961
-54.548
-54.243
-54.046
-53.96
-53.994
-54.173
-54.516
-55.038
-55.751
-56.659
-57.764
-59.065
-60.542
-62.154
-63.859
-65.614
-67.383
-69.148
-70.879
-72.529
-74.035
-75.316
-76.298
-76.928
-77.158
-76.958
-76.329
-75.304
-73.953
-72.385
-70.719
-69.087
-67.64
-66.523
-65.867
-65.789
-66.458
-68.141
-71.071
-75.324
-80.704
-86.779
-93.088
-99.225
-104.664
-108.616
-110.311
-109.429
-106.568
-102.961
-99.825
-98.375
-99.852
-105.705
-117.484
-134.112
-151.105
-164.105
-170.074
-170.532
-170.01
-166.774
-150.923
-106.775
-21.866
104.569
260.102
425.546
590.746
751.709
905.12
1045.133
1147.116
1181.304
1130.61
990.284
781.582
540.821
299.575
87.059
-80.813
-199.992
-269.367
-297.874
-296.342
-275.529
-249.079
-221.941
-196.783
-176.052
-155.043
-133.682
-113.328
-92.699
-76.699
-68.329
-67.054
-73.029
-82.691
-92.172
-99.877
-104.768
-106.765
-105.885
-102.035
-95.57
-87.247
-78.338
-70.156
-63.306
-58.083
-54.743
-53.237
-53.449
-55.164
-57.799
-60.678
-63.376
-65.581
-67.111
-67.952
-68.064
-67.406
-66.034
-64.029
-61.468
-58.429
-54.953
-51.049
-46.76
-42.142
-37.273
-32.248
-27.153
-22.068
-17.044
-12.113
-7.298
-2.607
1.958
6.403
10.747
15.017
19.232
23.41
27.57
31.731
35.925
40.187
44.551
49.049
53.708
58.547
63.58
68.821
74.285
79.988
85.947
92.171
98.661
105.417
112.434
119.706
127.215
134.927
142.792
150.759
158.794
166.875
175
183.154
191.324
199.49
207.635
215.761
223.879
231.988
240.076
248.136
256.175
264.235
272.393
280.703
289.177
297.788
306.479
315.194
323.868
332.418
340.734
348.666
356.075
362.853
368.92
374.196
378.578
381.921
384.049
384.825
384.17
382.053
378.475
373.443
366.993
359.207
350.222
340.222
329.368
317.778
305.547
292.77
279.566
266.091
252.52
238.988
225.598
212.433
199.558
187.043
174.929
163.212
151.847
140.756
129.891
119.239
108.806
98.599
88.612
78.828
69.225
59.809
50.592
41.58
32.779
24.189
15.822
7.712
-0.089
-7.524
-14.555
-21.163
-27.337
-33.075
-38.372
-43.229
-47.657
-51.676
-55.308
-58.569
-61.474
-64.034
-66.269
-68.203
-69.866
-71.288
-72.493
-73.504
-74.344
-75.034
-75.594
-76.041
-76.386
-76.641
-76.816
-76.923
-76.976
-76.985
-76.962
-76.915
-76.855
-76.79
-76.726
-76.671
-76.627
-76.598
-76.586
-76.593
-76.618
-76.663
-76.726
-76.805
-76.898
-77.004
-77.118
-77.239
-77.361
-77.481
-77.597
-77.704
-77.799
-77.88
-77.944
-77.988
-78.012
-78.014
-77.994
-77.952
-77.887
-77.799
-77.69
-77.56
-77.408
-77.237
-77.046
-76.837
-76.611
-76.368
-76.11
-75.837
-75.55
-75.251
-74.94
-74.619
-74.289
-73.95
-73.604
-73.251
-72.893
-72.53
-72.161
-71.788
-71.411
-71.028
-70.64
-70.245
-69.842
-69.43
-69.006
-68.569
-68.117
-67.648
-67.16
-66.65
-66.116
-65.558
-64.973
-64.361
-63.722
-63.054
-62.359
-61.637
-60.889
-60.117
-59.32
-58.501
-57.662
-56.805
-55.931
-55.042
-54.14
-53.228
-52.308
-51.383
-50.454
-49.525
-48.598
-47.677
-46.762
-45.859
-44.968
-44.093
-43.237
-42.402
-41.59
-40.803
-40.043
-39.312
-38.609
-37.936
-37.293
-36.68
-36.095
-35.538
-35.006
-34.499
-34.015
-33.551
-33.105
-32.677
-32.262
-31.862
-31.472
-31.093
-30.723
-30.361
-30.006
-29.657
-29.314
-28.977
-28.646
-28.322
-28.004
-27.695
-27.395
-27.106
-26.831
-26.57
-26.327
-26.103
-25.902
-25.726
-25.577
-25.46
-25.377
-25.333
-25.33
-25.373
-25.464
-25.607
-25.803
-26.057
-26.368
-26.738
-27.166
-27.653
-28.197
-28.798
-29.453
-30.159
-30.913
-31.71
-32.547
-33.417
-34.314
-35.232
-36.162
-37.097
-38.028
-38.948
-39.849
-40.722
-41.559
-42.354
-43.098
-43.786
-44.409
-44.963
-45.439
-45.835
-46.144
-46.365
-46.495
-46.534
-46.482
-46.345
-46.129
-45.84
-45.488
-45.081
-44.632
-44.153
-43.655
-43.148
-42.644
-42.156
-41.698
-41.287
-40.941
-40.674
-40.505
-40.448
-40.517
-40.73
-41.098
-41.623
-42.312
-43.172
-44.215
-45.467
-46.95
-48.677
-50.66
-52.904
-55.409
-58.173
-61.176
-64.378
-67.735
-71.201
-74.736
-78.312
-81.895
-85.438
-88.879
-92.141
-95.152
-97.855
-100.207
-102.174
-103.737
-104.906
-105.728
-106.293
-106.714
-107.115
-107.616
-108.347
-109.457
-111.079
-113.391
-116.631
-120.945
-126.383
-132.858
-140.038
-147.504
-154.851
-161.493
-166.719
-170.031
-171.103
-170.052
-167.732
-165.19
-163.475
-163.806
-167.226
-174.271
-185.105
-198.909
-213.346
-225.235
-230.888
-226.35
-207.81
-171.807
-115.24
-35.893
64.199
178.501
299.567
419.272
536.542
658.306
785.51
912.74
1019.212
1069.18
1038.98
919.953
726.772
498.581
271.335
73.562
-77.944
-184.323
-251.717
-286.341
-298.08
-293.274
-273.402
-245.494
-212.821
-177.835
-148.766
-124.165
-102.968
-86.224
-70.069
-57.906
-52.791
-53.783
-61.259
-72.084
-82.851
-92.43
-99.646
-103.946
-105.392
-103.993
-100.195
-94.896
-89.032
-83.585
-79.206
-76.305
-75.105
-75.511
-77.286
-80.053
-83.275
-86.355
-88.916
-90.746
-91.739
-91.947
-91.403
-90.125
-88.213
-85.786
-82.927
-79.702
-76.143
-72.254
-68.089
-63.727
-59.254
-54.769
-50.335
-45.985
-41.746
-37.632
-33.648
-29.799
-26.072
-22.444
-18.899
-15.424
-12.006
-8.635
-5.289
-1.938
1.452
4.917
8.487
12.183
16.022
20.021
24.197
28.571
33.164
37.989
43.051
48.356
53.906
59.703
65.736
71.979
78.389
84.924
91.554
98.266
105.06
111.93
118.868
125.863
132.904
140.001
147.171
154.415
161.726
169.1
176.547
184.109
191.864
199.866
208.13
216.633
225.32
234.14
243.028
251.899
260.641
269.102
277.141
284.65
291.544
297.74
303.132
307.575
310.888
312.934
313.625
312.918
310.804
307.277
302.366
296.141
288.732
280.313
271.035
261.009
250.324
239.065
227.344
215.308
203.122
190.914
178.783
166.809
155.059
143.602
132.477
121.682
111.17
100.866
90.723
80.73
70.892
61.22
51.712
42.354
33.134
24.062
15.155
6.425
-2.115
-10.462
-18.595
-26.474
-34.041
-41.231
-47.999
-54.317
-60.169
-65.542
-70.428
-74.819
-78.72
-82.149
-85.119
-87.643
-89.73
-91.39
-92.638
-93.498
-93.996
-94.162
-94.021
-93.597
-92.915
-92
-90.874
-89.558
-88.072
-86.431
-84.652
-82.757
-80.765
-78.697
-76.572
-74.409
-72.226
-70.041
-67.872
-65.733
-63.637
-61.596
-59.621
-57.721
-55.906
-54.183
-52.557
-51.035
-49.621
-48.317
-47.126
-46.048
-45.084
-44.232
-43.491
-42.859
-42.332
-41.908
-41.581
-41.348
-41.203
-41.143
-41.162
-41.254
-41.413
-41.635
-41.912
-42.24
-42.612
-43.023
-43.467
-43.938
-44.433
-44.945
-45.472
-46.008
-46.549
-47.093
-47.637
-48.176
-48.71
-49.236
-49.752
-50.257
-50.75
-51.23
-51.697
-52.15
-52.59
-53.018
-53.434
-53.839
-54.233
-54.619
-54.998
-55.369
-55.735
-56.096
-56.452
-56.805
-57.154
-57.5
-57.844
-58.186
-58.526
-58.864
-59.2
-59.535
-59.868
-60.198
-60.526
-60.851
-61.172
-61.489
-61.802
-62.109
-62.411
-62.705
-62.993
-63.272
-63.541
-63.801
-64.048
-64.282
-64.502
-64.707
-64.896
-65.068
-65.223
-65.36
-65.48
-65.583
-65.669
-65.739
-65.792
-65.831
-65.856
-65.868
-65.867
-65.856
-65.837
-65.809
-65.776
-65.739
-65.699
-65.657
-65.616
-65.577
-65.54
-65.508
-65.482
-65.462
-65.452
-65.452
-65.465
-65.491
-65.534
-65.594
-65.673
-65.772
-65.893
-66.037
-66.204
-66.396
-66.613
-66.855
-67.124
-67.419
-67.739
-68.085
-68.455
-68.849
-69.265
-69.701
-70.156
-70.628
-71.115
-71.617
-72.13
-72.654
-73.186
-73.725
-74.267
-74.811
-75.351
-75.887
-76.412
-76.925
-77.421
-77.897
-78.346
-78.766
-79.151
-79.497
-79.799
-80.052
-80.249
-80.387
-80.46
-80.464
-80.397
-80.253
-80.031
-79.728
-79.343
-78.875
-78.323
-77.687
-76.966
-76.162
-75.276
-74.31
-73.265
-72.147
-70.959
-69.71
-68.408
-67.062
-65.684
-64.285
-62.877
-61.474
-60.088
-58.73
-57.41
-56.14
-54.929
-53.794
-52.748
-51.804
-50.976
-50.274
-49.708
-49.29
-49.024
-48.911
-48.948
-49.137
-49.481
-49.997
-50.704
-51.611
-52.727
-54.058
-55.596
-57.333
-59.251
-61.305
-63.451
-65.648
-67.851
-70.035
-72.173
-74.221
-76.128
-77.825
-79.236
-80.313
-81.011
-81.284
-81.137
-80.594
-79.722
-78.645
-77.46
-76.262
-75.178
-74.319
-73.828
-73.861
-74.505
-75.907
-78.327
-81.887
-86.608
-92.303
-98.362
-104.162
-109.259
-112.973
-114.503
-113.402
-109.476
-103.284
-96.562
-90.932
-87.443
-87.552
-92.783
-103.594
-119.829
-138.59
-153.342
-159.755
-155.201
-138.553
-111.969
-72.332
-13.795
68.214
179.823
319.376
481.133
658.226
833.17
985.905
1093.258
1130.588
1090.461
979.143
812.658
615.909
407.745
203.108
19.506
-127.53
-224.897
-268.732
-269.201
-244.492
-213.983
-187.933
-168.383
-152.956
-134.664
-112.29
-87.296
-60.634
-38.786
-25.334
-20.414
-24.463
-34.128
-45.946
-58.703
-70.887
-81.117
-88.543
-92.45
-92.593
-89.489
-84.033
-76.909
-68.937
-61.338
-54.992
-50.359
-47.695
-46.805
-47.32
-48.99
-51.387
-53.897
-56.093
-57.711
-58.619
-58.876
-58.544
-57.622
-56.17
-54.274
-51.995
-49.391
-46.489
-43.284
-39.799
-36.092
-32.234
-28.31
-24.393
-20.528
-16.743
-13.056
-9.472
-5.99
-2.598
0.725
4.006
7.267
10.526
13.801
17.113
20.489
23.96
27.557
31.311
35.244
39.379
43.732
48.32
53.154
58.245
63.596
69.212
75.096
81.252
87.681
94.383
101.355
108.591
116.082
123.819
131.788
139.973
148.353
156.906
165.606
174.426
183.336
192.303
201.292
210.268
219.192
228.027
236.73
245.263
253.585
261.654
269.431
276.875
283.948
290.612
296.831
302.571
307.8
312.488
316.607
320.133
323.044
325.32
326.945
327.905
328.191
327.796
326.716
324.954
322.512
319.4
315.629
311.214
306.174
300.531
294.31
287.539
280.248
272.47
264.24
255.594
246.572
237.213
227.557
217.647
207.523
197.228
186.804
176.293
165.736
155.173
144.643
134.186
123.838
113.634
103.608
93.793
84.217
74.91
65.897
57.201
48.842
40.84
33.209
25.964
19.113
12.666
6.627
0.999
-4.217
-9.024
-13.423
-17.422
-21.028
-24.249
-27.096
-29.582
-31.718
-33.52
-35.003
-36.183
-37.077
-37.702
-38.076
-38.218
-38.146
-37.878
-37.432
-36.827
-36.081
-35.212
-34.238
-33.175
-32.04
-30.85
-29.62
-28.363
-27.094
-25.826
-24.57
-23.337
-22.138
-20.982
-19.879
-18.836
-17.862
-16.963
-16.144
-15.413
-14.772
-14.227
-13.779
-13.432
-13.187
-13.045
-13.006
-13.072
-13.241
-13.512
-13.883
-14.354
-14.92
-15.578
-16.325
-17.155
-18.065
-19.048
-20.1
-21.215
-22.387
-23.61
-24.879
-26.186
-27.526
-28.891
-30.275
-31.671
-33.07
-34.467
-35.855
-37.226
-38.576
-39.897
-41.184
-42.433
-43.639
-44.797
-45.904
-46.957
-47.952
-48.887
-49.76
-50.571
-51.318
-52.003
-52.625
-53.187
-53.691
-54.138
-54.532
-54.876
-55.172
-55.424
-55.637
-55.813
-55.958
-56.076
-56.173
-56.252
-56.32
-56.381
-56.44
-56.501
-56.569
-56.646
-56.735
-56.84
-56.963
-57.104
-57.267
-57.451
-57.658
-57.887
-58.137
-58.407
-58.695
-58.999
-59.316
-59.642
-59.975
-60.31
-60.645
-60.977
-61.301
-61.616
-61.917
-62.201
-62.467
-62.71
-62.929
-63.121
-63.284
-63.417
-63.519
-63.59
-63.63
-63.641
-63.624
-63.581
-63.515
-63.428
-63.324
-63.207
-63.082
-62.953
-62.826
-62.708
-62.605
-62.524
-62.472
-62.456
-62.483
-62.559
-62.691
-62.884
-63.145
-63.478
-63.889
-64.381
-64.959
-65.625
-66.382
-67.231
-68.172
-69.205
-70.329
-71.542
-72.84
-74.221
-75.681
-77.215
-78.819
-80.486
-82.21
-83.984
-85.802
-87.655
-89.534
-91.43
-93.332
-95.231
-97.117
-98.979
-100.808
-102.592
-104.323
-105.989
-107.581
-109.09
-110.506
-111.82
-113.025
-114.112
-115.077
-115.914
-116.618
-117.188
-117.621
-117.915
-118.071
-118.087
-117.964
-117.702
-117.303
-116.771
-116.107
-115.317
-114.406
-113.384
-112.262
-111.051
-109.763
-108.409
-107.002
-105.558
-104.094
-102.625
-101.164
-99.726
-98.322
-96.97
-95.687
-94.485
-93.374
-92.356
-91.436
-90.619
-89.913
-89.325
-88.852
-88.485
-88.221
-88.058
-88.012
-88.099
-88.323
-88.682
-89.175
-89.8
-90.563
-91.464
-92.475
-93.563
-94.683
-95.777
-96.821
-97.791
-98.664
-99.431
-100.032
-100.379
-100.413
-100.067
-99.297
-98.139
-96.572
-94.515
-92.072
-89.433
-86.952
-85.229
-84.587
-85.013
-86.546
-89.248
-93.013
-97.672
-102.422
-105.666
-106.397
-104.338
-99.467
-92.142
-82.829
-71.978
-61.193
-53.476
-51.267
-56.045
-68.51
-88.217
-114.251
-145.453
-179.053
-210.225
-233.774
-244.877
-239.419
-214.411
-167.569
-97.093
-2.502
112.466
240.267
373.071
502.624
625.889
746.324
862.044
966.002
1043.162
1069.526
1031.496
929.17
773.472
586.141
387.337
191.149
12.591
-132.617
-235.017
-289.77
-302.87
-292.577
-271.289
-246.187
-219.753
-186.283
-145.73
-103.261
-63.478
-32.857
-14.829
-8.424
-12.143
-23.86
-40.615
-59.786
-79.091
-95.983
-108.595
-116.371
-119.257
-117.67
-112.752
-105.688
-97.653
-90.161
-84.289
-80.421
-78.711
-78.957
-80.707
-83.584
-87.095
-90.563
-93.531
-95.773
-97.177
-97.808
-97.745
-96.989
-95.598
-93.669
-91.263
-88.438
-85.231
-81.642
-77.701
-73.474
-69.033
-64.467
-59.853
-55.237
-50.65
-46.115
-41.639
-37.231
-32.891
-28.604
-24.355
-20.131
-15.919
-11.715
-7.508
-3.283
0.985
5.322
9.755
14.306
18.993
23.834
28.848
34.052
39.458
45.072
50.891
56.919
63.16
69.619
76.311
83.241
90.401
97.782
105.374
113.16
121.117
129.207
137.372
145.551
153.699
161.785
169.797
177.716
185.52
193.182
200.681
208.015
215.195
222.224
229.093
235.79
242.322
248.722
255.07
261.434
267.843
274.285
280.727
287.144
293.511
299.803
305.947
311.814
317.273
322.213
326.545
330.19
333.038
334.93
335.674
335.106
333.128
329.702
324.797
318.372
310.394
300.836
289.768
277.359
263.767
249.143
233.627
217.359
200.54
183.436
166.316
149.404
132.869
116.825
101.407
86.775
73.083
60.482
49.027
38.68
29.421
21.227
14.063
7.88
2.56
-2.086
-6.21
-9.917
-13.281
-16.34
-19.163
-21.849
-24.492
-27.184
-29.971
-32.851
-35.838
-38.948
-42.175
-45.493
-48.834
-52.079
-55.151
-58.018
-60.657
-63.07
-65.246
-67.154
-68.78
-70.116
-71.16
-71.921
-72.402
-72.599
-72.528
-72.219
-71.719
-71.098
-70.404
-69.665
-68.904
-68.137
-67.376
-66.638
-65.93
-65.247
-64.592
-63.967
-63.379
-62.837
-62.342
-61.891
-61.476
-61.085
-60.708
-60.34
-59.974
-59.605
-59.232
-58.851
-58.465
-58.079
-57.695
-57.313
-56.936
-56.559
-56.184
-55.809
-55.433
-55.055
-54.674
-54.29
-53.903
-53.514
-53.125
-52.736
-52.347
-51.959
-51.574
-51.192
-50.814
-50.442
-50.076
-49.72
-49.376
-49.045
-48.73
-48.432
-48.155
-47.898
-47.663
-47.451
-47.26
-47.091
-46.941
-46.81
-46.696
-46.598
-46.514
-46.442
-46.381
-46.33
-46.287
-46.252
-46.223
-46.2
-46.181
-46.166
-46.154
-46.146
-46.142
-46.141
-46.144
-46.153
-46.167
-46.187
-46.214
-46.249
-46.292
-46.343
-46.406
-46.479
-46.566
-46.669
-46.79
-46.932
-47.099
-47.293
-47.519
-47.78
-48.081
-48.424
-48.813
-49.251
-49.741
-50.287
-50.889
-51.551
-52.272
-53.055
-53.899
-54.802
-55.766
-56.787
-57.863
-58.993
-60.173
-61.401
-62.672
-63.985
-65.336
-66.72
-68.133
-69.572
-71.031
-72.505
-73.989
-75.475
-76.96
-78.435
-79.894
-81.332
-82.741
-84.116
-85.449
-86.735
-87.968
-89.142
-90.253
-91.294
-92.263
-93.155
-93.969
-94.702
-95.354
-95.922
-96.408
-96.811
-97.131
-97.369
-97.526
-97.603
-97.6
-97.521
-97.366
-97.138
-96.84
-96.475
-96.046
-95.557
-95.011
-94.412
-93.764
-93.07
-92.333
-91.556
-90.743
-89.897
-89.022
-88.121
-87.196
-86.249
-85.282
-84.296
-83.292
-82.268
-81.224
-80.161
-79.076
-77.969
-76.842
-75.692
-74.52
-73.327
-72.112
-70.876
-69.618
-68.337
-67.035
-65.711
-64.368
-63.005
-61.627
-60.238
-58.842
-57.448
-56.063
-54.692
-53.346
-52.034
-50.769
-49.564
-48.428
-47.371
-46.402
-45.531
-44.769
-44.128
-43.611
-43.222
-42.963
-42.836
-42.849
-43.005
-43.297
-43.713
-44.237
-44.856
-45.568
-46.382
-47.301
-48.324
-49.447
-50.671
-52.004
-53.447
-54.993
-56.601
-58.218
-59.803
-61.331
-62.807
-64.248
-65.649
-66.974
-68.154
-69.117
-69.801
-70.177
-70.186
-69.739
-68.833
-67.561
-66.185
-65.12
-64.753
-65.329
-66.978
-69.744
-73.418
-77.652
-81.863
-85.072
-86.236
-84.383
-78.89
-69.634
-57.097
-42.122
-25.86
-10.071
3.034
10.819
11.024
2.342
-15.47
-41.675
-74.849
-112.558
-150.943
-184.735
-208.451
-216.971
-205.967
-172.328
-113.412
-29.386
74.948
192.969
316.887
442.076
571.537
706.149
840.73
962.872
1045.875
1064.589
1007.401
872.761
680.483
462.977
247.86
64.003
-70.527
-156.329
-198.987
-214.052
-220.966
-226.714
-232.711
-235.229
-226.238
-205.227
-176.52
-145.149
-116.679
-93.438
-75.431
-62.609
-54.758
-51.562
-52.292
-55.666
-60.707
-66.475
-71.855
-76.072
-78.258
-77.837
-74.945
-70.051
-63.655
-56.512
-49.565
-43.417
-38.601
-35.443
-33.848
-33.623
-34.491
-35.967
-37.48
-38.666
-39.294
-39.258
-38.622
-37.414
-35.662
-33.463
-30.934
-28.163
-25.209
-22.095
-18.821
-15.424
-11.972
-8.539
-5.207
-2.02
1.003
3.854
6.536
9.057
11.436
13.704
15.901
18.06
20.207
22.365
24.555
26.811
29.169
31.668
34.347
37.238
40.369
43.765
47.446
51.43
55.732
60.359
65.316
70.611
76.247
82.229
88.556
95.226
102.231
109.562
117.205
125.144
133.357
141.821
150.509
159.389
168.431
177.598
186.853
196.157
205.467
214.739
223.93
232.992
241.878
250.541
258.934
267.01
274.722
282.026
288.878
295.237
301.064
306.322
310.977
314.998
318.357
321.031
322.998
324.243
324.751
324.515
323.529
321.793
319.311
316.091
312.144
307.487
302.14
296.126
289.473
282.21
274.373
265.998
257.125
247.794
238.05
227.939
217.507
206.802
195.872
184.766
173.531
162.217
150.87
139.536
128.261
117.087
106.057
95.209
84.58
74.206
64.118
54.345
44.912
35.843
27.158
18.873
11.003
3.556
-3.46
-10.04
-16.183
-21.892
-27.171
-32.027
-36.471
-40.515
-44.173
-47.461
-50.397
-52.999
-55.288
-57.285
-59.011
-60.488
-61.739
-62.787
-63.654
-64.363
-64.934
-65.391
-65.751
-66.036
-66.263
-66.448
-66.608
-66.756
-66.904
-67.065
-67.247
-67.459
-67.706
-67.994
-68.326
-68.703
-69.128
-69.598
-70.111
-70.665
-71.257
-71.88
-72.531
-73.203
-73.89
-74.587
-75.286
-75.981
-76.665
-77.332
-77.974
-78.585
-79.159
-79.69
-80.173
-80.602
-80.974
-81.286
-81.534
-81.717
-81.833
-81.881
-81.863
-81.779
-81.631
-81.421
-81.151
-80.827
-80.452
-80.03
-79.567
-79.069
-78.541
-77.989
-77.418
-76.835
-76.245
-75.653
-75.066
-74.488
-73.926
-73.383
-72.866
-72.378
-71.924
-71.509
-71.135
-70.806
-70.526
-70.295
-70.116
-69.99
-69.919
-69.902
-69.94
-70.033
-70.179
-70.378
-70.628
-70.927
-71.274
-71.665
-72.098
-72.571
-73.08
-73.623
-74.195
-74.795
-75.419
-76.063
-76.724
-77.4
-78.085
-78.777
-79.472
-80.167
-80.858
-81.542
-82.215
-82.876
-83.52
-84.145
-84.749
-85.328
-85.881
-86.405
-86.899
-87.359
-87.785
-88.175
-88.527
-88.84
-89.113
-89.344
-89.533
-89.679
-89.781
-89.838
-89.851
-89.818
-89.74
-89.618
-89.453
-89.246
-88.999
-88.714
-88.392
-88.037
-87.651
-87.236
-86.796
-86.334
-85.854
-85.359
-84.853
-84.341
-83.827
-83.315
-82.809
-82.313
-81.832
-81.37
-80.93
-80.517
-80.134
-79.786
-79.475
-79.206
-78.983
-78.807
-78.683
-78.611
-78.594
-78.632
-78.724
-78.871
-79.07
-79.319
-79.616
-79.958
-80.341
-80.761
-81.213
-81.69
-82.187
-82.696
-83.211
-83.721
-84.22
-84.697
-85.145
-85.556
-85.921
-86.232
-86.48
-86.66
-86.763
-86.782
-86.712
-86.545
-86.275
-85.9
-85.414
-84.816
-84.104
-83.277
-82.34
-81.296
-80.154
-78.919
-77.602
-76.213
-74.762
-73.263
-71.727
-70.163
-68.583
-66.997
-65.42
-63.869
-62.361
-60.909
-59.528
-58.232
-57.034
-55.947
-54.978
-54.128
-53.398
-52.795
-52.332
-52.036
-51.931
-52.03
-52.347
-52.888
-53.653
-54.641
-55.833
-57.189
-58.671
-60.239
-61.861
-63.523
-65.198
-66.845
-68.411
-69.816
-70.99
-71.88
-72.439
-72.644
-72.497
-72.015
-71.248
-70.278
-69.2
-68.14
-67.22
-66.535
-66.196
-66.298
-67.001
-68.622
-71.348
-75.157
-79.892
-85.144
-90.411
-95.321
-99.313
-101.508
-101.378
-98.949
-94.716
-89.84
-85.968
-84.66
-87.186
-95.171
-108.283
-123.309
-138.62
-152.744
-165.235
-179.256
-189.713
-184.053
-150.104
-75.98
34.963
166.257
302.489
433.457
563.258
697.662
833.444
954.072
1026.107
1027.005
948.916
798.936
609.499
408.225
218.116
62.958
-54.33
-134.486
-181.944
-213.23
-234.671
-247.47
-251.435
-239.331
-210.701
-171.269
-126.966
-85.818
-52.655
-28.372
-13.611
-7.961
-10.034
-18.181
-30.056
-42.82
-54.25
-63.056
-68.214
-69.289
-66.512
-60.447
-52.138
-43.048
-34.526
-27.406
-22.242
-19.241
-18.297
-19.237
-21.694
-25.094
-28.786
-32.286
-35.316
-37.758
-39.629
-40.938
-41.677
-41.882
-41.637
-41.021
-40.076
-38.828
-37.269
-35.408
-33.302
-31.021
-28.646
-26.257
-23.898
-21.589
-19.344
-17.167
-15.052
-12.992
-10.962
-8.924
-6.851
-4.72
-2.511
-0.205
2.228
4.824
7.62
10.648
13.933
17.498
21.36
25.537
30.042
34.883
40.065
45.587
51.451
57.658
64.21
71.102
78.329
85.882
93.748
101.913
110.361
119.069
128.014
137.167
146.501
155.983
165.58
175.255
184.972
194.69
204.37
213.97
223.447
232.757
241.856
250.701
259.249
267.455
275.279
282.68
289.618
296.056
301.959
307.295
312.032
316.144
319.604
322.393
324.49
325.882
326.557
326.508
325.731
324.227
322
319.058
315.414
311.083
306.083
300.438
294.172
287.314
279.895
271.948
263.508
254.613
245.304
235.621
225.606
215.303
204.756
194.008
183.105
172.091
161.01
149.904
138.817
127.789
116.861
106.07
95.453
85.044
74.876
64.977
55.374
46.092
37.152
28.572
20.369
12.556
5.144
-1.86
-8.45
-14.623
-20.379
-25.719
-30.646
-35.166
-39.286
-43.017
-46.368
-49.351
-51.981
-54.272
-56.239
-57.9
-59.272
-60.372
-61.221
-61.836
-62.236
-62.442
-62.471
-62.342
-62.074
-61.684
-61.189
-60.605
-59.946
-59.228
-58.463
-57.664
-56.843
-56.011
-55.178
-54.353
-53.545
-52.762
-52.012
-51.301
-50.636
-50.022
-49.465
-48.97
-48.542
-48.183
-47.898
-47.689
-47.558
-47.508
-47.539
-47.651
-47.846
-48.122
-48.48
-48.917
-49.433
-50.027
-50.697
-51.441
-52.258
-53.145
-54.1
-55.121
-56.205
-57.349
-58.55
-59.804
-61.107
-62.456
-63.845
-65.27
-66.724
-68.203
-69.7
-71.209
-72.721
-74.232
-75.733
-77.217
-78.678
-80.109
-81.503
-82.854
-84.157
-85.405
-86.594
-87.717
-88.772
-89.752
-90.655
-91.476
-92.213
-92.861
-93.42
-93.886
-94.258
-94.536
-94.717
-94.803
-94.793
-94.689
-94.492
-94.205
-93.829
-93.369
-92.828
-92.211
-91.523
-90.769
-89.956
-89.087
-88.171
-87.212
-86.217
-85.192
-84.142
-83.074
-81.992
-80.904
-79.813
-78.727
-77.649
-76.586
-75.542
-74.523
-73.533
-72.577
-71.658
-70.782
-69.952
-69.173
-68.446
-67.776
-67.165
-66.615
-66.128
-65.706
-65.35
-65.059
-64.835
-64.675
-64.581
-64.549
-64.579
-64.667
-64.812
-65.011
-65.263
-65.562
-65.908
-66.295
-66.721
-67.181
-67.671
-68.185
-68.72
-69.268
-69.824
-70.382
-70.937
-71.481
-72.008
-72.511
-72.983
-73.418
-73.809
-74.151
-74.436
-74.659
-74.815
-74.901
-74.912
-74.845
-74.699
-74.474
-74.172
-73.796
-73.348
-72.833
-72.255
-71.619
-70.932
-70.195
-69.415
-68.593
-67.734
-66.845
-65.934
-65.008
-64.078
-63.152
-62.238
-61.348
-60.49
-59.665
-58.876
-58.126
-57.423
-56.785
-56.231
-55.771
-55.417
-55.18
-55.064
-55.065
-55.168
-55.334
-55.527
-55.71
-55.851
-55.935
-55.941
-55.84
-55.594
-55.16
-54.492
-53.572
-52.377
-50.874
-49.062
-46.991
-44.742
-42.463
-40.289
-38.3
-36.591
-35.279
-34.472
-34.291
-34.859
-36.241
-38.551
-42.015
-46.716
-52.555
-59.303
-66.416
-73.222
-79.162
-83.521
-85.35
-84.2
-80.251
-73.97
-66.537
-59.659
-54.788
-53.359
-57.305
-66.127
-76.299
-86.326
-94.627
-100.426
-106.952
-108.851
-93.176
-50.168
28.678
140.096
267.051
397.797
529.298
662.947
802.138
938.221
1041.895
1080.138
1031.245
890.393
681.684
444.138
212.868
17.282
-130.135
-228.347
-279.923
-290.791
-265.983
-216.375
-156.258
-102.727
-71.94
-66.727
-80.731
-100.098
-110.665
-108.788
-98.134
-86.517
-79.873
-78.196
-78.251
-76.25
-70.786
-62.67
-53.244
-43.795
-34.95
-27.062
-20.675
-16.072
-13.183
-11.803
-11.617
-12.375
-13.951
-16.155
-18.72
-21.401
-23.975
-26.261
-28.16
-29.591
-30.48
-30.8
-30.536
-29.699
-28.345
-26.54
-24.347
-21.828
-19.034
-16.012
-12.831
-9.566
-6.297
-3.105
-0.041
2.865
5.593
8.139
10.508
12.714
14.788
16.775
18.709
20.62
22.535
24.477
26.475
28.563
30.773
33.134
35.674
38.414
41.378
44.584
48.048
51.781
55.79
60.079
64.653
69.515
74.669
80.116
85.853
91.875
98.176
104.748
111.576
118.646
125.937
133.428
141.094
148.909
156.844
164.868
172.947
181.047
189.133
197.166
205.11
212.923
220.567
228.002
235.189
242.087
248.657
254.862
260.665
266.03
270.924
275.315
279.174
282.473
285.188
287.298
288.782
289.626
289.817
289.344
288.202
286.388
283.901
280.747
276.932
272.467
267.366
261.645
255.325
248.429
240.981
233.009
224.544
215.616
206.261
196.513
186.41
175.99
165.292
154.355
143.221
131.931
120.525
109.044
97.527
86.016
74.547
63.16
51.89
40.774
29.844
19.133
8.671
-1.511
-11.389
-20.936
-30.131
-38.953
-47.384
-55.409
-63.014
-70.187
-76.921
-83.209
-89.045
-94.428
-99.357
-103.834
-107.862
-111.448
-114.597
-117.321
-119.629
-121.533
-123.048
-124.188
-124.969
-125.409
-125.524
-125.333
-124.856
-124.113
-123.124
-121.909
-120.491
-118.889
-117.127
-115.224
-113.202
-111.081
-108.882
-106.624
-104.325
-102.005
-99.682
-97.371
-95.09
-92.854
-90.678
-88.574
-86.557
-84.637
-82.825
-81.13
-79.56
-78.122
-76.821
-75.663
-74.651
-73.789
-73.077
-72.517
-72.107
-71.847
-71.734
-71.762
-71.927
-72.223
-72.643
-73.18
-73.825
-74.569
-75.402
-76.316
-77.3
-78.345
-79.44
-80.573
-81.733
-82.909
-84.09
-85.266
-86.424
-87.555
-88.648
-89.695
-90.687
-91.615
-92.472
-93.25
-93.942
-94.542
-95.044
-95.444
-95.738
-95.923
-95.999
-95.965
-95.823
-95.575
-95.225
-94.779
-94.243
-93.624
-92.929
-92.162
-91.331
-90.445
-89.513
-88.544
-87.545
-86.526
-85.502
-84.486
-83.494
-82.538
-81.631
-80.784
-80.006
-79.309
-78.705
-78.202
-77.802
-77.513
-77.346
-77.32
-77.454
-77.755
-78.218
-78.831
-79.582
-80.463
-81.467
-82.575
-83.761
-85.009
-86.321
-87.717
-89.221
-90.839
-92.56
-94.355
-96.197
-98.074
-100
-101.991
-104.048
-106.174
-108.378
-110.695
-113.175
-115.83
-118.625
-121.476
-124.299
-127.042
-129.681
-132.211
-134.617
-136.865
-138.908
-140.711
-142.256
-143.525
-144.476
-145.033
-145.108
-144.664
-143.74
-142.434
-140.835
-138.996
-136.949
-134.716
-132.34
-129.876
-127.369
-124.843
-122.31
-119.794
-117.351
-115.069
-113.039
-111.298
-109.837
-108.603
-107.566
-106.73
-106.1
-105.675
-105.437
-105.367
-105.463
-105.743
-106.21
-106.83
-107.55
-108.301
-109.02
-109.681
-110.258
-110.724
-111.036
-111.129
-110.956
-110.504
-109.766
-108.727
-107.393
-105.765
-103.875
-101.838
-99.776
-97.812
-96.099
-94.759
-93.908
-93.742
-94.497
-96.324
-99.273
-103.189
-107.702
-112.448
-117.103
-121.244
-124.366
-126.065
-126.176
-125.081
-123.766
-123.33
-124.701
-128.62
-135.651
-146.034
-159.541
-174.851
-189.389
-199.872
-202.937
-195.741
-175.54
-139.654
-86.017
-13.707
74.205
170.438
268.098
361.32
451.197
545.676
645.628
744.894
823.463
849.598
804.777
685.875
510.305
313.663
126.337
-31.125
-150.36
-232.836
-281.219
-296.604
-279.876
-238.437
-184.487
-135.164
-106.576
-102.976
-119.176
-141.091
-154.863
-155.728
-146.035
-134.084
-126.135
-122.871
-122.067
-119.915
-114.833
-107.616
-99.376
-91.259
-83.815
-77.214
-71.875
-68.093
-65.83
-64.922
-65.09
-66.098
-67.824
-70.102
-72.704
-75.406
-77.989
-80.281
-82.18
-83.608
-84.501
-84.835
-84.583
-83.746
-82.365
-80.488
-78.173
-75.478
-72.448
-69.125
-65.57
-61.849
-58.036
-54.206
-50.406
-46.663
-42.994
-39.403
-35.889
-32.443
-29.04
-25.644
-22.227
-18.765
-15.237
-11.629
-7.918
-4.078
-0.084
4.085
8.448
13.019
17.812
22.838
28.104
33.614
39.369
45.363
51.594
58.061
64.761
71.688
78.835
86.193
93.752
101.501
109.424
117.503
125.717
134.043
142.456
150.931
159.438
167.947
176.426
184.842
193.16
201.345
209.363
217.174
224.743
232.033
239.008
245.63
251.867
257.683
263.048
267.93
272.302
276.138
279.415
282.111
284.206
285.686
286.535
286.744
286.304
285.21
283.461
281.057
278.004
274.31
269.986
265.048
259.511
253.399
246.733
239.541
231.852
223.698
215.113
206.132
196.794
187.139
177.207
167.04
156.679
146.168
135.548
124.861
114.149
103.452
92.81
82.262
71.844
61.594
51.544
41.729
32.178
22.921
13.984
5.392
-2.832
-10.669
-18.102
-25.116
-31.699
-37.841
-43.537
-48.781
-53.574
-57.917
-61.814
-65.273
-68.302
-70.912
-73.117
-74.932
-76.373
-77.457
-78.204
-78.634
-78.767
-78.623
-78.224
-77.593
-76.75
-75.717
-74.516
-73.168
-71.695
-70.117
-68.455
-66.727
-64.954
-63.152
-61.34
-59.533
-57.747
-55.994
-54.288
-52.639
-51.057
-49.549
-48.122
-46.782
-45.531
-44.373
-43.307
-42.335
-41.456
-40.667
-39.965
-39.348
-38.81
-38.349
-37.959
-37.636
-37.373
-37.166
-37.008
-36.896
-36.821
-36.78
-36.765
-36.77
-36.791
-36.822
-36.857
-36.891
-36.921
-36.942
-36.952
-36.947
-36.925
-36.886
-36.827
-36.751
-36.657
-36.546
-36.421
-36.285
-36.14
-35.991
-35.844
-35.7
-35.56
-35.427
-35.304
-35.195
-35.109
-35.043
-34.99
-34.97
-34.996
-35.079
-35.235
-35.454
-35.711
-36.027
-36.426
-36.855
-37.276
-37.658
-37.953
-38.196
-38.462
-38.704
-38.84
-39.066
-39.618
-40.343
-41.249
-42.372
-43.186
-45.075
-49.385
-54.17
-58.837
-59.819
-52.853
-42.641
-32.314
-26.539
-31.73
-42.198
-53.124
-61.201
-60.974
-56.336
-51.232
-46.539
-44.663
-44.209
-43.382
-42.528
-41.424
-40.194
-39.21
-38.241
-37.105
-35.872
-34.563
-33.164
-31.689
-30.165
-28.615
-27.084
-25.626
-24.234
-22.9
-21.639
-20.46
-19.363
-18.355
-17.438
-16.614
-15.909
-15.349
-14.945
-14.713
-14.658
-14.776
-15.066
-15.516
-16.094
-16.771
-17.517
-18.301
-19.112
-19.925
-20.696
-21.388
-21.94
-22.295
-22.425
-22.276
-21.805
-21.021
-19.941
-18.622
-17.183
-15.661
-14.091
-12.691
-11.642
-11.154
-11.475
-12.623
-14.65
-17.808
-22.195
-27.42
-32.89
-37.745
-41.104
-42.748
-42.433
-39.71
-34.572
-27.881
-21.308
-17.112
-17.423
-23.127
-34.665
-52.277
-75.248
-101.351
-126.526
-145.536
-153.232
-145.429
-118.573
-69.724
3.145
97.742
206.827
322.982
438.246
550.732
665.306
778.377
881.871
960.027
986.015
948.42
846.266
686.539
497.805
304.115
127.829
-4.745
-88.74
-127.088
-130.009
-121.357
-113.108
-108.576
-107.613
-102.009
-89.874
-75.473
-62.24
-54.404
-53.14
-56.288
-61.803
-67.767
-72.385
-74.382
-73.179
-68.79
-61.775
-53.114
-43.707
-34.252
-25.492
-18.1
-12.423
-8.571
-6.431
-5.708
-6.141
-7.515
-9.592
-12.133
-14.934
-17.8
-20.537
-22.972
-24.965
-26.409
-27.24
-27.427
-26.947
-25.8
-24.023
-21.676
-18.82
-15.524
-11.84
-7.822
-3.539
0.931
5.502
10.088
14.634
19.105
23.477
27.74
31.891
35.932
39.885
43.778
47.63
51.456
55.267
59.069
62.882
66.728
70.628
74.603
78.672
82.849
87.15
91.589
96.168
100.89
105.753
110.757
115.914
121.232
126.707
132.336
138.108
144.009
150.025
156.131
162.278
168.421
174.512
180.51
186.399
192.164
197.784
203.235
208.493
213.551
218.437
223.183
227.809
232.337
236.783
241.186
245.639
250.221
254.985
259.971
265.174
270.584
276.214
282.058
288.07
294.16
300.171
305.932
311.31
316.171
320.38
323.772
326.116
327.219
326.949
325.199
321.9
316.98
310.335
301.905
291.73
279.92
266.665
252.191
236.687
220.351
203.417
186.162
168.894
151.875
135.292
119.307
104.081
89.798
76.68
64.895
54.506
45.511
37.848
31.425
26.164
21.956
18.637
16.002
13.859
12.065
10.537
9.21
7.995
6.773
5.4
3.772
1.847
-0.39
-2.934
-5.77
-8.875
-12.197
-15.636
-19.07
-22.413
-25.616
-28.666
-31.564
-34.295
-36.828
-39.136
-41.213
-43.068
-44.715
-46.165
-47.425
-48.517
-49.486
-50.395
-51.315
-52.295
-53.368
-54.552
-55.861
-57.309
-58.911
-60.669
-62.578
-64.634
-66.836
-69.187
-71.69
-74.343
-77.134
-80.046
-83.06
-86.161
-89.336
-92.57
-95.848
-99.159
-102.489
-105.831
-109.178
-112.519
-115.842
-119.133
-122.377
-125.562
-128.673
-131.697
-134.62
-137.429
-140.113
-142.664
-145.073
-147.332
-149.433
-151.371
-153.141
-154.737
-156.157
-157.397
-158.457
-159.336
-160.035
-160.556
-160.901
-161.073
-161.076
-160.915
-160.595
-160.12
-159.496
-158.729
-157.826
-156.793
-155.638
-154.369
-152.995
-151.523
-149.964
-148.326
-146.619
-144.852
-143.033
-141.172
-139.277
-137.356
-135.418
-133.469
-131.517
-129.57
-127.632
-125.71
-123.81
-121.937
-120.095
-118.29
-116.526
-114.807
-113.139
-111.525
-109.97
-108.478
-107.052
-105.697
-104.417
-103.215
-102.096
-101.061
-100.115
-99.261
-98.501
-97.838
-97.274
-96.811
-96.451
-96.194
-96.042
-95.995
-96.053
-96.218
-96.49
-96.87
-97.356
-97.951
-98.652
-99.459
-100.371
-101.386
-102.501
-103.712
-105.015
-106.406
-107.879
-109.428
-111.047
-112.728
-114.463
-116.244
-118.062
-119.905
-121.764
-123.627
-125.483
-127.321
-129.131
-130.901
-132.621
-134.282
-135.873
-137.385
-138.808
-140.132
-141.347
-142.445
-143.416
-144.253
-144.947
-145.494
-145.888
-146.13
-146.22
-146.161
-145.954
-145.604
-145.114
-144.494
-143.755
-142.905
-141.949
-140.895
-139.752
-138.535
-137.26
-135.936
-134.572
-133.174
-131.747
-130.304
-128.859
-127.418
-125.982
-124.547
-123.113
-121.696
-120.326
-119.025
-117.809
-116.683
-115.658
-114.742
-113.953
-113.292
-112.733
-112.242
-111.776
-111.295
-110.788
-110.239
-109.639
-108.964
-108.147
-107.106
-105.777
-104.115
-102.1
-99.772
-97.115
-94.052
-90.67
-87.205
-84.061
-81.71
-80.38
-79.964
-80.385
-81.872
-84.515
-88.033
-91.527
-93.585
-93.306
-90.718
-86.156
-79.578
-71.049
-61.149
-51.626
-45.567
-45.531
-52.574
-66.829
-88.189
-116.071
-149.116
-184.086
-215.247
-236.72
-243.858
-232.802
-200.429
-144.413
-63.075
40.803
159.069
283.577
405.953
523.561
640.54
753.655
855.673
931.67
955.951
917.194
813.475
651.142
458.007
257.335
71.662
-71.781
-166.945
-214.875
-224.179
-218.413
-209.498
-201.474
-195.521
-184.249
-166.713
-147.609
-130.508
-120.395
-119.409
-126.322
-139.31
-155.453
-171.402
-184.81
-194.435
-199.767
-200.703
-197.256
-189.858
-179.664
-168.403
-157.569
-147.926
-139.749
-133.095
-128.091
-124.832
-123.091
-122.328
-122.008
-121.816
-121.632
-121.422
-121.074
-120.393
-119.211
-117.465
-115.156
-112.291
-108.86
-104.833
-100.198
-94.994
-89.293
-83.174
-76.707
-69.952
-62.961
-55.798
-48.537
-41.253
-34.022
-26.901
-19.919
-13.096
-6.441
0.044
6.364
12.535
18.586
24.546
30.437
36.279
42.086
47.877
53.672
59.494
65.364
71.297
77.31
83.413
89.617
95.931
102.361
108.91
115.577
122.364
129.269
136.292
143.433
150.687
158.048
165.509
173.057
180.682
188.365
196.089
203.831
211.569
219.277
226.929
234.498
241.953
249.265
256.402
263.333
270.026
276.448
282.568
288.354
293.776
298.804
303.411
307.57
311.257
314.447
317.121
319.258
320.843
321.859
322.294
322.141
321.391
320.042
318.094
315.548
312.412
308.695
304.409
299.57
294.196
288.308
281.929
275.085
267.805
260.118
252.057
243.654
234.944
225.965
216.751
207.341
197.771
188.08
178.304
168.481
158.647
148.837
139.087
129.43
119.9
110.527
101.341
92.37
83.64
75.174
66.995
59.121
51.571
44.358
37.497
30.997
24.868
19.115
13.744
8.755
4.15
-0.073
-3.919
-7.39
-10.496
-13.243
-15.642
-17.703
-19.439
-20.862
-21.987
-22.828
-23.401
-23.723
-23.809
-23.678
-23.347
-22.833
-22.155
-21.33
-20.376
-19.311
-18.153
-16.918
-15.624
-14.288
-12.927
-11.558
-10.196
-8.858
-7.56
-6.317
-5.145
-4.059
-3.074
-2.204
-1.464
-0.867
-0.426
-0.154
-0.063
-0.165
-0.471
-0.99
-1.732
-2.706
-3.92
-5.38
-7.093
-9.064
-11.297
-13.794
-16.559
-19.591
-22.89
-26.455
-30.281
-34.365
-38.7
-43.28
-48.095
-53.135
-58.389
-63.842
-69.48
-75.286
-81.243
-87.331
-93.53
-99.818
-106.172
-112.571
-118.988
-125.401
-131.784
-138.111
-144.357
-150.496
-156.502
-162.349
-168.013
-173.468
-178.691
-183.659
-188.35
-192.744
-196.821
-200.563
-203.954
-206.979
-209.627
-211.884
-213.743
-215.196
-216.237
-216.865
-217.078
-216.877
-216.266
-215.251
-213.838
-212.039
-209.862
-207.322
-204.432
-201.209
-197.67
-193.834
-189.721
-185.351
-180.748
-175.934
-170.934
-165.771
-160.469
-155.053
-149.547
-143.975
-138.359
-132.723
-127.089
-121.478
-115.912
-110.411
-104.995
-99.68
-94.484
-89.423
-84.511
-79.761
-75.185
-70.793
-66.595
-62.598
-58.809
-55.233
-51.876
-48.739
-45.823
-43.129
-40.655
-38.397
-36.351
-34.512
-32.872
-31.425
-30.162
-29.075
-28.153
-27.388
-26.769
-26.285
-25.926
-25.679
-25.532
-25.474
-25.49
-25.57
-25.7
-25.869
-26.062
-26.268
-26.475
-26.669
-26.839
-26.973
-27.059
-27.085
-27.042
-26.918
-26.706
-26.398
-25.989
-25.472
-24.844
-24.103
-23.249
-22.282
-21.203
-20.014
-18.719
-17.323
-15.831
-14.252
-12.594
-10.869
-9.09
-7.273
-5.435
-3.594
-1.771
0.014
1.74
3.385
4.931
6.356
7.641
8.764
9.702
10.429
10.926
11.172
11.148
10.836
10.219
9.286
8.032
6.453
4.542
2.29
-0.326
-3.325
-6.719
-10.514
-14.711
-19.306
-24.288
-29.637
-35.307
-41.247
-47.403
-53.726
-60.176
-66.706
-73.258
-79.751
-86.088
-92.178
-97.945
-103.328
-108.283
-112.777
-116.801
-120.385
-123.6
-126.541
-129.332
-132.091
-134.946
-138.049
-141.533
-145.593
-150.504
-156.427
-163.4
-171.297
-179.714
-188.194
-196.356
-203.617
-209.24
-212.766
-213.959
-213.113
-211.351
-209.871
-209.691
-211.959
-217.634
-227.076
-240.179
-255.67
-270.587
-281.313
-284.026
-274.744
-249.738
-205.861
-140.441
-51.967
56.82
179.442
308.981
437.169
560.99
684.241
804.458
915.667
1003.687
1041.569
1014.225
917.881
759.282
565.432
360.828
166.036
2.543
-120.303
-197.328
-228.958
-225.783
-199.893
-164.572
-128.741
-96.444
-69.394
-43.832
-19.059
4.255
26.156
41.036
46.363
42.976
31.479
16.432
1.766
-10.969
-20.16
-25.149
-26.026
-22.867
-16.397
-8.008
0.972
9.338
16.269
21.283
24.145
24.913
23.821
21.313
17.953
14.319
10.842
7.805
5.368
3.561
2.401
1.883
1.964
2.583
3.678
5.2
7.121
9.424
12.079
15.035
18.218
21.546
24.936
28.315
31.632
34.853
37.95
40.907
43.715
46.374
48.897
51.304
53.606
55.815
57.943
60.003
62.018
64.014
66.013
68.034
70.094
72.206
74.385
76.642
78.986
81.423
83.958
86.592
89.331
92.179
95.139
98.214
101.405
104.71
108.128
111.655
115.287
119.014
122.826
126.713
130.661
134.655
138.679
142.716
146.747
150.752
154.712
158.606
162.41
166.103
169.662
173.063
176.284
179.302
182.096
184.643
186.923
188.917
190.607
191.976
193.009
193.692
194.013
193.961
193.528
192.708
191.494
189.886
187.883
185.488
182.706
179.544
176.01
172.117
167.877
163.305
158.419
153.235
147.775
142.06
136.112
129.956
123.616
117.118
110.49
103.757
96.947
90.087
83.204
76.325
69.476
62.683
55.972
49.367
42.892
36.569
30.421
24.466
18.724
13.211
7.943
2.932
-1.808
-6.269
-10.442
-14.321
-17.901
-21.179
-24.155
-26.829
-29.204
-31.283
-33.074
-34.584
-35.82
-36.795
-37.519
-38.005
-38.265
-38.315
-38.169
-37.842
-37.351
-36.711
-35.94
-35.054
-34.069
-33.002
-31.871
-30.689
-29.473
-28.237
-26.995
-25.761
-24.545
-23.361
-22.217
-21.124
-20.09
-19.123
-18.228
-17.41
-16.673
-16.02
-15.453
-14.971
-14.574
-14.262
-14.03
-13.878
-13.8
-13.793
-13.851
-13.971
-14.146
-14.37
-14.637
-14.941
-15.277
-15.637
-16.015
-16.407
-16.805
-17.204
-17.601
-17.99
-18.366
-18.728
-19.07
-19.391
-19.689
-19.962
-20.21
-20.432
-20.629
-20.802
-20.954
-21.086
-21.201
-21.303
-21.396
-21.483
-21.569
-21.659
-21.756
-21.865
-21.991
-22.137
-22.308
-22.508
-22.739
-23.006
-23.312
-23.658
-24.047
-24.481
-24.961
-25.488
-26.063
-26.686
-27.356
-28.072
-28.833
-29.638
-30.484
-31.369
-32.289
-33.241
-34.221
-35.223
-36.243
-37.275
-38.314
-39.353
-40.388
-41.412
-42.419
-43.404
-44.361
-45.287
-46.174
-47.02
-47.821
-48.571
-49.269
-49.912
-50.497
-51.021
-51.485
-51.887
-52.226
-52.502
-52.715
-52.866
-52.954
-52.983
-52.952
-52.864
-52.72
-52.525
-52.281
-51.992
-51.663
-51.298
-50.902
-50.48
-50.038
-49.581
-49.114
-48.643
-48.173
-47.71
-47.258
-46.822
-46.408
-46.019
-45.661
-45.335
-45.047
-44.799
-44.592
-44.43
-44.315
-44.248
-44.23
-44.264
-44.349
-44.489
-44.682
-44.929
-45.23
-45.584
-45.99
-46.445
-46.947
-47.492
-48.078
-48.698
-49.351
-50.031
-50.733
-51.452
-52.182
-52.918
-53.652
-54.379
-55.092
-55.785
-56.45
-57.082
-57.675
-58.224
-58.723
-59.168
-59.553
-59.874
-60.128
-60.309
-60.414
-60.439
-60.382
-60.242
-60.018
-59.709
-59.318
-58.846
-58.301
-57.689
-57.017
-56.294
-55.53
-54.736
-53.923
-53.104
-52.286
-51.479
-50.697
-49.949
-49.251
-48.618
-48.065
-47.604
-47.251
-47.018
-46.917
-46.96
-47.148
-47.485
-47.977
-48.635
-49.483
-50.543
-51.828
-53.348
-55.11
-57.11
-59.341
-61.781
-64.387
-67.115
-69.92
-72.764
-75.626
-78.48
-81.289
-84.003
-86.55
-88.866
-90.906
-92.631
-94.011
-95.051
-95.773
-96.256
-96.634
-97.02
-97.535
-98.3
-99.418
-101.027
-103.282
-106.293
-110.205
-115.218
-121.429
-128.838
-137.279
-146.266
-155.206
-163.575
-170.753
-176.017
-178.824
-178.925
-176.676
-173.196
-169.938
-168.036
-168.199
-171.476
-178.834
-190.154
-204.227
-217.118
-222.397
-216.536
-197.898
-166.483
-125.65
-72.832
-2.621
88.817
206.728
347.351
500.775
657.579
803.8
926.737
1015.587
1054.451
1030.317
938.43
779.35
569.358
337.529
112.539
-74.11
-201.874
-270.902
-290.479
-281.252
-265.12
-249.773
-235.994
-219.413
-193.508
-159.568
-122.822
-88.123
-60.278
-41.164
-30.316
-26.675
-28.622
-34.471
-42.589
-51.84
-61.27
-69.453
-75.294
-78.391
-78.668
-76.583
-72.956
-68.281
-63.143
-58.557
-55.218
-53.447
-53.374
-54.716
-57.054
-60.094
-63.409
-66.456
-68.9
-70.541
-71.291
-71.231
-70.424
-68.899
-66.741
-64.042
-60.863
-57.26
-53.26
-48.886
-44.192
-39.26
-34.177
-29.016
-23.815
-18.601
-13.387
-8.179
-2.981
2.221
7.45
12.719
18.033
23.398
28.813
34.289
39.842
45.489
51.249
57.139
63.172
69.355
75.699
82.205
88.873
95.702
102.686
109.821
117.106
124.537
132.111
139.822
147.662
155.623
163.693
171.858
180.101
188.405
196.747
205.106
213.46
221.783
230.049
238.232
246.302
254.231
261.99
269.547
276.87
283.927
290.686
297.115
303.182
308.855
314.102
318.895
323.204
327.002
330.264
332.967
335.09
336.612
337.519
337.796
337.432
336.42
334.753
332.431
329.456
325.832
321.568
316.675
311.168
305.065
298.384
291.15
283.388
275.125
266.392
257.22
247.644
237.7
227.425
216.859
206.042
195.015
183.82
172.499
161.095
149.65
138.207
126.806
115.487
104.291
93.256
82.417
71.81
61.468
51.42
41.696
32.322
23.32
14.711
6.514
-1.255
-8.585
-15.464
-21.885
-27.844
-33.337
-38.365
-42.93
-47.037
-50.693
-53.908
-56.693
-59.062
-61.029
-62.613
-63.831
-64.704
-65.252
-65.498
-65.465
-65.175
-64.654
-63.925
-63.012
-61.941
-60.734
-59.416
-58.009
-56.536
-55.018
-53.476
-51.928
-50.394
-48.891
-47.435
-46.039
-44.719
-43.484
-42.347
-41.317
-40.401
-39.606
-38.937
-38.398
-37.991
-37.718
-37.579
-37.573
-37.697
-37.949
-38.324
-38.817
-39.422
-40.133
-40.943
-41.844
-42.829
-43.889
-45.015
-46.2
-47.435
-48.71
-50.018
-51.35
-52.699
-54.056
-55.415
-56.768
-58.108
-59.431
-60.73
-62
-63.237
-64.438
-65.599
-66.716
-67.789
-68.816
-69.795
-70.726
-71.608
-72.444
-73.233
-73.976
-74.677
-75.336
-75.956
-76.539
-77.088
-77.607
-78.097
-78.561
-79.003
-79.425
-79.831
-80.223
-80.604
-80.976
-81.343
-81.706
-82.067
-82.429
-82.793
-83.16
-83.533
-83.91
-84.294
-84.685
-85.082
-85.487
-85.897
-86.314
-86.737
-87.164
-87.594
-88.026
-88.46
-88.894
-89.326
-89.756
-90.182
-90.603
-91.021
-91.432
-91.838
-92.239
-92.634
-93.023
-93.407
-93.787
-94.161
-94.532
-94.899
-95.263
-95.625
-95.986
-96.346
-96.706
-97.068
-97.433
-97.801
-98.174
-98.552
-98.936
-99.327
-99.725
-100.131
-100.545
-100.968
-101.398
-101.838
-102.286
-102.741
-103.202
-103.667
-104.134
-104.6
-105.062
-105.516
-105.959
-106.387
-106.797
-107.186
-107.55
-107.885
-108.188
-108.456
-108.684
-108.869
-109.008
-109.098
-109.137
-109.125
-109.06
-108.943
-108.778
-108.566
-108.312
-108.02
-107.695
-107.342
-106.971
-106.59
-106.211
-105.844
-105.5
-105.187
-104.915
-104.696
-104.54
-104.458
-104.452
-104.531
-104.701
-104.974
-105.363
-105.872
-106.492
-107.217
-108.035
-108.946
-109.959
-111.081
-112.309
-113.638
-115.068
-116.6
-118.239
-119.974
-121.765
-123.56
-125.312
-126.994
-128.62
-130.221
-131.805
-133.35
-134.798
-136.086
-137.169
-138.03
-138.623
-138.857
-138.739
-138.392
-138.079
-138.216
-139.167
-141.112
-144.125
-148.228
-153.123
-158.339
-163.318
-167.144
-168.966
-168.207
-164.444
-157.601
-148.318
-137.549
-126.202
-115.583
-106.906
-101.351
-100.274
-104.545
-114.042
-127.905
-145.11
-164.306
-184.114
-202.546
-216.59
-222.933
-218.704
-202.146
-171.618
-125.345
-61.756
20.125
117.089
221.553
326.802
427.302
524.564
627.597
736.152
842.424
927.395
958.701
920.586
813.076
647.879
456.651
264.741
87.806
-55.971
-157.347
-214.148
-224.802
-201.232
-166.301
-133.329
-112.624
-107.615
-105.33
-100.34
-91.703
-76.912
-63.646
-56.02
-52.954
-55.779
-61.941
-68.353
-74.526
-79.331
-82.493
-84.771
-86.369
-87.139
-86.953
-85.933
-84.525
-83.506
-83.409
-84.254
-85.934
-88.406
-91.74
-95.929
-100.717
-105.574
-110.009
-113.777
-116.787
-119.044
-120.521
-121.148
-120.922
-119.928
-118.281
-116.072
-113.352
-110.124
-106.403
-102.246
-97.732
-92.954
-88.004
-82.939
-77.794
-72.599
-67.372
-62.126
-56.866
-51.582
-46.252
-40.86
-35.401
-29.87
-24.271
-18.596
-12.829
-6.953
-0.952
5.187
11.469
17.9
24.488
31.234
38.137
45.195
52.398
59.743
67.226
74.843
82.589
90.459
98.443
106.532
114.717
122.983
131.318
139.702
148.117
156.542
164.955
173.333
181.65
189.88
197.996
205.97
213.772
221.374
228.744
235.852
242.668
249.16
255.299
261.055
266.401
271.309
275.756
279.717
283.173
286.105
288.497
290.334
291.604
292.298
292.41
291.934
290.87
289.217
286.981
284.169
280.791
276.859
272.391
267.402
261.914
255.95
249.534
242.692
235.453
227.845
219.901
211.653
203.135
194.381
185.425
176.303
167.048
157.695
148.276
138.825
129.371
119.944
110.574
101.287
92.109
83.065
74.176
65.463
56.945
48.64
40.562
32.723
25.135
17.806
10.743
3.952
-2.563
-8.801
-14.761
-20.445
-25.853
-30.992
-35.864
-40.478
-44.839
-48.957
-52.839
-56.495
-59.935
-63.166
-66.199
-69.042
-71.704
-74.193
-76.517
-78.685
-80.703
-82.579
-84.318
-85.928
-87.412
-88.776
-90.023
-91.156
-92.18
-93.095
-93.905
-94.61
-95.213
-95.715
-96.117
-96.419
-96.622
-96.727
-96.733
-96.641
-96.451
-96.163
-95.778
-95.297
-94.721
-94.052
-93.292
-92.445
-91.512
-90.498
-89.406
-88.241
-87.007
-85.709
-84.353
-82.945
-81.49
-79.995
-78.467
-76.912
-75.338
-73.75
-72.155
-70.56
-68.971
-67.394
-65.836
-64.301
-62.795
-61.324
-59.893
-58.507
-57.169
-55.883
-54.653
-53.481
-52.37
-51.319
-50.331
-49.406
-48.543
-47.742
-47.003
-46.323
-45.702
-45.137
-44.624
-44.161
-43.745
-43.371
-43.036
-42.736
-42.466
-42.224
-42.005
-41.805
-41.62
-41.447
-41.28
-41.115
-40.95
-40.779
-40.598
-40.403
-40.19
-39.957
-39.699
-39.415
-39.1
-38.752
-38.368
-37.946
-37.483
-36.975
-36.421
-35.818
-35.164
-34.458
-33.698
-32.883
-32.013
-31.086
-30.101
-29.057
-27.955
-26.793
-25.571
-24.289
-22.946
-21.545
-20.086
-18.571
-17.001
-15.381
-13.712
-11.999
-10.246
-8.457
-6.637
-4.793
-2.932
-1.062
0.809
2.669
4.509
6.314
8.07
9.762
11.375
12.893
14.3
15.58
16.716
17.697
18.506
19.131
19.559
19.773
19.758
19.499
18.981
18.19
17.117
15.748
14.076
12.104
9.832
7.26
4.385
1.193
-2.326
-6.172
-10.347
-14.847
-19.66
-24.763
-30.121
-35.676
-41.375
-47.168
-53.014
-58.888
-64.76
-70.591
-76.328
-81.91
-87.277
-92.39
-97.211
-101.688
-105.806
-109.592
-113.115
-116.505
-119.869
-123.253
-126.703
-130.275
-134.044
-138.121
-142.616
-147.586
-153.119
-159.388
-166.454
-174.241
-182.438
-190.35
-197.208
-202.388
-205.236
-205.044
-201.562
-195.031
-186.306
-177.242
-169.734
-165.105
-164.674
-169.547
-179.706
-193.941
-209.615
-222.235
-227.275
-220.731
-198.237
-155.9
-90.996
-4.841
96.589
206.506
317.681
429.078
545.642
663.654
774.417
860.805
894.642
863.55
767.64
615.655
434.986
248.222
73.516
-68.331
-168.291
-221.874
-231.612
-211.205
-175.133
-138.301
-108.89
-88.894
-78.554
-72.036
-66.748
-61.701
-54.36
-48.31
-45.089
-43.641
-44.298
-43.93
-40.311
-33.948
-25.022
-14.59
-3.943
6.483
16.139
24.291
30.641
35.166
37.966
39.327
39.509
38.68
37.044
34.856
32.329
29.651
26.995
24.504
22.298
20.472
19.086
18.17
17.733
17.766
18.235
19.091
20.282
21.764
23.493
25.429
27.517
29.692
31.886
34.034
36.09
38.03
39.836
41.506
43.044
44.467
45.803
47.09
48.358
49.634
50.943
52.307
53.754
55.315
57.015
58.878
60.929
63.188
65.68
68.422
71.416
74.661
78.148
81.861
85.782
89.884
94.128
98.483
102.913
107.389
111.89
116.395
120.886
125.343
129.739
134.064
138.327
142.546
146.748
150.973
155.255
159.646
164.212
169.004
174.058
179.409
185.06
191.005
197.223
203.679
210.339
217.149
224.015
230.813
237.395
243.59
249.24
254.176
258.21
261.177
262.926
263.306
262.199
259.527
255.229
249.275
241.642
232.317
221.344
208.833
194.939
179.857
163.775
146.89
129.42
111.593
93.641
75.813
58.346
41.43
25.241
9.935
-4.336
-17.402
-29.147
-39.531
-48.561
-56.279
-62.735
-67.977
-72.073
-75.131
-77.279
-78.674
-79.481
-79.82
-79.802
-79.536
-79.131
-78.722
-78.414
-78.256
-78.266
-78.444
-78.786
-79.299
-79.978
-80.775
-81.629
-82.462
-83.184
-83.74
-84.091
-84.194
-84.01
-83.494
-82.61
-81.357
-79.751
-77.808
-75.547
-72.981
-70.127
-67.027
-63.731
-60.293
-56.772
-53.211
-49.645
-46.109
-42.632
-39.243
-35.963
-32.804
-29.77
-26.867
-24.105
-21.49
-19.034
-16.737
-14.596
-12.61
-10.775
-9.089
-7.554
-6.166
-4.926
-3.836
-2.897
-2.111
-1.483
-1.014
-0.7
-0.539
-0.527
-0.659
-0.928
-1.327
-1.849
-2.486
-3.231
-4.076
-5.013
-6.036
-7.135
-8.303
-9.532
-10.814
-12.141
-13.508
-14.908
-16.335
-17.783
-19.248
-20.725
-22.209
-23.695
-25.179
-26.656
-28.122
-29.572
-31.004
-32.413
-33.798
-35.156
-36.486
-37.787
-39.058
-40.301
-41.515
-42.701
-43.861
-44.996
-46.107
-47.198
-48.27
-49.324
-50.365
-51.394
-52.412
-53.422
-54.425
-55.423
-56.417
-57.407
-58.396
-59.384
-60.372
-61.363
-62.356
-63.355
-64.359
-65.37
-66.39
-67.418
-68.455
-69.502
-70.558
-71.624
-72.7
-73.784
-74.878
-75.978
-77.085
-78.196
-79.31
-80.424
-81.536
-82.642
-83.74
-84.826
-85.898
-86.953
-87.988
-89.001
-89.988
-90.947
-91.873
-92.764
-93.617
-94.425
-95.186
-95.895
-96.547
-97.14
-97.67
-98.132
-98.522
-98.838
-99.076
-99.234
-99.31
-99.3
-99.203
-99.019
-98.746
-98.386
-97.939
-97.406
-96.792
-96.102
-95.343
-94.52
-93.643
-92.717
-91.753
-90.759
-89.745
-88.716
-87.678
-86.636
-85.6
-84.578
-83.582
-82.62
-81.702
-80.835
-80.028
-79.288
-78.621
-78.022
-77.491
-77.028
-76.638
-76.34
-76.15
-76.078
-76.132
-76.318
-76.63
-77.062
-77.595
-78.189
-78.807
-79.412
-79.972
-80.472
-80.892
-81.196
-81.343
-81.276
-80.936
-80.289
-79.294
-77.923
-76.19
-74.127
-71.802
-69.328
-66.788
-64.265
-61.879
-59.734
-57.947
-56.664
-55.985
-56.058
-57.146
-59.362
-62.651
-66.789
-71.197
-75.249
-78.488
-80.298
-79.905
-76.976
-71.66
-64.692
-57.788
-52.68
-50.52
-52.507
-59.767
-72.392
-89.271
-108.086
-124.756
-134.639
-133.629
-117.491
-81.815
-25.046
50.33
140.736
240.715
347.172
463.366
589.092
716.928
832.786
912.507
933.884
888.724
779.628
623.372
445.687
267.944
110.072
-15.385
-107.226
-168.136
-207.864
-236.415
-256.802
-269.133
-269.508
-255.17
-229.236
-197.47
-166.461
-140.523
-121.033
-107.843
-100.331
-98.521
-101.884
-108.814
-117.545
-126.481
-134.295
-140.538
-145.008
-147.063
-146.534
-143.843
-139.58
-134.666
-130.13
-126.392
-123.61
-122.098
-121.897
-122.871
-124.868
-127.399
-129.809
-131.763
-133.083
-133.641
-133.485
-132.624
-131.011
-128.731
-125.92
-122.664
-119.042
-115.09
-110.795
-106.198
-101.372
-96.4
-91.384
-86.39
-81.446
-76.58
-71.804
-67.122
-62.542
-58.048
-53.61
-49.205
-44.816
-40.433
-36.05
-31.649
-27.205
-22.689
-18.071
-13.329
-8.444
-3.399
1.822
7.23
12.835
18.643
24.655
30.876
37.312
43.966
50.843
57.945
65.27
72.815
80.574
88.536
96.69
105.02
113.506
122.127
130.859
139.679
148.561
157.479
166.403
175.305
184.152
192.913
201.556
210.044
218.338
226.398
234.185
241.662
248.795
255.55
261.894
267.797
273.23
278.173
282.602
286.493
289.818
292.543
294.646
296.122
296.97
297.206
296.843
295.89
294.371
292.319
289.757
286.703
283.155
279.09
274.505
269.416
263.851
257.867
251.495
244.746
237.629
230.149
222.308
214.118
205.567
196.61
187.248
177.514
167.487
157.303
147.061
136.826
126.651
116.565
106.614
96.873
87.401
78.249
69.479
61.146
53.344
46.212
39.818
34.179
29.252
24.921
21.106
17.766
14.855
12.34
10.179
8.311
6.699
5.328
4.161
3.15
2.211
1.217
0.097
-1.176
-2.589
-4.08
-5.61
-7.169
-8.742
-10.308
-11.858
-13.377
-14.876
-16.391
-17.938
-19.518
-21.116
-22.688
-24.219
-25.715
-27.195
-28.694
-30.238
-31.841
-33.521
-35.301
-37.194
-39.207
-41.333
-43.548
-45.837
-48.193
-50.612
-53.096
-55.64
-58.235
-60.869
-63.533
-66.214
-68.902
-71.584
-74.244
-76.87
-79.451
-81.981
-84.456
-86.873
-89.223
-91.501
-93.702
-95.819
-97.846
-99.778
-101.607
-103.326
-104.931
-106.419
-107.788
-109.035
-110.16
-111.161
-112.041
-112.801
-113.441
-113.965
-114.374
-114.671
-114.859
-114.941
-114.919
-114.797
-114.578
-114.264
-113.861
-113.369
-112.794
-112.137
-111.402
-110.593
-109.712
-108.763
-107.749
-106.673
-105.539
-104.351
-103.112
-101.826
-100.498
-99.129
-97.723
-96.282
-94.809
-93.304
-91.77
-90.205
-88.612
-86.991
-85.341
-83.664
-81.96
-80.229
-78.471
-76.688
-74.88
-73.049
-71.195
-69.32
-67.425
-65.513
-63.585
-61.645
-59.694
-57.734
-55.769
-53.802
-51.833
-49.867
-47.905
-45.949
-44.002
-42.067
-40.145
-38.24
-36.354
-34.491
-32.654
-30.846
-29.071
-27.332
-25.631
-23.973
-22.36
-20.793
-19.277
-17.811
-16.397
-15.037
-13.73
-12.477
-11.278
-10.13
-9.033
-7.984
-6.979
-6.017
-5.093
-4.204
-3.346
-2.515
-1.708
-0.923
-0.155
0.597
1.338
2.07
2.795
3.518
4.241
4.965
5.692
6.423
7.159
7.9
8.642
9.383
10.117
10.84
11.546
12.23
12.882
13.493
14.049
14.537
14.95
15.277
15.506
15.625
15.622
15.485
15.211
14.796
14.234
13.519
12.638
11.587
10.375
9.011
7.506
5.866
4.079
2.14
0.052
-2.182
-4.557
-7.069
-9.727
-12.525
-15.432
-18.412
-21.41
-24.387
-27.337
-30.259
-33.165
-36.049
-38.841
-41.477
-43.892
-46.014
-47.84
-49.346
-50.441
-51.16
-51.64
-52.11
-53.029
-54.789
-57.446
-61.028
-65.495
-70.519
-75.909
-81.234
-85.409
-87.452
-86.781
-83.016
-76.399
-67.698
-57.275
-45.86
-35.122
-26.896
-23.178
-25.664
-34.825
-50.223
-71.529
-97.869
-127.258
-156.685
-181.684
-197.468
-200.283
-187.109
-155.085
-101.714
-25.137
72.625
184.474
302.361
417.873
529.274
643.015
759.222
873.101
968.308
1012.394
985.786
880.34
701.647
484.613
261.136
60.084
-89.196
-184.835
-232.098
-241.21
-235.506
-223.904
-208.067
-189.043
-159.997
-121.356
-80.184
-42.028
-13.279
2.717
6.909
1.113
-12.114
-29.602
-48.13
-64.956
-78.26
-86.832
-90.318
-89.057
-83.711
-75.492
-66.094
-57.079
-49.454
-43.86
-40.511
-39.298
-40.064
-42.469
-45.922
-49.795
-53.622
-57.079
-60.03
-62.475
-64.384
-65.746
-66.597
-66.985
-66.966
-66.588
-65.862
-64.787
-63.378
-61.67
-59.72
-57.605
-55.399
-53.174
-50.978
-48.841
-46.783
-44.817
-42.943
-41.158
-39.439
-37.756
-36.085
-34.404
-32.692
-30.926
-29.077
-27.108
-24.986
-22.68
-20.165
-17.419
-14.421
-11.153
-7.598
-3.747
0.407
4.868
9.639
14.726
20.13
25.852
31.889
38.236
44.885
51.828
59.053
66.544
74.282
82.244
90.407
98.741
107.219
115.807
124.47
133.173
141.876
150.541
159.126
167.591
175.892
183.987
191.834
199.391
206.616
213.469
219.912
225.908
231.422
236.421
240.876
244.757
248.04
250.701
252.721
254.081
254.768
254.771
254.082
252.698
250.619
247.85
244.397
240.274
235.495
230.08
224.05
217.432
210.255
202.549
194.349
185.693
176.618
167.167
157.38
147.303
136.978
126.451
115.767
104.971
94.107
83.22
72.353
61.549
50.849
40.295
29.925
19.776
9.886
0.287
-8.989
-17.912
-26.456
-34.597
-42.314
-49.589
-56.406
-62.753
-68.621
-74.004
-78.898
-83.302
-87.219
-90.653
-93.611
-96.103
-98.141
-99.739
-100.91
-101.672
-102.044
-102.043
-101.689
-101.005
-100.01
-98.728
-97.182
-95.393
-93.386
-91.185
-88.812
-86.292
-83.647
-80.9
-78.073
-75.186
-72.261
-69.316
-66.369
-63.438
-60.539
-57.687
-54.896
-52.177
-49.543
-47.004
-44.568
-42.245
-40.04
-37.961
-36.013
-34.2
-32.527
-30.998
-29.615
-28.382
-27.3
-26.372
-25.597
-24.977
-24.512
-24.201
-24.044
-24.039
-24.186
-24.482
-24.926
-25.515
-26.248
-27.121
-28.134
-29.283
-30.565
-31.978
-33.518
-35.183
-36.969
-38.874
-40.892
-43.021
-45.257
-47.595
-50.031
-52.559
-55.174
-57.87
-60.641
-63.48
-66.38
-69.333
-72.333
-75.372
-78.441
-81.533
-84.639
-87.751
-90.86
-93.959
-97.038
-100.089
-103.105
-106.075
-108.993
-111.849
-114.637
-117.349
-119.977
-122.514
-124.955
-127.292
-129.52
-131.634
-133.629
-135.5
-137.245
-138.859
-140.341
-141.689
-142.902
-143.979
-144.92
-145.726
-146.397
-146.937
-147.346
-147.626
-147.782
-147.817
-147.734
-147.537
-147.23
-146.819
-146.308
-145.701
-145.005
-144.224
-143.364
-142.429
-141.424
-140.356
-139.229
-138.048
-136.817
-135.54
-134.222
-132.866
-131.475
-130.053
-128.602
-127.123
-125.62
-124.093
-122.544
-120.973
-119.382
-117.768
-116.134
-114.476
-112.796
-111.09
-109.357
-107.596
-105.804
-103.979
-102.118
-100.22
-98.281
-96.299
-94.271
-92.194
-90.065
-87.881
-85.64
-83.337
-80.973
-78.544
-76.049
-73.489
-70.861
-68.166
-65.406
-62.582
-59.695
-56.748
-53.741
-50.68
-47.57
-44.416
-41.224
-38.003
-34.762
-31.512
-28.268
-25.042
-21.847
-18.696
-15.603
-12.584
-9.655
-6.832
-4.133
-1.575
0.826
3.052
5.081
6.899
8.492
9.852
10.973
11.846
12.466
12.828
12.929
12.772
12.359
11.684
10.75
9.561
8.12
6.438
4.534
2.423
0.126
-2.33
-4.92
-7.62
-10.398
-13.224
-16.064
-18.895
-21.695
-24.457
-27.167
-29.792
-32.287
-34.591
-36.66
-38.52
-40.199
-41.684
-43.025
-44.347
-45.852
-47.977
-51.142
-55.442
-60.891
-67.483
-74.909
-82.826
-90.675
-97.14
-100.841
-101.016
-97.197
-89.387
-78.289
-64.533
-49.2
-34.74
-23.943
-19.137
-22.125
-33.454
-52.606
-78.94
-110.841
-144.72
-175.848
-198.734
-208.068
-200.132
-171.755
-119.975
-43.375
57.543
177.905
308.045
438.736
561.913
675.621
784.123
885.683
973.866
1030.939
1029.948
956.845
808.225
599.788
367.72
143.394
-44.029
-176.828
-260.003
-301.551
-314.471
-311.357
-290.644
-252.178
-200.008
-142.271
-95.346
-70.44
-67.26
-76.564
-86.187
-89.338
-87.169
-86.409
-91.824
-103.166
-117.294
-129.748
-138.026
-142.177
-142.85
-140.927
-137.251
-132.694
-128.38
-125.156
-123.481
-123.448
-124.891
-127.631
-131.393
-135.714
-139.987
-143.726
-146.653
-148.665
-149.786
-150.034
-149.405
-147.93
-145.696
-142.791
-139.276
-135.192
-130.555
-125.395
-119.787
-113.817
-107.582
-101.176
-94.659
-88.071
-81.445
-74.804
-68.159
-61.522
-54.888
-48.241
-41.576
-34.89
-28.179
-21.443
-14.67
-7.843
-0.942
6.049
13.144
20.349
27.674
35.124
42.705
50.416
58.259
66.227
74.321
82.539
90.881
99.345
107.926
116.618
125.414
134.304
143.277
152.319
161.413
170.541
179.682
188.814
197.914
206.957
215.914
224.759
233.461
241.991
250.317
258.407
266.227
273.745
280.926
287.739
294.149
300.125
305.636
310.652
315.146
319.092
322.466
325.245
327.41
328.944
329.832
330.062
329.625
328.513
326.726
324.262
321.127
317.327
312.873
307.779
302.061
295.74
288.838
281.38
273.395
264.911
255.962
246.582
236.807
226.675
216.227
205.501
194.539
183.383
172.074
160.654
149.164
137.645
126.135
114.673
103.297
92.042
80.945
70.037
59.349
48.912
38.752
28.893
19.358
10.166
1.335
-7.121
-15.189
-22.862
-30.131
-36.992
-43.443
-49.484
-55.117
-60.347
-65.181
-69.628
-73.698
-77.403
-80.758
-83.777
-86.476
-88.872
-90.982
-92.823
-94.413
-95.77
-96.913
-97.859
-98.627
-99.235
-99.7
-100.039
-100.27
-100.407
-100.465
-100.459
-100.4
-100.302
-100.173
-100.025
-99.866
-99.704
-99.545
-99.396
-99.26
-99.141
-99.041
-98.961
-98.902
-98.862
-98.839
-98.833
-98.838
-98.853
-98.874
-98.897
-98.917
-98.931
-98.933
-98.919
-98.884
-98.823
-98.729
-98.599
-98.427
-98.208
-97.938
-97.612
-97.227
-96.778
-96.263
-95.678
-95.019
-94.285
-93.472
-92.579
-91.604
-90.545
-89.402
-88.174
-86.863
-85.468
-83.992
-82.436
-80.801
-79.09
-77.305
-75.45
-73.526
-71.538
-69.49
-67.385
-65.229
-63.027
-60.784
-58.506
-56.2
-53.871
-51.528
-49.176
-46.824
-44.478
-42.147
-39.839
-37.563
-35.328
-33.144
-31.02
-28.966
-26.992
-25.107
-23.323
-21.647
-20.091
-18.663
-17.373
-16.231
-15.245
-14.424
-13.776
-13.31
-13.033
-12.951
-13.07
-13.394
-13.93
-14.679
-15.644
-16.827
-18.228
-19.847
-21.683
-23.734
-25.996
-28.464
-31.133
-33.997
-37.048
-40.276
-43.672
-47.225
-50.923
-54.751
-58.696
-62.743
-66.877
-71.08
-75.336
-79.626
-83.933
-88.237
-92.521
-96.764
-100.948
-105.054
-109.062
-112.956
-116.716
-120.325
-123.765
-127.021
-130.077
-132.92
-135.535
-137.909
-140.031
-141.889
-143.475
-144.779
-145.794
-146.514
-146.933
-147.05
-146.862
-146.37
-145.576
-144.482
-143.094
-141.418
-139.462
-137.236
-134.75
-132.017
-129.05
-125.864
-122.477
-118.905
-115.167
-111.282
-107.273
-103.164
-98.978
-94.739
-90.472
-86.201
-81.951
-77.747
-73.61
-69.56
-65.616
-61.798
-58.126
-54.621
-51.302
-48.185
-45.285
-42.613
-40.181
-37.993
-36.047
-34.34
-32.867
-31.63
-30.64
-29.909
-29.441
-29.239
-29.302
-29.614
-30.159
-30.906
-31.804
-32.802
-33.854
-34.913
-35.952
-36.941
-37.834
-38.577
-39.099
-39.324
-39.194
-38.649
-37.633
-36.143
-34.202
-31.879
-29.288
-26.513
-23.63
-20.747
-17.97
-15.438
-13.304
-11.643
-10.59
-10.408
-11.251
-13.161
-15.955
-18.974
-21.501
-23.026
-22.843
-20.134
-14.502
-5.881
5.026
16.156
25.48
31.663
32.888
27.367
14.785
-4.418
-26.763
-44.593
-52.866
-48.569
-30.262
-0.427
43.984
109.083
199.816
322.388
474.36
648.539
834.917
1013.197
1162.441
1259.48
1281.676
1224.146
1093.259
904.818
686.221
459.663
245.074
64.039
-72.378
-159.121
-197.088
-197.254
-169.884
-122.963
-67.705
-16.552
18.867
30.409
20.937
3.61
-9.62
-13.204
-9.276
-6.294
-9.187
-16.791
-26.111
-33.267
-36.535
-36.661
-34.213
-29.793
-24.433
-19.392
-15.633
-13.643
-13.438
-14.761
-17.651
-22.207
-28.163
-34.958
-42.037
-48.986
-55.595
-61.792
-67.441
-72.381
-76.536
-79.909
-82.548
-84.506
-85.814
-86.482
-86.532
-86.011
-84.976
-83.493
-81.639
-79.491
-77.127
-74.625
-72.039
-69.403
-66.738
-64.053
-61.342
-58.593
-55.779
-52.869
-49.839
-46.671
-43.342
-39.832
-36.115
-32.163
-27.954
-23.466
-18.682
-13.588
-8.172
-2.424
3.658
10.075
16.822
23.894
31.284
38.987
46.996
55.3
63.889
72.749
81.864
91.216
100.786
110.547
120.472
130.532
140.693
150.921
161.18
171.431
181.635
191.752
201.739
211.555
221.156
230.499
239.54
248.238
256.549
264.433
271.849
278.761
285.132
290.928
296.118
300.674
304.569
307.78
310.286
312.069
313.115
313.411
312.952
311.731
309.75
307.011
303.523
299.298
294.351
288.702
282.373
275.391
267.785
259.588
250.834
241.561
231.808
221.619
211.035
200.103
188.869
177.378
165.679
153.818
141.841
129.797
117.73
105.687
93.71
81.845
70.134
58.617
47.334
36.322
25.618
15.255
5.263
-4.33
-13.496
-22.215
-30.466
-38.231
-45.497
-52.252
-58.488
-64.2
-69.385
-74.042
-78.175
-81.788
-84.888
-87.486
-89.591
-91.216
-92.376
-93.086
-93.362
-93.223
-92.687
-91.774
-90.505
-88.902
-86.988
-84.786
-82.32
-79.615
-76.694
-73.582
-70.304
-66.885
-63.349
-59.72
-56.021
-52.276
-48.506
-44.733
-40.978
-37.26
-33.598
-30.01
-26.512
-23.12
-19.85
-16.717
-13.734
-10.914
-8.27
-5.815
-3.559
-1.514
0.311
1.907
3.266
4.381
5.246
5.856
6.207
6.296
6.122
5.685
4.984
4.023
2.805
1.333
-0.387
-2.347
-4.543
-6.964
-9.602
-12.449
-15.494
-18.725
-22.133
-25.703
-29.424
-33.281
-37.259
-41.344
-45.52
-49.769
-54.074
-58.418
-62.784
-67.152
-71.506
-75.825
-80.093
-84.291
-88.401
-92.407
-96.293
-100.043
-103.642
-107.078
-110.339
-113.413
-116.292
-118.966
-121.427
-123.671
-125.69
-127.483
-129.045
-130.374
-131.472
-132.338
-132.975
-133.387
-133.578
-133.553
-133.319
-132.885
-132.258
-131.449
-130.468
-129.326
-128.036
-126.609
-125.061
-123.405
-121.654
-119.823
-117.925
-115.973
-113.98
-111.958
-109.918
-107.869
-105.821
-103.782
-101.761
-99.764
-97.797
-95.864
-93.968
-92.112
-90.297
-88.523
-86.789
-85.091
-83.427
-81.794
-80.188
-78.602
-77.033
-75.473
-73.916
-72.356
-70.784
-69.194
-67.577
-65.924
-64.229
-62.484
-60.681
-58.816
-56.882
-54.878
-52.803
-50.66
-48.449
-46.175
-43.843
-41.458
-39.028
-36.56
-34.059
-31.529
-28.977
-26.413
-23.851
-21.303
-18.779
-16.294
-13.86
-11.489
-9.195
-6.986
-4.864
-2.833
-0.9
0.919
2.591
4.09
5.395
6.489
7.357
7.996
8.401
8.588
8.597
8.466
8.236
7.937
7.579
7.187
6.797
6.454
6.23
6.188
6.371
6.819
7.55
8.549
9.778
11.16
12.583
13.925
15.041
15.788
16.055
15.731
14.744
12.961
10.105
5.993
0.611
-5.918
-13.198
-20.77
-28.31
-35.245
-40.666
-43.945
-44.877
-43.744
-41.601
-39.81
-39.542
-42.246
-49.967
-62.603
-77.409
-91.68
-101.571
-107.363
-114.864
-124.166
-129.971
-119.639
-74.008
15.004
143.887
300.278
466.615
632.736
789.862
927.766
1031.023
1075.456
1047.301
943.608
774.703
571.396
360.548
166.82
14.246
-94.305
-160.836
-193.071
-211.428
-224.39
-234.268
-241.305
-237.274
-221.09
-197.817
-172.085
-150.065
-134.287
-123.649
-117.502
-114.934
-114.99
-117.425
-121.438
-126.152
-131.517
-137.319
-142.934
-148.111
-152.546
-155.693
-157.586
-158.371
-157.963
-156.744
-155.375
-154.154
-153.373
-153.319
-153.866
-154.847
-156.1
-157.218
-157.757
-157.45
-156.082
-153.529
-149.817
-144.955
-138.964
-131.902
-123.79
-114.642
-104.468
-93.299
-81.218
-68.335
-54.785
-40.718
-26.283
-11.653
2.96
