Name,Kaushik Vada
Date of Birth,"Mar 17, 2005"
Recorded Date,2025-09-21 22:58:52 -0800
Classification,Sinus Rhythm
Symptoms,
Software Version,1.90
Device,"Watch7,12"
Sample Rate,512 hertz


Lead,Lead I
Unit,µV

-10.016
30.943
56.973
65.934
62.645
54.809
48.792
46.952
47.702
48.208
46.915
43.794
39.946
36.709
34.365
32.571
30.871
28.678
25.711
21.903
17.055
11.064
4.128
-3.396
-11.025
-18.358
-25.218
-31.432
-36.699
-40.733
-43.498
-45.203
-46.244
-46.852
-47.027
-46.839
-46.459
-46.146
-46.097
-46.298
-46.639
-47.194
-48.115
-49.5
-51.546
-54.209
-57.292
-60.882
-64.878
-69.511
-75.849
-84.007
-93.375
-102.881
-110.124
-114.928
-119.298
-125.049
-134.528
-147.294
-160.257
-170.846
-175.606
-170.442
-150.67
-110.099
-44.302
45.452
152.48
266.786
378.869
485.011
585.56
679.223
760.048
813.899
822.63
774.87
670.243
522.37
355.781
194.292
55.584
-51.691
-128.202
-178.373
-207.45
-221.035
-224.725
-223.682
-221.673
-219.978
-216.469
-207.547
-191.446
-168.684
-142.558
-118.275
-99.186
-86.763
-80.591
-78.056
-77.887
-80.101
-85.324
-95.426
-109.281
-123.031
-132.983
-134.884
-128.583
-118.117
-106.833
-98.425
-94.073
-91.673
-90.19
-88.791
-87.15
-86.303
-86.527
-87.514
-89.063
-90.714
-92.128
-93.303
-94.221
-94.83
-95.17
-95.268
-95.128
-94.772
-94.212
-93.423
-92.384
-91.103
-89.591
-87.867
-85.967
-83.916
-81.732
-79.436
-77.046
-74.583
-72.065
-69.507
-66.916
-64.305
-61.695
-59.116
-56.603
-54.178
-51.85
-49.619
-47.484
-45.443
-43.497
-41.644
-39.873
-38.172
-36.531
-34.939
-33.387
-31.862
-30.338
-28.783
-27.159
-25.437
-23.595
-21.625
-19.518
-17.264
-14.855
-12.285
-9.56
-6.694
-3.7
-0.584
2.648
5.988
9.418
12.903
16.409
19.911
23.394
26.858
30.299
33.707
37.075
40.403
43.707
47.024
50.383
53.796
57.279
60.84
64.503
68.314
72.308
76.509
80.927
85.563
90.428
95.545
100.938
106.611
112.546
118.7
125.034
131.524
138.14
144.849
151.598
158.316
164.939
171.418
177.711
183.765
189.507
194.838
199.65
203.847
207.353
210.104
212.039
213.094
213.218
212.366
210.525
207.694
203.869
199.036
193.167
186.251
178.317
169.445
159.719
149.207
137.989
126.149
113.805
101.109
88.183
75.083
61.938
48.995
36.389
24.194
12.561
1.44
-8.768
-17.053
-23.59
-29.22
-35.372
-44.74
-57.175
-70.018
-80.614
-85.181
-83.52
-79.261
-75.227
-74.487
-77.629
-82.048
-86.181
-88.966
-90.112
-90.747
-91.383
-91.987
-92.592
-93.028
-93.247
-93.393
-93.507
-93.559
-93.546
-93.455
-93.253
-92.897
-92.335
-91.513
-90.407
-89.023
-87.366
-85.444
-83.271
-80.866
-78.254
-75.457
-72.497
-69.39
-66.151
-62.801
-59.365
-55.869
-52.343
-48.812
-45.296
-41.811
-38.369
-34.982
-31.657
-28.4
-25.211
-22.092
-19.047
-16.081
-13.198
-10.402
-7.695
-5.077
-2.549
-0.112
2.234
4.488
6.651
8.723
10.703
12.592
14.389
16.095
17.713
19.244
20.693
22.063
23.359
24.584
25.743
26.841
27.883
28.874
29.819
30.724
31.593
32.433
33.252
34.056
34.852
35.648
36.449
37.264
38.097
38.956
39.844
40.768
41.732
42.743
43.806
44.928
46.117
47.378
48.716
50.138
51.647
53.246
54.935
56.714
58.581
60.536
62.581
64.717
66.945
69.262
71.664
74.147
76.701
79.315
81.969
84.64
87.312
89.971
92.605
95.21
97.78
100.309
102.794
105.226
107.599
109.908
112.142
114.289
116.346
118.317
120.216
122.066
123.877
125.651
127.389
129.079
130.708
132.252
133.671
134.929
135.988
136.814
137.378
137.651
137.599
137.183
136.355
135.059
133.256
130.914
127.999
124.494
120.381
115.669
110.399
104.608
98.342
91.653
84.583
77.189
69.531
61.662
53.644
45.541
37.405
29.292
21.259
13.352
5.623
-1.899
-9.215
-16.324
-23.233
-29.957
-36.512
-42.925
-49.225
-55.435
-61.578
-67.681
-73.768
-79.863
-85.992
-92.172
-98.425
-104.767
-111.2
-117.72
-124.327
-131.015
-137.777
-144.607
-151.491
-158.411
-165.349
-172.278
-179.159
-185.961
-192.651
-199.199
-205.579
-211.765
-217.736
-223.484
-228.989
-234.228
-239.175
-243.791
-248.05
-251.945
-255.472
-258.638
-261.481
-264.034
-266.339
-268.454
-270.419
-272.268
-274.031
-275.722
-277.36
-278.984
-280.63
-282.35
-284.196
-286.194
-288.368
-290.739
-293.292
-296.001
-298.83
-301.71
-304.591
-307.444
-310.242
-312.983
-315.667
-318.279
-320.798
-323.202
-325.452
-327.523
-329.395
-331.035
-332.44
-333.62
-334.594
-335.415
-336.127
-336.749
-337.284
-337.717
-338.012
-338.149
-338.116
-337.897
-337.497
-336.92
-336.166
-335.25
-334.177
-332.935
-331.512
-329.869
-327.958
-325.759
-323.272
-320.509
-317.51
-314.299
-310.887
-307.289
-303.512
-299.556
-295.424
-291.115
-286.624
-281.962
-277.152
-272.232
-267.265
-262.296
-257.354
-252.465
-247.637
-242.897
-238.291
-233.864
-229.656
-225.711
-222.073
-218.787
-215.907
-213.474
-211.509
-210.011
-208.956
-208.323
-208.096
-208.26
-208.8
-209.671
-210.81
-212.148
-213.614
-215.136
-216.638
-218.032
-219.225
-220.118
-220.607
-220.647
-220.26
-219.5
-218.479
-217.289
-215.962
-214.616
-213.459
-212.61
-212.102
-211.844
-211.544
-210.969
-210.077
-208.72
-206.611
-203.595
-199.584
-194.599
-188.955
-182.967
-176.734
-171.052
-167.446
-166.879
-169.716
-174.721
-179.397
-182.96
-187.314
-196.497
-214.059
-240.183
-270.403
-297.691
-317.063
-326.204
-325.131
-312.894
-284.32
-232.691
-152.321
-44.125
83.834
221.108
356.604
484.618
602.773
705.297
783.39
822.401
806.901
731.026
600.031
431.53
249.878
75.92
-76.557
-203.014
-303.287
-376.74
-422.158
-436.391
-422.091
-388.972
-349.441
-318.397
-302.438
-298.698
-300.635
-298.49
-288.23
-272.445
-255.308
-242.008
-234.357
-230.696
-228.925
-227.041
-224.3
-220.933
-217.213
-213.532
-210.314
-208.024
-207.216
-208.104
-210.57
-214.524
-219.769
-225.92
-232.431
-238.48
-243.194
-246.084
-246.994
-245.818
-242.615
-237.621
-231.238
-224.172
-217.147
-210.58
-204.687
-199.614
-195.39
-191.99
-189.285
-186.923
-184.595
-182.184
-179.653
-177.041
-174.425
-171.83
-169.306
-167.002
-165.019
-163.385
-162.102
-161.095
-160.277
-159.604
-159.024
-158.478
-157.931
-157.346
-156.694
-155.977
-155.208
-154.4
-153.582
-152.772
-151.971
-151.188
-150.423
-149.674
-148.945
-148.225
-147.487
-146.699
-145.825
-144.833
-143.7
-142.405
-140.922
-139.223
-137.277
-135.048
-132.516
-129.664
-126.481
-122.969
-119.133
-114.975
-110.524
-105.811
-100.885
-95.826
-90.652
-85.321
-79.799
-74.029
-68.015
-61.871
-55.622
-49.199
-42.65
-36.086
-29.625
-23.478
-17.61
-11.693
-5.538
0.939
7.921
15.557
24.061
33.791
44.752
56.587
69.056
81.961
95.096
108.35
121.496
134.16
146.222
157.787
168.895
179.559
189.721
199.228
208.012
216.092
223.397
229.773
235.094
239.271
242.263
244.097
244.789
244.329
242.723
240.011
236.228
231.424
225.669
219.02
211.545
203.334
194.477
185.074
175.233
165.042
154.569
143.888
133.058
122.14
111.215
100.366
89.678
79.255
69.183
59.539
50.405
41.844
33.9
26.597
19.937
13.916
8.546
3.833
-0.219
-3.607
-6.352
-8.488
-10.056
-11.118
-11.746
-12.009
-11.993
-11.779
-11.43
-10.987
-10.476
-9.91
-9.307
-8.688
-8.064
-7.448
-6.841
-6.241
-5.641
-5.03
-4.384
-3.673
-2.86
-1.903
-0.775
0.538
2.039
3.721
5.576
7.596
9.767
12.071
14.491
17.009
19.611
22.283
25.006
27.759
30.515
33.246
35.932
38.556
41.108
43.579
45.966
48.263
50.471
52.594
54.635
56.593
58.468
60.26
61.967
63.592
65.138
66.606
68.001
69.324
70.577
71.764
72.887
73.947
74.947
75.887
76.77
77.598
78.374
79.103
79.787
80.43
81.037
81.612
82.157
82.678
83.177
83.657
84.121
84.572
85.011
85.441
85.864
86.282
86.695
87.107
87.518
87.929
88.342
88.757
89.173
89.592
90.013
90.435
90.857
91.277
91.695
92.107
92.512
92.906
93.288
93.652
93.993
94.308
94.591
94.836
95.042
95.201
95.304
95.353
95.345
95.279
95.156
94.965
94.694
94.345
93.923
93.405
92.775
92.02
91.119
90.085
88.943
87.676
86.257
84.755
83.256
81.711
80.124
78.514
76.703
75.182
74.433
73.779
73.019
70.908
65.954
59.821
53.62
49.003
48.236
49.328
50.593
50.878
48.272
44.154
39.921
35.888
32.91
30.5
28.033
25.634
23.228
20.861
18.666
16.563
14.486
12.461
10.495
8.58
6.718
4.915
3.171
1.496
-0.096
-1.617
-3.074
-4.47
-5.812
-7.104
-8.351
-9.562
-10.744
-11.906
-13.052
-14.191
-15.33
-16.476
-17.637
-18.82
-20.033
-21.282
-22.574
-23.915
-25.31
-26.767
-28.288
-29.88
-31.545
-33.287
-35.11
-37.014
-39.002
-41.074
-43.229
-45.467
-47.786
-50.184
-52.657
-55.201
-57.811
-60.483
-63.211
-65.988
-68.807
-71.661
-74.543
-77.445
-80.359
-83.278
-86.192
-89.094
-91.976
-94.829
-97.646
-100.42
-103.142
-105.805
-108.402
-110.927
-113.374
-115.736
-118.008
-120.186
-122.263
-124.238
-126.107
-127.866
-129.515
-131.052
-132.475
-133.786
-134.984
-136.071
-137.048
-137.917
-138.68
-139.34
-139.901
-140.366
-140.739
-141.024
-141.226
-141.348
-141.396
-141.375
-141.29
-141.145
-140.946
-140.697
-140.404
-140.072
-139.707
-139.312
-138.894
-138.457
-138.006
-137.545
-137.079
-136.611
-136.145
-135.685
-135.234
-134.794
-134.369
-133.959
-133.569
-133.198
-132.851
-132.526
-132.227
-131.954
-131.707
-131.488
-131.296
-131.132
-130.996
-130.886
-130.804
-130.749
-130.72
-130.716
-130.738
-130.782
-130.849
-130.936
-131.043
-131.166
-131.304
-131.454
-131.615
-131.785
-131.96
-132.139
-132.32
-132.5
-132.677
-132.847
-133.009
-133.158
-133.293
-133.41
-133.505
-133.576
-133.619
-133.631
-133.611
-133.556
-133.464
-133.332
-133.158
-132.942
-132.679
-132.369
-132.007
-131.59
-131.116
-130.582
-129.987
-129.33
-128.61
-127.827
-126.981
-126.075
-125.108
-124.083
-122.998
-121.85
-120.64
-119.376
-118.065
-116.719
-115.352
-113.974
-112.6
-111.245
-109.925
-108.649
-107.424
-106.247
-105.122
-104.058
-103.068
-102.174
-101.388
-100.713
-100.149
-99.689
-99.322
-99.046
-98.848
-98.707
-98.609
-98.551
-98.543
-98.616
-98.795
-99.09
-99.498
-100.003
-100.599
-101.295
-102.103
-103.033
-104.086
-105.258
-106.547
-107.969
-109.535
-111.233
-113.019
-114.812
-116.529
-118.11
-119.524
-120.742
-121.703
-122.355
-122.676
-122.704
-122.571
-122.431
-122.407
-122.64
-123.299
-124.503
-126.313
-128.656
-131.206
-133.547
-135.231
-135.731
-134.543
-131.28
-125.706
-117.903
-108.391
-97.936
-87.544
-78.396
-71.667
-68.621
-70.439
-77.858
-91.2
-109.679
-131.151
-153.336
-173.675
-190.732
-205.056
-216.148
-221.932
-216.949
-192.056
-139.385
-55.393
55.619
182.713
313.196
437.14
552.525
661.327
764.775
859.044
930.264
961.057
937.452
854.497
721.808
558.693
387.179
226.107
85.944
-29.68
-120.002
-184.505
-221.695
-231.423
-218.306
-191.595
-162.916
-141.922
-131.384
-128.006
-125.304
-117.206
-102.648
-84.487
-67.104
-54.678
-48.41
-47.321
-49.734
-53.726
-58.241
-62.843
-67.046
-70.423
-72.497
-72.818
-71.348
-68.351
-64.195
-59.329
-54.21
-49.249
-44.864
-41.427
-39.071
-37.733
-37.252
-37.385
-37.892
-38.575
-39.225
-39.648
-39.744
-39.463
-38.794
-37.775
-36.435
-34.79
-32.864
-30.67
-28.202
-25.472
-22.502
-19.312
-15.937
-12.408
-8.742
-4.964
-1.099
2.828
6.789
10.766
14.749
18.718
22.647
26.502
30.243
33.846
37.301
40.603
43.752
46.75
49.598
52.303
54.882
57.348
59.714
61.992
64.192
66.329
68.427
70.512
72.613
74.757
76.963
79.253
81.643
84.15
86.79
89.573
92.508
95.604
98.872
102.32
105.961
109.804
113.859
118.135
122.639
127.374
132.341
137.538
142.958
148.592
154.427
160.445
166.628
172.96
179.424
186.009
192.7
199.481
206.331
213.222
220.132
227.042
233.937
240.806
247.646
254.458
261.256
268.066
274.914
281.816
288.777
295.787
302.827
309.881
316.932
323.966
330.964
337.898
344.735
351.44
357.97
364.268
370.256
375.83
380.881
385.309
389.035
392.012
394.204
395.582
396.114
395.777
394.558
392.45
389.449
385.549
380.745
375.052
368.527
361.263
353.375
344.981
336.175
327.037
317.638
308.049
298.351
288.617
278.913
269.312
259.897
250.769
242.052
233.839
226.188
219.122
212.637
206.72
201.374
196.598
192.39
188.741
185.633
183.051
180.987
179.417
178.297
177.555
177.092
176.828
176.71
176.704
176.794
176.967
177.206
177.501
177.853
178.261
178.729
179.252
179.817
180.424
181.088
181.836
182.715
183.759
184.982
186.394
187.995
189.782
191.752
193.891
196.175
198.583
201.099
203.706
206.397
209.159
211.969
214.806
217.641
220.45
223.218
225.929
228.572
231.137
233.616
236.006
238.311
240.531
242.667
244.716
246.676
248.546
250.329
252.024
253.635
255.162
256.607
257.973
259.261
260.475
261.616
262.687
263.687
264.62
265.488
266.294
267.041
267.732
268.372
268.965
269.513
270.022
270.496
270.938
271.352
271.742
272.113
272.466
272.806
273.137
273.46
273.781
274.102
274.425
274.755
275.094
275.445
275.81
276.193
276.596
277.019
277.466
277.938
278.437
278.963
279.517
280.102
280.718
281.366
282.046
282.759
283.504
284.282
285.093
285.935
286.809
287.714
288.648
289.612
290.604
291.622
292.667
293.736
294.828
295.941
297.075
298.227
299.396
300.58
301.779
302.991
304.216
305.451
306.698
307.954
309.22
310.495
311.779
313.072
314.373
315.683
317.002
318.331
319.67
321.02
322.382
323.756
325.144
326.547
327.967
329.403
330.859
332.334
333.831
335.351
336.895
338.466
340.063
341.688
343.344
345.029
346.745
348.492
350.271
352.079
353.918
355.786
357.681
359.602
361.547
363.513
365.499
367.5
369.514
371.537
373.566
375.595
377.621
379.639
381.644
383.632
385.598
387.536
389.442
391.309
393.134
394.909
396.63
398.292
399.888
401.414
402.863
404.233
405.517
406.711
407.812
408.815
409.719
410.519
411.214
411.803
412.283
412.654
412.917
413.07
413.115
413.052
412.883
412.609
412.233
411.755
411.178
410.505
409.739
408.881
407.934
406.902
405.786
404.59
403.318
401.971
400.552
399.064
397.511
395.893
394.213
392.473
390.673
388.815
386.896
384.917
382.876
380.77
378.597
376.353
374.034
371.636
369.155
366.587
363.926
361.169
358.311
355.347
352.271
349.078
345.763
342.322
338.747
335.031
331.168
327.149
322.967
318.617
314.09
309.378
304.469
299.355
294.029
288.488
282.725
276.74
270.529
264.099
257.464
250.639
243.639
236.476
229.158
221.701
214.121
206.434
198.657
190.803
182.876
174.888
166.852
158.769
150.634
142.415
134.058
125.522
116.76
107.727
98.408
88.797
78.917
68.843
58.641
48.369
38.104
27.871
17.607
7.18
-3.669
-15.241
-27.749
-41.367
-56.239
-72.337
-89.474
-107.278
-124.957
-141.594
-156.466
-168.815
-178.443
-185.929
-191.135
-193.803
-193.55
-188.881
-181.073
-173.74
-170.217
-174.913
-188.431
-206.884
-227.627
-247.806
-265.679
-283.235
-300.057
-314.276
-327.838
-341.808
-358.759
-383.74
-414.693
-447.627
-479.682
-505.393
-525.112
-541.832
-555.802
-569.649
-584.775
-602.573
-627.486
-662.814
-709.696
-765.206
-822.514
-873.305
-910.909
-933.483
-943.465
-947.273
-952.628
-966.324
-992.228
-1028.77
-1071.284
-1113.374
-1151.723
-1189.906
-1233.235
-1285.087
-1341.928
-1391.649
-1422.569
-1430.695
-1422.438
-1413.118
-1417.952
-1443.547
-1486.582
-1536.606
-1581.652
-1614.813
-1636.705
-1652.899
-1670.189
-1693.534
-1722.021
-1750.565
-1774.928
-1791.828
-1802.146
-1810.223
-1817.69
-1824.706
-1829.939
-1831.856
-1833.54
-1841.362
-1862.09
-1898.513
-1946.453
-1995.104
-2030.566
-2043.632
-2032.781
-2005.809
-1977.366
-1960.445
-1962.413
-1981.789
-2009.588
-2035.179
-2050.378
-2053.205
-2046.129
-2034.476
-2023.666
-2014.07
-2004.313
-1989.689
-1962.622
-1921.689
-1869.77
-1816.921
-1781.495
-1776.772
-1806.42
-1860.42
-1914.844
-1946.647
-1944.139
-1912.814
-1872.935
-1846.194
-1845.007
-1865.588
-1891.402
-1903.29
-1885.696
-1832.932
-1747.847
-1636.997
-1510.061
-1375.84
-1240.895
-1110.031
-983.969
-863.027
-751.424
-657.496
-595.768
-581.236
-620.55
-712.032
-842.952
-993.146
-1144.28
-1279.559
-1386.703
-1459.81
-1496.595
-1500.122
-1478.924
-1444.042
-1405.56
-1369.898
-1337.527
-1303.838
-1264.033
-1216.036
-1161.752
-1106.615
-1056.279
-1014.03
-980.589
-954.801
-934.729
-918.743
-905.545
-894.104
-883.596
-873.226
-862.542
-851.207
-838.94
-826.124
-812.771
-798.026
-781.586
-763.598
-746.144
-733.705
-728.257
-727.505
-724.152
-707.704
-673.178
-624.109
-571.673
-530.296
-507.656
-502.155
-504.848
-504.104
-493.503
-472.817
-446.021
-418.513
-392.93
-369.353
-346.822
-324.118
-301.035
-277.999
-255.267
-232.976
-211.079
-189.422
-167.957
-146.673
-125.531
-104.518
-83.661
-63.004
-42.598
-22.469
-2.61
16.997
36.357
55.477
74.365
93.045
111.556
129.926
148.17
166.292
184.282
202.132
219.837
237.387
254.766
271.957
288.928
305.662
322.15
338.375
354.322
369.963
385.253
400.166
414.693
428.833
442.599
456.013
469.093
481.871
494.385
506.664
518.736
530.619
542.321
553.873
565.315
576.683
588.023
599.357
610.685
622.023
633.392
644.759
656.099
667.412
678.735
690.226
702.101
714.511
727.564
741.387
756.085
771.59
787.645
803.894
819.88
835.643
851.883
868.554
885.28
901.355
915.086
927.481
941.766
961.069
989.513
1027.334
1070.522
1115.453
1157.918
1196.084
1231.559
1264.953
1296.36
1325.665
1351.811
1374.732
1395.333
1414.24
1431.961
1448.944
1465.462
1481.671
1497.623
1513.053
1527.406
1540.338
1551.738
1561.554
1569.828
1576.647
1582.099
1586.419
1589.954
1592.969
1595.661
1598.183
1600.611
1603.028
1605.538
1608.218
1611.148
1614.433
1618.157
1622.381
1627.146
1632.457
1638.305
1644.671
1651.517
1658.784
1666.394
1674.271
1682.357
1690.607
1698.97
1707.371
1715.705
1723.848
1731.711
1739.228
1746.35
1753.046
1759.282
1765.036
1770.311
1775.139
1779.568
1783.65
1787.424
1790.919
1794.167
1797.218
1800.152
1803.049
1805.967
1808.951
1812.034
1815.254
1818.656
1822.271
1826.1
1830.117
1834.279
1838.538
1842.842
1847.142
1851.382
1855.491
1859.378
1862.948
1866.105
1868.748
1870.761
1872.008
1872.335
1871.591
1869.639
1866.346
1861.574
1855.185
1847.052
1837.055
1825.064
1810.999
1794.811
1776.501
1756.143
1733.823
1709.61
1683.582
1655.844
1626.395
1595.152
1562.001
1526.756
1489.338
1449.848
1408.509
1365.66
1321.88
1277.92
1234.558
1192.609
1152.695
1115.141
1080.036
1047.247
1016.353
986.73
957.761
928.799
899.329
869.062
837.857
805.716
772.815
739.431
705.763
671.996
638.253
604.549
570.882
537.213
503.438
469.441
435.172
400.635
365.88
330.999
296.072
261.177
226.415
191.896
157.722
123.961
90.655
57.825
25.491
-6.318
-37.582
-68.292
-98.45
-128.065
-157.14
-185.681
-213.689
-241.172
-268.143
-294.616
-320.605
-346.114
-371.141
-395.682
-419.732
-443.285
-466.332
-488.864
-510.866
-532.326
-553.234
-573.581
-593.361
-612.564
-631.18
-649.202
-666.621
-683.431
-699.627
-715.205
-730.161
-744.494
-758.202
-771.285
-783.745
-795.583
-806.8
-817.398
-827.38
-836.748
-845.507
-853.663
-861.22
-868.187
-874.571
-880.382
-885.63
-890.326
-894.481
-898.11
-901.224
-903.837
-905.965
-907.623
-908.826
-909.591
-909.936
-909.876
-909.431
-908.618
-907.455
-905.961
-904.153
-902.052
-899.674
-897.039
-894.164
-891.067
-887.767
-884.281
-880.624
-876.814
-872.864
-868.791
-864.607
-860.325
-855.958
-851.517
-847.011
-842.452
-837.847
-833.204
-828.53
-823.831
-819.112
-814.376
-809.628
-804.868
-800.099
-795.321
-790.535
-785.74
-780.934
-776.117
-771.285
-766.436
-761.565
-756.668
-751.74
-746.776
-741.77
-736.717
-731.611
-726.447
-721.222
-715.929
-710.566
-705.129
-699.616
-694.023
-688.346
-682.581
-676.725
-670.773
-664.723
-658.573
-652.318
-645.958
-639.492
-632.922
-626.251
-619.48
-612.608
-605.634
-598.559
-591.39
-584.134
-576.801
-569.401
-561.948
-554.461
-546.967
-539.493
-532.059
-524.679
-517.36
-510.114
-502.952
-495.888
-488.936
-482.1
-475.38
-468.781
-462.31
-455.973
-449.766
-443.67
-437.648
-431.675
-425.739
-419.846
-414.011
-408.242
-402.548
-396.949
-391.474
-386.172
-381.083
-376.229
-371.617
-367.263
-363.192
-359.452
-356.1
-353.167
-350.652
-348.542
-346.816
-345.456
-344.428
-343.673
-343.094
-342.577
-342.043
-341.424
-340.656
-339.692
-338.497
-337.063
-335.459
-333.795
-332.176
-330.763
-329.739
-329.206
-329.225
-329.713
-330.378
-330.953
-331.129
-330.477
-328.585
-325.088
-319.709
-312.552
-304.122
-294.934
-285.712
-277.388
-270.841
-267.127
-267.36
-272.198
-281.813
-296.226
-314.358
-334.091
-353.458
-369.696
-380.976
-387.474
-387.961
-380.567
-361.961
-325.2
-265.627
-182.017
-75.971
44.463
170.813
297.438
419.073
533.802
637.986
721.26
770.441
770.648
711.666
595.829
436.541
255.668
77.317
-80.327
-206.533
-297.806
-355.451
-382.253
-383.391
-366.149
-339.779
-314.429
-295.702
-283.992
-275.312
-263.093
-244.734
-221.786
-198.156
-179.177
-167.065
-161.235
-160.184
-161.5
-163.68
-166.135
-168.273
-169.682
-169.989
-168.78
-165.835
-161.282
-155.448
-148.734
-141.596
-134.46
-127.675
-121.576
-116.467
-112.431
-109.388
-107.194
-105.616
-104.431
-103.472
-102.555
-101.498
-100.206
-98.629
-96.754
-94.623
-92.261
-89.684
-86.923
-84.001
-80.929
-77.721
-74.37
-70.874
-67.25
-63.505
-59.651
-55.701
-51.661
-47.548
-43.375
-39.154
-34.891
-30.595
-26.27
-21.93
-17.591
-13.269
-8.989
-4.766
-0.606
3.486
7.511
11.473
15.376
19.229
23.047
26.842
30.624
34.408
38.202
42.024
45.892
49.828
53.857
57.999
62.272
66.689
71.262
76.001
80.912
86
91.266
96.715
102.354
108.188
114.219
120.445
126.862
133.46
140.225
147.14
154.18
161.322
168.543
175.825
183.153
190.51
197.878
205.236
212.556
219.819
227.005
234.1
241.085
247.956
254.715
261.377
267.976
274.538
281.085
287.63
294.175
300.719
307.262
313.795
320.305
326.777
333.187
339.515
345.743
351.831
357.72
363.329
368.547
373.265
377.383
380.803
383.438
385.216
386.073
385.958
384.841
382.688
379.471
375.16
369.714
363.123
355.405
346.611
336.829
326.165
314.729
302.646
290.045
277.044
263.756
250.285
236.722
223.17
209.737
196.547
183.738
171.438
159.755
148.772
138.533
129.061
120.361
112.417
105.2
98.68
92.83
87.62
83.026
79.011
75.526
72.503
69.857
67.493
65.317
63.251
61.244
59.256
57.271
55.278
53.276
51.273
49.285
47.325
45.404
43.53
41.7
39.934
38.277
36.76
35.398
34.202
33.167
32.298
31.633
31.175
30.872
30.744
30.906
31.367
32.067
33.008
34.026
35.373
37.883
41.352
44.962
47.397
46.201
41.488
35.704
31.28
31.677
37.138
44.384
50.877
53.883
52.904
50.39
47.853
46.319
46.11
46.228
46.217
46.114
45.886
45.685
45.553
45.357
45.057
44.677
44.217
43.672
43.052
42.366
41.63
40.87
40.099
39.309
38.5
37.679
36.847
36.01
35.17
34.327
33.483
32.643
31.81
30.987
30.176
29.38
28.6
27.838
27.095
26.374
25.676
25.001
24.351
23.726
23.126
22.553
22.005
21.484
20.988
20.518
20.072
19.652
19.255
18.882
18.531
18.202
17.894
17.605
17.334
17.081
16.844
16.622
16.412
16.214
16.026
15.847
15.675
15.508
15.345
15.185
15.026
14.867
14.708
14.547
14.383
14.215
14.043
13.866
13.684
13.496
13.302
13.101
12.893
12.678
12.456
12.227
11.99
11.746
11.495
11.237
10.972
10.7
10.423
10.142
9.855
9.566
9.273
8.979
8.684
8.388
8.093
7.798
7.505
7.213
6.923
6.634
6.347
6.061
5.776
5.491
5.205
4.917
4.626
4.331
4.029
3.721
3.403
3.075
2.734
2.379
2.006
1.615
1.202
0.765
0.301
-0.193
-0.719
-1.281
-1.88
-2.52
-3.203
-3.933
-4.71
-5.538
-6.419
-7.353
-8.344
-9.391
-10.497
-11.661
-12.883
-14.165
-15.505
-16.902
-18.356
-19.865
-21.427
-23.041
-24.703
-26.413
-28.166
-29.959
-31.789
-33.652
-35.543
-37.459
-39.394
-41.343
-43.303
-45.266
-47.229
-49.185
-51.13
-53.058
-54.964
-56.843
-58.69
-60.499
-62.267
-63.99
-65.662
-67.28
-68.841
-70.341
-71.779
-73.151
-74.455
-75.689
-76.853
-77.945
-78.965
-79.912
-80.787
-81.59
-82.323
-82.987
-83.584
-84.117
-84.588
-85.001
-85.359
-85.665
-85.925
-86.141
-86.319
-86.463
-86.578
-86.668
-86.738
-86.793
-86.838
-86.877
-86.914
-86.954
-87.001
-87.06
-87.134
-87.226
-87.341
-87.482
-87.652
-87.853
-88.088
-88.358
-88.666
-89.013
-89.4
-89.826
-90.292
-90.796
-91.338
-91.917
-92.529
-93.171
-93.841
-94.536
-95.25
-95.981
-96.722
-97.47
-98.218
-98.963
-99.699
-100.421
-101.123
-101.801
-102.448
-103.06
-103.631
-104.155
-104.625
-105.034
-105.376
-105.647
-105.842
-105.954
-105.981
-105.917
-105.76
-105.508
-105.16
-104.712
-104.159
-103.5
-102.735
-101.874
-100.922
-99.887
-98.776
-97.599
-96.367
-95.097
-93.795
-92.467
-91.117
-89.748
-88.374
-87.013
-85.684
-84.406
-83.193
-82.05
-80.986
-80.013
-79.132
-78.343
-77.648
-77.041
-76.536
-76.168
-75.958
-75.931
-76.103
-76.474
-77.046
-77.821
-78.787
-79.945
-81.293
-82.828
-84.563
-86.51
-88.663
-91.014
-93.53
-96.142
-98.802
-101.461
-104.058
-106.545
-108.875
-111.006
-112.923
-114.622
-116.07
-117.214
-118.032
-118.548
-118.864
-119.156
-119.608
-120.387
-121.666
-123.647
-126.433
-129.972
-134.057
-138.233
-141.995
-144.948
-146.727
-147.016
-145.666
-142.661
-138.178
-132.833
-127.817
-124.583
-124.281
-127.455
-132.98
-138.714
-143.818
-148.726
-155.805
-168.391
-186.75
-208.331
-228.932
-242.833
-245.984
-235.532
-207.17
-157.672
-85.022
10.791
123.774
246.276
371.602
493.278
608.905
715.688
805.958
869.988
894.733
868.454
788.251
659.769
497.669
322.917
155.867
11.889
-100.624
-180.005
-230.608
-257.377
-263.814
-255.097
-234.383
-206.518
-179.867
-157.868
-142.179
-131.737
-120.498
-106.403
-90.243
-73.844
-61.52
-55.01
-53.408
-55.364
-58.858
-62.612
-66.335
-69.753
-72.602
-74.623
-75.577
-75.524
-74.684
-73.344
-71.796
-70.288
-69.051
-68.298
-68.178
-68.652
-69.54
-70.623
-71.659
-72.446
-72.826
-72.627
-71.677
-69.916
-67.37
-64.098
-60.209
-55.8
-50.968
-45.855
-40.639
-35.468
-30.461
-25.703
-21.246
-17.136
-13.409
-10.079
-7.139
-4.552
-2.284
-0.306
1.403
2.869
4.13
5.243
6.284
7.309
8.362
9.474
10.668
11.967
13.385
14.92
16.55
18.246
19.988
21.768
23.588
25.452
27.357
29.295
31.26
33.253
35.282
37.354
39.477
41.656
43.902
46.233
48.675
51.255
53.996
56.909
60.003
63.288
66.774
70.472
74.388
78.517
82.856
87.399
92.138
97.063
102.159
107.399
112.759
118.215
123.746
129.337
134.974
140.638
146.308
151.957
157.566
163.123
168.62
174.05
179.411
184.709
189.96
195.198
200.454
205.744
211.078
216.446
221.833
227.229
232.624
238.004
243.354
248.642
253.828
258.877
263.745
268.37
272.673
276.545
279.876
282.576
284.576
285.826
286.294
285.942
284.736
282.653
279.677
275.807
271.054
265.424
258.929
251.607
243.528
234.793
225.524
215.824
205.786
195.493
185.015
174.438
163.848
153.324
142.945
132.785
122.906
113.386
104.3
95.7
87.617
80.051
72.982
66.396
60.284
54.631
49.428
44.647
40.255
36.218
32.497
29.053
25.852
22.852
20.004
17.274
14.638
12.086
9.623
7.251
4.97
2.787
0.704
-1.263
-3.098
-4.781
-6.289
-7.605
-8.715
-9.607
-10.267
-10.69
-10.873
-10.824
-10.558
-10.09
-9.433
-8.604
-7.622
-6.507
-5.284
-3.978
-2.615
-1.22
0.19
1.594
2.978
4.327
5.629
6.877
8.065
9.189
10.244
11.226
12.131
12.956
13.701
14.366
14.954
15.464
15.898
16.258
16.546
16.762
16.91
16.992
17.008
16.962
16.857
16.698
16.488
16.234
15.938
15.606
15.244
14.855
14.444
14.015
13.571
13.117
12.656
12.191
11.726
11.262
10.802
10.349
9.904
9.469
9.045
8.633
8.234
7.847
7.473
7.112
6.763
6.425
6.098
5.781
5.472
5.17
4.872
4.578
4.286
3.994
3.7
3.402
3.099
2.789
2.471
2.144
1.807
1.458
1.098
0.725
0.339
-0.061
-0.475
-0.903
-1.346
-1.803
-2.275
-2.761
-3.261
-3.774
-4.301
-4.841
-5.393
-5.956
-6.529
-7.113
-7.705
-8.305
-8.912
-9.525
-10.144
-10.766
-11.391
-12.019
-12.649
-13.279
-13.91
-14.54
-15.17
-15.798
-16.424
-17.048
-17.669
-18.287
-18.901
-19.511
-20.116
-20.716
-21.31
-21.898
-22.48
-23.053
-23.619
-24.176
-24.723
-25.26
-25.785
-26.299
-26.801
-27.289
-27.763
-28.223
-28.667
-29.096
-29.508
-29.903
-30.281
-30.64
-30.98
-31.302
-31.604
-31.887
-32.151
-32.395
-32.621
-32.827
-33.015
-33.186
-33.339
-33.476
-33.597
-33.703
-33.795
-33.876
-33.945
-34.005
-34.057
-34.103
-34.144
-34.183
-34.22
-34.258
-34.298
-34.342
-34.392
-34.449
-34.516
-34.592
-34.681
-34.783
-34.9
-35.031
-35.178
-35.342
-35.522
-35.72
-35.933
-36.164
-36.411
-36.674
-36.952
-37.246
-37.553
-37.873
-38.205
-38.548
-38.901
-39.261
-39.628
-40.001
-40.377
-40.755
-41.134
-41.513
-41.889
-42.262
-42.63
-42.992
-43.346
-43.691
-44.026
-44.35
-44.662
-44.962
-45.249
-45.524
-45.786
-46.035
-46.272
-46.497
-46.711
-46.913
-47.106
-47.288
-47.462
-47.628
-47.788
-47.941
-48.09
-48.236
-48.379
-48.52
-48.661
-48.802
-48.945
-49.089
-49.236
-49.386
-49.541
-49.7
-49.865
-50.036
-50.213
-50.397
-50.587
-50.784
-50.987
-51.195
-51.409
-51.628
-51.851
-52.078
-52.308
-52.54
-52.774
-53.008
-53.242
-53.474
-53.703
-53.929
-54.148
-54.362
-54.567
-54.763
-54.949
-55.122
-55.282
-55.427
-55.556
-55.668
-55.76
-55.831
-55.88
-55.906
-55.907
-55.882
-55.829
-55.747
-55.635
-55.492
-55.316
-55.105
-54.86
-54.578
-54.258
-53.9
-53.501
-53.062
-52.58
-52.055
-51.488
-50.876
-50.222
-49.524
-48.784
-48.002
-47.18
-46.319
-45.423
-44.492
-43.53
-42.539
-41.524
-40.488
-39.437
-38.376
-37.311
-36.249
-35.197
-34.165
-33.163
-32.199
-31.286
-30.434
-29.654
-28.958
-28.358
-27.864
-27.488
-27.238
-27.123
-27.152
-27.331
-27.667
-28.164
-28.824
-29.646
-30.623
-31.751
-33.023
-34.436
-35.983
-37.66
-39.458
-41.375
-43.407
-45.549
-47.795
-50.126
-52.521
-54.958
-57.418
-59.886
-62.355
-64.81
-67.229
-69.584
-71.843
-73.979
-75.967
-77.762
-79.31
-80.585
-81.603
-82.443
-83.242
-84.131
-85.224
-86.655
-88.556
-90.997
-93.961
-97.264
-100.57
-103.509
-105.714
-106.794
-106.403
-104.301
-100.289
-94.509
-87.463
-79.699
-72.447
-66.963
-63.691
-63.554
-66.242
-70.984
-78.999
-89.878
-103.812
-121.207
-138.931
-155.608
-168.939
-174.956
-171.309
-152.358
-113.242
-52.29
30.548
129.3
236.46
346.29
453.307
555.56
650.684
731.674
788.791
809.291
782.063
704.135
582.49
433.377
277.904
135.943
19.692
-67.155
-126.507
-164.353
-184.623
-188.872
-180.139
-161.293
-138.043
-117.278
-101.475
-90.405
-80.709
-68.31
-52.756
-36.06
-21.635
-12.073
-7.644
-7.006
-8.116
-9.747
-11.367
-12.61
-13.33
-13.158
-11.665
-8.921
-5.223
-0.837
3.84
8.45
12.725
16.291
18.795
20.149
20.433
19.799
18.49
16.726
14.677
12.558
10.605
8.975
7.765
7.029
6.776
7.008
7.727
8.913
10.518
12.498
14.803
17.38
20.185
23.17
26.286
29.494
32.755
36.025
39.259
42.412
45.435
48.294
50.969
53.44
55.702
57.756
59.603
61.258
62.736
64.051
65.215
66.241
67.136
67.917
68.602
69.211
69.769
70.298
70.815
71.337
71.881
72.457
73.077
73.753
74.489
75.296
76.184
77.166
78.253
79.457
80.789
82.257
83.871
85.636
87.56
89.652
91.92
94.376
97.027
99.879
102.935
106.194
109.65
113.295
117.115
121.089
125.196
129.416
133.732
138.133
142.602
147.124
151.678
156.24
160.788
165.308
169.788
174.223
178.615
182.971
187.311
191.674
196.093
200.592
205.185
209.864
214.622
219.449
224.334
229.267
234.23
239.196
244.131
249.001
253.75
258.315
262.601
266.484
269.845
272.574
274.583
275.817
276.225
275.759
274.38
272.06
268.776
264.516
259.267
253.011
245.759
237.548
228.454
218.6
208.109
197.108
185.706
173.992
162.057
149.997
137.9
125.844
113.915
102.198
90.798
79.845
69.438
59.644
50.502
42.006
34.146
26.907
20.271
14.224
8.749
3.817
-0.594
-4.501
-7.935
-10.941
-13.59
-15.983
-18.199
-20.295
-22.313
-24.269
-26.176
-28.047
-29.883
-31.681
-33.435
-35.138
-36.789
-38.395
-39.95
-41.439
-42.833
-44.082
-45.153
-46.028
-46.693
-47.149
-47.397
-47.44
-47.292
-46.977
-46.515
-45.927
-45.228
-44.428
-43.544
-42.596
-41.61
-40.613
-39.631
-38.68
-37.774
-36.927
-36.146
-35.44
-34.812
-34.256
-33.772
-33.359
-33.017
-32.748
-32.551
-32.423
-32.362
-32.364
-32.426
-32.547
-32.722
-32.949
-33.223
-33.543
-33.905
-34.308
-34.749
-35.224
-35.731
-36.264
-36.82
-37.396
-37.986
-38.588
-39.197
-39.811
-40.425
-41.039
-41.65
-42.256
-42.856
-43.449
-44.035
-44.613
-45.185
-45.75
-46.31
-46.866
-47.418
-47.968
-48.518
-49.07
-49.625
-50.186
-50.754
-51.333
-51.924
-52.53
-53.153
-53.795
-54.46
-55.148
-55.863
-56.606
-57.38
-58.187
-59.028
-59.905
-60.819
-61.772
-62.763
-63.793
-64.862
-65.969
-67.114
-68.295
-69.51
-70.759
-72.038
-73.346
-74.679
-76.036
-77.411
-78.804
-80.209
-81.624
-83.045
-84.468
-85.89
-87.306
-88.714
-90.11
-91.49
-92.85
-94.187
-95.499
-96.78
-98.03
-99.243
-100.419
-101.554
-102.645
-103.692
-104.691
-105.642
-106.544
-107.395
-108.195
-108.944
-109.642
-110.29
-110.889
-111.439
-111.942
-112.399
-112.813
-113.185
-113.518
-113.813
-114.073
-114.3
-114.497
-114.666
-114.809
-114.929
-115.028
-115.108
-115.172
-115.221
-115.258
-115.284
-115.302
-115.313
-115.318
-115.321
-115.321
-115.32
-115.319
-115.318
-115.32
-115.323
-115.328
-115.335
-115.344
-115.354
-115.364
-115.374
-115.383
-115.39
-115.394
-115.392
-115.385
-115.371
-115.349
-115.317
-115.274
-115.22
-115.153
-115.072
-114.977
-114.867
-114.741
-114.599
-114.44
-114.263
-114.07
-113.858
-113.629
-113.381
-113.116
-112.833
-112.532
-112.215
-111.881
-111.531
-111.167
-110.789
-110.399
-109.999
-109.588
-109.17
-108.746
-108.318
-107.887
-107.456
-107.026
-106.599
-106.177
-105.762
-105.355
-104.958
-104.573
-104.201
-103.843
-103.5
-103.174
-102.865
-102.575
-102.305
-102.056
-101.828
-101.622
-101.439
-101.279
-101.143
-101.031
-100.942
-100.878
-100.838
-100.82
-100.824
-100.85
-100.896
-100.96
-101.042
-101.139
-101.249
-101.37
-101.5
-101.636
-101.775
-101.915
-102.052
-102.183
-102.305
-102.413
-102.506
-102.579
-102.629
-102.651
-102.643
-102.6
-102.517
-102.392
-102.218
-101.993
-101.712
-101.37
-100.964
-100.489
-99.941
-99.318
-98.616
-97.831
-96.96
-96.002
-94.953
-93.811
-92.575
-91.243
-89.814
-88.29
-86.669
-84.955
-83.151
-81.26
-79.287
-77.238
-75.117
-72.932
-70.691
-68.402
-66.074
-63.716
-61.342
-58.963
-56.594
-54.251
-51.947
-49.697
-47.515
-45.412
-43.4
-41.489
-39.687
-38.005
-36.453
-35.04
-33.779
-32.683
-31.76
-31.017
-30.456
-30.079
-29.886
-29.873
-30.035
-30.364
-30.856
-31.511
-32.322
-33.279
-34.36
-35.54
-36.791
-38.075
-39.351
-40.568
-41.678
-42.637
-43.415
-43.976
-44.271
-44.289
-44.043
-43.579
-43.014
-42.455
-41.978
-41.703
-41.803
-42.382
-43.497
-45.106
-46.94
-48.76
-50.457
-51.829
-52.621
-52.65
-51.69
-49.684
-46.967
-43.877
-40.607
-37.534
-35.133
-33.904
-34.624
-38.057
-44.594
-54.497
-68.066
-84.659
-102.538
-119.697
-133.407
-142.263
-147.154
-148.37
-145.038
-132.538
-102.398
-47.335
36.663
146.268
272.012
403.974
532.601
652.901
762.085
853.529
918.262
943.984
919.13
840.768
715.546
559.004
392.043
234.406
99.181
-7.704
-85.663
-139.193
-171.732
-184.704
-181.987
-165.996
-141.756
-118.297
-99.59
-87.731
-81.759
-75.363
-66.088
-54.422
-42.022
-33.22
-29.871
-30.959
-34.917
-39.62
-43.717
-46.848
-48.8
-49.318
-48.104
-45.182
-40.878
-35.545
-29.657
-23.645
-17.821
-12.614
-8.424
-5.363
-3.395
-2.399
-2.157
-2.495
-3.262
-4.242
-5.231
-6.117
-6.849
-7.423
-7.859
-8.159
-8.323
-8.363
-8.303
-8.162
-7.94
-7.63
-7.215
-6.679
-6.02
-5.248
-4.362
-3.364
-2.256
-1.038
0.281
1.686
3.169
4.719
6.328
7.988
9.681
11.388
13.087
14.751
16.361
17.909
19.391
20.806
22.158
23.451
24.694
25.905
27.099
28.29
29.492
30.717
31.984
33.315
34.732
36.261
37.924
39.736
41.71
43.859
46.189
48.709
51.42
54.323
57.42
60.714
64.214
67.924
71.844
75.971
80.299
84.817
89.512
94.368
99.359
104.464
109.662
114.933
120.264
125.642
131.046
136.459
141.854
147.212
152.515
157.748
162.9
167.968
172.955
177.879
182.769
187.655
192.558
197.495
202.465
207.462
212.477
217.498
222.509
227.494
232.427
237.282
242.031
246.63
251.027
255.148
258.893
262.158
264.848
266.869
268.156
268.661
268.344
267.177
265.136
262.204
258.37
253.626
247.96
241.368
233.861
225.48
216.305
206.437
195.986
185.065
173.771
162.187
150.393
138.47
126.496
114.547
102.705
91.057
79.707
68.776
58.377
48.593
39.47
31.026
23.26
16.162
9.729
3.953
-1.18
-5.685
-9.587
-12.907
-15.675
-17.937
-19.765
-21.257
-22.515
-23.623
-24.636
-25.593
-26.516
-27.424
-28.335
-29.252
-30.177
-31.109
-32.045
-32.988
-33.941
-34.89
-35.811
-36.66
-37.387
-37.957
-38.35
-38.553
-38.564
-38.383
-38.013
-37.471
-36.776
-35.948
-35.002
-33.949
-32.8
-31.571
-30.281
-28.955
-27.622
-26.301
-25.009
-23.758
-22.558
-21.416
-20.338
-19.322
-18.365
-17.463
-16.618
-15.829
-15.098
-14.425
-13.809
-13.249
-12.742
-12.289
-11.887
-11.536
-11.234
-10.98
-10.773
-10.613
-10.5
-10.433
-10.411
-10.432
-10.494
-10.594
-10.731
-10.901
-11.102
-11.332
-11.587
-11.865
-12.165
-12.485
-12.821
-13.174
-13.54
-13.918
-14.307
-14.704
-15.107
-15.515
-15.926
-16.337
-16.746
-17.152
-17.552
-17.945
-18.33
-18.705
-19.068
-19.418
-19.755
-20.077
-20.383
-20.674
-20.948
-21.204
-21.445
-21.668
-21.875
-22.066
-22.242
-22.402
-22.546
-22.676
-22.792
-22.893
-22.981
-23.055
-23.117
-23.166
-23.204
-23.232
-23.249
-23.258
-23.259
-23.253
-23.24
-23.222
-23.2
-23.174
-23.145
-23.114
-23.082
-23.049
-23.016
-22.983
-22.951
-22.92
-22.889
-22.86
-22.831
-22.802
-22.775
-22.747
-22.72
-22.693
-22.666
-22.64
-22.613
-22.586
-22.559
-22.531
-22.503
-22.474
-22.444
-22.413
-22.381
-22.347
-22.311
-22.274
-22.234
-22.193
-22.149
-22.102
-22.052
-21.999
-21.944
-21.884
-21.822
-21.757
-21.69
-21.619
-21.547
-21.473
-21.398
-21.321
-21.244
-21.166
-21.088
-21.01
-20.932
-20.854
-20.777
-20.701
-20.627
-20.553
-20.481
-20.411
-20.342
-20.275
-20.21
-20.147
-20.086
-20.028
-19.972
-19.919
-19.87
-19.824
-19.782
-19.743
-19.709
-19.678
-19.651
-19.629
-19.61
-19.595
-19.584
-19.576
-19.572
-19.571
-19.573
-19.579
-19.587
-19.599
-19.613
-19.63
-19.649
-19.671
-19.696
-19.723
-19.753
-19.786
-19.822
-19.861
-19.902
-19.947
-19.995
-20.045
-20.098
-20.153
-20.211
-20.27
-20.332
-20.396
-20.461
-20.528
-20.597
-20.667
-20.74
-20.814
-20.889
-20.967
-21.046
-21.127
-21.21
-21.295
-21.381
-21.47
-21.561
-21.654
-21.749
-21.846
-21.944
-22.044
-22.145
-22.248
-22.352
-22.457
-22.564
-22.672
-22.783
-22.896
-23.012
-23.132
-23.256
-23.385
-23.519
-23.66
-23.808
-23.965
-24.13
-24.306
-24.494
-24.694
-24.908
-25.137
-25.382
-25.644
-25.925
-26.226
-26.547
-26.89
-27.257
-27.649
-28.066
-28.512
-28.986
-29.491
-30.027
-30.595
-31.197
-31.832
-32.5
-33.203
-33.94
-34.71
-35.514
-36.35
-37.219
-38.118
-39.046
-40.001
-40.98
-41.982
-43.003
-44.041
-45.091
-46.15
-47.214
-48.281
-49.345
-50.404
-51.452
-52.485
-53.499
-54.488
-55.447
-56.371
-57.255
-58.093
-58.881
-59.613
-60.285
-60.892
-61.429
-61.893
-62.278
-62.581
-62.799
-62.929
-62.966
-62.909
-62.755
-62.504
-62.155
-61.71
-61.17
-60.538
-59.817
-59.015
-58.135
-57.184
-56.167
-55.092
-53.967
-52.801
-51.605
-50.39
-49.17
-47.958
-46.772
-45.627
-44.539
-43.521
-42.584
-41.737
-40.99
-40.355
-39.843
-39.466
-39.236
-39.167
-39.275
-39.571
-40.059
-40.741
-41.61
-42.66
-43.883
-45.272
-46.818
-48.521
-50.376
-52.374
-54.5
-56.726
-59.014
-61.326
-63.618
-65.841
-67.952
-69.91
-71.678
-73.224
-74.533
-75.582
-76.324
-76.74
-76.851
-76.724
-76.515
-76.392
-76.484
-76.97
-78.087
-79.959
-82.608
-85.9
-89.449
-92.877
-95.883
-98.06
-98.954
-98.317
-96.092
-92.391
-87.665
-82.506
-77.436
-73.584
-72.634
-75.266
-81.616
-90.964
-101.091
-111.73
-123.881
-138.387
-156.784
-177.831
-198.29
-214.741
-222.776
-218.39
-196.741
-152.557
-82.229
14.386
131.409
259.119
387.684
510.48
626.119
735.034
833.885
912.319
953.9
942.002
868.697
739.547
572.828
393.335
223.29
77.082
-40.705
-130.747
-194.461
-232.594
-243.353
-229.102
-197.62
-159.597
-129.039
-112.763
-109.325
-113.05
-113.872
-107.068
-94.223
-79.055
-67.288
-61.435
-60.407
-62.317
-64.893
-66.981
-68.565
-69.645
-70.166
-69.902
-68.538
-66.107
-62.815
-58.913
-54.698
-50.429
-46.364
-42.818
-40.113
-38.376
-37.574
-37.589
-38.226
-39.3
-40.652
-42.093
-43.421
-44.506
-45.287
-45.739
-45.89
-45.762
-45.371
-44.741
-43.896
-42.847
-41.595
-40.149
-38.521
-36.73
-34.805
-32.765
-30.623
-28.401
-26.118
-23.793
-21.442
-19.074
-16.692
-14.311
-11.95
-9.635
-7.393
-5.242
-3.187
-1.232
0.627
2.394
4.073
5.675
7.216
8.712
10.175
11.618
13.051
14.488
15.952
17.465
19.054
20.741
22.544
24.479
26.559
28.794
31.194
33.765
36.51
39.43
42.529
45.814
49.291
52.969
56.852
60.937
65.221
69.697
74.356
79.187
84.173
89.291
94.521
99.845
105.248
110.721
116.251
121.821
127.411
132.996
138.555
144.074
149.544
154.955
160.307
165.605
170.865
176.117
181.389
186.693
192.034
197.399
202.77
208.132
213.466
218.752
223.973
229.092
234.071
238.873
243.449
247.741
251.68
255.168
258.107
260.419
262.042
262.94
263.092
262.477
261.086
258.912
255.952
252.215
247.718
242.469
236.485
229.788
222.415
214.441
205.958
197.049
187.785
178.225
168.411
158.391
148.215
137.932
127.593
117.248
106.952
96.774
86.799
77.117
67.809
58.923
50.479
42.494
34.988
27.986
21.513
15.587
10.208
5.379
1.096
-2.648
-5.873
-8.622
-10.959
-12.968
-14.728
-16.294
-17.702
-18.983
-20.163
-21.273
-22.337
-23.367
-24.369
-25.348
-26.312
-27.27
-28.221
-29.152
-30.034
-30.823
-31.486
-32.003
-32.361
-32.557
-32.589
-32.456
-32.167
-31.738
-31.189
-30.535
-29.788
-28.959
-28.06
-27.111
-26.133
-25.156
-24.198
-23.277
-22.405
-21.592
-20.845
-20.171
-19.57
-19.038
-18.572
-18.17
-17.831
-17.555
-17.342
-17.189
-17.092
-17.047
-17.051
-17.103
-17.198
-17.334
-17.508
-17.717
-17.96
-18.235
-18.54
-18.873
-19.23
-19.61
-20.008
-20.423
-20.85
-21.288
-21.734
-22.184
-22.639
-23.095
-23.551
-24.006
-24.458
-24.907
-25.352
-25.792
-26.226
-26.654
-27.076
-27.491
-27.899
-28.299
-28.692
-29.077
-29.455
-29.824
-30.186
-30.541
-30.888
-31.227
-31.56
-31.886
-32.205
-32.518
-32.825
-33.126
-33.421
-33.711
-33.996
-34.276
-34.551
-34.822
-35.088
-35.35
-35.608
-35.861
-36.111
-36.357
-36.599
-36.837
-37.072
-37.303
-37.53
-37.753
-37.971
-38.186
-38.396
-38.601
-38.801
-38.996
-39.186
-39.369
-39.547
-39.718
-39.882
-40.04
-40.191
-40.334
-40.47
-40.599
-40.72
-40.834
-40.941
-41.04
-41.131
-41.215
-41.291
-41.359
-41.419
-41.47
-41.514
-41.55
-41.578
-41.599
-41.612
-41.619
-41.619
-41.613
-41.602
-41.586
-41.567
-41.546
-41.522
-41.498
-41.475
-41.453
-41.433
-41.417
-41.405
-41.399
-41.398
-41.404
-41.417
-41.438
-41.468
-41.508
-41.557
-41.616
-41.687
-41.768
-41.861
-41.966
-42.083
-42.213
-42.354
-42.508
-42.674
-42.851
-43.04
-43.24
-43.449
-43.669
-43.896
-44.13
-44.371
-44.616
-44.864
-45.115
-45.366
-45.617
-45.865
-46.111
-46.353
-46.589
-46.82
-47.043
-47.258
-47.465
-47.663
-47.851
-48.028
-48.195
-48.351
-48.496
-48.63
-48.753
-48.864
-48.965
-49.054
-49.134
-49.203
-49.262
-49.314
-49.357
-49.393
-49.424
-49.451
-49.474
-49.496
-49.517
-49.538
-49.562
-49.59
-49.621
-49.658
-49.702
-49.754
-49.814
-49.882
-49.961
-50.049
-50.147
-50.256
-50.375
-50.504
-50.644
-50.793
-50.951
-51.118
-51.293
-51.476
-51.666
-51.861
-52.062
-52.267
-52.476
-52.686
-52.897
-53.109
-53.319
-53.526
-53.729
-53.928
-54.12
-54.305
-54.482
-54.65
-54.809
-54.958
-55.097
-55.225
-55.343
-55.45
-55.547
-55.635
-55.713
-55.783
-55.846
-55.903
-55.954
-56.003
-56.05
-56.096
-56.144
-56.195
-56.25
-56.311
-56.379
-56.456
-56.543
-56.641
-56.752
-56.877
-57.018
-57.177
-57.354
-57.55
-57.767
-58.005
-58.263
-58.543
-58.844
-59.166
-59.508
-59.869
-60.249
-60.646
-61.059
-61.486
-61.924
-62.371
-62.823
-63.277
-63.729
-64.173
-64.608
-65.028
-65.431
-65.812
-66.169
-66.499
-66.8
-67.068
-67.3
-67.491
-67.636
-67.73
-67.769
-67.745
-67.655
-67.495
-67.26
-66.949
-66.562
-66.096
-65.55
-64.921
-64.204
-63.398
-62.502
-61.52
-60.455
-59.315
-58.112
-56.863
-55.588
-54.303
-53.019
-51.743
-50.477
-49.226
-47.995
-46.785
-45.606
-44.465
-43.367
-42.321
-41.336
-40.41
-39.535
-38.69
-37.844
-36.987
-36.115
-35.235
-34.364
-33.515
-32.709
-31.98
-31.354
-30.857
-30.508
-30.311
-30.275
-30.421
-30.78
-31.394
-32.307
-33.534
-35.067
-36.891
-38.976
-41.29
-43.791
-46.406
-49.063
-51.688
-54.229
-56.648
-58.91
-60.965
-62.735
-64.174
-65.275
-66.103
-66.814
-67.585
-68.551
-69.848
-71.665
-74.12
-77.227
-80.871
-84.628
-87.968
-90.514
-91.935
-91.816
-89.817
-85.765
-79.671
-72.623
-66.441
-62.332
-61
-61.604
-62.198
-62.559
-64.193
-70.411
-85.075
-108.572
-137.852
-167.5
-190.698
-203.188
-202.464
-185.124
-148.651
-89.787
-6.003
98.942
218.682
345.664
471.024
590.958
702.79
800.016
873.992
910.692
895.443
822.24
695.429
531.201
353.837
186.788
46.222
-61.231
-136.502
-185.851
-214.093
-222.782
-215.348
-194.356
-165.724
-139.959
-121.801
-112.755
-110.186
-105.834
-96.292
-82.15
-65.829
-52.541
-44.45
-40.612
-39.638
-39.572
-39.267
-38.676
-37.914
-36.914
-35.556
-33.865
-31.3
-27.491
-23.266
-18.988
-15.942
-15.7
-16.919
-18.762
-19.955
-18.486
-16.027
-13.954
-13.101
-15.007
-18.311
-21.589
-24.345
-25.687
-25.974
-25.75
-24.956
-23.704
-21.986
-19.748
-17.131
-14.269
-11.215
-8.023
-4.743
-1.41
1.948
5.293
8.586
11.795
14.869
17.773
20.497
23.032
25.373
27.529
29.506
31.321
33
34.563
36.026
37.402
38.703
39.944
41.146
42.332
43.526
44.749
46.018
47.349
48.757
50.255
51.853
53.558
55.374
57.308
59.368
61.562
63.9
66.388
69.032
71.837
74.807
77.943
81.249
84.724
88.369
92.188
96.184
100.358
104.708
109.228
113.909
118.739
123.704
128.785
133.956
139.193
144.474
149.78
155.095
160.403
165.683
170.912
176.06
181.105
186.032
190.832
195.496
200.023
204.421
208.706
212.914
217.073
221.198
225.293
229.348
233.352
237.303
241.197
245.03
248.794
252.467
256.025
259.442
262.676
265.666
268.328
270.551
272.233
273.294
273.682
273.353
272.271
270.395
267.69
264.13
259.693
254.36
248.11
240.932
232.842
223.891
214.167
203.789
192.877
181.535
169.849
157.907
145.798
133.614
121.443
109.372
97.491
85.909
74.754
64.138
54.144
44.823
36.186
28.228
20.935
14.293
8.289
2.902
-1.895
-6.13
-9.83
-13.029
-15.775
-18.141
-20.23
-22.126
-23.895
-25.584
-27.216
-28.807
-30.373
-31.918
-33.439
-34.93
-36.384
-37.797
-39.173
-40.505
-41.776
-42.957
-44
-44.871
-45.548
-46.021
-46.286
-46.345
-46.202
-45.868
-45.367
-44.721
-43.947
-43.064
-42.081
-41.015
-39.887
-38.721
-37.546
-36.383
-35.25
-34.16
-33.125
-32.153
-31.251
-30.422
-29.661
-28.967
-28.339
-27.777
-27.283
-26.856
-26.494
-26.193
-25.951
-25.765
-25.634
-25.554
-25.522
-25.535
-25.592
-25.69
-25.827
-26.002
-26.21
-26.45
-26.718
-27.009
-27.321
-27.65
-27.994
-28.347
-28.709
-29.076
-29.446
-29.817
-30.187
-30.555
-30.919
-31.278
-31.631
-31.979
-32.319
-32.652
-32.977
-33.294
-33.603
-33.903
-34.194
-34.478
-34.753
-35.02
-35.28
-35.532
-35.779
-36.019
-36.254
-36.485
-36.713
-36.937
-37.159
-37.381
-37.601
-37.823
-38.045
-38.269
-38.495
-38.723
-38.954
-39.188
-39.425
-39.666
-39.909
-40.154
-40.403
-40.654
-40.907
-41.162
-41.419
-41.678
-41.938
-42.199
-42.461
-42.723
-42.985
-43.248
-43.51
-43.771
-44.032
-44.292
-44.551
-44.807
-45.062
-45.315
-45.565
-45.812
-46.057
-46.297
-46.534
-46.768
-46.998
-47.224
-47.446
-47.664
-47.878
-48.09
-48.298
-48.503
-48.706
-48.906
-49.105
-49.303
-49.499
-49.695
-49.891
-50.086
-50.282
-50.478
-50.674
-50.872
-51.07
-51.27
-51.47
-51.671
-51.874
-52.078
-52.282
-52.488
-52.695
-52.903
-53.112
-53.322
-53.533
-53.744
-53.956
-54.168
-54.38
-54.591
-54.801
-55.009
-55.215
-55.418
-55.618
-55.814
-56.005
-56.191
-56.372
-56.546
-56.713
-56.874
-57.027
-57.174
-57.312
-57.444
-57.568
-57.685
-57.795
-57.899
-57.997
-58.088
-58.175
-58.256
-58.333
-58.406
-58.475
-58.542
-58.606
-58.669
-58.731
-58.792
-58.854
-58.918
-58.983
-59.051
-59.123
-59.2
-59.281
-59.369
-59.463
-59.565
-59.674
-59.79
-59.915
-60.049
-60.19
-60.34
-60.497
-60.662
-60.833
-61.011
-61.195
-61.383
-61.576
-61.772
-61.97
-62.171
-62.373
-62.575
-62.777
-62.977
-63.176
-63.373
-63.566
-63.757
-63.943
-64.126
-64.304
-64.478
-64.647
-64.811
-64.97
-65.124
-65.274
-65.419
-65.561
-65.7
-65.837
-65.972
-66.108
-66.244
-66.382
-66.523
-66.669
-66.82
-66.979
-67.145
-67.32
-67.506
-67.703
-67.911
-68.131
-68.364
-68.609
-68.866
-69.135
-69.415
-69.704
-70.001
-70.304
-70.611
-70.921
-71.23
-71.536
-71.837
-72.128
-72.407
-72.671
-72.914
-73.134
-73.326
-73.485
-73.607
-73.688
-73.724
-73.709
-73.639
-73.511
-73.319
-73.06
-72.73
-72.326
-71.845
-71.283
-70.638
-69.909
-69.095
-68.194
-67.208
-66.139
-64.987
-63.759
-62.458
-61.09
-59.661
-58.179
-56.652
-55.087
-53.495
-51.884
-50.268
-48.658
-47.069
-45.516
-44.012
-42.575
-41.219
-39.958
-38.803
-37.762
-36.845
-36.06
-35.421
-34.937
-34.622
-34.488
-34.544
-34.798
-35.255
-35.914
-36.774
-37.827
-39.06
-40.462
-42.026
-43.75
-45.631
-47.657
-49.795
-52.013
-54.269
-56.52
-58.727
-60.84
-62.807
-64.583
-66.127
-67.416
-68.444
-69.197
-69.639
-69.768
-69.607
-69.234
-68.81
-68.483
-68.398
-68.733
-69.656
-71.285
-73.669
-76.683
-80.043
-83.433
-86.475
-88.796
-90.108
-90.104
-88.495
-85.275
-80.652
-75.531
-71.54
-69.954
-71.336
-74.399
-76.791
-77.257
-76.608
-79.355
-90.545
-112.627
-144.618
-179.545
-208.609
-224.357
-220.097
-192.782
-141.816
-67.518
27.146
136.759
255.616
378.317
499.6
616.663
725.808
819.002
886.403
915.153
893.265
817.095
691.808
532.187
360.252
197.745
60.489
-44.186
-117.022
-164.72
-193.471
-206.293
-206.197
-194.409
-174.49
-153.994
-136.854
-125.041
-117.4
-108.355
-95.746
-80.099
-63.274
-49.385
-40.21
-35.264
-33.656
-33.649
-34.181
-35.209
-36.806
-38.996
-41.563
-44.022
-45.917
-47.065
-47.482
-47.224
-45.974
-43.865
-41.91
-40.246
-38.703
-36.339
-30.053
-19.774
-8.881
-0.477
0.178
-8.187
-19.811
-30.47
-35.236
-31.425
-23.878
-15.898
-9.816
-7.968
-7.969
-8.068
-8.048
-6.996
-5.554
-4.383
-3.203
-2.052
-0.892
0.438
1.879
3.369
4.925
6.535
8.166
9.819
11.523
13.299
15.158
17.104
19.106
21.123
23.139
25.144
27.132
29.103
31.057
32.99
34.913
36.841
38.79
40.768
42.784
44.84
46.949
49.129
51.401
53.791
56.318
58.994
61.834
64.845
68.035
71.409
74.967
78.705
82.621
86.717
90.997
95.463
100.113
104.939
109.929
115.069
120.344
125.732
131.208
136.746
142.321
147.916
153.515
159.106
164.668
170.181
175.617
180.953
186.176
191.278
196.253
201.103
205.834
210.467
215.042
219.593
224.14
228.691
233.234
237.758
242.258
246.724
251.148
255.516
259.796
263.954
267.959
271.765
275.308
278.501
281.223
283.362
284.832
285.57
285.538
284.708
283.04
280.505
277.092
272.788
267.598
261.523
254.548
246.689
237.996
228.549
218.479
207.913
196.954
185.691
174.199
162.55
150.834
139.13
127.498
116.012
104.745
93.793
83.279
73.297
63.903
55.123
46.944
39.348
32.332
25.894
20.025
14.715
9.939
5.679
1.93
-1.332
-4.15
-6.591
-8.756
-10.726
-12.548
-14.261
-15.879
-17.413
-18.883
-20.298
-21.657
-22.959
-24.202
-25.391
-26.537
-27.644
-28.697
-29.668
-30.512
-31.196
-31.704
-32.027
-32.165
-32.12
-31.896
-31.503
-30.967
-30.307
-29.539
-28.677
-27.73
-26.708
-25.633
-24.527
-23.416
-22.323
-21.262
-20.246
-19.287
-18.392
-17.568
-16.814
-16.127
-15.503
-14.942
-14.442
-14.004
-13.628
-13.312
-13.051
-12.843
-12.685
-12.574
-12.508
-12.484
-12.497
-12.547
-12.631
-12.748
-12.897
-13.075
-13.28
-13.509
-13.759
-14.029
-14.316
-14.616
-14.928
-15.25
-15.579
-15.915
-16.256
-16.602
-16.952
-17.305
-17.662
-18.022
-18.386
-18.753
-19.123
-19.497
-19.875
-20.257
-20.644
-21.035
-21.43
-21.831
-22.238
-22.65
-23.067
-23.49
-23.919
-24.353
-24.793
-25.237
-25.686
-26.14
-26.597
-27.059
-27.524
-27.991
-28.461
-28.932
-29.403
-29.874
-30.344
-30.811
-31.274
-31.733
-32.186
-32.632
-33.071
-33.501
-33.922
-34.332
-34.731
-35.118
-35.493
-35.853
-36.2
-36.533
-36.852
-37.156
-37.446
-37.722
-37.985
-38.234
-38.471
-38.695
-38.907
-39.109
-39.301
-39.483
-39.657
-39.824
-39.984
-40.139
-40.29
-40.438
-40.584
-40.729
-40.874
-41.02
-41.167
-41.319
-41.474
-41.635
-41.802
-41.976
-42.158
-42.349
-42.55
-42.761
-42.983
-43.215
-43.458
-43.713
-43.978
-44.255
-44.543
-44.841
-45.15
-45.469
-45.797
-46.134
-46.479
-46.831
-47.191
-47.556
-47.927
-48.303
-48.682
-49.065
-49.45
-49.838
-50.226
-50.614
-51.002
-51.388
-51.771
-52.151
-52.527
-52.898
-53.264
-53.623
-53.976
-54.322
-54.661
-54.992
-55.316
-55.631
-55.939
-56.238
-56.53
-56.813
-57.09
-57.359
-57.622
-57.878
-58.128
-58.372
-58.61
-58.843
-59.072
-59.296
-59.515
-59.731
-59.944
-60.153
-60.361
-60.566
-60.77
-60.973
-61.176
-61.379
-61.582
-61.785
-61.989
-62.193
-62.399
-62.605
-62.812
-63.02
-63.228
-63.436
-63.643
-63.85
-64.056
-64.259
-64.461
-64.659
-64.854
-65.045
-65.231
-65.413
-65.589
-65.76
-65.924
-66.081
-66.231
-66.373
-66.506
-66.63
-66.744
-66.847
-66.939
-67.019
-67.086
-67.142
-67.184
-67.213
-67.228
-67.23
-67.218
-67.194
-67.156
-67.106
-67.043
-66.969
-66.884
-66.788
-66.683
-66.569
-66.447
-66.317
-66.18
-66.037
-65.889
-65.736
-65.578
-65.418
-65.256
-65.093
-64.931
-64.77
-64.611
-64.457
-64.309
-64.168
-64.036
-63.913
-63.802
-63.704
-63.619
-63.55
-63.496
-63.459
-63.439
-63.436
-63.452
-63.487
-63.54
-63.612
-63.703
-63.813
-63.943
-64.093
-64.262
-64.451
-64.66
-64.888
-65.136
-65.402
-65.687
-65.988
-66.305
-66.636
-66.98
-67.333
-67.694
-68.058
-68.423
-68.785
-69.142
-69.49
-69.825
-70.146
-70.449
-70.734
-70.996
-71.234
-71.443
-71.62
-71.763
-71.866
-71.925
-71.936
-71.892
-71.79
-71.626
-71.395
-71.094
-70.716
-70.254
-69.703
-69.063
-68.332
-67.514
-66.612
-65.633
-64.589
-63.495
-62.365
-61.213
-60.049
-58.881
-57.72
-56.577
-55.46
-54.383
-53.351
-52.363
-51.417
-50.507
-49.616
-48.731
-47.827
-46.872
-45.844
-44.727
-43.512
-42.198
-40.786
-39.279
-37.691
-36.035
-34.329
-32.607
-30.906
-29.272
-27.771
-26.464
-25.416
-24.707
-24.396
-24.53
-25.149
-26.262
-27.867
-29.954
-32.497
-35.463
-38.821
-42.517
-46.481
-50.631
-54.855
-59.049
-63.114
-66.927
-70.377
-73.391
-75.939
-78.075
-79.926
-81.639
-83.367
-85.268
-87.498
-90.174
-93.314
-96.775
-100.269
-103.4
-105.734
-106.925
-106.671
-104.608
-100.497
-94.506
-86.998
-79.136
-72.838
-68.822
-67.419
-68.399
-69.876
-72.696
-79.393
-91.361
-111.176
-137.064
-163.221
-185.846
-199.912
-202.821
-194.574
-171.196
-128.676
-63.324
27.19
138.219
261.36
387.734
510.014
625.56
733.586
829.836
904.524
942.919
930.08
859.235
735.373
574.595
399.56
231.177
84.366
-34.059
-123.058
-183.745
-217.965
-226.09
-211.552
-181.248
-144.309
-113.095
-93.858
-86.313
-86.117
-83.975
-75.428
-61.676
-46.061
-34.465
-29.662
-30.583
-35.27
-41.238
-46.982
-52.115
-56.34
-59.252
-60.361
-59.517
-56.94
-52.923
-47.913
-42.374
-36.692
-31.389
-26.965
-23.605
-21.309
-19.987
-19.449
-19.512
-20.008
-20.698
-21.347
-21.843
-22.163
-22.312
-22.308
-22.173
-21.939
-21.659
-21.394
-21.15
-20.866
-20.5
-20.053
-19.47
-18.593
-17.364
-15.817
-13.96
-11.978
-9.598
-5.821
-0.779
4.585
8.696
8.538
4.179
-1.329
-4.95
-2.367
6.771
18.258
28.935
35.433
36.898
36.312
35.439
35.351
36.669
38.341
39.809
41.22
42.589
44.121
46.038
48.348
50.909
53.662
56.582
59.591
62.71
65.978
69.345
72.775
76.323
80.016
83.877
87.957
92.246
96.725
101.406
106.289
111.362
116.616
122.031
127.581
133.25
139.026
144.889
150.829
156.831
162.876
168.949
175.029
181.092
187.114
193.08
198.973
204.784
210.51
216.151
221.722
227.247
232.749
238.246
243.745
249.238
254.712
260.15
265.533
270.848
276.075
281.185
286.149
290.928
295.478
299.753
303.682
307.174
310.132
312.464
314.095
314.98
315.087
314.394
312.882
310.53
307.33
303.284
298.393
292.664
286.1
278.709
270.533
261.651
252.158
242.166
231.764
221.022
210.005
198.776
187.402
175.956
164.502
153.099
141.822
130.756
120.007
109.68
99.844
90.535
81.765
73.528
65.828
58.677
52.079
46.03
40.517
35.522
31.034
27.037
23.493
20.341
17.494
14.865
12.391
10.031
7.761
5.564
3.42
1.312
-0.765
-2.811
-4.822
-6.796
-8.741
-10.657
-12.531
-14.335
-16.025
-17.563
-18.926
-20.101
-21.081
-21.866
-22.456
-22.858
-23.089
-23.169
-23.114
-22.941
-22.656
-22.274
-21.812
-21.293
-20.743
-20.186
-19.637
-19.11
-18.615
-18.163
-17.761
-17.411
-17.111
-16.859
-16.655
-16.499
-16.395
-16.341
-16.338
-16.384
-16.476
-16.614
-16.798
-17.026
-17.296
-17.607
-17.959
-18.351
-18.782
-19.253
-19.761
-20.304
-20.88
-21.488
-22.124
-22.787
-23.472
-24.179
-24.903
-25.643
-26.397
-27.163
-27.938
-28.72
-29.509
-30.301
-31.097
-31.894
-32.691
-33.486
-34.279
-35.069
-35.853
-36.631
-37.401
-38.163
-38.916
-39.659
-40.392
-41.113
-41.822
-42.52
-43.204
-43.876
-44.534
-45.179
-45.811
-46.428
-47.032
-47.622
-48.199
-48.761
-49.311
-49.846
-50.368
-50.875
-51.369
-51.848
-52.314
-52.764
-53.2
-53.622
-54.028
-54.419
-54.794
-55.155
-55.499
-55.827
-56.139
-56.434
-56.713
-56.974
-57.219
-57.446
-57.657
-57.85
-58.026
-58.185
-58.328
-58.454
-58.564
-58.659
-58.74
-58.805
-58.857
-58.897
-58.924
-58.941
-58.947
-58.945
-58.934
-58.917
-58.895
-58.869
-58.84
-58.809
-58.779
-58.75
-58.723
-58.701
-58.683
-58.673
-58.67
-58.676
-58.693
-58.721
-58.761
-58.814
-58.88
-58.96
-59.055
-59.164
-59.287
-59.424
-59.575
-59.74
-59.917
-60.106
-60.306
-60.516
-60.734
-60.961
-61.193
-61.43
-61.671
-61.913
-62.156
-62.397
-62.636
-62.87
-63.098
-63.32
-63.532
-63.735
-63.926
-64.104
-64.268
-64.417
-64.55
-64.666
-64.764
-64.845
-64.906
-64.95
-64.975
-64.981
-64.97
-64.941
-64.895
-64.834
-64.757
-64.667
-64.564
-64.45
-64.325
-64.192
-64.052
-63.906
-63.756
-63.602
-63.447
-63.291
-63.137
-62.985
-62.836
-62.691
-62.553
-62.421
-62.297
-62.182
-62.076
-61.981
-61.897
-61.824
-61.763
-61.714
-61.678
-61.653
-61.639
-61.637
-61.646
-61.665
-61.694
-61.731
-61.775
-61.826
-61.882
-61.943
-62.007
-62.072
-62.138
-62.204
-62.268
-62.329
-62.387
-62.44
-62.487
-62.528
-62.561
-62.585
-62.6
-62.605
-62.598
-62.579
-62.547
-62.502
-62.443
-62.37
-62.283
-62.18
-62.063
-61.932
-61.786
-61.626
-61.453
-61.267
-61.07
-60.862
-60.645
-60.419
-60.187
-59.949
-59.707
-59.464
-59.22
-58.977
-58.737
-58.502
-58.274
-58.053
-57.843
-57.644
-57.46
-57.291
-57.14
-57.009
-56.898
-56.812
-56.75
-56.714
-56.706
-56.727
-56.779
-56.862
-56.977
-57.125
-57.306
-57.521
-57.769
-58.05
-58.364
-58.708
-59.082
-59.484
-59.911
-60.363
-60.835
-61.325
-61.83
-62.347
-62.873
-63.403
-63.934
-64.462
-64.983
-65.491
-65.983
-66.454
-66.899
-67.313
-67.691
-68.028
-68.321
-68.563
-68.75
-68.878
-68.942
-68.937
-68.859
-68.705
-68.471
-68.153
-67.75
-67.259
-66.68
-66.011
-65.253
-64.406
-63.471
-62.45
-61.345
-60.159
-58.896
-57.56
-56.155
-54.689
-53.167
-51.598
-49.99
-48.354
-46.698
-45.036
-43.379
-41.741
-40.136
-38.579
-37.084
-35.665
-34.337
-33.115
-32.013
-31.041
-30.211
-29.532
-29.013
-28.662
-28.486
-28.486
-28.66
-29.004
-29.514
-30.184
-31.012
-31.994
-33.124
-34.397
-35.809
-37.361
-39.047
-40.862
-42.787
-44.798
-46.872
-48.99
-51.143
-53.322
-55.517
-57.701
-59.843
-61.909
-63.865
-65.69
-67.341
-68.749
-69.889
-70.778
-71.507
-72.252
-73.178
-74.395
-76.029
-78.229
-81.046
-84.45
-88.25
-91.992
-95.205
-97.5
-98.448
-97.664
-94.924
-90.123
-83.456
-75.585
-67.357
-59.702
-53.666
-50.315
-50.665
-55.577
-65.636
-80.358
-97.974
-116.325
-132.833
-146.331
-157.916
-168.035
-175.631
-175.776
-158.861
-116.296
-43.981
55.062
170.005
288.584
402.209
507.504
605.25
694.285
766.828
808.924
805.301
747.662
639.478
496.141
339.564
189.406
58.989
-46.686
-127.993
-186.018
-221.843
-234.935
-227.176
-204.209
-173.529
-145.388
-125.527
-114.229
-108.988
-103.36
-94.12
-82.051
-68.975
-58.6
-52.523
-49.769
-49.098
-48.836
-47.988
-46.591
-44.827
-42.843
-40.742
-38.498
-36.002
-33.266
-30.437
-27.604
-24.834
-22.263
-19.968
-18.085
-16.853
-16.325
-16.424
-17.061
-18.086
-19.366
-20.811
-22.256
-23.486
-24.378
-24.869
-24.934
-24.603
-23.869
-22.721
-21.19
-19.328
-17.195
-14.846
-12.318
-9.635
-6.826
-3.921
-0.958
2.028
5.013
7.978
10.9
13.758
16.512
19.138
21.626
23.973
26.187
28.277
30.246
32.103
33.862
35.538
37.144
38.692
40.192
41.653
43.093
44.532
45.995
47.505
49.078
50.727
52.467
54.307
56.259
58.33
60.524
62.846
65.301
67.899
70.647
73.551
76.615
79.843
83.237
86.8
90.531
94.429
98.496
102.732
107.141
111.721
116.468
121.375
126.43
131.622
136.934
142.347
147.831
153.364
158.919
164.48
170.028
175.544
181.002
186.377
191.641
196.778
201.778
206.632
211.333
215.883
220.292
224.581
228.781
232.91
236.97
240.956
244.856
248.667
252.385
256.007
259.519
262.9
266.123
269.159
271.968
274.495
276.664
278.38
279.546
280.089
279.965
279.136
277.568
275.226
272.083
268.114
263.312
257.67
251.175
243.828
235.654
226.708
217.081
206.888
196.238
185.224
173.924
162.415
150.781
139.109
127.475
115.958
104.637
93.605
82.979
72.858
63.309
54.371
46.048
38.326
31.2
24.667
18.718
13.342
8.517
4.22
0.436
-2.863
-5.715
-8.185
-10.369
-12.342
-14.158
-15.854
-17.447
-18.947
-20.372
-21.733
-23.03
-24.262
-25.426
-26.525
-27.568
-28.557
-29.478
-30.306
-30.997
-31.522
-31.865
-32.02
-31.986
-31.768
-31.369
-30.802
-30.089
-29.251
-28.305
-27.266
-26.143
-24.949
-23.705
-22.433
-21.161
-19.911
-18.698
-17.535
-16.435
-15.406
-14.453
-13.58
-12.783
-12.059
-11.41
-10.834
-10.334
-9.91
-9.56
-9.281
-9.072
-8.929
-8.852
-8.836
-8.88
-8.981
-9.136
-9.343
-9.602
-9.909
-10.263
-10.66
-11.096
-11.569
-12.075
-12.61
-13.172
-13.757
-14.361
-14.983
-15.62
-16.269
-16.929
-17.598
-18.275
-18.957
-19.645
-20.336
-21.03
-21.724
-22.419
-23.113
-23.805
-24.494
-25.179
-25.859
-26.533
-27.201
-27.863
-28.517
-29.164
-29.803
-30.434
-31.056
-31.67
-32.276
-32.872
-33.459
-34.038
-34.608
-35.169
-35.72
-36.263
-36.795
-37.317
-37.828
-38.328
-38.815
-39.291
-39.754
-40.204
-40.641
-41.065
-41.475
-41.872
-42.256
-42.627
-42.985
-43.329
-43.662
-43.981
-44.289
-44.585
-44.869
-45.142
-45.405
-45.657
-45.9
-46.133
-46.357
-46.572
-46.779
-46.979
-47.171
-47.357
-47.537
-47.713
-47.883
-48.051
-48.215
-48.377
-48.538
-48.697
-48.856
-49.015
-49.174
-49.334
-49.495
-49.657
-49.821
-49.987
-50.155
-50.325
-50.496
-50.67
-50.846
-51.024
-51.203
-51.384
-51.567
-51.75
-51.935
-52.121
-52.307
-52.494
-52.681
-52.868
-53.055
-53.241
-53.426
-53.61
-53.793
-53.975
-54.154
-54.333
-54.509
-54.684
-54.856
-55.028
-55.197
-55.365
-55.531
-55.695
-55.858
-56.02
-56.18
-56.339
-56.498
-56.656
-56.814
-56.972
-57.13
-57.288
-57.447
-57.607
-57.767
-57.928
-58.091
-58.254
-58.418
-58.583
-58.749
-58.915
-59.082
-59.248
-59.413
-59.577
-59.739
-59.898
-60.055
-60.207
-60.355
-60.499
-60.636
-60.768
-60.893
-61.011
-61.121
-61.222
-61.314
-61.397
-61.47
-61.532
-61.584
-61.625
-61.654
-61.673
-61.68
-61.676
-61.661
-61.636
-61.599
-61.553
-61.498
-61.434
-61.362
-61.284
-61.201
-61.115
-61.025
-60.935
-60.844
-60.756
-60.67
-60.588
-60.513
-60.444
-60.384
-60.335
-60.297
-60.272
-60.261
-60.265
-60.286
-60.324
-60.38
-60.455
-60.549
-60.662
-60.795
-60.948
-61.122
-61.317
-61.532
-61.768
-62.023
-62.297
-62.588
-62.896
-63.218
-63.554
-63.901
-64.257
-64.621
-64.991
-65.364
-65.738
-66.11
-66.478
-66.838
-67.187
-67.52
-67.835
-68.127
-68.394
-68.632
-68.84
-69.013
-69.152
-69.253
-69.314
-69.333
-69.306
-69.229
-69.098
-68.91
-68.659
-68.344
-67.96
-67.503
-66.975
-66.373
-65.698
-64.947
-64.116
-63.202
-62.208
-61.138
-59.995
-58.788
-57.522
-56.211
-54.875
-53.531
-52.199
-50.893
-49.617
-48.378
-47.189
-46.058
-44.998
-44.013
-43.097
-42.247
-41.464
-40.743
-40.085
-39.471
-38.872
-38.265
-37.633
-36.966
-36.274
-35.559
-34.819
-34.065
-33.31
-32.587
-31.945
-31.419
-31.04
-30.841
-30.848
-31.107
-31.672
-32.569
-33.812
-35.403
-37.328
-39.585
-42.165
-45.032
-48.134
-51.389
-54.698
-57.992
-61.188
-64.182
-66.914
-69.34
-71.475
-73.444
-75.374
-77.376
-79.608
-82.207
-85.256
-88.781
-92.609
-96.391
-99.757
-102.311
-103.645
-103.418
-101.355
-97.223
-91.203
-83.856
-75.821
-68.423
-62.948
-59.898
-60.282
-63.974
-70.346
-80.556
-94.129
-111.042
-131.522
-152.545
-172.875
-190.424
-201.364
-202.98
-188.869
-152.69
-91.095
-3.345
104.784
224.266
346.657
465.522
578.607
685.276
782.609
863.051
913.775
920.814
874.513
773.85
629.606
460.417
287.32
129.732
-1.51
-102.611
-173.623
-218.836
-240.276
-239.509
-221.584
-191.525
-158.066
-130.518
-111.921
-102.187
-96.788
-89.029
-76.999
-61.779
-46.574
-35.814
-30.86
-30.683
-33.515
-37.201
-40.689
-43.744
-46.107
-47.495
-47.526
-46.086
-43.42
-39.864
-35.777
-31.502
-27.339
-23.684
-20.967
-19.358
-18.797
-19.124
-20.089
-21.469
-23.096
-24.759
-26.215
-27.318
-28
-28.247
-28.111
-27.636
-26.836
-25.738
-24.372
-22.749
-20.899
-18.852
-16.634
-14.28
-11.821
-9.278
-6.681
-4.059
-1.434
1.178
3.769
6.342
8.887
11.387
13.824
16.172
18.417
20.558
22.597
24.537
26.385
28.144
29.827
31.453
33.035
34.587
36.118
37.635
39.152
40.689
42.266
43.907
45.633
47.458
49.398
51.465
53.67
56.024
58.531
61.194
64.016
67.001
70.154
73.48
76.98
80.654
84.502
88.525
92.724
97.098
101.644
106.353
111.216
116.219
121.348
126.587
131.909
137.29
142.706
148.137
153.568
158.98
164.353
169.662
174.88
179.982
184.956
189.792
194.483
199.029
203.438
207.729
211.936
216.094
220.219
224.321
228.389
232.412
236.384
240.299
244.148
247.918
251.58
255.103
258.459
261.606
264.486
267.018
269.094
270.607
271.478
271.646
271.077
269.744
267.619
264.678
260.912
256.314
250.889
244.644
237.572
229.684
221.02
211.649
201.685
191.248
180.439
169.343
158.034
146.576
135.044
123.508
112.029
100.672
89.502
78.602
68.077
58.024
48.519
39.609
31.301
23.586
16.463
9.932
3.992
-1.359
-6.133
-10.342
-13.998
-17.116
-19.725
-21.879
-23.655
-25.139
-26.413
-27.536
-28.545
-29.465
-30.318
-31.124
-31.897
-32.646
-33.377
-34.095
-34.809
-35.528
-36.255
-36.975
-37.66
-38.277
-38.787
-39.164
-39.396
-39.476
-39.405
-39.185
-38.826
-38.341
-37.749
-37.064
-36.297
-35.457
-34.554
-33.601
-32.618
-31.624
-30.644
-29.694
-28.789
-27.937
-27.147
-26.422
-25.764
-25.171
-24.638
-24.162
-23.74
-23.373
-23.06
-22.799
-22.589
-22.427
-22.309
-22.231
-22.193
-22.189
-22.218
-22.277
-22.364
-22.476
-22.614
-22.775
-22.958
-23.16
-23.379
-23.612
-23.858
-24.114
-24.379
-24.649
-24.925
-25.203
-25.484
-25.767
-26.05
-26.335
-26.619
-26.903
-27.186
-27.468
-27.75
-28.03
-28.308
-28.585
-28.859
-29.131
-29.402
-29.67
-29.936
-30.2
-30.463
-30.724
-30.985
-31.244
-31.503
-31.761
-32.018
-32.275
-32.531
-32.787
-33.042
-33.296
-33.549
-33.8
-34.049
-34.296
-34.54
-34.78
-35.016
-35.247
-35.474
-35.695
-35.91
-36.12
-36.323
-36.519
-36.709
-36.891
-37.066
-37.234
-37.395
-37.548
-37.693
-37.83
-37.96
-38.082
-38.197
-38.304
-38.403
-38.496
-38.583
-38.664
-38.739
-38.81
-38.876
-38.94
-39.001
-39.06
-39.118
-39.176
-39.234
-39.294
-39.355
-39.419
-39.486
-39.557
-39.631
-39.71
-39.794
-39.882
-39.975
-40.074
-40.178
-40.288
-40.403
-40.523
-40.65
-40.781
-40.918
-41.059
-41.205
-41.356
-41.509
-41.666
-41.826
-41.987
-42.149
-42.311
-42.472
-42.633
-42.791
-42.947
-43.099
-43.246
-43.389
-43.527
-43.658
-43.783
-43.901
-44.012
-44.116
-44.211
-44.299
-44.379
-44.45
-44.514
-44.569
-44.617
-44.657
-44.689
-44.714
-44.732
-44.744
-44.75
-44.75
-44.746
-44.738
-44.727
-44.713
-44.697
-44.68
-44.663
-44.647
-44.632
-44.619
-44.609
-44.603
-44.601
-44.604
-44.612
-44.627
-44.649
-44.678
-44.714
-44.759
-44.813
-44.875
-44.947
-45.029
-45.12
-45.221
-45.333
-45.454
-45.586
-45.729
-45.881
-46.043
-46.215
-46.397
-46.588
-46.787
-46.995
-47.212
-47.436
-47.668
-47.906
-48.151
-48.403
-48.66
-48.922
-49.189
-49.46
-49.735
-50.012
-50.293
-50.575
-50.858
-51.143
-51.427
-51.711
-51.993
-52.274
-52.552
-52.827
-53.099
-53.366
-53.628
-53.884
-54.135
-54.379
-54.617
-54.847
-55.07
-55.285
-55.492
-55.69
-55.88
-56.06
-56.232
-56.394
-56.548
-56.694
-56.83
-56.959
-57.08
-57.194
-57.302
-57.403
-57.499
-57.59
-57.678
-57.764
-57.848
-57.932
-58.018
-58.106
-58.198
-58.296
-58.401
-58.513
-58.635
-58.766
-58.909
-59.065
-59.235
-59.421
-59.623
-59.842
-60.08
-60.338
-60.615
-60.912
-61.229
-61.566
-61.922
-62.297
-62.691
-63.101
-63.527
-63.967
-64.421
-64.885
-65.356
-65.833
-66.311
-66.787
-67.257
-67.716
-68.161
-68.586
-68.989
-69.364
-69.71
-70.021
-70.293
-70.523
-70.706
-70.838
-70.913
-70.926
-70.869
-70.738
-70.529
-70.237
-69.861
-69.395
-68.839
-68.192
-67.454
-66.623
-65.697
-64.672
-63.544
-62.318
-61
-59.6
-58.13
-56.604
-55.036
-53.445
-51.848
-50.255
-48.675
-47.108
-45.555
-44.025
-42.532
-41.094
-39.729
-38.447
-37.256
-36.161
-35.157
-34.24
-33.397
-32.606
-31.858
-31.157
-30.518
-29.969
-29.544
-29.263
-29.146
-29.207
-29.45
-29.884
-30.512
-31.337
-32.378
-33.654
-35.186
-37.001
-39.1
-41.467
-44.073
-46.87
-49.786
-52.751
-55.684
-58.506
-61.172
-63.63
-65.816
-67.7
-69.267
-70.542
-71.63
-72.638
-73.651
-74.817
-76.323
-78.283
-80.764
-83.684
-86.736
-89.618
-92.047
-93.632
-93.973
-92.777
-89.84
-85.261
-79.561
-73.32
-67.213
-62.139
-59.003
-58.679
-62.092
-69.842
-81.99
-98.413
-118.111
-138.968
-158.716
-174.62
-184.859
-189.511
-188.32
-180.312
-161.948
-126.254
-66.963
18.857
127.94
250.496
375.296
493.982
604.028
706.876
801.489
880.221
927.505
925.318
863.443
744.341
584.595
409.559
242.395
99.029
-14.876
-100.978
-162.275
-201.24
-217.403
-212.207
-191.056
-161.842
-135.891
-119.462
-112.396
-110.979
-107.505
-98.313
-84.604
-69.24
-56.97
-49.871
-47.12
-47.378
-48.669
-49.859
-50.878
-51.683
-52.236
-52.442
-52.03
-50.769
-48.697
-45.988
-42.827
-39.424
-36.003
-32.737
-29.867
-27.673
-26.245
-25.537
-25.448
-25.798
-26.428
-27.217
-28.008
-28.623
-28.958
-28.974
-28.672
-28.101
-27.306
-26.311
-25.147
-23.847
-22.429
-20.895
-19.251
-17.503
-15.66
-13.739
-11.751
-9.708
-7.627
-5.519
-3.393
-1.254
0.896
3.059
5.225
7.38
9.509
11.583
13.587
15.513
17.356
19.118
20.803
22.415
23.967
25.474
26.951
28.412
29.867
31.328
32.81
34.332
35.917
37.589
39.371
41.279
43.33
45.537
47.907
50.452
53.174
56.076
59.16
62.428
65.882
69.525
73.36
77.387
81.61
86.028
90.634
95.422
100.381
105.499
110.761
116.146
121.631
127.193
132.81
138.463
144.139
149.82
155.486
161.113
166.672
172.141
177.51
182.768
187.906
192.926
197.833
202.644
207.392
212.102
216.784
221.439
226.051
230.604
235.085
239.479
243.776
247.953
251.973
255.8
259.401
262.727
265.729
268.329
270.425
271.929
272.777
272.922
272.343
271.024
268.95
266.11
262.499
258.122
252.999
247.145
240.566
233.281
225.314
216.726
207.621
198.091
188.213
178.055
167.665
157.09
146.389
135.621
124.837
114.09
103.432
92.93
82.672
72.753
63.26
54.245
45.722
37.704
30.207
23.249
16.854
11.034
5.788
1.109
-3.007
-6.567
-9.593
-12.126
-14.234
-16.004
-17.517
-18.829
-19.978
-20.993
-21.901
-22.734
-23.515
-24.258
-24.969
-25.653
-26.32
-26.981
-27.639
-28.28
-28.877
-29.389
-29.783
-30.041
-30.151
-30.112
-29.922
-29.584
-29.106
-28.506
-27.803
-27.013
-26.15
-25.222
-24.243
-23.231
-22.209
-21.203
-20.236
-19.321
-18.472
-17.697
-17.005
-16.399
-15.88
-15.444
-15.086
-14.803
-14.594
-14.459
-14.396
-14.4
-14.467
-14.593
-14.774
-15.006
-15.284
-15.605
-15.964
-16.357
-16.781
-17.234
-17.712
-18.213
-18.732
-19.265
-19.809
-20.361
-20.917
-21.473
-22.027
-22.575
-23.115
-23.647
-24.167
-24.675
-25.171
-25.652
-26.12
-26.572
-27.01
-27.432
-27.839
-28.231
-28.609
-28.972
-29.322
-29.658
-29.983
-30.296
-30.6
-30.895
-31.183
-31.464
-31.741
-32.014
-32.284
-32.553
-32.822
-33.092
-33.364
-33.638
-33.916
-34.199
-34.486
-34.778
-35.076
-35.379
-35.687
-36.002
-36.322
-36.647
-36.978
-37.315
-37.658
-38.006
-38.36
-38.719
-39.082
-39.45
-39.821
-40.195
-40.571
-40.948
-41.326
-41.705
-42.083
-42.46
-42.835
-43.208
-43.578
-43.945
-44.308
-44.668
-45.024
-45.375
-45.723
-46.066
-46.406
-46.742
-47.074
-47.403
-47.728
-48.05
-48.368
-48.683
-48.994
-49.302
-49.606
-49.906
-50.204
-50.499
-50.792
-51.083
-51.372
-51.66
-51.947
-52.234
-52.521
-52.808
-53.095
-53.384
-53.673
-53.963
-54.254
-54.545
-54.837
-55.129
-55.421
-55.712
-56.001
-56.288
-56.572
-56.853
-57.131
-57.404
-57.673
-57.937
-58.196
-58.449
-58.695
-58.936
-59.169
-59.395
-59.612
-59.821
-60.021
-60.211
-60.39
-60.559
-60.717
-60.862
-60.996
-61.118
-61.226
-61.322
-61.405
-61.475
-61.533
-61.579
-61.613
-61.637
-61.652
-61.656
-61.653
-61.642
-61.623
-61.599
-61.569
-61.533
-61.493
-61.45
-61.403
-61.354
-61.304
-61.252
-61.199
-61.147
-61.096
-61.045
-60.997
-60.951
-60.908
-60.869
-60.834
-60.804
-60.78
-60.762
-60.75
-60.744
-60.745
-60.752
-60.765
-60.785
-60.811
-60.842
-60.879
-60.921
-60.968
-61.021
-61.078
-61.141
-61.209
-61.281
-61.358
-61.44
-61.526
-61.618
-61.715
-61.818
-61.927
-62.042
-62.163
-62.292
-62.427
-62.569
-62.718
-62.874
-63.038
-63.209
-63.387
-63.572
-63.765
-63.966
-64.174
-64.39
-64.613
-64.843
-65.079
-65.32
-65.566
-65.815
-66.066
-66.318
-66.57
-66.819
-67.065
-67.306
-67.538
-67.76
-67.97
-68.163
-68.338
-68.49
-68.617
-68.715
-68.782
-68.814
-68.808
-68.761
-68.669
-68.529
-68.339
-68.093
-67.79
-67.426
-66.999
-66.506
-65.947
-65.319
-64.622
-63.856
-63.02
-62.115
-61.142
-60.101
-58.995
-57.825
-56.595
-55.308
-53.968
-52.583
-51.158
-49.702
-48.223
-46.731
-45.237
-43.752
-42.288
-40.858
-39.471
-38.141
-36.881
-35.7
-34.612
-33.627
-32.754
-32.001
-31.378
-30.892
-30.549
-30.35
-30.295
-30.38
-30.602
-30.96
-31.453
-32.082
-32.845
-33.74
-34.768
-35.93
-37.223
-38.64
-40.159
-41.756
-43.406
-45.089
-46.794
-48.508
-50.211
-51.874
-53.463
-54.943
-56.288
-57.468
-58.443
-59.161
-59.618
-59.865
-60.004
-60.194
-60.573
-61.243
-62.322
-63.937
-66.113
-68.775
-71.746
-74.666
-77.199
-79.075
-79.999
-79.75
-78.199
-75.254
-71.012
-65.882
-60.848
-57.388
-56.682
-59.168
-63.379
-66.773
-68.123
-67.994
-70.27
-79.457
-97.119
-121.938
-147.721
-167.131
-174.149
-162.507
-129.055
-72.275
7.354
104.079
210.458
319.281
425.31
527.167
624.063
711.312
778.443
811.117
795.534
725.34
606.045
453.274
289.096
135.86
8.944
-85.095
-147.051
-183.814
-201.792
-204.07
-194.151
-173.859
-147.361
-123.057
-105.03
-94.888
-90.735
-85.637
-76.676
-64.36
-50.744
-40.35
-35.057
-33.866
-35.315
-37.49
-39.253
-40.416
-40.82
-40.188
-38.244
-34.994
-30.692
-25.644
-20.248
-14.865
-9.802
-5.466
-2.218
-0.159
0.777
0.738
-0.044
-1.37
-3.072
-4.932
-6.727
-8.317
-9.615
-10.574
-11.191
-11.444
-11.295
-10.74
-9.797
-8.491
-6.861
-4.946
-2.776
-0.391
2.164
4.851
7.63
10.469
13.339
16.206
19.039
21.802
24.454
26.965
29.319
31.508
33.534
35.406
37.131
38.722
40.195
41.566
42.85
44.062
45.21
46.31
47.38
48.443
49.526
50.651
51.837
53.1
54.454
55.909
57.478
59.167
60.983
62.93
65.018
67.254
69.648
72.207
74.935
77.836
80.914
84.171
87.606
91.221
95.015
98.99
103.15
107.495
112.02
116.718
121.579
126.589
131.733
136.991
142.337
147.747
153.196
158.667
164.144
169.608
175.038
180.406
185.682
190.843
195.878
200.774
205.521
210.115
214.558
218.868
223.074
227.193
231.23
235.177
239.015
242.734
246.33
249.794
253.123
256.3
259.299
262.098
264.675
266.984
268.967
270.542
271.606
272.081
271.916
271.074
269.532
267.261
264.228
260.413
255.799
250.375
244.133
237.057
229.144
220.428
210.971
200.869
190.241
179.186
167.784
156.115
144.253
132.285
120.296
108.366
96.574
85.012
73.791
63.026
52.818
43.228
34.286
25.998
18.353
11.345
4.97
-0.785
-5.942
-10.526
-14.565
-18.085
-21.124
-23.741
-26.023
-28.061
-29.929
-31.677
-33.338
-34.934
-36.481
-37.992
-39.472
-40.919
-42.327
-43.693
-45.019
-46.303
-47.538
-48.698
-49.743
-50.638
-51.361
-51.898
-52.247
-52.407
-52.38
-52.177
-51.814
-51.314
-50.695
-49.974
-49.161
-48.27
-47.319
-46.329
-45.328
-44.336
-43.367
-42.436
-41.55
-40.718
-39.946
-39.236
-38.583
-37.985
-37.44
-36.947
-36.508
-36.122
-35.785
-35.495
-35.248
-35.043
-34.877
-34.747
-34.651
-34.586
-34.55
-34.542
-34.56
-34.604
-34.671
-34.759
-34.866
-34.988
-35.125
-35.275
-35.434
-35.602
-35.778
-35.959
-36.147
-36.339
-36.536
-36.738
-36.943
-37.152
-37.366
-37.582
-37.802
-38.026
-38.252
-38.482
-38.715
-38.951
-39.19
-39.432
-39.677
-39.925
-40.177
-40.433
-40.692
-40.955
-41.223
-41.494
-41.77
-42.05
-42.334
-42.622
-42.914
-43.209
-43.507
-43.807
-44.11
-44.414
-44.719
-45.024
-45.328
-45.632
-45.936
-46.237
-46.538
-46.837
-47.135
-47.432
-47.727
-48.021
-48.315
-48.607
-48.899
-49.189
-49.479
-49.768
-50.057
-50.345
-50.632
-50.919
-51.206
-51.493
-51.78
-52.066
-52.353
-52.64
-52.927
-53.214
-53.503
-53.791
-54.081
-54.37
-54.661
-54.951
-55.241
-55.53
-55.817
-56.103
-56.386
-56.665
-56.94
-57.21
-57.475
-57.732
-57.983
-58.227
-58.461
-58.688
-58.905
-59.112
-59.309
-59.496
-59.673
-59.839
-59.994
-60.139
-60.274
-60.398
-60.511
-60.615
-60.71
-60.795
-60.872
-60.94
-61.002
-61.056
-61.105
-61.15
-61.191
-61.23
-61.267
-61.305
-61.343
-61.385
-61.429
-61.479
-61.535
-61.597
-61.667
-61.745
-61.832
-61.93
-62.037
-62.156
-62.285
-62.425
-62.576
-62.738
-62.91
-63.092
-63.284
-63.484
-63.692
-63.908
-64.129
-64.355
-64.586
-64.818
-65.052
-65.286
-65.518
-65.747
-65.971
-66.189
-66.399
-66.6
-66.79
-66.969
-67.134
-67.286
-67.422
-67.542
-67.645
-67.731
-67.799
-67.848
-67.879
-67.892
-67.886
-67.863
-67.822
-67.766
-67.694
-67.608
-67.511
-67.402
-67.284
-67.159
-67.028
-66.892
-66.754
-66.616
-66.479
-66.345
-66.216
-66.093
-65.98
-65.876
-65.785
-65.707
-65.644
-65.596
-65.566
-65.554
-65.561
-65.587
-65.634
-65.702
-65.791
-65.901
-66.03
-66.179
-66.345
-66.527
-66.722
-66.927
-67.139
-67.356
-67.573
-67.788
-67.999
-68.2
-68.39
-68.567
-68.728
-68.869
-68.988
-69.08
-69.141
-69.167
-69.152
-69.094
-68.986
-68.822
-68.6
-68.316
-67.967
-67.549
-67.057
-66.485
-65.827
-65.086
-64.26
-63.354
-62.374
-61.326
-60.222
-59.079
-57.916
-56.749
-55.589
-54.439
-53.306
-52.196
-51.115
-50.076
-49.081
-48.124
-47.204
-46.319
-45.464
-44.637
-43.817
-42.975
-42.088
-41.135
-40.113
-39.037
-37.921
-36.783
-35.648
-34.539
-33.49
-32.554
-31.764
-31.145
-30.724
-30.521
-30.574
-30.94
-31.653
-32.736
-34.193
-36.005
-38.137
-40.541
-43.138
-45.85
-48.586
-51.25
-53.762
-56.038
-58.027
-59.73
-61.162
-62.376
-63.428
-64.337
-65.176
-66.105
-67.217
-68.553
-70.105
-71.698
-73.201
-74.624
-75.84
-76.579
-76.701
-76.11
-74.769
-72.851
-70.483
-67.622
-64.96
-63.882
-65.285
-69.47
-75.111
-79.753
-82.551
-85.251
-91.946
-106.431
-129.342
-156.668
-181.354
-197.874
-203.351
-197.816
-181.452
-150.68
-99.976
-24.139
77.446
198.239
327.964
456.012
575.447
684.131
780.901
861.611
916.898
933.513
899.458
810.409
673.597
506.108
330.363
167.748
31.534
-72.704
-145.108
-190.394
-211.482
-211.069
-194.516
-166.811
-136.193
-111.1
-94.119
-85.206
-80.274
-73.347
-62.98
-50.257
-38.119
-30.528
-28.434
-30.596
-35.109
-39.743
-43.402
-45.865
-46.989
-46.705
-44.89
-41.64
-37.372
-32.557
-27.649
-23.038
-19.001
-15.836
-13.833
-13.045
-13.34
-14.514
-16.299
-18.464
-20.835
-23.213
-25.38
-27.204
-28.607
-29.551
-30.048
-30.096
-29.673
-28.79
-27.48
-25.778
-23.741
-21.418
-18.85
-16.084
-13.17
-10.151
-7.069
-3.96
-0.85
2.227
5.245
8.17
10.966
13.608
16.083
18.383
20.515
22.488
24.311
25.997
27.564
29.028
30.406
31.711
32.954
34.152
35.323
36.489
37.676
38.908
40.204
41.582
43.053
44.632
46.329
48.156
50.118
52.224
54.48
56.895
59.479
62.239
65.181
68.308
71.622
75.124
78.817
82.703
86.786
91.068
95.544
100.209
105.054
110.069
115.237
120.54
125.95
131.442
136.993
142.581
148.191
153.805
159.399
164.949
170.427
175.807
181.075
186.219
191.227
196.099
200.836
205.458
209.994
214.472
218.902
223.287
227.613
231.871
236.054
240.154
244.163
248.069
251.849
255.477
258.925
262.149
265.088
267.658
269.754
271.28
272.16
272.338
271.772
270.425
268.26
265.246
261.361
256.582
250.897
244.296
236.78
228.378
219.149
209.181
198.591
187.497
176.005
164.216
152.223
140.119
128
115.957
104.086
92.489
81.268
70.529
60.36
50.823
41.954
33.765
26.243
19.369
13.119
7.463
2.371
-2.186
-6.247
-9.852
-13.052
-15.916
-18.512
-20.912
-23.178
-25.353
-27.467
-29.542
-31.586
-33.599
-35.575
-37.503
-39.371
-41.175
-42.904
-44.543
-46.073
-47.46
-48.676
-49.698
-50.507
-51.097
-51.465
-51.613
-51.548
-51.286
-50.847
-50.25
-49.517
-48.661
-47.701
-46.656
-45.549
-44.407
-43.252
-42.101
-40.97
-39.87
-38.811
-37.802
-36.846
-35.944
-35.096
-34.302
-33.562
-32.879
-32.252
-31.679
-31.16
-30.691
-30.27
-29.895
-29.566
-29.278
-29.03
-28.821
-28.648
-28.511
-28.408
-28.336
-28.293
-28.275
-28.279
-28.303
-28.344
-28.4
-28.467
-28.544
-28.628
-28.72
-28.816
-28.917
-29.021
-29.127
-29.236
-29.345
-29.456
-29.568
-29.682
-29.796
-29.913
-30.032
-30.152
-30.276
-30.402
-30.533
-30.667
-30.806
-30.951
-31.103
-31.262
-31.429
-31.605
-31.791
-31.988
-32.195
-32.413
-32.642
-32.883
-33.135
-33.397
-33.67
-33.952
-34.242
-34.541
-34.846
-35.157
-35.471
-35.789
-36.108
-36.428
-36.746
-37.062
-37.374
-37.682
-37.984
-38.279
-38.567
-38.845
-39.115
-39.373
-39.621
-39.856
-40.078
-40.287
-40.483
-40.665
-40.834
-40.989
-41.132
-41.261
-41.379
-41.486
-41.582
-41.668
-41.747
-41.818
-41.883
-41.944
-42.003
-42.06
-42.118
-42.177
-42.24
-42.307
-42.38
-42.46
-42.549
-42.646
-42.753
-42.87
-42.999
-43.14
-43.294
-43.46
-43.639
-43.831
-44.035
-44.251
-44.479
-44.718
-44.967
-45.224
-45.49
-45.762
-46.041
-46.323
-46.609
-46.896
-47.183
-47.468
-47.75
-48.027
-48.297
-48.559
-48.811
-49.052
-49.281
-49.497
-49.699
-49.886
-50.056
-50.21
-50.347
-50.466
-50.568
-50.651
-50.717
-50.765
-50.796
-50.811
-50.811
-50.796
-50.768
-50.728
-50.676
-50.614
-50.543
-50.465
-50.381
-50.291
-50.199
-50.105
-50.01
-49.917
-49.826
-49.738
-49.656
-49.579
-49.509
-49.447
-49.394
-49.349
-49.315
-49.292
-49.279
-49.278
-49.288
-49.309
-49.342
-49.385
-49.439
-49.503
-49.576
-49.658
-49.747
-49.843
-49.944
-50.051
-50.162
-50.276
-50.391
-50.508
-50.625
-50.74
-50.854
-50.964
-51.071
-51.174
-51.271
-51.362
-51.447
-51.524
-51.594
-51.655
-51.708
-51.752
-51.787
-51.812
-51.827
-51.833
-51.829
-51.816
-51.793
-51.762
-51.723
-51.675
-51.621
-51.559
-51.492
-51.419
-51.342
-51.261
-51.177
-51.09
-51.001
-50.912
-50.822
-50.732
-50.644
-50.557
-50.473
-50.391
-50.314
-50.24
-50.172
-50.109
-50.052
-50.002
-49.959
-49.925
-49.899
-49.884
-49.879
-49.886
-49.904
-49.934
-49.977
-50.033
-50.102
-50.184
-50.279
-50.386
-50.506
-50.639
-50.785
-50.944
-51.116
-51.3
-51.497
-51.706
-51.928
-52.161
-52.405
-52.661
-52.927
-53.202
-53.487
-53.781
-54.082
-54.39
-54.702
-55.018
-55.333
-55.647
-55.955
-56.255
-56.543
-56.818
-57.076
-57.316
-57.534
-57.73
-57.901
-58.047
-58.165
-58.251
-58.303
-58.317
-58.288
-58.213
-58.087
-57.906
-57.664
-57.359
-56.99
-56.554
-56.047
-55.466
-54.804
-54.058
-53.226
-52.311
-51.314
-50.239
-49.093
-47.888
-46.643
-45.375
-44.097
-42.816
-41.534
-40.257
-38.988
-37.733
-36.501
-35.29
-34.1
-32.932
-31.792
-30.682
-29.599
-28.53
-27.447
-26.328
-25.162
-23.951
-22.709
-21.449
-20.19
-18.958
-17.782
-16.706
-15.771
-15.005
-14.433
-14.074
-13.948
-14.092
-14.557
-15.382
-16.594
-18.201
-20.184
-22.524
-25.195
-28.143
-31.298
-34.57
-37.858
-41.082
-44.183
-47.092
-49.73
-52.041
-53.986
-55.579
-56.907
-58.057
-59.098
-60.145
-61.359
-62.849
-64.675
-66.795
-68.962
-70.943
-72.613
-73.751
-74.1
-73.503
-71.787
-68.95
-65.363
-61.398
-57.321
-53.625
-50.825
-49.367
-50.063
-53.68
-60.583
-71.198
-85.361
-101.815
-119.271
-136.101
-150.973
-164.138
-175.179
-182.62
-182.947
-168.913
-133.319
-70.989
19.01
130.506
253.93
379.699
500.945
616.196
725.799
826.477
908.788
956.793
953.536
890.451
771.494
613.547
441.037
275.686
132.025
14.869
-77.232
-145.827
-191.799
-213.171
-210.222
-188.651
-156.92
-126.988
-106.265
-95.052
-90.016
-83.93
-72.998
-58.394
-43.073
-31.72
-26.494
-26.564
-30.218
-35.027
-39.521
-43.321
-46.154
-47.931
-48.495
-47.577
-45.274
-41.942
-37.945
-33.662
-29.428
-25.493
-22.13
-19.627
-18.061
-17.336
-17.309
-17.778
-18.557
-19.509
-20.466
-21.239
-21.726
-21.883
-21.707
-21.253
-20.56
-19.653
-18.571
-17.363
-16.061
-14.692
-13.265
-11.766
-10.193
-8.555
-6.859
-5.118
-3.341
-1.531
0.306
2.167
4.051
5.957
7.884
9.836
11.806
13.789
15.767
17.713
19.609
21.444
23.213
24.917
26.56
28.145
29.679
31.177
32.652
34.118
35.585
37.063
38.566
40.112
41.719
43.414
45.217
47.144
49.209
51.424
53.797
56.337
59.047
61.93
64.985
68.212
71.614
75.194
78.954
82.898
87.025
91.329
95.804
100.439
105.222
110.136
115.16
120.269
125.436
130.64
135.86
141.08
146.284
151.451
156.557
161.575
166.483
171.268
175.924
180.443
184.831
189.096
193.264
197.375
201.464
205.553
209.649
213.746
217.836
221.916
225.981
230.02
234.02
237.953
241.786
245.486
249.001
252.26
255.168
257.606
259.462
260.651
261.113
260.803
259.68
257.703
254.845
251.085
246.412
240.818
234.29
226.831
218.468
209.267
199.33
188.783
177.756
166.355
154.674
142.801
130.828
118.845
106.934
95.174
83.647
72.454
61.716
51.534
41.98
33.093
24.874
17.309
10.381
4.073
-1.633
-6.757
-11.33
-15.376
-18.918
-21.986
-24.624
-26.903
-28.923
-30.767
-32.494
-34.148
-35.746
-37.304
-38.837
-40.348
-41.834
-43.29
-44.709
-46.09
-47.441
-48.757
-50.023
-51.21
-52.269
-53.166
-53.88
-54.399
-54.721
-54.845
-54.771
-54.513
-54.092
-53.526
-52.833
-52.027
-51.113
-50.108
-49.028
-47.896
-46.739
-45.579
-44.431
-43.309
-42.222
-41.18
-40.189
-39.25
-38.36
-37.516
-36.719
-35.968
-35.266
-34.613
-34.007
-33.448
-32.933
-32.461
-32.031
-31.642
-31.292
-30.98
-30.706
-30.468
-30.268
-30.106
-29.979
-29.888
-29.83
-29.803
-29.806
-29.837
-29.895
-29.977
-30.082
-30.209
-30.356
-30.523
-30.708
-30.91
-31.129
-31.365
-31.615
-31.881
-32.161
-32.454
-32.759
-33.077
-33.406
-33.745
-34.092
-34.448
-34.811
-35.181
-35.556
-35.936
-36.319
-36.706
-37.094
-37.485
-37.876
-38.267
-38.658
-39.048
-39.436
-39.823
-40.206
-40.587
-40.964
-41.337
-41.705
-42.068
-42.424
-42.774
-43.118
-43.453
-43.781
-44.101
-44.413
-44.716
-45.011
-45.297
-45.575
-45.845
-46.108
-46.362
-46.609
-46.85
-47.084
-47.311
-47.533
-47.75
-47.961
-48.168
-48.37
-48.569
-48.763
-48.954
-49.142
-49.327
-49.508
-49.687
-49.862
-50.035
-50.205
-50.373
-50.538
-50.7
-50.86
-51.017
-51.172
-51.324
-51.473
-51.619
-51.762
-51.901
-52.038
-52.17
-52.299
-52.423
-52.543
-52.658
-52.769
-52.874
-52.974
-53.069
-53.158
-53.242
-53.321
-53.395
-53.464
-53.528
-53.589
-53.645
-53.699
-53.75
-53.8
-53.848
-53.896
-53.944
-53.994
-54.045
-54.099
-54.156
-54.217
-54.283
-54.354
-54.432
-54.516
-54.608
-54.707
-54.816
-54.933
-55.061
-55.199
-55.348
-55.508
-55.68
-55.865
-56.062
-56.271
-56.493
-56.727
-56.973
-57.231
-57.5
-57.78
-58.069
-58.368
-58.674
-58.987
-59.305
-59.629
-59.955
-60.283
-60.612
-60.941
-61.268
-61.593
-61.913
-62.228
-62.537
-62.838
-63.13
-63.412
-63.682
-63.94
-64.183
-64.411
-64.622
-64.815
-64.989
-65.142
-65.275
-65.386
-65.474
-65.539
-65.58
-65.596
-65.589
-65.557
-65.5
-65.42
-65.317
-65.19
-65.041
-64.871
-64.679
-64.468
-64.236
-63.986
-63.718
-63.433
-63.133
-62.818
-62.49
-62.151
-61.802
-61.445
-61.083
-60.717
-60.348
-59.98
-59.614
-59.252
-58.895
-58.547
-58.21
-57.884
-57.572
-57.277
-57
-56.743
-56.507
-56.293
-56.104
-55.939
-55.801
-55.689
-55.605
-55.549
-55.522
-55.525
-55.557
-55.618
-55.707
-55.824
-55.967
-56.135
-56.324
-56.532
-56.756
-56.993
-57.241
-57.497
-57.757
-58.018
-58.279
-58.535
-58.785
-59.024
-59.247
-59.449
-59.625
-59.769
-59.876
-59.94
-59.954
-59.912
-59.813
-59.652
-59.425
-59.127
-58.751
-58.291
-57.747
-57.12
-56.41
-55.622
-54.758
-53.829
-52.85
-51.837
-50.803
-49.759
-48.705
-47.645
-46.586
-45.534
-44.499
-43.483
-42.479
-41.485
-40.503
-39.53
-38.567
-37.601
-36.602
-35.55
-34.43
-33.24
-31.993
-30.702
-29.374
-28.026
-26.676
-25.353
-24.106
-22.968
-21.964
-21.123
-20.468
-20.044
-19.919
-20.141
-20.745
-21.748
-23.136
-24.897
-27.019
-29.475
-32.235
-35.246
-38.427
-41.712
-45.04
-48.347
-51.584
-54.661
-57.447
-59.866
-61.886
-63.548
-64.999
-66.364
-67.726
-69.222
-71.006
-73.182
-75.79
-78.653
-81.391
-83.63
-85.033
-85.301
-84.158
-81.355
-76.778
-70.658
-63.531
-56.072
-49.077
-43.276
-39.42
-38.445
-41.238
-48.314
-59.937
-75.398
-92.759
-110.233
-125.78
-138.697
-150.387
-160.839
-168.223
-166.943
-147.332
-101.978
-28.328
69.589
181.297
296.769
410.058
519.046
623.67
719.866
796.52
838.469
831.653
770.356
660.895
519.425
366.604
220.666
93.462
-10.337
-90.369
-147.86
-184.115
-198.863
-194.49
-176.054
-150.249
-126.804
-110.908
-102.607
-99.227
-94.133
-83.976
-69.745
-53.889
-40.734
-32.412
-28.441
-27.618
-28.115
-28.962
-29.904
-30.644
-31.008
-30.656
-29.198
-26.637
-23.162
-18.985
-14.472
-9.979
-5.801
-2.309
0.175
1.558
1.894
1.312
0.038
-1.719
-3.795
-5.978
-8.056
-9.896
-11.401
-12.514
-13.228
-13.515
-13.355
-12.761
-11.761
-10.391
-8.696
-6.719
-4.499
-2.082
0.492
3.188
5.973
8.817
11.683
14.533
17.327
20.023
22.588
25.001
27.249
29.33
31.252
33.023
34.658
36.177
37.593
38.922
40.177
41.37
42.516
43.633
44.744
45.873
47.045
48.277
49.586
50.986
52.488
54.101
55.832
57.686
59.669
61.787
64.047
66.458
69.027
71.757
74.653
77.718
80.952
84.356
87.931
91.679
95.604
99.707
103.983
108.428
113.034
117.789
122.679
127.684
132.779
137.94
143.145
148.373
153.609
158.835
164.031
169.172
174.231
179.185
184.018
188.722
193.287
197.71
201.998
206.167
210.25
214.274
218.25
222.181
226.056
229.868
233.613
237.284
240.878
244.384
247.781
251.046
254.153
257.061
259.708
262.013
263.872
265.188
265.889
265.924
265.25
263.831
261.629
258.611
254.757
250.044
244.454
237.97
230.588
222.33
213.257
203.457
193.044
182.136
170.832
159.224
147.405
135.467
123.501
111.598
99.845
88.34
77.2
66.542
56.466
47.044
38.31
30.277
22.938
16.275
10.271
4.905
0.145
-4.04
-7.68
-10.811
-13.478
-15.743
-17.696
-19.428
-21.013
-22.509
-23.951
-25.364
-26.768
-28.171
-29.573
-30.968
-32.348
-33.706
-35.042
-36.35
-37.617
-38.817
-39.908
-40.852
-41.626
-42.214
-42.609
-42.811
-42.819
-42.643
-42.301
-41.814
-41.202
-40.481
-39.662
-38.762
-37.797
-36.793
-35.776
-34.767
-33.785
-32.841
-31.948
-31.113
-30.344
-29.642
-29.005
-28.431
-27.917
-27.463
-27.07
-26.738
-26.464
-26.245
-26.077
-25.958
-25.886
-25.859
-25.874
-25.929
-26.02
-26.148
-26.31
-26.506
-26.732
-26.986
-27.264
-27.565
-27.884
-28.219
-28.566
-28.923
-29.286
-29.655
-30.026
-30.398
-30.77
-31.14
-31.506
-31.869
-32.228
-32.582
-32.93
-33.273
-33.611
-33.942
-34.268
-34.588
-34.902
-35.211
-35.514
-35.811
-36.104
-36.392
-36.675
-36.956
-37.233
-37.508
-37.782
-38.054
-38.327
-38.6
-38.874
-39.151
-39.431
-39.713
-40
-40.29
-40.584
-40.883
-41.185
-41.49
-41.799
-42.11
-42.423
-42.737
-43.052
-43.368
-43.683
-43.997
-44.309
-44.619
-44.927
-45.231
-45.531
-45.826
-46.115
-46.399
-46.676
-46.945
-47.207
-47.461
-47.705
-47.939
-48.164
-48.377
-48.579
-48.77
-48.948
-49.114
-49.268
-49.41
-49.539
-49.656
-49.762
-49.857
-49.941
-50.016
-50.081
-50.138
-50.187
-50.229
-50.264
-50.293
-50.317
-50.337
-50.354
-50.368
-50.38
-50.39
-50.4
-50.411
-50.422
-50.434
-50.448
-50.466
-50.486
-50.51
-50.539
-50.573
-50.612
-50.657
-50.708
-50.765
-50.828
-50.898
-50.974
-51.056
-51.144
-51.238
-51.338
-51.443
-51.553
-51.668
-51.787
-51.911
-52.039
-52.17
-52.304
-52.441
-52.581
-52.723
-52.866
-53.011
-53.158
-53.305
-53.453
-53.601
-53.749
-53.896
-54.042
-54.188
-54.332
-54.474
-54.615
-54.754
-54.891
-55.026
-55.159
-55.289
-55.418
-55.544
-55.667
-55.788
-55.906
-56.022
-56.134
-56.244
-56.351
-56.456
-56.557
-56.655
-56.75
-56.842
-56.931
-57.017
-57.101
-57.182
-57.261
-57.339
-57.415
-57.49
-57.564
-57.638
-57.712
-57.785
-57.859
-57.933
-58.009
-58.085
-58.163
-58.243
-58.326
-58.411
-58.5
-58.591
-58.686
-58.784
-58.886
-58.991
-59.1
-59.212
-59.328
-59.447
-59.57
-59.694
-59.82
-59.946
-60.071
-60.192
-60.309
-60.418
-60.518
-60.605
-60.678
-60.734
-60.772
-60.79
-60.785
-60.755
-60.698
-60.611
-60.492
-60.336
-60.14
-59.899
-59.61
-59.27
-58.877
-58.428
-57.921
-57.353
-56.725
-56.035
-55.282
-54.463
-53.572
-52.609
-51.578
-50.487
-49.344
-48.162
-46.949
-45.718
-44.489
-43.271
-42.075
-40.905
-39.758
-38.638
-37.555
-36.522
-35.558
-34.678
-33.885
-33.182
-32.569
-32.037
-31.58
-31.188
-30.837
-30.523
-30.257
-30.053
-29.949
-29.973
-30.139
-30.461
-30.94
-31.575
-32.373
-33.34
-34.48
-35.813
-37.353
-39.112
-41.118
-43.369
-45.825
-48.439
-51.13
-53.813
-56.43
-58.91
-61.17
-63.177
-64.927
-66.44
-67.801
-69.068
-70.254
-71.437
-72.725
-74.183
-75.857
-77.711
-79.565
-81.261
-82.722
-83.789
-84.232
-83.9
-82.651
-80.432
-77.469
-74.058
-70.428
-66.994
-64.358
-62.985
-63.413
-66.373
-72.366
-81.732
-94.855
-111.111
-128.837
-146.683
-162.918
-176.522
-187.966
-196.445
-199.877
-193.735
-170.833
-124.784
-51.973
44.848
157.56
275.87
390.143
497.467
599.194
696.956
789.098
864.256
904.847
893.872
821.898
694.423
530.772
356.81
196.266
63.453
-39.113
-115.221
-169.452
-204.039
-216.857
-208.178
-183.121
-150.322
-122.075
-105.007
-98.564
-98.353
-96.287
-88.716
-77.32
-65.295
-57.249
-55.072
-57.276
-61.826
-66.67
-70.43
-73.316
-75.747
-76.962
-76.581
-73.516
-66.674
-57.968
-48.906
-41.465
-38.06
-37.136
-37.402
-37.818
-36.504
-34.655
-33.371
-32.75
-33.439
-34.75
-35.884
-36.853
-37.524
-37.921
-38.173
-38.189
-37.9
-37.35
-36.568
-35.562
-34.333
-32.872
-31.181
-29.295
-27.259
-25.102
-22.838
-20.476
-18.03
-15.518
-12.963
-10.385
-7.792
-5.187
-2.585
-0.002
2.536
4.997
7.368
9.646
11.831
13.927
15.939
17.869
19.727
21.53
23.293
25.029
26.751
28.468
30.195
31.952
33.761
35.65
37.638
39.742
41.978
44.356
46.89
49.587
52.453
55.49
58.702
62.092
65.662
69.419
73.366
77.509
81.849
86.382
91.101
95.998
101.06
106.274
111.621
117.076
122.616
128.223
133.877
139.566
145.274
150.98
156.661
162.287
167.834
173.286
178.632
183.863
188.978
193.981
198.889
203.736
208.552
213.35
218.134
222.888
227.596
232.247
236.833
241.342
245.762
250.063
254.21
258.177
261.92
265.378
268.471
271.085
273.11
274.467
275.095
274.962
274.044
272.309
269.729
266.292
261.986
256.812
250.772
243.852
236.058
227.43
218.04
208.005
197.451
186.478
175.169
163.595
151.821
139.925
127.987
116.07
104.241
92.577
81.166
70.126
59.569
49.566
40.158
31.35
23.124
15.482
8.429
1.966
-3.91
-9.208
-13.95
-18.139
-21.79
-24.938
-27.639
-29.982
-32.063
-33.95
-35.687
-37.305
-38.814
-40.235
-41.588
-42.877
-44.108
-45.282
-46.402
-47.478
-48.524
-49.532
-50.484
-51.345
-52.07
-52.633
-53.019
-53.222
-53.242
-53.083
-52.751
-52.261
-51.636
-50.895
-50.052
-49.12
-48.106
-47.026
-45.9
-44.75
-43.604
-42.483
-41.4
-40.37
-39.403
-38.506
-37.683
-36.936
-36.258
-35.649
-35.105
-34.629
-34.219
-33.876
-33.597
-33.378
-33.217
-33.111
-33.057
-33.051
-33.09
-33.171
-33.291
-33.447
-33.639
-33.863
-34.117
-34.399
-34.704
-35.03
-35.374
-35.733
-36.103
-36.482
-36.867
-37.255
-37.644
-38.031
-38.416
-38.796
-39.17
-39.537
-39.894
-40.243
-40.58
-40.906
-41.22
-41.52
-41.806
-42.077
-42.333
-42.574
-42.798
-43.007
-43.201
-43.379
-43.542
-43.689
-43.822
-43.94
-44.043
-44.133
-44.208
-44.27
-44.32
-44.358
-44.384
-44.4
-44.407
-44.404
-44.394
-44.376
-44.352
-44.323
-44.288
-44.25
-44.209
-44.166
-44.121
-44.077
-44.034
-43.992
-43.953
-43.916
-43.884
-43.856
-43.833
-43.815
-43.803
-43.798
-43.799
-43.808
-43.824
-43.849
-43.881
-43.922
-43.971
-44.028
-44.092
-44.164
-44.242
-44.326
-44.415
-44.509
-44.606
-44.706
-44.809
-44.912
-45.015
-45.118
-45.218
-45.316
-45.411
-45.501
-45.586
-45.665
-45.738
-45.805
-45.864
-45.916
-45.961
-45.997
-46.025
-46.043
-46.053
-46.054
-46.046
-46.029
-46.003
-45.968
-45.926
-45.877
-45.821
-45.76
-45.695
-45.625
-45.554
-45.48
-45.407
-45.334
-45.263
-45.195
-45.132
-45.074
-45.022
-44.977
-44.939
-44.91
-44.89
-44.879
-44.878
-44.886
-44.905
-44.934
-44.974
-45.025
-45.088
-45.161
-45.246
-45.342
-45.449
-45.567
-45.694
-45.831
-45.976
-46.129
-46.29
-46.456
-46.628
-46.803
-46.982
-47.162
-47.343
-47.523
-47.701
-47.877
-48.048
-48.214
-48.375
-48.529
-48.676
-48.815
-48.946
-49.068
-49.18
-49.283
-49.376
-49.458
-49.529
-49.588
-49.635
-49.671
-49.695
-49.707
-49.707
-49.695
-49.672
-49.637
-49.592
-49.536
-49.47
-49.394
-49.31
-49.218
-49.119
-49.013
-48.903
-48.788
-48.669
-48.547
-48.424
-48.299
-48.173
-48.047
-47.922
-47.798
-47.677
-47.557
-47.441
-47.329
-47.221
-47.118
-47.02
-46.928
-46.842
-46.763
-46.691
-46.625
-46.567
-46.515
-46.472
-46.436
-46.407
-46.386
-46.372
-46.365
-46.365
-46.371
-46.383
-46.4
-46.421
-46.447
-46.476
-46.508
-46.543
-46.58
-46.617
-46.655
-46.694
-46.731
-46.766
-46.799
-46.829
-46.855
-46.877
-46.894
-46.905
-46.911
-46.91
-46.902
-46.888
-46.866
-46.836
-46.798
-46.752
-46.698
-46.636
-46.566
-46.487
-46.402
-46.309
-46.21
-46.104
-45.993
-45.876
-45.756
-45.631
-45.504
-45.375
-45.245
-45.115
-44.986
-44.858
-44.734
-44.614
-44.499
-44.39
-44.289
-44.195
-44.111
-44.036
-43.971
-43.918
-43.877
-43.847
-43.83
-43.826
-43.834
-43.854
-43.886
-43.93
-43.986
-44.051
-44.127
-44.21
-44.301
-44.397
-44.496
-44.598
-44.699
-44.798
-44.892
-44.978
-45.054
-45.118
-45.165
-45.195
-45.202
-45.184
-45.138
-45.059
-44.946
-44.794
-44.6
-44.36
-44.072
-43.733
-43.34
-42.893
-42.387
-41.822
-41.194
-40.501
-39.743
-38.916
-38.021
-37.057
-36.024
-34.924
-33.761
-32.538
-31.261
-29.936
-28.565
-27.154
-25.711
-24.245
-22.766
-21.286
-19.814
-18.362
-16.945
-15.579
-14.278
-13.056
-11.924
-10.889
-9.962
-9.149
-8.463
-7.918
-7.519
-7.267
-7.165
-7.21
-7.414
-7.799
-8.372
-9.131
-10.077
-11.187
-12.465
-13.948
-15.611
-17.391
-19.23
-21.034
-22.791
-24.591
-26.442
-28.269
-30.09
-31.956
-33.959
-36.278
-38.862
-41.424
-43.786
-45.856
-47.513
-48.654
-49.145
-48.79
-47.696
-46.283
-44.931
-43.976
-43.676
-44.189
-45.591
-47.871
-50.846
-54.076
-57.043
-59.262
-60.357
-60.105
-58.433
-55.586
-51.921
-47.863
-44.605
-43.321
-44.322
-48.362
-54.944
-62.958
-74.008
-88.407
-105.967
-126.789
-146.383
-161.436
-170.933
-172.982
-168.031
-153.551
-122.436
-68.466
12.788
119.621
243.049
372.291
498.268
616.473
726.179
825.662
908.386
961.584
970.512
924.713
822.822
675.922
503.166
325.861
163.307
26.696
-78.662
-151.267
-193.629
-207.508
-198.016
-173.807
-143.438
-117.384
-100.567
-91.593
-86.945
-80.076
-68.422
-54.054
-40.033
-30.71
-27.75
-29.9
-35.297
-41.535
-47.117
-51.613
-54.719
-56.329
-56.333
-54.567
-51.211
-46.673
-41.395
-35.841
-30.401
-25.372
-21.033
-17.637
-15.25
-13.782
-13.089
-12.977
-13.258
-13.781
-14.384
-14.907
-15.27
-15.454
-15.461
-15.312
-15.024
-14.6
-14.057
-13.427
-12.717
-11.925
-11.037
-10.03
-8.898
-7.653
-6.299
-4.838
-3.269
-1.585
0.209
2.101
4.079
6.139
8.271
10.471
12.723
15.001
17.277
19.52
21.708
23.83
25.877
27.847
29.737
31.549
33.291
34.979
36.626
38.244
39.846
41.443
43.053
44.697
46.399
48.184
50.075
52.086
54.233
56.527
58.977
61.589
64.369
67.313
70.425
73.706
77.156
80.777
84.571
88.538
92.68
96.996
101.479
106.124
110.919
115.852
120.909
126.071
131.315
136.617
141.959
147.32
152.688
158.046
163.374
168.648
173.842
178.931
183.903
188.75
193.465
198.049
202.51
206.869
211.162
215.419
219.656
223.876
228.069
232.224
236.335
240.396
244.4
248.333
252.169
255.881
259.438
262.792
265.881
268.617
270.888
272.59
273.644
273.996
273.611
272.454
270.491
267.694
264.045
259.529
254.141
247.867
240.702
232.665
223.809
214.223
204.027
193.341
182.268
170.89
159.285
147.531
135.714
123.913
112.2
100.654
89.369
78.455
68.026
58.168
48.931
40.334
32.366
25.014
18.271
12.128
6.574
1.596
-2.831
-6.727
-10.111
-13.018
-15.505
-17.657
-19.571
-21.318
-22.95
-24.499
-25.981
-27.411
-28.803
-30.162
-31.489
-32.784
-34.045
-35.279
-36.492
-37.678
-38.819
-39.88
-40.816
-41.599
-42.214
-42.65
-42.91
-42.994
-42.908
-42.668
-42.294
-41.804
-41.213
-40.533
-39.772
-38.945
-38.07
-37.171
-36.273
-35.396
-34.555
-33.761
-33.024
-32.351
-31.746
-31.208
-30.732
-30.316
-29.958
-29.658
-29.416
-29.231
-29.099
-29.017
-28.983
-28.993
-29.043
-29.132
-29.254
-29.409
-29.593
-29.804
-30.042
-30.305
-30.59
-30.895
-31.217
-31.553
-31.901
-32.259
-32.623
-32.99
-33.36
-33.73
-34.098
-34.463
-34.824
-35.18
-35.529
-35.872
-36.207
-36.535
-36.854
-37.166
-37.469
-37.764
-38.05
-38.327
-38.597
-38.858
-39.111
-39.357
-39.596
-39.828
-40.053
-40.273
-40.486
-40.694
-40.898
-41.096
-41.291
-41.481
-41.669
-41.854
-42.037
-42.218
-42.397
-42.575
-42.753
-42.929
-43.105
-43.281
-43.456
-43.631
-43.806
-43.982
-44.157
-44.332
-44.507
-44.682
-44.857
-45.032
-45.207
-45.381
-45.555
-45.728
-45.9
-46.071
-46.241
-46.409
-46.577
-46.742
-46.906
-47.068
-47.227
-47.384
-47.538
-47.689
-47.837
-47.982
-48.124
-48.262
-48.397
-48.529
-48.658
-48.784
-48.907
-49.027
-49.145
-49.261
-49.375
-49.488
-49.6
-49.712
-49.823
-49.935
-50.048
-50.162
-50.278
-50.397
-50.518
-50.643
-50.772
-50.904
-51.042
-51.185
-51.333
-51.487
-51.648
-51.815
-51.988
-52.169
-52.356
-52.55
-52.749
-52.955
-53.166
-53.382
-53.603
-53.827
-54.054
-54.283
-54.513
-54.744
-54.975
-55.204
-55.431
-55.655
-55.874
-56.089
-56.298
-56.501
-56.696
-56.884
-57.063
-57.233
-57.394
-57.544
-57.684
-57.813
-57.93
-58.036
-58.131
-58.215
-58.287
-58.349
-58.4
-58.442
-58.474
-58.499
-58.516
-58.526
-58.531
-58.53
-58.526
-58.519
-58.51
-58.499
-58.489
-58.479
-58.471
-58.465
-58.462
-58.462
-58.465
-58.472
-58.483
-58.499
-58.518
-58.543
-58.571
-58.604
-58.642
-58.683
-58.728
-58.776
-58.827
-58.879
-58.932
-58.986
-59.039
-59.09
-59.139
-59.186
-59.228
-59.266
-59.299
-59.325
-59.345
-59.358
-59.362
-59.359
-59.346
-59.325
-59.295
-59.256
-59.209
-59.153
-59.089
-59.018
-58.938
-58.852
-58.759
-58.66
-58.555
-58.445
-58.33
-58.213
-58.093
-57.971
-57.848
-57.726
-57.605
-57.485
-57.368
-57.254
-57.144
-57.038
-56.938
-56.844
-56.757
-56.678
-56.606
-56.542
-56.487
-56.441
-56.403
-56.374
-56.355
-56.344
-56.343
-56.352
-56.37
-56.398
-56.437
-56.486
-56.546
-56.617
-56.697
-56.788
-56.888
-56.998
-57.117
-57.246
-57.384
-57.532
-57.689
-57.856
-58.032
-58.217
-58.412
-58.614
-58.824
-59.041
-59.264
-59.493
-59.727
-59.964
-60.205
-60.447
-60.69
-60.931
-61.17
-61.402
-61.626
-61.839
-62.037
-62.217
-62.377
-62.515
-62.627
-62.713
-62.77
-62.797
-62.791
-62.749
-62.667
-62.541
-62.366
-62.137
-61.85
-61.5
-61.086
-60.603
-60.051
-59.43
-58.738
-57.974
-57.136
-56.219
-55.221
-54.143
-52.987
-51.761
-50.472
-49.134
-47.762
-46.37
-44.975
-43.587
-42.214
-40.857
-39.519
-38.202
-36.912
-35.665
-34.47
-33.337
-32.271
-31.274
-30.344
-29.471
-28.642
-27.835
-27.038
-26.244
-25.46
-24.703
-23.992
-23.352
-22.801
-22.346
-22.004
-21.788
-21.714
-21.8
-22.071
-22.554
-23.277
-24.279
-25.575
-27.174
-29.07
-31.237
-33.633
-36.204
-38.893
-41.649
-44.423
-47.15
-49.744
-52.141
-54.312
-56.27
-58.088
-59.824
-61.508
-63.214
-65.088
-67.218
-69.619
-72.198
-74.65
-76.696
-78.213
-79.002
-78.768
-77.351
-74.664
-70.756
-65.99
-60.728
-55.122
-49.97
-46.708
-46.341
-49.326
-54.499
-59.441
-63.193
-67.378
-75.644
-91.099
-113.806
-139.361
-161.31
-175.75
-180.919
-176.72
-161.539
-128.989
-72.359
12.169
121.717
246.592
376.336
502.266
620.326
728.18
819.322
883.044
904.967
872.842
783.822
646.79
480.642
308.822
152.641
24.5
-71.502
-137.118
-178.302
-198.414
-199.983
-187.339
-164.196
-137.837
-115.82
-100.459
-91.829
-86.145
-77.984
-66.369
-52.67
-39.778
-31.41
-28.478
-29.818
-33.779
-38.504
-42.902
-46.584
-49.264
-50.629
-50.402
-48.6
-45.479
-41.365
-36.695
-31.866
-27.202
-23.086
-19.849
-17.578
-16.215
-15.621
-15.587
-15.924
-16.474
-17.054
-17.481
-17.664
-17.573
-17.205
-16.603
-15.797
-14.804
-13.663
-12.419
-11.095
-9.711
-8.278
-6.778
-5.217
-3.607
-1.951
-0.258
1.469
3.234
5.031
6.854
8.703
10.574
12.469
14.389
16.329
18.278
20.223
22.138
24.006
25.821
27.576
29.27
30.905
32.481
34.005
35.492
36.953
38.4
39.845
41.296
42.768
44.279
45.849
47.501
49.255
51.125
53.126
55.269
57.561
60.012
62.624
65.398
68.336
71.438
74.708
78.145
81.752
85.525
89.464
93.571
97.841
102.269
106.845
111.558
116.395
121.341
126.378
131.481
136.627
141.794
146.961
152.115
157.236
162.302
167.287
172.164
176.911
181.521
185.985
190.295
194.457
198.477
202.378
206.196
209.955
213.664
217.326
220.934
224.484
227.978
231.414
234.79
238.093
241.301
244.387
247.32
250.048
252.503
254.597
256.221
257.29
257.748
257.542
256.634
254.986
252.558
249.318
245.243
240.311
234.503
227.812
220.247
211.85
202.701
192.896
182.559
171.796
160.69
149.332
137.808
126.206
114.615
103.125
91.82
80.806
70.205
60.119
50.632
41.793
33.614
26.095
19.219
12.971
7.337
2.299
-2.173
-6.104
-9.519
-12.458
-14.964
-17.108
-18.991
-20.696
-22.284
-23.803
-25.274
-26.714
-28.138
-29.552
-30.952
-32.336
-33.698
-35.036
-36.354
-37.646
-38.897
-40.076
-41.134
-42.037
-42.764
-43.301
-43.644
-43.794
-43.751
-43.526
-43.139
-42.608
-41.95
-41.178
-40.3
-39.329
-38.286
-37.192
-36.076
-34.959
-33.857
-32.784
-31.751
-30.768
-29.841
-28.972
-28.16
-27.401
-26.697
-26.047
-25.456
-24.922
-24.444
-24.021
-23.65
-23.33
-23.061
-22.839
-22.664
-22.533
-22.446
-22.402
-22.401
-22.442
-22.524
-22.645
-22.802
-22.994
-23.218
-23.471
-23.751
-24.055
-24.38
-24.724
-25.085
-25.46
-25.847
-26.243
-26.647
-27.057
-27.471
-27.887
-28.304
-28.721
-29.136
-29.548
-29.956
-30.358
-30.754
-31.143
-31.525
-31.898
-32.262
-32.617
-32.964
-33.3
-33.628
-33.946
-34.254
-34.553
-34.844
-35.126
-35.399
-35.666
-35.925
-36.179
-36.427
-36.671
-36.913
-37.151
-37.389
-37.626
-37.863
-38.102
-38.343
-38.586
-38.833
-39.083
-39.338
-39.598
-39.863
-40.133
-40.408
-40.688
-40.973
-41.262
-41.556
-41.853
-42.153
-42.456
-42.762
-43.068
-43.376
-43.684
-43.992
-44.299
-44.605
-44.907
-45.205
-45.499
-45.787
-46.068
-46.341
-46.606
-46.86
-47.104
-47.337
-47.558
-47.767
-47.963
-48.145
-48.315
-48.472
-48.616
-48.748
-48.868
-48.977
-49.076
-49.166
-49.248
-49.322
-49.391
-49.454
-49.514
-49.571
-49.625
-49.679
-49.733
-49.788
-49.846
-49.906
-49.972
-50.042
-50.12
-50.204
-50.298
-50.4
-50.513
-50.635
-50.769
-50.915
-51.071
-51.24
-51.42
-51.612
-51.814
-52.026
-52.248
-52.478
-52.714
-52.957
-53.203
-53.453
-53.704
-53.955
-54.205
-54.453
-54.696
-54.935
-55.168
-55.393
-55.609
-55.817
-56.013
-56.198
-56.37
-56.529
-56.674
-56.805
-56.92
-57.02
-57.103
-57.171
-57.223
-57.26
-57.281
-57.288
-57.281
-57.262
-57.232
-57.193
-57.146
-57.093
-57.036
-56.978
-56.921
-56.866
-56.816
-56.773
-56.739
-56.716
-56.706
-56.71
-56.731
-56.77
-56.83
-56.91
-57.014
-57.142
-57.296
-57.476
-57.684
-57.921
-58.186
-58.481
-58.805
-59.158
-59.539
-59.948
-60.383
-60.843
-61.326
-61.829
-62.35
-62.887
-63.434
-63.99
-64.551
-65.112
-65.669
-66.219
-66.758
-67.281
-67.784
-68.263
-68.713
-69.131
-69.512
-69.851
-70.144
-70.387
-70.576
-70.707
-70.775
-70.777
-70.709
-70.568
-70.352
-70.058
-69.684
-69.228
-68.688
-68.065
-67.359
-66.568
-65.696
-64.742
-63.71
-62.603
-61.427
-60.187
-58.887
-57.535
-56.137
-54.705
-53.248
-51.775
-50.297
-48.825
-47.373
-45.954
-44.584
-43.274
-42.036
-40.881
-39.824
-38.876
-38.049
-37.351
-36.782
-36.345
-36.045
-35.888
-35.881
-36.024
-36.312
-36.742
-37.32
-38.051
-38.938
-39.978
-41.157
-42.466
-43.899
-45.454
-47.136
-48.938
-50.846
-52.839
-54.886
-56.961
-59.036
-61.068
-63.007
-64.794
-66.351
-67.648
-68.695
-69.527
-70.229
-70.875
-71.491
-72.159
-73.009
-74.105
-75.459
-76.992
-78.458
-79.631
-80.408
-80.643
-80.15
-78.84
-76.64
-73.587
-69.981
-66.174
-62.442
-59.14
-56.695
-55.472
-55.928
-58.527
-63.617
-71.506
-82.41
-96.381
-112.69
-129.651
-145.256
-157.178
-164.456
-168.154
-168.725
-165.255
-153.068
-123.651
-69.85
11.802
117.596
237.798
362.571
483.625
597.361
702.128
792.195
858.104
886.301
864.103
787.614
663.021
506.659
340.279
183.485
50.046
-54.831
-131.817
-183.738
-213.914
-222.788
-211.587
-184.838
-148.899
-114.145
-89.065
-75.802
-72.729
-73.346
-71.266
-65.271
-56.597
-48.641
-45.069
-46.164
-50.526
-56.464
-61.821
-65.419
-67.484
-68.128
-66.866
-63.862
-58.25
-49.095
-38.48
-27.91
-19.36
-15.36
-14.316
-14.679
-15.343
-14.422
-12.921
-11.894
-11.37
-11.84
-12.743
-13.472
-14.122
-14.648
-15.07
-15.467
-15.764
-15.911
-15.924
-15.796
-15.487
-14.952
-14.187
-13.208
-12.044
-10.736
-9.285
-7.684
-5.94
-4.067
-2.083
-0.013
2.133
4.347
6.611
8.897
11.173
13.398
15.551
17.625
19.616
21.528
23.36
25.113
26.796
28.424
30.012
31.576
33.129
34.681
36.25
37.858
39.531
41.296
43.175
45.184
47.335
49.643
52.116
54.763
57.587
60.588
63.768
67.131
70.677
74.41
78.33
82.436
86.726
91.204
95.866
100.707
105.718
110.888
116.204
121.651
127.209
132.854
138.562
144.311
150.08
155.856
161.619
167.348
173.017
178.598
184.064
189.401
194.599
199.648
204.545
209.296
213.918
218.444
222.9
227.298
231.637
235.903
240.086
244.177
248.172
252.064
255.84
259.478
262.955
266.243
269.301
272.068
274.461
276.373
277.704
278.384
278.364
277.608
276.082
273.752
270.589
266.572
261.684
255.911
249.232
241.638
233.148
223.816
213.731
203.01
191.773
180.117
168.128
155.888
143.489
131.019
118.564
106.209
94.045
82.181
70.749
59.864
49.609
40.034
31.152
22.96
15.448
8.606
2.422
-3.121
-8.05
-12.394
-16.175
-19.43
-22.207
-24.583
-26.665
-28.542
-30.281
-31.931
-33.517
-35.059
-36.576
-38.074
-39.552
-41.008
-42.436
-43.834
-45.207
-46.55
-47.846
-49.065
-50.155
-51.083
-51.826
-52.372
-52.718
-52.866
-52.816
-52.581
-52.185
-51.648
-50.988
-50.222
-49.358
-48.412
-47.407
-46.364
-45.314
-44.278
-43.273
-42.313
-41.409
-40.567
-39.797
-39.097
-38.464
-37.896
-37.391
-36.949
-36.572
-36.258
-36.006
-35.811
-35.672
-35.584
-35.547
-35.556
-35.609
-35.703
-35.836
-36.006
-36.212
-36.452
-36.723
-37.022
-37.346
-37.691
-38.054
-38.432
-38.823
-39.222
-39.627
-40.037
-40.449
-40.862
-41.274
-41.683
-42.089
-42.491
-42.888
-43.279
-43.663
-44.041
-44.411
-44.773
-45.127
-45.473
-45.81
-46.138
-46.458
-46.77
-47.073
-47.369
-47.657
-47.938
-48.212
-48.48
-48.743
-49.001
-49.256
-49.506
-49.754
-49.999
-50.242
-50.484
-50.724
-50.962
-51.199
-51.434
-51.668
-51.9
-52.131
-52.36
-52.587
-52.812
-53.036
-53.258
-53.478
-53.696
-53.913
-54.127
-54.339
-54.549
-54.757
-54.963
-55.166
-55.367
-55.564
-55.759
-55.95
-56.138
-56.321
-56.5
-56.675
-56.845
-57.01
-57.17
-57.325
-57.474
-57.619
-57.758
-57.892
-58.02
-58.143
-58.26
-58.372
-58.477
-58.577
-58.671
-58.759
-58.841
-58.917
-58.987
-59.051
-59.109
-59.161
-59.207
-59.247
-59.282
-59.311
-59.335
-59.355
-59.37
-59.381
-59.389
-59.392
-59.393
-59.391
-59.386
-59.378
-59.369
-59.357
-59.345
-59.331
-59.317
-59.303
-59.289
-59.276
-59.263
-59.252
-59.242
-59.234
-59.229
-59.225
-59.224
-59.226
-59.23
-59.238
-59.249
-59.263
-59.28
-59.3
-59.322
-59.348
-59.376
-59.407
-59.44
-59.475
-59.513
-59.552
-59.593
-59.636
-59.68
-59.725
-59.771
-59.817
-59.862
-59.906
-59.948
-59.989
-60.028
-60.064
-60.097
-60.126
-60.152
-60.173
-60.19
-60.202
-60.209
-60.21
-60.206
-60.196
-60.18
-60.159
-60.131
-60.098
-60.06
-60.016
-59.967
-59.911
-59.851
-59.785
-59.714
-59.639
-59.56
-59.478
-59.394
-59.309
-59.225
-59.142
-59.061
-58.983
-58.909
-58.839
-58.776
-58.72
-58.671
-58.631
-58.601
-58.584
-58.578
-58.587
-58.609
-58.647
-58.701
-58.772
-58.86
-58.966
-59.09
-59.233
-59.397
-59.58
-59.783
-60.006
-60.248
-60.508
-60.784
-61.075
-61.377
-61.688
-62.004
-62.324
-62.644
-62.962
-63.275
-63.581
-63.878
-64.165
-64.437
-64.691
-64.921
-65.123
-65.291
-65.421
-65.507
-65.542
-65.521
-65.44
-65.298
-65.09
-64.813
-64.46
-64.025
-63.501
-62.889
-62.187
-61.394
-60.514
-59.552
-58.52
-57.438
-56.32
-55.175
-54.008
-52.819
-51.611
-50.388
-49.152
-47.905
-46.649
-45.382
-44.109
-42.841
-41.578
-40.316
-39.044
-37.732
-36.369
-34.954
-33.492
-31.997
-30.491
-28.993
-27.532
-26.153
-24.891
-23.784
-22.866
-22.15
-21.655
-21.432
-21.531
-22.007
-22.903
-24.222
-25.949
-28.097
-30.667
-33.55
-36.606
-39.796
-43.049
-46.281
-49.59
-52.445
-54.317
-55.773
-56.955
-58.965
-63.131
-67.873
-72.154
-74.498
-72.949
-69.523
-65.938
-63.478
-64.134
-66.749
-70.082
-73.726
-76.593
-78.856
-80.83
-82.072
-82.35
-81.43
-79.052
-75.379
-70.818
-65.753
-61.153
-58.447
-58.733
-62.555
-68.729
-74.982
-80.039
-84.13
-90.422
-102.591
-121.995
-147.702
-174.227
-195.097
-204.431
-194.974
-162.27
-102.753
-15.021
94.785
217.954
343.837
462.589
572.32
674.075
768.859
854.331
918.286
944.362
917.849
831.492
693.175
521.887
341.96
177
40.563
-62.613
-133.488
-177.548
-197.601
-195.714
-177.14
-147.307
-115.563
-91.587
-78.242
-74.872
-76.067
-74.349
-67.567
-56.825
-45.537
-38.347
-36.552
-38.98
-43.716
-48.469
-52.185
-54.741
-56.056
-56.076
-54.614
-51.651
-47.481
-42.478
-37.061
-31.616
-26.437
-21.857
-18.219
-15.644
-14.099
-13.481
-13.592
-14.243
-15.281
-16.502
-17.711
-18.806
-19.737
-20.49
-21.073
-21.475
-21.686
-21.718
-21.586
-21.289
-20.81
-20.121
-19.209
-18.085
-16.768
-15.283
-13.64
-11.842
-9.898
-7.823
-5.639
-3.366
-1.019
1.395
3.857
6.34
8.813
11.236
13.589
15.864
18.058
20.17
22.203
24.157
26.043
27.876
29.671
31.442
33.202
34.962
36.738
38.553
40.428
42.392
44.464
46.659
48.99
51.468
54.103
56.902
59.867
62.997
66.295
69.762
73.399
77.209
81.193
85.351
89.686
94.196
98.878
103.723
108.722
113.863
119.131
124.508
129.97
135.496
141.065
146.656
152.257
157.85
163.417
168.934
174.373
179.71
184.931
190.026
194.987
199.813
204.508
209.088
213.588
218.034
222.444
226.82
231.149
235.417
239.618
243.742
247.782
251.725
255.545
259.212
262.702
265.976
268.979
271.637
273.842
275.495
276.519
276.86
276.489
275.38
273.5
270.82
267.328
263.008
257.859
251.876
245.038
237.35
228.85
219.605
209.726
199.331
188.512
177.346
165.903
154.249
142.472
130.651
118.851
107.149
95.628
84.388
73.56
63.247
53.515
44.404
35.912
28.03
20.764
14.117
8.085
2.66
-2.181
-6.461
-10.192
-13.402
-16.14
-18.482
-20.534
-22.382
-24.084
-25.685
-27.205
-28.661
-30.078
-31.47
-32.836
-34.179
-35.496
-36.787
-38.064
-39.323
-40.547
-41.705
-42.747
-43.637
-44.358
-44.896
-45.25
-45.419
-45.404
-45.217
-44.879
-44.41
-43.827
-43.143
-42.368
-41.516
-40.607
-39.665
-38.719
-37.792
-36.898
-36.052
-35.265
-34.545
-33.899
-33.328
-32.827
-32.394
-32.028
-31.729
-31.497
-31.331
-31.229
-31.187
-31.201
-31.268
-31.385
-31.549
-31.757
-32.005
-32.291
-32.612
-32.967
-33.353
-33.769
-34.209
-34.671
-35.152
-35.648
-36.155
-36.67
-37.191
-37.712
-38.233
-38.75
-39.261
-39.764
-40.257
-40.737
-41.204
-41.657
-42.094
-42.515
-42.918
-43.304
-43.672
-44.022
-44.354
-44.668
-44.964
-45.243
-45.504
-45.75
-45.98
-46.195
-46.396
-46.584
-46.759
-46.923
-47.076
-47.22
-47.355
-47.482
-47.603
-47.718
-47.829
-47.937
-48.042
-48.146
-48.249
-48.353
-48.458
-48.566
-48.677
-48.791
-48.909
-49.033
-49.161
-49.296
-49.435
-49.581
-49.732
-49.89
-50.053
-50.221
-50.395
-50.573
-50.757
-50.944
-51.136
-51.332
-51.532
-51.734
-51.94
-52.148
-52.358
-52.569
-52.781
-52.993
-53.204
-53.414
-53.622
-53.826
-54.027
-54.222
-54.412
-54.594
-54.769
-54.936
-55.093
-55.241
-55.378
-55.504
-55.62
-55.724
-55.816
-55.896
-55.964
-56.021
-56.065
-56.097
-56.117
-56.125
-56.121
-56.105
-56.077
-56.038
-55.987
-55.925
-55.853
-55.77
-55.678
-55.577
-55.467
-55.351
-55.228
-55.1
-54.968
-54.833
-54.696
-54.558
-54.42
-54.284
-54.149
-54.018
-53.892
-53.77
-53.654
-53.544
-53.442
-53.348
-53.263
-53.188
-53.123
-53.068
-53.025
-52.995
-52.976
-52.972
-52.981
-53.004
-53.042
-53.095
-53.164
-53.247
-53.346
-53.46
-53.588
-53.731
-53.888
-54.058
-54.241
-54.435
-54.641
-54.857
-55.083
-55.317
-55.56
-55.809
-56.064
-56.324
-56.588
-56.855
-57.123
-57.392
-57.659
-57.925
-58.188
-58.446
-58.699
-58.944
-59.181
-59.409
-59.625
-59.83
-60.021
-60.197
-60.359
-60.505
-60.635
-60.747
-60.843
-60.92
-60.981
-61.023
-61.048
-61.055
-61.046
-61.02
-60.977
-60.92
-60.849
-60.764
-60.668
-60.561
-60.445
-60.322
-60.193
-60.06
-59.924
-59.789
-59.655
-59.524
-59.399
-59.281
-59.174
-59.078
-58.996
-58.929
-58.88
-58.849
-58.839
-58.851
-58.885
-58.944
-59.028
-59.138
-59.275
-59.44
-59.631
-59.851
-60.097
-60.37
-60.668
-60.99
-61.335
-61.7
-62.084
-62.484
-62.898
-63.322
-63.754
-64.19
-64.627
-65.062
-65.49
-65.908
-66.312
-66.697
-67.059
-67.395
-67.7
-67.97
-68.201
-68.389
-68.529
-68.618
-68.651
-68.624
-68.534
-68.376
-68.148
-67.847
-67.47
-67.015
-66.482
-65.868
-65.174
-64.399
-63.543
-62.609
-61.598
-60.513
-59.358
-58.136
-56.854
-55.518
-54.135
-52.712
-51.258
-49.781
-48.293
-46.806
-45.331
-43.883
-42.473
-41.114
-39.819
-38.604
-37.478
-36.452
-35.532
-34.726
-34.044
-33.498
-33.097
-32.845
-32.742
-32.785
-32.976
-33.318
-33.81
-34.446
-35.215
-36.11
-37.133
-38.288
-39.578
-40.997
-42.52
-44.116
-45.759
-47.433
-49.13
-50.828
-52.495
-54.091
-55.581
-56.951
-58.192
-59.273
-60.137
-60.757
-61.144
-61.374
-61.607
-62.001
-62.683
-63.794
-65.468
-67.768
-70.68
-74.022
-77.445
-80.559
-82.96
-84.304
-84.351
-82.893
-79.808
-75.248
-69.543
-63.626
-59.071
-56.963
-57.711
-60.326
-62.823
-64.549
-67.108
-74.004
-88.198
-109.691
-134.462
-156.498
-171.872
-178.863
-177.388
-165.79
-138.25
-88.353
-11.723
89.486
206.782
330.805
452.863
568.889
676.745
769.946
838.691
869.215
848.714
773.762
651.031
496.41
331.337
175.252
41.154
-63.697
-137.648
-183.258
-202.51
-199.511
-181.428
-154.823
-128.839
-110.918
-101.789
-99.726
-99.291
-94.199
-83.513
-68.865
-53.661
-42.044
-35.082
-31.932
-31.217
-31.296
-31.499
-31.86
-32.32
-32.783
-32.994
-32.598
-31.54
-29.924
-27.898
-25.661
-23.418
-21.385
-19.844
-19.104
-19.269
-20.271
-21.975
-24.163
-26.627
-29.186
-31.601
-33.617
-35.069
-35.879
-36.034
-35.579
-34.555
-32.993
-30.947
-28.49
-25.695
-22.635
-19.368
-15.945
-12.424
-8.868
-5.348
-1.921
1.366
4.482
7.411
10.142
12.672
15.001
17.138
19.093
20.885
22.529
24.038
25.43
26.722
27.938
29.105
30.247
31.382
32.529
33.701
34.91
36.169
37.488
38.875
40.338
41.885
43.525
45.27
47.129
49.111
51.225
53.476
55.872
58.418
61.121
63.987
67.021
70.227
73.607
77.167
80.908
84.834
88.948
93.251
97.736
102.396
107.222
112.199
117.312
122.541
127.86
133.244
138.671
144.122
149.583
155.034
160.453
165.815
171.095
176.276
181.347
186.299
191.126
195.826
200.408
204.891
209.303
213.663
217.978
222.245
226.449
230.578
234.625
238.582
242.431
246.147
249.694
253.04
256.147
258.97
261.447
263.493
265.017
265.947
266.228
265.822
264.705
262.853
260.246
256.866
252.712
247.791
242.118
235.708
228.582
220.773
212.342
203.379
193.981
184.235
174.215
163.989
153.623
143.181
132.734
122.346
112.082
102.007
92.186
82.683
73.559
64.868
56.642
48.886
41.601
34.788
28.444
22.571
17.162
12.206
7.685
3.579
-0.143
-3.521
-6.599
-9.418
-12.019
-14.445
-16.724
-18.876
-20.914
-22.847
-24.682
-26.426
-28.083
-29.653
-31.135
-32.522
-33.803
-34.956
-35.965
-36.818
-37.503
-38.012
-38.342
-38.491
-38.467
-38.283
-37.952
-37.487
-36.901
-36.21
-35.429
-34.576
-33.673
-32.741
-31.801
-30.869
-29.957
-29.08
-28.246
-27.464
-26.739
-26.071
-25.462
-24.911
-24.422
-23.993
-23.626
-23.317
-23.065
-22.867
-22.721
-22.624
-22.573
-22.565
-22.6
-22.674
-22.784
-22.931
-23.11
-23.32
-23.558
-23.819
-24.1
-24.398
-24.709
-25.031
-25.36
-25.693
-26.029
-26.363
-26.696
-27.024
-27.346
-27.661
-27.966
-28.262
-28.547
-28.82
-29.081
-29.33
-29.566
-29.789
-30
-30.198
-30.383
-30.556
-30.717
-30.866
-31.005
-31.133
-31.252
-31.363
-31.466
-31.563
-31.654
-31.74
-31.823
-31.903
-31.981
-32.057
-32.133
-32.209
-32.285
-32.363
-32.442
-32.523
-32.606
-32.692
-32.782
-32.874
-32.97
-33.071
-33.175
-33.283
-33.396
-33.514
-33.636
-33.764
-33.896
-34.033
-34.175
-34.322
-34.473
-34.628
-34.787
-34.949
-35.115
-35.284
-35.455
-35.629
-35.804
-35.982
-36.16
-36.339
-36.519
-36.699
-36.878
-37.056
-37.234
-37.409
-37.582
-37.753
-37.92
-38.083
-38.242
-38.396
-38.545
-38.687
-38.822
-38.95
-39.07
-39.182
-39.285
-39.378
-39.463
-39.537
-39.602
-39.656
-39.7
-39.734
-39.757
-39.771
-39.774
-39.767
-39.751
-39.725
-39.69
-39.648
-39.597
-39.539
-39.474
-39.403
-39.326
-39.246
-39.161
-39.074
-38.984
-38.895
-38.805
-38.717
-38.632
-38.551
-38.476
-38.406
-38.345
-38.291
-38.247
-38.214
-38.192
-38.182
-38.185
-38.202
-38.233
-38.277
-38.337
-38.411
-38.5
-38.604
-38.721
-38.853
-38.999
-39.157
-39.328
-39.511
-39.705
-39.909
-40.122
-40.342
-40.57
-40.803
-41.04
-41.279
-41.52
-41.759
-41.996
-42.23
-42.458
-42.679
-42.893
-43.098
-43.292
-43.475
-43.646
-43.805
-43.951
-44.083
-44.202
-44.308
-44.402
-44.483
-44.553
-44.612
-44.662
-44.704
-44.738
-44.766
-44.79
-44.81
-44.829
-44.848
-44.869
-44.893
-44.924
-44.963
-45.011
-45.072
-45.147
-45.237
-45.345
-45.473
-45.62
-45.789
-45.98
-46.194
-46.432
-46.693
-46.978
-47.284
-47.612
-47.959
-48.323
-48.702
-49.094
-49.495
-49.902
-50.311
-50.72
-51.125
-51.521
-51.904
-52.271
-52.616
-52.935
-53.223
-53.475
-53.685
-53.849
-53.962
-54.018
-54.013
-53.942
-53.801
-53.585
-53.291
-52.914
-52.452
-51.901
-51.259
-50.523
-49.694
-48.77
-47.752
-46.641
-45.442
-44.157
-42.791
-41.349
-39.837
-38.263
-36.634
-34.96
-33.251
-31.515
-29.766
-28.018
-26.283
-24.577
-22.914
-21.306
-19.769
-18.316
-16.962
-15.719
-14.593
-13.591
-12.723
-11.996
-11.421
-11.011
-10.767
-10.693
-10.796
-11.078
-11.543
-12.193
-13.015
-14
-15.139
-16.425
-17.86
-19.446
-21.167
-23.009
-24.95
-26.952
-28.985
-31.009
-32.963
-34.806
-36.484
-37.934
-39.147
-40.135
-40.933
-41.632
-42.295
-42.943
-43.66
-44.546
-45.645
-46.994
-48.515
-49.995
-51.306
-52.384
-53.151
-53.511
-53.368
-52.611
-51.3
-49.733
-48.103
-46.455
-44.787
-43.148
-42.226
-43.307
-47.322
-54.28
-62.317
-68.614
-71.709
-72.372
-74.885
-83.961
-101.623
-126.818
-153.239
-173.832
-182.5
-172.331
-139.524
-80.647
5.768
113.81
234.92
358.157
473.631
579.84
678.158
769.683
851.652
910.619
929.768
895.624
802.792
661.764
492.852
318.973
161.599
31.796
-67.279
-136.042
-179.092
-198.566
-196.179
-177.422
-147.593
-115.256
-89.302
-72.3
-64.135
-60.675
-55.58
-47.138
-36.133
-25.142
-18.188
-16.336
-18.479
-22.97
-27.623
-31.358
-34.034
-35.518
-35.739
-34.567
-32.026
-28.437
-24.219
-19.78
-15.471
-11.586
-8.445
-6.363
-5.433
-5.557
-6.558
-8.196
-10.261
-12.582
-14.958
-17.17
-19.084
-20.625
-21.756
-22.487
-22.81
-22.699
-22.158
-21.217
-19.908
-18.277
-16.368
-14.214
-11.858
-9.348
-6.722
-4.022
-1.28
1.478
4.222
6.921
9.543
12.05
14.415
16.623
18.667
20.551
22.284
23.873
25.331
26.677
27.927
29.096
30.199
31.247
32.256
33.244
34.234
35.254
36.327
37.472
38.707
40.044
41.496
43.076
44.794
46.654
48.665
50.833
53.167
55.677
58.368
61.247
64.315
67.574
71.024
74.668
78.505
82.54
86.773
91.198
95.81
100.6
105.555
110.66
115.896
121.235
126.655
132.13
137.642
143.176
148.713
154.233
159.712
165.12
170.434
175.636
180.715
185.659
190.464
195.131
199.671
204.115
208.483
212.787
217.022
221.171
225.213
229.139
232.937
236.596
240.104
243.434
246.56
249.461
252.103
254.436
256.392
257.871
258.779
259.052
258.643
257.531
255.7
253.12
249.772
245.644
240.727
235.02
228.518
221.198
213.062
204.144
194.507
184.26
173.514
162.354
150.855
139.083
127.103
114.998
102.846
90.711
78.667
66.797
55.204
44.019
33.348
23.26
13.797
4.962
-3.253
-10.837
-17.79
-24.114
-29.82
-34.932
-39.475
-43.46
-46.92
-49.903
-52.488
-54.78
-56.87
-58.817
-60.667
-62.447
-64.175
-65.878
-67.57
-69.25
-70.921
-72.579
-74.223
-75.864
-77.498
-79.109
-80.664
-82.116
-83.429
-84.587
-85.575
-86.392
-87.036
-87.509
-87.821
-87.995
-88.048
-87.999
-87.862
-87.643
-87.358
-87.026
-86.668
-86.312
-85.975
-85.672
-85.413
-85.207
-85.06
-84.976
-84.955
-84.992
-85.083
-85.228
-85.427
-85.679
-85.985
-86.342
-86.746
-87.193
-87.682
-88.21
-88.776
-89.378
-90.016
-90.689
-91.397
-92.141
-92.921
-93.735
-94.583
-95.464
-96.377
-97.322
-98.304
-99.327
-100.398
-101.519
-102.693
-103.922
-105.204
-106.539
-107.92
-109.336
-110.776
-112.226
-113.675
-115.11
-116.52
-117.888
-119.195
-120.416
-121.531
-122.53
-123.409
-124.166
-124.801
-125.312
-125.712
-126.038
-126.335
-126.648
-127.015
-127.456
-128.011
-128.751
-129.729
-130.97
-132.445
-134.063
-135.756
-137.516
-139.286
-140.959
-142.474
-143.802
-145.072
-146.561
-148.365
-150.465
-152.979
-156.018
-159.57
-163.137
-165.298
-164.546
-160.499
-154.534
-149.447
-147.214
-146.587
-142.522
-128.238
-99.21
-57.072
