Name,Kaushik Vada
Date of Birth,"Mar 17, 2005"
Recorded Date,2024-01-21 13:24:04 -0800
Classification,Sinus Rhythm
Symptoms,
Software Version,1.90
Device,"Watch6,15"
Sample Rate,512 hertz


Lead,Lead I
Unit,µV

-203.055
-271.198
-305.033
-309.913
-300.799
-289.262
-286.444
-290.759
-292.484
-287.607
-273.831
-252.284
-228.125
-203.357
-178.364
-154.344
-131.604
-110.724
-92.957
-78.607
-67.498
-59.821
-54.963
-51.474
-48.514
-44.89
-40.319
-36.747
-33.516
-28.279
-17.83
4.041
36.438
71.735
102.274
117.644
116.94
109.735
103.754
107.445
122.498
141.752
160.739
176.319
187.465
197.118
206.555
215.559
224.139
231.747
238.217
243.964
249.119
253.626
257.505
260.758
263.352
265.269
266.479
266.923
266.574
265.433
263.473
260.695
257.159
252.966
248.217
242.988
237.328
231.265
224.84
218.121
211.182
204.09
196.891
189.642
182.42
175.341
168.533
162.066
155.941
150.098
144.481
139.07
133.863
128.868
124.072
119.45
114.983
110.673
106.531
102.552
98.7
94.903
91.081
87.198
83.271
79.358
75.509
71.745
68.075
64.507
61.064
57.765
54.608
51.569
48.618
45.74
42.939
40.238
37.66
35.206
32.854
30.566
28.31
26.067
23.816
21.533
19.191
16.765
14.248
11.645
8.963
6.201
3.351
0.403
-2.652
-5.816
-9.089
-12.469
-15.953
-19.541
-23.228
-27.008
-30.87
-34.808
-38.816
-42.891
-47.029
-51.223
-55.464
-59.742
-64.046
-68.369
-72.701
-77.028
-81.338
-85.618
-89.855
-94.04
-98.158
-102.195
-106.132
-109.953
-113.641
-117.183
-120.566
-123.777
-126.801
-129.626
-132.243
-134.647
-136.831
-138.782
-140.484
-141.917
-143.076
-143.965
-144.601
-144.994
-145.152
-145.087
-144.817
-144.371
-143.767
-143.012
-142.091
-140.989
-139.708
-138.269
-136.712
-135.075
-133.377
-131.612
-129.771
-127.856
-125.874
-123.824
-121.681
-119.403
-116.983
-114.465
-111.936
-109.487
-107.17
-105.003
-102.987
-101.132
-99.477
-98.085
-97.013
-96.289
-95.947
-96.036
-96.637
-97.843
-99.678
-102.072
-104.889
-107.999
-111.306
-114.755
-118.291
-121.826
-125.245
-128.425
-131.261
-133.687
-135.631
-137.015
-137.751
-137.777
-137.103
-135.837
-134.157
-132.252
-130.298
-128.454
-126.87
-125.694
-125.144
-125.549
-127.137
-129.963
-133.909
-138.613
-143.694
-148.861
-153.562
-156.888
-158.09
-156.871
-153.489
-148.893
-144.318
-140.867
-139.974
-143.789
-152.622
-164.129
-175.588
-183.237
-187.813
-195.844
-208.153
-219.606
-214.699
-168.937
-71.65
73.794
250.119
430.09
602.762
768.576
931.054
1091.069
1225.193
1296.948
1274.816
1142.45
916.724
639.119
358.304
117.348
-61.354
-176.479
-242.691
-279.42
-301.092
-313.412
-310.638
-287.568
-246.606
-198.126
-159.215
-140.915
-142.497
-153.948
-163.177
-164.275
-158.62
-152.787
-151.812
-156.064
-163.493
-170.516
-174.555
-175.116
-172.558
-167.482
-160.446
-151.971
-142.456
-132.503
-123.101
-114.969
-108.445
-103.729
-100.685
-99.022
-98.603
-99.131
-100.153
-101.413
-102.699
-103.863
-104.946
-105.961
-106.858
-107.64
-108.274
-108.666
-108.777
-108.566
-107.986
-107.053
-105.763
-104.105
-102.079
-99.655
-96.82
-93.58
-89.916
-85.814
-81.279
-76.325
-71.008
-65.428
-59.642
-53.688
-47.593
-41.355
-34.988
-28.516
-21.952
-15.308
-8.6
-1.834
4.969
11.787
18.611
25.442
32.297
39.216
46.215
53.296
60.455
67.676
74.942
82.235
89.528
96.781
103.963
111.041
117.982
124.762
131.346
137.696
143.77
149.525
154.919
159.916
164.48
168.578
172.179
175.258
177.792
179.765
181.16
181.964
182.16
181.738
180.69
179.009
176.696
173.75
170.177
165.986
161.192
155.812
149.866
143.38
136.38
128.896
120.961
112.611
103.883
94.819
85.459
75.848
66.032
56.056
45.967
35.812
25.637
15.49
5.415
-4.543
-14.341
-23.938
-33.294
-42.37
-51.132
-59.544
-67.576
-75.198
-82.385
-89.113
-95.362
-101.115
-106.358
-111.082
-115.278
-118.942
-122.072
-124.67
-126.739
-128.286
-129.32
-129.854
-129.899
-129.474
-128.594
-127.28
-125.553
-123.433
-120.945
-118.111
-114.955
-111.501
-107.774
-103.798
-99.596
-95.192
-90.61
-85.872
-80.999
-76.011
-70.929
-65.771
-60.554
-55.294
-50.006
-44.704
-39.4
-34.105
-28.83
-23.584
-18.374
-13.209
-8.092
-3.031
1.972
6.912
11.786
16.593
21.331
25.997
30.591
35.111
39.556
43.926
48.219
52.433
56.567
60.618
64.586
68.465
72.255
75.951
79.55
83.047
86.437
89.716
92.878
95.918
98.83
101.609
104.247
106.741
109.084
111.271
113.298
115.161
116.855
118.377
119.726
120.899
121.896
122.717
123.363
123.835
124.137
124.274
124.25
124.072
123.746
123.282
122.688
121.975
121.154
120.237
119.237
118.169
117.047
115.889
114.712
113.532
112.367
111.236
110.155
109.144
108.221
107.404
106.709
106.154
105.756
105.533
105.5
105.672
106.059
106.671
107.518
108.611
109.958
111.565
113.436
115.574
117.982
120.66
123.61
126.829
130.306
134.025
137.972
142.129
146.483
151.017
155.707
160.525
165.435
170.407
175.419
180.446
185.463
190.438
195.336
200.125
204.79
209.322
213.716
217.964
222.039
225.9
229.541
232.996
236.331
239.606
242.817
245.885
248.728
251.34
253.732
255.86
257.571
258.616
258.885
258.573
258.07
257.682
257.612
258.005
258.867
260.276
262.205
264.007
265.778
268.731
273.123
277.976
278.801
268.274
243.569
209.361
178.285
165.452
178.198
211.818
251.892
284.279
302.044
306.464
304.62
301.149
296.397
289.339
278.292
263.604
247.775
232.85
220.349
211.377
206.021
203.587
202.909
201.968
198.472
190.848
177.758
160.577
143.928
131.774
128.946
136.288
148.924
168.059
197.406
245.456
328.397
450.743
609.755
798.21
998.351
1197.156
1380.167
1527.135
1618.562
1633.309
1560.82
1403.838
1180.936
926.592
674.955
460.461
305.853
211.155
166.642
150.542
139.643
126.573
112.006
103.415
110.404
132.546
163.934
197.918
228.155
252.653
271.795
285.26
293.029
295.632
294.048
289.748
283.699
276.317
268.143
260.337
254.353
250.972
250.197
251.61
254.814
259.6
265.712
272.444
278.748
283.973
287.913
290.627
292.375
293.353
293.737
293.918
294.395
295.471
297.266
299.756
302.765
306.136
309.733
313.35
316.793
319.931
322.691
325.077
327.138
328.927
330.461
331.738
332.756
333.524
334.063
334.4
334.582
334.67
334.754
334.957
335.375
336.08
337.103
338.438
340.05
341.881
343.881
346.01
348.243
350.567
352.974
355.462
358.027
360.667
363.363
366.076
368.773
371.424
374.014
376.549
379.042
381.52
384.003
386.51
389.047
391.61
394.185
396.75
399.277
401.729
404.077
406.294
408.356
410.239
411.918
413.362
414.538
415.414
415.953
416.123
415.89
415.226
414.105
412.504
410.407
407.8
404.669
401.005
396.798
392.039
386.723
380.845
374.406
367.405
359.848
351.743
343.101
333.937
324.27
314.12
303.511
292.469
281.02
269.196
257.027
244.547
231.79
218.79
205.585
192.21
178.704
165.103
151.446
137.769
124.109
110.502
96.983
83.586
70.343
57.285
44.443
31.844
19.516
7.483
-4.231
-15.605
-26.619
-37.258
-47.506
-57.351
-66.784
-75.797
-84.386
-92.547
-100.281
-107.588
-114.471
-120.936
-126.988
-132.636
-137.889
-142.758
-147.255
-151.393
-155.185
-158.646
-161.791
-164.635
-167.196
-169.489
-171.531
-173.338
-174.928
-176.317
-177.521
-178.558
-179.444
-180.194
-180.824
-181.348
-181.782
-182.138
-182.43
-182.669
-182.866
-183.032
-183.177
-183.309
-183.437
-183.567
-183.707
-183.864
-184.042
-184.247
-184.484
-184.758
-185.072
-185.43
-185.837
-186.294
-186.805
-187.373
-187.999
-188.687
-189.437
-190.252
-191.132
-192.078
-193.091
-194.17
-195.315
-196.526
-197.8
-199.137
-200.534
-201.99
-203.503
-205.07
-206.687
-208.353
-210.064
-211.817
-213.607
-215.431
-217.282
-219.157
-221.048
-222.949
-224.852
-226.749
-228.632
-230.492
-232.319
-234.103
-235.833
-237.498
-239.087
-240.588
-241.989
-243.278
-244.444
-245.476
-246.361
-247.09
-247.654
-248.042
-248.246
-248.258
-248.07
-247.676
-247.07
-246.248
-245.205
-243.938
-242.446
-240.728
-238.785
-236.619
-234.236
-231.644
-228.852
-225.872
-222.717
-219.403
-215.946
-212.365
-208.678
-204.902
-201.054
-197.153
-193.218
-189.271
-185.337
-181.437
-177.594
-173.828
-170.16
-166.611
-163.198
-159.929
-156.812
-153.859
-151.083
-148.512
-146.175
-144.092
-142.28
-140.755
-139.517
-138.566
-137.885
-137.435
-137.174
-137.06
-137.054
-137.13
-137.262
-137.412
-137.526
-137.534
-137.361
-136.948
-136.242
-135.196
-133.809
-132.107
-130.16
-128.087
-125.988
-123.973
-122.179
-120.728
-119.75
-119.371
-119.685
-120.855
-123.17
-126.802
-131.745
-137.8
-144.458
-151.165
-157.418
-162.506
-165.52
-165.822
-163.288
-158.425
-152.435
-146.835
-143.161
-142.951
-147.813
-157.362
-168.732
-178.917
-185.232
-188.905
-193.614
-197.509
-191.773
-159.553
-84.722
34.683
187.164
350.505
505.457
649.717
788.626
927.062
1059.42
1158.111
1191.096
1138.155
995.001
785.204
546.332
312.276
112.425
-40.194
-144.85
-204.288
-225.202
-213.436
-176.935
-126.943
-78.755
-46.787
-36.506
-45.105
-60.001
-68.399
-65.717
-53.831
-40.584
-31.83
-27.752
-25.567
-21.198
-12.974
-1.697
11.297
24.606
37.463
49.395
59.692
67.922
74.052
78.246
80.858
82.167
82.345
81.639
80.357
78.799
77.233
75.872
74.889
74.432
74.617
75.519
77.176
79.592
82.745
86.586
91.048
96.061
101.559
107.475
113.745
120.287
127.01
133.824
140.645
147.415
154.102
160.686
167.163
173.538
179.828
186.065
192.288
198.524
204.799
211.13
217.535
224.037
230.657
237.417
244.337
251.428
258.701
266.163
273.816
281.659
289.686
297.886
306.245
314.753
323.395
332.158
341.028
349.986
359.011
368.084
377.18
386.272
395.331
404.326
413.221
421.983
430.576
438.963
447.107
454.971
462.518
469.711
476.515
482.892
488.809
494.232
499.13
503.471
507.23
510.38
512.898
514.766
515.968
516.489
516.322
515.459
513.897
511.638
508.686
505.048
500.735
495.763
490.15
483.918
477.091
469.701
461.777
453.354
444.468
435.159
425.467
415.434
405.102
394.517
383.721
372.762
361.684
350.532
339.351
328.186
317.078
306.07
295.201
284.509
274.029
263.795
253.838
244.187
234.866
225.899
217.307
209.105
201.31
193.932
186.98
180.459
174.372
168.718
163.496
158.699
154.321
150.352
146.78
143.591
140.771
138.302
136.166
134.344
132.816
131.559
130.552
129.773
129.199
128.807
128.575
128.481
128.503
128.62
128.813
129.061
129.348
129.655
129.966
130.268
130.547
130.789
130.985
131.124
131.198
131.201
131.125
130.966
130.72
130.385
129.959
129.44
128.83
128.129
127.338
126.461
125.499
124.458
123.341
122.153
120.899
119.584
118.214
116.793
115.327
113.82
112.279
110.707
109.108
107.487
105.846
104.188
102.517
100.834
99.141
97.441
95.733
94.02
92.301
90.578
88.851
87.119
85.383
83.642
81.896
80.144
78.386
76.619
74.845
73.06
71.264
69.456
67.634
65.796
63.942
62.07
60.181
58.272
56.344
54.397
52.431
50.446
48.445
46.429
44.398
42.355
40.302
38.242
36.175
34.104
32.03
29.955
27.881
25.808
23.738
21.67
19.604
17.54
15.477
13.414
11.349
9.279
7.201
5.113
3.009
0.883
-1.273
-3.467
-5.707
-8.005
-10.372
-12.818
-15.355
-17.993
-20.74
-23.605
-26.598
-29.728
-33.008
-36.448
-40.056
-43.841
-47.81
-51.968
-56.318
-60.855
-65.574
-70.469
-75.539
-80.794
-86.244
-91.893
-97.744
-103.797
-110.039
-116.457
-123.024
-129.693
-136.415
-143.14
-149.82
-156.42
-162.903
-169.22
-175.31
-181.091
-186.483
-191.417
-195.829
-199.666
-202.91
-205.564
-207.682
-209.363
-210.697
-211.784
-212.735
-213.66
-214.712
-216.052
-217.829
-220.25
-223.582
-227.996
-233.545
-240.052
-247.005
-253.786
-259.769
-264.193
-266.243
-265.354
-261.379
-254.947
-247.522
-240.843
-236.545
-236.104
-240.826
-251.418
-267.481
-286.869
-305.676
-319.109
-322.332
-310.615
-279.204
-224.096
-142.561
-35.91
89.7
226.731
366.623
504.272
640.708
773.936
897.84
999.735
1054.33
1040.803
950.825
788.269
579.617
355.738
138.876
-52.495
-215.304
-348.682
-443.572
-494.406
-492.408
-438.783
-352.593
-257.769
-183.697
-147.229
-146.133
-168.085
-191.657
-204.575
-206.794
-203.014
-203.179
-211.241
-224.158
-238.689
-250.525
-257.282
-259.672
-258.674
-255.388
-251.348
-247.945
-245.907
-245.709
-247.713
-251.802
-257.802
-265.548
-274.452
-283.795
-293.128
-302.079
-310.393
-318.034
-324.929
-330.992
-336.266
-340.801
-344.633
-347.824
-350.401
-352.372
-353.781
-354.686
-355.151
-355.262
-355.104
-354.752
-354.284
-353.752
-353.189
-352.619
-352.051
-351.489
-350.929
-350.353
-349.739
-349.071
-348.334
-347.514
-346.595
-345.553
-344.368
-343.022
-341.498
-339.785
-337.877
-335.766
-333.448
-330.923
-328.196
-325.271
-322.158
-318.865
-315.398
-311.769
-307.989
-304.072
-300.034
-295.89
-291.66
-287.366
-283.03
-278.677
-274.335
-270.031
-265.796
-261.663
-257.662
-253.818
-250.158
-246.71
-243.505
-240.578
-237.958
-235.655
-233.703
-232.159
-231.069
-230.484
-230.425
-230.862
-231.804
-233.314
-235.365
-237.857
-240.712
-243.839
-247.227
-251.011
-255.221
-259.7
-264.59
-270.407
-277.237
-284.904
-293.451
-302.27
-312.426
-327.192
-345.759
-365.084
-380.077
-381.281
-369.406
-353.826
-343.938
-353.099
-381.887
-417.65
-450.616
-470.166
-474.6
-473.333
-472.072
-474.775
-482.539
-491.48
-499.866
-507.795
-515.12
-522.408
-529.778
-536.698
-543.006
-548.784
-554.01
-558.66
-562.754
-566.317
-569.403
-572.108
-574.468
-576.452
-578.06
-579.312
-580.22
-580.805
-581.081
-581.053
-580.736
-580.154
-579.327
-578.277
-577.022
-575.579
-573.968
-572.206
-570.313
-568.303
-566.196
-564.005
-561.746
-559.433
-557.079
-554.697
-552.298
-549.891
-547.486
-545.09
-542.71
-540.349
-538.013
-535.704
-533.424
-531.173
-528.954
-526.765
-524.608
-522.48
-520.381
-518.311
-516.266
-514.247
-512.25
-510.274
-508.316
-506.376
-504.451
-502.54
-500.641
-498.754
-496.878
-495.012
-493.156
-491.31
-489.473
-487.646
-485.828
-484.021
-482.225
-480.443
-478.675
-476.925
-475.193
-473.484
-471.8
-470.144
-468.518
-466.925
-465.367
-463.846
-462.363
-460.921
-459.52
-458.16
-456.844
-455.57
-454.338
-453.148
-451.998
-450.886
-449.808
-448.762
-447.743
-446.747
-445.77
-444.806
-443.85
-442.895
-441.938
-440.969
-439.984
-438.975
-437.934
-436.854
-435.726
-434.542
-433.294
-431.972
-430.568
-429.073
-427.481
-425.782
-423.969
-422.034
-419.97
-417.769
-415.424
-412.93
-410.279
-407.466
-404.486
-401.337
-398.016
-394.521
-390.849
-387.003
-382.982
-378.789
-374.427
-369.897
-365.202
-360.349
-355.343
-350.191
-344.9
-339.48
-333.942
-328.302
-322.574
-316.774
-310.92
-305.025
-299.108
-293.188
-287.286
-281.418
-275.602
-269.853
-264.19
-258.635
-253.208
-247.924
-242.796
-237.831
-233.039
-228.43
-224.016
-219.8
-215.782
-211.961
-208.339
-204.928
-201.743
-198.788
-196.063
-193.561
-191.274
-189.195
-187.311
-185.595
-184.01
-182.515
-181.067
-179.624
-178.156
-176.623
-174.987
-173.221
-171.272
-169.089
-166.625
-163.818
-160.644
-157.156
-153.377
-149.297
-145.029
-140.74
-136.749
-133.587
-131.548
-130.629
-130.872
-132.329
-134.887
-138.325
-141.815
-143.823
-143.328
-139.979
-133.664
-124.586
-113.04
-99.424
-85.364
-73.775
-67.124
-66.961
-73.872
-87.447
-107.055
-131.694
-158.529
-182.806
-199.114
-202.368
-188.948
-156.097
-101.172
-22.386
80.471
202.948
335.648
469.561
597.15
718.122
839.394
960.792
1075.187
1161.903
1188.979
1138.328
1006.501
810.611
586.93
366.791
174.214
22.799
-85.452
-151.407
-177.228
-168.18
-134.815
-89.51
-47.025
-19.152
-7.177
-6.466
-6.161
4.289
27.553
60.78
95.886
125.727
147.903
162.875
173.397
180.792
184.396
183.542
178.165
169.537
159.705
150.47
142.831
137.37
134.611
134.87
138.036
143.467
150.127
156.849
163.03
168.564
173.404
177.637
181.39
184.796
188.208
192.097
196.686
201.986
207.929
214.337
221.119
228.264
235.682
243.27
250.939
258.582
266.168
273.706
281.125
288.365
295.411
302.231
308.843
315.364
321.864
328.347
335.041
342.218
349.711
357.405
365.397
373.055
381.075
390.689
400.51
409.904
416.121
414.885
407.899
398.622
393.91
402.813
427.151
462.557
498.663
523.188
529.209
518.649
501.533
488
485.312
493.709
506.414
518.743
527.77
533.12
537.938
543.129
548.292
553.419
557.785
561.236
564.237
566.69
568.342
569.349
569.796
569.703
569.168
568.091
566.332
563.907
560.864
557.193
552.892
547.947
542.335
536.09
529.256
521.858
513.925
505.474
496.525
487.111
477.265
467.025
456.431
445.522
434.338
422.922
411.317
399.566
387.717
375.812
363.895
352.01
340.2
328.509
316.983
305.664
294.592
283.805
273.337
263.222
253.49
244.169
235.284
226.858
218.911
211.459
204.517
198.097
192.207
186.852
182.034
177.751
174
170.774
168.063
165.855
164.137
162.892
162.101
161.745
161.801
162.247
163.057
164.205
165.664
167.407
169.406
171.633
174.06
176.66
179.406
182.271
185.231
188.261
191.336
194.435
197.535
200.616
203.659
206.644
209.556
212.38
215.102
217.711
220.195
222.547
224.758
226.824
228.74
230.502
232.109
233.561
234.858
236.004
237
237.852
238.564
239.144
239.597
239.931
240.153
240.271
240.292
240.225
240.076
239.854
239.567
239.222
238.827
238.389
237.916
237.415
236.892
236.354
235.806
235.255
234.705
234.16
233.626
233.105
232.602
232.119
231.66
231.226
230.82
230.442
230.095
229.777
229.49
229.234
229.007
228.81
228.642
228.501
228.388
228.302
228.241
228.205
228.193
228.205
228.239
228.294
228.369
228.463
228.576
228.705
228.851
229.013
229.188
229.377
229.579
229.791
230.013
230.243
230.479
230.719
230.961
231.203
231.443
231.68
231.91
232.131
232.341
232.539
232.721
232.885
233.029
233.149
233.245
233.312
233.35
233.355
233.325
233.26
233.156
233.012
232.827
232.597
232.323
232.002
231.633
231.215
230.749
230.233
229.669
229.058
228.402
227.703
226.964
226.188
225.379
224.54
223.677
222.793
221.895
220.987
220.075
219.165
218.263
217.373
216.503
215.655
214.836
214.05
213.301
212.592
211.927
211.308
210.736
210.216
209.747
209.331
208.967
208.655
208.393
208.177
207.999
207.853
207.728
207.614
207.498
207.369
207.211
207.012
206.76
206.444
206.053
205.573
204.989
204.286
203.452
202.473
201.339
200.039
198.563
196.905
195.066
193.049
190.851
188.466
185.875
183.061
180.011
176.721
173.187
169.414
165.409
161.193
156.811
152.312
147.748
143.167
138.605
134.103
129.716
125.516
121.592
118.026
114.887
112.223
110.073
108.457
107.365
106.745
106.502
106.513
106.631
106.716
106.611
106.133
105.115
103.352
100.572
96.599
91.379
84.992
77.79
70.256
62.845
56.13
50.832
47.44
46.22
47.031
48.945
50.739
51.24
49.388
44.362
35.6
23.129
8.049
-7.338
-18.23
-19.522
-8.777
17.42
59.377
116.301
194.335
293.873
411.982
546.589
684.317
818.061
951.167
1080.421
1203.743
1309.345
1365.418
1347.332
1244.02
1057.584
817.895
562.769
320.976
120.621
-24.006
-113.513
-147.741
-137.587
-102.834
-57.758
-20.081
-1.396
1.524
-5.736
-12.414
-7.843
9.221
35.219
62.812
85.215
99.891
107.91
112.734
115.861
116.79
114.95
109.619
101.633
93.34
85.949
79.745
75.136
72.173
70.868
71.379
73.061
74.606
75.301
74.928
73.461
71.259
68.601
65.572
62.506
59.912
58.078
57.15
57.132
57.828
59.107
60.916
63.167
65.771
68.659
71.748
74.978
78.314
81.706
85.108
88.493
91.83
95.108
98.33
101.507
104.665
107.836
111.042
114.299
117.617
121.005
124.479
128.056
131.75
135.577
139.544
143.656
147.922
152.349
156.944
161.714
166.656
171.763
177.021
182.412
187.908
193.47
199.058
204.624
210.131
215.55
220.866
226.076
231.18
236.179
241.06
245.794
250.354
254.715
258.864
262.79
266.508
270.043
273.436
276.738
279.978
283.159
286.245
289.165
291.829
294.125
295.966
297.29
298.044
298.181
297.656
296.422
294.416
291.563
287.769
282.922
276.942
269.785
261.462
252.036
241.612
230.331
218.321
205.687
192.528
178.923
164.95
150.685
136.211
121.617
107.017
92.551
78.337
64.475
51.024
38.002
25.395
13.156
1.245
-10.365
-21.693
-32.739
-43.495
-53.951
-64.091
-73.898
-83.373
-92.539
-101.413
-110.014
-118.345
-126.392
-134.131
-141.525
-148.541
-155.151
-161.337
-167.091
-172.416
-177.32
-181.821
-185.944
-189.706
-193.124
-196.209
-198.973
-201.43
-203.599
-205.502
-207.16
-208.599
-209.843
-210.914
-211.833
-212.619
-213.286
-213.849
-214.317
-214.698
-215.005
-215.246
-215.432
-215.574
-215.681
-215.761
-215.826
-215.881
-215.934
-215.989
-216.052
-216.125
-216.212
-216.314
-216.434
-216.573
-216.731
-216.91
-217.109
-217.33
-217.573
-217.839
-218.126
-218.437
-218.771
-219.128
-219.51
-219.916
-220.346
-220.802
-221.285
-221.795
-222.333
-222.902
-223.502
-224.135
-224.802
-225.504
-226.242
-227.016
-227.826
-228.674
-229.559
-230.482
-231.443
-232.441
-233.476
-234.549
-235.658
-236.802
-237.979
-239.188
-240.425
-241.689
-242.975
-244.28
-245.601
-246.934
-248.274
-249.618
-250.962
-252.3
-253.629
-254.944
-256.24
-257.511
-258.754
-259.962
-261.132
-262.257
-263.334
-264.359
-265.326
-266.234
-267.077
-267.853
-268.559
-269.192
-269.749
-270.228
-270.628
-270.948
-271.187
-271.345
-271.423
-271.421
-271.343
-271.188
-270.96
-270.661
-270.292
-269.857
-269.359
-268.8
-268.183
-267.513
-266.793
-266.027
-265.22
-264.375
-263.496
-262.588
-261.655
-260.701
-259.73
-258.746
-257.753
-256.757
-255.761
-254.769
-253.786
-252.816
-251.861
-250.925
-250.01
-249.118
-248.25
-247.408
-246.593
-245.804
-245.043
-244.309
-243.603
-242.923
-242.269
-241.64
-241.034
-240.448
-239.881
-239.33
-238.791
-238.262
-237.741
-237.223
-236.705
-236.182
-235.651
-235.106
-234.542
-233.954
-233.335
-232.678
-231.979
-231.233
-230.432
-229.574
-228.651
-227.659
-226.595
-225.456
-224.239
-222.942
-221.564
-220.103
-218.563
-216.943
-215.246
-213.475
-211.632
-209.724
-207.76
-205.75
-203.708
-201.646
-199.579
-197.521
-195.487
-193.489
-191.541
-189.652
-187.828
-186.084
-184.432
-182.891
-181.481
-180.216
-179.106
-178.157
-177.37
-176.739
-176.262
-175.933
-175.751
-175.73
-175.883
-176.23
-176.794
-177.591
-178.624
-179.881
-181.328
-182.921
-184.626
-186.425
-188.329
-190.336
-192.416
-194.521
-196.571
-198.486
-200.227
-201.712
-202.799
-203.445
-203.683
-203.707
-203.949
-204.662
-205.823
-207.396
-209.294
-211.355
-213.502
-215.304
-215.894
-215.005
-213.005
-210.512
-208.456
-207.425
-207.441
-208.921
-212.742
-218.997
-226.968
-235.37
-242.564
-248.067
-252.471
-256.14
-259.285
-262.387
-266.501
-273.755
-284.421
-295.002
-301.713
-300.39
-291.497
-281.509
-270.613
-253.21
-216.855
-143.627
-27.439
126.042
303.502
488.281
669.982
840.005
987.189
1091.351
1126.456
1076.133
936.336
724.479
475.137
221.305
-6.528
-188.027
-318.005
-398.735
-438.243
-450.762
-447.684
-434.025
-416.669
-397.103
-376.302
-359.979
-345.954
-334.721
-326.66
-319.817
-318.983
-321.116
-322.421
-319.784
-305.903
-285.471
-264.633
-247.663
-241.13
-242.472
-247.668
-255.059
-261.667
-267.672
-273.695
-278.7
-282.326
-284.258
-284.517
-284.055
-283.61
-283.567
-284.162
-285.352
-287.024
-289.016
-291.008
-292.552
-293.332
-293.221
-292.206
-290.411
-287.953
-284.91
-281.381
-277.482
-273.297
-268.899
-264.345
-259.665
-254.906
-250.112
-245.313
-240.533
-235.782
-231.041
-226.286
-221.482
-216.589
-211.579
-206.426
-201.11
-195.614
-189.925
-184.032
-177.923
-171.584
-164.997
-158.14
-150.999
-143.571
-135.864
-127.891
-119.67
-111.229
-102.608
-93.865
-85.054
-76.215
-67.369
-58.524
-49.69
-40.882
-32.117
-23.412
-14.763
-6.162
2.39
10.882
19.307
27.675
36.03
44.449
52.993
61.681
70.493
79.382
88.3
97.188
105.966
114.529
122.733
130.446
137.568
144.025
149.743
154.627
158.54
161.312
162.812
162.961
161.726
159.106
155.106
149.766
143.17
135.455
126.808
117.389
107.318
96.69
85.599
74.164
62.538
50.891
39.357
28.039
17.019
6.367
-3.852
-13.602
-22.889
-31.766
-40.316
-48.591
-56.61
-64.376
-71.886
-79.147
-86.184
-93.017
-99.643
-106.057
-112.253
-118.228
-123.985
-129.51
-134.769
-139.711
-144.275
-148.423
-152.132
-155.39
-158.193
-160.536
-162.417
-163.847
-164.848
-165.436
-165.628
-165.437
-164.872
-163.951
-162.698
-161.14
-159.305
-157.217
-154.9
-152.374
-149.664
-146.788
-143.765
-140.61
-137.337
-133.96
-130.496
-126.965
-123.384
-119.771
-116.144
-112.521
-108.918
-105.352
-101.839
-98.39
-95.016
-91.73
-88.539
-85.452
-82.477
-79.619
-76.884
-74.276
-71.799
-69.456
-67.249
-65.18
-63.251
-61.462
-59.813
-58.305
-56.937
-55.707
-54.615
-53.658
-52.835
-52.142
-51.577
-51.135
-50.81
-50.599
-50.495
-50.491
-50.58
-50.754
-51.007
-51.331
-51.719
-52.165
-52.661
-53.202
-53.781
-54.394
-55.034
-55.697
-56.377
-57.07
-57.771
-58.476
-59.18
-59.88
-60.571
-61.25
-61.913
-62.557
-63.179
-63.777
-64.346
-64.887
-65.395
-65.871
-66.313
-66.721
-67.094
-67.434
-67.742
-68.02
-68.269
-68.493
-68.693
-68.872
-69.034
-69.18
-69.313
-69.436
-69.552
-69.662
-69.77
-69.877
-69.985
-70.098
-70.216
-70.341
-70.476
-70.621
-70.779
-70.95
-71.136
-71.337
-71.556
-71.793
-72.048
-72.322
-72.615
-72.926
-73.255
-73.599
-73.958
-74.329
-74.71
-75.096
-75.485
-75.873
-76.257
-76.632
-76.993
-77.337
-77.659
-77.955
-78.221
-78.451
-78.641
-78.788
-78.886
-78.931
-78.919
-78.846
-78.706
-78.494
-78.207
-77.839
-77.384
-76.838
-76.195
-75.451
-74.599
-73.636
-72.557
-71.357
-70.031
-68.576
-66.987
-65.26
-63.393
-61.381
-59.222
-56.913
-54.452
-51.837
-49.065
-46.136
-43.048
-39.799
-36.388
-32.815
-29.078
-25.178
-21.116
-16.893
-12.513
-7.977
-3.289
1.545
6.521
11.632
16.873
22.235
27.709
33.286
38.955
44.705
50.521
56.39
62.293
68.214
74.135
80.038
85.902
91.705
97.424
103.034
108.519
113.858
119.033
124.025
128.814
133.385
137.727
141.829
145.683
149.277
152.596
155.63
158.387
160.872
163.096
165.065
166.77
168.202
169.363
170.255
170.881
171.246
171.344
171.186
170.807
170.254
169.596
168.89
168.163
167.433
166.708
166.014
165.432
165.046
164.935
165.181
165.796
166.808
168.298
170.22
172.427
174.678
176.504
177.478
177.493
176.498
174.514
171.823
168.565
165.053
162.257
161.163
162.336
166.11
172.247
180.027
189.271
199.667
209.85
217.981
222.287
221.435
215.08
203.537
186.474
163.589
137.507
113.858
98.117
93.889
99.296
109.072
123.54
151.237
206.956
302.49
439.311
605.96
782.803
957.418
1122.107
1270.391
1397.007
1483.985
1509.398
1462.543
1340.444
1157.805
945.084
729.097
535.65
382.366
269.794
193.58
143.839
109.552
88.281
81.36
91.774
120.12
161.22
206.991
248.805
281.71
304.421
316.738
319.919
315.896
306.721
295.576
285.908
279.439
276.922
278.885
284.991
294.544
306.675
319.682
331.599
341.345
348.32
352.131
352.884
350.752
345.974
339.22
331.343
322.984
314.631
306.638
299.143
292.276
286.179
280.904
276.474
272.938
270.353
268.764
268.219
268.73
270.241
272.667
275.867
279.648
283.832
288.275
292.866
297.543
302.262
306.978
311.665
316.311
320.901
325.431
329.901
334.296
338.623
342.907
347.187
351.529
355.988
360.598
365.383
370.36
375.534
380.922
386.525
392.317
398.273
404.361
410.542
416.789
423.069
429.33
435.529
441.633
447.616
453.484
459.242
464.876
470.363
475.663
480.734
485.57
490.164
494.513
498.635
502.539
506.245
509.802
513.235
516.521
519.615
522.415
524.8
526.688
528.016
528.74
528.832
528.239
526.904
524.791
521.838
517.984
513.158
507.241
500.151
491.875
482.441
471.945
460.53
448.294
435.326
421.713
407.517
392.819
377.701
362.215
346.43
330.43
314.319
298.241
282.327
266.648
251.246
236.117
221.218
206.536
192.066
177.796
163.73
149.878
136.248
122.879
109.805
97.043
84.595
72.44
60.553
48.938
37.608
26.591
15.929
5.651
-4.221
-13.656
-22.641
-31.167
-39.236
-46.865
-54.078
-60.894
-67.328
-73.39
-79.089
-84.442
-89.469
-94.191
-98.633
-102.82
-106.777
-110.532
-114.112
-117.54
-120.837
-124.02
-127.103
-130.101
-133.029
-135.901
-138.731
-141.533
-144.318
-147.101
-149.894
-152.707
-155.548
-158.426
-161.346
-164.312
-167.327
-170.394
-173.514
-176.685
-179.908
-183.18
-186.498
-189.86
-193.261
-196.697
-200.161
-203.649
-207.153
-210.669
-214.187
-217.703
-221.208
-224.698
-228.164
-231.602
-235.006
-238.37
-241.688
-244.957
-248.17
-251.324
-254.414
-257.435
-260.386
-263.261
-266.061
-268.782
-271.425
-273.988
-276.472
-278.878
-281.207
-283.46
-285.64
-287.75
-289.792
-291.77
-293.689
-295.553
-297.366
-299.136
-300.866
-302.564
-304.234
-305.884
-307.52
-309.148
-310.775
-312.409
-314.057
-315.724
-317.419
-319.148
-320.918
-322.735
-324.606
-326.537
-328.533
-330.601
-332.745
-334.971
-337.283
-339.685
-342.181
-344.773
-347.463
-350.255
-353.149
-356.145
-359.245
-362.447
-365.751
-369.156
-372.661
-376.263
-379.959
-383.747
-387.623
-391.581
-395.618
-399.727
-403.901
-408.135
-412.422
-416.754
-421.125
-425.527
-429.952
-434.392
-438.839
-443.285
-447.721
-452.138
-456.528
-460.883
-465.195
-469.456
-473.66
-477.798
-481.864
-485.851
-489.753
-493.563
-497.274
-500.879
-504.371
-507.745
-510.992
-514.107
-517.081
-519.911
-522.593
-525.123
-527.5
-529.72
-531.781
-533.684
-535.427
-537.009
-538.424
-539.666
-540.732
-541.618
-542.324
-542.85
-543.196
-543.361
-543.349
-543.166
-542.816
-542.305
-541.629
-540.778
-539.751
-538.56
-537.223
-535.771
-534.229
-532.619
-530.967
-529.308
-527.665
-526.051
-524.462
-522.863
-521.24
-519.59
-517.924
-516.279
-514.668
-513.08
-511.492
-509.868
-508.165
-506.359
-504.407
-502.236
-499.813
-497.138
-494.252
-491.257
-488.218
-485.16
-482.078
-478.936
-475.707
-472.396
-469.018
-465.594
-462.178
-458.813
-455.547
-452.45
-449.517
-446.705
-443.935
-441.106
-438.136
-434.956
-431.62
-428.308
-425.306
-422.92
-421.293
-420.333
-419.874
-419.912
-420.338
-420.876
-421.099
-420.401
-418.529
-415.78
-412.509
-408.734
-404.383
-399.344
-393.657
-387.851
-382.335
-377.117
-372.214
-368.181
-366
-366.763
-371.515
-379.212
-386.75
-391.746
-392.928
-392.643
-395.435
-400.119
-397.894
-372.209
-306.606
-198.293
-58.703
90.696
231.641
363.807
496.662
637.675
780.903
894.324
938.149
887.048
735.537
512.05
261.979
21.742
-177.978
-328.895
-439.503
-512.854
-557.855
-575.703
-558.095
-510.544
-441.295
-367.479
-317.021
-300.754
-317.701
-356.123
-392.527
-415.489
-423.807
-421.31
-418.189
-418.549
-421.053
-423.801
-423.233
-418.012
-409.43
-398.962
-388.409
-379.031
-371.071
-364.545
-359.465
-355.885
-353.808
-353.012
-353.022
-353.368
-353.777
-354.076
-354.145
-353.811
-352.836
-351.066
-348.458
-345.019
-340.756
-335.664
-329.736
-322.993
-315.503
-307.345
-298.578
-289.242
-279.403
-269.148
-258.502
-247.509
-236.227
-224.67
-212.911
-201.052
-189.059
-176.861
-164.655
-152.661
-140.708
-128.781
-116.899
-104.528
-93.032
-83.729
-74.679
-65.279
-51.99
-30.588
-5.73
19.482
40.427
50.756
56.096
61.206
69.337
85.875
106.934
128.569
149.863
168.364
185.403
202.725
219.962
237.331
254.696
271.675
288.486
305.303
322.049
338.703
355.273
371.716
388.01
404.156
420.154
436.039
451.866
467.636
483.31
498.844
514.175
529.233
543.929
558.119
571.66
584.461
596.455
607.548
617.622
626.548
634.154
640.312
644.974
648.046
649.421
649.279
647.872
645.125
641.166
636.206
629.924
623.692
618.827
613.649
607.722
597.964
580.672
560.238
539.61
523.086
516.528
514.894
513.886
510.548
499.94
485.488
470.697
456.335
444.56
434.134
423.446
412.794
401.97
391.081
380.454
369.883
359.199
348.457
337.688
326.903
316.155
305.528
295.082
284.885
275.002
265.433
256.18
247.263
238.687
230.449
222.553
214.996
207.779
200.916
194.411
188.261
182.463
177.005
171.88
167.083
162.611
158.458
154.623
151.104
147.903
145.025
142.473
140.245
138.34
136.756
135.487
134.53
133.881
133.532
133.478
133.712
134.23
135.026
136.094
137.428
139.02
140.864
142.951
145.273
147.82
150.582
153.548
156.708
160.05
163.562
167.232
171.046
174.992
179.057
183.224
187.48
191.809
196.195
200.622
205.074
209.536
213.991
218.424
222.821
227.168
231.449
235.652
239.763
243.767
247.652
251.404
255.012
258.464
261.747
264.85
267.765
270.481
272.991
275.286
277.358
279.203
280.815
282.189
283.322
284.212
284.856
285.253
285.404
285.31
284.972
284.393
283.576
282.524
281.242
279.736
278.009
276.068
273.918
271.566
269.019
266.284
263.367
260.275
257.016
253.598
250.029
246.317
242.471
238.498
234.406
230.204
225.898
221.495
216.997
212.409
207.732
202.97
198.125
193.198
188.191
183.108
177.955
172.741
167.47
162.147
156.774
151.355
145.897
140.407
134.891
129.355
123.806
118.259
112.733
107.243
101.801
96.408
91.051
85.727
80.44
75.192
69.99
64.843
59.767
54.793
49.978
45.373
41.029
36.983
33.259
29.898
26.962
24.512
22.631
21.382
20.795
20.906
21.746
23.302
25.549
28.427
31.802
35.543
39.52
43.567
47.549
51.325
54.683
57.377
59.197
60.043
60.038
59.515
58.859
58.493
58.916
60.76
64.647
70.838
78.924
87.864
96.295
102.906
106.602
106.263
101.038
90.966
77.608
63.94
53.796
51.431
60.976
86.74
133.206
201.77
289.354
391.646
502.845
621.792
753.878
897.761
1045.248
1176.45
1259.701
1275.939
1221.166
1108.767
970.234
828.833
697.115
578.913
466.637
359.008
261.434
179.424
119.988
85.233
71.992
76.793
96.148
125.923
162.123
200.641
237.48
270.022
296.948
317.466
330.919
337.488
338.13
334.495
328.701
322.538
317.444
314.42
314.277
317.438
323.754
332.585
342.896
353.497
363.155
370.996
376.376
378.889
378.52
375.437
369.997
362.77
354.421
345.465
336.281
327.149
318.177
309.455
301.056
292.979
285.216
277.806
270.829
264.366
258.491
253.23
248.558
244.44
240.799
237.538
234.548
231.706
228.924
226.157
223.38
220.591
217.787
214.961
212.099
209.21
206.307
203.409
200.539
197.716
194.974
192.362
189.939
187.771
185.909
184.384
183.227
182.456
182.083
182.109
182.525
183.298
184.392
185.774
187.404
189.252
191.288
193.49
195.849
198.357
201.012
203.798
206.684
209.639
212.639
215.673
218.736
221.839
224.997
228.232
231.588
235.095
238.766
242.575
246.452
250.31
254.048
257.597
260.901
263.895
266.5
268.631
270.221
271.2
271.505
271.053
269.724
267.405
264.016
259.538
254.011
247.501
240.087
231.821
222.767
213.035
202.763
192.089
181.114
169.923
158.589
147.216
135.957
124.957
114.337
104.158
94.449
85.23
76.527
68.389
60.819
53.765
47.129
40.828
34.822
29.096
23.646
18.437
13.403
8.486
3.655
-1.096
-5.769
-10.384
-14.982
-19.614
-24.291
-28.974
-33.596
-38.106
-42.484
-46.729
-50.848
-54.828
-58.65
-62.316
-65.846
-69.27
-72.605
-75.852
-78.993
-82.014
-84.922
-87.744
-90.525
-93.297
-96.083
-98.899
-101.764
-104.702
-107.734
-110.863
-114.084
-117.389
-120.778
-124.259
-127.844
-131.543
-135.357
-139.285
-143.325
-147.473
-151.728
-156.084
-160.532
-165.064
-169.672
-174.351
-179.101
-183.92
-188.803
-193.744
-198.737
-203.777
-208.855
-213.965
-219.096
-224.237
-229.38
-234.515
-239.636
-244.733
-249.798
-254.824
-259.802
-264.725
-269.584
-274.37
-279.076
-283.693
-288.212
-292.626
-296.925
-301.104
-305.154
-309.069
-312.843
-316.468
-319.939
-323.247
-326.388
-329.354
-332.141
-334.742
-337.153
-339.369
-341.387
-343.206
-344.826
-346.245
-347.464
-348.485
-349.311
-349.944
-350.389
-350.65
-350.732
-350.641
-350.386
-349.972
-349.411
-348.71
-347.882
-346.94
-345.899
-344.773
-343.579
-342.332
-341.051
-339.753
-338.455
-337.171
-335.918
-334.71
-333.564
-332.499
-331.533
-330.68
-329.956
-329.374
-328.945
-328.681
-328.587
-328.661
-328.905
-329.32
-329.915
-330.71
-331.721
-332.956
-334.421
-336.117
-338.04
-340.183
-342.524
-345.024
-347.647
-350.354
-353.117
-355.92
-358.737
-361.526
-364.236
-366.793
-369.134
-371.212
-372.983
-374.417
-375.51
-376.28
-376.775
-377.074
-377.266
-377.439
-377.694
-378.135
-378.877
-380.037
-381.774
-384.312
-387.809
-392.293
-397.605
-403.35
-409.047
-414.228
-418.341
-420.709
-420.835
-418.651
-414.744
-410.354
-406.979
-405.991
-408.568
-415.857
-428.572
-446.317
-467.149
-487.865
-504.456
-512.604
-508.279
-487.378
-445.846
-382.509
-300.323
-203.547
-98.077
12.038
128.56
250.502
370.883
477.878
550.921
569.78
526.903
424.245
273.776
97.379
-86.354
-261.804
-412.034
-526.005
-597.341
-622.084
-606.739
-566.156
-515.356
-472.445
-450.079
-448.151
-461.401
-478.126
-486.967
-485.779
-477.515
-468.502
-463.781
-463.29
-464.149
-463.056
-458.712
-451.705
-443.25
-434.554
-426.176
-418.494
-412.108
-407.356
-404.271
-402.745
-402.49
-403.278
-404.984
-407.41
-410.306
-413.438
-416.592
-419.591
-422.295
-424.582
-426.355
-427.552
-428.142
-428.119
-427.499
-426.316
-424.624
-422.47
-419.903
-416.967
-413.706
-410.172
-406.432
-402.553
-398.601
-394.625
-390.647
-386.674
-382.72
-378.785
-374.855
-370.911
-366.9
-362.764
-358.495
-354.087
-349.474
-344.602
-339.426
-333.888
-328.003
-321.825
-315.294
-308.327
-301.108
-293.861
-286.459
-278.935
-271.355
-263.29
-256.068
-250.97
-246.262
-241.43
-233.24
-217.82
-199.481
-181.098
-166.945
-162.887
-163.741
-165.121
-164.041
-155.527
-143.124
-130.401
-118.081
-108.318
-99.832
-90.995
-82.151
-73.13
-64.081
-55.404
-46.989
-38.762
-30.889
-23.486
-16.601
-10.346
-4.851
-0.247
3.267
5.531
6.493
6.112
4.343
1.169
-3.423
-9.401
-16.642
-25.029
-34.432
-44.704
-55.714
-67.28
-79.214
-91.339
-103.462
-115.424
-127.1
-138.368
-149.101
-159.193
-168.534
-177.041
-184.711
-191.545
-197.564
-202.83
-207.412
-211.423
-214.978
-218.163
-221.054
-223.704
-226.156
-228.451
-230.645
-232.78
-234.909
-237.095
-239.359
-241.718
-244.17
-246.677
-249.186
-251.615
-253.889
-255.957
-257.787
-259.366
-260.687
-261.747
-262.545
-263.089
-263.376
-263.389
-263.119
-262.559
-261.717
-260.616
-259.295
-257.803
-256.187
-254.486
-252.729
-250.939
-249.13
-247.313
-245.492
-243.664
-241.834
-240.01
-238.204
-236.429
-234.693
-232.998
-231.344
-229.728
-228.147
-226.592
-225.06
-223.544
-222.043
-220.554
-219.079
-217.621
-216.18
-214.757
-213.349
-211.953
-210.566
-209.182
-207.795
-206.398
-204.986
-203.551
-202.089
-200.594
-199.061
-197.483
-195.855
-194.169
-192.42
-190.6
-188.701
-186.716
-184.637
-182.455
-180.163
-177.754
-175.219
-172.551
-169.743
-166.787
-163.677
-160.403
-156.958
-153.334
-149.525
-145.521
-141.317
-136.906
-132.282
-127.443
-122.384
-117.104
-111.6
-105.87
-99.915
-93.736
-87.334
-80.711
-73.869
-66.814
-59.551
-52.087
-44.431
-36.592
-28.582
-20.412
-12.098
-3.66
4.883
13.508
22.193
30.916
39.657
48.393
57.105
65.772
74.375
82.894
91.309
99.6
107.742
115.71
123.486
131.057
138.418
145.569
152.505
159.213
165.676
171.869
177.763
183.337
188.565
193.416
197.873
201.927
205.598
208.932
211.969
214.725
217.195
219.357
221.22
222.852
224.344
225.79
227.264
228.785
230.41
232.271
234.408
236.714
238.923
240.663
241.727
242.197
242.185
241.64
240.557
239.013
237.33
236.043
235.334
234.941
234.523
233.991
233.359
232.676
231.743
230.052
227.367
223.565
218.356
211.063
200.815
186.959
169.232
147.884
123.572
97.886
73.539
54.208
44.012
46.849
66.496
106.427
169.528
254.833
357.04
470.167
587.071
706.381
833.156
964.832
1093.955
1203.086
1261.777
1252.353
1169.093
1020.37
837.296
648.512
477.918
342.559
241.143
167.734
113.521
69.865
36.371
15.441
11.067
25.181
54.078
91.571
130.566
165.858
195.181
217.555
232.778
240.834
242.264
238.469
231.329
222.696
214.031
206.543
201.116
198.443
198.793
201.884
207.056
213.479
220.314
226.684
231.997
235.866
238.079
238.75
238.146
236.613
234.63
232.746
231.307
230.513
230.473
231.146
232.507
234.547
237.187
240.325
243.895
247.842
252.145
256.804
261.778
267.001
272.398
277.88
283.395
288.918
294.425
299.905
305.351
310.757
316.135
321.508
326.892
332.297
337.733
343.206
348.734
354.342
360.054
365.894
371.874
377.999
384.272
390.699
397.285
404.04
410.964
418.042
425.265
432.627
440.108
447.688
455.326
462.961
470.546
478.052
485.454
492.749
499.928
506.973
513.877
520.631
527.228
533.677
539.97
546.087
552.03
557.81
563.474
569.118
574.798
580.529
586.314
592.121
597.911
603.663
609.31
614.757
619.917
624.689
628.992
632.784
635.986
638.498
640.18
640.821
640.253
638.38
635.115
630.408
624.234
616.542
607.359
596.797
584.952
571.941
557.881
542.842
526.943
510.353
493.274
475.982
458.745
441.756
425.204
409.265
394.088
379.855
366.674
354.553
343.51
333.536
324.61
316.743
309.907
304.004
298.918
294.48
290.495
286.828
283.347
279.915
276.414
272.699
268.662
264.268
259.49
254.306
248.712
242.683
236.216
229.358
222.169
214.725
207.133
199.459
191.758
184.092
176.511
169.07
161.817
154.764
147.908
141.251
134.789
128.528
122.469
116.588
110.856
105.242
99.705
94.224
88.786
83.376
77.991
72.626
67.283
61.972
56.714
51.525
46.419
41.407
36.499
31.713
27.068
22.583
18.275
14.158
10.246
6.548
3.075
-0.168
-3.175
-5.946
-8.481
-10.778
-12.835
-14.65
-16.222
-17.549
-18.633
-19.474
-20.076
-20.442
-20.578
-20.492
-20.193
-19.692
-19
-18.127
-17.087
-15.892
-14.557
-13.096
-11.523
-9.855
-8.106
-6.293
-4.429
-2.531
-0.613
1.312
3.228
5.125
6.989
8.808
10.57
12.265
13.879
15.404
16.827
18.14
19.334
20.402
21.335
22.129
22.781
23.287
23.646
23.857
23.923
23.843
23.621
23.26
22.764
22.139
21.39
20.523
19.545
18.463
17.286
16.021
14.676
13.26
11.779
10.243
8.659
7.035
5.38
3.701
2.008
0.307
-1.391
-3.081
-4.754
-6.405
-8.027
-9.615
-11.165
-12.675
-14.141
-15.561
-16.934
-18.26
-19.537
-20.766
-21.947
-23.082
-24.172
-25.219
-26.226
-27.196
-28.131
-29.036
-29.914
-30.767
-31.6
-32.414
-33.215
-34.004
-34.784
-35.559
-36.331
-37.105
-37.882
-38.666
-39.457
-40.258
-41.067
-41.886
-42.714
-43.548
-44.387
-45.228
-46.069
-46.907
-47.74
-48.564
-49.377
-50.176
-50.957
-51.719
-52.458
-53.172
-53.858
-54.515
-55.141
-55.736
-56.3
-56.835
-57.343
-57.829
-58.301
-58.763
-59.224
-59.693
-60.177
-60.689
-61.235
-61.824
-62.465
-63.166
-63.939
-64.799
-65.761
-66.837
-68.04
-69.383
-70.877
-72.536
-74.368
-76.374
-78.555
-80.919
-83.479
-86.263
-89.293
-92.582
-96.138
-99.967
-104.065
-108.428
-113.035
-117.841
-122.803
-127.877
-133.03
-138.245
-143.498
-148.745
-153.922
-158.953
-163.766
-168.322
-172.591
-176.546
-180.179
-183.516
-186.617
-189.589
-192.551
-195.613
-198.88
-202.471
-206.51
-211.126
-216.506
-222.883
-230.406
-239.096
-248.769
-259.004
-269.321
-279.257
-288.231
-295.542
-300.655
-303.383
-304.213
-304.367
-305.235
-308.038
-313.82
-323.454
-337.449
-355.578
-376.102
-395.675
-410.293
-415.975
-408.906
-385.49
-342.49
-277.371
-191.919
-92.473
14.672
123.028
231.741
346.02
463.087
573.208
658.583
693.413
665.161
577.591
444.548
288.227
126.803
-32.094
-181.805
-310.519
-408.341
-463.975
-473.043
-450.323
-413.829
-383.348
-375.297
-388.33
-413.784
-439.418
-453.104
-452.881
-443.486
-432.369
-425.492
-423.734
-424.378
-423.467
-419.14
-411.767
-402.382
-392.286
-382.133
-372.103
-362.717
-354.609
-348.098
-343.287
-340.099
-338.296
-337.703
-338.175
-339.466
-341.292
-343.403
-345.554
-347.519
-349.096
-350.12
-350.472
-350.079
-348.907
-346.936
-344.173
-340.656
-336.447
-331.619
-326.237
-320.366
-314.067
-307.421
-300.519
-293.457
-286.327
-279.194
-272.096
-265.061
-258.102
-251.223
-244.417
-237.662
-230.928
-224.192
-217.436
-210.649
-203.822
-196.939
-189.981
-182.933
-175.779
-168.509
-161.116
-153.594
-145.941
-138.159
-130.253
-122.23
-114.103
-105.88
-97.57
-89.181
-80.722
-72.203
-63.636
-55.033
-46.407
-37.775
-29.154
-20.565
-12.028
-3.567
4.796
13.037
21.13
29.051
36.774
44.275
51.528
58.508
65.191
71.553
77.571
83.222
88.486
93.345
97.78
101.776
105.32
108.399
111.006
113.132
114.773
115.924
116.585
116.758
116.445
115.654
114.392
112.67
110.502
107.903
104.892
101.49
97.717
93.598
89.159
84.427
79.431
74.199
68.762
63.152
57.399
51.535
45.593
39.603
33.596
27.604
21.654
15.776
9.996
4.341
-1.165
-6.499
-11.639
-16.566
-21.26
-25.707
-29.892
-33.802
-37.428
-40.761
-43.796
-46.528
-48.956
-51.081
-52.903
-54.427
-55.66
-56.608
-57.281
-57.691
-57.848
-57.768
-57.463
-56.951
-56.247
-55.367
-54.329
-53.15
-51.848
-50.439
-48.942
-47.373
-45.75
-44.089
-42.406
-40.717
-39.036
-37.376
-35.751
-34.172
-32.651
-31.196
-29.816
-28.519
-27.31
-26.196
-25.179
-24.263
-23.449
-22.738
-22.127
-21.617
-21.202
-20.881
-20.647
-20.497
-20.424
-20.421
-20.482
-20.6
-20.768
-20.977
-21.219
-21.488
-21.774
-22.07
-22.369
-22.662
-22.943
-23.204
-23.44
-23.645
-23.814
-23.941
-24.024
-24.057
-24.04
-23.968
-23.841
-23.659
-23.421
-23.129
-22.784
-22.388
-21.944
-21.457
-20.93
-20.369
-19.778
-19.164
-18.532
-17.89
-17.244
-16.602
-15.969
-15.355
-14.766
-14.209
-13.692
-13.222
-12.806
-12.45
-12.161
-11.944
-11.805
-11.75
-11.782
-11.906
-12.125
-12.442
-12.86
-13.38
-14.004
-14.732
-15.564
-16.498
-17.534
-18.669
-19.899
-21.222
-22.633
-24.127
-25.699
-27.343
-29.052
-30.819
-32.638
-34.502
-36.402
-38.33
-40.28
-42.242
-44.209
-46.173
-48.127
-50.062
-51.971
-53.846
-55.681
-57.469
-59.202
-60.874
-62.479
-64.012
-65.465
-66.833
-68.113
-69.297
-70.383
-71.367
-72.244
-73.011
-73.667
-74.207
-74.632
-74.938
-75.124
-75.189
-75.132
-74.952
-74.648
-74.22
-73.666
-72.987
-72.181
-71.248
-70.188
-68.998
-67.68
-66.231
-64.651
-62.939
-61.096
-59.12
-57.012
-54.771
-52.398
-49.894
-47.259
-44.494
-41.602
-38.582
-35.436
-32.168
-28.777
-25.268
-21.641
-17.901
-14.05
-10.092
-6.031
-1.87
2.384
6.728
11.154
15.658
20.23
24.864
29.552
34.284
39.052
43.847
48.657
53.475
58.288
63.088
67.864
72.606
77.306
81.952
86.537
91.052
95.488
99.838
104.093
108.247
112.294
116.226
120.039
123.725
127.281
130.702
133.983
137.122
140.116
142.963
145.664
148.218
150.627
152.894
155.023
157.018
158.883
160.625
162.25
163.766
165.181
166.501
167.736
168.894
169.984
171.013
171.989
172.92
173.813
174.674
175.508
176.322
177.119
177.905
178.682
179.454
180.226
180.998
181.774
182.554
183.337
184.123
184.905
185.677
186.429
187.153
187.835
188.464
189.025
189.505
189.892
190.175
190.343
190.383
190.28
190.019
189.585
188.968
188.156
187.139
185.909
184.459
182.787
180.898
178.794
176.469
173.911
171.096
168.003
164.624
160.956
156.998
152.754
148.236
143.469
138.506
133.404
128.213
122.98
117.738
112.531
107.432
102.528
97.921
93.705
89.933
86.64
83.868
81.63
79.919
78.706
77.868
77.247
76.706
76.076
75.208
73.982
72.159
69.426
65.582
60.545
54.485
47.866
41.121
34.587
28.736
24.14
21.217
20.106
20.229
20.259
18.805
14.775
7.365
-3.959
-19.203
-37.689
-57.45
-75.071
-86.476
-87.709
-75.494
-46.913
0.277
67.35
154.281
257.414
369.531
483.368
592.328
694.677
794.693
892.194
981.36
1047.188
1065.873
1024.415
924.063
781.364
625.635
478.046
348.214
236.726
137.194
48.309
-26.455
-83.876
-121.095
-139.215
-142.039
-132.953
-116.31
-96.748
-78.23
-63.816
-54.907
-51.439
-53.135
-59.969
-71.015
-84.521
-98.276
-110.134
-119.165
-125.421
-128.991
-129.774
-127.973
-124.193
-119.552
-115.437
-112.578
-111.135
-111.177
-112.764
-115.924
-120.579
-126.353
-132.634
-138.985
-145.164
-150.993
-156.349
-161.107
-165.145
-168.428
-171.019
-172.975
-174.334
-175.132
-175.391
-175.146
-174.459
-173.392
-172.009
-170.38
-168.576
-166.668
-164.729
-162.813
-160.95
-159.162
-157.457
-155.828
-154.265
-152.746
-151.244
-149.734
-148.196
-146.606
-144.943
-143.181
-141.294
-139.258
-137.049
-134.646
-132.03
-129.181
-126.084
-122.727
-119.098
-115.189
-110.994
-106.508
-101.723
-96.636
-91.243
-85.544
-79.539
-73.232
-66.625
-59.727
-52.546
-45.097
-37.394
-29.453
-21.293
-12.933
-4.396
4.296
13.12
22.052
31.07
40.148
49.26
58.38
67.481
76.535
85.513
94.381
103.108
111.664
120.019
128.145
136.014
143.602
150.887
157.847
164.466
170.727
176.615
182.112
187.205
191.882
196.137
199.97
203.377
206.345
208.86
210.905
212.457
213.492
213.976
213.861
213.108
211.68
209.551
206.71
203.138
198.816
193.738
187.887
181.269
173.92
165.879
157.198
147.959
138.24
128.145
117.806
107.319
96.759
86.181
75.594
65.021
54.475
43.943
33.408
22.832
12.127
1.201
-10.054
-21.818
-34.273
-47.621
-62.111
-77.912
-95.147
-113.904
-134.203
-156.054
-179.451
-204.346
-230.683
-258.402
-287.404
-317.573
-348.78
-380.781
-413.304
-446.067
-478.725
-511.018
-542.737
-573.701
-603.799
-632.954
-661.105
-688.209
-714.222
-739.058
-762.637
-784.895
-805.77
-825.311
-843.594
-860.699
-876.755
-891.839
-905.981
-919.19
-931.415
-942.552
-952.488
-961.133
-968.417
-974.332
-978.883
-982.07
-983.904
-984.334
-983.32
-980.834
-976.838
-971.346
-964.414
-956.149
-946.706
-936.292
-925.121
-913.391
-901.294
-889
-876.67
-864.416
-852.39
-840.811
-829.795
-819.408
-809.558
-799.92
-790.317
-780.766
-771.246
-761.742
-752.343
-743.129
-734.554
-727.516
-722.339
-718.792
-716.3
-713.844
-710.539
-705.795
-698.589
-687.503
-671.867
-651.714
-627.792
-601.676
-574.553
-547.093
-520.252
-495.158
-472.531
-452.721
-435.451
-419.748
-405.001
-391.02
-377.534
-364.288
-351.054
-337.597
-323.954
-310.444
-297.238
-284.347
-271.754
-259.359
-247.121
-235.069
-223.177
-211.378
-199.613
-187.828
-176.003
-164.163
-152.329
-140.518
-128.755
-117.066
-105.481
-94.034
-82.75
-71.642
-60.713
-49.955
-39.353
-28.884
-18.537
-8.31
1.8
11.793
21.666
31.417
41.041
50.528
59.872
69.068
78.111
86.994
95.706
104.236
112.566
120.678
128.552
136.169
143.513
150.563
157.298
163.697
169.738
175.4
180.668
185.522
189.945
193.915
197.415
200.43
202.949
204.96
206.448
207.391
207.768
207.572
206.809
205.496
203.646
201.271
198.384
195.008
191.176
186.911
182.219
177.087
171.503
165.471
159.015
152.177
145
137.509
129.708
121.597
113.192
104.511
95.562
86.331
76.789
66.946
56.863
46.647
36.405
26.212
16.115
6.141
-3.673
-13.272
-22.588
-31.563
-40.159
-48.33
-56.013
-63.105
-69.492
-75.116
-79.992
-84.195
-87.795
-90.83
-93.314
-95.254
-96.677
-97.622
-98.121
-98.188
-97.822
-97.044
-95.9
-94.474
-92.858
-91.098
-89.185
-87.07
-84.713
-82.098
-79.221
-76.08
-72.655
-68.928
-64.902
-60.603
-56.06
-51.288
-46.283
-41.022
-35.482
-29.663
-23.591
-17.303
-10.833
-4.204
2.561
9.436
16.39
23.393
30.434
37.51
44.618
51.745
58.873
65.976
73.031
80.019
86.924
93.73
100.425
106.993
113.419
119.693
125.798
131.72
137.439
142.934
148.186
153.176
157.892
162.319
166.455
170.294
173.832
177.057
179.949
182.486
184.651
186.431
187.819
188.812
189.411
189.629
189.503
189.072
188.382
187.473
186.374
185.12
183.759
182.357
180.999
179.768
178.736
177.956
177.468
177.3
177.451
177.887
178.532
179.285
180.014
180.59
180.868
180.689
179.909
178.317
175.626
171.629
166.247
159.6
152.092
144.212
136.42
129.343
123.772
120.337
119.362
120.512
122.612
124.232
123.997
120.528
112.537
99.173
80.403
57.745
34.427
14.546
2.835
4.302
23.834
66.387
134.558
226.375
337.689
462.838
597.807
745.066
905.56
1072.226
1230.705
1354.346
1414.12
1396.985
1301.847
1142.441
948.968
745.15
552.379
391.765
266.913
178.48
122.682
84.553
58.152
41.633
34.003
40.781
61.358
89.906
120.944
147.648
166.795
179.067
185.578
188.067
188.481
188.362
189.427
193.253
200.283
210.097
221.919
234.748
247.667
259.926
270.753
279.456
285.783
289.811
291.79
292.119
291.134
289.106
286.343
283.152
279.804
276.551
273.603
271.085
269.089
267.684
266.896
266.748
267.233
268.3
269.878
271.895
274.28
276.974
279.915
283.027
286.224
289.417
292.524
295.498
298.314
300.963
303.45
305.79
308.011
310.159
312.289
314.449
316.674
319.003
321.47
324.12
327.005
330.165
333.631
337.429
341.571
346.064
350.907
356.08
361.551
367.288
373.261
379.445
385.83
392.391
399.108
405.966
412.938
420.013
427.205
434.522
441.983
449.63
457.502
465.653
474.162
483.07
492.403
502.171
512.353
522.93
533.867
545.095
556.539
568.103
579.65
591.037
602.095
612.608
622.375
631.187
638.813
645.081
649.844
652.975
654.395
654.041
651.871
647.902
642.173
634.738
625.705
615.204
603.4
590.53
576.809
562.443
547.659
532.632
517.519
502.481
487.641
473.102
458.96
445.27
432.071
419.415
407.315
395.762
384.725
374.106
363.829
353.85
344.127
334.655
325.429
316.419
307.595
298.937
290.442
282.148
274.109
266.365
258.947
251.852
245.133
238.95
233.361
228.332
223.67
218.981
214.105
209.195
204.441
200.042
196.262
193.315
191.792
192.76
196.694
203.425
212.41
222.616
233.146
243.446
252.482
258.719
261.343
260.207
255.841
249.653
242.689
235.481
228.898
224.004
221.403
221.332
223.375
226.411
229.705
232.91
235.594
237.402
238.076
237.449
235.735
233.397
230.663
227.656
224.5
221.213
217.875
214.545
211.095
207.44
203.671
199.679
195.108
189.951
184.369
178.325
172.27
165.379
155.166
142.268
128.992
119.225
120.155
131.19
145.204
155.021
150.452
131.105
106.574
84.265
72.252
71.757
75.603
79.455
80.278
77.241
73.287
69.703
66.399
63.468
60.46
57.271
54.295
51.639
49.23
47.075
45.181
43.524
42.08
40.798
39.599
38.451
37.375
36.367
35.414
34.504
33.623
32.762
31.919
31.084
30.244
29.385
28.497
27.57
26.596
25.566
24.472
23.307
22.064
20.739
19.327
17.825
16.23
14.541
12.759
10.883
8.915
6.858
4.714
2.488
0.184
-2.193
-4.637
-7.143
-9.704
-12.314
-14.968
-17.657
-20.377
-23.119
-25.878
-28.646
-31.417
-34.184
-36.94
-39.678
-42.392
-45.075
-47.722
-50.327
-52.885
-55.392
-57.844
-60.238
-62.571
-64.842
-67.049
-69.194
-71.276
-73.296
-75.257
-77.162
-79.014
-80.817
-82.574
-84.293
-85.977
-87.631
-89.263
-90.878
-92.482
-94.082
-95.685
-97.296
-98.923
-100.574
-102.254
-103.973
-105.736
-107.551
-109.424
-111.364
-113.376
-115.467
-117.641
-119.904
-122.261
-124.716
-127.271
-129.928
-132.69
-135.557
-138.529
-141.606
-144.784
-148.063
-151.438
-154.906
-158.462
-162.102
-165.819
-169.608
-173.461
-177.374
-181.337
-185.343
-189.384
-193.451
-197.536
-201.629
-205.72
-209.8
-213.856
-217.88
-221.859
-225.783
-229.641
-233.422
-237.115
-240.711
-244.199
-247.57
-250.816
-253.928
-256.899
-259.72
-262.387
-264.893
-267.233
-269.4
-271.391
-273.201
-274.827
-276.265
-277.513
-278.566
-279.424
-280.084
-280.543
-280.802
-280.859
-280.713
-280.363
-279.813
-279.062
-278.115
-276.974
-275.644
-274.129
-272.435
-270.568
-268.536
-266.344
-263.997
-261.503
-258.871
-256.107
-253.221
-250.221
-247.119
-243.929
-240.668
-237.352
-233.996
-230.618
-227.231
-223.856
-220.508
-217.203
-213.959
-210.79
-207.714
-204.751
-201.921
-199.241
-196.725
-194.382
-192.219
-190.244
-188.463
-186.877
-185.493
-184.316
-183.354
-182.628
-182.159
-181.96
-182.042
-182.407
-183.05
-183.963
-185.131
-186.522
-188.098
-189.815
-191.631
-193.511
-195.411
-197.272
-199.031
-200.631
-202.046
-203.281
-204.316
-205.1
-205.588
-205.777
-205.768
-205.66
-205.406
-204.966
-204.492
-204.37
-205.138
-207.202
-210.551
-215.159
-221.497
-229.79
-239.423
-248.995
-256.549
-261.837
-267.14
-274.232
-281.958
-284.261
-273.206
-246.541
-211.575
-185.477
-185.803
-220.237
-283.099
-355.514
-417.61
-456.504
-467.949
-456.612
-426.011
-375.679
-303.02
-203.571
-79.13
61.18
207.42
349.269
483.55
615.31
743.795
862.239
951.07
979.832
930.847
800.125
605.287
382.827
162.612
-30.079
-183.878
-301.938
-382.989
-429.529
-441.248
-415.098
-361.173
-294.256
-235.175
-204.635
-207.278
-235.503
-271.529
-297.758
-307.867
-304.407
-296.335
-290.445
-287.435
-285.299
-280.56
-271.948
-260.789
-248.592
-236.783
-226.242
-217.28
-210.085
-204.734
-201.05
-198.734
-197.555
-197.342
-197.931
-199.146
-200.798
-202.665
-204.549
-206.281
-207.656
-208.516
-208.753
-208.294
-207.121
-205.247
-202.699
-199.533
-195.818
-191.624
-187.013
-182.049
-176.792
-171.316
-165.709
-160.057
-154.45
-148.95
-143.595
-138.41
-133.401
-128.56
-123.871
-119.304
-114.817
-110.378
-105.957
-101.528
-97.07
-92.559
-87.966
-83.263
-78.421
-73.411
-68.215
-62.82
-57.222
-51.42
-45.425
-39.25
-32.925
-26.485
-19.958
-13.374
-6.758
-0.127
6.489
13.067
19.584
26.012
32.336
38.566
44.713
50.807
56.896
63.02
69.234
75.609
82.189
89.014
96.11
103.471
111.109
119.021
127.189
135.604
144.22
152.926
161.593
170.05
178.076
185.473
192.028
197.501
201.709
204.481
205.677
205.215
203.001
198.951
193.002
185.076
175.157
163.332
149.728
134.544
118.057
100.526
82.238
63.53
44.672
25.909
7.459
-10.534
-27.91
-44.492
-60.109
-74.569
-87.728
-99.537
-109.99
-119.134
-127.099
-134.007
-140.02
-145.357
-150.178
-154.605
-158.737
-162.608
-166.266
-169.787
-173.252
-176.76
-180.393
-184.178
-188.128
-192.235
-196.442
-200.686
-204.872
-208.863
-212.564
-215.921
-218.895
-221.492
-223.716
-225.555
-227
-228.043
-228.676
-228.906
-228.739
-228.183
-227.266
-226.029
-224.528
-222.844
-221.038
-219.151
-217.22
-215.263
-213.297
-211.343
-209.413
-207.513
-205.654
-203.848
-202.11
-200.458
-198.904
-197.455
-196.111
-194.867
-193.721
-192.671
-191.718
-190.861
-190.1
-189.437
-188.874
-188.419
-188.075
-187.841
-187.718
-187.703
-187.793
-187.986
-188.277
-188.665
-189.143
-189.71
-190.363
-191.098
-191.914
-192.806
-193.77
-194.801
-195.896
-197.047
-198.25
-199.499
-200.787
-202.107
-203.454
-204.822
-206.205
-207.597
-208.991
-210.381
-211.762
-213.126
-214.467
-215.777
-217.049
-218.276
-219.451
-220.568
-221.621
-222.601
-223.504
-224.324
-225.053
-225.687
-226.22
-226.645
-226.959
-227.155
-227.232
-227.185
-227.012
-226.712
-226.282
-225.723
-225.036
-224.22
-223.277
-222.21
-221.02
-219.71
-218.283
-216.745
-215.1
-213.351
-211.504
-209.565
-207.54
-205.434
-203.255
-201.009
-198.704
-196.345
-193.941
-191.501
-189.03
-186.536
-184.025
-181.501
-178.972
-176.446
-173.929
-171.427
-168.946
-166.488
-164.059
-161.664
-159.303
-156.979
-154.688
-152.429
-150.201
-148.008
-145.851
-143.733
-141.653
-139.601
-137.571
-135.56
-133.56
-131.568
-129.58
-127.585
-125.585
-123.582
-121.573
-119.565
-117.555
-115.536
-113.507
-111.448
-109.346
-107.233
-105.163
-103.192
-101.355
-99.622
-97.939
-96.308
-94.782
-93.363
-91.921
-90.252
-88.303
-86.245
-84.371
-82.941
-81.799
-80.744
-80.165
-80.287
-80.767
-81.317
-80.958
-80.062
-81.855
-86.417
-91.233
-91.491
-78.361
-52.872
-24.825
-4.477
-5.012
-26.163
-54.982
-81.567
-95.157
-93.888
-86.573
-77.961
-71.829
-69.986
-69.095
-67.829
-66.553
-65.047
-64.017
-64.012
-64.565
-65.262
-65.997
-66.555
-66.845
-67.017
-67.111
-67.091
-67.014
-66.915
-66.805
-66.765
-66.841
-67.001
-67.182
-67.314
-67.399
-67.48
-67.541
-67.482
-67.105
-66.301
-65.217
-64.207
-63.559
-63.278
-63.269
-63.482
-63.788
-64.079
-64.018
-62.221
-58.774
-54.497
-48.134
-40.171
-28.006
-8.263
13.718
33.354
43.805
37.724
21.155
0.364
-19.599
-32.094
-39.961
-45.422
-46.907
-45.365
-39.585
-29.272
-16.919
-3.763
9.338
21.001
29.963
35.399
37.014
35.542
32.463
28.693
24.537
20.255
16.179
12.639
9.921
7.927
6.138
4.217
2.14
0.06
-1.843
-3.527
-5.203
-7.215
-9.619
-12.252
-14.95
-17.558
-19.936
-21.93
-23.014
-22.277
-19.301
-14.253
-7.743
-0.821
5.476
10.209
12.19
10.075
3.121
-8.71
-24.29
-41.523
-58.626
-73.604
-85.917
-96.972
-105.777
-110.796
-109.887
-98.313
-79.1
-61.448
-52.807
-61.091
-84.976
-113.051
-136.864
-149.862
-145.362
-119.379
-65.234
25.12
147.373
288.805
435.768
574.958
707.284
840.092
970.625
1087.897
1167.667
1182.559
1123.413
995.351
815.042
609.743
401.193
207.54
48.472
-66.128
-133.346
-155.225
-142.371
-105.233
-52.257
4.747
51.598
76.399
73.184
46.89
13.142
-13.729
-26.453
-25.792
-19.758
-14.108
-10.018
-6.251
0.333
10.663
23.361
36.968
49.896
61.177
70.713
78.438
84.357
88.73
91.756
93.602
94.469
94.51
93.869
92.696
91.131
89.321
87.435
85.667
84.211
83.203
82.71
82.772
83.393
84.557
86.241
88.399
90.962
93.879
97.094
100.556
104.217
108.013
111.873
115.731
119.522
123.202
126.756
130.176
133.473
136.672
139.801
142.899
146.014
149.186
152.45
155.842
159.394
163.132
167.083
171.27
175.717
180.448
185.488
190.852
196.545
202.564
208.903
215.552
222.492
229.691
237.098
244.66
252.34
260.113
267.97
275.894
283.867
291.864
299.863
307.864
315.873
323.89
331.9
339.887
347.847
355.806
363.828
371.971
380.251
388.644
397.111
405.616
414.127
422.608
430.977
439.095
446.826
454.047
460.664
466.589
471.704
475.85
478.832
480.482
480.699
479.435
476.65
472.295
466.325
458.707
449.503
438.872
426.966
413.928
399.894
384.998
369.434
353.46
337.333
321.272
305.442
289.957
274.954
260.595
247.038
234.436
222.848
212.245
202.607
193.919
186.149
179.253
173.125
167.588
162.502
157.775
153.342
149.173
145.208
141.355
137.529
133.645
129.663
125.593
121.428
117.159
112.8
108.38
103.972
99.693
95.617
91.779
88.2
84.877
81.82
79.058
76.604
74.465
72.641
71.12
69.897
68.973
68.326
67.924
67.717
67.635
67.626
67.66
67.708
67.753
67.778
67.762
67.693
67.571
67.387
67.132
66.795
66.362
65.825
65.183
64.439
63.6
62.672
61.658
60.561
59.385
58.13
56.799
55.391
53.901
52.328
50.673
48.939
47.13
45.25
43.303
41.294
39.228
37.11
34.946
32.738
30.49
28.206
25.891
23.549
21.184
18.8
16.402
13.995
11.582
9.169
6.757
4.351
1.953
-0.435
-2.81
-5.172
-7.519
-9.85
-12.163
-14.457
-16.73
-18.982
-21.211
-23.417
-25.598
-27.755
-29.887
-31.994
-34.077
-36.136
-38.172
-40.184
-42.174
-44.14
-46.084
-48.006
-49.907
-51.786
-53.645
-55.485
-57.307
-59.112
-60.9
-62.672
-64.43
-66.172
-67.899
-69.612
-71.308
-72.988
-74.651
-76.296
-77.923
-79.53
-81.118
-82.686
-84.233
-85.757
-87.259
-88.737
-90.19
-91.616
-93.014
-94.382
-95.718
-97.021
-98.29
-99.521
-100.713
-101.864
-102.971
-104.032
-105.044
-106.004
-106.909
-107.755
-108.541
-109.264
-109.923
-110.514
-111.038
-111.494
-111.88
-112.195
-112.44
-112.613
-112.714
-112.741
-112.696
-112.578
-112.386
-112.122
-111.785
-111.378
-110.901
-110.356
-109.745
-109.07
-108.332
-107.534
-106.679
-105.769
-104.807
-103.797
-102.744
-101.651
-100.524
-99.366
-98.183
-96.979
-95.757
-94.521
-93.276
-92.024
-90.768
-89.511
-88.256
-87.008
-85.769
-84.544
-83.334
-82.144
-80.976
-79.836
-78.726
-77.649
-76.608
-75.607
-74.652
-73.745
-72.892
-72.096
-71.364
-70.703
-70.119
-69.619
-69.211
-68.903
-68.7
-68.612
-68.644
-68.8
-69.084
-69.5
-70.051
-70.745
-71.588
-72.586
-73.743
-75.062
-76.544
-78.194
-80.01
-81.984
-84.107
-86.372
-88.778
-91.335
-94.053
-96.933
-99.973
-103.171
-106.512
-109.982
-113.555
-117.185
-120.824
-124.432
-127.967
-131.409
-134.736
-137.906
-140.867
-143.557
-145.905
-147.874
-149.428
-150.527
-151.173
-151.391
-151.243
-150.841
-150.277
-149.625
-148.984
-148.454
-148.156
-148.243
-148.832
-150.077
-152.228
-155.406
-159.6
-164.614
-169.908
-174.863
-178.962
-181.555
-181.907
-179.614
-174.631
-167.615
-160.139
-153.858
-150.169
-150.36
-155.434
-165.83
-181.095
-199.059
-215.877
-227.266
-228.696
-215.755
-184.62
-131.587
-55.861
38.51
146.099
260.629
378.662
503.296
634.077
762.766
874.676
945.697
954.673
896.148
773.853
602.148
406.356
206.277
22.771
-121.173
-219.154
-271.354
-286.554
-286.25
-281.685
-276.474
-270.629
-257.061
-234.87
-209.021
-184.262
-165.651
-154.724
-149.75
-148.814
-149.892
-151.235
-151.465
-149.339
-144.451
-137.167
-128.195
-118.431
-108.628
-99.389
-91.364
-85.099
-80.774
-78.287
-77.368
-77.63
-78.778
-80.575
-82.733
-84.977
-87.052
-88.726
-89.871
-90.426
-90.342
-89.6
-88.19
-86.111
-83.413
-80.173
-76.461
-72.354
-67.914
-63.194
-58.269
-53.221
-48.135
-43.098
-38.163
-33.361
-28.709
-24.213
-19.868
-15.664
-11.571
-7.547
-3.559
0.422
4.42
8.454
12.551
16.741
21.051
25.506
30.127
34.931
39.932
45.144
50.574
56.227
62.101
68.191
74.494
81.006
87.72
94.628
101.719
108.978
116.389
123.935
131.592
139.336
147.139
154.97
162.796
170.586
178.305
185.915
193.382
200.667
207.732
214.541
221.055
227.236
233.048
238.454
243.42
247.913
251.899
255.351
258.24
260.542
262.236
263.302
263.727
263.496
262.602
261.04
258.808
255.909
252.35
248.139
243.29
237.822
231.754
225.112
217.921
210.212
202.017
193.372
184.313
174.879
165.111
155.051
144.741
134.225
123.549
112.757
101.894
91.003
80.13
69.316
58.604
48.033
37.642
27.468
17.546
7.907
-1.418
-10.403
-19.022
-27.255
-35.083
-42.489
-49.461
-55.99
-62.067
-67.69
-72.855
-77.565
-81.822
-85.634
-89.008
-91.956
-94.49
-96.626
-98.38
-99.771
-100.818
-101.542
-101.965
-102.11
-102
-101.66
-101.112
-100.381
-99.491
-98.465
-97.328
-96.1
-94.804
-93.461
-92.09
-90.709
-89.335
-87.985
-86.673
-85.412
-84.214
-83.089
-82.046
-81.093
-80.237
-79.48
-78.827
-78.28
-77.837
-77.5
-77.265
-77.129
-77.088
-77.137
-77.269
-77.48
-77.76
-78.102
-78.497
-78.937
-79.413
-79.916
-80.435
-80.963
-81.49
-82.007
-82.507
-82.981
-83.421
-83.821
-84.174
-84.474
-84.716
-84.894
-85.005
-85.045
-85.013
-84.905
-84.722
-84.464
-84.129
-83.721
-83.24
-82.689
-82.07
-81.387
-80.644
-79.845
-78.994
-78.096
-77.157
-76.183
-75.179
-74.151
-73.106
-72.048
-70.984
-69.919
-68.86
-67.811
-66.779
-65.768
-64.782
-63.826
-62.904
-62.019
-61.172
-60.366
-59.601
-58.878
-58.196
-57.554
-56.95
-56.383
-55.849
-55.346
-54.87
-54.417
-53.981
-53.559
-53.143
-52.729
-52.309
-51.876
-51.423
-50.942
-50.426
-49.866
-49.255
-48.583
-47.843
-47.025
-46.121
-45.122
-44.02
-42.807
-41.475
-40.017
-38.428
-36.704
-34.84
-32.832
-30.68
-28.381
-25.936
-23.346
-20.611
-17.735
-14.721
-11.573
-8.298
-4.903
-1.395
2.215
5.914
9.687
13.52
17.394
21.294
25.199
29.091
32.95
36.762
40.51
44.176
47.743
51.189
54.495
57.641
60.611
63.39
65.962
68.314
70.437
72.331
73.995
75.426
76.612
77.528
78.152
78.473
78.479
78.169
77.544
76.612
75.393
73.934
72.278
70.471
68.548
66.529
64.44
62.326
60.245
58.28
56.51
54.99
53.771
52.881
52.321
52.07
52.075
52.243
52.472
52.642
52.632
52.346
51.692
50.578
48.843
46.196
42.422
37.484
31.534
24.96
18.212
11.698
6.009
1.986
0.265
0.974
3.612
7.03
9.76
10.253
6.905
-1.91
-16.032
-32.942
-49.496
-62.974
-74.494
-87.081
-99.329
-103.216
-82.19
-21.011
83.064
220.846
371.408
516.672
652.868
780.756
903.052
1014.56
1091.817
1111.518
1058.38
927.453
740.275
529.435
325.487
159.809
41.711
-37.427
-87.452
-124.859
-155.432
-171.134
-170.54
-155.246
-131.982
-116.926
-116.298
-125.367
-138.467
-145.463
-142.331
-134.761
-126.122
-118.914
-113.727
-106.888
-97.05
-85.707
-74.914
-66.782
-62.335
-61.236
-62.668
-66.317
-71.911
-78.541
-84.967
-90.292
-94.04
-96.439
-98.327
-100.093
-101.773
-103.503
-105.391
-107.533
-110
-112.563
-114.716
-116.159
-116.795
-116.616
-115.735
-114.223
-112.09
-109.41
-106.308
-102.895
-99.266
-95.488
-91.587
-87.585
-83.507
-79.373
-75.2
-70.991
-66.728
-62.378
-57.897
-53.253
-48.426
-43.396
-38.151
-32.673
-26.941
-20.941
-14.665
-8.105
-1.257
5.885
13.328
21.07
29.104
37.415
45.985
54.796
63.831
73.071
82.495
92.079
101.797
111.621
121.525
131.476
141.437
151.372
161.239
170.997
180.604
190.019
199.197
208.096
216.673
224.886
232.694
240.055
246.931
253.283
259.075
264.274
268.847
272.766
276.005
278.543
280.36
281.44
281.774
281.353
280.174
278.236
275.543
272.104
267.931
263.039
257.447
251.18
244.264
236.73
228.612
219.947
210.775
201.136
191.075
180.636
169.868
158.816
147.53
136.059
124.453
112.759
101.028
89.306
77.641
66.078
54.659
43.427
32.42
21.675
11.227
1.106
-8.659
-18.042
-27.021
-35.577
-43.692
-51.354
-58.554
-65.284
-71.541
-77.324
-82.636
-87.482
-91.869
-95.807
-99.308
-102.388
-105.061
-107.347
-109.265
-110.835
-112.079
-113.02
-113.682
-114.088
-114.263
-114.229
-114.011
-113.632
-113.115
-112.481
-111.751
-110.947
-110.087
-109.189
-108.27
-107.346
-106.431
-105.538
-104.678
-103.861
-103.097
-102.393
-101.756
-101.189
-100.698
-100.284
-99.95
-99.695
-99.518
-99.42
-99.396
-99.445
-99.563
-99.745
-99.987
-100.285
-100.633
-101.026
-101.459
-101.927
-102.425
-102.948
-103.49
-104.048
-104.617
-105.193
-105.771
-106.349
-106.921
-107.486
-108.039
-108.578
-109.1
-109.601
-110.079
-110.531
-110.955
-111.348
-111.708
-112.033
-112.321
-112.57
-112.778
-112.943
-113.064
-113.139
-113.165
-113.142
-113.068
-112.94
-112.757
-112.517
-112.219
-111.86
-111.438
-110.952
-110.4
-109.78
-109.09
-108.329
-107.496
-106.59
-105.611
-104.558
-103.431
-102.233
-100.963
-99.625
-98.22
-96.75
-95.219
-93.631
-91.988
-90.294
-88.555
-86.775
-84.958
-83.11
-81.236
-79.342
-77.434
-75.516
-73.594
-71.674
-69.76
-67.859
-65.974
-64.112
-62.276
-60.473
-58.705
-56.978
-55.295
-53.659
-52.073
-50.538
-49.056
-47.627
-46.251
-44.926
-43.651
-42.424
-41.244
-40.106
-39.007
-37.943
-36.909
-35.901
-34.912
-33.937
-32.969
-32.003
-31.033
-30.053
-29.058
-28.044
-27.006
-25.941
-24.845
-23.715
-22.549
-21.344
-20.097
-18.809
-17.48
-16.111
-14.704
-13.264
-11.797
-10.313
-8.822
-7.334
-5.859
-4.41
-3.001
-1.648
-0.368
0.827
1.923
2.908
3.766
4.479
5.031
5.412
5.614
5.63
5.451
5.064
4.46
3.643
2.617
1.39
-0.035
-1.673
-3.537
-5.631
-7.953
-10.5
-13.262
-16.238
-19.419
-22.766
-26.239
-29.783
-33.336
-36.877
-40.382
-43.833
-47.227
-50.507
-53.593
-56.422
-58.918
-61.045
-62.843
-64.306
-65.393
-66.199
-66.88
-67.743
-69.293
-71.77
-75.137
-79.334
-84.312
-90.066
-96.562
-103.269
-109.049
-113.063
-114.985
-114.833
-112.848
-108.951
-103.064
-95.867
-89.011
-84.553
-84.204
-89.019
-99.839
-116.161
-135.561
-155.748
-173.257
-188.482
-207.483
-230.88
-254.41
-263.821
-233.947
-152.955
-24.369
135.881
298.175
447.524
586.852
718.526
847.19
961.169
1028.55
1029.456
954.367
810.27
628.754
434.239
246.1
80.312
-62.382
-174.853
-250.767
-291.627
-296.255
-277.161
-251.347
-228.554
-219.679
-222.449
-226.023
-225.292
-214.435
-194.438
-173.553
-155.818
-143.525
-136.858
-132.705
-129.553
-127.364
-126.249
-126.544
-127.8
-129.395
-130.874
-131.63
-131.493
-130.423
-128.339
-125.688
-123.214
-121.315
-120.291
-120.432
-121.678
-123.907
-126.975
-130.415
-133.688
-136.491
-138.627
-139.993
-140.631
-140.558
-139.787
-138.43
-136.611
-134.411
-131.89
-129.069
-125.958
-122.605
-119.082
-115.462
-111.802
-108.124
-104.436
-100.734
-97.01
-93.249
-89.424
-85.496
-81.437
-77.226
-72.845
-68.283
-63.52
-58.529
-53.285
-47.764
-41.943
-35.813
-29.365
-22.596
-15.512
-8.121
-0.432
7.542
15.803
24.346
33.156
42.211
51.479
60.913
70.474
80.117
89.783
99.422
108.991
118.454
127.806
137.043
146.142
155.072
163.78
172.213
180.35
188.176
195.68
202.866
209.729
216.268
222.528
228.539
234.301
239.781
244.891
249.524
253.621
257.148
260.079
262.387
264
264.84
264.865
264.024
262.287
259.611
255.888
251.026
244.993
237.812
229.576
220.411
210.376
199.506
187.869
175.562
162.744
149.575
136.154
122.57
108.906
95.271
81.839
68.775
56.184
44.117
32.59
21.601
11.215
1.518
-7.467
-15.767
-23.468
-30.647
-37.321
-43.484
-49.138
-54.32
-59.099
-63.537
-67.65
-71.431
-74.874
-77.985
-80.82
-83.444
-85.873
-88.081
-90.007
-91.606
-92.874
-93.827
-94.472
-94.795
-94.784
-94.441
-93.798
-92.897
-91.761
-90.402
-88.809
-86.973
-84.909
-82.655
-80.259
-77.76
-75.185
-72.556
-69.899
-67.249
-64.63
-62.056
-59.527
-57.042
-54.607
-52.237
-49.95
-47.758
-45.67
-43.687
-41.812
-40.048
-38.396
-36.856
-35.423
-34.093
-32.862
-31.73
-30.7
-29.772
-28.944
-28.214
-27.579
-27.035
-26.579
-26.206
-25.911
-25.687
-25.53
-25.436
-25.402
-25.425
-25.5
-25.627
-25.801
-26.019
-26.28
-26.58
-26.915
-27.283
-27.681
-28.107
-28.557
-29.03
-29.524
-30.036
-30.564
-31.108
-31.666
-32.236
-32.817
-33.407
-34.008
-34.618
-35.237
-35.865
-36.503
-37.151
-37.81
-38.48
-39.162
-39.856
-40.562
-41.279
-42.008
-42.746
-43.495
-44.251
-45.013
-45.782
-46.555
-47.33
-48.107
-48.884
-49.658
-50.429
-51.195
-51.953
-52.701
-53.438
-54.16
-54.867
-55.553
-56.218
-56.856
-57.465
-58.041
-58.58
-59.077
-59.529
-59.93
-60.276
-60.564
-60.789
-60.949
-61.038
-61.055
-60.997
-60.862
-60.647
-60.351
-59.974
-59.513
-58.97
-58.343
-57.633
-56.842
-55.97
-55.018
-53.99
-52.888
-51.713
-50.47
-49.163
-47.795
-46.371
-44.897
-43.379
-41.822
-40.233
-38.62
-36.989
-35.348
-33.705
-32.067
-30.443
-28.839
-27.264
-25.725
-24.229
-22.783
-21.395
-20.069
-18.814
-17.633
-16.533
-15.519
-14.594
-13.764
-13.031
-12.399
-11.869
-11.444
-11.126
-10.914
-10.81
-10.812
-10.919
-11.13
-11.443
-11.853
-12.357
-12.951
-13.631
-14.391
-15.225
-16.128
-17.094
-18.115
-19.186
-20.298
-21.444
-22.616
-23.807
-25.007
-26.21
-27.406
-28.588
-29.748
-30.876
-31.966
-33.009
-33.996
-34.921
-35.776
-36.553
-37.247
-37.852
-38.363
-38.774
-39.083
-39.285
-39.379
-39.362
-39.232
-38.988
-38.63
-38.159
-37.576
-36.884
-36.088
-35.194
-34.211
-33.146
-32.008
-30.807
-29.557
-28.271
-26.964
-25.652
-24.348
-23.066
-21.819
-20.622
-19.491
-18.44
-17.474
-16.601
-15.83
-15.168
-14.632
-14.228
-13.951
-13.797
-13.76
-13.839
-14.05
-14.404
-14.9
-15.539
-16.323
-17.257
-18.354
-19.614
-21.009
-22.503
-24.046
-25.601
-27.159
-28.719
-30.283
-31.827
-33.285
-34.588
-35.678
-36.507
-37.058
-37.294
-37.122
-36.573
-35.812
-35.107
-34.909
-35.608
-37.284
-39.968
-43.724
-48.355
-53.606
-59.023
-63.478
-65.867
-65.761
-62.96
-57.555
-50.188
-41.353
-31.772
-23.373
-18.379
-18.345
-24.527
-37.383
-56.324
-80.857
-110.082
-141.437
-171.21
-195.417
-209.759
-210.57
-195.087
-160.324
-103.701
-24.077
76.279
191.484
314.563
438.001
558.26
678.113
797.502
911.977
1010.507
1068.341
1063.565
986.971
839.812
644.73
433.545
231.198
61.197
-64.534
-148.415
-194.724
-215.077
-223.431
-224.4
-220.022
-209.293
-188.328
-159.198
-126.797
-95.27
-69.256
-51.043
-40.674
-37.7
-40.753
-47.976
-57.415
-67.538
-77.128
-84.751
-89.432
-90.829
-88.915
-84.244
-77.777
-70.207
-62.283
-55.093
-49.353
-45.402
-43.414
-43.176
-44.321
-46.591
-49.572
-52.679
-55.499
-57.77
-59.348
-60.27
-60.574
-60.251
-59.348
-57.95
-56.123
-53.933
-51.415
-48.57
-45.425
-42.038
-38.479
-34.831
-31.168
-27.531
-23.947
-20.431
-16.987
-13.612
-10.292
-7.003
-3.714
-0.401
2.955
6.372
9.867
13.465
17.191
21.074
25.136
29.395
33.864
38.554
43.472
48.62
53.999
59.604
65.427
71.462
77.699
84.131
90.744
97.524
104.453
111.512
118.68
125.932
133.241
140.58
147.916
155.217
162.45
169.58
176.57
183.384
189.985
196.335
202.398
208.136
213.514
218.496
223.05
227.143
230.746
233.83
236.369
238.341
239.726
240.506
240.668
240.201
239.099
237.356
234.975
231.958
228.312
224.047
219.177
213.719
207.693
201.123
194.036
186.459
178.427
169.972
161.132
151.944
142.448
132.685
122.698
112.528
102.218
91.812
81.352
70.882
60.442
50.075
39.82
29.715
19.797
10.101
0.659
-8.498
-17.344
-25.853
-34.003
-41.775
-49.151
-56.117
-62.663
-68.778
-74.458
-79.698
-84.498
-88.861
-92.789
-96.29
-99.373
-102.047
-104.326
-106.222
-107.752
-108.932
-109.779
-110.312
-110.55
-110.514
-110.224
-109.701
-108.966
-108.04
-106.944
-105.698
-104.322
-102.834
-101.253
-99.595
-97.876
-96.112
-94.315
-92.498
-90.674
-88.852
-87.04
-85.248
-83.481
-81.745
-80.045
-78.384
-76.763
-75.186
-73.653
-72.165
-70.721
-69.322
-67.966
-66.652
-65.378
-64.143
-62.943
-61.775
-60.638
-59.527
-58.44
-57.375
-56.328
-55.297
-54.28
-53.275
-52.281
-51.297
-50.322
-49.354
-48.395
-47.444
-46.501
-45.568
-44.647
-43.738
-42.844
-41.967
-41.11
-40.273
-39.461
-38.673
-37.913
-37.182
-36.482
-35.814
-35.179
-34.58
-34.017
-33.492
-33.006
-32.56
-32.156
-31.793
-31.473
-31.195
-30.961
-30.77
-30.623
-30.52
-30.461
-30.446
-30.474
-30.545
-30.659
-30.815
-31.011
-31.245
-31.518
-31.827
-32.171
-32.548
-32.958
-33.398
-33.87
-34.37
-34.899
-35.455
-36.039
-36.647
-37.281
-37.94
-38.621
-39.326
-40.054
-40.803
-41.573
-42.364
-43.174
-44.003
-44.848
-45.709
-46.584
-47.471
-48.369
-49.275
-50.189
-51.108
-52.032
-52.959
-53.888
-54.817
-55.745
-56.67
-57.592
-58.508
-59.418
-60.32
-61.213
-62.096
-62.968
-63.827
-64.673
-65.505
-66.32
-67.118
-67.897
-68.657
-69.395
-70.111
-70.804
-71.474
-72.121
-72.745
-73.345
-73.922
-74.477
-75.008
-75.517
-76.004
-76.469
-76.913
-77.335
-77.737
-78.117
-78.478
-78.82
-79.141
-79.443
-79.726
-79.99
-80.235
-80.461
-80.668
-80.857
-81.03
-81.187
-81.328
-81.457
-81.573
-81.679
-81.775
-81.864
-81.945
-82.021
-82.093
-82.163
-82.231
-82.3
-82.372
-82.449
-82.532
-82.623
-82.724
-82.838
-82.966
-83.11
-83.274
-83.458
-83.666
-83.901
-84.165
-84.46
-84.788
-85.151
-85.551
-85.989
-86.465
-86.979
-87.532
-88.122
-88.75
-89.414
-90.112
-90.844
-91.606
-92.397
-93.213
-94.052
-94.908
-95.777
-96.653
-97.533
-98.409
-99.276
-100.128
-100.957
-101.756
-102.518
-103.233
-103.894
-104.491
-105.015
-105.455
-105.804
-106.052
-106.192
-106.214
-106.111
-105.877
-105.506
-104.991
-104.327
-103.508
-102.531
-101.391
-100.087
-98.616
-96.979
-95.176
-93.211
-91.091
-88.822
-86.415
-83.876
-81.217
-78.448
-75.583
-72.637
-69.626
-66.562
-63.462
-60.341
-57.219
-54.117
-51.051
-48.036
-45.081
-42.199
-39.404
-36.708
-34.123
-31.655
-29.308
-27.09
-25.016
-23.104
-21.368
-19.82
-18.46
-17.29
-16.309
-15.515
-14.893
-14.418
-14.061
-13.786
-13.557
-13.347
-13.131
-12.885
-12.591
-12.206
-11.671
-10.934
-9.937
-8.659
-7.145
-5.416
-3.461
-1.386
0.639
2.303
3.095
2.725
1.194
-1.525
-5.471
-10.532
-16.56
-22.861
-28.043
-31.176
-31.924
-30.112
-25.889
-19.497
-11.104
-1.927
5.47
8.953
7.034
-1.25
-15.822
-36.328
-62.341
-91.782
-120.425
-143.641
-156.727
-155.037
-135.05
-93.692
-27.695
63.178
174.282
299.533
431.563
564.595
699.944
838.358
973.71
1094.7
1179.879
1204.777
1158.63
1040.59
861.521
647.564
422.483
210.503
37.303
-85.463
-153.356
-172.908
-162.977
-139.445
-115.993
-97.904
-83.433
-71.823
-58.389
-42.261
-24.302
-3.179
16.67
32.092
42.343
45.994
45.59
43.646
40.403
36.373
31.691
26.934
23.462
21.926
22.253
24.128
27.17
31.168
35.756
40.101
43.414
45.304
45.702
44.855
43.112
40.717
38.022
35.518
33.553
32.321
31.894
32.193
33.135
34.678
36.743
39.232
42.082
45.238
48.663
52.339
56.21
60.202
64.236
68.248
72.205
76.09
79.899
83.632
87.298
90.92
94.529
98.152
101.805
105.504
109.257
113.083
117.006
121.048
125.236
129.589
134.118
138.834
143.751
148.885
154.25
159.846
165.657
171.663
177.848
184.2
190.702
197.332
204.055
210.845
217.695
224.614
231.611
238.68
245.792
252.903
259.968
266.962
273.88
280.721
287.468
294.105
300.624
307.04
313.383
319.647
325.775
331.664
337.212
342.351
347.039
351.257
354.978
358.154
360.73
362.658
363.912
364.464
364.263
363.226
361.256
358.317
354.442
349.73
344.275
338.137
331.357
323.969
316.024
307.588
298.72
289.46
279.837
269.895
259.708
249.387
239.049
228.767
218.559
208.4
198.275
188.194
178.177
168.244
158.398
148.643
139.002
129.519
120.242
111.199
102.402
93.836
85.489
77.369
69.503
61.931
54.687
47.791
41.263
35.121
29.39
24.088
19.216
14.762
10.71
7.053
3.79
0.922
-1.554
-3.644
-5.362
-6.721
-7.733
-8.411
-8.771
-8.831
-8.61
-8.126
-7.391
-6.419
-5.219
-3.806
-2.196
-0.402
1.56
3.679
5.938
8.322
10.816
13.406
16.078
18.821
21.622
24.468
27.347
30.247
33.155
36.061
38.953
41.818
44.645
47.423
50.14
52.786
55.35
57.822
60.189
62.443
64.574
66.571
68.426
70.13
71.675
73.053
74.258
75.283
76.122
76.769
77.22
77.469
77.514
77.351
76.976
76.388
75.585
74.565
73.33
71.88
70.217
68.342
66.26
63.975
61.491
58.815
55.953
52.912
49.701
46.33
42.806
39.142
35.346
31.432
27.408
23.287
19.079
14.795
10.447
6.044
1.597
-2.882
-7.384
-11.897
-16.411
-20.917
-25.403
-29.861
-34.28
-38.654
-42.972
-47.229
-51.416
-55.528
-59.557
-63.499
-67.35
-71.105
-74.761
-78.316
-81.769
-85.119
-88.366
-91.511
-94.554
-97.499
-100.346
-103.098
-105.756
-108.323
-110.802
-113.194
-115.504
-117.734
-119.888
-121.969
-123.982
-125.93
-127.817
-129.647
-131.425
-133.154
-134.84
-136.486
-138.098
-139.679
-141.235
-142.769
-144.287
-145.792
-147.288
-148.779
-150.268
-151.757
-153.25
-154.747
-156.253
-157.768
-159.296
-160.837
-162.395
-163.971
-165.568
-167.187
-168.831
-170.501
-172.199
-173.927
-175.686
-177.478
-179.305
-181.168
-183.068
-185.006
-186.984
-189.001
-191.057
-193.154
-195.29
-197.466
-199.682
-201.935
-204.228
-206.558
-208.926
-211.332
-213.775
-216.255
-218.771
-221.323
-223.91
-226.531
-229.186
-231.872
-234.59
-237.338
-240.114
-242.917
-245.744
-248.593
-251.464
-254.351
-257.254
-260.169
-263.094
-266.025
-268.958
-271.892
-274.822
-277.745
-280.656
-283.553
-286.431
-289.285
-292.111
-294.903
-297.657
-300.366
-303.026
-305.629
-308.169
-310.639
-313.032
-315.34
-317.556
-319.671
-321.677
-323.566
-325.328
-326.957
-328.442
-329.776
-330.95
-331.955
-332.784
-333.429
-333.881
-334.132
-334.176
-334.005
-333.613
-332.995
-332.146
-331.061
-329.736
-328.168
-326.355
-324.298
-321.994
-319.446
-316.657
-313.629
-310.369
-306.883
-303.179
-299.267
-295.16
-290.872
-286.419
-281.819
-277.089
-272.249
-267.321
-262.324
-257.279
-252.205
-247.122
-242.051
-237.014
-232.032
-227.129
-222.327
-217.648
-213.111
-208.734
-204.534
-200.519
-196.699
-193.081
-189.677
-186.506
-183.585
-180.93
-178.552
-176.459
-174.652
-173.119
-171.836
-170.762
-169.857
-169.077
-168.385
-167.752
-167.148
-166.537
-165.873
-165.093
-164.135
-162.938
-161.453
-159.631
-157.45
-154.93
-152.134
-149.173
-146.155
-143.161
-140.262
-137.55
-135.132
-133.134
-131.704
-130.94
-130.983
-132.075
-134.335
-137.74
-142.015
-146.493
-150.405
-153.099
-153.846
-151.857
-146.721
-138.427
-127.714
-116.364
-106.274
-99.045
-96.134
-98.644
-106.875
-120.084
-135.821
-149.803
-157.29
-153.347
-133.063
-92.103
-26.657
63.427
173.065
295.476
422.68
550.911
685.241
826.924
970.4
1101.107
1186.57
1197.791
1121.422
958.124
736.715
497.237
272.621
92.354
-33.944
-112.283
-149.977
-162.051
-158.399
-143.41
-124.891
-105.577
-89.702
-80.114
-72.071
-62.313
-47.365
-27.254
-8.544
4.322
9.043
6.098
-0.142
-7.103
-13.74
-18.875
-22.392
-23.798
-22.323
-18.175
-12.042
-4.514
3.593
11.261
17.874
22.91
25.987
27.209
26.822
25.082
22.468
19.57
16.799
14.497
12.87
11.919
11.659
12.1
13.182
14.832
16.984
19.569
22.557
25.941
29.686
33.743
38.038
42.484
47.004
51.531
56.017
60.437
64.773
69.019
73.187
77.29
81.354
85.412
89.485
93.59
97.747
101.973
106.295
110.736
115.316
120.053
124.963
130.06
135.367
140.897
146.647
152.608
158.76
165.07
171.513
178.062
184.677
191.33
198.003
204.686
211.394
218.144
224.932
231.742
238.538
245.282
251.961
258.568
265.097
271.564
277.98
284.359
290.752
297.179
303.618
310.022
316.289
322.296
327.959
333.209
338
342.298
346.045
349.181
351.662
353.423
354.397
354.508
353.633
351.684
348.644
344.529
339.43
333.477
326.762
319.363
311.359
302.807
293.779
284.349
274.565
264.489
254.198
243.789
233.4
223.152
213.111
203.314
193.751
184.376
175.173
166.134
157.24
148.497
139.907
131.479
123.245
115.238
107.473
99.949
92.644
85.534
78.619
71.915
65.446
59.257
53.374
47.82
42.626
37.807
33.371
29.318
25.633
22.291
19.279
16.582
14.192
12.103
10.302
8.769
7.488
6.438
5.596
4.942
4.451
4.1
3.87
3.745
3.711
3.759
3.876
4.052
4.275
4.535
4.821
5.123
5.429
5.73
6.016
6.281
6.517
6.722
6.889
7.018
7.104
7.148
7.149
7.107
7.021
6.894
6.726
6.52
6.277
6
5.69
5.351
4.984
4.592
4.176
3.739
3.281
2.805
2.31
1.799
1.272
0.73
0.175
-0.393
-0.971
-1.559
-2.155
-2.756
-3.363
-3.974
-4.587
-5.203
-5.82
-6.437
-7.055
-7.671
-8.287
-8.9
-9.51
-10.116
-10.718
-11.314
-11.903
-12.483
-13.054
-13.612
-14.156
-14.684
-15.192
-15.679
-16.142
-16.58
-16.989
-17.368
-17.717
-18.033
-18.315
-18.563
-18.777
-18.956
-19.1
-19.211
-19.288
-19.333
-19.347
-19.331
-19.287
-19.218
-19.124
-19.008
-18.872
-18.718
-18.55
-18.37
-18.18
-17.986
-17.789
-17.595
-17.407
-17.231
-17.069
-16.928
-16.81
-16.721
-16.664
-16.643
-16.661
-16.722
-16.829
-16.983
-17.188
-17.446
-17.758
-18.125
-18.548
-19.028
-19.565
-20.159
-20.81
-21.518
-22.281
-23.102
-23.977
-24.908
-25.894
-26.933
-28.024
-29.166
-30.357
-31.595
-32.877
-34.201
-35.565
-36.965
-38.4
-39.866
-41.362
-42.885
-44.431
-46
-47.59
-49.197
-50.82
-52.457
-54.107
-55.769
-57.442
-59.125
-60.816
-62.516
-64.223
-65.937
-67.656
-69.38
-71.106
-72.834
-74.562
-76.288
-78.013
-79.734
-81.45
-83.162
-84.868
-86.567
-88.26
-89.944
-91.62
-93.285
-94.939
-96.581
-98.208
-99.819
-101.413
-102.988
-104.541
-106.07
-107.573
-109.047
-110.487
-111.892
-113.256
-114.576
-115.848
-117.069
-118.234
-119.34
-120.384
-121.361
-122.269
-123.103
-123.86
-124.534
-125.123
-125.621
-126.024
-126.327
-126.526
-126.618
-126.599
-126.466
-126.217
-125.849
-125.361
-124.751
-124.02
-123.165
-122.187
-121.088
-119.871
-118.538
-117.095
-115.546
-113.899
-112.166
-110.356
-108.482
-106.554
-104.586
-102.591
-100.583
-98.581
-96.599
-94.654
-92.76
-90.933
-89.191
-87.554
-86.04
-84.66
-83.425
-82.343
-81.426
-80.685
-80.129
-79.762
-79.582
-79.591
-79.797
-80.213
-80.846
-81.704
-82.782
-84.073
-85.566
-87.248
-89.1
-91.091
-93.19
-95.354
-97.538
-99.711
-101.845
-103.916
-105.905
-107.765
-109.431
-110.836
-111.905
-112.621
-113.029
-113.158
-113.009
-112.656
-112.232
-112.037
-112.575
-114.146
-116.782
-120.451
-125.104
-130.713
-137.208
-143.996
-149.792
-153.513
-154.591
-152.893
-148.665
-141.976
-132.854
-122.246
-112.386
-105.735
-104.294
-109.091
-120.074
-137.267
-160.519
-188.315
-217.15
-242.114
-257.911
-260.109
-245.262
-209.64
-149.877
-63.76
46.716
174.255
310.44
446.808
579.932
713.943
849.264
980.097
1091.82
1155.077
1145.508
1053.322
883.092
663.611
428.828
206.311
18.981
-125.813
-224.72
-276.735
-288.102
-264
-219.204
-171.068
-130.429
-107.928
-100.286
-96.67
-91.331
-77.684
-58.123
-41.96
-32.649
-32.076
-39.08
-48.342
-57.561
-66.087
-72.543
-76.626
-78.305
-77.258
-73.93
-69.239
-63.669
-57.767
-52.558
-48.754
-46.685
-46.54
-48.087
-50.913
-54.765
-59.271
-63.86
-68.125
-71.804
-74.743
-76.976
-78.553
-79.464
-79.756
-79.51
-78.785
-77.643
-76.122
-74.227
-71.988
-69.464
-66.723
-63.843
-60.893
-57.91
-54.917
-51.922
-48.925
-45.917
-42.879
-39.783
-36.599
-33.302
-29.868
-26.28
-22.517
-18.554
-14.366
-9.924
-5.208
-0.199
5.116
10.744
16.692
22.961
29.55
36.454
43.663
51.171
58.966
67.039
75.375
83.959
92.771
101.788
110.988
120.344
129.825
139.4
149.035
158.694
168.339
177.932
187.433
196.802
205.997
214.977
223.7
232.126
240.213
247.924
255.219
262.061
268.416
274.25
279.532
284.235
288.331
291.8
294.621
296.777
298.255
299.046
299.143
298.543
297.247
295.259
292.586
289.24
285.236
280.592
275.33
269.474
263.052
256.094
248.633
240.704
232.342
223.587
214.478
205.056
195.363
185.44
175.331
165.078
154.723
144.308
133.875
123.463
113.11
102.856
92.733
82.778
73.021
63.492
54.219
45.226
36.537
28.171
20.146
12.477
5.175
-1.75
-8.292
-14.446
-20.211
-25.589
-30.582
-35.196
-39.439
-43.322
-46.854
-50.051
-52.926
-55.497
-57.78
-59.795
-61.56
-63.097
-64.424
-65.564
-66.536
-67.362
-68.062
-68.657
-69.166
-69.609
-70.004
-70.368
-70.719
-71.071
-71.439
-71.837
-72.274
-72.763
-73.311
-73.927
-74.616
-75.382
-76.23
-77.161
-78.176
-79.274
-80.453
-81.711
-83.043
-84.444
-85.908
-87.428
-88.997
-90.606
-92.248
-93.914
-95.594
-97.279
-98.96
-100.627
-102.271
-103.884
-105.455
-106.977
-108.442
-109.843
-111.172
-112.424
-113.595
-114.678
-115.672
-116.573
-117.38
-118.091
-118.706
-119.225
-119.651
-119.985
-120.231
-120.391
-120.471
-120.476
-120.41
-120.281
-120.093
-119.853
-119.568
-119.245
-118.89
-118.51
-118.112
-117.703
-117.289
-116.876
-116.471
-116.079
-115.704
-115.351
-115.024
-114.726
-114.459
-114.225
-114.024
-113.857
-113.723
-113.621
-113.549
-113.504
-113.483
-113.482
-113.495
-113.518
-113.545
-113.57
-113.587
-113.588
-113.568
-113.52
-113.437
-113.312
-113.14
-112.914
-112.628
-112.275
-111.851
-111.35
-110.768
-110.1
-109.342
-108.492
-107.548
-106.508
-105.371
-104.137
-102.808
-101.385
-99.87
-98.267
-96.579
-94.812
-92.971
-91.061
-89.091
-87.066
-84.996
-82.888
-80.75
-78.591
-76.42
-74.244
-72.073
-69.915
-67.779
-65.673
-63.604
-61.582
-59.613
-57.706
-55.867
-54.103
-52.422
-50.828
-49.327
-47.923
-46.622
-45.426
-44.339
-43.362
-42.497
-41.746
-41.107
-40.581
-40.166
-39.86
-39.662
-39.568
-39.575
-39.679
-39.876
-40.163
-40.536
-40.989
-41.519
-42.122
-42.793
-43.528
-44.322
-45.169
-46.065
-47.005
-47.982
-48.993
-50.029
-51.087
-52.159
-53.241
-54.325
-55.408
-56.481
-57.541
-58.58
-59.594
-60.577
-61.524
-62.428
-63.284
-64.087
-64.833
-65.515
-66.129
-66.669
-67.129
-67.503
-67.786
-67.97
-68.051
-68.02
-67.872
-67.601
-67.202
-66.669
-65.999
-65.188
-64.232
-63.132
-61.884
-60.489
-58.947
-57.257
-55.422
-53.445
-51.331
-49.084
-46.711
-44.22
-41.623
-38.934
-36.166
-33.333
-30.45
-27.531
-24.596
-21.664
-18.755
-15.89
-13.088
-10.37
-7.76
-5.282
-2.959
-0.808
1.157
2.925
4.482
5.818
6.921
7.785
8.41
8.792
8.923
8.798
8.411
7.76
6.849
5.69
4.294
2.679
0.865
-1.124
-3.258
-5.501
-7.811
-10.154
-12.498
-14.817
-17.093
-19.295
-21.367
-23.251
-24.885
-26.222
-27.286
-28.101
-28.641
-28.964
-29.228
-29.663
-30.715
-32.816
-36.059
-40.476
-46.132
-52.799
-60.135
-67.607
-73.957
-77.759
-78.268
-75.037
-67.916
-57.506
-44.552
-29.993
-15.946
-5.489
-1.269
-5.076
-18.041
-38.616
-63.193
-90.587
-119.207
-147.402
-176.82
-201.297
-208.562
-187.755
-125.252
-18.482
119.362
272.445
423.325
560.662
688.877
817.078
947.121
1073.963
1176.209
1221.355
1189.813
1074.359
888.14
666.133
440.852
240.183
82.215
-30.834
-102.657
-141.474
-159.223
-166.39
-168.346
-166.551
-159.41
-143.601
-120.525
-94.527
-69.236
-48.582
-34.088
-25.029
-21.035
-21.28
-24.347
-28.894
-33.934
-38.513
-41.764
-43.323
-42.714
-39.652
-34.507
-27.876
-20.311
-12.566
-5.51
0.358
4.614
7.004
7.675
6.846
4.798
2.018
-0.915
-3.573
-5.655
-6.998
-7.607
-7.482
-6.619
-5.083
-2.966
-0.358
2.673
6.09
9.88
14.011
18.412
22.998
27.673
32.351
36.98
41.532
45.987
50.34
54.597
58.774
62.901
67.013
71.136
75.289
79.491
83.758
88.115
92.592
97.217
102.015
107.005
112.2
117.611
123.247
129.108
135.194
141.499
148.013
154.727
161.635
168.726
175.987
183.405
190.96
198.633
206.402
214.241
222.123
230.016
237.887
245.702
253.426
261.02
268.446
275.667
282.641
289.331
295.696
301.698
307.299
312.462
317.152
321.334
324.978
328.054
330.536
332.4
333.625
334.194
334.094
333.313
331.844
329.685
326.834
323.295
319.077
314.19
308.648
302.471
295.681
288.304
280.369
271.909
262.957
253.553
243.736
233.548
223.033
212.235
201.201
189.977
178.61
167.147
155.636
144.123
132.651
121.266
110.01
98.922
88.042
77.406
67.048
56.999
47.288
37.942
28.984
20.434
12.312
4.63
-2.6
-9.369
-15.672
-21.507
-26.874
-31.776
-36.22
-40.214
-43.769
-46.898
-49.617
-51.942
-53.891
-55.485
-56.746
-57.694
-58.352
-58.744
-58.892
-58.819
-58.549
-58.103
-57.503
-56.771
-55.928
-54.993
-53.986
-52.925
-51.826
-50.706
-49.58
-48.46
-47.36
-46.289
-45.257
-44.274
-43.344
-42.476
-41.672
-40.938
-40.274
-39.684
-39.168
-38.725
-38.354
-38.055
-37.824
-37.661
-37.562
-37.525
-37.548
-37.628
-37.763
-37.951
-38.191
-38.479
-38.815
-39.197
-39.624
-40.094
-40.608
-41.163
-41.761
-42.4
-43.082
-43.806
-44.574
-45.385
-46.242
-47.144
-48.094
-49.093
-50.141
-51.24
-52.391
-53.596
-54.856
-56.172
-57.544
-58.974
-60.461
-62.005
-63.605
-65.26
-66.969
-68.73
-70.54
-72.397
-74.299
-76.242
-78.225
-80.242
-82.292
-84.37
-86.474
-88.598
-90.739
-92.894
-95.058
-97.227
-99.397
-101.564
-103.725
-105.875
-108.011
-110.129
-112.224
-114.294
-116.335
-118.342
-120.314
-122.247
-124.139
-125.987
-127.788
-129.542
-131.246
-132.9
-134.501
-136.048
-137.541
-138.978
-140.358
-141.679
-142.943
-144.146
-145.289
-146.37
-147.39
-148.346
-149.239
-150.067
-150.831
-151.529
-152.161
-152.727
-153.226
-153.659
-154.026
-154.326
-154.56
-154.729
-154.832
-154.871
-154.845
-154.756
-154.603
-154.388
-154.112
-153.776
-153.38
-152.926
-152.416
-151.85
-151.231
-150.561
-149.842
-149.075
-148.265
-147.413
-146.522
-145.595
-144.637
-143.649
-142.635
-141.598
-140.541
-139.469
-138.382
-137.285
-136.181
-135.072
-133.961
-132.85
-131.741
-130.637
-129.538
-128.447
-127.364
-126.289
-125.224
-124.169
-123.124
-122.089
-121.063
-120.046
-119.036
-118.033
-117.035
-116.038
-115.04
-114.038
-113.028
-112.006
-110.968
-109.91
-108.826
-107.713
-106.566
-105.378
-104.146
-102.863
-101.523
-100.121
-98.652
-97.111
-95.493
-93.795
-92.013
-90.144
-88.187
-86.14
-84.001
-81.77
-79.446
-77.029
-74.522
-71.925
-69.241
-66.474
-63.63
-60.72
-57.753
-54.739
-51.691
-48.618
-45.536
-42.459
-39.405
-36.385
-33.413
-30.501
-27.664
-24.921
-22.289
-19.782
-17.411
-15.183
-13.107
-11.196
-9.461
-7.904
-6.525
-5.321
-4.295
-3.462
-2.841
-2.442
-2.273
-2.332
-2.617
-3.13
-3.864
-4.797
-5.897
-7.124
-8.435
-9.793
-11.167
-12.529
-13.851
-15.093
-16.2
-17.098
-17.715
-18.006
-17.958
-17.61
-16.987
-16.062
-14.908
-13.749
-12.959
-12.968
-14.016
-16.038
-18.979
-23.052
-28.343
-34.606
-41.02
-46.301
-49.574
-50.768
-50.074
-47.325
-42.423
-35.753
-28.859
-24.43
-24.764
-30.935
-43.085
-61.295
-85.408
-114.42
-145.457
-173.592
-193.483
-200.619
-191.459
-162.679
-111.387
-35.493
63.587
179.804
305.984
434.295
560.412
686.226
810.94
929.534
1031.27
1093.332
1095.36
1027.81
890.145
701.39
489.406
278.618
93.645
-51.58
-154.357
-214.681
-239.344
-237.447
-214.359
-178.674
-140.937
-108.719
-90.839
-88.952
-95.142
-102.941
-105.412
-100.627
-94.194
-88.866
-85.68
-83.728
-79.354
-71.449
-60.77
-48.298
-35.539
-23.436
-12.462
-3.296
3.634
8.291
10.836
11.553
10.633
8.225
4.549
-0.079
-5.255
-10.639
-15.982
-21.071
-25.74
-29.851
-33.278
-35.956
-37.878
-39.048
-39.486
-39.194
-38.131
-36.299
-33.749
-30.569
-26.911
-22.912
-18.675
-14.308
-9.89
-5.475
-1.111
3.197
7.479
11.758
16.056
20.38
24.708
29.04
33.4
37.82
42.354
47.047
51.925
57.023
62.374
68
73.909
80.09
86.517
93.172
100.052
107.158
114.486
122.017
129.716
137.556
145.508
153.541
161.613
169.67
177.662
185.558
193.349
201.032
208.589
215.988
223.174
230.096
236.727
243.058
249.083
254.777
260.106
265.055
269.639
273.897
277.84
281.438
284.621
287.326
289.529
291.222
292.411
293.077
293.166
292.613
291.36
289.384
286.675
283.198
278.879
273.624
267.391
260.19
252.08
243.104
233.259
222.544
210.982
198.649
185.672
172.193
158.352
144.255
130.004
115.721
101.559
87.68
74.2
61.2
48.73
36.869
25.741
15.451
6.063
-2.424
-10.062
-16.92
-23.082
-28.611
-33.567
-38.022
-42.049
-45.72
-49.083
-52.172
-55.015
-57.67
-60.232
-62.78
-65.37
-68.011
-70.683
-73.35
-75.959
-78.47
-80.845
-83.052
-85.074
-86.905
-88.553
-90.032
-91.357
-92.529
-93.527
-94.339
-94.956
-95.388
-95.659
-95.801
-95.856
-95.863
-95.861
-95.88
-95.939
-96.048
-96.211
-96.426
-96.686
-96.989
-97.337
-97.732
-98.179
-98.676
-99.221
-99.806
-100.421
-101.053
-101.691
-102.322
-102.936
-103.526
-104.086
-104.614
-105.108
-105.567
-105.991
-106.377
-106.721
-107.023
-107.278
-107.485
-107.641
-107.747
-107.801
-107.805
-107.762
-107.673
-107.542
-107.372
-107.165
-106.924
-106.652
-106.351
-106.027
-105.68
-105.316
-104.938
-104.55
-104.156
-103.761
-103.369
-102.983
-102.606
-102.243
-101.896
-101.567
-101.259
-100.973
-100.711
-100.473
-100.261
-100.076
-99.918
-99.786
-99.68
-99.599
-99.541
-99.505
-99.488
-99.488
-99.503
-99.53
-99.569
-99.616
-99.669
-99.728
-99.789
-99.851
-99.913
-99.971
-100.025
-100.071
-100.109
-100.137
-100.153
-100.156
-100.145
-100.119
-100.077
-100.019
-99.942
-99.848
-99.736
-99.607
-99.46
-99.297
-99.12
-98.929
-98.728
-98.518
-98.301
-98.08
-97.856
-97.632
-97.41
-97.191
-96.977
-96.769
-96.57
-96.381
-96.204
-96.04
-95.89
-95.756
-95.639
-95.539
-95.456
-95.39
-95.341
-95.308
-95.292
-95.291
-95.305
-95.331
-95.37
-95.418
-95.474
-95.533
-95.593
-95.648
-95.695
-95.729
-95.746
-95.742
-95.712
-95.652
-95.559
-95.428
-95.257
-95.042
-94.78
-94.466
-94.099
-93.677
-93.199
-92.663
-92.071
-91.424
-90.729
-89.992
-89.216
-88.41
-87.58
-86.733
-85.883
-85.037
-84.201
-83.384
-82.591
-81.834
-81.126
-80.48
-79.904
-79.404
-78.986
-78.656
-78.428
-78.307
-78.294
-78.386
-78.577
-78.874
-79.3
-79.871
-80.597
-81.485
-82.529
-83.727
-85.081
-86.577
-88.187
-89.873
-91.59
-93.3
-94.975
-96.596
-98.146
-99.59
-100.882
-101.955
-102.733
-103.171
-103.253
-102.98
-102.406
-101.561
-100.414
-99.11
-97.933
-97.148
-97.085
-97.866
-99.277
-101.382
-104.566
-108.815
-113.807
-118.963
-123.144
-125.791
-127.222
-127.274
-125.362
-121.411
-115.68
-109.308
-104.727
-103.632
-106.442
-113.698
-125.876
-142.859
-164.059
-187.197
-207.938
-221.785
-224.96
-214.186
-186.396
-138.857
-69.544
21.952
131.413
250.414
371.184
486.578
595.381
703.26
808.396
903.15
970.856
983.96
929.519
808.113
631.48
429.405
225.649
37.396
-117.286
-232.917
-306.634
-336.713
-332.656
-303.125
-257.565
-210.018
-168.355
-139.106
-124.506
-117.579
-112.856
-105.84
-96.085
-89.061
-87.136
-90.309
-96.225
-100.416
-101.274
-98.68
-92.529
-83.723
-72.993
-61.139
-49.816
-40.073
-32.146
-26.18
-22.145
-19.934
-19.512
-20.544
-22.314
-24.29
-26.138
-27.598
-28.603
-29.076
-28.891
-28.03
-26.54
-24.466
-21.876
-18.829
-15.334
-11.426
-7.154
-2.565
2.257
7.227
12.263
17.278
22.218
27.046
31.736
36.275
40.663
44.914
49.059
53.139
57.183
61.218
65.27
69.366
73.538
77.817
82.229
86.801
91.559
96.532
101.743
107.201
112.907
118.857
125.038
131.432
138.013
144.733
151.553
158.431
165.342
172.286
179.253
186.231
193.205
200.153
207.071
213.985
220.903
227.829
234.77
241.73
248.746
255.896
263.234
270.792
278.566
286.502
294.548
302.658
310.756
318.755
326.531
333.914
340.77
347
352.494
357.155
360.845
363.375
364.602
364.427
362.79
359.692
355.137
349.131
341.738
333.06
323.246
312.494
300.963
288.765
276.026
262.866
249.433
235.925
222.494
209.248
196.284
183.666
171.456
159.722
148.48
137.707
127.353
117.339
107.619
98.184
89.021
80.118
71.456
62.994
54.716
46.636
38.757
31.087
23.632
16.384
9.364
2.61
-3.835
-9.923
-15.625
-20.931
-25.835
-30.332
-34.427
-38.121
-41.431
-44.386
-47.008
-49.317
-51.332
-53.068
-54.549
-55.803
-56.861
-57.748
-58.489
-59.107
-59.62
-60.05
-60.414
-60.723
-60.989
-61.219
-61.422
-61.608
-61.787
-61.966
-62.153
-62.354
-62.575
-62.82
-63.092
-63.393
-63.723
-64.079
-64.461
-64.864
-65.286
-65.721
-66.164
-66.611
-67.054
-67.487
-67.906
-68.303
-68.673
-69.009
-69.308
-69.564
-69.773
-69.932
-70.039
-70.09
-70.086
-70.025
-69.907
-69.733
-69.503
-69.22
-68.886
-68.503
-68.074
-67.602
-67.092
-66.548
-65.975
-65.379
-64.763
-64.136
-63.502
-62.868
-62.242
-61.629
-61.037
-60.473
-59.942
-59.452
-59.007
-58.615
-58.279
-58.005
-57.797
-57.659
-57.593
-57.604
-57.692
-57.859
-58.106
-58.433
-58.841
-59.327
-59.891
-60.531
-61.244
-62.028
-62.881
-63.798
-64.777
-65.814
-66.905
-68.044
-69.229
-70.453
-71.711
-72.998
-74.309
-75.636
-76.976
-78.321
-79.667
-81.007
-82.335
-83.647
-84.937
-86.199
-87.427
-88.618
-89.766
-90.866
-91.914
-92.906
-93.838
-94.705
-95.505
-96.233
-96.886
-97.461
-97.953
-98.361
-98.679
-98.907
-99.042
-99.079
-99.019
-98.858
-98.596
-98.23
-97.76
-97.182
-96.498
-95.705
-94.803
-93.792
-92.672
-91.442
-90.103
-88.655
-87.099
-85.437
-83.67
-81.798
-79.824
-77.749
-75.579
-73.315
-70.962
-68.524
-66.007
-63.416
-60.759
-58.043
-55.274
-52.46
-49.611
-46.735
-43.841
-40.939
-38.04
-35.157
-32.303
-29.495
-26.747
-24.075
-21.497
-19.03
-16.69
-14.491
-12.447
-10.569
-8.869
-7.357
-6.05
-4.959
-4.094
-3.467
-3.085
-2.954
-3.081
-3.468
-4.107
-4.992
-6.119
-7.49
-9.123
-11.031
-13.217
-15.684
-18.426
-21.431
-24.684
-28.155
-31.786
-35.52
-39.299
-43.071
-46.805
-50.461
-53.985
-57.305
-60.33
-62.977
-65.188
-66.917
-68.136
-68.842
-69.059
-68.855
-68.349
-67.673
-66.968
-66.379
-66.031
-66.055
-66.591
-67.825
-70.029
-73.422
-78.05
-83.75
-90.164
-96.812
-103.197
-108.72
-112.564
-113.989
-112.695
-109.125
-104.274
-99.436
-96.207
-95.843
-99.402
-108.184
-120.999
-135.057
-148.826
-158.526
-162.745
-160.925
-144.628
-106.914
-40.215
60.092
183.14
317.867
453.011
581.523
711.687
843.865
971.749
1080.602
1137.286
1122.641
1030.232
864.876
659.474
443.408
242.294
83.678
-30.334
-103.606
-141.927
-165.449
-179.481
-182.062
-177.562
-160.495
-134.049
-110.006
-88.578
-71.923
-60.384
-48.181
-37.995
-33.009
-32.963
-38.434
-46.336
-53.277
-58.251
-60.824
-61.225
-59.403
-55.215
-49.119
-41.888
-34.578
-28.236
-23.257
-19.79
-18.116
-18.247
-20.057
-23.341
-27.573
-32.132
-36.632
-40.783
-44.378
-47.372
-49.71
-51.331
-52.283
-52.641
-52.468
-51.837
-50.788
-49.326
-47.487
-45.321
-42.9
-40.314
-37.649
-34.979
-32.355
-29.803
-27.344
-24.983
-22.714
-20.52
-18.373
-16.235
-14.082
-11.894
-9.65
-7.33
-4.906
-2.346
0.378
3.289
6.406
9.745
13.318
17.134
21.199
25.513
30.073
34.873
39.91
45.179
50.675
56.389
62.313
68.432
74.733
81.201
87.815
94.554
101.394
108.308
115.267
122.242
129.201
136.113
142.943
149.658
156.222
162.601
168.761
174.667
180.285
185.584
190.531
195.098
199.256
202.979
206.244
209.029
211.314
213.084
214.324
215.023
215.171
214.762
213.793
212.263
210.175
207.534
204.347
200.627
196.387
191.645
186.419
180.732
174.608
168.073
161.156
153.886
146.295
138.415
130.279
121.921
113.376
104.677
95.86
86.957
78.003
69.03
60.069
51.151
42.306
33.561
24.945
16.481
8.195
0.107
-7.76
-15.39
-22.765
-29.87
-36.693
-43.222
-49.45
-55.368
-60.972
-66.259
-71.228
-75.878
-80.214
-84.238
-87.957
-91.377
-94.507
-97.355
-99.932
-102.249
-104.318
-106.151
-107.76
-109.159
-110.362
-111.382
-112.232
-112.928
-113.482
-113.909
-114.221
-114.433
-114.556
-114.603
-114.585
-114.515
-114.403
-114.258
-114.091
-113.911
-113.724
-113.539
-113.361
-113.197
-113.05
-112.925
-112.825
-112.751
-112.705
-112.689
-112.702
-112.744
-112.815
-112.912
-113.033
-113.177
-113.341
-113.52
-113.71
-113.909
-114.11
-114.31
-114.503
-114.684
-114.848
-114.989
-115.101
-115.18
-115.22
-115.214
-115.159
-115.048
-114.877
-114.64
-114.334
-113.954
-113.496
-112.958
-112.336
-111.629
-110.833
-109.947
-108.971
-107.902
-106.741
-105.487
-104.14
-102.701
-101.171
-99.551
-97.843
-96.05
-94.175
-92.22
-90.188
-88.084
-85.911
-83.675
-81.378
-79.027
-76.626
-74.181
-71.697
-69.18
-66.636
-64.07
-61.489
-58.898
-56.302
-53.709
-51.122
-48.548
-45.993
-43.461
-40.958
-38.49
-36.062
-33.681
-31.35
-29.077
-26.866
-24.723
-22.653
-20.661
-18.752
-16.93
-15.202
-13.571
-12.041
-10.616
-9.301
-8.099
-7.013
-6.046
-5.201
-4.481
-3.887
-3.421
-3.086
-2.883
-2.813
-2.878
-3.079
-3.415
-3.887
-4.496
-5.241
-6.12
-7.132
-8.275
-9.546
-10.943
-12.461
-14.097
-15.846
-17.702
-19.661
-21.715
-23.859
-26.086
-28.388
-30.758
-33.189
-35.673
-38.204
-40.772
-43.371
-45.991
-48.626
-51.266
-53.904
-56.529
-59.134
-61.709
-64.245
-66.735
-69.169
-71.538
-73.834
-76.05
-78.177
-80.209
-82.137
-83.956
-85.659
-87.241
-88.698
-90.025
-91.22
-92.28
-93.203
-93.989
-94.638
-95.149
-95.524
-95.763
-95.868
-95.843
-95.691
-95.415
-95.021
-94.517
-93.914
-93.222
-92.454
-91.623
-90.744
-89.832
-88.901
-87.966
-87.039
-86.129
-85.25
-84.415
-83.64
-82.941
-82.331
-81.824
-81.432
-81.167
-81.042
-81.061
-81.221
-81.521
-81.964
-82.559
-83.331
-84.303
-85.488
-86.896
-88.533
-90.397
-92.482
-94.761
-97.185
-99.7
-102.255
-104.806
-107.33
-109.793
-112.151
-114.337
-116.269
-117.871
-119.085
-119.869
-120.192
-120.044
-119.452
-118.489
-117.269
-115.936
-114.641
-113.51
-112.687
-112.325
-112.559
-113.614
-115.773
-119.209
-123.975
-129.968
-136.791
-143.935
-150.887
-156.908
-161.121
-162.901
-161.984
-158.637
-153.915
-149.528
-147.057
-147.875
-153.633
-163.897
-177.382
-193.945
-210.487
-225.549
-237.948
-238.745
-220.637
-175.433
-94.336
16.5
146.863
286.847
423.349
555.592
689.917
825.473
957.521
1071.254
1138.202
1137.168
1059.93
910.164
712.539
496.507
286.517
103.731
-42.428
-146.834
-207.354
-226.431
-207.668
-163.528
-109.529
-62.066
-36.338
-34.211
-49.082
-68.608
-79.96
-79.985
-72.27
-63.692
-59.439
-59.263
-59.953
-58.088
-52.497
-44.064
-34.231
-24.268
-14.822
-6.338
0.589
5.608
8.723
10.11
10.088
8.924
6.779
3.876
0.489
-3.128
-6.742
-10.155
-13.199
-15.732
-17.647
-18.877
-19.394
-19.195
-18.301
-16.76
-14.639
-12.01
-8.936
-5.48
-1.699
2.332
6.531
10.811
15.091
19.316
23.452
27.481
31.396
35.202
38.914
42.56
46.179
49.801
53.447
57.137
60.889
64.724
68.665
72.734
76.95
81.329
85.881
90.616
95.539
100.651
105.95
111.428
117.076
122.883
128.842
134.941
141.168
147.508
153.944
160.459
167.032
173.641
180.259
186.86
193.413
199.889
206.255
212.479
218.527
224.366
229.963
235.283
240.294
244.963
249.258
253.149
256.608
259.606
262.12
264.126
265.603
266.534
266.903
266.699
265.914
264.539
262.574
260.017
256.874
253.15
248.856
244.005
238.613
232.7
226.288
219.403
212.074
204.329
196.203
187.73
178.947
169.892
160.603
151.122
141.488
131.743
121.928
112.083
102.248
92.463
82.767
73.196
63.787
54.573
45.587
36.859
28.418
20.289
12.497
5.063
-1.995
-8.659
-14.917
-20.756
-26.168
-31.147
-35.688
-39.791
-43.456
-46.688
-49.491
-51.874
-53.846
-55.42
-56.609
-57.429
-57.895
-58.026
-57.839
-57.354
-56.592
-55.573
-54.317
-52.846
-51.182
-49.344
-47.356
-45.236
-43.006
-40.684
-38.29
-35.843
-33.36
-30.857
-28.35
-25.854
-23.384
-20.951
-18.569
-16.248
-13.998
-11.827
-9.743
-7.752
-5.861
-4.072
-2.39
-0.817
0.646
1.998
3.238
4.367
5.386
6.297
7.101
7.803
8.404
8.908
9.319
9.641
9.876
10.03
10.105
10.107
10.039
9.904
9.707
9.45
9.138
8.773
8.359
7.898
7.393
6.847
6.261
5.637
4.978
4.283
3.554
2.792
1.998
1.172
0.314
-0.574
-1.494
-2.445
-3.427
-4.439
-5.483
-6.559
-7.666
-8.804
-9.974
-11.176
-12.408
-13.67
-14.961
-16.28
-17.626
-18.996
-20.389
-21.802
-23.233
-24.678
-26.136
-27.602
-29.072
-30.543
-32.011
-33.471
-34.919
-36.351
-37.761
-39.145
-40.5
-41.819
-43.098
-44.334
-45.521
-46.655
-47.732
-48.748
-49.699
-50.581
-51.391
-52.127
-52.784
-53.363
-53.86
-54.275
-54.608
-54.86
-55.031
-55.122
-55.136
-55.077
-54.946
-54.748
-54.487
-54.169
-53.798
-53.38
-52.922
-52.43
-51.911
-51.373
-50.821
-50.265
-49.712
-49.168
-48.642
-48.141
-47.674
-47.247
-46.869
-46.546
-46.287
-46.096
-45.981
-45.947
-45.999
-46.139
-46.372
-46.699
-47.122
-47.641
-48.255
-48.962
-49.762
-50.651
-51.626
-52.681
-53.811
-55.01
-56.271
-57.586
-58.946
-60.342
-61.763
-63.199
-64.64
-66.074
-67.489
-68.874
-70.215
-71.501
-72.719
-73.856
-74.9
-75.837
-76.656
-77.346
-77.898
-78.302
-78.551
-78.638
-78.558
-78.306
-77.881
-77.28
-76.503
-75.551
-74.426
-73.131
-71.671
-70.054
-68.288
-66.385
-64.359
-62.228
-60.009
-57.721
-55.386
-53.024
-50.658
-48.309
-45.994
-43.734
-41.548
-39.459
-37.491
-35.664
-33.999
-32.516
-31.231
-30.161
-29.322
-28.723
-28.364
-28.248
-28.383
-28.784
-29.478
-30.488
-31.826
-33.501
-35.517
-37.872
-40.559
-43.551
-46.793
-50.227
-53.796
-57.448
-61.15
-64.854
-68.494
-71.987
-75.233
-78.141
-80.653
-82.724
-84.307
-85.389
-85.978
-86.116
-85.937
-85.597
-85.249
-85.072
-85.227
-85.858
-87.179
-89.476
-92.959
-97.756
-103.794
-110.709
-118.086
-125.519
-132.432
-138.127
-142.004
-143.608
-143.047
-141.306
-139.617
-139.241
-141.562
-147.717
-158.378
-173.846
-193.2
-213.596
-231.331
-242.218
-241.4
-224.327
-187.044
-125.515
-38.736
69.013
192.035
323.544
459.019
601.491
752.228
904.067
1041.73
1137.847
1164.984
1112.807
985.095
800.839
589.25
370.542
160.854
-25.068
-178.3
-285.827
-338.612
-339.751
-300.958
-244.746
-195.527
-168.541
-167.332
-182.74
-199.365
-205.721
-197.496
-178.305
-156.822
-138.722
-125.973
-117.812
-110.756
-103.555
-97.194
-92.474
-90.379
-90.826
-92.232
-93.341
-93.695
-92.834
-90.51
-86.76
-81.545
-75.291
-69.068
-63.718
-59.682
-57.235
-56.323
-56.735
-58.322
-60.764
-63.575
-66.41
-69.05
-71.339
-73.237
-74.728
-75.786
-76.436
-76.719
-76.622
-76.091
-75.052
-73.452
-71.295
-68.621
-65.458
-61.817
-57.714
-53.188
-48.312
-43.177
-37.835
-32.297
-26.568
-20.657
-14.593
-8.42
-2.172
4.151
10.56
17.072
23.692
30.412
37.234
44.181
51.278
58.551
65.992
73.556
81.211
88.938
96.729
104.594
112.527
120.509
128.527
136.578
144.66
152.781
160.932
169.081
177.221
185.359
193.533
201.819
210.255
218.835
227.534
236.302
245.075
253.791
262.35
270.62
278.484
285.834
292.585
298.687
304.056
308.585
312.144
314.568
315.741
315.607
314.129
311.301
307.155
301.741
295.168
287.604
279.19
270.043
260.259
249.898
239.053
227.843
216.395
204.862
193.367
181.999
170.84
159.965
149.413
139.203
129.307
119.647
110.175
100.873
91.735
82.785
74.033
65.47
57.098
48.915
40.921
33.126
25.531
18.132
10.943
3.988
-2.692
-9.033
-14.99
-20.54
-25.665
-30.362
-34.631
-38.471
-41.893
-44.918
-47.563
-49.846
-51.783
-53.382
-54.662
-55.646
-56.361
-56.838
-57.106
-57.19
-57.115
-56.908
-56.588
-56.178
-55.695
-55.152
-54.563
-53.945
-53.313
-52.685
-52.076
-51.501
-50.973
-50.507
-50.114
-49.804
-49.586
-49.465
-49.446
-49.532
-49.726
-50.029
-50.44
-50.958
-51.581
-52.305
-53.127
-54.041
-55.042
-56.124
-57.278
-58.498
-59.777
-61.106
-62.477
-63.882
-65.315
-66.767
-68.232
-69.701
-71.167
-72.623
-74.059
-75.469
-76.844
-78.176
-79.459
-80.684
-81.846
-82.94
-83.959
-84.901
-85.76
-86.535
-87.223
-87.822
-88.332
-88.751
-89.08
-89.321
-89.475
-89.545
-89.533
-89.442
-89.276
-89.04
-88.735
-88.368
-87.941
-87.458
-86.925
-86.345
-85.724
-85.066
-84.376
-83.661
-82.925
-82.174
-81.415
-80.653
-79.893
-79.14
-78.401
-77.68
-76.982
-76.311
-75.671
-75.065
-74.497
-73.967
-73.478
-73.03
-72.623
-72.257
-71.932
-71.645
-71.394
-71.179
-70.997
-70.846
-70.723
-70.626
-70.552
-70.498
-70.461
-70.438
-70.425
-70.419
-70.417
-70.414
-70.407
-70.392
-70.365
-70.322
-70.26
-70.175
-70.063
-69.923
-69.751
-69.545
-69.303
-69.026
-68.712
-68.361
-67.976
-67.557
-67.107
-66.629
-66.125
-65.598
-65.054
-64.495
-63.926
-63.352
-62.777
-62.206
-61.643
-61.094
-60.564
-60.058
-59.581
-59.137
-58.733
-58.372
-58.06
-57.801
-57.599
-57.457
-57.38
-57.369
-57.428
-57.558
-57.759
-58.034
-58.38
-58.798
-59.285
-59.839
-60.455
-61.13
-61.859
-62.635
-63.451
-64.301
-65.175
-66.066
-66.966
-67.863
-68.75
-69.615
-70.448
-71.239
-71.976
-72.649
-73.247
-73.758
-74.173
-74.482
-74.678
-74.75
-74.692
-74.496
-74.157
-73.668
-73.025
-72.225
-71.265
-70.143
-68.86
-67.419
-65.823
-64.078
-62.192
-60.176
-58.041
-55.8
-53.469
-51.068
-48.616
-46.137
-43.651
-41.18
-38.743
-36.362
-34.057
-31.849
-29.753
-27.784
-25.958
-24.288
-22.794
-21.491
-20.386
-19.476
-18.757
-18.225
-17.881
-17.74
-17.812
-18.103
-18.62
-19.375
-20.379
-21.644
-23.164
-24.9
-26.798
-28.81
-30.899
-33.061
-35.303
-37.605
-39.92
-42.171
-44.268
-46.14
-47.744
-49.002
-49.804
-50.152
-50.146
-50.048
-50.273
-51.169
-52.93
-55.663
-59.414
-63.974
-69.011
-74.039
-78.247
-80.873
-81.353
-79.372
-74.94
-68.555
-60.892
-52.645
-44.911
-39.047
-36.473
-38.322
-45.493
-58.308
-76.606
-100.651
-128.492
-155.54
-177.998
-191.882
-197.699
-201.502
-202.968
-196.635
-170.025
-104.178
6.59
156.545
332.597
515.198
695.248
868.751
1026.847
1157.36
1237.405
1243.393
1166.539
1009.943
794.677
554.538
319.296
118.317
-29.796
-125.277
-174.919
-195.814
-207.379
-216.217
-223.439
-224.963
-213.702
-190.678
-161.505
-131.957
-107.744
-90.92
-80.492
-75.395
-74.785
-77.613
-82.443
-87.753
-92.239
-94.827
-95.366
-94.02
-90.463
-84.793
-77.597
-69.479
-61.349
-54.222
-48.465
-44.214
-41.755
-41.046
-41.91
-44.163
-47.281
-50.634
-53.844
-56.617
-58.748
-60.21
-60.958
-60.944
-60.232
-58.904
-57.029
-54.686
-51.908
-48.707
-45.126
-41.221
-37.066
-32.757
-28.376
-24
-19.679
-15.438
-11.29
-7.235
-3.257
0.664
4.56
8.474
12.435
16.467
20.593
24.829
29.201
33.742
38.487
43.468
48.711
54.223
60.009
66.07
72.401
78.983
85.783
92.746
99.825
106.984
114.208
121.491
128.825
136.195
143.586
150.982
158.389
165.817
173.264
180.718
188.168
195.62
203.114
210.719
218.488
226.433
234.529
242.721
250.959
259.177
267.296
275.205
282.755
289.808
296.258
302.025
307.03
311.174
314.317
316.287
316.953
316.237
314.103
310.549
305.576
299.218
291.552
282.71
272.875
262.204
250.816
238.808
226.272
213.328
200.129
186.846
173.614
160.537
147.698
135.17
123.026
111.312
100.031
89.14
78.567
68.268
58.231
48.463
38.973
29.757
20.799
12.082
3.613
-4.598
-12.541
-20.214
-27.617
-34.74
-41.553
-48.005
-54.043
-59.631
-64.75
-69.395
-73.564
-77.257
-80.477
-83.24
-85.571
-87.496
-89.036
-90.209
-91.034
-91.533
-91.737
-91.679
-91.394
-90.913
-90.264
-89.475
-88.573
-87.584
-86.53
-85.428
-84.295
-83.146
-81.999
-80.872
-79.78
-78.739
-77.763
-76.865
-76.056
-75.348
-74.749
-74.264
-73.897
-73.651
-73.528
-73.528
-73.648
-73.887
-74.239
-74.702
-75.268
-75.932
-76.686
-77.522
-78.431
-79.403
-80.432
-81.505
-82.616
-83.753
-84.91
-86.077
-87.246
-88.411
-89.563
-90.695
-91.802
-92.875
-93.91
-94.9
-95.841
-96.728
-97.556
-98.323
-99.026
-99.665
-100.236
-100.741
-101.179
-101.551
-101.858
-102.103
-102.287
-102.413
-102.484
-102.503
-102.475
-102.403
-102.291
-102.142
-101.962
-101.753
-101.519
-101.264
-100.989
-100.7
-100.396
-100.082
-99.759
-99.428
-99.09
-98.749
-98.403
-98.054
-97.702
-97.347
-96.989
-96.628
-96.263
-95.892
-95.515
-95.131
-94.737
-94.332
-93.915
-93.483
-93.036
-92.57
-92.084
-91.577
-91.045
-90.489
-89.905
-89.294
-88.653
-87.984
-87.285
-86.556
-85.799
-85.014
-84.204
-83.368
-82.51
-81.633
-80.737
-79.828
-78.908
-77.981
-77.052
-76.124
-75.204
-74.295
-73.403
-72.533
-71.689
-70.877
-70.102
-69.368
-68.681
-68.044
-67.462
-66.939
-66.48
-66.087
-65.765
-65.516
-65.342
-65.244
-65.225
-65.283
-65.42
-65.634
-65.924
-66.287
-66.721
-67.224
-67.791
-68.418
-69.099
-69.828
-70.598
-71.402
-72.232
-73.078
-73.933
-74.787
-75.631
-76.457
-77.255
-78.017
-78.735
-79.4
-80.004
-80.538
-80.996
-81.369
-81.652
-81.84
-81.928
-81.912
-81.791
-81.565
-81.237
-80.811
-80.293
-79.686
-78.995
-78.23
-77.399
-76.515
-75.584
-74.616
-73.618
-72.602
-71.585
-70.581
-69.602
-68.657
-67.751
-66.893
-66.095
-65.369
-64.718
-64.144
-63.646
-63.229
-62.918
-62.732
-62.684
-62.783
-63.025
-63.405
-63.922
-64.568
-65.313
-66.125
-66.962
-67.781
-68.555
-69.258
-69.867
-70.366
-70.715
-70.859
-70.738
-70.288
-69.477
-68.324
-66.89
-65.217
-63.316
-61.282
-59.358
-57.953
-57.5
-58.223
-60.026
-62.801
-66.752
-71.943
-78.075
-84.266
-89.128
-91.703
-91.916
-89.984
-85.71
-79.013
-70.28
-61.035
-54.162
-52.098
-55.937
-65.875
-81.886
-103.671
-130.26
-158.776
-183.953
-200.266
-203.13
-188.817
-154.303
-96.827
-14.087
91.613
212.603
340.795
467.581
590.782
716.18
842.147
961.745
1058.264
1101.288
1073.759
971.563
802.95
598.975
387.187
189.184
26.034
-97.726
-180.93
-223.245
-234.849
-222.883
-196.005
-167.557
-143.828
-130.758
-129.356
-131.277
-130.557
-121.72
-103.664
-82.863
-63.727
-48.78
-38.226
-29.135
-20.552
-12.915
-6.774
-2.87
-0.698
0.492
1.017
1.423
2.114
3.282
5.117
7.263
8.894
9.573
9.123
7.41
4.579
0.819
-3.711
-8.603
-13.316
-17.521
-21.033
-23.747
-25.709
-26.944
-27.42
-27.143
-26.183
-24.609
-22.516
-20.031
-17.234
-14.212
-11.078
-7.916
-4.79
-1.746
1.217
4.131
7.017
9.9
12.791
15.675
18.551
21.442
24.374
27.397
30.559
33.892
37.439
41.247
45.349
49.769
54.517
59.578
64.944
70.611
76.574
82.835
89.393
96.236
103.355
110.735
118.359
126.208
134.26
142.483
150.847
159.321
167.875
176.481
185.108
193.719
202.28
210.752
219.098
227.278
235.252
242.977
250.411
257.513
264.244
270.565
276.44
281.833
286.71
291.041
294.798
297.956
300.491
302.383
303.615
304.174
304.048
303.231
301.719
299.511
296.612
293.03
288.775
283.863
278.313
272.145
265.386
258.061
250.203
241.844
233.017
223.761
214.114
204.118
193.814
183.246
172.457
161.491
150.393
139.206
127.973
116.736
105.536
94.413
83.405
72.549
61.88
51.43
41.23
31.309
21.692
12.403
3.461
-5.115
-13.311
-21.116
-28.52
-35.518
-42.105
-48.282
-54.049
-59.411
-64.372
-68.942
-73.131
-76.95
-80.414
-83.537
-86.336
-88.828
-91.033
-92.968
-94.653
-96.109
-97.355
-98.411
-99.297
-100.032
-100.637
-101.129
-101.526
-101.847
-102.107
-102.321
-102.505
-102.67
-102.828
-102.988
-103.161
-103.353
-103.57
-103.818
-104.1
-104.42
-104.779
-105.178
-105.617
-106.095
-106.611
-107.161
-107.742
-108.35
-108.982
-109.631
-110.294
-110.964
-111.637
-112.306
-112.966
-113.611
-114.235
-114.832
-115.397
-115.922
-116.404
-116.837
-117.217
-117.539
-117.801
-118
-118.133
-118.199
-118.197
-118.126
-117.985
-117.775
-117.494
-117.145
-116.727
-116.241
-115.69
-115.075
-114.398
-113.662
-112.869
-112.023
-111.126
-110.181
-109.193
-108.163
-107.097
-105.998
-104.872
-103.721
-102.553
-101.371
-100.181
-98.987
-97.793
-96.605
-95.425
-94.257
-93.103
-91.967
-90.851
-89.757
-88.688
-87.646
-86.633
-85.649
-84.698
-83.779
-82.893
-82.04
-81.22
-80.433
-79.676
-78.949
-78.251
-77.579
-76.931
-76.305
-75.696
-75.1
-74.515
-73.932
-73.348
-72.756
-72.15
-71.524
-70.874
-70.194
-69.48
-68.726
-67.932
-67.093
-66.208
-65.275
-64.291
-63.257
-62.171
-61.035
-59.85
-58.618
-57.343
-56.033
-54.696
-53.339
-51.973
-50.61
-49.259
-47.934
-46.646
-45.404
-44.219
-43.102
-42.064
-41.122
-40.292
-39.585
-39.016
-38.594
-38.331
-38.238
-38.321
-38.579
-39.012
-39.62
-40.413
-41.411
-42.631
-44.083
-45.772
-47.698
-49.858
-52.247
-54.846
-57.617
-60.517
-63.502
-66.533
-69.59
-72.641
-75.635
-78.506
-81.171
-83.552
-85.596
-87.267
-88.528
-89.361
-89.772
-89.799
-89.519
-89.037
-88.452
-87.875
-87.431
-87.257
-87.497
-88.354
-90.094
-92.892
-96.78
-101.602
-106.94
-112.324
-117.341
-121.431
-123.896
-124.262
-122.374
-118.682
-114.459
-111.098
-109.775
-111.683
-117.828
-128.692
-144.174
-162.822
-181.398
-196.039
-202.787
-197.358
-175.747
-134.575
-70.749
15.583
119.726
236.084
357.783
480.243
605.511
732.886
856.672
966.211
1038.259
1050.614
992.596
860.792
671.296
453.842
235.311
46.918
-90.399
-175.846
-212.859
-218.112
-211.011
-196.988
-183.137
-169.807
-153.933
-141.575
-132.178
-125.275
-122.14
-118.55
-115.851
-115.547
-116.173
-117.858
-117.943
-114.215
-107.133
-97.171
-85.514
-73.469
-61.618
-50.635
-41.298
-33.953
-28.64
-25.196
-23.289
-22.635
-23.031
-24.243
-25.997
-28.046
-30.171
-32.165
-33.851
-35.083
-35.753
-35.794
-35.177
-33.899
-31.979
-29.466
-26.43
-22.94
-19.059
-14.846
-10.355
-5.659
-0.84
4.016
8.821
13.515
18.065
22.447
26.657
30.7
34.594
38.374
42.083
45.759
49.434
53.135
56.886
60.714
64.647
68.716
72.951
77.384
82.033
86.909
92.017
97.355
102.911
108.666
114.59
120.644
126.793
133.008
139.262
145.536
151.81
158.066
164.287
170.444
176.527
182.541
188.501
194.434
200.377
206.363
212.442
218.679
225.118
231.788
238.713
245.886
253.286
260.878
268.62
276.477
284.393
292.277
300.001
307.401
314.297
320.527
325.91
330.247
333.366
335.102
335.315
333.923
330.873
326.139
319.703
311.541
301.639
290.043
276.87
262.305
246.555
229.809
212.283
194.222
175.879
157.527
139.399
121.661
104.447
87.876
72.075
57.195
43.39
30.755
19.314
9.026
-0.163
-8.295
-15.441
-21.708
-27.246
-32.237
-36.817
-41.062
-45.02
-48.741
-52.291
-55.766
-59.269
-62.858
-66.55
-70.342
-74.221
-78.19
-82.227
-86.277
-90.247
-94.024
-97.533
-100.744
-103.645
-106.223
-108.459
-110.319
-111.775
-112.828
-113.487
-113.759
-113.654
-113.174
-112.339
-111.189
-109.783
-108.187
-106.448
-104.596
-102.654
-100.642
-98.584
-96.5
-94.404
-92.298
-90.19
-88.089
-86.009
-83.966
-81.966
-80.01
-78.095
-76.218
-74.377
-72.574
-70.809
-69.085
-67.402
-65.765
-64.18
-62.656
-61.198
-59.81
-58.493
-57.247
-56.076
-54.978
-53.956
-53.008
-52.134
-51.334
-50.611
-49.964
-49.394
-48.902
-48.485
-48.145
-47.88
-47.689
-47.569
-47.521
-47.541
-47.63
-47.786
-48.008
-48.295
-48.645
-49.057
-49.528
-50.056
-50.637
-51.269
-51.947
-52.668
-53.428
-54.222
-55.046
-55.897
-56.769
-57.657
-58.558
-59.465
-60.374
-61.279
-62.175
-63.056
-63.918
-64.754
-65.562
-66.336
-67.072
-67.769
-68.421
-69.026
-69.582
-70.086
-70.537
-70.931
-71.269
-71.547
-71.767
-71.928
-72.03
-72.074
-72.061
-71.992
-71.871
-71.699
-71.48
-71.216
-70.913
-70.572
-70.2
-69.8
-69.377
-68.935
-68.479
-68.012
-67.54
-67.065
-66.592
-66.122
-65.659
-65.203
-64.757
-64.32
-63.893
-63.475
-63.064
-62.66
-62.262
-61.867
-61.474
-61.08
-60.682
-60.277
-59.863
-59.433
-58.985
-58.513
-58.012
-57.479
-56.909
-56.297
-55.64
-54.937
-54.188
-53.393
-52.551
-51.664
-50.733
-49.761
-48.756
-47.723
-46.665
-45.587
-44.492
-43.387
-42.282
-41.183
-40.092
-39.009
-37.936
-36.875
-35.836
-34.825
-33.842
-32.881
-31.939
-31.018
-30.133
-29.305
-28.544
-27.854
-27.245
-26.721
-26.298
-25.986
-25.768
-25.619
-25.501
-25.368
-25.201
-24.989
-24.722
-24.402
-23.987
-23.405
-22.604
-21.528
-20.138
-18.469
-16.506
-14.188
-11.616
-8.977
-6.611
-5.089
-4.723
-5.508
-7.468
-10.631
-14.899
-20.159
-25.705
-30.095
-32.405
-32.343
-29.856
-25.273
-18.893
-10.898
-2.549
3.541
5.167
0.789
-10.495
-28.5
-52.867
-83.16
-117.299
-151.098
-179.872
-198.872
-203.483
-190.105
-155.45
-96.144
-12.015
92.313
210.854
336.261
463.981
596.951
735.916
875.797
1003.93
1093.061
1117.178
1063.535
932.009
746.084
538.549
334.206
155.074
7.63
-111.021
-197.059
-251.245
-271.261
-253.844
-209.893
-152.994
-100.615
-70.011
-63.609
-75.523
-93.428
-104.419
-105.106
-98.297
-90.183
-85.611
-84.463
-84.115
-81.643
-76.025
-68.155
-59.346
-50.784
-43.096
-36.617
-31.774
-28.758
-27.464
-27.67
-29.047
-31.336
-34.363
-37.91
-41.726
-45.569
-49.223
-52.512
-55.327
-57.584
-59.217
-60.199
-60.518
-60.186
-59.252
-57.776
-55.821
-53.451
-50.719
-47.679
-44.397
-40.95
-37.414
-33.869
-30.363
-26.924
-23.57
-20.301
-17.113
-13.994
-10.912
-7.831
-4.72
-1.555
1.685
5.015
8.459
12.04
15.78
19.7
23.815
28.136
32.672
37.429
42.409
47.609
53.023
58.641
64.453
70.449
76.619
82.951
89.429
96.036
102.753
109.561
116.435
123.35
130.278
137.189
144.053
150.837
157.509
164.035
170.383
176.517
182.405
188.014
193.309
198.26
202.835
207.003
210.738
214.011
216.8
219.08
220.832
222.038
222.684
222.758
222.25
221.155
219.47
217.195
214.332
210.89
206.876
202.303
197.187
191.546
185.401
178.776
171.696
164.19
156.287
148.019
139.42
130.523
121.363
111.977
102.4
92.668
82.819
72.888
62.911
52.924
42.96
33.053
23.235
13.537
3.989
-5.382
-14.549
-23.49
-32.182
-40.605
-48.742
-56.576
-64.095
-71.286
-78.141
-84.652
-90.813
-96.621
-102.075
-107.174
-111.921
-116.32
-120.374
-124.091
-127.478
-130.544
-133.297
-135.748
-137.907
-139.786
-141.396
-142.75
-143.861
-144.74
-145.401
-145.858
-146.122
-146.206
-146.123
-145.885
-145.503
-144.987
-144.349
-143.599
-142.745
-141.799
-140.767
-139.66
-138.484
-137.247
-135.956
-134.617
-133.236
-131.818
-130.369
-128.894
-127.397
-125.883
-124.355
-122.82
-121.28
-119.741
-118.205
-116.677
-115.16
-113.657
-112.172
-110.708
-109.269
-107.857
-106.476
-105.129
-103.82
-102.553
-101.331
-100.156
-99.033
-97.963
-96.95
-95.997
-95.104
-94.276
-93.514
-92.82
-92.196
-91.642
-91.161
-90.753
-90.419
-90.157
-89.969
-89.852
-89.806
-89.829
-89.92
-90.076
-90.295
-90.576
-90.916
-91.312
-91.761
-92.259
-92.802
-93.388
-94.01
-94.666
-95.35
-96.058
-96.786
-97.528
-98.279
-99.037
-99.795
-100.548
-101.293
-102.024
-102.738
-103.43
-104.096
-104.732
-105.335
-105.903
-106.432
-106.921
-107.367
-107.768
-108.123
-108.429
-108.686
-108.892
-109.047
-109.149
-109.198
-109.195
-109.139
-109.032
-108.874
-108.668
-108.414
-108.115
-107.773
-107.391
-106.972
-106.519
-106.036
-105.528
-104.997
-104.45
-103.889
-103.321
-102.751
-102.182
-101.62
-101.069
-100.534
-100.02
-99.533
-99.076
-98.655
-98.275
-97.941
-97.658
-97.432
-97.266
-97.167
-97.137
-97.181
-97.302
-97.504
-97.789
-98.16
-98.619
-99.165
-99.801
-100.526
-101.338
-102.237
-103.221
-104.284
-105.425
-106.639
-107.919
-109.26
-110.656
-112.099
-113.583
-115.098
-116.638
-118.193
-119.752
-121.307
-122.845
-124.356
-125.827
-127.248
-128.605
-129.886
-131.08
-132.174
-133.159
-134.021
-134.75
-135.337
-135.769
-136.04
-136.14
-136.063
-135.803
-135.357
-134.721
-133.895
-132.881
-131.683
-130.308
-128.76
-127.049
-125.184
-123.18
-121.053
-118.819
-116.491
-114.083
-111.611
-109.093
-106.548
-103.996
-101.453
-98.935
-96.457
-94.041
-91.708
-89.482
-87.373
-85.386
-83.524
-81.796
-80.226
-78.84
-77.659
-76.696
-75.961
-75.462
-75.209
-75.205
-75.425
-75.836
-76.385
-77.018
-77.709
-78.45
-79.243
-80.083
-80.917
-81.655
-82.208
-82.512
-82.535
-82.307
-81.823
-81.041
-80.044
-79.038
-78.396
-78.539
-79.672
-81.701
-84.467
-87.989
-92.327
-97.457
-102.928
-107.941
-111.928
-114.79
-116.819
-118.095
-118.345
-117.183
-114.776
-112.085
-110.417
-110.821
-113.499
-118.91
-128.041
-141.627
-160.076
-181.124
-199.361
-211.602
-216.226
-212.926
-204.691
-186.111
-146.594
-79.573
22.387
154.857
304.962
467.932
636.278
802.306
957.34
1077.247
1138.601
1129.011
1046.804
910.284
744.404
570.254
406.04
259.74
135.666
35.743
-43.536
-103.612
-147.581
-177.317
-190.003
-185.953
-167.21
-138.011
-106.438
-78.613
-57.129
-42.787
-34.792
-32.235
-34.757
-41.145
-48.908
-55.27
-58.71
-58.914
-56.205
-51.101
-43.686
-34.246
-23.91
-14.215
-6.18
-0.205
3.738
5.871
6.151
4.548
1.399
-2.706
-7.22
-11.755
-16.091
-20.118
-23.674
-26.594
-28.8
-30.294
-31.117
-31.315
-30.921
-29.956
-28.451
-26.458
-24.037
-21.254
-18.186
-14.912
-11.513
-8.068
-4.629
-1.227
2.117
5.395
8.616
11.793
14.955
18.138
21.364
24.652
28.025
31.503
35.113
38.879
42.821
46.955
51.296
55.853
60.635
65.645
70.88
76.332
81.995
87.861
93.924
100.181
106.61
113.19
119.905
126.734
133.653
140.642
147.666
154.688
161.69
168.651
175.548
182.364
189.058
195.591
201.924
208.018
213.853
219.414
224.666
229.578
234.135
238.317
242.119
245.547
248.548
251.075
253.093
254.556
255.459
255.798
255.556
254.726
253.292
251.233
248.56
245.283
241.383
236.859
231.691
225.858
219.417
212.43
204.94
197.007
188.661
179.93
170.87
161.531
151.957
142.199
132.288
122.257
112.173
102.096
92.091
82.23
72.526
62.988
53.643
44.506
35.607
26.979
18.632
10.574
2.833
-4.568
-11.607
-18.256
-24.518
-30.393
-35.882
-40.994
-45.714
-50.028
-53.936
-57.436
-60.53
-63.225
-65.52
-67.418
-68.936
-70.093
-70.908
-71.402
-71.589
-71.484
-71.108
-70.477
-69.614
-68.542
-67.279
-65.846
-64.264
-62.554
-60.736
-58.832
-56.855
-54.822
-52.747
-50.642
-48.521
-46.397
-44.278
-42.175
-40.097
-38.053
-36.049
-34.093
-32.19
-30.346
-28.563
-26.844
-25.193
-23.608
-22.092
-20.644
-19.262
-17.945
-16.69
-15.496
-14.36
-13.277
-12.245
-11.26
-10.318
-9.414
-8.545
-7.707
-6.897
-6.109
-5.343
-4.594
-3.861
-3.142
-2.437
-1.742
-1.058
-0.382
0.287
0.951
1.615
2.283
2.959
3.647
4.349
5.069
5.811
6.576
7.365
8.174
9.004
9.855
10.73
11.633
12.565
13.523
14.511
15.53
16.584
17.676
18.803
19.958
21.142
22.36
23.623
24.949
26.346
27.81
29.335
30.917
32.544
34.202
35.863
37.476
39
40.398
41.643
42.721
43.603
44.254
44.64
44.729
44.5
43.965
43.144
42.044
40.706
39.175
37.481
35.712
33.969
32.347
30.962
29.925
29.287
29.083
29.463
30.553
32.321
34.573
36.898
38.862
40.273
41.191
41.371
40.241
37.806
34.722
31.798
30.265
29.618
26.317
19.778
12.152
6.614
11.409
27.349
43.301
47.539
23.953
-35.833
-117.85
